0 0 0
0 0 0
0 0 0
0 0 0
0 0 0
-0.000370691 -0.00211018 0
-0.0031474 -4.70079e-05 0
-0.028311 0.0343894 0
0.108743 0.647727 0
0.00718668 0.0126724 0
0.00289434 -0.00148181 0
-0.000772632 -0.000710821 0
-0.000703961 -0.00133508 0
-0.00377128 0.00110771 0
0.0178937 0.0186825 0
-0.92752 -1.01067 0
0.00155568 0.00882988 0
0 0 0
0 0 0
0 0 0
0 0 0
0 0 0
0 0 0
0 0 0
0 0 0
0 0 0
0 0 0
0 0 0
0 0 0
0 0 0
0 0 0
0 0 0
0 0 0
0 0 0
0 0 0
0 0 0
0 0 0
0 0 0
0 0 0
0 0 0
0 0 0
0 0 0
0 0 0
0 0 0
0 0 0
0 0 0
0 0 0
0 0 0
0 0 0
0 0 0
0 0 0
0 0 0
0 0 0
0 0 0
0 0 0
0 0 0
0 0 0
0 0 0
0 0 0
0 0 0
0 0 0
0 0 0
0 0 0
0 0 0
0 0 0
0 0 0
0 0 0
0 0 0
0 0 0
0 0 0
0 0 0
0 0 0
0 0 0
0 0 0
0 0 0
0 0 0
0 0 0
0 0 0
0 0 0
0 0 0
0 0 0
0 0 0
0 0 0
0 0 0
0 0 0
0 0 0
0 0 0
0 0 0
0 0 0
0 0 0
0 0 0
0 0 0
0 0 0
0 0 0
0 0 0
0 0 0
0 0 0
0 0 0
0 0 0
0 0 0
0 0 0
0 0 0
0 0 0
0 0 0
0 0 0
0 0 0
0 0 0
0 0 0
0 0 0
0 0 0
0 0 0
0 0 0
0 0 0
0 0 0
0 0 0
0 0 0
0 0 0
0 0 0
0 0 0
0 0 0
0 0 0
0 0 0
0 0 0
0 0 0
0 0 0
0 0 0
0 0 0
0 0 0
0 0 0
0 0 0
0 0 0
0 0 0
0 0 0
0 0 0
0 0 0
0 0 0
0 0 0
0 0 0
0 0 0
0 0 0
0 0 0
0 0 0
0 0 0
0 0 0
0 0 0
0 0 0
0 0 0
0 0 0
0 0 0
0 0 0
0 0 0
0 0 0
0 0 0
0 0 0
0 0 0
0 0 0
0 0 0
0 0 0
0 0 0
0 0 0
0 0 0
0 0 0
0 0 0
0 0 0
0 0 0
0 0 0
0 0 0
0 0 0
0 0 0
0 0 0
0 0 0
0 0 0
0 0 0
0 0 0
0 0 0
0 0 0
0 0 0
0 0 0
0 0 0
0 0 0
0 0 0
0 0 0
0 0 0
0 0 0
0 0 0
0 0 0
0 0 0
0 0 0
0 0 0
0 0 0
0 0 0
0 0 0
0 0 0
0 0 0
0 0 0
0 0 0
0 0 0
0 0 0
0 0 0
0 0 0
0 0 0
0 0 0
0 0 0
0 0 0
0 0 0
0 0 0
0 0 0
0 0 0
0 0 0
0 0 0
0 0 0
0 0 0
0 0 0
0 0 0
0 0 0
0 0 0
0 0 0
0 0 0
0 0 0
0 0 0
0 0 0
0 0 0
0 0 0
0 0 0
0 0 0
0 0 0
0 0 0
0 0 0
0 0 0
0 0 0
0 0 0
0 0 0
0 0 0
0 0 0
0 0 0
0 0 0
0 0 0
0 0 0
0 0 0
0 0 0
0 0 0
0 0 0
0 0 0
0 0 0
0 0 0
0 0 0
0 0 0
0 0 0
0 0 0
0 0 0
0 0 0
0 0 0
0 0 0
0 0 0
0 0 0
0 0 0
0 0 0
0 0 0
0 0 0
0 0 0
0 0 0
0 0 0
0 0 0
0 0 0
0 0 0
0 0 0
0 0 0
0 0 0
0 0 0
0 0 0
0 0 0
0 0 0
0 0 0
0 0 0
0 0 0
0 0 0
0 0 0
0 0 0
0 0 0
0 0 0
0 0 0
0 0 0
0 0 0
0 0 0
0 0 0
0 0 0
0 0 0
0 0 0
0 0 0
0 0 0
0 0 0
0 0 0
0 0 0
0 0 0
0 0 0
0 0 0
0 0 0
0 0 0
0 0 0
0 0 0
0 0 0
0 0 0
0 0 0
0 0 0
0 0 0
0.00262936 -0.00164975 0
0.00237726 -0.00176608 0
0.00177535 -0.001878 0
0.00136209 -0.0020334 0
0.00099792 -0.00211115 0
0.000783033 -0.00213956 0
0.000377492 -0.00214045 0
0.000158943 -0.00222789 0
0.00269453 -0.00157159 0
0.00251995 -0.00171206 0
0.00209907 -0.00182142 0
0.00154435 -0.00196886 0
0.00118858 -0.00207654 0
0.000859098 -0.00212549 0
0.000619078 -0.00214575 0
0.00014576 -0.00218248 0
-3.36892e-05 -0.00217383 0
-0.000735923 -0.00204157 0
-0.000838286 -0.00193459 0
-0.00131106 -0.00181036 0
-0.00163051 -0.00160794 0
-0.00199334 -0.0014312 0
-0.0022193 -0.00116532 0
-0.0025632 -0.000841118 0
-0.00287696 -0.000486001 0
-0.00060921 -0.00207827 0
-0.000767902 -0.00198488 0
-0.00106215 -0.00187666 0
-0.00147186 -0.00173694 0
-0.00179895 -0.00149516 0
-0.00208562 -0.00130542 0
-0.00238456 -0.00100987 0
-0.00272356 -0.000676727 0
-0.0030242 -0.000276114 0
-0.0297494 0.0667469 0
-0.0252817 0.117098 0
-0.0156284 0.193408 0
-0.0348353 0.302603 0
-0.154019 0.463694 0
-0.29109 0.67951 0
-0.276013 0.915155 0
-0.181494 1.15739 0
-0.036397 1.41039 0
0.140984 1.5382 0
0.268547 1.37896 0
0.410535 0.935625 0
-0.0296799 0.0481846 0
-0.0289467 0.088815 0
-0.019262 0.150873 0
-0.0204358 0.242614 0
-0.0841499 0.374974 0
-0.233268 0.563599 0
-0.297265 0.793854 0
-0.231664 1.03138 0
-0.115144 1.28328 0
0.0572307 1.50288 0
0.211932 1.4952 0
0.343169 1.17497 0
0.312878 0.759262 0
-0.255729 0.50218 0
-0.347012 0.369949 0
-0.294052 0.265628 0
-0.212087 0.193282 0
-0.143973 0.143484 0
-0.0932037 0.10829 0
-0.0573642 0.0822922 0
-0.0323605 0.0626035 0
-0.0154942 0.0475069 0
-0.00474561 0.0356275 0
0.00191022 0.026206 0
0.0054727 0.0186419 0
-0.107035 0.56869 0
-0.330348 0.432236 0
-0.330258 0.313131 0
-0.251581 0.225709 0
-0.174814 0.165734 0
-0.115792 0.124116 0
-0.0730602 0.0940504 0
-0.043322 0.0716148 0
-0.0227373 0.0544183 0
-0.0092809 0.0410413 0
-0.000843209 0.0305583 0
0.00404789 0.0221071 0
0.00658377 0.0153976 0
-0.00327696 0.000478875 0
-0.00328705 0.000959054 0
-0.00327944 0.00127753 0
-0.00324132 0.00142527 0
-0.00328858 0.00137502 0
-0.00358912 0.00120408 0
-0.00432106 0.00103923 0
-0.00548848 0.00110043 0
-0.00717252 0.0016874 0
-0.00935023 0.00292196 0
-0.012119 0.00503513 0
-0.0161615 0.0088839 0
-0.0221952 0.0169893 0
-0.00323191 0.000209958 0
-0.00328482 0.00072951 0
-0.00326612 0.00113109 0
-0.00326221 0.00136691 0
-0.00323884 0.00141982 0
-0.00342068 0.00130741 0
-0.00390118 0.00112789 0
-0.0048264 0.00101926 0
-0.00627369 0.00131108 0
-0.00821619 0.00220616 0
-0.010626 0.00384266 0
-0.0139064 0.00664687 0
-0.0188686 0.0121789 0
-0.0252851 0.024256 0
0.00730432 0.00846873 0
0.0066829 0.00573247 0
0.00603329 0.00407609 0
0.00547297 0.00299433 0
0.00504401 0.00225255 0
0.00480229 0.00164191 0
0.00461418 0.00112714 0
0.00448527 0.00067214 0
0.00434471 0.000230904 0
0.00413771 -0.000221899 0
0.00388692 -0.000645258 0
0.00357363 -0.00101641 0
0.00317283 -0.00133761 0
0.00740548 0.0103435 0
0.00701165 0.00695516 0
0.00633757 0.00480422 0
0.00570356 0.00347103 0
0.00522784 0.00261984 0
0.00490442 0.00192748 0
0.00467671 0.00138339 0
0.00453854 0.000896794 0
0.0043744 0.000442835 0
0.00421175 7.90039e-06 0
0.00398525 -0.000429733 0
0.00373054 -0.00082695 0
0.0033573 -0.00119263 0
0.00305763 -0.00142499 0
0 0 0
0 0 0
0 0 0
0 0 0
0 0 0
0 0 0
0 0 0
0 0 0
0.000669877 -0.000663648 0
0.000714999 -0.00128416 0
0.00176111 -0.000821277 0
0.00101114 -0.000736673 0
0.000904718 -0.000847455 0
0.00137717 -0.000965416 0
0.00081613 -0.000901535 0
6.05702e-05 -0.00121659 0
0.000677733 -0.001284 0
2.4129e-05 -0.00109318 0
-0.000749136 -0.00140002 0
9.82179e-05 -0.00103753 0
6.61045e-06 -0.000701488 0
0.000717534 -0.000946218 0
0.00134597 -0.00097502 0
0.0015627 -0.000612544 0
0.000853465 -0.00075164 0
0.00122818 -0.000814694 0
0.0012531 -0.000830065 0
0.000746042 -0.000975078 0
0.000641687 -0.00120933 0
0.00129639 -0.00105778 0
-0.000110691 -0.00128562 0
0.000802809 -0.00104319 0
-8.08045e-05 -0.00115557 0
-1.06798e-05 -0.00108781 0
-0.000230816 -0.00105366 0
-0.000723451 -0.00122803 0
-0.000414319 -0.00087353 0
-0.000859686 -0.000872064 0
-0.00133075 -0.000819233 0
-0.000652724 -0.000687899 0
-0.00115428 -0.000342855 0
-0.00144594 -0.000272984 0
-0.0015954 -9.64647e-05 0
-0.00187302 6.10182e-05 0
-0.00262762 0.000539094 0
0.000365365 -0.001156 0
0.00015726 -0.00117381 0
-0.000585953 -0.00109242 0
-0.000213349 -0.00108654 0
-0.000479332 -0.00088099 0
-0.000963337 -0.000925203 0
-0.00100199 -0.000766179 0
-0.000802563 -0.000532399 0
-0.00128601 -0.000286962 0
-0.00147096 -0.000185665 0
-0.00171428 2.02787e-05 0
-0.00211328 0.000112064 0
-0.0032528 0.000959774 0
-0.0032304 0.000627868 0
-0.00267369 0.00110443 0
-0.00256846 0.00141178 0
-0.00270606 0.00183833 0
-0.00301532 0.00223476 0
-0.00309424 0.00264262 0
-0.00318883 0.00316038 0
-0.00298803 0.00366534 0
-0.00259033 0.00450951 0
-0.00134409 0.0057305 0
0.00076321 0.00743698 0
0.00460605 0.0101266 0
0.00987623 0.0139363 0
-0.00377901 0.000783272 0
-0.00291087 0.000737637 0
-0.00256835 0.00128146 0
-0.00259422 0.00158505 0
-0.00290989 0.00206045 0
-0.00303417 0.00242591 0
-0.00314151 0.00283952 0
-0.00310472 0.00339735 0
-0.00279697 0.00409004 0
-0.00195876 0.00488755 0
-0.00022903 0.00645132 0
0.0025473 0.00847916 0
0.00754561 0.0116793 0
0.0135776 0.0161092 0
0.0290172 0.0201166 0
0.0459255 0.0203179 0
0.0712701 0.0164841 0
0.107076 0.00492596 0
0.160645 -0.0180694 0
0.237423 -0.0641865 0
0.334588 -0.14891 0
0.524405 -0.262747 0
0.786739 -0.249162 0
1.12141 0.354535 0
-0.49546 -1.02033 0
-1.46646 -1.37375 0
0.0236504 0.0194787 0
0.036697 0.0199638 0
0.0571813 0.0187076 0
0.088008 0.0111395 0
0.132441 -0.00426919 0
0.195875 -0.0380329 0
0.285276 -0.0977844 0
0.422338 -0.211853 0
0.659213 -0.28895 0
1.02559 0.0203418 0
0.658483 -0.0381238 0
-1.28973 -1.53033 0
-1.36118 -1.18989 0
-0.323789 -0.627831 0
-0.164778 -0.321594 0
-0.129398 -0.164495 0
-0.0969435 -0.0880241 0
-0.0695948 -0.0426389 0
-0.0509687 -0.0188373 0
-0.0363923 -0.00419512 0
-0.0253558 0.00324771 0
-0.0181574 0.00694018 0
-0.0125473 0.00828638 0
-0.00861036 0.00795694 0
-0.00227067 0.00806923 0
-0.529447 -0.818398 0
-0.213663 -0.458093 0
-0.14532 -0.229374 0
-0.113808 -0.12005 0
-0.0826732 -0.0628279 0
-0.0604023 -0.0290235 0
-0.0428716 -0.0106238 0
-0.0303663 0.000164353 0
-0.0214807 0.00533667 0
-0.0151349 0.00788806 0
-0.0108834 0.00819701 0
-0.00545271 0.00801505 0
5.21672e-05 0.00822434 0
0.000614106 0.00735021 0
0.00111447 0.00570086 0
0.00196337 0.00446294 0
0.00269588 0.00352365 0
0.00325938 0.00273234 0
0.00339192 0.00204682 0
0.00352921 0.00164761 0
0.00354449 0.00118625 0
0.00339861 0.000638659 0
0.0037705 0.000470326 0
0.00430778 0.000179033 0
0.00387104 0.000297444 0
0.00160142 0.000243099 0
0.000972693 0.00826634 0
0.000805879 0.00650987 0
0.00152733 0.00493641 0
0.0023702 0.00393869 0
0.00301021 0.00313266 0
0.00334805 0.00237392 0
0.00344246 0.00179744 0
0.0035695 0.00143913 0
0.00348087 0.000810983 0
0.00370704 0.00063837 0
0.00424937 0.000309337 0
0.00425777 0.000141821 0
0.00285811 0.00032306 0
0.000261412 1.73809e-05 0
0.580564 0.106209 0
-0.00113076 -0.00356519 0
-0.00352677 -0.00281596 0
-0.00489948 7.77997e-05 0
0.000996638 -0.00468897 0
0.003461 -0.00325502 0
0.00472794 -0.00146436 0
-0.109003 -0.12317 0
-0.00885414 -0.00857432 0
-0.00701399 -0.00543455 0
0.0332452 0.00149327 0
0.00976687 -0.000209652 0
0.00628501 0.000869974 0
-0.00167024 -0.00552968 0
-0.00398049 0.00248276 0
-0.00172558 0.000975218 0
0.0254071 -0.536 0
0.0619243 -0.214633 0
0.00498308 -0.0323175 0
0.00546928 0.000510005 0
0.128073 -0.0436115 0
0.0205055 -0.0341522 0
0.00924752 -0.00821392 0
0.00497953 -0.000247487 0
-0.00444726 -0.00565943 0
-0.00661601 -0.00248751 0
0.00294852 -0.00543506 0
0.00885584 -0.00204839 0
0.00635961 -0.00341222 0
-0.000182535 -0.00764761 0
0.00483033 -0.00400547 0
0.00528523 -0.002268 0
-0.00711757 0.000468103 0
-0.00678327 -0.00258102 0
-0.450992 0.293314 0
0.0727712 0.149159 0
0.0088129 -0.000410939 0
0.000551478 -0.00430694 0
0.0210807 -0.33437 0
0.00537359 -0.00087136 0
0.0539135 -0.0623534 0
0.00309936 -0.00802739 0
-0.00821567 0.00254942 0
-0.0103249 0.00341536 0
0.00663354 0.000288693 0
-0.00528217 -0.00426165 0
0.000590653 -0.0193658 0
0.854546 0.560056 0
0.00564882 3.26759e-05 0
-0.469845 -0.0455617 0
-0.0198585 -0.0482857 0
-0.0141537 0.00321752 0
0.125529 -0.107356 0
0.00530258 -0.00606331 0
-0.00412056 -0.00825637 0
-0.0150212 0.00269939 0
0.00853095 -0.00799574 0
0.00919474 -0.000230775 0
-0.00715956 -0.00541476 0
0.00565305 -0.00150468 0
0.0237135 -0.0234604 0
0.00546257 -0.00824868 0
0.0101864 -0.00417735 0
0.00706727 1.10652e-06 0
0.00567829 -0.000353318 0
-0.00829211 -0.000671249 0
0.216223 0.333926 0
0.059144 0.0409339 0
-0.00819128 -0.00115369 0
0.00582211 -0.00318849 0
0.121775 -0.225843 0
0.0019079 -0.00305051 0
-0.0884357 -0.115937 0
-0.00836893 -0.00318337 0
0.448454 -0.332215 0
0.229193 0.0800782 0
0.00359758 -0.00146198 0
0.01186 -0.00135657 0
0.000322897 -0.0031021 0
-0.000228764 -0.0101643 0
-0.0111092 0.00251535 0
0.00619458 -0.00441255 0
0.979659 0.186814 0
0.252464 0.953172 0
0.0642694 -0.0348152 0
-0.00201892 -0.00245724 0
0.00485444 -0.000966943 0
-0.00797958 0.000407387 0
-0.00834437 0.00127306 0
-0.00279205 -0.00402361 0
0.005895 -0.00227852 0
0.0156604 -0.00272827 0
0.0058965 -0.0011114 0
0.0111823 -0.00194056 0
0.00752769 -0.000336703 0
-0.0221869 -0.0388094 0
-0.00369735 -0.000998474 0
0.307495 -0.111725 0
0.00492608 0.000318634 0
-0.0233771 -0.02041 0
0.00616795 -0.000849376 0
0.0414706 -0.0798421 0
-0.000160701 -0.00264572 0
0.0115433 -0.000828713 0
-0.0054391 -0.101752 0
0.0101756 -0.000583494 0
0.0546728 -0.0153342 0
0.00724616 0.000478543 0
-0.00705431 -0.00491602 0
0.00202884 -0.00384522 0
0.00169908 -0.0060016 0
-0.0102676 0.00170171 0
-0.157173 -0.307759 0
0.0215771 0.506962 0
0.156906 -0.296154 0
-0.000438731 -0.00446489 0
0.0340908 -0.0214155 0
-0.00534894 0.00147063 0
0.00391831 -0.00193557 0
0.019171 0.0260129 0
0.0158335 0.00922766 0
0.00441256 -0.00271717 0
-0.00661086 -0.00874201 0
-0.0028351 -0.00172755 0
-0.00569664 -0.00225006 0
0.375785 -0.422117 0
-0.178222 0.0450249 0
-0.00276779 -0.0121144 0
-0.0550088 -0.025696 0
-0.439997 -0.289065 0
0.0151408 0.0775376 0
-0.00449119 -0.00157107 0
-0.0101209 -0.00843006 0
0.0140363 -0.0163948 0
0.080029 -0.0360592 0
0.00478181 -0.000771543 0
0.0069092 -0.000484566 0
-0.0701184 -0.0143191 0
0.00965726 -0.000670055 0
0.00519041 -0.00849946 0
0.654028 0.389063 0
-0.0323832 0.232335 0
0.00292733 -0.0114009 0
-0.0127561 0.00291071 0
-0.596599 0.460845 0
-0.00554668 -0.00408127 0
-0.00264214 0.00243112 0
-0.0065934 -0.000449199 0
0.00540248 0.00122044 0
-0.00394619 0.00112059 0
-0.014041 0.00248001 0
0.00933733 -0.00520252 0
-0.00997072 0.00242693 0
0.00331749 -0.00343414 0
0.247012 -0.470159 0
0.0028427 -0.00237921 0
-0.00894133 -0.000112285 0
-0.0104272 0.00306958 0
0.002704 -0.00118204 0
0.0106679 -0.00105279 0
-0.00375639 -0.00496702 0
0.00105205 -0.00331005 0
-6.54026e-05 -0.00577918 0
-0.00543919 -0.00101789 0
0.0115946 0.00359467 0
-0.0271758 -0.0055785 0
-0.015297 -0.000695434 0
0.00787525 0.00237025 0
-0.000449904 -0.00272025 0
0.119162 0.0470545 0
-0.0026463 -0.000963154 0
-0.00911439 0.00144614 0
0.00397039 -0.000742206 0
0.0445514 -0.157607 0
0.00634469 -0.00163502 0
0.0102599 -0.000793141 0
-0.512304 0.979213 0
0.335588 0.218589 0
0.00307519 -0.000192117 0
-0.00780718 -0.00436205 0
-0.0600644 -0.186951 0
-0.00127188 -0.00271347 0
0.0049146 -0.00144365 0
0.0268008 -0.0129323 0
-0.00253131 -0.00127478 0
-0.00653207 0.000963683 0
0.00347796 -0.00418421 0
-0.00289752 -0.00632424 0
0.00895004 -0.00315208 0
0.00796178 -0.000737905 0
0.0123526 -0.00697847 0
0.00682042 0.000313182 0
0.00682944 -0.000795396 0
-0.00376444 -7.04854e-05 0
0.00548268 -0.00126404 0
0.0578148 -0.0749476 0
-0.00578863 -0.00102468 0
-0.0109721 0.00224117 0
-0.00683036 -0.00395833 0
0.00893479 -0.000769522 0
-0.00329817 -0.00650741 0
0.886387 0.940847 0
-0.00950991 0.00283532 0
0.0099082 -0.000814509 0
0.00592603 -0.00317108 0
0.00545437 -0.00233901 0
-0.0087437 0.131029 0
0.00654268 -0.00558921 0
0.00695481 -0.0113289 0
-0.00334565 0.00173441 0
-0.0028643 0.00134788 0
-0.00171371 -0.00417521 0
-0.0020207 -0.00321088 0
0.419987 0.676454 0
0.0042968 -0.0010998 0
0.00134854 -0.0215846 0
-0.00842543 0.00154417 0
0.0074477 -0.000510383 0
0.00024712 -0.00501531 0
0.0085063 -0.00113787 0
0.0156926 -0.0521786 0
-0.00396247 -0.00401828 0
-0.332233 0.223413 0
-0.00393415 2.80192e-05 0
0.00497579 0.000779718 0
0.00197365 -0.00489731 0
-0.0104737 -0.00122787 0
0.74702 -0.0419878 0
0.00571435 0.000756347 0
0.00622622 0.00181537 0
0.000570595 -0.00380403 0
-0.000381969 -0.0034463 0
0.00445592 -0.000284688 0
-0.00519991 0.00296829 0
0.365519 0.507248 0
0.000109394 -0.0133747 0
0.0077853 -0.0135204 0
0.0056314 0.000247312 0
0.00403625 -0.00201483 0
-0.0953716 -0.0468382 0
0.00514215 -0.00133206 0
0.376031 0.0594283 0
-0.273379 -0.176777 0
-0.00920699 0.0027042 0
0.215125 -0.0302581 0
0.00316859 -0.000677978 0
-0.00574113 -0.0114279 0
0.0777113 -0.119759 0
0.00884233 -0.00428332 0
-0.0408993 -0.00849817 0
0.00641445 0.000476088 0
0.0255942 -0.00761779 0
-0.00651781 -0.0574978 0
0.00120404 -0.0027082 0
-0.00430455 0.00351794 0
0.456848 -0.148487 0
-0.282846 -0.378011 0
0.00493262 -0.00300528 0
0.00327863 -0.0337296 0
-0.00200316 -0.00823781 0
0.0139515 -0.00741413 0
0.00276244 -0.00313283 0
-0.00575995 -0.00667484 0
1.08642 0.508379 0
-0.00276218 -0.00262955 0
-0.0260311 -0.00550986 0
0.0247437 0.0454928 0
0.00589297 0.000433294 0
0.0197608 -0.00851678 0
0.0108858 -0.00315311 0
0.00150245 -0.00115701 0
0.00811091 -0.000764246 0
0.00415479 -0.00486541 0
0.00565684 -0.0018912 0
0.16588 0.18022 0
-0.00503127 -0.00238094 0
0.211834 -0.537079 0
0.165493 -0.16571 0
-0.124991 0.3201 0
0.00475509 -0.00121527 0
0.00802732 -0.000772487 0
-0.00286771 0.000336485 0
-0.647299 0.110461 0
-0.00366852 -0.00182732 0
0.0722808 0.0824294 0
0.0085996 -0.000733556 0
-0.0540091 -0.0631428 0
-0.0014024 -0.00659379 0
0.406206 -0.0411426 0
-0.00793377 -0.00656259 0
0.00538743 -0.000921528 0
-0.00845948 0.000226208 0
-0.00575972 -0.328425 0
-0.00273207 -0.0052766 0
-0.00723814 0.001669 0
-0.00661485 0.00219472 0
0.0881145 -0.0016689 0
-0.00331493 -0.00497882 0
0.0100782 -0.0232452 0
-0.00531408 -0.00417946 0
0.00895409 -0.00719097 0
0.00475743 -0.0020536 0
0.0538695 0.0121887 0
0.00089766 -0.00722516 0
-0.00430759 -0.00150746 0
0.0140708 -0.0563827 0
0.0433595 -0.0428432 0
-0.0390591 -0.0891974 0
-0.0042583 -0.000565309 0
-0.00707223 -0.00367271 0
0.00530981 -0.000536158 0
0.235643 0.441505 0
0.00483892 -0.010848 0
0.00536855 -0.00011078 0
0.0041519 -0.00331271 0
0.00184645 -0.00885187 0
-0.00382909 0.000561911 0
0.00226105 0.00016604 0
0.763049 0.212956 0
0.00601786 -0.00381737 0
0.00825727 -8.75192e-05 0
0.00649955 -0.00687555 0
0.0719528 0.241668 0
0.00803595 -0.00152816 0
0.147199 -0.207783 0
0.134511 0.0999506 0
0.00661476 -0.00118847 0
0.00636187 -0.000869329 0
0.00400277 -0.00249972 0
-0.0133495 0.00224529 0
0.00448506 -0.0025241 0
0.00489624 -0.000971227 0
-0.242026 -0.215594 0
-0.0057892 -0.00502695 0
0.00157681 -0.00402926 0
-0.0568062 -0.250522 0
0.483932 0.271252 0
0.00475345 -0.0016699 0
0.00209746 -0.00232475 0
0.0070141 9.62043e-05 0
0.00266083 -0.00450588 0
0.0052159 -0.00168259 0
0.00549719 -0.00118144 0
0.00299253 -0.00365345 0
0.00136043 -0.00671211 0
0.00735902 -0.0038791 0
-0.00451895 0.000877864 0
-0.00437903 0.00171179 0
0.00385946 -0.00635095 0
-0.00368393 -0.00235383 0
0.00630162 -0.00434545 0
-0.00692777 -0.00107604 0
-0.00352968 -0.000253205 0
0.00223775 -0.000268395 0
0.034802 -0.0370978 0
0.0022912 -0.0119394 0
0.00434473 -0.00186343 0
-0.00709969 0.000797112 0
0.019008 0.00507952 0
-0.0049535 -0.0980993 0
-0.0022208 -0.00470259 0
0.00500152 -0.00473865 0
0.00831119 -0.000915968 0
0.0251413 0.0132152 0
-0.00377735 0.00049858 0
0.0763468 -0.0467384 0
0.00523064 0.000265543 0
0.00706034 9.79481e-05 0
0.0082806 -0.00096435 0
0.00756979 -0.000780153 0
-0.0058012 0.000346585 0
0.0049902 -0.00127698 0
-0.000239251 -0.0010106 0
0.00849888 -0.000726092 0
0.0224058 -0.105582 0
-0.0021195 0.000198691 0
0.962328 0.427787 0
0.578533 -0.245216 0
0.00873167 -0.000760706 0
-0.00226563 -0.00177521 0
-0.00690559 -0.00253713 0
0.00082786 -0.00263397 0
-0.000858949 -0.00491198 0
-0.00265247 -0.00610417 0
0.135903 -0.477139 0
0.0210032 0.373628 0
0.00772963 7.03945e-05 0
0.241904 -0.300154 0
0.11508 -0.217132 0
0.0363237 0.0274549 0
-0.00773194 0.00323214 0
-0.280491 1.26394 0
-0.00289039 -0.0011312 0
-0.0669649 -0.12803 0
0.0141219 -0.00718583 0
-0.00322956 -0.00236163 0
0.00655942 -0.000153943 0
0.21677 1.29676 0
0.00224377 -0.00649538 0
-0.00807638 -0.00226171 0
-0.0600443 -0.0104332 0
0.00672021 0.00127418 0
-0.00684989 -0.00881488 0
0.00449542 0.000188787 0
3.28079e-05 -0.00268614 0
0.00343689 -0.00262992 0
0.00332891 -0.00198431 0
-0.00253552 0.00038545 0
-0.011041 -0.00331324 0
-0.00674575 -0.00558248 0
-0.00748829 -0.00223722 0
0.0115845 -0.00161118 0
0.143158 -0.0978888 0
-0.00427921 0.0033705 0
0.010933 -0.00175274 0
0.0184431 -0.00325377 0
-0.00452943 -0.00296592 0
-0.0041367 -0.00238299 0
-0.168144 -0.0572244 0
0.000330877 -0.00481896 0
-0.0222006 -0.013656 0
0.248115 -0.483706 0
-0.664439 0.500799 0
-0.515322 0.690101 0
-0.00693334 0.000928617 0
0.0979799 -0.0937049 0
0.00656942 -0.0238946 0
-0.00322663 0.000786532 0
0.00128562 -0.00286382 0
-0.12707 -0.498327 0
-0.00145531 -0.00220182 0
0.0111389 -0.00080046 0
-0.00353157 -0.013241 0
0.00365892 -0.00956992 0
0.00639245 -0.00078267 0
0.00821637 0.0011124 0
-0.0160595 -0.00253301 0
-0.333029 0.00369767 0
0.005591 -0.00257181 0
-0.00526723 -0.00305733 0
0.10206 -0.347982 0
0.00589292 -0.000252086 0
-0.00278393 -0.00315233 0
0.0119646 0.0158826 0
-0.00365242 0.00179662 0
-0.0684908 0.0438346 0
0.0050675 -0.000939571 0
0.00549296 -0.00375528 0
-0.0425094 -0.0148714 0
0.00433745 -0.000686785 0
0.359378 0.379445 0
0.00578203 0.00133444 0
-0.0289834 -0.442927 0
0.00588216 0.000308952 0
-0.0513377 0.557678 0
0.299243 0.590522 0
-0.0120194 0.00285872 0
-0.00787812 -9.52615e-05 0
-0.00345012 -0.00592259 0
-0.00561413 0.00223173 0
0.00705611 -0.000660818 0
0.0055925 -0.000833921 0
0.00553508 -0.000577245 0
-0.00486874 0.0012497 0
-0.0686527 -0.0503301 0
-0.0045917 0.000663854 0
0.00540434 0.0517248 0
0.0943914 -0.055264 0
0.0322894 -0.0214959 0
-0.0281005 -0.0320499 0
-0.000629057 -2.35718e-05 0
0.0151187 -0.0155833 0
0.00783053 3.98394e-05 0
0.00499598 0.000106108 0
0.0876007 -0.107163 0
-0.00446744 0.000210601 0
-0.00491345 -0.000696103 0
-0.00433174 -0.00965688 0
0.00413009 -0.00182318 0
-0.00461763 0.000836656 0
0.0363626 0.109351 0
0.00532982 0.000868252 0
-0.00579584 0.00145455 0
-0.00292313 -0.00369836 0
-0.00551747 0.00179357 0
-0.00950409 -0.0289779 0
0.0211445 -0.0228287 0
0.0065331 -0.000589221 0
0.225033 -0.358439 0
0.0546431 -0.0393573 0
0.00627938 -0.141193 0
-0.00784158 -0.00435169 0
-0.00159497 -0.00303015 0
-0.000867591 -0.00295849 0
-0.00419057 0.000387877 0
0.00966693 -0.00590676 0
0.0016966 -0.00352743 0
-0.00697625 -0.00696104 0
0.0050827 0.000503978 0
-0.00459536 0.0011101 0
0.0276087 0.193614 0
0.018194 -0.0121213 0
0.0216213 -0.00456747 0
-0.137972 0.145659 0
-0.00403256 -0.0063994 0
0.153318 0.00198645 0
-0.00153968 -0.00104076 0
0.00609416 0.000588515 0
0.0116669 0.0347366 0
-0.0362431 0.00803077 0
0.280905 -0.550819 0
-0.00352329 0.00302422 0
0.00206751 -0.0261154 0
-0.00845894 0.00118465 0
-0.00708396 0.00195955 0
-0.0064445 0.00106587 0
0.000778044 -0.000843403 0
0.00575369 -0.00808006 0
0.00237915 -0.000361976 0
0.0108948 -0.000626017 0
-0.00574417 -0.00182506 0
0.0386592 0.0626068 0
-0.0127339 -0.0123851 0
0.00884456 -0.000301381 0
0.00470987 0.000598122 0
0.00669715 0.000789684 0
0.00843936 -0.000442697 0
0.0104552 -0.00574807 0
-0.00200195 -0.000974106 0
0.00373056 -0.00144943 0
-0.00669498 0.00198673 0
-0.0697899 0.151462 0
-0.00476012 -0.00262968 0
-0.00690718 -0.000268318 0
0.0094801 0.00167728 0
0.00879362 0.0040173 0
0.00258069 -0.000716813 0
-0.00368107 0.000663338 0
-0.00322799 -0.000352337 0
-0.00052557 0.000423181 0
0.000619897 -0.00527575 0
-0.244551 0.808547 0
0.00296703 -0.0124017 0
-0.00940847 -0.000501661 0
-0.00490691 -0.00420166 0
0.00172412 -0.00259549 0
-0.383621 0.39552 0
0.000373706 -0.00664101 0
-0.0119391 0.00338314 0
0.0063721 7.80433e-05 0
-0.0297259 -0.00280973 0
-0.000978324 -0.00237586 0
0.00405165 -0.000247812 0
-0.172367 0.39841 0
-0.00340797 0.00220558 0
0.00657037 -0.00327625 0
0.00501225 -0.00329639 0
-0.589656 0.151009 0
-0.00186486 -0.000105602 0
-0.0171852 -0.00494695 0
1.11861 0.636347 0
0.59661 -0.0843751 0
0.00464281 -0.00117956 0
0.00208026 -0.000877866 0
0.0060464 -0.000630964 0
0.0152173 0.00274106 0
0.00511411 -0.000830085 0
-0.000534373 -0.000210532 0
0.735777 0.792879 0
-0.032816 -0.246911 0
0.00495522 0.00126072 0
0.00264474 -0.00269137 0
-0.0043938 0.000690814 0
0.0103629 -0.000854835 0
0.00474549 -7.35294e-05 0
-0.0121427 0.00130983 0
0.00592749 -0.000619795 0
0.00549268 0.00173609 0
0.0106107 0.00720614 0
0.295796 -0.0170588 0
-0.00178382 -0.00975482 0
-0.00960304 0.00119706 0
-0.00469071 -0.00440313 0
-0.0162788 0.0876822 0
-0.0129521 -0.00317551 0
-0.01617 0.00320015 0
-0.0126505 -0.0686428 0
-0.00161025 -0.00351444 0
0.457387 0.162971 0
-0.107186 0.224398 0
-0.0157359 0.00297381 0
0.00483139 -0.00249785 0
0.0381359 -0.0111783 0
-0.44003 -0.23742 0
-0.00112267 -0.00405888 0
0.00329597 -0.0571881 0
0.00266589 -0.00362459 0
0.00580478 -0.00166417 0
0.00421315 -0.00222394 0
-0.0072985 -0.0051076 0
-0.00155203 -0.00484206 0
-0.00250839 0.000570495 0
0.000575928 0.000505287 0
-0.00331734 -0.00743729 0
0.00325057 -0.00117962 0
-0.0020226 -0.00370621 0
0.00213968 -0.000651595 0
-0.00346334 0.00286822 0
-0.00305282 -0.00211796 0
0.610129 0.515307 0
-0.000160066 -0.00305581 0
0.00572998 -0.00598006 0
0.00134044 8.62008e-05 0
-0.00365031 0.00145129 0
-0.009384 0.00169726 0
0.00324754 -0.00070044 0
0.00577553 -0.0012603 0
0.00727258 -0.0142261 0
0.114639 -0.0760675 0
0.00789383 -0.00613176 0
0.00829626 -0.00281983 0
0.0010836 -0.00405126 0
0.00592408 0.000910855 0
0.00301165 -0.000539327 0
0.00300831 -0.000926375 0
-0.00063533 0.000107764 0
0.00409685 -0.00404962 0
0.00338564 -0.000652329 0
0.20466 0.24425 0
-0.00326055 -0.00229998 0
0.0058541 -0.000711656 0
0.00128933 -0.000899516 0
-0.00236273 0.00161024 0
-0.00437483 0.000261033 0
-0.00254405 -0.00539924 0
0.00712157 0.000225619 0
0.00535736 -0.000714881 0
-0.0033383 -0.00114435 0
-0.0296292 -0.109675 0
-0.0499203 -0.173693 0
0.00996639 -0.00043613 0
-0.00151009 0.000190059 0
0.00480414 -0.000427574 0
-0.0120529 -0.00175494 0
0.00656416 0.00275279 0
-0.0541821 -0.0147835 0
0.00464788 -0.00708785 0
0.00307393 -0.00158478 0
0.475662 0.00812661 0
0.00580508 -0.0052475 0
-0.123946 -0.192646 0
0.00649626 -0.000640463 0
0.00249681 -0.00276601 0
-0.0036106 -0.0056806 0
0.166201 0.0541046 0
-0.00194818 -0.00119917 0
0.00228128 -0.00560677 0
0.0053778 -0.00458427 0
0.00316559 -0.00480812 0
0.00473814 -0.000517734 0
0.000400762 -0.00872149 0
0.00627407 -0.0205835 0
0.0914125 -0.435016 0
-0.000493678 -0.000306101 0
-0.020005 -0.00150222 0
0.00784033 -0.00969269 0
0.00139571 -0.00314826 0
0.827509 0.00246643 0
-0.0394375 -0.00263039 0
-0.00520634 0.000837665 0
-0.00807305 -0.000282985 0
-0.00320515 0.0015032 0
-0.00635357 -0.00029954 0
0.00447179 -0.0021305 0
0.00078561 -0.00302052 0
0.709511 0.643832 0
0.00238952 0.00216788 0
0.00439963 -0.00319444 0
0.0373097 0.0130097 0
-0.00255691 -0.0013655 0
-0.0761657 0.0877514 0
0.00543983 -0.000529965 0
-0.0161569 0.00307539 0
-0.0011428 -0.00602015 0
-0.0128616 0.00327547 0
-0.00559757 -0.00546323 0
0.000299042 6.74171e-05 0
0.0103556 -0.0123679 0
-0.00471386 0.00214758 0
0.0093674 -0.00312596 0
-0.00524778 -0.00439946 0
-0.0055465 0.000690306 0
0.212343 -0.112372 0
-0.00229215 0.000600831 0
0.0022238 -0.00332966 0
-0.00323807 -0.00349045 0
0.0110095 -0.000698512 0
-0.00294776 0.00181097 0
0.00144974 -0.00526971 0
0.0786464 0.0245411 0
-0.0142253 0.0026693 0
-0.00474711 0.00112607 0
0.00257784 -0.00205953 0
0.00593244 -0.00272769 0
0.00531384 6.45356e-05 0
-4.92613e-05 0.000631619 0
0.0850162 -0.290411 0
0.00586117 -0.000562162 0
-0.00345702 0.00105732 0
0.00489408 -0.000454802 0
0.00287194 -0.00112273 0
0.00994901 -0.00427835 0
0.000411328 2.09162e-05 0
-0.00576826 0.00164634 0
-0.0064746 0.00172811 0
0.00396657 -0.00461592 0
0.0301428 -0.11915 0
0.00326227 -0.0015253 0
0.0013776 -0.0461453 0
0.00589829 -0.000545095 0
0.0117814 -0.00166792 0
-0.0100236 0.00186396 0
0.305122 0.131062 0
0.000452755 -0.00430069 0
0.00393827 -0.00294694 0
0.0110995 0.0235617 0
-0.252574 -0.298197 0
-0.00438379 0.00134894 0
0.00335108 -0.0007843 0
-0.00832585 -0.00220318 0
0.00502906 -0.000624487 0
0.00216542 -0.000698052 0
-0.0158221 0.00307877 0
0.00211342 -0.000592762 0
0.00782175 -0.00044736 0
-0.117397 0.00473503 0
-0.00510358 0.000690222 0
0.00158571 -0.000126726 0
-0.00148918 -8.60245e-05 0
0.00191634 -0.000316028 0
0.0295141 -0.0218889 0
0.0289643 -0.0148896 0
0.00790043 -0.00129636 0
0.00519545 -0.000756635 0
0.00968008 -0.000435712 0
-0.014613 0.00323088 0
-0.00394315 -0.00261282 0
0.00432701 -0.00563976 0
-0.00173009 0.000545717 0
0.00382426 -0.00070913 0
-0.00241444 -0.00217942 0
0.0066886 -0.000299591 0
0.0112179 0.000737276 0
-0.00576761 -0.0029293 0
-0.00334253 -0.00139355 0
0.00535163 -0.000299984 0
0.0174156 -0.0318077 0
0.464029 -0.41626 0
0.00563059 -0.00219165 0
0.0111625 -0.0023263 0
-0.00766775 -0.00106767 0
-0.00214916 0.00218502 0
0.0166659 -0.0121217 0
-0.00550006 -0.00783132 0
-0.00112384 -0.002194 0
-0.529699 0.0502911 0
0.00458437 -0.0034593 0
-0.000716933 -0.00405511 0
0.00590066 -0.000132585 0
0.0056478 -0.000672112 0
-0.00158542 -0.000543424 0
0.774235 0.865636 0
0.00734281 3.572e-05 0
0.00907314 -0.000532655 0
-0.0104689 0.00170174 0
0.158573 -0.18275 0
0.0087229 -0.00273913 0
-0.00406619 -0.00132371 0
0.0299527 -0.0680478 0
-8.65358e-05 -0.00389369 0
-0.0029157 -0.00839566 0
-0.564453 -0.0905463 0
0.00531997 -0.00323944 0
0.00301168 -0.00533319 0
0.0034624 -0.00166756 0
0.0074689 -0.00364536 0
0.114136 -0.14679 0
-0.00787871 -0.00068774 0
0.860775 0.328923 0
0.435698 1.32194 0
-0.434862 0.111617 0
-0.0807248 -0.0267958 0
0.00536844 -0.00140575 0
0.915432 0.329497 0
-0.00807847 -0.00372687 0
-0.00221408 -0.00593943 0
0.00602391 -0.0116802 0
-0.00468206 0.00137925 0
0.00697322 0.00192766 0
-0.0014936 0.000222828 0
0.00871228 -0.00173392 0
-0.0128724 -0.00158485 0
0.00037063 -0.00271113 0
-0.0102168 0.00186152 0
0.00414598 -0.00151025 0
0.00219914 -0.000495509 0
-0.00187416 -0.0020362 0
-0.00657378 -0.00452887 0
0.011123 -0.236805 0
0.123971 0.643728 0
0.00604875 -0.00374572 0
0.00449997 -0.00148567 0
0.00560111 -0.00223683 0
0.00688681 -0.00620972 0
0.00396034 -0.000516681 0
-0.00165457 -0.00268221 0
0.00640618 -0.00482362 0
0.00017653 -0.00350296 0
-0.000585583 -0.00666311 0
-0.00432287 -0.014173 0
0.00593025 -0.000937205 0
0.00397346 -0.000525238 0
-0.00083984 -0.00870392 0
-0.0304348 -0.0015755 0
-0.00456472 0.000984803 0
-0.00737705 -0.00092037 0
0.00648738 0.000562197 0
-0.0109112 0.00313414 0
0.119177 0.478873 0
-0.00199804 -0.00612505 0
0.00491714 -0.00164393 0
0.00559952 0.000614489 0
-0.00357591 0.0010873 0
-0.000717881 -0.00372513 0
-0.00804182 -0.00587035 0
-0.00161335 0.000993039 0
0.00255434 -0.000678856 0
-0.00587746 0.00351398 0
0.0948085 -0.380679 0
-0.383149 1.1052 0
0.00319512 -0.0011123 0
0.00598889 0.000510695 0
0.011609 -0.001224 0
0.688764 0.0838187 0
0.00956165 -0.000757599 0
0.00617807 -0.00371952 0
0.00731912 0.00122178 0
-0.000231871 -0.00239812 0
-0.00679411 -0.00194873 0
0.136879 -0.102126 0
0.00535966 0.000405743 0
0.00540642 -0.00180882 0
-0.0509202 -0.0126194 0
0.00525989 -0.000588559 0
0.00372853 -0.00234254 0
0.0125739 -0.0299314 0
0.00476018 0.000882785 0
0.000914646 -0.000682494 0
-0.0227756 0.00547986 0
0.00518667 -0.0162471 0
-0.00947856 -0.0198421 0
-0.00654654 0.00211622 0
0.00903616 -0.00578729 0
0.00489912 -0.00124577 0
0.0467336 0.000315141 0
0.00840473 -0.000135894 0
-0.0040702 -0.00492021 0
0.00228454 -0.000560562 0
0.0111093 0.0104164 0
-0.00033786 -0.0123657 0
-0.0105739 0.00282502 0
-0.00322241 0.00125864 0
0.0092287 -0.00139794 0
-0.00349586 0.000675075 0
-0.048028 0.113962 0
-0.450905 0.563236 0
-0.00404947 -0.00568709 0
0.00503946 -0.00201902 0
0.0156158 0.28817 0
0.625051 0.215068 0
0.0052344 -0.00274785 0
0.00550526 -0.00199783 0
0.0703556 -0.0833604 0
0.0125315 -0.00425109 0
0.00512942 -0.000490749 0
0.00352186 -0.000185307 0
0.199733 -0.540716 0
0.00564092 -0.000525202 0
0.86422 0.122697 0
-0.00636337 0.00288683 0
3.12921e-05 -0.000413185 0
-0.00406297 -0.00599755 0
-0.00799666 0.00061522 0
0.00582653 -0.00196932 0
-0.00206646 0.000191807 0
0.000305006 8.19846e-05 0
-0.00493664 -0.00437773 0
0.00161496 -0.00175578 0
0.0113571 -0.000990685 0
-0.0190904 -0.00677458 0
0.000687999 -0.00337514 0
0.00409871 -0.000379869 0
-0.000519291 -0.00309176 0
-0.00118143 -0.0114592 0
-0.00755337 -0.000820995 0
0.00922171 -0.0016387 0
0.341864 0.307138 0
0.00896793 -0.00523198 0
-0.000489139 8.36686e-05 0
0.00271575 -0.000332091 0
-0.00249622 0.000971623 0
-0.00212177 0.00299437 0
-0.00600148 -0.000467986 0
0.00606132 7.47155e-05 0
-0.592198 0.612544 0
-0.00377393 -0.000519677 0
0.0955884 -0.0275708 0
-0.041884 -0.0449545 0
0.00560254 -0.00117635 0
0.0448799 -0.150943 0
0.329879 -0.191434 0
0.0446562 -0.0388867 0
0.0119617 -0.0769031 0
0.00605752 -0.00305477 0
0.00140185 -0.000607742 0
0.00251777 -0.000465374 0
0.00345645 -0.000332658 0
-0.000269632 0.000101464 0
-0.0145848 -0.0242518 0
0.00168808 -0.0396067 0
-0.00761128 0.00342685 0
0.00571961 0.000118819 0
-0.0477586 -0.0650538 0
0.0838206 0.0555546 0
-0.00465456 -0.00364717 0
-0.00454316 -0.00873721 0
0.00479732 -0.000492901 0
0.0284326 -0.00485171 0
-0.0033474 9.92293e-05 0
0.00528238 -0.00108725 0
0.64026 -0.236929 0
0.198753 -0.27495 0
0.000957666 -0.00243244 0
0.0470043 -0.025022 0
0.00544712 -0.00168424 0
0.0113441 -0.000833272 0
-0.021073 -0.00098315 0
0.000345692 -7.02547e-05 0
0.00425791 -0.000468086 0
0.00142532 -0.0102494 0
0.0133141 -0.0114174 0
-0.0321302 -0.0109385 0
-0.00835228 0.00196704 0
0.0349665 -0.059075 0
0.00605429 -0.00641196 0
-0.00104157 -0.00114851 0
0.0513232 -0.0178995 0
0.00297304 -0.00191393 0
0.0656017 -0.000374975 0
-0.00959361 -0.00355811 0
0.011131 -0.00887889 0
-0.00226972 -0.00275419 0
0.000198304 5.90785e-05 0
0.0376576 -0.0147035 0
-0.00860688 0.0004691 0
0.000306322 -0.000375433 0
-0.00911061 0.0649027 0
0.00626838 0.000265734 0
-0.0718371 -0.135302 0
0.00371403 -0.000345348 0
0.0041228 -0.000446476 0
0.00315155 -0.00314955 0
-0.00768029 -0.00303647 0
0.00723148 0.00362988 0
-0.171283 -0.465404 0
0.00547833 -0.00431209 0
0.0134534 8.72024e-06 0
-0.00416962 0.000699156 0
0.00399544 -0.000388284 0
0.00355573 -0.00364527 0
-0.00122851 -0.00741172 0
-0.0065264 0.000926518 0
0.00576369 0.00230864 0
0.0508913 -0.0298744 0
0.0166697 -0.0734662 0
-0.00720646 0.000728744 0
0.234112 0.181536 0
0.132755 -0.144938 0
0.00405774 -0.000798571 0
-0.000613634 6.56321e-05 0
0.00206549 -0.00745306 0
0.660156 0.149994 0
-0.00637701 -0.00256498 0
0.00427805 -5.57504e-05 0
1.08664 0.494656 0
0.00211227 -0.00438994 0
-0.274837 0.110215 0
-0.00789542 -0.0730526 0
0.385231 -0.0476438 0
-0.0123983 0.00147705 0
0.00943612 -0.0388735 0
0.206206 -0.215753 0
0.0056576 -0.00731218 0
0.184274 0.124996 0
0.00705957 -0.000684183 0
0.00802455 -0.000602788 0
0.00564971 -0.00102029 0
0.00382823 -0.000614928 0
0.0883631 0.111916 0
0.0105202 -0.000732205 0
-0.160917 0.00790809 0
0.00253154 -0.00503158 0
-0.00323741 -0.000830958 0
0.00646607 -0.000651098 0
0.136 0.592844 0
-0.00119242 -0.00204203 0
-0.00176708 -0.0119987 0
-0.185231 -0.149498 0
-0.00714225 -0.00410364 0
0.16871 -0.053526 0
-0.00560289 -0.00217052 0
-0.0102671 0.00269474 0
-0.376889 -0.153208 0
0.074643 -0.0564048 0
-0.111454 -0.0609443 0
-0.51773 0.2772 0
0.0205012 -0.0120047 0
-0.000802119 -0.0257594 0
-0.00881785 0.00287138 0
0.00261929 -0.00184258 0
0.00342717 -0.00193074 0
0.213241 0.0287304 0
0.00411449 -0.0080377 0
0.00378511 -0.00716984 0
-0.0092225 0.000277088 0
-0.0650903 0.403445 0
0.00536759 -0.00195446 0
-0.00632686 -0.00217636 0
0.0118623 -0.00107717 0
0.103783 0.19653 0
0.00696128 -0.00804592 0
0.00665896 -0.00638447 0
0.0109665 -0.00255228 0
0.00360357 -0.0055445 0
0.591134 0.623912 0
-0.00386807 -0.00328673 0
-0.00426297 -0.000995384 0
0.347947 -0.524612 0
-0.0127799 0.00221534 0
0.00973936 -0.00535242 0
0.00625931 0.0012565 0
-0.00538942 -0.000202294 0
0.0416352 0.0416886 0
-0.0396018 -0.0188949 0
0.00561468 0.00102455 0
-0.00502916 -0.00131148 0
-0.00516283 -0.038651 0
0.00564617 -0.00101016 0
0.00437118 -0.000655245 0
-0.0557431 0.017992 0
0.00552658 -0.000211617 0
0.00741086 0.000156769 0
0.111828 -0.349352 0
-0.171297 -0.387564 0
-0.00728389 -0.00107507 0
-0.00915292 0.00205222 0
0.010088 -0.000637877 0
0.0216278 0.223388 0
0.000343094 0.000312968 0
0.00638992 0.101383 0
0.0194706 -0.0135881 0
-0.150159 0.257385 0
-0.00474109 -0.00708663 0
0.0045125 -0.00441694 0
0.00509918 0.00107462 0
-0.00547491 -0.000411468 0
-0.445872 0.888224 0
0.000661498 -0.00704908 0
-0.00366523 -0.00230012 0
-0.055634 -0.00665118 0
0.0388893 -0.144386 0
0.0592205 -0.0337268 0
-0.00312812 -0.00892164 0
-0.00671498 -0.00182629 0
0.00595078 -0.0112402 0
0.00730728 3.10802e-05 0
-0.00338085 0.00151217 0
0.120477 0.14312 0
-0.325082 -0.396365 0
-0.0037471 -0.00570569 0
-0.00637882 0.00363655 0
0.0260686 -0.0451908 0
-1.82985e-05 -2.24751e-06 0
-0.0113841 -0.00329835 0
0.19542 -0.4025 0
0.084591 -0.169173 0
0.00615748 -0.0198007 0
-0.00625753 -0.00372171 0
-0.000793844 -0.00332116 0
0.00153605 -0.00454878 0
0.00296674 -0.000511568 0
0.0103852 -0.0143975 0
0.00523644 -0.000712557 0
0.00763227 -0.000717896 0
0.00100838 -0.000324023 0
0.468312 -0.286014 0
0.00623876 -0.00820329 0
0.504662 0.445099 0
0.00463233 -0.00179478 0
-0.00773997 -0.0080136 0
0.00619921 0.000694079 0
0.00947544 -0.0175267 0
-0.00335805 -0.00421376 0
0.00237227 -0.000486708 0
-0.00737847 0.00106902 0
-0.040232 -0.0599627 0
-0.00472282 0.00137701 0
0.0261306 0.00664894 0
0.00129183 -0.00237431 0
-0.00622594 -0.00571808 0
-0.06171 1.42313 0
0.00655619 0.000374633 0
-0.00876328 -0.0388634 0
-0.00106537 -0.00452982 0
0.0277167 0.0211872 0
0.000834337 -0.0117352 0
0.00857264 0.00591605 0
0.555324 0.578338 0
-0.00139369 -0.00382331 0
-0.0094187 -0.000460951 0
-0.000261513 6.09505e-05 0
0.0143901 -0.0227239 0
0.113044 0.0093664 0
0.0135709 0.00610367 0
-0.00382137 -0.0062657 0
0.0176636 -0.00697035 0
-0.0134166 0.00259769 0
-0.0177838 -0.0629914 0
0.00438363 -0.00151128 0
-0.00210559 0.00064536 0
-0.657638 0.31271 0
0.00129184 -0.00363254 0
0.00218408 -0.000713396 0
0.0203424 -0.229114 0
0.0734383 -0.0201134 0
0.0322848 0.144467 0
0.212953 0.419661 0
0.0192506 0.0168056 0
0.00487729 0.00055726 0
0.00103808 -0.00297251 0
-0.0115782 0.00141992 0
0.00938038 -0.0052268 0
-0.196855 0.275103 0
-0.284905 0.514867 0
0.186414 -0.571944 0
-0.002137 -0.00700342 0
0.0439531 -0.0267724 0
-0.00382299 0.000687672 0
-0.00163388 0.000930901 0
-0.101761 -0.27181 0
0.0222397 0.0595848 0
0.00727694 -0.00367834 0
0.00477395 0.000159752 0
0.225154 -0.211024 0
0.00870745 -0.0105944 0
0.0568736 -0.0240727 0
0.000901488 -0.00592708 0
-0.00988165 -0.00505657 0
0.00521701 0.000654494 0
-0.00310263 -0.00274552 0
-0.00582137 8.92171e-05 0
-0.0576142 0.292629 0
0.0491974 0.0267608 0
0.0130601 -0.0410181 0
0.00997078 -0.00111822 0
0.0048602 -0.00924317 0
0.00552353 -5.2919e-05 0
-0.00463793 -0.00368369 0
0.0107114 -0.0012581 0
0.00529809 -0.00210508 0
0.0036651 -0.0028041 0
-0.0474813 -0.0916505 0
-0.262648 -0.351962 0
0.00413692 -0.000588863 0
0.00580268 -0.00145813 0
-0.00577496 -0.0102132 0
0.606763 1.09623 0
0.00481972 -0.00101542 0
0.0092388 -0.000763162 0
0.00502397 -0.00348889 0
0.0024931 -0.00402106 0
0.00422171 -0.000505613 0
0.147982 -0.423066 0
-0.0318997 -0.121441 0
-0.0873449 -0.0648522 0
1.07232 0.336538 0
-0.00519041 -0.00597018 0
0.0555771 -0.0571762 0
0.000963677 -0.00764404 0
-0.00097879 -0.00539467 0
-0.0032432 -0.00186557 0
0.000539351 -0.00241301 0
0.113319 -0.161536 0
-0.000148001 6.53057e-05 0
0.618788 -0.18018 0
-0.101065 -0.159457 0
-0.0120388 -0.00531798 0
0.00880049 -0.000744965 0
0.0041941 -0.00216829 0
0.130252 0.281985 0
-0.00643018 -0.00171063 0
-0.0226134 -0.147753 0
-0.00454387 -0.00096997 0
-0.00983242 0.00164882 0
-0.00227932 -0.00146871 0
-0.00709667 -0.000223207 0
0.0210291 0.0097356 0
0.000189583 -0.00244746 0
-0.00250101 -0.00352974 0
0.0266241 -0.0434322 0
0.0104996 -0.00342047 0
-0.00765259 -0.00151375 0
-0.00441344 0.00287693 0
0.00899345 -0.000207129 0
-0.00593361 0.00162966 0
0.00456389 -0.00237887 0
0.00296296 -0.00411147 0
0.00387451 -0.00110325 0
-0.00197263 -0.00168823 0
-0.20389 1.09649 0
-0.000878727 -0.00263616 0
0.0259995 0.0327781 0
-0.00385122 -0.0062249 0
-0.000686552 -0.00235185 0
0.00255308 -0.00355101 0
0.0491439 -0.0910186 0
-0.00902682 0.000640377 0
0.0453858 0.0829659 0
0.0879946 0.330333 0
-0.518201 -0.144326 0
0.00544533 -0.000698457 0
-0.657989 0.307995 0
0.0108175 -0.00341751 0
-0.00404954 -0.00184707 0
0.0191046 0.000321692 0
0.00424125 -0.0025283 0
-0.0355442 0.187176 0
-0.00463717 -0.00032175 0
-0.0661117 -0.0441119 0
-0.00047371 4.77344e-05 0
-0.00161702 -0.00187694 0
0.0996633 0.0793335 0
-0.00533836 -0.0011349 0
-0.0101062 0.00299761 0
0.348536 -0.305151 0
-0.000233957 -0.0051152 0
0.0241132 -0.261798 0
0.0055948 0.000371677 0
0.0580928 0.0603909 0
-0.0122421 0.00309428 0
-0.00232789 -0.00414914 0
-0.0120711 0.00218085 0
-0.0671647 -0.0865843 0
-0.0110017 0.00252256 0
0.00508431 -0.00041739 0
0.00210473 -0.00268171 0
0.00378127 -0.00220721 0
0.000950906 -0.00362926 0
0.267969 -0.418459 0
-0.00992634 0.00256656 0
-0.00648391 0.000312518 0
0.0030486 -0.00273737 0
0.505326 0.35805 0
-0.00718275 -0.00474133 0
-0.00348685 2.62799e-05 0
-0.00566193 0.000943567 0
-0.192321 -0.241002 0
-0.00129161 -0.00550481 0
0.0083888 -0.000263917 0
-0.00705182 -0.00181501 0
0.024156 0.000403763 0
0.0310715 -0.0323071 0
-0.107427 -0.0864086 0
0.00678006 0.000420145 0
-0.00309828 0.00313441 0
0.000442451 -0.00161169 0
-0.00511865 -0.00319419 0
0.296147 0.0655264 0
-0.00128065 0.000225583 0
0.0105093 -0.000885234 0
-0.0192442 -0.000574218 0
0.00120886 -0.19496 0
-0.00289682 -0.00216973 0
0.00549876 -0.00953498 0
-0.00399461 0.00201804 0
0.00630111 0.000343733 0
0.00164016 -0.00224093 0
-0.00200344 -0.00512406 0
0.00453011 0.000498878 0
0.669563 0.305232 0
0.178054 -0.254345 0
0.555332 -0.00333954 0
0.00804289 -0.00189833 0
0.00568785 0.000454058 0
-0.0224863 -0.0117895 0
-0.038332 -0.00176676 0
-0.00278619 -0.00458091 0
0.00991977 -0.000765812 0
-0.000224431 -0.00519683 0
-0.0025407 -0.00917055 0
0.0104014 -0.000515725 0
0.00751865 -0.000145713 0
0.00297248 -0.00693654 0
0.00313088 -0.00617661 0
-0.00315337 3.92557e-05 0
0.00457208 -0.00298229 0
-0.00296204 -0.000746372 0
0.00571113 -0.000706441 0
-0.0112265 -0.0142838 0
-0.5961 0.721708 0
0.00851551 -0.000562329 0
-0.00428665 0.00121947 0
-0.00397297 0.00155906 0
0.00520567 0.00142486 0
0.00460078 -0.00060853 0
0.00549514 0.000156124 0
-0.00192828 -0.00283862 0
-0.00436959 -0.0113813 0
-0.00298261 -0.0105625 0
-0.255109 -0.0777776 0
-0.0976426 -0.352406 0
0.00323348 -0.00231544 0
-0.00466654 0.00035951 0
0.0090437 -0.00143908 0
0.0046865 0.000358328 0
0.00547666 -0.000434239 0
-0.0049938 -0.00502612 0
0.00498964 -0.00538671 0
0.00544116 -0.00188412 0
-0.00195777 -0.00429828 0
0.00249206 -0.00237321 0
0.00510516 -7.93683e-05 0
-0.0309076 -0.0219015 0
0.0378427 -0.0517366 0
0.900657 0.711921 0
0.0101452 -0.000805719 0
-0.00690787 0.00393372 0
-0.00329931 0.00142323 0
0.00557388 -0.00291474 0
-0.351356 -0.271967 0
0.00836985 -0.000639593 0
-0.001171 -0.00317445 0
-0.00528464 -0.00891036 0
-0.225061 1.30247 0
0.753614 0.455333 0
0.00869464 0.000335444 0
0.0684779 -0.0783699 0
0.0955569 -0.0636901 0
0.00320835 -0.00101786 0
-0.00469797 0.000496515 0
-0.00242272 -0.00302836 0
-0.0484128 -0.0336531 0
-0.0314876 -0.0569608 0
-0.00285273 -0.00122529 0
0.00422262 -0.00350149 0
0.00458589 -0.000884549 0
0.00845073 -0.000749299 0
0.183598 -0.326435 0
0.00638474 -0.000512793 0
-0.230827 0.449425 0
0.00460611 -0.00617867 0
-0.0045516 -0.000652003 0
-0.00312498 -0.00074644 0
-0.00398151 -0.0012422 0
0.0468891 0.216545 0
0.023148 0.236671 0
0.0461082 0.266227 0
0.116733 -0.0798365 0
0.114494 -0.10524 0
0.0942582 -0.0836835 0
0.00819422 -0.00109124 0
0.00770102 -0.000951226 0
0.00777899 -0.000613216 0
-0.00430424 -0.00264703 0
-0.0040291 -0.00282355 0
-0.00420135 -0.00315001 0
-0.0051057 -0.00188504 0
-0.00375345 -0.00194162 0
-0.0046266 -0.00624156 0
-0.00434914 -0.00673176 0
-0.00501616 -0.00650622 0
0.000504388 0.214603 0
-0.0117839 0.259578 0
0.725712 0.540422 0
0.803706 0.50919 0
0.685314 0.488707 0
0.0159816 0.00575655 0
0.0170304 0.00370451 0
0.014533 0.00457941 0
0.529628 -0.334136 0
0.492066 -0.354435 0
0.525276 -0.26743 0
0.00730956 0.000838516 0
0.00695373 0.000663663 0
0.0069718 0.000967703 0
0.0718949 -0.0459069 0
0.0780814 -0.0431473 0
0.085297 -0.0561411 0
0.62751 0.612784 0
0.791329 0.607223 0
0.705983 0.574931 0
0.169 0.452252 0
0.105352 0.401891 0
0.0582562 0.425007 0
0.00109582 -0.00629889 0
0.000869532 -0.0067165 0
0.000672982 -0.00626833 0
0.138099 -0.0676928 0
0.112371 -0.0553312 0
0.00808401 -0.000265574 0
0.00758242 -0.000275183 0
-0.00384076 -0.00262611 0
-0.00367031 -0.00303024 0
-0.0675935 0.207397 0
-0.0695444 0.23169 0
-0.0343523 0.208452 0
0.921808 0.499644 0
0.858962 0.445562 0
0.0820717 -0.381309 0
0.0604262 -0.35094 0
0.114779 -0.396363 0
0.077207 -0.162694 0
0.070814 -0.1313 0
0.0993792 -0.132245 0
0.434882 0.738643 0
0.443817 0.709111 0
0.127216 0.645994 0
-0.00545132 -0.00630942 0
-0.00526322 -0.00692886 0
0.441388 -0.424085 0
0.4199 -0.358815 0
-0.0259216 -0.00990029 0
-0.0259277 -0.0174653 0
-0.0303217 -0.0122902 0
-0.00134536 0.000682553 0
-0.0010331 0.000620439 0
-0.00433951 -0.00409351 0
-0.00376237 -0.00483999 0
-0.00460817 -0.00506937 0
-0.00676992 0.00105655 0
-0.00234437 0.000355892 0
-0.00457767 0.000719698 0
0.00556965 -0.00133702 0
0.0056351 -0.001221 0
0.00571729 -0.00137597 0
-0.00329399 -0.00601672 0
-0.00303562 -0.00557167 0
-0.00270692 -0.00582224 0
0.110415 -0.0350839 0
0.106661 -0.0103175 0
0.123412 -0.0141468 0
0.00754088 3.71126e-05 0
0.00787342 -8.83558e-05 0
0.00682864 0.000202066 0
0.233142 1.13777 0
0.0167315 1.21709 0
-0.00206186 1.04004 0
-0.000429637 -0.00334743 0
-0.00182195 -0.00397657 0
-0.00152425 -0.00320222 0
0.131458 0.00602564 0
0.14318 -0.0223203 0
0.00351097 -0.000467349 0
0.00355129 -0.000471704 0
-0.00767849 -0.00656342 0
-0.00367004 -0.00637997 0
-0.00406334 -0.00822389 0
0.0171858 0.0396699 0
0.00959444 0.0426044 0
0.0153708 0.0498195 0
0.021393 -0.028192 0
0.0168456 -0.0230292 0
0.0188548 -0.0193522 0
-0.00250346 -0.000150071 0
-0.00217389 -0.000570149 0
-0.0124285 -0.000540598 0
-0.0138141 -0.000545446 0
-0.000189308 1.90193e-05 0
-0.000125182 -1.99503e-05 0
0.00164293 -0.0031188 0
0.00157988 -0.00286934 0
0.00181977 -0.0028102 0
0.00599081 0.00155876 0
0.005653 0.00155822 0
0.00583911 0.00181444 0
0.00633885 -0.00543953 0
0.00640708 -0.00611782 0
0.00654753 -0.00615529 0
0.137975 0.374371 0
0.0564538 0.353673 0
-0.00427183 -0.00602301 0
-0.00479594 -0.00582357 0
-0.00365625 0.00235661 0
-0.00370668 0.00215624 0
-0.00399864 0.00223746 0
-0.0113363 8.54111e-06 0
-0.0102818 0.000840988 0
-0.00953619 -0.00033269 0
-0.00765225 -0.0648589 0
-0.0169632 -0.0908759 0
-0.0160724 -0.0801331 0
0.233967 0.499083 0
0.191449 0.536 0
0.33557 0.552258 0
-0.00354038 -0.00555355 0
-0.00281613 -0.00454872 0
0.00098308 -0.00215896 0
0.00345679 -0.00244209 0
0.00556829 -0.00356373 0
-0.00616691 -0.00213538 0
-0.00579395 -0.00235312 0
-0.0062046 -0.00274128 0
0.198074 -0.458365 0
0.173635 -0.420931 0
0.601908 0.867187 0
-0.0138833 0.00313074 0
-0.0159324 0.00311153 0
-0.0157416 0.00312335 0
0.135982 -0.254419 0
0.140888 -0.2029 0
0.163145 -0.239951 0
0.0525272 -0.34683 0
0.0126591 -0.301304 0
-0.0204676 -0.294838 0
-0.129916 0.183208 0
-0.0860044 0.184326 0
-0.105045 0.151667 0
-0.00267558 -0.00152836 0
-0.00242866 -0.00157949 0
-0.00253137 -0.00177031 0
0.0090788 -0.000653576 0
0.00876113 -0.000487994 0
0.00927117 -0.000683114 0
0.0175788 0.00740802 0
0.0147173 0.00749312 0
0.133212 -0.127816 0
0.00575384 -0.00159271 0
0.00576054 -0.00178141 0
0.00565592 -0.00168757 0
-0.00776918 0.00186285 0
-0.00812256 0.00205296 0
-0.00620363 0.00159933 0
0.00728435 -0.0281601 0
0.00991958 -0.0303558 0
0.00632951 -0.0357319 0
-0.0082674 -0.00466559 0
-0.00799305 -0.00505233 0
-0.00818184 -0.00524969 0
-0.0115783 0.00676157 0
-0.0106631 0.00575119 0
-0.00434737 -0.00198164 0
-0.00453415 -0.00239605 0
-0.00471031 -0.0019249 0
0.0137159 -0.0103553 0
0.0123966 -0.0100793 0
0.00975076 -0.00570519 0
-0.00846144 -0.000854174 0
-0.00930056 -0.00181515 0
-0.00316357 0.00180287 0
-0.00309856 0.00161834 0
-0.00324357 0.00161917 0
0.00179678 -0.00395679 0
0.00163221 -0.0037626 0
0.00184629 -0.00368494 0
0.00323478 -0.0015812 0
0.00342144 -0.00181598 0
0.00319098 -0.00171867 0
-0.0161689 -0.0253547 0
-0.0175408 -0.0307201 0
-0.0258709 -0.0256669 0
-0.0158981 0.00103859 0
-0.0138964 0.0021777 0
-0.0137626 0.000545683 0
0.00156015 -0.0063395 0
0.00129905 -0.00599501 0
0.00194718 -0.00031895 0
0.00449928 -0.000702257 0
0.00267677 -0.000426265 0
0.00768331 0.000713856 0
0.00806567 0.000538187 0
0.00751201 0.000285889 0
0.000245957 0.000576185 0
-0.000627695 0.000491722 0
-0.000668146 0.0428773 0
0.00331924 0.0363495 0
0.0272041 -0.0231708 0
0.033505 -0.0295723 0
0.0288949 -0.0298276 0
0.00740116 -0.000648704 0
0.00431117 -0.000399586 0
0.0078281 -0.000676304 0
-0.00909971 0.00244616 0
-0.00679445 0.00179605 0
-0.00882795 0.00226457 0
-0.0335453 -0.00963257 0
-0.0406927 -0.00210623 0
-0.0326791 -0.000224989 0
-0.00695913 0.000231655 0
-0.00571119 0.000552927 0
-0.0056335 6.76835e-05 0
-0.002022 0.000723974 0
-0.00234833 0.00109602 0
-0.00194351 0.00137256 0
2.92822e-05 -0.00441225 0
0.0004003 -0.00454463 0
-7.61779e-05 -0.00465804 0
-0.00653712 -0.00127933 0
-0.00713971 -0.00142383 0
-0.00736443 -0.000572638 0
0.0652207 0.0169939 0
0.0731692 0.0107953 0
0.059674 0.00669116 0
-0.00795537 -0.0479581 0
-0.0045262 -0.0560216 0
-0.0173708 -0.0582388 0
0.00228248 -0.00601283 0
0.00265218 -0.00589982 0
0.00271384 -0.00637674 0
-0.000361956 0.000394405 0
0.00353937 -0.000352003 0
0.00354712 -0.000359106 0
-0.00150752 0.000205158 0
-0.00573719 0.000908917 0
0.132804 -0.10405 0
0.153365 -0.142759 0
0.143426 -0.142076 0
-0.00771287 0.00117689 0
-0.00422136 0.000607997 0
-0.00746832 0.00114504 0
0.00699978 0.00125655 0
0.00671641 0.00101893 0
0.00194481 -0.00624582 0
0.00182473 -0.00664097 0
-0.0353558 0.0213528 0
-0.044719 0.012013 0
-0.0411258 0.0291849 0
0.0866064 -0.0731208 0
0.101383 -0.0760786 0
0.00555887 0.000205415 0
0.00535985 0.00021186 0
0.00541963 0.000267085 0
0.00936025 -0.00564029 0
0.00990225 -0.00479819 0
0.00940325 -0.00499717 0
-0.00677486 0.00131786 0
-0.00617566 0.00104858 0
-0.00784917 0.00116801 0
0.521041 0.140122 0
0.535883 0.189569 0
0.605307 0.161136 0
-0.00991961 -0.493783 0
0.0526394 -0.466955 0
0.086039 -0.516682 0
-0.00737437 0.00113375 0
-0.0103838 0.00170601 0
0.417869 0.536394 0
0.124954 0.739658 0
-0.0332386 0.635997 0
0.0063252 -0.00085108 0
0.00583749 -0.00087842 0
0.00608397 -0.000905986 0
-0.0650196 -0.261993 0
-0.0208759 -0.285972 0
-0.0597481 -0.302452 0
0.249476 -0.491325 0
0.29065 -0.523439 0
0.263395 -0.519338 0
-0.00261517 0.00144504 0
-0.00267121 0.00104288 0
0.00561778 -0.00184698 0
0.00587065 -0.0025535 0
0.00529349 -0.00155113 0
0.00662527 0.000508384 0
0.00673271 0.000369515 0
0.00659684 0.000450097 0
0.0057135 -0.025463 0
0.00720482 -0.0218652 0
-0.00479755 -0.00268978 0
-0.631359 0.479925 0
-0.638001 0.617607 0
-0.604842 0.578022 0
0.168145 -0.175828 0
0.15256 -0.13204 0
-0.000264902 -0.000166128 0
-0.000516076 -0.00016728 0
0.00954525 -0.0053195 0
0.00261731 -0.0013733 0
0.00402183 -0.00219869 0
-0.00233439 -0.00196155 0
-0.00264526 -0.00196644 0
0.00286035 -0.000387484 0
0.00585944 -0.000760356 0
6.0628e-05 -0.00310716 0
-5.39023e-05 -0.00286111 0
0.000116452 -0.00289822 0
-0.0371841 -0.0191478 0
-0.00306788 0.00147006 0
-0.00286425 0.00159163 0
0.00846707 -0.00302392 0
0.00811525 -0.00213261 0
0.00842381 -0.00224887 0
-0.00686054 -0.00235647 0
-0.0074643 -0.00118515 0
-0.00643314 -0.00127081 0
-0.00871091 -0.00455492 0
-0.0071714 -0.0053238 0
-0.00928764 -0.00438077 0
0.0520951 0.0198172 0
0.0619452 0.026286 0
0.111786 -0.0999459 0
0.112232 -0.0793907 0
0.00670544 3.47046e-05 0
0.00605868 0.00021169 0
0.00625674 0.000206196 0
-0.00388325 -0.00158984 0
-0.00370025 -0.00138492 0
-0.00351564 -0.00159754 0
0.142242 0.553077 0
0.0722543 0.49549 0
0.00145147 -0.00267295 0
0.00130515 -0.00291901 0
-0.0103885 -0.000368258 0
-0.0139315 -0.0021095 0
0.00597208 -0.0028114 0
0.00127303 -0.00156476 0
-0.0152936 0.0027529 0
-0.0146095 0.00321869 0
-0.0148151 0.00302804 0
0.00610773 -0.00482957 0
0.00487793 -0.00379405 0
-0.0118233 0.00101163 0
-0.0124976 0.0018607 0
-0.0110268 0.000554383 0
0.0024239 -0.0105143 0
0.00320137 -0.00927689 0
0.00612848 -0.000740803 0
0.0030716 -0.000410091 0
-0.00822664 0.000943613 0
-0.00644496 0.000745696 0
-0.00792073 0.00100968 0
0.00206472 -0.0108612 0
0.00262146 -0.0100865 0
0.00340581 -0.0104324 0
0.00286805 -0.000371019 0
0.00288709 -0.00036597 0
-0.256024 1.19512 0
-0.0706889 1.31862 0
0.664703 -0.144821 0
0.593155 -0.163665 0
0.674877 -0.0647375 0
0.0157414 -0.00733084 0
0.0150622 -0.00504499 0
0.0166489 -0.00460667 0
-0.0029177 0.000660321 0
-0.00298566 0.00105148 0
-0.0420432 -0.145155 0
0.000598843 -0.123182 0
-0.00332578 -0.144654 0
-0.00524721 0.00154418 0
-0.00837799 0.00208747 0
-0.007895 0.00188333 0
0.00783208 -0.00141954 0
0.00761537 -0.000873523 0
-0.00359864 -0.00381271 0
-0.00420161 -0.00524339 0
0.00747188 -0.00046722 0
0.00737716 -0.000374209 0
0.00802256 -0.000682239 0
-0.0225219 -0.0836677 0
-0.0113955 -0.0609109 0
-0.0066733 0.00593785 0
0.00963433 0.00080775 0
-0.00733365 0.00370059 0
0.189013 -0.390463 0
0.252898 -0.456621 0
-0.00380656 0.000574661 0
-0.00754246 0.00124464 0
-0.00610452 0.000978606 0
0.000130069 -0.00211599 0
0.00105871 -0.00172947 0
0.000791711 -0.0021851 0
0.0116324 -0.000928341 0
0.0109594 -0.000938728 0
0.0114233 -0.000902592 0
0.00218172 -0.00693712 0
0.0016653 -0.00707458 0
0.133819 0.190477 0
0.145884 0.220215 0
0.184156 0.210298 0
0.0115327 -0.00180049 0
0.0117264 -0.00197313 0
0.0116529 -0.00219988 0
0.00143834 -0.00227758 0
0.000561981 -0.00281762 0
0.00446657 -4.35976e-05 0
0.00460388 5.16787e-05 0
0.0046051 -0.000176812 0
0.00493064 -0.0013492 0
0.00397981 -0.00103689 0
0.00388566 -0.00107845 0
0.0114048 -0.000815924 0
0.0117312 -0.000949955 0
-0.0498216 0.000558775 0
-0.0549341 -0.0156748 0
0.966215 0.666958 0
0.701347 0.753284 0
0.882019 0.55674 0
-0.00264488 -0.00162712 0
-0.0034207 -0.00257218 0
-0.00316467 -0.00178674 0
-0.00535016 -0.00439841 0
-0.00598341 -0.00352431 0
-0.00610718 -0.0034753 0
0.00566535 0.000184207 0
0.00560092 0.000140385 0
0.00674532 -0.016962 0
0.00821037 -0.0183488 0
0.00627355 0.00105309 0
0.00649236 0.00104273 0
0.00647921 0.000843681 0
0.00324242 -0.0177816 0
0.00548744 -0.0198452 0
0.00351278 -0.022006 0
0.00309856 -0.000403817 0
0.00574183 -0.00068703 0
-0.00773736 -0.0071157 0
-0.00743109 -0.00764343 0
-0.0078963 -0.00723507 0
0.0568354 -0.0513761 0
0.0640805 -0.0470586 0
0.0652114 -0.0606019 0
-0.0545954 0.169658 0
-0.00440368 -0.00543723 0
-0.00517293 -0.00509146 0
-0.00453109 -0.00467508 0
-0.00821261 0.89304 0
0.411659 0.791112 0
0.000923411 -0.00280316 0
0.0010038 -0.00269238 0
0.00113157 -0.00284093 0
0.00937242 -0.000788051 0
0.00648745 -0.000591103 0
-0.00856426 0.00129209 0
-0.00713662 0.000958415 0
-0.000350536 -0.00476676 0
-0.000559947 -0.00502676 0
-0.000629261 -0.00467911 0
-0.00562942 0.0008125 0
-0.0082312 0.00128618 0
-0.00875976 0.00141557 0
0.486027 0.624418 0
0.427603 0.590089 0
0.00506498 0.000297903 0
0.00510584 0.000195345 0
0.00495536 0.000211919 0
-0.00883944 0.00264501 0
-0.00951506 0.00286793 0
-0.0107673 0.00315401 0
-0.00309514 -0.0015845 0
-0.00309439 -0.00124802 0
-0.00288717 -0.00141627 0
0.00081921 4.45501e-05 0
0.000839013 6.19e-05 0
0.00443142 -0.00184435 0
0.00259924 -0.00112844 0
0.00868985 -0.00470486 0
0.00376308 -0.00450153 0
0.00363386 -0.00487824 0
0.00333548 -0.00449366 0
-0.00295404 -0.0052219 0
-0.00346118 -0.00530622 0
-0.00531968 -0.0045635 0
-0.00537905 -0.005046 0
-0.0056838 -0.00452191 0
-0.010336 0.00266998 0
-0.00961618 0.00268229 0
0.022126 -0.0128563 0
0.0203728 -0.00839136 0
0.0240297 -0.0081396 0
0.115331 0.236031 0
0.168263 0.265656 0
0.000109844 -1.36966e-06 0
0.000162625 -1.57083e-06 0
-0.00411411 -0.000243736 0
-0.00435617 -0.000154598 0
-0.00417038 0.000124411 0
-0.0054975 0.00183112 0
-0.00512573 0.00220441 0
-0.00505146 0.00185301 0
0.0212175 -0.0280141 0
0.0253819 -0.0273274 0
0.0258071 -0.0337167 0
0.00770321 -0.0021657 0
0.00527984 -0.00184313 0
0.00364109 -0.00126918 0
0.0628294 -0.13694 0
0.0493036 -0.118996 0
0.0623352 -0.104231 0
-0.0083717 -0.00392829 0
-0.00757422 -0.00486424 0
0.0077624 -0.000207524 0
0.00732708 -0.000152415 0
0.00378482 -0.00413737 0
0.00412656 -0.00442843 0
0.0918481 -0.0467054 0
0.0775209 -0.0362828 0
0.0641647 -0.0263134 0
0.00419243 -0.010314 0
0.00389489 -0.0112806 0
0.012804 -0.00830202 0
0.0165784 -0.0143371 0
0.207627 0.10477 0
0.23747 0.130099 0
0.264992 0.103153 0
-0.101999 -0.310797 0
-0.0502451 -0.34441 0
1.1315 0.578564 0
1.03997 0.721748 0
0.0820491 0.130439 0
0.0601094 0.112932 0
0.0519651 0.127611 0
-0.0077469 3.93875e-05 0
0.00490911 -7.17993e-05 0
0.00504035 -0.000160033 0
0.00485539 -0.000160205 0
0.00362571 -0.000426973 0
0.00331955 -0.000469353 0
0.00271432 -0.000262388 0
0.0392951 -0.419885 0
0.113327 -0.430322 0
-0.00361595 -0.00620722 0
-0.0033094 -0.00609627 0
-0.0119118 0.00231077 0
-0.0110999 0.00279645 0
-0.0112209 0.00225093 0
-0.000242405 -0.00416235 0
0.00015975 -0.00409817 0
0.00738347 0.000105086 0
0.00863233 -0.000214648 0
0.00326171 -0.000325416 0
0.00675337 -0.00064989 0
-0.00806516 0.00240259 0
-0.00557803 0.00162066 0
0.00210048 -0.000890565 0
0.00199486 -0.000808557 0
-0.0025786 -0.001113 0
-0.00272554 -0.00126445 0
-0.00272631 -0.000989345 0
-0.00408028 -0.00024981 0
-0.00473336 -0.000222992 0
0.00279986 -0.000929778 0
0.00305709 -0.000911478 0
0.00294744 -0.00116897 0
0.00747641 -0.000469118 0
0.00730062 -0.000152065 0
0.00721991 -0.00015458 0
0.00272268 -0.000421388 0
-0.00504048 0.00057085 0
-0.00491532 -9.35935e-05 0
-0.00554723 0.000411166 0
-0.000965799 0.000406898 0
-3.90109e-05 0.00121162 0
-0.0121527 0.00208273 0
-0.0101578 0.00176402 0
-0.00980019 -0.0110154 0
-0.0159316 -0.00898872 0
-0.0142422 -0.00715786 0
0.000280576 -7.67813e-05 0
0.00908325 -0.00938481 0
0.00860203 -0.00881165 0
0.0088661 -0.00793136 0
-0.00453215 -0.00529395 0
-0.00409643 -0.00525073 0
0.00678519 -0.00709356 0
0.00791952 -0.0078618 0
0.00697789 -0.00916862 0
-0.00729835 -0.00859159 0
-0.00689119 -0.00778585 0
0.00223713 -0.00200649 0
0.00194204 -0.00208416 0
0.179307 -0.226052 0
0.183548 -0.288058 0
0.00245567 -0.0013767 0
0.00662925 -0.00243456 0
0.328345 -0.480632 0
0.309455 -0.512963 0
-0.00240637 -0.00567467 0
-0.00304516 -0.00635602 0
-0.000169702 -0.00271215 0
-0.000288982 -0.00289051 0
0.00334406 -0.0087148 0
0.00263489 -0.00931418 0
0.00254788 -0.008494 0
-0.000422357 -0.000637372 0
-5.27655e-05 -0.000345386 0
8.14718e-05 -0.00065907 0
0.551505 1.16737 0
0.456424 1.10951 0
0.860968 0.916259 0
-0.144007 -0.137858 0
-0.176695 -0.0995405 0
-0.140644 -0.0945746 0
-0.0068589 -0.00303043 0
-0.00739978 -0.00337615 0
-0.00712834 -0.00276226 0
-0.403603 -0.022616 0
-0.36299 -0.0699849 0
-0.425539 -0.104325 0
-0.00649497 -0.00309803 0
-0.00665449 -0.00371322 0
-0.00300064 0.00087238 0
-0.00313247 0.00100022 0
-0.0832054 0.129656 0
-0.0123779 0.00231769 0
-0.00340842 -0.000239221 0
-0.00238469 -0.00108539 0
0.00529129 0.000339432 0
0.00548837 0.000326571 0
0.00261229 -0.000957202 0
0.0023939 -0.000728299 0
0.00727494 0.000260535 0
0.00712402 6.57368e-05 0
0.00706902 0.000260836 0
-0.00098083 -0.000208477 0
-0.00149512 -0.00072078 0
-0.52358 -0.071715 0
-0.589031 0.0377217 0
-0.537394 0.0399976 0
0.0023303 -0.000634958 0
0.00373535 -0.00107008 0
-0.00203315 0.000316729 0
-0.00229986 0.000416175 0
0.00504733 1.44852e-05 0
0.00486286 2.37938e-05 0
-0.00322326 0.00110905 0
-0.00220528 0.000798769 0
-0.00302764 0.00106235 0
0.0085501 -0.00351419 0
0.00856662 -0.00387638 0
0.00871558 -0.00477865 0
-0.0725706 -0.0309278 0
-0.0879288 -0.0563653 0
-0.0897048 -0.0328168 0
0.00349154 -0.00343845 0
0.00326105 -0.00366638 0
0.00323808 -0.00345893 0
-0.00507919 -0.000233691 0
-0.00390457 7.98663e-05 0
0.00498282 -0.00222324 0
0.00512672 -0.00268562 0
0.00445782 -0.00299479 0
0.0602601 -0.291516 0
-0.0300737 -0.243504 0
0.0131914 -0.00567739 0
0.0140896 -0.00366321 0
0.00586556 -0.00278863 0
0.00592002 -0.00300985 0
0.00640681 -0.00370104 0
-0.00285566 -0.00249268 0
-0.00385762 -0.00322715 0
0.128801 0.0712849 0
0.152001 0.0790995 0
0.140404 0.0502748 0
0.00696483 0.000439599 0
0.00688286 0.000275173 0
0.527978 0.0552745 0
0.478161 0.0916888 0
0.00280294 -0.000393501 0
-0.00389115 -0.00115222 0
-0.00419458 -0.000943457 0
-0.00399248 -0.000812919 0
0.0082493 -0.0102764 0
0.0084883 -0.00834872 0
0.0758045 -0.001199 0
0.0842838 0.012391 0
-0.00506107 -0.00182081 0
-0.00474258 -0.00145604 0
-0.00661642 -0.00494056 0
-0.00620393 -0.00557018 0
0.00243888 -0.00107716 0
0.002186 -0.000785212 0
-0.554404 0.708969 0
-0.567018 0.582129 0
0.00288539 -0.000509277 0
0.00348945 -0.000666964 0
-0.0017139 -0.00233884 0
-0.00156095 -0.00243691 0
-0.00183811 -0.00258309 0
-0.00444535 -0.000458447 0
-0.00451639 -6.42859e-06 0
0.00517781 -0.00149965 0
0.00505554 -0.00166529 0
0.00503324 -0.00148749 0
0.00595388 -1.54681e-05 0
0.00663379 -0.000223012 0
0.00597759 -7.68595e-05 0
-0.0069763 0.00150495 0
-0.00463357 0.00105673 0
0.00264853 -0.000598426 0
0.00728966 -0.0034509 0
0.00638781 -0.00269426 0
0.2154 -0.483488 0
0.171392 -0.444675 0
0.22868 -0.441473 0
0.0323674 -0.018418 0
0.0444137 -0.0266888 0
0.0443412 -0.0297217 0
-0.00133846 -0.0011618 0
-0.0119503 0.00274424 0
-0.00954322 0.0024064 0
0.00562193 -0.00163821 0
0.00562923 -0.00151924 0
0.207586 0.151142 0
0.270412 0.159462 0
-0.00972918 0.00311972 0
-0.00878396 0.00338328 0
-0.00683341 0.00342733 0
-0.185698 -0.00494453 0
-0.207261 -0.0682405 0
-0.225809 -0.00374075 0
0.00703361 -0.00024801 0
0.00784075 -0.000468945 0
0.00887165 -0.000644712 0
0.00875005 -0.000773215 0
0.0101726 -0.000971725 0
-0.00947482 -0.000350149 0
0.00338472 -0.0250717 0
-0.000192156 -0.0223563 0
0.00576819 -0.00266671 0
0.00554648 -0.00309835 0
0.0311714 -0.0407525 0
0.0261411 -0.0329789 0
-0.00328339 0.00109246 0
-0.00160313 -0.012964 0
-0.00159536 -0.0137151 0
-0.00311794 -0.0128943 0
-0.0921578 0.456685 0
-0.142063 0.475975 0
-0.0138706 0.536454 0
0.00491336 -0.00143533 0
0.00501538 -0.0012873 0
-0.0893137 -0.034523 0
-0.0876901 -0.0450862 0
-0.0975116 -0.0556123 0
0.0227065 -0.0186548 0
0.0241678 -0.0174283 0
0.0167905 -0.0104505 0
0.0134523 -0.00818047 0
-0.0106408 0.000715216 0
-0.0133297 0.00183813 0
-0.28543 0.352783 0
-0.202983 0.425595 0
-0.244731 0.335744 0
-0.000189954 -0.000785089 0
-0.000806268 -1.20922e-05 0
-0.00208424 0.000749287 0
-0.00178614 0.000613294 0
0.122902 -0.128438 0
0.1073 -0.118534 0
0.00860812 0.00210288 0
0.00880637 0.0013419 0
0.00810409 0.00177673 0
0.368955 -0.48039 0
0.323984 -0.424298 0
-0.00381786 0.000363634 0
-0.00352141 0.000363751 0
-0.00360051 5.82325e-05 0
0.00398715 -0.0098976 0
0.00164337 -0.00940115 0
0.00343355 -0.00778142 0
0.0162832 -0.0144296 0
0.0196035 -0.016753 0
0.0170456 -0.0195395 0
-0.0011765 -0.00199523 0
-0.00127541 -0.0022002 0
-0.00134943 -0.00198585 0
0.340686 0.262648 0
0.41326 0.293853 0
0.40387 0.245274 0
0.347353 -0.289622 0
0.143276 -0.334864 0
0.268193 -0.39141 0
-0.00822159 -0.000692241 0
-0.00750754 -0.00160843 0
-0.00760124 -0.00160554 0
-0.00285422 0.000714854 0
-0.00287995 0.000737728 0
-0.00913109 0.00166258 0
-0.0108373 0.00228943 0
0.00455659 0.00123439 0
0.00639026 -0.0060835 0
0.00595098 -0.0057757 0
0.00624426 -0.00553963 0
-0.00483984 -4.86766e-05 0
-0.00682154 -0.000758679 0
-0.00626216 -0.000173791 0
-0.00679622 -0.00240321 0
0.0017146 -0.000207162 0
0.00158436 -0.000194026 0
0.00468901 -0.00131649 0
0.00476902 -0.00121217 0
0.00481533 -0.00135594 0
-0.0154669 0.0028103 0
-0.0143648 0.00261468 0
0.00748165 -0.000541558 0
0.00262164 -0.00555281 0
0.00304111 -0.00577836 0
0.00550181 -0.0014565 0
0.00543582 -0.00129217 0
0.00323275 -0.000323932 0
-0.29616 -0.0411312 0
-0.249394 0.0300821 0
-0.0143619 0.00306648 0
-0.013577 0.00292384 0
-0.0142435 0.00249395 0
-0.00314001 0.000955332 0
-0.000106595 -0.000423546 0
0.0558423 0.0980808 0
0.0801357 0.0959441 0
-0.0096828 0.00224892 0
0.00546106 0.00147668 0
0.00558109 0.00128481 0
0.0689625 0.0340461 0
0.0541824 0.0331101 0
-0.010373 -0.00346132 0
-0.00956907 -0.00422761 0
-0.00305469 -0.000662664 0
8.65004e-06 -7.33706e-05 0
-0.00234321 -0.000393481 0
0.147391 -0.338579 0
0.108642 -0.279279 0
-0.0013731 0.000100272 0
-0.000757785 0.000124998 0
-0.002843 0.000116722 0
0.130863 -0.0877318 0
0.144796 -0.115981 0
0.0544653 -0.048535 0
0.0274442 -0.0221694 0
0.0290858 -0.047742 0
0.343494 0.0999376 0
0.374862 0.147394 0
0.417334 0.108388 0
-0.0102578 0.00305029 0
-0.0081444 0.00240398 0
0.00772926 0.0011753 0
0.00762735 0.00172904 0
0.000398297 0.000436834 0
-0.0002029 0.000226746 0
-0.00540158 -0.00213039 0
-0.00534838 -0.00154592 0
-0.563851 0.221078 0
-0.483702 0.187803 0
-0.522598 0.121936 0
-0.00232714 0.000335247 0
-0.00195108 0.00027419 0
-0.290553 0.413859 0
0.0397618 -0.530165 0
0.0447119 -0.551588 0
0.198128 -0.562506 0
0.0358453 0.00684106 0
0.0421479 0.00763766 0
0.0391882 0.000859957 0
-0.00571305 -0.00872464 0
-0.00262863 -0.00390463 0
-0.00609343 -0.000686953 0
-0.00583301 -0.000252615 0
-0.00559652 -0.000582286 0
-0.021516 -0.00573864 0
-0.0193699 -0.00841524 0
0.00609874 0.000902276 0
0.00607034 0.00107295 0
-0.00075288 0.000104541 0
0.000395583 -2.27584e-05 0
0.0408839 -0.35679 0
-0.0159087 -0.386733 0
-0.00698872 -0.000155481 0
0.525877 -0.119359 0
0.53588 -0.186919 0
0.46405 -0.216121 0
0.00837874 0.00308302 0
0.00932128 0.00291854 0
0.417225 0.334114 0
0.495791 0.314969 0
0.00861697 -0.00073532 0
0.0073352 -0.000648739 0
0.00948548 -0.00077314 0
6.76985e-05 -0.00497265 0
0.236383 -0.421654 0
0.216242 -0.343882 0
0.22511 -0.4044 0
-0.00756081 -0.00490565 0
-0.00721245 -0.0045135 0
-0.00685546 -0.00494641 0
0.0060608 -0.000709369 0
0.00632942 -0.000733427 0
-0.00781482 0.00355091 0
-0.0113126 0.00315777 0
0.473378 0.217171 0
0.39786 0.196276 0
-0.00177074 -0.00470677 0
0.00943815 -0.000366864 0
0.00920983 -0.000290016 0
0.0101082 -0.000509361 0
-0.00441344 0.000657145 0
-0.0288447 0.0140125 0
-0.402894 1.0516 0
-0.407385 1.12708 0
-0.00619528 -0.00480892 0
-0.00603072 -0.00431624 0
0.00294861 -0.000273966 0
0.00291688 -0.000277246 0
0.00327905 -0.000872863 0
0.00290695 -0.0007229 0
0.309792 -0.546624 0
0.00706697 5.08797e-05 0
0.00768155 -7.13058e-05 0
0.0077048 -0.000129125 0
-0.00379454 0.00190185 0
-0.00354762 0.00199908 0
-0.000391896 -7.77358e-05 0
0.00154418 -0.000488643 0
-0.00474083 0.00175436 0
-0.00500709 0.00142261 0
-0.00701339 -0.00503484 0
-0.0103467 -0.00446691 0
-0.0101622 -0.00396057 0
0.00532983 -0.000976705 0
0.0051728 -0.00101212 0
0.00521977 -0.000906562 0
0.000356821 -0.00289616 0
0.000584226 -0.0028639 0
0.000580595 -0.003068 0
-0.00296831 -0.000215649 0
0.00592245 -0.00249558 0
0.00577768 -0.00266696 0
0.00579512 -0.00245214 0
0.391749 -0.174068 0
0.36543 -0.116087 0
0.421792 -0.0927061 0
-0.0170111 -0.0144595 0
0.645801 1.14681 0
0.358485 1.33437 0
-0.0100837 0.00193048 0
-0.00981602 0.001561 0
-0.0103077 0.00226191 0
0.00448104 -0.00284451 0
0.00437152 -0.00315647 0
0.00429709 -0.00300274 0
-0.0035297 -0.00120967 0
0.989774 0.528952 0
1.02925 0.460191 0
0.00445176 -0.00405073 0
0.00436604 -0.003763 0
0.004693 -0.00371658 0
0.321908 0.173419 0
0.000388466 -0.000620603 0
0.00316398 -0.0010217 0
0.00526884 0.000165615 0
0.005146 8.98332e-05 0
-0.0325948 -0.00187143 0
-0.0240276 -0.00146761 0
0.100669 -0.561681 0
-0.043625 -0.533961 0
0.00647526 0.00127233 0
0.000841157 -0.0297468 0
0.00515402 -0.0283346 0
0.11379 -0.0668183 0
0.114013 -0.0745158 0
-0.00144896 -0.00271513 0
-0.00137641 -0.00247817 0
0.0896165 0.219504 0
0.0633021 0.198237 0
0.000410096 -0.00789473 0
0.0017034 -0.0128859 0
-0.00851095 0.00252601 0
-0.00501798 0.00160162 0
-0.00632092 0.00302657 0
0.00614029 -0.00276456 0
0.516294 0.923183 0
-0.00149793 0.000400695 0
-0.00107329 0.000290028 0
-0.0020878 -0.00755831 0
-0.00170516 -0.00723208 0
-0.00157063 -0.0078074 0
0.147683 0.335872 0
0.215197 0.376734 0
0.000513485 -3.65712e-05 0
0.000267985 -0.000119571 0
-0.0009008 -0.00215407 0
-0.00104449 -0.00230357 0
-0.000957217 -0.00207195 0
-0.0532406 0.0973204 0
-0.0296615 0.100728 0
-0.0363498 0.0876676 0
0.000841034 -0.00496821 0
0.00046499 -0.00503705 0
0.000690968 -0.00477117 0
-0.00711149 0.00241742 0
-0.00729383 0.00212457 0
-0.00830958 0.00227299 0
-0.424313 0.709146 0
-0.487799 0.786719 0
-0.400962 0.795376 0
-0.00560262 5.64377e-05 0
-0.00607573 4.86923e-05 0
-0.00546216 -0.00322362 0
-0.00618139 -0.00422869 0
-0.00638137 -0.00316506 0
0.0162276 -0.0322495 0
0.0175877 -0.0267786 0
0.00156919 -0.0014731 0
0.00104085 -0.00137023 0
0.000157826 -0.00271768 0
0.0022638 -0.00146186 0
0.00202258 -0.0013054 0
-0.00689624 0.00191436 0
-0.00649419 0.00159076 0
-0.00677572 0.00136998 0
-0.00172291 -0.00636339 0
-0.00155804 -0.00609641 0
-0.00125788 -0.00629083 0
0.0110895 -0.00126018 0
0.0104995 -0.00142766 0
0.01148 -0.00152413 0
0.00618544 -0.003563 0
0.00611634 -0.00341432 0
0.00603674 -0.00313529 0
-0.00293193 -0.00037252 0
-0.00436874 -0.00043024 0
-0.00649482 -0.0010211 0
-0.0022917 -0.00114528 0
-0.00296382 -0.00180821 0
-0.00823385 0.000165746 0
-0.00823423 -0.000233768 0
-0.00799234 8.95284e-05 0
-0.000975355 -0.169558 0
0.0358521 -0.137443 0
0.0757334 -0.229483 0
0.148978 -0.278103 0
0.00874709 -0.000877819 0
0.00949586 -0.000896717 0
0.011069 -0.00102367 0
-0.00537341 -0.00263963 0
-0.000832837 -0.00428734 0
-0.000905261 -0.00388842 0
-0.000629558 -0.00407818 0
-0.0691615 -0.337031 0
-0.0360577 -0.220724 0
-0.00813275 0.00310956 0
-0.00535678 0.00328948 0
-0.010975 0.00327268 0
0.00384311 -0.00213321 0
0.00352445 -0.00215775 0
0.00362346 -0.00198037 0
-0.0035209 0.0016215 0
-0.00366278 0.0016046 0
-0.00348046 0.00178233 0
-0.00339692 0.000952875 0
-0.00327219 0.000931346 0
0.00910486 -0.00650294 0
0.00892186 -0.00695064 0
-0.00819949 0.0023452 0
-0.010171 0.0029018 0
0.000551729 -0.0126694 0
0.00178943 -0.0127947 0
0.00154692 -0.0133099 0
-0.00628609 -0.00845572 0
-0.00354534 -0.0109883 0
-0.00708758 -0.0113691 0
0.00228325 -0.000255027 0
0.00538723 -0.000562863 0
0.00500056 0.000416419 0
0.00514494 0.000382315 0
0.02047 -0.0174723 0
-0.00797835 0.0021262 0
-0.0113375 0.00274695 0
0.0095074 -0.000847345 0
0.0101484 -0.000923006 0
-0.00272359 -0.00788511 0
-0.00267721 -0.00725225 0
-0.00379472 0.00150002 0
-0.0038155 0.00169583 0
-0.122007 -0.0266586 0
-0.0919721 -0.00812546 0
-0.00175563 -0.0169585 0
-0.000605804 -0.0130251 0
0.00131702 -0.015277 0
0.00644357 -0.00399188 0
-0.0027766 0.00104241 0
-0.00258779 0.00103062 0
0.00791815 -0.106228 0
0.01569 -0.123167 0
8.85311e-05 -0.121043 0
0.429542 -0.0219104 0
0.473756 -0.0651563 0
0.011727 -0.0017624 0
0.0119458 -0.00152091 0
-0.0124623 0.00308995 0
-0.0142481 0.00440138 0
0.00205892 -0.00409655 0
0.00181346 -0.00421677 0
-0.625279 0.132016 0
-0.61025 0.00135829 0
0.557153 0.248707 0
-0.00610391 -0.00134308 0
-0.00669422 -0.00140956 0
-0.00633304 -0.00106586 0
0.201994 -0.4143 0
7.09976e-06 -0.00299025 0
-0.00351917 -0.00166265 0
-5.15667e-05 -0.0023215 0
-0.00687103 0.0010807 0
-0.00731159 0.00137718 0
0.0131534 -0.0200364 0
0.0131613 -0.0274953 0
-0.0409153 -0.0297606 0
-0.0346247 -0.0377319 0
-0.049729 -0.0357766 0
-0.00394954 -0.00588948 0
0.165299 1.45658 0
0.246162 1.4719 0
0.256308 -0.115083 0
0.259236 -0.0691052 0
0.307544 -0.0600069 0
0.00257533 -0.00672139 0
0.00256064 -0.00722754 0
-0.0103257 0.00181067 0
0.00828711 -0.000853902 0
-0.0075851 -0.00566806 0
0.00639213 -0.000829232 0
0.00797857 -0.000958356 0
0.00974157 -0.00120748 0
-0.00304637 -0.000454284 0
-0.00316673 -0.000204454 0
0.00249809 -0.00324497 0
0.00239393 -0.00303619 0
0.00263181 -0.00294696 0
0.0617123 -0.0720112 0
0.0748165 -0.0704833 0
-0.00448739 -0.0076506 0
-0.00403802 -0.0073401 0
-0.00366236 -0.00782491 0
0.00133871 -0.000243096 0
0.00147513 -0.000309844 0
0.0078962 -0.00478434 0
0.00631433 -0.00488797 0
-0.00043067 -0.00383874 0
0.00605935 -0.000938837 0
0.00599693 -0.000981447 0
0.0060436 -0.000885812 0
-0.0054297 0.000538998 0
-0.00527601 0.000271621 0
0.239549 -0.512832 0
0.165396 -0.512009 0
0.0376242 -0.0196761 0
0.0526451 -0.0326488 0
0.00525552 -0.00128152 0
0.00563653 -0.00142913 0
0.00573603 -0.00137811 0
-0.0400242 -0.250151 0
-0.00707448 -0.284242 0
0.00312287 -0.0629933 0
0.00698594 -0.0516278 0
0.00897483 -0.00499886 0
0.00933639 -0.00434585 0
-0.00291036 -0.000624579 0
-0.00310191 -0.000569758 0
0.00673888 0.000600607 0
0.00656407 0.000665596 0
0.005108 -0.0011264 0
0.00521517 -0.00120781 0
-0.109942 0.0471963 0
-0.0925231 0.0292468 0
-0.146391 0.0209183 0
-0.0762059 -0.035933 0
-0.0768707 -0.0529577 0
0.00624481 -0.000201079 0
0.005744 -3.95653e-05 0
0.158411 -0.0760395 0
0.191194 -0.0794572 0
0.174849 -0.106709 0
-0.00539818 0.0508306 0
-0.000828571 -0.0022135 0
-0.00217583 -0.000585577 0
-0.0021102 -0.000637059 0
0.0126377 -0.0152659 0
0.0110797 -0.0102757 0
-0.00370328 0.00314352 0
-0.00391666 0.00292775 0
-0.0042276 0.00315419 0
-0.00480646 -0.0025177 0
-0.00459815 -0.00341494 0
0.0106939 -0.000679684 0
0.010597 -0.000581042 0
0.0107896 -0.000769449 0
0.0144311 0.0127957 0
0.0152585 0.0164942 0
0.017701 0.0124746 0
0.00593553 -0.0034511 0
0.00578051 -0.00377571 0
0.00568617 -0.00347713 0
-0.0132799 -0.00224413 0
-0.0125309 -0.00245548 0
-0.0121394 -0.00312629 0
-0.00150439 6.66786e-05 0
0.000315124 7.78551e-05 0
0.00183235 -0.00450015 0
0.00156791 -0.00427197 0
0.0053984 -0.000739586 0
0.0029116 -0.00039913 0
0.088259 -0.217181 0
0.103511 -0.254779 0
0.0734616 -0.250403 0
0.0126539 0.00207902 0
0.0122325 0.000407045 0
0.0115791 0.00213277 0
-0.00759545 -0.00261819 0
-0.00706115 -0.00239924 0
-0.00837346 0.00163148 0
-0.00883553 0.00156979 0
-0.00488699 0.000708784 0
0.00965865 -0.0010048 0
0.00663535 -0.000720042 0
-0.00630753 -0.00750365 0
-0.00600264 -0.0083108 0
-0.00136094 -0.000194591 0
-0.00172525 -0.000205987 0
0.00525032 -0.00086362 0
0.007618 -0.00820234 0
0.00708777 -0.00564411 0
0.00759208 -0.00529305 0
0.0891576 -0.078961 0
0.083313 -0.0565075 0
0.0047326 -0.00109879 0
0.00486097 -0.00112657 0
0.00469993 -0.00109332 0
0.00427384 -0.00103801 0
-0.00558629 0.00085757 0
-0.00397204 0.000586606 0
0.0530982 0.172724 0
0.0866006 0.171032 0
0.00105699 -0.00434574 0
0.00128167 -0.00429522 0
0.00129283 -0.00463819 0
-0.00813811 -0.00157772 0
-0.00784115 -0.00179537 0
-0.00827717 -0.000731082 0
-0.00806797 -0.000598428 0
0.00805996 -0.000249256 0
0.00459818 -0.00132804 0
0.00412885 -0.00106943 0
0.00427047 -0.000881733 0
-0.00290404 -0.0112877 0
-0.00216274 -0.01109 0
-0.00191267 -0.0118662 0
-0.000885079 -0.00520922 0
-0.00139484 -0.00509699 0
-6.46155e-05 -0.00423342 0
-0.00188744 -0.0661192 0
-0.00270647 -0.0542169 0
0.000475113 -0.0483013 0
-0.000259676 -0.00324141 0
-3.59012e-05 -0.00328389 0
-0.000118915 -0.00350017 0
-0.0256511 0.0747464 0
0.00601155 -0.00317405 0
0.162593 -0.497695 0
-0.0436325 -0.480785 0
0.00542007 -0.00055549 0
0.00548798 -0.000634757 0
0.00537647 -0.00061599 0
-0.0139431 0.0028041 0
-0.0161228 0.00304847 0
-0.0144511 0.00272045 0
0.0100565 0.00389837 0
0.00877666 0.00492561 0
0.0101903 0.00504164 0
0.0095038 0.00651102 0
0.0113692 0.00543425 0
0.0205584 0.0133083 0
0.0181951 0.00948866 0
0.00966605 -0.00109415 0
0.00627825 -0.00073713 0
0.000905273 -0.00253341 0
0.00109292 -0.0025664 0
0.0359889 -0.099586 0
0.0324188 -0.126347 0
0.00238934 -0.000141274 0
0.00147099 -2.95793e-05 0
0.00232949 -3.49879e-05 0
-0.00567498 -0.000400233 0
-0.00221418 -6.31852e-05 0
-0.00723993 0.000767083 0
-0.00677899 0.000792565 0
0.000126818 1.57632e-06 0
0.000135053 -1.09014e-05 0
0.00222239 -0.00292172 0
0.00205652 -0.00319119 0
0.00848894 -0.000507835 0
0.00738298 -0.000221277 0
0.0246103 -0.0179696 0
0.00327369 -0.00389477 0
0.00296763 -0.00386864 0
-0.0140152 0.00214119 0
-0.0127041 0.00187162 0
-0.0144549 0.00242124 0
0.00729272 0.000143234 0
0.00763324 7.90667e-05 0
0.00692889 0.000281475 0
-0.00440916 -0.00408078 0
-0.0056706 -0.00278603 0
-0.00471558 -0.00390243 0
0.00110918 -0.00886597 0
0.000728612 -0.00814505 0
0.00131844 -0.00822051 0
-0.0051099 -0.00381935 0
0.00266767 -0.000245447 0
0.00619561 -0.000565222 0
0.00515301 -0.000823024 0
0.00530441 -0.000790843 0
0.009232 -0.000411062 0
0.00827256 -0.000173324 0
0.00797378 -0.000173716 0
-0.00295574 0.000845396 0
-0.00284058 0.000829334 0
0.00603781 0.000300113 0
0.006597 0.000151215 0
-0.00149119 -0.00559203 0
-0.00155177 -0.0057678 0
8.08302e-05 -0.00507956 0
-0.00597253 -0.000797396 0
0.0110771 -0.00202927 0
-0.0183588 -0.00198595 0
-0.0126993 -0.000206199 0
0.00554446 -0.00178652 0
0.00555209 -0.00159401 0
0.00501358 -0.00251753 0
0.00371437 -0.00183607 0
0.00534793 -0.00285793 0
0.219645 -0.0678572 0
0.191628 -0.043711 0
-0.243939 0.250467 0
-0.149521 0.198236 0
-0.218395 0.180724 0
0.0031527 -0.001959 0
0.00301279 -0.00166459 0
0.275345 0.667843 0
0.601844 0.715799 0
0.00705182 0.000185754 0
0.00772793 -6.72515e-06 0
0.703169 -0.13823 0
0.616382 -0.242709 0
-0.0131328 0.00233814 0
0.00767187 -0.000288079 0
0.00717808 -1.30165e-05 0
0.00943254 -0.000505348 0
0.00980089 -0.000609444 0
0.00973002 -0.000727987 0
-0.00427913 0.000495013 0
-0.00409461 0.000348316 0
-0.00166999 -0.00449629 0
-0.00189504 -0.00479724 0
-0.0019442 -0.00442681 0
-0.00560382 -0.00352438 0
-0.00414297 -0.00467515 0
0.00170215 -0.00045548 0
0.00170902 -0.000485036 0
0.00173477 -0.00472373 0
0.00205857 -0.0046324 0
-0.0468178 -0.0217962 0
-0.0344828 -0.0257548 0
0.00336194 -0.0014955 0
-0.000551999 -0.00252846 0
-0.000668432 -0.00267685 0
-0.000773402 -0.00249607 0
-0.315279 -0.115423 0
-0.00174462 0.000446297 0
-0.00211953 0.000270392 0
-0.000160411 -0.00542444 0
0.000188479 -0.00521984 0
0.000311935 -0.0055298 0
-0.0039773 0.00132753 0
-0.00380125 0.00131407 0
-0.00484399 -0.00469922 0
-0.00512065 -0.00427625 0
0.000147214 -0.00937848 0
0.000802844 -0.00943261 0
0.000594473 -0.010296 0
-0.00178859 -0.00312478 0
-0.0015921 -0.00324884 0
-0.00181878 -0.00337136 0
0.0105185 0.00245399 0
0.0131932 0.0032688 0
0.0144338 0.00124157 0
0.331818 -0.445934 0
0.463498 -0.382565 0
0.00918735 8.69246e-05 0
0.0091395 0.000933169 0
0.00971722 0.000789849 0
0.356079 -0.49619 0
0.0133556 0.0100213 0
0.0126306 0.00840909 0
-0.137858 -0.0606515 0
-0.109906 -0.0899668 0
0.00292118 -0.00183433 0
0.00269182 -0.00158042 0
0.0201802 0.00722028 0
0.110517 0.0643501 0
0.115646 0.0887826 0
-0.0212926 0.0019322 0
-0.0225273 -0.00248955 0
-0.0253733 0.000876401 0
0.0105804 -0.000826567 0
0.0102874 -0.00173057 0
0.00955726 -0.000932935 0
0.252933 -0.0255801 0
0.00254839 -0.000744393 0
0.00409441 -0.00123738 0
-0.00653107 -0.00208309 0
-0.0060808 -0.00178139 0
-0.00410758 -0.00574891 0
-0.00025055 -0.00597507 0
0.00642199 0.000523969 0
0.00662069 0.000416671 0
0.00669666 0.000368513 0
-0.00768237 -0.00318272 0
0.00168517 -0.00949543 0
0.00690251 -0.000110115 0
0.008039 -0.000452185 0
0.00161078 -0.000375796 0
0.0016189 -0.000370088 0
-0.000164015 -0.009253 0
-0.00572084 -0.0102108 0
0.00573863 0.000288291 0
0.00586109 0.000197716 0
0.0258489 0.038764 0
0.0184579 0.034593 0
0.404098 -0.481744 0
-0.00426913 0.00252946 0
-0.00770171 0.00256343 0
-0.00358905 0.0021913 0
-0.0130286 0.00328488 0
-0.00985001 0.00347546 0
0.00871926 0.0176668 0
0.00913238 0.0141595 0
0.0320066 -0.0266012 0
0.0265449 -0.0227701 0
0.0506692 0.00570003 0
0.0446086 0.0126785 0
-0.495785 0.623965 0
-0.542937 0.529323 0
0.00187077 -0.00229065 0
0.00169935 -0.00204598 0
-0.0103358 0.00149457 0
-0.0103998 0.000889433 0
-0.0113982 0.00203145 0
0.0351462 0.125822 0
0.0515344 0.147914 0
-0.00771268 0.00185984 0
0.00549502 -0.000938452 0
0.00557069 -0.00109333 0
0.0054305 -0.00102048 0
0.00750306 -0.00360233 0
0.0040268 -0.00107408 0
0.0433351 1.3858 0
-0.175003 1.35344 0
0.00894347 -0.00412049 0
-0.00150477 0.000206238 0
0.00266529 -0.000243282 0
-0.00250931 -0.00859062 0
-0.00325583 -0.00809712 0
0.000139785 -0.00710731 0
0.000618737 -0.0071098 0
0.000396402 -0.00769431 0
-0.00546694 -0.0027318 0
-0.00610528 -0.00274395 0
-0.00794539 -0.00403475 0
0.00961773 0.0630301 0
-0.000780746 0.0584559 0
0.00174374 0.0719081 0
0.121974 -0.295447 0
0.00155893 -0.00561098 0
0.00122451 -0.00559152 0
0.00875287 -0.00684064 0
-0.00509408 -0.011667 0
-0.00412402 -0.0124624 0
-0.00484388 -0.0123225 0
0.0111081 -0.00255279 0
0.0097932 -0.0024359 0
0.00853251 -0.00163811 0
0.00910067 -0.00236607 0
0.00824721 -0.000408744 0
0.00957395 -0.000632658 0
-0.00831361 0.000713518 0
-0.00897377 0.00120225 0
0.217207 -0.454448 0
0.0429275 -0.0060498 0
0.0360357 -0.00402972 0
0.0374352 -0.0975482 0
0.0106146 -0.109835 0
0.0217338 -0.0906815 0
0.00365588 -0.043531 0
0.0030868 -0.036421 0
-0.011464 0.00304668 0
-0.00583833 0.00290287 0
-0.00393824 0.000661211 0
0.00540369 -0.00196232 0
-0.0800993 0.0139092 0
-0.0645337 0.0036651 0
0.00661781 -0.00589285 0
-0.00143141 -0.00438249 0
-0.00129226 -0.00468659 0
-0.0660225 0.13377 0
-0.0810534 0.178144 0
-0.000307955 -0.0025563 0
-6.3932e-05 -0.00254158 0
0.0114126 -0.00145315 0
0.0107701 -0.0014625 0
0.573385 0.668317 0
0.351154 0.636199 0
0.00780008 0.00502859 0
0.00794243 0.00381608 0
0.00708656 0.00465985 0
0.00595319 -0.000833853 0
0.00550906 -0.00082675 0
0.00764943 -0.0849581 0
0.0283534 -0.0776054 0
0.00457131 -0.00483676 0
0.00500527 -0.00504699 0
0.00452703 -0.00512648 0
-0.00193074 -0.00223508 0
-0.00165616 -0.00213258 0
0.0293548 -0.0168059 0
0.00202034 -0.00582197 0
0.00913926 -0.00255456 0
0.0102132 -0.00269896 0
0.00997755 -0.00223875 0
0.876522 0.865506 0
0.729553 0.920492 0
0.759957 1.02927 0
-0.00556401 -0.00310296 0
-0.00190354 -0.00108009 0
0.008314 -0.0557113 0
0.00628047 -0.0476375 0
0.011949 -0.0452585 0
0.0040193 -0.00311931 0
0.0041755 -0.00284819 0
-0.0190626 -0.000558239 0
-0.0209584 -0.000531188 0
-0.371479 0.919505 0
0.00628124 -2.51209e-05 0
0.00664064 -8.9771e-05 0
0.00467204 -0.00103932 0
0.0032862 -0.00073723 0
0.0120692 -0.00278728 0
0.0133342 -0.00219733 0
-0.00528271 -0.000842176 0
-0.00497695 -0.00098796 0
-0.00538693 -0.00118854 0
-0.438188 0.923084 0
-0.228016 0.959744 0
0.00420576 -0.00553868 0
0.00399764 -0.00474822 0
-0.00251475 0.002722 0
-0.00273396 0.00263494 0
-0.00221143 0.00238303 0
-0.0030664 -0.000788477 0
-0.00323657 -0.0005925 0
-0.00240937 -0.00127257 0
-0.00122244 -0.00292746 0
-0.00138565 -0.00311375 0
-0.00141009 -0.0028691 0
0.119659 -0.546722 0
0.00353578 -0.000894074 0
-0.00458935 -0.000259786 0
-0.00764393 0.000206982 0
0.00551381 0.00082436 0
0.00546354 0.000950637 0
0.00565584 0.000886528 0
-0.00143534 -0.005776 0
-0.00181786 -0.00581087 0
0.00736979 -0.000226657 0
-0.02702 -0.0755832 0
-0.0343547 -0.10033 0
-0.0289359 -0.0180362 0
-0.0541242 -0.0358407 0
-0.0202692 -0.0450245 0
-0.12503 0.0749041 0
-0.0743899 0.0635046 0
0.00156496 -0.000519081 0
0.00144254 -0.000507148 0
0.0095921 -0.000335625 0
0.00858505 -0.000115077 0
0.00823332 -3.03185e-05 0
0.0048896 -0.000333904 0
0.00477195 -0.000246814 0
0.011054 -0.00270772 0
0.0101316 -0.00318283 0
-0.00306482 0.00236498 0
-0.00341467 0.00250143 0
-0.00301519 0.00269895 0
0.00235045 -0.000237135 0
0.00893799 -0.000258212 0
-0.00365631 -0.00861575 0
0.0040531 -0.00172514 0
0.00425925 -0.00167859 0
0.00414208 -0.00191194 0
-0.00738005 0.00194213 0
-0.00501558 0.00139989 0
-0.00409844 -0.00173962 0
-0.00345397 -0.00108788 0
0.00461458 0.000552779 0
0.00464141 0.000695241 0
0.00473318 0.000745324 0
4.09589e-05 -0.0103308 0
-0.00102506 -0.00767267 0
-0.00584282 -0.00326112 0
-0.00162626 0.000668274 0
0.00153794 -0.00079097 0
-0.0139132 0.00310579 0
-0.0142978 0.00257333 0
-0.0135033 0.106928 0
-0.0295312 0.124131 0
-0.00827815 -0.00165174 0
-0.00824324 -0.00112795 0
0.000712085 -0.00449548 0
0.117518 -0.273235 0
0.0477041 -0.294688 0
0.078099 -0.230291 0
-0.00917604 0.00265636 0
-0.00794618 0.00294178 0
-0.00725764 0.00277698 0
0.00561537 -0.00237513 0
0.0057918 -0.00225509 0
0.00566766 -0.0017867 0
0.00581215 -0.00180696 0
-0.00942824 -0.00409507 0
-0.00942742 -0.00417758 0
-0.00717445 -0.00495265 0
0.00627311 -0.000589562 0
0.00259554 -0.000272202 0
-0.00331272 0.000275943 0
-0.00341583 0.000523556 0
0.00563304 0.00200868 0
0.00604436 0.00208997 0
0.00101745 -0.0035764 0
0.00196082 -0.00280802 0
0.0017308 -0.00348569 0
0.00791535 -0.000779245 0
0.00671617 -0.000744792 0
0.00735619 -0.000788707 0
0.00584473 -0.00209831 0
0.00551601 -0.00172613 0
0.00396074 -0.000639669 0
0.00479612 -0.000594686 0
0.00491168 -0.000522897 0
0.0049021 -0.00069605 0
0.0107686 -0.000819575 0
0.00998989 -0.000613313 0
-0.0432202 0.0393862 0
-0.0497137 0.0584215 0
0.00292238 -0.000314252 0
0.00294106 -0.000321346 0
0.00586464 -0.00273028 0
0.00601492 -0.00289539 0
0.00594728 -0.00266746 0
0.015667 0.122605 0
0.0101662 0.139145 0
0.00247878 -0.00189175 0
0.00234991 -0.00219679 0
0.00578752 0.0301956 0
-0.000836773 -0.00237473 0
-0.000937198 -0.00251541 0
0.182272 -0.0117117 0
0.181444 0.0128192 0
0.217112 0.000176495 0
0.00580084 -0.00155382 0
0.0294935 0.00448999 0
0.0312275 0.00910909 0
0.00601215 0.00131214 0
0.00584677 0.00111778 0
0.00565227 -0.000134073 0
0.00565462 -7.50955e-05 0
0.00589764 -0.000191785 0
0.00716735 0.00159614 0
0.00739034 0.00212486 0
0.0118342 -0.00136326 0
0.0040869 -0.000610759 0
0.00461066 -0.000946953 0
0.00525084 -0.00137034 0
0.0052966 -0.00154218 0
-0.00944475 -0.0336779 0
-0.0178623 -0.0364173 0
-0.00762385 0.000607244 0
-0.00827121 0.000793583 0
-0.00137002 -0.00355478 0
-0.00136593 -0.00334281 0
-0.00114708 -0.0033559 0
-0.323992 -0.169765 0
-0.266586 -0.125583 0
0.00572178 -0.00972212 0
0.00438671 -0.0116621 0
0.00954827 -0.00735958 0
0.00949775 -0.0108804 0
6.80594e-05 -0.00242687 0
2.58086e-05 -0.00231755 0
0.00902828 -0.00103393 0
0.00805313 -0.000689709 0
0.247599 -0.361377 0
0.174999 -0.33152 0
-0.00402156 -0.000548188 0
-0.00374881 -0.000757624 0
0.005602 -0.00566609 0
0.00565659 -0.00625071 0
0.00247559 4.59267e-05 0
0.0032567 -0.000149373 0
0.00434079 -0.000165517 0
0.00438515 6.44787e-05 0
0.00377365 -0.00104221 0
0.00398147 -0.00145568 0
-0.00335138 0.00193306 0
0.136691 -0.163452 0
-0.00186945 -0.00169615 0
-0.00210011 -0.00283741 0
-0.0779005 -0.506221 0
-0.0949293 -0.46556 0
-0.00221809 -0.00233038 0
-0.00211831 -0.00211585 0
0.0617067 -0.029804 0
0.0763123 -0.0383214 0
-0.00903204 0.00301577 0
0.00812422 -0.00314153 0
0.0129078 -0.00799181 0
0.00565993 -0.000213217 0
0.00552488 -0.000130233 0
0.00981302 -0.00189484 0
-0.00601447 -0.00330139 0
0.00412453 -0.011721 0
0.00311982 -0.0122341 0
-0.00780974 0.000158461 0
0.00493538 -0.000419544 0
0.00505615 -0.000518193 0
-0.00348237 0.00322009 0
-0.00422381 0.00347363 0
-0.462023 0.0382457 0
0.0114765 -0.00251386 0
0.0111009 -0.00221852 0
0.00565049 0.000685081 0
0.00545123 0.000741953 0
-0.00387125 -0.000249266 0
0.000261378 -0.00329297 0
0.0108245 -0.000655862 0
0.0104569 -0.000626619 0
0.00701747 -0.000589819 0
0.00645334 -0.00043969 0
0.00635723 -0.000351866 0
-0.00361481 -0.01183 0
-0.00108599 -0.0028418 0
-0.00100721 -0.00306751 0
-0.00886959 -0.00291818 0
-0.0101819 -0.00236831 0
-0.0043505 0.00236076 0
-0.00457151 0.00252801 0
-0.00415773 0.00267303 0
-0.00664627 -0.000660225 0
-0.00329632 -0.00278371 0
-0.00314162 -0.00307035 0
-0.0033945 -0.00314587 0
0.00383218 -0.00166131 0
0.00393126 -0.00147492 0
0.0057348 0.000524585 0
0.00578741 0.000569491 0
0.00593814 0.000473478 0
-0.395197 0.176376 0
-0.429032 0.247831 0
0.000810858 -0.00281893 0
0.000627366 -0.00267384 0
0.0193648 0.0682175 0
0.0130269 0.0559931 0
-0.00199164 0.00186977 0
-0.0024342 0.00202843 0
-0.00530556 -0.00463252 0
-0.00579287 -0.00491481 0
0.0160112 0.0306428 0
0.0223019 0.0291005 0
-0.00609681 -0.00143063 0
-0.00388137 -0.0010443 0
0.000897163 6.42852e-05 0
0.000863114 6.083e-05 0
0.127965 -0.183982 0
0.16466 -0.142301 0
0.187221 -0.158469 0
-0.068529 0.224665 0
0.00516102 0.00175058 0
0.00534285 0.00157817 0
0.00504534 0.00157014 0
-0.00491849 0.00252857 0
-0.00541332 0.00261686 0
-0.00245975 -0.000104551 0
-0.428704 0.474326 0
-0.523913 0.431502 0
0.931663 0.152522 0
0.88153 0.232653 0
0.961379 0.259955 0
-0.013966 -0.00106026 0
-0.0146347 -0.00205535 0
0.00153668 -0.00760196 0
0.00199358 -0.0080853 0
-0.00307616 -0.0068252 0
-0.00373554 -0.00690696 0
-0.00344106 -0.00640699 0
0.00948419 -0.0012524 0
0.00996029 -0.00161815 0
-0.00685325 -0.00410711 0
-0.00744702 -0.00400833 0
-0.00514776 -0.000467667 0
0.427033 0.038032 0
-0.196582 0.359199 0
-0.285085 0.447712 0
0.0750029 -0.192377 0
0.0994375 -0.191548 0
0.432082 0.372394 0
0.350889 0.343286 0
0.00531764 0.00202088 0
-0.00397133 0.000558836 0
-0.00295769 0.000427919 0
-0.175125 -0.428593 0
-0.104596 -0.41998 0
-0.194553 0.332862 0
-0.243357 0.274239 0
0.00913711 -0.00659227 0
0.00955384 -0.00555743 0
0.00981468 -0.00704037 0
-0.386417 0.0511751 0
0.0087898 -0.000183496 0
0.00805753 -2.52432e-05 0
0.000348061 -0.00346636 0
0.00127562 -0.00443101 0
0.00178056 -0.00436567 0
-0.000578165 -0.00593832 0
-0.001053 -0.00568806 0
-0.000551714 -0.00560911 0
0.00324431 -0.00429482 0
-0.000114021 -0.00390667 0
0.00307181 -0.00338586 0
0.00329667 -0.00320765 0
0.00660363 0.000194765 0
-0.00825338 0.00052192 0
-0.00793811 0.000269473 0
0.00463012 0.000820672 0
0.00453517 0.000614331 0
-0.00219919 -0.00191166 0
-0.00600224 -0.00608025 0
-0.00120729 -0.00246177 0
-0.146726 0.542192 0
-0.152323 0.505425 0
-0.249923 0.480218 0
-0.359665 1.1922 0
-0.458067 1.05898 0
0.195082 0.0654423 0
0.178059 0.0872025 0
-0.031056 -0.0198839 0
-0.00937932 0.00217885 0
-0.0097741 0.00179463 0
-0.00979994 0.00233063 0
0.0103321 -0.000500825 0
-0.20404 0.13539 0
-0.307332 0.162323 0
-0.00431053 0.00209474 0
0.217806 -0.3848 0
0.0035118 -0.00389912 0
0.00378045 -0.00384193 0
-0.00796771 -0.00135678 0
-0.0080484 -0.00185637 0
-0.00373882 0.00269552 0
0.0015602 -0.000346219 0
0.00368615 -0.00178038 0
-0.00188742 -0.00394256 0
-0.00180211 -0.00361348 0
-0.00166026 -0.00381431 0
-0.00746416 -0.0027605 0
-0.00565384 -0.0018067 0
-0.0079973 -0.00267845 0
-0.07934 0.581927 0
0.0207457 0.601252 0
0.00513102 -0.00416577 0
0.00525849 -0.00453976 0
0.00491578 -0.00434552 0
0.00913613 -0.0270431 0
0.00855342 -0.0321611 0
0.0137288 -0.0261219 0
0.0176613 -0.0230747 0
0.001869 -0.00102657 0
0.00191931 -0.0117362 0
-0.000633296 -0.0107916 0
-0.00155714 -0.0105422 0
-0.00103441 -0.0100369 0
-0.00320636 0.00106524 0
-0.00305599 0.0012711 0
0.00605447 -0.00484928 0
0.00564202 -0.00473749 0
0.00583336 -0.00440013 0
-0.0106003 0.00229014 0
-0.161952 -0.493108 0
-0.00430539 -0.00116866 0
-0.0044014 -0.000750726 0
0.00534056 -0.000705537 0
0.00527295 -0.000621756 0
-8.16574e-05 -5.69202e-06 0
0.000922597 5.94264e-05 0
-0.0247715 -0.0402188 0
-0.0137633 -0.0432472 0
-0.00170157 0.000459808 0
0.00712338 -0.000700481 0
0.9607 0.63619 0
0.817202 0.671176 0
1.03015 0.681774 0
-0.0106024 0.000472711 0
-0.00947956 -0.000325515 0
0.00375879 -0.0142528 0
-0.00810094 -0.00317837 0
-0.00778631 -0.00364228 0
-0.00823692 -0.00383126 0
0.00576387 -0.00194034 0
0.00533394 0.000583502 0
0.00539877 0.000645637 0
0.00553061 0.000564046 0
0.00623028 0.000460838 0
0.00624194 0.000492974 0
0.00658991 0.000335777 0
-0.0120708 0.0753537 0
0.000407032 0.0843147 0
1.01729 0.584317 0
-0.630938 0.393252 0
-0.665732 0.400561 0
0.00846651 0.000754147 0
0.0304488 0.0132813 0
0.025893 0.00998051 0
-0.00642271 -0.00409999 0
-0.00590943 -0.00392534 0
0.0179819 -0.00934842 0
0.0196641 -0.00595191 0
-0.0730037 -0.207062 0
-0.0250972 -0.208111 0
0.00638322 0.000717165 0
0.00156207 -0.000671714 0
0.00369313 -0.00169181 0
0.36885 1.36187 0
-0.0357741 -0.014437 0
-0.0282957 -0.0158071 0
0.00320747 -0.00415706 0
-0.000843919 6.46196e-05 0
0.00583817 0.000631011 0
-0.00968158 0.00156785 0
-0.00981937 0.00109735 0
0.00583465 -0.00081949 0
0.00592595 -0.000755553 0
-0.00893363 0.00165932 0
-0.00846721 0.00158141 0
0.0898291 -0.108029 0
0.095156 -0.132359 0
0.98989 0.331041 0
1.03112 0.263574 0
0.0596607 -0.116059 0
-0.01155 0.0031947 0
-0.0137199 0.00323962 0
-0.0122203 0.00314877 0
-0.00578693 -0.00141813 0
-0.00140675 -0.00413271 0
-0.00110617 -0.00428582 0
0.00376958 -0.000300346 0
0.00304119 -5.33755e-05 0
0.00453308 -0.000772829 0
0.00763404 -0.000736441 0
0.163687 -0.0232849 0
0.00498629 -0.00108974 0
0.534132 1.22267 0
0.00395346 -0.0108843 0
0.00297049 -0.00623418 0
-0.00538403 -0.00543593 0
-0.00504334 -0.00545782 0
0.00527558 -0.00298084 0
0.00539627 -0.00283506 0
0.00545827 -0.00308272 0
0.00824042 0.000149932 0
0.0041225 -0.00365557 0
0.00386475 -0.00349912 0
0.00156304 -0.000555691 0
0.00150879 -0.000514696 0
-0.0015406 -0.00121908 0
-0.036841 -0.00980464 0
-0.0414857 -0.0134444 0
-0.169775 0.0973058 0
-0.10249 0.112886 0
0.0422477 0.57955 0
0.0678556 0.550306 0
-0.00161436 -0.00516284 0
-0.00131074 -0.00512532 0
-0.00131651 -0.00547869 0
-0.00364896 0.00084164 0
-0.0020347 0.00124337 0
0.00659273 0.000238704 0
0.00645846 0.000315927 0
0.0058118 -0.00131323 0
0.00583774 -0.00123986 0
0.00553848 -0.00121829 0
0.00631466 -0.00669385 0
-0.00501101 0.000373086 0
-0.00512256 -4.87385e-05 0
0.00195548 -0.00344503 0
0.00212048 -0.00357328 0
0.0215273 -0.0373803 0
0.0009226 -0.00300118 0
1.04689 0.768861 0
0.98312 0.789298 0
0.0615859 1.49998 0
-0.00298173 -0.00330915 0
-0.00295125 -0.00295155 0
0.0058237 -0.00382808 0
0.00421383 -0.00398255 0
0.00500254 -0.000466517 0
0.00657637 -0.000584903 0
0.00519726 -0.000475868 0
0.00521567 -0.00035393 0
0.00533094 -0.000413008 0
0.00963846 -0.000499824 0
0.00993671 -0.000729495 0
0.00887309 -0.000756404 0
0.00890966 -0.00063471 0
-0.0026171 -0.000442306 0
-0.0032873 0.000739951 0
0.00581477 -0.00115963 0
0.00584543 -0.00118342 0
0.0011973 -0.00714696 0
0.00592818 -0.000867833 0
0.00245224 -0.000425768 0
-0.00307876 0.000291801 0
-0.00290543 5.03064e-05 0
0.146978 -0.0487837 0
-0.0065826 -0.000214476 0
-0.00776856 -0.000625237 0
0.0239631 0.0522027 0
-0.00046149 -0.00814132 0
-0.00107554 -0.00799854 0
-0.000717009 -0.00756756 0
0.151003 0.62578 0
0.000872195 -0.00228435 0
0.000791712 -0.00237918 0
-0.00688728 0.00309243 0
0.00223794 -0.00112994 0
0.00208829 -0.00100263 0
0.00133847 -0.00406355 0
0.00952895 -0.00163567 0
0.00802384 -0.00130858 0
0.0104296 -0.00167492 0
0.258608 0.636905 0
0.00652206 -0.00528066 0
0.00669832 -0.00452166 0
-0.0147358 -0.0037339 0
-0.0164495 -0.00230117 0
0.0109467 0.00868355 0
0.0120319 0.00677558 0
0.0547963 -0.0214513 0
0.00515931 -0.000269431 0
0.00503087 -0.00033047 0
-0.0131064 0.00307302 0
-0.0111343 0.00342934 0
0.00756611 0.000118797 0
0.01087 -0.00080708 0
0.0109855 -0.000667871 0
0.0111371 -0.000798486 0
0.813302 0.271588 0
0.82227 0.171761 0
0.00803699 -0.00111239 0
-0.223231 0.0723753 0
0.00888193 -0.000746915 0
-0.00107848 0.000177652 0
-0.0629058 0.0292774 0
-0.00201247 -0.00343648 0
-0.00226144 -0.00363411 0
-0.00223002 -0.00336447 0
-0.0038565 0.000864077 0
-0.00406468 0.000927894 0
0.00547597 -0.000851775 0
0.00561961 -0.000920172 0
-0.00303292 -0.0047755 0
-0.00271405 -0.00497806 0
0.00195963 -0.0024562 0
0.00171914 -0.00240223 0
0.00540382 -0.00348356 0
0.00557363 -0.00323226 0
0.00432222 -0.000889966 0
0.00446357 -0.000784431 0
0.00445036 -0.000996113 0
-0.00347254 0.000793863 0
0.729263 0.0239609 0
0.7779 0.104819 0
0.809059 0.0414186 0
-0.00650535 -0.0102066 0
-0.00662409 -0.0102279 0
-0.00586979 -0.0109854 0
0.000119199 -0.00617922 0
-9.84318e-05 -0.00668669 0
-0.000286163 -0.00618844 0
-0.00643164 2.61528e-06 0
-0.00612907 0.000327675 0
-0.000685382 -0.00238429 0
-0.0177477 0.00166013 0
-0.0189722 0.00412569 0
-0.221835 -0.11834 0
-0.15903 0.215538 0
0.00753517 2.31377e-05 0
0.00559582 -0.00266411 0
0.00521531 -0.00253268 0
-0.0107486 0.00303754 0
0.0321332 -0.0125799 0
0.0357576 -0.0165553 0
-0.00831144 -0.00422104 0
0.0118738 -0.00120208 0
0.0112866 -0.000993753 0
0.0112615 -0.00112384 0
0.0035535 -0.00271961 0
0.00342527 -0.00298723 0
0.00332963 -0.00287954 0
-0.00517092 -0.00348497 0
0.0042769 -0.00201483 0
0.00406873 -0.00204817 0
0.0241537 -0.147399 0
0.00634249 -0.00430475 0
0.00632396 -0.0043731 0
0.00633148 -0.00462921 0
-0.00326087 -0.0123117 0
-0.00361352 -0.00880285 0
-0.0043855 -0.0116662 0
0.00612116 0.00252133 0
0.00643876 0.0022488 0
-0.00829851 -0.00347676 0
-0.0067164 -0.002723 0
0.000843614 3.22864e-05 0
-8.67947e-05 4.22583e-05 0
-0.000894526 -0.00633467 0
-0.00555668 -0.0109829 0
-0.00932039 0.00109767 0
-0.00911386 0.000779678 0
0.0037632 -0.00327771 0
0.0112157 -0.00113924 0
0.0104613 -0.00112562 0
0.0101463 -0.000616761 0
0.00949768 -0.000422389 0
-0.00337767 -0.00631139 0
0.00434724 -0.00339024 0
0.00200874 -0.000243908 0
-0.385323 0.634839 0
-0.00811772 0.000399575 0
0.00568933 0.00117385 0
0.00550537 0.00112903 0
0.00712709 0.000186095 0
0.00415947 -0.000474173 0
0.00298919 -1.4723e-05 0
0.00560961 -0.00319333 0
0.00605631 -0.00342744 0
0.00105241 -0.00530463 0
0.000742613 -0.00558189 0
0.00156681 -0.000338768 0
-0.00154319 0.000529261 0
-0.00258825 -0.00239529 0
-0.00236745 -0.00246425 0
-0.00251244 -0.00270833 0
-0.00315509 -0.00128155 0
-0.00584603 0.0025708 0
-0.00571294 0.00295958 0
-0.00235682 0.000587583 0
-0.00529686 0.00132172 0
0.00635448 -0.000287703 0
-0.016258 0.00309598 0
-0.0145313 0.00304186 0
0.728603 0.149535 0
0.44989 0.545088 0
0.00648392 0.00157883 0
0.00625385 0.00153066 0
-0.337257 1.01895 0
-0.290613 1.15079 0
0.0112822 -0.000751749 0
0.0108115 -0.000847552 0
0.0104946 0.00018199 0
0.0114941 -0.000352783 0
0.00449619 -0.00144625 0
0.00516874 -0.00161484 0
-0.0126001 -0.00403767 0
-0.0147715 -0.00521936 0
0.00348523 -0.00143815 0
0.00139764 -0.000534194 0
0.00646254 0.000429284 0
0.00623178 0.000542681 0
0.0664071 -0.0336219 0
0.09751 -0.0521224 0
0.00103986 -0.000507005 0
0.00430272 -0.00111643 0
-0.466774 -0.136444 0
-0.504832 -0.175031 0
0.0680412 -0.199538 0
0.0119587 -0.00130287 0
0.0119003 -0.00117011 0
0.00039459 8.275e-05 0
0.000624505 -3.62493e-06 0
-0.0091435 0.00190202 0
0.00291261 -0.00211498 0
0.0030848 -0.00208591 0
0.00304273 -0.00235397 0
-0.0083481 -0.00266101 0
-0.00809662 -0.00266466 0
0.00522767 -0.000187728 0
0.00492401 0.000998673 0
0.00503148 0.000925121 0
0.00486408 0.000846065 0
-0.00312477 -0.000431712 0
-0.00295687 0.0002176 0
0.003225 -0.00202291 0
0.00263811 -0.0022387 0
0.00312147 -0.0016472 0
-0.00374744 0.000372934 0
-0.00230103 0.000246468 0
-0.00147927 0.000211584 0
0.000687661 -0.00252686 0
0.000704244 -0.0022655 0
-0.00165837 0.000367152 0
0.0116884 0.0128689 0
0.0204321 0.106221 0
-2.44183e-05 0.115489 0
-0.0151907 0.0030485 0
0.00320714 -0.00530511 0
0.00550754 -0.00836558 0
0.00641629 -0.000813916 0
0.00475386 -0.000664792 0
0.00604041 -0.000807065 0
0.00875349 -0.000402382 0
0.00472644 0.00104222 0
0.00590489 -0.00296442 0
-0.0710489 -0.161485 0
-0.0486015 -0.125082 0
-0.0440336 -0.144938 0
-0.0324341 -0.194736 0
-0.0138479 -0.221218 0
-0.0506003 -0.215906 0
0.0327443 -0.00764025 0
0.0310721 -0.00196547 0
0.000390087 -1.08186e-05 0
0.000432595 -8.79294e-06 0
0.0579982 0.0834437 0
0.0418366 0.0957751 0
0.00148447 -0.00359633 0
0.00134423 -0.00337362 0
0.00153301 -0.00333176 0
0.0062891 -0.0680854 0
-0.00431745 0.00138529 0
-0.00112452 0.000353622 0
0.0101978 -0.0018737 0
0.00774915 -0.00145494 0
0.253599 0.00989181 0
-0.117417 0.268031 0
-0.147647 0.250539 0
-0.162877 0.299849 0
-0.00176342 -0.00498449 0
-0.00212884 -0.00491188 0
0.000219236 -0.000101689 0
-0.0110594 -0.00227861 0
0.00481801 -0.00154992 0
0.00682637 -0.00356125 0
0.00543566 -0.00276972 0
0.00456087 -0.00973941 0
0.00527282 -0.0101838 0
2.38523e-06 -0.0138059 0
0.00460504 -0.00830342 0
0.0044339 -0.00755682 0
0.00489819 -0.00771908 0
-0.0552776 -0.00876023 0
-0.0726175 -0.0159047 0
-0.0757602 -0.0198927 0
0.00630126 -0.0041367 0
0.00612106 -0.00379296 0
-0.000956309 0.000125688 0
0.251934 0.0444694 0
0.300017 0.0254693 0
-0.0154493 0.0031303 0
-0.0160523 0.00310451 0
0.00735747 -0.0172743 0
0.00838155 -0.0205008 0
0.0148048 0.0248822 0
0.0116845 0.0285575 0
7.72838e-06 -0.000142299 0
-0.000230045 -8.39797e-05 0
-0.0102292 0.00302578 0
-0.00814437 0.00240454 0
0.00751929 -0.000721108 0
0.00537421 -0.00055154 0
0.0078107 -0.000750497 0
-0.0105242 0.00222589 0
-0.00959802 0.00116501 0
0.00521206 0.000458289 0
-0.00197816 -0.00554483 0
-0.00308112 -0.005917 0
0.00550415 -0.000504442 0
0.00562068 -0.000484174 0
0.00567027 -0.000560459 0
0.0157787 0.000205393 0
0.0170108 0.00171735 0
0.0174615 -0.00143589 0
-0.0264166 0.332535 0
-0.0653427 0.34438 0
-0.0201229 0.390923 0
0.00571572 -0.000509323 0
0.00211708 -0.0002077 0
0.0107884 -0.00718142 0
0.0100218 -0.00865287 0
0.00571538 -0.00113375 0
0.00579096 -0.00106171 0
-0.000713202 -0.012534 0
-0.00774516 -0.000469998 0
-0.00791182 -0.000990067 0
-0.012647 -0.000185348 0
0.00488714 -0.00214483 0
-0.00232073 -0.01017 0
-0.00320994 0.000856659 0
0.0004785 -0.000153722 0
0.000297437 -0.000151095 0
0.123131 -0.38963 0
0.0088952 0.00939247 0
0.00885152 0.00804232 0
0.00994132 -0.000779355 0
0.0104658 -0.000763922 0
-0.00942974 0.00091141 0
-0.00950783 0.00146664 0
0.00408394 -0.00109936 0
0.00423332 -0.00130582 0
0.00400897 -0.00129187 0
-0.00321543 0.00307319 0
-0.00437683 0.00334333 0
-0.00524563 -0.00558027 0
-0.00396819 -0.00597427 0
-0.366478 0.30482 0
-0.254973 0.320081 0
-0.0011154 0.000367765 0
-0.00421732 0.001098 0
-0.00402733 0.000192295 0
-0.00484904 -5.37606e-07 0
-0.00809274 -0.00628272 0
-0.00761263 -0.00649291 0
0.00882816 -0.00448998 0
0.008728 -0.00566841 0
0.00357434 -0.00301759 0
0.0492333 0.0498491 0
0.059293 0.0503346 0
0.0498405 0.0417241 0
0.162229 0.0269856 0
0.137156 0.0277808 0
-0.658975 0.212258 0
-0.628791 0.219406 0
-0.0157115 -0.0203074 0
-0.00972476 -0.0241422 0
-0.00226173 0.000378167 0
-0.00274557 0.000788129 0
0.00620897 0.000421853 0
0.00603563 0.000550052 0
-0.563203 -0.118619 0
-0.606317 -0.0123673 0
0.00282221 -0.000680609 0
0.00387394 -0.000970671 0
0.0143063 -0.0193121 0
0.00602353 0.000364646 0
0.00588091 0.000373219 0
0.00964151 -0.00334282 0
0.00141389 -0.000429838 0
0.00139095 -0.000409702 0
-0.00110401 0.00015642 0
-0.00339802 0.000269748 0
0.00940802 -0.00219948 0
0.0100637 -0.00267438 0
-0.0014503 -0.00851242 0
-0.00304657 -0.00888937 0
0.00613945 -0.00461095 0
0.00470054 -0.00325092 0
-0.0300487 -0.0473202 0
0.00532399 -0.00124033 0
0.00538669 -0.00113605 0
0.00387152 -0.00242605 0
0.00397096 -0.0022742 0
0.00410916 -0.00233173 0
0.00569371 -0.00110508 0
0.00532738 -0.00108216 0
0.00448232 -0.00114286 0
0.0045774 -0.00133311 0
0.00441242 -0.00128423 0
-0.00813518 -0.0022734 0
0.00462757 0.000172968 0
0.00475645 4.44896e-05 0
-0.00477384 0.000439177 0
-0.00322059 0.000748873 0
-0.00505472 0.00114337 0
0.00361674 -0.00122379 0
0.00349047 -0.00139553 0
0.00756776 0.00588737 0
-0.00613371 0.000516315 0
-0.00715336 0.000732653 0
1.04176 0.383737 0
0.912587 0.379089 0
-0.00329716 -0.00647885 0
-0.00322011 -0.00629569 0
-0.0389695 -0.168297 0
-0.0133241 -0.170698 0
0.00669873 -0.000629423 0
0.00836684 -0.000755482 0
0.00556556 -0.000388891 0
0.00576694 -0.0004524 0
-0.0167204 0.00585491 0
0.00919191 -0.000490722 0
0.0086212 -0.00028641 0
0.00480131 -0.00102161 0
-0.000585609 -0.0052684 0
-0.00317258 0.000870596 0
0.00360975 -0.00156842 0
0.185498 -0.222113 0
0.127303 0.33477 0
0.334962 0.187725 0
0.461916 0.281661 0
0.00566152 -0.00209497 0
0.00523515 -0.0019579 0
0.00585118 -0.00230098 0
-0.00194417 0.000275983 0
-0.00217644 0.000320172 0
-0.00410707 0.000619012 0
-0.00195999 0.00119269 0
-0.00194209 0.000553469 0
0.00162901 -0.000321818 0
0.00164828 -0.000321648 0
-0.00797744 -0.0022664 0
-0.00758535 -0.00187694 0
-0.0224323 -0.0635317 0
-0.0252292 -0.0523714 0
-0.0429551 -0.00555238 0
-0.0346671 -0.00210089 0
-0.0383852 -0.00453454 0
-0.011279 -0.00327031 0
-0.00245273 -9.86154e-05 0
-0.00156101 -0.000780092 0
-0.00156438 0.000522531 0
0.00679605 -0.00470726 0
0.00571038 -0.00496983 0
0.00561411 0.159357 0
0.0309256 0.167237 0
0.0102769 0.00127202 0
-0.00489635 0.00356517 0
-0.00528201 0.00361852 0
-0.00312849 0.00204042 0
-0.00673103 -0.00256268 0
-0.00739819 -0.00162578 0
-0.00209239 -0.0131909 0
0.00275643 -0.00315408 0
0.00161821 -0.00398153 0
0.00424626 -0.00233205 0
-0.000702121 3.74649e-05 0
0.00708159 -0.00384237 0
-0.00157658 0.0002233 0
-0.000214597 5.91676e-06 0
-0.00281444 0.000995529 0
0.0027238 -0.00522908 0
0.00285362 -0.00494943 0
0.00307563 -0.00511453 0
0.00498906 -0.00122659 0
0.0045619 -0.000752504 0
-0.00380638 -0.00601846 0
-0.00207629 -0.00191726 0
0.00564774 -0.000767731 0
0.00575799 -0.000876094 0
-0.00619884 0.00186632 0
-0.00619541 0.00136779 0
-0.00279312 0.00206865 0
0.00580931 0.00083451 0
0.00599307 0.000742849 0
0.00589939 0.000679678 0
0.00935075 -0.000767111 0
0.00839683 -0.000720433 0
0.00731478 -0.000650152 0
-0.00278895 -0.00552755 0
0.00622027 -0.0051491 0
0.00648351 -0.00516904 0
0.00820537 -0.000752504 0
0.00391453 -0.00521855 0
0.00336374 -0.00514842 0
0.00469056 -0.000668327 0
0.00623149 -0.000833648 0
0.00512395 -0.00723606 0
0.00548279 -0.00788914 0
0.00434706 -0.00464599 0
0.00474156 -0.00457584 0
0.00141041 -0.000254256 0
0.00147034 -0.000248782 0
-0.00202379 -8.18121e-05 0
0.0974814 0.261539 0
-0.019698 0.156986 0
-0.00475441 0.193195 0
-0.0282792 0.00651926 0
0.0061367 0.000641911 0
0.00627313 0.000587799 0
0.000892317 -0.000141767 0
-0.00349815 -0.000692282 0
-0.00345594 -0.000909135 0
0.00580967 -0.00405918 0
0.00612515 -0.0040575 0
0.00461829 -0.00102806 0
-0.0315179 -0.0679025 0
-0.0274615 -0.0790315 0
-0.0522483 -0.0770826 0
0.0125503 -0.000914593 0
0.014489 -0.00118962 0
0.00311429 -0.00293725 0
0.00324514 -0.00269239 0
-0.0022951 -0.00441861 0
-0.00201483 -0.00418551 0
0.00535913 -0.000201703 0
0.00523679 -9.35362e-05 0
-0.00974435 0.00214995 0
-0.00749609 0.0016958 0
-0.00479363 0.00184277 0
-0.272693 -0.23628 0
-0.300954 -0.290005 0
-0.317652 -0.224035 0
0.00516967 -0.00390484 0
0.00549428 -0.00402059 0
-0.0107609 -0.00681711 0
-0.00822395 0.000945134 0
-0.000468283 -0.00065995 0
-0.00211145 -9.95448e-05 0
0.00597918 -0.00588319 0
-0.149325 0.358274 0
-0.0995987 0.286452 0
-0.207299 0.232853 0
-0.144967 -0.0200765 0
-0.456121 -0.267673 0
-0.399802 -0.315825 0
-0.382635 -0.351122 0
0.218761 0.595022 0
0.0247421 -0.00483623 0
0.0279805 -0.00878755 0
0.000746365 -0.00113015 0
0.00122185 -0.000933459 0
0.00461526 -0.00147795 0
-0.0141089 -0.000210196 0
-0.000416381 -0.00711829 0
-0.00584628 0.00172109 0
-0.00210265 0.000568813 0
-0.00945511 -0.000110585 0
-0.306402 -0.39183 0
-0.368104 -0.31504 0
0.00526711 0.000760191 0
0.00474283 -0.00299906 0
0.00471628 -0.00273633 0
0.00487332 -0.00273565 0
-0.0117333 -0.00139421 0
-0.00355163 -0.000196692 0
-0.00346066 -0.000436641 0
0.00121831 -0.00323884 0
0.00116123 -0.00346854 0
-0.000729465 -0.00150677 0
0.0180516 -0.0129037 0
0.00577994 -0.00207996 0
0.00512181 -0.00176266 0
-0.0184884 -0.108039 0
-0.0092685 -0.0870212 0
-0.0456341 -0.010336 0
-0.0485709 -0.00715939 0
0.00277246 -0.00276869 0
0.00292979 -0.00293176 0
-0.0122665 0.00242244 0
-0.011726 0.00284347 0
-0.00848831 0.00135407 0
-0.00836207 0.00132181 0
-0.00652744 0.000949135 0
-0.00343724 -0.00628145 0
-0.00121411 0.000812663 0
-0.00230454 0.000921324 0
-9.49212e-06 8.80523e-05 0
-0.00110637 0.000187632 0
0.00586866 -0.00107934 0
0.00532135 -0.0010137 0
0.0497045 -0.0394191 0
0.0412167 -0.0302403 0
0.0229939 0.0113161 0
0.022201 0.0153442 0
-0.0062893 -0.0094534 0
-0.0071099 -0.0093856 0
-0.465453 0.347802 0
-0.572 0.357081 0
-0.00401638 -0.00569519 0
0.00119628 -0.0049676 0
-0.00241323 -0.00142955 0
-0.00227402 -0.00161701 0
0.00231059 -0.000450624 0
0.00127643 -0.00030503 0
0.00535733 0.00103821 0
0.0081649 -0.00232319 0
0.00795115 -0.00172865 0
-0.00985168 0.00176169 0
-0.00876185 0.00177633 0
0.00296559 -0.00144719 0
0.00337773 -0.00126492 0
0.00452518 -0.000443826 0
0.00447295 -0.000649796 0
0.00440081 -0.000482055 0
-0.00306471 -0.00642617 0
-0.00229444 -0.00611386 0
0.00141888 -0.00382476 0
-0.00334235 -0.00649239 0
-0.00455442 0.00156053 0
-0.00452929 0.00191452 0
-0.00591723 0.00320331 0
0.0044208 0.000391556 0
0.0045021 0.000346243 0
0.00437584 0.000222494 0
-0.00532651 0.00327889 0
-0.00469907 0.00325297 0
-0.0047644 0.00294093 0
0.0105551 -0.000860759 0
-0.0017573 0.000253506 0
-0.00260253 0.00034324 0
0.0088289 -0.00561207 0
-0.00109449 -0.00254545 0
-0.00106726 -0.00268592 0
-0.00203409 0.000542389 0
-0.00570302 0.00169932 0
0.00270237 -0.00220195 0
0.00278899 -0.00199337 0
0.00390699 -0.00390827 0
0.00355473 -0.00321393 0
0.00412231 -0.000693823 0
0.00441515 -0.000765298 0
-0.00185658 -0.00532772 0
0.244396 -0.551791 0
-0.00279549 -0.00536425 0
-0.00175027 -0.00473083 0
-0.00480646 -0.00307899 0
-0.0050891 -0.00276831 0
0.0097252 -0.00369251 0
0.0104157 -0.00366752 0
0.0031427 -0.028924 0
-0.00036006 -0.0395769 0
-0.0011236 -0.0292876 0
-0.00197762 -0.0030145 0
-0.0017656 -0.00294484 0
0.809193 -0.0250823 0
0.729283 -0.0926801 0
0.731217 -0.11922 0
0.00537103 -0.00499879 0
-0.00598654 -0.0017187 0
-0.00541362 -0.00127741 0
-0.000379702 -0.000397533 0
-0.000843434 -0.000703819 0
0.00904713 -0.00366429 0
0.00862653 -0.00301618 0
-0.00566906 -0.00721884 0
-0.00633641 -0.00687852 0
-0.257225 -0.291054 0
-0.0985005 -0.401873 0
0.00910816 0.0117856 0
-0.00901073 0.000295937 0
-0.00879065 2.42729e-05 0
0.00548853 -0.00662602 0
0.00504459 -0.00658072 0
0.00589392 -0.00685748 0
0.00233341 -0.00152178 0
0.0057651 0.000975297 0
0.802641 0.239604 0
0.599927 0.375611 0
-0.0115295 0.00317777 0
-0.0112347 0.00296685 0
0.000817234 -0.00419148 0
-0.0187073 -0.0028922 0
-0.00369361 -0.0198866 0
-0.00677786 -0.0167282 0
0.0027766 -0.000459871 0
0.00134547 -0.000342832 0
0.00243555 -0.000603644 0
0.157144 0.111589 0
0.00505926 -0.0023944 0
0.00494832 -0.0022524 0
0.00514917 -0.0021402 0
0.00784115 0.0209011 0
0.0118873 0.0194411 0
0.00788051 -0.0438404 0
0.0134579 -0.0480942 0
1.11437 0.563205 0
0.0250743 -0.0139671 0
0.0211073 -0.0107447 0
-0.00376604 0.0010955 0
-0.00363997 0.000887449 0
-0.00532368 -0.00573593 0
0.647209 0.000766299 0
-0.00292894 -0.00093767 0
-0.00276383 -0.000832249 0
0.0112434 -0.00288287 0
0.00621136 7.36809e-05 0
0.00576782 0.000186078 0
0.00656792 0.00187848 0
0.0068528 0.00157432 0
-0.00159776 -0.0107273 0
-0.0528 0.105735 0
0.00654315 -0.000788444 0
0.00653092 -0.000836258 0
-0.00174645 0.000545644 0
-0.0363617 0.144012 0
-0.0306496 -0.00209899 0
-0.0176844 -0.000134328 0
0.0126026 0.00468117 0
-0.00348991 -0.00546751 0
-0.00831326 0.00359862 0
-0.00609203 0.00359766 0
0.00266575 -0.00148211 0
0.00212062 -0.00184834 0
-0.0895996 0.307704 0
-0.0867281 0.258302 0
0.0366935 -0.0107357 0
0.0255723 -0.0054499 0
0.00541049 0.000459333 0
0.00527414 0.0005264 0
-0.00819583 -0.0134748 0
-0.0111868 -0.0160394 0
0.00653487 0.0254343 0
0.0477381 -0.0186311 0
0.0270917 -0.0163874 0
0.0178095 -0.00970446 0
-0.00670159 -0.00560708 0
-0.00657073 -0.00630106 0
-0.00712109 -0.00612373 0
0.00928822 -0.00401426 0
0.00985059 -0.00347392 0
-0.023109 -0.000455658 0
-0.0254449 -0.000414944 0
0.0192025 -0.0436257 0
0.0211383 -0.0508617 0
0.00083732 9.26778e-05 0
-0.000599596 -0.000397362 0
0.0631449 -0.0397241 0
0.0551916 -0.0294475 0
-0.0418435 -0.0600101 0
-0.000253052 -0.00225335 0
-0.00120709 -8.55796e-05 0
-0.0101401 -0.00283112 0
-0.0108806 -0.00104378 0
-0.00959193 -0.00198449 0
-0.26604 0.660735 0
-0.0502439 0.486347 0
0.339278 -0.0308134 0
0.346998 -0.0821693 0
-0.0145768 -0.00770935 0
-0.0178064 -0.0043576 0
-0.0140972 -0.00540623 0
0.00492896 0.00149634 0
0.00477667 0.00123926 0
0.0479722 0.0621112 0
0.0410853 0.0516572 0
0.000412876 -0.00588866 0
0.00123681 0.000311071 0
0.00147023 0.000339596 0
-0.00214137 -0.00260262 0
0.00888722 -0.00125937 0
0.00642517 -0.00100466 0
0.0043056 0.000122922 0
0.0057837 -0.000962531 0
0.00592111 -0.0010257 0
0.00685713 -0.00081226 0
0.00712603 -0.000792255 0
0.00381803 -0.00127642 0
-0.00723741 -0.000959937 0
-0.00732852 -0.000505812 0
-0.00703752 -0.000654043 0
-0.00560574 -0.00244446 0
0.00139023 -0.000410936 0
0.0084134 -0.00240808 0
0.00468405 -0.00421382 0
0.00512173 -0.00149158 0
0.00504504 -0.00165211 0
-0.00811743 0.00129696 0
0.00123067 0.000846805 0
0.00659497 0.00391219 0
0.0370037 -0.0298432 0
0.032088 -0.0219732 0
-0.00882405 -0.145775 0
-0.0114901 -0.124318 0
0.00579481 -0.00687868 0
-0.0120508 -0.00241323 0
0.00257004 -0.000262525 0
0.00576616 -0.00204296 0
0.0069573 -0.00350145 0
0.0032278 -0.00243706 0
0.0034076 -0.00288119 0
0.00441235 -0.000936204 0
0.00379242 -0.00075029 0
-0.0034189 0.00119781 0
-0.00348105 0.00103067 0
0.00359843 -0.00806744 0
0.00397015 -0.00874729 0
0.00593677 -0.00056822 0
0.00428257 -0.000401782 0
-0.00560616 0.00349849 0
-0.00360894 0.00334603 0
0.00180888 -0.00328081 0
-0.00497099 0.00348682 0
0.0411985 -0.0180206 0
0.0375881 -0.0241492 0
-0.227322 -0.16505 0
-0.565191 0.810859 0
-0.448453 0.713133 0
-0.0019526 0.00056059 0
-0.530443 -0.053817 0
-0.625705 0.0833157 0
0.00681231 -0.000391251 0
-0.000461266 -0.00237854 0
0.000520598 -0.00403781 0
0.000256199 -0.00386776 0
-0.422083 0.992533 0
0.18878 0.0432028 0
-0.00467814 0.000610331 0
-0.00651254 0.000901235 0
-0.00798105 -0.00155674 0
-0.00803776 -0.00125285 0
-0.00643917 0.0025186 0
0.0109548 -0.00159339 0
-0.000975087 -8.19445e-05 0
0.0136881 -0.01371 0
0.0155424 -0.0119538 0
0.01021 -0.000800417 0
0.00870851 -0.000739329 0
0.00569435 -0.00304938 0
0.00578291 -0.00284938 0
-0.0023174 -0.00575839 0
-0.00242619 -0.00624963 0
-0.31179 0.0627723 0
-0.00266441 0.0017659 0
0.280601 0.358126 0
0.278265 0.324305 0
0.00134464 -0.000413245 0
0.00508952 -0.00288133 0
0.0051108 -0.00312365 0
0.387372 0.00970278 0
0.336229 0.0175468 0
-0.00750554 0.000208758 0
-0.00750618 0.000565249 0
-0.0293162 -0.12839 0
0.648064 -0.211786 0
0.0196334 0.0211062 0
0.0155904 0.020778 0
-0.00493377 -0.00029946 0
0.0192912 0.00273459 0
0.0144633 -0.0638796 0
0.00643409 -0.0658906 0
-0.0490332 0.0766357 0
0.00576518 -0.00209347 0
0.00585804 -0.0021155 0
0.00634706 0.00341177 0
0.00599378 0.00294223 0
-0.000977418 -0.00471703 0
-0.000750513 -0.00451362 0
0.00191299 -0.00264446 0
0.00202154 -0.00286076 0
0.00463135 -0.000359913 0
0.00481553 -0.0004589 0
0.00663264 -0.000603065 0
-0.100949 0.360814 0
0.0105733 -0.00564224 0
0.00369213 -0.0889276 0
0.0165479 -0.0905693 0
0.00566774 0.00266927 0
0.00526579 -0.00249711 0
0.00500824 -0.00262359 0
0.00503441 0.00118107 0
0.00486108 0.00107767 0
-0.0682199 -0.0254723 0
-0.0704447 -0.0170604 0
-0.0607527 -0.0182486 0
0.00203583 0.00015823 0
0.00205234 4.455e-05 0
-0.00244847 -0.00325724 0
-0.00222232 -0.00313049 0
0.00171857 0.000186389 0
0.00864863 -0.00119434 0
0.00114374 -0.0022235 0
0.00111033 -0.00241447 0
0.000987212 -0.00226999 0
-0.00759924 0.0011279 0
-0.00887568 0.00147628 0
-0.0574156 0.131274 0
-0.069815 0.113317 0
-0.297829 -0.40517 0
-0.194437 -0.436014 0
-0.370513 -0.323909 0
-0.00461085 0.000180958 0
-0.00476894 -0.000133623 0
0.00122111 -0.000645453 0
0.00156579 -0.000886894 0
0.117017 -0.181074 0
-0.0440167 0.261098 0
-0.00602955 -0.00618604 0
0.00368823 -0.00302525 0
0.00413293 -0.00234972 0
-0.0460417 -0.0231666 0
-0.0608877 -0.0256999 0
0.00433211 -0.00150522 0
0.00719163 -0.000641861 0
0.00937862 -0.000764738 0
-0.00389479 -0.00296301 0
-0.00562891 0.00154512 0
-0.00578421 0.00194361 0
0.83068 0.755508 0
-0.522574 -0.188016 0
-0.00616489 -0.000384692 0
-0.00228677 0.000569552 0
0.00457571 -0.0032085 0
0.00737843 -0.000751722 0
-0.016988 -0.109063 0
0.0431987 0.0187736 0
-5.51911e-05 -0.000250564 0
0.00202827 -0.0023333 0
0.00370999 -0.00311327 0
0.00514744 -0.0107595 0
-0.0169505 -0.000588908 0
0.00252604 -0.00775618 0
0.000820654 2.57402e-05 0
-0.608451 0.306511 0
0.00505044 -0.00077605 0
0.00491841 -0.000850698 0
0.634507 0.0969616 0
0.620853 0.039106 0
0.5717 0.0529812 0
-0.0150856 0.00307711 0
0.00700271 0.000241513 0
0.00508885 0.000721987 0
0.00514517 0.000581278 0
0.00501841 0.000637447 0
-0.00597351 0.0950559 0
0.00466296 -0.00553806 0
0.00424333 -0.0052234 0
0.00675971 -0.000744674 0
0.00451314 -0.00177919 0
0.00304835 -0.00115283 0
0.00441701 -0.00181578 0
0.0117727 -0.00104208 0
0.0117115 -0.00111776 0
0.00462065 -0.00261893 0
0.00427569 -0.0162526 0
0.00667848 -0.0153236 0
0.00503865 -0.0212401 0
0.00545587 -0.00223695 0
0.00542585 -0.00241733 0
0.0067618 -0.00980595 0
0.00717034 -0.0108391 0
0.00680089 -0.0127758 0
0.00577818 -0.000302672 0
0.00613693 -0.000371431 0
0.00597326 -0.000405253 0
0.00451457 -0.0290256 0
0.0115871 -0.000951496 0
-0.370976 -0.211497 0
-3.98623e-05 -0.000150163 0
0.000881013 8.53448e-05 0
0.203467 -0.341662 0
0.176216 -0.348958 0
-0.0126062 0.00321339 0
-0.0129546 0.00273868 0
0.212938 -0.316431 0
-0.00330803 -0.00109778 0
0.00345611 -0.00283187 0
0.00314641 -0.00237269 0
-0.0108655 0.00275465 0
0.0109647 -0.00295679 0
0.0102372 -0.00316962 0
0.00205725 -0.000199103 0
0.00230872 -0.00025097 0
-0.0533789 -0.110361 0
-0.00317834 0.00140425 0
-0.0329694 0.453945 0
-0.117654 0.404511 0
0.00971312 -0.000835296 0
0.00710676 -0.000648418 0
-0.00182485 0.00158714 0
-0.00351099 0.000706374 0
-0.00370578 0.000994117 0
0.00392056 -0.000720566 0
0.00397189 -0.000950281 0
0.00384062 -0.000841534 0
-0.00368349 -0.00497299 0
-0.00368923 -0.00454438 0
-0.00336315 -0.00457912 0
-0.00939577 -0.0054792 0
-0.00366022 -0.00413683 0
-0.00404387 -0.00444188 0
-0.00759282 0.00138724 0
-0.00740085 0.00158468 0
-0.0695637 -0.397143 0
0.00420669 -0.00253639 0
0.00184382 -0.000999399 0
0.00578347 -0.000634914 0
-0.00237372 -0.00502747 0
-0.00250392 -0.00466138 0
-0.00559476 -0.00337927 0
-0.0048967 -0.00298064 0
-0.00648665 -0.00244767 0
6.08364e-05 -0.00814868 0
-0.000212865 -0.00876823 0
0.00683024 0.0023666 0
0.00719671 0.00263692 0
0.00370672 -0.00180759 0
0.00739108 -0.000632488 0
0.00723416 -0.000803156 0
-0.00314378 0.00303977 0
-0.00264861 0.00278967 0
-0.00561561 -0.00124735 0
-0.000469938 -0.00289764 0
-0.000695915 -0.00302658 0
-0.000641705 -0.00284158 0
0.0065395 -0.000681053 0
0.00476578 -0.000524767 0
0.00685471 -0.000719328 0
0.000112014 -0.00233435 0
0.000115196 -0.00257732 0
-0.00519006 0.000713564 0
0.0497879 -0.0215949 0
0.0454232 -0.0133159 0
0.0251911 -0.0118462 0
0.0155879 -0.00723665 0
0.0104203 -0.00450826 0
-0.00845005 -4.58752e-06 0
-0.00753 0.0018635 0
0.00175511 -0.000766848 0
0.000977795 -0.000339412 0
-0.0076002 -0.00153371 0
-0.0070186 -0.0011715 0
-0.572134 0.848883 0
-0.631868 0.68883 0
0.00130642 -0.000124164 0
0.00472996 -0.000489556 0
0.00133449 -0.000488112 0
0.00958907 -0.00430984 0
-0.00404112 -0.00241694 0
-0.0039508 -0.00302985 0
-0.00648165 0.000693191 0
-0.00678987 0.00038586 0
-0.0137103 -0.000147426 0
-0.0253011 -0.0018217 0
0.00450894 -0.00680176 0
-0.00338508 0.00160014 0
-0.00349772 0.00149841 0
0.00183247 -0.00546703 0
-0.0041929 0.00188396 0
0.010145 -0.00044489 0
0.0499148 -0.0499657 0
-0.0058825 -0.000208957 0
-0.000982454 -0.000314859 0
-0.00510953 -0.000480991 0
0.00205945 -0.000227389 0
0.0050983 -0.000549043 0
-0.0032977 -0.00601548 0
-0.00366708 -0.0056377 0
0.00851224 -0.0145893 0
0.00808152 -0.011216 0
0.0747371 -0.100524 0
0.0837137 -0.0884559 0
-0.00329812 -0.000128528 0
-0.00672307 -0.000272609 0
0.00732215 -0.000799963 0
-0.0076617 0.00119403 0
-0.00150967 -0.00366855 0
-0.00154253 -0.0039925 0
0.00377163 -0.000336248 0
0.00259132 -0.00180284 0
0.0241477 0.0919015 0
0.0289927 0.081393 0
0.000892241 -0.00334873 0
0.000747124 -0.00319044 0
0.000915718 -0.00316464 0
0.00933773 -0.00620451 0
0.544509 -0.336479 0
0.0147247 0.444891 0
0.000949716 7.29032e-05 0
0.00304459 -0.00443101 0
-0.00331748 0.000450436 0
0.00492183 0.000669232 0
0.00478816 0.000579973 0
0.00483673 0.000698011 0
0.00229671 -0.00468657 0
0.00223928 -0.00498168 0
-0.00500394 -0.000745707 0
-0.0043179 -1.10747e-05 0
0.00398002 -0.00053153 0
0.00408546 -0.000618989 0
-0.000994027 -0.00665199 0
0.00722929 -0.000800775 0
0.0029519 -0.00255123 0
0.00269454 -0.00257664 0
0.287952 -0.560162 0
0.24826 -0.567726 0
-0.00880753 -0.000705226 0
-0.00761745 -0.00233395 0
0.00568271 7.63745e-05 0
0.00601472 1.57474e-05 0
-0.00124879 -0.00921036 0
-0.000600387 -0.00937879 0
0.00126697 -0.00253044 0
-0.00499362 -0.0232375 0
-0.244688 -0.450584 0
0.672613 0.694199 0
-0.00751409 -0.000801137 0
-0.00792824 -0.000770976 0
-0.00874849 0.000295432 0
-0.0788616 -0.0309059 0
0.319272 -0.148584 0
-0.0127699 0.0554942 0
0.00894958 -0.00171857 0
-0.00644956 -0.00510163 0
0.00416654 -0.000943124 0
0.00419691 -0.000742856 0
-0.000914462 -0.00514001 0
-0.00121344 -0.00490005 0
0.0266466 0.0168636 0
0.0325748 0.0178159 0
-0.00685644 -0.00223801 0
-0.00130905 -0.00561573 0
-0.000604793 -0.00805128 0
0.00750503 -0.000766638 0
0.00833596 -0.000772447 0
-0.00440647 0.00106081 0
-0.00424479 0.000944377 0
-0.0043365 0.000777076 0
-0.00795507 0.00148313 0
0.00576927 0.000384878 0
0.00578545 0.000446198 0
-0.0116464 -0.00327977 0
-0.0134372 -0.00387849 0
0.00827937 -0.000753633 0
0.0085041 -0.000756662 0
-0.225548 -0.389786 0
-0.234342 -0.42349 0
-0.0113668 -0.0102495 0
-0.0128805 0.00274334 0
-0.0126615 0.0030225 0
0.00369853 -0.00105681 0
0.00689063 0.000237815 0
0.00410669 -0.000307427 0
-0.0100034 -0.00663312 0
0.00165876 -0.000748228 0
-0.00176377 -0.0482282 0
-0.395095 -0.259891 0
-0.324079 -0.324108 0
0.0942034 0.0184848 0
0.100055 0.00291983 0
0.00885034 -0.00424056 0
0.000430586 -0.000838794 0
7.34696e-05 -0.00133478 0
0.018247 -0.00364497 0
0.0148338 -0.00291237 0
0.00985511 0.000295944 0
0.00561046 0.00030883 0
0.00572132 0.000349985 0
1.13343 0.489191 0
-0.0919839 -0.19431 0
-0.0961268 -0.162901 0
0.00421876 -0.000560537 0
0.00428667 -0.000364804 0
0.00281739 -0.00431119 0
0.00289332 -0.0046585 0
0.00594373 -0.00255019 0
0.00553233 -0.00229178 0
0.0309399 0.0530988 0
0.0328771 0.0444184 0
-0.00480179 0.000298664 0
-0.00452614 0.000365949 0
-0.00468564 -0.0469819 0
0.0104819 -0.000619336 0
0.012531 -0.00829228 0
0.0119664 -0.00664064 0
0.0116764 0.0888486 0
-0.0335698 -0.00162788 0
0.00545473 -0.0135639 0
-0.00211412 -0.00549945 0
0.00460907 -0.00209757 0
0.00455932 -0.00196109 0
0.00469163 -0.00191716 0
0.00252475 -0.000216781 0
0.000850108 0.000346046 0
-0.00742136 0.00164492 0
-0.00439868 -0.00468298 0
-0.00430548 -0.00420981 0
-0.00720798 -7.63714e-05 0
-0.0256481 -0.0966501 0
-0.0104313 -0.0825969 0
-0.0121046 0.00206213 0
-0.0123244 0.00215369 0
-0.00985162 0.00157403 0
0.00168511 -0.000868252 0
0.00382176 -0.00209128 0
0.31516 -0.542006 0
-0.00430597 -0.00387689 0
-0.00421633 -0.00347786 0
-0.00392193 -0.00363089 0
0.117848 0.0276194 0
0.0968638 0.0334908 0
0.00452163 -0.000716562 0
0.00190887 -0.000328168 0
-0.000396795 -0.00519564 0
-0.00404299 -0.00324453 0
0.00101119 -0.0038296 0
0.00113012 -0.00364054 0
0.00121087 -0.00383309 0
-0.00303588 -0.00377213 0
-0.00285381 -0.00353784 0
-0.00263168 -0.00375742 0
0.000980061 -0.000275813 0
0.000969447 -0.000265225 0
-0.00329395 0.00147378 0
-0.00327654 0.00143455 0
0.00326144 -0.00550721 0
-0.0230546 -0.0157907 0
-0.0157302 -0.0163362 0
-0.0161392 -0.00962516 0
0.875409 0.0604522 0
-0.000455942 -0.00326536 0
-0.000327214 -0.00308111 0
0.00683694 -0.0156143 0
0.00716725 -0.0114755 0
-0.319667 0.524276 0
-0.00343057 0.00119231 0
-0.00364291 0.00126513 0
-0.00346531 0.00132985 0
0.207054 -0.304499 0
0.179514 -0.289667 0
0.0062032 -0.0044126 0
-0.0539297 -0.0186928 0
-0.0459697 -0.0160723 0
0.280039 0.19984 0
0.221721 0.213611 0
0.267278 0.236411 0
-0.0740942 -0.146893 0
-0.088918 -0.16948 0
-0.103458 -0.133896 0
0.51019 -0.0763344 0
0.5777 -0.0418344 0
0.000718936 -7.53495e-05 0
-0.00583618 -0.255913 0
0.0113344 -0.295616 0
0.0053053 0.00133064 0
-0.00343833 0.000981862 0
-0.0701538 1.43065 0
0.00370844 -0.000412051 0
0.000841753 -0.000110959 0
0.00329256 -0.00213614 0
-0.000513068 -8.97068e-06 0
-0.000747913 5.61489e-05 0
0.0115001 -0.00510804 0
-0.0026065 -0.00283599 0
-0.00259071 -0.00309249 0
-0.00277942 -0.00287484 0
0.000352801 -8.8381e-05 0
0.00022898 -9.16432e-05 0
-0.0558541 -0.0115912 0
-0.00383239 -0.00629677 0
0.222486 -0.156339 0
0.183735 -0.212093 0
0.00853633 -0.00075624 0
0.00915735 -0.00076649 0
0.271273 -0.161985 0
0.00209407 -0.000301071 0
0.00953174 -0.000721668 0
0.0420493 0.0719892 0
0.0278634 0.0713288 0
-0.0572224 -0.0414988 0
0.264492 0.275518 0
0.00275996 -0.00361152 0
0.00286736 -0.00336085 0
0.00691951 0.000278852 0
0.0047642 -0.00181902 0
-0.00239709 -0.00157836 0
-0.128449 -0.291351 0
-0.13012 -0.330864 0
0.0015169 -0.00488136 0
-0.00879638 0.00357682 0
-0.00324525 0.00108549 0
-0.00153493 -0.00203777 0
-0.00143969 -0.00185036 0
-0.00727121 -0.00201916 0
-0.00685137 -0.00216502 0
-0.00785266 -0.000402181 0
-0.00682984 -0.00140787 0
-0.00360299 -0.00254919 0
-0.00339593 -0.00254667 0
-0.0194501 -0.000255452 0
0.00303928 -0.00742887 0
0.00541809 -0.00266821 0
-0.00292223 -0.00268933 0
0.0104521 -0.018563 0
0.00403565 -0.000423987 0
0.00514373 0.00083836 0
-0.000866542 -0.00278811 0
-0.00166596 0.00023149 0
-0.00297695 0.000391986 0
-0.00421883 0.000498831 0
-0.00260459 -0.000216431 0
0.000831773 -0.00139196 0
0.196326 -0.264458 0
-0.00216176 -0.0039135 0
-0.00401258 0.00055564 0
0.054764 -0.0801408 0
0.0543087 -0.0983112 0
0.665408 0.155367 0
-0.00093629 -0.00365674 0
-0.00113515 -0.00379802 0
-0.00410592 0.00116279 0
0.00554489 -0.00514474 0
1.09504 0.420685 0
0.0114704 -0.0201697 0
0.0106977 -0.0238594 0
0.00831444 -0.00581783 0
0.00828814 -0.0047115 0
-0.0079073 0.00116026 0
-0.00536057 -0.00590834 0
-0.00534874 -0.00581184 0
0.0216848 -0.0139319 0
0.00580043 -0.00135874 0
0.569436 -0.293993 0
0.00842873 -0.000726617 0
2.67273e-05 0.000142101 0
0.000839908 0.000195221 0
-0.00490698 -0.000763017 0
-0.00488337 -0.00161856 0
-0.00680779 0.00205893 0
-0.00750459 0.00241253 0
-0.00738215 0.00207377 0
0.540672 -0.123344 0
0.671867 -0.037004 0
0.00674568 -0.0148783 0
0.00687428 -0.012559 0
0.590167 0.337248 0
0.57165 0.290956 0
0.00270026 -0.000924492 0
0.00102315 -0.000331737 0
0.0079858 2.37792e-05 0
0.00791581 3.28041e-05 0
0.00909699 -0.000216641 0
0.00807978 -0.000748229 0
0.00566498 -0.000574787 0
0.00113322 -0.000166386 0
0.00100182 -0.00016824 0
0.00561274 -0.000637124 0
-0.000179135 6.95767e-05 0
0.000538356 -1.26574e-05 0
0.00690865 -0.00861708 0
0.00666873 -0.00717646 0
0.00260746 -0.0047599 0
0.00237236 -0.0044632 0
-0.0173377 -0.0121996 0
0.00139624 -0.00217218 0
-0.0204555 0.064969 0
0.00104654 -0.00313335 0
0.000213854 -0.000151688 0
0.00497551 0.00053336 0
-0.00662611 -6.57532e-05 0
0.00536267 -0.00900835 0
0.00453199 -0.00912977 0
0.00281159 -0.00058844 0
0.0011167 -0.000236179 0
-0.0802728 -0.0524636 0
0.00912653 -0.0131866 0
0.0100959 -0.014761 0
0.00838058 -0.0155022 0
-0.000231035 4.61082e-05 0
0.00276188 -0.00579099 0
0.00491548 -0.00669631 0
0.00567518 -0.000635332 0
0.261294 0.0741506 0
0.222757 0.0534734 0
-0.021223 -0.003905 0
-0.00148145 0.000611931 0
-0.000937108 0.000785628 0
0.00269837 -0.00183597 0
-0.00164412 -0.00285604 0
0.00497468 -0.00323451 0
0.00479483 -0.00348124 0
0.00477361 -0.00323493 0
0.648384 0.2605 0
0.0600382 -0.0880664 0
-0.0057198 -0.00331537 0
-0.00595053 -0.00243813 0
0.00295383 -0.00315014 0
-0.00619771 -0.00208134 0
0.00540527 -0.00154008 0
0.00532762 -0.00168589 0
-0.00329276 0.00154127 0
-0.351726 0.111386 0
-0.00738663 -0.00851467 0
0.334354 0.0633102 0
0.210993 0.287878 0
0.00710053 7.68755e-05 0
-0.0208023 -0.00118592 0
-0.0125962 -9.78577e-06 0
0.00196499 -0.000408456 0
-0.000234294 -7.29658e-05 0
-0.0115712 0.00324006 0
-0.0115961 0.00323426 0
-0.00387762 -0.00234466 0
0.0218954 -0.0599849 0
0.0208578 -0.0732881 0
0.006739 -0.000596007 0
0.00232609 -0.000239802 0
-0.654087 0.556056 0
0.00688352 0.00315056 0
0.00766392 0.00304352 0
-0.00786693 -0.000857693 0
-0.00863598 0.000144797 0
0.00513118 -0.000667679 0
-0.00218764 0.000504412 0
-0.00228887 0.000557876 0
0.00807057 -0.00071553 0
-0.00210821 0.000861968 0
0.00633871 0.000641168 0
0.00520592 -5.13083e-07 0
0.00534011 -2.13799e-05 0
0.000444168 -1.73271e-05 0
-0.000377006 9.47886e-05 0
0.00574832 -0.00986815 0
0.005141 -0.00570409 0
0.00539765 -0.00535672 0
0.000998062 -0.000311726 0
0.00259381 -0.000825677 0
0.287473 0.404296 0
-0.00126879 -0.00394422 0
1.10518 0.410639 0
0.0151106 -0.064418 0
0.00213585 -0.0725745 0
0.00622531 -0.00381904 0
-0.000266246 -0.00366876 0
-0.00053695 -0.00358216 0
0.00559537 -0.000277593 0
0.00118665 -0.000314617 0
0.00118261 -0.000305697 0
0.004879 0.000133647 0
-0.00255853 -0.00666959 0
0.00719353 -0.00065304 0
0.00917829 -0.000756081 0
0.00112992 -0.000231576 0
0.00287658 -0.000573221 0
0.00107919 -0.00124792 0
0.00570399 -0.0012262 0
0.00428642 -0.00422758 0
0.0926262 -0.0136562 0
-0.0035574 -0.00373532 0
-0.00329958 -0.00382533 0
-0.0115596 0.00217155 0
0.0102069 -0.00216411 0
0.00470612 -0.000518096 0
0.527357 0.0600379 0
0.222063 0.0804401 0
0.00213813 -0.00248345 0
0.00586202 0.000103748 0
-0.00185578 -0.0364179 0
-0.00283725 -0.0321368 0
-0.00306268 -0.00099701 0
0.0053028 -0.0258584 0
0.00398027 -0.00270848 0
0.00379247 -0.00287952 0
0.00384481 -0.00265711 0
-0.00210794 0.000293718 0
-0.0356558 -0.00518226 0
-0.00679743 -0.00181194 0
-0.00802906 -0.10246 0
0.0512333 -0.108731 0
0.039704 -0.0383146 0
0.000595353 -0.000487561 0
-0.00307753 0.000964051 0
0.00106913 -0.000256346 0
0.00564561 -0.00203619 0
0.00548839 -0.0020715 0
0.0055096 -0.00192685 0
0.0282569 -0.193323 0
0.00558551 -0.00273882 0
0.00256983 -0.000301932 0
0.00259139 -0.000300973 0
0.00507036 0.00134243 0
0.43821 0.480009 0
0.34548 0.441067 0
0.278521 0.464246 0
0.00493945 -0.00374225 0
0.00524381 -0.00362379 0
-0.0606491 -0.120487 0
0.0703009 0.0473399 0
0.0826203 0.0391259 0
0.00234567 0.00012509 0
0.000864275 -0.000369336 0
0.000659612 -0.000323785 0
-0.0195453 0.0077462 0
-0.00389029 -0.00617701 0
0.0422231 0.027361 0
0.037579 0.0201047 0
0.00461187 -0.00123294 0
0.00695718 -0.00628828 0
0.00120105 -0.00307112 0
-0.00493342 0.00106278 0
-0.00524701 0.00106283 0
0.0507828 -0.00655763 0
0.00861521 -0.000137334 0
-0.0105075 0.0024557 0
0.0299552 0.0614364 0
-0.0788086 -0.227888 0
-0.120598 -0.231816 0
-0.0254808 -0.00293386 0
-0.0235494 -0.00319017 0
0.0067138 -0.00866763 0
0.00719588 -0.00818878 0
0.00608734 -0.0203199 0
-0.00192476 -0.00891614 0
-0.00251442 -0.00938259 0
-0.00747065 -0.0045578 0
-0.0048971 -0.00296419 0
0.0057834 -0.00195218 0
0.194552 -0.564514 0
-0.00178412 0.000399729 0
-0.47988 -0.223682 0
0.51446 0.00295499 0
-0.00732764 0.00216914 0
0.00266524 -0.00333329 0
2.16283e-05 -0.015978 0
0.00286384 -0.0119522 0
0.909133 0.0971961 0
-0.00337427 0.00137714 0
-0.00332095 0.0014516 0
0.00394972 -0.00560978 0
0.00477153 -0.00172406 0
0.00484673 -0.00184431 0
0.00295583 -0.000553131 0
0.00119102 -0.00022828 0
0.00539301 -0.0004837 0
0.528583 1.0259 0
0.00372253 -0.00256159 0
0.425565 0.413211 0
-0.00487306 -0.00575879 0
-0.0393581 -0.00206021 0
-0.0213046 -0.00017932 0
-0.00446444 0.000554122 0
-0.00461479 0.000696187 0
-0.0110089 0.00247115 0
0.0157656 -0.00953178 0
0.0137169 -0.00929845 0
0.00484804 0.000243575 0
-0.0226931 -0.00615556 0
0.000503197 -0.00323617 0
0.00280949 -0.000599915 0
0.000237797 0.00273576 0
-0.00592759 0.00217785 0
0.00282826 -0.00175215 0
-0.0826795 -0.205321 0
0.00207001 -0.000198615 0
0.00201883 -0.000199292 0
-0.00462125 -0.0274108 0
-0.00476601 -0.000495277 0
0.00665585 -0.0150552 0
0.031945 -0.0134737 0
-0.00947056 0.00154758 0
-0.00459293 -0.00330682 0
0.0104413 -0.00066946 0
-0.00330778 0.00133949 0
-0.0236314 0.0108676 0
0.00473242 -0.000456333 0
0.00183024 -0.000185868 0
0.0290912 -0.206468 0
0.0253424 -0.174889 0
0.0535451 -0.180454 0
0.00443279 -0.00167348 0
-0.0126448 0.00282018 0
-0.00603651 0.0021993 0
0.01053 -0.00377996 0
0.0105524 -0.00389073 0
0.0103231 -0.00431946 0
0.00924514 -0.00622205 0
0.0082599 -0.00359244 0
-0.00731 0.00360478 0
0.00706793 -0.0104692 0
-0.00177581 0.000728316 0
0.00418199 -0.000107106 0
-0.00474697 -0.0011214 0
-0.00453125 -0.00126033 0
0.132232 -0.342617 0
0.0906677 -0.334973 0
0.00143057 -0.00511411 0
-0.000871306 0.000117131 0
0.481764 0.51603 0
0.553497 0.481104 0
-0.00125347 -0.00369089 0
0.000712365 1.84854e-05 0
0.000778022 2.52108e-05 0
0.0020508 -0.00026078 0
0.00206185 -0.000250645 0
0.0076052 -0.00169294 0
0.00513332 -0.00184857 0
0.00497229 -0.00182071 0
0.00258771 -0.000244281 0
0.00258316 -0.000247535 0
0.00105842 -0.000263589 0
0.00540966 -0.000782207 0
0.00551204 -0.000763588 0
0.00383545 -0.00878818 0
-0.00474653 -0.00535235 0
-0.00450898 -0.00499741 0
-0.00425631 -0.00526761 0
-0.00714278 0.000224752 0
0.00182569 -0.000168521 0
-0.00679033 6.39306e-05 0
-0.00711959 0.000123385 0
-0.0288563 -0.00419252 0
0.0079115 -0.000759797 0
-0.235662 -0.214003 0
-0.221998 -0.270673 0
0.00120271 -0.000224808 0
0.0108681 -0.00375759 0
0.00520692 0.000979183 0
0.00524429 0.00115565 0
0.000828106 -0.00393457 0
-0.00410768 0.000835074 0
-0.0041036 0.00045247 0
0.00725857 0.000200187 0
-0.00426659 -0.00172529 0
-0.00409038 -0.00209696 0
0.00273936 -0.000492369 0
0.00423542 -0.00075254 0
0.077278 -0.0918845 0
0.000853438 -0.000310622 0
0.0281057 -0.0111698 0
0.0437555 -0.0202935 0
0.0343745 -0.0162301 0
0.00133391 -0.000131058 0
0.0942897 -0.112544 0
0.120471 -0.108829 0
-0.150327 -0.26199 0
-0.179433 -0.274306 0
0.295655 -0.126883 0
0.436244 -0.209327 0
0.00519747 -0.00199235 0
0.00532964 -0.00210697 0
0.00489053 -0.00203946 0
0.00478867 -0.00226165 0
0.0200375 -0.00524659 0
0.0024308 -0.00531224 0
0.00174493 -0.00509951 0
-0.00749402 -0.000172205 0
-0.029038 -0.00791885 0
-0.0332115 -0.00653148 0
-0.00477702 0.000800981 0
-0.00461771 0.0011138 0
0.00345655 -0.00348546 0
-0.49872 0.944454 0
-0.528628 0.819043 0
-0.00355025 -0.00340982 0
0.000584433 7.3225e-06 0
0.000636355 1.23692e-05 0
0.00449461 -0.00254361 0
0.00468322 -0.00243843 0
0.0114878 -0.000837309 0
0.0112078 -0.000715635 0
0.011096 -0.000687333 0
0.00605995 0.000807511 0
0.0782335 0.283279 0
0.110688 0.306931 0
-0.000706838 -0.0767309 0
-0.000814571 0.00014488 0
-0.00215147 0.000330323 0
-0.00264723 -0.00218703 0
-0.00287394 -0.00193675 0
0.00674096 0.000342749 0
0.00211416 -0.00522372 0
-0.00305831 -0.00412376 0
-0.00970552 0.0026657 0
-0.00471716 -0.000842976 0
0.197434 0.181972 0
0.0015305 -0.00014618 0
0.00468616 -0.00162646 0
0.00457175 -0.00163249 0
0.585092 0.548588 0
-0.0147663 0.00268787 0
0.000312131 -3.12156e-05 0
0.000324864 -3.62233e-05 0
-0.00599442 -0.00535277 0
0.00496547 -0.000584738 0
0.00806105 0.00722799 0
-0.00570638 -0.00349026 0
-0.00395191 0.000543927 0
0.00203987 -0.000235653 0
0.00679119 -0.000682042 0
0.00699136 -0.000749373 0
0.0759072 -0.0324059 0
0.0836072 -0.0237281 0
0.0868538 -0.0380526 0
-0.00323148 5.89709e-06 0
0.0327555 -0.0113378 0
-0.00302704 -0.00179837 0
-0.00331219 -0.00162538 0
0.0999867 0.0524615 0
0.000746778 -0.000108509 0
0.0475876 0.309667 0
0.00151252 -0.00247824 0
0.00101264 -0.003462 0
0.00081709 -0.00350007 0
0.404269 -0.228955 0
0.336148 -0.246789 0
0.00420338 -0.00024468 0
0.00628418 0.000306412 0
-0.0703314 -0.0639255 0
-0.0610204 -0.0540005 0
0.000588203 -1.7722e-06 0
0.00493962 -0.000976735 0
0.00480246 -0.000890114 0
-0.000868155 -0.00702043 0
0.0516949 -0.0390635 0
0.0586661 -0.0447426 0
0.0488994 -0.0495957 0
-0.00132848 -0.00697335 0
-0.00174279 -0.00680545 0
0.00538467 0.00232446 0
-0.165887 -0.3471 0
-0.219168 -0.344319 0
-0.20414 -0.308259 0
0.0165818 0.328745 0
-0.0207066 0.292777 0
0.177162 0.152781 0
-0.0354412 -0.0377936 0
-0.0383772 -0.027501 0
-0.0276651 -0.0297398 0
0.031665 0.02399 0
0.0274257 0.026775 0
0.0310879 0.0306282 0
0.00765552 -0.0115096 0
-0.00587543 -0.00352666 0
0.00466802 -0.00221582 0
0.00451461 -0.00224827 0
0.0105086 -0.00451022 0
0.0230219 0.018751 0
0.00517906 -0.0033697 0
0.00489562 0.000434702 0
-0.0902566 -0.131435 0
-0.11803 -0.155834 0
-0.00398216 -0.0428664 0
0.00191143 -0.00611821 0
-0.000559681 -0.00563974 0
0.000668619 -0.00487217 0
0.00183554 -0.00017701 0
0.0100479 -0.0047682 0
0.0235438 0.0240842 0
-0.00224257 -0.000702639 0
0.00459114 0.000277007 0
0.00472522 0.000257851 0
0.00182316 -0.000177174 0
-0.0128454 0.00219386 0
-0.0124864 0.0021281 0
0.000389364 -0.000199473 0
0.0035933 -0.00248904 0
0.0117852 -0.0172841 0
0.0451281 -0.0569269 0
0.0424917 -0.0458928 0
-0.00179436 6.34525e-05 0
-0.00480847 -0.00402078 0
0.00601902 -0.000480657 0
0.00616718 -0.000609641 0
0.582479 0.421213 0
0.623096 0.455579 0
0.701698 0.423007 0
0.777239 0.462682 0
1.01604 0.421684 0
-0.00692795 -0.00586464 0
-0.00635282 -0.00477189 0
0.00452933 -0.000823435 0
-0.000763228 -0.00351456 0
-0.000592894 -0.00339426 0
0.0670702 -0.0398397 0
0.0668335 -0.0276398 0
-0.270965 -0.338818 0
0.00150015 -0.000141744 0
-0.00172196 -0.000663399 0
-0.212408 1.23659 0
-0.133227 1.36339 0
-0.00442121 -0.00034327 0
-0.00613213 0.000675168 0
0.692807 0.216312 0
0.00717784 -0.000718071 0
-0.00528229 -0.00413573 0
0.0118403 -0.0143769 0
-0.00986187 0.0029418 0
-0.0116265 0.00327316 0
-0.00264693 -0.00334262 0
0.100625 -0.159193 0
0.0106857 -0.00056972 0
-0.00402249 0.000815474 0
0.00833222 -0.00198681 0
0.0284604 -0.0547649 0
0.0318503 -0.0475886 0
0.034561 -0.0601074 0
0.00484058 -0.00090424 0
0.00553676 -0.000965941 0
0.0203905 -0.00184498 0
0.00561221 -0.00363935 0
-0.20794 -0.112696 0
-0.381023 0.0291387 0
-0.399525 -0.0854118 0
-0.00794221 0.0011737 0
0.887862 0.150318 0
0.783261 0.062298 0
0.00450644 -0.166849 0
0.00525178 -0.00303422 0
0.00266941 -0.00238199 0
0.00254388 -0.00219882 0
-0.00242567 -0.00382632 0
-0.0025583 -0.00410014 0
0.0109747 -0.00330906 0
0.00408052 -0.00146259 0
0.0024356 -0.00425437 0
-0.0501386 -0.00571478 0
-0.00325555 0.00106885 0
0.00332892 -0.000424307 0
-0.15612 -0.21793 0
-0.00387946 -0.00530073 0
-0.00284419 -0.00239613 0
0.00605513 0.000400819 0
0.00516662 -0.000578396 0
0.00835313 -0.0119844 0
0.00933311 -0.011574 0
0.409627 -0.298792 0
-0.0598364 -0.00807078 0
-0.0138301 0.00263672 0
0.0372418 -0.0115737 0
0.0419825 -0.0154002 0
0.00411918 -0.00251815 0
0.00410416 -0.00273549 0
0.0213628 -0.0482392 0
0.00558136 -6.7642e-06 0
0.00541673 6.86478e-06 0
0.00547207 5.58298e-05 0
0.42506 1.25407 0
0.0024124 -0.000614895 0
0.0529539 -0.276868 0
0.0449346 -0.239366 0
0.00384226 -0.00673438 0
0.00335435 -0.0070715 0
0.00345893 -0.00668176 0
0.00469402 -0.000689622 0
0.0135584 -0.00155357 0
0.00832404 -0.00137223 0
0.00830145 -0.00166487 0
0.00394054 -0.00128908 0
-0.00319457 -0.00251888 0
-0.00345662 -0.00230925 0
-0.413726 -0.195222 0
0.00205366 -0.000312831 0
0.000472057 -0.00227369 0
0.00449049 -0.00183577 0
0.00441341 -0.00199024 0
-0.00516878 -0.0177025 0
-0.00635143 -0.013381 0
-0.00426363 -0.00144065 0
0.00810867 -0.000783791 0
0.00663516 -0.000714048 0
0.00544277 -7.84376e-05 0
0.00544494 -0.000159449 0
0.156244 -0.238494 0
0.302644 0.0980414 0
-0.193848 -0.193737 0
0.016126 -0.00933239 0
0.0261462 -0.0170597 0
0.0262273 -0.00191525 0
0.0282537 0.000715899 0
0.00485845 -0.000846405 0
-0.0207716 -0.00902699 0
-0.0248939 -0.00856634 0
0.0527402 -0.0763653 0
0.0386247 -0.0788499 0
0.0420382 -0.0665957 0
-0.0138657 0.00288516 0
0.00505252 -0.00303444 0
-0.0060567 3.63367e-05 0
-0.00610336 -0.0236323 0
-0.0124849 -0.0186873 0
0.000285663 -0.00230269 0
0.00528489 -0.00181421 0
-0.00762959 -0.00558791 0
-0.008108 -0.00566814 0
-0.0295962 -0.0487934 0
-0.0452152 -0.0457928 0
6.01492e-05 -0.00369064 0
0.000364572 -0.00365235 0
0.000315615 -6.50203e-05 0
-0.00460915 -0.000644934 0
-0.0125994 0.00307942 0
-0.102634 -0.0657983 0
-0.0878125 -0.0748337 0
0.147687 -0.395513 0
-0.0115033 0.00258096 0
0.00431662 -0.00261924 0
0.00440027 -0.00246145 0
0.000380639 -7.12576e-05 0
0.000378436 -4.38382e-05 0
-0.00537037 -0.00585737 0
0.00575149 -0.00148349 0
-0.00225678 -0.00526679 0
0.00225628 -0.0394061 0
0.000595296 -0.000527692 0
3.64121e-05 7.73889e-05 0
0.00623345 0.000777851 0
0.00643454 -0.000584228 0
0.024235 -0.0587198 0
0.0271497 -0.0664701 0
0.010814 -0.0105572 0
0.00968719 -0.0101038 0
-0.00177522 -0.00166197 0
-0.0020104 -0.00153709 0
-0.00422282 -0.00888579 0
-0.0048422 -0.00930475 0
-0.00463896 -0.00858992 0
-0.0021381 -0.00145313 0
-0.00227829 -0.00131882 0
0.0254039 0.0033726 0
-0.00828435 -0.00445684 0
0.0117369 -0.0120797 0
0.000454629 -0.00344965 0
-0.00163133 -0.00175848 0
-0.000516346 -0.00224493 0
-0.000736746 -0.00220516 0
0.00441476 -0.000420068 0
0.00487303 -0.000445576 0
0.00598236 -0.00102209 0
-0.00506767 -0.0038858 0
-0.00468336 -0.00402919 0
-0.00386817 -0.00208582 0
0.00237641 -0.00344283 0
0.00228941 -0.00371217 0
0.00152778 -0.0021169 0
0.104693 -0.0255049 0
0.0196925 -0.110374 0
-0.000646274 -0.00320494 0
-0.535785 0.457688 0
-0.635786 0.458341 0
-0.588173 0.305744 0
-0.00542121 -0.00833897 0
-0.00595044 -0.00890827 0
0.0100335 -0.000807185 0
0.0108583 -0.000794102 0
0.000639569 -0.00357829 0
-0.49857 0.165959 0
-0.316219 0.148486 0
0.0100556 -0.000426817 0
0.0274634 -0.0859359 0
0.00832051 -0.00069102 0
-0.003017 -0.00248375 0
0.00362009 -0.00122551 0
0.00250547 -0.00256229 0
-0.00345231 -0.00185705 0
0.0663619 -0.0528706 0
0.00847423 -0.000775777 0
-0.00205962 -0.00652672 0
0.130899 -0.183258 0
0.0907424 -0.148385 0
0.08254 -0.18499 0
-0.00212896 -0.00158941 0
-0.00210226 -0.00174178 0
0.00229574 -0.00273276 0
0.985333 0.243318 0
0.0367812 -0.0441587 0
-0.00521614 0.000259092 0
-0.00675195 0.000407765 0
-0.000136832 0.000605964 0
0.0229612 -0.0393332 0
0.0173447 -0.0376764 0
-0.00422627 -0.00176438 0
-0.00524683 -0.000902275 0
-0.017392 -0.134941 0
-0.0585003 -0.0963086 0
0.00422932 -0.000820441 0
0.007789 -0.00073186 0
-0.0525121 -0.00538229 0
0.00381371 -0.000768861 0
-0.00347949 -0.00207648 0
-0.00367862 -0.0020534 0
0.0523647 -0.024498 0
0.00230851 -0.00234773 0
-0.0895731 -0.0764737 0
-0.0855203 -0.103954 0
0.275255 -0.205128 0
0.00866343 -0.000735553 0
0.00880221 -0.00067593 0
-0.156234 -0.175999 0
-0.00178333 -0.00276107 0
0.167363 0.30772 0
0.00415263 -0.000863275 0
-0.00366361 -0.00929852 0
-0.00282951 -0.00327562 0
0.0379162 -0.068707 0
-0.00286452 -0.00562018 0
-0.00480313 -0.00608578 0
0.0418956 -0.314313 0
-0.00627364 -0.00684648 0
-0.0040717 -0.00157385 0
0.00540074 0.000115916 0
0.00556947 9.51153e-05 0
0.0916451 0.0664511 0
-0.00507822 -0.00744642 0
0.00549123 -0.00031812 0
0.00543161 -0.000249696 0
-0.00545662 -0.00261594 0
0.000352575 -3.68072e-05 0
0.000351804 -2.90382e-05 0
0.00394046 -0.0075742 0
0.00421063 -0.00716009 0
0.00642221 -0.00749213 0
0.00597456 -0.00780148 0
0.00615907 -0.00723241 0
0.00908504 -0.000763298 0
-0.00434611 -0.00414202 0
0.00732492 -0.000541131 0
-0.00380118 -0.000459691 0
0.0551057 -0.000185848 0
0.0607043 -0.0085419 0
0.0975378 -0.0443104 0
0.0853039 -0.0547402 0
0.00495146 -0.00614377 0
0.0048325 -0.00577997 0
0.229035 -0.254036 0
0.28647 -0.247197 0
-0.00543844 -0.00366593 0
-0.00769733 0.00085786 0
0.0012059 -0.0109521 0
0.00019838 -0.010952 0
0.00940004 -0.000673295 0
0.00646416 -0.00681053 0
0.0701755 0.0588116 0
-0.000374901 6.64105e-05 0
-0.00721652 -0.0068953 0
-0.0025741 0.00182326 0
-0.00603546 0.000999481 0
-0.00574436 0.000651714 0
0.0110881 -0.000878656 0
0.00348282 -0.00234196 0
0.00373138 -0.0059159 0
0.00412877 -0.00599775 0
0.763207 0.365369 0
0.762983 0.319315 0
0.664508 0.348634 0
0.0014119 -0.000240764 0
-0.0675993 -0.0669493 0
0.00969622 -0.0053435 0
0.00436878 -0.00232711 0
0.0042259 -0.00233712 0
0.00433261 -0.00215594 0
0.721884 0.263354 0
-0.0053031 0.000551187 0
0.00469269 0.000477483 0
0.00459248 0.000430918 0
0.0327864 0.0368404 0
0.0392015 0.0338904 0
0.00515459 0.00124616 0
1.04078 0.319418 0
0.0190043 -0.00927783 0
0.004641 -0.00660458 0
0.000333187 -6.04531e-05 0
0.000332738 -6.82241e-05 0
0.150727 0.136578 0
0.141008 0.160388 0
-0.0102461 -0.0498915 0
0.00334205 -0.00246819 0
0.00541199 -0.000366256 0
-0.00536531 0.000805201 0
-0.00482836 -0.00811542 0
-0.611084 0.185605 0
-0.663522 0.202262 0
-0.00544362 -0.00308016 0
0.00446067 -0.0058951 0
0.00423582 -0.00629301 0
0.000261408 -0.00478556 0
-0.00326546 -0.00207501 0
0.00307825 -0.00653401 0
0.00347497 -0.00628106 0
-0.00385421 -0.00184401 0
0.154576 -0.150313 0
-0.0232949 1.11787e-05 0
0.0112491 -0.00124818 0
0.0467444 -0.0188541 0
0.00941351 -0.000601427 0
0.00824076 -0.000574008 0
-0.00127747 -0.00561491 0
0.00480312 0.000340444 0
0.00477916 0.00046345 0
-0.0048791 0.000587162 0
0.0120969 -0.0100994 0
-0.000351504 -0.00182761 0
0.00207156 -0.00458283 0
-0.673407 0.311258 0
-0.41268 -0.178792 0
0.00420695 -0.0067052 0
-0.672001 0.414079 0
-0.00054266 6.37739e-05 0
0.00985624 -0.000763453 0
0.0365086 -0.037375 0
0.0376911 -0.030246 0
0.0442606 -0.0342915 0
-0.0675154 0.106602 0
0.0076518 -0.037729 0
0.0460844 0.0345864 0
-0.00534119 -0.00360778 0
-0.0957946 -0.103778 0
-0.107576 -0.121507 0
-0.0903958 -0.144535 0
0.576466 0.375261 0
0.0102751 -0.00075549 0
0.0057519 -0.00848505 0
-0.000951232 -0.00344252 0
0.0100531 -0.000470851 0
0.0134505 -0.0357373 0
0.00806241 -0.000270669 0
0.129211 0.121565 0
0.818801 0.397646 0
-0.00307403 -0.00223934 0
0.0170001 -0.0412061 0
0.00563838 0.000532062 0
0.00623513 -0.0084436 0
0.00639086 -0.00752362 0
-0.00964144 -0.03068 0
-0.000191359 -0.0117484 0
0.00547239 0.000392004 0
0.082097 -0.1431 0
0.00796613 -0.00157847 0
0.0128313 -0.0350157 0
0.0636296 -0.160244 0
-0.00551569 0.00122144 0
0.00592815 -0.0093781 0
-0.00581362 0.00126979 0
0.114136 0.169424 0
0.163487 -0.283106 0
-0.00167927 0.000974743 0
0.000415489 0.00032669 0
0.00340208 -0.00586536 0
0.00541042 -0.00181596 0
-0.00399128 5.18806e-05 0
-0.0524042 -0.0893083 0
-0.0517121 -0.0725586 0
-0.0384904 -0.0733817 0
0.0649177 0.0704034 0
0.0528035 0.0719404 0
0.00928669 -0.000297036 0
0.00971511 -0.00036572 0
0.00231648 -0.00252433 0
0.0060936 0.000438376 0
0.00622183 -0.000692061 0
0.00315955 -0.00252061 0
0.000785727 -0.00372137 0
0.161234 -0.197666 0
0.0401426 -0.0507502 0
0.0299785 -0.0517825 0
0.034677 -0.0448886 0
0.00470571 -0.000949418 0
-0.00198583 -0.00264768 0
0.0813964 -0.0118058 0
0.0699069 -0.00932304 0
-0.00234484 -0.00288666 0
-0.0534261 -0.0447805 0
-0.0609295 -0.0337413 0
-0.105031 -0.10235 0
0.00743166 -4.71291e-05 0
-0.0230065 -0.0239592 0
-0.0175962 -0.0309097 0
0.11027 0.107708 0
0.103003 0.126287 0
0.00473484 -0.000548365 0
0.00468602 -0.00082964 0
-0.265655 1.29556 0
-0.312937 1.20585 0
0.17613 -0.208814 0
-0.0543595 -0.0565942 0
0.0292647 -0.0384709 0
-0.00308642 -0.00442092 0
0.0451461 -0.0590033 0
0.534623 -0.259112 0
0.0101691 -0.000727376 0
0.506541 0.402476 0
-0.0131562 -0.0394806 0
0.063159 -0.0177568 0
-0.37682 0.402711 0
-0.473875 0.572107 0
-0.0282802 -0.0627245 0
-0.131656 -0.372966 0
0.00251263 -0.0037711 0
0.00224464 -0.00394121 0
-0.0191312 -0.0495077 0
-0.25016 0.258586 0
0.000482449 -0.00255078 0
0.00564037 0.000414814 0
-0.24745 -0.440303 0
0.00552788 0.00043977 0
-0.00761216 -0.00115801 0
0.000286389 -0.00257577 0
0.02786 -0.187547 0
-0.00606187 0.000522212 0
0.0501896 -0.068218 0
0.00274742 -0.00384829 0
-0.00727924 -0.00128145 0
0.0956208 0.147786 0
0.00557814 0.000483544 0
0.0111912 -0.226277 0
-0.000985237 -0.0032535 0
-0.00209472 -0.00280458 0
-0.000823944 -0.00312748 0
0.0114283 -0.00384694 0
-0.00192624 -0.00186409 0
0.000179751 0.000481503 0
0.00981184 -0.00467206 0
-0.00514612 -0.0108427 0
-0.0576636 -0.191087 0
-0.0277372 -0.176494 0
0.00594096 -0.00887297 0
0.00903118 -0.00050204 0
0.00857958 -0.000162059 0
0.00230521 -0.00421395 0
0.00256411 -0.00424706 0
-0.00254018 -0.00435637 0
-0.14725 0.372546 0
-0.00216257 -0.0029806 0
-0.00172406 -0.00195769 0
0.0103377 -0.000708969 0
0.00875648 -0.00109237 0
-0.0465444 -0.00346081 0
-0.00570694 -0.0058875 0
-0.0195261 -0.0186586 0
0.0953041 0.0956384 0
0.0508559 -0.0302358 0
-0.0696128 -0.080465 0
0.00484401 -0.00174813 0
-0.00592804 -0.00166542 0
-0.0677439 -0.102247 0
-0.0413671 -0.106637 0
0.294022 -0.305914 0
0.00349618 -0.00759838 0
-0.00700178 -0.001434 0
-0.00734847 -0.00167467 0
-0.164371 1.37319 0
0.0230907 -0.00221804 0
-0.00179071 -0.00179255 0
-0.0272095 -0.0114472 0
-0.404981 -0.251526 0
-0.00307622 -0.00202807 0
-0.00308304 -0.00965691 0
-0.00371503 -0.0101563 0
-0.00551043 -0.00952793 0
-0.0479788 -0.0531597 0
0.0853021 0.0815497 0
0.0792083 0.0692901 0
0.0572975 -0.0237 0
-0.102101 -0.0727671 0
0.0221736 0.00568008 0
0.021502 0.00314718 0
-0.0682861 -0.109301 0
0.00451068 -0.00198738 0
-0.00280355 -0.00429162 0
0.000375571 -0.00242942 0
-0.00489156 -0.00345391 0
-0.00294651 -0.000587989 0
-0.00368277 0.000371578 0
0.00413959 -0.00181723 0
0.00150328 -0.00231375 0
0.361214 -0.36629 0
-0.0370044 -0.0512187 0
-0.0909382 -0.0892286 0
0.00555076 -0.000691898 0
-0.00673386 -0.0017666 0
-0.00360066 -0.0110063 0
0.00271626 -0.0040748 0
0.0826824 -0.0721372 0
0.0745082 -0.061666 0
0.0234759 0.00842728 0
0.00660084 -0.0028174 0
0.0615851 -0.0670741 0
-0.00398415 0.00177367 0
-0.00414618 0.00163191 0
0.304277 -0.367602 0
-0.00437216 -0.0104504 0
-0.00499307 -0.00999748 0
0.021425 0.000296572 0
-0.00553378 -0.00550045 0
-0.00413445 0.00140889 0
-0.00433368 0.00145295 0
-0.00447414 0.00129366 0
0.00855857 -0.000676969 0
0.00459477 -0.000743981 0
-0.00510318 -0.00546394 0
-0.846168 -0.211408 0
-0.225914 0.851903 0
0.454766 0.672703 0
-0.351904 -0.0555366 0
-0.145871 0.00694051 0
0.381026 0.231745 0
-0.0637725 0.0176039 0
0.246599 0.137319 0
-0.0209874 0.0219953 0
0.0622359 0.0869686 0
-0.00281151 0.0153826 0
-0.363945 0.618815 0
-0.57905 0.142264 0
0.000919536 -0.00153226 0
-0.0013633 -0.00106996 0
-0.00281097 0.000427749 0
0.00249625 -0.000851447 0
-0.00123589 0.0404247 0
0.00140078 -0.00134674 0
-0.000990572 -0.001453 0
-0.00212006 -0.000612334 0
0.000707307 -0.00166843 0
0.00344834 0.00898655 0
0.00449863 0.00508914 0
0.00442064 0.00290037 0
0.00416504 0.00164743 0
-0.00303687 0.00156887 0
-0.00293657 0.00106151 0
-0.00375472 0.00202953 0
-0.00525086 0.00312658 0
-0.00927385 0.0158799 0
-0.00739944 0.00649307 0
0.00373943 0.000708052 0
0.00304456 -0.000354697 0
-0.000445443 -0.00165565 0
0.00202518 -0.00114503 0
0.000363529 -0.00173556 0
-0.00244618 -0.000122722 0
-0.214929 0.053077 0
0.00346504 0.000103383 0
0.369378 1.16337 0
-0.455247 -0.209822 0
-0.0943177 0.0359344 0
0.262833 0.27044 0
0.128882 0.762285 0
-0.0334303 0.0335682 0
-1.13679 0.0317806 0
0.11557 0.154595 0
0.0102858 0.0706344 0
-0.00827069 0.0225188 0
-0.000449268 -0.00143956 0
0.000775369 -0.00179382 0
-0.00180519 -0.000994781 0
-0.00130221 -0.00141266 0
0.00156799 -0.00160462 0
-0.218934 1.18965 0
0.00275123 0.013218 0
-0.41401 0.0720656 0
-0.0877907 -0.0030292 0
-0.407893 0.387844 0
-0.00336382 0.0238817 0
0.901293 0.540432 0
-0.140371 0.0681786 0
0.0978305 1.12211 0
0.00304014 0.610364 0
0.387724 0.0383258 0
-0.00275905 0.00073117 0
0.572993 0.0921378 0
0.00520587 0.00703896 0
0.00419313 0.00106484 0
0.00503112 0.00380666 0
0.00461353 0.00211579 0
-0.00451289 0.00200133 0
-0.00281671 0.00136375 0
-0.00329615 0.00162477 0
-0.00544253 0.00479696 0
-0.00650103 0.01026 0
0.00309451 -0.00075657 0
0.115027 0.0604781 0
-0.0331412 0.0137126 0
-0.154198 -0.0731302 0
-0.000151076 -0.00147643 0
0.00182446 -0.00108653 0
-0.00202883 -0.000317287 0
9.97446e-05 -0.00148325 0
-0.00264139 0.000290784 0
0.00205038 -0.00088904 0
0.0406397 0.0517199 0
-0.0560587 0.047453 0
-0.0138885 0.0149154 0
-0.0030624 0.000691272 0
-0.00281338 4.03981e-06 0
0.00224975 -0.00114189 0
0.00370537 0.00382558 0
0.00389655 0.00234424 0
0.00316647 0.00657175 0
-0.00303084 0.00133858 0
-0.00315031 0.00189752 0
0.00365561 0.00126115 0
-0.00397276 0.00274031 0
-0.00692751 0.00368674 0
-0.0103334 0.0089972 0
0.00240667 -0.000393861 0
0.00120964 -0.00122615 0
-0.000914716 -0.00118339 0
0.000644604 -0.00152553 0
-0.00161436 -0.000596041 0
-0.00010368 -0.00183582 0
0.00168943 -0.00136484 0
0.000239447 -0.00183019 0
-0.00239748 -0.000471769 0
-0.00086643 0.0118449 0
0.130727 0.291583 0
0.00151346 -0.00127103 0
-0.00100933 -0.0010069 0
0.0006678 -0.00137402 0
-0.00156616 -0.000792318 0
-0.0133647 0.0263807 0
0.00361022 -0.000248403 0
0.00284196 -3.21127e-05 0
0.0174755 0.0406667 0
0.00111251 0.00977027 0
-0.0162393 0.0323561 0
-1.02945 -0.257982 0
-0.664281 -0.478532 0
0.0308521 0.123152 0
-0.291723 0.131868 0
0.101622 1.47014 0
0.00323721 0.000531248 0
0.0039036 0.000297264 0
-0.007811 0.014697 0
-0.000578328 -0.00172846 0
-0.0473649 0.00500208 0
0.00396046 1.1555 0
0.796227 0.177891 0
0.190882 0.0498807 0
-0.247531 -0.162482 0
0.0436298 0.719347 0
-1.07517 -0.535072 0
-0.000284539 -0.00138777 0
-0.460664 0.324684 0
-0.107528 -0.0379023 0
-0.418288 0.215283 0
0.000223444 0.01951 0
-0.000815446 -0.00127451 0
0.50666 -0.0601889 0
0.00568804 0.0295862 0
0.280611 0.0262237 0
0.562359 0.97789 0
-0.000321908 -0.00150798 0
0.0733014 0.04859 0
0.00120102 -0.00183123 0
-0.00154217 -0.00134444 0
-0.0206924 0.0127601 0
-0.0131103 0.0464605 0
-0.295326 0.0398715 0
-0.00309622 0.000336168 0
0.00277596 -0.00108614 0
0.00210952 -0.00159409 0
-0.00103337 -0.00168019 0
-0.00222938 -0.000823854 0
0.000653754 -0.00189944 0
0.00137963 -0.00103312 0
0.000829749 -0.00135021 0
-0.00167755 -0.000397464 0
-0.00276527 0.000531688 0
-0.000611078 -0.00188419 0
0.00550633 0.0100261 0
0.0056898 0.00508171 0
0.00491681 0.00277774 0
0.00309915 0.00497709 0
0.00349445 0.00300348 0
0.00444981 0.00150681 0
0.00348629 0.0016975 0
-0.00307026 0.00148309 0
-0.00279422 0.00171992 0
-0.00308606 0.001092 0
-0.00264355 0.00109615 0
-0.00333407 0.00238051 0
-0.00381598 0.00145312 0
0.00201567 0.00813678 0
-0.00573078 0.00217783 0
-0.00419087 0.00373762 0
-0.00890023 0.00516953 0
-0.00495765 0.00706316 0
-0.013717 0.0145832 0
-0.00387046 0.0151103 0
0.00353298 -0.000644135 0
0.00231491 -6.32376e-05 0
0.00175123 -0.000604914 0
0.000978073 -0.00120999 0
-0.00128606 -0.000953365 0
-0.516035 -0.0322157 0
0.182176 1.43088 0
0.00349465 0.000936151 0
0.00414977 0.000611798 0
-0.201104 0.117109 0
-0.710571 0.646303 0
0.00177409 -0.000935469 0
-0.00215182 -2.24286e-06 0
0.000738627 -0.00149432 0
0.219849 1.31801 0
-0.859015 0.116823 0
-0.00422968 0.0120163 0
-0.669578 0.116115 0
-0.681394 -0.127506 0
-1.38187 -0.66584 0
0.00208946 -0.00139646 0
0.000271494 -0.00194414 0
-0.00262186 -0.000364248 0
-0.0632423 -0.00619113 0
-0.0862185 0.0694879 0
-0.220043 -0.0229517 0
-0.098455 0.948456 0
-0.000839464 -0.00128622 0
-0.0104829 0.467455 0
-0.0460378 0.0227662 0
-0.334076 -0.375508 0
0.32649 0.403459 0
0.00393569 -0.00029255 0
0.00355573 -7.98747e-05 0
0.00388651 -6.69425e-05 0
0.00306757 0.000334022 0
0.00310132 3.20115e-06 0
0.00305909 0.000329439 0
0.00363403 0.000177817 0
0.00405466 3.70526e-05 0
0.00330118 0.000478453 0
0.00327201 0.000325142 0
-0.0258082 0.0418022 0
-0.0343844 0.0462664 0
0.218061 0.0880944 0
0.162261 0.109693 0
0.17744 0.156064 0
0.0794585 0.22076 0
0.0588839 0.183451 0
-0.00076094 -0.00144643 0
-0.00055808 -0.00157449 0
-0.000809145 -0.00156607 0
-0.000541567 -0.0016963 0
-0.000437124 -0.00154972 0
-0.301628 -0.117571 0
-0.331132 -0.187931 0
-0.403793 -0.122889 0
0.0008706 0.0911041 0
-0.00740687 0.0723656 0
-0.00362966 0.0251363 0
-0.00713156 0.028354 0
0.271709 0.190687 0
0.354486 0.147451 0
0.315484 0.101082 0
-0.606513 0.333407 0
0.0228215 0.232153 0
0.359453 0.734959 0
0.00496434 0.0133501 0
0.00380008 0.0156812 0
0.000762347 -0.001963 0
0.000858487 -0.00194773 0
-0.00197649 -0.00107838 0
-0.00184834 -0.00121206 0
0.00133378 -0.00181201 0
0.00166597 -0.00173813 0
-0.00144248 -0.00151264 0
-0.0013444 -0.00161739 0
0.525363 -0.167038 0
0.557393 -0.00944611 0
0.61952 -0.146746 0
-0.00081958 -0.00172024 0
-0.00103029 -0.00155378 0
0.149529 0.0588591 0
0.120404 0.10282 0
-0.000546883 -0.00176943 0
-0.00061307 -0.00180326 0
0.00322967 0.123675 0
0.0198629 0.0936461 0
-0.0430767 0.0399585 0
-0.0451942 0.0565275 0
0.0460128 0.308007 0
0.138472 0.211457 0
-0.0115252 0.0270332 0
-0.0106687 0.0347044 0
0.704379 -0.115509 0
0.00179935 0.0160778 0
0.00292195 0.0194186 0
0.03263 0.0824085 0
0.0505263 0.105341 0
0.0842501 0.116159 0
0.0885855 0.0786646 0
0.420823 0.106737 0
0.314251 0.261004 0
-0.00152587 0.017449 0
0.000283255 0.0146621 0
-0.00220836 -0.000987474 0
-0.00203636 -0.000925624 0
0.000700728 -0.00203398 0
0.000715715 -0.00187655 0
0.00184357 -0.00161803 0
0.00199103 -0.00172151 0
-0.00121349 -0.0015806 0
-0.00116353 -0.00175014 0
0.00097324 -0.00182959 0
0.00109415 -0.00200834 0
-0.00172646 -0.00120319 0
-0.00181293 -0.00138365 0
0.00120225 -0.00194491 0
0.00121231 -0.00170856 0
-0.0016086 -0.00141233 0
-0.00138455 -0.00134523 0
-0.000397054 -0.00123318 0
-0.000627544 -0.00136837 0
-0.000825808 -0.00119575 0
-0.0754095 0.00890019 0
-0.0923884 0.0152794 0
-0.0771322 0.0253589 0
-0.118666 0.0249613 0
-0.111909 0.000966431 0
0.00105151 -0.00167757 0
0.000924594 -0.00169012 0
-0.0014102 -0.00121786 0
-0.00159466 -0.00108175 0
0.00117919 -0.00160442 0
-0.00129437 -0.00116216 0
-0.00414932 0.0594407 0
-0.019327 0.0554019 0
-0.00201798 -0.000825538 0
-0.00219238 -0.000734241 0
0.000676555 -0.0017701 0
0.000662004 -0.00177994 0
0.00178913 -0.00151515 0
0.00177274 -0.00151699 0
-0.00116155 -0.00145944 0
-0.00634445 0.0439753 0
0.0029256 0.0534714 0
-0.00238993 0.0120877 0
-0.000885063 0.00994377 0
-0.00255117 0.0098905 0
-0.0271586 0.0188847 0
-0.0338803 0.022915 0
-0.0261393 0.0271501 0
0.0679595 0.143064 0
0.0190957 0.154327 0
-0.00299678 0.0309846 0
-0.00841473 0.0258813 0
-0.0089169 0.0341327 0
-0.0162506 0.0391605 0
-0.0239941 0.0338131 0
0.000841911 0.022577 0
-0.00351119 0.0214467 0
-0.359762 0.935666 0
-0.139591 1.20182 0
-0.182373 0.89897 0
-0.00519736 0.0153156 0
-0.00806069 0.0182159 0
-0.00505097 0.0186228 0
-0.285072 -0.253372 0
-0.402366 -0.299116 0
-0.00018281 0.019518 0
0.00252788 0.0228861 0
0.0143684 0.0545655 0
0.00736945 0.0421039 0
0.00623606 0.0112165 0
0.00446877 0.0116982 0
-0.00488068 0.0103595 0
0.442259 -0.0333906 0
-0.74226 -0.623562 0
-0.0190703 0.027094 0
-0.0141766 0.0231819 0
-0.328161 0.453828 0
-0.169215 0.531928 0
0.00329525 0.0108581 0
0.00441146 0.00950792 0
0.210741 0.209914 0
-0.497882 0.186434 0
-0.424301 0.14034 0
-0.500672 0.101898 0
0.0479308 0.067273 0
0.0258014 0.0640901 0
-0.0110819 0.0203477 0
-0.00725437 0.0199906 0
-0.00089614 -0.00138365 0
-0.146423 0.0371873 0
-0.114875 0.0497642 0
-0.0137057 0.035192 0
0.149322 0.417271 0
0.212961 0.421611 0
0.470568 0.17052 0
0.475133 0.0674445 0
-0.00118813 -0.00126514 0
-0.00098191 -0.00132842 0
0.00162518 -0.00144661 0
0.00131056 -0.0013075 0
-0.00187929 -0.000608971 0
-0.00184615 -0.000817543 0
0.000674722 -0.0016327 0
0.000670632 -0.00167585 0
0.192708 0.290678 0
-0.0742377 0.0441433 0
-0.0616233 0.0326718 0
-0.176893 0.0255239 0
-0.174715 0.0638035 0
-0.00291936 0.000576305 0
-0.0028577 0.000733737 0
-0.00276105 0.000591117 0
-0.000406678 -0.00141654 0
-0.000377572 -0.00151431 0
0.000858972 0.0127389 0
-0.0017101 0.0134408 0
0.000709107 0.0152738 0
-0.00393744 0.0188803 0
-0.014798 0.0113065 0
-0.0113351 0.0115424 0
0.0011623 -0.00145297 0
0.00151412 -0.00147087 0
-0.00117774 -0.00102735 0
-0.00119657 -0.0011221 0
0.000805899 -0.00162535 0
0.000818794 -0.00146069 0
-0.00174475 -0.000928767 0
-0.00153493 -0.000960353 0
-0.000333511 -0.0011773 0
-0.495617 -0.125002 0
-0.426287 -0.0475843 0
-0.00286663 0.000899434 0
-0.00302797 0.000916639 0
-0.0114888 0.0189867 0
-0.0168225 0.0181654 0
0.00413519 0.0019797 0
0.00436391 0.0022165 0
0.00441721 0.00185659 0
0.00415148 0.00334598 0
0.00442679 0.00383304 0
0.00478209 0.00328484 0
0.00485471 0.00437683 0
0.00410606 0.0043941 0
0.00456517 0.00247284 0
0.00412523 0.00263629 0
0.00442806 0.0080571 0
0.00415456 0.0068295 0
0.00336993 0.00768567 0
0.00418929 0.00133079 0
0.00395387 0.00112737 0
0.00391715 0.00142879 0
0.00389335 0.00581857 0
0.0048343 0.0059699 0
0.00369438 0.000972815 0
0.00396728 0.000858251 0
-0.00342117 0.00197821 0
-0.00325041 0.00180379 0
-0.00349209 0.00179475 0
-0.00293283 0.00148902 0
-0.00295602 0.00138733 0
-0.00297683 0.00146343 0
-0.00299818 0.00122333 0
-0.00283527 0.00122241 0
-0.00314577 0.00162565 0
-0.00306818 0.00171619 0
-0.00410056 0.00203832 0
-0.00430682 0.00249504 0
-0.00389063 0.00237555 0
-0.00456936 0.00293553 0
-0.0048843 0.00254525 0
-0.00599458 0.00338189 0
-0.00634553 0.00437259 0
-0.00544024 0.00389224 0
-0.00634292 0.0055394 0
-0.00728261 0.00499242 0
-0.00778748 0.0126685 0
-0.00871863 0.00998129 0
-0.0103332 0.0122212 0
-0.00868891 0.00761973 0
-0.00726341 0.00830003 0
0.00250828 -0.000642465 0
0.00279816 -0.000606537 0
0.00279591 -0.000821232 0
0.00308791 -0.000560785 0
0.00276214 -0.000378589 0
0.373209 0.53651 0
0.226505 0.583112 0
0.290088 0.732237 0
-0.000977756 -0.00119826 0
-0.119048 0.0912104 0
-0.14538 0.102501 0
-0.0400928 0.028998 0
-0.0512746 0.0336862 0
-0.000123547 -0.00135376 0
-0.000448088 -0.00139109 0
0.107712 0.942414 0
0.282611 0.919385 0
-0.0344878 0.00552861 0
-0.0279572 0.00842637 0
0.0281229 1.28083 0
-0.0420931 1.15748 0
-0.000442232 -0.00162162 0
-0.00017685 -0.00166145 0
-0.000436162 -0.00176699 0
0.246456 1.15328 0
0.43499 0.92078 0
-0.0106146 0.0150327 0
-0.00881842 0.0117638 0
-0.00274874 0.000665274 0
-0.00269358 0.00083931 0
-0.14994 0.779012 0
-0.147965 0.668176 0
0.00531809 0.00340525 0
0.0054533 0.00396876 0
0.00468607 0.00187831 0
0.00474102 0.00219827 0
0.00434992 0.000839529 0
0.00439314 0.00107296 0
0.00601089 0.00648222 0
0.00605697 0.00771497 0
-0.00265949 0.00132879 0
-0.00269888 0.00150348 0
-0.0034088 0.00142679 0
-0.00322462 0.00143647 0
-0.0049042 0.00161651 0
-0.00440762 0.00148178 0
-0.00427168 0.00470982 0
-0.00433892 0.00544772 0
-0.00428321 0.00922981 0
-0.0037512 0.0110079 0
0.00314476 -0.00105197 0
0.00332069 -0.000939276 0
-0.0543168 0.0207974 0
-0.00300456 -3.18396e-07 0
-0.00285628 -0.000206554 0
0.00237101 -0.00142234 0
0.00248897 -0.00133345 0
0.00234762 0.00955272 0
0.00182083 0.0113346 0
-0.00656099 0.0157908 0
0.725196 0.749627 0
0.278238 0.986766 0
0.00234138 -0.00160072 0
0.0023467 -0.00155242 0
0.00021228 -0.0020683 0
0.000156124 -0.00204716 0
-0.00273702 -0.000402389 0
-0.00259778 -0.000585074 0
-0.146568 -0.116456 0
-0.120657 -0.0812421 0
0.353895 0.3122 0
0.456889 0.246675 0
0.00216161 -0.00156636 0
0.00190452 -0.00138271 0
0.000120547 -0.00191108 0
0.000282626 -0.00197907 0
-0.00250074 -0.000423393 0
-0.00246389 -0.00065697 0
-0.465797 0.0258531 0
-0.387643 0.00266022 0
0.516281 0.362923 0
-0.0262794 0.0134808 0
-0.0226314 0.00865223 0
-0.578883 0.778787 0
-0.93741 0.353214 0
-0.825663 0.438954 0
0.00330822 0.000543582 0
0.00417435 0.000238605 0
-0.178882 -0.00432751 0
-0.220793 0.0155422 0
-0.129245 -0.0523552 0
-0.103113 -0.0614668 0
0.00298491 0.00018744 0
0.00385435 -0.000483988 0
0.000496726 -0.00132164 0
0.000197043 -0.00148067 0
0.00168144 -0.000972374 0
0.00175199 -0.000914829 0
-0.00176391 -0.000182987 0
-0.00187887 -6.25651e-05 0
9.9616e-05 -0.00141077 0
-0.000192764 -0.00144682 0
-0.26657 1.06182 0
-0.467743 0.939703 0
-0.0580789 0.0630819 0
-0.52951 0.23603 0
-0.450599 0.264782 0
-0.00030896 -0.0019733 0
2.98088e-05 -0.00203331 0
-0.0024468 0.000304625 0
-0.00270568 0.000490644 0
0.00129914 -0.000762887 0
0.00154278 -0.000833383 0
-0.126892 -0.0188277 0
-0.154937 -0.030565 0
-0.0114526 0.0155655 0
-0.014069 0.0198882 0
-0.00047346 -0.0019055 0
-0.00294898 0.000372681 0
-0.00309405 0.000523289 0
0.0469442 0.931208 0
-0.155762 0.68576 0
0.000252178 0.00933509 0
0.00130278 0.0089585 0
0.0270788 0.0464113 0
0.106439 0.0348221 0
0.136897 0.0297978 0
0.331999 0.0310914 0
0.269377 0.0834199 0
0.582232 0.844734 0
0.733728 0.620532 0
-0.568731 0.669072 0
-0.189512 0.94107 0
-0.0683444 0.779226 0
-0.00272786 0.000325011 0
-0.00267219 0.000112687 0
-0.00281739 0.000217229 0
-0.0031142 0.000904003 0
-0.00303963 0.00105883 0
0.00359819 0.00148073 0
0.00388163 0.00168355 0
0.00381484 0.00505815 0
0.00318065 0.00570497 0
-0.00363001 0.00256234 0
-0.00359385 0.00219645 0
0.00369235 0.00197228 0
0.00400988 0.00294793 0
0.00359744 0.00338738 0
0.00344147 0.00436979 0
0.00365628 0.00265425 0
0.00259339 0.00736218 0
0.00266743 0.00850094 0
-0.00324816 0.00209507 0
-0.00307562 0.0012304 0
-0.00300441 0.00139766 0
-0.00305653 0.0015137 0
-0.00295612 0.00181752 0
-0.00294407 0.0016191 0
-0.00480816 0.00347179 0
-0.00414618 0.00316489 0
-0.00548887 0.00270975 0
-0.00634277 0.00282701 0
-0.00777881 0.00431813 0
-0.00818711 0.00594703 0
-0.0117573 0.0113907 0
-0.00965347 0.00685236 0
0.00226476 -0.000737991 0
0.0021043 -0.000474274 0
0.00227926 -0.000254128 0
0.00272609 -0.000272952 0
-0.276058 -0.0355221 0
-0.24103 -0.0846003 0
0.165372 0.527813 0
0.048886 0.69215 0
-0.167643 0.0895576 0
-0.172907 0.132752 0
0.00245189 -0.00104047 0
0.00226285 -0.00104853 0
0.00222273 -0.000891583 0
0.00143603 -0.00125152 0
0.00162348 -0.00126953 0
0.0015272 -0.001373 0
-0.00223847 -0.000562543 0
-0.00222304 -0.000388503 0
-0.00201936 -0.000444563 0
0.000374046 -0.00173343 0
0.000132296 -0.00165498 0
0.000272956 -0.00155663 0
-1.1543 -0.0994857 0
0.000267764 0.0107668 0
1.04178 0.257294 0
-0.0210568 0.0170859 0
-0.00271871 0.00062087 0
-0.00276623 0.000456467 0
0.0882312 1.44186 0
0.160217 1.29001 0
0.479698 1.08278 0
0.00359192 0.000830865 0
0.00356482 0.00108551 0
-0.00290387 0.000604554 0
-0.561082 0.0450355 0
0.0029692 -0.000937969 0
0.00267532 -0.000978965 0
0.00295428 -0.00121814 0
0.000248375 -0.00134684 0
0.000673289 -0.00149318 0
0.000481113 -0.00147852 0
-0.00129967 -0.000603203 0
-0.00159784 -0.000682536 0
-0.0013834 -0.000527728 0
0.000972942 -0.00116296 0
0.00143182 -0.00127348 0
0.00117442 -0.00117693 0
-0.000843602 -0.000994599 0
-0.00101047 -0.00108105 0
-0.00104798 -0.000908585 0
-0.00271862 0.000914177 0
-0.00263113 0.000986632 0
-0.00278094 0.00109974 0
-0.069415 0.0575071 0
-0.0721364 0.0773021 0
-0.251256 0.0865636 0
-0.242476 0.12539 0
-0.210642 0.0850592 0
0.00538708 0.00834163 0
0.00645977 0.00933691 0
-0.379454 0.413852 0
-0.457889 0.354124 0
0.00434347 0.00157018 0
0.00432697 0.00127818 0
0.00449983 0.0012769 0
0.00610197 0.00537865 0
0.00554594 0.00600077 0
0.00514134 0.00508723 0
0.00452118 0.00181434 0
0.00520622 0.00289833 0
0.00508945 0.00321997 0
0.00471847 0.00278417 0
0.00529766 0.00435762 0
0.00583849 0.00458795 0
0.00459676 0.00152422 0
0.00471446 0.00239913 0
0.00492536 0.00250491 0
-0.00379626 0.00173449 0
-0.00417363 0.00166444 0
-0.00403605 0.00131294 0
-0.00345935 0.00154953 0
-0.00281092 0.00152287 0
-0.0026187 0.00116227 0
-0.00272993 0.00126163 0
-0.00364852 0.00131588 0
-0.00272973 0.0017063 0
-0.00313614 0.00153045 0
-0.00316875 0.00142295 0
-0.00501839 0.00206301 0
-0.00477106 0.0042148 0
-0.00369024 0.00419812 0
-0.00538146 0.00585939 0
-0.0035184 0.00641839 0
-0.00625701 0.00692075 0
-0.0057196 0.00843614 0
-0.0056989 0.0125616 0
-0.000874241 0.0127333 0
-0.00318437 0.00755747 0
-0.00563298 0.00162 0
0.0032907 -0.000507502 0
0.00333502 -0.000746507 0
0.00357489 -0.000841013 0
0.00271643 0.0348866 0
0.000379243 0.0272542 0
0.000166686 -0.00157939 0
0.000468006 -0.00163827 0
0.0365378 0.0370269 0
0.0507066 0.0390502 0
-0.177201 0.527471 0
0.105466 0.673795 0
0.00871115 0.0242731 0
0.314169 -0.0503646 0
0.374876 -0.0623448 0
-0.0027228 -0.00017725 0
0.00216019 -0.00127619 0
0.0779945 0.370058 0
0.141623 0.370326 0
0.827696 -0.0807761 0
0.986493 0.14718 0
-0.01495 0.542365 0
-0.15394 0.574752 0
-0.00262853 -6.84254e-05 0
-0.00253188 7.14131e-05 0
0.00132004 -0.00123528 0
-0.00120354 -0.000906493 0
0.000677516 -0.0012864 0
-0.00128393 -0.000758895 0
0.000151425 -0.00177673 0
-0.00728283 0.0107501 0
0.0021472 -0.00102153 0
0.00213317 -0.00114672 0
0.668794 0.122023 0
0.013612 0.374866 0
-0.00581943 0.0133367 0
-0.0905487 0.0872173 0
-0.111119 0.0709796 0
-0.00315649 0.00089164 0
-0.00313035 0.000657959 0
0.00341895 0.00251629 0
0.00344485 0.00213114 0
0.00302066 0.00411729 0
0.00313846 0.00366922 0
0.00204331 0.00684666 0
0.00230859 0.00606126 0
0.00342309 0.00139165 0
0.00338103 0.00121169 0
-0.00306602 0.00137339 0
-0.00309464 0.00129321 0
-0.00291466 0.00194879 0
-0.0030346 0.0021336 0
-0.00346253 0.00283064 0
-0.0036332 0.00310912 0
-0.00791206 0.00333396 0
-0.00706105 0.00263807 0
-0.0125053 0.0091497 0
-0.0110749 0.00698336 0
0.00202996 -8.38795e-05 0
0.00149767 -0.000219773 0
-0.0863196 0.473887 0
-0.0387968 0.0178134 0
0.00415867 0.000811252 0
0.0039559 0.00062318 0
0.00431133 0.000597915 0
0.00182189 -0.0012964 0
0.00193957 -0.0011594 0
-4.49616e-06 -0.00167069 0
5.31566e-05 -0.00181021 0
-0.00223282 -0.000244224 0
-0.00242002 -0.000297588 0
0.00151405 -0.000920736 0
0.00195266 -0.0010072 0
-0.00203165 -0.000133699 0
-0.00194515 -4.01526e-05 0
4.51991e-05 -0.00149185 0
0.000219075 -0.00140508 0
-0.0852599 -0.0404468 0
-0.0983839 -0.018187 0
-0.0788265 -0.023668 0
-0.00583593 1.03631 0
-0.137554 1.05557 0
-0.0918913 0.0524005 0
0.895759 0.379936 0
0.633143 0.404553 0
0.00100601 -0.001102 0
-0.000763896 -0.0010557 0
0.000389296 -0.00147154 0
-0.00149117 -0.000422446 0
0.254597 -0.0185987 0
-0.185077 -0.0528876 0
0.44492 -0.0066705 0
0.425666 -0.119905 0
0.0268232 0.0341788 0
-0.194305 -0.108021 0
0.0916466 0.0549006 0
0.0680258 0.0678797 0
-0.000950026 -0.00181587 0
-0.000700088 -0.00183157 0
-0.000662957 -0.00186735 0
-0.000640169 -0.00194819 0
0.0180858 0.0313236 0
-0.0209191 0.0413841 0
-0.0184145 0.0302334 0
-0.017499 0.0222696 0
-0.00223814 0.000187785 0
-0.00245022 0.000172238 0
0.00330018 -0.000190834 0
0.00296011 -0.000208518 0
0.00336005 -0.000349304 0
0.00187213 -0.000969435 0
0.00136368 -0.000795633 0
0.0689284 1.14109 0
-0.013023 1.30209 0
0.00198181 -0.00104807 0
-0.00229338 -4.04664e-05 0
0.00384518 0.00047676 0
0.00355765 0.000376044 0
0.00356152 0.000610129 0
0.0138919 0.866932 0
-0.0737803 -0.00492287 0
-0.0671476 -0.0225182 0
-0.765809 -0.171904 0
-0.69174 -0.303007 0
-0.796418 -0.375851 0
-0.251599 0.0483014 0
-0.297065 0.0850867 0
-0.765509 -0.73793 0
-0.491894 -0.576404 0
0.124754 1.41984 0
0.235524 1.39418 0
0.162783 1.49102 0
-1.38556 -0.876655 0
0.17054 0.0173412 0
0.215584 0.001833 0
-0.000389229 -0.00125799 0
-0.00317667 0.000436627 0
0.000162993 -0.00187885 0
-0.00318065 0.00108073 0
0.201889 1.06573 0
0.154362 1.28592 0
0.00339371 0.00162413 0
0.00232893 0.00529662 0
0.00335513 0.00182858 0
0.00315773 0.0032855 0
0.00328078 0.00286339 0
0.00253876 0.00463521 0
-0.00324419 0.00268186 0
-0.00311894 0.00241911 0
-0.00314262 0.00142815 0
-0.00314947 0.00121223 0
-0.00282282 0.00186834 0
0.00147873 0.00759735 0
-0.00361631 0.00361075 0
-0.00635614 0.00195576 0
-0.00910893 0.0039927 0
-0.0149415 0.0116844 0
-0.0102207 0.00515531 0
0.00265996 5.48379e-05 0
0.000983729 -0.000331278 0
-0.000556874 -0.00200647 0
-0.00297321 0.000166928 0
-0.0642285 0.00559103 0
-0.0027253 0.000412127 0
-0.00233703 -0.000669691 0
0.000373358 -0.00185904 0
0.00196927 -0.00151902 0
0.270081 1.3063 0
0.149732 1.45965 0
0.153598 1.52569 0
0.00251019 -0.00114575 0
-0.25401 0.16668 0
-0.300718 0.193606 0
-0.00298375 0.000648417 0
-0.556246 -0.326989 0
-0.573586 -0.182588 0
0.0874225 0.0319506 0
-0.349012 0.0539554 0
-0.326055 -0.00292503 0
0.00193422 -0.000759469 0
0.000656597 -0.00059333 0
-0.0168717 0.0158336 0
0.0556613 0.0519611 0
-0.404397 0.351185 0
-0.0402453 0.000281842 0
-0.0399252 0.0103548 0
0.0135241 0.0269003 0
0.010647 0.0349231 0
0.228835 0.834796 0
0.00344078 0.000993876 0
-0.000408399 -0.0015751 0
-0.000421581 -0.00150918 0
-0.642421 0.130038 0
-0.547308 0.263209 0
-0.555578 0.249707 0
0.00127917 -0.00122748 0
0.00161956 -0.00108882 0
-0.00183768 -0.000345679 0
-0.00189716 -0.000490212 0
0.000283504 -0.00144324 0
0.000718522 -0.00152642 0
-0.00313542 0.00018705 0
-0.35639 0.245769 0
-0.396259 0.290522 0
0.0351396 1.35361 0
-0.0490539 -0.00554479 0
0.00277597 -0.00130321 0
-0.000638711 -0.00146197 0
-0.000925815 -0.00123152 0
-0.00069752 -0.00113816 0
0.00155922 -0.000908887 0
-0.00166548 -0.000200525 0
0.000418305 -0.00131776 0
-1.05106 -0.811658 0
-0.858038 -0.533382 0
-0.351981 0.168316 0
-0.0555457 -0.0125106 0
0.00116963 -0.00116896 0
-0.00165039 -0.000508301 0
0.000677864 -0.00150134 0
0.37907 1.16518 0
0.34059 1.26539 0
0.00224529 -0.0016759 0
0.000466904 -0.00203145 0
-0.00238149 -0.000823662 0
0.00122202 -0.000972007 0
-0.00155965 -0.000327268 0
0.000787865 -0.00142039 0
-1.44647 -0.976172 0
-1.2573 -0.919481 0
-0.0180171 0.00998034 0
-0.209086 0.152143 0
-0.214711 -0.242333 0
-0.176593 -0.167293 0
0.140883 1.51489 0
0.0669118 0.0339801 0
-0.32001 0.465486 0
-0.33068 -0.494046 0
-0.229809 -0.351161 0
-0.642411 0.0151713 0
-0.724421 -0.0272999 0
0.231184 0.0415873 0
-0.000160396 -0.00131162 0
-0.0171377 0.0142058 0
0.00334005 0.000695116 0
0.00428103 0.000377331 0
0.00146099 0.00835104 0
0.0037958 -0.000673086 0
0.00300861 7.2028e-05 0
0.0012365 -0.00119726 0
0.000776822 -0.00119187 0
-0.00132659 -0.000879371 0
-0.00130096 -0.000840317 0
-0.00253858 -0.000222004 0
0.00201044 -0.00123539 0
-0.953406 -0.362598 0
-1.02158 -0.227732 0
-0.860396 -0.0773863 0
0.000906309 -0.00140895 0
0.00126161 -0.00128637 0
-0.00136476 -0.000996316 0
-0.00116711 -0.000989378 0
0.00083395 -0.00132643 0
-0.00147392 -0.000887299 0
-0.0543698 0.0104467 0
-0.0547437 0.000159933 0
-0.479678 -0.429491 0
0.00361468 -0.000458924 0
0.00257425 -8.26721e-05 0
-0.000877001 -0.00126065 0
-0.00367943 0.013689 0
0.000292416 -0.00184523 0
-1.01972 0.0979401 0
-1.1845 -0.299325 0
-1.25487 -0.587279 0
-0.000870385 -0.0012155 0
-0.000965273 -0.00135759 0
-0.0278224 1.35467 0
-0.350691 0.108386 0
0.00166533 0.00889431 0
-0.519474 0.324857 0
0.00406348 0.000435274 0
0.00340653 0.0007162 0
-0.000193128 -0.00140976 0
-0.0472431 0.01378 0
-0.77136 -0.0406021 0
-1.29239 -0.32997 0
-1.32757 -0.51563 0
-0.255233 0.00333291 0
-0.63683 0.382826 0
-0.824356 0.37242 0
-0.5976 -0.0739206 0
-0.722447 0.11009 0