$MeshFormat
4.1 0 8
$EndMeshFormat
$PhysicalNames
5
1 18 "Inlet"
1 19 "Symmetry"
1 20 "Outflow"
1 21 "Airfoil"
2 17 "Domain"
$EndPhysicalNames
$Entities
200 12 2 0
1 0.984808 -0.173648 0 0 
2 0.98181 -0.173547 0 0 
3 0.978499 -0.173433 0 0 
4 0.974846 -0.173306 0 0 
5 0.97081 -0.173162 0 0 
6 0.96635 -0.172999 0 0 
7 0.961427 -0.172816 0 0 
8 0.95599 -0.172609 0 0 
9 0.94999 -0.172376 0 0 
10 0.943365 -0.172111 0 0 
11 0.936046 -0.17181 0 0 
12 0.927963 -0.171468 0 0 
13 0.919035 -0.171077 0 0 
14 0.909182 -0.170633 0 0 
15 0.898305 -0.170126 0 0 
16 0.886293 -0.169546 0 0 
17 0.873028 -0.168879 0 0 
18 0.858388 -0.168117 0 0 
19 0.842215 -0.167238 0 0 
20 0.825294 -0.16628 0 0 
21 0.80849 -0.165292 0 0 
22 0.791794 -0.16427 0 0 
23 0.775204 -0.163219 0 0 
24 0.758722 -0.162138 0 0 
25 0.742346 -0.161028 0 0 
26 0.7260760000000001 -0.159892 0 0 
27 0.709893 -0.158725 0 0 
28 0.693806 -0.15753 0 0 
29 0.677805 -0.156306 0 0 
30 0.661891 -0.155054 0 0 
31 0.6460630000000001 -0.153773 0 0 
32 0.630311 -0.152461 0 0 
33 0.614636 -0.151117 0 0 
34 0.599028 -0.149742 0 0 
35 0.583496 -0.148336 0 0 
36 0.568032 -0.146894 0 0 
37 0.552624 -0.145417 0 0 
38 0.537284 -0.143905 0 0 
39 0.521991 -0.142352 0 0 
40 0.506756 -0.140761 0 0 
41 0.491579 -0.139128 0 0 
42 0.47644 -0.13745 0 0 
43 0.46134 -0.135725 0 0 
44 0.44629 -0.133951 0 0 
45 0.431278 -0.132127 0 0 
46 0.416298 -0.130246 0 0 
47 0.401347 -0.128307 0 0 
48 0.386428 -0.126307 0 0 
49 0.37154 -0.124243 0 0 
50 0.356675 -0.122109 0 0 
51 0.341832 -0.119903 0 0 
52 0.327004 -0.117617 0 0 
53 0.3122 -0.11525 0 0 
54 0.297402 -0.112791 0 0 
55 0.282621 -0.110237 0 0 
56 0.267858 -0.107583 0 0 
57 0.253094 -0.104817 0 0 
58 0.23835 -0.101935 0 0 
59 0.223609 -0.098925 0 0 
60 0.208882 -0.095777 0 0 
61 0.194151 -0.092477 0 0 
62 0.179439 -0.089017 0 0 
63 0.164738 -0.08537400000000001 0 0 
64 0.150051 -0.081534 0 0 
65 0.135394 -0.077473 0 0 
66 0.121396 -0.07335700000000001 0 0 
67 0.108644 -0.06937400000000001 0 0 
68 0.097026 -0.065524 0 0 
69 0.086449 -0.061807 0 0 
70 0.07682700000000001 -0.058221 0 0 
71 0.06808 -0.054765 0 0 
72 0.060135 -0.051436 0 0 
73 0.052925 -0.048229 0 0 
74 0.04639 -0.045141 0 0 
75 0.040474 -0.042169 0 0 
76 0.035128 -0.039307 0 0 
77 0.030305 -0.036551 0 0 
78 0.025966 -0.033896 0 0 
79 0.022071 -0.031338 0 0 
80 0.018586 -0.028871 0 0 
81 0.015483 -0.026494 0 0 
82 0.012731 -0.0242 0 0 
83 0.010308 -0.021989 0 0 
84 0.008191 -0.019857 0 0 
85 0.00636 -0.017803 0 0 
86 0.004796 -0.015826 0 0 
87 0.003481 -0.013928 0 0 
88 0.002399 -0.012112 0 0 
89 0.001534 -0.010379 0 0 
90 0.000866 -0.008735 0 0 
91 0.000376 -0.007185 0 0 
92 4.4e-05 -0.005734 0 0 
93 -0.000151 -0.004385 0 0 
94 -0.000232 -0.003139 0 0 
95 -0.000221 -0.001995 0 0 
96 -0.000137 -0.00095 0 0 
97 0 0 0 0 
98 0.000196 0.00094 0 0 
99 0.000475 0.00195 0 0 
100 0.000856 0.003029 0 0 
101 0.001358 0.004172 0 0 
102 0.002003 0.005373 0 0 
103 0.002811 0.006624 0 0 
104 0.003801 0.007912000000000001 0 0 
105 0.004991 0.009228 0 0 
106 0.006397 0.010561 0 0 
107 0.008035 0.011897 0 0 
108 0.00992 0.013231 0 0 
109 0.012066 0.014554 0 0 
110 0.014489 0.015858 0 0 
111 0.017207 0.017137 0 0 
112 0.02024 0.018387 0 0 
113 0.02361 0.019601 0 0 
114 0.02734 0.020773 0 0 
115 0.031458 0.021899 0 0 
116 0.035993 0.022971 0 0 
117 0.040979 0.023981 0 0 
118 0.046453 0.024922 0 0 
119 0.052456 0.025783 0 0 
120 0.059032 0.026553 0 0 
121 0.066229 0.027219 0 0 
122 0.0741 0.027766 0 0 
123 0.082705 0.028177 0 0 
124 0.09210699999999999 0.028434 0 0 
125 0.102374 0.028512 0 0 
126 0.113585 0.028387 0 0 
127 0.125819 0.028032 0 0 
128 0.139164 0.027413 0 0 
129 0.153726 0.026493 0 0 
130 0.168888 0.025296 0 0 
131 0.184002 0.023882 0 0 
132 0.199062 0.022277 0 0 
133 0.214071 0.020496 0 0 
134 0.229042 0.018559 0 0 
135 0.243958 0.016481 0 0 
136 0.25884 0.014267 0 0 
137 0.27368 0.011932 0 0 
138 0.2885 0.009483 0 0 
139 0.30328 0.006927 0 0 
140 0.318043 0.004271 0 0 
141 0.33279 0.001521 0 0 
142 0.347511 -0.001318 0 0 
143 0.362227 -0.004241 0 0 
144 0.376928 -0.007245 0 0 
145 0.391627 -0.010324 0 0 
146 0.406323 -0.013476 0 0 
147 0.421027 -0.016699 0 0 
148 0.435738 -0.019991 0 0 
149 0.450459 -0.023347 0 0 
150 0.465189 -0.026767 0 0 
151 0.479939 -0.030248 0 0 
152 0.494718 -0.033791 0 0 
153 0.509518 -0.037392 0 0 
154 0.524338 -0.041049 0 0 
155 0.539198 -0.044764 0 0 
156 0.5541 -0.048536 0 0 
157 0.569033 -0.052361 0 0 
158 0.584016 -0.056243 0 0 
159 0.599041 -0.060178 0 0 
160 0.614117 -0.064168 0 0 
161 0.629255 -0.068214 0 0 
162 0.644444 -0.072313 0 0 
163 0.659694 -0.07646699999999999 0 0 
164 0.675005 -0.080677 0 0 
165 0.690388 -0.084943 0 0 
166 0.705843 -0.089265 0 0 
167 0.721368 -0.09364500000000001 0 0 
168 0.736974 -0.098083 0 0 
169 0.752652 -0.10258 0 0 
170 0.76842 -0.107138 0 0 
171 0.784278 -0.11176 0 0 
172 0.800227 -0.116446 0 0 
173 0.816265 -0.121196 0 0 
174 0.832394 -0.126015 0 0 
175 0.848622 -0.130902 0 0 
176 0.86412 -0.135608 0 0 
177 0.878138 -0.139898 0 0 
178 0.890832 -0.143809 0 0 
179 0.902317 -0.147373 0 0 
180 0.912712 -0.150616 0 0 
181 0.922122 -0.153568 0 0 
182 0.9306449999999999 -0.156255 0 0 
183 0.938358 -0.158698 0 0 
184 0.945339 -0.160918 0 0 
185 0.951654 -0.162935 0 0 
186 0.957373 -0.164768 0 0 
187 0.962553 -0.166433 0 0 
188 0.967241 -0.167945 0 0 
189 0.971487 -0.169318 0 0 
190 0.975329 -0.170563 0 0 
191 0.978806 -0.171693 0 0 
192 0.9819560000000001 -0.172718 0 0 
193 -1 -1 0 0 
194 4 -1 0 0 
195 4 1 0 0 
196 -1 1 0 0 
197 -6 -6 0 0 
198 21 -6 0 0 
199 21 6 0 0 
200 -6 6 0 0 
1 0.253094 -0.173648 0 0.984808 -0.104817 0 1 21 2 1 -57 
2 -6.433333333333291e-05 -0.104817 0 0.253094 0 0 1 21 2 57 -97 
3 0 0 0 0.27368 0.02834833333333333 0 1 21 2 97 -137 
4 0.27368 -0.173648 0 0.984808 0.011932 0 1 21 2 137 -1 
5 4 -1 0 4 1 0 0 2 194 -195 
6 -1 -1 0 4 -1 0 0 2 193 -194 
7 -1 -1 0 -1 1 0 0 2 196 -193 
8 -1 1 0 4 1 0 0 2 195 -196 
9 -6 -6 0 21 -6 0 1 19 2 197 -198 
10 21 -6 0 21 6 0 1 20 2 198 -199 
11 -6 6 0 21 6 0 1 19 2 199 -200 
12 -6 -6 0 -6 6 0 1 18 2 200 -197 
15 -1 -1 0 4 1 0 1 17 8 5 8 7 6 -1 -4 -3 -2 
16 -6 -6 0 21 6 0 1 17 8 9 10 11 12 -5 -6 -7 -8 
$EndEntities
$Nodes
26 2816 1 2816
0 1 0 1
1
0.984808 -0.173648 0
0 57 0 1
2
0.253094 -0.104817 0
0 97 0 1
3
0 0 0
0 137 0 1
4
0.27368 0.011932 0
0 193 0 1
5
-1 -1 0
0 194 0 1
6
4 -1 0
0 195 0 1
7
4 1 0
0 196 0 1
8
-1 1 0
0 197 0 1
9
-6 -6 0
0 198 0 1
10
21 -6 0
0 199 0 1
11
21 6 0
0 200 0 1
12
-6 6 0
1 1 0 28
13
14
15
16
17
18
19
20
21
22
23
24
25
26
27
28
29
30
31
32
33
34
35
36
37
38
39
40
0.966172730013957 -0.1729924104392757 0
0.9465122399935395 -0.1722368895997416 0
0.9260965548050233 -0.1713862594006232 0
0.9050777992517708 -0.1704416945132525 0
0.8835743299339833 -0.1694092979318483 0
0.8616457892436626 -0.1682865652598136 0
0.8393679075192771 -0.1670768089003881 0
0.81679805909133 -0.1657804766949675 0
0.793829147418307 -0.1643945759859553 0
0.770510113257825 -0.1629111434553882 0
0.7468781779909632 -0.1613352006332419 0
0.7229227226830286 -0.1596646086245501 0
0.6985686195268961 -0.1578837844430062 0
0.6737989990948536 -0.1559908364249565 0
0.6486768437251882 -0.1539845449716936 0
0.6231925691454447 -0.151850654158308 0
0.5973357351597542 -0.1495888114624398 0
0.5710144101173632 -0.1471721062719372 0
0.5442610467638549 -0.1445926984815482 0
0.5171081453900276 -0.1418420806245838 0
0.4895474421529665 -0.138902823035384 0
0.4615718652547393 -0.1357514879181739 0
0.4331631929978232 -0.1323560562235565 0
0.4042254309347227 -0.1286803046339661 0
0.3748567383695278 -0.1247028164961516 0
0.3450556061981178 -0.1203820995939532 0
0.3148235627580159 -0.1156694794007176 0
0.2841663316118503 -0.1105040169093205 0
1 2 0 13
41
42
43
44
45
46
47
48
49
50
51
52
53
0.2299234697917708 -0.1002143666693732 0
0.206814271211057 -0.09531379281762868 0
0.184386935775335 -0.09018066624406329 0
0.1625418945973833 -0.08479981570463348 0
0.1408927271775752 -0.07899652671543514 0
0.1203167464321938 -0.07301990252818599 0
0.09991265804162551 -0.0664805874901238 0
0.08054386543733565 -0.05960622962567923 0
0.06177585388310197 -0.05212352707071699 0
0.04412293326088708 -0.04400210169901223 0
0.02789024134474764 -0.03507342815632749 0
0.01371768290522521 -0.02502247477637596 0
0.003031390762492299 -0.01317338782318486 0
1 3 0 13
54
55
56
57
58
59
60
61
62
63
64
65
66
0.007354414729714783 0.01134189504206285 0
0.02144850546164319 0.01882234885176108 0
0.03820424953897329 0.0234189266013564 0
0.05651166956078773 0.02625788831535988 0
0.07587773439438548 0.02785090980082422 0
0.09607309933234692 0.02846413107508747 0
0.1166249789667581 0.02829878743393828 0
0.1380351100570594 0.02746536289806521 0
0.1594142998981871 0.02604392369224838 0
0.1817427464197438 0.02409336592314955 0
0.2041106689952297 0.02167791415280805 0
0.2269410936859328 0.01883082255897056 0
0.2503327884275167 0.01553262064383001 0
1 4 0 8
67
68
69
70
71
72
73
74
0.359533576652151 -0.003706012473106639 0
0.4434410263416663 -0.02174708697796563 0
0.5255470996473743 -0.04135127491184359 0
0.6059868606271168 -0.06201628494973441 0
0.684889688902148 -0.08341821321306399 0
0.7623684260533551 -0.1053886929192791 0
0.83818111792292 -0.1277577683811505 0
0.9126043367517654 -0.1505824115522824 0
1 5 0 7
75
76
77
78
79
80
81
4 -0.7500000000006933 0
4 -0.5000000000013871 0
4 -0.2500000000020808 0
4 -2.752797989558076e-12 0
4 0.2499999999979192 0
4 0.4999999999986129 0
4 0.7499999999993063 0
1 6 0 19
82
83
84
85
86
87
88
89
90
91
92
93
94
95
96
97
98
99
100
-0.7500000000001774 -1 0
-0.5000000000003546 -1 0
-0.2500000000008094 -1 0
-1.541655691994492e-12 -1 0
0.2499999999977263 -1 0
0.4999999999969944 -1 0
0.7499999999962621 -1 0
0.9999999999955473 -1 0
1.249999999995856 -1 0
1.499999999996233 -1 0
1.749999999996611 -1 0
1.999999999996989 -1 0
2.249999999997367 -1 0
2.499999999997744 -1 0
2.749999999998122 -1 0
2.9999999999985 -1 0
3.249999999998876 -1 0
3.49999999999925 -1 0
3.749999999999625 -1 0
1 7 0 7
101
102
103
104
105
106
107
-1 0.7500000000006933 0
-1 0.5000000000013871 0
-1 0.2500000000020808 0
-1 2.752797989558076e-12 0
-1 -0.2499999999979192 0
-1 -0.4999999999986129 0
-1 -0.7499999999993063 0
1 8 0 19
108
109
110
111
112
113
114
115
116
117
118
119
120
121
122
123
124
125
126
3.75 1 0
3.499999999999999 1 0
3.249999999999998 1 0
2.999999999999998 1 0
2.749999999999997 1 0
2.499999999999997 1 0
2.249999999999996 1 0
1.999999999999996 1 0
1.749999999999995 1 0
1.499999999999995 1 0
1.249999999999994 1 0
0.9999999999999938 1 0
0.7499999999999933 1 0
0.4999999999999925 1 0
0.249999999999992 1 0
-8.881784197001252e-15 1 0
-0.2500000000000062 1 0
-0.5000000000000044 1 0
-0.7500000000000018 1 0
1 9 0 53
127
128
129
130
131
132
133
134
135
136
137
138
139
140
141
142
143
144
145
146
147
148
149
150
151
152
153
154
155
156
157
158
159
160
161
162
163
164
165
166
167
168
169
170
171
172
173
174
175
176
177
178
179
-5.500000000000338 -6 0
-5.000000000000674 -6 0
-4.500000000001012 -6 0
-4.000000000001266 -6 0
-3.50000000000087 -6 0
-3.000000000000385 -6 0
-2.500000000000142 -6 0
-2.000000000000443 -6 0
-1.500000000000781 -6 0
-1.000000000001117 -6 0
-0.5000000000014539 -6 0
-1.792344050954853e-12 -6 0
0.4999999999978701 -6 0
0.9999999999975344 -6 0
1.499999999997196 -6 0
1.999999999996859 -6 0
2.499999999996522 -6 0
2.999999999996184 -6 0
3.499999999995849 -6 0
3.999999999995511 -6 0
4.499999999995172 -6 0
4.999999999994838 -6 0
5.4999999999945 -6 0
5.999999999994161 -6 0
6.499999999993824 -6 0
6.999999999993488 -6 0
7.499999999993497 -6 0
7.999999999996103 -6 0
8.499999999999051 -6 0
9.000000000002004 -6 0
9.500000000004954 -6 0
10.00000000000732 -6 0
10.50000000000708 -6 0
11.00000000000674 -6 0
11.50000000000641 -6 0
12.00000000000607 -6 0
12.50000000000573 -6 0
13.0000000000054 -6 0
13.50000000000506 -6 0
14.00000000000472 -6 0
14.50000000000438 -6 0
15.00000000000404 -6 0
15.50000000000371 -6 0
16.00000000000338 -6 0
16.50000000000303 -6 0
17.0000000000027 -6 0
17.50000000000236 -6 0
18.00000000000202 -6 0
18.50000000000168 -6 0
19.00000000000135 -6 0
19.50000000000101 -6 0
20.00000000000067 -6 0
20.50000000000034 -6 0
1 10 0 23
180
181
182
183
184
185
186
187
188
189
190
191
192
193
194
195
196
197
198
199
200
201
202
21 -5.500000000001853 0
21 -5.000000000003705 0
21 -4.500000000005556 0
21 -4.000000000007409 0
21 -3.50000000000926 0
21 -3.000000000011112 0
21 -2.500000000012963 0
21 -2.000000000014814 0
21 -1.500000000016665 0
21 -1.000000000018516 0
21 -0.5000000000203677 0
21 -2.204547655537681e-11 0
21 0.4999999999796305 0
21 0.9999999999814779 0
21 1.499999999983327 0
21 1.999999999985175 0
21 2.499999999987029 0
21 2.999999999988882 0
21 3.499999999990735 0
21 3.999999999992589 0
21 4.49999999999444 0
21 4.999999999996293 0
21 5.499999999998147 0
1 11 0 53
203
204
205
206
207
208
209
210
211
212
213
214
215
216
217
218
219
220
221
222
223
224
225
226
227
228
229
230
231
232
233
234
235
236
237
238
239
240
241
242
243
244
245
246
247
248
249
250
251
252
253
254
255
20.50000000000029 6 0
20.00000000000059 6 0
19.50000000000088 6 0
19.00000000000118 6 0
18.50000000000148 6 0
18.00000000000177 6 0
17.50000000000207 6 0
17.00000000000236 6 0
16.50000000000266 6 0
16.00000000000296 6 0
15.50000000000325 6 0
15.00000000000355 6 0
14.50000000000384 6 0
14.00000000000414 6 0
13.50000000000443 6 0
13.00000000000473 6 0
12.50000000000502 6 0
12.00000000000532 6 0
11.50000000000561 6 0
11.00000000000591 6 0
10.5000000000062 6 0
10.0000000000065 6 0
9.500000000006796 6 0
9.000000000007089 6 0
8.500000000007386 6 0
8.000000000007681 6 0
7.500000000007631 6 0
7.000000000004983 6 0
6.500000000001991 6 0
5.999999999998998 6 0
5.499999999996005 6 0
4.999999999993605 6 0
4.499999999993801 6 0
3.999999999994092 6 0
3.49999999999439 6 0
2.999999999994682 6 0
2.499999999994976 6 0
1.999999999995275 6 0
1.49999999999557 6 0
0.9999999999958646 6 0
0.4999999999961631 6 0
-3.542055537764099e-12 6 0
-0.5000000000032472 6 0
-1.000000000002952 6 0
-1.500000000002657 6 0
-2.000000000002359 6 0
-2.500000000002068 6 0
-3.000000000001769 6 0
-3.500000000001474 6 0
-4.00000000000118 6 0
-4.500000000000885 6 0
-5.00000000000059 6 0
-5.500000000000295 6 0
1 12 0 23
256
257
258
259
260
261
262
263
264
265
266
267
268
269
270
271
272
273
274
275
276
277
278
-6 5.500000000001853 0
-6 5.000000000003705 0
-6 4.500000000005556 0
-6 4.000000000007409 0
-6 3.50000000000926 0
-6 3.000000000011112 0
-6 2.500000000012963 0
-6 2.000000000014814 0
-6 1.500000000016665 0
-6 1.000000000018516 0
-6 0.5000000000203677 0
-6 2.204547655537681e-11 0
-6 -0.4999999999796305 0
-6 -0.9999999999814779 0
-6 -1.499999999983327 0
-6 -1.999999999985175 0
-6 -2.499999999987029 0
-6 -2.999999999988882 0
-6 -3.499999999990735 0
-6 -3.999999999992589 0
-6 -4.49999999999444 0
-6 -4.999999999996293 0
-6 -5.499999999998147 0
2 15 0 525
279
280
281
282
283
284
285
286
287
288
289
290
291
292
293
294
295
296
297
298
299
300
301
302
303
304
305
306
307
308
309
310
311
312
313
314
315
316
317
318
319
320
321
322
323
324
325
326
327
328
329
330
331
332
333
334
335
336
337
338
339
340
341
342
343
344
345
346
347
348
349
350
351
352
353
354
355
356
357
358
359
360
361
362
363
364
365
366
367
368
369
370
371
372
373
374
375
376
377
378
379
380
381
382
383
384
385
386
387
388
389
390
391
392
393
394
395
396
397
398
399
400
401
402
403
404
405
406
407
408
409
410
411
412
413
414
415
416
417
418
419
420
421
422
423
424
425
426
427
428
429
430
431
432
433
434
435
436
437
438
439
440
441
442
443
444
445
446
447
448
449
450
451
452
453
454
455
456
457
458
459
460
461
462
463
464
465
466
467
468
469
470
471
472
473
474
475
476
477
478
479
480
481
482
483
484
485
486
487
488
489
490
491
492
493
494
495
496
497
498
499
500
501
502
503
504
505
506
507
508
509
510
511
512
513
514
515
516
517
518
519
520
521
522
523
524
525
526
527
528
529
530
531
532
533
534
535
536
537
538
539
540
541
542
543
544
545
546
547
548
549
550
551
552
553
554
555
556
557
558
559
560
561
562
563
564
565
566
567
568
569
570
571
572
573
574
575
576
577
578
579
580
581
582
583
584
585
586
587
588
589
590
591
592
593
594
595
596
597
598
599
600
601
602
603
604
605
606
607
608
609
610
611
612
613
614
615
616
617
618
619
620
621
622
623
624
625
626
627
628
629
630
631
632
633
634
635
636
637
638
639
640
641
642
643
644
645
646
647
648
649
650
651
652
653
654
655
656
657
658
659
660
661
662
663
664
665
666
667
668
669
670
671
672
673
674
675
676
677
678
679
680
681
682
683
684
685
686
687
688
689
690
691
692
693
694
695
696
697
698
699
700
701
702
703
704
705
706
707
708
709
710
711
712
713
714
715
716
717
718
719
720
721
722
723
724
725
726
727
728
729
730
731
732
733
734
735
736
737
738
739
740
741
742
743
744
745
746
747
748
749
750
751
752
753
754
755
756
757
758
759
760
761
762
763
764
765
766
767
768
769
770
771
772
773
774
775
776
777
778
779
780
781
782
783
784
785
786
787
788
789
790
791
792
793
794
795
796
797
798
799
800
801
802
803
0.04630239431734308 -0.06375213955443737 0
0.1254288328158038 -0.09382752155539309 0
0.2136793105361801 -0.1193847461705609 0
0.3258906433405154 -0.1440002494235933 0
0.4444505531482484 -0.158459332834346 0
0.5825778502287159 -0.1729428784946784 0
0.7082261367062745 -0.1877248335792707 0
0.8269388063070617 -0.1863867731976676 0
0.914782672301962 -0.1896988771008205 0
1.890233255383621 0.7945786937042856 0
0.06393253767822439 0.04465847457279717 0
0.1500061235653024 0.0460193180659028 0
1.89762065817801 -0.7984534664332599 0
0.9636877075376029 -0.1152175508116902 0
0.7423394377868273 -0.02822240400276259 0
0.5030074565131653 0.03757310088399411 0
0.264560964198769 0.05047602010106601 0
2.874543717405047 0.811827149915311 0
2.621482086065446 -0.7985560109405055 0
1.433231584107126 0.787209601199686 0
3.793571376207825 -0.1226466606777175 0
-0.7787921419514403 0.3810720625489115 0
-0.8071303595122947 -0.3768827305260923 0
-0.1527377950078933 0.804036822423016 0
1.36515562006402 -0.8290983874324769 0
-0.1291170757738005 -0.8076716337377854 0
0.1073288947367671 0.04469918399850767 0
0.08303964230575064 -0.07945889554549287 0
0.195014622810265 0.04222045927824469 0
0.3749999999999922 0.78349364905389 0
0.8656768012068964 0.7807046668654068 0
0.2660364102089113 -0.1349495517433739 0
3.112996302784895 -0.7902186798342231 0
2.380308620369532 0.7904315656526555 0
0.1674975137007041 -0.1067091904703967 0
0.3860092197484009 -0.1528936140518258 0
3.774678171215283 0.3697552138617975 0
0.5260144774830736 -0.1686070209314476 0
0.3584818493583043 -0.840802767798383 0
0.8533835612882084 -0.7962195923724393 0
3.339088879050651 0.7891587601902429 0
3.622092460506771 -0.8059595154091388 0
-0.6422425797294955 -0.801208016075449 0
-0.6275701224854072 0.764987846794342 0
0.6671417855059436 -0.807915542552273 0
0.5192751254694356 -0.6211759302018569 0
0.7699315610670414 -0.6522131959658315 0
0.9457156645842858 -0.6247904151176592 0
0.8340791651657212 -0.489999183344615 0
0.9655065477295987 -0.4838089597388437 0
0.9126768791584148 -0.3962065752142519 0
0.7811741647954009 -0.407229465481021 0
1.004347791902589 -0.3861532998217954 0
1.070840233113699 -0.4612865335586722 0
1.101785780220176 -0.3719035277459306 0
1.170181310749489 -0.4388170134003442 0
1.19877805693642 -0.3424041175757251 0
1.279185291504922 -0.4205367695730347 0
1.307011081650753 -0.302668144123425 0
1.40356820808713 -0.3993901584968417 0
1.442122597465649 -0.264733845488648 0
1.33682097034061 -0.1800831040106002 0
1.476383118938688 -0.124046535728852 0
1.370086315130563 -0.04623553824864142 0
1.515720987097225 0.02569815851597737 0
1.63470606178828 -0.07751244339907974 0
1.679127559294361 0.08986014016683454 0
1.808212362447015 -0.04370476364237857 0
1.013269086328475 -0.1242293674066552 0
1.006248025578625 -0.06287474982048138 0
1.856292060655033 0.138273951156402 0
1.994578914755901 -0.01063140393683356 0
1.374417340626303 0.1337340327946685 0
1.551461003711692 -0.3692831108191988 0
1.050156506914675 -0.1683480600347639 0
2.044129790423303 0.2247329730831359 0
2.200541707907219 0.07118392689097361 0
2.140605464083521 -0.1644551629519424 0
2.362370312010868 -0.09914564976243144 0
2.415920172849121 0.1348440508696003 0
2.583915957918089 -0.03794217381467492 0
1.714197441845702 0.2689190552743758 0
1.07008438080208 -0.09961652663785876 0
1.065102493544189 -0.01024726209128124 0
0.9760874776270647 0.0160694984270523 0
1.040527816700467 0.09024167207320563 0
0.929418343461992 0.1170182500535147 0
1.012766462421101 0.2053889115403737 0
0.8839513861740517 0.2341207760395048 0
0.9808026739781912 0.334278239348611 0
0.8419278031569375 0.3601475040873942 0
2.642022001134995 0.1878793934812104 0
2.81083066647912 0.02102156600289044 0
0.7469697138412461 0.2588435474009669 0
0.7009957644280338 0.3878819913898631 0
2.747668522835079 -0.1953642103970682 0
2.980569516074187 -0.1420185906547323 0
3.042664792418876 0.08682853056768292 0
2.302421067915287 -0.3161724312932759 0
0.6070114681282195 0.2791842978358836 0
0.5620402627755072 0.4123894784980395 0
0.469204480587429 0.3148938756581356 0
1.146893610732015 -0.5475049369821371 0
1.117941929538495 0.3000958577963529 0
1.084214993123841 0.4502381214966889 0
1.245864695368782 0.4081243802290156 0
0.4273908655965071 0.4362511052149843 0
0.3389512362430353 0.3374045025133494 0
0.3008505486934792 0.4593452890439788 0
0.2175859354365868 0.3605652352071004 0
0.1786184671681079 0.4798380031818878 0
0.1068184115471591 0.3856749779222953 0
0.1319780429581395 0.2863504516300597 0
0.03279395435347274 0.2958446614233883 0
-0.003057281880599977 0.3943658279268172 0
-0.06700726624211775 0.315300226547265 0
0.006314334948843064 0.0257288413398997 0
-0.1103922649782092 0.4075145363071547 0
-0.1705509651632968 0.316654200999281 0
-0.1155050121677707 0.2296262242137178 0
-0.2193113727946095 0.2309343881557886 0
-0.009629445457077323 -0.006727769348410952 0
-0.1764973745585208 0.1382216162739158 0
-0.2698181146931121 0.1500981162990933 0
-0.2387559742414486 0.05858995786806507 0
-0.3338979967457794 0.07541469340473614 0
-0.2873593412635805 -0.02861701731593546 0
-0.2828590434878431 0.3248932523968633 0
-0.3961491154057243 -0.01906388299926911 0
-0.3393043184732819 -0.1244619719463927 0
-0.2127982921408684 -0.1229381156300394 0
-0.27909821288875 -0.2296826050395288 0
-0.1536282221816434 -0.2325989081010603 0
0.07914409529297345 0.2192972426861368 0
0.1499624608909911 0.2035949890989361 0
-0.2144854791987255 -0.3460063997542702 0
-0.0902506768222195 -0.3365052708547275 0
-0.09264706080409484 0.1401642825305983 0
-0.005025785636580352 0.01089573883858964 0
-0.01270224628931454 0.02874413518286052 0
0.003764898001361043 0.04678707297596695 0
-0.4498009235040364 0.09704783323008349 0
-0.5281935642740661 -0.01352304412123826 0
-0.3544877185538333 -0.3449000689785383 0
-0.02091766837990225 0.05368602860396091 0
-0.03875429369502129 0.03013663087045008 0
-0.0008630722512488387 0.07419556685138952 0
0.383384688112868 0.2267195777529988 0
-0.04353416389855722 -0.2210763352319012 0
0.0173836631110287 -0.3080492118400437 0
0.07637117208630917 -0.2365409637055863 0
0.1181321961641989 -0.3191982704386949 0
0.07505009274507654 -0.415560735945584 0
0.1832030772902907 -0.4043212477239942 0
0.1382136555858022 -0.5153643830574052 0
0.2289216149690494 -0.3039403254710089 0
0.2871238218173326 -0.388822550287215 0
0.3257110044471608 -0.2990730963075373 0
0.3803108799099963 -0.3748881523117185 0
0.4187254147628224 -0.2985954101400476 0
0.4638528085805381 -0.3608164876625347 0
0.8395348881830067 -0.3071752372057713 0
0.7609980804036884 -0.3214014316131759 0
0.7152763786447248 -0.3870939668701702 0
0.6809745016996899 -0.3170393062266147 0
3.215600315025537 -0.08373381484653983 0
3.27704414665006 0.152675095346255 0
0.1031134030826387 0.1510193745930163 0
0.4977902791822348 -0.2837885187290604 0
0.1626324908846515 0.1387652201513136 0
0.2111195698122075 0.1822655565345498 0
0.6314570427589605 -0.3770281388439068 0
0.0456832472399787 0.1673191832884877 0
1.01750476488074 -0.2296002100934714 0
0.9557052814220599 -0.1891962371885636 0
-0.2780967754325802 -0.4772739509677593 0
2.076208018803807 -0.3850815280122344 0
3.101371725752166 0.3230555574726445 0
0.02180605446980472 -0.1595841943501327 0
-0.05115349896150232 0.06209062777794661 0
-0.07334461970940814 0.0341449894063761 0
0.3473892982323109 -0.467931158265269 0
-0.05529787277631849 0.002461334876475794 0
-0.0925108708336565 0.007992660244170797 0
-0.0747953221256621 -0.03635433673405735 0
1.123898334207126 -0.1593655701215817 0
2.262459808139762 -0.5709952269398594 0
1.146548782001994 0.05089605670172864 0
-0.4387932649849414 -0.4766208184714891 0
1.02737896438947 -0.7693951356373041 0
3.143656925387866 -0.3586586067631308 0
-0.5871947499341184 0.1199670982050804 0
0.6546237758813735 0.5329121545689516 0
2.472226982367403 0.3462769033279853 0
-0.04913061138794012 0.505064770397319 0
-0.1840801364138923 0.5390025392876047 0
-0.5027264693896472 0.2324882873767061 0
0.6645486357023285 0.1584196997990793 0
0.8041747567732653 -0.264894625517594 0
0.757766928238932 -0.1798693235199355 0
0.8551004766887204 -0.2596762392120149 0
0.8718959238467403 -0.1890993818475989 0
0.2602694767119867 -0.2271722430487606 0
0.06301614254385202 0.1104556125943545 0
0.01342728288924173 -0.5206523016292444 0
0.08501236974163211 -0.6452331677502754 0
0.349674040806178 -0.219869824481479 0
0.1971852934666449 -0.2340446959555361 0
-0.1178627573986044 0.04327150523920162 0
3.383731072268615 -0.2679472708411671 0
1.504862840821855 -0.5166745588603561 0
1.668643484539679 -0.4896246261994708 0
0.1098360151779471 0.1009971925931307 0
0.4927067131653255 0.1995952784477944 0
1.609326494012696 -0.6581827845761595 0
2.696914419235877 0.4125406893874329 0
-0.367574337801977 -0.6271686075461327 0
3.335324695461852 0.3902821588913886 0
0.9459433646941162 -0.3129706681890295 0
0.2213713350738209 0.1248760540180978 0
0.2708533494010889 0.160738378163054 0
0.02343055995443779 0.05984986492308891 0
0.6679870134908059 -0.4577692255904905 0
0.5764968396404571 -0.4463449562712118 0
-0.04182637887431712 0.192783153519173 0
-0.135020395566934 -0.009354407671585645 0
0.606331082248019 -0.3064098426366541 0
0.6510934907260445 -0.2512038157262727 0
0.6352219027909523 -0.1787696421079329 0
0.5920706606769074 -0.2426106439271183 0
0.7109625920473459 -0.2634617730465826 0
-0.6802067172064945 -0.00398321475783592 0
-0.6055752222895159 -0.1517962157167361 0
1.71688578362763 -0.3286059084898106 0
-0.1118550856522869 -0.1470376147664899 0
3.349306308938891 -0.5065620915300078 0
3.566644921312946 -0.4299558875482196 0
1.090765549448302 -0.2311257041792333 0
0.4540353899463208 -0.2368116089297329 0
2.500776273616243 -0.4603117764927012 0
0.02228271982975866 0.0362962640339165 0
1.154330283970924 -0.06397877509405604 0
0.2608241851801539 0.2272341746490188 0
-0.02909574398086455 0.1405140410850235 0
0.5028895587822049 -0.2232060477288244 0
0.8789570025283969 0.01331348311147208 0
1.193933249985025 0.545285667995146 0
1.381286986071542 0.5462440895293573 0
1.572747191030746 0.6255207801933034 0
3.164297588512889 0.5661304482394103 0
0.2245317575533306 -0.1798573152536136 0
0.1712255190748399 -0.1794849549994542 0
0.1698762074798371 0.8053751782008145 0
3.547119099353176 0.2169908415833208 0
0.2467476712981851 0.5649766848141005 0
0.4150476541974885 0.1330327308909776 0
1.199770605296674 -0.2334133536815982 0
1.402460360558776 0.3267589956916961 0
0.6180039196284715 0.8138257474519932 0
-0.753591431918253 0.1700670538478573 0
0.8936749621994818 -0.08210962811138511 0
1.028065134542665 -0.3044423308450503 0
-0.3661747545828101 0.7805424873432607 0
-0.4867094803070146 0.599002405473308 0
0.0826173698611682 0.07745594820298907 0
0.8038984345434681 0.1224998893178372 0
0.02435023979252965 0.09110725057145355 0
0.2725196884166125 -0.1725033355290121 0
-0.5049062387685762 -0.2980256565327284 0
1.862448571513885 -0.4455602201862734 0
0.04215627459957547 0.04257786824303469 0
1.075560329265131 0.8236918758691536 0
0.2194221926132869 -0.608049065089294 0
2.129214359472455 0.7925779519907886 0
2.003810704967172 0.594543417274549 0
1.768996409959882 0.577907619242828 0
2.252831985113154 0.5748083139835307 0
1.899310712239524 0.3946556505803969 0
0.1824464775546041 0.09311023703302158 0
0.6870438958829893 -0.2198948699332489 0
0.7278624338004566 -0.2186565834826918 0
-0.7712486292156733 -0.6195133118731583 0
-0.8121657790539649 0.6277729064268693 0
0.8261838537609349 -0.2302017379674026 0
0.791821875234912 -0.2191148551927103 0
-0.7986175667301417 -0.1513301765424543 0
0.02671439760301074 -0.05578840768181029 0
0.02867656686902097 -0.08387617451584713 0
0.004454302286309168 -0.07002598180736266 0
0.004934461791525636 -0.1077421786646764 0
-0.03238586276714154 -0.07898233481468246 0
-0.03341476145415182 -0.04486699074195934 0
0.05715088030916255 -0.09128941225156595 0
-0.04134399597558801 -0.1339378089647927 0
-0.003836729250599344 -0.025348675599662 0
2.132355082265264 -0.7890978936900954 0
2.364469573289715 -0.7867869738170132 0
0.5427864491170599 -0.3491844313295858 0
2.528129070479526 0.5900031958917009 0
2.23990939920539 0.3208620927839305 0
-0.6174401395681257 -0.4467286021614552 0
0.1364940070677631 0.6240665126872584 0
0.677959143352556 -0.1873235174685604 0
-0.02517638587886024 0.008284273540139667 0
0.47348149761326 -0.190162547557711 0
0.2717681503448126 0.1020626826040786 0
0.01002623112480646 -0.04383878596116225 0
0.3355851206360033 0.1398046253877151 0
0.1840957929641343 -0.7900451016046595 0
0.818938391241524 -0.05228403809095337 0
1.906632530444786 -0.222046019007022 0
3.783493649054439 0.1249999999969687 0
3.359151467415542 -0.7616635455731312 0
2.872131834313126 -0.7872872496663385 0
2.737079781972645 -0.5708442339359781 0
2.998312617033673 -0.5679615091161109 0
3.789482709146045 0.6230709355349607 0
3.574230684988931 0.4958141219647117 0
0.08704261813613785 0.05113259487113585 0
2.003033566248 -0.602316600952763 0
3.443601860143758 -0.03405664638409482 0
2.930128391562552 0.4715279974661943 0
2.528263737690255 -0.2493946827320033 0
2.870924311444083 0.2501504256599045 0
0.5840761132805039 0.01893347354175406 0
0.5656329424598062 0.1135150786151793 0
1.028019897489931 0.6221500154180781 0
0.6221884519961678 -0.2150934239102587 0
0.7588182724066941 -0.2496341918755435 0
1.256871906019389 0.243807965672782 0
0.833221351755248 0.5980395630923309 0
0.664620655128248 -0.003465729720685135 0
0.1040810143089536 -0.08772787114896216 0
0.1069009531077878 -0.1133718020812226 0
0.135797216656899 -0.1189493343641534 0
0.1144720379100518 -0.1437169225787405 0
0.07572734013563986 -0.131448871293371 0
0.1271523361452912 0.04806301410358016 0
0.136189701741494 0.07127350710890831 0
2.629078970674216 0.8020341723570825 0
0.2225222171043868 0.0692668788750707 0
0.3123717433153859 0.06561982881241994 0
-0.2024335674085763 -0.6320724647628655 0
0.1722705638152803 0.04431970988132478 0
0.1464316369896731 -0.09665647776200235 0
0.1624488103040983 -0.138210435973392 0
0.525973687847432 0.6496081803764506 0
-0.3207409984543017 0.6165170742553379 0
-0.3830042324009618 0.4550618739658949 0
-0.5477415696077931 0.3981080475809988 0
0.2950043514892978 -0.1397386172672913 0
0.1354810509167219 -0.2280694911804302 0
0.8627326191421962 -0.2229872841413556 0
0.8932744001478963 -0.2422461232978172 0
0.8915480570471754 -0.289541754718655 0
3.11115477066758 0.802241951432366 0
-0.1399991135486766 -0.07639335509775588 0
3.794557622470109 -0.3654474628078354 0
3.766721551450729 -0.6129131736607337 0
3.599132842703671 0.7676373203664797 0
0.05319922504911814 0.06956997426361972 0
0.188353192895114 -0.1158509201281713 0
0.1952923158433099 -0.1453066890929864 0
0.3560869118287169 -0.1491620358862993 0
0.336433854545275 -0.1770770029133118 0
1.546378326797255 0.207670728658241 0
1.590339009391659 0.4248288027459255 0
0.2378290026046951 -0.1254602893468083 0
0.4739687881706014 -0.1574841401360547 0
0.4164504486609802 -0.1585870002083624 0
0.3919508861261557 -0.1907732759275922 0
0.8934742349493257 -0.189451247938366 0
0.5538881336921547 -0.1718889042472059 0
0.5679774708161726 -0.2038070001200834 0
0.6006471584903796 -0.5404332885891679 0
0.500792582683793 -0.1641445093346585 0
-0.1353754516194621 0.09577455514782385 0
0.7791902158374319 -0.1868966589072238 0
0.07253155758825458 -0.1784767428208751 0
-0.02964867141884946 -0.01580442917912707 0
0.8039301004026548 -0.1873493497371269 0
0.01280370950101709 0.2179970624059265 0
0.6095489162276705 -0.1782136289966811 0
0.8497317855398637 -0.1884564221870896 0
0.7367910492666918 -0.186254405373366 0
-0.3209743292180328 -0.8146853846238994 0
0.9035679969749375 -0.2109930405437705 0
0.9333196292739071 -0.2342755787816845 0
1.358977941898787 -0.5295260645106437 0
0.7253345591380981 0.05932268706293781 0
2.879952942524903 -0.3703798342498146 0
-0.04968463133456747 0.09949801963777574 0
-0.1352265618853243 -0.4720369998273188 0
1.594841193902281 -0.2234108316258783 0
1.251190395565273 0.008853427487383544 0
0.5548158573654969 -0.2864765127385407 0
-0.09415489591690836 0.6327023099190157 0
-0.6340092725602505 0.2603405099119108 0
-0.4626116402353338 -0.1210504789402674 0
-0.5511456188083428 -0.6228446999303477 0
1.789486112938527 -0.6279976706779871 0
0.03791051176391137 -0.1196750046705302 0
0.4367485861100822 -0.4463468757514858 0
0.4151235123040076 -0.5498190470928342 0
0.2180170215635103 0.03789171193421995 0
0.23966644391499 0.03780400303363901 0
0.9310697848848002 0.4720612329767864 0
0.0671839633574999 0.4948721019986115 0
-0.3792916046519672 0.1886004756076497 0
1.65987349584566 0.8023030691765903 0
0.9751118142992065 -0.2661436135377401 0
-0.3951550545001286 0.3063012159434084 0
0.1083611559664676 0.06560357347970863 0
0.1457576754246077 0.09853453612046958 0
0.4298745500020469 0.0580179175658 0
0.3977978329674572 -0.2421306097411602 0
0.4336959108069982 -0.195075084685223 0
-0.0873043427032005 0.07140924188139418 0
2.777427409666053 0.6242134910621111 0
0.2479468896559981 -0.4912666322487806 0
-0.08007587601387101 -0.09454109007555567 0
1.192022546421434 -0.8251541585491386 0
1.264008185065132 -0.6490773450350629 0
0.6555352172420089 -0.2044125003495635 0
1.041476030608759 -0.5573183267035076 0
0.377581669494272 0.5918402749107872 0
-0.2307268088308482 0.4225159680379722 0
-0.1977004793882722 -0.0211659876052382 0
0.2444471056902832 -0.1507414654542601 0
0.6408425811417969 0.06934504185965307 0
0.06480363962300777 -0.07180746195664556 0
3.600710576609813 -0.2126398274178085 0
0.1999419504122273 0.2530274806865361 0
0.5496975409733799 -0.2342942610597401 0
-0.1722697595681253 0.05171701221582213 0
0.9336051175073049 -0.1860842699022438 0
-0.02583535771779323 -0.4145458086187139 0
-0.3880816257839551 -0.2236241562874911 0
1.136182876569478 0.1698223176361702 0
1.547630568623092 -0.8281629110840099 0
0.3126398680611038 0.2046643731847877 0
1.239349484085195 -0.1123704856115157 0
-0.6667339053737309 -0.2849526762958933 0
1.44166027508093 -0.6684536752497847 0
-0.02621899081597466 0.07890515971822698 0
-0.009089183922807616 0.1045093511401897 0
0.6593228075355408 -0.1746860041176617 0
0.7435412040709206 -0.4594067278072798 0
0.6302817003909662 -0.657306516214435 0
0.5343536737321064 -0.1989795279451393 0
1.242440362735421 0.1285034420325788 0
3.532783341924976 -0.6234108427442462 0
0.08537996603345888 -0.1006593704641229 0
2.079954808745388 0.423350306396452 0
0.3061524394087159 -0.2023064105925296 0
-0.05516995728499115 -0.6433436458246959 0
1.243849267990069 -0.5170924259002446 0
2.678748251727825 -0.3692589475615131 0
0.5101608734579957 -0.5029471397286709 0
0.01696422592908662 -0.7772587097834832 0
3.397736087581492 0.5967786562316815 0
0.01580679065837472 0.1309029774256339 0
0.01259846022248797 0.7420090030465534 0
-0.8169872981080704 -0.8169872981078368 0
-0.8169872981076648 0.81698729810785 0
0.5824749398639198 0.1876785886744841 0
0.259398033725735 0.2940426265531644 0
0.9665117546117103 -0.2189251774796092 0
0.3640309826109454 -0.1779551506521016 0
0.5967769880449884 -0.2010363638464686 0
0.1220883579800459 -0.184083251876413 0
0.8145387362273712 -0.2076071828801074 0
-0.8419345761442378 0.03392480006690268 0
3.816987298107326 -0.8169872981076133 0
3.816987298107309 0.8169872981071233 0
0.5095220523190184 0.5246002387138425 0
1.747488597881749 -0.1762831458296809 0
0.5060091113812265 -0.4211279781486978 0
0.5051886776163281 -0.7647698217428434 0
0.7587084624641862 -0.2067376697252452 0
1.74630634947771 0.4207803506316773 0
1.718812766749787 -0.7825593665542834 0
0.793893565047663 0.02292592347970623 0
-2.395772243991845e-05 0.1715124258742946 0
1.105717618600332 -0.6564238918253993 0
0.8360251601954856 -0.2071278800747246 0
0.8827386354357216 -0.2080778518416131 0
0.7923676960212788 0.4702084892230651 0
3.640609594589745 -2.74978650960378e-12 0
1.131407170106956 -0.2984223829722102 0
0.3022749263271213 -0.2513929350200717 0
0.3114717150391008 0.2611022106565176 0
0.1620312838118095 0.06951170184748956 0
0.9437310350942343 -0.04616378944100646 0
-0.6496451117792775 0.5535902311080322 0
0.7073089305661104 0.6658806851708543 0
0.7077446337793056 -0.5428546895853033 0
0.9263043746088608 -0.2700877382140544 0
0.2226309759376475 -0.1432320251593164 0
3.186307814288665 -0.6015926670786047 0
0.3571102476193999 -0.6670328085697768 0
0.9345820753486469 -0.204862196832782 0
2.494636870695782 -0.6539948929578743 0
0.3173984280850007 -0.5568197422531909 0
-0.01088207083202908 -0.0466326558299369 0
0.1855171607695688 0.06381290287531029 0
-0.3092870380255321 0.2401654896805606 0
2.993284643348911 0.6565607392660726 0
0.1303348961424612 0.1223290808644825 0
0.485104185706586 0.109061087991958 0
0.02160379500543449 -0.2162045115048278 0
-0.03332508890411838 0.2547389975636871 0
0.07169793768116214 0.06070424797763545 0
-0.2831412275587387 0.5083484285579988 0
0.8860417809701959 -0.3379761198974499 0
0.842177781416542 -0.3714597327501657 0
0.3700882772748906 0.08272405781333417 0
0.5061368206136961 -0.1912789515750022 0
0.3072001954400833 -0.1671251231451476 0
1.239816815264932 0.7200962397690993 0
0.01534025146542505 0.5929495953352037 0
0.2595775387015644 0.6872450390684315 0
-0.4763873731116406 -0.7731813416351657 0
0.1699300388791538 -0.2713131957614175 0
-0.2178659821958917 0.6807335509791276 0
2 16 0 2013
804
805
806
807
808
809
810
811
812
813
814
815
816
817
818
819
820
821
822
823
824
825
826
827
828
829
830
831
832
833
834
835
836
837
838
839
840
841
842
843
844
845
846
847
848
849
850
851
852
853
854
855
856
857
858
859
860
861
862
863
864
865
866
867
868
869
870
871
872
873
874
875
876
877
878
879
880
881
882
883
884
885
886
887
888
889
890
891
892
893
894
895
896
897
898
899
900
901
902
903
904
905
906
907
908
909
910
911
912
913
914
915
916
917
918
919
920
921
922
923
924
925
926
927
928
929
930
931
932
933
934
935
936
937
938
939
940
941
942
943
944
945
946
947
948
949
950
951
952
953
954
955
956
957
958
959
960
961
962
963
964
965
966
967
968
969
970
971
972
973
974
975
976
977
978
979
980
981
982
983
984
985
986
987
988
989
990
991
992
993
994
995
996
997
998
999
1000
1001
1002
1003
1004
1005
1006
1007
1008
1009
1010
1011
1012
1013
1014
1015
1016
1017
1018
1019
1020
1021
1022
1023
1024
1025
1026
1027
1028
1029
1030
1031
1032
1033
1034
1035
1036
1037
1038
1039
1040
1041
1042
1043
1044
1045
1046
1047
1048
1049
1050
1051
1052
1053
1054
1055
1056
1057
1058
1059
1060
1061
1062
1063
1064
1065
1066
1067
1068
1069
1070
1071
1072
1073
1074
1075
1076
1077
1078
1079
1080
1081
1082
1083
1084
1085
1086
1087
1088
1089
1090
1091
1092
1093
1094
1095
1096
1097
1098
1099
1100
1101
1102
1103
1104
1105
1106
1107
1108
1109
1110
1111
1112
1113
1114
1115
1116
1117
1118
1119
1120
1121
1122
1123
1124
1125
1126
1127
1128
1129
1130
1131
1132
1133
1134
1135
1136
1137
1138
1139
1140
1141
1142
1143
1144
1145
1146
1147
1148
1149
1150
1151
1152
1153
1154
1155
1156
1157
1158
1159
1160
1161
1162
1163
1164
1165
1166
1167
1168
1169
1170
1171
1172
1173
1174
1175
1176
1177
1178
1179
1180
1181
1182
1183
1184
1185
1186
1187
1188
1189
1190
1191
1192
1193
1194
1195
1196
1197
1198
1199
1200
1201
1202
1203
1204
1205
1206
1207
1208
1209
1210
1211
1212
1213
1214
1215
1216
1217
1218
1219
1220
1221
1222
1223
1224
1225
1226
1227
1228
1229
1230
1231
1232
1233
1234
1235
1236
1237
1238
1239
1240
1241
1242
1243
1244
1245
1246
1247
1248
1249
1250
1251
1252
1253
1254
1255
1256
1257
1258
1259
1260
1261
1262
1263
1264
1265
1266
1267
1268
1269
1270
1271
1272
1273
1274
1275
1276
1277
1278
1279
1280
1281
1282
1283
1284
1285
1286
1287
1288
1289
1290
1291
1292
1293
1294
1295
1296
1297
1298
1299
1300
1301
1302
1303
1304
1305
1306
1307
1308
1309
1310
1311
1312
1313
1314
1315
1316
1317
1318
1319
1320
1321
1322
1323
1324
1325
1326
1327
1328
1329
1330
1331
1332
1333
1334
1335
1336
1337
1338
1339
1340
1341
1342
1343
1344
1345
1346
1347
1348
1349
1350
1351
1352
1353
1354
1355
1356
1357
1358
1359
1360
1361
1362
1363
1364
1365
1366
1367
1368
1369
1370
1371
1372
1373
1374
1375
1376
1377
1378
1379
1380
1381
1382
1383
1384
1385
1386
1387
1388
1389
1390
1391
1392
1393
1394
1395
1396
1397
1398
1399
1400
1401
1402
1403
1404
1405
1406
1407
1408
1409
1410
1411
1412
1413
1414
1415
1416
1417
1418
1419
1420
1421
1422
1423
1424
1425
1426
1427
1428
1429
1430
1431
1432
1433
1434
1435
1436
1437
1438
1439
1440
1441
1442
1443
1444
1445
1446
1447
1448
1449
1450
1451
1452
1453
1454
1455
1456
1457
1458
1459
1460
1461
1462
1463
1464
1465
1466
1467
1468
1469
1470
1471
1472
1473
1474
1475
1476
1477
1478
1479
1480
1481
1482
1483
1484
1485
1486
1487
1488
1489
1490
1491
1492
1493
1494
1495
1496
1497
1498
1499
1500
1501
1502
1503
1504
1505
1506
1507
1508
1509
1510
1511
1512
1513
1514
1515
1516
1517
1518
1519
1520
1521
1522
1523
1524
1525
1526
1527
1528
1529
1530
1531
1532
1533
1534
1535
1536
1537
1538
1539
1540
1541
1542
1543
1544
1545
1546
1547
1548
1549
1550
1551
1552
1553
1554
1555
1556
1557
1558
1559
1560
1561
1562
1563
1564
1565
1566
1567
1568
1569
1570
1571
1572
1573
1574
1575
1576
1577
1578
1579
1580
1581
1582
1583
1584
1585
1586
1587
1588
1589
1590
1591
1592
1593
1594
1595
1596
1597
1598
1599
1600
1601
1602
1603
1604
1605
1606
1607
1608
1609
1610
1611
1612
1613
1614
1615
1616
1617
1618
1619
1620
1621
1622
1623
1624
1625
1626
1627
1628
1629
1630
1631
1632
1633
1634
1635
1636
1637
1638
1639
1640
1641
1642
1643
1644
1645
1646
1647
1648
1649
1650
1651
1652
1653
1654
1655
1656
1657
1658
1659
1660
1661
1662
1663
1664
1665
1666
1667
1668
1669
1670
1671
1672
1673
1674
1675
1676
1677
1678
1679
1680
1681
1682
1683
1684
1685
1686
1687
1688
1689
1690
1691
1692
1693
1694
1695
1696
1697
1698
1699
1700
1701
1702
1703
1704
1705
1706
1707
1708
1709
1710
1711
1712
1713
1714
1715
1716
1717
1718
1719
1720
1721
1722
1723
1724
1725
1726
1727
1728
1729
1730
1731
1732
1733
1734
1735
1736
1737
1738
1739
1740
1741
1742
1743
1744
1745
1746
1747
1748
1749
1750
1751
1752
1753
1754
1755
1756
1757
1758
1759
1760
1761
1762
1763
1764
1765
1766
1767
1768
1769
1770
1771
1772
1773
1774
1775
1776
1777
1778
1779
1780
1781
1782
1783
1784
1785
1786
1787
1788
1789
1790
1791
1792
1793
1794
1795
1796
1797
1798
1799
1800
1801
1802
1803
1804
1805
1806
1807
1808
1809
1810
1811
1812
1813
1814
1815
1816
1817
1818
1819
1820
1821
1822
1823
1824
1825
1826
1827
1828
1829
1830
1831
1832
1833
1834
1835
1836
1837
1838
1839
1840
1841
1842
1843
1844
1845
1846
1847
1848
1849
1850
1851
1852
1853
1854
1855
1856
1857
1858
1859
1860
1861
1862
1863
1864
1865
1866
1867
1868
1869
1870
1871
1872
1873
1874
1875
1876
1877
1878
1879
1880
1881
1882
1883
1884
1885
1886
1887
1888
1889
1890
1891
1892
1893
1894
1895
1896
1897
1898
1899
1900
1901
1902
1903
1904
1905
1906
1907
1908
1909
1910
1911
1912
1913
1914
1915
1916
1917
1918
1919
1920
1921
1922
1923
1924
1925
1926
1927
1928
1929
1930
1931
1932
1933
1934
1935
1936
1937
1938
1939
1940
1941
1942
1943
1944
1945
1946
1947
1948
1949
1950
1951
1952
1953
1954
1955
1956
1957
1958
1959
1960
1961
1962
1963
1964
1965
1966
1967
1968
1969
1970
1971
1972
1973
1974
1975
1976
1977
1978
1979
1980
1981
1982
1983
1984
1985
1986
1987
1988
1989
1990
1991
1992
1993
1994
1995
1996
1997
1998
1999
2000
2001
2002
2003
2004
2005
2006
2007
2008
2009
2010
2011
2012
2013
2014
2015
2016
2017
2018
2019
2020
2021
2022
2023
2024
2025
2026
2027
2028
2029
2030
2031
2032
2033
2034
2035
2036
2037
2038
2039
2040
2041
2042
2043
2044
2045
2046
2047
2048
2049
2050
2051
2052
2053
2054
2055
2056
2057
2058
2059
2060
2061
2062
2063
2064
2065
2066
2067
2068
2069
2070
2071
2072
2073
2074
2075
2076
2077
2078
2079
2080
2081
2082
2083
2084
2085
2086
2087
2088
2089
2090
2091
2092
2093
2094
2095
2096
2097
2098
2099
2100
2101
2102
2103
2104
2105
2106
2107
2108
2109
2110
2111
2112
2113
2114
2115
2116
2117
2118
2119
2120
2121
2122
2123
2124
2125
2126
2127
2128
2129
2130
2131
2132
2133
2134
2135
2136
2137
2138
2139
2140
2141
2142
2143
2144
2145
2146
2147
2148
2149
2150
2151
2152
2153
2154
2155
2156
2157
2158
2159
2160
2161
2162
2163
2164
2165
2166
2167
2168
2169
2170
2171
2172
2173
2174
2175
2176
2177
2178
2179
2180
2181
2182
2183
2184
2185
2186
2187
2188
2189
2190
2191
2192
2193
2194
2195
2196
2197
2198
2199
2200
2201
2202
2203
2204
2205
2206
2207
2208
2209
2210
2211
2212
2213
2214
2215
2216
2217
2218
2219
2220
2221
2222
2223
2224
2225
2226
2227
2228
2229
2230
2231
2232
2233
2234
2235
2236
2237
2238
2239
2240
2241
2242
2243
2244
2245
2246
2247
2248
2249
2250
2251
2252
2253
2254
2255
2256
2257
2258
2259
2260
2261
2262
2263
2264
2265
2266
2267
2268
2269
2270
2271
2272
2273
2274
2275
2276
2277
2278
2279
2280
2281
2282
2283
2284
2285
2286
2287
2288
2289
2290
2291
2292
2293
2294
2295
2296
2297
2298
2299
2300
2301
2302
2303
2304
2305
2306
2307
2308
2309
2310
2311
2312
2313
2314
2315
2316
2317
2318
2319
2320
2321
2322
2323
2324
2325
2326
2327
2328
2329
2330
2331
2332
2333
2334
2335
2336
2337
2338
2339
2340
2341
2342
2343
2344
2345
2346
2347
2348
2349
2350
2351
2352
2353
2354
2355
2356
2357
2358
2359
2360
2361
2362
2363
2364
2365
2366
2367
2368
2369
2370
2371
2372
2373
2374
2375
2376
2377
2378
2379
2380
2381
2382
2383
2384
2385
2386
2387
2388
2389
2390
2391
2392
2393
2394
2395
2396
2397
2398
2399
2400
2401
2402
2403
2404
2405
2406
2407
2408
2409
2410
2411
2412
2413
2414
2415
2416
2417
2418
2419
2420
2421
2422
2423
2424
2425
2426
2427
2428
2429
2430
2431
2432
2433
2434
2435
2436
2437
2438
2439
2440
2441
2442
2443
2444
2445
2446
2447
2448
2449
2450
2451
2452
2453
2454
2455
2456
2457
2458
2459
2460
2461
2462
2463
2464
2465
2466
2467
2468
2469
2470
2471
2472
2473
2474
2475
2476
2477
2478
2479
2480
2481
2482
2483
2484
2485
2486
2487
2488
2489
2490
2491
2492
2493
2494
2495
2496
2497
2498
2499
2500
2501
2502
2503
2504
2505
2506
2507
2508
2509
2510
2511
2512
2513
2514
2515
2516
2517
2518
2519
2520
2521
2522
2523
2524
2525
2526
2527
2528
2529
2530
2531
2532
2533
2534
2535
2536
2537
2538
2539
2540
2541
2542
2543
2544
2545
2546
2547
2548
2549
2550
2551
2552
2553
2554
2555
2556
2557
2558
2559
2560
2561
2562
2563
2564
2565
2566
2567
2568
2569
2570
2571
2572
2573
2574
2575
2576
2577
2578
2579
2580
2581
2582
2583
2584
2585
2586
2587
2588
2589
2590
2591
2592
2593
2594
2595
2596
2597
2598
2599
2600
2601
2602
2603
2604
2605
2606
2607
2608
2609
2610
2611
2612
2613
2614
2615
2616
2617
2618
2619
2620
2621
2622
2623
2624
2625
2626
2627
2628
2629
2630
2631
2632
2633
2634
2635
2636
2637
2638
2639
2640
2641
2642
2643
2644
2645
2646
2647
2648
2649
2650
2651
2652
2653
2654
2655
2656
2657
2658
2659
2660
2661
2662
2663
2664
2665
2666
2667
2668
2669
2670
2671
2672
2673
2674
2675
2676
2677
2678
2679
2680
2681
2682
2683
2684
2685
2686
2687
2688
2689
2690
2691
2692
2693
2694
2695
2696
2697
2698
2699
2700
2701
2702
2703
2704
2705
2706
2707
2708
2709
2710
2711
2712
2713
2714
2715
2716
2717
2718
2719
2720
2721
2722
2723
2724
2725
2726
2727
2728
2729
2730
2731
2732
2733
2734
2735
2736
2737
2738
2739
2740
2741
2742
2743
2744
2745
2746
2747
2748
2749
2750
2751
2752
2753
2754
2755
2756
2757
2758
2759
2760
2761
2762
2763
2764
2765
2766
2767
2768
2769
2770
2771
2772
2773
2774
2775
2776
2777
2778
2779
2780
2781
2782
2783
2784
2785
2786
2787
2788
2789
2790
2791
2792
2793
2794
2795
2796
2797
2798
2799
2800
2801
2802
2803
2804
2805
2806
2807
2808
2809
2810
2811
2812
2813
2814
2815
2816
4.213543369417392 -0.1488729672342061 0
9.741774502881732 5.529733302833685 0
9.681796454191828 -5.531997386126682 0
14.74905157334381 -5.566942292889927 0
12.15936892196468 -5.534397363244446 0
13.79051965506643 5.5366504067935 0
20.56704104830126 0.2497221617049947 0
11.71970209121403 5.597053660652525 0
15.75000000000309 5.579809450051056 0
4.220604103251343 0.872490476374991 0
7.753905471189398 -5.6374413254506 0
7.725467026023075 5.57078491583321 0
16.70509642530845 -5.526045429489891 0
4.231854366956734 1.132952650452967 0
4.446751824053898 0.9997130017089741 0
20.56679603171125 -1.74937310468506 0
4.449431567279834 1.267958230843277 0
4.678424898347116 1.141381151062709 0
3.415773440086184 1.195672427466182 0
2.370024279851577 1.268206648780274 0
1.382635821054525 1.216866978591883 0
0.3749999999999922 1.21650635094611 0
-0.6320137612740166 1.225284705636778 0
-1.217963775263077 0.4030846333284531 0
-1.207309106624541 -0.5976797099749158 0
0.378494183679253 -1.177475496558615 0
1.361990709973922 -1.221011946092617 0
2.35930050814174 -1.226153149491207 0
3.355432459747501 -1.216831036286662 0
-0.6089894452311253 -1.207770824599335 0
20.58752829417648 2.231480846496877 0
4.683801272316346 1.412301673527964 0
4.954156339441115 1.248948754875273 0
4.934780272010618 1.556696120524518 0
5.184452320914681 1.413865727120101 0
4.66498463408394 1.684917400722533 0
-5.646041712243395 2.839062709967138 0
-2.776212595948163 5.59921573937071 0
5.76270228307185 -5.56880138927414 0
-2.759565947253086 -5.559492442806057 0
-5.595570921677565 -2.774373385676448 0
5.186712624759157 1.713622855719168 0
5.450139898061736 1.563648740353162 0
5.452922810291765 1.267568655283319 0
5.72076418882248 1.410093353840854 0
5.726501297134409 1.10929178679185 0
5.998591265271387 1.2505897757125 0
5.990601719142273 0.9229084174115533 0
6.283178711413589 1.082671767568335 0
6.28372295937775 0.7532289735097697 0
6.581743742356502 0.9139034768002473 0
6.583769251258815 0.5739257905058318 0
6.884125870060648 0.7336960942706443 0
6.880422924782002 0.3726262809152921 0
7.201960709423096 0.5451116045006105 0
7.198746060484838 0.1707900642386963 0
7.532203838438869 0.3585502883540415 0
7.526379272121525 -0.03139354067768996 0
7.870384212275881 0.1612785033256849 0
7.86465710496265 -0.2336239662731744 0
8.21509827404196 -0.03952741249273445 0
7.515981426886842 -0.4249510531784149 0
8.225972917104999 0.3465381012351433 0
8.569894779467482 0.1599626966730073 0
8.563718704419598 -0.2483942967112287 0
8.924152569819583 -0.04904644855271163 0
8.926758278909396 0.3688838662960529 0
9.28828076424951 0.1560241771440794 0
9.28386629417238 -0.2651886791223407 0
9.65336879179076 -0.05883263620580604 0
9.647790390255176 -0.4850068272546495 0
10.0216651828263 -0.2752143605975068 0
10.02606684190111 0.1515797411847957 0
10.39874886941026 -0.06418722723632635 0
10.40219144972084 0.3690053579151523 0
10.77782921467274 0.1467296560441173 0
10.77393943849282 -0.282264339252864 0
11.15680789556611 -0.07051265953452797 0
11.15932335544344 0.3571663901305767 0
11.54248662399385 0.138492745757879 0
11.54154328297495 -0.2943739190098368 0
11.93099843312749 -0.08315564019392906 0
11.93148115812535 0.349540022815631 0
12.32097889799023 0.1297910042564207 0
12.31962176617086 -0.3143802973827404 0
12.70351810274877 -0.07169209890580999 0
6.890563737974629 1.074255343275772 0
12.73208532268914 0.3440851196558679 0
13.11678664783682 0.1290067328310373 0
13.04767896626625 -0.3942177679591606 0
13.50246538894967 -0.123566599282292 0
13.54097146545624 0.3287357539031974 0
13.91935717450055 0.1183821238745725 0
5.442343620007141 1.87413108659569 0
13.91441924784841 -0.3522770084561436 0
14.31887726005872 -0.1133378657885093 0
14.35346363083521 0.3218576357224681 0
14.73193350132451 0.1119779557126919 0
14.72481041599281 -0.355268554499715 0
15.12889382010991 -0.1348787684042544 0
15.16285861797151 0.3030333637854699 0
15.12969739710381 -0.5970739346388318 0
-5.528505287620293 1.305510358046564 0
4.317389133577718 -5.576534996162458 0
17.74865221709474 5.565929783894456 0
-1.246480918284468 -5.572895871549403 0
-5.553148782797207 -1.237458989737848 0
-1.313967268362128 5.533449768096233 0
0.7006730849974799 -5.514736758161708 0
2.722862092082784 -5.600105265211416 0
0.7812515452142694 5.609467901950195 0
2.772816390255045 5.596286264080112 0
15.53603983723535 -0.3766039311654584 0
15.5372651251101 -0.8417665898392306 0
15.13187962188141 -1.07165721632953 0
18.25000000000185 -5.566987298108073 0
6.551686655842209 0.1863177377400262 0
4.217208577244143 -0.867435958918589 0
4.218485729120375 -1.128428383565915 0
15.95403289263016 -0.6072403574356448 0
15.949435268704 -1.085237979534337 0
4.191245504494604 5.592545890889381 0
4.448098900210373 -0.9912183792615942 0
4.450115606901718 -1.268545092265165 0
16.36836701051237 -0.8491898284143385 0
16.37322037891375 -0.3682529940623483 0
16.36328828577031 -1.331166288396345 0
6.196895362730129 5.542397357293974 0
4.690803711478081 -1.130940603904173 0
4.690302638505534 -1.416417091720822 0
4.437283789895873 -1.557742003160788 0
4.690654273018954 -1.714203263341601 0
4.417161244619988 -1.862956834939042 0
4.688899491480999 -2.027815165380794 0
4.409268566854903 -2.179711602928099 0
4.968456938403178 -1.871855910300174 0
4.967560947606303 -2.199558608798089 0
5.260209568778498 -2.034423083808843 0
5.257568700238201 -2.379138067385048 0
5.566015352240847 -2.205252316190967 0
20.56466705523137 -3.247854088198342 0
16.78876508636378 -0.6134012549198792 0
16.7933095046648 -0.1294240616565654 0
5.562557364945462 -2.562285679657791 0
5.893686446543001 -2.369729798893704 0
5.877916824316133 -2.758155169096819 0
6.231222658427392 -2.545972403323209 0
20.56698729810618 3.749999999991662 0
5.248933725440051 -2.731594497256747 0
6.214435838687606 -2.962601620144965 0
6.571438580230112 -2.75254857605495 0
17.21047826155072 -0.376362816697637 0
17.21488407737289 0.1096336622490341 0
5.910074104425327 -1.997320172417752 0
5.659527649864803 0.7826526353938744 0
6.565123015995085 -3.16947560478336 0
6.921175239167118 -2.967349172978452 0
-5.533589703111945 -4.308405543506932 0
-4.251898396591557 5.567077774485512 0
17.63342936451512 -0.1376746806420981 0
17.62821582033236 -0.6244021323437665 0
17.6378149904855 0.3485854351178574 0
17.21849455651913 0.5957630452135588 0
17.64208284533036 0.8357656372024591 0
17.22073834165137 1.083652560103546 0
17.64634862873521 1.32398363223154 0
17.22322105151976 1.572789732430761 0
17.65053378469028 1.813544303462229 0
17.22719431669919 2.062378609792763 0
17.65518606608988 2.303996790603672 0
17.23144720121786 2.553042413226859 0
16.80380594876085 2.310916628885279 0
17.6592834645076 2.796469057469885 0
16.80748262994355 2.801387509575568 0
16.38101875758308 2.559109924952302 0
6.925459428660421 -2.540347218244812 0
7.281372219817818 -2.757794530056165 0
7.281748378595515 -3.178180038325417 0
7.647553719357387 -2.9705705112424 0
7.643827997413601 -2.545593262685991 0
8.015977270267507 -2.755753944184598 0
8.020012003012358 -3.188425073744726 0
8.396534506549568 -2.968594445685742 0
8.399891013053065 -3.408816493128112 0
8.782812115855128 -3.184213337620592 0
8.792522608967936 -2.727836557706476 0
9.170096771992212 -2.955673411397727 0
18.06680140869113 1.074611307765144 0
18.05320557823337 -0.3851671142110504 0
18.04784217079084 -0.8739358020817348 0
16.38424901636405 3.049642507524182 0
15.95823599697578 2.807487123415271 0
6.196527255224794 -3.372401290559391 0
19.21255032376721 5.556571992590479 0
18.08417345119983 2.545782847572918 0
18.08834571107605 3.040087883258036 0
4.668368413114061 0.8881385611985544 0
9.174541051229181 -3.403051698544557 0
9.562280742414227 -3.173911086833279 0
9.556721667262742 -2.726256924772049 0
9.951525681835026 -2.941241743337573 0
9.956217772805022 -3.398809864640139 0
10.35286303075614 -3.161705572510334 0
10.34983280194187 -2.700059642580519 0
10.74738170581725 -2.921116634555935 0
10.75864914795776 -3.385310541858997 0
11.15595829416542 -3.14286287914214 0
11.14372190342251 -2.676725906981924 0
11.5538312442652 -2.898863282336428 0
11.53681404996662 -2.440446136566505 0
11.95441912031596 -2.651833349918958 0
11.96637204226038 -3.123483842456731 0
12.37153793228249 -2.87201957740915 0
12.38264198931296 -3.35004747247515 0
12.7895353381072 -3.099218240064066 0
12.80245679752513 -3.57919532080572 0
13.21102877948791 -3.327584414220742 0
13.19665124590031 -2.846834407702138 0
13.61993029004871 -3.074399140290602 0
15.96124017384203 3.29774244803267 0
15.53583576247744 3.055234947025432 0
16.38795071694788 3.540807420207304 0
18.47457428586394 -0.6335489314600761 0
18.46930932420161 -1.123506333633222 0
18.04170488514282 -1.363813681633276 0
18.45614349101638 -1.614019924257942 0
18.03416370721549 -1.854508241037872 0
18.44913947180456 -2.105339018471602 0
18.02685654009831 -2.346491422264346 0
18.45081547577499 -2.59792608435187 0
18.02131223961649 -2.839606191487302 0
18.44662790359444 -3.091707353213927 0
18.0158089940887 -3.333511377416308 0
17.59074459803315 -3.080967433762225 0
15.54412540887331 2.589334725527291 0
15.11345402047379 2.818003108373023 0
15.11277505027883 3.302731334603893 0
14.69118463416219 3.060528646477329 0
14.70247343063133 2.597977567174974 0
14.27220230719262 2.823897094359476 0
14.26833222054781 3.305552683839708 0
13.85127100062314 3.06376863196175 0
13.86451272623229 2.605389979428631 0
13.43637909099034 2.828266562486482 0
13.42888578675482 3.30659559303134 0
13.01774562844389 3.064928989942277 0
13.0326329830696 2.611441721497569 0
12.60691053012363 2.831070721003866 0
12.6047358956912 3.298909741653031 0
12.19170666118291 3.063040156984218 0
12.20753403197876 2.615909416960645 0
11.78476084220911 2.832122291370387 0
11.78111326686763 3.298971277098745 0
11.37373562847818 3.06225023040346 0
11.33741146361555 2.60460341681571 0
10.9638741704525 2.832608719986568 0
10.96686295205766 3.294509196203862 0
10.56735844099748 3.058848740080212 0
10.56159499557189 2.611260208545311 0
10.17024205419436 2.827207652607407 0
10.15304493395183 2.362829754679177 0
9.783728532752651 2.597516015322241 0
9.782254528057999 3.044773287668157 0
9.399128246221391 2.818170490611181 0
9.393294296245067 3.261280550825639 0
9.014983490250545 3.033382064486698 0
9.003166363813445 2.623873122145956 0
8.639672871517606 2.813879643063157 0
8.615206737179161 3.255694819481339 0
8.265103999299981 3.020399556126638 0
8.274018956231927 2.600461658740908 0
7.911215324312334 2.805763706817383 0
7.901861742112091 3.218520587244795 0
7.54999979128945 3.005741202291346 0
7.548562107572501 3.404653464113953 0
7.191010878866011 3.202661014030888 0
7.216773266109646 3.594305883579902 0
6.836894943861827 3.394385667730997 0
6.851204940399882 2.989633642846959 0
6.492503104341727 3.188723948252026 0
6.473743922462564 3.587510093644064 0
6.133798626506334 3.376805853695287 0
13.22490557703491 -3.809552901558727 0
6.124842087257406 3.794829687180166 0
5.777165321063305 3.567378029932926 0
5.767644536678018 3.98694061436517 0
5.42432964374302 3.768482494622728 0
4.685636566167831 -0.843273932060522 0
4.940363871290845 -0.9862931076219531 0
4.934700201775065 -0.6891839291642505 0
5.199161249733164 -0.8354089098046835 0
13.60480927840155 -2.594024673748798 0
14.02981529057327 -2.821107543214137 0
-5.57053962251483 4.22175677573904 0
-4.250153222600474 -5.594933317003904 0
18.44151570139421 -3.586380747574389 0
10.69954425255261 -5.564508525171949 0
5.192476450034121 -0.528393880178288 0
5.466585103200509 -0.6783230067190353 0
-5.577296846885801 -0.2742993776345221 0
6.742458564478594 -5.591080262473838 0
-0.263605369799235 -5.60899431857947 0
1.805279814695076 -5.571510889403322 0
-0.2425683186997876 5.564824360041451 0
1.73094058003784 5.594554888084794 0
9.786981760664506 2.152445698294085 0
8.767048646539243 -5.547623935823227 0
10.56519882330081 3.522843641490273 0
4.137057438918448 -2.008976318806042 0
4.125881311988498 -2.331333209160615 0
3.848256511422166 -2.160426352830855 0
3.836753126216053 -2.487728449615292 0
3.555509167470948 -2.312833379734544 0
3.54373790341851 -2.645145996410453 0
3.258844701632602 -2.46662501315588 0
3.239810931369578 -2.792705450669971 0
2.955076516834744 -2.621602982087767 0
2.944451909099757 -2.964776242843373 0
2.648470885759462 -2.782121498386591 0
3.49551507245962 -2.955829277997437 0
2.650073722814483 -3.144909081088193 0
2.337501652454939 -2.946696107184473 0
2.332883998971191 -3.291530319492069 0
2.018415217999614 -3.108280212683877 0
2.045075749749267 -3.454754683122379 0
1.702476045883389 -3.273677004201522 0
1.68833272908417 -2.912139393812843 0
1.38029118816906 -3.077304250462398 0
1.372379609340806 -3.4370052279537 0
1.065574710208374 -3.239833241437169 0
1.080818292553806 -2.882878226197193 0
0.7668019322825192 -3.03799925386279 0
0.7427861840500866 -3.398601276329798 0
0.4413988773789436 -3.191868773031524 0
2.659107412351533 -3.491906659597467 0
0.4116842328978201 -3.558309157575678 0
0.1121792130878679 -3.345909831710326 0
0.1489351426260082 -2.985979033947167 0
-0.1802637354132833 -3.134481014310412 0
-0.2198694298971174 -3.495091281211314 0
-0.5107801976049872 -3.278281053147938 0
-0.4623697547332211 -2.936231164952477 0
-0.7984598803963699 -3.078641193018369 0
-0.832560619582382 -3.43226973255734 0
-1.139745302800105 -3.209068272854958 0
-1.091216032782085 -2.871273391016844 0
-1.437913299346591 -2.980215130254261 0
-1.489660277149932 -3.351876001258953 0
-1.783840051568762 -3.111815499150726 0
-1.732204791504758 -2.740398466258432 0
-2.076326491958262 -2.870603414730239 0
-2.021825227907554 -2.506078282022343 0
-2.372102083129336 -2.637780335018336 0
-2.314649692619251 -2.270685992462182 0
-2.666755920216344 -2.402726844697596 0
-2.610003520688761 -2.026020385898284 0
-2.717481561435981 -2.790935881890182 0
-2.963036346049288 -2.169410051343212 0
-2.905357191657187 -1.783919870788829 0
-3.265760902209106 -1.931762499104644 0
-3.197223529937904 -1.547184724990424 0
-2.846490865808651 -1.406234805097529 0
-3.129872846264292 -1.172270576296267 0
-2.788656719395365 -1.043155370723182 0
-3.070353442658481 -0.8076384207092275 0
-2.733649101290127 -0.6845940353527978 0
-3.011067174617667 -0.4480860336824888 0
-1.850459375886093 -3.478821989662029 0
-3.356384970344707 -0.5734194188726888 0
-3.289031356309745 -0.2091612813546135 0
-2.943888274460098 -0.08639891236165477 0
-3.219824198435589 0.1512305806241409 0
-2.852016910841309 0.2768102620212523 0
-3.145562400611066 0.5064679801457653 0
-2.812252152390442 0.6249635314722835 0
-3.081396206229927 0.8559772326788085 0
-2.753840383534198 0.9874000084729229 0
-3.018248085904017 1.206419462402808 0
-2.683486072451019 1.32497459040736 0
-2.953507524630068 1.55521085546242 0
-2.613287462780634 1.674351200665965 0
-2.888365000760154 1.910561774258351 0
-2.540744815303123 2.032655832773508 0
-2.822657563125512 2.275330228488441 0
-2.465323211569652 2.400503709377314 0
-2.756341946932858 2.649400227622485 0
-2.390546167897682 2.774496505163697 0
-2.105776202096581 2.532229697569889 0
-2.025169259599483 2.896119971307426 0
-1.745135864692817 2.656516053631436 0
-1.667650664935941 3.017075883069098 0
-1.386550848186778 2.770564126031041 0
-1.311013631735457 3.13281681798729 0
-1.034810250403006 2.888530226907722 0
-0.9570740534994295 3.252159093880735 0
-0.675281195429788 3.006635928283105 0
-3.234655913103778 1.787482479557113 0
-2.679477028947844 3.035923941466687 0
-0.6026745965666691 3.373782683587056 0
-0.3156862622918417 3.125828213103241 0
-3.062927904617914 2.89850460386103 0
-1.586473577394579 3.387039095505257 0
-0.2469723931309376 3.492410943339138 0
0.03456702780750085 3.243091805512005 0
-2.983594589361405 3.305808966101488 0
-3.495363958270418 0.4048404659214576 0
-3.384224106252902 3.157005614732965 0
-0.03514069237104107 2.88432498452044 0
0.3054619338722979 2.998510409912349 0
0.3846083500432616 3.3548316880396 0
0.6562784439167098 3.109811306468961 0
0.7353035499079275 3.464644483305593 0
1.011436405223242 3.218313155974699 0
1.08966195547448 3.57783022540499 0
1.361523698051296 3.324895917725164 0
1.282757711220252 2.970127653698573 0
1.627828959915037 3.075417226993392 0
1.713374164923022 3.431148427522542 0
1.969959281353833 3.178607046151349 0
2.068266685638259 3.530370557162236 0
2.326998510010331 3.278255550200774 0
2.425022271583869 3.625887191581321 0
2.694328938283942 3.374982913673581 0
2.584698479510998 2.974350534656092 0
2.96041032106816 3.108782457485624 0
3.055330573787645 3.474846797815366 0
3.314990934570202 3.21248015259352 0
3.419557881139755 3.575451752316893 0
3.223834829473974 2.859848842982494 0
3.567127376888524 2.953801197699198 0
1.542471655464151 2.731080833793181 0
-2.50185934362132 -1.271621549479862 0
-2.286899342312528 1.786517752424673 0
-3.306900606342265 3.578804928216496 0
-2.899000079740051 3.720875729069306 0
-1.695132852128183 -2.396730651073105 0
-2.597036851328117 -0.007181708529566261 0
-3.563030226316356 -1.692506956679776 0
-3.632434427057202 -2.0808385607075 0
2.367919883239087 -2.623677208459758 0
1.213853696264087 2.629351698885198 0
-0.5326914843531665 3.750754160263982 0
-2.445982174408999 1.114205866863905 0
-1.455878644811676 2.44868474133062 0
0.2269304135226589 2.65169704921583 0
-0.09382313726919358 2.539257457409641 0
3.477840005069794 2.621924005235095 0
3.167485539461776 2.548586570159948 0
-3.712374945493908 3.435528922716186 0
-3.787172891645231 3.00406718156155 0
3.813899688133966 2.699080510578925 0
13.18317362851662 -2.367553166599389 0
8.742155011251455 5.602488791855252 0
11.13857313018236 -2.231516769379946 0
-3.645978787651107 -0.3325662258422809 0
16.39150184513145 2.092962872649109 0
20.56698729810618 1.249999999982403 0
19.24995848442664 -5.583033173638654 0
12.76315116010745 5.57489088775984 0
15.79743574675598 -5.540788728300628 0
14.71570091574137 5.53597074243876 0
20.59965036834177 -4.300712627279054 0
17.58467485957671 -3.575091514884886 0
17.15983443243802 -3.322412982403323 0
15.94253690379973 -1.566575067580853 0
18.51454721858353 2.788290357930709 0
18.51892675228704 3.283779727196203 0
14.04567378816517 -3.302869982510825 0
14.45108888180749 -3.059598426370056 0
14.4717499381201 -3.53514789665492 0
14.87911888219036 -3.290714665153124 0
11.16746600588801 -3.609876199174104 0
3.911982798595782 3.037559417279279 0
4.155971778928181 2.77948242246216 0
7.857345824320637 -0.6312257304439886 0
7.509574752760099 -0.8186303249944769 0
8.0173534988454 -3.630307940541249 0
-1.538406943387253 -3.736039681936044 0
-1.917321201949959 -3.874427429190961 0
5.385774408127365 3.343208272440521 0
9.274461044045676 -0.6919623307010363 0
9.641754957407869 -0.9147552245517498 0
18.09187114331285 3.53504886432695 0
0.7986725186835777 -2.690231197588176 0
1.106073218906504 -2.53628804144173 0
-1.228920294757939 -0.1367256086776901 0
-1.222055583958921 0.8740187878575268 0
-1.232999077846226 1.134640907288283 0
1.860180034661768 -1.223214463597899 0
2.860557885097434 -1.226146695189882 0
0.8593371929269915 -1.217461746637758 0
-0.1186196799637205 -1.201012936316327 0
-0.1250000000000074 1.211239023305101 0
1.89981496631236 1.222507641414735 0
0.8839993910396934 1.212852625965053 0
2.874603980423506 1.180645698015705 0
8.009893994644608 -2.328115422184804 0
-0.1616185399256209 3.875163148080692 0
6.463016924452835 3.995061121303483 0
3.139928773147378 3.845307603072784 0
3.528157393124549 3.949596217304217 0
6.561630334630385 -3.585863451016444 0
3.712012939673343 2.399856289734935 0
6.189586389957374 -3.791613922353909 0
11.95030674972446 -2.181285152180386 0
7.520209272522692 0.716518976289394 0
7.894438015940136 3.634280222423562 0
1.822176609359217 3.793528317596492 0
7.918523075142972 2.393713279818853 0
8.275611170359937 2.190028885542343 0
10.48944640488704 2.123523986785476 0
10.74238173201303 5.614759639779479 0
20.56698729810939 -0.7500000000194418 0
0.725692748194534 -3.770042833132786 0
0.3756018815853153 -3.938014707584884 0
5.996615796966049 1.571600023656381 0
16.74946302012714 5.567127123892992 0
5.403218938314913 4.167366105139857 0
5.175271759509263 2.027633845663291 0
-3.228768673792468 4.00439628095758 0
10.96711807756929 3.76123855915794 0
4.114061587073173 -2.658211386476184 0
14.90064527192378 -3.76701099035896 0
0.8286121776852803 -2.355259863982904 0
1.467354451159904 2.402194404435694 0
0.8213452780369568 3.83648661530515 0
-3.355915557469173 1.088722706309163 0
1.17804645527179 2.302112044235408 0
-3.949685228967066 -1.833298283894236 0
-4.015980971694893 -2.236505237282775 0
9.263110098833552 -1.12328643917458 0
13.58873692764224 -2.116087845204865 0
9.290312673643161 0.5758891640488086 0
18.52314386435746 3.779520707979923 0
8.403065213821275 -3.855719377468446 0
10.76640466253985 -3.854471638724921 0
13.69495217400044 -5.525944948236431 0
15.96361603946691 3.789201913985647 0
11.1792791368371 -4.083282002300141 0
15.28730703166818 -3.51115244430357 0
18.94572693200254 3.03239128251553 0
18.94114354151338 2.536013217426139 0
18.8589260135028 -2.336826359319641 0
4.992244471431278 3.923082774234286 0
17.15276889847593 -3.816653210272499 0
5.459138254076541 -0.3641093612170627 0
5.181070174868228 -0.2208826621847934 0
5.745472084266262 -0.5146953633850295 0
10.55918521700997 3.993889880384764 0
8.925993108209358 0.7893473633487786 0
-4.124242220670258 3.286446867668389 0
-4.04893406841551 3.721760710764001 0
0.1537738529768699 2.319634566950775 0
-0.1496562173814794 2.212810774814016 0
2.979056422375283 -2.296069011362127 0
16.79809809007334 0.8419821754390083 0
-4.19485761478633 2.854032521121955 0
6.561899455449254 -4.010820570443308 0
4.212266251627776 1.424204751312587 0
6.199741539169015 2.965221578490314 0
13.16906027288344 -1.890544930416445 0
-2.816320238933289 4.143791814154625 0
5.748586520018236 -0.8425440409306715 0
6.040722765255155 -0.6725089231675374 0
-0.4590489682897717 4.140926601142154 0
1.113604153997428 -2.209944380667639 0
-0.07878707929358057 4.263738654091559 0
18.87717092398991 -1.364338483268831 0
16.35606462174708 -1.814467714233782 0
14.487513908278 -4.000381167678339 0
0.7070723278049023 -4.159573712502034 0
1.784072178679477 2.496118850452215 0
9.635165926651142 -1.348960346870472 0
18.87334630435884 -3.343859302802786 0
18.86821431012388 -3.839726048702055 0
14.41934747578303 -2.57402047168764 0
20.56936513203511 4.745881470818554 0
8.0191313705486 -4.070259931468708 0
15.33240305646761 -3.99690974724759 0
-1.586875000680201 -4.13877081335411 0
-1.971163424087473 -4.297702013638485 0
-2.307585203383574 -4.023745522300564 0
-1.452752626287107 0.9998288861782815 0
-1.454270512410686 1.271604496546815 0
-1.225894718181518 1.408041029415123 0
7.64031695250474 -2.121239751365123 0
8.017734280007476 -1.910590509656596 0
-4.344212275410999 -1.972908810799433 0
-4.264094899290507 -1.577794694466898 0
17.57852501318833 -4.069944680167345 0
12.81325217088406 -4.062478458249994 0
1.709225417659729 2.179341467441135 0
2.012779278296863 2.268642225384594 0
7.917377638126156 1.99395615097078 0
7.57065557841192 2.187342751786741 0
3.231285929906838 4.232721384643055 0
15.2559846773632 -3.031993092257137 0
16.39139482408266 4.033066332562036 0
5.049418151019095 4.359525595516415 0
18.0954391968094 4.030666742974232 0
6.043993349930167 -1.023608993378915 0
3.635549963433432 4.340603252017891 0
18.47933457152074 -0.1436854867979506 0
18.9025071100002 -0.392675450898803 0
18.90705978990841 0.09941424068739654 0
10.96615082204465 4.233225186912431 0
6.184670252006469 -4.220221473911566 0
5.813507839773091 -3.995100562360757 0
0.334376460870749 -4.335899836617934 0
10.01678239977111 -1.137139241397867 0
6.336362712798715 -0.8249951556357989 0
6.362893308213662 -1.191205811476226 0
5.44264789593077 2.19602453274321 0
5.171209548003383 2.34294653925057 0
4.205574294357176 0.3647198528567961 0
-3.689955616880601 -2.493499567657746 0
-4.079607203790497 -2.652445037503068 0
-3.741787015966434 -2.916458919465246 0
-4.141776985388489 -3.078285700329592 0
-3.796660715240548 -3.347099306842947 0
-4.206539972134797 -3.513935910069737 0
-3.85397122807668 -3.786386161330418 0
-4.27254313612546 -3.959134221721024 0
-3.911693453061432 -4.236961386038169 0
4.25834942975999 3.122668623112139 0
0.8479696661829298 -2.037431196180917 0
0.5722978078364404 -2.175463503918206 0
5.727247018902007 -0.1945389267909416 0
18.52724904919075 4.27588996580949 0
18.95559105985384 4.024083175414762 0
-3.147286810224044 4.437562403635731 0
-0.8399830553627841 4.010622817970043 0
5.396104005037685 4.586147180998129 0
-1.455748677691162 1.554883635290556 0
-1.202426960674025 1.69378470625814 0
9.29054941235756 0.9979976406718034 0
15.73172918131127 -3.249261233159662 0
9.253647124574115 -1.55845136816423 0
13.5720087011404 -1.63979087266745 0
5.184539823833768 -1.14743275413775 0
8.235151092792616 1.766349953027213 0
0.08769269559989969 2.000016959349715 0
-4.472594294285408 3.570093618898227 0
-4.394048192140986 4.018842229692519 0
8.404140698306332 -4.307737569893984 0
-3.445552576310274 -3.612500402070467 0
-0.7666418445036696 4.416105021884011 0
-1.185752383766408 4.278747861653573 0
3.987149714955027 -1.246492766384997 0
13.23920271286573 -4.294792284327304 0
-0.2034381466782214 1.902640206937286 0
-0.4427167986793357 2.104271333919898 0
3.922436983977792 4.057718535774275 0
4.038555094455132 4.442782767971986 0
-4.340879506478019 -4.41621400944666 0
19.37334565149576 2.780330198776801 0
19.35420017016482 2.284000347410859 0
3.559808088175453 -2.004214416201433 0
10.77346861530853 -4.32931189266589 0
11.19185469266954 -4.561341498182229 0
15.96578354420236 4.282359190345691 0
19.32191637139928 -0.1507706766016373 0
19.32406497518902 0.3411559021217168 0
19.29416527791474 -3.596487431993421 0
19.29447003918478 -4.093724684155268 0
18.86225224705434 -4.336309425222907 0
17.1555857631554 -4.295924736645365 0
16.72201068368363 -4.05551270754937 0
-2.367601360894008 -4.453256659330398 0
1.936978191571932 1.965811816464356 0
2.235458247866849 2.052103319155303 0
17.16884301958322 -2.827647293495332 0
5.799720466953451 -4.423119362225821 0
5.432976141888963 -4.200931959275235 0
8.896412644764206 -1.293431899992569 0
18.93385757574974 2.039751236120739 0
19.34621226729388 1.787727412552849 0
16.81661999737833 3.783601209808875 0
16.81423635844503 4.300713088114907 0
16.77568037039774 -1.581232505408471 0
10.01083703291492 -1.576932706858979 0
10.39798251929516 -1.36133543118266 0
5.444453722324294 -3.769767269650532 0
5.06760681708487 -3.977582636665154 0
5.049092303058146 -4.391990582354215 0
4.693328054886897 -4.17213827118267 0
4.709218201560319 -3.756331494701165 0
4.342203202519701 -3.947975380652496 0
4.321296579635831 -4.366463751544441 0
3.969190637272773 -4.137376609505639 0
3.944343710238717 -4.557262566427283 0
3.589335908397814 -4.316569124405888 0
0.3855731134621024 2.101492951654993 0
10.55340837886244 4.467535842956604 0
10.1500475108479 4.225172993712796 0
-2.008281996704622 -4.704789402047369 0
-4.69778054967697 -3.660793563135579 0
3.564176174454006 -4.752266996449981 0
3.216272757255241 -4.491899944535818 0
1.124575984904544 -1.900785734872863 0
1.384449006876723 -2.065262240753575 0
11.59955975385625 -4.311218386098213 0
1.64658632227299 1.877824060593847 0
6.55952753347998 -4.448249116049409 0
7.568399339546176 1.796206423904978 0
7.231015398373189 1.985433288152888 0
3.342037318291203 4.63850465080382 0
2.935995373022169 4.521063384754807 0
-3.713562879244059 -0.7120024505457084 0
-4.016197233954321 -0.4631238669046838 0
-3.856218216429714 2.575250175042783 0
-4.263227291703879 2.417024330120276 0
-2.489260088729552 3.858433776091582 0
-2.404109698516213 4.281583272141152 0
13.15362065356564 -1.41780309389152 0
17.58324426934068 -4.547373234431405 0
4.505161084478268 2.864050617991627 0
4.393489362281584 2.531764779357331 0
3.633735951782401 -3.891668555077957 0
0.5869484628705717 -1.863736605615956 0
0.3167347153269184 -1.994476372362086 0
5.453982697511258 2.544393553315842 0
5.716207295754771 2.300539164599587 0
6.933025676259413 -4.232027430180269 0
5.033903861515114 4.793042267762289 0
4.36504967785718 -3.540735168685236 0
-1.69472888903942 1.133256518213372 0
-1.685595420026806 0.8542763837043685 0
15.94290505905232 -2.036930135874413 0
-4.465872783880486 -2.816183702833791 0
12.826772026885 -4.544683139402709 0
0.6757132998115312 -4.567482443344231 0
1.052547244857506 -4.383164222787475 0
8.852924895116379 -1.737102992661373 0
-2.277956072862408 -1.89299907232905 0
8.025715980612224 -4.506640167787132 0
7.188312556408947 -0.6372799882367759 0
7.149519179975231 -1.084386328885574 0
4.674944762131279 -0.5502555779860665 0
-2.713524036203011 -4.180507432306941 0
-2.660466742640494 -3.740280319973047 0
-2.773780168781145 -4.61775127496848 0
2.313984703106745 2.354942698128546 0
2.534794855096951 2.13510451678085 0
2.457238140532654 1.840193292826507 0
2.748803659652737 1.919068028086852 0
4.613755614194859 3.213274028857218 0
-4.680334459033147 -1.702964029662492 0
-4.611712886661089 -1.272065581091207 0
18.098755183187 4.527637424030633 0
-5.565587555441478 -5.205855100661134 0
20.23050530124125 -5.578208492263284 0
-5.228595493964573 5.578721810293289 0
0.2769423416001259 -2.305650305067587 0
0.04020989562542865 -2.11974273884224 0
0.07528890233077855 -1.82042553600007 0
-0.2042589854986224 -1.940209175184481 0
-0.2536606728698223 -2.283523081704551 0
-0.478795087039996 -2.06395381358057 0
18.95992205969761 4.521476528544879 0
19.37205189921927 4.269171000573579 0
7.847823716476376 -1.031023851044351 0
6.941939489701793 -4.675399709137727 0
-0.4871269566015684 1.798442115085781 0
12.75429849455601 -1.665546057756988 0
0.2965280130520206 -4.75259253507153 0
-0.03795981181216362 -4.507299089832831 0
16.75760436189982 -4.61313247635834 0
5.390277810825212 5.02721284309083 0
5.76142991934701 4.824886329939423 0
12.73982806567406 -1.196999336772461 0
12.34638569002691 -1.441620701540868 0
5.110226219087784 2.694863546304969 0
8.923956328491917 1.208764408373168 0
8.540921066442859 0.9791991042173305 0
13.99356636903195 -1.864188018870142 0
13.97503999597197 -1.388662288216891 0
17.60605498467231 -2.094628232469927 0
16.39718055411791 0.1007201934142994 0
15.52143386041132 -1.799859620142914 0
18.92642821611771 1.548208571771856 0
15.53730270036948 4.037903395727158 0
15.53243488697482 4.549703148941618 0
15.10880220335067 4.289910152443785 0
4.716991788646514 -3.355437346765871 0
19.28371097256213 -3.082300222514755 0
-4.605781165503311 2.698484883974747 0
-4.674661775717062 2.259407255425354 0
-4.329318209989863 1.98015379039822 0
-4.738134012834275 1.819589917837831 0
-4.391619631355313 1.549646288408999 0
19.38078620669956 3.772309331484756 0
16.66827981232193 -3.04830125988565 0
10.3594778339336 -4.098911353362655 0
10.36492119233082 -4.574657192654874 0
9.957353742259404 -4.326923306483561 0
19.3255388382273 -0.6435558781312272 0
1.404507681257024 -1.768428989046053 0
1.656291583013538 -1.924625485102551 0
1.642260477114465 -2.228460279545503 0
1.909269652531996 -2.08245095841323 0
1.921113806978402 -1.784184281120834 0
2.172073758652513 -1.936698622119704 0
0.3242451377202898 1.801003394424388 0
0.6079958949358484 1.891653989881546 0
19.28145103865642 -4.555047749104631 0
16.29553349795076 -4.309116706761801 0
0.9185238513876834 2.531215309098937 0
9.659428486776864 0.7862728906310711 0
9.660381671061902 1.215259305610566 0
-3.970332057831954 -4.700837454678316 0
8.641343964797793 1.977934848203211 0
11.37777447797903 3.99716199934522 0
11.37764298386383 4.475126433966989 0
11.79333611267961 4.238439387763757 0
11.61033165276442 -4.794693179718558 0
-0.4486744791617251 -1.760084294101497 0
-0.7252455673770332 -1.877847523655756 0
-0.7637542992019384 -2.179698333359589 0
-1.006348979654782 -1.995987785455081 0
-0.9668215941620306 -1.692693603664929 0
-1.238486706765715 -1.798602356258965 0
-1.199741906649867 -1.510599429875511 0
-1.472947338419575 -1.611229935137457 0
-1.435349588947882 -1.323577845472324 0
-1.710189638947181 -1.424108784220123 0
-1.674765619811962 -1.130428049464834 0
8.796725982237868 -4.081361132585526 0
8.802575811785331 -4.540659177253649 0
-1.209759869164743 -3.983926002404213 0
-1.257077782702853 -4.391757788672443 0
-0.8684718341668218 -4.233568790387945 0
-0.9262926023371145 -4.640977413426674 0
-2.081964916053455 4.000541540161011 0
-1.987093287023451 4.419227238109269 0
-2.320726040400389 4.733214081595507 0
-1.887431491248244 4.855047059124731 0
8.203246792726748 -0.8374832399417137 0
1.024503859997377 -4.803576834117106 0
1.407551133313373 -4.61411233934987 0
6.33666425540622 -0.4842109106004884 0
14.38300502177056 -1.594699727841862 0
18.90566275044495 0.58384895018608 0
-0.7136709367007811 1.988784159269932 0
19.34854665208109 1.299250415597144 0
10.03410066728716 0.9998728507364339 0
-0.6745967514382136 2.29299761217659 0
1.414788465962128 -4.194472994488319 0
1.784388452108227 -4.418871769300625 0
-3.94340301866893 -0.07073442434581018 0
-4.329873082948215 -0.2047450137999123 0
-4.257595446201965 0.2011941115594898 0
-4.670281297353306 0.06358282139526897 0
-4.573494496863309 0.4657012420294853 0
-4.737855818423759 -0.362641977710524 0
-4.163839404272908 0.5825398568413257 0
-5.003524370919319 0.3423820531450917 0
10.14028602973596 4.710865881302183 0
9.734662935550785 4.460093993730068 0
1.177403000989899 3.958286328341135 0
0.897890115360509 4.227060927819662 0
1.27611767328498 4.353058913739337 0
0.9667703063865491 4.658418276501997 0
1.36929699430414 4.790125786139399 0
1.688980138334007 4.466399527108356 0
10.38906374684674 -1.803697591207552 0
-3.568330605781632 4.292475317826876 0
-3.463546948029563 4.733562250934035 0
-1.090269254388 4.706042509843831 0
10.03846780918687 1.430215289028943 0
10.41495998450697 1.217873656658786 0
5.737359727805484 -1.200527206671822 0
-4.751642210159931 -2.135986924636025 0
-5.10697036334212 2.071898870928476 0
19.70963628309793 -3.831483720093863 0
18.86657034127508 -4.783710723680944 0
7.659229465634031 -1.67382353304048 0
7.276186902926586 -1.911707532642106 0
16.28087145820578 -4.794930963176681 0
13.23955901267901 -4.783912050761863 0
13.61859979751843 -4.531645669484712 0
7.225912905006514 2.373005725316467 0
6.894838555004164 2.171931969020211 0
6.895602858568535 1.795636636792151 0
6.572079902056839 1.983652319788406 0
6.558145083165316 2.367657029376444 0
-3.895877231426988 4.656485070887384 0
-3.996511319976543 1.710002545998874 0
-4.892170698229394 0.7185202166994484 0
4.890796221819889 2.175110867678806 0
4.389195906162911 3.488945897337463 0
-0.6745220953168486 4.836273259935778 0
10.78224310538371 -1.589497257690399 0
10.78595996604358 -1.145219094572361 0
11.17280292023738 -1.366054687787814 0
9.998974034574474 -2.022609932462926 0
11.79879144958732 4.709932193939822 0
12.2139067458112 4.477246214785734 0
19.73842362767634 -0.3498447679302386 0
19.74842419642331 -0.8457382996420311 0
15.9689150088565 4.776941448903584 0
14.36965365588287 -1.12335386507255 0
4.309246435941244 4.140727889375833 0
7.641598330436324 -3.830856170054004 0
8.220007139715353 -1.276088799808748 0
-1.324921764181933 -4.807668065463758 0
-5.099807220008813 -1.856270362878315 0
20.26653391568492 5.571041786542748 0
9.776722834607465 3.489571741108335 0
9.359539341014457 3.735344916383171 0
9.237152482506762 -1.999750684344641 0
4.284245780156935 -4.803189850105307 0
-1.451706457673329 1.847784337898161 0
-0.9722458214232957 1.497139324068145 0
5.217392555777291 -1.689820136323229 0
-3.132740816582951 -4.336556365984596 0
-3.184015336970022 -4.79245469513352 0
16.35131697690664 -2.29931584938067 0
-4.823262763148077 3.859996549327279 0
-4.751306857311166 4.323342071528251 0
-4.899336294979411 3.40901605665285 0
19.33662479783348 4.770891276326789 0
1.16251766298781 -1.626030351504524 0
15.11251999057349 4.780658909469657 0
14.68293447266072 4.53562776766893 0
18.50456725760802 1.796160715212468 0
14.68315060404948 4.042136078543221 0
14.25549358861067 4.290593864564835 0
14.25668335154479 4.78329606159693 0
13.82945572523063 4.537582482349494 0
13.83256348974926 4.044073054026136 0
13.41161894496525 4.27177812092063 0
13.41195188825973 4.779090313548622 0
18.00609880307867 -4.320436957990411 0
2.612151691530878 2.435702278967727 0
17.66554795500711 3.783291673664992 0
11.40393054632294 4.917086680677439 0
-1.725807708455263 1.707152952380009 0
6.575956579204672 1.61565106822104 0
2.1846981862857 -1.655658397381596 0
2.430925313387781 -1.795533801197491 0
2.431416466528088 -2.074026901522894 0
19.75700969195545 1.609534432495441 0
19.78485164918918 1.038249509645125 0
0.5993773767308477 4.503181862810614 0
3.842735552977669 1.211233506413612 0
11.97688322812799 -3.596944453981312 0
-4.047439128323177 1.306091470718698 0
5.009218389757339 5.246009286264774 0
4.637541164577167 4.979788301527459 0
2.670654017262755 1.646935321798766 0
2.957462263828477 1.718494773874502 0
3.038069671361618 1.990873536219644 0
3.244709883050277 1.781775493446813 0
-1.950143222947755 -1.223367079018703 0
-1.910805023854395 -0.938197072895383 0
-1.640570465147138 -0.8338262353707795 0
-1.868428637244238 -0.6353180086537353 0
-2.154549930291688 -0.7581087883554348 0
-2.105080344562356 -0.4406380917367653 0
-1.817950395037525 -0.3327470433919729 0
-2.049659157962257 -0.1395041455950951 0
-1.765520253042307 -0.03626296963870024 0
-1.995031933674577 0.1569544543975818 0
-1.721188362982682 0.2600863206912095 0
-1.94046981658013 0.4509358147001853 0
-2.223654428262802 0.3591083235784578 0
-1.209210975619519 2.001658223304661 0
19.7742589221915 2.547300538605258 0
19.80619074342956 3.025752367524512 0
1.869845502912869 1.681083074505513 0
-1.718844117377861 2.013389394529681 0
15.86466313202445 -4.558020170463441 0
-1.05464235320142 -2.285205329280273 0
12.21661455229211 4.966846021540229 0
12.2064936514234 3.999902572989471 0
1.762424248765715 -4.835292577755485 0
2.147249046122481 -4.643377611510426 0
2.164131433215322 -4.223717951342642 0
-1.751216795322129 -1.762120367954844 0
6.520718511720512 -4.889728764331041 0
3.213729533953675 -4.977624908869221 0
3.548937083674331 -5.194120313605127 0
12.40459355163737 -4.305517217641378 0
-2.19442609103377 3.575949766384983 0
1.901985891270194 -2.391393018801123 0
1.793328322792231 4.880345541576522 0
2.104664523697084 4.588992929942894 0
2.209378879675298 5.013689310194804 0
16.29915523795169 -3.810954378483352 0
0.5452382891601457 1.621877285086223 0
0.8206669757425833 1.692611761255796 0
19.82588607026831 4.067943274122684 0
9.959652446595587 -4.811976049522142 0
12.83488055267633 -5.040392248440866 0
-3.068386846720923 4.885505691537679 0
-3.368010356937427 5.174612352420817 0
2.514714833980698 -4.442469890908044 0
2.499189697047611 -4.880518731167102 0
12.62705886524728 4.236096872141163 0
-4.069907448156624 -0.8508716540390366 0
18.00112155108268 -4.80170186826745 0
17.5458970632627 -5.073828801172353 0
-4.409007109273654 -4.867676860071051 0
-4.777686721094391 -4.605626737963387 0
11.17059597631718 -0.928191576857367 0
11.55167897215779 -1.12017487235161 0
9.196963593633015 -4.306698104741665 0
9.206593440418965 -4.77369766554508 0
15.55699336182971 -2.268354440729088 0
15.10608613753211 -2.037332056489937 0
2.709113454410562 -1.922659670487582 0
2.69582648164511 -1.656592428630891 0
2.900880508026431 -1.759812415806881 0
1.584693709276309 1.594701631190946 0
1.371781614165165 1.778456565138189 0
-1.937453327964608 1.01485314583389 0
-1.922367363360205 1.266533357800262 0
3.324325131509775 2.055637369612199 0
3.529158654002168 1.848853984677109 0
-4.812539942016152 -5.046761894602832 0
-3.36433643132997 -2.751051259758894 0
6.267947328098856 2.169297953237957 0
-0.7683848016604835 -2.468979400099681 0
-0.2384786344167899 1.623861745167608 0
2.985459632176767 4.894702880091063 0
3.41977643414107 5.126568139205026 0
11.55881611720491 -1.532719331541651 0
0.195016175645266 3.980262841359919 0
3.702755268760801 -1.305571039156633 0
3.917387271446672 -1.501474569763353 0
3.635264425167659 -1.573832554897694 0
-3.777077202505396 -1.080797013338729 0
12.31779613976543 -1.020039501232765 0
4.389616440959562 -3.165434422103443 0
4.058945161696736 -3.338916758734975 0
4.699167419375597 -2.996526219472547 0
7.307384670115999 -4.456354323147036 0
7.267296101515402 -4.840843027696215 0
-2.186397559069583 5.125196796115188 0
-1.2157914339589 3.866070433724968 0
0.6569467105706787 4.921425026886689 0
0.2843735925283901 4.779011016745038 0
8.374605963096231 -2.108304731923884 0
-0.05771377967684575 -4.932589205221984 0
-5.268845744259829 0.634945459819082 0
-2.210637309468372 0.6382894893422649 0
-4.79245215532678 1.392968543007973 0
11.21471712537938 -5.034563145376088 0
11.65758869405482 -5.275469069484476 0
-5.243875345046368 3.769953253896823 0
6.623703685805094 -0.6473461931600915 0
6.61977359540411 -0.2734726037546229 0
13.13728827843975 -0.9486000758102313 0
2.461883430078839 -4.013481157471984 0
9.729517115365521 4.965724327744659 0
9.317021668914567 4.698700325688362 0
9.315928629918135 5.168880071596849 0
8.916974522484569 4.904301578778553 0
8.908355247768048 4.451579280868497 0
8.504928551532659 4.677462600365214 0
8.511138086266985 4.222600596538395 0
8.109733815243965 4.447285717168153 0
8.088239322566089 4.886196191784974 0
7.704864072062901 4.6632617689101 0
7.725101251312029 4.133707934525162 0
7.32428546666807 4.418320540732414 0
7.308176568236935 4.878009770440698 0
6.924575641564577 4.642836557687732 0
6.882171949481029 5.089674197258194 0
6.519019656560424 4.854172388683531 0
0.8821275332363073 1.949371084626429 0
5.035704144471151 -3.186049055552734 0
0.2810126169765719 -5.18556173734903 0
10.54108553072447 4.931893699658846 0
5.746909394009947 2.673533253267038 0
20.22269218219075 2.843844632441091 0
3.446007641139121 1.593391833736787 0
3.738345023809122 1.646606583182772 0
3.819537623726751 1.916282413562179 0
18.94345111616086 5.083173835328229 0
-0.9368493062665015 -1.428821431625144 0
-1.796302179219541 5.298127825151543 0
10.41295025513887 -5.107084429198075 0
0.2984090073184357 5.177852066248859 0
-5.238962209794622 -4.788425725727727 0
7.273577464344073 -1.499784453236393 0
6.934244043084029 -1.722392178338421 0
4.027428614267386 1.704651478209157 0
4.115664269394173 1.990245814538618 0
2.390495552618396 1.567214811394414 0
12.04853374643595 -5.018283924329086 0
-0.9707665215417628 -5.086503553604456 0
2.387624127159496 2.666579680905995 0
-5.105903641077006 -2.290553863514845 0
-1.533181946371867 -0.2213654788101438 0
8.935985319506326 3.977503675362483 0
8.515381673987433 3.763561144444079 0
13.94424263218304 -0.8856189951952969 0
6.266138547852643 2.562588209956369 0
4.77030004475484 3.563174133005591 0
5.770331495349415 5.262739980784826 0
6.90292183097159 4.213591034944601 0
9.641464628244991 1.682113359673319 0
-1.605613935325007 4.075872880723303 0
8.836798688480114 -2.207365774522486 0
0.2744656130433319 1.484070278367322 0
-3.635617593065338 1.454618974710273 0
4.736955708283172 2.632962119978536 0
-2.351238872036681 -0.2355077984653355 0
4.983242099697756 3.29330950633836 0
6.286551145789552 -0.1160620731861776 0
6.185189848667683 0.2254791227904145 0
4.333878392039043 1.772566436734044 0
4.412652941316197 2.066999704978949 0
8.416087316253222 -1.661784529481141 0
8.791832054372271 -5.02111509516324 0
9.210193056808997 -5.253038483667337 0
8.374614104449746 -5.216468211690526 0
1.624024904335255 -2.540483482477851 0
20.20317833474162 3.359130299307697 0
15.14895282327773 -2.530419096556138 0
13.22793119392205 -5.2697831239189 0
-2.556367535816888 -1.652763394071282 0
-2.263504229269778 -1.559470561158129 0
10.43661855258439 1.648179818967035 0
10.79976039483291 1.436459836827102 0
10.79504488406463 0.9971296050207901 0
11.18586684832945 1.217152354346956 0
11.19348334129048 1.656953819750512 0
11.58107317495119 1.436289147222272 0
11.6243705593822 1.880526954530009 0
11.9798466393111 1.662848975335569 0
11.97386161485872 1.210776695660915 0
12.37742069066574 1.430768255578252 0
12.41147939251109 1.923074666846845 0
12.78224596771882 1.659006154617074 0
12.78317084417438 1.202057213216339 0
13.18592660074749 1.423472853129002 0
13.22590231371549 1.914929233994464 0
13.59375630069093 1.652074847300057 0
13.5942726380703 1.191476843868091 0
14.0010586525586 1.413068826216721 0
14.04775488182506 1.904721833971732 0
14.4305949064631 1.62966654394609 0
14.41635165806496 1.176443649187366 0
14.82753738905461 1.397769793549763 0
14.87962696691033 1.890619897139281 0
15.26026194468428 1.615490075121325 0
15.24430065832827 1.160862685896529 0
15.64183294833063 1.383269324831277 0
15.65157622787714 0.9166022982244975 0
16.02836232465557 1.206509331521269 0
15.63622421395305 1.801143984408511 0
16.04542096310392 0.7226497108720269 0
-0.4954963897183895 1.477133536865707 0
2.167657577921699 1.761490278874555 0
2.09493891583067 1.454245469238165 0
11.28224506490388 2.127736233205485 0
-0.09857596689160991 5.082331899867586 0
8.559543222848829 1.416644946798181 0
8.167847524917974 1.430607119105525 0
8.108041872368259 0.9136898432979428 0
8.920249210379161 1.628345783220037 0
9.092767713343129 1.999981974052299 0
-0.7052546030588065 -1.601149580506033 0
-0.4541798764423309 -1.461147801796887 0
-0.19235008219054 -1.653520743839139 0
0.08944202540460017 -1.524102424370456 0
0.3439126978260572 -1.704050629722039 0
0.5800282324948873 -1.628555627408182 0
0.8511518810026506 -1.704042470502533 0
-1.528899474349353 4.554495880387931 0
-1.962977610973399 -2.089369585597481 0
6.928770757576636 -2.122172576541081 0
6.583831428279817 -1.913000407679961 0
-0.573678198427788 -4.456179382866189 0
-0.5282641048769843 -4.047016832825862 0
2.909581182861609 2.77560083167119 0
-1.585384045323966 -0.5156865195600279 0
-1.490272870705896 0.0599256663424393 0
10.1445302896873 5.197423887916283 0
-5.338618661101214 3.254880233908662 0
-0.3804582608535602 2.769585142022826 0
3.281256658900279 -2.155296293479853 0
3.318273652326967 -1.875226288480846 0
-1.404250682881243 -2.651002016276061 0
2.945116664398075 -1.497744217505902 0
6.582088479952344 -2.330694225826641 0
-1.145215917543356 2.546188958042197 0
0.04775688232446251 1.702548207822684 0
2.680586435519651 -2.47661594389521 0
15.84996657515046 -5.028393117815182 0
15.45945842486238 -4.813178282215397 0
16.25054936788873 -5.271267153874108 0
-5.511651247484985 2.35914876435819 0
5.819511022129683 3.08713909533339 0
12.36164401544049 -1.916656627140936 0
2.010395965882043 -2.714643652676847 0
1.306268498744369 1.477526123103516 0
15.63625770773553 -2.75394855226871 0
16.13787818246017 -2.967848752380687 0
-5.548370515068806 1.81526876896554 0
6.803910923724787 5.562643061951099 0
-1.417236494345011 4.992037732872877 0
3.822893850094043 -1.814221317549995 0
4.152049868482925 -1.689853758976927 0
-2.352837313869744 1.440737380429754 0
-3.932566490815593 2.142078632907478 0
-3.525564987298628 2.327627159233998 0
-3.456019074891249 2.746959066702268 0
7.276553895528151 5.321688752225539 0
-1.418852775934911 -1.025814337742591 0
3.164729879135157 1.531503769881414 0
7.210362732390814 2.786714852813192 0
-5.572697559736138 -0.7577946861762581 0
-5.130662038053837 -1.004261037341674 0
1.300562216758829 -5.509133543649042 0
-0.748095157540835 -5.573522123619708 0
2.265260407031909 -5.581735191250124 0
-0.7460824251774216 5.574781380302258 0
1.250974098298612 5.59675285275949 0
2.253052613963762 5.511052389245105 0
6.252367793968562 -5.598587054609252 0
6.073917327694986 -5.137193204322767 0
5.532035732995453 -5.14395942852955 0
5.271898149317551 -5.564460359023873 0
5.10177497302677 -5.131625367389153 0
4.792880446363636 -5.562271265590396 0
1.955088122350405 4.179897035701718 0
2.408129277049081 4.290022066383963 0
7.239171615702915 -5.603081450402552 0
4.4435000605197 4.537319157592631 0
4.175291753337213 4.848490462728499 0
4.034111279709078 2.470387939862543 0
1.877780768530665 2.830248830452787 0
15.60449511456634 0.4985369976146867 0
0.4802263702964051 -2.839700356817336 0
0.1623673146774296 -2.622938586877829 0
-0.1560392125597722 -2.800401288814874 0
-0.441343515002703 -2.593177518456161 0
6.580309124919646 -1.516547341288899 0
6.231480530399251 -1.731398736942728 0
6.728524847995108 -1.165821968828069 0
4.009111139405161 -3.725338345347662 0
3.697441272268734 -3.501606699772498 0
3.313720830229049 -3.646149615308522 0
3.25146191279271 -4.046361982981449 0
2.963920099427525 -3.763552392983936 0
3.012001442954579 -3.339054922958178 0
5.821187497776368 -3.573580909025637 0
5.434208058321336 -3.31371883618115 0
1.952290901150129 -1.481924377093786 0
1.683362929605265 -1.642950186450068 0
0.4503549622347089 2.40369147859553 0
0.5997871814361674 2.710153827152219 0
5.454517816137395 2.938545325661658 0
8.248047727562099 5.597699991905281 0
-2.798790595153517 -5.055810365840324 0
-3.255109656694322 -5.249777410041098 0
-2.384084321990692 -5.258536576478789 0
7.229785838655546 1.604201791193536 0
7.55141142381336 1.419073635295266 0
-2.461271338662247 -0.8942815491910709 0
7.18965090763506 -0.2280492364254888 0
-0.7555040927118912 2.594286075966826 0
-2.131923955883472 2.135073862891039 0
-4.429920664375318 1.148998132021354 0
3.235004607290173 -5.507898012307237 0
-2.592818698627851 3.440934476505504 0
9.335676939520251 4.216637587964648 0
-5.148938263300908 -0.5503042688763637 0
-1.153027529781654 -1.192354430196686 0
6.042422094094581 -1.403920873185172 0
5.71297658754985 -1.546787357659353 0
-5.549064591729346 -1.711987579747562 0
13.42267200472079 3.781039500276724 0
7.282655709816634 -2.333142478589213 0
9.347659710164482 2.35359606413816 0
4.924324533820584 -0.3884202141355088 0
4.909871251481776 -0.08505458066245722 0
5.163280267692462 0.08198247375365744 0
4.893780705477223 0.2140343156749043 0
5.141616744950221 0.3825971010641541 0
5.416949520954429 0.2501991910511712 0
4.660724250733006 0.04863150432675434 0
4.643659706577703 0.3415487981188778 0
5.396311739187415 0.5639415613937182 0
5.131748625366896 0.6879315515841747 0
5.334287228576073 0.8752919740632096 0
5.674544201794035 0.4240153779814646 0
4.67493666958928 -0.2509741605181061 0
4.40833270735035 -0.3941084962860117 0
5.087743473127453 0.9860421720722748 0
6.003722951135941 0.5524427444204267 0
4.895032068487794 0.5067660447335722 0
4.439990273994216 -0.7118820574189706 0
-5.576673466144342 -3.248503612393024 0
-5.149636748888018 -3.000301868917718 0
-5.167343687902639 -3.495031483514234 0
-1.72594018134689 -5.594326276350928 0
3.241666494599086 5.599248049248279 0
3.701538708552188 5.581907427407776 0
1.05143332263916 -3.981903169163783 0
-2.469986891583765 0.5524004541195542 0
0.9439627845901899 2.864309508617923 0
1.422452496346475 2.082758106316696 0
6.874560687549522 2.582628783525936 0
7.564444901092333 2.59204691980733 0
10.21555387276123 -5.572883563926666 0
-1.655156755016818 0.5625526526201708 0
-5.569030728621016 -3.7535393254651 0
-5.133881980904363 -3.968665405079088 0
2.548107050443082 4.741026161747223 0
2.802620289367317 4.107253556273077 0
2.463477493692078 -1.484459221687537 0
5.849615012981332 -3.150377219598469 0
8.97239847636383 3.504461195163901 0
12.6874355297978 -0.7699099433600409 0
13.50976406926493 -0.6298728276747432 0
14.31813714024472 -0.5982268235987185 0
-2.672897340545934 -0.3353281552542206 0
-0.8614606077452218 -3.816421791003153 0
1.803053124029239 -4.000083130650435 0
11.23696320183137 5.612806124790447 0
11.79136953690915 2.339726629987549 0
12.77873482299025 -2.618758981187561 0
8.903363556803754 -0.8849549411691654 0
9.959660600429849 -3.855393917757981 0
-3.402691217627944 -3.185223919319252 0
-3.039124710833082 -3.460959363690594 0
-3.080498059767623 -3.896658136320588 0
-2.609707853678495 -3.299365075179002 0
-2.244719569336315 -3.607614065822888 0
-3.494279035162711 -4.063072869072288 0
4.85117333627019 2.955774898111472 0
5.073332970762633 -3.56793419734986 0
12.63908715880719 2.363424542587329 0
15.97621879038062 2.35639899589209 0
10.75157712706264 -2.46214520295795 0
12.22879681998236 5.494748294106092 0
16.80231610194379 1.825528279269225 0
16.35686171988155 1.590269839596674 0
16.81189534697615 1.333237798810949 0
13.55077854063634 -1.167853052626468 0
15.12091328656274 -1.553914064287019 0
13.46335006234675 2.355083907173815 0
6.884669258695021 -0.02894505157747713 0
14.28651712330085 2.342680237563915 0
1.457365712591598 -1.47004704392755 0
15.11916250696128 2.331007059276658 0
14.26357068805307 3.794807263246627 0
15.11203660519904 3.793569376243128 0
17.59830499831033 -2.5869507954588 0
17.17805651592073 -2.331715364814839 0
15.82349630000092 -4.060815693562293 0
6.272513057367975 1.787612292633731 0
5.953613868347892 1.98899739179553 0
16.72682795862552 -3.563652601740244 0
18.50946857898808 2.293444584097016 0
14.24048533307371 -5.560665473859604 0
14.49766210794533 -5.13441604020375 0
15.03816507840086 -5.080535175263502 0
14.73246918094076 -4.698157586690944 0
14.28500556096537 -4.738012842579268 0
14.03716649415614 -5.128727863053417 0
-1.312363491605564 -0.3749999999981562 0
-4.746057247061257 5.569837551481003 0
-4.499999138595829 5.135837524272636 0
-4.053934369312924 5.12564992353342 0
-3.723242578363037 5.496204086374643 0
-4.992870661745035 5.148785040151266 0
-5.536565322067094 5.187983290918655 0
-5.212391689565184 4.666166951553678 0
13.25010319346474 5.574300583217788 0
13.01233087932857 5.072228033638184 0
-3.693735306041531 -5.519066342093225 0
-4.783783669313753 -5.528386655020718 0
15.25757077269065 -5.564998360054261 0
12.76863897928632 -2.14098028486501 0
10.16353198345658 3.747356686827262 0
17.61490085990464 -1.602025689440589 0
17.62266955970546 -1.11147295951456 0
20.57720592798147 -0.2500463063997406 0
20.15223470123388 -0.04311910199673535 0
20.1251164937424 0.5057853689651355 0
20.57901753630596 0.7509047023483748 0
20.57664068354524 -1.24979503319058 0
20.14653653101735 -1.511376866983689 0
20.13601729374384 -2.000260850118086 0
19.70584966994046 -1.766677878961187 0
19.70211345693119 -2.268842895175376 0
20.13297175818544 -2.496732911715624 0
19.27310121369302 -2.023199044305227 0
19.70105922367518 -2.744727961937182 0
20.13100160767711 -3.013996890327267 0
20.56559403132029 -2.751209069731304 0
20.13068457151123 -3.495598934814093 0
16.2499105033569 5.582113418174233 0
16.45108084466612 5.075641941500677 0
16.99841064282858 5.134893182626156 0
17.24892341029573 5.5669689327273 0
17.48948658977464 5.138958502237104 0
18.04527488708417 5.072489504557269 0
17.24328302317765 4.620825665605182 0
18.24963111872381 5.563340827066281 0
20.56961361386696 -3.774575368207285 0
18.74427447033913 5.567327555112112 0
13.83217848479574 5.018939523550113 0
14.25504516424163 5.264579803997785 0
19.74670246644526 -5.571654053068077 0
19.99597837938104 -5.149966839962647 0
20.53923095643692 -5.187617084433215 0
20.21366592539211 -4.671720082759624 0
19.49095521869132 -5.208598242839789 0
18.73714176887078 -5.574507077140254 0
12.36492264133109 -2.386821946088739 0
20.58442161864886 1.746913474402735 0
20.17056746134622 1.918132181606484 0
20.58024620114055 4.271592250642575 0
20.14841792446379 4.483853417408062 0
20.13408551802877 4.999807877774482 0
17.75000000000215 -5.566987298108073 0
17.25702241120613 -5.542131458000293 0
17.03395964082115 -5.085922612076885 0
15.2554844674266 5.573919812286704 0
15.51903675945425 5.106207472647567 0
12.76674064040976 -5.541355079864825 0
19.74503951173303 5.546833477511004 0
18.48089922397105 0.3427544279090982 0
17.66288459249061 3.28901932315659 0
15.53713438860562 3.546063902602988 0
2.84439067007541 -4.16977290954018 0
17.66961980352341 4.283593974599134 0
16.81442615023589 0.3532705117577259 0
15.9601940311567 -0.1574166483190491 0
11.56977276750163 0.9946582648620732 0
-0.4530673867728311 -5.152124496724732 0
10.39960260707528 -0.9217449301938156 0
17.23483100005317 3.044334627471914 0
19.72540595015427 -4.344503331867841 0
4.434410930086522 0.7456821144932998 0
20.56689651916013 -2.249595989379642 0
18.51279026686546 4.781424657001694 0
18.95020787331526 3.527974700062187 0
14.01145510191416 -2.342300592076035 0
13.64219638278301 -4.038968630407727 0
17.18963983399696 -1.835596552223524 0
14.82628587260466 0.9586954471501654 0
17.2052275187282 -0.8604332555834572 0
13.18717143629644 0.9834650442819874 0
18.00994206301407 -3.827972746164101 0
12.60836166515836 4.734872720896717 0
14.68168163059453 5.015649561697721 0
18.07879147036615 2.054022284078946 0
14.00234730864626 0.9722248532031378 0
16.39444120392687 4.526190937992199 0
16.81139971521752 3.29231797690229 0
5.384538645469656 -4.697211299394188 0
12.36561865771649 0.9931848483064775 0
18.86304020471604 -2.843313340996465 0
16.78308910944389 -1.095488073389156 0
18.89601411659118 -0.8826513691822357 0
18.07163492960939 1.564435864468133 0
18.05747118583113 0.1022062958803043 0
9.964229326490138 -2.485625343957902 0
11.92165073276908 -0.5224702118816242 0
15.53337045755738 -1.318768987677915 0
19.37732266127136 3.275984870419682 0
1.101534215275721 1.700193114844925 0
18.49581798829896 1.310923506079524 0
3.791570091476988 3.677523489289935 0
2.115401029069781 -3.820511228167068 0
9.276633658642202 1.411785574959973 0
18.43631243176301 -4.080723357917287 0
13.63415755715959 -3.556252211706561 0
10.36070951017109 -3.624362099444462 0
-3.543239805618694 -4.510466296375292 0
1.717551004859013 -3.633340746357003 0
8.576490957280651 0.5512641799426168 0
19.30553742428613 -1.103951989586267 0
8.499519544926414 5.173601185514237 0
19.79062486662406 3.544231238564783 0
14.39091009761501 -2.073618384716942 0
16.75338151294484 -2.572527921186335 0
18.4325412505076 -4.5650508541994 0
18.06014338626102 0.5884251939059694 0
6.530815914865614 2.784862374848294 0
11.56584783838399 -3.367976740840308 0
6.247042203458362 -2.123934347216236 0
14.68850830038174 3.54988756382565 0
12.39571114470367 -3.826099414510323 0
8.918833740624777 -0.4641172783122048 0
9.758497124367334 3.976603335755308 0
1.368168308193708 -5.031937012061677 0
8.384328105029047 -2.536219396775236 0
9.657442041567808 0.3645861181693127 0
10.01818936270648 -0.7042911224211479 0
2.096807667631349 -5.139771482991804 0
17.23814694246115 3.535926137872917 0
4.429619232200887 0.212082246209732 0
10.78192221455395 -4.805945303596428 0
0.9979115134670589 1.453876731176987 0
9.615574215599029 -1.799533973260687 0
0.04316870895433016 -4.099573559753019 0
10.96777998695193 4.698111904410067 0
6.580462125932266 1.255428684246949 0
6.92051474434531 -3.800517660025382 0
8.78978816361926 -3.630538295868153 0
10.17154039060602 3.276058528512101 0
4.212387542970926 0.6221487406202685 0
14.06121052543781 -3.784138201250744 0
7.649106675034171 -3.397898959172597 0
11.37328177445962 3.529639493087078 0
13.84454919840815 3.549306121063714 0
-1.307664979232096 -2.055108464375492 0
-0.9923511620408648 5.180247615744527 0
17.23971522304341 4.027291738745688 0
1.609773605344515 -1.220785616863582 0
1.105508299237083 -1.219325827068287 0
-1.226237545774502 0.1415906824404337 0
2.107513368445598 -1.225153604116085 0
2.609769847764634 -1.226316642670024 0
3.111639201097819 -1.231832968147244 0
3.225313811676792 -1.456778513448071 0
0.6016132315879562 -1.208089961374027 0
-0.3572511802357135 -1.214181132382331 0
0.1416839210745142 -1.244980760367572 0
-0.8622924431602423 1.232343350108164 0
0.1290776021738818 1.225700718126857 0
-0.3750000000000053 1.216506350946107 0
0.6264998985066095 1.210518695655378 0
1.63590179220226 1.211809197010317 0
17.19853454202948 -1.347708172593293 0
2.657838948958533 1.225163166195477 0
14.91827280422121 -4.249681902722983 0
-5.013854826909887 2.525844898585345 0
8.626528736742205 2.4191627512424 0
8.403085047077578 -4.761328358380233 0
18.46962498739162 -5.108117115880839 0
-1.178598936638273 -3.58826691366911 0
0.1116361994079287 3.609297363965864 0
-1.21475892571833 0.6360834479564744 0
3.624275781898459 1.383492872863277 0
3.131472398062559 1.255239437521082 0
-2.413114487898172 -0.5580764030592708 0
6.151773888436098 -4.65742097316221 0
8.155243954093336 3.958249331867554 0
-5.519120242494694 0.2844501595843216 0
2.822593287448165 2.19939024970739 0
7.90431033705436 0.5788237246838294 0
11.23733367532419 -5.533987106754775 0
9.178937880683705 -2.500888282785891 0
14.73482551479643 -0.8348553989004521 0
0.6568575057159087 2.162671945013509 0
5.442781022493707 -0.05563203919913365 0
0.5428404259962802 -2.497622244614586 0
4.630379623708593 -5.089187882500919 0
8.210951886936972 -0.4403688667753679 0
6.512932090799879 4.441491517879014 0
6.130987568658315 4.243856266932899 0
13.01433939969416 3.533580735463117 0
6.952968543035238 -5.152515150531362 0
16.76735663865233 -2.07247598454127 0
3.670125433866041 3.310191406500397 0
-3.323129213014055 -2.330239651349542 0
4.962038554489961 -2.528311198347825 0
11.78607098788291 3.768467642390402 0
-3.120006343103109 2.519299665781287 0
-3.638709031203066 3.862417948378074 0
9.565199075121633 -3.623623054180785 0
-4.406591335245666 -2.389472872147451 0
10.3957903712492 -0.4929865893328435 0
7.224797414901512 1.232521547693212 0
5.57563521584914 -1.799807952018797 0
5.435340951292611 -1.396257000384596 0
11.58057918230464 -3.838618557717076 0
6.922760972115242 -3.38173999137614 0
10.02957568546626 0.5771381353521198 0
5.706336936965571 1.740032859103715 0
-4.540743182294423 3.130872116008438 0
4.943056735407248 -1.561481489034812 0
-2.739059619878731 4.60126344107558 0
-4.716014056809152 -4.155808212870712 0
0.0809490786950602 -3.711268168454893 0
-3.602001410736939 1.899779970644486 0
2.166469513079438 -2.233033918788792 0
12.1972581437892 3.532385142594047 0
18.48424871556127 0.8279529729880843 0
-4.529452619015102 -3.226472704075331 0
4.663737333841668 -4.597634802590039 0
7.25946901452505 3.985580066456091 0
7.689596905696778 5.114559928675321 0
-5.148770746469579 -0.08037820288540448 0
8.250969566115266 3.43192465803887 0
3.744625730291322 4.761671959638534 0
-1.640019413266765 -4.54118644525585 0
2.632958291357151 5.165306549827475 0
1.372332791459009 -2.383262113366832 0
-3.415011708971728 -0.9347354293866831 0
-3.578871145308569 0.04304430725955632 0
14.07143173085255 -4.327768367002512 0
-3.86954188248857 0.3096823073463561 0
-3.788396434682358 0.6746305564976429 0
1.451098679052865 3.693465726860365 0
8.561644621150249 -0.651958554789368 0
9.180003090695571 -3.850962717894626 0
5.409754579274051 5.474765528533173 0
-1.947395863533167 3.26359649995305 0
-2.311154313954482 3.148614679918979 0
-5.104121663047239 -1.464167930076516 0
-4.726346570236331 -0.8224503315098003 0
1.051165636563271 -3.60188480967259 0
6.858803317063918 3.795072311276523 0
6.029642981022856 -0.3373588021175514 0
-0.8873366333154753 3.620936381218865 0
6.284552922692655 1.427258935339823 0
1.513164106872537 5.2140983761564 0
1.026122961689916 5.159844572022752 0
10.40805308128203 0.7885267625648709 0
-4.387675137745441 -0.6047260166103012 0
11.99299662495758 -4.067884240149972 0
9.570155175176474 -2.277845274162611 0
0.6631801908294819 -5.00818108228761 0
18.91498107210511 1.064640853096164 0
-0.379493372977778 4.536540101149657 0
-0.02702975614585458 1.439908792430893 0
3.822394354239024 -5.492446568217892 0
2.124467834339574 1.207834903953285 0
0.7290526779860138 1.430516071947717 0
-2.284225366085103 0.06940042049866413 0
-0.3911401579644903 2.417300875028116 0
3.899626770405996 -4.998256537804606 0
4.399429614082917 -2.496686984806748 0
-4.070679248514322 -5.149741989472549 0
4.683606445613783 -2.343837542885595 0
-1.630544371895453 -2.059518351653203 0
0.4692174588212915 3.722189074582597 0
19.33020428363428 0.8188329944312613 0
4.926965275668505 1.850706908654278 0
2.094750742510581 2.590627589000979 0
12.60807577311872 3.764311031377956 0
10.77681285814975 -0.7142218052289804 0
5.461928895980628 -1.01674881977476 0
3.816644757106887 -2.808910258598411 0
-1.816147417089652 3.661208937001952 0
-5.280276232397497 -5.596611933775868 0
-3.163557960613829 2.144840902995905 0
-3.619518568611807 -4.987057364632333 0
10.78182177114091 0.5734357516153519 0
2.76917643190804 3.73246405184033 0
4.934127169232839 -1.274521424370215 0
-3.239588934834476 1.418490895688356 0
-3.725851340169511 1.051096948612785 0
-3.023089642416674 -3.044505578207649 0
6.899528092539525 1.42961584523711 0
20.58825579985732 5.231422398105603 0
11.16170257395217 -0.5016644689078362 0
5.764861755628641 4.411890055032087 0
-5.143096191965443 1.655054620428531 0
5.698670741617164 0.1141489342447684 0
-1.688069061828944 1.408886295876552 0
0.9904946600249547 -1.428509895958081 0
-3.014001790027617 -2.539064978003208 0
4.689700656333208 5.558893928180403 0
3.373437959536894 -3.28638530166972 0
1.363584987523678 -2.719134255314695 0
11.17088761211539 0.7868133372342985 0
10.36882952949563 -2.247417492947459 0
7.549709489374909 -1.251624858911836 0
-1.23572498410505 3.494048991730024 0
-2.243514328441627 5.567224972902983 0
-2.638866686922123 5.114712587529345 0
-1.450084261535608 0.7397112010745359 0
4.193745330133764 -1.398756095686191 0
-4.939125172776377 2.969678176370147 0
1.149868247586928 1.99162986313071 0
12.01347667613528 -4.544784565704448 0
-3.980236016382565 4.166887556834599 0
1.561810703895229 4.074105974891233 0
7.281891894035539 -3.596412322067801 0
-4.84300113111566 -2.609934328789947 0
-0.9637012186547143 2.223975567403481 0
20.15810945206071 -4.069765677503627 0
4.036470055899729 3.407165248932659 0
4.209718362744228 -0.5997377521045643 0
11.54802466550558 0.5670199447361323 0
10.97380197474999 5.181036165569845 0
5.553414603561757 -2.921805492582852 0
7.994568899440036 -4.96009290881498 0
2.19226339929024 2.927233248681739 0
8.558339913651873 -1.051291517383915 0
6.146089957287235 5.066693032711331 0
12.42484472716015 -4.771110446289484 0
-0.9661852148014072 1.846544940061456 0
-3.410105196275873 0.7386095984402224 0
5.974600441751411 -0.003542410171023006 0
-3.232830572682034 5.588334889977916 0
-1.451544873882559 0.3294876701498261 0
-2.37967900573627 -2.965545753089898 0
4.468872423469388 1.512389698628081 0
11.5428730872916 -0.7143353049585732 0
11.95095754024554 -1.717883660380291 0
10.76250794662704 -2.017816979076442 0
-1.483889003733962 -5.188839522868826 0
-1.964704752452783 -5.162947629823917 0
19.70837632273972 -3.29409919361343 0
-5.511008544680147 -2.255375427952032 0
-1.806663887943177 2.322897211056952 0
11.15245977655707 -1.790506923215831 0
9.235902068969796 5.610823765258365 0
-1.205399130672329 -0.8749999999996532 0
4.68384225978359 4.228869813271144 0
9.566750665075848 -4.076989738446904 0
1.011417532155375 -5.173513046055429 0
10.07150542340436 1.871433937757109 0
19.27046711766622 -2.586345118916346 0
11.95049346244565 0.7846441258431091 0
12.35029484524817 0.5626402525846681 0
-4.335516969327213 4.449344063458745 0
-2.205747681576543 -1.063565750366857 0
18.8531033060407 -1.849085032814983 0
13.00984028294973 4.003388485719201 0
19.68053717624502 5.085037053415419 0
11.93194638543936 -1.286085421037718 0
2.862306717004224 1.427127575639646 0
0.2086053853755614 -5.607712316987861 0
-2.018636497337992 1.520552195790937 0
-3.491519816573967 -1.315789460666973 0
-4.708862829018982 4.762533875600546 0
3.949250385345868 1.453623295713347 0
1.136802537384272 1.226853743139573 0
9.575879603817938 -4.550819483061926 0
16.79642553356386 4.731319971041502 0
0.008004497074992211 -2.375844177545879 0
11.54798789398016 -1.982392995544101 0
20.19159577818743 -0.9999627159213271 0
13.01352708765148 4.516242424477419 0
12.77204372277899 0.7724302534727011 0
-1.976422324273423 1.832537231603268 0
17.69721177555622 4.73082224068177 0
-0.5354089680031304 -3.633764178260196 0
-2.122777038479274 -3.229044058631733 0
-0.5117059979670269 5.195059098761315 0
20.17174349316284 -0.5284179990428004 0
4.445749888101124 -0.08732179753536987 0
9.605524546083831 -5.025873351831075 0
7.877070254353209 -1.36680824736134 0
4.679752807979703 1.982497956025193 0
4.163577682239025 3.770859821636752 0
-3.866903385448128 -1.46724206330996 0
2.854955415802915 -4.683422810009839 0
-2.382873865996127 -4.875515318081545 0
4.166318887902394 -0.37854384312565 0
4.215747797346096 0.0984345557153531 0
4.098356029407057 -2.987035226241155 0
13.14415839116573 0.5439503040121418 0
19.72747912867287 0.1481765100832632 0
10.85528294400575 1.90362236561897 0
9.430204955584554 1.979941498216832 0
-5.140049150650239 4.155979488124135 0
7.196525984441924 0.8902450954842762 0
4.394642649424843 -2.82455989660314 0
4.423704392562982 0.4851109999970644 0
13.58275588585958 0.7606352245444683 0
3.926850064328669 5.188181362653399 0
0.2499999999963105 5.646735979578454 0
19.65834330608556 0.5704400570493003 0
4.664010530060196 0.6321633954701626 0
1.401728527232269 -3.808115013047638 0
2.175772616819928 3.877130028255129 0
14.75907540640154 -1.314621865781797 0
1.782959965846689 1.441538128245403 0
5.788397212309929 -4.811780853526907 0
7.283120172569167 -4.020450481409836 0
-0.7307875532076125 1.669653912452422 0
7.881327951121515 1.600431693283885 0
16.27281513777319 -3.37748567648512 0
13.95169563094883 0.5329151104989407 0
3.618546785279284 2.122336092562398 0
14.38615476262356 0.7471609673243804 0
18.49908437183469 5.213551275813117 0
19.287043254259 -1.571492408975354 0
10.91497584057277 2.367225821826254 0
15.98778862326738 5.224142746255423 0
11.82417953813213 5.145306629152169 0
-1.931920838306133 0.7333552814246798 0
3.403848870043102 2.332961935443607 0
-5.201468780242067 0.9866147946274104 0
14.82459961495413 -2.812111690104694 0
10.26026297091993 5.628337213607676 0
19.65181193688209 -4.811166101938053 0
0.4092216266555258 -1.412356091992365 0
-2.165732043989654 -5.615639425194864 0
-4.131721160222615 -1.218289398044064 0
4.607425840546536 2.292879836134536 0
20.25480250014825 1.008987916184892 0
0.5414021360459773 4.101171158885835 0
-0.2359890307239137 -3.863355829866495 0
3.918996156801578 2.188758839672985 0
19.73083114235228 -1.299866693344976 0
-0.7385671937567113 1.420310965826243 0
3.1058632546011 2.265601918995832 0
20.19546846137479 1.44902589455682 0
12.57793039812049 5.179140859637887 0
7.655348236705791 -4.254827789520254 0
14.76328146458479 -1.795689795437892 0
15.22568088292324 0.7308931539507856 0
8.242343311665071 -5.640325959833381 0
4.685425788037456 -2.669915108087708 0
2.487153141101194 -5.268036587243435 0
9.992801339716692 -5.227529221181168 0
-2.205247674382637 0.924834362069383 0
15.9413214225399 -3.648508820829927 0
-1.408329843405068 -0.7403545086810849 0
-0.8750000000000887 -1.182667966661582 0
14.78106287804711 0.5289364206076601 0
19.76137011488213 2.089263331953738 0
-1.479609268356402 2.153473563167374 0
6.134599133241523 4.651100175867729 0
12.44687371772937 -5.181107812433742 0
16.45302563746866 0.5907671203705673 0
5.111000545068842 3.592506106835681 0
16.60561625082479 -5.058259726995181 0
20.65823569439881 2.749999999987955 0
5.907345636993248 0.2625087538532102 0
9.243370128103308 -5.665202432191219 0
15.56470048881503 0.06664434334065739 0
-3.241682181998039 -5.665667238988076 0
-0.5341062160070753 -2.326352104860538 0
-5.659653485508541 4.747324956425837 0
-5.667627893669609 -4.760537273977305 0
13.59819542416571 -5.020316038903914 0
6.509617569956721 5.223116007579627 0
15.47084727943987 -5.203690682676759 0
2.871011231050321 -5.194224754653553 0
7.648490689196693 -4.682493991705432 0
20.63415837128971 3.224742766296711 0
13.4558543988738 5.196914452298472 0
16.44231733983442 1.066002738377806 0
19.00000000000135 -5.229599198977384 0
5.77539628746972 5.655980573322395 0
7.531230921042468 1.069512577648326 0
7.907046040702614 1.209467320166927 0
12.01917920769988 2.02480741514801 0
4.532546619975495 3.853077869110352 0
20.67050945003416 -4.732009958896231 0
15.05688475275804 5.202481299708082 0
20.15038518333394 3.764267288529365 0
3.756723375412654 -3.146447253835699 0
5.157699291879306 3.036189569198124 0
-0.7505031184320838 -2.769826731981058 0
3.007627510528636 -1.98380739375348 0
14.77552960229113 -2.30386524916554 0
18.00086649321999 -5.232207211220057 0
2.725283199660684 -1.42114078965152 0
4.903234460781714 0.8077292926544375 0
-2.510475571695836 0.8281069333789071 0
16.00142201306595 -2.501878568782012 0
6.968794941390207 -1.385447849516592 0
6.866815588640101 -0.8504756519982362 0
6.896229532834698 -0.4659689089975265 0
2.516144177345647 3.926551378866764 0
-4.088022314623593 0.9308922754448744 0
19.7496005643431 4.612783983270168 0
7.552970063300194 -5.172383992541177 0
-5.654335519815936 3.690070269475164 0
0.2537513624914976 4.362622528037802 0
5.652229923401229 2.019945006967546 0
15.417022528913 -4.376201726865229 0
15.93974393440014 1.590152508070728 0
11.75000000000622 -5.673818689469103 0
2.223308766725602 -1.419629634513618 0
-2.516910800837745 0.2802602673234122 0
12.83300048436201 2.031888814928229 0
3.626556954992462 1.158079761348614 0
16.00416946487142 0.3036502862155314 0
5.004081661603617 -4.762838477852687 0
-4.385472640604419 -0.9536805962588817 0
13.25000000000523 -5.681146159062259 0
17.19577264375045 -4.712561899267646 0
4.218045302743187 -5.190861618223283 0
-4.298838107536388 4.825970091550547 0
2.717964483242023 -2.188215212493669 0
2.876645975962684 2.48679276356881 0
-1.750000000002508 5.69206042273997 0
14.25000000000399 5.682479605713763 0
6.501256808759205 -5.27673927484256 0
-0.629761139579381 -4.818822355764239 0
1.729105174846959 -1.410440247563429 0
1.906460213361302 5.239026515184761 0
13.65151091426886 2.030389001281367 0
4.247056641674857 2.256839485757494 0
5.921881298538562 -1.709445565623193 0
-0.2522009560562093 1.393729889743083 0
-5.61751745595013 0.8381630932828135 0
0.5100512957392186 1.39269773640055 0
1.215575408963073 -1.392985012910212 0
2.579385531358582 1.431910862190575 0
-5.101519921847336 -4.377870844658308 0
2.416491377399888 -2.345900888413054 0
1.510019772340904 1.389563939905918 0
16.25022460203989 -5.681645584121712 0
7.528868731091872 3.750505514219734 0
-4.475166170245767 -5.245189457428571 0
5.142891447108751 -1.413902560850121 0
1.689507064584989 -5.211084116998016 0
-3.016861411842134 5.272476252167293 0
-2.038005917706065 -1.755626407478348 0
-0.1834621648680362 -1.405743723681677 0
-2.179218665700027 1.179044075564842 0
14.4793466113434 2.008256946682201 0
-1.684363386068013 -4.881086213091944 0
10.8692935045898 -5.209217702019464 0
16.38245569953991 -2.677974470323071 0
0.9142826467181028 2.224318451137569 0
6.312173364595839 0.4717373998225611 0
8.039439764629471 5.268110394069731 0
6.013610481553996 2.374591693301705 0
-1.081221539952519 -2.564750659271893 0
15.3030267547969 1.987264885601717 0
-0.06079777094254842 4.648127221211294 0
3.538534075575909 -1.77137743149122 0
14.49893863705158 -4.402800373334808 0
20.16597217634094 2.388885079051537 0
-4.771612189123783 -2.991986337419026 0
-5.633974596214423 -5.633974596213834 0
11.90371741056507 -0.8846872793137737 0
-5.633974596215514 5.633974596215929 0
20.63397459621552 -5.633974596215896 0
20.63397459621617 5.633974596215609 0
3.007525320359783 5.283550456154432 0
0.7193276013743282 -1.423474569026493 0
4.324125828614171 5.233579989195828 0
7.79696396427577 0.8958693238406915 0
19.33069537640347 5.191769229549541 0
7.250000000006303 5.714460639194709 0
-1.48062382423373 -1.859126932513959 0
-4.468900129114054 0.8051584049492464 0
3.476165875079164 -1.391308925803315 0
4.98038241996365 -2.842370114391064 0
5.238766515737687 1.161235790035465 0
2.14449908467127 -2.475122898782682 0
6.033604695911338 2.721204073254432 0
15.11307760346764 -4.643550934751612 0
2.650514985548483 2.688568007119851 0
8.08286871662488 -1.592857355032034 0
4.87011889908603 1.027760526552695 0
3.204718108973417 -3.069191236432074 0
-5.72779917863211 3.256802642674267 0
3.129345905259883 -1.691116497738538 0
-1.975486941252914 -1.497645506575982 0
-1.378268354894004 -2.337337676270939 0
2.379033548328527 -3.640454808707894 0
-1.250723204997134 2.274796210649666 0
8.954800068426385 5.285850983224777 0
4.769641099482932 4.579709027133987 0
9.272264033238807 1.740433638024492 0
-5.236935409139284 -2.605632068942958 0
20.22240443782302 4.116455043547763 0
10.52086778926694 5.309686716162707 0
-5.153967536541735 -5.226993115901047 0
7.983680370008888 -5.325342479666133 0
-0.271770372777871 -4.278447062211059 0
8.565364726750925 -1.363831668601928 0
8.269405593549831 0.6636539478853892 0
-1.481010119197933 3.664253839284109 0
12.26528962444737 -0.6492628379398186 0
-0.06128418264814753 -5.28727843736972 0
11.43171547045009 5.290657852168484 0
14.72881326663128 2.230343799241924 0
-0.3450190408191624 4.859666316185127 0
4.918787511641738 2.427476199933028 0
5.081946559403919 5.650031205961396 0
15.59813649727638 2.199818505954479 0
-1.069495076263907 1.261756671580545 0
-2.216822053373594 -1.309755007168452 0
16.01636996481206 1.95823176715068 0
6.588620004018009 -0.9314296283517143 0
13.91303775533657 2.24257045684024 0
4.04722131138161 1.244402840778503 0
5.275417183868409 -3.009564317106008 0
-1.398250146646729 0.5440365959243705 0
-4.781382624163036 1.063195693552847 0
13.08537722827856 2.254640113657127 0
12.6352460450834 -0.4131138456421151 0
13.90669836478629 -4.793011834537543 0
-0.3180147564441967 -4.694019202262206 0
15.59538798406444 -3.72555134452969 0
3.557370450908942 -1.177460412573862 0
-4.866560670985801 -3.29065036254673 0
3.380858834213289 -1.617379998456968 0
0.03954352693969806 5.386871599372935 0
8.287713480415702 1.159095509183106 0
-3.697408880390455 5.029606610411181 0
6.302533300285353 -1.457272107088873 0
19.23134500599895 -4.927193037652144 0
-1.378346621739785 -0.5571801845535461 0
-0.7317563472296523 -1.380458665984414 0
12.23247598020474 2.25724938585437 0
-5.274589347465128 2.792365217338739 0
0.6581661807671469 5.25073687504245 0
-0.1604781916570652 -2.54114717291202 0
8.931530450889852 2.296448277673397 0
3.34738083955482 1.402523834344244 0
-5.099141912927916 1.29454569770814 0
2.660511973796402 -3.787049462291403 0
-1.54160711974168e-12 -1.357909684425489 0
8.597726570928213 -1.900044557065502 0
-1.131170820358561 -0.3749999999982661 0
0.7002722871100002 2.408910460720421 0
5.497633065191891 1.041693181638806 0
-2.674544356925377 0.431023852252111 0
$EndNodes
$Elements
10 5632 1 5632
1 1 1 29
1 1 13 
2 13 14 
3 14 15 
4 15 16 
5 16 17 
6 17 18 
7 18 19 
8 19 20 
9 20 21 
10 21 22 
11 22 23 
12 23 24 
13 24 25 
14 25 26 
15 26 27 
16 27 28 
17 28 29 
18 29 30 
19 30 31 
20 31 32 
21 32 33 
22 33 34 
23 34 35 
24 35 36 
25 36 37 
26 37 38 
27 38 39 
28 39 40 
29 40 2 
1 2 1 14
30 2 41 
31 41 42 
32 42 43 
33 43 44 
34 44 45 
35 45 46 
36 46 47 
37 47 48 
38 48 49 
39 49 50 
40 50 51 
41 51 52 
42 52 53 
43 53 3 
1 3 1 14
44 3 54 
45 54 55 
46 55 56 
47 56 57 
48 57 58 
49 58 59 
50 59 60 
51 60 61 
52 61 62 
53 62 63 
54 63 64 
55 64 65 
56 65 66 
57 66 4 
1 4 1 9
58 4 67 
59 67 68 
60 68 69 
61 69 70 
62 70 71 
63 71 72 
64 72 73 
65 73 74 
66 74 1 
1 9 1 54
67 9 127 
68 127 128 
69 128 129 
70 129 130 
71 130 131 
72 131 132 
73 132 133 
74 133 134 
75 134 135 
76 135 136 
77 136 137 
78 137 138 
79 138 139 
80 139 140 
81 140 141 
82 141 142 
83 142 143 
84 143 144 
85 144 145 
86 145 146 
87 146 147 
88 147 148 
89 148 149 
90 149 150 
91 150 151 
92 151 152 
93 152 153 
94 153 154 
95 154 155 
96 155 156 
97 156 157 
98 157 158 
99 158 159 
100 159 160 
101 160 161 
102 161 162 
103 162 163 
104 163 164 
105 164 165 
106 165 166 
107 166 167 
108 167 168 
109 168 169 
110 169 170 
111 170 171 
112 171 172 
113 172 173 
114 173 174 
115 174 175 
116 175 176 
117 176 177 
118 177 178 
119 178 179 
120 179 10 
1 10 1 24
121 10 180 
122 180 181 
123 181 182 
124 182 183 
125 183 184 
126 184 185 
127 185 186 
128 186 187 
129 187 188 
130 188 189 
131 189 190 
132 190 191 
133 191 192 
134 192 193 
135 193 194 
136 194 195 
137 195 196 
138 196 197 
139 197 198 
140 198 199 
141 199 200 
142 200 201 
143 201 202 
144 202 11 
1 11 1 54
145 11 203 
146 203 204 
147 204 205 
148 205 206 
149 206 207 
150 207 208 
151 208 209 
152 209 210 
153 210 211 
154 211 212 
155 212 213 
156 213 214 
157 214 215 
158 215 216 
159 216 217 
160 217 218 
161 218 219 
162 219 220 
163 220 221 
164 221 222 
165 222 223 
166 223 224 
167 224 225 
168 225 226 
169 226 227 
170 227 228 
171 228 229 
172 229 230 
173 230 231 
174 231 232 
175 232 233 
176 233 234 
177 234 235 
178 235 236 
179 236 237 
180 237 238 
181 238 239 
182 239 240 
183 240 241 
184 241 242 
185 242 243 
186 243 244 
187 244 245 
188 245 246 
189 246 247 
190 247 248 
191 248 249 
192 249 250 
193 250 251 
194 251 252 
195 252 253 
196 253 254 
197 254 255 
198 255 12 
1 12 1 24
199 12 256 
200 256 257 
201 257 258 
202 258 259 
203 259 260 
204 260 261 
205 261 262 
206 262 263 
207 263 264 
208 264 265 
209 265 266 
210 266 267 
211 267 268 
212 268 269 
213 269 270 
214 270 271 
215 271 272 
216 272 273 
217 273 274 
218 274 275 
219 275 276 
220 276 277 
221 277 278 
222 278 9 
2 15 2 1172
223 554 527 645 
224 555 472 577 
225 472 555 578 
226 298 527 688 
227 482 545 639 
228 527 526 645 
229 485 436 694 
230 327 328 329 
231 509 441 607 
232 355 358 578 
233 441 440 477 
234 597 305 691 
235 356 350 589 
236 350 346 589 
237 535 340 720 
238 325 326 327 
239 543 482 639 
240 409 513 635 
241 427 457 572 
242 485 649 747 
243 285 558 559 
244 524 539 772 
245 337 340 535 
246 411 427 513 
247 310 546 629 
248 329 331 497 
249 413 412 446 
250 571 615 731 
251 25 26 581 
252 117 298 688 
253 524 365 544 
254 481 434 769 
255 513 427 572 
256 323 318 325 
257 477 440 479 
258 677 547 716 
259 409 411 513 
260 446 451 482 
261 398 401 416 
262 300 103 538 
263 443 441 509 
264 516 452 540 
265 628 475 690 
266 463 569 570 
267 438 447 517 
268 446 482 491 
269 436 438 694 
270 463 504 635 
271 430 434 802 
272 546 310 707 
273 123 302 741 
274 505 443 506 
275 545 500 639 
276 391 392 412 
277 308 531 800 
278 440 441 794 
279 511 547 677 
280 354 355 578 
281 417 418 582 
282 523 447 712 
283 606 507 661 
284 327 329 794 
285 325 318 326 
286 4 67 620 
287 391 412 413 
288 538 103 751 
289 517 447 523 
290 670 416 696 
291 327 326 328 
292 531 123 741 
293 506 443 509 
294 365 367 544 
295 74 1 292 
296 388 390 391 
297 558 285 581 
298 532 315 596 
299 477 479 562 
300 554 645 759 
301 400 3 417 
302 329 328 331 
303 285 559 663 
304 121 308 537 
305 413 446 448 
306 315 532 590 
307 380 386 426 
308 349 354 556 
309 505 506 508 
310 491 482 543 
311 441 477 607 
312 573 400 658 
313 295 584 619 
314 486 481 529 
315 613 614 624 
316 327 726 775 
317 434 436 769 
318 302 124 541 
319 360 349 556 
320 363 524 772 
321 468 89 700 
322 655 401 713 
323 411 415 427 
324 537 308 625 
325 530 529 641 
326 283 583 647 
327 295 619 684 
328 318 89 468 
329 302 541 803 
330 503 416 522 
331 627 628 690 
332 526 536 645 
333 358 472 578 
334 506 509 558 
335 1 13 453 
336 627 406 705 
337 403 706 713 
338 465 574 575 
339 457 615 680 
340 446 412 451 
341 298 526 527 
342 571 566 680 
343 450 505 576 
344 285 25 581 
345 1 453 746 
346 85 587 738 
347 335 337 535 
348 105 301 564 
349 434 481 486 
350 579 560 678 
351 649 485 694 
352 543 597 691 
353 631 480 662 
354 466 362 520 
355 453 714 780 
356 624 614 749 
357 434 435 436 
358 88 318 323 
359 617 491 691 
360 656 563 659 
361 388 391 711 
362 516 540 768 
363 342 673 720 
364 621 495 664 
365 596 638 739 
366 508 506 606 
367 330 327 794 
368 540 333 768 
369 378 380 492 
370 517 523 583 
371 391 390 392 
372 448 446 787 
373 533 704 800 
374 613 313 623 
375 436 437 438 
376 534 426 586 
377 304 621 664 
378 446 491 787 
379 673 351 729 
380 351 536 608 
381 706 504 713 
382 502 450 576 
383 418 424 582 
384 455 356 589 
385 85 86 587 
386 312 555 577 
387 342 351 673 
388 331 333 540 
389 340 342 720 
390 398 399 401 
391 528 319 634 
392 615 571 680 
393 398 416 503 
394 457 427 789 
395 329 497 793 
396 625 308 704 
397 306 571 731 
398 394 397 398 
399 308 122 531 
400 641 529 777 
401 438 439 447 
402 539 524 588 
403 372 378 476 
404 560 321 678 
405 367 372 544 
406 497 331 540 
407 704 308 800 
408 649 694 695 
409 362 361 520 
410 88 89 318 
411 347 353 361 
412 573 658 783 
413 703 326 763 
414 298 118 798 
415 568 457 680 
416 541 322 542 
417 527 554 688 
418 526 298 798 
419 104 105 564 
420 430 432 434 
421 416 655 696 
422 86 87 317 
423 90 91 303 
424 551 587 779 
425 593 518 781 
426 313 624 640 
427 323 325 727 
428 574 465 598 
429 428 429 789 
430 475 628 676 
431 353 452 516 
432 637 515 730 
433 84 85 304 
434 615 457 657 
435 483 671 734 
436 524 544 761 
437 118 550 798 
438 123 124 302 
439 427 428 789 
440 469 594 778 
441 105 106 301 
442 102 103 300 
443 380 385 386 
444 343 345 644 
445 424 461 582 
446 492 426 534 
447 115 288 552 
448 552 288 553 
449 319 528 739 
450 378 492 744 
451 86 317 587 
452 536 351 644 
453 309 120 537 
454 412 392 660 
455 486 529 530 
456 401 403 713 
457 325 327 775 
458 606 661 748 
459 529 481 546 
460 583 283 695 
461 416 401 655 
462 496 532 596 
463 372 476 544 
464 121 122 308 
465 638 319 739 
466 522 416 670 
467 628 300 676 
468 447 674 712 
469 498 448 557 
470 405 409 706 
471 518 593 736 
472 104 564 751 
473 596 595 638 
474 386 387 388 
475 378 379 380 
476 406 627 690 
477 465 575 781 
478 455 548 598 
479 331 332 333 
480 295 4 620 
481 461 463 658 
482 594 469 669 
483 388 711 745 
484 351 343 644 
485 125 322 541 
486 87 323 757 
487 398 503 790 
488 441 330 794 
489 301 560 579 
490 317 87 757 
491 380 426 492 
492 87 88 323 
493 463 635 699 
494 117 118 298 
495 427 415 428 
496 56 57 549 
497 552 553 555 
498 291 598 679 
499 291 574 598 
500 571 306 709 
501 119 120 309 
502 394 398 790 
503 119 309 550 
504 300 628 773 
505 429 430 630 
506 659 563 750 
507 673 520 720 
508 301 106 560 
509 102 300 561 
510 506 558 702 
511 605 525 798 
512 442 441 443 
513 122 123 531 
514 103 104 751 
515 361 353 464 
516 95 297 575 
517 746 453 780 
518 554 288 688 
519 553 288 554 
520 405 408 409 
521 636 515 637 
522 548 455 589 
523 620 67 795 
524 589 346 755 
525 426 386 770 
526 388 389 390 
527 540 452 689 
528 450 443 505 
529 305 616 691 
530 124 125 541 
531 657 429 749 
532 54 395 417 
533 500 419 519 
534 120 121 537 
535 543 639 791 
536 564 301 721 
537 591 514 778 
538 563 562 750 
539 300 538 676 
540 92 93 291 
541 115 116 288 
542 545 482 740 
543 312 577 618 
544 608 382 717 
545 398 397 399 
546 598 548 679 
547 372 373 378 
548 57 289 549 
549 657 457 789 
550 550 309 605 
551 434 432 435 
552 477 562 563 
553 312 114 552 
554 553 554 556 
555 463 570 658 
556 312 552 555 
557 652 508 748 
558 409 410 411 
559 291 93 574 
560 530 624 749 
561 544 476 668 
562 381 701 735 
563 556 354 732 
564 415 414 671 
565 584 498 619 
566 386 388 745 
567 518 465 781 
568 587 317 779 
569 82 83 321 
570 125 126 322 
571 631 662 764 
572 436 435 437 
573 449 448 498 
574 40 2 310 
575 491 617 692 
576 525 526 798 
577 118 119 550 
578 529 546 707 
579 114 115 552 
580 482 451 740 
581 304 85 738 
582 572 569 699 
583 478 663 758 
584 514 591 730 
585 320 637 730 
586 597 543 791 
587 113 114 312 
588 94 95 575 
589 514 469 778 
590 401 402 403 
591 574 94 575 
592 89 90 700 
593 313 613 624 
594 640 624 641 
595 507 606 702 
596 541 542 626 
597 701 667 735 
598 367 369 372 
599 74 292 539 
600 643 485 747 
601 113 312 618 
602 590 532 767 
603 438 437 439 
604 586 426 719 
605 438 517 694 
606 605 309 609 
607 608 717 729 
608 566 568 680 
609 429 428 430 
610 466 520 673 
611 363 365 524 
612 497 540 689 
613 619 307 683 
614 457 568 572 
615 667 701 722 
616 297 592 593 
617 53 400 573 
618 93 94 574 
619 593 592 594 
620 558 509 559 
621 593 594 669 
622 464 353 516 
623 392 393 394 
624 671 621 734 
625 380 379 385 
626 345 360 644 
627 315 595 596 
628 283 648 695 
629 592 311 594 
630 480 631 765 
631 106 107 560 
632 555 553 732 
633 101 102 561 
634 569 463 699 
635 600 494 602 
636 79 315 590 
637 311 98 591 
638 99 320 591 
639 99 100 320 
640 97 311 592 
641 315 80 595 
642 79 80 315 
643 97 98 311 
644 98 99 591 
645 297 96 592 
646 80 81 595 
647 96 97 592 
648 78 79 590 
649 95 96 297 
650 111 112 296 
651 77 78 299 
652 109 110 319 
653 299 78 590 
654 456 600 602 
655 326 318 468 
656 536 384 608 
657 90 303 700 
658 627 705 792 
659 292 1 347 
660 377 356 455 
661 500 519 549 
662 700 701 763 
663 496 445 532 
664 386 385 387 
665 309 537 774 
666 436 485 769 
667 488 514 515 
668 376 445 456 
669 456 496 528 
670 550 605 798 
671 456 445 496 
672 447 439 576 
673 326 468 763 
674 376 444 445 
675 472 494 577 
676 73 74 539 
677 444 375 469 
678 488 469 514 
679 757 324 779 
680 532 445 599 
681 296 112 618 
682 445 444 599 
683 358 370 472 
684 83 84 664 
685 404 402 687 
686 718 92 760 
687 444 469 488 
688 526 384 536 
689 371 375 376 
690 444 488 599 
691 84 304 664 
692 376 375 444 
693 616 617 691 
694 692 617 771 
695 371 359 374 
696 456 528 600 
697 91 92 718 
698 542 322 773 
699 694 517 695 
700 378 373 379 
701 370 371 602 
702 371 374 375 
703 337 339 340 
704 370 359 371 
705 331 328 332 
706 472 370 494 
707 627 542 628 
708 376 456 602 
709 377 455 465 
710 111 296 634 
711 319 110 634 
712 411 414 415 
713 77 299 636 
714 371 376 602 
715 116 117 688 
716 75 76 637 
717 108 109 638 
718 494 370 602 
719 354 578 732 
720 297 593 781 
721 547 511 721 
722 474 626 792 
723 355 357 358 
724 358 359 370 
725 357 356 377 
726 358 357 359 
727 413 448 449 
728 83 664 801 
729 631 632 765 
730 465 455 598 
731 345 349 360 
732 663 559 758 
733 377 465 518 
734 333 332 334 
735 476 378 744 
736 452 1 746 
737 67 693 795 
738 112 113 618 
739 578 555 732 
740 593 669 736 
741 433 551 698 
742 403 405 706 
743 625 471 774 
744 561 300 773 
745 359 357 601 
746 357 377 601 
747 340 341 342 
748 69 70 603 
749 656 478 758 
750 374 359 601 
751 72 73 588 
752 372 369 373 
753 454 495 621 
754 330 441 442 
755 281 640 641 
756 626 542 627 
757 670 723 724 
758 355 356 357 
759 701 381 763 
760 355 350 356 
761 55 56 519 
762 400 417 582 
763 388 387 389 
764 335 535 768 
765 384 382 608 
766 414 454 671 
767 424 459 461 
768 51 52 585 
769 54 55 395 
770 409 408 410 
771 377 518 601 
772 303 91 718 
773 322 561 773 
774 630 430 802 
775 586 584 620 
776 479 440 633 
777 606 506 702 
778 632 665 765 
779 469 375 669 
780 429 630 749 
781 394 396 397 
782 110 111 634 
783 39 40 629 
784 464 535 720 
785 563 656 758 
786 76 77 636 
787 109 319 638 
788 73 539 588 
789 619 683 684 
790 342 343 351 
791 581 26 725 
792 333 334 335 
793 58 59 597 
794 307 619 784 
795 401 399 402 
796 354 350 355 
797 470 420 475 
798 417 395 418 
799 71 72 293 
800 349 350 354 
801 392 390 393 
802 107 5 742 
803 5 82 742 
804 126 8 743 
805 8 101 743 
806 392 394 790 
807 70 71 610 
808 569 567 783 
809 499 498 584 
810 420 404 687 
811 636 299 710 
812 558 581 702 
813 68 69 294 
814 442 443 450 
815 60 61 616 
816 467 422 547 
817 544 668 761 
818 512 548 589 
819 311 591 778 
820 421 510 511 
821 508 652 712 
822 324 682 779 
823 50 51 565 
824 352 490 512 
825 502 576 756 
826 626 474 803 
827 340 339 341 
828 425 419 500 
829 520 464 720 
830 100 6 752 
831 6 75 752 
832 81 7 753 
833 7 108 753 
834 525 384 526 
835 349 346 350 
836 599 488 710 
837 454 621 671 
838 468 700 763 
839 660 392 790 
840 655 487 696 
841 605 609 685 
842 430 431 432 
843 383 525 605 
844 76 636 637 
845 345 346 349 
846 491 543 691 
847 342 341 343 
848 458 670 696 
849 360 556 759 
850 671 483 715 
851 570 569 783 
852 49 50 279 
853 648 649 695 
854 697 600 786 
855 321 83 801 
856 477 563 607 
857 670 458 723 
858 505 508 674 
859 449 498 499 
860 288 116 688 
861 57 58 289 
862 562 479 631 
863 301 579 721 
864 651 316 728 
865 38 39 282 
866 345 344 346 
867 37 38 642 
868 343 341 344 
869 46 47 611 
870 375 374 669 
871 486 530 630 
872 343 344 345 
873 515 636 710 
874 310 2 646 
875 44 45 623 
876 451 412 660 
877 536 644 645 
878 512 490 548 
879 92 291 760 
880 421 511 677 
881 367 368 369 
882 353 1 452 
883 293 72 588 
884 338 336 667 
885 383 384 525 
886 532 599 767 
887 490 489 493 
888 447 576 674 
889 635 504 706 
890 584 295 620 
891 35 36 648 
892 557 448 692 
893 36 37 314 
894 365 366 367 
895 59 60 305 
896 47 48 306 
897 61 62 290 
898 411 410 414 
899 394 393 396 
900 503 522 762 
901 579 547 721 
902 393 390 686 
903 549 289 639 
904 498 557 619 
905 575 297 781 
906 41 42 281 
907 15 16 287 
908 45 46 280 
909 519 56 549 
910 40 310 629 
911 609 471 766 
912 296 697 786 
913 511 564 721 
914 321 560 742 
915 433 484 551 
916 561 322 743 
917 607 563 758 
918 30 31 651 
919 34 35 283 
920 29 30 284 
921 328 326 703 
922 429 657 789 
923 42 43 640 
924 32 33 654 
925 467 547 579 
926 383 382 384 
927 16 17 650 
928 31 32 316 
929 471 625 754 
930 43 44 313 
931 494 600 697 
932 33 34 647 
933 603 70 610 
934 668 476 708 
935 28 29 661 
936 24 25 285 
937 294 69 603 
938 576 505 674 
939 18 19 662 
940 20 21 659 
941 557 692 771 
942 19 20 286 
943 379 373 471 
944 701 303 722 
945 23 24 663 
946 17 18 480 
947 27 28 507 
948 403 404 405 
949 475 420 687 
950 21 22 656 
951 22 23 478 
952 351 608 729 
953 368 366 382 
954 604 492 788 
955 348 362 363 
956 547 422 716 
957 487 655 713 
958 403 402 404 
959 71 293 610 
960 337 338 339 
961 352 489 490 
962 559 607 758 
963 583 523 796 
964 67 68 693 
965 644 360 645 
966 352 338 489 
967 560 107 742 
968 68 294 693 
969 101 561 743 
970 522 670 724 
971 454 467 495 
972 415 671 715 
973 577 494 697 
974 609 309 774 
975 405 407 408 
976 517 583 695 
977 48 49 709 
978 718 493 722 
979 618 577 697 
980 548 490 679 
981 407 404 420 
982 391 413 711 
983 674 508 712 
984 414 422 454 
985 367 366 368 
986 454 422 467 
987 296 618 697 
988 631 479 632 
989 669 374 736 
990 389 533 580 
991 413 449 711 
992 624 530 641 
993 2 41 646 
994 433 431 483 
995 511 510 564 
996 352 512 672 
997 474 675 803 
998 693 294 788 
999 335 336 337 
1000 339 338 352 
1001 559 509 607 
1002 363 364 365 
1003 282 39 629 
1004 399 397 406 
1005 700 303 701 
1006 539 292 772 
1007 464 516 535 
1008 513 572 699 
1009 490 493 679 
1010 383 605 685 
1011 62 63 622 
1012 368 382 383 
1013 294 603 604 
1014 421 420 470 
1015 528 496 739 
1016 430 428 431 
1017 470 475 676 
1018 582 461 658 
1019 601 518 736 
1020 537 625 774 
1021 492 534 788 
1022 610 293 668 
1023 508 606 748 
1024 289 58 597 
1025 529 707 777 
1026 580 533 800 
1027 599 710 767 
1028 337 336 338 
1029 414 410 422 
1030 501 450 502 
1031 365 364 366 
1032 626 627 792 
1033 53 3 400 
1034 652 651 728 
1035 556 554 759 
1036 407 420 421 
1037 82 321 742 
1038 322 126 743 
1039 432 431 433 
1040 653 727 775 
1041 390 389 686 
1042 510 470 538 
1043 488 515 710 
1044 531 580 800 
1045 666 746 780 
1046 303 718 722 
1047 327 330 726 
1048 59 305 597 
1049 515 514 730 
1050 437 435 460 
1051 341 339 672 
1052 361 464 520 
1053 330 442 726 
1054 335 334 336 
1055 496 596 739 
1056 489 338 667 
1057 305 60 616 
1058 52 53 573 
1059 389 387 533 
1060 635 513 699 
1061 405 404 407 
1062 421 470 510 
1063 396 393 473 
1064 553 556 732 
1065 418 423 424 
1066 473 393 686 
1067 425 500 545 
1068 658 570 783 
1069 433 483 484 
1070 344 341 672 
1071 471 609 774 
1072 334 332 381 
1073 551 484 587 
1074 534 693 788 
1075 499 584 586 
1076 534 586 795 
1077 449 499 521 
1078 61 290 616 
1079 396 473 474 
1080 512 589 755 
1081 38 282 642 
1082 541 626 803 
1083 619 557 784 
1084 698 551 782 
1085 497 633 793 
1086 591 320 730 
1087 47 306 611 
1088 474 473 675 
1089 615 612 731 
1090 52 573 585 
1091 492 604 744 
1092 439 437 681 
1093 64 65 683 
1094 389 580 686 
1095 348 363 772 
1096 408 407 677 
1097 614 612 615 
1098 45 280 623 
1099 75 637 752 
1100 314 37 642 
1101 108 638 753 
1102 26 27 725 
1103 339 352 672 
1104 280 46 611 
1105 279 50 565 
1106 493 489 722 
1107 364 362 466 
1108 279 566 571 
1109 467 579 678 
1110 369 368 685 
1111 49 279 709 
1112 348 361 362 
1113 449 521 711 
1114 647 583 654 
1115 382 366 717 
1116 363 362 364 
1117 36 314 648 
1118 495 467 678 
1119 419 395 519 
1120 397 396 705 
1121 347 1 353 
1122 407 421 677 
1123 476 604 708 
1124 538 470 676 
1125 442 450 501 
1126 313 44 623 
1127 727 325 775 
1128 501 502 653 
1129 320 100 752 
1130 595 81 753 
1131 483 431 715 
1132 14 15 714 
1133 629 546 797 
1134 283 35 648 
1135 661 284 748 
1136 281 42 640 
1137 665 632 666 
1138 667 336 735 
1139 43 313 640 
1140 317 757 779 
1141 621 304 734 
1142 424 458 459 
1143 374 601 736 
1144 586 620 795 
1145 485 643 733 
1146 280 612 613 
1147 580 531 741 
1148 299 590 767 
1149 279 571 709 
1150 504 487 713 
1151 306 48 709 
1152 594 311 778 
1153 604 603 708 
1154 434 486 802 
1155 284 30 651 
1156 34 283 647 
1157 31 316 651 
1158 410 408 716 
1159 653 502 737 
1160 316 32 654 
1161 287 16 650 
1162 280 613 623 
1163 310 646 707 
1164 33 647 654 
1165 29 284 661 
1166 461 459 462 
1167 406 690 785 
1168 418 395 419 
1169 634 296 786 
1170 422 410 716 
1171 630 530 749 
1172 507 702 725 
1173 406 397 705 
1174 565 51 585 
1175 344 672 755 
1176 368 383 685 
1177 562 631 764 
1178 672 512 755 
1179 535 516 768 
1180 17 480 650 
1181 462 459 487 
1182 24 285 663 
1183 588 524 761 
1184 546 481 733 
1185 507 28 661 
1186 3 54 417 
1187 333 335 768 
1188 286 20 659 
1189 19 286 662 
1190 461 462 463 
1191 432 433 698 
1192 480 18 662 
1193 21 656 659 
1194 478 23 663 
1195 22 478 656 
1196 632 479 633 
1197 664 495 801 
1198 348 347 361 
1199 41 281 646 
1200 423 419 425 
1201 63 64 307 
1202 290 62 622 
1203 379 471 754 
1204 642 282 643 
1205 637 320 752 
1206 638 595 753 
1207 442 501 726 
1208 500 549 639 
1209 616 290 617 
1210 685 609 766 
1211 471 373 766 
1212 717 466 729 
1213 387 385 704 
1214 692 448 787 
1215 424 423 458 
1216 648 314 649 
1217 435 432 698 
1218 466 673 729 
1219 292 347 348 
1220 395 55 519 
1221 600 528 786 
1222 604 476 744 
1223 332 328 703 
1224 27 507 725 
1225 324 653 737 
1226 284 651 652 
1227 665 666 780 
1228 346 344 755 
1229 679 493 760 
1230 603 610 708 
1231 369 685 766 
1232 418 419 423 
1233 459 458 696 
1234 396 474 705 
1235 409 635 706 
1236 437 460 681 
1237 65 66 684 
1238 316 654 796 
1239 280 611 612 
1240 614 615 657 
1241 687 402 785 
1242 668 293 761 
1243 284 652 748 
1244 733 643 797 
1245 281 641 777 
1246 712 652 728 
1247 727 324 757 
1248 462 487 504 
1249 408 677 716 
1250 610 668 708 
1251 710 299 767 
1252 681 460 682 
1253 385 379 754 
1254 287 650 665 
1255 689 666 776 
1256 451 660 762 
1257 690 687 785 
1258 614 657 749 
1259 613 612 614 
1260 428 415 715 
1261 625 704 754 
1262 653 324 727 
1263 533 387 704 
1264 528 634 786 
1265 495 678 801 
1266 399 406 785 
1267 628 542 773 
1268 373 369 766 
1269 431 428 715 
1270 366 364 717 
1271 702 581 725 
1272 564 510 751 
1273 568 569 572 
1274 487 459 696 
1275 728 316 796 
1276 279 565 566 
1277 510 538 751 
1278 568 567 569 
1279 302 675 741 
1280 460 435 698 
1281 681 737 756 
1282 484 483 734 
1283 567 565 585 
1284 13 14 453 
1285 381 332 703 
1286 566 565 567 
1287 645 360 759 
1288 15 287 714 
1289 666 689 746 
1290 400 582 658 
1291 475 687 690 
1292 489 667 722 
1293 521 499 719 
1294 499 586 719 
1295 439 681 756 
1296 587 484 738 
1297 654 583 796 
1298 546 733 797 
1299 737 502 756 
1300 293 588 761 
1301 386 745 770 
1302 566 567 568 
1303 291 679 760 
1304 336 334 735 
1305 576 439 756 
1306 364 466 717 
1307 633 440 793 
1308 719 426 770 
1309 704 385 754 
1310 611 306 731 
1311 660 503 762 
1312 633 497 776 
1313 681 682 737 
1314 334 381 735 
1315 294 604 788 
1316 286 659 750 
1317 675 473 799 
1318 711 521 745 
1319 425 545 724 
1320 423 425 723 
1321 724 545 740 
1322 639 289 791 
1323 682 324 737 
1324 458 423 723 
1325 63 307 622 
1326 493 718 760 
1327 314 642 747 
1328 402 399 785 
1329 289 597 791 
1330 523 712 728 
1331 734 304 738 
1332 642 643 747 
1333 292 348 772 
1334 678 321 801 
1335 682 460 782 
1336 484 734 738 
1337 307 64 683 
1338 585 573 783 
1339 323 727 757 
1340 381 703 763 
1341 503 660 790 
1342 643 282 797 
1343 741 675 799 
1344 282 629 797 
1345 649 314 747 
1346 486 630 802 
1347 723 425 724 
1348 522 724 740 
1349 501 653 775 
1350 497 689 776 
1351 662 286 764 
1352 612 611 731 
1353 650 480 765 
1354 557 771 784 
1355 646 281 777 
1356 460 698 782 
1357 693 534 795 
1358 683 65 684 
1359 66 4 295 
1360 707 646 777 
1361 580 741 799 
1362 66 295 684 
1363 689 452 746 
1364 632 633 776 
1365 617 290 771 
1366 675 302 803 
1367 666 632 776 
1368 665 650 765 
1369 779 682 782 
1370 726 501 775 
1371 705 474 792 
1372 521 719 770 
1373 745 521 770 
1374 290 622 771 
1375 567 585 783 
1376 286 750 764 
1377 522 740 762 
1378 473 686 799 
1379 686 580 799 
1380 453 14 714 
1381 491 692 787 
1382 733 481 769 
1383 793 440 794 
1384 287 665 780 
1385 523 728 796 
1386 485 733 769 
1387 740 451 762 
1388 714 287 780 
1389 551 779 782 
1390 622 307 784 
1391 771 622 784 
1392 329 793 794 
1393 750 562 764 
1394 463 462 504 
2 16 2 4238
1395 1200 1911 2456 
1396 1775 2070 2543 
1397 823 1894 1961 
1398 911 1886 2008 
1399 2276 1128 2282 
1400 910 2079 2414 
1401 1853 808 1895 
1402 2331 1972 2596 
1403 2208 1482 2321 
1404 2237 2208 2321 
1405 1856 920 1915 
1406 1718 2378 2379 
1407 2225 1711 2232 
1408 1314 1064 2519 
1409 1789 1923 2002 
1410 1857 893 2122 
1411 1058 1962 2129 
1412 1892 1362 1917 
1413 2070 1775 2512 
1414 1615 1444 1964 
1415 1962 1935 2129 
1416 1877 912 2427 
1417 2136 1160 2458 
1418 1925 1400 2004 
1419 1911 1200 2389 
1420 1452 100 1833 
1421 1898 1710 2511 
1422 989 1909 2299 
1423 1310 1869 2707 
1424 1834 1835 2009 
1425 1710 2079 2511 
1426 1813 1925 2004 
1427 2493 2640 2669 
1428 6 100 1452 
1429 1923 1130 2002 
1430 1511 2034 2118 
1431 1615 1964 1967 
1432 2436 2431 2685 
1433 2127 2276 2282 
1434 808 1853 2675 
1435 2000 1879 2747 
1436 1859 805 1861 
1437 2225 2232 2527 
1438 2076 5 2515 
1439 1869 1310 2351 
1440 2378 2078 2379 
1441 2203 1704 2260 
1442 1899 1289 1984 
1443 1999 2340 2804 
1444 804 2096 2549 
1445 1987 2069 2435 
1446 2180 2063 2452 
1447 2096 804 2557 
1448 2207 1553 2247 
1449 1843 2475 2476 
1450 1160 2136 2503 
1451 1500 2103 2116 
1452 1650 2069 2486 
1453 2020 1552 2415 
1454 1901 1072 2121 
1455 893 1857 2123 
1456 920 1856 2151 
1457 1736 2179 2541 
1458 1909 1847 2299 
1459 2031 2029 2262 
1460 2475 841 2476 
1461 2348 2017 2529 
1462 1917 839 2552 
1463 2034 1511 2117 
1464 2352 1849 2699 
1465 2079 1710 2414 
1466 2016 2076 2515 
1467 1900 1901 2121 
1468 2351 1310 2398 
1469 2389 1200 2451 
1470 804 2549 2558 
1471 1929 1314 2519 
1472 2105 1830 2106 
1473 1106 2302 2710 
1474 1786 1785 2072 
1475 2072 1785 2639 
1476 1647 2486 2498 
1477 829 2331 2596 
1478 2026 1792 2401 
1479 2013 2389 2451 
1480 2009 1835 2726 
1481 1984 2324 2502 
1482 1666 1667 2422 
1483 1901 2351 2398 
1484 2179 2256 2541 
1485 1363 2000 2747 
1486 266 2352 2699 
1487 1106 2023 2302 
1488 840 1999 2804 
1489 1297 1961 2576 
1490 1904 1347 2649 
1491 1977 1783 2712 
1492 824 2003 2535 
1493 1080 2395 2417 
1494 2549 2304 2558 
1495 2244 2217 2487 
1496 1921 806 2550 
1497 823 1961 2432 
1498 1660 2352 2397 
1499 2069 1993 2486 
1500 2028 1784 2350 
1501 1786 2431 2436 
1502 1783 1977 2440 
1503 1834 2010 2478 
1504 2031 2262 2681 
1505 1844 1451 1908 
1506 1299 2348 2529 
1507 1552 2020 2414 
1508 2324 827 2502 
1509 2395 1906 2417 
1510 805 1859 1985 
1511 2486 1771 2498 
1512 1917 1362 2504 
1513 1100 1887 2113 
1514 2225 2527 2668 
1515 2338 1299 2529 
1516 2469 2049 2653 
1517 1123 2469 2653 
1518 2465 1741 2531 
1519 1713 1900 2121 
1520 2069 1650 2435 
1521 1999 1677 2340 
1522 1902 898 2123 
1523 831 2119 2326 
1524 1884 997 2211 
1525 1121 1124 2053 
1526 2379 1675 2447 
1527 2329 2596 2736 
1528 2134 1544 2136 
1529 2059 1611 2109 
1530 1689 2111 2291 
1531 2306 1795 2433 
1532 1586 1704 2230 
1533 1314 2562 2587 
1534 2338 2529 2702 
1535 2327 1991 2328 
1536 2003 2306 2535 
1537 1918 1917 2552 
1538 2386 1639 2476 
1539 1723 2177 2564 
1540 912 1877 2530 
1541 1293 1991 2327 
1542 1308 2506 2539 
1543 957 2046 2697 
1544 2438 2180 2452 
1545 1959 826 2334 
1546 825 1910 2333 
1547 2512 1775 2622 
1548 2562 1962 2587 
1549 1900 1713 2074 
1550 2195 2197 2520 
1551 1660 1849 2352 
1552 1753 2468 2737 
1553 1778 2144 2589 
1554 2572 2099 2660 
1555 1753 1752 2468 
1556 2298 2021 2710 
1557 2640 1842 2669 
1558 948 950 2293 
1559 1247 2512 2622 
1560 1918 2599 2696 
1561 911 2008 2320 
1562 2199 2198 2510 
1563 1292 2056 2325 
1564 2326 2119 2659 
1565 2007 1873 2015 
1566 1897 1227 2494 
1567 2236 2052 2810 
1568 1452 1834 2478 
1569 1511 1829 2117 
1570 1987 1199 2069 
1571 1089 1087 2364 
1572 2210 2201 2487 
1573 1961 1297 2432 
1574 1887 1100 2717 
1575 1000 2572 2660 
1576 256 257 2176 
1577 1544 2134 2135 
1578 2723 1777 2756 
1579 1385 1282 2137 
1580 2111 1082 2291 
1581 2207 2247 2585 
1582 1879 2000 2060 
1583 1784 2028 2691 
1584 843 2062 2063 
1585 1747 2189 2600 
1586 2046 957 2293 
1587 806 1921 2630 
1588 1896 909 2022 
1589 2189 1747 2571 
1590 2273 1795 2306 
1591 1902 2123 2148 
1592 1704 2203 2588 
1593 1908 1451 1976 
1594 915 2026 2401 
1595 1903 1363 2747 
1596 2177 1723 2533 
1597 1788 2412 2449 
1598 1858 2236 2810 
1599 1890 1541 2663 
1600 997 1884 2739 
1601 1677 1999 2006 
1602 1821 2465 2531 
1603 1825 2458 2467 
1604 1879 1526 2722 
1605 2509 1499 2556 
1606 1097 1854 2564 
1607 2412 1205 2449 
1608 1443 2379 2447 
1609 1920 1110 1921 
1610 2325 2056 2676 
1611 180 181 2216 
1612 1576 1525 2060 
1613 1541 1890 2473 
1614 1854 1097 2670 
1615 1959 2334 2698 
1616 1886 911 2689 
1617 2599 1521 2696 
1618 909 1896 2508 
1619 1651 2127 2573 
1620 1347 2516 2649 
1621 1124 1138 2053 
1622 1503 1726 1975 
1623 1984 1289 2324 
1624 1500 2116 2387 
1625 1880 2628 2641 
1626 1924 1880 2641 
1627 1844 1908 2770 
1628 1890 1680 2473 
1629 1454 1828 1994 
1630 2343 2219 2644 
1631 1289 1899 2170 
1632 2217 1265 2487 
1633 1913 1240 2125 
1634 2427 912 2518 
1635 1363 1903 2291 
1636 950 1992 2293 
1637 2006 906 2463 
1638 1961 1774 2576 
1639 2227 1806 2228 
1640 830 2153 2322 
1641 2224 2225 2668 
1642 2217 2244 2595 
1643 2366 2035 2669 
1644 931 1905 2496 
1645 1747 2600 2607 
1646 1746 1747 2607 
1647 2117 1829 2401 
1648 2016 1628 2076 
1649 1727 1586 2230 
1650 1986 1854 2670 
1651 1699 2307 2426 
1652 843 133 2597 
1653 2020 910 2414 
1654 1845 1666 2422 
1655 2506 1831 2539 
1656 2106 1830 2569 
1657 2005 1440 2581 
1658 1834 2009 2010 
1659 2091 958 2093 
1660 907 2032 2361 
1661 2021 1106 2710 
1662 2458 1160 2467 
1663 898 1902 2124 
1664 1875 1795 2273 
1665 2581 1440 2617 
1666 2394 2361 2681 
1667 2226 1806 2227 
1668 1926 1798 2231 
1669 2197 1346 2520 
1670 2323 2466 2701 
1671 1986 2670 2753 
1672 1996 1263 1998 
1673 1227 1224 2494 
1674 2201 1678 2487 
1675 1912 1576 2139 
1676 2275 2488 2553 
1677 2068 2151 2665 
1678 919 2219 2343 
1679 1909 989 2356 
1680 2007 2015 2740 
1681 1903 1689 2291 
1682 1879 2722 2747 
1683 2055 1876 2140 
1684 1319 2160 2161 
1685 2198 1589 2510 
1686 2322 2153 2693 
1687 1557 2042 2360 
1688 2228 1571 2627 
1689 1990 2723 2756 
1690 1658 1656 2397 
1691 2493 2669 2766 
1692 1611 2059 2814 
1693 950 954 1992 
1694 1130 1923 2470 
1695 809 2212 2213 
1696 1525 1879 2060 
1697 1502 1495 2051 
1698 2431 907 2685 
1699 2064 2509 2556 
1700 1894 823 2702 
1701 2596 1974 2736 
1702 2463 906 2809 
1703 1571 2228 2684 
1704 1543 1544 2135 
1705 2473 1680 2551 
1706 1110 1920 1922 
1707 1302 1906 2363 
1708 1831 2506 2528 
1709 2203 2260 2537 
1710 843 2063 2632 
1711 2329 829 2596 
1712 1235 1928 2780 
1713 256 2176 2732 
1714 1810 1831 2528 
1715 1159 1538 1927 
1716 1072 1901 2398 
1717 958 2091 2094 
1718 1994 1828 2430 
1719 1658 2075 2415 
1720 1282 1171 2137 
1721 1667 2421 2422 
1722 2134 2136 2458 
1723 1235 1927 1928 
1724 1429 1503 1975 
1725 2333 1910 2430 
1726 2151 1856 2665 
1727 1861 805 2514 
1728 1319 2161 2383 
1729 1970 833 2802 
1730 2656 1989 2754 
1731 1390 1847 1919 
1732 2127 2282 2573 
1733 1064 1109 2519 
1734 2123 1857 2148 
1735 957 948 2293 
1736 1927 1538 1928 
1737 2018 1082 2111 
1738 1971 1559 1972 
1739 1104 2035 2366 
1740 1553 2207 2544 
1741 2161 1526 2672 
1742 2042 2041 2360 
1743 2084 2089 2095 
1744 1719 1543 2135 
1745 1362 1892 2534 
1746 1169 2067 2349 
1747 1264 2213 2257 
1748 1894 1548 1960 
1749 1742 2160 2420 
1750 2136 2137 2546 
1751 1087 1302 2364 
1752 1799 2386 2476 
1753 2323 1294 2466 
1754 1915 920 1916 
1755 2074 1713 2297 
1756 180 2216 2733 
1757 2064 843 2597 
1758 1714 1909 2356 
1759 1560 1559 1971 
1760 1960 1774 1961 
1761 1526 2161 2722 
1762 1973 1523 1974 
1763 1958 2625 2643 
1764 1131 1130 2470 
1765 2144 1778 2608 
1766 1714 2356 2426 
1767 2503 2136 2546 
1768 1889 961 2635 
1769 1347 1904 2626 
1770 1821 2531 2714 
1771 1956 1958 2643 
1772 1677 2006 2463 
1773 1842 2366 2669 
1774 1975 2466 2736 
1775 1894 1960 1961 
1776 1379 2593 2657 
1777 1283 1914 2654 
1778 1969 1620 1970 
1779 1905 931 2645 
1780 2488 1694 2553 
1781 1817 2656 2754 
1782 2063 2180 2632 
1783 832 2327 2328 
1784 1633 2126 2344 
1785 2075 2020 2415 
1786 834 2628 2728 
1787 2555 1802 2639 
1788 1524 1523 1973 
1789 1974 1975 2736 
1790 1596 2005 2581 
1791 2177 1097 2564 
1792 961 1889 2703 
1793 1544 1385 2137 
1794 833 1970 2330 
1795 2126 1147 2344 
1796 822 2347 2808 
1797 1964 1444 1965 
1798 1875 2273 2480 
1799 2144 811 2589 
1800 1715 2361 2394 
1801 2005 1596 2718 
1802 1214 2059 2109 
1803 1906 1302 2417 
1804 2628 1880 2728 
1805 1311 2033 2483 
1806 907 147 2032 
1807 2072 145 2431 
1808 954 979 1992 
1809 1541 2047 2663 
1810 1786 2072 2431 
1811 1445 1454 1994 
1812 1972 2331 2811 
1813 1639 1843 2476 
1814 1916 2098 2629 
1815 251 2174 2501 
1816 1988 1461 1989 
1817 1502 2051 2236 
1818 2160 1319 2420 
1819 816 2227 2228 
1820 1926 1340 2636 
1821 1902 1705 2124 
1822 1830 2105 2735 
1823 1145 2043 2044 
1824 1703 2540 2548 
1825 2531 2011 2714 
1826 2033 1668 2483 
1827 1640 1638 1976 
1828 1914 1283 2626 
1829 894 893 2123 
1830 2067 1762 2349 
1831 2051 2052 2236 
1832 2098 1916 2720 
1833 2550 806 2615 
1834 1638 1908 1976 
1835 1702 1703 2548 
1836 1896 1709 2508 
1837 1896 2022 2241 
1838 2034 2033 2574 
1839 1330 2457 2499 
1840 1303 1399 2118 
1841 1538 1157 1977 
1842 2269 1699 2426 
1843 898 894 2123 
1844 936 934 2010 
1845 1621 1620 1969 
1846 1482 2208 2537 
1847 1548 1474 1960 
1848 1330 1911 2457 
1849 2188 2189 2561 
1850 2174 1800 2501 
1851 2122 893 2789 
1852 1911 1330 2456 
1853 996 953 2120 
1854 1162 1159 1927 
1855 1116 1461 1988 
1856 1109 1907 2519 
1857 148 2030 2032 
1858 2332 1717 2779 
1859 1240 1913 2434 
1860 2561 2189 2571 
1861 2656 1815 2687 
1862 1640 1976 2008 
1863 1145 1142 2043 
1864 1582 2625 2680 
1865 1761 1760 1983 
1866 2010 934 2478 
1867 1240 1174 2125 
1868 1203 1199 1987 
1869 2044 1827 2655 
1870 1859 1661 1985 
1871 2263 2522 2542 
1872 2192 2540 2604 
1873 2570 1888 2805 
1874 1138 2052 2053 
1875 1843 1886 2475 
1876 2304 2090 2567 
1877 907 2361 2685 
1878 1486 2055 2140 
1879 2230 1704 2588 
1880 1792 2026 2694 
1881 2078 1675 2379 
1882 1120 1358 1995 
1883 1661 1878 1985 
1884 2377 2065 2459 
1885 1679 2343 2644 
1886 1926 2231 2683 
1887 1711 2225 2460 
1888 925 2106 2569 
1889 1228 1227 1982 
1890 1601 1602 2057 
1891 1399 1511 2118 
1892 2075 1658 2397 
1893 1766 1899 1984 
1894 839 1917 2504 
1895 2096 2095 2549 
1896 2347 822 2679 
1897 1656 1660 2397 
1898 1662 2074 2297 
1899 1150 1149 1990 
1900 1785 2555 2639 
1901 2124 1705 2357 
1902 2347 1749 2534 
1903 1195 1247 1993 
1904 1418 2304 2567 
1905 1125 1243 2002 
1906 2593 1925 2657 
1907 979 1978 1992 
1908 2018 1685 2112 
1909 1538 1977 2712 
1910 1882 2347 2534 
1911 1978 979 2081 
1912 2480 1331 2719 
1913 1886 1640 2008 
1914 1726 1601 2153 
1915 2522 891 2542 
1916 2713 1972 2811 
1917 2307 1714 2426 
1918 1554 1889 2635 
1919 1182 1246 2011 
1920 1908 2449 2770 
1921 2136 1544 2137 
1922 1514 2012 2013 
1923 1363 1085 2000 
1924 2014 2013 2372 
1925 2034 2574 2666 
1926 2030 2031 2032 
1927 1204 1210 2014 
1928 2208 2237 2544 
1929 1522 2048 2049 
1930 1719 2135 2138 
1931 914 2570 2805 
1932 1298 2306 2433 
1933 2457 2407 2499 
1934 2036 1706 2516 
1935 148 149 2030 
1936 1899 1983 2170 
1937 1817 1815 2656 
1938 921 926 2100 
1939 264 906 2006 
1940 1919 1537 2768 
1941 1998 1263 2706 
1942 2269 1007 2472 
1943 2103 2115 2116 
1944 926 1091 2100 
1945 1254 1306 2038 
1946 2083 2084 2095 
1947 2687 1745 2704 
1948 1884 2211 2585 
1949 2372 2013 2451 
1950 1210 1253 2014 
1951 1615 1967 1968 
1952 1135 1287 2041 
1953 2511 844 2762 
1954 2527 1725 2668 
1955 2411 233 2777 
1956 1186 1236 2070 
1957 842 2027 2028 
1958 2054 996 2120 
1959 1576 1912 2776 
1960 1404 1675 2077 
1961 1112 936 2010 
1962 1921 1110 2630 
1963 2110 1331 2480 
1964 953 949 2120 
1965 1620 1560 1971 
1966 1685 2018 2111 
1967 1103 2019 2075 
1968 2009 1112 2010 
1969 1256 2061 2285 
1970 2047 1541 2664 
1971 1898 2511 2762 
1972 1495 1522 2051 
1973 1760 1630 2016 
1974 1514 1515 2012 
1975 2757 1858 2810 
1976 1227 1897 2749 
1977 2222 1746 2607 
1978 1819 1506 2110 
1979 925 2569 2737 
1980 1734 2080 2318 
1981 1169 1167 2067 
1982 1850 2616 2661 
1983 1611 1244 2109 
1984 1542 2083 2095 
1985 809 2213 2690 
1986 2276 1858 2757 
1987 1626 1624 1885 
1988 2166 1997 2748 
1989 1971 1972 2713 
1990 1103 268 2019 
1991 141 1106 2021 
1992 137 1105 2022 
1993 143 913 2023 
1994 246 911 2024 
1995 242 914 2025 
1996 915 239 2026 
1997 1522 1493 2048 
1998 1356 1357 1445 
1999 1672 1695 2320 
2000 842 150 2027 
2001 1248 1249 1356 
2002 1167 1165 1235 
2003 1104 152 2035 
2004 1523 1429 1975 
2005 1542 2095 2096 
2006 2475 1886 2689 
2007 2198 2195 2520 
2008 1717 2332 2605 
2009 1630 1628 2016 
2010 147 148 2032 
2011 853 851 2098 
2012 2201 2199 2510 
2013 816 2228 2627 
2014 1559 1524 1973 
2015 1907 1109 2563 
2016 1699 2269 2472 
2017 2625 1958 2680 
2018 1746 2222 2621 
2019 2001 1308 2220 
2020 1308 2001 2506 
2021 2008 1672 2320 
2022 237 2105 2106 
2023 951 1924 2641 
2024 1601 2057 2153 
2025 1473 1506 1774 
2026 2352 1103 2397 
2027 2044 1561 2633 
2028 1238 1208 2073 
2029 1766 1764 1899 
2030 1454 1567 1828 
2031 1542 1093 2083 
2032 1522 2049 2050 
2033 1234 1244 1328 
2034 2361 2031 2681 
2035 1328 1331 2110 
2036 1244 1219 2109 
2037 1768 1766 1984 
2038 1195 1193 1247 
2039 1265 2210 2487 
2040 2078 2378 2697 
2041 1327 1369 1429 
2042 1445 1357 1454 
2043 1506 1395 2110 
2044 1356 1249 1357 
2045 890 2377 2459 
2046 2103 1500 2794 
2047 1155 1153 1239 
2048 1287 1288 1327 
2049 1828 1567 1959 
2050 1236 1184 2011 
2051 1429 1369 1503 
2052 1141 2041 2042 
2053 1327 1288 1369 
2054 2485 2102 2729 
2055 2062 843 2064 
2056 2080 1048 2318 
2057 1176 1174 1240 
2058 1089 2364 2462 
2059 2013 2012 2389 
2060 1461 1114 2009 
2061 1774 1506 1818 
2062 1496 1445 1607 
2063 1248 1211 1249 
2064 1796 2224 2668 
2065 1079 1082 2018 
2066 2087 2092 2099 
2067 1624 1621 1969 
2068 1794 1607 1910 
2069 1881 1757 2017 
2070 1457 2036 2037 
2071 1503 1601 1726 
2072 2127 1782 2276 
2073 1208 1201 2073 
2074 1975 1726 2466 
2075 1250 1232 1251 
2076 238 915 2105 
2077 1328 1244 1331 
2078 1788 2073 2413 
2079 1608 1607 1794 
2080 1754 1548 1894 
2081 1398 1312 2112 
2082 1358 1118 1988 
2083 135 909 2104 
2084 1390 1919 2750 
2085 1212 1211 1248 
2086 2611 2252 2620 
2087 1473 1395 1506 
2088 1382 2339 2673 
2089 1757 1755 2017 
2090 1287 1134 1288 
2091 1114 1112 2009 
2092 1197 1195 1993 
2093 1924 951 2652 
2094 1549 1548 1754 
2095 2097 2093 2745 
2096 1243 1122 1995 
2097 2067 1235 2524 
2098 1537 1478 2768 
2099 1256 227 2061 
2100 1375 1328 1395 
2101 2125 1169 2349 
2102 2021 2298 2518 
2103 1415 1404 2077 
2104 1234 1219 1244 
2105 1396 1395 1473 
2106 1130 1127 2002 
2107 1118 1116 1988 
2108 1153 1150 1990 
2109 1314 1929 2562 
2110 1220 1219 1234 
2111 1875 2480 2719 
2112 1529 1588 1838 
2113 2084 2086 2089 
2114 1014 1016 2220 
2115 1141 1137 2041 
2116 958 2094 2098 
2117 1744 1816 2119 
2118 1764 1761 1983 
2119 1691 1751 1911 
2120 1521 1277 2038 
2121 1307 996 2054 
2122 1742 1688 2160 
2123 2019 910 2020 
2124 2036 1753 2037 
2125 1719 2138 2281 
2126 1233 1232 1250 
2127 1122 1120 1995 
2128 1248 2058 2059 
2129 2101 274 2115 
2130 1121 2053 2752 
2131 2103 2101 2115 
2132 1127 1125 2002 
2133 1254 1250 1306 
2134 2743 1833 2793 
2135 1277 1254 2038 
2136 1137 1135 2041 
2137 2022 1105 2241 
2138 1389 1681 2081 
2139 1628 1626 2076 
2140 1317 1374 2107 
2141 2000 1283 2060 
2142 2108 1850 2661 
2143 1184 1182 2011 
2144 2004 2005 2662 
2145 1207 1203 1211 
2146 2048 1839 2049 
2147 1430 1429 1523 
2148 1155 1239 1977 
2149 1116 1114 1461 
2150 1166 1165 1167 
2151 1239 1153 1990 
2152 2089 2086 2090 
2153 2077 1675 2078 
2154 2259 2582 2584 
2155 1182 1180 1246 
2156 1876 1588 2140 
2157 1592 1594 1691 
2158 1491 1490 1529 
2159 1157 1155 1977 
2160 1922 1920 2342 
2161 1970 1620 1971 
2162 1135 1134 1287 
2163 1474 1473 1960 
2164 1969 1970 2802 
2165 1712 2184 2297 
2166 1415 2045 2047 
2167 1889 1554 2765 
2168 2102 2485 2762 
2169 851 958 2098 
2170 1234 1375 2039 
2171 1547 1474 1548 
2172 1588 1490 2140 
2173 1772 2621 2728 
2174 1218 1216 1219 
2175 1652 1782 2127 
2176 1356 1496 2058 
2177 1685 1398 2112 
2178 1998 816 2627 
2179 1486 2054 2055 
2180 1159 1157 1538 
2181 2355 1852 2717 
2182 2181 1824 2765 
2183 1691 1911 2389 
2184 1529 1839 2048 
2185 1120 1118 1358 
2186 1176 1240 2677 
2187 1823 1757 1881 
2188 1838 1588 1840 
2189 1340 2169 2636 
2190 1816 1817 1991 
2191 1972 1559 1973 
2192 1825 1421 2133 
2193 1743 1744 2119 
2194 2052 2050 2053 
2195 1230 1228 1232 
2196 1085 1088 2000 
2197 1167 1235 2067 
2198 1681 1978 2081 
2199 1088 1283 2000 
2200 1529 1490 1588 
2201 1083 1085 1363 
2202 2213 1264 2690 
2203 1602 1605 2057 
2204 1079 1081 1082 
2205 2241 1848 2791 
2206 1091 1542 2100 
2207 1988 1989 2656 
2208 2540 1703 2604 
2209 1974 1523 1975 
2210 1191 1188 2070 
2211 1605 1606 1743 
2212 1503 1504 1601 
2213 2028 2350 2577 
2214 1226 1224 1227 
2215 1168 1167 1169 
2216 842 2028 2029 
2217 1800 2174 2798 
2218 1968 2082 2807 
2219 1759 1630 1760 
2220 1687 1688 1742 
2221 1489 1487 1490 
2222 1515 1592 2012 
2223 861 859 2068 
2224 2254 2560 2568 
2225 1637 1516 1788 
2226 1165 1162 1927 
2227 1910 825 2700 
2228 1077 2018 2112 
2229 1605 1743 2056 
2230 1125 1122 1243 
2231 1509 1687 2065 
2232 1913 2125 2349 
2233 1713 1712 2297 
2234 1687 1686 1688 
2235 1142 1141 2043 
2236 2099 2092 2660 
2237 1853 1852 2355 
2238 1144 1142 1145 
2239 1558 1524 1559 
2240 1199 1197 2069 
2241 1495 1493 1522 
2242 1451 1672 1976 
2243 1691 1594 1751 
2244 1253 1514 2014 
2245 1374 1536 2107 
2246 1133 1131 1134 
2247 1520 1277 1521 
2248 2232 997 2739 
2249 844 2101 2102 
2250 1140 1137 1141 
2251 1097 2177 2634 
2252 1972 1973 2596 
2253 1129 1127 1130 
2254 1164 1162 1165 
2255 1782 1801 1858 
2256 1216 1214 2109 
2257 2055 2120 2492 
2258 1651 1652 2127 
2259 1625 1624 1626 
2260 1730 2155 2294 
2261 1791 1668 2033 
2262 1356 1445 1496 
2263 2100 2096 2489 
2264 269 910 2019 
2265 912 140 2021 
2266 909 136 2022 
2267 1106 142 2023 
2268 1107 245 2024 
2269 1108 241 2025 
2270 240 1108 2026 
2271 1768 1984 2502 
2272 1088 1090 1283 
2273 151 1104 2027 
2274 1979 1891 2045 
2275 2041 1287 2360 
2276 2188 1702 2548 
2277 1212 1248 2059 
2278 1979 2045 2046 
2279 1232 1228 1982 
2280 2173 1690 2798 
2281 153 814 2035 
2282 1542 2096 2100 
2283 1899 1764 1983 
2284 1312 1075 2112 
2285 1191 2070 2512 
2286 1818 1819 2003 
2287 1508 1398 1509 
2288 1765 1764 1766 
2289 2132 1597 2280 
2290 2146 1956 2643 
2291 1885 1624 1969 
2292 1067 1070 2082 
2293 1308 1014 2220 
2294 1681 1890 1891 
2295 1411 1307 2054 
2296 1340 1926 2683 
2297 1744 1815 1816 
2298 2319 2440 2756 
2299 2017 1755 2529 
2300 1005 2132 2280 
2301 1496 1607 1608 
2302 1186 1184 1236 
2303 1623 1621 1624 
2304 2032 2031 2361 
2305 1473 1774 1960 
2306 925 236 2106 
2307 1192 1191 1193 
2308 1516 1238 2073 
2309 1529 1838 1839 
2310 1234 1328 1375 
2311 1635 1980 1981 
2312 1983 1760 2618 
2313 1175 1174 1176 
2314 1828 1959 2698 
2315 1083 1363 2291 
2316 1457 2037 2399 
2317 1486 1411 2054 
2318 1607 1445 1994 
2319 1077 1079 2018 
2320 1207 1211 1212 
2321 1536 1651 2107 
2322 1608 1794 1795 
2323 1602 1604 1605 
2324 1999 263 2006 
2325 1074 1073 1075 
2326 2378 957 2697 
2327 1477 1411 1486 
2328 2590 1820 2616 
2329 149 842 2030 
2330 1680 1390 2750 
2331 1188 1186 2070 
2332 1763 1761 1764 
2333 1549 1754 1755 
2334 1825 2133 2458 
2335 1247 1193 2512 
2336 1514 2013 2014 
2337 2320 1695 2547 
2338 1681 1680 1890 
2339 1562 1560 1620 
2340 1454 1455 1567 
2341 2288 2158 2367 
2342 840 262 1999 
2343 2155 1044 2294 
2344 1093 1101 2083 
2345 1592 1691 2012 
2346 1452 1833 1834 
2347 1827 2044 2633 
2348 1082 1081 1083 
2349 2024 911 2320 
2350 1435 1844 2419 
2351 1863 1900 2074 
2352 1220 1234 2039 
2353 1248 1356 2058 
2354 228 815 2061 
2355 1918 2552 2599 
2356 1375 1395 1396 
2357 1508 1509 2065 
2358 2531 1741 2543 
2359 1652 1781 1782 
2360 1396 1473 1474 
2361 2418 1915 2500 
2362 1111 2184 2313 
2363 1016 2130 2220 
2364 1547 1548 1549 
2365 1218 1219 1220 
2366 1536 1643 1651 
2367 1074 1075 1312 
2368 1509 1685 1686 
2369 2083 1350 2084 
2370 1071 1073 1074 
2371 1870 1872 1906 
2372 1177 1176 1178 
2373 267 268 1103 
2374 132 133 843 
2375 272 273 844 
2376 269 270 910 
2377 139 140 912 
2378 249 250 841 
2379 149 150 842 
2380 137 138 1105 
2381 135 136 909 
2382 141 142 1106 
2383 146 147 907 
2384 143 144 913 
2385 261 262 840 
2386 264 265 906 
2387 246 247 911 
2388 244 245 1107 
2389 242 243 914 
2390 865 861 2068 
2391 240 241 1108 
2392 238 239 915 
2393 263 264 2006 
2394 1900 1865 1901 
2395 1211 1203 1987 
2396 913 144 2072 
2397 151 152 1104 
2398 867 870 2283 
2399 1863 1864 1865 
2400 1197 1993 2069 
2401 1688 1689 1826 
2402 1509 1686 1687 
2403 1979 2046 2293 
2404 1491 1529 2048 
2405 1561 2044 2806 
2406 1767 1766 1768 
2407 153 154 814 
2408 1653 2404 2406 
2409 231 931 2007 
2410 237 238 2105 
2411 1788 1516 2073 
2412 1866 1868 1869 
2413 844 273 2101 
2414 1489 1490 1491 
2415 1174 1170 2125 
2416 1141 2042 2043 
2417 2404 1209 2406 
2418 1633 1635 2126 
2419 1101 1350 2083 
2420 134 135 2104 
2421 2184 1712 2313 
2422 1540 865 2068 
2423 228 229 815 
2424 1552 1392 2598 
2425 1400 1925 2593 
2426 1389 1680 1681 
2427 1327 1429 1430 
2428 235 236 925 
2429 1070 1069 1071 
2430 1173 1170 1174 
2431 1487 1486 2140 
2432 1194 1193 1195 
2433 2126 1981 2545 
2434 1659 2406 2407 
2435 1477 1486 1487 
2436 1461 2009 2726 
2437 2019 2020 2075 
2438 913 2072 2639 
2439 1580 1902 2148 
2440 1230 1232 1233 
2441 1702 2188 2561 
2442 1769 1768 2114 
2443 1647 1650 2486 
2444 983 1389 2081 
2445 231 232 931 
2446 2533 2523 2686 
2447 1064 1063 1065 
2448 1395 1328 2110 
2449 1901 1865 2351 
2450 1065 1067 2082 
2451 2084 2085 2086 
2452 1626 1885 2076 
2453 1279 865 1540 
2454 1233 1250 1254 
2455 1978 1891 1979 
2456 1226 1227 1228 
2457 1791 2033 2034 
2458 2131 1284 2296 
2459 1823 1881 1882 
2460 1962 1058 2587 
2461 1214 1212 2059 
2462 899 898 2124 
2463 1863 1865 1900 
2464 1430 1523 1524 
2465 159 1100 2113 
2466 1520 1521 1912 
2467 1860 1862 1863 
2468 1253 1360 1514 
2469 1397 1398 1508 
2470 1397 1312 1398 
2471 1179 1178 1180 
2472 1219 1216 2109 
2473 1075 1077 2112 
2474 1176 2677 2816 
2475 2149 1583 2271 
2476 1190 1188 1191 
2477 2363 1874 2623 
2478 1895 808 2624 
2479 910 270 2079 
2480 1148 1146 1149 
2481 1637 1788 2449 
2482 902 899 2124 
2483 1865 1864 1866 
2484 155 156 1110 
2485 962 2172 2173 
2486 1389 1390 1680 
2487 1062 1063 1064 
2488 1140 1141 1142 
2489 2673 2339 2748 
2490 251 252 2174 
2491 1067 1069 1070 
2492 1869 1868 1870 
2493 1133 1134 1135 
2494 1860 1863 2074 
2495 226 227 1256 
2496 1062 1061 1063 
2497 2412 1788 2413 
2498 1075 1076 1077 
2499 1129 1130 1131 
2500 1091 1093 1542 
2501 1578 1966 2769 
2502 2662 2005 2718 
2503 2025 914 2422 
2504 1145 2044 2655 
2505 2092 2093 2097 
2506 2115 961 2116 
2507 1906 1872 2363 
2508 1662 1860 2074 
2509 1558 1559 1560 
2510 1359 968 2147 
2511 1154 1153 1155 
2512 1592 1593 1594 
2513 1791 2034 2117 
2514 2251 2185 2337 
2515 1478 1334 2131 
2516 1235 1165 1927 
2517 2692 2241 2791 
2518 2055 2054 2120 
2519 1644 1856 1915 
2520 1071 1072 1073 
2521 1503 1369 1504 
2522 2631 2239 2680 
2523 918 2149 2271 
2524 268 269 2019 
2525 136 137 2022 
2526 140 141 2021 
2527 142 143 2023 
2528 245 246 2024 
2529 241 242 2025 
2530 239 240 2026 
2531 150 151 2027 
2532 2183 2001 2220 
2533 1064 1065 1109 
2534 1498 1662 2297 
2535 152 153 2035 
2536 2551 1680 2750 
2537 2155 1734 2318 
2538 1164 1165 1166 
2539 1059 1061 1062 
2540 866 867 2283 
2541 1863 1862 1864 
2542 2068 859 2151 
2543 236 237 2106 
2544 983 1300 1389 
2545 811 221 2128 
2546 1835 1833 2743 
2547 1509 1398 1685 
2548 1635 1981 2126 
2549 1055 1058 2129 
2550 1109 1065 2082 
2551 2087 2091 2092 
2552 1421 1423 2133 
2553 980 983 2081 
2554 2060 1283 2654 
2555 1222 1220 2039 
2556 1688 1686 1689 
2557 1759 1760 1761 
2558 968 970 2147 
2559 1353 1577 1578 
2560 2527 2232 2739 
2561 1101 1349 1350 
2562 1866 1869 2351 
2563 1690 2173 2686 
2564 1493 1491 2048 
2565 1196 1195 1197 
2566 1334 1284 2131 
2567 1721 2288 2367 
2568 2036 2516 2760 
2569 1166 1167 1168 
2570 1419 1421 1825 
2571 2664 1540 2665 
2572 1585 2156 2235 
2573 2160 1826 2161 
2574 2070 1236 2543 
2575 1058 1057 1059 
2576 1707 1280 2316 
2577 2133 1449 2134 
2578 979 980 2081 
2579 1156 1155 1157 
2580 857 920 2151 
2581 2102 2101 2103 
2582 2039 2444 2494 
2583 1152 1150 1153 
2584 1517 1516 1637 
2585 806 158 2113 
2586 1743 1606 1744 
2587 1051 1054 2141 
2588 157 158 806 
2589 224 225 805 
2590 840 1986 2753 
2591 1067 1068 1069 
2592 183 184 2210 
2593 144 145 2072 
2594 1279 1540 1541 
2595 227 228 2061 
2596 2402 1288 2470 
2597 1007 1008 2143 
2598 220 811 2144 
2599 2745 2093 2815 
2600 1490 1487 2140 
2601 1016 1018 2130 
2602 1365 1238 1516 
2603 1601 1504 1602 
2604 1657 1655 1659 
2605 1627 1626 1628 
2606 1578 1577 1964 
2607 995 1038 2142 
2608 1251 1232 1982 
2609 1065 1066 1067 
2610 262 263 1999 
2611 1515 1591 1592 
2612 1313 1312 1397 
2613 1054 1055 2129 
2614 1419 1825 2369 
2615 1047 1050 2150 
2616 1098 130 2180 
2617 1575 1574 1837 
2618 230 231 2007 
2619 1870 1906 2395 
2620 2030 2029 2031 
2621 1816 1815 1817 
2622 2156 1040 2235 
2623 2089 2304 2549 
2624 1520 1912 2139 
2625 1605 1604 1606 
2626 1059 1060 1061 
2627 1568 1518 1574 
2628 1198 1197 1199 
2629 2224 1796 2763 
2630 1008 1011 2143 
2631 2167 2166 2748 
2632 1956 2146 2674 
2633 1043 1046 2152 
2634 970 2145 2147 
2635 1423 1449 2133 
2636 1011 1257 2143 
2637 962 2171 2172 
2638 2165 2168 2169 
2639 1782 1781 1801 
2640 1678 2201 2510 
2641 1818 1506 1819 
2642 1681 1891 1978 
2643 2621 2222 2728 
2644 2199 944 2200 
2645 1475 2157 2158 
2646 1055 1057 1058 
2647 2130 1255 2183 
2648 1050 1051 2141 
2649 1442 1580 2148 
2650 2172 2171 2175 
2651 1651 1643 1652 
2652 1568 1574 1575 
2653 1077 1078 1079 
2654 2580 2066 2647 
2655 944 2199 2201 
2656 274 275 2115 
2657 1435 1451 1844 
2658 1389 1300 1390 
2659 944 185 2200 
2660 130 131 2180 
2661 931 232 2645 
2662 1011 1013 1257 
2663 1568 2001 2183 
2664 2174 2173 2798 
2665 1910 1607 1994 
2666 1731 1734 2155 
2667 2065 1687 2459 
2668 1364 1568 2183 
2669 1039 1042 2154 
2670 1599 1597 2132 
2671 1054 1053 1055 
2672 1688 1826 2160 
2673 1976 1672 2008 
2674 1483 2251 2337 
2675 1364 1442 1518 
2676 1638 1637 1908 
2677 1255 1335 1364 
2678 1158 1157 1159 
2679 1364 1518 1568 
2680 1441 1334 1478 
2681 2059 2058 2814 
2682 1605 2056 2057 
2683 1046 1047 2150 
2684 222 1315 2128 
2685 1202 1199 1203 
2686 273 274 2101 
2687 2267 991 2274 
2688 1051 1053 1054 
2689 970 972 2145 
2690 1829 1830 2735 
2691 207 208 2209 
2692 1168 1169 1170 
2693 2138 1427 2281 
2694 275 961 2115 
2695 2178 1262 2179 
2696 2095 2089 2549 
2697 1032 1581 2157 
2698 1021 1255 2130 
2699 1018 1021 2130 
2700 1734 1735 2080 
2701 1729 2267 2274 
2702 1021 1095 1255 
2703 1543 1385 1544 
2704 1042 1043 2152 
2705 129 1098 2181 
2706 270 271 2079 
2707 1331 1244 1611 
2708 1574 1857 2122 
2709 5 2076 2619 
2710 1562 1620 1621 
2711 2466 1726 2701 
2712 2164 2165 2169 
2713 1423 1425 1449 
2714 2119 1816 2659 
2715 222 223 1315 
2716 1265 2217 2650 
2717 1047 1049 1050 
2718 1050 1049 1051 
2719 1265 183 2210 
2720 2079 271 2511 
2721 1043 1045 1046 
2722 1083 1084 1085 
2723 1731 1733 1734 
2724 1034 1032 2157 
2725 962 2173 2174 
2726 1730 1731 2155 
2727 1046 1045 1047 
2728 1038 1039 2154 
2729 2450 2181 2765 
2730 159 160 1100 
2731 2171 1556 2175 
2732 220 221 811 
2733 1079 1080 1081 
2734 2164 807 2165 
2735 185 186 2200 
2736 978 995 2142 
2737 1352 1498 2184 
2738 2093 958 2815 
2739 1580 1705 1902 
2740 1610 1793 2159 
2741 1267 1596 2162 
2742 184 944 2210 
2743 1304 1231 2275 
2744 1065 1063 1066 
2745 1837 1574 2122 
2746 946 956 2238 
2747 1075 1073 1076 
2748 1574 1518 1857 
2749 1039 1041 1042 
2750 1814 1583 2149 
2751 1348 1267 2162 
2752 1042 1041 1043 
2753 1478 2131 2495 
2754 2157 1581 2158 
2755 2165 2167 2168 
2756 1327 1430 2360 
2757 2165 2166 2167 
2758 1644 1915 2418 
2759 1255 1095 1335 
2760 1190 1191 1192 
2761 1262 219 2144 
2762 1302 2363 2364 
2763 1345 1269 2163 
2764 1134 1131 2470 
2765 975 978 1259 
2766 207 2209 2211 
2767 1789 2002 2746 
2768 1596 1475 2288 
2769 1269 998 2163 
2770 1144 1145 1146 
2771 1364 1335 1442 
2772 2130 2183 2220 
2773 1582 946 2238 
2774 870 1353 2283 
2775 1734 1733 1735 
2776 1498 1661 1662 
2777 1249 1211 1987 
2778 1038 1024 1039 
2779 158 159 2113 
2780 1340 2164 2169 
2781 1062 1064 1314 
2782 1583 1268 2271 
2783 908 209 2205 
2784 218 1262 2178 
2785 128 129 2181 
2786 908 2205 2206 
2787 1071 1069 1072 
2788 2175 1556 2176 
2789 186 187 2246 
2790 1587 1728 1730 
2791 1070 1071 2341 
2792 1259 978 2142 
2793 1055 1056 1057 
2794 2175 2176 2177 
2795 1866 1867 1868 
2796 995 1024 1038 
2797 2145 1259 2146 
2798 1585 1587 2156 
2799 1763 1764 1765 
2800 1213 1212 1214 
2801 908 2206 2207 
2802 233 234 2777 
2803 1181 1180 1182 
2804 1782 1858 2276 
2805 1915 1916 2500 
2806 1267 1037 1475 
2807 1587 1730 2156 
2808 169 1263 2182 
2809 2042 2538 2806 
2810 2089 2090 2304 
2811 1454 1357 1455 
2812 1352 1497 1498 
2813 168 169 2182 
2814 1978 1979 1992 
2815 221 222 2128 
2816 972 975 2145 
2817 1206 1203 1207 
2818 2086 2087 2099 
2819 1729 2163 2258 
2820 2156 1730 2294 
2821 1581 1030 2185 
2822 1173 1174 1175 
2823 1860 1861 1862 
2824 1776 1610 2159 
2825 1610 1471 1793 
2826 208 908 2209 
2827 1730 1728 1731 
2828 993 964 2186 
2829 1170 1169 2125 
2830 1584 1479 1729 
2831 2193 2192 2194 
2832 249 841 2475 
2833 219 220 2144 
2834 1320 2202 2203 
2835 165 166 1340 
2836 819 2191 2192 
2837 2185 1028 2186 
2838 1267 1475 1596 
2839 1037 1034 2157 
2840 1456 1304 2275 
2841 1471 1348 2162 
2842 1085 1087 1088 
2843 2195 2194 2197 
2844 2165 807 2166 
2845 1662 1859 1860 
2846 1958 1955 2040 
2847 1826 1689 1903 
2848 254 1556 2171 
2849 1659 1655 2406 
2850 218 219 1262 
2851 818 813 2245 
2852 2051 2050 2052 
2853 167 807 2164 
2854 1028 993 2186 
2855 252 962 2174 
2856 1030 1028 2185 
2857 1598 1597 1599 
2858 1175 1176 1177 
2859 1488 1487 1489 
2860 978 994 995 
2861 1381 1280 1707 
2862 1793 1471 2162 
2863 275 276 961 
2864 252 253 962 
2865 258 259 1097 
2866 129 130 1098 
2867 916 923 2239 
2868 209 210 2205 
2869 1048 2080 2365 
2870 1441 1478 1537 
2871 1316 190 2187 
2872 1051 1052 1053 
2873 2187 810 2188 
2874 975 977 978 
2875 1340 166 2164 
2876 1787 1394 2295 
2877 1475 1037 2157 
2878 1255 1364 2183 
2879 975 1259 2145 
2880 1813 1583 1814 
2881 2200 186 2246 
2882 2090 2086 2099 
2883 812 2229 2230 
2884 1047 1048 1049 
2885 277 278 1554 
2886 1480 1479 1584 
2887 1335 1095 2249 
2888 1320 211 2202 
2889 1479 1345 2163 
2890 962 253 2171 
2891 1623 1624 1625 
2892 1043 1044 1045 
2893 1579 1335 2249 
2894 966 968 1359 
2895 1322 1693 2443 
2896 1074 1312 1313 
2897 1320 2203 2204 
2898 2145 2146 2147 
2899 2188 810 2189 
2900 163 164 2231 
2901 808 163 2231 
2902 2193 2194 2195 
2903 193 1260 2190 
2904 2170 1983 2801 
2905 2206 2204 2208 
2906 1059 1057 1060 
2907 819 2192 2193 
2908 995 1023 1024 
2909 1039 1040 1041 
2910 189 190 1316 
2911 1266 1037 1267 
2912 972 974 975 
2913 1729 2258 2267 
2914 1438 1388 1717 
2915 210 211 1320 
2916 819 188 2191 
2917 976 999 2234 
2918 1532 1268 1583 
2919 217 218 2178 
2920 809 217 2178 
2921 944 2201 2210 
2922 1701 1618 1779 
2923 1400 1440 2004 
2924 1850 2590 2616 
2925 1192 1193 1194 
2926 1934 1932 2240 
2927 1353 1439 1577 
2928 1032 1030 1581 
2929 2221 834 2222 
2930 851 849 958 
2931 1460 1345 1479 
2932 189 1316 2191 
2933 1442 1579 1580 
2934 857 855 920 
2935 1729 1479 2163 
2936 1021 1022 1095 
2937 176 1261 2219 
2938 956 966 2238 
2939 1036 1034 1037 
2940 2214 1555 2215 
2941 2214 2215 2218 
2942 173 2226 2227 
2943 192 193 2190 
2944 1215 1214 1216 
2945 1103 2075 2397 
2946 206 207 2211 
2947 997 206 2211 
2948 923 929 2239 
2949 1476 1411 1477 
2950 191 810 2187 
2951 190 191 2187 
2952 1567 1647 2579 
2953 1568 1575 2001 
2954 1274 1343 1400 
2955 1731 1732 1733 
2956 1261 2214 2218 
2957 863 861 865 
2958 1937 1934 2240 
2959 1055 1053 1056 
2960 1571 1471 1610 
2961 176 177 1261 
2962 212 812 2202 
2963 211 212 2202 
2964 1013 1014 1308 
2965 999 1286 2234 
2966 178 1555 2214 
2967 174 919 2226 
2968 173 174 2226 
2969 1585 1586 1587 
2970 1096 1272 1379 
2971 2003 1819 2273 
2972 2223 1380 2224 
2973 1261 177 2214 
2974 1011 1012 1013 
2975 908 2207 2209 
2976 2043 2042 2806 
2977 253 254 2171 
2978 1341 1585 2235 
2979 1580 1645 1705 
2980 2224 1380 2225 
2981 210 1320 2205 
2982 166 167 2164 
2983 1460 1479 1480 
2984 1286 1403 1739 
2985 254 255 1556 
2986 1082 1083 2291 
2987 1518 1442 2148 
2988 919 175 2219 
2989 175 176 2219 
2990 1480 1584 1648 
2991 816 172 2227 
2992 172 173 2227 
2993 1018 1020 1021 
2994 1470 1348 1471 
2995 1406 2233 2268 
2996 2196 2195 2198 
2997 1462 1339 1597 
2998 1408 1646 2233 
2999 1832 1301 2345 
3000 2215 2216 2217 
3001 2215 1555 2216 
3002 188 189 2191 
3003 1346 2197 2525 
3004 1682 1610 1776 
3005 1286 1739 2234 
3006 182 183 1265 
3007 187 819 2246 
3008 177 178 2214 
3009 2084 1350 2085 
3010 1876 2055 2785 
3011 975 974 977 
3012 929 946 1582 
3013 904 2611 2620 
3014 1425 1427 2138 
3015 1492 1491 1493 
3016 178 179 1555 
3017 995 994 1023 
3018 191 192 810 
3019 1260 194 2221 
3020 193 194 1260 
3021 195 834 2221 
3022 194 195 2221 
3023 200 1380 2223 
3024 200 201 1380 
3025 951 199 2223 
3026 199 200 2223 
3027 195 196 834 
3028 198 199 951 
3029 812 213 2229 
3030 174 175 919 
3031 171 172 816 
3032 212 213 812 
3033 214 1264 2229 
3034 169 170 1263 
3035 214 215 1264 
3036 213 214 2229 
3037 162 163 808 
3038 216 217 809 
3039 167 168 807 
3040 187 188 819 
3041 184 185 944 
3042 208 209 908 
3043 205 206 997 
3044 204 205 2232 
3045 203 204 1711 
3046 205 997 2232 
3047 1711 204 2232 
3048 2158 1581 2251 
3049 807 168 2182 
3050 1410 1307 1411 
3051 990 1002 1003 
3052 1514 1360 1515 
3053 1221 1220 1222 
3054 1508 2065 2066 
3055 1047 1045 1048 
3056 955 945 2253 
3057 1597 1339 2280 
3058 1003 1004 2269 
3059 1004 1006 1007 
3060 966 1359 2238 
3061 1217 1216 1218 
3062 1996 1776 1997 
3063 1408 1466 1646 
3064 1587 1727 1728 
3065 1564 1433 1595 
3066 1406 1408 2233 
3067 1027 993 1028 
3068 1036 1037 1266 
3069 978 977 994 
3070 1942 1941 2254 
3071 1043 1041 1044 
3072 1840 1588 1876 
3073 2205 2204 2206 
3074 1341 1464 1585 
3075 956 965 966 
3076 1266 1267 1348 
3077 1377 1589 2264 
3078 1739 1403 2237 
3079 1813 1814 1925 
3080 1532 1583 1813 
3081 1039 1024 1040 
3082 1944 1942 1945 
3083 1051 1049 1052 
3084 1008 1010 1011 
3085 1579 2249 2287 
3086 1595 1433 2248 
3087 1377 1467 1589 
3088 1113 1112 1114 
3089 1589 2198 2520 
3090 1870 1871 1872 
3091 2086 2085 2087 
3092 1940 1938 1941 
3093 2004 1440 2005 
3094 2193 2195 2196 
3095 2189 810 2190 
3096 1029 1028 1030 
3097 810 192 2190 
3098 1534 1394 1787 
3099 1948 1946 1949 
3100 1614 1807 2438 
3101 1320 2204 2205 
3102 1952 1950 1953 
3103 1061 1060 1111 
3104 1950 1949 2252 
3105 986 988 989 
3106 2196 2198 2199 
3107 1945 1942 2254 
3108 1938 1937 2263 
3109 1400 1343 1440 
3110 1563 1725 1884 
3111 1946 1945 2259 
3112 1564 1595 1796 
3113 1004 1007 2269 
3114 1470 1471 1571 
3115 1858 1801 2236 
3116 1954 1953 1955 
3117 1756 1755 1757 
3118 964 955 2253 
3119 1609 1469 1679 
3120 1468 1378 1469 
3121 1936 1934 1937 
3122 929 1582 2239 
3123 1344 1269 1345 
3124 1485 1697 2242 
3125 1068 1713 2121 
3126 1278 865 1279 
3127 2166 807 2182 
3128 999 1270 1286 
3129 1995 2687 2704 
3130 1313 1397 1444 
3131 1096 1379 2249 
3132 1563 1433 1564 
3133 1765 1766 1767 
3134 2186 964 2253 
3135 1613 1907 2277 
3136 1067 1066 1068 
3137 1177 1178 1179 
3138 1746 1648 1747 
3139 1563 1564 1725 
3140 1468 1469 1609 
3141 1697 1698 1809 
3142 1546 1474 1547 
3143 1459 1345 1460 
3144 1773 1880 1924 
3145 1432 1337 1433 
3146 1956 1955 1958 
3147 1393 1519 1737 
3148 1286 1337 1403 
3149 1571 1610 1682 
3150 836 2097 2745 
3151 2196 2199 2200 
3152 1645 1579 2287 
3153 2266 1371 2284 
3154 1805 1519 1806 
3155 1701 1779 1803 
3156 966 967 968 
3157 1403 1432 1553 
3158 1467 1468 1678 
3159 1459 1772 1773 
3160 1031 1030 1032 
3161 1941 1938 2263 
3162 1027 1028 1029 
3163 1953 1950 2252 
3164 870 1336 1353 
3165 1475 2158 2288 
3166 1403 1337 1432 
3167 1035 1099 1377 
3168 1432 1433 1563 
3169 1403 1553 2237 
3170 1949 1946 2259 
3171 976 2234 2243 
3172 1442 1335 1579 
3173 1286 1270 1337 
3174 1467 1378 1468 
3175 1581 2185 2251 
3176 1344 1345 1459 
3177 1095 1022 1096 
3178 1585 1464 1586 
3179 1035 1034 1036 
3180 1600 2266 2284 
3181 1682 1776 1996 
3182 1587 1586 1727 
3183 1377 1378 1467 
3184 1773 1772 1880 
3185 1459 1460 1772 
3186 1735 1733 1736 
3187 1393 1348 1470 
3188 1377 1099 1378 
3189 983 984 1300 
3190 1088 1089 1090 
3191 1401 1025 1481 
3192 976 973 998 
3193 1737 1519 1805 
3194 966 965 967 
3195 1468 1609 2244 
3196 1035 1036 1099 
3197 1430 1557 2360 
3198 1412 1318 2308 
3199 1270 1269 1344 
3200 1033 1032 1034 
3201 1021 1020 1022 
3202 972 973 974 
3203 1731 1728 1732 
3204 1230 1233 2368 
3205 1029 1030 1031 
3206 970 971 972 
3207 1678 1468 2244 
3208 1580 1579 1645 
3209 1563 1884 2247 
3210 1480 1648 1746 
3211 923 928 929 
3212 968 969 970 
3213 1413 1485 2242 
3214 974 973 976 
3215 999 1269 1270 
3216 1485 1696 1697 
3217 1790 1668 1791 
3218 1023 1025 1341 
3219 1266 1348 1393 
3220 1702 1600 1703 
3221 977 974 2243 
3222 819 2193 2246 
3223 1465 1407 1600 
3224 999 998 1269 
3225 1229 1228 1230 
3226 842 2029 2030 
3227 976 998 999 
3228 1393 1470 1519 
3229 1033 1034 1035 
3230 972 971 973 
3231 1036 1266 2255 
3232 2163 998 2258 
3233 917 905 918 
3234 1044 2155 2318 
3235 2364 2363 2623 
3236 272 844 2511 
3237 973 971 2258 
3238 1161 1163 2369 
3239 1857 1518 2148 
3240 929 945 946 
3241 1115 1114 1116 
3242 1553 1432 2247 
3243 946 955 956 
3244 1026 993 1027 
3245 1432 1563 2247 
3246 956 963 965 
3247 1372 1268 1532 
3248 815 2015 2396 
3249 1498 1497 1661 
3250 2039 1375 2444 
3251 1427 1614 2281 
3252 930 924 1268 
3253 1023 994 1025 
3254 1031 1032 1033 
3255 1148 1149 1150 
3256 992 964 993 
3257 1613 1673 1907 
3258 970 969 971 
3259 1408 1465 1466 
3260 1024 1023 2235 
3261 974 976 2243 
3262 1406 1407 1408 
3263 1401 1481 1482 
3264 1266 1393 2255 
3265 963 955 964 
3266 1274 1326 1343 
3267 2193 2196 2246 
3268 1433 1337 2248 
3269 968 967 969 
3270 2196 2200 2246 
3271 1341 1401 1464 
3272 1027 1029 1371 
3273 1465 1600 1702 
3274 1341 1025 1401 
3275 1337 1270 2248 
3276 1270 1344 2248 
3277 1952 1953 1954 
3278 1023 1341 2235 
3279 992 1026 1406 
3280 1453 1683 1684 
3281 1031 1033 1346 
3282 1149 2655 2723 
3283 1393 1737 2255 
3284 2050 2049 2469 
3285 1954 1955 1956 
3286 1682 1996 1998 
3287 1099 1036 2255 
3288 1882 1881 2347 
3289 1573 2462 2623 
3290 1494 1493 1495 
3291 1586 1464 1704 
3292 1223 1222 1224 
3293 2092 2091 2093 
3294 1013 1012 1014 
3295 1408 1407 1465 
3296 969 967 991 
3297 1948 1949 1950 
3298 1595 2248 2272 
3299 998 973 2258 
3300 816 1998 2706 
3301 1728 1727 2257 
3302 1413 2242 2301 
3303 1086 1453 2250 
3304 1272 1273 1274 
3305 1469 1378 2278 
3306 1095 1096 2249 
3307 1370 1301 1832 
3308 930 1372 1483 
3309 1406 1026 1407 
3310 992 993 1026 
3311 956 955 963 
3312 946 945 955 
3313 1872 1873 1874 
3314 963 964 992 
3315 2272 1773 2286 
3316 1276 1254 1277 
3317 929 928 945 
3318 1598 1599 1797 
3319 1584 1729 2274 
3320 1629 1628 1630 
3321 1372 1532 1721 
3322 1592 1591 1593 
3323 1326 1273 1373 
3324 1066 1063 2313 
3325 2444 1897 2494 
3326 938 936 1112 
3327 930 1268 1372 
3328 1944 1945 1946 
3329 1459 1773 2272 
3330 1117 1116 1118 
3331 1011 1010 1012 
3332 1096 1271 1272 
3333 266 267 2352 
3334 1940 1941 1942 
3335 1481 1025 2261 
3336 1343 1326 1382 
3337 2317 1056 2371 
3338 1353 1578 2283 
3339 1040 1024 2235 
3340 1111 1352 2184 
3341 2134 1449 2135 
3342 1679 1469 2289 
3343 1035 1377 2264 
3344 2595 1609 2800 
3345 1964 1577 1967 
3346 1453 1684 2250 
3347 2248 1344 2272 
3348 901 899 902 
3349 1274 1273 1326 
3350 1733 1732 2212 
3351 923 924 928 
3352 994 977 2261 
3353 928 924 930 
3354 1930 1674 1931 
3355 1178 2108 2661 
3356 977 2243 2261 
3357 1462 1597 1598 
3358 1662 1661 1859 
3359 1099 2255 2278 
3360 1732 1728 2257 
3361 1457 1456 1706 
3362 1119 1118 1120 
3363 1751 1594 2071 
3364 1344 1459 2272 
3365 980 982 983 
3366 1595 2272 2286 
3367 1225 1224 1226 
3368 1365 1516 1517 
3369 1714 1537 1909 
3370 1686 1685 2111 
3371 1224 1222 2494 
3372 2185 2186 2337 
3373 1025 994 2261 
3374 1600 1407 2266 
3375 1061 1111 2313 
3376 1040 2156 2294 
3377 2234 1739 2303 
3378 1033 1035 2264 
3379 1401 1482 2260 
3380 1936 1937 1938 
3381 916 917 923 
3382 1041 1040 2294 
3383 1767 1768 1769 
3384 1951 1950 1952 
3385 1096 1022 1271 
3386 903 902 905 
3387 903 905 916 
3388 896 899 900 
3389 1464 1401 2260 
3390 1952 1954 1957 
3391 901 903 904 
3392 916 905 917 
3393 1701 1803 2256 
3394 923 917 924 
3395 1285 1284 1334 
3396 1027 1371 2266 
3397 2255 1737 2278 
3398 1090 1321 1347 
3399 892 894 895 
3400 954 960 979 
3401 2212 1732 2213 
3402 1007 1006 1008 
3403 1739 2237 2321 
3404 1378 1099 2278 
3405 2085 1350 2359 
3406 1272 1271 1273 
3407 1018 1019 1020 
3408 1003 1002 1004 
3409 1428 1277 1520 
3410 1026 1027 2266 
3411 901 902 903 
3412 2258 971 2267 
3413 1667 1665 1668 
3414 986 989 2299 
3415 2405 1684 2790 
3416 892 889 893 
3417 1704 1464 2260 
3418 1933 1935 1962 
3419 1346 1033 2264 
3420 917 918 2271 
3421 2262 2029 2577 
3422 1121 1120 1122 
3423 874 872 1284 
3424 971 969 2267 
3425 965 963 2268 
3426 1086 2250 2279 
3427 896 894 898 
3428 1809 1698 1810 
3429 1268 924 2271 
3430 887 885 888 
3431 2256 2179 2608 
3432 989 988 990 
3433 1619 1853 1895 
3434 139 912 2530 
3435 1105 138 2530 
3436 1194 1195 1196 
3437 1376 1334 1441 
3438 1860 1859 1861 
3439 1948 1950 1951 
3440 1669 1484 1699 
3441 2213 1732 2257 
3442 2268 2233 2290 
3443 1947 1946 1948 
3444 2015 815 2740 
3445 1086 1019 1394 
3446 1883 1882 1892 
3447 1020 1019 1086 
3448 992 1406 2268 
3449 1143 1142 1144 
3450 1501 1495 1502 
3451 1697 1696 1698 
3452 1204 2014 2372 
3453 1866 1864 1867 
3454 1407 1026 2266 
3455 900 899 901 
3456 931 2496 2637 
3457 1683 1798 1926 
3458 1625 1626 1627 
3459 945 928 2265 
3460 1431 1351 2418 
3461 895 894 896 
3462 1700 1618 1701 
3463 1152 1153 1154 
3464 1469 2278 2289 
3465 1453 1534 1683 
3466 2253 945 2265 
3467 1353 1336 1439 
3468 969 991 2267 
3469 1136 1135 1137 
3470 1736 1733 2212 
3471 1557 1524 1558 
3472 1943 1942 1944 
3473 1161 1159 1162 
3474 1322 1417 1693 
3475 928 930 2265 
3476 1567 1455 1647 
3477 1594 1851 2071 
3478 896 898 899 
3479 930 1483 2265 
3480 1086 1394 1453 
3481 1233 1276 2368 
3482 963 992 2268 
3483 1077 1076 1078 
3484 873 875 876 
3485 883 885 886 
3486 887 889 891 
3487 1179 1180 1181 
3488 1453 1394 1534 
3489 1017 1015 1750 
3490 892 893 894 
3491 1703 1600 2284 
3492 1132 1131 1133 
3493 887 888 889 
3494 1944 1946 1947 
3495 1822 1757 1823 
3496 1683 1534 1798 
3497 1594 1593 1851 
3498 1405 1304 1456 
3499 1183 1182 1184 
3500 1773 1924 2286 
3501 1796 1595 2286 
3502 1342 1463 1505 
3503 1022 1020 2279 
3504 1617 1616 1618 
3505 1124 1122 1125 
3506 879 877 880 
3507 1069 1068 2121 
3508 1110 1922 2612 
3509 891 889 892 
3510 2158 2251 2367 
3511 924 917 2271 
3512 1939 1938 1940 
3513 1940 1942 1943 
3514 1210 1252 1253 
3515 2056 1743 2676 
3516 1016 1017 1018 
3517 1154 1155 1156 
3518 1126 1125 1127 
3519 2278 1737 2289 
3520 1617 1700 1740 
3521 991 967 2290 
3522 885 884 2270 
3523 1904 1550 1914 
3524 1570 1412 2308 
3525 1139 1137 1140 
3526 878 877 879 
3527 967 965 2290 
3528 1045 1044 2318 
3529 863 865 1278 
3530 1700 1701 1778 
3531 886 885 887 
3532 1020 1086 2279 
3533 883 881 884 
3534 1018 1017 1019 
3535 1014 1015 1016 
3536 1737 1805 2289 
3537 1930 1931 1932 
3538 2082 1968 2563 
3539 965 2268 2290 
3540 1390 1300 1847 
3541 2249 1379 2287 
3542 1128 1127 1129 
3543 1242 1333 1419 
3544 1778 1701 2256 
3545 160 161 2355 
3546 1275 1009 1339 
3547 1111 1324 1352 
3548 1044 1041 2294 
3549 2303 1739 2321 
3550 1008 1009 1010 
3551 879 881 882 
3552 1522 2050 2051 
3553 989 990 2356 
3554 1100 2355 2717 
3555 873 874 875 
3556 1409 1324 1616 
3557 1281 1383 1633 
3558 1577 1439 2277 
3559 1517 1637 1638 
3560 1014 1012 1015 
3561 2184 1498 2297 
3562 1779 1618 2371 
3563 888 885 2270 
3564 1271 1022 2279 
3565 1893 1892 1917 
3566 876 875 877 
3567 1936 1938 1939 
3568 1633 1634 1635 
3569 267 1103 2352 
3570 1074 1313 2341 
3571 1935 1934 1936 
3572 1810 1698 1831 
3573 1792 1791 2117 
3574 883 884 885 
3575 1619 1463 1852 
3576 879 880 881 
3577 882 881 883 
3578 1441 1537 1714 
3579 1617 1618 1700 
3580 1342 1339 1462 
3581 2159 1382 2673 
3582 2154 1951 2724 
3583 1083 1081 1084 
3584 1747 1648 2442 
3585 1007 2143 2472 
3586 2489 2096 2557 
3587 987 985 1280 
3588 874 1284 1285 
3589 2582 900 2584 
3590 2131 2296 2409 
3591 1512 1804 1836 
3592 1712 1066 2313 
3593 1063 1061 2313 
3594 876 877 878 
3595 1352 1409 1497 
3596 2261 2243 2303 
3597 1992 1979 2293 
3598 1481 2261 2303 
3599 1008 1006 1009 
3600 2129 1935 2648 
3601 1870 1868 1871 
3602 1163 1242 2369 
3603 1004 1005 1006 
3604 2058 1496 2358 
3605 1016 1015 1017 
3606 1528 1752 1753 
3607 2406 1209 2407 
3608 1505 1463 1619 
3609 2168 2405 2790 
3610 1485 1669 1696 
3611 990 1001 1002 
3612 1156 1157 1158 
3613 2042 1557 2538 
3614 1010 1009 1275 
3615 1285 1334 1376 
3616 2524 1235 2780 
3617 1616 2317 2371 
3618 1446 1722 1724 
3619 1409 1616 1617 
3620 1933 1932 1934 
3621 1413 1484 1485 
3622 1631 1632 1811 
3623 1057 1056 2317 
3624 1068 1712 1713 
3625 1373 1273 2315 
3626 1000 818 2245 
3627 1285 1376 1413 
3628 1111 1060 1324 
3629 1326 1373 2339 
3630 1619 1852 1853 
3631 1275 1339 1342 
3632 1196 1197 1198 
3633 2392 1646 2428 
3634 1410 1411 1476 
3635 1930 1932 1933 
3636 1598 1797 1887 
3637 1914 1550 2139 
3638 1923 2402 2470 
3639 1012 1010 2292 
3640 1439 1613 2277 
3641 1006 1005 2280 
3642 1163 1162 1164 
3643 1342 1462 1463 
3644 1485 1484 1669 
3645 1376 1441 2307 
3646 1253 1354 1360 
3647 1724 1854 1986 
3648 1812 1632 1920 
3649 902 2124 2357 
3650 1933 1934 1935 
3651 1338 1448 1631 
3652 1338 1280 1381 
3653 2243 2234 2303 
3654 1071 1074 2341 
3655 1439 1612 1613 
3656 1635 1636 1980 
3657 1824 1808 1889 
3658 1352 1324 1409 
3659 1049 1048 2365 
3660 1394 1019 2295 
3661 1281 1633 2344 
3662 986 987 988 
3663 1449 1425 2138 
3664 1439 1336 1612 
3665 1079 1078 1080 
3666 1673 1674 1929 
3667 1477 1487 1488 
3668 867 869 870 
3669 983 982 984 
3670 1413 1376 1484 
3671 1004 1002 1005 
3672 869 868 2296 
3673 867 864 868 
3674 870 871 1336 
3675 1661 1497 1878 
3676 2560 895 2568 
3677 1673 1649 1674 
3678 939 941 1718 
3679 871 869 872 
3680 1613 1649 1673 
3681 990 988 1001 
3682 1404 1366 1675 
3683 943 948 957 
3684 859 857 2151 
3685 2080 1735 2526 
3686 823 2338 2702 
3687 1371 2525 2586 
3688 2275 1231 2368 
3689 1929 1674 1930 
3690 2003 2273 2306 
3691 1758 1630 1759 
3692 2391 1052 2445 
3693 2430 1828 2698 
3694 862 864 866 
3695 1300 984 2299 
3696 2265 1483 2337 
3697 1448 1381 1539 
3698 1198 1199 1202 
3699 2279 2250 2315 
3700 1017 1750 2295 
3701 1865 1866 2351 
3702 873 872 874 
3703 1009 1006 2280 
3704 979 960 980 
3705 1613 1612 1649 
3706 1481 2303 2321 
3707 2082 1070 2807 
3708 918 905 2357 
3709 1699 1484 2307 
3710 1675 1366 2447 
3711 871 872 873 
3712 821 818 1000 
3713 1271 2279 2315 
3714 1652 1780 1781 
3715 1527 1566 1841 
3716 2233 1646 2392 
3717 2024 2320 2547 
3718 1489 1491 1492 
3719 2253 2265 2337 
3720 1966 2354 2769 
3721 1085 1084 1087 
3722 1602 1603 1604 
3723 1644 1855 1856 
3724 1550 1520 2139 
3725 1019 1017 2295 
3726 145 146 2431 
3727 1750 1015 2292 
3728 2251 1483 2367 
3729 2526 1735 2541 
3730 1048 1045 2318 
3731 1237 1208 1238 
3732 244 1107 2570 
3733 914 243 2570 
3734 867 868 869 
3735 226 1256 2514 
3736 1811 1632 1812 
3737 1744 1745 1815 
3738 1108 2025 2421 
3739 1010 1275 2292 
3740 1967 1577 2277 
3741 870 869 871 
3742 1207 1212 1213 
3743 1812 1920 1921 
3744 1339 1009 2280 
3745 866 864 867 
3746 1483 1372 2367 
3747 1278 1279 1565 
3748 2088 2085 2359 
3749 1361 1507 1527 
3750 1391 1332 1392 
3751 1569 1412 1570 
3752 2152 1947 2715 
3753 1462 1598 2305 
3754 1068 1066 1712 
3755 1551 1392 1552 
3756 1303 2118 2454 
3757 1482 1481 2321 
3758 1671 1434 1799 
3759 1367 1414 1644 
3760 1441 1714 2307 
3761 1284 872 2296 
3762 1313 1615 2341 
3763 1852 1463 2305 
3764 987 1280 1338 
3765 1015 1012 2292 
3766 1273 1271 2315 
3767 1572 1436 1573 
3768 832 2328 2743 
3769 1864 1862 2285 
3770 846 838 847 
3771 1382 1326 2339 
3772 1536 1642 1643 
3773 873 876 2300 
3774 1287 1327 2360 
3775 2132 1005 2374 
3776 1053 1052 2391 
3777 1202 1203 1206 
3778 1631 1448 1632 
3779 1697 1809 2446 
3780 875 874 2301 
3781 1419 1420 1421 
3782 1561 1560 1562 
3783 1617 1740 2309 
3784 1484 1376 2307 
3785 1100 160 2355 
3786 2647 1966 2797 
3787 862 863 864 
3788 1313 1444 1615 
3789 2490 886 2521 
3790 1323 1238 1365 
3791 1338 1381 1448 
3792 805 1985 2594 
3793 871 873 2300 
3794 2028 2027 2691 
3795 1807 1808 1824 
3796 1679 2289 2343 
3797 1218 1220 1221 
3798 858 860 1309 
3799 1463 1462 2305 
3800 2153 2057 2693 
3801 1476 1477 2262 
3802 1305 1361 2311 
3803 2141 1939 2678 
3804 1185 1184 1186 
3805 1847 1300 2299 
3806 1088 1087 1089 
3807 1249 1987 2435 
3808 1792 2117 2401 
3809 1336 871 2300 
3810 1427 1458 1614 
3811 1648 1584 2428 
3812 1384 1282 1385 
3813 1762 1761 1763 
3814 2186 2253 2337 
3815 1689 1686 2111 
3816 2150 1943 2695 
3817 1423 1424 1425 
3818 1425 1426 1427 
3819 1421 1422 1423 
3820 1616 1324 2317 
3821 984 985 986 
3822 872 869 2296 
3823 1172 1170 1173 
3824 1872 1871 1873 
3825 1608 1795 1875 
3826 1841 1566 1842 
3827 986 985 987 
3828 1072 1069 2121 
3829 1965 2647 2797 
3830 1497 1409 2309 
3831 1374 1535 1536 
3832 1834 1833 1835 
3833 1531 2114 2477 
3834 7 81 813 
3835 78 77 804 
3836 81 80 2314 
3837 2545 1981 2602 
3838 1515 1590 1591 
3839 80 79 1418 
3840 984 986 2299 
3841 1073 1072 2398 
3842 2073 1201 2413 
3843 1612 1336 2300 
3844 75 6 921 
3845 990 1003 2356 
3846 1396 1474 1546 
3847 1549 1755 1756 
3848 1598 1887 2305 
3849 1878 1497 2309 
3850 959 953 996 
3851 1285 1413 2301 
3852 1241 2532 2554 
3853 1158 1159 1161 
3854 1213 1214 1215 
3855 1847 1909 2812 
3856 905 902 2357 
3857 1977 1239 2440 
3858 1409 1617 2309 
3859 874 1285 2301 
3860 1369 1288 2402 
3861 805 225 2514 
3862 2462 2364 2623 
3863 1226 1228 1229 
3864 1807 1458 1808 
3865 1720 1719 2281 
3866 984 982 985 
3867 1278 1565 1641 
3868 1349 1351 1431 
3869 2347 1881 2808 
3870 1060 1057 2317 
3871 988 987 2312 
3872 1342 1505 2380 
3873 1361 1527 2311 
3874 2087 2088 2091 
3875 1622 1621 1623 
3876 1799 1434 2386 
3877 2128 2491 2773 
3878 1641 1565 1708 
3879 862 861 863 
3880 1001 988 2312 
3881 980 981 982 
3882 1566 1507 1784 
3883 1653 1258 2404 
3884 1867 1864 2285 
3885 2308 1318 2388 
3886 1573 1436 2462 
3887 1846 1888 1963 
3888 2289 1805 2343 
3889 1180 1178 2661 
3890 2218 2595 2800 
3891 1215 1216 1217 
3892 1181 1182 1183 
3893 1492 1493 1494 
3894 2012 1691 2389 
3895 1233 1254 1276 
3896 980 960 981 
3897 1187 1186 1188 
3898 1724 1722 1854 
3899 1349 1431 2359 
3900 234 235 2468 
3901 2301 2242 2376 
3902 880 877 2376 
3903 1253 1252 1354 
3904 1910 1994 2430 
3905 1472 1385 1543 
3906 884 2461 2505 
3907 2300 876 2382 
3908 1280 985 2316 
3909 938 1112 1113 
3910 1477 1488 2262 
3911 1997 2166 2638 
3912 1868 1867 2396 
3913 1545 1543 1719 
3914 127 128 2450 
3915 954 959 960 
3916 1426 1424 1500 
3917 1931 1674 2423 
3918 1872 1874 2363 
3919 880 2376 2446 
3920 1399 1510 1511 
3921 868 864 2362 
3922 982 981 2316 
3923 2356 1003 2426 
3924 1351 1367 2418 
3925 1419 1333 1420 
3926 1101 1102 1349 
3927 1966 1578 2797 
3928 1748 1845 1846 
3929 1221 1222 1223 
3930 1512 1836 2403 
3931 1527 1507 1566 
3932 1324 1060 2317 
3933 1612 2300 2382 
3934 1965 1444 2580 
3935 105 104 1289 
3936 90 89 2323 
3937 91 90 830 
3938 83 82 833 
3939 92 91 2322 
3940 107 106 828 
3941 93 92 1292 
3942 94 93 2325 
3943 103 102 827 
3944 95 94 831 
3945 97 96 1293 
3946 96 95 2326 
3947 99 98 832 
3948 98 97 2327 
3949 87 86 829 
3950 84 83 2330 
3951 86 85 2331 
3952 88 87 2329 
3953 85 84 1295 
3954 104 103 2324 
3955 89 88 1294 
3956 126 125 826 
3957 125 124 2334 
3958 124 123 1296 
3959 123 122 2333 
3960 122 121 825 
3961 121 120 2335 
3962 120 119 1298 
3963 118 117 824 
3964 904 2040 2611 
3965 117 116 2336 
3966 1052 1049 2365 
3967 116 115 1297 
3968 1140 1142 1143 
3969 1189 1188 1190 
3970 1790 1791 1792 
3971 1338 1631 2312 
3972 1599 2132 2517 
3973 942 940 2370 
3974 868 2362 2409 
3975 114 113 823 
3976 1005 1002 2374 
3977 1722 1447 1723 
3978 1430 1524 1557 
3979 1229 1230 1231 
3980 1090 1089 1321 
3981 1545 1720 2062 
3982 2453 882 2471 
3983 860 861 862 
3984 1133 1135 1136 
3985 1667 1668 1790 
3986 1350 1349 2359 
3987 1614 1458 1807 
3988 1093 1094 1101 
3989 1723 2523 2533 
3990 1151 1150 1152 
3991 1113 1114 1115 
3992 2225 1380 2460 
3993 1457 1706 2036 
3994 860 859 861 
3995 1372 1721 2367 
3996 1361 1307 1410 
3997 1129 1131 1132 
3998 113 112 2338 
3999 201 202 2460 
4000 102 101 2346 
4001 1513 1258 1653 
4002 1664 1666 1748 
4003 1558 1560 1561 
4004 875 2301 2376 
4005 1639 1638 1640 
4006 1920 1632 2342 
4007 950 953 954 
4008 1823 1882 1883 
4009 1515 1360 1590 
4010 2135 1449 2138 
4011 863 1278 2362 
4012 112 111 1299 
4013 1456 2275 2553 
4014 1347 1321 1402 
4015 2292 1275 2380 
4016 1276 1277 1428 
4017 1670 1671 1690 
4018 1115 1116 1117 
4019 1633 1383 1634 
4020 1660 1657 1692 
4021 864 863 2362 
4022 1405 1456 1457 
4023 1223 1224 1225 
4024 1494 1495 1501 
4025 1305 996 1307 
4026 1671 1799 1800 
4027 877 875 2376 
4028 954 953 959 
4029 2114 1531 2590 
4030 2336 2576 2705 
4031 101 8 1290 
4032 1428 1520 1550 
4033 1599 2517 2536 
4034 987 1338 2312 
4035 111 110 2348 
4036 1576 2060 2654 
4037 1448 1539 2342 
4038 1117 1118 1119 
4039 1283 1090 2626 
4040 1435 1450 1451 
4041 1627 1628 1629 
4042 1869 1870 2395 
4043 1119 1120 1121 
4044 1427 1426 1458 
4045 1963 1107 2547 
4046 1546 1547 1738 
4047 1654 1653 1655 
4048 2250 1684 2405 
4049 943 957 2378 
4050 1422 1420 1533 
4051 1446 1447 1722 
4052 1002 1001 2374 
4053 1425 1424 1426 
4054 110 109 822 
4055 1593 1591 1677 
4056 1618 1616 2371 
4057 1423 1422 1424 
4058 1361 1410 1507 
4059 1323 1434 1670 
4060 1237 1238 1323 
4061 1843 1640 1886 
4062 2274 2392 2428 
4063 1264 2257 2651 
4064 1242 1419 2369 
4065 1525 1416 1526 
4066 1245 1368 1435 
4067 1323 1365 1434 
4068 1501 1502 1785 
4069 1656 1655 1657 
4070 1455 1357 2435 
4071 848 847 849 
4072 1644 1414 1855 
4073 1446 1355 1447 
4074 1517 1638 1639 
4075 1279 1541 2473 
4076 939 1718 2385 
4077 1801 1781 1802 
4078 1787 2295 2425 
4079 1873 1871 2015 
4080 1421 1420 1422 
4081 852 854 2310 
4082 1121 1122 1124 
4083 1183 1184 1185 
4084 845 838 846 
4085 837 836 838 
4086 1756 1757 1822 
4087 1668 1665 2483 
4088 2240 1932 2471 
4089 1750 2292 2380 
4090 1317 2107 2416 
4091 1777 2319 2756 
4092 1305 1307 1361 
4093 876 878 2382 
4094 835 821 836 
4095 1206 1207 2345 
4096 985 982 2316 
4097 814 154 2612 
4098 2310 1742 2420 
4099 1147 1146 1148 
4100 1676 1710 1898 
4101 1770 1769 1850 
4102 2362 1641 2409 
4103 1446 1724 2384 
4104 1670 1434 1671 
4105 1632 1448 2342 
4106 1354 1355 1446 
4107 1724 1986 2479 
4108 1391 1392 1551 
4109 1124 1125 1126 
4110 1813 2004 2662 
4111 1652 1643 1780 
4112 2066 2065 2377 
4113 1545 1719 1720 
4114 1126 1127 1128 
4115 2062 1720 2063 
4116 1161 1162 1163 
4117 1078 1076 1310 
4118 1081 1080 2417 
4119 1136 1137 1139 
4120 1635 1634 1636 
4121 1278 1641 2362 
4122 1489 1492 2394 
4123 1631 1811 2410 
4124 1091 1092 1093 
4125 8 126 2332 
4126 1163 1164 1241 
4127 1658 2415 2424 
4128 1189 1201 1204 
4129 1210 1237 1252 
4130 1189 1190 1201 
4131 1591 1590 2340 
4132 1242 1332 1333 
4133 1572 1573 1905 
4134 1602 1504 1603 
4135 1128 1129 2282 
4136 1639 1640 1843 
4137 1354 1252 1355 
4138 926 932 1091 
4139 850 849 851 
4140 2128 1315 2491 
4141 858 859 860 
4142 959 996 1305 
4143 1275 1342 2380 
4144 1629 1630 1758 
4145 1384 1385 1472 
4146 947 942 952 
4147 1623 1625 2319 
4148 1001 2312 2410 
4149 1056 1053 2391 
4150 1744 1606 1745 
4151 991 2290 2392 
4152 2369 1825 2467 
4153 2049 1839 2653 
4154 2087 2085 2088 
4155 1883 1892 1893 
4156 2212 809 2642 
4157 858 857 859 
4158 2274 991 2392 
4159 132 843 2632 
4160 1168 1170 1172 
4161 1360 1354 2384 
4162 854 856 890 
4163 1156 1158 1160 
4164 1187 1188 1189 
4165 2017 2348 2808 
4166 1391 1551 1676 
4167 1735 1736 2541 
4168 856 855 857 
4169 1163 1241 1242 
4170 1718 941 2378 
4171 848 850 1319 
4172 1779 2391 2445 
4173 854 853 855 
4174 1893 1917 1918 
4175 115 114 2432 
4176 1779 2371 2391 
4177 2380 1505 2425 
4178 862 866 2354 
4179 820 818 821 
4180 852 851 853 
4181 1648 2428 2442 
4182 1386 1530 1531 
4183 1187 1189 2372 
4184 2040 2631 2680 
4185 1309 860 2354 
4186 1151 1171 1281 
4187 848 849 850 
4188 1472 1543 1545 
4189 2419 1844 2474 
4190 2047 2045 2663 
4191 1185 1186 1187 
4192 2468 925 2737 
4193 250 251 2501 
4194 2231 1798 2624 
4195 1916 920 2720 
4196 1672 1450 1695 
4197 879 882 2453 
4198 950 949 953 
4199 1569 1570 1848 
4200 1649 1612 2382 
4201 846 847 848 
4202 1707 2316 2484 
4203 1218 1221 2408 
4204 1148 1150 1151 
4205 1833 100 2793 
4206 2290 2233 2392 
4207 856 857 858 
4208 1410 1476 2350 
4209 1139 1140 2388 
4210 1210 1208 1237 
4211 2045 1891 2663 
4212 1384 1472 1499 
4213 853 2098 2720 
4214 1333 1332 1391 
4215 1654 1656 1658 
4216 2263 1937 2521 
4217 884 881 2461 
4218 854 855 856 
4219 1643 1642 2298 
4220 2245 813 2314 
4221 1129 1132 2282 
4222 2376 2242 2446 
4223 1349 1102 1351 
4224 1175 1177 1209 
4225 845 897 1322 
4226 1781 1780 2302 
4227 155 1110 2612 
4228 1242 1241 1332 
4229 1245 1206 1301 
4230 1784 1507 2350 
4231 1562 1621 1622 
4232 852 853 854 
4233 850 851 852 
4234 2107 1651 2573 
4235 1759 1761 1762 
4236 1151 1152 1171 
4237 921 2100 2489 
4238 2091 2088 2094 
4239 146 907 2431 
4240 911 247 2689 
4241 1488 1489 2394 
4242 1087 1084 1302 
4243 108 7 1749 
4244 1619 1895 2481 
4245 2382 878 2423 
4246 2312 1631 2410 
4247 1676 1551 1710 
4248 1281 1282 1383 
4249 1383 1282 1384 
4250 1536 1535 1642 
4251 1194 1196 1205 
4252 1204 1208 1210 
4253 860 862 2354 
4254 1301 1206 2345 
4255 1604 1603 1789 
4256 1753 2036 2760 
4257 845 846 897 
4258 933 927 934 
4259 2509 2064 2597 
4260 1451 1450 1672 
4261 1144 1146 1147 
4262 826 1959 2605 
4263 1414 1404 1415 
4264 1677 1591 2340 
4265 2175 2177 2533 
4266 948 949 950 
4267 1402 1321 1436 
4268 1172 1173 1258 
4269 1636 1634 1709 
4270 1869 2395 2707 
4271 835 837 839 
4272 1281 1171 1282 
4273 1402 1436 1528 
4274 1467 1678 2510 
4275 1204 1201 1208 
4276 2040 904 2631 
4277 2346 1290 2477 
4278 1492 1494 1715 
4279 1763 1765 1913 
4280 1590 1360 2384 
4281 1357 1249 2435 
4282 1172 1258 1512 
4283 1846 1845 1888 
4284 1762 2067 2524 
4285 1101 1094 1102 
4286 1368 1301 1370 
4287 1738 1547 2353 
4288 1511 1510 1829 
4289 1990 1149 2723 
4290 1507 1410 2350 
4291 1387 1291 1388 
4292 1660 1692 1849 
4293 1829 1510 1830 
4294 1225 1226 2454 
4295 2228 1806 2684 
4296 1202 1206 1245 
4297 1803 1779 2445 
4298 1231 1230 2368 
4299 1435 1368 1450 
4300 1512 1513 1804 
4301 952 942 2370 
4302 1842 1566 2366 
4303 1513 1653 1654 
4304 230 2007 2740 
4305 2055 2492 2785 
4306 1750 2380 2425 
4307 935 934 936 
4308 2491 1740 2773 
4309 1525 1526 1879 
4310 1373 2315 2405 
4311 1528 1572 1752 
4312 813 81 2314 
4313 1547 1549 2353 
4314 1566 1784 2366 
4315 1303 1231 1304 
4316 80 1418 2314 
4317 1110 156 2630 
4318 1748 1666 1845 
4319 1367 1404 1414 
4320 1351 1102 1366 
4321 883 886 2490 
4322 1871 1868 2396 
4323 1329 1217 1663 
4324 1501 1785 1786 
4325 937 936 938 
4326 921 6 922 
4327 1528 1436 1572 
4328 817 820 1362 
4329 1417 1525 1576 
4330 922 6 1452 
4331 1694 1550 1904 
4332 1399 1304 1405 
4333 935 937 939 
4334 1003 2269 2426 
4335 1217 1218 2408 
4336 2371 1056 2391 
4337 1596 2288 2718 
4338 1656 1657 1660 
4339 1207 1213 2345 
4340 1654 1655 1656 
4341 1149 1146 2655 
4342 1305 2311 2381 
4343 1496 1608 2358 
4344 837 838 845 
4345 1636 1709 1896 
4346 1664 1663 1665 
4347 835 836 837 
4348 1666 1665 1667 
4349 1802 1781 2302 
4350 1428 1550 1694 
4351 1780 1643 2298 
4352 1622 1777 1827 
4353 1117 1119 1123 
4354 1354 1446 2384 
4355 1229 1231 1303 
4356 1133 1136 2416 
4357 1649 2382 2423 
4358 1098 2180 2438 
4359 1767 1769 1770 
4360 2192 2191 2540 
4361 2296 868 2409 
4362 224 805 2594 
4363 1058 1059 2587 
4364 1322 1416 1417 
4365 820 821 835 
4366 1941 2263 2542 
4367 817 813 818 
4368 981 960 2381 
4369 1622 1623 1777 
4370 1290 8 1291 
4371 7 813 817 
4372 1808 1458 2387 
4373 1434 1365 2386 
4374 1147 1148 2344 
4375 943 947 948 
4376 1093 1092 1094 
4377 1907 1673 2519 
4378 1798 1534 2497 
4379 1908 1637 2449 
4380 2204 2203 2537 
4381 1797 1599 2536 
4382 2187 2188 2548 
4383 1132 1133 2416 
4384 2264 1589 2520 
4385 1367 1644 2418 
4386 1215 1217 1329 
4387 2088 2359 2464 
4388 1124 1126 1138 
4389 960 959 2381 
4390 1245 1301 1368 
4391 1140 1143 2388 
4392 1221 1223 1311 
4393 2575 1645 2610 
4394 1365 1517 2386 
4395 2119 831 2676 
4396 2315 2250 2405 
4397 1892 1882 2534 
4398 1076 1073 2398 
4399 1569 1848 1877 
4400 815 229 2740 
4401 1492 1715 2394 
4402 1770 1850 2108 
4403 1911 1751 2457 
4404 1136 1139 1317 
4405 935 936 937 
4406 1512 1258 1513 
4407 1250 1251 2591 
4408 1789 1603 1923 
4409 1322 897 1416 
4410 1031 1346 2525 
4411 1317 1139 1318 
4412 2655 1827 2723 
4413 1367 1366 1404 
4414 1584 2274 2428 
4415 941 942 943 
4416 1991 1293 2659 
4417 1417 1416 1525 
4418 1371 1029 2525 
4419 261 840 2753 
4420 1646 1466 2442 
4421 2438 1807 2708 
4422 2207 2206 2544 
4423 1303 1304 1399 
4424 1351 1366 1367 
4425 854 890 2310 
4426 1183 1185 1200 
4427 1374 1318 1412 
4428 1500 1424 2393 
4429 1535 1412 1569 
4430 1426 1500 2387 
4431 948 947 949 
4432 933 935 2385 
4433 1399 1405 1510 
4434 1013 1308 2539 
4435 1541 1540 2664 
4436 2180 131 2632 
4437 1931 2453 2471 
4438 817 818 820 
4439 1546 1738 1897 
4440 1931 2423 2453 
4441 1437 1716 1741 
4442 1674 1649 2423 
4443 1726 2153 2701 
4444 1252 1237 2373 
4445 1664 1665 1666 
4446 157 806 2630 
4447 1650 1455 2435 
4448 1290 1386 2477 
4449 2137 1171 2546 
4450 1329 1663 1664 
4451 1667 1790 2421 
4452 1420 1333 2375 
4453 1552 2598 2682 
4454 1355 1252 2373 
4455 1762 1763 2349 
4456 939 940 941 
4457 1094 1092 1443 
4458 2162 1596 2581 
4459 1148 1151 2344 
4460 1315 223 2594 
4461 1437 1388 1438 
4462 2295 1750 2425 
4463 1549 1756 2353 
4464 2133 2134 2458 
4465 1113 1115 1325 
4466 1655 1653 2406 
4467 1189 1204 2372 
4468 2461 1809 2505 
4469 1317 1318 1374 
4470 1374 1412 1535 
4471 2161 1826 2722 
4472 1945 2254 2568 
4473 2355 161 2675 
4474 128 2181 2450 
4475 1289 104 2324 
4476 91 830 2322 
4477 1292 92 2322 
4478 93 1292 2325 
4479 831 94 2325 
4480 1293 96 2326 
4481 95 831 2326 
4482 97 1293 2327 
4483 832 98 2327 
4484 830 90 2323 
4485 83 833 2330 
4486 89 1294 2323 
4487 829 86 2331 
4488 103 827 2324 
4489 87 829 2329 
4490 1295 84 2330 
4491 85 1295 2331 
4492 1294 88 2329 
4493 826 125 2334 
4494 124 1296 2334 
4495 1296 123 2333 
4496 122 825 2333 
4497 825 121 2335 
4498 120 1298 2335 
4499 1647 1455 1650 
4500 1551 1552 2414 
4501 887 891 2522 
4502 824 117 2336 
4503 1846 1963 2725 
4504 2440 1239 2756 
4505 1375 1396 2444 
4506 116 1297 2336 
4507 1608 1875 2358 
4508 2053 2050 2469 
4509 943 942 947 
4510 1237 1323 2373 
4511 133 134 2597 
4512 2209 2207 2585 
4513 2481 1895 2497 
4514 1716 1438 1771 
4515 2374 1001 2410 
4516 1705 1645 2575 
4517 1444 1397 2580 
4518 2015 1871 2396 
4519 1533 2375 2485 
4520 2336 1297 2576 
4521 2094 2088 2464 
4522 827 102 2346 
4523 823 113 2338 
4524 1831 1698 2513 
4525 2375 1676 2485 
4526 1084 1081 2417 
4527 941 940 942 
4528 1323 1670 2373 
4529 1819 2110 2480 
4530 1777 1623 2319 
4531 933 934 935 
4532 959 1305 2381 
4533 1815 1745 2687 
4534 2147 2146 2643 
4535 2242 1697 2446 
4536 1458 1426 2387 
4537 2446 1809 2461 
4538 2408 1311 2483 
4539 1531 1530 1820 
4540 1201 1190 2413 
4541 1263 1996 2638 
4542 1517 1639 2386 
4543 1221 1311 2408 
4544 1422 1533 2393 
4545 112 1299 2338 
4546 1795 1794 2433 
4547 1333 1391 2375 
4548 2240 2490 2521 
4549 1533 1420 2375 
4550 2104 909 2508 
4551 1262 2144 2608 
4552 1091 932 1092 
4553 1391 1676 2375 
4554 2076 1885 2619 
4555 101 1290 2346 
4556 1179 1181 1330 
4557 1151 1281 2344 
4558 1855 2664 2665 
4559 1190 1192 2413 
4560 939 937 940 
4561 1431 2418 2500 
4562 1424 1422 2393 
4563 2033 1311 2574 
4564 1299 111 2348 
4565 1606 1604 2390 
4566 1627 1629 1783 
4567 1297 115 2432 
4568 941 943 2378 
4569 114 823 2432 
4570 2143 1257 2507 
4571 1355 2373 2482 
4572 1245 1435 2419 
4573 878 879 2453 
4574 1922 2342 2493 
4575 2203 2202 2588 
4576 812 2230 2588 
4577 1769 2114 2590 
4578 1787 2425 2481 
4579 2097 836 2751 
4580 110 822 2348 
4581 1380 201 2460 
4582 1604 1789 2390 
4583 1504 1369 2402 
4584 1192 1194 2412 
4585 1521 2038 2696 
4586 126 826 2332 
4587 1310 1076 2398 
4588 1465 1702 2561 
4589 1717 1388 2779 
4590 1147 2126 2545 
4591 235 925 2468 
4592 1949 2259 2584 
4593 846 848 2383 
4594 1982 1227 2749 
4595 2583 1883 2603 
4596 1173 1175 2404 
4597 1933 1962 2562 
4598 1166 1168 2403 
4599 918 2357 2575 
4600 1386 1291 1387 
4601 2428 1646 2442 
4602 1318 1139 2388 
4603 1274 1400 2593 
4604 1763 1913 2349 
4605 981 2381 2484 
4606 921 922 926 
4607 1820 1530 1821 
4608 1198 1202 2419 
4609 2281 1614 2452 
4610 1853 2355 2675 
4611 233 2411 2645 
4612 2354 1966 2738 
4613 2040 1955 2611 
4614 1226 1229 2454 
4615 2104 2509 2597 
4616 1062 1314 2587 
4617 932 927 933 
4618 2179 1736 2642 
4619 1687 1742 2459 
4620 897 846 2383 
4621 1290 1291 1386 
4622 2189 2190 2600 
4623 926 922 927 
4624 2525 2197 2586 
4625 1258 1173 2404 
4626 1806 2226 2658 
4627 958 849 2815 
4628 1508 2066 2580 
4629 881 880 2461 
4630 1797 2536 2550 
4631 926 927 932 
4632 1437 1438 1716 
4633 1663 2408 2483 
4634 2373 1670 2482 
4635 1379 1272 2593 
4636 2215 2217 2595 
4637 1785 1502 2555 
4638 1748 1846 2671 
4639 1136 1317 2416 
4640 1288 1134 2470 
4641 1384 1499 2400 
4642 1582 2238 2625 
4643 891 892 2560 
4644 1386 1387 1530 
4645 2440 2319 2741 
4646 1593 1677 2463 
4647 852 2310 2420 
4648 2221 2222 2607 
4649 1052 2365 2445 
4650 1405 1457 2399 
4651 2063 1720 2452 
4652 1663 1217 2408 
4653 265 266 2699 
4654 2062 2064 2556 
4655 2381 2311 2484 
4656 1634 1383 2400 
4657 961 276 2635 
4658 1694 1904 2649 
4659 2423 878 2453 
4660 1527 1841 2578 
4661 1383 1384 2400 
4662 2335 1298 2433 
4663 920 855 2720 
4664 2399 2037 2569 
4665 277 1554 2635 
4666 2472 2143 2507 
4667 1392 1332 2554 
4668 1097 259 2670 
4669 1387 1388 1437 
4670 1953 2252 2611 
4671 2370 940 2439 
4672 1929 1930 2562 
4673 2532 1836 2554 
4674 2425 1505 2481 
4675 1851 1593 2463 
4676 2357 1705 2575 
4677 1296 2333 2430 
4678 2552 1693 2599 
4679 848 1319 2383 
4680 2172 2533 2686 
4681 1965 2580 2647 
4682 935 939 2385 
4683 1741 1716 1775 
4684 1502 2236 2555 
4685 2283 1578 2769 
4686 2114 1768 2502 
4687 1302 1084 2417 
4688 75 921 2489 
4689 1710 1551 2414 
4690 1695 1450 2429 
4691 1054 2129 2803 
4692 1572 1905 2411 
4693 1745 1606 2390 
4694 835 839 2504 
4695 1161 2369 2467 
4696 2578 1841 2609 
4697 1396 1546 2444 
4698 895 896 2582 
4699 1830 1510 2399 
4700 938 1113 2437 
4701 1168 1172 2403 
4702 1878 2309 2491 
4703 834 196 2628 
4704 1654 1658 2424 
4705 76 75 2489 
4706 1709 1634 2400 
4707 1261 2218 2644 
4708 1752 1572 2411 
4709 1194 1205 2412 
4710 850 852 2420 
4711 1772 1460 2621 
4712 258 1097 2634 
4713 1720 2281 2452 
4714 2120 949 2492 
4715 1776 2159 2673 
4716 1669 1699 2472 
4717 198 951 2641 
4718 1319 850 2420 
4719 1603 1504 2402 
4720 2247 1884 2585 
4721 1050 2141 2788 
4722 1480 1746 2621 
4723 1873 2007 2637 
4724 1838 1840 2566 
4725 1510 1405 2399 
4726 1175 1209 2404 
4727 1986 840 2804 
4728 1557 1558 2538 
4729 2359 1431 2464 
4730 916 2239 2631 
4731 1932 1931 2471 
4732 1193 1191 2512 
4733 1158 1161 2467 
4734 1832 2345 2441 
4735 1765 1767 2434 
4736 1202 1245 2419 
4737 182 1265 2650 
4738 165 1340 2683 
4739 1590 2384 2479 
4740 1241 1164 2532 
4741 1571 1682 2627 
4742 162 808 2675 
4743 2304 1418 2558 
4744 2240 2471 2490 
4745 1046 2150 2783 
4746 1804 1513 2424 
4747 2755 1758 2780 
4748 1740 1700 2589 
4749 1172 1512 2403 
4750 841 250 2501 
4751 1368 1370 2429 
4752 2231 164 2683 
4753 2038 1306 2603 
4754 1192 2412 2413 
4755 248 249 2475 
4756 2244 1609 2595 
4757 1565 1279 2473 
4758 1196 1198 2474 
4759 1678 2244 2487 
4760 845 1322 2443 
4761 2306 1298 2535 
4762 1187 2372 2451 
4763 1684 1683 2636 
4764 1236 2011 2531 
4765 2384 1724 2479 
4766 1505 1619 2481 
4767 1213 1215 2441 
4768 2139 1576 2654 
4769 1042 2152 2774 
4770 858 1309 2565 
4771 2236 1801 2555 
4772 1564 1796 2668 
4773 1229 1303 2454 
4774 2113 1887 2615 
4775 1494 1501 2436 
4776 1539 1381 2609 
4777 2421 2025 2422 
4778 1708 1919 2768 
4779 1450 1368 2429 
4780 1160 1158 2467 
4781 1809 1810 2505 
4782 2348 822 2808 
4783 1256 2285 2759 
4784 2011 1246 2714 
4785 1532 1813 2662 
4786 2146 1259 2781 
4787 1264 215 2690 
4788 216 809 2690 
4789 1951 2154 2774 
4790 1513 1654 2424 
4791 1569 1877 2427 
4792 904 903 2631 
4793 1771 1438 2498 
4794 2285 2061 2721 
4795 900 901 2620 
4796 1156 1160 2503 
4797 1501 1786 2436 
4798 1715 1494 2436 
4799 2176 1556 2732 
4800 1436 1321 2462 
4801 1806 1519 2684 
4802 1105 2530 2772 
4803 839 837 2443 
4804 1670 1690 2482 
4805 1115 1117 2448 
4806 171 816 2706 
4807 1263 170 2706 
4808 1535 1569 2427 
4809 1642 1535 2427 
4810 937 938 2439 
4811 1545 2062 2556 
4812 1751 2071 2667 
4813 1205 1196 2474 
4814 2316 981 2484 
4815 882 883 2490 
4816 1837 2122 2771 
4817 1913 1765 2434 
4818 1614 2438 2452 
4819 1923 1603 2402 
4820 1222 2039 2494 
4821 1470 1571 2684 
4822 1935 1936 2648 
4823 1787 2481 2497 
4824 880 2446 2461 
4825 2340 1590 2479 
4826 1954 1956 2674 
4827 1185 1187 2451 
4828 1528 1753 2760 
4829 1904 1914 2626 
4830 278 9 2730 
4831 9 127 2730 
4832 1534 1787 2497 
4833 1386 1531 2477 
4834 1919 1708 2750 
4835 5 107 2515 
4836 2026 1108 2694 
4837 1366 1102 2447 
4838 2216 1555 2733 
4839 255 12 2732 
4840 12 256 2732 
4841 1321 1089 2462 
4842 179 10 2733 
4843 10 180 2733 
4844 202 11 2734 
4845 11 203 2734 
4846 1117 1123 2448 
4847 1447 1355 2482 
4848 1647 2498 2579 
4849 1000 2245 2572 
4850 1742 2310 2459 
4851 1181 1183 2456 
4852 1215 1329 2441 
4853 2309 1740 2491 
4854 837 845 2443 
4855 934 927 2478 
4856 2345 1213 2441 
4857 1676 1898 2485 
4858 107 828 2515 
4859 1298 119 2535 
4860 118 824 2535 
4861 1546 1897 2444 
4862 1669 2472 2507 
4863 1939 1940 2678 
4864 1209 1177 2499 
4865 1177 1179 2499 
4866 951 2223 2763 
4867 1854 1722 2564 
4868 1664 1748 2601 
4869 2001 1575 2506 
4870 1102 1094 2447 
4871 1438 1717 2498 
4872 2263 2521 2522 
4873 949 947 2492 
4874 1767 1770 2434 
4875 1759 1762 2524 
4876 78 804 2558 
4877 1755 1754 2529 
4878 1418 79 2558 
4879 1144 1147 2545 
4880 1113 1325 2437 
4881 2565 1309 2646 
4882 940 937 2439 
4883 1589 1467 2510 
4884 838 836 2745 
4885 1107 2024 2547 
4886 804 77 2557 
4887 1943 1944 2695 
4888 1306 1250 2591 
4889 2342 1539 2493 
4890 2506 1575 2528 
4891 1171 1152 2546 
4892 912 2021 2518 
4893 2403 1836 2532 
4894 2517 1811 2536 
4895 1947 1948 2715 
4896 2409 1641 2495 
4897 1951 1952 2724 
4898 2286 1924 2652 
4899 2407 1209 2499 
4900 1440 1343 2792 
4901 2131 2409 2495 
4902 2273 1819 2480 
4903 1760 2016 2618 
4904 1198 2419 2474 
4905 2270 884 2505 
4906 1808 2387 2703 
4907 947 952 2492 
4908 1094 1443 2447 
4909 2387 2116 2703 
4910 1696 1669 2507 
4911 1665 1663 2483 
4912 1641 1708 2495 
4913 1692 1657 2742 
4914 1848 2241 2772 
4915 1325 1115 2448 
4916 919 2343 2658 
4917 1200 1185 2451 
4918 271 272 2511 
4919 2302 2023 2614 
4920 1823 1883 2583 
4921 1428 1694 2488 
4922 1154 1156 2503 
4923 2275 2368 2488 
4924 225 226 2514 
4925 933 2385 2455 
4926 1973 1974 2596 
4927 1698 1696 2513 
4928 1747 2442 2571 
4929 2308 2602 2767 
4930 893 889 2789 
4931 1659 2407 2667 
4932 2529 1754 2702 
4933 1540 2068 2665 
4934 1346 2264 2520 
4935 1696 2507 2513 
4936 1183 1200 2456 
4937 1937 2240 2521 
4938 820 835 2504 
4939 1995 1358 2687 
4940 2482 1690 2523 
4941 938 2437 2439 
4942 1443 1092 2455 
4943 1803 2526 2541 
4944 1575 1837 2528 
4945 808 2231 2624 
4946 1437 1741 2465 
4947 1947 2152 2783 
4948 2377 890 2565 
4949 1905 1573 2496 
4950 1673 1929 2519 
4951 1447 2482 2523 
4952 1499 1472 2556 
4953 1347 1402 2516 
4954 2553 1694 2649 
4955 2002 1243 2746 
4956 886 887 2522 
4957 2172 2175 2533 
4958 932 933 2455 
4959 2771 2122 2789 
4960 890 856 2565 
4961 2023 913 2614 
4962 1029 1031 2525 
4963 2368 1276 2488 
4964 1107 1963 2796 
4965 1839 1838 2559 
4966 1830 2399 2569 
4967 1092 932 2455 
4968 2056 1292 2693 
4969 2350 1476 2577 
4970 2229 1264 2651 
4971 2277 1907 2761 
4972 119 118 2535 
4973 1959 1567 2579 
4974 1896 2241 2692 
4975 1179 1330 2499 
4976 1038 2154 2778 
4977 1983 2618 2801 
4978 1565 2473 2551 
4979 2285 1862 2759 
4980 1362 820 2504 
4981 1774 1818 2576 
4982 2298 1642 2518 
4983 1166 2403 2532 
4984 1867 2285 2721 
4985 1104 2366 2691 
4986 2471 882 2490 
4987 1276 1428 2488 
4988 1257 1013 2539 
4989 1615 1968 2807 
4990 2410 1811 2517 
4991 2383 2161 2672 
4992 1098 2438 2708 
4993 2602 1981 2767 
4994 1794 1910 2700 
4995 1919 1847 2812 
4996 1330 1181 2456 
4997 2310 890 2459 
4998 2669 814 2766 
4999 2374 2410 2517 
5000 2507 1257 2513 
5001 2260 1482 2537 
5002 1539 2609 2640 
5003 1723 1447 2523 
5004 2208 2204 2537 
5005 1526 1416 2672 
5006 1802 2614 2639 
5007 1109 2082 2563 
5008 1993 1247 2758 
5009 1758 1759 2524 
5010 138 139 2530 
5011 1561 1562 2633 
5012 1821 1530 2465 
5013 1645 2287 2610 
5014 2132 2374 2517 
5015 2104 2508 2509 
5016 1727 2230 2651 
5017 2443 1693 2552 
5018 2254 1941 2542 
5019 1943 2150 2788 
5020 1530 1387 2465 
5021 2191 1316 2540 
5022 2540 1316 2548 
5023 2206 2208 2544 
5024 1537 1919 2812 
5025 2671 1846 2725 
5026 922 1452 2478 
5027 1164 1166 2532 
5028 2493 1539 2640 
5029 100 99 2793 
5030 809 2178 2642 
5031 2667 2071 2742 
5032 248 2475 2689 
5033 2197 2194 2586 
5034 927 922 2478 
5035 833 82 2619 
5036 1642 2427 2518 
5037 1749 2347 2679 
5038 1387 1437 2465 
5039 1706 1456 2553 
5040 2237 1553 2544 
5041 2365 2080 2526 
5042 1415 2047 2782 
5043 2610 2287 2657 
5044 1939 2141 2803 
5045 2256 1803 2541 
5046 1358 2656 2687 
5047 1316 2187 2548 
5048 1811 1812 2536 
5049 1291 8 2779 
5050 2731 1837 2771 
5051 2354 866 2769 
5052 2542 891 2560 
5053 76 2489 2557 
5054 1382 2159 2792 
5055 1289 2170 2813 
5056 2170 828 2813 
5057 1622 1827 2633 
5058 2591 1251 2606 
5059 1311 1223 2574 
5060 2176 257 2634 
5061 2129 2648 2803 
5062 2194 2192 2604 
5063 1831 2513 2539 
5064 77 76 2557 
5065 8 2332 2779 
5066 1143 1144 2545 
5067 2592 2787 2809 
5068 79 78 2558 
5069 1803 2445 2526 
5070 1874 1873 2637 
5071 2029 2028 2577 
5072 1128 2276 2757 
5073 1778 2256 2608 
5074 2305 1887 2717 
5075 1417 1576 2776 
5076 1558 1561 2538 
5077 2725 1963 2775 
5078 2166 2182 2638 
5079 2536 1812 2550 
5080 2586 2194 2604 
5081 892 895 2560 
5082 1132 2416 2573 
5083 2445 2365 2526 
5084 2341 1615 2807 
5085 2262 1488 2681 
5086 2182 1263 2638 
5087 1152 1154 2546 
5088 822 109 2679 
5089 2366 1784 2691 
5090 2464 1431 2500 
5091 2395 1080 2707 
5092 1812 1921 2550 
5093 1708 1565 2551 
5094 1154 2503 2546 
5095 1690 1671 2798 
5096 2259 1945 2568 
5097 1080 1078 2707 
5098 1466 1465 2561 
5099 2052 1138 2810 
5100 1707 2484 2578 
5101 2149 2575 2610 
5102 2003 824 2705 
5103 2149 918 2575 
5104 2353 2606 2688 
5105 828 106 2813 
5106 105 1289 2813 
5107 2328 1991 2754 
5108 1240 2434 2677 
5109 1928 2755 2780 
5110 1912 1521 2599 
5111 1636 1896 2692 
5112 2441 1329 2601 
5113 2141 2678 2788 
5114 7 817 2784 
5115 1805 1806 2658 
5116 2415 1552 2682 
5117 2116 961 2703 
5118 2118 2034 2666 
5119 2568 895 2582 
5120 1930 1933 2562 
5121 1928 1538 2712 
5122 1466 2561 2571 
5123 1397 1508 2580 
5124 2576 1818 2705 
5125 2407 2457 2667 
5126 243 244 2570 
5127 1472 1545 2556 
5128 1797 2550 2615 
5129 108 1749 2679 
5130 2353 1756 2606 
5131 1722 1723 2564 
5132 1749 7 2784 
5133 2377 2565 2646 
5134 1707 2578 2609 
5135 1414 1415 2782 
5136 1836 1804 2598 
5137 134 2104 2597 
5138 1108 2421 2694 
5139 1225 2454 2666 
5140 2090 2099 2572 
5141 1741 1775 2543 
5142 2178 2179 2642 
5143 2153 830 2701 
5144 2150 2695 2783 
5145 2570 1107 2796 
5146 1059 1062 2587 
5147 1878 2491 2764 
5148 2528 1837 2731 
5149 1801 1802 2555 
5150 856 858 2565 
5151 1793 2162 2581 
5152 2319 1625 2741 
5153 1293 2326 2659 
5154 1332 1241 2554 
5155 2521 886 2522 
5156 2484 2311 2578 
5157 1531 1820 2590 
5158 1358 1988 2656 
5159 2252 1949 2584 
5160 1775 1716 2622 
5161 2241 1105 2772 
5162 2211 2209 2585 
5163 2216 181 2650 
5164 896 900 2582 
5165 2569 2037 2737 
5166 2674 2146 2781 
5167 831 2325 2676 
5168 2202 812 2588 
5169 1243 1995 2704 
5170 2421 1790 2694 
5171 1832 2441 2601 
5172 2567 2090 2572 
5173 1989 1461 2726 
5174 1816 1991 2659 
5175 2514 1256 2759 
5176 1793 2581 2617 
5177 2152 2715 2774 
5178 2044 2043 2806 
5179 1246 1180 2661 
5180 897 2383 2672 
5181 2302 1780 2710 
5182 2284 1371 2586 
5183 2218 2215 2595 
5184 1700 1778 2589 
5185 1272 1274 2593 
5186 1476 2262 2577 
5187 2308 2388 2602 
5188 1331 1611 2719 
5189 223 224 2594 
5190 2077 2078 2697 
5191 1822 1823 2583 
5192 814 2612 2766 
5193 2566 1840 2613 
5194 2601 1748 2671 
5195 2584 900 2620 
5196 1223 1225 2574 
5197 1295 2330 2713 
5198 2617 1440 2792 
5199 1306 2583 2603 
5200 2007 931 2637 
5201 2287 1379 2657 
5202 2190 1260 2600 
5203 2530 1877 2772 
5204 1123 1119 2752 
5205 2282 1132 2573 
5206 1126 1128 2757 
5207 1850 1769 2590 
5208 1743 2119 2676 
5209 1478 2495 2768 
5210 1964 1965 2797 
5211 1820 1821 2714 
5212 2416 2107 2573 
5213 2600 1260 2607 
5214 806 2113 2615 
5215 821 1000 2751 
5216 1692 2742 2787 
5217 2284 2586 2604 
5218 2179 1262 2608 
5219 2385 1718 2709 
5220 2311 1527 2578 
5221 2343 1805 2658 
5222 2592 1692 2787 
5223 1814 2149 2610 
5224 1783 2440 2741 
5225 1849 1692 2592 
5226 2035 814 2669 
5227 1090 1347 2626 
5228 1991 1817 2754 
5229 1824 2181 2708 
5230 1260 2221 2607 
5231 2159 1793 2617 
5232 2045 1415 2799 
5233 1955 1953 2611 
5234 1874 2496 2623 
5235 2652 951 2763 
5236 1627 1783 2741 
5237 2046 2077 2697 
5238 2230 2229 2651 
5239 2105 915 2735 
5240 154 155 2612 
5241 1251 1982 2688 
5242 1392 2554 2598 
5243 2314 1418 2567 
5244 82 5 2619 
5245 2092 2097 2660 
5246 1754 1894 2702 
5247 2335 2433 2700 
5248 1381 1707 2609 
5249 901 904 2620 
5250 2442 1466 2571 
5251 2513 1257 2539 
5252 1703 2284 2604 
5253 1296 2430 2698 
5254 1891 1890 2663 
5255 232 233 2645 
5256 839 2443 2552 
5257 1460 1480 2621 
5258 1359 2147 2643 
5259 2491 1315 2764 
5260 2361 1715 2685 
5261 2434 1770 2677 
5262 2098 2094 2629 
5263 2477 2114 2786 
5264 1881 2017 2808 
5265 1718 2379 2709 
5266 1325 2559 2566 
5267 2061 815 2721 
5268 1887 1797 2615 
5269 1814 2610 2657 
5270 2330 1970 2713 
5271 2238 1359 2625 
5272 1783 1629 2755 
5273 2173 2172 2686 
5274 1907 2563 2761 
5275 1682 1998 2627 
5276 257 258 2634 
5277 196 197 2628 
5278 1325 2448 2559 
5279 2469 1123 2752 
5280 2479 1986 2804 
5281 2053 2469 2752 
5282 156 157 2630 
5283 2437 1325 2566 
5284 2339 1373 2727 
5285 2027 1104 2691 
5286 131 132 2632 
5287 276 277 2635 
5288 2177 2176 2634 
5289 2628 197 2641 
5290 1798 2497 2624 
5291 2625 1359 2643 
5292 903 916 2631 
5293 1840 1876 2744 
5294 1683 1926 2636 
5295 1996 1997 2638 
5296 197 198 2641 
5297 2219 1261 2644 
5298 1818 2003 2705 
5299 1143 2545 2602 
5300 1146 1145 2655 
5301 1804 2424 2682 
5302 1756 1822 2606 
5303 2516 1402 2760 
5304 1970 1971 2713 
5305 1329 1664 2601 
5306 1315 2594 2764 
5307 2388 1143 2602 
5308 1736 2212 2642 
5309 1239 1990 2756 
5310 181 182 2650 
5311 2245 2314 2567 
5312 2217 2216 2650 
5313 2424 2415 2682 
5314 2778 1957 2781 
5315 1292 2322 2693 
5316 832 2743 2793 
5317 2167 2339 2727 
5318 1883 1893 2603 
5319 2057 2056 2693 
5320 1985 1878 2764 
5321 1578 1964 2797 
5322 2239 1582 2680 
5323 2226 919 2658 
5324 1925 1814 2657 
5325 906 265 2699 
5326 1936 1939 2648 
5327 1802 2302 2614 
5328 2405 2168 2727 
5329 2257 1727 2651 
5330 1841 1842 2640 
5331 1909 1537 2812 
5332 2454 2118 2666 
5333 259 260 2670 
5334 1997 1776 2673 
5335 1824 1889 2765 
5336 1885 1969 2802 
5337 1721 1532 2662 
5338 1725 1564 2668 
5339 1796 2286 2652 
5340 2496 1874 2637 
5341 1236 2531 2543 
5342 2142 2778 2781 
5343 2102 2103 2794 
5344 161 162 2675 
5345 1716 1771 2622 
5346 2154 2724 2778 
5347 1373 2405 2727 
5348 2722 1903 2747 
5349 1178 1176 2816 
5350 1822 2591 2606 
5351 1533 2485 2729 
5352 2379 1443 2709 
5353 1957 1954 2674 
5354 2108 1178 2816 
5355 2464 2500 2629 
5356 1562 1622 2633 
5357 2609 1841 2640 
5358 2554 1836 2598 
5359 2222 834 2728 
5360 2254 2542 2560 
5361 2016 2515 2618 
5362 2606 1251 2688 
5363 2583 1306 2591 
5364 2498 1717 2579 
5365 1958 2040 2680 
5366 1914 2139 2654 
5367 109 108 2679 
5368 2515 828 2618 
5369 2670 260 2753 
5370 2616 1246 2661 
5371 1370 1832 2671 
5372 2433 1794 2700 
5373 1500 2393 2794 
5374 1884 1725 2739 
5375 1856 1855 2665 
5376 1981 1980 2767 
5377 1940 1943 2678 
5378 164 165 2683 
5379 827 2346 2786 
5380 247 248 2689 
5381 1659 2667 2742 
5382 1519 1470 2684 
5383 830 2323 2701 
5384 215 216 2690 
5385 2502 827 2786 
5386 2332 826 2605 
5387 1807 1824 2708 
5388 127 2450 2730 
5389 2181 1098 2708 
5390 1959 2579 2605 
5391 2559 1838 2566 
5392 234 2468 2777 
5393 1309 2354 2738 
5394 2046 2045 2799 
5395 844 2102 2762 
5396 1826 1903 2722 
5397 2460 202 2734 
5398 2616 1820 2714 
5399 1715 2436 2685 
5400 2579 1717 2605 
5401 1944 1947 2695 
5402 2066 2377 2646 
5403 1416 897 2672 
5404 2466 1294 2736 
5405 2038 2603 2696 
5406 170 171 2706 
5407 2094 2464 2629 
5408 2437 2566 2613 
5409 2370 2439 2613 
5410 2613 1840 2744 
5411 1968 1967 2761 
5412 2245 2567 2572 
5413 1889 1808 2703 
5414 1832 2601 2671 
5415 2411 1905 2645 
5416 2497 1895 2624 
5417 2168 2167 2727 
5418 2644 2218 2800 
5419 1948 1951 2715 
5420 2688 1982 2749 
5421 1294 2329 2736 
5422 2439 2437 2613 
5423 1980 1636 2692 
5424 1770 2108 2677 
5425 811 2128 2773 
5426 1499 2509 2716 
5427 833 2619 2802 
5428 1554 278 2730 
5429 2370 2613 2744 
5430 2288 1721 2718 
5431 2401 1829 2735 
5432 836 821 2751 
5433 1952 1957 2724 
5434 229 230 2740 
5435 815 2396 2721 
5436 1556 255 2732 
5437 2142 1038 2778 
5438 1880 1772 2728 
5439 2496 1573 2623 
5440 1555 179 2733 
5441 203 1711 2734 
5442 1684 2636 2790 
5443 1738 2353 2688 
5444 2500 1916 2629 
5445 1771 2486 2758 
5446 1822 2583 2591 
5447 2259 2568 2582 
5448 2603 1893 2696 
5449 2476 841 2711 
5450 1738 2688 2749 
5451 1852 2305 2717 
5452 1861 2514 2759 
5453 855 853 2720 
5454 1657 1659 2742 
5455 2767 1980 2791 
5456 2141 1054 2803 
5457 260 261 2753 
5458 1790 1792 2694 
5459 1800 1799 2711 
5460 2495 1708 2768 
5461 2114 2502 2786 
5462 1070 2341 2807 
5463 2448 1123 2653 
5464 847 838 2745 
5465 2154 1042 2774 
5466 1488 2394 2681 
5467 2400 1499 2716 
5468 2152 1046 2783 
5469 2150 1050 2788 
5470 1709 2400 2716 
5471 2516 1706 2649 
5472 2538 1561 2806 
5473 1078 1310 2707 
5474 2037 1753 2737 
5475 2169 2168 2790 
5476 2744 1876 2785 
5477 2396 1867 2721 
5478 2505 1810 2731 
5479 2508 1709 2716 
5480 1370 2671 2725 
5481 866 2283 2769 
5482 1893 1918 2696 
5483 2223 2224 2763 
5484 1415 2077 2799 
5485 1259 2142 2781 
5486 1721 2662 2718 
5487 1862 1861 2759 
5488 828 2170 2801 
5489 2574 1225 2666 
5490 1000 2660 2751 
5491 2712 1783 2755 
5492 1780 2298 2710 
5493 2422 914 2805 
5494 2468 1752 2777 
5495 841 2501 2711 
5496 1740 2589 2773 
5497 1758 2524 2780 
5498 1849 2592 2699 
5499 2457 1751 2667 
5500 2334 1296 2698 
5501 825 2335 2700 
5502 1570 2767 2791 
5503 2559 2448 2653 
5504 1839 2559 2653 
5505 1752 2411 2777 
5506 1845 2422 2805 
5507 1609 1679 2800 
5508 2450 1554 2730 
5509 2071 1851 2787 
5510 2077 2046 2799 
5511 1388 1291 2779 
5512 824 2336 2705 
5513 1827 1777 2723 
5514 847 2745 2815 
5515 1343 1382 2792 
5516 2270 2731 2771 
5517 1967 2277 2761 
5518 1706 2553 2649 
5519 2339 2167 2748 
5520 1745 2390 2704 
5521 2509 2508 2716 
5522 1799 2476 2711 
5523 915 2401 2735 
5524 2485 1898 2762 
5525 2358 1875 2719 
5526 1711 2460 2734 
5527 906 2592 2809 
5528 2592 906 2699 
5529 888 2270 2771 
5530 1402 1528 2760 
5531 2787 1851 2809 
5532 889 888 2789 
5533 849 847 2815 
5534 1810 2528 2731 
5535 888 2771 2789 
5536 817 1362 2784 
5537 2252 2584 2620 
5538 1625 1627 2741 
5539 2393 1533 2729 
5540 1443 2455 2709 
5541 106 105 2813 
5542 2599 1693 2776 
5543 1693 1417 2776 
5544 2449 1205 2770 
5545 1570 2308 2767 
5546 1119 1121 2752 
5547 2547 1695 2775 
5548 2390 1789 2746 
5549 2066 2646 2647 
5550 2429 1370 2725 
5551 1725 2527 2739 
5552 1848 1570 2791 
5553 1897 1738 2749 
5554 1629 1758 2755 
5555 1138 1126 2757 
5556 2455 2385 2709 
5557 2523 1690 2686 
5558 1855 1414 2782 
5559 1671 1800 2798 
5560 1708 2551 2750 
5561 952 2744 2785 
5562 1963 2547 2775 
5563 2501 1800 2711 
5564 2534 1749 2784 
5565 952 2370 2744 
5566 2614 913 2639 
5567 1877 1848 2772 
5568 99 832 2793 
5569 1963 1888 2796 
5570 2719 1611 2814 
5571 1966 2647 2738 
5572 1912 2599 2776 
5573 1554 2450 2765 
5574 2346 2477 2786 
5575 1888 1845 2805 
5576 2704 2390 2746 
5577 2622 1771 2758 
5578 2058 2358 2814 
5579 2270 2505 2731 
5580 1695 2429 2775 
5581 2486 1993 2758 
5582 2598 1804 2682 
5583 2594 1985 2764 
5584 2742 2071 2787 
5585 1362 2534 2784 
5586 1851 2463 2809 
5587 1205 2474 2770 
5588 2331 1295 2811 
5589 2612 1922 2766 
5590 1243 2704 2746 
5591 2492 952 2785 
5592 1922 2493 2766 
5593 2647 2646 2738 
5594 2619 1885 2802 
5595 2474 1844 2770 
5596 2563 1968 2761 
5597 1997 2673 2748 
5598 2328 2754 2795 
5599 1138 2757 2810 
5600 2429 2725 2775 
5601 2340 2479 2804 
5602 2646 1309 2738 
5603 2159 2617 2792 
5604 2358 2719 2814 
5605 2754 1989 2795 
5606 2729 2102 2794 
5607 1246 2616 2714 
5608 1796 2652 2763 
5609 1888 2570 2796 
5610 2648 1939 2803 
5611 2589 811 2773 
5612 2618 828 2801 
5613 1957 2674 2781 
5614 2636 2169 2790 
5615 1928 2712 2755 
5616 1295 2713 2811 
5617 2660 2097 2751 
5618 2678 1943 2788 
5619 2726 1835 2795 
5620 1247 2622 2758 
5621 1980 2692 2791 
5622 1835 2743 2795 
5623 2664 1855 2782 
5624 2047 2664 2782 
5625 1679 2644 2800 
5626 2695 1947 2783 
5627 2715 1951 2774 
5628 2724 1957 2778 
5629 2677 2108 2816 
5630 1989 2726 2795 
5631 2393 2729 2794 
5632 2743 2328 2795 
$EndElements
