$MeshFormat
2.2 0 8
$EndMeshFormat
$PhysicalNames
33
1 1 "l0"
1 2 "l1"
1 3 "l2"
1 4 "l3"
1 5 "l4"
1 6 "l5"
1 7 "l6"
1 8 "l7"
1 9 "l8"
1 10 "l9"
1 11 "l10"
1 12 "l11"
1 13 "l12"
1 14 "l13"
1 15 "l14"
1 16 "l15"
1 17 "l16"
1 18 "l17"
1 19 "l18"
1 20 "l19"
1 21 "l20"
1 22 "l21"
1 23 "l22"
1 24 "l23"
2 25 "s0"
2 26 "s1"
2 27 "s2"
2 28 "s3"
2 29 "s4"
2 30 "s5"
2 31 "s6"
2 32 "s7"
2 33 "s8"
$EndPhysicalNames
$Nodes
8413
1 -6 -6 0
2 -0.6 -6 0
3 1.6 -6 0
4 21 -6 0
5 -6 -0.8 0
6 -0.6 -0.8 0
7 1.6 -0.8 0
8 21 -0.8 0
9 -6 0.6 0
10 -0.6 0.6 0
11 1.6 0.6 0
12 21 0.6 0
13 -6 6 0
14 -0.6 6 0
15 1.6 6 0
16 21 6 0
17 -5.079820551776197 -6 0
18 -4.243293697342343 -6 0
19 -3.4828146637694 -6 0
20 -2.791470017583504 -6 0
21 -2.162974824186491 -6 0
22 -1.591615499905565 -6 0
23 -1.072197880849947 -6 0
24 -5.539910275887891 -6 0
25 -4.661557124559138 -6 0
26 -3.863054180556141 -6 0
27 -3.137142340676937 -6 0
28 -2.477222420885093 -6 0
29 -1.877295162045694 -6 0
30 -1.331906690378067 -6 0
31 -0.8360989404247574 -6 0
32 0.1333333333313024 -6 0
33 0.8666666666643886 -6 0
34 -0.2333333333342152 -6 0
35 0.4999999999966446 -6 0
36 1.233333333333285 -6 0
37 1.933467008141191 -6 0
38 2.290276704677604 -6 0
39 2.672063081226508 -6 0
40 3.080574501632166 -6 0
41 3.517681718463483 -6 0
42 3.985386443954096 -6 0
43 4.48583050432765 -6 0
44 5.021305640586716 -6 0
45 5.594264028039289 -6 0
46 6.207329505218052 -6 0
47 6.863309570601336 -6 0
48 7.565208240686539 -6 0
49 8.316239818174205 -6 0
50 9.11984361040806 -6 0
51 9.97969967014931 -6 0
52 10.89974564752545 -6 0
53 11.88419483682341 -6 0
54 12.93755547049425 -6 0
55 14.06465135194279 -6 0
56 15.27064394376353 -6 0
57 16.56105601121584 -6 0
58 17.94179692648303 -6 0
59 19.41918971277508 -6 0
60 1.766733504070581 -6 0
61 2.111871856409425 -6 0
62 2.481169892952042 -6 0
63 2.876318791429283 -6 0
64 3.29912811004781 -6 0
65 3.751534081208806 -6 0
66 4.235608474140829 -6 0
67 4.753568072457217 -6 0
68 5.307784834313026 -6 0
69 5.900796766628613 -6 0
70 6.535319537909805 -6 0
71 7.21425890564387 -6 0
72 7.940724029430481 -6 0
73 8.718041714291109 -6 0
74 9.549771640278506 -6 0
75 10.43972265883768 -6 0
76 11.39197024217338 -6 0
77 12.41087515365883 -6 0
78 13.50110341121847 -6 0
79 14.66764764785316 -6 0
80 15.91584997748919 -6 0
81 17.25142646884985 -6 0
82 18.68049331962868 -6 0
83 20.20959485638883 -6 0
84 -6 -5.254083199473936 0
85 -6 -4.556965019955806 0
86 -6 -3.905453009776907 0
87 -6 -3.296563566571395 0
88 -6 -2.727508281051878 0
89 -6 -2.195681163173033 0
90 -6 -1.698646705502414 0
91 -6 -1.234128738243311 0
92 -6 -5.627041599737142 0
93 -6 -4.90552410971467 0
94 -6 -4.231209014866597 0
95 -6 -3.601008288174399 0
96 -6 -3.012035923811775 0
97 -6 -2.46159472211226 0
98 -6 -1.947163934337773 0
99 -6 -1.46638772187262 0
100 -6 -1.017064369121624 0
101 -0.6 -5.254083199473936 0
102 -0.6 -4.556965019955806 0
103 -0.6 -3.905453009776907 0
104 -0.6 -3.296563566571395 0
105 -0.6 -2.727508281051878 0
106 -0.6 -2.195681163173033 0
107 -0.6 -1.698646705502414 0
108 -0.6 -1.234128738243311 0
109 -0.6 -5.627041599737142 0
110 -0.6 -4.90552410971467 0
111 -0.6 -4.231209014866597 0
112 -0.6 -3.601008288174399 0
113 -0.6 -3.012035923811775 0
114 -0.6 -2.46159472211226 0
115 -0.6 -1.947163934337773 0
116 -0.6 -1.46638772187262 0
117 -0.6 -1.017064369121624 0
118 1.6 -5.254083199473936 0
119 1.6 -4.556965019955806 0
120 1.6 -3.905453009776907 0
121 1.6 -3.296563566571395 0
122 1.6 -2.727508281051878 0
123 1.6 -2.195681163173033 0
124 1.6 -1.698646705502414 0
125 1.6 -1.234128738243311 0
126 1.6 -5.627041599737142 0
127 1.6 -4.90552410971467 0
128 1.6 -4.231209014866597 0
129 1.6 -3.601008288174399 0
130 1.6 -3.012035923811775 0
131 1.6 -2.46159472211226 0
132 1.6 -1.947163934337773 0
133 1.6 -1.46638772187262 0
134 1.6 -1.017064369121624 0
135 21 -5.254083199473936 0
136 21 -4.556965019955806 0
137 21 -3.905453009776907 0
138 21 -3.296563566571395 0
139 21 -2.727508281051878 0
140 21 -2.195681163173033 0
141 21 -1.698646705502414 0
142 21 -1.234128738243311 0
143 21 -5.627041599737142 0
144 21 -4.90552410971467 0
145 21 -4.231209014866597 0
146 21 -3.601008288174399 0
147 21 -3.012035923811775 0
148 21 -2.46159472211226 0
149 21 -1.947163934337773 0
150 21 -1.46638772187262 0
151 21 -1.017064369121624 0
152 -5.079820551776197 -0.8 0
153 -4.243293697342343 -0.8 0
154 -3.4828146637694 -0.8 0
155 -2.791470017583504 -0.8 0
156 -2.162974824186491 -0.8 0
157 -1.591615499905565 -0.8 0
158 -1.072197880849947 -0.8 0
159 -5.539910275887891 -0.8 0
160 -4.661557124559138 -0.8 0
161 -3.863054180556141 -0.8 0
162 -3.137142340676937 -0.8 0
163 -2.477222420885093 -0.8 0
164 -1.877295162045694 -0.8 0
165 -1.331906690378067 -0.8 0
166 -0.8360989404247574 -0.8 0
167 -0.5083333333335222 -0.8 0
168 -0.4166666666670154 -0.8 0
169 -0.3250000000005231 -0.8 0
170 -0.2333333333341536 -0.8 0
171 -0.1416666666677732 -0.8 0
172 -0.05000000000143623 -0.8 0
173 0.04166666666492214 -0.8 0
174 0.1333333333313024 -0.8 0
175 0.2249999999976607 -0.8 0
176 0.3166666666640191 -0.8 0
177 0.4083333333304137 -0.8 0
178 0.4999999999968446 -0.8 0
179 0.5916666666637306 -0.8 0
180 0.6833333333306165 -0.8 0
181 0.7749999999975027 -0.8 0
182 0.8666666666643886 -0.8 0
183 0.9583333333312746 -0.8 0
184 1.049999999998247 -0.8 0
185 1.141666666665206 -0.8 0
186 1.233333333332165 -0.8 0
187 1.324999999999124 -0.8 0
188 1.416666666666083 -0.8 0
189 1.508333333333042 -0.8 0
190 -0.5541666666667512 -0.8 0
191 -0.4625000000002731 -0.8 0
192 -0.3708333333337753 -0.8 0
193 -0.2791666666673384 -0.8 0
194 -0.1875000000009634 -0.8 0
195 -0.09583333333460475 -0.8 0
196 -0.004166666668257046 -0.8 0
197 0.0874999999981122 -0.8 0
198 0.1791666666644817 -0.8 0
199 0.2708333333308399 -0.8 0
200 0.3624999999972204 -0.8 0
201 0.4541666666636225 -0.8 0
202 0.5458333333302875 -0.8 0
203 0.6374999999971737 -0.8 0
204 0.729166666664068 -0.8 0
205 0.8208333333309284 -0.8 0
206 0.9124999999978401 -0.8 0
207 1.004166666664775 -0.8 0
208 1.09583333333171 -0.8 0
209 1.187499999998768 -0.8 0
210 1.279166666665627 -0.8 0
211 1.370833333332598 -0.8 0
212 1.462499999999506 -0.8 0
213 1.554166666666504 -0.8 0
214 1.733028210299571 -0.8 0
215 1.871377546455507 -0.8 0
216 2.015260854524457 -0.8 0
217 2.164899494509589 -0.8 0
218 2.320523681249385 -0.8 0
219 2.482372835825874 -0.8 0
220 2.650695953457397 -0.8 0
221 2.825751995688122 -0.8 0
222 3.007810279425266 -0.8 0
223 3.197150896879235 -0.8 0
224 3.394065141765445 -0.8 0
225 3.598855951082843 -0.8 0
226 3.811838389869601 -0.8 0
227 4.033340127877104 -0.8 0
228 4.263701937394656 -0.8 0
229 4.503278220210877 -0.8 0
230 4.752437553906557 -0.8 0
231 5.011563259112409 -0.8 0
232 5.281053995122292 -0.8 0
233 5.561324363480601 -0.8 0
234 5.852805542360533 -0.8 0
235 6.155945967343129 -0.8 0
236 6.471212008892646 -0.8 0
237 6.799088692370745 -0.8 0
238 7.140080448679551 -0.8 0
239 7.494711872378259 -0.8 0
240 7.863528552691793 -0.8 0
241 8.247097904162372 -0.8 0
242 8.64601002616509 -0.8 0
243 9.060878629615255 -0.8 0
244 9.492341978621889 -0.8 0
245 9.941063862809488 -0.8 0
246 10.40773462432379 -0.8 0
247 10.89307221723024 -0.8 0
248 11.39782331020586 -0.8 0
249 11.92276444551192 -0.8 0
250 12.46870322632603 -0.8 0
251 13.03647956062136 -0.8 0
252 13.62696694719937 -0.8 0
253 14.24107383117296 -0.8 0
254 14.87974499411229 -0.8 0
255 15.54396300351081 -0.8 0
256 16.23474973439443 -0.8 0
257 16.95316793204848 -0.8 0
258 17.70032285489014 -0.8 0
259 18.47736397537249 -0.8 0
260 19.28548674232088 -0.8 0
261 20.1259344171797 -0.8 0
262 1.666514105149778 -0.8 0
263 1.802202878377535 -0.8 0
264 1.943319200489987 -0.8 0
265 2.090080174517033 -0.8 0
266 2.242711587879489 -0.8 0
267 2.401448258537622 -0.8 0
268 2.566534394641635 -0.8 0
269 2.738223974572765 -0.8 0
270 2.916781137556701 -0.8 0
271 3.10248058815224 -0.8 0
272 3.295608019322354 -0.8 0
273 3.496460546424126 -0.8 0
274 3.705347170476198 -0.8 0
275 3.922589258873373 -0.8 0
276 4.148521032635909 -0.8 0
277 4.383490078802746 -0.8 0
278 4.627857887058655 -0.8 0
279 4.8820004065095 -0.8 0
280 5.146308627117267 -0.8 0
281 5.42118917930146 -0.8 0
282 5.707064952920607 -0.8 0
283 6.004375754851806 -0.8 0
284 6.313578988117889 -0.8 0
285 6.635150350631733 -0.8 0
286 6.969584570525207 -0.8 0
287 7.31739616052883 -0.8 0
288 7.67912021253516 -0.8 0
289 8.055313228427131 -0.8 0
290 8.44655396516362 -0.8 0
291 8.853444327890159 -0.8 0
292 9.276610304118869 -0.8 0
293 9.716702920715507 -0.8 0
294 10.17439924356671 -0.8 0
295 10.65040342077672 -0.8 0
296 11.14544776371786 -0.8 0
297 11.66029387785882 -0.8 0
298 12.19573383591908 -0.8 0
299 12.7525913934737 -0.8 0
300 13.33172325391037 -0.8 0
301 13.93402038918607 -0.8 0
302 14.56040941264262 -0.8 0
303 15.21185399881151 -0.8 0
304 15.88935636895244 -0.8 0
305 16.59395883322098 -0.8 0
306 17.32674539346913 -0.8 0
307 18.08884341513182 -0.8 0
308 18.88142535884629 -0.8 0
309 19.70571057975042 -0.8 0
310 20.56296720858981 -0.8 0
311 -6 -0.3333333333345117 0
312 -6 0.1333333333321267 0
313 -6 -0.5666666666672344 0
314 -6 -0.1000000000018342 0
315 -6 0.3666666666662184 0
316 -0.6 -0.68333333333357 0
317 -0.6 -0.566666666667198 0
318 -0.6 -0.450000000000862 0
319 -0.6 -0.3333333333345117 0
320 -0.6 -0.2166666666681831 0
321 -0.6 -0.1000000000018327 0
322 -0.6 0.01666666666514682 0
323 -0.6 0.1333333333321267 0
324 -0.6 0.2499999999990627 0
325 -0.6 0.3666666666660563 0
326 -0.6 0.4833333333330352 0
327 -0.6 -0.7416666666667593 0
328 -0.6 -0.6250000000003233 0
329 -0.6 -0.5083333333340513 0
330 -0.6 -0.3916666666676869 0
331 -0.6 -0.2750000000013474 0
332 -0.6 -0.158333333335008 0
333 -0.6 -0.04166666666837859 0
334 -0.6 0.07499999999863294 0
335 -0.6 0.1916666666656218 0
336 -0.6 0.3083333333325149 0
337 -0.6 0.42499999999956 0
338 -0.6 0.5416666666665206 0
339 1.6 -0.68333333333357 0
340 1.6 -0.566666666667198 0
341 1.6 -0.450000000000862 0
342 1.6 -0.3333333333345117 0
343 1.6 -0.2166666666681831 0
344 1.6 -0.1000000000018327 0
345 1.6 0.01666666666514682 0
346 1.6 0.1333333333321267 0
347 1.6 0.2499999999990627 0
348 1.6 0.3666666666660563 0
349 1.6 0.4833333333330352 0
350 1.6 -0.7416666666667593 0
351 1.6 -0.6250000000003233 0
352 1.6 -0.5083333333340513 0
353 1.6 -0.3916666666676869 0
354 1.6 -0.2750000000013474 0
355 1.6 -0.158333333335008 0
356 1.6 -0.04166666666837859 0
357 1.6 0.07499999999863294 0
358 1.6 0.1916666666656218 0
359 1.6 0.3083333333325149 0
360 1.6 0.42499999999956 0
361 1.6 0.5416666666665206 0
362 21 -0.3333333333345117 0
363 21 0.1333333333321267 0
364 21 -0.5666666666672344 0
365 21 -0.1000000000018342 0
366 21 0.3666666666662184 0
367 -5.079820551776197 0.6 0
368 -4.243293697342343 0.6 0
369 -3.4828146637694 0.6 0
370 -2.791470017583504 0.6 0
371 -2.162974824186491 0.6 0
372 -1.591615499905565 0.6 0
373 -1.072197880849947 0.6 0
374 -5.539910275887891 0.6 0
375 -4.661557124559138 0.6 0
376 -3.863054180556141 0.6 0
377 -3.137142340676937 0.6 0
378 -2.477222420885093 0.6 0
379 -1.877295162045694 0.6 0
380 -1.331906690378067 0.6 0
381 -0.8360989404247574 0.6 0
382 -0.5083333333335222 0.6 0
383 -0.4166666666670154 0.6 0
384 -0.3250000000005231 0.6 0
385 -0.2333333333341536 0.6 0
386 -0.1416666666677732 0.6 0
387 -0.05000000000143623 0.6 0
388 0.04166666666492214 0.6 0
389 0.1333333333313024 0.6 0
390 0.2249999999976607 0.6 0
391 0.3166666666640191 0.6 0
392 0.4083333333304137 0.6 0
393 0.4999999999968446 0.6 0
394 0.5916666666637306 0.6 0
395 0.6833333333306165 0.6 0
396 0.7749999999975027 0.6 0
397 0.8666666666643886 0.6 0
398 0.9583333333312746 0.6 0
399 1.049999999998247 0.6 0
400 1.141666666665206 0.6 0
401 1.233333333332165 0.6 0
402 1.324999999999124 0.6 0
403 1.416666666666083 0.6 0
404 1.508333333333042 0.6 0
405 -0.5541666666667512 0.6 0
406 -0.4625000000002731 0.6 0
407 -0.3708333333337753 0.6 0
408 -0.2791666666673384 0.6 0
409 -0.1875000000009634 0.6 0
410 -0.09583333333460475 0.6 0
411 -0.004166666668257046 0.6 0
412 0.0874999999981122 0.6 0
413 0.1791666666644817 0.6 0
414 0.2708333333308399 0.6 0
415 0.3624999999972204 0.6 0
416 0.4541666666636225 0.6 0
417 0.5458333333302875 0.6 0
418 0.6374999999971737 0.6 0
419 0.729166666664068 0.6 0
420 0.8208333333309284 0.6 0
421 0.9124999999978401 0.6 0
422 1.004166666664775 0.6 0
423 1.09583333333171 0.6 0
424 1.187499999998768 0.6 0
425 1.279166666665627 0.6 0
426 1.370833333332598 0.6 0
427 1.462499999999506 0.6 0
428 1.554166666666504 0.6 0
429 1.733028210299571 0.6 0
430 1.871377546455507 0.6 0
431 2.015260854524457 0.6 0
432 2.164899494509589 0.6 0
433 2.320523681249385 0.6 0
434 2.482372835825874 0.6 0
435 2.650695953457397 0.6 0
436 2.825751995688122 0.6 0
437 3.007810279425266 0.6 0
438 3.197150896879235 0.6 0
439 3.394065141765445 0.6 0
440 3.598855951082843 0.6 0
441 3.811838389869601 0.6 0
442 4.033340127877104 0.6 0
443 4.263701937394656 0.6 0
444 4.503278220210877 0.6 0
445 4.752437553906557 0.6 0
446 5.011563259112409 0.6 0
447 5.281053995122292 0.6 0
448 5.561324363480601 0.6 0
449 5.852805542360533 0.6 0
450 6.155945967343129 0.6 0
451 6.471212008892646 0.6 0
452 6.799088692370745 0.6 0
453 7.140080448679551 0.6 0
454 7.494711872378259 0.6 0
455 7.863528552691793 0.6 0
456 8.247097904162372 0.6 0
457 8.64601002616509 0.6 0
458 9.060878629615255 0.6 0
459 9.492341978621889 0.6 0
460 9.941063862809488 0.6 0
461 10.40773462432379 0.6 0
462 10.89307221723024 0.6 0
463 11.39782331020586 0.6 0
464 11.92276444551192 0.6 0
465 12.46870322632603 0.6 0
466 13.03647956062136 0.6 0
467 13.62696694719937 0.6 0
468 14.24107383117296 0.6 0
469 14.87974499411229 0.6 0
470 15.54396300351081 0.6 0
471 16.23474973439443 0.6 0
472 16.95316793204848 0.6 0
473 17.70032285489014 0.6 0
474 18.47736397537249 0.6 0
475 19.28548674232088 0.6 0
476 20.1259344171797 0.6 0
477 1.666514105149778 0.6 0
478 1.802202878377535 0.6 0
479 1.943319200489987 0.6 0
480 2.090080174517033 0.6 0
481 2.242711587879489 0.6 0
482 2.401448258537622 0.6 0
483 2.566534394641635 0.6 0
484 2.738223974572765 0.6 0
485 2.916781137556701 0.6 0
486 3.10248058815224 0.6 0
487 3.295608019322354 0.6 0
488 3.496460546424126 0.6 0
489 3.705347170476198 0.6 0
490 3.922589258873373 0.6 0
491 4.148521032635909 0.6 0
492 4.383490078802746 0.6 0
493 4.627857887058655 0.6 0
494 4.8820004065095 0.6 0
495 5.146308627117267 0.6 0
496 5.42118917930146 0.6 0
497 5.707064952920607 0.6 0
498 6.004375754851806 0.6 0
499 6.313578988117889 0.6 0
500 6.635150350631733 0.6 0
501 6.969584570525207 0.6 0
502 7.31739616052883 0.6 0
503 7.67912021253516 0.6 0
504 8.055313228427131 0.6 0
505 8.44655396516362 0.6 0
506 8.853444327890159 0.6 0
507 9.276610304118869 0.6 0
508 9.716702920715507 0.6 0
509 10.17439924356671 0.6 0
510 10.65040342077672 0.6 0
511 11.14544776371786 0.6 0
512 11.66029387785882 0.6 0
513 12.19573383591908 0.6 0
514 12.7525913934737 0.6 0
515 13.33172325391037 0.6 0
516 13.93402038918607 0.6 0
517 14.56040941264262 0.6 0
518 15.21185399881151 0.6 0
519 15.88935636895244 0.6 0
520 16.59395883322098 0.6 0
521 17.32674539346913 0.6 0
522 18.08884341513182 0.6 0
523 18.88142535884629 0.6 0
524 19.70571057975042 0.6 0
525 20.56296720858981 0.6 0
526 -6 1.050826938835081 0
527 -6 1.533211760734992 0
528 -6 2.049363522136009 0
529 -6 2.601645908023815 0
530 -6 3.192588060832865 0
531 -6 3.824896164413739 0
532 -6 4.501465834473252 0
533 -6 5.225395382609614 0
534 -6 0.825413469417525 0
535 -6 1.29201934978534 0
536 -6 1.791287641435499 0
537 -6 2.32550471507989 0
538 -6 2.897116984428386 0
539 -6 3.508742112622778 0
540 -6 4.163180999442985 0
541 -6 4.863430608541233 0
542 -6 5.612697691305034 0
543 -0.6 1.050826938835081 0
544 -0.6 1.533211760734992 0
545 -0.6 2.049363522136009 0
546 -0.6 2.601645908023815 0
547 -0.6 3.192588060832865 0
548 -0.6 3.824896164413739 0
549 -0.6 4.501465834473252 0
550 -0.6 5.225395382609614 0
551 -0.6 0.825413469417525 0
552 -0.6 1.29201934978534 0
553 -0.6 1.791287641435499 0
554 -0.6 2.32550471507989 0
555 -0.6 2.897116984428386 0
556 -0.6 3.508742112622778 0
557 -0.6 4.163180999442985 0
558 -0.6 4.863430608541233 0
559 -0.6 5.612697691305034 0
560 1.6 1.050826938835081 0
561 1.6 1.533211760734992 0
562 1.6 2.049363522136009 0
563 1.6 2.601645908023815 0
564 1.6 3.192588060832865 0
565 1.6 3.824896164413739 0
566 1.6 4.501465834473252 0
567 1.6 5.225395382609614 0
568 1.6 0.825413469417525 0
569 1.6 1.29201934978534 0
570 1.6 1.791287641435499 0
571 1.6 2.32550471507989 0
572 1.6 2.897116984428386 0
573 1.6 3.508742112622778 0
574 1.6 4.163180999442985 0
575 1.6 4.863430608541233 0
576 1.6 5.612697691305034 0
577 21 1.050826938835081 0
578 21 1.533211760734992 0
579 21 2.049363522136009 0
580 21 2.601645908023815 0
581 21 3.192588060832865 0
582 21 3.824896164413739 0
583 21 4.501465834473252 0
584 21 5.225395382609614 0
585 21 0.825413469417525 0
586 21 1.29201934978534 0
587 21 1.791287641435499 0
588 21 2.32550471507989 0
589 21 2.897116984428386 0
590 21 3.508742112622778 0
591 21 4.163180999442985 0
592 21 4.863430608541233 0
593 21 5.612697691305034 0
594 -5.079820551776197 6 0
595 -4.243293697342343 6 0
596 -3.4828146637694 6 0
597 -2.791470017583504 6 0
598 -2.162974824186491 6 0
599 -1.591615499905565 6 0
600 -1.072197880849947 6 0
601 -5.539910275887891 6 0
602 -4.661557124559138 6 0
603 -3.863054180556141 6 0
604 -3.137142340676937 6 0
605 -2.477222420885093 6 0
606 -1.877295162045694 6 0
607 -1.331906690378067 6 0
608 -0.8360989404247574 6 0
609 0.1333333333313024 6 0
610 0.8666666666643886 6 0
611 -0.2333333333342152 6 0
612 0.4999999999966446 6 0
613 1.233333333333285 6 0
614 1.933467008141191 6 0
615 2.290276704677604 6 0
616 2.672063081226508 6 0
617 3.080574501632166 6 0
618 3.517681718463483 6 0
619 3.985386443954096 6 0
620 4.48583050432765 6 0
621 5.021305640586716 6 0
622 5.594264028039289 6 0
623 6.207329505218052 6 0
624 6.863309570601336 6 0
625 7.565208240686539 6 0
626 8.316239818174205 6 0
627 9.11984361040806 6 0
628 9.97969967014931 6 0
629 10.89974564752545 6 0
630 11.88419483682341 6 0
631 12.93755547049425 6 0
632 14.06465135194279 6 0
633 15.27064394376353 6 0
634 16.56105601121584 6 0
635 17.94179692648303 6 0
636 19.41918971277508 6 0
637 1.766733504070581 6 0
638 2.111871856409425 6 0
639 2.481169892952042 6 0
640 2.876318791429283 6 0
641 3.29912811004781 6 0
642 3.751534081208806 6 0
643 4.235608474140829 6 0
644 4.753568072457217 6 0
645 5.307784834313026 6 0
646 5.900796766628613 6 0
647 6.535319537909805 6 0
648 7.21425890564387 6 0
649 7.940724029430481 6 0
650 8.718041714291109 6 0
651 9.549771640278506 6 0
652 10.43972265883768 6 0
653 11.39197024217338 6 0
654 12.41087515365883 6 0
655 13.50110341121847 6 0
656 14.66764764785316 6 0
657 15.91584997748919 6 0
658 17.25142646884985 6 0
659 18.68049331962868 6 0
660 20.20959485638883 6 0
661 -3.108690249632043 -3.492793250385027 0
662 -4.399837877269173 -2.461594722112455 0
663 -2.178738989524012 -2.404163486229003 0
664 -4.488505286980284 -4.231209014866357 0
665 -2.225047070972305 -4.555770046792508 0
666 -1.625759909919612 -3.489459841025669 0
667 -3.327415180718859 -4.728552971310226 0
668 -3.368512973558953 -1.921134516248046 0
669 -1.451540521902897 -1.609889203776843 0
670 -5.162525869370718 -2.020998001002754 0
671 -5.038772628387368 -3.320198862785574 0
672 -1.339570747043168 -2.461594722112455 0
673 -4.07596052253407 -3.334484700785667 0
674 -1.503652369611449 -5.12155680740258 0
675 -2.477222420884997 -1.573574257567968 0
676 -5.193696824584149 -4.973809446156563 0
677 -2.420977046296929 -5.180502584504757 0
678 -4.186609621869309 -5.130410902036588 0
679 -1.37351476999449 -4.133966185669042 0
680 -2.809740941986015 -2.852852066695887 0
681 -4.084404763084495 -1.65314106349657 0
682 -5.276049401636189 -2.660679044940129 0
683 -2.565555863249264 -3.886880459577963 0
684 -5.163620919605142 -3.969699305973783 0
685 -3.706503550695492 -2.649988126839572 0
686 -3.750130166290255 -3.942367032234027 0
687 -5.451249265945446 -1.444365053234072 0
688 -1.127728296397403 -2.992381184261701 0
689 -1.064745343154566 -1.244283751222126 0
690 -2.305435129454619 -2.979355123783838 0
691 -3.010077200019077 -5.422503136535529 0
692 -3.01927583964648 -1.37973556765245 0
693 -1.929908783984678 -1.271474603279984 0
694 -1.056948776790073 -1.967507362971227 0
695 -2.741386440515173 -4.403865335993634 0
696 -4.75448459452948 -1.427678236595513 0
697 -1.921016565531981 -5.514150552425001 0
698 -5.632767454430411 -1.069623447869346 0
699 -2.69825547702353 -2.110893955138809 0
700 -1.778776750784544 -2.841033676927902 0
701 -1.041879801511254 -3.674838800361845 0
702 -5.562213680605116 -3.500790133783859 0
703 -2.069443306920283 -1.850023195117203 0
704 -5.624573418631845 -1.947660878109818 0
705 -1.182854445659015 -4.664207493694684 0
706 -1.331353644011855 -5.588912288314916 0
707 -4.506046327977828 -3.657779134806858 0
708 -1.935871873822 -4.027839568897765 0
709 -4.786904148561748 -5.389297734939133 0
710 -4.61071162735682 -2.944084367962257 0
711 -4.577884137103546 -1.931864371035364 0
712 -5.608674855033073 -3.012035923811636 0
713 -1.680993648201587 -2.13014366471061 0
714 -3.712164773460748 -5.424948390934691 0
715 -3.931205426133579 -4.630276500387743 0
716 -3.129242604272013 -4.064435149290662 0
717 -3.929237929806126 -2.211273075696226 0
718 -5.411291773039264 -5.488085402015466 0
719 -3.639660387480333 -1.310802229479413 0
720 -4.827280311584103 -2.393413933196047 0
721 -1.95213449878387 -5.012247148671645 0
722 -0.9334184265218032 -5.62274405162276 0
723 -5.607719860205397 -2.380998797742869 0
724 -2.626897286468288 -3.336854008088072 0
725 -3.542421581909929 -3.075807981391117 0
726 -0.9279335806310479 -2.463505337637654 0
727 -5.478354734797234 -4.510976314459247 0
728 -4.586445544345201 -4.794489919328363 0
729 -2.822949715714914 -4.887896579092602 0
730 -1.491319631973282 -1.18496362914544 0
731 -1.677406958817968 -4.610186052929371 0
732 -2.477222420884997 -1.122959027561193 0
733 -0.9242758327560195 -4.231209014866357 0
734 -2.469100334067956 -5.65373597822451 0
735 -4.096337999516973 -2.806515597645433 0
736 -3.273759281211293 -2.456515012508533 0
737 -2.139716135616388 -3.426903779716868 0
738 -1.02521314763402 -5.134744810077446 0
739 -0.8342358060011281 -1.019603122366359 0
740 -4.982124662062403 -4.496036800156862 0
741 -0.9418267051302157 -1.601756365384138 0
742 -0.7667092132609016 -5.438413625548348 0
743 -0.7667092132609016 -5.81137202581138 0
744 -4.943380514496504 -2.802381706451193 0
745 -4.718995969470462 -2.668749150579152 0
746 -5.051664856610146 -2.527046489068088 0
747 -5.596848412292075 -5.113946322815249 0
748 -5.336025779690692 -4.742392880307905 0
749 -5.739177367398617 -4.882529756966592 0
750 -4.824742127872094 -3.132141615373915 0
751 -5.157411015011778 -2.990438953862852 0
752 -2.748249130265739 -1.476654912610209 0
753 -2.858765658335005 -1.745314761395629 0
754 -2.587738948954263 -1.842234106353388 0
755 -2.494239965755014 -2.628507776462445 0
756 -2.557588035720317 -2.916103595239862 0
757 -2.242087059489315 -2.691759305006421 0
758 -2.52399839334361 -4.721833312942555 0
759 -2.621963381005922 -5.03419958179868 0
760 -2.323012058634617 -4.868136315648632 0
761 -3.913045344412163 -3.638425866509847 0
762 -3.646275874100092 -3.509087506812572 0
763 -3.809191052222 -3.205146341088391 0
764 -4.291003425255949 -3.496131917796262 0
765 -4.128088247134041 -3.800073083520442 0
766 -3.033384225291242 -2.016014235693428 0
767 -3.193894406602716 -1.650435041950248 0
768 -3.325555915770986 -3.284300615888072 0
769 -3.429410207961149 -3.717580141309527 0
770 -5.739177367398617 -4.533970667207527 0
771 -4.11931772663527 -4.086788023550191 0
772 -4.497275807479056 -3.944494074836607 0
773 -3.629310303426219 -4.679414735848985 0
774 -3.821685099797164 -5.027612445661217 0
775 -3.519789977089804 -5.076750681122459 0
776 -5.101196773996255 -3.644949084379678 0
777 -4.834833623791485 -3.81373922039032 0
778 -4.772409478182597 -3.488988998796216 0
779 -1.499637339957051 -3.811713013347355 0
780 -1.207697285752872 -3.904402493015443 0
781 -1.333819855715433 -3.582149320693757 0
782 -2.438497233273771 -2.257528720683906 0
783 -2.753998209504773 -2.481873010917348 0
784 -0.8638641481987013 -2.859944732656789 0
785 -0.8638641481987013 -3.144472375416548 0
786 -0.8126065738170101 -4.845854915016626 0
787 -0.8914272228295075 -4.610586256825245 0
788 -1.104033796646517 -4.899476151886065 0
789 -2.483216755743739 -4.479817691393071 0
790 -2.782168078115044 -4.645880957543119 0
791 -0.7639667903155239 -2.595506809344766 0
792 -1.027830938514225 -2.727943260949678 0
793 -2.959215595809029 -3.172822658540457 0
794 -3.176081261947972 -2.964330024043502 0
795 -3.504086680519643 -1.61596837286373 0
796 -3.862032575282414 -1.481971646487992 0
797 -3.726458868321724 -1.787137789872308 0
798 -2.1865557725404 -5.096374866588201 0
799 -2.088590784878088 -4.784008597732076 0
800 -4.00682134644531 -1.932207069596398 0
801 -3.648875451682539 -2.066203795972136 0
802 -4.826063103292713 -4.100454160420069 0
803 -5.739177367398617 -4.208214662118078 0
804 -5.320987827201188 -4.240337810216515 0
805 -5.581810459802571 -3.937576157875345 0
806 -3.041750111598654 -2.65468353960221 0
807 -3.408090431560611 -2.766161496949825 0
808 -1.978757870154278 -2.622598581578452 0
809 -1.729885199493065 -2.485588670819256 0
810 -1.929866318862799 -2.267153575469806 0
811 -1.780815891870806 -3.758649704961717 0
812 -1.654693321908245 -4.080902877283403 0
813 -3.949387197665029 -5.277679646485639 0
814 -4.058907524001445 -4.880343701212166 0
815 -5.705645886519632 -5.371084300744701 0
816 -5.302494298811707 -5.230947424086015 0
817 -5.725624632972723 -1.571505879368243 0
818 -5.725624632972723 -1.339246895738691 0
819 -1.510282197622377 -2.295869193411532 0
820 -1.559173748913856 -2.651314199520178 0
821 -2.124091148222147 -2.127093340673103 0
822 -2.383849391971907 -1.980458575128006 0
823 -0.8126065738170101 -5.194414004775691 0
824 -2.395301467110785 -4.221325253185236 0
825 -2.653471151882218 -4.145372897785799 0
826 -5.385122864788057 -2.200998399372811 0
827 -5.441884630920793 -2.520838921341499 0
828 -5.219287635503454 -2.340838522971441 0
829 -5.442362128334631 -2.836357484375882 0
830 -5.323723741710221 -3.166117393298605 0
831 -2.27333286390264 -1.711798726342585 0
832 -3.977729235401545 -5.712474195467346 0
833 -4.214951659605825 -5.565205451018294 0
834 -5.36291730010513 -3.735244719878821 0
835 -5.781106840302558 -3.703121571780383 0
836 -2.867793768050166 -3.41482362923655 0
837 -2.718319114227151 -3.09485303739198 0
838 -3.118966426952028 -3.778614199837845 0
839 -2.847399233760639 -3.975657804434313 0
840 -2.837123056440653 -3.689836854981495 0
841 -4.958505231950099 -1.724338118799133 0
842 -5.102866930237463 -1.436021644914792 0
843 -5.306887567658082 -1.732681527118413 0
844 -4.163849230213419 -1.226570531748285 0
845 -3.941477042411338 -1.055401114739707 0
846 -4.498889145935911 -1.113839118297757 0
847 -4.419444678806988 -1.540409650046041 0
848 -3.361120986739913 -5.42372576373511 0
849 -3.168746190368968 -5.075528053922877 0
850 -1.233649521720285 -2.726987953187078 0
851 -1.133752163837108 -2.462550029875055 0
852 -4.486756885215528 -5.259854318487861 0
853 -4.515098922952046 -5.694648867469566 0
854 -5.300493154496242 -3.410494498284717 0
855 -1.198259761916621 -2.214551042541841 0
856 -1.36897121249583 -2.048825513840918 0
857 -2.042105940119582 -2.91019440035587 0
858 -3.228328892495436 -4.396494060300444 0
859 -3.439686385281134 -4.003401090762345 0
860 -3.538772673504557 -4.335460001772127 0
861 -2.080459472397152 -4.291804807845136 0
862 -2.250713868535632 -3.957360014237864 0
863 -3.624462566302711 -2.862898054115345 0
864 -3.490131415953393 -2.553251569674053 0
865 -1.084804048954328 -3.333609992311773 0
866 -1.376744103158507 -3.240920512643685 0
867 -4.994903090477411 -2.207205967099401 0
868 -1.566267085052242 -1.870016434243726 0
869 -1.254244649346485 -1.788698283374035 0
870 -1.882738022768 -3.458181810371268 0
871 -1.702268330352078 -3.165246758976785 0
872 -1.959246443200466 -3.133968728322385 0
873 -5.072872790833772 -4.232868053065323 0
874 -4.735314974521343 -4.363622907511609 0
875 -1.806639416319984 -4.319012810913568 0
876 -1.525460864406229 -4.372076119299207 0
877 -2.222575632535503 -3.203129451750353 0
878 -4.209855356556932 -4.430742757627049 0
879 -3.840667796211917 -4.286321766310885 0
880 -2.596226574858776 -3.611867233833018 0
881 -2.935314522393593 -4.234150242642148 0
882 -1.951227014895137 -4.582978049860939 0
883 -3.25104525170794 -1.089867783826225 0
884 -2.905372928614992 -1.089867783826225 0
885 -5.265534908860822 -1.122182526617036 0
886 -4.917152573152839 -1.113839118297757 0
887 -0.8209399007556268 -3.48570118346662 0
888 -5.24555616240773 -5.744042701007733 0
889 -5.705645886519632 -5.744042701007733 0
890 -1.281758756411615 -0.9924818145727198 0
891 -1.278032487563924 -1.214623690183783 0
892 -1.068471612002257 -1.022141875611063 0
893 -3.329468113563407 -1.345268898565932 0
894 -2.900773608801291 -5.711251568267764 0
895 -3.246445931894239 -5.711251568267764 0
896 -0.8284743883950367 -1.83307703423682 0
897 -0.8284743883950367 -2.08159426307213 0
898 -5.585444267819095 -3.256413028797748 0
899 -4.613559094426638 -2.427504327654251 0
900 -4.505274752312996 -2.702839545037356 0
901 -2.046441804085585 -1.035737301639992 0
902 -1.760762141945122 -1.035737301639992 0
903 -3.561237525624867 -1.055401114739707 0
904 -1.453252523590973 -2.916707430594801 0
905 -0.832372671577283 -1.239206244732719 0
906 -1.003286024142391 -1.423020058303132 0
907 -0.7709133525651078 -1.417942551813724 0
908 -5.356294003103304 -0.9348117239346728 0
909 -5.542008360187928 -1.256994250551709 0
910 -5.804337427516536 -2.869772102431757 0
911 -5.608197357619235 -2.696517360777253 0
912 -5.803859930102698 -2.554253539397373 0
913 -5.781106840302558 -3.398676850177627 0
914 -1.541467565939424 -0.9924818145727198 0
915 -2.203565602434838 -1.422524430423976 0
916 -2.203565602434837 -1.197216815420588 0
917 -2.477222420884997 -1.34826664256458 0
918 -3.60149860550871 -2.333894044102379 0
919 -3.321136127385123 -2.18882476437829 0
920 -1.999676045452481 -1.560748899198593 0
921 -5.812286709315922 -1.823153791806116 0
922 -5.537911342288645 -1.696012965671945 0
923 -2.63028517582573 -5.826867989112255 0
924 -2.739588767043516 -5.538119557380019 0
925 -0.8209399007556268 -3.790145905069376 0
926 -5.393549644001281 -1.984329439556286 0
927 -5.616146639418621 -2.164329837926343 0
928 -2.715527123158003 -5.301502860520143 0
929 -2.445038690182442 -5.417119281364633 0
930 -1.756316032718773 -5.7570752762125 0
931 -2.041995694859236 -5.7570752762125 0
932 -2.466166207961454 -3.158104565935955 0
933 -1.196683613516556 -1.60582278458049 0
934 -1.258142932528731 -1.427086477499484 0
935 -0.7171179030005641 -1.126865930304835 0
936 -0.9494905745778471 -1.131943436794243 0
937 -3.034400810617016 -4.56620915365193 0
938 -3.597489718615074 -5.712474195467346 0
939 -4.537475415662742 -4.51284946709736 0
940 -4.25882548523939 -4.712383209858054 0
941 -3.817870740250809 -2.430630601267899 0
942 -0.7709133525651078 -1.650201535443276 0
943 -0.9924411787105607 -2.21550635030444 0
944 -2.748249130265738 -1.251347297606821 0
945 -5.816383727215205 -1.151876093056328 0
946 -2.634346219234251 -0.9614795137805964 0
947 -0.9993877409601446 -1.784631864177682 0
948 -0.9532168434255375 -0.9098015611831797 0
949 -4.933362350168972 -5.694648867469566 0
950 -2.320098622535744 -0.9614795137805964 0
951 -5.812286709315922 -2.071671020641426 0
952 -2.195058449799968 -5.583943265324756 0
953 -2.170996805914455 -5.347326568464879 0
954 -1.201775762430901 -5.794456144157458 0
955 -1.46148457195871 -5.794456144157458 0
956 -1.690724652943787 -1.440681903528414 0
957 -1.76049191441159 -1.729956199447023 0
958 -0.7639667903155239 -2.329593250405344 0
959 -5.803859930102698 -2.288339980457951 0
960 -1.626185104771918 -5.551531420369958 0
961 -1.936575532157926 -5.263198850548322 0
962 -1.471430076938089 -1.397426416461141 0
963 -2.916513457866996 -5.155199857814065 0
964 -3.075182448216887 -4.808224775201413 0
965 -5.816383727215205 -0.9348117239346728 0
966 -4.558378977667324 -3.300931751384558 0
967 -4.164537903537649 -2.336433898904341 0
968 -4.253561033454837 -2.071568723365795 0
969 -4.48886100718636 -2.19672954657391 0
970 -1.71061420797898 -1.228219116212712 0
971 -2.316037579127223 -5.826867989112255 0
972 -4.870205003237132 -1.976431186019059 0
973 -4.666184365816513 -1.679771303815438 0
974 -2.986007379117412 -2.283704483823671 0
975 -4.386527583107255 -4.962450410682475 0
976 -4.343336074945445 -3.139284534373962 0
977 -5.804337427516536 -3.154299745191516 0
978 -4.331144450094021 -1.792502717265967 0
979 -0.9830778171336367 -3.953023907614101 0
980 -0.7621379163780098 -4.068331012321632 0
981 -0.7171179030005641 -0.9098015611831797 0
982 -1.148895301375255 -4.182587600267699 0
983 -1.712334467571715 -5.317853679913791 0
984 -1.417503006811652 -5.355234547858748 0
985 -0.7621379163780098 -4.394087017411081 0
986 -3.819379790713451 -2.941161789518275 0
987 -4.086149261025522 -3.07050014921555 0
988 -4.248087938393073 -2.634055159878944 0
989 -4.01278796466155 -2.50889433667083 0
990 -1.002808153685875 -5.81137202581138 0
991 -1.875218477560935 -1.990083429913906 0
992 -3.901420775106233 -2.728251862242502 0
993 -1.132386035266829 -5.605828169968838 0
994 -5.099097960800506 -5.438691568477299 0
995 -4.990300486572949 -5.181553590547848 0
996 -4.686674846453474 -5.091893827133748 0
997 -4.890071184464675 -4.884149682742462 0
998 -1.430130702238491 -4.637196773312027 0
999 -1.278184607826752 -4.399086839681862 0
1000 -2.037794004719194 -3.727371674307316 0
1001 -1.264432758622735 -5.128150808740013 0
1002 -1.343253407635232 -4.892882150548632 0
1003 -2.352635999432826 -3.656892119647416 0
1004 -1.72789343419766 -5.066901978037112 0
1005 -4.702582224343825 -2.162639152115706 0
1006 -1.590529664214708 -4.865871430165976 0
1007 -1.053565139207517 -4.447708254280521 0
1008 -4.353524813436897 -2.875299982803845 0
1009 -5.230239698429818 -4.503506557308055 0
1010 -5.087910743323276 -4.734923123156712 0
1011 -1.814770728800919 -4.811216600800508 0
1012 -0.9793157870779117 -5.378744430850103 0
1013 -1.178283395822938 -5.361828549196181 0
1014 -2.383306711042338 -3.38187889390247 0
1015 -4.784285103203802 -4.645263359742613 0
1016 0.5382670407309764 -1.881859172905025 0
1017 1.004166666664758 -1.423529820011859 0
1018 0.01214294423038698 -1.439828124805738 0
1019 0.5432828963864794 -1.270537566495651 0
1020 0.5000000000000001 -2.998389649500841 0
1021 0.81434012524331 -1.111986137812213 0
1022 1.085944449508294 -1.098821433973525 0
1023 1.330506053963018 -1.056362553814689 0
1024 0.2705980496816605 -1.125529796466833 0
1025 0.01201145800652618 -1.078631267838233 0
1026 -0.2652311766927318 -1.083952064779363 0
1027 0.4999999999998074 -3.992295231085336 0
1028 0.6331307132547528 -1.00894988325407 0
1029 0.4427851598989709 -1.014068477545457 0
1030 0.08311897782620185 -2.414614417767717 0
1031 0.4999999999978456 -5.09519021866784 0
1032 0.8797599137393509 -2.473788762090683 0
1033 -0.4448996405601012 -0.9416322615872584 0
1034 1.481934544125733 -0.9644408117119476 0
1035 0.9296098275888465 -0.9785376329142269 0
1036 0.1780487796755242 -0.9789263929215178 0
1037 -0.02551186565144881 -3.599590370931988 0
1038 1.027781583397705 -3.603812795565921 0
1039 1.124542407945292 -1.945596836951664 0
1040 1.182429268455637 -0.9389524599498011 0
1041 -0.1475355410136492 -1.904289714975245 0
1042 -0.09583333333460473 -0.9486594034449936 0
1043 -0.02911985610455291 -2.955450690900315 0
1044 1.083013294932862 -3.00350382990389 0
1045 0.7291666666640597 -0.9191016819093023 0
1046 0.9181967465848766 -4.683728131185751 0
1047 0.07928960206370234 -4.691552474511243 0
1048 1.043968833552853 -0.9313549895955745 0
1049 0.3624999999972164 -0.9073975244645837 0
1050 0.5458333333302875 -0.9073975244646462 0
1051 0.04833783615633648 -0.9309796079595781 0
1052 -0.3121051362092481 -0.8858940492315039 0
1053 0.3292179707653728 -1.572493603839021 0
1054 1.390267877458774 -0.8850972224249365 0
1055 1.257805708639984 -1.289371145368766 0
1056 0.4836217392071611 -2.265510188174124 0
1057 0.8378805476926564 -0.9145634186944555 0
1058 1.107871132000519 -4.116029254321839 0
1059 -0.1015423239193983 -4.106642504126089 0
1060 -0.3205663170793188 -1.386974553229539 0
1061 0.6374999999971737 -0.8830387463929356 0
1062 0.2708333333308399 -0.8830387463925992 0
1063 0.4518903653107466 -0.8857727052949373 0
1064 1.00264805027388 -5.434046132457441 0
1065 -0.006555235234154089 -5.428685970375037 0
1066 0.7183558257789683 -1.611834250895018 0
1067 -0.2033099494629197 -0.8997236365000951 0
1068 1.282587283069252 -0.8914205558136179 0
1069 1.26841137306385 -1.634013180800448 0
1070 0.5000000000000002 -3.450155376739978 0
1071 0.2411964949834494 -2.035540036596627 0
1072 0.2976215031104403 -0.9885690595851062 0
1073 -0.2955979388094149 -2.455845589319135 0
1074 0.9272918417660038 -0.8848912082408514 0
1075 0.1791666666644816 -0.877755059530833 0
1076 -0.1242503644019668 -1.248474526728445 0
1077 1.276694603082777 -2.46703833105658 0
1078 0.7657182918906404 -2.056006749895325 0
1079 0.4992185630066526 -5.591584464300063 0
1080 0.7700363785183789 -1.354471943803685 0
1081 1.095833333331727 -0.8700342045692054 0
1082 0.1100006946312623 -1.248938734162695 0
1083 -0.004166666668257047 -0.8700342045688161 0
1084 0.2726779737036679 -1.334335965983086 0
1085 0.3834761549336322 -2.621550741686736 0
1086 -0.06769629839163109 -1.672058919890491 0
1087 0.09084121487586186 -1.738391659407133 0
1088 0.1706804574978799 -1.506160864322379 0
1089 1.162047967560422 -0.8694762299749006 0
1090 1.207881300893901 -0.8694762299749006 0
1091 0.5882068048206162 -1.139743724874861 0
1092 0.5379579365768619 -1.011509180399764 0
1093 0.4930340281427252 -1.142303022020554 0
1094 -0.118750000001189 -0.8743297017224968 0
1095 -0.07291666666802048 -0.8743297017224968 0
1096 1.045055558086526 -1.261175626992692 0
1097 0.9501422873758021 -1.105403785892869 0
1098 0.9092533959540341 -1.267757978912036 0
1099 0.8612612462218632 -1.517682035453438 0
1100 0.9214491168621299 -1.778715543923341 0
1101 1.064354537305025 -1.684563328481761 0
1102 -0.2603551989681488 -4.97281783699259 0
1103 -0.2603551989681488 -4.624258747233524 0
1104 1.259098373292438 -4.620346575570778 0
1105 1.259098373292438 -4.968905665329844 0
1106 0.2896448010317548 -4.34192385279829 0
1107 0.4987431743242894 -4.687640302848497 0
1108 0.7090983732923419 -4.338011681135544 0
1109 0.3566916047903157 -1.069799137006145 0
1110 0.40694047303407 -1.198033681481242 0
1111 -0.1542116864244659 -1.413401339017638 0
1112 -0.234050929046484 -1.645632134102392 0
1113 -0.3032776176170771 -5.341384584924486 0
1114 0.03636718341477412 -5.06011922244314 0
1115 0.9604223984293785 -5.058887131821596 0
1116 1.30132402513694 -5.344064665965688 0
1117 1.313890791698853 -3.450188181068658 0
1118 1.313890791698853 -3.754632902671414 0
1119 -0.3127559328257244 -3.752521690354448 0
1120 -0.3127559328257244 -3.448076968751692 0
1121 0.7915066474664312 -3.000946739702365 0
1122 0.9813866043361066 -2.738646295997286 0
1123 0.6898799568696755 -2.736089205795762 0
1124 0.5000000000000002 -3.224272513120409 0
1125 0.2354400719477236 -2.976920170200578 0
1126 0.2354400719477237 -3.202803033820146 0
1127 0.7090983732913612 -4.889459174926795 0
1128 0.2896448010307739 -4.893371346589541 0
1129 -0.4307831536135582 -0.8708161307936293 0
1130 -0.3785023883846746 -0.9137631554093812 0
1131 -0.3643859014381317 -0.842947024615752 0
1132 -0.3737677705068246 -1.80146821023883 0
1133 -0.4602831585396594 -1.542810629365976 0
1134 0.7717533959536849 -1.015543909860758 0
1135 0.8261103364679832 -1.013274778253334 0
1136 0.783523607178358 -0.9168325503018788 0
1137 0.6316180343364916 -2.547669751888709 0
1138 0.4417380774668161 -2.809970195593788 0
1139 0.7915066474664313 -3.226829603321934 0
1140 1.00777713854857 -1.038679533443876 0
1141 0.8719749764160782 -1.04526188536322 0
1142 -0.02731586087800086 -3.277520530916152 0
1143 -0.3145599280522764 -3.126007128735855 0
1144 1.449300605395908 -0.8425486112124683 0
1145 1.436101210792253 -0.9247690170684421 0
1146 1.495133938729387 -0.8822204058559738 0
1147 0.9428125875486392 -0.8424456041204258 0
1148 0.9856303376594284 -0.908123098918213 0
1149 1.001151083442064 -0.8656774947977872 0
1150 0.09083558474381942 -0.8654898039797891 0
1151 0.113752251410409 -0.9043673337452056 0
1152 0.156249999997892 -0.8388775297654165 0
1153 0.2372440671742757 -3.524872873835983 0
1154 0.6788115108148947 -1.191261852153932 0
1155 0.7237354192490314 -1.060468010533142 0
1156 0.2243234146785923 -1.052228094694176 0
1157 0.09503011884102516 -1.028778830379875 0
1158 0.1413047538440933 -1.102080532152533 0
1159 0.04683047698490014 -1.969914875785936 0
1160 0.2852072328744111 -1.804016820217824 0
1161 1.055397439165284 -3.303658312734905 0
1162 0.7638907916988528 -3.526984086152949 0
1163 0.7420370588348044 -1.833920500395172 0
1164 0.9451303499179661 -2.000801793423495 0
1165 1.196476890504571 -1.789805008876056 0
1166 1.136289019864304 -1.528771500406154 0
1167 0.8837451876407514 -0.9465505258043412 0
1168 1.341506647466431 -3.150033698237642 0
1169 1.362271203972646 -1.822121771227039 0
1170 1.362271203972646 -2.070639000062348 0
1171 -0.3737677705068246 -2.049985439074139 0
1172 1.428902854319992 -1.261749941806038 0
1173 1.263108540851917 -1.461692163084607 0
1174 1.434205686531925 -1.434070959521879 0
1175 1.208225251735656 -1.077591993894107 0
1176 1.256467661209328 -0.997657506882245 0
1177 1.134186858981966 -1.018886946961663 0
1178 -0.04191093766403928 -1.013645335641613 0
1179 -0.1805322550136683 -1.016305734112178 0
1180 -0.1266098593431028 -1.081291666308798 0
1181 0.7062499999973382 -0.8595508409546512 0
1182 0.7520833333307813 -0.8595508409546512 0
1183 -0.3145599280522764 -2.841479485976096 0
1184 1.067826357699112 -3.85992102494388 0
1185 1.35393556600026 -4.010741132049374 0
1186 -0.3507711619596992 -4.006047756951499 0
1187 -0.06352709478542355 -3.853116437529039 0
1188 0.6519926663108084 -1.968932961400175 0
1189 0.6283114332549724 -1.746846711900021 0
1190 0.4999999999999038 -3.721225303912657 0
1191 0.2372440671741793 -3.795942801008662 0
1192 0.7638907916987563 -3.798054013325628 0
1193 -0.3185525681048856 -0.842947024615752 0
1194 -0.2727192347717008 -0.842947024615752 0
1195 1.118749999998467 -0.8350171022846027 0
1196 1.139131300893682 -0.9044933322595032 0
1197 1.434205686531925 -1.666329943151431 0
1198 -0.05000000000143089 -0.9093468040069048 0
1199 -0.02708333333484664 -0.8350171022844081 0
1200 1.357633938728949 -0.8425486112124683 0
1201 1.403467272062428 -0.8425486112124683 0
1202 0.2467223823818458 -5.261938094521438 0
1203 0.751324025135863 -5.26461817556264 0
1204 1.341506647466431 -2.865506055477884 0
1205 -0.3032776176170771 -5.714342985187518 0
1206 1.30132402513694 -5.71702306622872 0
1207 1.04698441677555 -0.8656774947977872 0
1208 1.06990108344229 -0.90069459708239 0
1209 1.072916666664987 -0.8350171022846027 0
1210 0.01874999999833254 -0.8350171022844081 0
1211 0.02208558474403972 -0.900506906264197 0
1212 0.04500225141062931 -0.8654898039797891 0
1213 -0.4477989694047074 -2.325763376246084 0
1214 -0.221566739911532 -2.18006765214719 0
1215 0.8039355660001632 -4.054162242703588 0
1216 0.1992288380402046 -4.049468867605713 0
1217 1.200618505514034 -2.206317584004122 0
1218 1.438347301541389 -2.331359747114806 0
1219 0.681690826473256 -2.369649475132404 0
1220 0.4335489470703967 -2.44353046493043 0
1221 0.9346573584691344 -5.71702306622872 0
1222 0.06338904904857415 -5.714342985187518 0
1223 1.35393556600026 -4.336497137138823 0
1224 -0.3507711619596992 -4.331803762040948 0
1225 -0.03220828159372364 -2.159452066371481 0
1226 -0.1062394804916065 -2.435230003543426 0
1227 1.17985394900782 -2.735271080480235 0
1228 1.078227258411064 -2.470413546573631 0
1229 1.002151160842321 -2.209692799521173 0
1230 0.3702033315047056 -1.001318768565282 0
1231 0.2841097763960504 -1.05704942802597 0
1232 0.6811486899594063 -0.9640257825816863 0
1233 0.5229166666635661 -0.8536987622323231 0
1234 0.568749999997009 -0.8536987622323231 0
1235 0.3395833333306177 -0.8536987622322918 0
1236 0.385416666663815 -0.8536987622322918 0
1237 1.064956641530574 -1.01508821178455 0
1238 0.9867893305708497 -0.9549463112549007 0
1239 -0.4326155883463659 -1.159040401511337 0
1240 -0.3550654086264164 -1.012792163183311 0
1241 -0.5224498202800506 -1.087880499915285 0
1242 1.232508275762445 -0.9151865078817095 0
1243 1.257960308200709 -0.845710277906809 0
1244 1.438347301541389 -2.597273306054229 0
1245 -0.1724883080653465 -0.8498618182500476 0
1246 -0.1495716413987622 -0.9241915199725443 0
1247 1.013033939292698 -4.399878692753795 0
1248 -0.01112636092784798 -4.399097489318667 0
1249 -0.1623588974569839 -2.705648140109725 0
1250 0.02699956086082447 -2.685032554334016 0
1251 0.1131933079159303 -0.954953000440548 0
1252 0.03017464708143133 -1.004805437898906 0
1253 -0.2342705630778258 -0.9918378506397288 0
1254 0.7921882518808445 -1.233229040807949 0
1255 0.8871015225915686 -1.389000881907772 0
1256 -0.4477989694047074 -2.591676935185506 0
1257 1.306546668516135 -0.9738915548141533 0
1258 -0.2886681564509899 -0.9849230570054333 0
1259 -0.2577075428360839 -0.8928088428657995 0
1260 0.1771781494145396 -2.788500716293525 0
1261 0.233297566379917 -2.518082579727226 0
1262 1.336427580264013 -0.8882588891192772 0
1263 1.360386965710896 -0.9707298881198126 0
1264 1.130986187652371 -1.356450482690313 0
1265 1.171875079074139 -1.194096289671146 0
1266 0.8227391028149957 -2.264897755993004 0
1267 0.4337425057481746 -1.727176388372023 0
1268 0.3897317678572129 -1.958699604750826 0
1269 0.4362504335759261 -1.421515585167336 0
1270 0.5237868982721705 -1.592163927367019 0
1271 0.6308193610827239 -1.441185908695334 0
1272 0.5894820232925202 -0.9581737038593582 0
1273 0.4943092466146292 -0.9607330010050517 0
1274 0.6566596374524292 -1.312504755149668 0
1275 0.06100607631889425 -1.163785001000464 0
1276 0.1902993721564614 -1.187234265314764 0
1277 -0.4602831585396594 -1.310551645736425 0
1278 0.2716380116926642 -1.22993288122496 0
1279 0.4079804350450736 -1.302436766239369 0
1280 0.1621577364048256 -2.225077227182171 0
1281 1.294155881301501 -1.172866849591728 0
1282 0.3009479722345204 -1.453414784911054 0
1283 0.8064402738450795 -0.8572817093472278 0
1284 0.8522736071785225 -0.8572817093472278 0
1285 0.6604166666638951 -0.8415193731964679 0
1286 0.6833333333306166 -0.9010702141511189 0
1287 0.6145833333304521 -0.8415193731964679 0
1288 -0.1947407705473493 -1.166213295753904 0
1289 -0.05611945319772031 -1.163552897283339 0
1290 0.4301118493205801 -0.8428863526474687 0
1291 0.4759451826537956 -0.8428863526474687 0
1292 0.2479166666642503 -0.8415193731962995 0
1293 0.2937499999974295 -0.8415193731962995 0
1294 -0.2928987468860253 -1.235463309004451 0
1295 -0.2183216413985367 -0.8498618182500476 0
1296 1.465253026981509 -1.145245646029 0
1297 1.303793641534188 -0.845710277906809 0
1298 0.6829426148355207 -5.795792232150031 0
1299 0.3162759481689775 -5.795792232150031 0
1300 0.8969792542151962 -0.8424456041204258 0
1301 0.2020833333310711 -0.8388775297654165 0
1302 0.9284508346774252 -0.9317144205775392 0
1303 0.1424104589670274 -1.387082045394412 0
1304 0.1913393341674651 -1.29163735007289 0
1305 0.06107181943082465 -1.344383429484216 0
1306 0.1786077231700028 -0.9283407262261754 0
1307 0.5916666666637306 -0.8952181354287909 0
1308 0.498861849320517 -0.8965851148797918 0
1309 0.4071951826539815 -0.8965851148797606 0
1310 0.3166666666640282 -0.8952181354285914 0
1311 0.4026425799480937 -0.9607330010050203 0
1312 0.3300607515538284 -0.947983292024845 0
1313 0.3624091170953053 -2.150525112385376 0
1314 0.5109443899690688 -2.073684680539575 0
1315 0.7441961021486736 -1.483153097349351 0
1316 -0.2224083407406428 -1.317724539978992 0
1317 0.2833703585166815 -2.34006230297092 0
1318 0.6246700155489008 -2.160758469034725 0
1319 0.4996092815022491 -5.343387341483951 0
1320 0.7509333066402665 -5.512815298378752 0
1321 0.2463316638862493 -5.51013521733755 0
1322 -0.007124834885352246 -1.24870663044557 0
1323 1.113199051004245 -0.9351537247726878 0
1324 -0.02374774858913412 -0.9398195057022858 0
1325 0.8825861947293301 -0.8997273134676534 0
1326 1.540967272062866 -1.099284774977629 0
1327 1.406220299044375 -1.010401682763318 0
1328 0.6353153566259633 -0.9459943148235028 0
1329 0.2249999999976607 -0.880396902961716 0
1330 0.2378351413929822 -0.9837477262533121 0
1331 0.224441056503182 -0.9309825696570585 0
1332 0.2842274182206401 -0.9358039029888527 0
1333 -0.05605371008578992 -1.344151325767091 0
1334 0.4473377626048588 -0.9499205914201972 0
1335 -0.5224498202800506 -0.8708161307936293 0
1336 1.540967272062866 -0.8822204058559738 0
1337 -0.4766164869468117 -0.8708161307936293 0
1338 4.383490078802765 -3.399627342680249 0
1339 6.960631263360187 -3.349083570692394 0
1340 3.336075877562468 -2.328555673729853 0
1341 9.276610304118568 -3.112503120004873 0
1342 5.471551194451516 -2.32433030860357 0
1343 11.66029387785889 -3.169883777896162 0
1344 2.528127099509361 -1.742964429013667 0
1345 4.40201959359747 -1.890693871282252 0
1346 3.321115044978199 -4.484729014818771 0
1347 6.663460872366272 -1.985468246600772 0
1348 8.026352562953445 -2.268489395250761 0
1349 18.64947782782749 -2.919809527490048 0
1350 13.93402038918616 -3.055785632302939 0
1351 5.683816381812806 -4.376239112613625 0
1352 3.289863968092552 -1.544153434559207 0
1353 16.41306838332163 -3.27404665331263 0
1354 4.499081965631023 -4.599697203561292 0
1355 3.304806978835705 -3.404229254323916 0
1356 3.95319822905669 -1.464234264698264 0
1357 10.16207514270689 -2.162670052015173 0
1358 5.179177488590668 -1.594842800420992 0
1359 8.324928767624694 -4.140523196852996 0
1360 5.446065202769085 -3.386289676637027 0
1361 2.242711587879485 -1.320195209233753 0
1362 5.975988912851228 -1.625676856909565 0
1363 6.956685865004242 -4.691901916935826 0
1364 4.047168980841552 -2.652308054132557 0
1365 10.4647656810752 -4.414445744112592 0
1366 6.173288832806165 -2.819727402914295 0
1367 9.123220342259405 -1.899324257370945 0
1368 2.914298907044726 -1.279981667419455 0
1369 12.72885943733172 -2.258009608215546 0
1370 7.297063026181513 -1.550463204164839 0
1371 2.529568022081007 -2.871474565352661 0
1372 4.80595138793653 -2.76016619315295 0
1373 4.665911264132562 -1.322718742835478 0
1374 15.25372506847177 -2.209086790717856 0
1375 8.030085938168032 -3.256659566014547 0
1376 11.37144472093104 -2.00239802039586 0
1377 2.883336963927333 -5.235614543778941 0
1378 19.73314219537252 -4.199082933481112 0
1379 19.88009790278591 -1.932994075052622 0
1380 2.567762486555535 -3.929998616236932 0
1381 12.85835944961753 -4.332463016640794 0
1382 3.846471519794319 -3.946434864517592 0
1383 3.774580041531668 -2.020782548208224 0
1384 7.237154490859233 -2.596391725367966 0
1385 4.930940605239589 -3.925230739799527 0
1386 3.689834104939118 -5.240917631780528 0
1387 6.182840036534934 -3.598011973048946 0
1388 1.981801408569827 -1.137463057483184 0
1389 6.531736915657439 -1.43605529958091 0
1390 17.39483272291281 -2.138903234578705 0
1391 3.493685812463777 -1.183605724860483 0
1392 5.22028457428148 -5.161039897188746 0
1393 10.40269789333989 -3.227430499099733 0
1394 19.96671014438375 -3.012035923811636 0
1395 8.046927007330893 -1.430568385856623 0
1396 2.566534394641633 -1.154079671792239 0
1397 15.06215930572061 -4.284773374748655 0
1398 13.93402038918616 -1.906995037815217 0
1399 4.901844874227581 -2.046936851829172 0
1400 9.323811295165218 -4.134960382957041 0
1401 6.056122371618792 -2.179663598380425 0
1402 6.045902583137482 -5.10320009966494 0
1403 5.571530972020875 -1.276127629001946 0
1404 9.694732155023699 -1.49904628291395 0
1405 17.68035771037507 -4.313305120002772 0
1406 3.508717004898251 -2.863124200524036 0
1407 2.719255788368651 -2.293519050648784 0
1408 11.64433482528978 -4.396779823249259 0
1409 4.266418275986303 -1.205749722980363 0
1410 10.64930899355275 -1.54545504944333 0
1411 7.50475844907094 -4.046689511988667 0
1412 4.445056135059893 -5.299400041232559 0
1413 8.676908976356023 -2.516114278665731 0
1414 2.997395294285942 -1.925330096870743 0
1415 3.843706575511716 -3.298334922377443 0
1416 4.481763789806137 -2.39080845157544 0
1417 12.23075049261448 -1.505360890969836 0
1418 16.25136671499985 -1.961862561895331 0
1419 8.665312640185109 -1.443193987789237 0
1420 5.127921498714648 -1.171101771815456 0
1421 5.556832514433663 -1.862313563845293 0
1422 5.356357457562188 -2.828306683585438 0
1423 7.75537739605315 -5.158507502413993 0
1424 2.254410307658617 -4.630992991700749 0
1425 4.99374225952157 -3.298502543225349 0
1426 2.164664223642149 -2.135836345459901 0
1427 3.222360872353754 -1.123927684852113 0
1428 18.70640699415049 -2.077062203929755 0
1429 12.71920536895972 -3.324409394296289 0
1430 3.912275321068269 -1.10188170908428 0
1431 6.337087181197457 -4.320102482876311 0
1432 3.895382509939834 -4.547832407547306 0
1433 8.914778834226741 -5.066623921371547 0
1434 6.777532454901837 -2.60947000709631 0
1435 4.388798753472504 -3.910827982487663 0
1436 2.225572629511376 -1.072511980337224 0
1437 6.294048826807885 -1.234571610420918 0
1438 16.37926021191796 -4.534066719413817 0
1439 2.156473792127022 -5.362041642903523 0
1440 8.743381408587386 -3.698564568691767 0
1441 5.100583578181789 -4.558451678616985 0
1442 3.036299563952129 -2.760756376409775 0
1443 3.436393296542687 -1.954324791902704 0
1444 20.25633152464332 -1.411682355382836 0
1445 3.307108039166763 -3.943595301156773 0
1446 9.587927467517414 -2.594759438414804 0
1447 10.82178731275399 -2.563288148971986 0
1448 4.216368010438149 -1.563648630130173 0
1449 4.435563365350768 -2.992659130368429 0
1450 2.61848031820953 -3.435607896628123 0
1451 4.774228558980552 -1.668339402791046 0
1452 3.694496001320658 -1.676729903011608 0
1453 7.181081325438945 -2.072282469859419 0
1454 9.87363703862294 -5.013497928621719 0
1455 3.290358012931203 -5.530404424847125 0
1456 13.95546128282844 -4.347952112520582 0
1457 3.680828005767957 -2.397840201159874 0
1458 7.048153437953359 -1.236629104597283 0
1459 7.679120212535024 -1.22554213404453 0
1460 13.24303568046012 -1.742454554165616 0
1461 14.91747284809692 -3.292503662458887 0
1462 2.91095907551707 -1.014458877257033 0
1463 5.724712266781587 -2.61939764142482 0
1464 5.464368973819909 -3.888586420508709 0
1465 9.282194297461086 -1.247972889269253 0
1466 3.003429894321496 -1.586970875921689 0
1467 4.134693577780164 -2.201720827562641 0
1468 7.841598738948535 -2.763075781041746 0
1469 2.191065720697014 -1.726671833324476 0
1470 8.651671363977126 -1.946729613304216 0
1471 4.900736155708787 -1.061102559336701 0
1472 12.03625877917032 -2.561138816209819 0
1473 14.6744278401795 -1.670850367385005 0
1474 20.37095897421523 -2.461594722112454 0
1475 2.170412931931994 -3.315004263852694 0
1476 11.02433451328064 -3.794730608774061 0
1477 20.28280174712642 -4.834830019361883 0
1478 6.355978038696129 -1.719179357409524 0
1479 6.871944016095117 -3.980522384242044 0
1480 17.56945969158105 -3.164116780136211 0
1481 6.801853788408136 -5.301507545484301 0
1482 7.63054793442505 -1.971635802123987 0
1483 5.051543759863717 -2.448156673892328 0
1484 9.82455777687291 -3.669347659574497 0
1485 5.855563887129118 -1.156450474843645 0
1486 5.950924560097079 -3.26655607297484 0
1487 11.17795648555904 -1.364297829675699 0
1488 2.674849335600168 -1.443714323277268 0
1489 11.01475924948846 -4.991569721618769 0
1490 20.36034899790916 -3.60100828817415 0
1491 7.422195988988245 -3.136678284253235 0
1492 1.78825439430248 -0.950514035144534 0
1493 10.17439924356665 -1.25976167831527 0
1494 6.489547374955679 -3.216407689071637 0
1495 3.938466700317941 -1.706660081699483 0
1496 4.49647128747929 -1.099442811436952 0
1497 6.934745530212259 -1.749979135592873 0
1498 3.281132922164506 -5.003083820234657 0
1499 12.31259210300407 -5.106416107732318 0
1500 3.700499218885557 -1.019384511875235 0
1501 2.090919524718537 -2.630738455285133 0
1502 2.815883561523902 -4.704616870228159 0
1503 13.44076951046376 -5.152954339586458 0
1504 15.45914550430812 -1.550523738848214 0
1505 18.45698748949788 -5.06214463245009 0
1506 2.090080174517023 -0.961940294005869 0
1507 2.881500490533853 -5.685203697714377 0
1508 5.222801962526717 -1.885685471131163 0
1509 1.924562067540988 -1.497142093900872 0
1510 18.10008026096656 -1.542866863505069 0
1511 8.64713139023438 -3.139797946480149 0
1512 2.400631529213342 -0.969279947895234 0
1513 2.929916816307709 -4.178260536297905 0
1514 4.036190805783962 -3.576046304062534 0
1515 4.997072064938267 -1.419254113675365 0
1516 2.738223974572759 -0.9658028122622488 0
1517 10.13347424083124 -2.728764714670395 0
1518 13.55429093767377 -2.434114487183666 0
1519 14.51900506244661 -2.487361496316399 0
1520 4.716781601267257 -3.614374080993943 0
1521 4.145240602438463 -4.942504034745856 0
1522 5.382163349014506 -1.05464869219484 0
1523 2.073063630401153 -4.197491460473057 0
1524 5.759029134459222 -5.480523531369614 0
1525 3.758443840865687 -1.276245940543224 0
1526 12.13021271378337 -3.779331201918559 0
1527 3.627710992828373 -3.623312278516964 0
1528 4.803122547373396 -5.537341470960275 0
1529 4.055064497072078 -5.462652673568872 0
1530 20.5369389982554 -1.861164457182704 0
1531 8.38721096492254 -1.187360915433389 0
1532 3.139869961007863 -1.345445978829784 0
1533 4.044475637412829 -2.957993835725146 0
1534 5.647258777294472 -4.884146868689797 0
1535 18.69768142193093 -4.01786601065323 0
1536 6.426054494462676 -2.4170925350187 0
1537 6.650607153515613 -1.100483352040139 0
1538 5.972828555444814 -3.95342487002059 0
1539 20.45267858311903 -4.231209014866356 0
1540 4.114360868792255 -1.012431642015399 0
1541 6.89906453290908 -2.964309042150721 0
1542 7.964022260963731 -3.83304174359947 0
1543 3.381188329347964 -1.013308343510266 0
1544 18.09303068891561 -2.380579321932224 0
1545 16.76834215664538 -1.556027955201869 0
1546 5.131253020208097 -3.609455420783455 0
1547 4.775788818744837 -4.972999595960585 0
1548 12.69989414378163 -1.322956364003546 0
1549 19.43844746974589 -2.524403982070928 0
1550 5.86208729853814 -1.910577267494119 0
1551 11.46355972790142 -2.571213032531002 0
1552 2.567361068142039 -0.9394434497261689 0
1553 9.584247059847517 -1.966496265383466 0
1554 7.525988857271001 -4.629783952344485 0
1555 20.22410742192672 -5.411969150129155 0
1556 15.90566137916227 -2.65667901227013 0
1557 14.56462195787378 -5.148718217524807 0
1558 13.94452247925016 -1.316342920137814 0
1559 2.981658812001375 -3.181486384019339 0
1560 1.949354875673859 -0.9299834773267173 0
1561 5.764585453185103 -3.608208976671127 0
1562 11.74625161401998 -1.350412528266078 0
1563 6.048704470664072 -4.697417355988793 0
1564 4.607423917872901 -2.117086804340184 0
1565 4.51277222257931 -1.617901361120953 0
1566 3.539659570163955 -1.445701285827509 0
1567 5.439995716423299 -1.56453766334683 0
1568 2.984855745854638 -3.677036786506679 0
1569 10.69838128150817 -2.049335641933682 0
1570 2.49976406785223 -5.574025321528608 0
1571 7.746224701210541 -1.605499842637263 0
1572 11.12016591464545 -3.166159677418344 0
1573 8.270717363433848 -2.705603765728668 0
1574 13.46252323606424 -3.621530780888913 0
1575 7.315565624842499 -1.105519390638264 0
1576 7.625586155630471 -3.560563492440405 0
1577 15.67409950312218 -3.551922266350962 0
1578 3.103241025933404 -0.9702075249269337 0
1579 20.52252896858424 -3.012035923811636 0
1580 4.143655237956156 -4.243032448306201 0
1581 8.349229025250851 -5.383078506889849 0
1582 19.71124118377809 -1.306484031912152 0
1583 1.880362531335522 -5.662523785572349 0
1584 6.467268668999083 -4.858632155393863 0
1585 3.608517081451108 -4.221404116281948 0
1586 7.627895351200131 -2.369341829074021 0
1587 16.69039933571077 -2.498172748533567 0
1588 7.328685280190023 -5.499572508823179 0
1589 4.715546739681834 -4.23648064425065 0
1590 5.658299089840487 -3.004818296521138 0
1591 6.689773776843066 -3.632876766271661 0
1592 8.015553604885218 -1.107524403612451 0
1593 2.152068820826713 -5.719718150000896 0
1594 5.045295395530717 -2.986679193563102 0
1595 10.38591949260557 -5.402225091149552 0
1596 8.845559696426358 -1.140354616545593 0
1597 2.727820170554716 -1.99888126115362 0
1598 17.25452501394262 -5.186172158803071 0
1599 3.671910828949479 -5.639175774627335 0
1600 2.415356005965557 -1.519051592668447 0
1601 4.740337097578879 -2.396866307357505 0
1602 15.58438962277676 -5.138292081807845 0
1603 3.006369019308416 -2.218983622501723 0
1604 5.720229412229482 -2.20480991408112 0
1605 8.820298330872799 -4.475146201317088 0
1606 3.543053738013467 -2.165610746887555 0
1607 4.756872694823754 -3.06609130584145 0
1608 19.41169660258929 -3.453164680061657 0
1609 20.6193023059422 -1.142439763099802 0
1610 17.01860077485438 -3.800946338640107 0
1611 1.897018299248412 -1.933932240982144 0
1612 6.322015532399975 -2.023714980551211 0
1613 2.12674735859703 -3.759903565431158 0
1614 3.541472323303704 -3.184440968122264 0
1615 9.266198012979608 -3.638639764071952 0
1616 4.313640895585734 -2.670112756398067 0
1617 10.10674016804616 -1.689258356008472 0
1618 5.644677622801126 -1.017445359208086 0
1619 9.716702920715681 -1.112457378367707 0
1620 6.869961082161243 -2.29344735687503 0
1621 9.116395016079364 -2.338336328479446 0
1622 2.760973137475272 -1.171607470401649 0
1623 8.126467466671157 -1.870975373834554 0
1624 3.769177920124183 -2.697856625146173 0
1625 3.402925257816989 -2.589636428317536 0
1626 4.431588212123122 -1.361892253700784 0
1627 10.33228582141893 -3.827346475354066 0
1628 2.372200182637233 -2.419706354270182 0
1629 5.230220297609945 -4.181643812732234 0
1630 3.337088036816381 -1.328566821785819 0
1631 9.766573268033627 -3.143398942410859 0
1632 5.737772803741567 -1.531959180336486 0
1633 3.666541036892024 -4.843813381825424 0
1634 4.328846117972675 -0.9835248352865427 0
1635 5.170945789259646 -2.181081114781845 0
1636 1.941151705610688 -2.987597475281988 0
1637 3.20598418128184 -1.780465219285288 0
1638 10.66049431284649 -1.15390291148686 0
1639 6.330065819756232 -0.9915748735377119 0
1640 16.00900625123159 -1.405010227308398 0
1641 5.310004357996243 -1.34859459465883 0
1642 9.400027556622456 -5.44922834076858 0
1643 1.97301415826339 -4.961589744187142 0
1644 4.042096950810147 -1.2694619242189 0
1645 2.451150506893554 -5.066911546225362 0
1646 12.58853194219205 -2.872282583196742 0
1647 9.850027465642667 -4.295986465176933 0
1648 12.02799530114181 -2.003718212988021 0
1649 2.240341501800143 -0.9207464444476653 0
1650 12.19573383591897 -1.149344063294482 0
1651 6.039700553316376 -2.500032019547877 0
1652 7.21574534201039 -3.720187194509472 0
1653 2.429416880543207 -2.011068414007938 0
1654 6.330867606271751 -5.513915273699559 0
1655 4.139103843430407 -1.921431752327163 0
1656 5.279601184948019 -5.635780979903726 0
1657 2.379527129516176 -1.168143924629548 0
1658 11.03904777584591 -4.392239390212004 0
1659 14.30733882869856 -3.662978679599265 0
1660 5.146308627117346 -0.9624750295220574 0
1661 18.89388209063202 -1.306962947740651 0
1662 3.741509892250137 -3.000350110379013 0
1663 11.01273108383542 -1.755307794420654 0
1664 2.528207360489383 -4.32827209498736 0
1665 6.540019848402004 -2.826093232728178 0
1666 4.148685292572408 -3.24493230704276 0
1667 2.742401270097961 -2.583273264777044 0
1668 3.950841642551334 -2.402208366262296 0
1669 7.153660102914487 -4.311780373222835 0
1670 9.362082465379611 -1.644145204598079 0
1671 3.528807434364543 -0.9580709289103545 0
1672 7.273718237385309 -5.056254685200357 0
1673 8.381322122858366 -1.584418950749942 0
1674 3.92047387112481 -0.9358783885787602 0
1675 6.199708698264687 -1.505923453600275 0
1676 19.30314426713631 -1.75451552831046 0
1677 8.216855108905316 -4.737156962539647 0
1678 5.307041739095015 -2.545796916825306 0
1679 6.676416678176091 -1.669010985596393 0
1680 2.46218550633504 -1.324652813889291 0
1681 6.436878173963473 -3.947417036505226 0
1682 6.078515142221887 -1.022819405227502 0
1683 3.230840125179893 -2.074141526182224 0
1684 4.678136258352332 -0.9920251938066199 0
1685 5.012013760190841 -1.767430527572508 0
1686 13.16457188523461 -2.927688747680682 0
1687 6.128650142061492 -1.82745591905752 0
1688 13.31633504559048 -1.180085688680484 0
1689 6.969584570525154 -0.992095757791336 0
1690 7.896736386329091 -5.609528257496302 0
1691 2.786324358854336 -1.739572197247397 0
1692 5.113237947997633 -2.713821132203825 0
1693 4.365768265995706 -5.658175900545089 0
1694 11.62407279101175 -5.34528029470149 0
1695 17.4001153078909 -1.352220186718849 0
1696 4.618842043381411 -1.880767429882412 0
1697 4.214766862916972 -2.429308718575666 0
1698 6.005602865953727 -1.358967921679541 0
1699 3.274590936598233 -3.078807436679866 0
1700 9.060994630861149 -2.740302222409001 0
1701 4.368495136917054 -2.145084555080204 0
1702 4.555451307251611 -2.642122567770478 0
1703 19.46898499810492 -4.92098212434591 0
1704 9.363763420192136 -4.739240540035485 0
1705 3.473568790830436 -1.730842413371902 0
1706 14.56040941264262 -1.154677490370653 0
1707 5.428472174580205 -2.091644074488598 0
1708 3.755478232745609 -1.49183749122626 0
1709 3.251148246499064 -0.9394581145149034 0
1710 12.61884233602372 -1.77749459432801 0
1711 1.915436047206414 -2.347259993074674 0
1712 8.986336142977587 -1.575557718963543 0
1713 6.74911589109824 -4.35039277925216 0
1714 3.044368409132836 -1.14513714320261 0
1715 20.68251456576818 -1.469612403882213 0
1716 15.73965352668303 -2.009760108915007 0
1717 8.375796457991472 -2.275249330203625 0
1718 12.25435205967833 -4.371747997442196 0
1719 3.074505363334492 -2.482596929957047 0
1720 7.884474649415948 -4.285723754357201 0
1721 4.648158324167425 -3.295232594686613 0
1722 11.59454018171428 -3.706474507402727 0
1723 12.2059022844014 -3.160384829273989 0
1724 15.02863078569302 -1.255146444569696 0
1725 6.856453790282713 -1.457103513595406 0
1726 5.29995188104481 -3.100919278706411 0
1727 15.32459502261479 -2.841216416639714 0
1728 8.340104101545041 -3.606322760342944 0
1729 3.584032396075547 -1.703786158191755 0
1730 3.624074416181052 -1.875812480790063 0
1731 3.734538021426163 -1.848756225609916 0
1732 3.454981043686562 -1.842583602637303 0
1733 3.605486669037177 -1.987553670055464 0
1734 17.12992951364591 -2.831144764334888 0
1735 16.5517338595162 -2.886109700923098 0
1736 16.99126403745134 -3.219081716724421 0
1737 17.29403023321771 -3.482531559388159 0
1738 16.71583457908801 -3.537496495976369 0
1739 6.154957868321135 -4.13676367644845 0
1740 5.82832246862881 -4.164831991317107 0
1741 6.010451781505131 -4.348170797744968 0
1742 4.209840442293364 -3.487836823371392 0
1743 4.212494779628233 -3.743437143275098 0
1744 4.386144416137635 -3.655227662583956 0
1745 9.171536463538169 -1.023986444634626 0
1746 9.387268138041486 -1.023986444634626 0
1747 4.826586854807671 -0.9305512796683505 0
1748 4.956149707410597 -0.9305512796683505 0
1749 2.593121402382532 -3.682803256432527 0
1750 2.37261383840328 -3.597755731029641 0
1751 2.347254922576283 -3.844951090834045 0
1752 11.55884816747551 -1.676405274330969 0
1753 11.46210404978951 -1.357355178970888 0
1754 11.27470060324504 -1.68334792503578 0
1755 2.394446625070762 -3.375306080240409 0
1756 2.148580145264512 -3.537453914641926 0
1757 17.04261602931178 -2.318537991556136 0
1758 17.48214620724692 -2.651510007357458 0
1759 4.581191275805926 -1.211080777136215 0
1760 4.672023761242447 -1.157371968321049 0
1761 4.587303772915811 -1.045734002621786 0
1762 11.03551435139464 -1.082148914837849 0
1763 11.28788989788245 -1.082148914837849 0
1764 6.062106696451622 -3.043141737944567 0
1765 6.220235967526379 -3.241481881023238 0
1766 6.331418103880922 -3.018067545992966 0
1767 13.14157518750275 -2.346062047699606 0
1768 13.39866330906695 -2.088284520674641 0
1769 12.98594755889592 -2.000232081190581 0
1770 9.017311222317398 -5.533311960685773 0
1771 8.632003929738795 -5.224851214130698 0
1772 8.734536317829454 -5.691539253444923 0
1773 6.591172034586526 -1.268269325810525 0
1774 6.472327990161749 -1.167527481230528 0
1775 6.412892871232662 -1.335313455000914 0
1776 16.121877992813 -1.102505113654199 0
1777 16.38867420393848 -1.480519091255134 0
1778 16.5015459455199 -1.178013977600934 0
1779 10.77678326503836 -0.9769514557434299 0
1780 10.91922539920276 -1.259100370581279 0
1781 10.14777469176907 -2.445717383342784 0
1782 10.47763077679262 -2.646026431821191 0
1783 10.49193122773044 -2.36297910049358 0
1784 2.349990477006501 -3.093239414602678 0
1785 2.574024170145269 -3.153541230990392 0
1786 12.67385088667772 -2.017752101271778 0
1787 12.32341881858276 -1.890606403658016 0
1788 12.37842736923677 -2.130863910601783 0
1789 2.667243735410443 -5.151263045002151 0
1790 2.475457287372892 -5.320468433876985 0
1791 2.691550515889781 -5.404819932653774 0
1792 16.86075504434693 -1.178013977600934 0
1793 2.690632279193041 -5.629614509621493 0
1794 2.882418727230593 -5.460409120746659 0
1795 4.55279017736988 -3.762601031740803 0
1796 4.55013584003501 -3.507000711837096 0
1797 5.392199979997297 -4.467345395615305 0
1798 5.37392117773813 -4.721299273653391 0
1799 5.665537579553638 -4.630192990651711 0
1800 4.154257613398225 -1.237605823599631 0
1801 4.129232480624148 -1.416555277174536 0
1802 4.241393143212226 -1.384699176555268 0
1803 19.6592726862659 -2.228699028561775 0
1804 19.90470322198056 -2.492999352091691 0
1805 20.12552843850057 -2.197294398582538 0
1806 13.58852803482314 -1.824724795990416 0
1807 13.74415566342997 -2.170554762499441 0
1808 8.150401650800939 -2.981131665871608 0
1809 8.056158051191192 -2.734339773385207 0
1810 7.935842338558284 -3.009867673528146 0
1811 2.794574121322448 -1.361847995348361 0
1812 2.839139614960832 -1.515342599599478 0
1813 2.958864400683111 -1.433476271670572 0
1814 9.271404158549087 -3.375571442038413 0
1815 8.961870847176474 -3.126150533242511 0
1816 8.956664701606995 -3.38921885527605 0
1817 9.004789710783497 -3.66860216638186 0
1818 8.695256399410882 -3.419181257585957 0
1819 7.488091619358268 -1.388002669104685 0
1820 7.497342918688761 -1.165530762341397 0
1821 7.306314325512006 -1.327991297401552 0
1822 5.062496781826457 -1.29517794274541 0
1823 5.153538211467255 -1.383924354167098 0
1824 5.218962928355446 -1.259848183237143 0
1825 8.53415508810604 -3.919543882772382 0
1826 8.541742755066213 -3.652443664517355 0
1827 8.332516434584868 -3.87342297859797 0
1828 7.239072175810229 -1.811372837012129 0
1829 7.405814629931998 -2.021959135991704 0
1830 7.463805480303281 -1.761049503144413 0
1831 8.338608664201205 -3.198228756247348 0
1832 8.458924376834114 -2.922700856104409 0
1833 2.868355535602595 -0.9072294386285166 0
1834 2.959384677471167 -0.9072294386285166 0
1835 4.720069911556557 -1.495529072813262 0
1836 4.885650311959409 -1.543796758233206 0
1837 4.831491664535414 -1.370986428255422 0
1838 5.433771675787976 -5.022593382939271 0
1839 5.160434076231634 -4.859745787902866 0
1840 12.03212704015606 -2.28242851459892 0
1841 12.38255910825102 -2.409574212212683 0
1842 4.08478311974742 -1.513941447414219 0
1843 3.997647589933419 -1.366848094458582 0
1844 6.192895825930765 -4.508759919432552 0
1845 5.866260426238439 -4.536828234301209 0
1846 20.16883455929949 -2.736815322962045 0
1847 19.70257880706482 -2.768219952941282 0
1848 5.023522391413066 -1.011788794429379 0
1849 5.078935943114876 -0.8812375147610286 0
1850 3.45582113135762 -2.726380314420786 0
1851 3.219612410884559 -2.675196402363655 0
1852 3.27250828442519 -2.811940288466905 0
1853 8.572613549248747 -4.307834699085042 0
1854 8.781839869730092 -4.086855385004427 0
1855 4.783323709920674 -1.19191065108609 0
1856 4.789436207030559 -1.02656387657166 0
1857 3.437437070905871 -1.098457034185374 0
1858 3.301774600850859 -1.068618014181189 0
1859 3.358023342408766 -1.153766704856298 0
1860 4.117635136633411 -3.928631423502627 0
1861 3.941331162789141 -3.761240584290063 0
1862 2.800069565105452 -3.308547140323731 0
1863 2.755613417041191 -3.026480474686 0
1864 12.5854757763108 -4.719439562186555 0
1865 12.87668080673392 -5.129685223659387 0
1866 13.14956448004064 -4.742708678113626 0
1867 6.490336486635923 -1.046029112788925 0
1868 6.312057323282059 -1.113073241979315 0
1869 2.23414210869543 -1.196353594785488 0
1870 2.103687019040601 -1.104987518910204 0
1871 2.112256498224656 -1.228829133358468 0
1872 3.485483513551813 -5.122000726007593 0
1873 3.285745467547855 -5.266744122540891 0
1874 3.490096058935161 -5.385661028313827 0
1875 7.58691604245664 -1.012771067022265 0
1876 7.771324382613408 -1.012771067022265 0
1877 14.03664800006019 -2.460737991750032 0
1878 14.22651272581639 -2.197178267065808 0
1879 3.008979187976752 -2.971121380214556 0
1880 2.782933793016568 -2.816115470881218 0
1881 5.983179319838636 -5.740261765684806 0
1882 5.676646581249255 -5.740261765684806 0
1883 16.0435839432219 -3.412984459831796 0
1884 16.02667985752007 -4.042994492882389 0
1885 16.3961642976198 -3.904056686363224 0
1886 7.878507700548104 -1.921305587979271 0
1887 7.936346083940849 -1.738237608235908 0
1888 7.688386317817796 -1.788567822380625 0
1889 11.69972001103642 -2.00305811669194 0
1890 11.88712345758089 -1.67706537062705 0
1891 3.404019865697343 -5.765202212423562 0
1892 3.185466257281684 -5.765202212423562 0
1893 3.945832464687316 -1.585447173198874 0
1894 4.077417355378045 -1.635154355914828 0
1895 3.086847488429268 -5.383009484313033 0
1896 3.08223494304592 -5.1193491820068 0
1897 3.856523370924804 -1.863721314953853 0
1898 3.816481350819299 -1.691694992355546 0
1899 6.246878762536286 -1.370247532010597 0
1900 6.365722806961063 -1.470989376590593 0
1901 3.608248777459016 -4.516280711183039 0
1902 3.751949795695471 -4.384618261914627 0
1903 3.464816063214653 -4.35306656555036 0
1904 8.896651996217694 -2.427225303572588 0
1905 8.884033190028246 -2.142532970891831 0
1906 8.664290170166575 -2.231421945984973 0
1907 10.16920135984907 -4.713971836367155 0
1908 10.12977826561425 -5.207861509885636 0
1909 10.42534258684038 -4.908335417631072 0
1910 6.336193705745306 -3.407209831060292 0
1911 6.066882298316006 -3.432284023011893 0
1912 8.887445853118265 -1.92302693533758 0
1913 9.119807679169385 -2.118830292925195 0
1914 3.305957509001234 -3.673912277740345 0
1915 3.467409515997568 -3.783453789836869 0
1916 3.466258985832039 -3.51377076642044 0
1917 6.269098555744901 -5.756957636849779 0
1918 6.044948370365486 -5.497219402534586 0
1919 9.499448609088384 -1.18021513381848 0
1920 9.604522449668783 -0.9562286891838533 0
1921 4.323978111280636 -1.462770441915478 0
1922 4.349003244054713 -1.283820988340574 0
1923 7.404488338319537 -2.22081214946672 0
1924 7.629221642812591 -2.170488815599004 0
1925 5.088124776764468 -1.507048457048178 0
1926 5.244590923293456 -1.471718697539911 0
1927 4.32136860179359 -4.421364825933747 0
1928 4.019518873947995 -4.395432427926754 0
1929 4.197232237785427 -4.573764805554299 0
1930 5.373008541906947 -3.243604477671719 0
1931 5.146847070283189 -3.19971091096588 0
1932 5.219903731145327 -3.342396109931188 0
1933 20.68547948710761 -2.328637942642743 0
1934 20.68547948710761 -2.594551501582165 0
1935 3.737091256311346 -3.784873571517278 0
1936 3.576789779480541 -3.945015082837183 0
1937 10.76008429713108 -2.306311895452834 0
1938 10.43022821210753 -2.106002846974428 0
1939 7.63189736396839 -2.94987703264749 0
1940 7.726140963578139 -3.196668925133891 0
1941 8.332734421712527 -5.691539253444923 0
1942 7.432524921029682 -2.482866777220993 0
1943 7.209117908149088 -2.334337097613693 0
1944 6.922271098902608 -2.028875358230095 0
1945 7.057913427825603 -1.911130802726146 0
1946 6.799103201289266 -1.867723691096822 0
1947 4.322161284034743 -4.771100619153574 0
1948 4.46051471059165 -4.957751815353221 0
1949 4.637435392187929 -4.786348399760938 0
1950 13.189162490479 -5.576477169793228 0
1951 12.62507378674916 -5.553208053866158 0
1952 5.949000549793876 -2.719562522169557 0
1953 5.691505678311038 -2.812107968972979 0
1954 5.915793961323327 -2.912272849717716 0
1955 7.115904278196886 -1.650221169878856 0
1956 2.157826402014199 -1.017226137171546 0
1957 2.035940791543425 -1.049701675744526 0
1958 4.038785271874174 -1.814045917013323 0
1959 4.177735926934278 -1.742540191228668 0
1960 3.07164992766468 -1.466208427375736 0
1961 3.027084434026295 -1.312713823124619 0
1962 3.85433823090115 -1.478035877962262 0
1963 3.846972466531775 -1.599248786462871 0
1964 16.69893049338617 -4.167506529026961 0
1965 8.516610495543814 -0.9936804577166943 0
1966 8.616385330674449 -1.163857765989491 0
1967 8.745784861295723 -0.9701773082727964 0
1968 8.152063181254386 -3.719682251971207 0
1969 8.144475514294212 -3.986782470226233 0
1970 3.493828040935111 -4.664271198322097 0
1971 3.780961773415929 -4.695822894686365 0
1972 7.181859531397929 -1.171074247617773 0
1973 7.172608232067436 -1.393546154381061 0
1974 4.30919380201781 -1.727171250706212 0
1975 4.270561718513938 -1.906062811804707 0
1976 3.724987117033133 -1.584283697118934 0
1977 14.59671645131306 -2.079105931850702 0
1978 14.30422411468283 -1.788922702600111 0
1979 12.65869568976189 -2.565146095706144 0
1980 12.87655191371333 -2.899985665438712 0
1981 12.94671566128317 -2.592849177948114 0
1982 7.053557786510238 -2.444919541121498 0
1983 6.82374676853154 -2.45145868198567 0
1984 7.007343472880534 -2.602930866232138 0
1985 2.310243773399772 -2.751106510318897 0
1986 2.016035615164612 -2.809167965283561 0
1987 2.235359863845847 -2.929536020317325 0
1988 3.279724454585068 -1.226247253318966 0
1989 3.415386924640079 -1.256086273323151 0
1990 10.61224260304694 -2.89535932403586 0
1991 10.26808606708556 -2.978097606885064 0
1992 6.356654340604084 -2.822910317821236 0
1993 6.48303717143234 -2.621592883873439 0
1994 6.29967166363442 -2.618409968966497 0
1995 15.78988044114223 -3.104300639310546 0
1996 15.61512820088853 -2.748947714454922 0
1997 15.49934726286848 -3.196569341495338 0
1998 3.727704023649812 -2.209311374684049 0
1999 3.815834824159646 -2.400024283711085 0
2000 3.862710842041501 -2.21149545723526 0
2001 4.020311556189148 -4.745168221146581 0
2002 10.70033937104701 -5.196897406384161 0
2003 10.73976246528183 -4.703007732865681 0
2004 4.938186198463312 -4.765725637288785 0
2005 4.799832771906406 -4.579074441089138 0
2006 9.873161101277205 -2.06458315869932 0
2007 9.586087263682465 -2.280627851899135 0
2008 9.875001305112153 -2.378714745214989 0
2009 12.78878240928862 -3.828436205468542 0
2010 12.42470904137154 -3.551870298107424 0
2011 12.49428608170045 -4.055897109279676 0
2012 15.72070975881928 -4.409420047081236 0
2013 15.36812940442139 -3.918347820549809 0
2014 11.03491300121961 -2.025866831164771 0
2015 11.09661601684252 -2.282843084683923 0
2016 4.610422476902365 -5.136199818596572 0
2017 4.295148368749178 -5.120952037989207 0
2018 4.589341743355936 -1.470310051978216 0
2019 4.643500390779931 -1.643120381955999 0
2020 4.908065158931811 -4.397466161433817 0
2021 4.607314352656428 -4.41808892390597 0
2022 3.872449301005598 -5.3517851526747 0
2023 4.10015254975527 -5.202578354157364 0
2024 3.917537353688791 -5.091710833263192 0
2025 2.055782318771341 -3.151300869567341 0
2026 5.062497639864833 -3.453978982004402 0
2027 5.288659111488591 -3.497872548710241 0
2028 6.849380295734486 -1.168556228318711 0
2029 6.753530471899163 -1.278793432817772 0
2030 6.952303614118036 -1.346866309096345 0
2031 13.35943141145419 -2.680901617432174 0
2032 5.654651887881221 -1.404043404669216 0
2033 5.796668345435342 -1.344204827590066 0
2034 5.713547429574996 -1.216289051922796 0
2035 5.709459906485901 -1.886445415669706 0
2036 5.799930051139854 -1.721268223915303 0
2037 5.647302659087615 -1.69713637209089 0
2038 4.823861103253423 -3.769802410396735 0
2039 4.659869679356047 -3.918029361143595 0
2040 5.804611824968783 -3.135687184747989 0
2041 7.329675239923739 -2.8665350048106 0
2042 7.539376614903884 -2.679733753204856 0
2043 3.6496775849842 -0.9096922559376176 0
2044 3.756168804377579 -0.9096922559376176 0
2045 1.863373679298515 -3.528233566001276 0
2046 1.885206465965997 -3.305783915212044 0
2047 14.42574661864154 -3.174144647380913 0
2048 14.71823895527177 -2.889932579387643 0
2049 14.22651272581639 -2.771573564309669 0
2050 18.10946875970427 -3.041963153813129 0
2051 18.13357055675599 -3.590991395394721 0
2052 18.67357962487921 -3.468837769071639 0
2053 5.200989725558693 -1.740264135776077 0
2054 5.331398839475008 -1.725111567238997 0
2055 5.309586602506983 -1.579690231883911 0
2056 4.042767610165749 -2.301964596912468 0
2057 3.954636809655916 -2.111251687885433 0
2058 6.694095352970076 -1.446579406588158 0
2059 19.04396264878669 -2.722106754780488 0
2060 19.07242723194819 -2.300733093000341 0
2061 18.67794241098899 -2.498435865709902 0
2062 1.927205153829308 -4.593979005828277 0
2063 2.163736969029885 -4.414242226086903 0
2064 1.836531815200577 -4.377228240214431 0
2065 3.155445250275181 -2.919781906544821 0
2066 3.391653970748242 -2.970965818601951 0
2067 13.6981153966461 -4.75045322605352 0
2068 13.40691036622298 -4.340207564580688 0
2069 9.033596351876302 -3.916762475824404 0
2070 9.072054813019008 -4.305053292137065 0
2071 4.045822309127191 -2.805150944928851 0
2072 4.179058266499282 -2.814053296061606 0
2073 4.180404938213643 -2.661210405265312 0
2074 17.90020155792834 -1.171433431752534 0
2075 18.28872211816952 -1.171433431752534 0
2076 9.860700854174327 -2.6617620765426 0
2077 9.689863613385882 -5.72461417038429 0
2078 9.926668354386123 -5.506748964310859 0
2079 9.636832297622698 -5.23136313469515 0
2080 8.317154434542454 -0.9936804577166943 0
2081 17.46744136215884 -4.749738639402922 0
2082 17.85575625172025 -5.124158395626581 0
2083 18.06867259993647 -4.687724876226431 0
2084 13.74415566342997 -2.744950059743303 0
2085 3.048508241844204 -4.853850345231408 0
2086 2.849610262725617 -4.97011570700355 0
2087 10.37802458079945 -1.617356702725901 0
2088 10.40256072477716 -1.869296998971077 0
2089 10.67384513753046 -1.797395345688506 0
2090 18.49698117579929 -1.42491490562286 0
2091 18.68562303300225 -1.053481473870325 0
2092 1.760641302301025 -0.8752570175722669 0
2093 1.829815970378993 -0.8752570175722669 0
2094 3.085929251732528 -5.607804061280752 0
2095 2.981037496083009 -5.842601848857188 0
2096 8.513733910984298 -2.11098947175392 0
2097 8.526352717173747 -2.395681804434678 0
2098 4.715286906129443 -0.8960125969033098 0
2099 5.389296466773266 -2.435063612714438 0
2100 5.515877002938301 -2.582597279125063 0
2101 5.598131730616552 -2.471863975014195 0
2102 4.250060316065985 -5.381026357400716 0
2103 4.998036696513158 -5.067019746574666 0
2104 3.06849930325105 -4.594672942523466 0
2105 3.301123983571352 -4.743906417526714 0
2106 6.694305953932379 -3.090358365611179 0
2107 6.719542190655542 -2.89520113743945 0
2108 6.514783611678841 -3.021250460899907 0
2109 8.658492002081116 -1.694961800546726 0
2110 8.819003753477356 -1.76114366613388 0
2111 8.825824391581348 -1.50937585337639 0
2112 4.893121159585696 -1.717884965181777 0
2113 5.004542912564554 -1.593342320623936 0
2114 4.515824201485095 -3.347429968683431 0
2115 4.541860844759097 -3.143945862527521 0
2116 4.409526722076767 -3.196143236524339 0
2117 4.374602130468252 -2.831385943383248 0
2118 4.240019501381799 -2.975326483046787 0
2119 16.15936488124195 -2.96536283279138 0
2120 5.722470839505535 -2.41210377775297 0
2121 5.595890303340499 -2.264570111342346 0
2122 3.14323289541854 -3.292857819171627 0
2123 2.983257278928007 -3.429261585263009 0
2124 3.144831362345171 -3.540633020415297 0
2125 3.835359580966978 -1.189063824813752 0
2126 3.900270395837917 -1.272853932381061 0
2127 3.977186135939208 -1.18567181665159 0
2128 4.823243672460712 -4.080855692025088 0
2129 4.972883518645889 -4.209062228491441 0
2130 5.080580451424766 -4.05343727626588 0
2131 9.521591786076097 -3.127951031207866 0
2132 9.677250367775519 -2.869079190412832 0
2133 9.432268885817992 -2.853631279209839 0
2134 7.088188302685288 -3.534635382600933 0
2135 7.318970665499317 -3.428432739381353 0
2136 7.191413626174216 -3.242880927472814 0
2137 14.30947515971483 -1.493596643761409 0
2138 13.93927143421816 -1.611668978976515 0
2139 3.995063378875237 -4.094733656411896 0
2140 4.26622699571433 -4.076930215396932 0
2141 3.457812560308935 -4.082499708719361 0
2142 3.727494300622714 -4.08391949039977 0
2143 13.16044134284088 -3.976996898764854 0
2144 13.09086430251198 -3.472970087592601 0
2145 6.838298493905458 -2.786889524623515 0
2146 7.068109511884156 -2.780350383759344 0
2147 12.12937289687815 -1.754539551978929 0
2148 12.4247964143191 -1.641427742648923 0
2149 3.214866964550207 -1.444799706694496 0
2150 3.146646931207024 -1.565562155240448 0
2151 3.1459818925107 -3.810316043831726 0
2152 7.521643863696027 -1.577981523401051 0
2153 7.712672456872782 -1.415520988340896 0
2154 20.6414008735632 -4.695897519658843 0
2155 20.6414008735632 -5.044456609417908 0
2156 14.96407645432564 -1.93996857905143 0
2157 14.88636506545919 -2.348224143517128 0
2158 10.91363273955589 -1.454876439559514 0
2159 10.65490165319962 -1.349678980465095 0
2160 7.896575854270718 -1.518034114246943 0
2161 8.086697237001024 -1.650771879845588 0
2162 3.876086159703632 -4.232218282294075 0
2163 4.292124328961588 -3.118795718705595 0
2164 4.266087685687586 -3.322279824861504 0
2165 6.277843368480409 -1.6125514055049 0
2166 6.443857477176784 -1.577617328495218 0
2167 5.095595624390755 -1.68113666399675 0
2168 2.776309116205086 -3.803517701371805 0
2169 2.801668032032083 -3.556322341567401 0
2170 2.21688865428825 -1.523433521279115 0
2171 2.303210863331285 -1.622861712996462 0
2172 2.329033796922521 -1.4196234009511 0
2173 2.328118929989626 -5.468033482216065 0
2174 2.303812149510288 -5.214476594564442 0
2175 6.232877523889526 -2.458562277283288 0
2176 6.10649469306127 -2.659879711231086 0
2177 18.39971884153305 -2.22882076293099 0
2178 18.37125425837155 -2.650194424711136 0
2179 4.680701347594071 -2.701144380461713 0
2180 4.495507336301189 -2.817390849069453 0
2181 4.62075737664365 -2.87641266176069 0
2182 6.929847898134633 -3.156696306421558 0
2183 6.725089319157934 -3.282745629882016 0
2184 1.863373679298515 -3.832678287604032 0
2185 5.856880858296398 -1.578818018623026 0
2186 5.919038105694685 -1.768127062201842 0
2187 5.165401937895867 -4.370047745674609 0
2188 16.4701581115669 -5.267033359706907 0
2189 15.98182491734736 -4.83617940061083 0
2190 16.07272281699629 -5.569146040903921 0
2191 5.871687834847648 -1.445463551008014 0
2192 5.930583376541422 -1.257709198261593 0
2193 3.314111542072481 -4.214162157987772 0
2194 3.118512427737236 -4.060927918727339 0
2195 3.125515930642954 -4.331494775558338 0
2196 2.748839651431622 -4.054129576267418 0
2197 2.957386281081174 -3.927648661402292 0
2198 5.457018339711375 -4.27894146267293 0
2199 4.912214093980055 -5.768670735480137 0
2200 4.644476525850522 -5.768670735480137 0
2201 16.47088302535531 -2.230017655214449 0
2202 16.72937074617807 -2.027100351867718 0
2203 16.50985443582261 -1.7589452585486 0
2204 9.259935583515256 -5.72461417038429 0
2205 9.157403195424598 -5.257926131070064 0
2206 4.429600988818994 -4.239756546278426 0
2207 5.137115062915997 -1.066788400668756 0
2208 5.014328827211718 -1.116102165576079 0
2209 4.584445406684551 -5.597758685752682 0
2210 4.425799385161677 -5.829087950272544 0
2211 2.620691865120901 -1.298896997534753 0
2212 2.71791123653772 -1.307660896839458 0
2213 2.663753766058452 -1.162843571096944 0
2214 5.49841411542848 -1.713425613596062 0
2215 5.38981723848019 -1.873999517488228 0
2216 10.18280958137744 -5.701112545574776 0
2217 5.297810997014003 -3.749020920646082 0
2218 5.455217088294497 -3.637438048572868 0
2219 7.008869004239256 -1.114362431194309 0
2220 6.810095862020384 -1.046289554915737 0
2221 11.57203746211292 -1.075206264133039 0
2222 5.540534862171888 -2.723852162505129 0
2223 5.331699598328602 -2.687051800205372 0
2224 2.837636022259999 -1.225794568910552 0
2225 13.59377907985514 -1.529398737151715 0
2226 6.766710977263758 -2.139457801737901 0
2227 7.025521203800094 -2.182864913367224 0
2228 19.68920337348652 -3.232600301936646 0
2229 19.88602280024923 -3.527086484117903 0
2230 20.16352957114645 -3.306522105992893 0
2231 4.948904110323526 -1.240178336506033 0
2232 1.786507079131695 -4.759277382071473 0
2233 2.113712232961003 -4.796291367943946 0
2234 13.70899225944634 -3.984741446704748 0
2235 11.14267352032771 -2.567250590751494 0
2236 11.41750222441623 -2.286805526463431 0
2237 8.076410014812302 -2.069732384542657 0
2238 7.828450248689248 -2.120062598687374 0
2239 9.324461049189281 -2.667530830411903 0
2240 9.16880246748986 -2.926402671206937 0
2241 2.730586847227252 -1.591643260262332 0
2242 2.894877126587916 -1.663271536584543 0
2243 6.601793474682256 -2.513281271057505 0
2244 6.65877615165192 -2.717781619912244 0
2245 4.457395908088389 -1.754297616201602 0
2246 4.364570116508729 -1.590774995625563 0
2247 4.596218030087261 -3.02937521810494 0
2248 4.781412041380142 -2.9131287494972 0
2249 3.658816889772567 -2.09319664754789 0
2250 3.611940871890712 -2.281725474023715 0
2251 2.78198798513044 -0.8829014061311243 0
2252 2.824591525044915 -0.990130844759641 0
2253 2.083636827710237 -1.408668651567312 0
2254 2.057813894119001 -1.611906963612674 0
2255 7.405138748610378 -0.9527596953191318 0
2256 7.523891072309358 -3.34862088834682 0
2257 7.827836046899252 -3.408611529227476 0
2258 10.13440765537652 -1.925964204011823 0
2259 2.889350417025045 -2.672014820593409 0
2260 2.635984646089484 -2.727373915064852 0
2261 17.34947924261472 -4.057125729321439 0
2262 17.02980896114651 -4.423685919708294 0
2263 15.32327446424869 -4.711532728278249 0
2264 9.054778242618495 -1.737440988167244 0
2265 3.481134420940341 -5.58479009973723 0
2266 3.680872466944299 -5.440046703203931 0
2267 4.55217274657717 -4.073654313369156 0
2268 3.23871531057574 -2.536116679137292 0
2269 3.05540246364331 -2.621676653183411 0
2270 8.953219163020805 -0.9701773082727964 0
2271 9.063876996943721 -1.194163752907422 0
2272 1.953181738055408 -1.317302575692028 0
2273 7.42066574882043 -3.640375343474938 0
2274 14.50881029427452 -4.316362743634618 0
2275 14.26004162035111 -4.748335165022694 0
2276 14.81339063179719 -4.71674579613673 0
2277 17.83124519024833 -2.772348051034217 0
2278 17.74393170591421 -2.259741278255464 0
2279 5.197654789529749 -3.906908580154118 0
2280 5.031096812723843 -3.767343080291491 0
2281 17.08158743977909 -1.847465594890287 0
2282 5.882206410048981 -2.559714830486348 0
2283 5.879964982772929 -2.352420966814499 0
2284 20.68017449895457 -3.448785927372772 0
2285 20.68017449895457 -3.753230648975528 0
2286 3.855821034961189 -1.370240102620744 0
2287 3.810486545005184 -0.9776314502269977 0
2288 3.866156130497206 -0.86793919428938 0
2289 18.189019566153 -4.165585565328001 0
2290 17.62490870097806 -3.738710950069491 0
2291 3.007100050725237 -0.9923332010919835 0
2292 3.055525652679334 -0.8851037624634668 0
2293 19.60106359673872 -4.560032528913511 0
2294 19.21541180865173 -4.108474472067171 0
2295 19.08333321001792 -4.46942406749957 0
2296 14.61741862641106 -1.412763928877829 0
2297 14.25246594594639 -1.235510205254233 0
2298 10.05773155318806 -1.029880839157635 0
2299 10.29106693394522 -1.029880839157635 0
2300 9.70571753786969 -1.305751830640828 0
2301 9.488463226242393 -1.373509586091601 0
2302 5.614477213502506 -3.748397698589918 0
2303 5.605325327977094 -3.497249326654077 0
2304 9.295004654072413 -3.886800073514497 0
2305 7.076758408232113 -1.503783358880123 0
2306 4.838036716604067 -1.857638127310109 0
2307 4.696535301180981 -1.774553416336729 0
2308 4.760343458804496 -1.963852140855792 0
2309 20.04674559664084 -3.900045610827631 0
2310 19.57241939898091 -3.826123806771385 0
2311 4.464029749801206 -1.230667532568868 0
2312 4.381444781732797 -1.152596267208658 0
2313 1.9107901833947 -1.715537167441508 0
2314 2.044042009972713 -1.83030203715331 0
2315 4.70251550949559 -3.180661950264031 0
2316 3.489723517278077 -2.059967769395129 0
2317 7.734747045074333 -2.566208805057884 0
2318 2.471741552737459 -1.631008010841057 0
2319 2.359596410103187 -1.734818131169072 0
2320 11.83450802976595 -1.075206264133039 0
2321 10.36749185737941 -3.527388487226899 0
2322 10.67831016734979 -3.811038542064064 0
2323 10.71351620331026 -3.511080553936897 0
2324 8.755436168305733 -1.291774302167415 0
2325 8.526261802553824 -1.315277451611313 0
2326 20.09291038924578 -4.215145974173734 0
2327 20.40651379051409 -3.916108651520253 0
2328 12.09839346991374 -5.553208053866158 0
2329 11.07225021396304 -3.480445143096202 0
2330 10.76143190399267 -3.196795088259039 0
2331 14.12067960894236 -3.359382155951102 0
2332 14.61240583839774 -3.477741171029076 0
2333 15.35643528638994 -1.879805264783035 0
2334 15.06678667224381 -1.61068705311661 0
2335 3.508451941665213 -2.363197937444863 0
2336 3.439564807787967 -2.247083210308704 0
2337 5.888175891924138 -2.192236756230773 0
2338 6.047911462467584 -2.339847808964151 0
2339 8.523317381521737 -1.51380646926959 0
2340 8.516496743417745 -1.765574282027079 0
2341 11.74577751452162 -2.287465622759511 0
2342 10.15739657335893 -4.355216104644762 0
2343 9.861832252132803 -4.654742196899326 0
2344 9.950023754432433 -2.936081828540627 0
2345 5.698494881433082 -3.326422874805933 0
2346 5.552182146304786 -3.195553986579082 0
2347 18.19939220799045 -5.531072316225044 0
2348 17.59816097021282 -5.593086079401535 0
2349 10.97097661369972 -2.864723913195165 0
2350 4.956929317209211 -1.90718368970084 0
2351 18.80014454239125 -1.692012575835203 0
2352 18.40324362755852 -1.809964533717412 0
2353 16.90779051257922 -5.593086079401535 0
2354 16.81689261293029 -4.860119439108444 0
2355 7.827123957076789 -2.318915612162391 0
2356 7.93397565095099 -2.515782588146254 0
2357 1.762281033770494 -1.365635416072091 0
2358 1.790900704284913 -1.185795897863247 0
2359 4.928747573900123 -2.604161433522639 0
2360 4.895940428721298 -2.422511490624916 0
2361 4.773144242757705 -2.578516250255227 0
2362 5.902465858798352 -5.291861815517277 0
2363 6.188385094704617 -5.308557686682249 0
2364 3.735708784170045 -3.460823600447204 0
2365 3.831950899306168 -3.599679291289749 0
2366 3.939948690647839 -3.437190613219988 0
2367 3.104707037801667 -1.683718047603488 0
2368 3.247924074687196 -1.662309326922247 0
2369 1.762281033770494 -1.597894399701643 0
2370 2.77678178588018 -5.842601848857188 0
2371 20.76846949912769 -2.028422810177868 0
2372 20.45394898623531 -2.161379589647578 0
2373 4.136898710605285 -2.061576289944902 0
2374 3.956841942481037 -1.971107150267694 0
2375 7.847336908710122 -1.16653326882849 0
2376 7.939541078788506 -0.9537622018062254 0
2377 14.00269573416877 -5.150836278555633 0
2378 2.652379184607196 -1.059941242027244 0
2379 2.652792521357399 -0.9526231309942089 0
2380 2.566947731391836 -1.046761560759204 0
2381 14.9218000425307 -2.664288956478057 0
2382 15.28916004554328 -2.525151603678785 0
2383 5.489656854370351 -5.32078171427918 0
2384 5.703143955876848 -5.182335200029706 0
2385 2.872900188915805 -4.441438703263032 0
2386 12.93093900824192 -1.759974574246813 0
2387 13.63042876242032 -1.248214304409149 0
2388 13.2796853630253 -1.46127012142305 0
2389 14.68474906720958 -3.97387602717396 0
2390 14.1314000557635 -4.005465396059923 0
2391 8.473813169894935 -2.6108590221972 0
2392 8.662020183295201 -2.82795611257294 0
2393 9.845493613946836 -1.827877310695969 0
2394 16.13018648311572 -1.683436394601865 0
2395 20.20851845052065 -1.897079266117663 0
2396 6.399068137635417 -5.186273714546711 0
2397 6.256585626068282 -4.980916127529402 0
2398 15.12103393535585 -3.0668600395493 0
2399 4.548749738127842 -1.342305498268131 0
2400 3.594796273706481 -5.819587887313666 0
2401 6.832581679504735 -5.65075377274215 0
2402 6.566360697339944 -5.40771140959193 0
2403 6.597088588436542 -5.756957636849779 0
2404 8.148534963193645 -2.487046580489715 0
2405 4.624089341216645 -5.418370756096417 0
2406 4.789455683059116 -5.25517053346043 0
2407 2.48399629867769 -0.9543616988107014 0
2408 2.483582961927488 -1.061679809843736 0
2409 2.052670514520739 -0.8809701470029344 0
2410 2.127489834513306 -0.8809701470029344 0
2411 6.825202520101627 -3.490980168482027 0
2412 6.952759559426728 -3.676531980390566 0
2413 5.718598764632362 -3.92100564526465 0
2414 5.574092677816357 -4.132412766561167 0
2415 2.574336334455929 -2.15229373232836 0
2416 2.40080853159022 -2.21538738413906 0
2417 2.545727985502942 -2.356612702459483 0
2418 5.507328273701337 -2.916562490053288 0
2419 7.054832509602352 -0.8960478788956679 0
2420 7.142575097683826 -1.0488075742148 0
2421 7.227823036761024 -0.9527596953191318 0
2422 3.806387269976913 -1.060633110479757 0
2423 3.729471529875622 -1.147815226209229 0
2424 8.854063010547764 -2.940050084444575 0
2425 3.369500567689728 -2.459096051023694 0
2426 3.541876631792473 -2.493738314738704 0
2427 9.6068954429174 -4.517613502606209 0
2428 9.618700229407539 -4.876369234328602 0
2429 5.347294635714927 -4.035115116620472 0
2430 7.871421983088159 -4.683470457442065 0
2431 8.050664879160632 -4.511440358448424 0
2432 7.705231753343474 -4.457753853350843 0
2433 11.32954703738912 -4.694174772434015 0
2434 11.31941602025011 -5.16842500816013 0
2435 11.63420380815077 -4.871030058975374 0
2436 9.343787357678677 -4.437100461496263 0
2437 9.586919380403943 -4.215473424066986 0
2438 19.42507203616759 -2.988784331066292 0
2439 12.58429868505383 -1.061478182001773 0
2440 12.86818685220149 -1.061478182001773 0
2441 3.908173450482868 -2.675082339639365 0
2442 3.906826778768506 -2.827925230435659 0
2443 3.692589449407711 -3.241387945249854 0
2444 3.584591658066039 -3.403876623319614 0
2445 2.360577605231363 -0.8846399739476168 0
2446 2.441502182519608 -0.8846399739476168 0
2447 5.748741582580829 -0.908722679604043 0
2448 5.750120754965121 -1.086947917025866 0
2449 5.854184714744824 -0.9782252374218227 0
2450 8.86753858254977 -4.770885061344317 0
2451 8.518576719889056 -4.606151581928367 0
2452 8.565816971566028 -4.901890441955596 0
2453 3.473836979528265 -4.92344860103004 0
2454 6.87926982670619 -4.996704731210063 0
2455 7.037786012896723 -5.178881115342329 0
2456 7.115202051194776 -4.874078301068091 0
2457 20.44674397139974 -2.736815322962045 0
2458 20.76126448429212 -2.869772102431756 0
2459 9.516385640506618 -3.391019353241405 0
2460 2.31024130062011 -1.868870123666207 0
2461 2.478771990026284 -1.877016421510803 0
2462 11.19208790238323 -1.878852907408257 0
2463 10.85555618267179 -1.902321718177168 0
2464 4.096580464992619 -3.101463071383952 0
2465 5.011703560827438 -5.34919068407451 0
2466 5.638530963331573 -2.033561738963206 0
2467 5.791158355383812 -2.05769359078762 0
2468 14.98981607690876 -3.788638518603771 0
2469 5.967039514675503 -1.089634940035574 0
2470 5.965660342291209 -0.911409702613751 0
2471 5.857755006641091 -3.437382524822983 0
2472 6.895599660247487 -1.60354132459414 0
2473 7.095997425395679 -5.749786254411588 0
2474 7.065269534299079 -5.40054002715374 0
2475 3.626064826664732 -1.229925832701853 0
2476 3.597092515674667 -1.101495118367859 0
2477 10.74455009717792 -4.104588176443326 0
2478 10.39852575124707 -4.120896109733329 0
2479 6.544757683414474 -2.201280390809736 0
2480 6.648007788311959 -2.355269945946865 0
2481 11.74990925353587 -2.56617592437041 0
2482 3.181115416680809 -1.234686831840949 0
2483 3.238478998912122 -1.337006400307802 0
2484 19.87589337261567 -4.877906071853896 0
2485 19.84654621001582 -5.166475637237533 0
2486 20.25345458452657 -5.12339958474552 0
2487 13.75271043120327 -5.576477169793228 0
2488 4.078228909801202 -1.140946783117149 0
2489 4.013318094930262 -1.057156675549839 0
2490 11.96833244700791 -5.225848201216904 0
2491 11.97846346414692 -4.751597965490789 0
2492 4.82109098590323 -2.221901579593339 0
2493 4.976694317045649 -2.24754676286075 0
2494 9.350321037963441 -2.152416296931456 0
2495 9.353733701053461 -1.932910261377206 0
2496 1.748509149624206 -1.816289473242279 0
2497 7.160630260948662 -3.050493663201978 0
2498 6.711977267001662 -4.775267036164844 0
2499 6.63456122870361 -5.080069850439082 0
2500 5.331608672068398 -0.9273243460974198 0
2501 5.471743856247553 -0.9273243460974198 0
2502 8.031240306108055 -1.269046394734537 0
2503 7.863023609932958 -1.328055259950576 0
2504 2.657225729181849 -1.741268313130532 0
2505 2.601488217554765 -1.593339376145468 0
2506 9.639489607435609 -1.732771274148708 0
2507 9.900736161534928 -1.594152319461211 0
2508 5.846580680215977 -4.993673484177369 0
2509 10.4118541185597 -1.4026083638793 0
2510 10.1405697058064 -1.474510017161871 0
2511 2.694459964015078 -0.8829014061311243 0
2512 5.492652344506934 -1.976978819166946 0
2513 5.574350793404844 -2.148226994284859 0
2514 7.043844679052754 -3.850354789375758 0
2515 6.780858896469092 -3.806699575256852 0
2516 11.02690351266718 -4.691904555915387 0
2517 10.75190672846055 -4.403342567162298 0
2518 2.45088410235912 -2.645590459811422 0
2519 2.231559853677885 -2.525222404777657 0
2520 3.423139651069704 -3.29433511122309 0
2521 8.868951803608587 -2.628208250537366 0
2522 6.402177925098269 -4.589367319135087 0
2523 6.608192280048661 -4.604512467323011 0
2524 6.543101536147849 -4.335247631064235 0
2525 4.416062169091775 -0.8917624176432712 0
2526 4.412658702725982 -1.041483823361747 0
2527 4.499874753845083 -0.9497214057184759 0
2528 6.386982677580465 -4.133759759690768 0
2529 6.204853364704143 -3.950420953262908 0
2530 18.9629862438014 -4.991563378398 0
2531 18.5773344557144 -4.54000532155166 0
2532 20.39663526144936 -1.63642340628277 0
2533 20.06821471371461 -1.672338215217729 0
2534 15.42751678327015 -5.569146040903921 0
2535 4.855261930394414 -3.456438312109646 0
2536 4.924017310737677 -3.611914750888699 0
2537 5.608104297411001 -1.146786494105016 0
2538 11.84827632851461 -2.86551129705299 0
2539 11.56192680288016 -2.870548405213582 0
2540 4.590707239281604 -0.8960125969033098 0
2541 2.723537979461684 -2.146200155901202 0
2542 2.578618525548961 -2.004974837580778 0
2543 5.973712744860019 -3.603110474860037 0
2544 5.346083853505375 -1.201621643426835 0
2545 5.255042423864578 -1.112875232005148 0
2546 20.72633929155951 -4.39408701741108 0
2547 20.36774016512272 -4.533019517114119 0
2548 11.98850105331723 -1.427886709617957 0
2549 9.828883391762583 -0.9562286891838533 0
2550 9.945551082141163 -1.186109528341488 0
2551 13.00811459468605 -1.251521026342015 0
2552 13.17640730310592 -0.9900428443402419 0
2553 2.514359950488337 -1.239366242840765 0
2554 2.568517420967604 -1.384183568583279 0
2555 6.51619735843611 -1.694095171502959 0
2556 6.604076796916766 -1.552533142588651 0
2557 6.560909581204128 -0.9502416760200693 0
2558 6.724847922943177 -0.9502416760200693 0
2559 11.2619092192686 -5.672640147350744 0
2560 10.95725244850695 -5.495784860809384 0
2561 5.111244774561681 -2.314618894337087 0
2562 5.036395331743614 -2.114008983305509 0
2563 3.828648636451787 -5.819587887313666 0
2564 15.50155425390946 -1.175261869424107 0
2565 15.73407587776985 -1.477766983078306 0
2566 15.7764846273712 -1.102505113654199 0
2567 3.755343906187159 -2.849103367762593 0
2568 3.892992764831483 -2.979171973052079 0
2569 10.08463558068676 -3.185414720755296 0
2570 9.795565522453268 -3.406373300992678 0
2571 10.1136278351064 -3.448389079337115 0
2572 14.91763295081866 -5.574359108762402 0
2573 14.31463665490828 -5.574359108762402 0
2574 3.916374596096539 -1.01888004883152 0
2575 4.073850498334679 -0.9062158210076995 0
2576 4.189031403093455 -0.9062158210076995 0
2577 6.257986569831577 -4.778024755691328 0
2578 20.76126448429212 -3.154299745191515 0
2579 20.4414389832467 -3.306522105992893 0
2580 20.76846949912769 -1.779905581342559 0
2581 3.563831692723693 -0.8790354644551771 0
2582 3.61465332662505 -0.9887277203927949 0
2583 9.54537789492626 -3.653993711823225 0
2584 18.93808860113647 -5.531072316225044 0
2585 4.175577354974901 -5.829087950272544 0
2586 4.210416381533892 -5.560414287056981 0
2587 4.020225470513086 -5.731326336784435 0
2588 7.986116252479233 -4.94783223247682 0
2589 7.640683126662075 -4.894145727379239 0
2590 3.101689737783891 -1.852897658078015 0
2591 3.000412594303719 -1.756150486396216 0
2592 15.29578617560955 -3.422212964404924 0
2593 19.3707958684411 -2.139459755190694 0
2594 19.0047756306434 -1.915788866120108 0
2595 8.270891938265004 -4.438840079696321 0
2596 2.633517034208728 -4.885764208226761 0
2597 1.836531815200577 -4.051472235124982 0
2598 2.749598556024015 -1.068705141331949 0
2599 2.896880575851572 -2.388057990302916 0
2600 3.040437191321454 -2.350790276229385 0
2601 2.862812403838534 -2.256251336575253 0
2602 8.131325754523793 -0.9537622018062254 0
2603 1.906914769738356 -5.831261892786173 0
2604 1.740181265667761 -5.831261892786173 0
2605 11.93309808113015 -3.165134303585075 0
2606 12.12108053178586 -2.860761822741904 0
2607 3.905890819665244 -4.89315870828564 0
2608 3.678187570915571 -5.042365506802976 0
2609 7.446946760438281 -5.749786254411588 0
2610 11.34169130056784 -4.394509606730632 0
2611 10.41744677820657 -1.206832294901065 0
2612 10.53411446858514 -0.9769514557434299 0
2613 2.730828529233306 -2.438396157712913 0
2614 2.908453316716226 -2.532935097367045 0
2615 4.297632196979489 -1.094637279133453 0
2616 3.511246623414161 -1.070838326885418 0
2617 12.31239536068118 -2.716710699703281 0
2618 2.557300726367597 -2.501489809523613 0
2619 9.35216124179839 -2.466547883447125 0
2620 4.19038957238928 -1.109090682497881 0
2621 13.78574471322476 -1.058171460068907 0
2622 14.09279815521156 -1.058171460068907 0
2623 15.28629689460191 -1.027573222284848 0
2624 15.24388814500057 -1.402835091708955 0
2625 1.885027901436154 -1.043988546313859 0
2626 1.69412719715124 -1.092321386693922 0
2627 4.647894202415245 -2.519494437563992 0
2628 1.740181265667761 -5.458303492523141 0
2629 2.018418161731272 -5.512282714237936 0
2630 1.878236896063511 -5.308062421188729 0
2631 9.322138381420348 -1.446059046933666 0
2632 9.528407310201656 -1.571595743756014 0
2633 17.74745649193968 -1.840885049041887 0
2634 17.75009778442873 -1.447543525111959 0
2635 17.39747401540185 -1.745561710648778 0
2636 2.585913574539369 -5.787012660764304 0
2637 2.395020386264917 -5.787012660764304 0
2638 11.03169114456327 -4.093484999493032 0
2639 8.201382284903879 -1.14744265952292 0
2640 3.381716379461494 -1.637497923965554 0
2641 3.506614180497195 -1.588271849599705 0
2642 3.414761769128253 -1.494927360193358 0
2643 9.934565699295172 -1.37940398061461 0
2644 5.264235988065926 -1.008561860858449 0
2645 9.574184536019063 -3.902154021265769 0
2646 5.179292749479366 -2.496976795358817 0
2647 5.238993764177331 -2.363439015803575 0
2648 11.75413381391758 -5.672640147350744 0
2649 11.29186282127344 -2.868686354974673 0
2650 10.83102003869408 -1.650381421931992 0
2651 11.09534378469723 -1.559802812048176 0
2652 3.863487663010778 -5.550914224098103 0
2653 6.509719455531201 -1.852323802005148 0
2654 6.338996785548052 -1.871447168980368 0
2655 6.492738202383124 -2.004591613575991 0
2656 13.6982718126252 -3.338658206595926 0
2657 13.8849310323814 -3.642254730244089 0
2658 5.321248491855581 -2.252705711692708 0
2659 12.2834720813412 -4.739082052587257 0
2660 11.94934344248406 -4.384263910345727 0
2661 2.862607732420329 -1.962105679012181 0
2662 2.867094594931566 -2.108932441827671 0
2663 3.001882156797179 -2.072156859686233 0
2664 6.436306906689 -3.615444369660304 0
2665 6.589660575899372 -3.424642227671649 0
2666 6.669938775271182 -1.827239616098582 0
2667 5.172623638287763 -3.043799236134757 0
2668 5.019518827526143 -3.142590868394226 0
2669 6.092386256840142 -2.003559758718973 0
2670 5.995368720299816 -1.86901659327582 0
2671 5.959104835078466 -2.045120432937272 0
2672 2.390079329364759 -1.068711936262391 0
2673 2.473030762078904 -1.161111798210893 0
2674 2.016215676081117 -5.691120967786623 0
2675 2.154271306476868 -5.54087989645221 0
2676 5.249942879614749 -5.398410438546236 0
2677 5.519315159703621 -5.55815225563667 0
2678 5.213681311119818 -0.8812375147610286 0
2679 5.603000993140863 -0.908722679604043 0
2680 6.117230554782507 -0.911409702613751 0
2681 11.39022989625217 -3.168021727657253 0
2682 11.35735304817986 -3.436317092410536 0
2683 11.62741702978659 -3.438179142649445 0
2684 3.15019596140632 -0.8851037624634668 0
2685 5.588884260082433 -1.548248421841658 0
2686 18.09655547494108 -1.961723092718646 0
2687 5.041361866160707 -5.586561225432001 0
2688 4.959594667967082 -2.736993662678387 0
2689 5.082390853930675 -2.580988903048076 0
2690 5.47684716051769 -1.165388160598393 0
2691 5.440767665008559 -1.312361111830388 0
2692 3.516672691313866 -1.314653505343996 0
2693 3.649051705514821 -1.360973613185366 0
2694 10.64283257006551 -5.701112545574776 0
2695 3.33361671086129 -2.014233159042464 0
2696 3.38694693159668 -2.11987613653489 0
2697 5.479125485442649 -3.052868787613774 0
2698 4.4054122005278 -5.478787970888824 0
2699 17.08422873226814 -1.454124070960359 0
2700 4.296274027683665 -0.8917624176432712 0
2701 10.07842179914592 -3.748347067464282 0
2702 2.524866951983956 -0.8697217248630843 0
2703 2.609028510799718 -0.8697217248630843 0
2704 3.461436288064994 -0.8790354644551771 0
2705 15.07450579032527 -5.143505149666326 0
2706 8.915947919701972 -1.357956167754568 0
2707 9.134265220219335 -1.411765304116398 0
2708 19.03058721520839 -3.186487103775853 0
2709 19.59162108496111 -1.843754801681541 0
2710 7.012802059504803 -4.146151378732439 0
2711 7.184702722462439 -4.015983783866154 0
2712 6.400638914324438 -0.8957874367688559 0
2713 5.847981623979272 -4.790782112339294 0
2714 11.30943734749746 -3.750602558088394 0
2715 20.72633929155951 -4.068331012321631 0
2716 6.189068952009383 -2.101689289465818 0
2717 6.225332837230733 -1.925585449804365 0
2718 6.077834295989874 -3.775718421534768 0
2719 6.309859105249203 -3.772714504777086 0
2720 11.61943750350203 -4.051627165325993 0
2721 11.33433466928521 -4.09575521601166 0
2722 6.805581104194175 -1.709495060594633 0
2723 4.434546101418673 -2.656117662084272 0
2724 4.51043081848944 -1.885730650582332 0
2725 4.56580713298036 -1.749334395501682 0
2726 19.9837863542107 -1.359083193647494 0
2727 19.795669543282 -1.619739053482387 0
2728 14.95418788990265 -1.027573222284848 0
2729 4.017417369958532 -0.9741550152970797 0
2730 5.868707004314959 -3.780816923345859 0
2731 3.387626735556704 -0.906654171755133 0
2732 3.454997881856254 -0.9856896362103102 0
2733 6.241088433040734 -2.298378066699562 0
2734 2.912628991280898 -1.147220272338244 0
2735 2.835966106496171 -1.093033173829341 0
2736 4.613132980627156 -1.998927117111298 0
2737 4.754634396050241 -2.082011828084678 0
2738 2.297040552092678 -2.073452379733919 0
2739 2.177864972169581 -1.931254089392189 0
2740 3.28345800137118 -2.201348599956038 0
2741 1.86880463498817 -0.9402487562356256 0
2742 1.910366211064682 -0.8649917386633585 0
2743 12.55635575464793 -4.352105507041496 0
2744 8.283042067078084 -5.060117734714749 0
2745 12.19228238673085 -4.075539599680377 0
2746 20.8096511529711 -0.9712198815499008 0
2747 20.8096511529711 -1.188284250671556 0
2748 3.976906999500957 -0.86793919428938 0
2749 1.757718023603207 -2.537384137063275 0
2750 1.757718023603207 -2.271470578123853 0
2751 3.133364640743295 -1.134532414027361 0
2752 3.09211918507035 -1.245291561016197 0
2753 19.05468901226011 -3.735515345357444 0
2754 2.311119358697831 -1.24416956693165 0
2755 2.302549879513776 -1.120327952483386 0
2756 2.891859826570139 -1.83245114705907 0
2757 3.224149571689149 -0.8697290572574515 0
2758 3.322606694132254 -0.8697290572574515 0
2759 9.837292621257788 -3.982667062375715 0
2760 20.00797197124947 -4.516956476421497 0
2761 2.320413058478344 -4.063745038354994 0
2762 2.300635495445268 -4.262881777730208 0
2763 2.547984923522459 -4.129135355612146 0
2764 4.092438049178185 -3.410489305552647 0
2765 17.55021908139052 -1.076110093359425 0
2766 5.062323418377149 -1.966311161480168 0
2767 5.117407861358779 -1.826557999351835 0
2768 6.042059004087807 -1.190893663453522 0
2769 12.97146491212087 -1.532705459084581 0
2770 6.884336631447948 -0.8960478788956679 0
2771 2.729062088398546 -4.253266315642633 0
2772 2.672045461006642 -4.51644448260776 0
2773 14.85152931293626 -1.462998405977351 0
2774 7.794804208297101 -3.696802618019937 0
2775 7.997054099565882 -3.544850654807008 0
2776 2.040050135424281 -2.241548169267288 0
2777 2.143818114921823 -2.383483173672428 0
2778 2.268432203139691 -2.277771349865042 0
2779 1.770575852805343 -3.142080520926692 0
2780 20.61205371096336 -5.333026174801545 0
2781 1.982307865099157 -0.8649917386633585 0
2782 7.360251895540665 -3.88343835324907 0
2783 7.329209275992714 -4.179234942605751 0
2784 8.217068986126717 -1.308964650645006 0
2785 2.352780407276085 -4.848952268963056 0
2786 2.535146934591259 -4.667804930964454 0
2787 6.852900878051241 -4.521147348093993 0
2788 5.513420485907816 -1.036047025701463 0
2789 3.617077785742306 -1.561215594419559 0
2790 7.301201758787666 -5.277913597011768 0
2791 1.786507079131695 -5.107836471830538 0
2792 3.996195934042062 -3.271633614710102 0
2793 8.10470170852032 -4.213123475605099 0
2794 7.734390355017336 -3.939865627794069 0
2795 7.565172302350706 -3.803626502214536 0
2796 8.185095019856536 -3.431491163178745 0
2797 8.49361774588971 -3.373060353411546 0
2798 3.316168287923514 -0.9763832290125847 0
2799 2.221172762752158 -5.859859075000448 0
2800 2.042767914483952 -5.859859075000448 0
2801 20.61205371096336 -5.705984575064577 0
2802 3.72500296294607 -2.547848413153023 0
2803 3.860009781337758 -2.550032495704234 0
2804 13.47165099639493 -0.9900428443402419 0
2805 2.280432591524764 -0.8603732222238326 0
2806 2.320486515506742 -0.9450131961714496 0
2807 2.391308834074 -4.479632543344055 0
2808 1.845459762359268 -2.679123368168505 0
2809 2.003177785962475 -2.488999224179903 0
2810 6.047303526900778 -4.900308727826866 0
2811 3.999005311696443 -2.527258210197426 0
2812 16.07851404708106 -2.309270787082731 0
2813 16.29803035743652 -2.577425880401848 0
2814 17.17664161996969 -1.076110093359425 0
2815 4.67388050772589 -2.256976555848845 0
2816 1.748509149624206 -2.064806702077588 0
2817 20.24461955648399 -3.012035923811636 0
2818 6.186281984514886 -1.12869550782421 0
2819 6.149825846380806 -1.29676976605023 0
2820 2.979333658088781 -1.212559405311032 0
2821 2.030841261445281 -2.034884293221022 0
2822 19.49836396304948 -1.053242015956076 0
2823 19.91858780047889 -1.053242015956076 0
2824 2.064743975195206 -5.161815693545333 0
2825 12.94188862709716 -3.126049070988485 0
2826 12.65386865557589 -3.098345988746515 0
2827 1.770575852805343 -2.857552878166933 0
2828 3.128124874299804 -3.130146910349602 0
2829 6.654411095029295 -3.963969710373635 0
2830 6.592997032530857 -4.148904907878692 0
2831 6.810529953596679 -4.165457581747101 0
2832 4.901084045177235 -3.026385249702276 0
2833 4.925623391733624 -2.873422693358026 0
2834 12.3322185311225 -0.9746720316472409 0
2835 12.4478139898503 -1.236150213649014 0
2836 2.099905494499092 -3.978697512952108 0
2837 2.977663742324953 -1.079798010229821 0
2838 5.436932606493653 -5.817890489951862 0
2839 5.150453412767367 -5.817890489951862 0
2840 19.08968441647645 -1.053481473870325 0
2841 19.30256163720505 -1.306723489826402 0
2842 19.82164856735089 -5.705984575064577 0
2843 19.44408735543999 -5.460491062172954 0
2844 14.40074162190779 -0.9773387451853263 0
2845 3.20529062044848 -2.40557630184345 0
2846 8.106488102251646 -5.80476412874815 0
2847 7.730972313507814 -5.80476412874815 0
2848 6.374035013431326 -2.220403757784955 0
2849 2.165210838158583 -0.9413433692267671 0
2850 2.202620498154866 -0.8603732222238326 0
2851 20.84125728288409 -1.584129554692313 0
2852 20.60972678201179 -1.665388430532458 0
2853 19.09851317888416 -1.530739238025555 0
2854 19.5071927254572 -1.530499780111306 0
2855 2.545102670782863 -1.481382957972857 0
2856 4.682469962717341 -3.454803337840278 0
2857 6.24300589354968 -0.8957874367688559 0
2858 5.990795889402478 -1.492322389294553 0
2859 2.01971752509544 -0.9459618856662931 0
2860 1.965578142121843 -1.033723267404951 0
2861 20.1911329709115 -1.105841177691418 0
2862 5.196873875893181 -2.033383292956504 0
2863 12.65936823990267 -1.550225479165778 0
2864 4.221603493382465 -0.9979782386509709 0
2865 3.438373803490168 -1.387134053806664 0
2866 3.313476002454466 -1.436360128172513 0
2867 12.05924914071544 -0.9746720316472409 0
2868 4.875307477172662 -3.1822969245334 0
2869 4.472180217351216 -1.489896807410868 0
2870 12.39721711329673 -3.016333706235366 0
2871 8.214124565094631 -1.507493668303283 0
2872 8.384266543890453 -1.385889933091666 0
2873 5.375000037209771 -1.45656612900283 0
2874 8.201074510472457 -2.271869362727193 0
2875 8.251131962331314 -2.073112352019089 0
2876 4.820950291844498 -3.296867568955981 0
2877 5.328154669303498 -2.964612981145925 0
2878 8.389069415324142 -1.908852493569385 0
2879 11.89525329582113 -3.47460748990736 0
2880 12.16805749909239 -3.469858015596274 0
2881 4.611050443692508 -2.393837379466472 0
2882 4.544593853839519 -2.253947627957812 0
2883 12.46532231819806 -1.414158627486691 0
2884 12.21324216426673 -1.327352477132159 0
2885 3.07380471753312 -1.057672334064772 0
2886 9.381895488407297 -5.094234440402032 0
2887 9.139271127209438 -4.902932230703516 0
2888 15.59939951549557 -1.780141923881611 0
2889 15.87432988895731 -1.707385168111702 0
2890 2.325916444339472 -5.646871735764752 0
2891 2.212082332578472 -5.014250645206253 0
2892 5.45001168451586 -2.207987191546084 0
2893 11.86237644774882 -3.742902854660643 0
2894 3.944091106462273 -3.128164379051295 0
2895 3.792608233880926 -3.149342516378228 0
2896 3.289698957716969 -3.241518345501891 0
2897 4.425129463361595 -2.267946503327822 0
2898 4.291630999917013 -2.287196636827936 0
2899 4.348265326361554 -2.410058585075553 0
2900 14.72007720337746 -0.9773387451853263 0
2901 3.586051588970586 -2.643746526731854 0
2902 5.325637068553461 -1.988664772809881 0
2903 11.97099272496947 -1.24987829578028 0
2904 20.43781691529276 -1.277061059241319 0
2905 20.37261836156094 -0.9712198815499008 0
2906 20.84125728288409 -1.351870571062762 0
2907 13.54929613721039 -2.991737189991811 0
2908 5.505763344222086 -1.420332646174388 0
2909 4.174730220348567 -2.315514773069154 0
2910 4.251594357348609 -2.173402691321423 0
2911 7.542031338121586 -5.329040005618586 0
2912 7.612710833259557 -5.55455038315974 0
2913 7.82605689119112 -5.384017879955148 0
2914 7.339824480092743 -4.470782162783659 0
2915 7.515373653170971 -4.338236732166576 0
2916 12.46255382668056 -3.242397111785139 0
2917 3.236754559426409 -1.031692899683508 0
2918 6.563325975403269 -3.790146901388443 0
2919 15.4966892975774 -2.109423449816431 0
2920 11.88727376953657 -4.088055512583909 0
2921 7.241337361137622 -4.660842934640155 0
2922 7.055172983959364 -4.50184114507933 0
2923 7.694616549243444 -4.166206633172934 0
2924 7.924248455189839 -4.059382748978336 0
2925 15.99551012084144 -1.985811335405169 0
2926 9.088694823470258 -2.539319275444223 0
2927 3.638947462511217 -2.780490412835105 0
2928 3.321188738912264 -1.867395005593996 0
2929 3.218412153230866 -1.927303372733756 0
2930 9.473164762613564 -1.805320734990773 0
2931 9.242651403819508 -1.771734730984512 0
2932 20.65090843585519 -1.306026083491007 0
2933 3.114117709732918 -1.999735811526484 0
2934 7.399853547328155 -4.843019318772421 0
2935 13.31354756064942 -3.274609764284798 0
2936 15.57969322381702 -2.432882901493993 0
2937 15.82265745292265 -2.333219560592568 0
2938 6.05231952745636 -1.726566387983542 0
2939 8.052303210652001 -5.270793004651922 0
2940 4.253799490173731 -2.033258153703683 0
2941 4.385257365257262 -2.017889213181228 0
2942 8.253894794764761 -1.727697162292248 0
2943 1.906227173227413 -2.140596117028409 0
2944 6.766435234229403 -1.563057249595899 0
2945 3.641491107776921 -3.092395539250638 0
2946 3.162800949143579 -1.047067604889523 0
2947 4.504721755735186 -2.003890337811218 0
2948 2.627973635032039 -1.870922845083643 0
2949 4.518607548528874 -2.516465509672959 0
2950 3.408031629950969 -3.131624202401065 0
2951 8.122982705789971 -5.496303382193076 0
2952 6.16417942016309 -1.666689686328897 0
2953 6.087848805557958 -1.56580015525492 0
2954 4.487959527394977 -2.131085679710194 0
2955 10.0911566435308 -4.061666470265499 0
2956 2.313102079362359 -1.020895964116229 0
2957 2.232957065655759 -0.9966292123924445 0
2958 2.352448547107263 -1.322424011561522 0
2959 2.420856317925608 -1.246398369259419 0
2960 8.32325691071266 -2.490426547966146 0
2961 20.46942304520575 -1.440647379632525 0
2962 2.438770756150299 -1.421852203278869 0
2963 2.757072264704526 -1.869226729200508 0
2964 3.177194636216234 -0.9548328197209185 0
2965 3.756961036805648 -1.384041715884742 0
2966 6.242314090378811 -1.773317638233522 0
2967 7.514547816719229 -5.107381093807175 0
2968 3.647568901454782 -1.468769388526885 0
2969 3.525094664100977 -3.02378258432315 0
2970 3.625113448574194 -2.931737155451524 0
2971 3.339776486056138 -1.755653816328595 0
2972 3.118604572244154 -2.146562574341974 0
2973 5.079266671764175 -2.850250162883464 0
2974 5.23479770277991 -2.771063907894632 0
2975 5.200826426546453 -2.90749293857427 0
2976 4.264203879251353 -2.549710737486867 0
2977 4.130967921879262 -2.540808386354112 0
2978 4.397702342695935 -2.530460603986754 0
2979 3.171222448435442 -2.273769648115788 0
2980 9.174209304178598 -1.609851461780811 0
2981 6.20429048098906 -1.007197139382607 0
2982 5.299708981919925 -2.136362594635222 0
2983 9.092030875532467 -4.607193370676287 0
2984 5.210139843546324 -2.629809024514565 0
2985 4.082804252734152 -2.415758542418981 0
2986 6.102655782109207 -1.432445687639908 0
2987 6.951387997006363 -4.331086576237497 0
2988 14.79452009916782 -1.204911967470174 0
2989 1.69412719715124 -0.8752570175722669 0
2990 -1.219262439207141 -0.1060538603488807 0
2991 -0.9724148249698684 -0.2750000000013475 0
2992 -1.005398465614469 0.1585717940571817 0
2993 -0.8547353861907501 -0.5083333333340301 0
2994 -0.8547353861909015 -0.04166666666834296 0
2995 -0.8547353861915891 0.4249999999995457 0
2996 -1.987718272902371 -0.1000000000000001 0
2997 -0.7726281162931999 -0.6833333333335969 0
2998 -5.356029035349072 -0.09278763544789126 0
2999 -3.055818708275177 -0.0821176282258409 0
3000 -0.7816388809045477 -0.2750000000013475 0
3001 -0.7816388809046534 0.1916666666655947 0
3002 -3.852584918281466 -0.08052733109321968 0
3003 -1.380460665218512 -0.471030218605022 0
3004 -2.47320128317322 -0.321078881271908 0
3005 -1.255316314597618 0.3035794881158393 0
3006 -4.642473741977936 -0.0955524944235185 0
3007 -0.7132215936435459 -0.4035714285724161 0
3008 -0.7132215936435774 -0.146428571430213 0
3009 -0.7132215936438592 0.3202380952373562 0
3010 -0.713221593643751 0.0630952380938407 0
3011 -5.608962396781317 -0.5065302421956007 0
3012 -5.608962396781317 0.3101364244710589 0
3013 -0.696235714695646 -0.04166666666828023 0
3014 -1.593997622859864 0.1287781261216984 0
3015 -0.7145941646017534 -0.6000000000004562 0
3016 -0.6965102288872098 -0.5057142857149926 0
3017 -0.6876924367398971 0.4321671525748789 0
3018 -2.40712951374665 0.1621299431761015 0
3019 -1.739174051423743 -0.4620443576040058 0
3020 -1.102934732021383 -0.4676672517411163 0
3021 -1.538479234187351 -0.2008330395911267 0
3022 -1.948687146720189 0.2781816138595599 0
3023 -0.6863140581466 -0.6833333333335835 0
3024 -0.6863140581466 -0.7416666666667985 0
3025 -1.161098585614262 -0.2868605560449985 0
3026 -1.037674778495626 -0.3713336258712319 0
3027 -1.095838632088505 -0.1905269301751141 0
3028 -0.9300669259030292 0.2917858970283637 0
3029 -1.055025850394604 0.3642897440576925 0
3030 -1.130357390106044 0.2310756410865105 0
3031 -5.678014517674536 -0.2130604843912015 0
3032 -5.678014517674536 0.02027284894211773 0
3033 -2.92364436292934 0.2589411858870795 0
3034 -2.731474111010913 0.04000615747513032 0
3035 -2.599299765665077 0.3810649715880507 0
3036 -0.6908194404522738 -0.2458333333347653 0
3037 -0.6908194404522738 -0.3041666666679296 0
3038 -0.9135751055803849 -0.1583333333348452 0
3039 -1.036998912699021 -0.07386026350861181 0
3040 -0.6908194404523267 0.2208333333323287 0
3041 -0.6908194404523267 0.1624999999988607 0
3042 -0.9300669259026854 0.05845256369441937 0
3043 -1.112330452410805 0.02625896685415052 0
3044 -2.075346548544431 -0.4500000000000001 0
3045 -2.230459778037795 -0.210539440635954 0
3046 -2.318088053679855 -0.5605394406359541 0
3047 -2.764509995724198 -0.2015982547488745 0
3048 -2.440165398459935 -0.07947446904790323 0
3049 -1.951074437805117 -0.631022178802003 0
3050 -1.863446162163057 -0.2810221788020029 0
3051 -3.269316686022288 -0.4410588141129205 0
3052 -3.454201813278321 -0.08132247965953029 0
3053 -3.667699791025433 -0.4402636655466099 0
3054 -3.667699791025433 0.2597363344533902 0
3055 -3.269316686022288 0.2589411858870795 0
3056 -2.92364436292934 -0.4410588141129205 0
3057 -4.44288371966014 -0.4477762472117593 0
3058 -4.861147146877066 -0.4477762472117592 0
3059 -2.632335650378362 -0.5605394406359541 0
3060 -4.047939307811904 -0.4402636655466099 0
3061 -4.047939307811904 0.2597363344533902 0
3062 -4.247529330129701 -0.08803991275836909 0
3063 -1.241697698619947 -0.4693487351730692 0
3064 -1.299861552212827 -0.2885420394769513 0
3065 -0.8181871335477247 -0.1583333333348452 0
3066 -0.7474302372740625 -0.2107142857157802 0
3067 -0.7839784899172395 -0.09404761904927797 0
3068 -4.999251388663504 -0.09417006493570487 0
3069 -5.217924793562634 -0.4463938177239457 0
3070 -0.7839784899173263 0.01071428571274887 0
3071 -0.7474302372742022 0.1273809523797177 0
3072 -0.8181871335477775 0.07499999999862589 0
3073 -0.6572970823008767 -0.6416666666670131 0
3074 -0.7436111404474767 -0.6416666666670265 0
3075 -0.963466633520768 0.5124999999997728 0
3076 -1.163757097723782 0.4517897440579197 0
3077 -5.804481198390659 -0.4199317877650562 0
3078 -5.482495716065195 -0.299658938821746 0
3079 -5.482495716065195 0.1086743945115838 0
3080 -5.804481198390659 0.2217348789015928 0
3081 -0.6566107968217887 -0.1815476190491981 0
3082 -0.783978489917148 -0.4559523809532231 0
3083 -0.7474302372740468 -0.3392857142868818 0
3084 -0.8181871335476489 -0.3916666666676888 0
3085 -0.6566107968218755 0.09821428571298371 0
3086 -0.6566107968217729 -0.3684523809534639 0
3087 -4.861147146877066 0.2522237527882407 0
3088 -4.44288371966014 0.2522237527882408 0
3089 -1.226329273034229 -0.635515109302511 0
3090 -1.486038082562038 -0.635515109302511 0
3091 -0.6566107968219296 0.2851190476182095 0
3092 -0.7474302372742563 0.2559523809514754 0
3093 -1.23728937690238 0.09876281388347935 0
3094 -0.8181871335481212 0.3083333333325702 0
3095 -0.7839784899177241 0.372619047618451 0
3096 -1.665394775664654 -0.631022178802003 0
3097 -2.28505216896657 0.3810649715880507 0
3098 -0.8770268529372081 -0.2750000000013475 0
3099 -0.8935186732595612 0.1751192303613882 0
3100 -1.087566306435665 -0.6338336258705581 0
3101 -5.217924793562634 0.2536061822760544 0
3102 -5.804481198390659 -0.6532651210978004 0
3103 -5.804481198390659 0.4550682122355294 0
3104 -0.6572970823008767 -0.5833333333338271 0
3105 -0.6566107968217887 -0.1232142857160229 0
3106 -0.6566107968218755 0.03988095237949376 0
3107 -1.423465907251591 0.4517897440579197 0
3108 -0.9224129985715734 -0.7416666666667985 0
3109 -0.8136817512419749 -0.5958333333338135 0
3110 -0.9634666335203484 -0.6541666666670151 0
3111 -0.9135751055803092 -0.3916666666676888 0
3112 -0.6566107968217729 -0.426785714286639 0
3113 -2.05583098545334 0.43909080692978 0
3114 -1.770151323312877 0.43909080692978 0
3115 -0.6566107968219296 0.3434523809517063 0
3116 -1.592806561382714 0.3643890630608492 0
3117 -1.424656968728741 0.2161788071187689 0
3118 -2.19742389332451 0.03106497158805074 0
3119 -1.771342384790026 0.2034798699906291 0
3120 -0.648117857347823 -0.01250000000156671 0
3121 -0.648117857347823 -0.07083333333505648 0
3122 -0.9788350591060664 -0.4880002925375732 0
3123 -1.406630031033503 0.01136213288640885 0
3124 -0.6482551144436048 -0.4778571428579272 0
3125 -0.6482551144436048 -0.5361904761910953 0
3126 -1.378870836697246 -0.1534434499700037 0
3127 -1.459469949702931 -0.3359316290980744 0
3128 -0.6438462183699485 0.4577502429539571 0
3129 -0.6438462183699485 0.3994169096204676 0
3130 -5.344391474278757 0.4550682122355294 0
3131 -5.344391474278757 -0.6532651210978004 0
3132 -1.559817358321127 -0.4665372881045139 0
3133 -1.763098753544861 -0.1504165197955634 0
3134 -1.566238428523608 -0.03602745673471416 0
3135 -1.790857947881118 0.01438906306084915 0
3136 -0.7047286541696117 -0.09404761904924661 0
3137 -0.7754855504432738 -0.04166666666831159 0
3138 -0.7846647753962517 -0.5541666666672431 0
3139 -0.7047286541696985 0.01071428571278023 0
3140 -1.638826642805547 -0.3314386985975663 0
3141 -0.7055521967444816 -0.5528571428577244 0
3142 -0.7048659112653779 -0.4546428571437043 0
3143 -0.7004570151918781 0.3762026239061176 0
3144 -1.96820270981128 0.08909080692977991 0
3145 -2.177908330233419 0.2201557785178307 0
3146 -0.7756228075389799 -0.5070238095245113 0
3147 -0.771213911465743 0.4285835762872123 0
3148 -0.7273676930957945 0.5124999999997728 0
3149 -0.6438462183699485 0.5160835762874394 0
3150 0.1791666666644816 -0.1000000000000001 0
3151 0.8792803030281197 -0.1000000000000001 0
3152 0.5292234848463007 -0.3630815972222624 0
3153 0.5321086437023214 0.1615690049076057 0
3154 -0.1030645606798758 0.190541947302196 0
3155 -0.09583333333460473 -0.3974826388892372 0
3156 1.09094897969242 -0.4337515752810662 0
3157 1.097238019983517 0.2205571360103309 0
3158 1.212519925284031 -0.09774969175594762 0
3159 0.2232556635916666 -0.4708860512944634 0
3160 0.2502087511267781 0.2755534524737748 0
3161 -0.2741204942877804 -0.1186928846451656 0
3162 0.8021983338508711 -0.4971136854984357 0
3163 0.8013900097538595 0.3069107100611252 0
3164 0.4530532084958139 -0.1000000000000001 0
3165 -0.320857485910524 -0.5251155703384869 0
3166 -0.3208670149499728 0.3250904252685558 0
3167 1.335672810042595 -0.5338584308834987 0
3168 1.335672810042504 0.3338584308835526 0
3169 0.4306980605408249 -0.5664351498588885 0
3170 0.4131851723978963 0.3651455069460668 0
3171 0.6658369038779908 -0.1851051153329174 0
3172 0.7123296920158487 0.08163363662219751 0
3173 0.3151324501789765 -0.2838310094628883 0
3174 0.3185341867038031 0.07213544387452947 0
3175 -0.0404927254027026 -0.172791230717126 0
3176 0.04396871855362229 -0.5673901009192163 0
3177 0.02849954862286009 0.3797541973784611 0
3178 0.09568615299005123 0.09867821255147242 0
3179 0.9070415848015276 -0.3089753226908906 0
3180 1.294636124201338 -0.3126292094404642 0
3181 1.305499590072597 0.1053238726872035 0
3182 0.9577634767758374 -0.5988506943029082 0
3183 0.9568259925671986 0.3971493485861537 0
3184 0.6313581992674794 -0.6038684572488964 0
3185 0.6372761769400884 0.4096997426264951 0
3186 0.9402397384362993 0.09122375221828152 0
3187 -0.2971804207183372 -0.3145763451501646 0
3188 -0.2909550090864644 0.1150821294424184 0
3189 0.1424972100533614 -0.3143139184019765 0
3190 1.050164201541266 -0.1835790210767737 0
3191 -0.1543697744966177 -0.6209530620123992 0
3192 -0.1544347250372708 0.4208951752313001 0
3193 -0.06345439987305862 0.01527540531736813 0
3194 1.157497350452826 -0.6288321022194547 0
3195 1.157497350452793 0.4288321022194673 0
3196 0.7079414596531142 -0.3475873838927057 0
3197 0.5968269637840462 -0.01221872522481861 0
3198 1.115483083286372 0.05884337943456053 0
3199 1.410524050027465 -0.04652649910798801 0
3200 0.2819718226045644 -0.6341580454092807 0
3201 0.2819718226045644 0.4341580454092805 0
3202 0.3801016939713692 -0.4195520542681041 0
3203 0.3808166659592899 0.2170768405971142 0
3204 0.8065159367051873 -0.6469783485222764 0
3205 0.8065159367051874 0.4469783485222762 0
3206 -0.4217463583099694 -0.1825975994898132 0
3207 0.6567503485234019 0.2509833257633992 0
3208 0.9495009217867292 0.2411604984315695 0
3209 -0.4269946540287964 -0.003434746180477191 0
3210 0.9449112371292151 -0.4530764526675765 0
3211 1.448817445069544 -0.4157554984822187 0
3212 1.442599804358337 0.2112248089288938 0
3213 0.04588989111276352 -0.432403204291303 0
3214 0.5307061849950327 -0.2220682043449922 0
3215 0.06951621161441617 0.2340339771110324 0
3216 -0.4406577093986874 -0.3966252694842159 0
3217 -0.4398840200067191 0.2017560041186825 0
3218 1.43137256754678 -0.2098140471559459 0
3219 -0.4418122047886819 -0.6372149315112697 0
3220 -0.4418122047885705 0.4372149315112366 0
3221 0.7453691136906994 -0.06386915571769626 0
3222 0.8019660089242362 -0.2158151301574464 0
3223 0.3161639188938721 -0.1381648498245904 0
3224 0.4598344100011489 0.04862210218854918 0
3225 1.452198091042686 -0.6509195166402846 0
3226 1.452198091042695 0.4509195166402902 0
3227 0.6321922659590382 -0.4638357805406125 0
3228 -0.1581866058615743 -0.2629644828529664 0
3229 0.1367781795600231 -0.6632877271491681 0
3230 0.136778179560023 0.4632877271491678 0
3231 1.159235126618857 -0.2845528724984722 0
3232 0.05181328585599054 -0.03932189835334954 0
3233 1.007041601534619 -0.04641466926850005 0
3234 -0.2791666666673384 -0.6729672254031586 0
3235 -0.2791666666673384 0.4729672254031368 0
3236 0.517089672975822 -0.6696508123627902 0
3237 0.5170896729758224 0.46965081236279 0
3238 0.8316002132682364 0.1751742298220894 0
3239 0.5333478808207013 0.2924921370001191 0
3240 1.29578177740302 -0.6694181764248127 0
3241 1.29578177740296 0.4694181764248421 0
3242 1.25002782070514 -0.4235516982970891 0
3243 1.238250056109755 0.2448749248048095 0
3244 -0.2256422079892546 -0.4838357075555605 0
3245 -0.2231922798024669 0.274096082459899 0
3246 0.1989412939667409 0.02518640005112171 0
3247 0.2165437774520793 0.1487314751138772 0
3248 -0.02233032690314127 -0.2865643304098929 0
3249 -0.06149009660634917 -0.6676965426386667 0
3250 -0.06149937525498723 0.4676882730985199 0
3251 0.08398396457278967 -0.1805953047056559 0
3252 -0.2057394478856833 0.04380105885546116 0
3253 0.213792157657232 -0.2076057789516004 0
3254 0.8554557831960052 0.03534279004215868 0
3255 0.3826819298487056 -0.6819338449080699 0
3256 0.3826819298487057 0.4819338449080695 0
3257 0.4338029434624689 -0.2917977839601821 0
3258 0.501482507345304 -0.5001690270414281 0
3259 0.2232445652617152 -0.37243211446399 0
3260 1.032804075439287 -0.3123624169723562 0
3261 -0.07571507066559113 -0.5101104952911404 0
3262 -0.06654800741918837 0.3195670959286132 0
3263 1.067276476096217 -0.6854585648986824 0
3264 1.067276476096184 0.4854585648986923 0
3265 0.5438085185260726 -0.1135338429365472 0
3266 0.7224671494919088 -0.6697751846319109 0
3267 0.7234534791040105 0.4707470655281774 0
3268 -0.1165030850562557 -0.100012893713109 0
3269 0.8165973125195659 -0.3816438888903064 0
3270 0.3249367222824873 -0.5418815288145475 0
3271 0.3245894602526604 0.3423513368901877 0
3272 0.6259298797367633 0.1487152520051381 0
3273 0.3494742062391671 -0.008314902483780716 0
3274 0.9278922315479079 -0.7079048207759159 0
3275 0.9277583052323789 0.5076617713878103 0
3276 1.086524197502777 -0.5346197101157304 0
3277 1.083240756758036 0.3091509518136261 0
3278 0.9362645989496275 -0.1999734265711494 0
3279 0.1408912927457731 -0.5504275165275143 0
3280 0.1379469649308116 0.3498289667853516 0
3281 1.480327616389101 0.08356070784291185 0
3282 1.338143843787293 -0.219927988138843 0
3283 -0.01079755352863336 0.1068271203504568 0
3284 1.172714019875379 0.119710339131644 0
3285 0.609487860661317 -0.2824501658850978 0
3286 1.226884760819432 0.03327992572952624 0
3287 0.7340818232037424 -0.5841015954433096 0
3288 0.7356377254769298 0.3818936660397452 0
3289 1.447086874179277 -0.5316087414263889 0
3290 1.450093696604918 0.3287137340918333 0
3291 -0.4852560204267941 -0.5193359552449623 0
3292 -0.4852308457144121 0.3195029017851385 0
3293 0.8763355245025315 -0.5462145522467106 0
3294 0.875427293181041 0.3458908894934619 0
3295 0.4026004331029406 -0.1918011233311228 0
3296 1.116996341267971 -0.1047937277762755 0
3297 1.039911469529789 0.1324213829073528 0
3298 -0.1862769231331551 0.1311849195801868 0
3299 0.7328748228509384 0.182362026024589 0
3300 -0.1964415729608458 -0.3706314252098874 0
3301 -0.4906663934461613 -0.2859361688285181 0
3302 -0.2644024717347891 -0.2313715067028859 0
3303 -0.29855400896408 -0.4247881665308416 0
3304 0.6320440111753685 -0.7117502702274039 0
3305 0.6413315310548766 0.5165167745388202 0
3306 0.04878556295008875 -0.6993432446899795 0
3307 0.04878556295011512 0.499343244689996 0
3308 -0.2986111832014699 0.2246372961109792 0
3309 -0.3076907059108494 -0.004122536747075313 0
3310 0.2664854030539723 -0.04711051953555936 0
3311 0.5339585387936472 -0.578647614150276 0
3312 -0.1912584955051913 -0.7129521676002438 0
3313 -0.3656694581717089 -0.7146198265890573 0
3314 -0.1912609108135686 0.5129500149710828 0
3315 -0.3656694581716882 0.5146198265890602 0
3316 -0.4969455668800929 0.08958080584057385 0
3317 0.1447296929258108 -0.4110049714507757 0
3318 0.4460496122802748 0.136340458884423 0
3319 1.203622447959616 -0.7122897897339147 0
3320 1.203622447959601 0.5122897897339248 0
3321 0.7189210980177586 -0.4476502815883429 0
3322 1.142296820349865 -0.1938851616719977 0
3323 0.7185072239728981 -0.2560435300571064 0
3324 -0.03302504115528075 -0.07208724293006261 0
3325 0.6851050765993794 -0.0002116731076597424 0
3326 1.225375732601786 -0.538944868319402 0
3327 1.234781210130527 0.3393485734478365 0
3328 1.339193307803991 -0.4096864345032283 0
3329 1.33364425035316 0.209694457477327 0
3330 0.2868902591358622 0.1998541582283676 0
3331 -0.3728440330494535 -0.09542183867227426 0
3332 1.311355492610293 -0.04222878440850582 0
3333 -0.01534032428868802 0.2475775122881141 0
3334 1.474780607226575 -0.1196148749123122 0
3335 0.1986282159229554 -0.7102963589622179 0
3336 0.1986282159229594 0.5102963589622178 0
3337 -0.4749926497411853 -0.09601470933704573 0
3338 1.500046664629779 -0.2986147382091187 0
3339 0.5449009687408606 0.3889258561444539 0
3340 1.371165775860213 -0.7146366076455548 0
3341 1.371165775860192 0.514636607645569 0
3342 0.4825528052738752 0.2381191780528759 0
3343 0.6539863852772095 -0.1011042616314776 0
3344 0.9252514988717891 -0.02239262582818717 0
3345 -0.2429984622375143 -0.587021655373932 0
3346 -0.2428373367202266 0.3854595773398526 0
3347 0.3034346078831393 -0.4015563995383003 0
3348 0.5044550153531471 -0.02593342143595142 0
3349 0.5424771880381356 0.07429651112024928 0
3350 1.37609740117443 0.05017529481171371 0
3351 0.742903368754648 -0.1528379266535384 0
3352 1.016398156110561 0.03619406351810524 0
3353 0.2250774303454995 -0.5612247818896656 0
3354 0.223529151570277 0.3509504961844969 0
3355 0.614235772799463 -0.3781101171085112 0
3356 1.009795685873876 -0.3977134257555079 0
3357 0.3014590443090113 -0.7188833228967472 0
3358 0.3014590443090117 0.5188833228967469 0
3359 0.452134573031738 -0.7261597479589706 0
3360 0.4521345730317382 0.5261597479589705 0
3361 -0.3470315004791349 -0.6176108119554004 0
3362 -0.3436692336267636 0.4162310443541579 0
3363 0.1338339544868284 0.1754398593361467 0
3364 1.000411816022307 0.3156697025377897 0
3365 1.392034992173121 -0.3110713193216365 0
3366 -0.1049402133940135 0.09432303088522437 0
3367 1.237129430752895 -0.2201763179557827 0
3368 -0.3878040035131214 -0.2753357881011997 0
3369 1.166157561746524 -0.3780198113413474 0
3370 1.160629278364917 -0.4779478044749997 0
3371 1.162465763102078 0.2786180276690194 0
3372 0.803808707133158 -0.2931306789719178 0
3373 -0.3895332007376685 0.08870663546466538 0
3374 1.006919982280162 -0.510281565562917 0
3375 0.6040115935585779 0.3196590249849411 0
3376 1.513126454728628 -0.03318279990281486 0
3377 -0.4673648005393026 -0.7177741054561746 0
3378 -0.4673648005392984 0.517774105456014 0
3379 1.001353494461805 -0.7307518572982672 0
3380 1.001326709198684 0.5307032474206498 0
3381 0.4563079313304378 -0.4045297252676734 0
3382 0.4100106239048217 -0.4848123568747986 0
3383 -0.1626049248062653 -0.1687814888285686 0
3384 0.9603005497863212 -0.1200459897480283 0
3385 0.3662010682614681 -0.3423775066343739 0
3386 0.6711921665405211 -0.5308620110406639 0
3387 0.03008802445734447 0.04217090277158452 0
3388 0.8192476575851575 -0.7265681724867089 0
3389 0.8192920350995563 0.5266061166510236 0
3390 0.7315790727127288 0.2829799180026281 0
3391 0.04237014860008267 0.171775394717567 0
3392 1.457494523937227 -0.7390783145804197 0
3393 1.457494523937255 0.5390783145804046 0
3394 0.3611613322587677 -0.607332806760742 0
3395 0.3602315035325728 0.407290124813783 0
3396 0.4030789442080631 0.2947397531804732 0
3397 0.57245019193594 0.2352563204523465 0
3398 0.1397238191631217 -0.0296145353901671 0
3399 0.9728304897771007 0.166537443784036 0
3400 0.3511219661719299 0.1403557909035188 0
3401 0.0025996952032333 -0.5016017891878463 0
3402 0.8692235951084303 0.2564024965386774 0
3403 0.05755546714267949 -0.3479473739748895 0
3404 0.79677466721459 0.1005345286219964 0
3405 1.376456309331228 -0.1258461837823661 0
3406 0.1042771144535554 -0.1062118113548801 0
3407 0.8811263440338993 -0.4646834615886564 0
3408 -0.05308315861700524 -0.5862328059477584 0
3409 -0.05866697082618602 0.3945075241090586 0
3410 -0.09449304274457035 -0.3173395811301333 0
3411 0.2391356322808421 -0.1475673995915659 0
3412 1.357728243742448 -0.6189774355177167 0
3413 1.358229380813354 0.4184949342953065 0
3414 -0.1106240294544679 -0.727837776545892 0
3415 -0.110624029454456 0.5278377765458845 0
3416 0.05224556752741371 -0.2534484161308971 0
3417 0.5455379239096347 -0.7324902265128597 0
3418 0.5463276790014295 0.5328955415053266 0
3419 0.8313237879541371 -0.04443382947373306 0
3420 0.7710596867784433 0.01816604949787724 0
3421 0.8644175826151395 -0.1746987466106366 0
3422 -0.02649872394480073 -0.3725317600872383 0
3423 1.149959496338339 -0.02724882726294806 0
3424 -0.5137297632077702 -0.1846861262647591 0
3425 -0.3441834721790228 -0.1806839235222678 0
3426 1.279166666665644 -0.7393250999688308 0
3427 1.279166666665644 0.5393250999688602 0
3428 0.1092470574966957 -0.4788490386993366 0
3429 0.4467845910735332 -0.6423631815206814 0
3430 0.451390290684216 0.4258417514584611 0
3431 1.387633732469525 0.13199582834961 0
3432 0.03331131966487044 -0.1142014976122148 0
3433 0.3014074725873057 -0.2149964335571038 0
3434 0.5081394623368548 -0.2917977839601822 0
3435 0.4738412522463501 -0.1711895308021496 0
3436 -0.3979066361707462 -0.4757528453857767 0
3437 -0.3997472479091544 0.2775466768469055 0
3438 0.9977686133152456 -0.2597385412260522 0
3439 1.019873630570921 0.2268254029090541 0
3440 0.6321357914092481 0.06298090651679904 0
3441 0.9217787821364927 -0.3912708339751317 0
3442 1.061491152202736 -0.5984744684937726 0
3443 1.060396346977091 0.396251818795412 0
3444 0.8085702954446889 -0.5739654159109517 0
3445 0.8099911886189533 0.3777775887260462 0
3446 0.5925090210586679 -0.1827772406663171 0
3447 -0.3619850711038877 -0.368883144342287 0
3448 1.5379180011575 -0.4012073806721482 0
3449 -0.3620524812890419 0.1687728012165801 0
3450 0.05017605205373963 0.3010449664694095 0
3451 0.862699696484738 -0.2385186610004082 0
3452 1.532730663367102 0.1972904366871109 0
3453 0.5882152285432212 -0.5178313421739998 0
3454 0.1469819188622264 0.2755080493248845 0
3455 1.529853269015709 -0.6117828400029551 0
3456 1.530354406086658 0.4113003387799897 0
3457 1.392692609273852 -0.4727272763238336 0
3458 1.390889663244614 0.2709363305137166 0
3459 -0.0901086130351641 -0.2395983743215543 0
3460 -0.5302501099436756 -0.3916666666676868 0
3461 -0.5281225503868856 0.1942788905539045 0
3462 -0.1751976917791914 0.2081472185934418 0
3463 -0.5165162663375996 -0.01311574832478306 0
3464 1.080817075372797 -0.2627402031727709 0
3465 0.5551804351037829 -0.4355488072151883 0
3466 0.1647431234856576 0.09300348815378753 0
3467 0.3919650884642136 0.06607409333714592 0
3468 -0.5288483567877744 -0.6313250040605884 0
3469 -0.5288468277114375 0.431335144155914 0
3470 0.3703236790093572 -0.08473654842351072 0
3471 0.110047034508749 -0.7310136992180636 0
3472 0.1100470345087768 0.5310136992180641 0
3473 1.102633614972263 -0.3423232055909738 0
3474 0.2359624309333663 -0.2816663604348118 0
3475 0.2441542515549824 0.08177106079729414 0
3476 0.1585688673867487 -0.164466275483361 0
3477 0.7933335427388387 0.2407658760898219 0
3478 -0.1304322680360877 -0.4645752689213379 0
3479 0.1853109318431433 -0.6230284484163242 0
3480 0.1847760977252648 0.4217340632440228 0
3481 -0.1470727756107332 0.340846919231772 0
3482 -0.2791666666673384 -0.7447519294847789 0
3483 -0.2791666666673384 0.5447519294847663 0
3484 -0.1503357811657206 -0.5363944069597031 0
3485 -0.01802456072239858 -0.7332475446410929 0
3486 -0.01802496327376414 0.5332471858695849 0
3487 0.4215176012604746 -0.01738144613625797 0
3488 1.118590061562158 -0.7323261960087988 0
3489 1.118590061562145 0.5323261960087948 0
3490 0.2887950245037331 -0.3363726781068729 0
3491 1.077913371033891 -0.02582402194660394 0
3492 -0.3985727695551762 -0.5550060228871792 0
3493 -0.3982653093977747 0.3551171959531989 0
3494 1.249188448389663 -0.6143681440157305 0
3495 1.24961824390016 0.4143647254707661 0
3496 0.09434236193184178 -0.6109117895116399 0
3497 0.09255817057468743 0.4164051598661236 0
3498 0.8129828608552844 -0.1248048486799334 0
3499 0.9057466007295008 0.1802609767386253 0
3500 0.9323243847018186 0.3138388358462568 0
3501 -0.1388584074704165 -0.01838730508849073 0
3502 1.518616704846707 -0.1958728532777122 0
3503 0.2834488882037314 0.1285695857835175 0
3504 0.1065441945737503 0.0299842478880827 0
3505 1.524646536221443 -0.7141856674262048 0
3506 1.524730059066608 0.5141052505556198 0
3507 -0.5390762040825537 -0.7298098746363368 0
3508 -0.5390762040827037 0.5298098746362415 0
3509 -0.1217359399300239 0.2634627959673393 0
3510 0.3682334222688583 -0.7465745107612338 0
3511 0.3682334222688585 0.5465745107612335 0
3512 0.8876670225205674 -0.6344339026909552 0
3513 0.8876670225205673 0.4344339026909549 0
3514 -0.04755526275306213 -0.4484515944113382 0
3515 0.1453361768354274 -0.2342810943616447 0
3516 1.300629646262195 0.036093164950051 0
3517 -0.2238473959577766 -0.2991013061357689 0
3518 0.3278213471027407 0.2639592895215007 0
3519 1.221437212804951 -0.3237859819066311 0
3520 1.17077632857185 0.1964230762339498 0
3521 0.2749594417524394 0.02352144254824017 0
3522 1.003155366216901 -0.6642880811539092 0
3523 1.002716766014307 0.4634449502177436 0
3524 0.9372828741901821 -0.5230347641392395 0
3525 0.6729184326022413 0.339105606677199 0
3526 0.727203640701239 -0.7442563765394166 0
3527 0.7289171801674317 0.5479071686204335 0
3528 1.043164714314366 -0.1045028029275455 0
3529 1.535825520292074 -0.5039007001493598 0
3530 1.536883017855417 0.3046541365203627 0
3531 1.112799937938074 0.1475556741406695 0
3532 0.7364387872014727 -0.5129922956490773 0
3533 0.202666637719646 0.2142175948225451 0
3534 -0.2009195109028751 -0.06103267502782468 0
3535 -0.2407773650948703 0.1799145472265044 0
3536 1.244874031252178 0.1660958582865018 0
3537 0.576188221654932 -0.6497986564464896 0
3538 0.5777297359165378 0.4580587495556744 0
3539 0.331013565058042 -0.4654427949773712 0
3540 0.007248095555773114 -0.6437423659588637 0
3541 0.007248095555818205 0.4437423659588763 0
3542 0.8659634005689263 0.1165072554886303 0
3543 0.9738377483132855 -0.3340121081239877 0
3544 0.3682852749261388 -0.2618001964087892 0
3545 0.4765804495659776 0.3363751742574614 0
3546 -0.003644532678751086 -0.01349070829861487 0
3547 1.295121000353148 -0.141185793208289 0
3548 -0.03193990456664605 0.1760395595466491 0
3549 1.149464195192501 -0.5515819913932487 0
3550 1.139676285484105 0.3504402947890723 0
3551 -0.2169483497266654 -0.6484735275974334 0
3552 -0.2169249098096011 0.448067998236343 0
3553 1.235879396035805 0.09968789200801401 0
3554 1.266192175446015 0.06930189920836488 0
3555 1.275186810662388 0.1357098654868527 0
3556 1.199799390347406 0.0764951324305851 0
3557 1.208794025563778 0.1429030987090729 0
3558 0.7052684870159278 -0.7721281882697083 0
3559 0.6796238259383037 -0.7280033233834102 0
3560 0.6576886722529924 -0.755875135113702 0
3561 0.6623324321927466 0.55825838726941 0
3562 0.6851243556111541 0.5322119715796269 0
3563 0.7061252567490242 0.5739535843102168 0
3564 0.5022737186206914 -0.1966288675735709 0
3565 0.4538220978544095 -0.2314936573811659 0
3566 0.4822545642287508 -0.2569329941525872 0
3567 0.9431127824395913 -0.753952410387958 0
3568 0.8972794491061482 -0.753952410387958 0
3569 0.8972124859483838 0.5538308856939052 0
3570 0.9430458192818267 0.5538308856939052 0
3571 1.31663242207022 -0.180556890673566 0
3572 1.266125215553021 -0.1806810555820358 0
3573 1.287636637270094 -0.2200521530473128 0
3574 1.171183922052902 0.04606165258204339 0
3575 1.144098551580876 0.08927685928310225 0
3576 1.337433058923293 -0.4717724326933635 0
3577 1.294610564254566 -0.4166190664001587 0
3578 1.292850315373868 -0.4787050645902939 0
3579 1.286961433076129 0.289366677844181 0
3580 1.285947153231457 0.2272846911410683 0
3581 1.334658530197832 0.2717764441804398 0
3582 1.343335558187229 -0.3118502643810503 0
3583 1.365089417980207 -0.2654996537302398 0
3584 1.316389983994315 -0.2662785987896536 0
3585 1.25382046281859 -0.1194677424821183 0
3586 1.224824678018463 -0.1589630048558651 0
3587 0.1828708876575383 -0.3433730164329832 0
3588 0.2296034980975408 -0.327049237449401 0
3589 0.1892298204933638 -0.2979901394183941 0
3590 1.050372332783148 -0.4157325005182871 0
3591 1.008357834077019 -0.4539974956592125 0
3592 1.048934480986291 -0.4720165704219916 0
3593 -0.1324969019755428 -0.6743954192791456 0
3594 -0.08605706303040854 -0.6977671595922794 0
3595 -0.1079299355514834 -0.644324802325533 0
3596 -0.107967050146129 0.44429172416491 0
3597 -0.0860617023547216 0.4977630248222022 0
3598 -0.1325293772458634 0.4743664758885923 0
3599 0.6772555803336386 -0.6907627274296574 0
3600 0.7248353950965739 -0.7070157805856637 0
3601 0.726185329635721 0.5093271170743054 0
3602 0.6823925050794435 0.4936319200334988 0
3603 -0.07849790522947914 -0.1364020622151175 0
3604 -0.1395540049312605 -0.1343971912708388 0
3605 -0.101548825104484 -0.1707863597728473 0
3606 1.04672208989147 -0.5224506378393237 0
3607 1.088736588597598 -0.4841856426983983 0
3608 -0.2807914462265632 -0.2729739259265253 0
3609 -0.3261032376239553 -0.2533536474020428 0
3610 -0.3424922121157293 -0.2949560666256822 0
3611 0.8433897855750712 -0.004545519715787191 0
3612 0.8782876434129632 -0.03341322765096012 0
3613 0.8903536410338972 0.006475082106985757 0
3614 0.7702988799544648 -0.615539971982793 0
3615 0.7282744863478257 -0.6269383900376102 0
3616 0.7644915430985481 -0.6583767665770937 0
3617 0.7649847079045989 0.4588627070252268 0
3618 0.7295456022904702 0.4263203657839613 0
3619 0.7710768310910586 0.4144360072810107 0
3620 0.6376623822696539 -0.2337776406090076 0
3621 0.6639975423171076 -0.2692468479711021 0
3622 0.6921720639254445 -0.2205743226950119 0
3623 0.8553020454911284 -0.07221691473686656 0
3624 0.9022659009499544 -0.06119631291409362 0
3625 0.4815132141543848 -0.3274396905912222 0
3626 0.4450554373964534 -0.3481637546139278 0
3627 0.4927657080883692 -0.3838056612449679 0
3628 0.4000020058619685 -0.317087645297278 0
3629 0.411254499795953 -0.3734536159510237 0
3630 1.177408372816948 -0.1458174267139727 0
3631 1.18971312555138 -0.2070307398138902 0
3632 0.8735699445665327 -0.7172364966313124 0
3633 0.8429571621247731 -0.7632840862433545 0
3634 0.8429793508819725 0.5633030583255119 0
3635 0.8735251701659676 0.5171339440194169 0
3636 0.7134312788354364 -0.3976188327405243 0
3637 0.7677592052686623 -0.4146470852393246 0
3638 0.7622693860863401 -0.3646156363915061 0
3639 -0.304292971956906 -0.2060277151125768 0
3640 -0.3659937378460721 -0.2280098558117337 0
3641 0.2228260348592269 -0.07355525976777971 0
3642 0.203104611108547 -0.03836252746286323 0
3643 0.1594452429138016 -0.06480726769508358 0
3644 0.676912674379694 -0.6368218209404036 0
3645 0.6827200112356109 -0.5939850263461031 0
3646 0.6864569512085091 0.3957967043331201 0
3647 0.6803648280220495 0.4402234040773362 0
3648 0.5372929158702284 0.1179327580139275 0
3649 0.5842035338874494 0.1115058815626937 0
3650 0.5790192617195423 0.1551421284563719 0
3651 0.09243000564969769 -0.5589088087233653 0
3652 0.1250691751212344 -0.5146382776134255 0
3653 0.076607888025159 -0.5231195698092764 0
3654 0.8093978231852186 -0.439378787194371 0
3655 0.7605597159343149 -0.4723819835433892 0
3656 -0.03141152615292193 -0.2296777805635095 0
3657 0.01495762031213622 -0.270006373270395 0
3658 0.005876421062355551 -0.2131198234240116 0
3659 0.4382208426746453 -0.1814953270666362 0
3660 0.4182016882827048 -0.2417994536456525 0
3661 0.1693325565649313 -0.002214067669522694 0
3662 0.2327133485103566 -0.01096205974221882 0
3663 1.258036668503144 -0.3182075956735476 0
3664 1.235732516755045 -0.3736688401018601 0
3665 1.272331972453239 -0.3680904538687766 0
3666 1.384758205667036 -0.2148710176473945 0
3667 1.41170377985995 -0.2604426832387912 0
3668 0.1906493038843969 -0.2579737273982282 0
3669 0.1439166934443944 -0.2742975063818106 0
3670 1.237701776653463 -0.4812482833082455 0
3671 1.28052427132219 -0.5364016496014503 0
3672 1.285227010086516 0.3366035021656946 0
3673 1.236515633120141 0.292111749126323 0
3674 0.05592337634996451 -0.4902254139435914 0
3675 0.0232842068784278 -0.5344959450535313 0
3676 -0.3097390990757214 0.2748638606897675 0
3677 -0.2609017315019684 0.2493666892854391 0
3678 -0.2720296473762199 0.2995932538642274 0
3679 0.143613451489586 -0.3626594449263761 0
3680 0.183987129093763 -0.3917185429573828 0
3681 -0.2732498469498893 -0.5044756389470237 0
3682 -0.2620981084766673 -0.4543119370432011 0
3683 -0.309705747437302 -0.4749518684346642 0
3684 -0.2483472284860739 0.07944159414893975 0
3685 -0.1960081855094192 0.08749298921782397 0
3686 -0.2386159661098098 0.1231335245113026 0
3687 0.6610886162262886 -0.3628487505006084 0
3688 0.6665784354086108 -0.412880199348427 0
3689 0.3184045410316648 -0.06592353397953504 0
3690 0.2913246609739222 -0.09263768468007488 0
3691 0.3432437989516146 -0.1114506991240506 0
3692 0.7708574035385332 -0.6981716785593099 0
3693 0.8128817971451724 -0.6867732605044927 0
3694 0.8129039859023719 0.4867922325866499 0
3695 0.7713727571017834 0.4986765910896005 0
3696 0.06811476605010169 -0.2170218604182765 0
3697 0.02174561958504354 -0.1766932677113909 0
3698 0.3079798046465697 -0.02771271100967004 0
3699 0.3598989426242621 -0.04652572545364572 0
3700 1.316914716002664 -0.3611578219718462 0
3701 0.9197904264072204 -0.1100229948740142 0
3702 0.9427760243290552 -0.07121930778810776 0
3703 -0.2993228574986569 0.05547979634767152 0
3704 -0.2567150768982663 0.01983926105419292 0
3705 0.6755566819883985 -0.4557430310644777 0
3706 0.6232140193792506 -0.4209729488245618 0
3707 1.112386913274522 -0.6571453335590686 0
3708 1.092933268829188 -0.7088923804537406 0
3709 1.138043706007492 -0.6805791491141268 0
3710 1.138043706007469 0.480579149114131 0
3711 1.092933268829165 0.5088923804537435 0
3712 1.112386913274489 0.4571453335590798 0
3713 0.4823282996672361 -0.5725413820045823 0
3714 0.5177205230694756 -0.539408320595852 0
3715 0.4660902839430645 -0.5333020884501583 0
3716 -0.2819279740740191 -0.5560686128562095 0
3717 -0.2343203351133845 -0.5354286814647462 0
3718 -0.2330148082613468 0.3297778298998758 0
3719 -0.2818521758350997 0.3552750013042042 0
3720 0.8554251459673428 -0.3010530008314042 0
3721 0.810203009826362 -0.3373872839311121 0
3722 0.8618194486605468 -0.3453096057905984 0
3723 -0.1263567689207147 -0.2041899315750615 0
3724 -0.06530066921893335 -0.2061948025193402 0
3725 0.6291729624683293 -0.1839411779996173 0
3726 0.6009984408599924 -0.2326137032757075 0
3727 1.090239388370776 0.2648540439119785 0
3728 1.051557193664478 0.2679881773613401 0
3729 1.058555825277219 0.2236912694596925 0
3730 0.4984308635109432 -0.1067669214682736 0
3731 0.5241317669396098 -0.0697336321862493 0
3732 0.4787541119244805 -0.06296671071797574 0
3733 0.7545521796152194 0.09108408262209694 0
3734 0.7648247450327642 0.1414482773232927 0
3735 0.7226022574333936 0.1319978313233933 0
3736 0.5186814735915777 -0.3274396905912223 0
3737 0.4709712028996619 -0.2917977839601822 0
3738 0.5194228236659437 -0.2569329941525872 0
3739 0.6118553389195496 -0.755875135113702 0
3740 0.6164990988593035 0.55825838726941 0
3741 0.05864764211883006 -0.1473984011589353 0
3742 -0.003590702868916079 -0.1434963641646704 0
3743 0.463447230371082 -0.1355947654010748 0
3744 0.5088248853862114 -0.1423616868693484 0
3745 0.7822375180595874 0.1787681279233392 0
3746 0.8141874402414132 0.1378543792220429 0
3747 1.447952159624411 -0.4736821199543038 0
3748 1.491456197235675 -0.5177547207878743 0
3749 1.492321482680809 -0.4598280993157893 0
3750 1.489741411106877 0.2579394727246282 0
3751 1.493488357230167 0.316683935306098 0
3752 1.446346750481627 0.2699692715103635 0
3753 0.6794023512938508 0.1655386390148635 0
3754 0.669129785876306 0.1151744443136678 0
3755 0.2118141079603081 -0.755148179481109 0
3756 0.1659807746271289 -0.755148179481109 0
3757 0.1659807746271309 0.5551481794811088 0
3758 0.2118141079603101 0.5551481794811088 0
3759 0.1543376252158522 -0.7206550290901408 0
3760 0.1216901839200257 -0.7655068496090318 0
3761 0.1216901839200396 0.5655068496090321 0
3762 0.1543376252158681 0.5206550290901409 0
3763 1.488422313632065 -0.6825525920332447 0
3764 1.527249902618576 -0.66298425371458 0
3765 1.491025680029197 -0.6313511783216199 0
3766 1.491276248564676 0.43110992771014 0
3767 1.527542232576633 0.4627027946678047 0
3768 1.488464075054652 0.482512383597955 0
3769 0.6317011052214239 -0.6578093637381501 0
3770 0.6393038539974825 0.4631082585826576 0
3771 0.6413401141300825 0.1998492888842686 0
3772 0.6948125856871701 0.2166726758939941 0
3773 1.041826286390171 0.3124103271757079 0
3774 1.010142723296614 0.2712475527234219 0
3775 -0.1728141350009045 -0.6669526148063215 0
3776 -0.1509412624798296 -0.7203949720730679 0
3777 -0.1509424701340123 0.5203938957584837 0
3778 -0.1728478179254197 0.4669225951011915 0
3779 -0.05621946996915268 -0.2630813523657236 0
3780 1.161106254760887 -0.7223079928713567 0
3781 1.180559899206221 -0.6705609459766847 0
3782 1.180559899206197 0.4705609459766961 0
3783 1.161106254760873 0.5223079928713599 0
3784 0.5506409895685966 -0.01907607333038502 0
3785 0.5703177411550594 -0.06287628408068288 0
3786 0.2232501144266909 -0.4216590828792267 0
3787 0.1839926782587387 -0.4409455113726196 0
3788 0.598897451901641 -0.1073190522840124 0
3789 0.6254066745306279 -0.05666149342814811 0
3790 0.5372573517605527 -0.1678010236407697 0
3791 0.8470914796128773 -0.6407061256066158 0
3792 0.8534573400528624 -0.6805010375888321 0
3793 0.8534795288100618 0.4805200096709893 0
3794 0.8470914796128773 0.4407061256066156 0
3795 -0.0572866276116772 -0.6269646742932126 0
3796 -0.1037264665568115 -0.6035929339800787 0
3797 -0.1065508479317284 0.4077013496701793 0
3798 -0.06008317304058663 0.4310978986037893 0
3799 0.5681587697923702 -0.1481555418014321 0
3800 0.6232477031679386 -0.1419407511488973 0
3801 1.536871760724787 -0.452554040410754 0
3802 1.493367723113522 -0.4084814395771834 0
3803 1.487665233862719 0.2042576228080024 0
3804 1.53480684061126 0.2509722866037368 0
3805 0.835306802431145 0.2816566032999013 0
3806 0.8723254441447357 0.3011466930160697 0
3807 0.8384086514674502 0.3264007997772936 0
3808 -0.03675888327899168 -0.1224392368235943 0
3809 -0.07476406310576822 -0.08605006832158582 0
3810 0.6599116445776001 -0.1431046884821975 0
3811 0.9077796270342376 -0.6711693617334356 0
3812 0.9077126638764731 0.4710478370393826 0
3813 0.4890791279912981 0.1489547318960144 0
3814 0.4942634001592052 0.1053184850023361 0
3815 -0.01902422939816414 0.3496606466535371 0
3816 -0.008185977682724374 0.3103060311990113 0
3817 0.03933780033829986 0.3403995819239353 0
3818 0.4203543422228233 -0.5256237533668435 0
3819 0.3674736730936545 -0.5133469428446731 0
3820 0.3778173914116561 -0.554158339336718 0
3821 0.8392669291767013 -0.5216641188725731 0
3822 0.8787309342682155 -0.5054490069176835 0
3823 0.8416623389423852 -0.480898573543546 0
3824 0.5011557990196422 0.06145930665439923 0
3825 0.4529420111407119 0.0924812805364861 0
3826 0.5873064897236919 0.06863870881852416 0
3827 0.6290328355730057 0.1058480792609686 0
3828 0.7043701363163194 -0.1689715209932279 0
3829 0.6984448770159288 -0.126971094142508 0
3830 0.7132243418130062 -0.3018154569749061 0
3831 0.6587146601572156 -0.3150187748889017 0
3832 1.54016380819455 0.1084470205875193 0
3833 1.54016380819455 0.05011368725402934 0
3834 0.7732256491431982 -0.7354122745130627 0
3835 0.774104607633494 0.5372566426357286 0
3836 0.9031015695026128 0.1038655038534559 0
3837 0.8607095918824658 0.07592502276539448 0
3838 0.8978477608161523 0.0632832711302201 0
3839 0.5616076030268503 -0.2024227225056547 0
3840 0.7322269477818336 0.2326709720136085 0
3841 0.6941647106180653 0.2669816218830137 0
3842 0.9327456186540442 0.03441556319504718 0
3843 0.2917154334567879 -0.6765206841530139 0
3844 0.3420704870788585 -0.7004085839024086 0
3845 0.332326876226635 -0.6580459451586753 0
3846 0.332326876226635 0.458045945158675 0
3847 0.3420704870788587 0.5004085839024082 0
3848 0.2917154334567881 0.4765206841530137 0
3849 0.3719216310537367 -0.6446333258344059 0
3850 0.3215665774316661 -0.6207454260850114 0
3851 0.3211016630685686 0.4207240851115318 0
3852 0.3714567166906393 0.4446119848609262 0
3853 -0.01508371110166297 0.3871308607437599 0
3854 -0.0626074891226872 0.3570373100188359 0
3855 0.9068091993463567 -0.534624658192975 0
3856 0.9092046091120407 -0.493859112863948 0
3857 0.5991900358363517 0.1919857862287423 0
3858 0.5522794178191307 0.1984126626799761 0
3859 0.9661465502032043 -0.03440364754834361 0
3860 0.9836710756604703 -0.0832303295082642 0
3861 0.9007739899051244 0.2851206661924671 0
3862 0.9038758389414298 0.3298648626698594 0
3863 0.6146002702296709 0.2431198231078729 0
3864 0.2633451357374029 -0.4362212254163819 0
3865 0.2633395865724272 -0.3869942570011452 0
3866 0.8848706406431328 -0.2737469918456494 0
3867 0.8332542018089479 -0.265824669986163 0
3868 0.4182048126509035 -0.4120408897678888 0
3869 0.3731513811164187 -0.380964780451239 0
3870 0.7631041827948886 0.2115639510572055 0
3871 0.7624563077257838 0.261872897046225 0
3872 1.034314985279011 -0.7081052110984748 0
3873 1.025676747230026 -0.7653759286491336 0
3874 1.058638238047232 -0.7427292824493412 0
3875 1.058638238047216 0.5427292824493462 0
3876 1.025663354598466 0.5653516237103249 0
3877 1.034301592647434 0.5080809061596711 0
3878 0.9524050990583866 -0.2843569319584714 0
3879 0.9670166061324366 -0.2298559838986008 0
3880 0.9216530918755776 -0.25447437463102 0
3881 1.084295030780203 -0.7661630980043994 0
3882 1.084295030780196 0.5661630980043975 0
3883 -0.542615422857206 0.2847514508921006 0
3884 -0.542615422857206 0.3430847842255974 0
3885 -0.542628010213397 -0.5430013109560802 0
3886 -0.542628010213397 -0.4846679776229121 0
3887 -0.5640612751934428 0.2221394452764837 0
3888 -0.5066766980506489 0.2568908961695215 0
3889 -0.5077530651852349 -0.4555013109563246 0
3890 -0.5651250549718378 -0.4208333333342744 0
3891 0.09406150849227561 0.3254369666273805 0
3892 0.09857898545798302 0.288276507897147 0
3893 0.142464441896519 0.3126685080551181 0
3894 0.4557465656250628 -0.4924906919581133 0
3895 0.6722327417125484 0.07230727156949827 0
3896 0.3688873163252784 0.3537484219181273 0
3897 0.3638342022303618 0.3185455450353305 0
3898 0.4081320583029797 0.3299426300632701 0
3899 -0.4142308564559044 -0.3359805287927078 0
3900 -0.4392351984796413 -0.2806359784648589 0
3901 -0.4656620514224243 -0.341280719156367 0
3902 1.564926634507854 -0.6475580866682626 0
3903 1.562323268110722 -0.6987595003798874 0
3904 1.562365029533304 0.4987192919443275 0
3905 1.565177203043329 0.4473168360565124 0
3906 1.346700526892521 -0.5764179332006076 0
3907 1.402407558960863 -0.5752930884720528 0
3908 1.391379842110936 -0.5327335861549438 0
3909 1.392883253323711 0.331286082487693 0
3910 1.404161538709136 0.3736043341935699 0
3911 1.346951095427929 0.3761766825894295 0
3912 1.109494251327781 -0.6136532853566137 0
3913 1.064383814149477 -0.6419665166962275 0
3914 1.063836411536638 0.4408551918470522 0
3915 1.108946848714942 0.4125419605074396 0
3916 1.272485112896342 -0.6418931602202715 0
3917 1.22640544817464 -0.6633289668748226 0
3918 1.249702112681318 -0.6908539830793636 0
3919 1.24970211268128 0.4908539830793834 0
3920 1.22662034592988 0.4633272576023455 0
3921 1.27270001065156 0.4418914509478041 0
3922 0.3340041964714852 0.03191027069537437 0
3923 0.3707196473516904 0.02887959542668261 0
3924 0.3552496375840084 0.0691047686058377 0
3925 0.3034542724435259 -0.5880197871119142 0
3926 0.2750070763139933 -0.5515531553521066 0
3927 0.2535246264750319 -0.5976914136494731 0
3928 0.2527504870874207 0.3925542707968888 0
3929 0.2740593059114687 0.3466509165373423 0
3930 0.3032806414286124 0.3882546911497341 0
3931 0.6996777494839544 -0.08248670867458693 0
3932 0.7441362412226737 -0.1083535411856173 0
3933 -0.1773140894112101 -0.3167979540314269 0
3934 -0.1454673078527081 -0.3439855031700103 0
3935 -0.1263398243030723 -0.2901520319915498 0
3936 1.292430629216129 -0.5741132874496147 0
3937 1.303458346066056 -0.6166727897667236 0
3938 1.303923812356757 0.4164298298830363 0
3939 1.292645526971332 0.3741115781771593 0
3940 -0.1553398306398484 0.06906204487034276 0
3941 -0.1456085682635843 0.1127539752327056 0
3942 0.224166546968583 -0.5160554165920646 0
3943 0.2740961929370769 -0.5063837900545055 0
3944 0.2873991056897193 0.3089523946819813 0
3945 0.2368689513485275 0.3132519743291359 0
3946 0.1662513605441812 -0.4748675449969 0
3947 0.1820734781687198 -0.5106567839109889 0
3948 0.755875083393136 -0.3203590314323118 0
3949 1.449642482610981 -0.5912641290333367 0
3950 1.404963167392567 -0.6349484760790006 0
3951 1.405213735928025 0.4347072254677984 0
3952 1.451145893823806 0.3898166253660618 0
3953 1.005232375663794 -0.151812505412401 0
3954 0.9482825743679744 -0.1600097081595889 0
3955 0.9932144002454466 -0.1917762238239615 0
3956 -0.4013213902512875 -0.3827542069132515 0
3957 -0.3748945373085046 -0.3221094662217433 0
3958 0.1795641672463297 -0.2209434366566226 0
3959 0.2248772942952991 -0.2446360696932061 0
3960 -0.4625574328605656 0.2606294529519105 0
3961 -0.4840032851968024 0.1980174473362935 0
3962 -0.4854539096711815 -0.3941459680759514 0
3963 -0.4629568649127408 -0.4579806123645891 0
3964 0.08322325677683584 0.3647915820819063 0
3965 -0.1011564036717376 -0.001555949885561299 0
3966 -0.08594172431284863 -0.04523727400927667 0
3967 -0.04823972051416969 -0.02840591880634724 0
3968 -0.1722989276780499 0.01270687688348521 0
3969 -0.121899310432215 0.03796786289836682 0
3970 0.1000263385980204 -0.331130646188433 0
3971 0.1011425800342451 -0.3794761727128326 0
3972 0.3279751436702646 -0.5036621618959594 0
3973 0.2771346143248543 -0.4681644231359173 0
3974 0.263229522153336 -0.7594416614483737 0
3975 0.2500436301159833 -0.7145898409294825 0
3976 0.2500436301159855 0.5145898409294823 0
3977 0.2632295221533362 0.5594416614483735 0
3978 -0.1276807462633361 -0.05920009940079989 0
3979 1.461463710373719 0.1473927583859028 0
3980 1.506529139878102 0.1404255722650114 0
3981 -0.09516318803958754 -0.3574111100096852 0
3982 -0.1461374531477253 -0.3840570320495623 0
3983 0.3090628554865152 -0.7594416614483737 0
3984 0.3090628554865154 0.5594416614483735 0
3985 0.5700970228281749 -0.252259185115045 0
3986 0.3854959037498208 -0.01284817431001934 0
3987 0.4067413448623441 0.02434632360044398 0
3988 0.4387413258071791 -0.6043991656897849 0
3989 0.4903715649335902 -0.6105053978354786 0
3990 1.096230510945565 -0.1887320913743857 0
3991 1.129646580808918 -0.1493394447241366 0
3992 1.083580271404618 -0.1441863744265246 0
3993 0.4981456297125383 0.4073838038014575 0
3994 0.4639853701250968 0.3811084628579613 0
3995 0.5107407091534191 0.3626505152009576 0
3996 1.566365331683551 0.1653118850096188 0
3997 0.2890150491147594 0.2697563709976378 0
3998 0.3262054036777006 0.3031553132058442 0
3999 1.24139455731263 -0.7258074448513727 0
4000 1.287474222034332 -0.7043716381968217 0
4001 1.287474222034302 0.5043716381968512 0
4002 1.241394557312623 0.5258074448513925 0
4003 0.730705296363773 -0.2044407283553224 0
4004 0.7724346888394421 -0.1843265284054924 0
4005 0.7602366164485672 -0.2359293301072764 0
4006 0.06915554024273204 -0.5891509452154281 0
4007 0.1176168273388074 -0.5806696530195772 0
4008 0.1152525677527495 0.3831170633257376 0
4009 0.06052885959877376 0.3980796786222923 0
4010 -0.5453331967230806 -0.3096347510815149 0
4011 -0.5453331967230806 -0.2513014177483506 0
4012 0.3087856957405889 -0.1765806416908471 0
4013 0.3520039528451231 -0.2033987784441133 0
4014 0.3593821759984064 -0.1649829865778566 0
4015 1.415116768413931 0.1716103186392519 0
4016 1.433980674429313 0.1077782680962609 0
4017 -0.2110418904750502 -0.4272335663827239 0
4018 -0.2474977909624629 -0.3977097958703645 0
4019 0.1082490652383213 0.2547710132179585 0
4020 0.0598461318340779 0.267539471790221 0
4021 0.3430490272706275 -0.5746071677876448 0
4022 0.3424104818926166 0.3748207308519854 0
4023 0.8488618282767326 -0.4231636752394814 0
4024 0.3959296963997964 -0.5868839783098152 0
4025 0.3867083379652345 0.3862178158799249 0
4026 -0.2543051084068623 -0.03257760588745 0
4027 -0.2033294793942792 -0.008615808086181759 0
4028 -0.5484727834400465 0.05312373625286033 0
4029 -0.5484727834400465 0.1114570695863503 0
4030 1.445425833208283 0.01851710436746192 0
4031 1.428212508781765 0.06686800132731277 0
4032 1.393310725600948 0.00182439785186285 0
4033 -0.01668318770785708 0.02872315404447633 0
4034 0.009645235464355553 0.07449901156102068 0
4035 -0.03712597670084599 0.06105126283391248 0
4036 0.5448488679442626 -0.5090001846077139 0
4037 0.571697831823502 -0.4766900746945941 0
4038 0.5283314712245435 -0.4678589171283082 0
4039 0.9227152496482024 -0.6166422984969318 0
4040 0.9428278541618726 -0.653377757539412 0
4041 0.9422921488997887 0.452405559986982 0
4042 0.9222465075438829 0.4157916256385543 0
4043 0.8691880473280293 -0.386457361432719 0
4044 0.9144101834690102 -0.3501230783330112 0
4045 0.5255241058847346 -0.6241492132565332 0
4046 0.4819371320246776 -0.6560069969417358 0
4047 -0.150753750324002 0.3808710472315361 0
4048 -0.1028698732184596 0.3676772216704153 0
4049 1.326755010572734 -0.6441978059712647 0
4050 1.327005579108157 0.4439565553600743 0
4051 0.2967468142281213 0.04782844321138482 0
4052 0.3122168239958033 0.007603270032229728 0
4053 1.193797387275737 -0.3509028966239892 0
4054 1.208092691225832 -0.4007857548192182 0
4055 0.5693556727538088 -0.3227658815536801 0
4056 0.558813661499086 -0.28712397492264 0
4057 1.550023332314889 -0.2576407024386509 0
4058 1.550023332314889 -0.3159740357718152 0
4059 -0.2978672148412086 -0.3696822558405031 0
4060 -0.2468109968395915 -0.342603885180026 0
4061 0.4795666274199264 0.2872471761551686 0
4062 0.4398296968870203 0.3155574637189673 0
4063 0.4428158747409692 0.2664294656166746 0
4064 1.454846307489956 -0.6949989156103522 0
4065 1.491070530079335 -0.7266319910033123 0
4066 1.491112291501932 0.5265917825680122 0
4067 1.454846307489975 0.4949989156103474 0
4068 0.1852555352162517 0.3132292727546907 0
4069 0.1807380582505443 0.3503897314849242 0
4070 0.1985953349945022 0.2755307508993297 0
4071 -0.1017094698913629 -0.5613136064537307 0
4072 -0.1523527778311692 -0.5786737344860511 0
4073 0.5049641651933394 0.3144336556287902 0
4074 0.5079503430472883 0.2653056575264975 0
4075 0.8994821477171828 -0.2192460437857788 0
4076 -0.1634369204984668 -0.4176033470656126 0
4077 -0.1131328006853462 -0.4310289539052876 0
4078 -0.2375200025953277 -0.08986277983649514 0
4079 -0.2909056000993149 -0.06140771069612046 0
4080 0.4448828109819369 0.3507603406017641 0
4081 0.4322877315410562 0.395493629202264 0
4082 0.4258997492326813 0.05734809776284755 0
4083 0.4406760056308117 0.01562032802614561 0
4084 0.3348463737567222 -0.2383983149829465 0
4085 0.3854428540145397 -0.226800659869956 0
4086 0.1829843615456363 -0.55582614920859 0
4087 0.61186181673039 -0.3302801414968045 0
4088 0.9798434138965395 -0.7653759286491336 0
4089 0.9646228630048562 -0.7193283390370915 0
4090 0.9645425072155316 0.5191825094042301 0
4091 0.9798300212649795 0.5653516237103249 0
4092 0.9404396665574066 -0.3214937154074391 0
4093 0.9858031808142655 -0.29687532467502 0
4094 0.9655237988824042 -0.6860964509649126 0
4095 0.980459421496369 -0.6315693877284088 0
4096 0.979771379290753 0.4302971494019486 0
4097 0.9652375356233431 0.4855533608027769 0
4098 0.4842399818300193 0.4477462819106256 0
4099 0.5309953208583416 0.429288334253622 0
4100 1.261937708947162 -0.06998923808222672 0
4101 1.269120126714862 -0.004474429339489785 0
4102 1.219702343051732 -0.0322348830132107 0
4103 1.164758133276001 -0.1012717097661116 0
4104 -0.1068103915149608 0.3302070075801926 0
4105 -0.1780372380126711 -0.4742054882384492 0
4106 0.1269883752112532 -0.4449270050750561 0
4107 1.123576737933847 -0.506283757295365 0
4108 1.125789129028668 -0.455849689878033 0
4109 1.129851891542797 0.2495875818396752 0
4110 1.122853259930057 0.2938844897413228 0
4111 1.265882777477116 -0.2664027636981234 0
4112 0.6695457309382944 -0.05065796736956867 0
4113 0.6409660201917128 -0.006215199166239175 0
4114 0.9759156097046888 -0.4816790091152467 0
4115 0.9773534615015453 -0.4253949392115423 0
4116 1.461825252378047 -0.03985464950540143 0
4117 1.496727035558864 0.02518895397004849 0
4118 -0.468414793443406 0.1456684049796282 0
4119 -0.4432393838088807 0.08914372065261961 0
4120 -0.4147086103721938 0.1452313197916739 0
4121 0.09530979201928713 -0.4217040878710393 0
4122 0.05172267912772151 -0.3901752891330962 0
4123 -0.3402441049120665 0.1018943824535419 0
4124 -0.3486119533242589 0.04229204935879503 0
4125 1.142756978906726 0.1336330066361567 0
4126 1.114141510612223 0.103199526787615 0
4127 1.023966407428256 -0.2216587811514129 0
4128 -0.3491792155553122 0.2510919864789423 0
4129 -0.3808998645990982 0.2231597390317428 0
4130 -0.3303318322452559 0.1967050486637796 0
4131 0.2091511494726618 -0.123783699795783 0
4132 0.2528105176674073 -0.09733895956356262 0
4133 1.559308352423354 -0.2062697599729477 0
4134 1.509331684738243 -0.2472437957434154 0
4135 -0.3302695400339839 -0.3968356554365643 0
4136 -0.3799458536373169 -0.4223179948640318 0
4137 -0.3482303225674131 -0.4502705059583091 0
4138 0.5717296288228818 -0.3705958571653868 0
4139 0.5696520759110909 0.03103889294771534 0
4140 0.5234661016956413 0.02418154484214893 0
4141 0.5275014986049076 0.2366877492526112 0
4142 0.5073307244880982 0.1998440914802408 0
4143 0.482144712677148 0.01134434037629888 0
4144 -0.1664625810864823 -0.7564760838001219 0
4145 -0.2122959144196725 -0.7564760838001219 0
4146 -0.2122971220738611 0.5564750074855414 0
4147 -0.1664637887406709 0.5564750074855414 0
4148 0.06902815079506695 0.1352268036345197 0
4149 0.01578629753572466 0.1393012575340119 0
4150 0.04244429973070894 0.1027526664509646 0
4151 0.5528990363783206 0.2638742287262328 0
4152 -0.1446707419065155 0.1608634334411914 0
4153 -0.1040023870369446 0.1424324890937102 0
4154 0.06288708872369786 0.07042455766152847 0
4155 -0.2183627095470229 -0.1437371867368671 0
4156 -0.1817622178545702 -0.1149070819281966 0
4157 -0.3972951956797114 -0.1390097190810438 0
4158 -0.4239183413953194 -0.09571827400465999 0
4159 -0.4483695040255773 -0.1393061544134295 0
4160 0.3705120944814319 -0.4751275759260849 0
4161 -0.4509936518849909 -0.04972472775876146 0
4162 -0.3999193435391249 -0.04942829242637573 0
4163 0.5936863505314105 -0.4496922938779004 0
4164 0.6102037472511297 -0.4908335613573062 0
4165 1.237282090495724 -0.5766565061675663 0
4166 1.242199727015343 0.3768566494593013 0
4167 -0.1130254259156559 -0.5232524511254217 0
4168 -0.06439911464129819 -0.5481716506194494 0
4169 0.9170495006391844 -0.5725326232748094 0
4170 0.8820012735115494 -0.590324227468833 0
4171 0.8815471578508041 0.3901623960922084 0
4172 0.9161266428741197 0.3715201190398078 0
4173 0.2776497755873571 -0.1428661247080781 0
4174 -0.08419730663353606 0.05479921810129625 0
4175 -0.05786888346132343 0.1005750756178406 0
4176 -0.0409441658539382 0.2835723041083636 0
4177 0.01741786388252581 0.2743112393787618 0
4178 1.203342899421245 -0.6216001231175926 0
4179 1.203557797176476 0.4215984138451167 0
4180 -0.2692614830112848 -0.1750321956740258 0
4181 -0.2135036982705272 -0.2000764977657272 0
4182 0.6586204340043138 0.03138461670456965 0
4183 0.698717384307614 0.04071098175726888 0
4184 -0.345334729086116 -0.7573099132945287 0
4185 -0.3911680624193621 -0.7573099132945287 0
4186 -0.3911680624193518 0.5573099132945301 0
4187 -0.3453347290861056 0.5573099132945301 0
4188 -0.06844005898032979 0.1351812952159367 0
4189 -0.06750223262326091 0.1832907534244226 0
4190 -0.463534112607738 -0.5782754433781161 0
4191 -0.5070521886072843 -0.5753304796527754 0
4192 -0.4853302807882282 -0.6342699677859291 0
4193 -0.485329516250004 0.4342750378335754 0
4194 -0.5070388367129248 0.3754190229705263 0
4195 -0.4635215252514913 0.3783589166481875 0
4196 1.218477890645891 -0.7561448948669574 0
4197 1.172644557312411 -0.7561448948669574 0
4198 1.172644557312404 0.5561448948669624 0
4199 1.218477890645883 0.5561448948669624 0
4200 1.029892550050355 0.1796233929082034 0
4201 1.068574744756653 0.1764892594588419 0
4202 0.9786189042947528 0.3564095255619717 0
4203 1.030404081499699 0.3559607606666009 0
4204 1.008611169772145 0.3967005836907829 0
4205 1.365614149988556 -0.3603788769124324 0
4206 0.5610868836684342 -0.5482394781621379 0
4207 0.9783189472734299 0.06370890786819339 0
4208 1.028154812820175 0.084307723212729 0
4209 0.9900756039830441 0.1118225675628172 0
4210 1.556563227364314 -0.008258066618834017 0
4211 -0.5582581331687998 0.001775459170181883 0
4212 -0.5067309166088463 0.03823252875789539 0
4213 0.3348178380723037 -0.3719669530863371 0
4214 0.3417681509272542 -0.4105542269032022 0
4215 -0.3603071314295636 0.3013185510577306 0
4216 0.6550973047711648 0.3744026746518471 0
4217 0.7042780790395855 0.3604996363584721 0
4218 0.8075431160749381 -0.6104718822166141 0
4219 0.7713260593242157 -0.5790335056771307 0
4220 0.7728144570479416 0.3798356273828957 0
4221 0.8082535626620704 0.4123779686241612 0
4222 -0.3593820610406351 -0.5004342078621318 0
4223 -0.420192487171929 -0.5961104771992245 0
4224 -0.4419143949909852 -0.5371709890660707 0
4225 -0.4417480775560934 0.3373100488691687 0
4226 -0.4200387570931726 0.3961660637322177 0
4227 0.3172240864705906 -0.4334995972578357 0
4228 1.364182709658223 -0.5032928536036662 0
4229 1.365942958538921 -0.4412068554135309 0
4230 1.362266956798887 0.2403153939955218 0
4231 1.363281236643559 0.3023973806986346 0
4232 1.153480772822663 -0.5902070468063517 0
4233 1.105477673697619 -0.5750282299435107 0
4234 1.100036316230598 0.3733460567922422 0
4235 1.148586817968449 0.3896361985042698 0
4236 -0.02136872904763971 0.141433339948553 0
4237 -0.1910170009096755 -0.2810328944943676 0
4238 -0.2101444844593112 -0.3348663656728281 0
4239 -0.1587112979795654 -0.08052278437046687 0
4240 1.071818551867563 0.3527013853045191 0
4241 0.8718489428216296 -0.1373493733053183 0
4242 0.9123590662007304 -0.1473723681793325 0
4243 1.077697276408081 0.09563238117095665 0
4244 1.065940619698467 0.04751872147633289 0
4245 -0.1966671217016175 -0.5617080311668176 0
4246 -0.1879889945774876 -0.5101150572576318 0
4247 -0.503220502311001 0.5237919900461278 0
4248 -0.5339615158970706 0.4805725093960778 0
4249 -0.4981058141253679 0.474554624805964 0
4250 -0.4981065786635385 -0.6745495547583815 0
4251 -0.533962280435164 -0.6805674393484626 0
4252 -0.5032205023109282 -0.7237919900462557 0
4253 0.1398266468874926 -0.616970118963982 0
4254 0.1631011122944582 -0.5867279824719193 0
4255 0.1613615313280382 0.3857815150146873 0
4256 0.1386671341499761 0.4190696115550732 0
4257 1.420426218621333 -0.3634134089019276 0
4258 1.394005376436768 -0.4127209664927235 0
4259 0.1155602707459324 -0.637099758330404 0
4260 0.07156396244096527 -0.6551275171008097 0
4261 0.09278187125505591 -0.6813154859195738 0
4262 0.09278187125506906 0.4813154859195818 0
4263 0.07067186676240128 0.4578742022780597 0
4264 0.1146681750673552 0.4398464435076457 0
4265 -0.5021980783269657 -0.2353111475466386 0
4266 -0.556864881603885 -0.2006763964664711 0
4267 1.132721289812356 0.01579727608580624 0
4268 1.188422128578886 0.003015549233289089 0
4269 0.464301208777075 0.1872298184686494 0
4270 1.076355703733931 0.1399885285240111 0
4271 1.181239710811185 -0.06249925950944784 0
4272 -0.3402673694801515 -0.04977218770967479 0
4273 -0.3234822636686169 -0.1070573616587199 0
4274 0.4134331391197824 0.1767086497407686 0
4275 0.4316847356165825 0.227598009324995 0
4276 0.9003410907823834 -0.187336086590893 0
4277 0.8313690338917581 0.1085208920553133 0
4278 0.8261152252052977 0.06793865933207752 0
4279 0.123412607034386 -0.6971507131836159 0
4280 0.1677031977414892 -0.686792043055693 0
4281 0.1677031977414912 0.4867920430556928 0
4282 0.1234126070343999 0.4971507131836159 0
4283 -0.1851325277066 0.3074715008458355 0
4284 -0.1949550561654799 0.3631532482858123 0
4285 -0.3673426799698229 -0.003778641463776252 0
4286 -0.4082639273832324 0.0426359446420941 0
4287 1.065490638457031 -0.2231596121247723 0
4288 1.111556947861331 -0.2283126824223843 0
4289 0.7026369948721317 -0.5574818032419868 0
4290 0.6512751829040002 -0.5673652341447801 0
4291 -0.4545885026639345 0.4774945184836253 0
4292 -0.4545885026639923 -0.6774945184837222 0
4293 -0.3757928410133552 0.1287397183406228 0
4294 -0.4009682506478805 0.1852644026676313 0
4295 -0.2610825644524264 -0.6299944403885454 0
4296 -0.2950149813583246 -0.6023162336646661 0
4297 -0.3130990835732367 -0.6452890186792795 0
4298 -0.311417950147051 0.4445991348786473 0
4299 -0.2932532851734951 0.4008453108470053 0
4300 -0.2610020016937825 0.4292134013714947 0
4301 1.537390303613288 -0.1098074374570725 0
4302 1.496698656036641 -0.1577438640950122 0
4303 1.559308352423354 -0.1479364266397725 0
4304 0.4010441091943039 -0.2767989901844856 0
4305 1.343726446892361 0.003973255201603944 0
4306 1.360939771318879 -0.04437764175824692 0
4307 0.4116884437525855 -0.09236827421175539 0
4308 0.3864620560561489 -0.1382688358773168 0
4309 0.4278268207993773 -0.1459005616655615 0
4310 1.403914438439004 -0.167830115469156 0
4311 1.35730007655926 -0.1728870859606046 0
4312 0.7685138676153946 0.3444021880504352 0
4313 0.7336083990948293 0.3324367920211866 0
4314 0.7664845412332941 0.2949453140318766 0
4315 -0.09414197367460615 0.2915149459479762 0
4316 -0.06853813210935597 0.2555201541277267 0
4317 1.009627314489287 -0.5986625813983404 0
4318 1.034205567241449 -0.5543780170283448 0
4319 0.9823417295279999 -0.5545661299329125 0
4320 1.419889741726564 -0.5021680088751113 0
4321 1.420491679924766 0.2998250323027749 0
4322 0.3274980463826006 -0.3393750923706234 0
4323 0.2961148161934362 -0.3689645388225866 0
4324 -0.05920244248428189 0.219059729795155 0
4325 -0.1124002503049499 0.2270023716347677 0
4326 0.9445751886345086 0.3554940922162053 0
4327 0.2707224224032059 -0.01179453849365959 0
4328 -0.4415813282987702 -0.4975444003153695 0
4329 -0.4192821727847168 -0.4361890574349963 0
4330 -0.4198156339579368 0.239651340482794 0
4331 -0.4424890468117832 0.298524789316022 0
4332 1.16339342005572 -0.4279838079081735 0
4333 1.128553270719472 -0.4058856933112068 0
4334 1.080080527791168 -0.1046482653519105 0
4335 1.046664457927816 -0.1440409120021596 0
4336 0.1610445557015832 -0.6431580877827461 0
4337 0.1607771386426439 0.4425108951965953 0
4338 0.8056905991864064 0.3423441493935857 0
4339 -0.5644241783938873 -0.5989958353638932 0
4340 -0.5644234138557187 0.3990009054109852 0
4341 1.263757203540814 0.03468654533978862 0
4342 1.303064618167396 0.07070851881862725 0
4343 0.05079522874380745 -0.6273270777352518 0
4344 0.02801682925293093 -0.6715428053244217 0
4345 0.02801682925296667 0.4715428053244362 0
4346 0.04990313306525282 0.4300737629125 0
4347 0.7611579655530281 -0.2745871045145121 0
4348 1.074007674852756 -0.5665470893047515 0
4349 0.2685495051313201 0.2377038053510712 0
4350 0.3073558031193014 0.2319067238749342 0
4351 0.02424479315799841 -0.4670024967395746 0
4352 0.07756847430472961 -0.4556261214953198 0
4353 1.364447009801331 -0.6668070215816357 0
4354 1.411681933451449 -0.6827780621429197 0
4355 1.411681933451444 0.4827780621429296 0
4356 1.364697578336773 0.4665657709704377 0
4357 0.6516922162497796 -0.4973488957906382 0
4358 0.6950566322791398 -0.4892561463145034 0
4359 0.02708794366286407 0.2408057446995733 0
4360 0.01351491215569733 0.2096764535028405 0
4361 0.05594318010724942 0.2029046859142997 0
4362 1.006370979653445 0.1494794133456944 0
4363 0.9565351141067 0.1288805980011588 0
4364 -0.4562063758780653 -0.2342668841591657 0
4365 -0.4047751809115454 -0.2289666937955065 0
4366 -0.5104582516949184 -0.3388014177481025 0
4367 -0.3339444931948294 -0.5713631911469437 0
4368 -0.3322681242883682 0.3706607348113569 0
4369 1.001732632050343 -0.1122743963377869 0
4370 0.07585685058683557 -0.7655068496090318 0
4371 0.07941629872941888 -0.7151784719540215 0
4372 0.04522611480750544 -0.7496716223449897 0
4373 0.04522611480751863 0.549671622344998 0
4374 0.07941629872944597 0.51517847195403 0
4375 0.07585685058684948 0.5655068496090321 0
4376 0.3654501456554019 0.279349521350987 0
4377 1.343905900970761 -0.08403748409543599 0
4378 1.393490179679347 -0.08618634144517708 0
4379 1.420755027171698 -0.4442413874030262 0
4380 1.416744733801475 0.2410805697213052 0
4381 0.9130187905815572 -0.4588799571281165 0
4382 0.9410970556596986 -0.488055608403408 0
4383 1.133477918803155 -0.06602127751961182 0
4384 0.80538431464778 -0.5355395507046937 0
4385 0.8424529099736102 -0.5600899840788311 0
4386 0.8427092408999971 0.3618342391097541 0
4387 1.205328549535028 -0.4507497513860444 0
4388 -0.05841168482385581 -0.3019519557700131 0
4389 -0.06049588334468554 -0.3449356706086858 0
4390 -0.024414525423971 -0.3295480452485656 0
4391 -0.02524173170688597 -0.5439172975678024 0
4392 -0.004557220031691477 -0.5768114534334874 0
4393 1.488470071597493 -0.571695790714672 0
4394 1.490224051345788 0.3700070364359115 0
4395 1.564926634507854 -0.5892247533350765 0
4396 1.565177203043329 0.388983502723023 0
4397 0.9475231754830098 -0.5609427292210738 0
4398 1.096791297332341 -0.38803739043602 0
4399 1.056214650423069 -0.3700183156732408 0
4400 -0.3091519832334016 -0.1496884040837167 0
4401 1.105018978960795 0.1840564050755002 0
4402 0.7152370951450393 -0.032040414412678 0
4403 -0.2696942741481701 0.2022759216687418 0
4404 -0.2319848224486686 0.2270053148432017 0
4405 1.021299880656581 -0.3550379213639321 0
4406 1.067718845205775 -0.327342811281665 0
4407 1.556563227364314 -0.0665913999523238 0
4408 -0.198684118367066 -0.6039873586931657 0
4409 1.117994196347639 -0.5431008507544896 0
4410 1.11145852112107 0.3297956233013492 0
4411 -0.1391311262295336 0.1993445829478189 0
4412 -0.1807373074561733 0.1696660690868143 0
4413 -0.4677380607588698 -0.1836418628772862 0
4414 1.150765973484361 -0.239219017085235 0
4415 1.120026100995827 -0.2736465378356215 0
4416 -0.03354946627590485 0.0008923485093766288 0
4417 0.01322174588929669 0.01434009723648483 0
4418 1.393916221263148 -0.7573183038227774 0
4419 1.348082887929668 -0.7573183038227774 0
4420 1.348082887929658 0.5573183038227845 0
4421 1.393916221263138 0.5573183038227845 0
4422 -0.1986360308787487 0.4031773762855764 0
4423 -0.03655768773117892 -0.5058561422394934 0
4424 -0.2352125810862649 -0.7288520485425114 0
4425 -0.256250000000746 -0.7723759647423895 0
4426 -0.256250000000746 0.5723759647423832 0
4427 -0.2352137887404535 0.5288509722279245 0
4428 -0.1603957653339198 -0.2158729858407675 0
4429 -0.2112945387981817 -0.2471679947779262 0
4430 0.1818422087261992 0.05909494410245462 0
4431 0.135643659029704 0.06149386802093512 0
4432 0.1527427442702456 0.02758532396960221 0
4433 1.493953530977602 -0.07639883740756354 0
4434 1.333473776631616 -0.6920273920351838 0
4435 1.333473776631576 0.4920273920352055 0
4436 -0.4165171293555058 -0.716196966022616 0
4437 -0.442015733603159 -0.7588870527280873 0
4438 -0.4420157336031568 0.558887052728007 0
4439 -0.4165171293554933 0.5161969660225372 0
4440 1.256249999998905 -0.7696625499844154 0
4441 1.256249999998905 0.5696625499844301 0
4442 -0.5651250549718378 -0.3625000000010993 0
4443 0.009394122350354896 -0.05570457064170607 0
4444 0.0001431392547948454 -0.09314437027113871 0
4445 0.04256230276043049 -0.07676169798278218 0
4446 -0.5582581331687998 -0.0565578741633079 0
4447 0.6037732104612057 -0.626833556847693 0
4448 0.6041161164151503 -0.6807744633369468 0
4449 0.6095306334857071 0.4872877620472473 0
4450 0.6075029564283131 0.4338792460910847 0
4451 -0.3020833333339307 -0.7723759647423895 0
4452 -0.3224180624195236 -0.7296858780369181 0
4453 -0.3224180624195133 0.5296858780369132 0
4454 -0.3020833333339308 0.5723759647423832 0
4455 1.381865566821978 0.09108556158066183 0
4456 -0.4619701104544446 0.04307302983004833 0
4457 -0.5374963248705926 -0.09800735466943923 0
4458 -0.4957544580393924 -0.05456522883091439 0
4459 1.338363523718312 0.04313422988088235 0
4460 1.305992569436244 -0.003067809729227412 0
4461 -0.5695381020413519 0.5065716039846384 0
4462 -0.5695381020413519 0.5649049373181207 0
4463 -0.5695381020412769 -0.7649049373181684 0
4464 -0.5695381020412769 -0.7065716039849534 0
4465 1.562365029533304 0.5570526252778099 0
4466 1.562323268110722 -0.7570928337131024 0
4467 0.588230892747259 0.2774576727186439 0
4468 0.5686797371896396 0.3060755809925301 0
4469 1.30323824648172 -0.09170728880839743 0
4470 1.335788654842188 -0.1335159884953276 0
4471 0.6303809710409899 0.2853211753741702 0
4472 0.9708248274911748 0.006900718844959037 0
4473 0.5744562811497193 0.3542924405646975 0
4474 0.5391244247807809 0.3407089965722865 0
4475 -0.1241476094483692 -0.2512814285872604 0
4476 0.5910885728404744 0.3993127993854745 0
4477 0.6206438852493332 0.3646793838057181 0
4478 0.9963520601740107 0.1966814233465451 0
4479 -0.556864881603885 -0.1423430631332959 0
4480 0.3338534625475761 0.2084654994127409 0
4481 0.3190061126538961 0.1701049745659432 0
4482 0.3659693160656099 0.1787163157503165 0
4483 -0.3563504793254219 -0.6661153192722289 0
4484 -0.3224180624195236 -0.6937935259961079 0
4485 -0.3224180624195133 0.4937935259960985 0
4486 -0.3546693458992259 0.4654254354716091 0
4487 1.41433014989872 -0.7268574611129872 0
4488 1.414330149898724 0.5268574611129868 0
4489 -0.2791666666673384 -0.7088595774439688 0
4490 -0.2352125810862649 -0.6929596965017012 0
4491 -0.2352137887404535 0.4929586201871098 0
4492 -0.2791666666673384 0.5088595774439515 0
4493 -0.08031201472795207 -0.763918888272946 0
4494 -0.1261453480611206 -0.763918888272946 0
4495 -0.1261453480611146 0.5639188882729422 0
4496 -0.08031201472794611 0.5639188882729422 0
4497 -0.06116602863970273 -0.3850071994882378 0
4498 1.193002505483351 -0.5084463363972008 0
4499 1.198623486616303 0.3089833005584279 0
4500 1.200357909605916 0.2617464762369145 0
4501 -0.1856590621116416 -0.6347132948049163 0
4502 -0.2041034226159284 -0.6807128475988387 0
4503 -0.2040929103115848 0.4805090066037129 0
4504 -0.185679817423436 0.4344815867338215 0
4505 0.7973617762463492 0.2738382930754736 0
4506 -0.4943612064744777 -0.1403504178009024 0
4507 1.198182278685876 -0.2523645952271275 0
4508 0.9657872340051842 -0.3944921298653198 0
4509 0.9333450096328539 -0.4221736433213541 0
4510 -0.2441249338462829 -0.2652364064193274 0
4511 -0.471755460183198 -0.008275247252630125 0
4512 -0.5125340586334892 0.1419298481972392 0
4513 0.2403000192637599 -0.6722272021857493 0
4514 0.2403000192637619 0.4722272021857492 0
4515 0.8124668780035376 0.2079700529559557 0
4516 1.474432054849661 -0.3571851183456687 0
4517 1.44604082840145 -0.3048430287653776 0
4518 0.4760672865142913 -0.7630798739794853 0
4519 0.4302339531810758 -0.7630798739794853 0
4520 0.4302339531810759 0.5630798739794852 0
4521 0.4760672865142914 0.5630798739794852 0
4522 1.425618458278902 -0.1227305293473392 0
4523 1.44265232862702 -0.08307068701015011 0
4524 1.130128364113682 -0.7661630980043994 0
4525 1.130128364113676 0.5661630980043975 0
4526 0.01538050111384508 -0.7162953946655362 0
4527 0.01182105297126178 -0.7666237723205465 0
4528 0.011820851695579 0.5666235929347925 0
4529 0.01538029983817549 0.5162952152797904 0
4530 1.01171987882259 -0.005110302875197398 0
4531 -0.2135271441140127 0.1555497334033455 0
4532 -0.2658661870906673 0.1474983383344614 0
4533 0.3417088625525577 -0.2728156029358387 0
4534 0.3082699613831411 -0.249413721509996 0
4535 1.453076587386678 -0.1647144610341291 0
4536 0.6144813775966471 0.02538109064599021 0
4537 0.2051941810943214 -0.5921266151529949 0
4538 0.2041526246477709 0.3863422797142599 0
4539 -0.0340122803619174 -0.7666237723205465 0
4540 -0.06432429508843325 -0.7305426605934924 0
4541 -0.06432449636411006 0.5305424812077346 0
4542 -0.03401248163760019 0.5666235929347925 0
4543 0.5057441832171103 -0.4200392662414308 0
4544 0.5422019599750418 -0.3993152022187254 0
4545 0.1016750830506223 0.2047369182235896 0
4546 0.1404079366745274 0.2254739543305156 0
4547 0.5608630727822834 -0.6911444414796746 0
4548 0.5887909675425016 -0.7221202483701318 0
4549 0.5938296050281531 0.5247061580220733 0
4550 0.5620287074589836 0.4954771455305005 0
4551 0.546638947315377 -0.65972473440464 0
4552 0.5313137984427283 -0.7010705194378249 0
4553 0.531708675988626 0.5012731769340584 0
4554 0.5474097044461801 0.4638547809592323 0
4555 0.4788952193378709 -0.4523493761545507 0
4556 -0.3585137526142381 -0.138052881097271 0
4557 0.6648343905628216 0.2950444662202991 0
4558 0.6384650130804096 0.3293823158310701 0
4559 -0.2605139083380569 -0.3068388256429668 0
4560 0.5686022952866827 -0.7662451132564299 0
4561 0.56899717283258 0.5664477707526633 0
4562 0.702248752657485 0.3110427623399136 0
4563 0.802887358028697 -0.2544729045646821 0
4564 -0.3829649152444961 -0.1816407615060405 0
4565 1.465709616088279 -0.2542143926825323 0
4566 -0.4037408314801954 -0.6759173790501636 0
4567 -0.3944218526339084 -0.627412871733335 0
4568 -0.3927407192076671 0.4267229879326973 0
4569 -0.4037408314801294 0.4759173790501484 0
4570 0.3985857892261023 0.1383481248939709 0
4571 0.4039729616661505 -0.6248479941407117 0
4572 0.4058108971083945 0.4165659381361221 0
4573 0.4147332604611194 -0.6621485132143756 0
4574 0.4170361102664609 0.4538877981832653 0
4575 0.2517170182939708 0.1742928166711224 0
4576 0.2447784484277541 0.2070358765254564 0
4577 0.2096052075858627 0.1814745349682111 0
4578 1.437080595301655 -0.7695391572902099 0
4579 1.437080595301669 0.5695391572902022 0
4580 1.015286344377266 -0.2860504790992042 0
4581 1.003320911876286 -0.3231872625481719 0
4582 0.9392885452533007 0.1733992102613306 0
4583 0.9229931695829 0.1357423644784534 0
4584 -0.4878490669364124 -0.7588870527280873 0
4585 -0.4878490669364103 0.558887052728007 0
4586 -0.5640612751934428 0.1638061119430156 0
4587 0.7582144002345713 -0.02285155310990951 0
4588 0.7280823816889113 0.008977188195108751 0
4589 0.226437694423212 0.24488552364816 0
4590 0.741694689397146 0.04989984306003738 0
4591 0.8858550006492135 0.1483841161136278 0
4592 0.8323328527044871 -0.2271668955789273 0
4593 0.5550733802242895 -0.6142231352983828 0
4594 0.0687942170592129 -0.1102066544835475 0
4595 0.07804520015477295 -0.07276685485411483 0
4596 1.325166221262929 -0.7269808538071928 0
4597 1.302083333332384 -0.7696625499844154 0
4598 1.302083333332384 0.5696625499844301 0
4599 1.325166221262918 0.5269808538072146 0
4600 0.123134006868436 0.0001848562489578029 0
4601 0.5826583690305633 -0.5912580356995862 0
4602 0.8074744348897602 -0.1703099894186899 0
4603 0.7779431148049663 -0.1388213876667359 0
4604 0.6097867139053503 -0.5608498997114482 0
4605 1.482913928635134 -0.7695391572902099 0
4606 1.482913928635148 0.5695391572902022 0
4607 0.7839171769965166 0.0593502890599368 0
4608 -0.02364011442766704 0.2118085359173816 0
4609 0.00521512201671831 0.1739074771321081 0
4610 -0.2079875284370308 0.1940308829099731 0
4611 -0.1991949857908292 0.2411216505266705 0
4612 0.7791759872729919 -0.09433700219881486 0
4613 0.79712382879133 -0.7632840862433545 0
4614 0.7971460175485294 0.5633030583255119 0
4615 -0.2947830961439671 0.1698597127766988 0
4616 0.8132577349872243 0.02675441977001796 0
4617 1.241562043680966 0.2054853915456556 0
4618 1.289259140802669 0.1878951578819144 0
4619 0.9918167170935805 -0.3658627669397478 0
4620 0.9478082652248891 -0.3626414710495597 0
4621 0.5227689619532396 -0.7662451132564299 0
4622 0.4988362484706864 -0.7293249872359151 0
4623 0.4992311260165839 0.5295276447321485 0
4624 0.5231638394991371 0.5664477707526633 0
4625 0.48461212300378 -0.6979052801608805 0
4626 0.4846121230037803 0.4979052801608803 0
4627 0.2369503678595901 0.02435392129968094 0
4628 0.1682502961032372 0.1948287270793459 0
4629 0.1748242782909362 0.2448628220737148 0
4630 -0.3295827459111125 -0.3417297447462258 0
4631 -0.3265037451877532 0.1419274653294992 0
4632 0.9663681003620628 0.3147542691920233 0
4633 0.7693185605261719 -0.5050529905737565 0
4634 0.7725045413230809 -0.5434788557800145 0
4635 0.09737138879038754 -0.2838811672664368 0
4636 0.0549005173350466 -0.3006978950528933 0
4637 0.4190073503722442 0.1012072761107845 0
4638 1.319571920212879 0.1575091650822653 0
4639 -0.0008326858201493023 -0.4404273993513206 0
4640 -0.02247778377491442 -0.4750266917995922 0
4641 1.56895900057875 -0.4256036903365051 0
4642 1.567912760146037 -0.4769503500751109 0
4643 0.01761257011976911 -0.3172558521923912 0
4644 0.7352603052026075 -0.5485469455461935 0
4645 -0.5237047687080379 -0.7649049373181684 0
4646 -0.5237047687081129 0.5649049373181207 0
4647 1.516489934777242 -0.7570928337131024 0
4648 1.516531696199825 0.5570526252778099 0
4649 0.4101839976502981 -0.7363671293601022 0
4650 0.388283377799636 -0.7732872553806169 0
4651 0.3882833777996361 0.5732872553806168 0
4652 0.4101839976502983 0.536367129360102 0
4653 0.1147600537384398 0.1370590359438096 0
4654 0.08810205154345552 0.1736076270268569 0
4655 0.268684951760336 -0.2483313969959578 0
4656 0.2575998151222688 -0.2113011062543521 0
4657 0.4331592776176297 -0.444671041071236 0
4658 0.375457676058782 -0.7142541778346518 0
4659 0.4174082514402218 -0.7040467964335202 0
4660 0.417408251440222 0.50404679643352 0
4661 0.3754576760587821 0.5142541778346514 0
4662 0.3950561589380954 -0.4521822055714514 0
4663 0.3919478050836765 0.2559082968887937 0
4664 0.009695583583981399 -0.4024674821892706 0
4665 -0.03702699334893143 -0.4104916772492883 0
4666 1.474994636196744 -0.2028434502168291 0
4667 0.4372854048781442 -0.05869072306812902 0
4668 0.3959206401349159 -0.05105899727988434 0
4669 0.9409126532442739 0.2774996671389132 0
4670 0.9093622584475798 0.2487814974851235 0
4671 0.1751888659694538 0.162085667225012 0
4672 0.149288538986243 0.1342216737449671 0
4673 0.1906434504688685 0.1208674816338324 0
4674 0.3555576295147056 -0.4424974246227377 0
4675 0.8331917957696878 -0.1952569383840415 0
4676 0.838700221735212 -0.149751797645285 0
4677 1.047155763572226 0.005185020785750654 0
4678 1.096698227160132 0.0165096787439783 0
4679 0.7276799426096157 -0.4803212886187101 0
4680 0.8481186589826282 -0.6041996593009535 0
4681 0.8488291055697603 0.4061057457085006 0
4682 0.7511018203493709 -0.7721281882697083 0
4683 0.7519585900824672 0.5739535843102168 0
4684 0.1302146382378544 0.09584085035262999 0
4685 -0.2480575081970019 -0.660720376500296 0
4686 -0.2480457882384698 0.4605176118197399 0
4687 0.9014525630851959 -0.4279771477818941 0
4688 0.8221533244047108 -0.08461933907683325 0
4689 0.7883464508224183 -0.05415149259571466 0
4690 0.3543190065310153 0.2405180650593075 0
4691 0.2336413772238539 -0.6285932469128024 0
4692 0.1919695738830494 -0.666662403689271 0
4693 0.1917021568241121 0.4660152111031203 0
4694 0.2333739601649146 0.4279460543266517 0
4695 0.7038154768709969 -0.5219271533448706 0
4696 1.191436541527306 -0.5838884852694284 0
4697 1.187419963897143 -0.5452634298563254 0
4698 1.187228747807316 0.3448944341184544 0
4699 1.19613928029166 0.3840903378336519 0
4700 -0.005388232583312734 -0.6884949552999783 0
4701 -0.005388433858972971 0.4884947759142306 0
4702 1.56895900057875 -0.3672703570033299 0
4703 -0.03975732866437387 -0.7004720436398798 0
4704 -0.03976216926437569 0.5004677294840524 0
4705 -0.02712100052528802 -0.6557194542987652 0
4706 -0.02712563984958451 0.4557153195286981 0
4707 1.346566661271061 0.1186598505184067 0
4708 1.360638991411343 0.1708451429134685 0
4709 1.568441508927709 0.2773270682597128 0
4710 1.566365331683551 0.2236452183430868 0
4711 0.4494595820526356 -0.684261464739826 0
4712 0.4517624318579772 0.4760007497087158 0
4713 1.042477486284255 -0.03611934560755199 0
4714 -0.5644241783938873 -0.6573291686970792 0
4715 -0.5644234138557187 0.4573342387444746 0
4716 0.1011151737819008 0.06433123021977756 0
4717 0.02408437658861973 -0.02640630332598221 0
4718 -0.01833478691701592 -0.04278897561433874 0
4719 1.518982332893639 -0.3499110594406334 0
4720 1.388122027355748 0.2104596332031104 0
4721 0.2755474405561714 -0.28274868494885 0
4722 0.01552837159893938 -0.3602395670310639 0
4723 -0.09230082788986722 -0.2784689777258438 0
4724 0.0256084070546977 -0.6055662334390399 0
4725 0.01787382208933915 0.4117482816686687 0
4726 0.4629863083068108 -0.02165743378610469 0
4727 0.2851695736697968 0.1642118720059425 0
4728 0.3172854271878306 0.1344626883435182 0
4729 1.340798495623514 0.0777495837494586 0
4730 0.1220004668083385 -0.06791317337252359 0
4731 0.1417218905590185 -0.1031059056774401 0
4732 1.568441508927709 0.3356604015932095 0
4733 1.567912760146037 -0.5352836834082789 0
4734 0.9846872761788249 0.2339929506703118 0
4735 0.9749563689045181 0.2784151004846796 0
4736 0.3424500444664387 -0.7732872553806169 0
4737 0.3424500444664388 0.5732872553806168 0
4738 0.09879087218142057 -0.2438647552462709 0
4739 0.1146600707041086 -0.2074381995336503 0
4740 0.2499963328279053 0.1386505304486974 0
4741 0.09576855250955613 -0.03446821687175831 0
4742 1.155046736778709 -0.5147648979341242 0
4743 1.151071024293091 0.3145291612290458 0
4744 0.2702715524340739 -0.1812819165743348 0
4745 0.226463894969037 -0.1775865892715832 0
4746 0.1688677670256151 -0.1322331377416805 0
4747 0.1988522498337954 -0.1560168375374634 0
4748 0.131422990920152 -0.1353390434191205 0
4749 0.9721014282351723 -0.5166581648510783 0
4750 0.1861805125219904 -0.1860360272174807 0
4751 0.5613153523286991 0.4234923028500641 0
4752 0.5847081039516229 -0.4068294621618497 0
4753 0.3672431715938035 -0.3020888515215815 0
4754 0.2560197948827241 -0.3544023962854315 0
4755 -0.2299734059820899 -0.6177475914856827 0
4756 -0.2298811232649139 0.4167637877880978 0
4757 0.3406667592202223 -0.3131042580486311 0
4758 1.025103157924493 -0.07545873609802276 0
4759 1.060539042674129 -0.06516341243707471 0
4760 0.1212764159797692 -0.1725307900945084 0
4761 0.09413053951317252 -0.143403558030268 0
4762 1.09172534517253 -0.3025317043818724 0
4763 1.056810575406042 -0.2875513100725635 0
4764 1.097454856150931 -0.06530887486143974 0
4765 1.002254430339353 -0.6975199692260883 0
4766 1.002021737606496 0.4970740988191967 0
4767 1.13093437079556 -0.313438039044723 0
4768 -0.3597151277328501 -0.540060796612833 0
4769 -0.3728021350171556 -0.5863084174212898 0
4770 -0.3709672715122692 0.3856741201536784 0
4771 -0.3595661621738738 0.3401038106108774 0
4772 0.8011917373662902 -0.01313388998792791 0
4773 1.134395588359393 -0.3601715084661606 0
4774 0.6297036975418711 -0.5243466766073319 0
4775 1.229283321778923 -0.2719811499312069 0
4776 0.8635586395499387 -0.2066087038055224 0
4777 0.3348462332889348 -0.7327289168289906 0
4778 0.334846233288935 0.5327289168289902 0
4779 0.3715435273180717 0.1032149421203324 0
4780 1.162696344182691 -0.3312863419199098 0
4781 0.961165705781915 0.2038489711078028 0
4782 0.8504119041883333 0.2157883631803834 0
4783 0.8312785689236345 0.2485841863142497 0
4784 1.039292844344021 -0.2612393721994116 0
4785 1.190336169711904 -0.3041694272025517 0
4786 1.134007174277683 0.2084901061221404 0
4787 1.166621045836964 0.2375205519514846 0
4788 0.3348280764378665 0.1062456173890241 0
4789 0.07917874021487044 -0.004668825232633414 0
4790 0.0683161095155474 0.03607757532983361 0
4791 0.0409506551566675 0.001424502209117488 0
4792 0.3019637373413548 -0.3101018437848806 0
4793 1.204513192340802 0.2206490005193796 0
4794 -0.3982397028629612 -0.5153794341364779 0
4795 -0.3990062786534646 0.3163319364000522 0
4796 0.8686734069988686 0.1777176032803574 0
4797 0.8874850979189655 0.2183317366386514 0
4798 0.3009915374537673 0.1003525148290235 0
4799 0.2623787277185496 -0.3090195192708424 0
4800 1.113936433686115 -0.026536424604776 0
4801 0.927623761258115 0.2107107375850974 0
4802 1.032323259209818 -0.631381274823841 0
4803 1.031556556495699 0.4298483845065778 0
4804 -0.02291753153061606 -0.614987585953311 0
4805 -0.02570943763518391 0.4191249450339675 0
4806 1.035215921156559 -0.6748733230262958 0
4807 1.034996621055246 0.4744517575582179 0
4808 0.2215477727608616 0.05347873042420792 0
4809 0.20444868752032 0.08738727447554084 0
4810 0.2303490145035308 0.1152512679555857 0
4811 1.207825179912014 0.1812594672602258 0
4812 1.171745174223614 0.1580667076827968 0
4813 -0.08899376539457489 -0.4565134316663381 0
4814 -0.07169429804383343 -0.4229671166502877 0
4815 -0.06163516670932663 -0.4792810448512393 0
4816 -0.1030736693508394 -0.4873428821062392 0
4817 0.846131581941702 -0.1124024243399667 0
4818 1.141788133254962 0.1719893751873096 0
4819 -0.1724641098662454 0.2687794392136192 0
4820 -0.1344043577703786 0.3021548575995557 0
4821 0.1519525221110881 -0.1993736849225028 0
4822 -0.1484668158546077 0.2358050072803906 0
4823 0.8487818069185813 0.1458407426553598 0
4824 0.2595568466537109 0.05264625167276715 0
4825 1.533618711971037 0.3579772376501762 0
4826 1.532839394653891 -0.5578417700761575 0
4827 -0.1403840246009041 -0.5004848379405205 0
4828 0.2638015698793569 0.1051703232904058 0
4829 0.2813442191293928 0.0769532523359118 0
4830 -0.1698889591866458 -0.03970999005815771 0
4831 2.250270438476291 -0.05002755298604364 0
4832 2.944090037980748 -0.1000000000000001 0
4833 3.64565252205066 -0.1000000000000001 0
4834 2.015490719977057 -0.3899419233067529 0
4835 4.351085662313178 -0.1000000000000001 0
4836 1.95758316129642 0.193313039185897 0
4837 2.566534394641637 -0.3567518976495065 0
4838 5.054767269131487 -0.04696873057830807 0
4839 2.636971596703599 0.1504392489234781 0
4840 5.758581268509871 -0.1 0
4841 1.903130062074505 -0.1058555614154677 0
4842 3.249643831637166 -0.3555823842430218 0
4843 3.294871280015705 0.1689298525119657 0
4844 6.458693202779316 -0.1 0
4845 2.272343113552869 0.2803326785723926 0
4846 7.013000537287665 -0.1000000000000004 0
4847 2.901195565740464 -0.4537061133488611 0
4848 2.30071848747628 -0.5076522314489234 0
4849 3.971294786056297 0.1903127458166634 0
4850 3.978219647328292 -0.4058570185476906 0
4851 7.713224529738612 -0.09999999999999999 0
4852 2.966200649149612 0.246208759864557 0
4853 8.502966840624355 -0.09999999999999987 0
4854 1.843328158340474 -0.5831967609868334 0
4855 4.701676908845356 0.1640445863871715 0
4856 4.687634480774451 -0.3589720019005022 0
4857 1.839094483994611 0.39591455470846 0
4858 3.580245733116849 0.2918463352977785 0
4859 3.601484896929451 -0.4640447546772029 0
4860 9.313858833278953 -0.102073052234719 0
4861 2.504158246690915 -0.08635311311681952 0
4862 1.799970912255534 -0.2711189088933252 0
4863 1.781442310240535 0.07275416852857367 0
4864 5.387430520700839 -0.3562036662497379 0
4865 5.405424711943706 0.1719632298264312 0
4866 10.18273727821621 -0.09601928206981161 0
4867 2.206881514500035 -0.2807659526395903 0
4868 4.342639746294019 0.2490021480011577 0
4869 4.340471742237151 -0.4541292483115538 0
4870 2.072882966648962 0.3868549219974013 0
4871 2.090080174517023 -0.5936765856353096 0
4872 11.14544776371805 -0.09999999999999978 0
4873 3.222569503134455 -0.1000000000000002 0
4874 6.108637235644595 0.1640706685487838 0
4875 6.099478975555428 -0.3620929983705036 0
4876 2.48097503283146 0.3558168656591951 0
4877 2.693035847821304 -0.5623466066499455 0
4878 12.19573383591897 -0.1 0
4879 2.745219335512159 0.375601393396947 0
4880 2.053816242381106 0.01313891035414555 0
4881 2.407499762257945 0.1113157261895106 0
4882 2.733543782406615 -0.2046737306715017 0
4883 5.041562946740518 0.2505609855470164 0
4884 5.041562946740521 -0.4505609855470166 0
4885 6.848553968886901 -0.3486168303434529 0
4886 6.848553968886902 0.1486168303434529 0
4887 3.14182265941328 -0.5609468161350403 0
4888 13.33172325391037 -0.1000000000000001 0
4889 2.482886940077358 -0.5882600515925586 0
4890 1.77543128702894 0.2101071469607443 0
4891 3.901939918401017 -0.06839915434099453 0
4892 3.081451524011011 -0.2914021952972142 0
4893 3.161788301927759 0.3653722495408648 0
4894 2.807347203809694 0.08671061961734411 0
4895 1.748717960803148 -0.4341185686404846 0
4896 2.071036053467121 -0.1665854569867425 0
4897 5.775586519711302 -0.5000060957951539 0
4898 5.752346814761488 0.2571807768123422 0
4899 2.419162873071619 -0.2470534055999319 0
4900 14.56667330332074 -0.092409226041193 0
4901 7.523950789615263 0.1771047231229896 0
4902 7.523950789615263 -0.3771047231229893 0
4903 20.37159629084193 -0.09461622966858077 0
4904 1.757898618294105 -0.07099562247789656 0
4905 2.15257685443907 0.1835390005561354 0
4906 3.0833297705576 0.07030613621963509 0
4907 3.428247959710718 0.3651863079839434 0
4908 3.41712546181021 -0.546067458240416 0
4909 3.420626166722953 -0.02508734755391106 0
4910 15.79644175809358 -0.05487727970478899 0
4911 8.223503971763051 -0.4203708148192356 0
4912 8.223503971763048 0.2203708148192357 0
4913 3.851619326040638 -0.5715841418517431 0
4914 3.85490010734728 0.3596243296054997 0
4915 9.732120363704793 -0.3745010464534039 0
4916 9.730950465213091 0.1541547303419936 0
4917 2.227778513175356 0.4373683802721662 0
4918 1.946399297081648 -0.2306023399036059 0
4919 4.63752203675195 -0.1120367704531875 0
4920 6.457417749844804 -0.4998595346100881 0
4921 6.435266792523411 0.2399722773351884 0
4922 10.65212957528522 -0.3414624807202671 0
4923 3.527760081192378 -0.2553206197174221 0
4924 8.899528519915373 0.1664271551899943 0
4925 8.904728844826261 -0.3674477343969331 0
4926 1.737847811600195 -0.6603289926397649 0
4927 2.230335455391279 -0.6574699399576953 0
4928 11.6618255197283 -0.3264850073688054 0
4929 4.125204486999158 -0.5722740260555206 0
4930 4.14607587984106 0.3783469260387085 0
4931 17.33598733931245 -0.08540874475876004 0
4932 1.96094648040508 -0.6718051021082891 0
4933 1.946128809435417 0.4706240782349407 0
4934 3.782924356811996 0.07110664905246473 0
4935 3.784510169112567 -0.2749666605278823 0
4936 12.75583837640109 -0.3305725937958688 0
4937 2.900109856971011 0.4399491367981591 0
4938 2.738822798725445 -0.3750687484422895 0
4939 2.159434733879149 -0.4154203611549812 0
4940 13.83869682978333 0.1490067259960404 0
4941 10.65531612696264 0.1748186511145411 0
4942 5.333564860945107 -0.1000000000000016 0
4943 1.731581593955031 0.467473995942856 0
4944 7.164270970338871 0.2307979860527742 0
4945 7.164270970338869 -0.430797986052774 0
4946 2.914354885660567 -0.6289972870225197 0
4947 18.11498362877601 -0.1000000000000001 0
4948 15.1997354115698 -0.2986640930034577 0
4949 4.141243229766881 -0.03325366346919538 0
4950 16.58471073838198 -0.09004767074392483 0
4951 4.569254806373979 -0.558475055872217 0
4952 4.559304314361106 0.3623746045773574 0
4953 2.658664054123453 0.008699433981035636 0
4954 1.928603356785237 0.04685606886996316 0
4955 18.87539410521708 -0.0876891118402213 0
4956 1.956667829229845 -0.5085843882220213 0
4957 2.917603713626552 -0.2590257777349468 0
4958 1.875268928406972 -0.3757738632514452 0
4959 4.209568268112811 -0.2870976982903053 0
4960 2.433786833285666 -0.4193572038827363 0
4961 1.954429962145539 0.3311561222858821 0
4962 1.717439675579353 -0.5420945987095038 0
4963 4.830202936884019 -0.5700124812187967 0
4964 4.830202936884018 0.3700124812187949 0
4965 1.707444761688532 -0.1725744995335275 0
4966 7.855842473005612 0.2444593758093371 0
4967 7.855842473005611 -0.4444593758093373 0
4968 4.482585375472306 -0.2892656542454359 0
4969 4.488449164433352 0.08134072642571379 0
4970 11.66465299313521 0.1820826061672595 0
4971 2.270091808997547 0.107851243168182 0
4972 1.724912314912387 0.3081185048033622 0
4973 2.377842234060891 0.4651082790226865 0
4974 6.04535619556101 -0.1124238179359019 0
4975 2.363845661806635 -0.115982456811939 0
4976 3.457321446695118 0.1806151812202764 0
4977 4.836866676437289 -0.02149450210141704 0
4978 8.554817980192064 0.2558826728877772 0
4979 8.554817980192068 -0.4558826728877767 0
4980 2.760531004961197 0.2241889986784855 0
4981 2.390177746843129 0.235295899278392 0
4982 9.293048701428498 -0.481662046281716 0
4983 9.290325929546137 0.2791485608033604 0
4984 2.620492576823964 0.4389863730397302 0
4985 5.255743379009404 0.3605587124226789 0
4986 5.255743379009409 -0.5605587124226796 0
4987 3.684531968361572 -0.6308743315672762 0
4988 3.687672151089068 0.4291600244210314 0
4989 19.63596013760995 -0.05197877425201965 0
4990 2.093751854145173 -0.2770233506941352 0
4991 3.279507279028917 -0.6499263697913038 0
4992 1.664701652353753 0.07455083370461979 0
4993 4.897353264983005 -0.2628263498620808 0
4994 12.75746849436056 0.1889539120783627 0
4995 2.363367480004035 -0.6706764445998354 0
4996 2.584500196785092 -0.2129942889181407 0
4997 3.319155353649398 0.4588690184117591 0
4998 5.205822694586182 0.1039654375456587 0
4999 5.181553728310887 -0.2857329386813894 0
5000 6.000434425703284 0.3454946351263069 0
5001 6.002781333180057 -0.5523025765937283 0
5002 1.7054546452961 -0.3305063750354101 0
5003 2.056867063891104 0.2547398093063674 0
5004 1.857430310150628 0.1626618016780014 0
5005 10.17439924356663 0.2888895713664857 0
5006 10.17439924356663 -0.4888895713664857 0
5007 2.599424776824765 -0.6682673250568896 0
5008 3.34479148689741 -0.2186839417245035 0
5009 6.73216158012689 -0.1000000000000025 0
5010 5.542028473726632 0.3646186647577495 0
5011 5.542028473726625 -0.5646186647577502 0
5012 20.6243826770054 -0.5069873907507731 0
5013 20.62438267700541 0.3096792759158864 0
5014 2.623843434548853 0.2864713877723097 0
5015 2.514779239044971 0.05774927113915171 0
5016 3.170947266702274 0.2011306332482881 0
5017 1.846039602593555 -0.690559096286269 0
5018 4.363000019620344 0.4379447357234447 0
5019 4.360382238643163 -0.6369756660478583 0
5020 2.088859316838382 0.5031833617382194 0
5021 5.546073064727486 -0.01067501868798569 0
5022 1.822372206902844 -0.15808278580487 0
5023 2.299078170914333 -0.3564989555441127 0
5024 2.175021133163591 -0.1735544981699121 0
5025 2.804673974628856 -0.06800519706677806 0
5026 3.612419217844224 0.09586164196048069 0
5027 2.57764383245024 -0.4916315408115034 0
5028 4.184334788423457 0.1659603587772486 0
5029 1.832441153448584 0.5000116440955286 0
5030 2.750892703526705 -0.6683345673690393 0
5031 1.854409812343645 0.2750005026807617 0
5032 5.605594502555961 -0.2732207191586409 0
5033 13.87728017525591 -0.3918668257070363 0
5034 3.059960031790011 -0.4516022805073159 0
5035 11.14544776371805 -0.4954952974750148 0
5036 11.14544776371805 0.2954952974750149 0
5037 2.090659182574203 -0.7088908044801316 0
5038 6.235063542740855 0.3844124477948563 0
5039 6.236974184539442 -0.5706747767768546 0
5040 3.083329770557601 -0.1455850801161525 0
5041 6.670425670967892 -0.5782818382923025 0
5042 6.67300485570391 0.3688396767726719 0
5043 3.049802897174203 0.4544912786687955 0
5044 1.673869027064484 0.1916666666655947 0
5045 2.159858096394502 0.3096436066568266 0
5046 5.922449937045895 0.1023436342558924 0
5047 5.890551689165415 -0.2940272953821741 0
5048 7.35044476448909 -0.09999999999999999 0
5049 2.947572511256209 0.0392260047688921 0
5050 3.401318958849579 -0.3913382147663584 0
5051 2.127685104954391 -0.06483255279757225 0
5052 2.00545021769427 -0.08032768378150604 0
5053 2.185006608297136 -0.5309285618891333 0
5054 2.157258921778261 0.04762447279318491 0
5055 1.832841178049137 -0.01628908778547554 0
5056 6.932454348171951 0.3841103787657856 0
5057 6.932454348171951 -0.5841103787657836 0
5058 4.039848345729295 -0.2055947647258316 0
5059 3.224512434342684 0.0436617337813598 0
5060 3.05128035583386 -0.6691691197728437 0
5061 12.19573383591897 -0.5032230629280082 0
5062 12.19573383591897 0.3032230629280075 0
5063 2.070501854564661 -0.4808161006236011 0
5064 1.668196924463748 -0.04166666666834296 0
5065 2.289186883644956 -0.2037922878079051 0
5066 2.740886919470139 0.5020687424675894 0
5067 6.245952776705225 -0.0179568348947776 0
5068 2.051117600095199 0.1232018835109489 0
5069 3.262578254388004 -0.5002929483382671 0
5070 3.201437377801418 -0.2310375304105217 0
5071 3.297690305523358 0.3065033546344197 0
5072 2.374436110535192 0.004878309971470991 0
5073 1.836408595946488 -0.478248951727007 0
5074 2.822092761708077 -0.5503961854848817 0
5075 15.20146663831862 0.1802830689582782 0
5076 3.496460546424143 -0.6950112158584032 0
5077 3.496460546424143 0.4950112158584054 0
5078 2.361866925861241 0.3517239227608072 0
5079 7.375251018558147 -0.5826598895468408 0
5080 7.375251018558151 0.3826598895468419 0
5081 2.522475726599917 0.4919823035443224 0
5082 8.06248070998338 -0.09999999999999998 0
5083 1.666514105149784 -0.7416666666667852 0
5084 1.666419963623823 0.5406345877547244 0
5085 6.305614353776905 -0.2774802085335134 0
5086 2.843015211648495 0.3214870721845371 0
5087 4.893015347607734 0.1432309640946516 0
5088 3.986185073521076 0.4485857449922568 0
5089 3.986185073521076 -0.6485857449922572 0
5090 2.50904113537166 0.1995147331603395 0
5091 4.314838956638404 0.0673797220812591 0
5092 13.33172325391037 0.3122634560192347 0
5093 13.33172325391037 -0.5122634560192348 0
5094 8.051323430967198 -0.6162315622109454 0
5095 8.051323430967196 0.4162315622109452 0
5096 2.657108050926986 -0.1126653791584409 0
5097 7.632331977092729 0.3855703958068613 0
5098 7.632331977092726 -0.5855703958068605 0
5099 6.629536080004086 0.1114857568902621 0
5100 6.58355860307978 -0.3065103339203431 0
5101 3.781865353622679 -0.4493900594736142 0
5102 3.774493982807586 0.2313868685848093 0
5103 1.666449288408751 0.01644208351813842 0
5104 1.724819617352142 0.01554375093011535 0
5105 1.723071981297144 0.07365250111659673 0
5106 2.391802713776819 -0.547956141520741 0
5107 2.458336886681512 -0.5038086277376475 0
5108 2.367252660380973 -0.4635047176658298 0
5109 5.133653319060908 -0.6802793562113398 0
5110 5.148653162874965 -0.5055598489848481 0
5111 5.026563102926465 -0.6252804927735083 0
5112 5.026563102926463 0.4252804927735082 0
5113 5.148653162874961 0.3055598489848477 0
5114 5.133653319060906 0.4802793562113394 0
5115 3.692997533021009 -0.3695057076025425 0
5116 3.656135125152472 -0.2651436401226522 0
5117 3.564622489060914 -0.3596826871973124 0
5118 3.586706301621519 -0.1776603098587111 0
5119 3.715081345581614 -0.1874833302639412 0
5120 1.668923905800098 -0.6718311629866675 0
5121 1.668923905800098 -0.6134978296534814 0
5122 4.051712067163725 -0.4890655223016056 0
5123 4.167386377555985 -0.4296858621729129 0
5124 4.093893957720551 -0.346477358418998 0
5125 3.46235425306743 0.4300987619211744 0
5126 3.504246846413784 0.328516321640861 0
5127 3.538353139770496 0.393428775578092 0
5128 3.548972721676797 -0.579527985267803 0
5129 3.50930517936983 -0.5050561064588095 0
5130 3.456793004117176 -0.6205393370494097 0
5131 2.332042983740158 -0.5891643380243794 0
5132 2.423127210040697 -0.6294682480961971 0
5133 3.533139344386806 -0.06254367377695556 0
5134 3.474193123957665 -0.1402039836356666 0
5135 1.665790796977515 0.4170703313044561 0
5136 1.665790796977515 0.4754036646379456 0
5137 1.713047771378926 -0.05633114457311976 0
5138 1.76967046426732 0.0008792730253385506 0
5139 5.814196031035918 -0.6500030478975769 0
5140 5.658807496718964 -0.532312380276452 0
5141 5.69741700804358 -0.6823093323788751 0
5142 5.697417008043583 0.4823093323788747 0
5143 5.64718764424406 0.3108997207850458 0
5144 5.802576178561011 0.4285903884061711 0
5145 1.65272732264805 -0.2735865208517966 0
5146 1.706449703492316 -0.2515404372844688 0
5147 1.653722380844266 -0.1946205831008553 0
5148 8.703847842725308 -0.2337238671984665 0
5149 8.902128682370817 -0.1005102896034694 0
5150 8.701247680269864 0.03321357759499724 0
5151 4.93588294181227 -0.5102867333829066 0
5152 4.920883097998214 -0.6850062406093984 0
5153 4.920883097998214 0.4850062406093975 0
5154 4.935882941812268 0.3102867333829057 0
5155 5.551676418603613 -0.6823093323788751 0
5156 5.551676418603616 0.4823093323788747 0
5157 3.592066348756605 0.4620856201397184 0
5158 3.633958942102959 0.3605031798594049 0
5159 3.643008432645511 -0.5474595431222395 0
5160 3.590496257392857 -0.6629427737128397 0
5161 6.930777253087284 0.0243084151717262 0
5162 6.790357774506896 0.02430841517172519 0
5163 6.872581058707278 -0.1000000000000015 0
5164 6.790357774506896 -0.2243084151717277 0
5165 6.930777253087284 -0.2243084151717267 0
5166 2.271217461275208 0.1940919608702873 0
5167 2.330134777920338 0.171573571223287 0
5168 2.331260430197998 0.2578142889253923 0
5169 1.778436798634738 0.141430657744659 0
5170 1.724650157046712 0.2008869068131695 0
5171 1.72765566865251 0.1322104175970842 0
5172 2.982817620747213 -0.6490832033976817 0
5173 3.055620193811936 -0.5603857001400798 0
5174 2.987157458725289 -0.5402997837649177 0
5175 1.669285339709119 0.1331087501851073 0
5176 1.924764679578076 -0.1682289506595368 0
5177 1.975924757387959 -0.155465011842556 0
5178 1.954290139884387 -0.09309162259848686 0
5179 1.81199344460506 -0.4049462159459649 0
5180 1.790361786851536 -0.3531401191434277 0
5181 1.727086303049624 -0.3823124718379474 0
5182 4.275020005174981 -0.3706134733009295 0
5183 4.232838114618154 -0.5132016371835372 0
5184 1.674358980401574 -0.4420592843206733 0
5185 1.65272732264805 -0.3902531875181361 0
5186 1.837619920331253 -0.3234463860723852 0
5187 1.752712778775817 -0.3008126419643677 0
5188 1.658719837789676 -0.4960472993551829 0
5189 1.73307881819125 -0.4881065836749943 0
5190 3.165547677824089 -0.323492289770118 0
5191 3.07070577790051 -0.371502237902265 0
5192 3.154801931713588 -0.4035923323751688 0
5193 2.907775225700515 -0.5413517001856905 0
5194 2.980577798765237 -0.4526541969280885 0
5195 5.048165107936002 0.1017961274843542 0
5196 5.130294981858834 0.02849835348367531 0
5197 5.12369282066335 0.1772632115463376 0
5198 3.063994475538685 0.3057905047027109 0
5199 3.105795599550981 0.4099317641048301 0
5200 3.008001773161908 0.3503500192666762 0
5201 4.973891308369611 0.04813111675817175 0
5202 4.967289147174126 0.196895974820834 0
5203 1.662456157456194 0.3373925857347093 0
5204 1.728246954433709 0.3877962503731091 0
5205 20.68579814542096 0.01935855183177297 0
5206 20.68579814542096 -0.2139747815015463 0
5207 1.727643743589774 -0.6012117956746343 0
5208 1.658719837789676 -0.5543806326883509 0
5209 9.106693676597164 0.03217705147763769 0
5210 9.109293839052608 -0.234760393315826 0
5211 16.76893933521523 -0.4450238353719624 0
5212 16.4097302363882 -0.4450238353719624 0
5213 14.40387356724685 0.2537953869794035 0
5214 14.72320914871652 0.2537953869794035 0
5215 14.72320914871652 -0.4462046130205966 0
5216 14.40387356724685 -0.4462046130205965 0
5217 2.652678596683541 -0.365910323045898 0
5218 2.661661497755269 -0.2940315186802151 0
5219 2.575517295713365 -0.2848730932838236 0
5220 3.382708826810181 -0.1218856446392073 0
5221 3.436275784044894 -0.2370022807209628 0
5222 2.398838754550537 0.1733058127339513 0
5223 2.338795785627746 0.1095834846788463 0
5224 2.038243135580696 -0.1234565703841243 0
5225 2.008717675274385 -0.1985938984451742 0
5226 1.65272732264805 -0.3319198541849609 0
5227 3.773796220225838 -0.08419957717049729 0
5228 3.842432137606507 0.001353747355735097 0
5229 3.714288439431328 -0.01444667547376767 0
5230 3.843225043756792 -0.1716829074344384 0
5231 3.100891345601646 -0.5062745483211781 0
5232 3.09655150762357 -0.615057967953942 0
5233 4.792493872878728 -0.3108991758812915 0
5234 4.767437650867477 -0.1874315601576342 0
5235 4.6625782587632 -0.2355043861768449 0
5236 2.659021989595854 -0.2088340097948212 0
5237 2.73618329056603 -0.2898712395568956 0
5238 7.088635753813268 0.06539899302638688 0
5239 7.006412469612886 0.1897074081981135 0
5240 7.006412469612885 -0.3897074081981134 0
5241 7.088635753813267 -0.2653989930263872 0
5242 3.161269143089007 -0.4759476144227915 0
5243 3.256111043012585 -0.4279376662906444 0
5244 9.522989598491872 -0.2382870493440614 0
5245 9.731535414458943 -0.1101731580557052 0
5246 9.522404649246022 0.02604083905363733 0
5247 16.19057624823778 -0.07246247522435692 0
5248 16.015595746244 -0.4274386398523946 0
5249 9.956843871714648 0.02906772413609102 0
5250 9.957428820960498 -0.2352601642616078 0
5251 8.982803737220758 -0.5837238671984666 0
5252 8.775369435495676 -0.5837238671984666 0
5253 8.772769273040232 0.3832135775949972 0
5254 8.980203574765314 0.3832135775949972 0
5255 2.974956377072608 0.4472202077334773 0
5256 2.933155253060312 0.343078948331358 0
5257 2.482629887951616 -0.6941300257962792 0
5258 2.422870157914955 -0.7353382222999177 0
5259 1.915968378818409 -0.4421791257367332 0
5260 1.85583876217673 -0.4270114074892261 0
5261 1.896538212588167 -0.4934166699745142 0
5262 2.647817825413526 0.07956934145225687 0
5263 2.733005628966573 0.04770502679918987 0
5264 2.722159400256646 0.1185749342704111 0
5265 1.636934513532242 0.2208333333323287 0
5266 1.699390670988435 0.2498925857344785 0
5267 1.662456157456194 0.2790592524012125 0
5268 3.877109571434147 0.1307096974345641 0
5269 3.936617352228657 0.06095679573783444 0
5270 4.867109970710147 -0.1421604259817489 0
5271 4.737194356594619 -0.06676563627730227 0
5272 5.475748888335596 0.08064410556922277 0
5273 5.649209939744487 0.1232528790621783 0
5274 5.578885763352597 0.2145720033193867 0
5275 3.914919486684465 -0.4887205801997169 0
5276 3.918902199780857 -0.6100849434220001 0
5277 3.982202360424684 -0.5272213817699739 0
5278 3.978739929788687 0.3194492454044601 0
5279 3.920542590434178 0.4041050372988783 0
5280 3.913097446701789 0.2749685377110815 0
5281 2.825573748016583 -0.2318497542032242 0
5282 2.861138844127704 -0.1635154874008624 0
5283 2.769108878517736 -0.1363394638691399 0
5284 2.26552697143378 -0.5825610857033093 0
5285 2.296851467697657 -0.6640731922787654 0
5286 3.068573957925943 0.2236696965564225 0
5287 3.166367784315017 0.2832514413945764 0
5288 2.540898806325319 -0.7341336625284448 0
5289 2.541155858451061 -0.6282636883247241 0
5290 7.25735786741398 -0.265398993026387 0
5291 7.181722650888378 -0.1000000000000002 0
5292 7.25735786741398 0.06539899302638712 0
5293 14.03988533047815 0.3745033629980202 0
5294 14.20268506655204 0.02829874997742371 0
5295 5.268398687065848 0.4802793562113394 0
5296 5.398885926368019 0.3625886885902142 0
5297 5.411541234424462 0.4823093323788747 0
5298 5.411541234424458 -0.6823093323788751 0
5299 5.398885926368017 -0.5625886885902149 0
5300 5.268398687065851 -0.6802793562113398 0
5301 1.907506735723524 0.1779874204319492 0
5302 1.893016833467932 0.1047589352739823 0
5303 1.943093259040828 0.1200845540279301 0
5304 2.715929323273374 -0.4687076775461175 0
5305 2.658233315587843 -0.4333501446268965 0
5306 2.635339840135772 -0.5269890737307245 0
5307 1.945379824192015 -0.382857893279099 0
5308 1.986079274603451 -0.4492631557643871 0
5309 5.75546404163568 0.07859038840617107 0
5310 5.652327166618679 -0.05533750934399286 0
5311 4.055694780260117 -0.6104298855238889 0
5312 4.058685332948679 0.284329835927686 0
5313 4.066130476681068 0.4134663355154826 0
5314 3.912179257420931 -0.240280712626857 0
5315 3.970894132065156 -0.1369969595334131 0
5316 4.021591574083949 -0.05082640890509495 0
5317 4.056269007911589 0.07852954117373402 0
5318 4.655870934133832 0.4811873022886787 0
5319 4.694753625622562 0.3661935428980762 0
5320 4.791320245395287 0.4850062406093975 0
5321 4.791320245395288 -0.6850062406093984 0
5322 4.699728871628999 -0.5642437685455068 0
5323 4.660846180140268 -0.6792375279361085 0
5324 1.653722380844266 -0.1362872497676801 0
5325 1.68782084307614 -0.1071205831009352 0
5326 1.634098462231874 -0.07083333333508784 0
5327 17.14457763568047 -0.44270437237938 0
5328 16.96034903884721 -0.08772820775134244 0
5329 2.783939104385445 0.1554498091479148 0
5330 2.698751300832398 0.1873141238009818 0
5331 2.863365827055405 0.2351988792715212 0
5332 2.886773926479653 0.1664596897409505 0
5333 4.531291267285992 0.4811873022886787 0
5334 4.536266513292428 -0.6792375279361085 0
5335 7.437197777052177 -0.2385523615614946 0
5336 7.344110879977066 -0.4039513545878816 0
5337 7.344110879977067 0.2039513545878819 0
5338 7.437197777052177 0.03855236156149479 0
5339 10.41743342675071 -0.2187408813950394 0
5340 10.65372285112393 -0.08332191480286305 0
5341 10.41902670258942 0.03939968452236475 0
5342 4.009033996528794 -0.3057258916367611 0
5343 3.88136490822043 -0.3404118395377864 0
5344 2.212459983995969 0.231935839564264 0
5345 2.211334331718309 0.1456951218621587 0
5346 5.473726592835169 0.2682909472920904 0
5347 9.611646221917489 0.3770773651709968 0
5348 9.836007164011288 0.3770773651709968 0
5349 8.729773412509164 -0.4116652036423549 0
5350 8.600414003178578 -0.6279413364438884 0
5351 8.600414003178578 0.4279413364438885 0
5352 8.727173250053719 0.2111549140388858 0
5353 10.90038194534035 0.03740932555727064 0
5354 10.89878866950163 -0.2207312403601335 0
5355 2.874382006304802 -0.08400259853338907 0
5356 2.93084687580365 -0.1795128888674734 0
5357 15.67020238080219 0.2725613601476055 0
5358 16.015595746244 0.2725613601476055 0
5359 15.67020238080219 -0.4274386398523946 0
5360 2.877459857532951 0.0629683121931181 0
5361 2.95688658020291 0.1427173823167245 0
5362 14.22197673928833 -0.2421380258741147 0
5363 14.05917700321443 -0.5959334128535182 0
5364 2.196339003842473 0.5186841901360831 0
5365 2.27415109721237 0.5186841901360831 0
5366 2.461660559881267 -0.1667032593583757 0
5367 2.501831534928356 -0.2300238472590363 0
5368 2.544329221738004 -0.1496737010174801 0
5369 2.572089113545938 -0.424191719230505 0
5370 15.03974020284105 -0.5493320465017288 0
5371 14.88320435744527 -0.1955366595223254 0
5372 4.089708003859082 0.4891734630193543 0
5373 4.204888908617859 0.4891734630193543 0
5374 4.194453212196907 -0.6861370130277603 0
5375 4.079272307438131 -0.6861370130277603 0
5376 7.618587659676938 0.03855236156149479 0
5377 7.531834647113851 -0.09999999999999999 0
5378 7.618587659676938 -0.2385523615614946 0
5379 2.492848633856628 -0.3019026516247192 0
5380 5.840515602777883 0.001171817127946187 0
5381 5.837398375903692 0.1797622055341173 0
5382 3.12347689702672 0.5272456393343977 0
5383 3.179469599403498 0.4826861247704324 0
5384 2.530265386263799 -0.539945796202031 0
5385 2.505715332867953 -0.4554943723471199 0
5386 8.40095794217722 -0.6279413364438884 0
5387 8.38916097597756 -0.4381267438535061 0
5388 8.235300937962712 -0.6101854074096178 0
5389 8.235300937962709 0.4101854074096178 0
5390 8.389160975977557 0.2381267438535065 0
5391 8.400957942177218 0.4279413364438885 0
5392 2.509468742867943 -0.01430192098883391 0
5393 2.444607674790082 0.03131379055531135 0
5394 2.439297178613054 -0.04073740157267427 0
5395 9.83659211325714 -0.587250523226702 0
5396 9.612231171163341 -0.587250523226702 0
5397 3.013709904269175 -0.1227925400580763 0
5398 3.083329770557601 -0.0376394719482587 0
5399 3.013709904269174 -0.01484693189018248 0
5400 2.988781872708281 -0.3553140291211313 0
5401 2.909399639683508 -0.3563659455419039 0
5402 3.225540604719292 -0.2933099573267718 0
5403 3.141444450906214 -0.2612198628538679 0
5404 1.988103667464768 -0.7359025510541446 0
5405 1.916162013430293 -0.7359025510541446 0
5406 4.454863274305565 -0.5063021520918854 0
5407 4.525920090923142 -0.4238703550588264 0
5408 4.411528558854728 -0.3716974512784949 0
5409 4.415544455363685 0.1651714372134357 0
5410 4.523876739397229 0.2218576655015356 0
5411 4.450972030327563 0.3056883762892575 0
5412 3.015451140906904 0.0547660704942636 0
5413 3.024765209853606 0.158257448042096 0
5414 2.426474853178642 -0.3332053047413341 0
5415 2.500160613963651 -0.3880545507661214 0
5416 2.945831274618478 -0.03038699761555397 0
5417 1.750171800970663 0.2591128258820533 0
5418 10.77260089625773 -0.5707312403601336 0
5419 10.5299320998045 -0.5707312403601336 0
5420 1.989860478440218 0.08502897619045602 0
5421 2.00435038069581 0.1582574613484229 0
5422 1.819436310195582 0.1177079851032875 0
5423 1.816430798589784 0.1863844743193729 0
5424 14.88406997081968 0.04393692145854261 0
5425 15.04060581621546 0.3901415344791391 0
5426 11.40363664172318 -0.2132425036844026 0
5427 11.66323925643175 -0.07220120060077301 0
5428 11.40505037842663 0.04104130308362985 0
5429 3.240471827788578 0.4121206339763119 0
5430 3.258153125264316 0.5294345092058795 0
5431 3.238329087954076 -0.7249631848956519 0
5432 3.165393817431388 -0.6595477447820737 0
5433 3.124215626356547 -0.7345845598864218 0
5434 11.93019341452709 0.0410413030836297 0
5435 11.92877967782363 -0.2132425036844027 0
5436 15.49808858483169 -0.1767706863541234 0
5437 15.3718492075403 -0.5493320465017288 0
5438 4.254537949730702 0.4081458308810766 0
5439 4.313350978507501 0.5189723678617224 0
5440 4.312042088018909 -0.7184878330239292 0
5441 4.24279336282116 -0.6046248460516894 0
5442 19.88094727739482 -0.4259893871260099 0
5443 19.46072343996541 -0.4259893871260098 0
5444 2.999527618818781 -0.2752139865160805 0
5445 4.346076821792558 -0.2881816762678706 0
5446 4.280326965212994 -0.1935488491451527 0
5447 4.416835518892742 -0.194632827122718 0
5448 3.000466742092076 -0.2023054289255496 0
5449 2.434001954248775 -0.1011677849643793 0
5450 2.391504267439127 -0.1815179312059355 0
5451 2.49500808410156 0.2776657994097673 0
5452 2.566442284960256 0.2429930604663246 0
5453 2.552409233690156 0.3211441267157524 0
5454 1.795369898171621 -0.04364235513168605 0
5455 1.807141744144836 0.02823254037154906 0
5456 3.152949636846028 -0.01484693189018255 0
5457 3.152949636846028 -0.1227925400580764 0
5458 4.758918708829235 -0.4644922415596494 0
5459 4.863778100933512 -0.4164194155404387 0
5460 3.283680495015933 -0.1593419708622519 0
5461 3.321597834928704 -0.06254367377695563 0
5462 1.91083411274431 -0.3031881015775255 0
5463 1.873185104668591 -0.2508606243984656 0
5464 4.585109928123378 -0.324118828072969 0
5465 4.628444643574214 -0.4587235288863596 0
5466 4.630490611603231 0.2632095954822644 0
5467 4.595063036639354 0.1226926564064426 0
5468 17.90765324183307 -0.4500000000000001 0
5469 17.72548548404423 -0.09270437237938005 0
5470 17.5181550971013 -0.44270437237938 0
5471 17.5181550971013 0.25729562762062 0
5472 17.90765324183307 0.25 0
5473 1.732671689991318 -0.121785061005712 0
5474 9.391333954084013 0.4395742804016802 0
5475 9.510638197379613 0.216651645572677 0
5476 7.784533501372112 0.07222968790466856 0
5477 7.689896631310438 0.2107820494661634 0
5478 7.689896631310437 -0.4107820494661633 0
5479 7.784533501372112 -0.2722296879046686 0
5480 16.4097302363882 0.2549761646280376 0
5481 1.789533906446563 -0.7452795481431345 0
5482 1.791943707096875 -0.675444044463017 0
5483 1.735438010949883 -0.7301644963198825 0
5484 3.082390647284305 -0.2184936377066833 0
5485 2.75756430476469 -0.5563713960674136 0
5486 2.780457780216761 -0.4627324669635856 0
5487 1.855022833512886 0.05980511869926841 0
5488 17.14457763568047 0.25729562762062 0
5489 2.828213256175999 -0.3170472630886181 0
5490 3.202200456900642 -0.5306198822366537 0
5491 2.275429568320332 -0.7287349699788477 0
5492 2.197617474950434 -0.7287349699788477 0
5493 11.79229498262011 -0.5632425036844028 0
5494 11.52982441496708 -0.5632425036844028 0
5495 3.210664969221098 -0.605436592963172 0
5496 5.927793437770295 -0.6761512882968641 0
5497 5.889183926445679 -0.5261543361944411 0
5498 5.876390620232386 0.3013377059693245 0
5499 5.926619984031909 0.4727473175631535 0
5500 9.302092381412546 0.08853775428432073 0
5501 15.37271482091472 0.3901415344791391 0
5502 15.4989541982061 0.06270289462674461 0
5503 3.322569300532819 0.009287193113724373 0
5504 3.22354096873857 -0.02816913310932019 0
5505 1.790135412598474 -0.1145392041413833 0
5506 1.82760669247599 -0.08718593679517275 0
5507 1.884385751992246 -0.1943425628542379 0
5508 1.811171559579189 -0.2146008473490976 0
5509 2.435576389837294 0.2955563824687936 0
5510 2.449609441107394 0.2174053162193658 0
5511 3.442784703202918 0.2729007446021099 0
5512 3.518783589905984 0.2362307582590275 0
5513 2.369140886170913 -0.05555207342023399 0
5514 3.259691857179194 0.1062957931466627 0
5515 3.357748723369329 0.0719212524790273 0
5516 4.969458105861763 -0.3566936677045487 0
5517 13.04459587413546 0.04447695603918131 0
5518 12.75665343538083 -0.07080934085875307 0
5519 13.04378081515573 -0.2152862968979344 0
5520 2.082393953806148 -0.2218044038404388 0
5521 2.134386493654382 -0.2252889244320236 0
5522 2.123028593315357 -0.1700699775783273 0
5523 12.47578610616003 -0.2152862968979344 0
5524 12.47660116513976 0.04447695603918134 0
5525 5.4965125116284 -0.3147121927041894 0
5526 5.469579681750535 -0.1866103595793213 0
5527 5.360497690822973 -0.2281018331248697 0
5528 10.41485768526463 0.2318541112405134 0
5529 10.17856826089142 0.09643514464833702 0
5530 4.864941012022511 0.06086823099661726 0
5531 4.945816972784388 -0.03423161633986255 0
5532 7.959161591494495 -0.2722296879046686 0
5533 7.887852619860996 -0.09999999999999998 0
5534 7.959161591494496 0.07222968790466855 0
5535 1.896762223070075 0.363535338497171 0
5536 1.950279385790478 0.4008901002604114 0
5537 1.892611646715014 0.4332693164717003 0
5538 4.24616444604003 -0.06662683173459771 0
5539 4.175405748939847 -0.1601756808797503 0
5540 1.908753177945462 0.5353120391174704 0
5541 1.980694831979937 0.5353120391174704 0
5542 9.953259803635714 -0.4316953089099448 0
5543 10.17856826089142 -0.2924544267181486 0
5544 1.814920549686292 0.242553824820753 0
5545 1.789661063628016 0.291559503742062 0
5546 1.753707836972033 -0.2218467042134263 0
5547 4.350426990440157 -0.545552457179706 0
5548 4.352819882957181 0.3434734418623012 0
5549 4.244357813067539 0.3136745370199331 0
5550 9.303453767353727 -0.2918675492582175 0
5551 9.512584532566645 -0.42808154636756 0
5552 16.76893933521523 0.2549761646280376 0
5553 12.89615896851123 -0.5652862968979344 0
5554 12.61227080136356 -0.5652862968979344 0
5555 1.902137319372777 -0.6275009315475613 0
5556 1.958807154817463 -0.5901947451651552 0
5557 1.89999799378516 -0.5458905746044274 0
5558 2.862930926329566 0.5199745683990795 0
5559 2.953960068198138 0.5199745683990795 0
5560 5.575833783641723 -0.1419478689233133 0
5561 5.439818962836297 -0.05533750934399363 0
5562 10.41326440942592 -0.4151760260433764 0
5563 18.29617380207425 0.25 0
5564 18.29617380207425 -0.4500000000000001 0
5565 3.362969132617038 0.3358448313091815 0
5566 3.377505876109238 0.2435592679273481 0
5567 2.009505888042189 0.428739500116171 0
5568 2.01365646439725 0.3590055221416417 0
5569 1.862751134488674 -0.1319691736101688 0
5570 3.376096363355411 0.1747725168661211 0
5571 3.296280792769531 0.2377166035731927 0
5572 8.03967322238433 0.2324150953142864 0
5573 8.142992340873214 0.06018540740961786 0
5574 8.142992340873215 -0.2601854074096178 0
5575 8.03967322238433 -0.4324150953142865 0
5576 3.127138518629938 0.1357183847339616 0
5577 1.980945008529353 -0.3102721316051794 0
5578 2.502424281212895 0.5459911517721612 0
5579 2.586585840028657 0.5459911517721612 0
5580 11.40505037842663 0.2387889518211372 0
5581 11.14544776371805 0.09774764873750758 0
5582 9.392695340025194 -0.640831023140858 0
5583 2.190951323831813 -0.2271602254047512 0
5584 2.150316684322604 -0.2788946516668627 0
5585 10.53152537564321 0.3874093255572705 0
5586 10.77419417209644 0.3874093255572705 0
5587 1.858708574524531 -0.7452795481431345 0
5588 4.494303849532564 -0.1060183852265938 0
5589 4.562985600592651 -0.01534802201373686 0
5590 4.419767413373265 -0.009329636787143145 0
5591 4.560053706112128 -0.2006512123493117 0
5592 10.29106693394521 -0.6444447856832429 0
5593 13.85798850251962 -0.1214300498554979 0
5594 1.867985620061821 -0.06107232460047161 0
5595 1.782003399453499 0.3520165297559111 0
5596 1.846752148169128 0.3354575286946109 0
5597 3.749755270479334 0.5145800122105157 0
5598 3.771286129218174 0.3943921770132656 0
5599 3.833369248608441 0.4798121648027498 0
5600 3.831728857955119 -0.6857920709258716 0
5601 3.768075647201105 -0.6012292367095097 0
5602 3.748185179115587 -0.7154371657836381 0
5603 2.020075575613411 -0.2538128452988705 0
5604 18.49518886699654 -0.09384455592011068 0
5605 18.67637904029478 0.2561554440798893 0
5606 18.67637904029478 -0.4438445559201107 0
5607 13.60450171458314 -0.2459334128535182 0
5608 13.58521004184685 0.02450336299802018 0
5609 2.302810373618123 0.4512383296474264 0
5610 2.349182957655138 0.5325541395113432 0
5611 2.961082582542916 -0.7144986435112599 0
5612 2.870053440674345 -0.7144986435112599 0
5613 2.150330739912159 0.4121116511347838 0
5614 2.158318915006869 0.4702758710051929 0
5615 2.080871141743672 0.4450191418678104 0
5616 8.282723775303868 -0.09999999999999992 0
5617 8.363235406193702 -0.2601854074096177 0
5618 8.363235406193702 0.06018540740961792 0
5619 10.90038194534034 0.235156974294778 0
5620 13.73283188849135 0.3745033629980202 0
5621 3.501401927889515 -0.4276914847217806 0
5622 3.409222210329895 -0.4687028365033872 0
5623 2.820009182232955 -0.4143874308955753 0
5624 12.47660116513977 0.2460884875031851 0
5625 12.19573383591897 0.1016115314640037 0
5626 3.438973806709035 0.07776391683318268 0
5627 4.765939922864687 0.2670285338029832 0
5628 20.24876535401081 -0.4473081148342904 0
5629 20.00377821422594 -0.07329750196030022 0
5630 6.17729500617491 0.07305691682700312 0
5631 6.340609784614318 0.1110077212202054 0
5632 6.271952014084003 0.2020214729419861 0
5633 2.090369678545613 -0.6512836950577205 0
5634 2.160497318982741 -0.6831803722189135 0
5635 2.160207814954151 -0.6255732627965025 0
5636 3.153921102450142 0.05698393500049745 0
5637 2.571484151711941 0.4654843382920263 0
5638 2.63559426514068 0.5194931865198651 0
5639 10.05773155318806 -0.6444447856832429 0
5640 2.087462726928103 -0.402681142230867 0
5641 2.126593294012161 -0.3462218559245582 0
5642 2.054621287061115 -0.3334826370004441 0
5643 9.952674854389862 0.2215221508542397 0
5644 10.05773155318806 0.4444447856832429 0
5645 8.137413701365125 -0.5183011885150905 0
5646 8.149210667564784 -0.7081157811054728 0
5647 8.149210667564784 0.5081157811054726 0
5648 8.137413701365123 0.3183011885150905 0
5649 2.390967936396569 0.05809701808049079 0
5650 2.461139500651458 0.08453249866433116 0
5651 1.903493041499318 -0.681182099197279 0
5652 13.33172325391037 -0.3061317280096174 0
5653 13.60450171458314 -0.4520651408631356 0
5654 11.14544776371805 -0.2977476487375073 0
5655 11.40363664172317 -0.4109901524219101 0
5656 10.89878866950163 -0.418478889097641 0
5657 15.20060102494421 -0.05919051202258974 0
5658 19.08044042376898 -0.4438445559201107 0
5659 19.08044042376898 0.2561554440798893 0
5660 2.126879405673986 0.5515916808691097 0
5661 11.93019341452709 0.2426528345476335 0
5662 4.669599472798653 0.02600390796699198 0
5663 2.127779338541896 -0.7544454022400658 0
5664 3.899011731695339 0.5242928724961284 0
5665 3.899011731695339 -0.7242928724961286 0
5666 2.430107534943382 0.5325541395113432 0
5667 2.116370531521732 0.348249264327114 0
5668 2.193818304784929 0.3735059934644964 0
5669 11.27163553696196 -0.6477476487375073 0
5670 2.216100604973685 0.2949881426146096 0
5671 2.156217475416786 0.246591303606481 0
5672 2.0174940631369 0.4869037199865801 0
5673 6.446979997651363 0.06998613866759416 0
5674 6.352322989742271 -0.05897841744738883 0
5675 6.464314879368725 -0.6499297673050441 0
5676 6.347195967192123 -0.5352671556934714 0
5677 6.354093096716044 -0.6853373883884273 0
5678 6.353137775816751 0.4922062238974282 0
5679 6.335165167632133 0.3121923625650224 0
5680 6.453239400708028 0.4199861386675942 0
5681 11.01925999047415 -0.6477476487375073 0
5682 2.023374001873434 -0.5511304869286655 0
5683 2.025513327461051 -0.6327408438717994 0
5684 8.528892410408211 -0.2779413364438883 0
5685 8.52889241040821 0.07794133644388865 0
5686 1.732304902127301 0.5337369979714279 0
5687 1.782011373701807 0.4837428200191923 0
5688 1.782734681874077 0.5500058220477643 0
5689 13.33172325391037 0.1061317280096173 0
5690 13.04459587413546 0.2506086840487987 0
5691 12.19573383591897 -0.3016115314640042 0
5692 12.47578610616003 -0.4168978283619386 0
5693 3.232909273358989 0.1850302428801269 0
5694 3.197729850522479 0.1223961835148239 0
5695 2.822664596241585 0.407775265097553 0
5696 2.820498388220575 0.4710089396328742 0
5697 2.743053127491149 0.4388350679322682 0
5698 1.77692413576292 -0.5101717752182554 0
5699 1.792563278374818 -0.4561837601837458 0
5700 2.861644163724271 -0.5020511494168713 0
5701 1.780383916959913 -0.5626456798481686 0
5702 1.790587984970335 -0.6217628768132991 0
5703 2.183158124189592 -0.3480931568972857 0
5704 11.92877967782363 -0.4148540351484068 0
5705 20.49798948392367 -0.300801810209677 0
5706 20.8121913385027 -0.4201603620426424 0
5707 20.8121913385027 0.2215063046240066 0
5708 20.49798948392367 0.1075315231236528 0
5709 4.090545787748088 -0.1194242140975135 0
5710 4.124708306921053 -0.2463462315080684 0
5711 3.880042500475485 -0.4276235390106524 0
5712 3.816742339831658 -0.5104871006626787 0
5713 3.814697045077433 0.2955055990951545 0
5714 3.872894384431942 0.2108498072007364 0
5715 12.3322185311225 -0.6516115314640041 0
5716 3.629035869947442 -0.002069179019759684 0
5717 3.516522692283588 0.03538714720328481 0
5718 2.783319457579131 0.5510343712337946 0
5719 4.769271792641323 0.07127504214287722 0
5720 13.58521004184685 0.2306350910076375 0
5721 10.29106693394521 0.4444447856832429 0
5722 2.250060813364112 0.3588505294222794 0
5723 12.05924914071544 -0.6516115314640041 0
5724 1.851909349952045 0.5500058220477643 0
5725 1.839868377143481 -0.5307228563569202 0
5726 2.052060085681419 0.5515916808691097 0
5727 9.094927224730755 0.2227878579966774 0
5728 9.175602279580696 0.4395742804016802 0
5729 9.176963665521876 -0.640831023140858 0
5730 9.09888877312738 -0.4245548903393246 0
5731 1.844683880467015 -0.6368779286365511 0
5732 13.47934510055487 0.4561317280096173 0
5733 4.077814787239877 0.178136552296956 0
5734 4.165205334132258 0.2721536424079786 0
5735 1.785338038974821 0.431694275325658 0
5736 2.832623794593636 -0.6486659271957795 0
5737 2.788322349607413 -0.7341672836845197 0
5738 2.625060365141081 -0.7341336625284448 0
5739 19.25567712141351 -0.06983394304612048 0
5740 3.325481395243373 -0.3734602995046901 0
5741 3.373055222873495 -0.3050110782454309 0
5742 3.297217659267288 -0.2871331629837627 0
5743 13.04378081515573 -0.4214180249075519 0
5744 2.317105019707054 0.3160283006665999 0
5745 2.294822719518298 0.3945461515164867 0
5746 6.171850389192725 0.2742415581718201 0
5747 3.464539520020979 -0.3233294172418902 0
5748 3.234318786112816 0.2538169939413539 0
5749 2.904607930399053 0.283847916024547 0
5750 2.801773108304846 0.2728380354315113 0
5751 3.445262844094794 -0.7475056079292016 0
5752 3.38798391272653 -0.6724687928248535 0
5753 3.336786210397181 -0.7249631848956519 0
5754 1.633257052574892 -0.7125000000001775 0
5755 1.70218095837499 -0.7009978296532751 0
5756 13.18410140726586 -0.6561317280096175 0
5757 3.643264051085955 0.5145800122105157 0
5758 3.641693959722208 -0.7154371657836381 0
5759 6.544114641391701 0.005742878445131036 0
5760 6.532401436263749 0.1757290171127253 0
5761 2.269728661060624 -0.1269099203969744 0
5762 2.326516272725796 -0.1598873723099221 0
5763 2.307058050141463 -0.08300500489899131 0
5764 3.677369857962217 0.2616166019412939 0
5765 3.596332475480537 0.1938539886291296 0
5766 3.693456600325905 0.163624255272645 0
5767 11.53123815167053 0.3910413030836297 0
5768 11.79370871932356 0.3910413030836297 0
5769 11.01925999047415 0.4477476487375074 0
5770 2.34194558062671 -0.7353382222999177 0
5771 19.46072343996541 0.2740106128739901 0
5772 19.88094727739482 0.2740106128739902 0
5773 2.354174878358287 -0.2254228467039185 0
5774 2.294132527279645 -0.2801456216760089 0
5775 2.359120521992976 -0.3017761805720223 0
5776 2.212645785819941 -0.1117910255779779 0
5777 2.232104008404274 -0.1886733929889086 0
5778 6.570818839930268 -0.6891409191461513 0
5779 6.563921710406348 -0.5390706864511954 0
5780 6.55413582411366 0.3044059770539301 0
5781 6.572108432298278 0.484419838386336 0
5782 4.009762600699091 0.5242928724961284 0
5783 4.009762600699091 -0.7242928724961286 0
5784 6.196460075941285 -0.6853373883884273 0
5785 6.195504755041992 0.4922062238974282 0
5786 2.052466921238152 0.06817039693254721 0
5787 1.991209799583171 0.02999748961205436 0
5788 2.05296001854933 -0.7544454022400658 0
5789 2.025802831489641 -0.6903479532942104 0
5790 3.778709169809791 0.151246758818637 0
5791 3.783187761367623 -0.3621783600007482 0
5792 3.69767178732811 0.08348414550647271 0
5793 3.348316370419564 -0.5979969140158599 0
5794 5.111558337525704 -0.368146962114203 0
5795 5.039453496646946 -0.2742796442717351 0
5796 4.976060267057246 -0.1548975402201944 0
5797 5.118160498721187 -0.1663508346298488 0
5798 4.263487267358737 0.2074812533892031 0
5799 5.218648553660148 -0.4231458255520345 0
5800 5.230783036797793 0.2322620749841688 0
5801 2.207671031844208 -0.5941992509234143 0
5802 2.13754339140708 -0.5623025737622214 0
5803 1.889284981442001 0.4853178611652346 0
5804 1.835767818721597 0.4479630994019943 0
5805 3.028806588299735 0.5272456393343977 0
5806 2.242862547886708 -0.5192903966690283 0
5807 3.029545317629563 -0.7345845598864218 0
5808 2.229256452396741 -0.3859596583495469 0
5809 2.252979842707184 -0.3186324540918515 0
5810 2.366432502099999 -0.3879280797134245 0
5811 3.229739303725559 0.3359378020876422 0
5812 2.299898329195307 -0.432075593496518 0
5813 2.230076610677715 -0.4615362963019523 0
5814 5.284492124505864 -0.3209683024655636 0
5815 5.321586949855124 -0.4583811893362087 0
5816 5.330584045476555 0.266260971124555 0
5817 5.305623703264944 0.137964333686045 0
5818 2.588534304637503 -0.5799494329341965 0
5819 6.079363650261593 -0.6761512882968641 0
5820 6.078190196523207 0.4727473175631535 0
5821 11.27163553696196 0.4477476487375074 0
5822 2.630407515626226 0.2184553183478939 0
5823 2.573006366037629 0.1749769910419088 0
5824 3.731083066948327 0.3302734465029203 0
5825 3.733198660992125 -0.5401321955204452 0
5826 3.691675125276065 -0.4567174070754085 0
5827 6.202546664666166 -0.3197866034520085 0
5828 6.175485274668958 -0.1949520132347076 0
5829 6.072417585558219 -0.2372584081532028 0
5830 20.24876535401081 0.2526918851657096 0
5831 1.956006561720979 0.2622345807358896 0
5832 1.904419887244592 0.3030783124833219 0
5833 1.905996486820032 0.2341567709333294 0
5834 2.868223823684322 -0.5896967362537007 0
5835 2.786492732617391 -0.6093653764269604 0
5836 5.194166065038297 -0.07348436528915482 0
5837 5.269693777765644 0.001982718772828559 0
5838 5.257559294627997 -0.1928664693406955 0
5839 5.464729497213732 -0.4604111655037441 0
5840 1.699771157724678 -0.7708333333333925 0
5841 2.248034199072495 -0.2422791202237477 0
5842 5.573811488141294 -0.4189196919581956 0
5843 12.05924914071545 0.4516115314640037 0
5844 6.275783565241065 -0.1477185217141455 0
5845 6.145654486133118 -0.06519032641533973 0
5846 2.646230312323034 -0.6153069658534176 0
5847 2.042996287270859 -0.435379011965177 0
5848 2.114968294221905 -0.4481182308892911 0
5849 1.699000778789427 0.5040542918487902 0
5850 1.633209981811911 0.5119839605438798 0
5851 12.61308586034329 0.3944769560391813 0
5852 12.89697402749096 0.3944769560391813 0
5853 1.967026787239753 -0.01673580745577144 0
5854 1.915866709429871 -0.02949974627275225 0
5855 2.731669014376155 -0.02965288154287121 0
5856 2.806010589219275 0.009352711275283018 0
5857 1.633257052574892 -0.7708333333333925 0
5858 1.633209981811911 0.5703172938773622 0
5859 1.699724086961697 0.5703172938773622 0
5860 5.369494786444406 0.03598161491321482 0
5861 1.632350826176877 0.04560875018488331 0
5862 1.632350826176877 0.1039420835183733 0
5863 2.575875417874285 0.1040942600313149 0
5864 2.586721646584212 0.03322435256009367 0
5865 2.65788605252522 -0.05198297258870262 0
5866 2.730891012777921 -0.09033528811260946 0
5867 2.794117273580327 0.348544232790742 0
5868 2.871562534309753 0.3807181044913481 0
5869 2.692187219755025 0.2553301932253976 0
5870 3.356610247707422 0.5294345092058795 0
5871 6.734757181669318 -0.6891409191461513 0
5872 6.736046774037328 0.484419838386336 0
5873 5.946666511172736 -0.4231649359879512 0
5874 5.833069104438358 -0.397016695588664 0
5875 5.96144218137459 0.2239191346910996 0
5876 5.690590511133632 -0.3866134074768974 0
5877 7.269760994448508 -0.5067289377998074 0
5878 7.449600904086705 -0.479882306334915 0
5879 7.449600904086707 0.2798823063349157 0
5880 7.269760994448511 0.306728937799808 0
5881 2.450158980330404 0.4785452912835044 0
5882 2.369854579961066 0.4084161008917468 0
5883 20.8121913385027 -0.6534936953753866 0
5884 20.8121913385027 0.4548396379579432 0
5885 2.684531385030506 0.3310363905846283 0
5886 2.752875170236678 0.2998951960377162 0
5887 2.581411150407184 -0.03882683956789194 0
5888 12.3322185311225 0.4516115314640037 0
5889 7.152175709509211 0.4153989930263871 0
5890 7.257665733618851 0.491329944773421 0
5891 7.257665733618849 -0.6913299447734205 0
5892 7.15217570950921 -0.615398993026387 0
5893 7.036267398425752 0.4920551893828928 0
5894 7.04836265925541 0.3074541824092799 0
5895 7.04836265925541 -0.5074541824092789 0
5896 7.036267398425752 -0.6920551893828919 0
5897 4.464818522508571 -0.5977253609600377 0
5898 4.461152166990725 0.400159670150401 0
5899 1.764908484295688 -0.1653286426691987 0
5900 2.029633230037688 -0.03359438671368024 0
5901 2.101847227267135 0.1533704420335422 0
5902 2.104188260936731 0.08541317815206689 0
5903 2.154917888108666 0.1155817366746602 0
5904 6.865771520271348 -0.6920551893828919 0
5905 6.865771520271348 0.4920551893828928 0
5906 5.995015332360421 -0.3280601468763389 0
5907 6.051130154367742 -0.4571977874821159 0
5908 6.05453583067394 0.2547826518375453 0
5909 6.015543586345245 0.1332071514023381 0
5910 4.43313911991561 0.5189723678617224 0
5911 4.43183022942702 -0.7184878330239292 0
5912 7.434981445468203 -0.6913299447734205 0
5913 7.434981445468205 0.491329944773421 0
5914 3.534870332269671 0.1382384115903786 0
5915 4.162789009095169 0.0663533476540266 0
5916 13.18410140726586 0.4561317280096173 0
5917 6.890504158529426 0.2663636045546193 0
5918 6.890504158529426 -0.4663636045546183 0
5919 3.40780795003677 0.4769401171350822 0
5920 3.445262844094794 0.5475056079292027 0
5921 2.695325916666801 -0.1586695549149713 0
5922 3.373701656680058 0.4120276631978512 0
5923 3.331948606618791 -0.4458155815523128 0
5924 3.339851858099107 -0.5231802032893416 0
5925 2.007225112593762 0.2240264242461322 0
5926 2.005648513018321 0.2929479657961247 0
5927 2.700794328492051 -0.7341672836845197 0
5928 1.855920061247136 0.2188311521793815 0
5929 13.75212356122764 -0.5959334128535182 0
5930 2.053992331993152 0.1889708464086581 0
5931 2.172220671088143 -0.4731744615220572 0
5932 7.747930264892259 -0.6927851979034303 0
5933 7.563521924735493 -0.6927851979034303 0
5934 7.563521924735494 0.4927851979034307 0
5935 7.747930264892261 0.4927851979034307 0
5936 1.880722267417187 0.01528349054224381 0
5937 13.47934510055487 -0.6561317280096175 0
5938 1.636934513532242 0.1624999999988607 0
5939 2.876123242942533 -0.01438959614894297 0
5940 2.213675365387904 0.07773785798068344 0
5941 2.105537582079684 0.03038169157366523 0
5942 1.634098462231874 -0.01250000000159807 0
5943 4.332962309475791 -0.01631013895937047 0
5944 4.228041093202643 0.01706302930603186 0
5945 2.580633148808951 -0.09950924613763019 0
5946 2.064875015270033 0.3207973656518843 0
5947 2.695791436463768 0.5510343712337946 0
5948 7.957425991829496 -0.7081157811054728 0
5949 7.957425991829495 0.5081157811054726 0
5950 6.168226580047435 -0.4663838875736791 0
5951 6.271294269158174 -0.424077492655184 0
5952 3.547658248753493 -0.7475056079292016 0
5953 3.547658248753493 0.5475056079292027 0
5954 6.11774898422207 0.3649535414605816 0
5955 6.119877758859749 -0.5614886766852915 0
5956 2.104721959165087 0.2191394049312514 0
5957 2.622168005686408 0.3627288804060199 0
5958 2.550733804827712 0.3974016193494626 0
5959 5.748073095860688 -0.2836240072704075 0
5960 5.682087885532916 -0.1866103595793205 0
5961 5.824566478837642 -0.1970136476910871 0
5962 6.381516051810855 -0.3886698715718008 0
5963 4.797346128226545 0.1536377752409115 0
5964 4.861609142245876 0.2566217226567232 0
5965 7.953582951986403 0.3303454690101412 0
5966 7.953582951986404 -0.5303454690101413 0
5967 2.108362580142803 0.282191707981597 0
5968 2.080291014540842 -0.5372463431294554 0
5969 2.013584841897253 -0.4947002444228112 0
5970 2.312353274505742 -0.02257462150728632 0
5971 2.32226395976637 0.05636477656982649 0
5972 2.26018112373692 0.02891184509106917 0
5973 7.859685512848702 -0.6222296879046687 0
5974 7.744087225049169 -0.515014885808099 0
5975 7.744087225049171 0.3150148858080992 0
5976 7.859685512848703 0.4222296879046685 0
5977 2.682855956168061 0.4072938832183386 0
5978 2.721964275674004 -0.6153405870094923 0
5979 4.328739351466211 0.1581909350412084 0
5980 4.401644060535878 0.07436022425348644 0
5981 6.626992137023835 -0.4423960861063228 0
5982 6.520488176462292 -0.4031849342652156 0
5983 6.651270467853998 0.240162716831467 0
5984 2.203764680127276 -0.001201540096429365 0
5985 5.967953942363213 -0.203225556659038 0
5986 5.90196873203544 -0.1062119089679509 0
5987 5.983903066303453 -0.005040091840004715 0
5988 7.578141383353994 -0.4813375594649249 0
5989 7.578141383353996 0.2813375594649254 0
5990 6.760779412295406 0.2587282535580624 0
5991 6.739045024445494 0.1300512936168575 0
5992 6.71605628598334 -0.327563582131898 0
5993 6.759489819927397 -0.4634493343178777 0
5994 3.27104276670846 -0.5751096590647855 0
5995 20.37515854709255 0.4548396379579432 0
5996 20.37515854709255 -0.6534936953753866 0
5997 2.675158740175735 -0.6683009462129644 0
5998 6.076996715602803 0.02582342530644098 0
5999 2.429408633446175 0.4104625723409407 0
6000 2.42142097934635 0.3537703942100011 0
6001 2.127754231430898 -0.5058723312563672 0
6002 2.680689748147051 0.4705275577536598 0
6003 4.24958687253093 0.1166700404292538 0
6004 2.511910187208315 0.1286320021497456 0
6005 2.376022336352185 0.2935099110195996 0
6006 2.501725379715689 0.4238995846017587 0
6007 3.308422829586378 0.3826861865230894 0
6008 2.06656766132433 -0.07258011828953914 0
6009 2.090750673667748 -0.02584682122171335 0
6010 2.099360579210756 -0.1157090048921574 0
6011 3.273114432349415 -0.2248607360675126 0
6012 6.444586478428342 -0.2919952712269283 0
6013 6.382153778278111 -0.1887401042667567 0
6014 6.521125902929548 -0.2032551669601716 0
6015 2.458270448814802 0.155415229674925 0
6016 3.14238357417951 -0.1883113052633371 0
6017 2.151353119058991 -0.1191935254837422 0
6018 3.212003440467937 -0.165518765205261 0
6019 6.80272960193793 0.3764750277692288 0
6020 6.801440009569921 -0.5811961085290431 0
6021 2.620804123856039 -0.1628298340382908 0
6022 2.188977771715341 -0.05743005289180794 0
6023 2.142472013366326 -0.008604040002193669 0
6024 6.595427391453104 -0.1000000000000013 0
6025 6.680848830065488 0.005742878445129815 0
6026 6.657860091603335 -0.2032551669601728 0
6027 7.503791497825437 -0.5841151426768507 0
6028 7.50379149782544 0.3841151426768516 0
6029 -3.328514650808292 3.37769794402272 0
6030 -2.21242983614101 2.22396360083702 0
6031 -4.430054021943865 2.303846227828051 0
6032 -2.217926517382254 4.368090481418842 0
6033 -4.527349383322266 4.125752195295234 0
6034 -1.652859316542126 3.414807778570442 0
6035 -3.334557325978981 1.772845908465608 0
6036 -3.398853550329692 4.490835375763599 0
6037 -1.454503713190612 1.433233874567643 0
6038 -5.021761409524952 3.236277018670917 0
6039 -5.165249431248863 1.757724005716881 0
6040 -1.368123681970989 2.325504715079911 0
6041 -1.634763284880193 5.107161717804141 0
6042 -2.370947187337543 1.404574901557291 0
6043 -2.510666460845187 2.944192072901642 0
6044 -4.137237472797665 3.171286214243816 0
6045 -2.731117635000059 5.156983860436066 0
6046 -4.168357185169034 5.046635043514291 0
6047 -1.436803406328973 4.025363450869423 0
6048 -5.105513808295073 4.917406909022716 0
6049 -4.224249494128123 1.420903136637573 0
6050 -2.57797632653402 3.82584718721671 0
6051 -5.255212795788966 2.586778062062054 0
6052 -3.601536100481436 2.554089392548095 0
6053 -3.843057428286707 3.760286527452307 0
6054 -2.817266007604473 2.297896839609107 0
6055 -5.225676106288938 3.916251943906923 0
6056 -5.524522161144232 1.350488487171326 0
6057 -1.161087487514207 2.872156934386856 0
6058 -1.138207120073785 1.141842746217677 0
6059 -2.973383312626463 1.193391961957765 0
6060 -3.423983835123591 5.223244728019104 0
6061 -4.886585445188957 1.204260389570696 0
6062 -2.13909509750443 5.364679895837653 0
6063 -1.92266727120907 2.705964585485733 0
6064 -1.072300074312155 1.812034667199954 0
6065 -3.923018025292318 2.075956900164836 0
6066 -1.861640833894127 1.083529564735878 0
6067 -3.183095774901121 3.890268050723247 0
6068 -2.778314727666241 4.331525153816882 0
6069 -1.976358634118779 3.93292361320283 0
6070 -3.608176796790276 1.261865598480095 0
6071 -5.498185631621878 0.9611151631154206 0
6072 -1.065391223363614 3.582165564752803 0
6073 -1.331906690377756 5.554214066062804 0
6074 -2.799846576696515 1.776352745924413 0
6075 -4.523843867081371 3.540446104936442 0
6076 -4.026859381598682 4.467931029426201 0
6077 -1.202812203192988 4.595514288075845 0
6078 -5.570785326803876 3.030578981427361 0
6079 -3.063974593403015 2.784595376428303 0
6080 -1.747529319525936 1.985306581829458 0
6081 -4.647715441432307 5.383381943870514 0
6082 -4.623896968317638 2.804757239249128 0
6083 -4.594052216890031 1.826178969947085 0
6084 -5.520186492785179 2.130305714623633 0
6085 -2.244671854528027 3.357096277892172 0
6086 -4.064012327548587 2.600283887238149 0
6087 -5.405626794609797 5.409718855971207 0
6088 -5.485759116128335 4.402900875915248 0
6089 -5.570162704122856 3.486887784232465 0
6090 -1.744285197786515 4.536246914970984 0
6091 -0.933400868609352 5.590724862242197 0
6092 -3.014461574386206 5.563170253303158 0
6093 -4.587516183282825 4.709338886916682 0
6094 -5.630595254215457 1.747242447250777 0
6095 -0.9438556942757266 2.327923240694123 0
6096 -2.827503117918981 3.318842429975685 0
6097 -4.935156883538061 2.194383159764471 0
6098 -2.318981882965196 4.80011692201268 0
6099 -2.477222420884997 0.9480438902200499 0
6100 -3.932090039110754 5.497351347393056 0
6101 -1.949591960205305 1.541111130401952 0
6102 -2.510240427024626 5.636799973444874 0
6103 -1.764842293096157 5.60053605777467 0
6104 -3.673055428887616 3.041373223655565 0
6105 -2.479146234822857 2.531937291851801 0
6106 -1.488792058054449 0.9745834958639762 0
6107 -0.9415971297963774 4.163180999443495 0
6108 -1.050480507843381 5.095746025211307 0
6109 -4.986362919463488 4.41433016221136 0
6110 -3.753399608253126 4.856303564793216 0
6111 -2.972501813227296 4.752897083856019 0
6112 -0.9534571851982669 1.413634622642314 0
6113 -0.9030585971659746 0.8955472730834013 0
6114 -2.313338747078308 1.798910729319492 0
6115 -3.277909309287884 2.237996191221492 0
6116 -5.599379943806641 4.891377571598406 0
6117 -5.511353896383055 1.155801825143373 0
6118 -5.192385538405418 1.082687776343058 0
6119 -5.205553803166595 1.277374438371011 0
6120 -1.35912526995287 3.498486671661623 0
6121 -1.251097314846294 3.803764507811113 0
6122 -1.54483136143555 3.720085614719932 0
6123 -1.706581020223876 3.979143532036126 0
6124 -1.814608975330453 3.673865695886636 0
6125 -3.62878767563565 1.924401404315222 0
6126 -3.765597411041297 1.668911249322466 0
6127 -3.471367061384629 1.517355753472852 0
6128 -2.216666866027128 2.825078329193687 0
6129 -2.083669562868548 3.031530431688953 0
6130 -2.377669157686607 3.150644175396907 0
6131 -4.772802638303162 3.38836156180368 0
6132 -4.874759986685154 3.728349024421683 0
6133 -5.123718757906945 3.57626448128892 0
6134 -3.925735247066309 0.9309327992400476 0
6135 -3.916213145459199 1.341384367558834 0
6136 -4.233771595735233 1.010451568318786 0
6137 -1.948765585535076 3.385952028231307 0
6138 -1.787763293875598 3.060386182028087 0
6139 -4.07363375971022 1.748430018401205 0
6140 -4.876512744805602 4.021002069601078 0
6141 -4.525596625201818 3.833099150115838 0
6142 -3.6209554893082 4.125560951607953 0
6143 -3.513076601593914 3.825277289087777 0
6144 -3.290974662615406 4.190551713243423 0
6145 -3.585786039547499 3.568992235737513 0
6146 -3.758056428587161 3.400829875553935 0
6147 -3.500785039847954 3.209535583839143 0
6148 -3.90514645084264 3.10632971894969 0
6149 -3.990147450542186 3.465786370848061 0
6150 -1.590544302057744 4.280805182920203 0
6151 -1.860321915952647 4.234585264086906 0
6152 -5.760093246392589 2.365975811323723 0
6153 -5.387699644287073 2.358541888342844 0
6154 -5.627606397894484 2.594211985042934 0
6155 -2.097142575750517 4.150507047310835 0
6156 -1.981105857584385 4.452168698194913 0
6157 -4.55541746965854 1.312581763104135 0
6158 -4.56493957126565 0.9021301947853478 0
6159 -5.412999061296421 2.808678521744708 0
6160 -5.785392663401938 2.816112444725588 0
6161 -2.397951421958137 4.096968834317776 0
6162 -2.277167480326399 3.87938540020977 0
6163 -5.612838053144468 3.87057405416033 0
6164 -5.355717611208636 4.159576409911085 0
6165 -5.742879558064168 4.113898520164493 0
6166 -3.545495730279838 0.9309327992400476 0
6167 -0.8805437437571035 2.736901421205335 0
6168 -1.052471590894967 2.60004008754049 0
6169 -0.7719278471378632 2.464784574358969 0
6170 -2.498120622524248 4.349807817617863 0
6171 -2.67814552710013 4.078686170516796 0
6172 -2.514847921872741 2.260930220223063 0
6173 -2.565302377341391 2.0484037844643 0
6174 -2.262884291609659 2.011437165078256 0
6175 -0.8805437437571035 3.03237249760986 0
6176 -3.712856465964187 4.4793832025949 0
6177 -3.934958404942694 4.114108778439253 0
6178 -2.882426665104984 0.8966959809788824 0
6179 -3.228098988197932 0.8966959809788824 0
6180 -1.264605584742598 2.598830824733384 0
6181 -1.541877379361638 2.789060759936294 0
6182 -1.645395476590029 2.515734650282822 0
6183 -1.835098295367503 2.345635583657595 0
6184 -1.557826500748463 2.155405648454685 0
6185 -5.13848710265696 2.911527540366486 0
6186 -4.939554882053303 2.695767650655591 0
6187 -4.822829188921295 3.020517128960023 0
6188 -1.409914696919046 1.898670624514706 0
6189 -1.220211878141572 2.068769691139933 0
6190 -1.979979577833473 2.104635091333239 0
6191 -2.06754855367504 2.464964093161377 0
6192 -2.808556292150493 2.03712479276676 0
6193 -2.556592661887412 1.787631737621952 0
6194 -1.886929191192312 5.235920806820897 0
6195 -2.229038490234813 5.082398408925166 0
6196 -1.976872583922694 4.953639319908411 0
6197 -1.406973402028167 3.143482356478649 0
6198 -1.263401893751384 1.622634270883799 0
6199 -1.601016516358274 1.709270228198551 0
6200 -2.031633540375855 4.668181918491832 0
6201 -1.689524241333354 4.821704316387563 0
6202 -5.095184839663514 2.390580610913263 0
6203 -4.77952692592785 2.499570199506799 0
6204 -3.255805212854706 3.633982997372983 0
6205 -5.742879558064168 4.452183355194249 0
6206 -1.155989688123358 2.326713977887017 0
6207 -3.29078005470837 1.22762878021893 0
6208 -4.183450647684039 3.650366316194374 0
6209 -4.330540669939518 3.355866159590129 0
6210 -1.11323935543891 3.22716124956983 0
6211 -2.494906347834022 2.738064682376721 0
6212 -2.200906753015963 2.618950938668767 0
6213 -5.762261080572117 1.200657713003203 0
6214 -5.762261080572117 1.441850123953159 0
6215 -4.512053119416947 2.065012598887568 0
6216 -4.258535121091175 1.951067935055961 0
6217 -4.176536023618091 2.189901563996444 0
6218 -2.345788035481934 2.377950446344411 0
6219 -2.648206121213665 2.414917065730454 0
6220 -5.760093246392589 2.08983461837982 0
6221 -5.296273368164414 3.133428000049139 0
6222 -4.185203405804486 3.94301936137377 0
6223 -5.289003091699037 0.7805575815577102 0
6224 -4.983202998482577 0.9021301947853478 0
6225 -5.397919405205897 3.701569864069694 0
6226 -5.295962056823904 3.361582401451691 0
6227 -4.526975495130751 2.554301733538589 0
6228 -4.682605452740964 2.249114693796261 0
6229 -0.8252402539216908 4.798605929842279 0
6230 -1.126646355518185 4.845630156643575 0
6231 -0.901406101596494 4.548490061274547 0
6232 -2.548648305315719 4.565821037914781 0
6233 -2.645741848096246 4.776507002934349 0
6234 -2.875408270446769 4.542211118836451 0
6235 -0.8326956116818069 3.387376812792834 0
6236 -4.409150855509077 1.623541053292329 0
6237 -5.785392663401938 3.111583521130113 0
6238 -5.344885796196548 1.554106246444104 0
6239 -5.02591743821891 1.480992197643788 0
6240 -4.573870417699505 3.172601672092785 0
6241 -4.380567220557651 2.988021726746472 0
6242 -0.9282578911821208 1.154590947862857 0
6243 -0.7515292985829873 0.9731871059592411 0
6244 -0.7767285925991334 1.232230780738697 0
6245 -4.277104382460474 4.296841612360717 0
6246 -3.047587658446179 2.2679465154153 0
6247 -3.038877942992199 2.007174468572952 0
6248 -2.268454200173725 4.584103701715761 0
6249 -0.8361500371560775 1.930699094667981 0
6250 -0.8361500371560775 1.672623213967473 0
6251 -5.785081352061428 3.655891974323102 0
6252 -3.067201951337748 1.77459932719501 0
6253 -3.306233317633433 2.00542104984355 0
6254 -1.105202500461866 0.8709213731088384 0
6255 -1.313499589064117 1.058213121040827 0
6256 -1.280494969452198 0.787291747931988 0
6257 -4.756856151392878 4.270041178753297 0
6258 -5.106019512876212 4.165291053059142 0
6259 -3.078008884363637 3.348270186999203 0
6260 -3.005299446410051 3.604555240349466 0
6261 -1.726628166899846 0.8417647823679389 0
6262 -2.012307829040309 0.8417647823679389 0
6263 -3.153970319302722 1.483118935211687 0
6264 -2.886614944661489 1.484872353941089 0
6265 -0.9876282390079607 0.7477736365417006 0
6266 -1.02063285861988 1.018695009650539 0
6267 -2.88053605071757 3.858057618969978 0
6268 -2.702739722226501 3.572344808596198 0
6269 -0.8252402539216908 5.16057070391046 0
6270 -2.585396882017029 1.590463823740851 0
6271 -2.672165249982003 1.298983431757528 0
6272 -1.045832152636026 1.277738684429995 0
6273 -1.296355416632199 1.28753831039266 0
6274 -1.203980449194439 1.423434248604978 0
6275 -5.702813397304899 5.704859427985602 0
6276 -5.242723673192997 5.704859427985602 0
6277 -3.077550735061824 5.190114294227585 0
6278 -3.198242824175443 4.988070905937561 0
6279 -2.851809724113677 4.954940472146043 0
6280 -0.8326956116818069 3.703530864583271 0
6281 -1.008077884293941 2.069978953947039 0
6282 -3.185677681778494 4.621866229809808 0
6283 -3.411418692726641 4.857040051891351 0
6284 -2.72530286675573 1.070717926088907 0
6285 -2.42408480411127 1.17630939588867 0
6286 -1.46176109514166 5.777107033031402 0
6287 -1.202052285613851 5.777107033031402 0
6288 -3.453399249446495 5.611622364009551 0
6289 -3.219222704754898 5.393207490661131 0
6290 -3.248638119077803 5.781585126651579 0
6291 -1.540203778980007 0.787291747931988 0
6292 -1.012878629755211 1.612834644921134 0
6293 -1.47164788562253 1.20390868521581 0
6294 -2.787320527124101 2.864393724664972 0
6295 -2.771560414112936 2.658266334140052 0
6296 -2.980705251283681 4.110896602270064 0
6297 -2.169431627389562 1.015786727477964 0
6298 -2.320098622535744 0.7740219451100249 0
6299 -0.7767285925991334 1.473423191688652 0
6300 -2.940620300503744 2.541246108018705 0
6301 -2.15103496084546 5.682339947918826 0
6302 -1.951968695300293 5.482607976806162 0
6303 -1.963908558641324 5.800268028887334 0
6304 -2.525049758982627 4.978550391224373 0
6305 -2.872789604693132 5.360077056869613 0
6306 -3.088584138997967 4.41118026479024 0
6307 -2.634346219234251 0.7740219451100249 0
6308 -5.702813397304899 5.31755711929041 0
6309 -2.116294010615835 1.244052233146584 0
6310 -4.740318831039493 1.51521967975889 0
6311 -4.879650824069447 1.791951487831983 0
6312 -3.762277062886877 2.315023146356465 0
6313 -3.600463667290101 2.156976545693164 0
6314 -3.43972270488466 2.396042791884793 0
6315 -5.570474015463367 3.258733382829913 0
6316 -3.588691721688359 5.039774146406161 0
6317 -3.576126579291409 4.673569470278408 0
6318 -3.707452351440077 5.748675673696527 0
6319 -3.678036937117172 5.360298037706079 0
6320 -0.7719278471378632 2.188643381415066 0
6321 -1.65807227354237 1.258381719651761 0
6322 -1.675216445974288 1.029056530299927 0
6323 -1.699802788988175 5.353848887789406 0
6324 -5.749092815810939 1.005971050975251 0
6325 -1.678228896500861 5.800268028887334 0
6326 -2.902965795984855 5.781585126651579 0
6327 -5.815297627107729 1.640227103992884 0
6328 -5.815297627107729 1.898302984693393 0
6329 -4.863767996604253 5.691690971935256 0
6330 -4.445504569387325 5.691690971935256 0
6331 -4.050223612139894 5.271993195453674 0
6332 -4.289902740271531 5.440366645631785 0
6333 -4.408036313300671 5.215008493692403 0
6334 -2.030434033302122 1.892108655574475 0
6335 -2.131465353641807 1.670010929860722 0
6336 -1.848560639865621 1.763208856115705 0
6337 -2.435106366252244 5.26083187813686 0
6338 -2.324667762264528 5.500739934641263 0
6339 -2.620679031012342 5.396891916940469 0
6340 -4.377936684225929 4.877986965215487 0
6341 -4.307187782440754 4.588634958171442 0
6342 -4.097608283383858 4.757283036470246 0
6343 -3.332755346942225 2.669342384488198 0
6344 -3.368515011145315 2.912984300041934 0
6345 -3.637295764684526 2.79773130810183 0
6346 -2.336607625605558 5.818399986722436 0
6347 -3.196244622105653 3.081146660225512 0
6348 -4.087691868226548 5.748675673696527 0
6349 -1.702047836697959 1.487172502484798 0
6350 -1.905616397049716 1.312320347568915 0
6351 -4.557432783302546 4.417545541105958 0
6352 -5.577558707679845 1.548865467211051 0
6353 -3.84274482368194 5.176827456093136 0
6354 -4.617615812357567 5.046360415393598 0
6355 -5.749092815810939 0.7805575815577102 0
6356 -4.846514995788949 4.813372897969699 0
6357 -4.87661462486369 5.150394426446615 0
6358 -3.993515176420453 2.338120393701492 0
6359 -4.247033174746226 2.4520650575331 0
6360 -1.003494176579996 3.872673282098149 0
6361 -1.189200268062675 4.094272225156459 0
6362 -3.832774214015012 2.577186639893122 0
6363 -5.785081352061428 3.339737922532664 0
6364 -3.96087839671108 4.951469304153753 0
6365 -0.7707985648981888 3.994038581928617 0
6366 -2.110515244323403 3.645009945547501 0
6367 -2.160269573771424 1.472843015979622 0
6368 -2.411324090531023 3.591471732554441 0
6369 -3.17094195134545 2.511295783824897 0
6370 -5.050203157393462 1.976053582740676 0
6371 -5.22767168816162 2.162344437194052 0
6372 -5.342717962017021 1.944014860170257 0
6373 -4.343954647933113 2.702520563243639 0
6374 -0.7515292985829873 0.7477736365417006 0
6375 -5.026671118021053 5.396550399920861 0
6376 -5.255570301452435 5.163562882496962 0
6377 -1.132653779493554 5.5724694641525 0
6378 -1.00279937472965 5.795362431121098 0
6379 -4.100624900173126 2.885785050740982 0
6380 -1.319807804760981 4.310438869472634 0
6381 -1.473548700489751 4.565880601523414 0
6382 -2.650855222304065 5.818399986722436 0
6383 -0.7707985648981888 4.332323416958372 0
6384 -5.79968997190332 4.696421703035829 0
6385 -5.79968997190332 5.058386477104009 0
6386 -5.575390873500318 1.938774080937205 0
6387 -1.483334987628975 5.330687891933473 0
6388 -1.548374491736956 5.577375061918738 0
6389 -0.7667004343046759 5.795362431121098 0
6390 -2.762351000705416 5.599985113374016 0
6391 -5.39792234273216 1.752483226483829 0
6392 -2.669084789382084 3.131517251438663 0
6393 -2.945738855660998 3.051718903201994 0
6394 -3.868533878218102 2.820828555446857 0
6395 -2.536087486223504 3.337969353933929 0
6396 -3.890129494925905 4.662117297109709 0
6397 -1.418787744036591 4.851338002939992 0
6398 -1.342621896361787 5.101453871507724 0
6399 -4.764604550214046 2.010281064855778 0
6400 -2.342142967207926 1.601742815438391 0
6401 -5.04593836387928 4.665868535617038 0
6402 -4.786939551373157 4.561834524564021 0
6403 -1.072204666494683 4.37934764375967 0
6404 -5.295636462211704 4.660153892468982 0
6405 -5.236061017795912 4.408615519063305 0
6406 -5.542569529967488 4.647139223756827 0
6407 -1.191193599110569 5.324980045637056 0
6408 -0.9919406882263667 5.343235443726752 0
6409 -5.502503369208219 5.150548213784806 0
6410 -5.352446876050857 4.904392240310561 0
6411 -0.7667004343046759 5.408060122425904 0
6412 0.5782683317767333 1.685399687029915 0
6413 1.004166666664761 1.216823826993828 0
6414 -0.004166666668257047 1.216823826989238 0
6415 0.5628659601886014 1.052623737193561 0
6416 0.5079697117412663 2.543217887026904 0
6417 0.8165927514957356 0.9084911016169528 0
6418 1.082302114899914 0.9067588649823392 0
6419 1.329973872255358 0.8595253724666099 0
6420 0.264221662592132 0.9481371407735941 0
6421 -0.004904397956291597 0.8963717327162085 0
6422 -0.2744744486633399 0.8766643277764217 0
6423 0.4999999999998665 3.773862516813522 0
6424 0.4999999999978456 4.968799465899989 0
6425 0.6307929743472115 0.8080511851889862 0
6426 0.4471449970878156 0.8046426040791042 0
6427 0.1184425783438415 2.20980243724918 0
6428 0.9333030444106679 2.233968883682533 0
6429 -0.4464401858885359 0.7432006048383062 0
6430 1.481828107784201 0.768412934744177 0
6431 0.9294145611865328 0.7790773125529242 0
6432 0.1737139850653539 0.7900010758400715 0
6433 0.8850732339353894 3.426142951993119 0
6434 0.1166529590394271 3.417711244791654 0
6435 1.187071202206611 0.7444387367441866 0
6436 -0.09583333333460471 0.7486279721473617 0
6437 1.110777292440915 1.735292329886322 0
6438 -0.1429101708428358 1.717686771838419 0
6439 0.9167853718082436 4.421574880841688 0
6440 0.08321462819082123 4.421574880840047 0
6441 -0.07053032161863627 2.875995889245756 0
6442 0.7291666666640597 0.7190254438552326 0
6443 1.077262593892565 2.851645773547757 0
6444 0.3624999999972164 0.7073878153850446 0
6445 0.5458333333302875 0.7073878153851072 0
6446 1.037326839755088 0.7011283743089464 0
6447 0.05387756006196105 0.7018034980838083 0
6448 -0.3139024390924219 0.6849407954985709 0
6449 1.390161441117242 0.6862863579313442 0
6450 0.3136074608686668 1.406438616896957 0
6451 1.046343736323103 5.444268998993389 0
6452 -0.04634373632463532 5.444268998993389 0
6453 1.050411305101174 3.858771820898477 0
6454 -0.05041130510117399 3.858771820898477 0
6455 1.235848324224138 1.095285357244216 0
6456 0.8382234410010084 0.7140362606513807 0
6457 0.6374999999971737 0.6830365445213379 0
6458 0.2708333333308399 0.6830365445210015 0
6459 0.4527623327485156 0.6838836469698513 0
6460 0.5163097144912018 2.098370961948994 0
6461 -0.3156129039413977 1.182388758064048 0
6462 -0.2048871744420314 0.6985418251679643 0
6463 0.7072621484928605 1.368935988860284 0
6464 1.282795702254059 0.6919326551032123 0
6465 1.265444920129633 1.43329342597671 0
6466 -0.1551315158126648 4.898337968557022 0
6467 1.155131515811885 4.898337968557257 0
6468 -0.2989368779355627 2.325504715079912 0
6469 0.2949697309819392 0.7923946728329712 0
6470 0.9124999999978316 0.6776237058831754 0
6471 0.1771323517157472 0.6769324620799032 0
6472 0.2767435829275215 1.823539694992693 0
6473 0.4999999999984008 5.571467492777352 0
6474 1.317555571970248 2.325504715079912 0
6475 0.502738029498313 3.148096043903119 0
6476 -0.1497896043073216 1.043062161386479 0
6477 0.7713280058314508 1.140143705136072 0
6478 1.308370944138063 3.508742112623302 0
6479 -0.2907967014782369 3.489284210554684 0
6480 0.8445228121088244 1.710346008458118 0
6481 0.8135435034660585 1.916831645917658 0
6482 0.5472890231339675 1.891885324489454 0
6483 -0.08707187121940486 3.453497727673169 0
6484 -0.1806635115484366 3.18264004990022 0
6485 0.02306131871039543 3.146853567018705 0
6486 0.4382367105286341 1.229531177045259 0
6487 0.2889145617303994 1.177287878835275 0
6488 0.4135438113903667 1.000380438983578 0
6489 1.210202267769388 0.6722193683720933 0
6490 1.164368934435909 0.6722193683720933 0
6491 -0.07291666666802046 0.6743139860736809 0
6492 -0.118750000001189 0.6743139860736809 0
6493 -0.4453983507391184 3.340936135693775 0
6494 -0.3352651608093181 3.03429197503931 0
6495 0.7248063794509348 2.166169922815763 0
6496 1.022040168425792 1.984630606784427 0
6497 0.3132061450425539 2.376510162138042 0
6498 0.3173761464175217 2.154086699599087 0
6499 0.512139713116234 2.320794424487949 0
6500 0.5050054786382085 0.9286331706363327 0
6501 0.5389689857175135 0.8063468946340452 0
6502 0.5968294672679064 0.9303374611912737 0
6503 0.1300274979619375 1.082480483881416 0
6504 0.1547203971002049 1.311631221943097 0
6505 0.3556833298399738 0.8763898724263491 0
6506 0.0853486450129155 1.562062694367688 0
6507 -0.07353841875554644 1.467255299413828 0
6508 0.720636378075967 2.388593385354719 0
6509 0.9103797090802483 1.06265746430539 0
6510 0.9494474331978247 0.9076249832996459 0
6511 1.043234390782337 1.061791345988083 0
6512 -0.2292615373921168 1.450037764951233 0
6513 -0.1598897853048274 1.199606292526643 0
6514 -0.3652845528797186 0.6424703977492854 0
6515 -0.3801713124904789 0.7140707001684385 0
6516 -0.4315534262777756 0.671600302419153 0
6517 1.057471979552838 1.476058078440075 0
6518 0.9090197204668879 1.552114159373303 0
6519 0.8557144075788108 1.292879907927056 0
6520 0.708392685904055 4.097718698827605 0
6521 0.4999999999995324 4.421574880840867 0
6522 0.2916073140953439 4.097718698826784 0
6523 0.9811679139139773 3.138894362770438 0
6524 1.192816769015314 3.18019394308553 0
6525 1.096722089036726 3.467442532308211 0
6526 1.495080720558621 0.6842064673720885 0
6527 1.435994774450721 0.7273496463377607 0
6528 1.449247387225142 0.6431431789656721 0
6529 0.218719695061315 2.70960688813633 0
6530 0.02395612836260262 2.542899163247468 0
6531 0.783695053832534 0.7165308522533067 0
6532 0.8274080962483721 0.8112636811341667 0
6533 0.7728797090798977 0.8137582727360927 0
6534 0.9978300865431813 0.6505641871544732 0
6535 0.9749134198764599 0.6893760400960609 0
6536 0.9354166666645531 0.6388118529415877 0
6537 1.338631296946283 3.022116917190311 0
6538 1.454185472069031 3.350665086728084 0
6539 1.325205652550587 4.180118827685865 0
6540 1.325205652550587 3.841833992656108 0
6541 -0.325205652550587 3.841833992656108 0
6542 -0.325205652550587 4.180118827685865 0
6543 -0.4578064519706989 1.35780025939952 0
6544 -0.3714550854214179 1.625449266286705 0
6545 0.1552328425235248 0.6384662310399516 0
6546 0.1155049558888541 0.6893679800818557 0
6547 0.09360544669663171 0.6509017490419041 0
6548 0.8730036563411342 0.8437842070849385 0
6549 1.005858338043223 0.8429180887676317 0
6550 1.005282819151617 2.542807328615145 0
6551 0.7926161528169158 2.69743183028733 0
6552 1.258392685904122 4.46152035765747 0
6553 0.9835983384547089 4.140173350870082 0
6554 0.01640166154482363 4.140173350869262 0
6555 -0.2583926859045894 4.461520357656649 0
6556 0.2916073140943334 4.695187173370018 0
6557 0.7083926859030446 4.695187173370838 0
6558 -0.3352651608093181 2.738820898634785 0
6559 0.1296586323179202 0.9222544367449013 0
6560 0.08440479355453115 0.8431864042781401 0
6561 0.2189678238287429 0.8690691083068328 0
6562 1.355388646220458 1.892327926011165 0
6563 1.355388646220458 1.634252045310657 0
6564 0.7236928629214736 0.8582711434029695 0
6565 0.6897293558421684 0.980557419405257 0
6566 0.2161038539398384 3.012045966574437 0
6567 0.5053538706197896 2.845656965465011 0
6568 -0.3714550854214179 1.883525146987214 0
6569 1.11219902098085 0.7227835555265665 0
6570 1.089496753210147 0.6505641871544732 0
6571 0.642765240134797 1.527167837945099 0
6572 -0.2209235243891993 2.021595743459165 0
6573 -0.4494684389677813 2.18743411860796 0
6574 0.8838190010937705 0.7465567866021525 0
6575 0.001938780030262412 0.6509017490419041 0
6576 -0.02097788663632183 0.725215735115585 0
6577 1.458777785985124 2.18743411860796 0
6578 1.214166432205582 2.030398522483117 0
6579 1.134805793397197 1.325058626485269 0
6580 1.188111106285274 1.584292877931516 0
6581 0.3096954942688701 3.282903644347386 0
6582 1.338631296946283 2.726645840785786 0
6583 -0.3231718681623176 5.334832190801501 0
6584 -0.3231718681623177 5.722134499496694 0
6585 1.323171868161551 5.722134499496694 0
6586 1.323171868161551 5.334832190801501 0
6587 0.7900003116954392 2.999870908725438 0
6588 0.2951755218980942 1.614989155944825 0
6589 0.06691670604234284 1.770613233415556 0
6590 -0.09024714979586061 2.267653576164546 0
6591 -0.01223379624949716 1.9637446045438 0
6592 1.134686658553262 0.8255988008632629 0
6593 1.258522537230985 0.8019820546053982 0
6594 1.206137993577636 0.8831421187244746 0
6595 -0.1396894233098158 0.8865180302463151 0
6596 -0.1851538909989723 0.8126461499618917 0
6597 -0.05036886564544815 0.822499852431785 0
6598 0.7520833333307813 0.6595127219276162 0
6599 0.7062499999973382 0.6595127219276162 0
6600 1.125429308190458 2.279736799381222 0
6601 0.04349479850333352 5.722134499496694 0
6602 0.9565052014937456 5.722134499496694 0
6603 -0.2736178862132878 0.6424703977492854 0
6604 -0.3194512195464725 0.6424703977492854 0
6605 1.403414053891662 0.6431431789656721 0
6606 1.357580720558183 0.6431431789656721 0
6607 0.6939056317168513 3.287119497948119 0
6608 1.432722460064817 1.242060182405895 0
6609 1.250646622176886 1.264289391610462 0
6610 1.417924162112069 1.073056148039648 0
6611 0.5013690147490898 3.460979280358321 0
6612 0.6925366169676279 3.600002734403321 0
6613 0.3083264795196468 3.595786880802588 0
6614 0.568749999997009 0.6536939076925536 0
6615 0.5229166666635661 0.6536939076925536 0
6616 1.432722460064817 1.48325259335585 0
6617 0.385416666663815 0.6536939076925223 0
6618 0.3395833333306177 0.6536939076925223 0
6619 -0.523220092944268 0.8970137718366936 0
6620 -0.3604573172759379 0.8099324663073639 0
6621 -0.4372372243316699 0.9637456333057514 0
6622 1.258064517793112 0.6459663275516061 0
6623 1.234933452230335 0.7181856959236994 0
6624 0.2795956967870356 0.8702659068032826 0
6625 0.3710573640348774 0.7985186384560377 0
6626 0.6799798205056355 0.7635383145221094 0
6627 -0.1503602538883181 0.723584898657663 0
6628 -0.1732769205549023 0.6492709125839822 0
6629 0.9833707004708104 0.7401028434309354 0
6630 1.059814477327501 0.8039436196456428 0
6631 0.2247943474493462 3.816317168856 0
6632 0.03312082696912658 3.638241532845066 0
6633 0.9677422695182818 3.642457386445798 0
6634 0.7752056525505203 3.816317168856 0
6635 0.02448658105283473 0.7990876154000084 0
6636 0.1137957725636575 0.7459022869619398 0
6637 -0.2396808115526857 0.787603076472193 0
6638 1.306384787254709 0.7757290137849111 0
6639 -0.2593948067672266 0.6917413103332676 0
6640 -0.2941884438778809 0.7808025616374963 0
6641 1.035958443810064 4.659956424699473 0
6642 0.8275657579048651 4.933568717228622 0
6643 0.1724342420925903 4.933568717228505 0
6644 -0.03595844381092181 4.659956424698534 0
6645 1.3600676566863 0.7729058651989771 0
6646 1.336478571685651 0.6891095065172783 0
6647 0.8877473362481059 1.17848376606495 0
6648 0.7939603786635931 1.024317403376512 0
6649 -0.4578064519706989 1.116607848449565 0
6650 -0.07697813548778931 1.129942994187858 0
6651 -0.07734700113180659 0.9697169470513438 0
6652 -0.004535532312274322 1.056597779852723 0
6653 0.4964891652090516 0.7560152097321057 0
6654 0.5883131538387495 0.7577195002870467 0
6655 1.197409082931407 2.588575244313835 0
6656 1.159075219562026 1.001022111113277 0
6657 1.12000749544445 1.156054592119022 0
6658 0.6350640543407309 1.210779863026922 0
6659 0.5104348046807636 1.387687302878621 0
6660 1.100737626067494 5.171303483775323 0
6661 0.7731718681604741 5.206534232446689 0
6662 0.2268281318366051 5.206534232446689 0
6663 -0.1007376260686501 5.171303483775205 0
6664 0.6670969830100261 1.096383721164817 0
6665 1.458777785985124 2.463575311551863 0
6666 0.4275059573521274 1.754469691011304 0
6667 0.4459378963227001 1.545919151963436 0
6668 -0.1847335997770995 2.600750302162834 0
6669 1.282911098239748 0.9774053648554127 0
6670 0.8524450538326985 0.6570181303256903 0
6671 0.8066117204992556 0.6570181303256903 0
6672 -0.4494684389677813 2.463575311551863 0
6673 -0.3775657579063324 4.699901901515137 0
6674 -0.3775657579063324 5.061866675583317 0
6675 1.377565757905942 5.061866675583436 0
6676 1.377565757905942 4.699901901515254 0
6677 0.1975930806356815 2.016671066120937 0
6678 1.454185472069031 3.666819138518521 0
6679 -0.4453983507391184 3.657090187484212 0
6680 0.6833333333306166 0.7010309941882853 0
6681 0.6604166666638951 0.6415182722606689 0
6682 0.6145833333304521 0.6415182722606689 0
6683 0.4763811663726801 0.6419418234849257 0
6684 0.4305478330394646 0.6419418234849257 0
6685 -0.2191102538880925 0.6492709125839822 0
6686 0.2937499999974295 0.6415182722605007 0
6687 0.2479166666642503 0.6415182722605007 0
6688 1.303897851126592 0.6459663275516061 0
6689 -0.2121320264853307 0.9598632445814503 0
6690 0.3166666666648516 5.785733746388676 0
6691 0.6833333333313947 5.785733746388676 0
6692 -0.2950436763023688 1.029526542920235 0
6693 0.8895833333311101 0.6388118529415877 0
6694 1.464986936127679 0.9551761556508455 0
6695 0.201066175856704 0.6384662310399516 0
6696 0.7731718681607518 5.507868245885371 0
6697 0.4999999999981232 5.27013347933867 0
6698 0.2268281318368828 5.507868245885371 0
6699 0.9209572805921822 0.7283505092180498 0
6700 0.5916666666637306 0.6952121799532225 0
6701 0.1754231683905506 0.7334667689599874 0
6702 0.4992978330394016 0.6956357311774792 0
6703 0.407631166372866 0.6956357311774479 0
6704 0.3166666666640282 0.6952121799530231 0
6705 0.3287348654895778 0.7498912441090079 0
6706 0.404822498542516 0.7560152097320744 0
6707 0.7392950771621556 1.254539846998178 0
6708 1.405900990019779 0.8139691536053935 0
6709 1.5409140538921 0.909619936789629 0
6710 0.3965266487093616 1.960955328470844 0
6711 0.87536172049942 0.6958299832672781 0
6712 1.179391124619618 3.68375696676089 0
6713 -0.1706040032897054 3.674028015726581 0
6714 -0.2327012541243597 1.112725459725264 0
6715 0.2239828425232936 0.6799845033004523 0
6716 0.6341464871721926 0.745543864855162 0
6717 0.2343418580236465 0.7911978743365213 0
6718 0.2222736591980969 0.7365188101805364 0
6719 0.2829015321563896 0.7377156086769863 0
6720 0.4499536649181656 0.7442631255244777 0
6721 -0.523220092944268 0.671600302419153 0
6722 1.5409140538921 0.6842064673720885 0
6723 -0.4773867596110291 0.671600302419153 0
6724 0.04777211336344159 0.6509017490419041 0
6725 1.043663419876668 0.6505641871544732 0
6726 4.381285268387217 3.320527641893642 0
6727 6.969584570525145 3.183098537598458 0
6728 3.294596124298706 2.148888959891031 0
6729 9.276610304118588 2.912770004920152 0
6730 5.421189179301445 2.145620957827999 0
6731 11.65530549605787 2.965559259309439 0
6732 2.566534394641637 1.550932875451806 0
6733 4.379630573163565 1.737238247643911 0
6734 3.324321086432565 4.444603322957352 0
6735 6.664334262992194 1.791080568076894 0
6736 8.042140326280659 2.045210076368678 0
6737 18.69518294994705 2.882810129433663 0
6738 13.84331687655228 2.852513146377425 0
6739 5.697259734140664 4.331146072098693 0
6740 3.469763869189648 1.377739791692852 0
6741 16.37008346753205 3.001163402352049 0
6742 3.242624378326695 3.320348592191369 0
6743 4.494312039006328 4.499273097835074 0
6744 8.298286791830778 4.280566188698626 0
6745 5.514284566257105 3.285935704481393 0
6746 5.172227696041022 1.413720954884506 0
6747 10.12475409333645 1.97534995988516 0
6748 2.235449292617152 1.133427342232668 0
6749 10.39557502917837 4.251743978647305 0
6750 4.160886938080287 2.567876404904093 0
6751 5.980723003877053 1.425841413862108 0
6752 6.937297283643955 4.409515396584704 0
6753 6.19390603837782 2.653397047134253 0
6754 2.909809759810249 1.134190396768143 0
6755 4.18786190944404 1.213838774583742 0
6756 9.123346355766568 1.69926822607651 0
6757 12.7525913934737 2.019405766145581 0
6758 7.244362277551014 1.432566491136777 0
6759 4.844469421518514 2.682748080595216 0
6760 8.180588354940074 3.24795313325017 0
6761 2.568481879916975 2.744615004064977 0
6762 2.939790123511124 5.208574862786318 0
6763 12.87771279220387 4.224965658675998 0
6764 11.34369871054894 1.789066021569026 0
6765 19.91866096291915 1.703383965744476 0
6766 19.68760682095927 4.128917321632978 0
6767 15.23704123773966 2.166011485548033 0
6768 4.625513707891064 1.03589369630667 0
6769 3.816634739435615 3.846850039569214 0
6770 3.756684137328501 5.209658992398381 0
6771 4.931913489468609 3.845474332173384 0
6772 7.153219481711822 2.339771836380522 0
6773 10.43157579895503 2.967998440119544 0
6774 2.531278320650354 3.907544409410551 0
6775 3.295608019322339 0.9927244619492597 0
6776 3.68023401949188 1.021151050499141 0
6777 3.807147623466442 1.901156529242386 0
6778 5.340216644145287 5.173952193979166 0
6779 6.24426808086804 3.638527852676235 0
6780 6.53279249771163 1.239395103992386 0
6781 15.08538832563645 4.127173787908274 0
6782 1.980054434621963 0.943632550183136 0
6783 17.39087282161239 1.922493697548687 0
6784 19.92567765724336 2.89711698442834 0
6785 8.041841856481264 1.256283892403266 0
6786 2.566534394641637 0.956404289481404 0
6787 6.045884010336271 2.016569992696974 0
6788 4.913812630566151 1.903322522213257 0
6789 13.997550959536 1.697801617005296 0
6790 9.301467825674791 3.95627310344506 0
6791 6.285007375379768 5.068371331452457 0
6792 3.054401976545756 1.607013259116543 0
6793 3.491973659063447 2.749630934198305 0
6794 17.56863996725533 4.160901427986471 0
6795 2.747757697025362 2.097839641168492 0
6796 5.572178508635997 1.083829111485912 0
6797 7.553957325540961 3.810878920859304 0
6798 9.694793313444702 1.299004229624554 0
6799 11.64564861878014 4.354020398220255 0
6800 4.504221472051805 2.219933502926897 0
6801 10.65025176621631 1.346114081294334 0
6802 3.814183457156959 3.229848518907503 0
6803 7.727348466861375 5.067969442584463 0
6804 8.683745047572369 2.315598328503581 0
6805 5.411847444403621 2.694591088601929 0
6806 12.75798003575164 3.189552495561385 0
6807 5.560449457733099 1.676132437301082 0
6808 5.138623099614286 0.9776532161507558 0
6809 5.035062783724579 3.205936855219761 0
6810 9.05209168036332 5.014536024794275 0
6811 4.553947466531251 5.297230775833639 0
6812 12.2307467721486 1.305359427761067 0
6813 8.665381655127568 1.243109490775547 0
6814 16.25854766111328 1.690102257985097 0
6815 2.097788862155578 2.004388073408679 0
6816 4.412390218793931 3.865103326401531 0
6817 18.64298815614802 1.870880428782727 0
6818 4.743654909446729 1.477238718538033 0
6819 2.555316036954708 4.515933906324001 0
6820 3.890508505208931 1.490329551100499 0
6821 3.910548602702107 4.451100255788305 0
6822 6.772215088340185 2.409114609118038 0
6823 2.224211175132854 0.8766415348705571 0
6824 3.247712126226161 3.873714494433699 0
6825 6.294735017726727 1.036616216776556 0
6826 2.925994262027136 0.9062425067856791 0
6827 2.562526001070189 3.318875148098713 0
6828 2.532788681416798 5.36366918742975 0
6829 5.087540969440902 4.444144761095596 0
6830 10.89491192399885 2.369050074468977 0
6831 4.367454103444299 2.959307877630309 0
6832 9.584474393234544 2.403064755806057 0
6833 15.03332018467097 3.11603406906966 0
6834 3.321350837198251 5.401420539726415 0
6835 3.057071441348596 2.657415359995305 0
6836 6.330068636816767 4.296349445092301 0
6837 6.928446593926787 3.750542931923107 0
6838 3.394637487080846 1.814659581459556 0
6839 8.793624639503818 3.503095717130645 0
6840 4.374139106496893 0.9135485040396982 0
6841 4.000512566054816 0.9065681593070988 0
6842 7.160919294677001 1.882353240435604 0
6843 16.30188771148324 4.271519307087417 0
6844 13.99352693267709 4.156527483679778 0
6845 5.551690090021874 3.784146515805528 0
6846 7.871289095316961 2.53838291315042 0
6847 3.701231018296819 2.300274935225743 0
6848 6.894388120982347 5.162101200105228 0
6849 7.048292247044286 1.037887043031867 0
6850 2.13385009945927 1.553566851225789 0
6851 6.013194976173805 3.105000780198595 0
6852 20.26783988092966 1.214541704030829 0
6853 3.183907532283587 1.275673465453276 0
6854 7.655905653948516 1.054969587966055 0
6855 13.25550174909413 1.535626311060752 0
6856 11.05820252544825 5.026743764209082 0
6857 5.747439216956348 2.387312208776499 0
6858 17.37465229915235 3.036490959377921 0
6859 9.874947629982531 5.088517308187669 0
6860 9.28221444387402 1.047923004874995 0
6861 3.498479468393436 0.8414250628812663 0
6862 5.052612572991825 2.268302428536136 0
6863 8.652233298070669 1.746052095894381 0
6864 12.04027469239417 2.365967372974552 0
6865 20.34625993136704 2.325504715079912 0
6866 4.414213274585613 1.337498872899396 0
6867 9.827596396189993 3.45935810145057 0
6868 14.51185432872074 1.184448556506602 0
6869 20.25692604835858 4.789264842096327 0
6870 6.357366859058986 1.525223332426817 0
6871 4.20995530277542 2.014727835525163 0
6872 5.853933854528556 0.9591475532697911 0
6873 7.663481342203927 1.771564818790605 0
6874 12.21582811978599 5.034875089505602 0
6875 2.166895288497272 4.938877520720229 0
6876 5.840402677044523 5.451647871700903 0
6877 7.555712075739571 3.061898813101707 0
6878 11.17598704589651 1.163320779333324 0
6879 4.888037569376642 0.8537850594014562 0
6880 11.14955846077982 3.547546350613129 0
6881 20.3352551872573 3.508742112623302 0
6882 3.329722282731938 4.97206160837845 0
6883 4.937437209338579 1.227148608525568 0
6884 13.62879119176891 5.010767862710218 0
6885 6.91697252522792 1.537164242680404 0
6886 6.49387816756149 3.046917718718818 0
6887 10.17439924356663 1.059709120226112 0
6888 1.787963231977837 0.7543681297912082 0
6889 2.644596050380096 1.215117977769824 0
6890 4.018515333792531 2.895743490273456 0
6891 2.083861298657332 2.99092805918299 0
6892 10.06725076506611 2.508823820659225 0
6893 7.553990456797694 4.43112499357923 0
6894 5.765591971756239 4.893182576719536 0
6895 3.107923150311774 0.8010383632928887 0
6896 18.52894217839613 4.972890576078074 0
6897 2.74044254972853 0.7792796812037792 0
6898 5.236578486688891 1.696179776483345 0
6899 2.090080174517023 0.7632880505156434 0
6900 2.110190154250788 5.573981462254793 0
6901 15.21027586746687 1.311346451570861 0
6902 2.083978885246322 2.475625112479813 0
6903 8.669514997109921 2.929156803747411 0
6904 4.206744878759625 5.53408121028993 0
6905 4.06541672628901 3.537356025174138 0
6906 1.909870765339677 1.242933088642333 0
6907 14.40487141766446 2.419698462949384 0
6908 2.40059356190726 0.7706069409282035 0
6909 3.951168433887334 1.154613577741934 0
6910 13.4382201497311 2.27995599931749 0
6911 4.703088250335524 3.542892054790782 0
6912 2.876318791429338 5.639687531894515 0
6913 2.11268410929476 4.264845269852254 0
6914 5.709219616203325 2.851471522937148 0
6915 12.13273429821798 3.582103614199613 0
6916 4.17491108009484 1.461663127424404 0
6917 17.99876922740444 1.367354855121349 0
6918 5.382825738128596 0.8609522404248379 0
6919 18.61508070479157 3.93214961022377 0
6920 8.124413765398048 3.735276814387556 0
6921 8.358137513208874 5.25494199680049 0
6922 3.583643127627221 3.518575040144116 0
6923 2.926140394443436 4.187869784151227 0
6924 6.437863692216446 2.232484986519244 0
6925 3.487311028376158 1.136902899725789 0
6926 8.38484578532514 0.9921150117365194 0
6927 2.93728442910432 3.051430477324668 0
6928 6.657102975147765 0.9101019313221632 0
6929 4.200723560452973 4.95111003579588 0
6930 14.61983681090044 5.058224597970052 0
6931 4.860422901576283 4.94620510675227 0
6932 6.99707562454801 2.778434919989683 0
6933 20.43155683312401 4.163180999443495 0
6934 4.587816039447464 0.7901710359761598 0
6935 5.183455578686771 3.546381465267337 0
6936 20.53947184269839 1.686337502918542 0
6937 3.705347170476222 0.7835042049448814 0
6938 16.87933631123801 1.394495040658887 0
6939 19.37995650794389 2.376653757444585 0
6940 12.69989414672399 1.122956347299903 0
6941 5.433128266811288 1.391259608433532 0
6942 5.877455029177247 1.728508561279977 0
6943 2.08818102571051 3.612219121597757 0
6944 9.584532812481699 1.766554949593955 0
6945 4.985228221106219 5.517205600237602 0
6946 2.917178088932006 3.604304235994914 0
6947 11.47669158739346 2.367978478904958 0
6948 2.864993168356798 1.406519414123217 0
6949 20.2081974457209 5.388118841670302 0
6950 15.73651475143402 5.070173570547801 0
6951 3.049465668212894 1.947328319301062 0
6952 3.58630397853125 1.562700104961609 0
6953 18.04060824561923 2.3999671214227 0
6954 4.092430616941839 1.721023058187273 0
6955 2.56812785911214 0.7412581823226773 0
6956 5.096661612847511 2.891035994580359 0
6957 7.565168391509794 2.213502440918844 0
6958 5.925687718918502 3.510808879991949 0
6959 13.87964528157703 1.101714075387269 0
6960 10.70418577404441 1.854031712882495 0
6961 1.810914290597995 5.699844211216101 0
6962 11.74951926600066 1.134273009965921 0
6963 1.948947248419358 0.7322577460979975 0
6964 4.597479790731178 1.944551032079416 0
6965 15.97803417687415 2.310679653220471 0
6966 6.009597138454209 3.920126687108323 0
6967 7.982514232474779 0.9088518320715464 0
6968 4.540392456013974 2.54114752874464 0
6969 11.08750115160615 2.890242911944474 0
6970 8.310448324228476 2.450138336887078 0
6971 20.50347056153698 2.89711698442834 0
6972 3.579682840075083 4.136160365849067 0
6973 15.78035916563447 3.577597074662847 0
6974 6.59045472896017 3.469389435528052 0
6975 19.25408844963835 1.396119277277978 0
6976 7.332816155891679 0.8601431368689495 0
6977 4.693923414759788 4.145183951616721 0
6978 3.681162687625296 5.649892309957705 0
6979 2.428330453968906 2.287146657631695 0
6980 6.418087449845205 5.536424080651718 0
6981 8.841189526330121 4.423465241183631 0
6982 4.720146386538015 2.955845212484581 0
6983 15.89515570737924 1.170341448685686 0
6984 5.694632024848053 1.990014632718799 0
6985 7.695859950311679 1.383857861380596 0
6986 13.5220996460826 3.447990171246462 0
6987 3.553237618572073 2.060779441344119 0
6988 2.793942080570122 1.74568463490018 0
6989 16.67791582703153 2.300951633890305 0
6990 4.129401057451322 4.110738913031125 0
6991 16.92873054488841 5.05222360438942 0
6992 8.845369887138133 0.9407324761895738 0
6993 10.46049399313574 3.723936264264159 0
6994 4.163926453709561 0.7844013169835232 0
6995 3.506168040563669 3.086021522178632 0
6996 19.34962395882375 3.372282470584459 0
6997 3.30516868743539 0.7682462256485839 0
6998 2.386923483468603 1.352709065767359 0
6999 2.461367264636813 1.87325978896444 0
7000 3.787740439800915 2.588192318405843 0
7001 3.704399933929617 4.805706843063674 0
7002 6.133006219423546 4.658157702074595 0
7003 3.424208474455196 2.433737665099605 0
7004 9.841174243936536 4.444215714093629 0
7005 6.31656720431215 1.841291269782557 0
7006 6.536282056327854 4.71399617790418 0
7007 3.089080662989494 1.022680831810709 0
7008 2.75747540331753 0.998246970401766 0
7009 12.74811107636765 2.624071171052432 0
7010 20.61956891581677 0.9514775985301892 0
7011 4.975771137776873 1.597294404507174 0
7012 10.1067407628794 1.489289422049436 0
7013 3.31273434011826 1.52542411478202 0
7014 9.116265289656573 2.138318542003548 0
7015 6.872537160188974 2.0978568964701 0
7016 4.767290912090593 2.150085343633699 0
7017 5.644613601426856 0.8207857810361081 0
7018 9.716702920715681 0.9123721925562592 0
7019 3.010364882211169 2.279950144728033 0
7020 2.952985263904136 4.750923617992167 0
7021 8.125237928298564 1.667321544945149 0
7022 7.312232797833643 3.450016044230354 0
7023 5.225847434106257 4.049261450531827 0
7024 5.313199062404389 1.173265456540425 0
7025 16.82781957989959 3.621710687426882 0
7026 5.175267836829878 2.008207668444205 0
7027 9.296734057636641 3.421979205213932 0
7028 3.978442025570614 2.241304889812695 0
7029 9.412326202502957 5.48933807839628 0
7030 6.106273239471721 2.322441058781743 0
7031 5.717908141122428 1.325767705058734 0
7032 1.857909740403712 1.785132551876367 0
7033 9.779519780424121 2.933304239294426 0
7034 10.6602889794467 0.9538287961707539 0
7035 6.331142893930792 0.7941891662888535 0
7036 5.306326970745992 2.416904858731276 0
7037 10.45753213730009 5.392088736355309 0
7038 4.40231843184043 1.129804736624779 0
7039 14.31375389721397 3.353322853538497 0
7040 4.116512611338384 3.183564918023872 0
7041 12.03033781712221 1.794220658146404 0
7042 7.74538086389046 3.461204745165818 0
7043 2.240061617463222 0.7221073052628808 0
7044 3.92327869574691 0.7475170861440316 0
7045 8.504883781891355 4.755645551591869 0
7046 7.917510813788864 5.581169539496821 0
7047 5.146308627117353 0.7684817841256801 0
7048 10.95000656694961 4.236483014304971 0
7049 4.24392449315025 2.294405963729915 0
7050 12.21432557134224 0.9525177570053782 0
7051 6.557422721497285 2.663469680782701 0
7052 7.227499038868234 4.056924471033563 0
7053 3.247024389681346 2.972969377177656 0
7054 3.677548305780866 1.29057282928697 0
7055 7.312168887787907 4.827699827665322 0
7056 5.356283442184407 5.628561133183535 0
7057 8.67179650974751 3.979735412969103 0
7058 10.99011260282832 1.546179446192498 0
7059 2.625182846466748 4.945733777527649 0
7060 2.377255100090383 0.9749792480126598 0
7061 2.447104639071984 1.129752884052121 0
7062 7.428492933765232 2.586398184708235 0
7063 6.20646762068156 1.314629788635804 0
7064 9.36216865826318 1.444033983431716 0
7065 7.415057602118667 5.462843886514969 0
7066 2.748772036813636 2.435657186564158 0
7067 19.77040209059755 1.102808989410657 0
7068 8.373908104660641 1.380976407150972 0
7069 3.299128110047824 5.754193117331509 0
7070 6.076718500543693 0.8242276833455473 0
7071 5.350206444211874 4.757726142129052 0
7072 6.655556373436443 1.480358755432253 0
7073 5.080041019436578 2.561316613909618 0
7074 2.921584447436165 0.7373121102564695 0
7075 12.92114078899083 4.954312326566026 0
7076 3.723716186075504 2.909887356792748 0
7077 13.2903027251767 2.854922405705066 0
7078 4.37857235145189 0.7376241713998763 0
7079 15.71581093011464 1.729696259402029 0
7080 4.704677940244651 1.708236401399192 0
7081 5.412169755580841 1.894273867719566 0
7082 13.29969753704318 0.9920593467495847 0
7083 6.969584570525144 0.7928249750910166 0
7084 6.50668874377832 3.914075291485453 0
7085 16.44419146923469 1.090987749465934 0
7086 4.64050044528626 5.660305834751815 0
7087 12.23867687906597 2.989126964166116 0
7088 6.006294546418657 1.162392286330554 0
7089 19.42757552772995 4.884950327672716 0
7090 4.783554224165684 2.409013669816656 0
7091 9.066122006338398 2.53978168699615 0
7092 8.041371728558182 4.672059536060508 0
7093 4.651153993203435 3.229337636144601 0
7094 9.935958263049358 3.948497083508415 0
7095 6.130743954573877 1.642010726447373 0
7096 4.607635364853023 1.292113233843498 0
7097 7.893262931927985 4.12475697705731 0
7098 4.3500962266854 3.58661441446889 0
7099 8.117510569466999 2.845506000027357 0
7100 12.217980957247 4.298991190150367 0
7101 12.6060729498432 1.566279821733833 0
7102 4.177051897923179 1.009295473022087 0
7103 15.67976764649026 2.834297136970612 0
7104 8.986380003990043 1.375503977501465 0
7105 8.886925896328476 5.511961728798575 0
7106 18.71311295728427 1.164046329662154 0
7107 6.858306014464979 1.268834983896135 0
7108 14.67231876222554 1.755861314716035 0
7109 17.36799427630458 1.123490551621996 0
7110 10.45848642649171 4.806838152353506 0
7111 4.522674656015727 1.545094770166545 0
7112 8.380982056570458 2.064509953076893 0
7113 5.353415204687228 2.985794233164118 0
7114 6.283592334930455 3.328584775026804 0
7115 11.65308316156702 5.381046245192314 0
7116 9.38217418125746 4.585401478340853 0
7117 17.76095903431029 5.069838875295657 0
7118 18.11974733002537 3.310060869282121 0
7119 7.388930656165211 1.139036394568081 0
7120 7.679120212535033 0.7891494118469872 0
7121 2.496327482600207 5.715467636315812 0
7122 20.70407028097448 1.292019349785036 0
7123 10.42635465431473 2.29014846234988 0
7124 4.11766947443556 3.81467643199025 0
7125 3.852108177131432 0.9226708157274172 0
7126 4.088782231988997 0.9579318161645929 0
7127 4.064110165905256 1.08195452538201 0
7128 3.975840499971075 1.030590868524516 0
7129 4.18245690368361 1.111567123802915 0
7130 4.069515171665687 1.184226176162838 0
7131 11.25984287822272 1.476193400451175 0
7132 11.46275315594858 1.148796894649623 0
7133 11.5466089882748 1.461669515767473 0
7134 9.387278211247954 0.8239615024374976 0
7135 9.171546536744637 0.8239615024374976 0
7136 4.35063969704713 2.554511966824366 0
7137 4.453923279729136 2.750227703187474 0
7138 4.264170520762293 2.763592141267201 0
7139 3.539017487263376 5.305539766062398 0
7140 3.325536559965095 5.186741074052432 0
7141 3.54320321003022 5.090860300388416 0
7142 15.13518071120532 2.641022777308846 0
7143 14.71909580116771 2.767866266009522 0
7144 14.82095632770206 2.292854974248709 0
7145 13.00404657128391 1.777516038603167 0
7146 13.34686094941262 1.907791155189121 0
7147 13.0954057716024 2.149680882731535 0
7148 1.848894431077789 2.026875797772344 0
7149 2.090883873700951 2.240006592944246 0
7150 1.841989442623161 2.262494317307911 0
7151 12.39146460529795 1.906813212145992 0
7152 12.31820538348271 1.680250239940118 0
7153 12.67933217165845 1.792842793939707 0
7154 2.321489417833793 5.468825324842271 0
7155 2.13854272137403 5.256429491487511 0
7156 2.349841984957035 5.15127335407499 0
7157 11.28690517805119 0.8816603896666622 0
7158 11.03452963156337 0.8816603896666622 0
7159 20.1324604471431 2.014444340412194 0
7160 19.86310821965547 2.351079236262248 0
7161 19.64930873543152 2.040018861594531 0
7162 6.413763757719178 1.138005660384471 0
7163 6.475918996437246 0.9733590740493597 0
7164 6.594947736429697 1.074748517657275 0
7165 7.99439983239198 2.691944456588888 0
7166 7.836611322603285 2.953702406564532 0
7167 7.713500585528266 2.800140863126063 0
7168 3.130570480354688 5.304997701256367 0
7169 3.098834814313794 5.520554035810465 0
7170 2.908054457470231 5.424131197340417 0
7171 1.841989442623161 2.538635510251813 0
7172 2.083920091951827 2.733276585831401 0
7173 1.841930649328666 2.796286983603403 0
7174 10.9181380126716 1.058574787752039 0
7175 10.77668059833847 0.776914398085377 0
7176 4.05563608157754 4.701105145792092 0
7177 3.952561747191295 4.878408439429776 0
7178 3.807474268315862 4.62840354942599 0
7179 4.34751779972965 4.725191566815477 0
7180 4.202430320854218 4.475186676811689 0
7181 4.181386494769439 1.337750951004073 0
7182 4.063039756991087 1.308138352583169 0
7183 13.71788555463355 1.988878808161393 0
7184 13.62652635431507 1.616713964033024 0
7185 11.89401989713793 3.273831436754526 0
7186 11.6411463794989 3.564824982406371 0
7187 11.40243197841884 3.256552804961284 0
7188 12.50522354521092 3.903534636437806 0
7189 12.44535716698481 3.385828054880499 0
7190 12.81784641397775 3.707259077118692 0
7191 3.391459523849249 1.064813680837524 0
7192 3.335609280329872 1.206288182589532 0
7193 3.239757775802963 1.134198963701268 0
7194 11.64936589017358 4.867533321706285 0
7195 11.35564284350763 5.203895004700698 0
7196 11.35192557211419 4.690382081214668 0
7197 14.85261256826845 4.592699192939163 0
7198 14.30668187178877 4.607376040824915 0
7199 14.53945762915677 4.141850635794025 0
7200 6.633682960230361 4.352932420838503 0
7201 6.418378690297544 4.105212368288877 0
7202 6.721993013711137 4.161795344035078 0
7203 14.12409414710837 2.636105804663405 0
7204 14.35931265743922 2.886510658243941 0
7205 14.07853538688313 3.102917999957961 0
7206 6.717567668852554 3.83230911170428 0
7207 6.932871938785371 4.080029164253905 0
7208 7.453921809877471 1.602065654963691 0
7209 7.412200318440464 1.826959029613105 0
7210 7.202640786114007 1.65745986578619 0
7211 5.274673674990842 3.245936279850577 0
7212 5.194238994205904 3.095865544191939 0
7213 5.433849885472167 3.135864968822756 0
7214 12.39643304293393 2.192686569560066 0
7215 12.03530625475819 2.080094015560478 0
7216 6.023866091131287 5.725823935850451 0
7217 6.129245063444865 5.49403597617631 0
7218 6.312708477531629 5.768212040325858 0
7219 4.019974830076714 4.280919584409714 0
7220 4.311856548228825 4.3050060054331 0
7221 4.411662236105554 4.127961432323923 0
7222 4.594117726883058 4.322228524725897 0
7223 19.65281708259363 2.636885370936463 0
7224 20.1359687943052 2.611310849754126 0
7225 4.488555181947372 1.840894639861664 0
7226 4.403717546753299 1.979639433802289 0
7227 4.294792937969492 1.875983041584537 0
7228 7.614324866856861 1.992533629854724 0
7229 7.363043843093397 2.047927840677224 0
7230 14.20121118860023 2.05875003997734 0
7231 13.92154578369778 2.349827231133437 0
7232 19.31702247879112 1.886386517361282 0
7233 19.58637470627875 1.549751621511227 0
7234 3.413133752976958 3.419461816167743 0
7235 3.415677626926692 3.696144767288908 0
7236 3.245168252276429 3.597031543312534 0
7237 8.487106497221946 3.375524425190408 0
7238 8.459019202450932 3.619186265759101 0
7239 8.152501060169062 3.491614973818863 0
7240 3.532173432830888 3.860282267001456 0
7241 3.700138933531418 3.682712539856665 0
7242 14.12431400133467 5.034496230340135 0
7243 13.811159062223 4.583647673194998 0
7244 4.840546059392654 1.3521936635318 0
7245 4.956604173557727 1.412221506516371 0
7246 4.859713023611802 1.537266561522604 0
7247 7.157069388194412 2.111062538408063 0
7248 7.359193936610808 2.276637138649683 0
7249 6.315884865297133 2.442941016826748 0
7250 6.497643206856866 2.447977333650972 0
7251 6.375664379937552 2.658433363958477 0
7252 4.553156816776859 4.005143639009126 0
7253 4.270895638122626 3.987921119716328 0
7254 6.15008963892477 2.487919052957998 0
7255 6.272068465844084 2.277463022650493 0
7256 6.351547412612486 5.302397706052087 0
7257 6.062705026212145 5.26000960157668 0
7258 7.679670646257803 1.577711340085601 0
7259 7.910548939305121 1.525589703162872 0
7260 7.894359635251245 1.719443181867877 0
7261 5.073999416908947 1.50550767969584 0
7262 5.054832452689801 1.320434781705037 0
7263 5.225911081009338 1.07545933634559 0
7264 5.125318135871485 1.200207032532996 0
7265 5.038030154476433 1.102400912338162 0
7266 13.09316561304937 2.452013585184961 0
7267 12.75035123492067 2.321738468599007 0
7268 3.152537023595505 0.7005191816464443 0
7269 3.05786671486852 0.7005191816464443 0
7270 11.88992854156144 1.464246834056162 0
7271 11.68701826383558 1.791643339857715 0
7272 3.134756203121531 5.090318235582384 0
7273 4.192984718618415 2.927525683951883 0
7274 4.089701135936409 2.731809947588775 0
7275 3.978703848890737 5.080384514097131 0
7276 4.203734219606298 5.242595623042905 0
7277 3.981714508044063 5.371870101344156 0
7278 8.667989172821519 2.030825212198981 0
7279 8.884249293863622 1.942185318948965 0
7280 8.90000516861447 2.226958435253565 0
7281 3.452001963253824 4.29038184440321 0
7282 3.745115721388595 4.293630310818686 0
7283 3.617434844567336 4.447851789372828 0
7284 3.901638305509383 1.038642196734675 0
7285 3.926310371593124 0.914619487517258 0
7286 13.14003984091712 3.318771333403924 0
7287 13.19990621914323 3.83647791496123 0
7288 4.67215185413127 3.855288829287457 0
7289 4.557739234564727 3.703997690596156 0
7290 4.817500869902066 3.694183193482083 0
7291 6.312938955828759 0.9154026915327049 0
7292 6.494122934539279 0.8521455488055083 0
7293 8.149049462203536 3.046729566638763 0
7294 7.868150215339822 3.154925973175938 0
7295 9.119805822711569 1.918793384040029 0
7296 8.887789826918619 1.722660160985445 0
7297 2.752883154510648 2.898022740694822 0
7298 2.749905215087255 3.18515281271169 0
7299 2.565503940493582 3.031745076081845 0
7300 8.983124527373281 3.175568004480671 0
7301 8.973062650614255 2.920963404333781 0
7302 9.286672180877614 3.167374605067042 0
7303 5.584314198128896 2.266466583302249 0
7304 5.52688309385117 2.402108533753888 0
7305 5.363758075023719 2.281262908279638 0
7306 3.920838469548132 1.322471564421217 0
7307 4.032709792651885 1.475996339262452 0
7308 2.323193649863761 3.154901603640852 0
7309 2.326171589287154 2.867771531623983 0
7310 11.93073836928307 4.694447743862929 0
7311 11.93445564067651 5.207960667348958 0
7312 2.107751863619558 1.038529946207902 0
7313 2.102132804877408 0.9101370425268465 0
7314 2.229830233875003 1.005034438551612 0
7315 6.369630059196595 1.277012446314095 0
7316 6.250601319204144 1.17562300270618 0
7317 5.639178799427763 1.500950071179908 0
7318 5.797681585149837 1.527138133169356 0
7319 5.718952243455172 1.70232049929053 0
7320 5.359087207574807 2.555747973666603 0
7321 5.579643330679985 2.540951648689214 0
7322 9.604522449668785 0.7561860962781296 0
7323 9.499458682294851 0.9801475987156272 0
7324 5.348870072471938 3.416158584874365 0
7325 5.109259181205675 3.376159160243549 0
7326 14.67353704094247 3.234678461304079 0
7327 4.357088387413612 2.11733066922603 0
7328 4.550850631391492 2.082242267503156 0
7329 8.73156981830687 3.216126260439028 0
7330 9.04517934857023 3.462537461172289 0
7331 13.43561986244048 4.190746571177888 0
7332 13.25325199198639 4.617866760693108 0
7333 5.611752091230215 3.068703613709271 0
7334 5.861207296188566 2.978236151567872 0
7335 5.763739771215455 3.195468242339994 0
7336 3.730542035629059 5.007682917731028 0
7337 6.790653394110057 1.664122405378649 0
7338 7.03894590995246 1.709758741558004 0
7339 6.912626778834598 1.836716904256249 0
7340 4.374369685915758 3.139917759761975 0
7341 4.509304048323867 3.094322756887455 0
7342 4.516219630795326 3.274932639019121 0
7343 17.38276256038237 2.479492328463304 0
7344 17.02628406309194 2.668721296634113 0
7345 17.03439432432196 2.111722665719496 0
7346 20.67312996568352 2.463575311551863 0
7347 20.67312996568352 2.18743411860796 0
7348 4.202405715615269 2.431141184317004 0
7349 4.392158474582113 2.417776746237277 0
7350 3.014753798873969 0.7691752367746791 0
7351 2.964697363430715 0.6686560551282348 0
7352 3.079901233629351 3.462326414093142 0
7353 2.927231259018163 3.327867356659791 0
7354 3.089954403715508 3.185889534758019 0
7355 6.343892102969654 2.850157382926535 0
7356 6.253536571867647 3.075959249458706 0
7357 6.103550507275813 2.879198913666424 0
7358 7.080667401389467 1.48486536690859 0
7359 3.514360510181091 4.625155083010513 0
7360 8.425051676024998 3.08855496849879 0
7361 10.09600242920128 2.242086890272192 0
7362 9.825862579150328 2.455944288232641 0
7363 9.854614243285496 2.189207357845609 0
7364 3.698158789755349 3.99150520270914 0
7365 3.413697483150622 4.004937430141383 0
7366 4.380346172645438 5.415655993061785 0
7367 4.377335513492111 5.124170405814759 0
7368 5.242713379222705 1.293493205712466 0
7369 4.2488989398628 3.252046279958757 0
7370 4.241983357391341 3.071436397827091 0
7371 11.1193053172739 2.079058048019002 0
7372 10.79954884902163 2.111540893675736 0
7373 11.02394224229667 1.821548867225761 0
7374 4.790926504223615 4.471708929465334 0
7375 4.973981935508592 4.695174933923933 0
7376 4.677367470291305 4.722739102293672 0
7377 11.39760353977998 3.950783374416692 0
7378 11.88919145849906 3.968062006209935 0
7379 3.274522550206021 2.703523147096805 0
7380 3.240639957901896 2.545576512547455 0
7381 3.458091066759321 2.591684299648955 0
7382 2.728709357546895 4.047707096780889 0
7383 2.740728215699072 4.351901845237614 0
7384 2.543297178802531 4.211739157867276 0
7385 6.983330097536578 2.98076672879407 0
7386 7.276393850143791 2.920166866545695 0
7387 7.262648323132358 3.122498675350083 0
7388 3.548667709738139 0.7207125314406331 0
7389 3.44627230507944 0.7207125314406331 0
7390 15.45840444211496 2.500154311259323 0
7391 15.35654391558062 2.975165603020136 0
7392 10.42896522663488 2.629073451234712 0
7393 10.66063328915679 2.329599268409428 0
7394 10.66324386147694 2.66852425729426 0
7395 8.745689956651612 0.7703662380947869 0
7396 8.615107836231637 0.9664237439630465 0
7397 8.515427905745115 0.7960575058682597 0
7398 6.962717285026004 2.37444322274928 0
7399 6.822376124264579 2.253485752794068 0
7400 7.012878320950398 2.218814366425311 0
7401 10.24941328201057 2.738411130389384 0
7402 10.24680270969042 2.399486141504552 0
7403 18.94853830289318 1.633499853030353 0
7404 19.01147233204595 2.123767093113656 0
7405 5.853428436297436 4.125636379603508 0
7406 6.169832887635488 4.108238066100312 0
7407 6.013664185478715 4.313747758595497 0
7408 5.302677981426155 1.402490281659019 0
7409 5.33485337675009 1.543719692458438 0
7410 5.204403091364956 1.554950365683926 0
7411 3.138653175168351 4.59776347047476 0
7412 2.939562829173786 4.469396701071696 0
7413 3.125230740438001 4.316236553554289 0
7414 3.718923412476899 5.429775651178043 0
7415 3.501256762411774 5.52565642484206 0
7416 6.525650444529387 2.855193699750759 0
7417 6.777249173022648 2.720952300386192 0
7418 6.74547689605475 2.91267631935425 0
7419 5.717333352541906 5.725823935850451 0
7420 9.584503602858121 2.084809852700007 0
7421 9.854643452909073 1.870952454739558 0
7422 4.543800244991157 2.957576545057445 0
7423 4.685650189870724 3.092591424314591 0
7424 6.664818904918735 2.536292144950369 0
7425 6.605039390278316 2.320799797818641 0
7426 3.086926260334799 4.030792139292463 0
7427 2.921659241687721 3.89608701007307 0
7428 3.082445107579084 3.739009365214307 0
7429 3.326835700736617 1.326706628573064 0
7430 3.478537448782903 1.25732134570932 0
7431 1.841930649328666 3.091758060007928 0
7432 3.224519731813301 1.71083642028805 0
7433 3.22205157764687 1.880993950380309 0
7434 3.051933822379325 1.777170789208803 0
7435 4.949800414244525 0.726892529700728 0
7436 4.8202375616416 0.726892529700728 0
7437 6.953299130754633 1.153361013464001 0
7438 6.757704494806372 1.089468457609149 0
7439 6.852697611096026 0.9739944871770152 0
7440 4.499826407193979 0.9747211001731844 0
7441 4.480977572972178 0.851859770007929 0
7442 4.606664873669263 0.9130323661414151 0
7443 2.311186388042877 1.243068204000013 0
7444 2.260386791463936 1.453137958496574 0
7445 2.18464969603821 1.343497096729229 0
7446 16.52399964728179 2.651057518121177 0
7447 16.8723678833422 3.018827180864985 0
7448 4.890732192100344 4.294664356356158 0
7449 2.309729673180432 3.759881765504154 0
7450 2.32535351339035 3.465547134848235 0
7451 2.546902160860272 3.613209778754632 0
7452 18.66908555304754 2.376845279108195 0
7453 19.03756972894547 2.629731943439124 0
7454 3.766171098311656 0.9719109331132789 0
7455 3.815701226689606 1.087882314120537 0
7456 2.513950829639225 1.712096332208123 0
7457 2.297608682048041 1.713413320095115 0
7458 2.350192247050453 1.552249863338798 0
7459 2.736289402463961 5.286122025108034 0
7460 2.578985763941773 5.1547014824787 0
7461 2.782486484988936 5.077154320156984 0
7462 3.397043743857887 0.917074762415263 0
7463 3.492895248384797 0.9891639813035277 0
7464 3.600892555273644 1.857908055350971 0
7465 3.490470732806048 1.688679843210583 0
7466 3.696725800998846 1.731928317101997 0
7467 2.035067304569493 0.8534603003493897 0
7468 2.157145674824939 0.8199647926931002 0
7469 3.583772523934019 1.079026975112465 0
7470 3.589356743942658 0.9312880566902035 0
7471 13.64076851314169 2.566234572847458 0
7472 2.326230382581648 2.610120058272395 0
7473 5.065862198286045 3.04848642490006 0
7474 5.22503840876737 2.938415113872239 0
7475 6.695549256088304 1.254115043944261 0
7476 10.67721877013036 1.600072897088415 0
7477 10.40546326846191 1.671660567465965 0
7478 10.37849626454786 1.417701751671885 0
7479 6.949015582225966 3.466820734760783 0
7480 6.759450661443479 3.60996618372558 0
7481 6.780019649742657 3.326243986563255 0
7482 5.92908901652715 1.577174987571043 0
7483 5.849315572499741 1.375804559460421 0
7484 3.738406241870091 1.526514828031054 0
7485 3.848828064337686 1.695743040171443 0
7486 4.707185184053767 5.121717941292955 0
7487 4.92282556134125 5.231705353494936 0
7488 4.769587843818735 5.407218188035621 0
7489 3.046858646046918 1.204931931110709 0
7490 3.024450350320192 1.341096439788246 0
7491 2.887401464083523 1.27035490544568 0
7492 13.3642614374539 2.567439202511278 0
7493 13.01920690077217 2.739496788378749 0
7494 15.04501043078958 0.9556732257854303 0
7495 14.86106509809381 1.247897504038732 0
7496 14.69579966141652 0.8922242782533012 0
7497 6.878848845791842 5.581050600052614 0
7498 7.154722861550507 5.312472543310099 0
7499 7.139183586360001 5.731421943257485 0
7500 2.334000073124733 4.390389588088127 0
7501 2.321981214972557 4.086194839631403 0
7502 6.64069851022327 5.768212040325858 0
7503 6.656237785413776 5.349262640378473 0
7504 1.844090512855255 3.718557643005748 0
7505 2.100432567502635 3.938532195725005 0
7506 1.85634205464738 4.044870717132996 0
7507 3.939800091722985 3.38360227204082 0
7508 3.824529926958116 3.527965532659127 0
7509 3.69891329239209 3.37421177952581 0
7510 8.532363552071413 2.190054140790237 0
7511 8.516607677320565 1.905281024485637 0
7512 9.430542348676566 2.657917380363105 0
7513 9.681997086829332 2.668184497550242 0
7514 9.528065042271354 2.923037122107289 0
7515 6.731731369043317 3.115008128158638 0
7516 8.083539892389915 1.461802718674207 0
7517 7.868850903396472 1.320070876891931 0
7518 4.812918452114198 3.995329141895052 0
7519 1.754935382669838 1.388072424688662 0
7520 2.021860432399473 1.398249969934061 0
7521 1.866925049729635 1.54338930598039 0
7522 18.23806660138846 0.9836774275606748 0
7523 17.84954604114729 0.9836774275606748 0
7524 5.951562827290573 2.752434285035701 0
7525 5.532987328139489 3.53504111014346 0
7526 5.367572834354323 3.665263990536432 0
7527 7.140908684179394 3.316557290914406 0
7528 7.120339695880215 3.600279488076731 0
7529 1.883447644248636 5.082136451664922 0
7530 1.855095077125394 5.399688422432203 0
7531 5.713056181582276 1.021488332377851 0
7532 5.785920997825492 1.142457629164263 0
7533 5.645043324879213 1.204798408272323 0
7534 13.75781328937985 3.80225882746312 0
7535 2.39603906748201 4.94230564912394 0
7536 8.315971844743757 0.7960575058682597 0
7537 1.728954870201856 1.917248037006188 0
7538 1.977849301279645 1.894760312642523 0
7539 8.825880829558805 1.309306734138506 0
7540 8.819306651030356 1.560778036697923 0
7541 8.658807476599119 1.494580793334964 0
7542 5.557910602074749 2.067817795273399 0
7543 5.7210356209022 2.188663420747649 0
7544 2.812776660632785 2.701015182030141 0
7545 2.997177935226458 2.854422918659986 0
7546 3.286016606329364 4.159158908695526 0
7547 5.162722432625753 5.345578897108384 0
7548 5.100319772860785 5.060078650365718 0
7549 1.829670389216672 0.677184064895604 0
7550 1.760495721138704 0.677184064895604 0
7551 12.0500114783047 5.517437544752801 0
7552 12.57669179514012 5.517437544752801 0
7553 2.724228204791181 3.755924322702733 0
7554 5.728329416579836 2.619391865856824 0
7555 5.560533530303474 2.773031305769539 0
7556 3.991469561075385 1.605676304643886 0
7557 3.94978912020414 1.811089793714829 0
7558 17.71574053361581 2.161230409485693 0
7559 17.70763027238579 2.718229040400311 0
7560 7.075147553129916 2.559103378185102 0
7561 6.884645356444098 2.59377476455386 0
7562 12.4184098609959 1.43581962474745 0
7563 12.13054229463541 1.549790042953735 0
7564 8.98663216771115 3.968004258207082 0
7565 8.732710574625663 3.741415565049874 0
7566 9.047546232589305 3.729684410287852 0
7567 5.398513972210995 1.686156106892214 0
7568 5.496788862272194 1.533696022867307 0
7569 20.62846302417929 5.007330112352971 0
7570 20.62846302417929 4.645365338284789 0
7571 14.37646407994685 0.8922242782533012 0
7572 3.631926142156058 1.42663646712429 0
7573 3.784028405494898 1.390451190193735 0
7574 3.183568158332008 1.566218686949282 0
7575 3.353685913599553 1.670041848120788 0
7576 5.078880461787433 3.947367891352606 0
7577 5.05768453407769 3.695927898720361 0
7578 5.204651506396514 3.797821457899582 0
7579 2.36110566272599 4.727405713522115 0
7580 2.139789698896016 4.601861395286241 0
7581 5.392400351790783 4.387645416597144 0
7582 5.156694201773579 4.246703105813712 0
7583 5.46155358412346 4.19020376131526 0
7584 10.65527037283151 1.149971438732544 0
7585 10.91311940605641 1.254717430313829 0
7586 6.410644715853811 4.891183754678319 0
7587 6.715335088655101 4.938048689004704 0
7588 6.589697748181058 5.115236265778843 0
7589 7.212784279156621 2.682416552348959 0
7590 7.492102504752401 2.824148498904971 0
7591 3.892794824518528 2.071230709527541 0
7592 3.839836521933717 2.270789912519219 0
7593 3.75418932088163 2.100715732234065 0
7594 4.959885424433022 4.097222701074275 0
7595 3.973017898443468 3.978794476300169 0
7596 3.854541948763202 4.123449639440096 0
7597 3.136494097636541 1.149177148631992 0
7598 3.192344341155916 1.007702646879984 0
7599 18.36789559778314 2.641388625428181 0
7600 18.34179820088362 2.135423775102713 0
7601 3.369499024372396 2.861300155687981 0
7602 3.152047915514971 2.81519236858648 0
7603 6.915842702313151 4.785808298344966 0
7604 6.736789669985905 4.561755787244442 0
7605 15.37711943548884 0.9556732257854303 0
7606 4.09606566135686 5.767040605144965 0
7607 4.346287691543637 5.767040605144965 0
7608 3.680192621019257 1.980967985293252 0
7609 3.47393755282646 1.937719511401838 0
7610 6.231537428120157 4.477253573583448 0
7611 5.915132976782105 4.494651887086643 0
7612 3.1720308962558 2.048108639596047 0
7613 3.344616805689776 1.981774270675294 0
7614 6.445079678385308 1.382309218209602 0
7615 6.281917239870273 1.41992656053131 0
7616 7.95671471079881 2.291796494759549 0
7617 7.718228743413377 2.375942677034632 0
7618 7.803654358895226 2.129356258643761 0
7619 3.359402299376951 2.291313312495318 0
7620 3.217286678333182 2.356843904913819 0
7621 3.152480503254937 2.214419552309532 0
7622 2.072660028978414 1.188180215437501 0
7623 11.4101951489712 2.078522250236992 0
7624 11.18580175569616 2.368514276686968 0
7625 5.388768762064066 3.916703983168678 0
7626 4.630269421275994 2.74849637061461 0
7627 2.739852045001098 3.461589692046814 0
7628 3.941025732862312 3.692103032371675 0
7629 2.086021162183921 3.301573590390373 0
7630 4.782307904028264 2.819296646539899 0
7631 4.692430938766243 2.611947804669928 0
7632 3.528033923860449 1.47021994832723 0
7633 3.449519159324755 1.544062109871814 0
7634 3.391249104653954 1.451581953237436 0
7635 5.89666161364631 2.201941100736737 0
7636 5.870258017592162 2.003292312707887 0
7637 5.719986142587803 3.398372292236671 0
7638 5.738688904470187 3.647477697898738 0
7639 7.016728227432987 1.990105068452852 0
7640 6.768435711590584 1.944468732273497 0
7641 5.523733089176269 4.544436107113873 0
7642 5.218873706826388 4.600935451612324 0
7643 2.754150650429422 4.633428762158085 0
7644 20.13046642225033 3.202929548525821 0
7645 19.84243957304053 3.440512291603881 0
7646 19.63765080803356 3.134699727506399 0
7647 10.11574742810793 1.732319690967298 0
7648 10.41446993369043 1.914690836383828 0
7649 3.517061108330777 4.888884225721062 0
7650 7.852810834242293 1.908387447579642 0
7651 8.083689127289611 1.856265810656914 0
7652 9.171366155228494 2.726275845958151 0
7653 9.32529819978647 2.471423221401104 0
7654 3.573656087485257 1.334156310489911 0
7655 3.627234318434446 2.180527188284931 0
7656 11.57367128810326 0.8671365049829605 0
7657 13.56757351533558 1.31867019322401 0
7658 13.93859812055652 1.399757846196283 0
7659 6.813343772836454 0.8514634532065899 0
7660 7.008938408784715 0.9153560090614419 0
7661 4.756775638633853 0.9448393778540634 0
7662 4.912737389357611 1.040466833963512 0
7663 4.781475458614821 1.131521152416119 0
7664 3.310239473623038 5.577806828528962 0
7665 3.087723450738581 5.696940324613012 0
7666 2.47672893905512 1.451820970609583 0
7667 4.067513972565457 3.039654204148664 0
7668 9.628560905619995 4.83695939326426 0
7669 9.463519655172925 5.051526666490972 0
7670 9.21713293081039 4.799968751567564 0
7671 16.56894198617565 1.542298649321992 0
7672 16.77862606913477 1.847723337274596 0
7673 16.46823174407241 1.995526945937701 0
7674 5.552904307950763 5.033567385349351 0
7675 5.802997324400381 5.172415224210219 0
7676 5.590309660594905 5.312800032840034 0
7677 19.02132811626076 4.408549968948243 0
7678 19.15134376287542 4.030533465928373 0
7679 19.55759117434461 4.506933824652847 0
7680 5.970672627667084 2.520354627955376 0
7681 2.959697572451277 1.50676633661988 0
7682 3.119154754414671 1.441343362284909 0
7683 5.531317410445276 2.918632878050633 0
7684 3.033718161779883 2.468682752361668 0
7685 5.930114200473606 1.060769919800173 0
7686 5.862101343770542 1.244079995694644 0
7687 17.1351045664252 1.658494369103787 0
7688 17.1236652937713 1.258992796140441 0
7689 17.37943354895848 1.522992124585341 0
7690 2.662004898979583 0.977325629941585 0
7691 2.701035726848813 1.106682474085795 0
7692 2.605565222510866 1.085761133625614 0
7693 2.777202905095173 1.174654187268984 0
7694 2.83364258156389 1.066218683584955 0
7695 14.69957111142521 3.740248320723385 0
7696 15.05935425515371 3.621603928488967 0
7697 5.013330334495464 0.915719137776106 0
7698 9.054863179878305 1.537386101788987 0
7699 6.025299673568004 4.980776954085997 0
7700 5.078935943114881 0.68424089206284 0
7701 5.017173098246998 0.8111334217635682 0
7702 8.176294325254567 2.247674206627878 0
7703 8.090868709772717 2.494260625018749 0
7704 1.85634205464738 4.383155552162753 0
7705 1.883447644248636 4.72017167759674 0
7706 9.923385272745117 2.721064029976826 0
7707 15.43287374563546 3.852385431285561 0
7708 16.04112343855886 3.924558190875132 0
7709 15.69363801855984 4.199346547497846 0
7710 9.063792165506076 0.9943277405322846 0
7711 8.953124258376693 0.7703662380947869 0
7712 4.943271914511147 3.544636760029059 0
7713 4.869075517030051 3.374414455005271 0
7714 20.66762759362865 3.666819138518521 0
7715 20.66762759362865 3.350665086728084 0
7716 19.51861538989151 3.750599896108718 0
7717 20.01143100410829 3.81882971712814 0
7718 8.676630022341145 2.622377566125496 0
7719 8.489981660669198 2.689647570317244 0
7720 8.497096685900424 2.38286833269533 0
7721 13.28317333113158 5.505383931355109 0
7722 13.84672127185585 5.505383931355109 0
7723 2.999445211399872 1.078435614289426 0
7724 5.969441347546153 3.307904830095272 0
7725 4.15119295985863 1.867875446856218 0
7726 4.236030595052702 1.729130652915592 0
7727 14.15364041494553 3.754925168609137 0
7728 15.60753770730691 2.238345569384252 0
7729 15.82890091168221 2.572488395095541 0
7730 1.960552222424391 5.636912836735447 0
7731 1.705457145298998 5.462619796912858 0
7732 7.124733085715931 4.618607612125013 0
7733 7.103278504385127 4.994900513885275 0
7734 12.56848445438841 4.994593708035815 0
7735 12.92934812974254 5.477156163283013 0
7736 2.704553736423068 5.501678359662133 0
7737 17.68338175185451 1.245422703371673 0
7738 17.69482102450841 1.644924276335018 0
7739 12.54784687472543 4.261978424413183 0
7740 12.17535762773249 3.94054740217499 0
7741 5.624474912081268 4.057646293952111 0
7742 1.94496259998082 1.093282819412735 0
7743 9.488503878659362 1.173463617249774 0
7744 9.705748117080191 1.105688211090406 0
7745 7.269865918350939 3.753470257631959 0
7746 7.07797281639751 3.903733701478335 0
7747 7.051334146007997 1.350700737516456 0
7748 7.14632726229765 1.235226767084322 0
7749 20.38340601019066 3.835961556033399 0
7750 20.05958182704164 4.146049160538237 0
7751 10.29106693394521 0.8298545601130558 0
7752 10.05773155318806 0.8298545601130558 0
7753 3.562719746376008 2.367006300162674 0
7754 3.488723046513634 2.247258553221862 0
7755 11.00410454619893 4.631613389257026 0
7756 11.29782759286487 4.295251706262613 0
7757 5.105314672894078 4.851965624440661 0
7758 4.008551463120931 1.957942182383774 0
7759 4.094198664173017 2.128016362668929 0
7760 3.423916871435389 2.104834200617575 0
7761 3.943953783192461 5.591986760123818 0
7762 9.643636916242745 5.288927693291974 0
7763 9.232208941433139 5.251937051595277 0
7764 18.59523846632838 0.8820231648310772 0
7765 18.35594109234435 1.265700592391752 0
7766 4.301037592014826 1.275668823741569 0
7767 4.294562177340227 1.3995810001619 0
7768 11.75351470225784 2.081099568525681 0
7769 8.525113720226354 1.117612251256033 0
7770 8.755375771132851 1.091920983482561 0
7771 10.9912065378025 2.629646493206726 0
7772 10.75953847528059 2.929120676032009 0
7773 16.01920123145862 4.670846438817609 0
7774 15.41095153853523 4.598673679228037 0
7775 11.83614185575629 0.8671365049829605 0
7776 8.513070701365656 1.563514251522677 0
7777 8.519644879894106 1.31204294896326 0
7778 4.513916069865747 1.082849216465725 0
7779 4.388228769168661 1.021676620332239 0
7780 2.658626958365305 2.590136095314568 0
7781 2.902921739081116 2.546536273279731 0
7782 10.79056712986742 3.257772395366336 0
7783 10.80502622695778 3.635741307438644 0
7784 10.44603489604539 3.345967352191852 0
7785 4.423622662022942 5.597193522520873 0
7786 4.563165474806954 5.830152917375908 0
7787 2.590249441710728 4.730833841925826 0
7788 3.652101560779532 0.6917521024724407 0
7789 3.601913319434829 0.8124646339130739 0
7790 20.22906640280877 1.694860734331509 0
7791 20.44286588703272 2.005921108999227 0
7792 9.071328676002455 4.189869172314346 0
7793 8.756493018038816 4.201600327076367 0
7794 5.26072441887144 0.9193027282877968 0
7795 5.348012400266493 1.017108848482631 0
7796 1.995879919931491 1.669349701551078 0
7797 1.728954870201856 1.659172156305679 0
7798 12.93078734946866 1.550953066397293 0
7799 2.115819480807424 1.778977462317234 0
7800 2.279578063396196 1.938823931186559 0
7801 4.983212601778988 2.085812475374697 0
7802 4.909951742541208 2.209193886084917 0
7803 4.840551771328372 2.026703932923478 0
7804 5.044540233698015 1.955765095328731 0
7805 5.113940204910851 2.13825504849017 0
7806 8.393512783288461 2.887331401887383 0
7807 8.213979446847738 2.647822168457218 0
7808 9.845636787680551 1.627922185821695 0
7809 13.27759964306865 1.263842828905168 0
7810 13.5896714093101 1.046886711068427 0
7811 18.01968873651183 1.883660988272025 0
7812 13.27496599037987 4.982540094638122 0
7813 20.76973592134919 1.867850512527276 0
7814 1.844090512855255 3.402403591215311 0
7815 2.783097272708326 0.6896398406018895 0
7816 2.695569251592964 0.6896398406018895 0
7817 14.19574980514889 1.143081315946936 0
7818 14.060359556375 0.8508570376936344 0
7819 3.327021684582252 4.708332465667901 0
7820 19.36479023338382 2.874468114014522 0
7821 4.376355728974391 0.8255863377197873 0
7822 4.483194195449677 0.7638976036880181 0
7823 4.737926804412053 0.821978047688808 0
7824 4.67012679667701 0.6950855179880799 0
7825 3.401824077914413 0.8048356442649252 0
7826 3.349616914600417 0.6841231128242919 0
7827 2.92378935473165 0.8217773085210742 0
7828 3.016958706169455 0.8536404350392839 0
7829 9.299100941655716 3.689126154329496 0
7830 18.32087869177623 1.619117641952038 0
7831 15.40683967515272 3.346815571866254 0
7832 4.295090170642235 1.17182175560426 0
7833 4.408265853213022 1.233651804762087 0
7834 4.46844396530067 1.44129682153297 0
7835 4.348792868055284 1.503378948795474 0
7836 2.127489834513306 0.6816440252578218 0
7837 2.05267051452074 0.6816440252578218 0
7838 5.780643614238041 3.852136601456925 0
7839 10.12958609757251 3.213678270785056 0
7840 9.803558088307057 3.196331170372498 0
7841 10.10554778968958 2.950651339706985 0
7842 6.14839365555213 3.216792777612699 0
7843 6.104640026924478 3.419696827509377 0
7844 3.544905584095445 3.302298281161374 0
7845 3.660175748860314 3.157935020543067 0
7846 1.754935382669838 1.146880013738707 0
7847 6.076078624903996 2.169505525739359 0
7848 5.926856228214035 2.354876633779121 0
7849 18.57201144159385 4.452520093150921 0
7850 18.97825885306304 4.928920451875395 0
7851 5.853369698444545 0.7795737766348956 0
7852 5.749273727977706 0.8899666671529496 0
7853 5.748709571893695 0.7103928905180541 0
7854 6.258142941116265 3.917100989296888 0
7855 7.84887375521489 1.15562674018466 0
7856 7.819209943211647 0.9819107100188005 0
7857 8.012178044478022 1.082567862237406 0
7858 11.11852980619298 3.218894631278802 0
7859 17.10123593952597 3.329100823402402 0
7860 16.59895152371582 3.311437044889466 0
7861 7.082398161256094 4.233219933809133 0
7862 20.23256174703974 5.088691841883314 0
7863 19.81788648672543 5.136534584671509 0
7864 19.84225078804426 4.837107584884521 0
7865 2.483563978274448 0.8635056152048037 0
7866 2.4843607105097 0.7559325616254404 0
7867 2.567331126876888 0.8488312359020407 0
7868 12.86818685367267 0.8614781736499513 0
7869 12.58429868652501 0.8614781736499513 0
7870 7.490132921402603 5.731421943257485 0
7871 7.675882802130097 1.219413724673325 0
7872 11.84779009422602 2.665763316141995 0
7873 12.13947578573007 2.677547168570334 0
7874 11.94699118756192 2.977343111737778 0
7875 6.655200426202709 2.165170941494672 0
7876 6.551098977604321 2.011782777298069 0
7877 11.93181478801357 4.32650579418531 0
7878 12.21690453851649 4.666933139827984 0
7879 20.75173528076849 2.749381446226077 0
7880 20.42486524645201 2.611310849754126 0
7881 2.441483198866567 0.6853034704641017 0
7882 2.360558621578323 0.6853034704641017 0
7883 5.964762021452113 0.7121138416727737 0
7884 5.965326177536125 0.8916876183076692 0
7885 5.575518203966858 1.358513656746133 0
7886 5.236900876146635 2.206961693182067 0
7887 5.298228508065661 2.076914313136101 0
7888 4.277270826629202 1.599450687534158 0
7889 4.451152614589646 1.641166508905228 0
7890 8.114806068318575 0.7544259160357731 0
7891 7.923021392583286 0.7544259160357731 0
7892 6.433175346572311 4.505172811498241 0
7893 5.598343059614464 5.540104502442219 0
7894 5.348250043164847 5.40125666358135 0
7895 7.470111113931346 1.408212176258687 0
7896 11.75848313989382 2.366972925939755 0
7897 16.93526383936928 4.216210367536944 0
7898 16.56485364569141 3.94661499725715 0
7899 17.19822977357746 3.891306057706677 0
7900 7.390728182204597 3.933901695946433 0
7901 7.433095061687302 3.630447482544829 0
7902 11.04978251386471 3.89201468245905 0
7903 10.70525028004268 3.980209639284565 0
7904 6.887639269846449 1.402999613288269 0
7905 2.715763781499217 1.478726144787512 0
7906 2.82946762446346 1.576102024511699 0
7907 2.68023823760588 1.648308755175993 0
7908 9.353939584124134 1.732911587835232 0
7909 9.350399051069136 1.952436745798752 0
7910 5.142465863365819 0.873067500138218 0
7911 4.675645137149877 1.384675976190765 0
7912 4.772536287095802 1.259630921184533 0
7913 3.141353773318037 4.861492613185309 0
7914 3.903127886796723 2.74196790433965 0
7915 3.974313688940601 2.578034361654968 0
7916 5.608396055031426 0.9523074462610099 0
7917 9.900767038162053 1.394146825836995 0
7918 9.639663062963201 1.532779589609254 0
7919 4.13367084851834 1.591343092805839 0
7920 2.654285204420335 0.7602689317632283 0
7921 2.653488472185083 0.8678419853425916 0
7922 4.530573231014628 4.948657571274075 0
7923 3.251159792157313 0.6841231128242919 0
7924 3.206545918873582 0.7846422944707363 0
7925 8.398105137572779 3.85750611367833 0
7926 10.14057000322302 1.274499271137774 0
7927 10.41232550489147 1.202911600760223 0
7928 5.472075050804598 0.7304761202124189 0
7929 5.331939866625444 0.7304761202124189 0
7930 7.649891014541096 2.562390548929327 0
7931 7.218611451604749 1.088461718799974 0
7932 7.316646466858113 1.285801442852429 0
7933 11.56599854172567 2.666768869107198 0
7934 10.84714918843636 1.700105579537497 0
7935 11.16690565668863 1.667622733880762 0
7936 2.774190936327923 5.819843765947258 0
7937 2.978446646530752 5.819843765947258 0
7938 1.790027217310981 0.9972297445091085 0
7939 3.883091232685764 2.414748604109269 0
7940 4.06966448182545 2.404590647358394 0
7941 3.374396209445182 3.203185057185 0
7942 10.97897408648685 5.513371882104542 0
7943 11.27641440454624 5.690523122596157 0
7944 3.744485729048867 2.444233626815793 0
7945 6.084977899893271 3.574668366334092 0
7946 6.263930207899248 3.48355631385152 0
7947 15.50357934759877 5.535086785273901 0
7948 16.14878538132493 5.535086785273901 0
7949 6.37547841232318 3.776301572080844 0
7950 6.126932609661125 3.779327269892279 0
7951 5.731425852948451 4.612164324409115 0
7952 5.557899207984057 4.825454359424294 0
7953 18.23536955243958 5.486445288039037 0
7954 18.9740659455856 5.486445288039037 0
7955 20.34424144074129 4.476222920769911 0
7956 20.71577841656201 4.332323416958373 0
7957 5.442688785520193 1.128547284013168 0
7958 5.477502123382296 0.9723906759553749 0
7959 2.917902010918692 1.020216451776911 0
7960 3.007537462508315 0.9644616692981938 0
7961 8.183680008899959 0.9504834219040329 0
7962 5.34521154417858 4.965839168054108 0
7963 9.696012936326134 5.74466903919814 0
7964 9.927323650065921 5.544258654093834 0
7965 11.99013301907463 1.219816218863494 0
7966 11.37140332383201 2.927901085626957 0
7967 3.692790594984051 0.9023276277220111 0
7968 16.30408937276703 3.599653881044865 0
7969 16.07522131658326 3.289380238507448 0
7970 14.25470264412837 1.441125086755949 0
7971 14.59208654547314 1.470154935611319 0
7972 14.33493486088077 1.726831465860666 0
7973 2.754794609368447 1.310818695946521 0
7974 6.594174435574036 1.35987692971232 0
7975 6.506461616247714 1.502791043929535 0
7976 5.179469771868908 2.342603643633706 0
7977 16.33262264816121 5.061198587468611 0
7978 16.74489327805212 5.52611180219471 0
7979 2.021828581195989 5.786990731127396 0
7980 2.200233429464196 5.786990731127396 0
7981 9.945551082141158 0.9860406563911854 0
7982 9.828883391762584 0.7561860962781296 0
7983 17.43526373568572 5.52611180219471 0
7984 20.09325042192441 1.458962834887652 0
7985 20.40365586181403 1.450439603474686 0
7986 2.92417202855794 1.676348947008362 0
7987 6.728095833759255 0.7550509656610815 0
7988 6.564157492020206 0.7550509656610815 0
7989 13.16808854883227 0.7960296733747924 0
7990 12.99979584188358 1.057507847024744 0
7991 18.09186033602345 4.046525519105121 0
7992 18.04879107282573 4.566896002032273 0
7993 10.16623988364131 5.240303022271489 0
7994 10.2186159037247 5.696044368177654 0
7995 12.54677045599493 4.6299203740908 0
7996 2.841734832672333 0.9522447385937225 0
7997 5.961669519756759 1.872539276988476 0
7998 6.004099491875562 1.685259643863675 0
7999 6.088313982455074 1.829290359572174 0
8000 16.61530912818582 4.661871455738419 0
8001 17.24868525607187 4.606562516187946 0
8002 12.89942679059735 4.589638992621012 0
8003 3.300388353378864 0.8804853437989217 0
8004 20.41936287439714 3.202929548525821 0
8005 20.75173528076849 3.044852522630602 0
8006 17.47164613320384 3.598696193682196 0
8007 17.74719981458886 3.173275914330021 0
8008 17.84419364864035 3.735481148634296 0
8009 4.616574536372044 1.164003465075084 0
8010 4.504976898346727 1.210958985234138 0
8011 5.949299095589892 4.775670139397066 0
8012 6.209006797401656 4.863264516763526 0
8013 9.562165226913317 3.440668653332251 0
8014 9.564532110932392 3.707815602447815 0
8015 5.066326796214201 2.414809521222876 0
8016 4.931797621801131 2.485165141863137 0
8017 4.918083398578754 2.338658049176396 0
8018 12.39419288438091 2.495019272013492 0
8019 8.874933526955385 2.427690007749866 0
8020 8.867818501724159 2.73446924537178 0
8021 10.67863889241277 5.696044368177654 0
8022 10.75786733137417 5.209416250282196 0
8023 10.75834447596998 4.916790958281294 0
8024 10.70424649672066 4.521660583329238 0
8025 3.8143583698341 1.222593203514452 0
8026 7.433972436786608 3.25595742866603 0
8027 3.248320936200923 1.400548790117648 0
8028 3.758592780172911 0.6917521024724407 0
8029 3.098501906650634 0.9118595975517987 0
8030 4.545547129829171 0.6950855179880799 0
8031 7.496830662637513 2.399950312813539 0
8032 7.290856207738527 2.463085010544378 0
8033 2.605565222510866 1.383025426610815 0
8034 10.14404519466287 3.591647182857364 0
8035 4.613676298130189 1.626665585782868 0
8036 4.542154256704109 1.722737324521552 0
8037 4.970565517183012 2.786892037587787 0
8038 4.908403999692762 2.92344060353247 0
8039 3.678891162636373 1.155861939893056 0
8040 10.42803451115706 3.987840121455732 0
8041 10.67279079806399 4.244113496476138 0
8042 5.78604352701265 1.859261596999388 0
8043 5.627540741290575 1.833073535009941 0
8044 9.350369841445559 2.270691648904803 0
8045 6.223655579443014 1.741650998114965 0
8046 6.181225607324211 1.928930631239766 0
8047 20.76973592134919 1.609774631826767 0
8048 10.53401180188524 0.776914398085377 0
8049 10.41734411150667 1.006768958198433 0
8050 4.814011822842099 2.545880875205936 0
8051 4.962255220477546 2.622032347252417 0
8052 17.34484478959935 5.061031239842539 0
8053 17.85137798039666 5.534919437647829 0
8054 14.538595089945 2.087779888832709 0
8055 5.264567182622974 0.8147170122752589 0
8056 4.522306964032889 2.380540515835768 0
8057 4.374072982601028 2.257169733328406 0
8058 14.94129731484621 1.533603883143448 0
8059 10.42703072783504 4.529291065500406 0
8060 4.651078865487914 1.826393716739304 0
8061 9.528480985853941 1.371519106528135 0
8062 9.322191551068599 1.245978494153356 0
8063 9.538126919030381 3.177641722254179 0
8064 13.7533061143882 0.8508570376936344 0
8065 2.256154669607614 2.381385885055754 0
8066 2.49840616694294 2.515880830848336 0
8067 5.382631324545425 2.840192660883024 0
8068 4.597223955908755 5.478768305292727 0
8069 2.54585034472604 1.172435430910973 0
8070 2.50681951685681 1.043078586766763 0
8071 6.490450733652173 1.816185918929726 0
8072 6.336967031685568 1.683257301104687 0
8073 6.51085056102559 1.658151950251856 0
8074 2.588044075497134 2.192493149400093 0
8075 2.444848859302859 2.080203223298068 0
8076 2.604562480831087 1.985549715066466 0
8077 9.934596278505667 1.179356674925333 0
8078 6.659945318214319 1.635719661754574 0
8079 2.263059658062242 2.145767365520187 0
8080 7.553973891169328 4.121001957219267 0
8081 7.390744747832963 4.244024732306396 0
8082 14.34224408142162 5.529112298985027 0
8083 14.94524037733199 5.529112298985027 0
8084 11.08304982436241 1.354750112762911 0
8085 10.82018218452232 1.446146763743416 0
8086 4.226939897962835 2.154566899627539 0
8087 3.582429667078512 1.21373786450638 0
8088 4.510924319719319 1.314806053371447 0
8089 7.884360097709779 4.870014489322486 0
8090 8.199754620883528 4.963500766430499 0
8091 8.042742990035125 5.161455719692476 0
8092 15.17817578116723 5.064199084258927 0
8093 12.49339397771681 2.806599067609274 0
8094 7.245643870220825 4.420320195081967 0
8095 1.693981615988918 0.9025975343131446 0
8096 1.8840088332999 0.8490003399871721 0
8097 19.0224034543854 3.127546300009061 0
8098 4.381243222739665 3.725858870435211 0
8099 4.526592238510462 3.564753234629836 0
8100 2.94638769370763 4.979749240389243 0
8101 5.213681311119823 0.68424089206284 0
8102 5.475273735111848 5.814280566591767 0
8103 3.59942220304439 5.824946154978853 0
8104 3.833274565789696 5.824946154978853 0
8105 5.967642428686355 3.715467783550136 0
8106 6.116332233943411 0.7121138416727737 0
8107 5.602968982453729 0.7103928905180541 0
8108 4.877604585131297 3.080891033852171 0
8109 11.76863899919522 5.690523122596157 0
8110 2.47189474736601 0.9656917687470319 0
8111 2.388924330998822 0.8727930944704316 0
8112 9.881777329619675 3.703927592479492 0
8113 9.618713044362075 3.952385093476737 0
8114 4.223350997338113 3.42894183353389 0
8115 4.090964668813697 3.360460471599005 0
8116 6.786264449332181 1.508761499056329 0
8117 13.91792677164829 3.40065651239248 0
8118 13.68270826131744 3.150251658811944 0
8119 3.201765584817056 0.8968814126210742 0
8120 18.98235233180766 3.652216040404114 0
8121 18.65513182736931 3.407479869828716 0
8122 2.584195281913358 5.857733818157906 0
8123 2.686323137014773 5.677577584105164 0
8124 20.71577841656201 3.994038581928617 0
8125 9.13429722393203 1.21171349118823 0
8126 8.915874945564088 1.158118226845519 0
8127 6.388735251245972 3.187751246872811 0
8128 6.401177451411719 0.6970945831444267 0
8129 6.542166448260829 3.258153577123435 0
8130 11.28209636949981 2.629110695424716 0
8131 2.609411906284769 0.6706290911613386 0
8132 18.99929984980258 0.8820231648310772 0
8133 3.605974457128055 2.510964991752724 0
8134 15.71955935544502 0.8851707243428433 0
8135 15.55271578742305 1.240843950128274 0
8136 2.525250347469007 0.6706290911613386 0
8137 4.830903042936487 5.830152917375908 0
8138 5.188794541385562 5.814280566591767 0
8139 3.189851305839995 5.877096558665754 0
8140 4.944791884171512 1.750308463360216 0
8141 5.106174812232882 1.64673709049526 0
8142 5.075195558627521 1.799751149348301 0
8143 5.553400890214447 1.942144250219182 0
8144 5.48630960665697 1.785203152510324 0
8145 10.27555437382559 2.13274921111752 0
8146 19.97226643465892 4.459091081864653 0
8147 5.170755831645312 5.572883366710569 0
8148 2.74895897652303 0.8887633258027726 0
8149 9.266084906455507 5.74466903919814 0
8150 2.921703874391508 1.846506477100621 0
8151 16.69867970064158 0.845493874732967 0
8152 16.33947060181456 0.845493874732967 0
8153 7.413764014134969 0.7300715684344747 0
8154 7.236448302285615 0.7300715684344747 0
8155 2.873668221562144 0.6686560551282348 0
8156 2.831013498582347 0.7582958957301243 0
8157 1.910162397437432 0.6661288730489987 0
8158 1.868455240198597 0.7433129379446028 0
8159 3.965348034247671 3.206706718465687 0
8160 4.440925285831383 0.6688120856999382 0
8161 6.041506523481175 0.9933099848380507 0
8162 2.300733137611618 0.9258103914416085 0
8163 2.306352196353767 1.054203295122664 0
8164 18.0801777878223 2.855013995352411 0
8165 7.723610128734473 3.967817948958307 0
8166 7.72362669436284 4.277940985318271 0
8167 5.513719669777727 0.840869010730473 0
8168 20.60409872286045 5.306757112139958 0
8169 14.9546799999826 1.960936400132034 0
8170 15.22365855260326 1.738678968559447 0
8171 7.962984609415267 3.354578939207994 0
8172 7.650546469815016 3.261551779133762 0
8173 6.884336631447944 0.6964124875455082 0
8174 8.601582857251341 5.755980864399287 0
8175 9.003384753368268 5.755980864399287 0
8176 12.97769794790906 1.329291329180327 0
8177 7.4330796722928 4.629412410622276 0
8178 18.36741401740847 3.621105239752946 0
8179 19.84453152675835 1.403096477577567 0
8180 20.01912098576361 1.158675346720743 0
8181 16.06495272088683 0.8851707243428433 0
8182 19.42338262025251 5.442475163836358 0
8183 3.639857049432181 2.668911626302074 0
8184 20.80978445790839 1.001152268682635 0
8185 20.80978445790839 0.7757387992650946 0
8186 6.3346441378757 4.686076939989388 0
8187 1.982104051471907 0.6661288730489987 0
8188 20.60409872286045 5.694059420835151 0
8189 4.213814195552109 0.6922006584917616 0
8190 4.098633290793333 0.6922006584917616 0
8191 3.867558542808256 0.6737585430720158 0
8192 3.814312933111566 0.7655106455444565 0
8193 20.21457410939017 2.89711698442834 0
8194 12.75304555605964 2.906811833306909 0
8195 13.02414138046417 3.022237450633225 0
8196 3.092154409392833 3.012199927251162 0
8197 8.213343820903201 1.124199452069893 0
8198 6.150514782072692 1.099504251553555 0
8199 6.185726759135211 0.9304219500610518 0
8200 13.46333224212128 0.7960296733747924 0
8201 2.320327589685241 0.7463571230955421 0
8202 2.280292649356304 0.6610536526314403 0
8203 3.244824384004021 3.146658984684513 0
8204 2.748264866919499 2.266748413866325 0
8205 2.588551245391272 2.361401922097927 0
8206 16.32797500195284 2.305815643555388 0
8207 16.11829091899372 2.000390955602784 0
8208 19.81369357924799 5.694059420835151 0
8209 17.53415856559736 0.861745275810998 0
8210 4.54218675936137 3.431709848342212 0
8211 4.365690747536308 3.453571028181265 0
8212 8.337188665691539 5.627470998400245 0
8213 8.622531704768676 5.383451862799532 0
8214 16.91625212164325 0.9972475203294435 0
8215 16.66176389023635 1.24274139506241 0
8216 7.494360904920097 0.9575563624175021 0
8217 7.505968184213357 0.8246462743579683 0
8218 7.667512933241774 0.9220594999065208 0
8219 6.377215448264298 2.0368881281509 0
8220 6.241873851276359 2.124527489608109 0
8221 5.003266930846467 5.758602800118801 0
8222 3.029915275212031 2.113639232014547 0
8223 3.768949821616231 3.069867937850125 0
8224 3.871115759934018 2.902815423533102 0
8225 3.916349395474745 3.06279600459048 0
8226 3.75572831293821 2.749039837599295 0
8227 18.14495060635321 5.021364725686865 0
8228 17.66479950078281 4.615370151641065 0
8229 12.45710985903311 1.03773705215264 0
8230 12.34151439883414 0.7762588785026892 0
8231 3.408404914255653 5.877096558665754 0
8232 3.49014539883656 5.702042713644607 0
8233 7.741359527237702 5.79058476974841 0
8234 8.116875315981535 5.79058476974841 0
8235 19.26978759597961 0.9980596386389891 0
8236 18.98360070346131 1.280082803470066 0
8237 4.269032780103228 0.8489749105116107 0
8238 4.271249402580725 0.7610127441916998 0
8239 4.677121121769479 3.386114845467691 0
8240 7.542395303238445 1.261447127974339 0
8241 7.522418155056863 1.097002991267068 0
8242 2.202480555986406 0.6610536526314403 0
8243 2.165070895990123 0.7426976778892621 0
8244 5.205923161759385 1.852193722463775 0
8245 18.67805055671614 1.517463379222441 0
8246 7.151200363208412 0.8264840559799831 0
8247 7.054832509602347 0.6964124875455082 0
8248 1.705457145298998 5.849922105608051 0
8249 1.872190649369593 5.849922105608051 0
8250 2.514558082008502 5.53956841187278 0
8251 2.303258818425498 5.644724549285302 0
8252 2.393302093638906 5.857733818157906 0
8253 7.363613244953287 5.145271857090146 0
8254 19.94816825388862 0.8514044947053283 0
8255 19.52794441645921 0.8514044947053283 0
8256 18.40746513998621 3.096435499357892 0
8257 9.611674212596999 4.514808596217241 0
8258 9.858060936959532 4.766366511140649 0
8259 5.373163664607839 1.282262532486978 0
8260 8.13782416349887 5.418055768148655 0
8261 7.82242964032512 5.324569491040641 0
8262 4.81286433319624 5.588755717494709 0
8263 6.243544430636961 0.6970945831444267 0
8264 12.65298354828359 1.344618084516868 0
8265 8.273127755224769 4.713852543826189 0
8266 8.431510647550114 5.005293774196179 0
8267 4.207756476487205 3.561985219821514 0
8268 7.586916042456647 0.6945747059234936 0
8269 2.01951371146819 0.7477728983068205 0
8270 4.043602574728236 0.7659592015637774 0
8271 3.978309411812007 0.6737585430720158 0
8272 2.898611682619128 2.022583980234777 0
8273 2.879061289618265 2.188894892948262 0
8274 7.934897314644253 3.598240779776687 0
8275 1.96450084152066 0.8379451481405668 0
8276 7.519758677324641 4.947834635124893 0
8277 7.640669461829535 4.749547218081847 0
8278 4.843108388464007 3.217637245682181 0
8279 12.06854500842708 0.7762588785026892 0
8280 12.18570558864198 3.285615289182865 0
8281 8.379376944992892 1.186545709443746 0
8282 8.207874980570953 1.318630149777119 0
8283 2.770849888797742 1.921762138034336 0
8284 7.64966909471571 3.636041833012561 0
8285 7.839185545469505 3.77307786762343 0
8286 6.417361404914105 3.553958644102144 0
8287 6.548571736369245 3.691732363506753 0
8288 20.62177106183644 1.489178426351789 0
8289 20.85203514048724 1.412615555260014 0
8290 5.993508775147855 1.294116850096331 0
8291 7.571203034490021 5.265406664549716 0
8292 7.190554201467982 0.9490150899504084 0
8293 4.321137144423274 0.6688120856999382 0
8294 2.515759766924349 1.283913521768592 0
8295 2.879568459512403 2.357803665646095 0
8296 8.25310999243451 1.865915749011021 0
8297 8.21156119142556 2.054860014722786 0
8298 2.627654672603468 1.80947221193231 0
8299 10.14983033521412 4.625526933223568 0
8300 10.11837463655745 4.347979846370468 0
8301 4.275595502210036 0.9614219885308927 0
8302 4.17048917581637 0.8968483950028052 0
8303 12.22253617174542 1.128938592383223 0
8304 12.46532045943629 1.214157887530485 0
8305 8.388735613184616 1.706686820419765 0
8306 19.51224527011795 1.249464133344317 0
8307 4.643887848108744 2.314473586371776 0
8308 4.661973340089829 2.475080599280648 0
8309 5.324374121134866 1.795226822101455 0
8310 16.1740588222031 2.65592152778626 0
8311 5.502653387723642 1.237544359959722 0
8312 7.967317330243084 4.398408256558909 0
8313 7.797681092677938 4.551592264819869 0
8314 8.705114596786096 5.134739010797382 0
8315 8.778487731127338 4.885090788193072 0
8316 3.376596215122508 3.029495449678143 0
8317 10.16671702823712 4.947677730270588 0
8318 7.771324382613413 0.6945747059234936 0
8319 2.833218405877833 0.8427610939947292 0
8320 17.16058110417653 0.861745275810998 0
8321 8.169829260194479 4.476312862379567 0
8322 8.095774861879381 4.202661582877968 0
8323 11.98192241867145 1.04339538348565 0
8324 4.682385351410886 2.047318187856558 0
8325 4.755646210648665 1.923936777146337 0
8326 3.961895630900863 0.8270426227255652 0
8327 4.082219509882188 0.845484738145311 0
8328 8.485041650789144 4.130150800833865 0
8329 8.569738159080449 4.352015714941128 0
8330 12.49832845740881 3.089339729863751 0
8331 5.416679467441143 2.019947412773782 0
8332 7.360873406028445 0.9995897657185153 0
8333 13.56680980086449 2.853717776041246 0
8334 7.830817222504907 0.8490006219592667 0
8335 15.47642608392715 1.947853872475031 0
8336 15.8469225534944 2.02018795631125 0
8337 4.635756192071199 2.185009423280298 0
8338 20.37275166649823 0.7757387992650946 0
8339 20.44370439837322 1.083009651280509 0
8340 20.19688714905468 0.9072708520154145 0
8341 8.008838348663016 3.930016895722433 0
8342 9.091193647997486 2.339050114499849 0
8343 15.98717929561396 1.709899258693563 0
8344 15.46304339879076 1.520521355486445 0
8345 4.809245285405401 1.805779461806225 0
8346 4.840224539010762 1.652765402953183 0
8347 20.85203514048724 1.171423144310059 0
8348 16.35136956517399 1.390545003725516 0
8349 4.775422568128139 2.279549506725178 0
8350 9.473350735372438 1.605294466512836 0
8351 9.242757507014874 1.571651104754113 0
8352 10.56527021417957 2.072090087616187 0
8353 4.091543100362285 3.676016228582194 0
8354 3.967152106935588 3.830763235779732 0
8355 8.673036654110739 4.58955539638775 0
8356 8.401585286861067 4.518105870145247 0
8357 5.088351316142044 2.726176304244988 0
8358 8.969508788345898 5.263248876796425 0
8359 7.528806830862051 3.455610394698086 0
8360 15.80548331874694 1.450018854043858 0
8361 16.07685168424626 1.430221853335392 0
8362 8.249573016479602 1.52414897604806 0
8363 5.193183995091285 2.489110736320447 0
8364 8.211350278614413 4.007921501543091 0
8365 4.289685164881805 1.069550104823433 0
8366 6.756931193950711 1.374596869664194 0
8367 16.16967358830696 1.13066459907581 0
8368 6.055733479225465 1.53392607015474 0
8369 4.565155010434376 1.418604002005021 0
8370 20.66181959839563 1.121748474157613 0
8371 3.499070849813558 2.917826228188468 0
8372 3.614942113319587 2.99795443948569 0
8373 5.254254528625566 2.792813541591144 0
8374 5.2459442319201 2.627953851255773 0
8375 3.887693436439171 0.8350939509357244 0
8376 3.778727673803827 0.8530875103361493 0
8377 8.345715190399467 2.257324144981986 0
8378 9.888566253492947 4.196356398801022 0
8379 9.571321034805663 4.200244408769345 0
8380 2.412179869581183 1.05236606603239 0
8381 2.341276965844568 1.131590113142394 0
8382 13.40620118562965 3.151456288475764 0
8383 8.946640603346721 4.719000632988953 0
8384 9.341821003466126 4.270837290892956 0
8385 9.11168185379379 4.504433359762242 0
8386 3.607844922569475 2.829759145495526 0
8387 15.73006340606237 3.20594710581673 0
8388 16.02492555701116 2.917730269661331 0
8389 2.232136396298039 0.799374420066719 0
8390 2.312402368520057 0.8236242378993803 0
8391 6.093595312279307 1.370235601248956 0
8392 6.168605787627719 1.478320257541588 0
8393 4.633164782731228 1.511166744352288 0
8394 6.244055406816431 1.583617029437095 0
8395 4.72416642484569 1.592737559968612 0
8396 10.16576664611387 4.100120531077859 0
8397 6.437023531945313 3.398987105277429 0
8398 10.19822612809255 3.836216673886287 0
8399 4.111183259360432 2.267855426771305 0
8400 2.417014061270294 1.24123097490974 0
8401 20.48595508095207 1.253280526907933 0
8402 4.123535265943441 3.962707672510687 0
8403 2.789084055185442 4.848328697759908 0
8404 9.174274331126611 1.409768980466591 0
8405 6.203930697237243 0.8092084248172005 0
8406 5.29371879620536 1.951240768081885 0
8407 4.265029846614746 3.839889879195891 0
8408 7.666284207953765 5.522006713005895 0
8409 4.23388285056048 3.70064542322957 0
8410 9.149626049415716 5.500649903597427 0
8411 10.4580092818959 5.099463444354408 0
8412 6.106381083550108 1.238511037483179 0
8413 1.693981615988918 0.677184064895604 0
$EndNodes
$Elements
4484
1 8 2 1 1 1 17 24
2 8 2 1 1 17 18 25
3 8 2 1 1 18 19 26
4 8 2 1 1 19 20 27
5 8 2 1 1 20 21 28
6 8 2 1 1 21 22 29
7 8 2 1 1 22 23 30
8 8 2 1 1 23 2 31
9 8 2 2 2 2 32 34
10 8 2 2 2 32 33 35
11 8 2 2 2 33 3 36
12 8 2 3 3 3 37 60
13 8 2 3 3 37 38 61
14 8 2 3 3 38 39 62
15 8 2 3 3 39 40 63
16 8 2 3 3 40 41 64
17 8 2 3 3 41 42 65
18 8 2 3 3 42 43 66
19 8 2 3 3 43 44 67
20 8 2 3 3 44 45 68
21 8 2 3 3 45 46 69
22 8 2 3 3 46 47 70
23 8 2 3 3 47 48 71
24 8 2 3 3 48 49 72
25 8 2 3 3 49 50 73
26 8 2 3 3 50 51 74
27 8 2 3 3 51 52 75
28 8 2 3 3 52 53 76
29 8 2 3 3 53 54 77
30 8 2 3 3 54 55 78
31 8 2 3 3 55 56 79
32 8 2 3 3 56 57 80
33 8 2 3 3 57 58 81
34 8 2 3 3 58 59 82
35 8 2 3 3 59 4 83
36 8 2 4 4 1 84 92
37 8 2 4 4 84 85 93
38 8 2 4 4 85 86 94
39 8 2 4 4 86 87 95
40 8 2 4 4 87 88 96
41 8 2 4 4 88 89 97
42 8 2 4 4 89 90 98
43 8 2 4 4 90 91 99
44 8 2 4 4 91 5 100
45 8 2 5 5 2 101 109
46 8 2 5 5 101 102 110
47 8 2 5 5 102 103 111
48 8 2 5 5 103 104 112
49 8 2 5 5 104 105 113
50 8 2 5 5 105 106 114
51 8 2 5 5 106 107 115
52 8 2 5 5 107 108 116
53 8 2 5 5 108 6 117
54 8 2 6 6 3 118 126
55 8 2 6 6 118 119 127
56 8 2 6 6 119 120 128
57 8 2 6 6 120 121 129
58 8 2 6 6 121 122 130
59 8 2 6 6 122 123 131
60 8 2 6 6 123 124 132
61 8 2 6 6 124 125 133
62 8 2 6 6 125 7 134
63 8 2 7 7 4 135 143
64 8 2 7 7 135 136 144
65 8 2 7 7 136 137 145
66 8 2 7 7 137 138 146
67 8 2 7 7 138 139 147
68 8 2 7 7 139 140 148
69 8 2 7 7 140 141 149
70 8 2 7 7 141 142 150
71 8 2 7 7 142 8 151
72 8 2 8 8 5 152 159
73 8 2 8 8 152 153 160
74 8 2 8 8 153 154 161
75 8 2 8 8 154 155 162
76 8 2 8 8 155 156 163
77 8 2 8 8 156 157 164
78 8 2 8 8 157 158 165
79 8 2 8 8 158 6 166
80 8 2 9 9 6 167 190
81 8 2 9 9 167 168 191
82 8 2 9 9 168 169 192
83 8 2 9 9 169 170 193
84 8 2 9 9 170 171 194
85 8 2 9 9 171 172 195
86 8 2 9 9 172 173 196
87 8 2 9 9 173 174 197
88 8 2 9 9 174 175 198
89 8 2 9 9 175 176 199
90 8 2 9 9 176 177 200
91 8 2 9 9 177 178 201
92 8 2 9 9 178 179 202
93 8 2 9 9 179 180 203
94 8 2 9 9 180 181 204
95 8 2 9 9 181 182 205
96 8 2 9 9 182 183 206
97 8 2 9 9 183 184 207
98 8 2 9 9 184 185 208
99 8 2 9 9 185 186 209
100 8 2 9 9 186 187 210
101 8 2 9 9 187 188 211
102 8 2 9 9 188 189 212
103 8 2 9 9 189 7 213
104 8 2 10 10 7 214 262
105 8 2 10 10 214 215 263
106 8 2 10 10 215 216 264
107 8 2 10 10 216 217 265
108 8 2 10 10 217 218 266
109 8 2 10 10 218 219 267
110 8 2 10 10 219 220 268
111 8 2 10 10 220 221 269
112 8 2 10 10 221 222 270
113 8 2 10 10 222 223 271
114 8 2 10 10 223 224 272
115 8 2 10 10 224 225 273
116 8 2 10 10 225 226 274
117 8 2 10 10 226 227 275
118 8 2 10 10 227 228 276
119 8 2 10 10 228 229 277
120 8 2 10 10 229 230 278
121 8 2 10 10 230 231 279
122 8 2 10 10 231 232 280
123 8 2 10 10 232 233 281
124 8 2 10 10 233 234 282
125 8 2 10 10 234 235 283
126 8 2 10 10 235 236 284
127 8 2 10 10 236 237 285
128 8 2 10 10 237 238 286
129 8 2 10 10 238 239 287
130 8 2 10 10 239 240 288
131 8 2 10 10 240 241 289
132 8 2 10 10 241 242 290
133 8 2 10 10 242 243 291
134 8 2 10 10 243 244 292
135 8 2 10 10 244 245 293
136 8 2 10 10 245 246 294
137 8 2 10 10 246 247 295
138 8 2 10 10 247 248 296
139 8 2 10 10 248 249 297
140 8 2 10 10 249 250 298
141 8 2 10 10 250 251 299
142 8 2 10 10 251 252 300
143 8 2 10 10 252 253 301
144 8 2 10 10 253 254 302
145 8 2 10 10 254 255 303
146 8 2 10 10 255 256 304
147 8 2 10 10 256 257 305
148 8 2 10 10 257 258 306
149 8 2 10 10 258 259 307
150 8 2 10 10 259 260 308
151 8 2 10 10 260 261 309
152 8 2 10 10 261 8 310
153 8 2 11 11 5 311 313
154 8 2 11 11 311 312 314
155 8 2 11 11 312 9 315
156 8 2 12 12 6 316 327
157 8 2 12 12 316 317 328
158 8 2 12 12 317 318 329
159 8 2 12 12 318 319 330
160 8 2 12 12 319 320 331
161 8 2 12 12 320 321 332
162 8 2 12 12 321 322 333
163 8 2 12 12 322 323 334
164 8 2 12 12 323 324 335
165 8 2 12 12 324 325 336
166 8 2 12 12 325 326 337
167 8 2 12 12 326 10 338
168 8 2 13 13 7 339 350
169 8 2 13 13 339 340 351
170 8 2 13 13 340 341 352
171 8 2 13 13 341 342 353
172 8 2 13 13 342 343 354
173 8 2 13 13 343 344 355
174 8 2 13 13 344 345 356
175 8 2 13 13 345 346 357
176 8 2 13 13 346 347 358
177 8 2 13 13 347 348 359
178 8 2 13 13 348 349 360
179 8 2 13 13 349 11 361
180 8 2 14 14 8 362 364
181 8 2 14 14 362 363 365
182 8 2 14 14 363 12 366
183 8 2 15 15 9 367 374
184 8 2 15 15 367 368 375
185 8 2 15 15 368 369 376
186 8 2 15 15 369 370 377
187 8 2 15 15 370 371 378
188 8 2 15 15 371 372 379
189 8 2 15 15 372 373 380
190 8 2 15 15 373 10 381
191 8 2 16 16 10 382 405
192 8 2 16 16 382 383 406
193 8 2 16 16 383 384 407
194 8 2 16 16 384 385 408
195 8 2 16 16 385 386 409
196 8 2 16 16 386 387 410
197 8 2 16 16 387 388 411
198 8 2 16 16 388 389 412
199 8 2 16 16 389 390 413
200 8 2 16 16 390 391 414
201 8 2 16 16 391 392 415
202 8 2 16 16 392 393 416
203 8 2 16 16 393 394 417
204 8 2 16 16 394 395 418
205 8 2 16 16 395 396 419
206 8 2 16 16 396 397 420
207 8 2 16 16 397 398 421
208 8 2 16 16 398 399 422
209 8 2 16 16 399 400 423
210 8 2 16 16 400 401 424
211 8 2 16 16 401 402 425
212 8 2 16 16 402 403 426
213 8 2 16 16 403 404 427
214 8 2 16 16 404 11 428
215 8 2 17 17 11 429 477
216 8 2 17 17 429 430 478
217 8 2 17 17 430 431 479
218 8 2 17 17 431 432 480
219 8 2 17 17 432 433 481
220 8 2 17 17 433 434 482
221 8 2 17 17 434 435 483
222 8 2 17 17 435 436 484
223 8 2 17 17 436 437 485
224 8 2 17 17 437 438 486
225 8 2 17 17 438 439 487
226 8 2 17 17 439 440 488
227 8 2 17 17 440 441 489
228 8 2 17 17 441 442 490
229 8 2 17 17 442 443 491
230 8 2 17 17 443 444 492
231 8 2 17 17 444 445 493
232 8 2 17 17 445 446 494
233 8 2 17 17 446 447 495
234 8 2 17 17 447 448 496
235 8 2 17 17 448 449 497
236 8 2 17 17 449 450 498
237 8 2 17 17 450 451 499
238 8 2 17 17 451 452 500
239 8 2 17 17 452 453 501
240 8 2 17 17 453 454 502
241 8 2 17 17 454 455 503
242 8 2 17 17 455 456 504
243 8 2 17 17 456 457 505
244 8 2 17 17 457 458 506
245 8 2 17 17 458 459 507
246 8 2 17 17 459 460 508
247 8 2 17 17 460 461 509
248 8 2 17 17 461 462 510
249 8 2 17 17 462 463 511
250 8 2 17 17 463 464 512
251 8 2 17 17 464 465 513
252 8 2 17 17 465 466 514
253 8 2 17 17 466 467 515
254 8 2 17 17 467 468 516
255 8 2 17 17 468 469 517
256 8 2 17 17 469 470 518
257 8 2 17 17 470 471 519
258 8 2 17 17 471 472 520
259 8 2 17 17 472 473 521
260 8 2 17 17 473 474 522
261 8 2 17 17 474 475 523
262 8 2 17 17 475 476 524
263 8 2 17 17 476 12 525
264 8 2 18 18 9 526 534
265 8 2 18 18 526 527 535
266 8 2 18 18 527 528 536
267 8 2 18 18 528 529 537
268 8 2 18 18 529 530 538
269 8 2 18 18 530 531 539
270 8 2 18 18 531 532 540
271 8 2 18 18 532 533 541
272 8 2 18 18 533 13 542
273 8 2 19 19 10 543 551
274 8 2 19 19 543 544 552
275 8 2 19 19 544 545 553
276 8 2 19 19 545 546 554
277 8 2 19 19 546 547 555
278 8 2 19 19 547 548 556
279 8 2 19 19 548 549 557
280 8 2 19 19 549 550 558
281 8 2 19 19 550 14 559
282 8 2 20 20 11 560 568
283 8 2 20 20 560 561 569
284 8 2 20 20 561 562 570
285 8 2 20 20 562 563 571
286 8 2 20 20 563 564 572
287 8 2 20 20 564 565 573
288 8 2 20 20 565 566 574
289 8 2 20 20 566 567 575
290 8 2 20 20 567 15 576
291 8 2 21 21 12 577 585
292 8 2 21 21 577 578 586
293 8 2 21 21 578 579 587
294 8 2 21 21 579 580 588
295 8 2 21 21 580 581 589
296 8 2 21 21 581 582 590
297 8 2 21 21 582 583 591
298 8 2 21 21 583 584 592
299 8 2 21 21 584 16 593
300 8 2 22 22 13 594 601
301 8 2 22 22 594 595 602
302 8 2 22 22 595 596 603
303 8 2 22 22 596 597 604
304 8 2 22 22 597 598 605
305 8 2 22 22 598 599 606
306 8 2 22 22 599 600 607
307 8 2 22 22 600 14 608
308 8 2 23 23 14 609 611
309 8 2 23 23 609 610 612
310 8 2 23 23 610 15 613
311 8 2 24 24 15 614 637
312 8 2 24 24 614 615 638
313 8 2 24 24 615 616 639
314 8 2 24 24 616 617 640
315 8 2 24 24 617 618 641
316 8 2 24 24 618 619 642
317 8 2 24 24 619 620 643
318 8 2 24 24 620 621 644
319 8 2 24 24 621 622 645
320 8 2 24 24 622 623 646
321 8 2 24 24 623 624 647
322 8 2 24 24 624 625 648
323 8 2 24 24 625 626 649
324 8 2 24 24 626 627 650
325 8 2 24 24 627 628 651
326 8 2 24 24 628 629 652
327 8 2 24 24 629 630 653
328 8 2 24 24 630 631 654
329 8 2 24 24 631 632 655
330 8 2 24 24 632 633 656
331 8 2 24 24 633 634 657
332 8 2 24 24 634 635 658
333 8 2 24 24 635 636 659
334 8 2 24 24 636 16 660
335 9 2 25 34 2 101 722 109 742 743
336 9 2 25 34 682 710 720 744 745 746
337 9 2 25 34 84 676 727 747 748 749
338 9 2 25 34 671 710 682 750 744 751
339 9 2 25 34 675 692 699 752 753 754
340 9 2 25 34 663 680 690 755 756 757
341 9 2 25 34 665 729 677 758 759 760
342 9 2 25 34 673 686 725 761 762 763
343 9 2 25 34 673 707 686 764 765 761
344 9 2 25 34 668 699 692 766 753 767
345 9 2 25 34 661 725 686 768 762 769
346 9 2 25 34 84 727 85 749 770 93
347 9 2 25 34 664 686 707 771 765 772
348 9 2 25 34 667 715 714 773 774 775
349 9 2 25 34 671 684 707 776 777 778
350 9 2 25 34 666 679 701 779 780 781
351 9 2 25 34 663 699 680 782 783 755
352 9 2 25 34 104 105 688 113 784 785
353 9 2 25 34 738 102 705 786 787 788
354 9 2 25 34 665 695 729 789 790 758
355 9 2 25 34 105 726 688 791 792 784
356 9 2 25 34 661 680 725 793 794 768
357 9 2 25 34 668 719 681 795 796 797
358 9 2 25 34 665 677 721 760 798 799
359 9 2 25 34 668 681 717 797 800 801
360 9 2 25 34 664 707 684 772 777 802
361 9 2 25 34 86 727 684 803 804 805
362 9 2 25 34 680 736 725 806 807 794
363 9 2 25 34 663 700 713 808 809 810
364 9 2 25 34 666 708 679 811 812 779
365 9 2 25 34 678 714 715 813 774 814
366 9 2 25 34 84 718 676 815 816 747
367 9 2 25 34 90 687 91 817 818 99
368 9 2 25 34 672 713 700 819 809 820
369 9 2 25 34 663 703 699 821 822 782
370 9 2 25 34 101 102 738 110 786 823
371 9 2 25 34 665 683 695 824 825 789
372 9 2 25 34 670 723 682 826 827 828
373 9 2 25 34 671 682 712 751 829 830
374 9 2 25 34 675 699 703 754 822 831
375 9 2 25 34 18 714 678 832 813 833
376 9 2 25 34 86 684 702 805 834 835
377 9 2 25 34 661 724 680 836 837 793
378 9 2 25 34 661 716 683 838 839 840
379 9 2 25 34 670 696 687 841 842 843
380 9 2 25 34 153 681 719 844 796 845
381 9 2 25 34 153 696 681 846 847 844
382 9 2 25 34 667 714 691 775 848 849
383 9 2 25 34 672 688 726 850 792 851
384 9 2 25 34 85 727 86 770 803 94
385 9 2 25 34 18 678 709 833 852 853
386 9 2 25 34 671 702 684 854 834 776
387 9 2 25 34 672 694 713 855 856 819
388 9 2 25 34 663 690 700 757 857 808
389 9 2 25 34 667 716 686 858 859 860
390 9 2 25 34 665 708 683 861 862 824
391 9 2 25 34 685 725 736 863 807 864
392 9 2 25 34 666 701 688 781 865 866
393 9 2 25 34 670 682 720 828 746 867
394 9 2 25 34 669 713 694 868 856 869
395 9 2 25 34 737 666 700 870 871 872
396 9 2 25 34 664 684 740 802 873 874
397 9 2 25 34 679 708 731 812 875 876
398 9 2 25 34 690 737 700 877 872 857
399 9 2 25 34 664 715 686 878 879 771
400 9 2 25 34 661 686 716 769 859 838
401 9 2 25 34 661 683 724 840 880 836
402 9 2 25 34 683 716 695 839 881 825
403 9 2 25 34 665 731 708 882 875 861
404 9 2 25 34 154 692 155 883 884 162
405 9 2 25 34 152 687 696 885 842 886
406 9 2 25 34 104 688 701 785 865 887
407 9 2 25 34 1 17 718 24 888 889
408 9 2 25 34 158 730 689 890 891 892
409 9 2 25 34 668 692 719 767 893 795
410 9 2 25 34 19 20 691 27 894 895
411 9 2 25 34 106 107 694 115 896 897
412 9 2 25 34 671 712 702 830 898 854
413 9 2 25 34 662 720 710 899 745 900
414 9 2 25 34 667 686 715 860 879 773
415 9 2 25 34 156 693 157 901 902 164
416 9 2 25 34 153 719 154 845 903 161
417 9 2 25 34 672 700 688 820 904 850
418 9 2 25 34 108 689 741 905 906 907
419 9 2 25 34 152 698 687 908 909 885
420 9 2 25 34 88 712 723 910 911 912
421 9 2 25 34 86 702 87 835 913 95
422 9 2 25 34 157 730 158 914 890 165
423 9 2 25 34 675 693 732 915 916 917
424 9 2 25 34 668 717 736 801 918 919
425 9 2 25 34 675 703 693 831 920 915
426 9 2 25 34 90 704 687 921 922 817
427 9 2 25 34 20 734 691 923 924 894
428 9 2 25 34 103 104 701 112 887 925
429 9 2 25 34 670 704 723 926 927 826
430 9 2 25 34 677 691 734 928 924 929
431 9 2 25 34 21 22 697 29 930 931
432 9 2 25 34 152 696 153 886 846 160
433 9 2 25 34 1 718 84 889 815 92
434 9 2 25 34 680 724 690 837 932 756
435 9 2 25 34 669 741 689 933 906 934
436 9 2 25 34 108 739 689 935 936 905
437 9 2 25 34 667 695 716 937 881 858
438 9 2 25 34 18 19 714 26 938 832
439 9 2 25 34 666 688 700 866 904 871
440 9 2 25 34 664 728 715 939 940 878
441 9 2 25 34 685 736 717 864 918 941
442 9 2 25 34 107 108 741 116 907 942
443 9 2 25 34 672 726 694 851 943 855
444 9 2 25 34 675 732 692 917 944 752
445 9 2 25 34 91 687 698 818 909 945
446 9 2 25 34 155 692 732 884 944 946
447 9 2 25 34 669 694 741 869 947 933
448 9 2 25 34 158 689 739 892 936 948
449 9 2 25 34 17 18 709 25 853 949
450 9 2 25 34 156 732 693 950 916 901
451 9 2 25 34 89 704 90 951 921 98
452 9 2 25 34 677 734 697 929 952 953
453 9 2 25 34 22 23 706 30 954 955
454 9 2 25 34 669 693 703 956 920 957
455 9 2 25 34 682 723 712 827 911 829
456 9 2 25 34 106 694 726 897 943 958
457 9 2 25 34 88 723 89 912 959 97
458 9 2 25 34 22 706 697 955 960 930
459 9 2 25 34 677 697 721 953 961 798
460 9 2 25 34 669 689 730 934 891 962
461 9 2 25 34 667 691 729 849 963 964
462 9 2 25 34 5 91 698 100 945 965
463 9 2 25 34 671 707 710 778 966 750
464 9 2 25 34 662 717 711 967 968 969
465 9 2 25 34 669 730 693 962 970 956
466 9 2 25 34 21 697 734 931 952 971
467 9 2 25 34 670 687 704 843 922 926
468 9 2 25 34 670 711 696 972 973 841
469 9 2 25 34 677 729 691 759 963 928
470 9 2 25 34 668 736 699 919 974 766
471 9 2 25 34 678 715 728 814 940 975
472 9 2 25 34 673 710 707 976 966 764
473 9 2 25 34 87 712 88 977 910 96
474 9 2 25 34 154 719 692 903 893 883
475 9 2 25 34 680 699 736 783 974 806
476 9 2 25 34 681 711 717 978 968 800
477 9 2 25 34 107 741 694 942 947 896
478 9 2 25 34 157 693 730 902 970 914
479 9 2 25 34 19 691 714 895 848 938
480 9 2 25 34 103 701 733 925 979 980
481 9 2 25 34 87 702 712 913 898 977
482 9 2 25 34 6 158 739 166 948 981
483 9 2 25 34 155 732 156 946 950 163
484 9 2 25 34 679 733 701 982 979 780
485 9 2 25 34 105 106 726 114 958 791
486 9 2 25 34 20 21 734 28 971 923
487 9 2 25 34 674 697 706 983 960 984
488 9 2 25 34 102 103 733 111 980 985
489 9 2 25 34 667 729 695 964 790 937
490 9 2 25 34 681 696 711 847 973 978
491 9 2 25 34 673 725 735 763 986 987
492 9 2 25 34 662 735 717 988 989 967
493 9 2 25 34 2 722 23 743 990 31
494 9 2 25 34 663 713 703 810 991 821
495 9 2 25 34 685 717 735 941 989 992
496 9 2 25 34 23 722 706 990 993 954
497 9 2 25 34 685 735 725 992 986 863
498 9 2 25 34 676 718 709 816 994 995
499 9 2 25 34 678 728 709 975 996 852
500 9 2 25 34 676 709 728 995 996 997
501 9 2 25 34 669 703 713 957 991 868
502 9 2 25 34 679 731 705 876 998 999
503 9 2 25 34 666 737 708 870 1000 811
504 9 2 25 34 674 738 705 1001 788 1002
505 9 2 25 34 6 739 108 981 935 117
506 9 2 25 34 683 708 737 862 1000 1003
507 9 2 25 34 674 721 697 1004 961 983
508 9 2 25 34 670 720 711 867 1005 972
509 9 2 25 34 89 723 704 959 927 951
510 9 2 25 34 17 709 718 949 994 888
511 9 2 25 34 662 711 720 969 1005 899
512 9 2 25 34 674 705 731 1002 998 1006
513 9 2 25 34 679 705 733 999 1007 982
514 9 2 25 34 673 735 710 987 1008 976
515 9 2 25 34 102 733 705 985 1007 787
516 9 2 25 34 684 727 740 804 1009 873
517 9 2 25 34 662 710 735 900 1008 988
518 9 2 25 34 676 740 727 1010 1009 748
519 9 2 25 34 674 731 721 1006 1011 1004
520 9 2 25 34 665 721 731 799 1011 882
521 9 2 25 34 706 722 738 993 1012 1013
522 9 2 25 34 690 724 737 932 1014 877
523 9 2 25 34 676 728 740 997 1015 1010
524 9 2 25 34 683 737 724 1003 1014 880
525 9 2 25 34 664 740 728 874 1015 939
526 9 2 25 34 674 706 738 984 1013 1001
527 9 2 25 34 101 738 722 823 1012 742
528 9 2 25 34 5 698 152 965 908 159
529 9 2 26 35 1018 1041 1053 1086 1087 1088
530 9 2 26 35 185 1040 186 1089 1090 209
531 9 2 26 35 1019 1028 1029 1091 1092 1093
532 9 2 26 35 171 1042 172 1094 1095 195
533 9 2 26 35 1017 1022 1021 1096 1097 1098
534 9 2 26 35 1017 1066 1039 1099 1100 1101
535 9 2 26 35 101 1047 102 1102 1103 110
536 9 2 26 35 118 119 1046 127 1104 1105
537 9 2 26 35 1027 1047 1046 1106 1107 1108
538 9 2 26 35 1019 1029 1024 1093 1109 1110
539 9 2 26 35 1018 1060 1041 1111 1112 1086
540 9 2 26 35 101 1065 1047 1113 1114 1102
541 9 2 26 35 118 1046 1064 1105 1115 1116
542 9 2 26 35 120 121 1038 129 1117 1118
543 9 2 26 35 103 1037 104 1119 1120 112
544 9 2 26 35 1020 1044 1032 1121 1122 1123
545 9 2 26 35 1070 1020 1043 1124 1125 1126
546 9 2 26 35 1031 1046 1047 1127 1107 1128
547 9 2 26 35 168 1033 1052 1129 1130 1131
548 9 2 26 35 107 1041 1060 1132 1112 1133
549 9 2 26 35 1045 1021 1057 1134 1135 1136
550 9 2 26 35 1020 1032 1085 1123 1137 1138
551 9 2 26 35 1070 1044 1020 1139 1121 1124
552 9 2 26 35 1021 1022 1035 1097 1140 1141
553 9 2 26 35 104 1037 1043 1120 1142 1143
554 9 2 26 35 189 1054 1034 1144 1145 1146
555 9 2 26 35 183 1074 1048 1147 1148 1149
556 9 2 26 35 174 1051 1075 1150 1151 1152
557 9 2 26 35 1037 1070 1043 1153 1126 1142
558 9 2 26 35 1019 1021 1028 1154 1155 1091
559 9 2 26 35 1024 1036 1025 1156 1157 1158
560 9 2 26 35 1041 1071 1053 1159 1160 1087
561 9 2 26 35 1038 1044 1070 1161 1139 1162
562 9 2 26 35 1039 1066 1078 1100 1163 1164
563 9 2 26 35 1017 1039 1069 1101 1165 1166
564 9 2 26 35 1057 1021 1035 1135 1141 1167
565 9 2 26 35 121 1044 1038 1168 1161 1117
566 9 2 26 35 123 124 1039 132 1169 1170
567 9 2 26 35 106 1041 107 1171 1132 115
568 9 2 26 35 125 1055 1069 1172 1173 1174
569 9 2 26 35 1022 1023 1040 1175 1176 1177
570 9 2 26 35 1025 1042 1026 1178 1179 1180
571 9 2 26 35 180 1045 181 1181 1182 204
572 9 2 26 35 104 1043 105 1143 1183 113
573 9 2 26 35 120 1038 1058 1118 1184 1185
574 9 2 26 35 103 1059 1037 1186 1187 1119
575 9 2 26 35 1016 1078 1066 1188 1163 1189
576 9 2 26 35 1027 1070 1037 1190 1153 1191
577 9 2 26 35 1027 1038 1070 1192 1162 1190
578 9 2 26 35 169 1052 170 1193 1194 193
579 9 2 26 35 185 1081 1040 1195 1196 1089
580 9 2 26 35 124 1069 1039 1197 1165 1169
581 9 2 26 35 172 1042 1083 1095 1198 1199
582 9 2 26 35 187 1054 188 1200 1201 211
583 9 2 26 35 1031 1047 1065 1128 1114 1202
584 9 2 26 35 1031 1064 1046 1203 1115 1127
585 9 2 26 35 121 122 1044 130 1204 1168
586 9 2 26 35 2 1065 101 1205 1113 109
587 9 2 26 35 3 118 1064 126 1116 1206
588 9 2 26 35 184 1048 1081 1207 1208 1209
589 9 2 26 35 173 1083 1051 1210 1211 1212
590 9 2 26 35 124 125 1069 133 1174 1197
591 9 2 26 35 106 1073 1041 1213 1214 1171
592 9 2 26 35 1027 1058 1038 1215 1184 1192
593 9 2 26 35 1027 1037 1059 1191 1187 1216
594 9 2 26 35 123 1039 1077 1170 1217 1218
595 9 2 26 35 1032 1056 1085 1219 1220 1137
596 9 2 26 35 3 1064 33 1206 1221 36
597 9 2 26 35 2 32 1065 34 1222 1205
598 9 2 26 35 119 120 1058 128 1185 1223
599 9 2 26 35 102 1059 103 1224 1186 111
600 9 2 26 35 1030 1041 1073 1225 1214 1226
601 9 2 26 35 1032 1044 1077 1122 1227 1228
602 9 2 26 35 1032 1077 1039 1228 1217 1229
603 9 2 26 35 1024 1029 1072 1109 1230 1231
604 9 2 26 35 1021 1045 1028 1134 1232 1155
605 9 2 26 35 178 1050 179 1233 1234 202
606 9 2 26 35 176 1049 177 1235 1236 200
607 9 2 26 35 1022 1048 1035 1237 1238 1140
608 9 2 26 35 108 1026 1033 1239 1240 1241
609 9 2 26 35 186 1040 1068 1090 1242 1243
610 9 2 26 35 122 1077 1044 1244 1227 1204
611 9 2 26 35 171 1067 1042 1245 1246 1094
612 9 2 26 35 119 1058 1046 1223 1247 1104
613 9 2 26 35 102 1047 1059 1103 1248 1224
614 9 2 26 35 1030 1073 1043 1226 1249 1250
615 9 2 26 35 1025 1036 1051 1157 1251 1252
616 9 2 26 35 1026 1042 1067 1179 1246 1253
617 9 2 26 35 1017 1021 1080 1098 1254 1255
618 9 2 26 35 105 1043 1073 1183 1249 1256
619 9 2 26 35 1023 1068 1040 1257 1242 1176
620 9 2 26 35 1052 1026 1067 1258 1253 1259
621 9 2 26 35 1030 1043 1085 1250 1260 1261
622 9 2 26 35 1054 1068 1023 1262 1257 1263
623 9 2 26 35 1017 1055 1022 1264 1265 1096
624 9 2 26 35 1032 1039 1078 1229 1164 1266
625 9 2 26 35 1016 1053 1071 1267 1160 1268
626 9 2 26 35 1027 1046 1058 1108 1247 1215
627 9 2 26 35 1027 1059 1047 1216 1248 1106
628 9 2 26 35 1020 1085 1043 1138 1260 1125
629 9 2 26 35 1019 1053 1066 1269 1270 1271
630 9 2 26 35 1028 1050 1029 1272 1273 1092
631 9 2 26 35 1019 1080 1021 1274 1254 1154
632 9 2 26 35 1024 1025 1082 1158 1275 1276
633 9 2 26 35 107 1060 108 1133 1277 116
634 9 2 26 35 1019 1024 1084 1110 1278 1279
635 9 2 26 35 1030 1071 1041 1280 1159 1225
636 9 2 26 35 1022 1055 1023 1265 1281 1175
637 9 2 26 35 1019 1084 1053 1279 1282 1269
638 9 2 26 35 181 1057 182 1283 1284 205
639 9 2 26 35 180 1061 1045 1285 1286 1181
640 9 2 26 35 181 1045 1057 1182 1136 1283
641 9 2 26 35 105 1073 106 1256 1213 114
642 9 2 26 35 179 1061 180 1287 1285 203
643 9 2 26 35 1025 1026 1076 1180 1288 1289
644 9 2 26 35 122 123 1077 131 1218 1244
645 9 2 26 35 177 1063 178 1290 1291 201
646 9 2 26 35 175 1062 176 1292 1293 199
647 9 2 26 35 108 1060 1026 1277 1294 1239
648 9 2 26 35 170 1067 171 1295 1245 194
649 9 2 26 35 125 1023 1055 1296 1281 1172
650 9 2 26 35 186 1068 187 1243 1297 210
651 9 2 26 35 170 1052 1067 1194 1259 1295
652 9 2 26 35 32 33 1079 35 1298 1299
653 9 2 26 35 182 1074 183 1300 1147 206
654 9 2 26 35 174 1075 175 1152 1301 198
655 9 2 26 35 187 1068 1054 1297 1262 1200
656 9 2 26 35 1035 1048 1074 1238 1148 1302
657 9 2 26 35 1018 1084 1082 1303 1304 1305
658 9 2 26 35 1018 1053 1084 1088 1282 1303
659 9 2 26 35 1036 1075 1051 1306 1151 1251
660 9 2 26 35 179 1050 1061 1234 1307 1287
661 9 2 26 35 178 1063 1050 1291 1308 1233
662 9 2 26 35 177 1049 1063 1236 1309 1290
663 9 2 26 35 176 1062 1049 1293 1310 1235
664 9 2 26 35 1029 1049 1072 1311 1312 1230
665 9 2 26 35 184 1081 185 1209 1195 208
666 9 2 26 35 172 1083 173 1199 1210 196
667 9 2 26 35 1016 1066 1053 1189 1270 1267
668 9 2 26 35 1016 1071 1056 1268 1313 1314
669 9 2 26 35 1019 1066 1080 1271 1315 1274
670 9 2 26 35 1026 1060 1076 1294 1316 1288
671 9 2 26 35 1030 1056 1071 1317 1313 1280
672 9 2 26 35 1016 1056 1078 1314 1318 1188
673 9 2 26 35 1031 1079 1064 1319 1320 1203
674 9 2 26 35 1031 1065 1079 1202 1321 1319
675 9 2 26 35 1025 1076 1082 1289 1322 1275
676 9 2 26 35 1022 1040 1048 1177 1323 1237
677 9 2 26 35 1040 1081 1048 1196 1208 1323
678 9 2 26 35 1017 1069 1055 1166 1173 1264
679 9 2 26 35 1026 1052 1033 1258 1130 1240
680 9 2 26 35 1042 1051 1083 1324 1211 1198
681 9 2 26 35 1025 1051 1042 1252 1324 1178
682 9 2 26 35 182 1057 1074 1284 1325 1300
683 9 2 26 35 1032 1078 1056 1266 1318 1219
684 9 2 26 35 33 1064 1079 1221 1320 1298
685 9 2 26 35 32 1079 1065 1299 1321 1222
686 9 2 26 35 125 1034 1023 1326 1327 1296
687 9 2 26 35 1023 1034 1054 1327 1145 1263
688 9 2 26 35 1028 1061 1050 1328 1307 1272
689 9 2 26 35 175 1075 1062 1301 1329 1292
690 9 2 26 35 1030 1085 1056 1261 1220 1317
691 9 2 26 35 1017 1080 1066 1255 1315 1099
692 9 2 26 35 1024 1082 1084 1276 1304 1278
693 9 2 26 35 1028 1045 1061 1232 1286 1328
694 9 2 26 35 1024 1072 1036 1231 1330 1156
695 9 2 26 35 1036 1062 1075 1331 1329 1306
696 9 2 26 35 1035 1074 1057 1302 1325 1167
697 9 2 26 35 1036 1072 1062 1330 1332 1331
698 9 2 26 35 1018 1076 1060 1333 1316 1111
699 9 2 26 35 1049 1062 1072 1310 1332 1312
700 9 2 26 35 1029 1050 1063 1273 1308 1334
701 9 2 26 35 1029 1063 1049 1334 1309 1311
702 9 2 26 35 1018 1082 1076 1305 1322 1333
703 9 2 26 35 6 108 1033 117 1241 1335
704 9 2 26 35 7 1034 125 1336 1326 134
705 9 2 26 35 6 1033 167 1335 1337 190
706 9 2 26 35 7 189 1034 213 1146 1336
707 9 2 26 35 167 1033 168 1337 1129 191
708 9 2 26 35 168 1052 169 1131 1193 192
709 9 2 26 35 173 1051 174 1212 1150 197
710 9 2 26 35 183 1048 184 1149 1207 207
711 9 2 26 35 188 1054 189 1201 1144 212
712 9 2 27 36 1452 1705 1383 1729 1730 1731
713 9 2 27 36 1705 1443 1383 1732 1733 1730
714 9 2 27 36 1480 1587 1353 1734 1735 1736
715 9 2 27 36 1610 1480 1353 1737 1736 1738
716 9 2 27 36 1431 1538 1351 1739 1740 1741
717 9 2 27 36 1338 1514 1435 1742 1743 1744
718 9 2 27 36 243 1465 244 1745 1746 292
719 9 2 27 36 230 1471 231 1747 1748 279
720 9 2 27 36 1380 1450 1613 1749 1750 1751
721 9 2 27 36 1376 1562 1487 1752 1753 1754
722 9 2 27 36 1450 1475 1613 1755 1756 1750
723 9 2 27 36 1390 1587 1480 1757 1734 1758
724 9 2 27 36 1496 1373 1684 1759 1760 1761
725 9 2 27 36 247 1487 248 1762 1763 296
726 9 2 27 36 1366 1486 1494 1764 1765 1766
727 9 2 27 36 1369 1518 1460 1767 1768 1769
728 9 2 27 36 50 1433 1581 1770 1771 1772
729 9 2 27 36 1389 1537 1437 1773 1774 1775
730 9 2 27 36 256 1640 1545 1776 1777 1778
731 9 2 27 36 247 1638 1487 1779 1780 1762
732 9 2 27 36 1357 1517 1447 1781 1782 1783
733 9 2 27 36 1371 1475 1450 1784 1755 1785
734 9 2 27 36 1369 1710 1648 1786 1787 1788
735 9 2 27 36 1377 1645 1570 1789 1790 1791
736 9 2 27 36 256 1545 257 1778 1792 305
737 9 2 27 36 1377 1570 1507 1791 1793 1794
738 9 2 27 36 1338 1435 1520 1744 1795 1796
739 9 2 27 36 1351 1441 1534 1797 1798 1799
740 9 2 27 36 1409 1644 1448 1800 1801 1802
741 9 2 27 36 1379 1549 1474 1803 1804 1805
742 9 2 27 36 1398 1460 1518 1806 1768 1807
743 9 2 27 36 1375 1573 1468 1808 1809 1810
744 9 2 27 36 1368 1488 1466 1811 1812 1813
745 9 2 27 36 1615 1341 1511 1814 1815 1816
746 9 2 27 36 1440 1615 1511 1817 1816 1818
747 9 2 27 36 1370 1459 1575 1819 1820 1821
748 9 2 27 36 1420 1515 1641 1822 1823 1824
749 9 2 27 36 1359 1440 1728 1825 1826 1827
750 9 2 27 36 1370 1453 1482 1828 1829 1830
751 9 2 27 36 1375 1511 1573 1831 1832 1808
752 9 2 27 36 221 1462 222 1833 1834 270
753 9 2 27 36 1373 1451 1515 1835 1836 1837
754 9 2 27 36 1392 1534 1441 1838 1798 1839
755 9 2 27 36 1369 1648 1472 1788 1840 1841
756 9 2 27 36 1356 1448 1644 1842 1801 1843
757 9 2 27 36 1563 1431 1351 1844 1741 1845
758 9 2 27 36 1394 1474 1549 1846 1804 1847
759 9 2 27 36 231 1471 1660 1748 1848 1849
760 9 2 27 36 1406 1625 1442 1850 1851 1852
761 9 2 27 36 1359 1605 1440 1853 1854 1825
762 9 2 27 36 1684 1373 1471 1760 1855 1856
763 9 2 27 36 1391 1543 1427 1857 1858 1859
764 9 2 27 36 1382 1435 1514 1860 1743 1861
765 9 2 27 36 1371 1450 1559 1785 1862 1863
766 9 2 27 36 1381 1499 1503 1864 1865 1866
767 9 2 27 36 1437 1537 1639 1774 1867 1868
768 9 2 27 36 1361 1436 1388 1869 1870 1871
769 9 2 27 36 1386 1498 1455 1872 1873 1874
770 9 2 27 36 239 1459 240 1875 1876 288
771 9 2 27 36 1398 1518 1519 1807 1877 1878
772 9 2 27 36 1371 1559 1442 1863 1879 1880
773 9 2 27 36 45 46 1524 69 1881 1882
774 9 2 27 36 1353 1577 1438 1883 1884 1885
775 9 2 27 36 1482 1623 1571 1886 1887 1888
776 9 2 27 36 1376 1648 1562 1889 1890 1752
777 9 2 27 36 40 41 1455 64 1891 1892
778 9 2 27 36 1356 1495 1448 1893 1894 1842
779 9 2 27 36 1377 1455 1498 1895 1873 1896
780 9 2 27 36 1383 1495 1452 1897 1898 1731
781 9 2 27 36 1389 1437 1675 1775 1899 1900
782 9 2 27 36 1346 1432 1585 1901 1902 1903
783 9 2 27 36 1413 1621 1470 1904 1905 1906
784 9 2 27 36 1365 1454 1595 1907 1908 1909
785 9 2 27 36 1387 1494 1486 1910 1765 1911
786 9 2 27 36 1367 1470 1621 1912 1905 1913
787 9 2 27 36 1355 1445 1527 1914 1915 1916
788 9 2 27 36 46 1654 1524 1917 1918 1881
789 9 2 27 36 244 1465 1619 1746 1919 1920
790 9 2 27 36 1409 1448 1626 1802 1921 1922
791 9 2 27 36 1453 1586 1482 1923 1924 1829
792 9 2 27 36 1641 1515 1358 1823 1925 1926
793 9 2 27 36 1354 1580 1432 1927 1928 1929
794 9 2 27 36 1360 1726 1425 1930 1931 1932
795 9 2 27 36 139 140 1474 148 1933 1934
796 9 2 27 36 1382 1527 1445 1935 1915 1936
797 9 2 27 36 1357 1447 1569 1783 1937 1938
798 9 2 27 36 1375 1468 1491 1810 1939 1940
799 9 2 27 36 49 50 1581 73 1772 1941
800 9 2 27 36 1384 1586 1453 1942 1923 1943
801 9 2 27 36 1347 1453 1497 1944 1945 1946
802 9 2 27 36 1354 1521 1547 1947 1948 1949
803 9 2 27 36 54 1503 1499 1950 1865 1951
804 9 2 27 36 1366 1463 1590 1952 1953 1954
805 9 2 27 36 1370 1497 1453 1955 1945 1828
806 9 2 27 36 1388 1436 1506 1870 1956 1957
807 9 2 27 36 1448 1495 1655 1894 1958 1959
808 9 2 27 36 1368 1466 1532 1813 1960 1961
809 9 2 27 36 1356 1708 1495 1962 1963 1893
810 9 2 27 36 1353 1438 1610 1885 1964 1738
811 9 2 27 36 242 1531 1596 1965 1966 1967
812 9 2 27 36 1359 1728 1542 1827 1968 1969
813 9 2 27 36 1346 1633 1432 1970 1971 1901
814 9 2 27 36 1370 1575 1458 1821 1972 1973
815 9 2 27 36 1345 1448 1655 1974 1959 1975
816 9 2 27 36 1452 1495 1708 1898 1963 1976
817 9 2 27 36 1398 1519 1473 1878 1977 1978
818 9 2 27 36 1369 1646 1686 1979 1980 1981
819 9 2 27 36 1384 1620 1434 1982 1983 1984
820 9 2 27 36 1371 1501 1636 1985 1986 1987
821 9 2 27 36 1391 1427 1630 1859 1988 1989
822 9 2 27 36 1393 1447 1517 1990 1782 1991
823 9 2 27 36 1366 1665 1536 1992 1993 1994
824 9 2 27 36 1577 1556 1727 1995 1996 1997
825 9 2 27 36 1383 1457 1668 1998 1999 2000
826 9 2 27 36 1354 1432 1521 1929 2001 1947
827 9 2 27 36 1365 1595 1489 1909 2002 2003
828 9 2 27 36 1354 1547 1441 1949 2004 2005
829 9 2 27 36 1357 1553 1446 2006 2007 2008
830 9 2 27 36 1381 1429 1526 2009 2010 2011
831 9 2 27 36 1397 1438 1577 2012 1884 2013
832 9 2 27 36 1376 1569 1447 2014 1937 2015
833 9 2 27 36 1412 1547 1521 2016 1948 2017
834 9 2 27 36 1373 1565 1451 2018 2019 1835
835 9 2 27 36 1354 1441 1589 2005 2020 2021
836 9 2 27 36 1386 1529 1521 2022 2023 2024
837 9 2 27 36 1371 1636 1475 1987 2025 1784
838 9 2 27 36 1360 1425 1546 1932 2026 2027
839 9 2 27 36 1458 1537 1725 2028 2029 2030
840 9 2 27 36 1369 1686 1518 1981 2031 1767
841 9 2 27 36 1403 1632 1485 2032 2033 2034
842 9 2 27 36 1421 1550 1632 2035 2036 2037
843 9 2 27 36 1385 1520 1435 2038 1795 2039
844 9 2 27 36 1366 1590 1486 1954 2040 1764
845 9 2 27 36 1384 1491 1468 2041 1939 2042
846 9 2 27 36 225 1500 226 2043 2044 274
847 9 2 27 36 121 1613 1475 2045 1756 2046
848 9 2 27 36 1350 1461 1519 2047 2048 2049
849 9 2 27 36 1349 1480 1535 2050 2051 2052
850 9 2 27 36 1358 1508 1567 2053 2054 2055
851 9 2 27 36 1383 1668 1467 2000 2056 2057
852 9 2 27 36 1389 1725 1537 2058 2029 1773
853 9 2 27 36 1349 1549 1428 2059 2060 2061
854 9 2 27 36 119 1424 1523 2062 2063 2064
855 9 2 27 36 1406 1442 1699 1852 2065 2066
856 9 2 27 36 1381 1503 1456 1866 2067 2068
857 9 2 27 36 1400 1440 1605 2069 1854 2070
858 9 2 27 36 1364 1533 1616 2071 2072 2073
859 9 2 27 36 258 1510 259 2074 2075 307
860 9 2 27 36 1357 1446 1517 2008 2076 1781
861 9 2 27 36 1642 51 1454 2077 2078 2079
862 9 2 27 36 241 1531 242 2080 1965 290
863 9 2 27 36 1405 1598 1505 2081 2082 2083
864 9 2 27 36 1350 1519 1518 2049 1877 2084
865 9 2 27 36 1377 1498 1502 1896 2085 2086
866 9 2 27 36 1410 1617 1569 2087 2088 2089
867 9 2 27 36 259 1510 1661 2075 2090 2091
868 9 2 27 36 214 1492 215 2092 2093 263
869 9 2 27 36 40 1455 1507 1892 2094 2095
870 9 2 27 36 1413 1470 1717 1906 2096 2097
871 9 2 27 36 230 1684 1471 2098 1856 1747
872 9 2 27 36 1342 1678 1463 2099 2100 2101
873 9 2 27 36 1412 1521 1529 2017 2023 2102
874 9 2 27 36 1392 1441 1547 1839 2004 2103
875 9 2 27 36 1346 1502 1498 2104 2085 2105
876 9 2 27 36 1494 1541 1665 2106 2107 2108
877 9 2 27 36 1419 1470 1712 2109 2110 2111
878 9 2 27 36 1451 1685 1515 2112 2113 1836
879 9 2 27 36 1338 1721 1449 2114 2115 2116
880 9 2 27 36 1449 1616 1533 2117 2072 2118
881 9 2 27 36 1353 1556 1577 2119 1995 1883
882 9 2 27 36 1342 1463 1604 2101 2120 2121
883 9 2 27 36 1355 1559 1568 2122 2123 2124
884 9 2 27 36 1430 1525 1644 2125 2126 2127
885 9 2 27 36 1385 1589 1629 2128 2129 2130
886 9 2 27 36 1341 1631 1446 2131 2132 2133
887 9 2 27 36 1339 1652 1491 2134 2135 2136
888 9 2 27 36 1398 1473 1558 1978 2137 2138
889 9 2 27 36 1382 1580 1435 2139 2140 1860
890 9 2 27 36 1382 1445 1585 1936 2141 2142
891 9 2 27 36 1381 1574 1429 2143 2144 2009
892 9 2 27 36 1384 1434 1541 1984 2145 2146
893 9 2 27 36 1417 1648 1710 2147 1787 2148
894 9 2 27 36 1352 1532 1466 2149 1960 2150
895 9 2 27 36 1355 1568 1445 2124 2151 1914
896 9 2 27 36 1370 1571 1459 2152 2153 1819
897 9 2 27 36 135 136 1477 144 2154 2155
898 9 2 27 36 1374 1473 1519 2156 1977 2157
899 9 2 27 36 1410 1487 1638 2158 1780 2159
900 9 2 27 36 1395 1571 1623 2160 1887 2161
901 9 2 27 36 1382 1585 1580 2142 2162 2139
902 9 2 27 36 1338 1449 1666 2116 2163 2164
903 9 2 27 36 1389 1675 1478 1900 2165 2166
904 9 2 27 36 1358 1515 1685 1925 2113 2167
905 9 2 27 36 1380 1568 1450 2168 2169 1749
906 9 2 27 36 1361 1469 1600 2170 2171 2172
907 9 2 27 36 1439 1570 1645 2173 1790 2174
908 9 2 27 36 1366 1536 1651 1994 2175 2176
909 9 2 27 36 1349 1428 1544 2061 2177 2178
910 9 2 27 36 1372 1702 1449 2179 2180 2181
911 9 2 27 36 1339 1541 1494 2182 2106 2183
912 9 2 27 36 120 1613 121 2184 2045 129
913 9 2 27 36 1362 1632 1550 2185 2036 2186
914 9 2 27 36 1441 1629 1589 2187 2129 2020
915 9 2 27 36 57 1438 1602 2188 2189 2190
916 9 2 27 36 1485 1632 1698 2033 2191 2192
917 9 2 27 36 1346 1445 1513 2193 2194 2195
918 9 2 27 36 1380 1513 1568 2196 2197 2168
919 9 2 27 36 1351 1629 1441 2198 2187 1797
920 9 2 27 36 43 44 1528 67 2199 2200
921 9 2 27 36 1418 1587 1545 2201 2202 2203
922 9 2 27 36 50 1642 1433 2204 2205 1770
923 9 2 27 36 1354 1589 1580 2021 2206 1927
924 9 2 27 36 1420 1660 1471 2207 1848 2208
925 9 2 27 36 43 1528 1693 2200 2209 2210
926 9 2 27 36 1396 1488 1622 2211 2212 2213
927 9 2 27 36 1421 1567 1508 2214 2054 2215
928 9 2 27 36 51 1595 1454 2216 1908 2078
929 9 2 27 36 1360 1546 1464 2027 2217 2218
930 9 2 27 36 1458 1689 1537 2219 2220 2028
931 9 2 27 36 248 1487 1562 1763 1753 2221
932 9 2 27 36 1422 1463 1678 2222 2100 2223
933 9 2 27 36 1368 1622 1488 2224 2212 1811
934 9 2 27 36 1398 1558 1460 2138 2225 1806
935 9 2 27 36 1347 1620 1453 2226 2227 1944
936 9 2 27 36 1394 1608 1490 2228 2229 2230
937 9 2 27 36 1420 1471 1515 2208 2231 1822
938 9 2 27 36 1377 1507 1455 1794 2094 1895
939 9 2 27 36 119 1643 1424 2232 2233 2062
940 9 2 27 36 1381 1456 1574 2068 2234 2143
941 9 2 27 36 1376 1447 1551 2015 2235 2236
942 9 2 27 36 1348 1623 1482 2237 1886 2238
943 9 2 27 36 1341 1446 1700 2133 2239 2240
944 9 2 27 36 1466 1488 1691 1812 2241 2242
945 9 2 27 36 1434 1536 1665 2243 1993 2244
946 9 2 27 36 1345 1565 1448 2245 2246 1974
947 9 2 27 36 1432 1580 1585 1928 2162 1902
948 9 2 27 36 1384 1453 1620 1943 2227 1982
949 9 2 27 36 1372 1449 1607 2181 2247 2248
950 9 2 27 36 1383 1606 1457 2249 2250 1998
951 9 2 27 36 221 1516 1462 2251 2252 1833
952 9 2 27 36 1361 1509 1469 2253 2254 2170
953 9 2 27 36 239 1575 1459 2255 1820 1875
954 9 2 27 36 1375 1491 1576 1940 2256 2257
955 9 2 27 36 1357 1569 1617 1938 2088 2258
956 9 2 27 36 1371 1442 1667 1880 2259 2260
957 9 2 27 36 1405 1610 1438 2261 1964 2262
958 9 2 27 36 1397 1602 1438 2263 2189 2012
959 9 2 27 36 1346 1585 1445 1903 2141 2193
960 9 2 27 36 1367 1712 1470 2264 2110 1912
961 9 2 27 36 1386 1455 1599 1874 2265 2266
962 9 2 27 36 1385 1435 1589 2039 2267 2128
963 9 2 27 36 1442 1625 1719 1851 2268 2269
964 9 2 27 36 243 1596 1465 2270 2271 1745
965 9 2 27 36 1361 1388 1509 1871 2272 2253
966 9 2 27 36 1491 1652 1576 2135 2273 2256
967 9 2 27 36 1397 1456 1557 2274 2275 2276
968 9 2 27 36 1390 1480 1544 1758 2277 2278
969 9 2 27 36 1385 1464 1546 2279 2217 2280
970 9 2 27 36 1445 1568 1513 2151 2197 2194
971 9 2 27 36 1390 1545 1587 2281 2202 1757
972 9 2 27 36 1463 1651 1604 2282 2283 2120
973 9 2 27 36 137 138 1490 146 2284 2285
974 9 2 27 36 1356 1644 1525 1843 2126 2286
975 9 2 27 36 1373 1515 1471 1837 2231 1855
976 9 2 27 36 226 1500 1674 2044 2287 2288
977 9 2 27 36 1405 1535 1480 2289 2051 2290
978 9 2 27 36 1349 1544 1480 2178 2277 2050
979 9 2 27 36 222 1462 1578 1834 2291 2292
980 9 2 27 36 1703 1378 1535 2293 2294 2295
981 9 2 27 36 1473 1706 1558 2296 2297 2137
982 9 2 27 36 245 1493 246 2298 2299 294
983 9 2 27 36 1404 1619 1465 2300 1919 2301
984 9 2 27 36 1360 1464 1561 2218 2302 2303
985 9 2 27 36 1400 1615 1440 2304 1817 2069
986 9 2 27 36 1370 1458 1725 1973 2030 2305
987 9 2 27 36 1399 1451 1696 2306 2307 2308
988 9 2 27 36 1378 1490 1608 2309 2229 2310
989 9 2 27 36 1435 1580 1589 2140 2206 2267
990 9 2 27 36 1409 1626 1496 1922 2311 2312
991 9 2 27 36 1450 1568 1559 2169 2123 1862
992 9 2 27 36 1469 1509 1611 2254 2313 2314
993 9 2 27 36 1449 1721 1607 2115 2315 2247
994 9 2 27 36 1383 1443 1606 1733 2316 2249
995 9 2 27 36 1384 1468 1586 2042 2317 1942
996 9 2 27 36 1344 1600 1469 2318 2171 2319
997 9 2 27 36 248 1562 249 2221 2320 297
998 9 2 27 36 1393 1627 1476 2321 2322 2323
999 9 2 27 36 1419 1596 1531 2324 1966 2325
1000 9 2 27 36 1378 1539 1490 2326 2327 2309
1001 9 2 27 36 53 54 1499 77 1951 2328
1002 9 2 27 36 1393 1476 1572 2323 2329 2330
1003 9 2 27 36 1350 1659 1461 2331 2332 2047
1004 9 2 27 36 1374 1504 1473 2333 2334 2156
1005 9 2 27 36 1340 1457 1606 2335 2250 2336
1006 9 2 27 36 1401 1604 1651 2337 2283 2338
1007 9 2 27 36 1419 1673 1470 2339 2340 2109
1008 9 2 27 36 1376 1551 1648 2236 2341 1889
1009 9 2 27 36 1365 1647 1454 2342 2343 1907
1010 9 2 27 36 1446 1631 1517 2132 2344 2076
1011 9 2 27 36 1360 1486 1590 2345 2040 2346
1012 9 2 27 36 58 1505 1598 2347 2082 2348
1013 9 2 27 36 1393 1572 1447 2330 2349 1990
1014 9 2 27 36 1399 1685 1451 2350 2112 2306
1015 9 2 27 36 1428 1661 1510 2351 2090 2352
1016 9 2 27 36 57 1598 1438 2353 2354 2188
1017 9 2 27 36 1348 1586 1468 2355 2317 2356
1018 9 2 27 36 125 1509 1388 2357 2272 2358
1019 9 2 27 36 1372 1483 1601 2359 2360 2361
1020 9 2 27 36 1402 1524 1654 2362 1918 2363
1021 9 2 27 36 1415 1527 1514 2364 2365 2366
1022 9 2 27 36 1352 1466 1637 2150 2367 2368
1023 9 2 27 36 124 1509 125 2369 2357 133
1024 9 2 27 36 39 40 1507 63 2095 2370
1025 9 2 27 36 140 1530 1474 2371 2372 1933
1026 9 2 27 36 1383 1467 1655 2057 2373 2374
1027 9 2 27 36 240 1459 1592 1876 2375 2376
1028 9 2 27 36 1456 1503 1557 2067 2377 2275
1029 9 2 27 36 1396 1516 1552 2378 2379 2380
1030 9 2 27 36 1374 1519 1727 2157 2381 2382
1031 9 2 27 36 1392 1524 1534 2383 2384 1838
1032 9 2 27 36 1346 1513 1502 2195 2385 2104
1033 9 2 27 36 1369 1460 1710 1769 2386 1786
1034 9 2 27 36 1460 1558 1688 2225 2387 2388
1035 9 2 27 36 1397 1659 1456 2389 2390 2274
1036 9 2 27 36 1413 1573 1511 2391 1832 2392
1037 9 2 27 36 1357 1617 1553 2258 2393 2006
1038 9 2 27 36 1418 1545 1640 2203 1777 2394
1039 9 2 27 36 1379 1474 1530 1805 2372 2395
1040 9 2 27 36 1654 1584 1402 2396 2397 2363
1041 9 2 27 36 1461 1727 1519 2398 2381 2048
1042 9 2 27 36 1373 1496 1626 1759 2311 2399
1043 9 2 27 36 41 1599 1455 2400 2265 1891
1044 9 2 27 36 47 1481 1654 2401 2402 2403
1045 9 2 27 36 1348 1468 1573 2356 1809 2404
1046 9 2 27 36 1412 1528 1547 2405 2406 2016
1047 9 2 27 36 1396 1552 1512 2380 2407 2408
1048 9 2 27 36 216 1506 217 2409 2410 265
1049 9 2 27 36 1652 1339 1591 2134 2411 2412
1050 9 2 27 36 1351 1538 1464 1740 2413 2414
1051 9 2 27 36 1407 1653 1628 2415 2416 2417
1052 9 2 27 36 1422 1590 1463 2418 1953 2222
1053 9 2 27 36 238 1689 1575 2419 2420 2421
1054 9 2 27 36 1430 1500 1525 2422 2423 2125
1055 9 2 27 36 1341 1700 1511 2240 2424 1815
1056 9 2 27 36 1340 1625 1457 2425 2426 2335
1057 9 2 27 36 1454 1647 1704 2343 2427 2428
1058 9 2 27 36 1351 1464 1629 2414 2429 2198
1059 9 2 27 36 1554 1677 1720 2430 2431 2432
1060 9 2 27 36 1408 1489 1694 2433 2434 2435
1061 9 2 27 36 1400 1704 1647 2436 2427 2437
1062 9 2 27 36 1394 1549 1608 1847 2438 2228
1063 9 2 27 36 250 1548 251 2439 2440 299
1064 9 2 27 36 1364 1624 1533 2441 2442 2071
1065 9 2 27 36 1415 1614 1527 2443 2444 2364
1066 9 2 27 36 1370 1482 1571 1830 1888 2152
1067 9 2 27 36 1385 1629 1464 2130 2429 2279
1068 9 2 27 36 218 1512 219 2445 2446 267
1069 9 2 27 36 1405 1438 1598 2262 2354 2081
1070 9 2 27 36 234 1618 1485 2447 2448 2449
1071 9 2 27 36 1433 1605 1677 2450 2451 2452
1072 9 2 27 36 1346 1498 1633 2105 2453 1970
1073 9 2 27 36 1382 1514 1527 1861 2365 1935
1074 9 2 27 36 1363 1481 1672 2454 2455 2456
1075 9 2 27 36 139 1474 1579 1934 2457 2458
1076 9 2 27 36 1341 1615 1631 1814 2459 2131
1077 9 2 27 36 1344 1469 1653 2319 2460 2461
1078 9 2 27 36 1376 1663 1569 2462 2463 2014
1079 9 2 27 36 1449 1533 1666 2118 2464 2163
1080 9 2 27 36 46 47 1654 70 2403 1917
1081 9 2 27 36 1392 1547 1528 2103 2406 2465
1082 9 2 27 36 1421 1604 1550 2466 2467 2035
1083 9 2 27 36 1397 1461 1659 2468 2332 2389
1084 9 2 27 36 234 1485 1682 2449 2469 2470
1085 9 2 27 36 1360 1561 1486 2303 2471 2345
1086 9 2 27 36 1370 1725 1497 2305 2472 1955
1087 9 2 27 36 47 1588 1481 2473 2474 2401
1088 9 2 27 36 1391 1525 1500 2475 2423 2476
1089 9 2 27 36 1365 1476 1627 2477 2322 2478
1090 9 2 27 36 1347 1536 1620 2479 2480 2226
1091 9 2 27 36 1472 1648 1551 1840 2341 2481
1092 9 2 27 36 1427 1532 1630 2482 2483 1988
1093 9 2 27 36 1477 1703 1555 2484 2485 2486
1094 9 2 27 36 54 55 1503 78 2487 1950
1095 9 2 27 36 1430 1644 1540 2127 2488 2489
1096 9 2 27 36 1408 1694 1499 2435 2490 2491
1097 9 2 27 36 1399 1601 1483 2492 2360 2493
1098 9 2 27 36 1367 1621 1553 1913 2494 2495
1099 9 2 27 36 124 1611 1509 2496 2313 2369
1100 9 2 27 36 1384 1541 1491 2146 2497 2041
1101 9 2 27 36 1363 1584 1481 2498 2499 2454
1102 9 2 27 36 232 1522 233 2500 2501 281
1103 9 2 27 36 1395 1592 1459 2502 2375 2503
1104 9 2 27 36 1344 1691 1488 2504 2241 2505
1105 9 2 27 36 1404 1553 1617 2506 2393 2507
1106 9 2 27 36 1402 1534 1524 2508 2384 2362
1107 9 2 27 36 238 1575 239 2421 2255 287
1108 9 2 27 36 1410 1493 1617 2509 2510 2087
1109 9 2 27 36 220 1516 221 2511 2251 269
1110 9 2 27 36 1421 1707 1604 2512 2513 2466
1111 9 2 27 36 1479 1652 1591 2514 2412 2515
1112 9 2 27 36 1365 1489 1658 2003 2516 2517
1113 9 2 27 36 1371 1628 1501 2518 2519 1985
1114 9 2 27 36 1355 1527 1614 1916 2444 2520
1115 9 2 27 36 1413 1511 1700 2392 2424 2521
1116 9 2 27 36 1481 1584 1654 2499 2396 2402
1117 9 2 27 36 1431 1584 1713 2522 2523 2524
1118 9 2 27 36 229 1634 1496 2525 2526 2527
1119 9 2 27 36 1431 1681 1538 2528 2529 1739
1120 9 2 27 36 1505 1703 1535 2530 2295 2531
1121 9 2 27 36 1379 1530 1444 2395 2532 2533
1122 9 2 27 36 56 57 1602 80 2190 2534
1123 9 2 27 36 1395 1459 1571 2503 2153 2160
1124 9 2 27 36 1425 1520 1546 2535 2536 2026
1125 9 2 27 36 1403 1485 1618 2034 2448 2537
1126 9 2 27 36 1343 1472 1551 2538 2481 2539
1127 9 2 27 36 229 1496 1684 2527 1761 2540
1128 9 2 27 36 1407 1597 1653 2541 2542 2415
1129 9 2 27 36 1387 1486 1561 1911 2471 2543
1130 9 2 27 36 1366 1494 1665 1766 2108 1992
1131 9 2 27 36 1420 1641 1522 1824 2544 2545
1132 9 2 27 36 136 1539 1477 2546 2547 2154
1133 9 2 27 36 1417 1562 1648 2548 1890 2147
1134 9 2 27 36 245 1619 1493 2549 2550 2298
1135 9 2 27 36 251 1548 1688 2440 2551 2552
1136 9 2 27 36 1396 1680 1488 2553 2554 2211
1137 9 2 27 36 1389 1478 1679 2166 2555 2556
1138 9 2 27 36 1366 1651 1463 2176 2282 1952
1139 9 2 27 36 236 1537 237 2557 2558 285
1140 9 2 27 36 52 1694 1489 2559 2434 2560
1141 9 2 27 36 1399 1483 1635 2493 2561 2562
1142 9 2 27 36 41 42 1599 65 2563 2400
1143 9 2 27 36 255 1504 1640 2564 2565 2566
1144 9 2 27 36 1533 1624 1662 2442 2567 2568
1145 9 2 27 36 1393 1631 1484 2569 2570 2571
1146 9 2 27 36 55 56 1557 79 2572 2573
1147 9 2 27 36 1430 1674 1500 2574 2287 2422
1148 9 2 27 36 227 1540 228 2575 2576 276
1149 9 2 27 36 1431 1563 1584 1844 2577 2522
1150 9 2 27 36 1434 1665 1541 2244 2107 2145
1151 9 2 27 36 138 1579 1490 2578 2579 2284
1152 9 2 27 36 1339 1491 1541 2136 2497 2182
1153 9 2 27 36 140 141 1530 149 2580 2371
1154 9 2 27 36 1383 1655 1495 2374 1958 1897
1155 9 2 27 36 1405 1505 1535 2083 2531 2289
1156 9 2 27 36 225 1671 1500 2581 2582 2043
1157 9 2 27 36 1484 1631 1615 2570 2459 2583
1158 9 2 27 36 58 59 1505 82 2584 2347
1159 9 2 27 36 42 1693 1529 2585 2586 2587
1160 9 2 27 36 1423 1677 1554 2588 2430 2589
1161 9 2 27 36 42 43 1693 66 2210 2585
1162 9 2 27 36 1414 1637 1466 2590 2367 2591
1163 9 2 27 36 1434 1620 1536 1983 2480 2243
1164 9 2 27 36 1397 1577 1461 2013 2592 2468
1165 9 2 27 36 1428 1549 1676 2060 2593 2594
1166 9 2 27 36 1359 1677 1605 2595 2451 1853
1167 9 2 27 36 1458 1575 1689 1972 2420 2219
1168 9 2 27 36 1377 1502 1645 2086 2596 1789
1169 9 2 27 36 119 1523 120 2064 2597 128
1170 9 2 27 36 1396 1622 1516 2213 2598 2378
1171 9 2 27 36 1407 1719 1603 2599 2600 2601
1172 9 2 27 36 240 1592 241 2376 2602 289
1173 9 2 27 36 3 37 1583 60 2603 2604
1174 9 2 27 36 1343 1723 1472 2605 2606 2538
1175 9 2 27 36 1386 1521 1633 2024 2607 2608
1176 9 2 27 36 1432 1633 1521 1971 2607 2001
1177 9 2 27 36 47 48 1588 71 2609 2473
1178 9 2 27 36 1408 1658 1489 2610 2516 2433
1179 9 2 27 36 1348 1482 1586 2238 1924 2355
1180 9 2 27 36 246 1493 1638 2299 2611 2612
1181 9 2 27 36 255 1640 256 2566 1776 304
1182 9 2 27 36 1407 1667 1719 2613 2614 2599
1183 9 2 27 36 1409 1496 1634 2312 2526 2615
1184 9 2 27 36 1391 1500 1671 2476 2582 2616
1185 9 2 27 36 1369 1472 1646 1841 2617 1979
1186 9 2 27 36 1371 1667 1628 2260 2618 2518
1187 9 2 27 36 1446 1553 1621 2007 2494 2619
1188 9 2 27 36 1409 1540 1644 2620 2488 1800
1189 9 2 27 36 252 1558 253 2621 2622 301
1190 9 2 27 36 255 1724 1504 2623 2624 2564
1191 9 2 27 36 125 1388 1492 2358 2625 2626
1192 9 2 27 36 1372 1601 1702 2361 2627 2179
1193 9 2 27 36 118 1583 1439 2628 2629 2630
1194 9 2 27 36 1404 1465 1670 2301 2631 2632
1195 9 2 27 36 1390 1510 1695 2633 2634 2635
1196 9 2 27 36 38 39 1570 62 2636 2637
1197 9 2 27 36 1365 1658 1476 2517 2638 2477
1198 9 2 27 36 241 1592 1531 2602 2639 2080
1199 9 2 27 36 1352 1705 1566 2640 2641 2642
1200 9 2 27 36 1404 1493 1619 2643 2550 2300
1201 9 2 27 36 1420 1522 1660 2545 2644 2207
1202 9 2 27 36 1400 1484 1615 2645 2583 2304
1203 9 2 27 36 1483 1678 1635 2646 2647 2561
1204 9 2 27 36 138 139 1579 147 2458 2578
1205 9 2 27 36 39 1507 1570 2370 1793 2636
1206 9 2 27 36 52 53 1694 76 2648 2559
1207 9 2 27 36 1447 1572 1551 2349 2649 2235
1208 9 2 27 36 1410 1663 1487 2650 2651 2158
1209 9 2 27 36 42 1529 1599 2587 2652 2563
1210 9 2 27 36 1347 1478 1612 2653 2654 2655
1211 9 2 27 36 1350 1574 1659 2656 2657 2331
1212 9 2 27 36 1678 1342 1635 2099 2658 2647
1213 9 2 27 36 1408 1499 1718 2491 2659 2660
1214 9 2 27 36 1414 1597 1603 2661 2662 2663
1215 9 2 27 36 1387 1591 1494 2664 2665 1910
1216 9 2 27 36 1347 1679 1478 2666 2555 2653
1217 9 2 27 36 1425 1726 1594 1931 2667 2668
1218 9 2 27 36 1385 1546 1520 2280 2536 2038
1219 9 2 27 36 1401 1687 1550 2669 2670 2671
1220 9 2 27 36 1396 1512 1657 2408 2672 2673
1221 9 2 27 36 1439 1583 1593 2629 2674 2675
1222 9 2 27 36 1410 1638 1493 2159 2611 2509
1223 9 2 27 36 1392 1656 1524 2676 2677 2383
1224 9 2 27 36 232 1660 1522 2678 2644 2500
1225 9 2 27 36 233 1618 234 2679 2447 282
1226 9 2 27 36 234 1682 235 2470 2680 283
1227 9 2 27 36 1343 1572 1722 2681 2682 2683
1228 9 2 27 36 222 1578 223 2292 2684 271
1229 9 2 27 36 1421 1632 1567 2037 2685 2214
1230 9 2 27 36 1428 1510 1544 2352 2686 2177
1231 9 2 27 36 1392 1528 1656 2465 2687 2676
1232 9 2 27 36 1372 1692 1483 2688 2689 2359
1233 9 2 27 36 1390 1544 1510 2278 2686 2633
1234 9 2 27 36 1403 1522 1641 2690 2544 2691
1235 9 2 27 36 1391 1566 1525 2692 2693 2475
1236 9 2 27 36 52 1489 1595 2560 2002 2694
1237 9 2 27 36 1443 1683 1606 2695 2696 2316
1238 9 2 27 36 1360 1590 1726 2346 2697 1930
1239 9 2 27 36 1412 1693 1528 2698 2209 2405
1240 9 2 27 36 50 51 1642 74 2077 2204
1241 9 2 27 36 1390 1695 1545 2635 2699 2281
1242 9 2 27 36 229 1684 230 2540 2098 278
1243 9 2 27 36 228 1634 229 2700 2525 277
1244 9 2 27 36 1393 1484 1627 2571 2701 2321
1245 9 2 27 36 219 1552 220 2702 2703 268
1246 9 2 27 36 1386 1599 1529 2266 2652 2022
1247 9 2 27 36 224 1671 225 2704 2581 273
1248 9 2 27 36 1397 1557 1602 2276 2705 2263
1249 9 2 27 36 1465 1596 1712 2271 2706 2707
1250 9 2 27 36 1349 1608 1549 2708 2438 2059
1251 9 2 27 36 1379 1676 1549 2709 2593 1803
1252 9 2 27 36 1479 1669 1652 2710 2711 2514
1253 9 2 27 36 236 1639 1537 2712 1867 2557
1254 9 2 27 36 1351 1534 1563 1799 2713 1845
1255 9 2 27 36 1476 1722 1572 2714 2682 2329
1256 9 2 27 36 136 137 1539 145 2715 2546
1257 9 2 27 36 1401 1612 1687 2716 2717 2669
1258 9 2 27 36 56 1602 1557 2534 2705 2572
1259 9 2 27 36 137 1490 1539 2285 2327 2715
1260 9 2 27 36 1387 1538 1681 2718 2529 2719
1261 9 2 27 36 1339 1494 1591 2183 2665 2411
1262 9 2 27 36 1419 1712 1596 2111 2706 2324
1263 9 2 27 36 1408 1722 1476 2720 2714 2721
1264 9 2 27 36 1347 1497 1679 1946 2722 2666
1265 9 2 27 36 1449 1702 1616 2180 2723 2117
1266 9 2 27 36 1345 1696 1565 2724 2725 2245
1267 9 2 27 36 51 52 1595 75 2694 2216
1268 9 2 27 36 1379 1444 1582 2533 2726 2727
1269 9 2 27 36 254 1724 255 2728 2623 303
1270 9 2 27 36 1430 1540 1674 2489 2729 2574
1271 9 2 27 36 1387 1561 1538 2543 2730 2718
1272 9 2 27 36 224 1543 1671 2731 2732 2704
1273 9 2 27 36 1401 1651 1536 2338 2175 2733
1274 9 2 27 36 1368 1462 1622 2734 2735 2224
1275 9 2 27 36 1399 1696 1564 2308 2736 2737
1276 9 2 27 36 1426 1653 1469 2738 2460 2739
1277 9 2 27 36 1340 1606 1683 2336 2696 2740
1278 9 2 27 36 1391 1671 1543 2616 2732 1857
1279 9 2 27 36 215 1492 1560 2093 2741 2742
1280 9 2 27 36 1381 1718 1499 2743 2659 1864
1281 9 2 27 36 1433 1677 1581 2452 2744 1771
1282 9 2 27 36 1343 1551 1572 2539 2649 2681
1283 9 2 27 36 1381 1526 1718 2011 2745 2743
1284 9 2 27 36 8 1609 142 2746 2747 151
1285 9 2 27 36 1386 1633 1498 2608 2453 1872
1286 9 2 27 36 227 1674 1540 2748 2729 2575
1287 9 2 27 36 122 1711 123 2749 2750 131
1288 9 2 27 36 1405 1480 1610 2290 1737 2261
1289 9 2 27 36 1427 1714 1532 2751 2752 2482
1290 9 2 27 36 1349 1535 1608 2052 2753 2708
1291 9 2 27 36 55 1557 1503 2573 2377 2487
1292 9 2 27 36 57 58 1598 81 2348 2353
1293 9 2 27 36 1361 1657 1436 2754 2755 1869
1294 9 2 27 36 1414 1466 1691 2591 2242 2756
1295 9 2 27 36 223 1709 224 2757 2758 272
1296 9 2 27 36 1400 1647 1484 2437 2759 2645
1297 9 2 27 36 1408 1476 1658 2721 2638 2610
1298 9 2 27 36 1378 1477 1539 2760 2547 2326
1299 9 2 27 36 1380 1523 1664 2761 2762 2763
1300 9 2 27 36 220 1552 1516 2703 2379 2511
1301 9 2 27 36 1338 1666 1514 2164 2764 1742
1302 9 2 27 36 258 1695 1510 2765 2634 2074
1303 9 2 27 36 1399 1508 1685 2766 2767 2350
1304 9 2 27 36 1485 1698 1682 2192 2768 2469
1305 9 2 27 36 1460 1688 1548 2388 2551 2769
1306 9 2 27 36 237 1537 1689 2558 2220 2770
1307 9 2 27 36 1502 1513 1664 2385 2771 2772
1308 9 2 27 36 1473 1504 1724 2334 2624 2773
1309 9 2 27 36 1375 1576 1542 2257 2774 2775
1310 9 2 27 36 1426 1711 1628 2776 2777 2778
1311 9 2 27 36 121 1475 1636 2046 2025 2779
1312 9 2 27 36 135 1477 1555 2155 2486 2780
1313 9 2 27 36 242 1596 243 1967 2270 291
1314 9 2 27 36 215 1560 216 2742 2781 264
1315 9 2 27 36 1411 1652 1669 2782 2711 2783
1316 9 2 27 36 1395 1531 1592 2784 2639 2502
1317 9 2 27 36 1424 1645 1502 2785 2596 2786
1318 9 2 27 36 1363 1713 1584 2787 2523 2498
1319 9 2 27 36 219 1512 1552 2446 2407 2702
1320 9 2 27 36 1403 1618 1522 2537 2788 2690
1321 9 2 27 36 1404 1617 1493 2507 2510 2643
1322 9 2 27 36 1393 1517 1631 1991 2344 2569
1323 9 2 27 36 1464 1538 1561 2413 2730 2302
1324 9 2 27 36 1456 1659 1574 2390 2657 2234
1325 9 2 27 36 1452 1566 1705 2789 2641 1729
1326 9 2 27 36 1461 1577 1727 2592 1997 2398
1327 9 2 27 36 1481 1588 1672 2474 2790 2455
1328 9 2 27 36 1376 1487 1663 1754 2651 2462
1329 9 2 27 36 118 1643 119 2791 2232 127
1330 9 2 27 36 1415 1514 1666 2366 2764 2792
1331 9 2 27 36 1359 1720 1677 2793 2431 2595
1332 9 2 27 36 1411 1542 1576 2794 2774 2795
1333 9 2 27 36 1375 1728 1511 2796 2797 1831
1334 9 2 27 36 224 1709 1543 2758 2798 2731
1335 9 2 27 36 37 38 1593 61 2799 2800
1336 9 2 27 36 4 135 1555 143 2780 2801
1337 9 2 27 36 1457 1624 1668 2802 2803 1999
1338 9 2 27 36 252 1688 1558 2804 2387 2621
1339 9 2 27 36 218 1649 1512 2805 2806 2445
1340 9 2 27 36 1424 1664 1523 2807 2762 2063
1341 9 2 27 36 122 1501 1711 2808 2809 2749
1342 9 2 27 36 1402 1563 1534 2810 2713 2508
1343 9 2 27 36 1364 1668 1624 2811 2803 2441
1344 9 2 27 36 1418 1556 1587 2812 2813 2201
1345 9 2 27 36 1426 1628 1653 2778 2416 2738
1346 9 2 27 36 257 1695 258 2814 2765 306
1347 9 2 27 36 1399 1564 1601 2737 2815 2492
1348 9 2 27 36 1378 1608 1535 2310 2753 2294
1349 9 2 27 36 123 1611 124 2816 2496 132
1350 9 2 27 36 1394 1579 1474 2817 2457 1846
1351 9 2 27 36 1358 1685 1508 2167 2767 2053
1352 9 2 27 36 1437 1682 1698 2818 2768 2819
1353 9 2 27 36 1368 1532 1714 1961 2752 2820
1354 9 2 27 36 1407 1603 1597 2601 2662 2541
1355 9 2 27 36 1426 1469 1611 2739 2314 2821
1356 9 2 27 36 260 1582 261 2822 2823 309
1357 9 2 27 36 118 1439 1643 2630 2824 2791
1358 9 2 27 36 1429 1686 1646 2825 1980 2826
1359 9 2 27 36 121 1636 122 2779 2827 130
1360 9 2 27 36 1442 1559 1699 1879 2828 2065
1361 9 2 27 36 244 1619 245 1920 2549 293
1362 9 2 27 36 1479 1681 1713 2829 2830 2831
1363 9 2 27 36 1372 1607 1594 2248 2832 2833
1364 9 2 27 36 250 1650 1548 2834 2835 2439
1365 9 2 27 36 1380 1613 1523 1751 2836 2761
1366 9 2 27 36 1368 1714 1462 2820 2837 2734
1367 9 2 27 36 44 45 1656 68 2838 2839
1368 9 2 27 36 260 1661 1582 2840 2841 2822
1369 9 2 27 36 1394 1490 1579 2230 2579 2817
1370 9 2 27 36 120 1523 1613 2597 2836 2184
1371 9 2 27 36 59 1555 1703 2842 2485 2843
1372 9 2 27 36 1462 1516 1622 2252 2598 2735
1373 9 2 27 36 253 1558 1706 2622 2297 2844
1374 9 2 27 36 1340 1719 1625 2845 2268 2425
1375 9 2 27 36 48 49 1690 72 2846 2847
1376 9 2 27 36 1401 1536 1612 2733 2848 2716
1377 9 2 27 36 217 1506 1649 2410 2849 2850
1378 9 2 27 36 257 1545 1695 1792 2699 2814
1379 9 2 27 36 1424 1502 1664 2786 2772 2807
1380 9 2 27 36 233 1522 1618 2501 2788 2679
1381 9 2 27 36 141 1715 1530 2851 2852 2580
1382 9 2 27 36 1582 1661 1676 2841 2853 2854
1383 9 2 27 36 1344 1488 1600 2505 2855 2318
1384 9 2 27 36 1338 1520 1721 1796 2856 2114
1385 9 2 27 36 1402 1584 1563 2397 2577 2810
1386 9 2 27 36 246 1638 247 2612 1779 295
1387 9 2 27 36 1501 1628 1711 2519 2777 2809
1388 9 2 27 36 235 1639 236 2857 2712 284
1389 9 2 27 36 1407 1628 1667 2417 2618 2613
1390 9 2 27 36 1362 1698 1632 2858 2191 2185
1391 9 2 27 36 1388 1506 1560 1957 2859 2860
1392 9 2 27 36 1431 1713 1681 2524 2830 2528
1393 9 2 27 36 261 1582 1444 2823 2726 2861
1394 9 2 27 36 216 1560 1506 2781 2859 2409
1395 9 2 27 36 1399 1635 1508 2562 2862 2766
1396 9 2 27 36 1347 1612 1536 2655 2848 2479
1397 9 2 27 36 1460 1548 1710 2769 2863 2386
1398 9 2 27 36 1409 1634 1540 2615 2864 2620
1399 9 2 27 36 1352 1566 1630 2642 2865 2866
1400 9 2 27 36 53 1499 1694 2328 2490 2648
1401 9 2 27 36 249 1650 250 2867 2834 298
1402 9 2 27 36 217 1649 218 2850 2805 266
1403 9 2 27 36 1425 1594 1607 2668 2832 2868
1404 9 2 27 36 1440 1511 1728 1818 2797 1826
1405 9 2 27 36 1373 1626 1565 2399 2869 2018
1406 9 2 27 36 1472 1723 1646 2606 2870 2617
1407 9 2 27 36 1395 1673 1531 2871 2872 2784
1408 9 2 27 36 1358 1567 1641 2055 2873 1926
1409 9 2 27 36 231 1660 232 1849 2678 280
1410 9 2 27 36 1348 1717 1623 2874 2875 2237
1411 9 2 27 36 1425 1721 1520 2876 2856 2535
1412 9 2 27 36 259 1661 260 2091 2840 308
1413 9 2 27 36 1422 1726 1590 2877 2697 2418
1414 9 2 27 36 1470 1623 1717 2878 2875 2096
1415 9 2 27 36 1343 1526 1723 2879 2880 2605
1416 9 2 27 36 1416 1601 1564 2881 2815 2882
1417 9 2 27 36 122 1636 1501 2827 1986 2808
1418 9 2 27 36 1417 1548 1650 2883 2835 2884
1419 9 2 27 36 1448 1565 1626 2246 2869 1921
1420 9 2 27 36 226 1674 227 2288 2748 275
1421 9 2 27 36 1462 1714 1578 2837 2885 2291
1422 9 2 27 36 228 1540 1634 2576 2864 2700
1423 9 2 27 36 237 1689 238 2770 2419 286
1424 9 2 27 36 1433 1642 1704 2205 2886 2887
1425 9 2 27 36 1353 1587 1556 1735 2813 2119
1426 9 2 27 36 1454 1704 1642 2428 2886 2079
1427 9 2 27 36 1504 1716 1640 2888 2889 2565
1428 9 2 27 36 38 1570 1593 2637 2890 2799
1429 9 2 27 36 1401 1550 1604 2671 2467 2337
1430 9 2 27 36 1419 1531 1673 2325 2872 2339
1431 9 2 27 36 251 1688 252 2552 2804 300
1432 9 2 27 36 1424 1643 1645 2233 2891 2785
1433 9 2 27 36 1342 1604 1707 2121 2513 2892
1434 9 2 27 36 1343 1722 1526 2683 2893 2879
1435 9 2 27 36 1415 1533 1662 2894 2568 2895
1436 9 2 27 36 1439 1645 1643 2174 2891 2824
1437 9 2 27 36 1355 1699 1559 2896 2828 2122
1438 9 2 27 36 1416 1701 1697 2897 2898 2899
1439 9 2 27 36 253 1706 254 2844 2900 302
1440 9 2 27 36 1457 1625 1624 2426 2901 2802
1441 9 2 27 36 1451 1565 1696 2019 2725 2307
1442 9 2 27 36 1421 1508 1707 2215 2902 2512
1443 9 2 27 36 45 1524 1656 1882 2677 2838
1444 9 2 27 36 1391 1630 1566 1989 2865 2692
1445 9 2 27 36 249 1562 1650 2320 2903 2867
1446 9 2 27 36 261 1444 1609 2861 2904 2905
1447 9 2 27 36 59 1703 1505 2843 2530 2584
1448 9 2 27 36 141 142 1715 150 2906 2851
1449 9 2 27 36 1350 1518 1686 2084 2031 2907
1450 9 2 27 36 1403 1567 1632 2908 2685 2032
1451 9 2 27 36 1467 1697 1701 2909 2898 2910
1452 9 2 27 36 1423 1588 1690 2911 2912 2913
1453 9 2 27 36 1411 1669 1554 2783 2914 2915
1454 9 2 27 36 1429 1723 1526 2916 2880 2010
1455 9 2 27 36 1427 1543 1709 1858 2798 2917
1456 9 2 27 36 37 1593 1583 2800 2674 2603
1457 9 2 27 36 1479 1591 1681 2515 2918 2829
1458 9 2 27 36 1403 1641 1567 2691 2873 2908
1459 9 2 27 36 1374 1716 1504 2919 2888 2333
1460 9 2 27 36 1408 1526 1722 2920 2893 2720
1461 9 2 27 36 1363 1554 1669 2921 2914 2922
1462 9 2 27 36 1411 1720 1542 2923 2924 2794
1463 9 2 27 36 44 1656 1528 2839 2687 2199
1464 9 2 27 36 1418 1640 1716 2394 2889 2925
1465 9 2 27 36 1352 1630 1532 2866 2483 2149
1466 9 2 27 36 1446 1621 1700 2619 2926 2239
1467 9 2 27 36 1406 1624 1625 2927 2901 1850
1468 9 2 27 36 1443 1637 1683 2928 2929 2695
1469 9 2 27 36 1404 1670 1553 2632 2930 2506
1470 9 2 27 36 1415 1666 1533 2792 2464 2894
1471 9 2 27 36 1375 1542 1728 2775 1968 2796
1472 9 2 27 36 1380 1664 1513 2763 2771 2196
1473 9 2 27 36 1442 1719 1667 2269 2614 2259
1474 9 2 27 36 1367 1553 1670 2495 2930 2931
1475 9 2 27 36 142 1609 1715 2747 2932 2906
1476 9 2 27 36 1414 1683 1637 2933 2929 2590
1477 9 2 27 36 1363 1672 1554 2456 2934 2921
1478 9 2 27 36 1412 1529 1693 2102 2586 2698
1479 9 2 27 36 1350 1686 1574 2907 2935 2656
1480 9 2 27 36 48 1690 1588 2847 2912 2609
1481 9 2 27 36 1410 1569 1663 2089 2463 2650
1482 9 2 27 36 1374 1556 1716 2936 2937 2919
1483 9 2 27 36 1418 1716 1556 2925 2937 2812
1484 9 2 27 36 1362 1550 1687 2186 2670 2938
1485 9 2 27 36 1423 1581 1677 2939 2744 2588
1486 9 2 27 36 1429 1574 1686 2144 2935 2825
1487 9 2 27 36 1411 1576 1652 2795 2273 2782
1488 9 2 27 36 1345 1655 1701 1975 2940 2941
1489 9 2 27 36 1470 1673 1623 2340 2942 2878
1490 9 2 27 36 1426 1611 1711 2821 2943 2776
1491 9 2 27 36 1389 1679 1725 2556 2944 2058
1492 9 2 27 36 1411 1554 1720 2915 2432 2923
1493 9 2 27 36 1415 1662 1614 2895 2945 2443
1494 9 2 27 36 1427 1578 1714 2946 2885 2751
1495 9 2 27 36 1345 1564 1696 2947 2736 2724
1496 9 2 27 36 1344 1653 1597 2461 2542 2948
1497 9 2 27 36 1416 1702 1601 2949 2627 2881
1498 9 2 27 36 1355 1614 1699 2520 2950 2896
1499 9 2 27 36 1423 1690 1581 2913 2951 2939
1500 9 2 27 36 1362 1687 1675 2938 2952 2953
1501 9 2 27 36 1416 1564 1701 2882 2954 2897
1502 9 2 27 36 1345 1701 1564 2941 2954 2947
1503 9 2 27 36 1484 1647 1627 2759 2955 2701
1504 9 2 27 36 1374 1727 1556 2382 1996 2936
1505 9 2 27 36 1417 1650 1562 2884 2903 2548
1506 9 2 27 36 1467 1701 1655 2910 2940 2373
1507 9 2 27 36 1359 1542 1720 1969 2924 2793
1508 9 2 27 36 1417 1710 1548 2148 2863 2883
1509 9 2 27 36 1436 1512 1649 2956 2806 2957
1510 9 2 27 36 1361 1680 1657 2958 2959 2754
1511 9 2 27 36 1413 1717 1573 2097 2960 2391
1512 9 2 27 36 1444 1530 1715 2532 2852 2961
1513 9 2 27 36 1488 1680 1600 2554 2962 2855
1514 9 2 27 36 1408 1718 1526 2660 2745 2920
1515 9 2 27 36 1378 1703 1477 2293 2484 2760
1516 9 2 27 36 1348 1573 1717 2404 2960 2874
1517 9 2 27 36 1414 1691 1597 2756 2963 2661
1518 9 2 27 36 223 1578 1709 2684 2964 2757
1519 9 2 27 36 49 1581 1690 1941 2951 2846
1520 9 2 27 36 1356 1525 1708 2286 2965 1962
1521 9 2 27 36 1478 1687 1612 2966 2717 2654
1522 9 2 27 36 1497 1725 1679 2472 2944 2722
1523 9 2 27 36 1427 1709 1578 2917 2964 2946
1524 9 2 27 36 1423 1554 1672 2589 2934 2967
1525 9 2 27 36 1478 1675 1687 2165 2952 2966
1526 9 2 27 36 1525 1566 1708 2693 2968 2965
1527 9 2 27 36 1388 1560 1492 2860 2741 2625
1528 9 2 27 36 1379 1582 1676 2727 2854 2709
1529 9 2 27 36 1423 1672 1588 2967 2790 2911
1530 9 2 27 36 1406 1614 1662 2969 2945 2970
1531 9 2 27 36 1352 1637 1705 2368 2971 2640
1532 9 2 27 36 1387 1681 1591 2719 2918 2664
1533 9 2 27 36 1395 1623 1673 2161 2942 2871
1534 9 2 27 36 1414 1603 1683 2663 2972 2933
1535 9 2 27 36 1372 1594 1692 2833 2973 2688
1536 9 2 27 36 1436 1649 1506 2957 2849 1956
1537 9 2 27 36 1344 1597 1691 2948 2963 2504
1538 9 2 27 36 1436 1657 1512 2755 2672 2956
1539 9 2 27 36 123 1711 1611 2750 2943 2816
1540 9 2 27 36 1361 1600 1680 2172 2962 2958
1541 9 2 27 36 1422 1692 1594 2974 2973 2975
1542 9 2 27 36 1365 1627 1647 2478 2955 2342
1543 9 2 27 36 1364 1616 1697 2073 2976 2977
1544 9 2 27 36 1416 1697 1616 2899 2976 2978
1545 9 2 27 36 1340 1683 1603 2740 2972 2979
1546 9 2 27 36 1465 1712 1670 2707 2980 2631
1547 9 2 27 36 1406 1699 1614 2066 2950 2969
1548 9 2 27 36 1406 1662 1624 2970 2567 2927
1549 9 2 27 36 1452 1708 1566 1976 2968 2789
1550 9 2 27 36 1437 1639 1682 1868 2981 2818
1551 9 2 27 36 1508 1635 1707 2862 2982 2902
1552 9 2 27 36 1416 1616 1702 2978 2723 2949
1553 9 2 27 36 235 1682 1639 2680 2981 2857
1554 9 2 27 36 1439 1593 1570 2675 2890 2173
1555 9 2 27 36 1340 1603 1719 2979 2600 2845
1556 9 2 27 36 1422 1594 1726 2975 2667 2877
1557 9 2 27 36 1400 1605 1704 2070 2983 2436
1558 9 2 27 36 1413 1700 1621 2521 2926 1904
1559 9 2 27 36 1483 1692 1678 2689 2984 2646
1560 9 2 27 36 1367 1670 1712 2931 2980 2264
1561 9 2 27 36 1443 1705 1637 1732 2971 2928
1562 9 2 27 36 1433 1704 1605 2887 2983 2450
1563 9 2 27 36 1444 1715 1609 2961 2932 2904
1564 9 2 27 36 1342 1707 1635 2892 2982 2658
1565 9 2 27 36 1425 1607 1721 2868 2315 2876
1566 9 2 27 36 1364 1697 1668 2977 2985 2811
1567 9 2 27 36 1396 1657 1680 2673 2959 2553
1568 9 2 27 36 1422 1678 1692 2223 2984 2974
1569 9 2 27 36 1467 1668 1697 2056 2985 2909
1570 9 2 27 36 1428 1676 1661 2594 2853 2351
1571 9 2 27 36 1437 1698 1675 2819 2986 1899
1572 9 2 27 36 1362 1675 1698 2953 2986 2858
1573 9 2 27 36 1479 1713 1669 2831 2987 2710
1574 9 2 27 36 1429 1646 1723 2826 2870 2916
1575 9 2 27 36 254 1706 1724 2900 2988 2728
1576 9 2 27 36 1363 1669 1713 2922 2987 2787
1577 9 2 27 36 1473 1724 1706 2773 2988 2296
1578 9 2 27 36 3 1583 118 2604 2628 126
1579 9 2 27 36 4 1555 59 2801 2842 83
1580 9 2 27 36 7 125 1492 134 2626 2989
1581 9 2 27 36 8 261 1609 310 2905 2746
1582 9 2 27 36 7 1492 214 2989 2092 262
1583 9 2 28 37 6 316 2997 327 3023 3024
1584 9 2 28 37 2990 3020 2991 3025 3026 3027
1585 9 2 28 37 2992 2995 3005 3028 3029 3030
1586 9 2 28 37 311 2998 312 3031 3032 314
1587 9 2 28 37 370 2999 3018 3033 3034 3035
1588 9 2 28 37 319 320 3000 331 3036 3037
1589 9 2 28 37 2990 2991 2994 3027 3038 3039
1590 9 2 28 37 323 324 3001 335 3040 3041
1591 9 2 28 37 2990 2994 2992 3039 3042 3043
1592 9 2 28 37 156 2996 3004 3044 3045 3046
1593 9 2 28 37 2999 3004 3018 3047 3048 3034
1594 9 2 28 37 156 3019 2996 3049 3050 3044
1595 9 2 28 37 154 2999 3002 3051 3052 3053
1596 9 2 28 37 369 3002 2999 3054 3052 3055
1597 9 2 28 37 154 155 2999 162 3056 3051
1598 9 2 28 37 369 2999 370 3055 3033 377
1599 9 2 28 37 152 153 3006 160 3057 3058
1600 9 2 28 37 155 3004 2999 3059 3047 3056
1601 9 2 28 37 153 154 3002 161 3053 3060
1602 9 2 28 37 368 3002 369 3061 3054 376
1603 9 2 28 37 153 3002 3006 3060 3062 3057
1604 9 2 28 37 155 156 3004 163 3046 3059
1605 9 2 28 37 3003 3020 2990 3063 3025 3064
1606 9 2 28 37 2994 3000 3008 3065 3066 3067
1607 9 2 28 37 152 3006 2998 3058 3068 3069
1608 9 2 28 37 2994 3010 3001 3070 3071 3072
1609 9 2 28 37 316 3015 2997 3073 3074 3023
1610 9 2 28 37 3005 2995 373 3029 3075 3076
1611 9 2 28 37 311 3011 2998 3077 3078 3031
1612 9 2 28 37 312 2998 3012 3032 3079 3080
1613 9 2 28 37 320 3008 3000 3081 3066 3036
1614 9 2 28 37 2993 3007 3000 3082 3083 3084
1615 9 2 28 37 323 3001 3010 3041 3071 3085
1616 9 2 28 37 319 3000 3007 3037 3083 3086
1617 9 2 28 37 367 3006 368 3087 3088 375
1618 9 2 28 37 157 158 3003 165 3089 3090
1619 9 2 28 37 324 3009 3001 3091 3092 3040
1620 9 2 28 37 2990 2992 3005 3043 3030 3093
1621 9 2 28 37 368 3006 3002 3088 3062 3061
1622 9 2 28 37 2995 3001 3009 3094 3092 3095
1623 9 2 28 37 156 157 3019 164 3096 3049
1624 9 2 28 37 370 3018 371 3035 3097 378
1625 9 2 28 37 2991 3000 2994 3098 3065 3038
1626 9 2 28 37 2992 2994 3001 3042 3072 3099
1627 9 2 28 37 158 3020 3003 3100 3063 3089
1628 9 2 28 37 367 2998 3006 3101 3068 3087
1629 9 2 28 37 5 3011 311 3102 3077 313
1630 9 2 28 37 9 312 3012 315 3080 3103
1631 9 2 28 37 316 317 3015 328 3104 3073
1632 9 2 28 37 320 321 3008 332 3105 3081
1633 9 2 28 37 322 323 3010 334 3085 3106
1634 9 2 28 37 372 3005 373 3107 3076 380
1635 9 2 28 37 158 2997 2993 3108 3109 3110
1636 9 2 28 37 2991 2993 3000 3111 3084 3098
1637 9 2 28 37 318 319 3007 330 3086 3112
1638 9 2 28 37 371 3022 372 3113 3114 379
1639 9 2 28 37 324 325 3009 336 3115 3091
1640 9 2 28 37 372 3014 3005 3116 3117 3107
1641 9 2 28 37 2996 3018 3004 3118 3048 3045
1642 9 2 28 37 372 3022 3014 3114 3119 3116
1643 9 2 28 37 2992 3001 2995 3099 3094 3028
1644 9 2 28 37 321 322 3013 333 3120 3121
1645 9 2 28 37 158 2993 3020 3110 3122 3100
1646 9 2 28 37 2990 3005 3014 3093 3117 3123
1647 9 2 28 37 317 318 3016 329 3124 3125
1648 9 2 28 37 2990 3021 3003 3126 3127 3064
1649 9 2 28 37 325 326 3017 337 3128 3129
1650 9 2 28 37 367 3012 2998 3130 3079 3101
1651 9 2 28 37 152 2998 3011 3069 3078 3131
1652 9 2 28 37 157 3003 3019 3090 3132 3096
1653 9 2 28 37 2991 3020 2993 3026 3122 3111
1654 9 2 28 37 2996 3021 3014 3133 3134 3135
1655 9 2 28 37 2994 3008 3013 3067 3136 3137
1656 9 2 28 37 321 3013 3008 3121 3136 3105
1657 9 2 28 37 2993 2997 3015 3109 3074 3138
1658 9 2 28 37 2994 3013 3010 3137 3139 3070
1659 9 2 28 37 322 3010 3013 3106 3139 3120
1660 9 2 28 37 2996 3019 3021 3050 3140 3133
1661 9 2 28 37 317 3016 3015 3125 3141 3104
1662 9 2 28 37 2990 3014 3021 3123 3134 3126
1663 9 2 28 37 318 3007 3016 3112 3142 3124
1664 9 2 28 37 325 3017 3009 3129 3143 3115
1665 9 2 28 37 2996 3022 3018 3144 3145 3118
1666 9 2 28 37 3003 3021 3019 3127 3140 3132
1667 9 2 28 37 2993 3016 3007 3146 3142 3082
1668 9 2 28 37 371 3018 3022 3097 3145 3113
1669 9 2 28 37 2995 3009 3017 3095 3143 3147
1670 9 2 28 37 2996 3014 3022 3135 3119 3144
1671 9 2 28 37 2993 3015 3016 3138 3141 3146
1672 9 2 28 37 5 152 3011 159 3131 3102
1673 9 2 28 37 6 2997 158 3024 3108 166
1674 9 2 28 37 9 3012 367 3103 3130 374
1675 9 2 28 37 10 373 2995 381 3075 3148
1676 9 2 28 37 10 3017 326 3149 3128 338
1677 9 2 28 37 10 2995 3017 3148 3147 3149
1678 9 2 29 38 3536 3286 3181 3553 3554 3555
1679 9 2 29 38 3284 3286 3536 3556 3553 3557
1680 9 2 29 38 180 3526 3304 3558 3559 3560
1681 9 2 29 38 395 3305 3527 3561 3562 3563
1682 9 2 29 38 3214 3435 3257 3564 3565 3566
1683 9 2 29 38 182 183 3274 206 3567 3568
1684 9 2 29 38 397 3275 398 3569 3570 421
1685 9 2 29 38 3282 3547 3367 3571 3572 3573
1686 9 2 29 38 3198 3286 3284 3574 3556 3575
1687 9 2 29 38 3167 3328 3242 3576 3577 3578
1688 9 2 29 38 3168 3243 3329 3579 3580 3581
1689 9 2 29 38 3180 3365 3282 3582 3583 3584
1690 9 2 29 38 3547 3158 3367 3585 3586 3572
1691 9 2 29 38 3189 3259 3474 3587 3588 3589
1692 9 2 29 38 3156 3356 3374 3590 3591 3592
1693 9 2 29 38 3191 3414 3249 3593 3594 3595
1694 9 2 29 38 3192 3250 3415 3596 3597 3598
1695 9 2 29 38 3266 3304 3526 3599 3559 3600
1696 9 2 29 38 3267 3527 3305 3601 3562 3602
1697 9 2 29 38 3175 3268 3383 3603 3604 3605
1698 9 2 29 38 3156 3374 3276 3592 3606 3607
1699 9 2 29 38 3187 3302 3368 3608 3609 3610
1700 9 2 29 38 3254 3419 3344 3611 3612 3613
1701 9 2 29 38 3204 3287 3266 3614 3615 3616
1702 9 2 29 38 3205 3267 3288 3617 3618 3619
1703 9 2 29 38 3171 3285 3323 3620 3621 3622
1704 9 2 29 38 3419 3151 3344 3623 3624 3612
1705 9 2 29 38 3152 3257 3381 3625 3626 3627
1706 9 2 29 38 3257 3385 3381 3628 3629 3626
1707 9 2 29 38 3158 3322 3367 3630 3631 3586
1708 9 2 29 38 182 3274 3388 3568 3632 3633
1709 9 2 29 38 397 3389 3275 3634 3635 3569
1710 9 2 29 38 3196 3321 3269 3636 3637 3638
1711 9 2 29 38 3368 3302 3425 3609 3639 3640
1712 9 2 29 38 3150 3310 3398 3641 3642 3643
1713 9 2 29 38 3184 3266 3287 3644 3615 3645
1714 9 2 29 38 3185 3288 3267 3646 3618 3647
1715 9 2 29 38 3153 3349 3272 3648 3649 3650
1716 9 2 29 38 3176 3279 3428 3651 3652 3653
1717 9 2 29 38 3162 3269 3321 3654 3637 3655
1718 9 2 29 38 3175 3248 3416 3656 3657 3658
1719 9 2 29 38 3257 3435 3295 3565 3659 3660
1720 9 2 29 38 3246 3398 3310 3661 3642 3662
1721 9 2 29 38 3180 3519 3242 3663 3664 3665
1722 9 2 29 38 3218 3282 3365 3666 3583 3667
1723 9 2 29 38 3189 3474 3515 3589 3668 3669
1724 9 2 29 38 3167 3242 3326 3578 3670 3671
1725 9 2 29 38 3168 3327 3243 3672 3673 3579
1726 9 2 29 38 3176 3428 3401 3653 3674 3675
1727 9 2 29 38 3166 3308 3245 3676 3677 3678
1728 9 2 29 38 3189 3317 3259 3679 3680 3587
1729 9 2 29 38 3165 3244 3303 3681 3682 3683
1730 9 2 29 38 3188 3252 3298 3684 3685 3686
1731 9 2 29 38 3196 3355 3321 3687 3688 3636
1732 9 2 29 38 3470 3310 3223 3689 3690 3691
1733 9 2 29 38 3204 3266 3388 3616 3692 3693
1734 9 2 29 38 3205 3389 3267 3694 3695 3617
1735 9 2 29 38 3175 3416 3251 3658 3696 3697
1736 9 2 29 38 3273 3310 3470 3698 3689 3699
1737 9 2 29 38 3180 3242 3328 3665 3577 3700
1738 9 2 29 38 3151 3384 3344 3701 3702 3624
1739 9 2 29 38 3188 3309 3252 3703 3704 3684
1740 9 2 29 38 3227 3321 3355 3705 3688 3706
1741 9 2 29 38 3194 3263 3488 3707 3708 3709
1742 9 2 29 38 3195 3489 3264 3710 3711 3712
1743 9 2 29 38 3169 3311 3258 3713 3714 3715
1744 9 2 29 38 3165 3345 3244 3716 3717 3681
1745 9 2 29 38 3166 3245 3346 3678 3718 3719
1746 9 2 29 38 3179 3372 3269 3720 3721 3722
1747 9 2 29 38 3175 3383 3459 3605 3723 3724
1748 9 2 29 38 3171 3446 3285 3725 3726 3620
1749 9 2 29 38 3157 3277 3439 3727 3728 3729
1750 9 2 29 38 3164 3265 3348 3730 3731 3732
1751 9 2 29 38 3172 3404 3299 3733 3734 3735
1752 9 2 29 38 3152 3434 3257 3736 3737 3625
1753 9 2 29 38 3214 3257 3434 3566 3737 3738
1754 9 2 29 38 179 180 3304 203 3560 3739
1755 9 2 29 38 394 3305 395 3740 3561 418
1756 9 2 29 38 3175 3251 3432 3697 3741 3742
1757 9 2 29 38 3164 3435 3265 3743 3744 3730
1758 9 2 29 38 3238 3299 3404 3745 3734 3746
1759 9 2 29 38 3211 3289 3529 3747 3748 3749
1760 9 2 29 38 3212 3530 3290 3750 3751 3752
1761 9 2 29 38 3172 3299 3272 3735 3753 3754
1762 9 2 29 38 174 175 3335 198 3755 3756
1763 9 2 29 38 389 3336 390 3757 3758 413
1764 9 2 29 38 174 3335 3471 3756 3759 3760
1765 9 2 29 38 389 3472 3336 3761 3762 3757
1766 9 2 29 38 3225 3505 3455 3763 3764 3765
1767 9 2 29 38 3226 3456 3506 3766 3767 3768
1768 9 2 29 38 3184 3304 3266 3769 3599 3644
1769 9 2 29 38 3185 3267 3305 3647 3602 3770
1770 9 2 29 38 3207 3272 3299 3771 3753 3772
1771 9 2 29 38 3277 3364 3439 3773 3774 3728
1772 9 2 29 38 3191 3312 3414 3775 3776 3593
1773 9 2 29 38 3192 3415 3314 3598 3777 3778
1774 9 2 29 38 3175 3459 3248 3724 3779 3656
1775 9 2 29 38 3194 3488 3319 3709 3780 3781
1776 9 2 29 38 3195 3320 3489 3782 3783 3710
1777 9 2 29 38 3197 3348 3265 3784 3731 3785
1778 9 2 29 38 3159 3259 3317 3786 3680 3787
1779 9 2 29 38 3197 3265 3343 3785 3788 3789
1780 9 2 29 38 3214 3265 3435 3790 3744 3564
1781 9 2 29 38 3512 3204 3388 3791 3693 3792
1782 9 2 29 38 3513 3389 3205 3793 3694 3794
1783 9 2 29 38 3191 3249 3408 3595 3795 3796
1784 9 2 29 38 3192 3409 3250 3797 3798 3596
1785 9 2 29 38 3265 3446 3343 3799 3800 3788
1786 9 2 29 38 3211 3529 3448 3749 3801 3802
1787 9 2 29 38 3212 3452 3530 3803 3804 3750
1788 9 2 29 38 3163 3402 3294 3805 3806 3807
1789 9 2 29 38 3175 3324 3268 3808 3809 3603
1790 9 2 29 38 3446 3171 3343 3725 3810 3800
1791 9 2 29 38 3274 3512 3388 3811 3792 3632
1792 9 2 29 38 3275 3389 3513 3635 3793 3812
1793 9 2 29 38 3153 3318 3349 3813 3814 3648
1794 9 2 29 38 3177 3262 3450 3815 3816 3817
1795 9 2 29 38 3169 3382 3270 3818 3819 3820
1796 9 2 29 38 3162 3293 3407 3821 3822 3823
1797 9 2 29 38 3224 3349 3318 3824 3814 3825
1798 9 2 29 38 3272 3349 3440 3649 3826 3827
1799 9 2 29 38 3171 3351 3343 3828 3829 3810
1800 9 2 29 38 3196 3323 3285 3830 3621 3831
1801 9 2 29 38 345 346 3281 357 3832 3833
1802 9 2 29 38 3266 3526 3388 3600 3834 3692
1803 9 2 29 38 3267 3389 3527 3695 3835 3601
1804 9 2 29 38 3186 3542 3254 3836 3837 3838
1805 9 2 29 38 3214 3446 3265 3839 3799 3790
1806 9 2 29 38 3207 3299 3390 3772 3840 3841
1807 9 2 29 38 3186 3254 3344 3838 3613 3842
1808 9 2 29 38 3200 3357 3255 3843 3844 3845
1809 9 2 29 38 3201 3256 3358 3846 3847 3848
1810 9 2 29 38 3200 3255 3394 3845 3849 3850
1811 9 2 29 38 3201 3395 3256 3851 3852 3846
1812 9 2 29 38 3177 3409 3262 3853 3854 3815
1813 9 2 29 38 3293 3524 3407 3855 3856 3822
1814 9 2 29 38 3153 3272 3397 3650 3857 3858
1815 9 2 29 38 3233 3344 3384 3859 3702 3860
1816 9 2 29 38 3294 3402 3500 3806 3861 3862
1817 9 2 29 38 3207 3397 3272 3863 3857 3771
1818 9 2 29 38 3159 3347 3259 3864 3865 3786
1819 9 2 29 38 3179 3451 3372 3866 3867 3720
1820 9 2 29 38 3202 3381 3385 3868 3629 3869
1821 9 2 29 38 3299 3477 3390 3870 3871 3840
1822 9 2 29 38 3263 3379 184 3872 3873 3874
1823 9 2 29 38 3264 399 3380 3875 3876 3877
1824 9 2 29 38 3179 3438 3278 3878 3879 3880
1825 9 2 29 38 3488 3263 184 3708 3874 3881
1826 9 2 29 38 3489 399 3264 3882 3875 3711
1827 9 2 29 38 324 3292 325 3883 3884 336
1828 9 2 29 38 317 3291 318 3885 3886 329
1829 9 2 29 38 324 3461 3292 3887 3888 3883
1830 9 2 29 38 318 3291 3460 3886 3889 3890
1831 9 2 29 38 3280 3450 3454 3891 3892 3893
1832 9 2 29 38 3169 3258 3382 3715 3894 3818
1833 9 2 29 38 3172 3272 3440 3754 3827 3895
1834 9 2 29 38 3170 3271 3396 3896 3897 3898
1835 9 2 29 38 3216 3368 3301 3899 3900 3901
1836 9 2 29 38 339 3455 3505 3902 3764 3903
1837 9 2 29 38 349 3506 3456 3904 3767 3905
1838 9 2 29 38 3167 3412 3289 3906 3907 3908
1839 9 2 29 38 3168 3290 3413 3909 3910 3911
1840 9 2 29 38 3194 3442 3263 3912 3913 3707
1841 9 2 29 38 3195 3264 3443 3712 3914 3915
1842 9 2 29 38 3240 3494 3319 3916 3917 3918
1843 9 2 29 38 3241 3320 3495 3919 3920 3921
1844 9 2 29 38 3174 3273 3467 3922 3923 3924
1845 9 2 29 38 3200 3270 3353 3925 3926 3927
1846 9 2 29 38 3201 3354 3271 3928 3929 3930
1847 9 2 29 38 3221 3343 3351 3931 3829 3932
1848 9 2 29 38 3228 3300 3410 3933 3934 3935
1849 9 2 29 38 3167 3494 3412 3936 3937 3906
1850 9 2 29 38 3168 3413 3495 3911 3938 3939
1851 9 2 29 38 3252 3366 3298 3940 3941 3685
1852 9 2 29 38 3159 3353 3270 3942 3926 3943
1853 9 2 29 38 3160 3271 3354 3944 3929 3945
1854 9 2 29 38 3159 3428 3279 3946 3652 3947
1855 9 2 29 38 3196 3269 3372 3638 3721 3948
1856 9 2 29 38 3225 3289 3412 3949 3907 3950
1857 9 2 29 38 3226 3413 3290 3951 3910 3952
1858 9 2 29 38 3190 3384 3278 3953 3954 3955
1859 9 2 29 38 3216 3447 3368 3956 3957 3899
1860 9 2 29 38 3253 3515 3474 3958 3668 3959
1861 9 2 29 38 3217 3292 3461 3960 3888 3961
1862 9 2 29 38 3216 3460 3291 3962 3889 3963
1863 9 2 29 38 3177 3450 3280 3817 3891 3964
1864 9 2 29 38 3193 3501 3324 3965 3966 3967
1865 9 2 29 38 3252 3501 3366 3968 3969 3940
1866 9 2 29 38 3189 3403 3317 3970 3971 3679
1867 9 2 29 38 3159 3270 3539 3943 3972 3973
1868 9 2 29 38 175 3357 3335 3974 3975 3755
1869 9 2 29 38 390 3336 3358 3758 3976 3977
1870 9 2 29 38 3268 3324 3501 3809 3966 3978
1871 9 2 29 38 3212 3281 3452 3979 3980 3803
1872 9 2 29 38 3155 3410 3300 3981 3934 3982
1873 9 2 29 38 175 176 3357 199 3983 3974
1874 9 2 29 38 390 3358 391 3977 3984 414
1875 9 2 29 38 3214 3285 3446 3985 3726 3839
1876 9 2 29 38 3273 3487 3467 3986 3987 3923
1877 9 2 29 38 3169 3429 3311 3988 3989 3713
1878 9 2 29 38 3190 3322 3296 3990 3991 3992
1879 9 2 29 38 3339 3430 3545 3993 3994 3995
1880 9 2 29 38 346 3452 3281 3996 3980 3832
1881 9 2 29 38 3160 3518 3271 3997 3998 3944
1882 9 2 29 38 3240 3319 3426 3918 3999 4000
1883 9 2 29 38 3241 3427 3320 4001 4002 3919
1884 9 2 29 38 3171 3323 3351 3622 4003 3828
1885 9 2 29 38 3222 3351 3323 4004 4003 4005
1886 9 2 29 38 3176 3496 3279 4006 4007 3651
1887 9 2 29 38 3177 3280 3497 3964 4008 4009
1888 9 2 29 38 319 3301 320 4010 4011 331
1889 9 2 29 38 3223 3433 3295 4012 4013 4014
1890 9 2 29 38 3212 3431 3281 4015 4016 3979
1891 9 2 29 38 3244 3300 3303 4017 4018 3682
1892 9 2 29 38 3215 3454 3450 4019 3892 4020
1893 9 2 29 38 3200 3394 3270 3850 4021 3925
1894 9 2 29 38 3201 3271 3395 3930 4022 3851
1895 9 2 29 38 3162 3407 3269 3823 4023 3654
1896 9 2 29 38 3169 3270 3394 3820 4021 4024
1897 9 2 29 38 3170 3395 3271 4025 4022 3896
1898 9 2 29 38 3252 3309 3534 3704 4026 4027
1899 9 2 29 38 322 3316 323 4028 4029 334
1900 9 2 29 38 3199 3281 3350 4030 4031 4032
1901 9 2 29 38 3193 3387 3283 4033 4034 4035
1902 9 2 29 38 3258 3453 3465 4036 4037 4038
1903 9 2 29 38 3182 3512 3274 4039 3811 4040
1904 9 2 29 38 3183 3275 3513 4041 3812 4042
1905 9 2 29 38 3179 3269 3441 3722 4043 4044
1906 9 2 29 38 3236 3311 3429 4045 3989 4046
1907 9 2 29 38 3192 3481 3409 4047 4048 3797
1908 9 2 29 38 3240 3412 3494 4049 3937 3916
1909 9 2 29 38 3241 3495 3413 3921 3938 4050
1910 9 2 29 38 3174 3521 3273 4051 4052 3922
1911 9 2 29 38 3242 3519 3369 3664 4053 4054
1912 9 2 29 38 3152 3285 3434 4055 4056 3736
1913 9 2 29 38 3214 3434 3285 3738 4056 3985
1914 9 2 29 38 342 343 3338 354 4057 4058
1915 9 2 29 38 3187 3303 3300 4059 4018 4060
1916 9 2 29 38 3342 3545 3396 4061 4062 4063
1917 9 2 29 38 3225 3392 3505 4064 4065 3763
1918 9 2 29 38 3226 3506 3393 3768 4066 4067
1919 9 2 29 38 3280 3454 3354 3893 4068 4069
1920 9 2 29 38 3454 3160 3354 4070 3945 4068
1921 9 2 29 38 3191 3408 3484 3796 4071 4072
1922 9 2 29 38 3239 3545 3342 4073 4061 4074
1923 9 2 29 38 3179 3278 3451 3880 4075 3866
1924 9 2 29 38 3155 3300 3478 3982 4076 4077
1925 9 2 29 38 3161 3534 3309 4078 4026 4079
1926 9 2 29 38 3170 3545 3430 4080 3994 4081
1927 9 2 29 38 3224 3467 3487 4082 3987 4083
1928 9 2 29 38 3295 3433 3544 4013 4084 4085
1929 9 2 29 38 3159 3279 3353 3947 4086 3942
1930 9 2 29 38 3196 3285 3355 3831 4087 3687
1931 9 2 29 38 183 3379 3274 4088 4089 3567
1932 9 2 29 38 398 3275 3380 3570 4090 4091
1933 9 2 29 38 3179 3543 3438 4092 4093 3878
1934 9 2 29 38 3182 3274 3522 4040 4094 4095
1935 9 2 29 38 3183 3523 3275 4096 4097 4041
1936 9 2 29 38 3237 3430 3339 4098 3993 4099
1937 9 2 29 38 3158 3332 3286 4100 4101 4102
1938 9 2 29 38 3158 3296 3322 4103 3991 3630
1939 9 2 29 38 3262 3409 3481 3854 4048 4104
1940 9 2 29 38 3244 3478 3300 4105 4076 4017
1941 9 2 29 38 3159 3317 3428 3787 4106 3946
1942 9 2 29 38 3156 3276 3370 3607 4107 4108
1943 9 2 29 38 3157 3371 3277 4109 4110 3727
1944 9 2 29 38 3180 3282 3367 3584 3573 4111
1945 9 2 29 38 3197 3343 3325 3789 4112 4113
1946 9 2 29 38 3210 3374 3356 4114 3591 4115
1947 9 2 29 38 3199 3376 3281 4116 4117 4030
1948 9 2 29 38 3217 3316 3373 4118 4119 4120
1949 9 2 29 38 3213 3317 3403 4121 3971 4122
1950 9 2 29 38 3188 3373 3309 4123 4124 3703
1951 9 2 29 38 3198 3284 3531 3575 4125 4126
1952 9 2 29 38 3190 3278 3438 3955 3879 4127
1953 9 2 29 38 3308 3437 3449 4128 4129 4130
1954 9 2 29 38 3150 3411 3310 4131 4132 3641
1955 9 2 29 38 343 3502 3338 4133 4134 4057
1956 9 2 29 38 3303 3447 3436 4135 4136 4137
1957 9 2 29 38 3152 3355 3285 4138 4087 4055
1958 9 2 29 38 3197 3349 3348 4139 4140 3784
1959 9 2 29 38 3153 3397 3342 3858 4141 4142
1960 9 2 29 38 3224 3348 3349 4143 4140 3824
1961 9 2 29 38 170 171 3312 194 4144 4145
1962 9 2 29 38 385 3314 386 4146 4147 409
1963 9 2 29 38 3178 3391 3283 4148 4149 4150
1964 9 2 29 38 3239 3342 3397 4074 4141 4151
1965 9 2 29 38 3154 3298 3366 4152 3941 4153
1966 9 2 29 38 3178 3283 3387 4150 4034 4154
1967 9 2 29 38 3161 3383 3534 4155 4156 4078
1968 9 2 29 38 3206 3331 3337 4157 4158 4159
1969 9 2 29 38 3270 3382 3539 3819 4160 3972
1970 9 2 29 38 3209 3337 3331 4161 4158 4162
1971 9 2 29 38 3227 3465 3453 4163 4037 4164
1972 9 2 29 38 3167 3326 3494 3671 4165 3936
1973 9 2 29 38 3168 3495 3327 3939 4166 3672
1974 9 2 29 38 3261 3484 3408 4167 4071 4168
1975 9 2 29 38 3182 3293 3512 4169 4170 4039
1976 9 2 29 38 3183 3513 3294 4042 4171 4172
1977 9 2 29 38 3223 3310 3411 3690 4132 4173
1978 9 2 29 38 3193 3366 3501 4174 3969 3965
1979 9 2 29 38 3193 3283 3366 4035 4175 4174
1980 9 2 29 38 3262 3333 3450 4176 4177 3816
1981 9 2 29 38 3194 3319 3494 3781 3917 4178
1982 9 2 29 38 3195 3495 3320 4179 3920 3782
1983 9 2 29 38 3161 3302 3383 4180 4181 4155
1984 9 2 29 38 3172 3440 3325 3895 4182 4183
1985 9 2 29 38 168 169 3313 192 4184 4185
1986 9 2 29 38 383 3315 384 4186 4187 407
1987 9 2 29 38 3154 3366 3548 4153 4188 4189
1988 9 2 29 38 3219 3291 3468 4190 4191 4192
1989 9 2 29 38 3220 3469 3292 4193 4194 4195
1990 9 2 29 38 185 186 3319 209 4196 4197
1991 9 2 29 38 400 3320 401 4198 4199 424
1992 9 2 29 38 3157 3439 3297 3729 4200 4201
1993 9 2 29 38 3183 3364 3443 4202 4203 4204
1994 9 2 29 38 3180 3328 3365 3700 4205 3582
1995 9 2 29 38 3258 3311 3453 3714 4206 4036
1996 9 2 29 38 3186 3352 3297 4207 4208 4209
1997 9 2 29 38 345 3281 3376 3833 4117 4210
1998 9 2 29 38 322 3463 3316 4211 4212 4028
1999 9 2 29 38 3202 3385 3347 3869 4213 4214
2000 9 2 29 38 3166 3437 3308 4215 4128 3676
2001 9 2 29 38 3185 3525 3288 4216 4217 3646
2002 9 2 29 38 3204 3444 3287 4218 4219 3614
2003 9 2 29 38 3205 3288 3445 3619 4220 4221
2004 9 2 29 38 3165 3303 3436 3683 4137 4222
2005 9 2 29 38 3219 3492 3291 4223 4224 4190
2006 9 2 29 38 3220 3292 3493 4195 4225 4226
2007 9 2 29 38 3159 3539 3347 3973 4227 3864
2008 9 2 29 38 3167 3457 3328 4228 4229 3576
2009 9 2 29 38 3168 3329 3458 3581 4230 4231
2010 9 2 29 38 3194 3549 3442 4232 4233 3912
2011 9 2 29 38 3195 3443 3550 3915 4234 4235
2012 9 2 29 38 3283 3548 3366 4236 4188 4175
2013 9 2 29 38 3228 3517 3300 4237 4238 3933
2014 9 2 29 38 3268 3534 3383 4239 4156 3604
2015 9 2 29 38 3277 3443 3364 4240 4203 3773
2016 9 2 29 38 3151 3421 3384 4241 4242 3701
2017 9 2 29 38 3198 3297 3352 4243 4208 4244
2018 9 2 29 38 3244 3345 3484 3717 4245 4246
2019 9 2 29 38 3378 3508 3469 4247 4248 4249
2020 9 2 29 38 3377 3468 3507 4250 4251 4252
2021 9 2 29 38 3279 3496 3479 4007 4253 4254
2022 9 2 29 38 3280 3480 3497 4255 4256 4008
2023 9 2 29 38 3211 3365 3328 4257 4205 4258
2024 9 2 29 38 3229 3496 3306 4259 4260 4261
2025 9 2 29 38 3230 3307 3497 4262 4263 4264
2026 9 2 29 38 320 3301 3424 4011 4265 4266
2027 9 2 29 38 3198 3423 3286 4267 4268 3574
2028 9 2 29 38 3153 3342 3318 4142 4269 3813
2029 9 2 29 38 3198 3531 3297 4126 4270 4243
2030 9 2 29 38 3158 3286 3423 4102 4268 4271
2031 9 2 29 38 3161 3309 3331 4079 4272 4273
2032 9 2 29 38 3203 3318 3342 4274 4269 4275
2033 9 2 29 38 3278 3384 3421 3954 4242 4276
2034 9 2 29 38 3254 3542 3404 3837 4277 4278
2035 9 2 29 38 3229 3471 3335 4279 3759 4280
2036 9 2 29 38 3230 3336 3472 4281 3762 4282
2037 9 2 29 38 3245 3481 3346 4283 4284 3718
2038 9 2 29 38 3209 3309 3373 4285 4124 4286
2039 9 2 29 38 3190 3464 3322 4287 4288 3990
2040 9 2 29 38 3184 3287 3386 3645 4289 4290
2041 9 2 29 38 3220 3378 3469 4291 4249 4193
2042 9 2 29 38 3219 3468 3377 4192 4250 4292
2043 9 2 29 38 3217 3373 3449 4120 4293 4294
2044 9 2 29 38 3234 3345 3361 4295 4296 4297
2045 9 2 29 38 3235 3362 3346 4298 4299 4300
2046 9 2 29 38 344 3334 3502 4301 4302 4303
2047 9 2 29 38 3257 3295 3544 3660 4085 4304
2048 9 2 29 38 3199 3350 3332 4032 4305 4306
2049 9 2 29 38 3164 3470 3295 4307 4308 4309
2050 9 2 29 38 3218 3405 3282 4310 4311 3666
2051 9 2 29 38 3163 3288 3390 4312 4313 4314
2052 9 2 29 38 3223 3295 3470 4014 4308 3691
2053 9 2 29 38 3262 3509 3333 4315 4316 4176
2054 9 2 29 38 343 344 3502 355 4303 4133
2055 9 2 29 38 3182 3442 3374 4317 4318 4319
2056 9 2 29 38 3167 3289 3457 3908 4320 4228
2057 9 2 29 38 3168 3458 3290 4231 4321 3909
2058 9 2 29 38 3347 3385 3490 4213 4322 4323
2059 9 2 29 38 3154 3333 3509 4324 4316 4325
2060 9 2 29 38 3183 3294 3500 4172 3862 4326
2061 9 2 29 38 3273 3521 3310 4052 4327 3698
2062 9 2 29 38 3216 3291 3436 3963 4328 4329
2063 9 2 29 38 3217 3437 3292 4330 4331 3960
2064 9 2 29 38 3156 3370 3369 4108 4332 4333
2065 9 2 29 38 3190 3296 3528 3992 4334 4335
2066 9 2 29 38 3229 3479 3496 4336 4253 4259
2067 9 2 29 38 3230 3497 3480 4264 4256 4337
2068 9 2 29 38 3163 3445 3288 4338 4220 4312
2069 9 2 29 38 317 3468 3291 4339 4191 3885
2070 9 2 29 38 325 3292 3469 3884 4194 4340
2071 9 2 29 38 3181 3286 3516 3554 4341 4342
2072 9 2 29 38 3209 3331 3309 4162 4272 4285
2073 9 2 29 38 3306 3496 3540 4260 4343 4344
2074 9 2 29 38 3307 3541 3497 4345 4346 4263
2075 9 2 29 38 3196 3372 3323 3948 4347 3830
2076 9 2 29 38 3276 3374 3442 3606 4318 4348
2077 9 2 29 38 3160 3330 3518 4349 4350 3997
2078 9 2 29 38 3213 3401 3428 4351 3674 4352
2079 9 2 29 38 3225 3412 3340 3950 4353 4354
2080 9 2 29 38 3226 3341 3413 4355 4356 3951
2081 9 2 29 38 3227 3386 3321 4357 4358 3705
2082 9 2 29 38 3215 3333 3391 4359 4360 4361
2083 9 2 29 38 3186 3297 3399 4209 4362 4363
2084 9 2 29 38 3206 3301 3368 4364 3900 4365
2085 9 2 29 38 3216 3301 3460 3901 4366 3962
2086 9 2 29 38 3165 3361 3345 4367 4296 3716
2087 9 2 29 38 3166 3346 3362 3719 4299 4368
2088 9 2 29 38 3190 3528 3384 4335 4369 3953
2089 9 2 29 38 173 3471 3306 4370 4371 4372
2090 9 2 29 38 388 3307 3472 4373 4374 4375
2091 9 2 29 38 3271 3518 3396 3998 4376 3897
2092 9 2 29 38 3199 3332 3405 4306 4377 4378
2093 9 2 29 38 3211 3457 3289 4379 4320 3747
2094 9 2 29 38 3212 3290 3458 3752 4321 4380
2095 9 2 29 38 3210 3407 3524 4381 3856 4382
2096 9 2 29 38 3158 3423 3296 4271 4383 4103
2097 9 2 29 38 3162 3444 3293 4384 4385 3821
2098 9 2 29 38 3163 3294 3445 3807 4386 4338
2099 9 2 29 38 3242 3369 3370 4054 4332 4387
2100 9 2 29 38 3248 3410 3422 4388 4389 4390
2101 9 2 29 38 3176 3401 3408 3675 4391 4392
2102 9 2 29 38 3225 3455 3289 3765 4393 3949
2103 9 2 29 38 3226 3290 3456 3952 4394 3766
2104 9 2 29 38 339 340 3455 351 4395 3902
2105 9 2 29 38 348 349 3456 360 3905 4396
2106 9 2 29 38 3164 3295 3435 4309 3659 3743
2107 9 2 29 38 3182 3524 3293 4397 3855 4169
2108 9 2 29 38 3156 3473 3356 4398 4399 3590
2109 9 2 29 38 3161 3425 3302 4400 3639 4180
2110 9 2 29 38 3157 3297 3531 4201 4270 4401
2111 9 2 29 38 3221 3325 3343 4402 4112 3931
2112 9 2 29 38 3245 3308 3535 3677 4403 4404
2113 9 2 29 38 3260 3356 3473 4405 4399 4406
2114 9 2 29 38 344 345 3376 356 4210 4407
2115 9 2 29 38 3191 3484 3345 4072 4245 4408
2116 9 2 29 38 3276 3442 3549 4348 4233 4409
2117 9 2 29 38 3277 3550 3443 4410 4234 4240
2118 9 2 29 38 3154 3462 3298 4411 4412 4152
2119 9 2 29 38 3206 3424 3301 4413 4265 4364
2120 9 2 29 38 3231 3322 3464 4414 4288 4415
2121 9 2 29 38 3193 3546 3387 4416 4417 4033
2122 9 2 29 38 187 188 3340 211 4418 4419
2123 9 2 29 38 402 3341 403 4420 4421 426
2124 9 2 29 38 3192 3346 3481 4422 4284 4047
2125 9 2 29 38 3261 3408 3401 4168 4391 4423
2126 9 2 29 38 170 3312 3482 4145 4424 4425
2127 9 2 29 38 385 3483 3314 4426 4427 4146
2128 9 2 29 38 3228 3383 3302 4428 4181 4429
2129 9 2 29 38 3246 3466 3504 4430 4431 4432
2130 9 2 29 38 344 3376 3334 4407 4433 4301
2131 9 2 29 38 3240 3340 3412 4434 4353 4049
2132 9 2 29 38 3241 3413 3341 4050 4356 4435
2133 9 2 29 38 168 3313 3377 4185 4436 4437
2134 9 2 29 38 383 3378 3315 4438 4439 4186
2135 9 2 29 38 186 3426 3319 4440 3999 4196
2136 9 2 29 38 401 3320 3427 4199 4002 4441
2137 9 2 29 38 319 3460 3301 4442 4366 4010
2138 9 2 29 38 3232 3324 3432 4443 4444 4445
2139 9 2 29 38 321 3463 322 4446 4211 333
2140 9 2 29 38 3184 3537 3304 4447 4448 3769
2141 9 2 29 38 3185 3305 3538 3770 4449 4450
2142 9 2 29 38 169 3482 3313 4451 4452 4184
2143 9 2 29 38 384 3315 3483 4187 4453 4454
2144 9 2 29 38 3281 3431 3350 4016 4455 4031
2145 9 2 29 38 3209 3373 3316 4286 4119 4456
2146 9 2 29 38 321 3337 3463 4457 4458 4446
2147 9 2 29 38 3332 3350 3516 4305 4459 4460
2148 9 2 29 38 10 326 3508 338 4461 4462
2149 9 2 29 38 6 3507 316 4463 4464 327
2150 9 2 29 38 11 3506 349 4465 3904 361
2151 9 2 29 38 7 339 3505 350 3903 4466
2152 9 2 29 38 3239 3397 3375 4151 4467 4468
2153 9 2 29 38 3332 3547 3405 4469 4470 4377
2154 9 2 29 38 3207 3375 3397 4471 4467 3863
2155 9 2 29 38 3186 3344 3352 3842 4472 4207
2156 9 2 29 38 3239 3375 3339 4468 4473 4474
2157 9 2 29 38 3228 3459 3383 4475 3723 4428
2158 9 2 29 38 3185 3339 3375 4476 4473 4477
2159 9 2 29 38 3297 3439 3399 4200 4478 4362
2160 9 2 29 38 320 3424 321 4266 4479 332
2161 9 2 29 38 3217 3449 3437 4294 4129 4330
2162 9 2 29 38 3216 3436 3447 4329 4136 3956
2163 9 2 29 38 388 3472 389 4375 3761 412
2164 9 2 29 38 173 174 3471 197 3760 4370
2165 9 2 29 38 3203 3330 3400 4480 4481 4482
2166 9 2 29 38 3234 3361 3313 4297 4483 4484
2167 9 2 29 38 3235 3315 3362 4485 4486 4298
2168 9 2 29 38 3225 3340 3392 4354 4487 4064
2169 9 2 29 38 3226 3393 3341 4067 4488 4355
2170 9 2 29 38 3234 3482 3312 4489 4424 4490
2171 9 2 29 38 3235 3314 3483 4491 4427 4492
2172 9 2 29 38 171 172 3414 195 4493 4494
2173 9 2 29 38 386 3415 387 4495 4496 410
2174 9 2 29 38 3155 3422 3410 4497 4389 3981
2175 9 2 29 38 3242 3370 3326 4387 4498 3670
2176 9 2 29 38 3243 3327 3371 3673 4499 4500
2177 9 2 29 38 3191 3551 3312 4501 4502 3775
2178 9 2 29 38 3192 3314 3552 3778 4503 4504
2179 9 2 29 38 3163 3390 3477 4314 3871 4505
2180 9 2 29 38 321 3424 3337 4479 4506 4457
2181 9 2 29 38 3231 3367 3322 4507 3631 4414
2182 9 2 29 38 3210 3356 3441 4115 4508 4509
2183 9 2 29 38 3228 3302 3517 4429 4510 4237
2184 9 2 29 38 3209 3316 3463 4456 4212 4511
2185 9 2 29 38 3217 3461 3316 3961 4512 4118
2186 9 2 29 38 3200 3335 3357 4513 3975 3843
2187 9 2 29 38 3201 3358 3336 3848 3976 4514
2188 9 2 29 38 3238 3477 3299 4515 3870 3745
2189 9 2 29 38 3211 3338 3365 4516 4517 4257
2190 9 2 29 38 177 178 3359 201 4518 4519
2191 9 2 29 38 392 3360 393 4520 4521 416
2192 9 2 29 38 3199 3405 3334 4378 4522 4523
2193 9 2 29 38 184 185 3488 208 4524 3881
2194 9 2 29 38 399 3489 400 3882 4525 423
2195 9 2 29 38 3234 3313 3482 4484 4452 4489
2196 9 2 29 38 3235 3483 3315 4492 4453 4485
2197 9 2 29 38 173 3306 3485 4372 4526 4527
2198 9 2 29 38 388 3486 3307 4528 4529 4373
2199 9 2 29 38 3233 3352 3344 4530 4472 3859
2200 9 2 29 38 3188 3298 3535 3686 4531 4532
2201 9 2 29 38 3173 3544 3433 4533 4084 4534
2202 9 2 29 38 3218 3334 3405 4535 4522 4310
2203 9 2 29 38 3197 3440 3349 4536 3826 4139
2204 9 2 29 38 3279 3479 3353 4254 4537 4086
2205 9 2 29 38 3280 3354 3480 4069 4538 4255
2206 9 2 29 38 172 3485 3414 4539 4540 4493
2207 9 2 29 38 387 3415 3486 4496 4541 4542
2208 9 2 29 38 3152 3381 3465 3627 4543 4544
2209 9 2 29 38 3215 3363 3454 4545 4546 4019
2210 9 2 29 38 3304 3537 3417 4448 4547 4548
2211 9 2 29 38 3305 3418 3538 4549 4550 4449
2212 9 2 29 38 3537 3236 3417 4551 4552 4547
2213 9 2 29 38 3538 3418 3237 4550 4553 4554
2214 9 2 29 38 3258 3465 3381 4038 4543 4555
2215 9 2 29 38 3161 3331 3425 4273 4556 4400
2216 9 2 29 38 3207 3525 3375 4557 4558 4471
2217 9 2 29 38 3187 3517 3302 4559 4510 3608
2218 9 2 29 38 179 3304 3417 3739 4548 4560
2219 9 2 29 38 394 3418 3305 4561 4549 3740
2220 9 2 29 38 183 184 3379 207 3873 4088
2221 9 2 29 38 398 3380 399 4091 3876 422
2222 9 2 29 38 3207 3390 3525 3841 4562 4557
2223 9 2 29 38 3222 3323 3372 4005 4347 4563
2224 9 2 29 38 3206 3368 3425 4365 3640 4564
2225 9 2 29 38 3218 3365 3338 3667 4517 4565
2226 9 2 29 38 3219 3313 3361 4566 4483 4567
2227 9 2 29 38 3220 3362 3315 4568 4486 4569
2228 9 2 29 38 171 3414 3312 4494 3776 4144
2229 9 2 29 38 386 3314 3415 4147 3777 4495
2230 9 2 29 38 3203 3400 3318 4482 4570 4274
2231 9 2 29 38 3169 3394 3429 4024 4571 3988
2232 9 2 29 38 3170 3430 3395 4081 4572 4025
2233 9 2 29 38 3255 3429 3394 4573 4571 3849
2234 9 2 29 38 3256 3395 3430 3852 4572 4574
2235 9 2 29 38 3247 3330 3533 4575 4576 4577
2236 9 2 29 38 188 3392 3340 4578 4487 4418
2237 9 2 29 38 403 3341 3393 4421 4488 4579
2238 9 2 29 38 3260 3438 3543 4580 4093 4581
2239 9 2 29 38 3186 3399 3499 4363 4582 4583
2240 9 2 29 38 3219 3377 3313 4292 4436 4566
2241 9 2 29 38 3220 3315 3378 4569 4439 4291
2242 9 2 29 38 167 168 3377 191 4437 4584
2243 9 2 29 38 382 3378 383 4585 4438 406
2244 9 2 29 38 3187 3300 3517 4060 4238 4559
2245 9 2 29 38 323 3316 3461 4029 4512 4586
2246 9 2 29 38 3221 3420 3325 4587 4588 4402
2247 9 2 29 38 3160 3533 3330 4589 4576 4349
2248 9 2 29 38 3172 3325 3420 4183 4588 4590
2249 9 2 29 38 3186 3499 3542 4583 4591 3836
2250 9 2 29 38 3222 3372 3451 4563 3867 4592
2251 9 2 29 38 3236 3537 3311 4551 4593 4045
2252 9 2 29 38 3232 3432 3406 4445 4594 4595
2253 9 2 29 38 187 3340 3426 4419 4596 4597
2254 9 2 29 38 402 3427 3341 4598 4599 4420
2255 9 2 29 38 3246 3504 3398 4432 4600 3661
2256 9 2 29 38 3184 3311 3537 4601 4593 4447
2257 9 2 29 38 3229 3306 3471 4261 4371 4279
2258 9 2 29 38 3230 3472 3307 4282 4374 4262
2259 9 2 29 38 3222 3498 3351 4602 4603 4004
2260 9 2 29 38 3184 3453 3311 4604 4206 4601
2261 9 2 29 38 3199 3334 3376 4523 4433 4116
2262 9 2 29 38 188 189 3392 212 4605 4578
2263 9 2 29 38 403 3393 404 4579 4606 427
2264 9 2 29 38 3172 3420 3404 4590 4607 3733
2265 9 2 29 38 3333 3548 3391 4608 4609 4360
2266 9 2 29 38 3245 3535 3462 4404 4610 4611
2267 9 2 29 38 3221 3351 3498 3932 4603 4612
2268 9 2 29 38 181 182 3388 205 3633 4613
2269 9 2 29 38 396 3389 397 4614 3634 420
2270 9 2 29 38 3188 3535 3308 4532 4403 4615
2271 9 2 29 38 3254 3404 3420 4278 4607 4616
2272 9 2 29 38 3243 3536 3329 4617 4618 3580
2273 9 2 29 38 3356 3543 3441 4619 4620 4508
2274 9 2 29 38 178 3417 3359 4621 4622 4518
2275 9 2 29 38 393 3360 3418 4521 4623 4624
2276 9 2 29 38 3236 3359 3417 4625 4622 4552
2277 9 2 29 38 3237 3418 3360 4553 4623 4626
2278 9 2 29 38 3246 3310 3521 3662 4327 4627
2279 9 2 29 38 3363 3533 3454 4628 4629 4546
2280 9 2 29 38 3187 3447 3303 4630 4135 4059
2281 9 2 29 38 3188 3308 3449 4615 4130 4631
2282 9 2 29 38 3183 3500 3364 4326 4632 4202
2283 9 2 29 38 3162 3532 3444 4633 4634 4384
2284 9 2 29 38 3213 3428 3317 4352 4106 4121
2285 9 2 29 38 3189 3416 3403 4635 4636 3970
2286 9 2 29 38 3224 3318 3467 3825 4637 4082
2287 9 2 29 38 3181 3329 3536 4638 4618 3555
2288 9 2 29 38 3213 3514 3401 4639 4640 4351
2289 9 2 29 38 341 3448 3529 4641 3801 4642
2290 9 2 29 38 3240 3426 3340 4000 4596 4434
2291 9 2 29 38 3241 3341 3427 4435 4599 4001
2292 9 2 29 38 3248 3403 3416 4643 4636 3657
2293 9 2 29 38 3287 3444 3532 4219 4634 4644
2294 9 2 29 38 172 173 3485 196 4527 4539
2295 9 2 29 38 387 3486 388 4542 4528 411
2296 9 2 29 38 6 167 3507 190 4645 4463
2297 9 2 29 38 10 3508 382 4462 4646 405
2298 9 2 29 38 7 3505 189 4466 4647 213
2299 9 2 29 38 11 404 3506 428 4648 4465
2300 9 2 29 38 177 3359 3510 4519 4649 4650
2301 9 2 29 38 392 3511 3360 4651 4652 4520
2302 9 2 29 38 3178 3363 3391 4653 4654 4148
2303 9 2 29 38 3215 3391 3363 4361 4654 4545
2304 9 2 29 38 185 3319 3488 4197 3780 4524
2305 9 2 29 38 400 3489 3320 4525 3783 4198
2306 9 2 29 38 3253 3474 3433 3959 4655 4656
2307 9 2 29 38 3258 3381 3382 4555 4657 3894
2308 9 2 29 38 3255 3510 3359 4658 4649 4659
2309 9 2 29 38 3256 3360 3511 4660 4652 4661
2310 9 2 29 38 3202 3382 3381 4662 4657 3868
2311 9 2 29 38 3203 3342 3396 4275 4063 4663
2312 9 2 29 38 3213 3422 3514 4664 4665 4639
2313 9 2 29 38 3218 3338 3502 4565 4134 4666
2314 9 2 29 38 3164 3487 3470 4667 4668 4307
2315 9 2 29 38 3208 3500 3402 4669 3861 4670
2316 9 2 29 38 3247 3363 3466 4671 4672 4673
2317 9 2 29 38 3202 3539 3382 4674 4160 4662
2318 9 2 29 38 3222 3421 3498 4675 4676 4602
2319 9 2 29 38 3198 3352 3491 4244 4677 4678
2320 9 2 29 38 3162 3321 3532 3655 4679 4633
2321 9 2 29 38 3204 3512 3444 3791 4680 4218
2322 9 2 29 38 3205 3445 3513 4221 4681 3794
2323 9 2 29 38 181 3388 3526 4613 3834 4682
2324 9 2 29 38 396 3527 3389 4683 3835 4614
2325 9 2 29 38 3175 3432 3324 3742 4444 3808
2326 9 2 29 38 3178 3466 3363 4684 4672 4653
2327 9 2 29 38 3293 3444 3512 4385 4680 4170
2328 9 2 29 38 3294 3513 3445 4171 4681 4386
2329 9 2 29 38 3234 3312 3551 4490 4502 4685
2330 9 2 29 38 3235 3552 3314 4686 4503 4491
2331 9 2 29 38 3269 3407 3441 4023 4687 4043
2332 9 2 29 38 3221 3498 3419 4612 4688 4689
2333 9 2 29 38 3203 3396 3518 4663 4376 4690
2334 9 2 29 38 178 179 3417 202 4560 4621
2335 9 2 29 38 393 3418 394 4624 4561 417
2336 9 2 29 38 3197 3325 3440 4113 4182 4536
2337 9 2 29 38 3200 3479 3335 4691 4692 4513
2338 9 2 29 38 3201 3336 3480 4514 4693 4694
2339 9 2 29 38 3321 3386 3532 4358 4695 4679
2340 9 2 29 38 3229 3335 3479 4280 4692 4336
2341 9 2 29 38 3230 3480 3336 4337 4693 4281
2342 9 2 29 38 3194 3326 3549 4696 4697 4232
2343 9 2 29 38 3195 3550 3327 4235 4698 4699
2344 9 2 29 38 3306 3540 3485 4344 4700 4526
2345 9 2 29 38 3307 3486 3541 4529 4701 4345
2346 9 2 29 38 341 342 3448 353 4702 4641
2347 9 2 29 38 3249 3414 3485 3594 4540 4703
2348 9 2 29 38 3250 3486 3415 4704 4541 3597
2349 9 2 29 38 186 187 3426 210 4597 4440
2350 9 2 29 38 401 3427 402 4441 4598 425
2351 9 2 29 38 3249 3485 3540 4703 4700 4705
2352 9 2 29 38 3250 3541 3486 4706 4701 4704
2353 9 2 29 38 3206 3337 3424 4159 4506 4413
2354 9 2 29 38 3181 3431 3329 4707 4708 4638
2355 9 2 29 38 3194 3494 3326 4178 4165 4696
2356 9 2 29 38 3195 3327 3495 4699 4166 4179
2357 9 2 29 38 347 3530 3452 4709 3804 4710
2358 9 2 29 38 3273 3470 3487 3699 4668 3986
2359 9 2 29 38 3236 3429 3359 4046 4711 4625
2360 9 2 29 38 3237 3360 3430 4626 4712 4098
2361 9 2 29 38 3255 3359 3429 4659 4711 4573
2362 9 2 29 38 3256 3430 3360 4574 4712 4660
2363 9 2 29 38 3233 3491 3352 4713 4677 4530
2364 9 2 29 38 346 347 3452 358 4710 3996
2365 9 2 29 38 3215 3450 3333 4020 4177 4359
2366 9 2 29 38 3187 3368 3447 3610 3957 4630
2367 9 2 29 38 318 3460 319 3890 4442 330
2368 9 2 29 38 323 3461 324 4586 3887 335
2369 9 2 29 38 316 3468 317 4714 4339 328
2370 9 2 29 38 325 3469 326 4340 4715 337
2371 9 2 29 38 3178 3504 3466 4716 4431 4684
2372 9 2 29 38 3232 3546 3324 4717 4718 4443
2373 9 2 29 38 3211 3448 3338 3802 4719 4516
2374 9 2 29 38 3212 3329 3431 4720 4708 4015
2375 9 2 29 38 3206 3425 3331 4564 4556 4157
2376 9 2 29 38 3173 3433 3474 4534 4655 4721
2377 9 2 29 38 3248 3422 3403 4390 4722 4643
2378 9 2 29 38 3209 3463 3337 4511 4458 4161
2379 9 2 29 38 3248 3459 3410 3779 4723 4388
2380 9 2 29 38 3176 3540 3496 4724 4343 4006
2381 9 2 29 38 3177 3497 3541 4009 4346 4725
2382 9 2 29 38 3164 3348 3487 3732 4726 4667
2383 9 2 29 38 3330 3503 3400 4727 4728 4481
2384 9 2 29 38 3193 3324 3546 3967 4718 4416
2385 9 2 29 38 3181 3350 3431 4729 4455 4707
2386 9 2 29 38 3150 3398 3406 3643 4730 4731
2387 9 2 29 38 347 348 3530 359 4732 4709
2388 9 2 29 38 340 341 3529 352 4642 4733
2389 9 2 29 38 169 170 3482 193 4425 4451
2390 9 2 29 38 384 3483 385 4454 4426 408
2391 9 2 29 38 3208 3439 3364 4734 3774 4735
2392 9 2 29 38 3286 3332 3516 4101 4460 4341
2393 9 2 29 38 176 177 3510 200 4650 4736
2394 9 2 29 38 391 3511 392 4737 4651 415
2395 9 2 29 38 3211 3328 3457 4258 4229 4379
2396 9 2 29 38 3212 3458 3329 4380 4230 4720
2397 9 2 29 38 3251 3416 3515 3696 4738 4739
2398 9 2 29 38 3247 3503 3330 4740 4727 4575
2399 9 2 29 38 3203 3518 3330 4690 4350 4480
2400 9 2 29 38 3218 3502 3334 4666 4302 4535
2401 9 2 29 38 180 181 3526 204 4682 3558
2402 9 2 29 38 395 3527 396 3563 4683 419
2403 9 2 29 38 3232 3406 3398 4595 4730 4741
2404 9 2 29 38 3170 3396 3545 3898 4062 4080
2405 9 2 29 38 3326 3370 3549 4498 4742 4697
2406 9 2 29 38 3327 3550 3371 4698 4743 4499
2407 9 2 29 38 3253 3433 3411 4656 4744 4745
2408 9 2 29 38 342 3338 3448 4058 4719 4702
2409 9 2 29 38 3150 3476 3411 4746 4747 4131
2410 9 2 29 38 3158 3547 3332 3585 4469 4100
2411 9 2 29 38 3150 3406 3476 4731 4748 4746
2412 9 2 29 38 3182 3374 3524 4319 4749 4397
2413 9 2 29 38 3253 3411 3476 4745 4747 4750
2414 9 2 29 38 3237 3339 3538 4099 4751 4554
2415 9 2 29 38 3185 3538 3339 4450 4751 4476
2416 9 2 29 38 3152 3465 3355 4544 4752 4138
2417 9 2 29 38 3188 3449 3373 4631 4293 4123
2418 9 2 29 38 3257 3544 3385 4304 4753 3628
2419 9 2 29 38 3259 3347 3490 3865 4323 4754
2420 9 2 29 38 3227 3355 3465 3706 4752 4163
2421 9 2 29 38 3234 3551 3345 4685 4755 4295
2422 9 2 29 38 3235 3346 3552 4300 4756 4686
2423 9 2 29 38 3173 3385 3544 4757 4753 4533
2424 9 2 29 38 3233 3528 3491 4758 4759 4713
2425 9 2 29 38 3154 3548 3333 4189 4608 4324
2426 9 2 29 38 3181 3516 3350 4342 4459 4729
2427 9 2 29 38 3191 3345 3551 4408 4755 4501
2428 9 2 29 38 3192 3552 3346 4504 4756 4422
2429 9 2 29 38 3251 3476 3406 4760 4748 4761
2430 9 2 29 38 3224 3487 3348 4083 4726 4143
2431 9 2 29 38 3260 3473 3464 4406 4762 4763
2432 9 2 29 38 3239 3339 3545 4474 3995 4073
2433 9 2 29 38 3189 3515 3416 3669 4738 4635
2434 9 2 29 38 3296 3491 3528 4764 4759 4334
2435 9 2 29 38 3200 3353 3479 3927 4537 4691
2436 9 2 29 38 3201 3480 3354 4694 4538 3928
2437 9 2 29 38 3274 3379 3522 4089 4765 4094
2438 9 2 29 38 3275 3523 3380 4097 4766 4090
2439 9 2 29 38 3202 3347 3539 4214 4227 4674
2440 9 2 29 38 3231 3464 3473 4415 4762 4767
2441 9 2 29 38 3165 3492 3361 4768 4769 4367
2442 9 2 29 38 3166 3362 3493 4368 4770 4771
2443 9 2 29 38 3221 3419 3420 4689 4772 4587
2444 9 2 29 38 3156 3369 3473 4333 4773 4398
2445 9 2 29 38 3184 3386 3453 4290 4774 4604
2446 9 2 29 38 3254 3420 3419 4616 4772 3611
2447 9 2 29 38 3233 3384 3528 3860 4369 4758
2448 9 2 29 38 326 3469 3508 4715 4248 4461
2449 9 2 29 38 316 3507 3468 4464 4251 4714
2450 9 2 29 38 3213 3403 3422 4122 4722 4664
2451 9 2 29 38 3219 3361 3492 4567 4769 4223
2452 9 2 29 38 3220 3493 3362 4226 4770 4568
2453 9 2 29 38 3180 3367 3519 4111 4775 3663
2454 9 2 29 38 3227 3453 3386 4164 4774 4357
2455 9 2 29 38 3278 3421 3451 4276 4776 4075
2456 9 2 29 38 3282 3405 3547 4311 4470 3571
2457 9 2 29 38 176 3510 3357 4736 4777 3983
2458 9 2 29 38 391 3358 3511 3984 4778 4737
2459 9 2 29 38 3318 3400 3467 4570 4779 4637
2460 9 2 29 38 3231 3473 3369 4767 4773 4780
2461 9 2 29 38 3208 3399 3439 4781 4478 4734
2462 9 2 29 38 3208 3364 3500 4735 4632 4669
2463 9 2 29 38 3255 3357 3510 3844 4777 4658
2464 9 2 29 38 3256 3511 3358 4661 4778 3847
2465 9 2 29 38 3238 3402 3477 4782 4783 4515
2466 9 2 29 38 3163 3477 3402 4505 4783 3805
2467 9 2 29 38 3251 3406 3432 4761 4594 3741
2468 9 2 29 38 3223 3411 3433 4173 4744 4012
2469 9 2 29 38 3260 3464 3438 4763 4784 4580
2470 9 2 29 38 3231 3519 3367 4785 4775 4507
2471 9 2 29 38 3210 3441 3407 4509 4687 4381
2472 9 2 29 38 3190 3438 3464 4127 4784 4287
2473 9 2 29 38 3157 3520 3371 4786 4787 4109
2474 9 2 29 38 167 3377 3507 4584 4252 4645
2475 9 2 29 38 382 3508 3378 4646 4247 4585
2476 9 2 29 38 3247 3533 3363 4577 4628 4671
2477 9 2 29 38 3174 3467 3400 3924 4779 4788
2478 9 2 29 38 3260 3543 3356 4581 4619 4405
2479 9 2 29 38 3232 3504 3387 4789 4790 4791
2480 9 2 29 38 3173 3490 3385 4792 4322 4757
2481 9 2 29 38 189 3505 3392 4647 4065 4605
2482 9 2 29 38 404 3393 3506 4606 4066 4648
2483 9 2 29 38 3231 3369 3519 4780 4053 4785
2484 9 2 29 38 3283 3391 3548 4149 4609 4236
2485 9 2 29 38 3228 3410 3459 3935 4723 4475
2486 9 2 29 38 3222 3451 3421 4592 4776 4675
2487 9 2 29 38 3178 3387 3504 4154 4790 4716
2488 9 2 29 38 3210 3524 3374 4382 4749 4114
2489 9 2 29 38 3243 3371 3520 4500 4787 4793
2490 9 2 29 38 3232 3398 3504 4741 4600 4789
2491 9 2 29 38 3288 3525 3390 4217 4562 4313
2492 9 2 29 38 3185 3375 3525 4477 4558 4216
2493 9 2 29 38 3165 3436 3492 4222 4794 4768
2494 9 2 29 38 3166 3493 3437 4771 4795 4215
2495 9 2 29 38 3238 3499 3402 4796 4797 4782
2496 9 2 29 38 3174 3400 3503 4788 4728 4798
2497 9 2 29 38 3173 3474 3490 4721 4799 4792
2498 9 2 29 38 3198 3491 3423 4678 4800 4267
2499 9 2 29 38 3208 3499 3399 4801 4582 4781
2500 9 2 29 38 3276 3549 3370 4409 4742 4107
2501 9 2 29 38 3277 3371 3550 4110 4743 4410
2502 9 2 29 38 3296 3423 3491 4383 4800 4764
2503 9 2 29 38 3287 3532 3386 4644 4695 4289
2504 9 2 29 38 3208 3402 3499 4670 4797 4801
2505 9 2 29 38 3259 3490 3474 4754 4799 3588
2506 9 2 29 38 3182 3522 3442 4095 4802 4317
2507 9 2 29 38 3183 3443 3523 4204 4803 4096
2508 9 2 29 38 3249 3540 3408 4705 4804 3795
2509 9 2 29 38 3250 3409 3541 3798 4805 4706
2510 9 2 29 38 3176 3408 3540 4392 4804 4724
2511 9 2 29 38 3177 3541 3409 4725 4805 3853
2512 9 2 29 38 3263 3522 3379 4806 4765 3872
2513 9 2 29 38 3264 3380 3523 3877 4766 4807
2514 9 2 29 38 3263 3442 3522 3913 4802 4806
2515 9 2 29 38 3264 3523 3443 4807 4803 3914
2516 9 2 29 38 3246 3475 3466 4808 4809 4430
2517 9 2 29 38 3247 3466 3475 4673 4809 4810
2518 9 2 29 38 3284 3536 3520 3557 4811 4812
2519 9 2 29 38 3155 3478 3514 4077 4813 4814
2520 9 2 29 38 3261 3514 3478 4815 4813 4816
2521 9 2 29 38 3243 3520 3536 4793 4811 4617
2522 9 2 29 38 3261 3401 3514 4423 4640 4815
2523 9 2 29 38 3160 3454 3533 4070 4629 4589
2524 9 2 29 38 3232 3387 3546 4791 4417 4717
2525 9 2 29 38 3151 3498 3421 4817 4676 4241
2526 9 2 29 38 3157 3531 3520 4401 4818 4786
2527 9 2 29 38 3179 3441 3543 4044 4620 4092
2528 9 2 29 38 3245 3509 3481 4819 4820 4283
2529 9 2 29 38 3251 3515 3476 4739 4821 4760
2530 9 2 29 38 3151 3419 3498 3623 4688 4817
2531 9 2 29 38 3245 3462 3509 4611 4822 4819
2532 9 2 29 38 3284 3520 3531 4812 4818 4125
2533 9 2 29 38 3238 3404 3542 3746 4277 4823
2534 9 2 29 38 3246 3521 3475 4627 4824 4808
2535 9 2 29 38 3291 3492 3436 4224 4794 4328
2536 9 2 29 38 3292 3437 3493 4331 4795 4225
2537 9 2 29 38 3290 3530 3456 3751 4825 4394
2538 9 2 29 38 3289 3455 3529 4393 4826 3748
2539 9 2 29 38 3155 3514 3422 4814 4665 4497
2540 9 2 29 38 3261 3478 3484 4816 4827 4167
2541 9 2 29 38 3244 3484 3478 4246 4827 4105
2542 9 2 29 38 3262 3481 3509 4104 4820 4315
2543 9 2 29 38 3174 3503 3475 4798 4828 4829
2544 9 2 29 38 3154 3509 3462 4325 4822 4411
2545 9 2 29 38 3247 3475 3503 4810 4828 4740
2546 9 2 29 38 3253 3476 3515 4750 4821 3958
2547 9 2 29 38 348 3456 3530 4396 4825 4732
2548 9 2 29 38 340 3529 3455 4733 4826 4395
2549 9 2 29 38 3252 3534 3501 4027 4830 3968
2550 9 2 29 38 3174 3475 3521 4829 4824 4051
2551 9 2 29 38 3298 3462 3535 4412 4610 4531
2552 9 2 29 38 3238 3542 3499 4823 4591 4796
2553 9 2 29 38 3268 3501 3534 3978 4830 4239
2554 9 2 30 39 4992 5064 4863 5103 5104 5105
2555 9 2 30 39 4848 4889 4960 5106 5107 5108
2556 9 2 30 39 231 4986 4884 5109 5110 5111
2557 9 2 30 39 446 4883 4985 5112 5113 5114
2558 9 2 30 39 4859 4935 4923 5115 5116 5117
2559 9 2 30 39 4833 4923 4935 5118 5116 5119
2560 9 2 30 39 339 4926 340 5120 5121 351
2561 9 2 30 39 4850 4929 4959 5122 5123 5124
2562 9 2 30 39 5077 4907 4858 5125 5126 5127
2563 9 2 30 39 5076 4859 4908 5128 5129 5130
2564 9 2 30 39 4848 4995 4889 5131 5132 5106
2565 9 2 30 39 4833 4909 4923 5133 5134 5118
2566 9 2 30 39 348 4943 349 5135 5136 360
2567 9 2 30 39 5064 4904 4863 5137 5138 5104
2568 9 2 30 39 234 4897 5011 5139 5140 5141
2569 9 2 30 39 449 5010 4898 5142 5143 5144
2570 9 2 30 39 343 5002 4965 5145 5146 5147
2571 9 2 30 39 4853 4925 4924 5148 5149 5150
2572 9 2 30 39 231 4884 4963 5111 5151 5152
2573 9 2 30 39 446 4964 4883 5153 5154 5112
2574 9 2 30 39 233 234 5011 282 5141 5155
2575 9 2 30 39 448 5010 449 5156 5142 497
2576 9 2 30 39 4988 5077 4858 5157 5127 5158
2577 9 2 30 39 4987 4859 5076 5159 5128 5160
2578 9 2 30 39 4846 4886 5009 5161 5162 5163
2579 9 2 30 39 4846 5009 4885 5163 5164 5165
2580 9 2 30 39 4845 4971 4981 5166 5167 5168
2581 9 2 30 39 4863 4890 5044 5169 5170 5171
2582 9 2 30 39 4946 5060 5034 5172 5173 5174
2583 9 2 30 39 4863 5044 4992 5171 5175 5105
2584 9 2 30 39 4841 4918 5052 5176 5177 5178
2585 9 2 30 39 4895 4958 5002 5179 5180 5181
2586 9 2 30 39 4869 4959 4929 5182 5123 5183
2587 9 2 30 39 341 4895 5002 5184 5181 5185
2588 9 2 30 39 5002 4958 4862 5180 5186 5187
2589 9 2 30 39 341 4962 4895 5188 5189 5184
2590 9 2 30 39 4842 4892 5034 5190 5191 5192
2591 9 2 30 39 4847 4946 5034 5193 5174 5194
2592 9 2 30 39 4883 4838 4998 5195 5196 5197
2593 9 2 30 39 4852 4893 5043 5198 5199 5200
2594 9 2 30 39 5087 4838 4883 5201 5195 5202
2595 9 2 30 39 348 4972 4943 5203 5204 5135
2596 9 2 30 39 362 363 4903 365 5205 5206
2597 9 2 30 39 340 4926 4962 5121 5207 5208
2598 9 2 30 39 4860 4924 4925 5209 5149 5210
2599 9 2 30 39 256 257 4950 305 5211 5212
2600 9 2 30 39 468 4900 469 5213 5214 517
2601 9 2 30 39 253 254 4900 302 5215 5216
2602 9 2 30 39 4837 4938 4996 5217 5218 5219
2603 9 2 30 39 4909 5008 4923 5220 5221 5134
2604 9 2 30 39 4881 4981 4971 5222 5167 5223
2605 9 2 30 39 4896 5052 4918 5224 5177 5225
2606 9 2 30 39 342 5002 343 5226 5145 354
2607 9 2 30 39 4833 4891 4934 5227 5228 5229
2608 9 2 30 39 4833 4935 4891 5119 5230 5227
2609 9 2 30 39 4887 5034 5060 5231 5173 5232
2610 9 2 30 39 4856 4993 4919 5233 5234 5235
2611 9 2 30 39 4882 4996 4938 5236 5218 5237
2612 9 2 30 39 4846 4944 4886 5238 5239 5161
2613 9 2 30 39 4846 4885 4945 5165 5240 5241
2614 9 2 30 39 4842 5034 5069 5192 5242 5243
2615 9 2 30 39 4860 4915 4916 5244 5245 5246
2616 9 2 30 39 256 4950 4910 5212 5247 5248
2617 9 2 30 39 4866 4916 4915 5249 5245 5250
2618 9 2 30 39 242 243 4925 291 5251 5252
2619 9 2 30 39 457 4924 458 5253 5254 506
2620 9 2 30 39 4852 5043 4937 5200 5255 5256
2621 9 2 30 39 219 4889 4995 5257 5132 5258
2622 9 2 30 39 4956 4958 5073 5259 5260 5261
2623 9 2 30 39 4839 4953 4894 5262 5263 5264
2624 9 2 30 39 347 5044 4972 5265 5266 5267
2625 9 2 30 39 4849 4934 4891 5268 5228 5269
2626 9 2 30 39 4919 4993 4977 5234 5270 5271
2627 9 2 30 39 4865 5021 4898 5272 5273 5274
2628 9 2 30 39 4850 4913 5089 5275 5276 5277
2629 9 2 30 39 4849 5088 4914 5278 5279 5280
2630 9 2 30 39 341 5002 342 5185 5226 353
2631 9 2 30 39 4882 4957 5025 5281 5282 5283
2632 9 2 30 39 4848 4927 4995 5284 5285 5131
2633 9 2 30 39 4852 5016 4893 5286 5287 5198
2634 9 2 30 39 219 5007 4889 5288 5289 5257
2635 9 2 30 39 4846 4945 5048 5241 5290 5291
2636 9 2 30 39 4846 5048 4944 5291 5292 5238
2637 9 2 30 39 468 4940 4900 5293 5294 5213
2638 9 2 30 39 447 4985 5010 5295 5296 5297
2639 9 2 30 39 232 5011 4986 5298 5299 5300
2640 9 2 30 39 4836 5004 4954 5301 5302 5303
2641 9 2 30 39 4877 4938 5027 5304 5305 5306
2642 9 2 30 39 4834 4958 4956 5307 5259 5308
2643 9 2 30 39 4840 4898 5021 5309 5273 5310
2644 9 2 30 39 4850 5089 4929 5277 5311 5122
2645 9 2 30 39 4849 4930 5088 5312 5313 5278
2646 9 2 30 39 231 232 4986 280 5300 5109
2647 9 2 30 39 446 4985 447 5114 5295 495
2648 9 2 30 39 4891 4935 5058 5230 5314 5315
2649 9 2 30 39 4849 4891 4949 5269 5316 5317
2650 9 2 30 39 445 4952 4964 5318 5319 5320
2651 9 2 30 39 230 4963 4951 5321 5322 5323
2652 9 2 30 39 344 4965 5064 5324 5325 5326
2653 9 2 30 39 257 4931 4950 5327 5328 5211
2654 9 2 30 39 4839 4894 4980 5264 5329 5330
2655 9 2 30 39 4852 4980 4894 5331 5329 5332
2656 9 2 30 39 444 4952 445 5333 5318 493
2657 9 2 30 39 229 230 4951 278 5323 5334
2658 9 2 30 39 4902 5048 4945 5335 5290 5336
2659 9 2 30 39 4901 4944 5048 5337 5292 5338
2660 9 2 30 39 4866 4922 4941 5339 5340 5341
2661 9 2 30 39 4850 5058 4935 5342 5314 5343
2662 9 2 30 39 4845 4905 4971 5344 5345 5166
2663 9 2 30 39 4865 4898 5010 5274 5143 5346
2664 9 2 30 39 459 4916 460 5347 5348 508
2665 9 2 30 39 242 4925 4979 5252 5349 5350
2666 9 2 30 39 457 4978 4924 5351 5352 5253
2667 9 2 30 39 4872 4941 4922 5353 5340 5354
2668 9 2 30 39 4832 5025 4957 5355 5282 5356
2669 9 2 30 39 470 4910 471 5357 5358 519
2670 9 2 30 39 255 256 4910 304 5248 5359
2671 9 2 30 39 4852 4894 5049 5332 5360 5361
2672 9 2 30 39 253 4900 5033 5216 5362 5363
2673 9 2 30 39 340 4962 341 5208 5188 352
2674 9 2 30 39 432 4917 433 5364 5365 481
2675 9 2 30 39 447 5010 448 5297 5156 496
2676 9 2 30 39 232 233 5011 281 5155 5298
2677 9 2 30 39 4861 4899 4996 5366 5367 5368
2678 9 2 30 39 4837 5027 4938 5369 5305 5217
2679 9 2 30 39 254 4948 4900 5370 5371 5215
2680 9 2 30 39 442 4930 443 5372 5373 491
2681 9 2 30 39 227 228 4929 276 5374 5375
2682 9 2 30 39 4851 4901 5048 5376 5338 5377
2683 9 2 30 39 4851 5048 4902 5377 5335 5378
2684 9 2 30 39 4837 4996 4899 5219 5367 5379
2685 9 2 30 39 4840 5046 4898 5380 5381 5309
2686 9 2 30 39 438 5043 4893 5382 5199 5383
2687 9 2 30 39 4889 5027 4960 5384 5385 5107
2688 9 2 30 39 241 4979 4911 5386 5387 5388
2689 9 2 30 39 456 4912 4978 5389 5390 5391
2690 9 2 30 39 4861 5015 5072 5392 5393 5394
2691 9 2 30 39 244 245 4915 293 5395 5396
2692 9 2 30 39 4832 5040 4906 5397 5398 5399
2693 9 2 30 39 347 4972 348 5267 5203 359
2694 9 2 30 39 4847 5034 4957 5194 5400 5401
2695 9 2 30 39 4842 5070 4892 5402 5403 5190
2696 9 2 30 39 215 216 4932 264 5404 5405
2697 9 2 30 39 4869 4951 4968 5406 5407 5408
2698 9 2 30 39 4868 4969 4952 5409 5410 5411
2699 9 2 30 39 4852 5049 4906 5361 5412 5413
2700 9 2 30 39 4837 4899 4960 5379 5414 5415
2701 9 2 30 39 4832 4906 5049 5399 5412 5416
2702 9 2 30 39 4890 4972 5044 5417 5266 5170
2703 9 2 30 39 246 247 4922 295 5418 5419
2704 9 2 30 39 4836 4954 5068 5303 5420 5421
2705 9 2 30 39 4863 5004 4890 5422 5423 5169
2706 9 2 30 39 469 4900 5075 5214 5424 5425
2707 9 2 30 39 4872 4928 4970 5426 5427 5428
2708 9 2 30 39 438 4893 4997 5383 5429 5430
2709 9 2 30 39 343 4965 344 5147 5324 355
2710 9 2 30 39 223 4991 5060 5431 5432 5433
2711 9 2 30 39 4878 4970 4928 5434 5427 5435
2712 9 2 30 39 255 4910 4948 5359 5436 5437
2713 9 2 30 39 443 4930 5018 5373 5438 5439
2714 9 2 30 39 228 5019 4929 5440 5441 5374
2715 9 2 30 39 260 261 4989 309 5442 5443
2716 9 2 30 39 4892 4957 5034 5444 5400 5191
2717 9 2 30 39 4869 4968 4959 5408 5445 5182
2718 9 2 30 39 4835 4959 4968 5446 5445 5447
2719 9 2 30 39 4832 4957 5040 5356 5448 5397
2720 9 2 30 39 4861 4975 4899 5449 5450 5366
2721 9 2 30 39 4876 5090 5014 5451 5452 5453
2722 9 2 30 39 4863 4904 5055 5138 5454 5455
2723 9 2 30 39 4873 4906 5040 5456 5398 5457
2724 9 2 30 39 4856 4963 4993 5458 5459 5233
2725 9 2 30 39 4873 5008 4909 5460 5220 5461
2726 9 2 30 39 4862 4958 4918 5186 5462 5463
2727 9 2 30 39 4856 4968 4951 5464 5407 5465
2728 9 2 30 39 4855 4952 4969 5466 5410 5467
2729 9 2 30 39 258 4947 4931 5468 5469 5470
2730 9 2 30 39 473 4931 4947 5471 5469 5472
2731 9 2 30 39 4904 5064 4965 5137 5325 5473
2732 9 2 30 39 459 4983 4916 5474 5475 5347
2733 9 2 30 39 4851 4966 4901 5476 5477 5376
2734 9 2 30 39 4851 4902 4967 5378 5478 5479
2735 9 2 30 39 471 4910 4950 5358 5247 5480
2736 9 2 30 39 214 5017 4926 5481 5482 5483
2737 9 2 30 39 4892 5040 4957 5484 5448 5444
2738 9 2 30 39 4877 5074 4938 5485 5486 5304
2739 9 2 30 39 4863 4954 5004 5487 5302 5422
2740 9 2 30 39 257 258 4931 306 5470 5327
2741 9 2 30 39 472 4931 473 5488 5471 521
2742 9 2 30 39 4882 4938 4957 5237 5489 5281
2743 9 2 30 39 4887 5069 5034 5490 5242 5231
2744 9 2 30 39 217 218 4927 266 5491 5492
2745 9 2 30 39 248 249 4928 297 5493 5494
2746 9 2 30 39 4887 5060 4991 5232 5432 5495
2747 9 2 30 39 234 5001 4897 5496 5497 5139
2748 9 2 30 39 449 4898 5000 5144 5498 5499
2749 9 2 30 39 4860 4916 4983 5246 5475 5500
2750 9 2 30 39 470 5075 4910 5501 5502 5357
2751 9 2 30 39 4873 4909 5059 5461 5503 5504
2752 9 2 30 39 4904 5022 5055 5505 5506 5454
2753 9 2 30 39 4862 4918 5022 5463 5507 5508
2754 9 2 30 39 4876 4981 5090 5509 5510 5451
2755 9 2 30 39 445 4964 446 5320 5153 494
2756 9 2 30 39 230 231 4963 279 5152 5321
2757 9 2 30 39 4858 4907 4976 5126 5511 5512
2758 9 2 30 39 4861 5072 4975 5394 5513 5449
2759 9 2 30 39 4843 5059 4909 5514 5503 5515
2760 9 2 30 39 4884 4993 4963 5516 5459 5151
2761 9 2 30 39 241 242 4979 290 5350 5386
2762 9 2 30 39 456 4978 457 5391 5351 505
2763 9 2 30 39 4888 4994 4936 5517 5518 5519
2764 9 2 30 39 4896 4990 5024 5520 5521 5522
2765 9 2 30 39 4878 4936 4994 5523 5518 5524
2766 9 2 30 39 4864 5032 4942 5525 5526 5527
2767 9 2 30 39 4866 4941 5005 5341 5528 5529
2768 9 2 30 39 4838 5087 4977 5201 5530 5531
2769 9 2 30 39 4851 4967 5082 5479 5532 5533
2770 9 2 30 39 4851 5082 4966 5533 5534 5476
2771 9 2 30 39 4857 4961 4933 5535 5536 5537
2772 9 2 30 39 4835 4949 4959 5538 5539 5446
2773 9 2 30 39 430 4933 431 5540 5541 479
2774 9 2 30 39 4866 4915 5006 5250 5542 5543
2775 9 2 30 39 4890 5031 4972 5544 5545 5417
2776 9 2 30 39 4862 4965 5002 5546 5146 5187
2777 9 2 30 39 4869 4929 5019 5183 5441 5547
2778 9 2 30 39 4868 5018 4930 5548 5438 5549
2779 9 2 30 39 4860 4982 4915 5550 5551 5244
2780 9 2 30 39 472 4950 4931 5552 5328 5488
2781 9 2 30 39 250 251 4936 299 5553 5554
2782 9 2 30 39 4854 4932 4956 5555 5556 5557
2783 9 2 30 39 436 4937 437 5558 5559 485
2784 9 2 30 39 4942 5032 5021 5526 5560 5561
2785 9 2 30 39 4866 5006 4922 5543 5562 5339
2786 9 2 30 39 473 4947 474 5472 5563 522
2787 9 2 30 39 258 259 4947 307 5564 5468
2788 9 2 30 39 4907 5071 4976 5565 5566 5511
2789 9 2 30 39 4870 4933 4961 5567 5536 5568
2790 9 2 30 39 4841 5022 4918 5569 5507 5176
2791 9 2 30 39 4843 4976 5071 5570 5566 5571
2792 9 2 30 39 4912 4966 5082 5572 5534 5573
2793 9 2 30 39 4911 5082 4967 5574 5532 5575
2794 9 2 30 39 4852 4906 5016 5413 5576 5286
2795 9 2 30 39 4834 4918 4958 5577 5462 5307
2796 9 2 30 39 434 5081 435 5578 5579 483
2797 9 2 30 39 4872 4970 5036 5428 5580 5581
2798 9 2 30 39 244 4915 4982 5396 5551 5582
2799 9 2 30 39 4867 5024 4990 5583 5521 5584
2800 9 2 30 39 461 4941 462 5585 5586 510
2801 9 2 30 39 214 215 5017 263 5587 5481
2802 9 2 30 39 4835 4919 4969 5588 5589 5590
2803 9 2 30 39 4835 4968 4919 5447 5591 5588
2804 9 2 30 39 246 4922 5006 5419 5562 5592
2805 9 2 30 39 4900 4940 5033 5294 5593 5362
2806 9 2 30 39 5055 5022 4841 5506 5569 5594
2807 9 2 30 39 4857 4972 5031 5595 5545 5596
2808 9 2 30 39 441 4988 4914 5597 5598 5599
2809 9 2 30 39 226 4913 4987 5600 5601 5602
2810 9 2 30 39 4896 4918 4990 5225 5603 5520
2811 9 2 30 39 474 4947 4955 5563 5604 5605
2812 9 2 30 39 259 4955 4947 5606 5604 5564
2813 9 2 30 39 4888 5033 4940 5607 5593 5608
2814 9 2 30 39 433 4917 4973 5365 5609 5610
2815 9 2 30 39 221 222 4946 270 5611 5612
2816 9 2 30 39 4870 4917 5020 5613 5614 5615
2817 9 2 30 39 4853 5082 4911 5616 5574 5617
2818 9 2 30 39 4853 4912 5082 5618 5573 5616
2819 9 2 30 39 4872 5036 4941 5581 5619 5353
2820 9 2 30 39 467 4940 468 5620 5293 516
2821 9 2 30 39 4859 5050 4908 5621 5622 5129
2822 9 2 30 39 4847 4957 4938 5401 5489 5623
2823 9 2 30 39 4878 4994 5062 5524 5624 5625
2824 9 2 30 39 4843 4909 4976 5515 5626 5570
2825 9 2 30 39 4856 4951 4963 5465 5322 5458
2826 9 2 30 39 4855 4964 4952 5627 5319 5466
2827 9 2 30 39 261 4903 4989 5628 5629 5442
2828 9 2 30 39 4874 5067 4921 5630 5631 5632
2829 9 2 30 39 4871 5037 4927 5633 5634 5635
2830 9 2 30 39 4873 5059 4906 5504 5636 5456
2831 9 2 30 39 435 5081 4984 5579 5637 5638
2832 9 2 30 39 245 5006 4915 5639 5542 5395
2833 9 2 30 39 4834 4939 4990 5640 5641 5642
2834 9 2 30 39 460 4916 5005 5348 5643 5644
2835 9 2 30 39 241 4911 5094 5388 5645 5646
2836 9 2 30 39 456 5095 4912 5647 5648 5389
2837 9 2 30 39 4881 5072 5015 5649 5393 5650
2838 9 2 30 39 4866 5005 4916 5529 5643 5249
2839 9 2 30 39 215 4932 5017 5405 5651 5587
2840 9 2 30 39 4888 5093 5033 5652 5653 5607
2841 9 2 30 39 4872 5035 4928 5654 5655 5426
2842 9 2 30 39 4872 4922 5035 5354 5656 5654
2843 9 2 30 39 4910 5075 4948 5502 5657 5436
2844 9 2 30 39 259 260 4955 308 5658 5606
2845 9 2 30 39 474 4955 475 5605 5659 523
2846 9 2 30 39 432 5020 4917 5660 5614 5364
2847 9 2 30 39 254 255 4948 303 5437 5370
2848 9 2 30 39 4878 5062 4970 5625 5661 5434
2849 9 2 30 39 4900 4948 5075 5371 5657 5424
2850 9 2 30 39 4856 4919 4968 5235 5591 5464
2851 9 2 30 39 4855 4969 4919 5467 5589 5662
2852 9 2 30 39 217 4927 5037 5492 5634 5663
2853 9 2 30 39 441 4914 5088 5599 5279 5664
2854 9 2 30 39 226 5089 4913 5665 5276 5600
2855 9 2 30 39 433 4973 434 5610 5666 482
2856 9 2 30 39 4870 5045 4917 5667 5668 5613
2857 9 2 30 39 248 4928 5035 5494 5655 5669
2858 9 2 30 39 4845 5045 4905 5670 5671 5344
2859 9 2 30 39 4870 5020 4933 5615 5672 5567
2860 9 2 30 39 4844 4921 5067 5673 5631 5674
2861 9 2 30 39 236 4920 5039 5675 5676 5677
2862 9 2 30 39 451 5038 4921 5678 5679 5680
2863 9 2 30 39 471 4950 472 5480 5552 520
2864 9 2 30 39 247 5035 4922 5681 5656 5418
2865 9 2 30 39 4834 4990 4918 5642 5603 5577
2866 9 2 30 39 4871 4956 4932 5682 5556 5683
2867 9 2 30 39 4853 4979 4925 5684 5349 5148
2868 9 2 30 39 4853 4924 4978 5150 5352 5685
2869 9 2 30 39 429 4943 5029 5686 5687 5688
2870 9 2 30 39 4888 5092 4994 5689 5690 5517
2871 9 2 30 39 4878 5061 4936 5691 5692 5523
2872 9 2 30 39 4843 5016 5059 5693 5694 5514
2873 9 2 30 39 4879 4937 5066 5695 5696 5697
2874 9 2 30 39 4895 4962 5073 5189 5698 5699
2875 9 2 30 39 4847 4938 5074 5623 5486 5700
2876 9 2 30 39 4854 4962 4926 5701 5207 5702
2877 9 2 30 39 4867 4990 4939 5584 5641 5703
2878 9 2 30 39 4878 4928 5061 5435 5704 5691
2879 9 2 30 39 4853 4978 4912 5685 5390 5618
2880 9 2 30 39 4853 4911 4979 5617 5387 5684
2881 9 2 30 39 362 4903 5012 5206 5705 5706
2882 9 2 30 39 363 5013 4903 5707 5708 5205
2883 9 2 30 39 4949 5058 4959 5709 5710 5539
2884 9 2 30 39 4850 5101 4913 5711 5712 5275
2885 9 2 30 39 4849 4914 5102 5280 5713 5714
2886 9 2 30 39 4837 4960 5027 5415 5385 5369
2887 9 2 30 39 250 4936 5061 5554 5692 5715
2888 9 2 30 39 4833 5026 4909 5716 5717 5133
2889 9 2 30 39 436 5066 4937 5718 5696 5558
2890 9 2 30 39 4855 4919 4977 5662 5271 5719
2891 9 2 30 39 4888 4940 5092 5608 5720 5689
2892 9 2 30 39 461 5005 4941 5721 5528 5585
2893 9 2 30 39 4845 4917 5045 5722 5668 5670
2894 9 2 30 39 249 5061 4928 5723 5704 5493
2895 9 2 30 39 429 5029 430 5688 5724 478
2896 9 2 30 39 4854 5073 4962 5725 5698 5701
2897 9 2 30 39 431 4933 5020 5541 5672 5726
2898 9 2 30 39 4906 5059 5016 5636 5694 5576
2899 9 2 30 39 458 4924 4983 5254 5727 5728
2900 9 2 30 39 243 4982 4925 5729 5730 5251
2901 9 2 30 39 4854 5017 4932 5731 5651 5555
2902 9 2 30 39 467 5092 4940 5732 5720 5620
2903 9 2 30 39 4849 5028 4930 5733 5734 5312
2904 9 2 30 39 4857 4943 4972 5735 5204 5595
2905 9 2 30 39 221 4946 5030 5612 5736 5737
2906 9 2 30 39 219 220 5007 268 5738 5288
2907 9 2 30 39 260 4989 4955 5443 5739 5658
2908 9 2 30 39 4842 5050 5008 5740 5741 5742
2909 9 2 30 39 4888 4936 5093 5519 5743 5652
2910 9 2 30 39 4845 5078 4917 5744 5745 5722
2911 9 2 30 39 4874 4921 5038 5632 5679 5746
2912 9 2 30 39 4859 4923 5050 5117 5747 5621
2913 9 2 30 39 4843 5071 5016 5571 5748 5693
2914 9 2 30 39 4852 5086 4980 5749 5750 5331
2915 9 2 30 39 224 5076 4991 5751 5752 5753
2916 9 2 30 39 339 5083 4926 5754 5755 5120
2917 9 2 30 39 251 5093 4936 5756 5743 5553
2918 9 2 30 39 440 4988 441 5757 5597 489
2919 9 2 30 39 225 226 4987 274 5602 5758
2920 9 2 30 39 4844 5099 4921 5759 5760 5673
2921 9 2 30 39 4831 5065 4975 5761 5762 5763
2922 9 2 30 39 5102 4858 5026 5764 5765 5766
2923 9 2 30 39 463 4970 464 5767 5768 512
2924 9 2 30 39 462 4941 5036 5586 5619 5769
2925 9 2 30 39 218 219 4995 267 5258 5770
2926 9 2 30 39 475 4989 476 5771 5772 524
2927 9 2 30 39 4899 5065 5023 5773 5774 5775
2928 9 2 30 39 4831 5024 5065 5776 5777 5761
2929 9 2 30 39 236 5041 4920 5778 5779 5675
2930 9 2 30 39 451 4921 5042 5680 5780 5781
2931 9 2 30 39 442 5088 4930 5782 5313 5372
2932 9 2 30 39 227 4929 5089 5375 5311 5783
2933 9 2 30 39 235 236 5039 284 5677 5784
2934 9 2 30 39 450 5038 451 5785 5678 499
2935 9 2 30 39 4923 5008 5050 5221 5741 5747
2936 9 2 30 39 4880 5068 4954 5786 5420 5787
2937 9 2 30 39 4860 4925 4982 5210 5730 5550
2938 9 2 30 39 4860 4983 4924 5500 5727 5209
2939 9 2 30 39 216 5037 4932 5788 5789 5404
2940 9 2 30 39 4854 4926 5017 5702 5482 5731
2941 9 2 30 39 4849 5102 4934 5714 5790 5268
2942 9 2 30 39 4850 4935 5101 5343 5791 5711
2943 9 2 30 39 4934 5102 5026 5790 5766 5792
2944 9 2 30 39 4908 4991 5076 5793 5752 5130
2945 9 2 30 39 4884 4999 4993 5794 5795 5516
2946 9 2 30 39 4871 4932 5037 5683 5789 5633
2947 9 2 30 39 4838 4993 4999 5796 5795 5797
2948 9 2 30 39 4868 4930 5028 5549 5734 5798
2949 9 2 30 39 4884 4986 4999 5110 5799 5794
2950 9 2 30 39 4883 4998 4985 5197 5800 5113
2951 9 2 30 39 4871 4927 5053 5635 5801 5802
2952 9 2 30 39 4857 4933 5029 5537 5803 5804
2953 9 2 30 39 437 5043 438 5805 5382 486
2954 9 2 30 39 4848 5053 4927 5806 5801 5284
2955 9 2 30 39 223 224 4991 272 5753 5431
2956 9 2 30 39 222 223 5060 271 5433 5807
2957 9 2 30 39 4867 4939 5023 5703 5808 5809
2958 9 2 30 39 4899 5023 4960 5775 5810 5414
2959 9 2 30 39 441 5088 442 5664 5782 490
2960 9 2 30 39 226 227 5089 275 5783 5665
2961 9 2 30 39 4893 5016 5071 5287 5748 5811
2962 9 2 30 39 4848 5023 4939 5812 5808 5813
2963 9 2 30 39 218 4995 4927 5770 5285 5491
2964 9 2 30 39 4864 4999 4986 5814 5799 5815
2965 9 2 30 39 4865 4985 4998 5816 5800 5817
2966 9 2 30 39 458 4983 459 5728 5474 507
2967 9 2 30 39 243 244 4982 292 5582 5729
2968 9 2 30 39 4889 5007 5027 5289 5818 5384
2969 9 2 30 39 234 235 5001 283 5819 5496
2970 9 2 30 39 449 5000 450 5499 5820 498
2971 9 2 30 39 463 5036 4970 5821 5580 5767
2972 9 2 30 39 4839 5014 5090 5822 5452 5823
2973 9 2 30 39 4858 5102 4988 5764 5824 5158
2974 9 2 30 39 4859 4987 5101 5159 5825 5826
2975 9 2 30 39 4875 5085 4974 5827 5828 5829
2976 9 2 30 39 476 4989 4903 5772 5629 5830
2977 9 2 30 39 4854 4956 5073 5557 5261 5725
2978 9 2 30 39 4836 4961 5031 5831 5832 5833
2979 9 2 30 39 4946 5074 5030 5834 5835 5736
2980 9 2 30 39 4833 4934 5026 5229 5792 5716
2981 9 2 30 39 430 5029 4933 5724 5803 5540
2982 9 2 30 39 4838 4942 4998 5836 5837 5196
2983 9 2 30 39 4838 4999 4942 5797 5838 5836
2984 9 2 30 39 4865 5010 4985 5346 5296 5816
2985 9 2 30 39 4864 4986 5011 5815 5299 5839
2986 9 2 30 39 214 4926 5083 5483 5755 5840
2987 9 2 30 39 4859 5101 4935 5826 5791 5115
2988 9 2 30 39 4867 5023 5065 5809 5774 5841
2989 9 2 30 39 4864 5011 5032 5839 5842 5525
2990 9 2 30 39 4838 4977 4993 5531 5270 5796
2991 9 2 30 39 464 4970 5062 5768 5661 5843
2992 9 2 30 39 4974 5085 5067 5828 5844 5845
2993 9 2 30 39 4877 5027 5007 5306 5818 5846
2994 9 2 30 39 4913 5101 4987 5712 5825 5601
2995 9 2 30 39 4914 4988 5102 5598 5824 5713
2996 9 2 30 39 4834 5063 4939 5847 5848 5640
2997 9 2 30 39 349 4943 5084 5136 5849 5850
2998 9 2 30 39 465 4994 466 5851 5852 514
2999 9 2 30 39 4841 5052 4954 5178 5853 5854
3000 9 2 30 39 475 4955 4989 5659 5739 5771
3001 9 2 30 39 4857 5029 4943 5804 5687 5735
3002 9 2 30 39 4894 4953 5025 5263 5855 5856
3003 9 2 30 39 7 214 5083 262 5840 5857
3004 9 2 30 39 11 5084 429 5858 5859 477
3005 9 2 30 39 4865 4998 4942 5817 5837 5860
3006 9 2 30 39 4864 4942 4999 5527 5838 5814
3007 9 2 30 39 345 4992 346 5861 5862 357
3008 9 2 30 39 4839 5015 4953 5863 5864 5262
3009 9 2 30 39 4953 5096 5025 5865 5866 5855
3010 9 2 30 39 4879 5086 4937 5867 5868 5695
3011 9 2 30 39 4852 4937 5086 5256 5868 5749
3012 9 2 30 39 4839 4980 5014 5330 5869 5822
3013 9 2 30 39 438 4997 439 5430 5870 487
3014 9 2 30 39 236 237 5041 285 5871 5778
3015 9 2 30 39 451 5042 452 5781 5872 500
3016 9 2 30 39 4897 5001 5047 5497 5873 5874
3017 9 2 30 39 4898 5046 5000 5381 5875 5498
3018 9 2 30 39 4897 5032 5011 5876 5842 5140
3019 9 2 30 39 4902 4945 5079 5336 5877 5878
3020 9 2 30 39 4901 5080 4944 5879 5880 5337
3021 9 2 30 39 434 4973 5081 5666 5881 5578
3022 9 2 30 39 4917 5078 4973 5745 5882 5609
3023 9 2 30 39 4891 5058 4949 5315 5709 5316
3024 9 2 30 39 245 246 5006 294 5592 5639
3025 9 2 30 39 460 5005 461 5644 5721 509
3026 9 2 30 39 8 362 5012 364 5706 5883
3027 9 2 30 39 12 5013 363 5884 5707 366
3028 9 2 30 39 4879 5014 4980 5885 5869 5886
3029 9 2 30 39 4861 4953 5015 5887 5864 5392
3030 9 2 30 39 465 5062 4994 5888 5624 5851
3031 9 2 30 39 453 4944 5080 5889 5880 5890
3032 9 2 30 39 238 5079 4945 5891 5877 5892
3033 9 2 30 39 453 5056 4944 5893 5894 5889
3034 9 2 30 39 238 4945 5057 5892 5895 5896
3035 9 2 30 39 4865 4942 5021 5860 5561 5272
3036 9 2 30 39 4869 5019 4951 5547 5897 5406
3037 9 2 30 39 4868 4952 5018 5411 5898 5548
3038 9 2 30 39 4904 4965 5022 5473 5899 5505
3039 9 2 30 39 4880 4954 5052 5787 5853 5900
3040 9 2 30 39 4905 5068 5054 5901 5902 5903
3041 9 2 30 39 237 238 5057 286 5896 5904
3042 9 2 30 39 452 5056 453 5905 5893 501
3043 9 2 30 39 4875 5047 5001 5906 5873 5907
3044 9 2 30 39 4874 5000 5046 5908 5875 5909
3045 9 2 30 39 443 5018 444 5439 5910 492
3046 9 2 30 39 228 229 5019 277 5911 5440
3047 9 2 30 39 238 239 5079 287 5912 5891
3048 9 2 30 39 453 5080 454 5890 5913 502
3049 9 2 30 39 4909 5026 4976 5717 5914 5626
3050 9 2 30 39 4849 4949 5028 5317 5915 5733
3051 9 2 30 39 431 5020 432 5726 5660 480
3052 9 2 30 39 466 4994 5092 5852 5690 5916
3053 9 2 30 39 444 5018 4952 5910 5898 5333
3054 9 2 30 39 229 4951 5019 5334 5897 5911
3055 9 2 30 39 4886 4944 5056 5239 5894 5917
3056 9 2 30 39 4885 5057 4945 5918 5895 5240
3057 9 2 30 39 439 4997 5077 5870 5919 5920
3058 9 2 30 39 4882 5025 5096 5283 5866 5921
3059 9 2 30 39 437 4937 5043 5559 5255 5805
3060 9 2 30 39 4907 5077 4997 5125 5919 5922
3061 9 2 30 39 4847 5074 4946 5700 5834 5193
3062 9 2 30 39 4908 5050 5069 5622 5923 5924
3063 9 2 30 39 4836 5003 4961 5925 5926 5831
3064 9 2 30 39 220 221 5030 269 5737 5927
3065 9 2 30 39 4836 5031 5004 5833 5928 5301
3066 9 2 30 39 252 253 5033 301 5363 5929
3067 9 2 30 39 4836 5068 5003 5421 5930 5925
3068 9 2 30 39 4848 4939 5053 5813 5931 5806
3069 9 2 30 39 216 217 5037 265 5663 5788
3070 9 2 30 39 247 248 5035 296 5669 5681
3071 9 2 30 39 462 5036 463 5769 5821 511
3072 9 2 30 39 239 240 5098 288 5932 5933
3073 9 2 30 39 454 5097 455 5934 5935 503
3074 9 2 30 39 4841 4954 5055 5854 5936 5594
3075 9 2 30 39 4848 4960 5023 5108 5810 5812
3076 9 2 30 39 4863 5055 4954 5455 5936 5487
3077 9 2 30 39 252 5033 5093 5929 5653 5937
3078 9 2 30 39 346 4992 5044 5862 5175 5938
3079 9 2 30 39 4857 5031 4961 5596 5832 5535
3080 9 2 30 39 429 5084 4943 5859 5849 5686
3081 9 2 30 39 4894 5025 5049 5856 5939 5360
3082 9 2 30 39 4905 5054 4971 5903 5940 5345
3083 9 2 30 39 4880 5054 5068 5941 5902 5786
3084 9 2 30 39 345 5064 4992 5942 5103 5861
3085 9 2 30 39 4835 5091 4949 5943 5944 5538
3086 9 2 30 39 4861 5096 4953 5945 5865 5887
3087 9 2 30 39 4870 4961 5003 5568 5926 5946
3088 9 2 30 39 222 5060 4946 5807 5172 5611
3089 9 2 30 39 4842 5069 5050 5243 5923 5740
3090 9 2 30 39 249 250 5061 298 5715 5723
3091 9 2 30 39 464 5062 465 5843 5888 513
3092 9 2 30 39 435 5066 436 5947 5718 484
3093 9 2 30 39 4832 5049 5025 5416 5939 5355
3094 9 2 30 39 240 241 5094 289 5646 5948
3095 9 2 30 39 455 5095 456 5949 5647 504
3096 9 2 30 39 469 5075 470 5425 5501 518
3097 9 2 30 39 4875 5039 5085 5950 5951 5827
3098 9 2 30 39 251 252 5093 300 5937 5756
3099 9 2 30 39 466 5092 467 5916 5732 515
3100 9 2 30 39 224 225 5076 273 5952 5751
3101 9 2 30 39 439 5077 440 5920 5953 488
3102 9 2 30 39 450 5000 5038 5820 5954 5785
3103 9 2 30 39 235 5039 5001 5784 5955 5819
3104 9 2 30 39 4905 5003 5068 5956 5930 5901
3105 9 2 30 39 4858 4976 5026 5512 5914 5765
3106 9 2 30 39 225 4987 5076 5758 5160 5952
3107 9 2 30 39 440 5077 4988 5953 5157 5757
3108 9 2 30 39 4850 4959 5058 5124 5710 5342
3109 9 2 30 39 346 5044 347 5938 5265 358
3110 9 2 30 39 4876 5014 4984 5453 5957 5958
3111 9 2 30 39 4897 5047 5032 5874 5959 5876
3112 9 2 30 39 4840 5032 5047 5960 5959 5961
3113 9 2 30 39 4862 5022 4965 5508 5899 5546
3114 9 2 30 39 4840 5021 5032 5310 5560 5960
3115 9 2 30 39 4920 5085 5039 5962 5951 5676
3116 9 2 30 39 4855 5087 4964 5963 5964 5627
3117 9 2 30 39 4912 5095 4966 5648 5965 5572
3118 9 2 30 39 4911 4967 5094 5575 5966 5645
3119 9 2 30 39 4895 5073 4958 5699 5260 5179
3120 9 2 30 39 344 5064 345 5326 5942 356
3121 9 2 30 39 4905 5045 5003 5671 5967 5956
3122 9 2 30 39 4871 5063 4956 5968 5969 5682
3123 9 2 30 39 4831 5072 4971 5970 5971 5972
3124 9 2 30 39 240 4967 5098 5973 5974 5932
3125 9 2 30 39 455 5097 4966 5935 5975 5976
3126 9 2 30 39 4879 4984 5014 5977 5957 5885
3127 9 2 30 39 4877 5030 5074 5978 5835 5485
3128 9 2 30 39 4834 4956 5063 5308 5969 5847
3129 9 2 30 39 4883 4964 5087 5154 5964 5202
3130 9 2 30 39 4868 5091 4969 5979 5980 5409
3131 9 2 30 39 11 349 5084 361 5850 5858
3132 9 2 30 39 7 5083 339 5857 5754 350
3133 9 2 30 39 4920 5041 5100 5779 5981 5982
3134 9 2 30 39 4921 5099 5042 5760 5983 5780
3135 9 2 30 39 4831 4971 5054 5972 5940 5984
3136 9 2 30 39 4881 4971 5072 5223 5971 5649
3137 9 2 30 39 4840 5047 4974 5961 5985 5986
3138 9 2 30 39 4840 4974 5046 5986 5987 5380
3139 9 2 30 39 4902 5098 4967 5988 5974 5478
3140 9 2 30 39 4901 4966 5097 5477 5975 5989
3141 9 2 30 39 4886 5042 5099 5990 5983 5991
3142 9 2 30 39 4885 5100 5041 5992 5981 5993
3143 9 2 30 39 4874 5038 5000 5746 5954 5908
3144 9 2 30 39 4875 5001 5039 5907 5955 5950
3145 9 2 30 39 4835 4969 5091 5590 5980 5943
3146 9 2 30 39 4908 5069 4991 5924 5994 5793
3147 9 2 30 39 476 4903 5013 5830 5708 5995
3148 9 2 30 39 261 5012 4903 5996 5705 5628
3149 9 2 30 39 4899 4975 5065 5450 5762 5773
3150 9 2 30 39 220 5030 5007 5927 5997 5738
3151 9 2 30 39 4874 5046 4974 5909 5987 5998
3152 9 2 30 39 4875 4974 5047 5829 5985 5906
3153 9 2 30 39 4876 4973 5078 5999 5882 6000
3154 9 2 30 39 4871 5053 5063 5802 6001 5968
3155 9 2 30 39 4877 5007 5030 5846 5997 5978
3156 9 2 30 39 435 4984 5066 5638 6002 5947
3157 9 2 30 39 4831 4975 5072 5763 5513 5970
3158 9 2 30 39 240 5094 4967 5948 5966 5973
3159 9 2 30 39 455 4966 5095 5976 5965 5949
3160 9 2 30 39 4949 5091 5028 5944 6003 5915
3161 9 2 30 39 4890 5004 5031 5423 5928 5544
3162 9 2 30 39 4879 5066 4984 5697 6002 5977
3163 9 2 30 39 4874 4974 5067 5998 5845 5630
3164 9 2 30 39 4839 5090 5015 5823 6004 5863
3165 9 2 30 39 4876 5078 4981 6000 6005 5509
3166 9 2 30 39 4876 4984 5081 5958 5637 6006
3167 9 2 30 39 4893 5071 4997 5811 6007 5429
3168 9 2 30 39 4845 4981 5078 5168 6005 5744
3169 9 2 30 39 4880 5052 5051 5900 6008 6009
3170 9 2 30 39 4887 4991 5069 5495 5994 5490
3171 9 2 30 39 4876 5081 4973 6006 5881 5999
3172 9 2 30 39 4896 5051 5052 6010 6008 5224
3173 9 2 30 39 4855 4977 5087 5719 5530 5963
3174 9 2 30 39 4939 5063 5053 5848 6001 5931
3175 9 2 30 39 4842 5008 5070 5742 6011 5402
3176 9 2 30 39 4870 5003 5045 5946 5967 5667
3177 9 2 30 39 4879 4980 5086 5886 5750 5867
3178 9 2 30 39 4907 4997 5071 5922 6007 5565
3179 9 2 30 39 4920 5100 5085 5982 6012 5962
3180 9 2 30 39 4844 5085 5100 6013 6012 6014
3181 9 2 30 39 4881 5090 4981 6015 5510 5222
3182 9 2 30 39 4892 5070 5040 5403 6016 5484
3183 9 2 30 39 4881 5015 5090 5650 6004 6015
3184 9 2 30 39 4896 5024 5051 5522 6017 6010
3185 9 2 30 39 4873 5070 5008 6018 6011 5460
3186 9 2 30 39 4873 5040 5070 5457 6016 6018
3187 9 2 30 39 4868 5028 5091 5798 6003 5979
3188 9 2 30 39 452 5042 5056 5872 6019 5905
3189 9 2 30 39 237 5057 5041 5904 6020 5871
3190 9 2 30 39 4886 5056 5042 5917 6019 5990
3191 9 2 30 39 4885 5041 5057 5993 6020 5918
3192 9 2 30 39 4861 4996 5096 5368 6021 5945
3193 9 2 30 39 4831 5051 5024 6022 6017 5776
3194 9 2 30 39 4882 5096 4996 5921 6021 5236
3195 9 2 30 39 4867 5065 5024 5841 5777 5583
3196 9 2 30 39 4844 5067 5085 5674 5844 6013
3197 9 2 30 39 4831 5054 5051 5984 6023 6022
3198 9 2 30 39 4880 5051 5054 6009 6023 5941
3199 9 2 30 39 4844 5009 5099 6024 6025 5759
3200 9 2 30 39 4844 5100 5009 6014 6026 6024
3201 9 2 30 39 4886 5099 5009 5991 6025 5162
3202 9 2 30 39 4885 5009 5100 5164 6026 5992
3203 9 2 30 39 239 5098 5079 5933 6027 5912
3204 9 2 30 39 454 5080 5097 5913 6028 5934
3205 9 2 30 39 4901 5097 5080 5989 6028 5879
3206 9 2 30 39 4902 5079 5098 5878 6027 5988
3207 9 2 30 39 8 5012 261 5883 5996 310
3208 9 2 30 39 12 476 5013 525 5995 5884
3209 9 2 31 40 6056 6071 6061 6117 6118 6119
3210 9 2 31 40 6034 6072 6047 6120 6121 6122
3211 9 2 31 40 6034 6047 6069 6122 6123 6124
3212 9 2 31 40 6035 6065 6070 6125 6126 6127
3213 9 2 31 40 6043 6063 6085 6128 6129 6130
3214 9 2 31 40 6038 6075 6055 6131 6132 6133
3215 9 2 31 40 368 6070 6049 6134 6135 6136
3216 9 2 31 40 6034 6085 6063 6137 6129 6138
3217 9 2 31 40 6049 6070 6065 6135 6126 6139
3218 9 2 31 40 6033 6055 6075 6140 6132 6141
3219 9 2 31 40 6036 6053 6067 6142 6143 6144
3220 9 2 31 40 6029 6053 6104 6145 6146 6147
3221 9 2 31 40 6044 6104 6053 6148 6146 6149
3222 9 2 31 40 6047 6090 6069 6150 6151 6123
3223 9 2 31 40 529 6084 6051 6152 6153 6154
3224 9 2 31 40 6032 6069 6090 6155 6151 6156
3225 9 2 31 40 368 6049 6061 6136 6157 6158
3226 9 2 31 40 529 6051 6078 6154 6159 6160
3227 9 2 31 40 6032 6050 6069 6161 6162 6155
3228 9 2 31 40 531 6055 6088 6163 6164 6165
3229 9 2 31 40 368 369 6070 376 6166 6134
3230 9 2 31 40 546 6057 6095 6167 6168 6169
3231 9 2 31 40 6032 6068 6050 6170 6171 6161
3232 9 2 31 40 6030 6054 6114 6172 6173 6174
3233 9 2 31 40 546 547 6057 555 6175 6167
3234 9 2 31 40 6036 6076 6053 6176 6177 6142
3235 9 2 31 40 369 370 6059 377 6178 6179
3236 9 2 31 40 6040 6057 6063 6180 6181 6182
3237 9 2 31 40 6040 6063 6080 6182 6183 6184
3238 9 2 31 40 6038 6051 6082 6185 6186 6187
3239 9 2 31 40 6040 6080 6064 6184 6188 6189
3240 9 2 31 40 6030 6080 6063 6190 6183 6191
3241 9 2 31 40 6054 6074 6114 6192 6193 6173
3242 9 2 31 40 6041 6062 6098 6194 6195 6196
3243 9 2 31 40 6034 6063 6057 6138 6181 6197
3244 9 2 31 40 6037 6064 6080 6198 6188 6199
3245 9 2 31 40 6041 6098 6090 6196 6200 6201
3246 9 2 31 40 6051 6097 6082 6202 6203 6186
3247 9 2 31 40 6029 6067 6053 6204 6143 6145
3248 9 2 31 40 531 6088 532 6165 6205 540
3249 9 2 31 40 6040 6095 6057 6206 6168 6180
3250 9 2 31 40 369 6059 6070 6179 6207 6166
3251 9 2 31 40 6044 6053 6075 6149 6208 6209
3252 9 2 31 40 6034 6057 6072 6197 6210 6120
3253 9 2 31 40 6043 6105 6063 6211 6212 6128
3254 9 2 31 40 526 6056 527 6213 6214 535
3255 9 2 31 40 6031 6083 6065 6215 6216 6217
3256 9 2 31 40 6030 6105 6054 6218 6219 6172
3257 9 2 31 40 528 6084 529 6220 6152 537
3258 9 2 31 40 6038 6078 6051 6221 6159 6185
3259 9 2 31 40 6033 6075 6053 6141 6208 6222
3260 9 2 31 40 6061 6071 367 6118 6223 6224
3261 9 2 31 40 6038 6055 6089 6133 6225 6226
3262 9 2 31 40 6031 6082 6097 6227 6203 6228
3263 9 2 31 40 549 6108 6077 6229 6230 6231
3264 9 2 31 40 6068 6098 6111 6232 6233 6234
3265 9 2 31 40 547 6072 6057 6235 6210 6175
3266 9 2 31 40 6049 6065 6083 6139 6216 6236
3267 9 2 31 40 529 6078 530 6160 6237 538
3268 9 2 31 40 6039 6056 6061 6238 6119 6239
3269 9 2 31 40 6044 6075 6082 6209 6240 6241
3270 9 2 31 40 6112 6113 543 6242 6243 6244
3271 9 2 31 40 367 368 6061 375 6158 6224
3272 9 2 31 40 6033 6053 6076 6222 6177 6245
3273 9 2 31 40 6054 6115 6074 6246 6247 6192
3274 9 2 31 40 6038 6082 6075 6187 6240 6131
3275 9 2 31 40 6032 6098 6068 6248 6232 6170
3276 9 2 31 40 544 545 6064 553 6249 6250
3277 9 2 31 40 531 6089 6055 6251 6225 6163
3278 9 2 31 40 6035 6074 6115 6252 6247 6253
3279 9 2 31 40 373 6058 6106 6254 6255 6256
3280 9 2 31 40 6033 6109 6055 6257 6258 6140
3281 9 2 31 40 6029 6096 6067 6259 6260 6204
3282 9 2 31 40 371 372 6066 379 6261 6262
3283 9 2 31 40 6035 6059 6074 6263 6264 6252
3284 9 2 31 40 373 6113 6058 6265 6266 6254
3285 9 2 31 40 6050 6067 6096 6267 6260 6268
3286 9 2 31 40 549 550 6108 558 6269 6229
3287 9 2 31 40 6042 6074 6059 6270 6264 6271
3288 9 2 31 40 6058 6113 6112 6266 6242 6272
3289 9 2 31 40 6035 6070 6059 6127 6207 6263
3290 9 2 31 40 6037 6058 6112 6273 6272 6274
3291 9 2 31 40 13 6087 594 6275 6276 601
3292 9 2 31 40 6045 6060 6111 6277 6278 6279
3293 9 2 31 40 6030 6063 6105 6191 6212 6218
3294 9 2 31 40 547 548 6072 556 6280 6235
3295 9 2 31 40 6040 6064 6095 6189 6281 6206
3296 9 2 31 40 6036 6111 6060 6282 6278 6283
3297 9 2 31 40 6042 6059 6099 6271 6284 6285
3298 9 2 31 40 599 6073 600 6286 6287 607
3299 9 2 31 40 596 6060 6092 6288 6289 6290
3300 9 2 31 40 372 373 6106 380 6256 6291
3301 9 2 31 40 6037 6112 6064 6274 6292 6198
3302 9 2 31 40 6037 6106 6058 6293 6255 6273
3303 9 2 31 40 6043 6079 6105 6294 6295 6211
3304 9 2 31 40 6050 6068 6067 6171 6296 6267
3305 9 2 31 40 371 6066 6099 6262 6297 6298
3306 9 2 31 40 543 544 6112 552 6299 6244
3307 9 2 31 40 6054 6105 6079 6219 6295 6300
3308 9 2 31 40 598 6062 6103 6301 6302 6303
3309 9 2 31 40 6045 6111 6098 6279 6233 6304
3310 9 2 31 40 6045 6092 6060 6305 6289 6277
3311 9 2 31 40 6036 6067 6068 6144 6296 6306
3312 9 2 31 40 370 6099 6059 6307 6284 6178
3313 9 2 31 40 13 533 6087 542 6308 6275
3314 9 2 31 40 6042 6099 6066 6285 6297 6309
3315 9 2 31 40 6039 6061 6083 6239 6310 6311
3316 9 2 31 40 6052 6065 6115 6312 6313 6314
3317 9 2 31 40 6038 6089 6078 6226 6315 6221
3318 9 2 31 40 6036 6060 6110 6283 6316 6317
3319 9 2 31 40 6035 6115 6065 6253 6313 6125
3320 9 2 31 40 596 6100 6060 6318 6319 6288
3321 9 2 31 40 545 6095 6064 6320 6281 6249
3322 9 2 31 40 6037 6066 6106 6321 6322 6293
3323 9 2 31 40 6041 6103 6062 6323 6302 6194
3324 9 2 31 40 526 6071 6056 6324 6117 6213
3325 9 2 31 40 598 6103 599 6303 6325 606
3326 9 2 31 40 596 6092 597 6290 6326 604
3327 9 2 31 40 527 6094 528 6327 6328 536
3328 9 2 31 40 594 6081 595 6329 6330 602
3329 9 2 31 40 6046 6100 6081 6331 6332 6333
3330 9 2 31 40 6032 6090 6098 6156 6200 6248
3331 9 2 31 40 6080 6114 6101 6334 6335 6336
3332 9 2 31 40 6045 6062 6102 6337 6338 6339
3333 9 2 31 40 6046 6093 6076 6340 6341 6342
3334 9 2 31 40 6030 6114 6080 6174 6334 6190
3335 9 2 31 40 6052 6079 6104 6343 6344 6345
3336 9 2 31 40 598 6102 6062 6346 6338 6301
3337 9 2 31 40 6029 6104 6079 6147 6344 6347
3338 9 2 31 40 595 6081 6100 6330 6332 6348
3339 9 2 31 40 6037 6101 6066 6349 6350 6321
3340 9 2 31 40 6033 6076 6093 6245 6341 6351
3341 9 2 31 40 527 6056 6094 6214 6352 6327
3342 9 2 31 40 6060 6100 6110 6319 6353 6316
3343 9 2 31 40 6046 6081 6093 6333 6354 6340
3344 9 2 31 40 9 6071 526 6355 6324 534
3345 9 2 31 40 6048 6093 6081 6356 6354 6357
3346 9 2 31 40 6031 6065 6086 6217 6358 6359
3347 9 2 31 40 6047 6072 6107 6121 6360 6361
3348 9 2 31 40 6049 6083 6061 6236 6310 6157
3349 9 2 31 40 6052 6086 6065 6362 6358 6312
3350 9 2 31 40 530 6089 531 6363 6251 539
3351 9 2 31 40 6100 6046 6110 6331 6364 6353
3352 9 2 31 40 595 6100 596 6348 6318 603
3353 9 2 31 40 548 6107 6072 6365 6360 6280
3354 9 2 31 40 6045 6098 6062 6304 6195 6337
3355 9 2 31 40 544 6064 6112 6250 6292 6299
3356 9 2 31 40 6034 6069 6085 6124 6366 6137
3357 9 2 31 40 6042 6066 6101 6309 6350 6367
3358 9 2 31 40 6050 6085 6069 6368 6366 6162
3359 9 2 31 40 6052 6115 6079 6314 6369 6343
3360 9 2 31 40 370 371 6099 378 6298 6307
3361 9 2 31 40 6054 6079 6115 6300 6369 6246
3362 9 2 31 40 6039 6097 6084 6370 6371 6372
3363 9 2 31 40 6031 6086 6082 6359 6373 6227
3364 9 2 31 40 10 6113 373 6374 6265 381
3365 9 2 31 40 372 6106 6066 6291 6322 6261
3366 9 2 31 40 6048 6081 6087 6357 6375 6376
3367 9 2 31 40 600 6073 6091 6287 6377 6378
3368 9 2 31 40 6044 6082 6086 6241 6373 6379
3369 9 2 31 40 6051 6084 6097 6153 6371 6202
3370 9 2 31 40 545 546 6095 554 6169 6320
3371 9 2 31 40 6047 6077 6090 6380 6381 6150
3372 9 2 31 40 597 6102 598 6382 6346 605
3373 9 2 31 40 10 543 6113 551 6243 6374
3374 9 2 31 40 548 549 6107 557 6383 6365
3375 9 2 31 40 532 6116 533 6384 6385 541
3376 9 2 31 40 528 6094 6084 6328 6386 6220
3377 9 2 31 40 6041 6073 6103 6387 6388 6323
3378 9 2 31 40 14 600 6091 608 6378 6389
3379 9 2 31 40 6045 6102 6092 6339 6390 6305
3380 9 2 31 40 6039 6094 6056 6391 6352 6238
3381 9 2 31 40 6043 6096 6079 6392 6393 6294
3382 9 2 31 40 530 6078 6089 6237 6315 6363
3383 9 2 31 40 6029 6079 6096 6347 6393 6259
3384 9 2 31 40 6044 6086 6104 6379 6394 6148
3385 9 2 31 40 6052 6104 6086 6345 6394 6362
3386 9 2 31 40 6043 6085 6096 6130 6395 6392
3387 9 2 31 40 6046 6076 6110 6342 6396 6364
3388 9 2 31 40 6036 6068 6111 6306 6234 6282
3389 9 2 31 40 6050 6096 6085 6268 6395 6368
3390 9 2 31 40 6041 6090 6077 6201 6381 6397
3391 9 2 31 40 594 6087 6081 6276 6375 6329
3392 9 2 31 40 599 6103 6073 6325 6388 6286
3393 9 2 31 40 6041 6077 6108 6397 6230 6398
3394 9 2 31 40 6039 6083 6097 6311 6399 6370
3395 9 2 31 40 6042 6114 6074 6400 6193 6270
3396 9 2 31 40 6031 6097 6083 6228 6399 6215
3397 9 2 31 40 6037 6080 6101 6199 6336 6349
3398 9 2 31 40 6048 6109 6093 6401 6402 6356
3399 9 2 31 40 597 6092 6102 6326 6390 6382
3400 9 2 31 40 6047 6107 6077 6361 6403 6380
3401 9 2 31 40 6036 6110 6076 6317 6396 6176
3402 9 2 31 40 6048 6088 6109 6404 6405 6401
3403 9 2 31 40 6039 6084 6094 6372 6386 6391
3404 9 2 31 40 532 6088 6116 6205 6406 6384
3405 9 2 31 40 549 6077 6107 6231 6403 6383
3406 9 2 31 40 6073 6108 6091 6407 6408 6377
3407 9 2 31 40 6048 6087 6116 6376 6409 6410
3408 9 2 31 40 6033 6093 6109 6351 6402 6257
3409 9 2 31 40 6041 6108 6073 6398 6407 6387
3410 9 2 31 40 533 6116 6087 6385 6409 6308
3411 9 2 31 40 6055 6109 6088 6258 6405 6164
3412 9 2 31 40 6048 6116 6088 6410 6406 6404
3413 9 2 31 40 6042 6101 6114 6367 6335 6400
3414 9 2 31 40 550 6091 6108 6411 6408 6269
3415 9 2 31 40 9 367 6071 374 6223 6355
3416 9 2 31 40 14 6091 550 6389 6411 559
3417 9 2 32 41 6412 6437 6460 6480 6481 6482
3418 9 2 32 41 6434 6479 6441 6483 6484 6485
3419 9 2 32 41 6415 6450 6420 6486 6487 6488
3420 9 2 32 41 400 401 6435 424 6489 6490
3421 9 2 32 41 386 387 6436 410 6491 6492
3422 9 2 32 41 6479 547 6441 6493 6494 6484
3423 9 2 32 41 6428 6460 6437 6495 6481 6496
3424 9 2 32 41 6416 6427 6460 6497 6498 6499
3425 9 2 32 41 6415 6426 6425 6500 6501 6502
3426 9 2 32 41 6414 6420 6450 6503 6487 6504
3427 9 2 32 41 6415 6420 6426 6488 6505 6500
3428 9 2 32 41 6414 6450 6438 6504 6506 6507
3429 9 2 32 41 6416 6460 6428 6499 6495 6508
3430 9 2 32 41 6413 6417 6418 6509 6510 6511
3431 9 2 32 41 6414 6438 6461 6507 6512 6513
3432 9 2 32 41 383 6448 6429 6514 6515 6516
3433 9 2 32 41 6413 6437 6463 6517 6518 6519
3434 9 2 32 41 6423 6439 6440 6520 6521 6522
3435 9 2 32 41 6433 6443 6478 6523 6524 6525
3436 9 2 32 41 404 6430 6449 6526 6527 6528
3437 9 2 32 41 6416 6441 6427 6529 6530 6497
3438 9 2 32 41 6442 6456 6417 6531 6532 6533
3439 9 2 32 41 398 6446 6470 6534 6535 6536
3440 9 2 32 41 6478 6443 564 6524 6537 6538
3441 9 2 32 41 565 566 6453 574 6539 6540
3442 9 2 32 41 548 6454 549 6541 6542 557
3443 9 2 32 41 544 6461 6438 6543 6512 6544
3444 9 2 32 41 389 6471 6447 6545 6546 6547
3445 9 2 32 41 6417 6431 6418 6548 6549 6510
3446 9 2 32 41 6416 6428 6443 6508 6550 6551
3447 9 2 32 41 566 6439 6453 6552 6553 6539
3448 9 2 32 41 549 6454 6440 6542 6554 6555
3449 9 2 32 41 6424 6440 6439 6556 6521 6557
3450 9 2 32 41 546 6441 547 6558 6494 555
3451 9 2 32 41 6420 6421 6432 6559 6560 6561
3452 9 2 32 41 561 562 6437 570 6562 6563
3453 9 2 32 41 6415 6425 6417 6502 6564 6565
3454 9 2 32 41 6475 6441 6416 6566 6529 6567
3455 9 2 32 41 544 6438 545 6544 6568 553
3456 9 2 32 41 400 6435 6446 6490 6569 6570
3457 9 2 32 41 6412 6463 6437 6571 6518 6480
3458 9 2 32 41 545 6438 6468 6568 6572 6573
3459 9 2 32 41 6456 6431 6417 6574 6548 6532
3460 9 2 32 41 387 6447 6436 6575 6576 6491
3461 9 2 32 41 562 6474 6437 6577 6578 6562
3462 9 2 32 41 6413 6465 6437 6579 6580 6517
3463 9 2 32 41 6434 6441 6475 6485 6566 6581
3464 9 2 32 41 563 564 6443 572 6537 6582
3465 9 2 32 41 14 550 6452 559 6583 6584
3466 9 2 32 41 15 6451 567 6585 6586 576
3467 9 2 32 41 6416 6443 6475 6551 6587 6567
3468 9 2 32 41 6438 6450 6472 6506 6588 6589
3469 9 2 32 41 6427 6468 6438 6590 6572 6591
3470 9 2 32 41 6418 6435 6419 6592 6593 6594
3471 9 2 32 41 6421 6422 6436 6595 6596 6597
3472 9 2 32 41 395 396 6442 419 6598 6599
3473 9 2 32 41 6428 6437 6474 6496 6578 6600
3474 9 2 32 41 14 6452 609 6584 6601 611
3475 9 2 32 41 15 610 6451 613 6602 6585
3476 9 2 32 41 384 385 6448 408 6603 6604
3477 9 2 32 41 402 403 6449 426 6605 6606
3478 9 2 32 41 6433 6475 6443 6607 6587 6523
3479 9 2 32 41 560 6465 6455 6608 6609 6610
3480 9 2 32 41 6423 6475 6433 6611 6607 6612
3481 9 2 32 41 6423 6434 6475 6613 6581 6611
3482 9 2 32 41 393 394 6445 417 6614 6615
3483 9 2 32 41 560 561 6465 569 6616 6608
3484 9 2 32 41 391 392 6444 415 6617 6618
3485 9 2 32 41 561 6437 6465 6563 6580 6616
3486 9 2 32 41 543 6429 6422 6619 6620 6621
3487 9 2 32 41 401 6464 6435 6622 6623 6489
3488 9 2 32 41 6420 6469 6426 6624 6625 6505
3489 9 2 32 41 6417 6425 6442 6564 6626 6533
3490 9 2 32 41 386 6436 6462 6492 6627 6628
3491 9 2 32 41 6418 6431 6446 6549 6629 6630
3492 9 2 32 41 6423 6454 6434 6631 6632 6613
3493 9 2 32 41 6423 6433 6453 6612 6633 6634
3494 9 2 32 41 6421 6447 6432 6635 6636 6560
3495 9 2 32 41 6422 6462 6436 6637 6627 6596
3496 9 2 32 41 6419 6435 6464 6593 6623 6638
3497 9 2 32 41 6448 6462 6422 6639 6637 6640
3498 9 2 32 41 6424 6439 6467 6557 6641 6642
3499 9 2 32 41 6424 6466 6440 6643 6644 6556
3500 9 2 32 41 6449 6419 6464 6645 6638 6646
3501 9 2 32 41 6423 6453 6439 6634 6553 6520
3502 9 2 32 41 6423 6440 6454 6522 6554 6631
3503 9 2 32 41 6413 6477 6417 6647 6648 6509
3504 9 2 32 41 543 6461 544 6649 6543 552
3505 9 2 32 41 6414 6476 6421 6650 6651 6652
3506 9 2 32 41 6425 6426 6445 6501 6653 6654
3507 9 2 32 41 6428 6474 6443 6600 6655 6550
3508 9 2 32 41 6413 6418 6455 6511 6656 6657
3509 9 2 32 41 6415 6463 6450 6658 6659 6486
3510 9 2 32 41 6424 6467 6451 6642 6660 6661
3511 9 2 32 41 6424 6452 6466 6662 6663 6643
3512 9 2 32 41 6415 6417 6477 6565 6648 6664
3513 9 2 32 41 563 6443 6474 6582 6655 6665
3514 9 2 32 41 6412 6472 6450 6666 6588 6667
3515 9 2 32 41 6427 6441 6468 6530 6668 6590
3516 9 2 32 41 6418 6419 6455 6594 6669 6656
3517 9 2 32 41 396 397 6456 420 6670 6671
3518 9 2 32 41 546 6468 6441 6672 6668 6558
3519 9 2 32 41 549 6466 550 6673 6674 558
3520 9 2 32 41 566 567 6467 575 6675 6676
3521 9 2 32 41 6427 6438 6472 6591 6589 6677
3522 9 2 32 41 545 6468 546 6573 6672 554
3523 9 2 32 41 564 565 6478 573 6678 6538
3524 9 2 32 41 547 6479 548 6493 6679 556
3525 9 2 32 41 562 563 6474 571 6665 6577
3526 9 2 32 41 395 6442 6457 6599 6680 6681
3527 9 2 32 41 396 6456 6442 6671 6531 6598
3528 9 2 32 41 394 395 6457 418 6681 6682
3529 9 2 32 41 392 393 6459 416 6683 6684
3530 9 2 32 41 385 386 6462 409 6628 6685
3531 9 2 32 41 390 391 6458 414 6686 6687
3532 9 2 32 41 401 402 6464 425 6688 6622
3533 9 2 32 41 566 6467 6439 6676 6641 6552
3534 9 2 32 41 549 6440 6466 6555 6644 6673
3535 9 2 32 41 6421 6476 6422 6651 6689 6595
3536 9 2 32 41 609 6473 610 6690 6691 612
3537 9 2 32 41 543 6422 6461 6621 6692 6649
3538 9 2 32 41 397 398 6470 421 6536 6693
3539 9 2 32 41 560 6455 6419 6610 6669 6694
3540 9 2 32 41 385 6462 6448 6685 6639 6603
3541 9 2 32 41 389 390 6471 413 6695 6545
3542 9 2 32 41 402 6449 6464 6606 6646 6688
3543 9 2 32 41 6424 6451 6473 6661 6696 6697
3544 9 2 32 41 6424 6473 6452 6697 6698 6662
3545 9 2 32 41 6431 6470 6446 6699 6535 6629
3546 9 2 32 41 394 6457 6445 6682 6700 6614
3547 9 2 32 41 6432 6447 6471 6636 6546 6701
3548 9 2 32 41 393 6445 6459 6615 6702 6683
3549 9 2 32 41 392 6459 6444 6684 6703 6617
3550 9 2 32 41 391 6444 6458 6618 6704 6686
3551 9 2 32 41 6426 6469 6444 6625 6705 6706
3552 9 2 32 41 567 6451 6467 6586 6660 6675
3553 9 2 32 41 550 6466 6452 6674 6663 6583
3554 9 2 32 41 6412 6450 6463 6667 6659 6571
3555 9 2 32 41 6415 6477 6463 6664 6707 6658
3556 9 2 32 41 560 6419 6430 6694 6708 6709
3557 9 2 32 41 609 6452 6473 6601 6698 6690
3558 9 2 32 41 610 6473 6451 6691 6696 6602
3559 9 2 32 41 6422 6429 6448 6620 6515 6640
3560 9 2 32 41 6412 6460 6472 6482 6710 6666
3561 9 2 32 41 6413 6455 6465 6657 6609 6579
3562 9 2 32 41 6418 6446 6435 6630 6569 6592
3563 9 2 32 41 397 6470 6456 6693 6711 6670
3564 9 2 32 41 6433 6478 6453 6525 6712 6633
3565 9 2 32 41 6434 6454 6479 6632 6713 6483
3566 9 2 32 41 6422 6476 6461 6689 6714 6692
3567 9 2 32 41 6421 6436 6447 6597 6576 6635
3568 9 2 32 41 6419 6449 6430 6645 6527 6708
3569 9 2 32 41 390 6458 6471 6687 6715 6695
3570 9 2 32 41 6425 6445 6457 6654 6700 6716
3571 9 2 32 41 6427 6472 6460 6677 6710 6498
3572 9 2 32 41 565 6453 6478 6540 6712 6678
3573 9 2 32 41 548 6479 6454 6679 6713 6541
3574 9 2 32 41 6413 6463 6477 6519 6707 6647
3575 9 2 32 41 6425 6457 6442 6716 6680 6626
3576 9 2 32 41 6420 6432 6469 6561 6717 6624
3577 9 2 32 41 6432 6471 6458 6701 6715 6718
3578 9 2 32 41 6431 6456 6470 6574 6711 6699
3579 9 2 32 41 6432 6458 6469 6718 6719 6717
3580 9 2 32 41 6444 6469 6458 6705 6719 6704
3581 9 2 32 41 6414 6461 6476 6513 6714 6650
3582 9 2 32 41 6426 6459 6445 6720 6702 6653
3583 9 2 32 41 6426 6444 6459 6706 6703 6720
3584 9 2 32 41 10 6429 543 6721 6619 551
3585 9 2 32 41 11 560 6430 568 6709 6722
3586 9 2 32 41 10 382 6429 405 6723 6721
3587 9 2 32 41 11 6430 404 6722 6526 428
3588 9 2 32 41 382 383 6429 406 6516 6723
3589 9 2 32 41 383 384 6448 407 6604 6514
3590 9 2 32 41 387 388 6447 411 6724 6575
3591 9 2 32 41 388 389 6447 412 6547 6724
3592 9 2 32 41 398 399 6446 422 6725 6534
3593 9 2 32 41 399 400 6446 423 6570 6725
3594 9 2 32 41 403 404 6449 427 6528 6605
3595 9 2 32 41 6414 6421 6420 6652 6559 6503
3596 9 2 33 42 6841 7102 6909 7126 7127 7128
3597 9 2 33 42 7102 6755 6909 7129 7130 7127
3598 9 2 33 42 6764 6878 6962 7131 7132 7133
3599 9 2 33 42 458 459 6860 507 7134 7135
3600 9 2 33 42 6750 6968 6831 7136 7137 7138
3601 9 2 33 42 6770 6834 6882 7139 7140 7141
3602 9 2 33 42 6767 6833 6907 7142 7143 7144
3603 9 2 33 42 6757 6855 6910 7145 7146 7147
3604 9 2 33 42 562 6815 6902 7148 7149 7150
3605 9 2 33 42 6757 7041 7101 7151 7152 7153
3606 9 2 33 42 6828 6900 6875 7154 7155 7156
3607 9 2 33 42 462 463 6878 511 7157 7158
3608 9 2 33 42 6765 6865 6939 7159 7160 7161
3609 9 2 33 42 6780 6825 6928 7162 7163 7164
3610 9 2 33 42 6846 7099 6877 7165 7166 7167
3611 9 2 33 42 6762 6834 6912 7168 7169 7170
3612 9 2 33 42 563 6902 6891 7171 7172 7173
3613 9 2 33 42 462 6878 7034 7158 7174 7175
3614 9 2 33 42 6821 6929 7001 7176 7177 7178
3615 9 2 33 42 6743 6929 6821 7179 7176 7180
3616 9 2 33 42 6755 6916 6909 7181 7182 7130
3617 9 2 33 42 6789 6910 6855 7183 7146 7184
3618 9 2 33 42 6731 6915 6880 7185 7186 7187
3619 9 2 33 42 6763 6915 6806 7188 7189 7190
3620 9 2 33 42 6775 6925 6853 7191 7192 7193
3621 9 2 33 42 6799 7115 6856 7194 7195 7196
3622 9 2 33 42 6781 6930 6844 7197 7198 7199
3623 9 2 33 42 6752 6836 7084 7200 7201 7202
3624 9 2 33 42 6738 6907 7039 7203 7204 7205
3625 9 2 33 42 6752 7084 6837 7202 7206 7207
3626 9 2 33 42 6758 6873 6842 7208 7209 7210
3627 9 2 33 42 6745 6809 7113 7211 7212 7213
3628 9 2 33 42 6757 6864 7041 7214 7215 7151
3629 9 2 33 42 623 6876 6980 7216 7217 7218
3630 9 2 33 42 6743 6821 6990 7180 7219 7220
3631 9 2 33 42 6743 6990 6977 7220 7221 7222
3632 9 2 33 42 6784 6939 6865 7223 7160 7224
3633 9 2 33 42 6733 6964 6871 7225 7226 7227
3634 9 2 33 42 6842 6873 6957 7209 7228 7229
3635 9 2 33 42 6789 6907 6910 7230 7231 7183
3636 9 2 33 42 6765 6939 6975 7161 7232 7233
3637 9 2 33 42 6742 6922 6824 7234 7235 7236
3638 9 2 33 42 6760 6839 6920 7237 7238 7239
3639 9 2 33 42 6769 6824 6922 7240 7235 7241
3640 9 2 33 42 6844 6930 6884 7198 7242 7243
3641 9 2 33 42 6818 6883 7011 7244 7245 7246
3642 9 2 33 42 6772 6842 6957 7247 7229 7248
3643 9 2 33 42 6753 6924 7051 7249 7250 7251
3644 9 2 33 42 6816 6977 6990 7252 7221 7253
3645 9 2 33 42 6753 7030 6924 7254 7255 7249
3646 9 2 33 42 6791 6980 6876 7256 7217 7257
3647 9 2 33 42 6873 6985 7021 7258 7259 7260
3648 9 2 33 42 6746 7011 6883 7261 7245 7262
3649 9 2 33 42 6808 7024 6883 7263 7264 7265
3650 9 2 33 42 6757 6910 7009 7147 7266 7267
3651 9 2 33 42 437 438 6895 486 7268 7269
3652 9 2 33 42 6764 6962 7041 7133 7270 7271
3653 9 2 33 42 6762 6882 6834 7272 7140 7168
3654 9 2 33 42 6750 6831 6890 7138 7273 7274
3655 9 2 33 42 6770 6929 6904 7275 7276 7277
3656 9 2 33 42 6804 6863 7014 7278 7279 7280
3657 9 2 33 42 6734 6972 6821 7281 7282 7283
3658 9 2 33 42 6841 6909 7125 7128 7284 7285
3659 9 2 33 42 6763 6806 6986 7190 7286 7287
3660 9 2 33 42 6771 6816 6911 7288 7289 7290
3661 9 2 33 42 6825 7035 6928 7291 7292 7163
3662 9 2 33 42 7099 6760 6877 7293 7294 7166
3663 9 2 33 42 6756 7014 6863 7295 7279 7296
3664 9 2 33 42 6761 6927 6827 7297 7298 7299
3665 9 2 33 42 7027 6903 6729 7300 7301 7302
3666 9 2 33 42 6730 6857 7036 7303 7304 7305
3667 9 2 33 42 6820 6909 6916 7306 7182 7307
3668 9 2 33 42 6761 6827 6891 7299 7308 7309
3669 9 2 33 42 6799 6874 7115 7310 7311 7194
3670 9 2 33 42 6748 6782 6823 7312 7313 7314
3671 9 2 33 42 6780 7063 6825 7315 7316 7162
3672 9 2 33 42 6807 7031 6942 7317 7318 7319
3673 9 2 33 42 6805 7036 6857 7320 7304 7321
3674 9 2 33 42 459 7018 6860 7322 7323 7134
3675 9 2 33 42 6745 6935 6809 7324 7325 7211
3676 9 2 33 42 6833 7039 6907 7326 7204 7143
3677 9 2 33 42 6800 6871 6964 7327 7226 7328
3678 9 2 33 42 6839 6903 7027 7329 7300 7330
3679 9 2 33 42 6763 6844 6884 7331 7243 7332
3680 9 2 33 42 6745 6914 6851 7333 7334 7335
3681 9 2 33 42 6770 7001 6929 7336 7177 7275
3682 9 2 33 42 6735 6885 6842 7337 7338 7339
3683 9 2 33 42 6726 6831 7093 7340 7341 7342
3684 9 2 33 42 6783 6858 6989 7343 7344 7345
3685 9 2 33 42 579 580 6865 588 7346 7347
3686 9 2 33 42 6750 7049 6968 7348 7349 7136
3687 9 2 33 42 437 6895 7074 7269 7350 7351
3688 9 2 33 42 6742 6946 6927 7352 7353 7354
3689 9 2 33 42 6753 6886 6851 7355 7356 7357
3690 9 2 33 42 6758 6842 6885 7210 7338 7358
3691 9 2 33 42 6734 6821 7001 7283 7178 7359
3692 9 2 33 42 6760 6903 6839 7360 7329 7237
3693 9 2 33 42 6747 6892 6832 7361 7362 7363
3694 9 2 33 42 6769 6972 6824 7364 7365 7240
3695 9 2 33 42 6811 6904 6929 7366 7276 7367
3696 9 2 33 42 6746 6883 7024 7262 7264 7368
3697 9 2 33 42 6726 7040 6831 7369 7370 7340
3698 9 2 33 42 6764 6830 6960 7371 7372 7373
3699 9 2 33 42 6743 6829 6931 7374 7375 7376
3700 9 2 33 42 6799 6880 6915 7377 7186 7378
3701 9 2 33 42 6793 6835 7003 7379 7380 7381
3702 9 2 33 42 6774 6923 6819 7382 7383 7384
3703 9 2 33 42 6727 6932 6877 7385 7386 7387
3704 9 2 33 42 439 440 6861 488 7388 7389
3705 9 2 33 42 6767 7103 6833 7390 7391 7142
3706 9 2 33 42 6773 7123 6830 7392 7393 7394
3707 9 2 33 42 457 6992 6926 7395 7396 7397
3708 9 2 33 42 6772 6822 7015 7398 7399 7400
3709 9 2 33 42 6773 6892 7123 7401 7402 7392
3710 9 2 33 42 6817 6975 6939 7403 7232 7404
3711 9 2 33 42 6739 6966 6836 7405 7406 7407
3712 9 2 33 42 6746 6941 6898 7408 7409 7410
3713 9 2 33 42 6734 7020 6923 7411 7412 7413
3714 9 2 33 42 6770 6978 6834 7414 7415 7139
3715 9 2 33 42 6886 7051 6932 7416 7417 7418
3716 9 2 33 42 622 6876 623 7419 7216 646
3717 9 2 33 42 6747 6832 6944 7363 7420 7421
3718 9 2 33 42 6831 6982 7093 7422 7423 7341
3719 9 2 33 42 6822 7051 6924 7424 7250 7425
3720 9 2 33 42 6824 6923 6946 7426 7427 7428
3721 9 2 33 42 6740 6853 6925 7429 7192 7430
3722 9 2 33 42 563 6891 564 7173 7431 572
3723 9 2 33 42 6792 6838 6951 7432 7433 7434
3724 9 2 33 42 445 446 6879 494 7435 7436
3725 9 2 33 42 6849 7107 6928 7437 7438 7439
3726 9 2 33 42 6768 6840 6934 7440 7441 7442
3727 9 2 33 42 6748 6998 6850 7443 7444 7445
3728 9 2 33 42 6741 6989 6858 7446 7344 7447
3729 9 2 33 42 6743 6977 6829 7222 7448 7374
3730 9 2 33 42 6774 6943 6827 7449 7450 7451
3731 9 2 33 42 6737 6817 6939 7452 7404 7453
3732 9 2 33 42 6776 7125 6909 7454 7284 7455
3733 9 2 33 42 6742 6824 6946 7236 7428 7352
3734 9 2 33 42 6732 6999 6850 7456 7457 7458
3735 9 2 33 42 6762 6828 7059 7459 7460 7461
3736 9 2 33 42 6775 6861 6925 7462 7463 7191
3737 9 2 33 42 6777 6838 6952 7464 7465 7466
3738 9 2 33 42 6782 6899 6823 7467 7468 7313
3739 9 2 33 42 6776 6925 6861 7469 7463 7470
3740 9 2 33 42 6738 6910 6907 7471 7231 7203
3741 9 2 33 42 6761 6891 6902 7309 7172 7472
3742 9 2 33 42 6809 6956 7113 7473 7474 7212
3743 9 2 33 42 6780 6928 7107 7164 7438 7475
3744 9 2 33 42 6801 6960 7012 7476 7477 7478
3745 9 2 33 42 6727 6837 6974 7479 7480 7481
3746 9 2 33 42 6751 6942 7031 7482 7318 7483
3747 9 2 33 42 6777 6952 6820 7466 7484 7485
3748 9 2 33 42 6811 6931 6945 7486 7487 7488
3749 9 2 33 42 6754 6853 6948 7489 7490 7491
3750 9 2 33 42 6910 7077 7009 7492 7493 7266
3751 9 2 33 42 469 6901 6868 7494 7495 7496
3752 9 2 33 42 624 6848 7065 7497 7498 7499
3753 9 2 33 42 6774 6819 6913 7384 7500 7501
3754 9 2 33 42 624 6980 6848 7502 7503 7497
3755 9 2 33 42 565 6943 6913 7504 7505 7506
3756 9 2 33 42 6802 6905 6922 7507 7508 7509
3757 9 2 33 42 6804 7112 6863 7510 7511 7278
3758 9 2 33 42 6729 6832 7033 7512 7513 7514
3759 9 2 33 42 6727 6886 6932 7515 7418 7385
3760 9 2 33 42 6785 7021 6985 7516 7259 7517
3761 9 2 33 42 6771 6977 6816 7518 7252 7288
3762 9 2 33 42 561 6906 6850 7519 7520 7521
3763 9 2 33 42 473 474 6917 522 7522 7523
3764 9 2 33 42 6753 6851 6914 7357 7334 7524
3765 9 2 33 42 6745 6845 6935 7525 7526 7324
3766 9 2 33 42 6727 7022 6837 7527 7528 7479
3767 9 2 33 42 567 6875 6900 7529 7155 7530
3768 9 2 33 42 6796 6872 7031 7531 7532 7533
3769 9 2 33 42 6763 6986 6844 7287 7534 7331
3770 9 2 33 42 6828 6875 7059 7156 7535 7460
3771 9 2 33 42 456 457 6926 505 7397 7536
3772 9 2 33 42 562 7032 6815 7537 7538 7148
3773 9 2 33 42 6813 7104 6863 7539 7540 7541
3774 9 2 33 42 6730 6984 6857 7542 7543 7303
3775 9 2 33 42 6761 6835 6927 7544 7545 7297
3776 9 2 33 42 6734 6824 6972 7546 7365 7281
3777 9 2 33 42 6778 6945 6931 7547 7487 7548
3778 9 2 33 42 429 430 6888 478 7549 7550
3779 9 2 33 42 630 6874 631 7551 7552 654
3780 9 2 33 42 6774 6946 6923 7553 7427 7382
3781 9 2 33 42 6805 6857 6914 7321 7554 7555
3782 9 2 33 42 6777 6820 6954 7485 7556 7557
3783 9 2 33 42 6783 6953 6858 7558 7559 7343
3784 9 2 33 42 6772 6932 6822 7560 7561 7398
3785 9 2 33 42 6812 7101 7041 7562 7152 7563
3786 9 2 33 42 6734 6923 6824 7413 7426 7546
3787 9 2 33 42 6790 7057 6839 7564 7565 7566
3788 9 2 33 42 6807 6898 6941 7567 7409 7568
3789 9 2 33 42 583 584 6869 592 7569 7570
3790 9 2 33 42 468 469 6868 517 7496 7571
3791 9 2 33 42 6820 6952 7054 7484 7572 7573
3792 9 2 33 42 6774 6913 6943 7501 7505 7449
3793 9 2 33 42 6792 7013 6838 7574 7575 7432
3794 9 2 33 42 7023 6771 6935 7576 7577 7578
3795 9 2 33 42 6819 6875 6913 7579 7580 7500
3796 9 2 33 42 6739 6829 7023 7581 7582 7583
3797 9 2 33 42 6801 7034 6878 7584 7174 7585
3798 9 2 33 42 6791 7006 6848 7586 7587 7588
3799 9 2 33 42 562 6902 563 7150 7171 571
3800 9 2 33 42 6877 6932 7062 7386 7589 7590
3801 9 2 33 42 6777 7028 6847 7591 7592 7593
3802 9 2 33 42 6771 7023 6977 7576 7594 7518
3803 9 2 33 42 6769 6990 6972 7595 7596 7364
3804 9 2 33 42 6775 6853 7007 7193 7597 7598
3805 9 2 33 42 6737 6953 6817 7599 7600 7452
3806 9 2 33 42 6793 7053 6835 7601 7602 7379
3807 9 2 33 42 6752 6848 7006 7603 7587 7604
3808 9 2 33 42 469 470 6901 518 7605 7494
3809 9 2 33 42 619 6904 620 7606 7607 643
3810 9 2 33 42 6777 6987 6838 7608 7609 7464
3811 9 2 33 42 6739 6836 7002 7407 7610 7611
3812 9 2 33 42 6728 6951 6838 7612 7433 7613
3813 9 2 33 42 6780 6870 7063 7614 7615 7315
3814 9 2 33 42 6736 6846 6957 7616 7617 7618
3815 9 2 33 42 6728 7003 7019 7619 7620 7621
3816 9 2 33 42 6748 6850 6906 7445 7520 7622
3817 9 2 33 42 6764 6947 6830 7623 7624 7371
3818 9 2 33 42 6845 7023 6935 7625 7578 7526
3819 9 2 33 42 6831 6968 6982 7137 7626 7422
3820 9 2 33 42 6827 6927 6946 7298 7353 7627
3821 9 2 33 42 6774 6827 6946 7451 7627 7553
3822 9 2 33 42 6769 6922 6905 7241 7508 7628
3823 9 2 33 42 6827 6943 6891 7450 7629 7308
3824 9 2 33 42 6759 6982 6968 7630 7626 7631
3825 9 2 33 42 6740 6952 7013 7632 7633 7634
3826 9 2 33 42 6829 6977 7023 7448 7594 7582
3827 9 2 33 42 6787 6857 6984 7635 7543 7636
3828 9 2 33 42 6745 6958 6845 7637 7638 7525
3829 9 2 33 42 6735 6842 7015 7339 7639 7640
3830 9 2 33 42 6739 7071 6829 7641 7642 7581
3831 9 2 33 42 6819 6923 7020 7383 7412 7643
3832 9 2 33 42 6784 6881 6996 7644 7645 7646
3833 9 2 33 42 6747 7012 6960 7647 7477 7648
3834 9 2 33 42 6770 6882 7001 7141 7649 7336
3835 9 2 33 42 6736 6873 7021 7650 7260 7651
3836 9 2 33 42 6729 7091 6832 7652 7653 7512
3837 9 2 33 42 6740 7054 6952 7654 7572 7632
3838 9 2 33 42 6777 6847 6987 7593 7655 7608
3839 9 2 33 42 463 6962 6878 7656 7132 7157
3840 9 2 33 42 6789 6855 6959 7184 7657 7658
3841 9 2 33 42 6849 6928 7083 7439 7659 7660
3842 9 2 33 42 6768 6879 6883 7661 7662 7663
3843 9 2 33 42 6834 7069 6912 7664 7665 7169
3844 9 2 33 42 6772 7015 6842 7400 7639 7247
3845 9 2 33 42 6732 6850 6998 7458 7444 7666
3846 9 2 33 42 6821 6972 6990 7282 7596 7219
3847 9 2 33 42 6831 7040 6890 7370 7667 7273
3848 9 2 33 42 7116 6859 6810 7668 7669 7670
3849 9 2 33 42 6814 6938 6989 7671 7672 7673
3850 9 2 33 42 6778 6894 6876 7674 7675 7676
3851 9 2 33 42 7089 6919 6766 7677 7678 7679
3852 9 2 33 42 6753 6914 6857 7524 7554 7680
3853 9 2 33 42 6792 6948 6853 7681 7490 7682
3854 9 2 33 42 6745 7113 6914 7213 7683 7333
3855 9 2 33 42 6835 7019 7003 7684 7620 7380
3856 9 2 33 42 6872 7088 7031 7685 7686 7532
3857 9 2 33 42 6783 6938 7109 7687 7688 7689
3858 9 2 33 42 6786 7008 6889 7690 7691 7692
3859 9 2 33 42 6754 6889 7008 7693 7691 7694
3860 9 2 33 42 6781 7039 6833 7695 7326 7696
3861 9 2 33 42 6791 6848 6980 7588 7503 7256
3862 9 2 33 42 6808 6883 6879 7265 7662 7697
3863 9 2 33 42 6756 6863 7104 7296 7540 7698
3864 9 2 33 42 6791 6876 6894 7257 7675 7699
3865 9 2 33 42 446 7047 6879 7700 7701 7435
3866 9 2 33 42 6736 6970 6846 7702 7703 7616
3867 9 2 33 42 566 6913 6875 7704 7580 7705
3868 9 2 33 42 6832 6892 7033 7362 7706 7513
3869 9 2 33 42 6781 6973 6843 7707 7708 7709
3870 9 2 33 42 458 6860 6992 7135 7710 7711
3871 9 2 33 42 6809 6935 6911 7325 7712 7713
3872 9 2 33 42 581 582 6881 590 7714 7715
3873 9 2 33 42 6766 6996 6881 7716 7645 7717
3874 9 2 33 42 6804 6903 6970 7718 7719 7720
3875 9 2 33 42 631 6884 632 7721 7722 655
3876 9 2 33 42 6754 7007 6853 7723 7597 7489
3877 9 2 33 42 6745 6851 6958 7335 7724 7637
3878 9 2 33 42 6733 6871 6954 7227 7725 7726
3879 9 2 33 42 6781 6844 7039 7199 7727 7695
3880 9 2 33 42 6767 6965 7103 7728 7729 7390
3881 9 2 33 42 567 6900 6961 7530 7730 7731
3882 9 2 33 42 6752 7055 6848 7732 7733 7603
3883 9 2 33 42 631 6874 7075 7552 7734 7735
3884 9 2 33 42 6762 6912 6828 7170 7736 7459
3885 9 2 33 42 6783 7109 6917 7689 7737 7738
3886 9 2 33 42 6763 7100 6915 7739 7740 7188
3887 9 2 33 42 6739 7023 6845 7583 7625 7741
3888 9 2 33 42 6748 6906 6782 7622 7742 7312
3889 9 2 33 42 6798 6860 7018 7743 7323 7744
3890 9 2 33 42 6837 7022 7052 7528 7745 7746
3891 9 2 33 42 6758 7107 6849 7747 7437 7748
3892 9 2 33 42 6766 6881 6933 7717 7749 7750
3893 9 2 33 42 460 461 6887 509 7751 7752
3894 9 2 33 42 6847 7003 6987 7753 7754 7655
3895 9 2 33 42 6838 7013 6952 7575 7633 7465
3896 9 2 33 42 6799 6856 7048 7196 7755 7756
3897 9 2 33 42 6783 6989 6938 7345 7672 7687
3898 9 2 33 42 6829 7071 6931 7642 7757 7375
3899 9 2 33 42 6777 6871 7028 7758 7759 7591
3900 9 2 33 42 7003 6728 6987 7619 7760 7754
3901 9 2 33 42 6770 6904 6978 7277 7761 7414
3902 9 2 33 42 6859 7029 6810 7762 7763 7669
3903 9 2 33 42 474 7106 6917 7764 7765 7522
3904 9 2 33 42 6755 6866 6916 7766 7767 7181
3905 9 2 33 42 6764 7041 6947 7271 7768 7623
3906 9 2 33 42 6813 6926 6992 7769 7396 7770
3907 9 2 33 42 6773 6830 6969 7394 7771 7772
3908 9 2 33 42 6781 6843 6950 7709 7773 7774
3909 9 2 33 42 463 464 6962 512 7775 7656
3910 9 2 33 42 6813 6863 7068 7541 7776 7777
3911 9 2 33 42 6768 7038 6840 7778 7779 7440
3912 9 2 33 42 6761 7066 6835 7780 7781 7544
3913 9 2 33 42 566 6875 567 7705 7529 575
3914 9 2 33 42 6773 6880 6993 7782 7783 7784
3915 9 2 33 42 565 6913 566 7506 7704 574
3916 9 2 33 42 620 6904 7086 7607 7785 7786
3917 9 2 33 42 6819 7059 6875 7787 7535 7579
3918 9 2 33 42 440 6937 6861 7788 7789 7388
3919 9 2 33 42 6765 6936 6865 7790 7791 7159
3920 9 2 33 42 6790 6981 7057 7792 7793 7564
3921 9 2 33 42 6808 6918 7024 7794 7795 7263
3922 9 2 33 42 561 6850 7032 7521 7796 7797
3923 9 2 33 42 6757 7101 6855 7153 7798 7145
3924 9 2 33 42 6815 6850 6999 7799 7457 7800
3925 9 2 33 42 6788 6862 7016 7801 7802 7803
3926 9 2 33 42 6788 7026 6862 7804 7805 7801
3927 9 2 33 42 6903 7099 6970 7806 7807 7719
3928 9 2 33 42 6747 6944 7012 7421 7808 7647
3929 9 2 33 42 6855 7082 6959 7809 7810 7657
3930 9 2 33 42 6783 6917 6953 7738 7811 7558
3931 9 2 33 42 631 7075 6884 7735 7812 7721
3932 9 2 33 42 579 6865 6936 7347 7791 7813
3933 9 2 33 42 564 6891 6943 7431 7629 7814
3934 9 2 33 42 435 436 6897 484 7815 7816
3935 9 2 33 42 468 6868 6959 7571 7817 7818
3936 9 2 33 42 6734 7001 6882 7359 7649 7819
3937 9 2 33 42 6784 6996 6939 7646 7820 7223
3938 9 2 33 42 6840 7078 6934 7821 7822 7441
3939 9 2 33 42 6728 6838 6987 7613 7609 7760
3940 9 2 33 42 445 6879 6934 7436 7823 7824
3941 9 2 33 42 439 6861 6997 7389 7825 7826
3942 9 2 33 42 6826 7074 6895 7827 7350 7828
3943 9 2 33 42 6790 6839 7027 7566 7330 7829
3944 9 2 33 42 6817 6953 6917 7600 7811 7830
3945 9 2 33 42 6777 6954 6871 7557 7725 7758
3946 9 2 33 42 6781 6833 6973 7696 7831 7707
3947 9 2 33 42 6755 7038 6866 7832 7833 7766
3948 9 2 33 42 6866 7111 6916 7834 7835 7767
3949 9 2 33 42 431 432 6899 480 7836 7837
3950 9 2 33 42 6739 6845 6966 7741 7838 7405
3951 9 2 33 42 6773 6867 7033 7839 7840 7841
3952 9 2 33 42 6851 7114 6958 7842 7843 7724
3953 9 2 33 42 6802 6922 6995 7509 7844 7845
3954 9 2 33 42 560 6906 561 7846 7519 569
3955 9 2 33 42 6787 7030 6857 7847 7848 7635
3956 9 2 33 42 6771 6911 6935 7290 7712 7577
3957 9 2 33 42 6896 6919 7089 7849 7677 7850
3958 9 2 33 42 449 6872 7017 7851 7852 7853
3959 9 2 33 42 6836 6966 7084 7406 7854 7201
3960 9 2 33 42 6785 6854 6967 7855 7856 7857
3961 9 2 33 42 6773 6969 6880 7772 7858 7782
3962 9 2 33 42 6741 6858 7025 7447 7859 7860
3963 9 2 33 42 6752 6837 7052 7207 7746 7861
3964 9 2 33 42 6869 6949 7089 7862 7863 7864
3965 9 2 33 42 6786 6908 6955 7865 7866 7867
3966 9 2 33 42 465 466 6940 514 7868 7869
3967 9 2 33 42 624 7065 625 7499 7870 648
3968 9 2 33 42 6785 6985 6854 7517 7871 7855
3969 9 2 33 42 6731 6864 7087 7872 7873 7874
3970 9 2 33 42 6735 7015 6924 7640 7875 7876
3971 9 2 33 42 6799 7100 6874 7877 7878 7310
3972 9 2 33 42 580 6971 6865 7879 7880 7346
3973 9 2 33 42 433 434 6908 482 7881 7882
3974 9 2 33 42 449 7070 6872 7883 7884 7851
3975 9 2 33 42 6807 6941 7031 7568 7885 7317
3976 9 2 33 42 6730 6862 7026 7886 7805 7887
3977 9 2 33 42 6733 6916 7111 7888 7835 7889
3978 9 2 33 42 455 456 6967 504 7890 7891
3979 9 2 33 42 6752 7006 6836 7604 7892 7200
3980 9 2 33 42 6778 6876 7056 7676 7893 7894
3981 9 2 33 42 6758 6985 6873 7895 7258 7208
3982 9 2 33 42 6864 6947 7041 7896 7768 7215
3983 9 2 33 42 6794 6843 7025 7897 7898 7899
3984 9 2 33 42 6797 7052 7022 7900 7745 7901
3985 9 2 33 42 564 6943 565 7814 7504 573
3986 9 2 33 42 6880 7048 6993 7902 7903 7783
3987 9 2 33 42 6758 6885 7107 7358 7904 7747
3988 9 2 33 42 6768 6934 6879 7442 7823 7661
3989 9 2 33 42 6732 6948 6988 7905 7906 7907
3990 9 2 33 42 6756 6944 7014 7908 7909 7295
3991 9 2 33 42 6808 6879 7047 7697 7701 7910
3992 9 2 33 42 6818 7096 6883 7911 7912 7244
3993 9 2 33 42 6734 6882 7020 7819 7913 7411
3994 9 2 33 42 6750 6890 7000 7274 7914 7915
3995 9 2 33 42 6796 7017 6872 7916 7852 7531
3996 9 2 33 42 6798 7012 6944 7917 7808 7918
3997 9 2 33 42 6733 6954 6916 7726 7919 7888
3998 9 2 33 42 6786 6955 6897 7867 7920 7921
3999 9 2 33 42 6743 6931 6929 7376 7922 7179
4000 9 2 33 42 438 6997 6895 7923 7924 7268
4001 9 2 33 42 6839 7057 6920 7565 7925 7238
4002 9 2 33 42 6801 7012 6887 7478 7926 7927
4003 9 2 33 42 447 448 6918 496 7928 7929
4004 9 2 33 42 6846 6877 7062 7167 7590 7930
4005 9 2 33 42 6758 6849 7119 7748 7931 7932
4006 9 2 33 42 6731 6947 6864 7933 7896 7872
4007 9 2 33 42 6764 6960 7058 7373 7934 7935
4008 9 2 33 42 616 6912 617 7936 7937 640
4009 9 2 33 42 560 6782 6906 7938 7742 7846
4010 9 2 33 42 6750 7000 7028 7915 7939 7940
4011 9 2 33 42 6742 6995 6922 7941 7844 7234
4012 9 2 33 42 629 6856 7115 7942 7195 7943
4013 9 2 33 42 6847 7028 7000 7592 7939 7944
4014 9 2 33 42 6779 6958 7114 7945 7843 7946
4015 9 2 33 42 633 6950 634 7947 7948 657
4016 9 2 33 42 6779 7084 6966 7949 7854 7950
4017 9 2 33 42 6739 6894 7071 7951 7952 7641
4018 9 2 33 42 635 6896 636 7953 7954 659
4019 9 2 33 42 583 6869 6933 7570 7955 7956
4020 9 2 33 42 6796 7024 6918 7957 7795 7958
4021 9 2 33 42 6754 6826 7007 7959 7960 7723
4022 9 2 33 42 456 6926 6967 7536 7961 7890
4023 9 2 33 42 6778 6931 7071 7548 7757 7962
4024 9 2 33 42 628 7029 6859 7963 7762 7964
4025 9 2 33 42 6812 7041 6962 7563 7270 7965
4026 9 2 33 42 6731 6880 6969 7187 7858 7966
4027 9 2 33 42 6811 6929 6931 7367 7922 7486
4028 9 2 33 42 6776 6861 6937 7470 7789 7967
4029 9 2 33 42 6741 7025 6973 7860 7968 7969
4030 9 2 33 42 6789 6868 7108 7970 7971 7972
4031 9 2 33 42 6754 6948 6889 7491 7973 7693
4032 9 2 33 42 6780 7072 6870 7974 7975 7614
4033 9 2 33 42 6730 7036 6862 7305 7976 7886
4034 9 2 33 42 634 6950 6991 7948 7977 7978
4035 9 2 33 42 614 6900 615 7979 7980 638
4036 9 2 33 42 460 6887 7018 7752 7981 7982
4037 9 2 33 42 634 6991 635 7978 7983 658
4038 9 2 33 42 6765 6852 6936 7984 7985 7790
4039 9 2 33 42 6792 6988 6948 7986 7906 7681
4040 9 2 33 42 451 452 6928 500 7987 7988
4041 9 2 33 42 466 7082 6940 7989 7990 7868
4042 9 2 33 42 6794 6919 6896 7991 7849 7992
4043 9 2 33 42 628 6859 7037 7964 7993 7994
4044 9 2 33 42 6763 6874 7100 7995 7878 7739
4045 9 2 33 42 6754 7008 6826 7694 7996 7959
4046 9 2 33 42 6822 6924 7015 7425 7875 7399
4047 9 2 33 42 6787 6942 7095 7997 7998 7999
4048 9 2 33 42 6753 6857 7030 7680 7848 7254
4049 9 2 33 42 6843 6991 6950 8000 7977 7773
4050 9 2 33 42 6794 6991 6843 8001 8000 7897
4051 9 2 33 42 6763 6884 7075 7332 7812 8002
4052 9 2 33 42 6775 6997 6861 8003 7825 7462
4053 9 2 33 42 581 6881 6971 7715 8004 8005
4054 9 2 33 42 6794 6858 7118 8006 8007 8008
4055 9 2 33 42 6773 7033 6892 7841 7706 7401
4056 9 2 33 42 6768 7096 7038 8009 8010 7778
4057 9 2 33 42 6791 6894 7002 7699 8011 8012
4058 9 2 33 42 6789 6959 6868 7658 7817 7970
4059 9 2 33 42 6790 7027 6867 7829 8013 8014
4060 9 2 33 42 6862 7073 7090 8015 8016 8017
4061 9 2 33 42 6757 7009 6864 7267 8018 7214
4062 9 2 33 42 6804 7091 6903 8019 8020 7718
4063 9 2 33 42 629 7037 6856 8021 8022 7942
4064 9 2 33 42 438 439 6997 487 7826 7923
4065 9 2 33 42 6856 7110 7048 8023 8024 7755
4066 9 2 33 42 6820 7054 6909 7573 8025 7306
4067 9 2 33 42 6729 6903 7091 7301 8020 7652
4068 9 2 33 42 6727 6877 7022 7387 8026 7527
4069 9 2 33 42 6792 6853 7013 7682 8027 7574
4070 9 2 33 42 440 441 6937 489 8028 7788
4071 9 2 33 42 6826 6895 7007 7828 8029 7960
4072 9 2 33 42 444 445 6934 493 7824 8030
4073 9 2 33 42 6772 6957 7062 7248 8031 8032
4074 9 2 33 42 6732 6889 6948 8033 7973 7905
4075 9 2 33 42 6773 6993 6867 7784 8034 7839
4076 9 2 33 42 6733 7111 7080 7889 8035 8036
4077 9 2 33 42 6736 6957 6873 7618 7228 7650
4078 9 2 33 42 6759 6956 6982 8037 8038 7630
4079 9 2 33 42 6776 6909 7054 7455 8025 8039
4080 9 2 33 42 6749 6993 7048 8040 7903 8041
4081 9 2 33 42 6807 6942 6984 7319 8042 8043
4082 9 2 33 42 6832 7014 6944 8044 7909 7420
4083 9 2 33 42 6787 7095 7005 7999 8045 8046
4084 9 2 33 42 578 579 6936 587 7813 8047
4085 9 2 33 42 461 7034 6887 8048 8049 7751
4086 9 2 33 42 6759 7090 7073 8050 8016 8051
4087 9 2 33 42 6740 7013 6853 7634 8027 7429
4088 9 2 33 42 635 6991 7117 7983 8052 8053
4089 9 2 33 42 6789 7108 6907 7972 8054 7230
4090 9 2 33 42 6808 7047 6918 7910 8055 7794
4091 9 2 33 42 6800 6968 7049 8056 7349 8057
4092 9 2 33 42 6753 7051 6886 7251 7416 7355
4093 9 2 33 42 6868 6901 7108 7495 8058 7971
4094 9 2 33 42 6749 7048 7110 8041 8024 8059
4095 9 2 33 42 6733 7080 6964 8036 8060 7225
4096 9 2 33 42 6794 7025 6858 7899 7859 8006
4097 9 2 33 42 6798 7064 6860 8061 8062 7743
4098 9 2 33 42 6729 7033 7027 7514 8063 7302
4099 9 2 33 42 467 468 6959 516 7818 8064
4100 9 2 33 42 6761 6902 6979 7472 8065 8066
4101 9 2 33 42 6805 6914 7113 7555 7683 8067
4102 9 2 33 42 6811 7086 6904 8068 7785 7366
4103 9 2 33 42 6786 6889 7061 7692 8069 8070
4104 9 2 33 42 6735 7005 6870 8071 8072 8073
4105 9 2 33 42 6795 6979 6999 8074 8075 8076
4106 9 2 33 42 6798 7018 6887 7744 7981 8077
4107 9 2 33 42 6735 6870 7072 8073 7975 8078
4108 9 2 33 42 6815 6979 6902 8079 8065 7149
4109 9 2 33 42 6797 6893 7052 8080 8081 7900
4110 9 2 33 42 632 6930 633 8082 8083 656
4111 9 2 33 42 6768 6883 7096 7663 7912 8009
4112 9 2 33 42 632 6884 6930 7722 7242 8082
4113 9 2 33 42 6801 6878 7058 7585 8084 8085
4114 9 2 33 42 6822 6932 7051 7561 7417 7424
4115 9 2 33 42 580 581 6971 589 8005 7879
4116 9 2 33 42 6800 7049 6871 8057 8086 7327
4117 9 2 33 42 6776 7054 6925 8039 8087 7469
4118 9 2 33 42 6866 7038 7096 7833 8010 8088
4119 9 2 33 42 6803 7092 6921 8089 8090 8091
4120 9 2 33 42 6781 6950 6930 7774 8092 7197
4121 9 2 33 42 6864 7009 7087 8018 8093 7873
4122 9 2 33 42 6752 7052 6893 7861 8081 8094
4123 9 2 33 42 6846 7062 6957 7930 8031 7617
4124 9 2 33 42 560 6888 6782 8095 8096 7938
4125 9 2 33 42 6801 6887 7034 7927 8049 7584
4126 9 2 33 42 6737 6939 6996 7453 7820 8097
4127 9 2 33 42 6816 7098 6911 8098 8099 7289
4128 9 2 33 42 6762 7020 6882 8100 7913 7272
4129 9 2 33 42 447 6918 7047 7929 8055 8101
4130 9 2 33 42 622 7056 6876 8102 7893 7419
4131 9 2 33 42 618 6978 619 8103 8104 642
4132 9 2 33 42 6779 6966 6958 7950 8105 7945
4133 9 2 33 42 449 450 7070 498 8106 7883
4134 9 2 33 42 448 449 7017 497 7853 8107
4135 9 2 33 42 6809 6982 6956 8108 8038 7473
4136 9 2 33 42 629 7115 630 7943 8109 653
4137 9 2 33 42 6763 7075 6874 8002 7734 7995
4138 9 2 33 42 630 7115 6874 8109 7311 7551
4139 9 2 33 42 6786 7060 6908 8110 8111 7865
4140 9 2 33 42 619 6978 6904 8104 7761 7606
4141 9 2 33 42 6790 6867 7094 8014 8112 8113
4142 9 2 33 42 6726 6905 7040 8114 8115 7369
4143 9 2 33 42 6735 7072 6885 8078 8116 7337
4144 9 2 33 42 6738 7039 6986 7205 8117 8118
4145 9 2 33 42 6775 6895 6997 8119 7924 8003
4146 9 2 33 42 6737 6996 6919 8097 8120 8121
4147 9 2 33 42 616 7121 6912 8122 8123 7936
4148 9 2 33 42 582 6933 6881 8124 7749 7714
4149 9 2 33 42 6860 7104 6992 8125 8126 7710
4150 9 2 33 42 6851 6886 7114 7356 8127 7842
4151 9 2 33 42 451 6928 7035 7988 7292 8128
4152 9 2 33 42 6727 6974 6886 7481 8129 7515
4153 9 2 33 42 6830 6947 6969 7624 8130 7771
4154 9 2 33 42 435 6897 6955 7816 7920 8131
4155 9 2 33 42 474 475 7106 523 8132 7764
4156 9 2 33 42 6847 7000 7003 7944 8133 7753
4157 9 2 33 42 6820 6916 6954 7307 7919 7556
4158 9 2 33 42 6843 6973 7025 7708 7968 7898
4159 9 2 33 42 470 6983 6901 8134 8135 7605
4160 9 2 33 42 582 583 6933 591 7956 8124
4161 9 2 33 42 434 435 6955 483 8131 8136
4162 9 2 33 42 6813 6992 7104 7770 8126 7539
4163 9 2 33 42 6739 7002 6894 7611 8011 7951
4164 9 2 33 42 623 6980 624 7218 7502 647
4165 9 2 33 42 620 7086 621 7786 8137 644
4166 9 2 33 42 621 7056 622 8138 8102 645
4167 9 2 33 42 617 6912 7069 7937 7665 8139
4168 9 2 33 42 6788 7011 6898 8140 8141 8142
4169 9 2 33 42 6807 6984 7081 8043 8143 8144
4170 9 2 33 42 6747 7123 6892 8145 7402 7361
4171 9 2 33 42 6766 6933 6869 7750 7955 8146
4172 9 2 33 42 6778 7056 6945 7894 8147 7547
4173 9 2 33 42 6786 6897 7008 7921 8148 7690
4174 9 2 33 42 6772 7062 6932 8032 7589 7560
4175 9 2 33 42 627 7029 628 8149 7963 651
4176 9 2 33 42 6792 6951 6988 7434 8150 7986
4177 9 2 33 42 6746 6898 7011 7410 8141 7261
4178 9 2 33 42 471 472 7085 520 8151 8152
4179 9 2 33 42 6867 7027 7033 8013 8063 7840
4180 9 2 33 42 453 454 6976 502 8153 8154
4181 9 2 33 42 436 7074 6897 8155 8156 7815
4182 9 2 33 42 430 6963 6888 8157 8158 7549
4183 9 2 33 42 6802 7040 6905 8159 8115 7507
4184 9 2 33 42 6845 6958 6966 7638 8105 7838
4185 9 2 33 42 444 6934 7078 8030 7822 8160
4186 9 2 33 42 6872 7070 7088 7884 8161 7685
4187 9 2 33 42 6748 6823 7060 7314 8162 8163
4188 9 2 33 42 6858 6953 7118 7559 8164 8007
4189 9 2 33 42 628 7037 629 7994 8021 652
4190 9 2 33 42 6797 7097 6893 8165 8166 8080
4191 9 2 33 42 6796 6918 7017 7958 8167 7916
4192 9 2 33 42 584 6949 6869 8168 7862 7569
4193 9 2 33 42 6767 7108 6901 8169 8058 8170
4194 9 2 33 42 6760 7042 6877 8171 8172 7294
4195 9 2 33 42 452 7083 6928 8173 7659 7987
4196 9 2 33 42 626 7105 627 8174 8175 650
4197 9 2 33 42 6855 6940 7082 8176 7990 7809
4198 9 2 33 42 6752 6893 7055 8094 8177 7732
4199 9 2 33 42 6766 6919 6996 7678 8120 7716
4200 9 2 33 42 6794 7118 6919 8008 8178 7991
4201 9 2 33 42 6765 7067 6852 8179 8180 7984
4202 9 2 33 42 470 471 6983 519 8181 8134
4203 9 2 33 42 636 6896 7089 7954 7850 8182
4204 9 2 33 42 6815 7032 6850 7538 7796 7799
4205 9 2 33 42 457 458 6992 506 7711 7395
4206 9 2 33 42 6798 6887 7012 8077 7926 7917
4207 9 2 33 42 6764 7058 6878 7935 8084 7131
4208 9 2 33 42 6793 7003 7000 7381 8133 8183
4209 9 2 33 42 12 577 7010 585 8184 8185
4210 9 2 33 42 6791 7002 7006 8012 8186 7586
4211 9 2 33 42 430 431 6963 479 8187 8157
4212 9 2 33 42 16 6949 584 8188 8168 593
4213 9 2 33 42 434 6955 6908 8136 7866 7881
4214 9 2 33 42 561 7032 562 7797 7537 570
4215 9 2 33 42 442 443 6994 491 8189 8190
4216 9 2 33 42 441 7044 6937 8191 8192 8028
4217 9 2 33 42 6778 7071 6894 7962 7952 7674
4218 9 2 33 42 6784 6865 6971 7224 7880 8193
4219 9 2 33 42 6806 7009 7077 8194 7493 8195
4220 9 2 33 42 6835 7053 6927 7602 8196 7545
4221 9 2 33 42 6785 6967 6926 7857 7961 8197
4222 9 2 33 42 6825 7088 7070 8198 8161 8199
4223 9 2 33 42 467 6959 7082 8064 7810 8200
4224 9 2 33 42 433 6908 7043 7882 8201 8202
4225 9 2 33 42 6742 6927 7053 7354 8196 8203
4226 9 2 33 42 6795 7066 6979 8204 8205 8074
4227 9 2 33 42 6814 6989 6965 7673 8206 8207
4228 9 2 33 42 636 7089 6949 8182 7863 8208
4229 9 2 33 42 473 6917 7109 7523 7737 8209
4230 9 2 33 42 6726 6911 7098 8210 8099 8211
4231 9 2 33 42 626 6921 7105 8212 8213 8174
4232 9 2 33 42 6760 7099 6903 7293 7806 7360
4233 9 2 33 42 633 6930 6950 8083 8092 7947
4234 9 2 33 42 472 6938 7085 8214 8215 8151
4235 9 2 33 42 6854 6976 7120 8216 8217 8218
4236 9 2 33 42 6784 6971 6881 8193 8004 7644
4237 9 2 33 42 6787 7005 6924 8046 8219 8220
4238 9 2 33 42 621 6945 7056 8221 8147 8138
4239 9 2 33 42 6728 7019 6951 7621 8222 7612
4240 9 2 33 42 6815 6999 6979 7800 8075 8079
4241 9 2 33 42 6731 6969 6947 7966 8130 7933
4242 9 2 33 42 6802 7076 6890 8223 8224 8225
4243 9 2 33 42 6844 6986 7039 7534 8117 7727
4244 9 2 33 42 6890 7076 7000 8224 8226 7914
4245 9 2 33 42 6794 6896 7117 7992 8227 8228
4246 9 2 33 42 465 6940 7050 7869 8229 8230
4247 9 2 33 42 618 7069 6978 8231 8232 8103
4248 9 2 33 42 459 460 7018 508 7982 7322
4249 9 2 33 42 6799 7048 6880 7756 7902 7377
4250 9 2 33 42 6802 6890 7040 8225 7667 8159
4251 9 2 33 42 6787 6924 7030 8220 7255 7847
4252 9 2 33 42 6775 7007 6895 7598 8029 8119
4253 9 2 33 42 625 7046 626 8233 8234 649
4254 9 2 33 42 475 6975 7106 8235 8236 8132
4255 9 2 33 42 6840 6994 7078 8237 8238 7821
4256 9 2 33 42 6726 7093 6911 7342 8239 8210
4257 9 2 33 42 6854 6985 7119 7871 8240 8241
4258 9 2 33 42 432 7043 6899 8242 8243 7836
4259 9 2 33 42 6788 6898 7026 8142 8244 7804
4260 9 2 33 42 448 7017 6918 8107 8167 7928
4261 9 2 33 42 6817 6917 7106 7830 7765 8245
4262 9 2 33 42 453 6976 7083 8154 8246 8247
4263 9 2 33 42 6834 6978 7069 7415 8232 7664
4264 9 2 33 42 15 6961 614 8248 8249 637
4265 9 2 33 42 6836 7006 7002 7892 8186 7610
4266 9 2 33 42 6735 6924 7005 7876 8219 8071
4267 9 2 33 42 6828 6912 7121 7736 8123 8250
4268 9 2 33 42 615 6900 7121 7980 8251 8252
4269 9 2 33 42 6848 7055 7065 7733 8253 7498
4270 9 2 33 42 6758 7119 6985 7932 8240 7895
4271 9 2 33 42 475 476 7067 524 8254 8255
4272 9 2 33 42 6737 7118 6953 8256 8164 7599
4273 9 2 33 42 461 462 7034 510 7175 8048
4274 9 2 33 42 6859 7116 7004 7668 8257 8258
4275 9 2 33 42 6746 7024 6941 7368 8259 7408
4276 9 2 33 42 6803 6921 7046 8091 8260 8261
4277 9 2 33 42 621 7086 6945 8137 8262 8221
4278 9 2 33 42 450 451 7035 499 8128 8263
4279 9 2 33 42 6855 7101 6940 7798 8264 8176
4280 9 2 33 42 6921 7092 7045 8090 8265 8266
4281 9 2 33 42 6726 7098 6905 8211 8267 8114
4282 9 2 33 42 454 7120 6976 8268 8217 8153
4283 9 2 33 42 431 6899 6963 7837 8269 8187
4284 9 2 33 42 442 6994 7044 8190 8270 8271
4285 9 2 33 42 6787 6984 6942 7636 8042 7997
4286 9 2 33 42 6795 6951 7019 8272 8222 8273
4287 9 2 33 42 6760 6920 7042 7239 8274 8171
4288 9 2 33 42 432 433 7043 481 8202 8242
4289 9 2 33 42 441 442 7044 490 8271 8191
4290 9 2 33 42 617 7069 618 8139 8231 641
4291 9 2 33 42 6782 6963 6899 8275 8269 7467
4292 9 2 33 42 6803 7055 6893 8276 8177 8277
4293 9 2 33 42 446 447 7047 495 8101 7700
4294 9 2 33 42 6809 6911 7093 7713 8239 8278
4295 9 2 33 42 6737 6919 7118 8121 8178 8256
4296 9 2 33 42 464 465 7050 513 8230 8279
4297 9 2 33 42 6731 7087 6915 7874 8280 7185
4298 9 2 33 42 6785 6926 7068 8197 8281 8282
4299 9 2 33 42 6795 6988 6951 8283 8150 8272
4300 9 2 33 42 6797 7042 6920 8284 8274 8285
4301 9 2 33 42 6779 6974 7084 8286 8287 7949
4302 9 2 33 42 578 6936 7122 8047 8288 8289
4303 9 2 33 42 6751 7031 7088 7483 7686 8290
4304 9 2 33 42 6803 7065 7055 8291 8253 8276
4305 9 2 33 42 6849 7083 6976 7660 8246 8292
4306 9 2 33 42 443 7078 6994 8293 8238 8189
4307 9 2 33 42 6732 6998 6889 7666 8294 8033
4308 9 2 33 42 6795 7019 7066 8273 8295 8204
4309 9 2 33 42 6736 7021 7112 7651 8296 8297
4310 9 2 33 42 6732 6988 6999 7907 8298 7456
4311 9 2 33 42 6767 6907 7108 7144 8054 8169
4312 9 2 33 42 6749 7110 7004 8059 8299 8300
4313 9 2 33 42 6840 7102 6994 8301 8302 8237
4314 9 2 33 42 6812 7050 6940 8303 8229 8304
4315 9 2 33 42 6863 7112 7021 7511 8296 8305
4316 9 2 33 42 6765 6975 7067 7233 8306 8179
4317 9 2 33 42 6800 7090 6968 8307 8308 8056
4318 9 2 33 42 6807 7081 6898 8144 8309 7567
4319 9 2 33 42 6741 6965 6989 8310 8206 7446
4320 9 2 33 42 6796 6941 7024 8311 8259 7957
4321 9 2 33 42 6893 7097 7092 8166 8312 8313
4322 9 2 33 42 452 453 7083 501 8247 8173
4323 9 2 33 42 443 444 7078 492 8160 8293
4324 9 2 33 42 6796 7031 6941 7533 7885 8311
4325 9 2 33 42 6810 6921 7045 8314 8266 8315
4326 9 2 33 42 6742 7053 6995 8203 8316 7941
4327 9 2 33 42 6813 7068 6926 7777 8281 7769
4328 9 2 33 42 466 467 7082 515 8200 7989
4329 9 2 33 42 436 437 7074 485 7351 8155
4330 9 2 33 42 6859 7004 7110 8258 8299 8317
4331 9 2 33 42 454 455 7120 503 8318 8268
4332 9 2 33 42 614 6961 6900 8249 7730 7979
4333 9 2 33 42 615 7121 616 8252 8122 639
4334 9 2 33 42 6826 6897 7074 8319 8156 7827
4335 9 2 33 42 6795 6999 6988 8076 8298 8283
4336 9 2 33 42 6803 6893 7092 8277 8313 8089
4337 9 2 33 42 472 473 7109 521 8209 8320
4338 9 2 33 42 6826 7008 6897 7996 8148 8319
4339 9 2 33 42 6744 7092 7097 8321 8312 8322
4340 9 2 33 42 6837 7084 6974 7206 8287 7480
4341 9 2 33 42 464 7050 6962 8279 8323 7775
4342 9 2 33 42 626 7046 6921 8234 8260 8212
4343 9 2 33 42 6788 7016 6964 7803 8324 8325
4344 9 2 33 42 6841 7044 6994 8326 8270 8327
4345 9 2 33 42 6744 7057 6981 8328 7793 8329
4346 9 2 33 42 6806 6915 7087 7189 8280 8330
4347 9 2 33 42 6730 7081 6984 8331 8143 7542
4348 9 2 33 42 6854 7119 6976 8241 8332 8216
4349 9 2 33 42 6738 7077 6910 8333 7492 7471
4350 9 2 33 42 455 6967 7120 7891 8334 8318
4351 9 2 33 42 6767 7079 6965 8335 8336 7728
4352 9 2 33 42 6761 6979 7066 8066 8205 7780
4353 9 2 33 42 6800 6964 7016 7328 8324 8337
4354 9 2 33 42 476 7010 6852 8338 8339 8340
4355 9 2 33 42 6797 6920 7097 8285 8341 8165
4356 9 2 33 42 6832 7091 7014 7653 8342 8044
4357 9 2 33 42 472 7109 6938 8320 7688 8214
4358 9 2 33 42 6814 6965 7079 8207 8336 8343
4359 9 2 33 42 6849 6976 7119 8292 8332 7931
4360 9 2 33 42 6767 6901 7079 8170 8344 8335
4361 9 2 33 42 6788 7080 7011 8345 8346 8140
4362 9 2 33 42 577 578 7122 586 8289 8347
4363 9 2 33 42 6814 7085 6938 8348 8215 7671
4364 9 2 33 42 6800 7016 7090 8337 8349 8307
4365 9 2 33 42 6798 6944 7064 7918 8350 8061
4366 9 2 33 42 6756 7064 6944 8351 8350 7908
4367 9 2 33 42 6747 6960 7123 7648 8352 8145
4368 9 2 33 42 6769 6905 7124 7628 8353 8354
4369 9 2 33 42 6744 6981 7045 8329 8355 8356
4370 9 2 33 42 635 7117 6896 8053 8227 7953
4371 9 2 33 42 6801 7058 6960 8085 7934 7476
4372 9 2 33 42 6740 6925 7054 7430 8087 7654
4373 9 2 33 42 6854 7120 6967 8218 8334 7856
4374 9 2 33 42 6811 6945 7086 7488 8262 8068
4375 9 2 33 42 6759 7073 6956 8051 8357 8037
4376 9 2 33 42 6828 7121 6900 8250 8251 7154
4377 9 2 33 42 6810 7105 6921 8358 8213 8314
4378 9 2 33 42 6877 7042 7022 8172 8359 8026
4379 9 2 33 42 6814 7079 6983 8343 8360 8361
4380 9 2 33 42 475 7067 6975 8255 8306 8235
4381 9 2 33 42 6863 7021 7068 8305 8362 7776
4382 9 2 33 42 6862 7036 7073 7976 8363 8015
4383 9 2 33 42 6744 6920 7057 8364 7925 8328
4384 9 2 33 42 6840 7038 7102 7779 8365 8301
4385 9 2 33 42 6780 7107 7072 7475 8366 7974
4386 9 2 33 42 6814 6983 7085 8361 8367 8348
4387 9 2 33 42 6751 7095 6942 8368 7998 7482
4388 9 2 33 42 476 6852 7067 8340 8180 8254
4389 9 2 33 42 6866 7096 7111 8088 8369 7834
4390 9 2 33 42 6799 6915 7100 7378 7740 7877
4391 9 2 33 42 6841 6994 7102 8327 8302 7126
4392 9 2 33 42 577 7122 7010 8347 8370 8184
4393 9 2 33 42 6793 6995 7053 8371 8316 7601
4394 9 2 33 42 6802 6995 7076 7845 8372 8223
4395 9 2 33 42 6805 6956 7073 8373 8357 8374
4396 9 2 33 42 6937 7044 7125 8192 8375 8376
4397 9 2 33 42 6766 6869 7089 8146 7864 7679
4398 9 2 33 42 6804 6970 7112 7720 8377 7510
4399 9 2 33 42 6901 6983 7079 8135 8360 8344
4400 9 2 33 42 6790 7094 7004 8113 8378 8379
4401 9 2 33 42 6744 7097 6920 8322 8341 8364
4402 9 2 33 42 6748 7060 7061 8163 8380 8381
4403 9 2 33 42 6812 6962 7050 7965 8323 8303
4404 9 2 33 42 6812 6940 7101 8304 8264 7562
4405 9 2 33 42 6788 6964 7080 8325 8060 8345
4406 9 2 33 42 6738 6986 7077 8118 8382 8333
4407 9 2 33 42 6810 7045 6981 8315 8355 8383
4408 9 2 33 42 6755 7102 7038 7129 8365 7832
4409 9 2 33 42 6790 7116 6981 8384 8385 7792
4410 9 2 33 42 6793 7000 7076 8183 8226 8386
4411 9 2 33 42 6833 7103 6973 7391 8387 7831
4412 9 2 33 42 6806 7077 6986 8195 8382 7286
4413 9 2 33 42 6741 6973 7103 7969 8387 8388
4414 9 2 33 42 6823 7043 6908 8389 8201 8390
4415 9 2 33 42 6830 7123 6960 7393 8352 7372
4416 9 2 33 42 6751 7063 7095 8391 8392 8368
4417 9 2 33 42 6818 7111 7096 8393 8369 7911
4418 9 2 33 42 6870 7005 7095 8072 8045 8394
4419 9 2 33 42 6797 7022 7042 7901 8359 8284
4420 9 2 33 42 6818 7011 7080 7246 8346 8395
4421 9 2 33 42 6818 7080 7111 8395 8035 8393
4422 9 2 33 42 6790 7004 7116 8379 8257 8384
4423 9 2 33 42 6749 7004 7094 8300 8378 8396
4424 9 2 33 42 6886 6974 7114 8129 8397 8127
4425 9 2 33 42 6885 7072 7107 8116 8366 7904
4426 9 2 33 42 6736 7112 6970 8297 8377 7702
4427 9 2 33 42 6759 6968 7090 7631 8308 8050
4428 9 2 33 42 6862 7090 7016 8017 8349 7802
4429 9 2 33 42 6749 7094 6993 8396 8398 8040
4430 9 2 33 42 6805 7113 6956 8067 7474 8373
4431 9 2 33 42 6793 7076 6995 8386 8372 8371
4432 9 2 33 42 6785 7068 7021 8282 8362 7516
4433 9 2 33 42 6871 7049 7028 8086 8399 7759
4434 9 2 33 42 6782 6888 6963 8096 8158 8275
4435 9 2 33 42 6748 7061 6998 8381 8400 7443
4436 9 2 33 42 6779 7114 6974 7946 8397 8286
4437 9 2 33 42 6889 6998 7061 8294 8400 8069
4438 9 2 33 42 6846 6970 7099 7703 7807 7165
4439 9 2 33 42 6870 7095 7063 8394 8392 7615
4440 9 2 33 42 6867 6993 7094 8034 8398 8112
4441 9 2 33 42 6741 7103 6965 8388 7729 8310
4442 9 2 33 42 6823 6899 7043 7468 8243 8389
4443 9 2 33 42 6750 7028 7049 7940 8399 7348
4444 9 2 33 42 471 7085 6983 8152 8367 8181
4445 9 2 33 42 6823 6908 7060 8390 8111 8162
4446 9 2 33 42 6852 7122 6936 8401 8288 7985
4447 9 2 33 42 6769 7124 6990 8354 8402 7595
4448 9 2 33 42 6835 7066 7019 7781 8295 7684
4449 9 2 33 42 6762 7059 7020 7461 8403 8100
4450 9 2 33 42 6776 6937 7125 7967 8376 7454
4451 9 2 33 42 6809 7093 6982 8278 7423 8108
4452 9 2 33 42 6860 7064 7104 8062 8404 8125
4453 9 2 33 42 6825 7070 7035 8199 8405 7291
4454 9 2 33 42 6898 7081 7026 8309 8406 8244
4455 9 2 33 42 6817 7106 6975 8245 8236 7403
4456 9 2 33 42 450 7035 7070 8263 8405 8106
4457 9 2 33 42 6816 6990 7124 7253 8402 8407
4458 9 2 33 42 6786 7061 7060 8070 8380 8110
4459 9 2 33 42 6810 6981 7116 8383 8385 7670
4460 9 2 33 42 6804 7014 7091 7280 8342 8019
4461 9 2 33 42 6794 7117 6991 8228 8052 8001
4462 9 2 33 42 625 7065 7046 7870 8408 8233
4463 9 2 33 42 6905 7098 7124 8267 8409 8353
4464 9 2 33 42 6803 7046 7065 8261 8408 8291
4465 9 2 33 42 6810 7029 7105 7763 8410 8358
4466 9 2 33 42 6856 7037 7110 8022 8411 8023
4467 9 2 33 42 6805 7073 7036 8374 8363 7320
4468 9 2 33 42 6756 7104 7064 7698 8404 8351
4469 9 2 33 42 6730 7026 7081 7887 8406 8331
4470 9 2 33 42 6819 7020 7059 7643 8403 7787
4471 9 2 33 42 6806 7087 7009 8330 8093 8194
4472 9 2 33 42 6859 7110 7037 8317 8411 7993
4473 9 2 33 42 6744 7045 7092 8356 8265 8321
4474 9 2 33 42 6825 7063 7088 7316 8412 8198
4475 9 2 33 42 6852 7010 7122 8339 8370 8401
4476 9 2 33 42 6816 7124 7098 8407 8409 8098
4477 9 2 33 42 627 7105 7029 8175 8410 8149
4478 9 2 33 42 6751 7088 7063 8290 8412 8391
4479 9 2 33 42 6841 7125 7044 7285 8375 8326
4480 9 2 33 42 11 6888 560 8413 8095 568
4481 9 2 33 42 12 7010 476 8185 8338 525
4482 9 2 33 42 15 567 6961 576 7731 8248
4483 9 2 33 42 16 636 6949 660 8208 8188
4484 9 2 33 42 11 429 6888 477 7550 8413
$EndElements
