$MeshFormat
2.2 0 8
$EndMeshFormat
$PhysicalNames
33
1 1 "l0"
1 2 "l1"
1 3 "l2"
1 4 "l3"
1 5 "l4"
1 6 "l5"
1 7 "l6"
1 8 "l7"
1 9 "l8"
1 10 "l9"
1 11 "l10"
1 12 "l11"
1 13 "l12"
1 14 "l13"
1 15 "l14"
1 16 "l15"
1 17 "l16"
1 18 "l17"
1 19 "l18"
1 20 "l19"
1 21 "l20"
1 22 "l21"
1 23 "l22"
1 24 "l23"
1 25 "l24"
1 26 "l25"
1 27 "l26"
2 28 "s0"
2 29 "s1"
2 30 "s2"
2 31 "s3"
2 32 "s4"
2 33 "s5"
$EndPhysicalNames
$Nodes
11949
1 1 0 0
2 0.26745 -0.059275 0
3 0 0 0
4 0.26745 0.059275 0
5 1.002104 -0.014852 0
6 0.267231 -0.07427300000000001 0
7 -0.015 0 0
8 0.267231 0.07427300000000001 0
9 1.002104 0.014852 0
10 1.25 0 0
11 -0.4 0 0
12 0 0.4 0
13 1 0.4 0
14 1.4 0 0
15 1 -0.4 0
16 0 -0.4 0
17 0 -0.6 0
18 -0.6 0 0
19 0 0.6 0
20 1 0.6 0
21 1.6 0 0
22 1 -0.6 0
23 0.9947511417743424 -0.0007426802922193465 0
24 0.9891323508407529 -0.00153167088229459 0
25 0.9831646713279605 -0.002363925747654351 0
26 0.9768864148363069 -0.003233196718338694 0
27 0.970314059688327 -0.004134657736651844 0
28 0.9634776147595185 -0.005065606219791245 0
29 0.9563936148530087 -0.006021939274541252 0
30 0.9490632645582813 -0.007002475899789756 0
31 0.9415314225582684 -0.008001256514629502 0
32 0.9337834194185319 -0.009018820415213737 0
33 0.9258394592509237 -0.0100536471282539 0
34 0.917716613775312 -0.01109972439500848 0
35 0.9094196884440661 -0.01215905549096731 0
36 0.9009599479455409 -0.01323070680832277 0
37 0.8923462827209788 -0.01430708819108861 0
38 0.8835893433146224 -0.01539109114250937 0
39 0.8746897106074765 -0.01648657170460547 0
40 0.8656217204808987 -0.01758262544189141 0
41 0.8564408748960642 -0.01868734370661626 0
42 0.8471539174591329 -0.01978820408015626 0
43 0.8377034273501056 -0.0208997693662706 0
44 0.8281223400672889 -0.02201431570389492 0
45 0.8184311478888574 -0.0231259342386518 0
46 0.8085946723364729 -0.02424629815084578 0
47 0.7985931959109752 -0.02536396631623793 0
48 0.788474474581082 -0.02648686204039065 0
49 0.7782353480376033 -0.02760805263266682 0
50 0.7677899461725328 -0.02873513077523866 0
51 0.7572179536367694 -0.02986558884683548 0
52 0.7465162588652061 -0.03099118017114416 0
53 0.7356440679580041 -0.03211846054038137 0
54 0.7245917540776653 -0.03325137842096045 0
55 0.7134003792910325 -0.03437888328264178 0
56 0.7020673006009397 -0.03550141679115353 0
57 0.6905227673056163 -0.0366293987427569 0
58 0.678813133739678 -0.03775688391304548 0
59 0.6669509482736369 -0.03887269322688817 0
60 0.6549339356138694 -0.03998389078203218 0
61 0.6426748669539518 -0.04109689158464719 0
62 0.6302528012475419 -0.04220281559950885 0
63 0.6176643789708504 -0.04329633902085374 0
64 0.6049033380252443 -0.04437795112682622 0
65 0.5918879607938405 -0.04545432181104637 0
66 0.578694613232231 -0.04651683326269902 0
67 0.5653199821131375 -0.04756375283013511 0
68 0.5517603355477187 -0.04859273788895766 0
69 0.537934971623219 -0.04960661653077028 0
70 0.5239076184181581 -0.05059624262730533 0
71 0.509682468550493 -0.05155766069140467 0
72 0.4952560558517465 -0.05248863220320364 0
73 0.4805726794124772 -0.05338938410694025 0
74 0.4656450121734628 -0.05425425211140832 0
75 0.4505029401842791 -0.05507703433448569 0
76 0.4351428829398844 -0.05585120229960389 0
77 0.4195481730934782 -0.05657293592860428 0
78 0.403651849026912 -0.05723802737727976 0
79 0.387524519523652 -0.05783599635305886 0
80 0.3711626337610131 -0.05835302888845265 0
81 0.3545633300404153 -0.05878556807112703 0
82 0.3376684595838421 -0.05912339614139171 0
83 0.3204891457647079 -0.05935487776178822 0
84 0.3030609450526179 -0.05946661805715092 0
85 0.2853817350151063 -0.05944570578338369 0
86 0.9973714128723402 -0.0003726044379612016 0
87 0.9919427230537489 -0.00113761786980541 0
88 0.9861477983747098 -0.001949508227540631 0
89 0.9800237128048491 -0.002799246691952223 0
90 0.9735929832367555 -0.003685414175287748 0
91 0.9669065324394154 -0.004599684984738602 0
92 0.9599433000086643 -0.005544379450881078 0
93 0.9527354933926427 -0.006512712043466378 0
94 0.9453039504673816 -0.007502624046297241 0
95 0.9376616107954318 -0.008510097451842219 0
96 0.929811439334725 -0.009536233771734202 0
97 0.9217792769415326 -0.01057722077113067 0
98 0.9135614289486664 -0.01163309263560523 0
99 0.9051766225135366 -0.01269788574115608 0
100 0.8966531153332599 -0.01376889749970569 0
101 0.8879635290555815 -0.01485266044408616 0
102 0.8791395269610514 -0.01593883142355718 0
103 0.8701563910542027 -0.0170346860809505 0
104 0.8610242108968177 -0.01813815784996786 0
105 0.8517973961775976 -0.01923777389338638 0
106 0.8424283757927046 -0.02034836187127477 0
107 0.8329128837086957 -0.02145704253508296 0
108 0.823276976592614 -0.02257399959748385 0
109 0.8135129101126668 -0.0236861161947486 0
110 0.803593542637407 -0.02480551354927264 0
111 0.7935341490187945 -0.0259289748825862 0
112 0.783354911309346 -0.02704745733652837 0
113 0.7730121452534338 -0.02817483233218366 0
114 0.7625042867130303 -0.02930223798808113 0
115 0.7518671062509935 -0.03042838450898921 0
116 0.741080132518936 -0.03155902415650851 0
117 0.7301177340694347 -0.03268718672308978 0
118 0.7189960666843445 -0.03381513085180156 0
119 0.7077343044915323 -0.03494323287631933 0
120 0.6962950222496975 -0.03606996994372109 0
121 0.6846679505226465 -0.03719314132790125 0
122 0.6728819072527593 -0.03831486046269114 0
123 0.6609426400464546 -0.03943302925114142 0
124 0.6488054883722038 -0.04054573000501333 0
125 0.6364640919740266 -0.04165138259912806 0
126 0.6239585901092007 -0.0427495773101809 0
127 0.6112832378712326 -0.04383931350791137 0
128 0.5983955447174701 -0.04492211242814488 0
129 0.5852922236997229 -0.0459937406199064 0
130 0.5720080810216353 -0.04704594900016743 0
131 0.5585404584849764 -0.04808159022372399 0
132 0.5448475688297487 -0.04910093672073537 0
133 0.5309212950206921 -0.05010142957903756 0
134 0.5167947906442447 -0.05107759062493214 0
135 0.5024695888405039 -0.05202544745339922 0
136 0.4879150371609208 -0.05294264737643178 0
137 0.4731090684972438 -0.05382653652431525 0
138 0.4580740433167139 -0.05467090231214979 0
139 0.4428231055873865 -0.05546973766014904 0
140 0.4273459226429637 -0.05621722185553014 0
141 0.4115999830516014 -0.05690984976894651 0
142 0.39558806894868 -0.05753965285887674 0
143 0.3793434853488628 -0.0580978752186906 0
144 0.3628631735856627 -0.05857711431318711 0
145 0.3461159290810631 -0.05896803193184904 0
146 0.3290791526147107 -0.05926034373082616 0
147 0.3117752112120886 -0.05943640860113143 0
148 0.2942213413317318 -0.05947517113777244 0
149 0.2764156232238471 -0.05937110288542206 0
150 0.2557631180354156 -0.05905869153221342 0
151 0.2440778179716456 -0.05877264617423835 0
152 0.2323945969898687 -0.05841276718707632 0
153 0.221255188821039 -0.05800021954006359 0
154 0.2101346212252467 -0.05748991232678188 0
155 0.1990185327984368 -0.05689213044910978 0
156 0.1884022925757353 -0.05624717012066911 0
157 0.1778248680241007 -0.05552334106796294 0
158 0.1672569403776525 -0.05467276011535149 0
159 0.157142129010405 -0.05377918729069544 0
160 0.1470910764490096 -0.05281391447535402 0
161 0.1370559513162638 -0.05169545786112387 0
162 0.127448190572898 -0.0505378633583781 0
163 0.1179133120133212 -0.04928895090930072 0
164 0.1085044932964491 -0.0479106483160942 0
165 0.09946357028279751 -0.04644886929992973 0
166 0.09044480590185726 -0.04485707535922505 0
167 0.08188107625830766 -0.0432004040315726 0
168 0.07338499122514187 -0.0413943814514512 0
169 0.06529701187261049 -0.03950108013963636 0
170 0.05742216577316872 -0.03746567756220017 0
171 0.04982458875185192 -0.03529169325583707 0
172 0.04264377484580084 -0.03301141174220125 0
173 0.03580641530575932 -0.03058145340739558 0
174 0.02937494515672938 -0.02797545161772249 0
175 0.02337399796051654 -0.02523193375129072 0
176 0.01790726076696895 -0.02229088398519038 0
177 0.01302130775863138 -0.01919569858979615 0
178 0.008789923220056454 -0.01592560955074021 0
179 0.005327186757615324 -0.01250937798619995 0
180 0.002730446807266333 -0.009027481516230189 0
181 0.001043445440361571 -0.005650526249975327 0
182 0.0002236377068658407 -0.002570826241195044 0
183 0.2616065590177061 -0.05916684576610668 0
184 0.2499204668270086 -0.05892958966742762 0
185 0.23823538107644 -0.05861570837465969 0
186 0.2268245209201319 -0.05821180032289911 0
187 0.215694905023141 -0.05774506593342265 0
188 0.2045758542314087 -0.05720627194561906 0
189 0.1937093558499882 -0.0565920159403605 0
190 0.1831135802999158 -0.05588525559431588 0
191 0.1725407569149462 -0.05510300875870547 0
192 0.1621963583386921 -0.0542606889275128 0
193 0.1521166027297067 -0.05329655088302467 0
194 0.1420706919934715 -0.0522567629727865 0
195 0.1322491564020518 -0.0511567350290343 0
196 0.1226721093048015 -0.04992219944849819 0
197 0.1132089026548847 -0.04859979961269739 0
198 0.1039866523427627 -0.04719467491169763 0
199 0.09494855544209058 -0.04568664301072375 0
200 0.08615040690477081 -0.04406606900800888 0
201 0.07762953301065742 -0.04233062336933897 0
202 0.06934412734853347 -0.04048118372424908 0
203 0.0613475007835859 -0.03851795775023047 0
204 0.05360822316067186 -0.0364230248629146 0
205 0.04621348249855849 -0.03418231550195688 0
206 0.03921749416945406 -0.03181923805586558 0
207 0.03257310413732536 -0.02931066310444826 0
208 0.02634989374559334 -0.0266381601533581 0
209 0.02062557072280531 -0.02380691537690838 0
210 0.01543148043358442 -0.02079201123530968 0
211 0.01086435595452008 -0.01761941291780405 0
212 0.00699590325345772 -0.01427292995007643 0
213 0.003958029024403212 -0.01082548149347042 0
214 0.00180924541504692 -0.007377956914890295 0
215 0.0005608995865428367 -0.004130493913771827 0
216 6.112405554365954e-05 -0.001287217313005864 0
217 0.0002236377096356232 0.00257082625781374 0
218 0.001043445448078447 0.005650526268247929 0
219 0.002730446819080637 0.009027481535040464 0
220 0.005327186773843907 0.01250937800501383 0
221 0.008789923239813856 0.01592560956830584 0
222 0.01302130778158531 0.01919569860599013 0
223 0.01790726079160025 0.02229088399930503 0
224 0.02337399798771139 0.02523193376414134 0
225 0.02937494518455804 0.02797545162970572 0
226 0.03580641533411529 0.03058145341854035 0
227 0.04264377487493064 0.03301141175175614 0
228 0.04982458877994979 0.0352916932642549 0
229 0.05742216580152943 0.0374656775699534 0
230 0.06529701190114486 0.03950108014673921 0
231 0.07338499125239058 0.04139438145760915 0
232 0.08188107628553444 0.04320040403714265 0
233 0.09044480592896148 0.04485707536421751 0
234 0.09946357030839081 0.04644886930414978 0
235 0.1085044933205173 0.04791064831961995 0
236 0.1179133120369123 0.0492889509127566 0
237 0.1274481905948557 0.05053786336120856 0
238 0.1370559513376028 0.05169545786351237 0
239 0.1470910764686054 0.05281391447723594 0
240 0.1571421290282265 0.05377918729240696 0
241 0.1672569403945249 0.05467276011672536 0
242 0.1778248680391235 0.05552334106899098 0
243 0.1884022925888924 0.05624717012156947 0
244 0.199018532810281 0.0568921304497793 0
245 0.2101346212351204 0.05748991232723497 0
246 0.2212551888289274 0.05800021954042558 0
247 0.2323945969960758 0.05841276718730028 0
248 0.2440778179757787 0.05877264617434937 0
249 0.2557631180374793 0.05905869153225161 0
250 6.112405630947583e-05 0.001287217321081745 0
251 0.0005608995906844677 0.00413049393074412 0
252 0.001809245424735697 0.007377956933480878 0
253 0.003958029038370882 0.01082548151232011 0
254 0.006995903271470108 0.01427292996827737 0
255 0.01086435597588964 0.01761941293467215 0
256 0.01543148045743619 0.02079201125043877 0
257 0.02062557074871773 0.02380691539036879 0
258 0.02634989377170988 0.02663816016569917 0
259 0.0325731041668628 0.02931066311605737 0
260 0.03921749419827143 0.03181923806621183 0
261 0.04621348252583529 0.03418231551090398 0
262 0.05360822319024357 0.03642302487099889 0
263 0.06134750081338169 0.03851795775764732 0
264 0.06934412737774567 0.04048118373085077 0
265 0.07762953303916639 0.04233062337517134 0
266 0.08615040693318876 0.04406606901324332 0
267 0.0949485554672608 0.04568664301535998 0
268 0.1039866523665233 0.04719467491561549 0
269 0.1132089026787159 0.04859979961618844 0
270 0.1226721093286709 0.04992219945157509 0
271 0.1322491564227259 0.05115673503169931 0
272 0.1420706920135229 0.05225676297503087 0
273 0.152116602748417 0.05329655088482155 0
274 0.1621963583560334 0.05426068892892486 0
275 0.1725407569309035 0.05510300876000483 0
276 0.1831135803140076 0.0558852555952802 0
277 0.193709355862483 0.0565920159410668 0
278 0.2045758542422701 0.05720627194623303 0
279 0.215694905032021 0.05774506593383014 0
280 0.2268245209271714 0.0582118003231531 0
281 0.2382353810816068 0.05861570837479848 0
282 0.2499204668301091 0.05892958966751091 0
283 0.2616065590187396 0.0591668457661258 0
284 0.2853817348954149 0.05944570578298472 0
285 0.3030609449383854 0.05946661805754693 0
286 0.3204891456557691 0.05935487776286308 0
287 0.3376684594800712 0.05912339614304623 0
288 0.3545633299396396 0.05878556807330378 0
289 0.3711626336651879 0.05835302889103993 0
290 0.3875245194326208 0.05783599635640434 0
291 0.4036518489405041 0.05723802738084754 0
292 0.4195481730115417 0.05657293593234202 0
293 0.4351428828607322 0.05585120230353526 0
294 0.4505029401094103 0.05507703433850183 0
295 0.4656450121027342 0.0542542521154613 0
296 0.4805726793457566 0.05338938411099978 0
297 0.4952560557876459 0.05248863220731958 0
298 0.5096824684902125 0.05155766069547351 0
299 0.5239076183615614 0.05059624263129822 0
300 0.5379349715701636 0.04960661653451334 0
301 0.551760335497133 0.04859273789267652 0
302 0.565319982065957 0.04756375283373887 0
303 0.5786946131883304 0.04651683326617295 0
304 0.5918879607531256 0.04545432181437617 0
305 0.6049033379876149 0.04437795113000317 0
306 0.6176643789354757 0.04329633902392664 0
307 0.6302528012150626 0.04220281560233025 0
308 0.642674866924274 0.04109689158729678 0
309 0.6549339355863958 0.03998389078455088 0
310 0.6669509482488422 0.03887269322922023 0
311 0.678813133717462 0.03775688391518459 0
312 0.6905227672858812 0.03662939874465712 0
313 0.7020673005833439 0.03550141679288667 0
314 0.7134003792759149 0.03437888328416484 0
315 0.7245917540649403 0.03325137842224248 0
316 0.7356440679475895 0.03211846054145315 0
317 0.746516258856841 0.030991180172024 0
318 0.7572179536305312 0.0298655888474916 0
319 0.767789946168373 0.02873513077568497 0
320 0.7782353480354206 0.02760805263290583 0
321 0.7884744745809154 0.0264868620404089 0
322 0.798593195912695 0.02536396631604587 0
323 0.8085946723400149 0.02424629815044234 0
324 0.8184311478942522 0.02312593423803734 0
325 0.8281223400743954 0.02201431570306824 0
326 0.8377034273588436 0.02089976936525414 0
327 0.8471539174696477 0.01978820407890985 0
328 0.8564408749081147 0.01868734370518782 0
329 0.8656217204944207 0.01758262544025751 0
330 0.874689710622404 0.016486571702768 0
331 0.8835893433312368 0.01539109114046425 0
332 0.8923462827388964 0.0143070881888496 0
333 0.9009599479647192 0.01323070680592621 0
334 0.90941968846444 0.01215905548838 0
335 0.9177166137968121 0.01109972439224333 0
336 0.9258394592735112 0.01005364712531153 0
337 0.9337834194421664 0.009018820412134976 0
338 0.9415314225824126 0.00800125651145478 0
339 0.9490632645833273 0.007002475896457564 0
340 0.9563936148784266 0.0060219392711312 0
341 0.9634776147857412 0.005065606216239014 0
342 0.9703140597148027 0.004134657733038685 0
343 0.9768864148629649 0.003233196714651367 0
344 0.9831646713542026 0.00236392574400896 0
345 0.9891323508665452 0.00153167087868367 0
346 0.9947511417996463 0.0007426802886474877 0
347 0.2764156231639374 0.05937110288477989 0
348 0.2942213412147683 0.05947517113738256 0
349 0.3117752111005089 0.05943640860151823 0
350 0.3290791525083881 0.05926034373252136 0
351 0.3461159289787489 0.05896803193405902 0
352 0.3628631734873568 0.05857711431584137 0
353 0.3793434852554318 0.0580978752216784 0
354 0.3955880688600074 0.05753965286213555 0
355 0.4115999829674822 0.05690984977241979 0
356 0.4273459225624799 0.05621722185920162 0
357 0.4428231055104291 0.05546973766397139 0
358 0.4580740432439819 0.0546709023160513 0
359 0.4731090684286079 0.05382653652824831 0
360 0.487915037095575 0.05294264738040767 0
361 0.5024695887783753 0.05202544745738853 0
362 0.5167947905859174 0.05107759062886914 0
363 0.530921294965861 0.05010142958290588 0
364 0.5448475687778408 0.04910093672455143 0
365 0.5585404584360214 0.0480815902274633 0
366 0.5720080809760025 0.04704594900377842 0
367 0.5852922236573446 0.04599374062337221 0
368 0.5983955446783843 0.04492211243134144 0
369 0.6112832378348113 0.04383931351098633 0
370 0.6239585900752697 0.0427495773131284 0
371 0.6364640919428919 0.04165138260190774 0
372 0.6488054883435599 0.04054573000763933 0
373 0.6609426400203823 0.03943302925353166 0
374 0.6728819072293056 0.03831486046489706 0
375 0.6846679505016711 0.03719314132992092 0
376 0.6962950222329723 0.03606996994536848 0
377 0.7077343044752171 0.03494323287792633 0
378 0.718996066670427 0.03381513085320371 0
379 0.7301177340578359 0.03268718672428345 0
380 0.7410801325095747 0.03155902415747189 0
381 0.7518671062436868 0.03042838450975772 0
382 0.7625042867078146 0.02930223798864073 0
383 0.7730121452502672 0.02817483233252341 0
384 0.7833549113081668 0.02704745733665749 0
385 0.7935341490195731 0.02592897488249925 0
386 0.8035935426400337 0.02480551354897928 0
387 0.8135129101171336 0.02368611619423984 0
388 0.8232769765988477 0.02257399959677385 0
389 0.8329128837166205 0.02145704253416107 0
390 0.842428375802359 0.02034836187013036 0
391 0.8517973961888816 0.0192377738920488 0
392 0.8610242109093187 0.01813815784845733 0
393 0.8701563910692108 0.01703468607913702 0
394 0.879139526976823 0.01593883142161581 0
395 0.8879635290737149 0.01485266044185407 0
396 0.8966531153518084 0.01376889749738784 0
397 0.9051766225323749 0.0126978857387638 0
398 0.9135614289706555 0.01163309263281282 0
399 0.9217792769647254 0.01057722076814782 0
400 0.9298114393578475 0.009536233768722122 0
401 0.9376616108181837 0.008510097448850571 0
402 0.9453039504908025 0.007502624043181268 0
403 0.9527354934166342 0.00651271204024769 0
404 0.9599433000332324 0.005544379447552999 0
405 0.9669065324644801 0.004599684981318005 0
406 0.9735929832634181 0.003685414171627183 0
407 0.9800237128326386 0.002799246688108387 0
408 0.9861477983994202 0.001949508224081153 0
409 0.9919427230792931 0.001137617866220738 0
410 0.997371412884311 0.0003726044362643346 0
411 0.9968397251994391 -0.01559620179667283 0
412 0.9912044435885304 -0.01638792225051968 0
413 0.9852191236774094 -0.01722254204800628 0
414 0.9789221065766127 -0.01809376823098504 0
415 0.9723304520714343 -0.01899888606068474 0
416 0.9654735423302048 -0.01993181540258993 0
417 0.9583687640094748 -0.02089101532876383 0
418 0.9510163945503637 -0.02187463286388821 0
419 0.9434623229010421 -0.02287623432015786 0
420 0.9356908254120859 -0.0238978866327462 0
421 0.9277231097599249 -0.02493510405492102 0
422 0.919575949906005 -0.02598411065510357 0
423 0.9112540804450987 -0.02704634029307855 0
424 0.9027687954387349 -0.02812090057015814 0
425 0.8941290667041496 -0.02920086666198129 0
426 0.8853454386234745 -0.03028822835682485 0
427 0.8764202224186596 -0.03138697076733461 0
428 0.8673244224671739 -0.0324862017908777 0
429 0.8581152000430312 -0.03359413338358324 0
430 0.8487993098486815 -0.03469853763565921 0
431 0.8393216131220531 -0.03581308570725864 0
432 0.8297104451827987 -0.03693109026193527 0
433 0.8199885104975019 -0.03804554125715963 0
434 0.8101236851270752 -0.03916861732911404 0
435 0.8000903475478616 -0.0402897534064768 0
436 0.7899390965748365 -0.0414161332870689 0
437 0.7796668145559507 -0.04254119571933246 0
438 0.7691913143613415 -0.04367100395145295 0
439 0.7585847560203298 -0.04480447978596299 0
440 0.7478478158162551 -0.04593346709961361 0
441 0.736944322850468 -0.04706369233576372 0
442 0.7258554147786671 -0.04820015687735866 0
443 0.7146266859181186 -0.04933119839660809 0
444 0.703255432412783 -0.05045671596059826 0
445 0.6916776443326156 -0.05158742903936241 0
446 0.6799284700486155 -0.05271874839860913 0
447 0.6680259145285264 -0.05383808743704212 0
448 0.6559676762585603 -0.05495216590365273 0
449 0.6436732599087279 -0.05606739460129653 0
450 0.6312084638713191 -0.0571761037708601 0
451 0.6185765812830005 -0.05827329975945304 0
452 0.6057743078436135 -0.05935733156924176 0
453 0.5927183285142875 -0.06043645181950222 0
454 0.579479136501364 -0.06150187711198 0
455 0.5660578403267573 -0.06255116434826152 0
456 0.5524507789779621 -0.06358236152702158 0
457 0.5385855494777784 -0.06459775654254626 0
458 0.5245093411931298 -0.06559059821225961 0
459 0.5102346258626413 -0.06655489134710704 0
460 0.4957579502719194 -0.06748753053664203 0
461 0.4810322422107946 -0.06838928452222615 0
462 0.4660528794012954 -0.06925551428614811 0
463 0.4508586098262859 -0.07007948375082335 0
464 0.4354459484597262 -0.07085460995761465 0
465 0.419806309748603 -0.07157684383214072 0
466 0.4038561910080976 -0.07224273049192025 0
467 0.387674798589814 -0.07283891295363719 0
468 0.3712588768120897 -0.07335546174961317 0
469 0.3546057136578553 -0.0737883504217741 0
470 0.3376622110937235 -0.07412519307112433 0
471 0.3204284375711328 -0.07435642565270315 0
472 0.3029463987062361 -0.07446714307353307 0
473 0.285214298544836 -0.07444543101596994 0
474 0.9994678448624695 -0.0152251746176531 0
475 0.9940231200293888 -0.01599254511983795 0
476 0.988211411475485 -0.01680654379512663 0
477 0.982068307615934 -0.01765909994923946 0
478 0.9756191415134657 -0.01854800830196093 0
479 0.9689135886089979 -0.01946466573790824 0
480 0.9619298991968125 -0.02041176221021002 0
481 0.9547009068472687 -0.02138338911929355 0
482 0.9472473465294972 -0.02237576623880193 0
483 0.9395825334804572 -0.02338704340143546 0
484 0.9317069675860088 -0.02441649534383317 0
485 0.9236485055123772 -0.02546036736204461 0
486 0.9154056638491338 -0.02651927634666011 0
487 0.9070011704052666 -0.02758626815462117 0
488 0.8984489310714411 -0.02866088361606986 0
489 0.8897293045724626 -0.02974855073674162 0
490 0.8808828305210606 -0.03083759956208052 0
491 0.8718685434694673 -0.03193711697790276 0
492 0.8627150076695502 -0.03304317632144142 0
493 0.8534572549458576 -0.03414633550962108 0
494 0.8440615346375505 -0.03526020366857648 0
495 0.8345160291524258 -0.03637208798459696 0
496 0.8248501322911539 -0.03749206251807208 0
497 0.8150560978122875 -0.03860707929313696 0
498 0.8051070839729914 -0.03972934103032497 0
499 0.7950145167238233 -0.04085676713253086 0
500 0.7848029555653935 -0.04197866450320069 0
501 0.7744291518360242 -0.04310913208241781 0
502 0.7638877322929112 -0.04423992835656742 0
503 0.7532162859182908 -0.04536897344278847 0
504 0.7423965975699117 -0.04650234943396592 0
505 0.7313990134302796 -0.04763461369271484 0
506 0.7202410503483904 -0.04876567763698362 0
507 0.708942196775815 -0.04989667467857999 0
508 0.6974672524758222 -0.05102674480398076 0
509 0.6858029346257563 -0.05215339052214344 0
510 0.6739771922885665 -0.05327841791782605 0
511 0.6619977081762142 -0.05439942890505193 0
512 0.6498208023593937 -0.05551561310860961 0
513 0.6374404379297632 -0.0566237690069064 0
514 0.6248925225771602 -0.05772470176515654 0
515 0.6121756573737391 -0.05881696858091752 0
516 0.5992469426502801 -0.05990218157317767 0
517 0.5860994722751135 -0.06097807032548553 0
518 0.5727684919864993 -0.0620328292054638 0
519 0.5592540734859488 -0.06307076164722543 0
520 0.5455186881049667 -0.06409190830946383 0
521 0.5315474081677352 -0.06509421531945699 0
522 0.5173719835278905 -0.06607274477968299 0
523 0.5029962017667288 -0.06702285852264737 0
524 0.4883951239188905 -0.06794134887662488 0
525 0.4735433163829568 -0.06882633355814197 0
526 0.4584562176267227 -0.06967195883548687 0
527 0.4431527261106077 -0.07047181624602529 0
528 0.4276260464020112 -0.07122006156070966 0
529 0.4118314758067741 -0.07191328671366166 0
530 0.395765635424599 -0.07254334910369598 0
531 0.3794669902290675 -0.07310120584164884 0
532 0.3629325293053157 -0.07358076681545506 0
533 0.3461343028610545 -0.07397089971954365 0
534 0.3290456659322208 -0.07426291607045594 0
535 0.3116875952752922 -0.07443703894600204 0
536 0.2940802880994116 -0.07447477693664574 0
537 0.2762222751677779 -0.07436984008539367 0
538 0.2546041986110641 -0.07403949465762485 0
539 0.2419793054008697 -0.07372177322028434 0
540 0.2295958841167836 -0.07332139747104491 0
541 0.2174622765532059 -0.07284134959040839 0
542 0.205332438566866 -0.07227243413583946 0
543 0.1936621385675183 -0.07161312108042998 0
544 0.1820114073728878 -0.07084465183835079 0
545 0.1705649687096222 -0.06999129767970774 0
546 0.1593764978500223 -0.06906214764881748 0
547 0.1482007882660811 -0.06798916895739567 0
548 0.1374211028634777 -0.06682957898939808 0
549 0.1267004724808759 -0.06556509792006547 0
550 0.1162046668247985 -0.06419845141879725 0
551 0.1059342702614237 -0.06269342159585849 0
552 0.09586300483321054 -0.06105728006957004 0
553 0.08603885389119108 -0.05929754384355625 0
554 0.07649032736593193 -0.05740794412355255 0
555 0.06714760385641949 -0.05536237687903685 0
556 0.05818048344300629 -0.05318610494941154 0
557 0.04951346396078952 -0.05085274189219448 0
558 0.04118754389797252 -0.04831897150950758 0
559 0.03323909841397153 -0.04560878893865869 0
560 0.02570684676333578 -0.042725824702686 0
561 0.01865340430197566 -0.03958913372570903 0
562 0.01209178899560713 -0.03624256931545421 0
563 0.006158730640133584 -0.03266896617713078 0
564 0.000855401842365955 -0.02882140230535695 0
565 -0.003716474900916366 -0.02476076415045268 0
566 -0.007513402409989215 -0.02052039751742842 0
567 -0.01048913595735986 -0.01616030580038239 0
568 -0.01263294331848241 -0.01178996817098235 0
569 -0.01402830565649404 -0.007569484486058378 0
570 -0.01477664533163233 -0.003601024960320819 0
571 0.260917599305527 -0.07415624732881233 0
572 0.2482918429217473 -0.0738911116576029 0
573 0.2357870290927093 -0.07354512960583844 0
574 0.2235287406101307 -0.07310214643200118 0
575 0.2113968678723409 -0.07256302485674301 0
576 0.1994972885671924 -0.07194277760813474 0
577 0.1878364819537144 -0.07124337392818639 0
578 0.176285308998136 -0.07045270459734888 0
579 0.1649699593505458 -0.06953559721087915 0
580 0.1537886430580526 -0.06852565830310667 0
581 0.1428044280489867 -0.06743223090310252 0
582 0.1320702637891503 -0.06623056382740336 0
583 0.1214635255048606 -0.06489021362601521 0
584 0.1110694685431115 -0.06344593650732794 0
585 0.1008913690665782 -0.06188609718665562 0
586 0.09094664161104098 -0.06020147314905215 0
587 0.0812613721399229 -0.05838393088053745 0
588 0.07181373102613571 -0.05641708981637714 0
589 0.06265333014138136 -0.05429969301978759 0
590 0.05384851017483565 -0.05203772170648113 0
591 0.04534020382764232 -0.04960576094345293 0
592 0.03720432611770463 -0.04701262648554278 0
593 0.02946991200291098 -0.04420611386992632 0
594 0.02215590621045434 -0.04119607351935606 0
595 0.01535728192636115 -0.03797043200530913 0
596 0.009085469872877425 -0.03452010504579096 0
597 0.003465070514575635 -0.03080521183475888 0
598 -0.001485686839279055 -0.02685136382778571 0
599 -0.005680672949860026 -0.02269839409568467 0
600 -0.009084792884263525 -0.01839652088493069 0
601 -0.01163408920059934 -0.0140135365305598 0
602 -0.01340163069530909 -0.009704035929872727 0
603 -0.01446849507769326 -0.005595884006271483 0
604 -0.01494289776783091 -0.001801996670909734 0
605 -0.0147766453317865 0.003601024958729269 0
606 -0.0140283056573189 0.00756948448269979 0
607 -0.01263294332075487 0.01178996816560815 0
608 -0.01048913596183804 0.01616030579325153 0
609 -0.007513402416774756 0.02052039750828334 0
610 -0.003716474911319273 0.02476076413994673 0
611 0.0008554018282827551 0.02882140229424022 0
612 0.00615873062140098 0.03266896616525102 0
613 0.01209178897308752 0.03624256930255165 0
614 0.01865340427376766 0.03958913371238624 0
615 0.02570684673055864 0.04272582468856555 0
616 0.03323909837588844 0.04560878892498177 0
617 0.04118754385473596 0.04831897149532763 0
618 0.04951346391171455 0.0508527418787799 0
619 0.05818048338807724 0.05318610493573606 0
620 0.06714760379760462 0.05536237686574257 0
621 0.07649032730072913 0.05740794411021437 0
622 0.08603885381919359 0.05929754383029556 0
623 0.09586300475703495 0.06105728005701414 0
624 0.1059342701778709 0.0626934215836146 0
625 0.1162046667371334 0.06419845140595076 0
626 0.1267004723851957 0.06556509790773518 0
627 0.137421102763313 0.06682957897818485 0
628 0.148200788157267 0.06798916894694844 0
629 0.1593764977367538 0.06906214763794259 0
630 0.1705649685917386 0.06999129767010639 0
631 0.1820114072455052 0.07084465182963154 0
632 0.1936621384353733 0.07161312107296447 0
633 0.2053324384245623 0.07227243412780002 0
634 0.217462276405945 0.07284134958365099 0
635 0.2295958839645809 0.0733213974655447 0
636 0.2419793052374699 0.07372177321590102 0
637 0.2546041984425683 0.07403949465450889 0
638 -0.01494289776785534 0.001801996670138906 0
639 -0.014468495078106 0.005595884003807389 0
640 -0.01340163069676196 0.009704035925474374 0
641 -0.01163408920389293 0.01401353652425378 0
642 -0.009084792889427762 0.01839652087670739 0
643 -0.00568067295837796 0.02269839408580928 0
644 -0.00148568685145114 0.02685136381696028 0
645 0.003465070498265661 0.03080521182324938 0
646 0.00908546985138086 0.03452010503347455 0
647 0.01535728190113719 0.03797043199220126 0
648 0.02215590617867827 0.04119607350566688 0
649 0.02946991196757591 0.04420611385604395 0
650 0.03720432607528701 0.0470126264716314 0
651 0.04534020378159723 0.04960576092966208 0
652 0.05384851012512314 0.05203772169289227 0
653 0.06265333008698598 0.05429969300624497 0
654 0.07181373096684751 0.05641708980297587 0
655 0.08126137207433852 0.05838393086712121 0
656 0.0909466415401799 0.06020147313600076 0
657 0.1008913689902219 0.06188609717406993 0
658 0.1110694684575013 0.06344593649478256 0
659 0.121463525409185 0.06489021361368552 0
660 0.1320702636869127 0.06623056381595807 0
661 0.1428044279466892 0.06743223089165053 0
662 0.1537886429470079 0.06852565829244527 0
663 0.1649699592350734 0.06953559720147419 0
664 0.1762853088756617 0.0704527045889656 0
665 0.1878364818237913 0.07124337391929325 0
666 0.1994972884299676 0.07194277760038223 0
667 0.2113968677276781 0.07256302485010484 0
668 0.2235287404606015 0.07310214642659757 0
669 0.2357870289348041 0.07354512960013214 0
670 0.2482918427556238 0.07389111165314652 0
671 0.2609175992212854 0.07415624732725447 0
672 0.2852143077068485 0.07444543104629567 0
673 0.3029464167923501 0.07446714301124563 0
674 0.3204284642267146 0.07435642538957331 0
675 0.3376622459737556 0.07412519251361752 0
676 0.3546057572825306 0.07378834948171181 0
677 0.3712589281512447 0.073355460360412 0
678 0.3876748573212604 0.07283891107678529 0
679 0.4038562568068138 0.07224272777390099 0
680 0.41980638232057 0.07157684052098173 0
681 0.4354460290916924 0.07085460595264513 0
682 0.4508586967750868 0.07007947908701288 0
683 0.466052972385236 0.06925550895843287 0
684 0.4810323409561137 0.06838927851485702 0
685 0.4957580565985837 0.06748752371081879 0
686 0.5102347375327954 0.06655488380350562 0
687 0.5245094579788562 0.06559059032308832 0
688 0.5385856711105705 0.0645977479627715 0
689 0.5524509077438648 0.06358235206201995 0
690 0.5660579735580128 0.06255115417351538 0
691 0.5794792739705164 0.0615018662352998 0
692 0.5927184700004425 0.0604364402409587 0
693 0.6057744560399202 0.05935731905941102 0
694 0.6185767331500398 0.05827328656839422 0
695 0.6312086192377624 0.05717609027584564 0
696 0.6436734185456181 0.05606738044053504 0
697 0.6559678412088181 0.05495215078364811 0
698 0.668026082430747 0.05383807164719685 0
699 0.6799286407582921 0.05271873234474532 0
700 0.6916778176375756 0.05158741234340005 0
701 0.7032556116595396 0.05045669830810257 0
702 0.7146268674704713 0.0493311801092978 0
703 0.7258555985154489 0.04820013837001634 0
704 0.7369445085744977 0.04706367321441141 0
705 0.7478480071274446 0.04593344698327676 0
706 0.7585849490990491 0.04480445948377071 0
707 0.7691915090213426 0.04367098306993855 0
708 0.7796670145770006 0.04254117381220719 0
709 0.789939297975906 0.04141611122879824 0
710 0.8000905501495393 0.04028973077413616 0
711 0.8101238888025579 0.03916859414136845 0
712 0.8199887192666675 0.03804551748951594 0
713 0.8297106547932603 0.03693106587931577 0
714 0.8393218235169931 0.03581306123338587 0
715 0.8487995250825833 0.03469851211955379 0
716 0.8581154158539479 0.03359410779907235 0
717 0.8673246386914494 0.03248617566361001 0
718 0.8764204389538784 0.03138694411067747 0
719 0.8853456597671931 0.03028820113283645 0
720 0.8941292879786055 0.02920083900267431 0
721 0.902769016802999 0.02812087289962512 0
722 0.9112543017569059 0.02704631219645537 0
723 0.9195761710880379 0.02598408221040754 0
724 0.9277233307319864 0.02493507528932722 0
725 0.9356910461399603 0.02389785789894007 0
726 0.9434625389464393 0.02287620587584328 0
727 0.9510166101751694 0.02187460419437114 0
728 0.9583689749277176 0.02089098701506183 0
729 0.9654737527080249 0.0199317869092684 0
730 0.9723306577431077 0.01899885802395261 0
731 0.9789223075633959 0.01809374046334445 0
732 0.985219316206421 0.01722251528251968 0
733 0.9912046279664838 0.01638789646242897 0
734 0.9968399048293838 0.01559630878927994 0
735 0.2762222797557408 0.0743698401348081 0
736 0.2940803017269932 0.07447477698175226 0
737 0.3116876176500055 0.07443703886894494 0
738 0.3290456975253807 0.07426291556548503 0
739 0.3461343421185555 0.07397089887358901 0
740 0.3629325767813533 0.0735807655307871 0
741 0.3794670452730551 0.07310120408263525 0
742 0.3957656976687646 0.07254334681852249 0
743 0.411831544951803 0.07191328385741262 0
744 0.4276261229592754 0.07122005806771804 0
745 0.4431528098529621 0.07047181208656357 0
746 0.4584563075114445 0.06967195401419776 0
747 0.4735434121288599 0.06882632807217412 0
748 0.4883952263546297 0.06794134264474166 0
749 0.5029963106667266 0.06702285153162457 0
750 0.5173720977558395 0.06607273706329604 0
751 0.5315475275604591 0.06509420689769289 0
752 0.5455188134960204 0.06409189909253216 0
753 0.5592542046488617 0.06307075163043667 0
754 0.5727686275898063 0.06203281847641093 0
755 0.586099611532421 0.06097805930732494 0
756 0.5992470872148676 0.05990216974271011 0
757 0.6121758070761487 0.05881695594395073 0
758 0.6248926761939111 0.05772468842211906 0
759 0.637440595229924 0.05662375496546838 0
760 0.6498209645064811 0.05551559824555489 0
761 0.6619978742384979 0.05439941368311454 0
762 0.6739773615945129 0.05327840199597171 0
763 0.6858031070586981 0.05215337391019011 0
764 0.6974674291921845 0.05102672740068219 0
765 0.708942376724745 0.04989665695693318 0
766 0.7202412329929607 0.04876565923965701 0
767 0.7313991986695544 0.04763459462127083 0
768 0.7423967856147283 0.04650233007367532 0
769 0.7532164781132491 0.04536895323352349 0
770 0.7638879267446121 0.04423990749739774 0
771 0.7744293485598717 0.04310911097951105 0
772 0.7848031562764534 0.04197864252050271 0
773 0.7950147193311132 0.04085674449956329 0
774 0.8051072864878615 0.03972931840768149 0
775 0.815056304034611 0.03860705581544239 0
776 0.8248503408487593 0.03749203877451377 0
777 0.8345162391551267 0.03637206355635082 0
778 0.8440617481289352 0.03526017835904748 0
779 0.853457470468267 0.0341463099593129 0
780 0.8627152188369603 0.03304315080521555 0
781 0.8718687712064508 0.03193708945950725 0
782 0.88088304936053 0.03083757262175768 0
783 0.8897295368411964 0.02974852214320365 0
784 0.8984491523907978 0.02866085595115027 0
785 0.907001381071284 0.0275862414095334 0
786 0.9154058961652871 0.02651924685298104 0
787 0.9236487379909405 0.02546033746457971 0
788 0.9317071884359733 0.02441646659413365 0
789 0.9395827413848687 0.02338701602895465 0
790 0.9472475519035152 0.02237573893223162 0
791 0.9547011096432518 0.0213833618959251 0
792 0.9619300994970922 0.02041173508177858 0
793 0.9689137865070028 0.01946463876086632 0
794 0.9756193452967382 0.01854798027846077 0
795 0.982068514270633 0.01765907139853916 0
796 0.9882115905534695 0.01680651874831802 0
797 0.9940233750365389 0.0159925092923871 0
798 0.9994679120982184 0.01522554905794219 0
799 1.000551868855585 -0.003895606579440799 0
800 1.001241704921508 -0.008765114778632002 0
801 1.000275934427792 -0.001947803289715556 0
802 1.000896786888543 -0.006330360679014302 0
803 1.001672852460749 -0.01180855738928159 0
804 0.2673925573767239 -0.06320890166162249 0
805 0.2673207540979987 -0.06812627871331058 0
806 0.267421278688362 -0.06124195083081026 0
807 0.2673566557373616 -0.06566759018744624 0
808 0.2672758770489994 -0.07119963935665213 0
809 -0.003934426251788259 0 0
810 -0.008852459041177724 0 0
811 -0.00196721312589522 0 0
812 -0.006393442646480216 0 0
813 -0.01192622952058776 0 0
814 0.2673805313242915 0.0640324940560594 0
815 0.2673075892148646 0.06902786281031946 0
816 0.2674152656621457 0.06165374702802801 0
817 0.2673440602695784 0.06653017843316759 0
818 0.2672692946074327 0.0716504314051363 0
819 1.000551868855585 0.003895606579440799 0
820 1.001241704921508 0.008765114778632002 0
821 1.000275934427792 0.001947803289715556 0
822 1.000896786888543 0.006330360679014302 0
823 1.001672852460749 0.01180855738928159 0
824 -0.06945927106658663 -0.393923101204916 0
825 -0.136808057329934 -0.3758770483144848 0
826 -0.1999999999995459 -0.3464101615140377 0
827 -0.2571150438740925 -0.3064177772480303 0
828 -0.3064177772471602 -0.2571150438751295 0
829 -0.3464101615135208 -0.2000000000004411 0
830 -0.3758770483142587 -0.1368080573305551 0
831 -0.3939231012048621 -0.06945927106689219 0
832 -0.03486229709896403 -0.3984778792367069 0
833 -0.1035276180407517 -0.3863703305156961 0
834 -0.1690473046958793 -0.3625231148148468 0
835 -0.2294305745399327 -0.3276608177159369 0
836 -0.2828427124740748 -0.2828427124751633 0
837 -0.3276608177152616 -0.229430574540897 0
838 -0.3625231148144901 -0.1690473046966442 0
839 -0.3863703305155608 -0.1035276180412565 0
840 -0.3984778792366939 -0.03486229709911289 0
841 -0.393923101204916 0.06945927106658663 0
842 -0.3758770483144848 0.136808057329934 0
843 -0.3464101615140377 0.1999999999995459 0
844 -0.3064177772480303 0.2571150438740925 0
845 -0.2571150438751295 0.3064177772471602 0
846 -0.2000000000004411 0.3464101615135208 0
847 -0.1368080573305551 0.3758770483142587 0
848 -0.06945927106689219 0.3939231012048621 0
849 -0.3984778792367069 0.03486229709896403 0
850 -0.3863703305156961 0.1035276180407517 0
851 -0.3625231148148468 0.1690473046958793 0
852 -0.3276608177159369 0.2294305745399327 0
853 -0.2828427124751633 0.2828427124740748 0
854 -0.229430574540897 0.3276608177152616 0
855 -0.1690473046966442 0.3625231148144901 0
856 -0.1035276180412565 0.3863703305155608 0
857 -0.03486229709911289 0.3984778792366939 0
858 1.070892898798461 0.3936676223668276 0
859 1.134985372870683 0.3765354553172418 0
860 1.191407738142674 0.3512308041432379 0
861 1.239898128133103 0.3200763785696056 0
862 1.280623649341105 0.2850445007897547 0
863 1.314034748048467 0.2477542674065086 0
864 1.340752169923309 0.2094945314144418 0
865 1.361482779580143 0.1712606203043008 0
866 1.376959547239837 0.133796486294435 0
867 1.387900767199846 0.09763705651939308 0
868 1.39498399430058 0.06314779684486034 0
869 1.398830914743139 0.03055980113074902 0
870 1.035587575453244 0.3984137603966004 0
871 1.103294934402993 0.3864326028257468 0
872 1.163686276370451 0.3649750716528137 0
873 1.216214793964706 0.3365281011606607 0
874 1.260849646964376 0.3032448873081961 0
875 1.297913230275074 0.2669226615090422 0
876 1.327951869694743 0.2290143470696161 0
877 1.351637510891148 0.1906595419439518 0
878 1.369696034390569 0.1527247267337136 0
879 1.38285728573661 0.1158460131312058 0
880 1.391822044690725 0.08047040011320408 0
881 1.39724176746811 0.04689326368266611 0
882 1.399707621829542 0.01529107750853225 0
883 1.398830914743147 -0.03055980113064375 0
884 1.394983994300615 -0.06314779684463653 0
885 1.387900767199937 -0.09763705651903093 0
886 1.376959547240027 -0.1337964862938999 0
887 1.361482779580475 -0.1712606203036 0
888 1.340752169923863 -0.2094945314135398 0
889 1.314034748049314 -0.2477542674054349 0
890 1.280623649342268 -0.2850445007886098 0
891 1.239898128134162 -0.3200763785688114 0
892 1.191407738143621 -0.3512308041427215 0
893 1.134985372871406 -0.3765354553169826 0
894 1.07089289879889 -0.3936676223667503 0
895 1.399707621829543 -0.0152910775084877 0
896 1.397241767468129 -0.04689326368250262 0
897 1.391822044690782 -0.08047040011292708 0
898 1.382857285736745 -0.1158460131307592 0
899 1.369696034390814 -0.1527247267331199 0
900 1.35163751089159 -0.1906595419431365 0
901 1.327951869695467 -0.2290143470685784 0
902 1.297913230276102 -0.266922661507895 0
903 1.26084964696543 -0.3032448873072891 0
904 1.216214793965723 -0.3365281011600068 0
905 1.163686276371253 -0.364975071652454 0
906 1.10329493440367 -0.3864326028255659 0
907 1.035587575453438 -0.3984137603965829 0
908 0.07142857142842934 0.4 0
909 0.1428571428568666 0.4 0
910 0.2142857142852295 0.4 0
911 0.2857142857135924 0.4 0
912 0.3571428571419552 0.4 0
913 0.4285714285703181 0.4 0
914 0.4999999999986918 0.4 0
915 0.5714285714274404 0.4 0
916 0.6428571428562001 0.4 0
917 0.71428571428496 0.4 0
918 0.78571428571372 0.4 0
919 0.8571428571424801 0.4 0
920 0.92857142857124 0.4 0
921 0.03571428571421742 0.4 0
922 0.1071428571426603 0.4 0
923 0.178571428571048 0.4 0
924 0.2499999999994109 0.4 0
925 0.3214285714277738 0.4 0
926 0.3928571428561367 0.4 0
927 0.4642857142845049 0.4 0
928 0.5357142857130661 0.4 0
929 0.6071428571418203 0.4 0
930 0.6785714285705801 0.4 0
931 0.74999999999934 0.4 0
932 0.8214285714281 0.4 0
933 0.89285714285686 0.4 0
934 0.9642857142856199 0.4 0
935 0.9285714285711314 -0.4 0
936 0.8571428571424611 -0.4 0
937 0.7857142857143855 -0.4 0
938 0.7142857142863099 -0.4 0
939 0.6428571428582344 -0.4 0
940 0.5714285714301588 -0.4 0
941 0.5000000000020616 -0.4 0
942 0.4285714285732146 -0.4 0
943 0.3571428571443458 -0.4 0
944 0.2857142857154765 -0.4 0
945 0.2142857142866074 -0.4 0
946 0.1428571428577383 -0.4 0
947 0.07142857142886905 -0.4 0
948 0.964285714285569 -0.4 0
949 0.8928571428567829 -0.4 0
950 0.8214285714284112 -0.4 0
951 0.7500000000003585 -0.4 0
952 0.6785714285722988 -0.4 0
953 0.6071428571441484 -0.4 0
954 0.5357142857161319 -0.4 0
955 0.4642857142876381 -0.4 0
956 0.3928571428587802 -0.4 0
957 0.3214285714299112 -0.4 0
958 0.2500000000010419 -0.4 0
959 0.1785714285721728 -0.4 0
960 0.1071428571433037 -0.4 0
961 0.03571428571443447 -0.4 0
962 1.007261853996151 0 0
963 1.014741563574771 0 0
964 1.022445664446586 0 0
965 1.030380888360316 0 0
966 1.038554169034591 0 0
967 1.046972648106659 0 0
968 1.055643681499052 0 0
969 1.06457484589362 0 0
970 1.073773945255216 0 0
971 1.083249017587619 0 0
972 1.093008342093993 0 0
973 1.1030604463875 0 0
974 1.113414113789031 0 0
975 1.124078391189379 0 0
976 1.135062596936414 0 0
977 1.146376328859421 0 0
978 1.158029472726994 0 0
979 1.170032210882008 0 0
980 1.182395031170138 0 0
981 1.195128736078424 0 0
982 1.208244452140151 0 0
983 1.221753639692321 0 0
984 1.235668102881594 0 0
985 1.003630926998075 0 0
986 1.011001708785476 0 0
987 1.018593614010672 0 0
988 1.026413276403438 0 0
989 1.034467528697451 0 0
990 1.042763408570625 0 0
991 1.051308164802849 0 0
992 1.060109263696309 0 0
993 1.069174395574422 0 0
994 1.078511481421455 0 0
995 1.088128679840795 0 0
996 1.098034394240747 0 0
997 1.108237280088302 0 0
998 1.118746252489245 0 0
999 1.129570494062927 0 0
1000 1.140719462897978 0 0
1001 1.152202900793211 0 0
1002 1.164030841804501 0 0
1003 1.176213621026086 0 0
1004 1.188761883624226 0 0
1005 1.201686594109261 0 0
1006 1.21499904591617 0 0
1007 1.228710871286993 0 0
1008 1.242834051440798 0 0
1009 1.258778950856973 0 0
1010 1.267821270216775 0 0
1011 1.27713485916984 0 0
1012 1.286727855798558 0 0
1013 1.296608642329497 0 0
1014 1.306785852449747 0 0
1015 1.317268378862513 0 0
1016 1.328065381066262 0 0
1017 1.339186293334771 0 0
1018 1.350640832978772 0 0
1019 1.362439008806235 0 0
1020 1.374591129923709 0 0
1021 1.387107814706116 0 0
1022 1.254389475428487 0 0
1023 1.263300110536862 0 0
1024 1.272478064693327 0 0
1025 1.281931357484199 0 0
1026 1.291668249064001 0 0
1027 1.30169724738971 0 0
1028 1.312027115656144 0 0
1029 1.322666879964387 0 0
1030 1.333625837200524 0 0
1031 1.344913563156771 0 0
1032 1.356539920892504 0 0
1033 1.368515069365003 0 0
1034 1.380849472314913 0 0
1035 1.393553907353137 0 0
1036 -0.07232200815295511 -0.5956253244588613 0
1037 -0.1435893985721839 -0.5825650904557177 0
1038 -0.2127629322249796 -0.5610097456114543 0
1039 -0.2788339032255536 -0.5312736153922972 0
1040 -0.3408388480378968 -0.4937903195367437 0
1041 -0.39787359494366 -0.4491064489033846 0
1042 -0.4491064489019962 -0.3978735949452271 0
1043 -0.4937903195357211 -0.3408388480393783 0
1044 -0.5312736153916032 -0.278833903226876 0
1045 -0.5610097456110716 -0.2127629322259887 0
1046 -0.5825650904555675 -0.1435893985727934 0
1047 -0.5956253244588203 -0.07232200815329273 0
1048 -0.03622709845324921 -0.5989053325339979 0
1049 -0.1081530226880652 -0.5901719441683371 0
1050 -0.1785018323126838 -0.5728325199052638 0
1051 -0.2462476832710098 -0.547139907595544 0
1052 -0.3104026885058481 -0.5134687633813194 0
1053 -0.3700313235763018 -0.4723100883660756 0
1054 -0.4242640687111153 -0.4242640687127417 0
1055 -0.4723100883648639 -0.3700313235778485 0
1056 -0.513468763380498 -0.310402688507207 0
1057 -0.5471399075950212 -0.2462476832721714 0
1058 -0.5728325199050123 -0.1785018323134911 0
1059 -0.5901719441682584 -0.1081530226884954 0
1060 -0.5989053325339874 -0.0362270984534219 0
1061 -0.5956253244588613 0.07232200815295511 0
1062 -0.5825650904557177 0.1435893985721839 0
1063 -0.5610097456114543 0.2127629322249796 0
1064 -0.5312736153922972 0.2788339032255536 0
1065 -0.4937903195367437 0.3408388480378968 0
1066 -0.4491064489033846 0.39787359494366 0
1067 -0.3978735949452271 0.4491064489019962 0
1068 -0.3408388480393783 0.4937903195357211 0
1069 -0.278833903226876 0.5312736153916032 0
1070 -0.2127629322259887 0.5610097456110716 0
1071 -0.1435893985727934 0.5825650904555675 0
1072 -0.07232200815329273 0.5956253244588203 0
1073 -0.5989053325339979 0.03622709845324921 0
1074 -0.5901719441683371 0.1081530226880652 0
1075 -0.5728325199052638 0.1785018323126838 0
1076 -0.547139907595544 0.2462476832710098 0
1077 -0.5134687633813194 0.3104026885058481 0
1078 -0.4723100883660756 0.3700313235763018 0
1079 -0.4242640687127417 0.4242640687111153 0
1080 -0.3700313235778485 0.4723100883648639 0
1081 -0.310402688507207 0.513468763380498 0
1082 -0.2462476832721714 0.5471399075950212 0
1083 -0.1785018323134911 0.5728325199050123 0
1084 -0.1081530226884954 0.5901719441682584 0
1085 -0.0362270984534219 0.5989053325339874 0
1086 0.07142857142842934 0.6 0
1087 0.1428571428568666 0.6 0
1088 0.2142857142852295 0.6 0
1089 0.2857142857135924 0.6 0
1090 0.3571428571419552 0.6 0
1091 0.4285714285703181 0.6 0
1092 0.4999999999986918 0.6 0
1093 0.5714285714274404 0.6 0
1094 0.6428571428562001 0.6 0
1095 0.71428571428496 0.6 0
1096 0.78571428571372 0.6 0
1097 0.8571428571424801 0.6 0
1098 0.92857142857124 0.6 0
1099 0.03571428571421742 0.6 0
1100 0.1071428571426603 0.6 0
1101 0.178571428571048 0.6 0
1102 0.2499999999994109 0.6 0
1103 0.3214285714277738 0.6 0
1104 0.3928571428561367 0.6 0
1105 0.4642857142845049 0.6 0
1106 0.5357142857130661 0.6 0
1107 0.6071428571418203 0.6 0
1108 0.6785714285705801 0.6 0
1109 0.74999999999934 0.6 0
1110 0.8214285714281 0.6 0
1111 0.89285714285686 0.6 0
1112 0.9642857142856199 0.6 0
1113 1.072322008152875 0.5956253244588712 0
1114 1.143589398572108 0.5825650904557363 0
1115 1.212762932225034 0.5610097456114337 0
1116 1.27883390322561 0.5312736153922677 0
1117 1.340838848038015 0.4937903195366621 0
1118 1.397873594943758 0.4491064489032979 0
1119 1.449106448901993 0.3978735949452306 0
1120 1.493790319535775 0.3408388480393003 0
1121 1.531273615391584 0.2788339032269115 0
1122 1.561009745611056 0.2127629322260296 0
1123 1.582565090455562 0.1435893985728158 0
1124 1.595625324458818 0.07232200815331137 0
1125 1.036227098453144 0.5989053325340042 0
1126 1.108153022687999 0.5901719441683493 0
1127 1.178501832312682 0.5728325199052645 0
1128 1.246247683271052 0.547139907595525 0
1129 1.310402688505909 0.5134687633812828 0
1130 1.370031323576412 0.4723100883659891 0
1131 1.424264068711138 0.424264068712719 0
1132 1.472310088364888 0.3700313235778176 0
1133 1.513468763380472 0.3104026885072507 0
1134 1.547139907595001 0.2462476832722174 0
1135 1.572832519905014 0.1785018323134862 0
1136 1.590171944168248 0.1081530226885511 0
1137 1.598905332533986 0.03622709845344345 0
1138 1.595625324458862 -0.07232200815294811 0
1139 1.582565090455715 -0.1435893985721938 0
1140 1.561009745611437 -0.2127629322250257 0
1141 1.531273615392269 -0.2788339032256077 0
1142 1.493790319536759 -0.3408388480378745 0
1143 1.449106448903447 -0.3978735949435894 0
1144 1.397873594945319 -0.449106448901915 0
1145 1.340838848039372 -0.4937903195357254 0
1146 1.278833903226875 -0.5312736153916039 0
1147 1.212762932226061 -0.5610097456110443 0
1148 1.143589398572997 -0.5825650904555173 0
1149 1.072322008153412 -0.595625324458806 0
1150 1.598905332533998 -0.03622709845324569 0
1151 1.590171944168335 -0.1081530226880792 0
1152 1.572832519905261 -0.1785018323126926 0
1153 1.547139907595525 -0.2462476832710528 0
1154 1.513468763381292 -0.3104026885058941 0
1155 1.47231008836608 -0.3700313235762958 0
1156 1.424264068712805 -0.4242640687110523 0
1157 1.370031323577865 -0.472310088364851 0
1158 1.310402688507232 -0.5134687633804832 0
1159 1.24624768327226 -0.5471399075949813 0
1160 1.178501832313628 -0.5728325199049698 0
1161 1.108153022688725 -0.5901719441682164 0
1162 1.036227098453499 -0.5989053325339828 0
1163 0.9285714285711314 -0.6 0
1164 0.8571428571424611 -0.6 0
1165 0.7857142857143855 -0.6 0
1166 0.7142857142863099 -0.6 0
1167 0.6428571428582344 -0.6 0
1168 0.5714285714301588 -0.6 0
1169 0.5000000000020616 -0.6 0
1170 0.4285714285732146 -0.6 0
1171 0.3571428571443458 -0.6 0
1172 0.2857142857154765 -0.6 0
1173 0.2142857142866074 -0.6 0
1174 0.1428571428577383 -0.6 0
1175 0.07142857142886905 -0.6 0
1176 0.964285714285569 -0.6 0
1177 0.8928571428567829 -0.6 0
1178 0.8214285714284112 -0.6 0
1179 0.7500000000003585 -0.6 0
1180 0.6785714285722988 -0.6 0
1181 0.6071428571441484 -0.6 0
1182 0.5357142857161319 -0.6 0
1183 0.4642857142876381 -0.6 0
1184 0.3928571428587802 -0.6 0
1185 0.3214285714299112 -0.6 0
1186 0.2500000000010419 -0.6 0
1187 0.1785714285721728 -0.6 0
1188 0.1071428571433037 -0.6 0
1189 0.03571428571443447 -0.6 0
1190 0.9952989669381265 -0.004638685954797729 0
1191 0.9896758505809531 -0.005428392574718742 0
1192 0.983703544078409 -0.006261267750148052 0
1193 0.977420366771215 -0.007131051563404306 0
1194 0.9708429494967277 -0.008033471745365242 0
1195 0.9640011367482376 -0.0089649397980199 0
1196 0.9569116867658357 -0.00992202481904926 0
1197 0.9495755609525487 -0.01090336955181074 0
1198 0.9420378882248153 -0.01190289005948873 0
1199 0.9342837226327895 -0.01292152633044075 0
1200 0.9263335315183782 -0.01395698011473287 0
1201 0.9182043085008792 -0.01500382573124338 0
1202 0.9099008404470624 -0.01606391710052219 0
1203 0.9014343997497216 -0.01713633142371122 0
1204 0.892813898194623 -0.01821365305803838 0
1205 0.8840499584802091 -0.01929853699134549 0
1206 0.8751436153474068 -0.02039487312024342 0
1207 0.866068330840484 -0.02149176024409332 0
1208 0.8568800421502152 -0.02259732134894899 0
1209 0.8475854957932621 -0.0236991112644053 0
1210 0.8381278695222009 -0.02481145892048734 0
1211 0.8285388922310936 -0.02592691233144196 0
1212 0.8188396364442582 -0.0270392738066535 0
1213 0.8089957248739844 -0.02816034910501814 0
1214 0.7989858914245138 -0.02927892688667001 0
1215 0.7888586377291606 -0.03040273648792673 0
1216 0.778610814667493 -0.03152494264479546 0
1217 0.7681575181585645 -0.03265273687643327 0
1218 0.757576459182029 -0.03378398649240522 0
1219 0.7468655197068038 -0.03491046856802171 0
1220 0.7359851184235328 -0.03603852136137155 0
1221 0.7249232060666908 -0.03717236951369773 0
1222 0.7137220334901226 -0.03830080202327099 0
1223 0.7023789417336802 -0.03942411823486346 0
1224 0.6908256858717908 -0.04055281654769334 0
1225 0.6791056809699084 -0.04168130740689463 0
1226 0.6672329066371722 -0.04279804255014327 0
1227 0.6552050807025374 -0.04390999575420078 0
1228 0.6429367405173434 -0.04502358092272826 0
1229 0.6305034668551984 -0.04613023546997484 0
1230 0.6179036451524416 -0.04722472218765249 0
1231 0.6051317891264384 -0.04830696897003935 0
1232 0.5921057621643718 -0.04938406085191345 0
1233 0.5789003898285791 -0.05044733658968846 0
1234 0.5655135186948552 -0.05149487718502192 0
1235 0.551941435464874 -0.05252444247202802 0
1236 0.5381056149958732 -0.05353871885120996 0
1237 0.5240654473436347 -0.05452918837678011 0
1238 0.509827296698762 -0.0554913605578012 0
1239 0.4953877002905704 -0.05642276949327107 0
1240 0.4806932204750138 -0.05732378423814945 0
1241 0.4657519937420247 -0.05818900942542707 0
1242 0.4505962305827108 -0.05901210305613838 0
1243 0.435222375535703 -0.05978652236333614 0
1244 0.4196158810689764 -0.06050838720427839 0
1245 0.40370544692392 -0.0611736872329167 0
1246 0.3875639369838523 -0.06177118761484075 0
1247 0.3711878778401271 -0.06228809326776352 0
1248 0.3545744470548888 -0.06272072411981189 0
1249 0.337666820635605 -0.06305829371901552 0
1250 0.3204732223040079 -0.06328971001775449 0
1251 0.3030309001091346 -0.0634011820181562 0
1252 0.2853378172521637 -0.06338005996503142 0
1253 0.9959837483893248 -0.009508693007908461 0
1254 0.9903552252526999 -0.0102992946651322 0
1255 0.9843771350129961 -0.01113294522814458 0
1256 0.9780878066864075 -0.01200337009461256 0
1257 0.9715040617538193 -0.0129069892311272 0
1258 0.9646555392307614 -0.01383910674567273 0
1259 0.9575592766535301 -0.0147971317245466 0
1260 0.9502159314420807 -0.01577948659169427 0
1261 0.942670970304734 -0.01677993196541545 0
1262 0.9349091016473869 -0.01779990869932045 0
1263 0.9269511218495112 -0.01883614632267367 0
1264 0.918813926904694 -0.01988395237637431 0
1265 0.9105022804477054 -0.0209449940872984 0
1266 0.9020274645018891 -0.02201836216777468 0
1267 0.8933984175336636 -0.02309685911654761 0
1268 0.8846257274342229 -0.02418284427720718 0
1269 0.8757109962693937 -0.02528024986460211 0
1270 0.8666265937870866 -0.02637817872165175 0
1271 0.8574290012150726 -0.02748479337666573 0
1272 0.8481249687081418 -0.02858774521951165 0
1273 0.8386584222345836 -0.0297010708380485 0
1274 0.8290595824331638 -0.03081765809066037 0
1275 0.8193502471358758 -0.03193094824143566 0
1276 0.8094970405432886 -0.03305291277250929 0
1277 0.7994767608139056 -0.03417262757448013 0
1278 0.7893388416617826 -0.03529757952211118 0
1279 0.779080147952435 -0.03642105513471432 0
1280 0.7686169831387347 -0.03754974447768021 0
1281 0.7580245911112921 -0.03868198352411621 0
1282 0.7473020957565492 -0.03980957903886197 0
1283 0.7364114315032453 -0.04093859736234789 0
1284 0.7253375210508355 -0.04207360835435219 0
1285 0.7141241012369122 -0.04320320042378464 0
1286 0.7027684931475967 -0.04432749501422319 0
1287 0.6912043340775562 -0.04545708877858187 0
1288 0.6794713650058112 -0.04658683674891783 0
1289 0.6675853545897735 -0.0477047291789182 0
1290 0.6555440120616238 -0.04881762694411299 0
1291 0.6432640824698951 -0.04993194257002756 0
1292 0.6308167988631529 -0.05103951028275087 0
1293 0.6182027278778883 -0.05213520112083857 0
1294 0.6054173530014583 -0.05321824124873958 0
1295 0.5923780138761316 -0.05429623462767679 0
1296 0.5791576105726873 -0.0553604657231001 0
1297 0.5657554394207548 -0.05640878260330155 0
1298 0.5521678103601502 -0.05743907317553371 0
1299 0.5383189192105909 -0.05845384672642502 0
1300 0.5242627334994631 -0.05944537053828391 0
1301 0.5100083318831647 -0.06040848536545267 0
1302 0.4955522558382514 -0.06134044108050865 0
1303 0.480843896802407 -0.0622417843768129 0
1304 0.4658857207020376 -0.06310745604260048 0
1305 0.4507128435801493 -0.06393093893285257 0
1306 0.4353217412799637 -0.06470567241764852 0
1307 0.4197005160379126 -0.06542770127351759 0
1308 0.4037724442948343 -0.06609326202710848 0
1309 0.3876132088088481 -0.06669017666671702 0
1310 0.3712194329388565 -0.06720692371655221 0
1311 0.3545883433229087 -0.06763966915531787 0
1312 0.3376647719503189 -0.06797691566569723 0
1313 0.3204533179782352 -0.0682082503123651 0
1314 0.3029933439299737 -0.06831938694406769 0
1315 0.2852829200487683 -0.06829800266674775 0
1316 0.9976494834690632 -0.002319342977398864 0
1317 0.9979254178968556 -0.004267146267119264 0
1318 0.9950250543562345 -0.002690683123508538 0
1319 0.9922134961776478 -0.003085536433469044 0
1320 0.9924874087595398 -0.005033539264758235 0
1321 0.9894041007108529 -0.003480031728506666 0
1322 0.9864179474595809 -0.003896469316221321 0
1323 0.986689697329681 -0.005844830162433397 0
1324 0.9834341077031847 -0.004312596748901202 0
1325 0.9802925190495877 -0.004747488655529328 0
1326 0.9805619554248119 -0.006696159656776179 0
1327 0.977153390803761 -0.0051821241408715 0
1328 0.9738646821665173 -0.005633334231851968 0
1329 0.9741316581339714 -0.007582261654384774 0
1330 0.9705785045925273 -0.006084064741008543 0
1331 0.9671575982182823 -0.006549798767335872 0
1332 0.9674220431224827 -0.00849920577169257 0
1333 0.9637393757538781 -0.007015273008905572 0
1334 0.9601946507626771 -0.007493815519420252 0
1335 0.9604564117570367 -0.009443482308534579 0
1336 0.9566526508094222 -0.007971982046795256 0
1337 0.9529845879027787 -0.008462654413175997 0
1338 0.9532436238591921 -0.01041269718543 0
1339 0.949319412755415 -0.008952922725800248 0
1340 0.9455505763915483 -0.009452682979639242 0
1341 0.945806724588682 -0.01140312980564973 0
1342 0.9417846553915419 -0.009952073287059115 0
1343 0.9379075725955289 -0.01046139142253513 0
1344 0.9381608054288024 -0.01241220819496474 0
1345 0.9340335710256606 -0.01097017337282724 0
1346 0.9300584754684551 -0.01148790026497331 0
1347 0.9303086270755838 -0.01343925322258681 0
1348 0.9260864953846509 -0.01200531362149339 0
1349 0.9220218838759014 -0.01252873642974864 0
1350 0.9222689200096287 -0.01448040292298813 0
1351 0.9179604611380956 -0.01305177506312593 0
1352 0.9138087271111872 -0.01358182074776534 0
1353 0.9140525744739708 -0.01553387141588278 0
1354 0.9096602644455642 -0.01411148629574475 0
1355 0.9054270440968939 -0.01464769345733927 0
1356 0.905667620098392 -0.01660012426211671 0
1357 0.9011971738476312 -0.015183519116017 0
1358 0.896886923070082 -0.01572217993318057 0
1359 0.8971241489721723 -0.0176749922408748 0
1360 0.892580090457801 -0.01626037062456349 0
1361 0.888198120600594 -0.01680281259121705 0
1362 0.888431928337416 -0.01875609502469194 0
1363 0.8838196508974157 -0.01734481406692743 0
1364 0.8793664793310145 -0.0178929821313764 0
1365 0.8795967869138079 -0.01984670505579446 0
1366 0.8749166629774416 -0.01844072241242444 0
1367 0.8703790207239802 -0.01898916597434939 0
1368 0.8706059730939454 -0.02094331668216837 0
1369 0.8658450256606913 -0.01953719284299237 0
1370 0.8612508813155569 -0.0200899733954202 0
1371 0.8614741864953496 -0.02204454079652115 0
1372 0.8566604585231397 -0.02064233252778263 0
1373 0.8520131853446632 -0.02119322748551078 0
1374 0.8522327689717386 -0.02314821630667714 0
1375 0.8473697066261976 -0.02174365767228078 0
1376 0.8426408934906668 -0.0222998315003218 0
1377 0.8428566826577315 -0.02425528509244632 0
1378 0.8379156484361532 -0.02285561414337897 0
1379 0.8331211597905996 -0.02341334084885628 0
1380 0.8333333808766472 -0.02536918562596465 0
1381 0.8283306161491912 -0.02397061401766844 0
1382 0.8234809882557735 -0.02452679475527421 0
1383 0.8236892643376759 -0.02648309306904773 0
1384 0.8186353921665578 -0.02508260402265265 0
1385 0.8137134363814209 -0.02564314167183497 0
1386 0.8139176806591213 -0.02759981145583582 0
1387 0.8087951986052286 -0.02620332362793196 0
1388 0.8037902818804934 -0.02676261251875789 0
1389 0.8039908081492491 -0.02871963799584407 0
1390 0.7987895436677446 -0.02732144660145397 0
1391 0.7937259168200679 -0.02788335140208233 0
1392 0.7939222645768372 -0.02984083168729837 0
1393 0.7886665561551214 -0.02844479926415869 0
1394 0.7835426446242875 -0.02900590234259306 0
1395 0.7837347261983268 -0.03096383956636109 0
1396 0.7784230813525481 -0.02956649763873114 0
1397 0.7731964330980838 -0.03013039475455005 0
1398 0.7733841664130288 -0.03208883976061437 0
1399 0.7679737321655487 -0.03069393382583597 0
1400 0.762683202677281 -0.03125955863382194 0
1401 0.7628669886702968 -0.03321836168441925 0
1402 0.7573972064093992 -0.03182478766962035 0
1403 0.7520417366717866 -0.03238802870742859 0
1404 0.7522209894444164 -0.03434722753021346 0
1405 0.7466908892860049 -0.03295082436958294 0
1406 0.7412506886443695 -0.03351485076625786 0
1407 0.7414253190651683 -0.03547449496469664 0
1408 0.7358145931907685 -0.03407849095087646 0
1409 0.7302836370123474 -0.03464541502703955 0
1410 0.7304541622451117 -0.03660544543753465 0
1411 0.7247574800721781 -0.0352118739673291 0
1412 0.7191568937838939 -0.03577609022211573 0
1413 0.7193226197784067 -0.03773658576848436 0
1414 0.7135612063905776 -0.03633984265295638 0
1415 0.7078896605123564 -0.03690150075875262 0
1416 0.7080504876119014 -0.03886246012906722 0
1417 0.70222312116731 -0.03746276751300849 0
1418 0.6964464932363652 -0.03802711666942343 0
1419 0.6966023138027355 -0.0399884673912784 0
1420 0.6906742265887036 -0.03859110764522512 0
1421 0.6848142241377624 -0.03915535307482576 0
1422 0.6849656834208496 -0.04111706197729399 0
1423 0.6789594073547932 -0.03971909565997005 0
1424 0.6730230201884251 -0.04027746323159437 0
1425 0.6731692938035403 -0.04223967497851895 0
1426 0.6670919274554046 -0.04083536788851572 0
1427 0.6610780144880871 -0.04139134449054448 0
1428 0.6612189936698547 -0.04335401915217202 0
1429 0.6550695081582034 -0.04194694326811648 0
1430 0.6489353380656064 -0.04250373585238022 0
1431 0.6490709106099404 -0.04446678833846451 0
1432 0.6428058037356477 -0.04306023625368773 0
1433 0.6365891669045751 -0.04361356352731102 0
1434 0.6367201036862709 -0.04557690819635155 0
1435 0.6303781340513701 -0.04416652553474185 0
1436 0.6240782231999917 -0.04471376889358067 0
1437 0.6242035560038199 -0.04667747882881366 0
1438 0.617784012061646 -0.04526053060425311 0
1439 0.6113980840486444 -0.04580165399544654 0
1440 0.6115177171394399 -0.04776584557884592 0
1441 0.6050175635758414 -0.04634246004843278 0
1442 0.5985045500948081 -0.04688100598936983 0
1443 0.5986187756454051 -0.0488455149109764 0
1444 0.5919968614791062 -0.04741919133147991 0
1445 0.5853941753112097 -0.04795082920036742 0
1446 0.5855030759964754 -0.04991569872080096 0
1447 0.578797501530405 -0.04848208492619374 0
1448 0.5721040659635431 -0.04900585522386047 0
1449 0.5722069542617172 -0.05097110688735519 0
1450 0.5654167504039964 -0.04952931500757851 0
1451 0.5586307087890057 -0.05004409765108156 0
1452 0.5587274770798646 -0.05200965982852497 0
1453 0.5518508855062964 -0.05055859018049284 0
1454 0.544932975271796 -0.05106572837008382 0
1455 0.5450235252303736 -0.05303158066161899 0
1456 0.5380202933095461 -0.05157266769099012 0
1457 0.5310002094834269 -0.0520679024537752 0
1458 0.531085531169754 -0.05403395361399504 0
1459 0.5239865328808964 -0.05256271550204272 0
1460 0.5168674575584601 -0.05304380159255326 0
1461 0.5169463720211984 -0.05501027446729066 0
1462 0.5097548826246275 -0.05352451062460294 0
1463 0.5025350844205317 -0.05399021509233787 0
1464 0.5026074984946662 -0.05595706502553613 0
1465 0.4953218780711585 -0.05445570084823735 0
1466 0.4879746381633802 -0.05490620822067654 0
1467 0.4880404603827921 -0.05687327686571025 0
1468 0.4806329499437455 -0.05535658417254485 0
1469 0.4731623365772509 -0.05578919676618366 0
1470 0.4732226071085193 -0.05775639683178826 0
1471 0.4656985029577437 -0.05622163076841769 0
1472 0.4581206213780868 -0.05663317758377335 0
1473 0.4581741121623678 -0.05860055624078273 0
1474 0.4505495853834949 -0.05704456869531203 0
1475 0.442862657859991 -0.05743177834891092 0
1476 0.4429093030592069 -0.05939931270973726 0
1477 0.4351826292377937 -0.05781886233147002 0
1478 0.4273793820044304 -0.05817979475194114 0
1479 0.4274191283023397 -0.06014745478380727 0
1480 0.4195820270812273 -0.05854066156644133 0
1481 0.4116268100086991 -0.05887331158076049 0
1482 0.4116606639964482 -0.06084103721859754 0
1483 0.403678647975416 -0.05920585730509823 0
1484 0.3956078930053821 -0.05950460749606026 0
1485 0.3956346919538861 -0.06147243742387873 0
1486 0.3875442282537521 -0.05980359198394981 0
1487 0.3793561986818895 -0.06006204481041119 0
1488 0.3793759074119897 -0.06202964044130213 0
1489 0.3711752558005701 -0.06032056107810808 0
1490 0.362868540407951 -0.06053687650413227 0
1491 0.362881162447508 -0.06250440869378771 0
1492 0.3545688885476521 -0.06075314609546946 0
1493 0.3461150753380102 -0.06092193089507127 0
1494 0.3461206338452469 -0.06288950891941369 0
1495 0.3376676401097236 -0.06109084493020361 0
1496 0.329070840943925 -0.0612065530795731 0
1497 0.3290700214698065 -0.06317400186838501 0
1498 0.3204811840343579 -0.06132229388977135 0
1499 0.3117600229369212 -0.06137802988997221 0
1500 0.3117520612065712 -0.06334544601795535 0
1501 0.3030459225808763 -0.06143390003765356 0
1502 0.2941993811523908 -0.06142333901109117 0
1503 0.2941843586806491 -0.06339062099159382 0
1504 0.2853597761336349 -0.06141288287420756 0
1505 0.2763871461959151 -0.06132730372250308 0
1506 0.2763651873144438 -0.06329448081332695 0
1507 0.9982678086224548 -0.00670214979367463 0
1508 0.9986127266554166 -0.00913690389327023 0
1509 0.9956413576637256 -0.007073689481353095 0
1510 0.9928270960954132 -0.007468990309964963 0
1511 0.9931694868210124 -0.009903993836520329 0
1512 0.9900155379168265 -0.007863843619925471 0
1513 0.9870264927969745 -0.00828066890143166 0
1514 0.9873661801328479 -0.01071611994663839 0
1515 0.9840403395457025 -0.008697106489146315 0
1516 0.9808956753824083 -0.009132318922380308 0
1517 0.9812324708497018 -0.01156815766137857 0
1518 0.9777540867288113 -0.009567210829008434 0
1519 0.9744622142625172 -0.01001902039726575 0
1520 0.9747959342201133 -0.01245517966286988 0
1521 0.9711735056252735 -0.01047023048824622 0
1522 0.9677492443637445 -0.01093628924551899 0
1523 0.9680798004922904 -0.01337304798839996 0
1524 0.9643283379894996 -0.01140202327184632 0
1525 0.9607802067008839 -0.01188103576128325 0
1526 0.9611074079421458 -0.01431811923510967 0
1527 0.9572354817096829 -0.01235957827179793 0
1528 0.9535638091039582 -0.01285075570537176 0
1529 0.9538876040478055 -0.01528830915812044 0
1530 0.9498957461973148 -0.0133414280717525 0
1531 0.9461232656286414 -0.01384165075861309 0
1532 0.9464434508734074 -0.01627970927855486 0
1533 0.9423544292647746 -0.01434141101245209 0
1534 0.9384734949361011 -0.01485139937940459 0
1535 0.9387900359760605 -0.01728992033236795 0
1536 0.9345964121400883 -0.0153607175148806 0
1537 0.9306174222411503 -0.01587883632655721 0
1538 0.9309301117484491 -0.01831802751099706 0
1539 0.9266423266839448 -0.01639656321870327 0
1540 0.9225737292115361 -0.01692046624555359 0
1541 0.9228825243771026 -0.01936004934952399 0
1542 0.9185091177027866 -0.01744388905380884 0
1543 0.9143532944742923 -0.01797440990927089 0
1544 0.9146581036761997 -0.02041447323183636 0
1545 0.9102015604473839 -0.0185044555939103 0
1546 0.9059641524744757 -0.01904113963414843 0
1547 0.9062648724747973 -0.02148167812753654 0
1548 0.9017309321258054 -0.01957734679574295 0
1549 0.8974164086416926 -0.02011659527012941 0
1550 0.8977129410177763 -0.02255761064216114 0
1551 0.8931061578641433 -0.02065525608729299 0
1552 0.8887198128144229 -0.02119824866762278 0
1553 0.8890120724839432 -0.02363985169687739 0
1554 0.884337842957216 -0.02174069063427634 0
1555 0.8798804773748015 -0.0222893934279738 0
1556 0.8801683618518084 -0.02473154707090464 0
1557 0.8754273058084003 -0.02283756149242277 0
1558 0.8708851045672468 -0.02338652592094759 0
1559 0.8711687950282402 -0.02582921429312693 0
1560 0.8663474623137852 -0.02393496948287253 0
1561 0.8617486660277782 -0.02448827681037952 0
1562 0.8620277975010796 -0.02693148604915874 0
1563 0.8571545216826439 -0.02504105736280736 0
1564 0.8525025054291785 -0.02559253328423032 0
1565 0.8527769849616071 -0.0280362692980887 0
1566 0.847855232250702 -0.02614342824195848 0
1567 0.843121959013923 -0.0267000910512269 0
1568 0.8433916954713627 -0.02914440802878008 0
1569 0.8383931458783922 -0.02725626487926792 0
1570 0.8335937259776823 -0.02781455850557385 0
1571 0.8338590023338737 -0.03025936446435443 0
1572 0.8287992373321287 -0.02837228521105116 0
1573 0.8239445696834846 -0.02892893028643881 0
1574 0.8242049147845198 -0.03137430316604801 0
1575 0.819094941790067 -0.02948511102404458 0
1576 0.8141683384937735 -0.0300460932895814 0
1577 0.8144236438395822 -0.03249193050697248 0
1578 0.8092463827086365 -0.03060663093876372 0
1579 0.804236242843945 -0.03116648833974914 0
1580 0.8044869006785971 -0.03361277017349471 0
1581 0.7992313261192097 -0.03172577723057507 0
1582 0.7941623665431482 -0.03228825320439059 0
1583 0.7944078012378442 -0.03473510354829566 0
1584 0.7890987396954716 -0.03285015800501895 0
1585 0.7839693928407978 -0.03341189581132052 0
1586 0.7842094948071088 -0.03585931732841276 0
1587 0.778845481309964 -0.03397299888975489 0
1588 0.7736138989031138 -0.03453734356123783 0
1589 0.7738485655455849 -0.03698539980619726 0
1590 0.7683872506486495 -0.03510124067705674 0
1591 0.7630910546349283 -0.03566736020027474 0
1592 0.7633207871250134 -0.03811586400089821 0
1593 0.7578005251466605 -0.03623298500826071 0
1594 0.7524392774692891 -0.03679678276563359 0
1595 0.7526633434339206 -0.03924578128148909 0
1596 0.7470838077316765 -0.03736002380344184 0
1597 0.7416384756050245 -0.0379245329651848 0
1598 0.7418567636298972 -0.04037408820060492 0
1599 0.7361982749633891 -0.03848855936185972 0
1600 0.7306613197371841 -0.03905606485786187 0
1601 0.7308744762770404 -0.04150610285835004 0
1602 0.7251303635587631 -0.03962298893402497 0
1603 0.7195236536518015 -0.04018778496874119 0
1604 0.7197308111438738 -0.04263840438906842 0
1605 0.7139230673635174 -0.04075200122352782 0
1606 0.7082452633188596 -0.0413141485187471 0
1607 0.7084462971922545 -0.04376534771900392 0
1608 0.7025737174406385 -0.04187580662454332 0
1609 0.6967916379056183 -0.04244060350672266 0
1610 0.6969864136125765 -0.04489229189640254 0
1611 0.6910150099746735 -0.04300495266313761 0
1612 0.685148525438801 -0.04356982664830558 0
1613 0.6853378495416838 -0.04602196276374985 0
1614 0.6792885229878598 -0.04413407207790623 0
1615 0.673345517779841 -0.04469301829290642 0
1616 0.6735283597977924 -0.04714578296391801 0
1617 0.6674091306134728 -0.04525138586453073 0
1618 0.6613884593493979 -0.04580783474712813 0
1619 0.6615646833256987 -0.0482611780615156 0
1620 0.6553745463820806 -0.04636381134915689 0
1621 0.6492345815862162 -0.04692096916211417 0
1622 0.6494040472657594 -0.04937478475707027 0
1623 0.6431004114936192 -0.04747776174637791 0
1624 0.6368767696902482 -0.04803154560273956 0
1625 0.637040440666524 -0.05048572642638922 0
1626 0.6306601328591757 -0.04858487287636286 0
1627 0.6243530973665434 -0.0491327182954067 0
1628 0.6245097633705206 -0.05158735570179472 0
1629 0.6180531865151649 -0.04967996165424553 0
1630 0.6116604990769499 -0.05022148171819604 0
1631 0.6118100404396734 -0.05267672118478908 0
1632 0.6052745710639483 -0.05076260510938947 0
1633 0.598754901501285 -0.05130160179885807 0
1634 0.5988976834387949 -0.05375723793820819 0
1635 0.5922418880202518 -0.05184014773979512 0
1636 0.5856316863685296 -0.05237226328750677 0
1637 0.5857678122244094 -0.05482835017538844 0
1638 0.5790290002006332 -0.05290390115639428 0
1639 0.5723279146246669 -0.05342805959649501 0
1640 0.5724565249967211 -0.05588462416320082 0
1641 0.565634479057805 -0.05395182989416174 0
1642 0.5588406645275027 -0.05446697518027781 0
1643 0.5589616248904525 -0.05692392788941763 0
1644 0.5520546229125121 -0.05498175782378086 0
1645 0.5451301773377324 -0.05548914459922652 0
1646 0.5452433647853705 -0.05794645995097936 0
1647 0.5382122671032321 -0.05599628278881749 0
1648 0.5311841742476682 -0.05649204469474694 0
1649 0.531290826355027 -0.05894960863235447 0
1650 0.5241640904215489 -0.05698727945753201 0
1651 0.5170368896133997 -0.05746883687111639 0
1652 0.5171355326913138 -0.05992692795186829 0
1653 0.5099178142909634 -0.05794992296162693 0
1654 0.5026897762685067 -0.05841590081915492 0
1655 0.502780293860708 -0.06087446322298066 0
1656 0.4954699780644109 -0.05888160528688986 0
1657 0.4881157985464887 -0.05933227693504198 0
1658 0.4881980763203292 -0.06179111272866078 0
1659 0.4807685586387104 -0.05978278430748117 0
1660 0.4732894705885257 -0.06021562014037497 0
1661 0.4733648087522223 -0.0626746202097067 0
1662 0.4658188572220311 -0.06064823273401378 0
1663 0.458232418661087 -0.06105997417913982 0
1664 0.4582992821410934 -0.06351919748772653 0
1665 0.4506545370814301 -0.06147152099449547 0
1666 0.4429589859313373 -0.06185888773689345 0
1667 0.4430172924300565 -0.06431830567525054 0
1668 0.4352720584078333 -0.06224609739049233 0
1669 0.4274614457868078 -0.06260711181842686 0
1670 0.4275111286589381 -0.06506668684558306 0
1671 0.4196581985534445 -0.06296804423889799 0
1672 0.4116941626819054 -0.06330082461569343 0
1673 0.4117364801663734 -0.06576048165031304 0
1674 0.4037389456093772 -0.06363347463001259 0
1675 0.395659327866384 -0.06393193194981686 0
1676 0.3956928265518412 -0.06639171934691275 0
1677 0.3875885728963502 -0.06423068214077889 0
1678 0.3793916849613544 -0.06448905566569649 0
1679 0.3794163208738523 -0.06694855019163462 0
1680 0.3712036553894918 -0.06474750849215787 0
1681 0.3628881105815179 -0.06496388121154069 0
1682 0.3629038881308826 -0.06742329643593503 0
1683 0.3545813951888988 -0.06518019663756489 0
1684 0.3461196095026038 -0.06534881989275457 0
1685 0.3461265576366138 -0.06780829241050755 0
1686 0.337665796292962 -0.06551760469235637 0
1687 0.3290600693069201 -0.0656332720156903 0
1688 0.3290590449642771 -0.06809258298903118 0
1689 0.3204632701411215 -0.0657489801650598 0
1690 0.3117332831169908 -0.06580454848091109 0
1691 0.3117233309541044 -0.0682638186282164 0
1692 0.3030121220195541 -0.06586028448111195 0
1693 0.2941569100789515 -0.06584959234245197 0
1694 0.294138131989371 -0.06830869480540772 0
1695 0.285310368650466 -0.06583903131588958 0
1696 0.2763292856750812 -0.065753169339171 0
1697 0.2763018370733835 -0.06821214069002916 0
1698 0.9990407150604736 -0.01218065828765242 0
1699 0.9964117367943819 -0.01255244740229065 0
1700 0.9935940959889276 -0.01294830762921407 0
1701 0.9907798344206151 -0.01334360845782594 0
1702 0.9877871744650546 -0.01376091835656924 0
1703 0.9847981293452027 -0.01417774363807543 0
1704 0.9816496207948044 -0.01461335672956481 0
1705 0.97850495663151 -0.0150485691627988 0
1706 0.9752091293789209 -0.01550112807764865 0
1707 0.9719172569126269 -0.01595293764590597 0
1708 0.968488802042012 -0.01641940231685856 0
1709 0.9650645407804831 -0.01688546107413133 0
1710 0.9615121516201182 -0.01736506103721828 0
1711 0.9579640203315025 -0.01784407352665521 0
1712 0.9542878356019469 -0.01833588229421741 0
1713 0.9506161629962222 -0.01882705972779124 0
1714 0.9468391271715615 -0.01932786045592606 0
1715 0.9430666466028881 -0.01982808314278665 0
1716 0.93918089785841 -0.02033890929908082 0
1717 0.9352999635297364 -0.02084889766603333 0
1718 0.9313161057036559 -0.02136750637712074 0
1719 0.9273371158047181 -0.02188562518879735 0
1720 0.9232635358777581 -0.02241012848888862 0
1721 0.9191949384053495 -0.02293403151573894 0
1722 0.9150340036748963 -0.02346514633472643 0
1723 0.9108781804464021 -0.02399566719018847 0
1724 0.9066355379432202 -0.02453294732872827 0
1725 0.902398129970312 -0.02506963136896641 0
1726 0.8980782656030193 -0.02560961441487798 0
1727 0.8937637421189066 -0.02614886288926445 0
1728 0.889371928078569 -0.02669254373668623 0
1729 0.8849855830288487 -0.02723553631701602 0
1730 0.8805229749264412 -0.0277849075222709 0
1731 0.8760656093440267 -0.02833361031596836 0
1732 0.8715177093682838 -0.0288832258277399 0
1733 0.8669755081271302 -0.02943219025626472 0
1734 0.862370896915059 -0.02998615605261749 0
1735 0.857772100629052 -0.03053946338012449 0
1736 0.8531141555318771 -0.03109166550616247 0
1737 0.8484621392784116 -0.03164314142758543 0
1738 0.8437232909150975 -0.03220041546338515 0
1739 0.8389900176783184 -0.03275707827265358 0
1740 0.8341844337086912 -0.03331608054999188 0
1741 0.8293850138079812 -0.03387437417629782 0
1742 0.8245240464653328 -0.03443159967391 0
1743 0.8196693788166889 -0.03498824474929765 0
1744 0.8147369661314755 -0.03554978278527485 0
1745 0.8098103628351819 -0.03611076505081166 0
1746 0.8047936940455751 -0.03667133308949305 0
1747 0.7997835541808835 -0.03723119049047847 0
1748 0.794707928694371 -0.03779438043077452 0
1749 0.7896389691183096 -0.03835685640459004 0
1750 0.7845028281088666 -0.03891938762072182 0
1751 0.7793734812541928 -0.03948112542702339 0
1752 0.7741357311568882 -0.04004602954308364 0
1753 0.7689041487500381 -0.04061037421456658 0
1754 0.7636008695795322 -0.0411771121318216 0
1755 0.758304673565811 -0.0417432316550396 0
1756 0.7529362034637737 -0.04230772531186491 0
1757 0.7475749557864022 -0.04287152306923779 0
1758 0.7421232093035086 -0.04343663568731285 0
1759 0.7366778771768566 -0.0440011448490558 0
1760 0.7311334231409562 -0.04456937711985327 0
1761 0.7255964679147513 -0.04513688261585543 0
1762 0.7199821034844771 -0.04570240337548014 0
1763 0.7143753935775154 -0.04626719941019636 0
1764 0.7086897668248475 -0.04682995819219145 0
1765 0.7030119627801898 -0.04739210548741073 0
1766 0.6972230687401062 -0.0479574620267928 0
1767 0.6914409892050859 -0.04852225890897215 0
1768 0.6855664020630858 -0.0490879185885955 0
1769 0.6796999175272134 -0.04965279257376348 0
1770 0.6737486397671688 -0.05021246209297998 0
1771 0.66780563455915 -0.05077140830798016 0
1772 0.6617765154241669 -0.05132844754128546 0
1773 0.6557558441600921 -0.05188489642388286 0
1774 0.6496086359851758 -0.05244251077270476 0
1775 0.6434686711893115 -0.05299966858566205 0
1776 0.6372362731706072 -0.05355402317044383 0
1777 0.631012631367236 -0.05410780702680549 0
1778 0.6246966900730767 -0.05465640502110196 0
1779 0.6183896545804444 -0.05520425044014581 0
1780 0.6119885178607509 -0.05574626634504017 0
1781 0.605595830422536 -0.05628778640899067 0
1782 0.5990678407578729 -0.0568273465341209 0
1783 0.5925481711952096 -0.05736634322358951 0
1784 0.5859285751887477 -0.05789905586982839 0
1785 0.5793183735370256 -0.05843117141754005 0
1786 0.5726077254497224 -0.05895581503568081 0
1787 0.565906639873756 -0.05947997347578154 0
1788 0.5591031091993585 -0.05999557206516157 0
1789 0.5523092946690562 -0.06051071735127764 0
1790 0.5453766799189643 -0.06101841485903998 0
1791 0.5384522343441847 -0.06152580163448564 0
1792 0.5314141302018603 -0.06202222246934232 0
1793 0.5243860373462964 -0.06251798437527176 0
1794 0.5172486796810523 -0.06300013094269548 0
1795 0.510121478872903 -0.06348168835627985 0
1796 0.5028831410775421 -0.06394800795104735 0
1797 0.4956551030550854 -0.06441398580857534 0
1798 0.488292249024523 -0.0648648628013674 0
1799 0.4809380695066008 -0.06531553444951953 0
1800 0.4734483881018512 -0.0657486493314805 0
1801 0.4659693000516665 -0.0661814851643743 0
1802 0.4583721652641618 -0.06659346989671192 0
1803 0.4507857267032176 -0.06700521134183796 0
1804 0.4430793960199377 -0.06739277444523362 0
1805 0.4353838448698449 -0.06778014118763159 0
1806 0.4275640255142834 -0.06814125812489462 0
1807 0.4197534128932578 -0.06850227255282915 0
1808 0.4117783535230051 -0.06883521588271892 0
1809 0.4038143176514659 -0.06916799625951436 0
1810 0.3957236214423241 -0.06946608749037284 0
1811 0.3876440036993311 -0.0697645448101771 0
1812 0.3794360428104689 -0.0700228192081651 0
1813 0.3712391548754731 -0.0702811927330827 0
1814 0.3629125732983559 -0.07049763706916315 0
1815 0.354597028490382 -0.07071400978854599 0
1816 0.3461252772083161 -0.07088243111322109 0
1817 0.3376634915220211 -0.07105105436841078 0
1818 0.3290466047607258 -0.07116667065920018 0
1819 0.320440877774684 -0.07128233798253412 0
1820 0.3116998583422357 -0.07133769669294909 0
1821 0.3029698713181049 -0.07139326500880039 0
1822 0.2941038212374049 -0.07138240898001882 0
1823 0.2852486092968022 -0.07137171684135885 0
1824 0.2762569600243842 -0.07128550133337389 0
1825 0.2554591391682905 -0.06298808253818056 0
1826 0.2435273884417677 -0.06269372870032491 0
1827 0.2316605083632631 -0.06232322761157422 0
1828 0.2202603265812195 -0.06189297498515005 0
1829 0.2088750323241123 -0.0613672951183289 0
1830 0.1976135769266332 -0.06075337391525724 0
1831 0.1867259948081186 -0.06007601780600662 0
1832 0.1759206321275524 -0.05931821495482954 0
1833 0.1651899390472246 -0.05844702571927413 0
1834 0.1547968592936946 -0.05750639561782286 0
1835 0.1445546899204083 -0.05649015436870922 0
1836 0.1343397601309443 -0.05533339625784184 0
1837 0.1244990695730892 -0.0541209684436977 0
1838 0.1147712682573253 -0.05280487766666967 0
1839 0.1051886930250192 -0.05135894518899309 0
1840 0.09594233317653394 -0.04981901346160589 0
1841 0.08678461478973958 -0.04814910652916728 0
1842 0.07801655888510819 -0.04639042971454681 0
1843 0.0693969235875713 -0.044487292550399 0
1844 0.06115706485590169 -0.04247856520634957 0
1845 0.05316390427359315 -0.04031244320384506 0
1846 0.04547429617957574 -0.0379978167289515 0
1847 0.03820130188098042 -0.03555945450036486 0
1848 0.03130726485305901 -0.03294412366820219 0
1849 0.02484165826912401 -0.03014387594416171 0
1850 0.01885851798205841 -0.02718263079206632 0
1851 0.01343464200731881 -0.02400380683296738 0
1852 0.008631069659134415 -0.02065538792544789 0
1853 0.00451364106336934 -0.01713079984390982 0
1854 0.00117864307117831 -0.01346699840190045 0
1855 -0.001299294887881097 -0.009752068183875173 0
1856 -0.002909800771364274 -0.006153859560650836 0
1857 -0.003710862784528929 -0.002841042300200928 0
1858 0.2550791655863424 -0.06789982127032855 0
1859 0.2428393515329659 -0.06759508183267564 0
1860 0.2307428975847348 -0.06721130311700753 0
1861 0.2190167487878537 -0.06675891926643315 0
1862 0.2073005462058082 -0.06621402358278672 0
1863 0.1958573820959291 -0.06557992822306957 0
1864 0.1846306226093961 -0.06486207738801518 0
1865 0.1735403372691335 -0.06406180728896826 0
1866 0.1626061873975049 -0.0631648576998657 0
1867 0.1518652721629146 -0.06216540600272353 0
1868 0.1413842067759956 -0.0610854542117229 0
1869 0.1309445211667923 -0.05988081923030572 0
1870 0.120812668342326 -0.05859984977726678 0
1871 0.1108437135825711 -0.05719978609073319 0
1872 0.1010439427070917 -0.05566931625790468 0
1873 0.0915407868163878 -0.05403169364199246 0
1874 0.0822093759231709 -0.05226414547038964 0
1875 0.07318591219350355 -0.05037796179771618 0
1876 0.06441183906629867 -0.04835343140416092 0
1877 0.05598213111168468 -0.04620042152056178 0
1878 0.04784107742655487 -0.04387090023756385 0
1879 0.04003643049225455 -0.04138047105291317 0
1880 0.03264821070357285 -0.03874450793165631 0
1881 0.02568332681616665 -0.03589746147899142 0
1882 0.01917504968882029 -0.03285440633824295 0
1883 0.0132141680380741 -0.02962100208047052 0
1884 0.00784386858656845 -0.02614496038165492 0
1885 0.003143272063044933 -0.02247999958561005 0
1886 -0.0008317116049418351 -0.01863728770260866 0
1887 -0.004007036510143008 -0.0146640239153576 0
1888 -0.006336471980855658 -0.01065780151376402 0
1889 -0.00785135851055456 -0.006783026195753024 0
1890 -0.008628988373426086 -0.0031788123722177 0
1891 0.2614545695841453 -0.06113154126909028 0
1892 0.2614258482725072 -0.06309849209990152 0
1893 0.255611128601853 -0.06102338703519698 0
1894 0.2496452532385916 -0.06087621011626916 0
1895 0.2494932638050291 -0.06284090561925273 0
1896 0.2438026032067066 -0.06073318743728164 0
1897 0.2378691631674543 -0.06054793689290629 0
1898 0.2375939484025154 -0.06250847815594957 0
1899 0.2320275526765659 -0.06036799739932527 0
1900 0.2263274617855441 -0.06015287108611318 0
1901 0.2259604174722413 -0.06210810129836213 0
1902 0.2207577577011293 -0.05994659726260682 0
1903 0.2150651105725757 -0.05968375732919624 0
1904 0.2145676794526659 -0.06163013505173948 0
1905 0.2095048267746795 -0.05942860372255539 0
1906 0.20387409907594 -0.05912164312101956 0
1907 0.2032443046253727 -0.06106033451679307 0
1908 0.198316054862535 -0.05882275218218351 0
1909 0.1928722638032777 -0.0584840741275582 0
1910 0.1921697858673759 -0.06041469586063193 0
1911 0.187564143691927 -0.05816159396333787 0
1912 0.1821614623516438 -0.05778269253774933 0
1913 0.1813233134678355 -0.05969711638041808 0
1914 0.1768727500758265 -0.05742077801139624 0
1915 0.1715074035356626 -0.05698518339361854 0
1916 0.1705552855873885 -0.05888262033705183 0
1917 0.1662234397124385 -0.05655989291731281 0
1918 0.1610268998356736 -0.05608957786658718 0
1919 0.1599933991704596 -0.0579767106685485 0
1920 0.1559694941520498 -0.05564279145425916 0
1921 0.1508484094654067 -0.05513467082970233 0
1922 0.1496757746070514 -0.05699827499326604 0
1923 0.1458228831847089 -0.05465203442203162 0
1924 0.140715418289977 -0.05407365536659793 0
1925 0.1394472250256763 -0.05591177531327553 0
1926 0.1356978557236041 -0.05351442705948285 0
1927 0.1307775104446765 -0.05290821315241079 0
1928 0.1294194148520168 -0.05472718235076977 0
1929 0.1259736300729936 -0.0523294159010379 0
1930 0.1211097294151117 -0.05167137051252389 0
1931 0.1196351689152073 -0.05346292305518369 0
1932 0.1163422901353233 -0.0510469142879852 0
1933 0.1115510025191702 -0.0503239480491469 0
1934 0.1099799806411723 -0.05208191142783138 0
1935 0.1068465931607342 -0.04963479675254365 0
1936 0.1022234132364915 -0.04886483088885005 0
1937 0.1005655131007766 -0.05058897932529949 0
1938 0.09770295172966573 -0.04813394138076781 0
1939 0.09312409253626855 -0.04729898791454851 0
1940 0.09136347398313677 -0.04898405999538659 0
1941 0.08861471034579842 -0.04650309094419616 0
1942 0.08423068239348272 -0.04562375253688593 0
1943 0.08240058683742388 -0.04726976812185704 0
1944 0.07994881757170794 -0.04479541687305971 0
1945 0.07563899992293949 -0.0438438482909858 0
1946 0.07370674123633975 -0.0454388611324729 0
1947 0.07139095740635659 -0.0429408370009251 0
1948 0.06727102804052179 -0.04193647332890038 0
1949 0.0652769942217365 -0.04348292887837429 0
1950 0.06322703836425608 -0.04098982267299296 0
1951 0.05923045807310182 -0.0399067616717407 0
1952 0.05716048456474742 -0.04139550420509731 0
1953 0.05529303502338093 -0.03888906038302262 0
1954 0.05144823097637223 -0.03773174714557584 0
1955 0.04931910022658444 -0.03915512996639828 0
1956 0.04764944246571383 -0.03664475499239428 0
1957 0.04401294531641617 -0.03542557387810097 0
1958 0.04183779903027808 -0.03677863561465818 0
1959 0.04042253836339063 -0.03428543312128306 0
1960 0.03697551984942993 -0.03297776770520172 0
1961 0.03475428336701972 -0.03425178908428353 0
1962 0.03355684007940916 -0.03176278853779889 0
1963 0.03032403678744167 -0.03036266467577865 0
1964 0.02807446156109151 -0.03154399980618194 0
1965 0.02710830171292669 -0.0290596637809421 0
1966 0.02411673156939389 -0.02757904120489441 0
1967 0.02185008812559121 -0.02866325336811401 0
1968 0.02111625797128747 -0.02620728227167852 0
1969 0.01840431998391768 -0.02461787029212905 0
1970 0.01614657999468861 -0.02559321881251685 0
1971 0.01567095138714388 -0.02314734540907888 0
1972 0.01326916521305169 -0.02147313595531913 0
1973 0.01103285583322661 -0.02232959737920763 0
1974 0.0108261887088829 -0.01992554325762202 0
1975 0.00876747441100036 -0.01816324921685299 0
1976 0.006572355361251878 -0.01889309388467885 0
1977 0.006651782141712897 -0.01652820469732501 0
1978 0.004984283145617382 -0.01469630397632033 0
1979 0.002846142067273825 -0.01529889912290513 0
1980 0.003252914914396817 -0.0129881881940502 0
1981 0.002013945934867113 -0.01113072308503756 0
1982 -6.032590835139363e-05 -0.01160953329288781 0
1983 0.0007155759596926179 -0.009389774850052681 0
1984 -8.967698204897069e-05 -0.007590670538440513 0
1985 -0.002104547829622686 -0.007952963872263005 0
1986 -0.0009331776655013514 -0.005902192905313082 0
1987 -0.001333708672083679 -0.004245784275088127 0
1988 -0.003310331777946602 -0.004497450930425882 0
1989 -0.001743612538831544 -0.002705934270697986 0
1990 -0.001855394272461209 -0.001285413120597522 0
1991 -0.003822644518158594 -0.001420521150100464 0
1992 0.2612358614815331 -0.06555436146597551 0
1993 0.2611999598421705 -0.06801304999181956 0
1994 0.2552691523773164 -0.06544395190425456 0
1995 0.2491492453506282 -0.0652915821854281 0
1996 0.2489592585596541 -0.06774745155150209 0
1997 0.2431833699873668 -0.06514440526650028 0
1998 0.2371351430132512 -0.06495251590866621 0
1999 0.2367911245588504 -0.06740319247484158 0
2000 0.2312017029739989 -0.06476726536429087 0
2001 0.2253386285755584 -0.06454107343900368 0
2002 0.2248798231862943 -0.06698511119172035 0
2003 0.2196385376845366 -0.06432594712579159 0
2004 0.2137804363935139 -0.06405349928396839 0
2005 0.2131586474968309 -0.06648647142460994 0
2006 0.2080877892649602 -0.0637906593505578 0
2007 0.2023662072100207 -0.06347361167069923 0
2008 0.2015789641508687 -0.06589697590292815 0
2009 0.1967354795112811 -0.06316665106916342 0
2010 0.1911220997680146 -0.06280772565163621 0
2011 0.1902440023526626 -0.06522100280554238 0
2012 0.1856783087087573 -0.0624690475970109 0
2013 0.180133166038626 -0.06206891254748744 0
2014 0.1790854799392648 -0.06446194233849173 0
2015 0.1747304846983429 -0.0616900111218989 0
2016 0.1692634097625286 -0.06124153632734762 0
2017 0.1680732623333192 -0.06361333249441697 0
2018 0.1638980632223647 -0.06080594170956992 0
2019 0.1585276056050696 -0.06030621586099883 0
2020 0.1572357297802097 -0.06266513185129462 0
2021 0.1533310657283046 -0.05983590081027319 0
2022 0.1480905330348451 -0.05929592491477288 0
2023 0.1466247394694551 -0.06162543010722321 0
2024 0.142969448348202 -0.05878780429021606 0
2025 0.1377496055436003 -0.05818548679950747 0
2026 0.136164363971394 -0.06048313672101431 0
2027 0.1326421406488683 -0.05760710774407378 0
2028 0.1275762142366352 -0.05696662301755431 0
2029 0.1258785947545592 -0.05924033450378625 0
2030 0.1226558689577076 -0.05636040911048223 0
2031 0.1176713915778302 -0.05566037726721544 0
2032 0.1158281909624485 -0.05789981793399999 0
2033 0.1128074909199482 -0.05500233187870143 0
2034 0.1079076054822085 -0.05423709696228718 0
2035 0.1059438281448314 -0.05643455117431893 0
2036 0.1031163178660554 -0.05351413072344888 0
2037 0.09836473992070349 -0.05269531941549278 0
2038 0.09629236476173975 -0.05485050494994857 0
2039 0.09374155999646087 -0.05192535355179918 0
2040 0.08907585454985242 -0.05104157946599776 0
2041 0.08687508136977935 -0.05314791955619105 0
2042 0.08449699535645525 -0.05020662599977846 0
2043 0.07998526349162156 -0.04926353416344173 0
2044 0.07769764405833723 -0.05132105363405291 0
2045 0.07560123553930587 -0.0483841957561315 0
2046 0.07121419897570344 -0.04737193055935386 0
2047 0.06879887562990111 -0.04936569660093855 0
2048 0.06690438132693499 -0.04642036197727996 0
2049 0.06268952734962799 -0.04534385703548039 0
2050 0.06019698508899168 -0.04727692646236135 0
2051 0.05856959798379319 -0.04433949336345568 0
2052 0.05449907114122828 -0.04317473272195671 0
2053 0.05191160426911978 -0.04503566087906281 0
2054 0.05050249085007401 -0.04209167172070445 0
2055 0.04660016738292385 -0.04084645712837912 0
2056 0.04393875395940471 -0.04262568564523851 0
2057 0.04275536333591515 -0.03968914389093234 0
2058 0.0390612534415743 -0.03837116233030391 0
2059 0.0363423205979137 -0.04006248949228474 0
2060 0.03542475629227664 -0.03715198121601059 0
2061 0.03194231434857354 -0.03572845798967814 0
2062 0.02916576875986975 -0.03732098470532387 0
2063 0.02849529583461283 -0.0344207925735968 0
2064 0.02524115727093965 -0.03289926500322257 0
2065 0.02242918825249347 -0.03437593390861719 0
2066 0.02200835397897215 -0.03149914114120233 0
2067 0.01902791315359906 -0.02988243901231611 0
2068 0.01619460886344719 -0.03123770420935673 0
2069 0.01603634301006625 -0.02840181643626842 0
2070 0.01335119328431343 -0.02666379558686062 0
2071 0.01052901831232128 -0.02788298123106272 0
2072 0.01063925529694363 -0.02507438360731115 0
2073 0.008288957035181873 -0.02324190320928872 0
2074 0.005493570324806692 -0.02431247998363249 0
2075 0.005887170861089674 -0.02156769375552897 0
2076 0.00389967902709629 -0.01964633781402828 0
2077 0.001155780229051549 -0.02055864364410936 0
2078 0.001840964729213752 -0.01788404377325924 0
2079 0.0002533022766131659 -0.01589741187963371 0
2080 -0.002419374057542422 -0.01665065580898313 0
2081 -0.001414196719482349 -0.01406551115862903 0
2082 -0.002578914454838674 -0.01206239995783223 0
2083 -0.005171754245499333 -0.01266091271456081 0
2084 -0.003817883434368377 -0.0102049348488196 0
2085 -0.004575326699217829 -0.008267547189814099 0
2086 -0.007093915245705108 -0.008720413854758521 0
2087 -0.005380579640959417 -0.00646844287820193 0
2088 -0.00576939457239518 -0.004666335966434268 0
2089 -0.008240173441990323 -0.004980919283985362 0
2090 -0.006169925578977508 -0.003009927336209314 0
2091 -0.006281660912853327 -0.001420521150100464 0
2092 -0.008740723707301905 -0.00158940618610885 0
2093 0.2609624763545314 -0.07108288668546772 0
2094 0.2548416820987033 -0.0709696579639767 0
2095 0.248529235493606 -0.07081079724530645 0
2096 0.2424093284669178 -0.07065842752647999 0
2097 0.2362176178248748 -0.07045823965186027 0
2098 0.2301693908507592 -0.07026635029402623 0
2099 0.2241025870689703 -0.07002632635370795 0
2100 0.2182395126705298 -0.06980013442842077 0
2101 0.2121745936773599 -0.06951567670113631 0
2102 0.2063164923863371 -0.06924322885931308 0
2103 0.2004813423866633 -0.06891357233160836 0
2104 0.1947597603317237 -0.06859652465174979 0
2105 0.1889343947344084 -0.06821229003071018 0
2106 0.183321014991142 -0.06785336461318298 0
2107 0.1775977956595092 -0.06742668753386147 0
2108 0.1720526529893778 -0.067026552484338 0
2109 0.1664584175595779 -0.06656197746889286 0
2110 0.1609913426237636 -0.06611350267434159 0
2111 0.155403487831793 -0.06557701332863068 0
2112 0.1500330302144978 -0.0650772874800596 0
2113 0.1446431875131961 -0.06449749249606081 0
2114 0.1394026548197367 -0.06395751660056048 0
2115 0.1340423396284358 -0.06332527606589419 0
2116 0.1288224968238341 -0.06272295857518559 0
2117 0.1235745939957954 -0.06203963532455149 0
2118 0.1185086675835623 -0.06139915059803201 0
2119 0.1133734693018749 -0.06064663568656263 0
2120 0.1083889919219974 -0.05994660384329584 0
2121 0.1033533592078908 -0.05912853308015162 0
2122 0.09845347377015112 -0.05836329816373736 0
2123 0.09354139829914138 -0.05748343005073046 0
2124 0.08878982035378943 -0.05666461874277436 0
2125 0.08401555709115988 -0.05571981888277251 0
2126 0.07934985164455141 -0.05483604479697109 0
2127 0.0746784898897952 -0.05381326117471324 0
2128 0.07016675802496153 -0.05287016933837652 0
2129 0.06568319781825492 -0.05178203337356387 0
2130 0.06129616125465248 -0.05076976817678623 0
2131 0.0569626515135441 -0.0496030866481777 0
2132 0.0527477975362371 -0.04852658170637814 0
2133 0.0485848375048286 -0.04725969651503469 0
2134 0.04451431066226369 -0.04609493587353572 0
2135 0.0405400879202632 -0.04473984458811127 0
2136 0.03663776445311304 -0.04349462999578593 0
2137 0.03287163862779516 -0.04205314787779958 0
2138 0.02917752873345431 -0.04073516631717115 0
2139 0.02565080750277426 -0.03916682082868267 0
2140 0.02216836555907116 -0.03774329760235022 0
2141 0.01888755790588689 -0.03607001539722281 0
2142 0.01563341934221371 -0.03454848782684858 0
2143 0.01266689016447694 -0.03276168625768686 0
2144 0.009686449339103842 -0.03114498412880065 0
2145 0.007034784940220028 -0.02922120219291374 0
2146 0.004349635214467203 -0.02748318134350593 0
2147 0.002063696842826042 -0.0254528622660538 0
2148 -0.0002866014189357165 -0.02362038186803136 0
2149 -0.002185065173472141 -0.02150019855151924 0
2150 -0.004172557007465525 -0.01957884261001854 0
2151 -0.005660423781150848 -0.01739879675149552 0
2152 -0.007248086233751435 -0.01541216485786999 0
2153 -0.00831998991431271 -0.01322699604316998 0
2154 -0.009484707649669036 -0.01122388484237319 0
2155 -0.01018238881867485 -0.009113642999911197 0
2156 -0.0109398320835243 -0.007176255340905701 0
2157 -0.01131400192109345 -0.005192025578036922 0
2158 -0.01170281685252921 -0.003389918666269259 0
2159 -0.01181449418671304 -0.00158940618610885 0
2160 -0.003711003981940292 0.002850712215305517 -0
2161 -0.002910100010905832 0.006174353074528538 -0
2162 -0.001299768089486787 0.009784475499803944 -0
2163 0.001177979366407306 0.01351245232302001 0
2164 0.004512770772386286 0.01719040175433539 0
2165 0.008629976614369889 0.02073024500506019 0
2166 0.0134333096557303 0.0240950526224265 0
2167 0.01885692921309956 0.02729143711826445 0
2168 0.02483979843924113 0.03027124557472042 0
2169 0.03130511675833911 0.03309123475685567 0
2170 0.03819885167971754 0.03572725501466615 0
2171 0.04547153034180899 0.03818723315117992 0
2172 0.05316080978138507 0.04052436712292184 0
2173 0.06115362976725901 0.04271381444149268 0
2174 0.06939313722926178 0.04474659797294511 0
2175 0.07801241140406329 0.04667446620185735 0
2176 0.08678009301171326 0.04845877625640939 0
2177 0.09593743046050596 0.050154771154977 0
2178 0.1051833997125813 0.05172145234160486 0
2179 0.1147655756294076 0.05319473139130518 0
2180 0.1244929707111301 0.05453864255082919 0
2181 0.134333247038402 0.05577943836437807 0
2182 0.1445477543578235 0.05696512875264389 0
2183 0.1547894994232743 0.05801042806238024 0
2184 0.1651821397946665 0.0589811486898479 0
2185 0.175912393496626 0.05988242814533518 0
2186 0.1867173069659091 0.0606709945254832 0
2187 0.1976044321320612 0.06137964441695042 0
2188 0.2088654300719254 0.0620248938733297 0
2189 0.2202502490948666 0.06258311949638472 0
2190 0.2316499556458018 0.06304591768522567 0
2191 0.2435163508328952 0.06344962578053367 0
2192 0.2554476073162388 0.06377782718149987 0
2193 -0.008629142942952478 0.003189397991870724 -0
2194 -0.00785168609049245 0.006805460374971739 -0
2195 -0.006336989998605889 0.01069327769513988 -0
2196 -0.004007763073554594 0.01471378217534382 -0
2197 -0.0008326643197558922 0.01870253372347653 -0
2198 0.003142075497974357 0.02256194539406505 0
2199 0.007842410051261024 0.02624484686172944 0
2200 0.01321242880102046 0.02974011202714001 0
2201 0.01917301372079544 0.03299383747794584 0
2202 0.02568097528356533 0.03605850353321944 0
2203 0.03264552845416258 0.03892819863779994 0
2204 0.04003340271532312 0.0415878246285105 0
2205 0.04783768987093681 0.04410289270182889 0
2206 0.05597837070434411 0.04645794813809143 0
2207 0.06440769412385622 0.04863729225739762 0
2208 0.07318137192992877 0.05068889567291378 0
2209 0.08220442591593838 0.05260313997583526 0
2210 0.09153541979602184 0.05439924656519 0
2211 0.1010381481013605 0.05606615173351674 0
2212 0.1108374818453491 0.05762655777594564 0
2213 0.1208059919013341 0.05905707635091072 0
2214 0.130937391266654 0.06036910016721682 0
2215 0.1413766143985173 0.06160540722551777 0
2216 0.1518572152950197 0.06271716878767628 0
2217 0.1625976495383437 0.06374956049241712 0
2218 0.1735313184231418 0.06467944975456737 0
2219 0.1846211120110383 0.06551339659582009 0
2220 0.1958473712722845 0.06626550463985424 0
2221 0.2072900346024049 0.06693389494339042 0
2222 0.2190057169463371 0.06751441836813023 0
2223 0.230731345508336 0.0680024297476382 0
2224 0.2428272686448412 0.06842256007308246 0
2225 0.2550665416509864 0.06876435233585781 0
2226 -0.001855501990970146 0.001425356107652758 -0
2227 -0.003822715116864276 0.001425356107652758 -0
2228 -0.001743683136152334 0.002710769236559628 -0
2229 -0.001343231150635105 0.004372589666171139 -0
2230 -0.003310551996423062 0.004512532644917027 -0
2231 -0.0009333272814136928 0.005912439671388233 -0
2232 -0.0001281613207041699 0.007717500884025936 -0
2233 -0.002104934050196309 0.007979414287166241 -0
2234 0.0007153393647969255 0.009405978517422205 0
2235 0.001954213092743972 0.01126996692903024 0
2236 -6.089436153974013e-05 0.01164846391141197 -0
2237 0.003252583070125607 0.01301091516401692 0
2238 0.004919978773115096 0.01484988987967461 0
2239 0.002845375069396796 0.0153514270386777 0
2240 0.006651347006100071 0.01655800566132062 0
2241 0.008709949927091874 0.01832792728668301 0
2242 0.006571373693378088 0.01896032337969779 0
2243 0.0108256421979776 0.01996297180552516 0
2244 0.01322730871865781 0.02164537561420831 0
2245 0.0110316431350501 0.02241264881374334 0
2246 0.01567028522366528 0.02319296831086576 0
2247 0.01838209500234991 0.02479116055878474 0
2248 0.01614511943441493 0.02569324487034547 0
2249 0.02111546360040547 0.0262616854412029 0
2250 0.02410689821347626 0.02775158966943088 0
2251 0.02184836382617035 0.02878134134649243 0
2252 0.02710737181189959 0.02912334860221307 0
2253 0.03034003097144857 0.03053334319328069 0
2254 0.02807245759879012 0.03168124016578805 0
2255 0.0335557660462272 0.03183634408769801 0
2256 0.03700263350691642 0.03315435421660325 0
2257 0.03475198421902832 0.03440924488576091 0
2258 0.04042131327732409 0.03436933338321115 0
2259 0.04405765260836982 0.03559932245146803 0
2260 0.04183519101076327 0.03695724408292303 0
2261 0.04764805956087939 0.03673946320771741 0
2262 0.05149269928066743 0.03790803019358837 0
2263 0.04931617006159703 0.03935580013705088 0
2264 0.05529148779145725 0.03899502234643762 0
2265 0.05928789778439422 0.04008974600572304 0
2266 0.05715721977432204 0.04161909078220725 0
2267 0.06322532083420193 0.04110744729411595 0
2268 0.06734507456520332 0.04212383905984216 0
2269 0.0652733834982604 0.0437302062072189 0
2270 0.07138906424082618 0.04307048971527713 0
2271 0.07569870132822692 0.04403442382973325 0
2272 0.07370277431666253 0.04571053208740123 0
2273 0.07994674384479886 0.0449374351195 0
2274 0.08433058464862385 0.04582959014677603 0
2275 0.08239625220788827 0.04756662122913337 0
2276 0.08861244947033736 0.04665792581031344 0
2277 0.09319111819473372 0.04750592325959725 0
2278 0.0913587617361096 0.0493067737056932 0
2279 0.09770050038444839 0.04830182022956339 0
2280 0.102323485010486 0.04908516082287732 0
2281 0.1005604150865436 0.05093811174829093 0
2282 0.1068439465165493 0.0498160503306124 0
2283 0.1116350344749624 0.05055268985546256 0
2284 0.1099744876709944 0.05245809186645502 0
2285 0.1163394438331599 0.05124184115203088 0
2286 0.1212031413740212 0.05191379673179289 0
2287 0.1196292731702689 0.05386668697106718 0
2288 0.1259705806529929 0.05253825295601887 0
2289 0.1308907188166288 0.05315865086279331 0
2290 0.1294131088747661 0.05515904045760363 0
2291 0.1356945991880024 0.05373744811394522 0
2292 0.1408018528477132 0.05433029330807813 0
2293 0.1394405006981128 0.05637228355851098 0
2294 0.1458194154132144 0.05488952161493992 0
2295 0.1509402879459398 0.05541217126980809 0
2296 0.1496686268905489 0.05748777840751206 0
2297 0.1559658142257504 0.0558948076773936 0
2298 0.1611621344114465 0.05638016799112743 0
2299 0.1599858196089704 0.05849578837611406 0
2300 0.1662195400945957 0.05682695440328663 0
2301 0.1715846669455754 0.05727759413103027 0
2302 0.1705472666456463 0.05943178841759154 0
2303 0.1768686307678747 0.05770288460716308 0
2304 0.1822710875025162 0.05809716779723709 0
2305 0.1813148502312675 0.06027671133540919 0
2306 0.1875597997774007 0.05845908232352634 0
2307 0.1930033623604768 0.05881340726925995 0
2308 0.1921608695489851 0.06102531947121681 0
2309 0.1983114824711711 0.05913588743336486 0
2310 0.2039419814411032 0.0594585121615545 0
2311 0.2032349311019933 0.06170226914514006 0
2312 0.2095000256535229 0.05975740310028234 0
2313 0.2151924351649935 0.06003651591180984 0
2314 0.214557839583396 0.06230400668485721 0
2315 0.220752718961897 0.06029166951840514 0
2316 0.2264525722373646 0.06052306861282562 0
2317 0.2259501023703342 0.0628145185908052 0
2318 0.2320222763209388 0.06072934243626298 0
2319 0.2379554739144855 0.06093119648391698 0
2320 0.2375831532393485 0.06324777173287968 0
2321 0.243797084404337 0.06111113597744153 0
2322 0.2497627126460087 0.06127523667792462 0
2323 0.249481979074567 0.06361372648101676 0
2324 0.2556053626768591 0.06141825935687574 0
2325 0.2615718246808854 0.06154559279415551 0
2326 0.2614140693202651 0.06390516061877963 0
2327 -0.006281784597370369 0.001594698995935362 -0
2328 -0.0087408009920651 0.001594698995935362 -0
2329 -0.006170073462446385 0.00302005510358812 -0
2330 -0.005781345036216371 0.004828086295138628 -0
2331 -0.008240414516722465 0.004997429183421231 -0
2332 -0.005380893050699141 0.006489906724750139 -0
2333 -0.00462354500475586 0.008433815384834209 -0
2334 -0.00709433804454917 0.008749369035055809 -0
2335 -0.003818379044046338 0.01023887659747191 -0
2336 -0.00265376558152069 0.01224912883757388 -0
2337 -0.005172376536080242 0.01270352993524185 -0
2338 -0.001414891853573644 0.01411311724918192 -0
2339 0.0001726575233257071 0.01610749302324827 0
2340 -0.002420213696655243 0.01670815794941018 -0
2341 0.001840053226315197 0.01794646773890596 0
2342 0.003827423135180322 0.01987617357420022 0
2343 0.001154705589109233 0.02063223955877079 0
2344 0.005886026056172123 0.02164609519956262 0
2345 0.008236193332815457 0.02348754593339481 0
2346 0.005492242774617691 0.02440339612789724 0
2347 0.01063785985349566 0.02516994974207797 0
2348 0.01332286922837538 0.02691758232478325 0
2349 0.01052741942614074 0.02799247944443473 0
2350 0.01603467900706001 0.02851577457270223 0
2351 0.0190149714669475 0.03014263729810514 0
2352 0.01619272126090795 0.03136697475254292 0
2353 0.02200640608001829 0.03163254152633313 0
2354 0.02526038686140323 0.03316487455396993 0
2355 0.02242699450218039 0.03452617050558264 0
2356 0.02849304602095222 0.03457486914503756 0
2357 0.03197532260625084 0.0360097166973278 0
2358 0.02916325186886395 0.03749335108550969 0
2359 0.03542219006694006 0.03732772682623305 0
2360 0.03911612719752033 0.03865753982158832 0
2361 0.03633946558474285 0.04025801163315522 0
2362 0.04275246652856605 0.0398875288898452 0
2363 0.0466546101063729 0.0411450629265044 0
2364 0.04393554629312996 0.0428453586651697 0
2365 0.05049924982616094 0.04231362991237536 0
2366 0.05456959024286459 0.04349115763050664 0
2367 0.05190803028764046 0.04528042041996016 0
2368 0.05856600023580156 0.04458588128979205 0
2369 0.06278066194555762 0.04567555334944515 0
2370 0.06019303241410016 0.04754762019774452 0
2371 0.06690041567655899 0.04669194511517136 0
2372 0.07128725457959528 0.04771774682292945 0
2373 0.06879453302689249 0.0496630939651557 0
2374 0.07559689166699603 0.04868168093738556 0
2375 0.08010841866000083 0.0496388030888463 0
2376 0.07769289892293357 0.05164601782437452 0
2377 0.08449225946382583 0.05053095811612232 0
2378 0.08915775640386756 0.0514290114107997 0
2379 0.08686992285598011 0.05350119327051263 0
2380 0.0937364251282639 0.0522770088600835 0
2381 0.09848778928093323 0.05311046144424687 0
2382 0.09628678394869117 0.05523269914935337 0
2383 0.1031107739069709 0.0538938020375608 0
2384 0.1080104407789652 0.05467400505877525 0
2385 0.1059378149733548 0.05684635475473119 0
2386 0.1128015287373784 0.05541064458362541 0
2387 0.1177857837653709 0.05612590387110795 0
2388 0.1158217368733416 0.05834181706342818 0
2389 0.1226494813062321 0.05679785945086995 0
2390 0.1277151809888921 0.057453871359023 0
2391 0.1258716915839941 0.05971308825906377 0
2392 0.132635319152528 0.05807426926579744 0
2393 0.1378549307184596 0.05869242279494792 0
2394 0.1361570028325857 0.06098725369636729 0
2395 0.1429621843781704 0.05928526798908083 0
2396 0.1482024848264216 0.05984114877016009 0
2397 0.1466169148467685 0.06216128800659702 0
2398 0.153323357359147 0.06036379842502826 0
2399 0.158693574480809 0.06087999427739868 0
2400 0.1572274324166817 0.0632333646400467 0
2401 0.1638898946665051 0.06136535459113251 0
2402 0.1693567291089041 0.06183029922220763 0
2403 0.1680644839807427 0.06421450512349225 0
2404 0.1747218559598839 0.06228093894995127 0
2405 0.1802667527538321 0.06269791237057763 0
2406 0.17907621521709 0.06509642317519374 0
2407 0.1856692094884737 0.06309219556065165 0
2408 0.1912823391190968 0.06346824958266872 0
2409 0.1902342416416614 0.06588945061783716 0
2410 0.1967259017021728 0.06382257452840233 0
2411 0.2024472333672331 0.06415676968017042 0
2412 0.2015687029373447 0.06659969979162234 0
2413 0.2080777323371652 0.06447939440836006 0
2414 0.2139355735091313 0.06476965612072996 0
2415 0.213147875774371 0.06722415665576031 0
2416 0.2196279830206018 0.06504876893225747 0
2417 0.2254907973016013 0.06529277462201147 0
2418 0.2248685312273365 0.06775842405788421 0
2419 0.2311906505770689 0.06552417371643193 0
2420 0.2372386121453215 0.06573423887915407 0
2421 0.2367793070765886 0.06821249491036033 0
2422 0.2431718097388682 0.06593609292680808 0
2423 0.2492914462419408 0.06610698905819574 0
2424 0.2489469051479138 0.06859345620447013 0
2425 0.2552570744836126 0.06627108975867885 0
2426 0.2613775982655517 0.06640284499590966 0
2427 0.2611870654329255 0.06889610757308864 0
2428 -0.01181455218648211 0.001800512479364635 -0
2429 -0.01170289413736949 0.003395211475299996 -0
2430 -0.01132872430013569 0.005379441237285257 -0
2431 -0.01093999587390568 0.007187472428835764 -0
2432 -0.01024231470562366 0.009297714270289945 -0
2433 -0.009484966659680379 0.01124162293037401 -0
2434 -0.008413062980221963 0.01342679174419571 -0
2435 -0.007248449517696316 0.01543704398429768 -0
2436 -0.005760582745164675 0.01761708984181358 -0
2437 -0.004173033368265324 0.01961146561587994 -0
2438 -0.002274569615537582 0.02173164893171163 -0
2439 -0.0002871997066724577 0.02366135476700589 -0
2440 0.001998738663128556 0.02569167384415263 0
2441 0.00434890593977189 0.02753312457798483 0
2442 0.007000570336331002 0.02945690651349023 0
2443 0.009685579711210722 0.03120453909619552 0
2444 0.01265210888705399 0.03299134066484583 0
2445 0.01563240134694148 0.03461820339024875 0
2446 0.01891320899728155 0.03629148559516604 0
2447 0.0221671897786665 0.03782381862280284 0
2448 0.02569391100706198 0.0393921641108925 0
2449 0.0291761875923606 0.04082701166318275 0
2450 0.03294231341502551 0.04226849378139086 0
2451 0.03663625054560578 0.04359830677674613 0
2452 0.04061047328502954 0.04495339806191906 0
2453 0.04451261686283639 0.04621093209857826 0
2454 0.04867557689132568 0.0474778172903044 0
2455 0.05274591730802933 0.04865534500843566 0
2456 0.05707942704621068 0.04982202653691374 0
2457 0.06129408875596673 0.05091169859656684 0
2458 0.06577764896073042 0.05199983456157009 0
2459 0.07016448786376669 0.05302563626932818 0
2460 0.07483584961532895 0.05404841989156407 0
2461 0.07934737660833376 0.05500554204302481 0
2462 0.08412163986756599 0.05595034190306541 0
2463 0.08878713680760772 0.05684839519774278 0
2464 0.09369921227652839 0.05772826331110208 0
2465 0.09845057642919772 0.05856171589526545 0
2466 0.1034862091396157 0.05937978665856567 0
2467 0.10838587601161 0.06015998967978012 0
2468 0.1135210742912412 0.0609125045909482 0
2469 0.1185053293192338 0.06162776387843074 0
2470 0.1237532321432649 0.06231108712932295 0
2471 0.1288189318259249 0.06296709903747599 0
2472 0.1341792470149835 0.06359933957270084 0
2473 0.1393988585809152 0.06421749310185131 0
2474 0.1447887012778921 0.0647972880862331 0
2475 0.1500290017261434 0.06535316886731235 0
2476 0.1556168565158868 0.06588965821280943 0
2477 0.1609870736375487 0.06640585406517985 0
2478 0.1665813090650411 0.06687042908126176 0
2479 0.1720481435074402 0.06733537371233689 0
2480 0.1777713628343235 0.06776205079209946 0
2481 0.1833162596282717 0.06817902421272581 0
2482 0.1891416252232058 0.06856325883439228 0
2483 0.1947547548538289 0.06893931285640936 0
2484 0.2005899048484234 0.06926896938382712 0
2485 0.2063112365134836 0.06960316453559522 0
2486 0.212376155504175 0.0698876222635207 0
2487 0.218233996676141 0.07017788397589061 0
2488 0.224300800455459 0.07041790791683747 0
2489 0.2301636147364585 0.07066191360659145 0
2490 0.2363553253729029 0.07086210148176961 0
2491 0.2424032869411555 0.07107216664449174 0
2492 0.2487157335437047 0.07123102736379568 0
2493 0.2548353700467774 0.07140192349518334 0
2494 0.2611487708254932 0.07151867616792891 0
2495 0.2853258095565695 0.06418386914085822 0
2496 0.3030190230889305 0.06418543566785574 0
2497 0.3204615670086187 0.06405469637935401 0
2498 0.3376554597730788 0.06380424335120781 0
2499 0.3545631059451035 0.06344799628351376 0
2500 0.371176888313937 0.06299693303487328 0
2501 0.3875533453921628 0.06246190019071507 0
2502 0.4036952909170194 0.06184660011724689 0
2503 0.4196061815805207 0.06116361111108302 0
2504 0.4352126943014802 0.0604244135664198 0
2505 0.4505870236266351 0.05963288419013892 0
2506 0.4657432724010153 0.05879290615752465 0
2507 0.4806849903225986 0.0579110215333169 0
2508 0.4953794870129993 0.05699364459417146 0
2509 0.5098195737351742 0.05604610952359873 0
2510 0.5240582075519131 0.05506796546358673 0
2511 0.5380988499822096 0.05406172196821135 0
2512 0.5519346850057681 0.05303199567285406 0
2513 0.5655072366274577 0.05198722559076636 0
2514 0.5788945636948915 0.05092467484834572 0
2515 0.5921003750572775 0.04984655821150938 0
2516 0.605126582442497 0.04875483498102526 0
2517 0.6178986920681583 0.04765825404042347 0
2518 0.630498916060435 0.04654955088705123 0
2519 0.6429325777581475 0.04542891137861979 0
2520 0.6552009280169019 0.0443015586752897 0
2521 0.6672291225805231 0.04317606225032836 0
2522 0.6791022427103243 0.04204591918115213 0
2523 0.6908225715312942 0.04090417107330171 0
2524 0.7023758339105221 0.03976246459574156 0
2525 0.7137192334717901 0.03862635418663628 0
2526 0.7249206908654507 0.03748525341315319 0
2527 0.7359828679445278 0.03633888947003237 0
2528 0.7468632734617019 0.03519855837511714 0
2529 0.7575744584626632 0.03405995672483649 0
2530 0.7681557458128279 0.03291675096518864 0
2531 0.7786090470345147 0.03177716070563924 0
2532 0.7888570731397219 0.0306433199752232 0
2533 0.7989845142696291 0.02950802976667026 0
2534 0.808994516844959 0.02837810244706441 0
2535 0.8188384321817271 0.02724590394317622 0
2536 0.828537844160485 0.02612257064917902 0
2537 0.8381269584467534 0.02499623239557722 0
2538 0.8475845859957011 0.02387317266970988 0
2539 0.8568792524150137 0.02276081911326141 0
2540 0.8660676471072629 0.02164482897499706 0
2541 0.8751430242422623 0.02053764041747715 0
2542 0.8840493656336994 0.01943118542004891 0
2543 0.8928133850974248 0.01833633420450747 0
2544 0.9014339545616241 0.0172491918593911 0
2545 0.9099004587223777 0.01616716391977509 0
2546 0.9182039828733893 0.01509764043172312 0
2547 0.9263332547784732 0.01404155441275092 0
2548 0.9342834921810766 0.01299708828788803 0
2549 0.9420377190948096 0.01196956381665879 0
2550 0.9495754192098139 0.01096146570273354 0
2551 0.9569115911710352 0.009971752887066516 0
2552 0.9640010594208975 0.009006586182525889 0
2553 0.9708429109074792 0.008067360695178527 0
2554 0.9774203446689924 0.007157385636803355 0
2555 0.9837035541096673 0.006280468354028072 0
2556 0.9896758804590503 0.005440784012973937 0
2557 0.9952990098215488 0.004644679750508586 0
2558 0.2852697780847812 0.06917793014367636 0
2559 0.3029803477180421 0.06917790701745752 0
2560 0.3204405670824892 0.06904567848276011 0
2561 0.3376523458595376 0.06879350429669492 0
2562 0.3545759415040936 0.0684358115020567 0
2563 0.3712074183332891 0.06798288803836382 0
2564 0.3876016320591537 0.06744629705917142 0
2565 0.4037613465182456 0.06682989689621159 0
2566 0.419689920061403 0.06614497189275059 0
2567 0.4353111677276243 0.06540396876834935 0
2568 0.4507027911311479 0.06461050474312437 0
2569 0.4658762016815605 0.06376853834810572 0
2570 0.4808349172288734 0.06288462944126479 0
2571 0.4955432970338935 0.06196537425246874 0
2572 0.5099999114417575 0.06101576508872125 0
2573 0.5242548435335411 0.0600351657893609 0
2574 0.5383115504501687 0.0590263740514094 0
2575 0.552160459693125 0.05799468725588505 0
2576 0.565748602852495 0.05694775182555061 0
2577 0.5791512743965843 0.05588300317018883 0
2578 0.5923721595171155 0.05480252557493302 0
2579 0.6054116981832725 0.05370851502088812 0
2580 0.6181973517859259 0.05260978312705986 0
2581 0.630811864215582 0.05149852950791465 0
2582 0.6432595735936134 0.0503756522989123 0
2583 0.655539516125104 0.04924626510376564 0
2584 0.6675812630837559 0.04811854141280348 0
2585 0.67946765289251 0.04698597128701495 0
2586 0.6912009773429613 0.04584171045229923 0
2587 0.7027651453472061 0.04469787639965973 0
2588 0.7141210910872104 0.04355957584771216 0
2589 0.7253348233505384 0.04241611580160803 0
2590 0.7364090241948534 0.04126740362538944 0
2591 0.7472996947752618 0.04012494398097434 0
2592 0.758022459441053 0.03898408114836013 0
2593 0.7686151019467643 0.03783875357222517 0
2594 0.7790782735432805 0.03669715084256197 0
2595 0.7893371899411613 0.03556093885185951 0
2596 0.7994753146403929 0.0344234189443542 0
2597 0.8094957798360118 0.03329127966937711 0
2598 0.8193489920945725 0.03215713842330033 0
2599 0.8290584986289423 0.03103183726949567 0
2600 0.838657488635621 0.02990333438506441 0
2601 0.848124037973723 0.02877828198047662 0
2602 0.857428202086797 0.02766376613120964 0
2603 0.8666259108235325 0.02654573468055458 0
2604 0.8757104147991807 0.02543652871496084 0
2605 0.8846251454535866 0.02432804586103083 0
2606 0.8933979228934557 0.02323114941489312 0
2607 0.9020270442282807 0.02214190176045705 0
2608 0.9105019296309317 0.02105800955418486 0
2609 0.9188136374575759 0.01998664242603264 0
2610 0.9269508858554235 0.01892872083460337 0
2611 0.9349089162504302 0.01788261743904017 0
2612 0.9426708506173294 0.01685291090700411 0
2613 0.9502158416076274 0.01584307558555131 0
2614 0.9575592359107018 0.01485156031127319 0
2615 0.9646555183211821 0.01388468828359008 0
2616 0.9715040818245054 0.01294407886719209 0
2617 0.9780878433856549 0.01203218951194601 0
2618 0.9843772043258717 0.01115395596169101 0
2619 0.9903553138220114 0.01031285172188178 0
2620 0.9959838497569301 0.009515286821322418 0
2621 0.2763879047782847 0.06172943457042911 0
2622 0.2763531704404305 0.0641081815984588 0
2623 0.2853537722259922 0.06181478746192146 0
2624 0.2942003789921726 0.06181557072542023 0
2625 0.29417241632275 0.06418465240435699 0
2626 0.3030399840136579 0.06182602686270133 0
2627 0.311761255973502 0.06176065721845047 0
2628 0.3117402950487746 0.06412006602360489 0
2629 0.3204753563321939 0.06170478707110854 0
2630 0.3290723027144239 0.06157956055703544 0
2631 0.3290585133908487 0.06392946986528091 0
2632 0.3376619596265749 0.06146381974712702 0
2633 0.3461157827125873 0.06128569621327999 0
2634 0.3461092828590911 0.06362611981736079 0
2635 0.3545632179423715 0.06111678217840877 0
2636 0.3628701091267882 0.06089125055408853 0
2637 0.3628699971295203 0.06322246465919353 0
2638 0.3711697609895624 0.0606749809629566 0
2639 0.3793579895286753 0.0604074645408775 0
2640 0.3793651168530499 0.06272941661279417 0
2641 0.3875389324123917 0.0601489482735597 0
2642 0.3956099051748201 0.05984129823682561 0
2643 0.3956243181545911 0.06215425015398098 0
2644 0.4036735699287617 0.05954231374904721 0
2645 0.4116290152605123 0.05920081924596527 0
2646 0.4116507362487701 0.06150510561416495 0
2647 0.4195771772960311 0.05886827352171251 0
2648 0.4273804336565109 0.0584986747493809 0
2649 0.4274094379410004 0.0607940123387514 0
2650 0.4351777885811061 0.05813780793497752 0
2651 0.4428649532436836 0.05774204324683708 0
2652 0.4428998589640576 0.06002864887827936 0
2653 0.4505449818680227 0.05735495926432038 0
2654 0.4581231062552127 0.05693497024801323 0
2655 0.4581651480138252 0.05921289517383178 0
2656 0.4656941422518747 0.05652357913649297 0
2657 0.4731650012126664 0.0560826368243891 0
2658 0.473214131361807 0.05835196384542077 0
2659 0.4806288348341776 0.05565020282215833 0
2660 0.487976083179378 0.05519151435258561 0
2661 0.488032238667799 0.05745233306374418 0
2662 0.4953177714003226 0.05474113840074551 0
2663 0.50253781476141 0.05426737086545915 0
2664 0.5025995303740868 0.05651987705888509 0
2665 0.5097510211126932 0.05380188510953612 0
2666 0.5168703380210627 0.05331281307953011 0
2667 0.5169388906435436 0.05555703749359273 0
2668 0.5239829129567372 0.05283210404744247 0
2669 0.5310032341718854 0.05232898229975478 0
2670 0.5310785287670613 0.05456484371589904 0
2671 0.5380169107761864 0.05183416925136234 0
2672 0.5449348282879657 0.05131930610368369 0
2673 0.5450167674939889 0.05354685882053271 0
2674 0.5518475102514505 0.05081236678276529 0
2675 0.5586337860622953 0.05028998174172143 0
2676 0.5587209608166129 0.05250961063181021 0
2677 0.5654136093467073 0.0497754892122526 0
2678 0.5721072728804241 0.04924421384104229 0
2679 0.5722009001611746 0.05145595021955603 0
2680 0.5787945884416108 0.04872075405725933 0
2681 0.5853974941228038 0.04818169573884116 0
2682 0.5854974693760845 0.05038561652992755 0
2683 0.5919941679052014 0.04765044001294277 0
2684 0.5985072715978111 0.04710457839770071 0
2685 0.5986134787498872 0.04930069659626732 0
2686 0.6050149602150557 0.04656639305551421 0
2687 0.6114010150278865 0.04601810258521331 0
2688 0.6115126372553276 0.04820654451072436 0
2689 0.6177815355018169 0.04547729653217505 0
2690 0.6240816474979552 0.04492294495548892 0
2691 0.6241988040642966 0.04710390246373735 0
2692 0.6303758586377487 0.04437618324469073 0
2693 0.6365926894866049 0.04381586349047501 0
2694 0.6367157469092912 0.0459892311328355 0
2695 0.6428037223412106 0.04326290148295828 0
2696 0.6489378974705878 0.04269922513129324 0
2697 0.6490667528875247 0.04486523502695475 0
2698 0.6550674318016487 0.04214272472992028 0
2699 0.6610815290834594 0.04157997651743962 0
2700 0.6612150252987125 0.04373881046280904 0
2701 0.6670900354146826 0.04102437773977429 0
2702 0.6730265954795831 0.04045930620518617 0
2703 0.6731656826454236 0.04261099071574025 0
2704 0.678957688213893 0.03990140154816835 0
2705 0.684817852624378 0.03933052749424314 0
2706 0.6849624071208092 0.04147504512722692 0
2707 0.6906726694085876 0.03876678490897941 0
2708 0.6964493005982015 0.03819593167019934 0
2709 0.6965992027209081 0.04033331783452163 0
2710 0.7022215672469329 0.0376319406943141 0
2711 0.7078932670275669 0.03706388548976147 0
2712 0.7080475336911561 0.03919440939118892 0
2713 0.7135598063738524 0.03650261873540055 0
2714 0.7191605350706828 0.03593206834865901 0
2715 0.7193199621686205 0.03805580379989474 0
2716 0.7247562224651954 0.03536831591769782 0
2717 0.730287311004734 0.03479513394613742 0
2718 0.7304517794049893 0.03691207144159277 0
2719 0.7358134679460585 0.03422867500574275 0
2720 0.7412536707046457 0.03365850945828514 0
2721 0.7414230707031149 0.03576872392257475 0
2722 0.7466897661592714 0.03309486927357056 0
2723 0.7520453586597521 0.03252556844843024 0
2724 0.7522188659621826 0.03462925754997682 0
2725 0.7573962060465972 0.03196277278616404 0
2726 0.7626868497216794 0.03139116990634012 0
2727 0.7628651021377456 0.03348835384501257 0
2728 0.7679728459906003 0.03082594087043681 0
2729 0.7731994966014438 0.0302561457406621 0
2730 0.7733823964236713 0.03234695583541394 0
2731 0.7784221975349676 0.02969260666927253 0
2732 0.7835462105875711 0.02912568630406451 0
2733 0.7837330600871183 0.03121024034043122 0
2734 0.7886657738603186 0.02856509100781605 0
2735 0.7937294944252721 0.02799744590353958 0
2736 0.7939207937046755 0.03007567487094673 0
2737 0.7987888550911619 0.02743599804135806 0
2738 0.8037938563788268 0.02687103438155513 0
2739 0.8039895155572941 0.02894306610686733 0
2740 0.8087945945924869 0.02631220029875337 0
2741 0.8137165522608709 0.02574610104680928 0
2742 0.813916474513343 0.02781200319512031 0
2743 0.8186347900379896 0.02518591909060678 0
2744 0.8234844960273685 0.02462425244360818 0
2745 0.8236881381711061 0.02668423729617762 0
2746 0.8283300921174401 0.02406844317612363 0
2747 0.8331246492605743 0.02350527404932273 0
2748 0.8333324013036193 0.02555940152237812 0
2749 0.8379151929027985 0.02294800088041568 0
2750 0.8426440066772722 0.022386471017482 0
2751 0.8428557722212272 0.02443470253264355 0
2752 0.8473692517326743 0.02183068837430986 0
2753 0.8520165849423306 0.02127451159608562 0
2754 0.8522319192053575 0.02331699589148564 0
2755 0.8566600636615641 0.02072408140922461 0
2756 0.8612542610076886 0.02016608634009244 0
2757 0.8614734497611384 0.02220282404412923 0
2758 0.8658446838008417 0.01961372720762728 0
2759 0.8703823723683414 0.01906013292886732 0
2760 0.8706053356747626 0.0210912346962371 0
2761 0.874916367432333 0.01851210606012257 0
2762 0.8793695381280516 0.01795887856140845 0
2763 0.8795961949379808 0.01998441291876303 0
2764 0.8838193544824681 0.01741113828025658 0
2765 0.8882013642143307 0.01686371267248585 0
2766 0.888431375365562 0.01888375981227819 0
2767 0.8925798339181604 0.01632171119667853 0
2768 0.8968901186502601 0.01577814002412035 0
2769 0.8971236698295245 0.01779276303194928 0
2770 0.9011969512631716 0.01523994933265865 0
2771 0.9054302033435483 0.01469893536285065 0
2772 0.905667206642001 0.0167081778895831 0
2773 0.9096600735934087 0.01416310970407754 0
2774 0.9138118356689146 0.01362834796005156 0
2775 0.9140522207978835 0.0156324021757491 0
2776 0.9179602983351006 0.01309868241198322 0
2777 0.9220249342876425 0.01257063940249712 0
2778 0.9222686188259313 0.01456959742223702 0
2779 0.9260863570259921 0.01204760076903122 0
2780 0.9300614757272938 0.01152536770659978 0
2781 0.9303083734797749 0.01351932135031947 0
2782 0.9340334558116213 0.0110079543500115 0
2783 0.9379105692684878 0.01049419211439688 0
2784 0.9381606056379431 0.01248332605227341 0
2785 0.941784570838611 0.009985410164056784 0
2786 0.9455534208961132 0.009481361107094159 0
2787 0.9458065691523118 0.01146551475969616 0
2788 0.9493193418965705 0.00898197079959555 0
2789 0.9529874278771812 0.008487114391762038 0
2790 0.9532435051904246 0.01046660929490003 0
2791 0.9566526030247308 0.007996846079098856 0
2792 0.9601973371496619 0.007514262726828544 0
2793 0.9604563252959664 0.009489169534796203 0
2794 0.9637393371033193 0.007036096199382451 0
2795 0.9671602628466102 0.00656648345570877 0
2796 0.9674219851641884 0.008536973438852208 0
2797 0.9705784853111409 0.006101009214108606 0
2798 0.9738672021918974 0.005646021684921019 0
2799 0.9741316277882358 0.007612373165990941 0
2800 0.9771533797659785 0.00519529117572736 0
2801 0.9802949844863159 0.004756832534339718 0
2802 0.9805619493893298 0.006718926995415713 0
2803 0.9834341127319348 0.004322197049018516 0
2804 0.9864202759066264 0.003902354878491448 0
2805 0.9866897172843588 0.005860626183501004 0
2806 0.9894041156627976 0.003486227445828803 0
2807 0.9922156803440468 0.003088175314596128 0
2808 0.9924874451402995 0.005042731881741262 0
2809 0.9950250758105975 0.002693680019578037 0
2810 0.9976515053276153 0.002319143434044142 0
2811 0.9979254393385667 0.004270143164974692 0
2812 0.2763251547045363 0.06660521209986787 0
2813 0.2762886836498229 0.0691028964769979 0
2814 0.2852977938206754 0.0666808996422673 0
2815 0.2941530786373058 0.06668088807915787 0
2816 0.2941250629014117 0.06917791858056695 0
2817 0.3029996854034863 0.06668167134265664 0
2818 0.3117297950857098 0.06661555707530793 0
2819 0.3117104574002657 0.06911179275010881 0
2820 0.3204510670455539 0.06655018743105706 0
2821 0.3290569564340781 0.06642410033802447 0
2822 0.3290464564710134 0.06891959138972752 0
2823 0.3376539028163082 0.06629887382395137 0
2824 0.3461157006385862 0.06612002742663226 0
2825 0.3461141436818156 0.06861465789937581 0
2826 0.3545695237245985 0.06594190389278523 0
2827 0.3628852621391963 0.06571544216093879 0
2828 0.3628916799186914 0.06820934977021026 0
2829 0.371192153323613 0.06548991053661855 0
2830 0.3793892601865453 0.06522161504702235 0
2831 0.3794045251962214 0.06771459254876762 0
2832 0.3875774887256583 0.06495409862494324 0
2833 0.3956573459552042 0.06464589854346332 0
2834 0.3956814892886997 0.06713809697769151 0
2835 0.4037283187176325 0.06433824850672924 0
2836 0.4116926054892112 0.06399578600499874 0
2837 0.4117256332898243 0.06648743439448108 0
2838 0.4196480508209618 0.0636542915019168 0
2839 0.4274586746540724 0.06328378993971619 0
2840 0.4275005438945136 0.06577447033054996 0
2841 0.4352619310145522 0.06291419116738457 0
2842 0.4429577427163141 0.06251745915477208 0
2843 0.4430069794293861 0.06500723675573686 0
2844 0.4506449073788915 0.06212169446663165 0
2845 0.4582316126540978 0.06170071126912233 0
2846 0.4582894964063542 0.06418952154561504 0
2847 0.4658097370412879 0.06128072225281519 0
2848 0.4732890948149444 0.06083876779939472 0
2849 0.473355559455217 0.06332658389468525 0
2850 0.480759953775736 0.06039782548729085 0
2851 0.4881141436782461 0.05993819789289282 0
2852 0.4881891071313835 0.06242500184686677 0
2853 0.4954613920234464 0.05947950942332009 0
2854 0.5026896992273784 0.05900470484144636 0
2855 0.5027716042378255 0.061490569670595 0
2856 0.5099097425884659 0.05853093730615999 0
2857 0.5170372086343576 0.05804063765647981 0
2858 0.5171273774876494 0.06052546543904107 0
2859 0.5241565255427271 0.05755156562647382 0
2860 0.5311848790010408 0.05704716975749807 0
2861 0.5312831969918549 0.05953076992038515 0
2862 0.5382052002161891 0.05654404800981037 0
2863 0.5451296548376673 0.0560282046120482 0
2864 0.5452360050716468 0.05851053065364722 0
2865 0.5520475723494466 0.05551334146436956 0
2866 0.5588416439291316 0.05498987374920234 0
2867 0.55895453127281 0.05747121954071783 0
2868 0.5656279197399764 0.05446748870815848 0
2869 0.5723292555120211 0.05393511438047759 0
2870 0.5724499386245396 0.05641537749786972 0
2871 0.5790229190457379 0.05340383900926727 0
2872 0.5856333616060035 0.05286360021163937 0
2873 0.58576171695685 0.05534276437256092 0
2874 0.5922362672871965 0.0523245418932212 0
2875 0.598756036620275 0.05177753661619875 0
2876 0.598891928850194 0.05425552029791057 0
2877 0.6052691403128847 0.05123167500095669 0
2878 0.6116619671142115 0.05068230905404256 0
2879 0.6118045249845993 0.05315914907397399 0
2880 0.6180480219270421 0.05013401858374166 0
2881 0.6243552781418701 0.04957839177416905 0
2882 0.624504608000754 0.05205415631748726 0
2883 0.6306553901380084 0.04902404019748294 0
2884 0.6368792448270242 0.04846260159298176 0
2885 0.6370357189045978 0.05093709090341348 0
2886 0.6430960756758805 0.04790228183876605 0
2887 0.6492360469416257 0.04733758824119271 0
2888 0.6493995448593587 0.04981095870133897 0
2889 0.6553702220710029 0.04677391188952767 0
2890 0.6613910955503289 0.0462100500440466 0
2891 0.6615603896044299 0.04868240325828456 0
2892 0.6674051928321395 0.04564730183156592 0
2893 0.6733483877365166 0.04508101676867166 0
2894 0.6735244579881329 0.04755225634990921 0
2895 0.6792849478014171 0.04451594523408354 0
2896 0.6851516100266427 0.04394381481672568 0
2897 0.6853343151177357 0.04641384086965709 0
2898 0.6910117744371277 0.04337294076280047 0
2899 0.6967938584392502 0.04280102373648072 0
2900 0.6969830613450837 0.04526979342597948 0
2901 0.7025704896288641 0.04223017049770065 0
2902 0.7082484624988662 0.04166102022172686 0
2903 0.7084431182172083 0.04412872612368595 0
2904 0.7139201622795003 0.04109296501717422 0
2905 0.7195270284111642 0.04052123499412216 0
2906 0.7197279572188745 0.04298784582466009 0
2907 0.7251277571079946 0.03995068460738061 0
2908 0.7306648575301521 0.03937632851927132 0
2909 0.7308719237726959 0.04184175971349874 0
2910 0.7361959460696906 0.03880314654771091 0
2911 0.7416412813598948 0.03823191672550335 0
2912 0.7418543594850576 0.04069617380318189 0
2913 0.7470814841184819 0.03766175117804575 0
2914 0.7524428664513775 0.03709131976173864 0
2915 0.7526610771081573 0.03955451256466724 0
2916 0.7577984589518582 0.03652201893659831 0
2917 0.7630947802047138 0.03594935514853083 0
2918 0.7633187806939087 0.03841141736029265 0
2919 0.7683854238797961 0.0353777522687069 0
2920 0.7736170096780542 0.0348069509038753 0
2921 0.7738466877450224 0.03726795220739357 0
2922 0.7788436602888976 0.0342371557741006 0
2923 0.783973118487838 0.03366904977874937 0
2924 0.7842077317422209 0.03612904484721074 0
2925 0.7890971315404416 0.03310212941354135 0
2926 0.7941661938900574 0.03253336945978869 0
2927 0.7944062522907771 0.03499217889810685 0
2928 0.799229914455011 0.03196572435551222 0
2929 0.8042401470528205 0.03139965471802368 0
2930 0.8044855472382023 0.03385734930686565 0
2931 0.8092451483404854 0.03083469105822076 0
2932 0.8141717544697658 0.03026762043518237 0
2933 0.8144223859652922 0.03272420904633872 0
2934 0.8190937121381497 0.02970152118323828 0
2935 0.8239484654053347 0.02913887060633595 0
2936 0.8242037453617573 0.031594487846398 0
2937 0.8287981713947137 0.02857720395933734 0
2938 0.833597666398053 0.02801295251712172 0
2939 0.8338579936322816 0.03046758582728004 0
2940 0.8383922235411873 0.02744978339032082 0
2941 0.8431254982102382 0.02688725718802692 0
2942 0.843390763304672 0.02934080818277051 0
2943 0.8478543119847121 0.02632572732509325 0
2944 0.8525063940412491 0.02576846940045975 0
2945 0.85277612003026 0.02822102405584313 0
2946 0.8571537272509054 0.02521229262223552 0
2947 0.8617525816192732 0.02465327689690799 0
2948 0.8620270564551648 0.02710475040588211 0
2949 0.8663467789653977 0.02409528182777582 0
2950 0.8708890309532218 0.02354067884497895 0
2951 0.8711681628113566 0.02599113169775771 0
2952 0.8754267195207215 0.02298708456621899 0
2953 0.8798840848479245 0.02243284313925399 0
2954 0.8801677801263836 0.02488228728799583 0
2955 0.884337255543643 0.02187961564053987 0
2956 0.8887236442635775 0.02133116741747101 0
2957 0.8890115341735211 0.02377959763796197 0
2958 0.8931056539954402 0.02078374180970029 0
2959 0.8974202146628528 0.02023911798248226 0
2960 0.8977124835608682 0.02268652558767508 0
2961 0.9017304993949524 0.01969554680992407 0
2962 0.905967942096278 0.01915360070678798 0
2963 0.9062644869296063 0.02159995565732095 0
2964 0.9102011941766547 0.01861258673697997 0
2965 0.9143570480899769 0.01807690317290387 0
2966 0.9146577835442539 0.02052232599010875 0
2967 0.9185088101654827 0.01754214142887788 0
2968 0.9225774343644064 0.01701318063316324 0
2969 0.9228822616564997 0.019457681630318 0
2970 0.9266420703169483 0.01648513762367714 0
2971 0.9306210855144517 0.01596208592589554 0
2972 0.9309299010529268 0.01840566913682177 0
2973 0.9345962042157534 0.0154398528634641 0
2974 0.9384771713992029 0.01492499959744607 0
2975 0.9387898834338798 0.01736776417302214 0
2976 0.9423542848560694 0.01441123736183145 0
2977 0.9461267803512184 0.01390631970110505 0
2978 0.9464433461124784 0.01634799324627771 0
2979 0.9498956304087206 0.01340227064414243 0
2980 0.9535673275602579 0.01290651300700337 0
2981 0.9538875387591647 0.01534731794841225 0
2982 0.9572354135408685 0.01241165659916985 0
2983 0.9607835547461087 0.0119282205853283 0
2984 0.961107377115942 0.01436812429743164 0
2985 0.9643282888710398 0.01144563723305798 0
2986 0.9677525706227015 0.01097533252485899 0
2987 0.9680798000728438 0.01341438357539108 0
2988 0.9711734963659923 0.01050571978118531 0
2989 0.9744653771465671 0.01004977510356227 0
2990 0.9747959626050802 0.01248813418956905 0
2991 0.9777540940273236 0.009594787574374684 0
2992 0.9808987744974321 0.00915567079924718 0
2993 0.9812325238557633 0.01159307273681851 0
2994 0.9840403792177695 0.008717212157859538 0
2995 0.9870294339658393 0.008296660037954927 0
2996 0.9873662590739415 0.01073340384178639 0
2997 0.9900155971405308 0.00787681786742786 0
2998 0.9928298651079902 0.007478035417148177 0
2999 0.9931695817894707 0.009914069271602101 0
3000 0.9956414297892394 0.007079983285915502 0
3001 0.9982703573715285 0.006704897264570293 0
3002 0.998612777339219 0.009140200799977209 0
3003 0.2762609484608565 0.07173664692830754 0
3004 0.2852420428958148 0.07181168059498601 0
3005 0.2941080974385656 0.07182253657746097 0
3006 0.302963382255196 0.07182252501435156 0
3007 0.3117044059723783 0.07176716620351541 0
3008 0.3204345156546018 0.0717010519361667 0
3009 0.3290514065281223 0.0715854354981888 0
3010 0.3376572959166466 0.07145934840515621 0
3011 0.3461290515710341 0.07129092688920335 0
3012 0.354590849393312 0.07111208049188424 0
3013 0.3629174348276691 0.07089563593123434 0
3014 0.3712331732422668 0.0706691741993879 0
3015 0.3794411378272747 0.07041089955757454 0
3016 0.387638244690207 0.07014260406797834 0
3017 0.3957289444329837 0.06984451241653619 0
3018 0.4038088016625296 0.06953631233505628 0
3019 0.4117838644194077 0.06920336870859665 0
3020 0.4197481511909865 0.06886090620686615 0
3021 0.4275679745765477 0.06849978892269785 0
3022 0.4353785984096583 0.06812928736049723 0
3023 0.4430849322513555 0.0677417239276811 0
3024 0.4507807439531173 0.06734499191506861 0
3025 0.4583778817581919 0.0669330068507786 0
3026 0.4659645870333982 0.06651202365326929 0
3027 0.473454271318837 0.06607890843148136 0
3028 0.4809336290924935 0.06563695397806089 0
3029 0.4882964869137286 0.06518607657604177 0
3030 0.4956506768162386 0.06472644898164374 0
3031 0.5028890172833443 0.06426012902798715 0
3032 0.5101173244872763 0.06378532444611341 0
3033 0.5172546847103067 0.06330317770590477 0
3034 0.5243821507561985 0.0628128780562246 0
3035 0.5314202573220558 0.06231645687606619 0
3036 0.5384486107803695 0.06181206100709043 0
3037 0.5453812290970167 0.06130436305671467 0
3038 0.5523056837184949 0.0607885196589525 0
3039 0.5591092166255688 0.0602729207147002 0
3040 0.5659032882052538 0.05974945299953299 0
3041 0.5726139384115055 0.0592248090304252 0
3042 0.5793152741835502 0.05869243470274431 0
3043 0.5859348721985133 0.05815972170557376 0
3044 0.5925453147587789 0.05761948290794585 0
3045 0.5990733077785177 0.05707992231717202 0
3046 0.6055930771115962 0.05653291704014956 0
3047 0.611994215666656 0.05599090079464116 0
3048 0.6183870424679828 0.05544153484772704 0
3049 0.6247029855118441 0.05489293670145274 0
3050 0.6310102417266721 0.05433730989188013 0
3051 0.6372426413805999 0.05378295497422484 0
3052 0.6434664960696156 0.05322151636972366 0
3053 0.6496137074012157 0.0526639015412802 0
3054 0.655753678666961 0.05209920794370686 0
3055 0.6617827992779254 0.05154216837548124 0
3056 0.6678036727572513 0.05097830653000016 0
3057 0.6737549519210239 0.0504186368787744 0
3058 0.679698146825401 0.04985235181588012 0
3059 0.6855727352650427 0.04928669181520749 0
3060 0.6914393974902683 0.04871456139784963 0
3061 0.6972282945012503 0.04814920438020089 0
3062 0.7030103785033728 0.04757728735388114 0
3063 0.7086960064088387 0.04701452825447876 0
3064 0.7143739792788407 0.04644537797850497 0
3065 0.7199883448013296 0.04587985710886424 0
3066 0.7255952109329936 0.04530812708581218 0
3067 0.7311396659625179 0.04473989450800971 0
3068 0.7366767663846755 0.04416553841990042 0
3069 0.7421285156611489 0.04360042530433309 0
3070 0.7475738509513531 0.04302919548212555 0
3071 0.7529423219371553 0.04246470173237252 0
3072 0.7583037042700509 0.04189427031606541 0
3073 0.7636069842311977 0.04132753210914934 0
3074 0.7689033054840534 0.04075486832108185 0
3075 0.7741410582618823 0.04018996369221618 0
3076 0.7793726440601404 0.03961916232738457 0
3077 0.7845087857595932 0.0390566310356801 0
3078 0.7896382439585335 0.03848852504032887 0
3079 0.7947138700453502 0.03792533481299783 0
3080 0.799782932394966 0.03735657485924517 0
3081 0.8047996017214752 0.03679600654286131 0
3082 0.8098098343192848 0.03622993690537277 0
3083 0.8147422495513396 0.03566839857944652 0
3084 0.8196688556806199 0.03510132795640813 0
3085 0.8245298234439163 0.03454410215130804 0
3086 0.8293845767111012 0.03398145157440571 0
3087 0.8341901610729676 0.03342244925144076 0
3088 0.8389896560763069 0.03285819780922514 0
3089 0.8437285068591019 0.03230092325230909 0
3090 0.8484617815281531 0.03173839705001519 0
3091 0.8531197269138354 0.03118619488977448 0
3092 0.8577718089703724 0.03062893696514099 0
3093 0.8623764203891231 0.03007497089740982 0
3094 0.8669752747574908 0.02951595517208229 0
3095 0.8715231748887053 0.02896633939561602 0
3096 0.8760654268765294 0.02841173641281915 0
3097 0.8805280372831868 0.02786236492389864 0
3098 0.8849854026103897 0.02730812349693363 0
3099 0.8893772167160959 0.02676444243185257 0
3100 0.8937636054360304 0.02621599420878371 0
3101 0.8980834698482273 0.02567601115725911 0
3102 0.9023980305156397 0.02513138733004108 0
3103 0.9066406729925932 0.02459410697845621 0
3104 0.9108781156939186 0.02405216087532011 0
3105 0.9150390503594846 0.0235210458822962 0
3106 0.9191949042728068 0.02298536231822009 0
3107 0.923268484094781 0.02246085885767992 0
3108 0.9273371082937049 0.02193189806196529 0
3109 0.9313209659976919 0.02141328936677171 0
3110 0.9352999811951951 0.02089023766899011 0
3111 0.9391857275984347 0.02037941165744172 0
3112 0.9430666947818842 0.01986455839142369 0
3113 0.9468437303962493 0.01936375755068762 0
3114 0.9506162258913983 0.01885883988996122 0
3115 0.9542924082676724 0.01836703130030657 0
3116 0.9579641054192095 0.01787127366316751 0
3117 0.9615164943093633 0.0173916736102708 0
3118 0.9650646355146034 0.01690823759642924 0
3119 0.9684930880321448 0.01644177315377134 0
3120 0.9719173697838065 0.01597146844557235 0
3121 0.9752131946939505 0.01551890966526827 0
3122 0.9785050754745254 0.01506296498764523 0
3123 0.9816535797960378 0.01462735239723284 0
3124 0.9847982602661463 0.01418823562210534 0
3125 0.9877909161461776 0.01377092621205998 0
3126 0.9907799708942474 0.01335037409215537 0
3127 0.9935976093256974 0.01295458025558086 0
3128 0.9964118772931568 0.01255579780530118 0
3129 0.9990439248784649 0.01218364341066121 0
3130 1.073346088578604 0.1606922043319923 -0
3131 1.07334611755594 -0.1606921545456312 0
3132 0.8908321389475855 -0.2281703306787423 0
3133 0.8908324763119755 0.2281701195473851 -0
3134 1.040582534921707 0.0609842767062357 -0
3135 0.9601474427548663 0.1207568284780091 -0
3136 1.040582546319523 -0.06098433209208878 0
3137 0.9601472198319281 -0.1207571486387365 0
3138 0.7231934431947058 0.2231408042659832 -0
3139 0.7231932400269564 -0.2231407930663218 0
3140 -0.2054107107171902 0.01688924119500459 0
3141 -0.1321421197716895 -0.1308315602843749 0
3142 -0.1127918180881227 0.1521728664367748 0
3143 0.01143324508015309 -0.2074724174985584 0
3144 0.03715078794214638 0.2166446488897964 -0
3145 0.1630844880708509 -0.224808743030565 0
3146 0.557996576468144 0.2350301747773675 -0
3147 0.5544817743840654 -0.2368949071881307 0
3148 1.198998471933135 0.1334571695743029 -0
3149 1.198998471933136 -0.1334571695743025 0
3150 0.1844199022189788 0.2276496372337785 -0
3151 -0.114313507910166 -0.02313394099382176 0
3152 -0.08189097950387975 0.05324771251087471 0
3153 -0.02534560882745033 0.117752115563096 0
3154 0.3491932410778929 0.2341879077837866 -0
3155 1.120022085172481 0.07857053917035478 -0
3156 1.120022080677872 -0.07857053900645918 0
3157 -0.06056543149275798 -0.07226406691503169 0
3158 0.001615525859917856 -0.1133511563853648 0
3159 0.4014520106777579 -0.2320868007595064 0
3160 0.8708062389093674 0.1225814485748973 -0
3161 0.8708060131614476 -0.1225815085934871 0
3162 0.7807264919626451 0.1336920986139492 -0
3163 0.7807262869794356 -0.1336920957399453 0
3164 0.9889145764390137 -0.07115000465144664 0
3165 0.9889151467216799 0.0711491026893314 -0
3166 1.289095703846071 0.09169941161629797 -0
3167 1.289095703846069 -0.09169941161629801 0
3168 0.07681542592447317 -0.1384415063046221 0
3169 -0.05718042672226084 -0.0241772027164102 0
3170 -0.05331765491877022 0.01314047185477997 0
3171 0.0426335121445422 0.1201879141214755 -0
3172 0.1210707031413868 0.145663624410087 -0
3173 0.2751199723020023 -0.1893603888523043 0
3174 -0.03473062098386405 0.04964148470213287 0
3175 0.7043401593128181 0.1299889029804943 -0
3176 0.6101395629288149 0.1369767260131464 -0
3177 0.7043399789697837 -0.1299888986350296 0
3178 0.6101171703588726 -0.1370363545543773 0
3179 0.9354124377527939 0.07129289231540008 -0
3180 0.9354122080254261 -0.07129296606295935 0
3181 0.1469875136965259 -0.1397077184911758 0
3182 0.4487449539140758 0.1816704468866148 -0
3183 0.1957572435125283 0.1409655141757389 -0
3184 0.5373101176817499 0.1467938723202425 -0
3185 0.537309994245923 -0.1467938493277743 0
3186 0.2754537345589672 0.1545519219470439 -0
3187 -0.0139171351465499 -0.07038682972406776 0
3188 -0.001400219060917314 0.07363559219874562 0
3189 1.176311942386135 0.06182330392192265 -0
3190 1.176311942386135 -0.06182330392192456 0
3191 1.028590814097102 0.0278946212632469 -0
3192 1.003463332640258 0.04448939204926489 -0
3193 1.028590758790416 -0.02789465186073308 0
3194 1.003462993605676 -0.04449049453917255 0
3195 0.2089935104046761 -0.132293795095545 0
3196 0.468722536566909 -0.1393167157503262 0
3197 0.8950352708542385 0.0716006503207178 -0
3198 0.895035048355404 -0.07160068485076582 0
3199 1.331701842480076 0.06259943725001191 -0
3200 1.33170184248008 -0.06259943725001289 0
3201 1.079782188799819 0.04131240662534012 -0
3202 1.079782189117668 -0.04131240548405253 0
3203 -0.03099326626463109 -0.04289077230976161 0
3204 0.8345832409375091 -0.09158413135435806 0
3205 0.8345834552763388 0.09158408628429407 -0
3206 0.349757262418678 -0.1534684435213263 0
3207 0.3483140837268935 0.1472279408506204 -0
3208 1.254817001038174 0.04755076937517089 -0
3209 1.254817001038173 -0.04755076937517015 0
3210 -0.03786136649605398 -0.01000894072973182 0
3211 0.03930564879651528 -0.09494304713799684 0
3212 0.7916274889712406 0.08340995505842534 -0
3213 0.7460019797044406 0.09014548653444214 -0
3214 0.7916272861403175 -0.08340997398319266 0
3215 0.7460017882794803 -0.09014549537491845 0
3216 0.2610848916625775 -0.1271785190473773 0
3217 0.9853061061937636 -0.2221533748526557 0
3218 0.98530607752551 0.2221529186647373 -0
3219 0.9673951883820036 -0.05229710196821544 0
3220 0.9673955711417299 0.05229687227040507 -0
3221 0.09531301404104067 0.1098874214301511 -0
3222 1.151326625329301 0.2440660317515773 -0
3223 1.151326634013139 -0.2440660226014145 0
3224 0.6536411937554537 -0.1077483452858879 0
3225 0.6536413583516094 0.1077483468483042 -0
3226 -0.03253790640009973 0.02434505805952303 0
3227 1.024149637152813 0.1190207553893046 -0
3228 1.024149839459494 -0.1190207098093326 0
3229 1.291668249064028 0.03856353079525821 -0
3230 1.291668249064028 -0.03856353079525952 0
3231 0.036410944730599 0.08773982276818233 -0
3232 0.01810811675665084 -0.07385999361564362 0
3233 0.1180812743733564 -0.1098572340414051 0
3234 1.138834840346957 0.04103574027988055 -0
3235 1.138834840346958 -0.04103574027987932 0
3236 0.1612432873059959 0.1144112062195528 -0
3237 0.5743391687888399 -0.1126413598209745 0
3238 0.5767720506637389 0.1132338033985998 -0
3239 0.476020190129437 0.1297174773909626 -0
3240 0.2371155695583366 0.117922590596699 -0
3241 1.051308164802851 0.02461113169102168 -0
3242 1.051308164802851 -0.02461113169102185 0
3243 -0.02890385444332252 0.003090200034647043 0
3244 0.8587644712689573 -0.06902236806756339 0
3245 0.8587646865406682 0.06902233638671651 -0
3246 0.4143674085592197 0.1340566827102105 -0
3247 1.108047470793553 0.03057442210735496 -0
3248 1.108047470793552 -0.03057442210735585 0
3249 0.3997786993493606 -0.1326300473450196 0
3250 -0.05891760458629176 -0.1405503237391479 0
3251 -0.0962660418166779 -0.2618256481994507 0
3252 0.07440761664160229 -0.08921581249361484 0
3253 -0.1867620943941694 -0.0695816133308899 0
3254 1.074967100570915 0.1039079079723433 -0
3255 1.074967259547884 -0.1039076419793256 0
3256 0.06585954974016832 0.08619665666397992 -0
3257 -0.009528661047038362 0.04949820017901102 0
3258 -0.02542876806408708 -0.02127962614620907 0
3259 -0.2283348192214265 0.1299247935726062 0
3260 -0.1616652024745798 0.08285042859501826 0
3261 0.1279647416727319 0.1009247813033013 -0
3262 0.6882310216284526 -0.09574818233578936 0
3263 0.6882311960670672 0.0957481789256546 -0
3264 1.216499072955543 0.04017656615020218 -0
3265 1.216499072955544 -0.04017656615020423 0
3266 0.1497483561549115 -0.1062491809800855 0
3267 0.1855529196253449 -0.1058542949362593 0
3268 1.13620675476888 0.1438218590413986 -0
3269 1.136206754866247 -0.1438218590844718 0
3270 0.6154009572569586 0.09638383377928587 -0
3271 0.6154008052317119 -0.09638383454577074 0
3272 0.9189699108419807 0.05436372004917065 -0
3273 0.9189696903721779 -0.05436376396775989 0
3274 0.9423948312250436 0.045928896985146 -0
3275 0.9423946152847148 -0.04592894875054032 0
3276 -0.07390587497662804 0.2694887979544003 0
3277 -0.008838494888263973 -0.04776181399574002 0
3278 0.9847264082971309 0.03685214789001452 -0
3279 0.9847262096564822 -0.03685216525026303 0
3280 0.5101735357882077 -0.1136906392206291 0
3281 0.8108526608452271 0.2207479195122014 -0
3282 0.8108523675547179 -0.22074788179227 0
3283 1.267791590727936 0.1717428521062706 -0
3284 1.267791590727945 -0.1717428521063134 0
3285 -0.01758349929315987 0.03337004135307692 0
3286 -0.2407318679547451 -0.1745710226608096 0
3287 0.08086342337899748 -0.2207885587510117 0
3288 0.6421762023257332 0.2247594713805136 -0
3289 0.6421760358631172 -0.2247594347570025 0
3290 0.4610487329805937 0.3022761737222615 -0
3291 -0.01470037939015281 -0.03121757808559793 0
3292 0.02098899586630917 0.06633318959912775 -0
3293 0.1977127391704728 0.106626011321647 -0
3294 0.5198153827391663 0.108950733577503 -0
3295 0.9136765858451739 0.107760178249916 -0
3296 0.9136763347903745 -0.107760191955993 0
3297 0.2525177662234521 -0.3072045683689862 0
3298 0.3175130912482311 -0.1232676254879952 0
3299 1.069934224466599 0.2405402883685937 -0
3300 1.069934392755451 -0.2405401189439545 0
3301 -0.08546845880689001 -0.002783246146922135 0
3302 -0.1328377439244083 0.02683703879394244 0
3303 1.222439428205534 0.09436456717023485 -0
3304 1.222439428205536 -0.09436456717023492 0
3305 0.1138350353872679 0.2219290740763137 -0
3306 -0.1120925724878299 -0.08018319078478164 0
3307 -0.05700202397820327 0.09424436810069886 0
3308 -0.0232296082763521 0.01299368918026616 0
3309 -0.02562490964819255 -0.008228071839052555 0
3310 1.358071592830856 0.03665752944767492 -0
3311 1.358071592830864 -0.03665752944767998 0
3312 -0.2983984454347132 -0.05264614961336445 0
3313 0.8178656957955998 -0.06454922607324973 0
3314 0.8178658986773671 0.06454919769525026 -0
3315 0.3107376598204577 0.1239187110568651 -0
3316 0.2698461042544708 0.2338038386289269 -0
3317 -0.04374479640202597 0.1908507284472646 0
3318 0.4790063082960074 -0.2222407509471188 0
3319 0.007688397117740692 0.05324047267254033 -0
3320 0.04248030926834713 -0.3028056206487 0
3321 0.007679392011643966 -0.05299993271963086 0
3322 0.2347581789697011 -0.1053608998332311 0
3323 0.0396304777896877 -0.06928669256517081 0
3324 1.17625388141695 0.02824679861737311 -0
3325 1.176253881416948 -0.02824679861737353 0
3326 0.4457748405202224 0.106500329905037 -0
3327 0.7669989122046598 -0.06959328495990932 0
3328 0.7669991076523608 0.06959326879295546 -0
3329 1.322666879964389 0.03077893931411649 -0
3330 1.322666879964389 -0.03077893931411571 0
3331 1.15819271215365 0.1029229146952315 -0
3332 1.158192712157512 -0.1029229148058925 0
3333 0.2753050919910217 0.1116179952484257 -0
3334 1.26234855020023 0.02386148506563686 -0
3335 1.262348550200229 -0.02386148506563797 0
3336 0.8318057237534267 0.1383264497240537 -0
3337 0.8318054826536435 -0.1383264853775688 0
3338 0.7229252398149545 0.07541188252248007 -0
3339 0.7229250564099867 -0.07541189337068264 0
3340 -0.1938742273037558 0.2274234548902704 0
3341 0.8834102638373507 -0.05017466469691496 0
3342 0.8834104822835447 0.050174638121518 -0
3343 0.4472708741225858 -0.1039167543378185 0
3344 0.3796652764743492 0.1095699254738338 -0
3345 0.5482756849582868 -0.09584161712939548 0
3346 1.017178300731728 0.01487606916841006 -0
3347 1.017178300731727 -0.01487606916840999 0
3348 1.086734212950869 0.01971514653122513 -0
3349 1.086734212950869 -0.01971514653122512 0
3350 0.0131030583911719 0.1640458162408104 -0
3351 0.9330028563270394 0.2995432656618261 -0
3352 0.8497556986824242 0.2919446001440523 -0
3353 0.9330024999775303 -0.2995434402114254 0
3354 0.8497552453000177 -0.2919447476451856 0
3355 0.363622993228494 -0.1105371843345837 0
3356 0.3884159845440383 0.1798872971539668 -0
3357 1.06917439557442 0.01836067839496119 -0
3358 1.06917439557442 -0.01836067839496119 0
3359 -0.08542479310118413 -0.0462421089267508 0
3360 0.9259639696169097 0.1566862029008172 -0
3361 0.9259635834085471 -0.1566863453006088 0
3362 0.9958666595511124 -0.0291213179527734 0
3363 1.009467913121257 -0.02687820475977795 0
3364 0.9958665088843982 0.02912118152143034 -0
3365 1.009467899701949 0.02687815299086448 -0
3366 0.107588010018137 0.08720357786920332 -0
3367 1.207721268397991 0.1992189621500017 -0
3368 1.207721268397985 -0.1992189621500191 0
3369 0.09699710746438044 -0.08273372442716492 0
3370 0.3256769493976338 -0.2517287773682394 0
3371 1.016280302101221 0.06559374665179321 -0
3372 1.016280155653198 -0.06559505784475325 0
3373 0.03996576033589044 0.06728001895023247 -0
3374 0.6664564562237462 -0.07839178288519201 0
3375 0.666456624341532 0.07839177445835847 -0
3376 0.07396041870664817 0.168792389054475 -0
3377 0.03660712756552871 -0.13291652272273 0
3378 0.5480041168868368 0.09350693483677491 -0
3379 0.07000068042777499 0.3056451647623531 -0
3380 -0.2961989963844332 0.0567031784266986 0
3381 -0.03696427258755725 -0.1036853396881298 0
3382 0.05772712823560402 -0.07312661603120062 0
3383 0.6929288843615671 -0.3070551482065051 0
3384 0.5899673421201516 -0.3097907621321541 0
3385 0.6929291041232024 0.3070551242579921 -0
3386 0.5915348289538244 0.3088674458468799 -0
3387 0.6621780269479146 0.1577571902441415 -0
3388 0.6621778570718097 -0.1577571739315609 0
3389 0.4899018535668253 0.09661474364639019 -0
3390 0.8368442199691316 -0.05638688384603413 0
3391 0.8368444300444684 0.05638686004219902 -0
3392 0.08593692150795185 0.08001231389177627 -0
3393 1.070102989841635 0.07020458810312674 -0
3394 1.070102991244255 -0.07020446392723044 0
3395 0.4773041998543096 -0.09838371093813497 0
3396 0.9018089600747619 0.04585275757052961 -0
3397 0.9018087383437237 -0.04585278457621747 0
3398 0.9707847901997332 0.03330207529049593 -0
3399 0.9707845824296195 -0.03330210815174237 0
3400 0.7968719048932182 -0.06034347934026407 0
3401 0.7968721070601151 0.06034345695392569 -0
3402 0.1189265887950234 -0.08525716716636642 0
3403 0.2102251366827324 -0.09754979583805519 0
3404 -0.1090904564641018 0.08929556232309349 0
3405 0.3467921308559893 0.1070612705966753 -0
3406 0.2157919630114807 -0.1927053240564668 0
3407 0.9954975321616328 -0.1588046736750366 0
3408 0.9954973961313783 0.15880432845577 -0
3409 0.1475085379070031 0.2956721123913976 -0
3410 0.4367199216058513 -0.306078848863809 0
3411 0.007247580985395803 0.1054024098513241 -0
3412 0.9565336437598446 0.03514283337555364 -0
3413 0.9565334306400382 -0.03514286683205545 0
3414 0.6395706332590074 0.0805641726364666 -0
3415 0.6395704747209132 -0.08056417728572303 0
3416 0.7713751661328373 0.2824380120728899 -0
3417 0.7713749748985087 -0.2824377691571316 0
3418 1.326671522869357 0.1085000337037586 -0
3419 1.326671522869294 -0.1085000337037051 0
3420 0.2253978854621936 0.1815075000288005 -0
3421 0.7425815798345134 -0.1692786315760961 0
3422 0.7425817769589996 0.1692786256584791 -0
3423 0.1172212750751582 -0.2893398534134243 0
3424 1.113004231085611 0.197179605115504 -0
3425 1.113004231085599 -0.1971796051154593 0
3426 1.281931357484203 0.01907908251940326 -0
3427 1.281931357484204 -0.01907908251940152 0
3428 0.1515254372532832 0.09209828817226305 -0
3429 0.1751972798271842 0.09243940511214321 -0
3430 1.303110820754418 0.01777733491488928 -0
3431 1.303110820754417 -0.01777733491489005 0
3432 0.1619108629623081 0.181127005179398 -0
3433 1.128695050504556 0.0198613052873855 -0
3434 1.128695050504557 -0.01986130528738608 0
3435 0.5067748992756879 0.1991420529321395 -0
3436 -0.05270014220029889 -0.2089275839792992 0
3437 0.9644132632838007 0.07719280821789086 -0
3438 0.9644130359109238 -0.07719300545650687 0
3439 1.040036262484534 0.04266584696299085 -0
3440 1.040036225914128 -0.04266589945240662 0
3441 -0.1641641559884352 -0.01395801200979858 0
3442 1.033971570711596 0.01379164691633174 -0
3443 1.033971570711599 -0.01379164691633142 0
3444 0.3064783805666803 0.3138291970808557 -0
3445 0.5889145012028596 -0.08596583042922194 0
3446 0.5863004942196962 0.08411377503164126 -0
3447 0.8639324811811974 -0.1696853004619619 0
3448 0.863932783148422 0.1696852862584425 -0
3449 -0.01368670376269036 -0.1594574500856896 0
3450 -0.1643105072191695 -0.2025975566571481 0
3451 1.101260296180938 0.05766392251538223 -0
3452 1.101260295185722 -0.05766391582211726 0
3453 0.4228840981143803 -0.1799794491067491 0
3454 1.152202900793211 0.02129351753346112 -0
3455 1.152202900793211 -0.02129351753346114 0
3456 1.242834051440796 0.0199334101669088 -0
3457 1.242834051440796 -0.0199334101669068 0
3458 0.1116474109440884 -0.1703026751739844 0
3459 1.021822073888127 -0.04432781786938412 0
3460 1.021822131613414 0.04432707028149308 -0
3461 0.2279750849073719 0.2994672496787473 -0
3462 -0.05050579119720341 0.03398736368897987 0
3463 0.5806280348756044 -0.1838870647653158 0
3464 0.5817232766825161 0.1842164560138036 -0
3465 0.8640975798677442 -0.0502284730131733 0
3466 0.8640977965133788 0.05022844615181667 -0
3467 0.05489538967769892 -0.1790105850561653 0
3468 0.9890557563792419 0.1005939511106471 -0
3469 0.98905549303278 -0.1005940953072881 0
3470 1.03486522575678 0.09152681643481111 -0
3471 1.034865757689326 -0.09152680091488248 0
3472 0.2216244154086203 0.09445557015028533 -0
3473 -0.07474354008012672 0.02379694663441271 0
3474 -0.07206728600324534 0.1303138344682632 0
3475 0.2604471781793723 -0.09959426972590522 0
3476 1.244065045794073 0.1299109885568527 -0
3477 1.244065045794075 -0.1299109885568618 0
3478 0.2486068443840044 0.09756980515181253 -0
3479 -0.02089588820103571 -0.2693908864763397 0
3480 1.147294496806231 0.06963880870659225 -0
3481 1.147294496961617 -0.06963880890835301 0
3482 0.7445532753756681 -0.06730954743958839 0
3483 0.744553465202032 0.06730953278976046 -0
3484 0.4130702746027115 -0.1015883866814488 0
3485 0.02395852490732473 -0.05845374318562538 0
3486 1.021382248032398 -0.2943139954286299 0
3487 1.021382182860607 0.2943137237494416 -0
3488 0.1784519698402586 -0.1689829629038917 0
3489 0.4222169927510396 0.2435794819315743 -0
3490 0.316165061499974 0.1898245404471654 -0
3491 1.110444833288228 0.1139468517997602 -0
3492 1.110444828377589 -0.1139468530025714 0
3493 0.9245215040450957 -0.03956094611074028 0
3494 0.9245217252490117 0.03956091124935963 -0
3495 0.4130606902793988 0.1013571374831564 -0
3496 -0.05429365585027993 -0.04692781868424986 0
3497 -0.0318266103270662 0.07807071397244245 0
3498 -0.05657612702151529 -0.006440825089578483 0
3499 0.7442101124510021 -0.1278558685464891 0
3500 0.7442102939188239 0.1278558598237703 -0
3501 0.8751508459462124 -0.092264957457074 0
3502 0.8751510624424061 0.0922649131879716 -0
3503 -0.08211926390570937 -0.1020403400944482 0
3504 1.110968636338481 -0.3044677743555333 0
3505 1.110968683967371 0.304467780436434 -0
3506 0.806381094241813 0.1098315256467281 -0
3507 0.8063808772901013 -0.1098315370234379 0
3508 -0.04377400367246182 -0.02634352313448372 0
3509 0.7001673238172538 -0.07122213507219398 0
3510 0.7001675014293329 0.07122212384257187 -0
3511 1.200843079301343 0.02203044908984756 -0
3512 1.200843079301343 -0.02203044908984809 0
3513 -0.1456432677670943 -0.05279942298318162 0
3514 0.05882967559903127 0.07154571567765242 -0
3515 1.059612324772365 0.04250223347642401 -0
3516 1.059612323799308 -0.04250223276324467 0
3517 -0.1752435503437144 0.143757750289961 0
3518 -0.2200218333938702 0.08084048219930677 0
3519 0.526777392674057 -0.3033829949558775 0
3520 0.5188197063672599 -0.08841925391309907 0
3521 0.7201886982766272 0.1031175573268559 -0
3522 0.720188515209961 -0.1031175605364897 0
3523 1.172520433634314 0.1756144141958234 -0
3524 1.172520433634316 -0.1756144141958205 0
3525 0.497336869943427 -0.1794136295081015 0
3526 -0.003745282016065376 0.04104960284636417 0
3527 -0.0002822671707245252 0.28904529477484 0
3528 0.3882907846385265 0.3156827550657879 -0
3529 -0.0226538530294511 0.002440698115575014 0
3530 0.1411015380639263 -0.08477479170208281 0
3531 0.09172425839198872 -0.1076889059765232 0
3532 -0.1053215179936536 0.2147993351543347 0
3533 1.036335931227794 -0.193869220264276 0
3534 1.036335628036004 0.1938687287555608 -0
3535 1.18892878008218 0.09152632232202498 -0
3536 1.18892878008218 -0.09152632232202541 0
3537 0.2370403871755915 -0.1606152086701458 0
3538 -0.01777043924778424 0.02460654591561996 0
3539 -0.03447549285200015 -0.06577017645225992 0
3540 -0.1011517829598482 -0.1768077131503297 0
3541 0.2893974554880742 -0.1033351117574362 0
3542 0.1635354358834095 -0.08814770722227368 0
3543 0.7017999245354473 0.1709124913452289 -0
3544 0.7017997407863297 -0.1709124726500365 0
3545 0.3272357832076797 -0.2044008266215435 0
3546 0.7723834579050669 0.1100533472408836 -0
3547 0.772383255266207 -0.1100533521109395 0
3548 0.06468873812096132 -0.1161801641737039 0
3549 -0.06205457483766717 0.05574162544194784 0
3550 0.9165428341098389 0.07601315345877167 -0
3551 0.9165426133869317 -0.07601320093670218 0
3552 0.2911219844445043 -0.1561471659691673 0
3553 -0.1903672506134145 -0.1300909477064772 0
3554 0.07817256229129195 -0.07397738357400349 0
3555 0.3251117422104755 -0.1023123005803548 0
3556 0.3851985164184041 -0.3026971767756503 0
3557 1.010900246778591 0.01040516093740029 -0
3558 1.010900241177069 -0.01040515081164751 0
3559 1.288579991057026 0.1306265205465837 -0
3560 1.288579991057017 -0.1306265205465558 0
3561 -0.2446988686907859 -0.09777056043936672 0
3562 -0.01754678958872429 -0.022955765647525 0
3563 0.8028800899035385 0.1690410487885946 -0
3564 0.8028798515104244 -0.169041031542925 0
3565 0.9895836094648205 0.0536038676613705 -0
3566 0.9895823322263704 -0.05360414265298363 0
3567 0.5359748674758457 0.2994252630861846 -0
3568 -0.02069758120779037 -0.01092305648984847 0
3569 0.1763766218562723 -0.1351104447988223 0
3570 0.07678655909998018 0.1382839490151565 -0
3571 1.120754788214714 0.04995164449219963 -0
3572 1.120754788162901 -0.04995164414373901 0
3573 1.108228200165251 0.01712397296309524 -0
3574 1.10822820016525 -0.01712397296309755 0
3575 1.222012457354364 0.01813997901769294 -0
3576 1.222012457354368 -0.01813997901769347 0
3577 0.1299430877627017 0.08454073574571971 -0
3578 1.204752724140148 0.06531763370448951 -0
3579 1.204752724140149 -0.06531763370449134 0
3580 1.210105455739053 0.2695425888944643 -0
3581 1.210105454821224 -0.2695425907612225 0
3582 0.01382537696081126 0.08534847825108226 -0
3583 0.001686064404383049 -0.09223883962964138 0
3584 0.9510474273987799 -0.1015568392692981 0
3585 0.9510476773769827 0.1015566672937672 -0
3586 -0.03593694662590376 0.0150246688378194 0
3587 0.2488364808967286 -0.2383289370210833 0
3588 -0.003369082652342266 -0.04029604228172833 0
3589 1.263226750234332 0.2246273331289618 -0
3590 1.263226750234428 -0.2246273331291523 0
3591 0.1821791811224099 -0.2913702418534126 0
3592 -0.04130733516415273 -0.0005857144355244902 0
3593 1.301405836095276 0.07002214757037832 -0
3594 1.301405836095273 -0.07002214757037764 0
3595 0.4442362897457751 0.1436964842541101 -0
3596 1.051766779281574 0.01447649379262273 -0
3597 1.051766779281573 -0.01447649379262059 0
3598 0.9524780084196052 0.06648005627517158 -0
3599 0.9524777260993158 -0.06648009974293695 0
3600 1.230737078723019 0.06192248316583089 -0
3601 1.23073707872302 -0.06192248316583361 0
3602 0.380730119153767 0.1472076088465838 -0
3603 0.6138908176354045 -0.07971800093604262 0
3604 0.6138909682881611 0.07971799484724361 -0
3605 1.029923892871793 0.1590310690360969 -0
3606 1.029924001701819 -0.1590311198637336 0
3607 1.333256382756465 0.0171812789022934 -0
3608 1.333256382756464 -0.0171812789022919 0
3609 0.1598793015238595 0.1525908624061071 -0
3610 -0.2350329182216459 -0.03664085173628663 0
3611 0.9833891904994665 0.02801834120124976 -0
3612 0.9833890170908589 -0.02801840351931166 0
3613 0.427123841930925 -0.1387372822609209 0
3614 0.9411397045060874 -0.0359806977092376 0
3615 0.9411399219929586 0.03598066034080745 -0
3616 0.1985045366911346 0.09125183687544025 -0
3617 0.06543903338682128 0.115212287798141 -0
3618 0.1027923049511236 -0.1321584224268972 0
3619 1.004858070185564 0.09236169081755041 -0
3620 1.0048581108388 -0.09236221079993073 0
3621 1.255205046708699 0.08252104778597955 -0
3622 1.2552050467087 -0.08252104778598028 0
3623 -0.08142846040131112 -0.02491184259731237 0
3624 0.9445209206645556 -0.2116321021141307 0
3625 0.9445210079087216 0.2116319925473417 -0
3626 0.4666584025058444 0.09773307161011315 -0
3627 0.7808704014084147 0.06146860832128424 -0
3628 0.7808702031577117 -0.0614686271273979 0
3629 1.093292571653472 0.0887255821296935 -0
3630 1.093292586159966 -0.08872551001928311 0
3631 0.901624177647213 0.1424658772678938 -0
3632 0.9016238818271884 -0.1424658685799912 0
3633 0.3863343973064763 -0.09973550772133417 0
3634 0.4986463171088921 0.1617984859035973 -0
3635 0.5619447965916902 -0.08647782869562272 0
3636 0.6393788166776773 0.1841918170932969 -0
3637 0.6393786540797689 -0.1841917911798595 0
3638 -0.1461847238308545 0.2928161803827742 0
3639 0.8749262284145052 0.07047851732697079 -0
3640 0.8749260103957379 -0.07047854799294075 0
3641 0.3792705289557617 -0.1874968920869053 0
3642 0.5378648332028927 -0.1802825541565867 0
3643 0.519047508245692 0.08957294547560342 -0
3644 -0.1039740426662788 0.02224374614224342 0
3645 0.3157776237144785 -0.3484153785970124 0
3646 1.05528251664706 0.1209474936648163 -0
3647 1.055282946735635 -0.1209472477665551 0
3648 0.6842256481513433 0.1155955176885836 -0
3649 0.6842254743087477 -0.1155955151295621 0
3650 -0.01472241727091331 0.09521649130669343 0
3651 0.1865340593983929 -0.09041084456487747 0
3652 -0.1767847958451171 -0.2788642886301927 0
3653 0.6790832345935653 0.07309172994353562 -0
3654 0.6790830632576743 -0.07309174028877077 0
3655 0.9129758024959862 0.04104701926064711 -0
3656 0.9129755811540241 -0.0410470498534085 0
3657 1.237699956842031 0.1635092070134172 -0
3658 1.23769995684203 -0.1635092070134484 0
3659 0.5664756608155228 0.08491644496926637 -0
3660 0.07316195909109424 0.07451907168842305 -0
3661 0.8496461084698641 0.05036010280619727 -0
3662 0.8496458946819191 -0.05036012614405273 0
3663 0.4936582199741719 -0.0921802386793189 0
3664 1.365543340210552 0.02030656161713817 -0
3665 1.365543340210557 -0.02030656161714162 0
3666 0.0248950292332515 0.0564217853258812 -0
3667 1.193829161978822 0.0413763964231948 -0
3668 1.193829161978821 -0.04137639642319973 0
3669 0.2277140550655639 0.1589271233118449 -0
3670 -0.07743549990700015 -0.3236347470461947 0
3671 0.8461896095681644 0.1038666793261007 -0
3672 0.8461893801086346 -0.1038667277885162 0
3673 -0.1783547161698289 0.0407606339009468 0
3674 -0.03532630593925602 0.160750048872993 0
3675 0.04724248380366078 -0.2482312025505738 0
3676 -0.1635784808599879 -0.1000569645535055 0
3677 -0.3173676036296267 -0.1416910470716541 0
3678 -0.1203091532660928 0.05883362812144149 0
3679 0.4595409477132901 -0.1839127964824701 0
3680 1.001340348575853 0.02479285830990532 -0
3681 1.001340377589772 -0.02479297320967747 0
3682 1.040619382119693 0.02703830965913975 -0
3683 1.040619342374457 -0.02703831743100962 0
3684 0.9615089204498442 -0.1620218255040324 0
3685 0.9615090682228979 0.1620214526147322 -0
3686 0.8095488974848593 0.08475849845362454 -0
3687 0.8095486928524973 -0.08475852769557532 0
3688 -0.0872122270836172 -0.07828031973853436 0
3689 1.280433495575615 0.06140421272744794 -0
3690 1.280433495575612 -0.06140421272744665 0
3691 -0.2722603219442921 0.01359956996237706 0
3692 -0.2555422610388425 0.210520954727933 0
3693 0.5837457682462572 -0.1524118214695147 0
3694 0.5853016069377914 0.1501795042839018 -0
3695 -0.02196697448057495 -0.05934981776048405 0
3696 0.02072039163667798 -0.09219857034070718 0
3697 1.051562512837428 0.08292460286909276 -0
3698 1.051562796770874 -0.08292432773952081 0
3699 0.0199681925621842 -0.1678783875176308 0
3700 0.2936876620458557 0.09134716264053633 -0
3701 1.253845824461795 0.01397495730555371 -0
3702 1.253845824461795 -0.01397495730555195 0
3703 0.009849070469952625 0.1378459685284233 -0
3704 0.04437463157063121 0.1653229438218359 -0
3705 1.096874171294762 0.1519568243669902 -0
3706 1.096874178402943 -0.1519567500008833 0
3707 0.04478243565675972 0.1022512703592259 -0
3708 0.1452754873096013 -0.1710090037015715 0
3709 1.161311291917861 0.03777207980159288 -0
3710 1.16131129191786 -0.03777207980158936 0
3711 0.002186456029350171 -0.06878294213838361 0
3712 -0.1494532587028403 0.1883047447526201 0
3713 0.1377055752049284 0.1241598443603235 -0
3714 0.1147407095937855 0.1188802494171193 -0
3715 1.16776724339653 0.1347696104716991 -0
3716 1.167767243396531 -0.1347696104716984 0
3717 0.4644549587800851 0.2198183827094553 -0
3718 0.5133216352722723 0.2472101874432015 -0
3719 1.324933713435362 0.1694078920860291 -0
3720 1.324933713435467 -0.1694078920857244 0
3721 -0.3261092926301891 0.001008318493014233 0
3722 0.8165168372440155 -0.05143785698092875 0
3723 0.8165170428769712 0.05143782832634906 -0
3724 0.5501530352483681 0.1219144586339183 -0
3725 0.8952908671550551 0.09668213234297149 -0
3726 0.8952906409159032 -0.09668216384355767 0
3727 -0.02388865389394995 -0.1361311342997585 0
3728 1.02567152297332 0.009291471018152191 -0
3729 1.025671522973324 -0.009291471018148291 0
3730 -0.01684997765087327 0.01688043660557643 0
3731 0.3128615936281589 0.1519920703849422 -0
3732 0.2369016801770354 -0.131613766868079 0
3733 1.078511481421424 0.01094326216240816 -0
3734 1.078511481421424 -0.01094326216240722 0
3735 0.1083088821763647 0.1799652424929082 -0
3736 0.6025460461378011 -0.1217188751974818 0
3737 0.6025779677911149 0.1216336810155593 -0
3738 -0.21224362558344 -0.2273351856655327 0
3739 -0.3150547783988556 0.1344667269574703 0
3740 -0.006559411246166465 0.03274333645031653 0
3741 0.01824531776330831 -0.050005638118379 0
3742 0.6338319707939239 -0.1227181923506041 0
3743 0.6338347772272493 0.1227110994291801 -0
3744 0.05093602433980919 -0.06283182346928058 0
3745 0.7807449286853193 -0.1929307562055659 0
3746 0.7807451716199516 0.1929307997452108 -0
3747 0.5337394991727613 -0.1231084120073495 0
3748 0.02873401981656023 0.1079391132464221 -0
3749 0.9317308008300056 0.1355214235880383 -0
3750 0.9317304848283849 -0.1355215714617786 0
3751 1.073277818376635 0.1923982967855029 -0
3752 1.073277976049421 -0.1923982570259648 0
3753 0.125293781536744 -0.2040169014847076 0
3754 0.4952320300373882 -0.1436378278349222 0
3755 0.1940235348323449 0.1821889467063706 -0
3756 1.094526561071483 0.03618865891102703 -0
3757 1.09452656069071 -0.03618865742862427 0
3758 0.7079639383389752 0.08714658387002876 -0
3759 0.7079637584930001 -0.08714659053629013 0
3760 -0.04414349634367239 0.3307218530497473 0
3761 1.14077834445513 0.01270724790757362 -0
3762 1.14077834445513 -0.01270724790757617 0
3763 0.4594406695790838 -0.08782984128406074 0
3764 -0.01944822071034076 -0.001859310156077332 0
3765 0.09872071949778652 0.07449019755251575 -0
3766 0.8910287967436326 0.04017572755857524 -0
3767 0.8910285750035969 -0.04017575473207632 0
3768 1.2358786776544 0.04490071244599505 -0
3769 1.2358786776544 -0.04490071244599531 0
3770 1.34964902628081 0.02073401233434693 -0
3771 1.349649026280813 -0.02073401233434764 0
3772 -0.0193468845618263 0.006734966797310104 0
3773 0.2610127892794476 0.1338237914523535 -0
3774 0.2215948717211354 -0.08608246055296899 0
3775 1.361590527463719 0.06141859434248264 -0
3776 1.361590527463728 -0.06141859434246373 0
3777 0.363357690505524 0.0932958915042872 -0
3778 -0.1165951910442906 -0.05134657885597246 0
3779 0.1092488465729611 -0.07586994920158954 0
3780 0.853793703806848 -0.237985191142847 0
3781 0.8537940491502187 0.2379851073775182 -0
3782 0.8892151502430607 0.2671291549724373 -0
3783 0.8892148161014758 -0.2671293310246464 0
3784 0.8405884147041038 -0.07373873728893168 0
3785 0.8405886319762464 0.07373870522327966 -0
3786 0.9956611951881401 0.1354553851798171 -0
3787 0.9956612799517685 -0.135455514497816 0
3788 0.3445963988971872 -0.1302223588572284 0
3789 0.6852981569902232 -0.2498859848380997 0
3790 0.6852983496877416 0.2498860085878881 -0
3791 -0.02851222354662726 -0.0312801153901265 0
3792 0.9630218287162328 0.02874785382186327 -0
3793 0.9630216184490836 -0.0287478872132714 0
3794 1.164953228410704 0.01680800653474922 -0
3795 1.164953228410702 -0.01680800653474984 0
3796 0.248252848960382 -0.09082171618686879 0
3797 0.3305508523466478 0.0925598559504979 -0
3798 0.8731622811129961 -0.0426105990729836 0
3799 0.8731624979968925 0.04261057207698798 -0
3800 0.9328862315615899 0.05983607736642921 -0
3801 0.9328860095037801 -0.05983613391423818 0
3802 1.009570499960171 0.01734591497687592 -0
3803 1.009570495754189 -0.01734592937159589 0
3804 0.06912847764866654 0.2525219781354797 -0
3805 0.6823851930854038 0.2101226622970831 -0
3806 0.6823850238204545 -0.2101226370950596 0
3807 0.03372219339135269 -0.05697755101519386 0
3808 -0.005928382777943007 -0.03222206473525905 0
3809 -0.003419114060353403 0.2040714760491753 0
3810 0.9299113722257334 0.09270857101554625 -0
3811 0.9299111215791727 -0.09270863405447881 0
3812 0.6511265011285416 -0.06990764685556916 0
3813 0.6511266638600784 0.06990763756486629 -0
3814 1.060294538693957 0.05966227775342027 -0
3815 1.060294516206299 -0.05966225954822816 0
3816 0.1638581272754056 0.08292429907275195 -0
3817 -0.01661795613828803 -0.09215219417694465 0
3818 -0.06746327951254029 0.006943955827456385 0
3819 0.7545347410421768 0.05790594994734927 -0
3820 0.7545345484916012 -0.05790596677456848 0
3821 1.163901459468019 -0.2923937632632437 0
3822 1.163901473257621 0.2923937420668265 -0
3823 0.235319269560555 0.08800664409771483 -0
3824 0.2760706599417298 -0.09021059522650625 0
3825 0.004971642927180654 0.04156748862127058 -0
3826 0.5430953660630438 0.1862738168907282 -0
3827 0.4283757689748426 -0.09007459550070972 0
3828 1.272807358344155 0.01283127713322029 -0
3829 1.272807358344155 -0.01283127713322179 0
3830 0.2662751446738412 0.09803128914508476 -0
3831 1.186032561415349 0.01618362274316764 -0
3832 1.186032561415346 -0.01618362274316713 0
3833 -0.07923564533555323 0.1863337702673105 0
3834 0.9051206698180407 0.06097593213336845 -0
3835 0.905120441484291 -0.06097596103646381 0
3836 0.3521611693148898 0.1848743603805943 -0
3837 1.002685662724264 -0.05690969752302145 0
3838 1.002686464771636 0.05690847203647426 -0
3839 0.4284562676784001 0.08919032126015686 -0
3840 0.733035267592564 -0.06159923818540062 0
3841 0.7330354536357848 0.06159922276632785 -0
3842 -0.02711551122550698 0.06226842617374888 0
3843 0.978367442599112 -0.06188050132777588 0
3844 0.9783682521303672 0.06187977868019627 -0
3845 0.2772152460088619 0.1935871464150746 -0
3846 1.1324802809291 0.0981829317679971 -0
3847 1.132480276291359 -0.09818293278240259 0
3848 -0.1388770471326115 0.1164369640558699 0
3849 0.05132091247157833 0.06162365177187996 -0
3850 0.9771990272622624 0.08914080696778443 -0
3851 0.9771988014498962 -0.08914114465390885 0
3852 0.9614460856197644 0.2555617586865995 -0
3853 0.9614457474997886 -0.2555619849910321 0
3854 0.1351036266913996 -0.1190551206475291 0
3855 0.3966891280211958 0.09234764616266429 -0
3856 1.052975325605464 0.1004405100382894 -0
3857 1.05297591224627 -0.100440053798448 0
3858 1.316892048958697 0.01912160656582795 -0
3859 1.316892048958695 -0.01912160656582663 0
3860 0.7009284958353604 0.1082015232151003 -0
3861 0.7009283177243346 -0.1082015213166045 0
3862 -0.01594086725568487 -0.01572463463794635 0
3863 1.291973436832528 0.01151956490982323 -0
3864 1.291973436832528 -0.01151956490982429 0
3865 1.053416037344279 0.3349410084339592 -0
3866 1.053416424977776 -0.3349412306964835 0
3867 -0.0688429308495529 -0.03892996143520118 0
3868 0.1819004054068019 0.1252630341073692 -0
3869 0.5063872692360089 0.1335324903024145 -0
3870 -0.01204665552780269 -0.3294156858671303 0
3871 0.2117444046756103 0.1269490694573308 -0
3872 0.4439388008879574 -0.2576938069314603 0
3873 0.9754362651310403 -0.04207605454782906 0
3874 0.9754365170487442 0.0420759284786543 -0
3875 0.7102320520848191 0.06286619027096102 -0
3876 0.710231871803733 -0.06286620445557793 0
3877 0.05699817525912289 -0.0895983287384521 0
3878 0.07976700629152368 0.09676033060536214 -0
3879 0.7439114962223312 -0.3404741510636823 0
3880 0.7439116469109126 0.3404742437760579 -0
3881 -0.02998276714098135 0.03614113422523799 0
3882 1.098066963122049 0.0107116556709451 -0
3883 1.098066963122048 -0.01071165567094626 0
3884 0.3810789790305986 -0.1573135852986844 0
3885 1.019270762197857 0.03345957700892861 -0
3886 1.019270755963708 -0.0334599170939294 0
3887 0.005077795325796535 -0.04114208455236336 0
3888 0.4201297924421098 0.1659997657195779 -0
3889 0.03038733432245478 -0.1120759260582432 0
3890 0.5327557996525134 -0.08201752761474367 0
3891 -0.1043866252166155 -0.1449528459373786 0
3892 1.062234998963559 0.02965917729536059 -0
3893 1.062234998824551 -0.02965917719347472 0
3894 0.5944300016372541 -0.222786432884275 0
3895 0.5950954687803414 0.2225700061672362 -0
3896 0.1679639807726151 -0.1157939153593387 0
3897 0.04746631943702134 0.08007154991705712 -0
3898 0.8969843171714722 0.3478548883603939 -0
3899 0.8969839898972516 -0.3478549610927743 0
3900 0.8549426046723192 -0.08692980066515155 0
3901 0.8549428153917654 0.08692974541289814 -0
3902 -0.01097034410506958 0.02614189214958619 0
3903 1.167648724536407 0.08133184367383771 -0
3904 1.167648724536406 -0.08133184367383728 0
3905 -0.087865694549911 0.07669202791905819 0
3906 -0.07920771448376111 0.09985537490773101 0
3907 1.060346174652277 0.009396985740351473 -0
3908 1.060346174652276 -0.009396985740349945 0
3909 -0.04438300566909475 0.02203837554955329 0
3910 0.130680391863796 -0.07790072698482198 0
3911 -0.1339538998780368 -0.001661056060730461 0
3912 -0.01022185321786356 -0.0260300096903769 0
3913 0.06965388487736748 -0.0667766877750208 0
3914 0.209404465751309 -0.1634083819629428 0
3915 0.2062587862759644 -0.2321033391743142 0
3916 0.0160120448959019 0.3362282751882738 -0
3917 0.3199373223722581 -0.1507049972759971 0
3918 0.3092362994650866 -0.09106381469020676 0
3919 0.1526551179744104 -0.08033199447936649 0
3920 -0.04639354290112035 -0.08458442285484465 0
3921 -0.03721017965106389 0.2393083252845736 0
3922 1.083112176539231 0.05819165354378762 -0
3923 1.083112183443505 -0.05819164387178108 0
3924 0.1485990602829751 -0.3196744327040221 0
3925 0.2066152181815401 -0.3375650122796587 0
3926 0.4474952678861385 0.0888226395687837 -0
3927 -0.1071578968533852 0.0006545817392413669 0
3928 0.01896166957630318 0.04887338643609886 -0
3929 -0.04944738877044218 -0.01591265092442736 0
3930 0.4714635506861564 0.1576251951294304 -0
3931 0.9544494598140751 0.04648060041003974 -0
3932 0.9544492187323972 -0.04648067924565222 0
3933 0.7675455397543554 -0.05663947779805949 0
3934 0.767545735265314 0.05663946008148167 -0
3935 1.006029122905999 -0.005603291262069512 0
3936 1.006029122905999 0.005603291262069537 -0
3937 1.028213936959538 0.2314149880035871 -0
3938 1.028214109783727 -0.2314154340878901 0
3939 0.08899767434599055 -0.07063598210381515 0
3940 0.5170134139258615 -0.2534224910933885 0
3941 0.2898794342124946 -0.2229831289406812 0
3942 0.01387894594519024 -0.1440700528160283 0
3943 0.346479715415525 -0.09134847534042602 0
3944 1.043022588673527 0.008299128252298582 -0
3945 1.043022588673527 -0.008299128252297873 0
3946 0.1200802488594519 0.07653561367199316 -0
3947 0.2897649118118801 0.1325479873221374 -0
3948 0.1314626450230057 -0.09624098442043794 0
3949 0.09143564621508353 -0.3337868420715172 0
3950 -0.02183917989548033 0.04527676067723992 0
3951 1.118571237382983 0.01089117707666768 -0
3952 1.118571237382984 -0.0108911770766689 0
3953 0.9889198777186448 0.02332152345954353 -0
3954 0.988919771623304 -0.02332156181641641 0
3955 0.3101395180866967 0.2636109748561233 -0
3956 0.5597927054485335 -0.1327422797723176 0
3957 0.3643461100268401 -0.2169670916677087 0
3958 0.7727464685763342 0.1578106481115119 -0
3959 0.7727462591615996 -0.1578106396740063 0
3960 1.310952627703103 0.04789863345648548 -0
3961 1.310952627703102 -0.0478986334564856 0
3962 0.6338381349592599 -0.09955974846582263 0
3963 0.6338386712179042 0.09955873379702915 -0
3964 -0.01721754389342509 0.01119370904629213 0
3965 -0.01787079711627026 -0.006630279256369253 0
3966 0.07621538091304274 0.2093030087677406 -0
3967 0.1847287309113081 0.3363211620403276 -0
3968 0.1415359343458221 0.07912748754343167 -0
3969 0.8011926577746664 0.3186192603580454 -0
3970 0.801192381745374 -0.3186192899695891 0
3971 1.027928493457002 0.05690136492534023 -0
3972 1.027928419591428 -0.05690192694148317 0
3973 1.083978657756497 0.1300209669324927 -0
3974 1.083978745216505 -0.1300208696031879 0
3975 0.8550909436091927 -0.1434987313704781 0
3976 0.8348630375467578 -0.1656690211887464 0
3977 0.8446916299825279 -0.2001783577878044 0
3978 0.8550911869962733 0.143498665726239 -0
3979 0.8348633195550137 0.1656690327863634 -0
3980 0.8446920090570468 0.2001784566824927 -0
3981 0.1491409483368831 0.248622769543196 -0
3982 1.077251450609168 0.02843663807238375 -0
3983 1.077251450609174 -0.02843663807238392 0
3984 -0.01379642345519021 0.1446294887624508 0
3985 0.948088857764692 -0.03007777464777128 0
3986 0.9480890729174665 0.03007774193249992 -0
3987 0.08177948634582671 -0.1654395636912279 0
3988 0.8282236740437797 0.1131507649916413 -0
3989 0.8282234429144446 -0.1131507973942189 0
3990 1.34470574686928 0.08484805009879032 -0
3991 1.344705746869242 -0.08484805009876153 0
3992 -0.06878206822114023 -0.05577117174660369 0
3993 0.2855526798227153 -0.127841673696564 0
3994 1.273478963733394 0.04492884287085541 -0
3995 1.273478963733394 -0.04492884287085518 0
3996 0.6701701335597172 0.0987785008273266 -0
3997 0.6701699642634911 -0.09877850310506264 0
3998 0.4849754737069091 -0.1221072883455761 0
3999 0.03418468928933935 0.05503161337501009 -0
4000 0.6260016995360557 -0.07049451979230047 0
4001 0.6260018534617805 0.07049451000655105 -0
4002 0.7657559774709717 0.236296240117559 -0
4003 0.7657557226579821 -0.2362961563502131 0
4004 -0.03059926414815423 -0.01410820514417002 0
4005 0.187315185104605 0.08322154994576351 -0
4006 0.7721669407083058 0.08762031460498095 -0
4007 0.7721667422947935 -0.08762032696960773 0
4008 0.2105990207147237 0.08457908278513059 -0
4009 0.6003078606666263 -0.07274020250513616 0
4010 0.6001698137816435 0.07289858252021093 -0
4011 0.5332082348406232 0.08066359392925425 -0
4012 -0.01239048678764505 -0.0393201780758579 0
4013 1.111133641385301 0.2383925361932724 -0
4014 1.111133730157911 -0.2383924560780748 0
4015 -0.04336717905864216 -0.03955246245777758 0
4016 0.1756257437865222 -0.08170828629912098 0
4017 0.1126990253368564 0.3431665299829273 -0
4018 0.2228949576019433 0.2337184685402694 -0
4019 0.6381329981761629 0.2777874525380421 -0
4020 0.6379089104644144 -0.2779193278898026 0
4021 0.9326288312126187 -0.03228761349260056 0
4022 0.9326290514945202 0.03228758058072274 -0
4023 1.139061861718317 0.1759947359705204 -0
4024 1.139061861718325 -0.1759947359705157 0
4025 0.9765182797042529 0.0251186659631088 -0
4026 0.9765180788517066 -0.02511869846554149 0
4027 0.09617546703493596 0.1548372023566394 -0
4028 0.2561724613131832 0.3411817357433281 -0
4029 0.9872355507409141 0.331861060702989 -0
4030 0.987235292437832 -0.3318612630532706 0
4031 -0.0502329077080771 -0.1752170264216089 0
4032 1.017080750980603 0.006530150843473203 -0
4033 1.017080750047015 -0.006530149155844875 0
4034 0.5043447243567827 0.08147900295454279 -0
4035 0.8278603928823458 -0.04777804378937291 0
4036 0.8278606010737446 0.04777801802091892 -0
4037 0.2185175685069843 -0.1146227112052362 0
4038 0.1987723350707482 -0.08390272690434561 0
4039 -0.194389420691077 0.1063888599398451 0
4040 1.034665162016672 0.07260497700131786 -0
4041 1.03466528940027 -0.07260535908581468 0
4042 0.01234953967966632 -0.04399587168630729 0
4043 1.291618881724034 0.2030615766238538 -0
4044 1.291618881724383 -0.2030615766235089 0
4045 0.01247338057361594 0.04390261014896954 -0
4046 0.8044588840732769 -0.05114831629810626 0
4047 0.8044590881006691 0.05114829362393651 -0
4048 1.122611126244588 0.03422500353983195 -0
4049 1.122611126244589 -0.03422500353982758 0
4050 0.4348823197559409 -0.211892634651776 0
4051 1.222946739576396 0.118680109743411 -0
4052 1.222946739576399 -0.1186801097434139 0
4053 1.018107100712827 0.02350939544639015 -0
4054 1.018107110999423 -0.02350941154293463 0
4055 0.5490958499472981 -0.07833047478692282 0
4056 -0.05183176426478915 0.113449694653673 0
4057 0.03144894557631418 -0.08098625229300216 0
4058 0.9939381570891596 0.03818485966884887 -0
4059 0.9939379267388849 -0.03818521123163061 0
4060 0.3051067523561967 -0.1811169702140869 0
4061 1.307181128016949 0.09230152670066936 -0
4062 1.307181128016937 -0.09230152670065858 0
4063 -0.001463281014039202 0.05866051082310623 0
4064 0.009463673139806901 0.06411325740463469 -0
4065 -0.02370632556505441 0.02072308092347905 0
4066 1.025729739249016 0.01840669746933146 -0
4067 1.025729733889487 -0.01840670302814457 0
4068 -0.003033425482446952 -0.05811892132189163 0
4069 0.04671291232600608 -0.08045436825928833 0
4070 -0.2114063804106858 0.1797676117628646 0
4071 0.06072902495044129 -0.06225672182079008 0
4072 -0.263575331100338 0.09946928115709106 0
4073 0.122013445457272 -0.1436971360330966 0
4074 -0.1299429525665774 -0.3066575089991036 0
4075 -0.06930282372658027 -0.0121214742051065 0
4076 -0.1622684942620259 -0.1565106700726405 0
4077 -0.3364828500278742 -0.09058742626540309 0
4078 0.8087877016760576 0.2646718565970443 -0
4079 0.8087873993272413 -0.2646718393428727 0
4080 -0.1101374158709935 -0.1093243144807917 0
4081 0.0892880459104773 0.0694608585454195 -0
4082 0.04299794067592232 -0.05765355609026945 0
4083 -0.200306140370612 -0.02410102796247236 0
4084 0.9956838257612686 0.02128256252659854 -0
4085 0.9956837472353306 -0.02128257757346937 0
4086 0.7246830245521542 -0.1464864838185664 0
4087 0.7246832108513768 0.1464864832025609 -0
4088 1.137069214682088 0.05591269653586065 -0
4089 1.137069214702803 -0.05591269650651946 0
4090 -0.04062464154484165 -0.05273603652683323 0
4091 0.4743433959035407 -0.08267091855648991 0
4092 0.899445043123041 0.03662798180906067 -0
4093 0.8994448218272241 -0.03662800966232744 0
4094 0.3618048263143612 0.1259997202480717 -0
4095 0.656725849082451 -0.1330844896644415 0
4096 0.6567264568205934 0.1330833156978898 -0
4097 -0.0322755979794745 -0.004007253087194967 0
4098 0.3465937353928895 0.08816611200935794 -0
4099 0.3656593157128363 -0.09170287525561538 0
4100 0.6630225287433857 -0.06549716077702772 0
4101 0.6630226959557233 0.06549714987321353 -0
4102 0.3135911611569023 0.09137028285274536 -0
4103 -0.03791914981287969 0.09634498397472771 0
4104 0.9352365006853023 0.1151918367696661 -0
4105 0.9352361607546692 -0.1151918577375387 0
4106 0.4442783741925049 -0.08455105696620538 0
4107 0.5895669702986027 -0.2639875627743327 0
4108 0.5895671199112074 0.2639876402557318 -0
4109 1.049066016044759 0.05180345835760115 -0
4110 1.049066014496261 -0.05180341412311787 0
4111 0.8818735751490282 0.03892721660011902 -0
4112 0.8818733561992155 -0.03892724352522686 0
4113 0.05687377356418587 -0.1516685704402342 0
4114 1.042131157931225 0.01830461263961593 -0
4115 1.042131151307021 -0.01830461393492804 0
4116 0.1202425569943907 -0.07428543590582483 0
4117 0.4983065150019598 0.3327113439847673 -0
4118 0.1751204538810776 -0.09591161705424144 0
4119 0.2331493711442721 -0.088343615269207 0
4120 0.8636040201863165 -0.04087925261023304 0
4121 0.8636042365818288 0.04087922681855867 -0
4122 1.029864806881923 -0.03829961395328996 0
4123 1.02986487027973 0.03829935598347572 -0
4124 0.260703215175883 -0.08574906913958669 0
4125 1.002464792111667 -0.03369097852713976 0
4126 0.1096988318536114 0.07279922720815024 -0
4127 1.002464799983534 0.03369039492787523 -0
4128 1.262704311599017 0.008808716592468411 -0
4129 1.262704311599017 -0.008808716592471892 0
4130 -0.1584017686360104 0.01404232597882727 0
4131 0.01313542937514012 -0.06330914079941026 0
4132 1.17495756057535 0.2110954679769506 -0
4133 1.17495756057538 -0.2110954679769221 0
4134 0.3797291760947148 0.08828156691559652 -0
4135 0.1162498297646278 -0.244283944203128 0
4136 0.1454875318071878 0.1058872359916724 -0
4137 0.7213350423042958 0.05948172280781662 -0
4138 0.7213348593006139 -0.0594817382571256 0
4139 0.09945610163507229 -0.07075487734586629 0
4140 0.1755933963329357 0.08046007805934637 -0
4141 0.3826147022280738 0.264696628207118 -0
4142 0.8941579406811364 0.1178824393670395 -0
4143 0.8941577065537615 -0.1178824578684631 0
4144 1.380906052954592 0.01552599076291424 -0
4145 1.380906052954598 -0.01552599076290197 0
4146 0.4105072925361696 -0.1562559614261632 0
4147 -0.02196643093435318 -0.1978029531556454 0
4148 1.241474059859271 0.102224422283813 -0
4149 1.241474059859276 -0.1022244222838173 0
4150 -0.1471678707144901 0.05129292594156717 0
4151 0.1528993569537064 0.07824027827466754 -0
4152 0.6384239233741608 -0.06767393602496792 0
4153 0.6384240810059774 0.06767392554491208 -0
4154 -0.2876368237750908 -0.1979711869794984 0
4155 -0.09783958715814754 0.3189713414665795 0
4156 0.389083229404698 0.2218264253326733 -0
4157 0.9696258618142704 0.0252198480017378 -0
4158 0.9696256548264097 -0.02521987905876599 0
4159 1.282114973525857 0.008685984912489356 -0
4160 1.282114973525857 -0.008685984912489519 0
4161 0.4212973071075462 0.2045198583728401 -0
4162 0.2108242450210856 -0.08281663379685847 0
4163 1.250155037852854 0.0335759928933824 -0
4164 1.250155037852852 -0.03357599289338091 0
4165 0.5870163953822471 -0.07082031834200279 0
4166 0.5864598374094351 0.07040188800150467 -0
4167 0.4056095301716543 -0.3470225965192783 0
4168 0.2230116785669387 0.08318402948158971 -0
4169 -0.1993217663558648 0.280457307769307 0
4170 -0.04576633784767471 0.06367680064028808 0
4171 0.1073593943131305 -0.09611870235956502 0
4172 -0.01973336325657817 -0.04771494550590795 0
4173 0.2680399561875514 0.2854963918967943 -0
4174 -0.1211784144019099 -0.2145100220799523 0
4175 0.9735729121541842 0.1882253234752144 -0
4176 0.9735729364743633 -0.1882256942257695 0
4177 0.6119112248978613 -0.1680207271726218 0
4178 0.6123568833552504 0.1676936475929195 -0
4179 1.180280321262737 0.1128984216118886 -0
4180 1.180280321262907 -0.1128984216166904 0
4181 -0.06828137404760093 -0.08660954944168026 0
4182 0.1098609358449337 0.09968192205803289 -0
4183 1.095274452812568 0.1727515370289495 -0
4184 1.095274491844741 -0.1727515042105058 0
4185 0.9645715029777959 -0.04033835702447552 0
4186 0.9645717309882427 0.04033827037174914 -0
4187 0.2617375548665323 -0.1545365075651983 0
4188 0.3735867887177777 -0.1336539698890028 0
4189 0.4398352141501423 0.343051713715932 -0
4190 0.0976926761664348 0.1311994236856566 -0
4191 0.7281575318930394 0.2585494335597232 -0
4192 0.7281573255093308 -0.2585494245785596 0
4193 0.7535651134116572 0.1085688480750427 -0
4194 0.753564919746055 -0.1085688534344744 0
4195 -0.0003231887278111902 -0.0477483680821643 0
4196 0.7891949867650343 0.1015856854532335 -0
4197 0.7891947785327708 -0.1015856951989231 0
4198 0.1116129782166381 0.2651716893378311 -0
4199 -0.06685317321467386 0.03865551952692333 0
4200 0.1404567702528788 0.1649448796137676 -0
4201 1.37741152569181 0.03819971564043879 -0
4202 1.377411525691828 -0.03819971564041841 0
4203 -0.1000413869267344 0.1229776527900468 0
4204 0.3340025389473597 0.1268218765819515 -0
4205 1.34001337998501 0.03314832017179449 -0
4206 1.340013379985012 -0.03314832017179464 0
4207 0.6446828872080308 0.3361298850189101 -0
4208 0.6443196588681437 -0.3362286426744523 0
4209 -0.02495183496216409 0.007485733918799324 0
4210 1.09697358898032 0.02413578733505881 -0
4211 1.096973588916859 -0.02413578708799036 0
4212 -0.05942669604541695 -0.1106573547478901 0
4213 1.152922262065264 0.04917757683834712 -0
4214 1.152922262090421 -0.04917757686297804 0
4215 0.5516931261432736 0.07852165823942908 -0
4216 0.5966924493855795 -0.1048206754022381 0
4217 0.5952311628637623 0.1049906001987808 -0
4218 0.4752827469776578 0.08175260446922684 -0
4219 0.02686328931460365 -0.05098556384354095 0
4220 0.1934709071257705 0.2717909649743573 -0
4221 0.8073598691466156 0.130907858462069 -0
4222 0.8073596472570908 -0.1309078714726488 0
4223 1.067123956740254 -0.2874775708672291 0
4224 1.067124137722979 0.2874776207731348 -0
4225 1.048666058915313 0.03606339262022124 -0
4226 1.048666021466609 -0.03606339708385958 0
4227 0.9692855308105335 0.1051204991084548 -0
4228 0.9692852883397879 -0.105120789782604 0
4229 -0.0560074085009091 -0.2465076850352883 0
4230 0.4640319342540532 -0.1165704402098213 0
4231 -0.02517370120027937 -0.002297426570639638 0
4232 1.154395186174993 0.009671599239278274 -0
4233 1.154395186174993 -0.009671599239278746 0
4234 0.7434006524730485 -0.05618998002157066 0
4235 0.7434008415596147 0.05618996232591559 -0
4236 0.5245482470234728 -0.2126906778235211 0
4237 0.7863949790078745 0.05069358181867284 -0
4238 0.7863947786302875 -0.05069360259814143 0
4239 0.04520549689776968 -0.2132569568499191 0
4240 1.34217172123045 0.1419912882183829 -0
4241 1.342171721230327 -0.1419912882182064 0
4242 0.8930605302849309 0.1672469246022717 -0
4243 0.8930601427003848 -0.1672468982787607 0
4244 1.139783167734439 0.1208401975312589 -0
4245 1.139783167611056 -0.1208401981794519 0
4246 0.09498754531195661 0.09276218982089507 -0
4247 0.250634952693621 0.1667298486928075 -0
4248 -0.0002799069472375785 0.04874069212936771 0
4249 0.2718891028624917 -0.1114987015507907 0
4250 0.4451064052424107 -0.1556061214515664 0
4251 0.2013977723529945 -0.1115740742127357 0
4252 1.20127432373855 0.1646069546673093 -0
4253 1.201274323738546 -0.1646069546673046 0
4254 0.9554753299486693 0.02755493755838046 -0
4255 0.9554751168237577 -0.02755496848231456 0
4256 0.5476090810256661 -0.3542958315592478 0
4257 0.1856055210290604 -0.1980169650374167 0
4258 -0.01185120669958208 0.0403875883012017 0
4259 0.5507396242374678 0.3514452429560826 -0
4260 1.03432014795067 0.006276449237356502 -0
4261 1.034320147950671 -0.006276449237355517 0
4262 0.6729761348528122 -0.1810522404839021 0
4263 0.6729763135984117 0.1810522580501631 -0
4264 -0.02809675587467058 -0.08011574882566405 0
4265 0.8395632213204102 -0.04595964182894748 0
4266 0.8395634338609387 0.04595961790252125 -0
4267 0.2480706775430684 0.08471374995642481 -0
4268 0.5598682672038423 -0.1592235138983018 0
4269 0.5578244619471576 0.161233626600826 -0
4270 0.9340135686282842 0.04079933932588195 -0
4271 0.9340133497780793 -0.04079937994845861 0
4272 1.117048232291318 0.02268206485615909 -0
4273 1.117048232291319 -0.02268206485615995 0
4274 1.003238018146397 -0.07173167347444206 0
4275 1.003237897413029 0.07172942713943962 -0
4276 0.7288646353690253 0.08987310656046649 -0
4277 0.7288644491854142 -0.0898731138891499 0
4278 0.5133995692020551 -0.1340983325621328 0
4279 -0.1384991475490381 -0.02823655902997697 0
4280 1.104916386919673 0.04371032165794288 -0
4281 1.104916386744823 -0.04371032095176204 0
4282 1.020864000228938 -0.1010266224971841 0
4283 1.020863587508872 0.1010263008555142 -0
4284 0.1804493759631348 0.1083307482081731 -0
4285 0.4123717860188509 -0.08532157873733139 0
4286 0.4898911639296074 -0.3325962151093743 0
4287 0.9485213859418776 0.03872214660880935 -0
4288 0.9485211653855858 -0.03872219343705138 0
4289 1.249152677373783 0.1976086997519261 -0
4290 1.24915267737383 -0.1976086997519752 0
4291 1.059159207158243 0.01943573484468119 -0
4292 1.059159207138384 -0.01943573483012283 0
4293 0.02891290642147022 0.07492407969376658 -0
4294 0.1509596942151843 -0.264494967684197 0
4295 0.9739711934264432 -0.1400583207067152 0
4296 0.9739712912909404 0.14005798377326 -0
4297 0.2472026472127256 -0.1872025071569683 0
4298 0.02950899909427556 0.1886467392218696 -0
4299 0.5740643624357253 -0.07561383948781029 0
4300 0.5600096261951188 0.1028252962683087 -0
4301 0.9652980652749544 0.06399090478552605 -0
4302 0.9652975883057491 -0.0639909284676685 0
4303 -0.0219769655681362 -0.02832549678417166 0
4304 0.412400920287194 0.08555353989250762 -0
4305 0.03547653899070412 -0.3576250426629363 0
4306 -0.06033377439963439 0.02339513109604537 0
4307 0.2643645572674392 -0.3485612420558223 0
4308 -0.1476204202116188 0.2433570645280094 0
4309 0.9297375288433738 -0.04991664971949364 0
4310 0.9297377487802726 0.04991660368412797 -0
4311 0.01623389804304442 0.05788776070248679 -0
4312 1.070290763115985 0.05165725399377505 -0
4313 1.070290760643324 -0.051657228342513 0
4314 -0.01834539100659503 0.002014938194564707 0
4315 0.8943440726530409 0.05591215653841881 -0
4316 0.8943438519164597 -0.05591218105016632 0
4317 0.5156653271014398 -0.157323528356933 0
4318 0.7802921811463913 0.07405369816898812 -0
4319 0.7802919830932252 -0.07405371504442804 0
4320 0.4780169359529794 0.1840109127122475 -0
4321 1.087540598522687 0.008355016664467174 -0
4322 1.087540598522688 -0.008355016664467339 0
4323 -0.09695012675089421 -0.01571629083053652 0
4324 -0.236966058655019 0.03904899973158506 0
4325 -0.04627149115615174 -0.007873917839691196 0
4326 1.090908893075926 0.07148473364836974 -0
4327 1.090908887910636 -0.0714846886101814 0
4328 1.211200984045027 0.01338085466773 -0
4329 1.21120098404503 -0.01338085466772879 0
4330 1.013815364587666 -0.05115044403127018 0
4331 1.01381554626552 0.05114932849521718 -0
4332 0.6797229842696083 0.1380248507695676 -0
4333 0.6797227472606767 -0.1380250103071017 0
4334 0.4240664999598803 -0.1160491796320697 0
4335 0.9241447304081462 -0.03120291887332089 0
4336 0.9241449514550824 0.03120288830535344 -0
4337 0.397195241610137 -0.08624103174136016 0
4338 0.06751994874694736 -0.07944289726157097 0
4339 0.4638377443606331 0.1137499778999584 -0
4340 0.8053828529912043 -0.07205884230571064 0
4341 0.8053830537213639 0.07205881648751095 -0
4342 0.2819562313483389 -0.2703106400759276 0
4343 0.6520176044363181 -0.09091210168604955 0
4344 0.6520177692900684 0.09091209762506706 -0
4345 0.3091424039501121 0.2219767436487372 -0
4346 1.244753668796408 0.00861809744904387 -0
4347 1.23254816338312 0.01312931961027813 -0
4348 1.24475366879641 -0.00861809744904371 0
4349 1.232548163383124 -0.0131293196102803 0
4350 1.391711195600962 0.01152144797341581 -0
4351 1.391711195600965 -0.01152144797338643 0
4352 1.143184399940737 0.2076835309833611 -0
4353 1.143184399940728 -0.2076835309833907 0
4354 0.0699174464689174 0.06425392357152954 -0
4355 1.301985766114508 0.007851993992711765 -0
4356 1.301985766114508 -0.007851993992712122 0
4357 0.8482960652318932 0.06124040583364009 -0
4358 0.8482958518749503 -0.0612404311068208 0
4359 1.203354889080231 0.1058349665363124 -0
4360 1.203354889080261 -0.105834966537113 0
4361 0.2576630410739592 0.1137486442447879 -0
4362 -0.1663081242784871 -0.04308185250937471 0
4363 -0.01484407021168609 -0.2342258154757887 0
4364 0.7544819475133182 0.0775203483020749 -0
4365 0.7544817544380712 -0.07752036086482032 0
4366 0.1874013392607267 0.09611354760546967 -0
4367 -0.3460022104062078 0.08656716838179582 0
4368 1.140183087266706 0.02716196960173555 -0
4369 1.140183087266706 -0.02716196960173227 0
4370 0.6877374601968024 -0.06426702944530895 0
4371 0.687737633679998 0.06426701647464043 -0
4372 0.5744876809695543 0.07280562348599159 -0
4373 0.6257403864166691 -0.0853440562051319 0
4374 0.6257406166967624 0.08534384901331526 -0
4375 1.173372484909035 0.04831482518948994 -0
4376 1.173372484912629 -0.04831482519301142 0
4377 0.0003362164229265102 0.0353701592754885 -0
4378 1.069784193966013 0.007865115844178316 -0
4379 1.069784193966011 -0.007865115844178962 0
4380 1.109222824451246 0.09308573808375079 -0
4381 1.109222827159518 -0.0930857134626137 0
4382 0.9781300250352012 0.03278157389089417 -0
4383 0.9781298215928137 -0.03278162384464503 0
4384 0.07799383810819797 -0.1046127408362783 0
4385 0.2089597239315741 0.09774658841498268 -0
4386 0.1964964446260426 -0.09785834729125464 0
4387 0.02774596820262889 -0.06855175049757239 0
4388 1.130753355470252 0.009553255100902148 -0
4389 1.130753355470254 -0.009553255100904379 0
4390 0.9167153296621385 0.03313336479967635 -0
4391 0.9167151083792497 -0.0331333949432578 0
4392 0.1498844609534501 0.2139664926130728 -0
4393 0.4280408667333392 0.116587180658777 -0
4394 0.0608532860130994 0.06173529437761732 -0
4395 0.4012535592230517 0.1159356715747255 -0
4396 0.8551402230245767 0.04198729514073657 -0
4397 0.8551400076576072 -0.04198732038075984 0
4398 0.6030412868244364 -0.0879257087636819 0
4399 0.6021986792820443 0.0876209572754325 -0
4400 0.5047394806123814 -0.08138638527402585 0
4401 0.8710715334282204 0.05768653113330618 -0
4402 0.8710713167838785 -0.05768655860851613 0
4403 0.03213040002661872 0.2550515127769544 -0
4404 0.6983833400648065 0.0604077177773844 -0
4405 0.6983831632485626 -0.06040773254149463 0
4406 0.5303938217284062 0.1254445118241745 -0
4407 -0.03429656716536357 -0.02385432474046856 0
4408 0.5624924689797342 -0.1005227569551337 0
4409 0.5655422713308967 0.1370036416592514 -0
4410 -0.01804168977690628 0.176535899681815 0
4411 1.306182900505305 0.03007653922829651 -0
4412 1.306182900505305 -0.03007653922829629 0
4413 -0.01746169803724201 -0.1135104054525446 0
4414 1.175388549897744 0.009993753611846415 -0
4415 1.175388549897743 -0.009993753611847872 0
4416 0.2925730224291925 -0.08670441915273044 0
4417 0.9120841182617486 0.09162404558857143 -0
4418 0.9120838913899658 -0.09162408773792918 0
4419 -0.02431618752941592 0.02783717209538739 0
4420 0.7609438964130876 0.1378788354712468 -0
4421 0.7609437001435647 -0.1378788366779655 0
4422 0.5602232278074745 -0.07347490115514993 0
4423 -0.0126788375152129 0.02085026753027373 0
4424 -0.01493935634208028 0.07640411392821794 0
4425 0.04323447397265173 0.05662139949424601 -0
4426 0.3306045858982839 -0.1743955626934451 0
4427 0.8289394688751313 0.06633740409772246 -0
4428 0.8224636180618721 0.07824590515447061 -0
4429 0.82893926267211 -0.06633743130368636 0
4430 0.8224634220964526 -0.07824594017726645 0
4431 0.08543961303527647 -0.08222175910275101 0
4432 0.08898697132576272 -0.0937652741993162 0
4433 1.114798052523396 0.06359125744532304 -0
4434 1.11479805157835 -0.06359125707302772 0
4435 0.08258216125097914 -0.2732060036063925 0
4436 -0.0008867528420076383 0.08901469393767691 0
4437 0.1645579529499224 -0.1516354684023948 0
4438 0.2948629906955744 0.1732069742132299 -0
4439 1.357790767499505 0.1088319848480852 -0
4440 1.357790767499506 -0.1088319848478886 0
4441 0.2522223134685933 -0.111011312202042 0
4442 0.5181889456923321 -0.07694438562859066 0
4443 0.2155948970934382 0.1096864757722616 -0
4444 0.4983239915070681 0.1132123457917858 -0
4445 -0.09857978999913095 -0.03685019959514692 0
4446 0.4472163637326344 -0.1288832696461574 0
4447 0.5555613786805477 -0.2734957436287768 0
4448 0.2932249953193805 0.1122463497428443 -0
4449 0.3510313927214851 0.3478291936361094 -0
4450 1.269393416420246 0.108420086374888 -0
4451 1.269393416420246 -0.1084200863748878 0
4452 1.249485982810648 0.2624349020589461 -0
4453 1.24948598275513 -0.2624349021723407 0
4454 0.910559517648198 0.04981079921586214 -0
4455 0.9105592967942941 -0.04981083226954378 0
4456 0.4612696173059927 0.08152866073871388 -0
4457 0.7767339278559893 0.05100276142071691 -0
4458 0.7767337300919293 -0.05100278143887685 0
4459 0.2759360966700862 0.08487780061232625 -0
4460 -0.2666628887709858 0.1606948858081444 0
4461 -0.1916373681402152 0.07085861940558953 0
4462 -0.07418042377608192 0.2253575355016734 0
4463 1.01872720806046 -0.0813972505676084 0
4464 1.018726913935638 0.08139604918447649 -0
4465 0.8854040828054943 0.06446022568391405 -0
4466 0.8854038663194879 -0.06446025636554072 0
4467 0.3816245260062707 -0.08477475788431202 0
4468 0.1392913465683453 0.09251570575127763 -0
4469 1.093073149573065 0.1061373376327384 -0
4470 1.093073172783515 -0.1061372578653165 0
4471 0.92174103631052 -0.2423660430079889 0
4472 0.9217414081734427 0.2423659072029662 -0
4473 1.066759538790679 0.08819921214009317 -0
4474 1.066759666624858 -0.0881990325274708 0
4475 0.6356904543807813 -0.1504681214755775 0
4476 0.6357690873262499 0.1504022993450957 -0
4477 0.9494857967757371 -0.08347720709678799 0
4478 0.9494860297018872 0.08347708097173202 -0
4479 -0.05377685125058304 -0.03557689047400147 0
4480 0.3474042611512727 0.289409055594906 -0
4481 0.4822245002198902 -0.279235851316838 0
4482 0.8844013241113957 -0.08206907090325626 0
4483 0.8844015510398712 0.08206902532586295 -0
4484 0.7226031978317359 -0.1212995565444655 0
4485 0.7226033801756648 0.121299555013212 -0
4486 0.08004134069322399 0.0669990625231327 -0
4487 0.5290071029933524 -0.102135911444852 0
4488 0.1190874048315912 0.08977732612965007 -0
4489 0.1420117878063382 -0.075565252222613 0
4490 0.7363194291973575 0.07824790482527659 -0
4491 0.7363192415728014 -0.07824791606785464 0
4492 0.1822415960753916 0.1608210901463866 -0
4493 1.135671934181287 0.08224223942874283 -0
4494 1.135671934782629 -0.08224224164957815 0
4495 -0.2896019989395413 -0.09665745420014923 0
4496 -0.02086792951608245 -0.01673391065410161 0
4497 0.9078190259278083 0.03395897557583501 -0
4498 0.9078188043171286 -0.03395900387389506 0
4499 1.126631976481079 0.269652574802567 -0
4500 1.126631963307624 -0.2696525435897184 0
4501 0.6748263417836723 0.06230608126909929 -0
4502 0.6748261722035813 -0.06230609427583614 0
4503 0.4217184980838605 0.2851291668390078 -0
4504 0.9816963087034511 0.1200635271048296 -0
4505 0.9816961959438846 -0.1200636990468564 0
4506 1.031683946680452 -0.04728579051054486 0
4507 1.031683988066043 0.04728542948518433 -0
4508 0.4890746137994268 -0.07903497859262887 0
4509 0.9224799217333867 0.06513437145243872 -0
4510 0.9224796961962197 -0.06513441904397967 0
4511 0.5325324594707318 0.09624367056527794 -0
4512 0.9893679169321286 -0.03109973195407902 0
4513 0.98936802849776 0.0310996107482174 -0
4514 1.322126645911251 0.08073567193699925 -0
4515 1.32212664591124 -0.08073567193699117 0
4516 0.1629601732386985 0.0993485304627594 -0
4517 0.7208435045288331 -0.1932917163080536 0
4518 0.7208436999889765 0.1932917218173114 -0
4519 1.005814968872563 -0.1909942911439608 0
4520 1.005814762859346 0.1909937541082802 -0
4521 -0.1343383969979219 0.07933650265784548 0
4522 1.003060067251601 -0.2594598071369925 0
4523 1.003059965064355 0.2594595619087999 -0
4524 0.9771239245454744 -0.07525483834917578 0
4525 0.9771239030441319 0.07525369188218803 -0
4526 1.034208532821726 0.02108717758953316 -0
4527 1.034208511414596 -0.02108718663422935 0
4528 -0.04923774889066115 0.04794997037795688 0
4529 0.8684655257221464 -0.07969491543430865 0
4530 0.8684657427929904 0.07969487479938885 -0
4531 1.189589607950788 0.02743233361196468 -0
4532 1.189589607950785 -0.02743233361196676 0
4533 -0.04193167178039577 -0.125962262038501 0
4534 0.1523888806731919 -0.122605937100026 0
4535 -0.1309063239718764 -0.1710350613636373 0
4536 -0.004938617557147621 0.1222618518009544 0
4537 0.1643515528407973 -0.07784828666585727 0
4538 0.4769346395130182 -0.1613202236459389 0
4539 0.1930829467066999 -0.1468267565266694 0
4540 0.9132580333799254 0.1982012065599371 -0
4541 0.9132576605266896 -0.198201349744844 0
4542 0.8170754597023653 0.09610236420620724 -0
4543 0.8170752475500258 -0.09610239189231626 0
4544 1.188820540583557 0.07342912318749609 -0
4545 1.188820540583558 -0.07342912318749749 0
4546 0.1163603961848725 -0.1243047347753609 0
4547 -0.2086659932244694 -0.09863864048249719 0
4548 -0.2288459100291625 -0.1314283783419797 0
4549 0.3410699934845988 -0.1109051885255884 0
4550 0.849859874749023 0.1211629487391034 -0
4551 0.849859643415644 -0.1211630018725354 0
4552 0.4935618865799938 -0.1053037951552796 0
4553 1.005140783070443 0.1153598942005492 -0
4554 1.005140863884547 -0.1153600596921362 0
4555 0.1886940973527877 -0.1239641215844431 0
4556 -0.04319385202863266 0.1371458789912943 0
4557 1.311451624517378 0.008782863486748699 -0
4558 1.311451624517378 -0.008782863486748064 0
4559 1.091629064908728 0.04744897421957332 -0
4560 1.091629064975344 -0.04744896919080243 0
4561 -0.1043190077739096 0.04253221216741183 0
4562 0.1598249902982967 0.1335363979759829 -0
4563 1.005969114913254 0.01139429639099555 -0
4564 1.005969112951753 -0.01139429724478898 0
4565 0.07986844980563659 -0.06556669222673148 0
4566 -0.198537588786742 -0.1757892873848035 0
4567 -0.01225667814378612 -0.02056214658471906 0
4568 0.5062866920831069 0.09796595428916505 -0
4569 0.07618135915768452 0.08437209321238534 -0
4570 -0.03866073495227211 0.03095931265399123 0
4571 1.162791100232921 0.0270905069148999 -0
4572 1.162791100232914 -0.02709050691489722 0
4573 1.323426608893639 0.00876445528611537 -0
4574 1.323426608893638 -0.008764455286114655 0
4575 -0.14458675036136 0.1521885616056044 0
4576 0.05762311175554204 -0.1324459428728617 0
4577 0.8794055602885141 0.1429802171512405 -0
4578 0.8794052966709682 -0.1429802555281133 0
4579 0.9398114448575076 0.3497999286205699 -0
4580 0.9398108896627981 -0.3497998156966622 0
4581 1.143372995381499 0.3336559000059255 -0
4582 1.143372972115985 -0.3336558894860655 0
4583 0.6788073779685355 -0.08490910702314207 0
4584 0.6788075496109246 0.08490910039132434 -0
4585 -0.03773150834628099 -0.1474636393169411 0
4586 0.9440303743657283 0.1834394150339917 -0
4587 0.9440299006228237 -0.1834396036686025 0
4588 1.011430334551193 -0.03890765042240593 0
4589 1.011430309479231 0.03890668283551112 -0
4590 1.201328198818113 0.3083108784185336 -0
4591 1.201328195141757 -0.3083108841839998 0
4592 0.2601206602855947 0.0855841899200262 -0
4593 1.343816382240639 0.009000671608724024 -0
4594 1.343816382240639 -0.00900067160872382 0
4595 1.098193011497218 0.3487609383720523 -0
4596 1.098193509545216 -0.3487607771025287 0
4597 0.9853793933966001 0.04560271383128109 -0
4598 0.9853789448724258 -0.04560278441037038 0
4599 0.7108357396647287 -0.07438403413671275 0
4600 0.7108359200616312 0.07438402347121978 -0
4601 -0.2044643491054935 0.04507360630725591 0
4602 0.7336760086678881 -0.299603110640944 0
4603 0.7336761457511567 0.2996030529938398 -0
4604 0.762442899668043 0.1234880108271408 -0
4605 0.7624427025809487 -0.1234880126232214 0
4606 1.276525992200073 0.02899480430114996 -0
4607 1.276525992200073 -0.02899480430115126 0
4608 1.196492047454289 0.01141437492852389 -0
4609 1.196492047454285 -0.01141437492852218 0
4610 0.2231574275158565 -0.270008873926653 0
4611 1.156657444625525 0.156070277838954 -0
4612 1.156657444630598 -0.1560702778411924 0
4613 0.3826468386829575 -0.1170614185030402 0
4614 0.007633487015165336 -0.08080495156412197 0
4615 0.05022535328023081 -0.1109922909612105 0
4616 -0.001479075259079501 0.2457150647132653 0
4617 1.229792677372218 0.2327745540015204 -0
4618 1.229792677372181 -0.2327745540016735 0
4619 1.051843843011401 -0.1716859927703669 0
4620 1.051843756052096 0.1716858817210521 -0
4621 0.1619536494318765 -0.09997623679136272 0
4622 0.3341760577854311 0.1670886373119061 -0
4623 -0.1382588075855787 -0.07521052613477552 0
4624 0.08630431582465931 -0.1193062500743168 0
4625 -0.3509827378595277 -0.0423369056905291 0
4626 0.09620790473191167 -0.1496733238701496 0
4627 0.0005588924756021605 -0.03503011201036769 0
4628 -0.2467276431260453 0.2565532724235634 0
4629 0.05643030115665704 0.1411780621036841 -0
4630 1.190362900172049 0.05686791410806563 -0
4631 1.190362900172649 -0.05686791410865503 0
4632 0.5350621564130769 0.2139653139884375 -0
4633 1.204896404160664 0.051465918214635 -0
4634 1.204896404160784 -0.05146591821475506 0
4635 -0.1620890863767795 -0.1293725356542495 0
4636 0.1311361692232969 0.07451970276941293 -0
4637 1.117231263758087 0.1622332805860413 -0
4638 1.117231269584578 -0.1622332678172494 0
4639 0.4057628048672499 -0.2708688005482408 0
4640 0.8568523755210841 0.05694185419050504 -0
4641 0.8568521584351921 -0.05694187355712049 0
4642 0.2354783023503348 0.1403982942045766 -0
4643 0.1350336791875829 0.1915552543303409 -0
4644 -0.1504898294837915 -0.2437514295317406 0
4645 -0.02470430896015223 -0.01316862978923769 0
4646 0.8816069699394489 0.1060500868347588 -0
4647 0.8816067560817826 -0.106050119909988 0
4648 -0.1080291096142043 0.1833635301003021 0
4649 1.345895855188526 0.04832316174467684 -0
4650 1.345895855188528 -0.04832316174467503 0
4651 0.2213568539059517 -0.147587803097375 0
4652 1.161462433168519 0.06301820958416017 -0
4653 1.161462433168521 -0.06301820958416902 0
4654 0.1086742840039844 0.3037838399734843 -0
4655 0.2326133101464466 0.1013743563697426 -0
4656 -0.05113532393066616 -0.06015083571962707 0
4657 0.52378266211442 0.1672384031664029 -0
4658 0.9626766961652474 -0.09139319746402881 0
4659 0.9626769095343262 0.09139297771212311 -0
4660 0.3284783855830985 -0.08628824437433091 0
4661 0.5517860800823875 -0.1131671478988123 0
4662 -0.1813274983764154 0.006726632220501544 0
4663 1.017062887801301 0.137825824235932 -0
4664 1.017063049263415 -0.1378258273871147 0
4665 0.2088689930674985 0.205600333485111 -0
4666 -0.08829359139633125 0.01436620027662591 0
4667 0.2069315554350781 0.1617007944843776 -0
4668 -0.02160518391474794 -0.03722398134385267 0
4669 1.356702317859999 0.009400802398240392 -0
4670 1.35670231786 -0.009400802398240767 0
4671 -0.2213858723971376 -0.06520402328022368 0
4672 0.3307877355690701 -0.2976232778777163 0
4673 0.3589032526035906 -0.3391516859539314 0
4674 1.291853723637995 0.02530692116755629 -0
4675 1.291853723637994 -0.02530692116755582 0
4676 0.1584590605086469 -0.1951897081561197 0
4677 1.18658737458932 0.2423330510133039 -0
4678 1.186587374327941 -0.2423330516168905 0
4679 1.108268192169363 0.007745361142141602 -0
4680 1.108268192169362 -0.00774536114214254 0
4681 0.02978947622925213 0.06399813738880361 -0
4682 1.150846893607113 0.08564854170674879 -0
4683 1.150846893765017 -0.08564854129339509 0
4684 0.01762351614701747 -0.2731416287606312 0
4685 1.205077550772697 0.08398367068325775 -0
4686 1.205077550772701 -0.08398367068335288 0
4687 1.011202707647223 0.004507720608588606 -0
4688 1.011202706340201 -0.004507718245912381 0
4689 -0.08184696566701589 -0.2068482064801883 0
4690 0.36379908647909 0.1631864216022853 -0
4691 1.069550349479814 0.03852977691205523 -0
4692 1.06955034901312 -0.03852977296810731 0
4693 1.00363092699807 -0.001472520205439972 0
4694 0.001469441153566976 -0.1835244684669254 0
4695 1.05449672862941 0.2164917431017312 -0
4696 1.054497335040503 -0.216491662541945 0
4697 0.05864786396096344 0.3543592295205598 -0
4698 1.07791788513897 0.01936393129024455 -0
4699 1.077917885138971 -0.01936393129024436 0
4700 -0.08854807040398516 0.03247088546442502 0
4701 0.7594728252880711 0.09644734747265496 -0
4702 0.7594726296733938 -0.09644735605394714 0
4703 1.266738142565436 0.1433036456877885 -0
4704 1.26673814256544 -0.1433036456877999 0
4705 0.366106474800551 -0.2629271902425281 0
4706 0.02415382282860254 0.09587666021376193 -0
4707 0.2231916110172732 -0.09954857301864795 0
4708 0.08254412128629632 0.1189423541695348 -0
4709 -0.04072448779179558 -0.01727474501048645 0
4710 1.037491317129646 -0.1109158513023855 0
4711 1.037490935479934 0.1109159465342926 -0
4712 -0.01613825840046926 -0.01060797695417549 0
4713 0.09089589837667111 -0.1879116568314194 0
4714 1.230322040674923 0.02825503002705057 -0
4715 1.230322040674925 -0.0282550300270507 0
4716 0.9825937943384363 0.02235495727395324 -0
4717 0.9825936195639784 -0.02235499481605218 0
4718 0.1791483249271296 0.2015240051398576 -0
4719 0.7960872250932031 0.1487163504430451 -0
4720 0.7960870027765795 -0.1487163498700984 0
4721 0.6876605793193173 -0.356751588388928 0
4722 0.6877332990766611 0.3567318506105921 -0
4723 0.4024544601609619 0.151288598084524 -0
4724 0.6129102533929401 -0.06811667091243481 0
4725 0.612882764944309 0.06814833860036217 -0
4726 -0.07725564671590886 -0.1617433283075964 0
4727 0.4011793419802772 -0.1134129079765825 0
4728 0.05341164021175823 0.1907153359958825 -0
4729 0.463761135131823 0.2637061704043016 -0
4730 0.01687524966118675 -0.1244813129103123 0
4731 0.8256052817126405 -0.05729788839865438 0
4732 0.8256054883095367 0.05729786163648795 -0
4733 0.7957368697094191 0.04735929483365278 -0
4734 0.7957366671547623 -0.04735931473912523 0
4735 1.24593293685113 0.06296585841118695 -0
4736 1.245932936851132 -0.06296585841118661 0
4737 -0.09745356879149172 -0.0917381926636493 0
4738 0.8145992454903594 0.1505321480408252 -0
4739 0.8145990043488993 -0.1505321518903975 0
4740 0.8463920223787215 -0.3440431257777188 0
4741 0.8463922884114805 0.344043066360553 -0
4742 0.8148066501961555 0.1897134515029726 -0
4743 0.8148063630559493 -0.1897134097034623 0
4744 -0.09169799508001415 -0.05972123723199003 0
4745 0.01601396308695152 -0.1081868020443646 0
4746 0.5622101487026447 0.0727249225628095 -0
4747 0.1437874680842701 0.1441791217532536 -0
4748 0.1990826638740798 0.08058760496141977 -0
4749 -0.02997806698496128 0.01046452637063893 0
4750 0.4892639444911927 0.07914463065916712 -0
4751 0.5769577989515678 0.0980159839733194 -0
4752 0.7911878668933932 0.07066992908674087 -0
4753 0.7911876667583952 -0.07066994973035237 0
4754 0.5621240292504737 0.206206448686334 -0
4755 0.9402021083593053 -0.0290240413605027 0
4756 0.9402023262982691 0.02902400932576269 -0
4757 -0.3524467201251492 0.04274758727361905 0
4758 0.4026431886542884 -0.2001454038736014 0
4759 0.995908785179525 0.04752575190085277 -0
4760 0.9959076072814865 -0.04752609496401158 0
4761 0.9436313411752304 0.0565165113846311 -0
4762 0.943631106720345 -0.05651657085301674 0
4763 -0.05171224169295068 0.002979369151601418 0
4764 1.293219368618793 0.05485188751470475 -0
4765 1.293219368618792 -0.05485188751470467 0
4766 1.330246117064221 0.04454969838741704 -0
4767 1.330246117064222 -0.04454969838741677 0
4768 0.9914036140894874 0.08376193572448981 -0
4769 0.9914033109550159 -0.08376245264425974 0
4770 0.8076682506437994 -0.0614272437146897 0
4771 0.8076684478209808 0.06142721778835453 -0
4772 1.333550209658355 0.006989281159426559 -0
4773 1.333550209658355 -0.006989281159426076 0
4774 -0.2362151960296179 -0.002584823137806552 0
4775 -0.003805816767187875 -0.08087315144663187 0
4776 1.221876174279943 0.1418147010114347 -0
4777 1.221876174279944 -0.1418147010114425 0
4778 0.9792320346421906 -0.05109211698143488 0
4779 0.9792326686364524 0.05109183218438145 -0
4780 0.03184465612755555 -0.1896357531882857 0
4781 0.5593036365572079 -0.2063315864162043 0
4782 0.3035312694719272 -0.1394903656074309 0
4783 1.051550374442618 0.006434521557054558 -0
4784 1.051550374442617 -0.006434521557053681 0
4785 0.1500761237552566 -0.09262014926593487 0
4786 -0.09983827699091452 0.06338909486247508 0
4787 1.235945055606595 0.07908068598740148 -0
4788 1.235945055606597 -0.07908068598740245 0
4789 0.1038113294512111 -0.1167557607278766 0
4790 1.212372126064054 0.02767314972670882 -0
4791 1.212372126064058 -0.02767314972670887 0
4792 0.2356104973112634 -0.2123188905900801 0
4793 0.9190301483274573 0.04607101344342553 -0
4794 0.9190299251028381 -0.0460710523003013 0
4795 0.5576790056162587 0.270904142281873 -0
4796 1.311437402850306 0.1359150602999182 -0
4797 1.311437402850296 -0.1359150602998265 0
4798 1.297195695066662 0.1107033830667384 -0
4799 1.297195695066651 -0.1107033830667163 0
4800 0.587119911961669 0.128181796590051 -0
4801 1.164559729618488 0.007294671877174782 -0
4802 1.164559729618488 -0.007294671877175291 0
4803 -0.01312708658205351 -0.05660500908332046 0
4804 0.876594626190872 -0.20024457134916 0
4805 0.8765949802220866 0.2002445168380078 -0
4806 0.5761166144774661 -0.09448583123086371 0
4807 1.114086474766816 0.1371366633763236 -0
4808 1.114086490676486 -0.1371366329479692 0
4809 0.6568592845896549 -0.2023264335495895 0
4810 0.6568594585329953 0.2023264463932913 -0
4811 0.6988922166912364 0.1490714875866732 -0
4812 0.6988920238258975 -0.1490715115747004 0
4813 0.02739746664106823 0.04973227975010749 -0
4814 0.8464942227909913 0.04176371784047894 -0
4815 0.8464940093261343 -0.04176374233933558 0
4816 0.1873211368392139 -0.07969592613742496 0
4817 -0.01368462732607025 0.06021876598000039 0
4818 -0.1312418793152159 -0.09912131124764587 0
4819 0.903839539663988 0.08074731957855083 -0
4820 0.9038393144907924 -0.08074735893104745 0
4821 -0.06579625705856469 0.07468491853890875 0
4822 0.4789484364139616 0.1102055232678421 -0
4823 0.355382208256307 -0.1823404003149355 0
4824 1.004482886966164 0.02046890657892977 -0
4825 1.004482858465009 -0.02046891915116155 0
4826 0.02133213434338298 -0.2352656042270942 0
4827 0.5182689325909499 0.07677220329719889 -0
4828 1.219664999834125 0.07304335356640622 -0
4829 1.219664999834126 -0.07304335356642334 0
4830 0.3971900567286457 -0.1739541147899691 0
4831 0.5425870546413399 0.1085241450072542 -0
4832 0.5992363592604709 -0.3600630472731709 0
4833 0.6165219084080655 -0.2470141933071865 0
4834 0.6166620813534077 0.2469344022546782 -0
4835 1.090076571057197 0.2169597614418133 -0
4836 1.09007663579951 -0.2169597318828761 0
4837 0.8005112884234368 0.09366425183462604 -0
4838 0.8005110801734752 -0.09366426987507818 0
4839 1.05219333853882 0.06822194782581689 -0
4840 1.052193331605496 -0.0682217505960287 0
4841 -0.03456062872682682 0.2763786224054789 0
4842 0.6831138932085237 0.1593636555991549 -0
4843 0.6831137007595052 -0.1593636817894603 0
4844 -0.06785861156837397 -0.02577423618600441 0
4845 0.6002486109365927 0.3592885147643745 -0
4846 1.096313751348972 -0.268637815031002 0
4847 1.096313815003288 0.26863789163691 -0
4848 0.197043879548688 0.1222101871383809 -0
4849 0.2890807828245557 -0.3144230213950929 0
4850 0.9505239815547912 -0.1409954603186936 0
4851 0.9505242352613019 0.140994972211518 -0
4852 0.9144659898255091 0.129110589949399 -0
4853 0.9144657665829984 -0.1291105767684962 0
4854 0.5865148383348668 -0.1282863824455522 0
4855 0.04939566696088034 0.07013023407920549 -0
4856 0.6150119630363861 -0.1983454398628479 0
4857 0.6151728981494727 0.1983298605144511 -0
4858 0.06254443287506704 0.09896842100060604 -0
4859 -0.03604124586724783 0.005605169255721034 0
4860 0.2593298063870429 -0.2100387705122234 0
4861 -0.06007307556183451 -0.01688527782430539 0
4862 0.3382713635497357 0.2067415330983344 -0
4863 0.06486274428202306 -0.1021198674406519 0
4864 1.038547811331168 0.05185203935581709 -0
4865 1.038547815888489 -0.05185215442532873 0
4866 0.01435814666549605 0.07287091942947138 -0
4867 1.036809320208616 0.13253380282302 -0
4868 1.036809446418213 -0.1325336730279108 0
4869 1.150745463421632 0.0322168201902729 -0
4870 1.150745463421637 -0.03221682019026526 0
4871 0.3629752538154301 0.1095522985097457 -0
4872 -0.02933263340140716 0.01708431189635417 0
4873 -0.2987826365945433 0.1955359615743964 0
4874 0.4960035531012384 0.2876823426001906 -0
4875 0.05394553968400111 0.08997969017798675 -0
4876 1.368036369951017 0.009046670955658561 -0
4877 1.36803636995102 -0.009046670955656871 0
4878 0.01988446248716332 0.1222262046677052 -0
4879 -0.1075087579911641 0.2607983758312952 0
4880 0.3247460814682047 0.1086655106758197 -0
4881 0.1759207073633756 0.1426353797623169 -0
4882 0.8630927618333626 0.105475970345955 -0
4883 0.86309254056434 -0.1054760193811254 0
4884 0.6903318422866438 0.07939745557462594 -0
4885 0.6903316675602863 -0.07939746411691587 0
4886 -0.02203874686613426 -0.005420428481599264 0
4887 0.4881293317901236 0.1456684121816012 -0
4888 -0.2209747148523468 -0.2826323656920668 0
4889 1.263697153519122 0.06272037519746682 -0
4890 1.275331880650424 0.07874653920314797 -0
4891 1.263697153519121 -0.06272037519746673 0
4892 1.275331880650421 -0.07874653920314817 0
4893 0.7359056834760397 0.1068100688889649 -0
4894 0.7359054971172747 -0.1068100747209978 0
4895 1.183452353215848 0.1502409295863919 -0
4896 1.183452353216111 -0.1502409295865031 0
4897 1.040189018848616 0.262643295640563 -0
4898 1.040189246691531 -0.2626433341700387 0
4899 0.2796433689664005 0.09791958379552376 -0
4900 0.3929743354444855 0.3613127324835659 -0
4901 0.03239880213963599 0.1412065284026489 -0
4902 -0.06029698084954621 0.1591975959326123 0
4903 0.03625176264247961 -0.1547277354816409 0
4904 1.292898854551306 0.1556122195287189 -0
4905 1.29289885455133 -0.155612219528732 0
4906 0.2364454020154216 0.2648553827438191 -0
4907 1.055197372019111 0.1458185697515784 -0
4908 1.055197516773252 -0.1458185095962309 0
4909 1.218928831389565 0.05451917732985051 -0
4910 1.218928831389573 -0.05451917732986056 0
4911 0.1851279154400532 -0.2565572331338283 0
4912 -0.2701442322902669 -0.02362589696031594 0
4913 1.004044298508918 0.00233169080642013 -0
4914 0.9566504891651191 0.0571529890251547 -0
4915 0.9566501656479622 -0.05715307605549798 0
4916 0.9812251710398299 -0.2881480981642701 0
4917 0.981225328122536 0.2881478741419312 -0
4918 -0.04003091385462407 0.04030585972652857 0
4919 -0.1675438051604957 0.1123585007201736 0
4920 1.262943846428477 0.03623890532959195 -0
4921 1.262943846428475 -0.03623890532959437 0
4922 0.3863084608229373 0.1287473729195695 -0
4923 1.173762634508744 0.09716987557574569 -0
4924 1.173762634509751 -0.09716987560461138 0
4925 1.037555477579274 0.0343923052978149 -0
4926 1.037555431085507 -0.03439237595625977 0
4927 1.127851143144947 0.06685375762353861 -0
4928 1.127851142940429 -0.06685375768898619 0
4929 -0.03066184928788374 -0.0543957898320806 0
4930 -0.007694515977807285 -0.1028131489111238 0
4931 0.0484882891668021 -0.07151445987024956 0
4932 0.3671693816473085 0.2043980127069908 -0
4933 -0.004352354259308993 -0.131669079945041 0
4934 -0.03674065576905548 -0.03283973361733568 0
4935 1.252295865988919 0.02283646135787044 -0
4936 1.252295865988918 -0.02283646135786941 0
4937 1.369394360666586 0.08317669653072232 -0
4938 1.369394360666606 -0.08317669653055626 0
4939 0.7912091800042349 0.1172141030833727 -0
4940 0.7912089690651212 -0.1172141103091789 0
4941 0.3113078754913792 0.3605680252920586 -0
4942 -0.2678120953980884 -0.1365344745652345 0
4943 -0.04378307165635333 0.009700390035658438 0
4944 -0.05392719781671854 -0.2879314445437497 0
4945 0.6162521482191206 -0.1141238726546395 0
4946 0.616252300954206 0.1141238773872631 -0
4947 0.4508810995429311 0.1230719818012696 -0
4948 -0.02482738718395083 -0.06916163125455162 0
4949 1.105233617342401 0.0747862642139976 -0
4950 1.105233615889572 -0.07478624707533819 0
4951 1.086238125778719 0.03050086782670543 -0
4952 1.086238125778722 -0.03050086782669312 0
4953 -0.2598770559956818 -0.06209082270495109 0
4954 1.254016551142839 0.006280354269413199 -0
4955 1.254016551142839 -0.006280354269413511 0
4956 0.03338323831280336 0.2918384434992694 -0
4957 1.221646072882779 0.01030218023302507 -0
4958 1.221646072882788 -0.01030218023302578 0
4959 0.8859262128846217 0.3073933467494508 -0
4960 0.8859257433715851 -0.3073934604746481 0
4961 0.9941990396646845 0.06254259697710506 -0
4962 0.9941977057503144 -0.06254281221571698 0
4963 0.9999729471701301 0.01871585042789952 -0
4964 0.9999728000700721 -0.01871576484422328 0
4965 -0.08204054205682265 -0.1282114178845422 0
4966 -0.04741190392030006 0.08081354653294159 0
4967 0.3070283923129852 0.1051844864365515 -0
4968 0.5078008874006528 -0.09815257495065888 0
4969 0.4521584088564778 -0.3571395320984923 0
4970 -0.1194808958305273 0.01201857765367419 0
4971 -0.161267927038048 -0.06896325329218222 0
4972 -0.0753078191850261 -0.07052926901476801 0
4973 -0.08874370446956767 0.155726541665885 0
4974 -0.2588254371463082 -0.2569385883284857 0
4975 0.4620119194525081 -0.1016751866924589 0
4976 0.1616549899897055 -0.1329706968303515 0
4977 0.7444005203855985 -0.1468520385030189 0
4978 0.7444007055751243 0.1468520275244557 -0
4979 0.7471479616625483 0.2021950177708075 -0
4980 0.7471477471678083 -0.2021950159318377 0
4981 1.079206218786526 0.0845044047987253 -0
4982 1.07920627829752 -0.08450426741269827 0
4983 0.2155251122078231 0.1457881591267738 -0
4984 0.30445216359702 -0.1093580717177841 0
4985 1.280805689427754 0.2493690255244942 -0
4986 1.280805689424627 -0.2493690255320394 0
4987 0.6676510969826872 -0.1189587589924182 0
4988 0.6676513382430351 0.1189585702001559 -0
4989 0.2438629270426609 0.2037832618593816 -0
4990 0.3330908678475372 -0.1066087445529716 0
4991 0.3213124167293533 -0.112789963034175 0
4992 0.3292915423664149 -0.1170864070067918 0
4993 0.6063587653599649 0.1293052035143528 -0
4994 0.5986297374452419 0.1325792613015987 -0
4995 0.594848939876392 0.1249077388028051 -0
4996 0.04059669019367936 0.0949955465637041 -0
4997 0.03446812924268113 0.0990639652864939 -0
4998 0.03028238377960077 0.09180824149097214 -0
4999 0.594530442236334 -0.125002628821517 0
5000 0.5983160043468697 -0.1326613684999647 0
5001 0.6063316082483368 -0.1293776148759296 0
5002 0.808843370049847 0.1793772501457836 -0
5003 0.7977759109080536 0.1913221256240917 -0
5004 0.791812630761745 0.1809859242669027 -0
5005 0.7918123900978719 -0.1809858938742455 0
5006 0.7977756458706343 -0.1913220829545141 0
5007 0.8088431072831869 -0.1793772206231937 0
5008 0.342833196190893 -0.1205637736914084 0
5009 0.3310547450727092 -0.1267449921726118 0
5010 -0.04280540839133315 -0.0629605060859435 0
5011 -0.04876443341589326 -0.07236762928723586 0
5012 -0.04043451787656025 -0.07517729965355228 0
5013 0.136282091543466 -0.09050788806126037 0
5014 0.1407693843891312 -0.0944305668431864 0
5015 0.1455888309095915 -0.08869747048400883 0
5016 0.1497793772490797 -0.2920847001941096 0
5017 0.1340904846451713 -0.2769174105488107 0
5018 0.1329101676790667 -0.3045071430587232 0
5019 0.5411693856773023 -0.2884393692923272 0
5020 0.5583723673971043 -0.3065868785440158 0
5021 0.5727643604003496 -0.2916432528804654 0
5022 0.1665694376687971 -0.2779326047688048 0
5023 0.1653891207026925 -0.3055223372787174 0
5024 0.5312065401131827 -0.1964866159900539 0
5025 0.5419259417903404 -0.2095111321198627 0
5026 0.5485842348800503 -0.1933070702863955 0
5027 0.6647394924835659 -0.07194447183110986 0
5028 0.6706413142136638 -0.07034893858051408 0
5029 0.6689243504734835 -0.06390162752643193 0
5030 0.6689245188696977 0.06390161557115641 -0
5031 0.6706414830626022 0.07034892786372889 -0
5032 0.6647396601486276 0.07194446216578601 -0
5033 -0.05585037771171207 -0.06620745131732939 0
5034 -0.05347948719693917 -0.07842424488493817 0
5035 -0.06139914051838398 0.0844646433198038 0
5036 -0.06810486923098219 0.09704987150421493 0
5037 -0.0725019857711629 0.08727014672331988 0
5038 0.1131429915540769 -0.09068793476296572 0
5039 0.1194110196680681 -0.09617984339000148 0
5040 0.1251946169090146 -0.09074907579340218 0
5041 1.170603554913827 0.02252740257606117 -0
5042 1.170170889154224 0.01340088007329782 -0
5043 1.175821215657347 0.01912027611460976 -0
5044 1.175821215657346 -0.0191202761146107 0
5045 1.170170889154223 -0.01340088007329885 0
5046 1.170603554913825 -0.02252740257606168 0
5047 1.005404145355515 -0.02583558898472771 0
5048 1.00190258485072 -0.02924197586840862 0
5049 1.005966352616462 -0.03028459164345886 0
5050 1.005966349842742 0.03028427395936985 -0
5051 1.001902574279694 0.02924162661889028 -0
5052 1.005404124138901 0.0258355056503849 -0
5053 0.1328351584388301 0.1125423128318124 -0
5054 0.1262231423993569 0.1215200468887214 -0
5055 0.1213527256332587 0.1099025153602103 -0
5056 0.8447631353340521 0.0892569158485961 -0
5057 0.8505662124799649 0.09539821236949944 -0
5058 0.8403865324222516 0.09772538280519741 -0
5059 0.8403863105230719 -0.09772542957143712 0
5060 0.8505659923904769 -0.09539826422683387 0
5061 0.8447629228049142 -0.0892569660097548 0
5062 0.5305463898980849 0.1570161377433227 -0
5063 0.5150849656752144 0.1503854467344087 -0
5064 0.5218486934588793 0.1401631813113285 -0
5065 0.03675822773665997 0.105095191802824 -0
5066 0.02644392132258138 0.101907886730092 -0
5067 1.000656250517098 -0.1748994824094987 0
5068 1.017869485287191 -0.1750127055038472 0
5069 1.012710766931726 -0.1589178967693851 0
5070 1.012710644501586 0.1589176987459334 -0
5071 1.01786932786557 0.1750124115721886 -0
5072 1.000656079495362 0.1748990412820251 -0
5073 1.11532929851907 0.03239971282359345 -0
5074 1.113763756582131 0.03896766259888741 -0
5075 1.106481928856613 0.03714237188264892 -0
5076 1.106481928769187 -0.03714237152955895 0
5077 1.113763756494706 -0.03896766224579482 0
5078 1.115329298519071 -0.03239971282359171 0
5079 0.09232882050286918 0.077251255722146 -0
5080 0.09685413240487156 0.0836261936867054 -0
5081 0.09046223340995423 0.08638725185633567 -0
5082 1.063971585897077 -0.1021738478888868 0
5083 1.054129429490953 -0.1106936507825016 0
5084 1.065125103141759 -0.1124274448729404 0
5085 1.065124808608988 0.1124277008185798 -0
5086 1.054128921126262 0.1106940018515528 -0
5087 1.06397121308819 0.1021742090053164 -0
5088 1.129794814280836 0.04549369238604009 -0
5089 1.121682957229651 0.04208832401601579 -0
5090 1.130722983295773 0.03763037190985625 -0
5091 1.130722983295773 -0.03763037190985345 0
5092 1.121682957203745 -0.04208832384178329 0
5093 1.12979481425493 -0.04549369221180917 0
5094 0.3223700993839087 0.1253702938194083 -0
5095 0.3234320662877592 0.1394069734834468 -0
5096 0.3117996267243083 0.1379553907209036 -0
5097 1.024058593709953 0.004645735509076095 -0
5098 1.021376136976961 0.007910810930812697 -0
5099 1.019763207713595 0.003265075421736601 -0
5100 1.0197632072468 -0.003265074577922438 0
5101 1.021376136510169 -0.007910810086996583 0
5102 1.024058593709955 -0.004645735509074145 0
5103 -0.06201970326702779 0.000251565368938951 0
5104 -0.06838305161956028 -0.002588759188825061 0
5105 -0.06293947537404779 -0.009281149647342495 0
5106 0.5977205849333032 0.1435781151485241 -0
5107 0.5862107594497302 0.1391806504369764 -0
5108 0.05070592956051122 0.08502562004752193 -0
5109 0.0531479975180263 0.07580863279735477 -0
5110 0.05638760764151619 0.08076270292781959 -0
5111 1.112265654027522 0.1255417575880419 -0
5112 1.099032566261656 0.1335788151544082 -0
5113 1.097211745522362 0.1219839093661265 -0
5114 1.097211786797047 -0.1219838613028796 0
5115 1.099032617946496 -0.1335787512755786 0
5116 1.112265659527038 -0.1255417429752703 0
5117 0.2489932859198065 -0.1293961429577281 0
5118 0.2493196175217839 -0.1430751372166387 0
5119 0.2614112232645549 -0.1408575133062878 0
5120 0.0623446126695998 0.07887118617081618 -0
5121 0.06599581734506275 0.07303239368303774 -0
5122 0.06951075441563129 0.08035786417620149 -0
5123 0.9326619049892637 0.08200073166547317 -0
5124 0.9232271031677861 0.08436086223715897 -0
5125 0.9259776359313164 0.07365302288708588 -0
5126 0.9259774107061789 -0.07365308349983077 0
5127 0.9232268674830522 -0.08436091749559049 0
5128 0.9326616648022994 -0.08200080005871907 0
5129 0.1310715184434009 -0.08707085570262996 0
5130 0.1248034903294097 -0.0815789470755942 0
5131 0.01147606443056226 0.1509458923846169 -0
5132 0.02112393630479431 0.1395262484655361 -0
5133 0.02275093026540395 0.1526261723217296 -0
5134 0.4881715891197172 -0.2008271902276101 0
5135 0.4784389088283585 -0.1816632129952858 0
5136 0.4692736280046488 -0.2030767737147944 0
5137 0.6507784218127959 0.1709745036687192 -0
5138 0.6375739520019637 0.1672970582191963 -0
5139 0.6489735571370823 0.1540797447946186 -0
5140 0.6489341557262955 -0.1541126477035692 0
5141 0.6375345542302751 -0.1673299563277185 0
5142 0.6507782555757893 -0.1709744825557102 0
5143 0.585130303290562 -0.1403491019575334 0
5144 0.5969314693025649 -0.144724088011946 0
5145 0.1704897225163868 0.2837315386828774 -0
5146 0.1890998190185393 0.3040560635073425 -0
5147 0.1661186344091556 0.3159966372158626 -0
5148 1.028026205666818 0.004645735509076095 -0
5149 1.02802620566682 -0.004645735509074145 0
5150 0.6727697597407103 -0.0757417615869814 0
5151 0.6769546177306278 -0.06769891728230346 0
5152 0.6769547881886189 0.06769890560631746 -0
5153 0.6727699294675487 0.07574175220094705 -0
5154 1.055240231754443 -0.133382878681393 0
5155 1.069588130994878 -0.1379196895997094 0
5156 1.06963084597607 -0.1254840586848715 0
5157 1.069630587201778 0.1254842302986545 -0
5158 1.069588014887804 0.1379197683420355 -0
5159 1.055239944333086 0.1333830317081973 -0
5160 1.181143221416149 0.02221521068027037 -0
5161 1.180710555656546 0.01308868817750703 -0
5162 1.180710555656544 -0.0130886881775075 0
5163 1.181143221416147 -0.02221521068027033 0
5164 0.8133202611855453 -0.04530323715502139 0
5165 0.8182526738707587 -0.04474169911904419 0
5166 0.8182528810718194 0.0447416729079325 -0
5167 0.8133204658397646 0.04530321123385875 -0
5168 0.9036320345254246 0.03529347869244784 -0
5169 0.9048139930012851 0.03990586657318231 -0
5170 0.9006270015989014 0.04124036968979514 -0
5171 0.9006267800854739 -0.04124039711927245 0
5172 0.9048137713304261 -0.03990589422505626 0
5173 0.9036318130721763 -0.03529350676811124 0
5174 1.262526430899623 0.01633510082905263 -0
5175 1.267755834971586 0.01081999686284435 -0
5176 1.267577954272192 0.01834638109942857 -0
5177 1.267577954272192 -0.01834638109942988 0
5178 1.267755834971586 -0.01081999686284684 0
5179 1.262526430899623 -0.01633510082905493 0
5180 0.20635190790934 0.3178942058595374 -0
5181 0.2107229960165712 0.2856291073265523 -0
5182 1.024875312535208 0.05061421760341665 -0
5183 1.020872019861261 0.05402534671027871 -0
5184 1.017818838939467 0.04773819938835513 -0
5185 -0.07683097580423784 0.07568847322898348 0
5186 -0.08353670451683606 0.08827370141339461 0
5187 -0.07738564126673514 -0.007452360176014319 0
5188 -0.07646586915971515 0.002080354840267125 0
5189 1.017818719237896 -0.04773913095032715 0
5190 1.020871892089547 -0.05402618548637668 0
5191 1.024875246739778 -0.05061487240543365 0
5192 0.09113465044150645 0.1743788157736916 -0
5193 0.09226213154470372 0.1946341256303244 -0
5194 0.07508789980984545 0.1890476989111078 -0
5195 -0.04075296329719466 -0.3616693935360231 0
5196 -0.04474107771740142 -0.3265252164566625 0
5197 -0.07344738548679339 -0.3587789241255553 0
5198 0.3541096960628406 -0.120379771595906 0
5199 0.3590915938074825 -0.1319381643731156 0
5200 0.3686048909731359 -0.1220955771117933 0
5201 0.1358909649638612 -0.08133775934345239 0
5202 0.4758237978789251 -0.09052731474731243 0
5203 0.4831894068268682 -0.08870934476538192 0
5204 0.4817090048514837 -0.08085294857455938 0
5205 0.194397199651975 -0.3144676270665357 0
5206 0.2148863228486983 -0.3037869431031558 0
5207 0.2026683043191332 -0.2806895578900328 0
5208 1.195810391766357 0.005707187464261946 -0
5209 1.189443539312214 0.005707187464261946 -0
5210 1.189443539312212 -0.00570718746426109 0
5211 1.195810391766355 -0.00570718746426109 0
5212 0.9991657258313897 -0.03140614823995658 0
5213 0.9986035185704423 -0.02695714558122543 0
5214 0.9986034287301258 0.02695701991566783 -0
5215 0.9991656544339662 0.03140578822465279 -0
5216 -0.01366955680635566 0.01652037119941398 0
5217 -0.01474146048581407 0.01433520238559229 0
5218 1.206607602682698 0.02485179940827819 -0
5219 1.203100644021438 0.03452477307495181 -0
5220 1.197336120640083 0.03170342275652118 -0
5221 1.197336120640082 -0.03170342275652391 0
5222 1.20310064402144 -0.0345247730749543 0
5223 1.206607602682701 -0.02485179940827848 0
5224 1.167341888413448 0.04304345249554141 -0
5225 1.16314737348715 0.04874620101391853 -0
5226 1.157116776991562 0.04347482831997 -0
5227 1.157116777004141 -0.04347482833228369 0
5228 1.163147373501525 -0.04874620102799473 0
5229 1.167341888415244 -0.04304345249730039 0
5230 -0.0212882464190892 0.00986432798878813 0
5231 -0.01828221422762569 0.008964337921801116 0
5232 -0.0202235760848886 0.01209369911327914 0
5233 0.2295664922024961 -0.3223847903243225 0
5234 0.2378375968696543 -0.2886067211478196 0
5235 0.8254741782285453 0.3052819302510489 -0
5236 0.804990179725362 0.2916455584775449 -0
5237 0.8292717001792409 0.2783082283705484 -0
5238 0.8292713223136294 -0.2783082934940291 0
5239 0.8049898905363077 -0.2916455646562309 0
5240 0.8254738135226958 -0.3052820188073874 0
5241 0.8375860436262926 0.08266139575378686 -0
5242 0.8477657236840059 0.0803342253180889 -0
5243 0.8477655096882115 -0.08033426897704161 0
5244 0.8375858278208065 -0.08266143432164487 0
5245 0.8872196395135886 0.04517518284004662 -0
5246 0.8926864346983368 0.04804394204849703 -0
5247 0.8888772774682928 0.05304339732996841 -0
5248 0.8888770578769052 -0.05304342287354064 0
5249 0.8926862134600283 -0.04804396789112132 0
5250 0.8872194194204738 -0.04517520971449564 0
5251 0.1012877776650468 0.0899828838450492 -0
5252 0.1031543647579618 0.08084688771085954 -0
5253 0.1441891348037975 -0.2144128222576363 0
5254 0.1207718056506859 -0.2241504228439178 0
5255 0.1396671589177393 -0.2345463436168465 0
5256 0.2825350019014509 0.1220829912852816 -0
5257 0.2753888505456639 0.1331858893872455 -0
5258 0.2681589406352347 0.1227208933503896 -0
5259 0.8980765163639014 0.05088245705447421 -0
5260 0.8964188784091972 0.04301424256455243 -0
5261 0.8964186566736603 -0.0430142696541469 0
5262 0.8980762951300917 -0.0508824828131919 0
5263 0.4378233215487142 -0.09699567491926409 0
5264 0.4262211344673615 -0.1030618875663897 0
5265 0.4356686870412331 -0.1099829669849441 0
5266 0.2558238709865343 0.1502768200725805 -0
5267 0.2430566275219779 0.1535640714486921 -0
5268 0.2482455458148912 0.137111042828465 -0
5269 0.2824997032572484 -0.2061717588964928 0
5270 0.2974930932843456 -0.202050049577384 0
5271 0.2901133623290995 -0.1852386795331956 0
5272 -0.2113621199562518 0.1181568267562256 0
5273 -0.1848164855173957 0.1250733051149031 0
5274 -0.2017891847825705 0.1368412719312836 0
5275 0.7900814339044475 0.2735549343349671 -0
5276 0.7862839119537519 0.3005286362154677 -0
5277 0.7862836783219413 -0.3005285295633604 0
5278 0.790081187112875 -0.2735548042500022 0
5279 0.05403627276568174 0.1177001009598083 -0
5280 0.06093466727173916 0.1281951749509125 -0
5281 0.04953190665059962 0.1306829881125798 -0
5282 0.0858796608778343 -0.2043501077912156 0
5283 0.07289564402718501 -0.1834611209437924 0
5284 0.0678794065283482 -0.1998995719035885 0
5285 0.296690153754418 0.19170584343112 -0
5286 0.2860391183522182 0.1833970603141522 -0
5287 0.3055140260977742 0.1815157573301976 -0
5288 -0.2241783263076483 0.1053826378859565 0
5289 -0.2072056270424736 0.09361467106957594 0
5290 0.2348644398523916 0.1096484734832208 -0
5291 0.2406100772652255 0.09947208076077754 -0
5292 0.2428612069711705 0.1077461978742558 -0
5293 0.2421215171941585 -0.1739088579135571 0
5294 0.254470101039629 -0.1708695073610833 0
5295 0.2493889710210619 -0.1575758581176721 0
5296 0.1406055005889586 -0.1012450827002617 0
5297 0.1332831358572027 -0.1076480525339835 0
5298 0.1424259914231555 -0.1126521508138073 0
5299 0.3013132527200195 0.1422700288535398 -0
5300 0.3002512858161689 0.1282333491895012 -0
5301 -0.0660399366875465 -0.1910326164508986 0
5302 -0.06374427721199298 -0.1684801773646026 0
5303 -0.07955130619146238 -0.1842957673938923 0
5304 0.03768611657203766 0.05167529243516886 -0
5305 0.03371189383261389 0.05032020114999593 -0
5306 0.3673263686060343 -0.1849186462009204 0
5307 0.3598641591415735 -0.1996537459913221 0
5308 0.3718083194913009 -0.202231991877307 0
5309 0.4565999563470804 0.2007444147980351 -0
5310 0.4428761329438157 0.2121691205411477 -0
5311 0.435021130510811 0.1930951526297275 -0
5312 0.1257320114381361 -0.121679927711445 0
5313 0.1191869208210723 -0.1340009354042287 0
5314 0.1285585360743358 -0.1313761283403128 0
5315 1.28836885837285 0.07438434338676314 -0
5316 1.277882688113019 0.07007537596529796 -0
5317 1.290919665835445 0.06571318014891313 -0
5318 1.290919665835442 -0.06571318014891214 0
5319 1.277882688113016 -0.07007537596529741 0
5320 1.288368858372847 -0.07438434338676291 0
5321 1.100563704754775 0.005355827835472549 -0
5322 1.095537652608021 0.005355827835472549 -0
5323 1.095537652608021 -0.005355827835473131 0
5324 1.100563704754774 -0.005355827835473131 0
5325 0.08761248370921457 0.07473658621859788 -0
5326 0.08298913110058792 0.07350568820745448 -0
5327 0.08466469330185064 0.0682299605342761 -0
5328 0.1093816896539108 0.1384315240478718 -0
5329 0.1062166928801101 0.125039836551388 -0
5330 0.1179057063675861 0.1322719369136032 -0
5331 0.1747361805196392 -0.3687825061398294 0
5332 0.1776071392322576 -0.3286197224918405 0
5333 0.1457281015703567 -0.359837216352011 0
5334 1.255401594179754 0.1366073171223206 -0
5335 1.252219049703733 0.1534064263506029 -0
5336 1.240882501318052 0.1467100977851349 -0
5337 1.240882501318053 -0.1467100977851551 0
5338 1.252219049703735 -0.1534064263506241 0
5339 1.255401594179758 -0.1366073171223308 0
5340 0.8900238132775181 0.2476496372599112 -0
5341 0.8715045996966397 0.2525571311749777 -0
5342 0.8723132627310971 0.2330776134624516 -0
5343 0.8723129213772167 -0.2330777609107947 0
5344 0.8715042599541619 -0.2525572610837467 0
5345 0.8900234775245306 -0.2476498308516944 0
5346 1.065198764267796 0.0649334329282735 -0
5347 1.065292650904971 0.05565976587359766 -0
5348 1.07019687647881 0.0609309210484509 -0
5349 1.07019687594379 -0.06093084613487172 0
5350 1.065292638424811 -0.05565974394537058 0
5351 1.065198753725277 -0.0649333617377293 0
5352 -0.1977140438093194 -0.08411012690669355 0
5353 -0.1861222370422286 -0.09934780251800135 0
5354 -0.1751702876270786 -0.0848192889421977 0
5355 1.316553839287676 0.06631079241019511 -0
5356 1.306179231899189 0.0589603905134319 -0
5357 1.321327235091589 0.0552490353532487 -0
5358 1.321327235091591 -0.05524903535324924 0
5359 1.306179231899188 -0.05896039051343162 0
5360 1.316553839287677 -0.06631079241019527 0
5361 0.312653732725043 0.2059006420479513 -0
5362 0.293178824979487 0.2077819450319059 -0
5363 1.026708212488888 -0.3674706153482418 0
5364 1.020325858707804 -0.333401246874877 0
5365 0.993617646218916 -0.3659306315266353 0
5366 0.993617775370457 0.3659305303514945 -0
5367 1.020325794042597 0.3334010345684741 -0
5368 1.02670801867214 0.3674705042169796 -0
5369 0.8128296555206913 0.205230685507587 -0
5370 0.7957989162325894 0.2068393596287061 -0
5371 0.7957986481200185 -0.2068393189989179 0
5372 0.8128293653053336 -0.2052306457478662 0
5373 1.190120851016153 0.1874166881729125 -0
5374 1.186897378686432 0.1701106844315664 -0
5375 1.20449779606827 0.1819129584086555 -0
5376 1.204497796068265 -0.1819129584086618 0
5377 1.186897378686431 -0.1701106844315625 0
5378 1.19012085101615 -0.1874166881729198 0
5379 1.01504792418337 0.0583715375735052 -0
5380 1.022104397779111 0.06124755578856672 -0
5381 1.022104287622313 -0.06124849239311821 0
5382 1.015047760120432 -0.05837275093801172 0
5383 0.5117865524951314 -0.1238944858913809 0
5384 0.4975745047475584 -0.1178989637831026 0
5385 0.4991875214544821 -0.1281028104538545 0
5386 1.046387936730263 0.0646031122660263 -0
5387 1.043429250277746 0.07041346241356738 -0
5388 1.037623848469189 0.06679462685377678 -0
5389 1.037623917859897 -0.06679484558895174 0
5390 1.043429310502883 -0.07041355484092168 0
5391 1.04638793896251 -0.06460304134405874 0
5392 -0.2417985822471041 0.09015488167819891 0
5393 -0.2502706948776785 0.06925914044433806 0
5394 -0.2284939460244446 0.05994474096544591 0
5395 0.1499122399550841 -0.09943466512301019 0
5396 -0.1623484045232774 0.1660312475212906 0
5397 -0.1804298195567631 0.1840361782577424 0
5398 -0.1933249653772001 0.1617626810264128 0
5399 1.134439068885631 0.02351163744456053 -0
5400 1.131397106755647 0.03069348657078375 -0
5401 1.125653088374572 0.02704315441360872 -0
5402 1.125653088374573 -0.02704315441360683 0
5403 1.131397106755647 -0.03069348657077993 0
5404 1.134439068885631 -0.02351163744455918 0
5405 0.1820287454346595 -0.1834999639706542 0
5406 0.1975049933901847 -0.1807126735001797 0
5407 0.1939282177957838 -0.1661956724334172 0
5408 0.6862284221092052 0.1056718483071191 -0
5409 0.6771978908555303 0.1071870092579551 -0
5410 0.6792006648133921 0.09726333987649061 -0
5411 0.6792004929459718 -0.097263342720426 0
5412 0.6771977192861194 -0.1071870091173124 0
5413 0.6862282479686002 -0.1056718487326757 0
5414 -0.01427692169911472 0.02975596675133156 0
5415 -0.008764877675618022 0.02944261429995136 0
5416 -0.01207145526966317 0.03305668890169672 0
5417 -0.03506848223776424 -0.007008096908463394 0
5418 -0.03679146657181362 -0.002296483761359729 0
5419 -0.03958435083010336 -0.005297327582628155 0
5420 -0.08856139409059914 -0.05298167307937042 0
5421 -0.08024003165057719 -0.05774620448929686 0
5422 -0.07710343066116218 -0.05100664033667725 0
5423 0.05990254471208471 0.08808817342098334 -0
5424 0.8864509656014061 -0.03955149912865159 0
5425 0.8826418100182831 -0.04455095411107091 0
5426 0.8826420287162864 0.04455092736081851 -0
5427 0.8864511859463304 0.03955147207934713 -0
5428 1.004036557456627 0.01312314819549778 -0
5429 1.007769807436712 0.01437010568393574 -0
5430 1.005837249980085 0.01609895748843796 -0
5431 1.005837247877094 -0.01609896468579795 0
5432 1.007769804352971 -0.01437011330819244 0
5433 1.004036556475877 -0.01312314862239449 0
5434 0.9733760815726372 0.2388573386756684 -0
5435 0.952983546764243 0.2335968756169706 -0
5436 0.9649135427171158 0.2168924556060395 -0
5437 0.9649135134291595 -0.2168927384833932 0
5438 0.9529833340821721 -0.2335970435525814 0
5439 0.9733759268467761 -0.2388576799218439 0
5440 0.4533557718508348 -0.0958732978109396 0
5441 0.4518595218857944 -0.08619044912513306 0
5442 0.4457746241575453 -0.09423390565201192 0
5443 0.8346368332516044 -0.04144536604544137 0
5444 0.8394424172212316 -0.04088636376810306 0
5445 0.8394426286889659 0.04088633956795356 -0
5446 0.8346370443270995 0.0414453418909185 -0
5447 -0.126406327729602 -0.02568525001189936 0
5448 -0.1275471692966644 -0.03979156894297471 0
5449 -0.1154543494772283 -0.03724025992489711 0
5450 0.4363270715836738 -0.08731282623345754 0
5451 1.062460510272948 0.004698492870175736 -0
5452 1.057994928075665 0.004698492870175736 -0
5453 1.057994928075664 -0.004698492870174972 0
5454 1.062460510272948 -0.004698492870174972 0
5455 0.9424492337273406 0.07738498664356605 -0
5456 0.9396987009638103 0.08809282599363913 -0
5457 0.9396984591774549 -0.08809292057563339 0
5458 0.9424490024005816 -0.07738508657987367 0
5459 1.076701469827608 0.05492445376878134 -0
5460 1.076607583190433 0.06419812082345719 -0
5461 1.07660758734388 -0.06419805389950575 0
5462 1.076701472043414 -0.05492443610714703 0
5463 0.1021782508887555 -0.08942621339336497 0
5464 0.1083041204430458 -0.08599432578057728 0
5465 0.1031229770186708 -0.07930183681437723 0
5466 -0.002852004708941855 0.03078236937227837 0
5467 -0.005137943078742869 0.02875205029513163 0
5468 0.5520720169435692 0.07105200515072452 -0
5469 0.5451393986269221 0.0715597031011003 -0
5470 0.134500479576899 -0.1417024272621362 0
5471 0.1336444663834367 -0.157353069867334 0
5472 0.1461315005030636 -0.1553583610963736 0
5473 0.5183905454822075 0.1294885010632945 -0
5474 0.5338519697050781 0.1361191920722085 -0
5475 0.01844936103264199 -0.04479738592204401 0
5476 0.02197608226332205 -0.0463657314105325 0
5477 -0.2665825275197261 0.04787608907914183 0
5478 -0.2798871637423856 0.07808622979189483 0
5479 0.2831209783732533 -0.1727537774107358 0
5480 0.2764297696555184 -0.1553418367671828 0
5481 0.2684287635842673 -0.1719484482087513 0
5482 0.4185683872812959 -0.1088187831567592 0
5483 0.4207230217887771 -0.09583149109107925 0
5484 1.079472879163706 0.116964437452418 -0
5485 1.079473002382195 -0.1169642557912567 0
5486 0.0500504432877343 -0.1961337709530422 0
5487 0.06303446013838358 -0.2170227578004654 0
5488 1.265268463679561 0.08063379349456376 -0
5489 1.272362648535335 0.09358331278901799 -0
5490 1.262299231564473 0.09547056708043378 -0
5491 1.262299231564473 -0.09547056708043403 0
5492 1.272362648535333 -0.09358331278901798 0
5493 1.26526846367956 -0.08063379349456423 0
5494 0.9273721322502411 0.2709545864323961 -0
5495 0.9415937468966036 0.2489638329447828 -0
5496 0.9472244709734019 0.2775525121742128 -0
5497 0.9472241237386594 -0.2775527126012287 0
5498 0.9415933919051542 -0.2489640139995105 0
5499 0.9273717681440251 -0.2709547416097071 0
5500 0.5025167931724505 0.1476654881030059 -0
5501 0.5112144896116561 0.1645184445350001 -0
5502 0.2983170394191029 0.08290715282589098 -0
5503 0.2894509848763521 0.082896296843416 -0
5504 -0.2908588335849207 0.1475808063828074 0
5505 -0.2827227626827646 0.1781154236912704 0
5506 -0.3069187074966995 0.1650013442659334 0
5507 0.9103974142118972 0.03750299741824106 -0
5508 0.907392381285374 0.04344988841558836 -0
5509 0.9073921597488739 -0.04344991721481298 0
5510 0.9103971927355763 -0.03750302686365178 0
5511 0.7221908507472234 0.170095558501854 -0
5512 0.7132415676934121 0.1586994872738949 -0
5513 0.7336324939051881 0.15788255443052 -0
5514 0.7336323021933338 -0.1578825576973312 0
5515 0.7132413826692419 -0.1586994782343014 0
5516 0.7221906603104216 -0.1700955521130663 0
5517 1.049987111859082 0.03033726215562146 -0
5518 1.044642720517503 0.03155085113968049 -0
5519 1.045963773461272 0.02582472067508072 -0
5520 1.045963753588654 -0.02582472456101573 0
5521 1.044642681920533 -0.0315508572574346 0
5522 1.04998709313473 -0.03033726438744071 0
5523 0.8772410078558825 0.05393058462741209 -0
5524 0.8721170157125564 0.05014855160514708 -0
5525 0.8782864901402185 0.04639260509925298 -0
5526 0.8782862724751734 -0.04639263188494928 0
5527 0.8721167989484373 -0.05014857884074987 0
5528 0.8772407903106145 -0.05393061165271554 0
5529 0.2036574299104611 0.230684052887024 -0
5530 0.2081829323638569 0.2527547167573133 -0
5531 0.1889454046723747 0.2497203011040679 -0
5532 0.04622399035071523 -0.2307440797002465 0
5533 0.06405295359132912 -0.2345098806507928 0
5534 0.03079107796520378 0.05238194656255879 -0
5535 0.03031828250847833 0.04767053433754463 -0
5536 0.34579094661726 -0.2106839591446261 0
5537 0.3413089957319934 -0.1933706134682395 0
5538 0.9288473852234577 0.1461038132444277 -0
5539 0.9202149797212094 0.1428983964251081 -0
5540 0.9230983953277574 0.1323160067687186 -0
5541 0.9230981257056916 -0.1323160741151374 0
5542 0.9202146749957727 -0.1428984610345525 0
5543 0.928847034118466 -0.1461039583811937 0
5544 0.2415055139650416 -0.09809130801004994 0
5545 0.240701110052327 -0.0895826657280379 0
5546 0.2339537750569866 -0.09685225755121904 0
5547 0.5100482672739801 0.2231761201876705 -0
5548 0.4888882970261787 0.2335142850763284 -0
5549 0.4856149290278865 0.2094802178207974 -0
5550 0.611014197628367 -0.1525285408634995 0
5551 0.6238008396393213 -0.1592444243240996 0
5552 0.6229038123698269 -0.1437522380149774 0
5553 0.6229543251275325 0.143689512679121 -0
5554 0.6240629853407502 0.1590479734690076 -0
5555 0.6112482231420326 0.152335186803033 -0
5556 0.06660843012831862 0.1397310055594203 -0
5557 0.07111279624340072 0.1267481184066487 -0
5558 0.3616720255682279 -0.1435612067051645 0
5559 0.3471768306579326 -0.1418454011892773 0
5560 -0.1882770664013047 -0.2149663711613404 0
5561 -0.1813667275336157 -0.2355433075986367 0
5562 -0.1574001683514805 -0.2231744930944444 0
5563 1.055948274547447 0.007915753648703016 -0
5564 1.053597027970835 0.003217260778527279 -0
5565 1.053597027970835 -0.003217260778526841 0
5566 1.055948274547446 -0.007915753648701812 0
5567 0.7113218122622118 0.1821021065812702 -0
5568 0.7016144465371901 0.2017071920571973 -0
5569 0.6920925588104255 0.190517576821156 -0
5570 0.6920923823033921 -0.1905175548725481 0
5571 0.7016142641746438 -0.2017071767015566 0
5572 0.7113216226575814 -0.182102094479045 0
5573 0.5395150107037692 -0.2247927925058259 0
5574 0.5568927054706367 -0.2216132468021675 0
5575 0.1307637366971328 0.1553042520119273 -0
5576 0.1243828262146218 0.1724550610533379 -0
5577 0.1146897926588757 0.1628144334514976 -0
5578 0.3161712677819382 -0.1927588984178152 0
5579 0.3085576087100871 -0.2136919777811123 0
5580 0.1140877176839923 -0.08056355818397798 0
5581 0.0383867168551336 0.1532647361122424 -0
5582 0.02873884498090155 0.1646843800313231 -0
5583 0.5207808304746672 -0.2330565844584548 0
5584 0.5357475941549634 -0.2451586991407596 0
5585 0.05022474415029936 -0.05684228268073753 0
5586 0.05455825389140774 -0.05800896420934606 0
5587 0.006330020022460673 0.04740398064690546 -0
5588 0.008722511750398298 0.04273504938512006 -0
5589 0.01008088884567832 0.04857154141075494 -0
5590 1.279228674842138 0.02403694341027661 -0
5591 1.274666675272114 0.02091304071718512 -0
5592 1.277369357914179 0.01595517982631177 -0
5593 1.277369357914179 -0.01595517982631165 0
5594 1.274666675272114 -0.02091304071718653 0
5595 1.279228674842138 -0.02403694341027639 0
5596 0.7934534717441932 0.3593096301790227 -0
5597 0.8237924730930735 0.3313311633592992 -0
5598 0.8160532870626003 0.3720215331802765 -0
5599 0.8160531540465534 -0.3720215628888594 0
5600 0.8237922020620477 -0.3313312078736539 0
5601 0.7934533337298797 -0.3593096449847946 0
5602 0.8775178186561058 -0.04076892129910523 0
5603 0.8775180365729603 0.0407688943385535 -0
5604 0.5371932368498615 -0.3288394132575627 0
5605 0.5687882115729088 -0.332043296845701 0
5606 0.05361176426967685 -0.1002953098498313 0
5607 0.05754404878112693 -0.1065560792009312 0
5608 0.06093045977057297 -0.09585909808955201 0
5609 0.3187252068102446 -0.1369863113819962 0
5610 0.3322668606347227 -0.1404636780666128 0
5611 0.4854812099142408 -0.09528197480872694 0
5612 0.4913664168867994 -0.08560760863597389 0
5613 0.01001446584565514 -0.04849790220296907 0
5614 0.008713667502731427 -0.04256897811933533 0
5615 0.006378593668720251 -0.04707100863599711 0
5616 0.6945798459512138 0.1019748510703774 -0
5617 0.6925770719933519 0.1118985204518419 -0
5618 0.6925768960165412 -0.1118985182230833 0
5619 0.6945796696763936 -0.1019748518261969 0
5620 0.9195113779216129 0.0705737624556052 -0
5621 0.9289461797430902 0.06821363188391941 -0
5622 0.928945952110823 -0.06821369255346951 0
5623 0.9195111547915757 -0.07057380999034092 0
5624 0.06491232252731996 -0.2607186030784832 0
5625 0.0817227923149883 -0.2469972811787021 0
5626 1.139508963806831 0.03409885494080805 -0
5627 1.139508963806832 -0.03409885494080579 0
5628 0.8337120174673416 0.04686881796172009 -0
5629 0.8287856279335024 0.04235454195011734 -0
5630 0.8287854190325723 -0.04235456702565409 0
5631 0.833711807101378 -0.04686884280916019 0
5632 0.4491769823306127 0.07945105932789828 -0
5633 0.4414706484889155 0.07983862276071441 -0
5634 1.191262304434819 0.01379899883584576 -0
5635 1.184213796292743 0.008091811371583818 -0
5636 1.184213796292742 -0.008091811371583563 0
5637 1.191262304434815 -0.01379899883584465 0
5638 1.088525903664781 0.1180791522826155 -0
5639 1.101758991430647 0.1100420947162493 -0
5640 1.101759000580552 -0.1100420554339439 0
5641 1.08852595900001 -0.1180790637342522 0
5642 1.282213792248247 0.08522297540972297 -0
5643 1.279244560133159 0.100059748995593 -0
5644 1.279244560133157 -0.1000597489955929 0
5645 1.282213792248245 -0.0852229754097231 0
5646 1.033129966464807 -0.1764501700640048 0
5647 1.021075450050179 -0.1924317557041184 0
5648 1.021075195447675 0.1924312414319205 -0
5649 1.033129760453899 0.1764498988958288 -0
5650 0.7883043191580994 0.2285220798148802 -0
5651 0.7732505745454616 0.2146135199313849 -0
5652 0.7732503256716508 -0.2146134562778895 0
5653 0.78830404510635 -0.2285220190712415 0
5654 -0.008475280314498426 -0.0642528755229797 0
5655 -0.008080256032250233 -0.05736196520260604 0
5656 -0.01352211086430171 -0.06349591940369412 0
5657 0.261161309757364 -0.1882814480046363 0
5658 1.062154661888333 -0.3643044265316169 0
5659 1.06215446807137 0.3643043154003934 -0
5660 1.226167249014644 0.02319750452237176 -0
5661 1.221347083369489 0.0279640898768797 -0
5662 1.217192291709209 0.02290656437220088 -0
5663 -0.08350290713252012 -0.06512525312337902 0
5664 -0.07204494370308318 -0.06315022038068585 0
5665 1.217192291709213 -0.02290656437220117 0
5666 1.221347083369491 -0.02796408987687979 0
5667 1.226167249014646 -0.02319750452237208 0
5668 -0.05291011947326865 -0.09762088880136739 0
5669 -0.05733745847436064 -0.08559698614826244 0
5670 -0.06385403504650894 -0.09863345209478519 0
5671 -0.0416789077443388 -0.09413488127148723 0
5672 -0.0481954843164871 -0.10717134721801 0
5673 0.2223932413692043 -0.09281551678580846 0
5674 0.2281704910807726 -0.09394609414392747 0
5675 0.2273721214327037 -0.087213037911088 0
5676 0.5264876606736814 -0.1520586888423537 0
5677 0.5267650801521662 -0.1688030412567599 0
5678 0.5375874137244079 -0.1635382017421805 0
5679 0.4706678596814469 0.07550405671382986 -0
5680 0.4682761821418253 0.08164063260397036 -0
5681 0.4636612948456144 0.07539208484857338 -0
5682 0.1022421746056503 0.1674012224247738 -0
5683 0.1086230850881613 0.1502504133833632 -0
5684 -0.1769728657367012 -0.1150739561299913 0
5685 -0.1995166219189419 -0.1143647940944872 0
5686 0.2434902462191472 -0.1081861060176365 0
5687 0.2502375812144877 -0.1009165141944554 0
5688 0.7607405275828395 0.07355680854751517 -0
5689 0.7545083442777475 0.06771314912471207 -0
5690 0.7607669243472688 0.06374960937015237 -0
5691 0.7607667303481305 -0.0637496258672389 0
5692 0.7545081514648362 -0.0677131638196944 0
5693 0.7607403333213655 -0.07355682291236482 0
5694 0.4464906218299254 0.1626834655703625 -0
5695 0.4578499202159657 0.1506608396917702 -0
5696 0.4601042523001161 0.1696478210080226 -0
5697 1.269437271200152 0.02642814468339341 -0
5698 1.269437271200151 -0.02642814468339461 0
5699 1.295250769970673 0.08086077959333815 -0
5700 1.295250769970671 -0.08086077959333782 0
5701 0.8221886150631806 -0.04960795038515083 0
5702 0.8239244516899238 -0.04291179252326627 0
5703 0.823924660170206 0.04291176775521743 -0
5704 0.8221888219753579 0.04960792317363399 -0
5705 0.04476550103837305 -0.1029676690496037 0
5706 0.04815191202781909 -0.09227068793822446 0
5707 0.8072912846001761 -0.04515846681361015 0
5708 0.8104878606586462 -0.05129308663951751 0
5709 0.8104880654888202 0.05129306097514279 -0
5710 0.8072914884516136 0.04515844388265248 -0
5711 0.04131420923280502 -0.06347012432772013 0
5712 0.03836006703363751 -0.05731555355273166 0
5713 0.03667633559052019 -0.06313212179018234 0
5714 0.563754848214835 0.3041463544665323 -0
5715 0.5468269365460522 0.2851647026840288 -0
5716 0.5746069172850415 0.2898857940643765 -0
5717 0.7630651478873426 -0.05072197879201124 0
5718 0.7683684270578484 -0.05015524087475622 0
5719 0.7683686221433284 0.05015522157571011 -0
5720 0.7630653421821816 0.05072195978262619 -0
5721 -0.1071217786184671 -0.3497558976803397 0
5722 -0.1036892262367888 -0.3151461280226491 0
5723 -0.1333755049482557 -0.3412672786567942 0
5724 1.250374968944652 0.05525831389317892 -0
5725 1.240905807252765 0.05393328542859099 -0
5726 1.245347839346287 0.04622574091058297 -0
5727 1.245347839346286 -0.04622574091058273 0
5728 1.240905807252766 -0.05393328542859096 0
5729 1.250374968944652 -0.05525831389317838 0
5730 0.002322983264598507 -0.05555942702076125 0
5731 -0.0004234847265483905 -0.06345093173013762 0
5732 0.004932924020497068 -0.06089143742900724 0
5733 0.04371603988645589 0.07367578443364479 -0
5734 0.03818961292924578 0.07749781480541185 -0
5735 0.03443933337868033 0.07110204932199952 -0
5736 0.837206641805972 0.108508722158871 -0
5737 0.8314035646600593 0.1023674256379677 -0
5738 0.8314033419259769 -0.1023674643742885 0
5739 0.8372064115115396 -0.1085087625913676 0
5740 1.103088341550306 0.05068712208666255 -0
5741 1.112835587567194 0.04683098307507126 -0
5742 1.111007542197826 0.05380778350379093 -0
5743 1.111007541674312 -0.05380777998292813 0
5744 1.112835587453862 -0.04683098254775053 0
5745 1.103088340965273 -0.05068711838693965 0
5746 0.9137940736320613 0.1495760400843555 -0
5747 0.9080450837363611 0.1357882336086464 -0
5748 0.9080448242050934 -0.1357882226742437 0
5749 0.9137937326178678 -0.1495761069403 0
5750 -0.006023327763901343 -0.3647078429335652 0
5751 0.4781575439668858 0.07507094149204194 -0
5752 0.007660942702245145 -0.06604604146889693 0
5753 0.01040741069339204 -0.05815453675952056 0
5754 1.191709384964805 0.03440436501757974 -0
5755 1.195216343626066 0.02473139135090612 -0
5756 1.195216343626064 -0.02473139135090742 0
5757 1.191709384964803 -0.03440436501758325 0
5758 0.1410455701939627 -0.1293814195693524 0
5759 1.04311383742705 0.0777647899352053 -0
5760 1.051877925688124 0.07557327534745482 -0
5761 1.051878064188185 -0.07557303916777475 0
5762 1.043114043085572 -0.07776484341266775 0
5763 0.2362969359543357 0.1291604424006378 -0
5764 0.2236113535129725 0.1336736818309537 -0
5765 0.2244299871169734 0.1224358300270149 -0
5766 1.121462557108664 0.1060648917838787 -0
5767 1.136131724331769 0.109511564649628 -0
5768 1.125114000511334 0.1173935246655095 -0
5769 1.125113997994323 -0.1173935255910116 0
5770 1.136131721951207 -0.1095115654809272 0
5771 1.121462552334474 -0.106064892892487 0
5772 0.4344373731780928 0.1738351063030963 -0
5773 0.4321830410939425 0.154848124986844 -0
5774 0.5358969529755968 0.07263067094601287 -0
5775 0.5288588464097397 0.07312709212617129 -0
5776 0.4134512706401428 -0.1356836648029702 0
5777 0.4255951709454027 -0.1273932309464953 0
5778 0.4119225996546205 -0.1243396134885447 0
5779 0.2531349427289818 0.1056592246983002 -0
5780 0.2473893053161479 0.1158356174207435 -0
5781 -0.005865339558599865 -0.06958488593122569 0
5782 0.3060913490856614 -0.08276547888186991 0
5783 0.3148323685181097 -0.08271012017145496 0
5784 0.5424506804919484 0.07959262608434167 -0
5785 -0.1649714762830616 -0.3265338352565706 0
5786 -0.1533638742058472 -0.2927608988146482 0
5787 -0.1883923979223315 -0.3126372250721152 0
5788 0.9111090032850501 0.2833362103171317 -0
5789 0.9054782792082517 0.2547475310877018 -0
5790 0.9054779262059979 -0.2547476870163177 0
5791 0.911108658039503 -0.2833363856180359 0
5792 -0.1730923619156478 0.3196131709481476 0
5793 -0.1414963905807048 0.3343466143485164 0
5794 -0.02986266761472533 -0.02256697544333882 0
5795 -0.03140439535599542 -0.02756722006529753 0
5796 -0.02697049580535717 -0.02627987076816778 0
5797 -0.051466524954188 -0.192072305200454 0
5798 -0.06727355393365739 -0.2078878952297437 0
5799 0.2826093231854236 0.1435499546345906 -0
5800 0.294157664093563 0.153271996165993 -0
5801 0.9207249162876836 0.05974904575080468 -0
5802 0.9138002957757136 0.06305515179290358 -0
5803 0.9120452903300107 0.05766982609126955 -0
5804 0.9120450659282344 -0.05766986250211185 0
5805 0.9138000688402554 -0.06305519004022174 0
5806 0.9207246932841988 -0.05974909150586978 0
5807 0.07954944029952304 0.07726569279009965 -0
5808 0.07660164989215912 0.07075906710577787 -0
5809 0.6675771702731632 0.1694047241471523 -0
5810 0.6561775651380445 0.18262203757173 -0
5811 0.6561773944662905 -0.1826220158318808 0
5812 0.6675769959623109 -0.1694047072077315 0
5813 0.02511816084570513 0.08654415050963229 -0
5814 0.02136914169114074 0.08013627897242442 -0
5815 0.0326619255760346 0.08133195123097445 -0
5816 1.258097187331013 0.01891822118559528 -0
5817 1.258275068030406 0.01139183694901106 -0
5818 1.258275068030406 -0.01139183694901192 0
5819 1.258097187331012 -0.01891822118559496 0
5820 0.01287080188590809 -0.07733247258988279 0
5821 0.01417693932592166 -0.08650176095241457 0
5822 0.01941425419666441 -0.0830292819781754 0
5823 0.09693407160068537 0.143018313021148 -0
5824 0.9509817614375264 -0.07497865341986247 0
5825 0.943944967062371 -0.06888653290294815 0
5826 0.9439452230861995 0.06888647429528583 -0
5827 0.9509820190607462 0.0749785686234518 -0
5828 0.8480245117621393 -0.1125148648305258 0
5829 0.8564760919899921 -0.1133195106268304 0
5830 0.8546409603364873 -0.1046713735848208 0
5831 0.8546411857007634 0.1046713248360279 -0
5832 0.8564763182911928 0.1133194595425292 -0
5833 0.8480247421585937 0.1125148140326021 -0
5834 -0.02679111436292264 -0.09791876693253722 0
5835 -0.02235735600647931 -0.08613397150130435 0
5836 -0.03253051423111392 -0.09190054425689692 0
5837 -0.08685077086183902 -0.2927301976228227 0
5838 -0.06568134886185933 -0.3057830957949722 0
5839 -0.07509661981669821 -0.2748785463716002 0
5840 -0.1765351093363282 -0.05633173292013231 0
5841 -0.1833071323245495 -0.03359144023592354 0
5842 -0.1935341173823907 -0.04684132064668113 0
5843 0.507289730944789 0.0740169433790242 -0
5844 0.5000513904776832 0.07448326333268079 -0
5845 1.121324814286181 0.005445588538333841 -0
5846 1.115992675586007 0.005445588538333841 -0
5847 1.115992675586007 -0.005445588538334448 0
5848 1.121324814286181 -0.005445588538334448 0
5849 0.1184705962404162 -0.187159788329346 0
5850 0.1352846344231727 -0.1875129525931395 0
5851 0.1284614491268449 -0.1706558394377779 0
5852 0.9584453810051198 -0.07183655259972191 0
5853 0.9569494163433304 -0.08033510627664743 0
5854 0.956949646492844 0.08033494459481144 -0
5855 0.9584456358517029 0.07183643224653122 -0
5856 0.5488665502033675 -0.1697530340274442 0
5857 0.5485891307248827 -0.153008681613038 0
5858 -0.01722411035517038 -0.0009296550780386659 0
5859 -0.01711243302098655 -0.002730167558199075 0
5860 0.2543500135698772 -0.09520799295638702 0
5861 0.2563347458239828 -0.1053027909639736 0
5862 -0.2198705998160562 0.1548462026677354 0
5863 0.4212041376462795 0.1253219316844937 -0
5864 0.4361385782395572 0.1301418324564436 -0
5865 0.4293018491524974 0.1388765834821603 -0
5866 0.8649181099844443 0.06335443376001135 -0
5867 0.8729988809213628 0.06408252423013849 -0
5868 0.8668454574775867 0.06975042685684366 -0
5869 0.8668452408323476 -0.06975045803025207 0
5870 0.8729986635898082 -0.06408255330072844 0
5871 0.8649178940264179 -0.06335446333803976 0
5872 -0.05047721519736133 -0.02526036292544696 0
5873 -0.046610696221452 -0.02112808702945554 0
5874 -0.05331390774635151 -0.02004492682041878 0
5875 1.080880249504521 0.005471631081204078 -0
5876 1.07614271333832 0.005471631081204078 -0
5877 1.07614271333832 -0.005471631081203611 0
5878 1.080880249504521 -0.005471631081203611 0
5879 0.8686301472551357 0.04641950911440232 -0
5880 0.8675846649707997 0.05395748864256143 -0
5881 0.8675844483258113 -0.05395751581084472 0
5882 0.8686299304903702 -0.04641953604307845 0
5883 0.01569037356922422 -0.05665738945889463 0
5884 0.01296235488747614 -0.05150278541900493 0
5885 1.090426414525629 0.1409888956497415 -0
5886 1.105480323030789 0.1445467438716569 -0
5887 1.105480334539715 -0.1445466914744263 0
5888 1.090426461809724 -0.1409888098020356 0
5889 0.1367261367399598 0.1034060086474868 -0
5890 0.1415965535060581 0.1150235401759979 -0
5891 0.8578085310308761 0.06298209528861078 -0
5892 0.8639619544746522 0.05731419266190561 -0
5893 0.8639617376095353 -0.05731421608281831 0
5894 0.8578083148520748 -0.06298212081234195 0
5895 0.3305878386775262 0.1496100056177813 -0
5896 0.3411583113371266 0.1370249087162859 -0
5897 -0.03724514938789547 -0.08235008584025436 0
5898 0.4379757677822693 0.08900648041447028 -0
5899 0.4319511483850462 0.080022463606401 -0
5900 -0.08344845960410056 -0.01384754437211725 0
5901 -0.07536564206394569 -0.01851665840120944 0
5902 1.167417459038777 0.05566651738682506 -0
5903 1.157192347616891 0.05609789321125365 -0
5904 1.157192347629471 -0.05609789322357353 0
5905 1.167417459040575 -0.05566651738859022 0
5906 0.5978284965720593 -0.1602162743210682 0
5907 0.5988292451465209 0.1589365759384107 -0
5908 0.5763880775176096 0.08451511000045381 -0
5909 0.5704816708925385 0.07886103422762898 -0
5910 0.5803940875946252 0.07845969925881643 -0
5911 0.06519535993165261 0.1549852255790795 -0
5912 0.07537348890331418 0.1535381690348158 -0
5913 0.4369078536267809 0.111543755281907 -0
5914 0.4282485672058697 0.1028887509594669 -0
5915 0.4371155540993112 0.09784532558259693 -0
5916 -0.264184345864918 -0.186271104820154 0
5917 -0.2499402246792654 -0.2126531863225155 0
5918 -0.2264877467690926 -0.2009531041631711 0
5919 0.7610402381537453 0.05727270501441547 -0
5920 0.7565598450706129 0.05135520471555999 -0
5921 0.7565596522559654 -0.05135522328026573 0
5922 0.7610400441229783 -0.05727272228631398 0
5923 1.012860828847218 0.09669399583653232 -0
5924 1.013002185289658 0.1081930975280317 -0
5925 1.004999426628004 0.1038607925090498 -0
5926 1.004999487361673 -0.1038611352460335 0
5927 1.013002432056743 -0.1081933410946602 0
5928 1.012861055533869 -0.09669441664855744 0
5929 1.233307878188709 0.05341159780591297 -0
5930 1.238335007787075 0.06244417078850892 -0
5931 1.238335007787076 -0.06244417078851011 0
5932 1.23330787818871 -0.05341159780591446 0
5933 0.51959031939078 -0.1079132753327405 0
5934 0.5184039951970025 -0.1001442431977554 0
5935 0.5089872115944303 -0.105921607085644 0
5936 1.017642700722277 0.01919273230740011 -0
5937 1.013838800336499 0.02042765521163303 -0
5938 1.013374400345949 0.01611099207264299 -0
5939 1.013374398242958 -0.01611099927000294 0
5940 1.013838803376806 -0.02042767045726526 0
5941 1.017642705865575 -0.01919274035567231 0
5942 0.4172486005006647 0.1500282242148942 -0
5943 -0.2247082441712991 0.2189722048091017 0
5944 -0.2334743207247642 0.1951442832453988 0
5945 -0.2026403038572208 0.2035955333265675 0
5946 -0.05547863898642194 -0.02987704659520583 0
5947 -0.04877542746152243 -0.03096020680424259 0
5948 0.77820027232394 -0.04677198857910465 0
5949 0.7815642543611083 -0.05084819201850914 0
5950 0.7830307965931191 -0.04661739915873694 0
5951 0.7830309967924376 0.04661737781544002 -0
5952 0.7815644534319319 0.05084817161969488 -0
5953 0.7782004712164949 0.04677196761646205 -0
5954 0.9669031004393516 -0.03102499768250689 0
5955 0.9637965607134398 -0.03454312211887346 0
5956 0.9676780427037077 -0.03682023258810894 0
5957 0.967678260593988 0.03682017283112253 -0
5958 0.9637967798522378 0.0345430620968062 -0
5959 0.966903309457983 0.0310249645561796 -0
5960 0.1075915584171924 -0.06928168539872401 0
5961 0.1127267566988798 -0.07003420031019339 0
5962 0.001154481714124091 0.1138321308261393 -0
5963 -0.009830517414030465 0.1087391715538239 0
5964 -0.003737418142758754 0.1003094505790088 0
5965 -0.122012155494501 0.3058937609246768 0
5966 -0.1173238222443513 0.3474241948904191 0
5967 1.082622847186146 0.01532920434681664 -0
5968 1.083026039972055 0.009649139413437664 -0
5969 1.087137405736778 0.01403508159784615 -0
5970 1.087137405736779 -0.01403508159784623 0
5971 1.083026039972056 -0.00964913941343728 0
5972 1.082622847186147 -0.01532920434681617 0
5973 0.7495441031221044 0.06260774136855486 -0
5974 0.7495177063576751 0.07241494054591768 -0
5975 0.7495175149068696 -0.07241495415220436 0
5976 0.7495439119336347 -0.06260775710707843 0
5977 1.205164117467183 0.04077648128669849 -0
5978 1.214435599509798 0.0339248579384555 -0
5979 1.214435599509801 -0.03392485793845655 0
5980 1.205164117467182 -0.04077648128670198 0
5981 0.469917607074417 0.371525856857966 -0
5982 0.469070864576051 0.3378815288503496 -0
5983 0.4991532575003258 0.3663556719923836 -0
5984 0.1023274948378287 0.06859180956806518 -0
5985 0.09729186212741073 0.06777373880476495 -0
5986 0.7221301410596251 0.06744680266514835 -0
5987 0.7271852479700402 0.06054047278707224 -0
5988 0.7279803467253696 0.06850555264440396 -0
5989 0.7279801620012754 -0.06850556577804164 0
5990 0.727185063446589 -0.06054048822126311 0
5991 0.7221299578553003 -0.06744681581390412 0
5992 -0.1400028073194492 0.03906498236775481 0
5993 -0.1527848196752502 0.03266762596019722 0
5994 -0.1456197562802093 0.02043968238638486 0
5995 -0.01526754564241897 -0.0812695119505062 0
5996 -0.01021188645273795 -0.08651267281178826 0
5997 -0.008861475956868887 -0.07562999058534982 0
5998 1.19133941448667 0.2051572150634761 -0
5999 1.173738997104832 0.193354941086387 -0
6000 1.173738997104848 -0.1933549410863713 0
6001 1.191339414486682 -0.2051572150634706 0
6002 -0.0116066441865543 0.05485848307950571 0
6003 -0.01776190361077529 0.05274776332862015 0
6004 -0.01568392047125935 0.04738748042812547 0
6005 1.105664319278432 0.003872680571070801 -0
6006 1.103167577645706 0.009228508406543351 -0
6007 1.103167577645705 -0.009228508406544402 0
6008 1.105664319278431 -0.00387268057107127 0
6009 0.543731576465059 0.1343541654770804 -0
6010 0.5578476532896324 0.1294590501465848 -0
6011 0.5514261945063232 0.1418987569897469 -0
6012 0.01854697714123242 -0.06088144199251782 0
6013 0.0204406987888845 -0.06593044564849132 0
6014 0.02585224655497681 -0.06350274684159889 0
6015 -0.171663743003298 0.2078640998214453 0
6016 1.010235373369381 0.0138755379571381 -0
6017 1.01403927375516 0.01264061505290517 -0
6018 1.014039270954398 -0.01264060999002875 0
6019 1.010235368465629 -0.0138755400916217 0
6020 1.137952027514523 0.0484742184078706 -0
6021 1.128912001448401 0.05293217051403014 -0
6022 1.128912001432852 -0.05293217032512924 0
6023 1.137952027524881 -0.04847421839319939 0
6024 0.3673083093283844 0.0833256759323496 -0
6025 0.3589817238940273 0.0835421204929995 -0
6026 0.379697226284532 0.09892574619471517 -0
6027 0.3882091520579553 0.0903146065391304 -0
6028 0.3881772022477725 0.100958785818249 -0
6029 0.4551496397026848 -0.07895466251744204 0
6030 0.4627467744901896 -0.07854267778510443 0
6031 0.2630443436262941 0.1606408853199257 -0
6032 0.2682332619192074 0.1441878566996987 -0
6033 0.03001302021659663 -0.093570808739352 0
6034 0.02555386297956638 -0.1021372481994752 0
6035 0.03484649155948503 -0.10350948659812 0
6036 0.3997023359545939 -0.1006619472013915 0
6037 0.4051327581064242 -0.09391470921140446 0
6038 0.3917648194583067 -0.09298826973134716 0
6039 0.788166937602562 -0.04605486794260517 0
6040 0.7881671384918902 0.04605484652373554 -0
6041 0.2195285741371706 -0.07946190507168868 0
6042 0.2255953779189595 -0.07970192901200696 0
6043 0.8925790423611191 0.03468828328062477 -0
6044 0.8881872282554129 0.03523196434570584 -0
6045 0.8881870068135357 -0.03523199154445059 0
6046 0.8925788208538732 -0.03468831069702881 0
6047 0.01571752507495956 0.0463879982925342 -0
6048 0.01332503334702194 0.05105692955431959 -0
6049 0.5438406997125382 -0.07146411566473454 0
6050 0.5507733144626301 -0.07095641815697221 0
6051 0.5219565174804845 -0.1183995256139893 0
6052 0.5313733010830568 -0.1126221617261007 0
6053 0.06695797774171533 -0.3182962313601085 0
6054 0.08700890373303133 -0.3034964228389548 0
6055 0.06253123525966314 -0.2880058121275462 0
6056 0.7027891319237054 -0.2166317150806907 0
6057 0.6838415904053389 -0.2300043109665796 0
6058 0.7042456985085899 -0.2365133889522107 0
6059 0.7042458964412237 0.2365134064269357 -0
6060 0.6838417713865728 0.2300043354424856 -0
6061 0.7027893181400549 0.2166317332815331 -0
6062 0.345011529712237 -0.2343479345179741 0
6063 0.3264563663026567 -0.2280648019948914 0
6064 0.7888712542342649 0.06090603263760497 -0
6065 0.7836326902081445 0.05608109506997854 -0
6066 0.7916335430339948 0.05551851938629926 -0
6067 0.7916333417617529 -0.05551854096920275 0
6068 0.7836324908939996 -0.05608111486276966 0
6069 0.788871054025465 -0.06090605323383098 0
6070 1.034605098108397 0.02746646546119333 -0
6071 1.039087429849484 0.03071530747847732 -0
6072 1.033073145838188 0.0311434632805309 -0
6073 1.033073094937961 -0.03114351390849643 0
6074 1.039087386729982 -0.03071534669363469 0
6075 1.034605050582436 -0.02746648464587135 0
6076 1.034765193886726 0.0820658967180645 -0
6077 1.043213869297104 0.08722570965195194 -0
6078 1.0432142772301 -0.08722556432720165 0
6079 1.034765523544798 -0.08206608000034858 0
6080 1.032274782497771 0.2126418583795739 -0
6081 1.017014349909442 0.2112043710559336 -0
6082 1.017014539328145 -0.2112048626159254 0
6083 1.032275020505761 -0.212642327176083 0
6084 0.04370797390065096 0.1112195922403507 -0
6085 0.05511073452179049 0.1087317790786834 -0
6086 1.032350518155493 0.003138224618678251 -0
6087 1.029995835461995 0.007783960127754347 -0
6088 1.029995835461997 -0.007783960127751904 0
6089 1.032350518155494 -0.003138224618677759 0
6090 0.2451160771806258 -0.08227174470357657 0
6091 0.2514285237857231 -0.08243060542224682 0
6092 0.9395218894640122 0.06390470185001559 -0
6093 0.9480546747974178 0.06149828382990134 -0
6094 0.9480544164098303 -0.06149833529797684 0
6095 0.9395216573728855 -0.06390476845798804 0
6096 0.8022746158105692 -0.04571903485229153 0
6097 0.8022748191251042 0.04571901219903633 -0
6098 0.7157833655521735 -0.06117397135635176 0
6099 0.7165784641068599 -0.06913904891313029 0
6100 0.7165786459498868 0.06913903639672055 -0
6101 0.7157835471945575 0.06117395653938882 -0
6102 0.4782801280363349 0.09717390762825168 -0
6103 0.4709705747417511 0.08974283803966999 -0
6104 0.4825923002722415 0.08918367405780853 -0
6105 1.017129525856165 0.01070311000594163 -0
6106 1.021424911852524 0.01208377009328113 -0
6107 1.021424911852526 -0.01208377009327914 0
6108 1.017129525389371 -0.01070310916212743 0
6109 0.1487138781240823 0.3397438460116274 -0
6110 0.1301037816219297 0.3194193211871624 -0
6111 -0.3454659133566702 0.1356373921437022 0
6112 -0.3307324699564467 0.1672333634785081 0
6113 0.8496764429865306 -0.07138055267824753 0
6114 0.8568535379706382 -0.07797608436635747 0
6115 0.8568537509662169 0.07797604089980732 -0
6116 0.8496766592584573 0.07138052080499808 -0
6117 0.9553356006933597 -0.1308763044787151 0
6118 0.9476916902932986 -0.1179745031881376 0
6119 0.9428800711547303 -0.1280936590281162 0
6120 0.9428803679733021 0.1280934044905921 -0
6121 0.9476919717200842 0.1179743326238376 -0
6122 0.9553358390080842 0.1308759003447636 -0
6123 0.09990171816306867 -0.2812729285099084 0
6124 0.1043284606451209 -0.3115633477424707 0
6125 0.5245230696197138 0.342078293470425 -0
6126 0.5253698121180799 0.3757226214780414 -0
6127 0.03125898731585276 0.1212070593945904 -0
6128 0.02430924115186177 0.1150826589570637 -0
6129 0.03568376598055122 0.1140635136839488 -0
6130 0.2369710336763135 -0.1461144877691124 0
6131 -0.3111541445073112 0.02885574845985642 0
6132 -0.2991848072872406 0.007303944227695648 0
6133 -0.2842296591643627 0.03515137419453783 0
6134 -0.3225963990542905 0.1977679807869711 0
6135 0.8173023841427964 0.1114911453191847 -0
6136 0.8177917715951977 0.1220293117268551 -0
6137 0.8068704816942143 0.1203696920543986 -0
6138 0.806870262273596 -0.1203697042480434 0
6139 0.8177915450857677 -0.1220293344334339 0
6140 0.817302160102273 -0.1114911672088284 0
6141 0.3989713436221237 0.1041416588686949 -0
6142 0.3904594178487004 0.1127527985242797 -0
6143 1.274971108756997 0.006415638566610145 -0
6144 1.270314314280465 0.006415638566610145 -0
6145 1.270314314280465 -0.006415638566610896 0
6146 1.274971108756998 -0.006415638566610896 0
6147 1.006975385793133 -0.02367356195546975 0
6148 1.00291161802739 -0.02263094618041951 0
6149 1.002911617771009 0.02263088244441755 -0
6150 1.006975393334057 0.02367352978489712 -0
6151 -0.02895025381383352 -0.006117662463123761 0
6152 -0.03143743106381437 -0.009057729115682492 0
6153 -0.02811208689817339 -0.01116813849161129 0
6154 0.3834946493405643 -0.2085562477706551 0
6155 0.3909568588050251 -0.1938211479802533 0
6156 0.5238045405138638 -0.3771479157796239 0
6157 0.5187501224776367 -0.3434460233343111 0
6158 0.4949455819658345 -0.3662981075546872 0
6159 0.02110192133531652 -0.05422969065200219 0
6160 1.225001791936078 0.2948094837320349 -0
6161 1.22979571927485 0.2659887454767051 -0
6162 1.244692055471875 0.2912556403142759 -0
6163 1.244692055444646 -0.2912556403705761 0
6164 1.229795718788177 -0.2659887464667816 0
6165 1.225001791477693 -0.294809484665017 0
6166 0.1715718463563989 0.119837120163461 -0
6167 0.1708626978525493 0.129399716041676 -0
6168 0.1605341388021463 0.1239738020977678 -0
6169 -0.1239837517983566 0.1028662631894817 0
6170 -0.1366077220652667 0.0978867333568577 0
6171 -0.1217144267310119 0.08431603249046948 0
6172 1.078662373167551 0.1453565856322425 -0
6173 1.064271730298858 0.1532553870417853 -0
6174 1.064271817164596 -0.1532553320709311 0
6175 1.078662431386222 -0.1453565120744096 0
6176 0.8568719524916215 0.05029427447900697 -0
6177 0.8523931657472203 0.04617369897346692 -0
6178 0.8596190097689778 0.04610787064627662 -0
6179 0.8596187937626757 -0.04610789669696657 0
6180 0.8523929511697632 -0.04617372326240629 0
6181 0.8568717372748316 -0.05029429957861302 0
6182 1.03805136432141 0.01604812977797383 -0
6183 1.038169845376476 0.01969589511457454 -0
6184 1.034090051766661 0.01743941225293245 -0
6185 1.034090041063098 -0.01743941677528038 0
6186 1.038169831360809 -0.01969590028457869 0
6187 1.03805136100931 -0.01604813042562973 0
6188 0.996956913282403 0.09647782096409878 -0
6189 0.9970982697248426 0.1079769226555982 -0
6190 0.9970981784586633 -0.1079770774997122 0
6191 0.9969568019357899 -0.09647815305360942 0
6192 1.310001434856557 0.01844947074035862 -0
6193 1.311537474732001 0.02459907289706223 -0
6194 1.304646860629862 0.02392693707159289 -0
6195 1.304646860629861 -0.02392693707159317 0
6196 1.311537474732 -0.02459907289706146 0
6197 1.310001434856556 -0.01844947074035834 0
6198 0.8702433517900849 -0.03754840043193065 0
6199 0.8747912517658278 -0.03699878492015911 0
6200 0.8747914684753855 0.03699875809383273 -0
6201 0.8702435683441709 0.037548373870299 -0
6202 0.960552466808917 -0.03774061192826549 0
6203 0.9597775245445609 -0.03194537702266343 0
6204 0.9597777362380386 0.03194534359870845 -0
6205 0.9605526873740436 0.03774055187365138 -0
6206 1.113419714776173 0.009318269109404642 -0
6207 1.110841152979197 0.003872680571070801 -0
6208 1.110841152979197 -0.00387268057107127 0
6209 1.113419714776173 -0.009318269109405718 0
6210 -0.02828490043967219 0.04745912268968639 0
6211 -0.02447734556049366 0.0537725934254944 0
6212 -0.03092306610468552 0.05595495543794087 0
6213 -0.1184058932953436 0.02454039246809293 0
6214 -0.1041465252200942 0.03238797915482762 0
6215 -0.118578375849159 0.03468462548067713 0
6216 1.229788065560987 0.1526619540124259 -0
6217 1.232970610037008 0.1358628447841437 -0
6218 1.232970610037009 -0.1358628447841521 0
6219 1.229788065560987 -0.1526619540124454 0
6220 0.03073408079699079 -0.06276465075638313 0
6221 0.0336882229961583 -0.0689192215313716 0
6222 0.2104504662340737 -0.3687825061398294 0
6223 0.3171740208377811 -0.09668805763528079 0
6224 0.3068442315310533 -0.1002109432039954 0
6225 0.3147819529037478 -0.1058351861490695 0
6226 0.4042728884930741 0.1729435314367723 -0
6227 0.420713549774828 0.185259812046209 -0
6228 0.4048566458257923 0.1922035777634035 -0
6229 1.004308770235115 -0.3130876292409502 0
6230 1.037399336505087 -0.3146276130625567 0
6231 1.037399110102443 0.3146273660917004 -0
6232 1.00430886680076 0.3130873922262153 -0
6233 -0.0220717481718362 0.3653609265248737 0
6234 -0.01406572572388524 0.3334750641190105 0
6235 0.00800602244795095 0.3681141375941369 -0
6236 -0.02148777882640569 -0.02211769589686704 0
6237 -0.01920735955240337 -0.01984483815081331 0
6238 -0.02314834879008477 -0.01900676840015534 0
6239 0.1127203343432434 -0.102987968200485 0
6240 0.1247719596981811 -0.1030491092309215 0
6241 1.143577336657275 0.00635362395378681 -0
6242 1.137920470695772 0.00635362395378681 -0
6243 1.137920470695772 -0.006353623953788083 0
6244 1.143577336657275 -0.006353623953788083 0
6245 -0.004822428839429686 -0.02849141444285586 0
6246 -0.002536490467788526 -0.030521733520308 0
6247 -0.2459550751608822 0.1146970373648486 0
6248 0.4607262945157959 -0.0947525139882598 0
6249 0.4546413967875469 -0.1027959705151387 0
6250 0.4212413632365506 -0.2884738247060249 0
6251 0.3954806606428269 -0.2867829886619456 0
6252 0.4109592190121277 -0.3043880128197297 0
6253 0.6473998805186347 -0.06298752072843285 0
6254 0.653547088693551 -0.06242990637961095 0
6255 0.6535472525344483 0.0624298941742572 -0
6256 0.6474000412028482 0.06298750900270067 -0
6257 0.4569443140259742 -0.2170666927994474 0
6258 0.4394105603219491 -0.2347932207916182 0
6259 0.4614725545919824 -0.2399672789392895 0
6260 1.185041521697886 0.03481159752028395 -0
6261 1.183600823443929 0.04484561080634237 -0
6262 1.174813183162993 0.03828081190343152 -0
6263 1.174813183164789 -0.03828081190519247 0
6264 1.183600823445725 -0.04484561080810558 0
6265 1.185041521697884 -0.03481159752028663 0
6266 0.2736451173446238 -0.1411890906308812 0
6267 0.2733187857426465 -0.1275100963719707 0
6268 -0.0166875951095726 0.007152225640004947 0
6269 -0.0170617649468064 0.005167995878019686 0
6270 0.9642477907121288 0.02433982036556584 -0
6271 0.9606954018219751 0.02481942041846255 -0
6272 0.9606951912292792 -0.02481945127101762 0
6273 0.9642475803896442 -0.02433985130793067 0
6274 0.6736869221216819 -0.1284918846497599 0
6275 0.6621884730325691 -0.1260216243284299 0
6276 0.6682242981715638 -0.1355547499857716 0
6277 0.6682247205451008 0.1355540832337287 -0
6278 0.6621888975318142 0.1260209429490229 -0
6279 0.6736871612563218 0.1284917104848617 -0
6280 1.00628014196634 0.148315076345851 -0
6281 1.023493390336547 0.1484284466360144 -0
6282 1.023493525482617 -0.1484284736254242 0
6283 1.006280290712524 -0.1483152505310756 0
6284 0.8651945146861526 0.219114812107763 -0
6285 0.8837137282670311 0.2142073181926964 -0
6286 0.8837133825692287 -0.2142074510139512 0
6287 0.86519416499886 -0.2191148812460035 0
6288 0.1672115479335721 0.07645779837142917 -0
6289 0.1616173125060797 0.07599322335534728 -0
6290 1.043110768247294 0.03522784895901807 -0
6291 1.043110726276058 -0.03522788652005968 0
6292 0.4630816505539238 -0.2684648291241492 0
6293 0.4806154042579488 -0.2507383011319784 0
6294 1.031399673459414 0.02449089942639003 -0
6295 1.03741395747071 0.02406274362433645 -0
6296 1.037413926894527 -0.02406275203261948 0
6297 1.031399635102506 -0.02449091924748122 0
6298 0.02608466860649608 -0.08659241131685466 0
6299 0.02477853116648251 -0.07742312295432288 0
6300 0.9108317519639398 0.06849454279607006 -0
6301 0.9108315274356114 -0.068494580986583 0
6302 -0.09200229155015754 -0.04154615426094886 0
6303 -0.09513889253957256 -0.04828571841356848 0
6304 0.2264161750935361 -0.1766602663633063 0
6305 0.2232224264634503 -0.1620117953165443 0
6306 0.2125982143813948 -0.1780568530097048 0
6307 1.073212923091794 0.02339865823367247 -0
6308 1.069743224786364 0.02904790768387217 -0
6309 1.065704697268989 0.02400992784516089 -0
6310 1.065704697199485 -0.02400992779421796 0
6311 1.069743224716862 -0.02904790763292932 0
6312 1.073212923091797 -0.02339865823367255 0
6313 0.6637370964266702 -0.2373227097975511 0
6314 0.6622805298417859 -0.2174410359260311 0
6315 0.6622806977055685 0.2174410668387983 -0
6316 0.6637372760067375 0.2373227399842008 -0
6317 0.9918913245647525 0.05807323231923778 -0
6318 0.9862836458975258 0.06221118782865066 -0
6319 0.9839759307975938 0.05774182317078339 -0
6320 0.9839748874127412 -0.05774232199037976 0
6321 0.9862825741747132 -0.06221165677174643 0
6322 0.9918900189883424 -0.0580734774343503 0
6323 0.7985052713463022 0.07773438577296815 -0
6324 0.8074659756031115 0.07840865747056774 -0
6325 0.8005881932280499 0.08408422675602495 -0
6326 0.8005879894964074 -0.08408425083938399 0
6327 0.8074657729218508 -0.07840868500064298 0
6328 0.7985050695657609 -0.07773440814445165 0
6329 0.9341493346571919 0.06556448484091465 -0
6330 0.9382587863684102 0.05817629437553015 -0
6331 0.9382585581120626 -0.05817635238362746 0
6332 0.9341491087646031 -0.06556454998859876 0
6333 0.9148455660790624 0.03709019203016173 -0
6334 0.9206185274555752 0.03634713802451799 -0
6335 0.9187487638724989 0.04030396525500337 -0
6336 0.9187485425995598 -0.04030399798207439 0
6337 0.9206183062121727 -0.03634717052699904 0
6338 0.9148453447666369 -0.03709022239833315 0
6339 0.2006987420202705 -0.1953611445469417 0
6340 1.056771581883205 0.02713515449319114 -0
6341 1.055450528939436 0.03286128495779091 -0
6342 1.05545051014558 -0.03286128713866715 0
6343 1.056771581813701 -0.02713515444224828 0
6344 1.182921744683869 0.0278395661146689 -0
6345 1.182921744683866 -0.02783956611467014 0
6346 0.006478963802289366 0.07325325581410849 -0
6347 0.01409176181315365 0.07910969884027683 -0
6348 0.006212578949946973 0.07949203522491394 -0
6349 0.3341065491602017 0.08334252423205771 -0
6350 0.3254896582866812 0.0834581406700356 -0
6351 0.0739915773365588 0.1170773209838379 -0
6352 0.07966534019313826 0.1286131515923456 -0
6353 0.8604750860172314 0.05358515017116085 -0
6354 0.8604748691514681 -0.05358517328514689 0
6355 -0.2542719816764167 -0.1555527486130221 0
6356 -0.2777244595865896 -0.1672528307723665 0
6357 0.7511913740848106 0.05191969846531301 -0
6358 0.7511911821539281 -0.05191971693709104 0
6359 0.3077781918050642 -0.2373559531544603 0
6360 1.223410556815233 0.03421579808862638 -0
6361 1.223410556815234 -0.03421579808862747 0
6362 -0.1707473237576873 0.2353902597091399 0
6363 -0.1734710932837418 0.2619071861486582 0
6364 -0.1965979968298103 0.2539403813297887 0
6365 0.7346774414165711 0.06992356379580222 -0
6366 0.729622334506156 0.07682989367387832 -0
6367 0.7296221489913941 -0.07682990471926865 0
6368 0.7346772545826827 -0.06992357712662763 0
6369 0.7105584164671478 -0.1056595409265471 0
6370 0.7117657577780352 -0.114750538930535 0
6371 0.7213958565208485 -0.1122085585404776 0
6372 0.721396039226146 0.1122085561700339 -0
6373 0.7117659380055126 0.1147505391141561 -0
6374 0.7105585970559938 0.1056595402709781 -0
6375 1.046386726063497 0.1159317200995544 -0
6376 1.045233130542699 0.105678228286291 -0
6377 1.045233614687958 -0.1056779525504168 0
6378 1.046387131932641 -0.1159315495344703 0
6379 0.5142518350618726 0.07166354355035226 -0
6380 0.5113068284738662 0.07912560312587083 -0
6381 0.2358299295733683 -0.118487333350655 0
6382 0.2445619968228144 -0.1213125395350605 0
6383 1.252745773784984 0.1676260295598439 -0
6384 1.267264866646686 0.1575232488970296 -0
6385 1.267264866646693 -0.1575232488970566 0
6386 1.252745773784988 -0.1676260295598809 0
6387 -0.1131044971916277 -0.2842415785992771 0
6388 0.2266378737383427 -0.1099918055192336 0
6389 0.2277096243420099 -0.1231182390366576 0
6390 0.4996189570728758 -0.2663291712051132 0
6391 0.4980098611109345 -0.2378316210202537 0
6392 0.5736230627637331 0.2674458912688025 -0
6393 0.5905509744325159 0.2864275430513059 -0
6394 -0.05391045634267094 0.05970921304111796 0
6395 -0.0557812974531197 0.06918085958959841 0
6396 -0.06392541594811593 0.0652132719904283 0
6397 0.4737418704077967 0.1436713362601965 -0
6398 0.4601282399376061 0.1367069808225364 -0
6399 -0.1123140805200012 0.05068292014442666 0
6400 -0.1265734485952506 0.04283533345769197 0
6401 0.9794395213340634 -0.2051895345392126 0
6402 0.9590469285694594 -0.1999288981699501 0
6403 0.9590469600314528 0.1999286580112781 -0
6404 0.979439494839847 0.2051891210699759 -0
6405 0.658791478676144 -0.07414971487038058 0
6406 0.6515720527824298 -0.08040987427080935 0
6407 0.6592370303300321 -0.08465194228562078 0
6408 0.6592371968158002 0.08465193604171277 -0
6409 0.6515722165750735 0.08040986759496668 -0
6410 0.6587916441008053 0.07414970601161239 -0
6411 1.16297997777509 0.1188462625834653 -0
6412 1.153775205565485 0.127804904001479 -0
6413 1.148987939944045 0.1118815561132452 -0
6414 1.148987939884284 -0.1118815564926722 0
6415 1.153775205503794 -0.1278049043255751 0
6416 1.162979977777022 -0.1188462626387954 0
6417 0.9411272331915881 -0.1382585158902361 0
6418 0.9334833227915271 -0.1253567145996586 0
6419 0.9334836507576539 0.1253566301788522 -0
6420 0.9411275180456538 0.1382581978997781 -0
6421 0.04193863208381017 0.08390568634261972 -0
6422 0.04517824220730006 0.08885975647308454 -0
6423 -0.08605433646498986 0.126645743629155 0
6424 -0.08962455070524775 0.1114165138488889 0
6425 -0.07563750024350323 0.1150846046879971 0
6426 0.3188573425240926 -0.08867602953226883 0
6427 0.3244534115771156 -0.08032233501351703 0
6428 0.8098201812606424 0.2427098880546229 -0
6429 0.7872718395735147 0.2504840483573016 -0
6430 0.7872715609926118 -0.2504839978465428 0
6431 0.8098198834409795 -0.2427098605675714 0
6432 0.7258949375919899 0.08264249454147328 -0
6433 0.7184142868540002 0.08850984521524763 -0
6434 0.7154445890769648 0.08127923319625441 -0
6435 0.7154444074514934 -0.08127924195348639 0
6436 0.7184141038392071 -0.08850985221272001 0
6437 0.7258947527977004 -0.08264250362991626 0
6438 0.2386492873990124 0.08086420865680793 -0
6439 0.232457576762568 0.08066402078162976 -0
6440 0.4240910393617228 -0.08082571966642521 0
6441 0.4319108587172844 -0.08046460272916219 0
6442 0.4475586946443531 0.1333842330276898 -0
6443 0.463450644836184 0.1263947295961161 -0
6444 0.03348064590266212 -0.05129316997692628 0
6445 0.0374548686446626 -0.05264826126235073 0
6446 0.5804737591894946 0.07160375574374814 -0
6447 0.5863801658145656 0.07725783151657296 -0
6448 -0.01767696927047205 0.02898829363434844 0
6449 -0.01437039167642691 0.02537421903260308 0
6450 1.052268919221446 0.09168255645369108 -0
6451 1.043920275681122 0.09598366323655028 -0
6452 1.043920834967798 -0.09598342735666526 0
6453 1.052269354508572 -0.09168219076898443 0
6454 0.4819772833021486 -0.1414772717926242 0
6455 0.4901037518721487 -0.1328725580902492 0
6456 0.4768490051369091 -0.1307120020479512 0
6457 0.1200173532490293 -0.3267306373877696 0
6458 0.1171463945364109 -0.3668934210357586 0
6459 1.085110129936683 0.1563245143494912 -0
6460 1.085110147979441 -0.1563244522732573 0
6461 0.9382441024391058 0.1488405875561676 -0
6462 0.9382437824816692 -0.1488409028096512 0
6463 0.955597323615354 -0.1111569939540173 0
6464 0.9431417940767246 -0.1083743485034184 0
6465 0.9431420890311425 0.1083742520317167 -0
6466 0.9555975600659246 0.1111567478858882 -0
6467 0.2296701798086825 0.2492869256420442 -0
6468 0.2149581545705961 0.2683231738590882 -0
6469 0.7914076779323169 0.07703994207258311 -0
6470 0.7982854603073786 0.0713643727871259 -0
6471 0.7982852598747998 -0.0713643960180315 0
6472 0.7914074764493564 -0.07703996185677252 0
6473 -0.0221493597619952 0.007110350358054714 0
6474 -0.0240907216192581 0.01023971154953274 0
6475 0.2716508299708649 -0.08224179761325312 0
6476 0.2806424792432829 -0.08232801312123809 0
6477 0.69524949568877 -0.07530979959455492 0
6478 0.6991477130266432 -0.08327202732660299 0
6479 0.7040655411551269 -0.07918436280424206 0
6480 0.704065719884154 0.07918435385630032 -0
6481 0.6991478903128094 0.08327201972232734 -0
6482 0.6952496718579884 0.0753097897085989 -0
6483 0.05475069792982779 0.057404878353808 -0
6484 0.05041718819164644 0.05623819682532993 -0
6485 0.4207584789788994 0.09527372937165664 -0
6486 0.420550778506369 0.1089721590709667 -0
6487 0.5897671562093771 -0.2868891624532434 0
6488 0.5725641744895752 -0.2687416532015547 0
6489 0.06437356103397433 0.06789981962459098 -0
6490 0.07153970278000582 0.06938649762997628 -0
6491 -0.01031438108404791 -0.03171982141042849 0
6492 -0.008075117997903284 -0.02912603721281798 0
6493 -0.01246111630400818 -0.02862379388798741 0
6494 0.8517675727769802 0.3720215331802765 -0
6495 0.8517674397605912 -0.3720215628888594 0
6496 1.304293482056113 0.08116183713552384 -0
6497 1.29813841593151 0.09200046915848367 -0
6498 1.298138415931503 -0.09200046915847829 0
6499 1.304293482056105 -0.08116183713551811 0
6500 0.5017772776597401 -0.2174657143853199 0
6501 0.5109425584834499 -0.1960521536658113 0
6502 0.5356706745651458 -0.07330764207864496 0
6503 0.5409258247999058 -0.08017400120083323 0
6504 0.424131324999485 0.0803835808905693 -0
6505 0.9101911868869135 0.07838023651866124 -0
6506 0.9044801047410144 0.07086162585595965 -0
6507 0.9044798779875417 -0.07086165998375563 0
6508 0.910190963938862 -0.07838027993387481 0
6509 0.4126229209700788 -0.1147310438043261 0
6510 0.4004790206648189 -0.123021477660801 0
6511 0.00314074439974692 -0.1636679188016602 0
6512 0.01692356925368722 -0.1559742201668295 0
6513 9.612109124993752e-05 -0.1517637514508589 0
6514 1.029227842188416 0.03309698862336131 -0
6515 1.024567816238794 0.03587946649620216 -0
6516 1.02393078814748 0.03067709913608775 -0
6517 1.023930757377062 -0.03067728447733124 0
6518 1.024567781422816 -0.03587976552360968 0
6519 1.02922778283617 -0.03309713290701152 0
6520 0.5717692368473954 -0.1425770506209162 0
6521 0.5598304863261879 -0.1459828968353097 0
6522 0.5718070177250498 -0.1558176676839083 0
6523 -0.07197277717077345 0.05449466897641127 0
6524 -0.07384361828122221 0.06396631552489174 0
6525 0.8323230356807829 -0.2293665364675585 0
6526 0.849242666894688 -0.2190817744653257 0
6527 0.827771998768623 -0.2104631197900372 0
6528 0.827772334951137 0.2104631880973471 -0
6529 0.8492430291036328 0.2190817820300054 -0
6530 0.8323233549977229 0.2293665134448598 -0
6531 -0.1311192294056925 -0.05207300091957703 0
6532 -0.1420712076580662 -0.0405179910065793 0
6533 -0.2108460063838748 -0.04465252562134802 0
6534 -0.2040739833956535 -0.0673928183055568 0
6535 -0.05680138370528229 0.3623224771273047 0
6536 0.5257385837157865 0.07871789861322656 -0
6537 0.521389195284903 0.0711813968101436 -0
6538 0.0950252081501553 0.2156160414220272 -0
6539 0.1110719587818163 0.200947158284611 -0
6540 0.4885413852020477 0.2554581789237516 -0
6541 0.4641080469559541 0.2417622765568784 -0
6542 -0.05896261008905394 0.208104131974469 0
6543 -0.07670803455581757 0.205845652884492 0
6544 -0.0614902208687896 0.1885922493572876 0
6545 0.002377303298992673 -0.04444522631726383 0
6546 0.003678101641916389 -0.05037415040089759 0
6547 0.2289748949934871 -0.1024547364259395 0
6548 -0.1636373126644543 -0.2613078590809667 0
6549 -0.1945142107142785 -0.2530997371478627 0
6550 0.6256449394888151 -0.1761062591762406 0
6551 0.6258678500164638 0.1759427323431082 -0
6552 -0.001059876181402413 -0.08655599553813663 0
6553 -0.007465945866952492 -0.09219551690329301 0
6554 0.4633809449335276 0.1828406797994311 -0
6555 0.4712359473665323 0.2019146477108514 -0
6556 -0.2546131902996556 0.02632428484698106 0
6557 0.02163552654348313 0.07389749956161898 -0
6558 0.1803366867532112 -0.1008829559952504 0
6559 0.1715422173268463 -0.10585276620679 0
6560 0.17675845019898 -0.110824105147799 0
6561 1.21948714029029 0.1640580808403633 -0
6562 1.222710612620011 0.1813640845817094 -0
6563 1.222710612620007 -0.1813640845817338 0
6564 1.219487140290288 -0.1640580808403765 0
6565 0.168537051656477 -0.09794392692280207 0
6566 0.1649588151022458 -0.1078850760753507 0
6567 0.940479524801358 0.09713261915465675 -0
6568 0.950266853539435 0.09251687413274964 -0
6569 0.9502666120872585 -0.09251702318304307 0
6570 0.9404792744889763 -0.09713273666188849 0
6571 0.2255017072790789 0.1430932266656751 -0
6572 0.2136347584417166 0.1363686142920523 -0
6573 0.3550594550206274 0.1366138305493461 -0
6574 0.3712674727340641 0.1366036645473278 -0
6575 0.3645221014403303 0.1472177748486021 -0
6576 0.3845730518489027 0.1635474530002753 -0
6577 0.3915922896573645 0.1492481034655539 -0
6578 0.3954352223525001 0.1655879476192454 -0
6579 0.126592450532378 -0.1144561773444671 0
6580 1.157852416787525 0.1916489725895922 -0
6581 1.141123130829527 0.1918391334769408 -0
6582 1.155791147676316 0.1758045750831719 -0
6583 1.155791147676321 -0.1758045750831681 0
6584 1.141123130829527 -0.1918391334769532 0
6585 1.157852416787522 -0.1916489725896056 0
6586 1.153299043484102 0.0154825583863697 -0
6587 1.159674207292849 0.01323980288701375 -0
6588 1.158578064601957 0.01905076203410517 -0
6589 1.158578064601957 -0.01905076203410549 0
6590 1.159674207292847 -0.01323980288701429 0
6591 1.153299043484102 -0.01548255838636994 0
6592 0.5634625429560536 0.117574131016259 -0
6593 0.5550813307217435 0.1123698774511135 -0
6594 0.5683908384294289 0.1080295498334543 -0
6595 0.5176008515731598 -0.1798480918323441 0
6596 0.5065010985224334 -0.1683685789325172 0
6597 0.6457940395786157 -0.08573813948588629 0
6598 0.6453484879247274 -0.07523591207064609 0
6599 0.645348648559543 0.07523590510066644 -0
6600 0.6457942012745379 0.08573813513076683 -0
6601 0.4466350542031805 0.09766148473691035 -0
6602 1.126934821250627 0.1289884304537913 -0
6603 1.126934829143771 -0.1289884155637105 0
6604 1.332842941679335 0.1894512117502354 -0
6605 1.343208246507752 0.170334256195165 -0
6606 1.343208246507971 -0.1703342561946622 0
6607 1.332842941679665 -0.1894512117496321 0
6608 0.3749786952674852 -0.1051363460279589 0
6609 0.3759968565096563 -0.09571919148847477 0
6610 0.3646411544706651 -0.1011200297950995 0
6611 -0.0922785816646034 0.2005665527108226 0
6612 -0.08975097088486775 0.2200784353280041 0
6613 -0.176228168495097 -0.1297317416803633 0
6614 -0.1628337836183837 -0.1147147501038775 0
6615 -0.054353775350604 -0.2277176345072938 0
6616 -0.0354257393562976 -0.2403667502555385 0
6617 -0.0337721062059925 -0.2215766997275439 0
6618 0.7294453411856155 -0.05489969753137964 0
6619 0.734989795221516 -0.05433146526058217 0
6620 0.7349899811051412 0.05433144799036963 -0
6621 0.7294455260756169 0.0548996805681721 -0
6622 0.6219745705763983 -0.1298772734524907 0
6623 0.6250420595065223 -0.1184210325026218 0
6624 0.6131846592889966 -0.1255801136045084 0
6625 0.6131959319415105 0.1255503017002048 -0
6626 0.6250435390907276 0.1184174884082216 -0
6627 0.6219871700780322 0.1298439127211632 -0
6628 0.284811879357971 0.08811248162643129 -0
6629 0.2805752021884674 0.07966161582931096 -0
6630 0.5043157996197216 -0.1388680801985275 0
6631 0.6654188974129908 -0.2924872380481538 0
6632 0.6411142846662791 -0.3070739852821274 0
6633 0.6686242716148554 -0.3216418954404787 0
6634 0.6688059956656166 0.3215925046384511 -0
6635 0.6414079426920969 0.3069586687784761 -0
6636 0.6655310511496826 0.2924212883980171 -0
6637 0.1086434209358742 0.08000140253867678 -0
6638 0.1148895403565316 0.0746674204400717 -0
6639 0.1138341294387945 0.08186959577059824 -0
6640 0.1494744312554622 0.1192855252899381 -0
6641 0.1533654095565918 0.1101492211056126 -0
6642 -0.2203009352149005 0.2419883636569169 0
6643 -0.2511349520824439 0.2335371135757482 0
6644 1.108029174352167 0.06062758998035263 -0
6645 1.117776420369055 0.05677145096876134 -0
6646 1.117776419870625 -0.05677145060838337 0
6647 1.108029173382036 -0.06062758644757249 0
6648 0.3715114834899366 0.1014329084890605 -0
6649 0.3715434333001194 0.09078872920994185 -0
6650 0.3038165903729864 -0.2610197087220835 0
6651 0.3063719834587045 -0.2839669589768219 0
6652 0.328232342483352 -0.2746760276229778 0
6653 0.5731537718917001 -0.1305143311089349 0
6654 0.09941599550780347 -0.2587449739047603 0
6655 0.09855662657181263 -0.2325362514770699 0
6656 0.3109826274226256 -0.1163128486028897 0
6657 0.04936398767038042 0.09611548026860631 -0
6658 0.1293881391731576 0.1349117343852052 -0
6659 0.9560166517420999 0.1515082124131251 -0
6660 0.9437365189199038 0.1593538277577747 -0
6661 0.9437362519291956 -0.1593540854023206 0
6662 0.9560164510023177 -0.151508642911363 0
6663 -0.131524221871783 -0.1509333108240061 0
6664 -0.117646474594246 -0.1579939536505079 0
6665 -0.1182643724941525 -0.1378922031108767 0
6666 0.9744574076174672 0.03304182459069505 -0
6667 0.9767832710419727 0.03742875118477423 -0
6668 0.9731106536242387 0.03768900188457511 -0
6669 0.9731104237803299 -0.03768908134978571 0
6670 0.976783043361927 -0.03742883919623705 0
6671 0.9744572020112166 -0.0330418659981937 0
6672 1.008434680845923 0.01089972866419792 -0
6673 1.008434677064411 -0.01089972402821825 0
6674 0.04528325106474845 -0.0660592580172257 0
6675 0.04696698250786575 -0.06024268977977502 0
6676 -0.08364942911251987 0.3564472213357208 0
6677 -0.07099154175090996 0.3248465972581634 0
6678 0.2420737731102776 0.3203244927110377 -0
6679 0.2204505961122457 0.3387514488918278 -0
6680 1.013787500207388 0.02519377421862731 -0
6681 1.018688931455342 0.02848448622765938 -0
6682 1.014369330949903 0.03016886499989654 -0
6683 1.014369334542483 -0.03016906092685368 0
6684 1.018688933481566 -0.02848466431843202 0
6685 1.01378751206034 -0.02519380815135629 0
6686 0.6437396643573567 -0.1036540468758552 0
6687 0.6338350528765919 -0.1111389704082134 0
6688 0.6437365822746888 -0.115233268818246 0
6689 0.6437380677894293 0.1152297231387422 -0
6690 0.6338367242225768 0.1111349166131047 -0
6691 0.6437400147847567 0.1036535403226667 -0
6692 0.1336047619899061 -0.2543894559436625 0
6693 0.1570220911430176 -0.244651855357381 0
6694 0.5133102968839564 -0.09328591443187897 0
6695 0.5239134046803062 -0.09527758267897554 0
6696 0.6093990971784609 -0.1179213739260606 0
6697 0.6094151343726605 0.1178787792014112 -0
6698 0.7940299869767542 0.06550669302033328 -0
6699 0.7860291341509039 0.06606926870401256 -0
6700 0.7860289349580535 -0.06606928842887513 0
6701 0.7940297858258067 -0.06550671453530822 0
6702 0.09822660454972637 -0.0767443008865156 0
6703 0.09422688799053142 -0.07069542972484072 0
6704 0.0929973909051855 -0.07668485326549004 0
6705 0.3364602404294121 -0.3742076892985062 0
6706 0.3007459547149775 -0.3742076892985062 0
6707 1.169236516708194 0.1079106681535601 -0
6708 1.174023782329634 0.1238340160417939 -0
6709 1.174023782329719 -0.1238340160441944 0
6710 1.169236516710209 -0.1079106682112914 0
6711 0.7672722259795075 -0.0631163813789844 0
6712 0.7672724214588373 0.06311636443721858 -0
6713 0.00853171595013409 0.03890502896191111 -0
6714 0.005565186774290817 0.0371182273932608 -0
6715 -0.07713386197536851 -0.04258603518097599 0
6716 -0.07513569562543201 -0.03192090201625677 0
6717 -0.08342662675124762 -0.03557697576203158 0
6718 0.1549167201297618 -0.1613222360519831 0
6719 0.1557727333232241 -0.1456715934467853 0
6720 0.0814321088219763 -0.3668934210357586 0
6721 0.5486857674527925 -0.08708604595815915 0
6722 0.5405157423054001 -0.08892957237206958 0
6723 0.08633769236124891 -0.1766756102613237 0
6724 0.06833743801176281 -0.1722250743736966 0
6725 -0.03644092453659085 0.06297261340701849 0
6726 -0.04024847941576938 0.05665914267121047 0
6727 1.015911157277687 0.003265075421736601 -0
6728 1.015911156810893 -0.003265074577922438 0
6729 0.4071571247512252 0.108646404528941 -0
6730 0.4048749091502973 0.09685239182291036 -0
6731 1.294291039581013 0.005759782454911614 -0
6732 1.289350646315543 0.005759782454911614 -0
6733 1.289350646315543 -0.005759782454912144 0
6734 1.294291039581013 -0.005759782454912144 0
6735 0.5879654482925534 -0.07839307438561237 0
6736 0.5805403789089862 -0.07321707891490654 0
6737 0.5814894318192925 -0.08078983495851612 0
6738 0.3560695155641806 -0.09152567529802069 0
6739 0.3550513543220095 -0.1009428298375049 0
6740 0.2593379151767033 0.1237862178485707 -0
6741 0.2490641794188921 0.1258731910245263 -0
6742 0.1123008227193596 0.1092810857375761 -0
6743 0.1189128387588328 0.1003033516806671 -0
6744 0.7904112378681374 0.09249782025582939 -0
6745 0.7806809637366701 0.09460300002910721 -0
6746 0.7818972148397731 0.08551513483170314 -0
6747 0.7818970142175555 -0.0855151504764002 0
6748 0.7806807604137822 -0.09460301108426541 0
6749 0.7904110323365441 -0.09249783459105788 0
6750 0.007864888862588687 0.3126367849815569 -0
6751 -0.02221288175719846 0.3098835739122937 0
6752 0.530881451322933 -0.09207671952979785 0
6753 0.5386413939758197 -0.09898876428712375 0
6754 0.8603328282885458 -0.1218722552330112 0
6755 0.8669492768628938 -0.1140287639873062 0
6756 0.866949500371365 0.1140287094604261 -0
6757 0.8603330568291951 0.1218721986570003 -0
6758 0.5750904884565957 -0.08504983535933699 0
6759 0.5825155578401628 -0.09022583083004282 0
6760 -0.02524459455738173 -0.02980280608714908 0
6761 -0.02370286681611164 -0.02480256146519037 0
6762 0.9955604201924282 0.2065733363865088 -0
6763 1.006760007242524 0.2267839533341622 -0
6764 1.006760107988745 -0.2267844044702729 0
6765 0.9955605375331632 -0.2065738329983082 0
6766 0.4472116337346155 -0.1979027155671231 0
6767 0.2664840665324905 0.1126833197466068 -0
6768 1.255433738139759 0.1053222543293505 -0
6769 1.248339553283985 0.09237273503489629 -0
6770 1.248339553283988 -0.09237273503489882 0
6771 1.255433738139761 -0.1053222543293526 0
6772 -0.298126762460228 -0.01130878923365085 0
6773 -0.2712022771172795 -0.005013163498969436 0
6774 -0.03247255015528518 0.004347684645184039 0
6775 -0.03415842192336116 0.0007989580842630338 0
6776 -0.03058972621139851 -0.0004585265262739618 0
6777 0.2574409945289228 0.09780054714844864 -0
6778 0.2619690928739001 0.1058899666949363 -0
6779 0.1168304282006802 -0.1569999056035405 0
6780 0.05668308442759456 0.2129738288287685 -0
6781 0.07267192928085464 0.2309124934516102 -0
6782 0.05313963279540646 0.2345833135126381 -0
6783 0.9000779703361397 0.06628829122704313 -0
6784 0.8994374052591132 0.07617398494963432 -0
6785 0.8994371814230981 -0.07617402189090663 0
6786 0.9000777449198476 -0.06628832294361481 0
6787 0.8387163173366177 -0.06506281056748291 0
6788 0.8444421332895271 -0.06748958419787623 0
6789 0.8425700359220409 -0.05881365747642747 0
6790 0.8425702476381808 0.05881363293791955 -0
6791 0.8444423486040697 0.06748955552845988 -0
6792 0.8387165310103575 0.06506278263273935 -0
6793 1.159477457896741 0.008483135558226527 -0
6794 1.164756479014596 0.012051339205962 -0
6795 1.164756479014595 -0.01205133920596256 0
6796 1.15947745789674 -0.008483135558227018 0
6797 0.4217571499292929 0.2240496701522072 -0
6798 0.4433359757655624 0.2316989323205148 -0
6799 0.02130602874272373 0.17634627773134 -0
6800 0.01304494251696108 0.1963591076355224 -0
6801 0.004841972165409251 0.1840586461449928 -0
6802 0.4002726924140048 0.08229518696828264 -0
6803 0.3921819926712281 0.08259327861972479 -0
6804 0.08506794287079206 0.1618147957055572 -0
6805 0.4342033213602302 0.371525856857966 -0
6806 -0.1143438817660602 -0.06576488482037705 0
6807 -0.1274269993149347 -0.06327855249537399 0
6808 -0.1251756900367043 -0.07769685845977858 0
6809 0.4570768351959915 0.09327785558944843 -0
6810 0.4562166215130334 0.1021167007575751 -0
6811 0.4774843132716993 0.1199615003294024 -0
6812 0.4886362139605148 0.1117089345298139 -0
6813 0.4871720908182525 0.1214649115913742 -0
6814 1.051537472042213 0.01954381274182221 -0
6815 1.055462993219909 0.01695611431865196 -0
6816 1.055233685980547 0.02202343326785144 -0
6817 1.055233685970618 -0.02202343326057234 0
6818 1.055462993209978 -0.01695611431137171 0
6819 1.051537472042212 -0.01954381274182122 0
6820 -0.1264709691026362 0.2290781998411721 0
6821 -0.1485368394572296 0.2158309046403148 0
6822 -0.1273873883482469 0.2015520399534774 0
6823 0.6617156739319523 0.2638367305629651 -0
6824 0.6401546002509481 0.2512734619592778 -0
6825 0.6400424731637658 -0.2513393813234026 0
6826 0.6616035337273188 -0.2639026563639512 0
6827 0.943013086200137 0.05122270418488854 -0
6828 0.9366845449777514 0.05321655753437953 -0
6829 0.9360662900026582 0.04792275033463698 -0
6830 0.9360660720640444 -0.04792279923501698 0
6831 0.9366843177818593 -0.05321661028625518 0
6832 0.9430128610025299 -0.05122275980177853 0
6833 1.326914244195664 0.07166755459350557 -0
6834 1.311766241003263 0.07537890975368879 -0
6835 1.311766241003256 -0.07537890975368441 0
6836 1.32691424419566 -0.07166755459350203 0
6837 -0.1107357023817756 -0.01123967962729019 0
6838 -0.120555898365711 -0.0005032371607445469 0
6839 -0.1241337038941014 -0.01239749852727611 0
6840 1.007026693463168 0.01890741077790285 -0
6841 1.003293443483082 0.01766045328946488 -0
6842 0.8517748739163215 0.2649648537607853 -0
6843 0.8694854244627425 0.2795368775582449 -0
6844 0.8694850307007467 -0.279537039334916 0
6845 0.8517744745534328 -0.2649649693940163 0
6846 1.003293429232504 -0.01766045957558078 0
6847 1.007026677109599 -0.01890742426137872 0
6848 0.9800814626729375 0.03946403818433441 -0
6849 0.9814282166661661 0.03481686089045435 -0
6850 0.981428015624648 -0.03481689454745403 0
6851 0.9800812373937613 -0.03946410989904604 0
6852 0.09148175651796721 0.2372255261058967 -0
6853 -0.2390346345908358 0.1702312487855046 0
6854 -0.2474988539962062 0.1453098396903753 0
6855 0.7616632542599164 -0.181104693890831 0
6856 0.7767455939234594 -0.1753706979397861 0
6857 0.7576639194980566 -0.1635446356250512 0
6858 0.7576641227676669 0.1635446368849955 -0
6859 0.776745820098143 0.1753707239283613 -0
6860 0.7616634742894757 0.1811047127018449 -0
6861 1.044997618390093 0.004149564126149291 -0
6862 1.040788378854059 0.004149564126149291 -0
6863 1.040788378854059 -0.004149564126148936 0
6864 1.044997618390093 -0.004149564126148936 0
6865 1.157614046740579 -0.2682298929323291 0
6866 1.17524441689798 -0.2673634074400671 0
6867 1.16895700417054 -0.2431995371091525 0
6868 1.168956999959311 0.2431995413824406 -0
6869 1.17524442392347 0.2673633965400652 -0
6870 1.157614049293461 0.2682298869092019 -0
6871 0.7742080683368644 0.05905403420138296 -0
6872 0.7739347545303877 0.06553093855711986 -0
6873 0.7739345576811858 -0.06553095604365361 0
6874 0.7742078714560335 -0.05905405246272869 0
6875 0.4394609831381352 0.1198295812300233 -0
6876 -0.02358195523118969 0.1974611022482199 0
6877 -0.02031464685570865 0.2216899006668744 0
6878 -0.04047748802654493 0.2150795268659191 0
6879 1.233100359164661 0.03657787123652281 -0
6880 1.226188875304971 0.04253863929809862 -0
6881 1.226188875304972 -0.04253863929809977 0
6882 1.233100359164662 -0.03657787123652301 0
6883 -0.2651191099356619 0.1300820834826177 0
6884 0.003704245085251557 0.05099058240095403 -0
6885 0.002345867989971538 0.04515409037531914 -0
6886 0.3601325146853458 -0.08274561283869475 0
6887 0.368459096262463 -0.08252916850261427 0
6888 0.7220185715918411 0.2082162630416473 -0
6889 0.7220183722778948 -0.2082162546871877 0
6890 -0.2893150547495968 0.1169680040572807 0
6891 -0.3056268873916444 0.09558495269208447 0
6892 0.02884035914933871 -0.05771564710040962 0
6893 -0.3754913689297639 -0.02116845284526455 0
6894 -0.3385460152448584 -0.02066429359875743 0
6895 -0.3630546463150945 0.0005041592465071164 0
6896 0.8606434946395667 0.2002114867602503 -0
6897 0.8606431280867 -0.2002114645684822 0
6898 -0.1470200045321001 0.1702466531791123 0
6899 -0.1286892842247413 0.1521807140211896 0
6900 -0.1311225383954815 0.1702388055946975 0
6901 -0.01928418916203031 -0.008776667873108861 0
6902 -0.01995477199120226 -0.006025353868984258 0
6903 -0.02136816403696231 -0.008171742485723867 0
6904 0.6347612125873526 -0.1365931569130908 0
6905 0.6462081517316162 -0.1417763055700095 0
6906 0.6452789099381875 -0.1279013410075228 0
6907 0.6452806170239214 0.127897207563535 -0
6908 0.6462477720734217 0.1417428075214928 -0
6909 0.6348019322767496 0.1365566993871379 -0
6910 -0.02003401304918182 0.1064843034348947 0
6911 -0.01514211319229897 0.1200069836820252 0
6912 1.279705236225985 0.1874022143650622 -0
6913 1.270385779548909 0.20033513818789 -0
6914 1.25847213405086 0.1846757759290984 -0
6915 1.258472134050887 -0.1846757759291443 0
6916 1.270385779549106 -0.2003351381877421 0
6917 1.279705236226164 -0.1874022143649111 0
6918 0.5551102407749885 -0.09115972291250909 0
6919 0.5555203232694941 -0.08240415174127277 0
6920 0.2483387609635364 0.09114177755411867 -0
6921 0.2540956689143316 0.0851489699382255 -0
6922 0.2543637523347996 0.09157699753591936 -0
6923 -0.0485720151546126 -0.03756467646588953 0
6924 -0.04357059136555199 -0.03294799279613065 0
6925 0.5616833666390272 0.1491186341300387 -0
6926 0.5475672898144537 0.1540137494605343 -0
6927 1.077086659678721 0.09420615638553431 -0
6928 1.086249395219999 0.08661499346420939 -0
6929 1.084129836112194 0.09631674505101842 -0
6930 1.084129922853925 -0.09631657599930435 0
6931 1.086249432228743 -0.08661488871599068 0
6932 1.077086768922702 -0.09420595469601194 0
6933 0.7124294597776453 0.05609868519012941 -0
6934 0.7067438318721794 0.05666144428953179 -0
6935 0.706743652108258 -0.0566614602080881 0
6936 0.7124292788609259 -0.05609870142609301 0
6937 0.7317127384739881 0.1812851737378953 -0
6938 0.7317125421816733 -0.1812851739420748 0
6939 0.4071248082914943 -0.1075006473290156 0
6940 1.029850654980306 0.0160991721928316 -0
6941 1.025700631111168 0.01384908424374182 -0
6942 1.029821546842458 0.01154155896724196 -0
6943 1.029821546842461 -0.01154155896723986 0
6944 1.025700628431405 -0.01384908702314643 0
6945 1.029850652300543 -0.016099174972238 0
6946 -0.1419510376763365 -0.06400497455897858 0
6947 -0.1027692040882318 -0.1608802795438541 0
6948 -0.1160290534658623 -0.1739213872569835 0
6949 0.2813254209399317 0.3275054664120919 -0
6950 0.2621062087503673 0.3133390638200612 -0
6951 0.2872591683771158 0.299662794488825 -0
6952 0.008850013745667287 -0.100212820837003 0
6953 0.01836717736181475 -0.1001926861925359 0
6954 0.01120322802053051 -0.09221870498517429 0
6955 0.3348472923954681 -0.1520867203986617 0
6956 0.382899060352299 -0.2245269462136076 0
6957 0.3652262924136955 -0.2399471409551184 0
6958 0.3837792427391544 -0.2475069955010173 0
6959 -0.02040006927578861 0.06124359607687464 0
6960 -0.01703376077214918 0.01403707282593428 0
6961 -0.01492524360708998 0.01149183860595014 0
6962 1.021454019990372 0.01664138331887076 -0
6963 1.021454017310607 -0.01664138609827728 0
6964 0.738794271484116 -0.0644543928124945 0
6965 0.7404362584742348 -0.07277873175372152 0
6966 0.7404364471996947 0.07277871880751852 -0
6967 0.7387944594189084 0.06445437777804415 -0
6968 -0.1066753138039289 0.1990814326273184 0
6969 -0.09363237747487876 0.1848486501838063 0
6970 -0.05441689412149621 0.1038470313771859 0
6971 -0.06551973937427513 0.106652534780702 0
6972 0.571137226595646 0.3301563444014813 -0
6973 0.5433572458566567 0.3254352530211336 -0
6974 1.082326049044919 0.01953953891073484 -0
6975 1.078214683280197 0.01515359672632635 -0
6976 1.078214683280198 -0.01515359672632579 0
6977 1.08232604904492 -0.01953953891073474 0
6978 0.5690307055345781 -0.09048182996324322 0
6979 0.5680045795137078 -0.08104583409171651 0
6980 1.00951919983106 0.0221120339838702 -0
6981 -0.01840525057301964 -0.2160143843157171 0
6982 -0.03733328656732604 -0.2033652685674723 0
6983 1.009519204437723 -0.02211206706568692 0
6984 0.7695830241803333 0.0786067916989682 -0
6985 0.763324444110812 0.08257033145352792 -0
6986 0.7633242483664324 -0.08257034391721402 0
6987 0.7695828272497267 -0.07860680596475852 0
6988 0.7765549749338561 0.1218727229274164 -0
6989 0.7817963189546508 0.1136337251621281 -0
6990 0.78596783598344 0.1254531008486609 -0
6991 0.7859676280222784 -0.1254531030245621 0
6992 0.781796112165664 -0.1136337312100592 0
6993 0.7765547711228213 -0.1218727239254424 0
6994 0.787813055336012 -0.1634258356084657 0
6995 0.7878132792399364 0.1634258484500533 -0
6996 -0.1480017997362509 0.08109346562643187 0
6997 -0.1502711248035956 0.09964369632544409 0
6998 1.046719661367038 0.0214578721653188 -0
6999 1.0469489686064 0.01639055321611933 -0
7000 1.046948965294297 -0.01639055386377431 0
7001 1.046719658054936 -0.02145787281297494 0
7002 1.041375270025459 0.02267146114937784 -0
7003 1.041375246840739 -0.02267146568296883 0
7004 0.4844251449903935 0.1034101334571161 -0
7005 0.472803419459903 0.1039692974389776 -0
7006 0.9957752033932215 -0.02520194776312138 0
7007 0.9923017594293173 -0.02230206969494289 0
7008 0.9923932155872082 -0.0262214398845949 0
7009 0.9923931933015215 0.02622135249048694 -0
7010 0.9923018517399567 0.02230204299307103 -0
7011 0.9957751673228334 0.02520187202401444 -0
7012 1.316185525823672 0.2062780540191478 -0
7013 1.308276297579698 0.1862347343549415 -0
7014 1.308276297579925 -0.1862347343546166 0
7015 1.316185525824123 -0.2062780540185243 0
7016 1.010449123836225 -0.03289292759109194 0
7017 1.015350545257451 -0.03618378375816766 0
7018 1.015350535838544 0.03618312992221986 -0
7019 1.01044910459059 0.0328924179131878 -0
7020 0.5702481510397234 -0.1715552893318088 0
7021 0.5592464340392486 -0.1820848094609512 0
7022 1.247376834398204 0.004309048724521935 -0
7023 1.240210885839001 0.004309048724521935 -0
7024 1.240210885839002 -0.004309048724521855 0
7025 1.247376834398205 -0.004309048724521855 0
7026 1.359831060147287 0.04903806189507878 -0
7027 1.353743191326123 0.05487087804357973 -0
7028 1.351983724009691 0.04249034559617588 -0
7029 1.351983724009696 -0.04249034559617751 0
7030 1.353743191326128 -0.05487087804356938 0
7031 1.359831060147296 -0.04903806189507186 0
7032 0.3954040232950292 -0.3248598866474643 0
7033 0.4211647258887528 -0.3265507226915436 0
7034 0.6551835214189523 -0.1204164174751647 0
7035 0.6551839075861015 0.120415831273097 -0
7036 -0.1233779356502347 -0.2527885388655957 0
7037 -0.1402163910251845 -0.2752044692654221 0
7038 -0.1700099593222044 0.06180553124798253 0
7039 -0.1627612934421595 0.04602677992125699 0
7040 -0.1544165365945349 0.06707167726829272 0
7041 1.051658576862096 0.01045550767483865 -0
7042 1.056056476966926 0.0119367397664871 -0
7043 1.056056476966924 -0.01193673976648527 0
7044 1.051658576862095 -0.01045550767483714 0
7045 -0.02338298333457324 0.07723741395033019 0
7046 -0.01483088680649679 0.08581030261745569 0
7047 -0.02327451379898975 0.08664360263956794 0
7048 0.05916752513863969 0.1670576664381554 -0
7049 0.05040246636364412 0.15325050296276 -0
7050 -0.1727532450933597 0.2866367440760406 0
7051 -0.1469025720212366 0.2680866224553918 0
7052 0.3276484669074263 0.1006126833131588 -0
7053 0.3191686213125535 0.1000178967642825 -0
7054 0.322071006751775 0.09196506940162164 -0
7055 0.04711511966053537 -0.1326812327977958 0
7056 0.05392423251788642 -0.1217191169170361 0
7057 0.04341624042287976 -0.1219544068419703 0
7058 -0.1316919995434527 -0.1149764357660104 0
7059 -0.1474101800876019 -0.09958913790057569 0
7060 -0.1478603003158387 -0.1154442624189402 0
7061 -0.1075874905217108 -0.04409838922555969 0
7062 -0.1064466489546484 -0.02999207029448434 0
7063 0.08155987087456623 -0.1288738781894695 0
7064 0.07549652697281031 -0.1177432071240104 0
7065 0.07075208202271724 -0.127310835239163 0
7066 -0.03846045603459725 0.02319171680453816 0
7067 -0.04015997614749926 0.01853152219368634 0
7068 -0.03423742651300174 0.01968486344867121 0
7069 0.5023556303715384 0.1233724180471002 -0
7070 0.491203729682723 0.1316249838466886 -0
7071 1.033710173929502 0.03634583064064531 -0
7072 1.033710118983715 -0.03634599495477486 0
7073 0.4923959176143337 0.1915764828221935 -0
7074 0.08648101306745806 0.146560575685898 -0
7075 0.004763295842940621 -0.1378695663805346 0
7076 -0.009019529010999675 -0.1455632650153653 0
7077 0.8312908754131382 0.2513284819872812 -0
7078 0.8312905515670447 -0.2513285152428598 0
7079 0.8638508000270304 -0.04555386281170316 0
7080 0.8593720139219618 -0.04143328649549644 0
7081 0.8593722298032027 0.04143326097964762 -0
7082 0.8638510165476039 0.04555383648518767 -0
7083 0.0375161571420891 0.1306972212620622 -0
7084 0.02614163231339965 0.131716366535177 -0
7085 0.5286325704228216 -0.07380406291350164 0
7086 0.5610840978324541 0.3757226214780414 -0
7087 -0.07520031897665515 -0.09432494476806424 0
7088 -0.07774680056560906 -0.08244493459010731 0
7089 -0.08466574549466328 -0.09016032991649131 0
7090 0.03553971168300094 -0.07513647242908648 0
7091 0.03908092895116013 -0.08072031027614524 0
7092 0.04317169505784689 -0.07487053041222957 0
7093 -0.03867429051570028 0.002509727410098272 0
7094 -0.1683782424029197 0.02740147993988704 0
7095 0.3761075355115642 0.1715368593781261 -0
7096 0.3722646028164285 0.1551970152244346 -0
7097 0.03537729718641473 -0.0879646497154995 0
7098 0.6776807533419078 0.1955874601736231 -0
7099 0.6873881190669295 0.175982374697696 -0
7100 0.6873879378195709 -0.1759823565669693 0
7101 0.6776805793366334 -0.1955874387894809 0
7102 -0.1287411841585223 0.1858341374264611 0
7103 -0.1104104638511635 0.1677681982685384 0
7104 0.4051429959427651 -0.1444430043855914 0
7105 0.4188155672335473 -0.1474966218435421 0
7106 -0.06039046721565525 0.01004221384111818 0
7107 -0.05958776060274548 0.004961662489528901 0
7108 -0.05251494830586045 0.008059920503190692 0
7109 -0.04658912088398739 0.07224517358661484 0
7110 -0.05660408048943238 0.07774923253592517 0
7111 0.5408035620307888 0.1642360148836145 -0
7112 -0.08688102510161064 0.005791477064851886 0
7113 -0.09772574412485822 0.007510391007933637 0
7114 -0.0963131778301376 -0.001064332203840384 0
7115 0.2735306751316664 0.2136954925220008 -0
7116 0.2894942541022915 0.227890291138832 -0
7117 1.003290495880792 0.004749448920755168 -0
7118 1.003635413913754 0.00718420302035077 -0
7119 1.003635413913754 -0.007184203020350757 0
7120 1.003290495880792 -0.004749448920755155 0
7121 0.06956457903822078 0.2790835714489164 -0
7122 0.0903707279326523 0.2588468337366554 -0
7123 0.09080682932220652 0.2854084270500921 -0
7124 0.2480075205474616 0.2924818207877708 -0
7125 0.5595188262279125 -0.3771479157796239 0
7126 0.2763344902839145 0.1740695341810592 -0
7127 0.2639250993512415 0.1801584975539411 -0
7128 -0.0568257146592023 0.01826780147541267 0
7129 -0.06389852695608733 0.01516954346175087 0
7130 -0.3318888825715738 -0.1708455235360476 0
7131 -0.3466223259719426 -0.1392495522011046 0
7132 -0.2096065803212885 -0.1307596630242284 0
7133 -0.2136917494079523 -0.1536088328633916 0
7134 -0.1944524197000783 -0.1529401175456403 0
7135 0.2359969542062926 -0.2541689054738681 0
7136 0.2525568294320977 -0.2701597570012902 0
7137 0.2653963561225338 -0.2543197885485055 0
7138 1.302826814886251 0.2254079220151812 -0
7139 1.302826814886849 -0.2254079220144719 0
7140 1.059953431733161 0.05108225561492214 -0
7141 1.054680277369358 0.05573286805551071 -0
7142 1.054339170408562 0.04715284591701258 -0
7143 0.1286904321723359 -0.07173291245244373 0
7144 0.1340507473636368 -0.07236515298711002 0
7145 1.054339169147785 -0.04715282344318127 0
7146 1.05468026535128 -0.05573283683567301 0
7147 1.059953420002803 -0.05108224615573641 0
7148 -0.0393520625352496 0.3035502377276131 0
7149 -0.01742144794877567 0.2827119585901594 0
7150 -0.0858727310673878 0.2942300697104899 0
7151 -0.1026741725746558 0.2898848586489373 0
7152 -0.09070731648389604 0.2651435868928478 0
7153 1.209722718092589 0.006690427333865 -0
7154 1.203846515749658 0.01239761479812695 -0
7155 1.20236824979722 0.005707187464261946 -0
7156 1.202368249797218 -0.00570718746426109 0
7157 1.203846515749658 -0.01239761479812549 0
7158 1.20972271809259 -0.006690427333864396 0
7159 0.06840074436689349 -0.06106953232702882 0
7160 0.07307210612164972 -0.06209231594928667 0
7161 -0.03263479001365546 0.01605449036708678 0
7162 -0.03093526990075345 0.0207146849779386 0
7163 -0.05423325185172743 0.2729337101799396 0
7164 -0.05902468566015022 0.3001053255020738 0
7165 1.220613163475608 0.3141936284940696 -0
7166 1.205716827278583 0.2889267336564989 -0
7167 1.20571682498149 -0.2889267374726111 0
7168 1.220613161637959 -0.3141936313764056 0
7169 1.373224696582572 0.0179162761900262 -0
7170 1.379158789323201 0.02686285320167651 -0
7171 1.371477432951181 0.02925313862878848 -0
7172 1.371477432951193 -0.02925313862878002 0
7173 1.379158789323213 -0.02686285320166019 0
7174 1.373224696582577 -0.0179162761900218 0
7175 0.4278068488892902 -0.1559310414388648 0
7176 0.4361151235866679 -0.1471717018562436 0
7177 0.4745037039804811 -0.1193388642776987 0
7178 0.4663772354104812 -0.1279435779800737 0
7179 0.7715846958153441 0.128590054720545 -0
7180 0.767413178786555 0.1167706790340122 -0
7181 0.7674129789235778 -0.1167706823670805 0
7182 0.7715844947801922 -0.1285900541815833 0
7183 1.228657087882187 0.005151090116512535 -0
7184 1.22169985628755 0.005151090116512535 -0
7185 1.221699856287554 -0.00515109011651289 0
7186 1.228657087882191 -0.00515109011651289 0
7187 -0.001143485951462476 0.08132514306821126 0
7188 -0.007913054592043958 0.08270940393294743 0
7189 -0.008169787701498796 0.07501985306348177 0
7190 0.3082687889746262 0.08291871293199549 -0
7191 0.303639411601379 0.09135872274664084 -0
7192 0.4020475996660232 -0.2161161023165539 0
7193 1.102510529886936 0.02735510472120688 -0
7194 1.102600894572785 0.02062988014907702 -0
7195 1.108137835479402 0.0238491975352251 -0
7196 1.108137835479401 -0.0238491975352267 0
7197 1.102600894541054 -0.02062988002554395 0
7198 1.102510529855206 -0.0273551045976731 0
7199 -0.1814240480029557 -0.1891934220209758 0
7200 -0.205390607185091 -0.2015622365251681 0
7201 -0.07437207635927681 0.04595161601889902 0
7202 -0.06445387402617052 0.04719857248443558 0
7203 0.263197902479718 0.09180773953255547 -0
7204 0.01550147199082099 -0.04179250270600816 0
7205 0.01529742872148732 -0.04700075490234314 0
7206 -0.007343409508194426 0.02545132814476646 0
7207 -0.3025022137023587 -0.1698311170255763 0
7208 -0.2925898495138575 -0.1391127608184443 0
7209 -0.1933691045468028 0.01180793670775307 0
7210 -0.1798411072731221 0.02374363306072417 0
7211 -0.1918827134435096 0.02882493754797569 0
7212 0.3937568696433768 -0.1065742078489583 0
7213 1.346646184971898 0.06200901579624728 -0
7214 1.353148137166499 0.07313332222063648 -0
7215 1.338203794674678 0.07372374367440111 -0
7216 1.338203794674661 -0.07372374367438722 0
7217 1.353148137166485 -0.07313332222061264 0
7218 1.346646184971904 -0.06200901579623831 0
7219 0.1277780840968615 0.3715832649914637 -0
7220 0.1637929368840874 0.3681605810201638 -0
7221 0.5962696298867329 -0.1759538959689688 0
7222 0.5821869015609309 -0.1681494431174153 0
7223 0.5835124418101538 0.1671979801488527 -0
7224 0.5970400800188833 0.1759550518033616 -0
7225 0.6980975672030212 0.09144738139784167 -0
7226 0.7044462170871678 0.0976740535425645 -0
7227 0.7044460381086673 -0.09767405592644732 0
7228 0.6980973900607264 -0.09144738643603975 0
7229 1.367741559261333 0.03742862254405686 -0
7230 1.369501026577765 0.04980915499146071 -0
7231 1.369501026577778 -0.04980915499144108 0
7232 1.367741559261346 -0.0374286225440492 0
7233 -0.06251951914531741 -0.02497571945120731 0
7234 -0.06081773140947851 -0.03067556333000294 0
7235 0.004659775709774192 -0.08652189559688167 0
7236 0.4112921263015359 0.1586441819020509 -0
7237 -0.09149937431343202 -0.191827959815259 0
7238 -0.08920371483787851 -0.169275520728963 0
7239 0.3654181207246383 -0.1553910144100054 0
7240 0.3773328838741882 -0.1454837775938436 0
7241 0.5131013259875876 0.1212416119399587 -0
7242 0.5090696871231172 0.1110815396846444 -0
7243 -0.01674382842220458 -0.01934020014273567 0
7244 -0.01840439838588366 -0.01622927264602398 0
7245 -0.05202088862578609 0.1750241621899384 0
7246 -0.04781164339440112 0.1599738224028027 0
7247 -0.039535551170641 0.1758003886601288 0
7248 0.9853758444883323 -0.1103288971770722 0
7249 0.9934185299142156 -0.1177118793694963 0
7250 0.9934185458869472 0.1177117106526894 -0
7251 0.9853760325413465 0.1103287391077384 -0
7252 0.8524752935124184 -0.1323308666215068 0
7253 0.8629484783853201 -0.1330401199819826 0
7254 0.8629487129528204 0.1330400571505682 -0
7255 0.8524755308726482 0.1323308072326712 -0
7256 0.004031727039444793 0.06887442480169015 -0
7257 0.01191090990265148 0.06849208841705304 -0
7258 -0.02003979296361269 0.0149370628929213 0
7259 1.00694756333143 -0.03629931447477285 0
7260 -0.1045659216954181 0.1061366075565701 0
7261 -0.1194592170296729 0.1197073084229583 0
7262 1.006947554731383 0.03629853888169317 -0
7263 0.1025869749429872 0.104784671744092 -0
7264 0.1050268618174131 0.1143838354236352 -0
7265 0.5083342783018322 -0.3179896050326259 0
7266 0.8328917413206208 -0.06136215757486024 0
7267 0.8347638386881069 -0.07003808429630902 0
7268 0.8347640504256888 0.07003805466050106 -0
7269 0.8328919494597998 0.06136213206996074 -0
7270 1.292443808841411 0.04670770915498149 -0
7271 1.283349166176094 0.04989036519278008 -0
7272 1.282573606398711 0.04174618683305681 -0
7273 1.282573606398711 -0.04174618683305735 0
7274 1.283349166176093 -0.04989036519277992 0
7275 1.29244380884141 -0.0467077091549821 0
7276 0.3505427145366902 -0.08256841288110006 0
7277 -0.009241873260922167 0.02333114482893477 0
7278 0.8195827964500211 0.1346171540930614 -0
7279 0.8300146988986032 0.1257386073578475 -0
7280 0.830014462784044 -0.1257386413858939 0
7281 0.8195825649553672 -0.1346171784251088 0
7282 1.178891790533941 0.004996876805923207 -0
7283 1.178891790533941 -0.004996876805923936 0
7284 0.4226954057828577 -0.2448903038454834 0
7285 0.4181671652168494 -0.2219897177056412 0
7286 1.060832751339531 0.07656459548610975 -0
7287 1.061148164190227 0.06921326796447182 -0
7288 1.061148161424876 -0.06921310726162958 0
7289 1.060832894007565 -0.07656439583337563 0
7290 -0.1268467409110093 0.2768072781070348 0
7291 -0.05414418435723298 -0.001730727968988532 0
7292 0.266168140520932 -0.1055464856383479 0
7293 0.2739798814021107 -0.1008546483886485 0
7294 0.268258919060551 -0.09490243247620574 0
7295 -0.162423203949018 -0.08451010892284387 0
7296 -0.1740150107161087 -0.06927243331153607 0
7297 0.6171435004941477 -0.3230097024033032 0
7298 0.6139381262922829 -0.2938550450109784 0
7299 0.6148339135649936 0.293327449192461 -0
7300 0.6181088580809275 0.322498665432895 -0
7301 1.319779464461543 0.02495027293997222 -0
7302 1.325074215857581 0.01815144273406068 -0
7303 1.327961631360427 0.02398010910820494 -0
7304 1.327961631360426 -0.02398010910820381 0
7305 1.32507421585758 -0.01815144273405927 0
7306 1.319779464461542 -0.02495027293997117 0
7307 0.16186372857493 -0.1699959833027316 0
7308 0.1518672739091241 -0.1830993559288456 0
7309 0.1684555151744528 -0.1820863355300057 0
7310 0.1087244729315354 0.09344274996361811 -0
7311 0.1024242405784452 0.09622205593946398 -0
7312 1.009483383436428 0.06125110934413373 -0
7313 1.008251005518578 0.05402890026584572 -0
7314 1.008250513655965 -0.05403007077714582 0
7315 1.009482909188731 -0.06125237768388735 0
7316 0.104209775675699 0.07364471238033299 -0
7317 0.5498486215150552 0.086014296538102 -0
7318 0.5590843934793982 0.08171905160434773 -0
7319 0.5572398888511798 0.08921168990302064 -0
7320 1.006362164607592 -0.1366406709424653 0
7321 0.9955794060567007 -0.1471300940864263 0
7322 0.9955792956597592 0.1471298568177936 -0
7323 1.006362041494721 0.1366406047078745 -0
7324 0.6891135206758952 -0.2784705665223024 0
7325 0.689113726905472 0.2784705664229402 -0
7326 0.00881474447343469 -0.1107689792148647 0
7327 0.001650795132150453 -0.1027949980075031 0
7328 -0.008867627813926388 -0.02327520360390266 0
7329 -0.006969164059389963 -0.02539538692041479 0
7330 1.07331195347762 0.1765452505587476 -0
7331 1.062560787214366 0.1820420892532775 -0
7332 1.06259492231535 0.1661890430265222 -0
7333 1.06259498028367 -0.1661890736579991 0
7334 1.062560909530411 -0.1820421248981659 0
7335 1.07331204680268 -0.176545205785798 0
7336 0.1789105563850888 0.1339492069348431 -0
7337 0.1678728488308362 0.1380858888691499 -0
7338 1.023348957404964 0.02570200835481853 -0
7339 0.984734362794038 -0.1494314971908759 0
7340 0.9677400569381437 -0.1510400731053738 0
7341 0.9785032263057385 -0.1604132495895345 0
7342 1.023348934894919 -0.02570203170183386 0
7343 0.9785032321771381 0.1604128905352511 -0
7344 0.9677401797569192 0.1510397181939961 -0
7345 0.9847343437111593 0.149431156114515 -0
7346 1.234108133132357 0.006564659805139065 -0
7347 1.22709711813295 0.0117157499216516 -0
7348 1.227097118132956 -0.01171574992165304 0
7349 1.234108133132359 -0.006564659805140151 0
7350 0.5864045319315228 -0.09965325331655091 0
7351 0.5928034752942195 -0.09539325291573003 0
7352 1.046045918427838 0.1267406482439181 -0
7353 1.037150127844275 0.1217248746786563 -0
7354 1.03715038177393 -0.1217247621651481 0
7355 1.046046196576924 -0.126740460397233 0
7356 0.8852209647987306 0.09447352276547155 -0
7357 0.8797763067411386 0.08716696925691728 -0
7358 0.8898462090974631 0.08937557883441721 -0
7359 0.8898459825136494 -0.08937561737340696 0
7360 0.8797760850288041 -0.08716701418016512 0
7361 0.8852207434310577 -0.09447356065031584 0
7362 1.311933608968009 0.1096017083852485 -0
7363 1.302188411541806 0.1015024548837039 -0
7364 1.316926325443153 0.100400780202214 -0
7365 1.316926325443115 -0.1004007802021818 0
7366 1.302188411541794 -0.1015024548836874 0
7367 1.311933608967972 -0.1096017083852107 0
7368 1.214945262511465 0.005151090116512535 -0
7369 1.214945262511469 -0.00515109011651289 0
7370 1.183382857664833 0.134113390023001 -0
7371 1.189639396597936 0.1231777955930957 -0
7372 1.189639396598021 -0.1231777955954964 0
7373 1.183382857664834 -0.1341133900230004 0
7374 0.9702053260070018 0.02926096164611686 -0
7375 0.9730720707592616 0.0251692569824233 -0
7376 0.973651534951993 0.02921037062680237 -0
7377 0.9736513306406631 -0.02921040330864193 0
7378 0.9730718668390581 -0.02516928876215374 0
7379 0.9702051186280146 -0.02926099360525418 0
7380 0.3523464933565464 -0.110721186430086 0
7381 1.159070980258043 0.2093894994801558 -0
7382 1.159070980258054 -0.2093894994801564 0
7383 0.7105431049354489 -0.2828022863925324 0
7384 0.706727741249777 -0.2542177047083296 0
7385 0.7067279407903906 0.2542177210738056 -0
7386 0.7105433180081209 0.2828022789088577 -0
7387 -0.0197113395943201 0.03932340101515842 0
7388 -0.02591097351823084 0.04070894745123895 0
7389 -0.02378313321707061 0.03475558778915745 0
7390 0.2314973051121031 -0.1899539156067175 0
7391 1.243426317107907 0.1805589533826717 -0
7392 1.228436972885887 0.1984138309509639 -0
7393 1.228436972885907 -0.1984138309509972 0
7394 1.24342631710793 -0.1805589533827118 0
7395 -0.28427133886249 -0.0381360232868402 0
7396 -0.3122538690324511 -0.02581891556017511 0
7397 -0.0164712718644192 -0.2994032861717351 0
7398 0.002788430309607392 -0.3012786573138808 0
7399 -0.001636186027009122 -0.2712662576184854 0
7400 0.9902296852343646 0.09217794341756848 -0
7401 0.9981308421375257 0.08806181327102011 -0
7402 0.998130710896908 -0.08806233172209524 0
7403 0.990229401993898 -0.09217827397577393 0
7404 0.8382039319527035 0.05117323897236013 -0
7405 0.8446047711654014 0.04815986035435926 -0
7406 0.8432452692571663 0.05337348142419814 -0
7407 0.8432450573255253 -0.05337350499504343 0
7408 0.8446045580011646 -0.0481598839865001 0
7409 0.8382037206447709 -0.0511732628374908 0
7410 0.01562177306589548 -0.06858456720752694 0
7411 0.01014728639300051 -0.07132146787701361 0
7412 0.04625570231835592 -0.05425314899123197 0
7413 0.1504279531202457 -0.07416058171838108 0
7414 0.1560158079122163 -0.07469707106409199 0
7415 1.192096031075436 0.04912215526563021 -0
7416 1.181867692540542 0.05259136964877778 -0
7417 1.181867692542639 -0.05259136965083322 0
7418 1.192096031075735 -0.04912215526592738 0
7419 0.9900622528425642 0.01985470996098625 -0
7420 0.9870695969625329 0.0202720193710316 -0
7421 0.9870694476503568 -0.02027205193221134 0
7422 0.9900621076059173 -0.01985474203346804 0
7423 0.2639671075879415 -0.08001103456979335 0
7424 0.2683869375588064 -0.08797983218304647 0
7425 0.02233425815343091 0.0457996055623322 -0
7426 0.01880753692503542 0.04423126007424255 -0
7427 0.5251046022337862 0.1171976227008387 -0
7428 1.13799496125166 0.1323310282863288 -0
7429 1.151986999082705 0.1392957347565489 -0
7430 1.151986999131389 -0.1392957347780851 0
7431 1.137994961238651 -0.1323310286319618 0
7432 0.4288832089351606 -0.1959360418792626 0
7433 0.4412125229138352 -0.1819461227946096 0
7434 0.9700041240184935 0.04120709942520172 -0
7435 0.9700038840544181 -0.04120720578615229 0
7436 1.044351160699923 0.03936461979160605 -0
7437 1.048866037480036 0.04393342548891119 -0
7438 1.044551139264646 0.047234652660296 -0
7439 0.1465306857995527 0.08561288785784736 -0
7440 0.1472176456497643 0.0786838829090496 -0
7441 0.1522123971034948 0.08516928322346529 -0
7442 1.044551120205194 -0.04723465678776224 0
7443 1.048866017981435 -0.04393340560348873 0
7444 1.044351123690369 -0.0393646482681331 0
7445 -0.00754242319349378 0.06692717908937301 0
7446 -0.007573954170054725 0.05943963840155331 0
7447 -0.001431750037478258 0.06614805151092593 0
7448 0.09950010484151761 -0.1409158731485234 0
7449 0.1091106750945918 -0.1466852299516231 0
7450 0.1124028752041978 -0.1379277792299969 0
7451 0.3866827440335692 -0.1331420086170112 0
7452 0.3904288391899796 -0.144971816321852 0
7453 0.9062869422427091 0.2352680133751756 -0
7454 0.9062865876290527 -0.2352681868433656 0
7455 -0.01428690528708364 -0.01375730140446435 0
7456 -0.01321500160652237 -0.01594247021916437 0
7457 0.5907658285417292 0.09455218761521103 -0
7458 0.5860944809076651 0.1015032920860501 -0
7459 0.581629146585632 0.09106487950248032 -0
7460 1.013990498879597 0.008467655890436744 -0
7461 1.013990495612042 -0.008467649983746195 0
7462 -0.1146998048650973 0.07406459522226749 0
7463 -0.1100737151285037 0.06111136149195829 0
7464 -0.1044643667275082 0.07634232859278428 0
7465 0.2851583626272708 0.1638794480801369 -0
7466 0.6942829037320808 0.1227922103345389 -0
7467 0.7026343275740893 0.1190952130977973 -0
7468 0.7026341483470592 -0.119095209975817 0
7469 0.6942827266392657 -0.1227922068822958 0
7470 0.5670659371186868 -0.122691819796646 0
7471 0.5804270035618534 -0.1204638711332633 0
7472 -0.08487833702689537 0.06496987021496645 0
7473 0.9160029754117218 0.04355901635203632 -0
7474 0.9217759367882346 0.04281596234639258 -0
7475 0.9217757145739669 -0.04281599920552079 0
7476 0.9160027531284312 -0.0435590510768549 0
7477 1.198346414574583 -0.2559378211890565 0
7478 1.187003457144622 -0.2809681770122331 0
7479 1.187003464498337 0.2809681654806454 -0
7480 1.198346415164186 0.2559378199538841 -0
7481 0.05745704570059607 -0.1135862275674572 0
7482 0.06115592493825168 -0.1243130535232828 0
7483 0.9648553121083364 -0.07059196696208769 0
7484 0.9588876572025324 -0.06523551410530273 0
7485 0.9588880368472799 0.06523548053034881 -0
7486 0.9648556642793775 0.07059185650170846 -0
7487 0.00561826298296506 -0.03690552536474707 0
7488 0.008584792160701831 -0.03869232693390878 0
7489 1.314424890234847 0.0304277392712065 -0
7490 1.314424890234847 -0.030427739271206 0
7491 1.112638216228285 0.01990301890962717 -0
7492 1.112547851542435 0.02662824348175703 -0
7493 1.112547851542435 -0.0266282434817579 0
7494 1.112638216228284 -0.01990301890962875 0
7495 -0.3724529195321949 -0.05589808837871064 0
7496 1.280345222639621 0.1636775358174948 -0
7497 1.29225886813767 0.1793368980762863 -0
7498 1.292258868137857 -0.1793368980761204 0
7499 1.280345222639637 -0.1636775358175227 0
7500 0.4569144709046599 -0.1474614186009463 0
7501 0.4610205223777145 -0.1584631725487526 0
7502 0.4728285880399636 -0.1503184696981326 0
7503 1.3146538869641 0.08651859931883431 -0
7504 1.324399084390304 0.09461785282037893 -0
7505 1.324399084390267 -0.09461785282034813 0
7506 1.314653886964088 -0.08651859931882488 0
7507 -0.0804054952364065 0.1430201880670741 0
7508 -0.09439254569815103 0.1393520972279658 0
7509 0.7134715884007599 -0.1256442275897475 0
7510 0.7134717697442414 0.1256442289968531 -0
7511 0.5855158090872097 -0.1087310176116063 0
7512 0.575227891633153 -0.1035635955259191 0
7513 0.7140763183078012 0.09513207059844232 -0
7514 0.7140761368514805 -0.0951320755363899 0
7515 0.2981143684003505 -0.1686320680916271 0
7516 1.044253160291793 0.2908956722612882 -0
7517 1.060270087533629 0.311209314603547 -0
7518 1.060270190859015 -0.3112094007818563 0
7519 1.044253102386326 -0.2908957831479295 0
7520 -0.1652361401334612 -0.02851993225958665 0
7521 -0.1524036359137626 -0.03565920576967584 0
7522 -0.1513316517687366 -0.02109728551988778 0
7523 -0.07787843545443576 0.01065507805204115 0
7524 0.6610937843499045 -0.09484530239555609 0
7525 0.6683132102436187 -0.08858514299512732 0
7526 0.6683133789506246 0.08858513764284254 -0
7527 0.6610939514248928 0.09484529922619683 -0
7528 0.7725521523427895 0.3295467520670517 -0
7529 0.7576434065218749 0.3114561279244739 -0
7530 0.7576432355604199 -0.311455960110407 0
7531 0.7725519389838527 -0.3295467205166357 0
7532 -0.0263207835418965 0.09578073764071057 0
7533 -0.03487288006997295 0.08720784897358508 0
7534 -0.1427444608105397 -0.2085537893685502 0
7535 -0.1260423691868932 -0.1927725417217948 0
7536 -0.1476084155955229 -0.1868163090103927 0
7537 0.210524690851909 -0.09018321481745684 0
7538 0.2047982900459169 -0.08335968035060204 0
7539 0.2044987358767403 -0.09072626137120041 0
7540 0.0977677939215999 -0.1122223333521999 0
7541 0.1055853618821708 -0.1064372315437208 0
7542 0.09954182635255962 -0.1019038041680441 0
7543 0.8543123961027344 0.1849318714704676 -0
7544 0.8397776643060302 0.1829237447344281 -0
7545 0.8493980513517179 0.167677159522403 -0
7546 0.06684459974432952 -0.1450550383724282 0
7547 0.0693266299550063 -0.1585540670657311 0
7548 0.07929745613514994 -0.151940534997925 0
7549 0.8493977593639777 -0.1676771608253541 0
7550 0.8397773337646428 -0.1829236894882754 0
7551 0.8543120555818626 -0.1849318291248832 0
7552 0.9949022931449987 -0.033653264592202 0
7553 0.9982013594252761 -0.03593809487938519 0
7554 0.9982014785363469 0.03593762729836205 -0
7555 0.9949023329867789 0.03365302059513961 -0
7556 0.5209185278443824 0.2065536834602885 -0
7557 0.5241918958426746 0.2305877507158196 -0
7558 0.7105338057342309 -0.06862511929614534 0
7559 0.7168803980373577 -0.0748979637536977 0
7560 0.7168805799382929 0.07489795299684993 -0
7561 0.7105339860732252 0.0686251068710904 -0
7562 0.84344845537485 0.1409125577251464 -0
7563 0.8449772532756434 0.1545838492563013 -0
7564 0.8333345216542202 0.1519977412552085 -0
7565 0.8333342601002007 -0.1519977532831576 0
7566 0.8449769905779753 -0.1545838762796122 0
7567 0.843448213131418 -0.1409126083740235 0
7568 1.084310270695586 0.1667218706804709 -0
7569 1.084276135594602 0.1825749169072262 -0
7570 1.084276233947081 -0.1825748806182353 0
7571 1.08431030470034 -0.1667218293780685 0
7572 0.9996853004435815 -0.04600829475159206 0
7573 0.9992966350028754 -0.05221789624351651 0
7574 1.00307432816497 -0.050700096031097 0
7575 1.003074898705947 0.05069893204286957 -0
7576 0.9992976249755806 0.05221711196866351 -0
7577 0.9996860589098916 0.04600757197505884 -0
7578 0.4871357547282226 -0.1703669265770202 0
7579 0.4682377936131541 -0.1726165100642045 0
7580 0.3038622921618667 0.162599522299086 -0
7581 0.9288892905956225 -0.2049167259294873 0
7582 0.9174993484186047 -0.2202836963764164 0
7583 0.9331309784875378 -0.2269990725610598 0
7584 0.9331312080410822 0.226998949875154 -0
7585 0.9174997207766841 0.2202835568814516 -0
7586 0.9288895206443235 0.2049165995536394 -0
7587 0.7245266668228263 0.09649533194366119 -0
7588 0.7245264821976876 -0.09649533721281978 0
7589 -0.1041465930621524 -0.05553390804398124 0
7590 0.5717167298835453 0.09146621447129288 -0
7591 0.1233903606223238 0.07105035578986417 -0
7592 0.1181424577982926 0.07036703253897196 -0
7593 1.05975269090526 0.01441636029251633 -0
7594 1.059752690895329 -0.01441636028523639 0
7595 0.3158872368905949 0.1069249985561856 -0
7596 0.3103097767349438 0.09827738464464844 -0
7597 0.3580230548739682 -0.3695758429769657 0
7598 0.3373404381590345 -0.3437835322754719 0
7599 1.054139191843839 0.03928281304832262 -0
7600 1.060923661867962 0.0360807053858923 -0
7601 -0.2196347283707435 -0.1751801550228065 0
7602 1.06092366131193 -0.0360807049783597 0
7603 1.054139172632959 -0.03928281492355212 0
7604 -0.01388432140329393 -0.02449288766895095 0
7605 -0.01612358448943855 -0.02708667186656146 0
7606 0.5045009464469736 -0.2913094231363578 0
7607 0.4860578320747488 -0.3059160332131061 0
7608 1.064951543944175 0.04707974373509953 -0
7609 1.064951542221316 -0.04707973055287883 0
7610 -0.02100694551061024 -0.07525128927486591 0
7611 1.101287015932518 0.033381540509191 -0
7612 1.095750075025902 0.03016222312304292 -0
7613 1.095750074803784 -0.03016222225830732 0
7614 1.101287015742131 -0.03338153976799006 0
7615 1.092803780822368 0.009533336167706137 -0
7616 1.092400588036459 0.01521340110108511 -0
7617 1.092400588036459 -0.01521340110108569 0
7618 1.092803780822368 -0.0095333361677068 0
7619 1.034145859331133 0.01003404807684412 -0
7620 1.034145859331135 -0.01003404807684347 0
7621 0.3859346398339004 -0.2668979953953845 0
7622 0.4036074077725039 -0.2514778006538736 0
7623 1.333416196390265 0.08279186101789479 -0
7624 1.335688634869318 0.09667404190127446 -0
7625 1.335688634869268 -0.09667404190123331 0
7626 1.333416196390241 -0.08279186101787636 0
7627 1.196367968480393 0.3297708412808857 -0
7628 1.177654605700147 0.3218122731050322 -0
7629 1.182614836037867 0.3003523102426801 -0
7630 1.182614827304888 -0.3003523237236218 0
7631 1.17765459880582 -0.3218122837029826 0
7632 1.196367966642689 -0.3297708441633607 0
7633 -0.01354543308889893 -0.03526887808072791 0
7634 -0.009159434782794027 -0.03577112140555848 0
7635 1.044089887119598 -0.1827776065173215 0
7636 1.04088392235661 -0.1653585563170503 0
7637 1.040883824461945 0.1653584753785745 -0
7638 1.04408969204405 0.1827773052383065 -0
7639 -0.009205308972874273 0.03656546237575911 0
7640 -0.01471735299637097 0.03687881482713931 0
7641 -0.02456136469722312 0.1526897688177219 0
7642 -0.01591905661604824 0.1605826942221329 0
7643 -0.02668399785808115 0.168642974277404 0
7644 0.2566536025655854 -0.1190949156247097 0
7645 0.6709503021662432 -0.1478910921193313 0
7646 0.6594518530771303 -0.1454208317980012 0
7647 0.659452241884254 0.1454202529710157 -0
7648 0.6709505056087615 0.1478910205068545 -0
7649 0.3482987511145828 0.2617984816893463 -0
7650 0.3287718896189847 0.2765100152255147 -0
7651 0.3296663795822948 0.248899441319955 -0
7652 -0.01068993387331022 0.04494289424010636 0
7653 -0.007798244357823728 0.04071859557378293 0
7654 -0.006636971531551869 0.04527390151268759 0
7655 -0.1337385119902915 0.05506327703150433 0
7656 -0.1996608831781529 0.3134337346414139 0
7657 1.127847009676884 0.0804063892995488 -0
7658 1.134076107555193 0.09021258559836996 -0
7659 1.12625118305079 0.08837673546917593 -0
7660 1.126251178484615 -0.08837673589443087 0
7661 1.134076105536994 -0.09021258721599038 0
7662 1.12784700773025 -0.08040639032801866 0
7663 1.091853900965595 0.02192546693314197 -0
7664 1.09160585737952 0.02731832758088212 -0
7665 1.086486169364794 0.02510800717896528 -0
7666 1.086486169364796 -0.02510800717895912 0
7667 1.09160585734779 -0.02731832745734174 0
7668 1.091853900933864 -0.02192546680960774 0
7669 0.5768649248076534 0.1056248936859596 -0
7670 0.5860016067637506 0.1091122017986903 -0
7671 0.9836416994260235 0.06651444068476384 -0
7672 0.9915570931931822 0.06684584983321823 -0
7673 0.9915561410946641 -0.06684640843358181 0
7674 0.9836410095190629 -0.06651525298961125 0
7675 0.9595105954011589 0.04340943539089444 -0
7676 0.9554915517869599 0.04081171689279668 -0
7677 0.9554913246862177 -0.04081177303885384 0
7678 0.9595103608550966 -0.04340951813506387 0
7679 0.1959321536525124 -0.2150601521058654 0
7680 0.2110253746437225 -0.2124043316153905 0
7681 0.02292704247963986 -0.071205872056608 0
7682 0.2855185070864473 -0.2923668307355103 0
7683 0.3099342591968129 -0.3060231496364046 0
7684 0.50271060819229 0.1804702694178684 -0
7685 0.515278780695054 0.1831902280492712 -0
7686 0.9061842388614799 0.04783177839319587 -0
7687 0.9078400937331194 0.05539336567461529 -0
7688 0.9034648149464013 0.05341434485194903 -0
7689 0.9034645899140074 -0.05341437280634063 0
7690 0.9078398691392926 -0.05539339665300379 0
7691 0.9061840175690089 -0.04783180842288062 0
7692 0.5046625941867553 0.2674462650216961 -0
7693 0.4798823441165307 0.2756942565022461 -0
7694 0.9675409284621037 -0.1751237598649009 0
7695 0.9845352343179981 -0.173515183950403 0
7696 0.9845351541427813 0.1735148259654922 -0
7697 0.967540990188541 0.1751233880449733 -0
7698 0.3420709632546243 -0.08273683420577518 0
7699 0.1572428052459909 0.09572340931751122 -0
7700 0.1542238525229432 0.1026178832272159 -0
7701 0.1485064845302355 0.09899276208196772 -0
7702 0.04300928056126068 -0.08769870769864258 0
7703 0.08751826411859082 -0.0649667629736857 0
7704 0.09243033958960055 -0.0658466310866926 0
7705 0.06368602945920321 0.1797538625251787 -0
7706 0.04889313589119472 0.1780191399088592 -0
7707 0.9243538298111267 0.05214016186664931 -0
7708 0.9313119901709312 0.05487634052527859 -0
7709 0.9259280712017852 0.05709989870779993 -0
7710 0.9259278499379791 -0.05709994894099903 0
7711 0.9313117691735769 -0.0548763918168659 0
7712 0.9243536096077758 -0.05214020684362676 0
7713 0.6892813445943695 -0.08757282322635261 0
7714 0.6892815191768555 0.08757281725014027 -0
7715 -0.02316124542799146 -0.00957556416445051 0
7716 -0.0238318282571634 -0.006824250160325909 0
7717 0.7668451824947109 0.1478447417913793 -0
7718 0.7585735870757293 0.1523313378179838 -0
7719 0.7526723009941059 0.1423654314978512 -0
7720 0.7526721102645816 -0.1423654375904922 0
7721 0.758573389773599 -0.1523313390885126 0
7722 0.7668449796525821 -0.1478447381759859 0
7723 0.02255430353895598 -0.05049560098095997 0
7724 0.02628506803896971 -0.04685569427311348 0
7725 -0.01976187757843025 -0.02564063121584833 0
7726 0.2620557081655425 -0.1112550068764163 0
7727 0.5171406912389027 0.3160683035354759 -0
7728 1.341452704518638 0.01895764561832016 -0
7729 1.34483120313291 0.02694116625307071 -0
7730 1.336634881370737 0.02516479953704395 -0
7731 1.336634881370738 -0.02516479953704327 0
7732 1.344831203132912 -0.02694116625307114 0
7733 1.341452704518638 -0.01895764561831977 0
7734 -0.06156829334991641 -0.04292889005972552 0
7735 -0.06881249953534657 -0.04735056659090243 0
7736 -0.06153786203571008 -0.05134949521542678 0
7737 -0.002469315692867185 0.1702908579613127 0
7738 -0.0003466825320091547 0.1543376525016306 0
7739 0.3437748544500619 -0.1011268319330072 0
7740 1.038497079692561 0.01104538758431516 -0
7741 1.042576873302376 0.01330187044595725 -0
7742 1.042576869990274 -0.01330187109361295 0
7743 1.038497079692563 -0.01104538758431465 0
7744 0.8535301615719537 -0.06513139958719209 0
7745 0.8535303758862807 0.0651313711101783 -0
7746 0.03694181533245339 0.1769848415218527 -0
7747 1.056243938616388 0.06394211278961859 -0
7748 1.056243923905897 -0.06394200507212842 0
7749 0.2874750676553948 -0.1155883927270001 0
7750 0.2950024217098677 -0.1185998727071741 0
7751 0.2969248095425471 -0.1063465917376102 0
7752 0.9484221455195594 0.04620474869759286 -0
7753 0.9490404004946528 0.05149855589733542 -0
7754 0.9490401627263712 -0.05149862504933448 0
7755 0.9484219170085559 -0.04620481399809627 0
7756 0.0175977838096738 0.05338057356929282 -0
7757 0.01196114758039256 0.05556411668751356 -0
7758 1.308916283993334 0.162510055807374 -0
7759 1.308916283993399 -0.1625100558072282 0
7760 -0.07179459661631352 -0.07856940922822414 0
7761 -0.08126002313432165 -0.07440479437665118 0
7762 0.594611180934743 -0.07935301646717904 0
7763 0.5936621280244367 -0.07178026042356947 0
7764 0.5933148255955393 0.0716502352608578 -0
7765 0.5932351540006698 0.0785061787759261 -0
7766 1.120851552690173 0.09563433492587395 -0
7767 1.114622454811864 0.08582813862705278 -0
7768 1.114622453918695 -0.08582812623453644 0
7769 1.120851551725438 -0.09563432312250814 0
7770 -0.2732311304606995 -0.227454887653992 0
7771 -0.2355345313648741 -0.2421368869970092 0
7772 0.4461613844875226 -0.1422446955488619 0
7773 0.4371701028317797 -0.1338102759535391 0
7774 0.09817318281944662 -0.09494198827944061 0
7775 0.09035561485887572 -0.1007270900879197 0
7776 1.265054816075876 0.2737397014243504 -0
7777 1.265054816048699 -0.2737397014804753 0
7778 0.4523236764778504 -0.1697594589670182 0
7779 0.4339952516783955 -0.1677927852791578 0
7780 0.09299203939507159 -0.08824949931324055 0
7781 1.059161025814054 0.08556190750459297 -0
7782 1.059867432198072 0.0943198610891913 -0
7783 1.286826432097204 0.05812805012107634 -0
7784 1.297312602357034 0.06243701754254154 -0
7785 1.297312602357032 -0.06243701754254116 0
7786 1.286826432097202 -0.05812805012107566 0
7787 1.059867789435564 -0.09431954316295942 0
7788 1.059161231697866 -0.0855616801334958 0
7789 0.9555499744895971 0.05181679471759722 -0
7790 0.9501409151701747 0.0568347502048929 -0
7791 0.9501406361841536 -0.05683482345425736 0
7792 0.9555496921901797 -0.0518168776505751 0
7793 1.128094315513174 0.2024315680494325 -0
7794 1.127159020663019 0.2230380335883168 -0
7795 1.112068936235456 0.2177860706543882 -0
7796 1.112068980621755 -0.217786030596767 0
7797 1.12715906504932 -0.2230379935307328 0
7798 1.128094315513164 -0.202431568049425 0
7799 0.5916036438602232 -0.1165535289238951 0
7800 0.2271188627775334 0.09791496326001395 -0
7801 0.2241041036199424 0.1055304160710021 -0
7802 0.2186096562510292 0.1020710229612735 -0
7803 0.04160011715427109 0.06195070922223924 -0
7804 0.04727769322211503 0.05912252563306299 -0
7805 0.04564333640373439 0.06445183536105621 -0
7806 1.031296827736837 0.06475317096332905 -0
7807 1.025472732058946 0.06909936182655554 -0
7808 1.025472722526734 -0.06910020846528397 0
7809 1.031296854495849 -0.06475364301364893 0
7810 -0.1559756960227907 -0.04794063774627817 0
7811 0.7256754875438727 0.2408451189128532 -0
7812 0.7256752827681436 -0.2408451088224407 0
7813 1.074147837693718 0.009404189003293236 -0
7814 1.071779069610614 0.003932557922089158 -0
7815 1.071779069610613 -0.003932557922089481 0
7816 1.074147837693717 -0.009404189003293092 0
7817 0.1012716546603798 -0.1791071660027019 0
7818 0.1080948399567076 -0.1959642791580635 0
7819 0.01053647897310353 0.09537544405120318 -0
7820 0.0189895998947069 0.09061256923242209 -0
7821 0.01570070190699917 0.100639535032543 -0
7822 0.05583252464512524 -0.06254427264503533 0
7823 0.05945475419672379 -0.05772141338510081 0
7824 1.227403754521982 0.04970994488792278 -0
7825 1.217713952172554 0.04734787174002635 -0
7826 1.217713952172558 -0.0473478717400324 0
7827 1.227403754521986 -0.04970994488792793 0
7828 -0.01158398673852547 0.01850528666176263 0
7829 -0.01476440758304309 0.01886535206792508 0
7830 -0.01754703053131423 -0.05797741342190225 0
7831 -0.01794205481356242 -0.06486832374227591 0
7832 0.05222002028080505 -0.07679049214524447 0
7833 0.05185554379256448 -0.08502634849887021 0
7834 0.05736265174736346 -0.08136247238482636 0
7835 1.081447182669525 0.04975203008456387 -0
7836 1.075036475957902 0.04648483030955759 -0
7837 1.075036474880496 -0.04648481691328277 0
7838 1.081447186280586 -0.0497520246779168 0
7839 -0.04378941316015224 -0.004229816137607843 0
7840 -0.04206642882610286 -0.008941429284711509 0
7841 -0.03551861146720953 -0.02834702917890212 0
7842 -0.03262643965784137 -0.03205992450373109 0
7843 0.9635230910503151 -0.3408305393749664 0
7844 0.9699054448313991 -0.3748999078483312 0
7845 0.9699057224287537 0.3748999643102849 -0
7846 0.9635234977992109 0.3408304946617794 -0
7847 0.2883373321336098 -0.1419944198328656 0
7848 0.9020448997371375 -0.2131858402117932 0
7849 0.9020452548459504 0.2131856630536611 -0
7850 -0.09612833988835143 -0.10568232728762 0
7851 -0.09608897896390807 -0.118767866182667 0
7852 -0.08207990298126601 -0.1151258789894952 0
7853 0.006469312059401811 0.08718158609437959 -0
7854 1.14587855120611 0.04510665855911383 -0
7855 1.144790151884294 0.03662628023507673 -0
7856 1.151833862743448 0.04069719851431002 -0
7857 1.151833862756029 -0.04069719852662165 0
7858 1.144790151884298 -0.03662628023507229 0
7859 1.14587855121869 -0.04510665857142868 0
7860 -0.3305284944025317 0.1105169476696331 0
7861 -0.3211006033953205 0.07163517340424722 0
7862 -0.08151856573822899 0.01908157345551931 0
7863 -0.07110340979633351 0.01537045123093455 0
7864 1.338798848834301 0.05546129949734437 -0
7865 1.338798848834304 -0.05546129949734396 0
7866 0.04030634380134279 -0.1115341085097269 0
7867 0.03349723094399175 -0.1224962243904866 0
7868 -0.09120929277889211 -0.009249768488729328 0
7869 -0.08918929357610267 -0.02031406671392445 0
7870 0.03732995442843266 0.3452937523544167 -0
7871 0.02932393198048172 0.3771796147602799 -0
7872 0.3015328855354732 -0.1255546495922796 0
7873 0.02614624793715986 0.05307703253799435 -0
7874 0.02953985926129542 0.05572669935044564 -0
7875 -0.06808662565110031 -0.1511468260233721 0
7876 -0.0704790733215572 -0.134380870811845 0
7877 -0.07964809438636575 -0.1449773730960693 0
7878 1.096074312053665 0.1623541806979699 -0
7879 1.096074335123842 -0.1623541271056946 0
7880 1.307281222635898 0.01328009920081899 -0
7881 1.314171836738038 0.01395223502628833 -0
7882 1.314171836738037 -0.01395223502628735 0
7883 1.307281222635897 -0.01328009920081906 0
7884 0.0672192688400076 -0.1354437245887419 0
7885 0.395793135783384 -0.1567847733624238 0
7886 1.297420218738111 0.2485616464655014 -0
7887 1.286212285575894 0.226215301074174 -0
7888 1.286212285574505 -0.2262153010777742 0
7889 1.297420218736971 -0.2485616464687372 0
7890 0.8941205453519296 0.08140817245220688 -0
7891 0.8897184109470548 0.07683483782329037 -0
7892 0.8897181862333998 -0.07683487787701104 0
7893 0.894120319301094 -0.08140821491715186 0
7894 1.319054462859831 0.1222075470018384 -0
7895 1.304316548958484 0.1233092216833283 -0
7896 1.304316548958473 -0.1233092216832714 0
7897 1.319054462859794 -0.1222075470017658 0
7898 -0.2611025749049142 0.1856079202680387 0
7899 1.277422815979183 0.2138444548764078 -0
7900 1.272016219831043 0.236998179326728 -0
7901 1.272016219829528 -0.2369981793305958 0
7902 1.277422815979406 -0.2138444548763306 0
7903 1.216423528463903 0.01184151745037753 -0
7904 1.216423528463909 -0.01184151745037729 0
7905 0.9495528415463179 0.02597617306343553 -0
7906 0.9457758059319529 0.0264769739041716 -0
7907 0.9457755903328671 -0.02647700448396457 0
7908 0.9495526261575278 -0.02597620375582974 0
7909 0.09650284510373774 0.1205434225579038 -0
7910 -0.03195980573538373 -0.1673372382536492 0
7911 -0.03609966932121514 -0.1865099897886272 0
7912 -0.01782656734852177 -0.1786302016206675 0
7913 0.5257877530098867 -0.08521839076392138 0
7914 0.0300519127076823 -0.2879736247046656 0
7915 0.01521682687027222 -0.3161106532579152 0
7916 0.07992361483843938 -0.08571878579818293 0
7917 0.0818060876632842 -0.07809957133837725 0
7918 0.07629008946644712 -0.08159659803380917 0
7919 0.9916530927934597 0.03464223520853314 -0
7920 0.992617268691079 0.03011039613482387 -0
7921 0.9926172882416204 -0.03011052495342621 0
7922 0.9916529218355068 -0.03464247159285481 0
7923 0.0005958091256046327 0.03209578078486436 -0
7924 -0.003111597411619977 0.03405674786290251 0
7925 -0.01412050407662947 -0.1339001071223997 0
7926 -0.01878767882832015 -0.1477942921927241 0
7927 0.1708463316345653 0.111370977213863 -0
7928 0.1811748906849683 0.1167968911577712 -0
7929 0.1608950822430838 0.1668589337927525 -0
7930 0.1710604487996256 0.1567059762762468 -0
7931 0.1720762295188499 0.1709740476628923 -0
7932 1.168782586667406 0.03300943920948299 -0
7933 1.162051196075391 0.03243129335824638 -0
7934 1.169522490824936 0.0276686527661365 -0
7935 1.169522490824931 -0.02766865276613538 0
7936 1.162051196075387 -0.03243129335824329 0
7937 1.168782586667404 -0.03300943920948145 0
7938 0.1995072225982688 0.3681605810201638 -0
7939 0.2352290877992063 0.3705908678716641 -0
7940 -0.04885033029393249 0.01758942370216663 0
7941 -0.05235839003436457 0.02271675332279933 0
7942 0.5485513498472283 -0.139768064550046 0
7943 0.5467661023106474 -0.1279253458898335 0
7944 0.5355247467093421 -0.1349511306675619 0
7945 0.964716254085858 -0.1129389692106703 0
7946 0.9601663578692838 -0.1033388145259511 0
7947 0.9601666040937581 0.103338583201111 -0
7948 0.9647164867826998 0.112938663793232 -0
7949 0.08980386543779836 -0.1352999643657596 0
7950 0.09454831038789144 -0.125732336250607 0
7951 0.4668920327413122 -0.08525037992027532 0
7952 0.470198137652418 -0.07596321642131901 0
7953 0.853249241995474 0.05365097849835115 -0
7954 0.8532490265585556 -0.05365099985058661 0
7955 0.8967871655508233 0.03291441040586749 -0
7956 0.8952369199333368 0.03840185468381796 -0
7957 0.8952366984154105 -0.03840188219720188 0
7958 0.8967869442656868 -0.03291443816215436 0
7959 1.09027447030834 0.004177508332233587 -0
7960 1.090274470308341 -0.004177508332233669 0
7961 0.9276830766474883 0.06248522440943396 -0
7962 0.9276828528499999 -0.06248527647910893 0
7963 0.7648128909683584 -0.3702370755318412 0
7964 0.7648129663123163 0.370237121888029 -0
7965 -0.01957101614132027 0.1311908021627734 0
7966 -0.02849513774191144 0.1408876838768725 0
7967 -0.0342697304280415 0.1274489972771951 0
7968 0.0889285676636685 0.1144148877998429 -0
7969 0.08115556378891001 0.1078513423874485 -0
7970 0.08754001016628218 0.1033238760177566 -0
7971 0.3754940521229798 0.08081851363800427 -0
7972 0.08721864369063351 -0.07642887060328307 0
7973 0.09121836024982846 -0.08247774176495797 0
7974 0.102695185948248 -0.06672414947086239 0
7975 0.1043524741040167 -0.07331241327372792 0
7976 -0.002012594481651477 0.04489514748786594 0
7977 -0.00490428399713797 0.04911944615418937 0
7978 0.09400438270413192 0.07197552804896762 -0
7979 0.09257552533375613 0.06525906930121682 -0
7980 1.212897158642882 0.1000997668532736 -0
7981 1.204216219926464 0.09490931860978508 -0
7982 1.213758489489115 0.0891741189267463 -0
7983 1.213758489489118 -0.0891741189267939 0
7984 1.204216219926481 -0.09490931861023294 0
7985 1.212897158642898 -0.100099766853674 0
7986 0.4127210303107812 -0.09345498270939007 0
7987 0.404783513814494 -0.08578130523934577 0
7988 0.003180414071694082 0.09720855189450052 -0
7989 1.093182860613269 0.09743145988121595 -0
7990 1.08402012507199 0.1050226228025409 -0
7991 1.084020216165699 -0.1050224499223211 0
7992 1.09318287947174 -0.0974313839422998 0
7993 -0.003004225786712118 -0.09752599427038261 0
7994 -0.003039495058944714 -0.1080821526482443 0
7995 1.256189713804058 0.211118016440444 -0
7996 1.256189713804129 -0.2111180164405637 0
7997 0.4579694501497718 -0.1340999926982418 0
7998 0.3542984785851752 0.1165304954223735 -0
7999 0.3479036826308604 0.1264107984150116 -0
8000 0.3403973349016745 0.1169415735893134 -0
8001 0.8716959856037478 0.07508669606317982 -0
8002 0.8636152146668292 0.07435860559305268 -0
8003 0.8636149984955519 -0.07435864175093601 0
8004 0.8716957680589421 -0.0750867317136247 0
8005 1.034255514189354 0.05894282081578796 -0
8006 1.034255482955476 -0.05894312951678598 0
8007 0.7805812912774031 0.06776115324513618 -0
8008 0.773645644399376 0.07182348348097178 -0
8009 0.7736454476489425 -0.07182350000216868 0
8010 0.7805810931254684 -0.06776117108591297 0
8011 0.1448683612515446 0.07355832824519005 -0
8012 0.1394785185545676 0.07297853326080826 -0
8013 0.1667804252779309 0.2381362033884872 -0
8014 0.1495127046451666 0.2312946310781344 -0
8015 0.1671521815862144 0.2208080649234256 -0
8016 0.4652480734332388 0.1057415247550358 -0
8017 0.4548062924404278 0.1101251539024977 -0
8018 0.08723961763320749 0.1347416863504065 -0
8019 0.2229475952908558 -0.131953780981812 0
8020 0.2137555394558302 -0.1234582531503906 0
8021 1.156028377669747 0.03499444999593289 -0
8022 1.156028377669748 -0.03499444999592731 0
8023 1.044824275483233 0.05639386753191843 -0
8024 1.050629677291789 0.06001270309170902 -0
8025 1.050629673050879 -0.06001258235957328 0
8026 1.044824280407892 -0.05639387310760333 0
8027 0.1704672874030974 -0.1433729566006085 0
8028 0.1788204498283111 -0.1492311124645321 0
8029 0.1847297842814861 -0.1409686006627458 0
8030 -0.02714947733519864 0.03198915316031269 0
8031 -0.0209498434112879 0.03060360672423216 0
8032 0.0281099776023319 -0.1613030614996358 0
8033 0.03743179111994156 -0.173444486286898 0
8034 0.04557357616008927 -0.1668691602689031 0
8035 0.7658198829981885 0.09203383103881796 -0
8036 0.7569773864006947 0.08698384788736493 -0
8037 0.7569771920557324 -0.08698385845938372 0
8038 0.7658196859840937 -0.09203384151177743 0
8039 0.6222891404095281 -0.06438390977587675 0
8040 0.6286050817036875 -0.06383531178158028 0
8041 0.6286052363497714 0.06383530014119834 -0
8042 0.6222892933059101 0.06438389828747264 -0
8043 -0.1599151503525372 0.1479731559477827 0
8044 0.1487652827516126 0.1288481211681532 -0
8045 0.489582899029009 0.08787968715277866 -0
8046 0.4968043344239877 0.08031181680685495 -0
8047 0.497123288961804 0.08904687330046648 -0
8048 1.020546446905636 0.03889332364521084 -0
8049 1.025843500946572 0.0413132131324844 -0
8050 1.025843440385025 -0.04131371591133703 0
8051 1.020546414925918 -0.03889386748165676 0
8052 -0.09847807550700641 0.08299379512107584 0
8053 -0.09414908547393147 0.09457546861541224 0
8054 -0.007804585056460474 0.09211559262218517 0
8055 0.4403293612469044 -0.2818863278976346 0
8056 0.4248508028776036 -0.2642813037398505 0
8057 1.108248196167307 0.01243466705261842 -0
8058 1.113399718774117 0.01400757501988146 -0
8059 1.113399718774117 -0.01400757501988322 0
8060 1.108248196167306 -0.01243466705262004 0
8061 1.085394808055153 0.004177508332233587 -0
8062 1.085394808055153 -0.004177508332233669 0
8063 1.222693083890965 0.1065223384568229 -0
8064 1.213150814328314 0.1122575381398617 -0
8065 1.21315081432833 -0.1122575381402635 0
8066 1.222693083890968 -0.1065223384568244 0
8067 1.008639179096671 -0.04782046928522136 0
8068 1.008639439452889 0.04781936027224104 -0
8069 0.7055017107454821 0.07280307365689583 -0
8070 0.7093999292003033 0.08076530367062426 -0
8071 0.7093997490788644 -0.08076531233650144 0
8072 0.7055015317409912 -0.07280308460445337 0
8073 0.5911755374127157 0.1165861983944159 -0
8074 0.5819459813127039 0.1207077999943254 -0
8075 0.5699658357164061 -0.1951093255907601 0
8076 0.576866819097231 -0.2145590096502397 0
8077 0.5875290182564292 -0.2033367488247954 0
8078 1.218756972885104 0.215996758075761 -0
8079 1.208190025980769 0.2375538025074121 -0
8080 1.197154321493656 0.2207760065816528 -0
8081 1.197154321362963 -0.2207760068834548 0
8082 1.208190025850061 -0.237553802809282 0
8083 1.218756972885083 -0.2159967580758463 0
8084 0.3549757129492067 0.09073100175682257 -0
8085 0.3505997463377101 0.08097723074553487 -0
8086 0.5884093727314288 0.2033932310905199 -0
8087 0.5786097490154075 0.2143882274267851 -0
8088 0.5719236529664948 0.1952114523500688 -0
8089 0.8791467893089375 -0.03515710714628074 0
8090 0.8791470070514533 0.03515708035539825 -0
8091 0.1904886617699892 0.077417335509364 -0
8092 0.1846632961750551 0.07703310088769752 -0
8093 -0.0008715939806383902 0.05370060147623697 0
8094 -0.005495971030538782 0.05407935550105863 0
8095 0.4883316265309358 0.1729046993079224 -0
8096 1.10314758164365 0.01391781431702017 -0
8097 1.103147581643649 -0.01391781431702191 0
8098 0.5235695341874083 -0.1286033722847411 0
8099 1.082192360655825 0.3197043944351966 -0
8100 1.089046410845175 0.2959727006047844 -0
8101 1.089046296539368 -0.2959726726113812 0
8102 1.082192530658129 -0.3197045025260084 0
8103 0.3659039716529834 0.2494422679954523 -0
8104 0.3650094816896733 0.277052841901012 -0
8105 1.224832955056292 0.0582208302478407 -0
8106 1.224832955056296 -0.05822083024784709 0
8107 0.06262353849127569 -0.07628475664638579 0
8108 0.06858691681215742 -0.07310979251829589 0
8109 0.06369050655648575 -0.0699516519031107 0
8110 -0.07613672515879349 -0.2541666666173695 0
8111 -0.0689271870839625 -0.2266779457577383 0
8112 -0.0890565037418469 -0.2343369273398195 0
8113 0.9243331172266209 -0.03538193249203059 0
8114 0.920429919393698 -0.03216815690828935 0
8115 0.9204301405586104 0.03216812655251489 -0
8116 0.924333338352047 0.03538189977735653 -0
8117 0.2707901183324314 0.1048246421967552 -0
8118 1.087010534807578 0.06483819359607867 -0
8119 1.08050594145878 0.07084466087574824 -0
8120 1.080505939577446 -0.07084457626870591 0
8121 1.087010535677071 -0.06483816624098124 0
8122 0.9318756587042785 0.04535797150500496 -0
8123 0.9382041999266639 0.04336411815551397 -0
8124 0.938203982531397 -0.04336416434949947 0
8125 0.9318754393107265 -0.04535801483397613 0
8126 0.6890347379833208 0.07183223602463318 -0
8127 0.6939525675546654 0.06774457015860616 -0
8128 0.6939523920070281 -0.06774458225875146 0
8129 0.6890345638785443 -0.07183224678111241 0
8130 0.60472098233682 -0.2105659363735615 0
8131 0.5978199989559952 -0.1911162523140819 0
8132 0.5984480874159944 0.1912731582641273 -0
8133 0.6051341834649071 0.2104499333408437 -0
8134 -0.01865950891330551 -0.004244794706223292 0
8135 -0.01632372122395129 -0.005115652108345036 0
8136 0.8997323712355408 0.05844404433589363 -0
8137 0.8997321467003754 -0.05844407104331506 0
8138 0.06225906200303512 -0.08452061300001154 0
8139 0.7722751993066863 0.09883683092293227 -0
8140 0.7807892223350505 0.1058195163470585 -0
8141 0.7807890168994889 -0.1058195236549313 0
8142 0.7722749987805002 -0.09883683954027361 0
8143 0.1511838166075934 0.1730359423965828 -0
8144 0.1501680358883691 0.1587678710099373 -0
8145 0.155851002793394 -0.1031127088857241 0
8146 0.1588561684637633 -0.1110215481697121 0
8147 0.1715049613950905 -0.1603092156531432 0
8148 0.2141432607871457 -0.07782899169363343 0
8149 0.2162095583711105 -0.08444954717491374 0
8150 1.150385757517207 0.004835799619639137 -0
8151 1.147586765315062 0.01118942357342595 -0
8152 1.147586765315061 -0.01118942357342746 0
8153 1.150385757517207 -0.004835799619639373 0
8154 0.4475684920093954 -0.07731527035851436 0
8155 0.2375643382725709 -0.08103269424474567 0
8156 0.04486139653600395 -0.2755184115996369 0
8157 0.112724006801953 0.2435503817070724 -0
8158 0.2161647204486359 0.171604147256589 -0
8159 0.217322805250321 0.1603139588981113 -0
8160 0.2265559702638787 0.1702173116703227 -0
8161 0.9675498072611477 0.0225758174555031 -0
8162 0.9663238452652516 0.02698385091180053 -0
8163 0.9663236366377467 -0.0269838831360187 0
8164 0.9675495985783072 -0.02257584723067796 0
8165 1.090382343425101 0.03334476336886623 -0
8166 1.090382343234716 -0.0333447626276587 0
8167 0.1147457017836759 -0.07507769255370719 0
8168 0.1182236119095946 -0.06924194366231104 0
8169 0.1039276578380001 -0.159987999522067 0
8170 -0.04408303866272404 0.01586938279260586 0
8171 -0.03986000914112854 0.01236252943673892 0
8172 0.1576917822643444 0.08751129362250751 -0
8173 0.163409150257052 0.09113641476775568 -0
8174 -0.01884613778421066 0.004374952495937405 0
8175 -0.01656101816919077 0.002807981576646988 0
8176 0.6570745149359637 -0.06770240381629844 0
8177 0.659495102500973 -0.06022466334034023 0
8178 0.6594952685822707 0.06022465032843082 -0
8179 0.6570746799079008 0.06770239371903991 -0
8180 0.1730953562480722 -0.07584979198941436 0
8181 0.178818575579705 -0.07627646906873589 0
8182 0.1109463019122837 -0.1133064973846408 0
8183 -0.05403525355043148 -0.04125235457912567 0
8184 -0.06130989105006797 -0.03725342595460132 0
8185 -0.3269252268287505 -0.1161392366685286 0
8186 -0.3561799491710664 -0.1136977417979791 0
8187 1.067179519929816 0.003932557922089158 -0
8188 1.065065184309145 0.008631050792264894 -0
8189 1.065065184309143 -0.008631050792264453 0
8190 1.067179519929815 -0.003932557922089481 0
8191 -0.01073040191862984 0.1903036878654951 0
8192 0.8836096174581107 0.03460770886647774 -0
8193 0.883609397411345 -0.03460773594102586 0
8194 1.021918419980921 0.0209580464578608 -0
8195 1.021918422444455 -0.0209580572855396 0
8196 0.5632426435053208 0.09387087061878754 -0
8197 0.5540068715409778 0.09816611555254182 -0
8198 1.320159328926168 0.01394303092597166 -0
8199 1.328341495825052 0.01297286709420438 -0
8200 1.328341495825051 -0.01297286709420328 0
8201 1.320159328926167 -0.01394303092597065 0
8202 0.3560565851029918 0.1552071812264529 -0
8203 -0.001973676492618794 0.141237728645437 0
8204 0.3421279906833226 0.08114565226148773 -0
8205 0.3385722938697686 0.09036298397992792 -0
8206 -0.01667269550329752 0.001007469097282353 0
8207 -0.0188968058584679 7.781401924368764e-05 0
8208 0.4146472129781955 0.1162614261167512 -0
8209 1.167390366762086 0.3424433520745818 -0
8210 1.15363723431956 0.313024821036376 -0
8211 1.153637215792002 -0.3130248263746546 0
8212 1.167390355129803 -0.3424433468143935 0
8213 1.049261511274638 0.003217260778527279 -0
8214 1.047286481558072 0.007366824904676571 -0
8215 1.047286481558072 -0.007366824904675777 0
8216 1.049261511274638 -0.003217260778526841 0
8217 0.05062943883764263 0.253786745456217 -0
8218 0.03464059398438255 0.2358480808333754 -0
8219 0.5711571609973178 0.1251187225289256 -0
8220 0.2315961787079493 0.1496627087582107 -0
8221 0.2391745038795924 0.1628284860023262 -0
8222 0.2263552333258874 0.1138045331844803 -0
8223 -0.1766512853073975 0.0768545240003039 0
8224 -0.1849960421550221 0.05580962665326816 0
8225 0.1783290390627014 -0.1198790184718909 0
8226 0.1871235084890663 -0.1149092082603512 0
8227 0.3170098126918084 0.08286335412115933 -0
8228 0.07260301983917247 0.1059863092017516 -0
8229 1.302548293434463 0.01281466445380052 -0
8230 1.306718695315943 0.008317428739730232 -0
8231 1.306718695315943 -0.008317428739730093 0
8232 1.302548293434462 -0.01281466445380109 0
8233 -0.01431199183407526 0.06831143995410917 0
8234 0.2313726276305278 -0.08083250637012596 0
8235 0.8946896717536397 0.0637564034295683 -0
8236 0.8946894501359319 -0.06375643295046607 0
8237 0.03005119386428759 -0.04829717639109982 0
8238 0.03029274135297817 -0.0539815574293674 0
8239 0.4639640099059186 0.08963086617441351 -0
8240 0.1195838268455215 0.08315646990082162 -0
8241 0.1133377074248641 0.08849045199942671 -0
8242 0.7525254917831984 -0.2910204398990378 0
8243 0.7387937524451096 -0.3200386308523131 0
8244 0.7387938963310346 0.3200386483849489 -0
8245 0.7525256559419971 0.2910205325333648 -0
8246 -0.04987177004393228 0.04096866703346837 0
8247 -0.05804546105266751 0.0433027449524401 0
8248 -0.05867948220593863 0.0363214416079516 0
8249 0.01686583694089649 0.2103580624694859 -0
8250 0.03332989351821097 0.202645694055833 -0
8251 0.7762295609273486 0.08083700638698453 -0
8252 0.7762293626940093 -0.08083702100701788 0
8253 0.1078165510157411 0.06774632439588242 -0
8254 0.8050300929541481 0.08921137514412529 -0
8255 0.7960693886973387 0.08853710344652568 -0
8256 0.7960691831568963 -0.08853712192913543 0
8257 0.8050298865129862 -0.08921139878532675 0
8258 0.282734057714902 -0.09677285349197122 0
8259 0.280643279175283 -0.1074169066541134 0
8260 0.3412450707561623 0.1571582890812633 -0
8261 0.323518825706795 0.1595403538484241 -0
8262 1.135765849962691 0.01113025150423788 -0
8263 1.132907976203333 0.004776627550451074 -0
8264 1.132907976203334 -0.004776627550452189 0
8265 1.135765849962692 -0.01113025150424027 0
8266 0.05366343426591338 0.100609845679916 -0
8267 0.06399173313094417 0.1070903543993735 -0
8268 0.4822733457344253 0.08044861756419698 -0
8269 1.320599372383662 0.04622416592195126 -0
8270 1.330973979772148 0.05357456781871447 -0
8271 1.330973979772151 -0.05357456781871484 0
8272 1.320599372383662 -0.04622416592195118 0
8273 0.4633055427677293 -0.3193375319865916 0
8274 0.4594722109128707 -0.2926573500903235 0
8275 -0.0342303153221041 -0.01205857293695092 0
8276 0.5965130945904569 -0.06658832716231919 0
8277 0.6030410842551199 -0.06604876703718895 0
8278 0.6029721349107818 0.06612795078981099 -0
8279 0.596444141891043 0.06666751138058481 -0
8280 0.9870472183974455 0.03397587931911596 -0
8281 0.9893322826931452 0.03751850377943169 -0
8282 0.9893320681976836 -0.03751868824094683 0
8283 0.9870470632943054 -0.03397594860217103 0
8284 -0.04349798947397365 -0.01257433142508882 0
8285 -0.03929292714392478 -0.01364184287010914 0
8286 0.1235260732521616 0.09535105371647569 -0
8287 0.1245152462971465 0.0871590309376849 -0
8288 0.1289539147177168 0.09273275852451052 -0
8289 0.8654642213267452 -0.03668272720055536 0
8290 0.8683831506496563 -0.04174492584160832 0
8291 0.8683833672893606 0.04174489944777332 -0
8292 0.8654644376366392 0.03668270124108434 -0
8293 0.9728813154905578 -0.05708880164799567 0
8294 0.9787997386206513 -0.05648630915460538 0
8295 0.9733136115120971 -0.05169460947482516 0
8296 0.9733141198890911 0.05169435222739326 -0
8297 0.9788004603834097 0.05648580543228886 -0
8298 0.9728819116360485 0.05708832547530067 -0
8299 0.2140306485603344 0.07871021618439078 -0
8300 0.207965729569643 0.07842575845646529 -0
8301 -0.1111650986808791 -0.195658867615141 0
8302 -0.1362265237135374 -0.01494880754535372 0
8303 1.134736697479843 0.01628427659747956 -0
8304 1.140480715860918 0.01993460875465458 -0
8305 1.140480715860918 -0.01993460875465422 0
8306 1.134736697479843 -0.01628427659748112 0
8307 -0.1258344326103671 0.1343049152463223 0
8308 -0.1064166025074285 0.1375752596134108 0
8309 0.1583787421145559 0.08058228867370974 -0
8310 0.1561379273452301 0.07365121295630506 -0
8311 0.8716691717184681 0.1563327517048415 -0
8312 0.8862330452867225 0.1551135708767561 -0
8313 0.8784966567166765 0.1684661054303571 -0
8314 0.8784963119407911 -0.1684660993703613 0
8315 0.8862327196856765 -0.155113576903437 0
8316 0.8716688889260829 -0.1563327779950376 0
8317 0.1988438038787319 -0.128128958339994 0
8318 0.1908885220297438 -0.1353954390555562 0
8319 0.201038228555688 -0.1395602758111072 0
8320 0.07284625551911966 -0.07671014041778723 0
8321 0.07096378269427484 -0.08432935487759291 0
8322 0.5553840769690105 -0.09818218704226461 0
8323 0.5622186327857122 -0.09350029282537822 0
8324 1.000401071918158 -0.1254077870949761 0
8325 0.9886787379478266 -0.1277596067723362 0
8326 0.9886787519457956 0.1277594561423234 -0
8327 1.000400989129292 0.1254076396901831 -0
8328 0.7454006883553379 0.07788412656367574 -0
8329 0.7454004980054363 -0.07788413846633749 0
8330 -0.09385198577041276 0.07004056139076664 0
8331 -0.06976631309254971 0.1727656830999614 0
8332 0.6134615939671237 -0.1831830835177348 0
8333 0.6137648907523616 0.1830117540536853 -0
8334 0.2544780320681325 -0.08828539266322774 0
8335 0.2576537068934736 -0.07989428189860577 0
8336 -0.1914095326376612 0.04291712010410136 0
8337 -0.2049375299113419 0.03098142375113025 0
8338 0.4398621613261156 -0.07770283346191001 0
8339 -0.01594955138638215 -0.007099881871213815 0
8340 -0.02842704696475783 0.02609111507745521 0
8341 -0.03126033677054054 0.03024309614238051 0
8342 0.1101436311103113 0.2844777646556577 -0
8343 0.08933748221587971 0.3047145023679187 -0
8344 -0.1471156030742345 -0.1301020479693122 0
8345 0.8489710868508786 0.05580025431991868 -0
8346 0.8489708732784347 -0.05580027862543677 0
8347 -0.03944797218397651 -0.1148238008633154 0
8348 -0.02969668490881889 -0.1197363337455228 0
8349 -0.02721298531239963 -0.1085978725703372 0
8350 0.04468071364838539 0.06870512651471898 -0
8351 0.04843099319895083 0.0751008919981313 -0
8352 0.97080591868041 -0.08316707505520786 0
8353 0.9771613629976853 -0.08219799150154231 0
8354 0.9707684802281991 -0.07622392190284133 0
8355 0.9707685831639663 0.07622325005003944 -0
8356 0.9771614651531971 0.08219724942498623 -0
8357 0.9708061452730316 0.08316680759283765 -0
8358 0.6367043048400866 -0.09006196287577284 0
8359 0.6429278696977889 -0.09523592507593609 0
8360 0.6429282202539863 0.0952354157110481 -0
8361 0.6367046522384558 0.09006145321674788 -0
8362 -0.1988797553487319 -0.2807483271611297 0
8363 -0.2104873574259463 -0.3145212636030522 0
8364 0.8995652034095216 0.08871472596076116 -0
8365 0.8995649777033478 -0.08871476138730255 0
8366 0.7639465666412499 0.1975629087580091 -0
8367 0.744864869310774 0.1857368217146433 -0
8368 0.7448646635011609 -0.1857368237539669 0
8369 0.7639463379265639 -0.1975628860687018 0
8370 0.6410485916414443 -0.06187066531313223 0
8371 0.6447752122513513 -0.06879079144026853 0
8372 0.6447753724330278 0.06879078155488919 -0
8373 0.6410487497757977 0.06187065299272356 -0
8374 0.003112558051850745 0.05595049174782328 -0
8375 0.04637396894218314 0.05373707068651296 -0
8376 0.9831271472413381 -0.09486761998059848 0
8377 0.973242044894842 -0.09713096721825645 0
8378 0.9791703906862839 -0.1028574425449461 0
8379 0.9791706435948877 0.102857225109551 -0
8380 0.9732422790363979 0.09713065303811963 -0
8381 0.9831273918207522 0.09486737903921579 -0
8382 0.01783585634153344 0.2311798568015308 -0
8383 -0.002449094659716452 0.2248932703812203 0
8384 0.008576035128773796 0.05867686503858752 -0
8385 0.004000196062883849 0.06138688411387046 -0
8386 0.977324152369727 0.02895011992700149 -0
8387 0.9773239502222602 -0.02895016115509326 0
8388 0.9301759704862718 -0.02861135877376079 0
8389 0.9341598283123523 -0.02809275006267338 0
8390 0.9341600488172404 0.0280927192398314 -0
8391 0.9301761911132533 0.02861132793502498 -0
8392 0.5720243723413341 -0.2504412349812317 0
8393 0.5919984859679284 -0.2433869978293039 0
8394 0.5744558880106598 -0.2298406700362029 0
8395 0.5765460226242427 0.2288000904723019 -0
8396 0.5923312943457744 0.243278823211484 -0
8397 0.5737818481896757 0.2495089075165497 -0
8398 0.1730791824623371 0.07522568786472639 -0
8399 0.1697257618041706 0.08169218856604915 -0
8400 0.9777202936338244 0.02160620321322662 -0
8401 0.9744244687236803 0.02205876199353071 -0
8402 0.9744242654615705 -0.02205879226311312 0
8403 0.9777200927141596 -0.02160623334826326 0
8404 -0.08945511108181567 -0.0690007784852622 0
8405 0.8691219121378844 0.0988704417669633 -0
8406 0.8590177886125641 0.09620285787942656 -0
8407 0.8650469389170858 0.08959732930043487 -0
8408 0.8650467253092657 -0.08959737906111277 0
8409 0.8590175726183296 -0.09620291002313845 0
8410 0.8691216932552762 -0.09887048841909968 0
8411 -0.05496730315881382 -0.267219564789519 0
8412 0.9031592818324281 0.1827240655811044 -0
8413 0.8949265068010059 0.1992228616989725 -0
8414 0.8848277552535088 0.1837457207201398 -0
8415 0.8848273844456285 -0.1837457348139603 0
8416 0.8949261433587807 -0.199222960547002 0
8417 0.9031589016135372 -0.1827241240118023 0
8418 -0.03128612436333536 -0.07294296263896199 0
8419 0.08737727580174015 0.09476126021312861 -0
8420 0.08285196389973776 0.08838632224856921 -0
8421 0.8315261250190593 0.07599230518887513 -0
8422 0.8257015434685017 0.07229165462609653 -0
8423 0.8257013423842814 -0.0722916857404764 0
8424 0.8315259184002782 -0.07599233873309907 0
8425 -0.06442340277017945 -0.07943680817835597 0
8426 1.333552717332906 0.155699590152206 -0
8427 1.351827250405296 0.1566259542613418 -0
8428 1.351827250405401 -0.1566259542609032 0
8429 1.333552717332897 -0.1556995901519654 0
8430 -0.06194952513401725 0.1218817645609681 0
8431 0.5996192477616903 -0.11326977529986 0
8432 0.002653929675053582 0.03846882394837954 -0
8433 0.003247473522163745 0.03401956272036976 -0
8434 0.9341911591169647 -0.3748999078483312 0
8435 0.9341914367143738 0.3748999643102849 -0
8436 0.1346172171655235 0.08852822074849867 -0
8437 0.1336280441205386 0.09672024352728947 -0
8438 0.7489677913008957 0.05704795613663242 -0
8439 0.7456244243435297 0.05106170465459618 -0
8440 0.7456242341446518 -0.05106172356059213 0
8441 0.7489676004823249 -0.05704797339806957 0
8442 0.1144741703382625 0.09472962409384147 -0
8443 0.1030786024578708 -0.2124027301178597 0
8444 0.1778233278951595 0.1003850766601582 -0
8445 0.1717047746009167 0.1038396393354662 -0
8446 0.1690787265329414 0.09589396778745131 -0
8447 0.3731349159557257 -0.113799301418812 0
8448 0.3844906179947169 -0.1083984631121872 0
8449 0.9844071834342805 -0.05234812981720925 0
8450 0.9844081390506365 0.05234784992287597 -0
8451 0.1645163929402899 0.2077452488764652 -0
8452 0.1817841135730542 0.2145868211868181 -0
8453 0.1423894391877666 0.099201470871475 -0
8454 -0.3170234926443058 -0.1989855934899697 0
8455 -0.02539930542423596 -0.005262749204846096 0
8456 -0.02872464958987693 -0.003152339828917303 0
8457 0.9147647142450893 0.0520872596325164 -0
8458 0.914764493583236 -0.05208729811865183 0
8459 -0.01684519329753121 0.04283217448922081 0
8460 0.1695277035512949 0.08768185209244758 -0
8461 1.069479294770217 0.01311289711956975 -0
8462 1.073842938497922 0.01465197027868467 -0
8463 1.073842938497922 -0.01465197027868421 0
8464 1.069479294770215 -0.01311289711957008 0
8465 0.959248579332451 0.02815139569012187 -0
8466 0.9569221524381935 0.02422296228672115 -0
8467 0.9569219404166163 -0.02422299190553919 0
8468 0.9592483676364207 -0.02815142784779298 0
8469 0.9961339974753173 -0.05525692008800254 0
8470 0.9927449697539285 -0.05056511880849761 0
8471 0.9927461973221727 0.05056480978111164 -0
8472 0.9961350371182284 0.05525616984892238 -0
8473 -0.04746058689554148 0.09529467603771329 0
8474 -0.04487545703883442 0.1048973393142003 0
8475 0.9985120624125514 -0.02303777539157342 0
8476 0.9985120871685609 0.02303771041825193 -0
8477 1.180772467582335 0.2267142594951272 -0
8478 1.180772467451661 -0.2267142597969063 0
8479 1.127415873329815 0.004776627550451074 -0
8480 1.124662296426618 0.01022221608878491 -0
8481 1.124662296426619 -0.01022221608878664 0
8482 1.127415873329816 -0.004776627550452189 0
8483 -0.02703877782180094 0.0003963867320037028 0
8484 -0.02391377711486523 7.163577246768792e-05 0
8485 -0.02577885373638681 0.002765449075111029 0
8486 0.9896587752428798 0.04189378675006498 -0
8487 0.9850529008468655 0.04122743086064781 -0
8488 0.9850525772644541 -0.0412274748303167 0
8489 0.9896584358056554 -0.04189399782100049 0
8490 0.533439014088732 0.1767561100285656 -0
8491 0.5504599140051007 0.1737537217457771 -0
8492 0.5356591058702082 0.2411201811102845 -0
8493 0.5465293664406105 0.2244977443829025 -0
8494 1.265262790907896 0.004404358296234205 -0
8495 1.265262790907896 -0.004404358296235946 0
8496 1.146192994029958 0.02422774356759834 -0
8497 1.14649062262417 0.01700038272051737 -0
8498 1.14649062262417 -0.01700038272051865 0
8499 1.146192994029958 -0.0242277435675967 0
8500 0.2291654740637468 0.08559533678965227 -0
8501 0.2263037812657598 0.0782527134735672 -0
8502 0.3839794616563735 -0.0922551328028231 0
8503 0.3736419208595535 -0.0882388165699637 0
8504 -0.03879647408737046 0.07087375730636526 0
8505 -0.02947106077628659 0.07016957007309566 0
8506 0.2672369987858955 -0.2887576042224569 0
8507 0.416089047883727 -0.07844921128473606 0
8508 0.4203737774968468 -0.08769808711902055 0
8509 0.1846716371734076 -0.2284560411024396 0
8510 0.1743450045499557 -0.2114128540339908 0
8511 1.168887187777327 0.06242075675304141 -0
8512 1.174842213647585 0.05506906455570629 -0
8513 1.174842213649382 -0.05506906455746799 0
8514 1.168887187777328 -0.06242075675304679 0
8515 1.276956229654504 0.05316652779915168 -0
8516 1.276956229654503 -0.05316652779915092 0
8517 0.0779741827246041 0.09056621190887373 -0
8518 0.08105914033281819 0.0821922035520808 -0
8519 -0.002684745151170424 -0.03362608837281337 0
8520 0.0007071471589840577 -0.03192575715786232 0
8521 0.1962172368191332 -0.07775792399238779 0
8522 0.2020523868188071 -0.07808758052009254 0
8523 1.389868483848866 0.02304289594683163 -0
8524 1.386308624277777 0.01352371936816503 -0
8525 1.39527105517205 0.02104062455208242 -0
8526 1.395271055172056 -0.02104062455201509 0
8527 1.386308624277781 -0.0135237193681442 0
8528 1.389868483848872 -0.02304289594677286 0
8529 0.5630626244356137 -0.1129042538598934 0
8530 0.5557893927654605 -0.1229547138355649 0
8531 0.7382179600328063 -0.05889460910348564 0
8532 0.7401724876617582 -0.05162683617866719 0
8533 0.7401726750670562 0.0516268177701635 -0
8534 0.7382181475976998 0.05889459254612172 -0
8535 0.6205705958241905 -0.09086394537545131 0
8536 0.6198156020260368 -0.08253102857058725 0
8537 0.6146458114335582 -0.08805091774090668 0
8538 0.6146459627725599 0.08805091431326474 -0
8539 0.6198157924924618 0.08253092193027944 -0
8540 0.6205707869768605 0.09086384139630058 -0
8541 1.073400900044491 0.03348320749221949 -0
8542 1.065892674221687 0.03409447710370791 -0
8543 1.065892673918836 -0.03409447508079101 0
8544 1.073400899811147 -0.03348320552024561 0
8545 0.06477574120149218 -0.1091500158071779 0
8546 0.09515027967649864 0.1013248056255231 -0
8547 0.9718325154524305 -0.06293571489772219 0
8548 0.9712107564256117 -0.06962288340842214 0
8549 0.9777456835722932 -0.06856766983847583 0
8550 -0.105565969759832 0.01144916394074239 0
8551 -0.09613381703130505 0.01830497320943466 0
8552 0.9777460775872495 0.06856673528119214 -0
8553 0.9712109841595431 0.06962229833385704 -0
8554 0.9718331587026607 0.06293534173286117 -0
8555 0.7400578047841384 -0.1173329716337435 0
8556 0.7292543474745052 -0.1140548156327316 0
8557 0.7334066551413689 -0.1245777125454773 0
8558 0.7334068370472444 0.1245777074184911 -0
8559 0.7292545318258523 0.1140548119510884 -0
8560 0.7400579886974318 0.1173329643563676 -0
8561 1.016626220546323 0.0416168765585021 -0
8562 1.01662620421966 -0.04161773414589502 0
8563 -0.2282093953093918 -0.05092243750825515 0
8564 -0.217669529296129 -0.0303709398493795 0
8565 -0.09082113596626219 -0.1533480871224875 0
8566 -0.09321358363671908 -0.1365821319109604 0
8567 -0.3243228582547912 0.04972538285015882 0
8568 -0.3392780063776691 0.02187795288331664 0
8569 0.5117795934898206 -0.08490281959356247 0
8570 0.5062701840065171 -0.08976948011234237 0
8571 -0.04005391741384882 -0.03619609803755663 0
8572 -0.04025732972075866 -0.0295916283759097 0
8573 0.6158264767254162 -0.1052538536002051 0
8574 0.6250451415891902 -0.1068418105602311 0
8575 0.6246194700954859 -0.09797179150579668 0
8576 0.6246198142374314 0.0979712837881575 -0
8577 0.625045486086055 0.1068413055921461 -0
8578 0.6158266291055823 0.1052538555832745 -0
8579 1.060697103060901 0.02454745607002089 -0
8580 1.060697102981467 -0.02454745601179878 0
8581 1.145336496541375 0.1005529232316143 -0
8582 1.141663587268106 0.09191573673737294 -0
8583 1.154519802880382 0.09428572820099017 -0
8584 1.154519802961264 -0.0942857280496438 0
8585 1.141663585028188 -0.09191573703789885 0
8586 1.145336494224435 -0.1005529237941475 0
8587 0.04209274228694742 -0.05298626379988852 0
8588 1.068431264316157 0.07920190012160996 -0
8589 1.068431328934557 -0.07920174822735063 0
8590 0.420428593982797 0.08737193057633225 -0
8591 0.416103651303882 0.07856519020674468 -0
8592 1.378287260882149 0.06228319559367149 -0
8593 1.386197759996195 0.05067375624264957 -0
8594 1.386197759996222 -0.05067375624252747 0
8595 1.378287260882172 -0.06228319559355013 0
8596 0.3125220373642275 -0.165910983745042 0
8597 0.3055296534083812 -0.1534260816225822 0
8598 0.7788019666248205 -0.05623570428313737 0
8599 0.778802164632202 0.05623568487100057 -0
8600 0.3096409610184044 0.2427938592524302 -0
8601 0.3291678225140025 0.2280823257162619 -0
8602 0.9095122499509203 0.1619665637515444 -0
8603 0.897342353966072 0.1548564009350827 -0
8604 0.8973420122637866 -0.1548563834293759 0
8605 0.909511863054466 -0.1619666217896848 0
8606 0.1454083919108143 0.09230699696177033 -0
8607 0.6920315717912132 0.1340068768750309 -0
8608 0.6819743162104759 0.1268101842290756 -0
8609 0.6819741107847122 -0.1268102627183319 0
8610 0.6920313631152302 -0.1340069544710656 0
8611 0.416695695325275 -0.1681177052664562 0
8612 0.952527298012812 -0.03693253013455342 0
8613 0.9514851920589915 -0.0426014363413518 0
8614 0.9514854228779763 0.04260137350942454 -0
8615 0.9525275148508612 0.03693248999218149 -0
8616 0.216111718061672 0.08951732646770796 -0
8617 0.2168053496408312 0.08388155613336015 -0
8618 0.2223180469877795 0.08881979981593752 -0
8619 -0.09965239978572353 -0.079231755261658 0
8620 -0.101895283783922 -0.06995221400838583 0
8621 0.568415818884287 -0.1065820583880541 0
8622 0.5571392745310608 -0.106844952426973 0
8623 1.277659066811231 0.1369650831171861 -0
8624 1.268065779492841 0.1258618660313383 -0
8625 1.278986703738636 0.1195233034607359 -0
8626 1.278986703738631 -0.1195233034607218 0
8627 1.268065779492843 -0.1258618660313438 0
8628 1.277659066811228 -0.1369650831171778 0
8629 -0.2347888889919538 -0.1529997005013946 0
8630 0.920997745243741 0.09216630830205884 -0
8631 0.9143134761857938 0.08381859952367154 -0
8632 0.9143132523884487 -0.08381864433731567 0
8633 0.9209975064845692 -0.092166360896204 0
8634 1.064166801366331 0.01889820661982119 -0
8635 1.064166801356402 -0.01889820661254201 0
8636 -0.01438560085947584 -0.01119897256257892 0
8637 -0.01603956282807707 -0.01316630579606092 0
8638 0.9417673766090011 0.04095477866297673 -0
8639 0.9448306539674181 0.0373514034748084 -0
8640 0.9454581085834606 0.04232552179697767 -0
8641 0.9454578903351503 -0.04232557109379585 0
8642 0.9448304349458366 -0.03735144557314449 0
8643 0.9417671598954012 -0.04095482322988896 0
8644 0.9843010562024561 -0.0864517986490843 0
8645 0.9843013206758748 0.08645137134613712 -0
8646 0.2899928111705837 0.2487074067425251 -0
8647 0.289089737137124 0.2745536833764588 -0
8648 0.2689430302210111 0.2596501152628606 -0
8649 0.2097107101472692 0.1818482233675855 -0
8650 0.2004775451337115 0.1719448705953741 -0
8651 0.9039172632631551 0.1128213088084777 -0
8652 0.8947244039180957 0.1072822858550055 -0
8653 0.9044837265001144 0.1022211552964437 -0
8654 0.9044834878531388 -0.1022211778997753 0
8655 0.8947241737348324 -0.1072823108560104 0
8656 0.9039170206720679 -0.112821324912228 0
8657 0.6138500590436851 0.2708875463968869 -0
8658 0.6031146006323076 0.255461021255205 -0
8659 0.6273975397647853 0.2623609273963601 -0
8660 0.62721540943624 -0.2624667605984946 0
8661 0.6030444393533341 -0.2555008780407596 0
8662 0.6137379403815086 -0.2709534453320677 0
8663 0.326795063896787 -0.09430027247734288 0
8664 0.9117676600720921 0.04542890923825462 -0
8665 0.9117674389741591 -0.04542894106147614 0
8666 0.06503821769469639 0.3771796147602799 -0
8667 0.1881325654538683 0.1715050184263786 -0
8668 0.1779671988973265 0.1816579759428843 -0
8669 0.07391322358432972 -0.07037703567451215 0
8670 0.7290986052543206 -0.3702370755318412 0
8671 0.7290986805979363 0.370237121888029 -0
8672 -0.015622924775372 0.009381596764495959 0
8673 0.6326554305687911 -0.08295411674542746 0
8674 0.6297892606879645 -0.09245190233547726 0
8675 0.6297896439573333 0.09245129140517221 -0
8676 0.632655624977885 0.08295401082489093 -0
8677 -0.09000412520022102 -0.03088102109622964 0
8678 1.05480672320632 0.1931335127705318 -0
8679 1.054806953638608 -0.1931337386451204 0
8680 0.2066538181319555 0.1081562435469543 -0
8681 0.2063193883210631 0.1159483314553213 -0
8682 0.1973783093595804 0.1144180992300139 -0
8683 0.8285235366691055 0.08491499571938234 -0
8684 0.8285233315169809 -0.08491503576581225 0
8685 0.450441973565368 0.3226639437190967 -0
8686 0.4307768561170014 0.3140904402774699 -0
8687 0.4413836155322272 0.2937026702806346 -0
8688 0.2450249913902692 0.07921776158616292 -0
8689 0.2416949735518117 0.08636019702706982 -0
8690 1.182566241484846 0.06762621355470937 -0
8691 1.178234632559982 0.07738048343066689 -0
8692 1.171980333461271 0.07157757379788018 -0
8693 1.17198033346127 -0.07157757379788092 0
8694 1.178234632559982 -0.07738048343066739 0
8695 1.182566241484846 -0.06762621355471102 0
8696 0.7235953204098724 0.05384093058891648 -0
8697 0.7235951370396405 -0.05384094756724213 0
8698 -0.2230247047409551 0.2685052900964352 0
8699 0.6084660522299205 -0.08382185484986227 0
8700 0.6092210460280741 -0.09215477165472633 0
8701 0.6087998182695015 0.09200239552735918 -0
8702 0.6080448237851027 0.08366947606133805 -0
8703 0.9663468182083421 0.05814388852796556 -0
8704 1.003605409917381 0.01007970558481378 -0
8705 0.1621017302723472 0.1068798683411561 -0
8706 0.2900710904909589 -0.3484883103264174 0
8707 0.2750394214914579 -0.3742806210279112 0
8708 0.9663463883438763 -0.05814401521794198 0
8709 1.003605408936631 -0.01007970601171049 0
8710 0.8006653944832476 -0.05574589781918517 0
8711 0.8000977756140196 -0.04925381551861575 0
8712 0.7963042860239903 -0.05385139703969465 0
8713 0.7963044883847672 0.05385137589378923 -0
8714 0.8000979789050442 0.04925379422879465 -0
8715 0.8006655975803921 0.0557458752889311 -0
8716 1.099721473995578 0.03994949028448495 -0
8717 1.099721473717767 -0.03994948919019316 0
8718 0.5116961163012373 0.0855259742150731 -0
8719 0.518658220418321 0.08317257438640116 -0
8720 -0.03741154300887713 -0.2786611655100447 0
8721 -0.03298692667226061 -0.30867356520544 0
8722 0.9325739364555179 0.1039502038926062 -0
8723 0.932573641166921 -0.1039502458960088 0
8724 1.279624916347849 0.004342992456244678 -0
8725 1.277461165935006 0.01075863102285482 -0
8726 1.277461165935006 -0.01075863102285566 0
8727 1.279624916347849 -0.004342992456244759 0
8728 1.138979298660382 -0.2568592830955664 0
8729 1.145266711387822 -0.281023153426481 0
8730 1.14526672486935 0.2810231584346968 -0
8731 1.13897930090519 0.2568593032770722 -0
8732 0.811624274393402 -0.06830403418948018 0
8733 0.8139231375438285 -0.07515239124148854 0
8734 0.8201645589460262 -0.0713975831252581 0
8735 0.8201647583696197 0.07139755142486043 -0
8736 0.813923335891618 0.07515236082099078 -0
8737 0.8116244761993655 0.0683040070913806 -0
8738 1.038671368312098 0.007287788744827542 -0
8739 1.036437158492631 0.003138224618678251 -0
8740 1.036437158492631 -0.003138224618677759 0
8741 1.038671368312099 -0.007287788744826695 0
8742 0.1216712806819738 0.1857602484116246 -0
8743 0.1244343572874254 0.2067421642033273 -0
8744 0.859511712395195 -0.15659201591622 0
8745 0.8595119850723476 0.1565919759923408 -0
8746 -0.06359347380715413 0.03102532531148435 0
8747 -0.0554197827984189 0.02869124739251262 0
8748 -0.1465874091169511 -0.1637728657181389 0
8749 -0.1632895007405977 -0.1795541133648943 0
8750 0.5624093213727799 0.1852451364522659 -0
8751 0.5697738693148369 0.1727250413073148 -0
8752 0.8160062577733657 0.08150220180404757 -0
8753 0.8197695388821187 0.08717413468033892 -0
8754 0.8133121785936123 0.09043043132991589 -0
8755 0.8133119702012616 -0.09043045979394579 0
8756 0.8197693348232392 -0.08717416603479136 0
8757 0.816006057474475 -0.08150223393642089 0
8758 0.4081285885470039 0.07889813383320431 -0
8759 0.4045450241541949 0.08895059302758596 -0
8760 -0.3762233600625746 0.02137379363680952 0
8761 0.8783790161909275 0.09915750001136522 -0
8762 0.8884489185472519 0.1013661095888652 -0
8763 0.8884486984988429 -0.1013661418767728 0
8764 0.8783788010139975 -0.099157538683531 0
8765 -0.009885040276887667 -0.02054127205107374 0
8766 -0.01123926568082484 -0.02329607813754798 0
8767 0.7184201902919491 -0.3237646496350937 0
8768 0.7133024465147275 -0.3033291294237245 0
8769 0.7133026249371796 0.303329088625916 -0
8770 0.7184203755170575 0.3237646840170251 -0
8771 1.264147982385784 0.04623980612301315 -0
8772 1.268588058626258 0.05382460903416111 -0
8773 1.259257077278648 0.05513557228631885 -0
8774 1.259257077278647 -0.05513557228631844 0
8775 1.268588058626257 -0.05382460903416095 0
8776 1.264147982385784 -0.04623980612301266 0
8777 1.131230133357301 0.2412292839724249 -0
8778 1.147255512635019 0.2258747813674692 -0
8779 1.147255516976934 -0.2258747767924026 0
8780 1.131230182085525 -0.2412292393397447 0
8781 0.875105654916208 -0.1327808820608002 0
8782 0.8867815016123648 -0.1304313566982882 0
8783 0.8824818598576045 -0.1202319832309751 0
8784 0.8824820897952519 0.1202319439709684 -0
8785 0.8867817504848252 0.13043132825914 -0
8786 0.8751058995989407 0.1327808328630689 -0
8787 0.1976343898483954 -0.09088053709780013 0
8788 0.2033607906543875 -0.09770407156465491 0
8789 0.5989045653274386 0.11331214060717 -0
8790 0.05951688470058832 0.05746069965667669 -0
8791 0.05608709924233887 0.06167947307474864 -0
8792 1.097520276051185 0.01742372150300196 -0
8793 1.097520276019453 -0.01742372137946831 0
8794 0.5715630344424745 0.1557065654423639 -0
8795 -0.06835077120896343 -0.0323520988106028 0
8796 0.8796638897271882 0.07627377132641687 -0
8797 0.8764336469164308 0.0808819500626259 -0
8798 0.8764334249167711 -0.08088199316878245 0
8799 0.8796636672535668 -0.0762738094480985 0
8800 0.1720322907688537 -0.1966033365967682 0
8801 0.1418764210226955 -0.1996033048204137 0
8802 0.1404136404570837 0.08582159664735464 -0
8803 -0.0356618759699749 -0.01569147507732823 0
8804 0.0414603196530169 0.189681037608876 -0
8805 -0.09233289793755446 -0.08500925620109183 0
8806 -0.08978641634860055 -0.09688926637904877 0
8807 1.210697738558103 0.04582124218241859 -0
8808 1.199362783069743 0.0464211573189149 -0
8809 1.199362783069802 -0.0464211573189774 0
8810 1.210697738558164 -0.04582124218247965 0
8811 0.6834104341367817 0.06867937320908803 -0
8812 0.6847075384401046 0.07624459275908077 -0
8813 0.6847073654089804 -0.07624460220284332 0
8814 0.6834102617272384 -0.06867938486703987 0
8815 0.7902020833846346 0.1093998942683031 -0
8816 0.790201873798946 -0.109399902754051 0
8817 0.6930604868724022 0.06233736712601241 -0
8818 0.6992754207470697 0.06581492080997814 -0
8819 0.6992752435329082 -0.06581493380684431 0
8820 0.6930603117226826 -0.06233738099340179 0
8821 -0.07079835664740029 0.03122623308066802 0
8822 -0.07770062180932952 0.03556320249567417 0
8823 -0.08164580524205595 0.02813391604941886 0
8824 0.2709433735133878 0.3705908678716641 -0
8825 1.338536382498552 0.01309097525550871 -0
8826 1.346732704260725 0.01486734197153548 -0
8827 1.346732704260726 -0.01486734197153573 0
8828 1.338536382498552 -0.01309097525550786 0
8829 0.3713202651448896 0.1095611119917898 -0
8830 0.363166472160477 0.1014240950070165 -0
8831 0.7179809548873836 0.05440645145855721 -0
8832 0.7179807726093663 -0.05440646832686684 0
8833 -0.02975274490562917 -0.03708544384994406 0
8834 -0.03386696101684328 -0.03786525296354865 0
8835 0.08766344986483544 0.06437920118785753 -0
8836 0.3837020167079876 0.08056023899619091 -0
8837 -0.1261593198774678 0.01942780822380832 0
8838 -0.1117274692484031 0.0171311618979588 0
8839 1.231956744032402 0.09829449472702395 -0
8840 1.232210399717834 0.110452266013612 -0
8841 1.232210399717837 -0.1104522660136156 0
8842 1.231956744032406 -0.09829449472702613 0
8843 -0.1804030415243839 -0.166149978728722 0
8844 -0.1763178724377202 -0.1433008088895588 0
8845 1.246494544646825 0.0267547015301456 -0
8846 1.240238539263888 0.03091551146021649 -0
8847 1.236578046057859 0.02409422009697969 -0
8848 1.23657804605786 -0.02409422009697875 0
8849 1.240238539263888 -0.03091551146021581 0
8850 1.246494544646824 -0.02675470153014385 0
8851 -0.03718022266163662 -0.0412216173837696 0
8852 -0.04199591030174191 -0.0461442494923054 0
8853 -0.03580895390473637 -0.04781340441829742 0
8854 0.525354781723989 -0.1404460909449536 0
8855 1.085705626854274 0.04438069042245672 -0
8856 1.087370620723979 0.05282031388168047 -0
8857 1.087370624209425 -0.05282030653129176 0
8858 1.085705627046506 -0.04438068733742748 0
8859 0.678945392102245 0.07900041516742998 -0
8860 0.6726320869762283 0.0816504374248414 -0
8861 0.6726319170961408 -0.08165044495416704 0
8862 0.6789452206131049 -0.07900042365595641 0
8863 0.595977894013648 -0.08694576959645192 0
8864 0.6016745737455313 -0.08033295563440904 0
8865 0.6011842465318439 0.08025976989782171 -0
8866 0.5942495867508703 0.08586736615353688 -0
8867 1.099263094497937 0.08175592317184555 -0
8868 1.107228220896824 0.0839360011488742 -0
8869 1.101257698052359 0.09090566010672214 -0
8870 1.101257706659742 -0.09090561174094841 0
8871 1.107228221524545 -0.08393598026897595 0
8872 1.099263101024769 -0.08175587854731065 0
8873 0.2051956413788353 -0.1219339346541403 0
8874 0.1950459348528911 -0.1177690978985894 0
8875 0.9891438442777163 -0.02721064688524771 0
8876 0.1437462536822958 -0.1208305288737775 0
8877 0.1510686184140517 -0.1144275590400557 0
8878 0.9891439531082024 0.02721056710388046 -0
8879 0.6696221542050547 -0.2062245353223245 0
8880 0.6495176602263861 -0.213542934153296 0
8881 0.6495178304293643 0.2135429588869024 -0
8882 0.6696223258091996 0.2062245543451872 -0
8883 0.01228258477335173 0.0400725897257606 -0
8884 1.083010157289269 0.03590663722602278 -0
8885 1.087154374935651 0.03875053276818358 -0
8886 1.087154374904189 -0.0387505314563384 0
8887 1.083010157448195 -0.03590663665537282 0
8888 0.7003460706133418 0.1599919894659511 -0
8889 0.7117877137713066 0.147778985394617 -0
8890 0.7117875241890259 -0.1477789976966334 0
8891 0.7003458823061136 -0.1599919921123684 0
8892 1.047394683977551 0.01138781102246066 -0
8893 1.04739468397755 -0.01138781102245923 0
8894 1.012622927872375 0.04502800566536415 -0
8895 1.012622849569429 -0.04502904722683806 0
8896 0.6407775095017052 0.2044756442369052 -0
8897 0.6481191376053363 0.1932591317432941 -0
8898 0.6481189693347119 -0.1932591123647245 0
8899 0.6407773449714431 -0.204475612968431 0
8900 0.0639383144034304 -0.05880954934991346 0
8901 0.06519145491390439 -0.06451670479790544 0
8902 -0.02104331338860008 0.02622185900550367 0
8903 0.1713059277313268 0.2602068672587766 -0
8904 0.9375765271420833 -0.0383900388288481 0
8905 0.9375767453106214 0.0383899998333447 -0
8906 1.027864406632826 0.09627655864516269 -0
8907 1.019795250722255 0.09121117501999537 -0
8908 1.026796069846209 0.0864614328096438 -0
8909 1.026796482874893 -0.08646202574124544 0
8910 1.019795604144699 -0.09121193653239626 0
8911 1.027864878959132 -0.0962767117060333 0
8912 0.2859178327804167 -0.2466468845083044 0
8913 0.2693579575546116 -0.2306560329808822 0
8914 0.4854330432171517 -0.1018437530467073 0
8915 0.4936100532770828 -0.09874201691729927 0
8916 0.7309166670886094 -0.2790762676097518 0
8917 0.7309168388220981 0.2790762432767815 -0
8918 -0.04744439843314908 0.02801286961926658 0
8919 0.9127777092341915 -0.3739274805463871 0
8920 0.8770634235198563 -0.3739274805463871 0
8921 0.8770635871569761 0.373927444180197 -0
8922 0.912777872871356 0.373927444180197 -0
8923 1.093141024731124 0.1947889509505034 -0
8924 1.104139341949089 0.1849655710722267 -0
8925 1.10413936146517 -0.1849655546629825 0
8926 1.09314110356751 -0.194788931070712 0
8927 0.2136696508845242 0.1183177726147962 -0
8928 1.243016857753627 0.03923835266968873 -0
8929 1.252486019445514 0.04056338113427665 -0
8930 1.252486019445513 -0.04056338113427553 0
8931 1.243016857753626 -0.03923835266968811 0
8932 0.9962618652953261 0.01843943565793924 -0
8933 0.9934442268638761 0.01883522949451375 -0
8934 0.9934440954119306 -0.01883524991199453 0
8935 0.9962617362173849 -0.0184393896850711 0
8936 0.4796776239912768 0.3174937588535144 -0
8937 0.07467165912438939 0.0794455824504042 -0
8938 0.07102045444892642 0.08528437493818264 -0
8939 0.4747402433195679 0.1708180539208389 -0
8940 0.4850549338975242 0.1597118405165139 -0
8941 -0.00610378877030312 -0.04402892813873417 0
8942 -0.007879784719993656 -0.03980811017879311 0
8943 -0.01061449083795451 -0.04354099603579896 0
8944 -0.02765178655415323 -0.01363841746670385 0
8945 -0.02516460930417239 -0.01069835081414512 0
8946 0.9840577993982986 0.03243524454563214 -0
8947 0.9863786094986132 0.02955897597473358 -0
8948 0.9863784670114937 -0.02955906773669534 0
8949 0.9840576133736705 -0.03243528438478735 0
8950 0.6759382856457175 -0.1172771370609901 0
8951 0.6759384931971892 0.1172770439443697 -0
8952 -0.01182459081014124 0.02349607983992996 0
8953 -0.01009611996599383 0.02068533251927854 0
8954 0.5463700449448541 0.1152193018205862 -0
8955 0.5512983404182294 0.1056747206377815 -0
8956 0.0155633924236918 0.04174587193067789 -0
8957 1.162212344011027 0.1454199441553266 -0
8958 1.146432099697203 0.1499460684401763 -0
8959 1.146432099748422 -0.1499460684628321 0
8960 1.162212344013565 -0.1454199441564454 0
8961 0.75645196956676 0.2192456289441832 -0
8962 0.7564517349128952 -0.2192455861410254 0
8963 0.6285939994497516 -0.2115524373099252 0
8964 0.6271953085580775 -0.1912686155213537 0
8965 0.6272758574135751 0.191260838803874 -0
8966 0.628674550237603 0.2115446659474823 -0
8967 0.05984148080606534 0.06664050502763487 -0
8968 0.06538536624100841 0.06299460897457343 -0
8969 -0.03163237932016501 0.1070485497689119 0
8970 0.2380164190779073 0.174118674360804 -0
8971 0.9011070299630199 0.03237442735434289 -0
8972 0.9011068086329794 -0.03237445511624279 0
8973 0.02524303675535947 -0.1384932877693791 0
8974 0.02506535429383492 -0.1493988941488346 0
8975 0.03642944510400416 -0.1438221291021854 0
8976 0.4860833347752032 -0.1524790257404305 0
8977 1.287044205179193 0.01010277491115629 -0
8978 1.284421414662207 0.004342992456244678 -0
8979 1.284421414662207 -0.004342992456244759 0
8980 1.287044205179192 -0.0101027749111569 0
8981 0.3525697353374925 -0.1679044219181309 0
8982 0.3682305936434528 -0.16982699280681 0
8983 0.4051902682561221 0.2131731418527567 -0
8984 0.3887496069743681 0.20085686124332 -0
8985 1.164555578852463 0.07217502662899894 -0
8986 1.164555578852463 -0.07217502662900316 0
8987 0.4776878190571676 -0.07553010153935802 0
8988 0.01222066433763672 -0.04011922050088075 0
8989 -0.1698646335062129 0.01038447909966441 0
8990 0.1234715147376333 -0.06992526691294515 0
8991 0.1254614744290934 -0.0760930814453234 0
8992 0.004909971522257753 -0.07479394685125279 0
8993 0.4170904793724345 -0.3735112982596391 0
8994 0.381376193658 -0.3735112982596391 0
8995 1.115117750335088 -0.1797064364663543 0
8996 1.106252880714659 -0.1674923860138776 0
8997 1.106252858285328 0.1674924088074954 -0
8998 1.115117747421849 0.1797064428507726 -0
8999 0.2977597105677143 -0.08058578111313175 0
9000 0.3009046609471396 -0.08888411692146861 0
9001 0.4084109343600908 0.1426726403973672 -0
9002 0.3943814604919497 0.1400179855020467 -0
9003 0.4003379346910785 0.13140202781489 -0
9004 0.18253535960453 -0.1295372831916327 0
9005 0.1925570392155997 0.1013697794635583 -0
9006 0.1929529379759306 0.09368269224045496 -0
9007 0.1981086379308037 0.09893892409854363 -0
9008 0.5261278715431577 0.08511826970242883 -0
9009 0.003358811557867872 -0.03384953909374923 0
9010 0.002818343900699348 -0.03808609828136553 0
9011 1.191225412574492 0.1418490495803474 -0
9012 1.175609798306189 0.1425052700290455 -0
9013 1.175609798306321 -0.1425052700291007 0
9014 1.191225412574623 -0.1418490495804028 0
9015 0.743491241267062 0.1580653265914674 -0
9016 0.743491050110056 -0.1580653350395575 0
9017 0.9149935867492558 0.32369907701111 -0
9018 0.891455265028047 0.3276241175549224 -0
9019 0.9094645346058305 0.3034683062056385 -0
9020 0.9094641216745577 -0.3034684503430367 0
9021 0.8914548666344184 -0.3276242107837112 0
9022 0.914993244937391 -0.3236992006520998 0
9023 0.9036874927084019 0.09415308896577146 -0
9024 0.9128803520534612 0.09969211191924371 -0
9025 0.9128801130901701 -0.09969213984696107 0
9026 0.9036872661529345 -0.09415312579074342 0
9027 0.9349967420156854 -0.1700629744846057 0
9028 0.9527694105363339 -0.1727307145863174 0
9029 0.9527697212943131 0.1727304338243619 -0
9030 0.934997171991319 0.1700628089674044 -0
9031 1.382189177483583 0.07316224668779134 -0
9032 1.365492444065152 0.07229764543660248 -0
9033 1.365492444065167 -0.07229764543650999 0
9034 1.38218917748361 -0.0731622466875964 0
9035 1.331340129974699 0.03196362974295549 -0
9036 1.3313401299747 -0.03196362974295518 0
9037 -0.02027815160796384 0.01880175876452774 0
9038 -0.02346796692070326 0.0168583850518726 0
9039 0.8905148689678636 0.1427230472095671 -0
9040 0.8905145892490783 -0.1427230620540522 0
9041 0.2866655155061281 0.09463337321803005 -0
9042 0.2777897328182434 0.09139869220392501 -0
9043 0.2393251357770233 -0.3742806210279112 0
9044 0.2354898877244897 -0.3430631271677405 0
9045 1.316809753833746 0.03933878638530099 -0
9046 1.308567764104204 0.038987586342391 -0
9047 1.308567764104204 -0.03898758634239094 0
9048 1.316809753833745 -0.03933878638530065 0
9049 0.5578377910422014 0.2529671585296203 -0
9050 0.5355003204442654 0.2590571648625373 -0
9051 1.119829679267953 0.02845353419799552 -0
9052 1.122871641397937 0.02127168507177229 -0
9053 1.122871641397938 -0.02127168507177302 0
9054 1.119829679267954 -0.02845353419799377 0
9055 0.09206379838264288 0.3715832649914637 -0
9056 -0.001678307105129071 -0.05293364470202797 0
9057 -0.1461778342570236 0.006190634959048404 0
9058 -0.1333958219012225 0.01258799136660599 0
9059 -0.02822123366628755 -0.06255999710637199 0
9060 -0.02631441188422935 -0.05687280379628232 0
9061 -0.03256867106994194 -0.06008298314217026 0
9062 -0.0238028439958076 0.00496321601718717 0
9063 -0.02692784470274331 0.005287966976723183 0
9064 1.275002477966733 0.03696182358600268 -0
9065 1.284097120632051 0.03377916754820409 -0
9066 1.284097120632051 -0.03377916754820539 0
9067 1.275002477966733 -0.03696182358600322 0
9068 1.154378464987375 0.06632850914537622 -0
9069 1.157471610671319 0.07548532619021497 -0
9070 1.157471610749012 -0.07548532629109514 0
9071 1.154378465065069 -0.06632850924626102 0
9072 -0.2809800191434364 0.2338179993010127 0
9073 -0.2765727101870378 0.2568341581488279 0
9074 -0.1532104261465536 0.1143977323880218 0
9075 -0.1646045038175377 0.09760446465759592 0
9076 0.7043076960748128 0.06163695402417271 -0
9077 0.7008194758621731 0.05543220804274349 -0
9078 0.7008192978306729 -0.05543222425104645 0
9079 0.7043075175261478 -0.06163696849853628 0
9080 0.8617040651972327 -0.0833123580497301 0
9081 0.8617042790923779 0.08331231010614348 -0
9082 0.2787208913426035 -0.1196701876236773 0
9083 0.370288576929464 0.1823808287672805 -0
9084 0.3579801278969899 0.1740303909914398 -0
9085 1.070863319680797 0.09605356005621826 -0
9086 0.5249351326693659 0.1927079349114339 -0
9087 1.070863463086371 -0.09605333725339821 0
9088 -0.1072620205438045 -0.1271385802090851 0
9089 0.518504326029796 -0.08268181977084486 0
9090 0.5114642131523568 -0.07916538545130825 0
9091 0.665524221635956 -0.05966762410703493 0
9092 0.6655243891932352 0.05966761076020519 -0
9093 1.388121220217475 0.03437975838559391 -0
9094 1.388121220217487 -0.03437975838553108 0
9095 0.7857398249258103 -0.0723618323873902 0
9096 0.7857400240198922 0.07236181362786449 -0
9097 0.1607717742897489 -0.2099992255933424 0
9098 0.8258294574893521 0.09384322524525066 -0
9099 0.8258292442437675 -0.09384326162333716 0
9100 0.1887466277559114 0.115270467673277 -0
9101 0.1890810575668038 0.10747837976491 -0
9102 -0.03089324308946612 0.1836933140645398 0
9103 0.2842650436552011 0.111932172495635 -0
9104 0.2914949535656303 0.1223971685324908 -0
9105 0.02959745688947154 -0.07476900139528728 0
9106 1.359565634235143 0.1378938872564089 -0
9107 1.359565634235177 -0.1378938872560532 0
9108 1.284189857919034 0.02715086273435312 -0
9109 1.291760986351012 0.03193522598140725 -0
9110 1.291760986351011 -0.03193522598140767 0
9111 1.284189857919033 -0.02715086273435354 0
9112 1.026753059839729 0.0458062498833387 -0
9113 1.029806240761522 0.05209339720526228 -0
9114 1.02980618313594 -0.05209385872601402 0
9115 1.02675301028429 -0.0458068041899645 0
9116 -0.3609396293603463 0.1116876128558649 0
9117 0.9941830212949325 0.2408062402867686 -0
9118 0.9822530253420597 0.2575106602976997 -0
9119 0.9822529073756947 -0.2575108960640122 0
9120 0.9941830867226822 -0.240806590994824 0
9121 0.3083089493266885 0.2887200859684895 -0
9122 0.2715835483350431 0.07957540030616313 -0
9123 -0.1273237751320074 0.06908506538964349 0
9124 0.9949234711343422 0.04285530578485082 -0
9125 0.9906440892880626 0.04656423286606693 -0
9126 0.9906432760769561 -0.04656443968719098 0
9127 0.9949227670101857 -0.04285565309782109 0
9128 -0.05220696394925167 0.08752895731682023 0
9129 -0.04266552686658988 0.08857926525383465 0
9130 0.5312012186902531 0.1087374392923786 -0
9131 0.5364904381848731 0.1169843284157144 -0
9132 -0.05995869607590319 -0.05796100373311538 0
9133 -0.05271448989047305 -0.05353932720193846 0
9134 0.05411267127995581 0.07083797487842895 -0
9135 -0.0323566940624227 0.04289130946368543 0
9136 1.183337421279092 0.05934560901499414 -0
9137 1.183337421279392 -0.05934560901528979 0
9138 -0.09086462824739713 0.0583184036866749 0
9139 0.4573594219517821 0.118410979850614 -0
9140 0.4699289672450351 0.1217337276454605 -0
9141 0.7910657228925249 -0.04902645866863333 0
9142 0.7910659243586469 0.04902643832616281 -0
9143 0.4706680670541814 -0.1074770755739781 0
9144 0.4811398367806093 -0.1102454996418556 0
9145 0.1033018172011673 -0.1244570915773869 0
9146 0.09505782263793519 -0.1180310054010967 0
9147 0.8226495668730724 0.1046265645989242 -0
9148 0.8226493452322352 -0.1046265946432676 0
9149 0.2037321303113543 0.09449921264521147 -0
9150 0.2033362315510234 0.1021862998683148 -0
9151 0.8672481201400805 -0.1432394934492957 0
9152 0.8672483736423937 0.1432394414387398 -0
9153 0.131859748170359 0.2179477833446932 -0
9154 0.1314879918620755 0.2352759218097548 -0
9155 1.064760285113348 0.01387883206765633 -0
9156 1.064760285113348 -0.01387883206765557 0
9157 0.9848162432395402 0.1377566844765385 -0
9158 0.9848162366891058 -0.1377569176022656 0
9159 1.298925574784667 0.03432003501177736 -0
9160 1.301310438383565 0.04323108212587184 -0
9161 1.301310438383565 -0.04323108212587255 0
9162 1.298925574784667 -0.0343200350117779 0
9163 0.01773826949535206 -0.3788125213314681 0
9164 0.01171494173145072 -0.3435203642650333 0
9165 0.072813278015846 0.09147849363467103 -0
9166 1.163872164321813 0.02194925672482456 -0
9167 1.157497000513066 0.02419201222418051 -0
9168 1.157497000513062 -0.02419201222417918 0
9169 1.163872164321808 -0.02194925672482353 0
9170 0.7767364802694896 0.1457513733627305 -0
9171 0.7708351941878664 0.135785467042598 -0
9172 0.7708349935615002 -0.1357854662089554 0
9173 0.7767362730705176 -0.1457513677069758 0
9174 0.7488875160985285 -0.1182123609904817 0
9175 0.7447352084316649 -0.1076894640777361 0
9176 0.7447353984438485 0.1076894584820038 -0
9177 0.7488877036652406 0.1182123539494065 -0
9178 0.2072199003063258 -0.1472072798120222 0
9179 0.2151751821553139 -0.13994079909646 0
9180 -0.004648732715142637 -0.03625905350849369 0
9181 -0.006108631304561692 -0.1714909592763075 0
9182 0.01071881685787559 -0.1757014279922781 0
9183 0.5213491434427309 -0.07126749192042514 0
9184 0.5254723726724227 -0.07948095662166715 0
9185 0.3822563913876225 -0.3430871412366049 0
9186 1.109833828869737 0.1035162949417555 -0
9187 1.109833827768554 -0.1035162832325925 0
9188 -0.04750204336916793 0.05581338550912247 0
9189 -0.0419841849372626 0.04879572754004487 0
9190 0.6619055790094723 -0.1032634241954752 0
9191 0.6528293990958859 -0.0993302234859687 0
9192 0.6528295638208389 0.09933022223668564 -0
9193 0.6619057459556633 0.1032634238378154 -0
9194 0.9699379683982943 0.09026689233995377 -0
9195 0.9635450864090634 0.08429289296500699 -0
9196 0.9635448660380856 -0.08429310146026783 0
9197 0.9699377488075718 -0.09026717105896884 0
9198 0.8978910591641747 0.1301741583174666 -0
9199 0.897890794190475 -0.1301741632242271 0
9200 0.7859598350588159 0.07873182661370673 -0
9201 0.7859596346167714 -0.07873184451381035 0
9202 0.08899369553886918 -0.1575564437806888 0
9203 0.08651166532819242 -0.1440574150873858 0
9204 1.260741631227995 0.004404358296234205 -0
9205 1.260741631227995 -0.004404358296235946 0
9206 0.1095763505679981 -0.128231578601129 0
9207 0.1303769632767606 0.2568972294405135 -0
9208 0.4050046413611935 0.3004059609523979 -0
9209 0.4140629993943344 0.32936723439086 -0
9210 1.128146562738202 0.1691140082782809 -0
9211 1.126033046401964 0.1865871705430122 -0
9212 1.126033046401962 -0.1865871705429875 0
9213 1.128146565651452 -0.1691140018938825 0
9214 1.104580847732295 0.3266143594042431 -0
9215 1.075804524420749 0.3418509734030057 -0
9216 1.075804967261496 -0.3418510038995061 0
9217 1.104581072941849 -0.326614275729031 0
9218 0.1129517492953724 0.0684988393070505 -0
9219 0.2472489398681409 0.1852565552760946 -0
9220 0.2346304062524273 0.192645380944091 -0
9221 1.193437820358346 0.0191070359165076 -0
9222 1.198667563377816 0.01672241200918573 -0
9223 1.198667563377814 -0.01672241200918513 0
9224 1.193437820358344 -0.01910703591650761 0
9225 0.3937810100229945 0.1223415222471475 -0
9226 0.4078104838911357 0.124996177142468 -0
9227 0.8608596101146739 -0.03723669299690814 0
9228 0.8608598262178884 0.03723666730881552 -0
9229 -0.1020540118021397 -0.007530854545647577 0
9230 0.3105221803600792 -0.1313789955477131 0
9231 0.3117342959220927 -0.145097681441714 0
9232 1.299297204222003 0.003925996996355883 -0
9233 1.296979601473518 0.009685779451267498 -0
9234 1.296979601473518 -0.009685779451268205 0
9235 1.299297204222003 -0.003925996996356061 0
9236 -0.05564616186416416 0.05184579790995236 0
9237 0.4560641570405398 0.07580406991286338 -0
9238 0.4543824425960656 0.08517565015374878 -0
9239 1.342231145184431 0.1086660092759219 -0
9240 1.349981244364977 0.1254116365332341 -0
9241 1.334421622049903 0.1252456609610708 -0
9242 1.334421622049811 -0.1252456609609558 0
9243 1.349981244364917 -0.1254116365330475 0
9244 1.3422311451844 -0.1086660092757969 0
9245 1.129724202987404 0.01470728019414382 -0
9246 1.129724202987406 -0.01470728019414523 0
9247 0.8898738591179738 -0.06018621870785352 0
9248 0.890219457337446 -0.06803047060815326 0
9249 0.8902196768298665 0.06803043800231592 -0
9250 0.8898740777292676 0.06018619111116642 -0
9251 0.0440593834782449 -0.07040057621771018 0
9252 0.04971215675330565 -0.06717314166976507 0
9253 0.01284878559142566 0.06100050905356074 -0
9254 0.9807596077673338 0.03039995754607196 -0
9255 0.9807594193418363 -0.03040001368197835 0
9256 0.8849025952154418 -0.07326466363439849 0
9257 0.8801649383576129 -0.06746940217924073 0
9258 0.8801651556099997 0.06746937150544241 -0
9259 0.8849028169226827 0.07326462550488849 -0
9260 0.02590642434486987 -0.1787570703529582 0
9261 0.04337002290262723 -0.1843231691222255 0
9262 1.112627851257441 0.07667840169217618 -0
9263 1.112627848283722 -0.07667839304089868 0
9264 -0.004580841808037582 -0.04775509103895216 0
9265 -0.001846135690076728 -0.04402220518194631 0
9266 0.0370752248126149 0.06115581616262128 -0
9267 0.03870958163099554 0.05582650643462805 -0
9268 -0.01815278165245037 -0.0342207797147253 0
9269 -0.01699783535119649 -0.03827207970985529 0
9270 -0.1211397678213415 -0.1200779373825833 0
9271 -0.1206896475931047 -0.1042228128642188 0
9272 1.256729231107159 0.1191655374658703 -0
9273 1.256729231107161 -0.1191655374658748 0
9274 0.5246482513740589 0.2733177252646931 -0
9275 0.9283870014748012 0.03174523444303809 -0
9276 0.928575388371766 0.03592424591504119 -0
9277 0.9285751676288572 -0.03592427980167041 0
9278 0.9283867808103825 -0.03174526618296072 0
9279 0.01799080040097802 0.1066707615488731 -0
9280 -0.009367520506168917 0.1334456702817026 0
9281 0.002455226456402502 0.1300539101646889 -0
9282 0.2584411617454456 -0.3278829052124043 0
9283 0.1601764307229035 -0.1191999262296823 0
9284 -0.03751052747857957 -0.02056453487547751 0
9285 -0.0324479156567589 -0.01898126494231929 0
9286 0.1788024017892204 0.07565236494448896 -0
9287 0.03897842412952562 -0.3302153316558182 0
9288 0.06345609260289382 -0.3457059423672267 0
9289 -0.1822351481795236 -0.01902951998613547 0
9290 -0.3026002069212869 0.2263255027242444 0
9291 -0.2771624488166929 0.2030284581511647 0
9292 1.015637088517664 -0.2454376206124413 0
9293 1.021624656971566 -0.2610515706535156 0
9294 1.034201678237629 -0.2470293841289644 0
9295 1.034201477904077 0.247029141822075 -0
9296 1.021624491956485 0.2610514287746815 -0
9297 1.015636951011947 0.2454372749561935 -0
9298 0.07115571958329536 0.0978643758029841 -0
9299 0.06420199130761768 0.09258253883229298 -0
9300 1.353860309555833 0.02869577089101092 -0
9301 1.357596183245681 0.02052028697574255 -0
9302 1.361807466520704 0.02848204553240655 -0
9303 1.36180746652071 -0.0284820455324108 0
9304 1.357596183245685 -0.02052028697574463 0
9305 1.353860309555838 -0.02869577089101381 0
9306 0.9609225154779025 0.0493887363402224 -0
9307 0.9659836510649863 0.0463175713210771 -0
9308 0.9659833456798997 -0.04631772949634548 0
9309 0.9609222035572004 -0.04938889060693383 0
9310 0.1363460898350671 -0.07673298960371749 0
9311 0.139716445334908 -0.07119741560600554 0
9312 0.17539533808006 0.08644974158574478 -0
9313 0.1814542907187703 0.08184081400255494 -0
9314 0.1812562324658946 0.08783047752895337 -0
9315 -0.149059027933236 -0.007809534035264521 0
9316 0.04221100891369385 0.05247018549478682 -0
9317 0.7721396349231423 -0.05382112961846817 0
9318 0.7729625222266354 -0.0473368926951649 0
9319 0.7729627184386659 0.04733687224532773 -0
9320 0.7721398315606516 0.05382111075109929 -0
9321 1.117809734837151 0.01678662096641339 -0
9322 1.12363314394377 0.01537624118202659 -0
9323 1.12363314394377 -0.01537624118202749 0
9324 1.117809734837151 -0.01678662096641442 0
9325 0.1451062880362097 -0.07177721059000433 0
9326 0.1473334528903743 -0.07794862335098975 0
9327 0.1172208352791145 -0.117080984408383 0
9328 1.238709557732933 0.09065255413560726 -0
9329 1.245575051157647 0.08080086688669051 -0
9330 1.245575051157649 -0.08080086688669136 0
9331 1.238709557732936 -0.09065255413560989 0
9332 0.05125585798073495 0.2721802108173745 -0
9333 0.03275681916971104 0.2734449781381119 -0
9334 1.239472677373 0.2151916268767233 -0
9335 1.239472677373005 -0.2151916268768244 0
9336 0.6389971990475369 -0.07411905665534547 0
9337 0.6322128114551082 -0.06908422790863419 0
9338 0.6327860871284845 -0.07552934853901175 0
9339 0.6327862433603939 0.07552934132150882 -0
9340 0.632212967233879 0.06908421777573157 -0
9341 0.6389973571324924 0.07411904909068934 -0
9342 0.9532459700619194 0.0247147708763758 -0
9343 0.9532457556870607 -0.02471480067310138 0
9344 -0.01215623605804766 -0.09748267154403424 0
9345 0.6348161936227399 -0.06242501989791401 0
9346 0.6348163501218699 0.06242500791037886 -0
9347 0.05922807659302266 -0.06769166892599535 0
9348 1.286892540561099 0.02219300184347977 -0
9349 1.286892540561098 -0.02219300184347867 0
9350 -0.01703982708776502 -0.1028312998147446 0
9351 0.2605751966776276 -0.09267166943274596 0
9352 1.096084594628432 0.06457432808187599 -0
9353 1.092186236360084 0.05792778802958493 -0
9354 1.092186239314614 -0.05792777984694917 0
9355 1.096084591548179 -0.06457430221614932 0
9356 0.2513374379928184 0.07937662230546685 -0
9357 1.156212329450993 0.004835799619639137 -0
9358 1.156212329450993 -0.004835799619639373 0
9359 0.07476116734150204 -0.06617169000087614 0
9360 0.07817938858578427 -0.06148731817514201 0
9361 -0.06793662533889204 -0.07139666796489985 0
9362 0.9714160440952371 0.04718640037452968 -0
9363 0.971415726756522 -0.04718657825802225 0
9364 -0.02506653851211966 -0.01722412796772338 0
9365 -0.02801401610612066 -0.01769391564518954 0
9366 -0.005935960185355462 -0.05294036765881582 0
9367 1.191817605171484 0.1093666940741005 -0
9368 1.201176680506683 0.1196460680553076 -0
9369 1.201176680506698 -0.1196460680557077 0
9370 1.191817605171584 -0.1093666940769017 0
9371 0.7444747103328387 0.2297185221917711 -0
9372 0.7469567546820055 0.2474228368386411 -0
9373 0.7469565240836564 -0.2474227904643863 0
9374 0.7444744813424693 -0.2297184747082674 0
9375 0.7685655718019044 0.2593671260952244 -0
9376 0.7685653487782453 -0.2593669627536723 0
9377 0.5194314454924291 0.09926183952655318 -0
9378 0.5257899838582119 0.09290830802044067 -0
9379 0.526173921104949 0.1025972020713904 -0
9380 -0.01409877269973549 -0.0181433906113327 0
9381 -0.01137290705057299 -0.01836122619255072 0
9382 0.8323525155591065 0.05208243903155897 -0
9383 0.8323523064257388 -0.05208246381770352 0
9384 0.2664869972625346 -0.119338610299084 0
9385 1.132460178913517 0.06138322707969963 -0
9386 1.12430296567983 0.05840270105786912 -0
9387 1.124302965551665 -0.0584027009163626 0
9388 1.132460178821616 -0.06138322709775283 0
9389 1.014645351672021 -0.1171903847507344 0
9390 1.011101956573981 -0.1265929435396254 0
9391 1.020606444361455 -0.1284232685982236 0
9392 1.020606262477057 0.1284232898126183 -0
9393 1.011101835435873 0.1265928592182406 -0
9394 1.014645210111628 0.1171903247949269 -0
9395 0.1857674582734793 -0.1579048597152805 0
9396 0.9517822014330679 0.02881633974544019 -0
9397 0.9517819872942248 -0.02881637156504292 0
9398 0.2672248893445226 -0.1996995796822639 0
9399 0.2746046202997687 -0.2165109497264523 0
9400 0.09765955323414141 -0.06590607870771817 0
9401 -0.07464353598484255 -0.02534303939165839 0
9402 1.378647563933216 0.0904068765250577 -0
9403 1.378647563933271 -0.09040687652479359 0
9404 0.2159100042019339 -0.09181612819551209 0
9405 -0.02278611923811735 -0.01495127022166965 0
9406 0.02495095114388969 0.07062863464644717 -0
9407 0.01767357126590261 0.06960205451429957 -0
9408 0.5007295536874123 -0.09516640681498889 0
9409 0.4991988502932767 -0.08678331197667238 0
9410 0.4892686801434515 -0.1137055417504279 0
9411 -0.04855036328756177 0.0114204309452192 0
9412 1.272065324547369 0.06206229396245738 -0
9413 1.272065324547366 -0.06206229396245669 0
9414 1.027160276673059 0.02315065936628918 -0
9415 1.027160246339951 -0.02315067744443883 0
9416 1.326456498514305 0.03766431885076676 -0
9417 1.326456498514305 -0.03766431885076624 0
9418 0.2605390865257614 0.1986852041372281 -0
9419 1.187811084683068 0.02180797817756616 -0
9420 1.187811084683065 -0.02180797817756694 0
9421 -0.1612829623122228 4.215698451434484e-05 0
9422 0.8127671732491739 0.06298820774180239 -0
9423 0.812092745348976 0.0564325230573518 -0
9424 0.8171914707771692 0.05799351301079966 -0
9425 0.8171912665198076 -0.05799354152708924 0
9426 0.8120925439439075 -0.05643255034780922 0
9427 0.8127669732196996 -0.06298823489396971 0
9428 0.1505500725554867 0.07311472361080798 -0
9429 0.2058114545178635 -0.1045619350253954 0
9430 0.2099576704299894 -0.1130983927089859 0
9431 0.2143713525948583 -0.1060862535216457 0
9432 1.29901831207165 0.0276917301979264 -0
9433 1.297482272196206 0.02154212804122278 -0
9434 1.297482272196205 -0.02154212804122294 0
9435 1.299018312071649 -0.02769173019792606 0
9436 0.2152920696700972 0.09610107928263401 -0
9437 0.2097793723231489 0.09116283560005664 -0
9438 1.073546140356695 0.01886230484260287 -0
9439 1.077584667874069 0.02390028468131415 -0
9440 1.077584667874073 -0.02390028468131414 0
9441 1.073546140356695 -0.01886230484260278 0
9442 -0.02067517596559598 -0.1248207698761515 0
9443 -0.03291016283717286 -0.1310466981691297 0
9444 0.8060637679608249 0.05628775570614552 -0
9445 0.8060635673585381 -0.05628778000639798 0
9446 0.1860434895118689 -0.09813256975056836 0
9447 0.1808272566397353 -0.09316123080955946 0
9448 0.4760792044292697 -0.3785697660492462 0
9449 0.4403649187148462 -0.3785697660492462 0
9450 0.06570289595036259 -0.08940707061603347 0
9451 1.017503608018429 0.07349489791813485 -0
9452 1.010982405674334 0.07656273816195805 -0
9453 1.009759099757125 0.06866158689561641 -0
9454 1.009759086899797 -0.06866336565959766 0
9455 1.010982613103429 -0.07656446202102524 0
9456 1.017503681856829 -0.07349615420618083 0
9457 0.7502419636088794 0.08383291741825852 -0
9458 0.7527374024962559 0.09329641700354854 -0
9459 0.752737208976437 -0.09329642571443279 0
9460 0.7502417713587757 -0.08383292811986939 0
9461 0.5403965915378699 -0.1076515296718321 0
9462 0.5500308825203372 -0.1045043825141039 0
9463 0.7280471908763335 0.1049638131079104 -0
9464 0.7280470061636178 -0.1049638176287437 0
9465 0.02674118861335773 -0.1286989178165211 0
9466 0.01537709780318849 -0.1342756828631703 0
9467 1.030785600854611 0.2784785096950023 -0
9468 1.053656578285797 0.2750604582068489 -0
9469 1.053656601715893 -0.2750604525186339 0
9470 1.030785747361965 -0.2784786647993343 0
9471 0.06481351056240048 0.2000091723818115 -0
9472 0.735170702428627 0.2126679110183953 -0
9473 0.7351704935973824 -0.2126679044990797 0
9474 0.4081139885134742 -0.07878215461462582 0
9475 0.0558845816209424 -0.1653395777481998 0
9476 -0.02401125654723517 0.02428012650943322 0
9477 -0.02073838240641932 0.02266481341954951 0
9478 0.2080783417939758 -0.07754453396634897 0
9479 0.4713930903872974 0.1119777505839002 -0
9480 0.08295365184841383 -0.06243211803514386 0
9481 0.08443306207581358 -0.06810133716527331 0
9482 1.178288752309293 0.08642908299793134 -0
9483 1.188874660332868 0.08247772275476054 -0
9484 1.188874660332869 -0.08247772275476145 0
9485 1.178288752309293 -0.08642908299793134 0
9486 0.5402734284883872 0.1236794852290464 -0
9487 -0.1417318987469857 0.1343127628307372 0
9488 1.011792492060601 0.08687887000101345 -0
9489 1.01179265944963 -0.08687973068376956 0
9490 0.02935119132536117 0.06946110854128509 -0
9491 0.03487761828257128 0.06563907816951804 -0
9492 0.01486676647855797 0.1300360865980643 -0
9493 0.2843218411854612 -0.08845750718961834 0
9494 0.2888936604870143 -0.08057492508435019 0
9495 0.02655215668581343 0.04622905221933653 -0
9496 0.0231795681086857 0.04930283309310318 -0
9497 0.5600603028593089 0.2206183117318508 -0
9498 0.5406061758637299 0.08708526438301459 -0
9499 0.9333213100614022 0.03654345995330234 -0
9500 0.9292676469386479 0.04018012528762079 -0
9501 0.9292674269115875 -0.04018016302959945 0
9502 0.9333210904953491 -0.03654349672052959 0
9503 0.970978259778689 0.02210935301284521 -0
9504 0.9709780534489221 -0.02210938255972537 0
9505 0.2945419746473212 -0.1336660196519975 0
9506 -0.03926007898394435 0.1489479639321437 0
9507 -0.0183386724791445 -0.0297715374348848 0
9508 1.0982727259142 0.0455796479387581 -0
9509 1.093077812990106 0.04181881656530018 -0
9510 1.093077812833027 -0.04181881330971335 0
9511 1.098272725860084 -0.04557964507128223 0
9512 0.4925110005448882 0.07331607718499294 -0
9513 0.5832477659418056 -0.0661610977269914 0
9514 0.5898673619482673 -0.0656283850807525 0
9515 0.5895891537049388 0.06541916412123168 -0
9516 0.5829695556899757 0.06595187711840224 -0
9517 0.9842304394317251 0.3100044674224601 -0
9518 1.001303755491571 0.2912307989456864 -0
9519 1.001303709536114 -0.29123104679645 0
9520 0.984230231738831 -0.3100046806087703 0
9521 0.3145133275640665 0.1709083054160538 -0
9522 0.3251705596427026 0.1784565888795357 -0
9523 0.8408325630346438 -0.1297447436250521 0
9524 0.8408327992512248 0.1297446992315785 -0
9525 -0.3652029756163682 -0.08002334866614763 0
9526 -0.06753865723988056 0.02359603886522904 0
9527 0.9588014185485935 -0.185832648947186 0
9528 0.9442754106436897 -0.1975358528913666 0
9529 0.944275691137225 0.1975357037906667 -0
9530 0.9588016432599562 0.1858323692546031 -0
9531 0.9217939790354537 0.1002343746327311 -0
9532 0.9244565432652381 0.1114760075097911 -0
9533 0.9244562477725218 -0.1114760248467659 0
9534 0.9217937281847736 -0.1002344130052359 0
9535 0.3740566435686493 0.1273735465838206 -0
9536 0.3835192899883522 0.1379774908830767 -0
9537 0.741160704450899 0.08419669567985937 -0
9538 0.7411605149261409 -0.08419670572138654 0
9539 0.03243299997533913 -0.2606864156556025 0
9540 0.5452955857640884 0.1010155399220145 -0
9541 0.2209346417936139 -0.2222111148821972 0
9542 0.225701230161372 -0.2025121073232735 0
9543 0.5546595388773863 -0.07590268797103637 0
9544 0.5563370033927183 -0.06852863134108575 0
9545 0.3691382352412954 0.2280071665582299 -0
9546 0.3858489658163859 0.2432615267698957 -0
9547 0.333070298338411 -0.08020671872272762 0
9548 0.3374790504993118 -0.08881835985737846 0
9549 -0.1727458271824253 -0.003615689894648519 0
9550 -0.1908168193735137 -0.008687197870985409 0
9551 0.4785261430409161 0.2949792581612261 -0
9552 0.4971550340515991 0.3101968432924789 -0
9553 0.4683724347166967 -0.09310677611109786 0
9554 1.096444680544833 0.05255644836747778 -0
9555 1.096444680080533 -0.05255644250645984 0
9556 0.05169195937028918 0.2987418041308113 -0
9557 1.367375157369671 0.1213142355712601 -0
9558 1.367375157369767 -0.1213142355708943 0
9559 0.788406858527924 0.1412042245284971 -0
9560 0.7844168468347686 0.1532634992772784 -0
9561 0.7844166309690895 -0.1532634947720523 0
9562 0.7884066448780076 -0.1412042228050218 0
9563 0.1585033354076038 -0.07909014057261188 0
9564 0.1618640253454098 -0.07345521715733738 0
9565 1.286952397158366 0.01529932371461324 -0
9566 1.291913580235261 0.01841324303868976 -0
9567 1.291913580235261 -0.01841324303869005 0
9568 1.286952397158366 -0.0152993237146129 0
9569 1.005999118909626 0.008498793826532543 -0
9570 1.005999117928876 -0.008498794253429247 0
9571 -0.0178699792063609 -0.2518083509760642 0
9572 -0.03845164835097241 -0.2579492857558141 0
9573 -0.05862675114204768 -0.0205312402703578 0
9574 -0.06396584356510424 -0.0213297570051549 0
9575 1.257322208094574 0.02334897321175365 -0
9576 1.253070845225357 0.01840570933171208 -0
9577 1.253070845225356 -0.01840570933171068 0
9578 1.257322208094573 -0.02334897321175369 0
9579 0.7497663490129384 0.2704937228163065 -0
9580 0.7497661502039197 -0.2704935968678456 0
9581 1.002963892858672 -0.03909073653315615 0
9582 0.9987004601722806 -0.04133785288540158 0
9583 0.9987007448647089 0.04133712585905688 -0
9584 1.002964066311896 0.03908989348857006 -0
9585 -0.03858868654611974 0.1156009051083845 0
9586 -0.0556953017135729 0.2323329303931235 0
9587 -0.02179107474144207 -0.03277473906401217 0
9588 0.08214907696642865 -0.1119594954552976 0
9589 0.07134128811457965 -0.1103964525049911 0
9590 1.1432594138942 0.0839453905677458 -0
9591 1.143259414273823 -0.08394539147148662 0
9592 0.6902947318404422 -0.3319033682977165 0
9593 0.7157860377708243 -0.3486128697263051 0
9594 0.7158224729937869 0.348603047193325 -0
9595 0.6903312015999318 0.3318934874342921 -0
9596 0.9523113583386555 0.03261028765402678 -0
9597 0.956004486854257 0.03134888546696705 -0
9598 0.9560042737318979 -0.031348917657185 0
9599 0.9523111442023651 -0.03261032073991336 0
9600 -0.1780273115828284 0.09461964426743169 0
9601 -0.1930133944156461 0.08862373967271732 0
9602 0.3431686135501605 0.1759814988462502 -0
9603 0.3341631154074319 0.1873494504138798 -0
9604 0.2202369774864419 0.07801268953262035 -0
9605 1.384006933830354 0.007762995381457118 -0
9606 1.377748591439151 0.007762995381457118 -0
9607 1.377748591439154 -0.007762995381450987 0
9608 1.384006933830357 -0.007762995381450987 0
9609 0.2208545897621287 -0.1070856421119421 0
9610 0.2167083738500028 -0.09854918442835156 0
9611 0.02320064870470315 -0.1101313640513039 0
9612 0.07620072737490013 -0.09691427666494658 0
9613 0.08349040471698035 -0.09918900751779726 0
9614 0.0816972939836825 -0.09149054334646552 0
9615 -0.3246905916471204 -0.04749152765194677 0
9616 0.5427627896275744 -0.1181377799530809 0
9617 -0.2282184051154972 0.2934375425082336 0
9618 -0.2970273005111255 -0.2275431154273139 0
9619 1.304385809282128 0.003925996996355883 -0
9620 1.304385809282128 -0.003925996996356061 0
9621 -0.08521952495393245 0.04285929898764986 0
9622 -0.0008096803689188526 -0.07482804679250774 0
9623 -0.02339718083226289 -0.06425572450751783 0
9624 -0.02965144001797549 -0.06746590385340577 0
9625 0.9248512452554056 0.1221512133595326 -0
9626 0.9140712878353414 0.1184353840996575 -0
9627 0.9140710506866865 -0.1184353843622446 0
9628 0.9248509636688338 -0.1221512172530175 0
9629 0.5130510374111366 0.103458343933334 -0
9630 0.5126671001643994 0.09376944988238423 -0
9631 0.2934563286826181 0.1017967561916903 -0
9632 0.2864341821428905 0.105082966769184 -0
9633 0.2216195836366935 0.1523576412193093 -0
9634 0.1910246821256937 -0.1018563211137569 0
9635 0.1915152520122178 -0.09413459592806606 0
9636 0.3429933970772955 -0.1783679815041903 0
9637 0.3289201845529818 -0.1893981946574942 0
9638 1.292887843061844 0.1206649518066611 -0
9639 1.300008696953666 0.133270790423251 -0
9640 1.300008696953656 -0.1332707904231911 0
9641 1.292887843061834 -0.1206649518066361 0
9642 0.5218954032999592 -0.278402743024633 0
9643 0.5159892102885421 0.2935538028431876 -0
9644 1.229192241906064 0.08672262657881816 -0
9645 1.229192241906067 -0.08672262657881868 0
9646 0.9218603401570755 -0.02859351476421223 0
9647 0.9259339200840355 -0.02806901146412095 0
9648 0.9259341410935344 0.02806898179734033 -0
9649 0.9218605612715601 0.02859348525788049 -0
9650 0.2291292670414936 -0.139600784982727 0
9651 0.2291986205407716 -0.1541015058837604 0
9652 1.029969136035371 0.01974693752943231 -0
9653 1.029969122652041 -0.01974694483118696 0
9654 0.148324743121943 0.2721474409672968 -0
9655 1.004830024952034 -0.003537905733754742 0
9656 1.002091397926827 -0.002684063392440385 0
9657 0.1289183208042463 0.07004240033857406 -0
9658 0.1256082090413744 0.07552765822070304 -0
9659 0.3696610886800058 0.3317559743509486 -0
9660 0.3492178269363789 0.3186191246155077 -0
9661 0.3678475228948996 0.302545905330347 -0
9662 0.5700611013812413 -0.06908250191803592 0
9663 0.5767717494685447 -0.06855785829989515 0
9664 1.372845767349675 0.1032345206837391 -0
9665 1.372845767349721 -0.1032345206834598 0
9666 0.9364071505922735 0.324671597141198 -0
9667 0.9183978810144899 0.3488274084904819 -0
9668 0.9183974397800249 -0.3488273883947183 0
9669 0.9364066948201641 -0.3246716279540438 0
9670 0.2122773105125061 0.1037165320936222 -0
9671 -0.04508593828111888 -0.0165936979674569 0
9672 -0.04785943996329696 -0.01189328438205928 0
9673 -0.0422492457321287 -0.02180913407248508 0
9674 1.137572819975589 0.06824628316506542 -0
9675 1.142181855744159 0.06277575262122645 -0
9676 1.14218185583221 -0.06277575270743624 0
9677 1.137572819951023 -0.06824628329866961 0
9678 -0.1621787903194027 -0.142941602863445 0
9679 -0.1472053070168577 -0.1436711151785077 0
9680 -0.03432175104662673 0.03355022343961461 0
9681 -0.03559932067618592 0.02765218535675713 0
9682 0.9984416842372893 -0.05972625486936921 0
9683 -0.126717397854282 0.005178760796471866 0
9684 0.9984427522181604 0.05972553450678966 -0
9685 0.1295607580618205 0.2804219008646143 -0
9686 0.1195845728947071 -0.07977130153609563 0
9687 0.001389722967665687 -0.2536837221182099 0
9688 0.01947782524520023 -0.2542036164938627 0
9689 0.003244032065848446 -0.2347457098514414 0
9690 -0.01490173386625521 -0.02175895611612203 0
9691 1.283294555743454 0.1095617347208132 -0
9692 1.283294555743449 -0.1095617347208021 0
9693 1.297542128793473 0.01464844991235625 -0
9694 1.297542128793472 -0.01464844991235717 0
9695 0.07320388688482327 0.06083093384087195 -0
9696 0.06853252513326101 0.05980815021863606 -0
9697 -0.03961925712368313 0.07944213025269202 0
9698 0.6183030187501857 -0.2237729338206388 0
9699 0.6186358355530372 0.2236647387738749 -0
9700 0.4024158474895567 0.2541380550693462 -0
9701 0.4056501110778687 0.2327029536321238 -0
9702 0.01532566238376961 0.2503832887451098 -0
9703 -0.1015126900344629 -0.2106791142800703 0
9704 -0.1087222281092939 -0.2381678351397015 0
9705 0.01655048557103942 0.2904418691370547 -0
9706 0.02469764160435263 0.3140333593437716 -0
9707 0.9857568360285405 0.02283824036674838 -0
9708 0.9839065552724287 0.01978873627823646 -0
9709 0.9839063716206939 -0.01978876843202923 0
9710 0.9857566955936412 -0.02283827831623429 0
9711 1.030820286316374 0.1149683509617986 -0
9712 1.030479478680715 0.1257772791061623 -0
9713 1.030479642938854 -0.1257771914186217 0
9714 1.03082057829457 -0.114968280555859 0
9715 0.8702635536860347 -0.184964935905561 0
9716 0.8702638816852544 0.1849649015482251 -0
9717 0.8875702797365305 -0.2872613957496473 0
9718 0.8875706815638412 0.2872612508609441 -0
9719 0.4972583005130662 0.1396004512420079 -0
9720 0.4820747609597803 0.1376929447862819 -0
9721 0.01861144695467679 0.06211047515080727 -0
9722 0.02056446363814796 0.05715477301418399 -0
9723 0.02294201254978033 0.06137748746250447 -0
9724 0.1106866546704204 0.3234751849782058 -0
9725 0.1280914109554938 0.299727976182441 -0
9726 1.197003165427438 0.08775499650264137 -0
9727 1.196141834581205 0.09868064442916868 -0
9728 1.19614183458122 -0.0986806444295692 0
9729 1.19700316542744 -0.08775499650268914 0
9730 0.5998668681050079 -0.09637319208296 0
9731 0.6060466273086458 -0.1006022549740044 0
9732 0.6053160600603604 0.1006872169890333 -0
9733 0.5987149210729033 0.09630577873710663 -0
9734 0.575421939134344 0.1435915729715766 -0
9735 0.3924350200999755 -0.07953997234749868 0
9736 0.4005257163091173 -0.07924188111664021 0
9737 1.121324597834171 0.06522250753443082 -0
9738 1.121324597259389 -0.06522250738100696 0
9739 1.002298083682251 0.003113648692930464 -0
9740 1.005036710707458 0.003967491034244834 -0
9741 -0.05457525614718443 -0.1578836750803784 0
9742 -0.04398220802717905 -0.161340332869275 0
9743 -0.04832455646628638 -0.1440069815280445 0
9744 0.9804079552226721 0.04383932115496769 -0
9745 0.9804076050017331 -0.04383941947909972 0
9746 0.674488841585321 0.09184380060932547 -0
9747 0.6744886711160133 -0.09184380506410236 0
9748 0.2540831436418858 -0.2241838537666533 0
9749 0.7979135073513119 -0.04382453407280101 0
9750 0.7979137099294793 0.04382451280389447 -0
9751 1.144995738373676 0.05254513668710389 -0
9752 1.144995738396613 -0.05254513668474875 0
9753 0.3386714916013185 0.09981056327358659 -0
9754 0.3466929331244394 0.09761369130301661 -0
9755 0.505448678569414 -0.1504806780959276 0
9756 0.4962844499904076 -0.1615257286715118 0
9757 0.8718084026176982 0.08597989399368022 -0
9758 0.8718081858341794 -0.08597993644569132 0
9759 0.0008543563367271346 -0.04071906341704584 0
9760 0.1363360517845595 0.0768235951564223 -0
9761 0.1342786359933049 0.07067464087379889 -0
9762 0.4556241489933438 -0.1227268549279893 0
9763 0.5362873963032047 -0.2634591173610826 0
9764 0.5550215765323065 -0.2551953254084537 0
9765 1.15924780907176 0.08349019269029326 -0
9766 1.149070695206672 0.07764367520667052 -0
9767 1.149070695363317 -0.07764367510087405 0
9768 1.159247809150711 -0.08349019248361619 0
9769 0.3550749106807566 0.1001785810504812 -0
9770 1.302085998160948 0.05137526048559512 -0
9771 1.302085998160947 -0.05137526048559513 0
9772 0.4356414318462574 -0.1224662246391136 0
9773 0.4472436189276101 -0.1164000119919879 0
9774 -0.2211883846861046 0.02796912046329482 0
9775 -0.2365906273423184 0.01823208829688925 0
9776 -0.2208129533734041 0.007152209028599018 0
9777 -0.2390448793632196 -0.2945250714700486 0
9778 0.9418322156301737 -0.02595013784033028 0
9779 0.9441454830619986 -0.02955090800413699 0
9780 0.9441456996078678 0.02955087562913131 -0
9781 0.9418324326223542 0.02595010760080298 -0
9782 0.06400044490535201 0.05854883562167995 -0
9783 1.085057555931226 0.07799456922354753 -0
9784 1.07465460431408 0.07735449645092601 -0
9785 1.074654634770888 -0.07735436566996436 0
9786 1.085057583104078 -0.07799447801143983 0
9787 0.08901428710832401 -0.11349757802542 0
9788 0.05433157628770661 -0.0679792197502406 0
9789 0.6652952209664307 0.3783659253052961 -0
9790 0.7010095066808106 0.3783659253052961 -0
9791 0.7009731468028136 -0.378375794194464 0
9792 0.6652588610887759 -0.378375794194464 0
9793 1.141483215493759 0.07594052406766755 -0
9794 1.131761538663117 0.07454799852614072 -0
9795 1.131761538861529 -0.07454799966928216 0
9796 1.141483215872123 -0.07594052527896558 0
9797 0.3019813275699191 0.1180825303998547 -0
9798 0.1721703013144437 -0.1254521800790805 0
9799 0.1674582607752098 -0.07391979217278251 0
9800 0.1699886483136597 -0.07977828648248914 0
9801 0.9571140922247877 0.2938455699018787 -0
9802 0.9601192035339767 0.3157021631824075 -0
9803 0.9601188962076812 -0.3157023516323479 0
9804 0.9571138355086801 -0.2938457691878478 0
9805 1.147859653171921 0.1660325069047372 -0
9806 1.137634308243599 0.1599082975059595 -0
9807 1.137634308292286 -0.1599082975274937 0
9808 1.147859653174462 -0.166032506905854 0
9809 0.09671344864495758 -0.1678711194326062 0
9810 0.05345255520978659 -0.3788125213314681 0
9811 0.9483052294296721 0.03439994427065463 -0
9812 0.9483050115751389 -0.03439998404241133 0
9813 1.081677194716916 0.2046790291136581 -0
9814 1.072286649843303 0.2167257522717723 -0
9815 1.063887273503022 0.2044450199436171 -0
9816 1.063887655544962 -0.2044449597839549 0
9817 1.072286985420006 -0.2167256972124106 0
9818 1.081677305924465 -0.2046789944544204 0
9819 -0.01731020844932876 0.0207434912605982 0
9820 0.2993168774765804 -0.09719946322382148 0
9821 0.2909852389586334 -0.09501976545508331 0
9822 1.222411456928169 0.1302474053774228 -0
9823 1.233505892685234 0.1242955491501318 -0
9824 1.233505892685237 -0.1242955491501379 0
9825 1.222411456928171 -0.1302474053774282 0
9826 -0.0227009450839713 -0.01204584313954308 0
9827 0.6157434173379703 -0.06319498533594392 0
9828 0.6194559764644979 -0.06930559535236763 0
9829 0.6194423092030448 0.06932142430345661 -0
9830 0.6157297490471745 0.06321081258437819 -0
9831 -0.02066927358566305 -0.04246946342488031 0
9832 -0.01606192502211161 -0.04351756179088292 0
9833 -0.01428592907242107 -0.04773837975082398 0
9834 -0.01643022491931584 -0.0521599772946142 0
9835 -0.01098279073515874 -0.05218341153953024 0
9836 1.002022149254459 0.001165845403210065 -0
9837 1.002961840435331 -0.06432068549873177 0
9838 1.002962181092333 0.06431894958795695 -0
9839 0.6258710429763623 -0.07791928799871618 0
9840 0.6258712350792714 0.07791917950993316 -0
9841 1.13743504790325 -0.2984307688093885 0
9842 1.118800299823053 -0.2870601589726258 0
9843 1.118800330224225 0.2870601776195005 -0
9844 1.137435078612496 0.2984307612516303 -0
9845 -0.04745914869756079 -0.04983192760554155 0
9846 -0.04883041745446104 -0.04324014057101372 0
9847 0.3764417014091802 -0.0790651098169626 0
9848 1.126719009263484 0.15302756981372 -0
9849 1.126719012225412 -0.1530275634508606 0
9850 -0.3492244652656785 0.06465737782770743 0
9851 0.5610840121995824 -0.07997636492538632 0
9852 -0.02570910605448568 -0.1534605447013154 0
9853 0.1873582621826658 0.08966754877561658 -0
9854 0.1812993095439555 0.09427647635880644 -0
9855 1.353175672070404 0.01506740736629366 -0
9856 1.361122829035275 0.01485368200768928 -0
9857 1.361122829035278 -0.01485368200769119 0
9858 1.353175672070406 -0.0150674073662942 0
9859 0.01522633450305803 0.06522322350188123 -0
9860 0.6606461453690704 -0.113353552139153 0
9861 0.6689105306230891 -0.1088686310487404 0
9862 0.6689107359013762 0.1088685355137412 -0
9863 0.6606463482973223 0.1133534585242301 -0
9864 0.5769834774700353 0.06715374486064569 -0
9865 0.5702728272637836 0.06767838882975349 -0
9866 -0.03082755777625741 -0.04864328107092111 0
9867 -0.02519760627223095 -0.05105536766899427 0
9868 -0.02536331476060463 -0.04530285890783478 0
9869 0.5328703471556775 0.0884536322472661 -0
9870 0.6838329651227089 -0.05849288892195904 0
9871 0.6897075522647089 -0.05792722924233568 0
9872 0.6897077256587868 0.05792721440902024 -0
9873 0.6838331372191451 0.05849287440969288 -0
9874 1.004047983799297 0.08204555897849503 -0
9875 1.039565181104006 -0.05641824325870876 0
9876 1.033238117739959 -0.05437704068340595 0
9877 1.004048064492598 -0.0820469421371864 0
9878 1.033238152394085 0.05437670214057866 -0
9879 1.039565173126437 0.05641815803102639 -0
9880 0.6066090570297833 -0.07042843670878549 0
9881 0.6093422806182769 -0.06373700124083828 0
9882 0.6093286104921146 0.06375282882988659 -0
9883 0.6065262893629763 0.07052346056028655 -0
9884 -0.03081008112011547 -0.1417973868083498 0
9885 0.9807580509509162 0.02022434886864884 -0
9886 0.9795560370213445 0.02373681161853102 -0
9887 0.9795558492078424 -0.02373684664079683 0
9888 0.9807578630702956 -0.02022438152351861 0
9889 1.252008275571419 0.0031401771347066 -0
9890 1.249385109969624 0.007449225859228534 -0
9891 1.249385109969624 -0.00744922585922861 0
9892 1.252008275571419 -0.003140177134706755 0
9893 0.9379466862191147 0.02646093361235138 -0
9894 0.9364156888963946 0.03065579495324271 -0
9895 0.936415469785962 -0.03065582742655163 0
9896 0.9379464668856956 -0.02646096399662445 0
9897 0.2048408422944017 0.08258334387327518 -0
9898 0.202207551149321 0.0764300195446099 -0
9899 0.02541090711096419 -0.05471965351458316 0
9900 0.9181457503750883 0.02955872350504195 -0
9901 0.9139848157095223 0.03008983849806586 -0
9902 0.9139845944121743 -0.03008986761816818 0
9903 0.9181455291426274 -0.02955875279918069 0
9904 0.1865859298797372 0.1918564759231141 -0
9905 0.1705295939447189 0.1913255051596278 -0
9906 0.1693279448822435 -0.09202966213825756 0
9907 0.1753730988337999 -0.08880995167668121 0
9908 0.1695805898349659 -0.08492799676069733 0
9909 1.036178080618357 0.1012213814845519 -0
9910 1.036178537409486 -0.101221326108634 0
9911 1.081992831780019 0.02407589230180444 -0
9912 1.081992831780022 -0.02407589230180451 0
9913 -0.0210003687956387 0.004587832456442559 0
9914 1.026696037976155 0.07700051309289718 -0
9915 1.026696248730365 -0.07700130482671154 0
9916 -0.01700452775836976 -0.008619128105272374 0
9917 -0.01508328202848165 -0.009088730720116936 0
9918 0.5018677111841008 -0.1094972171879543 0
9919 0.1963724011547265 0.07610036301719211 -0
9920 0.1931989244893424 0.08190457745359164 -0
9921 0.03198708275929574 0.05951487538190685 -0
9922 0.6294191418395705 0.2358469368175959 -0
9923 0.6293489721355914 -0.2358868140320945 0
9924 0.2774742304787111 0.1047687895219747 -0
9925 0.695030578851191 0.05599756506039223 -0
9926 0.6950304037905891 -0.05599758079042852 0
9927 -0.3699626558055619 0.07801321972419123 0
9928 0.4483279700315768 0.1147861558531533 -0
9929 0.4710247863930426 -0.3448678736039333 0
9930 0.189472142477745 0.1237366106228751 -0
9931 -0.0193446274550717 0.2425116949989194 0
9932 0.0913498528823157 0.3244058473726402 -0
9933 0.5375597570560359 0.1023839077862661 -0
9934 1.045416178332707 0.205180235928646 -0
9935 1.045416633134149 -0.2051804414031105 0
9936 0.9773341498866155 -0.04658408576463197 0
9937 0.9773345928425983 0.04658388033151788 -0
9938 1.041355332794474 0.2239533655526592 -0
9939 1.041355722412115 -0.2239535483149175 0
9940 0.3269413208589765 0.3016191263378808 -0
9941 0.3287548866440827 0.3308291953584825 -0
9942 0.3829868686486433 0.1191586491967017 -0
9943 0.3707350513943552 0.1177848228609528 -0
9944 1.349042486407933 0.0349029248097347 -0
9945 1.349042486407938 -0.03490292480973731 0
9946 1.242769552826672 0.1160677054203329 -0
9947 1.242769552826676 -0.1160677054203396 0
9948 -0.2182606682001149 -0.01334292555013946 0
9949 -0.2028584255439011 -0.003605893383733887 0
9950 0.8566278194392623 0.03779070146990446 -0
9951 0.8519698740535799 0.03834290363014518 -0
9952 0.8519696587531443 -0.03834292900820953 0
9953 0.8566276038503192 -0.03779072688217154 0
9954 0.5002487154421504 -0.07443695790533394 0
9955 0.5074870532375113 -0.07397063831056644 0
9956 -0.2166091702178934 -0.2549837756787997 0
9957 0.8297493296266012 0.1949459540927327 -0
9958 0.8248349848755846 0.177691242144668 -0
9959 0.8248347003013536 -0.1776912154461043 0
9960 0.8297489965192386 -0.1949458837456334 0
9961 1.011051477212907 0.007456440772994446 -0
9962 1.014141729313913 0.005518935726030905 -0
9963 1.014141728193608 -0.005518933700878628 0
9964 1.011051473758635 -0.007456434528779948 0
9965 0.3801747539931801 -0.1724052386927948 0
9966 0.0006131804555576399 0.04130854573381737 -0
9967 1.238650916089764 0.010873708529661 -0
9968 1.238650916089767 -0.01087370852966201 0
9969 0.8844072825445195 0.05731743190271602 -0
9970 0.8782378081168574 0.06107337840861012 -0
9971 0.8782375915516831 -0.06107340748702843 0
9972 0.8844070650784193 -0.05731746053122784 0
9973 0.1814734403128681 -0.08070210621827298 0
9974 0.1846662721060509 -0.07527028898788787 0
9975 0.47979644123814 0.1516468036555158 -0
9976 0.2043941421121492 0.1245796282978558 -0
9977 1.210437323106539 0.1376359352928688 -0
9978 1.211575249009246 0.153210827839372 -0
9979 1.200136397835843 0.1490320621208061 -0
9980 1.200136397835841 -0.1490320621208035 0
9981 1.211575249009245 -0.1532108278393735 0
9982 1.21043732310654 -0.1376359352928725 0
9983 -0.02085016886857656 -0.053532381633196 0
9984 -0.3174406477312937 -0.07161678793938377 0
9985 -0.3130424244837078 -0.09362244023277616 0
9986 -0.2940002221871272 -0.07465180190675684 0
9987 0.04300636266183844 0.3209367199753134 -0
9988 1.101540401071404 0.2070696832786586 -0
9989 1.101540433442554 -0.2070696684991677 0
9990 0.9901593804055837 0.0774555192069106 -0
9991 0.9842637585668097 0.07950781380333892 -0
9992 0.9830195248829059 0.07320139728575972 -0
9993 0.1377452247202309 0.1782500669720542 -0
9994 1.100605106221249 0.2276761488175428 -0
9995 1.10060518297871 -0.2276760939804754 0
9996 0.983019250492244 -0.0732024215003112 0
9997 0.9842636177502451 -0.07950864549671777 0
9998 0.9901589436970148 -0.07745622864785319 0
9999 0.2284718424845876 0.09123110712400008 -0
10000 -0.06467374985694911 -0.06401761933081769 0
10001 0.8117282769720892 0.1029669449264677 -0
10002 0.8117280624200636 -0.1029669644578771 0
10003 -0.01841791980412982 -0.01076551672201198 0
10004 -0.01937226116525036 -0.0697742304893097 0
10005 0.9545642487923621 0.06181652265016314 -0
10006 0.954563945873639 -0.06181658789921746 0
10007 0.0872132921805196 -0.08799351665103361 0
10008 0.1424590700705165 0.2027608734717068 -0
10009 1.012221157641999 -0.2768869012828112 0
10010 1.012221073962481 0.2768866428291208 -0
10011 1.116589441208311 -0.3626481162097557 0
10012 1.084543204172053 -0.3712141997346395 0
10013 1.084542955147839 0.3712142803694399 -0
10014 1.116589192183951 0.362648196844647 -0
10015 1.139179172493695 -0.3550956724015241 0
10016 1.139179184126091 0.3550956776615837 -0
10017 0.5526096976567587 0.1962401327885311 -0
10018 0.2263659600550797 0.2046917976722463 -0
10019 0.2171334392648461 0.1935539167569558 -0
10020 -0.1275645891013914 0.2520777201796524 0
10021 1.125146614767848 0.1404792612088611 -0
10022 1.125146622771366 -0.1404792460162205 0
10023 0.4429890639414313 0.2536428261679379 -0
10024 0.8312249591770026 0.05684236083934349 -0
10025 0.8267330446916407 0.05253793982870343 -0
10026 0.8267328372974931 -0.05253796609401364 0
10027 0.8312247508408861 -0.05684238612234425 0
10028 -0.005266592927100047 -0.2026376853271019 0
10029 -0.001705412565766503 -0.2208491164871735 0
10030 1.184604550672459 0.1022123719669568 -0
10031 1.184604550672544 -0.1022123719693579 0
10032 -0.0375500671984209 -0.05925310648954658 0
10033 -0.0458799827377539 -0.05644343612323015 0
10034 0.5641340611303287 0.06763803836816244 -0
10035 0.5573305282232548 0.06815363731241472 -0
10036 -0.1056318173305301 -0.01942511591217914 0
10037 0.007472922465007846 0.1222440282343298 -0
10038 0.7439771533808234 0.06174974755783802 -0
10039 0.7439769639243583 -0.06174976373057953 0
10040 0.08304009725620878 0.06314830317671413 -0
10041 0.1904916377033661 -0.07565452360892747 0
10042 0.193046735954981 -0.08179932652088528 0
10043 1.246509713803275 0.2287009435652411 -0
10044 1.246509713803304 -0.2287009435654129 0
10045 0.8247312825226866 0.1581005904135943 -0
10046 0.823202484621893 0.1444292988824394 -0
10047 0.8232022435012714 -0.1444293186339831 0
10048 0.8247310209478286 -0.1581005865395719 0
10049 -0.07404314937635498 0.2474231667280369 0
10050 -0.05555802731384597 0.2543985616194869 0
10051 -0.1047730706396608 -0.08596069172421547 0
10052 0.8476468739367873 0.03823111498001637 -0
10053 0.8429080231539923 0.03878838953693241 -0
10054 0.8429078112240938 -0.03878841402329711 0
10055 0.8476466595874079 -0.0382311399874974 0
10056 -0.1809666129257863 0.1093736803300093 0
10057 1.101147987012156 0.09961153785824459 -0
10058 1.101147999971516 -0.0996114856639651 0
10059 0.5142117857774867 -0.07174963848784885 0
10060 0.02192834940477734 0.05264758588099003 -0
10061 0.2014462639499217 0.1938946400957408 -0
10062 0.2973266269582158 -0.1478187657882991 0
10063 0.6224657490723118 0.3477091998916423 -0
10064 0.5958917199452085 0.3340779803056272 -0
10065 0.1964005615306082 0.1315878506570599 -0
10066 0.2037508240940693 0.1339572918165349 -0
10067 0.2680283784778404 0.08523099526617622 -0
10068 0.2636758301427974 0.0799285949600131 -0
10069 0.5569516374229592 0.07562329040111929 -0
10070 0.6437700150321155 0.3680649425094551 -0
10071 0.666208093142346 0.3464308678147511 -0
10072 0.6659901190937305 -0.3464901155316901 0
10073 0.643588400863189 -0.3681143213372262 0
10074 1.280714669384429 0.2672067631571244 -0
10075 1.280714669383447 -0.2672067631603246 0
10076 1.258880423733326 0.04189483735238142 -0
10077 1.268211405080935 0.04058387410022368 -0
10078 1.268211405080935 -0.04058387410022478 0
10079 1.258880423733324 -0.04189483735238227 0
10080 0.9052940213654037 0.03103992423773006 -0
10081 0.9052937998779318 -0.03103995222202659 0
10082 1.172710380389876 0.004996876805923207 -0
10083 1.172710380389876 -0.004996876805923936 0
10084 0.723643111191945 -0.1338930201815159 0
10085 0.7344465685015782 -0.1371711761825277 0
10086 0.7344467523851004 0.1371711715131656 -0
10087 0.7236432955135208 0.1338930191078864 -0
10088 0.1496881971848589 -0.1311568277956009 0
10089 -0.01831922423173762 -0.01332384556389741 0
10090 0.1810799015924576 -0.08605956543199922 0
10091 -0.00515234663111592 0.03689646964834035 0
10092 0.4127636433843344 -0.1900624264901753 0
10093 0.4187627542051147 -0.2060190192626887 0
10094 0.5946018506903112 -0.3349269047026625 0
10095 0.6217780090643072 -0.3481458449738116 0
10096 1.107052717526425 0.1570950524765158 -0
10097 1.10705272399376 -0.1570950089090664 0
10098 1.206022031673185 0.01770565187878878 -0
10099 1.206022031673187 -0.01770565187878844 0
10100 1.078516819704494 0.03487452234886193 -0
10101 1.081744788193944 0.02946875294954459 -0
10102 1.081744788193948 -0.02946875294953852 0
10103 1.078516819863421 -0.03487452177821822 0
10104 0.4850534280051107 -0.07371213155742751 0
10105 0.1407465216445992 0.1341694830567886 -0
10106 0.1324290856128284 0.1449213730816703 -0
10107 0.7145115017609689 -0.138237691226798 0
10108 0.7145116850820974 0.1382376930915276 -0
10109 0.4127308052832964 0.09345533868783201 -0
10110 -0.01801985199295316 0.2610468435593721 0
10111 -0.03588540418894536 0.2578434738450263 0
10112 -0.02746495097356268 0.008975130144719127 0
10113 -0.0294409607141419 0.006777363202642986 0
10114 0.8678404943358013 -0.2996691040599168 0
10115 0.8678409557835229 0.2996689734467516 -0
10116 0.02734225273125182 0.06020996135734241 -0
10117 0.02538923604778065 0.06516566349396569 -0
10118 1.127170839674435 0.3190618402211798 -0
10119 1.127170804227233 -0.3190618319207994 0
10120 -0.05301175789597874 -0.01117673800700292 0
10121 -0.05142380908883351 -0.007157371464634839 0
10122 0.08567344464890993 0.3487628797517435 -0
10123 0.06432427219436922 0.3300021971414564 -0
10124 -0.0390352854189127 -0.02509892393747614 0
10125 0.2153806598286303 -0.1554980925301589 0
10126 0.1888288244596651 0.1331142741415541 -0
10127 0.6835193728389959 0.09032863965848947 -0
10128 0.6835191997984941 -0.09032864467946572 0
10129 -0.02231096095531006 -0.002078368363358485 0
10130 -0.02105103686989593 0.0002906939797488412 0
10131 0.323706883749924 0.2143591383735358 -0
10132 0.3437323023138144 0.2204647204410605 -0
10133 0.3846496622980423 -0.0788068354189746 0
10134 0.2012437062290044 -0.1551175692448061 0
10135 0.04656276810333274 -0.1531981529609376 0
10136 1.150108379435747 0.05940819277246968 -0
10137 1.150108379526019 -0.05940819288566553 0
10138 1.231435102029022 0.02069217481866435 -0
10139 1.237691107411958 0.01653136488859347 -0
10140 1.23769110741196 -0.01653136488859355 0
10141 1.231435102029024 -0.0206921748186655 0
10142 0.3458917120990924 -0.2573279838053838 0
10143 0.6714260433660539 -0.05807209085643913 0
10144 0.6714262121072097 0.05807207645814807 -0
10145 0.8390417743964014 0.1171568568653723 -0
10146 0.8390415431650443 -0.1171568996333772 0
10147 -0.001704532796569433 0.03820988106092633 0
10148 1.074666269139817 0.03992109176869768 -0
10149 1.074666269065394 -0.03992108922607992 0
10150 -0.2826216071967342 -0.2570268161018076 0
10151 0.2985110806024858 0.3802840126460293 -0
10152 0.3342253663166672 0.3802840126460293 -0
10153 -0.2519213435005874 0.2814855248353618 0
10154 0.07826583399697656 0.06220350331667353 -0
10155 0.5631405340671158 -0.06801303275170573 0
10156 0.04674045056485729 -0.1422925465814821 0
10157 0.05724844265986395 -0.1420572566565479 0
10158 0.9754909197569923 0.1125920131066422 -0
10159 0.9754907421418362 -0.1125922444147302 0
10160 1.072982878788602 0.08635180846940924 -0
10161 1.072982972461189 -0.08635164997008454 0
10162 0.6064722988023501 -0.1094722740284388 0
10163 0.6057417319089842 0.109557238793022 -0
10164 1.007446664078435 -0.04169907248078924 0
10165 1.007446821059745 0.04169803744238801 -0
10166 0.1558976619578791 0.1975467488962354 -0
10167 1.038795828499818 -0.03852913770433319 0
10168 -0.04751280814671091 0.1252977868224836 0
10169 -0.05763056901593901 0.1337298567297787 0
10170 1.038795870031904 0.03852907613040288 -0
10171 1.328488409275997 0.007876868222770964 -0
10172 1.33340329620741 0.01208528003085998 -0
10173 1.33340329620741 -0.01208528003085899 0
10174 1.328488409275997 -0.007876868222770365 0
10175 1.219949066555635 0.2511585714479924 -0
10176 1.219949066096702 -0.251158572381448 0
10177 0.9896938375067652 0.1896095387917473 -0
10178 0.9896939526734631 -0.1896099926848651 0
10179 0.5754941175870303 0.3553668788602286 -0
10180 -0.06468794964420739 -0.01450337601470595 0
10181 -0.0583246012916749 -0.01166305145694194 0
10182 1.012972135610997 0.002253860304294303 -0
10183 1.009232280821687 0.002253860304294303 -0
10184 1.009232280168176 -0.00225385912295619 0
10185 1.012972134957486 -0.00225385912295619 0
10186 0.9286437805747566 -0.1908204767067232 0
10187 0.9286442038728269 0.1908203107969644 -0
10188 -0.1713936777521051 0.1280581255050673 0
10189 -0.157060298738163 0.1300973571729155 0
10190 0.5734227201430685 -0.3571794394162093 0
10191 0.9095366638423571 0.03050264388614519 -0
10192 0.9095364423811136 -0.0305026720834868 0
10193 -0.1007677612788452 0.1539497040513298 0
10194 -0.09838640704188598 0.1695450358830936 0
10195 0.8217354887541202 -0.06092355723595205 0
10196 0.821061059478328 -0.05436787268979157 0
10197 0.821061265593254 0.05436784498141851 -0
10198 0.8217356934934519 0.06092352966586911 -0
10199 -0.0250587037306876 -0.03425204836698958 0
10200 1.210972605754766 0.1260686396588569 -0
10201 1.210972605754767 -0.1260686396588582 0
10202 0.6773774912709822 0.05751240680692231 -0
10203 0.6773773211260984 -0.05751242133722263 0
10204 0.2013443994738032 0.1513331543300583 -0
10205 0.1945865757552349 0.1612609423153821 -0
10206 0.18899941979396 0.1508933021610628 -0
10207 -0.001405095088370052 -0.03766307714604801 0
10208 0.2568545156485659 0.2187935502441543 -0
10209 0.335769106162097 0.1078633906362475 -0
10210 0.5053157082199449 0.08972247862185392 -0
10211 0.4980942728249661 0.09729034896777762 -0
10212 0.4924162820356731 -0.07326125456463545 0
10213 0.8011275803907395 0.06620113672071831 -0
10214 0.8011273789422113 -0.06620116082298735 0
10215 0.8716883027914764 0.3459489773604735 -0
10216 0.8716880061379866 -0.3459490434352466 0
10217 0.02363129199182077 -0.1182786194842777 0
10218 0.2531457531349462 0.249329610686373 -0
10219 0.2463705309282071 0.2337611535845981 -0
10220 0.325270954135271 -0.1625502799847211 0
10221 0.340180924158481 -0.1639320031073856 0
10222 0.2419630569722797 0.09278822462476369 -0
10223 1.008464684842295 0.008004226099734911 -0
10224 1.008615915276611 0.005055505935329071 -0
10225 1.0086159146231 -0.005055504753990947 0
10226 1.008464682041534 -0.008004221036858513 0
10227 0.8430286153232722 -0.04386169208414153 0
10228 0.843028828325965 0.04386166787150009 -0
10229 0.9271297370146421 0.0447387574667438 -0
10230 0.9271295164442348 -0.04473879791511696 0
10231 0.808793374062901 0.09488330802041664 -0
10232 0.8087931638617505 -0.09488333088369721 0
10233 0.9778336946851639 -0.1300610098767858 0
10234 0.9778337999971958 0.1300607554390448 -0
10235 -0.01522463838149857 0.02272840672294684 0
10236 0.5390787612380603 0.2001195654395829 -0
10237 -0.3437327939437009 -0.06646216597796609 0
10238 0.3777926830956734 0.1921426549304788 -0
10239 0.3596652754810992 0.1946361865437926 -0
10240 0.9984064259997569 0.01715607960858973 -0
10241 0.9978283864656994 0.01999920647724903 -0
10242 0.9043119652533227 0.1234965146582192 -0
10243 0.9043117365683799 -0.1234965173184797 0
10244 0.9978282736527013 -0.01999917120884633 0
10245 0.9984062626347556 -0.01715598332044806 0
10246 -0.140753133856206 0.06531471429970633 0
10247 0.9368844867437394 0.0341341204607651 -0
10248 0.9368842678593531 -0.03413415560091908 0
10249 -0.1133193963419562 0.006336579696457779 0
10250 1.351248257184392 0.09684001747343776 -0
10251 1.351248257184374 -0.09684001747332507 0
10252 0.1956933508580088 -0.2443302861540713 0
10253 0.2041426714779548 -0.2632830535302406 0
10254 0.2147081068959104 -0.2510561065504836 0
10255 0.924383948553865 0.04799380856377675 -0
10256 0.9243837269731059 -0.04799385100989747 0
10257 0.1568057798193331 -0.09038392824410427 0
10258 0.1560148865935665 -0.0962981930286488 0
10259 0.162744542657643 -0.09406197200681821 0
10260 0.4219677454174501 0.2643543243852911 -0
10261 0.4021666001559672 0.2749128975230629 -0
10262 0.4941129225369467 0.104913544719088 -0
10263 -0.3731849106650326 0.05610342917010284 0
10264 -0.08398967490256046 0.1710301559665977 0
10265 1.314360001689946 0.004391431743374349 -0
10266 1.309118738483563 0.004391431743374349 -0
10267 1.309118738483563 -0.004391431743374032 0
10268 1.314360001689945 -0.004391431743374032 0
10269 0.705199776757076 0.06704415705676645 -0
10270 0.7051995978104935 -0.06704416976388596 0
10271 1.161294601172741 0.003647335938587391 -0
10272 1.161294601172741 -0.003647335938587645 0
10273 0.3272182125248549 0.1982830367727499 -0
10274 0.05035828971622933 0.06587694292554272 -0
10275 -0.02629922508968952 -0.04005737682680714 0
10276 -0.02102743378379363 0.06933627005098342 0
10277 0.1598521459110781 0.143063630191045 -0
10278 0.1679000044436176 0.147613121084212 -0
10279 -0.2058296007670427 0.07584955080244815 0
10280 0.5145324481517475 -0.1457109304595329 0
10281 1.227280310368742 0.01563464931398554 -0
10282 1.227280310368746 -0.01563464931398689 0
10283 0.0550752940353048 0.06658468372476618 -0
10284 0.3548836923357097 0.1083067845532105 -0
10285 0.3623900400648956 0.1177760093789087 -0
10286 0.3452162664323128 0.1958079467394643 -0
10287 0.04760060074640409 -0.07598441406476894 0
10288 -0.02078275536193641 -0.01382848357197504 0
10289 1.11888280893319 0.2540225554979197 -0
10290 1.118882846732768 -0.2540224998338966 0
10291 0.1836535482812315 -0.2739637374936205 0
10292 0.7497835465580489 0.09935716730474242 -0
10293 0.7409538315902402 0.09847777771170352 -0
10294 0.7409536426983775 -0.09847778504795812 0
10295 0.7497833540127676 -0.09935717440469642 0
10296 -0.04152187031068343 0.02649884410177226 0
10297 0.803446191332625 0.1017478887406771 -0
10298 0.8034459787317882 -0.101747903449258 0
10299 0.7339958308257624 0.1977433697940595 -0
10300 0.7339956258483207 -0.1977433661199456 0
10301 0.827272478592334 0.0618176328671052 -0
10302 0.8272722721923753 -0.06181765985117037 0
10303 1.347228607609706 0.004500335804362012 -0
10304 1.341501337787705 0.004500335804362012 -0
10305 1.341501337787705 -0.00450033580436191 0
10306 1.347228607609706 -0.00450033580436191 0
10307 0.4851481427236533 0.07376695458701207 -0
10308 0.1839253576119307 0.1022221479068214 -0
10309 0.1421221191685744 0.1545620006835106 -0
10310 0.1518333848040648 0.1483849920796803 -0
10311 1.243793860118602 0.01427575380797634 -0
10312 1.249299746629102 0.01129652737729879 -0
10313 1.248339937951296 0.01695418373623126 -0
10314 1.248339937951295 -0.01695418373622937 0
10315 1.249299746629102 -0.01129652737729783 0
10316 1.243793860118603 -0.01427575380797525 0
10317 0.3894098838082038 -0.08550789481283609 0
10318 -0.1358341219428507 -0.2291307258058465 0
10319 1.32574599497995 0.004382227643057685 -0
10320 1.320347493878076 0.004382227643057685 -0
10321 1.320347493878075 -0.004382227643057328 0
10322 1.32574599497995 -0.004382227643057328 0
10323 0.9196110014984176 0.1774437047303771 -0
10324 0.9196106219676183 -0.1774438475227264 0
10325 0.3781168137003676 -0.1253576941960215 0
10326 0.5671437951215998 -0.07454437032148012 0
10327 1.062215476548004 0.2285160157351625 -0
10328 1.080005397761898 0.2287500249052035 -0
10329 1.08000551427748 -0.2287499254134153 0
10330 1.062215863897977 -0.2285158907429498 0
10331 1.181345707295462 0.09434809894888534 -0
10332 1.170705679522575 0.08925085962479171 -0
10333 1.170705679523078 -0.08925085963922433 0
10334 1.181345707295966 -0.09434809896331839 0
10335 0.3088931280290298 0.3371986111864571 -0
10336 0.2837401684022812 0.3508748805176933 -0
10337 0.3357957288130002 -0.09683038796039042 0
10338 0.5858385911820165 0.3796442573821873 -0
10339 0.6215528768963964 0.3796442573821873 -0
10340 0.5402682881787844 0.09487530270102643 -0
10341 -0.06858071764747711 -0.01894785519555546 0
10342 0.3489875721322605 0.1651375294570957 -0
10343 0.9446144974552125 0.03302920113665368 -0
10344 0.9446142811353897 -0.03302923617850444 0
10345 0.3781263055260032 0.2131122190198321 -0
10346 -0.303484801284584 -0.1191742506359017 0
10347 0.6210467510593527 -0.3800315236365854 0
10348 0.5853324653453149 -0.3800315236365854 0
10349 0.08485904825009336 -0.1061508234064008 0
10350 -0.2579702405102003 -0.281678182788258 0
10351 0.3750585962932204 0.380656366241783 -0
10352 0.4107728820074018 0.380656366241783 -0
10353 0.06963518046181268 -0.09566783996713338 0
10354 0.2522426791014865 0.2751758873203067 -0
10355 0.05310770870120306 -0.07232053795072509 0
10356 1.28202316550503 0.01388253371594631 -0
10357 1.28202316550503 -0.01388253371594552 0
10358 1.16458893912992 0.1658423460173887 -0
10359 1.164588939132457 -0.1658423460185064 0
10360 0.0749793935810707 0.06562649304733112 -0
10361 0.7994836574983708 0.1588786996158199 -0
10362 0.799483427143502 -0.1588786907065117 0
10363 0.242223489103996 -0.2253239138055817 0
10364 0.2275476335863465 -0.2352161380976988 0
10365 0.7565187747097244 -0.1025081047442108 0
10366 0.7565189693498642 0.1025080977738488 -0
10367 1.21178655505454 0.02052700219721941 -0
10368 1.216606720699696 0.01576041684271147 -0
10369 1.216606720699699 -0.01576041684271113 0
10370 1.211786555054544 -0.02052700219721883 0
10371 -0.02049962201802306 0.00222781815506986 0
10372 0.04528121407695231 0.2036799924428394 -0
10373 -0.0102484948903931 -0.1906637108112854 0
10374 0.1989471084895185 -0.1047162107519952 0
10375 0.2573624293640815 0.07981184228726754 -0
10376 0.7325920322831914 0.08406050569287155 -0
10377 0.7325918453791078 -0.08406051497850227 0
10378 0.3178556691272403 -0.177756266453766 0
10379 1.068529174747852 -0.2640088449055918 0
10380 1.081718854044613 -0.2780576929491155 0
10381 1.083124072052212 -0.2545889669874783 0
10382 1.083124019734943 0.2545890900027519 -0
10383 1.081718976363133 0.2780577562050224 -0
10384 1.068529181094789 0.2640089545708643 -0
10385 0.01356602173627956 0.1138143072595147 -0
10386 -0.05174541643908943 0.1481717374619533 0
10387 -0.06618213342639578 0.1447557152004378 0
10388 0.1966444476432387 0.2166249853594448 -0
10389 0.2158819753347209 0.2196594010126902 -0
10390 0.4624049340562084 0.2829911720632815 -0
10391 0.7016160013978406 -0.139530205104865 0
10392 0.7016161880020273 0.1395301952835837 -0
10393 0.1468783280191683 -0.08255339309072465 0
10394 0.1415566629351323 -0.0801700219623479 0
10395 0.1639434943621034 -0.08299799694406548 0
10396 1.302168128700806 0.1457636399143186 -0
10397 1.318185558142834 0.1526614761929737 -0
10398 1.318185558142881 -0.1526614761927755 0
10399 1.302168128700813 -0.1457636399142793 0
10400 0.9122671777949733 0.03354617018775569 -0
10401 0.9122669563481891 -0.03354619940857643 0
10402 0.4933878244495078 0.1537334490425993 -0
10403 0.9659812201724298 0.09825673841028898 -0
10404 0.9659809922525177 -0.09825699362331643 0
10405 0.6812818162001919 -0.06328656186057255 0
10406 0.6812819877318351 0.06328654887186987 -0
10407 -0.03300965642610455 0.008034847813179981 0
10408 0.7928380838426625 0.04438770303122551 -0
10409 0.7928378818647994 -0.04438772401309707 0
10410 0.9799537351018597 0.02656850358217928 -0
10411 0.9799535479712828 -0.02656855099242657 0
10412 0.4164047747973139 0.3521822230997489 -0
10413 0.390632560041506 0.3384977437746769 -0
10414 0.6054759550226598 -0.2349003130957308 0
10415 0.6058787750668746 0.2347522042109572 -0
10416 1.211840777764856 0.05991840551717001 -0
10417 1.219296915611845 0.06378126544812837 -0
10418 1.212208861987136 0.06918049363544787 -0
10419 1.212208861987138 -0.06918049363545734 0
10420 1.21929691561185 -0.06378126544814196 0
10421 1.211840777764861 -0.05991840551717595 0
10422 1.162920718345029 0.09212737918453462 -0
10423 1.162920718346959 -0.09212737923986489 0
10424 -0.1037954923312426 -0.1005312535722205 0
10425 1.06458133712609 0.04051600519423962 -0
10426 1.064581336406214 -0.04051600286567598 0
10427 0.1580952769289099 -0.08423985085082009 0
10428 1.204915137456422 0.07465065219387362 -0
10429 1.196949045678127 0.07870639693537693 -0
10430 1.196786632361853 0.0693733784459928 -0
10431 1.196786632361853 -0.06937337844599442 0
10432 1.196949045678129 -0.07870639693542519 0
10433 1.204915137456425 -0.07465065219392211 0
10434 -0.09084459088362298 0.2430779556664843 0
10435 0.07902050604846428 -0.06977203790036748 0
10436 0.6649178860657035 0.1916893522217272 -0
10437 0.6649177097212335 -0.1916893370167458 0
10438 -0.0008806712149020129 0.2673801797440526 0
10439 0.4969070472059041 -0.08021068193332737 0
10440 0.6070993391510154 -0.07622910172058939 0
10441 0.6070303910349023 0.07630828868372727 -0
10442 0.3293743102077822 0.1177436936288856 -0
10443 0.08358511831864125 -0.07230668283890931 0
10444 0.9622475874906172 -0.1405268905127044 0
10445 0.9670592066291857 -0.1304077346727259 0
10446 0.9670593670229033 0.1304074061256346 -0
10447 0.9622477632761212 0.140526477992389 -0
10448 0.1934753459891697 -0.1087141845744975 0
10449 0.2045517787029291 0.08791545983028543 -0
10450 0.3882302928422037 -0.1807255034384372 0
10451 0.3891345178796222 -0.1656338500443267 0
10452 0.2322102434613967 0.2821613162112832 -0
10453 0.9960765220673546 0.07143926491438551 -0
10454 0.9973207557512584 0.07774568143196472 -0
10455 0.9973206645507064 -0.0777470630593509 0
10456 0.9960762972927054 -0.07144083906294435 0
10457 1.001815463499035 -0.0007362601027199859 0
10458 1.326804562040378 0.1389531742591506 -0
10459 1.326804562040311 -0.1389531742590165 0
10460 0.3854527434333002 0.290189691636453 -0
10461 1.055061819723491 -0.2515917265569966 0
10462 1.055061621657608 0.2515917920045784 -0
10463 1.163142092952326 0.227580749864264 -0
10464 1.16314209729426 -0.2275807452891683 0
10465 0.1513656208648335 -0.08647607187265069 0
10466 1.258360431370928 0.007544535430940805 -0
10467 1.256397750999906 0.0031401771347066 -0
10468 1.256397750999906 -0.003140177134706755 0
10469 1.258360431370928 -0.007544535430942701 0
10470 -0.1111149941794117 -0.09475375263278669 0
10471 0.61994625858573 -0.07510626036417153 0
10472 0.6199464108749708 0.07510625242689734 -0
10473 1.359570663333117 0.004700401199120196 -0
10474 1.353671575419385 0.004700401199120196 -0
10475 1.353671575419386 -0.004700401199120383 0
10476 1.359570663333117 -0.004700401199120383 0
10477 0.03852507651266261 -0.2014463550191024 0
10478 1.169974139758116 0.008644212744510597 -0
10479 1.167295970250248 0.003647335938587391 -0
10480 1.167295970250248 -0.003647335938587645 0
10481 1.169974139758116 -0.008644212744511581 0
10482 0.8480739935469523 0.3179938332523027 -0
10483 0.8480736338393695 -0.3179939367114522 0
10484 0.1741062017554521 -0.2406829880821967 0
10485 0.5023053417950876 0.1055891500404754 -0
10486 -0.2356240571256319 -0.01961283743704659 0
10487 0.2729592568201208 0.09797543647030427 -0
10488 0.1926531972345705 -0.08715678573461154 0
10489 0.2333789423223021 0.2187508651998255 -0
10490 0.8234024792338549 -0.06544332868846804 0
10491 0.8234026837762491 0.06544330089648637 -0
10492 0.1929098608978698 0.08723669341060189 -0
10493 1.049074080713069 0.2359776381860904 -0
10494 1.049074251269589 -0.2359777765159223 0
10495 1.035115881284471 -0.0495689724679368 0
10496 1.035115899698605 0.04956873442050071 -0
10497 1.395855597800481 0.005760723986707907 -0
10498 1.389409505153539 0.005760723986707907 -0
10499 1.38940950515354 -0.005760723986693216 0
10500 1.395855597800483 -0.005760723986693216 0
10501 0.9406711241456138 0.03250233483328507 -0
10502 0.9406709064326964 -0.03250236953487015 0
10503 0.4556514041883195 -0.1102435972738199 0
10504 1.09053393292595 0.2394664122809331 -0
10505 1.090534061456681 -0.2394662875110147 0
10506 1.103723728194294 0.2535152139150912 -0
10507 1.103723740753442 -0.2535151355545384 0
10508 1.170054898920686 0.1531556037126729 -0
10509 1.170054898923354 -0.1531556037138478 0
10510 0.7323851594225326 0.09834158772471568 -0
10511 0.737433307536733 0.09000929654745432 -0
10512 0.7374331187324472 -0.09000930463203417 0
10513 0.7323849731513444 -0.09834159430507386 0
10514 0.01638268971176804 -0.2213690108628263 0
10515 0.03326881562057633 -0.2242612805385067 0
10516 0.02831937098896138 -0.2103646871742387 0
10517 1.256251794026542 0.02871873897950963 -0
10518 1.251225451920886 0.02820622712562642 -0
10519 1.251225451920885 -0.02820622712562516 0
10520 1.25625179402654 -0.02871873897950944 0
10521 -0.2483290027136255 -0.1339814264536071 0
10522 0.4696580596534088 -0.1000294488152969 0
10523 -0.07077297997556316 -0.1063488474211692 0
10524 1.336368251496563 0.003494640579713279 -0
10525 1.330807795362309 0.003494640579713279 -0
10526 1.330807795362309 -0.003494640579713038 0
10527 1.336368251496563 -0.003494640579713038 0
10528 1.293145699456366 0.1012013973415182 -0
10529 1.29314569945636 -0.1012013973415072 0
10530 0.6134005355141723 -0.07391733592423871 0
10531 0.6133868666162351 0.07393316672380289 -0
10532 1.363592564083045 0.09600434068940378 -0
10533 1.363592564083056 -0.09600434068922244 0
10534 -0.2747395274676115 -0.07937413845255016 0
10535 -0.2791377507151975 -0.05736848615915777 0
10536 0.391212769016159 -0.1248457329240299 0
10537 1.115658869262452 0.1496849719811825 -0
10538 1.115658880130532 -0.1496849503826093 0
10539 0.1250116683110768 0.08053817470885644 -0
10540 0.1305396284929993 0.07953021925756631 -0
10541 0.8878824553102926 0.1119662631008991 -0
10542 0.8878822313177721 -0.1119662888892256 0
10543 0.7580040065398501 0.1160284294510918 -0
10544 0.7629742856583621 0.1093110976579631 -0
10545 0.762974087506131 -0.1093111027727069 0
10546 0.7580038111635019 -0.1160284330288479 0
10547 0.9709217078879063 -0.1204104238427965 0
10548 0.9709218757291587 0.1204101777914194 -0
10549 1.338683295949497 0.007994976384075292 -0
10550 1.338683295949497 -0.007994976384074948 0
10551 0.9829914924189513 0.0251866492376015 -0
10552 0.9829913183274186 -0.02518669916768192 0
10553 0.7948531375942356 0.09762496864392975 -0
10554 0.794852929353123 -0.09762498253700064 0
10555 1.10324695676167 0.06622509336468992 -0
10556 1.098071255209164 0.07313549893118368 -0
10557 1.098071251900104 -0.07313546784275979 0
10558 1.103246955537647 -0.06622508144872773 0
10559 0.1357395110542619 0.08183411164457569 -0
10560 0.1484722710749455 0.1863411297548694 -0
10561 1.029177658679292 -0.1059712368997848 0
10562 1.029177261494403 0.1059711236949034 -0
10563 1.0699205562979 0.04509351545291514 -0
10564 1.069920554828222 -0.04509350065531015 0
10565 0.3232826796417743 -0.3230193282373643 0
10566 0.3024292032695171 -0.3314191999960526 0
10567 -0.04458326307473776 0.03247333817148555 0
10568 0.1987936002826072 0.08591972091843 -0
10569 -0.2207152038802562 0.04206130301942049 0
10570 -0.09776495837501258 -0.02628324521284172 0
10571 -0.1064151379924088 0.237798855492815 0
10572 0.116735552419893 -0.2668118988082762 0
10573 0.8087396676969489 0.1597865984147099 -0
10574 0.8188717047292762 0.167355040787479 -0
10575 0.8188714445285912 -0.1673550263658357 0
10576 0.8087394279296618 -0.1597865917166613 0
10577 -0.2522879623432338 -0.0799306915721589 0
10578 -0.2671504338151636 -0.09721400731975798 0
10579 0.7992845245754252 0.1240609807727208 -0
10580 0.798795137123024 0.1135228143650504 -0
10581 0.7987949231776112 -0.1135228236663084 0
10582 0.799284308161106 -0.1240609908909139 0
10583 1.247564958714857 0.02138493576238962 -0
10584 1.247564958714857 -0.0213849357623881 0
10585 0.01665704864056126 -0.1865801108276056 0
10586 0.9861545341090556 0.02566993233039664 -0
10587 0.9861543943570814 -0.02566998266786404 0
10588 -0.254237758986955 0.005507373412285256 0
10589 1.043806913687964 0.05182774885670911 -0
10590 1.039292036907851 0.04725894315940397 -0
10591 1.039292020901308 -0.04725902693886767 0
10592 1.043806915192375 -0.0518277842742233 0
10593 1.177986393425081 0.1629276718911076 -0
10594 1.177986393425213 -0.1629276718911618 0
10595 -0.05476023216613835 -0.01639896437436638 0
10596 1.030774376781188 -0.04279270223191741 0
10597 1.030774429172887 0.04279239273433003 -0
10598 0.3720508845109973 -0.3209244313647909 0
10599 1.362369343905508 0.009223736676949475 -0
10600 1.366789855080785 0.01467661628639837 -0
10601 1.366789855080789 -0.01467661628639924 0
10602 1.36236934390551 -0.00922373667694882 0
10603 -0.001368414199695569 -0.1225101181652029 0
10604 0.006261447700938881 -0.1280751964276766 0
10605 0.009245387760552304 -0.1189162346478385 0
10606 0.9190000295847189 0.05021736674629809 -0
10607 0.918999807737508 -0.0502174081340306 0
10608 0.7345417724688763 -0.1466692611607927 0
10609 0.7443053164183002 -0.137353953524754 0
10610 0.744305499746974 0.137353943674113 -0
10611 0.7345419582132505 0.1466692553635083 -0
10612 0.7616933980405654 0.1306834231491938 -0
10613 0.7616932013622567 -0.1306834246505935 0
10614 0.3581813113626007 0.2192929602453887 -0
10615 -0.2122430912496818 0.06295704425328134 0
10616 0.185838975437952 0.1418004469690279 -0
10617 1.110015834932899 0.06918876082966033 -0
10618 1.110015833733961 -0.06918875207418296 0
10619 1.034950516398026 -0.04048275670284829 0
10620 1.03586008629729 -0.04497584498147574 0
10621 1.035860125275288 0.04497563822408759 -0
10622 1.034950566382132 0.04048260147323329 -0
10623 0.2056411778601757 0.1433768366512563 -0
10624 0.09011839872636557 0.1250708889275957 -0
10625 0.6780449178061587 -0.1702079611366812 0
10626 0.6726457789156575 -0.1585604278605106 0
10627 0.6726459600782191 0.1585604229216482 -0
10628 0.6780451034034677 0.170207956824659 -0
10629 0.3311696341064322 0.354198609464084 -0
10630 0.3540871249317201 0.3739145968180547 -0
10631 0.2339662898535008 0.0946905002337287 -0
10632 1.17702147788574 0.1050341485938171 -0
10633 1.177021477886329 -0.1050341486106509 0
10634 1.371313749937364 0.00452333547782928 -0
10635 1.365237689378626 0.00452333547782928 -0
10636 1.365237689378628 -0.004523335477828436 0
10637 1.371313749937365 -0.004523335477828436 0
10638 0.1869275981188034 -0.08505338535115121 0
10639 1.269734919314275 0.03261685481537095 -0
10640 1.262646198314354 0.0300501951976144 -0
10641 1.262646198314352 -0.03005019519761617 0
10642 1.269734919314274 -0.03261685481537282 0
10643 -0.03564324541636269 -0.05356591317945691 0
10644 0.7977880405034237 0.1057086055499808 -0
10645 0.7977878279114361 -0.1057086161111805 0
10646 -0.007923086088662079 -0.1134307809189547 0
10647 -0.0109070261482755 -0.1225897426987928 0
10648 1.357050053767933 0.08401237331475632 -0
10649 1.357050053767924 -0.0840123733146589 0
10650 1.165977673331197 0.1000463951354886 -0
10651 1.165977673333631 -0.1000463952052519 0
10652 1.006645488451075 0.002801645631034768 -0
10653 1.006645488451075 -0.002801645631034756 0
10654 -0.0465097884285517 0.001196827358038464 0
10655 -0.04899186642455121 -0.002447274344044889 0
10656 0.3720028640829853 0.3545709630598376 -0
10657 1.204824564150406 0.05839177595956226 -0
10658 1.211912617775114 0.05299254777224276 -0
10659 1.211912617775178 -0.05299254777230782 0
10660 1.204824564150466 -0.0583917759596232 0
10661 -0.02812211598257707 0.02253406949150104 0
10662 1.317439116705509 0.008773659386432035 -0
10663 1.317439116705508 -0.008773659386431359 0
10664 0.9568620617820136 -0.09647501836666347 0
10665 0.9568622934556544 0.09647482250294517 -0
10666 1.374471211452805 0.0122863308592864 -0
10667 1.374471211452809 -0.01228633085927942 0
10668 -0.05067918391290636 -0.1183098083931955 0
10669 1.092100732364699 0.08010515788903162 -0
10670 1.092100737035301 -0.08010509931473225 0
10671 0.9620230301534245 0.05472493064777988 -0
10672 0.9620226770149829 -0.05472508901185671 0
10673 0.7659281415965691 0.1032503473567693 -0
10674 0.7659279424698004 -0.1032503540824433 0
10675 0.9713357068711502 0.2718548164142653 -0
10676 0.9713354592698092 -0.2718550415776511 0
10677 0.2767226700459975 -0.3314921317254576 0
10678 0.2707992745240039 -0.3108137948820396 0
10679 0.006451343116860031 -0.1954984429827419 0
10680 1.290739422804166 0.1431193700376513 -0
10681 1.290739422804173 -0.1431193700376439 0
10682 0.1648094853811603 -0.1243823060948451 0
10683 0.1690158059229889 -0.1340405708145869 0
10684 1.001038473585065 0.01678392521394976 -0
10685 1.001038400035036 -0.01678388242211164 0
10686 0.4427398166078418 0.2744176686216547 -0
10687 0.8022700777685088 -0.06088536152747689 0
10688 0.8022702774405479 0.0608853373711401 -0
10689 0.3177418706443312 0.1162921108663424 -0
10690 -0.1216672259015229 -0.08965225101621375 0
10691 1.120783003439358 0.3412084191889889 -0
10692 1.1207832408306 -0.3412083332942971 0
10693 0.2711056206719637 0.0914545448787055 -0
10694 0.9987178619483558 -0.06713724284507952 0
10695 1.253931187802317 0.01012765578748345 -0
10696 1.253931187802317 -0.01012765578748273 0
10697 0.9987184685388569 0.06713601205827234 -0
10698 1.003837612753494 0.0004295853004900789 -0
10699 -0.1637880256582676 -0.05602255290077847 0
10700 -0.1534555974025712 -0.06088133813768192 0
10701 0.5006813869903233 -0.1017281850529693 0
10702 0.02163895060385432 -0.198554085343422 0
10703 0.9874815014307103 0.04960329074632579 -0
10704 0.9874806385493982 -0.04960346353167701 0
10705 0.3756524956094776 -0.2828121835090892 0
10706 0.8065255518175019 -0.06674304301020018 0
10707 0.8065257507711723 0.06674301713793274 -0
10708 1.103641193843727 -0.2865527946932677 0
10709 1.103641249485329 0.286552836036672 -0
10710 1.239639330091433 0.2476047280302333 -0
10711 1.239639330063655 -0.2476047280870071 0
10712 0.9147948329878277 0.04794090632964383 -0
10713 0.9147946109485661 -0.04794094228492254 0
10714 1.256549442140666 0.03490744911148717 -0
10715 1.256549442140664 -0.03490744911148765 0
10716 0.9560812464704922 -0.08743520228040841 0
10717 0.9560814696181067 0.08743502934192757 -0
10718 0.5643429047590838 0.07882068376603793 -0
10719 0.4630219268532806 -0.1091228134511401 0
10720 1.192363338477199 0.1574239421268506 -0
10721 1.192363338477328 -0.1574239421269038 0
10722 1.350259350050319 0.009200737003482208 -0
10723 1.350259350050319 -0.009200737003482293 0
10724 0.8525742203764886 0.05909113001207257 -0
10725 0.8525740051550712 -0.05909115233197065 0
10726 0.428883969514066 -0.3520810643088853 0
10727 0.4444391652311646 -0.3316091904811507 0
10728 0.5684837125733433 0.1004206401208141 -0
10729 1.189591720377803 0.06514851864778086 -0
10730 1.189591720378103 -0.06514851864807626 0
10731 0.9921426465934455 0.2738037180253656 -0
10732 0.9921426191457153 -0.2738039526506313 0
10733 1.335129748524615 0.03884900927960577 -0
10734 1.335129748524617 -0.0388490092796057 0
10735 0.8762066044244081 0.1143157677048281 -0
10736 0.876206384621615 -0.1143158142517375 0
10737 -0.0264620715293107 -0.07463869004010784 0
10738 0.6924567207729174 -0.1651380772197484 0
10739 0.6924569088719854 0.1651380734721919 -0
10740 1.25635636652249 0.243531117593954 -0
10741 1.256356366494779 -0.2435311176507465 0
10742 0.5693045417286001 -0.09750429409299873 0
10743 1.123936614158714 0.0727121483969467 -0
10744 1.12393661180915 -0.07271214834772269 0
10745 0.9079618289628684 0.08618568258356113 -0
10746 0.9079616029403791 -0.08618572333448832 0
10747 1.000656647872992 0.02175435436890242 -0
10748 1.000656588829922 -0.02175436902695038 0
10749 0.7533265967934335 0.1256719353254556 -0
10750 0.7533264075159753 -0.1256719405848553 0
10751 0.3088830260667215 0.1145515987467083 -0
10752 0.3527203725985221 0.2055697729026626 -0
10753 -0.2187559516268159 -0.1150335094122384 0
10754 0.9823060310165262 0.04834727300783127 -0
10755 0.9823054897573082 -0.04834745069590263 0
10756 -0.03983159006333838 -0.136712950677721 0
10757 -0.1980508586228543 0.05796611285642272 0
10758 0.7940431805546304 0.1322999785380091 -0
10759 0.8017235471199093 0.139812104452557 -0
10760 0.8017233250168352 -0.1398121106713736 0
10761 0.7940429671182632 -0.132299983606297 0
10762 0.03428730907352188 -0.241748403388834 0
10763 -0.05042463818334376 -0.1332562928888244 0
10764 -0.05917215031585436 -0.125603839243519 0
10765 0.7525770951659557 0.1328673476475085 -0
10766 0.7525769062972834 -0.1328673526122273 0
10767 0.5683489148360995 0.07276527302440056 -0
10768 0.1100858628180418 -0.1205302477516187 0
10769 0.8661588828751533 -0.3257182931261834 0
10770 0.8661592506480511 0.3257182065550019 -0
10771 -0.04526835252591374 0.03714661170775423 0
10772 -0.04463433137264261 0.04412791505224273 0
10773 0.6845695227644109 -0.08215328557002896 0
10774 0.6845696959487841 0.08215327798297514 -0
10775 1.156768281827277 0.0296536635525864 -0
10776 1.151474182107421 0.02675516886186701 -0
10777 1.151474182107424 -0.0267551688618632 0
10778 1.156768281827275 -0.02965366355258124 0
10779 -0.01257810700752465 -0.1081617771818342 0
10780 -0.03934582440344809 0.0356325861902599 0
10781 0.3003580271794205 0.09826582453854393 -0
10782 1.022506919844216 -0.1100236661532583 0
10783 1.022506612330843 0.1100235281224095 -0
10784 1.225201039278572 0.06748291836611855 -0
10785 1.225201039278573 -0.06748291836612848 0
10786 0.8480699520040267 -0.04606193424169416 0
10787 0.8480701656304277 0.0460619103233381 -0
10788 0.07142829119511052 -0.1033663041384651 0
10789 0.1680438048276188 -0.2605261004090127 0
10790 -0.02360622403320681 -0.003858927526119451 0
10791 -0.02074348378823751 -0.003639869318838298 0
10792 -0.03738076741924406 0.04497367221433072 0
10793 -0.03500684049780271 0.03822349697588328 0
10794 0.9609742772200367 0.06057194690534037 -0
10795 0.9609738769768557 -0.06057200226158324 0
10796 0.3919130903316174 -0.1152371632398114 0
10797 0.1631064714698139 -0.1423030826163731 0
10798 0.1940086589973141 0.2035621693124843 -0
10799 0.8109795573184875 0.1407200032514471 -0
10800 0.810979325802995 -0.1407200116815231 0
10801 -0.04254520341025303 0.004557337800066974 0
10802 -0.047747656674652 0.006339879593629928 0
10803 0.1543212518431157 -0.1363392076607636 0
10804 -0.2150259328108035 -0.08192133188136044 0
10805 -0.02651947948323079 0.01890369640991661 0
10806 -0.02628112083887963 0.01503900053831016 0
10807 0.6893076004804224 0.1435481691781204 -0
10808 0.6893073855432872 -0.143548260940901 0
10809 1.197557812156099 0.06109277390627757 -0
10810 1.197557812156399 -0.06109277390657318 0
10811 0.8508172229077839 0.04187550649060776 -0
10812 0.8508170084918707 -0.04187553136004771 0
10813 0.04441455164814652 0.1411922952531665 -0
10814 -0.0884208309001582 0.02341854287052546 0
10815 1.145464275344169 0.02968939489600423 -0
10816 1.145464275344171 -0.02968939489599877 0
10817 -0.1020786423824121 0.05296065351494346 0
10818 -0.09310499363889467 0.04788996233914326 0
10819 0.2414065722619945 -0.1997606988735242 0
10820 0.1518062291912834 0.1388577598646182 -0
10821 0.5763310916462829 0.1325927191246512 -0
10822 -0.2525885752559564 -0.03013337434830128 0
10823 -0.2650106441429744 -0.04285835983263352 0
10824 -0.2474549871086639 -0.04936583722061887 0
10825 1.342954617586768 0.04073574095823566 -0
10826 1.34295461758677 -0.04073574095823484 0
10827 1.033366606540204 0.1457824359295584 -0
10828 1.046003346113863 0.1391761862872992 -0
10829 1.042560632445452 0.1524248193938376 -0
10830 1.042560759237535 -0.1524248147299823 0
10831 1.046003481595733 -0.1391760913120708 0
10832 1.033366724060016 -0.1457823964458222 0
10833 -0.09643353908894738 0.03750154881591843 0
10834 1.197629652166357 0.05416691616135032 -0
10835 1.197629652166716 -0.05416691616170505 0
10836 0.1790811517193836 0.1517282349543518 -0
10837 0.1570219353314487 -0.1277883169651887 0
10838 -0.02660383763065669 0.01172910777545254 0
10839 1.265145836119201 0.2559019637917201 -0
10840 1.265145836089879 -0.2559019638521901 0
10841 0.4038486746324076 -0.1651050381080661 0
10842 1.053520679892326 -0.1587522511832989 0
10843 0.5485930928317753 0.2100858813373858 -0
10844 1.053520564035604 0.1587522257363152 -0
10845 1.338070986126374 0.04643643006604694 -0
10846 1.338070986126375 -0.04643643006604591 0
10847 -0.0707336190511198 -0.1194343863162161 0
10848 -0.2367723893599742 -0.1145994693906732 0
10849 -0.2266824309576276 -0.09820460046093196 0
10850 -0.07452034265955694 0.1574620687992486 0
10851 1.221829265118572 0.01422107962535901 -0
10852 1.221829265118578 -0.01422107962535962 0
10853 1.111472857328298 -0.2691451793103602 0
10854 1.111472895742183 0.2691452332197385 -0
10855 -0.2330423705439618 -0.0814872918597952 0
10856 1.00544639049711 -0.0007362601027199859 0
10857 0.3001266938161828 0.1087154180896979 -0
10858 -0.09626105653513201 0.02735731580333422 0
10859 -0.2531797141599424 -0.01310536004906124 0
10860 1.026936104004958 0.135179813529476 -0
10861 1.026936247840814 -0.1351797502075127 0
10862 0.3484471051848105 -0.2802752340601222 0
10863 0.3579931259937371 -0.3001602273266833 0
10864 0.3448454940863304 -0.3183874819158238 0
10865 1.005653076252534 0.001165845403210065 -0
10866 -0.2787070471688148 -0.1165959643826919 0
10867 -0.2562554820444372 -0.1171525175023006 0
10868 0.410037077421513 -0.1769667819483591 0
10869 0.0159240664279471 0.2720484037758972 -0
10870 1.233341067164807 0.07050158457661618 -0
10871 1.22780502772036 0.07606201977690386 -0
10872 1.227805027720362 -0.0760620197769129 0
10873 1.233341067164809 -0.07050158457661804 0
10874 0.8723498658864057 0.1057630285903569 -0
10875 0.8723496483230613 -0.1057630696455567 0
10876 -0.1509186442227833 -0.08763374534414052 0
10877 -0.1497633673118134 -0.07208688971347887 0
10878 -0.03295750680543252 0.01274459760422916 0
10879 -0.02965535019318422 0.01377441913349655 0
10880 0.00191383512398873 -0.08083905150537693 0
10881 0.8053432352917813 0.1496242492419351 -0
10882 0.8053430035627394 -0.1496242508802479 0
10883 0.3999166226914671 -0.1870497593317852 0
10884 0.05824498627953408 0.09447405558929639 -0
10885 0.2532662267998842 -0.1986206388345959 0
10886 -0.1347503434503973 -0.08716591869121069 0
10887 0.01644460637406914 -0.1163340574773384 0
10888 1.240938996228862 0.07102327219929422 -0
10889 1.240938996228865 -0.07102327219929452 0
10890 1.25945110011391 0.07262071149172318 -0
10891 1.269514517084773 0.0707334572003074 -0
10892 1.269514517084771 -0.07073345720030745 0
10893 1.25945110011391 -0.0726207114917235 0
10894 1.212371275303411 0.07851351212483199 -0
10895 1.212371275303413 -0.07851351212488811 0
10896 0.681418438739066 0.1486942531843612 -0
10897 0.681418224010091 -0.148694346048281 0
10898 -0.03598909624657579 0.01031491904677021 0
10899 1.250568991779915 0.07274345309858324 -0
10900 1.250568991779916 -0.07274345309858345 0
10901 1.254815045185126 0.06284311680432689 -0
10902 1.254815045185126 -0.06284311680432667 0
10903 1.002227917068147 0.01959237850341464 -0
10904 1.00222782926754 -0.01959234199769242 0
10905 0.2112283338214506 0.1537444768055757 -0
10906 1.221052214019829 0.08370396036832053 -0
10907 1.221052214019831 -0.08370396036832914 0
10908 1.117410068847938 0.07108089830783891 -0
10909 1.117410066128111 -0.07108089803974345 0
10910 1.279818498558371 0.1494579326082537 -0
10911 1.279818498558385 -0.1494579326082659 0
10912 -0.2406314641964097 -0.06364742299258738 0
10913 0.69100305494988 0.154217571592914 -0
10914 0.6910028622927014 -0.1542175966820803 0
10915 0.2474701518491531 -0.2111788305511518 0
10916 -0.2399000759993275 -0.2697854770102762 0
10917 -0.03991215876180058 0.007652779645689736 0
10918 1.507666369482765 -0.01831145360812353 0
10919 1.489482159112907 0.09796336242607506 0
10920 1.454368567816526 0.1921626228314448 0
10921 1.477561460792562 -0.1281561049147424 0
10922 1.437296953718934 -0.2314943009878163 0
10923 1.408566643540792 0.2853090094958001 0
10924 1.384083217963818 -0.3288749665480389 0
10925 1.327013827060728 0.3753157208771744 0
10926 1.2693107572358 -0.4191694568731803 0
10927 1.204455433153093 0.4558790023178833 0
10928 1.125653570744455 -0.4828081716018334 0
10929 1.453112206284972 0.02218012404927074 0
10930 1.449551215942389 -0.05856219864652223 0
10931 -0.3546670529033722 0.3546670529021948 -0
10932 -0.3546670529021948 -0.3546670529033722 0
10933 0.03327871384809294 0.4994837656680139 0
10934 0.03808030115011592 -0.5009124779912019 0
10935 1.044200708465365 0.4948404112288499 0
10936 -0.2112904115766439 -0.4518337170200275 0
10937 -0.4526023062361567 0.2076616425998164 -0
10938 -0.2112904115775198 0.4518337170196103 -0
10939 -0.4518337170196103 -0.2112904115775198 0
10940 0.9642857142855658 -0.5 0
10941 0.8214285714284231 -0.5 0
10942 0.6785714285722717 -0.5 0
10943 0.5357142857161101 -0.5 0
10944 0.2580064663348739 0.5014287123231024 0
10945 0.3928571428561364 0.5 0
10946 0.535714285713066 0.5 0
10947 0.6705649622349865 0.501428712323165 0
10948 0.898524359260118 0.4971619671934718 0
10949 0.400863609194406 -0.5014287123231114 0
10950 0.1737698412706304 -0.5014287123231834 0
10951 -0.4923944505852328 0.05044500325530619 -0
10952 -0.09054017353747618 -0.492847382954564 0
10953 -0.4904003034875214 -0.09019315655202775 0
10954 -0.09054017353786943 0.4928473829544896 -0
10955 1.424265860534442 -0.1752680082681601 0
10956 0.1474133462904189 0.5 0
10957 0.7811580822797909 0.5 0
10958 0.2902704891495066 -0.4999999999999999 0
10959 1.438499341267025 0.1454856065699462 0
10960 1.512834662449939 -0.0964513245681326 0
10961 1.387276200572086 -0.2694640297280407 0
10962 1.350896893423116 0.315057254160128 0
10963 1.405468614308824 0.2133007103074726 0
10964 1.300166455087906 -0.352605188818078 0
10965 1.516509968318985 0.0495913185559512 0
10966 1.253340020013496 0.3928298900155157 0
10967 1.118949296601186 0.453009653627675 0
10968 1.190416290157815 -0.4281651518447612 0
10969 -0.498948197437652 0.1326409755200466 -0
10970 -0.3845974912210428 -0.2693965541820372 0
10971 -0.2693965541820372 0.3845974912210427 -0
10972 -0.3846661152589049 0.269072556950823 -0
10973 -0.2693965541808969 -0.3845974912217505 0
10974 1.448358688979691 0.06902993997107962 0
10975 1.042413987697281 -0.464206287110164 0
10976 1.445282759029782 -0.1042813539904796 0
10977 1.432863755292482 -0.3017603119179416 0
10978 1.435588568816343 -0.01666372669376252 0
10979 0.9669777589102468 0.5335781751079632 0
10980 1.516216285342318 0.1606237428451592 0
10981 1.390421736398029 -0.2116885347002845 0
10982 1.402172683093443 0.1686846114590237 0
10983 1.366637698798964 0.252012713898589 0
10984 1.39703523248175 0.3530444521085391 0
10985 0.8928571428569941 -0.5308673469387226 0
10986 1.467671529083809 0.2577610934334347 0
10987 0.4653792185255907 -0.4635359665613645 0
10988 0.7500000000003477 -0.4691326530609593 0
10989 0.6071428571441967 -0.4691326530609582 0
10990 0.464285714284505 0.4691326530611148 0
10991 0.3225220756657867 0.4635359665613628 0
10992 0.6060493529037937 0.4635359665614326 0
10993 0.1069653373280077 -0.4651309867145538 0
10994 1.272458169254307 0.4694681282780877 0
10995 1.336893759309238 -0.4149618944728675 0
10996 1.500379682660311 -0.2243377562757674 0
10997 -0.5342607528388114 -0.03017529743065697 0
10998 -0.1611387292515588 -0.5108881637400471 0
10999 -0.1611387292522341 0.5108881637397633 -0
11000 -0.5120308594927955 -0.1603821249989489 0
11001 -0.03179959082981008 0.5366407132447487 -0
11002 -0.03008914428179495 -0.5350877463312065 0
11003 1.165510876861374 0.5127501425184223 0
11004 1.33178100856599 -0.2972673276784337 0
11005 1.237685752927335 -0.4822346418193617 0
11006 0.8928571428567964 -0.4605603791223672 0
11007 -0.02876505159747121 -0.4585064542114177 0
11008 -0.02969534214764188 0.4585242048671709 -0
11009 0.7500000000003483 -0.5394396208773808 0
11010 0.6071428571441968 -0.5394396208773801 0
11011 0.3231156922521364 0.5395359954792615 0
11012 0.464285714284505 0.539439620877505 0
11013 0.4659728351119078 -0.5395359954792671 0
11014 0.6054557363174364 0.5395359954792989 0
11015 0.1067695583317098 -0.5400324684385516 0
11016 -0.2792561494310289 -0.4613679070691161 0
11017 -0.4613679070691162 0.2792561494310288 -0
11018 -0.4613679070686802 -0.2792561494320822 0
11019 -0.2792561494320824 0.46136790706868 -0
11020 -0.456293303096219 -0.02656512144512769 0
11021 1.079097784673759 -0.5222025576471065 0
11022 -0.1452764736871602 -0.4458725592583065 0
11023 -0.4452205539564241 -0.1426930042548955 0
11024 -0.1452764736877633 0.445872559258056 -0
11025 1.294838181366373 0.3287629242534126 0
11026 -0.4227306491724407 0.3390823756045592 -0
11027 -0.3391363751429049 -0.4227192118329149 0
11028 -0.3391363751442034 0.4227192118318978 -0
11029 -0.4227192118318979 -0.3391363751442033 0
11030 0.9671974875345958 0.4583757260395891 0
11031 0.08723835922929959 0.46318635323494 0
11032 0.08632173656122033 0.5365079449872227 0
11033 0.8418716767642908 0.5362546022420212 0
11034 0.8428780673362098 0.4628398364025085 0
11035 0.2297011661818014 -0.4635105110107401 0
11036 0.2287188208626992 -0.5368861290590641 0
11037 1.100450890324747 0.5312752396966814 0
11038 1.019627560308 -0.5390403646391588 0
11039 1.239210104957193 -0.3740744702076898 0
11040 1.542820016261606 0.09498665822848626 0
11041 1.543620530024576 -0.04833304562694809 0
11042 1.180627572156226 0.4058969610843107 0
11043 1.412553539590591 -0.1289384115853047 0
11044 1.417862776938393 0.08404948419887778 0
11045 0.2025255828907061 0.5363934266027691 0
11046 0.2029663546424282 0.4637354000793129 0
11047 0.7260458456794328 0.5363934266027957 0
11048 0.7256050739277322 0.4637354000793177 0
11049 0.3453827257498857 -0.536393426602791 0
11050 0.3458234975015804 -0.4637354000793051 0
11051 1.180784722441561 -0.4970575312939796 0
11052 -0.4363292309741859 0.1174747559825218 -0
11053 1.390028188393806 -0.3853485983997372 0
11054 1.423057025158425 0.04753886756209656 0
11055 1.504457101487062 0.21808531707174 0
11056 1.329143092618661 0.4361347259219477 0
11057 1.52231399667536 -0.1557503911837307 0
11058 1.422996550630061 0.01659245491483392 0
11059 1.543160596654474 0.003936830600260368 0
11060 -0.5421117318187676 0.08687369911957733 -0
11061 1.419259940367287 -0.05092913972346046 0
11062 1.478562188742485 -0.2753626246106841 0
11063 1.4182553694051 -0.08391599288490573 0
11064 1.114177466629025 -0.4271448146827172 0
11065 -0.5125277129228678 0.1887478982310198 -0
11066 1.442768588238395 0.3259808998760773 0
11067 1.033400114972931 0.5521697242845206 0
11068 1.373035389794338 0.4012885628052155 0
11069 1.474653237314668 0.1413686088242387 0
11070 -0.5520610786382557 0.03249790682508234 -0
11071 1.227790609060817 0.5066864388757972 0
11072 -0.3130053666125332 -0.3130053666135926 0
11073 -0.3130053666135927 0.3130053666125333 -0
11074 1.291749925101074 -0.4692524965122428 0
11075 1.039251014678341 0.4394270797672809 0
11076 1.44256464499667 -0.1432922310132061 0
11077 0.032450060471636 0.444238864754025 0
11078 0.03571428571443452 -0.4436224489795387 0
11079 -0.1868201112663573 -0.4006370215022189 0
11080 -0.399176972459554 0.1862034025725282 -0
11081 -0.1868201112671722 0.4006370215017505 -0
11082 -0.4006370215017504 -0.1868201112671722 0
11083 -0.227627377294975 -0.5057672848938491 0
11084 -0.5057672848934173 -0.2276273772960846 0
11085 -0.2276273772960846 0.5057672848934174 -0
11086 0.9642857142855658 -0.4436224489795387 0
11087 -0.4357880171721107 0.04216278177185739 -0
11088 0.9642857142855658 -0.5563775510204615 0
11089 0.8214285714284231 -0.4436224489796806 0
11090 0.6785714285722717 -0.4436224489796803 0
11091 0.8214285714284231 -0.5563775510203196 0
11092 0.6785714285722717 -0.5563775510203197 0
11093 0.5357142857161101 -0.4436224489796765 0
11094 0.5357142857161101 -0.5563775510203235 0
11095 0.3928571428561365 0.4436224489796291 0
11096 0.3928571428561365 0.556377551020371 0
11097 0.03571428571421467 0.5563775510203829 0
11098 0.535714285713066 0.4436224489795603 0
11099 0.535714285713066 0.5563775510204398 0
11100 0.8988628399689287 0.4436755059271139 0
11101 0.8986176161296751 0.5533989489086912 0
11102 0.173280215521877 -0.5556694619641599 0
11103 0.03571428571443452 -0.5563775510204614 0
11104 0.1759920468440015 -0.4448426495051288 0
11105 -0.3927860513617525 -0.3927860513631231 0
11106 -0.3927860513631231 0.3927860513617525 -0
11107 1.47423112416653 -0.08687704198119979 0
11108 1.41169643598125 0.1218897464703057 0
11109 0.2566989793283821 0.4457400157927556 0
11110 0.2567295482953076 0.5554716268810266 0
11111 0.6718724492415346 0.4457400157927831 0
11112 0.6718418802746031 0.5554716268810519 0
11113 0.399586691154752 -0.5554716268810339 0
11114 0.3995561221878275 -0.4457400157927562 0
11115 1.393556190099336 -0.1625815697106189 0
11116 1.478663128957795 0.04973402731410894 0
11117 -0.1002619242583708 -0.5471774624013391 0
11118 -0.1003509729129144 0.5472583124072076 -0
11119 -0.546490762742575 -0.100085564115525 0
11120 1.446758773265655 0.1099644580767538 0
11121 1.494518074092492 0.01575207843668019 0
11122 1.13740506615214 -0.5310699455928972 0
11123 1.471478005410267 -0.0180999895206286 0
11124 1.493230317912744 -0.05443917565859246 0
11125 1.556521269881046 0.04583011881760496 0
11126 -0.09156739222008721 -0.4361900842829548 0
11127 -0.4431520220184643 -0.08506135916122896 0
11128 -0.09170029087045428 0.4361926200908237 -0
11129 1.429326045422634 -0.35158306807629 0
11130 1.351743710296478 -0.2461502991252159 0
11131 1.464222175474201 -0.1827666187318749 0
11132 1.372448054019774 0.2019431180631564 0
11133 -0.5015658251060298 0.2355513914713793 -0
11134 1.320220615918773 0.2853056089607127 0
11135 1.348590525864152 -0.3558115951834311 0
11136 1.557625159283357 -0.1021886029983785 0
11137 1.425769680655357 0.2465977534081189 0
11138 0.1451352445736427 0.45 0
11139 0.1173258527598592 0.48159317661747 0
11140 0.1150477510430831 0.43159317661747 0
11141 0.1145894397090435 0.5682539724936113 0
11142 0.1168675414258196 0.5182539724936113 0
11143 0.1451352445736427 0.55 0
11144 0.7834361839967554 0.55 0
11145 0.8115148795220408 0.5181273011210106 0
11146 0.8137929812390055 0.5681273011210106 0
11147 0.814296176524965 0.4314199182012542 0
11148 0.8120180748080004 0.4814199182012542 0
11149 0.7834361839967554 0.45 0
11150 0.2577077259486389 -0.4317552555053701 0
11151 0.259985827665654 -0.48175525550537 0
11152 0.2879923874324916 -0.45 0
11153 0.2879923874324916 -0.5499999999999999 0
11154 0.2594946550061029 -0.518443064529532 0
11155 0.2572165532890878 -0.568443064529532 0
11156 0.1729117487496474 0.4318677000396565 0
11157 0.1751898504664235 0.4818677000396565 0
11158 0.1749694645905625 0.5181967133013845 0
11159 0.1726913628737863 0.5681967133013845 0
11160 0.7558800656965764 0.5681967133013979 0
11161 0.7536019639796119 0.5181967133013978 0
11162 0.7533815781037616 0.4818677000396588 0
11163 0.7556596798207261 0.4318677000396589 0
11164 0.3180469933255435 -0.4818677000396525 0
11165 0.3157688916085285 -0.4318677000396526 0
11166 0.3155485057326811 -0.5681967133013954 0
11167 0.3178266074496962 -0.5181967133013955 0
11168 1.270032291611034 -0.3363407836934447 0
11169 1.290395052215087 -0.3188248448033439 0
11170 1.328078459839694 0.405725223399561 0
11171 1.291241556316079 0.4144823079687317 0
11172 1.290176923537112 0.384072805446345 0
11173 1.246619074073299 0.3564531342925606 0
11174 1.222373879078085 0.3720303470793768 0
11175 -0.4757752518369043 0.1701513090599315 -0
11176 -0.467638714205919 0.1250578657512842 -0
11177 -0.4444657686051713 0.1625681992911691 -0
11178 -0.4643618407797094 0.08395987961891402 -0
11179 -0.4956713240114424 0.09154298938767641 -0
11180 1.499937728733961 -0.1419532480492365 0
11181 1.51757432956265 -0.1261008578759317 0
11182 1.495198061621251 -0.1123037147414375 0
11183 1.126967334735935 0.4147725544724584 0
11184 1.094921097699823 0.4233386379972513 0
11185 1.162700831514611 -0.4023503035808719 0
11186 1.190912014150718 -0.3896979779937414 0
11187 1.338955360241922 0.3451864875186512 0
11188 1.373966062952433 0.3340508531343336 0
11189 1.362024529771239 0.3641800864928567 0
11190 1.516151087687256 0.09647501032728066 0
11191 1.529518150801962 0.1278052005368228 0
11192 1.502849222227613 0.1292935526356171 0
11193 1.021206993848641 -0.4321031435550821 0
11194 1.056653443248086 -0.4289369547384572 0
11195 -0.3655038263672818 -0.2346982770912391 0
11196 -0.3455076342341015 -0.2632557990285833 0
11197 -0.2346982770912391 0.3655038263672817 -0
11198 -0.2632557990285833 0.3455076342341015 -0
11199 -0.2632557990274946 -0.3455076342348904 0
11200 -0.2346982770902214 -0.3655038263678941 0
11201 -0.3455419462534676 0.2630938004124577 -0
11202 -0.3655381383864713 0.2345362784751844 -0
11203 1.468279453887085 0.3334098739576888 0
11204 1.455220058661102 0.291870996654756 0
11205 1.480730924309792 0.2992999707363675 0
11206 -0.41775310171687 0.151839079277525 -0
11207 -0.4258896393478554 0.1969325225861723 -0
11208 1.300800630936484 0.4528014271000177 0
11209 1.262899094633902 0.4311490091468017 0
11210 -0.4640912338786718 0.04630389251358179 -0
11211 -0.4360586240731483 0.07981876887718961 -0
11212 1.157806472513455 0.3912162082007762 0
11213 1.149788434378706 0.4294533073559929 0
11214 1.315973731826948 -0.3249362582482558 0
11215 1.306202328954129 -0.2911559142335217 0
11216 1.267368154749738 0.3244196514115091 0
11217 1.274089100689935 0.3607964071344641 0
11218 1.214813197557504 -0.4011198110262255 0
11219 1.215308921550407 -0.3626526371752057 0
11220 1.499472572237697 0.2682974983301731 0
11221 1.078295727163153 -0.4456755508964406 0
11222 1.092535182713957 -0.4104062185247337 0
11223 1.161702364877139 0.4544443279727791 0
11224 1.19254150265466 0.430887981701097 0
11225 1.228897726583294 0.4243544461666995 0
11226 1.2384568012037 0.4626735652979855 0
11227 1.402800938011271 0.3191767308021696 0
11228 1.379731768481954 0.3001831318279641 0
11229 1.11991551868674 -0.4549764931422753 0
11230 1.084033779220868 -0.4735072293559987 0
11231 -0.1934100556338066 0.3735235915076357 -0
11232 -0.2281083327246047 0.3926172563613966 -0
11233 -0.3735235915076356 -0.1934100556338066 0
11234 -0.3926172563613965 -0.2281083327246047 0
11235 -0.2281083327236271 -0.3926172563619846 0
11236 -0.1934100556329516 -0.3735235915081283 0
11237 -0.3919215438592294 0.2276379797616756 -0
11238 -0.3727935669867959 0.193101701286037 -0
11239 -0.348801428916788 -0.291200960397815 0
11240 -0.3097115719298467 -0.285060205244361 0
11241 -0.291200960397815 0.348801428916788 -0
11242 -0.285060205244361 0.3097115719298467 -0
11243 -0.2850602052433128 -0.3097115719308114 0
11244 -0.2912009603967151 -0.3488014289176715 0
11245 -0.3097115719308115 0.2850602052433129 -0
11246 -0.3488357409362488 0.2910389617816781 -0
11247 -0.5407566439466849 0.1381151870461153 -0
11248 -0.5057379551802599 0.1606944368755333 -0
11249 -0.5475464016892928 0.1661686484016019 -0
11250 1.40847348662815 -0.3153176392329903 0
11251 1.410069977932284 -0.2856121708229912 0
11252 1.385679709267952 -0.2991694981380398 0
11253 1.41228657714551 -0.2504791653579285 0
11254 1.435080354505708 -0.2666273064528789 0
11255 -0.333836209757364 -0.3338362097584824 0
11256 -0.3696322720616187 -0.3120318035427048 0
11257 -0.3338362097584825 0.3338362097573641 -0
11258 -0.3120318035427048 0.3696322720616187 -0
11259 -0.3696665840811386 0.3118698049265089 -0
11260 -0.3120318035415458 -0.3696322720625613 0
11261 1.079100155639764 0.4462183666974779 0
11262 1.055071956738401 0.4165473510670543 0
11263 -0.2403434828797785 0.4182156041203265 -0
11264 -0.199055261422346 0.4262353692606804 -0
11265 -0.4182156041203265 -0.2403434828797785 0
11266 -0.4262353692606804 -0.199055261422346 0
11267 -0.1990552614215006 -0.4262353692611232 0
11268 -0.2403434828787704 -0.418215604120889 0
11269 -0.4186342107475308 0.2383670997753197 -0
11270 1.041725861571853 0.4671337454980654 0
11271 1.081575002533275 0.4739250324282624 0
11272 1.10825142541295 -0.5266362516200018 0
11273 1.075709896413585 -0.5589139410529562 0
11274 1.104863537152776 -0.5633476350258516 0
11275 1.303102258272519 -0.4170656756730239 0
11276 1.318530107198572 -0.3837835416454728 0
11277 1.284738606161853 -0.3858873228456292 0
11278 1.216983796084861 0.3993634255499132 0
11279 1.18601765514945 0.3785638826137743 0
11280 1.005589233687806 0.5142092931684066 0
11281 0.9670876232224213 0.4959769505737762 0
11282 1.00569909799998 0.4766080686342195 0
11283 1.239554116545678 -0.3470754243882506 0
11284 1.26968828002255 -0.3633398295128839 0
11285 1.124581419750215 -0.4018401349998499 0
11286 1.15229687839342 -0.4276549832637392 0
11287 1.450735447632332 0.04560503201017518 0
11288 1.435707857069058 0.05828440376658808 0
11289 1.438084615721698 0.03485949580568365 0
11290 1.153219146593008 -0.4899328514479065 0
11291 1.185600506299688 -0.4626113415693704 0
11292 1.158034930451135 -0.4554866617232973 0
11293 1.539969577979358 -0.1289694970910546 0
11294 1.535229910866648 -0.09931996378325553 0
11295 0.9477745937407434 0.5667890875539816 0
11296 0.9834888794551234 0.5667890875539816 0
11297 1.109700093462967 0.4921424466621782 0
11298 1.072325799395056 0.5130578254627657 0
11299 0.9821428571427828 -0.4218112244897694 0
11300 1.003349850991424 -0.4539143680448514 0
11301 1.140497232362569 -0.5568175180242072 0
11302 1.54939068789894 0.1521065707089875 0
11303 1.562692553358584 0.119288028400651 0
11304 1.254260431096497 -0.3966219635404351 0
11305 1.229863523696808 -0.4236673043589708 0
11306 1.417209741779745 -0.02361176391220313 0
11307 1.417794284408171 -0.008331863346881258 0
11308 1.003349850991424 -0.482103143555082 0
11309 0.9642857142855658 -0.4718112244897693 0
11310 1.310926004213551 0.3520393225652935 0
11311 1.433903292673744 -0.07123909576571398 0
11312 1.431769064217441 -0.09409867343769265 0
11313 1.447416987486085 -0.08142177631850089 0
11314 1.184983155007234 0.4843145724181528 0
11315 1.14223008673128 0.4828798980730487 0
11316 0.9328609233973568 0.4777688466165304 0
11317 0.9327510590851824 0.5153700711507175 0
11318 -0.4825650095795123 0.1982047704154181 -0
11319 1.413859345058481 -0.2215914178440503 0
11320 1.388848968485057 -0.2405762822141626 0
11321 1.003224251106469 0.448901402903435 0
11322 1.35876729611104 0.2835349840293585 0
11323 1.387602171169878 0.2686608616971946 0
11324 1.438119086312301 0.2715350514646174 0
11325 1.425667615889594 0.3056449546859387 0
11326 -0.4230170111640105 0.2741643531909259 -0
11327 -0.4569851066526365 0.2434588960154226 -0
11328 -0.2743263518059629 -0.4229826991454333 0
11329 -0.2452732805038364 -0.4566008120445718 0
11330 -0.2452732805048011 0.4566008120441452 -0
11331 -0.2743263518070598 0.4229826991448613 -0
11332 -0.4566008120441453 -0.245273280504801 0
11333 -0.4229826991448615 -0.2743263518070597 0
11334 1.322867537394745 0.3219100892067703 0
11335 1.359528604569038 -0.2833656787032372 0
11336 1.357932113264904 -0.3130711471132363 0
11337 1.430781407126688 -0.2033811546279882 0
11338 1.407343798466235 -0.1934782714842223 0
11339 -0.5205299646282098 0.109757337319812 -0
11340 -0.5172530912020002 0.06865935118744176 -0
11341 1.06075588618552 -0.4932044223786353 0
11342 1.102375677709107 -0.5025053646244699 0
11343 0.9135945223504576 0.5766994744543457 0
11344 0.9327976875199609 0.5434885620083272 0
11345 1.258259828077105 -0.5067541286054829 0
11346 1.225224342576698 -0.521622193715203 0
11347 -0.3886988510379065 0.346874714253377 -0
11348 -0.4036983822156728 0.3040774662776911 -0
11349 -0.3469017140225499 -0.3886931323681436 0
11350 -0.3042664646619009 -0.4036583515273327 0
11351 -0.4036583515264703 -0.3042664646631202 0
11352 -0.3886931323670463 -0.3469017140237878 0
11353 -0.3042664646631203 0.4036583515264702 -0
11354 -0.3469017140237878 0.3886931323670463 -0
11355 -0.5623384111372427 0.1152315488458806 -0
11356 1.493532893308235 -0.09166418327466619 0
11357 1.475896292479546 -0.1075165734479711 0
11358 0.928571428571181 -0.4802801895611836 0
11359 0.8928571428568952 -0.4957138630305449 0
11360 0.9285714285712799 -0.5154336734693613 0
11361 0.8571428571427087 -0.5154336734693613 0
11362 0.8571428571426097 -0.4802801895611836 0
11363 1.214051021542575 -0.4551998968320615 0
11364 1.253498255081567 -0.450702049346271 0
11365 0.5714285714301535 -0.51971981043869 0
11366 0.6071428571441968 -0.5042861369691691 0
11367 0.5714285714301535 -0.4845663265304791 0
11368 0.7142857142863099 -0.5197198104386904 0
11369 0.7500000000003479 -0.50428613696917 0
11370 0.7142857142863097 -0.4845663265304797 0
11371 0.7857142857143854 -0.4845663265304797 0
11372 0.7857142857143857 -0.5197198104386904 0
11373 0.6428571428582341 -0.4845663265304791 0
11374 0.6428571428582343 -0.51971981043869 0
11375 0.5005467521208504 -0.4817679832806823 0
11376 0.4656760268187493 -0.5015359810203158 0
11377 0.5008435604140089 -0.5197679977396336 0
11378 0.4334182221531569 -0.5204823539011892 0
11379 0.4331214138599984 -0.482482339442238 0
11380 0.4999999999987855 0.5197198104387525 0
11381 0.464285714284505 0.5042861369693099 0
11382 0.4999999999987855 0.4845663265305574 0
11383 0.2902642710003303 0.4824823394422326 0
11384 0.3228188839589615 0.5015359810203122 0
11385 0.2905610792935052 0.5204823539011819 0
11386 0.3579864175541364 0.5197679977396308 0
11387 0.3576896092609615 0.4817679832806814 0
11388 0.4285714285703207 0.4845663265305574 0
11389 0.4285714285703207 0.5197198104387525 0
11390 0.5708818193084298 0.4817679832807163 0
11391 0.6057525446106151 0.5015359810203657 0
11392 0.5705850110152513 0.5197679977396494 0
11393 0.6380103492762115 0.520482353901232 0
11394 0.6383071575693902 0.4824823394422988 0
11395 0.07242492974091286 -0.5204724732148767 0
11396 0.1068674478298587 -0.5025817275765527 0
11397 0.0725228192390618 -0.4830217323528778 0
11398 0.140367589299319 -0.4832798495188686 0
11399 0.1402696998011701 -0.5207305903808674 0
11400 1.440069124235941 0.2193801881197819 0
11401 1.415619147482091 0.2299492318577958 0
11402 1.429918591062675 0.2027316665694587 0
11403 -0.536768729267161 0.2007554152279997 -0
11404 1.365586953160946 -0.2105915330569121 0
11405 1.375952257989252 -0.1914745775019422 0
11406 1.324378490476029 -0.3542083920007545 0
11407 1.340185767215071 -0.3265394614309324 0
11408 -0.5649430386488159 -0.05124865279197485 0
11409 -0.5671303764194057 -0.01508764871532848 0
11410 1.403820648701133 0.1909926608832482 0
11411 1.428270625454984 0.1804236171452342 0
11412 1.367383677127278 -0.4320341716873912 0
11413 1.338866303674305 -0.4543761070042965 0
11414 1.38956611516664 0.1512405488767293 0
11415 1.381827731336793 0.1699726158816622 0
11416 -0.5133276017120221 0.01013485291232461 -0
11417 -0.4952770279675152 -0.02837020943789233 0
11418 -0.4743438768407259 0.01193994090508925 -0
11419 1.420336012180234 0.157085109014485 0
11420 1.446433954541775 0.1688241147006955 0
11421 1.209235237684448 -0.4896460865566706 0
11422 1.196773827333811 -0.5290336384525119 0
11423 1.353694934361136 0.2307536226565154 0
11424 1.340336223423716 0.2498834906525488 0
11425 0.9107142857140628 -0.5654336734693612 0
11426 0.8749999999997276 -0.5654336734693612 0
11427 0.7321428571433288 -0.4345663265304797 0
11428 0.7678571428573666 -0.4345663265304797 0
11429 0.5892857142871777 -0.4345663265304791 0
11430 0.6250000000012155 -0.4345663265304791 0
11431 0.4469753235494027 -0.4317679832806823 0
11432 0.4826896092638261 -0.4317679832806823 0
11433 0.3398324664038709 0.4317679832806814 0
11434 0.3041181806896895 0.4317679832806814 0
11435 0.4821428571415984 0.4345663265305574 0
11436 0.4464285714274115 0.4345663265305574 0
11437 0.6244532478799969 0.4317679832807163 0
11438 0.5887389621656171 0.4317679832807163 0
11439 0.08919695437843836 -0.4325654933572769 0
11440 0.124911240092873 -0.4325654933572769 0
11441 1.366336871913985 -0.342343280865735 0
11442 0.9919566372967827 -0.5195201823195794 0
11443 1.03102077400264 -0.5016233258746614 0
11444 -0.04911216133202892 -0.4262147777081668 0
11445 -0.0143825257987356 -0.4292532271057089 0
11446 -0.01484767107382094 0.4292621024335854 -0
11447 -0.04957730660726703 0.4262236530360165 -0
11448 0.8985709876948965 0.5252804580510815 0
11449 1.495434761328493 0.1509961758346989 0
11450 1.482067698213788 0.1196659856251569 0
11451 -0.1141877247750106 -0.4060335662987198 0
11452 -0.08051333164333692 -0.4150565927439354 0
11453 -0.4185375616116632 -0.07726031511406058 0
11454 -0.4095145351663615 -0.110934708245892 0
11455 -0.08057978096867324 0.4150578606478429 -0
11456 -0.1142541741005047 0.4060348342025412 -0
11457 1.530694714135874 -0.2185503442503965 0
11458 1.51582664902629 -0.2515858297506876 0
11459 1.417168162098075 0.2659533814519595 0
11460 1.446720604869583 0.2521794234207768 0
11461 -0.1410422655085471 -0.4108748037863956 0
11462 -0.1184219329536237 -0.4410313217706306 0
11463 -0.4441862879874442 -0.1138771817080622 0
11464 -0.4105488011353414 -0.1397505307927253 0
11465 -0.1184883822791088 0.4410325896744399 -0
11466 -0.1410422655091592 0.4108748037861574 -0
11467 1.459756941598156 -0.09557919798583968 0
11468 1.461422109911172 -0.116218729452611 0
11469 1.461020048450168 0.2249618581324397 0
11470 1.314321842205156 -0.4421071954925552 0
11471 1.316294386570223 -0.4815214080239841 0
11472 1.484072644035351 0.073848694870092 0
11473 1.49758654863839 0.04966267293503007 0
11474 1.502996063715946 0.07377734049101313 0
11475 0.2086260344638288 0.4318677000396565 0
11476 0.2084056485879678 0.5681967133013845 0
11477 0.7199453941063461 0.4318677000396589 0
11478 0.7201657799821963 0.5681967133013979 0
11479 0.3512627914471158 -0.5681967133013954 0
11480 0.3514831773229631 -0.4318677000396526 0
11481 1.450759564596567 -0.2071304598598456 0
11482 1.444244018004322 -0.1790173135000175 0
11483 1.489470935701398 -0.2498501904432257 0
11484 1.504917902067377 -0.277098263918146 0
11485 0.07933346532886447 0.43159317661747 0
11486 0.07887515399482484 0.5682539724936113 0
11487 0.8495072669533854 0.5681273011210106 0
11488 0.850010462239345 0.4314199182012542 0
11489 0.2219934402342044 -0.4317552555053701 0
11490 0.2215022675746532 -0.568443064529532 0
11491 -0.5710580436006977 -0.08620378613440885 0
11492 -0.5403757577906931 -0.06513043077309097 0
11493 -0.1523640639118714 -0.5467266270978823 0
11494 -0.1869508307382692 -0.5359489546757508 0
11495 -0.1869508307391114 0.5359489546754175 -0
11496 -0.1523640639125137 0.5467266270976654 -0
11497 -0.5365203025519336 -0.1865725286124688 0
11498 -0.5472979749741815 -0.1519857617858711 0
11499 1.468920424046299 0.08349665119857734 0
11500 1.463510908968743 0.05938198364259428 0
11501 1.322907878307652 -0.2725107975419343 0
11502 1.434405578154838 -0.05474566918499135 0
11503 1.418757654886194 -0.0674225663041831 0
11504 -0.4281466515481095 -0.01328256072256385 0
11505 -0.4251082021505405 -0.04801219625600994 0
11506 -0.05206079949155141 0.5661330188517846 -0
11507 -0.01589979541490504 0.5683203566223743 -0
11508 -0.01504457214089747 -0.5675438731656033 0
11509 -0.05120557621737503 -0.5653565353950338 0
11510 1.457929571230709 -0.2534284627992502 0
11511 1.468838318189622 -0.2279160286317918 0
11512 0.8986935996145233 0.4704187365602929 0
11513 0.9330301637517622 0.4510256159833515 0
11514 -0.4460406601341649 0.007798830163364853 -0
11515 1.045974784230706 -0.5673328445489825 0
11516 1.009813780154 -0.5695201823195795 0
11517 1.423026787894243 0.03206566123846524 0
11518 1.438054378457517 0.01938628948205233 0
11519 1.132980883593061 0.5220126911075519 0
11520 1.275646036239959 0.5003708718351777 0
11521 1.306648508646161 0.4816292239073749 0
11522 1.385035311138044 0.3771665074568773 0
11523 1.350024608427533 0.3883021418411949 0
11524 1.464510902565597 0.1667656158278417 0
11525 1.485292426579422 0.176393182838302 0
11526 1.465887667621384 0.03595707568168983 0
11527 1.356600111971541 0.2057188247387991 0
11528 1.369542876409369 0.2269779159808727 0
11529 0.928571428571181 -0.452091414050953 0
11530 0.8571428571426097 -0.4520914140510239 0
11531 0.8214285714284231 -0.4718112244898403 0
11532 0.5008435604140089 -0.5479567732497953 0
11533 0.5357142857161101 -0.5281887755101617 0
11534 0.5705850110152513 0.5479567732498694 0
11535 0.535714285713066 0.5281887755102199 0
11536 0.5714285714301535 -0.5479085859488517 0
11537 0.6785714285722717 -0.5281887755101599 0
11538 0.7142857142863099 -0.5479085859488503 0
11539 0.7857142857143857 -0.5479085859488502 0
11540 0.8214285714284231 -0.5281887755101597 0
11541 0.6428571428582343 -0.5479085859488499 0
11542 0.4999999999987855 0.5479085859489724 0
11543 0.3928571428561365 0.5281887755101855 0
11544 0.3579864175541365 0.5479567732498163 0
11545 0.4285714285703208 0.547908585948938 0
11546 0.03689729343227522 -0.5286450145058317 0
11547 0.07124192202307217 -0.5482050097295065 0
11548 0.1400248869267934 -0.5478509652013557 0
11549 0.1735250283962537 -0.5285490871436717 0
11550 1.470891818133381 -0.1554613618233087 0
11551 1.493268086074781 -0.1692585049578028 0
11552 1.39620368972716 0.249305233653354 0
11553 1.386053156553894 0.2326567121030308 0
11554 1.391988963248683 -0.1871350522054517 0
11555 1.377519484839905 -0.1669210950071094 0
11556 0.0007395615091414301 0.5180622394563813 0
11557 -0.03074746648872598 0.4975824590559598 -0
11558 0.001791685850225537 0.4790039852675924 0
11559 0.004657624776322353 -0.4797094661013098 0
11560 -0.02942709793963308 -0.4967971002713121 0
11561 0.003995578434160485 -0.5180001121612041 0
11562 -0.1862145704141013 -0.4813609403800373 0
11563 -0.1532076014693595 -0.4783803614991768 0
11564 -0.178283442631902 -0.448853138139167 0
11565 -0.1782834426326415 0.4488531381388332 -0
11566 -0.1532076014699987 0.4783803614989097 -0
11567 -0.1862145704148769 0.4813609403796868 -0
11568 -0.4485271354880172 -0.1769917079162077 0
11569 -0.4786257067246098 -0.1515375646269222 0
11570 -0.4819322882562029 -0.1858362682882344 0
11571 1.529664992290295 0.07228898839221873 0
11572 1.049362672490879 -0.5306214611431327 0
11573 1.538613015476687 0.1866933375355944 0
11574 1.280530341168437 -0.4442109766927115 0
11575 1.394327991610544 0.1278431163823703 0
11576 1.406934559537346 0.1452871789646647 0
11577 1.456576289290846 0.1434271076970924 0
11578 0.400225150174579 -0.5284501696020727 0
11579 0.4327797631333299 -0.5475038111801505 0
11580 0.289922620273722 0.547503811180144 0
11581 0.2573680073150908 0.5284501696020645 0
11582 0.6712034212547948 0.5284501696021084 0
11583 0.6386488082960198 0.5475038111801753 0
11584 1.46189117005446 -0.07271962031386101 0
11585 0.0713398115212211 -0.4543767178470463 0
11586 0.03689729343227522 -0.4722674634853703 0
11587 0.05357142857165179 -0.4218112244897694 0
11588 -0.4582547656838095 -0.3399876115917908 0
11589 -0.4420435594502891 -0.3091962622881427 0
11590 -0.4775791133022007 -0.3100474987357302 0
11591 -0.3399876115917908 0.4582547656838094 -0
11592 -0.3091962622881429 0.4420435594502888 -0
11593 -0.3100474987357303 0.4775791133022005 -0
11594 -0.4775791133029299 0.3100474987344628 -0
11595 -0.4420492781207784 0.309169262517794 -0
11596 -0.4582604843545922 0.339960611821228 -0
11597 -0.3100474987344629 -0.4775791133029299 0
11598 -0.3091962622869669 -0.4420435594510155 0
11599 -0.3399876115904008 -0.4582547656848293 0
11600 0.9285714285712799 -0.543622448979592 0
11601 0.9642857142855658 -0.5281887755102308 0
11602 1.341762359431234 -0.2717088134018247 0
11603 1.332889229172896 -0.2469522832653254 0
11604 0.9464285714283486 -0.5781887755102307 0
11605 1.418409700062516 -0.1521032099267324 0
11606 1.403054864844964 -0.1457599906479618 0
11607 1.408911025316889 -0.1689247889893895 0
11608 0.8571428571427087 -0.5436224489795212 0
11609 0.8392857142854421 -0.5781887755101598 0
11610 1.409045427555217 -0.04074447042705211 0
11611 1.427424254591815 -0.03379643320861149 0
11612 0.5357142857161101 -0.4718112244898383 0
11613 0.5005467521208504 -0.4535792077705205 0
11614 0.5178571428590859 -0.4218112244898383 0
11615 0.5714285714301535 -0.4563775510203174 0
11616 0.6964285714292908 -0.4218112244898402 0
11617 0.7142857142863097 -0.4563775510203198 0
11618 0.6785714285722717 -0.4718112244898401 0
11619 0.7857142857143854 -0.45637755102032 0
11620 0.8035714285714043 -0.4218112244898403 0
11621 0.5535714285731345 -0.4218112244898383 0
11622 0.6428571428582341 -0.4563775510203193 0
11623 0.660714285715253 -0.4218112244898402 0
11624 0.535714285713066 0.4718112244897801 0
11625 0.5708818193084298 0.4535792077704964 0
11626 0.4999999999987855 0.4563775510203376 0
11627 0.5178571428558789 0.4218112244897801 0
11628 0.3576896092609616 0.4535792077704959 0
11629 0.3928571428561365 0.4718112244898146 0
11630 0.3749999999990459 0.4218112244898146 0
11631 0.5535714285702532 0.4218112244897801 0
11632 0.4285714285703208 0.456377551020372 0
11633 0.4107142857132273 0.4218112244898146 0
11634 0.1748809440573159 -0.4731356809141561 0
11635 0.1414786920860046 -0.4549868181098413 0
11636 0.1594245948508699 -0.4224213247525644 0
11637 1.038800411719148 0.5235050677566853 0
11638 1.000188936941589 0.5428739496962419 0
11639 -0.5123305281631664 -0.06018422699134236 0
11640 -0.5184455331150483 -0.09513936033377636 0
11641 1.154550137716741 0.5476576164870793 0
11642 1.189136904543204 0.536879944064928 0
11643 1.429292559723202 -3.563588946429996e-05 0
11644 1.41149827531503 0.008296227457416958 0
11645 1.016700057486466 0.5760848621422603 0
11646 1.411070919348166 0.399581078875223 0
11647 1.423070840691872 0.3754590235268848 0
11648 -0.06016622190877921 -0.4473482692471863 0
11649 -0.06069781650904808 0.4473584124789973 -0
11650 1.307529398642573 0.3070342666070626 0
11651 1.335558754670945 0.3001814315604203 0
11652 1.517865358439323 0.2484596101493258 0
11653 1.532733423549059 0.2154241246488848 0
11654 1.343429157358869 0.2686591614296509 0
11655 1.31712768198362 0.2665299381836106 0
11656 -0.4359185490379127 0.3684779852741096 -0
11657 -0.3685049850432824 -0.4359128303681498 0
11658 -0.4359128303669471 -0.3685049850447152 0
11659 -0.3685049850447152 0.435912830366947 -0
11660 -0.4733468032918702 -0.05837913899857772 0
11661 1.175083999189101 -0.5460398456019708 0
11662 -0.06031465890963556 -0.5139675646428852 0
11663 -0.05965261256747369 -0.4756769185829909 0
11664 -0.06011775784275565 0.4756857939108302 -0
11665 -0.06116988218383976 0.5147440480996192 -0
11666 1.486064315285436 0.2379232052525874 0
11667 1.287730915353739 0.3069037125215837 0
11668 1.159094894296851 -0.5140637384434384 0
11669 1.346247940110171 -0.2278224152693778 0
11670 1.371082723347254 -0.2289194169127501 0
11671 0.8749999999996287 -0.4302801895611836 0
11672 0.9107142857139638 -0.4302801895611836 0
11673 0.6250000000012156 -0.56971981043869 0
11674 0.5892857142871778 -0.56971981043869 0
11675 0.7678571428573668 -0.5697198104386905 0
11676 0.7321428571433291 -0.5697198104386905 0
11677 0.4829864175569847 -0.5697679977396335 0
11678 0.4472721318425612 -0.5697679977396335 0
11679 0.3044149889828643 0.5697679977396307 0
11680 0.3401292746970458 0.5697679977396307 0
11681 0.4464285714274115 0.5697198104387524 0
11682 0.4821428571415984 0.5697198104387524 0
11683 0.5884421538724385 0.5697679977396495 0
11684 0.6241564395868182 0.5697679977396495 0
11685 0.1248133505947241 -0.5700162342192758 0
11686 0.08909906488028943 -0.5700162342192758 0
11687 1.300422132629939 0.2851750548752336 0
11688 1.342742142586695 -0.3853867448281493 0
11689 0.4324676703567091 -0.4546379911770604 0
11690 0.4002098656911167 -0.4735843640579338 0
11691 0.257352722831628 0.473584364057929 0
11692 0.2896105274970844 0.4546379911770592 0
11693 0.2712066325209873 0.4228700078963779 0
11694 0.6389609010726641 0.4546379911771078 0
11695 0.6712187057382606 0.473584364057974 0
11696 0.6573647960488673 0.4228700078963916 0
11697 0.4140637753805211 -0.4228700078963781 0
11698 -0.1179083236123182 -0.4693599711064352 0
11699 -0.1258394513945175 -0.5018677733473056 0
11700 -0.5012155814901584 -0.1252876407754883 0
11701 -0.4678104287219728 -0.1164430804034616 0
11702 -0.1258394513950518 0.5018677733471264 -0
11703 -0.1179083236128163 0.4693599711062728 -0
11704 -0.1219256614152774 -0.5648712764285284 0
11705 -0.1307003267549648 -0.5290328130706932 0
11706 -0.1307448510825742 0.5290732380734855 -0
11707 -0.1219701857428539 0.5649117014313876 -0
11708 -0.5292608111176853 -0.1302338445572369 0
11709 -0.5645279265990713 -0.1218374813441592 0
11710 1.486176254139622 -0.3081007363242793 0
11711 1.455712972017484 -0.2885614682643128 0
11712 1.463327037414621 -0.321299579977908 0
11713 1.387310368556608 0.18531386476109 0
11714 1.366965416799958 0.1866018691837286 0
11715 1.369509955434282 -0.2578071644266283 0
11716 1.51033669341469 0.1893545299584496 0
11717 1.479412834651794 0.2051239699515924 0
11718 -0.2790450263282913 -0.4963207612307067 0
11719 -0.4963207612307067 0.2790450263282912 -0
11720 -0.4963207612301417 -0.2790450263294791 0
11721 -0.2790450263294793 0.4963207612301416 -0
11722 1.385454492369048 0.4251975058542567 0
11723 1.482300929067256 -0.2035521875038211 0
11724 1.419901910360073 0.3395126759923082 0
11725 1.445937518570194 0.361927247410654 0
11726 1.122020144448428 0.5569201650762089 0
11727 1.511346839667836 -0.190044073729749 0
11728 1.250124389157562 0.4880772835769425 0
11729 1.216123021106955 0.4812827205968403 0
11730 -0.3875270103870194 0.1615057299512311 -0
11731 -0.4061031396443353 0.1271414066562279 -0
11732 -0.4151261660895509 0.09346701352455422 -0
11733 -0.4148555591885134 0.05581102641922201 -0
11734 1.086386449238811 0.5634502820777763 0
11735 1.019625507339171 0.4197135398836405 0
11736 0.9835987437672979 0.4291878630197946 0
11737 0.9478844580529179 0.4291878630197946 0
11738 0.08678004789525996 0.4998471491110813 0
11739 0.06025853653869627 0.4813350594514769 0
11740 0.05980022520465664 0.5179958553276183 0
11741 0.8701980180122044 0.5167082847177464 0
11742 0.8423748720502503 0.4995472193222648 0
11743 0.870701213298164 0.4800009017979902 0
11744 0.2292099935222502 -0.5001983200349021 0
11745 0.2012443310666648 -0.5191574206911238 0
11746 0.2017355037262158 -0.4824696116669618 0
11747 -0.06517553427008285 -0.5411326043662728 0
11748 -0.08629196620566293 -0.5714013934301002 0
11749 -0.08633649053310358 0.5714418184330139 -0
11750 -0.06607528187136226 0.5419495128259781 -0
11751 1.468120466189281 0.1039639102514144 0
11752 1.447558731122673 0.08949719902391673 0
11753 -0.09540104889792347 -0.5200124226779516 0
11754 -0.09544557322539193 0.5200528476808486 -0
11755 0.23026602461279 0.5189110694629357 0
11756 0.2027459687665671 0.500064413341041 0
11757 0.230486410488651 0.4825820562012076 0
11758 0.6980850180813594 0.4825820562012413 0
11759 0.7258254598035825 0.5000644133410567 0
11760 0.6983054039572096 0.5189110694629804 0
11761 0.3733435533479932 -0.4825820562012083 0
11762 0.3456031116257331 -0.5000644133410481 0
11763 0.3731231674721459 -0.5189110694629512 0
11764 1.388958334164299 0.2076219141853145 0
11765 1.431094900357558 -0.3266716899971158 0
11766 1.461558182479696 -0.3462109580570822 0
11767 1.500448343697754 -0.036375314633358 0
11768 1.51842542396866 -0.05138611064277028 0
11769 1.52564344975367 -0.03332224961753581 0
11770 1.433415252765556 -0.1592801196406831 0
11771 1.427559092293631 -0.1361153212992554 0
11772 1.571810265012288 -0.02416652281347404 0
11773 1.569622927241719 -0.06032752688994809 0
11774 1.432310775102025 0.09700697113781581 0
11775 1.429227604623453 0.1159271022735297 0
11776 1.414779606459822 0.1029696153345917 0
11777 1.569222670360212 0.08365433319089882 0
11778 1.334990970328338 0.4649625227293049 0
11779 1.36350834378121 0.4426205874126228 0
11780 -0.5688685281388144 0.07959785363626623 -0
11781 -0.4497226625573416 -0.05581324030317833 0
11782 0.9464285714283486 -0.4218112244897694 0
11783 1.410943969950782 0.03904933434642278 0
11784 1.409020509729502 0.05534333220347845 0
11785 0.8392857142854421 -0.4218112244898403 0
11786 0.5178571428590859 -0.5781887755101618 0
11787 0.5535714285731345 -0.5781887755101618 0
11788 0.6964285714292908 -0.5781887755101598 0
11789 0.660714285715253 -0.5781887755101598 0
11790 0.8035714285714043 -0.5781887755101598 0
11791 0.5178571428558789 0.57818877551022 0
11792 0.3749999999990459 0.5781887755101855 0
11793 0.4107142857132273 0.5781887755101855 0
11794 0.5535714285702532 0.57818877551022 0
11795 0.1580686791898077 -0.5778347309820799 0
11796 0.05357142857165179 -0.5781887755102306 0
11797 -0.4178940085860554 0.0210813908859287 -0
11798 1.406704631693226 -0.3402290173121645 0
11799 -0.1660482924774677 0.4232547903799033 -0
11800 -0.4229287877290873 -0.1647565577610339 0
11801 -0.1660482924767587 -0.4232547903802627 0
11802 1.425097888624137 0.1336876765201259 0
11803 1.406423385619486 0.07359864052186907 0
11804 1.40288177206912 0.09084327035913543 0
11805 0.00137735916199706 0.451381534810598 0
11806 0.03286438715986447 0.4718613152110194 0
11807 0.003474617058481656 -0.4510644515954782 0
11808 1.394756543415309 -0.1313674489396023 0
11809 1.400227153395264 -0.1132877340521678 0
11810 1.528227596237258 -0.07239218509754035 0
11811 1.503032490181342 -0.07544525011336253 0
11812 1.253312256143214 0.5189800271340325 0
11813 1.443923702013226 -0.1237867925018429 0
11814 1.460063052894616 -0.1357241679639742 0
11815 0.03449649978115381 0.5279306583441984 0
11816 0.001957347442202294 0.5465091321325658 0
11817 0.01785714285710734 0.5781887755101914 0
11818 0.002812570716319789 -0.5457326486758339 0
11819 0.01785714285721726 -0.5781887755102306 0
11820 0.9137171342700843 0.421837752963557 0
11821 1.196650742961096 0.5097182906971098 0
11822 1.407121967333951 -0.0570384682840485 0
11823 1.393950891669563 -0.4172275236508261 0
11824 1.363460973851522 -0.4001552464363024 0
11825 1.052861061562903 0.5738975243716959 0
11826 1.066925502648839 0.541722481990601 0
11827 1.4109137326866 0.02357612802279147 0
11828 0.27122191700445 0.5777358134405133 0
11829 0.4140790598639833 -0.5777358134405169 0
11830 0.6573495115654016 0.5777358134405259 0
11831 -0.5222277646117442 0.04147145504019427 -0
11832 -0.5431609157385335 0.001161304697212692 -0
11833 1.460514610676328 -0.03833109408357542 0
11834 1.453533287113305 -0.01738185810719556 0
11835 1.442569892379366 -0.03761296267014237 0
11836 -0.2194588944358094 -0.4788005009569383 0
11837 -0.1943830532732669 -0.5083277243169482 0
11838 -0.1943830532741593 0.5083277243165903 -0
11839 -0.2194588944368022 0.4788005009565138 -0
11840 -0.5088990721931064 -0.1940047511475168 0
11841 -0.4788005009565138 -0.2194588944368022 0
11842 1.403078068302518 -0.09077652470196833 0
11843 1.406619681852858 -0.07353189486477113 0
11844 1.420459901048409 0.06579417588048717 0
11845 1.419567318648627 -0.3916110966716633 0
11846 0.01785714285721726 -0.4218112244897694 0
11847 0.016225030235818 0.4221194323770125 0
11848 -0.5760305393191278 0.01624895341254117 -0
11849 -0.5312877853587421 0.2241571618481795 -0
11850 -0.5164197202491635 0.2571926473484664 -0
11851 -0.2201951547599773 -0.5333885152526517 0
11852 -0.2201951547610367 0.5333885152522445 -0
11853 -0.5333885152522444 -0.2201951547610367 0
11854 1.571580298327237 0.001968415300130184 0
11855 1.543390563339525 -0.02219810751334386 0
11856 1.415404454497845 -0.1064272022351052 0
11857 1.43921624716304 -0.3747283315099397 0
11858 -0.2534417633630019 -0.4835675959814826 0
11859 -0.2534417633640835 0.4835675959810487 -0
11860 -0.4835675959810487 -0.2534417633640834 0
11861 1.460706005290162 0.1256665334504962 0
11862 1.44262905726634 0.12772503232335 0
11863 -0.1618140842981456 -0.3882570349083518 0
11864 -0.3882570349080046 -0.1618140842988637 0
11865 -0.1618140842988637 0.3882570349080046 -0
11866 -0.2532306402602643 -0.5185204501430731 0
11867 -0.2532306402614803 0.5185204501425102 -0
11868 -0.5185204501425102 -0.2532306402614803 0
11869 1.576073297169932 0.05907606348545816 0
11870 1.578260634940523 0.02291505940880248 0
11871 1.285291914163975 -0.5002630559519233 0
11872 1.385257868669682 -0.1481890280022594 0
11873 1.552439543565538 -0.1496698948779623 0
11874 1.541661871143398 -0.1842566617043782 0
11875 1.399798601590548 0.1097634014948494 0
11876 1.220276770642926 0.5338480922436155 0
11877 1.444350387550658 0.00275819867775411 0
11878 1.57662524187111 -0.08725530557566329 0
11879 1.570095124869536 -0.1228890007852861 0
11880 1.471390766927567 -0.05650068715255735 0
11881 1.482354161661505 -0.03626958258961054 0
11882 1.3510892412065 0.4187116443635815 0
11883 -0.5738432015485585 0.05240995748901873 -0
11884 0.05193931595003267 0.4221194323770125 0
11885 1.264717839014204 -0.4757435691658022 0
11886 0.2354923468068058 0.4228700078963779 0
11887 0.2355076312902686 0.5777358134405133 0
11888 0.6930637972797815 0.5777358134405259 0
11889 0.6930790817632473 0.4228700078963916 0
11890 0.3783647741495489 -0.5777358134405169 0
11891 0.3783494896660866 -0.4228700078963781 0
11892 0.9821428571427828 -0.5781887755102307 0
11893 0.05357142857132201 0.5781887755101914 0
11894 0.8780028485557043 0.421837752963557 0
11895 0.8778802366360776 0.5766994744543457 0
11896 0.1937829649042422 -0.5778347309820799 0
11897 0.1951388805653044 -0.4224213247525644 0
11898 -0.3953298231527063 -0.4209462501332538 0
11899 -0.4209462501318744 -0.3953298231541751 0
11900 -0.4209462501332538 0.3953298231527063 -0
11901 -0.3953298231541751 0.4209462501318744 -0
11902 -0.09105378287878169 -0.4645187336187594 0
11903 -0.09112023220416185 0.4645200015226567 -0
11904 1.525413483068619 -0.007187311503931579 0
11905 1.518839335373483 0.009844454518470281 0
11906 1.501092221787629 -0.001279687585721667 0
11907 -0.3737265521319736 -0.3737265521332477 0
11908 -0.3659612132523287 -0.407752631598019 0
11909 -0.3737265521332477 0.3737265521319736 -0
11910 -0.4077583502677819 0.3659342134831559 -0
11911 -0.3659612132536632 0.4077526315968251 -0
11912 -0.4077526315968252 -0.3659612132536632 0
11913 1.387055703178812 -0.3571117824738881 0
11914 1.40967711690822 -0.3684658332380136 0
11915 1.550622844653966 -0.07526082431266327 0
11916 0.0598442098504678 0.4537126089944825 0
11917 0.2028466065129014 -0.4541765802579344 0
11918 0.2009995181922881 -0.546277795511612 0
11919 0.8708704536525693 0.4532576711648112 0
11920 0.8702446464469829 0.5448267755753562 0
11921 0.0610180111377175 0.5464427480038028 0
11922 -0.5070467690144488 0.2121496448511996 -0
11923 1.131529318448298 -0.5069390585973653 0
11924 -0.4667761627529929 -0.08762725785662837 0
11925 1.505514021205739 0.0326716984963157 0
11926 1.529835282486729 0.02676407457810578 0
11927 1.54984093326776 0.02488347470893267 0
11928 -0.4814668660875729 0.2574037704512041 -0
11929 -0.4770840656710932 0.2216065170355978 -0
11930 1.433110732959042 0.0765397120849787 0
11931 1.428918149310186 -0.1166098827878921 0
11932 0.9919566372967827 -0.5477089578298102 0
11933 1.462295105847619 0.002040067264321068 0
11934 0.2298326669854052 0.4547377079360343 0
11935 0.2296275655930068 0.5459325267418979 0
11936 0.6989438629770179 0.5459325267419237 0
11937 0.6987387615846334 0.4547377079360504 0
11938 0.372689809844704 -0.4547377079360307 0
11939 0.3724847084523188 -0.5459325267419124 0
11940 -0.5470864052285116 0.05968580297232984 -0
11941 1.369309357128979 -0.3705800967915842 0
11942 1.489572187446516 -0.01820572156437606 0
11943 1.536515619100015 0.04771071868677808 0
11944 1.549670643071326 0.07040838852304561 0
11945 1.453393410235436 -0.1630294248725405 0
11946 1.473815140188732 0.01896610124297547 0
11947 1.486590601525144 0.03274305287539457 0
11948 1.483730721039637 -0.07065810881989612 0
11949 1.482998039751379 -0.001173955541974202 0
$EndNodes
$Elements
6433
1 8 2 1 1 1 23 86
2 8 2 1 1 23 24 87
3 8 2 1 1 24 25 88
4 8 2 1 1 25 26 89
5 8 2 1 1 26 27 90
6 8 2 1 1 27 28 91
7 8 2 1 1 28 29 92
8 8 2 1 1 29 30 93
9 8 2 1 1 30 31 94
10 8 2 1 1 31 32 95
11 8 2 1 1 32 33 96
12 8 2 1 1 33 34 97
13 8 2 1 1 34 35 98
14 8 2 1 1 35 36 99
15 8 2 1 1 36 37 100
16 8 2 1 1 37 38 101
17 8 2 1 1 38 39 102
18 8 2 1 1 39 40 103
19 8 2 1 1 40 41 104
20 8 2 1 1 41 42 105
21 8 2 1 1 42 43 106
22 8 2 1 1 43 44 107
23 8 2 1 1 44 45 108
24 8 2 1 1 45 46 109
25 8 2 1 1 46 47 110
26 8 2 1 1 47 48 111
27 8 2 1 1 48 49 112
28 8 2 1 1 49 50 113
29 8 2 1 1 50 51 114
30 8 2 1 1 51 52 115
31 8 2 1 1 52 53 116
32 8 2 1 1 53 54 117
33 8 2 1 1 54 55 118
34 8 2 1 1 55 56 119
35 8 2 1 1 56 57 120
36 8 2 1 1 57 58 121
37 8 2 1 1 58 59 122
38 8 2 1 1 59 60 123
39 8 2 1 1 60 61 124
40 8 2 1 1 61 62 125
41 8 2 1 1 62 63 126
42 8 2 1 1 63 64 127
43 8 2 1 1 64 65 128
44 8 2 1 1 65 66 129
45 8 2 1 1 66 67 130
46 8 2 1 1 67 68 131
47 8 2 1 1 68 69 132
48 8 2 1 1 69 70 133
49 8 2 1 1 70 71 134
50 8 2 1 1 71 72 135
51 8 2 1 1 72 73 136
52 8 2 1 1 73 74 137
53 8 2 1 1 74 75 138
54 8 2 1 1 75 76 139
55 8 2 1 1 76 77 140
56 8 2 1 1 77 78 141
57 8 2 1 1 78 79 142
58 8 2 1 1 79 80 143
59 8 2 1 1 80 81 144
60 8 2 1 1 81 82 145
61 8 2 1 1 82 83 146
62 8 2 1 1 83 84 147
63 8 2 1 1 84 85 148
64 8 2 1 1 85 2 149
65 8 2 2 2 2 150 183
66 8 2 2 2 150 151 184
67 8 2 2 2 151 152 185
68 8 2 2 2 152 153 186
69 8 2 2 2 153 154 187
70 8 2 2 2 154 155 188
71 8 2 2 2 155 156 189
72 8 2 2 2 156 157 190
73 8 2 2 2 157 158 191
74 8 2 2 2 158 159 192
75 8 2 2 2 159 160 193
76 8 2 2 2 160 161 194
77 8 2 2 2 161 162 195
78 8 2 2 2 162 163 196
79 8 2 2 2 163 164 197
80 8 2 2 2 164 165 198
81 8 2 2 2 165 166 199
82 8 2 2 2 166 167 200
83 8 2 2 2 167 168 201
84 8 2 2 2 168 169 202
85 8 2 2 2 169 170 203
86 8 2 2 2 170 171 204
87 8 2 2 2 171 172 205
88 8 2 2 2 172 173 206
89 8 2 2 2 173 174 207
90 8 2 2 2 174 175 208
91 8 2 2 2 175 176 209
92 8 2 2 2 176 177 210
93 8 2 2 2 177 178 211
94 8 2 2 2 178 179 212
95 8 2 2 2 179 180 213
96 8 2 2 2 180 181 214
97 8 2 2 2 181 182 215
98 8 2 2 2 182 3 216
99 8 2 3 3 3 217 250
100 8 2 3 3 217 218 251
101 8 2 3 3 218 219 252
102 8 2 3 3 219 220 253
103 8 2 3 3 220 221 254
104 8 2 3 3 221 222 255
105 8 2 3 3 222 223 256
106 8 2 3 3 223 224 257
107 8 2 3 3 224 225 258
108 8 2 3 3 225 226 259
109 8 2 3 3 226 227 260
110 8 2 3 3 227 228 261
111 8 2 3 3 228 229 262
112 8 2 3 3 229 230 263
113 8 2 3 3 230 231 264
114 8 2 3 3 231 232 265
115 8 2 3 3 232 233 266
116 8 2 3 3 233 234 267
117 8 2 3 3 234 235 268
118 8 2 3 3 235 236 269
119 8 2 3 3 236 237 270
120 8 2 3 3 237 238 271
121 8 2 3 3 238 239 272
122 8 2 3 3 239 240 273
123 8 2 3 3 240 241 274
124 8 2 3 3 241 242 275
125 8 2 3 3 242 243 276
126 8 2 3 3 243 244 277
127 8 2 3 3 244 245 278
128 8 2 3 3 245 246 279
129 8 2 3 3 246 247 280
130 8 2 3 3 247 248 281
131 8 2 3 3 248 249 282
132 8 2 3 3 249 4 283
133 8 2 4 4 4 284 347
134 8 2 4 4 284 285 348
135 8 2 4 4 285 286 349
136 8 2 4 4 286 287 350
137 8 2 4 4 287 288 351
138 8 2 4 4 288 289 352
139 8 2 4 4 289 290 353
140 8 2 4 4 290 291 354
141 8 2 4 4 291 292 355
142 8 2 4 4 292 293 356
143 8 2 4 4 293 294 357
144 8 2 4 4 294 295 358
145 8 2 4 4 295 296 359
146 8 2 4 4 296 297 360
147 8 2 4 4 297 298 361
148 8 2 4 4 298 299 362
149 8 2 4 4 299 300 363
150 8 2 4 4 300 301 364
151 8 2 4 4 301 302 365
152 8 2 4 4 302 303 366
153 8 2 4 4 303 304 367
154 8 2 4 4 304 305 368
155 8 2 4 4 305 306 369
156 8 2 4 4 306 307 370
157 8 2 4 4 307 308 371
158 8 2 4 4 308 309 372
159 8 2 4 4 309 310 373
160 8 2 4 4 310 311 374
161 8 2 4 4 311 312 375
162 8 2 4 4 312 313 376
163 8 2 4 4 313 314 377
164 8 2 4 4 314 315 378
165 8 2 4 4 315 316 379
166 8 2 4 4 316 317 380
167 8 2 4 4 317 318 381
168 8 2 4 4 318 319 382
169 8 2 4 4 319 320 383
170 8 2 4 4 320 321 384
171 8 2 4 4 321 322 385
172 8 2 4 4 322 323 386
173 8 2 4 4 323 324 387
174 8 2 4 4 324 325 388
175 8 2 4 4 325 326 389
176 8 2 4 4 326 327 390
177 8 2 4 4 327 328 391
178 8 2 4 4 328 329 392
179 8 2 4 4 329 330 393
180 8 2 4 4 330 331 394
181 8 2 4 4 331 332 395
182 8 2 4 4 332 333 396
183 8 2 4 4 333 334 397
184 8 2 4 4 334 335 398
185 8 2 4 4 335 336 399
186 8 2 4 4 336 337 400
187 8 2 4 4 337 338 401
188 8 2 4 4 338 339 402
189 8 2 4 4 339 340 403
190 8 2 4 4 340 341 404
191 8 2 4 4 341 342 405
192 8 2 4 4 342 343 406
193 8 2 4 4 343 344 407
194 8 2 4 4 344 345 408
195 8 2 4 4 345 346 409
196 8 2 4 4 346 1 410
197 8 2 5 5 5 411 474
198 8 2 5 5 411 412 475
199 8 2 5 5 412 413 476
200 8 2 5 5 413 414 477
201 8 2 5 5 414 415 478
202 8 2 5 5 415 416 479
203 8 2 5 5 416 417 480
204 8 2 5 5 417 418 481
205 8 2 5 5 418 419 482
206 8 2 5 5 419 420 483
207 8 2 5 5 420 421 484
208 8 2 5 5 421 422 485
209 8 2 5 5 422 423 486
210 8 2 5 5 423 424 487
211 8 2 5 5 424 425 488
212 8 2 5 5 425 426 489
213 8 2 5 5 426 427 490
214 8 2 5 5 427 428 491
215 8 2 5 5 428 429 492
216 8 2 5 5 429 430 493
217 8 2 5 5 430 431 494
218 8 2 5 5 431 432 495
219 8 2 5 5 432 433 496
220 8 2 5 5 433 434 497
221 8 2 5 5 434 435 498
222 8 2 5 5 435 436 499
223 8 2 5 5 436 437 500
224 8 2 5 5 437 438 501
225 8 2 5 5 438 439 502
226 8 2 5 5 439 440 503
227 8 2 5 5 440 441 504
228 8 2 5 5 441 442 505
229 8 2 5 5 442 443 506
230 8 2 5 5 443 444 507
231 8 2 5 5 444 445 508
232 8 2 5 5 445 446 509
233 8 2 5 5 446 447 510
234 8 2 5 5 447 448 511
235 8 2 5 5 448 449 512
236 8 2 5 5 449 450 513
237 8 2 5 5 450 451 514
238 8 2 5 5 451 452 515
239 8 2 5 5 452 453 516
240 8 2 5 5 453 454 517
241 8 2 5 5 454 455 518
242 8 2 5 5 455 456 519
243 8 2 5 5 456 457 520
244 8 2 5 5 457 458 521
245 8 2 5 5 458 459 522
246 8 2 5 5 459 460 523
247 8 2 5 5 460 461 524
248 8 2 5 5 461 462 525
249 8 2 5 5 462 463 526
250 8 2 5 5 463 464 527
251 8 2 5 5 464 465 528
252 8 2 5 5 465 466 529
253 8 2 5 5 466 467 530
254 8 2 5 5 467 468 531
255 8 2 5 5 468 469 532
256 8 2 5 5 469 470 533
257 8 2 5 5 470 471 534
258 8 2 5 5 471 472 535
259 8 2 5 5 472 473 536
260 8 2 5 5 473 6 537
261 8 2 6 6 6 538 571
262 8 2 6 6 538 539 572
263 8 2 6 6 539 540 573
264 8 2 6 6 540 541 574
265 8 2 6 6 541 542 575
266 8 2 6 6 542 543 576
267 8 2 6 6 543 544 577
268 8 2 6 6 544 545 578
269 8 2 6 6 545 546 579
270 8 2 6 6 546 547 580
271 8 2 6 6 547 548 581
272 8 2 6 6 548 549 582
273 8 2 6 6 549 550 583
274 8 2 6 6 550 551 584
275 8 2 6 6 551 552 585
276 8 2 6 6 552 553 586
277 8 2 6 6 553 554 587
278 8 2 6 6 554 555 588
279 8 2 6 6 555 556 589
280 8 2 6 6 556 557 590
281 8 2 6 6 557 558 591
282 8 2 6 6 558 559 592
283 8 2 6 6 559 560 593
284 8 2 6 6 560 561 594
285 8 2 6 6 561 562 595
286 8 2 6 6 562 563 596
287 8 2 6 6 563 564 597
288 8 2 6 6 564 565 598
289 8 2 6 6 565 566 599
290 8 2 6 6 566 567 600
291 8 2 6 6 567 568 601
292 8 2 6 6 568 569 602
293 8 2 6 6 569 570 603
294 8 2 6 6 570 7 604
295 8 2 7 7 7 605 638
296 8 2 7 7 605 606 639
297 8 2 7 7 606 607 640
298 8 2 7 7 607 608 641
299 8 2 7 7 608 609 642
300 8 2 7 7 609 610 643
301 8 2 7 7 610 611 644
302 8 2 7 7 611 612 645
303 8 2 7 7 612 613 646
304 8 2 7 7 613 614 647
305 8 2 7 7 614 615 648
306 8 2 7 7 615 616 649
307 8 2 7 7 616 617 650
308 8 2 7 7 617 618 651
309 8 2 7 7 618 619 652
310 8 2 7 7 619 620 653
311 8 2 7 7 620 621 654
312 8 2 7 7 621 622 655
313 8 2 7 7 622 623 656
314 8 2 7 7 623 624 657
315 8 2 7 7 624 625 658
316 8 2 7 7 625 626 659
317 8 2 7 7 626 627 660
318 8 2 7 7 627 628 661
319 8 2 7 7 628 629 662
320 8 2 7 7 629 630 663
321 8 2 7 7 630 631 664
322 8 2 7 7 631 632 665
323 8 2 7 7 632 633 666
324 8 2 7 7 633 634 667
325 8 2 7 7 634 635 668
326 8 2 7 7 635 636 669
327 8 2 7 7 636 637 670
328 8 2 7 7 637 8 671
329 8 2 8 8 8 672 735
330 8 2 8 8 672 673 736
331 8 2 8 8 673 674 737
332 8 2 8 8 674 675 738
333 8 2 8 8 675 676 739
334 8 2 8 8 676 677 740
335 8 2 8 8 677 678 741
336 8 2 8 8 678 679 742
337 8 2 8 8 679 680 743
338 8 2 8 8 680 681 744
339 8 2 8 8 681 682 745
340 8 2 8 8 682 683 746
341 8 2 8 8 683 684 747
342 8 2 8 8 684 685 748
343 8 2 8 8 685 686 749
344 8 2 8 8 686 687 750
345 8 2 8 8 687 688 751
346 8 2 8 8 688 689 752
347 8 2 8 8 689 690 753
348 8 2 8 8 690 691 754
349 8 2 8 8 691 692 755
350 8 2 8 8 692 693 756
351 8 2 8 8 693 694 757
352 8 2 8 8 694 695 758
353 8 2 8 8 695 696 759
354 8 2 8 8 696 697 760
355 8 2 8 8 697 698 761
356 8 2 8 8 698 699 762
357 8 2 8 8 699 700 763
358 8 2 8 8 700 701 764
359 8 2 8 8 701 702 765
360 8 2 8 8 702 703 766
361 8 2 8 8 703 704 767
362 8 2 8 8 704 705 768
363 8 2 8 8 705 706 769
364 8 2 8 8 706 707 770
365 8 2 8 8 707 708 771
366 8 2 8 8 708 709 772
367 8 2 8 8 709 710 773
368 8 2 8 8 710 711 774
369 8 2 8 8 711 712 775
370 8 2 8 8 712 713 776
371 8 2 8 8 713 714 777
372 8 2 8 8 714 715 778
373 8 2 8 8 715 716 779
374 8 2 8 8 716 717 780
375 8 2 8 8 717 718 781
376 8 2 8 8 718 719 782
377 8 2 8 8 719 720 783
378 8 2 8 8 720 721 784
379 8 2 8 8 721 722 785
380 8 2 8 8 722 723 786
381 8 2 8 8 723 724 787
382 8 2 8 8 724 725 788
383 8 2 8 8 725 726 789
384 8 2 8 8 726 727 790
385 8 2 8 8 727 728 791
386 8 2 8 8 728 729 792
387 8 2 8 8 729 730 793
388 8 2 8 8 730 731 794
389 8 2 8 8 731 732 795
390 8 2 8 8 732 733 796
391 8 2 8 8 733 734 797
392 8 2 8 8 734 9 798
393 8 2 9 9 1 799 801
394 8 2 9 9 799 800 802
395 8 2 9 9 800 5 803
396 8 2 10 10 2 804 806
397 8 2 10 10 804 805 807
398 8 2 10 10 805 6 808
399 8 2 11 11 3 809 811
400 8 2 11 11 809 810 812
401 8 2 11 11 810 7 813
402 8 2 12 12 4 814 816
403 8 2 12 12 814 815 817
404 8 2 12 12 815 8 818
405 8 2 13 13 1 819 821
406 8 2 13 13 819 820 822
407 8 2 13 13 820 9 823
408 8 2 14 18 16 824 832
409 8 2 14 18 824 825 833
410 8 2 14 18 825 826 834
411 8 2 14 18 826 827 835
412 8 2 14 18 827 828 836
413 8 2 14 18 828 829 837
414 8 2 14 18 829 830 838
415 8 2 14 18 830 831 839
416 8 2 14 18 831 11 840
417 8 2 15 19 11 841 849
418 8 2 15 19 841 842 850
419 8 2 15 19 842 843 851
420 8 2 15 19 843 844 852
421 8 2 15 19 844 845 853
422 8 2 15 19 845 846 854
423 8 2 15 19 846 847 855
424 8 2 15 19 847 848 856
425 8 2 15 19 848 12 857
426 8 2 16 20 13 858 870
427 8 2 16 20 858 859 871
428 8 2 16 20 859 860 872
429 8 2 16 20 860 861 873
430 8 2 16 20 861 862 874
431 8 2 16 20 862 863 875
432 8 2 16 20 863 864 876
433 8 2 16 20 864 865 877
434 8 2 16 20 865 866 878
435 8 2 16 20 866 867 879
436 8 2 16 20 867 868 880
437 8 2 16 20 868 869 881
438 8 2 16 20 869 14 882
439 8 2 17 21 14 883 895
440 8 2 17 21 883 884 896
441 8 2 17 21 884 885 897
442 8 2 17 21 885 886 898
443 8 2 17 21 886 887 899
444 8 2 17 21 887 888 900
445 8 2 17 21 888 889 901
446 8 2 17 21 889 890 902
447 8 2 17 21 890 891 903
448 8 2 17 21 891 892 904
449 8 2 17 21 892 893 905
450 8 2 17 21 893 894 906
451 8 2 17 21 894 15 907
452 8 2 18 22 12 908 921
453 8 2 18 22 908 909 922
454 8 2 18 22 909 910 923
455 8 2 18 22 910 911 924
456 8 2 18 22 911 912 925
457 8 2 18 22 912 913 926
458 8 2 18 22 913 914 927
459 8 2 18 22 914 915 928
460 8 2 18 22 915 916 929
461 8 2 18 22 916 917 930
462 8 2 18 22 917 918 931
463 8 2 18 22 918 919 932
464 8 2 18 22 919 920 933
465 8 2 18 22 920 13 934
466 8 2 19 23 15 935 948
467 8 2 19 23 935 936 949
468 8 2 19 23 936 937 950
469 8 2 19 23 937 938 951
470 8 2 19 23 938 939 952
471 8 2 19 23 939 940 953
472 8 2 19 23 940 941 954
473 8 2 19 23 941 942 955
474 8 2 19 23 942 943 956
475 8 2 19 23 943 944 957
476 8 2 19 23 944 945 958
477 8 2 19 23 945 946 959
478 8 2 19 23 946 947 960
479 8 2 19 23 947 16 961
480 8 2 20 24 1 962 985
481 8 2 20 24 962 963 986
482 8 2 20 24 963 964 987
483 8 2 20 24 964 965 988
484 8 2 20 24 965 966 989
485 8 2 20 24 966 967 990
486 8 2 20 24 967 968 991
487 8 2 20 24 968 969 992
488 8 2 20 24 969 970 993
489 8 2 20 24 970 971 994
490 8 2 20 24 971 972 995
491 8 2 20 24 972 973 996
492 8 2 20 24 973 974 997
493 8 2 20 24 974 975 998
494 8 2 20 24 975 976 999
495 8 2 20 24 976 977 1000
496 8 2 20 24 977 978 1001
497 8 2 20 24 978 979 1002
498 8 2 20 24 979 980 1003
499 8 2 20 24 980 981 1004
500 8 2 20 24 981 982 1005
501 8 2 20 24 982 983 1006
502 8 2 20 24 983 984 1007
503 8 2 20 24 984 10 1008
504 8 2 21 25 10 1009 1022
505 8 2 21 25 1009 1010 1023
506 8 2 21 25 1010 1011 1024
507 8 2 21 25 1011 1012 1025
508 8 2 21 25 1012 1013 1026
509 8 2 21 25 1013 1014 1027
510 8 2 21 25 1014 1015 1028
511 8 2 21 25 1015 1016 1029
512 8 2 21 25 1016 1017 1030
513 8 2 21 25 1017 1018 1031
514 8 2 21 25 1018 1019 1032
515 8 2 21 25 1019 1020 1033
516 8 2 21 25 1020 1021 1034
517 8 2 21 25 1021 14 1035
518 8 2 22 26 17 1036 1048
519 8 2 22 26 1036 1037 1049
520 8 2 22 26 1037 1038 1050
521 8 2 22 26 1038 1039 1051
522 8 2 22 26 1039 1040 1052
523 8 2 22 26 1040 1041 1053
524 8 2 22 26 1041 1042 1054
525 8 2 22 26 1042 1043 1055
526 8 2 22 26 1043 1044 1056
527 8 2 22 26 1044 1045 1057
528 8 2 22 26 1045 1046 1058
529 8 2 22 26 1046 1047 1059
530 8 2 22 26 1047 18 1060
531 8 2 23 27 18 1061 1073
532 8 2 23 27 1061 1062 1074
533 8 2 23 27 1062 1063 1075
534 8 2 23 27 1063 1064 1076
535 8 2 23 27 1064 1065 1077
536 8 2 23 27 1065 1066 1078
537 8 2 23 27 1066 1067 1079
538 8 2 23 27 1067 1068 1080
539 8 2 23 27 1068 1069 1081
540 8 2 23 27 1069 1070 1082
541 8 2 23 27 1070 1071 1083
542 8 2 23 27 1071 1072 1084
543 8 2 23 27 1072 19 1085
544 8 2 24 28 19 1086 1099
545 8 2 24 28 1086 1087 1100
546 8 2 24 28 1087 1088 1101
547 8 2 24 28 1088 1089 1102
548 8 2 24 28 1089 1090 1103
549 8 2 24 28 1090 1091 1104
550 8 2 24 28 1091 1092 1105
551 8 2 24 28 1092 1093 1106
552 8 2 24 28 1093 1094 1107
553 8 2 24 28 1094 1095 1108
554 8 2 24 28 1095 1096 1109
555 8 2 24 28 1096 1097 1110
556 8 2 24 28 1097 1098 1111
557 8 2 24 28 1098 20 1112
558 8 2 25 29 20 1113 1125
559 8 2 25 29 1113 1114 1126
560 8 2 25 29 1114 1115 1127
561 8 2 25 29 1115 1116 1128
562 8 2 25 29 1116 1117 1129
563 8 2 25 29 1117 1118 1130
564 8 2 25 29 1118 1119 1131
565 8 2 25 29 1119 1120 1132
566 8 2 25 29 1120 1121 1133
567 8 2 25 29 1121 1122 1134
568 8 2 25 29 1122 1123 1135
569 8 2 25 29 1123 1124 1136
570 8 2 25 29 1124 21 1137
571 8 2 26 30 21 1138 1150
572 8 2 26 30 1138 1139 1151
573 8 2 26 30 1139 1140 1152
574 8 2 26 30 1140 1141 1153
575 8 2 26 30 1141 1142 1154
576 8 2 26 30 1142 1143 1155
577 8 2 26 30 1143 1144 1156
578 8 2 26 30 1144 1145 1157
579 8 2 26 30 1145 1146 1158
580 8 2 26 30 1146 1147 1159
581 8 2 26 30 1147 1148 1160
582 8 2 26 30 1148 1149 1161
583 8 2 26 30 1149 22 1162
584 8 2 27 31 22 1163 1176
585 8 2 27 31 1163 1164 1177
586 8 2 27 31 1164 1165 1178
587 8 2 27 31 1165 1166 1179
588 8 2 27 31 1166 1167 1180
589 8 2 27 31 1167 1168 1181
590 8 2 27 31 1168 1169 1182
591 8 2 27 31 1169 1170 1183
592 8 2 27 31 1170 1171 1184
593 8 2 27 31 1171 1172 1185
594 8 2 27 31 1172 1173 1186
595 8 2 27 31 1173 1174 1187
596 8 2 27 31 1174 1175 1188
597 8 2 27 31 1175 17 1189
598 9 2 28 34 1 1190 799 1316 1317 801
599 9 2 28 34 1190 1 23 1316 86 1318
600 9 2 28 34 23 1191 1190 1319 1320 1318
601 9 2 28 34 1191 23 24 1319 87 1321
602 9 2 28 34 24 1192 1191 1322 1323 1321
603 9 2 28 34 1192 24 25 1322 88 1324
604 9 2 28 34 25 1193 1192 1325 1326 1324
605 9 2 28 34 1193 25 26 1325 89 1327
606 9 2 28 34 26 1194 1193 1328 1329 1327
607 9 2 28 34 1194 26 27 1328 90 1330
608 9 2 28 34 27 1195 1194 1331 1332 1330
609 9 2 28 34 1195 27 28 1331 91 1333
610 9 2 28 34 28 1196 1195 1334 1335 1333
611 9 2 28 34 1196 28 29 1334 92 1336
612 9 2 28 34 29 1197 1196 1337 1338 1336
613 9 2 28 34 1197 29 30 1337 93 1339
614 9 2 28 34 30 1198 1197 1340 1341 1339
615 9 2 28 34 1198 30 31 1340 94 1342
616 9 2 28 34 31 1199 1198 1343 1344 1342
617 9 2 28 34 1199 31 32 1343 95 1345
618 9 2 28 34 32 1200 1199 1346 1347 1345
619 9 2 28 34 1200 32 33 1346 96 1348
620 9 2 28 34 33 1201 1200 1349 1350 1348
621 9 2 28 34 1201 33 34 1349 97 1351
622 9 2 28 34 34 1202 1201 1352 1353 1351
623 9 2 28 34 1202 34 35 1352 98 1354
624 9 2 28 34 35 1203 1202 1355 1356 1354
625 9 2 28 34 1203 35 36 1355 99 1357
626 9 2 28 34 36 1204 1203 1358 1359 1357
627 9 2 28 34 1204 36 37 1358 100 1360
628 9 2 28 34 37 1205 1204 1361 1362 1360
629 9 2 28 34 1205 37 38 1361 101 1363
630 9 2 28 34 38 1206 1205 1364 1365 1363
631 9 2 28 34 1206 38 39 1364 102 1366
632 9 2 28 34 39 1207 1206 1367 1368 1366
633 9 2 28 34 1207 39 40 1367 103 1369
634 9 2 28 34 40 1208 1207 1370 1371 1369
635 9 2 28 34 1208 40 41 1370 104 1372
636 9 2 28 34 41 1209 1208 1373 1374 1372
637 9 2 28 34 1209 41 42 1373 105 1375
638 9 2 28 34 42 1210 1209 1376 1377 1375
639 9 2 28 34 1210 42 43 1376 106 1378
640 9 2 28 34 43 1211 1210 1379 1380 1378
641 9 2 28 34 1211 43 44 1379 107 1381
642 9 2 28 34 44 1212 1211 1382 1383 1381
643 9 2 28 34 1212 44 45 1382 108 1384
644 9 2 28 34 45 1213 1212 1385 1386 1384
645 9 2 28 34 1213 45 46 1385 109 1387
646 9 2 28 34 46 1214 1213 1388 1389 1387
647 9 2 28 34 1214 46 47 1388 110 1390
648 9 2 28 34 47 1215 1214 1391 1392 1390
649 9 2 28 34 1215 47 48 1391 111 1393
650 9 2 28 34 48 1216 1215 1394 1395 1393
651 9 2 28 34 1216 48 49 1394 112 1396
652 9 2 28 34 49 1217 1216 1397 1398 1396
653 9 2 28 34 1217 49 50 1397 113 1399
654 9 2 28 34 50 1218 1217 1400 1401 1399
655 9 2 28 34 1218 50 51 1400 114 1402
656 9 2 28 34 51 1219 1218 1403 1404 1402
657 9 2 28 34 1219 51 52 1403 115 1405
658 9 2 28 34 52 1220 1219 1406 1407 1405
659 9 2 28 34 1220 52 53 1406 116 1408
660 9 2 28 34 53 1221 1220 1409 1410 1408
661 9 2 28 34 1221 53 54 1409 117 1411
662 9 2 28 34 54 1222 1221 1412 1413 1411
663 9 2 28 34 1222 54 55 1412 118 1414
664 9 2 28 34 55 1223 1222 1415 1416 1414
665 9 2 28 34 1223 55 56 1415 119 1417
666 9 2 28 34 56 1224 1223 1418 1419 1417
667 9 2 28 34 1224 56 57 1418 120 1420
668 9 2 28 34 57 1225 1224 1421 1422 1420
669 9 2 28 34 1225 57 58 1421 121 1423
670 9 2 28 34 58 1226 1225 1424 1425 1423
671 9 2 28 34 1226 58 59 1424 122 1426
672 9 2 28 34 59 1227 1226 1427 1428 1426
673 9 2 28 34 1227 59 60 1427 123 1429
674 9 2 28 34 60 1228 1227 1430 1431 1429
675 9 2 28 34 1228 60 61 1430 124 1432
676 9 2 28 34 61 1229 1228 1433 1434 1432
677 9 2 28 34 1229 61 62 1433 125 1435
678 9 2 28 34 62 1230 1229 1436 1437 1435
679 9 2 28 34 1230 62 63 1436 126 1438
680 9 2 28 34 63 1231 1230 1439 1440 1438
681 9 2 28 34 1231 63 64 1439 127 1441
682 9 2 28 34 64 1232 1231 1442 1443 1441
683 9 2 28 34 1232 64 65 1442 128 1444
684 9 2 28 34 65 1233 1232 1445 1446 1444
685 9 2 28 34 1233 65 66 1445 129 1447
686 9 2 28 34 66 1234 1233 1448 1449 1447
687 9 2 28 34 1234 66 67 1448 130 1450
688 9 2 28 34 67 1235 1234 1451 1452 1450
689 9 2 28 34 1235 67 68 1451 131 1453
690 9 2 28 34 68 1236 1235 1454 1455 1453
691 9 2 28 34 1236 68 69 1454 132 1456
692 9 2 28 34 69 1237 1236 1457 1458 1456
693 9 2 28 34 1237 69 70 1457 133 1459
694 9 2 28 34 70 1238 1237 1460 1461 1459
695 9 2 28 34 1238 70 71 1460 134 1462
696 9 2 28 34 71 1239 1238 1463 1464 1462
697 9 2 28 34 1239 71 72 1463 135 1465
698 9 2 28 34 72 1240 1239 1466 1467 1465
699 9 2 28 34 1240 72 73 1466 136 1468
700 9 2 28 34 73 1241 1240 1469 1470 1468
701 9 2 28 34 1241 73 74 1469 137 1471
702 9 2 28 34 74 1242 1241 1472 1473 1471
703 9 2 28 34 1242 74 75 1472 138 1474
704 9 2 28 34 75 1243 1242 1475 1476 1474
705 9 2 28 34 1243 75 76 1475 139 1477
706 9 2 28 34 76 1244 1243 1478 1479 1477
707 9 2 28 34 1244 76 77 1478 140 1480
708 9 2 28 34 77 1245 1244 1481 1482 1480
709 9 2 28 34 1245 77 78 1481 141 1483
710 9 2 28 34 78 1246 1245 1484 1485 1483
711 9 2 28 34 1246 78 79 1484 142 1486
712 9 2 28 34 79 1247 1246 1487 1488 1486
713 9 2 28 34 1247 79 80 1487 143 1489
714 9 2 28 34 80 1248 1247 1490 1491 1489
715 9 2 28 34 1248 80 81 1490 144 1492
716 9 2 28 34 81 1249 1248 1493 1494 1492
717 9 2 28 34 1249 81 82 1493 145 1495
718 9 2 28 34 82 1250 1249 1496 1497 1495
719 9 2 28 34 1250 82 83 1496 146 1498
720 9 2 28 34 83 1251 1250 1499 1500 1498
721 9 2 28 34 1251 83 84 1499 147 1501
722 9 2 28 34 84 1252 1251 1502 1503 1501
723 9 2 28 34 1252 84 85 1502 148 1504
724 9 2 28 34 85 804 1252 1505 1506 1504
725 9 2 28 34 804 85 2 1505 149 806
726 9 2 28 34 799 1253 800 1507 1508 802
727 9 2 28 34 1253 799 1190 1507 1317 1509
728 9 2 28 34 1190 1254 1253 1510 1511 1509
729 9 2 28 34 1254 1190 1191 1510 1320 1512
730 9 2 28 34 1191 1255 1254 1513 1514 1512
731 9 2 28 34 1255 1191 1192 1513 1323 1515
732 9 2 28 34 1192 1256 1255 1516 1517 1515
733 9 2 28 34 1256 1192 1193 1516 1326 1518
734 9 2 28 34 1193 1257 1256 1519 1520 1518
735 9 2 28 34 1257 1193 1194 1519 1329 1521
736 9 2 28 34 1194 1258 1257 1522 1523 1521
737 9 2 28 34 1258 1194 1195 1522 1332 1524
738 9 2 28 34 1195 1259 1258 1525 1526 1524
739 9 2 28 34 1259 1195 1196 1525 1335 1527
740 9 2 28 34 1196 1260 1259 1528 1529 1527
741 9 2 28 34 1260 1196 1197 1528 1338 1530
742 9 2 28 34 1197 1261 1260 1531 1532 1530
743 9 2 28 34 1261 1197 1198 1531 1341 1533
744 9 2 28 34 1198 1262 1261 1534 1535 1533
745 9 2 28 34 1262 1198 1199 1534 1344 1536
746 9 2 28 34 1199 1263 1262 1537 1538 1536
747 9 2 28 34 1263 1199 1200 1537 1347 1539
748 9 2 28 34 1200 1264 1263 1540 1541 1539
749 9 2 28 34 1264 1200 1201 1540 1350 1542
750 9 2 28 34 1201 1265 1264 1543 1544 1542
751 9 2 28 34 1265 1201 1202 1543 1353 1545
752 9 2 28 34 1202 1266 1265 1546 1547 1545
753 9 2 28 34 1266 1202 1203 1546 1356 1548
754 9 2 28 34 1203 1267 1266 1549 1550 1548
755 9 2 28 34 1267 1203 1204 1549 1359 1551
756 9 2 28 34 1204 1268 1267 1552 1553 1551
757 9 2 28 34 1268 1204 1205 1552 1362 1554
758 9 2 28 34 1205 1269 1268 1555 1556 1554
759 9 2 28 34 1269 1205 1206 1555 1365 1557
760 9 2 28 34 1206 1270 1269 1558 1559 1557
761 9 2 28 34 1270 1206 1207 1558 1368 1560
762 9 2 28 34 1207 1271 1270 1561 1562 1560
763 9 2 28 34 1271 1207 1208 1561 1371 1563
764 9 2 28 34 1208 1272 1271 1564 1565 1563
765 9 2 28 34 1272 1208 1209 1564 1374 1566
766 9 2 28 34 1209 1273 1272 1567 1568 1566
767 9 2 28 34 1273 1209 1210 1567 1377 1569
768 9 2 28 34 1210 1274 1273 1570 1571 1569
769 9 2 28 34 1274 1210 1211 1570 1380 1572
770 9 2 28 34 1211 1275 1274 1573 1574 1572
771 9 2 28 34 1275 1211 1212 1573 1383 1575
772 9 2 28 34 1212 1276 1275 1576 1577 1575
773 9 2 28 34 1276 1212 1213 1576 1386 1578
774 9 2 28 34 1213 1277 1276 1579 1580 1578
775 9 2 28 34 1277 1213 1214 1579 1389 1581
776 9 2 28 34 1214 1278 1277 1582 1583 1581
777 9 2 28 34 1278 1214 1215 1582 1392 1584
778 9 2 28 34 1215 1279 1278 1585 1586 1584
779 9 2 28 34 1279 1215 1216 1585 1395 1587
780 9 2 28 34 1216 1280 1279 1588 1589 1587
781 9 2 28 34 1280 1216 1217 1588 1398 1590
782 9 2 28 34 1217 1281 1280 1591 1592 1590
783 9 2 28 34 1281 1217 1218 1591 1401 1593
784 9 2 28 34 1218 1282 1281 1594 1595 1593
785 9 2 28 34 1282 1218 1219 1594 1404 1596
786 9 2 28 34 1219 1283 1282 1597 1598 1596
787 9 2 28 34 1283 1219 1220 1597 1407 1599
788 9 2 28 34 1220 1284 1283 1600 1601 1599
789 9 2 28 34 1284 1220 1221 1600 1410 1602
790 9 2 28 34 1221 1285 1284 1603 1604 1602
791 9 2 28 34 1285 1221 1222 1603 1413 1605
792 9 2 28 34 1222 1286 1285 1606 1607 1605
793 9 2 28 34 1286 1222 1223 1606 1416 1608
794 9 2 28 34 1223 1287 1286 1609 1610 1608
795 9 2 28 34 1287 1223 1224 1609 1419 1611
796 9 2 28 34 1224 1288 1287 1612 1613 1611
797 9 2 28 34 1288 1224 1225 1612 1422 1614
798 9 2 28 34 1225 1289 1288 1615 1616 1614
799 9 2 28 34 1289 1225 1226 1615 1425 1617
800 9 2 28 34 1226 1290 1289 1618 1619 1617
801 9 2 28 34 1290 1226 1227 1618 1428 1620
802 9 2 28 34 1227 1291 1290 1621 1622 1620
803 9 2 28 34 1291 1227 1228 1621 1431 1623
804 9 2 28 34 1228 1292 1291 1624 1625 1623
805 9 2 28 34 1292 1228 1229 1624 1434 1626
806 9 2 28 34 1229 1293 1292 1627 1628 1626
807 9 2 28 34 1293 1229 1230 1627 1437 1629
808 9 2 28 34 1230 1294 1293 1630 1631 1629
809 9 2 28 34 1294 1230 1231 1630 1440 1632
810 9 2 28 34 1231 1295 1294 1633 1634 1632
811 9 2 28 34 1295 1231 1232 1633 1443 1635
812 9 2 28 34 1232 1296 1295 1636 1637 1635
813 9 2 28 34 1296 1232 1233 1636 1446 1638
814 9 2 28 34 1233 1297 1296 1639 1640 1638
815 9 2 28 34 1297 1233 1234 1639 1449 1641
816 9 2 28 34 1234 1298 1297 1642 1643 1641
817 9 2 28 34 1298 1234 1235 1642 1452 1644
818 9 2 28 34 1235 1299 1298 1645 1646 1644
819 9 2 28 34 1299 1235 1236 1645 1455 1647
820 9 2 28 34 1236 1300 1299 1648 1649 1647
821 9 2 28 34 1300 1236 1237 1648 1458 1650
822 9 2 28 34 1237 1301 1300 1651 1652 1650
823 9 2 28 34 1301 1237 1238 1651 1461 1653
824 9 2 28 34 1238 1302 1301 1654 1655 1653
825 9 2 28 34 1302 1238 1239 1654 1464 1656
826 9 2 28 34 1239 1303 1302 1657 1658 1656
827 9 2 28 34 1303 1239 1240 1657 1467 1659
828 9 2 28 34 1240 1304 1303 1660 1661 1659
829 9 2 28 34 1304 1240 1241 1660 1470 1662
830 9 2 28 34 1241 1305 1304 1663 1664 1662
831 9 2 28 34 1305 1241 1242 1663 1473 1665
832 9 2 28 34 1242 1306 1305 1666 1667 1665
833 9 2 28 34 1306 1242 1243 1666 1476 1668
834 9 2 28 34 1243 1307 1306 1669 1670 1668
835 9 2 28 34 1307 1243 1244 1669 1479 1671
836 9 2 28 34 1244 1308 1307 1672 1673 1671
837 9 2 28 34 1308 1244 1245 1672 1482 1674
838 9 2 28 34 1245 1309 1308 1675 1676 1674
839 9 2 28 34 1309 1245 1246 1675 1485 1677
840 9 2 28 34 1246 1310 1309 1678 1679 1677
841 9 2 28 34 1310 1246 1247 1678 1488 1680
842 9 2 28 34 1247 1311 1310 1681 1682 1680
843 9 2 28 34 1311 1247 1248 1681 1491 1683
844 9 2 28 34 1248 1312 1311 1684 1685 1683
845 9 2 28 34 1312 1248 1249 1684 1494 1686
846 9 2 28 34 1249 1313 1312 1687 1688 1686
847 9 2 28 34 1313 1249 1250 1687 1497 1689
848 9 2 28 34 1250 1314 1313 1690 1691 1689
849 9 2 28 34 1314 1250 1251 1690 1500 1692
850 9 2 28 34 1251 1315 1314 1693 1694 1692
851 9 2 28 34 1315 1251 1252 1693 1503 1695
852 9 2 28 34 1252 805 1315 1696 1697 1695
853 9 2 28 34 805 1252 804 1696 1506 807
854 9 2 28 34 800 411 5 1698 474 803
855 9 2 28 34 411 800 1253 1698 1508 1699
856 9 2 28 34 1253 412 411 1700 475 1699
857 9 2 28 34 412 1253 1254 1700 1511 1701
858 9 2 28 34 1254 413 412 1702 476 1701
859 9 2 28 34 413 1254 1255 1702 1514 1703
860 9 2 28 34 1255 414 413 1704 477 1703
861 9 2 28 34 414 1255 1256 1704 1517 1705
862 9 2 28 34 1256 415 414 1706 478 1705
863 9 2 28 34 415 1256 1257 1706 1520 1707
864 9 2 28 34 1257 416 415 1708 479 1707
865 9 2 28 34 416 1257 1258 1708 1523 1709
866 9 2 28 34 1258 417 416 1710 480 1709
867 9 2 28 34 417 1258 1259 1710 1526 1711
868 9 2 28 34 1259 418 417 1712 481 1711
869 9 2 28 34 418 1259 1260 1712 1529 1713
870 9 2 28 34 1260 419 418 1714 482 1713
871 9 2 28 34 419 1260 1261 1714 1532 1715
872 9 2 28 34 1261 420 419 1716 483 1715
873 9 2 28 34 420 1261 1262 1716 1535 1717
874 9 2 28 34 1262 421 420 1718 484 1717
875 9 2 28 34 421 1262 1263 1718 1538 1719
876 9 2 28 34 1263 422 421 1720 485 1719
877 9 2 28 34 422 1263 1264 1720 1541 1721
878 9 2 28 34 1264 423 422 1722 486 1721
879 9 2 28 34 423 1264 1265 1722 1544 1723
880 9 2 28 34 1265 424 423 1724 487 1723
881 9 2 28 34 424 1265 1266 1724 1547 1725
882 9 2 28 34 1266 425 424 1726 488 1725
883 9 2 28 34 425 1266 1267 1726 1550 1727
884 9 2 28 34 1267 426 425 1728 489 1727
885 9 2 28 34 426 1267 1268 1728 1553 1729
886 9 2 28 34 1268 427 426 1730 490 1729
887 9 2 28 34 427 1268 1269 1730 1556 1731
888 9 2 28 34 1269 428 427 1732 491 1731
889 9 2 28 34 428 1269 1270 1732 1559 1733
890 9 2 28 34 1270 429 428 1734 492 1733
891 9 2 28 34 429 1270 1271 1734 1562 1735
892 9 2 28 34 1271 430 429 1736 493 1735
893 9 2 28 34 430 1271 1272 1736 1565 1737
894 9 2 28 34 1272 431 430 1738 494 1737
895 9 2 28 34 431 1272 1273 1738 1568 1739
896 9 2 28 34 1273 432 431 1740 495 1739
897 9 2 28 34 432 1273 1274 1740 1571 1741
898 9 2 28 34 1274 433 432 1742 496 1741
899 9 2 28 34 433 1274 1275 1742 1574 1743
900 9 2 28 34 1275 434 433 1744 497 1743
901 9 2 28 34 434 1275 1276 1744 1577 1745
902 9 2 28 34 1276 435 434 1746 498 1745
903 9 2 28 34 435 1276 1277 1746 1580 1747
904 9 2 28 34 1277 436 435 1748 499 1747
905 9 2 28 34 436 1277 1278 1748 1583 1749
906 9 2 28 34 1278 437 436 1750 500 1749
907 9 2 28 34 437 1278 1279 1750 1586 1751
908 9 2 28 34 1279 438 437 1752 501 1751
909 9 2 28 34 438 1279 1280 1752 1589 1753
910 9 2 28 34 1280 439 438 1754 502 1753
911 9 2 28 34 439 1280 1281 1754 1592 1755
912 9 2 28 34 1281 440 439 1756 503 1755
913 9 2 28 34 440 1281 1282 1756 1595 1757
914 9 2 28 34 1282 441 440 1758 504 1757
915 9 2 28 34 441 1282 1283 1758 1598 1759
916 9 2 28 34 1283 442 441 1760 505 1759
917 9 2 28 34 442 1283 1284 1760 1601 1761
918 9 2 28 34 1284 443 442 1762 506 1761
919 9 2 28 34 443 1284 1285 1762 1604 1763
920 9 2 28 34 1285 444 443 1764 507 1763
921 9 2 28 34 444 1285 1286 1764 1607 1765
922 9 2 28 34 1286 445 444 1766 508 1765
923 9 2 28 34 445 1286 1287 1766 1610 1767
924 9 2 28 34 1287 446 445 1768 509 1767
925 9 2 28 34 446 1287 1288 1768 1613 1769
926 9 2 28 34 1288 447 446 1770 510 1769
927 9 2 28 34 447 1288 1289 1770 1616 1771
928 9 2 28 34 1289 448 447 1772 511 1771
929 9 2 28 34 448 1289 1290 1772 1619 1773
930 9 2 28 34 1290 449 448 1774 512 1773
931 9 2 28 34 449 1290 1291 1774 1622 1775
932 9 2 28 34 1291 450 449 1776 513 1775
933 9 2 28 34 450 1291 1292 1776 1625 1777
934 9 2 28 34 1292 451 450 1778 514 1777
935 9 2 28 34 451 1292 1293 1778 1628 1779
936 9 2 28 34 1293 452 451 1780 515 1779
937 9 2 28 34 452 1293 1294 1780 1631 1781
938 9 2 28 34 1294 453 452 1782 516 1781
939 9 2 28 34 453 1294 1295 1782 1634 1783
940 9 2 28 34 1295 454 453 1784 517 1783
941 9 2 28 34 454 1295 1296 1784 1637 1785
942 9 2 28 34 1296 455 454 1786 518 1785
943 9 2 28 34 455 1296 1297 1786 1640 1787
944 9 2 28 34 1297 456 455 1788 519 1787
945 9 2 28 34 456 1297 1298 1788 1643 1789
946 9 2 28 34 1298 457 456 1790 520 1789
947 9 2 28 34 457 1298 1299 1790 1646 1791
948 9 2 28 34 1299 458 457 1792 521 1791
949 9 2 28 34 458 1299 1300 1792 1649 1793
950 9 2 28 34 1300 459 458 1794 522 1793
951 9 2 28 34 459 1300 1301 1794 1652 1795
952 9 2 28 34 1301 460 459 1796 523 1795
953 9 2 28 34 460 1301 1302 1796 1655 1797
954 9 2 28 34 1302 461 460 1798 524 1797
955 9 2 28 34 461 1302 1303 1798 1658 1799
956 9 2 28 34 1303 462 461 1800 525 1799
957 9 2 28 34 462 1303 1304 1800 1661 1801
958 9 2 28 34 1304 463 462 1802 526 1801
959 9 2 28 34 463 1304 1305 1802 1664 1803
960 9 2 28 34 1305 464 463 1804 527 1803
961 9 2 28 34 464 1305 1306 1804 1667 1805
962 9 2 28 34 1306 465 464 1806 528 1805
963 9 2 28 34 465 1306 1307 1806 1670 1807
964 9 2 28 34 1307 466 465 1808 529 1807
965 9 2 28 34 466 1307 1308 1808 1673 1809
966 9 2 28 34 1308 467 466 1810 530 1809
967 9 2 28 34 467 1308 1309 1810 1676 1811
968 9 2 28 34 1309 468 467 1812 531 1811
969 9 2 28 34 468 1309 1310 1812 1679 1813
970 9 2 28 34 1310 469 468 1814 532 1813
971 9 2 28 34 469 1310 1311 1814 1682 1815
972 9 2 28 34 1311 470 469 1816 533 1815
973 9 2 28 34 470 1311 1312 1816 1685 1817
974 9 2 28 34 1312 471 470 1818 534 1817
975 9 2 28 34 471 1312 1313 1818 1688 1819
976 9 2 28 34 1313 472 471 1820 535 1819
977 9 2 28 34 472 1313 1314 1820 1691 1821
978 9 2 28 34 1314 473 472 1822 536 1821
979 9 2 28 34 473 1314 1315 1822 1694 1823
980 9 2 28 34 1315 6 473 1824 537 1823
981 9 2 28 34 6 1315 805 1824 1697 808
982 9 2 29 35 2 1825 804 1891 1892 806
983 9 2 29 35 1825 2 150 1891 183 1893
984 9 2 29 35 150 1826 1825 1894 1895 1893
985 9 2 29 35 1826 150 151 1894 184 1896
986 9 2 29 35 151 1827 1826 1897 1898 1896
987 9 2 29 35 1827 151 152 1897 185 1899
988 9 2 29 35 152 1828 1827 1900 1901 1899
989 9 2 29 35 1828 152 153 1900 186 1902
990 9 2 29 35 153 1829 1828 1903 1904 1902
991 9 2 29 35 1829 153 154 1903 187 1905
992 9 2 29 35 154 1830 1829 1906 1907 1905
993 9 2 29 35 1830 154 155 1906 188 1908
994 9 2 29 35 155 1831 1830 1909 1910 1908
995 9 2 29 35 1831 155 156 1909 189 1911
996 9 2 29 35 156 1832 1831 1912 1913 1911
997 9 2 29 35 1832 156 157 1912 190 1914
998 9 2 29 35 157 1833 1832 1915 1916 1914
999 9 2 29 35 1833 157 158 1915 191 1917
1000 9 2 29 35 158 1834 1833 1918 1919 1917
1001 9 2 29 35 1834 158 159 1918 192 1920
1002 9 2 29 35 159 1835 1834 1921 1922 1920
1003 9 2 29 35 1835 159 160 1921 193 1923
1004 9 2 29 35 160 1836 1835 1924 1925 1923
1005 9 2 29 35 1836 160 161 1924 194 1926
1006 9 2 29 35 161 1837 1836 1927 1928 1926
1007 9 2 29 35 1837 161 162 1927 195 1929
1008 9 2 29 35 162 1838 1837 1930 1931 1929
1009 9 2 29 35 1838 162 163 1930 196 1932
1010 9 2 29 35 163 1839 1838 1933 1934 1932
1011 9 2 29 35 1839 163 164 1933 197 1935
1012 9 2 29 35 164 1840 1839 1936 1937 1935
1013 9 2 29 35 1840 164 165 1936 198 1938
1014 9 2 29 35 165 1841 1840 1939 1940 1938
1015 9 2 29 35 1841 165 166 1939 199 1941
1016 9 2 29 35 166 1842 1841 1942 1943 1941
1017 9 2 29 35 1842 166 167 1942 200 1944
1018 9 2 29 35 167 1843 1842 1945 1946 1944
1019 9 2 29 35 1843 167 168 1945 201 1947
1020 9 2 29 35 168 1844 1843 1948 1949 1947
1021 9 2 29 35 1844 168 169 1948 202 1950
1022 9 2 29 35 169 1845 1844 1951 1952 1950
1023 9 2 29 35 1845 169 170 1951 203 1953
1024 9 2 29 35 170 1846 1845 1954 1955 1953
1025 9 2 29 35 1846 170 171 1954 204 1956
1026 9 2 29 35 171 1847 1846 1957 1958 1956
1027 9 2 29 35 1847 171 172 1957 205 1959
1028 9 2 29 35 172 1848 1847 1960 1961 1959
1029 9 2 29 35 1848 172 173 1960 206 1962
1030 9 2 29 35 173 1849 1848 1963 1964 1962
1031 9 2 29 35 1849 173 174 1963 207 1965
1032 9 2 29 35 174 1850 1849 1966 1967 1965
1033 9 2 29 35 1850 174 175 1966 208 1968
1034 9 2 29 35 175 1851 1850 1969 1970 1968
1035 9 2 29 35 1851 175 176 1969 209 1971
1036 9 2 29 35 176 1852 1851 1972 1973 1971
1037 9 2 29 35 1852 176 177 1972 210 1974
1038 9 2 29 35 177 1853 1852 1975 1976 1974
1039 9 2 29 35 1853 177 178 1975 211 1977
1040 9 2 29 35 178 1854 1853 1978 1979 1977
1041 9 2 29 35 1854 178 179 1978 212 1980
1042 9 2 29 35 179 1855 1854 1981 1982 1980
1043 9 2 29 35 1855 179 180 1981 213 1983
1044 9 2 29 35 180 1856 1855 1984 1985 1983
1045 9 2 29 35 1856 180 181 1984 214 1986
1046 9 2 29 35 181 1857 1856 1987 1988 1986
1047 9 2 29 35 1857 181 182 1987 215 1989
1048 9 2 29 35 182 809 1857 1990 1991 1989
1049 9 2 29 35 809 182 3 1990 216 811
1050 9 2 29 35 804 1858 805 1992 1993 807
1051 9 2 29 35 1858 804 1825 1992 1892 1994
1052 9 2 29 35 1825 1859 1858 1995 1996 1994
1053 9 2 29 35 1859 1825 1826 1995 1895 1997
1054 9 2 29 35 1826 1860 1859 1998 1999 1997
1055 9 2 29 35 1860 1826 1827 1998 1898 2000
1056 9 2 29 35 1827 1861 1860 2001 2002 2000
1057 9 2 29 35 1861 1827 1828 2001 1901 2003
1058 9 2 29 35 1828 1862 1861 2004 2005 2003
1059 9 2 29 35 1862 1828 1829 2004 1904 2006
1060 9 2 29 35 1829 1863 1862 2007 2008 2006
1061 9 2 29 35 1863 1829 1830 2007 1907 2009
1062 9 2 29 35 1830 1864 1863 2010 2011 2009
1063 9 2 29 35 1864 1830 1831 2010 1910 2012
1064 9 2 29 35 1831 1865 1864 2013 2014 2012
1065 9 2 29 35 1865 1831 1832 2013 1913 2015
1066 9 2 29 35 1832 1866 1865 2016 2017 2015
1067 9 2 29 35 1866 1832 1833 2016 1916 2018
1068 9 2 29 35 1833 1867 1866 2019 2020 2018
1069 9 2 29 35 1867 1833 1834 2019 1919 2021
1070 9 2 29 35 1834 1868 1867 2022 2023 2021
1071 9 2 29 35 1868 1834 1835 2022 1922 2024
1072 9 2 29 35 1835 1869 1868 2025 2026 2024
1073 9 2 29 35 1869 1835 1836 2025 1925 2027
1074 9 2 29 35 1836 1870 1869 2028 2029 2027
1075 9 2 29 35 1870 1836 1837 2028 1928 2030
1076 9 2 29 35 1837 1871 1870 2031 2032 2030
1077 9 2 29 35 1871 1837 1838 2031 1931 2033
1078 9 2 29 35 1838 1872 1871 2034 2035 2033
1079 9 2 29 35 1872 1838 1839 2034 1934 2036
1080 9 2 29 35 1839 1873 1872 2037 2038 2036
1081 9 2 29 35 1873 1839 1840 2037 1937 2039
1082 9 2 29 35 1840 1874 1873 2040 2041 2039
1083 9 2 29 35 1874 1840 1841 2040 1940 2042
1084 9 2 29 35 1841 1875 1874 2043 2044 2042
1085 9 2 29 35 1875 1841 1842 2043 1943 2045
1086 9 2 29 35 1842 1876 1875 2046 2047 2045
1087 9 2 29 35 1876 1842 1843 2046 1946 2048
1088 9 2 29 35 1843 1877 1876 2049 2050 2048
1089 9 2 29 35 1877 1843 1844 2049 1949 2051
1090 9 2 29 35 1844 1878 1877 2052 2053 2051
1091 9 2 29 35 1878 1844 1845 2052 1952 2054
1092 9 2 29 35 1845 1879 1878 2055 2056 2054
1093 9 2 29 35 1879 1845 1846 2055 1955 2057
1094 9 2 29 35 1846 1880 1879 2058 2059 2057
1095 9 2 29 35 1880 1846 1847 2058 1958 2060
1096 9 2 29 35 1847 1881 1880 2061 2062 2060
1097 9 2 29 35 1881 1847 1848 2061 1961 2063
1098 9 2 29 35 1848 1882 1881 2064 2065 2063
1099 9 2 29 35 1882 1848 1849 2064 1964 2066
1100 9 2 29 35 1849 1883 1882 2067 2068 2066
1101 9 2 29 35 1883 1849 1850 2067 1967 2069
1102 9 2 29 35 1850 1884 1883 2070 2071 2069
1103 9 2 29 35 1884 1850 1851 2070 1970 2072
1104 9 2 29 35 1851 1885 1884 2073 2074 2072
1105 9 2 29 35 1885 1851 1852 2073 1973 2075
1106 9 2 29 35 1852 1886 1885 2076 2077 2075
1107 9 2 29 35 1886 1852 1853 2076 1976 2078
1108 9 2 29 35 1853 1887 1886 2079 2080 2078
1109 9 2 29 35 1887 1853 1854 2079 1979 2081
1110 9 2 29 35 1854 1888 1887 2082 2083 2081
1111 9 2 29 35 1888 1854 1855 2082 1982 2084
1112 9 2 29 35 1855 1889 1888 2085 2086 2084
1113 9 2 29 35 1889 1855 1856 2085 1985 2087
1114 9 2 29 35 1856 1890 1889 2088 2089 2087
1115 9 2 29 35 1890 1856 1857 2088 1988 2090
1116 9 2 29 35 1857 810 1890 2091 2092 2090
1117 9 2 29 35 810 1857 809 2091 1991 812
1118 9 2 29 35 805 538 6 2093 571 808
1119 9 2 29 35 538 805 1858 2093 1993 2094
1120 9 2 29 35 1858 539 538 2095 572 2094
1121 9 2 29 35 539 1858 1859 2095 1996 2096
1122 9 2 29 35 1859 540 539 2097 573 2096
1123 9 2 29 35 540 1859 1860 2097 1999 2098
1124 9 2 29 35 1860 541 540 2099 574 2098
1125 9 2 29 35 541 1860 1861 2099 2002 2100
1126 9 2 29 35 1861 542 541 2101 575 2100
1127 9 2 29 35 542 1861 1862 2101 2005 2102
1128 9 2 29 35 1862 543 542 2103 576 2102
1129 9 2 29 35 543 1862 1863 2103 2008 2104
1130 9 2 29 35 1863 544 543 2105 577 2104
1131 9 2 29 35 544 1863 1864 2105 2011 2106
1132 9 2 29 35 1864 545 544 2107 578 2106
1133 9 2 29 35 545 1864 1865 2107 2014 2108
1134 9 2 29 35 1865 546 545 2109 579 2108
1135 9 2 29 35 546 1865 1866 2109 2017 2110
1136 9 2 29 35 1866 547 546 2111 580 2110
1137 9 2 29 35 547 1866 1867 2111 2020 2112
1138 9 2 29 35 1867 548 547 2113 581 2112
1139 9 2 29 35 548 1867 1868 2113 2023 2114
1140 9 2 29 35 1868 549 548 2115 582 2114
1141 9 2 29 35 549 1868 1869 2115 2026 2116
1142 9 2 29 35 1869 550 549 2117 583 2116
1143 9 2 29 35 550 1869 1870 2117 2029 2118
1144 9 2 29 35 1870 551 550 2119 584 2118
1145 9 2 29 35 551 1870 1871 2119 2032 2120
1146 9 2 29 35 1871 552 551 2121 585 2120
1147 9 2 29 35 552 1871 1872 2121 2035 2122
1148 9 2 29 35 1872 553 552 2123 586 2122
1149 9 2 29 35 553 1872 1873 2123 2038 2124
1150 9 2 29 35 1873 554 553 2125 587 2124
1151 9 2 29 35 554 1873 1874 2125 2041 2126
1152 9 2 29 35 1874 555 554 2127 588 2126
1153 9 2 29 35 555 1874 1875 2127 2044 2128
1154 9 2 29 35 1875 556 555 2129 589 2128
1155 9 2 29 35 556 1875 1876 2129 2047 2130
1156 9 2 29 35 1876 557 556 2131 590 2130
1157 9 2 29 35 557 1876 1877 2131 2050 2132
1158 9 2 29 35 1877 558 557 2133 591 2132
1159 9 2 29 35 558 1877 1878 2133 2053 2134
1160 9 2 29 35 1878 559 558 2135 592 2134
1161 9 2 29 35 559 1878 1879 2135 2056 2136
1162 9 2 29 35 1879 560 559 2137 593 2136
1163 9 2 29 35 560 1879 1880 2137 2059 2138
1164 9 2 29 35 1880 561 560 2139 594 2138
1165 9 2 29 35 561 1880 1881 2139 2062 2140
1166 9 2 29 35 1881 562 561 2141 595 2140
1167 9 2 29 35 562 1881 1882 2141 2065 2142
1168 9 2 29 35 1882 563 562 2143 596 2142
1169 9 2 29 35 563 1882 1883 2143 2068 2144
1170 9 2 29 35 1883 564 563 2145 597 2144
1171 9 2 29 35 564 1883 1884 2145 2071 2146
1172 9 2 29 35 1884 565 564 2147 598 2146
1173 9 2 29 35 565 1884 1885 2147 2074 2148
1174 9 2 29 35 1885 566 565 2149 599 2148
1175 9 2 29 35 566 1885 1886 2149 2077 2150
1176 9 2 29 35 1886 567 566 2151 600 2150
1177 9 2 29 35 567 1886 1887 2151 2080 2152
1178 9 2 29 35 1887 568 567 2153 601 2152
1179 9 2 29 35 568 1887 1888 2153 2083 2154
1180 9 2 29 35 1888 569 568 2155 602 2154
1181 9 2 29 35 569 1888 1889 2155 2086 2156
1182 9 2 29 35 1889 570 569 2157 603 2156
1183 9 2 29 35 570 1889 1890 2157 2089 2158
1184 9 2 29 35 1890 7 570 2159 604 2158
1185 9 2 29 35 7 1890 810 2159 2092 813
1186 9 2 30 36 3 2160 809 2226 2227 811
1187 9 2 30 36 2160 3 217 2226 250 2228
1188 9 2 30 36 217 2161 2160 2229 2230 2228
1189 9 2 30 36 2161 217 218 2229 251 2231
1190 9 2 30 36 218 2162 2161 2232 2233 2231
1191 9 2 30 36 2162 218 219 2232 252 2234
1192 9 2 30 36 219 2163 2162 2235 2236 2234
1193 9 2 30 36 2163 219 220 2235 253 2237
1194 9 2 30 36 220 2164 2163 2238 2239 2237
1195 9 2 30 36 2164 220 221 2238 254 2240
1196 9 2 30 36 221 2165 2164 2241 2242 2240
1197 9 2 30 36 2165 221 222 2241 255 2243
1198 9 2 30 36 222 2166 2165 2244 2245 2243
1199 9 2 30 36 2166 222 223 2244 256 2246
1200 9 2 30 36 223 2167 2166 2247 2248 2246
1201 9 2 30 36 2167 223 224 2247 257 2249
1202 9 2 30 36 224 2168 2167 2250 2251 2249
1203 9 2 30 36 2168 224 225 2250 258 2252
1204 9 2 30 36 225 2169 2168 2253 2254 2252
1205 9 2 30 36 2169 225 226 2253 259 2255
1206 9 2 30 36 226 2170 2169 2256 2257 2255
1207 9 2 30 36 2170 226 227 2256 260 2258
1208 9 2 30 36 227 2171 2170 2259 2260 2258
1209 9 2 30 36 2171 227 228 2259 261 2261
1210 9 2 30 36 228 2172 2171 2262 2263 2261
1211 9 2 30 36 2172 228 229 2262 262 2264
1212 9 2 30 36 229 2173 2172 2265 2266 2264
1213 9 2 30 36 2173 229 230 2265 263 2267
1214 9 2 30 36 230 2174 2173 2268 2269 2267
1215 9 2 30 36 2174 230 231 2268 264 2270
1216 9 2 30 36 231 2175 2174 2271 2272 2270
1217 9 2 30 36 2175 231 232 2271 265 2273
1218 9 2 30 36 232 2176 2175 2274 2275 2273
1219 9 2 30 36 2176 232 233 2274 266 2276
1220 9 2 30 36 233 2177 2176 2277 2278 2276
1221 9 2 30 36 2177 233 234 2277 267 2279
1222 9 2 30 36 234 2178 2177 2280 2281 2279
1223 9 2 30 36 2178 234 235 2280 268 2282
1224 9 2 30 36 235 2179 2178 2283 2284 2282
1225 9 2 30 36 2179 235 236 2283 269 2285
1226 9 2 30 36 236 2180 2179 2286 2287 2285
1227 9 2 30 36 2180 236 237 2286 270 2288
1228 9 2 30 36 237 2181 2180 2289 2290 2288
1229 9 2 30 36 2181 237 238 2289 271 2291
1230 9 2 30 36 238 2182 2181 2292 2293 2291
1231 9 2 30 36 2182 238 239 2292 272 2294
1232 9 2 30 36 239 2183 2182 2295 2296 2294
1233 9 2 30 36 2183 239 240 2295 273 2297
1234 9 2 30 36 240 2184 2183 2298 2299 2297
1235 9 2 30 36 2184 240 241 2298 274 2300
1236 9 2 30 36 241 2185 2184 2301 2302 2300
1237 9 2 30 36 2185 241 242 2301 275 2303
1238 9 2 30 36 242 2186 2185 2304 2305 2303
1239 9 2 30 36 2186 242 243 2304 276 2306
1240 9 2 30 36 243 2187 2186 2307 2308 2306
1241 9 2 30 36 2187 243 244 2307 277 2309
1242 9 2 30 36 244 2188 2187 2310 2311 2309
1243 9 2 30 36 2188 244 245 2310 278 2312
1244 9 2 30 36 245 2189 2188 2313 2314 2312
1245 9 2 30 36 2189 245 246 2313 279 2315
1246 9 2 30 36 246 2190 2189 2316 2317 2315
1247 9 2 30 36 2190 246 247 2316 280 2318
1248 9 2 30 36 247 2191 2190 2319 2320 2318
1249 9 2 30 36 2191 247 248 2319 281 2321
1250 9 2 30 36 248 2192 2191 2322 2323 2321
1251 9 2 30 36 2192 248 249 2322 282 2324
1252 9 2 30 36 249 814 2192 2325 2326 2324
1253 9 2 30 36 814 249 4 2325 283 816
1254 9 2 30 36 809 2193 810 2327 2328 812
1255 9 2 30 36 2193 809 2160 2327 2227 2329
1256 9 2 30 36 2160 2194 2193 2330 2331 2329
1257 9 2 30 36 2194 2160 2161 2330 2230 2332
1258 9 2 30 36 2161 2195 2194 2333 2334 2332
1259 9 2 30 36 2195 2161 2162 2333 2233 2335
1260 9 2 30 36 2162 2196 2195 2336 2337 2335
1261 9 2 30 36 2196 2162 2163 2336 2236 2338
1262 9 2 30 36 2163 2197 2196 2339 2340 2338
1263 9 2 30 36 2197 2163 2164 2339 2239 2341
1264 9 2 30 36 2164 2198 2197 2342 2343 2341
1265 9 2 30 36 2198 2164 2165 2342 2242 2344
1266 9 2 30 36 2165 2199 2198 2345 2346 2344
1267 9 2 30 36 2199 2165 2166 2345 2245 2347
1268 9 2 30 36 2166 2200 2199 2348 2349 2347
1269 9 2 30 36 2200 2166 2167 2348 2248 2350
1270 9 2 30 36 2167 2201 2200 2351 2352 2350
1271 9 2 30 36 2201 2167 2168 2351 2251 2353
1272 9 2 30 36 2168 2202 2201 2354 2355 2353
1273 9 2 30 36 2202 2168 2169 2354 2254 2356
1274 9 2 30 36 2169 2203 2202 2357 2358 2356
1275 9 2 30 36 2203 2169 2170 2357 2257 2359
1276 9 2 30 36 2170 2204 2203 2360 2361 2359
1277 9 2 30 36 2204 2170 2171 2360 2260 2362
1278 9 2 30 36 2171 2205 2204 2363 2364 2362
1279 9 2 30 36 2205 2171 2172 2363 2263 2365
1280 9 2 30 36 2172 2206 2205 2366 2367 2365
1281 9 2 30 36 2206 2172 2173 2366 2266 2368
1282 9 2 30 36 2173 2207 2206 2369 2370 2368
1283 9 2 30 36 2207 2173 2174 2369 2269 2371
1284 9 2 30 36 2174 2208 2207 2372 2373 2371
1285 9 2 30 36 2208 2174 2175 2372 2272 2374
1286 9 2 30 36 2175 2209 2208 2375 2376 2374
1287 9 2 30 36 2209 2175 2176 2375 2275 2377
1288 9 2 30 36 2176 2210 2209 2378 2379 2377
1289 9 2 30 36 2210 2176 2177 2378 2278 2380
1290 9 2 30 36 2177 2211 2210 2381 2382 2380
1291 9 2 30 36 2211 2177 2178 2381 2281 2383
1292 9 2 30 36 2178 2212 2211 2384 2385 2383
1293 9 2 30 36 2212 2178 2179 2384 2284 2386
1294 9 2 30 36 2179 2213 2212 2387 2388 2386
1295 9 2 30 36 2213 2179 2180 2387 2287 2389
1296 9 2 30 36 2180 2214 2213 2390 2391 2389
1297 9 2 30 36 2214 2180 2181 2390 2290 2392
1298 9 2 30 36 2181 2215 2214 2393 2394 2392
1299 9 2 30 36 2215 2181 2182 2393 2293 2395
1300 9 2 30 36 2182 2216 2215 2396 2397 2395
1301 9 2 30 36 2216 2182 2183 2396 2296 2398
1302 9 2 30 36 2183 2217 2216 2399 2400 2398
1303 9 2 30 36 2217 2183 2184 2399 2299 2401
1304 9 2 30 36 2184 2218 2217 2402 2403 2401
1305 9 2 30 36 2218 2184 2185 2402 2302 2404
1306 9 2 30 36 2185 2219 2218 2405 2406 2404
1307 9 2 30 36 2219 2185 2186 2405 2305 2407
1308 9 2 30 36 2186 2220 2219 2408 2409 2407
1309 9 2 30 36 2220 2186 2187 2408 2308 2410
1310 9 2 30 36 2187 2221 2220 2411 2412 2410
1311 9 2 30 36 2221 2187 2188 2411 2311 2413
1312 9 2 30 36 2188 2222 2221 2414 2415 2413
1313 9 2 30 36 2222 2188 2189 2414 2314 2416
1314 9 2 30 36 2189 2223 2222 2417 2418 2416
1315 9 2 30 36 2223 2189 2190 2417 2317 2419
1316 9 2 30 36 2190 2224 2223 2420 2421 2419
1317 9 2 30 36 2224 2190 2191 2420 2320 2422
1318 9 2 30 36 2191 2225 2224 2423 2424 2422
1319 9 2 30 36 2225 2191 2192 2423 2323 2425
1320 9 2 30 36 2192 815 2225 2426 2427 2425
1321 9 2 30 36 815 2192 814 2426 2326 817
1322 9 2 30 36 810 605 7 2428 638 813
1323 9 2 30 36 605 810 2193 2428 2328 2429
1324 9 2 30 36 2193 606 605 2430 639 2429
1325 9 2 30 36 606 2193 2194 2430 2331 2431
1326 9 2 30 36 2194 607 606 2432 640 2431
1327 9 2 30 36 607 2194 2195 2432 2334 2433
1328 9 2 30 36 2195 608 607 2434 641 2433
1329 9 2 30 36 608 2195 2196 2434 2337 2435
1330 9 2 30 36 2196 609 608 2436 642 2435
1331 9 2 30 36 609 2196 2197 2436 2340 2437
1332 9 2 30 36 2197 610 609 2438 643 2437
1333 9 2 30 36 610 2197 2198 2438 2343 2439
1334 9 2 30 36 2198 611 610 2440 644 2439
1335 9 2 30 36 611 2198 2199 2440 2346 2441
1336 9 2 30 36 2199 612 611 2442 645 2441
1337 9 2 30 36 612 2199 2200 2442 2349 2443
1338 9 2 30 36 2200 613 612 2444 646 2443
1339 9 2 30 36 613 2200 2201 2444 2352 2445
1340 9 2 30 36 2201 614 613 2446 647 2445
1341 9 2 30 36 614 2201 2202 2446 2355 2447
1342 9 2 30 36 2202 615 614 2448 648 2447
1343 9 2 30 36 615 2202 2203 2448 2358 2449
1344 9 2 30 36 2203 616 615 2450 649 2449
1345 9 2 30 36 616 2203 2204 2450 2361 2451
1346 9 2 30 36 2204 617 616 2452 650 2451
1347 9 2 30 36 617 2204 2205 2452 2364 2453
1348 9 2 30 36 2205 618 617 2454 651 2453
1349 9 2 30 36 618 2205 2206 2454 2367 2455
1350 9 2 30 36 2206 619 618 2456 652 2455
1351 9 2 30 36 619 2206 2207 2456 2370 2457
1352 9 2 30 36 2207 620 619 2458 653 2457
1353 9 2 30 36 620 2207 2208 2458 2373 2459
1354 9 2 30 36 2208 621 620 2460 654 2459
1355 9 2 30 36 621 2208 2209 2460 2376 2461
1356 9 2 30 36 2209 622 621 2462 655 2461
1357 9 2 30 36 622 2209 2210 2462 2379 2463
1358 9 2 30 36 2210 623 622 2464 656 2463
1359 9 2 30 36 623 2210 2211 2464 2382 2465
1360 9 2 30 36 2211 624 623 2466 657 2465
1361 9 2 30 36 624 2211 2212 2466 2385 2467
1362 9 2 30 36 2212 625 624 2468 658 2467
1363 9 2 30 36 625 2212 2213 2468 2388 2469
1364 9 2 30 36 2213 626 625 2470 659 2469
1365 9 2 30 36 626 2213 2214 2470 2391 2471
1366 9 2 30 36 2214 627 626 2472 660 2471
1367 9 2 30 36 627 2214 2215 2472 2394 2473
1368 9 2 30 36 2215 628 627 2474 661 2473
1369 9 2 30 36 628 2215 2216 2474 2397 2475
1370 9 2 30 36 2216 629 628 2476 662 2475
1371 9 2 30 36 629 2216 2217 2476 2400 2477
1372 9 2 30 36 2217 630 629 2478 663 2477
1373 9 2 30 36 630 2217 2218 2478 2403 2479
1374 9 2 30 36 2218 631 630 2480 664 2479
1375 9 2 30 36 631 2218 2219 2480 2406 2481
1376 9 2 30 36 2219 632 631 2482 665 2481
1377 9 2 30 36 632 2219 2220 2482 2409 2483
1378 9 2 30 36 2220 633 632 2484 666 2483
1379 9 2 30 36 633 2220 2221 2484 2412 2485
1380 9 2 30 36 2221 634 633 2486 667 2485
1381 9 2 30 36 634 2221 2222 2486 2415 2487
1382 9 2 30 36 2222 635 634 2488 668 2487
1383 9 2 30 36 635 2222 2223 2488 2418 2489
1384 9 2 30 36 2223 636 635 2490 669 2489
1385 9 2 30 36 636 2223 2224 2490 2421 2491
1386 9 2 30 36 2224 637 636 2492 670 2491
1387 9 2 30 36 637 2224 2225 2492 2424 2493
1388 9 2 30 36 2225 8 637 2494 671 2493
1389 9 2 30 36 8 2225 815 2494 2427 818
1390 9 2 31 37 4 2495 814 2621 2622 816
1391 9 2 31 37 2495 4 284 2621 347 2623
1392 9 2 31 37 284 2496 2495 2624 2625 2623
1393 9 2 31 37 2496 284 285 2624 348 2626
1394 9 2 31 37 285 2497 2496 2627 2628 2626
1395 9 2 31 37 2497 285 286 2627 349 2629
1396 9 2 31 37 286 2498 2497 2630 2631 2629
1397 9 2 31 37 2498 286 287 2630 350 2632
1398 9 2 31 37 287 2499 2498 2633 2634 2632
1399 9 2 31 37 2499 287 288 2633 351 2635
1400 9 2 31 37 288 2500 2499 2636 2637 2635
1401 9 2 31 37 2500 288 289 2636 352 2638
1402 9 2 31 37 289 2501 2500 2639 2640 2638
1403 9 2 31 37 2501 289 290 2639 353 2641
1404 9 2 31 37 290 2502 2501 2642 2643 2641
1405 9 2 31 37 2502 290 291 2642 354 2644
1406 9 2 31 37 291 2503 2502 2645 2646 2644
1407 9 2 31 37 2503 291 292 2645 355 2647
1408 9 2 31 37 292 2504 2503 2648 2649 2647
1409 9 2 31 37 2504 292 293 2648 356 2650
1410 9 2 31 37 293 2505 2504 2651 2652 2650
1411 9 2 31 37 2505 293 294 2651 357 2653
1412 9 2 31 37 294 2506 2505 2654 2655 2653
1413 9 2 31 37 2506 294 295 2654 358 2656
1414 9 2 31 37 295 2507 2506 2657 2658 2656
1415 9 2 31 37 2507 295 296 2657 359 2659
1416 9 2 31 37 296 2508 2507 2660 2661 2659
1417 9 2 31 37 2508 296 297 2660 360 2662
1418 9 2 31 37 297 2509 2508 2663 2664 2662
1419 9 2 31 37 2509 297 298 2663 361 2665
1420 9 2 31 37 298 2510 2509 2666 2667 2665
1421 9 2 31 37 2510 298 299 2666 362 2668
1422 9 2 31 37 299 2511 2510 2669 2670 2668
1423 9 2 31 37 2511 299 300 2669 363 2671
1424 9 2 31 37 300 2512 2511 2672 2673 2671
1425 9 2 31 37 2512 300 301 2672 364 2674
1426 9 2 31 37 301 2513 2512 2675 2676 2674
1427 9 2 31 37 2513 301 302 2675 365 2677
1428 9 2 31 37 302 2514 2513 2678 2679 2677
1429 9 2 31 37 2514 302 303 2678 366 2680
1430 9 2 31 37 303 2515 2514 2681 2682 2680
1431 9 2 31 37 2515 303 304 2681 367 2683
1432 9 2 31 37 304 2516 2515 2684 2685 2683
1433 9 2 31 37 2516 304 305 2684 368 2686
1434 9 2 31 37 305 2517 2516 2687 2688 2686
1435 9 2 31 37 2517 305 306 2687 369 2689
1436 9 2 31 37 306 2518 2517 2690 2691 2689
1437 9 2 31 37 2518 306 307 2690 370 2692
1438 9 2 31 37 307 2519 2518 2693 2694 2692
1439 9 2 31 37 2519 307 308 2693 371 2695
1440 9 2 31 37 308 2520 2519 2696 2697 2695
1441 9 2 31 37 2520 308 309 2696 372 2698
1442 9 2 31 37 309 2521 2520 2699 2700 2698
1443 9 2 31 37 2521 309 310 2699 373 2701
1444 9 2 31 37 310 2522 2521 2702 2703 2701
1445 9 2 31 37 2522 310 311 2702 374 2704
1446 9 2 31 37 311 2523 2522 2705 2706 2704
1447 9 2 31 37 2523 311 312 2705 375 2707
1448 9 2 31 37 312 2524 2523 2708 2709 2707
1449 9 2 31 37 2524 312 313 2708 376 2710
1450 9 2 31 37 313 2525 2524 2711 2712 2710
1451 9 2 31 37 2525 313 314 2711 377 2713
1452 9 2 31 37 314 2526 2525 2714 2715 2713
1453 9 2 31 37 2526 314 315 2714 378 2716
1454 9 2 31 37 315 2527 2526 2717 2718 2716
1455 9 2 31 37 2527 315 316 2717 379 2719
1456 9 2 31 37 316 2528 2527 2720 2721 2719
1457 9 2 31 37 2528 316 317 2720 380 2722
1458 9 2 31 37 317 2529 2528 2723 2724 2722
1459 9 2 31 37 2529 317 318 2723 381 2725
1460 9 2 31 37 318 2530 2529 2726 2727 2725
1461 9 2 31 37 2530 318 319 2726 382 2728
1462 9 2 31 37 319 2531 2530 2729 2730 2728
1463 9 2 31 37 2531 319 320 2729 383 2731
1464 9 2 31 37 320 2532 2531 2732 2733 2731
1465 9 2 31 37 2532 320 321 2732 384 2734
1466 9 2 31 37 321 2533 2532 2735 2736 2734
1467 9 2 31 37 2533 321 322 2735 385 2737
1468 9 2 31 37 322 2534 2533 2738 2739 2737
1469 9 2 31 37 2534 322 323 2738 386 2740
1470 9 2 31 37 323 2535 2534 2741 2742 2740
1471 9 2 31 37 2535 323 324 2741 387 2743
1472 9 2 31 37 324 2536 2535 2744 2745 2743
1473 9 2 31 37 2536 324 325 2744 388 2746
1474 9 2 31 37 325 2537 2536 2747 2748 2746
1475 9 2 31 37 2537 325 326 2747 389 2749
1476 9 2 31 37 326 2538 2537 2750 2751 2749
1477 9 2 31 37 2538 326 327 2750 390 2752
1478 9 2 31 37 327 2539 2538 2753 2754 2752
1479 9 2 31 37 2539 327 328 2753 391 2755
1480 9 2 31 37 328 2540 2539 2756 2757 2755
1481 9 2 31 37 2540 328 329 2756 392 2758
1482 9 2 31 37 329 2541 2540 2759 2760 2758
1483 9 2 31 37 2541 329 330 2759 393 2761
1484 9 2 31 37 330 2542 2541 2762 2763 2761
1485 9 2 31 37 2542 330 331 2762 394 2764
1486 9 2 31 37 331 2543 2542 2765 2766 2764
1487 9 2 31 37 2543 331 332 2765 395 2767
1488 9 2 31 37 332 2544 2543 2768 2769 2767
1489 9 2 31 37 2544 332 333 2768 396 2770
1490 9 2 31 37 333 2545 2544 2771 2772 2770
1491 9 2 31 37 2545 333 334 2771 397 2773
1492 9 2 31 37 334 2546 2545 2774 2775 2773
1493 9 2 31 37 2546 334 335 2774 398 2776
1494 9 2 31 37 335 2547 2546 2777 2778 2776
1495 9 2 31 37 2547 335 336 2777 399 2779
1496 9 2 31 37 336 2548 2547 2780 2781 2779
1497 9 2 31 37 2548 336 337 2780 400 2782
1498 9 2 31 37 337 2549 2548 2783 2784 2782
1499 9 2 31 37 2549 337 338 2783 401 2785
1500 9 2 31 37 338 2550 2549 2786 2787 2785
1501 9 2 31 37 2550 338 339 2786 402 2788
1502 9 2 31 37 339 2551 2550 2789 2790 2788
1503 9 2 31 37 2551 339 340 2789 403 2791
1504 9 2 31 37 340 2552 2551 2792 2793 2791
1505 9 2 31 37 2552 340 341 2792 404 2794
1506 9 2 31 37 341 2553 2552 2795 2796 2794
1507 9 2 31 37 2553 341 342 2795 405 2797
1508 9 2 31 37 342 2554 2553 2798 2799 2797
1509 9 2 31 37 2554 342 343 2798 406 2800
1510 9 2 31 37 343 2555 2554 2801 2802 2800
1511 9 2 31 37 2555 343 344 2801 407 2803
1512 9 2 31 37 344 2556 2555 2804 2805 2803
1513 9 2 31 37 2556 344 345 2804 408 2806
1514 9 2 31 37 345 2557 2556 2807 2808 2806
1515 9 2 31 37 2557 345 346 2807 409 2809
1516 9 2 31 37 346 819 2557 2810 2811 2809
1517 9 2 31 37 819 346 1 2810 410 821
1518 9 2 31 37 814 2558 815 2812 2813 817
1519 9 2 31 37 2558 814 2495 2812 2622 2814
1520 9 2 31 37 2495 2559 2558 2815 2816 2814
1521 9 2 31 37 2559 2495 2496 2815 2625 2817
1522 9 2 31 37 2496 2560 2559 2818 2819 2817
1523 9 2 31 37 2560 2496 2497 2818 2628 2820
1524 9 2 31 37 2497 2561 2560 2821 2822 2820
1525 9 2 31 37 2561 2497 2498 2821 2631 2823
1526 9 2 31 37 2498 2562 2561 2824 2825 2823
1527 9 2 31 37 2562 2498 2499 2824 2634 2826
1528 9 2 31 37 2499 2563 2562 2827 2828 2826
1529 9 2 31 37 2563 2499 2500 2827 2637 2829
1530 9 2 31 37 2500 2564 2563 2830 2831 2829
1531 9 2 31 37 2564 2500 2501 2830 2640 2832
1532 9 2 31 37 2501 2565 2564 2833 2834 2832
1533 9 2 31 37 2565 2501 2502 2833 2643 2835
1534 9 2 31 37 2502 2566 2565 2836 2837 2835
1535 9 2 31 37 2566 2502 2503 2836 2646 2838
1536 9 2 31 37 2503 2567 2566 2839 2840 2838
1537 9 2 31 37 2567 2503 2504 2839 2649 2841
1538 9 2 31 37 2504 2568 2567 2842 2843 2841
1539 9 2 31 37 2568 2504 2505 2842 2652 2844
1540 9 2 31 37 2505 2569 2568 2845 2846 2844
1541 9 2 31 37 2569 2505 2506 2845 2655 2847
1542 9 2 31 37 2506 2570 2569 2848 2849 2847
1543 9 2 31 37 2570 2506 2507 2848 2658 2850
1544 9 2 31 37 2507 2571 2570 2851 2852 2850
1545 9 2 31 37 2571 2507 2508 2851 2661 2853
1546 9 2 31 37 2508 2572 2571 2854 2855 2853
1547 9 2 31 37 2572 2508 2509 2854 2664 2856
1548 9 2 31 37 2509 2573 2572 2857 2858 2856
1549 9 2 31 37 2573 2509 2510 2857 2667 2859
1550 9 2 31 37 2510 2574 2573 2860 2861 2859
1551 9 2 31 37 2574 2510 2511 2860 2670 2862
1552 9 2 31 37 2511 2575 2574 2863 2864 2862
1553 9 2 31 37 2575 2511 2512 2863 2673 2865
1554 9 2 31 37 2512 2576 2575 2866 2867 2865
1555 9 2 31 37 2576 2512 2513 2866 2676 2868
1556 9 2 31 37 2513 2577 2576 2869 2870 2868
1557 9 2 31 37 2577 2513 2514 2869 2679 2871
1558 9 2 31 37 2514 2578 2577 2872 2873 2871
1559 9 2 31 37 2578 2514 2515 2872 2682 2874
1560 9 2 31 37 2515 2579 2578 2875 2876 2874
1561 9 2 31 37 2579 2515 2516 2875 2685 2877
1562 9 2 31 37 2516 2580 2579 2878 2879 2877
1563 9 2 31 37 2580 2516 2517 2878 2688 2880
1564 9 2 31 37 2517 2581 2580 2881 2882 2880
1565 9 2 31 37 2581 2517 2518 2881 2691 2883
1566 9 2 31 37 2518 2582 2581 2884 2885 2883
1567 9 2 31 37 2582 2518 2519 2884 2694 2886
1568 9 2 31 37 2519 2583 2582 2887 2888 2886
1569 9 2 31 37 2583 2519 2520 2887 2697 2889
1570 9 2 31 37 2520 2584 2583 2890 2891 2889
1571 9 2 31 37 2584 2520 2521 2890 2700 2892
1572 9 2 31 37 2521 2585 2584 2893 2894 2892
1573 9 2 31 37 2585 2521 2522 2893 2703 2895
1574 9 2 31 37 2522 2586 2585 2896 2897 2895
1575 9 2 31 37 2586 2522 2523 2896 2706 2898
1576 9 2 31 37 2523 2587 2586 2899 2900 2898
1577 9 2 31 37 2587 2523 2524 2899 2709 2901
1578 9 2 31 37 2524 2588 2587 2902 2903 2901
1579 9 2 31 37 2588 2524 2525 2902 2712 2904
1580 9 2 31 37 2525 2589 2588 2905 2906 2904
1581 9 2 31 37 2589 2525 2526 2905 2715 2907
1582 9 2 31 37 2526 2590 2589 2908 2909 2907
1583 9 2 31 37 2590 2526 2527 2908 2718 2910
1584 9 2 31 37 2527 2591 2590 2911 2912 2910
1585 9 2 31 37 2591 2527 2528 2911 2721 2913
1586 9 2 31 37 2528 2592 2591 2914 2915 2913
1587 9 2 31 37 2592 2528 2529 2914 2724 2916
1588 9 2 31 37 2529 2593 2592 2917 2918 2916
1589 9 2 31 37 2593 2529 2530 2917 2727 2919
1590 9 2 31 37 2530 2594 2593 2920 2921 2919
1591 9 2 31 37 2594 2530 2531 2920 2730 2922
1592 9 2 31 37 2531 2595 2594 2923 2924 2922
1593 9 2 31 37 2595 2531 2532 2923 2733 2925
1594 9 2 31 37 2532 2596 2595 2926 2927 2925
1595 9 2 31 37 2596 2532 2533 2926 2736 2928
1596 9 2 31 37 2533 2597 2596 2929 2930 2928
1597 9 2 31 37 2597 2533 2534 2929 2739 2931
1598 9 2 31 37 2534 2598 2597 2932 2933 2931
1599 9 2 31 37 2598 2534 2535 2932 2742 2934
1600 9 2 31 37 2535 2599 2598 2935 2936 2934
1601 9 2 31 37 2599 2535 2536 2935 2745 2937
1602 9 2 31 37 2536 2600 2599 2938 2939 2937
1603 9 2 31 37 2600 2536 2537 2938 2748 2940
1604 9 2 31 37 2537 2601 2600 2941 2942 2940
1605 9 2 31 37 2601 2537 2538 2941 2751 2943
1606 9 2 31 37 2538 2602 2601 2944 2945 2943
1607 9 2 31 37 2602 2538 2539 2944 2754 2946
1608 9 2 31 37 2539 2603 2602 2947 2948 2946
1609 9 2 31 37 2603 2539 2540 2947 2757 2949
1610 9 2 31 37 2540 2604 2603 2950 2951 2949
1611 9 2 31 37 2604 2540 2541 2950 2760 2952
1612 9 2 31 37 2541 2605 2604 2953 2954 2952
1613 9 2 31 37 2605 2541 2542 2953 2763 2955
1614 9 2 31 37 2542 2606 2605 2956 2957 2955
1615 9 2 31 37 2606 2542 2543 2956 2766 2958
1616 9 2 31 37 2543 2607 2606 2959 2960 2958
1617 9 2 31 37 2607 2543 2544 2959 2769 2961
1618 9 2 31 37 2544 2608 2607 2962 2963 2961
1619 9 2 31 37 2608 2544 2545 2962 2772 2964
1620 9 2 31 37 2545 2609 2608 2965 2966 2964
1621 9 2 31 37 2609 2545 2546 2965 2775 2967
1622 9 2 31 37 2546 2610 2609 2968 2969 2967
1623 9 2 31 37 2610 2546 2547 2968 2778 2970
1624 9 2 31 37 2547 2611 2610 2971 2972 2970
1625 9 2 31 37 2611 2547 2548 2971 2781 2973
1626 9 2 31 37 2548 2612 2611 2974 2975 2973
1627 9 2 31 37 2612 2548 2549 2974 2784 2976
1628 9 2 31 37 2549 2613 2612 2977 2978 2976
1629 9 2 31 37 2613 2549 2550 2977 2787 2979
1630 9 2 31 37 2550 2614 2613 2980 2981 2979
1631 9 2 31 37 2614 2550 2551 2980 2790 2982
1632 9 2 31 37 2551 2615 2614 2983 2984 2982
1633 9 2 31 37 2615 2551 2552 2983 2793 2985
1634 9 2 31 37 2552 2616 2615 2986 2987 2985
1635 9 2 31 37 2616 2552 2553 2986 2796 2988
1636 9 2 31 37 2553 2617 2616 2989 2990 2988
1637 9 2 31 37 2617 2553 2554 2989 2799 2991
1638 9 2 31 37 2554 2618 2617 2992 2993 2991
1639 9 2 31 37 2618 2554 2555 2992 2802 2994
1640 9 2 31 37 2555 2619 2618 2995 2996 2994
1641 9 2 31 37 2619 2555 2556 2995 2805 2997
1642 9 2 31 37 2556 2620 2619 2998 2999 2997
1643 9 2 31 37 2620 2556 2557 2998 2808 3000
1644 9 2 31 37 2557 820 2620 3001 3002 3000
1645 9 2 31 37 820 2557 819 3001 2811 822
1646 9 2 31 37 815 672 8 3003 735 818
1647 9 2 31 37 672 815 2558 3003 2813 3004
1648 9 2 31 37 2558 673 672 3005 736 3004
1649 9 2 31 37 673 2558 2559 3005 2816 3006
1650 9 2 31 37 2559 674 673 3007 737 3006
1651 9 2 31 37 674 2559 2560 3007 2819 3008
1652 9 2 31 37 2560 675 674 3009 738 3008
1653 9 2 31 37 675 2560 2561 3009 2822 3010
1654 9 2 31 37 2561 676 675 3011 739 3010
1655 9 2 31 37 676 2561 2562 3011 2825 3012
1656 9 2 31 37 2562 677 676 3013 740 3012
1657 9 2 31 37 677 2562 2563 3013 2828 3014
1658 9 2 31 37 2563 678 677 3015 741 3014
1659 9 2 31 37 678 2563 2564 3015 2831 3016
1660 9 2 31 37 2564 679 678 3017 742 3016
1661 9 2 31 37 679 2564 2565 3017 2834 3018
1662 9 2 31 37 2565 680 679 3019 743 3018
1663 9 2 31 37 680 2565 2566 3019 2837 3020
1664 9 2 31 37 2566 681 680 3021 744 3020
1665 9 2 31 37 681 2566 2567 3021 2840 3022
1666 9 2 31 37 2567 682 681 3023 745 3022
1667 9 2 31 37 682 2567 2568 3023 2843 3024
1668 9 2 31 37 2568 683 682 3025 746 3024
1669 9 2 31 37 683 2568 2569 3025 2846 3026
1670 9 2 31 37 2569 684 683 3027 747 3026
1671 9 2 31 37 684 2569 2570 3027 2849 3028
1672 9 2 31 37 2570 685 684 3029 748 3028
1673 9 2 31 37 685 2570 2571 3029 2852 3030
1674 9 2 31 37 2571 686 685 3031 749 3030
1675 9 2 31 37 686 2571 2572 3031 2855 3032
1676 9 2 31 37 2572 687 686 3033 750 3032
1677 9 2 31 37 687 2572 2573 3033 2858 3034
1678 9 2 31 37 2573 688 687 3035 751 3034
1679 9 2 31 37 688 2573 2574 3035 2861 3036
1680 9 2 31 37 2574 689 688 3037 752 3036
1681 9 2 31 37 689 2574 2575 3037 2864 3038
1682 9 2 31 37 2575 690 689 3039 753 3038
1683 9 2 31 37 690 2575 2576 3039 2867 3040
1684 9 2 31 37 2576 691 690 3041 754 3040
1685 9 2 31 37 691 2576 2577 3041 2870 3042
1686 9 2 31 37 2577 692 691 3043 755 3042
1687 9 2 31 37 692 2577 2578 3043 2873 3044
1688 9 2 31 37 2578 693 692 3045 756 3044
1689 9 2 31 37 693 2578 2579 3045 2876 3046
1690 9 2 31 37 2579 694 693 3047 757 3046
1691 9 2 31 37 694 2579 2580 3047 2879 3048
1692 9 2 31 37 2580 695 694 3049 758 3048
1693 9 2 31 37 695 2580 2581 3049 2882 3050
1694 9 2 31 37 2581 696 695 3051 759 3050
1695 9 2 31 37 696 2581 2582 3051 2885 3052
1696 9 2 31 37 2582 697 696 3053 760 3052
1697 9 2 31 37 697 2582 2583 3053 2888 3054
1698 9 2 31 37 2583 698 697 3055 761 3054
1699 9 2 31 37 698 2583 2584 3055 2891 3056
1700 9 2 31 37 2584 699 698 3057 762 3056
1701 9 2 31 37 699 2584 2585 3057 2894 3058
1702 9 2 31 37 2585 700 699 3059 763 3058
1703 9 2 31 37 700 2585 2586 3059 2897 3060
1704 9 2 31 37 2586 701 700 3061 764 3060
1705 9 2 31 37 701 2586 2587 3061 2900 3062
1706 9 2 31 37 2587 702 701 3063 765 3062
1707 9 2 31 37 702 2587 2588 3063 2903 3064
1708 9 2 31 37 2588 703 702 3065 766 3064
1709 9 2 31 37 703 2588 2589 3065 2906 3066
1710 9 2 31 37 2589 704 703 3067 767 3066
1711 9 2 31 37 704 2589 2590 3067 2909 3068
1712 9 2 31 37 2590 705 704 3069 768 3068
1713 9 2 31 37 705 2590 2591 3069 2912 3070
1714 9 2 31 37 2591 706 705 3071 769 3070
1715 9 2 31 37 706 2591 2592 3071 2915 3072
1716 9 2 31 37 2592 707 706 3073 770 3072
1717 9 2 31 37 707 2592 2593 3073 2918 3074
1718 9 2 31 37 2593 708 707 3075 771 3074
1719 9 2 31 37 708 2593 2594 3075 2921 3076
1720 9 2 31 37 2594 709 708 3077 772 3076
1721 9 2 31 37 709 2594 2595 3077 2924 3078
1722 9 2 31 37 2595 710 709 3079 773 3078
1723 9 2 31 37 710 2595 2596 3079 2927 3080
1724 9 2 31 37 2596 711 710 3081 774 3080
1725 9 2 31 37 711 2596 2597 3081 2930 3082
1726 9 2 31 37 2597 712 711 3083 775 3082
1727 9 2 31 37 712 2597 2598 3083 2933 3084
1728 9 2 31 37 2598 713 712 3085 776 3084
1729 9 2 31 37 713 2598 2599 3085 2936 3086
1730 9 2 31 37 2599 714 713 3087 777 3086
1731 9 2 31 37 714 2599 2600 3087 2939 3088
1732 9 2 31 37 2600 715 714 3089 778 3088
1733 9 2 31 37 715 2600 2601 3089 2942 3090
1734 9 2 31 37 2601 716 715 3091 779 3090
1735 9 2 31 37 716 2601 2602 3091 2945 3092
1736 9 2 31 37 2602 717 716 3093 780 3092
1737 9 2 31 37 717 2602 2603 3093 2948 3094
1738 9 2 31 37 2603 718 717 3095 781 3094
1739 9 2 31 37 718 2603 2604 3095 2951 3096
1740 9 2 31 37 2604 719 718 3097 782 3096
1741 9 2 31 37 719 2604 2605 3097 2954 3098
1742 9 2 31 37 2605 720 719 3099 783 3098
1743 9 2 31 37 720 2605 2606 3099 2957 3100
1744 9 2 31 37 2606 721 720 3101 784 3100
1745 9 2 31 37 721 2606 2607 3101 2960 3102
1746 9 2 31 37 2607 722 721 3103 785 3102
1747 9 2 31 37 722 2607 2608 3103 2963 3104
1748 9 2 31 37 2608 723 722 3105 786 3104
1749 9 2 31 37 723 2608 2609 3105 2966 3106
1750 9 2 31 37 2609 724 723 3107 787 3106
1751 9 2 31 37 724 2609 2610 3107 2969 3108
1752 9 2 31 37 2610 725 724 3109 788 3108
1753 9 2 31 37 725 2610 2611 3109 2972 3110
1754 9 2 31 37 2611 726 725 3111 789 3110
1755 9 2 31 37 726 2611 2612 3111 2975 3112
1756 9 2 31 37 2612 727 726 3113 790 3112
1757 9 2 31 37 727 2612 2613 3113 2978 3114
1758 9 2 31 37 2613 728 727 3115 791 3114
1759 9 2 31 37 728 2613 2614 3115 2981 3116
1760 9 2 31 37 2614 729 728 3117 792 3116
1761 9 2 31 37 729 2614 2615 3117 2984 3118
1762 9 2 31 37 2615 730 729 3119 793 3118
1763 9 2 31 37 730 2615 2616 3119 2987 3120
1764 9 2 31 37 2616 731 730 3121 794 3120
1765 9 2 31 37 731 2616 2617 3121 2990 3122
1766 9 2 31 37 2617 732 731 3123 795 3122
1767 9 2 31 37 732 2617 2618 3123 2993 3124
1768 9 2 31 37 2618 733 732 3125 796 3124
1769 9 2 31 37 733 2618 2619 3125 2996 3126
1770 9 2 31 37 2619 734 733 3127 797 3126
1771 9 2 31 37 734 2619 2620 3127 2999 3128
1772 9 2 31 37 2620 9 734 3129 798 3128
1773 9 2 31 37 9 2620 820 3129 3002 823
1774 9 2 32 38 4549 3555 3298 4990 4991 4992
1775 9 2 32 38 3737 3176 4800 4993 4994 4995
1776 9 2 32 38 3231 3707 4706 4996 4997 4998
1777 9 2 32 38 3736 4854 3178 4999 5000 5001
1778 9 2 32 38 3563 4742 3746 5002 5003 5004
1779 9 2 32 38 3564 3745 4743 5005 5006 5007
1780 9 2 32 38 3788 4549 3298 5008 4992 5009
1781 9 2 32 38 3539 4656 3920 5010 5011 5012
1782 9 2 32 38 3530 3948 4785 5013 5014 5015
1783 9 2 32 38 3924 4294 3423 5016 5017 5018
1784 9 2 32 38 4447 3519 3384 5019 5020 5021
1785 9 2 32 38 3591 4294 3924 5022 5016 5023
1786 9 2 32 38 3642 4236 4781 5024 5025 5026
1787 9 2 32 38 4100 3374 4502 5027 5028 5029
1788 9 2 32 38 4101 4501 3375 5030 5031 5032
1789 9 2 32 38 3920 4656 3157 5011 5033 5034
1790 9 2 32 38 4821 3307 3906 5035 5036 5037
1791 9 2 32 38 3402 4171 3948 5038 5039 5040
1792 9 2 32 38 3324 3794 4414 5041 5042 5043
1793 9 2 32 38 3325 4415 3795 5044 5045 5046
1794 9 2 32 38 3363 3681 4125 5047 5048 5049
1795 9 2 32 38 3365 4127 3680 5050 5051 5052
1796 9 2 32 38 3261 3713 3714 5053 5054 5055
1797 9 2 32 38 3205 3901 3671 5056 5057 5058
1798 9 2 32 38 3204 3672 3900 5059 5060 5061
1799 9 2 32 38 3184 4657 3869 5062 5063 5064
1800 9 2 32 38 4706 3707 3748 4997 5065 5066
1801 9 2 32 38 3407 4519 3606 5067 5068 5069
1802 9 2 32 38 3408 3605 4520 5070 5071 5072
1803 9 2 32 38 3247 4048 4280 5073 5074 5075
1804 9 2 32 38 3248 4281 4049 5076 5077 5078
1805 9 2 32 38 3392 3765 4246 5079 5080 5081
1806 9 2 32 38 3255 3857 3647 5082 5083 5084
1807 9 2 32 38 3254 3646 3856 5085 5086 5087
1808 9 2 32 38 3234 3571 4048 5088 5089 5090
1809 9 2 32 38 3235 4049 3572 5091 5092 5093
1810 9 2 32 38 3315 4204 3731 5094 5095 5096
1811 9 2 32 38 964 3728 4032 5097 5098 5099
1812 9 2 32 38 964 4033 3729 5100 5101 5102
1813 9 2 32 38 3498 3818 4075 5103 5104 5105
1814 9 2 32 38 4800 3176 3694 4994 5106 5107
1815 9 2 32 38 4875 3897 3514 5108 5109 5110
1816 9 2 32 38 3491 4807 3973 5111 5112 5113
1817 9 2 32 38 3492 3974 4808 5114 5115 5116
1818 9 2 32 38 3216 3732 4187 5117 5118 5119
1819 9 2 32 38 3256 3514 3660 5120 5121 5122
1820 9 2 32 38 3179 3810 3550 5123 5124 5125
1821 9 2 32 38 3180 3551 3811 5126 5127 5128
1822 9 2 32 38 3402 3948 3910 5040 5129 5130
1823 9 2 32 38 3350 3703 4901 5131 5132 5133
1824 9 2 32 38 3318 3525 3679 5134 5135 5136
1825 9 2 32 38 3387 3636 4476 5137 5138 5139
1826 9 2 32 38 3388 4475 3637 5140 5141 5142
1827 9 2 32 38 4854 3693 3178 5143 5144 5000
1828 9 2 32 38 3409 4220 3967 5145 5146 5147
1829 9 2 32 38 964 965 3728 988 5148 5097
1830 9 2 32 38 964 3729 965 5102 5149 988
1831 9 2 32 38 3374 3654 4502 5150 5151 5028
1832 9 2 32 38 3375 4501 3653 5031 5152 5153
1833 9 2 32 38 3647 4908 3974 5154 5155 5156
1834 9 2 32 38 3646 3973 4907 5157 5158 5159
1835 9 2 32 38 3831 3324 4414 5160 5043 5161
1836 9 2 32 38 3832 4415 3325 5162 5044 5163
1837 9 2 32 38 433 434 3722 497 5164 5165
1838 9 2 32 38 711 712 3723 775 5166 5167
1839 9 2 32 38 4092 4497 3396 5168 5169 5170
1840 9 2 32 38 4093 3397 4498 5171 5172 5173
1841 9 2 32 38 3334 4128 3828 5174 5175 5176
1842 9 2 32 38 3335 3829 4129 5177 5178 5179
1843 9 2 32 38 3461 3967 4220 5180 5146 5181
1844 9 2 32 38 3460 3971 4331 5182 5183 5184
1845 9 2 32 38 3905 4821 3906 5185 5037 5186
1846 9 2 32 38 3301 4075 3818 5187 5104 5188
1847 9 2 32 38 3459 4330 3972 5189 5190 5191
1848 9 2 32 38 3376 3735 3966 5192 5193 5194
1849 9 2 32 38 824 3870 3670 5195 5196 5197
1850 9 2 32 38 3355 3788 4188 5198 5199 5200
1851 9 2 32 38 3530 3910 3948 5201 5129 5013
1852 9 2 32 38 4091 3395 4508 5202 5203 5204
1853 9 2 32 38 3591 3925 4610 5205 5206 5207
1854 9 2 32 38 980 981 4608 1004 5208 5209
1855 9 2 32 38 980 4609 981 5210 5211 1004
1856 9 2 32 38 3362 4125 3681 5212 5048 5213
1857 9 2 32 38 3364 3680 4127 5214 5051 5215
1858 9 2 32 38 607 608 3730 641 5216 5217
1859 9 2 32 38 3511 4790 3667 5218 5219 5220
1860 9 2 32 38 3512 3668 4791 5221 5222 5223
1861 9 2 32 38 3709 4375 4213 5224 5225 5226
1862 9 2 32 38 3710 4214 4376 5227 5228 5229
1863 9 2 32 38 3308 3772 3964 5230 5231 5232
1864 9 2 32 38 3925 3297 4610 5233 5234 5206
1865 9 2 32 38 3352 3969 4078 5235 5236 5237
1866 9 2 32 38 3354 4079 3970 5238 5239 5240
1867 9 2 32 38 3205 3785 3901 5241 5242 5056
1868 9 2 32 38 3204 3900 3784 5061 5243 5244
1869 9 2 32 38 3342 3766 4315 5245 5246 5247
1870 9 2 32 38 3341 4316 3767 5248 5249 5250
1871 9 2 32 38 3366 4246 3765 5251 5080 5252
1872 9 2 32 38 3145 3753 4135 5253 5254 5255
1873 9 2 32 38 3333 3947 3773 5256 5257 5258
1874 9 2 32 38 3396 4315 3766 5259 5246 5260
1875 9 2 32 38 3397 3767 4316 5261 5249 5262
1876 9 2 32 38 3343 3827 4334 5263 5264 5265
1877 9 2 32 38 3773 4247 4642 5266 5267 5268
1878 9 2 32 38 3173 3941 4060 5269 5270 5271
1879 9 2 32 38 3259 4039 3517 5272 5273 5274
1880 9 2 32 38 3416 4078 3969 5275 5236 5276
1881 9 2 32 38 3417 3970 4079 5277 5239 5278
1882 9 2 32 38 3171 3617 4629 5279 5280 5281
1883 9 2 32 38 3287 4713 3467 5282 5283 5284
1884 9 2 32 38 3490 3845 4438 5285 5286 5287
1885 9 2 32 38 3259 3518 4039 5288 5289 5272
1886 9 2 32 38 3240 4655 3478 5290 5291 5292
1887 9 2 32 38 3537 4297 4187 5293 5294 5295
1888 9 2 32 38 3266 3948 3854 5296 5297 5298
1889 9 2 32 38 3315 3731 3947 5096 5299 5300
1890 9 2 32 38 4689 4031 4726 5301 5302 5303
1891 9 2 32 38 616 617 3999 650 5304 5305
1892 9 2 32 38 3641 4823 3957 5306 5307 5308
1893 9 2 32 38 3182 3717 4161 5309 5310 5311
1894 9 2 32 38 3854 4546 4073 5312 5313 5314
1895 9 2 32 38 3593 4890 3689 5315 5316 5317
1896 9 2 32 38 3594 3690 4892 5318 5319 5320
1897 9 2 32 38 972 973 3882 996 5321 5322
1898 9 2 32 38 972 3883 973 5323 5324 996
1899 9 2 32 38 4081 3392 4486 5325 5326 5327
1900 9 2 32 38 3172 4190 3714 5328 5329 5330
1901 9 2 32 38 946 3925 3924 5331 5332 5333
1902 9 2 32 38 3476 4703 3657 5334 5335 5336
1903 9 2 32 38 3477 3658 4704 5337 5338 5339
1904 9 2 32 38 3133 3782 3781 5340 5341 5342
1905 9 2 32 38 3132 3780 3783 5343 5344 5345
1906 9 2 32 38 3393 3814 4312 5346 5347 5348
1907 9 2 32 38 3394 4313 3815 5349 5350 5351
1908 9 2 32 38 3253 4547 3676 5352 5353 5354
1909 9 2 32 38 3199 3593 3960 5355 5356 5357
1910 9 2 32 38 3200 3961 3594 5358 5359 5360
1911 9 2 32 38 3490 4345 3845 5361 5362 5285
1912 9 2 32 38 15 3866 4030 5363 5364 5365
1913 9 2 32 38 13 4029 3865 5366 5367 5368
1914 9 2 32 38 4742 3281 3746 5369 5370 5003
1915 9 2 32 38 4743 3745 3282 5006 5371 5372
1916 9 2 32 38 3367 3523 4252 5373 5374 5375
1917 9 2 32 38 3368 4253 3524 5376 5377 5378
1918 9 2 32 38 3371 4331 3971 5379 5183 5380
1919 9 2 32 38 3372 3972 4330 5381 5190 5382
1920 9 2 32 38 4278 3280 3998 5383 5384 5385
1921 9 2 32 38 3134 4839 4040 5386 5387 5388
1922 9 2 32 38 3136 4041 4840 5389 5390 5391
1923 9 2 32 38 3518 4072 4324 5392 5393 5394
1924 9 2 32 38 3948 3266 4785 5296 5395 5014
1925 9 2 32 38 3517 3712 4070 5396 5397 5398
1926 9 2 32 38 3433 4368 4048 5399 5400 5401
1927 9 2 32 38 3434 4049 4369 5402 5403 5404
1928 9 2 32 38 3488 4257 3914 5405 5406 5407
1929 9 2 32 38 3263 3648 3996 5408 5409 5410
1930 9 2 32 38 3262 3997 3649 5411 5412 5413
1931 9 2 32 38 3285 3902 3740 5414 5415 5416
1932 9 2 32 38 3210 4097 3592 5417 5418 5419
1933 9 2 32 38 3359 4744 3992 5420 5421 5422
1934 9 2 32 38 3256 4875 3514 5423 5110 5120
1935 9 2 32 38 3341 3767 4112 5250 5424 5425
1936 9 2 32 38 3342 4111 3766 5426 5427 5245
1937 9 2 32 38 9 4563 3802 5428 5429 5430
1938 9 2 32 38 5 3803 4564 5431 5432 5433
1939 9 2 32 38 3218 3852 3625 5434 5435 5436
1940 9 2 32 38 3217 3624 3853 5437 5438 5439
1941 9 2 32 38 3343 3763 4106 5440 5441 5442
1942 9 2 32 38 431 432 4265 495 5443 5444
1943 9 2 32 38 713 714 4266 777 5445 5446
1944 9 2 32 38 3151 4279 3778 5447 5448 5449
1945 9 2 32 38 3343 4106 3827 5442 5450 5263
1946 9 2 32 38 968 969 3907 992 5451 5452
1947 9 2 32 38 968 3908 969 5453 5454 992
1948 9 2 32 38 3179 4478 3810 5455 5456 5123
1949 9 2 32 38 3180 3811 4477 5128 5457 5458
1950 9 2 32 38 3393 4312 3922 5348 5459 5460
1951 9 2 32 38 3394 3923 4313 5461 5462 5349
1952 9 2 32 38 3369 4171 3779 5463 5464 5465
1953 9 2 32 38 610 611 3740 644 5466 5467
1954 9 2 32 38 688 689 4215 752 5468 5469
1955 9 2 32 38 3181 4073 3708 5470 5471 5472
1956 9 2 32 38 3184 3869 4406 5064 5473 5474
1957 9 2 32 38 560 561 3741 594 5475 5476
1958 9 2 32 38 3380 4324 4072 5477 5393 5478
1959 9 2 32 38 3173 3552 4187 5479 5480 5481
1960 9 2 32 38 3484 4334 3827 5482 5264 5483
1961 9 2 32 38 3254 3973 3646 5484 5157 5085
1962 9 2 32 38 3255 3647 3974 5084 5156 5485
1963 9 2 32 38 3287 3467 4239 5284 5486 5487
1964 9 2 32 38 3621 4890 4450 5488 5489 5490
1965 9 2 32 38 3622 4451 4892 5491 5492 5493
1966 9 2 32 38 3351 4472 3852 5494 5495 5496
1967 9 2 32 38 3353 3853 4471 5497 5498 5499
1968 9 2 32 38 3634 3869 4657 5500 5063 5501
1969 9 2 32 38 672 673 3700 736 5502 5503
1970 9 2 32 38 3739 4460 4873 5504 5505 5506
1971 9 2 32 38 3396 4497 3655 5169 5507 5508
1972 9 2 32 38 3397 3656 4498 5509 5510 5172
1973 9 2 32 38 3422 3543 4087 5511 5512 5513
1974 9 2 32 38 3421 4086 3544 5514 5515 5516
1975 9 2 32 38 3241 4225 3682 5517 5518 5519
1976 9 2 32 38 3242 3683 4226 5520 5521 5522
1977 9 2 32 38 3342 4401 3799 5523 5524 5525
1978 9 2 32 38 3341 3798 4402 5526 5527 5528
1979 9 2 32 38 3150 4018 4220 5529 5530 5531
1980 9 2 32 38 3287 4239 3675 5487 5532 5533
1981 9 2 32 38 616 3999 4813 5305 5534 5535
1982 9 2 32 38 3545 3957 4823 5536 5307 5537
1983 9 2 32 38 3749 3360 4852 5538 5539 5540
1984 9 2 32 38 3750 4853 3361 5541 5542 5543
1985 9 2 32 38 3322 3796 4119 5544 5545 5546
1986 9 2 32 38 3435 3718 3717 5547 5548 5549
1987 9 2 32 38 3178 4177 4475 5550 5551 5552
1988 9 2 32 38 3176 4476 4178 5553 5554 5555
1989 9 2 32 38 3570 4629 3617 5556 5280 5557
1990 9 2 32 38 3206 4188 3788 5558 5199 5559
1991 9 2 32 38 3450 3738 4644 5560 5561 5562
1992 9 2 32 38 968 3907 4783 5452 5563 5564
1993 9 2 32 38 968 4784 3908 5565 5566 5453
1994 9 2 32 38 3543 4518 3805 5567 5568 5569
1995 9 2 32 38 3544 3806 4517 5570 5571 5572
1996 9 2 32 38 4236 3147 4781 5573 5574 5025
1997 9 2 32 38 3172 4200 3735 5575 5576 5577
1998 9 2 32 38 3545 4060 3941 5578 5270 5579
1999 9 2 32 38 3402 3779 4171 5580 5464 5038
2000 9 2 32 38 3350 4901 3704 5133 5581 5582
2001 9 2 32 38 3147 4236 3940 5573 5583 5584
2002 9 2 32 38 556 557 3744 590 5585 5586
2003 9 2 32 38 3319 3825 4045 5587 5588 5589
2004 9 2 32 38 3426 4606 3828 5590 5591 5592
2005 9 2 32 38 3427 3829 4607 5593 5594 5595
2006 9 2 32 38 918 3969 4741 5596 5597 5598
2007 9 2 32 38 937 4740 3970 5599 5600 5601
2008 9 2 32 38 3341 4112 3798 5425 5602 5526
2009 9 2 32 38 3342 3799 4111 5525 5603 5426
2010 9 2 32 38 3519 4256 3384 5604 5605 5020
2011 9 2 32 38 3877 4615 4863 5606 5607 5608
2012 9 2 32 38 3298 3917 3788 5609 5610 5009
2013 9 2 32 38 3395 3663 4508 5611 5612 5203
2014 9 2 32 38 3321 4042 3887 5613 5614 5615
2015 9 2 32 38 3263 3860 3648 5616 5617 5408
2016 9 2 32 38 3262 3649 3861 5413 5618 5619
2017 9 2 32 38 3179 3550 4509 5125 5620 5621
2018 9 2 32 38 3180 4510 3551 5622 5623 5126
2019 9 2 32 38 3287 3675 4435 5533 5624 5625
2020 9 2 32 38 3234 4048 4368 5090 5400 5626
2021 9 2 32 38 3235 4369 4049 5627 5403 5091
2022 9 2 32 38 713 4266 4036 5446 5628 5629
2023 9 2 32 38 432 4035 4265 5630 5631 5443
2024 9 2 32 38 681 682 3926 745 5632 5633
2025 9 2 32 38 980 4608 3831 5209 5634 5635
2026 9 2 32 38 980 3832 4609 5636 5637 5210
2027 9 2 32 38 3491 3973 4469 5113 5638 5639
2028 9 2 32 38 3492 4470 3974 5640 5641 5114
2029 9 2 32 38 4450 4890 3166 5489 5642 5643
2030 9 2 32 38 4451 3167 4892 5644 5645 5492
2031 9 2 32 38 3533 3606 4519 5646 5068 5647
2032 9 2 32 38 3534 4520 3605 5648 5071 5649
2033 9 2 32 38 3281 4002 3746 5650 5651 5370
2034 9 2 32 38 3282 3745 4003 5371 5652 5653
2035 9 2 32 38 3187 4068 4803 5654 5655 5656
2036 9 2 32 38 3173 4187 4297 5481 5294 5657
2037 9 2 32 38 15 894 3866 907 5658 5363
2038 9 2 32 38 13 3865 858 5368 5659 870
2039 9 2 32 38 3575 4714 4790 5660 5661 5662
2040 9 2 32 38 4744 4972 3992 5663 5664 5421
2041 9 2 32 38 3576 4791 4715 5665 5666 5667
2042 9 2 32 38 4212 3920 4181 5668 5669 5670
2043 9 2 32 38 3381 3920 4212 5671 5668 5672
2044 9 2 32 38 3774 4707 4119 5673 5674 5675
2045 9 2 32 38 3185 4317 3642 5676 5677 5678
2046 9 2 32 38 683 4218 4456 5679 5680 5681
2047 9 2 32 38 3172 3735 4027 5577 5682 5683
2048 9 2 32 38 3553 3676 4547 5684 5353 5685
2049 9 2 32 38 3322 4441 3796 5686 5687 5544
2050 9 2 32 38 3328 4364 3819 5688 5689 5690
2051 9 2 32 38 3327 3820 4365 5691 5692 5693
2052 9 2 32 38 3182 3595 3930 5694 5695 5696
2053 9 2 32 38 3334 3828 4606 5176 5591 5697
2054 9 2 32 38 3335 4607 3829 5698 5594 5177
2055 9 2 32 38 3166 4890 3593 5642 5315 5699
2056 9 2 32 38 3167 3594 4892 5700 5320 5645
2057 9 2 32 38 433 3722 4035 5165 5701 5702
2058 9 2 32 38 712 4036 3723 5703 5704 5166
2059 9 2 32 38 3211 4615 3877 5705 5606 5706
2060 9 2 32 38 434 4046 3722 5707 5708 5164
2061 9 2 32 38 711 3723 4047 5167 5709 5710
2062 9 2 32 38 3323 4082 3807 5711 5712 5713
2063 9 2 32 38 3386 3567 4795 5714 5715 5716
2064 9 2 32 38 438 439 3933 502 5717 5718
2065 9 2 32 38 706 707 3934 770 5719 5720
2066 9 2 32 38 825 3670 4074 5721 5722 5723
2067 9 2 32 38 3208 4735 3768 5724 5725 5726
2068 9 2 32 38 3209 3769 4736 5727 5728 5729
2069 9 2 32 38 3321 4068 3711 5730 5731 5732
2070 9 2 32 38 3373 3897 4293 5733 5734 5735
2071 9 2 32 38 3205 3671 3988 5058 5736 5737
2072 9 2 32 38 3204 3989 3672 5738 5739 5059
2073 9 2 32 38 3451 4280 3571 5740 5741 5742
2074 9 2 32 38 3452 3572 4281 5743 5744 5745
2075 9 2 32 38 3360 3631 4852 5746 5747 5539
2076 9 2 32 38 3361 4853 3632 5542 5748 5749
2077 9 2 32 38 16 3870 824 5750 5195 832
2078 9 2 32 38 3571 4280 4048 5741 5074 5089
2079 9 2 32 38 3572 4049 4281 5092 5077 5744
2080 9 2 32 38 683 684 4218 747 5751 5679
2081 9 2 32 38 3321 3711 4131 5732 5752 5753
2082 9 2 32 38 3511 3667 4531 5220 5754 5755
2083 9 2 32 38 3512 4532 3668 5756 5757 5221
2084 9 2 32 38 3181 3854 4073 5758 5314 5470
2085 9 2 32 38 3697 4040 4839 5759 5387 5760
2086 9 2 32 38 3698 4840 4041 5761 5390 5762
2087 9 2 32 38 3240 4642 3871 5763 5764 5765
2088 9 2 32 38 3491 3846 4244 5766 5767 5768
2089 9 2 32 38 3492 4245 3847 5769 5770 5771
2090 9 2 32 38 3182 3888 3595 5772 5773 5694
2091 9 2 32 38 687 688 4011 751 5774 5775
2092 9 2 32 38 3249 3613 4334 5776 5777 5778
2093 9 2 32 38 3240 3478 4361 5292 5779 5780
2094 9 2 32 38 3187 3711 4068 5781 5731 5654
2095 9 2 32 38 471 472 3918 535 5782 5783
2096 9 2 32 38 688 4215 4011 5469 5784 5774
2097 9 2 32 38 826 4074 3652 5785 5786 5787
2098 9 2 32 38 3351 3782 4472 5788 5789 5494
2099 9 2 32 38 3353 4471 3783 5499 5790 5791
2100 9 2 32 38 846 3638 847 5792 5793 855
2101 9 2 32 38 3258 4407 3791 5794 5795 5796
2102 9 2 32 38 3436 4031 4689 5797 5301 5798
2103 9 2 32 38 3186 3947 3731 5799 5299 5800
2104 9 2 32 38 3272 4509 3834 5801 5802 5803
2105 9 2 32 38 3273 3835 4510 5804 5805 5806
2106 9 2 32 38 3392 3660 4486 5807 5808 5326
2107 9 2 32 38 3387 4263 3636 5809 5810 5137
2108 9 2 32 38 3388 3637 4262 5142 5811 5812
2109 9 2 32 38 3231 3582 4293 5813 5814 5815
2110 9 2 32 38 3334 3701 4128 5816 5817 5174
2111 9 2 32 38 3335 4129 3702 5179 5818 5819
2112 9 2 32 38 3232 4614 3696 5820 5821 5822
2113 9 2 32 38 3172 4027 4190 5683 5823 5328
2114 9 2 32 38 3180 4477 3599 5458 5824 5825
2115 9 2 32 38 3179 3598 4478 5826 5827 5455
2116 9 2 32 38 3672 4551 4883 5828 5829 5830
2117 9 2 32 38 3671 4882 4550 5831 5832 5833
2118 9 2 32 38 3381 3817 4264 5834 5835 5836
2119 9 2 32 38 3251 3670 4944 5837 5838 5839
2120 9 2 32 38 3253 4362 4083 5840 5841 5842
2121 9 2 32 38 685 686 4034 749 5843 5844
2122 9 2 32 38 974 975 3951 998 5845 5846
2123 9 2 32 38 974 3952 975 5847 5848 998
2124 9 2 32 38 824 3670 825 5197 5721 833
2125 9 2 32 38 3458 3753 3708 5849 5850 5851
2126 9 2 32 38 3438 3599 4477 5852 5824 5853
2127 9 2 32 38 3437 4478 3598 5854 5827 5855
2128 9 2 32 38 3185 3642 4268 5678 5856 5857
2129 9 2 32 38 7 3764 570 5858 5859 604
2130 9 2 32 38 3475 3796 4441 5860 5687 5861
2131 9 2 32 38 3259 3517 4070 5274 5398 5862
2132 9 2 32 38 3246 4393 3595 5863 5864 5865
2133 9 2 32 38 3245 4401 3639 5866 5867 5868
2134 9 2 32 38 3244 3640 4402 5869 5870 5871
2135 9 2 32 38 3169 3508 3929 5872 5873 5874
2136 9 2 32 38 970 971 3733 994 5875 5876
2137 9 2 32 38 970 3734 971 5877 5878 994
2138 9 2 32 38 3466 3799 4401 5879 5524 5880
2139 9 2 32 38 3465 4402 3798 5881 5527 5882
2140 9 2 32 38 3321 4131 3741 5753 5883 5884
2141 9 2 32 38 3705 3973 4807 5885 5112 5886
2142 9 2 32 38 3706 4808 3974 5887 5115 5888
2143 9 2 32 38 3261 4136 3713 5889 5890 5053
2144 9 2 32 38 3245 4640 4401 5891 5892 5866
2145 9 2 32 38 3244 4402 4641 5871 5893 5894
2146 9 2 32 38 3207 3731 4204 5895 5095 5896
2147 9 2 32 38 3920 3381 4264 5671 5836 5897
2148 9 2 32 38 681 3926 3839 5633 5898 5899
2149 9 2 32 38 3301 3623 4075 5900 5901 5187
2150 9 2 32 38 4213 4375 4652 5225 5902 5903
2151 9 2 32 38 4214 4653 4376 5904 5905 5228
2152 9 2 32 38 3178 3693 4177 5144 5906 5550
2153 9 2 32 38 3176 4178 3694 5555 5907 5106
2154 9 2 32 38 3446 3659 4372 5908 5909 5910
2155 9 2 32 38 3376 4629 3570 5911 5556 5912
2156 9 2 32 38 3326 4393 3839 5913 5914 5915
2157 9 2 32 38 3286 4154 3738 5916 5917 5918
2158 9 2 32 38 706 3934 3819 5720 5919 5920
2159 9 2 32 38 439 3820 3933 5921 5922 5717
2160 9 2 32 38 3619 4283 4553 5923 5924 5925
2161 9 2 32 38 3620 4554 4282 5926 5927 5928
2162 9 2 32 38 3600 3768 4735 5929 5725 5930
2163 9 2 32 38 3601 4736 3769 5931 5728 5932
2164 9 2 32 38 3280 4487 4968 5933 5934 5935
2165 9 2 32 38 3346 4053 3802 5936 5937 5938
2166 9 2 32 38 3347 3803 4054 5939 5940 5941
2167 9 2 32 38 3246 3595 3888 5865 5773 5942
2168 9 2 32 38 3340 3692 4070 5943 5944 5945
2169 9 2 32 38 3169 4479 3508 5946 5947 5872
2170 9 2 32 38 437 4458 4238 5948 5949 5950
2171 9 2 32 38 708 4237 4457 5951 5952 5953
2172 9 2 32 38 3399 3793 4185 5954 5955 5956
2173 9 2 32 38 3398 4186 3792 5957 5958 5959
2174 9 2 32 38 550 551 3779 584 5960 5961
2175 9 2 32 38 3411 4536 3650 5962 5963 5964
2176 9 2 32 38 847 3638 4155 5793 5965 5966
2177 9 2 32 38 3348 3733 4321 5967 5968 5969
2178 9 2 32 38 3349 4322 3734 5970 5971 5972
2179 9 2 32 38 3483 3819 4364 5973 5689 5974
2180 9 2 32 38 3482 4365 3820 5975 5692 5976
2181 9 2 32 38 3264 3667 4790 5977 5219 5978
2182 9 2 32 38 3265 4791 3668 5979 5222 5980
2183 9 2 32 38 914 4189 4117 5981 5982 5983
2184 9 2 32 38 623 624 3765 657 5984 5985
2185 9 2 32 38 3338 4137 3841 5986 5987 5988
2186 9 2 32 38 3339 3840 4138 5989 5990 5991
2187 9 2 32 38 3302 4150 4130 5992 5993 5994
2188 9 2 32 38 3187 3817 4775 5995 5996 5997
2189 9 2 32 38 3367 4132 3523 5998 5999 5373
2190 9 2 32 38 3368 3524 4133 5378 6000 6001
2191 9 2 32 38 3257 4817 3950 6002 6003 6004
2192 9 2 32 38 973 4679 3882 6005 6006 5321
2193 9 2 32 38 973 3883 4680 5324 6007 6008
2194 9 2 32 38 3184 3724 4409 6009 6010 6011
2195 9 2 32 38 3485 4131 4387 6012 6013 6014
2196 9 2 32 38 3340 4070 3712 5945 5397 6015
2197 9 2 32 38 3346 3802 3557 5938 6016 6017
2198 9 2 32 38 3347 3558 3803 6018 6019 5939
2199 9 2 32 38 3234 4088 3571 6020 6021 5088
2200 9 2 32 38 3235 3572 4089 5093 6022 6023
2201 9 2 32 38 676 677 3777 740 6024 6025
2202 9 2 32 38 3344 4134 3855 6026 6027 6028
2203 9 2 32 38 462 463 3763 526 6029 6030
2204 9 2 32 38 3186 4247 3773 6031 5266 6032
2205 9 2 32 38 3211 3696 3889 6033 6034 6035
2206 9 2 32 38 3633 3484 4337 6036 6037 6038
2207 9 2 32 38 432 433 4035 496 5702 5630
2208 9 2 32 38 712 713 4036 776 5629 5703
2209 9 2 32 38 436 437 4238 500 5950 6039
2210 9 2 32 38 708 709 4237 772 6040 5951
2211 9 2 32 38 540 541 3774 574 6041 6042
2212 9 2 32 38 719 720 3766 783 6043 6044
2213 9 2 32 38 425 426 3767 489 6045 6046
2214 9 2 32 38 3319 4045 3928 5589 6047 6048
2215 9 2 32 38 456 457 4055 520 6049 6050
2216 9 2 32 38 3280 3747 4487 6051 6052 5933
2217 9 2 32 38 3320 3949 4435 6053 6054 6055
2218 9 2 32 38 3139 3806 3789 6056 6057 6058
2219 9 2 32 38 3138 3790 3805 6059 6060 6061
2220 9 2 32 38 3370 3957 3545 6062 5536 6063
2221 9 2 32 38 3401 3627 4237 6064 6065 6066
2222 9 2 32 38 3400 4238 3628 6067 6068 6069
2223 9 2 32 38 3191 3682 4925 6070 6071 6072
2224 9 2 32 38 3193 4926 3683 6073 6074 6075
2225 9 2 32 38 3470 4040 3697 6076 5759 6077
2226 9 2 32 38 3471 3698 4041 6078 5762 6079
2227 9 2 32 38 3534 3937 4520 6080 6081 5648
2228 9 2 32 38 3533 4519 3938 5647 6082 6083
2229 9 2 32 38 3171 3707 3617 6084 6085 5279
2230 9 2 32 38 965 4260 3728 6086 6087 5148
2231 9 2 32 38 965 3729 4261 5149 6088 6089
2232 9 2 32 38 538 539 3796 572 6090 6091
2233 9 2 32 38 3179 4761 3598 6092 6093 5826
2234 9 2 32 38 3180 3599 4762 5825 6094 6095
2235 9 2 32 38 434 435 4046 498 6096 5707
2236 9 2 32 38 710 711 4047 774 5710 6097
2237 9 2 32 38 3339 4138 3876 5991 6098 6099
2238 9 2 32 38 3338 3875 4137 6100 6101 5986
2239 9 2 32 38 3389 3626 4218 6102 6103 6104
2240 9 2 32 38 3346 4032 3728 6105 5098 6106
2241 9 2 32 38 3347 3729 4033 6107 5101 6108
2242 9 2 32 38 3409 3967 4017 5147 6109 6110
2243 9 2 32 38 842 3739 843 6111 6112 851
2244 9 2 32 38 3244 3784 3900 6113 5243 6114
2245 9 2 32 38 3245 3901 3785 6115 5242 6116
2246 9 2 32 38 4850 3137 4105 6117 6118 6119
2247 9 2 32 38 4851 4104 3135 6120 6121 6122
2248 9 2 32 38 3423 4435 3949 6123 6054 6124
2249 9 2 32 38 914 4117 4259 5983 6125 6126
2250 9 2 32 38 3171 4878 3748 6127 6128 6129
2251 9 2 32 38 3537 4187 3732 5295 5118 6130
2252 9 2 32 38 3380 3721 3691 6131 6132 6133
2253 9 2 32 38 843 3739 4873 6112 5506 6134
2254 9 2 32 38 3506 3988 4221 6135 6136 6137
2255 9 2 32 38 3507 4222 3989 6138 6139 6140
2256 9 2 32 38 3344 3855 4395 6028 6141 6142
2257 9 2 32 38 1010 1011 3828 1024 6143 6144
2258 9 2 32 38 1010 3829 1011 6145 6146 1024
2259 9 2 32 38 3363 4825 3681 6147 6148 5047
2260 9 2 32 38 3365 3680 4824 5052 6149 6150
2261 9 2 32 38 3309 4097 4004 6151 6152 6153
2262 9 2 32 38 3641 3957 4758 5308 6154 6155
2263 9 2 32 38 941 4256 4286 6156 6157 6158
2264 9 2 32 38 3485 3741 4131 6159 5883 6012
2265 9 2 32 38 861 3580 4452 6160 6161 6162
2266 9 2 32 38 891 4453 3581 6163 6164 6165
2267 9 2 32 38 3236 3868 4562 6166 6167 6168
2268 9 2 32 38 3404 3848 4521 6169 6170 6171
2269 9 2 32 38 4907 3973 3130 5158 6172 6173
2270 9 2 32 38 4908 3131 3974 6174 6175 5155
2271 9 2 32 38 3466 3661 4396 6176 6177 6178
2272 9 2 32 38 3465 4397 3662 6179 6180 6181
2273 9 2 32 38 3442 4114 4526 6182 6183 6184
2274 9 2 32 38 3443 4527 4115 6185 6186 6187
2275 9 2 32 38 3468 3619 4553 6188 5925 6189
2276 9 2 32 38 3469 4554 3620 6190 5926 6191
2277 9 2 32 38 3430 3858 4411 6192 6193 6194
2278 9 2 32 38 3431 4412 3859 6195 6196 6197
2279 9 2 32 38 427 428 3798 491 6198 6199
2280 9 2 32 38 717 718 3799 781 6200 6201
2281 9 2 32 38 3413 4185 3793 6202 5955 6203
2282 9 2 32 38 3412 3792 4186 6204 5958 6205
2283 9 2 32 38 974 3951 4679 5846 6206 6207
2284 9 2 32 38 974 4680 3952 6208 6209 5847
2285 9 2 32 38 3174 3950 3842 6210 6211 6212
2286 9 2 32 38 3302 3644 4561 6213 6214 6215
2287 9 2 32 38 3476 3657 4776 5336 6216 6217
2288 9 2 32 38 3477 4777 3658 6218 6219 5337
2289 9 2 32 38 3323 3807 4387 5713 6220 6221
2290 9 2 32 38 945 3925 946 6222 5331 959
2291 9 2 32 38 3555 3918 4984 6223 6224 6225
2292 9 2 32 38 3356 3888 4161 6226 6227 6228
2293 9 2 32 38 3486 4030 3866 6229 5364 6230
2294 9 2 32 38 3487 3865 4029 6231 5367 6232
2295 9 2 32 38 12 3760 3916 6233 6234 6235
2296 9 2 32 38 3258 3562 4496 6236 6237 6238
2297 9 2 32 38 3948 4171 3233 5039 6239 6240
2298 9 2 32 38 976 977 3761 1000 6241 6242
2299 9 2 32 38 976 3762 977 6243 6244 1000
2300 9 2 32 38 564 565 3808 598 6245 6246
2301 9 2 32 38 3259 4072 3518 6247 5392 5288
2302 9 2 32 38 4975 3763 3343 6248 5440 6249
2303 9 2 32 38 3410 4639 3556 6250 6251 6252
2304 9 2 32 38 448 449 3812 512 6253 6254
2305 9 2 32 38 696 697 3813 760 6255 6256
2306 9 2 32 38 3318 4050 3872 6257 6258 6259
2307 9 2 32 38 3324 3667 4375 6260 6261 6262
2308 9 2 32 38 3325 4376 3668 6263 6264 6265
2309 9 2 32 38 3216 4187 3993 5119 6266 6267
2310 9 2 32 38 605 606 3772 639 6268 6269
2311 9 2 32 38 728 729 3792 792 6270 6271
2312 9 2 32 38 416 417 3793 480 6272 6273
2313 9 2 32 38 4333 4987 4095 6274 6275 6276
2314 9 2 32 38 4332 4096 4988 6277 6278 6279
2315 9 2 32 38 3408 4663 3605 6280 6281 5070
2316 9 2 32 38 3407 3606 4664 5069 6282 6283
2317 9 2 32 38 3133 3781 4805 5342 6284 6285
2318 9 2 32 38 3132 4804 3780 6286 6287 5343
2319 9 2 32 38 629 630 3816 663 6288 6289
2320 9 2 32 38 3682 4225 4925 5518 6290 6071
2321 9 2 32 38 3683 4926 4226 6074 6291 5521
2322 9 2 32 38 3318 3872 4481 6259 6292 6293
2323 9 2 32 38 3191 4526 3682 6294 6295 6070
2324 9 2 32 38 3193 3683 4527 6075 6296 6297
2325 9 2 32 38 3232 3696 4057 5822 6298 6299
2326 9 2 32 38 3550 3834 4509 6300 5802 5620
2327 9 2 32 38 3551 4510 3835 5623 5805 6301
2328 9 2 32 38 3359 4445 4744 6302 6303 5420
2329 9 2 32 38 3406 3537 3914 6304 6305 6306
2330 9 2 32 38 3357 3982 3892 6307 6308 6309
2331 9 2 32 38 3358 3893 3983 6310 6311 6312
2332 9 2 32 38 3289 3789 3806 6313 6057 6314
2333 9 2 32 38 3288 3805 3790 6315 6060 6316
2334 9 2 32 38 3565 4961 3844 6317 6318 6319
2335 9 2 32 38 3566 3843 4962 6320 6321 6322
2336 9 2 32 38 3212 4341 3686 6323 6324 6325
2337 9 2 32 38 3214 3687 4340 6326 6327 6328
2338 9 2 32 38 3179 3800 4761 6329 6330 6092
2339 9 2 32 38 3180 4762 3801 6095 6331 6332
2340 9 2 32 38 3655 4390 3494 6333 6334 6335
2341 9 2 32 38 3656 3493 4391 6336 6337 6338
2342 9 2 32 38 3406 3914 4257 6306 5406 6339
2343 9 2 32 38 3241 3892 4225 6340 6341 5517
2344 9 2 32 38 3242 4226 3893 5522 6342 6343
2345 9 2 32 38 3324 4531 3667 6344 5754 6260
2346 9 2 32 38 3325 3668 4532 6265 5757 6345
2347 9 2 32 38 3188 4866 3582 6346 6347 6348
2348 9 2 32 38 674 675 3797 738 6349 6350
2349 9 2 32 38 3570 3617 4708 5557 6351 6352
2350 9 2 32 38 3466 4401 4640 5880 5892 6353
2351 9 2 32 38 3465 4641 4402 6354 5893 5881
2352 9 2 32 38 825 4074 826 5723 5785 834
2353 9 2 32 38 3286 4942 4154 6355 6356 5916
2354 9 2 32 38 705 706 3819 769 5920 6357
2355 9 2 32 38 439 440 3820 503 6358 5921
2356 9 2 32 38 3370 3545 3941 6063 5579 6359
2357 9 2 32 38 3264 4790 4714 5978 5661 6360
2358 9 2 32 38 3265 4715 4791 6361 5666 5979
2359 9 2 32 38 3340 4308 4169 6362 6363 6364
2360 9 2 32 38 3338 3841 4490 5988 6365 6366
2361 9 2 32 38 3339 4491 3840 6367 6368 5989
2362 9 2 32 38 3522 3861 4484 6369 6370 6371
2363 9 2 32 38 3521 4485 3860 6372 6373 6374
2364 9 2 32 38 3646 4711 3856 6375 6376 5086
2365 9 2 32 38 3647 3857 4710 5083 6377 6378
2366 9 2 32 38 686 4827 4034 6379 6380 5843
2367 9 2 32 38 3322 3732 4441 6381 6382 5686
2368 9 2 32 38 3283 3657 4703 6383 5335 6384
2369 9 2 32 38 3284 4704 3658 6385 5338 6386
2370 9 2 32 38 3251 4074 3670 6387 5722 5837
2371 9 2 32 38 3322 4037 3732 6388 6389 6381
2372 9 2 32 38 3318 4481 3940 6293 6390 6391
2373 9 2 32 38 3386 4795 4108 5716 6392 6393
2374 9 2 32 38 3549 4170 4821 6394 6395 6396
2375 9 2 32 38 3239 3930 3595 6397 5695 6398
2376 9 2 32 38 3302 4561 3678 6215 6399 6400
2377 9 2 32 38 3217 4176 3624 6401 6402 5437
2378 9 2 32 38 3218 3625 4175 5436 6403 6404
2379 9 2 32 38 3374 3812 4343 6405 6406 6407
2380 9 2 32 38 3375 4344 3813 6408 6409 6410
2381 9 2 32 38 3331 3715 4244 6411 6412 6413
2382 9 2 32 38 3332 4245 3716 6414 6415 6416
2383 9 2 32 38 3750 4850 4105 6417 6119 6418
2384 9 2 32 38 3749 4104 4851 6419 6120 6420
2385 9 2 32 38 3231 3897 4875 6421 5108 6422
2386 9 2 32 38 3474 4203 3906 6423 6424 6425
2387 9 2 32 38 471 3918 4660 5783 6426 6427
2388 9 2 32 38 3281 4078 4002 6428 6429 5650
2389 9 2 32 38 3282 4003 4079 5653 6430 6431
2390 9 2 32 38 3338 4276 3758 6432 6433 6434
2391 9 2 32 38 3339 3759 4277 6435 6436 6437
2392 9 2 32 38 635 636 3823 669 6438 6439
2393 9 2 32 38 464 465 3827 528 6440 6441
2394 9 2 32 38 3239 3595 4947 6398 6442 6443
2395 9 2 32 38 558 559 3807 592 6444 6445
2396 9 2 32 38 3446 4372 4166 5910 6446 6447
2397 9 2 32 38 3285 3538 3902 6448 6449 5414
2398 9 2 32 38 3470 3697 3856 6077 6450 6451
2399 9 2 32 38 3471 3857 3698 6452 6453 6078
2400 9 2 32 38 3196 3754 3998 6454 6455 6456
2401 9 2 32 38 946 3924 3949 5333 6457 6458
2402 9 2 32 38 3130 3973 3705 6172 5885 6459
2403 9 2 32 38 3131 3706 3974 6460 5888 6175
2404 9 2 32 38 3360 3749 4851 5538 6420 6461
2405 9 2 32 38 3361 4850 3750 6462 6417 5543
2406 9 2 32 38 3137 3584 4105 6463 6464 6118
2407 9 2 32 38 3135 4104 3585 6121 6465 6466
2408 9 2 32 38 4018 4906 4220 6467 6468 5530
2409 9 2 32 38 3212 4752 4341 6469 6470 6323
2410 9 2 32 38 3214 4340 4753 6328 6471 6472
2411 9 2 32 38 4209 3772 3308 6473 5230 6474
2412 9 2 32 38 6 3824 473 6475 6476 537
2413 9 2 32 38 3509 4885 3759 6477 6478 6479
2414 9 2 32 38 3510 3758 4884 6480 6481 6482
2415 9 2 32 38 618 619 3849 652 6483 6484
2416 9 2 32 38 3495 3839 4393 6485 5914 6486
2417 9 2 32 38 3384 4107 4447 6487 6488 5021
2418 9 2 32 38 3514 4354 3660 6489 6490 5121
2419 9 2 32 38 3291 3808 3912 6491 6492 6493
2420 9 2 32 38 918 4741 919 5598 6494 932
2421 9 2 32 38 936 4740 937 6495 5599 950
2422 9 2 32 38 3166 3593 4061 5699 6496 6497
2423 9 2 32 38 3167 4062 3594 6498 6499 5700
2424 9 2 32 38 3318 4236 3525 6500 6501 5134
2425 9 2 32 38 457 3890 4055 6502 6503 6049
2426 9 2 32 38 680 681 3839 744 5899 6504
2427 9 2 32 38 3550 4819 3834 6505 6506 6300
2428 9 2 32 38 3551 3835 4820 6301 6507 6508
2429 9 2 32 38 3249 4334 4727 5778 6509 6510
2430 9 2 32 38 3449 3699 3942 6511 6512 6513
2431 9 2 32 38 3191 4123 3885 6514 6515 6516
2432 9 2 32 38 3193 3886 4122 6517 6518 6519
2433 9 2 32 38 3693 3956 4268 6520 6521 6522
2434 9 2 32 38 3152 3549 4821 6523 6396 6524
2435 9 2 32 38 3282 3780 3977 6525 6526 6527
2436 9 2 32 38 3281 3980 3781 6528 6529 6530
2437 9 2 32 38 3513 3778 4279 6531 5448 6532
2438 9 2 32 38 3253 4083 4671 5842 6533 6534
2439 9 2 32 38 12 848 3760 857 6535 6233
2440 9 2 32 38 687 4011 4827 5775 6536 6537
2441 9 2 32 38 3305 3966 3735 6538 5193 6539
2442 9 2 32 38 3717 3718 4729 5548 6540 6541
2443 9 2 32 38 3317 4462 3833 6542 6543 6544
2444 9 2 32 38 3321 3887 4195 5615 6545 6546
2445 9 2 32 38 3322 4119 4707 5546 5674 6547
2446 9 2 32 38 3652 4644 3738 6548 5561 6549
2447 9 2 32 38 3637 4475 4177 5141 5551 6550
2448 9 2 32 38 3636 4178 4476 6551 5554 5138
2449 9 2 32 38 3583 4775 3817 6552 5996 6553
2450 9 2 32 38 3182 4320 3717 6554 6555 5309
2451 9 2 32 38 3380 3691 4324 6133 6556 5477
2452 9 2 32 38 3582 4866 4293 6347 6557 5814
2453 9 2 32 38 3267 4118 3896 6558 6559 6560
2454 9 2 32 38 3367 4252 3657 5375 6561 6562
2455 9 2 32 38 3368 3658 4253 6563 6564 5376
2456 9 2 32 38 3896 4118 4621 6559 6565 6566
2457 9 2 32 38 3585 3810 4478 6567 5456 6568
2458 9 2 32 38 3584 4477 3811 6569 5457 6570
2459 9 2 32 38 3871 4642 4983 5764 6571 6572
2460 9 2 32 38 3207 4094 3602 6573 6574 6575
2461 9 2 32 38 3356 3602 4723 6576 6577 6578
2462 9 2 32 38 3233 3854 3948 6579 5297 6240
2463 9 2 32 38 3523 4352 4023 6580 6581 6582
2464 9 2 32 38 3524 4024 4353 6583 6584 6585
2465 9 2 32 38 3454 4232 3794 6586 6587 6588
2466 9 2 32 38 3455 3795 4233 6589 6590 6591
2467 9 2 32 38 3238 3724 4300 6592 6593 6594
2468 9 2 32 38 3525 3642 4317 6595 5677 6596
2469 9 2 32 38 3415 4343 3812 6597 6406 6598
2470 9 2 32 38 3414 3813 4344 6599 6409 6600
2471 9 2 32 38 3326 3839 3926 5915 5898 6601
2472 9 2 32 38 3491 4244 4807 5768 6602 5111
2473 9 2 32 38 3492 4808 4245 5116 6603 5769
2474 9 2 32 38 864 3719 865 6604 6605 877
2475 9 2 32 38 887 3720 888 6606 6607 900
2476 9 2 32 38 3355 3633 4099 6608 6609 6610
2477 9 2 32 38 3532 3833 4462 6611 6543 6612
2478 9 2 32 38 3553 4635 3676 6613 6614 5684
2479 9 2 32 38 3436 4229 4363 6615 6616 6617
2480 9 2 32 38 441 442 3840 505 6618 6619
2481 9 2 32 38 703 704 3841 767 6620 6621
2482 9 2 32 38 3178 3742 4945 6622 6623 6624
2483 9 2 32 38 3176 4946 3743 6625 6626 6627
2484 9 2 32 38 672 3700 4459 5503 6628 6629
2485 9 2 32 38 3754 4278 3998 6630 5385 6455
2486 9 2 32 38 3383 4020 4208 6631 6632 6633
2487 9 2 32 38 3385 4207 4019 6634 6635 6636
2488 9 2 32 38 3366 4126 3946 6637 6638 6639
2489 9 2 32 38 3236 3713 4136 6640 5890 6641
2490 9 2 32 38 3340 4628 3692 6642 6643 5943
2491 9 2 32 38 4433 3451 3571 6644 5742 6645
2492 9 2 32 38 4434 3572 3452 6646 5743 6647
2493 9 2 32 38 3344 3777 4134 6648 6649 6026
2494 9 2 32 38 3370 4342 4672 6650 6651 6652
2495 9 2 32 38 3693 4854 3956 5143 6653 6520
2496 9 2 32 38 3287 4435 4135 5625 6654 6655
2497 9 2 32 38 3298 3555 4984 4991 6225 6656
2498 9 2 32 38 3231 4875 3707 6422 6657 4996
2499 9 2 32 38 3172 3714 3713 5330 5054 6658
2500 9 2 32 38 3360 4851 3685 6461 6659 6660
2501 9 2 32 38 3361 3684 4850 6661 6662 6462
2502 9 2 32 38 3141 4535 3891 6663 6664 6665
2503 9 2 32 38 3398 4382 3874 6666 6667 6668
2504 9 2 32 38 3399 3873 4383 6669 6670 6671
2505 9 2 32 38 3557 3802 4563 6016 5429 6672
2506 9 2 32 38 3558 4564 3803 6673 5432 6019
2507 9 2 32 38 3323 3744 4082 6674 6675 5711
2508 9 2 32 38 848 4155 3760 6676 6677 6535
2509 9 2 32 38 3461 4028 3967 6678 6679 5180
2510 9 2 32 38 3365 4053 3885 6680 6681 6682
2511 9 2 32 38 3363 3886 4054 6683 6684 6685
2512 9 2 32 38 3224 3962 3742 6686 6687 6688
2513 9 2 32 38 3225 3743 3963 6689 6690 6691
2514 9 2 32 38 3145 4135 4294 5255 6692 6693
2515 9 2 32 38 3520 4968 4487 6694 5934 6695
2516 9 2 32 38 3178 4945 3736 6624 6696 5001
2517 9 2 32 38 3176 3737 4946 4993 6697 6625
2518 9 2 32 38 3401 4752 3627 6698 6699 6064
2519 9 2 32 38 3400 3628 4753 6069 6700 6701
2520 9 2 32 38 3369 4139 3939 6702 6703 6704
2521 9 2 32 38 943 3645 944 6705 6706 957
2522 9 2 32 38 3331 4179 3715 6707 6708 6411
2523 9 2 32 38 3332 3716 4180 6416 6709 6710
2524 9 2 32 38 3327 3933 3820 6711 5922 5691
2525 9 2 32 38 3328 3819 3934 5690 5919 6712
2526 9 2 32 38 612 613 3825 646 6713 6714
2527 9 2 32 38 3359 3867 3623 6715 6716 6717
2528 9 2 32 38 3181 3708 4437 5472 6718 6719
2529 9 2 32 38 946 3949 947 6458 6720 960
2530 9 2 32 38 3345 4055 3890 6721 6503 6722
2531 9 2 32 38 3467 4713 3987 5283 6723 6724
2532 9 2 32 38 3174 3842 4170 6212 6725 6726
2533 9 2 32 38 963 964 4032 987 5099 6727
2534 9 2 32 38 963 4033 964 6728 5100 987
2535 9 2 32 38 3495 4395 3855 6729 6141 6730
2536 9 2 32 38 1012 1013 3863 1026 6731 6732
2537 9 2 32 38 1012 3864 1013 6733 6734 1026
2538 9 2 32 38 3445 4165 4299 6735 6736 6737
2539 9 2 32 38 3355 4099 3943 6610 6738 6739
2540 9 2 32 38 3240 4361 3773 5780 6740 6741
2541 9 2 32 38 3261 3714 4182 5055 6742 6743
2542 9 2 32 38 3212 4196 4006 6744 6745 6746
2543 9 2 32 38 3214 4007 4197 6747 6748 6749
2544 9 2 32 38 3527 3916 3760 6750 6234 6751
2545 9 2 32 38 847 4155 848 5966 6676 856
2546 9 2 32 38 3345 3890 4487 6722 6752 6753
2547 9 2 32 38 3171 3748 3707 6129 5065 6084
2548 9 2 32 38 4551 3161 4883 6754 6755 5829
2549 9 2 32 38 4550 4882 3160 5832 6756 6757
2550 9 2 32 38 3445 4299 4806 6737 6758 6759
2551 9 2 32 38 3258 3791 4303 5796 6760 6761
2552 9 2 32 38 3218 4520 3937 6762 6081 6763
2553 9 2 32 38 3217 3938 4519 6764 6082 6765
2554 9 2 32 38 3318 3679 4050 5136 6766 6257
2555 9 2 32 38 3333 3773 4361 5258 6740 6767
2556 9 2 32 38 3621 4450 4148 5490 6768 6769
2557 9 2 32 38 3622 4149 4451 6770 6771 5491
2558 9 2 32 38 3691 3721 4912 6132 6772 6773
2559 9 2 32 38 3243 4859 4097 6774 6775 6776
2560 9 2 32 38 3478 3830 4361 6777 6778 5779
2561 9 2 32 38 3458 3708 4073 5851 5471 6779
2562 9 2 32 38 3144 3966 3804 6780 6781 6782
2563 9 2 32 38 3197 3834 4819 6783 6506 6784
2564 9 2 32 38 3198 4820 3835 6785 6507 6786
2565 9 2 32 38 3390 3784 4358 6787 6788 6789
2566 9 2 32 38 3391 4357 3785 6790 6791 6792
2567 9 2 32 38 3794 4232 4801 6587 6793 6794
2568 9 2 32 38 3795 4802 4233 6795 6796 6590
2569 9 2 32 38 3489 4161 3717 6797 5310 6798
2570 9 2 32 38 3350 4298 3809 6799 6800 6801
2571 9 2 32 38 678 679 3855 742 6802 6803
2572 9 2 32 38 3376 4027 3735 6804 5682 5192
2573 9 2 32 38 913 4189 914 6805 5981 927
2574 9 2 32 38 3306 3778 4623 6806 6807 6808
2575 9 2 32 38 3326 3926 3626 6601 6809 6810
2576 9 2 32 38 3239 4822 4444 6811 6812 6813
2577 9 2 32 38 3241 3596 4291 6814 6815 6816
2578 9 2 32 38 3242 4292 3597 6817 6818 6819
2579 9 2 32 38 3532 4308 3712 6820 6821 6822
2580 9 2 32 38 3288 3790 4019 6316 6823 6824
2581 9 2 32 38 3289 4020 3789 6825 6826 6313
2582 9 2 32 38 3274 4761 4310 6827 6828 6829
2583 9 2 32 38 3275 4309 4762 6830 6831 6832
2584 9 2 32 38 3199 4514 3593 6833 6834 5355
2585 9 2 32 38 3200 3594 4515 5360 6835 6836
2586 9 2 32 38 3151 3927 3911 6837 6838 6839
2587 9 2 32 38 9 3802 4824 5430 6840 6841
2588 9 2 32 38 3352 3781 3782 6842 5341 6843
2589 9 2 32 38 3354 3783 3780 6844 5344 6845
2590 9 2 32 38 5 4825 3803 6846 6847 5431
2591 9 2 32 38 3278 3874 4382 6848 6667 6849
2592 9 2 32 38 3279 4383 3873 6850 6670 6851
2593 9 2 32 38 3305 3804 3966 6852 6781 6538
2594 9 2 32 38 3259 4070 4460 5862 6853 6854
2595 9 2 32 38 3421 3745 3959 6855 6856 6857
2596 9 2 32 38 3422 3958 3746 6858 6859 6860
2597 9 2 32 38 966 967 3944 990 6861 6862
2598 9 2 32 38 966 3945 967 6863 6864 990
2599 9 2 32 38 3223 3821 4678 6865 6866 6867
2600 9 2 32 38 3222 4677 3822 6868 6869 6870
2601 9 2 32 38 3328 3934 3627 6712 6871 6872
2602 9 2 32 38 3327 3628 3933 6873 6874 6711
2603 9 2 32 38 3595 4393 4947 5864 6875 6442
2604 9 2 32 38 3317 3809 3921 6876 6877 6878
2605 9 2 32 38 3264 4714 3768 6360 6879 6880
2606 9 2 32 38 3265 3769 4715 6881 6882 6361
2607 9 2 32 38 3259 4460 4072 6854 6883 6247
2608 9 2 32 38 3319 4248 3825 6884 6885 5587
2609 9 2 32 38 468 469 4099 532 6886 6887
2610 9 2 32 38 3138 3805 4518 6061 5568 6888
2611 9 2 32 38 3139 4517 3806 6889 5571 6056
2612 9 2 32 38 3380 4072 3739 5478 6890 6891
2613 9 2 32 38 3485 4387 3807 6014 6220 6892
2614 9 2 32 38 11 4625 3721 6893 6894 6895
2615 9 2 32 38 3781 3980 4805 6529 6896 6284
2616 9 2 32 38 3780 4804 3977 6287 6897 6526
2617 9 2 32 38 3712 4575 3142 6898 6899 6900
2618 9 2 32 38 3568 3965 4886 6901 6902 6903
2619 9 2 32 38 3742 4475 4095 6904 6905 6906
2620 9 2 32 38 3743 4096 4476 6907 6908 6909
2621 9 2 32 38 3153 3650 4536 6910 5963 6911
2622 9 2 32 38 3283 4043 4289 6912 6913 6914
2623 9 2 32 38 3284 4290 4044 6915 6916 6917
2624 9 2 32 38 3345 3635 4055 6918 6919 6721
2625 9 2 32 38 3478 4267 4592 6920 6921 6922
2626 9 2 32 38 3182 4161 3888 5311 6227 5772
2627 9 2 32 38 3508 4479 4015 5947 6923 6924
2628 9 2 32 38 3184 4409 4269 6011 6925 6926
2629 9 2 32 38 3254 4981 3629 6927 6928 6929
2630 9 2 32 38 3255 3630 4982 6930 6931 6932
2631 9 2 32 38 701 702 3875 765 6933 6934
2632 9 2 32 38 443 444 3876 507 6935 6936
2633 9 2 32 38 3422 4518 3543 6937 5567 5511
2634 9 2 32 38 3421 3544 4517 5516 5572 6938
2635 9 2 32 38 3484 4727 4334 6939 6509 5482
2636 9 2 32 38 3442 4066 3728 6940 6941 6942
2637 9 2 32 38 3443 3729 4067 6943 6944 6945
2638 9 2 32 38 3513 4623 3778 6946 6807 6531
2639 9 2 32 38 3540 3891 4535 6947 6664 6948
2640 9 2 32 38 3444 4028 4173 6949 6950 6951
2641 9 2 32 38 3583 4745 3696 6952 6953 6954
2642 9 2 32 38 3206 3788 3917 5559 5610 6955
2643 9 2 32 38 3159 3957 4705 6956 6957 6958
2644 9 2 32 38 3842 3950 4817 6211 6003 6959
2645 9 2 32 38 607 3730 3964 5217 6960 6961
2646 9 2 32 38 3346 3728 4066 6106 6941 6962
2647 9 2 32 38 3347 4067 3729 6963 6944 6107
2648 9 2 32 38 3482 3840 4491 6964 6368 6965
2649 9 2 32 38 3483 4490 3841 6966 6365 6967
2650 9 2 32 38 3532 4648 3833 6968 6969 6611
2651 9 2 32 38 3307 4056 3906 6970 6971 5036
2652 9 2 32 38 3386 4259 3567 6972 6973 5714
2653 9 2 32 38 3348 4698 3733 6974 6975 5967
2654 9 2 32 38 3349 3734 4699 5972 6976 6977
2655 9 2 32 38 3635 4806 4299 6978 6758 6979
2656 9 2 32 38 3365 3802 4053 6980 5937 6680
2657 9 2 32 38 3436 4363 4147 6617 6981 6982
2658 9 2 32 38 3363 4054 3803 6685 5940 6983
2659 9 2 32 38 3328 4006 4364 6984 6985 5688
2660 9 2 32 38 3327 4365 4007 5693 6986 6987
2661 9 2 32 38 3162 3546 4939 6988 6989 6990
2662 9 2 32 38 3163 4940 3547 6991 6992 6993
2663 9 2 32 38 3564 3959 3745 6994 6856 5005
2664 9 2 32 38 3563 3746 3958 5004 6859 6995
2665 9 2 32 38 3260 4521 3848 6996 6170 6997
2666 9 2 32 38 3241 4114 3596 6998 6999 6814
2667 9 2 32 38 3242 3597 4115 6819 7000 7001
2668 9 2 32 38 3682 4526 4114 6295 6183 7002
2669 9 2 32 38 3683 4115 4527 7003 6186 6296
2670 9 2 32 38 3389 4822 3626 7004 7005 6102
2671 9 2 32 38 3362 4085 3954 7006 7007 7008
2672 9 2 32 38 3364 3953 4084 7009 7010 7011
2673 9 2 32 38 864 4043 3719 7012 7013 6604
2674 9 2 32 38 888 3720 4044 6607 7014 7015
2675 9 2 32 38 3363 4588 3886 7016 7017 6683
2676 9 2 32 38 3365 3885 4589 6682 7018 7019
2677 9 2 32 38 3463 4268 3642 7020 5856 7021
2678 9 2 32 38 10 4346 984 7022 7023 1008
2679 9 2 32 38 10 984 4348 1008 7024 7025
2680 9 2 32 38 3310 3775 4649 7026 7027 7028
2681 9 2 32 38 3311 4650 3776 7029 7030 7031
2682 9 2 32 38 3410 3556 4167 6252 7032 7033
2683 9 2 32 38 3224 3742 4095 6688 6906 7034
2684 9 2 32 38 3225 4096 3743 7035 6907 6689
2685 9 2 32 38 3251 4644 4074 7036 7037 6387
2686 9 2 32 38 3260 3673 4150 7038 7039 7040
2687 9 2 32 38 3596 4783 3907 7041 5563 7042
2688 9 2 32 38 3597 3908 4784 7043 5566 7044
2689 9 2 32 38 3497 4424 3650 7045 7046 7047
2690 9 2 32 38 3376 3704 4629 7048 7049 5911
2691 9 2 32 38 3638 4169 4308 7050 6363 7051
2692 9 2 32 38 3797 4880 4102 7052 7053 7054
2693 9 2 32 38 3377 4576 4615 7055 7056 7057
2694 9 2 32 38 3141 4818 3676 7058 7059 7060
2695 9 2 32 38 3151 3778 4445 5449 7061 7062
2696 9 2 32 38 3168 4624 3548 7063 7064 7065
2697 9 2 32 38 3226 3909 3586 7066 7067 7068
2698 9 2 32 38 3239 4444 3869 6813 7069 7070
2699 9 2 32 38 3191 4925 4123 6072 7071 6514
2700 9 2 32 38 3193 4122 4926 6519 7072 6073
2701 9 2 32 38 3435 3717 4320 5549 6555 7073
2702 9 2 32 38 3376 3570 4027 5912 7074 6804
2703 9 2 32 38 3449 3942 4933 6513 7075 7076
2704 9 2 32 38 3281 3781 4078 6530 7077 6428
2705 9 2 32 38 3282 4079 3780 6431 7078 6525
2706 9 2 32 38 3465 4120 4397 7079 7080 6179
2707 9 2 32 38 3466 4396 4121 6178 7081 7082
2708 9 2 32 38 3171 4901 4878 7083 7084 6127
2709 9 2 32 38 457 458 3890 521 7085 6502
2710 9 2 32 38 914 4259 915 6126 7086 928
2711 9 2 32 38 3503 4181 3688 7087 7088 7089
2712 9 2 32 38 3323 4057 4069 7090 7091 7092
2713 9 2 32 38 3592 4097 4859 5418 6775 7093
2714 9 2 32 38 3673 4130 4150 7094 5993 7039
2715 9 2 32 38 3356 4690 3602 7095 7096 6576
2716 9 2 32 38 3211 4057 3696 7097 6298 6033
2717 9 2 32 38 3543 3805 4263 5569 7098 7099
2718 9 2 32 38 3544 4262 3806 7100 7101 5570
2719 9 2 32 38 4648 3712 3142 7102 6900 7103
2720 9 2 32 38 3249 4146 3613 7104 7105 5776
2721 9 2 32 38 3170 3818 4763 7106 7107 7108
2722 9 2 32 38 4821 4170 4966 6395 7109 7110
2723 9 2 32 38 3184 4269 4657 6926 7111 5062
2724 9 2 32 38 3301 4666 3927 7112 7113 7114
2725 9 2 32 38 3316 3845 4345 7115 5362 7116
2726 9 2 32 38 819 3936 820 7117 7118 822
2727 9 2 32 38 799 800 3935 802 7119 7120
2728 9 2 32 38 3379 3804 4198 7121 7122 7123
2729 9 2 32 38 3461 4173 4028 7124 6950 6678
2730 9 2 32 38 940 4256 941 7125 6156 954
2731 9 2 32 38 3186 3845 4247 7126 7127 6031
2732 9 2 32 38 3170 4306 3818 7128 7129 7106
2733 9 2 32 38 829 3677 830 7130 7131 838
2734 9 2 32 38 3553 4548 4566 7132 7133 7134
2735 9 2 32 38 3587 4610 4342 7135 7136 7137
2736 9 2 32 38 863 4043 864 7138 7012 876
2737 9 2 32 38 888 4044 889 7015 7139 901
2738 9 2 32 38 3515 3814 4109 7140 7141 7142
2739 9 2 32 38 548 549 3910 582 7143 7144
2740 9 2 32 38 3516 4110 3815 7145 7146 7147
2741 9 2 32 38 3527 3760 4841 6751 7148 7149
2742 9 2 32 38 3276 4155 4879 7150 7151 7152
2743 9 2 32 38 982 4328 4608 7153 7154 7155
2744 9 2 32 38 982 4609 4329 7156 7157 7158
2745 9 2 32 38 554 555 3913 588 7159 7160
2746 9 2 32 38 3226 3586 4872 7068 7161 7162
2747 9 2 32 38 3276 4841 3760 7163 7148 7164
2748 9 2 32 38 861 4590 3580 7165 7166 6160
2749 9 2 32 38 891 3581 4591 6165 7167 7168
2750 9 2 32 38 3664 4144 4201 7169 7170 7171
2751 9 2 32 38 3665 4202 4145 7172 7173 7174
2752 9 2 32 38 3613 4146 4250 7105 7175 7176
2753 9 2 32 38 3196 3998 4230 6456 7177 7178
2754 9 2 32 38 3162 4604 3546 7179 7180 6988
2755 9 2 32 38 3163 3547 4605 6993 7181 7182
2756 9 2 32 38 983 984 4957 1007 7183 7184
2757 9 2 32 38 983 4958 984 7185 7186 1007
2758 9 2 32 38 3188 4436 4424 7187 7188 7189
2759 9 2 32 38 673 4102 3700 7190 7191 5502
2760 9 2 32 38 3957 3159 4758 6956 7192 6154
2761 9 2 32 38 3247 4210 3573 7193 7194 7195
2762 9 2 32 38 3248 3574 4211 7196 7197 7198
2763 9 2 32 38 3450 4566 3738 7199 7200 5560
2764 9 2 32 38 3152 4199 3549 7201 7202 6523
2765 9 2 32 38 3478 4592 3830 6922 7203 6777
2766 9 2 32 38 561 4042 3741 7204 7205 5475
2767 9 2 32 38 3186 3773 3947 6032 5257 5799
2768 9 2 32 38 610 3740 3902 5467 5415 7206
2769 9 2 32 38 3677 4154 4942 7207 6356 7208
2770 9 2 32 38 3140 4662 3673 7209 7210 7211
2771 9 2 32 38 4727 3484 3633 6939 6036 7212
2772 9 2 32 38 3199 3775 3990 7213 7214 7215
2773 9 2 32 38 3200 3991 3776 7216 7217 7218
2774 9 2 32 38 909 4017 3967 7219 6109 7220
2775 9 2 32 38 3463 4177 3693 7221 5906 7222
2776 9 2 32 38 3464 3694 4178 7223 5907 7224
2777 9 2 32 38 3263 3758 3860 7225 7226 5616
2778 9 2 32 38 3262 3861 3759 5619 7227 7228
2779 9 2 32 38 3310 4201 3775 7229 7230 7026
2780 9 2 32 38 3311 3776 4202 7031 7231 7232
2781 9 2 32 38 3169 4844 4479 7233 7234 5946
2782 9 2 32 38 3178 4475 3742 5552 6904 6622
2783 9 2 32 38 3176 3743 4476 6627 6909 5553
2784 9 2 32 38 3583 3696 4614 6954 5821 7235
2785 9 2 32 38 3356 4723 3888 6578 7236 6226
2786 9 2 32 38 3540 4689 4726 7237 5303 7238
2787 9 2 32 38 3206 3884 4188 7239 7240 5558
2788 9 2 32 38 3294 3869 4444 7241 7069 7242
2789 9 2 32 38 3562 3862 4496 7243 7244 6237
2790 9 2 32 38 3317 4902 3674 7245 7246 7247
2791 9 2 32 38 3469 4505 4554 7248 7249 6190
2792 9 2 32 38 3468 4553 4504 6189 7250 7251
2793 9 2 32 38 3161 4551 3975 6754 7252 7253
2794 9 2 32 38 3160 3978 4550 7254 7255 6757
2795 9 2 32 38 3188 4064 4866 7256 7257 6346
2796 9 2 32 38 3308 3964 3730 5232 6960 7258
2797 9 2 32 38 3363 4125 4588 5049 7259 7016
2798 9 2 32 38 3404 4203 3848 7260 7261 6169
2799 9 2 32 38 3365 4589 4127 7019 7262 5050
2800 9 2 32 38 3221 4182 3714 7263 6742 7264
2801 9 2 32 38 3519 4286 4256 7265 6157 5604
2802 9 2 32 38 3390 4429 3784 7266 7267 6787
2803 9 2 32 38 3391 3785 4427 6792 7268 7269
2804 9 2 32 38 3229 4764 3994 7270 7271 7272
2805 9 2 32 38 3230 3995 4765 7273 7274 7275
2806 9 2 32 38 469 3943 4099 7276 6738 6886
2807 9 2 32 38 609 610 3902 643 7206 7277
2808 9 2 32 38 3336 4221 3988 7278 6136 7279
2809 9 2 32 38 3337 3989 4222 7280 6139 7281
2810 9 2 32 38 980 3831 4414 5635 5161 7282
2811 9 2 32 38 980 4415 3832 7283 5162 5636
2812 9 2 32 38 3159 3872 4050 7284 6258 7285
2813 9 2 32 38 3393 3697 4839 7286 5760 7287
2814 9 2 32 38 3394 4840 3698 7288 5761 7289
2815 9 2 32 38 3638 4879 4155 7290 7151 5965
2816 9 2 32 38 3498 4763 3818 7291 7107 5103
2817 9 2 32 38 3475 4249 3824 7292 7293 7294
2818 9 2 32 38 3253 3676 4971 5354 7295 7296
2819 9 2 32 38 3384 4208 4020 7297 6632 7298
2820 9 2 32 38 3386 4019 4207 7299 6635 7300
2821 9 2 32 38 3329 3858 3607 7301 7302 7303
2822 9 2 32 38 3330 3608 3859 7304 7305 7306
2823 9 2 32 38 3488 3708 4676 7307 7308 7309
2824 9 2 32 38 3366 4182 4246 7310 7311 5251
2825 9 2 32 38 3371 3838 4331 7312 7313 5379
2826 9 2 32 38 3372 4330 3837 5382 7314 7315
2827 9 2 32 38 3366 3765 4126 5252 7316 6637
2828 9 2 32 38 981 982 4608 1005 7155 5208
2829 9 2 32 38 981 4609 982 5211 7156 1005
2830 9 2 32 38 3378 4215 3659 7317 7318 7319
2831 9 2 32 38 3407 4664 3787 6283 7320 7321
2832 9 2 32 38 3408 3786 4663 7322 7323 6280
2833 9 2 32 38 3383 3789 4020 7324 6826 6631
2834 9 2 32 38 3385 4019 3790 6636 6823 7325
2835 9 2 32 38 3158 4745 3583 7326 6952 7327
2836 9 2 32 38 565 566 3912 599 7328 7329
2837 9 2 32 38 3130 3751 4620 7330 7331 7332
2838 9 2 32 38 3131 4619 3752 7333 7334 7335
2839 9 2 32 38 3868 4881 4562 7336 7337 6167
2840 9 2 32 38 3191 3885 4053 6516 6681 7338
2841 9 2 32 38 3407 4295 3684 7339 7340 7341
2842 9 2 32 38 3193 4054 3886 7342 6684 6517
2843 9 2 32 38 3408 3685 4296 7343 7344 7345
2844 9 2 32 38 4957 984 4347 7183 7346 7347
2845 9 2 32 38 4958 4349 984 7348 7349 7186
2846 9 2 32 38 3445 4806 4216 6759 7350 7351
2847 9 2 32 38 3646 4867 4711 7352 7353 6375
2848 9 2 32 38 3647 4710 4868 6378 7354 7355
2849 9 2 32 38 3725 3502 4483 7356 7357 7358
2850 9 2 32 38 3726 4482 3501 7359 7360 7361
2851 9 2 32 38 3418 4798 4061 7362 7363 7364
2852 9 2 32 38 3419 4062 4799 7365 7366 7367
2853 9 2 32 38 982 983 4957 1006 7184 7368
2854 9 2 32 38 982 4958 983 7369 7185 1006
2855 9 2 32 38 3148 3715 4179 7370 6708 7371
2856 9 2 32 38 3149 4180 3716 7372 6709 7373
2857 9 2 32 38 3398 4157 4025 7374 7375 7376
2858 9 2 32 38 3399 4026 4158 7377 7378 7379
2859 9 2 32 38 3355 4549 3788 7380 5008 5198
2860 9 2 32 38 3523 4132 4352 5999 7381 6580
2861 9 2 32 38 3524 4353 4133 6585 7382 6000
2862 9 2 32 38 3383 4192 3789 7383 7384 7324
2863 9 2 32 38 3385 3790 4191 7325 7385 7386
2864 9 2 32 38 3285 3950 3881 7387 7388 7389
2865 9 2 32 38 3318 3940 4236 6391 5583 6500
2866 9 2 32 38 3406 4297 3537 7390 5293 6304
2867 9 2 32 38 3367 3657 4289 6562 7391 7392
2868 9 2 32 38 3368 4290 3658 7393 7394 6563
2869 9 2 32 38 3312 4912 3721 7395 6772 7396
2870 9 2 32 38 3479 3870 4684 7397 7398 7399
2871 9 2 32 38 3468 4768 3619 7400 7401 6188
2872 9 2 32 38 3469 3620 4769 6191 7402 7403
2873 9 2 32 38 3391 4266 3661 7404 7405 7406
2874 9 2 32 38 3390 3662 4265 7407 7408 7409
2875 9 2 32 38 3232 4131 3711 7410 5752 7411
2876 9 2 32 38 557 4082 3744 7412 6675 5585
2877 9 2 32 38 546 547 3919 580 7413 7414
2878 9 2 32 38 3667 4630 4375 7415 7416 6261
2879 9 2 32 38 3668 4376 4631 6264 7417 7418
2880 9 2 32 38 732 733 3953 796 7419 7420
2881 9 2 32 38 412 413 3954 476 7421 7422
2882 9 2 32 38 6 4124 3824 7423 7424 6475
2883 9 2 32 38 3231 4293 3897 5815 5734 6421
2884 9 2 32 38 614 615 3928 648 7425 7426
2885 9 2 32 38 3294 4406 3869 7427 5473 7241
2886 9 2 32 38 3268 4244 3715 7428 6412 7429
2887 9 2 32 38 3269 3716 4245 7430 6415 7431
2888 9 2 32 38 3453 4050 3679 7432 6766 7433
2889 9 2 32 38 3398 3874 4186 6668 7434 5957
2890 9 2 32 38 3399 4185 3873 5956 7435 6669
2891 9 2 32 38 3439 4225 4109 7436 7437 7438
2892 9 2 32 38 3428 3968 4151 7439 7440 7441
2893 9 2 32 38 3440 4110 4226 7442 7443 7444
2894 9 2 32 38 3188 4817 4063 7445 7446 7447
2895 9 2 32 38 3618 4626 4073 7448 7449 7450
2896 9 2 32 38 3249 4188 3884 7451 7240 7452
2897 9 2 32 38 3133 4472 3782 7453 5789 5340
2898 9 2 32 38 3132 3783 4471 5345 5790 7454
2899 9 2 32 38 567 568 3862 601 7455 7456
2900 9 2 32 38 3446 4217 4751 7457 7458 7459
2901 9 2 32 38 3346 3557 4032 6017 7460 6105
2902 9 2 32 38 3347 4033 3558 6108 7461 6018
2903 9 2 32 38 3404 3678 4786 7462 7463 7464
2904 9 2 32 38 3186 4438 3845 7465 5286 7126
2905 9 2 32 38 3175 3648 3860 7466 5617 7467
2906 9 2 32 38 3177 3861 3649 7468 5618 7469
2907 9 2 32 38 3237 3956 4854 7470 6653 7471
2908 9 2 32 38 3152 4821 3905 6524 5185 7472
2909 9 2 32 38 4793 3655 3494 7473 6335 7474
2910 9 2 32 38 4794 3493 3656 7475 6336 7476
2911 9 2 32 38 3581 4678 3821 7477 6866 7478
2912 9 2 32 38 3580 3822 4677 7479 6869 7480
2913 9 2 32 38 3548 4615 4576 7481 7056 7482
2914 9 2 32 38 3438 4302 3599 7483 7484 5852
2915 9 2 32 38 3437 3598 4301 5855 7485 7486
2916 9 2 32 38 562 563 3887 596 7487 7488
2917 9 2 32 38 3329 4411 3858 7489 6193 7301
2918 9 2 32 38 3330 3859 4412 7306 6196 7490
2919 9 2 32 38 3247 3573 4272 7195 7491 7492
2920 9 2 32 38 3248 4273 3574 7493 7494 7196
2921 9 2 32 38 11 831 4625 840 7495 6893
2922 9 2 32 38 3283 4904 4043 7496 7497 6912
2923 9 2 32 38 3284 4044 4905 6917 7498 7499
2924 9 2 32 38 3196 4250 4538 7500 7501 7502
2925 9 2 32 38 3418 4061 4514 7364 7503 7504
2926 9 2 32 38 3419 4515 4062 7505 7506 7365
2927 9 2 32 38 3474 4973 4203 7507 7508 6423
2928 9 2 32 38 3177 4484 3861 7509 6370 7468
2929 9 2 32 38 3175 3860 4485 7467 6373 7510
2930 9 2 32 38 3237 4216 4806 7511 7350 7512
2931 9 2 32 38 3521 3860 3758 6374 7226 7513
2932 9 2 32 38 3522 3759 3861 7514 7227 6369
2933 9 2 32 38 3173 4060 3552 5271 7515 5479
2934 9 2 32 38 3487 4224 3865 7516 7517 6231
2935 9 2 32 38 3486 3866 4223 6230 7518 7519
2936 9 2 32 38 3340 3712 4308 6015 6821 6362
2937 9 2 32 38 3441 4362 4279 7520 7521 7522
2938 9 2 32 38 3301 3818 4666 5188 7523 7112
2939 9 2 32 38 3374 4343 3997 6407 7524 7525
2940 9 2 32 38 3375 3996 4344 7526 7527 6408
2941 9 2 32 38 3416 3969 3880 5276 7528 7529
2942 9 2 32 38 3417 3879 3970 7530 7531 5277
2943 9 2 32 38 3497 3650 4103 7047 7532 7533
2944 9 2 32 38 3354 3780 4079 6845 7078 5238
2945 9 2 32 38 3352 4078 3781 5237 7077 6842
2946 9 2 32 38 3450 4174 4535 7534 7535 7536
2947 9 2 32 38 3403 4162 4038 7537 7538 7539
2948 9 2 32 38 3531 4789 4171 7540 7541 7542
2949 9 2 32 38 3448 3980 3979 7543 7544 7545
2950 9 2 32 38 3168 4113 3987 7546 7547 7548
2951 9 2 32 38 3447 3976 3977 7549 7550 7551
2952 9 2 32 38 3362 4059 4125 7552 7553 5212
2953 9 2 32 38 3364 4127 4058 5215 7554 7555
2954 9 2 32 38 3435 4632 3718 7556 7557 5547
2955 9 2 32 38 3339 3876 4599 6099 7558 7559
2956 9 2 32 38 3338 4600 3875 7560 7561 6100
2957 9 2 32 38 3336 3978 3979 7562 7563 7564
2958 9 2 32 38 3337 3976 3975 7565 7566 7567
2959 9 2 32 38 3130 4183 3751 7568 7569 7330
2960 9 2 32 38 3131 3752 4184 7335 7570 7571
2961 9 2 32 38 3194 4760 3837 7572 7573 7574
2962 9 2 32 38 3192 3838 4759 7575 7576 7577
2963 9 2 32 38 3525 4538 3679 7578 7579 5135
2964 9 2 32 38 3186 3731 4438 5800 7580 7465
2965 9 2 32 38 3624 4541 4471 7581 7582 7583
2966 9 2 32 38 3625 4472 4540 7584 7585 7586
2967 9 2 32 38 3521 3758 4276 7513 6433 7587
2968 9 2 32 38 3522 4277 3759 7588 6436 7514
2969 9 2 32 38 3778 4744 4445 7589 6303 7061
2970 9 2 32 38 3446 4751 3659 7459 7590 5908
2971 9 2 32 38 625 626 3946 659 7591 7592
2972 9 2 32 38 3596 3907 4291 7042 7593 6815
2973 9 2 32 38 3597 4292 3908 6818 7594 7043
2974 9 2 32 38 4880 4967 4102 7595 7596 7053
2975 9 2 32 38 943 4673 3645 7597 7598 6705
2976 9 2 32 38 3515 4225 3892 7599 6341 7600
2977 9 2 32 38 3286 3738 4566 5918 7200 7601
2978 9 2 32 38 3516 3893 4226 7602 6342 7603
2979 9 2 32 38 3291 3912 3562 6493 7604 7605
2980 9 2 32 38 3519 4481 4286 7606 7607 7265
2981 9 2 32 38 3515 4312 3814 7608 5347 7140
2982 9 2 32 38 3516 3815 4313 7147 5350 7609
2983 9 2 32 38 3187 4264 3817 7610 5835 5995
2984 9 2 32 38 3247 3756 4210 7611 7612 7193
2985 9 2 32 38 3248 4211 3757 7198 7613 7614
2986 9 2 32 38 3348 4321 3882 5969 7615 7616
2987 9 2 32 38 3349 3883 4322 7617 7618 5970
2988 9 2 32 38 3442 3728 4260 6942 6087 7619
2989 9 2 32 38 3443 4261 3729 7620 6088 6943
2990 9 2 32 38 3159 4705 4639 6958 7621 7622
2991 9 2 32 38 3418 4514 3990 7504 7623 7624
2992 9 2 32 38 3419 3991 4515 7625 7626 7505
2993 9 2 32 38 4590 860 3822 7627 7628 7629
2994 9 2 32 38 4591 3821 892 7630 7631 7632
2995 9 2 32 38 3291 4012 3808 7633 7634 6491
2996 9 2 32 38 3533 4619 3606 7635 7636 5646
2997 9 2 32 38 3534 3605 4620 5649 7637 7638
2998 9 2 32 38 3285 3740 4258 5416 7639 7640
2999 9 2 32 38 3674 3984 4410 7641 7642 7643
3000 9 2 32 38 3216 4441 3732 7644 6382 5117
3001 9 2 32 38 3388 4333 4095 7645 6276 7646
3002 9 2 32 38 3387 4096 4332 7647 6277 7648
3003 9 2 32 38 3154 4480 3955 7649 7650 7651
3004 9 2 32 38 3257 4258 3526 7652 7653 7654
3005 9 2 32 38 3241 3682 4114 5519 7002 6998
3006 9 2 32 38 3242 4115 3683 7001 7003 5520
3007 9 2 32 38 3302 3678 4150 6400 7655 5992
3008 9 2 32 38 846 4169 3638 7656 7050 5792
3009 9 2 32 38 3155 4493 3846 7657 7658 7659
3010 9 2 32 38 3156 3847 4494 7660 7661 7662
3011 9 2 32 38 3348 4210 4951 7663 7664 7665
3012 9 2 32 38 3349 4952 4211 7666 7667 7668
3013 9 2 32 38 3238 4751 4217 7669 7458 7670
3014 9 2 32 38 3165 3844 4961 7671 6318 7672
3015 9 2 32 38 3164 4962 3843 7673 6321 7674
3016 9 2 32 38 565 3912 3808 7329 6492 6245
3017 9 2 32 38 3412 4186 3931 6205 7675 7676
3018 9 2 32 38 3413 3932 4185 7677 7678 6202
3019 9 2 32 38 3406 4257 3915 6339 7679 7680
3020 9 2 32 38 3232 4387 4131 7681 6013 7410
3021 9 2 32 38 4342 4849 4672 7682 7683 6651
3022 9 2 32 38 3435 3634 4657 7684 5501 7685
3023 9 2 32 38 3396 4454 3834 7686 7687 7688
3024 9 2 32 38 3397 3835 4455 7689 7690 7691
3025 9 2 32 38 3718 4874 4729 7692 7693 6540
3026 9 2 32 38 3407 3684 4176 7341 7694 7695
3027 9 2 32 38 3408 4175 3685 7696 7697 7343
3028 9 2 32 38 469 470 3943 533 7698 7276
3029 9 2 32 38 3428 4516 4136 7699 7700 7701
3030 9 2 32 38 3211 4069 4057 7702 7091 7097
3031 9 2 32 38 552 553 3939 586 7703 7704
3032 9 2 32 38 3376 4728 3704 7705 7706 7048
3033 9 2 32 38 3272 4310 3800 7707 7708 7709
3034 9 2 32 38 3273 3801 4309 7710 7711 7712
3035 9 2 32 38 3262 3759 4885 7228 6478 7713
3036 9 2 32 38 3263 4884 3758 7714 6481 7225
3037 9 2 32 38 3309 3568 4886 7715 6903 7716
3038 9 2 32 38 4420 3958 4978 7717 7718 7719
3039 9 2 32 38 4421 4977 3959 7720 7721 7722
3040 9 2 32 38 560 3741 4219 5476 7723 7724
3041 9 2 32 38 3276 3760 4155 7164 6677 7150
3042 9 2 32 38 3258 4303 3562 6761 7725 6236
3043 9 2 32 38 3475 4441 4249 5861 7726 7292
3044 9 2 32 38 3567 4259 4117 6973 6125 7727
3045 9 2 32 38 3607 3770 4205 7728 7729 7730
3046 9 2 32 38 3608 4206 3771 7731 7732 7733
3047 9 2 32 38 3496 3867 3992 7734 7735 7736
3048 9 2 32 38 3350 4410 3984 7737 7642 7738
3049 9 2 32 38 3355 3943 4549 6739 7739 7380
3050 9 2 32 38 3442 3944 4114 7740 7741 6182
3051 9 2 32 38 3443 4115 3945 6187 7742 7743
3052 9 2 32 38 3244 4358 3784 7744 6788 6113
3053 9 2 32 38 3245 3785 4357 6116 6791 7745
3054 9 2 32 38 3350 3704 4298 5582 7746 6799
3055 9 2 32 38 3393 4839 3814 7287 7747 5346
3056 9 2 32 38 3394 3815 4840 5351 7748 7288
3057 9 2 32 38 3541 3993 4984 7749 7750 7751
3058 9 2 32 38 3274 3931 4761 7752 7753 6827
3059 9 2 32 38 3275 4762 3932 6832 7754 7755
3060 9 2 32 38 3319 3928 4311 6048 7756 7757
3061 9 2 32 38 3719 4043 4904 7013 7497 7758
3062 9 2 32 38 3720 4905 4044 7759 7498 7014
3063 9 2 32 38 3688 4181 4972 7088 7760 7761
3064 9 2 32 38 3445 4009 4165 7762 7763 6735
3065 9 2 32 38 3446 4166 4010 6447 7764 7765
3066 9 2 32 38 3591 3924 3925 5023 5332 5205
3067 9 2 32 38 3155 3846 4380 7659 7766 7767
3068 9 2 32 38 3156 4381 3847 7768 7769 7660
3069 9 2 32 38 3738 4154 4974 5917 7770 7771
3070 9 2 32 38 3613 4250 4446 7176 7772 7773
3071 9 2 32 38 3531 4171 4432 7542 7774 7775
3072 9 2 32 38 861 4452 862 6162 7776 874
3073 9 2 32 38 890 4453 891 7777 6163 903
3074 9 2 32 38 3453 3679 4250 7433 7778 7779
3075 9 2 32 38 3369 4432 4171 7780 7774 5463
3076 9 2 32 38 3697 4473 3856 7781 7782 6450
3077 9 2 32 38 3593 3689 4764 5317 7783 7784
3078 9 2 32 38 3594 4765 3690 7785 7786 5318
3079 9 2 32 38 3698 3857 4474 6453 7787 7788
3080 9 2 32 38 3931 4914 4761 7789 7790 7753
3081 9 2 32 38 3932 4762 4915 7754 7791 7792
3082 9 2 32 38 3424 4352 4013 7793 7794 7795
3083 9 2 32 38 3425 4014 4353 7796 7797 7798
3084 9 2 32 38 3237 4854 4216 7471 7799 7511
3085 9 2 32 38 3472 4655 4443 7800 7801 7802
3086 9 2 32 38 3373 4425 3849 7803 7804 7805
3087 9 2 32 38 3371 3971 4040 5380 7806 7807
3088 9 2 32 38 3372 4041 3972 7808 7809 5381
3089 9 2 32 38 3513 4279 4362 6532 7521 7810
3090 9 2 32 38 3138 4191 3790 7811 7385 6059
3091 9 2 32 38 3139 3789 4192 6058 7384 7812
3092 9 2 32 38 970 3733 4378 5876 7813 7814
3093 9 2 32 38 970 4379 3734 7815 7816 5877
3094 9 2 32 38 3458 4713 3753 7817 7818 5849
3095 9 2 32 38 3411 3582 4706 7819 7820 7821
3096 9 2 32 38 3423 3949 3924 6124 6457 5018
3097 9 2 32 38 556 3744 4071 5586 7822 7823
3098 9 2 32 38 3264 3768 4909 6880 7824 7825
3099 9 2 32 38 3265 4910 3769 7826 7827 6881
3100 9 2 32 38 608 4423 3730 7828 7829 5216
3101 9 2 32 38 3187 4803 3695 5656 7830 7831
3102 9 2 32 38 3382 4069 3877 7832 7833 7834
3103 9 2 32 38 3201 3922 4312 7835 5459 7836
3104 9 2 32 38 3202 4313 3923 7837 5462 7838
3105 9 2 32 38 3210 3592 4325 5419 7839 7840
3106 9 2 32 38 3791 4407 4934 5795 7841 7842
3107 9 2 32 38 15 4030 4580 5365 7843 7844
3108 9 2 32 38 13 4579 4029 7845 7846 5366
3109 9 2 32 38 3552 3993 4187 7847 6266 5480
3110 9 2 32 38 3132 4471 4541 7454 7582 7848
3111 9 2 32 38 3133 4540 4472 7849 7585 7453
3112 9 2 32 38 3503 4080 4965 7850 7851 7852
3113 9 2 32 38 3188 3582 4436 6348 7853 7187
3114 9 2 32 38 4213 3234 4869 7854 7855 7856
3115 9 2 32 38 4214 4870 3235 7857 7858 7859
3116 9 2 32 38 3380 3739 4367 6891 7860 7861
3117 9 2 32 38 3473 4666 3818 7862 7523 7863
3118 9 2 32 38 3199 4649 3775 7864 7027 7213
3119 9 2 32 38 3200 3776 4650 7218 7030 7865
3120 9 2 32 38 3377 4615 3889 7057 7866 7867
3121 9 2 32 38 3301 4323 3623 7868 7869 5900
3122 9 2 32 38 12 3916 4697 6235 7870 7871
3123 9 2 32 38 3298 4984 3993 6656 7750 7872
3124 9 2 32 38 3666 4813 3999 7873 5534 7874
3125 9 2 32 38 4726 3250 4965 7875 7876 7877
3126 9 2 32 38 3130 3705 4183 6459 7878 7568
3127 9 2 32 38 3131 4184 3706 7571 7879 6460
3128 9 2 32 38 3430 4557 3858 7880 7881 6192
3129 9 2 32 38 3431 3859 4558 6197 7882 7883
3130 9 2 32 38 3168 3548 4576 7065 7482 7884
3131 9 2 32 38 3249 3884 4146 7452 7885 7104
3132 9 2 32 38 863 4985 4043 7886 7887 7138
3133 9 2 32 38 889 4044 4986 7139 7888 7889
3134 9 2 32 38 3197 4819 4483 6784 7890 7891
3135 9 2 32 38 3198 4482 4820 7892 7893 6785
3136 9 2 32 38 3418 4796 4798 7894 7895 7362
3137 9 2 32 38 3419 4799 4797 7367 7896 7897
3138 9 2 32 38 3692 4460 4070 7898 6853 5944
3139 9 2 32 38 3589 4043 4985 7899 7887 7900
3140 9 2 32 38 3590 4986 4044 7901 7888 7902
3141 9 2 32 38 982 4957 4328 7368 7903 7153
3142 9 2 32 38 982 4329 4958 7158 7904 7369
3143 9 2 32 38 3321 3741 4042 5884 7205 5613
3144 9 2 32 38 726 727 3986 790 7905 7906
3145 9 2 32 38 418 419 3985 482 7907 7908
3146 9 2 32 38 3221 3714 4190 7264 5329 7909
3147 9 2 32 38 3449 4031 4147 7910 7911 7912
3148 9 2 32 38 3520 4487 3890 6695 6752 7913
3149 9 2 32 38 3320 4684 3870 7914 7398 7915
3150 9 2 32 38 3252 4431 3554 7916 7917 7918
3151 9 2 32 38 3364 4058 4513 7555 7919 7920
3152 9 2 32 38 3362 4512 4059 7921 7922 7552
3153 9 2 32 38 611 4377 3740 7923 7924 5466
3154 9 2 32 38 3449 4933 3727 7076 7925 7926
3155 9 2 32 38 3236 4284 3868 7927 7928 6166
3156 9 2 32 38 3515 4109 4225 7142 7437 7599
3157 9 2 32 38 3516 4226 4110 7603 7443 7145
3158 9 2 32 38 3432 3609 4492 7929 7930 7931
3159 9 2 32 38 3324 3709 4571 7932 7933 7934
3160 9 2 32 38 3325 4572 3710 7935 7936 7937
3161 9 2 32 38 910 3967 4028 7938 6679 7939
3162 9 2 32 38 3170 3909 4306 7940 7941 7128
3163 9 2 32 38 3185 3956 3747 7942 7943 7944
3164 9 2 32 38 3137 4228 3584 7945 7946 6463
3165 9 2 32 38 3135 3585 4227 6466 7947 7948
3166 9 2 32 38 3739 4072 4460 6890 6883 5504
3167 9 2 32 38 3168 3618 4624 7949 7950 7063
3168 9 2 32 38 462 3763 4091 6030 7951 7952
3169 9 2 32 38 3466 4640 3661 6353 7953 6176
3170 9 2 32 38 3465 3662 4641 6181 7954 6354
3171 9 2 32 38 720 4092 3766 7955 7956 6043
3172 9 2 32 38 425 3767 4093 6046 7957 7958
3173 9 2 32 38 972 3882 4321 5322 7615 7959
3174 9 2 32 38 972 4322 3883 7960 7618 5323
3175 9 2 32 38 3179 4509 3800 5621 7961 6329
3176 9 2 32 38 3180 3801 4510 6332 7962 5622
3177 9 2 32 38 937 3970 3879 5601 7531 7963
3178 9 2 32 38 918 3880 3969 7964 7528 5596
3179 9 2 32 38 3153 3984 4556 7965 7966 7967
3180 9 2 32 38 3221 4708 3878 7968 7969 7970
3181 9 2 32 38 677 4134 3777 7971 6649 6024
3182 9 2 32 38 3369 3939 4431 6704 7972 7973
3183 9 2 32 38 551 4139 3779 7974 7975 5960
3184 9 2 32 38 3257 3526 4248 7654 7976 7977
3185 9 2 32 38 623 3765 4081 5985 7978 7979
3186 9 2 32 38 3303 4359 4685 7980 7981 7982
3187 9 2 32 38 3304 4686 4360 7983 7984 7985
3188 9 2 32 38 3484 4285 4337 7986 7987 6037
3189 9 2 32 38 3411 4436 3582 7988 7853 7819
3190 9 2 32 38 3254 3629 4469 6929 7989 7990
3191 9 2 32 38 3255 4470 3630 7991 7992 6930
3192 9 2 32 38 3158 3583 4930 7327 7993 7994
3193 9 2 32 38 3589 4289 4043 7995 6913 7899
3194 9 2 32 38 3590 4044 4290 7902 6916 7996
3195 9 2 32 38 3196 4446 4250 7997 7772 7500
3196 9 2 32 38 3405 4094 4204 7998 7999 8000
3197 9 2 32 38 3245 3639 4530 5868 8001 8002
3198 9 2 32 38 3244 4529 3640 8003 8004 5869
3199 9 2 32 38 3134 4040 3971 5388 7806 8005
3200 9 2 32 38 3136 3972 4041 8006 7809 5389
3201 9 2 32 38 3328 3627 4318 6872 8007 8008
3202 9 2 32 38 3327 4319 3628 8009 8010 6873
3203 9 2 32 38 627 628 3968 661 8011 8012
3204 9 2 32 38 3625 3852 4472 5435 5495 7584
3205 9 2 32 38 3624 4471 3853 7583 5498 5438
3206 9 2 32 38 3150 3981 4392 8013 8014 8015
3207 9 2 32 38 3326 3626 4339 6810 8016 8017
3208 9 2 32 38 3570 4190 4027 8018 5823 7074
3209 9 2 32 38 3195 3732 4037 8019 6389 8020
3210 9 2 32 38 3709 4213 4869 5226 7856 8021
3211 9 2 32 38 3710 4870 4214 8022 7857 5227
3212 9 2 32 38 4839 3134 4109 5386 8023 8024
3213 9 2 32 38 4840 4110 3136 8025 8026 5391
3214 9 2 32 38 3569 4437 4539 8027 8028 8029
3215 9 2 32 38 3285 3881 4419 7389 8030 8031
3216 9 2 32 38 4903 3699 3467 8032 8033 8034
3217 9 2 32 38 4006 4701 4364 8035 8036 6985
3218 9 2 32 38 4007 4365 4702 6986 8037 8038
3219 9 2 32 38 450 451 4000 514 8039 8040
3220 9 2 32 38 694 695 4001 758 8041 8042
3221 9 2 32 38 3185 4268 3956 5857 6521 7942
3222 9 2 32 38 3517 4575 3712 8043 6898 5396
3223 9 2 32 38 3525 4236 3642 6501 5024 6595
3224 9 2 32 38 3236 4562 3713 6168 8044 6640
3225 9 2 32 38 3389 4750 4034 8045 8046 8047
3226 9 2 32 38 3460 3885 4123 8048 6515 8049
3227 9 2 32 38 3459 4122 3886 8050 6518 8051
3228 9 2 32 38 3231 4706 3582 4998 7820 5813
3229 9 2 32 38 3404 3905 3906 8052 5186 8053
3230 9 2 32 38 3411 3650 4436 5964 8054 7988
3231 9 2 32 38 3410 3872 4639 8055 8056 6250
3232 9 2 32 38 3573 4679 3951 8057 6206 8058
3233 9 2 32 38 3574 3952 4680 8059 6209 8060
3234 9 2 32 38 971 4321 3733 8061 5968 5875
3235 9 2 32 38 971 3734 4322 5878 5971 8062
3236 9 2 32 38 3303 4051 4359 8063 8064 7980
3237 9 2 32 38 3304 4360 4052 7985 8065 8066
3238 9 2 32 38 3194 3837 4330 7574 7314 8067
3239 9 2 32 38 3192 4331 3838 8068 7313 7575
3240 9 2 32 38 3510 4600 3758 8069 8070 6480
3241 9 2 32 38 3509 3759 4599 6479 8071 8072
3242 9 2 32 38 3238 4217 4800 7670 8073 8074
3243 9 2 32 38 3463 4781 3894 8075 8076 8077
3244 9 2 32 38 3367 4617 4677 8078 8079 8080
3245 9 2 32 38 3368 4678 4618 8081 8082 8083
3246 9 2 32 38 676 3777 4098 6025 8084 8085
3247 9 2 32 38 3464 3895 4754 8086 8087 8088
3248 9 2 32 38 427 3798 4112 6199 5602 8089
3249 9 2 32 38 718 4111 3799 8090 5603 6200
3250 9 2 32 38 631 632 4005 665 8091 8092
3251 9 2 32 38 3257 4248 4063 7977 8093 8094
3252 9 2 32 38 3435 4320 3634 7073 8095 7684
3253 9 2 32 38 3573 3882 4679 8096 6006 8057
3254 9 2 32 38 3574 4680 3883 8060 6007 8097
3255 9 2 32 38 3280 4278 3747 5383 8098 6051
3256 9 2 32 38 3505 3865 4224 8099 7517 8100
3257 9 2 32 38 3504 4223 3866 8101 7518 8102
3258 9 2 32 38 3154 4141 4480 8103 8104 7649
3259 9 2 32 38 3600 4909 3768 8105 7824 5929
3260 9 2 32 38 3601 3769 4910 5932 7827 8106
3261 9 2 32 38 3382 4338 3913 8107 8108 8109
3262 9 2 32 38 3251 4229 4689 8110 8111 8112
3263 9 2 32 38 3493 4335 4391 8113 8114 6337
3264 9 2 32 38 3494 4390 4336 6334 8115 8116
3265 9 2 32 38 3333 4361 3830 6767 6778 8117
3266 9 2 32 38 3393 3922 4326 5460 8118 8119
3267 9 2 32 38 3394 4327 3923 8120 8121 5461
3268 9 2 32 38 3274 4310 4270 6829 8122 8123
3269 9 2 32 38 3275 4271 4309 8124 8125 6830
3270 9 2 32 38 3510 4884 4371 6482 8126 8127
3271 9 2 32 38 3509 4370 4885 8128 8129 6477
3272 9 2 32 38 3463 3894 4856 8077 8130 8131
3273 9 2 32 38 3464 4857 3895 8132 8133 8086
3274 9 2 32 38 570 3764 3965 5859 8134 8135
3275 9 2 32 38 3396 3834 4315 7688 8136 5259
3276 9 2 32 38 3397 4316 3835 5262 8137 7689
3277 9 2 32 38 3382 3877 4338 7834 8138 8107
3278 9 2 32 38 3546 4006 4196 8139 6745 8140
3279 9 2 32 38 3547 4197 4007 8141 6748 8142
3280 9 2 32 38 3432 4200 3609 8143 8144 7929
3281 9 2 32 38 4621 3266 3896 8145 8146 6566
3282 9 2 32 38 3488 4437 3708 8147 6718 7307
3283 9 2 32 38 541 4162 3774 8148 8149 6041
3284 9 2 32 38 977 4232 3761 8150 8151 6241
3285 9 2 32 38 977 3762 4233 6244 8152 8153
3286 9 2 32 38 463 4106 3763 8154 5441 6029
3287 9 2 32 38 539 4119 3796 8155 5545 6090
3288 9 2 32 38 3320 4435 3675 6055 5624 8156
3289 9 2 32 38 3305 4198 3804 8157 7122 6852
3290 9 2 32 38 3420 4667 3669 8158 8159 8160
3291 9 2 32 38 729 4157 3792 8161 8162 6270
3292 9 2 32 38 416 3793 4158 6273 8163 8164
3293 9 2 32 38 3756 4951 4210 8165 7664 7612
3294 9 2 32 38 3757 4211 4952 7613 7667 8166
3295 9 2 32 38 550 3779 4116 5961 8167 8168
3296 9 2 32 38 3458 4073 4626 6779 7449 8169
3297 9 2 32 38 3586 3909 4943 7067 8170 8171
3298 9 2 32 38 3428 3816 4516 8172 8173 7699
3299 9 2 32 38 605 3772 4314 6269 8174 8175
3300 9 2 32 38 448 3812 4100 6254 8176 8177
3301 9 2 32 38 697 4101 3813 8178 8179 6255
3302 9 2 32 38 544 545 4016 578 8180 8181
3303 9 2 32 38 3233 4171 4789 6239 7541 8182
3304 9 2 32 38 3496 4479 3867 8183 8184 7734
3305 9 2 32 38 3369 3779 4139 5465 7975 6702
3306 9 2 32 38 3254 4469 3973 7990 5638 5484
3307 9 2 32 38 3255 3974 4470 5485 5641 7991
3308 9 2 32 38 830 3677 4077 7131 8185 8186
3309 9 2 32 38 969 4378 3907 8187 8188 5451
3310 9 2 32 38 969 3908 4379 5454 8189 8190
3311 9 2 32 38 3350 3809 4410 6801 8191 7737
3312 9 2 32 38 719 3766 4111 6044 5427 8192
3313 9 2 32 38 426 4112 3767 8193 5424 6045
3314 9 2 32 38 3346 4066 4053 6962 8194 5936
3315 9 2 32 38 3347 4054 4067 5941 8195 6963
3316 9 2 32 38 3378 3659 4300 7319 8196 8197
3317 9 2 32 38 3607 3858 4573 7302 8198 8199
3318 9 2 32 38 3608 4574 3859 8200 8201 7305
3319 9 2 32 38 3207 3602 4690 6575 7096 8202
3320 9 2 32 38 3350 3984 3703 7738 8203 5131
3321 9 2 32 38 675 4098 3797 8204 8205 6349
3322 9 2 32 38 7 4314 3764 8206 8207 5858
3323 9 2 32 38 3495 4393 4395 6486 8208 6729
3324 9 2 32 38 860 4581 3822 8209 8210 7628
3325 9 2 32 38 892 3821 4582 7631 8211 8212
3326 9 2 32 38 967 4783 3944 8213 8214 6861
3327 9 2 32 38 967 3945 4784 6864 8215 8216
3328 9 2 32 38 3144 3804 4403 6782 8217 8218
3329 9 2 32 38 3238 4409 3724 8219 6010 6592
3330 9 2 32 38 3669 4642 4247 8220 5267 8221
3331 9 2 32 38 3240 4443 4655 8222 7801 5290
3332 9 2 32 38 3260 4461 3673 8223 8224 7038
3333 9 2 32 38 3267 3896 4555 6560 8225 8226
3334 9 2 32 38 674 3797 4102 6350 7054 8227
3335 9 2 32 38 3617 3878 4708 8228 7969 6351
3336 9 2 32 38 3430 4355 4557 8229 8230 7880
3337 9 2 32 38 3431 4558 4356 7883 8231 8232
3338 9 2 32 38 3188 4424 4817 7189 8233 7445
3339 9 2 32 38 540 3774 4119 6042 5675 8234
3340 9 2 32 38 3197 4315 3834 8235 8136 6783
3341 9 2 32 38 3198 3835 4316 6786 8137 8236
3342 9 2 32 38 559 4219 3807 8237 8238 6444
3343 9 2 32 38 3800 4310 4761 7708 6828 6330
3344 9 2 32 38 3801 4762 4309 6331 6831 7711
3345 9 2 32 38 3626 4456 4218 8239 5680 6103
3346 9 2 32 38 3366 3946 4488 6639 8240 8241
3347 9 2 32 38 3417 4602 3879 8242 8243 7530
3348 9 2 32 38 3416 3880 4603 7529 8244 8245
3349 9 2 32 38 3462 4528 4199 8246 8247 8248
3350 9 2 32 38 3283 4289 3657 6914 7391 6383
3351 9 2 32 38 3284 3658 4290 6386 7394 6915
3352 9 2 32 38 3144 3809 4298 8249 6800 8250
3353 9 2 32 38 3240 3773 4642 6741 5268 5763
3354 9 2 32 38 3328 4318 4006 8008 8251 6984
3355 9 2 32 38 3327 4007 4319 6987 8252 8009
3356 9 2 32 38 3814 4839 4109 7747 8024 7141
3357 9 2 32 38 3815 4110 4840 7146 8025 7748
3358 9 2 32 38 624 4126 3765 8253 7316 5984
3359 9 2 32 38 3212 3686 4837 6325 8254 8255
3360 9 2 32 38 3214 4838 3687 8256 8257 6326
3361 9 2 32 38 3541 3824 4249 8258 7293 8259
3362 9 2 32 38 3207 4622 3731 8260 8261 5895
3363 9 2 32 38 976 3761 4388 6242 8262 8263
3364 9 2 32 38 976 4389 3762 8264 8265 6243
3365 9 2 32 38 3617 3707 4858 6085 8266 8267
3366 9 2 32 38 3389 4218 4750 6104 8268 8045
3367 9 2 32 38 3199 3960 4766 5357 8269 8270
3368 9 2 32 38 3200 4767 3961 8271 8272 5358
3369 9 2 32 38 3410 4286 4481 8273 7607 8274
3370 9 2 32 38 3210 4004 4097 8275 6152 5417
3371 9 2 32 38 452 453 4009 516 8276 8277
3372 9 2 32 38 692 693 4010 756 8278 8279
3373 9 2 32 38 3278 4513 4058 8280 7919 8281
3374 9 2 32 38 3279 4059 4512 8282 7922 8283
3375 9 2 32 38 3210 4325 4709 7840 8284 8285
3376 9 2 32 38 3261 4488 3577 8286 8287 8288
3377 9 2 32 38 428 4120 3798 8289 8290 6198
3378 9 2 32 38 717 3799 4121 6201 8291 8292
3379 9 2 32 38 3219 3843 4778 8293 8294 8295
3380 9 2 32 38 3220 4779 3844 8296 8297 8298
3381 9 2 32 38 633 634 4008 667 8299 8300
3382 9 2 32 38 3540 4535 4174 6948 7535 8301
3383 9 2 32 38 3151 3911 4279 6839 8302 5447
3384 9 2 32 38 3433 3761 4368 8303 8304 5399
3385 9 2 32 38 3434 4369 3762 5404 8305 8306
3386 9 2 32 38 3142 3848 4203 8307 7261 8308
3387 9 2 32 38 629 3816 4151 6289 8309 8310
3388 9 2 32 38 3448 4577 4242 8311 8312 8313
3389 9 2 32 38 3447 4243 4578 8314 8315 8316
3390 9 2 32 38 3195 4555 4539 8317 8318 8319
3391 9 2 32 38 3252 3554 4338 7918 8320 8321
3392 9 2 32 38 3345 4408 3635 8322 8323 6918
3393 9 2 32 38 3787 4554 4505 8324 7249 8325
3394 9 2 32 38 3786 4504 4553 8326 7250 8327
3395 9 2 32 38 3483 4364 4490 5974 8328 6966
3396 9 2 32 38 3482 4491 4365 6965 8329 5975
3397 9 2 32 38 3404 4786 3905 7464 8330 8052
3398 9 2 32 38 3317 3833 4902 6544 8331 7245
3399 9 2 32 38 3463 4856 4177 8131 8332 7221
3400 9 2 32 38 3464 4178 4857 7224 8333 8132
3401 9 2 32 38 538 3796 4124 6091 8334 8335
3402 9 2 32 38 3140 3673 4601 7211 8336 8337
3403 9 2 32 38 464 3827 4106 6441 5450 8338
3404 9 2 32 38 569 570 3965 603 8135 8339
3405 9 2 32 38 3226 4419 3881 8340 8030 8341
3406 9 2 32 38 3379 4198 4654 7123 8342 8343
3407 9 2 32 38 3652 4074 4644 5786 7037 6548
3408 9 2 32 38 3141 3676 4635 7060 6614 8344
3409 9 2 32 38 3391 3661 4357 7406 8345 6790
3410 9 2 32 38 3390 4358 3662 6789 8346 7407
3411 9 2 32 38 3381 4533 4413 8347 8348 8349
3412 9 2 32 38 3373 4855 3897 8350 8351 5733
3413 9 2 32 38 3438 3851 4524 8352 8353 8354
3414 9 2 32 38 3437 4525 3850 8355 8356 8357
3415 9 2 32 38 3415 3962 4343 8358 8359 6597
3416 9 2 32 38 3414 4344 3963 6600 8360 8361
3417 9 2 32 38 826 3652 4888 5787 8362 8363
3418 9 2 32 38 3725 4483 4819 7358 7890 8364
3419 9 2 32 38 3726 4820 4482 8365 7893 7359
3420 9 2 32 38 3422 3746 4979 6860 8366 8367
3421 9 2 32 38 3421 4980 3745 8368 8369 6855
3422 9 2 32 38 449 4152 3812 8370 8371 6253
3423 9 2 32 38 696 3813 4153 6256 8372 8373
3424 9 2 32 38 3319 4063 4248 8374 8093 6884
3425 9 2 32 38 618 3849 4425 6484 7804 8375
3426 9 2 32 38 3469 3851 4228 8376 8377 8378
3427 9 2 32 38 3468 4227 3850 8379 8380 8381
3428 9 2 32 38 3436 4689 4229 5798 8111 6615
3429 9 2 32 38 3144 4616 3809 8382 8383 8249
3430 9 2 32 38 3319 4064 4063 8384 8385 8374
3431 9 2 32 38 3338 3758 4600 6434 8070 7560
3432 9 2 32 38 3339 4599 3759 7559 8071 6435
3433 9 2 32 38 3398 4025 4382 7376 8386 6666
3434 9 2 32 38 3399 4383 4026 6671 8387 7377
3435 9 2 32 38 420 421 4021 484 8388 8389
3436 9 2 32 38 724 725 4022 788 8390 8391
3437 9 2 32 38 3147 4107 3894 8392 8393 8394
3438 9 2 32 38 3146 3895 4108 8395 8396 8397
3439 9 2 32 38 630 4140 3816 8398 8399 6288
3440 9 2 32 38 730 731 4025 794 8400 8401
3441 9 2 32 38 414 415 4026 478 8402 8403
3442 9 2 32 38 3688 4972 4744 7761 5663 8404
3443 9 2 32 38 3502 4882 3901 8405 8406 8407
3444 9 2 32 38 3501 3900 4883 8408 8409 8410
3445 9 2 32 38 3251 4944 4229 5839 8411 8110
3446 9 2 32 38 4242 4540 4805 8412 8413 8414
3447 9 2 32 38 4243 4804 4541 8415 8416 8417
3448 9 2 32 38 3539 3920 4264 5012 5897 8418
3449 9 2 32 38 3392 4246 3878 5081 8419 8420
3450 9 2 32 38 3785 4428 4427 8421 8422 7268
3451 9 2 32 38 3784 4429 4430 7267 8423 8424
3452 9 2 32 38 3157 4181 3920 8425 5669 5034
3453 9 2 32 38 865 3719 4240 6605 8426 8427
3454 9 2 32 38 887 4241 3720 8428 8429 6606
3455 9 2 32 38 3474 3906 4056 6425 6971 8430
3456 9 2 32 38 3736 4216 4854 8431 7799 4999
3457 9 2 32 38 612 3825 4377 6714 8432 8433
3458 9 2 32 38 15 4580 935 7844 8434 948
3459 9 2 32 38 13 920 4579 934 8435 7845
3460 9 2 32 38 3261 3577 4468 8288 8436 8437
3461 9 2 32 38 3365 4824 3802 6150 6840 6980
3462 9 2 32 38 3363 3803 4825 6983 6847 6147
3463 9 2 32 38 705 3819 4235 6357 8438 8439
3464 9 2 32 38 440 4234 3820 8440 8441 6358
3465 9 2 32 38 3261 4182 4488 6743 8442 8286
3466 9 2 32 38 3287 4135 3753 6655 5254 8443
3467 9 2 32 38 3429 4284 4516 8444 8445 8446
3468 9 2 32 38 3355 4613 3633 8447 8448 6608
3469 9 2 32 38 3566 4778 3843 8449 8294 6320
3470 9 2 32 38 3565 3844 4779 6319 8297 8450
3471 9 2 32 38 3150 4392 4718 8015 8451 8452
3472 9 2 32 38 3261 4468 4136 8437 8453 5889
3473 9 2 32 38 829 4154 3677 8454 7207 7130
3474 9 2 32 38 3309 4231 4097 8455 8456 6151
3475 9 2 32 38 3272 3834 4454 5803 7687 8457
3476 9 2 32 38 3273 4455 3835 8458 7690 5804
3477 9 2 32 38 3257 3950 4258 6004 8459 7652
3478 9 2 32 38 3429 4516 3816 8446 8173 8460
3479 9 2 32 38 3357 4378 3733 8461 7813 8462
3480 9 2 32 38 3358 3734 4379 8463 7816 8464
3481 9 2 32 38 728 3792 4254 6271 8465 8466
3482 9 2 32 38 417 4255 3793 8467 8468 6272
3483 9 2 32 38 3566 3837 4760 8469 7573 8470
3484 9 2 32 38 3565 4759 3838 8471 7576 8472
3485 9 2 32 38 3307 4103 4056 8473 8474 6970
3486 9 2 32 38 3362 3681 4085 5213 8475 7006
3487 9 2 32 38 3364 4084 3680 7011 8476 5214
3488 9 2 32 38 3367 4677 4132 8080 8477 5998
3489 9 2 32 38 3368 4133 4678 6001 8478 8081
3490 9 2 32 38 975 4388 3951 8479 8480 5845
3491 9 2 32 38 975 3952 4389 5848 8481 8482
3492 9 2 32 38 3243 4231 3529 8483 8484 8485
3493 9 2 32 38 3278 4058 4597 8281 8486 8487
3494 9 2 32 38 3279 4598 4059 8488 8489 8282
3495 9 2 32 38 3826 4657 4269 8490 7111 8491
3496 9 2 32 38 3146 3718 4632 8492 7557 8493
3497 9 2 32 38 1010 3828 4128 6144 5175 8494
3498 9 2 32 38 1010 4129 3829 8495 5178 6145
3499 9 2 32 38 3285 4258 3950 7640 8459 7387
3500 9 2 32 38 3454 4368 3761 8496 8304 8497
3501 9 2 32 38 3455 3762 4369 8498 8305 8499
3502 9 2 32 38 3324 4375 3709 6262 5224 7932
3503 9 2 32 38 3325 3710 4376 7937 5229 6263
3504 9 2 32 38 635 3823 4168 6439 8500 8501
3505 9 2 32 38 3650 4424 4436 7046 7188 8054
3506 9 2 32 38 3633 4467 4099 8502 8503 6609
3507 9 2 32 38 3497 4170 3842 8504 6725 8505
3508 9 2 32 38 3366 4488 4182 8241 8442 7310
3509 9 2 32 38 909 3967 910 7220 7938 923
3510 9 2 32 38 4342 4610 3297 7136 5234 8506
3511 9 2 32 38 465 4285 3827 8507 8508 6440
3512 9 2 32 38 3145 3915 4257 8509 7679 8510
3513 9 2 32 38 3189 4652 4375 8511 5902 8512
3514 9 2 32 38 3190 4376 4653 8513 5905 8514
3515 9 2 32 38 3689 3994 4764 8515 7271 7783
3516 9 2 32 38 3690 4765 3995 7786 7274 8516
3517 9 2 32 38 3392 3878 4569 8420 8517 8518
3518 9 2 32 38 564 3808 4627 6246 8519 8520
3519 9 2 32 38 542 543 4038 576 8521 8522
3520 9 2 32 38 3374 4100 3812 5027 8176 6405
3521 9 2 32 38 3375 3813 4101 6410 8179 5032
3522 9 2 32 38 869 4144 4350 8523 8524 8525
3523 9 2 32 38 883 4351 4145 8526 8527 8528
3524 9 2 32 38 3237 4661 3956 8529 8530 7470
3525 9 2 32 38 441 3840 4234 6619 8531 8532
3526 9 2 32 38 704 4235 3841 8533 8534 6620
3527 9 2 32 38 3271 4373 3603 8535 8536 8537
3528 9 2 32 38 3270 3604 4374 8538 8539 8540
3529 9 2 32 38 3892 3982 4691 6308 8541 8542
3530 9 2 32 38 3893 4692 3983 8543 8544 6311
3531 9 2 32 38 3548 4863 4615 8545 5607 7481
3532 9 2 32 38 3221 4246 4182 8546 7311 7263
3533 9 2 32 38 3843 4302 4524 8547 8548 8549
3534 9 2 32 38 3644 3927 4666 8550 7113 8551
3535 9 2 32 38 3844 4525 4301 8552 8553 8554
3536 9 2 32 38 3499 4894 4484 8555 8556 8557
3537 9 2 32 38 3500 4485 4893 8558 8559 8560
3538 9 2 32 38 3460 4589 3885 8561 7018 8048
3539 9 2 32 38 3459 3886 4588 8051 7017 8562
3540 9 2 32 38 3610 4671 4083 8563 6533 8564
3541 9 2 32 38 3891 4726 4965 8565 7877 8566
3542 9 2 32 38 3380 4757 3721 8567 8568 6131
3543 9 2 32 38 3532 3712 4648 6822 7102 6968
3544 9 2 32 38 3520 4400 4968 8569 8570 6694
3545 9 2 32 38 3508 4015 4934 6924 8571 8572
3546 9 2 32 38 3271 4945 3962 8573 8574 8575
3547 9 2 32 38 3270 3963 4946 8576 8577 8578
3548 9 2 32 38 3241 4291 3892 6816 8579 6340
3549 9 2 32 38 3242 3893 4292 6343 8580 6817
3550 9 2 32 38 3331 3846 4682 8581 8582 8583
3551 9 2 32 38 3332 4683 3847 8584 8585 8586
3552 9 2 32 38 558 3807 4082 6445 5712 8587
3553 9 2 32 38 3393 4473 3697 8588 7781 7286
3554 9 2 32 38 3394 3698 4474 7289 7788 8589
3555 9 2 32 38 680 3839 4304 6504 8590 8591
3556 9 2 32 38 868 3775 4201 8592 7230 8593
3557 9 2 32 38 884 4202 3776 8594 7231 8595
3558 9 2 32 38 3552 4060 3917 7515 8596 8597
3559 9 2 32 38 3628 4238 4458 6068 5949 8598
3560 9 2 32 38 3627 4457 4237 8599 5952 6065
3561 9 2 32 38 3154 3955 4345 7651 8600 8601
3562 9 2 32 38 3360 4242 3631 8602 8603 5746
3563 9 2 32 38 3361 3632 4243 5749 8604 8605
3564 9 2 32 38 3428 4136 4468 7701 8453 8606
3565 9 2 32 38 3175 4332 3648 8607 8608 7466
3566 9 2 32 38 3177 3649 4333 7469 8609 8610
3567 9 2 32 38 3453 4250 4146 7779 7175 8611
3568 9 2 32 38 3413 4288 3932 8612 8613 7677
3569 9 2 32 38 3412 3931 4287 7676 8614 8615
3570 9 2 32 38 3472 4008 4168 8616 8617 8618
3571 9 2 32 38 3306 3688 4744 8619 8404 8620
3572 9 2 32 38 3237 4408 4661 8621 8622 8529
3573 9 2 32 38 3559 4703 4450 8623 8624 8625
3574 9 2 32 38 3560 4451 4704 8626 8627 8628
3575 9 2 32 38 3286 4566 4548 7601 7133 8629
3576 9 2 32 38 3550 3810 4417 5124 8630 8631
3577 9 2 32 38 3551 4418 3811 8632 8633 5127
3578 9 2 32 38 3357 3892 4291 6309 8579 8634
3579 9 2 32 38 3358 4292 3893 8635 8580 6310
3580 9 2 32 38 568 4712 3862 8636 8637 7455
3581 9 2 32 38 3274 3615 4287 8638 8639 8640
3582 9 2 32 38 3275 4288 3614 8641 8642 8643
3583 9 2 32 38 3469 4769 3851 7403 8644 8376
3584 9 2 32 38 3468 3850 4768 8381 8645 7400
3585 9 2 32 38 3316 3955 4173 8646 8647 8648
3586 9 2 32 38 3420 3755 4667 8649 8650 8158
3587 9 2 32 38 3295 4142 3725 8651 8652 8653
3588 9 2 32 38 3296 3726 4143 8654 8655 8656
3589 9 2 32 38 4019 4108 4834 8657 8658 8659
3590 9 2 32 38 4020 4833 4107 8660 8661 8662
3591 9 2 32 38 3555 4660 3918 8663 6426 6223
3592 9 2 32 38 3396 3655 4454 5508 8664 7686
3593 9 2 32 38 3397 4455 3656 7691 8665 5509
3594 9 2 32 38 12 4697 908 7871 8666 921
3595 9 2 32 38 3432 4492 3755 7931 8667 8668
3596 9 2 32 38 3554 3913 4338 8669 8108 8320
3597 9 2 32 38 937 3879 938 7963 8670 951
3598 9 2 32 38 917 3880 918 8671 7964 931
3599 9 2 32 38 606 607 3964 640 6961 8672
3600 9 2 32 38 3415 4373 3962 8673 8674 8358
3601 9 2 32 38 3414 3963 4374 8361 8675 8676
3602 9 2 32 38 3359 3623 4445 6717 8677 6302
3603 9 2 32 38 3534 4620 3751 7638 7331 8678
3604 9 2 32 38 3533 3752 4619 8679 7334 7635
3605 9 2 32 38 3463 3642 4781 7021 5026 8075
3606 9 2 32 38 3293 4443 4848 8680 8681 8682
3607 9 2 32 38 3205 4428 3785 8683 8421 5241
3608 9 2 32 38 3204 3784 4430 5244 8424 8684
3609 9 2 32 38 3290 4189 4503 8685 8686 8687
3610 9 2 32 38 636 4267 3823 8688 8689 6438
3611 9 2 32 38 3189 4544 3903 8690 8691 8692
3612 9 2 32 38 3190 3904 4545 8693 8694 8695
3613 9 2 32 38 703 3841 4137 6621 5987 8696
3614 9 2 32 38 442 4138 3840 8697 5990 6618
3615 9 2 32 38 3340 4169 4628 6364 8698 6642
3616 9 2 32 38 3271 3603 4398 8537 8699 8700
3617 9 2 32 38 3270 4399 3604 8701 8702 8538
3618 9 2 32 38 3220 3844 4301 8298 8554 8703
3619 9 2 32 38 9 820 4563 823 8704 5428
3620 9 2 32 38 3236 4516 4284 8705 8445 7927
3621 9 2 32 38 944 3645 4307 6706 8706 8707
3622 9 2 32 38 3219 4302 3843 8708 8547 8293
3623 9 2 32 38 5 4564 800 5433 8709 803
3624 9 2 32 38 3400 4046 4734 8710 8711 8712
3625 9 2 32 38 3401 4733 4047 8713 8714 8715
3626 9 2 32 38 3247 4280 3756 5075 8716 7611
3627 9 2 32 38 3248 3757 4281 7614 8717 5076
3628 9 2 32 38 3679 4538 4250 7579 7501 7778
3629 9 2 32 38 3643 4034 4827 8718 6380 8719
3630 9 2 32 38 3479 4944 3870 8720 8721 7397
3631 9 2 32 38 3585 4104 3810 6465 8722 6567
3632 9 2 32 38 3584 3811 4105 6570 8723 6464
3633 9 2 32 38 1011 4159 3828 8724 8725 6143
3634 9 2 32 38 1011 3829 4160 6146 8726 8727
3635 9 2 32 38 3223 4500 3821 8728 8729 6865
3636 9 2 32 38 3222 3822 4499 6870 8730 8731
3637 9 2 32 38 3313 4340 4430 8732 8733 8734
3638 9 2 32 38 3314 4428 4341 8735 8736 8737
3639 9 2 32 38 966 3944 4260 6862 8738 8739
3640 9 2 32 38 966 4261 3945 8740 8741 6863
3641 9 2 32 38 3305 3735 4643 6539 8742 8743
3642 9 2 32 38 3447 3975 3976 8744 7566 7549
3643 9 2 32 38 3448 3979 3978 7545 7563 8745
3644 9 2 32 38 3462 4199 4306 8248 8746 8747
3645 9 2 32 38 3450 4535 4076 7536 8748 8749
3646 9 2 32 38 3464 3826 4269 8750 8491 8751
3647 9 2 32 38 3686 4428 4542 8752 8753 8754
3648 9 2 32 38 3687 4543 4430 8755 8756 8757
3649 9 2 32 38 679 4304 3855 8758 8759 6802
3650 9 2 32 38 11 3721 4757 6895 8568 8760
3651 9 2 32 38 3540 4726 3891 7238 8565 6947
3652 9 2 32 38 4646 3502 3725 8761 7356 8762
3653 9 2 32 38 4647 3726 3501 8763 7361 8764
3654 9 2 32 38 566 4567 3912 8765 8766 7328
3655 9 2 32 38 3383 3879 4602 8767 8243 8768
3656 9 2 32 38 3385 4603 3880 8769 8244 8770
3657 9 2 32 38 3208 3994 4889 8771 8772 8773
3658 9 2 32 38 3209 4891 3995 8774 8775 8776
3659 9 2 32 38 3222 4013 4352 8777 7794 8778
3660 9 2 32 38 3223 4353 4014 8779 7797 8780
3661 9 2 32 38 3161 4578 4143 8781 8782 8783
3662 9 2 32 38 3160 4142 4577 8784 8785 8786
3663 9 2 32 38 3403 4038 4386 7539 8787 8788
3664 9 2 32 38 3737 4800 4217 4995 8073 8789
3665 9 2 32 38 619 4394 3849 8790 8791 6483
3666 9 2 32 38 3573 4210 3882 7194 8792 8096
3667 9 2 32 38 3574 3883 4211 8097 8793 7197
3668 9 2 32 38 3463 3693 4268 7222 6522 7020
3669 9 2 32 38 3464 4269 3694 8751 8794 7223
3670 9 2 32 38 3867 4479 4844 8184 7234 8795
3671 9 2 32 38 3639 4483 4530 8796 8797 8001
3672 9 2 32 38 3640 4529 4482 8004 8798 8799
3673 9 2 32 38 3488 4676 4257 7309 8800 5405
3674 9 2 32 38 3708 3753 4676 5850 8801 7308
3675 9 2 32 38 3428 4468 3968 8606 8802 7439
3676 9 2 32 38 3210 4709 4004 8285 8803 8275
3677 9 2 32 38 3704 4728 4298 7706 8804 7746
3678 9 2 32 38 3503 3688 4737 7089 8805 8806
3679 9 2 32 38 3264 4633 3667 8807 8808 5977
3680 9 2 32 38 3265 3668 4634 5980 8809 8810
3681 9 2 32 38 3653 4371 4884 8811 8126 8812
3682 9 2 32 38 3654 4885 4370 8813 8129 8814
3683 9 2 32 38 3546 4196 4939 8140 8815 6989
3684 9 2 32 38 3547 4940 4197 6992 8816 8141
3685 9 2 32 38 3510 4371 4404 8127 8817 8818
3686 9 2 32 38 3509 4405 4370 8819 8820 8128
3687 9 2 32 38 3473 4199 4700 8821 8822 8823
3688 9 2 32 38 910 4028 911 7939 8824 924
3689 9 2 32 38 3243 4097 4231 6776 8456 8483
3690 9 2 32 38 3607 4593 3770 8825 8826 7728
3691 9 2 32 38 3608 3771 4594 7733 8827 8828
3692 9 2 32 38 3344 4871 3777 8829 8830 6648
3693 9 2 32 38 702 4137 3875 8831 6101 6933
3694 9 2 32 38 443 3876 4138 6936 6098 8832
3695 9 2 32 38 3203 3791 4934 8833 7842 8834
3696 9 2 32 38 622 623 4081 656 7979 8835
3697 9 2 32 38 678 3855 4134 6803 6027 8836
3698 9 2 32 38 3302 4970 3644 8837 8838 6213
3699 9 2 32 38 3303 4148 4051 8839 8840 8063
3700 9 2 32 38 3304 4052 4149 8066 8841 8842
3701 9 2 32 38 3553 4566 4076 7134 8843 8844
3702 9 2 32 38 3456 4163 4714 8845 8846 8847
3703 9 2 32 38 3457 4715 4164 8848 8849 8850
3704 9 2 32 38 3203 4015 4090 8851 8852 8853
3705 9 2 32 38 3185 3747 4278 7944 8098 8854
3706 9 2 32 38 3201 4559 3922 8855 8856 7835
3707 9 2 32 38 3202 3923 4560 7838 8857 8858
3708 9 2 32 38 3375 3653 4584 5153 8859 8860
3709 9 2 32 38 3374 4583 3654 8861 8862 5150
3710 9 2 32 38 3445 4398 4009 8863 8864 7762
3711 9 2 32 38 3446 4010 4399 7765 8865 8866
3712 9 2 32 38 3629 4949 4380 8867 8868 8869
3713 9 2 32 38 3630 4381 4950 8870 8871 8872
3714 9 2 32 38 3195 4251 4555 8873 8874 8317
3715 9 2 32 38 3362 3954 4512 7008 8875 7921
3716 9 2 32 38 3266 3854 4534 5298 8876 8877
3717 9 2 32 38 3364 4513 3953 7920 8878 7009
3718 9 2 32 38 3289 3806 4809 6314 8879 8880
3719 9 2 32 38 3288 4810 3805 8881 8882 6315
3720 9 2 32 38 613 4045 3825 8883 5588 6713
3721 9 2 32 38 3272 3800 4509 7709 7961 5801
3722 9 2 32 38 3273 4510 3801 5806 7962 7710
3723 9 2 32 38 3201 4951 3756 8884 8165 8885
3724 9 2 32 38 3202 3757 4952 8886 8166 8887
3725 9 2 32 38 3543 4811 4087 8888 8889 5512
3726 9 2 32 38 3544 4086 4812 5515 8890 8891
3727 9 2 32 38 3596 4114 3944 6999 7741 8892
3728 9 2 32 38 3597 3945 4115 8893 7742 7000
3729 9 2 32 38 3460 4331 4589 5184 8894 8561
3730 9 2 32 38 606 3964 3772 8672 5231 6268
3731 9 2 32 38 3459 4588 4330 8562 8895 5189
3732 9 2 32 38 3288 3636 4810 8896 8897 8881
3733 9 2 32 38 3289 4809 3637 8880 8898 8899
3734 9 2 32 38 555 4071 3913 8900 8901 7159
3735 9 2 32 38 3285 4419 3538 8031 8902 6448
3736 9 2 32 38 3428 4151 3816 7441 8309 8172
3737 9 2 32 38 3150 4220 3981 5531 8903 8013
3738 9 2 32 38 3275 3614 4271 8643 8904 8124
3739 9 2 32 38 3274 4270 3615 8123 8905 8638
3740 9 2 32 38 3348 3882 4210 7616 8792 7663
3741 9 2 32 38 3349 4211 3883 7668 8793 7617
3742 9 2 32 38 3470 4283 4464 8906 8907 8908
3743 9 2 32 38 3471 4463 4282 8909 8910 8911
3744 9 2 32 38 3587 4342 3941 7137 8912 8913
3745 9 2 32 38 3395 4552 3663 8914 8915 5611
3746 9 2 32 38 3383 4602 4192 8768 8916 7383
3747 9 2 32 38 3385 4191 4603 7386 8917 8769
3748 9 2 32 38 3462 4306 3909 8747 7941 8918
3749 9 2 32 38 935 3899 936 8919 8920 949
3750 9 2 32 38 919 3898 920 8921 8922 933
3751 9 2 32 38 3424 3751 4183 8923 7569 8924
3752 9 2 32 38 3425 4184 3752 8925 7570 8926
3753 9 2 32 38 3240 3871 4443 5765 8927 8222
3754 9 2 32 38 3208 3768 4163 5726 8928 8929
3755 9 2 32 38 3209 4164 3769 8930 8931 5727
3756 9 2 32 38 733 734 4084 797 8932 8933
3757 9 2 32 38 411 412 4085 475 8934 8935
3758 9 2 32 38 3290 4117 4189 8936 5982 8685
3759 9 2 32 38 3256 3660 4569 5122 8937 8938
3760 9 2 32 38 3634 4320 3930 8095 8939 8940
3761 9 2 32 38 969 970 4378 993 7814 8187
3762 9 2 32 38 969 4379 970 8190 7815 993
3763 9 2 32 38 3277 3588 4012 8941 8942 8943
3764 9 2 32 38 3309 4004 4645 6153 8944 8945
3765 9 2 32 38 3278 3611 4513 8946 8947 8280
3766 9 2 32 38 3279 4512 3612 8283 8948 8949
3767 9 2 32 38 3649 4987 4333 8950 6274 8609
3768 9 2 32 38 3648 4332 4988 8608 6279 8951
3769 9 2 32 38 609 3902 4423 7277 8952 8953
3770 9 2 32 38 3724 4831 4300 8954 8955 6593
3771 9 2 32 38 613 614 4045 647 8956 8883
3772 9 2 32 38 3268 3715 4611 7429 8957 8958
3773 9 2 32 38 3269 4612 3716 8959 8960 7430
3774 9 2 32 38 3746 4002 4979 5651 8961 8366
3775 9 2 32 38 3745 4980 4003 8369 8962 5652
3776 9 2 32 38 4856 3289 3637 8963 8899 8964
3777 9 2 32 38 4857 3636 3288 8965 8896 8966
3778 9 2 32 38 3514 4394 4354 8967 8968 6489
3779 9 2 32 38 3316 4345 3955 7116 8600 8646
3780 9 2 32 38 3153 4103 3650 8969 7532 6910
3781 9 2 32 38 3420 3669 4247 8160 8221 8970
3782 9 2 32 38 720 721 4092 784 8971 7955
3783 9 2 32 38 424 425 4093 488 7958 8972
3784 9 2 32 38 3377 3942 4903 8973 8974 8975
3785 9 2 32 38 3196 4538 3754 7502 8976 6454
3786 9 2 32 38 3331 4244 3846 6413 5767 8581
3787 9 2 32 38 3332 3847 4245 8586 5770 6414
3788 9 2 32 38 1012 3863 4159 6732 8977 8978
3789 9 2 32 38 1012 4160 3864 8979 8980 6733
3790 9 2 32 38 3206 4823 3884 8981 8982 7239
3791 9 2 32 38 3356 4161 4156 6228 8983 8984
3792 9 2 32 38 3189 3903 4652 8692 8985 8511
3793 9 2 32 38 3190 4653 3904 8514 8986 8693
3794 9 2 32 38 461 462 4091 525 7952 8987
3795 9 2 32 38 561 562 4042 595 8988 7204
3796 9 2 32 38 3673 4662 4130 7210 8989 7094
3797 9 2 32 38 549 4116 3910 8990 8991 7143
3798 9 2 32 38 3232 3711 4614 7411 8992 5820
3799 9 2 32 38 942 4167 943 8993 8994 956
3800 9 2 32 38 3425 4638 4184 8995 8996 8925
3801 9 2 32 38 3424 4183 4637 8924 8997 8998
3802 9 2 32 38 472 4416 3918 8999 9000 5782
3803 9 2 32 38 3246 4723 4922 9001 9002 9003
3804 9 2 32 38 3569 4539 4555 8029 8318 9004
3805 9 2 32 38 555 556 4071 589 7823 8900
3806 9 2 32 38 3271 3962 4373 8575 8674 8535
3807 9 2 32 38 3270 4374 3963 8540 8675 8576
3808 9 2 32 38 3293 4366 3616 9005 9006 9007
3809 9 2 32 38 3643 4827 4011 8719 6536 9008
3810 9 2 32 38 563 4627 3887 9009 9010 7487
3811 9 2 32 38 3148 4895 3715 9011 9012 7370
3812 9 2 32 38 3149 3716 4896 7373 9013 9014
3813 9 2 32 38 3958 3422 4978 6858 9015 7718
3814 9 2 32 38 3959 4977 3421 7721 9016 6857
3815 9 2 32 38 3351 3898 4959 9017 9018 9019
3816 9 2 32 38 3353 4960 3899 9020 9021 9022
3817 9 2 32 38 3295 3725 4417 8653 9023 9024
3818 9 2 32 38 3296 4418 3726 9025 9026 8654
3819 9 2 32 38 3361 4587 3684 9027 9028 6661
3820 9 2 32 38 3360 3685 4586 6660 9029 9030
3821 9 2 32 38 868 4937 3775 9031 9032 8592
3822 9 2 32 38 884 3776 4938 8595 9033 9034
3823 9 2 32 38 3329 3607 4205 7303 7730 9035
3824 9 2 32 38 3330 4206 3608 9036 7731 7304
3825 9 2 32 38 3308 3730 4065 7258 9037 9038
3826 9 2 32 38 3631 4242 4577 8603 8312 9039
3827 9 2 32 38 3632 4578 4243 9040 8315 8604
3828 9 2 32 38 3700 4899 4459 9041 9042 6628
3829 9 2 32 38 945 4307 3925 9043 9044 6222
3830 9 2 32 38 3329 3960 4411 9045 9046 7489
3831 9 2 32 38 3330 4412 3961 7490 9047 9048
3832 9 2 32 38 3146 4795 3718 9049 9050 8492
3833 9 2 32 38 3433 4048 4272 5401 9051 9052
3834 9 2 32 38 3434 4273 4049 9053 9054 5402
3835 9 2 32 38 908 4017 909 9055 7219 922
3836 9 2 32 38 3321 4195 4068 6546 9056 5730
3837 9 2 32 38 3302 4130 3911 5994 9057 9058
3838 9 2 32 38 3539 3695 4929 9059 9060 9061
3839 9 2 32 38 3243 3529 4209 8485 9062 9063
3840 9 2 32 38 3229 3994 4606 7272 9064 9065
3841 9 2 32 38 3230 4607 3995 9066 9067 7273
3842 9 2 32 38 3480 4652 3903 9068 8985 9069
3843 9 2 32 38 3481 3904 4653 9070 8986 9071
3844 9 2 32 38 844 3692 4628 9072 6643 9073
3845 9 2 32 38 3260 3848 4919 6997 9074 9075
3846 9 2 32 38 701 3875 4404 6934 9076 9077
3847 9 2 32 38 444 4405 3876 9078 9079 6935
3848 9 2 32 38 3244 3900 4529 6114 9080 8003
3849 9 2 32 38 3245 4530 3901 8002 9081 6115
3850 9 2 32 38 3541 4249 3993 8259 9082 7749
3851 9 2 32 38 3356 3836 4690 9083 9084 7095
3852 9 2 32 38 3254 3856 4473 5087 7782 9085
3853 9 2 32 38 3435 4657 3826 7685 8490 9086
3854 9 2 32 38 3255 4474 3857 9087 7787 5082
3855 9 2 32 38 975 976 4388 999 8263 8479
3856 9 2 32 38 975 4389 976 8482 8264 999
3857 9 2 32 38 3891 4965 4080 8566 7851 9088
3858 9 2 32 38 3520 4442 4400 9089 9090 8569
3859 9 2 32 38 447 448 4100 511 8177 9091
3860 9 2 32 38 697 698 4101 761 9092 8178
3861 9 2 32 38 869 4201 4144 9093 7170 8523
3862 9 2 32 38 883 4145 4202 8528 7173 9094
3863 9 2 32 38 3628 4319 4753 8010 9095 6700
3864 9 2 32 38 3627 4752 4318 6699 9096 8007
3865 9 2 32 38 3145 4676 3753 9097 8801 5253
3866 9 2 32 38 3205 4542 4428 9098 8753 8683
3867 9 2 32 38 3204 4430 4543 8684 8756 9099
3868 9 2 32 38 3293 4848 4284 8682 9100 9101
3869 9 2 32 38 3317 3674 4410 7247 7643 9102
3870 9 2 32 38 3333 4448 3947 9103 9104 5256
3871 9 2 32 38 673 674 4102 737 8227 7190
3872 9 2 32 38 3323 4387 4057 6221 9105 7090
3873 9 2 32 38 865 4240 866 8427 9106 878
3874 9 2 32 38 886 4241 887 9107 8428 899
3875 9 2 32 38 3229 4606 4674 9065 9108 9109
3876 9 2 32 38 3230 4675 4607 9110 9111 9066
3877 9 2 32 38 614 3928 4045 7426 6047 8956
3878 9 2 32 38 3460 4507 3971 9112 9113 5182
3879 9 2 32 38 3459 3972 4506 5191 9114 9115
3880 9 2 32 38 559 560 4219 593 7724 8237
3881 9 2 32 38 842 4367 3739 9116 7860 6111
3882 9 2 32 38 3218 4523 3852 9117 9118 5434
3883 9 2 32 38 3217 3853 4522 5439 9119 9120
3884 9 2 32 38 3444 4173 3955 6951 8647 9121
3885 9 2 32 38 8 672 4459 735 6629 9122
3886 9 2 32 38 3404 4521 3678 6171 9123 7462
3887 9 2 32 38 4058 4759 4597 9124 9125 8486
3888 9 2 32 38 4059 4598 4760 8489 9126 9127
3889 9 2 32 38 3307 4966 4103 9128 9129 8473
3890 9 2 32 38 3359 3992 3867 5422 7735 6715
3891 9 2 32 38 3294 4831 4406 9130 9131 7427
3892 9 2 32 38 3496 3992 4656 7736 9132 9133
3893 9 2 32 38 3514 3897 4855 5109 8351 9134
3894 9 2 32 38 557 558 4082 591 8587 7412
3895 9 2 32 38 944 4307 945 8707 9043 958
3896 9 2 32 38 3174 3881 3950 9135 7388 6210
3897 9 2 32 38 3189 4375 4630 8512 7416 9136
3898 9 2 32 38 3190 4631 4376 9137 7417 8513
3899 9 2 32 38 3404 3906 4203 8053 6424 7260
3900 9 2 32 38 675 676 4098 739 8085 8204
3901 9 2 32 38 3152 3905 4786 7472 8330 9138
3902 9 2 32 38 3239 4947 4339 6443 9139 9140
3903 9 2 32 38 549 550 4116 583 8168 8990
3904 9 2 32 38 3400 4734 4238 8712 9141 6067
3905 9 2 32 38 3401 4237 4733 6066 9142 8713
3906 9 2 32 38 3395 4230 3998 9143 7177 9144
3907 9 2 32 38 3618 4789 4624 9145 9146 7950
3908 9 2 32 38 3205 3988 4542 5737 9147 9098
3909 9 2 32 38 3204 4543 3989 9099 9148 5738
3910 9 2 32 38 3293 3616 4385 9007 9149 9150
3911 9 2 32 38 3447 4578 3975 8316 9151 8744
3912 9 2 32 38 3448 3978 4577 8745 9152 8311
3913 9 2 32 38 3305 4392 3981 9153 8014 9154
3914 9 2 32 38 3357 3907 4378 9155 8188 8461
3915 9 2 32 38 3358 4379 3908 8464 8189 9156
3916 9 2 32 38 3236 4136 4516 6641 7700 8705
3917 9 2 32 38 3408 4296 3786 7345 9157 7322
3918 9 2 32 38 3407 3787 4295 7321 9158 7339
3919 9 2 32 38 562 3887 4042 7488 5614 8988
3920 9 2 32 38 3229 4411 3960 9159 9046 9160
3921 9 2 32 38 3230 3961 4412 9161 9047 9162
3922 9 2 32 38 3386 4108 4019 6393 8657 7299
3923 9 2 32 38 3384 4020 4107 7298 8662 6487
3924 9 2 32 38 16 4305 3870 9163 9164 5750
3925 9 2 32 38 463 464 4106 527 8338 8154
3926 9 2 32 38 3256 4569 3878 8938 8517 9165
3927 9 2 32 38 971 972 4321 995 7959 8061
3928 9 2 32 38 971 4322 972 8062 7960 995
3929 9 2 32 38 3454 3794 4571 6588 9166 9167
3930 9 2 32 38 3455 4572 3795 9168 9169 6589
3931 9 2 32 38 3162 3958 4420 9170 7717 9171
3932 9 2 32 38 3163 4421 3959 9172 7722 9173
3933 9 2 32 38 3499 4194 4894 9174 9175 8555
3934 9 2 32 38 3500 4893 4193 8560 9176 9177
3935 9 2 32 38 3195 4539 4651 8319 9178 9179
3936 9 2 32 38 3588 3808 4012 9180 7634 8942
3937 9 2 32 38 3449 4694 3699 9181 9182 6511
3938 9 2 32 38 458 4442 3890 9183 9184 7085
3939 9 2 32 38 943 4167 4673 8994 9185 7597
3940 9 2 32 38 3491 4380 3846 9186 7766 5766
3941 9 2 32 38 3492 3847 4381 5771 7769 9187
3942 9 2 32 38 3174 4170 4528 6726 9188 9189
3943 9 2 32 38 718 719 4111 782 8192 8090
3944 9 2 32 38 426 427 4112 490 8089 8193
3945 9 2 32 38 3224 3997 4343 9190 7524 9191
3946 9 2 32 38 3225 4344 3996 9192 7527 9193
3947 9 2 32 38 3437 3850 4659 8357 9194 9195
3948 9 2 32 38 3438 4658 3851 9196 9197 8352
3949 9 2 32 38 3631 4577 4142 9039 8785 9198
3950 9 2 32 38 3632 4143 4578 9199 8782 9040
3951 9 2 32 38 3212 4006 4318 6746 8251 9200
3952 9 2 32 38 3214 4319 4007 9201 8252 6747
3953 9 2 32 38 3168 3987 4626 7548 9202 9203
3954 9 2 32 38 1009 1010 4128 1023 8494 9204
3955 9 2 32 38 1009 4129 1010 9205 8495 1023
3956 9 2 32 38 3618 4073 4546 7450 5313 9206
3957 9 2 32 38 3305 3981 4198 9154 9207 8157
3958 9 2 32 38 539 540 4119 573 8234 8155
3959 9 2 32 38 3528 4503 4189 9208 8686 9209
3960 9 2 32 38 3424 4637 4023 8998 9210 9211
3961 9 2 32 38 3425 4024 4638 9212 9213 8995
3962 9 2 32 38 733 4084 3953 8933 7010 7419
3963 9 2 32 38 412 3954 4085 7422 7007 8934
3964 9 2 32 38 3505 4595 3865 9214 9215 8099
3965 9 2 32 38 3504 3866 4596 8102 9216 9217
3966 9 2 32 38 624 625 4126 658 9218 8253
3967 9 2 32 38 3420 4247 4989 8970 9219 9220
3968 9 2 32 38 3392 4569 3660 8518 8937 5807
3969 9 2 32 38 3306 4744 3778 8620 7589 6806
3970 9 2 32 38 3672 4883 3900 5830 8409 5060
3971 9 2 32 38 3671 3901 4882 5057 8406 5831
3972 9 2 32 38 3511 3831 4608 9221 5634 9222
3973 9 2 32 38 3512 4609 3832 9223 5637 9224
3974 9 2 32 38 3246 4922 4395 9003 9225 9226
3975 9 2 32 38 428 429 4120 492 9227 8289
3976 9 2 32 38 716 717 4121 780 8292 9228
3977 9 2 32 38 3301 3927 4323 7114 9229 7868
3978 9 2 32 38 3298 4782 3917 9230 9231 5609
3979 9 2 32 38 1013 4355 3863 9232 9233 6731
3980 9 2 32 38 1013 3864 4356 6734 9234 9235
3981 9 2 32 38 3549 4199 4528 7202 8247 9236
3982 9 2 32 38 682 4456 3926 9237 9238 5632
3983 9 2 32 38 3418 4439 4240 9239 9240 9241
3984 9 2 32 38 3419 4241 4440 9242 9243 9244
3985 9 2 32 38 3433 4388 3761 9245 8262 8303
3986 9 2 32 38 3434 3762 4389 8306 8265 9246
3987 9 2 32 38 3198 4316 4466 8236 9247 9248
3988 9 2 32 38 3197 4465 4315 9249 9250 8235
3989 9 2 32 38 3323 4931 3744 9251 9252 6674
3990 9 2 32 38 3319 4311 4064 7757 9253 8384
3991 9 2 32 38 3278 4382 3611 6849 9254 8946
3992 9 2 32 38 3279 3612 4383 8949 9255 6850
3993 9 2 32 38 3275 3932 4288 7755 8613 8641
3994 9 2 32 38 3274 4287 3931 8640 8614 7752
3995 9 2 32 38 3203 4934 4015 8834 8571 8851
3996 9 2 32 38 3640 4482 4466 8799 9256 9257
3997 9 2 32 38 3639 4465 4483 9258 9259 8796
3998 9 2 32 38 3467 3699 4780 8033 9260 9261
3999 9 2 32 38 3211 3889 4615 6035 7866 5705
4000 9 2 32 38 3155 4380 4949 7767 8868 9262
4001 9 2 32 38 3156 4950 4381 9263 8871 7768
4002 9 2 32 38 3277 4195 3588 9264 9265 8941
4003 9 2 32 38 3373 3999 4425 9266 9267 7803
4004 9 2 32 38 3291 4668 4012 9268 9269 7633
4005 9 2 32 38 3141 4080 4818 9270 9271 7058
4006 9 2 32 38 3476 4450 4703 9272 8624 5334
4007 9 2 32 38 3477 4704 4451 5339 8627 9273
4008 9 2 32 38 3567 3718 4795 9274 9050 5715
4009 9 2 32 38 6 538 4124 571 8335 7423
4010 9 2 32 38 3494 4336 4022 8116 9275 9276
4011 9 2 32 38 3493 4021 4335 9277 9278 8113
4012 9 2 32 38 3411 4706 3748 7821 5066 9279
4013 9 2 32 38 3703 3984 4536 8203 9280 9281
4014 9 2 32 38 3297 3925 4307 5233 9044 9282
4015 9 2 32 38 3317 4410 3809 9102 8191 6876
4016 9 2 32 38 625 3946 4126 7592 6638 9218
4017 9 2 32 38 3896 3266 4534 8146 8877 9283
4018 9 2 32 38 4004 4709 4407 8803 9284 9285
4019 9 2 32 38 630 631 4140 664 9286 8398
4020 9 2 32 38 3320 4305 3949 9287 9288 6053
4021 9 2 32 38 3441 4083 4362 9289 5841 7520
4022 9 2 32 38 844 4873 3692 9290 9291 9072
4023 9 2 32 38 3938 4522 4898 9292 9293 9294
4024 9 2 32 38 3937 4897 4523 9295 9296 9297
4025 9 2 32 38 677 678 4134 741 8836 7971
4026 9 2 32 38 3256 3878 4858 9165 9298 9299
4027 9 2 32 38 3310 3770 3664 9300 9301 9302
4028 9 2 32 38 3311 3665 3771 9303 9304 9305
4029 9 2 32 38 3220 3931 4186 9306 7675 9307
4030 9 2 32 38 3219 4185 3932 9308 7678 9309
4031 9 2 32 38 548 3910 4489 7144 9310 9311
4032 9 2 32 38 3429 4140 4005 9312 9313 9314
4033 9 2 32 38 3441 4279 3911 7522 8302 9315
4034 9 2 32 38 704 705 4235 768 8439 8533
4035 9 2 32 38 440 441 4234 504 8532 8440
4036 9 2 32 38 702 703 4137 766 8696 8831
4037 9 2 32 38 442 443 4138 506 8832 8697
4038 9 2 32 38 617 4425 3999 9316 9267 5304
4039 9 2 32 38 438 3933 4458 5718 9317 9318
4040 9 2 32 38 707 4457 3934 9319 9320 5719
4041 9 2 32 38 3433 4272 3951 9052 9321 9322
4042 9 2 32 38 3434 3952 4273 9323 9324 9053
4043 9 2 32 38 547 4489 3919 9325 9326 7413
4044 9 2 32 38 3233 4546 3854 9327 5312 6579
4045 9 2 32 38 3320 3870 4305 7915 9164 9287
4046 9 2 32 38 3621 4148 4787 6769 9328 9329
4047 9 2 32 38 3622 4788 4149 9330 9331 6770
4048 9 2 32 38 3804 4956 4403 9332 9333 8217
4049 9 2 32 38 3287 3753 4713 8443 7818 5282
4050 9 2 32 38 3454 3761 4232 8497 8151 6586
4051 9 2 32 38 3455 4233 3762 6591 8152 8498
4052 9 2 32 38 3367 4289 4617 7392 9334 8078
4053 9 2 32 38 3368 4618 4290 8083 9335 7393
4054 9 2 32 38 3415 4152 4000 9336 9337 9338
4055 9 2 32 38 3414 4001 4153 9339 9340 9341
4056 9 2 32 38 727 728 4254 791 8466 9342
4057 9 2 32 38 417 418 4255 481 9343 8467
4058 9 2 32 38 3583 3817 4930 6553 9344 7993
4059 9 2 32 38 3199 3990 4514 7215 7623 6833
4060 9 2 32 38 3200 4515 3991 6836 7626 7216
4061 9 2 32 38 3159 4639 3872 7622 8056 7284
4062 9 2 32 38 3398 3792 4157 5959 8162 7374
4063 9 2 32 38 3399 4158 3793 7379 8163 5954
4064 9 2 32 38 449 450 4152 513 9345 8370
4065 9 2 32 38 695 696 4153 759 8373 9346
4066 9 2 32 38 3382 3913 4071 8109 8901 9347
4067 9 2 32 38 3426 4674 4606 9348 9108 5590
4068 9 2 32 38 3427 4607 4675 5595 9111 9349
4069 9 2 32 38 3381 4413 3817 8349 9350 5834
4070 9 2 32 38 3475 3824 4124 7294 7424 9351
4071 9 2 32 38 3451 4326 3922 9352 8118 9353
4072 9 2 32 38 3452 3923 4327 9354 8121 9355
4073 9 2 32 38 636 637 4267 670 9356 8688
4074 9 2 32 38 977 978 4232 1001 9357 8150
4075 9 2 32 38 977 4233 978 8153 9358 1001
4076 9 2 32 38 554 3913 4565 7160 9359 9360
4077 9 2 32 38 3157 4972 4181 9361 7760 8425
4078 9 2 32 38 3220 4186 3874 9307 7434 9362
4079 9 2 32 38 3219 3873 4185 9363 7435 9308
4080 9 2 32 38 3258 4645 4004 9364 8944 9365
4081 9 2 32 38 3277 4068 4195 9366 9056 9264
4082 9 2 32 38 3148 4179 4359 7371 9367 9368
4083 9 2 32 38 3149 4360 4180 9369 9370 7372
4084 9 2 32 38 3211 3877 4069 5706 7833 7702
4085 9 2 32 38 3138 4002 4191 9371 9372 7811
4086 9 2 32 38 3139 4192 4003 7812 9373 9374
4087 9 2 32 38 3416 4002 4078 9375 6429 5275
4088 9 2 32 38 3417 4079 4003 5278 6430 9376
4089 9 2 32 38 3294 3643 4511 9377 9378 9379
4090 9 2 32 38 567 3862 4567 7456 9380 9381
4091 9 2 32 38 3391 4036 4266 9382 5628 7404
4092 9 2 32 38 3390 4265 4035 7409 5631 9383
4093 9 2 32 38 3216 4249 4441 9384 7726 7644
4094 9 2 32 38 3198 4466 4482 9248 9256 7892
4095 9 2 32 38 3197 4483 4465 7891 9259 9249
4096 9 2 32 38 3168 4626 3618 9203 7448 7949
4097 9 2 32 38 3571 4088 4927 6021 9385 9386
4098 9 2 32 38 3572 4928 4089 9387 9388 6022
4099 9 2 32 38 3228 4554 4664 9389 9390 9391
4100 9 2 32 38 3227 4663 4553 9392 9393 9394
4101 9 2 32 38 3488 4539 4437 9395 8028 8147
4102 9 2 32 38 727 4254 3986 9342 9396 7905
4103 9 2 32 38 418 3985 4255 7908 9397 9343
4104 9 2 32 38 7 605 4314 638 8175 8206
4105 9 2 32 38 3173 4860 3941 9398 9399 5269
4106 9 2 32 38 3442 4260 3944 7619 8738 7740
4107 9 2 32 38 3443 3945 4261 7743 8741 7620
4108 9 2 32 38 551 552 4139 585 9400 7974
4109 9 2 32 38 3623 3867 4844 6716 8795 9401
4110 9 2 32 38 867 4937 868 9402 9031 880
4111 9 2 32 38 884 4938 885 9034 9403 897
4112 9 2 32 38 3573 3951 4272 8058 9321 7491
4113 9 2 32 38 3574 4273 3952 7494 9324 8059
4114 9 2 32 38 3403 3774 4162 9404 8149 7537
4115 9 2 32 38 3258 4496 4645 6238 9405 9364
4116 9 2 32 38 3292 4293 4866 9406 6557 9407
4117 9 2 32 38 3663 4968 4400 9408 8570 9409
4118 9 2 32 38 3141 3891 4080 6665 9088 9270
4119 9 2 32 38 3395 3998 4552 9144 9410 8914
4120 9 2 32 38 3170 4943 3909 9411 8170 7940
4121 9 2 32 38 3689 4889 3994 9412 8772 8515
4122 9 2 32 38 3690 3995 4891 8516 8775 9413
4123 9 2 32 38 3191 4053 4066 7338 8194 9414
4124 9 2 32 38 3193 4067 4054 9415 8195 7342
4125 9 2 32 38 3329 4766 3960 9416 8269 9045
4126 9 2 32 38 3330 3961 4767 9048 8272 9417
4127 9 2 32 38 868 4201 869 8593 9093 881
4128 9 2 32 38 883 4202 884 9094 8594 896
4129 9 2 32 38 3845 4989 4247 9418 9219 7127
4130 9 2 32 38 3324 3831 4531 5160 9419 6344
4131 9 2 32 38 3325 4532 3832 6345 9420 5163
4132 9 2 32 38 1011 1012 4159 1025 8978 8724
4133 9 2 32 38 1011 4160 1012 8727 8979 1025
4134 9 2 32 38 3441 3911 4130 9315 9057 9421
4135 9 2 32 38 3314 4771 3723 9422 9423 9424
4136 9 2 32 38 3313 3722 4770 9425 9426 9427
4137 9 2 32 38 628 629 4151 662 8310 9428
4138 9 2 32 38 3246 3888 4723 5942 7236 9001
4139 9 2 32 38 3403 4251 4037 9429 9430 9431
4140 9 2 32 38 3430 4411 4674 6194 9432 9433
4141 9 2 32 38 3431 4675 4412 9434 9435 6195
4142 9 2 32 38 3472 4385 4008 9436 9437 8616
4143 9 2 32 38 3596 3944 4783 8892 8214 7041
4144 9 2 32 38 3597 4784 3945 7044 8215 8893
4145 9 2 32 38 3357 4698 3982 9438 9439 6307
4146 9 2 32 38 3358 3983 4699 6312 9440 9441
4147 9 2 32 38 3727 4413 4533 9442 8348 9443
4148 9 2 32 38 3438 4524 4302 8354 8548 7483
4149 9 2 32 38 3723 4771 4047 9423 9444 5709
4150 9 2 32 38 3722 4046 4770 5708 9445 9426
4151 9 2 32 38 3437 4301 4525 7486 8553 8355
4152 9 2 32 38 3267 3651 4118 9446 9447 6558
4153 9 2 32 38 3195 4037 4251 8020 9430 8873
4154 9 2 32 38 552 3939 4139 7704 6703 9400
4155 9 2 32 38 941 4969 942 9448 9449 955
4156 9 2 32 38 3252 4338 3877 8321 8138 9450
4157 9 2 32 38 3371 4464 4275 9451 9452 9453
4158 9 2 32 38 3372 4274 4463 9454 9455 9456
4159 9 2 32 38 3213 4364 4701 9457 8036 9458
4160 9 2 32 38 3215 4702 4365 9459 8037 9460
4161 9 2 32 38 3345 4487 4661 6753 9461 9462
4162 9 2 32 38 3521 4893 4485 9463 8559 6372
4163 9 2 32 38 3522 4484 4894 6371 8556 9464
4164 9 2 32 38 3377 4730 3942 9465 9466 8973
4165 9 2 32 38 3487 4897 4224 9467 9468 7516
4166 9 2 32 38 3486 4223 4898 7519 9469 9470
4167 9 2 32 38 3376 3966 4728 5194 9471 7705
4168 9 2 32 38 3138 4979 4002 9472 8961 9371
4169 9 2 32 38 3139 4003 4980 9374 8962 9473
4170 9 2 32 38 465 466 4285 529 9474 8507
4171 9 2 32 38 3467 3987 4113 6724 7547 9475
4172 9 2 32 38 3538 4419 4065 8902 9476 9477
4173 9 2 32 38 541 542 4162 575 9478 8148
4174 9 2 32 38 3626 4822 4339 7005 9479 8016
4175 9 2 32 38 553 4565 3939 9480 9481 7703
4176 9 2 32 38 3535 3903 4544 9482 8691 9483
4177 9 2 32 38 3536 4545 3904 9484 8694 9485
4178 9 2 32 38 3184 4406 3724 5474 9486 6009
4179 9 2 32 38 3142 4575 3848 6899 9487 8307
4180 9 2 32 38 3619 4464 4283 9488 8907 5923
4181 9 2 32 38 3620 4282 4463 5928 8910 9489
4182 9 2 32 38 3147 3894 4781 8394 8076 5574
4183 9 2 32 38 3373 4293 4681 5735 9490 9491
4184 9 2 32 38 450 4000 4152 8040 9337 9345
4185 9 2 32 38 695 4153 4001 9346 9340 8041
4186 9 2 32 38 3703 4878 4901 9492 7084 5132
4187 9 2 32 38 473 3824 4416 6476 9493 9494
4188 9 2 32 38 615 4813 3928 9495 9496 7425
4189 9 2 32 38 3146 4754 3895 9497 8087 8395
4190 9 2 32 38 3378 4011 4215 9498 5784 7317
4191 9 2 32 38 3494 4022 4270 9276 9499 9500
4192 9 2 32 38 3493 4271 4021 9501 9502 9277
4193 9 2 32 38 3436 4147 4031 6982 7911 5797
4194 9 2 32 38 729 730 4157 793 9503 8161
4195 9 2 32 38 415 416 4158 479 8164 9504
4196 9 2 32 38 3298 3993 4782 7872 9505 9230
4197 9 2 32 38 3674 4556 3984 9506 7966 7641
4198 9 2 32 38 3291 3562 4303 7605 7725 9507
4199 9 2 32 38 965 966 4260 989 8739 6086
4200 9 2 32 38 965 4261 966 6089 8740 989
4201 9 2 32 38 3396 3766 4092 5260 7956 5170
4202 9 2 32 38 3397 4093 3767 5171 7957 5261
4203 9 2 32 38 3756 4280 4559 8716 9508 9509
4204 9 2 32 38 3757 4560 4281 9510 9511 8717
4205 9 2 32 38 685 4034 4750 5844 8046 9512
4206 9 2 32 38 453 454 4165 517 9513 9514
4207 9 2 32 38 691 692 4166 755 9515 9516
4208 9 2 32 38 3487 4029 4917 6232 9517 9518
4209 9 2 32 38 3486 4916 4030 9519 9520 6229
4210 9 2 32 38 3490 3731 4622 9521 8261 9522
4211 9 2 32 38 3337 3975 4551 7567 7252 9523
4212 9 2 32 38 3336 4550 3978 9524 7255 7562
4213 9 2 32 38 830 4077 831 8186 9525 839
4214 9 2 32 38 3473 3818 4306 7863 7129 9526
4215 9 2 32 38 3624 4176 4587 6402 9527 9528
4216 9 2 32 38 3625 4586 4175 9529 9530 6403
4217 9 2 32 38 3295 3810 4104 9531 8722 9532
4218 9 2 32 38 3296 4105 3811 9533 8723 9534
4219 9 2 32 38 3602 4094 4922 6574 9535 9536
4220 9 2 32 38 3153 4536 3984 6911 9280 7965
4221 9 2 32 38 3213 4490 4364 9537 8328 9457
4222 9 2 32 38 3215 4365 4491 9460 8329 9538
4223 9 2 32 38 3320 3675 4684 8156 9539 7914
4224 9 2 32 38 3378 4300 4831 8197 8955 9540
4225 9 2 32 38 3406 3915 4792 7680 9541 9542
4226 9 2 32 38 456 4055 4422 6050 9543 9544
4227 9 2 32 38 3154 4156 4141 9545 9546 8103
4228 9 2 32 38 470 4660 3943 9547 9548 7698
4229 9 2 32 38 3441 4662 4083 9549 9550 9289
4230 9 2 32 38 3290 4874 4117 9551 9552 8936
4231 9 2 32 38 3324 4571 3794 7934 9166 5041
4232 9 2 32 38 3325 3795 4572 5046 9169 7935
4233 9 2 32 38 3395 4091 3763 5202 7951 9553
4234 9 2 32 38 3451 3922 4559 9353 8856 9554
4235 9 2 32 38 3452 4560 3923 9555 8857 9354
4236 9 2 32 38 3379 4956 3804 9556 9332 7121
4237 9 2 32 38 866 4240 4439 9106 9240 9557
4238 9 2 32 38 886 4440 4241 9558 9243 9107
4239 9 2 32 38 3162 4719 3958 9559 9560 9170
4240 9 2 32 38 3163 3959 4720 9173 9561 9562
4241 9 2 32 38 546 3919 4537 7414 9563 9564
4242 9 2 32 38 3426 3863 4674 9565 9566 9348
4243 9 2 32 38 3427 4675 3864 9349 9567 9568
4244 9 2 32 38 820 3936 4563 7118 9569 8704
4245 9 2 32 38 800 4564 3935 8709 9570 7119
4246 9 2 32 38 631 4005 4140 8092 9313 9286
4247 9 2 32 38 3479 4363 4229 9571 6616 9572
4248 9 2 32 38 4844 3169 4861 7233 9573 9574
4249 9 2 32 38 3334 4935 3701 9575 9576 5816
4250 9 2 32 38 3335 3702 4936 5819 9577 9578
4251 9 2 32 38 3416 4191 4002 9579 9372 9375
4252 9 2 32 38 3216 3993 4249 6267 9082 9384
4253 9 2 32 38 3417 4003 4192 9376 9373 9580
4254 9 2 32 38 679 680 4304 743 8591 8758
4255 9 2 32 38 3194 4125 4059 9581 7553 9582
4256 9 2 32 38 3192 4058 4127 9583 7554 9584
4257 9 2 32 38 3153 4056 4103 9585 8474 8969
4258 9 2 32 38 3317 3921 4462 6878 9586 6542
4259 9 2 32 38 3201 3756 4559 8885 9509 8855
4260 9 2 32 38 3202 4560 3757 8858 9510 8886
4261 9 2 32 38 3291 4303 4668 9507 9587 9268
4262 9 2 32 38 3742 3962 4945 6687 8574 6623
4263 9 2 32 38 3743 4946 3963 6626 8577 6690
4264 9 2 32 38 628 4151 3968 9428 7440 8011
4265 9 2 32 38 3511 4531 3831 5755 9419 9221
4266 9 2 32 38 3512 3832 4532 9224 9420 5756
4267 9 2 32 38 3246 4395 4393 9226 8208 5863
4268 9 2 32 38 3548 4624 4384 7064 9588 9589
4269 9 2 32 38 3846 4493 4682 7658 9590 8582
4270 9 2 32 38 3847 4683 4494 8585 9591 7661
4271 9 2 32 38 611 612 4377 645 8433 7923
4272 9 2 32 38 3383 4721 3879 9592 9593 8767
4273 9 2 32 38 3385 3880 4722 8770 9594 9595
4274 9 2 32 38 3412 3986 4254 9596 9396 9597
4275 9 2 32 38 3413 4255 3985 9598 9397 9599
4276 9 2 32 38 3260 4039 4461 9600 9601 8223
4277 9 2 32 38 3490 4622 3836 9522 9602 9603
4278 9 2 32 38 634 635 4168 668 8501 9604
4279 9 2 32 38 1020 1021 4144 1034 9605 9606
4280 9 2 32 38 1020 4145 1021 9607 9608 1034
4281 9 2 32 38 3357 4291 3907 8634 7593 9155
4282 9 2 32 38 3358 3908 4292 9156 7594 8635
4283 9 2 32 38 3403 4037 4707 9431 9609 9610
4284 9 2 32 38 3696 4745 3889 6953 9611 6034
4285 9 2 32 38 3252 4384 4432 9612 9613 9614
4286 9 2 32 38 3207 4204 4094 5896 7999 6573
4287 9 2 32 38 3312 3721 4625 7396 6894 9615
4288 9 2 32 38 3747 3956 4661 7943 8530 9616
4289 9 2 32 38 845 4169 846 9617 7656 854
4290 9 2 32 38 828 4154 829 9618 8454 837
4291 9 2 32 38 1013 1014 4355 1027 9619 9232
4292 9 2 32 38 1013 4356 1014 9235 9620 1027
4293 9 2 32 38 3152 4700 4199 9621 8822 7201
4294 9 2 32 38 3187 4775 3711 5997 9622 5781
4295 9 2 32 38 4948 3695 3539 9623 9059 9624
4296 9 2 32 38 3295 4104 4852 9532 9625 9626
4297 9 2 32 38 3296 4853 4105 9627 9628 9533
4298 9 2 32 38 3294 4568 3643 9629 9630 9377
4299 9 2 32 38 3700 4448 4899 9631 9632 9041
4300 9 2 32 38 3669 4983 4642 9633 6571 8220
4301 9 2 32 38 3267 4386 3651 9634 9635 9446
4302 9 2 32 38 3545 4823 4426 5537 9636 9637
4303 9 2 32 38 3559 4798 4796 9638 7895 9639
4304 9 2 32 38 3560 4797 4799 9640 7896 9641
4305 9 2 32 38 3519 3940 4481 9642 6390 7606
4306 9 2 32 38 3310 3664 4201 9302 7171 7229
4307 9 2 32 38 3311 4202 3665 7232 7172 9303
4308 9 2 32 38 3567 4117 4874 7727 9552 9643
4309 9 2 32 38 3490 4438 3731 5287 7580 9521
4310 9 2 32 38 3303 4787 4148 9644 9328 8839
4311 9 2 32 38 3304 4149 4788 8842 9331 9645
4312 9 2 32 38 421 422 4335 485 9646 9647
4313 9 2 32 38 723 724 4336 787 9648 9649
4314 9 2 32 38 3537 3732 4651 6130 9650 9651
4315 9 2 32 38 3442 4526 4066 6184 9652 6940
4316 9 2 32 38 3443 4067 4527 6945 9653 6185
4317 9 2 32 38 3409 3981 4220 9654 8903 5145
4318 9 2 32 38 799 3935 4693 7120 9655 9656
4319 9 2 32 38 626 4636 3946 9657 9658 7591
4320 9 2 32 38 3528 4449 4480 9659 9660 9661
4321 9 2 32 38 3567 4874 3718 9643 7692 9274
4322 9 2 32 38 454 455 4299 518 9662 9663
4323 9 2 32 38 3670 3870 4944 5196 8721 5838
4324 9 2 32 38 866 4439 867 9557 9664 879
4325 9 2 32 38 885 4440 886 9665 9558 898
4326 9 2 32 38 3451 4559 4280 9554 9508 5740
4327 9 2 32 38 3452 4281 4560 5745 9511 9555
4328 9 2 32 38 3161 3975 4578 7253 9151 8781
4329 9 2 32 38 3160 4577 3978 8786 9152 7254
4330 9 2 32 38 3351 4579 3898 9666 9667 9017
4331 9 2 32 38 3353 3899 4580 9022 9668 9669
4332 9 2 32 38 3293 4385 4443 9150 9670 8680
4333 9 2 32 38 3929 4709 4325 9671 8284 9672
4334 9 2 32 38 3508 4709 3929 9673 9671 5873
4335 9 2 32 38 3480 4927 4088 9674 9385 9675
4336 9 2 32 38 3481 4089 4928 9676 9388 9677
4337 9 2 32 38 3141 4635 4076 8344 9678 9679
4338 9 2 32 38 3247 4272 4048 7492 9051 5073
4339 9 2 32 38 3248 4049 4273 5078 9054 7493
4340 9 2 32 38 3226 3881 4570 8341 9680 9681
4341 9 2 32 38 3566 4962 3837 6322 9682 8469
4342 9 2 32 38 3302 3911 4970 9058 9683 8837
4343 9 2 32 38 3565 3838 4961 8472 9684 6317
4344 9 2 32 38 3409 4198 3981 9685 9207 9654
4345 9 2 32 38 3402 3910 4116 5130 8991 9686
4346 9 2 32 38 4363 4684 4826 9687 9688 9689
4347 9 2 32 38 3562 4567 3862 9690 9380 7243
4348 9 2 32 38 3559 4450 4798 8625 9691 9638
4349 9 2 32 38 3560 4799 4451 9641 9692 8626
4350 9 2 32 38 3430 4674 3863 9433 9566 9693
4351 9 2 32 38 3431 3864 4675 9694 9567 9434
4352 9 2 32 38 620 621 4354 654 9695 9696
4353 9 2 32 38 3232 4057 4387 6299 9105 7681
4354 9 2 32 38 3497 4103 4966 7533 9129 9697
4355 9 2 32 38 3289 4856 3894 8963 8130 9698
4356 9 2 32 38 3288 3895 4857 9699 8133 8966
4357 9 2 32 38 3489 4141 4156 9700 9546 9701
4358 9 2 32 38 3144 4403 4616 8218 9702 8382
4359 9 2 32 38 3251 4689 4174 8112 9703 9704
4360 9 2 32 38 3527 4956 3916 9705 9706 6750
4361 9 2 32 38 732 3953 4716 7420 9707 9708
4362 9 2 32 38 413 4717 3954 9709 9710 7421
4363 9 2 32 38 3227 4711 4867 9711 7353 9712
4364 9 2 32 38 3228 4868 4710 9713 7354 9714
4365 9 2 32 38 3447 4804 4243 9715 8415 8314
4366 9 2 32 38 3448 4242 4805 8313 8414 9716
4367 9 2 32 38 3353 3783 4960 5791 9717 9020
4368 9 2 32 38 3351 4959 3782 9019 9718 5788
4369 9 2 32 38 3239 3869 4887 7070 9719 9720
4370 9 2 32 38 453 4165 4009 9514 7763 8276
4371 9 2 32 38 692 4010 4166 8279 7764 9515
4372 9 2 32 38 3292 4311 3666 9721 9722 9723
4373 9 2 32 38 3409 4017 4654 6110 9724 9725
4374 9 2 32 38 3535 4685 4359 9726 7981 9727
4375 9 2 32 38 3536 4360 4686 9728 7984 9729
4376 9 2 32 38 3271 4398 4216 8700 9730 9731
4377 9 2 32 38 3270 4217 4399 9732 9733 8701
4378 9 2 32 38 608 609 4423 642 8953 7828
4379 9 2 32 38 3694 4269 4409 8794 6925 9734
4380 9 2 32 38 466 467 4337 530 9735 9736
4381 9 2 32 38 3571 4927 4433 9386 9737 6645
4382 9 2 32 38 3572 4434 4928 6646 9738 9387
4383 9 2 32 38 819 4913 3936 9739 9740 7117
4384 9 2 32 38 3581 3821 4591 7478 7630 7167
4385 9 2 32 38 3580 4590 3822 7166 7629 7479
4386 9 2 32 38 3250 4031 4585 9741 9742 9743
4387 9 2 32 38 3278 4597 3874 8487 9744 6848
4388 9 2 32 38 3279 3873 4598 6851 9745 8488
4389 9 2 32 38 3375 4584 3996 8860 9746 7526
4390 9 2 32 38 3374 3997 4583 7525 9747 8861
4391 9 2 32 38 3587 3941 4860 8913 9399 9748
4392 9 2 32 38 435 4734 4046 9749 8711 6096
4393 9 2 32 38 710 4047 4733 6097 8714 9750
4394 9 2 32 38 3234 4213 4088 7854 9751 6020
4395 9 2 32 38 3235 4089 4214 6023 9752 7859
4396 9 2 32 38 3182 3930 4320 5696 8939 6554
4397 9 2 32 38 3405 3797 4098 9753 8205 9754
4398 9 2 32 38 3525 4317 3754 6596 9755 9756
4399 9 2 32 38 3502 4530 4483 9757 8797 7357
4400 9 2 32 38 3501 4482 4529 7360 8798 9758
4401 9 2 32 38 3588 4195 3887 9265 6545 9759
4402 9 2 32 38 627 3968 4636 8012 9760 9761
4403 9 2 32 38 3196 4230 4446 7178 9762 7997
4404 9 2 32 38 3147 3940 4447 5584 9763 9764
4405 9 2 32 38 3480 3903 4682 9069 9765 9766
4406 9 2 32 38 3481 4683 3904 9767 9768 9070
4407 9 2 32 38 3405 4098 3777 9754 8084 9769
4408 9 2 32 38 3229 3960 4764 9160 9770 7270
4409 9 2 32 38 3230 4765 3961 7275 9771 9161
4410 9 2 32 38 3343 4334 4446 5265 9772 9773
4411 9 2 32 38 3392 4081 3765 5325 7978 5079
4412 9 2 32 38 3140 4324 4774 9774 9775 9776
4413 9 2 32 38 826 4888 827 8363 9777 835
4414 9 2 32 38 419 4755 3985 9778 9779 7907
4415 9 2 32 38 726 3986 4756 7906 9780 9781
4416 9 2 32 38 3357 3733 4698 8462 6975 9438
4417 9 2 32 38 3358 4699 3734 9441 6976 8463
4418 9 2 32 38 421 4335 4021 9647 9278 8388
4419 9 2 32 38 724 4022 4336 8391 9275 9648
4420 9 2 32 38 619 620 4394 653 9782 8790
4421 9 2 32 38 3433 3951 4388 9322 8480 9245
4422 9 2 32 38 3434 4389 3952 9246 8481 9323
4423 9 2 32 38 3224 4343 3962 9191 8359 6686
4424 9 2 32 38 3225 3963 4344 6691 8360 9192
4425 9 2 32 38 3393 4326 4981 8119 9783 9784
4426 9 2 32 38 3394 4982 4327 9785 9786 8120
4427 9 2 32 38 3531 4624 4789 9787 9146 7540
4428 9 2 32 38 3382 4071 3744 9347 7822 9788
4429 9 2 32 38 916 4722 917 9789 9790 930
4430 9 2 32 38 938 4721 939 9791 9792 952
4431 9 2 32 38 3480 4493 4927 9793 9794 9674
4432 9 2 32 38 3481 4928 4494 9677 9795 9796
4433 9 2 32 38 3315 3947 4448 5300 9104 9797
4434 9 2 32 38 3569 4555 3896 9004 8225 9798
4435 9 2 32 38 545 4537 4016 9799 9800 8180
4436 9 2 32 38 3351 4917 4029 9801 9517 9802
4437 9 2 32 38 3353 4030 4916 9803 9520 9804
4438 9 2 32 38 3445 4216 4398 7351 9730 8863
4439 9 2 32 38 542 4038 4162 8522 7538 9478
4440 9 2 32 38 3446 4399 4217 8866 9733 7457
4441 9 2 32 38 3268 4611 4023 8958 9805 9806
4442 9 2 32 38 3269 4024 4612 9807 9808 8959
4443 9 2 32 38 3458 4626 3987 8169 9202 9809
4444 9 2 32 38 947 3949 4305 6720 9288 9810
4445 9 2 32 38 3412 4287 3986 8615 9811 9596
4446 9 2 32 38 3413 3985 4288 9599 9812 8612
4447 9 2 32 38 3751 4835 4695 9813 9814 9815
4448 9 2 32 38 3752 4696 4836 9816 9817 9818
4449 9 2 32 38 3538 4065 3730 9477 9037 9819
4450 9 2 32 38 3541 3918 4416 9820 9000 9821
4451 9 2 32 38 730 4025 4157 8401 7375 9503
4452 9 2 32 38 415 4158 4026 9504 7378 8402
4453 9 2 32 38 3787 4664 4554 7320 9390 8324
4454 9 2 32 38 3786 4553 4663 8327 9393 7323
4455 9 2 32 38 3476 4776 4051 6217 9822 9823
4456 9 2 32 38 3477 4052 4777 9824 9825 6218
4457 9 2 32 38 3309 4645 3568 8945 9826 7715
4458 9 2 32 38 451 4724 4000 9827 9828 8039
4459 9 2 32 38 694 4001 4725 8042 9829 9830
4460 9 2 32 38 4012 4668 4172 9269 9831 9832
4461 9 2 32 38 3277 4172 4803 9833 9834 9835
4462 9 2 32 38 1 4913 819 9836 9739 821
4463 9 2 32 38 3372 3837 4274 7315 9837 9454
4464 9 2 32 38 3371 4275 3838 9453 9838 7312
4465 9 2 32 38 3415 4000 4373 9338 9839 8673
4466 9 2 32 38 3414 4374 4001 8676 9840 9339
4467 9 2 32 38 3504 3821 4500 9841 8729 9842
4468 9 2 32 38 3505 4499 3822 9843 8730 9844
4469 9 2 32 38 3496 4090 4015 9845 8852 9846
4470 9 2 32 38 3277 4012 4172 8943 9832 9833
4471 9 2 32 38 468 4099 4467 6887 8503 9847
4472 9 2 32 38 634 4168 4008 9604 8617 8299
4473 9 2 32 38 3268 4023 4637 9806 9210 9848
4474 9 2 32 38 3269 4638 4024 9849 9213 9807
4475 9 2 32 38 3380 4367 4757 7861 9850 8567
4476 9 2 32 38 3635 4422 4055 9851 9543 6919
4477 9 2 32 38 3449 4585 4031 9852 9742 7910
4478 9 2 32 38 3473 4306 4199 9526 8746 8821
4479 9 2 32 38 3429 4005 4366 9314 9853 9854
4480 9 2 32 38 3664 3770 4669 9301 9855 9856
4481 9 2 32 38 3665 4670 3771 9857 9858 9304
4482 9 2 32 38 3768 4714 4163 6879 8846 8928
4483 9 2 32 38 3769 4164 4715 8931 8849 6882
4484 9 2 32 38 3292 4064 4311 9859 9253 9721
4485 9 2 32 38 3224 4987 3997 9860 9861 9190
4486 9 2 32 38 3225 3996 4988 9193 9862 9863
4487 9 2 32 38 690 691 4372 754 9864 9865
4488 9 2 32 38 3295 4417 3810 9024 8630 9531
4489 9 2 32 38 3296 3811 4418 9534 8633 9025
4490 9 2 32 38 3203 4929 4172 9866 9867 9868
4491 9 2 32 38 3643 4011 4511 9008 9869 9378
4492 9 2 32 38 445 446 4370 509 9870 9871
4493 9 2 32 38 699 700 4371 763 9872 9873
4494 9 2 32 38 3619 4275 4464 9874 9452 9488
4495 9 2 32 38 3136 4865 3972 9875 9876 8006
4496 9 2 32 38 3620 4463 4274 9489 9455 9877
4497 9 2 32 38 3134 3971 4864 8005 9878 9879
4498 9 2 32 38 452 4009 4724 8277 9880 9881
4499 9 2 32 38 693 4725 4010 9882 9883 8278
4500 9 2 32 38 3449 3727 4585 7926 9884 9852
4501 9 2 32 38 731 4716 4025 9885 9886 8400
4502 9 2 32 38 414 4026 4717 8403 9887 9888
4503 9 2 32 38 10 4954 4346 9889 9890 7022
4504 9 2 32 38 10 4348 4955 7025 9891 9892
4505 9 2 32 38 3687 4430 4340 8757 8733 6327
4506 9 2 32 38 3686 4341 4428 6324 8736 8752
4507 9 2 32 38 725 4756 4022 9893 9894 8390
4508 9 2 32 38 420 4021 4755 8389 9895 9896
4509 9 2 32 38 633 4008 4748 8300 9897 9898
4510 9 2 32 38 3485 4219 3741 9899 7723 6159
4511 9 2 32 38 722 723 4390 786 9900 9901
4512 9 2 32 38 422 423 4391 486 9902 9903
4513 9 2 32 38 3432 3755 4718 8668 9904 9905
4514 9 2 32 38 3542 4118 4016 9906 9907 9908
4515 9 2 32 38 3470 3856 4711 6451 6376 9909
4516 9 2 32 38 3471 4710 3857 9910 6377 6452
4517 9 2 32 38 3348 3982 4698 9911 9439 6974
4518 9 2 32 38 3349 4699 3983 6977 9440 9912
4519 9 2 32 38 3529 3772 4209 9913 6473 9062
4520 9 2 32 38 3371 4040 4464 7807 9914 9451
4521 9 2 32 38 3372 4463 4041 9456 9915 7808
4522 9 2 32 38 3502 3901 4530 8407 9081 9757
4523 9 2 32 38 3501 4529 3900 9758 9080 8408
4524 9 2 32 38 569 3965 4712 8339 9916 9917
4525 9 2 32 38 3280 4552 3998 9918 9410 5384
4526 9 2 32 38 632 4748 4005 9919 9920 8091
4527 9 2 32 38 3373 4681 3999 9491 9921 9266
4528 9 2 32 38 3288 4019 4834 6824 8659 9922
4529 9 2 32 38 3289 4833 4020 9923 8660 6825
4530 9 2 32 38 3141 4076 4535 9679 8748 6663
4531 9 2 32 38 3333 4899 4448 9924 9632 9103
4532 9 2 32 38 700 701 4404 764 9077 9925
4533 9 2 32 38 444 445 4405 508 9926 9078
4534 9 2 32 38 841 4367 842 9927 9116 850
4535 9 2 32 38 3326 4947 4393 9928 6875 5913
4536 9 2 32 38 941 4286 4969 6158 9929 9448
4537 9 2 32 38 3868 4284 4848 7928 9100 9930
4538 9 2 32 38 3809 4616 3921 8383 9931 6877
4539 9 2 32 38 3379 4654 4017 8343 9724 9932
4540 9 2 32 38 3294 4511 4831 9379 9933 9130
4541 9 2 32 38 3534 3751 4695 8678 9815 9934
4542 9 2 32 38 3533 4696 3752 9935 9816 8679
4543 9 2 32 38 3219 4778 3873 8295 9936 9363
4544 9 2 32 38 3220 3874 4779 9362 9937 8296
4545 9 2 32 38 3525 3754 4538 9756 8976 7578
4546 9 2 32 38 3534 4695 3937 9934 9938 6080
4547 9 2 32 38 3533 3938 4696 6083 9939 9935
4548 9 2 32 38 3444 4480 4449 9940 9660 9941
4549 9 2 32 38 3344 4922 4094 9942 9535 9943
4550 9 2 32 38 3310 4205 3770 9944 7729 9300
4551 9 2 32 38 3311 3771 4206 9305 7732 9945
4552 9 2 32 38 3476 4051 4148 9823 8840 9946
4553 9 2 32 38 3465 3798 4120 5882 8290 7079
4554 9 2 32 38 3466 4121 3799 7082 8291 5879
4555 9 2 32 38 3477 4149 4052 9947 8841 9824
4556 9 2 32 38 3140 4774 4083 9776 9948 9949
4557 9 2 32 38 715 716 4396 779 9950 9951
4558 9 2 32 38 429 430 4397 493 9952 9953
4559 9 2 32 38 459 460 4400 523 9954 9955
4560 9 2 32 38 3195 4651 3732 9179 9650 8019
4561 9 2 32 38 3652 3738 4888 6549 9956 8362
4562 9 2 32 38 3979 3980 4742 7544 9957 9958
4563 9 2 32 38 3976 4743 3977 9959 9960 7550
4564 9 2 32 38 3747 4661 4487 9616 9461 6052
4565 9 2 32 38 3557 4687 4032 9961 9962 7460
4566 9 2 32 38 3558 4033 4688 7461 9963 9964
4567 9 2 32 38 3641 3884 4823 9965 8982 5306
4568 9 2 32 38 3526 3825 4248 9966 6885 7976
4569 9 2 32 38 984 4346 4347 7023 9967 7346
4570 9 2 32 38 984 4349 4348 7349 9968 7024
4571 9 2 32 38 3342 4465 4401 9969 9970 5523
4572 9 2 32 38 3341 4402 4466 5528 9971 9972
4573 9 2 32 38 544 4016 4816 8181 9973 9974
4574 9 2 32 38 3239 4887 3930 9720 9975 6397
4575 9 2 32 38 3871 4848 4443 9976 8681 8927
4576 9 2 32 38 3148 4776 4252 9977 9978 9979
4577 9 2 32 38 3149 4253 4777 9980 9981 9982
4578 9 2 32 38 3402 4116 3779 9686 8167 5580
4579 9 2 32 38 3695 4172 4929 9983 9867 9060
4580 9 2 32 38 3312 4077 4495 9984 9985 9986
4581 9 2 32 38 3379 3916 4956 9987 9706 9556
4582 9 2 32 38 3424 4835 3751 9988 9813 8923
4583 9 2 32 38 3425 3752 4836 8926 9818 9989
4584 9 2 32 38 3165 4768 4525 9990 9991 9992
4585 9 2 32 38 3735 4200 4643 5576 9993 8742
4586 9 2 32 38 3424 4013 4835 7795 9994 9988
4587 9 2 32 38 3425 4836 4014 9989 9995 7796
4588 9 2 32 38 3164 4524 4769 9996 9997 9998
4589 9 2 32 38 3472 4168 3823 8618 8500 9999
4590 9 2 32 38 3157 4656 3992 5033 9132 10000
4591 9 2 32 38 3506 4542 3988 10001 9147 6135
4592 9 2 32 38 3507 3989 4543 6140 9148 10002
4593 9 2 32 38 3188 4063 4064 7447 8385 7256
4594 9 2 32 38 3568 4712 3965 10003 9916 6901
4595 9 2 32 38 3187 3695 4948 7831 9623 10004
4596 9 2 32 38 3598 4761 4914 6093 7790 10005
4597 9 2 32 38 3599 4915 4762 10006 7791 6094
4598 9 2 32 38 3252 4432 4431 9614 10007 7916
4599 9 2 32 38 3415 3812 4152 6598 8371 9336
4600 9 2 32 38 3414 4153 3813 9341 8372 6599
4601 9 2 32 38 3305 4643 4392 8743 10008 9153
4602 9 2 32 38 3485 3807 4219 6892 8238 9899
4603 9 2 32 38 3486 4898 4522 9470 9293 10009
4604 9 2 32 38 3487 4523 4897 10010 9296 9467
4605 9 2 32 38 3412 4254 3792 9597 8465 6204
4606 9 2 32 38 3413 3793 4255 6203 8468 9598
4607 9 2 32 38 893 4596 894 10011 10012 906
4608 9 2 32 38 858 4595 859 10013 10014 871
4609 9 2 32 38 3258 4004 4407 9365 9285 5794
4610 9 2 32 38 892 4582 893 8212 10015 905
4611 9 2 32 38 859 4581 860 10016 8209 872
4612 9 2 32 38 3464 4754 3826 8088 10017 8750
4613 9 2 32 38 3420 4989 4665 9220 10018 10019
4614 9 2 32 38 3638 4308 4879 7051 10020 7290
4615 9 2 32 38 3268 4807 4244 10021 6602 7428
4616 9 2 32 38 3269 4245 4808 7431 6603 10022
4617 9 2 32 38 3489 3717 4729 6798 6541 10023
4618 9 2 32 38 860 4590 861 7627 7165 873
4619 9 2 32 38 891 4591 892 7168 7632 904
4620 9 2 32 38 472 473 4416 536 9494 8999
4621 9 2 32 38 3370 3941 4342 6359 8912 6650
4622 9 2 32 38 3322 4707 4037 6547 9609 6388
4623 9 2 32 38 3391 4732 4036 10024 10025 9382
4624 9 2 32 38 3390 4035 4731 9383 10026 10027
4625 9 2 32 38 3475 4124 3796 9351 8334 5860
4626 9 2 32 38 3143 4147 4363 10028 6981 10029
4627 9 2 32 38 3535 4359 4179 9727 9367 10030
4628 9 2 32 38 3536 4180 4360 10031 9370 9728
4629 9 2 32 38 3539 4090 4656 10032 10033 5010
4630 9 2 32 38 689 690 4746 753 10034 10035
4631 9 2 32 38 3151 4323 3927 10036 9229 6837
4632 9 2 32 38 3703 4536 4878 9281 10037 9492
4633 9 2 32 38 3541 4416 3824 9821 9493 8258
4634 9 2 32 38 3483 4235 3819 10038 8438 5973
4635 9 2 32 38 3482 3820 4234 5976 8441 10039
4636 9 2 32 38 3483 3841 4235 6967 8534 10038
4637 9 2 32 38 3482 4234 3840 10039 8531 6964
4638 9 2 32 38 622 4081 4486 8835 5327 10040
4639 9 2 32 38 543 4816 4038 10041 10042 8521
4640 9 2 32 38 3589 4617 4289 10043 9334 7995
4641 9 2 32 38 3590 4290 4618 7996 9335 10044
4642 9 2 32 38 3336 3979 4738 7564 10045 10046
4643 9 2 32 38 3337 4739 3976 10047 10048 7565
4644 9 2 32 38 3276 4462 3921 10049 9586 10050
4645 9 2 32 38 3306 4737 3688 10051 8805 8619
4646 9 2 32 38 714 715 4814 778 10052 10053
4647 9 2 32 38 430 431 4815 494 10054 10055
4648 9 2 32 38 3484 3827 4285 5483 8508 7986
4649 9 2 32 38 3260 4919 4039 9075 10056 9600
4650 9 2 32 38 3629 4380 4469 8869 10057 7989
4651 9 2 32 38 3630 4470 4381 7992 10058 8870
4652 9 2 32 38 458 459 4442 522 10059 9183
4653 9 2 32 38 3666 4311 3928 9722 7756 10060
4654 9 2 32 38 3420 4665 3755 10019 10061 8649
4655 9 2 32 38 3552 3917 4782 8597 9231 10062
4656 9 2 32 38 3386 4207 4845 7300 10063 10064
4657 9 2 32 38 3649 3997 4987 5412 9861 8950
4658 9 2 32 38 3648 4988 3996 8951 9862 5409
4659 9 2 32 38 3183 4848 3871 10065 9976 10066
4660 9 2 32 38 8 4459 4592 9122 10067 10068
4661 9 2 32 38 3470 4464 4040 8908 9914 6076
4662 9 2 32 38 3471 4041 4463 6079 9915 8909
4663 9 2 32 38 689 4746 4215 10035 10069 5468
4664 9 2 32 38 916 4207 4722 10070 10071 9789
4665 9 2 32 38 939 4721 4208 9792 10072 10073
4666 9 2 32 38 16 947 4305 961 9810 9163
4667 9 2 32 38 862 4985 863 10074 7886 875
4668 9 2 32 38 889 4986 890 7889 10075 902
4669 9 2 32 38 3208 4920 3994 10076 10077 8771
4670 9 2 32 38 3209 3995 4921 8776 10078 10079
4671 9 2 32 38 721 4497 4092 10080 5168 8971
4672 9 2 32 38 424 4093 4498 8972 5173 10081
4673 9 2 32 38 979 980 4414 1003 7282 10082
4674 9 2 32 38 979 4415 980 10083 7283 1003
4675 9 2 32 38 3499 4484 4086 8557 10084 10085
4676 9 2 32 38 3500 4087 4485 10086 10087 8558
4677 9 2 32 38 3429 3816 4140 8460 8399 9312
4678 9 2 32 38 3424 4023 4352 9211 6581 7793
4679 9 2 32 38 3425 4353 4024 7798 6584 9212
4680 9 2 32 38 3181 4534 3854 10088 8876 5758
4681 9 2 32 38 3568 3862 4712 10089 8637 10003
4682 9 2 32 38 3651 4016 4118 10090 9907 9447
4683 9 2 32 38 3526 4258 3740 7653 7639 10091
4684 9 2 32 38 3593 4514 4061 6834 7503 6496
4685 9 2 32 38 3594 4062 4515 6499 7506 6835
4686 9 2 32 38 3453 4758 4050 10092 10093 7432
4687 9 2 32 38 3384 4832 4208 10094 10095 7297
4688 9 2 32 38 3705 4637 4183 10096 8997 7878
4689 9 2 32 38 3706 4184 4638 7879 8996 10097
4690 9 2 32 38 3511 4608 4328 9222 7154 10098
4691 9 2 32 38 3512 4329 4609 10099 7157 9223
4692 9 2 32 38 3749 4852 4104 5540 9625 6419
4693 9 2 32 38 3750 4105 4853 6418 9628 5541
4694 9 2 32 38 3201 3982 4951 10100 10101 8884
4695 9 2 32 38 3202 4952 3983 8887 10102 10103
4696 9 2 32 38 461 4091 4508 8987 5204 10104
4697 9 2 32 38 3172 3713 4747 6658 10105 10106
4698 9 2 32 38 3177 4086 4484 10107 10084 7509
4699 9 2 32 38 3175 4485 4087 7510 10087 10108
4700 9 2 32 38 3495 3855 4304 6730 8759 10109
4701 9 2 32 38 3921 4616 4841 9931 10110 10111
4702 9 2 32 38 3243 4209 4749 9063 10112 10113
4703 9 2 32 38 3354 4960 3783 10114 9717 6844
4704 9 2 32 38 3352 3782 4959 6843 9718 10115
4705 9 2 32 38 3221 3878 4246 7970 8419 8546
4706 9 2 32 38 3292 3666 4681 9723 10116 10117
4707 9 2 32 38 3562 3912 4567 7604 8766 9690
4708 9 2 32 38 3505 3822 4581 9844 8210 10118
4709 9 2 32 38 3504 4582 3821 10119 8211 9841
4710 9 2 32 38 3495 4304 3839 10109 8590 6485
4711 9 2 32 38 3498 3929 4325 10120 9672 10121
4712 9 2 32 38 3379 4017 4697 9932 10122 10123
4713 9 2 32 38 3508 4934 4407 8572 7841 10124
4714 9 2 32 38 3537 4651 3914 9651 10125 6305
4715 9 2 32 38 3183 3868 4848 10126 9930 10065
4716 9 2 32 38 3263 3996 4584 5410 9746 10127
4717 9 2 32 38 3262 4583 3997 10128 9747 5411
4718 9 2 32 38 3529 4231 3764 8484 10129 10130
4719 9 2 32 38 3489 4156 4161 9701 8983 6797
4720 9 2 32 38 3154 4345 4862 8601 10131 10132
4721 9 2 32 38 3617 4858 3878 8267 9298 8228
4722 9 2 32 38 467 468 4467 531 9847 10133
4723 9 2 32 38 3914 4651 4539 10125 9178 10134
4724 9 2 32 38 3467 4113 4903 9475 10135 8034
4725 9 2 32 38 3480 4088 4213 9675 9751 10136
4726 9 2 32 38 3481 4214 4089 10137 9752 9676
4727 9 2 32 38 3699 4903 3942 8032 8974 6512
4728 9 2 32 38 3684 4587 4176 9028 9527 7694
4729 9 2 32 38 3685 4175 4586 7697 9530 9029
4730 9 2 32 38 3456 4714 4347 8847 10138 10139
4731 9 2 32 38 3457 4349 4715 10140 10141 8848
4732 9 2 32 38 3229 4674 4411 9109 9432 9159
4733 9 2 32 38 3230 4412 4675 9162 9435 9110
4734 9 2 32 38 3370 4705 3957 10142 6957 6062
4735 9 2 32 38 447 4100 4502 9091 5029 10143
4736 9 2 32 38 698 4501 4101 10144 5030 9092
4737 9 2 32 38 3671 4550 3988 5833 10145 5736
4738 9 2 32 38 3672 3989 4551 5739 10146 5828
4739 9 2 32 38 547 548 4489 581 9311 9325
4740 9 2 32 38 566 567 4567 600 9381 8765
4741 9 2 32 38 3526 3740 4377 10091 7924 10147
4742 9 2 32 38 3201 4691 3982 10148 8541 10100
4743 9 2 32 38 3202 3983 4692 10103 8544 10149
4744 9 2 32 38 716 4121 4396 9228 7081 9950
4745 9 2 32 38 429 4397 4120 9953 7080 9227
4746 9 2 32 38 828 4974 4154 10150 7770 9618
4747 9 2 32 38 911 4941 912 10151 10152 925
4748 9 2 32 38 466 4337 4285 9736 7987 9474
4749 9 2 32 38 844 4628 845 9073 10153 853
4750 9 2 32 38 3526 4377 3825 10147 8432 9966
4751 9 2 32 38 621 622 4486 655 10040 10154
4752 9 2 32 38 455 456 4422 519 9544 10155
4753 9 2 32 38 858 3865 4595 5659 9215 10013
4754 9 2 32 38 894 4596 3866 10012 9216 5658
4755 9 2 32 38 454 4299 4165 9663 6736 9513
4756 9 2 32 38 3377 4113 4576 10156 10157 7055
4757 9 2 32 38 3168 4576 4113 7884 10157 7546
4758 9 2 32 38 3468 4504 4227 7251 10158 8379
4759 9 2 32 38 3469 4228 4505 8378 10159 7248
4760 9 2 32 38 3254 4473 4981 9085 10160 6927
4761 9 2 32 38 3255 4982 4474 6932 10161 9087
4762 9 2 32 38 3271 4216 4945 9731 10162 8573
4763 9 2 32 38 3270 4946 4217 8578 10163 9732
4764 9 2 32 38 3194 4330 4588 8067 8895 10164
4765 9 2 32 38 3192 4589 4331 10165 8894 8068
4766 9 2 32 38 3250 4726 4031 7875 5302 9741
4767 9 2 32 38 3432 4718 4392 9905 8451 10166
4768 9 2 32 38 3440 4226 4926 7444 6291 10167
4769 9 2 32 38 3474 4056 4556 8430 10168 10169
4770 9 2 32 38 3439 4925 4225 10170 6290 7436
4771 9 2 32 38 3607 4573 4772 8199 10171 10172
4772 9 2 32 38 3608 4773 4574 10173 10174 8200
4773 9 2 32 38 3580 4677 4617 7480 8079 10175
4774 9 2 32 38 3581 4618 4678 10176 8082 7477
4775 9 2 32 38 707 708 4457 771 5953 9319
4776 9 2 32 38 437 438 4458 501 9318 5948
4777 9 2 32 38 3488 3914 4539 5407 10134 9395
4778 9 2 32 38 3408 4520 4175 5072 10177 7696
4779 9 2 32 38 3407 4176 4519 7695 10178 5067
4780 9 2 32 38 3386 4845 4259 10064 10179 6972
4781 9 2 32 38 3498 4075 4861 5105 10180 10181
4782 9 2 32 38 617 618 4425 651 8375 9316
4783 9 2 32 38 962 963 4687 986 10182 10183
4784 9 2 32 38 962 4688 963 10184 10185 986
4785 9 2 32 38 3624 4587 4541 9528 10186 7581
4786 9 2 32 38 3625 4540 4586 7586 10187 9529
4787 9 2 32 38 3517 4919 3848 10188 9074 10189
4788 9 2 32 38 682 683 4456 746 5681 9237
4789 9 2 32 38 3153 4556 4056 7967 10168 9585
4790 9 2 32 38 3384 4256 4832 5605 10190 10094
4791 9 2 32 38 3448 4805 3980 9716 6896 7543
4792 9 2 32 38 3447 3977 4804 7551 6897 9715
4793 9 2 32 38 721 722 4497 785 10191 10080
4794 9 2 32 38 423 424 4498 487 10081 10192
4795 9 2 32 38 3142 4973 4648 10193 10194 7103
4796 9 2 32 38 3313 4731 3722 10195 10196 9425
4797 9 2 32 38 3314 3723 4732 9424 10197 10198
4798 9 2 32 38 3791 4668 4303 10199 9587 6760
4799 9 2 32 38 3133 4805 4540 6285 8413 7849
4800 9 2 32 38 3132 4541 4804 7848 8416 6286
4801 9 2 32 38 3148 4359 4051 9368 8064 10200
4802 9 2 32 38 3149 4052 4360 10201 8065 9369
4803 9 2 32 38 698 699 4501 762 10202 10144
4804 9 2 32 38 446 447 4502 510 10143 10203
4805 9 2 32 38 3140 4083 4662 9949 9550 7209
4806 9 2 32 38 3183 4667 4492 10204 10205 10206
4807 9 2 32 38 3588 3887 4627 9759 9010 10207
4808 9 2 32 38 3316 4989 3845 10208 9418 7115
4809 9 2 32 38 3405 4880 3797 10209 7052 9753
4810 9 2 32 38 3389 4034 4568 8047 10210 10211
4811 9 2 32 38 460 461 4508 524 10104 10212
4812 9 2 32 38 908 4697 4017 8666 10122 9055
4813 9 2 32 38 3401 4341 4752 10213 6470 6698
4814 9 2 32 38 3400 4753 4340 6701 6471 10214
4815 9 2 32 38 3588 4627 3808 10207 8519 9180
4816 9 2 32 38 919 4741 3898 6494 10215 8921
4817 9 2 32 38 936 3899 4740 8920 10216 6495
4818 9 2 32 38 3377 3889 4730 7867 10217 9465
4819 9 2 32 38 3626 3926 4456 6809 9238 8239
4820 9 2 32 38 3479 4684 4363 7399 9687 9571
4821 9 2 32 38 3316 4906 4018 10218 6467 10219
4822 9 2 32 38 691 4166 4372 9516 6446 9864
4823 9 2 32 38 3206 3917 4426 6955 10220 10221
4824 9 2 32 38 3478 3823 4267 10222 8689 6920
4825 9 2 32 38 3557 3936 4687 10223 10224 9961
4826 9 2 32 38 3558 4688 3935 9964 10225 10226
4827 9 2 32 38 431 4265 4815 5444 10227 10054
4828 9 2 32 38 714 4814 4266 10053 10228 5445
4829 9 2 32 38 3494 4270 4310 9500 8122 10229
4830 9 2 32 38 3493 4309 4271 10230 8125 9501
4831 9 2 32 38 3686 4542 4837 8754 10231 8254
4832 9 2 32 38 3687 4838 4543 8257 10232 8755
4833 9 2 32 38 3787 4505 4295 8325 10233 9158
4834 9 2 32 38 3786 4296 4504 9157 10234 8326
4835 9 2 32 38 3538 4423 3902 10235 8952 6449
4836 9 2 32 38 3435 3826 4632 9086 10236 7556
4837 9 2 32 38 3312 4625 4077 9615 10237 9984
4838 9 2 32 38 3356 4932 3836 10238 10239 9083
4839 9 2 32 38 734 4963 4084 10240 10241 8932
4840 9 2 32 38 3295 4852 4142 9626 10242 8651
4841 9 2 32 38 3296 4143 4853 8656 10243 9627
4842 9 2 32 38 411 4085 4964 8935 10244 10245
4843 9 2 32 38 620 4354 4394 9696 8968 9782
4844 9 2 32 38 3678 4521 4150 9123 10246 7655
4845 9 2 32 38 3615 4270 4022 8905 9499 10247
4846 9 2 32 38 3614 4021 4271 10248 9502 8904
4847 9 2 32 38 831 4077 4625 9525 10237 7495
4848 9 2 32 38 723 4336 4390 9649 8115 9900
4849 9 2 32 38 422 4391 4335 9903 8114 9646
4850 9 2 32 38 3911 3927 4970 6838 10249 9683
4851 9 2 32 38 3517 3848 4575 10189 9487 8043
4852 9 2 32 38 3627 3934 4457 6871 9320 8599
4853 9 2 32 38 3628 4458 3933 8598 9317 6874
4854 9 2 32 38 3418 3990 4439 7624 10250 9239
4855 9 2 32 38 3419 4440 3991 9244 10251 7625
4856 9 2 32 38 3915 4911 4610 10252 10253 10254
4857 9 2 32 38 3494 4310 4793 10229 10255 7474
4858 9 2 32 38 3493 4794 4309 7475 10256 10230
4859 9 2 32 38 3542 4785 4621 10257 10258 10259
4860 9 2 32 38 3489 4503 4141 10260 10261 9700
4861 9 2 32 38 3389 4444 4822 10262 6812 7004
4862 9 2 32 38 11 4757 841 8760 10263 849
4863 9 2 32 38 3833 4648 4973 6969 10194 10264
4864 9 2 32 38 1014 1015 4557 1028 10265 10266
4865 9 2 32 38 1014 4558 1015 10267 10268 1028
4866 9 2 32 38 3510 4404 3875 8818 9076 10269
4867 9 2 32 38 3509 3876 4405 10270 9079 8819
4868 9 2 32 38 978 4801 4232 10271 6793 9357
4869 9 2 32 38 978 4233 4802 9358 6796 10272
4870 9 2 32 38 3351 4029 4579 9802 7846 9666
4871 9 2 32 38 3353 4580 4030 9669 7843 9803
4872 9 2 32 38 3490 4862 4345 10273 10131 5361
4873 9 2 32 38 3224 4095 4987 7034 6275 9860
4874 9 2 32 38 3225 4988 4096 9863 6278 7035
4875 9 2 32 38 563 564 4627 597 8520 9009
4876 9 2 32 38 3373 3849 4855 7805 10274 8350
4877 9 2 32 38 3203 4668 3791 10275 10199 8833
4878 9 2 32 38 3557 4563 3936 6672 9569 10223
4879 9 2 32 38 3558 3935 4564 10226 9570 6673
4880 9 2 32 38 545 546 4537 579 9564 9799
4881 9 2 32 38 3497 3842 4424 8505 10276 7045
4882 9 2 32 38 3165 4525 3844 9992 8552 7671
4883 9 2 32 38 3164 3843 4524 7674 8549 9996
4884 9 2 32 38 3609 4562 4881 10277 7337 10278
4885 9 2 32 38 553 554 4565 587 9360 9480
4886 9 2 32 38 3518 4461 4039 10279 9601 5289
4887 9 2 32 38 3185 4278 4317 8854 10280 5676
4888 9 2 32 38 3379 4697 3916 10123 7870 9987
4889 9 2 32 38 3575 4347 4714 10281 10138 5660
4890 9 2 32 38 3576 4715 4349 5667 10141 10282
4891 9 2 32 38 3514 3849 4394 10283 8791 8967
4892 9 2 32 38 3405 4871 4094 10284 10285 7998
4893 9 2 32 38 3490 3836 4862 9603 10286 10273
4894 9 2 32 38 3410 4481 3872 8274 6292 8055
4895 9 2 32 38 3323 4069 4931 7092 10287 9251
4896 9 2 32 38 3568 4496 3862 10288 7244 10089
4897 9 2 32 38 3222 4499 4013 8731 10289 8777
4898 9 2 32 38 3223 4014 4500 8780 10290 8728
4899 9 2 32 38 3591 4610 4911 5207 10253 10291
4900 9 2 32 38 3213 4193 4893 10292 9176 10293
4901 9 2 32 38 3215 4894 4194 10294 9175 10295
4902 9 2 32 38 3695 4803 4172 7830 9834 9983
4903 9 2 32 38 3226 4570 3909 9681 10296 7066
4904 9 2 32 38 3218 3937 4523 6763 9297 9117
4905 9 2 32 38 3217 4522 3938 9120 9292 6764
4906 9 2 32 38 3506 4837 4542 10297 10231 10001
4907 9 2 32 38 3507 4543 4838 10002 10232 10298
4908 9 2 32 38 3422 4979 4518 8367 10299 6937
4909 9 2 32 38 3421 4517 4980 6938 10300 8368
4910 9 2 32 38 3391 4427 4732 7269 10301 10024
4911 9 2 32 38 3390 4731 4429 10027 10302 7266
4912 9 2 32 38 3540 4174 4689 8301 9703 7237
4913 9 2 32 38 1017 1018 4593 1031 10303 10304
4914 9 2 32 38 1017 4594 1018 10305 10306 1031
4915 9 2 32 38 684 4750 4218 10307 8268 5751
4916 9 2 32 38 3429 4366 4284 9854 10308 8444
4917 9 2 32 38 3520 3890 4442 7913 9184 9089
4918 9 2 32 38 445 4370 4405 9871 8820 9926
4919 9 2 32 38 700 4404 4371 9925 8817 9872
4920 9 2 32 38 3609 4200 4747 8144 10309 10310
4921 9 2 32 38 3538 3730 4423 9819 7829 10235
4922 9 2 32 38 3631 4142 4852 9198 10242 5747
4923 9 2 32 38 3632 4853 4143 5748 10243 9199
4924 9 2 32 38 3456 4346 3701 10311 10312 10313
4925 9 2 32 38 3457 3702 4348 10314 10315 10316
4926 9 2 32 38 467 4467 4337 10133 10317 9735
4927 9 2 32 38 3251 4174 4644 9704 10318 7036
4928 9 2 32 38 1015 1016 4573 1029 10319 10320
4929 9 2 32 38 1015 4574 1016 10321 10322 1029
4930 9 2 32 38 3360 4586 4540 9030 10187 10323
4931 9 2 32 38 3361 4541 4587 10324 10186 9027
4932 9 2 32 38 3355 4188 4613 5200 10325 8447
4933 9 2 32 38 455 4422 4299 10155 10326 9662
4934 9 2 32 38 3299 4695 4835 10327 9814 10328
4935 9 2 32 38 3300 4836 4696 10329 9817 10330
4936 9 2 32 38 3535 4923 3903 10331 10332 9482
4937 9 2 32 38 3536 3904 4924 9485 10333 10334
4938 9 2 32 38 3444 4941 4028 10335 10336 6949
4939 9 2 32 38 3555 3943 4660 10337 9548 8663
4940 9 2 32 38 915 4845 916 10338 10339 929
4941 9 2 32 38 568 569 4712 602 9917 8636
4942 9 2 32 38 3378 4511 4011 10340 9869 9498
4943 9 2 32 38 4075 4844 4861 10341 9574 10180
4944 9 2 32 38 3207 4690 4622 8202 10342 8260
4945 9 2 32 38 3615 3986 4287 10343 9811 8639
4946 9 2 32 38 3614 4288 3985 8642 9812 10344
4947 9 2 32 38 3356 4156 4932 8984 10345 10238
4948 9 2 32 38 3677 4495 4077 10346 9985 8185
4949 9 2 32 38 939 4832 940 10347 10348 953
4950 9 2 32 38 3602 4922 4723 9536 9002 6577
4951 9 2 32 38 3531 4432 4384 7775 9613 10349
4952 9 2 32 38 827 4974 828 10350 10150 836
4953 9 2 32 38 3643 4568 4034 9630 10210 8718
4954 9 2 32 38 3348 4951 3982 7665 10101 9911
4955 9 2 32 38 3349 3983 4952 9912 10102 7666
4956 9 2 32 38 912 4900 913 10351 10352 926
4957 9 2 32 38 3252 3877 4863 9450 5608 10353
4958 9 2 32 38 3316 4173 4906 8648 10354 10218
4959 9 2 32 38 3382 4931 4069 10355 10287 7832
4960 9 2 32 38 3549 4528 4170 9236 9188 6394
4961 9 2 32 38 3426 3828 4159 5592 8725 10356
4962 9 2 32 38 3427 4160 3829 10357 8726 5593
4963 9 2 32 38 3523 4023 4611 6582 9805 10358
4964 9 2 32 38 3524 4612 4024 10359 9808 6583
4965 9 2 32 38 621 4486 4354 10154 10360 9695
4966 9 2 32 38 3563 3958 4719 6995 9560 10361
4967 9 2 32 38 3564 4720 3959 10362 9561 6994
4968 9 2 32 38 3426 4159 3863 10356 8977 9565
4969 9 2 32 38 3427 3864 4160 9568 8980 10357
4970 9 2 32 38 3587 4792 3915 10363 9541 10364
4971 9 2 32 38 3215 4194 4702 10295 10365 9459
4972 9 2 32 38 3213 4701 4193 9458 10366 10292
4973 9 2 32 38 3842 4817 4424 6959 8233 10276
4974 9 2 32 38 3147 4447 4107 9764 6488 8392
4975 9 2 32 38 3456 4347 4346 10139 9967 10311
4976 9 2 32 38 3457 4348 4349 10316 9968 10140
4977 9 2 32 38 3575 4790 4328 5662 10367 10368
4978 9 2 32 38 3576 4329 4791 10369 10370 5665
4979 9 2 32 38 3344 4094 4871 9943 10285 8829
4980 9 2 32 38 3529 4314 3772 10371 8174 9913
4981 9 2 32 38 3144 4728 3966 10372 9471 6780
4982 9 2 32 38 3449 4147 4694 7912 10373 9181
4983 9 2 32 38 3403 4386 4251 8788 10374 9429
4984 9 2 32 38 843 4873 844 6134 9290 852
4985 9 2 32 38 8 4592 637 10068 10375 671
4986 9 2 32 38 3338 4490 4276 6366 10376 6432
4987 9 2 32 38 3339 4277 4491 6437 10377 6367
4988 9 2 32 38 459 4400 4442 9955 9090 10059
4989 9 2 32 38 626 627 4636 660 9761 9657
4990 9 2 32 38 3917 4060 4426 8596 10378 10220
4991 9 2 32 38 3300 4223 4846 10379 10380 10381
4992 9 2 32 38 3299 4847 4224 10382 10383 10384
4993 9 2 32 38 3293 4284 4366 9101 10308 9005
4994 9 2 32 38 3411 3748 4878 9279 6128 10385
4995 9 2 32 38 3474 4556 4902 10169 10386 10387
4996 9 2 32 38 3150 4665 4018 10388 10389 5529
4997 9 2 32 38 3290 4729 4874 10390 7693 9551
4998 9 2 32 38 3850 4525 4768 8356 9991 8645
4999 9 2 32 38 3177 4812 4086 10391 8890 10107
5000 9 2 32 38 3175 4087 4811 10108 8889 10392
5001 9 2 32 38 3851 4769 4524 8644 9997 8353
5002 9 2 32 38 3657 4252 4776 6561 9978 6216
5003 9 2 32 38 3658 4777 4253 6219 9981 6564
5004 9 2 32 38 637 4592 4267 10375 6921 9356
5005 9 2 32 38 3530 3919 4489 10393 9326 10394
5006 9 2 32 38 3542 4016 4537 9908 9800 10395
5007 9 2 32 38 3511 4328 4790 10098 10367 5218
5008 9 2 32 38 3512 4791 4329 5223 10370 10099
5009 9 2 32 38 3719 4904 4796 7758 10396 10397
5010 9 2 32 38 3720 4797 4905 10398 10399 7759
5011 9 2 32 38 722 4390 4497 9901 10400 10191
5012 9 2 32 38 423 4498 4391 10192 10401 9902
5013 9 2 32 38 3541 4984 3918 7751 6224 9820
5014 9 2 32 38 3634 4887 3869 10402 9719 5500
5015 9 2 32 38 3292 4681 4293 10117 9490 9406
5016 9 2 32 38 3850 4227 4659 8380 10403 9194
5017 9 2 32 38 3851 4658 4228 9197 10404 8377
5018 9 2 32 38 446 4502 4370 10203 10405 9870
5019 9 2 32 38 699 4371 4501 9873 10406 10202
5020 9 2 32 38 3243 4749 4859 10113 10407 6774
5021 9 2 32 38 709 4733 4237 10408 9142 6040
5022 9 2 32 38 436 4238 4734 6039 9141 10409
5023 9 2 32 38 3553 4076 4635 8844 9678 6613
5024 9 2 32 38 3530 4489 3910 10394 9310 5201
5025 9 2 32 38 3611 4382 4025 9254 8386 10410
5026 9 2 32 38 3612 4026 4383 10411 8387 9255
5027 9 2 32 38 3529 3764 4314 10130 8207 10371
5028 9 2 32 38 3666 3999 4681 7874 9921 10116
5029 9 2 32 38 3528 4189 4900 9209 10412 10413
5030 9 2 32 38 3289 3894 4833 9698 10414 9923
5031 9 2 32 38 3288 4834 3895 9922 10415 9699
5032 9 2 32 38 470 471 4660 534 6427 9547
5033 9 2 32 38 3578 4909 4828 10416 10417 10418
5034 9 2 32 38 3579 4829 4910 10419 10420 10421
5035 9 2 32 38 935 4580 3899 8434 9668 8919
5036 9 2 32 38 920 3898 4579 8922 9667 8435
5037 9 2 32 38 3331 4682 3903 8583 9765 10422
5038 9 2 32 38 3332 3904 4683 10423 9768 8584
5039 9 2 32 38 3503 4737 4080 8806 10424 7850
5040 9 2 32 38 3515 3892 4691 7600 8542 10425
5041 9 2 32 38 3516 4692 3893 10426 8543 7602
5042 9 2 32 38 973 974 4679 997 6207 6005
5043 9 2 32 38 973 4680 974 6008 6208 997
5044 9 2 32 38 3542 4537 3919 10395 9563 10427
5045 9 2 32 38 3578 4685 4544 10428 10429 10430
5046 9 2 32 38 3579 4545 4686 10431 10432 10433
5047 9 2 32 38 3276 4879 4462 7152 10434 10049
5048 9 2 32 38 3587 3915 4610 10364 10254 7135
5049 9 2 32 38 3411 4878 4536 10385 10037 5962
5050 9 2 32 38 3554 4565 3913 10435 9359 8669
5051 9 2 32 38 3636 4263 4810 5810 10436 8897
5052 9 2 32 38 3637 4809 4262 8898 10437 5811
5053 9 2 32 38 3527 4841 4616 7149 10110 10438
5054 9 2 32 38 3555 4549 3943 4990 7739 10337
5055 9 2 32 38 731 732 4716 795 9708 9885
5056 9 2 32 38 413 414 4717 477 9888 9709
5057 9 2 32 38 460 4508 4400 10212 10439 9954
5058 9 2 32 38 3603 4009 4398 10440 8864 8699
5059 9 2 32 38 3604 4399 4010 8702 8865 10441
5060 9 2 32 38 963 4032 4687 6727 9962 10182
5061 9 2 32 38 963 4688 4033 10185 9963 6728
5062 9 2 32 38 3405 4204 4880 8000 10442 10209
5063 9 2 32 38 3554 3939 4565 10443 9481 10435
5064 9 2 32 38 3137 4850 4295 6117 10444 10445
5065 9 2 32 38 3135 4296 4851 10446 10447 6122
5066 9 2 32 38 3267 4251 4386 10448 10374 9634
5067 9 2 32 38 3616 4008 4385 10449 9437 9149
5068 9 2 32 38 3641 4830 3884 10450 10451 9965
5069 9 2 32 38 3461 4220 4906 5181 6468 10452
5070 9 2 32 38 3382 3744 4931 9788 9252 10355
5071 9 2 32 38 3165 4275 4768 10453 10454 9990
5072 9 2 32 38 3164 4769 4274 9998 10455 10456
5073 9 2 32 38 1 799 4693 801 9656 10457
5074 9 2 32 38 3613 4446 4334 7773 9772 5777
5075 9 2 32 38 3719 4796 4240 10397 10458 8426
5076 9 2 32 38 3720 4241 4797 8429 10459 10398
5077 9 2 32 38 3528 4480 4141 9661 8104 10460
5078 9 2 32 38 3300 4898 4223 10461 9469 10379
5079 9 2 32 38 3299 4224 4897 10384 9468 10462
5080 9 2 32 38 3222 4352 4132 8778 7381 10463
5081 9 2 32 38 3223 4133 4353 10464 7382 8779
5082 9 2 32 38 3542 3919 4785 10427 10465 10257
5083 9 2 32 38 1009 4128 4954 9204 10466 10467
5084 9 2 32 38 1009 4955 4129 10468 10469 9205
5085 9 2 32 38 3306 4080 4737 10470 10424 10051
5086 9 2 32 38 3603 4373 4000 8536 9839 10471
5087 9 2 32 38 3604 4001 4374 10472 9840 8539
5088 9 2 32 38 1018 1019 4669 1032 10473 10474
5089 9 2 32 38 1018 4670 1019 10475 10476 1032
5090 9 2 32 38 3467 4780 4239 9261 10477 5486
5091 9 2 32 38 3554 4431 3939 7917 7972 10443
5092 9 2 32 38 979 4414 4801 10082 10478 10479
5093 9 2 32 38 979 4802 4415 10480 10481 10083
5094 9 2 32 38 3352 4741 3969 10482 5597 5235
5095 9 2 32 38 3354 3970 4740 5240 5600 10483
5096 9 2 32 38 3416 4603 4191 8245 8917 9579
5097 9 2 32 38 3417 4192 4602 9580 8916 8242
5098 9 2 32 38 3496 4015 4479 9846 6923 8183
5099 9 2 32 38 3619 4768 4275 7401 10454 9874
5100 9 2 32 38 938 3879 4721 8670 9593 9791
5101 9 2 32 38 917 4722 3880 9790 9594 8671
5102 9 2 32 38 3894 4107 4833 8393 8661 10414
5103 9 2 32 38 3895 4834 4108 10415 8658 8396
5104 9 2 32 38 3145 4911 3915 10484 10252 8509
5105 9 2 32 38 3620 4274 4769 9877 10455 7402
5106 9 2 32 38 3389 4568 4444 10211 10485 10262
5107 9 2 32 38 3610 4083 4774 8564 9948 10486
5108 9 2 32 38 3333 3830 4899 8117 10487 9924
5109 9 2 32 38 3444 3955 4480 9121 7650 9940
5110 9 2 32 38 3545 4426 4060 9637 10378 5578
5111 9 2 32 38 3651 4386 4038 9635 8787 10488
5112 9 2 32 38 1014 4557 4355 10266 8230 9619
5113 9 2 32 38 1014 4356 4558 9620 8231 10267
5114 9 2 32 38 4018 4665 4989 10389 10018 10489
5115 9 2 32 38 3313 4430 4429 8734 8423 10490
5116 9 2 32 38 3314 4427 4428 10491 8422 8735
5117 9 2 32 38 3616 4366 4005 9006 9853 10492
5118 9 2 32 38 3299 3937 4695 10493 9938 10327
5119 9 2 32 38 3300 4696 3938 10330 9939 10494
5120 9 2 32 38 3972 4865 4506 9876 10495 9114
5121 9 2 32 38 3971 4507 4864 9113 10496 9878
5122 9 2 32 38 3666 3928 4813 10060 9496 7873
5123 9 2 32 38 14 4350 1021 10497 10498 1035
5124 9 2 32 38 14 1021 4351 1035 10499 10500
5125 9 2 32 38 967 968 4783 991 5564 8213
5126 9 2 32 38 967 4784 968 8216 5565 991
5127 9 2 32 38 3405 3777 4871 9769 8830 10284
5128 9 2 32 38 3724 4406 4831 9486 9131 8954
5129 9 2 32 38 3142 4203 4973 8308 7508 10193
5130 9 2 32 38 3615 4022 4756 10247 9894 10501
5131 9 2 32 38 3614 4755 4021 10502 9895 10248
5132 9 2 32 38 3519 4447 3940 5019 9763 9642
5133 9 2 32 38 3458 3987 4713 9809 6723 7817
5134 9 2 32 38 3343 4446 4230 9773 9762 10503
5135 9 2 32 38 419 420 4755 483 9896 9778
5136 9 2 32 38 725 726 4756 789 9781 9893
5137 9 2 32 38 3299 4835 4013 10328 9994 10504
5138 9 2 32 38 3300 4014 4836 10505 9995 10329
5139 9 2 32 38 3299 4013 4847 10504 10506 10382
5140 9 2 32 38 3300 4846 4014 10381 10507 10505
5141 9 2 32 38 451 452 4724 515 9881 9827
5142 9 2 32 38 693 694 4725 757 9830 9882
5143 9 2 32 38 3634 3930 4887 8940 9975 10402
5144 9 2 32 38 3715 4895 4611 9012 10508 8957
5145 9 2 32 38 3716 4612 4896 8960 10509 9013
5146 9 2 32 38 3213 4893 4276 10293 10510 10511
5147 9 2 32 38 3215 4277 4894 10512 10513 10294
5148 9 2 32 38 3517 4039 4919 5273 10056 10188
5149 9 2 32 38 3430 3863 4355 9693 9233 8229
5150 9 2 32 38 3431 4356 3864 8232 9234 9694
5151 9 2 32 38 978 979 4801 1002 10479 10271
5152 9 2 32 38 978 4802 979 10272 10480 1002
5153 9 2 32 38 3143 4826 4239 10514 10515 10516
5154 9 2 32 38 3615 4756 3986 10501 9780 10343
5155 9 2 32 38 3614 3985 4755 10344 9779 10502
5156 9 2 32 38 3334 4163 4935 10517 10518 9575
5157 9 2 32 38 3335 4936 4164 9578 10519 10520
5158 9 2 32 38 3286 4548 4942 8629 10521 6355
5159 9 2 32 38 3316 4018 4989 10219 10489 10208
5160 9 2 32 38 3395 3763 4975 9553 6248 10522
5161 9 2 32 38 3418 4240 4796 9241 10458 7894
5162 9 2 32 38 3419 4797 4241 7897 10459 9242
5163 9 2 32 38 3503 4212 4181 10523 5670 7087
5164 9 2 32 38 1016 1017 4772 1030 10524 10525
5165 9 2 32 38 1016 4773 1017 10526 10527 1030
5166 9 2 32 38 3166 4061 4798 6497 7363 10528
5167 9 2 32 38 3167 4799 4062 10529 7366 6498
5168 9 2 32 38 615 616 4813 649 5535 9495
5169 9 2 32 38 3603 4724 4009 10530 9880 10440
5170 9 2 32 38 3604 4010 4725 10441 9883 10531
5171 9 2 32 38 3172 4747 4200 10106 10309 5575
5172 9 2 32 38 3277 4803 4068 9835 5655 9366
5173 9 2 32 38 3593 4764 3960 7784 9770 5356
5174 9 2 32 38 3594 3961 4765 5359 9771 7785
5175 9 2 32 38 3403 4707 3774 9610 5673 9404
5176 9 2 32 38 867 4439 4937 9664 10532 9402
5177 9 2 32 38 885 4938 4440 9403 10533 9665
5178 9 2 32 38 3491 4469 4380 5639 10057 9186
5179 9 2 32 38 3492 4381 4470 9187 10058 5640
5180 9 2 32 38 3312 4495 4953 9986 10534 10535
5181 9 2 32 38 3249 4613 4188 10536 10325 7451
5182 9 2 32 38 3705 4807 4637 5886 10537 10096
5183 9 2 32 38 3706 4638 4808 10097 10538 5887
5184 9 2 32 38 3577 3946 4636 10539 9658 10540
5185 9 2 32 38 3639 4401 4465 5867 9970 9258
5186 9 2 32 38 3640 4466 4402 9257 9971 5870
5187 9 2 32 38 3725 4142 4646 8652 10541 8762
5188 9 2 32 38 3726 4647 4143 8763 10542 8655
5189 9 2 32 38 3603 4000 4724 10471 9828 10530
5190 9 2 32 38 3604 4725 4001 10531 9829 10472
5191 9 2 32 38 3546 4604 4193 7180 10543 10544
5192 9 2 32 38 3547 4194 4605 10545 10546 7181
5193 9 2 32 38 3137 4295 4505 10445 10233 10547
5194 9 2 32 38 3135 4504 4296 10548 10234 10446
5195 9 2 32 38 3607 4772 4593 10172 10549 8825
5196 9 2 32 38 3608 4594 4773 8828 10550 10173
5197 9 2 32 38 3611 4025 4716 10410 9886 10551
5198 9 2 32 38 3612 4717 4026 10552 9887 10411
5199 9 2 32 38 3212 4837 4196 8255 10553 6744
5200 9 2 32 38 3214 4197 4838 6749 10554 8256
5201 9 2 32 38 3451 4949 4326 10555 10556 9352
5202 9 2 32 38 3452 4327 4950 9355 10557 10558
5203 9 2 32 38 3577 4636 3968 10540 9760 10559
5204 9 2 32 38 3432 4392 4643 10166 10008 10560
5205 9 2 32 38 3471 4282 4710 8911 10561 9910
5206 9 2 32 38 3470 4711 4283 9909 10562 8906
5207 9 2 32 38 632 633 4748 666 9898 9919
5208 9 2 32 38 3515 4691 4312 10425 10563 7608
5209 9 2 32 38 3516 4313 4692 7609 10564 10426
5210 9 2 32 38 3645 4672 4849 10565 7683 10566
5211 9 2 32 38 684 685 4750 748 9512 10307
5212 9 2 32 38 709 710 4733 773 9750 10408
5213 9 2 32 38 435 436 4734 499 10409 9749
5214 9 2 32 38 3213 4276 4490 10511 10376 9537
5215 9 2 32 38 3215 4491 4277 9538 10377 10512
5216 9 2 32 38 3257 4063 4817 8094 7446 6002
5217 9 2 32 38 3342 4315 4465 5247 9250 9969
5218 9 2 32 38 3341 4466 4316 9972 9247 5248
5219 9 2 32 38 3514 4855 3849 9134 10274 10283
5220 9 2 32 38 3577 3968 4468 10559 8802 8436
5221 9 2 32 38 3462 3909 4570 8918 10296 10567
5222 9 2 32 38 3510 3875 4600 10269 7561 8069
5223 9 2 32 38 3509 4599 3876 8072 7558 10270
5224 9 2 32 38 3616 4748 4008 10568 9897 10449
5225 9 2 32 38 3281 4742 3980 5369 9957 6528
5226 9 2 32 38 3282 3977 4743 6527 9960 5372
5227 9 2 32 38 3140 4601 4324 8337 10569 9774
5228 9 2 32 38 3722 4731 4035 10196 10026 5701
5229 9 2 32 38 3723 4036 4732 5704 10025 10197
5230 9 2 32 38 3623 4323 4445 7869 10570 8677
5231 9 2 32 38 3532 4462 4879 6612 10434 10571
5232 9 2 32 38 3423 4294 4135 5017 6692 10572
5233 9 2 32 38 3563 4738 3979 10573 10045 10574
5234 9 2 32 38 3564 3976 4739 10575 10048 10576
5235 9 2 32 38 3146 4108 4795 8397 6392 9049
5236 9 2 32 38 3260 4150 4521 7040 10246 6996
5237 9 2 32 38 3561 4953 4495 10577 10534 10578
5238 9 2 32 38 3268 4637 4807 9848 10537 10021
5239 9 2 32 38 3269 4808 4638 10022 10538 9849
5240 9 2 32 38 3506 4221 4939 6137 10579 10580
5241 9 2 32 38 3507 4940 4222 10581 10582 6138
5242 9 2 32 38 3369 4431 4432 7973 10007 7780
5243 9 2 32 38 543 544 4816 577 9974 10041
5244 9 2 32 38 3456 4935 4163 10583 10518 8845
5245 9 2 32 38 3457 4164 4936 8850 10519 10584
5246 9 2 32 38 3699 4694 4780 9182 10585 9260
5247 9 2 32 38 3616 4005 4748 10492 9920 10568
5248 9 2 32 38 3611 4716 3953 10551 9707 10586
5249 9 2 32 38 3612 3954 4717 10587 9710 10552
5250 9 2 32 38 686 687 4827 750 6537 6379
5251 9 2 32 38 3577 4488 3946 8287 8240 10539
5252 9 2 32 38 3691 4774 4324 10588 9775 6556
5253 9 2 32 38 3439 4109 4864 7438 10589 10590
5254 9 2 32 38 3440 4865 4110 10591 10592 7442
5255 9 2 32 38 3523 4611 4895 10358 10508 10593
5256 9 2 32 38 3524 4896 4612 10594 10509 10359
5257 9 2 32 38 3498 4861 3929 10181 10595 10120
5258 9 2 32 38 3459 4506 4122 9115 10596 8050
5259 9 2 32 38 3460 4123 4507 8049 10597 9112
5260 9 2 32 38 3556 4673 4167 10598 9185 7032
5261 9 2 32 38 3383 4208 4721 6633 10072 9592
5262 9 2 32 38 3385 4722 4207 9595 10071 6634
5263 9 2 32 38 3664 4669 4876 9856 10599 10600
5264 9 2 32 38 3665 4877 4670 10601 10602 9857
5265 9 2 32 38 3158 4933 4730 10603 10604 10605
5266 9 2 32 38 3377 4903 4113 8975 10135 10156
5267 9 2 32 38 3472 4443 4385 7802 9670 9436
5268 9 2 32 38 3272 4793 4310 10606 10255 7707
5269 9 2 32 38 3273 4309 4794 7712 10256 10607
5270 9 2 32 38 3499 4086 4977 10085 10608 10609
5271 9 2 32 38 3500 4978 4087 10610 10611 10086
5272 9 2 32 38 3162 4420 4604 9171 10612 7179
5273 9 2 32 38 3163 4605 4421 7182 10613 9172
5274 9 2 32 38 3154 4932 4156 10614 10345 9545
5275 9 2 32 38 3409 4654 4198 9725 8342 9685
5276 9 2 32 38 3518 4324 4601 5394 10569 10615
5277 9 2 32 38 3183 4881 3868 10616 7336 10126
5278 9 2 32 38 3451 4433 4949 6644 10617 10555
5279 9 2 32 38 3452 4950 4434 10558 10618 6647
5280 9 2 32 38 3166 4798 4450 10528 9691 5643
5281 9 2 32 38 3167 4451 4799 5644 9692 10529
5282 9 2 32 38 3754 4317 4278 9755 10280 6630
5283 9 2 32 38 3440 4122 4506 10619 10596 10620
5284 9 2 32 38 3439 4507 4123 10621 10597 10622
5285 9 2 32 38 3183 3871 4983 10066 6572 10623
5286 9 2 32 38 3221 4190 4708 7909 10624 7968
5287 9 2 32 38 3388 4262 4843 5812 10625 10626
5288 9 2 32 38 3387 4842 4263 10627 10628 5809
5289 9 2 32 38 3151 4445 4323 7062 10570 10036
5290 9 2 32 38 3148 4051 4776 10200 9822 9977
5291 9 2 32 38 3149 4777 4052 9982 9825 10201
5292 9 2 32 38 912 4941 4449 10152 10629 10630
5293 9 2 32 38 3267 4555 4251 8226 8874 10448
5294 9 2 32 38 3472 3823 4655 9999 10631 7800
5295 9 2 32 38 3535 4179 4923 10030 10632 10331
5296 9 2 32 38 3536 4924 4180 10334 10633 10031
5297 9 2 32 38 3191 4066 4526 9414 9652 6294
5298 9 2 32 38 3193 4527 4067 6297 9653 9415
5299 9 2 32 38 1019 1020 4876 1033 10634 10635
5300 9 2 32 38 1019 4877 1020 10636 10637 1033
5301 9 2 32 38 3651 4816 4016 10638 9973 10090
5302 9 2 32 38 3334 4606 4920 5697 10639 10640
5303 9 2 32 38 3335 4921 4607 10641 10642 5698
5304 9 2 32 38 3539 4929 4090 9061 10643 10032
5305 9 2 32 38 3506 4196 4837 10644 10553 10297
5306 9 2 32 38 3507 4838 4197 10298 10554 10645
5307 9 2 32 38 3158 4413 4933 10646 10647 10603
5308 9 2 32 38 3775 4937 3990 9032 10648 7214
5309 9 2 32 38 3776 3991 4938 7217 10649 9033
5310 9 2 32 38 3331 3903 4923 10422 10332 10650
5311 9 2 32 38 3332 4924 3904 10651 10333 10423
5312 9 2 32 38 962 4687 3936 10183 10224 10652
5313 9 2 32 38 962 3935 4688 10653 10225 10184
5314 9 2 32 38 3592 4763 4325 10654 10655 7839
5315 9 2 32 38 3478 4655 3823 5291 10631 10222
5316 9 2 32 38 3736 4945 4216 6696 10162 8431
5317 9 2 32 38 3737 4217 4946 8789 10163 6697
5318 9 2 32 38 3651 4038 4816 10488 10042 10638
5319 9 2 32 38 3528 4900 4449 10413 10656 9659
5320 9 2 32 38 3450 4076 4566 8749 8843 7199
5321 9 2 32 38 3578 4633 4909 10657 10658 10416
5322 9 2 32 38 3579 4910 4634 10421 10659 10660
5323 9 2 32 38 3360 4540 4242 10323 8412 8602
5324 9 2 32 38 3361 4243 4541 8605 8417 10324
5325 9 2 32 38 3476 4148 4450 9946 6768 9272
5326 9 2 32 38 3477 4451 4149 9273 6771 9947
5327 9 2 32 38 3226 4065 4419 10661 9476 8340
5328 9 2 32 38 3336 3988 4550 7279 10145 9524
5329 9 2 32 38 3337 4551 3989 9523 10146 7280
5330 9 2 32 38 1015 4573 4557 10320 10662 10265
5331 9 2 32 38 1015 4558 4574 10268 10663 10321
5332 9 2 32 38 3159 4050 4758 7285 10093 7192
5333 9 2 32 38 3450 4644 4174 5562 10318 7534
5334 9 2 32 38 3201 4312 4691 7836 10563 10148
5335 9 2 32 38 3202 4692 4313 10149 10564 7837
5336 9 2 32 38 3584 4228 4658 7946 10404 10664
5337 9 2 32 38 3585 4659 4227 10665 10403 7947
5338 9 2 32 38 3307 4821 4966 5035 7110 9128
5339 9 2 32 38 1020 4144 4876 9606 10666 10634
5340 9 2 32 38 1020 4877 4145 10637 10667 9607
5341 9 2 32 38 3388 4095 4475 7646 6905 5140
5342 9 2 32 38 3387 4476 4096 5139 6908 7647
5343 9 2 32 38 3612 4512 3954 8948 8875 10587
5344 9 2 32 38 3611 3953 4513 10586 8878 8947
5345 9 2 32 38 3381 4212 4533 5672 10668 8347
5346 9 2 32 38 3331 4923 4179 10650 10632 6707
5347 9 2 32 38 3332 4180 4924 6710 10633 10651
5348 9 2 32 38 3629 4326 4949 10669 10556 8867
5349 9 2 32 38 3630 4950 4327 8872 10557 10670
5350 9 2 32 38 3535 4544 4685 9483 10429 9726
5351 9 2 32 38 3536 4686 4545 9729 10432 9484
5352 9 2 32 38 3220 4914 3931 10671 7789 9306
5353 9 2 32 38 3219 3932 4915 9309 7792 10672
5354 9 2 32 38 3292 4866 4064 9407 7257 9859
5355 9 2 32 38 3203 4090 4929 8853 10643 9866
5356 9 2 32 38 3456 3701 4935 10313 9576 10583
5357 9 2 32 38 3457 4936 3702 10584 9577 10314
5358 9 2 32 38 3546 4193 4701 10544 10366 10673
5359 9 2 32 38 3547 4702 4194 10674 10365 10545
5360 9 2 32 38 3480 4213 4652 10136 5903 9068
5361 9 2 32 38 3481 4653 4214 9071 5904 10137
5362 9 2 32 38 3351 3852 4917 5496 10675 9801
5363 9 2 32 38 3353 4916 3853 9804 10676 5497
5364 9 2 32 38 3297 4307 4849 9282 10677 10678
5365 9 2 32 38 3644 4970 3927 8838 10249 8550
5366 9 2 32 38 3143 4694 4147 10679 10373 10028
5367 9 2 32 38 3563 3979 4742 10574 9958 5002
5368 9 2 32 38 3564 4743 3976 5007 9959 10575
5369 9 2 32 38 3559 4796 4904 9639 10396 10680
5370 9 2 32 38 3560 4905 4797 10681 10399 9640
5371 9 2 32 38 3569 3896 4976 9798 10682 10683
5372 9 2 32 38 9 4963 734 10684 10240 798
5373 9 2 32 38 5 411 4964 474 10245 10685
5374 9 2 32 38 3423 4135 4435 10572 6654 6123
5375 9 2 32 38 3489 4729 4503 10023 10686 10260
5376 9 2 32 38 3400 4770 4046 10687 9445 8710
5377 9 2 32 38 3401 4047 4771 8715 9444 10688
5378 9 2 32 38 10 1009 4954 1022 10467 9889
5379 9 2 32 38 10 4955 1009 9892 10468 1022
5380 9 2 32 38 3315 4880 4204 10689 10442 5094
5381 9 2 32 38 3306 4818 4080 10690 9271 10470
5382 9 2 32 38 3505 4581 4595 10118 10691 9214
5383 9 2 32 38 3504 4596 4582 9217 10692 10119
5384 9 2 32 38 3830 4592 4459 7203 10067 10693
5385 9 2 32 38 3530 4785 3919 5015 10465 10393
5386 9 2 32 38 3299 4897 3937 10462 9295 10493
5387 9 2 32 38 3300 3938 4898 10494 9294 10461
5388 9 2 32 38 3222 4132 4677 10463 8477 6868
5389 9 2 32 38 3223 4678 4133 6867 8478 10464
5390 9 2 32 38 3837 4962 4274 9682 10694 9837
5391 9 2 32 38 3701 4346 4954 10312 9890 10695
5392 9 2 32 38 3702 4955 4348 10696 9891 10315
5393 9 2 32 38 3838 4275 4961 9838 10697 9684
5394 9 2 32 38 1 4693 4913 10457 10698 9836
5395 9 2 32 38 3513 4362 4971 7810 10699 10700
5396 9 2 32 38 3496 4656 4090 9133 10033 9845
5397 9 2 32 38 3218 4175 4520 6404 10177 6762
5398 9 2 32 38 3217 4519 4176 6765 10178 6401
5399 9 2 32 38 3663 4552 4968 8915 10701 9408
5400 9 2 32 38 3532 4879 4308 10571 10020 6820
5401 9 2 32 38 3143 4239 4780 10516 10477 10702
5402 9 2 32 38 3441 4130 4662 9421 8989 9549
5403 9 2 32 38 3836 4622 4690 9602 10342 9084
5404 9 2 32 38 3565 4597 4759 10703 9125 8471
5405 9 2 32 38 1016 4772 4573 10525 10171 10319
5406 9 2 32 38 1016 4574 4773 10322 10174 10526
5407 9 2 32 38 3566 4760 4598 8470 9126 10704
5408 9 2 32 38 3556 4639 4705 6251 7621 10705
5409 9 2 32 38 3990 4937 4439 10648 10532 10250
5410 9 2 32 38 3991 4440 4938 10251 10533 10649
5411 9 2 32 38 3400 4340 4770 10214 10706 10687
5412 9 2 32 38 3401 4771 4341 10688 10707 10213
5413 9 2 32 38 3546 4701 4006 10673 8035 8139
5414 9 2 32 38 3547 4007 4702 8142 8038 10674
5415 9 2 32 38 3794 4801 4414 6794 10478 5042
5416 9 2 32 38 3795 4415 4802 5045 10481 6795
5417 9 2 32 38 1017 4593 4772 10304 10549 10524
5418 9 2 32 38 1017 4773 4594 10527 10550 10305
5419 9 2 32 38 3755 4492 4667 8667 10205 8650
5420 9 2 32 38 3528 4141 4503 10460 10261 9208
5421 9 2 32 38 3504 4846 4223 10708 10380 8101
5422 9 2 32 38 3505 4224 4847 8100 10383 10709
5423 9 2 32 38 3531 4384 4624 10349 9588 9787
5424 9 2 32 38 3580 4617 4452 10175 10710 6161
5425 9 2 32 38 3581 4453 4618 6164 10711 10176
5426 9 2 32 38 3266 4621 4785 8145 10258 5395
5427 9 2 32 38 3655 4793 4454 7473 10712 8664
5428 9 2 32 38 3656 4455 4794 8665 10713 7476
5429 9 2 32 38 3334 4920 4163 10640 10714 10517
5430 9 2 32 38 3335 4164 4921 10520 10715 10641
5431 9 2 32 38 3438 4477 4658 5853 10716 9196
5432 9 2 32 38 3437 4659 4478 9195 10717 5854
5433 9 2 32 38 3674 4902 4556 7246 10386 9506
5434 9 2 32 38 3659 4215 4746 7318 10069 10718
5435 9 2 32 38 3395 4975 4230 10522 10719 9143
5436 9 2 32 38 3542 4621 4118 10259 6565 9906
5437 9 2 32 38 3313 4770 4340 9427 10706 8732
5438 9 2 32 38 3314 4341 4771 8737 10707 9422
5439 9 2 32 38 3148 4252 4895 9979 10720 9011
5440 9 2 32 38 3149 4896 4253 9014 10721 9980
5441 9 2 32 38 1018 4669 4593 10474 10722 10303
5442 9 2 32 38 1018 4594 4670 10306 10723 10475
5443 9 2 32 38 3661 4640 4357 7953 10724 8345
5444 9 2 32 38 3662 4358 4641 8346 10725 7954
5445 9 2 32 38 3410 4167 4969 7033 10726 10727
5446 9 2 32 38 3659 4751 4300 7590 10728 8196
5447 9 2 32 38 3189 4630 4544 9136 10729 8690
5448 9 2 32 38 3190 4545 4631 8695 10730 9137
5449 9 2 32 38 3440 4926 4122 10167 7072 10619
5450 9 2 32 38 3439 4123 4925 10622 7071 10170
5451 9 2 32 38 3852 4523 4917 9118 10731 10675
5452 9 2 32 38 3853 4916 4522 10676 10732 9119
5453 9 2 32 38 3329 4205 4766 9035 10733 9416
5454 9 2 32 38 3330 4767 4206 9417 10734 9036
5455 9 2 32 38 3160 4646 4142 10735 10541 8784
5456 9 2 32 38 3161 4143 4647 8783 10542 10736
5457 9 2 32 38 3187 4948 4264 10004 10737 7610
5458 9 2 32 38 3635 4299 4422 6979 10326 9851
5459 9 2 32 38 3238 4300 4751 6594 10728 7669
5460 9 2 32 38 911 4028 4941 8824 10336 10151
5461 9 2 32 38 3169 3929 4861 5874 10595 9573
5462 9 2 32 38 3544 4843 4262 10738 10625 7100
5463 9 2 32 38 3543 4263 4842 7099 10628 10739
5464 9 2 32 38 3345 4661 4408 9462 8622 8322
5465 9 2 32 38 3633 4337 4467 6038 10317 8502
5466 9 2 32 38 3589 4452 4617 10740 10710 10043
5467 9 2 32 38 3590 4618 4453 10044 10711 10741
5468 9 2 32 38 3237 4806 4408 7512 10742 8621
5469 9 2 32 38 3155 4927 4493 10743 9794 7657
5470 9 2 32 38 3156 4494 4928 7662 9795 10744
5471 9 2 32 38 3725 4819 4417 8364 10745 9023
5472 9 2 32 38 3726 4418 4820 9026 10746 8365
5473 9 2 32 38 3523 4895 4252 10593 10720 5374
5474 9 2 32 38 3524 4253 4896 5377 10721 10594
5475 9 2 32 38 3680 4084 4963 8476 10241 10747
5476 9 2 32 38 3681 4964 4085 10748 10244 8475
5477 9 2 32 38 3500 4193 4604 9177 10543 10749
5478 9 2 32 38 3499 4605 4194 10750 10546 9174
5479 9 2 32 38 3552 4782 3993 10062 9505 7847
5480 9 2 32 38 3315 4967 4880 10751 7595 10689
5481 9 2 32 38 3194 4588 4125 10164 7259 9581
5482 9 2 32 38 3192 4127 4589 9584 7262 10165
5483 9 2 32 38 3276 3921 4841 10050 10111 7163
5484 9 2 32 38 845 4628 4169 10153 8698 9617
5485 9 2 32 38 3154 4862 4932 10132 10752 10614
5486 9 2 32 38 3553 4547 4548 5685 10753 7132
5487 9 2 32 38 3684 4295 4850 7340 10444 6662
5488 9 2 32 38 3685 4851 4296 6659 10447 7344
5489 9 2 32 38 3343 4230 4975 10503 10719 6249
5490 9 2 32 38 3565 4779 4597 8450 10754 10703
5491 9 2 32 38 3566 4598 4778 10704 10755 8449
5492 9 2 32 38 3135 4227 4504 7948 10158 10548
5493 9 2 32 38 3137 4505 4228 10547 10159 7945
5494 9 2 32 38 3727 4533 4585 9443 10756 9884
5495 9 2 32 38 3518 4601 4461 10615 10757 10279
5496 9 2 32 38 3162 4221 4719 10758 10759 9559
5497 9 2 32 38 3163 4720 4222 9562 10760 10761
5498 9 2 32 38 3675 4239 4826 5532 10515 10762
5499 9 2 32 38 3134 4864 4109 9879 10589 8023
5500 9 2 32 38 3136 4110 4865 8026 10592 9875
5501 9 2 32 38 3250 4533 4212 10763 10668 10764
5502 9 2 32 38 3162 4939 4221 6990 10579 10758
5503 9 2 32 38 3163 4222 4940 10761 10582 6991
5504 9 2 32 38 3655 4497 4390 5507 10400 6333
5505 9 2 32 38 3656 4391 4498 6338 10401 5510
5506 9 2 32 38 3192 4759 4058 7577 9124 9583
5507 9 2 32 38 3500 4604 4420 10749 10612 10765
5508 9 2 32 38 3499 4421 4605 10766 10613 10750
5509 9 2 32 38 3194 4059 4760 9582 9127 7572
5510 9 2 32 38 690 4372 4746 9865 10767 10034
5511 9 2 32 38 3233 4789 4546 8182 10768 9327
5512 9 2 32 38 3354 4740 4960 10483 10769 10114
5513 9 2 32 38 3352 4959 4741 10115 10770 10482
5514 9 2 32 38 3570 4708 4190 6352 10624 8018
5515 9 2 32 38 3462 4918 4528 10771 10772 8246
5516 9 2 32 38 3294 4444 4568 7242 10485 9629
5517 9 2 32 38 3673 4461 4601 8224 10757 8336
5518 9 2 32 38 3203 4172 4668 9868 9831 10275
5519 9 2 32 38 3157 3992 4972 10000 5664 9361
5520 9 2 32 38 3654 4370 4502 8814 10405 5151
5521 9 2 32 38 3653 4501 4371 5152 10406 8811
5522 9 2 32 38 3290 4503 4729 8687 10686 10390
5523 9 2 32 38 3654 4583 4885 8862 10773 8813
5524 9 2 32 38 3653 4884 4584 8812 10774 8859
5525 9 2 32 38 3454 4571 4869 9167 10775 10776
5526 9 2 32 38 3455 4870 4572 10777 10778 9168
5527 9 2 32 38 3539 4264 4948 8418 10737 9624
5528 9 2 32 38 3817 4413 4930 9350 10779 9344
5529 9 2 32 38 3487 4917 4523 9518 10731 10010
5530 9 2 32 38 3486 4522 4916 10009 10732 9519
5531 9 2 32 38 3462 4570 4918 10567 10780 10771
5532 9 2 32 38 3700 4102 4967 7191 7596 10781
5533 9 2 32 38 3228 4282 4554 10782 5927 9389
5534 9 2 32 38 3227 4553 4283 9394 5924 10783
5535 9 2 32 38 3645 4849 4307 10566 10677 8706
5536 9 2 32 38 3663 4400 4508 9409 10439 5612
5537 9 2 32 38 3600 4828 4909 10784 10417 8105
5538 9 2 32 38 3601 4910 4829 8106 10420 10785
5539 9 2 32 38 3662 4815 4265 10786 10227 7408
5540 9 2 32 38 3661 4266 4814 7405 10228 10787
5541 9 2 32 38 3143 4780 4694 10702 10585 10679
5542 9 2 32 38 3252 4863 4384 10353 10788 9612
5543 9 2 32 38 3145 4294 4911 6693 10789 10484
5544 9 2 32 38 3228 4710 4282 9714 10561 10782
5545 9 2 32 38 3227 4283 4711 10783 10562 9711
5546 9 2 32 38 3764 4231 4886 10129 10790 10791
5547 9 2 32 38 3174 4918 3881 10792 10793 9135
5548 9 2 32 38 3220 4301 4914 8703 10794 10671
5549 9 2 32 38 3219 4915 4302 10672 10795 8708
5550 9 2 32 38 3660 4354 4486 6490 10360 5808
5551 9 2 32 38 1021 4350 4144 10498 8524 9605
5552 9 2 32 38 1021 4145 4351 9608 8527 10499
5553 9 2 32 38 3633 4613 4727 8448 10796 7212
5554 9 2 32 38 3569 4976 4437 10683 10797 8027
5555 9 2 32 38 3755 4665 4718 10061 10798 9904
5556 9 2 32 38 3336 4738 4221 10046 10799 7278
5557 9 2 32 38 3337 4222 4739 7281 10800 10047
5558 9 2 32 38 3592 4943 4763 10801 10802 10654
5559 9 2 32 38 3181 4437 4976 6719 10797 10803
5560 9 2 32 38 3143 4363 4826 10029 9689 10514
5561 9 2 32 38 3253 4671 4547 6534 10804 5352
5562 9 2 32 38 3308 4065 4872 9038 10805 10806
5563 9 2 32 38 1019 4876 4669 10635 10599 10473
5564 9 2 32 38 1019 4670 4877 10476 10602 10636
5565 9 2 32 38 3175 4811 4332 10392 10807 8607
5566 9 2 32 38 3177 4333 4812 8610 10808 10391
5567 9 2 32 38 3578 4544 4630 10430 10729 10809
5568 9 2 32 38 3579 4631 4545 10810 10730 10431
5569 9 2 32 38 3635 4408 4806 8323 10742 6978
5570 9 2 32 38 3637 4177 4856 6550 8332 8964
5571 9 2 32 38 3636 4857 4178 8965 8333 6551
5572 9 2 32 38 3208 4163 4920 8929 10714 10076
5573 9 2 32 38 3209 4921 4164 10079 10715 8930
5574 9 2 32 38 3550 4417 4819 8631 10745 6505
5575 9 2 32 38 3551 4820 4418 6508 10746 8632
5576 9 2 32 38 3942 4730 4933 9466 10604 7075
5577 9 2 32 38 3629 4981 4326 6928 9783 10669
5578 9 2 32 38 3630 4327 4982 10670 9786 6931
5579 9 2 32 38 715 4396 4814 9951 10811 10052
5580 9 2 32 38 430 4815 4397 10055 10812 9952
5581 9 2 32 38 3410 4969 4286 10727 9929 8273
5582 9 2 32 38 3171 4629 4901 5281 10813 7083
5583 9 2 32 38 3473 4700 4666 8823 10814 7862
5584 9 2 32 38 3314 4732 4427 10198 10301 10491
5585 9 2 32 38 3313 4429 4731 10490 10302 10195
5586 9 2 32 38 3164 4274 4962 10456 10694 7673
5587 9 2 32 38 3165 4961 4275 7672 10697 10453
5588 9 2 32 38 3234 4368 4869 5626 10815 7855
5589 9 2 32 38 3235 4870 4369 7858 10816 5627
5590 9 2 32 38 3432 4643 4200 10560 9993 8143
5591 9 2 32 38 3480 4682 4493 9766 9590 9793
5592 9 2 32 38 3481 4494 4683 9796 9591 9767
5593 9 2 32 38 3568 4645 4496 9826 9405 10288
5594 9 2 32 38 3548 4384 4863 9589 10788 8545
5595 9 2 32 38 3152 4786 4561 9138 10817 10818
5596 9 2 32 38 3454 4869 4368 10776 10815 8496
5597 9 2 32 38 3455 4369 4870 8499 10816 10777
5598 9 2 32 38 3406 4792 4297 9542 10819 7390
5599 9 2 32 38 3609 4747 4562 10310 10820 10277
5600 9 2 32 38 3238 4800 4409 8074 10821 8219
5601 9 2 32 38 3610 4912 4953 10822 10823 10824
5602 9 2 32 38 3158 4930 4413 7994 10779 10646
5603 9 2 32 38 3310 4649 4205 7028 10825 9944
5604 9 2 32 38 3311 4206 4650 9945 10826 7029
5605 9 2 32 38 3605 4867 4907 10827 10828 10829
5606 9 2 32 38 3606 4908 4868 10830 10831 10832
5607 9 2 32 38 3727 4933 4413 7925 10647 9442
5608 9 2 32 38 3836 4932 4862 10239 10752 10286
5609 9 2 32 38 3145 4257 4676 8510 8800 9097
5610 9 2 32 38 3152 4561 4700 10818 10833 9621
5611 9 2 32 38 3667 4633 4630 8808 10834 7415
5612 9 2 32 38 3668 4631 4634 7418 10835 8809
5613 9 2 32 38 3461 4906 4173 10452 10354 7124
5614 9 2 32 38 3497 4966 4170 9697 7109 8504
5615 9 2 32 38 3183 4492 4881 10206 10836 10616
5616 9 2 32 38 3764 4886 3965 10791 6902 8134
5617 9 2 32 38 3701 4954 4128 10695 10466 5817
5618 9 2 32 38 3702 4129 4955 5818 10469 10696
5619 9 2 32 38 3421 4977 4086 9016 10608 5514
5620 9 2 32 38 3422 4087 4978 5513 10611 9015
5621 9 2 32 38 3250 4585 4533 9743 10756 10763
5622 9 2 32 38 3994 4920 4606 10077 10639 9064
5623 9 2 32 38 3995 4607 4921 9067 10642 10078
5624 9 2 32 38 3181 4976 4534 10803 10837 10088
5625 9 2 32 38 3308 4749 4209 10838 10112 6474
5626 9 2 32 38 3589 4985 4452 7900 10839 10740
5627 9 2 32 38 3590 4453 4986 10741 10840 7901
5628 9 2 32 38 3506 4939 4196 10580 8815 10644
5629 9 2 32 38 3507 4197 4940 10645 8816 10581
5630 9 2 32 38 3584 4658 4477 10664 10716 6569
5631 9 2 32 38 3585 4478 4659 6568 10717 10665
5632 9 2 32 38 859 4595 4581 10014 10691 10016
5633 9 2 32 38 893 4582 4596 10015 10692 10011
5634 9 2 32 38 3326 4339 4947 8017 9139 9928
5635 9 2 32 38 3479 4229 4944 9572 8411 8720
5636 9 2 32 38 3884 4830 4146 10451 10841 7885
5637 9 2 32 38 942 4969 4167 9449 10726 8993
5638 9 2 32 38 3131 4908 4619 6174 10842 7333
5639 9 2 32 38 3826 4754 4632 10017 10843 10236
5640 9 2 32 38 3130 4620 4907 7332 10844 6173
5641 9 2 32 38 3174 4528 4918 9189 10772 10792
5642 9 2 32 38 4205 4649 4766 10825 10845 10733
5643 9 2 32 38 4206 4767 4650 10734 10846 10826
5644 9 2 32 38 3250 4212 4965 10764 10847 7876
5645 9 2 32 38 3344 4395 4922 6142 9225 9942
5646 9 2 32 38 3606 4619 4908 7636 10842 10830
5647 9 2 32 38 3605 4907 4620 10829 10844 7637
5648 9 2 32 38 3498 4325 4763 10121 10655 7291
5649 9 2 32 38 3561 4548 4547 10848 10753 10849
5650 9 2 32 38 3444 4449 4941 9941 10629 10335
5651 9 2 32 38 3474 4902 4973 10387 10850 7507
5652 9 2 32 38 3280 4968 4552 5935 10701 9918
5653 9 2 32 38 3144 4298 4728 8250 8804 10372
5654 9 2 32 38 3575 4328 4957 10368 7903 10851
5655 9 2 32 38 3576 4958 4329 10852 7904 10369
5656 9 2 32 38 4014 4846 4500 10507 10853 10290
5657 9 2 32 38 4013 4499 4847 10289 10854 10506
5658 9 2 32 38 3561 4547 4671 10849 10804 10855
5659 9 2 32 38 3873 4778 4598 9936 10755 9745
5660 9 2 32 38 962 4693 3935 10856 9655 10653
5661 9 2 32 38 3874 4597 4779 9744 10754 9937
5662 9 2 32 38 3609 4881 4492 10278 10836 7930
5663 9 2 32 38 3700 4967 4448 10781 10857 9631
5664 9 2 32 38 3312 4953 4912 10535 10823 7395
5665 9 2 32 38 3244 4641 4358 5894 10725 7744
5666 9 2 32 38 3245 4357 4640 7745 10724 5891
5667 9 2 32 38 3675 4826 4684 10762 9688 9539
5668 9 2 32 38 3623 4844 4075 9401 10341 5901
5669 9 2 32 38 3644 4700 4561 10858 10833 6214
5670 9 2 32 38 939 4208 4832 10073 10095 10347
5671 9 2 32 38 3206 4426 4823 10221 9636 8981
5672 9 2 32 38 3610 4774 4912 10486 10859 10822
5673 9 2 32 38 3393 4981 4473 9784 10160 8588
5674 9 2 32 38 3394 4474 4982 8589 10161 9785
5675 9 2 32 38 916 4845 4207 10339 10063 10070
5676 9 2 32 38 3605 4663 4867 6281 10860 10827
5677 9 2 32 38 3606 4868 4664 10832 10861 6282
5678 9 2 32 38 3212 4318 4752 9200 9096 6469
5679 9 2 32 38 3214 4753 4319 6472 9095 9201
5680 9 2 32 38 3226 4872 4065 7162 10805 10661
5681 9 2 32 38 3370 4672 4705 6652 10862 10142
5682 9 2 32 38 3556 4672 4673 10863 10864 10598
5683 9 2 32 38 3500 4420 4978 10765 7719 10610
5684 9 2 32 38 3499 4977 4421 10609 7720 10766
5685 9 2 32 38 3899 4960 4740 9021 10769 10216
5686 9 2 32 38 3898 4741 4959 10215 10770 9018
5687 9 2 32 38 3378 4831 4511 9540 9933 10340
5688 9 2 32 38 3170 4763 4943 7108 10802 9411
5689 9 2 32 38 3896 4534 4976 9283 10837 10682
5690 9 2 32 38 3713 4562 4747 8044 10820 10105
5691 9 2 32 38 3253 4971 4362 7296 10699 5840
5692 9 2 32 38 962 3936 4913 10652 9740 10865
5693 9 2 32 38 3561 4495 4942 10578 10866 10867
5694 9 2 32 38 3272 4454 4793 8457 10712 10606
5695 9 2 32 38 3273 4794 4455 10607 10713 8458
5696 9 2 32 38 3249 4727 4613 6510 10796 10536
5697 9 2 32 38 3453 4146 4830 8611 10841 10868
5698 9 2 32 38 3646 4907 4867 5159 10828 7352
5699 9 2 32 38 3647 4868 4908 7355 10831 5154
5700 9 2 32 38 913 4900 4189 10352 10412 6805
5701 9 2 32 38 3521 4276 4893 7587 10510 9463
5702 9 2 32 38 3522 4894 4277 9464 10513 7588
5703 9 2 32 38 3527 4616 4403 10438 9702 10869
5704 9 2 32 38 3600 4787 4828 10870 10871 10784
5705 9 2 32 38 3601 4829 4788 10785 10872 10873
5706 9 2 32 38 3709 4869 4571 8021 10775 7933
5707 9 2 32 38 3710 4572 4870 7936 10778 8022
5708 9 2 32 38 3502 4646 4882 8761 10874 8405
5709 9 2 32 38 3501 4883 4647 8410 10875 8764
5710 9 2 32 38 3297 4849 4342 10678 7682 8506
5711 9 2 32 38 3598 4914 4301 10005 10794 7485
5712 9 2 32 38 3599 4302 4915 7484 10795 10006
5713 9 2 32 38 3508 4407 4709 10124 9284 9673
5714 9 2 32 38 841 4757 4367 10263 9850 9927
5715 9 2 32 38 3676 4623 4971 10876 10877 7295
5716 9 2 32 38 3575 4957 4347 10851 7347 10281
5717 9 2 32 38 3576 4349 4958 10282 7348 10852
5718 9 2 32 38 3503 4965 4212 7852 10847 10523
5719 9 2 32 38 3586 4749 4872 10878 10879 7161
5720 9 2 32 38 3711 4775 4614 9622 10880 8992
5721 9 2 32 38 3858 4557 4573 7881 10662 8198
5722 9 2 32 38 3859 4574 4558 8201 10663 7882
5723 9 2 32 38 3239 4339 4822 9140 9479 6811
5724 9 2 32 38 940 4832 4256 10348 10190 7125
5725 9 2 32 38 4221 4738 4719 10799 10881 10759
5726 9 2 32 38 4222 4720 4739 10760 10882 10800
5727 9 2 32 38 3641 4758 4830 6155 10883 10450
5728 9 2 32 38 3256 4858 4875 9299 10884 5423
5729 9 2 32 38 3173 4297 4860 5657 10885 9398
5730 9 2 32 38 3306 4623 4818 6808 10886 10690
5731 9 2 32 38 3692 4873 4460 9291 5505 7898
5732 9 2 32 38 915 4259 4845 7086 10179 10338
5733 9 2 32 38 3806 4262 4809 7101 10437 8879
5734 9 2 32 38 3805 4810 4263 8882 10436 7098
5735 9 2 32 38 3504 4500 4846 9842 10853 10708
5736 9 2 32 38 3505 4847 4499 10709 10854 9843
5737 9 2 32 38 3591 4911 4294 10291 10789 5022
5738 9 2 32 38 3889 4745 4730 9611 10887 10217
5739 9 2 32 38 3262 4885 4583 7713 10773 10128
5740 9 2 32 38 3263 4584 4884 10127 10774 7714
5741 9 2 32 38 3227 4867 4663 9712 10860 9392
5742 9 2 32 38 3228 4664 4868 9391 10861 9713
5743 9 2 32 38 3644 4666 4700 8551 10814 10858
5744 9 2 32 38 3600 4735 4787 5930 10888 10870
5745 9 2 32 38 3601 4788 4736 10873 10889 5931
5746 9 2 32 38 3618 4546 4789 9206 10768 9145
5747 9 2 32 38 3659 4746 4372 10718 10767 5909
5748 9 2 32 38 3621 4889 4890 10890 10891 5488
5749 9 2 32 38 3622 4892 4891 5493 10892 10893
5750 9 2 32 38 3578 4630 4633 10809 10834 10657
5751 9 2 32 38 3579 4634 4631 10660 10835 10810
5752 9 2 32 38 3583 4614 4775 7235 10880 6552
5753 9 2 32 38 3308 4872 4749 10806 10879 10838
5754 9 2 32 38 3578 4828 4685 10418 10894 10428
5755 9 2 32 38 3579 4686 4829 10433 10895 10419
5756 9 2 32 38 3691 4912 4774 6773 10859 10588
5757 9 2 32 38 3453 4830 4758 10868 10883 10092
5758 9 2 32 38 3645 4673 4672 7598 10864 10565
5759 9 2 32 38 3150 4718 4665 8452 10798 10388
5760 9 2 32 38 3387 4332 4842 7648 10896 10627
5761 9 2 32 38 3388 4843 4333 10626 10897 7645
5762 9 2 32 38 3586 4859 4749 10898 10407 10878
5763 9 2 32 38 862 4452 4985 7776 10839 10074
5764 9 2 32 38 890 4986 4453 10075 10840 7777
5765 9 2 32 38 3621 4787 4735 9329 10888 10899
5766 9 2 32 38 3622 4736 4788 10900 10889 9330
5767 9 2 32 38 3264 4909 4633 7825 10658 8807
5768 9 2 32 38 3265 4634 4910 8810 10659 7826
5769 9 2 32 38 3661 4814 4396 10787 10811 6177
5770 9 2 32 38 3662 4397 4815 6180 10812 10786
5771 9 2 32 38 3158 4730 4745 10605 10887 7326
5772 9 2 32 38 3513 4971 4623 10700 10877 6946
5773 9 2 32 38 3439 4864 4507 10590 10496 10621
5774 9 2 32 38 3440 4506 4865 10620 10495 10591
5775 9 2 32 38 912 4449 4900 10630 10656 10351
5776 9 2 32 38 3830 4459 4899 10693 9042 10487
5777 9 2 32 38 3556 4705 4672 10705 10862 10863
5778 9 2 32 38 3621 4735 4889 10899 10901 10890
5779 9 2 32 38 3622 4891 4736 10893 10902 10900
5780 9 2 32 38 3527 4403 4956 10869 9333 9705
5781 9 2 32 38 9 4824 4963 6841 10903 10684
5782 9 2 32 38 5 4964 4825 10685 10904 6846
5783 9 2 32 38 3183 4983 4667 10623 10905 10204
5784 9 2 32 38 3309 4886 4231 7716 10790 8455
5785 9 2 32 38 3561 4942 4548 10867 10521 10848
5786 9 2 32 38 3208 4889 4735 8773 10901 5724
5787 9 2 32 38 3209 4736 4891 5729 10902 8774
5788 9 2 32 38 3664 4876 4144 10600 10666 7169
5789 9 2 32 38 3665 4145 4877 7174 10667 10601
5790 9 2 32 38 3694 4409 4800 9734 10821 5107
5791 9 2 32 38 3303 4828 4787 10906 10871 9644
5792 9 2 32 38 3304 4788 4829 9645 10872 10907
5793 9 2 32 38 3155 4433 4927 10908 9737 10743
5794 9 2 32 38 3156 4928 4434 10744 9738 10909
5795 9 2 32 38 3155 4949 4433 9262 10617 10908
5796 9 2 32 38 3156 4434 4950 10909 10618 9263
5797 9 2 32 38 3559 4904 4703 10680 10910 8623
5798 9 2 32 38 3560 4704 4905 8628 10911 10681
5799 9 2 32 38 3161 4647 4883 10736 10875 6755
5800 9 2 32 38 3160 4882 4646 6756 10874 10735
5801 9 2 32 38 3561 4671 4953 10855 10912 10577
5802 9 2 32 38 3833 4973 4902 10264 10850 8331
5803 9 2 32 38 3704 4901 4629 5581 10813 7049
5804 9 2 32 38 3146 4632 4754 8493 10843 9497
5805 9 2 32 38 3315 4448 4967 9797 10857 10751
5806 9 2 32 38 3770 4593 4669 8826 10722 9855
5807 9 2 32 38 3771 4670 4594 9858 10723 8827
5808 9 2 32 38 3199 4766 4649 8270 10845 7864
5809 9 2 32 38 3200 4650 4767 7865 10846 8271
5810 9 2 32 38 3678 4561 4786 6399 10817 7463
5811 9 2 32 38 3881 4918 4570 10793 10780 9680
5812 9 2 32 38 3689 4890 4889 5316 10891 9412
5813 9 2 32 38 3690 4891 4892 9413 10892 5319
5814 9 2 32 38 3303 4685 4828 7982 10894 10906
5815 9 2 32 38 3304 4829 4686 10907 10895 7983
5816 9 2 32 38 3677 4942 4495 7208 10866 10346
5817 9 2 32 38 4332 4811 4842 10807 10913 10896
5818 9 2 32 38 4333 4843 4812 10897 10914 10808
5819 9 2 32 38 4297 4792 4860 10819 10915 10885
5820 9 2 32 38 3738 4974 4888 7771 10916 9956
5821 9 2 32 38 3669 4667 4983 8159 10905 9633
5822 9 2 32 38 3610 4953 4671 10824 10912 8563
5823 9 2 32 38 3138 4518 4979 6888 10299 9472
5824 9 2 32 38 3139 4980 4517 9473 10300 6889
5825 9 2 32 38 3707 4875 4858 6657 10884 8266
5826 9 2 32 38 3676 4818 4623 7059 10886 10876
5827 9 2 32 38 3563 4719 4738 10361 10881 10573
5828 9 2 32 38 3564 4739 4720 10576 10882 10362
5829 9 2 32 38 3283 4703 4904 6384 10910 7496
5830 9 2 32 38 3284 4905 4704 7499 10911 6385
5831 9 2 32 38 3587 4860 4792 9748 10915 10363
5832 9 2 32 38 3586 4943 4859 8171 10917 10898
5833 9 2 32 38 827 4888 4974 9777 10916 10350
5834 9 2 32 38 3592 4859 4943 7093 10917 10801
5835 9 2 32 38 3543 4842 4811 10739 10913 8888
5836 9 2 32 38 3544 4812 4843 8891 10914 10738
5837 9 2 32 38 3680 4963 4824 10747 10903 6149
5838 9 2 32 38 3681 4825 4964 6148 10904 10748
5839 9 2 32 38 962 4913 4693 10865 10698 10856
5840 9 2 32 38 14 869 4350 882 8525 10497
5841 9 2 32 38 14 4351 883 10500 8526 895
5842 9 2 33 39 909 10956 11031 11138 11139 11140
5843 9 2 33 39 1087 11032 10956 11141 11142 11143
5844 9 2 33 39 1096 10957 11033 11144 11145 11146
5845 9 2 33 39 918 11034 10957 11147 11148 11149
5846 9 2 33 39 944 11035 10958 11150 11151 11152
5847 9 2 33 39 1172 10958 11036 11153 11154 11155
5848 9 2 33 39 909 11046 10956 11156 11157 11138
5849 9 2 33 39 1087 10956 11045 11143 11158 11159
5850 9 2 33 39 1096 11047 10957 11160 11161 11144
5851 9 2 33 39 918 10957 11048 11149 11162 11163
5852 9 2 33 39 944 10958 11050 11152 11164 11165
5853 9 2 33 39 1172 11049 10958 11166 11167 11153
5854 9 2 33 39 890 891 10964 903 11168 11169
5855 9 2 33 39 10925 11056 10966 11170 11171 11172
5856 9 2 33 39 860 861 10966 873 11173 11174
5857 9 2 33 39 10937 10969 11052 11175 11176 11177
5858 9 2 33 39 10951 11052 10969 11178 11176 11179
5859 9 2 33 39 10921 11057 10960 11180 11181 11182
5860 9 2 33 39 858 859 10967 871 11183 11184
5861 9 2 33 39 892 893 10968 905 11185 11186
5862 9 2 33 39 10925 10962 10984 11187 11188 11189
5863 9 2 33 39 10919 11040 10980 11190 11191 11192
5864 9 2 33 39 15 10975 894 11193 11194 907
5865 9 2 33 39 828 829 10970 837 11195 11196
5866 9 2 33 39 845 846 10971 854 11197 11198
5867 9 2 33 39 826 827 10973 835 11199 11200
5868 9 2 33 39 843 844 10972 852 11201 11202
5869 9 2 33 39 1120 11066 10986 11203 11204 11205
5870 9 2 33 39 10937 11052 11080 11177 11206 11207
5871 9 2 33 39 10966 11056 10994 11171 11208 11209
5872 9 2 33 39 10951 11087 11052 11210 11211 11178
5873 9 2 33 39 859 11042 10967 11212 11213 11183
5874 9 2 33 39 890 10964 11004 11169 11214 11215
5875 9 2 33 39 861 11025 10966 11216 11217 11173
5876 9 2 33 39 892 10968 11039 11186 11218 11219
5877 9 2 33 39 1120 10986 1121 11205 11220 1133
5878 9 2 33 39 894 10975 11064 11194 11221 11222
5879 9 2 33 39 10927 10967 11042 11223 11213 11224
5880 9 2 33 39 10927 10966 10994 11225 11209 11226
5881 9 2 33 39 10923 10984 10962 11227 11188 11228
5882 9 2 33 39 10928 11064 10975 11229 11221 11230
5883 9 2 33 39 846 11081 10971 11231 11232 11197
5884 9 2 33 39 829 11082 10970 11233 11234 11195
5885 9 2 33 39 826 10973 11079 11200 11235 11236
5886 9 2 33 39 843 10972 11080 11202 11237 11238
5887 9 2 33 39 828 10970 11072 11196 11239 11240
5888 9 2 33 39 845 10971 11073 11198 11241 11242
5889 9 2 33 39 827 11072 10973 11243 11244 11199
5890 9 2 33 39 844 11073 10972 11245 11246 11201
5891 9 2 33 39 1062 10969 11065 11247 11248 11249
5892 9 2 33 39 10924 10977 10961 11250 11251 11252
5893 9 2 33 39 10922 10961 10977 11253 11251 11254
5894 9 2 33 39 10932 11072 10970 11255 11239 11256
5895 9 2 33 39 10931 11073 10971 11257 11241 11258
5896 9 2 33 39 10931 10972 11073 11259 11246 11257
5897 9 2 33 39 10932 10973 11072 11260 11244 11255
5898 9 2 33 39 858 10967 11075 11184 11261 11262
5899 9 2 33 39 10938 10971 11081 11263 11232 11264
5900 9 2 33 39 10939 10970 11082 11265 11234 11266
5901 9 2 33 39 10936 11079 10973 11267 11235 11268
5902 9 2 33 39 10937 11080 10972 11207 11237 11269
5903 9 2 33 39 10935 11075 10967 11270 11261 11271
5904 9 2 33 39 11122 11021 1149 11272 11273 11274
5905 9 2 33 39 10926 10995 10964 11275 11276 11277
5906 9 2 33 39 860 10966 11042 11174 11278 11279
5907 9 2 33 39 10935 10979 11030 11280 11281 11282
5908 9 2 33 39 891 11039 10964 11283 11284 11168
5909 9 2 33 39 893 11064 10968 11285 11286 11185
5910 9 2 33 39 10927 11042 10966 11224 11278 11225
5911 9 2 33 39 10929 10974 11054 11287 11288 11289
5912 9 2 33 39 10928 11051 10968 11290 11291 11292
5913 9 2 33 39 10928 10968 11064 11292 11286 11229
5914 9 2 33 39 10960 11057 11136 11181 11293 11294
5915 9 2 33 39 20 1098 10979 1112 11295 11296
5916 9 2 33 39 10935 10967 11037 11271 11297 11298
5917 9 2 33 39 15 11086 10975 11299 11300 11193
5918 9 2 33 39 1148 11122 1149 11301 11274 1161
5919 9 2 33 39 1123 10980 11040 11302 11191 11303
5920 9 2 33 39 10926 11039 10968 11304 11218 11305
5921 9 2 33 39 14 883 10978 895 11306 11307
5922 9 2 33 39 10940 10975 11086 11308 11300 11309
5923 9 2 33 39 10925 10966 11025 11172 11217 11310
5924 9 2 33 39 10930 11063 10976 11311 11312 11313
5925 9 2 33 39 10927 11003 10967 11314 11315 11223
5926 9 2 33 39 10948 11030 10979 11316 11281 11317
5927 9 2 33 39 10937 11065 10969 11318 11248 11175
5928 9 2 33 39 10922 10981 10961 11319 11320 11253
5929 9 2 33 39 10935 11030 11075 11282 11321 11270
5930 9 2 33 39 10926 10964 11039 11277 11284 11304
5931 9 2 33 39 10923 10962 10983 11228 11322 11323
5932 9 2 33 39 10923 10986 11066 11324 11204 11325
5933 9 2 33 39 10937 10972 11017 11269 11326 11327
5934 9 2 33 39 10936 10973 11016 11268 11328 11329
5935 9 2 33 39 10938 11019 10971 11330 11331 11263
5936 9 2 33 39 10939 11018 10970 11332 11333 11265
5937 9 2 33 39 10925 11025 10962 11310 11334 11187
5938 9 2 33 39 10924 10961 11004 11252 11335 11336
5939 9 2 33 39 10922 10955 10981 11337 11338 11319
5940 9 2 33 39 10951 10969 11060 11179 11339 11340
5941 9 2 33 39 10928 10975 11021 11230 11341 11342
5942 9 2 33 39 1098 11101 10979 11343 11344 11295
5943 9 2 33 39 1146 11005 1147 11345 11346 1159
5944 9 2 33 39 10931 11026 10972 11347 11348 11259
5945 9 2 33 39 10932 11027 10973 11349 11350 11260
5946 9 2 33 39 10932 10970 11029 11256 11351 11352
5947 9 2 33 39 10931 10971 11028 11258 11353 11354
5948 9 2 33 39 1062 11060 10969 11355 11339 11247
5949 9 2 33 39 10921 10960 11107 11182 11356 11357
5950 9 2 33 39 10940 11006 10985 11358 11359 11360
5951 9 2 33 39 10941 10985 11006 11361 11359 11362
5952 9 2 33 39 10926 10968 11005 11305 11363 11364
5953 9 2 33 39 10943 11010 10989 11365 11366 11367
5954 9 2 33 39 10942 11009 10988 11368 11369 11370
5955 9 2 33 39 10941 10988 11009 11371 11369 11372
5956 9 2 33 39 10942 10989 11010 11373 11366 11374
5957 9 2 33 39 10943 10987 11013 11375 11376 11377
5958 9 2 33 39 10949 11013 10987 11378 11376 11379
5959 9 2 33 39 10946 11012 10990 11380 11381 11382
5960 9 2 33 39 10944 10991 11011 11383 11384 11385
5961 9 2 33 39 10945 11011 10991 11386 11384 11387
5962 9 2 33 39 10945 10990 11012 11388 11381 11389
5963 9 2 33 39 10946 10992 11014 11390 11391 11392
5964 9 2 33 39 10947 11014 10992 11393 11391 11394
5965 9 2 33 39 10934 11015 10993 11395 11396 11397
5966 9 2 33 39 10950 10993 11015 11398 11396 11399
5967 9 2 33 39 10920 11137 10963 11400 11401 11402
5968 9 2 33 39 1062 11065 1063 11249 11403 1075
5969 9 2 33 39 887 888 10981 900 11404 11405
5970 9 2 33 39 10964 11135 11004 11406 11407 11214
5971 9 2 33 39 18 1047 10997 1060 11408 11409
5972 9 2 33 39 10920 10963 10982 11402 11410 11411
5973 9 2 33 39 1144 10995 1145 11412 11413 1157
5974 9 2 33 39 865 866 10982 878 11414 11415
5975 9 2 33 39 10951 10997 11020 11416 11417 11418
5976 9 2 33 39 10920 10982 10959 11411 11419 11420
5977 9 2 33 39 1147 11005 11051 11346 11421 11422
5978 9 2 33 39 863 864 10983 876 11423 11424
5979 9 2 33 39 1163 10985 1164 11425 11426 1177
5980 9 2 33 39 937 938 10988 951 11427 11428
5981 9 2 33 39 939 940 10989 953 11429 11430
5982 9 2 33 39 941 942 10987 955 11431 11432
5983 9 2 33 39 911 912 10991 925 11433 11434
5984 9 2 33 39 913 914 10990 927 11435 11436
5985 9 2 33 39 915 916 10992 929 11437 11438
5986 9 2 33 39 946 947 10993 960 11439 11440
5987 9 2 33 39 10924 11004 11135 11336 11407 11441
5988 9 2 33 39 10940 11038 10975 11442 11443 11308
5989 9 2 33 39 16 824 11007 832 11444 11445
5990 9 2 33 39 12 11008 848 11446 11447 857
5991 9 2 33 39 10948 10979 11101 11317 11344 11448
5992 9 2 33 39 10919 10980 11069 11192 11449 11450
5993 9 2 33 39 824 825 11126 833 11451 11452
5994 9 2 33 39 830 831 11127 839 11453 11454
5995 9 2 33 39 847 848 11128 856 11455 11456
5996 9 2 33 39 1140 10996 1141 11457 11458 1153
5997 9 2 33 39 10923 11137 10986 11459 11460 11324
5998 9 2 33 39 825 11022 11126 11461 11462 11451
5999 9 2 33 39 830 11127 11023 11454 11463 11464
6000 9 2 33 39 847 11128 11024 11456 11465 11466
6001 9 2 33 39 10921 11107 10976 11357 11467 11468
6002 9 2 33 39 10920 10986 11137 11469 11460 11400
6003 9 2 33 39 1145 10995 11074 11413 11470 11471
6004 9 2 33 39 10919 11116 10965 11472 11473 11474
6005 9 2 33 39 909 910 11046 923 11475 11156
6006 9 2 33 39 1087 11045 1088 11159 11476 1101
6007 9 2 33 39 917 918 11048 931 11163 11477
6008 9 2 33 39 1095 11047 1096 11478 11160 1109
6009 9 2 33 39 1171 11049 1172 11479 11166 1185
6010 9 2 33 39 943 944 11050 957 11165 11480
6011 9 2 33 39 10922 11131 10955 11481 11482 11337
6012 9 2 33 39 1141 10996 11062 11458 11483 11484
6013 9 2 33 39 10968 11051 11005 11291 11421 11363
6014 9 2 33 39 908 909 11031 922 11140 11485
6015 9 2 33 39 1086 11032 1087 11486 11141 1100
6016 9 2 33 39 1096 11033 1097 11146 11487 1110
6017 9 2 33 39 918 919 11034 932 11488 11147
6018 9 2 33 39 944 945 11035 958 11489 11150
6019 9 2 33 39 1172 11036 1173 11155 11490 1186
6020 9 2 33 39 1047 11119 10997 11491 11492 11408
6021 9 2 33 39 1037 10998 1038 11493 11494 1050
6022 9 2 33 39 1070 10999 1071 11495 11496 1083
6023 9 2 33 39 1045 11000 1046 11497 11498 1058
6024 9 2 33 39 10919 10974 11116 11499 11500 11472
6025 9 2 33 39 889 890 11004 902 11215 11501
6026 9 2 33 39 10930 11061 11063 11502 11503 11311
6027 9 2 33 39 11 11020 831 11504 11505 840
6028 9 2 33 39 19 1072 11001 1085 11506 11507
6029 9 2 33 39 17 11002 1036 11508 11509 1048
6030 9 2 33 39 10922 11062 10996 11510 11483 11511
6031 9 2 33 39 10948 11100 11030 11512 11513 11316
6032 9 2 33 39 10951 11020 11087 11418 11514 11210
6033 9 2 33 39 22 1149 11038 1162 11515 11516
6034 9 2 33 39 10929 11054 11058 11289 11517 11518
6035 9 2 33 39 10967 11003 11037 11315 11519 11297
6036 9 2 33 39 1116 10994 1117 11520 11521 1129
6037 9 2 33 39 10925 10984 11068 11189 11522 11523
6038 9 2 33 39 10920 11069 10980 11524 11449 11525
6039 9 2 33 39 10929 11116 10974 11526 11500 11287
6040 9 2 33 39 864 11132 10983 11527 11528 11423
6041 9 2 33 39 10940 11086 11006 11309 11529 11358
6042 9 2 33 39 10941 11006 11089 11362 11530 11531
6043 9 2 33 39 10943 11013 11094 11377 11532 11533
6044 9 2 33 39 10946 11014 11099 11392 11534 11535
6045 9 2 33 39 10943 11094 11010 11533 11536 11365
6046 9 2 33 39 10942 11092 11009 11537 11538 11368
6047 9 2 33 39 10941 11009 11091 11372 11539 11540
6048 9 2 33 39 10942 11010 11092 11374 11541 11537
6049 9 2 33 39 10946 11099 11012 11535 11542 11380
6050 9 2 33 39 10945 11096 11011 11543 11544 11386
6051 9 2 33 39 10945 11012 11096 11389 11545 11543
6052 9 2 33 39 10934 11103 11015 11546 11547 11395
6053 9 2 33 39 10950 11015 11102 11399 11548 11549
6054 9 2 33 39 11057 10921 11131 11180 11550 11551
6055 9 2 33 39 10963 11137 10983 11401 11552 11553
6056 9 2 33 39 887 10981 11115 11405 11554 11555
6057 9 2 33 39 10933 11001 11008 11556 11557 11558
6058 9 2 33 39 10934 11007 11002 11559 11560 11561
6059 9 2 33 39 10936 10998 11022 11562 11563 11564
6060 9 2 33 39 10938 11024 10999 11565 11566 11567
6061 9 2 33 39 10939 11023 11000 11568 11569 11570
6062 9 2 33 39 10919 10965 11040 11474 11571 11190
6063 9 2 33 39 1149 11021 11038 11273 11572 11515
6064 9 2 33 39 1122 10980 1123 11573 11302 1135
6065 9 2 33 39 10926 11074 10995 11574 11470 11275
6066 9 2 33 39 866 11108 10982 11575 11576 11414
6067 9 2 33 39 10920 10959 11069 11420 11577 11524
6068 9 2 33 39 10949 11113 11013 11578 11579 11378
6069 9 2 33 39 10944 11011 11110 11385 11580 11581
6070 9 2 33 39 10947 11112 11014 11582 11583 11393
6071 9 2 33 39 10930 10976 11107 11313 11467 11584
6072 9 2 33 39 10934 10993 11078 11397 11585 11586
6073 9 2 33 39 947 11078 10993 11587 11585 11439
6074 9 2 33 39 1043 11029 11018 11588 11589 11590
6075 9 2 33 39 1068 11028 11019 11591 11592 11593
6076 9 2 33 39 1065 11017 11026 11594 11595 11596
6077 9 2 33 39 1040 11016 11027 11597 11598 11599
6078 9 2 33 39 10940 10985 11088 11360 11600 11601
6079 9 2 33 39 889 11004 11130 11501 11602 11603
6080 9 2 33 39 1163 11088 10985 11604 11600 11425
6081 9 2 33 39 10955 11043 11115 11605 11606 11607
6082 9 2 33 39 1164 10985 11091 11426 11608 11609
6083 9 2 33 39 10941 11091 10985 11540 11608 11361
6084 9 2 33 39 883 11061 10978 11610 11611 11306
6085 9 2 33 39 10943 11093 10987 11612 11613 11375
6086 9 2 33 39 941 10987 11093 11432 11613 11614
6087 9 2 33 39 10943 10989 11093 11367 11615 11612
6088 9 2 33 39 938 11090 10988 11616 11617 11427
6089 9 2 33 39 10942 10988 11090 11370 11617 11618
6090 9 2 33 39 937 10988 11089 11428 11619 11620
6091 9 2 33 39 940 11093 10989 11621 11615 11429
6092 9 2 33 39 10941 11089 10988 11531 11619 11371
6093 9 2 33 39 10942 11090 10989 11618 11622 11373
6094 9 2 33 39 939 10989 11090 11430 11622 11623
6095 9 2 33 39 10946 11098 10992 11624 11625 11390
6096 9 2 33 39 10946 10990 11098 11382 11626 11624
6097 9 2 33 39 914 11098 10990 11627 11626 11435
6098 9 2 33 39 10945 10991 11095 11387 11628 11629
6099 9 2 33 39 912 11095 10991 11630 11628 11433
6100 9 2 33 39 915 10992 11098 11438 11625 11631
6101 9 2 33 39 913 10990 11095 11436 11632 11633
6102 9 2 33 39 10945 11095 10990 11629 11632 11388
6103 9 2 33 39 10950 11104 10993 11634 11635 11398
6104 9 2 33 39 946 10993 11104 11440 11635 11636
6105 9 2 33 39 10935 11067 10979 11637 11638 11280
6106 9 2 33 39 10953 10997 11119 11639 11492 11640
6107 9 2 33 39 1114 11003 1115 11641 11642 1127
6108 9 2 33 39 14 10978 11058 11307 11643 11644
6109 9 2 33 39 20 10979 11067 11296 11638 11645
6110 9 2 33 39 1119 11068 10984 11646 11522 11647
6111 9 2 33 39 824 11126 11007 11452 11648 11444
6112 9 2 33 39 848 11008 11128 11447 11649 11455
6113 9 2 33 39 10962 11025 11134 11334 11650 11651
6114 9 2 33 39 1121 11055 1122 11652 11653 1134
6115 9 2 33 39 863 10983 11134 11424 11654 11655
6116 9 2 33 39 1065 11026 1066 11596 11656 1078
6117 9 2 33 39 1040 11027 1041 11599 11657 1053
6118 9 2 33 39 1042 11029 1043 11658 11588 1055
6119 9 2 33 39 1067 11028 1068 11659 11591 1080
6120 9 2 33 39 10953 11020 10997 11660 11417 11639
6121 9 2 33 39 1147 11122 1148 11661 11301 1160
6122 9 2 33 39 10952 11002 11007 11662 11560 11663
6123 9 2 33 39 10954 11008 11001 11664 11557 11665
6124 9 2 33 39 1121 10986 11055 11220 11666 11652
6125 9 2 33 39 861 862 11025 874 11667 11216
6126 9 2 33 39 1147 11051 11122 11422 11668 11661
6127 9 2 33 39 888 11130 10981 11669 11670 11404
6128 9 2 33 39 935 936 11006 949 11671 11672
6129 9 2 33 39 1167 11010 1168 11673 11674 1181
6130 9 2 33 39 1165 11009 1166 11675 11676 1179
6131 9 2 33 39 1169 11013 1170 11677 11678 1183
6132 9 2 33 39 1089 11011 1090 11679 11680 1103
6133 9 2 33 39 1091 11012 1092 11681 11682 1105
6134 9 2 33 39 1093 11014 1094 11683 11684 1107
6135 9 2 33 39 1174 11015 1175 11685 11686 1188
6136 9 2 33 39 862 11134 11025 11687 11650 11667
6137 9 2 33 39 10964 10995 11135 11276 11688 11406
6138 9 2 33 39 10949 10987 11114 11379 11689 11690
6139 9 2 33 39 10944 11109 10991 11691 11692 11383
6140 9 2 33 39 911 10991 11109 11434 11692 11693
6141 9 2 33 39 10947 10992 11111 11394 11694 11695
6142 9 2 33 39 916 11111 10992 11696 11694 11437
6143 9 2 33 39 942 11114 10987 11697 11689 11431
6144 9 2 33 39 10952 11022 10998 11698 11563 11699
6145 9 2 33 39 10953 11000 11023 11700 11569 11701
6146 9 2 33 39 10954 10999 11024 11702 11566 11703
6147 9 2 33 39 1037 11117 10998 11704 11705 11493
6148 9 2 33 39 1071 10999 11118 11496 11706 11707
6149 9 2 33 39 1046 11000 11119 11498 11708 11709
6150 9 2 33 39 1142 11062 10977 11710 11711 11712
6151 9 2 33 39 865 10982 11132 11415 11713 11714
6152 9 2 33 39 10961 11130 11004 11715 11602 11335
6153 9 2 33 39 10920 10980 11055 11525 11716 11717
6154 9 2 33 39 10920 11055 10986 11717 11666 11469
6155 9 2 33 39 1039 11016 1040 11718 11597 1052
6156 9 2 33 39 1064 11017 1065 11719 11594 1077
6157 9 2 33 39 1043 11018 1044 11590 11720 1056
6158 9 2 33 39 1068 11019 1069 11593 11721 1081
6159 9 2 33 39 1118 11068 1119 11722 11646 1131
6160 9 2 33 39 10922 10996 11131 11511 11723 11481
6161 9 2 33 39 10970 11018 11029 11333 11589 11351
6162 9 2 33 39 10971 11019 11028 11331 11592 11353
6163 9 2 33 39 10972 11026 11017 11348 11595 11326
6164 9 2 33 39 10973 11027 11016 11350 11598 11328
6165 9 2 33 39 1119 10984 11066 11647 11724 11725
6166 9 2 33 39 1114 11037 11003 11726 11519 11641
6167 9 2 33 39 10996 11057 11131 11727 11551 11723
6168 9 2 33 39 10923 10983 11137 11323 11552 11459
6169 9 2 33 39 10927 10994 11071 11226 11728 11729
6170 9 2 33 39 10962 11134 10983 11651 11654 11322
6171 9 2 33 39 842 11080 11052 11730 11206 11731
6172 9 2 33 39 841 11052 11087 11732 11211 11733
6173 9 2 33 39 1113 11037 1114 11734 11726 1126
6174 9 2 33 39 13 11075 11030 11735 11321 11736
6175 9 2 33 39 13 11030 920 11736 11737 934
6176 9 2 33 39 891 892 11039 904 11219 11283
6177 9 2 33 39 10956 11032 11031 11142 11738 11139
6178 9 2 33 39 10933 11031 11032 11739 11738 11740
6179 9 2 33 39 10948 11033 11034 11741 11742 11743
6180 9 2 33 39 10957 11034 11033 11148 11742 11145
6181 9 2 33 39 10958 11035 11036 11151 11744 11154
6182 9 2 33 39 10950 11036 11035 11745 11744 11746
6183 9 2 33 39 1036 11002 11117 11509 11747 11748
6184 9 2 33 39 1072 11118 11001 11749 11750 11506
6185 9 2 33 39 10919 11120 10974 11751 11752 11499
6186 9 2 33 39 10952 10998 11117 11699 11705 11753
6187 9 2 33 39 10953 11119 11000 11640 11708 11700
6188 9 2 33 39 10954 11118 10999 11754 11706 11702
6189 9 2 33 39 10944 11045 11046 11755 11756 11757
6190 9 2 33 39 10956 11046 11045 11157 11756 11158
6191 9 2 33 39 10947 11048 11047 11758 11759 11760
6192 9 2 33 39 10957 11047 11048 11161 11759 11162
6193 9 2 33 39 10949 11050 11049 11761 11762 11763
6194 9 2 33 39 10958 11049 11050 11167 11762 11164
6195 9 2 33 39 10963 10983 11132 11553 11528 11764
6196 9 2 33 39 1142 10977 11129 11712 11765 11766
6197 9 2 33 39 10918 11124 11041 11767 11768 11769
6198 9 2 33 39 10955 11076 11043 11770 11771 11605
6199 9 2 33 39 21 11041 1138 11772 11773 1150
6200 9 2 33 39 10975 11038 11021 11443 11572 11341
6201 9 2 33 39 11044 11120 11108 11774 11775 11776
6202 9 2 33 39 1123 11040 1124 11303 11777 1136
6203 9 2 33 39 1117 11056 1118 11778 11779 1130
6204 9 2 33 39 1119 11066 1120 11725 11203 1132
6205 9 2 33 39 10922 10977 11062 11254 11711 11510
6206 9 2 33 39 1061 11060 1062 11780 11355 1074
6207 9 2 33 39 10923 11066 10984 11325 11724 11227
6208 9 2 33 39 10952 11117 11002 11753 11747 11662
6209 9 2 33 39 10954 11001 11118 11665 11750 11754
6210 9 2 33 39 859 860 11042 872 11279 11212
6211 9 2 33 39 10961 10981 11130 11320 11670 11715
6212 9 2 33 39 831 11020 11127 11505 11781 11453
6213 9 2 33 39 935 11006 11086 11672 11529 11782
6214 9 2 33 39 868 869 11054 881 11783 11784
6215 9 2 33 39 936 11089 11006 11785 11530 11671
6216 9 2 33 39 1169 11094 11013 11786 11532 11677
6217 9 2 33 39 1168 11010 11094 11674 11536 11787
6218 9 2 33 39 1166 11009 11092 11676 11538 11788
6219 9 2 33 39 1167 11092 11010 11789 11541 11673
6220 9 2 33 39 1165 11091 11009 11790 11539 11675
6221 9 2 33 39 1092 11012 11099 11682 11542 11791
6222 9 2 33 39 1090 11011 11096 11680 11544 11792
6223 9 2 33 39 1091 11096 11012 11793 11545 11681
6224 9 2 33 39 1093 11099 11014 11794 11534 11683
6225 9 2 33 39 1174 11102 11015 11795 11548 11685
6226 9 2 33 39 1175 11015 11103 11686 11547 11796
6227 9 2 33 39 11 11087 11020 11797 11514 11504
6228 9 2 33 39 10955 11115 10981 11607 11554 11338
6229 9 2 33 39 10924 11129 10977 11798 11765 11250
6230 9 2 33 39 1117 10994 11056 11521 11208 11778
6231 9 2 33 39 10938 11081 11024 11264 11799 11565
6232 9 2 33 39 10939 11082 11023 11266 11800 11568
6233 9 2 33 39 10936 11022 11079 11564 11801 11267
6234 9 2 33 39 10959 10982 11108 11419 11576 11802
6235 9 2 33 39 867 868 11044 880 11803 11804
6236 9 2 33 39 10933 11008 11077 11558 11805 11806
6237 9 2 33 39 10934 11078 11007 11586 11807 11559
6238 9 2 33 39 885 886 11043 898 11808 11809
6239 9 2 33 39 1141 11062 1142 11484 11710 1154
6240 9 2 33 39 10960 11041 11124 11810 11768 11811
6241 9 2 33 39 1116 11071 10994 11812 11728 11520
6242 9 2 33 39 10921 10976 11076 11468 11813 11814
6243 9 2 33 39 10933 11097 11001 11815 11816 11556
6244 9 2 33 39 19 11001 11097 11507 11816 11817
6245 9 2 33 39 10934 11002 11103 11561 11818 11546
6246 9 2 33 39 17 11103 11002 11819 11818 11508
6247 9 2 33 39 10963 11132 10982 11764 11713 11410
6248 9 2 33 39 920 11030 11100 11737 11513 11820
6249 9 2 33 39 10927 11071 11003 11729 11821 11314
6250 9 2 33 39 883 884 11061 896 11822 11610
6251 9 2 33 39 1144 11053 10995 11823 11824 11412
6252 9 2 33 39 1113 11067 11037 11825 11826 11734
6253 9 2 33 39 14 11058 869 11644 11827 882
6254 9 2 33 39 1089 11110 11011 11828 11580 11679
6255 9 2 33 39 1170 11013 11113 11678 11579 11829
6256 9 2 33 39 1094 11014 11112 11684 11583 11830
6257 9 2 33 39 10951 11070 10997 11831 11832 11416
6258 9 2 33 39 841 842 11052 850 11731 11732
6259 9 2 33 39 10930 11123 10978 11833 11834 11835
6260 9 2 33 39 10936 11083 10998 11836 11837 11562
6261 9 2 33 39 10938 10999 11085 11567 11838 11839
6262 9 2 33 39 10939 11000 11084 11570 11840 11841
6263 9 2 33 39 884 885 11063 897 11842 11843
6264 9 2 33 39 1122 11055 10980 11653 11716 11573
6265 9 2 33 39 868 11054 11044 11784 11844 11803
6266 9 2 33 39 1143 11053 1144 11845 11823 1156
6267 9 2 33 39 16 11007 11078 11445 11807 11846
6268 9 2 33 39 12 11077 11008 11847 11805 11446
6269 9 2 33 39 18 10997 11070 11409 11832 11848
6270 9 2 33 39 893 894 11064 906 11222 11285
6271 9 2 33 39 1063 11133 1064 11849 11850 1076
6272 9 2 33 39 10935 11037 11067 11298 11826 11637
6273 9 2 33 39 1038 10998 11083 11494 11837 11851
6274 9 2 33 39 1070 11085 10999 11852 11838 11495
6275 9 2 33 39 1045 11084 11000 11853 11840 11497
6276 9 2 33 39 21 11059 11041 11854 11855 11772
6277 9 2 33 39 885 11043 11063 11809 11856 11842
6278 9 2 33 39 1142 11129 1143 11766 11857 1155
6279 9 2 33 39 869 11058 11054 11827 11517 11783
6280 9 2 33 39 10936 11016 11083 11329 11858 11836
6281 9 2 33 39 10938 11085 11019 11839 11859 11330
6282 9 2 33 39 10939 11084 11018 11841 11860 11332
6283 9 2 33 39 10919 11069 11120 11450 11861 11751
6284 9 2 33 39 10959 11120 11069 11862 11861 11577
6285 9 2 33 39 825 11079 11022 11863 11801 11461
6286 9 2 33 39 830 11023 11082 11464 11800 11864
6287 9 2 33 39 847 11024 11081 11466 11799 11865
6288 9 2 33 39 1039 11083 11016 11866 11858 11718
6289 9 2 33 39 1069 11019 11085 11721 11859 11867
6290 9 2 33 39 1044 11018 11084 11720 11860 11868
6291 9 2 33 39 21 1124 11125 1137 11869 11870
6292 9 2 33 39 1145 11074 1146 11471 11871 1158
6293 9 2 33 39 884 11063 11061 11843 11503 11822
6294 9 2 33 39 886 11115 11043 11872 11606 11808
6295 9 2 33 39 13 858 11075 870 11262 11735
6296 9 2 33 39 1139 11057 1140 11873 11874 1152
6297 9 2 33 39 867 11044 11108 11804 11776 11875
6298 9 2 33 39 10930 10978 11061 11835 11611 11502
6299 9 2 33 39 1115 11003 11071 11642 11821 11876
6300 9 2 33 39 20 11067 1113 11645 11825 1125
6301 9 2 33 39 10929 11058 10978 11518 11643 11877
6302 9 2 33 39 1138 11136 1139 11878 11879 1151
6303 9 2 33 39 10959 11108 11120 11802 11775 11862
6304 9 2 33 39 10930 11124 11123 11880 11881 11833
6305 9 2 33 39 1118 11056 11068 11779 11882 11722
6306 9 2 33 39 18 11070 1061 11848 11883 1073
6307 9 2 33 39 16 11078 947 11846 11587 961
6308 9 2 33 39 12 908 11077 921 11884 11847
6309 9 2 33 39 1115 11071 1116 11876 11812 1128
6310 9 2 33 39 866 867 11108 879 11875 11575
6311 9 2 33 39 886 887 11115 899 11555 11872
6312 9 2 33 39 10926 11005 11074 11364 11885 11574
6313 9 2 33 39 1146 11074 11005 11871 11885 11345
6314 9 2 33 39 910 911 11109 924 11693 11886
6315 9 2 33 39 1088 11110 1089 11887 11828 1102
6316 9 2 33 39 1094 11112 1095 11830 11888 1108
6317 9 2 33 39 916 917 11111 930 11889 11696
6318 9 2 33 39 1170 11113 1171 11829 11890 1184
6319 9 2 33 39 942 943 11114 956 11891 11697
6320 9 2 33 39 827 828 11072 836 11240 11243
6321 9 2 33 39 844 845 11073 853 11242 11245
6322 9 2 33 39 1140 11057 10996 11874 11727 11457
6323 9 2 33 39 1038 11083 1039 11851 11866 1051
6324 9 2 33 39 1044 11084 1045 11868 11853 1057
6325 9 2 33 39 1069 11085 1070 11867 11852 1082
6326 9 2 33 39 825 826 11079 834 11236 11863
6327 9 2 33 39 842 843 11080 851 11238 11730
6328 9 2 33 39 846 847 11081 855 11865 11231
6329 9 2 33 39 829 830 11082 838 11864 11233
6330 9 2 33 39 15 935 11086 948 11782 11299
6331 9 2 33 39 22 11088 1163 11892 11604 1176
6332 9 2 33 39 914 915 11098 928 11631 11627
6333 9 2 33 39 1092 11099 1093 11791 11794 1106
6334 9 2 33 39 940 941 11093 954 11614 11621
6335 9 2 33 39 1168 11094 1169 11787 11786 1182
6336 9 2 33 39 936 937 11089 950 11620 11785
6337 9 2 33 39 938 939 11090 952 11623 11616
6338 9 2 33 39 1164 11091 1165 11609 11790 1178
6339 9 2 33 39 1166 11092 1167 11788 11789 1180
6340 9 2 33 39 912 913 11095 926 11633 11630
6341 9 2 33 39 1090 11096 1091 11792 11793 1104
6342 9 2 33 39 19 11097 1086 11817 11893 1099
6343 9 2 33 39 919 920 11100 933 11820 11894
6344 9 2 33 39 1097 11101 1098 11895 11343 1111
6345 9 2 33 39 17 1175 11103 1189 11796 11819
6346 9 2 33 39 1173 11102 1174 11896 11795 1187
6347 9 2 33 39 945 946 11104 959 11636 11897
6348 9 2 33 39 11 841 11087 849 11733 11797
6349 9 2 33 39 1041 11105 1042 11898 11899 1054
6350 9 2 33 39 1066 11106 1067 11900 11901 1079
6351 9 2 33 39 10952 11007 11126 11663 11648 11902
6352 9 2 33 39 10954 11128 11008 11903 11649 11664
6353 9 2 33 39 888 889 11130 901 11603 11669
6354 9 2 33 39 862 863 11134 875 11655 11687
6355 9 2 33 39 10918 11059 11121 11904 11905 11906
6356 9 2 33 39 10932 11105 11027 11907 11908 11349
6357 9 2 33 39 10931 11106 11026 11909 11910 11347
6358 9 2 33 39 10931 11028 11106 11354 11911 11909
6359 9 2 33 39 10932 11029 11105 11352 11912 11907
6360 9 2 33 39 1036 11117 1037 11748 11704 1049
6361 9 2 33 39 1046 11119 1047 11709 11491 1059
6362 9 2 33 39 1071 11118 1072 11707 11749 1084
6363 9 2 33 39 10918 11041 11059 11769 11855 11904
6364 9 2 33 39 1139 11136 11057 11879 11293 11873
6365 9 2 33 39 864 865 11132 877 11714 11527
6366 9 2 33 39 10924 11053 11129 11913 11914 11798
6367 9 2 33 39 10960 11136 11041 11294 11915 11810
6368 9 2 33 39 1041 11027 11105 11657 11908 11898
6369 9 2 33 39 1066 11026 11106 11656 11910 11900
6370 9 2 33 39 1067 11106 11028 11901 11911 11659
6371 9 2 33 39 1042 11105 11029 11899 11912 11658
6372 9 2 33 39 10933 11077 11031 11806 11916 11739
6373 9 2 33 39 908 11031 11077 11485 11916 11884
6374 9 2 33 39 10950 11035 11104 11746 11917 11634
6375 9 2 33 39 945 11104 11035 11897 11917 11489
6376 9 2 33 39 1173 11036 11102 11490 11918 11896
6377 9 2 33 39 10950 11102 11036 11549 11918 11745
6378 9 2 33 39 10948 11034 11100 11743 11919 11512
6379 9 2 33 39 1097 11033 11101 11487 11920 11895
6380 9 2 33 39 919 11100 11034 11894 11919 11488
6381 9 2 33 39 10948 11101 11033 11448 11920 11741
6382 9 2 33 39 10933 11032 11097 11740 11921 11815
6383 9 2 33 39 1086 11097 11032 11893 11921 11486
6384 9 2 33 39 1063 11065 11133 11403 11922 11849
6385 9 2 33 39 10925 11068 11056 11523 11882 11170
6386 9 2 33 39 10928 11021 11122 11342 11272 11923
6387 9 2 33 39 10953 11127 11020 11924 11781 11660
6388 9 2 33 39 10965 11121 11059 11925 11905 11926
6389 9 2 33 39 21 11125 11059 11870 11927 11854
6390 9 2 33 39 10937 11017 11133 11327 11928 11929
6391 9 2 33 39 1064 11133 11017 11850 11928 11719
6392 9 2 33 39 10974 11044 11054 11930 11844 11288
6393 9 2 33 39 10976 11063 11043 11312 11856 11931
6394 9 2 33 39 10952 11126 11022 11902 11462 11698
6395 9 2 33 39 10953 11023 11127 11701 11463 11924
6396 9 2 33 39 10954 11024 11128 11703 11465 11903
6397 9 2 33 39 10940 11088 11038 11601 11932 11442
6398 9 2 33 39 22 11038 11088 11516 11932 11892
6399 9 2 33 39 10929 10978 11123 11877 11834 11933
6400 9 2 33 39 910 11109 11046 11886 11934 11475
6401 9 2 33 39 1088 11045 11110 11476 11935 11887
6402 9 2 33 39 1095 11112 11047 11888 11936 11478
6403 9 2 33 39 917 11048 11111 11477 11937 11889
6404 9 2 33 39 943 11050 11114 11480 11938 11891
6405 9 2 33 39 1171 11113 11049 11890 11939 11479
6406 9 2 33 39 10951 11060 11070 11340 11940 11831
6407 9 2 33 39 1061 11070 11060 11883 11940 11780
6408 9 2 33 39 10924 11135 11053 11441 11941 11913
6409 9 2 33 39 10944 11110 11045 11581 11935 11755
6410 9 2 33 39 10944 11046 11109 11757 11934 11691
6411 9 2 33 39 10947 11111 11048 11695 11937 11758
6412 9 2 33 39 10947 11047 11112 11760 11936 11582
6413 9 2 33 39 10949 11114 11050 11690 11938 11761
6414 9 2 33 39 10949 11049 11113 11763 11939 11578
6415 9 2 33 39 1138 11041 11136 11773 11915 11878
6416 9 2 33 39 10928 11122 11051 11923 11668 11290
6417 9 2 33 39 10918 11123 11124 11942 11881 11767
6418 9 2 33 39 10995 11053 11135 11824 11941 11688
6419 9 2 33 39 10965 11125 11040 11943 11944 11571
6420 9 2 33 39 10955 11131 11076 11482 11945 11770
6421 9 2 33 39 10976 11043 11076 11931 11771 11813
6422 9 2 33 39 10937 11133 11065 11929 11922 11318
6423 9 2 33 39 1143 11129 11053 11857 11914 11845
6424 9 2 33 39 10921 11076 11131 11814 11945 11550
6425 9 2 33 39 10929 11121 11116 11946 11947 11526
6426 9 2 33 39 10965 11059 11125 11926 11927 11943
6427 9 2 33 39 10930 11107 11124 11584 11948 11880
6428 9 2 33 39 10974 11120 11044 11752 11774 11930
6429 9 2 33 39 10929 11123 11121 11933 11949 11946
6430 9 2 33 39 1124 11040 11125 11777 11944 11869
6431 9 2 33 39 10960 11124 11107 11811 11948 11356
6432 9 2 33 39 10918 11121 11123 11906 11949 11942
6433 9 2 33 39 10965 11116 11121 11473 11947 11925
$EndElements
