--------------------------------------------------------------------------------
ELEMENTS        NODES        TIME STEPS     PRINTING FREQ
--------------------------------------------------------------------------------
5674            11630        100000         1

--------------------------------------------------------------------------------
UNDISTURBED VELOCITY AND PRESSURE
Ux      Uy      Uz      P
--------------------------------------------------------------------------------
0.0     0.0     0.0     0.0

--------------------------------------------------------------------------------
DENSITY      TEMPERATURE      VISCOSITY      THERMAL CONDITIVITY
--------------------------------------------------------------------------------
1.E0         300              0.01           0.0

--------------------------------------------------------------------------------
TIME STEP       TIME INTEGRATION SCHEME (1- Implicit Euler, 2- Adams-Bashforth)
--------------------------------------------------------------------------------
.01          1.

--------------------------------------------------------------------------------
EXTERNAL FIELD FORCES CONSTANTS
Gx       Gy       Gz
--------------------------------------------------------------------------------
0.0      0.0      0.0

--------------------------------------------------------------------------------
NODAL COORDINATES
--------------------------------------------------------------------------------
0.5	0.49999993
0.6749993	0.5
0.85	0.5
0.6750007	0.5
0.4125035	0.651548383
0.325	0.803108891
0.4124965	0.651560508
0.4125035	0.348451617
0.325	0.196891109
0.4124965	0.348439492
0.955	0.5
0.045	0.5
0.51749993	0.499999937
0.53499986	0.499999944
0.55249979	0.499999951
0.56999972	0.499999958
0.58749965	0.499999965
0.60499958	0.499999972
0.62249951	0.499999979
0.63999944	0.499999986
0.65749937	0.499999993
0.508749965	0.499999933
0.526249895	0.49999994
0.543749825	0.499999947
0.561249755	0.499999954
0.578749685	0.499999961
0.596249615	0.499999968
0.613749545	0.499999975
0.631249475	0.499999982
0.648749405	0.499999989
0.666249335	0.499999996
0.69249937	0.5
0.70999944	0.5
0.72749951	0.5
0.74499958	0.5
0.76249965	0.5
0.77999972	0.5
0.79749979	0.5
0.81499986	0.5
0.83249993	0.5
0.683749335	0.5
0.701249405	0.5
0.718749475	0.5
0.736249545	0.5
0.753749615	0.5
0.771249685	0.5
0.788749755	0.5
0.806249825	0.5
0.823749895	0.5
0.841249965	0.5
0.83250007	0.5
0.81500014	0.5
0.79750021	0.5
0.78000028	0.5
0.76250035	0.5
0.74500042	0.5
0.72750049	0.5
0.71000056	0.5
0.69250063	0.5
0.841250035	0.5
0.823750105	0.5
0.806250175	0.5
0.788750245	0.5
0.771250315	0.5
0.753750385	0.5
0.736250455	0.5
0.718750525	0.5
0.701250595	0.5
0.683750665	0.5
0.65750063	0.499999993
0.64000056	0.499999986
0.62250049	0.499999979
0.60500042	0.499999972
0.58750035	0.499999965
0.57000028	0.499999958
0.55250021	0.499999951
0.53500014	0.499999944
0.51750007	0.499999937
0.666250665	0.499999997
0.648750595	0.49999999
0.631250525	0.499999983
0.613750455	0.499999976
0.596250385	0.499999969
0.578750315	0.499999962
0.561250245	0.499999955
0.543750175	0.499999948
0.526250105	0.499999941
0.508750035	0.499999934
0.49125035	0.515154775
0.4825007	0.530309621
0.47375105	0.545464466
0.4650014	0.560619311
0.45625175	0.575774157
0.4475021	0.590929002
0.43875245	0.606083847
0.4300028	0.621238693
0.42125315	0.636393538
0.495625175	0.507577353
0.486875525	0.522732198
0.478125875	0.537887043
0.469376225	0.553041889
0.460626575	0.568196734
0.451876925	0.583351579
0.443127275	0.598506425
0.434377625	0.61366127
0.425627975	0.628816115
0.416878325	0.643970961
0.40375315	0.666704434
0.3950028	0.681860485
0.38625245	0.697016536
0.3775021	0.712172587
0.36875175	0.727328637
0.3600014	0.742484688
0.35125105	0.757640739
0.3425007	0.77279679
0.33375035	0.787952841
0.408128325	0.659126409
0.399377975	0.67428246
0.390627625	0.68943851
0.381877275	0.704594561
0.373126925	0.719750612
0.364376575	0.734906663
0.355626225	0.750062714
0.346875875	0.765218764
0.338125525	0.780374815
0.329375175	0.795530866
0.33374965	0.787954053
0.3424993	0.772799215
0.35124895	0.757644376
0.3599986	0.742489538
0.36874825	0.7273347
0.3774979	0.712179861
0.38624755	0.697025023
0.3949972	0.681870185
0.40374685	0.666715346
0.329374825	0.795531472
0.338124475	0.780376634
0.346874125	0.765221795
0.355623775	0.750066957
0.364373425	0.734912119
0.373123075	0.71975728
0.381872725	0.704602442
0.390622375	0.689447604
0.399372025	0.674292765
0.408121675	0.659137927
0.42124685	0.63640445
0.4299972	0.621248392
0.43874755	0.606092334
0.4474979	0.590936277
0.45624825	0.575780219
0.4649986	0.560624161
0.47374895	0.545468103
0.4824993	0.530312046
0.49124965	0.515155988
0.416871675	0.643982479
0.425622025	0.628826421
0.434372375	0.613670363
0.443122725	0.598514306
0.451873075	0.583358248
0.460623425	0.56820219
0.469373775	0.553046132
0.478124125	0.537890074
0.486874475	0.522734017
0.495624825	0.507577959
0.49125035	0.484845099
0.4825007	0.469690267
0.47375105	0.454535436
0.4650014	0.439380605
0.45625175	0.424225773
0.4475021	0.409070942
0.43875245	0.393916111
0.4300028	0.378761279
0.42125315	0.363606448
0.495625175	0.492422514
0.486875525	0.477267683
0.478125875	0.462112852
0.469376225	0.44695802
0.460626575	0.431803189
0.451876925	0.416648358
0.443127275	0.401493526
0.434377625	0.386338695
0.425627975	0.371183864
0.416878325	0.356029032
0.40375315	0.333295566
0.3950028	0.318139515
0.38625245	0.302983464
0.3775021	0.287827413
0.36875175	0.272671363
0.3600014	0.257515312
0.35125105	0.242359261
0.3425007	0.22720321
0.33375035	0.212047159
0.408128325	0.340873591
0.399377975	0.32571754
0.390627625	0.31056149
0.381877275	0.295405439
0.373126925	0.280249388
0.364376575	0.265093337
0.355626225	0.249937286
0.346875875	0.234781236
0.338125525	0.219625185
0.329375175	0.204469134
0.33374965	0.212045947
0.3424993	0.227200785
0.35124895	0.242355624
0.3599986	0.257510462
0.36874825	0.2726653
0.3774979	0.287820139
0.38624755	0.302974977
0.3949972	0.318129815
0.40374685	0.333284654
0.329374825	0.204468528
0.338124475	0.219623366
0.346874125	0.234778205
0.355623775	0.249933043
0.364373425	0.265087881
0.373123075	0.28024272
0.381872725	0.295397558
0.390622375	0.310552396
0.399372025	0.325707235
0.408121675	0.340862073
0.42124685	0.363595536
0.4299972	0.37875158
0.43874755	0.393907624
0.4474979	0.409063667
0.45624825	0.424219711
0.4649986	0.439375755
0.47374895	0.454531799
0.4824993	0.469687842
0.49124965	0.484843886
0.416871675	0.356017514
0.425622025	0.371173558
0.434372375	0.386329602
0.443122725	0.401485645
0.451873075	0.416641689
0.460623425	0.431797733
0.469373775	0.446953777
0.478124125	0.462109821
0.486874475	0.477265864
0.495624825	0.492421908
0.954666112	0.517427744
0.95366494	0.53482991
0.951997951	0.552180959
0.949667593	0.569455424
0.946677286	0.586627955
0.943031418	0.603673347
0.93873534	0.620566583
0.933795358	0.637282872
0.928218722	0.65379768
0.922013615	0.670086768
0.915189145	0.68612623
0.907755328	0.701892526
0.899723074	0.717362517
0.891104171	0.732513499
0.881911269	0.747323235
0.872157859	0.76176999
0.861858256	0.775832562
0.851027577	0.789490311
0.839681716	0.802723194
0.827837325	0.815511788
0.815511788	0.827837325
0.802723194	0.839681716
0.789490311	0.851027577
0.775832562	0.861858256
0.76176999	0.872157859
0.747323235	0.881911269
0.732513499	0.891104171
0.717362517	0.899723074
0.701892526	0.907755328
0.68612623	0.915189145
0.670086768	0.922013615
0.65379768	0.928218722
0.637282872	0.933795358
0.620566584	0.93873534
0.603673347	0.943031418
0.586627955	0.946677286
0.569455424	0.949667593
0.552180959	0.951997951
0.53482991	0.95366494
0.517427744	0.954666112
0.5	0.955
0.482572256	0.954666112
0.46517009	0.95366494
0.447819041	0.951997951
0.430544576	0.949667593
0.413372045	0.946677286
0.396326653	0.943031418
0.379433417	0.93873534
0.362717128	0.933795358
0.34620232	0.928218722
0.329913232	0.922013615
0.31387377	0.915189145
0.298107474	0.907755328
0.282637483	0.899723074
0.267486501	0.891104171
0.252676765	0.881911269
0.23823001	0.872157859
0.224167438	0.861858256
0.210509689	0.851027577
0.197276806	0.839681716
0.184488212	0.827837325
0.172162675	0.815511788
0.160318284	0.802723194
0.148972423	0.789490311
0.138141744	0.775832562
0.127842141	0.76176999
0.118088731	0.747323235
0.108895829	0.732513499
0.100276926	0.717362517
0.092244672	0.701892526
0.084810855	0.68612623
0.077986385	0.670086768
0.071781278	0.65379768
0.066204642	0.637282872
0.06126466	0.620566583
0.056968582	0.603673347
0.053322714	0.586627955
0.050332407	0.569455424
0.048002049	0.552180959
0.04633506	0.53482991
0.045333888	0.517427744
0.95491652	0.508715471
0.954248868	0.526133622
0.952914542	0.543513418
0.950915502	0.560829352
0.948254681	0.578056011
0.944935985	0.595168111
0.940964284	0.61214054
0.936345406	0.628948386
0.931086132	0.645566983
0.92519418	0.661971941
0.918678196	0.678139182
0.911547744	0.69404498
0.90381329	0.70966599
0.895486183	0.724979286
0.886578646	0.739962393
0.877103752	0.754593323
0.867075406	0.768850603
0.856508326	0.782713306
0.845418021	0.79616109
0.833820767	0.809174215
0.821733585	0.821733585
0.809174215	0.833820767
0.79616109	0.845418021
0.782713306	0.856508326
0.768850603	0.867075406
0.754593323	0.877103752
0.739962393	0.886578646
0.724979286	0.895486183
0.70966599	0.90381329
0.69404498	0.911547744
0.678139182	0.918678196
0.661971941	0.92519418
0.645566983	0.931086132
0.628948386	0.936345406
0.61214054	0.940964284
0.595168111	0.944935985
0.578056011	0.948254681
0.560829352	0.950915502
0.543513418	0.952914542
0.526133622	0.954248868
0.508715471	0.95491652
0.491284529	0.95491652
0.473866378	0.954248868
0.456486582	0.952914542
0.439170648	0.950915502
0.421943989	0.948254681
0.404831889	0.944935985
0.38785946	0.940964284
0.371051614	0.936345406
0.354433017	0.931086132
0.338028059	0.92519418
0.321860818	0.918678196
0.30595502	0.911547744
0.29033401	0.90381329
0.275020714	0.895486183
0.260037607	0.886578646
0.245406677	0.877103752
0.231149397	0.867075406
0.217286694	0.856508326
0.20383891	0.845418021
0.190825785	0.833820767
0.178266415	0.821733585
0.166179233	0.809174215
0.154581979	0.79616109
0.143491674	0.782713306
0.132924594	0.768850603
0.122896248	0.754593323
0.113421354	0.739962393
0.104513817	0.724979286
0.09618671	0.70966599
0.088452256	0.69404498
0.081321804	0.678139182
0.07480582	0.661971941
0.068913868	0.645566983
0.063654594	0.628948386
0.059035716	0.61214054
0.055064015	0.595168111
0.051745319	0.578056011
0.049084498	0.560829352
0.047085458	0.543513418
0.045751132	0.526133622
0.04508348	0.508715471
0.045333888	0.482572256
0.04633506	0.46517009
0.048002049	0.447819041
0.050332407	0.430544576
0.053322714	0.413372045
0.056968582	0.396326653
0.06126466	0.379433417
0.066204642	0.362717128
0.071781278	0.34620232
0.077986385	0.329913232
0.084810855	0.31387377
0.092244672	0.298107474
0.100276926	0.282637483
0.108895829	0.267486501
0.118088731	0.252676765
0.127842141	0.23823001
0.138141744	0.224167438
0.148972423	0.210509689
0.160318284	0.197276806
0.172162675	0.184488212
0.184488212	0.172162675
0.197276806	0.160318284
0.210509689	0.148972423
0.224167438	0.138141744
0.23823001	0.127842141
0.252676765	0.118088731
0.267486501	0.108895829
0.282637483	0.100276926
0.298107474	0.092244672
0.31387377	0.084810855
0.329913232	0.077986385
0.34620232	0.071781278
0.362717128	0.066204642
0.379433416	0.06126466
0.396326653	0.056968582
0.413372045	0.053322714
0.430544576	0.050332407
0.447819041	0.048002049
0.46517009	0.04633506
0.482572256	0.045333888
0.5	0.045
0.517427744	0.045333888
0.53482991	0.04633506
0.552180959	0.048002049
0.569455424	0.050332407
0.586627955	0.053322714
0.603673347	0.056968582
0.620566583	0.06126466
0.637282872	0.066204642
0.65379768	0.071781278
0.670086768	0.077986385
0.68612623	0.084810855
0.701892526	0.092244672
0.717362517	0.100276926
0.732513499	0.108895829
0.747323235	0.118088731
0.76176999	0.127842141
0.775832562	0.138141744
0.789490311	0.148972423
0.802723194	0.160318284
0.815511788	0.172162675
0.827837325	0.184488212
0.839681716	0.197276806
0.851027577	0.210509689
0.861858256	0.224167438
0.872157859	0.23823001
0.881911269	0.252676765
0.891104171	0.267486501
0.899723074	0.282637483
0.907755328	0.298107474
0.915189145	0.31387377
0.922013615	0.329913232
0.928218722	0.34620232
0.933795358	0.362717128
0.93873534	0.379433417
0.943031418	0.396326653
0.946677286	0.413372045
0.949667593	0.430544576
0.951997951	0.447819041
0.95366494	0.46517009
0.954666112	0.482572256
0.04508348	0.491284529
0.045751132	0.473866378
0.047085458	0.456486582
0.049084498	0.439170648
0.051745319	0.421943989
0.055064015	0.404831889
0.059035716	0.38785946
0.063654594	0.371051614
0.068913868	0.354433017
0.07480582	0.338028059
0.081321804	0.321860818
0.088452256	0.30595502
0.09618671	0.29033401
0.104513817	0.275020714
0.113421354	0.260037607
0.122896248	0.245406677
0.132924594	0.231149397
0.143491674	0.217286694
0.154581979	0.20383891
0.166179233	0.190825785
0.178266415	0.178266415
0.190825785	0.166179233
0.20383891	0.154581979
0.217286694	0.143491674
0.231149397	0.132924594
0.245406677	0.122896248
0.260037607	0.113421354
0.275020714	0.104513817
0.29033401	0.09618671
0.30595502	0.088452256
0.321860818	0.081321804
0.338028059	0.07480582
0.354433017	0.068913868
0.371051614	0.063654594
0.38785946	0.059035716
0.404831889	0.055064015
0.421943989	0.051745319
0.439170648	0.049084498
0.456486582	0.047085458
0.473866378	0.045751132
0.491284529	0.04508348
0.508715471	0.04508348
0.526133622	0.045751132
0.543513418	0.047085458
0.560829352	0.049084498
0.578056011	0.051745319
0.595168111	0.055064015
0.61214054	0.059035716
0.628948386	0.063654594
0.645566983	0.068913868
0.661971941	0.07480582
0.678139182	0.081321804
0.69404498	0.088452256
0.70966599	0.09618671
0.724979286	0.104513817
0.739962393	0.113421354
0.754593323	0.122896248
0.768850603	0.132924594
0.782713306	0.143491674
0.79616109	0.154581979
0.809174215	0.166179233
0.821733585	0.178266415
0.833820767	0.190825785
0.845418021	0.20383891
0.856508326	0.217286694
0.867075406	0.231149397
0.877103752	0.245406677
0.886578646	0.260037607
0.895486183	0.275020714
0.90381329	0.29033401
0.911547744	0.30595502
0.918678196	0.321860818
0.92519418	0.338028059
0.931086132	0.354433017
0.936345406	0.371051614
0.940964284	0.38785946
0.944935985	0.404831889
0.948254681	0.421943989
0.950915502	0.439170648
0.952914542	0.456486582
0.954248868	0.473866378
0.95491652	0.491284529
0.621928163	0.288814229
0.621928175	0.711185743
0.256166674	0.499999979
0.23724737	0.650913171
0.23724737	0.349086801
0.762044714	0.652074317
0.762044702	0.347925675
0.500675913	0.197056404
0.500675928	0.802943588
0.567437766	0.38606409
0.567563607	0.613693312
0.367479798	0.501711027
0.723222915	0.242141128
0.723190367	0.757772733
0.611709956	0.17782641
0.611592392	0.822271312
0.165139164	0.564392276
0.165176754	0.435568257
0.325840439	0.59447947
0.326010054	0.405301717
0.668869329	0.396403156
0.668869355	0.603596784
0.50499659	0.302014086
0.505313384	0.697836431
0.41051562	0.152191414
0.41051563	0.84780858
0.84587121	0.596350327
0.845871201	0.403649668
0.243820155	0.751235941
0.243562348	0.248794845
0.155892563	0.646177362
0.156790799	0.353407407
0.544681447	0.129596213
0.545436258	0.870902709
0.798421355	0.723867566
0.798429321	0.276103977
0.688902157	0.172801606
0.688637701	0.827637389
0.122074996	0.499542327
0.314050884	0.672827099
0.314050872	0.327172862
0.742157119	0.57756701
0.742157072	0.422432962
0.442608877	0.252611669
0.442608905	0.747388295
0.239689536	0.574574191
0.239816659	0.425407204
0.694761379	0.311786383
0.694761392	0.688213604
0.565976193	0.237557746
0.565976208	0.762442237
0.18165141	0.714193784
0.18172938	0.285710145
0.473639493	0.117310767
0.473522524	0.882407028
0.844487396	0.66844864
0.844523506	0.331780719
0.659263243	0.232039022
0.657992407	0.767704232
0.388421337	0.433153911
0.385484678	0.565187151
0.613697642	0.433423842
0.613697685	0.566576161
0.500810114	0.368260097
0.500810132	0.631739854
0.188396681	0.503979199
0.620561067	0.353395988
0.6205611	0.646603967
0.312774484	0.53110654
0.889422342	0.552273119
0.887950567	0.448403839
0.3509442	0.135269219
0.350944208	0.864730782
0.259694372	0.812023003
0.259694378	0.187976987
0.566431842	0.319944807
0.566431876	0.680055138
0.31100827	0.468117789
0.535047357	0.439329549
0.535047367	0.560670362
0.429943272	0.500015008
0.778017773	0.780941193
0.778017769	0.219057718
0.401010654	0.209261215
0.401010681	0.790738764
0.117744715	0.600437132
0.117576721	0.399380072
0.801279041	0.559584096
0.801278167	0.440414183
0.297781786	0.731100778
0.297781781	0.26889919
0.603861763	0.118586725
0.603861789	0.881413263
0.196987222	0.609884418
0.1961001	0.391321313
0.557756666	0.182371626
0.557756688	0.817628364
0.746568802	0.292429993
0.746568809	0.707570002
0.357903821	0.638066121
0.357836961	0.3618231
0.690605334	0.554017097
0.690909708	0.445736618
0.451568747	0.307909249
0.451417536	0.69217612
0.656349083	0.129950716
0.656360813	0.870074292
0.101786433	0.450230825
0.100319473	0.549920273
0.743013214	0.178773456
0.743013227	0.821226537
0.711415986	0.635988578
0.711415976	0.364011405
0.512015407	0.248858884
0.512015415	0.751141096
0.27653788	0.615158554
0.27654914	0.384909474
0.299536268	0.150741161
0.299536274	0.849258843
0.9025	0.501139612
0.193952732	0.762257545
0.193860931	0.237713743
0.449190028	0.191063549
0.449190041	0.808936445
0.256488532	0.6992577
0.256451044	0.300700528
0.794423751	0.611277976
0.794337273	0.388734648
0.879962386	0.633913336
0.879962383	0.366086659
0.426024481	0.103954967
0.426024494	0.896045033
0.844648068	0.717218998
0.844759686	0.282869668
0.205638847	0.458157668
0.611179187	0.223986933
0.611179191	0.776013057
0.136731693	0.691111585
0.13665838	0.308894529
0.514511183	0.094037046
0.514178519	0.906044593
0.286703492	0.569251913
0.666599079	0.349818229
0.666599098	0.65018176
0.842296735	0.545420978
0.842296712	0.454579008
0.369399767	0.819253498
0.368145052	0.180982483
0.289680624	0.773669191
0.289680623	0.226330787
0.196706907	0.667302182
0.196550636	0.332881318
0.506723249	0.153820413
0.506723269	0.84617958
0.7963877	0.678962807
0.796387693	0.321037189
0.68697485	0.26720059
0.68697485	0.732799402
0.204975936	0.545557929
0.285181566	0.42966648
0.546620398	0.278779737
0.54662041	0.721220231
0.380670998	0.108694835
0.38064639	0.891231269
0.42540197	0.456733399
0.422955699	0.543465504
0.576157839	0.455015468
0.576157875	0.544984521
0.499834441	0.41378211
0.499834448	0.586217824
0.220966378	0.799014048
0.221030113	0.200998571
0.899012486	0.593584394
0.898990771	0.406431985
0.386841224	0.607920469
0.385187564	0.39122702
0.650266802	0.457061364
0.650266838	0.542938491
0.46336861	0.346062433
0.463370897	0.653920931
0.568593078	0.093114177
0.568593108	0.906885818
0.113279282	0.643832429
0.113279288	0.356167538
0.816801755	0.763536732
0.816801752	0.236463263
0.539837452	0.351998893
0.539837481	0.648001045
0.351964066	0.460538465
0.651027979	0.190900901
0.651028003	0.809099093
0.156921229	0.476259733
0.627903492	0.393956258
0.627903542	0.606043702
0.344216168	0.557766194
0.405047014	0.251183478
0.405047038	0.748816495
0.762912905	0.542156792
0.762912859	0.457843192
0.33204701	0.706599372
0.332046999	0.293400593
0.695552351	0.211767389
0.695552354	0.788232602
0.152702448	0.525250478
0.763814952	0.742232674
0.763822952	0.257722282
0.718768227	0.147012719
0.718765444	0.852991918
0.158318059	0.607462268
0.157205715	0.393394109
0.578864584	0.150079441
0.578864609	0.849920549
0.224235865	0.712743015
0.224235869	0.287256967
0.453355042	0.154536629
0.453355052	0.84546337
0.822479271	0.632254513
0.822479271	0.367745482
0.084956705	0.513705546
0.257413874	0.46292237
0.258907625	0.537366915
0.652961982	0.309985313
0.653123497	0.68988557
0.58925267	0.27128924
0.589273936	0.728552118
0.744506545	0.616719708
0.744506528	0.383280275
0.479288222	0.228411578
0.479288236	0.771588415
0.274791317	0.653998356
0.274791317	0.346001619
0.710041492	0.597013773
0.710061807	0.403008288
0.480957125	0.271069668
0.48095453	0.728922251
0.310973883	0.633441198
0.311180385	0.369151584
0.729377024	0.672562518
0.729507964	0.327466705
0.235864537	0.612540632
0.235944007	0.387513418
0.534651112	0.215032885
0.534668757	0.784930955
0.585852723	0.353262615
0.585852749	0.646737321
0.328864278	0.498615456
0.159577533	0.743435402
0.159577543	0.256564577
0.459477419	0.083942316
0.459477437	0.916057684
0.880715132	0.673139994
0.880720993	0.326870751
0.419937107	0.287239184
0.419939421	0.712744055
0.724275125	0.537029383
0.724275037	0.46297056
0.355797676	0.67571517
0.355809105	0.324299413
0.603349706	0.320726301
0.603349741	0.679273656
0.291735964	0.501518792
0.579907379	0.42012364
0.528833533	0.392015086
0.579837246	0.580208023
0.528833554	0.607984848
0.391599094	0.471275053
0.389218023	0.530288226
0.262296681	0.845797113
0.262284174	0.154219425
0.919890661	0.467418379
0.647673766	0.266898302
0.647673766	0.733101689
0.224354225	0.511377571
0.319677533	0.882484793
0.319440382	0.117561078
0.920033055	0.534723944
0.080527192	0.478562619
0.692643204	0.125572915
0.6927961	0.874335221
0.634006128	0.101790574
0.634045674	0.898122345
0.775171682	0.18386662
0.775171693	0.816133372
0.08762237	0.417760086
0.08726993	0.582462922
0.357540228	0.41078261
0.493887747	0.332125389
0.493967907	0.667938647
0.645272966	0.420698991
0.645273056	0.579300918
0.358672438	0.586176159
0.624943287	0.1447468
0.624943318	0.855253183
0.126850781	0.568163729
0.128897471	0.430666932
0.196955055	0.425008167
0.745670444	0.21096312
0.74567045	0.789036874
0.586693129	0.199986774
0.586693147	0.800013223
0.411521543	0.41535398
0.411521535	0.584645961
0.617537311	0.465699325
0.617537896	0.534300748
0.470938777	0.381066169
0.470938789	0.618933774
0.478716826	0.17173249
0.478716837	0.828267506
0.794935789	0.645784576
0.794935781	0.354215426
0.226226967	0.682514514
0.226226966	0.317485465
0.434545175	0.220432433
0.434545214	0.779567546
0.877712899	0.479420525
0.775318678	0.586197855
0.775318639	0.413802122
0.2876886	0.69535431
0.287733049	0.304309212
0.293481473	0.817315282
0.293487367	0.182679789
0.327544975	0.440996161
0.535142679	0.321143437
0.535142707	0.67885651
0.330566478	0.836057421
0.330511655	0.163565016
0.875926074	0.52150563
0.620109502	0.255810992
0.619367048	0.745009007
0.228483475	0.481985589
0.350810475	0.103215491
0.350810484	0.896784512
0.230036039	0.828820403
0.230036047	0.171179587
0.24508827	0.780419536
0.244922541	0.219525563
0.194125341	0.576766448
0.870720607	0.579467237
0.870720602	0.420532756
0.384392234	0.138614867
0.384363449	0.861286627
0.719397529	0.273392697
0.719384781	0.72660011
0.919448219	0.568725358
0.91941534	0.431389908
0.517370567	0.469765135
0.517370582	0.530234757
0.465131082	0.49992619
0.348615823	0.525580652
0.597820261	0.381635813
0.597820293	0.618364128
0.526377757	0.176635823
0.526377776	0.823364167
0.766821499	0.684552298
0.766821493	0.315447698
0.206712929	0.638927922
0.20671293	0.361072051
0.138684237	0.722281807
0.138610921	0.277724312
0.486191055	0.074213352
0.486214503	0.925877034
0.81443461	0.530173856
0.814509733	0.46975402
0.875646876	0.700511239
0.875646873	0.299488756
0.370539262	0.787464735
0.368968775	0.212655316
0.31660471	0.757166744
0.316604705	0.242833231
0.418222131	0.184689121
0.418222142	0.815310871
0.81387192	0.586794754
0.813871908	0.413205242
0.267922378	0.728407681
0.267922377	0.271592299
0.092593988	0.62231694
0.09259398	0.377683053
0.660004497	0.161007987
0.660004517	0.838992008
0.1265793	0.469122329
0.540535386	0.077747866
0.540271878	0.922332197
0.844560699	0.749152636
0.844460694	0.250767884
0.598875369	0.087407984
0.598875403	0.912592007
0.808005015	0.791962069
0.80800501	0.208037927
0.11292065	0.674768237
0.112920657	0.325231739
0.820185051	0.703781007
0.820296669	0.29630766
0.163374883	0.675493232
0.163462597	0.324524282
0.516370403	0.12089257
0.516370425	0.879107423
0.123664363	0.531327609
0.549944336	0.412998769
0.549944354	0.587001151
0.39969223	0.499720168
0.715260391	0.18963491
0.715260404	0.810365078
0.450504887	0.470395588
0.450626612	0.528080308
0.549001005	0.471283561
0.549001129	0.528716378
0.499113172	0.442342301
0.499113176	0.557657616
0.649301978	0.373334276
0.64930205	0.626665685
0.315695542	0.565992921
0.907404893	0.621749904
0.907322388	0.378144871
0.386673138	0.637738796
0.386123216	0.361799759
0.675435437	0.470768529
0.675723051	0.529239096
0.437266562	0.332311422
0.437266587	0.667688539
0.190930984	0.791429736
0.190930995	0.208570251
0.401854016	0.086873531
0.401729657	0.913106382
0.574753718	0.121404882
0.574753745	0.878595109
0.134658359	0.624397472
0.134658363	0.375602495
0.199979717	0.735211071
0.199979726	0.264788912
0.790280251	0.245734395
0.790280257	0.754265602
0.073588301	0.538663349
0.854413686	0.641259993
0.854419431	0.358750531
0.445168504	0.122350225
0.445084956	0.877448204
0.631682542	0.325009062
0.631656041	0.675181048
0.282995767	0.525363294
0.68411751	0.628050294
0.684117503	0.371949681
0.297063588	0.595503334
0.749160827	0.151475483
0.749243231	0.848709438
0.518855806	0.275243229
0.518853214	0.724748707
0.267537001	0.58786592
0.692313642	0.342553981
0.692313659	0.657446001
0.295919291	0.403852125
0.180141483	0.631902828
0.180141487	0.368097141
0.774006618	0.711037035
0.77400661	0.288962957
0.545757142	0.157181114
0.545757163	0.842818876
0.869811819	0.607528503
0.869811811	0.392471491
0.783761545	0.526168359
0.783761483	0.47383167
0.346159066	0.38692509
0.585881923	0.29782275
0.585768368	0.702315963
0.478990362	0.31027763
0.478990403	0.689722346
0.408305036	0.125907749
0.408305049	0.874092249
0.221918278	0.766280067
0.221918283	0.233719915
0.335508969	0.732607162
0.335508961	0.267392809
0.283439973	0.473236885
0.380786127	0.241208632
0.380786148	0.758791346
0.266705094	0.411737704
0.540281696	0.25382162
0.540281709	0.746178355
0.345561931	0.613496118
0.675482213	0.576980292
0.675482198	0.423019634
0.71690541	0.569724498
0.71690535	0.430275479
0.451975743	0.277343783
0.451977725	0.722641846
0.331154201	0.653016344
0.331173552	0.349425987
0.69647304	0.24150605
0.696462114	0.758487784
0.17799944	0.54087726
0.075178277	0.442690748
0.233001928	0.452576945
0.592473467	0.244978926
0.592315649	0.755818973
0.231947015	0.545910406
0.673816339	0.290734076
0.67381635	0.709265914
0.625208071	0.200343367
0.625208098	0.799656613
0.177977971	0.458597106
0.473798564	0.20288991
0.473798578	0.797110083
0.721030548	0.300248867
0.721030557	0.699751125
0.667923157	0.105332394
0.667923159	0.89466761
0.77040888	0.625897814
0.770408868	0.374102179
0.216582546	0.591570706
0.255710833	0.67124218
0.255710834	0.328757796
0.900968482	0.651820453
0.90096848	0.348179543
0.928909516	0.507918433
0.819260845	0.658359047
0.819267545	0.341653233
0.20307478	0.697358583
0.203074783	0.302641394
0.479148519	0.144228273
0.477453628	0.855519548
0.562362506	0.209433227
0.562362526	0.790566762
0.217320232	0.409063537
0.393935759	0.171652927
0.393935772	0.828347065
0.268950279	0.755872343
0.268773478	0.244033403
0.837221401	0.572315833
0.837325646	0.42764642
0.430299429	0.077993431
0.430299446	0.922006569
0.287623898	0.126668679
0.287623898	0.873331322
0.168328704	0.770958679
0.168328715	0.229041304
0.737139658	0.642401497
0.737139647	0.357598488
0.504759174	0.223458615
0.504759191	0.776541373
0.258093814	0.634206406
0.258093812	0.365793564
0.605808486	0.407248627
0.605808535	0.592751302
0.367970342	0.544750142
0.539217743	0.103467725
0.539217763	0.896532266
0.823778992	0.731871316
0.823778986	0.268128676
0.137467706	0.664672153
0.137467713	0.335327818
0.420303599	0.312792833
0.420303613	0.687207125
0.701969232	0.524562665
0.701969145	0.475437068
0.377748099	0.662638668
0.377748068	0.337361287
0.676358217	0.195229413
0.676358236	0.804770586
0.148007984	0.500354903
0.719827285	0.21642351
0.719827288	0.783576482
0.175495587	0.411694032
0.144630872	0.548570816
0.585838505	0.174794765
0.585838531	0.825205228
0.636274632	0.170176399
0.636274654	0.829823593
0.146347553	0.453147428
0.414659115	0.520236823
0.560192718	0.436224795
0.560192713	0.563775131
0.360208708	0.43706295
0.515387672	0.347499446
0.515387699	0.65250051
0.524931371	0.416248754
0.524931384	0.583751163
0.41503317	0.479713042
0.105420221	0.480849939
0.680968893	0.1487741
0.680968913	0.851225896
0.633603732	0.234771364
0.633603731	0.765228618
0.203554263	0.483116405
0.118371351	0.300935695
0.118465038	0.699072138
0.433589262	0.56641892
0.433589279	0.433581004
0.590722544	0.524302901
0.590721945	0.475697249
0.47568702	0.409284748
0.475687023	0.590715188
0.867145632	0.727899666
0.867145631	0.272100334
0.157736849	0.706855837
0.157736855	0.293144135
0.173006728	0.587737279
0.24391225	0.724247686
0.243912251	0.275752295
0.849744825	0.692984596
0.84974482	0.307015398
0.269242377	0.786903463
0.269242377	0.213096523
0.433802031	0.165986536
0.433802043	0.834013459
0.739449158	0.260642609
0.739795727	0.740228352
0.822288875	0.609621134
0.822288865	0.39037886
0.366833071	0.843313155
0.366833063	0.156686838
0.512010518	0.069716794
0.511612485	0.93038082
0.494202512	0.098750932
0.492159184	0.899559518
0.699365929	0.288077256
0.699365929	0.711922736
0.216847967	0.56673314
0.864095448	0.556110208
0.864075307	0.445119403
0.262285042	0.562902573
0.673350306	0.325498043
0.673350323	0.674501944
0.26200165	0.435675322
0.563376983	0.261661407
0.563376992	0.738338569
0.550744422	0.301876659
0.550744444	0.698123295
0.303095582	0.444861588
0.85447358	0.472466352
0.299626616	0.793215997
0.299626617	0.206783995
0.411522854	0.393407857
0.411522874	0.606592092
0.636540451	0.476674891
0.636540924	0.523324893
0.451931957	0.370099795
0.451931969	0.629900155
0.398318754	0.275999648
0.39831878	0.724000318
0.744799816	0.523929665
0.744799745	0.476070314
0.356882831	0.70003472
0.356882815	0.299965242
0.605032578	0.154157503
0.605032604	0.845842483
0.147920412	0.418064711
0.149087831	0.583649883
0.766862479	0.163025173
0.766940956	0.837150941
0.344164813	0.820933283
0.344158715	0.17902476
0.855811325	0.52552841
0.747838876	0.237890964
0.747838881	0.76210903
0.559541283	0.342714365
0.559541312	0.657285577
0.333987315	0.473063892
0.329808864	0.681539064
0.329808849	0.318460897
0.742260359	0.556943867
0.74226031	0.443056098
0.427727319	0.261769656
0.427727375	0.738230098
0.923202724	0.588830678
0.923202724	0.411169318
0.712923867	0.124101627
0.712940869	0.875888157
0.298578112	0.545958922
0.640511999	0.348505013
0.640512026	0.651494945
0.075926365	0.565716754
0.179398791	0.482814827
0.279178226	0.3207078
0.278884994	0.679118658
0.765660528	0.601751673
0.765660502	0.398248301
0.645468239	0.213650203
0.645468261	0.786349794
0.455701596	0.228408139
0.455701618	0.771591831
0.362090747	0.090481796
0.362090755	0.909518205
0.18143261	0.655939181
0.18141525	0.344081183
0.524255339	0.146300166
0.524255361	0.853699827
0.414175353	0.234973845
0.414175383	0.76502613
0.794163915	0.697874736
0.794163908	0.302125259
0.670617792	0.25242442
0.670601516	0.747572235
0.772397142	0.558148244
0.772397102	0.441851734
0.200360563	0.524007135
0.313458379	0.706831903
0.313458371	0.293168058
0.068755263	0.495360792
0.247305719	0.523247534
0.646522555	0.292914413
0.646723061	0.70718389
0.819140732	0.556352913
0.819132028	0.443629145
0.220910552	0.738498229
0.220910557	0.261501756
0.212837302	0.821577297
0.212837311	0.178422694
0.846107281	0.622415506
0.846107279	0.377584489
0.432982391	0.138966724
0.432982399	0.861033278
0.38930733	0.804591051
0.38930731	0.195408932
0.583918665	0.222659509
0.583918681	0.777340479
0.21794035	0.434017391
0.291644162	0.748129211
0.291644157	0.251870763
0.286325752	0.63156996
0.286333232	0.36843544
0.720725376	0.61930241
0.720725358	0.380697574
0.492973517	0.249229511
0.492973521	0.750770468
0.218497938	0.663451691
0.218612931	0.336786436
0.406403271	0.560400154
0.406398805	0.439604177
0.599097303	0.550852442
0.5990971	0.449147448
0.494496284	0.388761832
0.4944963	0.611238112
0.499132903	0.174573926
0.499132918	0.825426067
0.782245438	0.662007652
0.78224543	0.337992344
0.829380415	0.782410462
0.829380416	0.217589537
0.545931113	0.374368498
0.545931142	0.625631433
0.368239525	0.47696913
0.523677394	0.368748349
0.523677409	0.631251593
0.374492345	0.454843245
0.364354204	0.620433041
0.672099792	0.557217018
0.672231421	0.442725629
0.621147169	0.083816677
0.621147204	0.916183322
0.365851507	0.381112264
0.463958248	0.324470842
0.463978692	0.675379864
0.632901993	0.123458312
0.632922102	0.876739861
0.39263614	0.413372792
0.392636124	0.586627134
0.628692277	0.450332414
0.628692572	0.549667944
0.478672844	0.363724524
0.478672859	0.63627542
0.722400848	0.169365703
0.721931828	0.82874983
0.929843296	0.486185377
0.328753975	0.854473949
0.328840534	0.145453615
0.309468059	0.423540786
0.529091976	0.29681848
0.529092003	0.703181499
0.799152503	0.187462559
0.799152512	0.812537435
0.104261452	0.528202851
0.896482632	0.531495729
0.759348304	0.196357744
0.759348314	0.803642247
0.107691853	0.571328877
0.107691856	0.428671088
0.079243255	0.602488208
0.079243245	0.397511774
0.089966639	0.360756891
0.089966639	0.639243105
0.467219363	0.250783364
0.46721938	0.749216622
0.732469043	0.594370096
0.732469015	0.405629879
0.300509707	0.346696112
0.300601342	0.653483872
0.364877681	0.878542335
0.364877672	0.121457667
0.18080833	0.690540414
0.180808334	0.309459561
0.824426954	0.681073817
0.824426949	0.318926178
0.49459691	0.128423183
0.49459693	0.871576809
0.582784568	0.076643916
0.582784602	0.923356075
0.279840105	0.453560154
0.239533848	0.807128794
0.239533855	0.192871194
0.274324769	0.172991535
0.274324764	0.827008459
0.569940226	0.286026197
0.569988058	0.714143
0.890531487	0.574527906
0.890336068	0.425619545
0.893548962	0.467881678
0.241358807	0.852208358
0.24135742	0.147793474
0.600415203	0.34378603
0.600415228	0.656213917
0.312156944	0.489278233
0.446602481	0.548933071
0.446602495	0.45106683
0.569073658	0.5217761
0.569073279	0.478224029
0.484322844	0.42929583
0.484322849	0.570704096
0.618065599	0.375798507
0.618065637	0.624201447
0.628083027	0.416670851
0.62808309	0.583329099
0.363785546	0.569277729
0.333473571	0.540225923
0.673012694	0.21665492
0.673012689	0.78334508
0.930645604	0.454172931
0.168204436	0.508200615
0.648324268	0.401022844
0.648324307	0.598977057
0.340111615	0.578977709
0.139910465	0.743966053
0.13991048	0.256033929
0.581294673	0.401214042
0.581294718	0.598785879
0.373105358	0.520481517
0.509105913	0.321214376
0.50907465	0.67868904
0.564915025	0.365368202
0.564915057	0.634631724
0.34058881	0.418471929
0.350961022	0.488916983
0.25172719	0.476918827
0.473230437	0.292621084
0.473230456	0.707378882
0.333791684	0.37306859
0.604188615	0.27340815
0.604211125	0.726423873
0.326333414	0.901480984
0.326333408	0.098519019
0.21528558	0.620150934
0.215285576	0.379849039
0.538441241	0.193364294
0.538599913	0.806310377
0.746031948	0.686532467
0.746031939	0.313467529
0.716307657	0.660643249
0.716307637	0.339356735
0.252763324	0.607026321
0.930945604	0.549902764
0.113559277	0.377335853
0.113559279	0.622664122
0.40307741	0.37458215
0.401841141	0.627432647
0.657064169	0.478775359
0.659426706	0.521287984
0.439851654	0.353378673
0.439851674	0.646621284
0.890490929	0.689678932
0.890490925	0.310321063
0.270173273	0.866748695
0.270023189	0.133449838
0.069193264	0.460654468
0.315671131	0.776989396
0.315671133	0.223010587
0.235904789	0.300622171
0.235904785	0.69937781
0.881322273	0.500635688
0.80474442	0.628988534
0.804744419	0.371011459
0.689949042	0.608423482
0.689949004	0.391576487
0.467886028	0.930314268
0.46788601	0.069685733
0.832046517	0.478919226
0.459335271	0.171536025
0.459335284	0.828463975
0.311162717	0.610318724
0.69333698	0.580898502
0.693336952	0.419101458
0.333274054	0.627023101
0.530531773	0.232067264
0.53053179	0.767932717
0.252774857	0.392605131
0.309803997	0.83069247
0.309865828	0.169255789
0.498392437	0.280827065
0.498368989	0.719100493
0.583102711	0.332701741
0.583102729	0.66729819
0.314940635	0.509620677
0.311002428	0.388959883
0.766133234	0.520674239
0.766133114	0.479325808
0.384866195	0.259234492
0.384866215	0.740765486
0.349067808	0.720077628
0.349067798	0.279922343
0.182240099	0.746226249
0.182240107	0.253773736
0.586460393	0.104701184
0.586460423	0.895298807
0.445894727	0.101749016
0.445894741	0.898250988
0.352276431	0.797629441
0.352276416	0.202370548
0.799076144	0.772779138
0.799076139	0.227220857
0.067849632	0.52209517
0.890612057	0.610587792
0.890612053	0.389412202
0.209129811	0.782913438
0.209129819	0.217086547
0.871874046	0.652104508
0.871874046	0.347895488
0.831560303	0.520793269
0.400410641	0.106671036
0.400411298	0.893439581
0.701587881	0.156099832
0.70156271	0.84394197
0.560559632	0.065562233
0.560559656	0.934437758
0.619026668	0.309476873
0.619004586	0.690681547
0.274661362	0.509027676
0.732530461	0.198219099
0.732530478	0.8017809
0.101579503	0.502434562
0.09482058	0.337362656
0.094820574	0.662637332
0.122242836	0.550467992
0.778932203	0.729676289
0.779003947	0.270067641
0.758367203	0.724241187
0.758367192	0.275758808
0.16132149	0.626784653
0.161321494	0.373215315
0.454662226	0.78986432
0.454662227	0.210135657
0.176680694	0.611759259
0.176680695	0.388240707
0.735798805	0.13726139
0.735798818	0.862738603
0.559357151	0.143605805
0.559357175	0.856394184
0.564933034	0.164164658
0.564933056	0.83583533
0.430944005	0.800087234
0.430943985	0.199912751
0.76640266	0.238307022
0.766402638	0.761679992
0.794273706	0.590735307
0.79427368	0.40926468
0.133597489	0.644706796
0.133597493	0.355293173
0.274297655	0.709481216
0.274263421	0.290480636
0.122085098	0.449305832
0.645113206	0.147186693
0.645113236	0.852813307
0.140244061	0.599963239
0.138228101	0.397843594
0.592140366	0.135837108
0.592140394	0.864162879
0.600842971	0.363187619
0.600842994	0.636812325
0.808262311	0.744912387
0.808262306	0.255087606
0.654561287	0.09206253
0.654606564	0.90798808
0.843335712	0.767846306
0.843335713	0.232153689
0.299113159	0.887946628
0.298965696	0.11255432
0.656983766	0.328004333
0.656983781	0.671995649
0.558107646	0.110213634
0.558107671	0.88978636
0.272631257	0.549985784
0.473174323	0.098938377
0.473174342	0.901061621
0.182615231	0.559914944
0.860594063	0.677223288
0.860646844	0.322873454
0.166082136	0.724003396
0.166082143	0.275996581
0.901180898	0.671832712
0.901180895	0.328167284
0.710599177	0.255003242
0.710484418	0.744932101
0.686206749	0.10536171
0.686361971	0.89466596
0.905867972	0.455250046
0.923651705	0.607599138
0.923571678	0.392437744
0.183142077	0.438611986
0.748870424	0.666938573
0.748424946	0.33327525
0.520128393	0.201038805
0.520155954	0.798528445
0.256145588	0.828315244
0.256143925	0.171686954
0.60533603	0.194950206
0.605328503	0.80516497
0.231141331	0.632051793
0.231141325	0.367948177
0.195703487	0.811528657
0.1957035	0.188471332
0.631727263	0.271722516
0.631727261	0.728277467
0.384656624	0.919211463
0.384670432	0.080786306
0.236477637	0.499978699
0.339080677	0.877405136
0.339080667	0.122594867
0.198441261	0.715839497
0.198441265	0.284160483
0.8375491	0.653201417
0.837609423	0.346909146
0.439288985	0.292971825
0.439309593	0.706877625
0.709681375	0.550904798
0.709681293	0.449095158
0.351072501	0.656146681
0.351175508	0.34398489
0.463938847	0.130956356
0.463524571	0.869001562
0.548837627	0.229667548
0.548837644	0.770332437
0.241517977	0.407123408
0.28677953	0.801465809
0.286779535	0.198534186
0.906054735	0.547670648
0.615438637	0.102463087
0.615438658	0.897536912
0.676447671	0.237089865
0.6763256	0.762885092
0.184177693	0.521376417
0.936346571	0.525918999
0.331234794	0.519215718
0.069565156	0.424069595
0.709798455	0.677631476
0.709753374	0.32242048
0.241388126	0.592880139
0.208651708	0.501809255
0.604714551	0.296690665
0.604699497	0.703342316
0.271634903	0.489218084
0.647277657	0.248513924
0.647277666	0.751486067
0.152473978	0.760848593
0.15247399	0.23915139
0.406678369	0.69852569
0.406661071	0.301555347
0.718675559	0.518384365
0.718516828	0.481621845
0.446173416	0.067397745
0.44617343	0.932602255
0.374744211	0.680190216
0.374745148	0.319810974
0.867588677	0.46348847
0.097638622	0.40151175
0.097618131	0.598492691
0.532853723	0.480770039
0.46589973	0.481114853
0.466916757	0.518839635
0.532853751	0.519229845
0.50069665	0.461029647
0.500564182	0.539113759
0.347335896	0.163283621
0.347344024	0.836660441
0.672017683	0.274449562
0.672017684	0.725550428
0.218728707	0.536229228
0.42830761	0.244978816
0.42830764	0.755021133
0.756351845	0.566504587
0.756351803	0.433495377
0.314517092	0.688990289
0.314517082	0.31100967
0.786213215	0.198856902
0.786213224	0.801142988
0.67047794	0.17510584
0.670448574	0.824942934
0.133499702	0.485164947
0.867296607	0.538443896
0.209290214	0.247973863
0.209290205	0.752026123
0.280994229	0.853468743
0.280994226	0.146531254
0.11929419	0.283088246
0.119383415	0.716919216
0.136065357	0.514368726
0.694459849	0.191930678
0.694437822	0.808105898
0.863641182	0.625427034
0.863641181	0.374572961
0.548017096	0.392491812
0.548100538	0.607615661
0.382632507	0.487943614
0.513028919	0.38279419
0.42684453	0.12230129
0.426844537	0.877698713
0.513028939	0.617205753
0.594771721	0.567869161
0.594778374	0.432162255
0.395818336	0.54807249
0.392135533	0.452816066
0.085072578	0.459343129
0.65028595	0.113936869
0.65034107	0.88615232
0.915163111	0.640178789
0.915155252	0.359811187
0.32673914	0.457496446
0.549834213	0.328680345
0.549834245	0.671319601
0.254846607	0.763755012
0.254621801	0.236111595
0.304785323	0.867016656
0.304814004	0.133303805
0.527033136	0.062804891
0.526804759	0.937264498
0.394017062	0.155454594
0.39401433	0.844536021
0.489336785	0.212125817
0.489336799	0.787874174
0.431585494	0.518045843
0.549831204	0.449777603
0.549831228	0.550222313
0.75447336	0.63490729
0.754473347	0.365092699
0.851290945	0.580345693
0.851368716	0.419628154
0.255746251	0.653008067
0.25574625	0.346991907
0.517824888	0.447574697
0.517861392	0.552360047
0.445692016	0.489219499
0.582158308	0.372235676
0.582158344	0.627764258
0.348282642	0.507282304
0.913922283	0.486609803
0.864061037	0.744983063
0.864036219	0.254873216
0.672964331	0.123139606
0.673014598	0.876996305
0.412334552	0.07133357
0.412334564	0.928666429
0.228000371	0.7823991
0.228000377	0.217600885
0.292238657	0.386030149
0.170339445	0.78778451
0.170339455	0.212215478
0.505245876	0.263114106
0.505242988	0.736876931
0.508485685	0.485286382
0.508485718	0.514713489
0.48301498	0.499991742
0.801648194	0.51787826
0.801648189	0.482121797
0.785808731	0.166739872
0.78581621	0.833276896
0.390425615	0.122049037
0.390425626	0.877950963
0.292362692	0.6138613
0.364679495	0.22989472
0.364679517	0.770105259
0.333756545	0.752206063
0.333756538	0.247793908
0.702381105	0.622936373
0.702381087	0.377063605
0.881018716	0.593397241
0.880994586	0.406620956
0.385964478	0.222665375
0.38611407	0.777346041
0.797241984	0.539880394
0.79724901	0.460112581
0.316879377	0.737423098
0.316879371	0.262576872
0.757680008	0.17935139
0.757688739	0.820668172
0.880961099	0.718104568
0.880962111	0.281896234
0.301701464	0.577565928
0.666284128	0.366930919
0.66628416	0.633069094
0.385603975	0.510314635
0.565663107	0.406386769
0.565895341	0.593487567
0.373402597	0.420209816
0.494171292	0.350461912
0.494240699	0.649599482
0.405926569	0.466180114
0.376416603	0.594559027
0.093423449	0.563146997
0.643671396	0.440256856
0.643671862	0.559743051
0.517853628	0.401657983
0.517853646	0.59834195
0.29757395	0.68005662
0.297606107	0.319894775
0.407540977	0.53679164
0.758677754	0.584837207
0.758677714	0.415162764
0.57622488	0.437761044
0.576217562	0.562273484
0.484781081	0.188656634
0.484781095	0.811343361
0.911987679	0.515776239
0.777263144	0.642512504
0.777263132	0.357487488
0.510520125	0.427027664
0.510520127	0.572972261
0.23790515	0.668864816
0.237905152	0.331135159
0.935983402	0.468125256
0.431547476	0.472594459
0.370529156	0.39987852
0.478020312	0.337834077
0.478039467	0.662161387
0.705747226	0.138179045
0.705763008	0.861814768
0.467039892	0.186321122
0.467039902	0.813678875
0.787282946	0.628245832
0.787169004	0.371802515
0.532646252	0.33884219
0.532646283	0.661157751
0.245364695	0.684582817
0.245364698	0.315417161
0.344116259	0.447699221
0.192380464	0.40782253
0.06970439	0.580624926
0.061110908	0.477053218
0.315834437	0.549854783
0.635247426	0.365406187
0.635247471	0.634593768
0.575409348	0.186618966
0.575409372	0.81338103
0.092405651	0.436515511
0.567326974	0.303394321
0.567320733	0.696634966
0.084194928	0.496928243
0.638158495	0.307871093
0.63800988	0.692117825
0.264638384	0.523439748
0.294871464	0.459999417
0.618092753	0.128624999
0.618095456	0.871401411
0.221233026	0.466227227
0.118971626	0.582872466
0.119222121	0.416947223
0.61018477	0.241739941
0.610102006	0.758425738
0.762465461	0.211491088
0.762465466	0.788508759
0.895011548	0.48558911
0.628667324	0.217777424
0.628667341	0.782222559
0.934568923	0.576744821
0.934548356	0.423329102
0.289863687	0.83549734
0.289871214	0.164496364
0.186184526	0.593358995
0.191354937	0.470310281
0.194675897	0.65210106
0.194675899	0.347898913
0.784247486	0.688279823
0.78424748	0.311720174
0.737704919	0.274819694
0.737736716	0.725262563
0.520846888	0.159684446
0.520846909	0.840315546
0.429104369	0.409187639
0.429104362	0.59081231
0.614088157	0.484009324
0.614088978	0.515990686
0.456805916	0.393205878
0.45680592	0.606794069
0.524596486	0.259995125
0.524595885	0.740002969
0.488927691	0.296850368
0.488589053	0.704341379
0.279864839	0.401227782
0.619986235	0.163159683
0.619975059	0.836849611
0.662137406	0.411732121
0.662137457	0.588267822
0.342917875	0.597597076
0.148260713	0.435522355
0.329592338	0.388768267
0.812417497	0.569486768
0.812417457	0.430513224
0.695113969	0.640701638
0.695113961	0.359298339
0.283632374	0.735787574
0.283632368	0.264212397
0.404030153	0.19466235
0.404030174	0.805337629
0.280611486	0.598686371
0.489440353	0.158145305
0.48807581	0.842280804
0.493936768	0.314787367
0.493939791	0.685324808
0.298095461	0.516444169
0.103364934	0.68902433
0.103356011	0.31097641
0.342588897	0.402116938
0.683339741	0.592414736
0.683339743	0.407585224
0.209410057	0.681488503
0.20910526	0.319909953
0.70561919	0.224935628
0.705618153	0.775063777
0.447968493	0.508767128
0.533606369	0.459321499
0.533610452	0.540671165
0.802374121	0.660849515
0.80237486	0.339151848
0.159076941	0.540530364
0.122103334	0.660549891
0.122099871	0.339234394
0.328293541	0.612652083
0.146694636	0.566952521
0.203188448	0.440235735
0.734657946	0.227470071
0.734627501	0.772584485
0.114660137	0.515344811
0.219335996	0.301672767
0.218645985	0.697376675
0.706080042	0.173665179
0.705993308	0.826182912
0.596713013	0.213008048
0.596712309	0.787002913
0.311936769	0.812103929
0.311944296	0.187889772
0.343922464	0.08963066
0.343922467	0.910369341
0.666735941	0.144247452
0.666741863	0.85576787
0.82717516	0.747835201
0.827164044	0.252155961
0.397262024	0.237301063
0.39727867	0.762700185
0.470037234	0.157709687
0.468621528	0.842181452
0.156147016	0.691054623
0.156148396	0.308947606
0.864582656	0.492906724
0.165208504	0.491295583
0.778839598	0.542352262
0.778840348	0.45764696
0.111045285	0.467036059
0.54989044	0.092192236
0.549834831	0.907824659
0.323927645	0.72028893
0.323927637	0.279711037
0.65990892	0.205580305
0.659908935	0.794419699
0.81169184	0.644845031
0.811692667	0.355156481
0.418691292	0.215577187
0.418691322	0.784422789
0.786993601	0.572098618
0.786993478	0.427901203
0.294073313	0.712501092
0.294074279	0.287463198
0.196382718	0.626471894
0.19638272	0.373528077
0.542363847	0.173963763
0.542363867	0.826036226
0.507523896	0.107962713
0.507523915	0.892037281
0.761162765	0.699721434
0.761162758	0.300278559
0.226763384	0.84415766
0.226763234	0.155842537
0.492130615	0.058609809
0.492133223	0.941400236
0.836875263	0.702177013
0.836808546	0.298004513
0.315667836	0.84919833
0.315637458	0.150783657
0.891532189	0.514185615
0.63784942	0.081938854
0.637964028	0.918037287
0.586970817	0.316137968
0.586970832	0.683861981
0.420422244	0.329819994
0.420817159	0.670456714
0.687162873	0.516163986
0.68716295	0.483835731
0.392419725	0.65401234
0.392419684	0.345987606
0.132337656	0.706368236
0.13267449	0.293563227
0.704893909	0.889702572
0.704857783	0.110289155
0.351994775	0.542581662
0.61086506	0.393106944
0.610865112	0.606893005
0.614756894	0.332120016
0.614752293	0.667913138
0.532388735	0.118030235
0.532472623	0.882025193
0.822534644	0.202306145
0.822534646	0.797693854
0.609872243	0.925967507
0.609872221	0.074032492
0.371569565	0.648454938
0.371567759	0.351492036
0.692748255	0.536990539
0.692749765	0.462986621
0.435578365	0.314543368
0.435606298	0.685456684
0.897574873	0.635312302
0.897574869	0.364687693
0.245462761	0.558716583
0.678149844	0.308844835
0.678149857	0.691155151
0.246833714	0.440322236
0.575004531	0.250861669
0.574989511	0.749214302
0.814559264	0.71894638
0.814572547	0.281060304
0.780251514	0.600376429
0.780251495	0.399623547
0.184079497	0.77691985
0.184079508	0.223080135
0.418450159	0.088112449
0.418450174	0.911887551
0.272948898	0.692556029
0.272589461	0.307043687
0.603286128	0.258306167
0.603317342	0.741815639
0.153272055	0.662935997
0.153148738	0.336962219
0.239100499	0.46863874
0.183669664	0.728957686
0.183725287	0.270930599
0.635390097	0.185858686
0.635352733	0.814166009
0.314747835	0.647636921
0.313923148	0.353983117
0.160360009	0.460201679
0.410050014	0.168450195
0.410157803	0.83161164
0.2579911	0.743563639
0.257928299	0.256417597
0.856376537	0.659282397
0.856393755	0.340767287
0.720408005	0.586615049
0.720407975	0.413384927
0.83200522	0.587840148
0.832022544	0.41215376
0.464818692	0.734152067
0.464818676	0.265847919
0.852542186	0.731454797
0.852541899	0.268531189
0.459772139	0.111593355
0.45970384	0.888348218
0.434675505	0.18255476
0.433870655	0.818320789
0.257838998	0.715236354
0.257838998	0.284763625
0.80750013	0.602109292
0.807500119	0.397890704
0.862378646	0.509118863
0.326793564	0.818367124
0.326794502	0.181579813
0.296391942	0.486318589
0.253811288	0.865034258
0.253793069	0.13498984
0.126426357	0.733091958
0.126426351	0.266908039
0.368037029	0.13911049
0.368009614	0.860795696
0.253652437	0.794743588
0.253636657	0.205251173
0.523130943	0.079824975
0.52369149	0.920509688
0.201229546	0.561574043
0.702686175	0.27199095
0.702686176	0.728009043
0.907714026	0.580189659
0.907669625	0.419898838
0.84893665	0.56093078
0.849059288	0.439108534
0.87602	0.563911653
0.876077125	0.436240709
0.861736195	0.712987257
0.861746822	0.287021184
0.441225857	0.267163694
0.441226143	0.732834358
0.73106363	0.566444712
0.731063568	0.433555261
0.327248448	0.667181017
0.327251013	0.333144592
0.595275595	0.284958537
0.595266186	0.715024233
0.266363772	0.474997851
0.077814698	0.623533411
0.077801658	0.376253164
0.272850415	0.771735947
0.272812167	0.22824236
0.37827872	0.167317884
0.378397965	0.832703691
0.086648083	0.529796254
0.129036613	0.676489128
0.129138339	0.323337532
0.629101225	0.569269637
0.629798786	0.431952497
0.376167415	0.578396348
0.659891428	0.569287499
0.659905955	0.430706013
0.360378257	0.603706503
0.651904223	0.175755078
0.651897885	0.824251914
0.513729839	0.185276893
0.513732915	0.814675016
0.14337408	0.469456223
0.765685022	0.669279875
0.765635519	0.330743879
0.140680554	0.532991017
0.708273726	0.205259706
0.708273725	0.794740282
0.220543006	0.645510821
0.220555783	0.354515614
0.5021722	0.082372864
0.502156647	0.917502593
0.763227217	0.145495642
0.763307429	0.854574454
0.732646429	0.656894908
0.732611467	0.34313209
0.247843509	0.623077473
0.828126821	0.539570118
0.237392325	0.766641788
0.237226731	0.233570973
0.732159306	0.156786907
0.73215932	0.843213078
0.862727839	0.593253733
0.862727832	0.406746261
0.370371866	0.803975512
0.370222279	0.196035909
0.828166904	0.460365281
0.399458784	0.139151916
0.399458795	0.86084808
0.151254595	0.731306557
0.151244826	0.268694242
0.519417796	0.219807484
0.519422832	0.780140401
0.301630712	0.764359989
0.301630708	0.235639988
0.247725517	0.376858191
0.66160263	0.298386455
0.661642864	0.701610114
0.244656992	0.539143287
0.468527197	0.217860825
0.468527207	0.782139167
0.684027662	0.25248153
0.684027663	0.747518462
0.193709149	0.535644376
0.399731767	0.483865406
0.536200896	0.405103724
0.536200909	0.594896201
0.414514654	0.506742523
0.548586474	0.429338312
0.548586484	0.570661612
0.327832484	0.766873533
0.327832482	0.233126443
0.441320124	0.234807261
0.441320152	0.765192709
0.146446601	0.676979984
0.14644596	0.322992307
0.829569161	0.717703561
0.829588025	0.28233705
0.544755275	0.062783359
0.544700634	0.937233241
0.748080003	0.600249847
0.748179849	0.399845662
0.881143862	0.538130982
0.817255127	0.484391037
0.923718757	0.374599713
0.923724264	0.625218598
0.287387538	0.336269903
0.287365274	0.663726064
0.36428419	0.105684191
0.364281465	0.8943076
0.341633081	0.850364301
0.3416357	0.149579483
0.311534738	0.899211532
0.311483453	0.100861377
0.068164461	0.408516825
0.460452924	0.457950401
0.460469149	0.541846299
0.556003228	0.486689331
0.55600359	0.513310645
0.656074822	0.387434978
0.656074841	0.612564946
0.483358756	0.444731072
0.483358756	0.555268842
0.064827278	0.553623741
0.324489969	0.57890413
0.271319811	0.628857734
0.271327729	0.371285978
0.874555005	0.686182707
0.874562821	0.31383162
0.523646958	0.10599434
0.52359298	0.894028891
0.725881992	0.633648926
0.725881982	0.366351062
0.502784996	0.237499095
0.502785003	0.762500889
0.226362594	0.814678061
0.226444031	0.185338068
0.354901309	0.782255616
0.35490129	0.217744369
0.474064566	0.917321975
0.473945637	0.082814729
0.179528996	0.674979904
0.179520817	0.325041161
0.811638964	0.690025179
0.811649589	0.309983261
0.857041836	0.759949281
0.857025193	0.240020957
0.508731428	0.135094849
0.508731449	0.864905144
0.814553705	0.777923634
0.814553704	0.222076359
0.816986949	0.515408719
0.793491163	0.738812567
0.793500047	0.261140671
0.638087019	0.382277283
0.638087075	0.617722664
0.329023253	0.560743108
0.402416229	0.641219286
0.402507727	0.358987806
0.671053118	0.513894656
0.670699264	0.486114708
0.426634432	0.345081171
0.426687099	0.654955697
0.146231812	0.634812328
0.14633162	0.365141507
0.383319675	0.621698406
0.212648249	0.396338479
0.663330551	0.460105049
0.663555602	0.539900852
0.559814262	0.126604914
0.559898152	0.873450513
0.300793886	0.562221163
0.854106911	0.608703179
0.854106904	0.391296818
0.554187383	0.199066607
0.554208556	0.800890006
0.39893911	0.572612035
0.402361302	0.426535757
0.613404462	0.448786794
0.613404714	0.551213199
0.487651701	0.376192119
0.487651721	0.623807827
0.212078894	0.603787788
0.384568717	0.377067894
0.451203271	0.338602968
0.45120902	0.661355154
0.417125618	0.13890486
0.417125626	0.861095136
0.653432294	0.358567562
0.653432309	0.641432402
0.228709175	0.247908348
0.228756217	0.7521187
0.434989179	0.535802167
0.563505859	0.461602557
0.563505945	0.538397428
0.343665583	0.691529398
0.343666523	0.308471783
0.744042155	0.539651274
0.744042082	0.460348709
0.41227651	0.268801575
0.412276728	0.731196981
0.118866916	0.48329237
0.733776304	0.697543005
0.733776296	0.302456989
0.890932266	0.705307218
0.890932399	0.294692886
0.676920878	0.163409874
0.6769209	0.836590123
0.907653134	0.607092971
0.906964169	0.393751876
0.885657308	0.658583475
0.885657958	0.341417714
0.217485723	0.448969047
0.597086233	0.229729902
0.597086244	0.770270077
0.085136916	0.548891202
0.730602839	0.1834222
0.730543789	0.81634049
0.395063007	0.071651143
0.395341407	0.92793723
0.110432276	0.541450569
0.531956407	0.283487869
0.53281673	0.717014319
0.191651788	0.452137603
0.672738618	0.617790631
0.672738611	0.382209334
0.61278784	0.208957631
0.612787867	0.791042354
0.296523998	0.41930785
0.311632488	0.590777254
0.102330311	0.631827622
0.102330306	0.368172366
0.881072334	0.462120858
0.285041055	0.583885521
0.680087511	0.355717555
0.680087523	0.644282425
0.058699084	0.507061351
0.276765668	0.188134043
0.276764876	0.811865293
0.904218674	0.437638718
0.44431819	0.086903145
0.444318207	0.913096856
0.271884797	0.574116052
0.67824082	0.339422552
0.67824084	0.660577436
0.584024077	0.08927769
0.584024111	0.910722302
0.633305045	0.258804783
0.633112424	0.741163591
0.169980335	0.754644902
0.169980345	0.24535508
0.565061293	0.422065859
0.565061334	0.577934069
0.178955719	0.802220358
0.178955732	0.197779632
0.324525444	0.423782117
0.224517583	0.494892118
0.399968359	0.517405639
0.254536638	0.421938745
0.271002314	0.424829618
0.254568231	0.577589612
0.555235474	0.248371559
0.555234056	0.751635657
0.204861932	0.79892866
0.204959656	0.201090697
0.68992332	0.326175547
0.689927629	0.673829389
0.549489111	0.264051886
0.549962893	0.735762461
0.38907751	0.09499045
0.3890559	0.905011471
0.749343722	0.167045796
0.749343739	0.832954198
0.177004058	0.575640492
0.521574631	0.310051843
0.521609481	0.689930798
0.575051784	0.134264333
0.575061128	0.865741816
0.394269004	0.29037847
0.394269031	0.709621503
0.734380939	0.486756464
0.73628124	0.513319337
0.145436263	0.617361419
0.145436267	0.382638547
0.725177709	0.256412919
0.725177716	0.743587073
0.370333024	0.302035857
0.370333035	0.697964113
0.778832937	0.748306638
0.778833222	0.251557063
0.941832344	0.495741405
0.361848342	0.711830375
0.361848328	0.288169602
0.752555368	0.513739106
0.753919422	0.487835651
0.750982543	0.136680958
0.750982551	0.863319036
0.383566598	0.725942827
0.383566587	0.274057137
0.794180041	0.21182274
0.794180048	0.788177255
0.787935398	0.488162879
0.787935564	0.511837177
0.813832038	0.189226635
0.813832043	0.810773364
0.594110317	0.068241273
0.594110347	0.93175871
0.630208291	0.33972081
0.630208321	0.660279144
0.46577923	0.303553375
0.465779264	0.696446582
0.36628928	0.244760434
0.366289296	0.755239551
0.345817712	0.256609374
0.345817718	0.743390605
0.296221721	0.532654664
0.689094059	0.224846414
0.689094063	0.775153578
0.346985661	0.372134646
0.213304517	0.724772374
0.213304522	0.275227609
0.167253999	0.526196455
0.90271974	0.56322948
0.714133293	0.28775529
0.714133295	0.712244699
0.218254035	0.552029143
0.706599475	0.302919135
0.706599484	0.697080855
0.231057483	0.562699012
0.209209229	0.579359899
0.6859513	0.281923722
0.685951305	0.718076273
0.68880063	0.298382242
0.688800642	0.701617744
0.226097853	0.58039458
0.837660652	0.635578168
0.837667993	0.364435282
0.686989052	0.567497912
0.687711226	0.431306385
0.340580627	0.670664025
0.342159435	0.3297171
0.175210203	0.425650345
0.348039025	0.628196186
0.756244879	0.224931713
0.756241498	0.775072764
0.448627526	0.139706301
0.448572219	0.860266627
0.727481396	0.552815031
0.59806424	0.181534997
0.598047578	0.818493379
0.727481313	0.447184928
0.133696969	0.584437879
0.133755014	0.412274349
0.431873694	0.276661937
0.431876536	0.723317456
0.606760943	0.139050703
0.606761267	0.860952219
0.709633359	0.534691966
0.70961237	0.465305735
0.589419053	0.122053901
0.589419081	0.877946088
0.365139845	0.664209173
0.365154974	0.335803383
0.425229821	0.301107099
0.425238916	0.698881385
0.621464236	0.884948297
0.621455908	0.115070032
0.446471251	0.563849304
0.446471649	0.436149545
0.471471921	0.421725225
0.582056206	0.514431934
0.471471924	0.578274706
0.582055703	0.485568113
0.154547686	0.775939041
0.154547703	0.224060945
0.193298	0.685129143
0.193245863	0.315048954
0.127898641	0.611399615
0.127898647	0.388600351
0.493345055	0.141975953
0.493712998	0.857389025
0.600812784	0.101915295
0.600812809	0.8980847
0.10579011	0.413304066
0.105729386	0.586677828
0.813515605	0.672957458
0.813517609	0.327044993
0.78248287	0.233357367
0.782482875	0.766642628
0.356442184	0.397353496
0.48289966	0.324384855
0.482899661	0.6756151
0.589814438	0.160372168
0.589814465	0.839627824
0.160526577	0.407999157
0.171902372	0.643240998
0.17200025	0.356715104
0.061151108	0.442815301
0.060893859	0.53541495
0.539928777	0.144459743
0.540012664	0.855595685
0.095393608	0.471072835
0.787930015	0.712344504
0.787938866	0.287623877
0.576294561	0.210191288
0.576294581	0.789808704
0.914231762	0.657795957
0.914231763	0.342204043
0.567421452	0.223079258
0.567421469	0.776920728
0.211004166	0.421164615
0.226551625	0.419913778
0.644590151	0.320955452
0.644590171	0.679044539
0.212903995	0.836716787
0.212904005	0.163283206
0.272824874	0.53543415
0.171563916	0.702465518
0.171563921	0.297534456
0.104083269	0.611690887
0.104083272	0.388309079
0.747549452	0.652497428
0.747549444	0.347502567
0.123615656	0.633726459
0.123615657	0.366273513
0.508283436	0.209396711
0.508283451	0.790603279
0.67318273	0.09274781
0.673209464	0.907262629
0.572056645	0.107271714
0.572056673	0.892728279
0.516658914	0.291041262
0.516790698	0.708987045
0.489360268	0.114501715
0.489154542	0.885310494
0.310668569	0.409904719
0.244208967	0.638240426
0.244208963	0.361759549
0.839258664	0.683057281
0.839258659	0.316942713
0.803694508	0.758951579
0.803694504	0.241048416
0.232225039	0.52595993
0.656367903	0.280997132
0.656367902	0.719002866
0.75994	0.616193912
0.75997896	0.383850363
0.269036325	0.334285225
0.26903632	0.665714745
0.771952885	0.20170966
0.771952893	0.798290153
0.728702813	0.122647575
0.728704712	0.877351287
0.42630752	0.064025322
0.426307531	0.935974676
0.350203563	0.475178049
0.553389763	0.357837432
0.553389794	0.642162503
0.262329553	0.316982288
0.26234107	0.682949297
0.777398527	0.614225039
0.777380582	0.385786641
0.342364392	0.35849311
0.457845418	0.292243964
0.457831144	0.707747171
0.414713847	0.112127455
0.414713946	0.887887294
0.878520545	0.620096289
0.87852054	0.379903706
0.314157003	0.793231146
0.314157719	0.206768246
0.206721796	0.767816604
0.206734938	0.232024899
0.846911116	0.485940108
0.464494309	0.363733846
0.464494539	0.63626452
0.341240173	0.640617613
0.33963016	0.80561206
0.339629581	0.194377376
0.635838871	0.537792116
0.635838673	0.462207805
0.398705326	0.599576992
0.399747101	0.401093826
0.202972332	0.592749417
0.70113801	0.567183289
0.701252032	0.432656477
0.422153061	0.442704197
0.421885812	0.557321651
0.588692078	0.461015212
0.588692249	0.538984874
0.489306648	0.403950888
0.489306656	0.59604905
0.936328862	0.44065295
0.844844376	0.513911785
0.198522581	0.174489597
0.198522578	0.825510406
0.917195748	0.499872406
0.728899909	0.290120063
0.728899915	0.709879928
0.634399608	0.156930476
0.634398138	0.843070759
0.279252994	0.116114938
0.279288365	0.883872999
0.461610253	0.407109114
0.461610255	0.59289083
0.438744042	0.579698473
0.438744051	0.420301462
0.599645304	0.513199425
0.599644575	0.486800636
0.135669695	0.444919631
0.837165212	0.733523051
0.837165209	0.266476943
0.415930511	0.380584609
0.415930525	0.619415339
0.645440923	0.486902585
0.645441458	0.513097382
0.262694847	0.381290808
0.438626181	0.367505229
0.438626197	0.63249473
0.372498055	0.633091155
0.51590158	0.234613013
0.51590215	0.765381178
0.861617319	0.568691748
0.86164897	0.431494268
0.678941312	0.543814794
0.678931255	0.456143431
0.721550547	0.646484569
0.721546652	0.35351842
0.170138383	0.471318892
0.640139248	0.199874702
0.640139276	0.800125296
0.262387796	0.618677611
0.3772913	0.125586987
0.377453753	0.873816411
0.556059238	0.289574736
0.556063871	0.710447288
0.940351092	0.539420799
0.354051013	0.424222377
0.507121305	0.336234111
0.507130337	0.664142381
0.439509725	0.154090543
0.439503587	0.845906447
0.613095661	0.419332483
0.613095715	0.580667515
0.3726773	0.559355254
0.68076851	0.136018862
0.68081708	0.863731635
0.230708689	0.725243144
0.230708692	0.274756839
0.829744641	0.62050932
0.829745452	0.379492171
0.237594967	0.792877501
0.237579268	0.207116155
0.289679816	0.443263974
0.426872904	0.486514171
0.524905207	0.429912273
0.525069049	0.56990675
0.829811176	0.66893605
0.829822855	0.331103353
0.188611909	0.701272722
0.188614782	0.298736373
0.372946753	0.366828421
0.380299317	0.152667807
0.380299325	0.847332193
0.58050705	0.236569533
0.580507058	0.763430452
0.480326091	0.130238664
0.480326109	0.869761329
0.231695577	0.438015775
0.448235059	0.323279986
0.448263907	0.676509275
0.833628276	0.55778218
0.83369778	0.442171581
0.62085583	0.187005193
0.620463292	0.813254214
0.43634069	0.112508457
0.436340703	0.887491545
0.168587084	0.448177702
0.35900528	0.556178622
0.619133641	0.405978306
0.619133676	0.594021653
0.533831024	0.091189947
0.533593869	0.90888211
0.258976315	0.777367591
0.258976318	0.222632397
0.710533442	0.239672954
0.710533448	0.760327038
0.169366915	0.552161785
0.867350295	0.638521555
0.867350293	0.361478439
0.722684339	0.684993888
0.722684334	0.315006101
0.096153825	0.674656555
0.096153827	0.325343435
0.159210581	0.592836624
0.225872274	0.600271431
0.645136962	0.227464307
0.645004856	0.772788933
0.415524962	0.799911108
0.415524936	0.200088873
0.191496795	0.489454358
0.750729209	0.251224005
0.750049977	0.748370996
0.801942506	0.57684415
0.801942348	0.423155585
0.282791261	0.759803785
0.282767363	0.240183315
0.383787741	0.818142306
0.382938772	0.181368262
0.282493955	0.723056981
0.282489517	0.276933148
0.594575041	0.585468493
0.594745581	0.414482624
0.595600316	0.397016907
0.595476429	0.602604447
0.362978378	0.530558038
0.375778129	0.534338424
0.245909841	0.455160051
0.536826097	0.269708746
0.535903929	0.730665154
0.16238587	0.578845486
0.196213875	0.748769987
0.196198582	0.251225214
0.588276566	0.257438554
0.58713078	0.74133994
0.458365747	0.058377894
0.458365765	0.9416221
0.799076625	0.82635441
0.799076614	0.173645586
0.28240357	0.415607581
0.550225637	0.21279938
0.550247592	0.787155626
0.409047094	0.319528643
0.408889255	0.680644852
0.701769499	0.488541452
0.701791379	0.51145925
0.935640964	0.561693281
0.389181202	0.330967082
0.389181088	0.669033065
0.055853902	0.491490873
0.067675242	0.594986213
0.283936532	0.786423252
0.283932887	0.213574672
0.226269198	0.399892334
0.737035959	0.247063913
0.736703123	0.753676961
0.301938058	0.780017575
0.30193805	0.219982408
0.424260463	0.392909623
0.58292931	0.386983372
0.424075898	0.607336363
0.582929594	0.61293375
0.630605944	0.487954053
0.630606806	0.512045807
0.445130663	0.380875034
0.445130667	0.619124922
0.360554313	0.515184016
0.940871797	0.51143385
0.319879112	0.477899057
0.856026181	0.455005887
0.512406028	0.360904123
0.512406048	0.639095831
0.374513599	0.441393878
0.841690248	0.468288533
0.361730003	0.450992614
0.526710623	0.355523952
0.526710648	0.644475992
0.085614575	0.346281071
0.085614572	0.653718922
0.696365669	0.257662635
0.696348912	0.742327916
0.191973168	0.548910605
0.383433281	0.20803344
0.383433301	0.791966543
0.162623864	0.422040996
0.868687315	0.66533399
0.86868731	0.334666005
0.545572031	0.115495161
0.545572056	0.884504832
0.601164575	0.168882225
0.601148435	0.83113281
0.634321861	0.406960802
0.634321908	0.593039149
0.352258056	0.569823768
0.575913856	0.935247837
0.575770651	0.064898658
0.305514092	0.746935484
0.305514086	0.253064491
0.151992508	0.717954448
0.151981434	0.282046459
0.172291752	0.737020234
0.172291758	0.262979744
0.811170818	0.544960925
0.811170749	0.455039047
0.27593595	0.840898738
0.275935945	0.159101255
0.810244185	0.731518828
0.81024418	0.268481165
0.831312134	0.761633709
0.831312132	0.238366283
0.656937859	0.218793639
0.656937888	0.781206359
0.313425293	0.436277033
0.458801992	0.097688798
0.458802008	0.9023112
0.178133143	0.495298548
0.862509869	0.694425607
0.86251778	0.305587669
0.738718611	0.628956924
0.738718601	0.371043058
0.492329321	0.228819617
0.492329333	0.77118038
0.268930819	0.642314144
0.268930819	0.357685832
0.538130843	0.306572358
0.538134732	0.693425675
0.54744687	0.343383867
0.547446899	0.656616074
0.533811254	0.163500137
0.533449729	0.839036654
0.34065783	0.462812874
0.508516581	0.944535159
0.5080814	0.057552212
0.6458627	0.161932076
0.645861675	0.838069018
0.144246491	0.653000316
0.144246496	0.346999655
0.553599638	0.31569908
0.553599669	0.684300869
0.356810618	0.811647606
0.35628676	0.187443842
0.313615587	0.454274812
0.292951935	0.860747313
0.292956714	0.139306098
0.134417324	0.457336272
0.300002905	0.639753691
0.300131213	0.360600792
0.774470811	0.697563095
0.774470806	0.302436898
0.263728935	0.449514332
0.720964464	0.603187005
0.720768466	0.396700859
0.682564976	0.207172528
0.682564979	0.792827464
0.47930468	0.257151519
0.479304396	0.742847562
0.574504227	0.270051643
0.574400262	0.729840247
0.155218213	0.511712048
0.360337996	0.830595421
0.360155893	0.169333252
0.189544409	0.6406276
0.19155056	0.360978467
0.664357896	0.189174792
0.664357917	0.810825207
0.148767118	0.486939549
0.46090776	0.802270795
0.460907749	0.197729193
0.485442943	0.08810255
0.485322957	0.911463353
0.842572859	0.531891986
0.270664769	0.800228663
0.270664774	0.199771326
0.354589225	0.84875254
0.354589217	0.151247458
0.243263474	0.820717294
0.243272342	0.179284734
0.744921852	0.193201785
0.744921867	0.806798214
0.497194393	0.425538849
0.497194396	0.574461085
0.475244847	0.350772381
0.475244855	0.649227555
0.383131641	0.403929128
0.436900832	0.460310183
0.134046243	0.556710624
0.855661435	0.54573798
0.732233514	0.211546278
0.732233517	0.788453719
0.643302954	0.133989423
0.643302985	0.866010574
0.657298988	0.445801282
0.65730964	0.554190832
0.374290507	0.609027055
0.110681293	0.557820676
0.812409735	0.61669633
0.81240021	0.383305234
0.24274639	0.712117902
0.242742226	0.28787744
0.444862623	0.171215133
0.444772523	0.828881813
0.274995792	0.439182754
0.5599261	0.27468952
0.559973026	0.725299072
0.098341523	0.516898537
0.441409672	0.209043794
0.44140968	0.790956193
0.714043413	0.159067854
0.715402824	0.839654674
0.769468018	0.572819473
0.769467969	0.427180479
0.30229982	0.696789199
0.302310158	0.303154671
0.357652697	0.92155128
0.357652696	0.078448717
0.427454673	0.23067799
0.427454704	0.769321986
0.570200483	0.078731236
0.569921021	0.921438768
0.111550632	0.44131669
0.875471951	0.549286281
0.569865263	0.332729266
0.569865285	0.667270679
0.875612803	0.450809539
0.205007223	0.407677756
0.209231681	0.470963794
0.62025378	0.233570181
0.620253783	0.766429814
0.567961611	0.198009046
0.567963984	0.801986127
0.364558227	0.464408545
0.536902124	0.364867185
0.53690215	0.63513275
0.239678121	0.262616149
0.239713135	0.737387559
0.29913099	0.43277303
0.718959688	0.229558997
0.718959694	0.770440995
0.467629331	0.235706272
0.467629352	0.764293714
0.401224759	0.817653871
0.40111844	0.182298608
0.455178951	0.243969021
0.455178981	0.756030946
0.482679686	0.28369287
0.483431283	0.716468865
0.156414318	0.554393094
0.642925189	0.334189193
0.642922265	0.665831899
0.424521973	0.155762352
0.424639699	0.844305982
0.835779433	0.606697758
0.835781152	0.393301802
0.537043352	0.420894087
0.537061569	0.579085739
0.285053341	0.540715994
0.422443138	0.530816569
0.403257005	0.224319273
0.403279192	0.775682398
0.181504703	0.400457621
0.309652499	0.721601706
0.309652623	0.278393502
0.787105461	0.55405999
0.787106344	0.445938706
0.412987959	0.492514779
0.565214125	0.448172826
0.565213171	0.551831732
0.824419525	0.573177856
0.824439774	0.426810138
0.274427827	0.744324927
0.274398547	0.255661066
0.476461575	0.058450093
0.476464476	0.941561067
0.32133637	0.37678853
0.527832751	0.245701215
0.527832761	0.754297911
0.418025659	0.25348641
0.418025684	0.746513562
0.351342865	0.117952344
0.351342875	0.882047661
0.573119078	0.174407597
0.573119109	0.825592402
0.755203018	0.552534634
0.755202975	0.447465336
0.32755917	0.694206549
0.327559157	0.305793414
0.542314513	0.292425762
0.54241106	0.707632239
0.942376671	0.456699259
0.100076324	0.649387161
0.100076325	0.350612825
0.106114564	0.295056643
0.106140142	0.704945495
0.072695583	0.508138878
0.265934679	0.396973103
0.452383631	0.357282848
0.452383648	0.6427171
0.648147649	0.52985776
0.647419514	0.469873606
0.532828289	0.378914583
0.532837583	0.621097301
0.400190093	0.612616051
0.400190051	0.387383882
0.722690904	0.134321281
0.72269093	0.865678709
0.878242641	0.734787954
0.87824264	0.265212046
0.433979877	0.552455202
0.43398341	0.447535082
0.378098684	0.467786591
0.578431409	0.469054257
0.578431458	0.53094593
0.487586499	0.416610106
0.4875865	0.583389829
0.170515056	0.599240853
0.570818746	0.351760831
0.570818772	0.648239104
0.338024896	0.487232248
0.487873519	0.455572409
0.487855854	0.54444663
0.542634537	0.510586812
0.542634271	0.489413201
0.469513888	0.531630846
0.467585404	0.467280412
0.406392643	0.285226483
0.406395304	0.714781876
0.068460427	0.609743765
0.068460417	0.390256233
0.479677874	0.242102595
0.479677855	0.757897295
0.732930963	0.610745807
0.732930946	0.389254166
0.732779843	0.473685144
0.733054473	0.52632582
0.370514576	0.923400735
0.37051457	0.076599264
0.360684191	0.311333141
0.360682423	0.688669097
0.218154777	0.632841141
0.218154773	0.367158835
0.705821656	0.651336697
0.705821208	0.348663615
0.750630912	0.264189742
0.750589734	0.735877345
0.286758638	0.352938824
0.286751259	0.647120699
0.599264758	0.308430311
0.599244678	0.691613675
0.935447584	0.593138621
0.935447585	0.406861379
0.906078564	0.473584997
0.478446488	0.487207981
0.478446488	0.512791892
0.477056097	0.394968188
0.477056104	0.605031753
0.521853401	0.487731455
0.521853434	0.512268445
0.602453736	0.532667053
0.602453219	0.467333176
0.499698376	0.474942408
0.499698401	0.525057476
0.420479224	0.572398732
0.420830193	0.427522927
0.266055553	0.602614316
0.145622363	0.704666531
0.145642426	0.295327552
0.078084773	0.357529801
0.07808477	0.6424702
0.527275436	0.131731531
0.527377961	0.868336217
0.119653332	0.686174941
0.119643445	0.313803897
0.322354814	0.865999563
0.322337889	0.134031092
0.526065167	0.189518851
0.525166155	0.810640047
0.088114901	0.447343033
0.756506933	0.677169426
0.756424432	0.32287017
0.776431282	0.848043217
0.776409126	0.151991846
0.258062138	0.486385155
0.805307145	0.707672362
0.805324069	0.292332493
0.609188023	0.283601609
0.609055618	0.716230803
0.681553028	0.183413051
0.681553045	0.816586946
0.903227878	0.313520577
0.90322788	0.686479419
0.412777556	0.099702678
0.412777569	0.900297322
0.135180472	0.498967284
0.778241809	0.6768555
0.778241802	0.323144497
0.513993744	0.170618704
0.513993761	0.829381287
0.270619439	0.462616416
0.133163042	0.543605387
0.735002086	0.170513237
0.734939559	0.829235491
0.207534602	0.652651098
0.207534602	0.347348876
0.180220932	0.762929067
0.1802087	0.23706709
0.69790836	0.596086437
0.582492788	0.282387306
0.697910595	0.403915975
0.582471754	0.717615872
0.392650029	0.248969358
0.392650052	0.751030621
0.756524692	0.529236319
0.756524626	0.470763659
0.196875113	0.775962912
0.196875123	0.224037073
0.924904528	0.520109739
0.255222353	0.730338772
0.255222352	0.269661206
0.317836006	0.623397299
0.397096182	0.736799121
0.397096161	0.263200848
0.346416543	0.707498811
0.346416527	0.292501155
0.336324578	0.718408833
0.33632457	0.281591136
0.422884693	0.172732606
0.4240191	0.827926117
0.771005059	0.532561783
0.771005012	0.46743825
0.416049585	0.403370482
0.416025087	0.596883891
0.625660264	0.47555614
0.62566089	0.5244438
0.167330482	0.660610841
0.167434369	0.339333375
0.446141578	0.220606004
0.446141602	0.779393968
0.458298361	0.378994775
0.458298401	0.621004962
0.432218532	0.908185828
0.432218516	0.091814173
0.821870494	0.596810391
0.821870477	0.403189602
0.624660474	0.176096213
0.624586	0.823955928
0.720966558	0.796315894
0.720966551	0.203684107
0.255559817	0.593803979
0.595811971	0.331085795
0.595811992	0.668914163
0.703459827	0.335159528
0.703466485	0.664848087
0.244508291	0.836660016
0.2445083	0.163339973
0.30373851	0.5005737
0.157231788	0.446016517
0.139582259	0.240689639
0.13958225	0.759310348
0.719632817	0.886941653
0.71962548	0.113055729
0.32452498	0.363213803
0.096941326	0.53921886
0.841981203	0.780516446
0.841981202	0.219483551
0.464474562	0.145752836
0.463028458	0.854406727
0.890318995	0.624835456
0.890318991	0.375164539
0.337856422	0.891135698
0.337830065	0.108869402
0.211344799	0.709054027
0.211436803	0.290819214
0.46906026	0.279480119
0.469142121	0.720534356
0.887503574	0.645495857
0.887503658	0.354504297
0.241333349	0.487217283
0.285382254	0.489739257
0.256645232	0.550465231
0.665411783	0.314424807
0.665438694	0.685557508
0.618263613	0.269543924
0.618447524	0.730397515
0.341081818	0.432587985
0.211577259	0.809328273
0.21110824	0.190438496
0.52104175	0.32882158
0.521121915	0.671242447
0.558381674	0.376244859
0.558381704	0.623755067
0.375750935	0.093385912
0.375743968	0.906604931
0.36364209	0.488690179
0.352020846	0.73289364
0.352020835	0.267106341
0.37229245	0.744621436
0.372292439	0.255378546
0.2380397	0.513965179
0.643078806	0.280075574
0.643105542	0.719937523
0.095220334	0.486571523
0.775736731	0.511719307
0.775736508	0.488280662
0.062833073	0.571265209
0.688281829	0.157405573
0.688263907	0.842401112
0.69160931	0.142766305
0.691650542	0.857120552
0.302503189	0.665763249
0.302498223	0.334253715
0.253727699	0.511942946
0.633232365	0.294436823
0.633232381	0.705563162
0.825364783	0.645285176
0.825374809	0.354733196
0.850997649	0.704484976
0.851006104	0.295553943
0.185105076	0.42074209
0.798304148	0.200019631
0.798304157	0.799980365
0.82685657	0.692425387
0.826863971	0.307611761
0.57814955	0.164034866
0.578149575	0.835965131
0.512509368	0.414050837
0.512509381	0.585949097
0.323941525	0.637475813
0.412050962	0.453423118
0.169891602	0.399668471
0.419288016	0.467842578
0.503641965	0.400543528
0.503641979	0.599456409
0.66200076	0.11757281
0.662020287	0.882468875
0.109327019	0.491423694
0.626364282	0.072398884
0.626364284	0.927601124
0.707041253	0.583761604
0.707056405	0.416223292
0.411422223	0.54893922
0.586662705	0.187422988
0.586662726	0.812577006
0.586556283	0.55254076
0.586558019	0.447468023
0.286604148	0.555482107
0.912365061	0.595491339
0.912253713	0.404640206
0.654752642	0.342870176
0.654752334	0.65713215
0.666174908	0.336823686
0.666174884	0.663176618
0.275677914	0.562365705
0.942760101	0.478665343
0.216205905	0.484536573
0.62844491	0.246445677
0.62844489	0.753554305
0.199214992	0.513277591
0.661909563	0.246062381
0.661721675	0.753899597
0.919012118	0.553647447
0.503431714	0.120862793
0.503404302	0.879112162
0.169804917	0.686936879
0.169815709	0.313068547
0.609772175	0.090239314
0.609772205	0.909760684
0.380949682	0.54752337
0.919018019	0.446322515
0.760546009	0.711157894
0.760546001	0.2888421
0.090289772	0.610523506
0.090171536	0.389277274
0.148271219	0.405468663
0.286497799	0.51363376
0.499611413	0.93125611
0.499605054	0.06903201
0.552771509	0.168734047
0.55277153	0.831265942
0.186832238	0.620213131
0.186684386	0.379987798
0.264749722	0.878987444
0.264749721	0.121012555
0.593740808	0.147991433
0.593740876	0.852008947
0.255456784	0.405613947
0.540562978	0.240981126
0.540562804	0.759019703
0.453535006	0.260485365
0.453535273	0.739512799
0.728899655	0.578680432
0.728899607	0.421319547
0.107470997	0.661608437
0.107470618	0.338367573
0.301276032	0.804351218
0.30127792	0.195647201
0.080693297	0.430563626
0.788860687	0.180610391
0.788860697	0.819389605
0.315783032	0.340615626
0.31588297	0.659893794
0.555228899	0.078718555
0.555156334	0.921312946
0.29991781	0.374078388
0.491038288	0.263790971
0.491034395	0.736196965
0.301874541	0.625940348
0.675245166	0.262467669
0.675242995	0.737531876
0.661946629	0.262295967
0.66192698	0.737700044
0.05672988	0.458245219
0.337336929	0.863410107
0.337346558	0.136576828
0.708082543	0.608630441
0.708063256	0.391359803
0.206739002	0.533035786
0.299447225	0.474124133
0.213239849	0.521431705
0.862957676	0.479533834
0.438359003	0.941134924
0.43624048	0.934288466
0.428426053	0.942821135
0.428426048	0.057178865
0.436240468	0.065711534
0.438358996	0.058865076
0.222362452	0.672983103
0.232066058	0.675689665
0.228201544	0.666158253
0.222419948	0.327135951
0.228259041	0.333960797
0.232066059	0.324310312
0.23757626	0.659888993
0.227872654	0.657182431
0.237576261	0.34011098
0.227930151	0.342936619
0.227472277	0.71899308
0.23672754	0.718680523
0.233491127	0.712430458
0.233489048	0.287567203
0.236725459	0.281317139
0.22747228	0.281006903
0.488924865	0.173153208
0.481748953	0.180194562
0.491956992	0.18161528
0.491957007	0.818384714
0.481748966	0.819805434
0.488924878	0.826846787
0.492728497	0.192856519
0.499904408	0.185815165
0.499904423	0.814184828
0.492728511	0.807143475
0.908257844	0.533109837
0.901268684	0.539583189
0.913043895	0.541197296
0.788590614	0.653896114
0.786099467	0.64414854
0.779754291	0.652260078
0.779754281	0.347739916
0.786099456	0.355851457
0.788590605	0.346103885
0.769653929	0.64729341
0.772145076	0.657040985
0.772145066	0.34295901
0.769653917	0.352706581
0.897738539	0.549971883
0.892952487	0.541884424
0.446432383	0.154313586
0.442186174	0.162652838
0.449108833	0.162875881
0.449063787	0.837172591
0.442138055	0.83739413
0.446429319	0.845684909
0.885775101	0.583962574
0.890015601	0.593490817
0.894771986	0.58405615
0.89466342	0.416025765
0.889992678	0.40652647
0.885665327	0.416120251
0.880626047	0.576997571
0.875869661	0.586432239
0.875857594	0.413576856
0.880528335	0.423076151
0.437433675	0.303757597
0.443573556	0.311226308
0.445428866	0.300440537
0.443511917	0.688816402
0.437457945	0.696167154
0.445363564	0.699526872
0.701214815	0.543947669
0.691676795	0.545503818
0.700143355	0.552460948
0.700295501	0.447415888
0.691829737	0.454361619
0.701215529	0.456040889
0.826111956	0.626381916
0.821077188	0.618602825
0.817444503	0.624475421
0.81743974	0.375525358
0.821072831	0.381398703
0.826112361	0.373618827
0.508341691	0.088204955
0.498187356	0.090561898
0.504356847	0.096393989
0.503168852	0.902802055
0.497157916	0.908531056
0.508167583	0.911773593
0.361321033	0.652300809
0.364736693	0.643260529
0.354488161	0.647106401
0.36470236	0.356657568
0.361371633	0.347738463
0.354506235	0.352903995
0.521726146	0.267619177
0.514921181	0.261554616
0.512050841	0.269178668
0.512048101	0.730812819
0.514919436	0.73843995
0.521724549	0.732375838
0.077472586	0.588724567
0.073459249	0.59873721
0.083256593	0.592475565
0.591758957	0.338243885
0.584477717	0.342982178
0.593133963	0.348524323
0.593133988	0.651475619
0.584477739	0.657017755
0.591758978	0.661756054
0.294078974	0.394941137
0.286051748	0.393628966
0.287892065	0.402539954
0.31354879	0.499449455
0.321902457	0.504118066
0.320510611	0.493946845
0.305676298	0.538532731
0.307206275	0.547906853
0.314304461	0.540480662
0.627904246	0.359401087
0.637879713	0.3569556
0.630536533	0.350950501
0.630536563	0.649049456
0.637879749	0.643044356
0.627904286	0.640598867
0.230070325	0.706060412
0.239325587	0.705747856
0.239323508	0.294249805
0.230070329	0.293939569
0.239794408	0.862183109
0.232763123	0.857033307
0.232762429	0.142967609
0.239793715	0.137817807
0.432259403	0.297039462
0.430404093	0.307825233
0.430422607	0.692169035
0.432274254	0.702879505
0.709657367	0.542798382
0.701190807	0.535841253
0.701181068	0.464146178
0.709646832	0.457200447
0.689615739	0.634375966
0.698747537	0.631819005
0.693249308	0.625493333
0.693249295	0.374506643
0.698747524	0.368180972
0.689615732	0.36562401
0.07848716	0.581543924
0.068689816	0.587805569
0.134666435	0.301228878
0.125522921	0.297249461
0.127514866	0.304915112
0.127598366	0.695091862
0.125401347	0.702720187
0.134534675	0.698739911
0.446996236	0.942300103
0.446996228	0.057699897
0.128192513	0.688643263
0.119059185	0.692623539
0.119007398	0.307369796
0.128150913	0.311349213
0.338955251	0.836358931
0.345754418	0.828796862
0.337365645	0.828495352
0.337335185	0.171294888
0.345747305	0.17115419
0.338923775	0.163424318
0.288837537	0.597094853
0.286487089	0.606273836
0.29471314	0.604682317
0.368361366	0.34364771
0.358165241	0.339894137
0.358106173	0.660177927
0.368354705	0.656332055
0.347366475	0.903576927
0.353006611	0.909943773
0.356450619	0.903151359
0.356450611	0.096848644
0.353006605	0.090056228
0.34736647	0.096423076
0.916010367	0.525250091
0.904235156	0.523635984
0.456345157	0.163036327
0.452098947	0.171375579
0.452053903	0.828672894
0.456345168	0.836963672
0.576960728	0.342231286
0.578335734	0.352511723
0.57833576	0.647488212
0.57696075	0.657768647
0.576483987	0.332715503
0.570342005	0.342245048
0.570342029	0.657754892
0.576484007	0.667284435
0.813611846	0.630621523
0.808577077	0.622842432
0.808572314	0.377158347
0.813611845	0.36937847
0.57670133	0.318041387
0.577148895	0.309766145
0.566879408	0.311669564
0.566876304	0.688345052
0.577145782	0.690248473
0.576701354	0.681958559
0.320103589	0.091664937
0.32812332	0.088252702
0.328123323	0.9117473
0.320103592	0.908335065
0.8658687	0.52351702
0.861553966	0.531986153
0.871611341	0.529974763
0.376541886	0.506012831
0.384118241	0.499129124
0.375056153	0.49482732
0.556840101	0.399439291
0.566550436	0.39622543
0.557727431	0.389277951
0.566729474	0.60359044
0.55699794	0.600551614
0.557832073	0.610654486
0.740274523	0.597309972
0.745118561	0.588908429
0.737313081	0.585968553
0.737313044	0.41403142
0.745168461	0.411139312
0.740324432	0.40273777
0.600629087	0.353486825
0.610702019	0.358291804
0.610488135	0.348591009
0.610488164	0.651408942
0.610702047	0.641708146
0.600629111	0.646513121
0.402078842	0.414363386
0.405634322	0.408223903
0.396191621	0.407233309
0.395670725	0.593102063
0.40511343	0.592111477
0.40207883	0.585636548
0.619313333	0.364597247
0.609454285	0.369493063
0.609454315	0.630506886
0.619313369	0.635402707
0.623114794	0.458015869
0.626687992	0.463953565
0.632265475	0.45627011
0.632265721	0.54373003
0.626688383	0.536046432
0.623115234	0.541984346
0.471583577	0.363729185
0.467716543	0.372400008
0.47480581	0.372395347
0.474805824	0.627604597
0.467716664	0.627599147
0.471583699	0.63626997
0.314283988	0.680908694
0.322162978	0.685264677
0.321929874	0.677183082
0.321929861	0.32281688
0.322162965	0.314735284
0.314283977	0.319091266
0.304498102	0.531880602
0.297399916	0.539306793
0.749254482	0.572035799
0.749306102	0.561724227
0.742208739	0.567255439
0.742208691	0.43274453
0.749306056	0.438275737
0.749254438	0.427964169
0.435458243	0.248795243
0.428017464	0.253374236
0.435168098	0.257190663
0.43516814	0.742809197
0.428017507	0.746625615
0.435458273	0.751204714
0.899708467	0.461565862
0.89690927	0.451826942
0.890749765	0.458142758
0.487058933	0.200391225
0.495006349	0.20459111
0.495006363	0.795408881
0.487058947	0.799608768
0.481567675	0.207507864
0.479289822	0.195773272
0.479289836	0.804226722
0.481567688	0.792492129
0.212870649	0.829147042
0.221470017	0.832768595
0.221436671	0.82519885
0.221436679	0.174801141
0.221470026	0.167231397
0.212870658	0.17085295
0.765868252	0.638709897
0.758259037	0.643490803
0.758259024	0.356509187
0.765868239	0.361290093
0.76244112	0.630402552
0.773836012	0.634205159
0.773836	0.365794833
0.762441107	0.369597439
0.183933087	0.186479772
0.190095856	0.180317003
0.19009585	0.819682991
0.183933081	0.813520223
0.2468257	0.660936441
0.24649681	0.651960619
0.24649681	0.348039354
0.246825701	0.339063533
0.635360145	0.344112912
0.625384679	0.346558399
0.625384711	0.653441555
0.635360173	0.655887045
0.255728542	0.662125123
0.246807991	0.670053498
0.246807993	0.329946477
0.255728542	0.337874851
0.500863204	0.103356822
0.511017539	0.100999879
0.510851217	0.899040937
0.49984155	0.895798399
0.220777387	0.389870686
0.231106602	0.393702876
0.225614792	0.383681228
0.625354605	0.317242968
0.616891781	0.320798444
0.623219718	0.328564539
0.623204167	0.671547093
0.61687844	0.679297343
0.625330314	0.682931297
0.6090533	0.326423158
0.611188187	0.315101587
0.611177164	0.684977602
0.609051017	0.673593397
0.899813763	0.470733338
0.905973268	0.464417522
0.912879316	0.461334213
0.912984612	0.470501688
0.268304472	0.16360548
0.25921405	0.16295319
0.265234347	0.172339244
0.265235176	0.827661852
0.259221134	0.837056179
0.268310722	0.836402786
0.257919151	0.17983197
0.267009574	0.180484261
0.267009568	0.819515731
0.25791998	0.820169124
0.536546176	0.20419859
0.542438375	0.213916133
0.544333439	0.203081837
0.544423753	0.796733001
0.542458175	0.78604329
0.536634335	0.795620666
0.324371695	0.488257257
0.316018028	0.483588645
0.219458723	0.398115406
0.213966913	0.388093759
0.614987933	0.149452151
0.612509406	0.158658593
0.622464761	0.153953242
0.622459188	0.846051397
0.612503831	0.841346047
0.614987961	0.850547833
0.138579092	0.433094643
0.148090563	0.426793533
0.138408942	0.424365821
0.1855647	0.57620347
0.181594292	0.584499744
0.190154934	0.585062722
0.593347847	0.358225117
0.593347871	0.641774823
0.179595627	0.590548137
0.175005393	0.581688885
0.566176395	0.375716146
0.574798037	0.379149883
0.573536666	0.368801939
0.5735367	0.631197991
0.574860975	0.620728785
0.566239332	0.624162518
0.35922041	0.495314005
0.349621832	0.498099644
0.35788122	0.504496665
0.728551224	0.274106195
0.731441314	0.265616306
0.722287619	0.264902808
0.722281249	0.735093591
0.731457216	0.734424818
0.728560748	0.725931337
0.169001092	0.619271956
0.167499376	0.609610763
0.159819774	0.61712346
0.159263604	0.383304712
0.166943205	0.390817408
0.169001094	0.380728011
0.170731487	0.62934374
0.178411089	0.621831043
0.178411091	0.378168924
0.17073149	0.370656228
0.55220651	0.205932993
0.546314312	0.19621545
0.546404235	0.803600192
0.552228074	0.794022816
0.332354183	0.529720821
0.322004639	0.525161129
0.323124028	0.535666232
0.768649703	0.726958738
0.761091077	0.733236931
0.771373577	0.735954482
0.771413449	0.263894961
0.761095072	0.266740545
0.768685569	0.272913224
0.732313433	0.258527764
0.738577038	0.267731151
0.738766221	0.732745458
0.732486722	0.741907712
0.776469411	0.720356662
0.766186911	0.717639111
0.766186901	0.282360882
0.776505279	0.279515299
0.780490207	0.175303246
0.776335605	0.164882523
0.771017081	0.173445896
0.771056324	0.826642156
0.776378583	0.835213919
0.780493951	0.824705134
0.850260484	0.63183775
0.859027434	0.633343513
0.854874231	0.62392127
0.85487423	0.376078725
0.859030306	0.366661746
0.850263355	0.36816751
0.083884148	0.368505027
0.085197819	0.376968108
0.09128031	0.369219972
0.091280314	0.630780023
0.085204343	0.622925175
0.083890669	0.631388258
0.562145092	0.153885232
0.571898809	0.157122049
0.569110867	0.146842623
0.569110892	0.853157367
0.571898833	0.84287794
0.562145115	0.846114757
0.552557146	0.150393459
0.555345088	0.160672886
0.55534511	0.839327103
0.552557169	0.84960653
0.366805653	0.428636383
0.363726805	0.422216096
0.357129861	0.430642663
0.439075448	0.130658475
0.436006517	0.122325758
0.429913461	0.130634007
0.429913468	0.869365995
0.435964747	0.877573458
0.439033677	0.869240741
0.511254489	0.341866778
0.500646298	0.343348012
0.504779482	0.348980679
0.504814199	0.651049996
0.500685518	0.656870932
0.511259018	0.658321445
0.762271244	0.171188282
0.766425845	0.181609005
0.766430216	0.818400772
0.762314848	0.828909556
0.335127936	0.094074839
0.336917848	0.083808522
0.336917849	0.916191478
0.33512794	0.905925162
0.151760063	0.217285317
0.162443579	0.218138212
0.159655939	0.211362584
0.159655934	0.788637411
0.162443565	0.781861776
0.151760054	0.782714676
0.342163891	0.568371952
0.33661971	0.559254651
0.334567434	0.569860408
0.749252275	0.15926064
0.758103101	0.165035485
0.758011653	0.157250328
0.758092094	0.84293019
0.758142348	0.83505257
0.749293485	0.840831818
0.643205644	0.391650063
0.632995256	0.38811677
0.63811388	0.397489551
0.638113924	0.602510379
0.632995308	0.611883183
0.643205691	0.608349861
0.053113873	0.526421347
0.064371746	0.52875506
0.05659176	0.519761457
0.599331616	0.372411716
0.60794293	0.37871716
0.607942965	0.621282787
0.599331644	0.627588226
0.508630641	0.255986495
0.518305947	0.254427005
0.51830565	0.745572033
0.508629201	0.744009013
0.27820699	0.393068628
0.284393899	0.385469811
0.225575058	0.616345783
0.230868405	0.606406031
0.220578927	0.610211182
0.681235633	0.572239102
0.679544422	0.562357465
0.673791002	0.567098655
0.416108074	0.721970518
0.422076632	0.727257219
0.425907978	0.718030756
0.425905401	0.281950561
0.422075102	0.272731756
0.416106808	0.27802038
0.673856809	0.432872631
0.679971323	0.437016007
0.681596712	0.427163009
0.681352563	0.555617058
0.688797193	0.560757505
0.210445134	0.73685465
0.204634961	0.743618597
0.215100379	0.745262176
0.681570564	0.444231124
0.689310467	0.438521501
0.215100385	0.254737809
0.20463497	0.256381387
0.210445141	0.263145334
0.140837713	0.41516953
0.131326243	0.421470641
0.615852115	0.141898751
0.60589676	0.146604103
0.605896936	0.853397351
0.615852293	0.858102701
0.346800478	0.620846152
0.356196615	0.624314614
0.354958067	0.61696458
0.361129013	0.629249581
0.352971423	0.633131153
0.702783536	0.124837271
0.708890825	0.117195391
0.698750494	0.117931035
0.698845005	0.882018896
0.708917389	0.882795364
0.702868485	0.875111689
0.333444587	0.492923852
0.328952004	0.482565653
0.765044848	0.154260408
0.756194022	0.148485563
0.75627533	0.851641946
0.765124193	0.845862697
0.725878261	0.544922207
0.735761775	0.546233152
0.73415864	0.538340328
0.73415856	0.461659634
0.735761698	0.453766818
0.725878175	0.455077744
0.348189151	0.673189597
0.342123105	0.681096712
0.349731629	0.683622284
0.349737814	0.316385598
0.342912979	0.319094441
0.34898427	0.327008256
0.627576648	0.092803626
0.618292903	0.093139882
0.624722382	0.102126831
0.624742166	0.897829629
0.618292931	0.906860117
0.627596439	0.907152834
0.05361446	0.53512243
0.098590021	0.46065183
0.103219446	0.469054447
0.106415859	0.458633442
0.146192221	0.752407323
0.156025755	0.752141998
0.149743999	0.743700728
0.149744011	0.256299253
0.156025766	0.247857984
0.146192235	0.247592659
0.641593971	0.118697591
0.642146039	0.107863722
0.63345406	0.112624443
0.633483888	0.887431103
0.642193372	0.892137333
0.641631586	0.881446091
0.326756611	0.569823619
0.332300792	0.578940919
0.175559204	0.191133922
0.187329616	0.193125482
0.187329603	0.806874508
0.175559197	0.808866073
0.737704486	0.679547493
0.726030681	0.678778203
0.734358143	0.685763178
0.734358136	0.314236815
0.726096149	0.321236403
0.737769951	0.320467117
0.652199545	0.394228911
0.64708092	0.38485613
0.647080958	0.615143805
0.652199574	0.605771002
0.093429506	0.454786977
0.090233093	0.465207982
0.895835914	0.680755822
0.890948015	0.672486353
0.88560303	0.681409463
0.885605959	0.318595907
0.890950944	0.327519017
0.89583591	0.319244173
0.56500754	0.942052676
0.556370307	0.943217855
0.556370295	0.056782141
0.565007528	0.05794732
0.757120768	0.238098993
0.749284042	0.244557484
0.758565935	0.244765513
0.758226307	0.755025494
0.748944429	0.755240013
0.757120759	0.761894511
0.765108795	0.751956333
0.756932464	0.745301835
0.757276081	0.254473144
0.765112806	0.248014652
0.168823026	0.713234457
0.164650382	0.704660678
0.161909492	0.715429617
0.161909499	0.284570358
0.164650388	0.295339296
0.168823032	0.286765519
0.173866773	0.71909859
0.176607663	0.708329651
0.17664665	0.291622301
0.173905761	0.280853363
0.481267296	0.106720046
0.49178139	0.106626323
0.483688418	0.098844654
0.482666763	0.90031057
0.490656863	0.892435006
0.481164442	0.893186058
0.473406908	0.108124572
0.48149988	0.115906241
0.481338533	0.883858761
0.473348433	0.891734325
0.561648349	0.37080653
0.56290972	0.381154474
0.562972655	0.61872419
0.56164838	0.629193396
0.429801955	0.730773777
0.420002051	0.73471354
0.420001914	0.265285616
0.429800507	0.269215797
0.365560944	0.495200603
0.357301556	0.488803581
0.457029713	0.068541739
0.452825417	0.07567003
0.463681714	0.076814024
0.463681732	0.923185976
0.452825433	0.924329969
0.457029729	0.931458261
0.323087714	0.514418197
0.330049536	0.508915587
0.706898546	0.629462475
0.703264977	0.638345108
0.703264968	0.361654872
0.706898532	0.370537505
0.284450286	0.614509927
0.278574683	0.606922463
0.441026182	0.471495024
0.438619746	0.480906979
0.448098452	0.479807544
0.471474305	0.317374236
0.472384796	0.306915503
0.464868739	0.314012108
0.464878978	0.685913223
0.472384833	0.693084464
0.471484548	0.682551105
0.86915236	0.515312246
0.859094985	0.517323637
0.458673988	0.305731312
0.457763497	0.316190045
0.4585984	0.694311351
0.457698114	0.683777992
0.338208803	0.870407621
0.329845872	0.864704835
0.330717745	0.871702349
0.330709278	0.12831298
0.329842224	0.13530396
0.338213612	0.129585848
0.321016174	0.874242178
0.329379105	0.879944964
0.320889135	0.125796085
0.329260524	0.120077973
0.849926363	0.680140284
0.844501745	0.688020938
0.855169444	0.685103942
0.855195832	0.314944426
0.84450174	0.311979056
0.849952752	0.319908084
0.335479189	0.819650204
0.328680021	0.827212272
0.328653079	0.172572415
0.335476608	0.180302287
0.50846903	0.444958499
0.514172507	0.437301181
0.504816648	0.434684983
0.504816652	0.565314939
0.51419076	0.562666154
0.508487284	0.555008831
0.852540729	0.672835964
0.84187303	0.67575296
0.852585175	0.327327086
0.841891083	0.324361716
0.218975584	0.602029609
0.213682237	0.611969361
0.128999605	0.254355347
0.13387631	0.247131969
0.133876303	0.752868022
0.128999598	0.745644644
0.356418584	0.376623455
0.346572363	0.379529868
0.356005286	0.384018677
0.352411311	0.366978873
0.361844234	0.371467682
0.313857559	0.520363608
0.366824135	0.221275018
0.375321987	0.226280047
0.377466626	0.217660346
0.378326666	0.782405388
0.375396793	0.77372565
0.367609389	0.778784997
0.383375302	0.231937004
0.372732811	0.235551676
0.372732833	0.764448303
0.383450109	0.768068693
0.596934512	0.559360801
0.604234703	0.567222661
0.606397494	0.558714301
0.606397371	0.441285645
0.604238008	0.432793049
0.596937737	0.440654851
0.503762601	0.385778011
0.506919517	0.375527144
0.497653199	0.378510964
0.497653216	0.621488983
0.506919536	0.624472803
0.503762619	0.614221932
0.395943974	0.562793652
0.401110804	0.554236322
0.390651507	0.55662982
0.397410071	0.436379044
0.390278435	0.442984988
0.399267169	0.446210122
0.515489294	0.150060289
0.516493383	0.140697507
0.507727338	0.144457631
0.507727359	0.855542362
0.516493405	0.859302485
0.515489315	0.849939703
0.149727321	0.596399932
0.154149206	0.588243253
0.144665946	0.591806561
0.901759934	0.514980927
0.89400741	0.522840672
0.14928106	0.603712753
0.15876432	0.600149446
0.391162368	0.493831891
0.392648102	0.505017401
0.189069759	0.661620681
0.180480803	0.665459542
0.188117952	0.671141043
0.188035727	0.328961239
0.180468033	0.334561172
0.188982943	0.33848125
0.557803721	0.409692769
0.548980716	0.40274529
0.549022446	0.597308406
0.557919848	0.590244359
0.743151257	0.548297571
0.734870877	0.554879449
0.734870811	0.445120513
0.743151196	0.451702403
0.808041402	0.524026058
0.799445089	0.528879327
0.805838297	0.535027125
0.805879372	0.464933301
0.7994486	0.471117189
0.808078961	0.475937909
0.790501764	0.533024377
0.792704869	0.52202331
0.792704836	0.477976733
0.790505247	0.466972126
0.325180628	0.754686403
0.325317961	0.744814581
0.316742043	0.747294921
0.316742038	0.252705052
0.325317954	0.25518539
0.325180621	0.245313569
0.326194173	0.73501513
0.334632757	0.742406612
0.334632749	0.257593358
0.326194166	0.264984841
0.795275807	0.688418772
0.80290144	0.693949958
0.804013332	0.684493993
0.804018641	0.315510225
0.802906749	0.30605426
0.7952758	0.311581224
0.339758718	0.513249011
0.33857346	0.50294888
0.699195215	0.13187598
0.709335547	0.131140336
0.709351938	0.868851462
0.699279554	0.868074994
0.207602422	0.665376937
0.203058482	0.674395342
0.213953997	0.672470097
0.207581784	0.334833877
0.213859096	0.328348194
0.202827948	0.326395635
0.217818512	0.682001508
0.217666113	0.318697709
0.336737224	0.686534231
0.335194745	0.676101544
0.335984142	0.324088998
0.336737686	0.31346634
0.09034669	0.57280496
0.084674907	0.564431876
0.081598147	0.574089838
0.07081905	0.477807919
0.064933085	0.486207005
0.074641227	0.486961706
0.130273875	0.576300804
0.140195802	0.5756952
0.136772708	0.567558125
0.133712196	0.760540169
0.139746358	0.751638201
0.139746369	0.248361784
0.1337122	0.239459824
0.499904911	0.451685974
0.509260769	0.454302172
0.509212787	0.545736903
0.499838679	0.548385688
0.517597728	0.458669916
0.509033609	0.465397391
0.508967382	0.534674258
0.517615987	0.541297402
0.455795873	0.485167176
0.458202309	0.475755221
0.465515406	0.490520522
0.455411549	0.494572845
0.502928076	0.164197169
0.498081801	0.155982859
0.494286628	0.166359616
0.493604364	0.833853436
0.49739954	0.844230192
0.502928093	0.835802824
0.484078589	0.164938898
0.483396324	0.835274155
0.440804959	0.139336512
0.446898015	0.131028263
0.446828587	0.868857416
0.440777309	0.860649952
0.083432808	0.40763593
0.073703853	0.403014299
0.077893415	0.413138456
0.147891233	0.575301202
0.1413924	0.584043881
0.666137968	0.224346971
0.667855457	0.234564444
0.674730182	0.226872393
0.674669144	0.773115086
0.667159003	0.765294662
0.665502548	0.775524656
0.913581123	0.574457509
0.915458375	0.584510168
0.921325472	0.578778018
0.921309032	0.421279613
0.915436174	0.415534078
0.913542483	0.425644373
0.928885824	0.582787749
0.927008571	0.57273509
0.926981848	0.427359505
0.92887554	0.41724921
0.841883966	0.628996837
0.846037169	0.638419081
0.846043712	0.361592906
0.841887636	0.371009885
0.367361154	0.439228414
0.373958098	0.430801847
0.302160798	0.85813775
0.31022658	0.858107493
0.307602055	0.849228587
0.307586863	0.150762409
0.310225731	0.142043731
0.302175136	0.142022483
0.411536336	0.252334944
0.416100506	0.244230127
0.409611183	0.243078662
0.409611211	0.756921312
0.416100534	0.755769846
0.411536361	0.747665028
0.50328866	0.355683018
0.51389685	0.354201784
0.513896873	0.64579817
0.503323373	0.644347657
0.728230322	0.691268447
0.739904126	0.692037736
0.739904117	0.307962259
0.728230315	0.308731545
0.759057961	0.547345713
0.76380008	0.555341439
0.767655023	0.550152518
0.76765498	0.449847463
0.763800038	0.444658535
0.759057917	0.452654264
0.32980309	0.700402961
0.320508774	0.700519226
0.322752695	0.706715638
0.322752685	0.293284326
0.320508764	0.299480736
0.329803078	0.299597004
0.176191065	0.514788516
0.186287187	0.512677808
0.178300559	0.506089907
0.088430693	0.60049045
0.092444031	0.590477807
0.092630496	0.409635918
0.088440934	0.399511762
0.789316569	0.67048523
0.79938091	0.669906161
0.792309779	0.661428584
0.792310145	0.338572096
0.799381276	0.330094518
0.789316561	0.329514767
0.217107534	0.731635302
0.206642117	0.729991723
0.206642124	0.27000826
0.217107539	0.268364683
0.798654955	0.653317045
0.79865532	0.346683637
0.413785564	0.409362231
0.407898343	0.402232154
0.407365206	0.598230442
0.413773311	0.590764926
0.072815377	0.57317084
0.328528656	0.674360041
0.320649666	0.670004058
0.320650942	0.330158727
0.328529931	0.325802744
0.621598787	0.470627732
0.630749469	0.468881973
0.63074988	0.531117958
0.621599393	0.529372274
0.736661994	0.56169429
0.736610374	0.572005861
0.73661032	0.427994111
0.736661939	0.438305679
0.461396335	0.371364311
0.464618569	0.380030472
0.464618595	0.619969368
0.46139647	0.628634741
0.434476588	0.264466675
0.441917367	0.259887681
0.441917524	0.740111327
0.434476759	0.735532228
0.576604449	0.300608535
0.58642637	0.306980359
0.5863696	0.693088972
0.57654455	0.699475464
0.772210215	0.22868237
0.767131324	0.221994715
0.76132377	0.231619367
0.761322068	0.768376378
0.767129636	0.778006979
0.772210205	0.771310593
0.16532887	0.204746142
0.165328864	0.795253852
0.288392166	0.320301288
0.292669578	0.312101994
0.283455637	0.312508506
0.292631275	0.687705465
0.288229472	0.679587639
0.283286797	0.687236484
0.677064953	0.105347052
0.670443744	0.114236
0.67958554	0.114250658
0.679688284	0.885831132
0.670468879	0.885831957
0.677142565	0.894666785
0.682803767	0.12435626
0.689424976	0.115467312
0.682905349	0.875665763
0.689579035	0.88450059
0.766998216	0.585517531
0.762169141	0.59329444
0.770489603	0.593974764
0.770489571	0.406025211
0.762169108	0.406705532
0.766998176	0.414482443
0.278898585	0.870040008
0.284309063	0.863400033
0.275583751	0.860108719
0.275508708	0.139990546
0.284309062	0.136599966
0.278823544	0.130059258
0.541303687	0.46530253
0.533230046	0.470045769
0.540927364	0.4760268
0.54092744	0.523973111
0.533232101	0.529950505
0.54130579	0.534693771
0.752468006	0.715905595
0.742152763	0.716416283
0.748051959	0.724751875
0.748036056	0.275289251
0.74213686	0.283624843
0.752467997	0.2840944
0.740164195	0.219216595
0.745451413	0.226200892
0.750957662	0.217947416
0.750955974	0.782054819
0.745434499	0.773828625
0.740148976	0.78081068
0.458771684	0.523459971
0.457442625	0.513803381
0.449297552	0.518423718
0.186833958	0.610821838
0.191585874	0.601621707
0.18143261	0.602559127
0.281441186	0.376672457
0.289285945	0.377232795
0.752041878	0.231411338
0.741248411	0.232680517
0.741233191	0.767346758
0.75204019	0.768590897
0.499109697	0.256171808
0.502494462	0.249044197
0.502494468	0.750955782
0.499108254	0.743823699
0.840831459	0.79161982
0.835680809	0.781463454
0.834531066	0.792566828
0.834531066	0.207433172
0.835680809	0.218536544
0.840831459	0.208380179
0.289344222	0.62271563
0.281431816	0.623364257
0.71155324	0.621119392
0.716070681	0.627645494
0.716070667	0.372354489
0.711553223	0.37888059
0.935648348	0.544661782
0.930192074	0.537072372
0.925489329	0.542313354
0.254570532	0.469920599
0.248257187	0.465780555
0.245413844	0.472778784
0.053722984	0.471111654
0.058920394	0.467649218
0.05153247	0.461707654
0.584005515	0.362749146
0.591500639	0.367711648
0.591500669	0.632288291
0.584005546	0.637250789
0.077132921	0.459998799
0.080125428	0.451016939
0.072185771	0.451672608
0.42921019	0.479554315
0.43628246	0.487866835
0.603737371	0.265857158
0.596269399	0.264797703
0.596720643	0.272348695
0.596742531	0.727487995
0.596295639	0.735183879
0.603764234	0.734119756
0.529284817	0.197201549
0.527389753	0.208035845
0.527412356	0.7917297
0.529377933	0.802419411
0.747451186	0.67673552
0.739123724	0.669750546
0.738966455	0.330370977
0.747228443	0.32337139
0.313570069	0.86650811
0.319011325	0.857598946
0.318987674	0.142407375
0.313575947	0.133667449
0.654179483	0.081921904
0.662324027	0.085024457
0.662346666	0.915000848
0.654202122	0.918103401
0.223213455	0.626101363
0.233502934	0.622296213
0.233542666	0.377730797
0.22321345	0.373898608
0.617658981	0.342758002
0.607586048	0.337953023
0.60758376	0.662063528
0.617656697	0.657258552
0.521365048	0.438743485
0.517712666	0.428469969
0.517794588	0.571439505
0.521465221	0.561133398
0.275130357	0.166046395
0.26911006	0.15666034
0.269116315	0.843347925
0.275130357	0.833953598
0.341044697	0.532903288
0.339925309	0.522398185
0.136970515	0.592200559
0.125720842	0.592437506
0.128994388	0.600200186
0.127902411	0.398611833
0.125665868	0.405827211
0.135991558	0.405058972
0.062961572	0.459449843
0.065152086	0.468853843
0.070718967	0.53037926
0.080118192	0.534229801
0.077248858	0.525945712
0.085802394	0.5217509
0.076403169	0.517900358
0.772956021	0.601064051
0.777785096	0.593287142
0.777785067	0.406712834
0.772955999	0.398935924
0.280161255	0.30567645
0.275883844	0.313875744
0.275916946	0.685837344
0.280318749	0.69395517
0.354418477	0.51123316
0.364017056	0.508447522
0.687033276	0.618236888
0.696165073	0.615679927
0.696165046	0.384320046
0.687033253	0.381763084
0.753378879	0.592543527
0.750417436	0.581202109
0.750417393	0.418797863
0.753428781	0.407504213
0.770241615	0.215274403
0.75935517	0.2182114
0.759353482	0.781790761
0.77024162	0.784724976
0.274730819	0.875310847
0.283456131	0.87860216
0.283438446	0.121391808
0.274638092	0.124782388
0.304113152	0.602911029
0.301762705	0.612090012
0.575183538	0.386523731
0.582543809	0.379609524
0.582543969	0.620349004
0.5752466	0.613313531
0.08053164	0.557303978
0.074982097	0.551257471
0.070376821	0.559670247
0.195691402	0.659701621
0.188054254	0.65402012
0.188045575	0.345990048
0.195613268	0.340390115
0.076475095	0.496144518
0.08236106	0.487745431
0.513785068	0.156752429
0.522551113	0.152992306
0.522551135	0.847007686
0.513785089	0.843247563
0.599450654	0.137443906
0.605311353	0.128818714
0.598001065	0.127211917
0.598001092	0.872788071
0.605311528	0.871182741
0.59945083	0.862557549
0.261773004	0.530403332
0.255972051	0.523343641
0.253106672	0.530307225
0.649742268	0.301449863
0.642340525	0.300392753
0.645560238	0.308928203
0.649923279	0.69853473
0.645566688	0.691001697
0.642366471	0.699650858
0.357547333	0.104449841
0.363187469	0.098082994
0.36318611	0.901912903
0.357545974	0.895546056
0.589989284	0.376935745
0.589989318	0.623064193
0.298610316	0.897850978
0.290875321	0.893834851
0.290801589	0.106415623
0.298536585	0.102399496
0.512924068	0.919006141
0.506884566	0.923941706
0.517651988	0.925445254
0.507091359	0.076044829
0.512651572	0.081098919
0.517570731	0.074770884
0.790317593	0.683621315
0.7892057	0.693077279
0.789205694	0.306922716
0.790317586	0.316378681
0.929376406	0.497051905
0.923519522	0.493028892
0.923052632	0.50389542
0.669878231	0.866382087
0.661551338	0.862921081
0.664687706	0.873535298
0.664656707	0.126545161
0.661542512	0.137099084
0.669850136	0.133693529
0.06920779	0.546143545
0.079362609	0.543777275
0.634920519	0.316440078
0.628592581	0.308673983
0.628507233	0.691399686
0.634832961	0.683649436
0.916906472	0.477014091
0.921882789	0.48639759
0.924866978	0.476801878
0.278828564	0.517195485
0.269649873	0.516233712
0.273817075	0.524401521
0.313046886	0.802667538
0.307716517	0.798791182
0.3066064	0.808227574
0.306611108	0.191768486
0.307717819	0.201207724
0.313051008	0.197329009
0.246020649	0.868596059
0.247585047	0.858621308
0.247575244	0.141391657
0.246011539	0.13141599
0.508624122	0.278035147
0.501819157	0.271970585
0.501805988	0.727988712
0.508611101	0.7219246
0.462733874	0.55123523
0.453535815	0.545389685
0.455800541	0.554778616
0.455800548	0.445221293
0.453527709	0.454508616
0.462725762	0.448663078
0.563001935	0.506655301
0.562538624	0.517543373
0.569536969	0.510888029
0.569536499	0.489111993
0.562538254	0.48245668
0.563001474	0.493344644
0.267461498	0.872868069
0.272019044	0.881430221
0.272001357	0.118563747
0.267386455	0.127231197
0.474180078	0.442055838
0.4838408	0.437013451
0.474662122	0.434338217
0.474662124	0.565661704
0.483840802	0.562986469
0.474180078	0.557944077
0.318908431	0.099690198
0.315461917	0.109211228
0.322886895	0.108040049
0.323005474	0.891982888
0.315606136	0.890848162
0.318934076	0.900346258
0.401162854	0.75575834
0.405727026	0.763863158
0.405718689	0.236137454
0.401154519	0.244242271
0.301620543	0.387495016
0.30346086	0.396406004
0.574366219	0.393639066
0.57347889	0.403800406
0.573595029	0.596136723
0.574429162	0.606239596
0.370292578	0.511096272
0.379354666	0.515398076
0.77561837	0.550250253
0.770876251	0.542254527
0.770876603	0.457745076
0.775618725	0.449749347
0.810209887	0.557968505
0.806848269	0.564535432
0.815779115	0.562919841
0.815774742	0.437071184
0.806847812	0.435463703
0.810205097	0.442021664
0.318693012	0.713560417
0.327987328	0.713444151
0.327987318	0.286555815
0.318693004	0.286439547
0.412853305	0.937671857
0.404330609	0.935848924
0.404330603	0.064151076
0.412853299	0.062328142
0.758514156	0.187854567
0.767259993	0.190112182
0.767260003	0.809887809
0.758518527	0.812155209
0.506563324	0.172596315
0.510358497	0.162219559
0.510358515	0.837780433
0.506563339	0.827403677
0.395158982	0.202335074
0.402520403	0.201961783
0.396668731	0.195035641
0.396668752	0.80496434
0.402520428	0.798038196
0.395159005	0.797664908
0.701913038	0.208513547
0.701366787	0.198595192
0.6950061	0.201849033
0.694995088	0.79816925
0.701355774	0.80142309
0.70191304	0.791486442
0.294712974	0.739614994
0.29070708	0.733444176
0.287638268	0.741958393
0.287638262	0.25804158
0.290707074	0.266555793
0.294712969	0.260384976
0.713053056	0.669137362
0.719587739	0.675096997
0.72284234	0.666602883
0.7229078	0.33341172
0.719630669	0.324943592
0.713030506	0.330888608
0.247075725	0.59995323
0.238626332	0.602710386
0.24431393	0.609783476
0.228199317	0.821749232
0.219599948	0.818127679
0.219640671	0.181880381
0.228240039	0.178258828
0.21301627	0.658051395
0.202120754	0.65997664
0.202042619	0.340115097
0.213073766	0.342067656
0.780243623	0.669431576
0.787314754	0.677909154
0.787314748	0.322090843
0.780243616	0.330568421
0.28543272	0.155513809
0.294703741	0.157618763
0.290265247	0.148636207
0.29469998	0.842378091
0.285428958	0.844483042
0.290265251	0.851363793
0.518935005	0.913277141
0.518821063	0.08693101
0.068164693	0.442753024
0.065172186	0.451734884
0.293294797	0.119611499
0.296218951	0.129986242
0.30188985	0.122929062
0.293368528	0.880638975
0.301949241	0.877481642
0.29620461	0.870173989
0.312127193	0.125432442
0.309203039	0.115057699
0.312231428	0.874750724
0.309395346	0.88521571
0.5396847	0.230867406
0.54174437	0.222350217
0.532591442	0.223550075
0.532600274	0.776431836
0.541753201	0.777631696
0.539684717	0.769132577
0.554389596	0.432781554
0.549208839	0.439557958
0.555011961	0.443001199
0.555011971	0.556998722
0.549208856	0.560441963
0.554389598	0.567218372
0.54243928	0.444553576
0.541816915	0.434333931
0.541816926	0.565665987
0.542439298	0.555446338
0.244359432	0.390059275
0.238730992	0.397318413
0.247146417	0.39986427
0.855746886	0.489423416
0.863770166	0.486220279
0.854934396	0.482736971
0.423122304	0.519141333
0.423050074	0.512394183
0.414586885	0.513489673
0.422228963	0.503378765
0.430764383	0.509030426
0.126334298	0.583655173
0.11835817	0.591654799
0.118399421	0.408163647
0.126488567	0.414610786
0.522116251	0.945965305
0.51766067	0.940899829
0.512972162	0.949600636
0.512754572	0.05144305
0.517557268	0.060178552
0.52223044	0.054069389
0.245981356	0.531195411
0.251782309	0.538255101
0.830346275	0.772022085
0.824056945	0.76258522
0.823091085	0.772973597
0.823091084	0.2270264
0.824056942	0.237414773
0.830346274	0.22797791
0.938348832	0.532669899
0.928189813	0.530321472
0.144383902	0.519809602
0.138372955	0.523679871
0.146691501	0.529120748
0.657282306	0.304185884
0.654062592	0.295650434
0.654182963	0.704397002
0.657383181	0.695747842
0.392211894	0.568899593
0.40267119	0.566506094
0.404380054	0.433069967
0.39539132	0.429844834
0.613551199	0.55889468
0.606251008	0.551032821
0.606250781	0.448967121
0.613551052	0.441105318
0.494230908	0.372226108
0.491073993	0.382476975
0.49107401	0.617522969
0.494230927	0.62777384
0.078528977	0.613010809
0.084052235	0.617028459
0.084766514	0.606505857
0.08470739	0.393394524
0.083986597	0.382765219
0.078522451	0.386882469
0.484312504	0.220268698
0.478931991	0.214993321
0.47390771	0.223136202
0.473907721	0.776863791
0.478932003	0.785006671
0.484312518	0.779731295
0.638102473	0.128723868
0.646794452	0.123963146
0.646822028	0.876081447
0.638112543	0.871375217
0.273928845	0.622008144
0.278822781	0.630213847
0.27883048	0.369860709
0.273938434	0.378097726
0.82196706	0.780167048
0.818544175	0.787808744
0.825957531	0.790052158
0.82595753	0.209947841
0.818544174	0.212191252
0.82196706	0.219832948
0.383019369	0.416791304
0.380911967	0.426681863
0.390528739	0.423263351
0.21983369	0.840437224
0.228399712	0.836489032
0.228399641	0.163511062
0.21983362	0.159562872
0.489741479	0.36599231
0.497490703	0.359361004
0.486422068	0.357093218
0.486456779	0.642937451
0.497525416	0.640669668
0.489741496	0.634007637
0.718648989	0.634818752
0.723303684	0.626475668
0.72330367	0.373524318
0.718648979	0.365181233
0.507400201	0.24317899
0.497879257	0.243364303
0.497879262	0.756635678
0.507400209	0.756820992
0.815155775	0.550656919
0.80622493	0.552272511
0.806224458	0.447726615
0.815151388	0.449334096
0.330791067	0.777413793
0.321751808	0.771931465
0.324710391	0.782471725
0.324710391	0.217528267
0.321751807	0.228068515
0.330791066	0.222586195
0.62892264	0.134102556
0.634123121	0.139368112
0.634123152	0.860631878
0.62893271	0.865996522
0.932913349	0.477155317
0.927937031	0.467771818
0.815269831	0.794827961
0.81127936	0.784942851
0.811279357	0.215057143
0.815269827	0.205172036
0.629555616	0.917110304
0.636004851	0.908079816
0.635927774	0.091864714
0.629498295	0.082877765
0.392221991	0.791352653
0.386370316	0.798278797
0.386370295	0.201721186
0.392221968	0.208647328
0.525112145	0.475267587
0.525488468	0.464543317
0.525490517	0.535452961
0.525112167	0.524732301
0.298579127	0.747532348
0.301647939	0.739018131
0.301647933	0.26098184
0.298579122	0.252467627
0.456549788	0.504346659
0.466023919	0.509382912
0.612426848	0.133837851
0.610977258	0.123605862
0.610978623	0.876407337
0.612428362	0.866176815
0.714641911	0.691037372
0.716241397	0.681312682
0.708198969	0.687356166
0.708176424	0.312669808
0.716218854	0.318713291
0.714641904	0.308962618
0.375519536	0.386169642
0.368190332	0.390495392
0.37785836	0.39555277
0.831108181	0.800208524
0.83110818	0.199791476
0.225985063	0.590333005
0.2336302	0.596575785
0.23374299	0.58663736
0.463663429	0.335266637
0.470694461	0.341948255
0.47098928	0.331152459
0.471009079	0.668770625
0.470705182	0.658041159
0.463674795	0.664650397
0.663872008	0.09240517
0.671634749	0.085367097
0.671648116	0.914638122
0.663908014	0.907625354
0.348449232	0.516431478
0.319578501	0.798170019
0.318468384	0.80760641
0.318472148	0.19239044
0.31957886	0.201829678
0.473428954	0.324427848
0.480945011	0.317331243
0.480945032	0.682668723
0.473439176	0.675497482
0.832273224	0.489459613
0.824650822	0.481655132
0.824877528	0.492195519
0.351300625	0.392139293
0.361146846	0.38923288
0.676915839	0.87036397
0.673779471	0.859749752
0.673752225	0.140133157
0.676866421	0.129579234
0.233893587	0.403507871
0.226410411	0.409903056
0.234034801	0.413518593
0.55812954	0.226373403
0.558823545	0.217939319
0.549531632	0.221233464
0.549542618	0.778744032
0.558834531	0.782038177
0.558129556	0.773626583
0.649826018	0.13197007
0.653317516	0.121943793
0.653350942	0.878113306
0.649831899	0.868042433
0.299685999	0.554090043
0.308314162	0.556037973
0.097480891	0.576895899
0.100557651	0.567237937
0.256418854	0.753659326
0.250905628	0.74739979
0.249333381	0.757495476
0.250745324	0.252606221
0.25627505	0.246264596
0.249092075	0.24245322
0.261898443	0.759813677
0.26347069	0.749717991
0.261697639	0.240072499
0.263350888	0.2502255
0.118294664	0.42966901
0.109621244	0.434993889
0.120224052	0.435991811
0.228895188	0.648211996
0.219520472	0.654481256
0.219584357	0.345651025
0.228901576	0.351801208
0.552630145	0.9358355
0.548440796	0.944615596
0.548468117	0.055392704
0.552657453	0.064172796
0.64433986	0.361986874
0.646972147	0.353536288
0.646972168	0.646463673
0.64433989	0.638013085
0.507202876	0.191166648
0.506431371	0.17992541
0.506432917	0.820050542
0.507204422	0.808809302
0.34301339	0.792791141
0.35358887	0.789942528
0.34432583	0.785104228
0.34432582	0.214895764
0.353588853	0.210057458
0.343013383	0.207208854
0.657793105	0.62986739
0.661179501	0.62281702
0.652688446	0.619615315
0.6526884	0.380384627
0.661179475	0.377182948
0.657793053	0.370132598
0.694127248	0.901210644
0.6862441	0.904927553
0.686166489	0.095086282
0.694049637	0.098803191
0.742521025	0.855724021
0.740701275	0.845961258
0.733979069	0.852975841
0.733979056	0.147024148
0.740660067	0.154131195
0.742479816	0.144368436
0.727283516	0.142137054
0.725463766	0.151899813
0.725462382	0.848102498
0.727282131	0.857865261
0.118766037	0.562992202
0.109186573	0.564574776
0.117271317	0.569746303
0.289200762	0.885909813
0.280962924	0.891798036
0.280945238	0.108195932
0.289109345	0.114334629
0.688512412	0.199551603
0.689058663	0.209469958
0.689058667	0.790530033
0.6885014	0.800466681
0.763864868	0.660677096
0.77396523	0.665643764
0.773940474	0.334368112
0.76384011	0.339334777
0.625497373	0.126041656
0.62151802	0.136685899
0.621519387	0.863327297
0.625508779	0.874070636
0.752509374	0.203660432
0.752135078	0.194779765
0.745296148	0.202082453
0.745296159	0.797917544
0.75213509	0.80522023
0.752509382	0.796339561
0.17670775	0.350398143
0.181775405	0.358846786
0.186482905	0.352529825
0.18548851	0.64828339
0.180723391	0.641934299
0.176667491	0.649590089
0.924831811	0.450247723
0.91945434	0.456870447
0.925268132	0.460795655
0.402266341	0.153823004
0.402033538	0.161952394
0.410282817	0.160320805
0.410336716	0.83971011
0.402086066	0.838073831
0.40226498	0.846172301
0.401992886	0.170051561
0.393976411	0.16355376
0.393975051	0.836441543
0.402046787	0.829979353
0.848581077	0.58834801
0.841648083	0.58409292
0.838938215	0.592095237
0.838946872	0.407901714
0.84169563	0.415890957
0.848619959	0.411638911
0.834613311	0.580077991
0.844256173	0.576330763
0.844347181	0.423637287
0.834674095	0.41990009
0.609145713	0.308953592
0.601307232	0.314578306
0.601297209	0.685443666
0.609124632	0.691147611
0.251827744	0.849002736
0.258053984	0.855415686
0.258038621	0.144604633
0.251820797	0.151006449
0.306518048	0.513032423
0.305434973	0.523775355
0.613321357	0.292752447
0.611870609	0.303083769
0.620477415	0.299145551
0.620466381	0.700933645
0.611852042	0.697011932
0.613313836	0.70726403
0.265414018	0.504513827
0.273148133	0.49912288
0.263900789	0.494609031
0.15396033	0.518481263
0.145641785	0.513040387
0.784317363	0.697718916
0.781200413	0.7049538
0.791046965	0.70510962
0.791051387	0.294874568
0.781204836	0.295030387
0.784317357	0.302281079
0.824743509	0.50770436
0.824273626	0.518100994
0.832030186	0.510396635
0.403837986	0.92830183
0.39583403	0.935484324
0.39569483	0.064309863
0.40369878	0.071492357
0.308698503	0.571779425
0.313095716	0.578235029
0.320092756	0.572448525
0.585036764	0.324419855
0.574767277	0.326323274
0.574767302	0.673676664
0.58503678	0.675580085
0.342502748	0.75492522
0.338127923	0.762502639
0.338127919	0.237497347
0.342502744	0.245074766
0.529033297	0.154900152
0.536870015	0.15397994
0.532092058	0.145379955
0.532134013	0.854647756
0.536731197	0.847316169
0.528852545	0.84636824
0.652423618	0.102999699
0.659104554	0.109634632
0.661242222	0.098697462
0.661264861	0.901327845
0.659132115	0.890409965
0.652473817	0.8970702
0.644283707	0.096926552
0.644326119	0.903055213
0.669511389	0.625429863
0.66440673	0.615177788
0.664406716	0.384822156
0.669511369	0.374570127
0.81567773	0.770730183
0.815677728	0.229269811
0.271645455	0.849632928
0.266234977	0.856272904
0.266153682	0.143834632
0.2716392	0.15037534
0.353590108	0.771451025
0.357965283	0.763872999
0.357965273	0.23612699
0.353590098	0.228548965
0.518041711	0.364826236
0.512717474	0.371849157
0.518353157	0.37577127
0.518353174	0.624228673
0.512717493	0.628150792
0.518041728	0.635173712
0.383313939	0.453829655
0.383324566	0.447104972
0.374502972	0.448118561
0.305224575	0.106707848
0.305323949	0.89357908
0.305812417	0.676441859
0.306045521	0.684523455
0.306061594	0.315452223
0.305828489	0.323533819
0.09001401	0.427137799
0.100048753	0.4325933
0.097657113	0.423215587
0.799574202	0.50893913
0.808324167	0.50893913
0.808324025	0.491060899
0.79957399	0.491060899
0.713293393	0.560314648
0.722193403	0.561269765
0.718581385	0.551859914
0.718581303	0.448140043
0.722193331	0.438730204
0.713293321	0.439685319
0.381467468	0.437273894
0.445632364	0.285157804
0.441924719	0.27700286
0.43558134	0.284816881
0.435593064	0.71509754
0.44192713	0.722979651
0.445643659	0.714759735
0.506608071	0.36458211
0.50660809	0.635417842
0.857291328	0.496453362
0.848455558	0.492970054
0.894812272	0.602086093
0.885815386	0.601992517
0.885803319	0.398016579
0.894801412	0.397922093
0.875415267	0.600462872
0.880211938	0.609058147
0.880211932	0.390941846
0.875403198	0.399546223
0.346667472	0.336850995
0.336666493	0.339571544
0.34117453	0.346705439
0.341113351	0.654581512
0.335867414	0.661840184
0.345826564	0.663405353
0.757514799	0.575670897
0.757514758	0.424329071
0.629245531	0.441142456
0.621748214	0.43268817
0.621194959	0.441878128
0.621195128	0.558122052
0.621399455	0.567922899
0.628896899	0.55946879
0.389060401	0.575907142
0.380826047	0.57179175
0.38440177	0.582511741
0.11333174	0.577100672
0.122911204	0.575518097
0.124059796	0.423807077
0.113456988	0.422809156
0.754067952	0.211227104
0.760906882	0.203924416
0.76090689	0.796075503
0.754067958	0.788772816
0.306666976	0.584171591
0.318061228	0.584840692
0.384526363	0.590593081
0.387560964	0.59706801
0.639755366	0.548767583
0.636182217	0.554705497
0.639755035	0.451232331
0.636181836	0.445294635
0.381628913	0.601239748
0.392773275	0.60374873
0.64696935	0.551340771
0.643052854	0.540365304
0.646969099	0.44865911
0.643052738	0.459634585
0.588385573	0.600695163
0.595025735	0.59403647
0.587934879	0.592127186
0.588020127	0.407848333
0.595172949	0.405749765
0.588447495	0.399115475
0.603098576	0.161519864
0.610575405	0.166020954
0.610561747	0.83399121
0.60309052	0.838487646
0.587206144	0.582838258
0.580565982	0.589496951
0.580601026	0.410668841
0.58732648	0.417303132
0.246371777	0.447741144
0.254819388	0.452337192
0.255281324	0.444918284
0.155442289	0.428781676
0.155272138	0.420052854
0.246322155	0.499989339
0.245102668	0.505960823
0.254947186	0.505971462
0.626827713	0.280268373
0.627580264	0.291625526
0.632479814	0.28307967
0.626827718	0.719731605
0.632479821	0.716920314
0.627580278	0.708374453
0.237258668	0.506971939
0.245883699	0.512954062
0.638155586	0.287256199
0.637403035	0.275899045
0.637416402	0.724107495
0.638168962	0.712750342
0.714240445	0.171515441
0.710670217	0.181650044
0.71883062	0.179500307
0.710626856	0.818273995
0.713962568	0.827466371
0.718596116	0.819557454
0.073851841	0.606115986
0.073137563	0.616638588
0.073131037	0.383254698
0.073851831	0.393884003
0.669876237	0.303615645
0.663507207	0.306405631
0.671780813	0.311634821
0.671794275	0.68835633
0.663540779	0.693583811
0.66989636	0.696382632
0.311582607	0.478698011
0.305227748	0.471120961
0.305802085	0.481701183
0.074860228	0.469608543
0.082799885	0.468952874
0.371084486	0.123522327
0.378981149	0.117140911
0.372774335	0.115076251
0.372762035	0.884886802
0.379050071	0.88252384
0.371165717	0.876179373
0.744163225	0.730569954
0.754478468	0.730059266
0.754499052	0.269974275
0.744167916	0.269504718
0.93537093	0.501829919
0.93583782	0.490963391
0.674685455	0.205942166
0.668133568	0.200404859
0.666460807	0.211117612
0.666460812	0.788882389
0.668133586	0.799595142
0.674685463	0.794057833
0.365200938	0.635578638
0.36842613	0.626762098
0.574754379	0.260456656
0.581390396	0.263745099
0.581640549	0.254150112
0.581060145	0.745277121
0.580765521	0.735590093
0.574694886	0.739527274
0.178349791	0.596299924
0.173597875	0.605500056
0.251053996	0.554590907
0.250651112	0.544804259
0.245059877	0.548929935
0.16670647	0.499748099
0.156608244	0.495825243
0.15810621	0.504277759
0.684773323	0.548915945
0.675520552	0.550515906
0.675581338	0.44943453
0.684920482	0.450940024
0.821780129	0.564765385
0.829023901	0.565480018
0.826384504	0.557067547
0.826414904	0.442900363
0.829068777	0.43449086
0.821785901	0.435219642
0.530817334	0.945464719
0.530931523	0.054569976
0.361228992	0.577726944
0.367419927	0.582286254
0.36997648	0.573837039
0.190046336	0.71501664
0.182660537	0.721575735
0.191055463	0.722398591
0.191083276	0.277545541
0.182727333	0.278320372
0.190085323	0.284935314
0.19182469	0.732084378
0.199210489	0.725525284
0.199210495	0.274474697
0.191852506	0.267859755
0.677788835	0.211913724
0.679461597	0.20120097
0.679461607	0.798799025
0.677788834	0.788086272
0.628940906	0.424311674
0.637535876	0.426325744
0.636677996	0.418684921
0.636678073	0.581315008
0.63718714	0.574285277
0.628592157	0.576299368
0.485954029	0.334979733
0.486095802	0.344147995
0.494029519	0.341293651
0.494104303	0.658769065
0.486140083	0.655880435
0.486003687	0.665050017
0.601989654	0.302560488
0.601972088	0.697477996
0.397498721	0.419954274
0.406941422	0.420944868
0.405230322	0.578628998
0.395787617	0.579619585
0.841018248	0.660825028
0.850431967	0.663865518
0.846962819	0.656241907
0.841066465	0.339344933
0.847001589	0.343838216
0.85045863	0.336274003
0.621048369	0.449559604
0.615470887	0.457243059
0.615471305	0.542756974
0.621048643	0.550440571
0.855395112	0.650271195
0.845981393	0.647230705
0.846014427	0.352829839
0.855406593	0.349758909
0.479295239	0.378629144
0.483162273	0.369958321
0.48316229	0.630041623
0.479295255	0.621370801
0.365471413	0.415496213
0.371965877	0.410044168
0.364034692	0.405330565
0.329660227	0.845265685
0.323117157	0.842627875
0.322210906	0.851836139
0.329676094	0.154509315
0.322238996	0.148118636
0.323074557	0.157174337
0.61446533	0.384452725
0.619384276	0.393531601
0.622984546	0.384877382
0.622984589	0.615122574
0.619384327	0.606468354
0.614465374	0.615547226
0.60434266	0.387371379
0.604342703	0.612628567
0.151613098	0.506033475
0.161711325	0.509956331
0.338844869	0.548996059
0.348105471	0.550173928
0.342734173	0.541403793
0.350305299	0.534081157
0.238564407	0.800003147
0.229280673	0.795945774
0.230250113	0.803071421
0.230281984	0.196934883
0.229304691	0.204057363
0.238556561	0.199993675
0.362366231	0.612069772
0.352970094	0.60860131
0.66599561	0.563252259
0.667686821	0.573133895
0.667694076	0.426862823
0.666068688	0.436715821
0.206136401	0.615017676
0.19668497	0.618178156
0.205834149	0.623311414
0.205834148	0.376688558
0.19624141	0.382424695
0.205692838	0.385585176
0.201547824	0.632699908
0.210999255	0.629539428
0.210999253	0.370460545
0.201547825	0.367300064
0.084025706	0.359143346
0.077943215	0.366891483
0.077949734	0.633001805
0.084025704	0.640856652
0.11916225	0.52333621
0.109460795	0.521773831
0.113962908	0.52976523
0.332081737	0.10369421
0.340876264	0.099250031
0.340889444	0.90075252
0.332094918	0.896308341
0.5686336	0.294710259
0.577911074	0.291924473
0.568654395	0.705388983
0.577878213	0.708229482
0.90818502	0.321020527
0.911597255	0.329040258
0.911597257	0.67095974
0.908185022	0.678979471
0.281640039	0.463398519
0.289155718	0.466618151
0.287355785	0.456779785
0.384878141	0.384147457
0.375210112	0.379090079
0.320188742	0.166410403
0.318330165	0.175417801
0.320185238	0.833374946
0.318298781	0.824529797
0.722931615	0.186528555
0.726501843	0.176393952
0.726237809	0.82254516
0.722902097	0.813352784
0.457580759	0.331536905
0.45728594	0.342332701
0.457289958	0.657638042
0.457593856	0.668367509
0.468523548	0.875704295
0.461614206	0.87867489
0.466613182	0.885377623
0.46878917	0.124133561
0.466705816	0.114452061
0.461855493	0.121274855
0.452394398	0.882898211
0.454304763	0.873224883
0.452470321	0.11697179
0.454553675	0.126653291
0.078593763	0.420914841
0.068864808	0.41629321
0.627731018	0.108430303
0.627178951	0.119264172
0.627193169	0.880844079
0.627754955	0.891535321
0.590829968	0.08202595
0.596492843	0.077824629
0.588447442	0.072442595
0.588447475	0.927557393
0.596492875	0.922175359
0.590830002	0.917974041
0.548098953	0.18786796
0.550060257	0.178167694
0.540402544	0.183664029
0.548178301	0.81196937
0.54048189	0.816173301
0.550060278	0.821832295
0.534370802	0.175299793
0.532409499	0.185000059
0.534370821	0.824700197
0.532488844	0.814837272
0.058940494	0.45053026
0.753865787	0.703645718
0.753597356	0.693126951
0.746300379	0.697051235
0.74630037	0.302948761
0.753597348	0.306873044
0.75386578	0.296354276
0.756426723	0.685542383
0.763992132	0.692136866
0.763992125	0.307863129
0.756426716	0.314457614
0.283035994	0.746227069
0.278609544	0.752064356
0.287217711	0.753966498
0.28720576	0.246027039
0.278582955	0.247922191
0.283021352	0.253765915
0.761664216	0.680860862
0.751269441	0.681850947
0.751228185	0.31816885
0.761622962	0.319158934
0.886204353	0.52650068
0.883729131	0.517845622
0.36939913	0.373970343
0.365391857	0.364325761
0.282094225	0.831252899
0.29167258	0.826406311
0.283903119	0.822161871
0.283906068	0.177835662
0.291679291	0.173588077
0.282097992	0.168743949
0.526221462	0.183077337
0.532253204	0.191441573
0.531883034	0.808475212
0.525771965	0.817002107
0.931153509	0.38593558
0.933301548	0.394382199
0.933341561	0.605636242
0.931193523	0.614082861
0.449901903	0.315594617
0.456096653	0.323875414
0.4561213	0.675944569
0.449840722	0.684342698
0.146028124	0.239920514
0.146028114	0.760079471
0.34432027	0.106042447
0.344333453	0.893960105
0.933314503	0.461149094
0.681053377	0.220750667
0.685829518	0.216009471
0.685829521	0.783990521
0.681053376	0.779249329
0.72398452	0.568084605
0.729272513	0.559629871
0.72927244	0.440370095
0.723984459	0.43191537
0.215048095	0.790963743
0.224483374	0.790706574
0.218565091	0.782656269
0.218565098	0.217343716
0.224515245	0.209299728
0.215079966	0.209042559
0.224959324	0.774339583
0.215524044	0.774596753
0.215524051	0.225403231
0.22495933	0.2256604
0.335193528	0.852419125
0.33609978	0.843210861
0.336073677	0.15657225
0.335238117	0.147516549
0.533894465	0.329992813
0.541240232	0.333761267
0.542488446	0.324911891
0.541240264	0.666238676
0.533894495	0.67000713
0.542488476	0.675088055
0.357910945	0.871636558
0.351143541	0.873389221
0.358110278	0.880294998
0.358110269	0.119705005
0.351143533	0.126610781
0.357910936	0.128363443
0.4466008	0.272253738
0.436549776	0.271912815
0.436551339	0.728075907
0.446601934	0.727738102
0.26199228	0.865891476
0.261908129	0.134219839
0.161236106	0.518954252
0.167729218	0.517198535
0.667709485	0.294560266
0.675983091	0.299789456
0.675983103	0.700210532
0.667729607	0.705438014
0.438236422	0.072695588
0.428303474	0.071009377
0.428303488	0.928990622
0.438236438	0.927304412
0.395212875	0.18885377
0.392028606	0.181833435
0.386123041	0.188388597
0.386547536	0.811366679
0.39250625	0.817898088
0.395266045	0.811122461
0.327142058	0.449246304
0.3354277	0.452597834
0.335830617	0.444347691
0.234061096	0.848183009
0.225465411	0.853007958
0.225465336	0.146992141
0.234060327	0.151818006
0.334705224	0.331430846
0.329212282	0.34128529
0.329201324	0.66009868
0.333914537	0.668922521
0.35579562	0.417502493
0.212433853	0.635884532
0.216720178	0.626496037
0.216720175	0.373503937
0.212433852	0.364115443
0.315443691	0.473008423
0.500504526	0.33417975
0.500549122	0.666040514
0.238704888	0.552313494
0.238302003	0.542526846
0.253402486	0.841228565
0.242933549	0.844434187
0.24293286	0.155566723
0.253396237	0.158779699
0.692323205	0.218306901
0.692323209	0.78169309
0.278465086	0.152816254
0.28290358	0.16179881
0.282899818	0.838198039
0.278465089	0.84718374
0.885630931	0.473651101
0.886362224	0.482504818
0.894280255	0.476735394
0.392580408	0.624565526
0.384996407	0.629718601
0.39425714	0.632585722
0.39054082	0.107682936
0.385548307	0.115371936
0.395418128	0.114360037
0.395418462	0.885695272
0.385536008	0.884591116
0.390528844	0.892335425
0.399365325	0.123978393
0.404357839	0.116289392
0.404358174	0.883765915
0.399365338	0.876021606
0.639797413	0.413829896
0.631202444	0.411815827
0.631202499	0.588184124
0.639797482	0.586170034
0.666249803	0.474771944
0.669382994	0.465436789
0.66019736	0.469440204
0.358021801	0.569550748
0.355465247	0.577999963
0.661491154	0.530594418
0.669639327	0.534569974
0.667574878	0.52526354
0.871850459	0.504877276
0.878624174	0.511070659
0.159978224	0.525723467
0.51907907	0.100015693
0.528738991	0.098592143
0.524171103	0.092613496
0.523886194	0.907463351
0.528593424	0.901455501
0.51888575	0.900036742
0.38116169	0.525384871
0.387410999	0.52030143
0.572785243	0.413255205
0.572866294	0.586847795
0.668462687	0.16220893
0.671828409	0.153828663
0.663370219	0.152627719
0.66337319	0.847379939
0.671831382	0.846178996
0.668462709	0.837791065
0.343153769	0.497257276
0.344492959	0.488074616
0.576488527	0.361998254
0.576488558	0.638001681
0.567866885	0.358564517
0.567866915	0.641435414
0.413614499	0.433563552
0.411595747	0.427029342
0.409709167	0.572505383
0.413441247	0.566399443
0.60077516	0.458240312
0.607928841	0.458059985
0.607929225	0.541940126
0.60077552	0.541759747
0.878534968	0.529818306
0.888813247	0.534813356
0.107346864	0.53482671
0.11704832	0.536389089
0.471162881	0.210375368
0.471162892	0.789624625
0.482353899	0.385580153
0.48577619	0.39186501
0.485776202	0.608134932
0.482353913	0.61441979
0.24332932	0.718182794
0.23731047	0.724745415
0.237310472	0.275254567
0.243327239	0.281814867
0.32706699	0.603565777
0.335605708	0.605124579
0.334379157	0.596038273
0.858715628	0.476000093
0.850692348	0.47920323
0.436652815	0.839959953
0.439287283	0.831447636
0.439332327	0.168600834
0.436655878	0.16003854
0.416175868	0.421438454
0.416000379	0.578522347
0.609995265	0.46651625
0.349064519	0.414627269
0.350064562	0.406449774
0.341588853	0.410294434
0.50152134	0.318000872
0.493912257	0.323456378
0.50149683	0.326669882
0.501521278	0.673313844
0.493953849	0.676631728
0.50150722	0.682006924
0.609995816	0.5334839
0.772617787	0.754993315
0.774442756	0.76416131
0.780657906	0.757474633
0.780658046	0.242457215
0.774442765	0.235832195
0.772617941	0.244932043
0.473997437	0.388017179
0.473997447	0.611982764
0.324654004	0.545040353
0.817349305	0.613158732
0.826016758	0.615065227
0.826017158	0.384935516
0.817344537	0.386842047
0.288559109	0.495629024
0.280021808	0.499383466
0.283198663	0.505273234
0.626656513	0.370602347
0.626656554	0.629397607
0.849192092	0.528710198
0.849117147	0.538814983
0.85573638	0.535633195
0.641323065	0.403991823
0.646798617	0.410860918
0.646798681	0.589138988
0.641323107	0.596008103
0.349392027	0.582576934
0.346184835	0.574400738
0.350222737	0.183234301
0.358221327	0.178388547
0.352157304	0.174179006
0.352251405	0.825764352
0.358574307	0.821121513
0.350487715	0.816290444
0.68134383	0.613107056
0.678428064	0.622920462
0.678428057	0.377079507
0.681343807	0.38689291
0.765650594	0.199033702
0.773562284	0.19278814
0.773562293	0.807211762
0.765650603	0.8009662
0.679409198	0.606010133
0.670803986	0.610693707
0.67080397	0.389306245
0.679409166	0.393989821
0.665503368	0.404067638
0.672738575	0.409658672
0.676104536	0.40199419
0.676104548	0.59800576
0.672738599	0.590341279
0.665503406	0.595932303
0.251661858	0.459041211
0.24250517	0.461899396
0.053222398	0.479812737
0.096499658	0.584570375
0.106710619	0.579003353
0.106740983	0.420987577
0.09670624	0.415532076
0.84650439	0.785003379
0.84650439	0.21499662
0.118812293	0.468079194
0.114956101	0.475164214
0.122723108	0.47620735
0.912442996	0.450786281
0.885283102	0.54520205
0.735528387	0.578123721
0.730684349	0.586525264
0.730684311	0.413474713
0.73552834	0.421876254
0.394600313	0.368190955
0.385345967	0.369433826
0.393823064	0.375825022
0.653705186	0.416215556
0.655230837	0.406377482
0.655230882	0.59362244
0.653705257	0.58378437
0.341514745	0.588287393
0.350795156	0.591886618
0.655924573	0.145717072
0.650731144	0.138568705
0.650737024	0.861443799
0.655927549	0.854290588
0.111935766	0.449768329
0.116565192	0.458170946
0.652558852	0.15409734
0.652558876	0.845902658
0.124332199	0.459214081
0.05658274	0.570360317
0.063830175	0.562444475
0.057579843	0.561539583
0.097462143	0.37292771
0.096148472	0.364464629
0.096148475	0.635535364
0.097462149	0.627072281
0.445527462	0.34599082
0.444234917	0.335457195
0.438559108	0.342845048
0.43855913	0.657154912
0.444237803	0.664521846
0.445530347	0.653988219
0.24063474	0.691980313
0.235795831	0.683548666
0.231065876	0.690946162
0.231065877	0.309053818
0.235795832	0.316451313
0.240634744	0.308019666
0.300451324	0.798783607
0.306891809	0.793223571
0.306892168	0.206776121
0.300452268	0.201215598
0.311397602	0.600547989
0.304348038	0.593140294
0.411877289	0.361291671
0.402792569	0.366784978
0.41216213	0.369088843
0.411543995	0.631918549
0.402128685	0.634325966
0.41183154	0.638811868
0.796013683	0.628617183
0.791109368	0.637015204
0.799840105	0.637386555
0.7998401	0.362613442
0.791052392	0.363008971
0.795956711	0.371406987
0.672917011	0.282591819
0.664192793	0.277723347
0.665092121	0.285865604
0.665092126	0.71413439
0.664192793	0.722276647
0.672917017	0.717408171
0.318501578	0.602399097
0.318736463	0.592628362
0.664099317	0.493057351
0.663881717	0.482445034
0.65728177	0.489387676
0.658463668	0.510643988
0.665239912	0.51759132
0.664276874	0.506947324
0.679785717	0.900964294
0.679667847	0.911225887
0.67965448	0.088779332
0.679694739	0.09905476
0.056414664	0.55290235
0.430552402	0.35849256
0.433243043	0.349229922
0.423943791	0.35434381
0.423970124	0.645674618
0.433269386	0.650788491
0.430552412	0.641507411
0.142840162	0.608662329
0.134071351	0.605681427
0.136667452	0.614380517
0.136667457	0.385619449
0.133063374	0.393221972
0.141832184	0.390241071
0.463187582	0.178928574
0.472878359	0.179026806
0.469026049	0.171634258
0.46902606	0.82836574
0.47287837	0.82097319
0.463187593	0.821071425
0.122257541	0.259792402
0.133168416	0.261470984
0.133168411	0.738529006
0.122257544	0.740207597
0.55740691	0.233612647
0.566698823	0.230318502
0.566698838	0.769681483
0.557406926	0.766387337
0.631112677	0.40045853
0.631112725	0.599541425
0.240667318	0.416265306
0.233184142	0.422660491
0.241398661	0.813923044
0.251478923	0.816370149
0.24961411	0.809575899
0.249614116	0.190424091
0.25148336	0.183630861
0.241403098	0.186077964
0.861479021	0.542090938
0.348237112	0.563794981
0.896625613	0.568878693
0.896071041	0.557751299
0.889976914	0.563400513
0.615848096	0.170493047
0.606437266	0.173354318
0.606370414	0.826702061
0.615783725	0.829560462
0.595781347	0.257872361
0.588764618	0.264363897
0.588202358	0.734946029
0.595224061	0.741577789
0.240538831	0.583727165
0.247978179	0.585234875
0.247128884	0.576081901
0.523343581	0.396836535
0.527027262	0.403380854
0.532517214	0.398559405
0.532517232	0.601440525
0.527027278	0.596619076
0.5233436	0.603163399
0.185846023	0.364537804
0.176070868	0.362406122
0.176021928	0.637571913
0.184842946	0.636265214
0.163900309	0.428804627
0.156718733	0.435545306
0.692342349	0.318980965
0.699838347	0.324298014
0.702257377	0.317103432
0.702279923	0.68292254
0.699863042	0.675730432
0.69234451	0.681021497
0.376580526	0.188702085
0.379764795	0.19572242
0.379839598	0.804283282
0.377079803	0.811058909
0.232086027	0.535935168
0.225476873	0.531094579
0.225337861	0.541069817
0.330794515	0.759539798
0.335165892	0.769836374
0.335165891	0.230163614
0.33079451	0.240460175
0.353745894	0.166308436
0.35384101	0.833627931
0.594673381	0.576668827
0.603835378	0.583068004
0.603933718	0.574268338
0.603937018	0.425747369
0.603920621	0.416907553
0.594761978	0.423322439
0.307947727	0.494925967
0.309339572	0.505097189
0.598113587	0.337435912
0.589457341	0.331893768
0.58945736	0.668106176
0.59811361	0.66256404
0.275545219	0.180562789
0.285126518	0.185406916
0.285123175	0.814590288
0.27554482	0.819436876
0.590779709	0.128945505
0.582235418	0.128159117
0.583596075	0.135050721
0.583600761	0.864952347
0.582240104	0.871843952
0.590779737	0.871054483
0.90107469	0.661826582
0.893312895	0.655201964
0.893419103	0.665208094
0.893419426	0.334792499
0.893313219	0.344798629
0.901074688	0.338173414
0.275229772	0.458088285
0.277029706	0.46792665
0.88318622	0.665861734
0.883189475	0.334144232
0.780968317	0.711690769
0.774238715	0.704300065
0.774238708	0.295699928
0.780972738	0.288293417
0.889143318	0.437011692
0.89608462	0.443021278
0.897277371	0.431629131
0.398762831	0.468727583
0.395665431	0.477570229
0.402829168	0.47502276
0.927544592	0.56520932
0.927326541	0.557670364
0.919230169	0.561186403
0.628076309	0.379037895
0.628076356	0.620962056
0.348701005	0.777526203
0.359790413	0.776180437
0.359790393	0.223819544
0.348700995	0.222473789
0.530566133	0.410676239
0.5213925	0.408953369
0.521392515	0.591046556
0.530566147	0.589323682
0.372477594	0.107189513
0.364580931	0.113570929
0.364579573	0.886424967
0.372463927	0.892769434
0.331248412	0.550484515
0.700680438	0.69264723
0.700680427	0.307352759
0.400831935	0.309847431
0.39645676	0.302269406
0.396465409	0.697771113
0.400840584	0.690193088
0.359490614	0.137189854
0.36645735	0.130284078
0.366443647	0.869669015
0.359476911	0.862763239
0.2213402	0.585982643
0.22122741	0.595921069
0.809317571	0.51664349
0.815993544	0.50770436
0.723008169	0.490810923
0.714258134	0.490810923
0.714338059	0.509192183
0.723088024	0.509192183
0.232893694	0.577484385
0.380496349	0.311392976
0.384871174	0.318970395
0.384870706	0.681030201
0.380495881	0.68860762
0.542842959	0.150820428
0.539784198	0.160340626
0.539603446	0.840927765
0.542884914	0.849207281
0.816127493	0.492195519
0.809451658	0.483256417
0.864440913	0.720443462
0.857139191	0.722221027
0.859843909	0.729677232
0.859843765	0.270315762
0.85714436	0.277776187
0.864446226	0.279560759
0.41047987	0.472946578
0.407382469	0.481789224
0.848595127	0.724336898
0.853192131	0.715103128
0.853253254	0.284945426
0.848650793	0.275700429
0.830877549	0.548676149
0.823633776	0.547961516
0.584187356	0.290105028
0.576216507	0.284206752
0.576229906	0.715879436
0.584120061	0.709965918
0.71381502	0.69841599
0.721857448	0.692372506
0.721857441	0.307627484
0.713815012	0.301584001
0.246196658	0.699317755
0.250926613	0.691920258
0.250907871	0.308058845
0.246177916	0.30066135
0.673852417	0.146510776
0.678944886	0.156091987
0.678944907	0.843908009
0.673855388	0.853496883
0.325554394	0.860236756
0.333045452	0.858942028
0.333093546	0.141015222
0.325589211	0.139742354
0.583404322	0.082960803
0.591449723	0.088342837
0.591449757	0.911657154
0.583404356	0.917039188
0.379121352	0.643096867
0.381994645	0.651233639
0.389546432	0.645875568
0.38927145	0.353893683
0.381993721	0.348739821
0.378845487	0.356645898
0.556253537	0.533556903
0.566289802	0.530086764
0.559037394	0.525246239
0.559037142	0.474753795
0.566289569	0.469913293
0.556253432	0.466443059
0.385083912	0.658325504
0.374658832	0.655546803
0.374657914	0.344426661
0.385083876	0.341674446
0.223664486	0.806846055
0.232948221	0.810903428
0.232988943	0.189104631
0.223737072	0.19316832
0.448614546	0.53850669
0.442807895	0.531941238
0.44079583	0.542367619
0.887310648	0.465001268
0.879392616	0.470770691
0.256673404	0.803383296
0.246593142	0.800936191
0.246585256	0.199061183
0.256665518	0.19661408
0.519208622	0.933822659
0.510064533	0.937457989
0.510045959	0.063634503
0.519521827	0.066260843
0.684235653	0.533114818
0.689955564	0.526577263
0.681442962	0.522701541
0.694566053	0.520363325
0.697358744	0.530776602
0.681299193	0.47730213
0.689956357	0.473411176
0.684092601	0.466877575
0.697359455	0.469211844
0.694566048	0.4796364
0.247176648	0.423672974
0.248027308	0.414531076
0.799584085	0.620133255
0.790853348	0.619761904
0.790753139	0.380268581
0.799540846	0.379873053
0.6133967	0.573621838
0.613396651	0.426378162
0.55203655	0.239019553
0.560605834	0.242964653
0.560605132	0.757038947
0.55203585	0.760984047
0.693713814	0.649073819
0.687600746	0.642492031
0.686200591	0.650864213
0.686200577	0.349135768
0.687600736	0.357507947
0.693713802	0.35092616
0.436422463	0.323427395
0.428000304	0.322181681
0.428844403	0.331065708
0.429041873	0.669072626
0.428211728	0.677956699
0.436436442	0.676572612
0.427954955	0.686331904
0.420560386	0.678831919
0.420362921	0.321306414
0.427940982	0.313668101
0.658596799	0.398713
0.658596831	0.60128692
0.679164181	0.652429931
0.685277249	0.659011719
0.685277231	0.340988267
0.679164166	0.347570053
0.332976027	0.58672859
0.552156394	0.375306678
0.555885719	0.367041145
0.549660438	0.366102965
0.549660468	0.633896968
0.555885749	0.632958785
0.552156423	0.62469325
0.45426265	0.181299787
0.45811496	0.188692335
0.458114972	0.81130766
0.454262662	0.81870021
0.882721171	0.558092386
0.883275743	0.56921978
0.883206597	0.430930127
0.882013846	0.442322274
0.903363256	0.586887026
0.899122756	0.577358782
0.899002847	0.422759192
0.903330198	0.413165412
0.587939723	0.113377543
0.596640408	0.120320313
0.595161078	0.111643955
0.595161106	0.888356035
0.596640435	0.879679675
0.587939752	0.886622447
0.268230023	0.188055515
0.268229624	0.811944148
0.359221544	0.47607359
0.356922827	0.481934114
0.365940807	0.482829655
0.873370303	0.571689445
0.873398864	0.428386733
0.321038131	0.691598419
0.313987735	0.697911096
0.313987726	0.302088864
0.321038119	0.308401542
0.344239903	0.605546597
0.336927736	0.613074101
0.278508579	0.48947867
0.755777431	0.559519611
0.764374493	0.562326416
0.764374452	0.437673555
0.755777389	0.440480357
0.169334074	0.779371595
0.161438195	0.77344886
0.161438209	0.226551124
0.169334085	0.220628391
0.423166634	0.249232613
0.421241481	0.239976331
0.421241512	0.760023631
0.423166662	0.750767347
0.112143569	0.482071154
0.108232753	0.473942999
0.274074243	0.593276146
0.28282627	0.591285946
0.276289028	0.585875721
0.67941097	0.415302429
0.668809802	0.417375877
0.668809835	0.582624057
0.679410977	0.584697514
0.891911137	0.50088765
0.898755774	0.493364361
0.888166911	0.493112399
0.059948781	0.427307085
0.061443935	0.41872082
0.376295515	0.461314918
0.385117109	0.460301328
0.278462926	0.579000787
0.269710899	0.580990986
0.879517586	0.490028107
0.296637433	0.243755375
0.292199036	0.237911652
0.292210986	0.762081887
0.296637437	0.7562446
0.221935929	0.414488657
0.221794715	0.404477935
0.91921668	0.438856212
0.92767344	0.443487733
0.927872101	0.436021429
0.812532033	0.754224559
0.821988457	0.755685967
0.817718735	0.746373794
0.817713175	0.253621784
0.821982898	0.244309612
0.812532029	0.245775434
0.825477076	0.739853259
0.816020651	0.738391851
0.816020646	0.261608141
0.825471515	0.260142319
0.695245019	0.164450719
0.6974911	0.173233393
0.703833962	0.164882505
0.695100205	0.835789679
0.703778009	0.835062441
0.697315505	0.82691015
0.522928604	0.380854387
0.528252841	0.373831466
0.528257496	0.626174447
0.522933261	0.619151527
0.75130093	0.186276588
0.751305303	0.813733193
0.459208084	0.400157496
0.469333175	0.401038651
0.466931006	0.394087033
0.466931012	0.605912911
0.46933318	0.598961291
0.459208088	0.59984245
0.606867141	0.514595055
0.60104952	0.522933239
0.608271357	0.524328869
0.608270688	0.47567125
0.601048897	0.477066906
0.606866366	0.48540498
0.433924202	0.585255391
0.429611633	0.576048602
0.424791793	0.581605521
0.424967281	0.418355283
0.429787122	0.423912194
0.43392421	0.41474455
0.823649466	0.451997213
0.830932342	0.451268431
0.945506342	0.521673372
0.945005755	0.530374455
0.563350362	0.101663905
0.559241759	0.092653206
0.553999043	0.101202935
0.553971251	0.898805509
0.559213969	0.907355238
0.56335039	0.898336089
0.908211141	0.493874707
0.904466916	0.486099456
0.544554091	0.09782998
0.548662695	0.10684068
0.548662717	0.893159313
0.544526297	0.902178462
0.297919584	0.480221361
0.304274443	0.487798411
0.472175252	0.935937668
0.48133949	0.933719051
0.477050265	0.928095651
0.477038533	0.071949542
0.481326315	0.066331723
0.472173792	0.064067913
0.319728129	0.611485403
0.391867313	0.462045559
0.384848889	0.469530822
0.11182725	0.500988445
0.10811982	0.508889686
0.118367566	0.507443569
0.658985267	0.289691793
0.659005383	0.71030649
0.556294072	0.211116303
0.564891979	0.216256242
0.564891997	0.783743745
0.556305059	0.788861194
0.686644391	0.600419109
0.686644373	0.399580855
0.897016094	0.507662613
0.90724384	0.508457925
0.743967533	0.185987621
0.750346611	0.179062423
0.750350983	0.820947354
0.743967547	0.814012375
0.299833842	0.833094905
0.304670135	0.839975657
0.304701048	0.159998475
0.299868521	0.166876077
0.721475342	0.527706874
0.714154459	0.526538165
0.716954242	0.535860674
0.716943704	0.464138148
0.714064599	0.47346379
0.721395933	0.472296203
0.790779509	0.769710883
0.780250324	0.773791911
0.788546958	0.776860166
0.788546954	0.223139288
0.78025032	0.226207543
0.790779504	0.230289112
0.365270943	0.677952693
0.369942028	0.672199695
0.36046876	0.669962171
0.360482039	0.330051398
0.369950061	0.327807179
0.365277126	0.322055194
0.705801296	0.529627315
0.710322395	0.521473515
0.507051251	0.311614231
0.499466679	0.308400727
0.507194017	0.688262736
0.499626587	0.69158062
0.710242987	0.478529457
0.705790758	0.470371402
0.284746783	0.519498527
0.28057958	0.511330718
0.371443972	0.66342392
0.376246155	0.671414442
0.376246608	0.328586131
0.371451521	0.336582335
0.530830911	0.385464834
0.520931226	0.387404638
0.520931247	0.612595301
0.530835568	0.614541075
0.301642735	0.824003876
0.301676598	0.175967789
0.254417682	0.437998779
0.262865293	0.442594827
0.334299475	0.403709327
0.333299432	0.411886823
0.545145944	0.361352308
0.541416619	0.369617841
0.541416646	0.630382092
0.545145972	0.638647627
0.366398876	0.470688838
0.357380895	0.469793297
0.369183666	0.188509196
0.375541912	0.181175372
0.369885816	0.811614505
0.376593754	0.818697902
0.413299089	0.294397266
0.415945446	0.301331223
0.422583464	0.294173142
0.422589168	0.70581272
0.415958642	0.698703537
0.413308895	0.705634873
0.42276671	0.306949966
0.413482335	0.30717409
0.413490991	0.692866407
0.422771265	0.693044255
0.602337273	0.11025101
0.593636589	0.10330824
0.593636616	0.896691753
0.602337299	0.889748981
0.884511451	0.455262348
0.483959026	0.303563999
0.481079064	0.294735726
0.476110399	0.301449357
0.47611043	0.698550614
0.480909755	0.70586013
0.483789728	0.697031862
0.740758427	0.661916741
0.731011726	0.664728713
0.731059715	0.335299397
0.740518206	0.33820367
0.109785558	0.282862864
0.114095009	0.275287373
0.114139622	0.724716358
0.10983017	0.717140867
0.695532266	0.107825432
0.69562794	0.892184266
0.771323944	0.745269656
0.771328087	0.254639673
0.582111992	0.394098707
0.582112156	0.605859815
0.238441016	0.532551608
0.386147891	0.161386239
0.38610724	0.169485406
0.386166869	0.830525378
0.386206148	0.838619856
0.116462065	0.554144334
0.124546809	0.55931586
0.366829835	0.517832767
0.331692011	0.380918429
0.337875702	0.387846679
0.339975375	0.37999684
0.125491285	0.439986382
0.116817865	0.445311261
0.568940605	0.265856525
0.569190757	0.256261538
0.569183251	0.743776435
0.568888627	0.734089408
0.64420808	0.140588058
0.635028247	0.145966746
0.635028277	0.854033245
0.64420811	0.85941194
0.670552944	0.099040102
0.670566311	0.900965119
0.738726156	0.195710442
0.739100452	0.20459111
0.739100464	0.795408887
0.738726173	0.804289557
0.259045481	0.475958339
0.261888823	0.46896011
0.123438385	0.644269612
0.117691308	0.65219116
0.127850412	0.652628343
0.123438391	0.355730356
0.127848682	0.347263784
0.11768958	0.347700966
0.12978552	0.662611022
0.135532598	0.654689474
0.135532603	0.345310496
0.129783792	0.337281106
0.47663258	0.344303229
0.484708069	0.350617147
0.484742777	0.649413519
0.476642161	0.655694471
0.270792822	0.236137881
0.263716984	0.232176977
0.263848511	0.767745479
0.270900347	0.763804145
0.23949242	0.627564633
0.241854023	0.617809053
0.64582355	0.076860066
0.646205353	0.087000692
0.646285296	0.913012684
0.645880854	0.923128004
0.318506241	0.3971308
0.327801196	0.397034992
0.320297383	0.388864075
0.592264132	0.278123888
0.599732105	0.279183343
0.599738656	0.720724053
0.592270061	0.721788176
0.600191788	0.589109897
0.600642482	0.597677874
0.600704401	0.402132767
0.600277034	0.410865625
0.378267119	0.412069472
0.376830399	0.401903824
0.151877161	0.612411843
0.147716908	0.395618852
0.151320991	0.388016328
0.493660064	0.288838716
0.49696214	0.299432227
0.501694514	0.291420576
0.496951218	0.701088905
0.493479021	0.711720936
0.501841186	0.708468462
0.626937698	0.209060396
0.634403286	0.208826063
0.63267366	0.200109035
0.632673687	0.799890954
0.634403308	0.791173927
0.62693772	0.790939586
0.919522586	0.544185695
0.924978861	0.551775105
0.132518636	0.272316176
0.1392607	0.26687912
0.139297351	0.73312393
0.132555297	0.727686883
0.374441743	0.527409971
0.382498076	0.532313325
0.350787582	0.91596031
0.359871726	0.915534742
0.359871722	0.084465257
0.35078758	0.084039689
0.576958184	0.142171887
0.585502475	0.142958275
0.585502501	0.857041714
0.576962868	0.857831183
0.467109049	0.543657201
0.467100937	0.4562411
0.291779752	0.210179333
0.292935468	0.21677854
0.300782334	0.213383201
0.300782337	0.786616786
0.292937295	0.783220414
0.291781574	0.789819624
0.554251509	0.493344641
0.5542519	0.506655298
0.80703298	0.652847273
0.803313815	0.645314803
0.803314224	0.354685954
0.807033763	0.347154164
0.478554903	0.449633254
0.478554903	0.550366654
0.336090617	0.395442603
0.413167362	0.713762966
0.409336016	0.722989429
0.409334576	0.277014029
0.413164875	0.286232834
0.174058177	0.464957999
0.18074666	0.470814586
0.184666454	0.464453694
0.835211778	0.542495548
0.837962505	0.551601579
0.652200102	0.229751664
0.646207309	0.237989115
0.65327045	0.240276473
0.652635036	0.759595149
0.646141261	0.7621375
0.651498631	0.770246582
0.640440694	0.241642644
0.639370347	0.231117835
0.639304294	0.769008776
0.640440699	0.758357342
0.710178054	0.151556275
0.712257726	0.142595882
0.703667554	0.147139439
0.703662859	0.852878369
0.712264226	0.857403343
0.710164077	0.848466944
0.12072896	0.617031869
0.122821678	0.605918374
0.115651997	0.611550627
0.115567999	0.388357963
0.122737684	0.393990211
0.120728962	0.382968102
0.738548314	0.532988547
0.728664799	0.531677602
0.72852744	0.468327852
0.738410962	0.467016926
0.837108614	0.71746128
0.833367186	0.725613306
0.84090664	0.725371025
0.840962447	0.274673305
0.833376617	0.274406997
0.837173856	0.282603359
0.539379701	0.37664154
0.540422692	0.385703197
0.546974105	0.383430155
0.54701584	0.616623547
0.540469061	0.614356481
0.539384362	0.623364367
0.093268104	0.508070054
0.092887216	0.499681403
0.084575817	0.505316895
0.596014579	0.19746849
0.591703071	0.206497411
0.601024521	0.203979127
0.601020406	0.796083942
0.591702728	0.793508068
0.596010825	0.802589097
0.352174003	0.690099248
0.358240049	0.682192133
0.358246648	0.317816277
0.352175357	0.309902462
0.786098911	0.784559224
0.796628096	0.780478197
0.79662809	0.219521798
0.786098905	0.215440229
0.190048566	0.431810077
0.193165263	0.439423861
0.200071751	0.432621951
0.198524194	0.502894227
0.200074252	0.495631807
0.189946738	0.496716779
0.197525529	0.486285382
0.206102985	0.49246283
0.850113798	0.570638237
0.843079026	0.566623307
0.843192467	0.433377477
0.850214002	0.429368344
0.08659374	0.453343081
0.081646589	0.445016891
0.642803744	0.206762453
0.637067782	0.215713813
0.637067801	0.784286176
0.642803768	0.793237545
0.31576499	0.557923852
0.308244714	0.564107042
0.491432229	0.305818867
0.491264422	0.694833093
0.515340272	0.315633109
0.513285611	0.306032965
0.513461432	0.693883615
0.515342065	0.684309919
0.807294201	0.17290413
0.806454326	0.18143611
0.814671913	0.180694655
0.814671915	0.819305344
0.806454334	0.818563887
0.807294206	0.827095868
0.325267749	0.414541917
0.332557127	0.421127023
0.285356211	0.206054429
0.293203076	0.202659091
0.293203073	0.797340903
0.285358031	0.79394453
0.328766978	0.886810245
0.328635223	0.11321524
0.299936885	0.688422909
0.308408456	0.692889744
0.30841362	0.30708217
0.299958133	0.311524723
0.286223993	0.233257051
0.295655666	0.230985388
0.295655668	0.76901459
0.286235942	0.766736488
0.815476343	0.651602039
0.810817483	0.659604281
0.810821203	0.34040254
0.815480106	0.348404857
0.375436016	0.482456372
0.380365596	0.477865102
0.373169105	0.472377861
0.915559016	0.493241105
0.896859404	0.688079175
0.902204389	0.679156066
0.902204386	0.320843931
0.896859401	0.31192082
0.651367136	0.365950919
0.642274702	0.369370232
0.642274761	0.630629726
0.65136718	0.634049043
0.538425315	0.392253449
0.538467046	0.607800254
0.185376864	0.476562554
0.174768587	0.477066859
0.8584853	0.668252842
0.858520299	0.33182037
0.248473971	0.593342059
0.255064024	0.585696795
0.855249881	0.46373612
0.848858214	0.46164721
0.848081914	0.470377442
0.183486861	0.626057979
0.181756466	0.615986195
0.18168254	0.384114253
0.183412936	0.374042469
0.227275385	0.698377242
0.221440925	0.705059845
0.221785932	0.294464867
0.227620392	0.301147469
0.767276314	0.711097464
0.759456606	0.717699541
0.759456596	0.282300454
0.767276306	0.288902528
0.452269597	0.937112177
0.463125896	0.935968184
0.463125878	0.064031813
0.452269581	0.062887819
0.696691573	0.330667537
0.7066066	0.328790004
0.70663247	0.671239781
0.696697057	0.669338738
0.464686253	0.164622856
0.461696138	0.156123158
0.46098829	0.843822411
0.463978406	0.835322714
0.764072886	0.57882834
0.762909931	0.56966203
0.762909886	0.430337928
0.764072841	0.421171621
0.519116773	0.300546552
0.510827752	0.296527674
0.511052041	0.703411738
0.519200089	0.699458921
0.818418511	0.571332312
0.818428615	0.428661681
0.446536866	0.556391188
0.455734925	0.562236732
0.455735125	0.43776265
0.446537072	0.443608188
0.575564932	0.518104017
0.576028243	0.507215946
0.576027712	0.492784036
0.575564491	0.481896071
0.477897383	0.425510528
0.468236661	0.430552915
0.468236662	0.569447009
0.477897386	0.574489401
0.80821813	0.636916783
0.808218543	0.36308397
0.466473231	0.105265866
0.466439091	0.89470492
0.3871158	0.479609333
0.318339311	0.407603218
0.317597006	0.416843418
0.1748759	0.726480541
0.174903715	0.27346359
0.581199303	0.059110686
0.584940484	0.066569966
0.590369136	0.060781994
0.590369151	0.939217998
0.585012102	0.933503273
0.581270905	0.940962561
0.222781481	0.309579116
0.222436476	0.689945594
0.836358064	0.775128384
0.837323923	0.764740008
0.837323922	0.235259986
0.836358065	0.224871613
0.883068903	0.695095085
0.883289571	0.702909229
0.890711597	0.697493075
0.890711662	0.302506975
0.883289636	0.297090821
0.883068899	0.304904909
0.207096307	0.430700175
0.203979611	0.423086391
0.861031129	0.467977411
0.861807429	0.459247178
0.214472258	0.427591003
0.210564399	0.437126563
0.749152893	0.872615153
0.743390685	0.86302882
0.741561027	0.872324936
0.74156102	0.12767506
0.743390674	0.136971174
0.749152889	0.127384844
0.684409596	0.578939397
0.68833836	0.586656619
0.688338347	0.413343341
0.684409575	0.421060546
0.837997246	0.448375295
0.835231808	0.457472145
0.151853906	0.54455059
0.149878747	0.536760691
0.142655713	0.540780917
0.155889694	0.532890421
0.402024947	0.318834079
0.407854082	0.310541995
0.407783812	0.689585271
0.401946027	0.681252668
0.344373981	0.394521014
0.401015617	0.620024349
0.391754884	0.617157228
0.508113609	0.328724243
0.508102493	0.671415711
0.441751663	0.455688507
0.44370286	0.465352886
0.448553691	0.460731209
0.491718008	0.435819066
0.498153782	0.433940575
0.490758618	0.42741734
0.490758623	0.572582591
0.498153786	0.566059351
0.491718013	0.564180856
0.948713107	0.4806188
0.942296222	0.487203374
0.948249228	0.489156831
0.45554788	0.534963304
0.455478906	0.464172995
0.552502359	0.521013511
0.552502117	0.478986446
0.653787178	0.525572872
0.655851626	0.534879306
0.655375032	0.464989328
0.652241841	0.474324483
0.491235964	0.443536686
0.491235966	0.556463229
0.714050506	0.210841608
0.706946458	0.215097667
0.712723238	0.220679569
0.71272272	0.779320129
0.706945939	0.784902029
0.714050507	0.789158382
0.486463565	0.312532499
0.486465097	0.687523577
0.2790301	0.74005625
0.279015457	0.259936732
0.339417992	0.62025961
0.330783797	0.619837592
0.700585771	0.218351508
0.700585254	0.781648189
0.347319911	0.421347153
0.549264325	0.16295758
0.558852272	0.166449352
0.558852293	0.833550636
0.549264347	0.837042409
0.710143164	0.485081649
0.70588447	0.494270726
0.705895969	0.505729625
0.710233469	0.514921808
0.871147777	0.486163624
0.872952465	0.496771206
0.323309126	0.467697752
0.318873705	0.462807118
0.326933213	0.475481475
0.330363228	0.465280169
0.581493845	0.205089031
0.586503787	0.211599668
0.586503445	0.788405809
0.581493864	0.794910964
0.381963175	0.325389028
0.392089201	0.324548449
0.392089144	0.675451625
0.38196265	0.674611641
0.590315839	0.217833779
0.580106613	0.216425399
0.580106631	0.783574592
0.590315495	0.782171696
0.519773094	0.210423145
0.527034454	0.217420185
0.527045795	0.782535678
0.519789393	0.789334423
0.47437703	0.164721089
0.473669182	0.835224479
0.817085556	0.638549772
0.817085969	0.361450982
0.216502966	0.506593413
0.210945778	0.51162048
0.218797037	0.516404638
0.664975277	0.21772428
0.658100551	0.225416331
0.657465147	0.774455295
0.664975289	0.782275719
0.638136347	0.322982257
0.641374323	0.314413273
0.641300026	0.685581182
0.638123106	0.677112793
0.311091407	0.379055734
0.305549098	0.371614986
0.305460119	0.381519136
0.09144188	0.616420223
0.091382758	0.383480163
0.310870383	0.8213982
0.302709121	0.814709606
0.302715832	0.18528478
0.310905062	0.17857278
0.463872346	0.387136023
0.654810198	0.264597134
0.654612143	0.255404945
0.647475712	0.257706113
0.463872354	0.612863922
0.647475716	0.742293878
0.654602323	0.744593055
0.654800373	0.735400866
0.935438609	0.431991026
0.268731629	0.529436949
0.27791032	0.530398722
0.615813437	0.525145717
0.615812734	0.474854324
0.420312949	0.587729136
0.420312956	0.412270809
0.494715363	0.272309018
0.485997707	0.26743032
0.489674781	0.275948366
0.48966176	0.724011372
0.485994463	0.732559608
0.494701692	0.727648729
0.871354466	0.284458709
0.874053871	0.276998284
0.874053365	0.723002117
0.871348647	0.715545913
0.568148553	0.326337036
0.56814858	0.673662909
0.210860383	0.697367629
0.214028021	0.689432589
0.206242418	0.689423543
0.206090021	0.311275673
0.214220628	0.31079136
0.211205389	0.302157081
0.878304492	0.290692495
0.868696847	0.29325497
0.868691536	0.706749248
0.878303988	0.709307904
0.183264912	0.499638873
0.173168789	0.501749581
0.303766325	0.290315628
0.298192219	0.295308934
0.307884265	0.298161364
0.307879099	0.701810551
0.298186566	0.704645146
0.303765846	0.709666498
0.241834762	0.382185804
0.239433421	0.372403184
0.935104944	0.569219051
0.25032694	0.83248763
0.250326113	0.167513463
0.402574296	0.188480479
0.402627467	0.81149575
0.110913992	0.60606401
0.108821274	0.617177505
0.108821275	0.382822466
0.110829997	0.393844576
0.886427231	0.507410652
0.77093258	0.565483859
0.77823081	0.572459045
0.779695372	0.565123431
0.77969529	0.434876468
0.778230723	0.427540841
0.770932535	0.434516106
0.933293284	0.555798023
0.20393335	0.507543423
0.206227421	0.517354648
0.682770865	0.23096814
0.682709831	0.769019335
0.799114559	0.180554072
0.80649227	0.188344597
0.806492277	0.8116554
0.799114568	0.819445923
0.579277609	0.070771287
0.579349229	0.929301956
0.830820463	0.572746845
0.835424839	0.565049006
0.835511713	0.434909001
0.83088271	0.427228279
0.661928096	0.254179174
0.65459361	0.247288153
0.65449967	0.752692832
0.661824327	0.74579982
0.907706329	0.335185663
0.918122689	0.336058638
0.918122689	0.663941362
0.90770633	0.664814335
0.312735917	0.8399454
0.312751643	0.160019723
0.175715846	0.523786436
0.929509632	0.399649562
0.939239501	0.401594016
0.939239501	0.598405984
0.929549644	0.60036888
0.420815013	0.232825918
0.423072983	0.223127589
0.416433323	0.225275516
0.416433353	0.774724459
0.423073013	0.776872388
0.420815043	0.767174058
0.474592877	0.15096898
0.479738793	0.157927496
0.484294436	0.151186789
0.482764719	0.848900176
0.478348669	0.842231128
0.473037578	0.8488505
0.078826144	0.510922212
0.070272608	0.515117024
0.155416064	0.73737098
0.14558253	0.737636305
0.145577653	0.262364086
0.155411185	0.26262941
0.169154519	0.762801791
0.161227156	0.757746748
0.160401341	0.765903636
0.160401353	0.234096347
0.161227167	0.242253235
0.16915453	0.237198192
0.164778934	0.749040152
0.164778944	0.250959828
0.662472075	0.391919067
0.662472098	0.608080865
0.125362747	0.514856768
0.129070176	0.506955526
0.12986486	0.522848167
0.144969416	0.726794182
0.144927874	0.273209277
0.325165204	0.5866918
0.254996711	0.413776346
0.24848738	0.406368678
0.525765388	0.139015848
0.518003432	0.13341319
0.518054705	0.866620681
0.525816661	0.861018022
0.544700302	0.235324337
0.547899226	0.244676343
0.54789843	0.75532768
0.544700224	0.76467607
0.660586403	0.239050702
0.669178617	0.241576123
0.669023637	0.758392345
0.659857041	0.760801914
0.691681003	0.182366142
0.700269945	0.182797928
0.700215565	0.817144405
0.691537761	0.817871644
0.70486012	0.190782794
0.704849113	0.809235488
0.142126673	0.286525932
0.14881193	0.288687005
0.145296177	0.279885385
0.145338372	0.720118127
0.148807435	0.711310489
0.1421533	0.713474169
0.191696343	0.517327004
0.193805837	0.508628395
0.540046561	0.341113029
0.548640541	0.336032106
0.548640572	0.663967837
0.540046591	0.658886913
0.437308809	0.082448288
0.445245803	0.077150445
0.445245818	0.922849555
0.437308826	0.917551712
0.451897804	0.085422731
0.451897822	0.91457727
0.948416172	0.497870703
0.131278505	0.382101423
0.12410882	0.376469174
0.124108819	0.623530797
0.1312785	0.617898544
0.522875445	0.293929871
0.525333304	0.303435162
0.525350742	0.696556148
0.52294135	0.706084272
0.762800264	0.608972793
0.768669264	0.615209476
0.771529528	0.607988356
0.771520542	0.392017471
0.768679771	0.384818502
0.762819731	0.391049332
0.333698485	0.46015466
0.342387045	0.455256048
0.316996752	0.423661452
0.310068314	0.416722753
0.392379384	0.382225888
0.401633731	0.380983016
0.703393218	0.89872895
0.703375155	0.101266913
0.446117643	0.355330761
0.451793451	0.347942908
0.451796334	0.652036127
0.446117661	0.644669192
0.448035953	0.790410257
0.44529986	0.799946319
0.451926134	0.799400383
0.451926128	0.200599603
0.44529985	0.200053671
0.44803595	0.209589726
0.493807572	0.085237707
0.489822728	0.093426741
0.488741071	0.905511436
0.493739802	0.914482973
0.191030065	0.422875128
0.184123576	0.429677038
0.311555497	0.28578078
0.301863451	0.28292835
0.301862906	0.717051399
0.311555439	0.714216805
0.37356619	0.154677322
0.374168173	0.145889148
0.367435046	0.147898664
0.367421342	0.852054426
0.374154469	0.854063944
0.373566198	0.845322674
0.784796192	0.588466581
0.78726261	0.595555868
0.787262588	0.404444114
0.78479616	0.411533401
0.559152394	0.361602817
0.559152425	0.638397114
0.440067023	0.80451184
0.436176842	0.795521714
0.436176829	0.204478273
0.440067007	0.19548815
0.787049531	0.563079304
0.779751301	0.556104117
0.779751723	0.44389522
0.787049911	0.436919954
0.280993128	0.702417763
0.273623277	0.701018623
0.273426441	0.298762161
0.280998235	0.297394924
0.595999368	0.191186597
0.586677917	0.193704881
0.586677937	0.806295115
0.595995615	0.808870988
0.350582293	0.482047516
0.102052371	0.560483837
0.096871461	0.556533635
0.105500383	0.553870475
0.622482593	0.335920413
0.622480307	0.664096141
0.862123032	0.703706432
0.856753759	0.699455291
0.856366922	0.708736116
0.856376463	0.291287564
0.856761942	0.300570806
0.862132301	0.296304426
0.258713243	0.880449356
0.259280505	0.872010851
0.253244026	0.873472763
0.253234917	0.126539286
0.259271395	0.128001197
0.258713243	0.119550643
0.410974149	0.21994823
0.408716179	0.229646559
0.408727288	0.770354264
0.410985257	0.780052594
0.265688695	0.674332021
0.270613032	0.681033977
0.273960657	0.672416702
0.274107275	0.327496513
0.270753889	0.318845044
0.265682939	0.325633756
0.507525676	0.285934163
0.51775736	0.283142245
0.517821956	0.716867876
0.507579843	0.714043769
0.103195745	0.288847063
0.112704377	0.289072444
0.112761779	0.710932355
0.103208534	0.711154006
0.174381546	0.658275011
0.173429739	0.667795373
0.173477593	0.332187268
0.174424809	0.341707279
0.30329393	0.406878422
0.310835498	0.399432301
0.899008475	0.616168848
0.907529014	0.614421437
0.899132596	0.608840382
0.898788111	0.391582039
0.907143279	0.385948373
0.898967221	0.383778536
0.320485134	0.438636597
0.31352044	0.445275922
0.320580281	0.447635486
0.90333281	0.600338682
0.90297747	0.40009193
0.794269702	0.836479306
0.787653261	0.842152236
0.787649521	0.157856148
0.794265962	0.163529078
0.79973553	0.702773549
0.808473055	0.69884877
0.808486829	0.301157877
0.799743989	0.297228876
0.441932767	0.186809154
0.432809745	0.191233756
0.43240733	0.809204012
0.441530348	0.813628617
0.536045355	0.430111818
0.53097428	0.42540318
0.529976282	0.434620911
0.530058208	0.565288556
0.531065309	0.574496244
0.536054468	0.569878051
0.426448818	0.183621941
0.424583058	0.192300936
0.424583074	0.807699053
0.426046399	0.81681583
0.139158458	0.294445389
0.135642705	0.285643769
0.13898001	0.705517384
0.135510947	0.714325021
0.428408088	0.493264589
0.419930432	0.489514475
0.421465616	0.496264893
0.544371158	0.318421259
0.54586524	0.311135719
0.536636761	0.313857897
0.53663872	0.686141092
0.545867201	0.688863272
0.544371188	0.681578689
0.852596984	0.771839434
0.842658457	0.774181376
0.85191973	0.778174504
0.851919729	0.221825495
0.842658458	0.22581862
0.852596985	0.228160564
0.277628285	0.636942052
0.277841039	0.644717421
0.286538505	0.639345329
0.286545935	0.360687132
0.277844729	0.355312328
0.277632026	0.363060636
0.899123129	0.695785729
0.899343797	0.703599872
0.899343864	0.29640018
0.899123127	0.304214268
0.260571404	0.456218351
0.320177364	0.455885629
0.271913821	0.340143422
0.262391287	0.340638566
0.265268784	0.346496763
0.265268784	0.653503211
0.262391286	0.659361406
0.271913819	0.65985655
0.551716925	0.322189712
0.551716957	0.677810235
0.794348728	0.601006642
0.80096194	0.606693634
0.800886918	0.596422299
0.8008869	0.403577692
0.800918696	0.393312676
0.794305477	0.398999664
0.290287917	0.867039317
0.286973082	0.857108028
0.28697547	0.142918676
0.290290306	0.132987388
0.810686025	0.594452023
0.804072813	0.588765031
0.804072794	0.411234961
0.810686014	0.405547973
0.191109908	0.74071866
0.182954881	0.737591967
0.182982697	0.262352167
0.191109916	0.259281324
0.749489952	0.625813499
0.75720668	0.625550601
0.752223273	0.61645681
0.752242744	0.383565319
0.757226153	0.374471531
0.749489937	0.374186487
0.729721994	0.624129667
0.735824787	0.619851366
0.726828169	0.615024109
0.726828152	0.38497587
0.735824774	0.380148612
0.729721979	0.375870316
0.786381566	0.760454115
0.784556597	0.75128612
0.784556736	0.248645729
0.786381561	0.239545881
0.265393093	0.704369458
0.257163765	0.707247027
0.266068326	0.712358785
0.26605121	0.287622131
0.257145021	0.292732077
0.265357232	0.295590582
0.620095888	0.279179077
0.613725818	0.276572767
0.615558093	0.286207919
0.615491896	0.713708273
0.613751571	0.723314159
0.620187849	0.720791629
0.262880688	0.721822017
0.271110016	0.718944448
0.271092899	0.281036467
0.262880687	0.278177962
0.492651419	0.239024564
0.486003597	0.235461106
0.486325696	0.245666053
0.486325688	0.754333882
0.486003594	0.764538837
0.492651427	0.760975424
0.27587077	0.757838064
0.271689053	0.750098635
0.271586012	0.249847235
0.275770421	0.242108359
0.054447954	0.543797954
0.924479235	0.638730831
0.921690916	0.646988234
0.921686987	0.353006754
0.924475305	0.361264157
0.409503961	0.37758338
0.418588681	0.372090073
0.418588688	0.627909895
0.408885833	0.623423993
0.19311323	0.35443869
0.192110153	0.64636433
0.163548659	0.39653129
0.173286148	0.393954589
0.651252546	0.482838972
0.651470146	0.493451289
0.651471044	0.506548688
0.652434082	0.517192683
0.724477043	0.658769078
0.724459552	0.341244413
0.429939665	0.365555838
0.439238917	0.360441951
0.439238935	0.639558007
0.429939673	0.634444134
0.120978631	0.675628683
0.125569974	0.66851951
0.117511992	0.667659064
0.117510264	0.332233067
0.125619105	0.331285963
0.121029498	0.324284635
0.13325216	0.670580641
0.133303026	0.329332675
0.572484336	0.421094749
0.570643086	0.429913451
0.578066129	0.428942342
0.578027404	0.571240754
0.570639448	0.570103776
0.57244929	0.579071046
0.581878448	0.270670441
0.581837099	0.729196182
0.250303416	0.615051897
0.580607056	0.113053033
0.582086385	0.121729392
0.582086413	0.878270598
0.580607084	0.886946958
0.14324966	0.401656129
0.152738467	0.399431386
0.694934855	0.156752703
0.688591993	0.16510359
0.688450804	0.835019251
0.694913308	0.843171541
0.312704254	0.907200339
0.312678612	0.092836116
0.257114406	0.493192567
0.249697743	0.486801219
0.248750011	0.493608631
0.062860568	0.544519345
0.571541292	0.164099762
0.578507067	0.157057153
0.578507092	0.84294284
0.571541316	0.835900231
0.445531616	0.11204962
0.452833433	0.106671185
0.452799291	0.893299603
0.445489849	0.887849596
0.3557971	0.528069345
0.361766345	0.522871027
0.354585068	0.520382334
0.3983795	0.533539933
0.403754668	0.52709864
0.394593191	0.523846932
0.666263678	0.2492434
0.673532731	0.244757142
0.673463558	0.755228664
0.666161596	0.750735916
0.192269128	0.522691776
0.199787778	0.518642363
0.264109346	0.782135527
0.256314376	0.78605559
0.261447407	0.790823525
0.261439517	0.209173848
0.256306488	0.213941785
0.264109348	0.21786446
0.869078373	0.697468423
0.869082326	0.302538212
0.469504833	0.298087229
0.46950486	0.701912732
0.590374786	0.384309592
0.589264813	0.392000139
0.596710288	0.38932636
0.596648361	0.610484287
0.589203011	0.607769098
0.590374944	0.615648939
0.7946782	0.76352237
0.794678195	0.236477626
0.424817639	0.207744969
0.426618234	0.21800481
0.43274458	0.210172592
0.432744609	0.78982739
0.426618268	0.781995168
0.424817664	0.792255012
0.340388672	0.372601618
0.779359148	0.692921459
0.779359143	0.307078536
0.24880321	0.259516873
0.247450237	0.266138678
0.256575326	0.263039402
0.256606727	0.736951206
0.247467744	0.733863165
0.248852118	0.740475599
0.461594716	0.786001744
0.462114412	0.776865499
0.455181922	0.780728076
0.455181912	0.219271898
0.462114397	0.223134482
0.461594712	0.213998241
0.306518629	0.618129536
0.309855274	0.624668824
0.314499362	0.616858011
0.711767059	0.197447308
0.711767065	0.80255268
0.161611523	0.653394102
0.169616427	0.65192592
0.163897468	0.64470918
0.164395525	0.355061256
0.169717309	0.34802424
0.162112584	0.346370391
0.241620235	0.255705497
0.241766645	0.74431175
0.863143866	0.64668225
0.864125292	0.655693452
0.8641339	0.344331387
0.863146738	0.353323009
0.790633653	0.581416962
0.781156139	0.579148236
0.781156059	0.420851662
0.790633579	0.418582941
0.946174522	0.545800879
0.941471777	0.551041861
0.527329071	0.161592292
0.527148319	0.8396761
0.877635068	0.67966135
0.882522967	0.687930819
0.882526873	0.312076341
0.877641907	0.320351185
0.781300571	0.534260311
0.788040791	0.541116328
0.788044679	0.458879771
0.781300915	0.465739315
0.77494739	0.523421299
0.779749138	0.518943833
0.770934983	0.516196773
0.770934811	0.483803235
0.779748995	0.481056166
0.774947298	0.476578739
0.388437266	0.176510594
0.3975271	0.176975767
0.397580266	0.823000468
0.388861757	0.823244686
0.284185484	0.710991154
0.290880956	0.703927701
0.290903664	0.295886205
0.28416885	0.288971917
0.322218597	0.762020139
0.316137921	0.76707807
0.316137919	0.232921909
0.322218594	0.237979837
0.140047311	0.620879445
0.140047315	0.379120521
0.753511865	0.173198593
0.753516239	0.826811185
0.342288389	0.726342395
0.343764908	0.732750401
0.350544327	0.726485634
0.350544317	0.273514342
0.343764898	0.267249575
0.34228838	0.273657576
0.699015792	0.608526961
0.702995451	0.602358439
0.693928701	0.602254959
0.693929799	0.397746231
0.702986925	0.397637889
0.69900613	0.391468145
0.319369399	0.184734792
0.319365166	0.815235527
0.132172459	0.532159313
0.586302696	0.149035437
0.592940587	0.141914271
0.592940635	0.858085913
0.586302742	0.850964748
0.378579333	0.742693461
0.376539299	0.751706391
0.382826182	0.749778416
0.382826161	0.250221562
0.376539283	0.248293589
0.378579317	0.257306519
0.416467353	0.170591401
0.423703333	0.164247479
0.417285993	0.162106274
0.417398751	0.837958811
0.424329399	0.83611605
0.417088451	0.829768879
0.568208799	0.436992919
0.562627006	0.429145327
0.562627024	0.5708546
0.568205138	0.563024308
0.80186425	0.715769964
0.79661858	0.710008433
0.793175685	0.718106035
0.793184094	0.281863927
0.796631468	0.289978185
0.801876695	0.284218235
0.107804797	0.362169952
0.107944791	0.37275411
0.113419282	0.366751696
0.107944795	0.627245872
0.107804796	0.637830026
0.113419281	0.633248276
0.204374175	0.393829896
0.905491604	0.694185973
0.905491603	0.305814026
0.738013024	0.120368153
0.732250809	0.129954482
0.732251765	0.870044945
0.738013974	0.879631278
0.417518797	0.153976883
0.417577664	0.846057281
0.204533058	0.606836103
0.106668533	0.445773757
0.101978141	0.4389161
0.097096042	0.443373168
0.407313737	0.518821231
0.411100046	0.528514231
0.416462872	0.339135805
0.412087697	0.33155778
0.412285155	0.668580574
0.41666033	0.661002549
0.132884153	0.683800357
0.124344973	0.681332035
0.124390892	0.318570714
0.13289836	0.31611603
0.345211776	0.879726398
0.345012443	0.871067959
0.345012434	0.128932043
0.345211766	0.120273606
0.309117711	0.760763367
0.308650922	0.770674693
0.30865092	0.229325288
0.309117707	0.23923661
0.823278125	0.474336623
0.81588243	0.477072529
0.329718307	0.726448046
0.320403511	0.728856014
0.320403504	0.271143954
0.329718299	0.273551923
0.180157639	0.423196217
0.17917614	0.432131165
0.38715819	0.1540612
0.379289019	0.159992845
0.379348645	0.840017942
0.387156827	0.845934107
0.601700135	0.188242602
0.592363473	0.184478993
0.592355152	0.815535193
0.601688041	0.811829175
0.826937857	0.59232527
0.828824963	0.601754074
0.833892326	0.597268953
0.833901848	0.402727781
0.828825814	0.398245702
0.826946511	0.407671681
0.68983116	0.491917866
0.681081125	0.491917866
0.681081787	0.508081993
0.689831752	0.508081993
0.555972024	0.190719116
0.555982622	0.809259185
0.398083267	0.33963613
0.402458092	0.347213549
0.402458112	0.652786424
0.398083287	0.660363843
0.45092161	0.7754929
0.450401914	0.784629144
0.450401903	0.215370831
0.450921587	0.224507071
0.549416104	0.460530582
0.541718786	0.454549551
0.54172084	0.545446739
0.549416178	0.539469346
0.439776994	0.513406486
0.441106053	0.523063076
0.118587467	0.371804683
0.118447472	0.361220525
0.118447469	0.638779444
0.118587468	0.62819529
0.788676779	0.726771927
0.783431109	0.721010396
0.783471407	0.278845759
0.788716634	0.273085809
0.12913701	0.370938004
0.129137007	0.629061965
0.875100941	0.693346973
0.875104847	0.306660188
0.585501627	0.434961649
0.587342877	0.426142947
0.587304484	0.574038592
0.585494642	0.565071323
0.515441274	0.392226087
0.515441293	0.607773852
0.840825321	0.601524042
0.840826176	0.398475735
0.39251818	0.539180358
0.401679656	0.542432065
0.39169637	0.770023113
0.389032409	0.760745766
0.389024076	0.239254848
0.391613251	0.229983219
0.399031051	0.45949809
0.740172557	0.702556504
0.740172549	0.297443491
0.912533427	0.550659047
0.394315472	0.360393782
0.394544684	0.639479041
0.83010671	0.469642254
0.821338318	0.465059651
0.466711528	0.083378523
0.470915823	0.076250231
0.470975297	0.923818122
0.466771001	0.91668983
0.673067351	0.478441619
0.673388085	0.521566876
0.314914067	0.785110271
0.323953326	0.7905926
0.323953685	0.209407097
0.314914426	0.214889417
0.431950497	0.338696297
0.431976843	0.661322118
0.438955883	0.504391068
0.534326863	0.449325524
0.53432891	0.550670763
0.943819457	0.55693712
0.574902751	0.127834608
0.574907436	0.872168462
0.200030397	0.787171587
0.197896458	0.795179198
0.206995871	0.790921049
0.207044738	0.209088622
0.197945325	0.204830474
0.200030407	0.212828399
0.542814913	0.4251162
0.542824026	0.574873675
0.158607027	0.636481007
0.166611931	0.635012825
0.166660872	0.36496521
0.159056146	0.363311361
0.626129517	0.301956848
0.626118484	0.698122354
0.212914155	0.798971354
0.212994885	0.201044634
0.526436123	0.443452123
0.525715629	0.453448098
0.414675346	0.316160738
0.414596434	0.683925988
0.525735922	0.546515606
0.52645438	0.556515205
0.446830255	0.498993314
0.437817644	0.494617254
0.055741758	0.436679938
0.065358132	0.433442448
0.624995438	0.27063322
0.625087392	0.729337491
0.413751307	0.499628651
0.26419453	0.510485311
0.553199385	0.384368336
0.553241121	0.615685364
0.552019299	0.136601009
0.542305112	0.137027978
0.549642964	0.144032774
0.552396716	0.863648447
0.549684919	0.855994935
0.542724461	0.863249197
0.701869322	0.48198926
0.701880305	0.518010958
0.383464635	0.334164184
0.383464594	0.665835866
0.524974784	0.225937374
0.524977311	0.774036559
0.373137298	0.488316896
0.115701007	0.495483011
0.105453261	0.496929128
0.238905493	0.493597991
0.250250187	0.384731661
0.839705523	0.492970054
0.839478817	0.482429667
0.504242842	0.492643156
0.499868017	0.48506574
0.499868034	0.514934132
0.504242859	0.507356709
0.512992807	0.492643159
0.512992894	0.507356713
0.487132315	0.492417814
0.49150749	0.499995836
0.487132315	0.507573865
0.706642676	0.263497096
0.711041852	0.272691823
0.714998353	0.26419797
0.714934599	0.735766106
0.711035478	0.727304577
0.706585297	0.736470572
0.188370286	0.568340696
0.197677444	0.569170246
0.191922389	0.560744494
0.868097039	0.246551613
0.872973744	0.25377499
0.872986153	0.746153149
0.868109448	0.753376527
0.265894242	0.225437378
0.25679906	0.229371996
0.256911461	0.770561302
0.265913365	0.774551769
0.907600122	0.654808205
0.907600121	0.345191793
0.923387201	0.401803531
0.929325154	0.409015348
0.929325154	0.590984649
0.923427214	0.598214908
0.387387412	0.933336285
0.389999015	0.923574347
0.38204502	0.928973402
0.382051924	0.071025483
0.38986672	0.076218724
0.387248212	0.066457901
0.322359398	0.563368014
0.368041868	0.525519778
0.249596635	0.294288984
0.249617461	0.705687801
0.792682868	0.806840212
0.78753696	0.810266297
0.794006604	0.81596352
0.794006595	0.184036475
0.787536951	0.189733646
0.792682859	0.19315973
0.782016195	0.817761489
0.780692458	0.80863818
0.780692449	0.191361761
0.782016185	0.182238505
0.564703273	0.337721815
0.565180014	0.347237598
0.565180042	0.65276234
0.564703298	0.662278128
0.193317235	0.801479197
0.184943351	0.796825047
0.184943363	0.203174942
0.193317247	0.198520792
0.480068346	0.078514041
0.480139535	0.921599505
0.376292009	0.586477688
0.367544521	0.590367593
0.787337632	0.605827203
0.787294384	0.394179097
0.643694498	0.37780578
0.643694562	0.622194174
0.707815647	0.157583843
0.71640582	0.153040286
0.717084134	0.846323296
0.708482767	0.841798322
0.803416743	0.613987153
0.803368742	0.386019941
0.636735091	0.436104677
0.644472181	0.430477924
0.636386544	0.564506344
0.644472459	0.569521985
0.635832365	0.178017543
0.64364716	0.180806882
0.644089428	0.172965738
0.644086269	0.827037754
0.643625309	0.819208962
0.635813694	0.821994801
0.651466101	0.18332799
0.643209038	0.188379794
0.643190368	0.811632551
0.651462944	0.816675504
0.359525348	0.594941331
0.36839743	0.599132765
0.361407846	0.792547088
0.362720286	0.784860175
0.361935033	0.215199842
0.360622596	0.207512932
0.854299524	0.59480203
0.857009392	0.586799713
0.857048274	0.413187208
0.854299517	0.405197965
0.447026326	0.181139341
0.446981282	0.818909129
0.651788675	0.435481434
0.65258946	0.425702502
0.652582242	0.574294208
0.651781645	0.564515275
0.535978442	0.130663872
0.533602107	0.138095637
0.533695312	0.861965951
0.536407109	0.869619463
0.189226987	0.747498118
0.198096796	0.741990529
0.198089154	0.258007063
0.189219344	0.252499475
0.264718715	0.695906865
0.264520252	0.303872108
0.24060624	0.758938864
0.246119466	0.7651984
0.245924266	0.234841284
0.24039454	0.241182909
0.153353781	0.456674554
0.144860817	0.461301825
0.151867044	0.464828951
0.150147655	0.472857978
0.158640619	0.468230706
0.661197774	0.32121457
0.659186882	0.31220506
0.654972874	0.318994823
0.655053639	0.68094061
0.659281095	0.687721539
0.661211238	0.678776579
0.665167036	0.326751188
0.669381044	0.319961425
0.669394509	0.680029726
0.665167052	0.673248796
0.404987202	0.145671665
0.396737923	0.147303255
0.396736562	0.85269205
0.404987212	0.85432833
0.361324148	0.800802477
0.370455564	0.795720123
0.369595527	0.204345612
0.361249348	0.199203228
0.843948206	0.758499471
0.837936417	0.755393172
0.843898203	0.241460787
0.837886413	0.244567084
0.270125315	0.635585939
0.270129274	0.364485905
0.188050519	0.245743739
0.187034816	0.237390417
0.181224403	0.245420413
0.181230515	0.754577658
0.187086832	0.762593306
0.188096415	0.754241897
0.466742567	0.474197632
0.459045146	0.468838
0.46007025	0.529855577
0.468215322	0.52523524
0.537743997	0.48509162
0.545817638	0.480348381
0.545817833	0.519651595
0.537744144	0.514908329
0.519611984	0.478748295
0.527353562	0.484250747
0.527353593	0.515749145
0.519612008	0.521251601
0.500197513	0.467986027
0.508534471	0.472353771
0.508534492	0.527646116
0.500131292	0.532085618
0.493493346	0.448957355
0.494285085	0.458301028
0.494210018	0.541780195
0.493484515	0.551052123
0.471788785	0.493567086
0.472173109	0.484161417
0.472681623	0.515815764
0.471788785	0.506359041
0.225337247	0.759199383
0.219023211	0.752072411
0.215604242	0.759153095
0.215604248	0.240846889
0.218999694	0.247941106
0.225313729	0.240814132
0.338455366	0.115732135
0.338468549	0.884270417
0.224833384	0.745308465
0.224809866	0.254705052
0.517420316	0.165151575
0.517420335	0.834848417
0.385083853	0.538905798
0.388384009	0.54779793
0.383858457	0.123818012
0.38393969	0.875883687
0.265769441	0.54367635
0.257776428	0.543916073
0.264638244	0.550225507
0.259465137	0.556683902
0.267458149	0.556444179
0.685409033	0.193580045
0.685398029	0.806438242
0.81571078	0.522791287
0.822997457	0.525483563
0.395465763	0.090931991
0.394744076	0.100830743
0.401132329	0.096772284
0.394733599	0.899225526
0.395392779	0.909058926
0.401070478	0.903272981
0.14203667	0.507361814
0.384874254	0.101842643
0.384851145	0.89812137
0.732300302	0.631302925
0.732300291	0.36869706
0.639700515	0.269310409
0.640489405	0.262851542
0.632516154	0.26526365
0.632419843	0.734720529
0.640393095	0.73713264
0.639700514	0.730689578
0.29499421	0.696071755
0.295021603	0.303731942
0.781244647	0.682567661
0.781244641	0.317432335
0.439056622	0.096781594
0.429121499	0.09788457
0.435959604	0.102851991
0.435959618	0.897148011
0.429121513	0.902115431
0.439056637	0.903218408
0.526844001	0.333831885
0.518214711	0.338160513
0.524016962	0.343170818
0.524016991	0.656829131
0.518254807	0.661871478
0.526884099	0.666200099
0.514081528	0.332527846
0.514126126	0.667692414
0.481818406	0.277381269
0.490536062	0.282259967
0.490900136	0.717784679
0.482192906	0.722695558
0.772393348	0.579508664
0.772393304	0.4204913
0.821280716	0.534871987
0.829843562	0.530181693
0.497557168	0.766840634
0.497557158	0.233159356
0.12598434	0.288325736
0.118832771	0.292011971
0.118924226	0.707995677
0.125860535	0.711643726
0.232797669	0.7876383
0.232789823	0.21235852
0.690163016	0.574198207
0.690524089	0.425203921
0.230415931	0.505678135
0.23049761	0.497435409
0.224435904	0.503134844
0.863480651	0.501012793
0.34065654	0.627609644
0.782273045	0.635379168
0.782216068	0.364645001
0.890465526	0.617711624
0.898861944	0.62329268
0.89882069	0.376654705
0.890465522	0.382288371
0.475910486	0.187488878
0.475910499	0.812511118
0.316169399	0.382874207
0.316258378	0.372970057
0.528480983	0.085507461
0.528642679	0.914695899
0.70902171	0.568453893
0.704089632	0.575472446
0.711973332	0.576743051
0.711980877	0.423249385
0.704154219	0.424439884
0.709078691	0.431465978
0.241634922	0.676723816
0.241634925	0.32327616
0.700189116	0.582330053
0.697237495	0.574040895
0.697294492	0.425878967
0.700196679	0.417662375
0.6096502	0.110524906
0.612658836	0.116828379
0.618447273	0.10876656
0.618451447	0.891242604
0.612663013	0.88318078
0.609650224	0.889475088
0.87968881	0.648800182
0.88373298	0.639704597
0.875918216	0.643008922
0.875918214	0.356991073
0.88373302	0.360295478
0.879688852	0.351199893
0.806814921	0.224648608
0.803540574	0.217629392
0.80354058	0.782370603
0.806814924	0.775351386
0.768569146	0.526618011
0.777383302	0.529365071
0.777383248	0.47063496
0.768569063	0.473382029
0.179809645	0.567777718
0.80793895	0.768157935
0.807938945	0.23184206
0.249704531	0.824516269
0.249708134	0.175485844
0.388758112	0.254101925
0.386718078	0.245088995
0.3867181	0.754910983
0.388758134	0.745898053
0.441117709	0.107128736
0.440754597	0.117429341
0.440712829	0.882469875
0.441117722	0.892871266
0.856454132	0.57451872
0.855276985	0.564811264
0.855354129	0.435301401
0.856508843	0.425561211
0.107607672	0.400445911
0.101714366	0.407407908
0.111683416	0.406342069
0.11173705	0.59355748
0.101673759	0.59258526
0.107681423	0.599464912
0.342696193	0.71924323
0.335916774	0.725507997
0.335916765	0.274491972
0.342696184	0.280756739
0.430999924	0.225555211
0.430999959	0.774444766
0.352162484	0.442381085
0.350645263	0.434825467
0.342599039	0.440143603
0.347566415	0.428405181
0.201105249	0.652376079
0.201105251	0.347623895
0.764316792	0.51033712
0.76911854	0.505859653
0.769118079	0.494140331
0.764316382	0.489662904
0.585242235	0.096989437
0.576308578	0.091195933
0.577526736	0.098907681
0.577526766	0.901092312
0.57630861	0.90880406
0.585242267	0.903010554
0.48429885	0.941480652
0.489173863	0.933638635
0.489160835	0.066411581
0.484296095	0.058529951
0.717888443	0.255708081
0.717831067	0.744259587
0.336197187	0.646816978
0.332590849	0.639046713
0.327547863	0.645246078
0.910000423	0.4800974
0.900545056	0.479587054
0.336690255	0.79678245
0.345953295	0.80162075
0.345952999	0.198373962
0.336689966	0.203212268
0.203002462	0.779438175
0.193903048	0.783696324
0.193903059	0.216303662
0.203002471	0.22056181
0.376808973	0.265952927
0.370522094	0.264024954
0.3705221	0.735975037
0.376808983	0.734047061
0.757527859	0.506869553
0.759344301	0.517206673
0.760026268	0.48358073
0.758209536	0.493917826
0.32860779	0.632249457
0.337257114	0.633820357
0.735846953	0.237266992
0.742437417	0.242477439
0.742271002	0.757892995
0.735665312	0.763130723
0.360384543	0.269885821
0.358908024	0.276293822
0.358908029	0.723706164
0.360384548	0.73011417
0.853611511	0.511515324
0.850327851	0.519720098
0.091649114	0.515302042
0.099960513	0.50966655
0.139914651	0.639759562
0.140445085	0.6296049
0.134127924	0.634552134
0.134127928	0.365447834
0.140494992	0.370372001
0.139964557	0.36021734
0.376159169	0.27336425
0.384216391	0.266645814
0.384216407	0.733354157
0.376159174	0.726635732
0.748209938	0.659718001
0.740097941	0.654696168
0.740080455	0.345317329
0.747987195	0.340388908
0.232696348	0.774520444
0.229655301	0.766460928
0.229572507	0.233645444
0.232613554	0.225585929
0.365298296	0.719582537
0.355458075	0.715954002
0.355458063	0.284045972
0.365298289	0.280417451
0.407502114	0.353713649
0.407456365	0.646389897
0.23654432	0.781409318
0.241240297	0.773530662
0.241074636	0.226548268
0.236461459	0.218563224
0.558133027	0.324312576
0.559849738	0.330704805
0.55813306	0.675687369
0.559849765	0.66929514
0.554687748	0.335697355
0.65595436	0.168381532
0.661191081	0.175430459
0.665241218	0.168056913
0.665226545	0.831967471
0.661173229	0.824597424
0.655951201	0.831621961
0.554687779	0.664302589
0.672849282	0.493057354
0.673026909	0.506947328
0.62109847	0.574968576
0.620589402	0.581998307
0.620589344	0.418001667
0.621447223	0.42564249
0.419568966	0.346766394
0.419595299	0.65325204
0.374422358	0.568875801
0.368231423	0.564316492
0.379080989	0.562271202
0.781123746	0.840660056
0.782960797	0.849535397
0.782949719	0.150482135
0.781108929	0.159365859
0.480459986	0.331109466
0.480469564	0.668888243
0.869612171	0.645313031
0.860881991	0.639890774
0.860884862	0.360114485
0.86961217	0.354686964
0.130039501	0.477143638
0.138436891	0.477310585
0.13497669	0.469289276
0.155736851	0.581247684
0.154540253	0.572899003
0.640291351	0.253659353
0.640195045	0.746324829
0.195029756	0.244469479
0.195083304	0.755513766
0.262338535	0.352338869
0.271861068	0.351843726
0.271861068	0.64815625
0.262338535	0.647661105
0.216584645	0.498350687
0.933487233	0.447412941
0.741612578	0.622838316
0.746595985	0.631932107
0.746595974	0.368067879
0.741612565	0.377161666
0.36348567	0.398616008
0.732381987	0.204882689
0.738951979	0.211254699
0.738951984	0.788745296
0.732381997	0.79511731
0.431182586	0.108231712
0.431182599	0.891768289
0.297158591	0.524549416
0.570324862	0.100192945
0.579258519	0.105986449
0.579258548	0.894013543
0.57032489	0.899807048
0.485808771	0.228615598
0.490833053	0.220472717
0.490833066	0.779527277
0.485808785	0.771384397
0.905043323	0.446444382
0.592667881	0.096054584
0.592667913	0.903945407
0.573405181	0.114338298
0.573405209	0.885661694
0.568165142	0.065230446
0.572613038	0.057615533
0.57268464	0.942457715
0.568236756	0.934842797
0.819648819	0.542265521
0.237675149	0.63514611
0.246026238	0.63065895
0.599844077	0.094661639
0.599844106	0.905338353
0.861959365	0.608115841
0.858874046	0.617065106
0.866726501	0.616477768
0.866726496	0.383522226
0.858874043	0.382934889
0.861959358	0.391884154
0.850107096	0.615559343
0.850107092	0.384440653
0.810248132	0.761244155
0.801385326	0.765865359
0.801385321	0.234134637
0.810248128	0.23875584
0.796987383	0.756608591
0.796987377	0.243391406
0.874166182	0.613812396
0.884566301	0.61534204
0.884566296	0.384657954
0.874166176	0.386187598
0.063274358	0.51457826
0.052016486	0.512244547
0.83820234	0.517352527
0.838672223	0.506955892
0.637566146	0.074071748
0.63762345	0.925916323
0.214320037	0.767048335
0.207925803	0.775365021
0.207932378	0.224555723
0.21432661	0.232872407
0.801092525	0.209930333
0.801092532	0.790069662
0.800876737	0.741862477
0.79188571	0.746539085
0.799271284	0.749588994
0.799271279	0.250411001
0.791890149	0.253437533
0.800881177	0.258114139
0.37682778	0.202034674
0.376902583	0.797971028
0.536524383	0.097328836
0.53143235	0.104731033
0.531405372	0.895280578
0.536405816	0.902707188
0.06724108	0.537039149
0.412715327	0.132406304
0.421985074	0.130603075
0.417574783	0.124104519
0.417574793	0.875895481
0.421985082	0.869396924
0.412715337	0.867593692
0.425054004	0.138935792
0.425054012	0.861064207
0.112242958	0.297996169
0.11230259	0.702008816
0.52508204	0.071314933
0.525248124	0.928887093
0.782115492	0.20895731
0.77908305	0.200283281
0.774985327	0.210383689
0.774985333	0.789615673
0.779083059	0.79971657
0.782115498	0.791042091
0.850188774	0.763897794
0.850801268	0.754550959
0.850742943	0.245394421
0.850180453	0.236087323
0.558960954	0.118409274
0.56728399	0.124004898
0.566430682	0.115809258
0.566430708	0.884190734
0.567325948	0.876022811
0.559002912	0.881618436
0.87365634	0.636217446
0.873656338	0.363782549
0.179092699	0.394349164
0.188802402	0.395889467
0.186390397	0.38978101
0.406594099	0.103186857
0.407315786	0.093288104
0.407253613	0.906701852
0.406594434	0.896868451
0.161064867	0.483777658
0.167673444	0.481307238
0.163529806	0.473789313
0.130448512	0.562437177
0.12814454	0.553589308
0.172303647	0.487055205
0.645583614	0.195387802
0.650024084	0.202727504
0.655468449	0.198240603
0.655468469	0.801759396
0.650024105	0.797272497
0.645583639	0.804612194
0.652688579	0.209615254
0.652688598	0.790384746
0.378363906	0.540930897
0.394942199	0.130600476
0.40388191	0.132529832
0.403881922	0.867470165
0.394942211	0.869399522
0.391925509	0.138883392
0.387408925	0.130331952
0.387394538	0.869618795
0.391911122	0.861067354
0.086403482	0.333637944
0.095487203	0.331353046
0.087070106	0.327628334
0.087070105	0.672371661
0.095487199	0.668646943
0.086403479	0.66636205
0.74519273	0.738052849
0.745040035	0.262416175
0.904387238	0.555450064
0.56134485	0.173268142
0.565437872	0.178389612
0.569026056	0.169286127
0.569026083	0.830713866
0.565437899	0.821610383
0.561344872	0.826731847
0.29592803	0.278181194
0.303717202	0.273646346
0.303717143	0.726351242
0.295927549	0.721800935
0.890342087	0.717733543
0.886032635	0.725309034
0.886033141	0.274691368
0.890342593	0.282266858
0.243325186	0.43286472
0.250685176	0.43113049
0.258269144	0.428807033
0.171760892	0.593489066
0.565120002	0.249616614
0.570490362	0.244209708
0.570482859	0.755828269
0.565111783	0.75042498
0.908065796	0.645999621
0.906368992	0.637745546
0.899271678	0.643566378
0.899271675	0.356433618
0.906365061	0.36224944
0.908061866	0.353995365
0.902489883	0.628531103
0.911284002	0.630964347
0.91123882	0.368978029
0.902448629	0.371416282
0.559306228	0.255016483
0.559305524	0.744987113
0.794192251	0.556822043
0.794136321	0.565841357
0.794135823	0.434157693
0.794192256	0.443176444
0.50409203	0.480114395
0.512928126	0.477525758
0.51292815	0.522474123
0.50409206	0.519885482
0.515169543	0.486508918
0.515169576	0.513490967
0.474073031	0.499958966
0.480730734	0.493599862
0.480730734	0.506391817
0.072371716	0.433380172
0.773903704	0.620061427
0.76517444	0.621045863
0.765193914	0.378976271
0.773894725	0.37994441
0.464230402	0.793487202
0.464230396	0.206512784
0.729244855	0.135791335
0.720729565	0.140667
0.720728187	0.859335314
0.729244874	0.864208656
0.661014443	0.578777661
0.661021681	0.421219067
0.40213383	0.216790244
0.409850973	0.212419201
0.409851001	0.787580776
0.402144937	0.783210581
0.351648066	0.600651789
0.819668826	0.457702164
0.341897487	0.813272671
0.333211862	0.811989592
0.333212042	0.187978595
0.341894148	0.186701068
0.250015496	0.568153097
0.242576149	0.566645387
0.253873901	0.560809578
0.258426636	0.570246092
0.296078234	0.380054268
0.360711148	0.846032848
0.361299419	0.854774118
0.361313123	0.145178974
0.36071114	0.153967148
0.437977447	0.78526187
0.437977423	0.214738113
0.686455611	0.310315609
0.684036582	0.317510191
0.684038743	0.68249227
0.686455624	0.689684378
0.681636813	0.325836795
0.675750075	0.317171439
0.67575009	0.682828547
0.681638976	0.674165666
0.942118258	0.573100123
0.940623104	0.581686388
0.940612821	0.418350574
0.942107974	0.426936839
0.455048901	0.80560362
0.457784993	0.796067557
0.457784988	0.203932425
0.455048889	0.194396371
0.871873277	0.593325487
0.866269829	0.600391118
0.866269822	0.399608876
0.871861209	0.406683609
0.399830294	0.508562904
0.407241507	0.512074081
0.407103442	0.503231345
0.866724223	0.586360485
0.866724217	0.413639508
0.581051238	0.19330287
0.57168548	0.192314006
0.57732737	0.19899791
0.577328566	0.800999675
0.571686678	0.807683578
0.58105126	0.806697127
0.303572402	0.755647737
0.303572397	0.244352239
0.730129437	0.244602521
0.72894043	0.234805599
0.728908934	0.765178609
0.729946745	0.755724847
0.281772203	0.806665551
0.290130502	0.809390546
0.290133451	0.190606988
0.281772601	0.193334115
0.470419228	0.194605516
0.47041924	0.805394479
0.859450046	0.767890922
0.859441725	0.232094198
0.549265405	0.42116854
0.556823884	0.425702086
0.557502815	0.417532314
0.557502844	0.58246761
0.556823909	0.57429784
0.549265419	0.578831381
0.314404945	0.628419248
0.306424212	0.629690773
0.200981139	0.416342962
0.198693844	0.407750143
0.194667759	0.416415348
0.498142082	0.263452539
0.498138691	0.736536948
0.297118616	0.619900824
0.461767918	0.052356477
0.467413661	0.058413993
0.470815832	0.052392577
0.470817283	0.947613003
0.46741512	0.941591583
0.461767927	0.94764352
0.756376271	0.867738448
0.756376267	0.132261549
0.411509442	0.119017602
0.407562244	0.109399245
0.407562622	0.890663437
0.411509497	0.880989771
0.703974926	0.596550105
0.709062017	0.602822107
0.709062532	0.397184045
0.703986201	0.403462131
0.510402153	0.199047604
0.516929116	0.193157849
0.516944435	0.80660173
0.510415941	0.800736016
0.10320679	0.621759255
0.098338629	0.617003914
0.098338626	0.382996066
0.103206789	0.378240723
0.1559169	0.565672399
0.163762517	0.571618881
0.225842168	0.638781307
0.23419435	0.641482482
0.225848554	0.361231895
0.234194347	0.358517489
0.262373577	0.668478463
0.259025952	0.677095738
0.259020193	0.322870042
0.262373579	0.33152151
0.755457569	0.659506445
0.757277723	0.668109224
0.755234824	0.340600462
0.757030232	0.332009564
0.336006105	0.48014807
0.723895426	0.193927004
0.73156665	0.190820649
0.731537134	0.809060695
0.723895441	0.806072989
0.786211683	0.734244428
0.795956259	0.731340067
0.795964684	0.268622324
0.786251997	0.265604156
0.778845913	0.627071823
0.778788936	0.372952347
0.08180048	0.338097152
0.090217577	0.341821864
0.090217573	0.658178127
0.081800478	0.661902845
0.089280183	0.5560191
0.705231824	0.615783407
0.705222172	0.384211704
0.757202343	0.73905501
0.757226932	0.260956012
0.754010002	0.60822188
0.746293274	0.608484778
0.746343189	0.391562968
0.754079405	0.391848012
0.385080449	0.614809437
0.393515659	0.61026826
0.376214631	0.138862679
0.382345776	0.145641337
0.382331387	0.85430941
0.376186531	0.861041162
0.250537764	0.677912499
0.250537766	0.322087478
0.606688319	0.278504879
0.611226114	0.271476037
0.611329325	0.728410694
0.606633372	0.721327338
0.649207244	0.536398126
0.65691122	0.541419672
0.656798676	0.458583207
0.648843158	0.463467485
0.874330506	0.462804664
0.872650788	0.471454497
0.847422188	0.506955892
0.856189323	0.504559432
0.454910581	0.284793873
0.463452839	0.285862041
0.460518001	0.278411951
0.460559923	0.721588101
0.463486632	0.714140764
0.454904434	0.715194508
0.262158603	0.797486125
0.269953573	0.793566063
0.269953576	0.206433924
0.262150716	0.202511249
0.153776651	0.63079849
0.151062188	0.640494845
0.15156121	0.359274457
0.153826557	0.369178411
0.461199157	0.247376193
0.454356979	0.252227193
0.460377185	0.255634364
0.460377327	0.744364711
0.454357127	0.747771872
0.46119918	0.752623784
0.164416558	0.603351561
0.351083815	0.467858257
0.358261146	0.462473505
0.1229536	0.5408978
0.116337556	0.54595928
0.1974546	0.476713343
0.191425866	0.47988232
0.538369788	0.358433039
0.546613607	0.354918162
0.546613638	0.645081774
0.538369815	0.641566898
0.718113471	0.196659508
0.726748506	0.200951603
0.726748518	0.799048397
0.718113481	0.803340486
0.289116881	0.507576276
0.559585706	0.13510536
0.552247854	0.128100564
0.552667205	0.872176611
0.559627663	0.864922349
0.104537237	0.674712396
0.110195823	0.668188337
0.101812411	0.668132496
0.101812222	0.331855504
0.110195638	0.331799656
0.104537242	0.325287587
0.679496266	0.270825076
0.678984491	0.278186642
0.686463075	0.274562156
0.686463077	0.725437838
0.678984494	0.721813351
0.679496267	0.729174915
0.117661093	0.732802729
0.122904886	0.725005587
0.122860271	0.274998143
0.11766109	0.26719727
0.67988382	0.286328899
0.679883827	0.713671094
0.140857098	0.658836234
0.13892199	0.648853556
0.138921995	0.351146414
0.140857104	0.341163737
0.211614985	0.548793536
0.218491371	0.544129186
0.211852321	0.540893578
0.246530269	0.482068055
0.254894664	0.481651991
0.225100525	0.548969775
0.686460355	0.239297958
0.680237666	0.244785698
0.690250351	0.24699379
0.690244889	0.753003123
0.680176631	0.755201777
0.686393857	0.760686438
0.844853699	0.732488924
0.844853554	0.267504066
0.572128086	0.204100167
0.572129283	0.795897416
0.677322727	0.252452975
0.67731459	0.747545349
0.327849266	0.356319895
0.333444686	0.360853456
0.336768972	0.353959549
0.467353169	0.799690439
0.467353157	0.200309552
0.408267795	0.204675044
0.409777544	0.197375612
0.409777568	0.802624368
0.408267821	0.795324936
0.185854294	0.538260818
0.188943421	0.528510397
0.181088567	0.531126839
0.197034856	0.529825756
0.471145348	0.286050601
0.465537927	0.292432524
0.4655308	0.707563027
0.471186288	0.713956619
0.158668365	0.727654977
0.162829835	0.733719399
0.162829843	0.266280579
0.158663485	0.272345411
0.636902143	0.222620865
0.631135528	0.226274394
0.631135536	0.773725588
0.636836099	0.777505746
0.47355998	0.090876553
0.466325871	0.091440346
0.466325889	0.908559653
0.473619454	0.909191798
0.923687985	0.616408868
0.931229802	0.622892591
0.931227049	0.377016565
0.923645218	0.383518729
0.84998906	0.602526753
0.858417375	0.600978456
0.858417368	0.399021539
0.849989053	0.397473243
0.77888257	0.738991463
0.778918584	0.260812352
0.915528299	0.614674521
0.915564579	0.623484251
0.915447033	0.385291307
0.915520573	0.376372292
0.423528338	0.337450583
0.423752129	0.662706206
0.127702939	0.547036689
0.128413703	0.537466498
0.769569996	0.858216355
0.76253871	0.863366157
0.762498603	0.136668892
0.769529889	0.141818693
0.208005695	0.414421186
0.218636537	0.847592619
0.218636462	0.15240748
0.711128213	0.894712823
0.71111015	0.10528304
0.290137871	0.72707888
0.283063164	0.729422278
0.283060942	0.270572772
0.290135649	0.272916169
0.678931107	0.48497522
0.679107996	0.515029321
0.397463706	0.352487706
0.397417977	0.647615813
0.801610774	0.568214123
0.807180002	0.573165459
0.807179903	0.426834404
0.801610258	0.431784884
0.304821106	0.90348343
0.304795463	0.096553024
0.661579337	0.33241401
0.669762607	0.331160864
0.669762603	0.668839281
0.661579333	0.667586133
0.417108114	0.20783303
0.417108142	0.792166949
0.867574534	0.681702998
0.870654597	0.675181641
0.870683919	0.324872102
0.867604832	0.318352537
0.153378876	0.622073036
0.15337888	0.377926931
0.557857995	0.927875352
0.549928484	0.929273094
0.549992087	0.070750957
0.557894266	0.072140394
0.810918529	0.801367716
0.803154586	0.795971217
0.8060681	0.805376864
0.806068093	0.194623133
0.803154579	0.204028779
0.810918524	0.198632281
0.753557409	0.709363948
0.753557401	0.290636046
0.909208513	0.686302825
0.909208512	0.313697174
0.129033826	0.719600511
0.128952556	0.280406279
0.413820619	0.145548137
0.408292201	0.139028388
0.40829221	0.860971608
0.413820628	0.854451858
0.750071685	0.14407822
0.750112891	0.856014237
0.567204467	0.138935069
0.567209151	0.861068
0.838066964	0.692617147
0.843310044	0.697580805
0.838033603	0.307473613
0.843276683	0.302509955
0.145307861	0.768340578
0.138861997	0.767571455
0.138862001	0.232428538
0.145307867	0.231659414
0.325896782	0.810738008
0.33231508	0.804360476
0.332314791	0.195634243
0.325897251	0.189235461
0.338078038	0.36578085
0.329158332	0.368141197
0.288283634	0.717779037
0.288281898	0.282198173
0.19190973	0.615048774
0.191392243	0.385654556
0.249370353	0.787581562
0.252032292	0.778893564
0.25194943	0.22107898
0.249279599	0.212388368
0.441964501	0.243709465
0.434813867	0.239893038
0.434813896	0.760106921
0.441964528	0.756290502
0.794468054	0.574471384
0.794467913	0.425528394
0.817011588	0.731695072
0.809253248	0.738215608
0.809253243	0.261784386
0.817011583	0.268304921
0.423234483	0.799999171
0.416873552	0.80761099
0.416873534	0.192388997
0.423234461	0.200000812
0.268981478	0.562634139
0.274154586	0.556175744
0.078445256	0.502533561
0.232967953	0.240739661
0.236135762	0.248351597
0.236288186	0.75167732
0.233074271	0.759380244
0.865603334	0.736441365
0.858301611	0.73821893
0.858289059	0.261702203
0.865590925	0.263486775
0.555264088	0.175552837
0.555264109	0.824447153
0.848551443	0.740303717
0.854310868	0.74706785
0.848501296	0.259649537
0.854248456	0.25282055
0.514205915	0.205217758
0.513850616	0.214602097
0.513853142	0.78537184
0.514219703	0.794565862
0.128606573	0.639216627
0.128606575	0.360783343
0.185447793	0.486134593
0.464019164	0.462615406
0.464991518	0.536738573
0.344145379	0.135923023
0.344140569	0.864070444
0.130498312	0.463229301
0.128251211	0.453321052
0.807907213	0.581819452
0.798108106	0.583789729
0.798108014	0.416210133
0.807907128	0.418180414
0.54931875	0.488051266
0.549319063	0.511948729
0.485616138	0.45015174
0.485607305	0.549857736
0.771686119	0.842597079
0.771635802	0.15750851
0.344485798	0.156431552
0.344488552	0.843512371
0.645487953	0.154559384
0.652933598	0.161470031
0.652933096	0.838530513
0.645487455	0.845441162
0.392688808	0.389305451
0.275208166	0.725732331
0.278395805	0.716269099
0.278376469	0.283706892
0.275205947	0.274262724
0.539765272	0.94544909
0.535752696	0.93724887
0.535894205	0.062794125
0.539792592	0.054559209
0.24596724	0.36930887
0.237675144	0.364853863
0.636667223	0.373841735
0.636667273	0.626158216
0.298983523	0.452430502
0.304243526	0.457137114
0.308355584	0.4495682
0.45787612	0.351672641
0.457877272	0.648319015
0.322428845	0.555298945
0.085892499	0.539343728
0.55217203	0.30878787
0.560463306	0.309546701
0.559035698	0.30263549
0.559032588	0.69737913
0.560460201	0.690467917
0.552172056	0.691212082
0.6453026	0.220557255
0.645236558	0.779569363
0.128877397	0.447112731
0.132283583	0.437793281
0.629671448	0.150838638
0.639756407	0.152058584
0.639755687	0.847942033
0.629670728	0.849161971
0.112506115	0.415125645
0.112350506	0.584775147
0.756870265	0.60100076
0.756920176	0.399046981
0.914697437	0.648987373
0.921225242	0.655796818
0.921225242	0.344203182
0.914693508	0.351007615
0.631024321	0.24060852
0.637861284	0.2474798
0.637861278	0.752520186
0.631024311	0.759391461
0.595298237	0.297256708
0.599995073	0.290824601
0.590578759	0.291390643
0.590517277	0.708670098
0.599982842	0.709183275
0.595233933	0.702829139
0.80597841	0.751931983
0.805978405	0.248068011
0.274901872	0.474117368
0.268999338	0.482107967
0.277537438	0.481227484
0.102273676	0.488997608
0.098399919	0.494503042
0.604373795	0.080720238
0.601991269	0.071136883
0.601991295	0.928863109
0.604373823	0.919279757
0.205872889	0.720305935
0.205872894	0.279694046
0.874220234	0.538287439
0.740751514	0.161916352
0.740751529	0.838083638
0.837604876	0.644389793
0.837638708	0.355672214
0.212428806	0.493172914
0.209880084	0.483826489
0.193526585	0.708556109
0.18513166	0.707733253
0.185172081	0.292223259
0.193528023	0.291448428
0.498442082	0.111232214
0.498339228	0.888673887
0.34676995	0.351239
0.200758021	0.70659904
0.195843345	0.699315653
0.195844782	0.300688884
0.200758024	0.293400938
0.350100677	0.360158105
0.456283187	0.135331328
0.456048395	0.864634095
0.658131059	0.182464935
0.667417918	0.182140316
0.667403246	0.817884071
0.658127901	0.817538561
0.070725423	0.501749835
0.174159416	0.437090122
0.166881919	0.441872979
0.175864581	0.443394844
0.448567202	0.292607895
0.448570368	0.707312398
0.180560024	0.448604546
0.173282528	0.453387404
0.14113341	0.486052248
0.146070599	0.478197886
0.454707082	0.300076606
0.45462434	0.699961646
0.818183344	0.804233609
0.818183341	0.19576639
0.885946683	0.711705893
0.885947255	0.28829456
0.767209173	0.206600374
0.76720918	0.793399456
0.619774331	0.121847516
0.619779846	0.878174854
0.608522993	0.186388308
0.61309593	0.190977699
0.616282893	0.182415801
0.608460448	0.813718141
0.616027842	0.817762763
0.612895898	0.809209592
0.615272051	0.197646787
0.623031951	0.19367428
0.622835695	0.806455413
0.615268301	0.802410792
0.833680138	0.661068734
0.837149286	0.668692345
0.837173181	0.331442036
0.833716139	0.33900625
0.174647594	0.204997555
0.169637008	0.197528219
0.169637001	0.802471776
0.174647582	0.795002434
0.828404973	0.655780232
0.824536011	0.663647549
0.8245452	0.336378293
0.828438484	0.34428119
0.187294199	0.554412775
0.184986304	0.544893932
0.180307336	0.550396102
0.163855466	0.696760071
0.156941933	0.69895523
0.156942625	0.301045871
0.163856158	0.303241031
0.547882142	0.078233211
0.54264533	0.070265612
0.542486256	0.929782719
0.547714106	0.921822571
0.947768955	0.514430797
0.938609184	0.518676425
0.74064083	0.506659668
0.744418304	0.513529221
0.748777894	0.506869553
0.749459501	0.493917826
0.744150181	0.487296058
0.739690259	0.493378232
0.175991073	0.556038365
0.167253039	0.558277031
0.173877197	0.56215361
0.173683178	0.546519522
0.456551044	0.142729568
0.464206704	0.138354596
0.463276514	0.861704145
0.455800338	0.857336677
0.935008254	0.584941721
0.941062435	0.589883288
0.941062435	0.410116712
0.93499797	0.41509524
0.703536108	0.248254646
0.696419354	0.249584343
0.703482423	0.256332939
0.703416665	0.743630009
0.696405513	0.75040785
0.703473266	0.751709942
0.573752344	0.473639143
0.570968634	0.465328407
0.570968702	0.534671679
0.573752558	0.526361015
0.434484528	0.544128685
0.440291179	0.550694137
0.498810111	0.210761264
0.504479675	0.203226557
0.50447969	0.796773434
0.498810125	0.789238727
0.506521305	0.216427663
0.49704798	0.217792216
0.497047995	0.782207774
0.506521321	0.783572326
0.472132469	0.13059751
0.476982792	0.123774715
0.476924317	0.876084178
0.47192534	0.869381445
0.471543683	0.137592314
0.479737305	0.137233469
0.470489099	0.862260555
0.478889868	0.862640438
0.301552266	0.65962356
0.309193079	0.662828521
0.308242156	0.656688833
0.308146369	0.343655869
0.309140628	0.337434671
0.301503965	0.340474914
0.407032111	0.920886405
0.398535532	0.920521806
0.398458511	0.079262337
0.407094284	0.079103551
0.751011406	0.643702359
0.754797083	0.652285872
0.754797073	0.347714121
0.751011395	0.356297633
0.742344555	0.647449462
0.745806509	0.638654393
0.745806497	0.361345594
0.742344545	0.352550528
0.752688679	0.672054
0.752424689	0.32807271
0.433925959	0.401547631
0.438301134	0.409125653
0.438301131	0.590874294
0.433925956	0.598452322
0.618293834	0.492004651
0.609543869	0.492004648
0.609544699	0.507995329
0.618294734	0.507995332
0.452154008	0.40113841
0.447779183	0.393560994
0.447779185	0.606438958
0.45215401	0.598861536
0.716911046	0.248572185
0.716878179	0.240907041
0.71056631	0.247338098
0.716837392	0.751352417
0.710508933	0.752629569
0.716861907	0.759049885
0.703503241	0.240589502
0.703497781	0.759407411
0.42131699	0.074663501
0.415392355	0.07972301
0.424374794	0.08305294
0.42437481	0.91694706
0.415392369	0.92027699
0.421317005	0.925336499
0.373915468	0.705071987
0.366090689	0.704897244
0.369673121	0.712005118
0.369673114	0.28799487
0.366090676	0.295102729
0.373915462	0.294927998
0.410152087	0.08749299
0.410089915	0.912496966
0.380534349	0.719057707
0.388917815	0.717782165
0.385885566	0.710897045
0.385885552	0.289102942
0.388917796	0.282217804
0.380534344	0.280942275
0.234908412	0.484601436
0.240216924	0.477928012
0.233791987	0.475312165
0.459139705	0.090815557
0.465988158	0.098313588
0.465988175	0.901686411
0.459139722	0.909184442
0.52309678	0.195278828
0.522661054	0.804584246
0.171071611	0.570016384
0.297378753	0.81083325
0.294027781	0.802908513
0.294028727	0.197090694
0.297382643	0.189163495
0.871139429	0.260042631
0.880076954	0.258944406
0.880076955	0.741055595
0.871151839	0.739885509
0.542394887	0.109481443
0.551839839	0.112854397
0.551839863	0.887145596
0.542394909	0.890518549
0.535547375	0.236524195
0.535547297	0.76347621
0.645376286	0.273486938
0.645389654	0.726519606
0.56001574	0.317821943
0.560015772	0.682178003
0.165934643	0.740227818
0.169186944	0.730511815
0.16918695	0.269488162
0.16593465	0.25977216
0.25411582	0.399109539
0.874701223	0.669236992
0.864640689	0.671278639
0.864667077	0.328769729
0.874704152	0.330768378
0.3775856	0.921306099
0.374973996	0.931068037
0.374973993	0.068931962
0.377592501	0.078692785
0.346156337	0.648382147
0.648776066	0.315470383
0.650786959	0.324479893
0.650786976	0.675520094
0.648856834	0.684465055
0.312311928	0.4611963
0.302939867	0.464058603
0.349571997	0.639341867
0.212324658	0.716913201
0.20489303	0.712446762
0.204939034	0.287489849
0.212370663	0.283023412
0.705409693	0.559044043
0.705466663	0.440875818
0.695871672	0.560600193
0.69608087	0.439196548
0.231196962	0.512671375
0.724200312	0.249277023
0.724184041	0.750679903
0.611697815	0.257058579
0.610774871	0.263925046
0.619186558	0.262677458
0.611342195	0.743412323
0.618907286	0.737703261
0.610882433	0.736106577
0.249977609	0.645624246
0.240728168	0.644576799
0.240728167	0.355423175
0.249977607	0.354375728
0.91565242	0.607346055
0.915267924	0.39309481
0.251151391	0.636223416
0.256920032	0.643607236
0.256920031	0.356392735
0.251151388	0.363776556
0.733580696	0.163650072
0.742172904	0.168779517
0.742141649	0.831094845
0.733549439	0.836224285
0.804206401	0.54242066
0.799260512	0.549732245
0.799263589	0.450263382
0.80420988	0.457575814
0.272728065	0.542709967
0.265866249	0.536400533
0.565082146	0.108742674
0.565082172	0.891257319
0.235635767	0.159591255
0.235635838	0.840408838
0.856127347	0.693705101
0.861551966	0.685824447
0.861582312	0.314230561
0.8561313	0.306301533
0.237272173	0.16725978
0.237272165	0.83274021
0.393562375	0.784042402
0.384773685	0.784656292
0.38469888	0.215349408
0.393487566	0.215963295
0.224648049	0.367553506
0.224648054	0.632446467
0.479308633	0.093520464
0.479248649	0.906262487
0.673699409	0.169257857
0.673684737	0.830766528
0.311196734	0.742179291
0.307330581	0.734261938
0.307330576	0.265738031
0.311196729	0.257820681
0.830472102	0.732697183
0.826674076	0.724787439
0.826683506	0.275232863
0.830472097	0.26730281
0.177209471	0.78235218
0.1762041	0.773939265
0.176204112	0.226060719
0.177209482	0.217647807
0.154864678	0.712405142
0.159037322	0.720978922
0.159031788	0.27902152
0.154859144	0.287595297
0.101145785	0.662122885
0.101145599	0.337865115
0.126183309	0.484228659
0.408912747	0.554669687
0.40362028	0.548505855
0.590668197	0.439815139
0.592827559	0.448307735
0.592826793	0.551696601
0.590664002	0.560204961
0.145239151	0.643906322
0.145289058	0.356070581
0.184814879	0.455367355
0.187396933	0.445374795
0.833057617	0.687741334
0.831865917	0.6973012
0.831836258	0.302808137
0.833061315	0.312277237
0.450963636	0.852864999
0.458191755	0.849935049
0.458914802	0.150144732
0.450991284	0.147121465
0.180635214	0.789607123
0.18750524	0.784174793
0.187505251	0.215825193
0.180635225	0.210392865
0.561910989	0.085916366
0.55255967	0.085455395
0.552495582	0.914568803
0.561874721	0.914099382
0.499069124	0.39465268
0.508335442	0.391668859
0.508335459	0.608331081
0.499069139	0.60534726
0.402093247	0.453119592
0.409224883	0.446513648
0.552693146	0.121050038
0.552735104	0.878977672
0.077935787	0.436627187
0.075129226	0.427316611
0.097804803	0.695458428
0.094087894	0.68757528
0.094083433	0.31242509
0.097800341	0.304541942
0.64480068	0.286494994
0.63987746	0.293675618
0.639977721	0.706373526
0.644914302	0.713560707
0.612605431	0.903648798
0.615459704	0.912972003
0.615459672	0.087027996
0.612605406	0.096351201
0.609061935	0.201953919
0.618997956	0.204650499
0.618997983	0.795349483
0.609058185	0.798103662
0.367334382	0.606366779
0.375353555	0.601793041
0.250516709	0.51759524
0.242672709	0.518606356
0.203102741	0.553565986
0.209741791	0.556801593
0.217551001	0.559381142
0.209038757	0.564153592
0.831512718	0.640431672
0.831456942	0.649243297
0.831492116	0.350821171
0.831521401	0.359584239
0.801867674	0.735165698
0.801872114	0.264810918
0.201667285	0.578063174
0.205219388	0.570466971
0.7178159	0.870783433
0.714226969	0.863746739
0.714219065	0.136250163
0.717807386	0.129211454
0.091039121	0.544055031
0.091794705	0.534507557
0.213028598	0.57304652
0.650485192	0.443029069
0.658602471	0.438253648
0.658600534	0.561739166
0.650490751	0.556966942
0.63569543	0.301153958
0.635621131	0.698840493
0.708409734	0.27987312
0.716765411	0.280573993
0.716759038	0.719422405
0.708409735	0.720126871
0.060743588	0.410944435
0.706749611	0.287916273
0.701026052	0.280034103
0.701026053	0.71996589
0.706749612	0.712083718
0.917783892	0.592161008
0.918008383	0.601545239
0.917912696	0.398538975
0.917728218	0.407904762
0.345062392	0.080705969
0.345062394	0.919294031
0.533784261	0.070276379
0.531833164	0.078786421
0.531981684	0.921420942
0.533538319	0.929798347
0.694318737	0.276957336
0.694830512	0.26959577
0.694830513	0.730404223
0.69431874	0.723042658
0.692658614	0.285000489
0.692658617	0.714999505
0.218770191	0.718757695
0.217790332	0.710898521
0.217836336	0.289038091
0.218770195	0.281242288
0.259183041	0.517691347
0.20028271	0.805228659
0.200331578	0.194781014
0.474199515	0.475401348
0.480472894	0.478447912
0.480472894	0.521551969
0.474708028	0.52457584
0.533926791	0.490384992
0.528426631	0.493865699
0.528426787	0.506134194
0.533926945	0.509614894
0.491099538	0.472316338
0.491598675	0.465359957
0.491532441	0.53471169
0.491099551	0.527683548
0.170193478	0.430609301
0.737762346	0.188311993
0.737732828	0.811569352
0.730608156	0.115771702
0.730609106	0.884227729
0.724148719	0.28175638
0.733302414	0.282469879
0.733318316	0.717571246
0.724142348	0.718240019
0.736808027	0.181097828
0.736778508	0.818783513
0.877172312	0.661958733
0.877172634	0.33804186
0.608125711	0.102189191
0.608125733	0.897810806
0.870280681	0.658719249
0.878765677	0.655343991
0.878766002	0.344656601
0.870280678	0.341280746
0.782972529	0.548206126
0.792173722	0.546970192
0.792177677	0.453025644
0.782973346	0.451792833
0.100860947	0.394910414
0.1008507	0.605091789
0.824877106	0.710742284
0.833222212	0.709940287
0.828530157	0.70297901
0.833198285	0.290170782
0.824942347	0.289322355
0.828552607	0.297156086
0.194578429	0.593054206
0.198548837	0.584757933
0.315315403	0.653765357
0.307674589	0.650560396
0.31485309	0.347299372
0.307216428	0.350339615
0.45135975	0.569814761
0.442607646	0.571773888
0.447496146	0.577739346
0.447496151	0.422260587
0.44260785	0.428225503
0.45135995	0.430184628
0.463861836	0.422975499
0.466541087	0.41441717
0.458931002	0.415667444
0.584778278	0.507215949
0.590850755	0.513815679
0.593572827	0.506599695
0.458931003	0.584332493
0.466541089	0.585582768
0.463861837	0.577024431
0.593572112	0.493400301
0.590850139	0.486184375
0.584777677	0.492784039
0.393262224	0.083829918
0.39319314	0.916158922
0.604887098	0.179680704
0.604819985	0.820382346
0.153510846	0.231606167
0.146344723	0.224114191
0.146344715	0.775885802
0.153510832	0.768393817
0.919437005	0.36720545
0.928757058	0.368658421
0.928759811	0.631250735
0.919443688	0.632698694
0.865273176	0.471511152
0.870335287	0.479477179
0.778825021	0.607300734
0.778816038	0.392705094
0.466019036	0.741684345
0.459176983	0.736832433
0.459176841	0.263166642
0.46601902	0.258315642
0.606772784	0.065500537
0.615219402	0.067648576
0.615219413	0.932351424
0.606772795	0.934499462
0.604750427	0.21098284
0.604750088	0.789022633
0.72465383	0.582647741
0.726438524	0.590492573
0.726438495	0.409507403
0.724653791	0.417352237
0.569396781	0.085922706
0.562714691	0.078724895
0.562538677	0.921375857
0.569257065	0.914162293
0.872694136	0.73134381
0.872694135	0.26865619
0.487351436	0.051971848
0.496065308	0.051804904
0.496066612	0.948200118
0.48735274	0.948033174
0.364150473	0.175157867
0.362215906	0.184213162
0.363105192	0.815450552
0.364868882	0.824924459
0.316790072	0.720945318
0.313265938	0.729512402
0.313265997	0.270485187
0.31679013	0.279052269
0.835867929	0.748493919
0.829243647	0.754734455
0.829238088	0.245261122
0.835812369	0.251461923
0.156987811	0.489117566
0.148387551	0.493647226
0.197420118	0.446186669
0.670358056	0.192202103
0.662133408	0.197377549
0.386873971	0.087888378
0.386856262	0.912111467
0.662133426	0.802622453
0.670358077	0.807797897
0.599580838	0.325906048
0.605284432	0.331602905
0.605282142	0.668413651
0.599580867	0.67409391
0.817372157	0.711363694
0.822064212	0.718324971
0.822080286	0.281698677
0.817434608	0.288683982
0.844943172	0.607700468
0.840943357	0.614556632
0.840944215	0.385443145
0.844944028	0.39229931
0.22485825	0.474106408
0.218719465	0.4753819
0.22234469	0.483261081
0.860551436	0.752466172
0.860530706	0.247447087
0.191505395	0.826673866
0.197113032	0.818519532
0.19711304	0.181480465
0.191505396	0.173326136
0.936301698	0.48242536
0.267644984	0.687752663
0.267459507	0.312012987
0.204270395	0.816552977
0.20567994	0.823543851
0.205679946	0.176456146
0.204270405	0.183447013
0.710698066	0.832918793
0.710061727	0.166366517
0.212207281	0.815452785
0.203640373	0.810428465
0.20340587	0.189454914
0.211972775	0.184430595
0.154910742	0.676236608
0.151296809	0.684017303
0.15976095	0.683273928
0.159805496	0.316735944
0.151297178	0.315969957
0.154954278	0.323758294
0.812802714	0.537567391
0.428811049	0.85266963
0.420882662	0.852700559
0.420823795	0.147333606
0.428752182	0.147364538
0.823922027	0.638769844
0.830069962	0.63391634
0.830073632	0.366090382
0.82392704	0.361239339
0.512550915	0.127993709
0.52182292	0.12631205
0.521874193	0.87372182
0.512550937	0.872006284
0.230166763	0.467432984
0.394696631	0.776514219
0.400278931	0.769191292
0.400259515	0.230810168
0.394610741	0.223492324
0.271296716	0.608886435
0.264221674	0.610645964
0.269462838	0.616918083
0.624277206	0.251128334
0.61931484	0.244092809
0.615147136	0.248775466
0.614734527	0.751717372
0.619273448	0.755990021
0.623905969	0.749281656
0.52000868	0.113443455
0.515585427	0.106978527
0.511947149	0.114427641
0.51194717	0.885572352
0.515558448	0.893033086
0.519981703	0.886568157
0.108138334	0.318104074
0.099754919	0.318159922
0.099759379	0.681840443
0.108142792	0.681896284
0.606735449	0.250023054
0.606709674	0.750120688
0.485816999	0.081157951
0.494181628	0.078293108
0.48576873	0.918670194
0.494185575	0.921689814
0.110375139	0.652720433
0.114787166	0.661079164
0.114785245	0.338800984
0.110374953	0.347267556
0.391182137	0.48590451
0.399711999	0.491792787
0.496395991	0.117682254
0.505477805	0.114412753
0.505464109	0.885574721
0.496279422	0.882211328
0.286808578	0.780046222
0.295809341	0.776843383
0.295809337	0.223156598
0.286806755	0.21995273
0.093905079	0.395394512
0.093953952	0.604508099
0.542108996	0.398797768
0.542150724	0.601255931
0.543072616	0.409051246
0.543072632	0.590948676
0.716481314	0.358764913
0.71368393	0.351091018
0.708618592	0.35633751
0.708618821	0.643662637
0.713686102	0.648910633
0.716483267	0.641236573
0.376201028	0.210344378
0.376986282	0.789715639
0.234234676	0.744753129
0.230311843	0.737942894
0.230294339	0.262058953
0.234193648	0.255262249
0.527840952	0.272475988
0.530711292	0.264851936
0.530249907	0.735334062
0.527378572	0.727706931
0.353435088	0.665930925
0.353492306	0.334142151
0.71697825	0.543967091
0.716978165	0.456032859
0.429613046	0.290105505
0.429624507	0.70981084
0.825185985	0.193397179
0.825185985	0.806602821
0.069379719	0.568490981
0.38321718	0.55635526
0.709887071	0.662745668
0.709883732	0.337258131
0.740540528	0.518624501
0.748677592	0.518834386
0.739590342	0.481413389
0.749359584	0.481952983
0.281134205	0.408417682
0.289161431	0.409729853
0.25416157	0.60041515
0.110556785	0.549635622
0.105375875	0.545685421
0.10650083	0.516121674
0.812840241	0.462396534
0.524379569	0.119461402
0.528017846	0.112012287
0.528032802	0.888027042
0.524421524	0.880566308
0.43159262	0.882595129
0.43159261	0.117404873
0.392786167	0.513860137
0.160301268	0.661773419
0.154582309	0.654556679
0.160291553	0.338147797
0.154969768	0.345184813
0.865495738	0.631974294
0.865495737	0.3680257
0.519924079	0.24728005
0.521867165	0.240157114
0.513958493	0.241735949
0.513958782	0.758261137
0.521867456	0.759839545
0.519924088	0.752719504
0.69278355	0.233176232
0.692778089	0.766820681
0.4094816	0.54286543
0.363607933	0.698999417
0.359365587	0.705932548
0.359365571	0.294067422
0.363607919	0.301000549
0.461665464	0.232057206
0.468078264	0.226783549
0.46807828	0.773216441
0.461665485	0.767942773
0.408988765	0.459801616
0.581391449	0.442614533
0.581386923	0.557407122
0.390942671	0.275028392
0.396293879	0.283189059
0.396293905	0.716810911
0.390942689	0.724971573
0.532439091	0.256908373
0.538553896	0.261765183
0.538092819	0.738421755
0.532438797	0.743090662
0.597879797	0.251642547
0.601329118	0.243359434
0.601208827	0.757122355
0.597816495	0.748817306
0.510747796	0.401100756
0.510747812	0.59889918
0.17262672	0.533536858
0.790196628	0.205339821
0.790196636	0.794660122
0.249967438	0.772087274
0.249772171	0.227818579
0.806490309	0.721406973
0.809933204	0.713309371
0.809948308	0.286696399
0.806500934	0.278582141
0.264314763	0.389131955
0.271241909	0.390941288
0.269621993	0.383100141
0.5653622	0.414226314
0.565478338	0.585710818
0.20720979	0.703206305
0.207255793	0.296730304
0.848979085	0.545579479
0.842434797	0.538656482
0.283282882	0.328488852
0.292496822	0.328082339
0.292469612	0.671891342
0.283125134	0.671422361
0.80433277	0.727693197
0.80433675	0.272292571
0.150069527	0.649588839
0.150518647	0.350203531
0.227117477	0.459402086
0.236051214	0.460607843
0.149859328	0.66995799
0.158323469	0.669214614
0.149797349	0.329977263
0.158305667	0.33074325
0.100320278	0.483710731
0.10737362	0.486136817
0.170684417	0.694701199
0.162975967	0.688995751
0.162982052	0.311008077
0.170689815	0.305301502
0.311059401	0.752051114
0.311059396	0.247948861
0.089707631	0.491749883
0.389204648	0.14703473
0.389188889	0.852911324
0.822312814	0.651822112
0.822321177	0.348193215
0.861005776	0.579906465
0.861044659	0.420080455
0.681110008	0.26483413
0.673631424	0.268458615
0.67363034	0.731541152
0.681108922	0.735165639
0.274554332	0.413672642
0.273284967	0.406482743
0.606951287	0.290146137
0.606877558	0.70978656
0.390260741	0.70331902
0.4004737	0.704073597
0.400465038	0.295966909
0.390260727	0.296680967
0.264848521	0.48780162
0.837066581	0.526342628
0.843708618	0.522901886
0.212733855	0.534632507
0.205857469	0.539296857
0.727478399	0.515851851
0.731890865	0.506659668
0.730940224	0.493378232
0.726448883	0.484189154
0.372538623	0.689077165
0.378290293	0.697494568
0.378290287	0.302505417
0.372539086	0.310923416
0.47181154	0.144990554
0.470241043	0.854963138
0.405634978	0.397250842
0.41378622	0.398389169
0.413773981	0.601737992
0.4051141	0.603084542
0.284411113	0.481488071
0.636189562	0.469441348
0.631100357	0.476115515
0.631100907	0.523884347
0.636189897	0.530558504
0.87960187	0.726446261
0.884673406	0.733650726
0.884673406	0.266349274
0.879602376	0.27355414
0.682911518	0.16810574
0.679690048	0.173953723
0.679543137	0.826290162
0.6827793	0.832113756
0.455115159	0.374547285
0.458213133	0.36691682
0.458213254	0.633082337
0.455115185	0.625452559
0.127787349	0.492353637
0.120470956	0.491417348
0.75714499	0.858946745
0.75710488	0.1410883
0.25757556	0.612851966
0.259409438	0.604820318
0.862531926	0.662308194
0.862540533	0.337716646
0.696598596	0.149433069
0.68994557	0.150085939
0.689957225	0.849760832
0.696606626	0.850531261
0.141956836	0.329160063
0.13779215	0.323164919
0.137741607	0.676734556
0.141957153	0.670826068
0.592573341	0.30312653
0.592506523	0.696964819
0.14155217	0.315943418
0.141589147	0.684045784
0.545126739	0.122545687
0.545504157	0.87770377
0.740505483	0.605497827
0.738718754	0.613732758
0.738718737	0.38626722
0.740555398	0.394549914
0.84199348	0.46143377
0.849161447	0.454792448
0.947008016	0.537125355
0.538535091	0.123813224
0.529832086	0.124880883
0.529925292	0.875180705
0.538954441	0.876463951
0.711064423	0.344010175
0.718927145	0.346437578
0.718929102	0.653563909
0.711064657	0.655989973
0.459287065	0.104641077
0.459252924	0.895329709
0.165448483	0.331928828
0.171491707	0.324782721
0.17145194	0.675236568
0.165352683	0.668052037
0.084157834	0.424161856
0.609452074	0.413290555
0.609452125	0.586709408
0.103773472	0.344490199
0.106677807	0.353390182
0.106677803	0.646609795
0.10377366	0.655497799
0.93062555	0.523014369
0.922468791	0.527416841
0.815912008	0.696903093
0.812746098	0.705726684
0.812810369	0.294320076
0.815973129	0.303145461
0.451560091	0.092295972
0.451560108	0.907704028
0.45234836	0.099718907
0.445106459	0.094326081
0.445106474	0.905673922
0.452348375	0.900281094
0.104735287	0.303016526
0.110863681	0.305956052
0.110914986	0.694048234
0.104752538	0.696984913
0.352766717	0.856741661
0.352766709	0.143258338
0.281089427	0.341135761
0.278211931	0.335277564
0.278200797	0.664720405
0.281078295	0.65886221
0.212718793	0.477750183
0.215232353	0.468595511
0.524307661	0.287264565
0.525406107	0.279365549
0.525834972	0.720881513
0.524803714	0.713000682
0.530524192	0.290153174
0.530954367	0.710097909
0.178008522	0.266955171
0.177980708	0.73298896
0.453092403	0.946810025
0.453092394	0.053189972
0.296387699	0.444062781
0.29227564	0.451631695
0.402355699	0.280613066
0.405297632	0.272400612
0.405297754	0.72759865
0.402357042	0.719391097
0.657692938	0.190037847
0.65769296	0.80996215
0.201575572	0.242843803
0.208012576	0.239999381
0.200297934	0.234869321
0.200337264	0.765037074
0.208006001	0.759921363
0.201621469	0.757141834
0.536241852	0.345420542
0.543642161	0.34769138
0.54364219	0.65230856
0.536241882	0.654579398
0.523216676	0.233340139
0.529182262	0.23888424
0.529182276	0.761115314
0.52321697	0.766656948
0.297737237	0.501046246
0.300065226	0.493446145
0.294063953	0.493918691
0.744420913	0.468209511
0.738789794	0.474877729
0.738927145	0.525127743
0.744420985	0.531790469
0.152844174	0.481599641
0.346310948	0.46167567
0.348040163	0.454118843
0.350274669	0.304218512
0.358783503	0.305649192
0.358782627	0.694351909
0.350274207	0.695782059
0.213435937	0.462192448
0.219359375	0.457598137
0.211562285	0.453563358
0.225243826	0.450772996
0.257734852	0.38694797
0.259354768	0.394789117
0.60413271	0.226858417
0.603635501	0.235734922
0.610681979	0.232863437
0.610640598	0.767219398
0.603594125	0.764347907
0.604132718	0.773141567
0.476371559	0.402126468
0.468648636	0.408196931
0.468648639	0.591803009
0.476371564	0.59787347
0.59477985	0.237354414
0.594700947	0.763044525
0.59658814	0.528484977
0.595183924	0.518751163
0.59518326	0.481248943
0.596587582	0.471515212
0.427034243	0.569408826
0.436166652	0.573058696
0.436166665	0.426941233
0.427209736	0.430551965
0.171136044	0.745832568
0.171136051	0.254167412
0.177265926	0.741623241
0.176110217	0.750435575
0.176110226	0.249564408
0.177265932	0.25837674
0.475042352	0.468484127
0.476006594	0.530971446
0.538817066	0.494706572
0.538817339	0.505293378
0.48518711	0.462631338
0.485178277	0.537378125
0.186942584	0.404140075
0.194240282	0.399571921
0.296221644	0.411579987
0.303596283	0.414606284
0.302996029	0.421424318
0.624349345	0.240007929
0.615219275	0.237655061
0.615177894	0.762427776
0.624349337	0.759992059
0.265179571	0.806125833
0.265179576	0.193874156
0.406536836	0.706653783
0.406526857	0.293390915
0.721516601	0.288937677
0.721516605	0.711062313
0.348220389	0.808629833
0.354543524	0.804638523
0.354281588	0.194907195
0.347958171	0.190910609
0.725865016	0.522355093
0.725648335	0.477653494
0.792258682	0.199438267
0.798728326	0.193741095
0.798728334	0.8062589
0.79225869	0.800561676
0.666282211	0.257360193
0.666264248	0.74263614
0.367713317	0.684429657
0.36771467	0.315572058
0.561693106	0.296484529
0.55340183	0.295725698
0.553404157	0.704285292
0.561692302	0.703541127
0.566583007	0.184495296
0.574264213	0.180513282
0.57426424	0.819486716
0.56658303	0.815504697
0.865831992	0.454303936
0.87160074	0.457149004
0.869844055	0.447964471
0.660015687	0.354192896
0.659858211	0.362749241
0.666441603	0.358374574
0.666441629	0.641625427
0.659858235	0.637250748
0.660015704	0.645807081
0.860050744	0.450062645
0.294202478	0.573408921
0.301247675	0.569893546
0.293748689	0.565736538
0.20609078	0.586054658
0.058482405	0.484272046
0.062304582	0.493425833
0.206800206	0.52271942
0.620727582	0.213367527
0.620727604	0.786632456
0.443120971	0.585317375
0.443120976	0.414682565
0.602322862	0.506599698
0.602322077	0.493400304
0.454556177	0.408090028
0.454556178	0.591909916
0.619923256	0.220882178
0.611983514	0.216472282
0.611983529	0.783527706
0.619923266	0.779117808
0.625784329	0.264174354
0.626707273	0.257307887
0.626239736	0.743086299
0.625779974	0.735780553
0.226500529	0.488438854
0.232925466	0.4910547
0.191503362	0.461223942
0.198645318	0.455147635
0.198496892	0.464233974
0.07200967	0.630408142
0.069539679	0.622049997
0.069533159	0.37784329
0.07200315	0.369485146
0.864599848	0.760859636
0.864591526	0.239125483
0.420369164	0.108041211
0.420779189	0.117214372
0.426434506	0.113128128
0.426434516	0.886871873
0.420779241	0.882793003
0.42036922	0.891966164
0.879241465	0.627004813
0.871080863	0.622761661
0.871801784	0.629670185
0.87108086	0.377238333
0.879241461	0.372995182
0.871801782	0.37032981
0.910039543	0.587840499
0.909961669	0.412269522
0.431504006	0.393408623
0.426682416	0.401048631
0.42659013	0.599074337
0.431411724	0.606714349
0.626552727	0.493977016
0.622347051	0.485981688
0.622347892	0.514018246
0.626553648	0.506022893
0.450968289	0.387040456
0.441941557	0.387395572
0.441941559	0.612604385
0.450968294	0.612959496
0.529678438	0.347183071
0.533274038	0.353761423
0.533274065	0.646238519
0.529678466	0.652816872
0.521049148	0.351511699
0.521049174	0.648488251
0.498544248	0.226139116
0.498544262	0.773860876
0.448249566	0.760611827
0.448893943	0.751709621
0.448893914	0.248290345
0.448249538	0.239388141
0.433287336	0.526924005
0.356991206	0.404068053
0.34951554	0.399735217
0.363585534	0.836954288
0.357463611	0.83967398
0.357372555	0.160290355
0.363494478	0.163010045
0.556668531	0.45569008
0.556668587	0.544309871
0.350966624	0.84270649
0.350962556	0.157265539
0.356847034	0.45576554
0.352923131	0.449345918
0.360969355	0.444027782
0.737929135	0.63567921
0.737929124	0.364320773
0.89532767	0.711334868
0.895327737	0.288665185
0.200553662	0.399499535
0.285872274	0.576568717
0.293371259	0.580725725
0.299382526	0.586534631
0.291052321	0.589694427
0.680868702	0.142396481
0.680892997	0.857478766
0.488418214	0.319586111
0.488393704	0.328255122
0.488433784	0.671776874
0.488419726	0.680469954
0.263512317	0.638260275
0.263512316	0.361739698
0.20275204	0.750398055
0.202744398	0.249599538
0.434314498	0.626866711
0.43431449	0.373133254
0.642721009	0.506548684
0.642720181	0.493451285
0.422963863	0.620331866
0.422963856	0.379668095
0.419839788	0.941325981
0.419321048	0.932320553
0.419321036	0.067679446
0.419839783	0.058674018
0.092494803	0.523347395
0.101301488	0.522550694
0.095454768	0.528999553
0.67318582	0.361324237
0.673343295	0.352767892
0.67334331	0.647232092
0.673185841	0.63867576
0.682102507	0.363833618
0.675200816	0.3694403
0.675200835	0.630559694
0.682102517	0.636166359
0.676015484	0.179259446
0.685227592	0.178107329
0.685095373	0.822112168
0.676000809	0.82076494
0.422876489	0.257628033
0.422876529	0.74237183
0.748731688	0.55473925
0.328684017	0.687872807
0.328684003	0.312127156
0.748731642	0.445260717
0.434224154	0.466452321
0.503857259	0.426283257
0.503857262	0.573716673
0.427881141	0.237828403
0.427881172	0.762171559
0.206392972	0.477040099
0.200293309	0.470637037
0.128627734	0.499254805
0.134340087	0.492066115
0.698678268	0.140472675
0.698706775	0.85946766
0.062566522	0.402421739
0.624460552	0.225673802
0.626928756	0.234170772
0.626928757	0.765829216
0.624460562	0.774326186
0.792717887	0.505918588
0.794791879	0.514857718
0.794791794	0.485142338
0.792717594	0.494081439
0.061513552	0.58362644
0.066268731	0.575945067
0.058077894	0.578946582
0.562859139	0.190190336
0.562860336	0.809807245
0.348533334	0.750517491
0.339787132	0.747798334
0.339787125	0.252201641
0.348533331	0.249482499
0.781836148	0.511778242
0.785848555	0.519002768
0.785848441	0.480997274
0.781835953	0.48822177
0.348919282	0.738142123
0.340663343	0.737998883
0.340663336	0.262001091
0.348919274	0.261857857
0.820834682	0.186857424
0.820834684	0.813142576
0.199979777	0.601316917
0.100406915	0.475961387
0.869783699	0.552698244
0.871384279	0.543865089
0.865696027	0.547277052
0.618118251	0.073215688
0.623465433	0.066831772
0.623465434	0.933168232
0.618118264	0.926784315
0.365484407	0.762672405
0.358770173	0.756440145
0.358770165	0.243559847
0.365484388	0.237327577
0.387883891	0.40865096
0.476958846	0.357248453
0.476958857	0.642751488
0.0879604	0.474817727
0.373537722	0.757015448
0.369290873	0.749930493
0.36929086	0.25006949
0.373537704	0.242984533
0.732700003	0.602557952
0.732699981	0.397442022
0.111499728	0.312390153
0.111509133	0.687599636
0.534391252	0.276598307
0.53436033	0.723839737
0.479483048	0.235257087
0.479483046	0.764742855
0.253847126	0.316199724
0.259390298	0.308841408
0.259414801	0.691103498
0.253852882	0.683766057
0.859878441	0.550924094
0.280771288	0.650559527
0.280774978	0.349470221
0.569831849	0.458309012
0.577294624	0.462034862
0.577294667	0.537965225
0.56983191	0.541690974
0.932888162	0.515771794
0.428467788	0.547960353
0.428972439	0.539633836
0.289463784	0.417457715
0.284759961	0.448412064
0.737734355	0.291275028
0.737734362	0.708724965
0.868818659	0.5663017
0.866168963	0.574079492
0.866184786	0.426013512
0.868863048	0.433867489
0.947935898	0.505716925
0.870057724	0.560010931
0.862856383	0.562400978
0.862862138	0.438306836
0.870076216	0.440680056
0.844300682	0.47711432
0.836868383	0.47360388
0.135622914	0.506668005
0.141594228	0.499661093
0.562999732	0.287800467
0.563025964	0.712295144
0.09048234	0.680391392
0.090482341	0.319608603
0.785911139	0.612751508
0.782340737	0.621235436
0.782274793	0.378794578
0.785858927	0.387260645
0.484848069	0.51397394
0.484848069	0.486025934
0.495474363	0.479893753
0.519676752	0.506134191
0.495474376	0.520106126
0.519676666	0.493865696
0.926907022	0.514014086
0.934890656	0.509676141
0.688006438	0.187671864
0.687995433	0.812346422
0.557522664	0.448975214
0.562703421	0.44219881
0.562702942	0.557803431
0.5575222	0.551027022
0.418551127	0.525526696
0.427014316	0.524431206
0.678955622	0.189321232
0.67895564	0.810678766
0.296244105	0.855003078
0.296246491	0.145023629
0.373132752	0.084992588
0.380210683	0.087086109
0.380200296	0.912908197
0.373129272	0.915002833
0.277300651	0.793325957
0.27872215	0.800847236
0.278722154	0.199152756
0.27729883	0.206672999
0.276589454	0.786663357
0.276587632	0.213335598
0.543157604	0.266880316
0.544885403	0.258936753
0.545122301	0.740970408
0.542933411	0.733213808
0.623755726	0.07810778
0.615509695	0.078924585
0.615509724	0.921075414
0.623755744	0.921892223
0.630874977	0.25262523
0.630778657	0.747358948
0.598891847	0.937395064
0.598891832	0.062604928
0.197899694	0.167403941
0.205713293	0.168886402
0.205090406	0.161800745
0.205090401	0.838199251
0.205713287	0.831113597
0.197899692	0.832596061
0.210337086	0.444602391
0.204413648	0.449196702
0.217713037	0.441493219
0.479516915	0.05189199
0.479518366	0.94811359
0.366615852	0.928598046
0.366615849	0.071401953
0.094950667	0.448786929
0.6039461	0.218497491
0.596899623	0.221368975
0.91108398	0.565977419
0.910865929	0.558438463
0.596899277	0.778636495
0.60394575	0.781507985
0.590502449	0.226194706
0.590502462	0.773805278
0.268853704	0.418283661
0.276702942	0.420218599
0.368920841	0.091933854
0.366302658	0.08354053
0.366302665	0.91645947
0.368917362	0.908061568
0.473458776	0.232058925
0.473458794	0.767941064
0.068312439	0.399386529
0.062714499	0.393291443
0.944824171	0.466647673
0.939371752	0.4733953
0.94821252	0.471917717
0.099192407	0.703419011
0.099179618	0.296582058
0.207435264	0.464560731
0.615716484	0.228778557
0.615716487	0.771221436
0.220361744	0.489714345
0.656143355	0.11575484
0.664961959	0.111452602
0.664971723	0.888568242
0.656180678	0.884310597
0.893946934	0.630073879
0.89394693	0.369926116
0.092728195	0.549405738
0.308047885	0.213375327
0.308804591	0.221496498
0.308804595	0.778503486
0.30804753	0.786624361
0.535803239	0.11074898
0.535845193	0.889278729
0.351927508	0.075114998
0.351927509	0.924885001
0.440030256	0.565134112
0.473579471	0.415504987
0.440030464	0.434865274
0.473579473	0.584494947
0.586389375	0.519367418
0.586388824	0.480632681
0.294915712	0.50898148
0.300916985	0.508508935
0.308260437	0.44056931
0.448071942	0.256548517
0.448072089	0.743450547
0.495867834	0.063820909
0.503843227	0.063292111
0.500106008	0.05808101
0.500324902	0.942967698
0.504063997	0.937895635
0.495872318	0.936328173
0.236649756	0.824768848
0.234813034	0.817697678
0.234858186	0.182311401
0.236654194	0.175232161
0.71822213	0.164216779
0.718667326	0.834202252
0.911817007	0.434514313
0.911618347	0.441980616
0.060498978	0.590807084
0.746178468	0.172909626
0.746178483	0.827090368
0.659174922	0.123761763
0.65919055	0.876271583
0.5040407	0.051276106
0.50425829	0.949767579
0.289608744	0.529008979
0.290545614	0.520903731
0.146439355	0.691083104
0.146403388	0.308921067
0.944163406	0.444235996
0.939352766	0.448676105
0.947187311	0.45225915
0.544437632	0.304224508
0.544439588	0.695774485
0.723101359	0.157927381
0.723781072	0.841433876
0.850371237	0.698734786
0.850375462	0.30128467
0.727280077	0.163076305
0.727045574	0.835981454
0.914591714	0.507824323
0.920448597	0.511847336
0.909847874	0.500506009
0.337322572	0.467938383
0.298868629	0.863881985
0.298885359	0.136304951
0.553494076	0.343049116
0.553494106	0.656950825
0.840761665	0.709698006
0.840784116	0.29043709
0.90594415	0.428768778
0.684625361	0.153089837
0.686289102	0.145770203
0.686309728	0.854173224
0.68461641	0.846813504
0.352908159	0.742940071
0.352908156	0.257059918
0.783967922	0.505918588
0.783967559	0.494081439
0.363145348	0.748862119
0.36314534	0.251137873
0.630945417	0.332364936
0.630932181	0.667730096
0.078697925	0.653758301
0.078697926	0.346241696
0.942998227	0.435598763
0.190477305	0.776441381
0.190477316	0.223558604
0.062321912	0.59932978
0.415613857	0.093907563
0.415613871	0.906092437
0.609822198	0.082135903
0.609822224	0.917864095
0.604323772	0.088823649
0.604323804	0.911176346
0.414992057	0.533804104
0.422699419	0.537141036
0.415248338	0.540128572
0.441906712	0.318911677
0.441935103	0.68098298
0.570719502	0.442966935
0.372257256	0.359160229
0.570715367	0.557052608
0.57619136	0.446388256
0.570685982	0.451594147
0.570685523	0.548408126
0.576187719	0.553629002
0.051849542	0.503530675
0.101203315	0.359392596
0.101203317	0.640607391
0.500034152	0.147898183
0.491392704	0.150060629
0.490894404	0.849834915
0.500218133	0.851784303
0.486246787	0.143102113
0.485583313	0.856454287
0.942654278	0.565574353
0.800899904	0.166981935
0.800899909	0.833018063
0.455440299	0.763811389
0.448510885	0.76839227
0.44851086	0.2316077
0.455440274	0.23618858
0.195002453	0.676215662
0.201354028	0.683308823
0.201175562	0.317479453
0.19489825	0.323965136
0.19818639	0.691243863
0.198160323	0.308845174
0.252968661	0.62864194
0.57711228	0.084004463
0.576972566	0.916080535
0.819169128	0.725408848
0.819175767	0.27459449
0.14536988	0.663804075
0.145308225	0.336145018
0.686705857	0.130795888
0.68680659	0.869033428
0.222732444	0.523695817
0.215984278	0.528830466
0.228289632	0.51866875
0.211706847	0.156127815
0.211706842	0.843872182
0.666982156	0.268372764
0.659157266	0.271646549
0.659147441	0.728351455
0.666972332	0.731625236
0.652020835	0.273947717
0.652020834	0.726052278
0.184710119	0.695906568
0.190954954	0.693200933
0.187053165	0.687834779
0.187027098	0.312254257
0.190930322	0.306892664
0.184711558	0.304097967
0.734893044	0.649648203
0.734875557	0.350365289
0.777868114	0.494140331
0.777868505	0.505859653
0.487461501	0.129330923
0.486835573	0.136107309
0.493970983	0.135199568
0.494154964	0.864482917
0.487019554	0.863575177
0.48746152	0.870669069
0.241341619	0.786648518
0.241250905	0.213320859
0.35107667	0.110583918
0.357813528	0.111818268
0.35781217	0.88817763
0.351076679	0.889416086
0.827119065	0.675004933
0.82166339	0.670946754
0.818971279	0.677015637
0.818972279	0.322985585
0.821670232	0.329074173
0.827124902	0.325014765
0.816388225	0.665658252
0.816392577	0.334349113
0.804951652	0.675960132
0.807944863	0.666903486
0.807946234	0.33309842
0.804952651	0.324041091
0.366146919	0.256446929
0.366146925	0.743553062
0.356009718	0.262308401
0.356009723	0.737691589
0.262212955	0.480691503
0.852542735	0.447057211
0.856567298	0.442113969
0.845678	0.446843771
0.22459065	0.443492411
0.224817964	0.436016583
0.380841767	0.132100927
0.232348753	0.44529636
0.380908601	0.867551519
0.582212858	0.229614521
0.588796641	0.233149717
0.588796651	0.766850265
0.58221287	0.770385466
0.586490258	0.240774229
0.586411354	0.759624713
0.667482546	0.120356208
0.667517442	0.87973259
0.214984241	0.402701008
0.840862956	0.741337844
0.832170186	0.740679126
0.832164627	0.259316452
0.840812951	0.258622413
0.595160261	0.318432135
0.591391394	0.323611881
0.591391412	0.676388072
0.595160286	0.681567818
0.558274945	0.204249917
0.558285541	0.795728384
0.602231809	0.284280073
0.602160902	0.715627518
0.685844784	0.540402667
0.68584051	0.459565026
0.37203381	0.640773047
0.699525922	0.264826792
0.699517544	0.73516848
0.278393474	0.779079599
0.271046396	0.779319705
0.271027272	0.220669442
0.278372527	0.220908516
0.886580441	0.652039666
0.886580808	0.347961006
0.28126552	0.772702569
0.281246395	0.227286574
0.263226514	0.575852832
0.267084919	0.568509313
0.261052616	0.582727766
0.675795563	0.332460298
0.68408207	0.332799049
0.684084234	0.667203413
0.675795582	0.66753969
0.691118481	0.334364764
0.691120644	0.665637695
0.547758585	0.25109659
0.540422337	0.247401373
0.540422256	0.752599029
0.547757882	0.748907006
0.792442673	0.170192729
0.792446417	0.829815653
0.229123601	0.428964776
0.235756118	0.431711489
0.261080939	0.408675825
0.260620866	0.416838224
0.573241622	0.237063639
0.573964251	0.229824395
0.573964264	0.77017559
0.573241633	0.762936344
0.809954932	0.609402811
0.809950165	0.390597969
0.116282051	0.319517818
0.116286991	0.680471589
0.439769064	0.176884946
0.439321589	0.823601301
0.250290612	0.286320533
0.250292694	0.713677128
0.196601357	0.555242324
0.208827736	0.402008117
0.218776135	0.187888282
0.216069176	0.195718534
0.216271819	0.80417116
0.218969927	0.812003167
0.905216883	0.571709569
0.175094523	0.241211085
0.175100633	0.758786985
0.697356625	0.224891021
0.697356108	0.775108677
0.701046115	0.233220839
0.701040134	0.76677578
0.457552139	0.386100326
0.451714512	0.379934905
0.451714534	0.620064942
0.45755216	0.613899516
0.619874934	0.520217243
0.628133848	0.518244803
0.628133104	0.481755097
0.619874211	0.479782732
0.422564725	0.593848101
0.420050493	0.602110127
0.420155024	0.398140052
0.422576977	0.40627906
0.672419969	0.655379598
0.67241995	0.34462039
0.180087912	0.70186912
0.180089351	0.298135415
0.176186123	0.696502966
0.176186127	0.303497009
0.090260276	0.441929272
0.287073088	0.344604364
0.287058266	0.655423381
0.293948622	0.341483008
0.293634173	0.349817468
0.2936763	0.650302285
0.293983308	0.658604968
0.293125521	0.371256914
0.279294145	0.571683983
0.16316547	0.53336341
0.168538191	0.540703812
0.576492525	0.077687576
0.576352811	0.922397422
0.787334709	0.173675131
0.787338453	0.826333251
0.057276493	0.499276112
0.050426951	0.495745437
0.064862543	0.615155174
0.064862538	0.384844825
0.151679606	0.705761184
0.15168964	0.294235844
0.072144706	0.639876536
0.072144707	0.360123464
0.492005903	0.256510241
0.492003958	0.743483716
0.438268353	0.089358659
0.43826837	0.910641342
0.252909664	0.371325878
0.47952921	0.419167666
0.48163676	0.412947427
0.481636761	0.587052508
0.479529212	0.580832267
0.580243832	0.522688932
0.584577001	0.527624416
0.584576677	0.472375753
0.580243556	0.477311185
0.440225564	0.558152253
0.433784569	0.559437061
0.48484318	0.12237019
0.484740325	0.877535911
0.207525613	0.598268603
0.491978589	0.121462449
0.491875736	0.878443652
0.83453492	0.675996665
0.834540757	0.324023033
0.831842809	0.682065549
0.831842804	0.317934446
0.433786345	0.440558043
0.44022753	0.441842314
0.561074497	0.198537826
0.56108627	0.801438067
0.171670823	0.493297065
0.141177028	0.697889058
0.15088469	0.697860577
0.150895411	0.302137579
0.141150403	0.30211104
0.936511137	0.455436095
0.512088485	0.22163305
0.512091011	0.778340887
0.294100146	0.628755154
0.095021482	0.355684858
0.095021481	0.644315133
0.65842339	0.212186972
0.658423412	0.787813029
0.351610724	0.556972408
0.355631668	0.563001195
0.714403959	0.613966426
0.714394307	0.386028688
0.626727751	0.406469554
0.623518567	0.399967282
0.623518609	0.600032678
0.626727792	0.593530401
0.472061678	0.261499719
0.473262022	0.253967442
0.473261888	0.746032092
0.472061544	0.738499815
0.480130903	0.264110594
0.472887901	0.268458794
0.472886611	0.731537159
0.480129463	0.735884906
0.720686234	0.594901027
0.726716753	0.598778551
0.726618741	0.401165369
0.72058822	0.405042893
0.715502978	0.600100389
0.715224749	0.591814411
0.715234891	0.408196607
0.715415137	0.399854573
0.414010565	0.48611391
0.420953037	0.483113606
0.517725748	0.421638209
0.524918289	0.423080514
0.525000217	0.576828956
0.517725756	0.578361712
0.30032046	0.353648452
0.307027181	0.357291955
0.30737537	0.643695306
0.300302123	0.646618781
0.305655799	0.364876188
0.312551767	0.361567351
0.305488394	0.636597444
0.312860859	0.640539059
0.423290323	0.476153751
0.198128669	0.639777761
0.200694413	0.645514491
0.200694415	0.354485482
0.199131745	0.361025259
0.530987362	0.418571421
0.530996476	0.581418451
0.21433072	0.597679247
0.463973821	0.192025158
0.463973831	0.807974835
0.376813491	0.553439312
0.727403431	0.698647065
0.727403422	0.301352928
0.537183205	0.084468907
0.541860732	0.091691091
0.545212913	0.084970051
0.545053355	0.915078428
0.54171435	0.908353385
0.536932874	0.915607153
0.370012716	0.900456266
0.378195179	0.8989181
0.378210967	0.101040374
0.370017563	0.099535052
0.770646155	0.691057696
0.775534492	0.68641606
0.775534487	0.313583936
0.770646149	0.308942298
0.530094505	0.17006798
0.523612322	0.168160134
0.523612342	0.831839857
0.529913753	0.831200411
0.29229663	0.515038964
0.73133811	0.703711467
0.731338102	0.296288526
0.222245987	0.426965585
0.054576579	0.445317171
0.575670059	0.222869384
0.575670075	0.777130604
0.063727173	0.501211071
0.905688773	0.594537866
0.905622242	0.405536095
0.141973795	0.492953416
0.94135207	0.503587627
0.672955462	0.186293922
0.672955481	0.813706077
0.308277036	0.669295174
0.30003857	0.672909934
0.300052165	0.327074245
0.308274547	0.330713289
0.692126257	0.13416961
0.692223321	0.865727886
0.918446103	0.517942989
0.485954671	0.422952968
0.485954674	0.577046962
0.291443599	0.473680509
0.297159345	0.467061775
0.086549474	0.433539568
0.440292953	0.449300956
0.700467812	0.646019167
0.700467585	0.353980977
0.141965204	0.440220993
0.273333519	0.600650344
0.627192921	0.16004508
0.627186598	0.839960185
0.948020805	0.460934675
0.939180036	0.462412258
0.69062405	0.594250586
0.69562267	0.58849247
0.695623773	0.411508717
0.690625169	0.4057506
0.485803688	0.290271619
0.486010168	0.710405122
0.37383694	0.621065723
0.378805091	0.61536273
0.369322356	0.614730048
0.667780986	0.451415339
0.664765204	0.444263456
0.66031477	0.452953166
0.660432621	0.547045842
0.664704716	0.555703925
0.667827697	0.548558935
0.653782895	0.451431323
0.380565866	0.608473762
0.653788239	0.548564662
0.323064774	0.618024691
0.32555503	0.6252102
0.325464354	0.382778399
0.140370439	0.561831573
0.139338557	0.55264072
0.145662754	0.557761668
0.050593895	0.487031565
0.361395413	0.562728176
0.623608334	0.411324579
0.623608383	0.588675376
0.526214619	0.25284817
0.526214323	0.74715044
0.272899759	0.399100442
0.533611409	0.301695419
0.540222678	0.29949906
0.535703245	0.294622121
0.535751531	0.705406869
0.540272896	0.700528957
0.533613368	0.698303587
0.498514417	0.41966048
0.505177283	0.420404887
0.505177288	0.579595042
0.498514422	0.580339454
0.141013116	0.408871506
0.148095815	0.411766687
0.852299042	0.55333438
0.856516049	0.558520494
0.428474723	0.464663929
0.431151401	0.458521791
0.192963564	0.633549747
0.19396664	0.367253272
0.845616692	0.553175879
0.712241631	0.111672442
0.718493999	0.106666327
0.718497667	0.893332364
0.712263363	0.888322112
0.231502249	0.554304709
0.238260122	0.560707797
0.716274674	0.118578678
0.716286843	0.881414905
0.23537351	0.568636601
0.417160593	0.47377781
0.412607292	0.467011346
0.22580962	0.731870687
0.222006603	0.725007759
0.222006607	0.274992224
0.225809624	0.268129298
0.683475237	0.303613539
0.681308485	0.294558159
0.681308496	0.705441829
0.683475249	0.696386447
0.691781005	0.305084313
0.691781017	0.694915674
0.53808755	0.16873195
0.537906798	0.83253644
0.73344573	0.219508175
0.733430509	0.780519102
0.515181498	0.40785441
0.51872037	0.415149796
0.727242616	0.22194679
0.7260304	0.213984894
0.726030402	0.786015101
0.727227394	0.778080484
0.518720382	0.58485013
0.515181513	0.592145524
0.372615518	0.838008423
0.369367981	0.831649556
0.369217307	0.168325568
0.372555891	0.162002361
0.63533712	0.163553437
0.628130434	0.166668041
0.628124856	0.833336602
0.635336396	0.836447176
0.767816788	0.698642265
0.767816782	0.301357729
0.373898866	0.825978594
0.373211886	0.174150184
0.273369747	0.112505384
0.273387433	0.887488585
0.600250875	0.143521068
0.600251071	0.856480583
0.469306728	0.348417407
0.469307876	0.651574243
0.599386693	0.151074468
0.59938674	0.848925715
0.384159602	0.397578074
0.417188961	0.546202362
0.147304133	0.444334891
0.141008624	0.449033529
0.581357929	0.451241745
0.191607478	0.623342512
0.191533553	0.376757938
0.581357079	0.54876264
0.837925961	0.621462413
0.833702646	0.628043744
0.833706722	0.371963727
0.837926366	0.37853833
0.436246058	0.146528634
0.444068626	0.146898422
0.444037903	0.853086537
0.436242993	0.853469862
0.774922328	0.537457022
0.77492268	0.462542605
0.511514747	0.420539251
0.511514754	0.579460679
0.506171905	0.413916474
0.506171915	0.58608346
0.882447146	0.5507797
0.875745975	0.556598967
0.547567678	0.171348905
0.547567699	0.828651084
0.760854387	0.705439664
0.760854379	0.29456033
0.702982702	0.295498196
0.69408328	0.293229749
0.697700052	0.300650689
0.697700063	0.6993493
0.694083286	0.70677024
0.702982707	0.704501796
0.223952725	0.564716076
0.22147291	0.57356386
0.228577668	0.571546796
0.394956027	0.24313521
0.394964361	0.756865403
0.425417746	0.470218519
0.422344993	0.462287988
0.330126111	0.719348881
0.330126104	0.280651086
0.875844964	0.443525124
0.881781685	0.449606689
0.379585597	0.635414976
0.266501982	0.43025247
0.262769476	0.423384181
0.593117787	0.31228414
0.593107755	0.687737828
0.677332181	0.536526945
0.677183346	0.46345598
0.552362292	0.256211723
0.556433047	0.262856647
0.556669942	0.737050515
0.552598474	0.743699059
0.304299525	0.428156908
0.306278141	0.434525031
0.311446676	0.42990891
0.631823577	0.069301763
0.632106851	0.077168869
0.632164156	0.922819205
0.631823578	0.930698241
0.687375965	0.290152982
0.687375973	0.709847008
0.690196665	0.255072083
0.690188288	0.744923189
0.224655759	0.557364078
0.192841158	0.542277491
0.087873763	0.482567071
0.355500028	0.549380142
0.61499935	0.399542625
0.614999394	0.600457329
0.414853207	0.675550783
0.414734669	0.324674318
0.694477126	0.513811618
0.694466225	0.486188592
0.406321202	0.673674643
0.406400122	0.326412104
0.697146004	0.505729625
0.390800406	0.661522703
0.390800443	0.338477344
0.697134435	0.494270726
0.396463969	0.667874205
0.396464026	0.332125868
0.588884191	0.283672922
0.58886897	0.716320053
0.183938026	0.409758281
0.178500145	0.406075827
0.268491606	0.468807133
0.322951018	0.650326632
0.323518585	0.656455069
0.32254835	0.351704552
0.323478292	0.345020807
0.239264645	0.439169006
0.320888766	0.630436556
0.579478791	0.174601181
0.580623926	0.180706865
0.580623951	0.819293129
0.57947882	0.825398815
0.528092214	0.324982509
0.528132311	0.675049478
0.57775579	0.243715601
0.577748285	0.756322377
0.290887098	0.488028923
0.289915957	0.479777737
0.427128831	0.385830601
0.427036549	0.614292378
0.409670286	0.183493864
0.411126142	0.189675736
0.411126158	0.81032425
0.409723451	0.816482371
0.271175102	0.736366304
0.275777376	0.732097627
0.275777372	0.267902348
0.271160462	0.263626683
0.635302692	0.493977019
0.635303683	0.506022896
0.819145722	0.579986305
0.813144709	0.578140761
0.630467553	0.173136306
0.630025286	0.180977449
0.629969367	0.819060968
0.630430327	0.82688976
0.819155841	0.42000769
0.813144683	0.421859233
0.437566732	0.379818157
0.437566734	0.620181808
0.334313397	0.436792073
0.718656707	0.578169774
0.722902532	0.574202465
0.722902478	0.425797513
0.718656662	0.421830203
0.158795899	0.453109098
0.151789671	0.449581973
0.480812285	0.455053922
0.480803452	0.544955548
0.547567374	0.505293382
0.547567031	0.494706576
0.471631419	0.538549475
0.470667177	0.460906105
0.151554477	0.560672808
0.150522595	0.551481955
0.160776741	0.559392685
0.180300331	0.416218061
0.18874277	0.41428231
0.708076316	0.232304291
0.7080758	0.767695407
0.314966927	0.666360446
0.314916952	0.333894244
0.45839721	0.271595851
0.452755375	0.268914574
0.452756499	0.731077322
0.458398209	0.728396956
0.719393487	0.222991254
0.726808817	0.228514534
0.726793597	0.77151274
0.719393491	0.777008739
0.721091301	0.235850063
0.72107503	0.764106864
0.164221928	0.546346075
0.702474806	0.58992402
0.7024835	0.410069634
0.710366384	0.295337213
0.710366389	0.704662777
0.717581921	0.294002078
0.717581926	0.705997912
0.505807786	0.069374402
0.505611949	0.930818465
0.083791964	0.439603129
0.39033139	0.731370974
0.397707481	0.73039972
0.397707457	0.269600248
0.390331374	0.268628992
0.390981198	0.738782304
0.390981178	0.26121767
0.217653541	0.57987724
0.212895888	0.585465303
0.581036027	0.187020977
0.586250605	0.181108876
0.586250628	0.818891117
0.581036049	0.812979018
0.351649687	0.703766766
0.354132443	0.709664593
0.354132428	0.290335379
0.351649671	0.296233199
0.347742176	0.71378822
0.347742163	0.286211749
0.697890072	0.661147044
0.697886734	0.338856755
0.637764673	0.192866694
0.630299084	0.193101027
0.630280416	0.806911311
0.637746005	0.807145652
0.379534985	0.36431409
0.261548409	0.590834949
0.165249196	0.465760286
0.16916899	0.459399393
0.442765247	0.672098907
0.44275081	0.327795704
0.319224064	0.35859846
0.78616205	0.743559602
0.786166635	0.256348867
0.750662254	0.526582992
0.75454003	0.521487712
0.761328963	0.524955279
0.755222024	0.479299655
0.750662186	0.473416986
0.76132887	0.475044734
0.466939468	0.272664019
0.466980407	0.727343212
0.31934468	0.642556367
0.713724629	0.585188327
0.71373219	0.414804109
0.145834037	0.626086874
0.145883944	0.373890027
0.215386399	0.296245991
0.214995392	0.703215351
0.590375017	0.25120874
0.589723215	0.748579456
0.729981642	0.572562572
0.729981587	0.427437404
0.447380432	0.263824529
0.447380708	0.736173578
0.847822858	0.710851987
0.843936456	0.703330994
0.843907325	0.296779228
0.847882895	0.289211805
0.321565709	0.663537405
0.321517022	0.336880109
0.82352081	0.698103197
0.819247767	0.691225283
0.81925678	0.308797511
0.82358032	0.30195971
0.818032959	0.685549498
0.825641762	0.686749602
0.82564546	0.31326897
0.818038269	0.31445472
0.567433023	0.130434624
0.56747964	0.869596165
0.198474552	0.547234267
0.332803631	0.428185051
0.32603521	0.432389139
0.691670259	0.262431612
0.691661881	0.737563659
0.340835314	0.425529957
0.239455885	0.453868498
0.818528312	0.645065104
0.818533738	0.354944839
0.467255898	0.151731262
0.465824993	0.84829409
0.357486576	0.53656985
0.36547436	0.53765409
0.359982559	0.543665902
0.603232688	0.395061926
0.60317077	0.604748726
0.608336773	0.400177786
0.608336824	0.599822154
0.360184912	0.927673319
0.360184912	0.072326679
0.052365965	0.45303213
0.241812693	0.730817622
0.249567301	0.727293229
0.249567302	0.272706751
0.241795186	0.269184222
0.528358655	0.31559764
0.521308191	0.319436712
0.521365698	0.680586623
0.528376094	0.684393654
0.515073831	0.325017978
0.515098283	0.674965744
0.508075667	0.407297183
0.50807568	0.592702753
0.501738203	0.407162819
0.501738214	0.592837116
0.534057223	0.249761418
0.534057235	0.750238133
0.363487811	0.550464382
0.477955061	0.288156977
0.478330869	0.711923873
0.612471064	0.406613467
0.612471106	0.593386478
0.829034154	0.608159446
0.822079685	0.603215763
0.822079671	0.396784231
0.829035008	0.391840331
0.415669489	0.460632848
0.418726466	0.455078258
0.207123765	0.64578951
0.207123766	0.354210464
0.429162002	0.160874444
0.428343362	0.169359571
0.428910571	0.830969788
0.429220871	0.83915972
0.266319886	0.404355403
0.892539223	0.64040408
0.894236028	0.648658155
0.894236069	0.35134192
0.892539263	0.359595995
0.772531654	0.680703899
0.772531648	0.319296097
0.414275933	0.441154187
0.421491627	0.435113562
0.421182518	0.564860192
0.414144541	0.558860903
0.520185751	0.173627264
0.520185768	0.826372727
0.622323355	0.169627948
0.622280529	0.830402769
0.618185215	0.176961311
0.618089196	0.82311362
0.593894589	0.45508133
0.595572649	0.464174194
0.595572993	0.535825963
0.593894776	0.544918658
0.29494288	0.335261809
0.294934231	0.664744656
0.327564027	0.37492856
0.152746251	0.440769436
0.161204271	0.440792387
0.483181373	0.399459538
0.491901466	0.39635636
0.491901478	0.603643581
0.48318138	0.600540401
0.812577285	0.681491318
0.812583599	0.318514127
0.062714505	0.606708556
0.694063531	0.5673406
0.694481629	0.431981431
0.074933025	0.351866061
0.074933024	0.64813394
0.239917821	0.446449591
0.583738999	0.247920298
0.58365258	0.752516638
0.776131922	0.854950737
0.776120844	0.145066795
0.239765379	0.524603732
0.1665899	0.681215056
0.174666957	0.680958391
0.174668263	0.319054854
0.166639153	0.318796415
0.180168663	0.682760159
0.175306623	0.688738647
0.175312021	0.311264054
0.180164575	0.317250361
0.651445229	0.286955772
0.651545482	0.713093378
0.408060281	0.383984246
0.405856453	0.390395869
0.413726683	0.386996233
0.405856484	0.609604072
0.408060309	0.616015695
0.413726699	0.613003716
0.712289439	0.227247313
0.712288923	0.772752386
0.729345102	0.644443033
0.727098488	0.651689739
0.72707906	0.348325255
0.72934315	0.355558454
0.640990687	0.481788738
0.646430218	0.478388095
0.641979982	0.473274248
0.509901058	0.120877681
0.506081571	0.127978821
0.506067876	0.872008653
0.509887364	0.879109793
0.640991191	0.518211138
0.642344286	0.526591326
0.646794554	0.521477571
0.344639599	0.6344069
0.501664169	0.131759016
0.499014312	0.124642988
0.499000616	0.875344486
0.50166419	0.868240977
0.445279069	0.368802512
0.452157794	0.363691322
0.445504906	0.362394039
0.445279083	0.631197442
0.445504922	0.637605915
0.452157808	0.636308628
0.178765967	0.489056687
0.245623702	0.793810544
0.245607963	0.206183664
0.651203049	0.216221921
0.651203074	0.783778076
0.260240805	0.626442009
0.255115652	0.620877542
0.157745629	0.547461729
0.72606949	0.110975779
0.726073158	0.889022912
0.186413498	0.680054524
0.18638334	0.320045057
0.501038241	0.138535401
0.501222223	0.861147085
0.428780099	0.177643683
0.434238768	0.174270648
0.433836349	0.826167124
0.428944877	0.823123453
0.420553412	0.178710864
0.421120621	0.821618494
0.266118111	0.114954192
0.266118111	0.885045807
0.256530675	0.722787563
0.250875624	0.71974202
0.250875625	0.28025796
0.256530675	0.277212416
0.261572365	0.729373226
0.261572364	0.270626753
0.544060494	0.165572438
0.544060515	0.834427551
0.814685312	0.599459841
0.814894502	0.605865213
0.814894492	0.394134782
0.814685298	0.400540153
0.817871207	0.591802573
0.817871193	0.408197422
0.572917439	0.928343302
0.565240338	0.927938263
0.565380058	0.072146734
0.572985567	0.071814947
0.767584692	0.705379234
0.767584684	0.294620758
0.097448449	0.656012246
0.092845448	0.651553041
0.09284545	0.348446948
0.097448453	0.343987741
0.087790606	0.646481014
0.087790607	0.353518981
0.699067658	0.654391349
0.699067425	0.345608798
0.372664164	0.132348738
0.372731683	0.867306053
0.188262101	0.629187361
0.188262103	0.370812609
0.628122964	0.186431939
0.627908013	0.813710111
0.841282463	0.55935648
0.841378534	0.440640058
0.266796277	0.595240118
0.164473547	0.454189691
0.461812324	0.297898669
0.461805204	0.702096877
0.380608746	0.174343073
0.381092853	0.825422999
0.910009098	0.601292155
0.909608941	0.399196041
0.538980383	0.116762698
0.539022339	0.883265012
0.277820838	0.765769866
0.277789765	0.234212838
0.414136072	0.176569658
0.405584227	0.175374401
0.405691281	0.824632755
0.414189973	0.823461256
0.425334338	0.089963311
0.431258973	0.084903802
0.431258989	0.915096198
0.425334353	0.91003669
0.182150215	0.769924458
0.174274818	0.766943873
0.174268708	0.233054197
0.182144104	0.230073613
0.344675027	0.365313878
0.262956739	0.73598566
0.266209464	0.743944283
0.266163423	0.256039332
0.262925338	0.264004948
0.564933163	0.280357859
0.557992669	0.282132128
0.558018449	0.71787318
0.564980542	0.719721036
0.213634356	0.357793833
0.214045192	0.350932245
0.214038804	0.64908096
0.213627967	0.642219372
0.73900765	0.174643346
0.732802463	0.176967719
0.732741674	0.82278799
0.738976393	0.825231014
0.443730851	0.227706632
0.443730877	0.772293338
0.728701467	0.16993947
0.728435694	0.82899266
0.437932649	0.227619847
0.440343377	0.220519218
0.440343408	0.779480757
0.437932683	0.772380127
0.82293857	0.587317451
0.828212373	0.580509002
0.564359992	0.454887691
0.828231159	0.419481949
0.822947226	0.412679501
0.564359558	0.54511458
0.428716158	0.533309368
0.282337804	0.441223364
0.277417949	0.446371454
0.219348891	0.639175981
0.219355278	0.360837224
0.731510825	0.638025211
0.72371627	0.640066747
0.723714317	0.359934741
0.731510814	0.361974775
0.519897503	0.187397872
0.519449535	0.812657532
0.812401725	0.725232604
0.812408363	0.274770735
0.264706812	0.63153207
0.266853803	0.623767672
0.771963416	0.673067688
0.766253261	0.676916086
0.766228506	0.323095788
0.77193866	0.326944188
0.513861792	0.177947799
0.520053798	0.180956358
0.520055346	0.819019592
0.513863338	0.822028152
0.761095978	0.67322465
0.761029975	0.326807024
0.255210182	0.379074499
0.260394329	0.373542186
0.398848522	0.250076418
0.398848545	0.749923558
0.510330377	0.229035814
0.517659688	0.227210249
0.517662491	0.77276079
0.510330671	0.770961276
0.148759273	0.657968156
0.148697617	0.341980937
0.654092321	0.649282276
0.660675716	0.653656955
0.66067586	0.346344202
0.654092468	0.350718869
0.766958982	0.537359287
0.766958936	0.462640721
0.103686801	0.540334714
0.0986304	0.544569567
0.100601389	0.533710856
0.243885883	0.828688655
0.243890321	0.171312354
0.334185794	0.712504102
0.334185784	0.287495865
0.136921798	0.538298202
0.714620138	0.204471907
0.714620142	0.795528088
0.377908865	0.62739478
0.551339818	0.284177237
0.553273249	0.276734629
0.553296718	0.723259652
0.551342141	0.71583376
0.671130903	0.45812424
0.671248457	0.541857823
0.293699017	0.558851635
0.28665382	0.56236701
0.83534984	0.535731052
0.346288645	0.857547542
0.339485005	0.856887204
0.339491129	0.143078156
0.34628995	0.142424351
0.53713546	0.287956816
0.537613895	0.712323279
0.280088679	0.434424617
0.287430691	0.436465227
0.546529468	0.297151211
0.546577752	0.702877767
0.267011288	0.376288393
0.26471077	0.368539771
0.503772085	0.230478855
0.509343288	0.236056054
0.509343577	0.763941034
0.503772097	0.769521131
0.301113286	0.438817309
0.492898054	0.071622681
0.492912958	0.928566572
0.363591242	0.807811559
0.36325452	0.191739875
0.648883461	0.168843577
0.64887978	0.831160466
0.641068666	0.166054237
0.641068164	0.833946305
0.297827494	0.42604044
0.138895702	0.463396248
0.140382438	0.45524185
0.834928576	0.464326907
0.151623551	0.724630502
0.15161313	0.27537035
0.529852737	0.3083121
0.529872107	0.691678236
0.318975368	0.430029575
0.769818171	0.148743744
0.769869356	0.851308835
0.88876863	0.634612819
0.88514069	0.629374396
0.885140687	0.370625599
0.888768626	0.365387176
0.344586465	0.113410873
0.344599648	0.886591679
0.42223732	0.096033708
0.419401018	0.101828822
0.419401032	0.898171178
0.422237334	0.903966292
0.317457704	0.635458505
0.378757735	0.371948158
0.415151084	0.261143992
0.415151206	0.738855272
0.408661762	0.259992527
0.408661883	0.740006738
0.189016115	0.769588698
0.18897022	0.230396939
0.169694964	0.577242989
0.167696299	0.583291382
0.749622586	0.546092954
0.749622528	0.453907022
0.878307906	0.543708631
0.75347753	0.540904033
0.753477471	0.45909595
0.335612377	0.692867974
0.33561284	0.307132599
0.337856297	0.699064385
0.337856761	0.300936188
0.449736463	0.668932215
0.449719165	0.330941477
0.195413922	0.769110229
0.195368027	0.230875408
0.301784385	0.772188782
0.301784379	0.227811198
0.571858006	0.216635273
0.571858025	0.783364716
0.569328533	0.209812257
0.569328554	0.790187733
0.209777439	0.592160062
0.708541373	0.590387688
0.708559106	0.40961579
0.724965236	0.704815526
0.724965228	0.295184465
0.469869578	0.357253114
0.469869697	0.642746037
0.463931459	0.35489814
0.463932718	0.645092725
0.391439371	0.402511477
0.432071643	0.845106215
0.432015849	0.154926447
0.392467333	0.396160423
0.214162199	0.415114076
0.218777896	0.420539197
0.672931479	0.257446044
0.679636414	0.2574746
0.679635329	0.742525169
0.672922256	0.742552056
0.685501256	0.25984106
0.685501257	0.740158932
0.832762037	0.613603539
0.832763302	0.386396986
0.200224075	0.534340081
0.203549783	0.528521461
0.199342542	0.540601153
0.235210912	0.731315352
0.235193407	0.268686494
0.731106834	0.251738416
0.730940419	0.748632017
0.738242558	0.253853261
0.738249425	0.746952657
0.597423508	0.157264835
0.595489507	0.164627196
0.59548145	0.835380317
0.597423534	0.842735154
0.161575221	0.415020076
0.154223495	0.413031934
0.317852682	0.366182694
0.211163728	0.408370646
0.479693762	0.914392664
0.47969429	0.08545864
0.565162059	0.203721136
0.565163255	0.796276444
0.369378253	0.532448231
0.371874236	0.539544283
0.475048326	0.724728304
0.475008692	0.275274894
0.162909436	0.44709711
0.622758152	0.181550703
0.622524646	0.818605071
0.556465523	0.350275898
0.562104255	0.354799131
0.562104283	0.645200803
0.556465553	0.64972404
0.868532437	0.690304157
0.8685403	0.309709644
0.34411423	0.481205149
0.342095439	0.474120971
0.348111153	0.84955842
0.348112459	0.150413471
0.647632321	0.345687595
0.64763218	0.654313547
0.29259113	0.550720515
0.585872729	0.276838273
0.585872845	0.723083995
0.264016657	0.462769393
0.169059726	0.416867514
0.168917033	0.42384567
0.175352895	0.418672188
0.591951372	0.178164881
0.599614407	0.175208611
0.59350154	0.171838495
0.593493483	0.828169019
0.599598007	0.824813094
0.591943054	0.821849304
0.168011082	0.409846594
0.63656674	0.336955001
0.637303866	0.329599128
0.637289153	0.670506473
0.636565293	0.663055522
0.641718594	0.341347103
0.641717146	0.658663422
0.541723248	0.274244242
0.539288402	0.281133803
0.53971857	0.719117275
0.54126217	0.725942693
0.290852782	0.424487165
0.283792568	0.42263703
0.065697334	0.507600114
0.587826472	0.167583466
0.587826498	0.832416526
0.284024554	0.533039644
0.290637531	0.536685329
0.291815726	0.543337458
0.382414223	0.094188181
0.382399934	0.905808201
0.406340095	0.496117473
0.406359863	0.488190092
0.536622124	0.412998906
0.543493844	0.416946428
0.543502961	0.583043445
0.536631239	0.58699097
0.434387399	0.232742626
0.434387428	0.767257348
0.279617703	0.552733945
0.285828744	0.548099051
0.278842299	0.545350889
0.519558326	0.358214038
0.519558348	0.641785912
0.368121801	0.446193246
0.525194009	0.362136151
0.525194029	0.637863793
0.368111174	0.45291793
0.27809194	0.427248049
0.138896957	0.546088102
0.548054754	0.271415812
0.548291651	0.728491346
0.208219596	0.804128466
0.208033948	0.195764596
0.616114651	0.412655395
0.616114696	0.587344584
0.36584129	0.557766938
0.370323821	0.552052698
0.345430697	0.468995462
0.550418317	0.350610649
0.550418347	0.649389288
0.720396918	0.210053809
0.720396923	0.789946188
0.759718798	0.535696555
0.750283423	0.534443796
0.750283354	0.465556184
0.759718743	0.464303426
0.649954478	0.331096763
0.648838916	0.338529684
0.655868204	0.335437255
0.655868058	0.664563899
0.648837299	0.661482024
0.649953023	0.668913774
0.554707606	0.269370703
0.561651542	0.268175464
0.561675009	0.731818821
0.554967959	0.730530767
0.268498721	0.437429038
0.272999053	0.432006186
0.339231777	0.707049092
0.345041063	0.699514105
0.345041525	0.300486469
0.339231763	0.292950874
0.50088403	0.924379352
0.500888627	0.075702437
0.401071587	0.257192163
0.404686335	0.266001211
0.404686455	0.733998051
0.40107161	0.742807808
0.878342569	0.456465198
0.44853131	0.375487414
0.448531318	0.624512539
0.633573865	0.51768535
0.633573198	0.482314472
0.417799386	0.606964228
0.417891659	0.39315874
0.605292479	0.096077305
0.605292507	0.903922692
0.172693595	0.405681252
0.165209089	0.403833814
0.583981994	0.162203517
0.581994027	0.169414815
0.581994053	0.83058518
0.58398202	0.837796477
0.420095487	0.386747116
0.420003212	0.613375851
0.638023433	0.487428319
0.638024132	0.512571594
0.441878422	0.374190131
0.441878432	0.625809826
0.400330824	0.287802477
0.400332167	0.712201689
0.734667857	0.519822578
0.733580391	0.480220804
0.365507729	0.693316605
0.365508608	0.306684499
0.65103741	0.223128973
0.650971372	0.776997646
0.273715221	0.193952684
0.273714823	0.806046978
0.292156278	0.431219755
0.544467455	0.28560275
0.544515735	0.714426235
0.640131154	0.159431276
0.640129907	0.840569888
0.184814969	0.492376453
0.68618891	0.139392583
0.686233811	0.860426093
0.160798225	0.585841055
0.135043509	0.451127951
0.743882584	0.249143959
0.74337655	0.751023978
0.068067835	0.602364989
0.114096967	0.487358032
0.682601354	0.160407724
0.682592404	0.839495617
0.095306971	0.478822179
0.166108655	0.590286951
0.796242095	0.205921186
0.796242102	0.79407881
0.745089183	0.255933307
0.744922852	0.744299674
0.097127404	0.388793177
0.097186521	0.611107197
0.273781356	0.568240879
0.672207864	0.338123119
0.672207862	0.661877027
0.164862819	0.596038739
0.427932844	0.554888427
0.427737537	0.561870285
0.589707011	0.46835623
0.583561743	0.465034735
0.583561854	0.534965402
0.589707397	0.531643888
0.488446574	0.410280497
0.482496834	0.406617818
0.482496839	0.593382119
0.488446578	0.589719439
0.42787117	0.4381426
0.428068235	0.44511964
0.750319855	0.742124171
0.750680061	0.257706873
0.081849674	0.351905436
0.081849671	0.648094561
0.363144115	0.45770058
0.369525286	0.459625895
0.531806374	0.360195569
0.531806399	0.639804371
0.530289759	0.366807767
0.530289779	0.633192172
0.725696858	0.128484428
0.725697821	0.871514998
0.235132369	0.519962554
0.649723355	0.280536353
0.649736722	0.719470195
0.64375767	0.327572322
0.643756218	0.672438219
0.278939107	0.538075072
0.293377082	0.643437195
0.293164328	0.635661825
0.293232222	0.364518116
0.293444926	0.356769808
0.175698153	0.400063046
0.394873117	0.743914871
0.394873095	0.256085103
0.575634314	0.169221231
0.575634342	0.830778766
0.201798454	0.771889758
0.20180503	0.228030986
0.726947713	0.606966406
0.72084492	0.611244708
0.720746912	0.388699216
0.726849706	0.392977512
0.322930675	0.370001167
0.294405403	0.438018502
0.475869973	0.281586494
0.476286702	0.718501611
0.374460012	0.546136756
0.763764875	0.530899051
0.341370561	0.712953822
0.341370549	0.287046146
0.763764819	0.469100955
0.486138959	0.746809015
0.479491126	0.750372428
0.479491277	0.249627057
0.486139099	0.253190515
0.473448618	0.753556959
0.473448619	0.246442979
0.88441977	0.622465872
0.884419766	0.377534123
0.549186875	0.291000249
0.549237465	0.709039764
0.704644071	0.658092392
0.704640518	0.341911571
0.267174187	0.456065374
0.27178452	0.451537243
0.260807685	0.598209147
0.72081334	0.123374601
0.720822791	0.876619722
0.714746565	0.234615976
0.714746571	0.765384016
0.413745702	0.105915066
0.413745758	0.894092308
0.162890617	0.55327744
0.578498507	0.276219475
0.578436008	0.72372806
0.269362363	0.444348543
0.572222226	0.27803892
0.57219416	0.721991624
0.281190703	0.565808809
0.666386993	0.343320957
0.666386991	0.656679189
0.724168764	0.88214647
0.724164146	0.117851652
0.417102011	0.448063657
0.423777516	0.449718798
0.567215163	0.272370582
0.567186644	0.72756966
0.399968576	0.394238854
0.39944771	0.606096522
0.641629094	0.466040706
0.64199326	0.533824938
0.45843897	0.360508347
0.458439093	0.63949081
0.496474307	0.402247208
0.496474318	0.59775273
0.494570545	0.408866499
0.494570552	0.591133437
0.42969269	0.452134241
0.416654017	0.553130436
0.422420755	0.550393578
0.587625048	0.454241618
0.587624266	0.545762817
0.582424958	0.45801534
0.582425062	0.541984697
0.49371047	0.415196108
0.493710474	0.584803826
0.158866146	0.400696633
0.584339511	0.155225804
0.584339537	0.844774187
0.534197864	0.243341171
0.534197783	0.756658807
0.260695731	0.401293525
0.591777623	0.1541818
0.59177767	0.845818385
0.154398898	0.40673391
0.364083633	0.07752399
0.364083637	0.922476007
0.473653602	0.238904434
0.473653604	0.761095504
0.467424347	0.243244818
0.467424366	0.756755168
0.726600032	0.207615193
0.726600037	0.792384807
0.133604643	0.550158006
0.371328456	0.466097568
0.534865207	0.371890884
0.534869866	0.628115026
0.492390446	0.421074477
0.492390448	0.578925457
0.435442121	0.453922633
0.461404141	0.239837647
0.461404167	0.76016233
0.443775641	0.78517508
0.443775625	0.214824899
0.300024511	0.36733959
0.300938723	0.63284702
0.714523503	0.605908723
0.714415861	0.394030331
0.485171484	0.260471245
0.485169396	0.739522263
0.793968651	0.177127988
0.793968661	0.822872008
0.660463775	0.339846931
0.660463609	0.660154384
0.281141031	0.558923906
0.668595897	0.262381818
0.668584987	0.73761596
0.209989426	0.527233745

--------------------------------------------------------------------------------
ELEMENT CONNECTIVITY
--------------------------------------------------------------------------------
285	1632	2507	3262	3263	3264
440	2506	1631	3265	3266	3267
1290	877	1788	3268	3269	3270
878	1291	1789	3271	3272	3273
1290	1788	570	3270	3274	3275
571	1789	1291	3276	3272	3277
779	2600	2840	3278	3279	3280
780	2841	2601	3281	3282	3283
1298	873	1781	3284	3285	3286
1299	1782	874	3287	3288	3289
1298	1781	574	3286	3290	3291
1299	575	1782	3292	3293	3287
842	1337	1607	3294	3295	3296
1300	875	1784	3297	3298	3299
1301	1785	876	3300	3301	3302
1300	1784	572	3299	3303	3304
1301	573	1785	3305	3306	3300
636	1607	1337	3307	3295	3308
781	2593	2842	3309	3310	3311
782	2843	2594	3312	3313	3314
1369	1746	739	3315	3316	3317
1370	740	1747	3318	3319	3320
1369	904	1746	3321	3322	3315
1370	1747	905	3320	3323	3324
1594	1988	670	3325	3326	3327
671	1989	1595	3328	3329	3330
1596	1986	668	3331	3332	3333
1597	669	1987	3334	3335	3336
783	2602	2838	3337	3338	3339
784	2839	2603	3340	3341	3342
706	2103	1178	3343	3344	3345
707	1179	2104	3346	3347	3348
1598	1984	666	3349	3350	3351
667	1985	1599	3352	3353	3354
1011	1854	1728	3355	3356	3357
1012	1729	1855	3358	3359	3360
851	2693	1342	3361	3362	3363
1374	1463	810	3364	3365	3366
1375	811	1464	3367	3368	3369
1016	1725	1858	3370	3371	3372
1376	1465	812	3373	3374	3375
635	1233	1809	3376	3377	3378
633	1810	1234	3379	3380	3381
634	1235	1811	3382	3383	3384
1441	779	2840	3385	3280	3386
1440	2841	780	3387	3281	3388
297	1372	298	3389	3390	379
427	1373	428	3391	3392	509
1594	2416	1988	3393	3394	3325
1595	1989	2417	3329	3395	3396
1596	2410	1986	3397	3398	3331
1597	1987	2411	3336	3399	3400
1006	1868	1744	3401	3402	3403
1007	1745	1869	3404	3405	3406
851	1807	2693	3407	3408	3361
705	1970	1149	3409	3410	3411
704	1150	1969	3412	3413	3414
284	1632	285	3415	3262	366
440	1631	441	3267	3416	522
704	3013	1150	3417	3418	3412
705	1149	3014	3411	3419	3420
891	1645	1215	3421	3422	3423
892	1216	1644	3424	3425	3426
1008	1874	1739	3427	3428	3429
1599	1985	2415	3353	3430	3431
1598	2414	1984	3432	3433	3349
898	1912	1247	3434	3435	3436
897	1246	1911	3437	3438	3439
842	1783	1337	3440	3441	3294
1450	781	2842	3442	3311	3443
1451	2843	782	3444	3312	3445
1463	2958	810	3446	3447	3365
1464	811	2959	3368	3448	3449
1463	2864	2958	3450	3451	3446
1464	2959	2865	3449	3452	3453
1443	783	2838	3454	3339	3455
1444	2839	784	3456	3340	3457
642	1961	1815	3458	3459	3460
643	1816	1962	3461	3462	3463
433	1414	434	3464	3465	515
291	1413	292	3466	3467	373
893	1217	1660	3468	3469	3470
578	1761	1674	3471	3472	3473
1672	1762	576	3474	3475	3476
577	1763	1673	3477	3478	3479
1348	2153	608	3480	3481	3482
1349	609	2154	3483	3484	3485
1374	1539	633	3486	3487	3488
1375	634	1540	3489	3490	3491
1320	867	2535	3492	3493	3494
1321	2534	868	3495	3496	3497
1383	633	1539	3498	3487	3499
1384	1540	634	3500	3490	3501
1322	869	2533	3502	3503	3504
1323	2532	870	3505	3506	3507
1324	2527	871	3508	3509	3510
1325	872	2528	3511	3512	3513
606	1653	1223	3514	3515	3516
607	1224	1654	3517	3518	3519
635	2368	1233	3520	3521	3376
608	1651	1225	3522	3523	3524
609	1226	1652	3525	3526	3527
610	1649	1227	3528	3529	3530
611	1228	1650	3531	3532	3533
1371	1567	637	3534	3535	3536
574	1781	1699	3290	3537	3538
575	1700	1782	3539	3540	3293
1066	1699	1781	3541	3537	3542
1067	1782	1700	3543	3540	3544
1271	2467	899	3545	3546	3547
1272	900	2468	3548	3549	3550
572	1784	1704	3303	3551	3552
573	1705	1785	3553	3554	3306
1072	1704	1784	3555	3551	3556
1073	1785	1705	3557	3554	3558
423	1582	424	3559	3560	505
301	1581	302	3561	3562	383
570	1788	1708	3274	3563	3564
571	1709	1789	3565	3566	3276
633	1234	2360	3381	3567	3568
634	2361	1235	3569	3570	3382
1075	1708	1788	3571	3563	3572
1076	1789	1709	3573	3566	3574
706	1178	1946	3345	3575	3576
707	1947	1179	3577	3578	3346
1416	2696	807	3579	3580	3581
1003	1497	1976	3582	3583	3584
1004	1977	1498	3585	3586	3587
825	1976	1497	3588	3583	3589
826	1498	1977	3590	3586	3591
1371	2993	1567	3592	3593	3534
836	1567	2993	3594	3593	3595
1365	835	1576	3596	3597	3598
1366	1575	834	3599	3600	3601
1365	1576	641	3598	3602	3603
1366	640	1575	3604	3605	3599
1417	808	2683	3606	3607	3608
1418	2684	809	3609	3610	3611
1376	812	2711	3375	3612	3613
2219	2696	1416	3614	3579	3615
858	1209	1859	3616	3617	3618
859	1860	1210	3619	3620	3621
861	1864	1211	3622	3623	3624
903	2326	1838	3625	3626	3627
1374	810	1539	3366	3628	3486
1375	1540	811	3491	3629	3367
1161	1838	2326	3630	3626	3631
1403	576	1713	3632	3633	3634
1404	1714	577	3635	3636	3637
578	1406	1715	3638	3639	3640
908	1844	2337	3641	3642	3643
909	2338	1845	3644	3645	3646
1510	1514	775	3647	3648	3649
1511	776	1515	3650	3651	3652
1510	1017	1514	3653	3654	3647
1511	1515	1018	3652	3655	3656
1417	2683	2227	3608	3657	3658
1418	2228	2684	3659	3660	3609
1388	1614	635	3661	3662	3663
1506	1508	771	3664	3665	3666
1507	772	1509	3667	3668	3669
1170	2337	1844	3670	3642	3671
1171	1845	2338	3672	3645	3673
1506	1019	1508	3674	3675	3664
1507	1509	1020	3669	3676	3677
848	1735	1213	3678	3679	3680
849	1214	1736	3681	3682	3683
1273	999	1670	3684	3685	3686
1274	1671	1000	3687	3688	3689
1344	2077	943	3690	3691	3692
1345	942	2076	3693	3694	3695
1518	1520	777	3696	3697	3698
1519	778	1521	3699	3700	3701
1518	1021	1520	3702	3703	3696
1519	1521	1022	3701	3704	3705
1137	1764	2590	3706	3707	3708
1275	1001	1676	3709	3710	3711
1276	1677	1002	3712	3713	3714
1138	2591	1765	3715	3716	3717
1139	1766	2592	3718	3719	3720
848	1213	1754	3680	3721	3722
849	1755	1214	3723	3724	3681
434	1414	1911	3465	3725	3726
291	1912	1413	3727	3728	3466
421	2427	1727	3729	3730	3731
304	1726	2426	3732	3733	3734
1395	761	2209	3735	3736	3737
1009	2324	1213	3738	3739	3740
1010	1214	2325	3741	3742	3743
1393	2207	759	3744	3745	3746
1394	760	2208	3747	3748	3749
321	2451	1483	3750	3751	3752
1383	1539	916	3499	3753	3754
1384	917	1540	3755	3756	3500
680	1728	1854	3757	3356	3758
681	1855	1729	3759	3359	3760
683	1858	1725	3761	3371	3762
1415	806	2648	3763	3764	3765
1045	2390	1311	3766	3767	3768
820	2253	2407	3769	3770	3771
819	2406	2252	3772	3773	3774
1046	1312	2391	3775	3776	3777
668	1311	2390	3778	3767	3779
1269	994	1662	3780	3781	3782
1312	669	2391	3783	3784	3776
1270	1661	995	3785	3786	3787
861	1211	2405	3624	3788	3789
858	2408	1209	3790	3791	3616
859	1210	2409	3621	3792	3793
1044	2395	1310	3794	3795	3796
666	1310	2395	3797	3795	3798
844	1231	1972	3799	3800	3801
845	1971	1232	3802	3803	3804
812	2960	2711	3805	3806	3612
1009	1213	2105	3740	3807	3808
1010	2106	1214	3809	3810	3741
821	2400	2250	3811	3812	3813
822	2251	2403	3814	3815	3816
823	2392	2248	3817	3818	3819
824	2249	2393	3820	3821	3822
846	1313	1608	3823	3824	3825
847	1609	1314	3826	3827	3828
320	2451	321	3829	3750	402
674	2454	1927	3830	3831	3832
1396	1625	813	3833	3834	3835
1397	814	1626	3836	3837	3838
1318	1684	846	3839	3840	3841
1319	847	1685	3842	3843	3844
1395	2209	2177	3737	3845	3846
423	2307	1582	3847	3848	3559
302	1581	2306	3562	3849	3850
1419	804	2643	3851	3852	3853
1420	2644	805	3854	3855	3856
1393	2172	2207	3857	3858	3744
1394	2208	2173	3749	3859	3860
674	1683	2454	3861	3862	3830
1433	1561	817	3863	3864	3865
1434	818	1562	3866	3867	3868
277	1496	278	3869	3870	359
447	1495	448	3871	3872	529
1524	1218	2654	3873	3874	3875
1525	2655	1219	3876	3877	3878
1525	771	2655	3879	3880	3876
1524	2654	772	3875	3881	3882
1559	2470	1159	3883	3884	3885
1560	1160	2471	3886	3887	3888
1559	618	2470	3889	3890	3883
1560	2471	619	3888	3891	3892
1554	2486	1178	3893	3894	3895
1555	1179	2487	3896	3897	3898
1554	620	2486	3899	3900	3893
1555	2487	621	3898	3901	3902
1403	3131	576	3903	3904	3632
1404	577	3132	3637	3905	3906
1228	2407	2253	3907	3770	3908
1227	2252	2406	3909	3773	3910
578	3135	1406	3911	3912	3638
1448	1631	815	3913	3914	3915
1447	816	1632	3916	3917	3918
1465	1614	812	3919	3920	3374
678	1744	1868	3921	3402	3922
679	1869	1745	3923	3405	3924
682	1739	1874	3925	3428	3926
969	1791	1712	3927	3928	3929
1316	1030	2362	3930	3931	3932
1317	2363	1031	3933	3934	3935
893	2042	1217	3936	3937	3468
1316	2362	670	3932	3938	3939
671	2363	1317	3940	3933	3941
1588	3254	3015	3942	3943	3944
1589	3016	3255	3945	3946	3947
1588	3015	840	3944	3948	3949
841	3016	1589	3950	3945	3951
1557	2491	1164	3952	3953	3954
1558	1165	2492	3955	3956	3957
891	1215	2043	3423	3958	3959
892	2044	1216	3960	3961	3424
973	1710	1786	3962	3963	3964
974	1787	1711	3965	3966	3967
1557	622	2491	3968	3969	3952
623	1558	2492	3970	3957	3971
1415	2648	2235	3765	3972	3973
418	1397	419	3974	3975	500
306	1396	307	3976	3977	388
1315	2371	1027	3978	3979	3980
667	2371	1315	3981	3978	3982
1465	635	1614	3983	3662	3919
933	1740	1748	3984	3985	3986
932	1749	1741	3987	3988	3989
1039	1748	1740	3990	3985	3991
1040	1741	1749	3992	3988	3993
1294	1679	629	3994	3995	3996
1295	628	1680	3997	3998	3999
1296	1675	630	4000	4001	4002
1297	631	1678	4003	4004	4005
627	1292	1681	4006	4007	4008
1293	626	1682	4009	4010	4011
719	1250	2200	4012	4013	4014
720	2201	1251	4015	4016	4017
1535	2647	1212	4018	4019	4020
1337	1783	1958	3441	4021	4022
1535	775	2647	4023	4024	4018
966	1674	1761	4025	3472	4026
717	1248	2194	4027	4028	4029
718	2195	1249	4030	4031	4032
964	1762	1672	4033	3474	4034
965	1673	1763	4035	3478	4036
1225	2250	2400	4037	3812	4038
1226	2403	2251	4039	3815	4040
928	1733	1750	4041	4042	4043
929	1751	1734	4044	4045	4046
1025	1750	1733	4047	4042	4048
1026	1734	1751	4049	4045	4050
934	1742	1752	4051	4052	4053
935	1753	1743	4054	4055	4056
1036	1752	1742	4057	4052	4058
1037	1743	1753	4059	4055	4060
721	1254	2196	4061	4062	4063
722	2197	1255	4064	4065	4066
812	1614	1715	3920	4067	4068
844	1795	1231	4069	4070	3799
845	1232	1796	3804	4071	4072
1290	717	1885	4073	4074	4075
718	1291	1886	4076	4077	4078
1290	1885	877	4075	4079	3268
878	1886	1291	4080	4077	3271
1223	2248	2392	4081	3818	4082
1224	2393	2249	4083	3821	4084
851	1769	1236	4085	4086	4087
843	1808	1263	4088	4089	4090
860	2404	1898	4091	4092	4093
306	3100	1396	4094	4095	3976
419	1397	3099	3975	4096	4097
973	1642	1710	4098	4099	3962
974	1711	1643	3967	4100	4101
912	1710	1642	4102	4099	4103
913	1643	1711	4104	4100	4105
969	1712	1639	3929	4106	4107
914	1639	1712	4108	4106	4109
1298	719	1875	4110	4111	4112
1299	1876	720	4113	4114	4115
1298	1875	873	4112	4116	3284
1299	874	1876	3289	4117	4113
1275	2398	1001	4118	4119	3709
1276	1002	2399	3714	4120	4121
850	1343	2167	4122	4123	4124
1212	1898	2404	4125	4092	4126
1389	624	1610	4127	4128	4129
1390	1611	625	4130	4131	4132
910	2059	1229	4133	4134	4135
911	1230	2060	4136	4137	4138
910	1229	1834	4135	4139	4140
911	1835	1230	4141	4142	4136
1273	2388	999	4143	4144	3684
1274	1000	2389	3689	4145	4146
1137	2715	1764	4147	4148	3706
685	1693	1956	4149	4150	4151
684	1957	1694	4152	4153	4154
762	2919	1252	4155	4156	4157
763	1253	2920	4158	4159	4160
1138	1765	2713	3717	4161	4162
1139	2714	1766	4163	4164	3718
1419	2643	2255	3853	4165	4166
1420	2256	2644	4167	4168	3854
764	2925	1258	4169	4170	4171
765	1259	2926	4172	4173	4174
766	2927	1261	4175	4176	4177
767	1262	2928	4178	4179	4180
1392	1612	632	4181	4182	4183
851	1342	1637	3363	4184	4185
850	1636	1343	4186	4187	4122
1300	721	1892	4188	4189	4190
1301	1893	722	4191	4192	4193
1269	2372	994	4194	4195	3780
1270	995	2373	3787	4196	4197
1300	1892	875	4190	4198	3297
1301	876	1893	3302	4199	4191
867	3072	2535	4200	4201	3493
868	2534	3073	3496	4202	4203
851	1236	1807	4087	4204	3407
606	1223	2071	3516	4205	4206
607	2072	1224	4207	4208	3517
869	3074	2533	4209	4210	3503
870	2532	3075	3506	4211	4212
608	1225	2069	3524	4213	4214
609	2070	1226	4215	4216	3525
871	2527	3080	3509	4217	4218
872	3081	2528	4219	4220	3512
610	1227	2067	3530	4221	4222
611	2068	1228	4223	4224	3531
1028	1815	1961	4225	3459	4226
1029	1962	1816	4227	3462	4228
1524	649	2396	4229	4230	4231
1525	2397	648	4232	4233	4234
421	1727	422	3731	4235	503
304	303	1726	385	4236	3732
1238	1775	885	4237	4238	4239
884	1774	1239	4240	4241	4242
1565	1070	1719	4243	4244	4245
1566	1720	1071	4246	4247	4248
1565	1719	844	4245	4249	4250
845	1720	1566	4251	4246	4252
882	1777	1240	4253	4254	4255
883	1241	1778	4256	4257	4258
1435	1098	1663	4259	4260	4261
1436	1664	1097	4262	4263	4264
971	1890	1638	4265	4266	4267
972	1641	1891	4268	4269	4270
1508	665	1845	4271	4272	4273
1509	1844	664	4274	4275	4276
863	1900	2396	4277	4278	4279
864	2397	1901	4280	4281	4282
970	1640	1889	4283	4284	4285
1514	660	1838	4286	4287	4288
1285	683	1725	4289	3762	4290
1218	2396	1900	4291	4278	4292
1219	1901	2397	4293	4281	4294
1288	1728	680	4295	3757	4296
1289	681	1729	4297	3760	4298
259	3105	1302	4299	4300	4301
466	1303	3106	4302	4303	4304
1284	1739	682	4305	3925	4306
1286	1744	678	4307	3921	4308
1287	679	1745	4309	3924	4310
1424	2589	842	4311	4312	4313
1407	786	2012	4314	4315	4316
405	1808	3253	4317	4318	4319
1539	810	1713	3628	4320	4321
1540	1714	811	4322	4323	3629
1437	1683	1056	4324	4325	4326
1712	1791	2607	3928	4327	4328
1411	2008	790	4329	4330	4331
1412	791	2009	4332	4333	4334
1417	1573	808	4335	4336	3606
1418	809	1574	3611	4337	4338
1419	1571	804	4339	4340	3851
1420	805	1572	3856	4341	4342
1956	1693	3015	4150	4343	4344
1694	1957	3016	4153	4345	4346
453	1543	454	4347	4348	535
271	1544	272	4349	4350	353
1415	1579	806	4351	4352	3763
1416	807	1580	3581	4353	4354
1374	633	1976	3488	4355	4356
1375	1977	634	4357	4358	3489
1710	2608	1786	4359	4360	3963
1711	1787	2609	3966	4361	4362
1365	2748	835	4363	4364	3596
1366	834	2747	3601	4365	4366
1388	915	1614	4367	4368	3661
1535	2404	652	4369	4370	4371
1536	653	2405	4372	4373	4374
1437	3253	1808	4375	4318	4376
1483	998	2082	4377	4378	4379
1483	2082	785	4379	4380	4381
882	1240	2000	4255	4382	4383
883	2001	1241	4384	4385	4256
1238	885	2007	4239	4386	4387
884	1239	2006	4242	4388	4389
578	1715	2709	3640	4390	4391
1445	1006	1744	4392	3403	4393
1446	1745	1007	4394	3404	4395
608	2153	1777	3481	4396	4397
609	1778	2154	4398	4399	3484
649	1829	2396	4400	4401	4230
648	2397	1830	4233	4402	4403
1435	2555	1098	4404	4405	4259
1436	1097	2554	4264	4406	4407
1452	1008	1739	4408	3429	4409
576	2702	1713	4410	4411	3633
577	1714	2704	3636	4412	4413
1236	2268	2176	4414	4415	4416
717	1840	1248	4417	4418	4027
718	1249	1841	4032	4419	4420
843	1263	1817	4090	4421	4422
719	1846	1250	4423	4424	4012
720	1251	1847	4017	4425	4426
1537	2408	658	4427	4428	4429
1538	659	2409	4430	4431	4432
787	1820	1264	4433	4434	4435
788	1265	1818	4436	4437	4438
1266	789	1819	4439	4440	4441
897	2161	1246	4442	4443	3437
898	1247	2162	3436	4444	4445
1539	1713	916	4321	4446	3753
1540	917	1714	3756	4447	4322
293	1547	294	4448	4449	375
431	1548	432	4450	4451	513
2055	2104	1177	4452	4453	4454
1176	2103	2054	4455	4456	4457
721	1842	1254	4458	4459	4061
722	1255	1843	4066	4460	4461
1079	1328	2549	4462	4463	4464
1720	1914	673	4465	4466	4467
1719	672	1913	4468	4469	4470
998	2176	2268	4471	4415	4472
1003	1818	1497	4473	4474	3582
1004	1498	1819	3587	4475	4476
836	1716	1328	4477	4478	4479
1005	1499	1820	4480	4481	4482
1909	2522	3236	4483	4484	4485
1910	3237	2523	4486	4487	4488
297	2046	1372	4489	4490	3389
428	1373	2047	3392	4491	4492
1461	1011	1728	4493	3357	4494
1462	1729	1012	4495	3358	4496
151	2169	1377	4497	4498	4499
227	1378	2168	4500	4501	4502
75	2171	1379	4503	4504	4505
16	1380	2170	4506	4507	4508
1435	3223	2555	4509	4510	4404
2554	3224	1436	4511	4512	4407
168	2174	1381	4513	4514	4515
92	1382	2175	4516	4517	4518
1414	2166	841	4519	4520	4521
1413	840	2165	4522	4523	4524
763	1918	1253	4525	4526	4158
762	1252	1917	4157	4527	4528
1466	1725	1016	4529	3370	4530
1398	576	1762	4531	3475	4532
1399	1763	577	4533	3477	4534
578	1400	1761	4535	4536	3471
764	1258	1925	4171	4537	4538
765	1926	1259	4539	4540	4172
1267	654	1866	4541	4542	4543
1268	1867	655	4544	4545	4546
766	1261	1930	4177	4547	4548
767	1931	1262	4549	4550	4178
286	1722	287	4551	4552	368
438	1721	439	4553	4554	520
848	1754	1338	3722	4555	4556
849	1339	1755	4557	4558	3723
1298	3038	719	4559	4560	4110
1299	720	3039	4115	4561	4562
1278	650	1872	4563	4564	4565
1277	1873	651	4566	4567	4568
768	2099	1668	4569	4570	4571
769	1669	2100	4572	4573	4574
1282	656	1870	4575	4576	4577
1283	1871	657	4578	4579	4580
1421	1616	804	4581	4582	4583
1422	805	1617	4584	4585	4586
1423	1618	806	4587	4588	4589
1271	899	2188	3547	4590	4591
1272	2189	900	4592	4593	3548
1290	3044	717	4594	4595	4073
718	3045	1291	4596	4597	4076
1300	3036	721	4598	4599	4188
1301	722	3037	4193	4600	4601
1664	1837	684	4602	4603	4604
685	1836	1663	4605	4606	4607
2055	707	2104	4608	3348	4452
706	2054	2103	4609	4456	3343
1437	1056	2450	4326	4610	4611
1548	1097	1694	4612	4613	4614
1098	1547	1693	4615	4616	4617
1548	1694	841	4614	4618	4619
840	1693	1547	4620	4616	4621
1456	1602	808	4622	4623	4624
1457	809	1603	4625	4626	4627
1135	2141	1702	4628	4629	4630
1136	1703	2142	4631	4632	4633
645	1702	2141	4634	4629	4635
646	2142	1703	4636	4632	4637
1458	807	1604	4638	4639	4640
2526	1923	3261	4641	4642	4643
1134	1701	2140	4644	4645	4646
647	2140	1701	4647	4645	4648
652	2404	1825	4370	4649	4650
653	1826	2405	4651	4652	4373
280	1696	2774	4653	4654	4655
445	2775	1695	4656	4657	4658
787	1264	2131	4435	4659	4660
1302	2751	751	4661	4662	4663
1303	752	2752	4664	4665	4666
842	2589	1613	4312	4667	4668
770	1667	2098	4669	4670	4671
788	2129	1265	4672	4673	4436
1266	2130	789	4674	4675	4439
627	2229	1292	4676	4677	4006
1293	2230	626	4678	4679	4009
1294	629	2232	3996	4680	4681
1295	2231	628	4682	4683	3997
1296	630	2233	4002	4684	4685
1297	2234	631	4686	4687	4003
1342	2076	3213	4688	4689	4690
1343	3214	2077	4691	4692	4693
794	1699	2132	4694	4695	4696
795	2133	1700	4697	4698	4699
1684	1318	2832	3839	4700	4701
1319	1685	2833	3844	4702	4703
1284	682	2178	4306	4704	4705
1285	2179	683	4706	4707	4289
1302	2202	1981	4708	4709	4710
1303	1980	2203	4711	4712	4713
1320	1764	626	4714	4715	4716
899	2467	1950	3546	4717	4718
900	1951	2468	4719	4720	3549
1324	630	1765	4721	4722	4723
1325	1766	631	4724	4725	4726
1286	678	2184	4308	4727	4728
1287	2185	679	4729	4730	4309
1288	680	2186	4296	4731	4732
1289	2187	681	4733	4734	4297
1267	2745	654	4735	4736	4541
1268	655	2746	4546	4737	4738
127	2143	1438	4739	4740	4741
203	1439	2144	4742	4743	4744
1318	858	2832	4745	4746	4700
1319	2833	859	4703	4747	4748
836	1328	1790	4479	4749	4750
953	1981	2202	4751	4709	4752
954	2203	1980	4753	4712	4754
847	1314	1960	3828	4755	4756
846	1959	1313	4757	4758	3823
1277	651	2726	4568	4759	4760
1278	2725	650	4761	4762	4563
912	1638	1890	4763	4266	4764
913	1891	1641	4765	4269	4766
1282	2739	656	4767	4768	4575
1283	657	2740	4580	4769	4770
914	1889	1640	4771	4284	4772
658	2408	1822	4428	4773	4774
659	1823	2409	4775	4776	4431
2380	2643	1616	4777	4778	4779
2379	1617	2644	4780	4781	4782
742	1315	1792	4783	4784	4785
259	1302	1981	4301	4710	4786
466	1980	1303	4787	4711	4302
2387	2648	1618	4788	4789	4790
1316	745	1793	4791	4792	4793
1317	1794	746	4794	4795	4796
454	1543	2480	4348	4797	4798
271	2481	1544	4799	4800	4349
1614	915	1715	4368	4801	4067
6	2522	1909	4802	4483	4803
9	1910	2523	4804	4488	4805
1316	2443	1030	4806	4807	3930
1317	1031	2444	3935	4808	4809
40	1449	2156	4810	4811	4812
1315	1027	2442	3980	4813	4814
1720	2599	1914	4815	4816	4465
1719	1913	2598	4470	4817	4818
1604	2696	2464	4819	4820	4821
1602	2461	2683	4822	4823	4824
1603	2684	2462	4825	4826	4827
1684	2832	672	4701	4828	4829
1685	673	2833	4830	4831	4702
1233	2224	1809	4832	4833	3377
851	1340	1769	4834	4835	4085
1691	2022	595	4836	4837	4838
596	2023	1692	4839	4840	4841
1691	1091	2022	4842	4843	4836
1092	1692	2023	4844	4840	4845
861	1341	2862	4846	4847	4848
1290	570	2101	3275	4849	4850
571	1291	2102	3277	4851	4852
278	1496	2152	3870	4853	4854
447	2151	1495	4855	4856	3871
1234	1810	2241	3380	4857	4858
1235	2242	1811	4859	4860	3383
1298	574	2093	3291	4861	4862
1299	2094	575	4863	4864	3292
116	1479	2190	4865	4866	4867
192	2191	1480	4868	4869	4870
976	1760	2173	4871	4872	4873
975	2172	1759	4874	4875	4876
269	1566	270	4877	4878	351
455	1565	456	4879	4880	537
1517	1010	2114	4881	4882	4883
1516	2113	1009	4884	4885	4886
1516	773	2113	4887	4888	4884
1517	2114	774	4883	4889	4890
860	2837	1340	4891	4892	4893
294	1547	2555	4449	4894	4895
431	2554	1548	4896	4897	4450
768	1668	2795	4571	4898	4899
769	2796	1669	4900	4901	4572
1300	572	2096	3304	4902	4903
1301	2097	573	4904	4905	3305
1318	1822	858	4906	4907	4745
1319	859	1823	4748	4908	4909
863	1338	2820	4910	4911	4912
864	2821	1339	4913	4914	4915
1249	2449	2805	4916	4917	4918
1248	2804	2448	4919	4920	4921
1391	3210	836	4922	4923	4924
591	1697	2020	4925	4926	4927
592	2021	1698	4928	4929	4930
1089	2020	1697	4931	4926	4932
1090	1698	2021	4933	4929	4934
593	1706	2028	4935	4936	4937
594	2029	1707	4938	4939	4940
1093	2028	1706	4941	4936	4942
1094	1707	2029	4943	4939	4944
825	1497	2989	3589	4945	4946
826	2990	1498	4947	4948	3590
834	1372	2046	4949	4490	4950
835	2047	1373	4951	4491	4952
1465	1879	635	4953	4954	3983
567	1620	1497	4955	4956	4957
568	1498	1621	4958	4959	4960
569	1499	1622	4961	4962	4963
770	2801	1667	4964	4965	4669
1254	2790	2455	4966	4967	4968
1255	2456	2791	4969	4970	4971
51	2204	1490	4972	4973	4974
287	1722	2272	4552	4975	4976
438	2271	1721	4977	4978	4553
977	1758	2177	4979	4980	4981
1463	1961	642	4982	3458	4983
1464	643	1962	4984	3463	4985
128	129	1742	138	4986	4987
204	1743	205	4988	4989	214
1250	2771	2452	4990	4991	4992
1251	2453	2772	4993	4994	4995
1543	1684	1070	4996	4997	4998
1544	1071	1685	4999	5000	5001
1543	846	1684	5002	3840	4996
1544	1685	847	5001	3843	5003
1760	2277	2173	5004	5005	4872
1759	2172	2278	4875	5006	5007
1302	751	2202	4663	5008	4708
1303	2203	752	4713	5009	4664
1435	1663	834	4261	5010	5011
1436	835	1664	5012	5013	4262
115	1741	114	5014	5015	124
190	1740	191	5016	5017	200
1307	2713	1675	5018	5019	5020
1308	1678	2714	5021	5022	5023
1309	1682	2715	5024	5025	5026
1548	841	2166	4619	4520	5027
840	1547	2165	4621	5028	4523
606	1774	1653	5029	5030	3514
607	1654	1775	3519	5031	5032
850	1814	1341	5033	5034	5035
53	1733	52	5036	5037	62
39	1734	38	5038	5039	48
1596	1047	2400	5040	5041	5042
1597	2403	1048	5043	5044	5045
626	2715	1682	5046	5025	4010
1594	1049	2406	5047	5048	5049
1595	2407	1050	5050	5051	5052
630	1675	2713	4001	5019	5053
631	2714	1678	5054	5022	4004
3	1923	2526	5055	4641	5056
1484	739	1746	5057	3316	5058
1485	1747	740	5059	3319	5060
1484	1746	1023	5058	5061	5062
1485	1024	1747	5063	5064	5059
1599	2393	1052	5065	5066	5067
1598	1051	2392	5068	5069	5070
608	1777	1651	4397	5071	3522
609	1652	1778	3527	5072	4398
1322	2086	628	5073	5074	5075
1323	629	2085	5076	5077	5078
1321	627	2087	5079	5080	5081
860	1340	1825	4893	5082	5083
861	1826	1341	5084	5085	4846
863	1829	1338	5086	5087	4910
864	1339	1830	4915	5088	5089
1758	2282	2177	5090	5091	4980
1321	1768	2534	5092	5093	3495
1771	2532	1323	5094	3505	5095
1322	2533	1770	3504	5096	5097
1768	741	2534	5098	5099	5093
1771	744	2532	5100	5101	5094
743	1770	2533	5102	5096	5103
1399	2667	2664	5104	5105	5106
1398	2665	2666	5107	5108	5109
1209	2732	1859	5110	5111	3617
1210	1860	2733	3620	5112	5113
1399	2664	830	5106	5114	5115
1398	828	2665	5116	5117	5107
1995	2670	2792	5118	5119	5120
1211	1864	2727	3623	5121	5122
569	1587	3153	5123	5124	5125
1583	567	3154	5126	5127	5128
568	1584	3155	5129	5130	5131
1587	3140	3153	5132	5133	5124
1583	3154	3141	5128	5134	5135
1584	3142	3155	5136	5137	5130
1326	1905	967	5138	5139	5140
968	1906	1327	5141	5142	5143
1342	2969	2076	5144	5145	4688
1343	2077	2970	4693	5146	5147
1993	2129	3122	5148	5149	5150
1994	3123	2130	5151	5152	5153
1376	644	3259	5154	5155	5156
1437	843	1683	5157	5158	4324
1353	2585	729	5159	5160	5161
1352	730	2586	5162	5163	5164
1508	1845	2986	4273	5165	5166
1509	2985	1844	5167	5168	4274
1079	2343	1328	5169	5170	4462
1389	1122	1932	5171	5172	5173
1390	1933	1123	5174	5175	5176
666	2572	1310	5177	5178	3797
1996	2799	2676	5179	5180	5181
1997	2677	2800	5182	5183	5184
1514	1838	2957	4288	5185	5186
1992	3121	2131	5187	5188	5189
1392	1924	1124	5190	5191	5192
668	2577	1311	5193	5194	3778
1312	2578	669	5195	5196	3783
1267	2910	2624	5197	5198	5199
1268	2625	2911	5200	5201	5202
279	1696	280	5203	4653	361
445	1695	446	4658	5204	527
1387	857	2087	5205	5206	5207
1590	618	2013	5208	5209	5210
1591	2014	619	5211	5212	5213
1590	2013	994	5210	5214	5215
1591	995	2014	5216	5217	5211
1389	2795	1122	5218	5219	5171
1390	1123	2796	5176	5220	5221
1385	2086	855	5222	5223	5224
1386	856	2085	5225	5226	5227
853	1793	1765	5228	5229	5230
854	1766	1794	5231	5232	5233
1497	1620	2989	4956	5234	4945
1498	2990	1621	4948	5235	4959
1320	2230	867	5236	5237	3492
1321	868	2229	3497	5238	5239
1592	622	2024	5240	5241	5242
623	1593	2025	5243	5244	5245
1322	2231	869	5246	5247	3502
1323	870	2232	3507	5248	5249
1592	2024	999	5242	5250	5251
1593	1000	2025	5252	5253	5244
1324	871	2233	3510	5254	5255
1325	2234	872	5256	5257	3511
852	1764	1792	5258	5259	5260
1329	891	1956	5261	5262	5263
892	1330	1957	5264	5265	5266
1383	1974	759	5267	5268	5269
1384	760	1975	5270	5271	5272
1383	916	1974	3754	5273	5267
1384	1975	917	5272	5274	3755
1392	1124	2801	5192	5275	5276
1388	761	1973	5277	5278	5279
1388	1973	915	5279	5280	4367
1363	2604	737	5281	5282	5283
1364	738	2605	5284	5285	5286
1044	1310	2090	3796	5287	5288
1045	1311	2088	3768	5289	5290
1046	2089	1312	5291	5292	3775
1415	660	1942	5293	5294	5295
1416	1943	661	5296	5297	5298
1415	1942	922	5295	5299	5300
1416	923	1943	5301	5302	5296
1344	3009	2077	5303	5304	3690
1345	2076	3010	3695	5305	5306
963	1902	1336	5307	5308	5309
1414	3112	1911	5310	5311	3725
1413	1912	3111	3728	5312	5313
1367	1815	1028	5314	4225	5315
1029	1816	1368	4228	5316	5317
474	1562	475	5318	5319	556
250	1561	251	5320	5321	332
1362	1038	1821	5322	5323	5324
742	2236	1315	5325	5326	4783
892	1460	2044	5327	5328	3960
1459	891	2043	5329	3959	5330
1326	967	2269	5140	5331	5332
968	1327	2270	5143	5333	5334
1316	2237	745	5335	5336	4791
1317	746	2238	4796	5337	5338
621	1601	2035	5339	5340	5341
1600	620	2034	5342	5343	5344
1002	2035	1601	5345	5340	5346
1600	2034	1001	5344	5347	5348
1615	850	2167	5349	4124	5350
1318	846	2419	3841	5351	5352
1319	2418	847	5353	5354	3842
1320	626	2230	4716	4679	5236
1321	2229	627	5239	4676	5079
1322	628	2231	5075	4683	5246
1323	2232	629	5249	4680	5076
1324	2233	630	5255	4684	4721
1325	631	2234	4726	4687	5256
1360	951	2358	5355	5356	5357
1361	2359	952	5358	5359	5360
1417	662	1944	5361	5362	5363
663	1418	1945	5364	5365	5366
1417	1944	918	5363	5367	5368
919	1945	1418	5369	5365	5370
1437	2450	3253	4611	5371	4375
665	1948	1419	5372	5373	5374
664	1420	1949	5375	5376	5377
920	1419	1948	5378	5373	5379
921	1949	1420	5380	5376	5381
1282	2912	2658	5382	5383	5384
1283	2659	2913	5385	5386	5387
920	3020	1419	5388	5389	5378
921	1420	3021	5381	5390	5391
893	1337	1958	5392	4022	5393
667	1315	2614	3982	5394	5395
1366	1836	886	5396	5397	5398
1365	887	1837	5399	5400	5401
1417	918	3017	5368	5402	5403
919	1418	3018	5370	5404	5405
478	1569	479	5406	5407	560
246	1568	247	5408	5409	328
1316	670	2622	3939	5410	5411
671	1317	2623	3941	5412	5413
1397	1626	3099	3838	5414	4096
1396	3100	1625	4095	5415	3833
897	1911	3112	3439	5311	5416
898	3111	1912	5417	5312	3434
1391	836	1790	4924	4750	5418
1389	2369	2795	5419	5420	5218
1390	2796	2370	5221	5421	5422
1047	2069	2400	5423	5424	5041
1048	2403	2070	5044	5425	5426
1486	737	1723	5427	5428	5429
1487	1724	738	5430	5431	5432
1486	1723	1034	5429	5433	5434
1487	1035	1724	5435	5436	5430
1329	2163	891	5437	5438	5261
892	2164	1330	5439	5440	5264
889	1801	1689	5441	5442	5443
1690	1802	890	5444	5445	5446
1352	639	2922	5447	5448	5449
1353	2921	638	5450	5451	5452
1049	2067	2406	5453	5454	5048
1050	2407	2068	5051	5455	5456
1435	834	2046	5011	4950	5457
1436	2047	835	5458	4951	5012
1392	2801	2374	5276	5459	5460
1061	2129	1993	5461	5148	5462
1062	1994	2130	5463	5153	5464
1095	1631	2506	5465	3266	5466
1096	2507	1632	5467	3263	5468
1278	2884	2661	5469	5470	5471
1277	2660	2883	5472	5473	5474
888	1688	1805	5475	5476	5477
298	1372	1950	3390	5478	5479
427	1951	1373	5480	5481	3391
1052	2393	2072	5066	5482	5483
1051	2071	2392	5484	5485	5069
852	2590	1764	5486	3707	5258
1415	922	2981	5300	5487	5488
1416	2982	923	5489	5490	5301
1376	2711	644	3613	5491	5154
853	1765	2591	5230	3716	5492
854	2592	1766	5493	3719	5231
1060	1992	2131	5494	5189	5495
834	3095	1372	5496	5497	4949
835	1373	3096	4952	5498	5499
2369	768	2795	5500	4899	5420
2370	2796	769	5421	4900	5501
1664	2748	1837	5502	5503	4602
1663	1836	2747	4606	5504	5505
1371	881	1831	5506	5507	5508
1428	2218	980	5509	5510	5511
1491	729	1737	5512	5513	5514
1492	1738	730	5515	5516	5517
1491	1737	1032	5514	5518	5519
1492	1033	1738	5520	5521	5515
1385	855	2734	5224	5522	5523
1386	2735	856	5524	5525	5225
1429	982	2220	5526	5527	5528
1387	2736	857	5529	5530	5205
1430	2221	983	5531	5532	5533
1442	2042	893	5534	3936	5535
2374	2801	770	5459	4964	5536
706	2182	2634	5537	5538	5539
707	2635	2183	5540	5541	5542
1400	833	1761	5543	5544	4536
1398	1762	828	4532	5545	5116
1399	830	1763	5115	5546	4533
944	2259	1913	5547	5548	5549
945	1914	2260	5550	5551	5552
812	1715	2960	4068	5553	3805
1406	2960	1715	5554	5553	3639
810	2958	1713	3447	5555	4320
811	1714	2959	4323	5556	3448
1403	1713	2958	3634	5555	5557
1404	2959	1714	5558	5556	3635
1293	3005	2230	5559	5560	4678
1292	2229	3004	4677	5561	5562
1295	3001	2231	5563	5564	4682
1294	2232	3000	4681	5565	5566
893	2155	1337	5567	5568	5392
963	1336	2273	5309	5569	5570
1066	2132	1699	5571	4695	3541
1067	1700	2133	3544	4698	5572
1296	2233	2996	4685	5573	5574
1297	2997	2234	5575	5576	4686
1162	2840	2600	5577	3279	5578
1163	2601	2841	5579	3282	5580
585	1897	1863	5581	5582	5583
2526	3261	1194	4643	5584	5585
1169	2594	2843	5586	3313	5587
1168	2842	2593	5588	3310	5589
867	2230	3005	5237	5560	5590
868	3004	2229	5591	5561	5238
869	2231	3001	5247	5564	5592
1405	852	1882	5593	5594	5595
1401	1877	853	5596	5597	5598
1402	854	1878	5599	5600	5601
870	3000	2232	5602	5565	5248
2341	1525	2441	5603	5604	5605
2342	2440	1524	5606	5607	5608
871	2996	2233	5609	5573	5254
872	2234	2997	5257	5576	5610
1388	635	1809	3663	3378	5611
1172	2838	2602	5612	3338	5613
1173	2603	2839	5614	3341	5615
827	3120	1499	5616	5617	5618
1383	1810	633	5619	3379	3498
1384	634	1811	3501	3384	5620
1217	2813	2829	5621	5622	5623
1393	2734	855	5624	5522	5625
1394	856	2735	5626	5525	5627
1395	857	2736	5628	5530	5629
1216	2783	2803	5630	5631	5632
1215	2802	2782	5633	5634	5635
1445	2277	1006	5636	5637	4392
1446	1007	2278	4395	5638	5639
848	1338	2502	4556	5640	5641
849	2503	1339	5642	5643	4557
1445	588	2277	5644	5645	5636
1446	2278	587	5639	5646	5647
587	1861	1884	5648	5649	5650
588	1883	1862	5651	5652	5653
786	2670	2012	5654	5655	4315
404	1808	405	5656	4317	486
851	2437	1340	5657	5658	4834
850	1341	2436	5035	5659	5660
258	3105	259	5661	4299	340
466	3106	467	4304	5662	548
946	1927	2254	5663	5664	5665
836	3210	1567	4923	5666	3594
636	1337	2155	3308	5568	5667
1348	608	3232	3482	5668	5669
1349	3233	609	5670	5671	3483
1427	981	2236	5672	5673	5674
1393	855	1861	5625	5675	5676
1394	1862	856	5677	5678	5626
1395	1863	857	5679	5680	5628
1533	1913	672	5681	4469	5682
1534	673	1914	5683	4466	5684
1532	674	1927	5685	3832	5686
1533	944	1913	5687	5549	5681
1534	1914	945	5684	5550	5688
1532	1927	946	5686	5663	5689
318	3146	2176	5690	5691	5692
1344	943	2284	3692	5693	5694
1345	2283	942	5695	5696	3693
1431	2237	984	5697	5698	5699
1432	985	2238	5700	5701	5702
1441	1803	877	5703	5704	5705
1440	878	1804	5706	5707	5708
1195	3236	2522	5709	4484	5710
1196	2523	3237	5711	4487	5712
1452	2282	1008	5713	5714	4408
222	2211	1427	5715	5716	5717
146	1428	2210	5718	5719	5720
1443	1799	875	5721	5722	5723
1444	876	1800	5724	5725	5726
1061	1646	2496	5727	5728	5729
1062	2497	1647	5730	5731	5732
1452	585	2282	5733	5734	5713
21	2213	1429	5735	5736	5737
70	1430	2212	5738	5739	5740
270	1566	2481	4878	5741	5742
455	2480	1565	5743	5744	4879
319	318	2176	400	5692	5745
173	1431	2214	5746	5747	5748
97	2215	1432	5749	5750	5751
2335	1535	2430	5752	5753	5754
2336	2431	1536	5755	5756	5757
1450	1797	873	5758	5759	5760
1451	874	1798	5761	5762	5763
418	2049	1397	5764	5765	3974
307	1396	2048	3977	5766	5767
1602	616	2461	5768	5769	4822
1603	2462	617	4827	5770	5771
1393	759	2734	3746	5772	5624
1394	2735	760	5627	5773	3747
613	1604	2464	5774	4821	5775
1363	2818	640	5776	5777	5778
1364	641	2819	5779	5780	5781
1217	2829	1660	5623	5782	3469
1395	2736	761	5629	5783	3735
1369	2375	636	5784	5785	5786
581	1859	2732	5787	5111	5788
582	2733	1860	5789	5112	5790
790	2008	2676	4330	5791	5792
2009	791	2677	4333	5793	5794
612	1618	2313	5795	5796	5797
829	1772	2138	5798	5799	5800
831	2139	1773	5801	5802	5803
1018	2805	2449	5804	4917	5805
1017	2448	2804	5806	4920	5807
584	2727	1864	5808	5121	5809
614	2318	1617	5810	5811	5812
615	1616	2319	5813	5814	5815
1278	2661	2118	5471	5816	5817
1277	2117	2660	5818	5819	5472
1060	2495	1648	5820	5821	5822
128	1742	2143	4987	5823	5824
204	2144	1743	5825	5826	4988
1216	2803	1644	5632	5827	3425
1215	1645	2802	3422	5828	5633
1679	2664	2596	5829	5830	5831
1680	2595	2665	5832	5833	5834
1465	1376	3097	3373	5835	5836
1463	1374	3091	3364	5837	5838
1464	3092	1375	5839	5840	3369
1365	2290	887	5841	5842	5399
1366	886	2291	5398	5843	5844
1537	2412	2329	5845	5846	5847
1538	2330	2413	5848	5849	5850
1561	1077	2263	5851	5852	5853
1562	2264	1078	5854	5855	5856
1362	3040	1038	5857	5858	5322
1561	2263	817	5853	5859	3864
1562	818	2264	3867	5860	5854
1019	2455	2790	5861	4967	5862
1020	2791	2456	5863	4970	5864
1370	637	2292	5865	5866	5867
1767	832	2137	5868	5869	5870
910	2689	3202	5871	5872	5873
1383	759	2207	5269	3745	5874
1384	2208	760	5875	3748	5270
115	2190	1741	5876	5877	5014
191	1740	2191	5017	5878	5879
1140	2138	1772	5880	5799	5881
1141	1773	2139	5882	5802	5883
1353	729	2161	5161	5884	5885
1352	2162	730	5886	5887	5162
1388	2209	761	5888	3736	5277
615	2380	1616	5889	4779	5813
614	1617	2379	5812	4780	5890
185	1628	186	5891	5892	195
109	110	1627	119	5893	5894
1353	638	2050	5452	5895	5896
1352	2051	639	5897	5898	5447
2387	1074	2648	5899	5900	4788
52	1733	2204	5037	5901	5902
33	34	1630	43	5903	5904
57	58	1629	67	5905	5906
612	2387	1618	5907	4790	5795
209	1634	210	5908	5909	219
133	134	1633	143	5910	5911
1021	2452	2771	5912	4991	5913
1022	2772	2453	5914	4994	5915
39	2156	1734	5916	5917	5038
1157	2065	2032	5918	5919	5920
1158	2033	2066	5921	5922	5923
1142	1767	2137	5924	5870	5925
699	2032	2065	5926	5919	5927
700	2066	2033	5928	5922	5929
1267	2624	2110	5199	5930	5931
1367	1028	3049	5315	5932	5933
1029	1368	3051	5317	5934	5935
2380	1069	2643	5936	5937	4777
2379	2644	1068	4782	5938	5939
1441	691	1803	5940	5941	5703
1440	1804	692	5708	5942	5943
1144	1913	2259	5944	5548	5945
1145	2260	1914	5946	5551	5947
1329	3015	3254	5948	3943	5949
1330	3255	3016	5950	3946	5951
1360	2298	951	5952	5953	5355
1361	952	2299	5360	5954	5955
980	1984	1967	5956	5957	5958
981	1968	1985	5959	5960	5961
972	2247	1379	5962	5963	5964
971	1380	2246	5965	5966	5967
1120	1967	1984	5968	5957	5969
1121	1985	1968	5970	5960	5971
1363	737	2188	5283	5972	5973
1364	2189	738	5974	5975	5284
1377	970	2245	5976	5977	5978
1371	2285	881	5979	5980	5506
1363	640	2052	5778	5981	5982
1364	2053	641	5983	5984	5779
1696	1177	2774	5985	5986	4654
1695	2775	1176	4657	5987	5988
983	1986	1965	5989	5990	5991
1118	1965	1986	5992	5990	5993
982	1966	1987	5994	5995	5996
1119	1987	1966	5997	5995	5998
613	2311	1604	5999	6000	5774
1443	693	1799	6001	6002	5721
1444	1800	694	5726	6003	6004
629	1679	2596	3995	5831	6005
628	2595	1680	6006	5832	3998
1602	2314	616	6007	6008	5768
1603	617	2315	5771	6009	6010
1015	1868	2288	6011	6012	6013
1014	2287	1869	6014	6015	6016
984	1988	1963	6017	6018	6019
985	1964	1989	6020	6021	6022
1117	1989	1964	6023	6021	6024
1116	1963	1988	6025	6018	6026
1393	1861	587	5676	5648	6027
1394	588	1862	6028	5653	5677
1015	2288	2297	6013	6029	6030
1014	2296	2287	6031	6032	6014
1395	585	1863	6033	5583	5679
1304	3131	2509	6034	6035	6036
1305	2510	3132	6037	6038	6039
1450	689	1797	6040	6041	5758
1451	1798	690	5763	6042	6043
1369	636	2063	5786	6044	6045
1370	2064	637	6046	6047	5865
1369	739	2059	3317	6048	6049
1370	2060	740	6050	6051	3318
1475	2412	658	6052	6053	6054
1476	659	2413	6055	6056	6057
1365	641	2290	3603	6058	5841
1366	2291	640	5844	6059	3604
1306	2508	3135	6060	6061	6062
1369	2063	904	6045	6063	3321
1370	905	2064	3324	6064	6046
1261	2927	1653	4176	6065	6066
1262	1654	2928	6067	6068	4179
1044	1863	1897	6069	5582	6070
1499	3120	1622	5617	6071	4962
1258	2925	1651	4170	6072	6073
1259	1652	2926	6074	6075	4173
1726	1099	2426	6076	6077	3733
1727	2427	1100	3730	6078	6079
1252	2919	1649	4156	6080	6081
1253	1650	2920	6082	6083	4159
1143	2254	1927	6084	5664	6085
1013	1874	2286	6086	6087	6088
1046	1884	1861	6089	5649	6090
1045	1862	1883	6091	5652	6092
1442	686	1831	6093	6094	6095
408	407	1615	489	6096	6097
1309	2952	1682	6098	6099	5024
1013	2286	2295	6088	6100	6101
1442	1831	881	6095	5507	6102
1283	2127	2659	6103	6104	5385
1282	2658	2126	5384	6105	6106
1088	2464	2696	6107	4820	6108
911	3210	2545	6109	6110	6111
1541	751	1915	6112	6113	6114
1542	1916	752	6115	6116	6117
1541	1915	1112	6114	6118	6119
1542	1113	1916	6120	6121	6115
1493	603	1905	6122	6123	6124
604	1494	1906	6125	6126	6127
1307	1675	2942	5020	6128	6129
1308	2943	1678	6130	6131	5021
1338	1754	2820	4555	6132	4911
1339	2821	1755	4914	6133	4558
1852	2556	2996	6134	6135	6136
1853	2997	2557	6137	6138	6139
1851	2560	3000	6140	6141	6142
1850	3001	2561	6143	6144	6145
1849	2558	3004	6146	6147	6148
1848	3005	2559	6149	6150	6151
1268	2119	2625	6152	6153	5200
241	1613	242	6154	6155	323
1551	747	1928	6156	6157	6158
1552	1929	748	6159	6160	6161
686	1716	1831	6162	6163	6094
1551	1928	1110	6158	6164	6165
1552	1111	1929	6166	6167	6159
1376	3259	2045	5156	6168	6169
1437	1808	843	4376	4088	5157
1447	2915	927	6170	6171	6172
1448	926	2914	6173	6174	6175
1452	1897	585	6176	5581	5733
832	1682	2952	6177	6099	6178
605	1502	1902	6179	6180	6181
1061	2496	2129	5729	6182	5461
1062	2130	2497	5464	6183	5730
1086	2683	2461	6184	4823	6185
1087	2462	2684	6186	4826	6187
1445	1883	588	6188	5651	5644
1446	587	1884	5647	5650	6189
686	1958	1783	6190	4021	6191
676	2820	1754	6192	6132	6193
677	1755	2821	6194	6133	6195
1459	1836	685	6196	4605	6197
1460	684	1837	6198	4603	6199
821	1629	2410	6200	6201	6202
822	2411	1630	6203	6204	6205
1481	2441	648	6206	6207	6208
1482	649	2440	6209	6210	6211
823	1633	2414	6212	6213	6214
824	2415	1634	6215	6216	6217
1118	2410	1629	6218	6201	6219
1401	589	1877	6220	6221	5596
590	1402	1878	6222	5601	6223
1119	1630	2411	6224	6204	6225
1005	3216	1499	6226	6227	4480
1120	2414	1633	6228	6213	6229
1121	1634	2415	6230	6216	6231
829	2942	1675	6232	6128	6233
831	1678	2943	6234	6131	6235
1459	886	1836	6236	5397	6196
1460	1837	887	6199	5400	6237
1188	1995	2792	6238	5120	6239
1405	1882	586	5595	6240	6241
127	128	2143	137	5824	4739
203	2144	204	4744	5825	213
1304	2509	2874	6036	6242	6243
1305	2875	2510	6244	6245	6037
1306	2873	2508	6246	6247	6060
714	2118	2661	6248	5816	6249
2117	713	2660	6250	6251	5819
819	1628	2416	6252	6253	6254
820	2417	1627	6255	6256	6257
1116	2416	1628	6258	6253	6259
1117	1627	2417	6260	6256	6261
1475	658	2434	6054	6262	6263
1476	2435	659	6264	6265	6055
1371	637	2285	3536	6266	5979
1030	1856	1408	6267	6268	6269
1031	1409	1857	6270	6271	6272
1571	2107	804	6273	6274	4340
805	2108	1572	6275	6276	4341
416	1665	417	6277	6278	498
308	1666	309	6279	6280	390
1565	844	1972	4250	3801	6281
845	1566	1971	4252	6282	3802
1525	2341	771	5603	6283	3879
1524	772	2342	3882	6284	5608
115	116	2190	125	4867	5876
1398	2702	576	6285	4410	4531
191	2191	192	5879	4868	201
1399	577	2704	4534	4413	6286
1060	2131	2495	5495	6287	5820
1089	1697	2080	4932	6288	6289
1090	2081	1698	6290	6291	4933
1505	2837	860	6292	4891	6293
578	2709	1400	4391	6294	4535
1410	1865	1027	6295	6296	6297
1532	861	2862	6298	4848	6299
1189	2799	1996	6300	5179	6301
1190	1997	2800	6302	5184	6303
1533	2832	858	6304	4746	6305
1534	859	2833	6306	4747	6307
1543	1070	2480	4998	6308	4797
1544	2481	1071	4800	6309	4999
863	2820	1500	4912	6310	6311
864	1501	2821	6312	6313	4913
51	52	2204	61	5902	4972
1407	2075	786	6314	6315	4314
40	2156	39	4812	5916	49
1528	749	1895	6316	6317	6318
750	1529	1896	6319	6320	6321
1528	1895	1114	6318	6322	6323
1529	1115	1896	6324	6325	6320
1765	1793	2824	5229	6326	6327
1766	2825	1794	6328	6329	5232
1092	2079	1692	6330	6331	4844
1691	2078	1091	6332	6333	4842
1579	2109	806	6334	6335	4352
453	1959	1543	6336	6337	4347
272	1544	1960	4350	6338	6339
1466	586	1865	6340	6341	6342
1411	790	2073	4331	6343	6344
1412	2074	791	6345	6346	4332
1108	2664	2667	6347	5105	6348
1107	2666	2665	6349	5108	6350
1764	2826	1792	6351	6352	5259
1535	2335	775	5752	6353	4023
1536	776	2336	6354	6355	5757
1461	1856	589	6356	6357	6358
590	1857	1462	6359	6360	6361
1063	1832	2582	6362	6363	6364
1064	2583	1833	6365	6366	6367
1424	842	3202	4313	6368	6369
1397	2049	925	5765	6370	6371
1396	924	2048	6372	6373	5766
1098	2555	1547	4405	4894	4615
1548	2554	1097	4897	4406	4612
1400	2669	833	6374	6375	5543
1247	1912	2856	3435	6376	6377
1246	2857	1911	6378	6379	3438
1537	2329	777	5847	6380	6381
1538	778	2330	6382	6383	5848
151	152	2169	161	6384	4497
227	2168	228	4502	6385	237
1196	2695	2700	6386	6387	6388
1195	2699	2694	6389	6390	6391
16	2170	15	4508	6392	25
75	76	2171	85	6393	4503
875	1892	1934	4198	6394	6395
876	1935	1893	6396	6397	4199
167	2174	168	6398	4513	177
92	2175	91	4518	6399	101
586	1882	1865	6240	6400	6341
820	2968	2253	6401	6402	3769
819	2252	2967	3774	6403	6404
1065	2581	1839	6405	6406	6407
711	2110	2624	6408	5930	6409
624	2649	1623	6410	6411	6412
625	1624	2650	6413	6414	6415
1146	1623	2649	6416	6411	6417
1147	2650	1624	6418	6414	6419
1493	773	1795	6420	6421	6422
1494	1796	774	6423	6424	6425
1426	2430	652	6426	6427	6428
1425	653	2431	6429	6430	6431
821	2250	2976	3813	6432	6433
822	2975	2251	6434	6435	3814
699	2149	2563	6436	6437	6438
700	2564	2150	6439	6440	6441
1304	2942	1672	6442	6443	6444
1305	1673	2943	6445	6446	6447
785	1502	1817	6448	6449	6450
1577	865	1907	6451	6452	6453
1578	1908	866	6454	6455	6456
823	2248	2980	3819	6457	6458
824	2979	2249	6459	6460	3820
1481	648	2353	6208	6461	6462
1482	2352	649	6463	6464	6209
862	1570	1899	6465	6466	6467
632	1619	2653	6468	6469	6470
1148	2653	1619	6471	6469	6472
1093	1706	2061	4942	6473	6474
1094	2062	1707	6475	6476	4943
1056	1683	3019	4325	6477	6478
1242	2582	1832	6479	6363	6480
1243	1833	2583	6481	6366	6482
977	1809	2224	6483	4833	6484
589	1856	1877	6357	6485	6221
590	1878	1857	6223	6486	6359
1401	2327	589	6487	6488	6220
590	2328	1402	6489	6490	6222
464	2681	2356	6491	6492	6493
261	2357	2680	6494	6495	6496
1405	586	2308	6241	6497	6498
1606	2695	1196	6499	6386	6500
1605	1195	2694	6501	6391	6502
1413	3111	840	5313	6503	4522
1414	841	3112	4521	6504	5310
1653	1774	2854	5030	6505	6506
1654	2855	1775	6507	6508	5031
716	2659	2127	6509	6104	6510
715	2126	2658	6511	6105	6512
1080	1934	1892	6513	6394	6514
1081	1893	1935	6515	6397	6516
1306	1674	2952	6517	6518	6519
1328	1716	2549	4478	6520	4463
1433	3032	1561	6521	6522	3863
1434	1562	3031	3868	6523	6524
975	2241	1810	6525	4857	6526
976	1811	2242	6527	4860	6528
829	1672	2942	6529	6443	6232
831	2943	1673	6235	6446	6530
1237	1839	2581	6531	6406	6532
1557	2024	622	6533	5241	3968
623	2025	1558	5245	6534	3970
1618	3090	2313	6535	6536	5796
1194	2712	2716	6537	6538	6539
1514	1017	3221	3654	6540	6541
1515	3222	1018	6542	6543	3655
1441	1904	779	6544	6545	3385
1440	780	1903	3388	6546	6547
1508	1019	3211	3675	6548	6549
1509	3212	1020	6550	6551	3676
1447	1632	2679	3918	6552	6553
1448	2678	1631	6554	6555	3913
1617	2318	3093	5811	6556	6557
1616	3094	2319	6558	6559	5814
1450	1919	781	6560	6561	3442
1451	782	1920	3445	6562	6563
1651	1777	2852	5071	6564	6565
1652	2853	1778	6566	6567	5072
589	2327	2484	6488	6568	6569
590	2485	2328	6570	6571	6489
1267	1866	2910	4543	6572	5197
1268	2911	1867	5202	6573	4544
151	1377	2420	4499	6574	6575
227	2421	1378	6576	6577	4500
75	1379	2423	4505	6578	6579
16	2425	1380	6580	6581	4506
168	1381	2422	4515	6582	6583
92	2424	1382	6584	6585	4516
1443	875	1934	5723	6395	6586
1444	1935	876	6587	6396	5724
1554	2034	620	6588	5343	3899
1555	621	2035	3902	5341	6589
1674	832	2952	6590	6178	6518
586	2488	2308	6591	6592	6497
1559	2013	618	6593	5209	3889
1560	619	2014	3892	5212	6594
449	2738	2358	6595	6596	6597
276	2359	2737	6598	6599	6600
1440	1903	878	6547	6601	5706
1441	877	1904	5705	6602	6544
1302	1545	2751	6603	6604	4661
1303	2752	1546	4666	6605	6606
1433	930	2257	6607	6608	6609
1434	2258	931	6610	6611	6612
862	1899	2463	6467	6613	6614
1194	1635	2712	6615	6616	6537
1281	2463	1899	6617	6613	6618
266	2349	1517	6619	6620	6621
459	1516	2348	6622	6623	6624
1453	1045	1883	6625	6092	6626
1454	1884	1046	6627	6089	6628
712	2625	2119	6629	6153	6630
1128	1894	2098	6631	6632	6633
770	2098	1894	4671	6632	6634
185	2685	1628	6635	6636	5891
109	1627	2686	5894	6637	6638
1027	1865	1882	6296	6400	6639
1428	2944	2218	6640	6641	5509
1401	853	2591	5598	5492	6642
1402	2592	854	6643	5493	5599
1378	2827	969	6644	6645	6646
1381	973	2822	6647	6648	6649
1382	2823	974	6650	6651	6652
484	3195	2343	6653	6654	6655
1377	2169	970	4498	6656	5976
1378	969	2168	6646	6657	4501
972	1379	2171	5964	4504	6658
971	2170	1380	6659	4507	5965
1430	2940	2221	6660	6661	5531
2220	2941	1429	6662	6663	5528
1381	2174	973	4514	6664	6647
1382	974	2175	6652	6665	4517
1125	2099	1887	6666	6667	6668
1126	1888	2100	6669	6670	6671
1030	1877	1856	6672	6485	6267
1031	1857	1878	6272	6486	6673
1282	1870	2912	4577	6674	5382
1283	2913	1871	5387	6675	4578
1455	1044	1897	6676	6070	6677
768	1887	2099	6678	6667	4569
769	2100	1888	4574	6670	6679
1405	2590	852	6680	5486	5593
1543	1959	846	6337	4757	5002
1544	847	1960	5003	4756	6338
1520	1021	3219	3703	6681	6682
1521	3220	1022	6683	6684	3704
33	1630	2687	5904	6685	6686
58	2688	1629	6687	6688	5905
1442	881	1923	6102	6689	6690
644	2711	1688	5491	6691	6692
1688	2711	1222	6691	6693	6694
865	2457	1907	6695	6696	6452
866	1908	2458	6455	6697	6698
210	1634	2690	5909	6699	6700
134	2691	1633	6701	6702	5910
1279	1907	2457	6703	6696	6704
1280	2458	1908	6705	6697	6706
808	1573	2124	4336	6707	6708
809	2125	1574	6709	6710	4337
1450	873	1919	5760	6711	6560
1451	1920	874	6563	6712	5761
1443	1934	783	6586	6713	3454
1444	784	1935	3457	6714	6587
630	2713	1765	5053	4161	4722
631	1766	2714	4725	4164	5054
839	1619	3260	6715	6716	6717
1764	2715	626	4148	5046	4715
1389	2753	624	6718	6719	4127
1390	625	2754	4132	6720	6721
1818	1003	2465	4473	6722	6723
1004	1819	2466	4476	6724	6725
1466	803	3245	6726	6727	6728
942	3213	2076	6729	4689	3694
943	2077	3214	3691	4692	6730
1459	1909	886	6731	6732	6236
1460	887	1910	6237	6733	6734
871	1852	2996	6735	6136	5609
837	3251	1623	6736	6737	6738
872	2997	1853	5610	6137	6739
838	1624	3252	6740	6741	6742
911	2545	1835	6111	6743	4141
1005	1820	2469	4482	6744	6745
870	1851	3000	6746	6142	5602
869	3001	1850	5592	6143	6747
868	1849	3004	6748	6148	5591
867	3005	1848	5590	6149	6749
1461	3246	800	6750	6751	6752
1462	801	3247	6753	6754	6755
1158	2066	1757	5923	6756	6757
1157	1756	2065	6758	6759	5918
1463	642	2864	4983	6760	3450
1464	2865	643	3453	6761	4984
1082	1904	1885	6762	6763	6764
1083	1886	1903	6765	6766	6767
931	1757	2066	6768	6756	6769
930	2065	1756	6770	6759	6771
1392	632	2758	4183	6772	6773
877	1885	1904	4079	6763	6602
878	1903	1886	6601	6766	4080
1262	1941	2855	6774	6775	6776
1261	2854	1940	6777	6778	6779
1580	807	2128	4353	6780	6781
910	1834	2689	4140	6782	5871
834	1575	3095	3600	6783	5496
835	3096	1576	5499	6784	3597
1278	1872	2884	4565	6785	5469
1277	2883	1873	5474	6786	4566
1426	652	2472	6428	6787	6788
1425	2473	653	6789	6790	6429
1442	1958	686	6791	6190	6093
1258	2852	1938	6792	6793	6794
1259	1939	2853	6795	6796	6797
1424	3202	2689	6369	5872	6798
1442	893	1958	5535	5393	6791
1619	3199	3260	6799	6800	6716
1389	1610	2369	4129	6801	5419
1390	2370	1611	5422	6802	4130
2356	2681	1334	6492	6803	6804
2357	1335	2680	6805	6806	6495
2358	2738	1360	6596	6807	5357
2359	1361	2737	5358	6808	6599
2624	2910	1093	5198	6809	6810
2625	1094	2911	6811	6812	5201
1623	3251	3200	6737	6813	6814
1624	3201	3252	6815	6816	6741
475	1562	2460	5319	6817	6818
250	2459	1561	6819	6820	5320
1459	1956	891	6821	5262	5329
892	1957	1460	5266	6822	5327
1392	2374	1612	5460	6823	4181
479	1569	2992	5407	6824	6825
246	2991	1568	6826	6827	5408
1459	685	1956	6197	4151	6821
1460	1957	684	6822	4152	6198
1252	2858	1936	6828	6829	6830
1253	1937	2859	6831	6832	6833
1084	1919	1875	6834	6835	6836
1085	1876	1920	6837	6838	6839
873	1875	1919	4116	6835	6711
874	1920	1876	6712	6838	4117
1483	785	2936	4381	6840	6841
1396	813	2122	3835	6842	6843
1397	2123	814	6844	6845	3836
1099	2302	1625	6846	6847	6848
1100	1626	2303	6849	6850	6851
813	1625	2302	3834	6847	6852
814	2303	1626	6853	6850	3837
1393	587	2172	6027	6854	3857
1394	2173	588	3860	6855	6028
605	1902	1667	6181	6856	6857
963	1667	1902	6858	6856	5307
1396	2122	924	6843	6859	6372
1397	925	2123	6371	6860	6844
1395	2177	585	3846	6861	6033
1604	2311	3227	6000	6862	6863
1250	3011	2200	6864	6865	4013
1251	2201	3012	4016	6866	6867
1602	3228	2314	6868	6869	6007
1603	2315	3229	6010	6870	6871
624	3200	1610	6872	6873	4128
1611	3201	625	6874	6875	4131
603	1668	1905	6876	6877	6123
604	1906	1669	6127	6878	6879
967	1905	1668	5139	6877	6880
968	1669	1906	6881	6878	5141
925	3008	2742	6882	6883	6884
924	2741	3007	6885	6886	6887
632	1612	3199	4182	6888	6889
1801	2769	1689	6890	6891	5442
1690	2770	1802	6892	6893	5444
1095	2293	1631	6894	6895	5465
1096	1632	2294	5468	6896	6897
815	1631	2293	3914	6895	6898
816	2294	1632	6899	6896	3917
484	2343	11	6655	6900	566
1425	2431	993	6431	6901	6902
1426	992	2430	6903	6904	6426
1332	2484	2327	6905	6568	6906
1333	2328	2485	6907	6571	6908
1240	2498	2513	6909	6910	6911
1241	2514	2499	6912	6913	6914
1805	1688	2773	5476	6915	6916
1331	2308	2488	6917	6592	6918
1427	2236	2945	5674	6919	6920
269	1971	1566	6921	6282	4877
456	1565	1972	4880	6281	6922
1431	2938	2237	6923	6924	5697
1432	2238	2939	5702	6925	6926
1512	2849	690	6927	6928	6929
1513	689	2848	6930	6931	6932
1566	1071	2481	4248	6309	5741
1565	2480	1070	5744	6308	4243
1178	2103	2811	3344	6933	6934
2104	1179	2812	3347	6935	6936
862	3160	1570	6937	6938	6465
1262	2904	1941	6939	6940	6774
1261	1940	2903	6779	6941	6942
1175	2615	2050	6943	6944	6945
1174	2051	2616	6946	6947	6948
1526	882	2000	6949	4383	6950
1527	2001	883	6951	4384	6952
1403	2509	3131	6953	6035	3903
1404	3132	2510	3906	6038	6954
1522	690	2849	6955	6928	6956
1523	2848	689	6957	6931	6958
1258	1938	2905	6794	6959	6960
1259	2906	1939	6961	6962	6795
1530	884	2006	6963	4389	6964
1531	2007	885	6965	4386	6966
1577	3183	865	6967	6968	6451
1578	866	3184	6456	6969	6970
1406	3135	2508	3912	6061	6971
1769	1340	2837	4835	4892	6972
675	1769	2837	6973	6972	6974
633	2360	1976	3568	6975	4355
634	1977	2361	4358	6976	3569
2065	2759	3158	6977	6978	6979
2066	3159	2760	6980	6981	6982
296	3223	2046	6983	6984	6985
429	2047	3224	6986	6987	6988
1252	1936	2900	6830	6989	6990
1253	2901	1937	6991	6992	6831
2501	2512	1239	6993	6994	6995
2500	1238	2511	6996	6997	6998
1461	2484	1011	6999	7000	4493
1462	1012	2485	4496	7001	7002
416	2934	1665	7003	7004	6277
309	1666	2935	6280	7005	7006
1461	589	2484	6358	6569	6999
590	1462	2485	6361	7002	6570
1248	3076	2194	7007	7008	4028
1249	2195	3077	4031	7009	7010
1466	1016	2488	4530	7011	7012
1484	978	2261	7013	7014	7015
1485	2262	979	7016	7017	7018
1466	2488	586	7012	6591	6340
888	2755	2784	7019	7020	7021
1484	2261	739	7015	7022	5057
1485	740	2262	5060	7023	7016
262	1736	263	7024	7025	344
462	1735	463	7026	7027	544
1254	3025	2196	7028	7029	4062
1255	2197	3026	4065	7030	7031
1523	689	2036	6958	7032	7033
1522	2037	690	7034	7035	6955
645	2896	2608	7036	7037	7038
646	2609	2897	7039	7040	7041
1523	2036	936	7033	7042	7043
1522	937	2037	7044	7045	7034
1970	3008	925	7046	6882	7047
924	3007	1969	6887	7048	7049
647	2607	2907	7050	7051	7052
889	2780	2767	7053	7054	7055
890	2768	2781	7056	7057	7058
257	1545	3105	7059	7060	7061
468	3106	1546	7062	7063	7064
1284	2765	2988	7065	7066	7067
1285	2987	2766	7068	7069	7070
252	1433	2257	7071	6609	7072
473	2258	1434	7073	6610	7074
786	2792	2670	7075	5119	5654
888	2784	1688	7021	7076	5475
797	2500	1709	7077	7078	7079
796	1708	2501	7080	7081	7082
889	1689	2780	5443	7083	7053
1690	890	2781	5446	7058	7084
1526	693	2040	7085	7086	7087
1527	2041	694	7088	7089	7090
1098	2785	1663	7091	7092	4260
1664	2786	1097	7093	7094	4263
1526	2040	938	7087	7095	7096
1527	939	2041	7097	7098	7088
1473	994	2013	7099	5214	7100
1474	2014	995	7101	5217	7102
792	1704	2498	7103	7104	7105
793	2499	1705	7106	7107	7108
1286	2761	2973	7109	7110	7111
1287	2974	2762	7112	7113	7114
2341	2441	997	5605	7115	7116
2342	996	2440	7117	7118	5606
1530	691	2038	7119	7120	7121
1531	2039	692	7122	7123	7124
567	3124	3027	7125	7126	7127
568	3028	3125	7128	7129	7130
1530	2038	940	7121	7131	7132
1531	941	2039	7133	7134	7122
1288	2763	2971	7135	7136	7137
1289	2972	2764	7138	7139	7140
1091	2658	2912	7141	5383	7142
1092	2913	2659	7143	5386	7144
319	2451	320	7145	3829	401
248	1686	249	7146	7147	330
477	476	1687	558	7148	7149
222	1427	2565	5717	7150	7151
146	2566	1428	7152	7153	5718
1249	2805	1841	4918	7154	4419
1248	1840	2804	4418	7155	4919
1515	776	3171	3651	7156	7157
21	1429	2567	5737	7158	7159
70	2568	1430	7160	7161	5738
1421	804	2107	4583	6274	7162
1422	2108	805	7163	6275	4584
173	2570	1431	7164	7165	5746
97	1432	2571	5751	7166	7167
955	2083	1895	7168	7169	7170
956	1896	2084	7171	7172	7173
1114	1895	2083	6322	7169	7174
1896	1115	2084	6325	7175	7172
828	2304	1779	7176	7177	7178
830	1780	2305	7179	7180	7181
790	2676	2799	5792	5180	7182
791	2800	2677	7183	5183	5793
1423	806	2109	4589	6335	7184
1475	990	2412	7185	7186	6052
1476	2413	991	6057	7187	7188
1536	3215	776	7189	7190	6354
1493	3147	603	7191	7192	6122
604	3148	1494	7193	7194	6125
292	1413	2165	3467	4524	7195
433	2166	1414	7196	4519	3464
569	3024	3119	7197	7198	7199
319	2176	2451	5745	7200	7145
1520	3165	777	7201	7202	3697
1521	778	3166	3700	7203	7204
1477	1001	2034	7205	5347	7206
1478	2035	1002	7207	5345	7208
915	2668	2709	7209	7210	7211
833	1776	2310	7212	7213	7214
1610	3200	1256	6873	7215	7216
1611	1257	3201	7217	7218	6874
1612	1260	3199	7219	7220	6888
1166	2636	2052	7221	7222	7223
1167	2053	2637	7224	7225	7226
930	2759	2065	7227	6977	6770
931	2066	2760	6769	6982	7228
1030	1408	2362	6269	7229	3931
1031	2363	1409	3934	7230	6270
916	2702	2666	7231	7232	7233
917	2667	2704	7234	7235	7236
1481	997	2441	7237	7115	6206
1482	2440	996	6211	7118	7238
1523	1936	879	7239	7240	7241
1522	880	1937	7242	7243	7244
1410	1027	2371	6297	3979	7245
1254	1842	2790	4459	7246	4966
1255	2791	1843	4971	7247	4460
2023	2876	3060	7248	7249	7250
2022	3059	2877	7251	7252	7253
1512	2133	1245	7254	7255	7256
1513	1244	2132	7257	7258	7259
1452	3248	3061	7260	7261	7262
967	1668	2099	6880	4570	7263
968	2100	1669	7264	4573	6881
597	3076	2448	7265	7266	7267
598	2449	3077	7268	7269	7270
596	2876	2023	7271	7248	4839
595	2022	2877	4837	7253	7272
1488	999	2024	7273	5250	7274
1489	2025	1000	7275	5253	7276
1526	1938	882	7277	7278	6949
1527	883	1939	6952	7279	7280
243	2589	1424	7281	4311	7282
1250	1846	2771	4424	7283	4990
1251	2772	1847	4995	7284	4425
1433	817	2180	3865	7285	7286
1434	2181	818	7287	7288	3866
1025	1925	1750	7289	7290	4047
1026	1751	1926	4050	7291	7292
1467	1025	3144	7293	7294	7295
1468	3145	1026	7296	7297	7298
1089	2661	2884	7299	5470	7300
1090	2883	2660	7301	5473	7302
1530	1940	884	7303	7304	6963
1531	885	1941	6966	7305	7306
1438	2143	934	4740	7307	7308
1439	935	2144	7309	7310	4743
2335	2430	992	5754	6904	7311
2336	993	2431	7312	6901	5755
1213	2324	1754	3739	7313	3721
1214	1755	2325	3724	7314	3742
1471	1036	3136	7315	7316	7317
1472	3137	1037	7318	7319	7320
1445	3256	3048	7321	7322	7323
1446	3050	3257	7324	7325	7326
1460	1910	2044	6734	7327	5328
1459	2043	1909	5330	7328	6731
963	2098	1667	7329	4670	6858
1537	777	3225	6381	7330	7331
1538	3226	778	7332	7333	6382
1470	3138	1040	7334	7335	7336
1469	1039	3139	7337	7338	7339
2020	3068	2892	7340	7341	7342
2021	2893	3069	7343	7344	7345
1135	1779	2304	7346	7177	7347
1136	2305	1780	7348	7180	7349
601	3025	2455	7350	7351	7352
602	2456	3026	7353	7354	7355
750	2284	1425	7356	7357	7358
1426	2283	749	7359	7360	7361
1416	661	2219	5298	7362	3615
252	3032	1433	7363	6521	7071
473	1434	3031	7074	6524	7364
459	2504	1516	7365	7366	6622
266	1517	2505	6621	7367	7368
591	2020	2892	4927	7342	7369
592	2893	2021	7370	7343	4928
1415	2235	660	3973	7371	5293
674	2862	1814	7372	7373	7374
1134	2310	1776	7375	7213	7376
8	1963	184	7377	7378	193
108	1964	5	7379	7380	117
704	2083	3013	7381	7382	3417
705	3014	2084	3420	7383	7384
1588	2922	639	7385	5448	7386
1589	638	2921	7387	5451	7388
1438	934	2126	7308	7389	7390
1439	2127	935	7391	7392	7309
1449	929	2156	7393	7394	4811
1036	1930	1752	7395	7396	4057
1037	1753	1931	4060	7397	7398
1570	3160	2394	6938	7399	7400
1697	2615	2080	7401	7402	6288
1698	2081	2616	6291	7403	7404
1577	2401	3183	7405	7406	6967
1578	3184	2402	6970	7407	7408
2028	3084	2894	7409	7410	7411
2029	2895	3085	7412	7413	7414
2	32	1966	41	7415	7416
59	4	1965	69	7417	7418
1417	2227	662	3658	7419	5361
663	2228	1418	7420	3659	5364
10	211	1968	221	7421	7422
7	1967	135	7423	7424	145
1512	1245	3079	7256	7425	7426
1513	3078	1244	7427	7428	7257
971	1702	1890	7429	7430	4265
972	1891	1703	4270	7431	7432
970	1889	1701	4285	7433	7434
750	1425	2477	7358	7435	7436
1426	749	2476	7361	7437	7438
1506	601	2455	7439	7352	7440
1507	2456	602	7441	7353	7442
1425	993	2477	6902	7443	7435
1426	2476	992	7438	7444	6903
1506	2455	1019	7440	5861	3674
1507	1020	2456	3677	5864	7441
1433	2180	930	7286	7445	6607
1434	931	2181	6612	7446	7287
828	1779	1680	7178	7447	7448
830	1679	1780	7449	7450	7179
829	1675	1772	6233	7451	5798
831	1773	1678	5803	7452	6234
593	2028	2894	4937	7411	7453
594	2895	2029	7454	7412	4938
833	1681	1776	7455	7456	7212
1040	1749	1918	3993	7457	7458
1039	1917	1748	7459	7460	3990
832	1767	1682	5868	7461	6177
665	1419	2255	5374	4166	7462
664	2256	1420	7463	4167	5375
842	1607	3202	3296	7464	6368
1427	2211	981	5716	7465	5672
1428	980	2210	5511	7466	5719
1449	2119	929	7467	7468	7393
1448	815	2193	3915	7469	7470
1447	2192	816	7471	7472	3916
1429	2213	982	5736	7473	5526
1430	983	2212	5533	7474	5739
127	1438	2522	4741	7475	7476
203	2523	1439	7477	7478	4742
1431	984	2214	5699	7479	5747
1432	2215	985	5750	7480	5700
647	1701	1889	4648	7433	7481
645	1890	1702	7482	7430	4634
646	1703	1891	4637	7431	7483
243	1424	2689	7282	6798	7484
990	2329	2412	7485	5846	7186
991	2413	2330	7187	5849	7486
1486	986	2316	7487	7488	7489
1487	2317	987	7490	7491	7492
645	2141	2896	4635	7493	7036
646	2897	2142	7041	7494	4636
1510	597	2448	7495	7267	7496
1511	2449	598	7497	7268	7498
567	1497	3154	4957	7499	5127
568	3155	1498	5131	7500	4958
1486	2316	737	7489	7501	5427
1487	738	2317	5432	7502	7490
1510	2448	1017	7496	5806	3653
1511	1018	2449	3656	5805	7497
645	1710	1890	7503	7504	7482
1116	1628	2685	6259	6636	7505
1117	2686	1627	7506	6637	6260
646	1891	1711	7483	7507	7508
647	1889	1712	7481	7509	7510
407	2450	1615	7511	7512	6096
1583	3124	567	7513	7125	5126
568	3125	1584	7130	7514	5129
1341	1814	2862	5034	7373	4847
647	2907	2140	7052	7515	4647
569	3153	1499	5125	7516	4961
1304	1672	3131	6444	7517	6034
1305	3132	1673	6039	7518	6445
1518	599	2452	7519	7520	7521
600	1519	2453	7522	7523	7524
1119	2687	1630	7525	6685	6224
1518	2452	1021	7521	5912	3702
1519	1022	2453	3705	5915	7523
1118	1629	2688	6219	6688	7526
1121	2690	1634	7527	6699	6230
1120	1633	2691	6229	6702	7528
1456	808	2124	4624	6708	7529
1457	2125	809	7530	6709	4625
1306	3135	1674	6062	7531	6517
605	3177	1502	7532	7533	6179
569	3119	1587	7199	7534	5123
1458	2128	807	7535	6780	4638
40	2526	1449	7536	7537	4810
165	1	1730	174	7538	7539
1	89	1731	98	7540	7541
13	1730	1	7542	7538	22
78	1	1731	88	7541	7543
230	1732	1	7544	7545	240
154	1	1732	164	7545	7546
1563	2057	908	7547	7548	7549
1564	909	2058	7550	7551	7552
1556	903	2056	7553	7554	7555
469	1718	470	7556	7557	551
255	1717	256	7558	7559	337
1692	2079	2637	6331	7560	7561
1691	2636	2078	7562	7563	6332
1561	2459	1077	6820	7564	5851
1562	1078	2460	5856	7565	6817
1569	1230	2992	7566	7567	6824
1568	2991	1229	6827	7568	7569
288	2272	1585	7570	7571	7572
437	1586	2271	7573	7574	7575
977	2177	2209	4981	3845	7576
1400	2709	2668	6294	7210	7577
1440	692	2841	5943	7578	3387
1441	2840	691	3386	7579	5940
1335	1656	3240	7580	7581	7582
1334	3239	1655	7583	7584	7585
849	3240	1656	7586	7581	7587
848	1655	3239	7588	7584	7589
1435	2046	3223	5457	6984	4509
1436	3224	2047	4512	6987	5458
2864	1220	2958	7590	7591	3451
2865	2959	1221	3452	7592	7593
1581	986	2306	7594	7595	3849
1582	2307	987	3848	7596	7597
1448	2193	926	7470	7598	6173
1447	927	2192	6172	7599	7471
1398	2666	2702	5109	7232	6285
1399	2704	2667	6286	7235	5104
1768	2087	857	7600	5206	7601
1526	2000	693	6950	7602	7085
1527	694	2001	7090	7603	6951
975	2207	2172	7604	3858	4874
976	2173	2208	4873	3859	7605
1493	2850	773	7606	7607	6420
1494	774	2851	6425	7608	7609
1443	2838	693	3455	7610	6001
1444	694	2839	6004	7611	3456
1672	576	3131	3476	3904	7517
577	1673	3132	3479	7518	3905
855	2086	1770	5223	7612	7613
1771	2085	856	7614	5226	7615
1131	2015	2091	7616	7617	7618
1132	2092	2016	7619	7620	7621
756	2091	2015	7622	7617	7623
757	2016	2092	7624	7620	7625
1768	857	2090	7601	7626	7627
1479	932	2190	7628	7629	4866
1480	2191	933	4869	7630	7631
578	1674	3135	3473	7531	3911
593	2115	1706	7632	7633	4935
594	1707	2116	4940	7634	7635
1450	2842	689	3443	7636	6040
1451	690	2843	6043	7637	3444
855	1770	2089	7613	7638	7639
1771	856	2088	7615	7640	7641
599	3011	2452	7642	7643	7520
600	2453	3012	7524	7644	7645
1473	2674	994	7646	7647	7099
1474	995	2675	7102	7648	7649
1530	2006	691	6964	7650	7119
1531	692	2007	7124	7651	6965
1691	595	2111	4838	7652	7653
596	1692	2112	4841	7654	7655
2019	1133	2095	7656	7657	7658
2019	2095	758	7658	7659	7660
1549	3122	788	7661	7662	7663
1550	789	3123	7664	7665	7666
1549	1186	3122	7667	7668	7661
1550	3123	1187	7666	7669	7670
591	2120	1697	7671	7672	4925
592	1698	2121	4930	7673	7674
1479	2117	932	7675	7676	7628
1480	933	2118	7631	7677	7678
1545	949	2751	7679	7680	6604
950	1546	2752	7681	6605	7682
1284	2178	2765	4705	7683	7065
1285	2766	2179	7070	7684	4706
1474	688	3047	7685	7686	7687
1473	3046	687	7688	7689	7690
969	1639	2966	4107	7691	7692
970	2965	1640	7693	7694	4283
971	1638	2964	4267	7695	7696
972	2963	1641	7697	7698	4268
912	2998	1638	7699	7700	4763
913	1641	2999	4766	7701	7702
912	1642	3002	4103	7703	7704
913	3003	1643	7705	7706	4104
973	2961	1642	7707	7708	4098
974	1643	2962	4101	7709	7710
914	2994	1639	7711	7712	4108
914	1640	2995	4772	7713	7714
1034	2244	1662	7715	7716	7717
1035	1661	2243	7718	7719	7720
841	1589	3112	3951	7721	6504
1588	840	3111	3949	6503	7722
1269	1662	2244	3782	7716	7723
1270	2243	1661	7724	7719	3785
719	3038	1846	4560	7725	4423
720	1847	3039	4426	7726	4561
833	3209	1681	7727	7728	7455
729	2585	1737	5160	7729	5513
730	1738	2586	5516	7730	5163
1553	787	3121	7731	7732	7733
1553	3121	1185	7733	7734	7735
1122	2795	1668	5219	4898	7736
1123	1669	2796	7737	4901	5220
1490	2204	928	4973	7738	7739
988	2322	1491	7740	7741	7742
1492	2323	989	7743	7744	7745
1124	1667	2801	7746	4965	5275
1491	2322	729	7741	7747	5512
1492	730	2323	5517	7748	7743
1286	2184	2761	4728	7749	7109
1287	2762	2185	7114	7750	4729
1583	837	2300	7751	7752	7753
1584	2301	838	7754	7755	7756
884	1940	2854	7304	6778	7757
885	2855	1941	7758	6775	7305
721	3036	1842	4599	7759	4458
722	1843	3037	4461	7760	4600
1477	3083	697	7761	7762	7763
1478	698	3082	7764	7765	7766
1801	3129	1138	7767	7768	7769
1802	1139	3130	7770	7771	7772
2591	1138	3129	3715	7768	7773
1139	2592	3130	3720	7774	7771
1461	800	2887	6752	7775	7776
1462	2888	801	7777	7778	6753
882	1938	2852	7278	6793	7779
883	2853	1939	7780	6796	7279
1490	928	2110	7739	7781	7782
1289	2764	2187	7140	7783	4733
1288	2186	2763	4732	7784	7135
1149	1970	1665	3410	7785	7786
1150	1666	1969	7787	7788	3413
1723	737	2604	5428	5282	7789
1724	2605	738	7790	5285	5431
1453	2390	1045	7791	3766	6625
1454	1046	2391	6628	3777	7792
839	1587	2309	7793	7794	7795
1442	1923	2042	6690	7796	5534
1455	2395	1044	7797	3794	6676
875	1799	1784	5722	7798	3298
876	1785	1800	3301	7799	5725
1484	3109	978	7800	7801	7013
1485	979	3110	7018	7802	7803
873	1797	1781	5759	7804	3285
874	1782	1798	3288	7805	5762
1466	2916	803	7806	7807	6726
706	2634	2054	5539	7808	4609
2055	2635	707	7809	5540	4608
1047	2537	3180	7810	7811	7812
1048	3181	2538	7813	7814	7815
877	1803	1788	5704	7816	3269
878	1789	1804	3273	7817	5707
1453	3180	2537	7818	7811	7819
1454	2538	3181	7820	7814	7821
1608	658	2419	7822	7823	7824
1609	2418	659	7825	7826	7827
1488	3117	695	7828	7829	7830
1489	696	3118	7831	7832	7833
1482	2203	954	7834	4753	7835
1481	953	2202	7836	4752	7837
1467	3070	1025	7838	7839	7293
1468	1026	3071	7298	7840	7841
1556	2326	903	7842	3625	7553
1481	2202	751	7837	5008	7843
1482	752	2203	7844	5009	7834
640	2818	1575	5777	7845	3605
641	1576	2819	3602	7846	5780
1469	3052	1039	7847	7848	7337
1470	1040	3053	7336	7849	7850
1477	2628	1001	7851	7852	7205
1478	1002	2629	7208	7853	7854
1706	2575	2061	7855	7856	6473
2062	2576	1707	7857	7858	6476
653	1636	2436	7859	7860	7861
652	2437	1637	7862	7863	7864
1471	3066	1036	7865	7866	7315
1472	1037	3067	7320	7867	7868
879	1936	2858	7240	6829	7869
880	2859	1937	7870	6832	7243
1805	1137	3126	7871	7872	7873
1137	2590	3126	3708	7874	7872
717	3044	1840	4595	7875	4417
718	1841	3045	4420	7876	4596
55	1467	3144	7877	7295	7878
36	3145	1468	7879	7296	7880
1475	2298	747	7881	7882	7883
1476	748	2299	7884	7885	7886
927	2915	1953	6171	7887	7888
926	1952	2914	7889	7890	6174
1563	908	2337	7549	3643	7891
1564	2338	909	7892	3644	7550
1051	2529	3169	7893	7894	7895
1716	2993	1831	7896	7897	6163
116	2530	1479	7898	7899	4865
192	1480	2531	4870	7900	7901
1486	3056	986	7902	7903	7487
1487	987	3057	7492	7904	7905
188	1469	3139	7906	7339	7907
112	3138	1470	7908	7334	7909
55	2346	1467	7910	7911	7877
36	1468	2347	7880	7912	7913
1455	3169	2529	7914	7894	7915
1218	1900	2697	4292	7916	7917
1219	2698	1901	7918	7919	4293
207	3137	1472	7920	7318	7921
131	1471	3136	7922	7317	7923
1217	2042	2546	3937	7924	7925
785	2847	1502	7926	7927	6448
1528	2216	992	7928	7929	7930
1529	993	2217	7931	7932	7933
188	2351	1469	7934	7935	7906
112	1470	2350	7909	7936	7937
1571	2474	2107	7938	7939	6273
1572	2108	2475	6276	7940	7941
1723	2111	1034	7942	7943	5433
1724	1035	2112	5436	7944	7945
131	2344	1471	7946	7947	7922
207	1472	2345	7921	7948	7949
10	2211	222	7950	5715	231
146	2210	7	5720	7951	155
1723	901	2111	7952	7953	7942
1724	2112	902	7945	7954	7955
642	1689	2864	7956	7957	6760
1690	643	2865	7958	6761	7959
1689	1220	2864	7960	7590	7957
944	2091	1657	7961	7962	7963
945	1658	2092	7964	7965	7966
1690	2865	1221	7959	7593	7967
2	2213	21	7968	5735	31
70	2212	4	5740	7969	79
1386	2085	2596	5227	7970	7971
1385	2595	2086	7972	7973	5222
629	2596	2085	6005	7970	5077
2086	2595	628	7973	6006	5074
8	173	2214	183	5748	7974
5	2215	97	7975	5749	107
1387	2087	2597	5207	7976	7977
2087	627	2597	5080	7978	7976
263	1736	3022	7025	7979	7980
462	3023	1735	7981	7982	7026
1316	1793	2443	4793	7983	4806
1317	2444	1794	4809	7984	4794
1488	2641	999	7985	7986	7273
1489	1000	2642	7276	7987	7988
946	1659	2095	7989	7990	7991
1212	2673	1898	7992	7993	4125
837	1623	2300	6738	7994	7752
838	2301	1624	7755	7995	6740
1474	2675	688	7649	7996	7685
1473	687	2674	7690	7997	7646
797	1709	2766	7079	7998	7999
796	2765	1708	8000	8001	7080
839	2309	1619	7795	8002	6715
1391	2545	3210	8003	6110	4922
792	2761	1704	8004	8005	7103
793	1705	2762	7108	8006	8007
1315	2442	1792	4814	8008	4784
863	1500	2830	6311	8009	8010
864	2831	1501	8011	8012	6312
1477	697	2628	7763	8013	7851
1478	2629	698	7854	8014	7764
635	1879	2368	4954	8015	3520
1475	747	2482	7883	8016	8017
1476	2483	748	8018	8019	7884
794	2763	1699	8020	8021	4694
795	1700	2764	4699	8022	8023
637	1567	2292	3535	8024	5866
1475	951	2298	8025	5953	7881
1476	2299	952	7886	5954	8026
1475	2482	990	8017	8027	7185
1476	991	2483	7188	8028	8018
448	1495	2738	3872	8029	8030
277	2737	1496	8031	8032	3869
1267	2110	2745	5931	8033	4735
1302	3105	1545	4300	7060	6603
1303	1546	3106	6606	7063	4303
1579	2489	2109	8034	8035	6334
1475	2434	951	6263	8036	8025
1476	952	2435	8026	8037	6264
1023	2225	1670	8038	8039	8040
1024	1671	2226	8041	8042	8043
1273	1670	2225	3686	8039	8044
1274	2226	1671	8045	8042	3687
1481	751	2493	7843	8046	8047
1482	2494	752	8048	8049	7844
1481	2493	997	8047	8050	7237
1482	996	2494	7238	8051	8048
1484	1023	2520	5062	8052	8053
1485	2521	1024	8054	8055	5063
321	1483	2289	3752	8056	8057
51	1490	2546	4974	8058	8059
452	1959	453	8060	6336	534
272	1960	273	6339	8061	354
1486	1034	2524	5434	8062	8063
1487	2525	1035	8064	8065	5435
1482	954	2352	7835	8066	6463
1481	2353	953	6462	8067	7836
1541	2205	997	8068	8069	8070
1542	996	2206	8071	8072	8073
1278	2118	2725	5817	8074	4761
1277	2726	2117	4760	8075	5818
1110	2634	2182	8076	5538	8077
1111	2183	2635	8078	5541	8079
1483	2451	998	3751	8080	4377
1032	2239	1676	8081	8082	8083
1033	1677	2240	8084	8085	8086
1275	1676	2239	3711	8082	8087
1276	2240	1677	8088	8085	3712
1149	1665	2934	7786	7004	8089
1150	2935	1666	8090	7005	7787
1695	1176	2054	5988	4457	8091
1696	2055	1177	8092	4454	5985
649	1655	2502	8093	8094	8095
648	2503	1656	8096	8097	8098
1545	2198	949	8099	8100	7679
950	2199	1546	8101	8102	7681
1551	2222	990	8103	8104	8105
1552	991	2223	8106	8107	8108
1488	695	2641	7830	8109	7985
1489	2642	696	7988	8110	7831
1515	2902	661	8111	8112	8113
988	1491	3033	7742	8114	8115
1492	989	3034	7745	8116	8117
758	1924	2581	8118	8119	8120
1505	860	2828	6293	8121	8122
1237	2581	1924	6532	8119	8123
756	2582	1932	8124	8125	8126
757	1933	2583	8127	8128	8129
1242	1932	2582	8130	8125	6479
1243	2583	1933	6482	8128	8131
833	2669	3209	6375	8132	7727
1032	1737	2120	5518	8133	8134
1033	2121	1738	8135	8136	5521
906	2120	1737	8137	8133	8138
907	1738	2121	8139	8136	8140
413	1503	2646	8141	8142	8143
312	2645	1504	8144	8145	8146
1171	2986	1845	8147	5165	3672
1170	1844	2985	3671	5168	8148
636	2375	1607	5785	8149	3307
1520	662	2923	8150	8151	8152
1521	2924	663	8153	8154	8155
657	1941	2904	8156	6940	8157
656	2903	1940	8158	6941	8159
253	1756	254	8160	8161	335
471	1757	472	8162	8163	553
613	1995	2311	8164	8165	5999
1188	2311	1995	8166	8165	6238
1161	2957	1838	8167	5185	3630
616	2314	1996	6008	8168	8169
617	1997	2315	8170	8171	6009
1077	1686	1990	8172	8173	8174
1078	1991	1687	8175	8176	8177
978	1990	1686	8178	8173	8179
979	1687	1991	8180	8176	8181
1189	1996	2314	6301	8168	8182
1190	2315	1997	8183	8171	6302
654	2905	1938	8184	6959	8185
655	1939	2906	8186	6962	8187
912	3002	1730	7704	8188	8189
913	1731	3003	8190	8191	7705
912	1730	2998	8189	8192	7699
913	2999	1731	7702	8193	8190
914	1732	2994	8194	8195	7711
914	2995	1732	7714	8196	8194
1056	1615	2450	8197	7512	4610
1072	2513	2498	8198	6910	8199
1073	2499	2514	8200	6913	8201
1512	1067	2133	8202	5572	7254
1513	2132	1066	7259	5571	8203
1516	2946	773	8204	8205	4887
1517	774	2947	4890	8206	8207
856	1862	2088	5678	8208	7640
855	2089	1861	7639	8209	5675
650	2900	1936	8210	6989	8211
651	1937	2901	8212	6992	8213
296	2046	297	6985	4489	378
428	2047	429	4492	6986	510
857	1863	2090	5680	8214	7626
1268	2746	2119	4738	8215	6152
1215	2530	2043	8216	8217	3958
1216	2044	2531	3961	8218	8219
612	2313	1992	5797	8220	8221
1185	1992	2313	8222	8220	8223
1466	3245	1725	6728	8224	4529
1174	2816	2051	8225	8226	6946
1175	2050	2817	6945	8227	8228
1522	2849	880	6956	8229	7242
1523	879	2848	7241	8230	6957
614	1993	2318	8231	8232	5810
615	2319	1994	5815	8233	8234
1186	2318	1993	8235	8232	8236
1187	1994	2319	8237	8233	8238
244	1834	245	8239	8240	326
480	1835	481	8241	8242	562
1512	690	2809	6929	8243	8244
1513	2810	689	8245	8246	6930
1023	1746	2115	5061	8247	8248
1024	2116	1747	8249	8250	5064
966	2310	2140	8251	8252	8253
904	2115	1746	8254	8247	3322
905	1747	2116	3323	8250	8255
865	1812	2871	8256	8257	8258
866	2872	1813	8259	8260	8261
1282	2126	2739	6106	8262	4767
1283	2740	2127	4770	8263	6103
579	2697	1900	8264	7916	8265
580	1901	2698	8266	7919	8267
1605	2291	886	8268	5843	8269
1606	887	2290	8270	5842	8271
1066	1781	1797	3542	7804	8272
1067	1798	1782	8273	7805	3543
1532	2862	674	6299	7372	5685
257	2198	1545	8274	8099	7059
468	1546	2199	7064	8102	8275
964	2141	2304	8276	8277	8278
965	2305	2142	8279	8280	8281
802	3061	3248	8282	7261	8283
862	2867	1806	8284	8285	8286
1461	1728	3246	4494	8287	6750
1462	3247	1729	6755	8288	4495
1452	1739	3248	4409	8289	7260
442	2678	2914	8290	8291	8292
283	2915	2679	8293	8294	8295
265	2349	266	8296	6619	347
460	459	2348	541	6624	8297
1491	1032	2518	5519	8298	8299
1492	2519	1033	8300	8301	5520
798	3048	3256	8302	7322	8303
799	3257	3050	8304	7325	8305
574	1573	2093	8306	8307	4861
575	2094	1574	4864	8308	8309
942	2283	2472	5696	8310	8311
943	2473	2284	8312	8313	5693
1426	2472	2283	6788	8310	7359
1425	2284	2473	7357	8313	6789
583	1898	2673	8314	7993	8315
1579	2101	570	8316	4849	8317
571	2102	1580	4852	8318	8319
2501	1075	2512	8320	8321	6993
2500	2511	1076	6998	8322	8323
572	1571	2096	8324	8325	4902
1572	573	2097	8326	4905	8327
1222	2711	2960	6693	3806	8328
967	1500	2269	8329	8330	5331
968	2270	1501	5334	8331	8332
1506	2205	601	8333	8334	7439
1507	602	2206	7442	8335	8336
1072	1784	1799	3556	7798	8337
1073	1800	1785	8338	7799	3557
413	2720	1503	8339	8340	8141
312	1504	2721	8146	8341	8342
1769	2268	1236	8343	4414	4086
1445	1744	3256	4393	8344	7321
1446	3257	1745	7326	8345	4394
1508	2986	771	5166	8346	3665
1509	772	2985	3668	8347	5167
792	2498	2153	7105	8348	8349
793	2154	2499	8350	8351	7106
741	2218	2944	8352	6641	8353
906	2050	2615	8354	6944	8355
907	2616	2051	8356	6947	8357
1075	1788	1803	3572	7816	8358
1076	1804	1789	8359	7817	3573
1533	672	2832	5682	4828	6304
1534	2833	673	6307	4831	5683
1411	3027	3124	8360	7126	8361
1412	3125	3028	8362	7129	8363
2221	2940	744	6661	8364	8365
2220	743	2941	8366	8367	6662
881	2285	1635	5980	8368	8369
3	2546	2042	8370	7924	8371
1049	2516	3115	8372	8373	8374
1050	3116	2517	8375	8376	8377
1166	2052	2814	7223	8378	8379
1167	2815	2053	8380	8381	7224
1510	2216	597	8382	8383	7495
1511	598	2217	7498	8384	8385
788	3122	2129	7662	5149	4672
789	2130	3123	4675	5152	7665
1346	2885	3230	8386	8387	8388
1347	3231	2886	8389	8390	8391
1514	2957	775	5186	8392	3648
755	2508	2873	8393	6247	8394
467	3106	468	5662	7062	549
257	3105	258	7061	5661	339
846	1608	2419	3825	7824	5351
847	2418	1609	5354	7825	3826
1505	963	2273	8395	5570	8396
1148	1839	2653	8397	8398	6471
753	2874	2509	8399	6242	8400
754	2510	2875	8401	6245	8402
967	3089	1500	8403	8404	8329
968	1501	3088	8332	8405	8406
827	1499	3216	5618	6227	8407
787	2131	3121	4660	5188	7732
1518	2222	599	8408	8409	7519
600	2223	1519	8410	8411	7522
2645	955	3234	8412	8413	8414
2646	3235	956	8415	8416	8417
723	1646	2383	8418	8419	8420
724	2384	1647	8421	8422	8423
308	2048	1666	8424	8425	6279
417	1665	2049	6278	8426	8427
1061	2383	1646	8428	8419	5727
1062	1647	2384	5732	8422	8429
1528	1114	2778	6323	8430	8431
1529	2779	1115	8432	8433	6324
725	2378	1648	8434	8435	8436
1407	3119	3024	8437	7198	8438
1060	1648	2378	5822	8435	8439
1053	1610	2134	8440	8441	8442
1054	2135	1611	8443	8444	8445
699	2563	2032	6438	8446	5926
700	2033	2564	5929	8447	6439
865	2871	2457	8258	8448	6695
866	2458	2872	6698	8449	8259
1610	1256	2134	7216	8450	8441
1611	2135	1257	8444	8451	7217
1052	3103	2515	8452	8453	8454
1512	2809	1067	8244	8455	8202
1513	1066	2810	8203	8456	8245
650	2652	1872	8457	8458	4564
651	1873	2651	4567	8459	8460
1055	2136	1612	8461	8462	8463
1612	2136	1260	8462	8464	7219
1408	3115	2516	8465	8373	8466
1409	2517	3116	8467	8376	8468
1559	2122	813	8469	6842	8470
1560	814	2123	8471	6845	8472
1146	2649	1832	6417	8473	8474
1147	1833	2650	8475	8476	6418
1554	2193	815	8477	7469	8478
1555	816	2192	8479	7472	8480
247	1568	2158	5409	8481	8482
478	2157	1569	8483	8484	5406
2115	593	2225	7632	8485	8486
2116	2226	594	8487	8488	7635
1506	771	2341	3666	6283	8489
1507	2342	772	8490	6284	3667
1568	978	2158	8491	8492	8481
979	1569	2157	8493	8484	8494
8	2214	1963	7974	8495	7377
5	1964	2215	7380	8496	7975
1505	3041	963	8497	8498	8395
264	2106	265	8499	8500	346
460	2105	461	8501	8502	542
862	2463	2867	6614	8503	8284
298	1950	299	5479	8504	380
426	1951	427	8505	5480	508
268	1971	269	8506	6921	350
456	1972	457	6922	8507	538
656	2662	1870	8508	8509	4576
657	1871	2663	4579	8510	8511
2	1966	2213	7416	8512	7968
4	2212	1965	7969	8513	7417
10	1968	2211	7422	8514	7950
7	2210	1967	7951	8515	7423
654	2656	1866	8516	8517	4542
1867	2657	655	8518	8519	4545
293	2165	1547	8520	5028	4448
432	1548	2166	4451	5027	8521
1549	3192	1186	8522	8523	7667
1550	1187	3193	7670	8524	8525
650	1936	2652	8211	8526	8457
651	2651	1937	8460	8527	8212
1557	2180	817	8528	7285	8529
1558	818	2181	8530	7288	8531
1045	2088	1862	5290	8208	6091
1046	1861	2089	6090	8209	5291
914	1712	1889	4109	7509	4771
1510	775	2335	3649	6353	8532
1511	2336	776	8533	6355	3650
912	1890	1710	4764	7504	4102
913	1711	1891	4105	7507	4765
1496	3244	2152	8534	8535	4853
1495	2151	3243	4856	8536	8537
1044	2090	1863	5288	8214	6069
2357	953	3162	8538	8539	8540
2356	3161	954	8541	8542	8543
1508	3211	665	6549	8544	4271
1509	664	3212	4276	8545	6550
251	1561	3032	5321	6522	8546
474	3031	1562	8547	6523	5318
924	1969	1666	7049	7788	8548
925	1665	1970	8549	7785	7047
591	2239	2120	8550	8551	7671
592	2121	2240	7674	8552	8553
1516	1009	2348	4886	8554	6623
1517	2349	1010	6620	8555	4881
1518	777	2329	3698	6380	8556
1519	2330	778	8557	6383	3699
1164	2491	1954	3953	8558	8559
1955	2492	1165	8560	3956	8561
1448	2914	2678	6175	8291	6554
1447	2679	2915	6553	8294	6170
305	1625	3100	8562	5415	8563
420	3099	1626	8564	5414	8565
6	2043	2530	8566	8217	8567
9	2531	2044	8568	8218	8569
1410	2515	3103	8570	8453	8571
656	1940	2662	8159	8572	8508
657	2663	1941	8511	8573	8156
1514	3221	660	6541	8574	4286
1515	661	3222	8113	8575	6542
901	2052	2636	8576	7222	8577
902	2637	2053	8578	7225	8579
610	2145	1649	8580	8581	3528
611	1650	2146	3533	8582	8583
654	1938	2656	8185	8584	8516
655	2657	1939	8519	8585	8186
1541	1112	2749	6119	8586	8587
1542	2750	1113	8588	8589	6120
1522	2651	937	8590	8591	7044
1523	936	2652	7043	8592	8593
1553	1185	3194	7735	8594	8595
785	1817	2936	6450	8596	6840
2112	2243	596	8597	8598	7655
595	2244	2111	8599	8600	7652
1717	1157	2032	8601	5920	8602
1718	2033	1158	8603	5921	8604
1520	3219	662	6682	8605	8150
1521	663	3220	8155	8606	6683
1717	2032	949	8602	8607	8608
950	2033	1718	8609	8603	8610
1573	2478	2124	8611	8612	6707
1574	2125	2479	6710	8613	8614
1528	2476	749	8615	7437	6316
750	2477	1529	7436	8616	6319
1528	992	2476	7930	7444	8615
1529	2477	993	8616	7443	7931
645	2608	1710	7038	4359	7503
646	1711	2609	7508	4362	7039
1237	2653	1839	8617	8398	6531
969	2966	2168	7692	8618	6657
970	2169	2965	6656	8619	7693
1589	3255	638	3947	8620	7387
1588	639	3254	7386	8621	3942
1532	946	2787	5689	8622	8623
1526	938	2656	7096	8624	8625
1527	2657	939	8626	8627	7097
1524	2396	1218	4231	4291	3873
1525	1219	2397	3878	4294	4232
971	2964	2170	7696	8628	6659
972	2171	2963	6658	8629	7697
973	2174	2961	6664	8630	7707
974	2962	2175	7710	8631	6665
1214	3022	1736	8632	7979	3682
1213	1735	3023	3679	7982	8633
892	1644	2164	3426	8634	5439
891	2163	1645	5438	8635	3421
1533	2776	944	8636	8637	5687
1534	945	2777	5688	8638	8639
1524	2440	649	5607	6210	4229
1525	648	2441	4234	6207	5604
742	2945	2236	8640	6919	5325
1530	940	2662	7132	8641	8642
1531	2663	941	8643	8644	7133
647	1712	2607	7510	4328	7050
279	2152	1696	8645	8646	5203
446	1695	2151	5204	8647	8648
1580	2128	2490	6781	8649	8650
1383	2207	1810	5874	8651	5619
1384	1811	2208	5620	8652	5875
1193	1821	2784	8653	8654	8655
745	2237	2938	5336	6924	8656
746	2939	2238	8657	6925	5337
1388	1809	2209	5611	8658	5888
998	2268	2082	4472	8659	4378
1535	1212	2404	4020	4126	4369
1191	2780	1815	8660	8661	8662
1192	1816	2781	8663	8664	8665
1535	652	2430	4371	6427	5753
1536	2431	653	5756	6430	4372
1242	1832	2649	6480	8473	8666
1243	2650	1833	8667	8476	6481
1532	2562	861	8668	8669	6298
1533	858	2552	6305	8670	8671
1534	2553	859	8672	8673	6306
653	2436	1826	7861	8674	4651
652	1825	2437	4650	8675	7862
1240	2153	2498	8676	8348	6909
1241	2499	2154	6914	8351	8677
249	1686	2459	7147	8678	8679
476	2460	1687	8680	8681	7148
1537	658	2412	4429	6053	5845
1538	2413	659	5850	6056	4430
1146	3197	1623	8682	8683	6416
1147	1624	3198	6419	8684	8685
1028	1620	2073	8686	8687	8688
1029	2074	1621	8689	8690	8691
850	2436	1636	5660	7860	4186
851	1637	2437	4185	7863	5657
1322	1770	2086	5097	7612	5073
1771	1323	2085	5095	5078	7614
1541	2493	751	8692	8046	6112
1542	752	2494	6117	8049	8693
1321	2087	1768	5081	7600	5092
1541	997	2493	8070	8050	8692
1542	2494	996	8693	8051	8071
1038	2075	1622	8694	8695	8696
1502	3177	3143	7533	8697	8698
951	1983	2358	8699	8700	5356
952	2359	1982	5359	8701	8702
1590	994	2372	5215	4195	8703
1591	2373	995	8704	4196	5216
893	1660	2155	3470	8705	5567
2113	2324	1009	8706	3738	4885
2114	1010	2325	4882	3743	8707
1592	999	2388	5251	4144	8708
1593	2389	1000	8709	4145	5252
1148	1619	3196	6472	8710	8711
1590	2612	618	8712	8713	5208
1591	619	2613	5213	8714	8715
1178	2486	1946	3894	8716	3575
1179	1947	2487	3578	8717	3897
1599	1052	2515	5067	8454	8718
1590	1082	2612	8719	8720	8712
1591	2613	1083	8715	8721	8722
667	1599	2515	3354	8718	8723
1600	1001	2398	5348	4119	8724
1002	1601	2399	5346	8725	4120
1657	2091	2806	7962	8726	8727
1658	2807	2092	8728	8729	7965
1263	2936	1817	8730	8596	4421
1570	584	2630	8731	8732	8733
1594	2516	1049	8734	8372	5047
1595	1050	2517	5052	8377	8735
1065	1570	2630	8736	8733	8737
1659	2808	2095	8738	8739	7990
1594	670	2516	3327	8740	8734
671	1595	2517	3330	8735	8741
953	2357	1981	8538	8742	4751
954	1980	2356	4754	8743	8543
930	1756	2257	6771	8744	6608
931	2258	1757	6611	8745	6768
649	2502	1829	8095	8746	4400
648	1830	2503	4403	8747	8096
658	1822	2419	4774	8748	7823
659	2418	1823	7826	8749	4775
287	2272	288	4976	7570	369
437	2271	438	7575	4977	519
581	1577	2626	8750	8751	8752
1578	582	2627	8753	8754	8755
1577	1063	2626	8756	8757	8751
1578	2627	1064	8755	8758	8759
1592	2610	622	8760	8761	5240
623	2611	1593	8762	8763	5243
422	1727	2307	4235	8764	8765
303	2306	1726	8766	8767	4236
1592	1080	2610	8768	8769	8760
1593	2611	1081	8763	8770	8771
1556	2724	1055	8772	8773	8774
1159	2470	1921	3884	8775	8776
1160	1922	2471	8777	8778	3887
947	3243	2151	8779	8536	8780
948	2152	3244	8781	8535	8782
241	2710	1613	8783	8784	6154
849	1656	2503	7587	8097	5642
848	2502	1655	5641	8094	7588
56	2334	2346	8785	8786	8787
35	2347	2333	8788	8789	8790
1556	2640	583	8791	8792	8793
1556	1055	2640	8774	8794	8791
1600	2398	3107	8724	8795	8796
1601	3108	2399	8797	8798	8725
245	1834	2991	8240	8799	8800
480	2992	1835	8801	8802	8241
1563	1053	2722	8803	8804	8805
1564	2723	1054	8806	8807	8808
1380	2953	2246	8809	8810	5966
1379	2247	2954	5963	8811	8812
1377	2245	2950	5978	8813	8814
924	1666	2048	8548	8425	6373
925	2049	1665	6370	8426	8549
574	1699	2478	3538	8815	8816
575	2479	1700	8817	8818	3539
1103	2478	1699	8819	8815	8820
1104	1700	2479	8821	8818	8822
1600	2619	620	8823	8824	5342
621	2620	1601	8825	8826	5339
1600	1084	2619	8827	8828	8823
1085	1601	2620	8829	8826	8830
1254	2455	3025	4968	7351	7028
1255	3026	2456	7031	7354	4969
1351	3151	3242	8831	8832	8833
1350	3241	3152	8834	8835	8836
1722	989	2272	8837	8838	4975
1721	2271	988	4978	8839	8840
1248	2448	3076	4921	7266	7007
1249	3077	2449	7010	7269	4916
572	1704	2474	3552	8841	8842
573	2475	1705	8843	8844	3553
1101	2474	1704	8845	8841	8846
1102	1705	2475	8847	8844	8848
1571	1419	3020	4339	5389	8849
1420	1572	3021	4342	8850	5390
224	1848	225	8851	8852	234
148	149	1849	158	8853	8854
18	19	1850	28	8855	8856
72	73	1851	82	8857	8858
171	170	1852	180	8859	8860
94	95	1853	104	8861	8862
1563	579	2638	8863	8864	8865
580	1564	2639	8866	8867	8868
1563	2638	1053	8865	8869	8803
1564	1054	2639	8808	8870	8867
1076	1709	2500	3574	7078	8323
1075	2501	1708	8320	7081	3571
1095	1721	2004	8871	8872	8873
1096	2005	1722	8874	8875	8876
132	2340	2344	8877	8878	8879
208	2345	2339	8880	8881	8882
1721	988	2004	8840	8883	8872
1722	2005	989	8875	8884	8837
1072	2498	1704	8199	7104	3555
1073	1705	2499	3558	7107	8200
111	2350	2332	8885	8886	8887
187	2331	2351	8888	8889	8890
896	3119	2012	8891	8892	8893
1554	815	2756	8478	8894	8895
1555	2757	816	8896	8897	8479
1417	3017	1573	5403	8898	4335
1418	1574	3018	4338	8899	5404
1556	583	2326	8793	8900	7842
1605	886	3236	8269	8901	8902
1606	3237	887	8903	8904	8270
470	1718	2949	7557	8905	8906
255	2948	1717	8907	8908	7558
1605	3236	1195	8902	5709	6501
1606	1196	3237	6500	5712	8903
1551	1110	2730	6165	8909	8910
1552	2731	1111	8911	8912	6166
1456	3228	1602	8913	6868	4622
1457	1603	3229	4627	6871	8914
1583	3141	837	5135	8915	7751
1584	838	3142	7756	8916	5136
642	1815	2780	3460	8661	8917
643	2781	1816	8918	8664	3461
1559	813	2743	8470	8919	8920
1560	2744	814	8921	8922	8471
1458	1604	3227	4640	6863	8923
1557	817	2728	8529	8924	8925
1558	2729	818	8926	8927	8530
288	1585	2977	7572	8928	8929
437	2978	1586	8930	8931	7573
1598	2529	1051	8932	7893	5068
1549	788	2465	7663	8933	8934
1550	2466	789	8935	8936	7664
644	2784	1821	8937	8654	8938
1598	666	2529	3351	8939	8932
1590	2372	3113	8703	8940	8941
1591	3114	2373	8942	8943	8704
1596	2537	1047	8944	7810	5040
1597	1048	2538	5045	7815	8945
1596	668	2537	3333	8946	8944
1597	2538	669	8945	8947	3334
839	3140	1587	8948	5132	7793
1563	2337	579	7891	8949	8863
580	2338	1564	8950	7892	8866
894	2008	3124	8951	8952	8953
2009	895	3125	8954	8955	8956
570	1708	2489	3564	8957	8958
571	2490	1709	8959	8960	3565
1568	2261	978	8961	7014	8491
979	2262	1569	7017	8962	8493
1105	2489	1708	8963	8957	8964
1106	1709	2490	8965	8960	8966
2113	3042	2324	8967	8968	8706
2114	2325	3043	8707	8969	8970
654	2745	1750	4736	8971	8972
655	1751	2746	8973	8974	4737
1407	2012	3119	4316	8892	8437
1077	2459	1686	7564	8678	8172
1078	1687	2460	8177	8681	7565
1553	2469	787	8975	8976	7731
1551	990	2482	8105	8027	8977
1552	2483	991	8978	8028	8106
1373	1951	3096	5481	8979	5498
1372	3095	1950	5497	8980	5478
1557	1164	2759	3954	8981	8982
1558	2760	1165	8983	8984	3955
900	3096	1951	8985	8979	4719
899	1950	3095	4718	8980	8986
1551	2482	747	8977	8016	6156
1552	748	2483	6161	8019	8978
651	1749	2726	8987	8988	4759
650	2725	1748	4762	8989	8990
1416	1580	2982	4354	8991	5489
1415	2981	1579	5488	8992	4351
1554	1178	2811	3895	6934	8993
1555	2812	1179	8994	6935	3896
944	1657	2259	7963	8995	5547
945	2260	1658	5552	8996	7964
656	2739	1752	4768	8997	8998
657	1753	2740	8999	9000	4769
1112	2563	2149	9001	6437	9002
1113	2150	2564	9003	6440	9004
1411	3124	2008	8361	8952	4329
2009	3125	1412	8956	8362	4334
1726	2002	1099	9005	9006	6076
1727	1100	2003	6079	9007	9008
1559	1159	2741	3885	9009	9010
1560	2742	1160	9011	9012	3886
1504	2645	3234	8145	8414	9013
1503	3235	2646	9014	8415	8142
946	2254	1659	5665	9015	7989
1292	3182	1681	9016	9017	4007
1295	1680	3186	3999	9018	9019
1294	3185	1679	9020	9021	3994
1528	2778	2216	8431	9022	7928
1529	2217	2779	7933	9023	8432
1065	2276	1570	9024	9025	8736
1954	2491	3163	8558	9026	9027
1955	3164	2492	9028	9029	8560
782	2399	3108	9030	8798	9031
781	3107	2398	9032	8795	9033
1329	1956	3015	5263	4344	5948
1330	3016	1957	5951	4345	5265
1726	986	2002	9034	9035	9005
1727	2003	987	9008	9036	9037
747	3243	1928	9038	9039	6157
748	1929	3244	6160	9040	9041
1296	3173	1675	9042	9043	4000
1297	1678	3174	4005	9044	9045
1293	1682	3170	4011	9046	9047
1551	2730	2222	8910	9048	8103
1552	2223	2731	8108	9049	8911
1056	3238	1615	9050	9051	8197
310	1880	311	9052	9053	392
414	1881	415	9054	9055	496
1265	3141	3154	9056	5134	9057
1266	3155	3142	9058	5137	9059
1609	3208	1314	9060	9061	3827
1608	1313	3207	3824	9062	9063
1577	2279	1063	9064	9065	8756
1578	1064	2280	8759	9066	9067
1768	2090	2836	7627	9068	9069
1264	3153	3140	9070	5133	9071
725	2056	2378	9072	9073	8434
1182	2378	2056	9074	9073	9075
915	2709	1715	7211	4390	4801
1592	2388	3156	8708	9076	9077
1593	3157	2389	9078	9079	8709
1134	2140	2310	4646	8252	7375
916	1713	2702	4446	4411	7231
917	2704	1714	7236	4412	4447
1541	2749	2205	8587	9080	8068
1542	2206	2750	8073	9081	8588
903	2382	2056	9082	9083	7554
1232	2947	1796	9084	9085	4071
1231	1795	2946	4070	9086	9087
2082	2268	3104	8659	9088	9089
1182	2056	2382	9075	9083	9090
1770	2834	2089	9091	9092	7638
1771	2088	2835	7641	9093	9094
1135	2304	2141	7347	8277	4628
1136	2142	2305	4633	8280	7348
1250	2452	3011	4992	7643	6864
1251	3012	2453	6867	7644	4993
1818	3154	1497	9095	7499	4474
1498	3155	1819	7500	9096	4475
908	2057	2376	7548	9097	9098
909	2377	2058	9099	9100	7551
408	1615	2167	6097	5350	9101
1180	2376	2057	9102	9097	9103
1181	2058	2377	9104	9100	9105
1568	1229	3188	7569	9106	9107
1569	3189	1230	9108	9109	7566
434	1911	435	3726	9110	516
290	1912	291	9111	3727	372
947	1695	2054	9112	8091	9113
948	2055	1696	9114	8092	9115
723	2383	2057	8420	9116	9117
724	2058	2384	9118	9119	8421
1180	2057	2383	9103	9116	9120
1181	2384	2058	9121	9119	9104
2372	779	3113	9122	9123	8940
2373	3114	780	8943	9124	9125
1499	3153	1820	7516	9126	4481
774	1796	2947	6424	9085	8206
773	2946	1795	8205	9086	6421
1581	2316	986	9127	7488	7594
1582	987	2317	7597	7491	9128
229	1639	2994	9129	7712	9130
153	2995	1640	9131	7713	9132
14	1638	2998	9133	7700	9134
77	2999	1641	9135	7701	9136
166	3002	1642	9137	7703	9138
90	1643	3003	9139	7706	9140
1570	2394	584	7400	9141	8731
1500	2820	2269	6310	9142	8330
1501	2270	2821	8331	9143	6313
458	2504	459	9144	7365	540
266	2505	267	7368	9145	348
908	2550	1844	9146	9147	3641
909	1845	2551	3646	9148	9149
676	2269	2820	9150	9142	6192
677	2821	2270	6195	9143	9151
817	2263	2728	5859	9152	8924
818	2729	2264	8927	9153	5860
1608	2434	658	9154	6262	7822
1609	659	2435	7827	6265	9155
1488	2728	2263	9156	9152	9157
1489	2264	2729	9158	9153	9159
1750	1925	2905	7290	9160	9161
1751	2906	1926	9162	9163	7291
653	2473	1636	6790	9164	7859
652	1637	2472	7864	9165	6787
957	2149	1954	9166	9167	9168
1955	2150	958	9169	9170	9171
903	1838	2536	3627	9172	9173
884	2854	1774	7757	6505	4240
885	1775	2855	4238	6508	7758
1351	3242	2017	8833	9174	9175
2018	3241	1350	9176	8834	9177
150	2420	2558	9178	9179	9180
226	2559	2421	9181	9182	9183
169	2422	2556	9184	9185	9186
74	2423	2560	9187	9188	9189
93	2557	2424	9190	9191	9192
17	2561	2425	9193	9194	9195
988	2271	1586	8839	7574	9196
989	1585	2272	9197	7571	8838
581	2401	1577	9198	7405	8750
1578	2402	582	7408	9199	8753
420	1626	2427	8565	9200	9201
305	2426	1625	9202	9203	8562
477	1687	2157	7149	9204	9205
248	2158	1686	9206	9207	7146
881	1635	3261	8369	9208	9209
1240	2513	2000	6911	9210	4382
1241	2001	2514	4385	9211	6912
1194	3261	1635	5584	9208	6615
978	1686	2158	8179	9207	8492
979	2157	1687	8494	9204	8180
1347	2030	3231	9212	9213	8389
1346	3230	2031	8388	9214	9215
450	1983	451	9216	9217	532
274	1982	275	9218	9219	356
1577	1907	2279	6453	9220	9064
1578	2280	1908	9067	9221	6454
882	2852	1777	7779	6564	4253
883	1778	2853	4258	6567	7780
1348	3232	2026	5669	9222	9223
1349	2027	3233	9224	9225	5670
747	2860	3243	9226	9227	9038
748	3244	2861	9041	9228	9229
1717	2948	1157	8908	9230	8601
1718	1158	2949	8604	9231	8905
572	2474	1571	8842	7938	8324
1572	2475	573	7941	8843	8326
574	2478	1573	8816	8611	8306
575	1574	2479	8309	8614	8817
422	2307	423	8765	3847	504
302	2306	303	3850	8766	384
443	1952	444	9232	9233	525
281	1953	282	9234	9235	363
278	2152	279	4854	8645	360
446	2151	447	8648	4855	528
632	3199	1619	6889	6799	6468
624	1623	3200	6412	6814	6872
625	3201	1624	6875	6815	6413
714	2803	2783	9236	5631	9237
713	2782	2802	9238	5634	9239
307	2048	308	5767	8424	389
417	2049	418	8427	5764	499
1752	1930	2903	7396	9240	9241
1753	2904	1931	9242	9243	7397
949	1915	2751	9244	9245	7680
950	2752	1916	7682	9246	9247
1124	1924	2808	5191	9248	9249
1579	570	2489	8317	8958	8034
571	1580	2490	8319	8650	8959
1570	2276	1899	9025	9250	6466
1122	2806	1932	9251	9252	5172
988	1586	2322	9196	9253	7740
989	2323	1585	7744	9254	9197
1123	1933	2807	5175	9255	9256
825	3091	1976	9257	9258	3588
826	1977	3092	3591	9259	9260
957	1998	2149	9261	9262	9166
958	2150	1999	9170	9263	9264
1374	1976	3091	4356	9258	5837
1375	3092	1977	5840	9259	4357
1273	2225	2894	8044	9265	9266
1274	2895	2226	9267	9268	8045
896	1824	3196	9269	9270	9271
1717	949	2198	8608	8100	9272
950	1718	2199	8610	9273	8101
301	2548	1581	9274	9275	3561
424	1582	2547	3560	9276	9277
2343	3195	1328	6654	9278	5170
1239	2512	2006	6994	9279	4388
2007	2511	1238	9280	6997	4387
1271	1581	2548	9281	9275	9282
1272	2547	1582	9283	9276	9284
1494	2851	1906	7609	9285	6126
1493	1905	2850	6124	9286	7606
1271	3127	1581	9287	9288	9281
1272	1582	3128	9284	9289	9290
959	2147	1921	9291	9292	9293
960	1922	2148	9294	9295	9296
928	2745	2110	9297	8033	7781
1276	2893	2240	9298	9299	8088
1275	2239	2892	8087	9300	9301
783	3156	2388	9302	9076	9303
784	2389	3157	9304	9079	9305
961	2200	3011	9306	6865	9307
962	3012	2201	9308	6866	9309
896	2012	1824	8893	9310	9269
1749	2901	1918	9311	9312	7457
1748	1917	2900	7460	9313	9314
682	3006	2584	9315	9316	9317
894	3197	1827	9318	9319	9320
895	1828	3198	9321	9322	9323
961	2182	1946	9324	9325	9326
962	1947	2183	9327	9328	9329
1229	2991	1834	7568	8799	4139
1230	1835	2992	4142	8802	7567
956	1881	2646	9330	9331	8417
955	2645	1880	8412	9332	9333
894	1827	2008	9320	9334	8951
895	2009	1828	8954	9335	9321
926	2811	2103	9336	6933	9337
2104	2812	927	6936	9338	9339
749	3234	1895	9340	9341	6317
750	1896	3235	6321	9342	9343
1674	2137	832	9344	5869	6590
966	2137	1674	9345	9344	4025
1946	2486	3203	8716	9346	9347
1947	3204	2487	9348	9349	8717
715	2694	2699	9350	6390	9351
716	2700	2695	9352	6387	9353
1343	1636	3214	4187	9354	4691
1342	3213	1637	4690	9355	4184
829	2138	1672	5800	9356	6529
831	1673	2139	6530	9357	5801
964	1672	2138	4034	9356	9358
965	2139	1673	9359	9357	4035
679	2580	2984	9360	9361	9362
678	2983	2579	9363	9364	9365
933	2725	2118	9366	8074	7677
2117	2726	932	8075	9367	7676
1269	2244	2877	7723	9368	9369
1270	2876	2243	9370	9371	7724
1011	2671	1854	9372	9373	3355
1012	1855	2672	3360	9374	9375
1598	2392	823	5070	3817	9376
1599	824	2393	9377	3822	5065
1596	2400	821	5042	3811	9378
1597	822	2403	9379	3816	5043
1594	2406	819	5049	3772	9380
1595	820	2407	9381	3771	5050
1594	819	2416	9380	6254	3393
1595	2417	820	3396	6255	9381
1596	821	2410	9378	6202	3397
1597	2411	822	3400	6203	9379
465	1980	466	9382	4787	547
259	1981	260	4786	9383	341
1236	2176	3146	4416	5691	9384
1598	823	2414	9376	6214	3432
1599	2415	824	3431	6215	9377
627	1681	3209	4008	7728	9385
1421	3094	1616	9386	6558	4581
1422	1617	3093	4586	6557	9387
2334	1205	2346	9388	9389	8786
1206	2333	2347	9390	8789	9391
1016	1858	2682	3372	9392	9393
1423	3090	1618	9394	6535	4587
675	2837	2273	6974	9395	9396
1505	2273	2837	8396	9395	6292
1502	2847	1902	7927	9397	6180
929	2119	2746	7468	8215	9398
961	1978	2182	9399	9400	9324
962	2183	1979	9329	9401	9402
1002	1677	2629	3713	9403	7853
1001	2628	1676	7852	9404	3710
305	3100	306	8563	4094	387
419	3099	420	4097	8564	501
966	1761	2310	4026	9405	8251
2010	3076	597	9406	7265	9407
598	3077	2011	7270	9408	9409
999	2641	1670	7986	9410	3685
1000	1671	2642	3688	9411	7987
680	2917	2573	9412	9413	9414
681	2574	2918	9415	9416	9417
1053	2369	1610	9418	6801	8440
1054	1611	2370	8445	6802	9419
1681	3182	1776	9017	9420	7456
2340	1207	2344	9421	9422	8878
2339	2345	1208	8881	9423	9424
1244	2881	2132	9425	9426	7258
2133	2882	1245	9427	9428	7255
1767	3170	1682	9429	9046	7461
1680	1779	3186	7447	9430	9018
1679	3185	1780	9021	9431	7450
1203	2351	2331	9432	8889	9433
1204	2332	2350	9434	8886	9435
1042	1854	2671	9436	9373	9437
1043	2672	1855	9438	9374	9439
1058	2008	1827	9440	9334	9441
1059	1828	2009	9442	9335	9443
1675	3173	1772	9043	9444	7451
1678	1773	3174	7452	9445	9044
1055	1612	2374	8463	6823	9446
649	2352	1655	6464	9447	8093
648	1656	2353	8098	9448	6461
1691	2111	901	7653	7953	9449
902	2112	1692	7954	7654	9450
601	1998	3025	9451	9452	7350
602	3026	1999	7355	9453	9454
2569	2937	683	9455	9456	9457
964	2304	1762	8278	9458	4033
965	1763	2305	4036	9459	8279
1590	3113	1082	8941	9460	8719
1591	1083	3114	8722	9461	8942
711	2829	2813	9462	5622	9463
1238	2159	1775	9464	9465	4237
1239	1774	2160	4241	9466	9467
601	2205	2749	8334	9080	9468
602	2750	2206	9469	9081	8335
597	2216	2778	8383	9022	9470
598	2779	2217	9471	9023	8384
1057	1824	2012	9472	9310	9473
2010	2147	959	9474	9291	9475
960	2148	2011	9296	9476	9477
1143	3143	3177	9478	8697	9479
1921	2470	3205	8775	9480	9481
1922	3206	2471	9482	9483	8778
934	2739	2126	9484	8262	7389
935	2127	2740	7392	8263	9485
1502	3143	1817	8698	9486	6449
906	1697	2120	9487	7672	8137
907	2121	1698	8140	7673	9488
1592	3156	1080	9077	9489	8768
1593	1081	3157	8771	9490	9078
904	1706	2115	9491	7633	8254
905	2116	1707	8255	7634	9492
723	3249	1646	9493	9494	8418
724	1647	3250	8423	9495	9496
1041	2682	1858	9497	9392	9498
567	3027	1620	7127	9499	4955
568	1621	3028	4960	9500	7128
110	2332	1627	9501	9502	5893
186	1628	2331	5892	9503	9504
569	1622	3024	4963	9505	7197
1490	2813	2546	9506	9507	8058
725	1648	3258	8436	9508	9509
57	1629	2334	5906	9510	9511
34	2333	1630	9512	9513	5903
133	1633	2340	5911	9514	9515
209	2339	1634	9516	9517	5908
1116	1988	2416	6026	3394	6258
1117	2417	1989	6261	3395	6023
1600	3107	1084	8796	9518	8827
1085	3108	1601	9519	8797	8829
1197	2535	3072	9520	4201	9521
1198	3073	2534	9522	4202	9523
1038	1622	3120	8696	6071	9524
1199	2533	3074	9525	4210	9526
1200	3075	2532	9527	4211	9528
254	1756	2948	8161	9529	9530
471	2949	1757	9531	9532	8162
603	2259	1657	9533	8995	9534
604	1658	2260	9535	8996	9536
1201	3080	2527	9537	4217	9538
1202	2528	3081	9539	4220	9540
1602	2683	808	4824	3607	4623
1603	809	2684	4626	3610	4825
605	1659	2254	9541	9015	9542
1604	807	2696	4639	3580	4819
1099	1625	2426	6848	9203	6077
1100	2427	1626	6078	9200	6849
1119	2411	1987	6225	3399	5997
1118	1986	2410	5993	3398	6218
265	2106	2349	8500	9543	8296
460	2348	2105	8297	9544	8501
1423	2584	3006	9545	9316	9546
1557	2728	2024	8925	9547	6533
1558	2025	2729	6534	9548	8926
1493	3149	3147	9549	9550	7191
1494	3148	3150	7194	9551	9552
929	1734	2156	4046	5917	7394
1115	2148	2084	9553	9554	7175
1114	2083	2147	7174	9555	9556
1120	1984	2414	5969	3433	6228
1121	2415	1985	6231	3430	5970
1028	2989	1620	9557	5234	8686
1029	1621	2990	8691	5235	9558
705	2084	2148	7384	9554	9559
704	2147	2083	9560	9555	7381
947	2151	1695	8780	8647	9112
948	1696	2152	9115	8646	8781
928	2204	1733	7738	5901	4041
599	2222	2730	8409	9048	9561
600	2731	2223	9562	9049	8410
792	2153	2973	8349	9563	9564
793	2974	2154	9565	9566	8350
712	2716	2712	9567	6538	9568
934	2143	1742	7307	5823	4051
935	1743	2144	4056	5826	7310
242	1613	2589	6155	4667	9569
599	1978	3011	9570	9571	7642
600	3012	1979	7645	9572	9573
1422	2984	2580	9574	9361	9575
1421	2579	2983	9576	9364	9577
1554	2756	2034	8895	9578	6588
1555	2035	2757	6589	9579	8896
932	1741	2190	3989	5877	7629
933	2191	1740	7630	5878	3984
960	3077	2195	9580	7009	9581
959	2194	3076	9582	7008	9583
1157	2948	1756	9230	9529	6758
1158	1757	2949	6757	9532	9231
1615	3238	850	9051	9584	5349
1107	2665	2595	6350	5833	9585
1108	2596	2664	9586	5830	6347
750	3235	2933	9343	9587	9588
749	2932	3234	9589	9590	9340
842	1613	3058	4668	9591	9592
957	2196	3025	9593	7029	9594
958	3026	2197	9595	7030	9596
1616	2643	804	4778	3852	4582
805	2644	1617	3855	4781	4585
815	2293	2756	6898	9597	8894
816	2757	2294	8897	9598	6899
1477	2756	2293	9599	9597	9600
1478	2294	2757	9601	9598	9602
806	1618	2648	4588	4789	3764
1217	2546	2813	7925	9507	5621
1149	2934	1881	8089	9603	9604
1150	1880	2935	9605	9606	8090
639	2051	2816	5898	8226	9607
638	2817	2050	9608	8227	5895
797	2159	2500	9609	9610	7077
796	2501	2160	7082	9611	9612
1238	2500	2159	6996	9610	9464
1239	2160	2501	9467	9611	6995
2868	3196	1824	9613	9270	9614
1011	2484	2274	7000	9615	9616
1012	2275	2485	9617	9618	7001
1332	2274	2484	9619	9615	6905
1333	2485	2275	6908	9618	9620
1560	2014	2744	6594	9621	8921
1559	2743	2013	8920	9622	6593
284	2679	1632	9623	6552	3415
441	1631	2678	3416	6555	9624
1193	2606	1821	9625	9626	8653
1203	2967	2252	9627	6403	9628
1204	2253	2968	9629	6402	9630
756	2806	2091	9631	8726	7622
757	2092	2807	7625	8729	9632
688	1661	2525	9633	9634	9635
687	2524	1662	9636	9637	9638
1801	753	2769	9639	9640	6890
1802	2770	754	6893	9641	9642
1035	2525	1661	8065	9634	7718
1034	1662	2524	7717	9637	8062
1456	2573	2917	9643	9413	9644
1457	2918	2574	9645	9416	9646
827	3097	2045	9647	9648	9649
1376	2045	3097	6169	9648	5835
1206	2251	2975	9650	6435	9651
1205	2976	2250	9652	6432	9653
758	2095	2808	7659	8739	9654
1805	2773	755	6916	9655	9656
1208	2249	2979	9657	6460	9658
1207	2980	2248	9659	6457	9660
701	1824	2265	9661	9662	9663
1057	2265	1824	9664	9662	9472
2569	1458	2937	9665	9666	9455
702	2266	1827	9667	9668	9669
703	1828	2267	9670	9671	9672
1155	2996	2556	9673	6135	9674
1156	2557	2997	9675	6138	9676
1058	1827	2266	9441	9668	9677
1059	2267	1828	9678	9671	9442
1153	3000	2560	9679	6141	9680
1154	2561	3001	9681	6144	9682
1151	3004	2558	9683	6147	9684
1152	2559	3005	9685	6150	9686
813	2302	2743	6852	9687	8919
814	2744	2303	8922	9688	6853
1473	2743	2302	9689	9687	9690
1474	2303	2744	9691	9688	9692
229	2966	1639	9693	7691	9129
153	1640	2965	9132	7694	9694
14	2964	1638	9695	7695	9133
77	1641	2963	9136	7698	9696
166	1642	2961	9138	7708	9697
90	2962	1643	9698	7709	9139
661	2902	1806	8112	9699	9700
1016	2281	2488	9701	9702	7011
1331	2488	2281	6918	9702	9703
1827	3197	2869	9319	9704	9705
1828	2870	3198	9706	9707	9322
640	2814	2052	9708	8378	5981
641	2053	2815	5984	8381	9709
820	1627	2968	6257	9710	6401
819	2967	1628	6404	9711	6252
2376	2550	908	9712	9146	9098
2377	909	2551	9099	9149	9713
6	1909	2043	4803	7328	8566
9	2044	1910	8569	7327	4804
1479	2530	2782	7899	9714	9715
1480	2783	2531	9716	9717	7900
821	2976	1629	6433	9718	6200
822	1630	2975	6205	9719	6434
1334	1655	3161	7585	9720	9721
1335	3162	1656	9722	9723	7580
3	2042	1923	8371	7796	5055
1256	3200	3251	7215	6813	9724
1257	3252	3201	9725	6816	7218
823	2980	1633	6458	9726	6212
824	1634	2979	6217	9727	6459
1191	1815	2587	8662	9728	9729
1192	2588	1816	9730	9731	8663
662	1812	2923	9732	9733	8151
663	2924	1813	8154	9734	9735
1184	1635	2866	9736	9737	9738
709	2241	1759	9739	9740	9741
710	1760	2242	9742	9743	9744
1184	2712	1635	9745	6616	9736
708	1758	2224	9746	9747	9748
2382	903	2536	9082	9173	9749
1263	1808	2692	4089	9750	9751
1260	3260	3199	9752	6800	7220
1063	2279	1832	9065	9753	6362
1064	1833	2280	6367	9754	9066
149	150	2558	159	9180	9755
225	2559	226	9756	9181	235
73	74	2560	83	9189	9757
18	2561	17	9758	9193	27
169	2556	170	9186	9759	179
93	94	2557	103	9760	9190
702	1832	2279	9761	9753	9762
703	2280	1833	9763	9754	9764
894	3124	2300	8953	9765	9766
895	2301	3125	9767	9768	8955
1583	2300	3124	7753	9765	7513
1584	3125	2301	7514	9768	7754
896	2309	3119	9769	9770	8891
1587	3119	2309	7534	9770	7794
1065	1839	2276	6407	9771	9024
701	2276	1839	9772	9771	9773
314	2076	315	9774	9775	396
410	2077	411	9776	9777	492
256	1717	2198	7559	9272	9778
469	2199	1718	9779	9273	7556
697	2518	1676	9780	9781	9782
698	1677	2519	9783	9784	9785
695	2520	1670	9786	9787	9788
1671	2521	696	9789	9790	9791
1032	1676	2518	8083	9781	8298
1033	2519	1677	8301	9784	8084
1023	1670	2520	8040	9787	8052
1024	2521	1671	8055	9789	8041
1229	2059	3188	4134	9792	9106
1230	3189	2060	9109	9793	4137
224	2701	1848	9794	9795	8851
148	1849	2703	8854	9796	9797
19	2705	1850	9798	9799	8855
72	1851	2706	8858	9800	9801
171	1852	2707	8860	9802	9803
95	2708	1853	9804	9805	8861
1801	2718	753	9806	9807	9639
1802	754	2719	9642	9808	9809
1801	1138	2718	7769	9810	9806
1802	2719	1139	9809	9811	7770
1103	1699	2763	8820	8021	9812
1104	2764	1700	9813	8022	8821
611	2146	2886	8583	9814	9815
610	2885	2145	9816	9817	8580
970	1701	2245	7434	9818	5977
852	2442	1882	9819	9820	5594
1174	2802	2816	9821	9822	8225
1175	2817	2803	8228	9823	9824
858	1822	2408	4907	4773	3790
859	2409	1823	3793	4776	4908
971	2246	1702	5967	9825	7429
972	1703	2247	7432	9826	5962
1645	2816	2802	9827	9822	5828
1644	2803	2817	5827	9823	9828
1805	755	2717	9656	9829	9830
1805	2717	1137	9830	9831	7871
1215	2782	2530	5635	9714	8216
1216	2531	2783	8219	9717	5630
1101	1704	2761	8846	8005	9832
1102	2762	1705	9833	8006	8847
252	2257	253	7072	9834	334
472	2258	473	9835	7073	554
593	2894	2225	7453	9265	8485
594	2226	2895	8488	9268	7454
661	1806	2867	9700	8285	9836
708	2286	1758	9837	9838	9746
1008	1758	2286	9839	9838	9840
1144	2598	1913	9841	4817	5944
1145	1914	2599	5947	4816	9842
853	1877	2443	5597	9843	9844
854	2444	1878	9845	9846	5600
1105	1708	2765	8964	8001	9847
1106	2766	1709	9848	7998	8965
994	2674	1662	7647	9849	3781
995	1661	2675	3786	9850	7648
688	2675	1661	7996	9850	9633
687	1662	2674	9638	9849	7997
96	97	2571	106	7167	9851
172	2570	173	9852	7164	182
70	71	2568	80	9853	7160
21	2567	20	7159	9854	30
146	147	2566	156	9855	7152
222	2565	223	7151	9856	232
286	2507	1722	9857	9858	4551
439	1721	2506	4554	9859	9860
785	2082	2847	4380	9861	7926
1336	2847	2082	9862	9861	9863
709	1759	2287	9741	9864	9865
710	2288	1760	9866	9867	9742
1007	2287	1759	9868	9864	9869
1006	1760	2288	9870	9867	9871
591	2892	2239	7369	9300	8550
592	2240	2893	8553	9299	7370
861	2405	1826	3789	4652	5084
860	1825	2404	5083	4649	4091
603	1657	3029	9534	9872	9873
604	3030	1658	9874	9875	9535
1227	1649	2919	3529	6080	9876
1228	2920	1650	9877	6083	3532
1225	1651	2925	3523	6072	9878
1223	1653	2927	3515	6065	9879
1224	2928	1654	9880	6068	3518
1226	2926	1652	9881	6075	3526
969	2827	1791	6645	9882	3927
973	1786	2822	3964	9883	6648
974	2823	1787	6651	9884	3965
1252	1649	2858	6081	9885	6828
1253	2859	1650	6833	9886	6082
1148	2868	1839	9887	9888	8397
605	3035	1659	9889	9890	9541
1258	1651	2852	6073	6565	6792
1259	2853	1652	6797	6566	6074
1261	1653	2854	6066	6506	6777
1262	2855	1654	6776	6507	6067
1240	1777	2153	4254	4396	8676
1241	2154	1778	8677	4399	4257
1493	1795	3149	6422	9891	9549
1494	3150	1796	9552	9892	6423
408	2167	409	9101	9893	490
256	2198	257	9778	8274	338
468	2199	469	8275	9779	550
1146	1832	2869	8474	9894	9895
1147	2870	1833	9896	9897	8475
53	2355	1733	9898	9899	5036
38	1734	2354	5039	9900	9901
317	1807	3146	9902	9903	9904
662	2871	1812	9905	8257	9732
663	1813	2872	9735	8260	9906
129	2367	1742	9907	9908	4986
205	1743	2366	4989	9909	9910
2355	3144	1025	9911	7294	9912
2354	1026	3145	9913	7297	9914
595	2877	2244	7272	9368	8599
596	2243	2876	8598	9371	7271
2367	3136	1036	9915	7316	9916
2366	1037	3137	9917	7319	9918
464	2356	465	6493	9919	546
260	2357	261	9920	6494	342
660	2536	1838	9921	9172	4287
1143	1927	2454	6085	3831	9922
1183	2863	1660	9923	9924	9925
451	1983	3178	9217	9926	9927
274	3179	1982	9928	9929	9218
114	1741	2365	5015	9930	9931
190	2364	1740	9932	9933	5016
1320	2826	1764	9934	6351	4714
1324	1765	2824	4723	6327	9935
1325	2825	1766	9936	6328	4724
843	2454	1683	9937	3862	5158
2365	1040	3138	9938	7335	9939
2364	3139	1039	9940	7338	9941
226	2421	227	9183	6576	236
150	151	2420	160	6575	9178
16	17	2425	26	9195	6580
74	75	2423	84	6579	9187
168	2422	169	6583	9184	178
92	93	2424	102	9192	6584
1348	2973	2153	9942	9563	3480
1349	2154	2974	3485	9566	9943
695	1670	2641	9788	9410	8109
1671	696	2642	9791	8110	9411
1149	1881	3014	9604	9944	3419
1150	3013	1880	3418	9945	9605
1011	2274	2671	9616	9946	9372
1012	2672	2275	9375	9947	9617
794	2971	2763	9948	7136	8020
795	2764	2972	8023	7139	9949
1804	2511	692	9950	9951	5942
1803	691	2512	5941	9952	9953
792	2973	2761	9564	7110	8004
793	2762	2974	8007	7113	9565
1183	1660	2829	9925	5782	9954
863	2396	1829	4279	4401	5086
864	1830	2397	5089	4402	4280
796	2988	2765	9955	7066	8000
797	2766	2987	7999	7069	9956
733	2246	2953	9957	8810	9958
734	2954	2247	9959	8811	9960
1613	2710	3058	8784	9961	9591
732	2950	2245	9962	8813	9963
57	2334	56	9511	8785	66
34	35	2333	44	8790	9512
132	133	2340	142	9515	8877
208	2339	209	8882	9516	218
1016	2682	2281	9393	9964	9701
110	111	2332	120	8887	9501
186	2331	187	9504	8888	196
251	3032	252	8546	7363	333
473	3031	474	7364	8547	555
1362	1821	2606	5324	9626	9965
697	1676	2628	9782	9404	8013
698	2629	1677	8014	9403	9783
664	1844	2550	4275	9147	9966
665	2551	1845	9967	9148	4272
2063	2575	904	9968	9969	6063
2064	905	2576	6064	9970	9971
11	2710	241	9972	8783	322
2063	1183	2575	9973	9974	9968
2064	2576	1184	9971	9975	9976
1449	2526	2716	7537	9977	9978
605	1667	3035	6857	9979	9889
1124	3035	1667	9980	9979	7746
1367	2587	1815	9981	9728	5314
1368	1816	2588	5316	9731	9982
311	2645	312	9983	8144	393
413	2646	414	8143	9984	495
693	2513	1799	9985	9986	6002
1800	2514	694	9987	9988	6003
317	3146	318	9904	5690	399
153	154	2995	163	9989	9131
229	2994	230	9130	9990	239
165	3002	166	9991	9137	175
77	78	2999	87	9992	9135
90	3003	89	9140	9993	99
13	14	2998	23	9134	9994
977	2224	1758	6484	9747	4979
1079	3058	2710	9995	9961	9996
603	3029	1668	9873	9997	6876
604	1669	3030	6879	9998	9874
1135	1702	2908	4630	9999	10000
1136	2909	1703	10001	10002	4631
1134	2899	1701	10003	10004	4644
1122	1668	3029	7736	9997	10005
1123	3030	1669	10006	9998	7737
834	1663	2747	5010	5505	4365
1664	835	2748	5013	4364	5502
242	2589	243	9569	7281	324
685	1663	2785	4607	7092	10007
1664	684	2786	4604	10008	7093
1586	2978	3133	8931	10009	10010
1585	3134	2977	10011	10012	8928
1605	2694	2814	6502	10013	10014
1606	2815	2695	10015	10016	6499
1166	2814	2694	8379	10013	10017
1167	2695	2815	10018	10016	8380
975	1759	2241	4876	9740	6525
976	2242	1760	6528	9743	4871
253	2257	1756	9834	8744	8160
472	1757	2258	8163	8745	9835
1042	2671	2320	9437	10019	10020
1043	2321	2672	10021	10022	9438
654	1750	2905	8972	9161	8184
655	2906	1751	8187	9162	8973
2526	1194	2716	5585	6539	9977
6	127	2522	136	7476	4802
9	2523	203	4805	7477	212
1313	3178	1983	10023	9926	10024
1314	1982	3179	10025	9929	10026
1623	3197	2300	8683	10027	7994
1624	2301	3198	7995	10028	8684
275	2359	276	10029	6598	357
449	2358	450	6597	10030	531
425	2547	2468	10031	10032	10033
40	3	2526	50	5056	7536
300	2467	2548	10034	10035	10036
701	2265	1899	9663	10037	10038
651	2901	1749	8213	9311	8987
650	1748	2900	8990	9314	8210
1281	1899	2265	6618	10037	10039
2356	1334	3161	6804	9721	8541
2357	3162	1335	8540	9722	6805
443	442	2914	524	8292	10040
282	2915	283	10041	8293	364
656	1752	2903	8998	9241	8158
657	2904	1753	8157	9242	8999
288	2977	289	8929	10042	370
436	2978	437	10043	8930	518
674	3019	1683	10044	6477	3861
830	2664	1679	5114	5829	7449
828	1680	2665	7448	5834	5117
292	2165	293	7195	8520	374
432	2166	433	8521	7196	514
1726	2306	986	8767	7595	9034
1727	987	2307	9037	7596	8764
702	1907	2266	10045	10046	9667
2375	910	3202	10047	5873	10048
703	2267	1908	9672	10049	10050
1279	2266	1907	10051	10046	6703
1280	1908	2267	6706	10049	10052
2375	3202	1607	10048	7464	8149
1041	2312	2682	10053	10054	9497
1246	3133	2978	10055	10009	10056
1247	2977	3134	10057	10012	10058
794	2132	2881	4696	9426	10059
2133	795	2882	4697	10060	9427
477	2157	478	9205	8483	559
247	2158	248	8482	9206	329
409	2167	2970	9893	10061	10062
483	1790	3195	10063	10064	10065
310	2935	1880	10066	9606	9052
415	1881	2934	9055	9603	10067
701	1839	2868	9773	9888	10068
702	2869	1832	10069	9894	9761
703	1833	2870	9764	9897	10070
1007	1759	2278	9869	5007	5638
1006	2277	1760	5637	5004	9870
1365	1837	2748	5401	5503	4363
1366	2747	1836	4366	5504	5396
1619	2309	3196	8002	10071	8710
1684	3175	1070	10072	10073	4997
1685	1071	3176	5000	10074	10075
975	1810	2207	6526	8651	7604
976	2208	1811	7605	8652	6527
977	2209	1809	7576	8658	6483
1008	2282	1758	5714	5090	9839
1371	1831	2993	5508	7897	3592
978	3109	1990	7801	10076	8178
979	1991	3110	8181	10077	7802
675	2268	1769	10078	8343	6973
1439	2523	2700	7478	10079	10080
1438	2699	2522	10081	10082	7475
1110	2182	1978	8077	9400	10083
1111	1979	2183	10084	9401	8078
435	1911	2857	9110	6379	10085
290	2856	1912	10086	6376	9111
1025	1733	2355	4048	9899	9912
1026	2354	1734	9913	9900	4049
1151	2558	2420	9684	9179	10087
1155	2556	2422	9674	9185	10088
1152	2421	2559	10089	9182	9685
1156	2424	2557	10090	9191	9675
1153	2560	2423	9680	9188	10091
1154	2425	2561	10092	9194	9681
827	1879	3097	10093	10094	9647
1193	2784	2755	8655	7020	10095
1465	3097	1879	5836	10094	4953
610	3230	2885	10096	8387	9816
611	2886	3231	9815	8390	10097
1952	3218	2775	10098	10099	10100
1953	2774	3217	10101	10102	10103
899	2818	2188	10104	10105	4590
900	2189	2819	4593	10106	10107
1326	2850	1905	10108	9286	5138
1327	1906	2851	5142	9285	10109
787	2469	1820	8976	6744	4433
1363	2188	2818	5973	10105	5776
1364	2819	2189	5781	10106	5974
1195	2522	2699	5710	10082	6389
1196	2700	2523	6388	10079	5711
911	2292	3210	10110	10111	6109
1567	3210	2292	5666	10111	8024
1818	2465	788	6723	8933	4438
789	2466	1819	8936	6724	4440
317	2693	1807	10112	3408	9902
420	2427	421	9201	3729	502
304	2426	305	3734	9202	386
676	1754	2324	6193	7313	10113
677	2325	1755	10114	7314	6194
1039	1740	2364	3991	9933	9941
1040	2365	1741	9938	9930	3992
1037	2366	1743	9917	9909	4059
1036	1742	2367	4058	9908	9916
1684	672	3175	4829	10115	10072
1685	3176	673	10075	10116	4830
444	1952	2775	9233	10100	10117
281	2774	1953	10118	10101	9234
1803	2512	1075	9953	8321	8358
1804	1076	2511	8359	8322	9950
1005	2368	1879	10119	8015	10120
704	1921	2147	10121	9292	9560
705	2148	1922	9559	9295	10122
482	2545	2931	10123	10124	10125
1191	2767	2780	10126	7054	8660
1192	2781	2768	8665	7057	10127
1072	1799	2513	8337	9986	8198
1073	2514	1800	8201	9987	8338
828	1762	2304	5545	9458	7176
1763	830	2305	5546	7181	9459
833	2310	1761	7214	9405	5544
1691	901	2636	9449	8577	7562
902	1692	2637	9450	7561	8578
9	192	2531	202	7901	8568
6	2530	116	8567	7898	126
2113	773	2850	4888	7607	10128
2114	2851	774	10129	7608	4889
1164	3158	2759	10130	6978	8981
1165	2760	3159	8984	6981	10131
2115	2225	1023	8486	8038	8248
2116	1024	2226	8249	8043	8487
2113	2850	1326	10128	10108	10132
2114	1327	2851	10133	10109	10129
904	2575	1706	9969	7855	9491
905	1707	2576	9492	7858	9970
1079	2549	1783	4464	10134	10135
906	2615	1697	8355	7401	9487
907	1698	2616	9488	7404	8356
686	1783	2549	6191	10134	10136
644	1688	2784	6692	7076	8937
1688	1222	2773	6694	10137	6915
1098	1693	2785	4617	10138	7091
1097	2786	1694	7094	10139	4613
642	2780	1689	8917	7083	7956
1690	2781	643	7084	8918	7958
1689	2769	1220	6891	10140	7960
1690	1221	2770	7967	10141	6892
1032	2120	2239	8134	8551	8081
1033	2240	2121	8086	8552	8135
685	2785	1693	10007	10138	4149
684	1694	2786	4154	10139	10008
51	2546	3	8059	8370	60
699	1954	2149	10142	9167	6436
1955	700	2150	10143	6441	9169
911	2060	2292	4138	10144	10110
285	2507	286	3264	9857	367
439	2506	440	9860	3265	521
1144	3147	3149	10145	9550	10146
1145	3150	3148	10147	9551	10148
1370	2292	2060	5867	10144	6050
130	2367	129	10149	9907	139
205	2366	206	9910	10150	215
2112	1035	2243	7944	7720	8597
2111	2244	1034	8600	7715	7943
53	54	2355	63	10151	9898
37	38	2354	47	9901	10152
686	2549	1716	10136	6520	6162
1095	2506	1721	5466	9859	8871
1096	1722	2507	8876	9858	5467
113	114	2365	123	9931	10153
189	2364	190	10154	9932	199
1003	1976	2360	3584	6975	10155
1004	2361	1977	10156	6976	3585
312	2721	313	8342	10157	394
412	2720	413	10158	8339	494
481	2545	482	10159	10123	563
1336	1902	2847	5308	9397	9862
984	1963	2214	6019	8495	7479
985	2215	1964	7480	8496	6020
986	3056	2002	7903	10160	9035
987	2003	3057	9036	10161	7904
483	3195	484	10065	6653	565
840	3015	1693	3948	4343	4620
841	1694	3016	4618	4346	3950
316	2693	317	10162	10112	398
982	2213	1966	7473	8512	5994
983	1965	2212	5991	8513	7474
980	1967	2210	5958	8515	7466
981	2211	1968	7465	8514	5959
988	3033	2004	8115	10163	8883
989	2005	3034	8884	10164	8116
448	2738	449	8030	6595	530
276	2737	277	6600	8031	358
1313	1983	3207	10024	10165	9062
1314	3208	1982	9061	10166	10025
951	3207	1983	10167	10165	8699
952	1982	3208	8702	10166	10168
706	1946	2182	3576	9325	5537
707	2183	1947	5542	9328	3577
1134	1776	2899	7376	10169	10003
732	2899	1776	10170	10169	10171
1343	2970	2167	5147	10061	4123
670	1988	2622	3326	10172	5410
671	2623	1989	5413	10173	3328
1135	2908	1779	10000	10174	7346
667	2614	1985	5395	10175	3352
1136	1780	2909	7349	10176	10001
733	1779	2908	10177	10174	10178
734	2909	1780	10179	10176	10180
321	2289	12	8057	10181	403
750	2933	2284	9588	10182	7356
749	2283	2932	7360	10183	9589
719	2432	1875	10184	10185	4111
720	1876	2433	4114	10186	10187
1084	1875	2432	6836	10185	10188
1085	2433	1876	10189	10186	6837
243	2689	244	7484	10190	325
463	2681	464	10191	6491	545
261	2680	262	6496	10192	343
1245	2886	2146	10193	9814	10194
1244	2145	2885	10195	9817	10196
717	2428	1885	10197	10198	4074
718	1886	2429	4078	10199	10200
1082	1885	2428	6764	10198	10201
1083	2429	1886	10202	10199	6765
1105	2109	2489	10203	8035	8963
747	2298	2860	7882	10204	9226
748	2861	2299	9229	10205	7885
1112	2149	1998	9002	9262	10206
1113	1999	2150	10207	9263	9003
585	2177	2282	6861	5091	5734
2010	1114	2147	10208	9556	9474
1115	2011	2148	10209	9476	9553
1272	2468	2547	3550	10032	9283
1271	2548	2467	9282	10035	3545
844	1719	2598	4249	4818	10210
845	2599	1720	10211	4815	4251
1648	2495	3260	5821	10212	10213
839	3260	2495	6717	10212	10214
426	425	2468	507	10033	10215
299	2467	300	10216	10034	381
1646	3251	2496	10217	10218	5728
1647	2497	3252	5731	10219	10220
837	2496	3251	10221	10218	6736
838	3252	2497	6742	10219	10222
1354	2612	2428	10223	10224	10225
1355	2429	2613	10226	10227	10228
1082	2428	2612	10201	10224	8720
1083	2613	2429	8721	10227	10202
758	2808	1924	9654	9248	8118
1101	2107	2474	10229	7939	8845
1102	2475	2108	8848	7940	10230
587	2278	2172	5646	5006	6854
588	2173	2277	6855	5005	5645
37	3145	36	10231	7879	46
55	3144	54	7878	10232	64
756	1932	2806	8126	9252	9631
757	2807	1933	9632	9255	8127
1358	2619	2432	10233	10234	10235
1359	2433	2620	10236	10237	10238
1084	2432	2619	10188	10234	8828
1085	2620	2433	8830	10237	10189
1723	2604	901	7789	10239	7952
1724	902	2605	7955	10240	7790
897	2921	2161	10241	10242	4442
898	2162	2922	4445	10243	10244
1356	2610	2438	10245	10246	10247
1357	2439	2611	10248	10249	10250
1080	2438	2610	10251	10246	8769
1081	2611	2439	8770	10249	10252
1353	2161	2921	5885	10242	5450
1352	2922	2162	5449	10243	5886
721	2438	1892	10253	10254	4189
722	1893	2439	4192	10255	10256
1080	1892	2438	6514	10254	10251
1081	2439	1893	10252	10255	6515
188	3139	189	7907	10257	198
112	113	3138	122	10258	7908
207	206	3137	216	10259	7920
130	131	3136	140	7923	10260
701	1899	2276	10038	9250	9772
702	2279	1907	9762	9220	10045
703	1908	2280	10050	9221	9763
1407	3024	2075	8438	10261	6314
2062	2712	1184	10262	9745	10263
2062	712	2712	10264	9568	10262
1281	2265	2621	10039	10265	10266
906	1737	2585	8138	7729	10267
1057	2621	2265	10268	10265	9664
907	2586	1738	10269	7730	8139
1279	2617	2266	10270	10271	10051
1280	2267	2618	10052	10272	10273
1058	2266	2617	9677	10271	10274
1059	2618	2267	10275	10272	9678
1719	3175	672	10276	10115	4468
1720	673	3176	4467	10116	10277
2219	1088	2696	10278	6108	3614
949	2563	1915	10279	10280	9244
950	1916	2564	9247	10281	10282
1112	1915	2563	6118	10280	9001
1113	2564	1916	9004	10281	6121
825	1961	3091	10283	10284	9257
826	3092	1962	9260	10285	10286
1463	3091	1961	5838	10284	4982
1464	1962	3092	4985	10285	5839
1086	2227	2683	10287	3657	6184
1087	2684	2228	6187	3660	10288
1411	2073	3027	6344	10289	8360
1412	3028	2074	8363	10290	6345
668	1986	2577	3332	10291	5193
669	2578	1987	5196	10292	3335
666	1984	2572	3350	10293	5177
852	1792	2442	5260	8008	9819
853	2443	1793	9844	7983	5228
854	1794	2444	5233	7984	9845
836	2993	1716	3595	7896	4477
1563	2722	2057	8805	10294	7547
1564	2058	2723	7552	10295	8806
1166	2694	2078	10017	10296	10297
1167	2079	2695	10298	10299	10018
1488	2263	3117	9157	10300	7828
1489	3118	2264	7833	10301	9158
715	2078	2694	10302	10296	9350
716	2695	2079	9353	10299	10303
1185	2313	2295	8223	10304	10305
1013	2295	2313	6101	10304	10306
1186	2296	2318	10307	10308	8235
1187	2319	2297	8238	10309	10310
1014	2318	2296	10311	10308	6031
1015	2297	2319	6030	10309	10312
1042	2314	3228	10313	6869	10314
1043	3229	2315	10315	6870	10316
1719	1070	3175	4244	10073	10276
1720	3176	1071	10277	10074	4247
463	1735	2681	7027	10317	10191
262	2680	1736	10192	10318	7024
613	2464	2621	5775	10319	10320
1041	3227	2311	10321	6862	10322
616	2617	2461	10323	10324	5769
617	2462	2618	5770	10325	10326
693	2838	2040	7610	10327	7086
694	2041	2839	7089	10328	7611
956	3014	1881	10329	9944	9330
955	1880	3013	9333	9945	10330
689	2842	2036	7636	10331	7032
690	2037	2843	7035	10332	7637
692	2039	2841	7123	10333	7578
691	2840	2038	7579	10334	7120
1556	2056	2724	7555	10335	8772
2219	661	2867	7362	9836	10336
738	2189	3128	5975	10337	10338
737	3127	2188	10339	10340	5972
910	2375	2059	10047	10341	4133
35	36	2347	45	7913	8788
55	56	2346	65	8787	7910
1369	2059	2375	6049	10341	5784
1007	1869	2287	3406	6015	9868
1006	2288	1868	9871	6012	3401
1474	3047	2303	7687	10342	9691
1473	2302	3046	9690	10343	7688
768	2369	1887	5500	10344	6678
769	1888	2370	6679	10345	5501
1053	1887	2369	10346	10344	9418
1054	2370	1888	9419	10345	10347
1027	1882	2442	6639	9820	4813
1852	3080	2707	10348	10349	9802
1853	2708	3081	9805	10350	10351
1851	3075	2706	10352	10353	9800
1850	2705	3074	9799	10354	10355
1849	3073	2703	10356	10357	9796
1848	2701	3072	9795	10358	10359
1008	2286	1874	9840	6087	3427
187	2351	188	8890	7934	197
111	112	2350	121	7937	8885
710	2297	2288	10360	6029	9866
709	2287	2296	9865	6032	10361
618	2612	2470	8713	10362	3890
619	2471	2613	3891	10363	8714
1354	2470	2612	10364	10362	10223
1355	2613	2471	10228	10363	10365
1030	2443	1877	4807	9843	6672
1031	1878	2444	6673	9846	4808
207	2345	208	7949	8880	217
131	132	2344	141	8879	7946
674	1814	3019	7374	10366	10044
797	2987	2159	9956	10367	9609
796	2160	2988	9612	10368	9955
1350	2159	2987	10369	10367	10370
1351	2988	2160	10371	10368	10372
1285	1725	3245	4290	8224	10373
708	2295	2286	10374	6100	9837
770	1894	2374	6634	10375	5536
1055	2374	1894	9446	10375	10376
1360	2860	2298	10377	10204	5952
1361	2299	2861	5955	10205	10378
848	3239	1735	7589	10379	3678
849	1736	3240	3683	10380	7586
1318	2419	1822	5352	8748	4906
1319	1823	2418	4909	8749	5353
12	2289	2692	10181	10381	10382
315	2076	2969	9775	5145	10383
410	2970	2077	10384	5146	9776
1159	3007	2741	10385	6886	9009
1160	2742	3008	9012	6883	10386
314	3010	2076	10387	5305	9774
411	2077	3009	9777	5304	10388
1288	3246	1728	10389	8287	4295
1289	1729	3247	4298	8288	10390
1477	2293	3083	9600	10391	7761
1478	3082	2294	7766	10392	9601
1341	1826	2436	5085	8674	5659
1340	2437	1825	5658	8675	5082
1106	2490	2128	8966	8649	10393
933	1748	2725	3986	8989	9366
932	2726	1749	9367	8988	3987
1155	2422	2955	10088	10394	10395
1156	2956	2424	10396	10397	10090
1153	2423	2954	10091	10398	10399
1154	2953	2425	10400	10401	10092
165	1730	3002	7539	8188	9991
89	3003	1731	9993	8191	7540
1151	2420	2950	10087	10402	10403
13	2998	1730	9994	8192	7542
78	1731	2999	7543	8193	9992
230	2994	1732	9990	8195	7544
154	1732	2995	7546	8196	9989
620	2619	2486	8824	10404	3900
621	2487	2620	3901	10405	8825
660	2235	2536	7371	10406	9921
1358	2486	2619	10407	10404	10233
1359	2620	2487	10238	10405	10408
622	2610	2491	8761	10409	3969
623	2492	2611	3971	10410	8762
1356	2491	2610	10411	10409	10245
1357	2611	2492	10250	10410	10412
1152	2951	2421	10413	10414	10089
662	2227	2871	7419	10415	9905
663	2872	2228	9906	10416	7420
1392	2758	1924	6773	10417	5190
704	3007	1921	10418	10419	10121
705	1922	3008	10122	10420	10421
1159	1921	3007	8776	10419	10385
1160	3008	1922	10386	10420	8777
1391	2931	2545	10422	10124	8003
1103	2124	2478	10423	8612	8819
1104	2479	2125	8822	8613	10424
934	1752	2739	4053	8997	9484
935	2740	1753	9485	9000	4054
1284	3248	1739	10425	8289	4305
928	1750	2745	4043	8971	9297
929	2746	1751	9398	8974	4044
1344	2284	2933	5694	10182	10426
1345	2932	2283	10427	10183	5695
1389	1932	2753	5173	10428	6718
1390	2754	1933	6721	10429	5174
2631	761	2736	10430	5783	10431
1286	3256	1744	10432	8344	4307
1287	1745	3257	4310	8345	10433
2632	2734	759	10434	5772	10435
2633	760	2735	10436	5773	10437
1346	2031	2797	9215	10438	10439
1347	2798	2030	10440	10441	9212
800	2797	2031	10442	10438	10443
801	2030	2798	10444	10441	10445
1348	2026	2793	9223	10446	10447
1349	2794	2027	10448	10449	9224
798	2793	2026	10450	10446	10451
799	2027	2794	10452	10449	10453
1142	2907	2607	10454	7051	10455
1140	1786	2608	10456	4360	10457
1141	2609	1787	10458	4361	10459
2018	1350	2789	9177	10460	10461
1351	2017	2788	9175	10462	10463
2018	2789	803	10461	10464	10465
802	2788	2017	10466	10462	10467
1142	2607	1791	10455	4327	10468
922	2804	1840	10469	7155	10470
923	1841	2805	10471	7154	10472
1140	2608	2896	10457	7037	10473
2609	1141	2897	10458	10474	7040
1074	2235	2648	10475	3972	5900
689	2810	1797	8246	10476	6041
690	1798	2809	6042	10477	8243
627	3209	2597	9385	10478	7978
1069	2255	2643	10479	4165	5937
1068	2644	2256	5938	4168	10480
947	2634	1928	10481	10482	10483
948	1929	2635	10484	10485	10486
730	2162	3134	5887	10487	10488
729	3133	2161	10489	10490	5884
1110	1928	2634	6164	10482	8076
1111	2635	1929	8079	10485	6167
920	2790	1842	10491	7246	10492
921	1843	2791	10493	7247	10494
918	2771	1846	10495	7283	10496
919	1847	2772	10497	7284	10498
827	3216	1879	8407	10499	10093
665	2255	2551	7462	10500	9967
664	2550	2256	9966	10501	7463
1281	2621	2464	10266	10319	10502
406	2450	407	10503	7511	488
1279	2461	2617	10504	10324	10270
1280	2618	2462	10273	10325	10505
1338	1829	2502	5087	8746	5640
1339	2503	1830	5643	8747	5088
1263	2692	2289	9751	10381	10506
739	3188	2059	10507	9792	6048
740	2060	3189	6051	9793	10508
249	2459	250	8679	6819	331
475	2460	476	6818	8680	557
1659	3035	2808	9890	10509	8738
1124	2808	3035	9249	10509	9980
11	2343	2710	6900	10510	9972
1657	2806	3029	8727	10511	9872
1658	3030	2807	9875	10512	8728
1122	3029	2806	10005	10511	9251
1123	2807	3030	9256	10512	10006
606	3151	1774	10513	10514	5029
607	1775	3152	5032	10515	10516
844	3149	1795	10517	9891	4069
845	1796	3150	4072	9892	10518
842	3058	1783	9592	10519	3440
1377	2950	2420	8814	10402	6574
1379	2954	2423	8812	10398	6578
1380	2425	2953	6581	10401	8809
1381	2955	2422	10520	10394	6582
1382	2424	2956	6585	10397	10521
1038	3259	1821	10522	10523	5323
454	2480	455	4798	5743	536
270	2481	271	5742	4799	352
850	3238	1814	9584	10524	5033
1378	2421	2951	6577	10414	10525
1066	1797	2810	8272	10476	8456
1067	2809	1798	8455	10477	8273
678	1868	2983	3922	10526	9363
679	2984	1869	9362	10527	3923
861	2562	1864	8669	10528	3622
682	1874	3006	3926	10529	9315
858	1859	2552	3618	10530	8670
859	2553	1860	8673	10531	3619
483	2931	1790	10532	10533	10063
1453	1883	3048	6626	10534	10535
1454	3050	1884	10536	10537	6627
1461	2887	1856	7776	10538	6356
1462	1857	2888	6360	10539	7777
1310	2218	2836	10540	10541	10542
2220	1312	2834	10543	10544	10545
2221	2835	1311	10546	10547	10548
2220	2834	743	10545	10549	8366
741	2836	2218	10550	10541	8352
2221	744	2835	8365	10551	10546
1455	1897	3061	6677	10552	10553
481	1835	2545	8242	6743	10159
1466	1865	2916	6342	10554	7806
1768	2836	741	9069	10550	5098
743	2834	1770	10549	9091	5102
1771	2835	744	9094	10551	5100
860	1898	2828	4093	10555	8121
1128	2828	1898	10556	10555	10557
283	2679	284	8295	9623	365
441	2678	442	9624	8290	523
404	2692	1808	10558	9750	5656
1387	2631	2736	10559	10431	5529
1385	2734	2632	5523	10434	10560
1386	2633	2735	10561	10437	5524
680	1854	2917	3758	10562	9412
681	2918	1855	9417	10563	3759
683	2937	1858	9456	10564	3761
1332	2767	2929	10565	10566	10567
1333	2930	2768	10568	10569	10570
735	2822	1786	10571	9883	10572
736	1787	2823	10573	9884	10574
1536	2405	3215	4374	10575	7189
1211	3215	2405	10576	10575	3788
1183	2829	2061	9954	10577	10578
731	1791	2827	10579	9882	10580
922	1942	2804	5299	10581	10469
923	2805	1943	10472	10582	5302
711	2061	2829	10583	10577	9462
457	1972	3102	8507	10584	10585
268	3101	1971	10586	10587	8506
1060	2381	1992	10588	10589	5494
1231	3102	1972	10590	10584	3800
1232	1971	3101	3803	10587	10591
612	1992	2381	8221	10589	10592
1142	3172	1767	10593	10594	5924
1269	2600	2372	10595	10596	4194
1270	2373	2601	4197	10597	10598
2372	2600	779	10596	3278	9122
2373	780	2601	9125	3283	10597
225	1848	2559	8852	6151	9756
149	2558	1849	9755	6146	8853
18	1850	2561	8856	6145	9758
73	2560	1851	9757	6140	8857
170	2556	1852	9759	6134	8859
94	1853	2557	8862	6139	9760
424	2547	425	9277	10031	506
300	2548	301	10036	9274	382
465	2356	1980	9919	8743	9382
260	1981	2357	9383	8742	9920
1061	1993	2385	5462	10599	10600
1062	2386	1994	10601	10602	5463
614	2385	1993	10603	10599	8231
615	1994	2386	8234	10602	10604
450	2358	1983	10030	8700	9216
275	1982	2359	9219	8701	10029
918	1944	2771	5367	10605	10495
919	2772	1945	10498	10606	5369
863	2830	1900	8010	10607	4277
864	1901	2831	4282	10608	8011
1140	1772	3167	5881	10609	10610
1125	1900	2830	10611	10607	10612
1126	2831	1901	10613	10608	10614
1141	3168	1773	10615	10616	5882
1174	2081	2802	10617	10618	9821
1175	2803	2080	9824	10619	10620
1131	2552	1859	10621	10530	10622
1132	1860	2553	10623	10531	10624
920	1948	2790	5379	10625	10491
921	2791	1949	10494	10626	5380
713	2802	2081	9239	10618	10627
714	2080	2803	10628	10619	9236
430	2554	431	10629	4896	512
294	2555	295	4895	10630	376
998	2451	2176	8080	7200	4471
1537	3225	2408	7331	10631	4427
1538	2409	3226	4432	10632	7332
745	2824	1793	10633	6326	4792
746	1794	2825	4795	6329	10634
1209	2408	3225	3791	10631	10635
1210	3226	2409	10636	10632	3792
742	1792	2826	4785	6352	10637
732	1776	3182	10171	9420	10638
1133	1864	2562	10639	10528	10640
733	3186	1779	10641	9430	10177
660	3221	1942	8574	10642	5294
661	1943	3222	5297	10643	8575
734	1780	3185	10180	9431	10644
1273	2602	2388	10645	10646	4143
1274	2389	2603	4146	10647	10648
783	2388	2602	9303	10646	3337
784	2603	2389	3342	10647	9304
1391	1790	2931	5418	10533	10422
299	1950	2467	8504	4717	10216
426	2468	1951	10215	4720	8505
1079	1783	3058	10135	10519	9995
1275	2593	2398	10649	10650	4118
1276	2399	2594	4121	10651	10652
781	2398	2593	9033	10650	3309
782	2594	2399	3314	10651	9030
1025	3070	1925	7839	10653	7289
1026	1926	3071	7292	10654	7840
1140	3167	1786	10610	10655	10456
1141	1787	3168	10459	10656	10615
735	1786	3167	10572	10655	10657
736	3168	1787	10658	10656	10573
636	2863	2063	10659	10660	6044
662	3219	1944	8605	10661	5362
663	1945	3220	5366	10662	8606
665	3211	1948	8544	10663	5372
664	1949	3212	5377	10664	8545
2379	1180	2385	10665	10666	10667
2380	2386	1181	10668	10669	10670
2381	1182	2387	10671	10672	10673
2379	2385	614	10667	10603	5890
2380	615	2386	5889	10604	10668
1039	3052	1917	7848	10674	7459
1040	1918	3053	7458	10675	7849
2381	2387	612	10673	5907	10592
1142	1791	3172	10468	10676	10593
731	3172	1791	10677	10676	10579
1328	3195	1790	9278	10064	4749
1036	3066	1930	7866	10678	7395
1037	1931	3067	7398	10679	7867
2064	2866	637	10680	10681	6047
980	2572	1984	10682	10293	5956
1188	2312	2311	10683	10684	8166
1041	2311	2312	10322	10684	10053
1028	1961	2989	4226	10685	9557
1029	2990	1962	9558	10686	4227
983	2577	1986	10687	10291	5989
982	1987	2578	5996	10292	10688
1189	2314	2320	8182	10689	10690
1190	2321	2315	10691	10692	8183
1042	2320	2314	10020	10689	10313
1043	2315	2321	10316	10692	10021
1331	2878	2755	10693	10694	10695
452	3178	1959	10696	10697	8060
273	1960	3179	8061	10698	10699
1959	3178	1313	10697	10023	4758
1314	3179	1960	10026	10698	4755
2383	2385	1180	10700	10666	9120
2384	1181	2386	9121	10669	10701
2383	1061	2385	8428	10600	10700
2384	2386	1062	10701	10601	8429
244	2689	1834	10190	6782	8239
2063	2863	1183	10660	9923	9973
2134	2722	1053	10702	8804	8442
2135	1054	2723	8443	8807	10703
2378	1182	2381	9074	10671	10704
2378	2381	1060	10704	10588	8439
2136	1055	2724	8461	8773	10705
843	1817	3143	4422	9486	10706
761	2631	1973	10430	10707	5278
759	1974	2632	5268	10708	10435
760	2633	1975	10436	10709	5271
1117	1964	2686	6024	10710	7506
1116	2685	1963	7505	10711	6025
2064	1184	2866	9976	9738	10680
1118	2688	1965	7526	10712	5992
1119	1966	2687	5998	10713	7525
108	2686	1964	10714	10710	7379
184	1963	2685	7378	10711	10715
59	1965	2688	7418	10712	10716
1120	2691	1967	7528	10717	5968
1121	1968	2690	5971	10718	7527
32	2687	1966	10719	10713	7415
135	1967	2691	7424	10717	10720
211	2690	1968	10721	10718	7421
2067	1227	2406	4221	3910	5454
2068	2407	1228	5455	3907	4224
1028	2073	3049	8688	10722	5932
1029	3051	2074	5935	10723	8689
1127	1806	2902	10724	9699	10725
1166	2078	2636	10297	7563	7221
1167	2637	2079	7226	7560	10298
1225	2400	2069	4038	5424	4213
1226	2070	2403	4216	5425	4039
1038	3040	2075	5858	10726	8694
185	184	2685	194	10715	6635
108	109	2686	118	6638	10714
1223	2392	2071	4082	5485	4205
1224	2072	2393	4208	5482	4083
33	2687	32	6686	10719	42
59	2688	58	10716	6687	68
1051	2017	3242	10727	9174	10728
2018	1052	3241	10729	10730	9176
210	2690	211	6700	10721	220
134	135	2691	144	10720	6701
12	2692	404	10382	10558	485
613	2621	1995	10320	10731	8164
1455	3061	3169	10553	10732	7914
1129	2923	1812	10733	9733	10734
1130	1813	2924	10735	9734	10736
1801	889	3129	5441	10737	7767
1802	3130	890	7772	10738	5445
616	1996	2617	8169	10739	10323
617	2618	1997	10326	10740	8170
1038	3120	2045	9524	10741	10742
223	2701	224	10743	9794	233
147	148	2703	157	9797	10744
936	2884	1872	10745	6785	10746
937	1873	2883	10747	6786	10748
940	2912	1870	10749	6674	10750
941	1871	2913	10751	6675	10752
19	20	2705	29	10753	9798
72	2706	71	9801	10754	81
938	2910	1866	10755	6572	10756
1131	3086	2015	10757	10758	7616
1132	2016	3087	7621	10759	10760
1867	2911	939	6573	10761	10762
171	2707	172	9803	10763	181
95	96	2708	105	10764	9804
1805	3126	888	7873	10765	5477
1175	2080	2615	10620	7402	6943
1174	2616	2081	6948	7403	10617
1047	2026	3232	10766	9222	10767
1048	3233	2027	10768	9225	10769
2019	3098	1133	10770	10771	7656
166	2961	167	9697	10772	176
91	2962	90	10773	9698	100
77	2963	76	9696	10774	86
15	2964	14	10775	9695	24
152	153	2965	162	9694	10776
228	2966	229	10777	9693	238
938	1866	2656	10756	8517	8624
1867	939	2657	10762	8627	8518
936	1872	2652	10746	8458	8592
937	2651	1873	8591	8459	10747
1128	1898	2889	10557	10778	10779
583	2889	1898	10780	10778	8314
1127	3160	1806	10781	10782	10724
1053	2638	1887	8869	10783	10346
1054	1888	2639	10347	10784	8870
606	3242	3151	10785	8832	10513
607	3152	3241	10516	8835	10786
1049	2031	3230	10787	9214	10788
1050	3231	2030	10789	9213	10790
1125	2879	1900	10791	10792	10611
1126	1901	2880	10614	10793	10794
311	1880	2645	9053	9332	9983
414	2646	1881	9984	9331	9054
579	1900	2879	8265	10792	10795
580	2880	1901	10796	10793	8266
862	1806	3160	8286	10782	6937
940	1870	2662	10750	8509	8641
941	2663	1871	8644	8510	10751
1055	1894	2640	10376	10797	8794
1236	3146	1807	9384	9903	4204
1453	3048	3180	10535	10798	7818
1454	3181	3050	7821	10799	10536
2376	1180	2379	9102	10665	10800
2377	2380	1181	10801	10670	9105
2376	2379	1068	10800	5939	10802
2377	1069	2380	10803	5936	10801
1176	2775	3218	5987	10099	10804
1177	3217	2774	10805	10102	5986
1056	3019	1814	6478	10366	10806
2350	3062	1204	10807	10808	9435
2351	1203	3063	9432	10809	10810
2350	1470	3062	7936	10811	10807
2351	3063	1469	10810	10812	7935
2382	2387	1182	10813	10672	9090
2382	1074	2387	10814	5899	10813
1129	1812	3183	10734	10815	10816
1130	3184	1813	10817	10818	10735
2344	1207	3064	9422	10819	10820
2345	3065	1208	10821	10822	9423
2344	3064	1471	10820	10823	7947
2345	1472	3065	7948	10824	10821
865	3183	1812	6968	10815	8256
866	1813	3184	8261	10818	6969
482	2931	483	10125	10532	564
1015	2319	3094	10312	6559	10825
1014	3093	2318	10826	6556	10311
1063	2582	2015	6364	10827	10828
1064	2016	2583	10829	10830	6365
981	1985	2614	5961	10175	10831
1013	2313	3090	10306	6536	10832
2019	2581	1065	10833	6405	10834
701	2868	1824	10068	9614	9661
1526	2656	1938	8625	8584	7277
1527	1939	2657	7280	8585	8626
1056	1814	3238	10806	10524	9050
985	1989	2623	6022	10173	10835
984	2622	1988	10836	10172	6017
1530	2662	1940	8642	8572	7303
1531	1941	2663	7306	8573	8643
702	1827	2869	9669	9705	10069
703	2870	1828	10070	9706	9670
2018	3103	1052	10837	8452	10729
1272	3128	2189	9290	10337	4592
1271	2188	3127	4591	10340	9287
1523	2652	1936	8593	8526	7239
1522	1937	2651	7244	8527	8590
997	2205	2341	8069	10838	7116
996	2342	2206	7117	10839	8072
693	2000	2513	7602	9210	9985
694	2514	2001	9988	9211	7603
2346	1205	3054	9389	10840	10841
2346	3054	1467	10841	10842	7911
2347	3055	1206	10843	10844	9391
2347	1468	3055	7912	10845	10843
1506	2341	2205	8489	10838	8333
1507	2206	2342	8336	10839	8490
1049	3115	2031	8374	10846	10787
1050	2030	3116	10790	10847	8375
1051	3169	2017	7895	10848	10727
1047	3180	2026	7812	10849	10766
1048	2027	3181	10769	10850	7813
280	2774	281	4655	10118	362
444	2775	445	10117	4656	526
1818	1265	3154	4437	9057	9095
1266	1819	3155	4441	9096	9058
691	2006	2512	7650	9279	9952
2007	692	2511	7651	9951	9280
992	2216	2335	7929	10851	7311
993	2336	2217	7312	10852	7932
1510	2335	2216	8532	10851	8382
1511	2217	2336	8385	10852	8533
1083	1903	3114	6767	10853	9461
1082	3113	1904	9460	10854	6762
1264	1820	3153	4434	9126	9070
1009	2105	2348	3808	9544	8554
2106	1010	2349	3809	8555	9543
1058	2676	2008	10855	5791	9440
2009	2677	1059	5794	10856	9443
1047	3232	2069	10767	10857	5423
1048	2070	3233	5426	10858	10768
1049	3230	2067	10788	10859	5453
1050	2068	3231	5456	10860	10789
699	3158	1954	10861	10862	10142
1955	3159	700	10863	10864	10143
1164	1954	3158	8559	10862	10130
1955	1165	3159	8561	10131	10863
1051	3242	2071	10728	10865	5484
1052	2072	3241	5483	10866	10730
957	3163	2196	10867	10868	9593
958	2197	3164	9596	10869	10870
1356	2196	3163	10871	10868	10872
1357	3164	2197	10873	10869	10874
990	2222	2329	8104	10875	7485
991	2330	2223	7486	10876	8107
1183	2061	2575	10578	7856	9974
2062	1184	2576	10263	9975	7857
1518	2329	2222	8556	10875	8408
1519	2223	2330	8411	10876	8557
725	2724	2056	10877	10335	9072
888	3126	2308	10765	10878	10879
723	2057	2722	9117	10294	10880
724	2723	2058	10881	10295	9118
1405	2308	3126	6498	10878	10882
1057	2012	2670	9473	5655	10883
644	1821	3259	8938	10523	5155
1080	3156	1934	9489	10884	6513
1081	1935	3157	6516	10885	9490
1084	3107	1919	9518	10886	6834
1085	1920	3108	6839	10887	9519
915	1973	2668	5280	10888	7209
1109	2668	1973	10889	10888	10890
916	2666	1974	7233	10891	5273
917	1975	2667	5274	10892	7234
1107	1974	2666	10893	10891	6349
1108	2667	1975	6348	10892	10894
1247	3134	2162	10058	10487	4444
1246	2161	3133	4443	10490	10055
289	2856	290	10895	10086	371
435	2857	436	10085	10896	517
406	3253	2450	10897	5371	10503
1162	2877	3059	10898	7252	10899
1163	3060	2876	10900	7249	10901
889	2327	3129	10902	10903	10737
890	3130	2328	10738	10904	10905
1401	3129	2327	10906	10903	6487
1402	2328	3130	6490	10904	10907
1772	3173	3167	9444	10908	10609
1773	3168	3174	10616	10909	9445
735	3167	3173	10657	10908	10910
736	3174	3168	10911	10909	10658
1042	2917	1854	10912	10562	9436
1043	1855	2918	9439	10563	10913
1109	1973	2631	10890	10707	10914
1408	1856	2887	6268	10538	10915
1857	1409	2888	6271	10916	10539
1107	2632	1974	10917	10708	10893
1108	1975	2633	10894	10709	10918
1172	2894	3084	10919	7410	10920
1173	3085	2895	10921	7413	10922
1767	3172	3170	10594	10923	9429
731	3170	3172	10924	10923	10677
922	1840	3044	10470	7875	10925
923	3045	1841	10926	7876	10471
1168	2892	3068	10927	7341	10928
1169	3069	2893	10929	7344	10930
1041	1858	2937	9498	10564	10931
415	2934	416	10067	7003	497
309	2935	310	7006	10066	391
1077	1990	3117	8174	10932	10933
1078	3118	1991	10934	10935	8175
920	1842	3036	10492	7759	10936
921	3037	1843	10937	7760	10493
254	2948	255	9530	8907	336
470	2949	471	8906	9531	552
1293	2539	3005	10938	10939	5559
1292	3004	2540	5562	10940	10941
918	1846	3038	10496	7725	10942
919	3039	1847	10943	7726	10497
1131	1859	3086	10622	10944	10757
1132	3087	1860	10760	10945	10623
581	3086	1859	10946	10944	5787
582	1860	3087	5790	10945	10947
1295	2541	3001	10948	10949	5563
1294	3000	2542	5566	10950	10951
1775	2159	3152	9465	10952	10515
1774	3151	2160	10514	10953	9466
1410	2916	1865	10954	10554	6295
1133	3098	1864	10771	10955	10639
584	1864	3098	5809	10955	10956
1296	2996	2543	5574	10957	10958
1297	2544	2997	10959	10960	5575
1356	2438	2196	10247	10961	10871
1357	2197	2439	10874	10962	10248
721	2196	2438	4063	10961	10253
722	2439	2197	10256	10962	4064
315	2969	316	10383	10963	397
409	2970	410	10062	10384	491
1453	2537	2390	7819	10964	7791
1454	2391	2538	7792	10965	7820
246	245	2991	327	8800	6826
479	2992	480	6825	8801	561
411	3009	412	10388	10966	493
313	3010	314	10967	10387	395
1057	1995	2621	10968	10731	10268
1058	2617	1996	10274	10739	10969
1059	1997	2618	10970	10740	10275
751	2751	1915	4662	9245	6113
752	1916	2752	6116	9246	4665
867	1848	3072	6749	10359	4200
868	3073	1849	4203	10356	6748
869	1850	3074	6747	10355	4209
870	3075	1851	4212	10352	6746
871	3080	1852	4218	10348	6735
872	1853	3081	6739	10351	4219
263	3022	264	7980	10971	345
461	3023	462	10972	7981	543
1264	2495	2131	10973	6287	4659
959	3205	2194	10974	10975	9582
960	2195	3206	9581	10976	10977
1354	2194	3205	10978	10975	10979
1355	3206	2195	10980	10976	10981
782	3108	1920	9031	10887	6562
781	1919	3107	6561	10886	9032
1265	2129	2496	4673	6182	10982
1266	2497	2130	10983	6183	4674
1038	2045	3259	10742	6168	10522
2565	2945	1197	10984	10985	10986
1198	2944	2566	10987	10988	10989
1125	1887	2879	6668	10990	10791
1126	2880	1888	10794	10991	6669
1101	2579	2107	10992	10993	10229
1102	2108	2580	10230	10994	10995
1199	2567	2941	10996	10997	10998
961	3203	2200	10999	11000	9306
962	2201	3204	9309	11001	11002
2568	1200	2940	11003	11004	11005
1455	2529	2395	7915	11006	7797
1358	2200	3203	11007	11000	11008
1359	3204	2201	11009	11001	11010
1427	2945	2565	6920	10984	7150
1428	2566	2944	7153	10988	6640
2570	1201	2938	11011	11012	11013
1202	2571	2939	11014	11015	11016
1429	2941	2567	6663	10997	7158
2568	2940	1430	11005	6660	7161
1237	1924	2758	8123	10417	11017
1431	2570	2938	7165	11013	6923
1432	2939	2571	6926	11015	7166
1363	2052	2604	5982	11018	5281
1364	2605	2053	5286	11019	5983
1242	2753	1932	11020	10428	8130
1243	1933	2754	8131	10429	11021
901	2604	2052	10239	11018	8576
902	2053	2605	8579	11019	10240
1105	2584	2109	11022	11023	10203
1128	2889	1894	10779	11024	6631
457	3102	458	10585	11025	539
267	3101	268	11026	10586	349
1354	2428	2194	10225	11027	10978
1355	2195	2429	10981	11028	10226
717	2194	2428	4029	11027	10197
718	2429	2195	10200	11028	4030
756	2015	2582	7623	10827	8124
757	2583	2016	8129	10830	7624
1358	2432	2200	10235	11029	11007
1359	2201	2433	11010	11030	10236
1168	3068	2036	10928	11031	11032
1169	2037	3069	11033	11034	10929
719	2200	2432	4014	11029	10184
720	2433	2201	10187	11030	4015
936	2036	3068	7042	11031	11035
937	3069	2037	11036	11034	7045
430	3224	2554	11037	4511	10629
295	2555	3223	10630	4510	11038
2019	758	2581	7660	8120	10833
949	2032	2563	8607	8446	10279
950	2564	2033	10282	8447	8609
1162	3059	2038	10899	11039	11040
1163	2039	3060	11041	11042	10900
940	2038	3059	7131	11039	11043
941	3060	2039	11044	11042	7134
1021	2771	1944	5913	10605	11045
1022	1945	2772	11046	10606	5914
451	3178	452	9927	10696	533
274	273	3179	355	10699	9928
1172	3084	2040	10920	11047	11048
1173	2041	3085	11049	11050	10921
938	2040	3084	7095	11047	11051
939	3085	2041	11052	11050	7098
1496	2737	2861	8032	11053	11054
1495	2860	2738	11055	11056	8029
1361	2861	2737	10378	11053	6808
1360	2738	2860	6807	11056	10377
295	3223	296	11038	6983	377
429	3224	430	6988	11037	511
405	3253	406	4319	10897	487
1019	2790	1948	5862	10625	11057
1020	1949	2791	11058	10626	5863
1504	2932	2721	11059	11060	8341
1503	2720	2933	8340	11061	11062
1345	2721	2932	11063	11060	10427
1344	2933	2720	10426	11061	11064
1015	2983	1868	11065	10526	6011
1014	1869	2984	6016	10527	11066
1353	2050	2585	5896	11067	5159
1352	2586	2051	5164	11068	5897
906	2585	2050	10267	11067	8354
907	2051	2586	8357	11068	10269
1017	2804	1942	5807	10581	11069
1018	1943	2805	11070	10582	5804
1063	2015	2626	10828	11071	8757
1064	2627	2016	8758	11072	10829
1057	2670	1995	10883	5118	10968
711	2624	2061	6409	11073	10583
2062	2625	712	11074	6629	10264
1013	3006	1874	11075	10529	6086
2019	1065	2630	10834	8737	11076
1058	1996	2676	10969	5181	10855
1059	2677	1997	10856	5182	10970
2362	1408	2516	7229	8466	11077
2363	2517	1409	11078	8467	7230
714	2661	2080	6249	11079	10628
713	2081	2660	10627	11080	6251
1568	3188	2261	9107	11081	8961
1569	2262	3189	8962	11082	9108
1110	1978	2730	10083	11083	8909
1111	2731	1979	8912	11084	10084
599	2730	1978	9561	11083	9570
600	1979	2731	9573	11084	9562
715	2658	2078	6512	11085	10302
716	2079	2659	10303	11086	6509
779	1904	3113	6545	10854	9123
780	3114	1903	9124	10853	6546
936	2020	2884	11087	11088	10745
937	2883	2021	10748	11089	11090
1095	2004	3083	8873	11091	11092
1096	3082	2005	11093	11094	8874
1099	2002	3046	9006	11095	11096
1100	3047	2003	11097	11098	9007
2371	2515	1410	11099	8570	7245
940	2022	2912	11100	11101	10749
941	2913	2023	10752	11102	11103
1367	2845	2587	11104	11105	9981
1368	2588	2846	9982	11106	11107
1445	3048	1883	7323	10534	6188
1446	1884	3050	6189	10537	7324
923	2102	3045	11108	11109	10926
922	3044	2101	10925	11110	11111
1252	2900	1917	6990	9313	4527
1253	1918	2901	4526	9312	6991
1291	3045	2102	4597	11109	4851
1290	2101	3044	4850	11110	4594
676	3042	2269	11112	11113	9150
677	2270	3043	9151	11114	11115
1244	3078	2145	7428	11116	10195
1245	2146	3079	10194	11117	7425
1326	2269	3042	5332	11113	11118
1327	3043	2270	11119	11114	5333
879	2145	3078	11120	11116	11121
880	3079	2146	11122	11117	11123
938	2028	2910	11124	11125	10755
1702	2246	2908	9825	11126	9999
939	2911	2029	10761	11127	11128
1703	2909	2247	10002	11129	9826
1701	2899	2245	10004	11130	9818
1258	2905	1925	6960	9160	4537
1259	1926	2906	4540	9163	6961
1362	2606	2844	9965	11131	11132
1261	2903	1930	6942	9240	4547
1262	1931	2904	4550	9243	6939
1452	3061	1897	7262	10552	6176
1579	2981	2101	8992	11133	8316
1580	2102	2982	8318	11134	8991
1101	2184	2579	11135	11136	10992
1102	2580	2185	10995	11137	11138
1573	3017	2093	8898	11139	8307
1574	2094	3018	8308	11140	8899
1473	2013	2743	7100	9622	9689
1474	2744	2014	9692	9621	7101
1112	1998	2749	10206	11141	8586
1113	2750	1999	8589	11142	10207
1105	2178	2584	11143	11144	11022
601	2749	1998	9468	11141	9451
602	1999	2750	9454	11142	9469
947	2054	2634	9113	7808	10481
2055	948	2635	9114	10486	7809
920	3036	2096	10936	11145	11146
921	2097	3037	11147	11148	10937
1300	2096	3036	4903	11145	4598
1301	3037	2097	4601	11148	4904
918	3038	2093	10942	11149	11150
919	2094	3039	11151	11152	10943
1298	2093	3038	4862	11149	4559
1299	3039	2094	4562	11152	4863
1005	1879	3216	10120	10499	6226
1571	3020	2096	8849	11153	8325
1572	2097	3021	8327	11154	8850
1622	2075	3024	8695	10261	9505
1106	2128	2569	10393	11155	11156
1620	3027	2073	9499	10289	8687
1621	2074	3028	8690	10290	9500
1423	2109	2584	7184	11023	9545
443	2914	1952	10040	7890	9232
282	1953	2915	9235	7887	10041
1421	2107	2579	7162	10993	9576
1422	2580	2108	9575	10994	7163
1477	2034	2756	7206	9578	9599
1478	2757	2035	9602	9579	7207
762	1917	3052	4528	10674	11157
763	3053	1918	11158	10675	4525
1103	2573	2124	11159	11160	10423
1104	2125	2574	10424	11161	11162
2010	2778	1114	11163	8430	10208
1115	2779	2011	8433	11164	10209
1093	2061	2624	6474	11073	6810
2062	1094	2625	6475	6811	11074
2090	1310	2836	5287	10542	9068
2010	597	2778	9407	9470	11163
598	2011	2779	9409	11164	9471
710	2242	3191	9744	11165	11166
709	3190	2241	11167	11168	9739
1311	2835	2088	10547	9093	5289
1312	2089	2834	5292	9092	10544
955	1895	3234	7170	9341	8413
956	3235	1896	8416	9342	7171
764	1925	3070	4538	10653	11169
765	3071	1926	11170	10654	4539
675	2273	3104	9396	11171	11172
2273	1336	3104	5569	11173	11171
899	3095	2818	8986	11174	10104
900	2819	3096	10107	11175	8985
766	1930	3066	4548	10678	11176
767	3067	1931	11177	10679	4549
963	3041	2098	8498	11178	7329
1575	2818	3095	7845	11174	6783
1576	3096	2819	6784	11175	7846
1488	2024	2728	7274	9547	9156
1489	2729	2025	9159	9548	7275
967	2099	3089	7263	11179	8403
968	3088	2100	8406	11180	7264
980	2218	2572	5510	11181	10682
727	2587	2845	11182	11105	11183
728	2846	2588	11184	11106	11185
886	1909	3236	6732	4485	8901
887	3237	1910	8904	4486	6733
2220	982	2578	5527	10688	11186
2221	2577	983	11187	10687	5532
708	2224	3187	9748	11188	11189
1490	2110	2813	7782	11190	9506
639	2163	3254	11191	11192	8621
638	3255	2164	8620	11193	11194
1329	3254	2163	5949	11192	5437
1330	2164	3255	5440	11193	5950
959	1921	3205	9293	9481	10974
960	3206	1922	10977	9482	9294
783	1934	3156	6713	10884	9302
784	3157	1935	9305	10885	6714
1332	2929	2274	10567	11195	9619
1333	2275	2930	9620	11196	10568
726	2844	2606	11197	11131	11198
881	3261	1923	9209	4642	6689
1191	2929	2767	11199	10566	10126
1192	2768	2930	10127	10569	11200
1401	2591	3129	6642	7773	10906
1402	3130	2592	10907	7774	6643
947	1928	3243	10483	9039	8779
948	3244	1929	8782	9040	10484
825	2989	1961	4946	10685	10283
826	1962	2990	10286	10686	4947
1106	2569	2179	11156	11201	11202
1405	3126	2590	10882	7874	6680
1017	1942	3221	11069	10642	6540
1018	3222	1943	6543	10643	11070
1091	2078	2658	6333	11085	7141
1092	2659	2079	7144	11086	6330
1019	1948	3211	11057	10663	6548
1020	3212	1949	6551	10664	11058
961	1946	3203	9326	9347	10999
962	3204	1947	11002	9348	9327
1021	1944	3219	11045	10661	6681
1022	3220	1945	6684	10662	11046
1090	2660	2081	7302	11080	6290
1089	2080	2661	6289	11079	7299
704	1969	3007	3414	7048	10418
1970	705	3008	3409	10421	7046
1103	2186	2573	11203	11204	11159
1104	2574	2187	11162	11205	11206
680	2573	2186	9414	11204	4731
681	2187	2574	4734	11205	9415
1193	2755	2878	10095	10694	11207
926	3218	1952	11208	10098	7889
927	1953	3217	7888	10103	11209
957	1954	3163	9168	9027	10867
1955	958	3164	9171	10870	9028
683	2179	2569	4707	11201	9457
2117	1479	2782	7675	9715	11210
1480	2118	2783	7678	11211	9716
944	2776	2091	8637	11212	7961
945	2092	2777	7966	11213	8638
1131	2091	2776	7618	11212	11214
1132	2777	2092	11215	11213	7619
1458	2569	2128	9665	11155	7535
1456	2124	2573	7529	11160	9643
1457	2574	2125	9646	11161	7530
1331	2281	2878	9703	11216	10693
961	3011	1978	9307	9571	9399
962	1979	3012	9402	9572	9308
946	2095	2787	7991	11217	8622
1133	2787	2095	11218	11217	7657
1449	2716	2119	9978	11219	7467
1559	2741	2122	9010	11220	8469
1560	2123	2742	8472	11221	9011
1332	2327	2767	6906	11222	10565
1333	2768	2328	10570	11223	6907
889	2767	2327	7055	11222	10902
890	2328	2768	10905	11223	7056
1331	2755	2308	10695	11224	6917
888	2308	2755	10879	11224	7019
1172	2040	2838	11048	10327	5612
1173	2839	2041	5615	10328	11049
1162	2038	2840	11040	10334	5577
1163	2841	2039	5580	10333	11041
1168	2036	2842	11032	10331	5588
1169	2843	2037	5587	10332	11033
461	2105	3023	8502	11225	10972
264	3022	2106	10971	11226	8499
957	3025	1998	9594	9452	9261
958	1999	3026	9264	9453	9595
1213	3023	2105	8633	11225	3807
2106	3022	1214	11226	8632	3810
695	1990	3109	11227	10076	11228
696	3110	1991	11229	10077	11230
897	3112	2921	5416	11231	10241
898	2922	3111	10244	11232	5417
695	3117	1990	7829	10932	11227
696	1991	3118	11230	10935	7832
1589	2921	3112	7388	11231	7721
1588	3111	2922	7722	11232	7385
1089	2884	2020	7300	11088	4931
1090	2021	2883	4934	11089	7301
697	2004	3033	11233	10163	11234
698	3034	2005	11235	10164	11236
802	3169	3061	11237	10732	8282
981	2614	2236	10831	11238	5673
1227	2919	2252	9876	11239	3909
1228	2253	2920	3908	11240	9877
762	2252	2919	11241	11239	4155
763	2920	2253	4160	11240	11242
1185	3121	1992	7734	5187	8222
1091	2912	2022	7142	11101	4843
1092	2023	2913	4845	11102	7143
687	3046	2002	7689	11095	11243
688	2003	3047	11244	11098	7686
583	2673	2326	8315	11245	8900
1161	2326	2673	3631	11245	11246
1093	2910	2028	6809	11125	4941
1094	2029	2911	4944	11127	6812
1225	2925	2250	9878	11247	4037
1226	2251	2926	4040	11248	9881
1660	2863	2155	9924	11249	8705
764	2250	2925	11250	11247	4169
765	2926	2251	4174	11248	11251
1223	2927	2248	9879	11252	4081
1224	2249	2928	4084	11253	9880
766	2248	2927	11254	11252	4175
767	2928	2249	4180	11253	11255
1186	1993	3122	8236	5150	7668
1187	3123	1994	7669	5151	8237
985	2623	2238	10835	11256	5701
984	2237	2622	5698	11257	10836
687	2002	3056	11243	10160	11258
688	3057	2003	11259	10161	11244
1438	2126	2699	7390	11260	10081
1439	2700	2127	10080	11261	7391
1279	2457	2461	6704	11262	10504
1280	2462	2458	10505	11263	6705
1086	2461	2457	6185	11262	11264
1087	2458	2462	11265	11263	6186
697	3083	2004	7762	11091	11233
698	2005	3082	11236	11094	7765
2382	2536	1074	9749	11266	10814
678	2579	2184	9365	11136	4727
679	2185	2580	4730	11137	9360
682	2584	2178	9317	11144	4704
798	3180	3048	11267	10798	8302
799	3050	3181	8305	10799	11268
2377	2551	1069	9713	11269	10803
2376	1068	2550	10802	11270	9712
1324	2824	2527	9935	11271	3508
1325	2528	2825	3513	11272	9936
745	2527	2824	11273	11271	10633
746	2825	2528	10634	11272	11274
1320	2535	2826	3494	11275	9934
1276	2594	2893	10652	11276	9298
1275	2892	2593	9301	11277	10649
742	2826	2535	10637	11275	11278
1088	2463	2464	11279	11280	6107
1281	2464	2463	10502	11280	6617
2134	1256	3249	8450	11281	11282
2135	3250	1257	11283	11284	8451
2134	3249	723	11282	9493	11285
2135	724	3250	11286	9496	11283
1074	2536	2235	11266	10406	10475
1273	2894	2602	9266	11287	10645
1274	2603	2895	10648	11288	9267
2136	3258	1260	11289	11290	8464
2136	725	3258	11291	9509	11289
2010	959	3076	9475	9583	9406
960	2011	3077	9477	9408	9580
1269	2877	2600	9369	11292	10595
1270	2601	2876	10598	11293	9370
2337	2697	579	11294	8264	8949
580	2698	2338	8267	11295	8950
2337	1170	2697	3670	11296	11294
2338	2698	1171	11295	11297	3673
1209	2445	2732	11298	11299	5110
1210	2733	2446	5113	11300	11301
715	2699	2126	9351	11260	6511
716	2127	2700	6510	11261	9352
1211	2727	2447	5122	11302	11303
1310	2572	2218	5178	11181	10540
1068	2256	2550	10480	10501	11270
1069	2551	2255	11269	10500	10479
936	3068	2020	11035	7340	11087
937	2021	3069	11090	7345	11036
2221	1311	2577	10548	5194	11187
2220	2578	1312	11186	5195	10543
940	3059	2022	11043	7251	11100
941	2023	3060	11103	7250	11044
2018	803	3103	10465	11304	10837
920	2096	3020	11146	11153	5388
921	3021	2097	5391	11154	11147
918	2093	3017	11150	11139	5402
919	3018	2094	5405	11140	11151
1088	2867	2463	11305	8503	11279
712	2119	2716	6630	11219	9567
938	3084	2028	11051	7409	11124
939	2029	3085	11128	7414	11052
1555	2192	2812	8480	11306	8994
1554	2811	2193	8993	11307	8477
1086	2457	2871	11264	8448	11308
1087	2872	2458	11309	8449	11265
1400	2668	2669	7577	11310	6374
1109	2669	2668	11311	11310	10889
801	3116	2030	11312	10847	10444
800	2031	3115	10443	10846	11313
802	2017	3169	10467	10848	11237
922	2101	2981	11111	11133	5487
923	2982	2102	5490	11134	11108
2019	2630	3098	11076	11314	10770
2626	2015	3086	11071	10758	11315
2627	3087	2016	11316	10759	11072
2134	723	2722	11285	10880	10702
2135	2723	724	10703	10881	11286
667	2515	2371	8723	11099	3981
1220	2509	2958	11317	11318	7591
1221	2959	2510	7592	11319	11320
2362	2516	670	11077	8740	3938
671	2517	2363	8741	11078	3940
1315	2236	2614	5326	11238	5394
1403	2958	2509	5557	11318	6953
1404	2510	2959	6954	11319	5558
1557	2759	2180	8982	11321	8528
1558	2181	2760	8531	11322	8983
798	2026	3180	10451	10849	11267
799	3181	2027	11268	10850	10452
1222	2960	2508	8328	11323	11324
1406	2508	2960	6971	11323	5554
1645	2163	2816	8635	11325	9827
1644	2817	2164	9828	11326	8634
2136	2724	725	10705	10877	11291
1316	2622	2237	5411	11257	5335
1317	2238	2623	5338	11256	5412
924	2122	2741	6859	11220	6885
925	2742	2123	6884	11221	6860
1077	3117	2263	10933	10300	5852
1078	2264	3118	5855	10301	10934
827	2045	3120	9649	10741	5616
1234	2241	3190	4858	11168	11327
1235	3191	2242	11328	11165	4859
2117	2782	713	11210	9238	6250
714	2783	2118	9237	11211	6248
1233	3187	2224	11329	11188	4832
76	2963	2171	10774	8629	6393
15	2170	2964	6392	8628	10775
152	2965	2169	10776	8619	6384
228	2168	2966	6385	8618	10777
167	2961	2174	10772	8630	6398
91	2175	2962	6399	8631	10773
711	2813	2110	9463	11190	6408
668	2390	2537	3779	10964	8946
666	2395	2529	3798	11006	8939
669	2538	2391	8947	10965	3784
1354	3205	2470	10979	9480	10364
1355	2471	3206	10365	9483	10980
790	3049	2073	11330	10722	6343
791	2074	3051	6346	10723	11331
786	2075	3040	6315	10726	11332
1127	2727	2394	11333	11334	11335
1358	3203	2486	11008	9346	10407
1359	2487	3204	10408	9349	11009
675	3104	2268	11172	9088	10078
1129	2401	2732	11336	11337	11338
1130	2733	2402	11339	11340	11341
955	3013	2083	10330	7382	7168
956	2084	3014	7173	7383	10329
1127	2447	2727	11342	11302	11333
2360	2890	1003	11343	11344	10155
2361	1004	2891	10156	11345	11346
699	2065	3158	5927	6979	10861
700	3159	2066	10864	6980	5928
2360	1234	2890	3567	11347	11343
2361	2891	1235	11346	11348	3570
727	2671	2274	11349	9946	11350
728	2275	2672	11351	9947	11352
726	2281	2682	11353	9964	11354
930	2180	2759	7445	11321	7227
931	2760	2181	7228	11322	7446
1105	2765	2178	9847	7683	11143
1106	2179	2766	11202	7684	9848
1483	2936	2289	6841	11355	8056
1263	2289	2936	10506	11355	8730
1129	2732	2445	11338	11299	11356
1130	2446	2733	11357	11300	11339
1101	2761	2184	9832	7749	11135
1102	2185	2762	11138	7750	9833
1103	2763	2186	9812	7784	11203
1104	2187	2764	11206	7783	9813
2368	1005	2898	10119	11358	11359
2368	2898	1233	11359	11360	3521
1586	3133	2322	10010	11361	9253
1585	2323	3134	9254	11362	10011
1356	3163	2491	10872	9026	10411
1357	2492	3164	10412	9029	10873
2137	966	2907	9345	11363	11364
2137	2907	1142	11364	10454	5925
2138	2896	964	11365	11366	9358
965	2897	2139	11367	11368	9359
1649	2145	2858	8581	11369	9885
1650	2859	2146	9886	11370	8582
2138	1140	2896	5880	10473	11365
1141	2139	2897	5883	11368	10474
1336	2082	3104	9863	9089	11173
639	2816	2163	9607	11325	11191
638	2164	2817	11194	11326	9608
610	2067	3230	4222	10859	10096
611	3231	2068	10097	10860	4223
879	2858	2145	7869	11369	11120
880	2146	2859	11123	11370	7870
1553	3187	2898	11371	11372	11373
1138	2713	2718	4162	11374	9810
1139	2719	2714	9811	11375	4163
2715	1137	2717	4147	9831	11376
1307	2718	2713	11377	11374	5018
1308	2714	2719	5023	11375	11378
2715	2717	1309	11376	11379	5026
726	2682	2312	11354	10054	11380
608	2069	3232	4214	10857	5668
609	3233	2070	5671	10858	4215
1128	2098	3041	6633	11178	11381
1233	2898	3187	11360	11372	11329
1095	3083	2293	11092	10391	6894
1096	2294	3082	6897	10392	11093
727	2320	2671	11382	10019	11349
728	2672	2321	11352	10022	11383
606	2071	3242	4206	10865	10785
607	3241	2072	10786	10866	4207
926	2193	2811	7598	11307	9336
927	2812	2192	9338	11306	7599
1581	3127	2316	9288	11384	9127
1582	2317	3128	9128	11385	9289
1385	2632	2595	10560	11386	7972
1107	2595	2632	9585	11386	10917
1386	2596	2633	7971	11387	10561
1108	2633	2596	10918	11387	9586
636	2155	2863	5667	11249	10659
1387	2597	2631	7977	11388	10559
1109	2631	2597	10914	11388	11389
1222	2508	2773	11324	11390	10137
1220	2769	2509	10140	11391	11317
1221	2510	2770	11320	11392	10141
755	2773	2508	9655	11390	8393
753	2509	2769	8400	11391	9640
754	2770	2510	9641	11392	8401
1125	3089	2099	11393	11179	6666
1126	2100	3088	6671	11180	11394
964	2896	2141	11366	7493	8276
965	2142	2897	8281	7494	11367
966	2140	2907	8253	7515	11363
764	3054	2250	11395	11396	11250
765	2251	3055	11251	11397	11398
1205	2250	3054	9653	11396	10840
1206	3055	2251	10844	11397	9650
1549	2890	3190	11399	11400	11401
1550	3191	2891	11402	11403	11404
1234	3190	2890	11327	11400	11347
1235	2891	3191	11348	11403	11328
1189	2320	2845	10690	11405	11406
1190	2846	2321	11407	11408	10691
1188	2844	2312	11409	11410	10683
727	2845	2320	11183	11405	11382
728	2321	2846	11383	11408	11184
726	2312	2844	11380	11410	11197
766	3064	2248	11411	11412	11254
767	2249	3065	11255	11413	11414
1207	2248	3064	9660	11412	10819
1208	3065	2249	10822	11413	9657
2104	3217	1177	11415	10805	4453
1176	3218	2103	10804	11416	4455
2104	927	3217	9339	11209	11415
926	2103	3218	9337	11416	11208
762	3063	2252	11417	11418	11241
763	2253	3062	11242	11419	11420
1203	2252	3063	9628	11418	10809
1204	3062	2253	10808	11419	9629
2113	1326	3042	10132	11118	8967
2114	3043	1327	8970	11119	10133
1635	2285	2866	8368	11421	9737
1201	2707	3080	11422	10349	9537
1202	3081	2708	9540	10350	11423
1200	2706	3075	11424	10353	9527
1199	3074	2705	9526	10354	11425
1198	2703	3073	11426	10357	9522
1197	3072	2701	9521	10358	11427
1099	3046	2302	11096	10343	6846
1100	2303	3047	6851	10342	11097
2343	1079	2710	5169	9996	10510
951	2434	3207	8036	11428	10167
952	3208	2435	10168	11429	8037
1608	3207	2434	9063	11428	9154
1609	2435	3208	9155	11429	9060
1127	3171	2447	11430	11431	11342
1129	2445	3165	11356	11432	11433
1130	3166	2446	11434	11435	11357
2565	1197	2701	10986	11427	11436
1198	2566	2703	10989	11437	11426
223	2565	2701	9856	11436	10743
147	2703	2566	10744	11437	9855
1199	2705	2567	11425	11438	10996
2568	2706	1200	11439	11424	11003
20	2567	2705	9854	11438	10753
71	2706	2568	10754	11439	9853
2570	2707	1201	11440	11422	11011
1202	2708	2571	11423	11441	11014
172	2707	2570	10763	11440	9852
96	2571	2708	9851	11441	10764
1628	2967	2331	9711	11442	9503
1627	2332	2968	9502	11443	9710
677	3043	2325	11115	8969	10114
676	2324	3042	10113	8968	11112
2334	1629	2976	9510	9718	11444
1630	2333	2975	9513	11445	9719
2340	1633	2980	9514	9726	11446
2339	2979	1634	11447	9727	9517
2219	2867	1088	10336	11305	10278
1242	2649	2753	8666	11448	11020
1243	2754	2650	11021	11449	8667
624	2753	2649	6719	11448	6410
625	2650	2754	6415	11449	6720
1086	2871	2227	11308	10415	10287
1087	2228	2872	10288	10416	11309
1606	2290	2815	8271	11450	10015
1605	2814	2291	10014	11451	8268
584	2394	2727	9141	11334	5808
726	2878	2281	11452	11216	11353
727	2274	2929	11350	11195	11453
728	2930	2275	11454	11196	11351
641	2815	2290	9709	11450	6058
640	2291	2814	6059	11451	9708
1533	2552	2776	8671	11455	8636
1534	2777	2553	8639	11456	8672
581	2732	2401	5788	11337	9198
582	2402	2733	9199	11340	5789
1237	2758	2653	11017	11457	8617
632	2653	2758	6470	11457	6772
844	2598	3149	10210	11458	10517
845	3150	2599	10518	11459	10211
732	2245	2899	9963	11130	10170
733	2908	2246	10178	11126	9957
734	2247	2909	9960	11129	10179
1212	2647	2673	4019	11460	7992
1532	2787	2562	8623	11461	8668
1350	3152	2159	8836	10952	10369
1351	2160	3151	10372	10953	8831
1218	2697	2654	7917	11462	3874
1219	2655	2698	3877	11463	7918
316	2969	2693	10963	11464	10162
1342	2693	2969	3362	11464	5144
637	2866	2285	10681	11421	6266
605	2254	3177	9542	11465	7532
603	3147	2259	7192	11466	9533
604	2260	3148	9536	11467	7193
843	3143	2454	10706	11468	9937
1161	2673	2647	11246	11460	11469
2352	954	3161	8066	8542	11470
2353	3162	953	11471	8539	8067
2352	3161	1655	11470	9720	9447
2353	1656	3162	9448	9723	11471
2868	1148	3196	9887	8711	9613
1146	2869	3197	9895	9704	8682
1147	3198	2870	8685	9707	9896
1170	2654	2697	11472	11462	11296
1171	2698	2655	11297	11463	11473
943	3214	2473	6730	11474	8312
942	2472	3213	8311	11475	6729
1636	2473	3214	9164	11474	9354
1637	3213	2472	9355	11475	9165
1185	2295	3194	10305	11476	8594
1186	3192	2296	8523	11477	10307
1187	2297	3193	10310	11478	8524
775	2957	2647	8392	11479	4024
1151	2950	2540	10403	11480	11481
1154	2541	2953	11482	11483	10400
1153	2954	2542	10399	11484	11485
1155	2955	2543	10395	11486	11487
1156	2544	2956	11488	11489	10396
1152	2539	2951	11490	11491	10413
771	2986	2655	8346	11492	3880
772	2654	2985	3881	11493	8347
412	3009	2720	10966	11494	10158
313	2721	3010	10157	11495	10967
1344	2720	3009	11064	11494	5303
1345	3010	2721	5306	11495	11063
1131	2776	2552	11214	11455	10621
1132	2553	2777	10624	11456	11215
1203	2331	2967	9433	11442	9627
1204	2968	2332	9630	11443	9434
2717	755	2873	9829	8394	11496
2717	2873	1309	11496	11497	11379
1206	2975	2333	9651	11445	9390
2334	2976	1205	11444	9652	9388
2339	1208	2979	9424	9658	11447
2340	2980	1207	11446	9659	9421
753	2718	2874	9807	11498	8399
754	2875	2719	8402	11499	9808
1307	2874	2718	11500	11498	11377
1308	2719	2875	11378	11499	11501
1133	2562	2787	10640	11461	11218
1516	2504	2946	7366	11502	8204
1517	2947	2505	8207	11503	7367
1144	2259	3147	5945	11466	10145
1145	3148	2260	10148	11467	5946
1143	3177	2254	9479	11465	6084
839	2495	3140	10214	11504	8948
1264	3140	2495	9071	11504	10973
837	3141	2496	8915	11505	10221
838	2497	3142	10222	11506	8916
1265	2496	3141	10982	11505	9056
1266	3142	2497	9059	11506	10983
1549	2465	2890	8934	11507	11399
1550	2891	2466	11404	11508	8935
1003	2890	2465	11344	11507	6722
1004	2466	2891	6725	11508	11345
739	2261	3188	7022	11081	10507
740	3189	2262	10508	11082	7023
1553	2898	2469	11373	11509	8975
1284	2988	2788	7067	11510	11511
1285	2789	2987	11512	11513	7068
1351	2788	2988	10463	11510	10371
1350	2987	2789	10370	11513	10460
1127	2902	3171	10725	11514	11430
1005	2469	2898	6745	11509	11358
763	3062	3053	11420	11515	11158
762	3052	3063	11157	11516	11417
1470	3053	3062	7850	11515	10811
1469	3063	3052	10812	11516	7847
1129	3165	2923	11433	11517	10733
1130	2924	3166	10736	11518	11434
687	3056	2524	11258	11519	9636
2525	3057	688	11520	11259	9635
1486	2524	3056	8063	11519	7902
1487	3057	2525	7905	11520	8064
1286	2973	2793	7111	11521	11522
1287	2794	2974	11523	11524	7112
1348	2793	2973	10447	11521	9942
1349	2974	2794	9943	11524	10448
803	2916	3103	7807	11525	11304
1410	3103	2916	8571	11525	10954
726	2606	2878	11198	11526	11452
800	3115	2887	11313	11527	7775
801	2888	3116	7778	11528	11312
1408	2887	3115	10915	11527	8465
1409	3116	2888	8468	11528	10916
1109	3209	2669	11529	8132	11311
764	3070	3054	11169	11530	11395
766	3066	3064	11176	11531	11411
767	3065	3067	11414	11532	11177
765	3055	3071	11398	11533	11170
1467	3054	3070	10842	11530	7838
1471	3064	3066	10823	11531	7865
1472	3067	3065	7868	11532	10824
1468	3071	3055	7841	11533	10845
1289	2798	2972	11534	11535	7138
1288	2971	2797	7137	11536	11537
1347	2972	2798	11538	11535	10440
1346	2797	2971	10439	11536	11539
695	3109	2520	11228	11540	9786
696	2521	3110	9790	11541	11229
1484	2520	3109	8053	11540	7800
1485	3110	2521	7803	11541	8054
727	2929	2587	11453	11542	11182
728	2588	2930	11185	11543	11454
1421	2983	3094	9577	11544	9386
1422	3093	2984	9387	11545	9574
1015	3094	2983	10825	11544	11065
1014	2984	3093	11066	11545	10826
786	3040	2792	11332	11546	7075
1362	2792	3040	11547	11546	5857
1423	3006	3090	9546	11548	9394
737	2316	3127	7501	11384	10339
738	3128	2317	10338	11385	7502
1013	3090	3006	10832	11548	11075
1231	2946	2504	9087	11502	11549
1232	2505	2947	11550	11503	9084
1503	2933	3235	11062	9587	9014
1504	3234	2932	9013	9590	11059
2638	2879	1887	11551	10990	10783
2639	1888	2880	10784	10991	11552
729	2322	3133	7747	11361	10489
730	3134	2323	10488	11362	7748
697	3033	2518	11234	11553	9780
698	2519	3034	9785	11554	11235
1491	2518	3033	8299	11553	8114
1492	3034	2519	8117	11554	8300
2640	1894	2889	10797	11024	11555
790	2799	3049	7182	11556	11330
791	3051	2800	11331	11557	7183
1362	2844	2792	11132	11558	11547
1367	3049	2799	5933	11556	11559
1368	2800	3051	11560	11557	5934
708	3194	2295	11561	11476	10374
709	2296	3192	10361	11477	11562
710	3193	2297	11563	11478	10360
267	2505	3101	9145	11564	11026
458	3102	2504	11025	11565	9144
1232	3101	2505	10591	11564	11550
1231	2504	3102	11549	11565	10590
1293	3170	2539	9047	11566	10938
731	2539	3170	11567	11566	10924
1127	2394	3160	11335	7399	10781
1367	2799	2845	11559	11568	11104
1368	2846	2800	11107	11569	11560
1197	2945	2535	10985	11570	9520
1198	2534	2944	9523	11571	10987
1199	2941	2533	10998	11572	9525
1200	2532	2940	9528	11573	11004
894	2300	3197	9766	10027	9318
895	3198	2301	9323	10028	9767
1201	2527	2938	9538	11574	11012
1202	2939	2528	11016	11575	9539
1296	2543	3173	10958	11576	9042
1297	3174	2544	9045	11577	10959
735	3173	2543	10910	11576	11578
736	2544	3174	11579	11577	10911
745	2938	2527	8656	11574	11273
746	2528	2939	11274	11575	8657
744	2940	2532	8364	11573	5101
743	2533	2941	5103	11572	8367
741	2944	2534	8353	11571	5099
742	2535	2945	11278	11570	8640
54	3144	2355	10232	9911	10151
37	2354	3145	10152	9914	10231
1129	3183	2401	10816	7406	11336
1130	2402	3184	11341	7407	10817
896	3196	2309	9271	10071	9769
731	2951	2539	11580	11491	11567
1292	2540	3182	10941	11581	9016
732	3182	2540	10638	11581	11582
113	2365	3138	10153	9939	10258
189	3139	2364	10257	9940	10154
732	2540	2950	11582	11480	9962
1295	3186	2541	9019	11583	10948
1294	2542	3185	10951	11584	9020
733	2541	3186	11585	11583	10641
734	3185	2542	10644	11584	11586
130	3136	2367	10260	9915	10149
206	2366	3137	10150	9918	10259
733	2953	2541	9958	11483	11585
734	2542	2954	11586	11484	9959
735	2543	2955	11578	11486	11587
736	2956	2544	11588	11489	11579
1162	2600	2877	5578	11292	10898
1163	2876	2601	10901	11293	5579
1193	2878	2606	11207	11526	9625
1168	2593	2892	5589	11277	10927
1169	2893	2594	10930	11276	5586
1172	2602	2894	5613	11287	10919
1173	2895	2603	10922	11288	5614
1191	2587	2929	9729	11542	11199
1192	2930	2588	11200	11543	9730
2638	579	2879	8864	10795	11551
580	2639	2880	8868	11552	10796
776	2447	3171	11589	11431	7156
1496	2861	3244	11054	9228	8534
1495	3243	2860	8537	9227	11055
1153	2542	3000	11485	10950	9679
1151	2540	3004	11481	10940	9683
1155	2543	2996	11487	10957	9673
1152	3005	2539	9686	10939	11490
1154	3001	2541	9682	10949	11482
1156	2997	2544	9676	10960	11488
777	3165	2445	7202	11432	11590
778	2446	3166	11591	11435	7203
2640	2889	583	11555	10780	8792
1456	2917	3228	9644	11592	8913
1457	3229	2918	8914	11593	9645
1042	3228	2917	10314	11592	10912
1043	2918	3229	10913	11593	10315
1458	3227	2937	8923	11594	9666
1041	2937	3227	10931	11594	10321
1143	2454	3143	9922	11468	9478
777	2445	3225	11590	11595	7330
778	3226	2446	7333	11596	11591
776	3215	2447	7190	11597	11589
1246	2978	2857	10056	11598	6378
1247	2856	2977	6377	11599	10057
1161	2647	2957	11469	11479	8167
1188	2792	2844	6239	11558	11409
1189	2845	2799	11406	11568	6300
1190	2800	2846	6303	11569	11407
1170	2985	2654	8148	11493	11472
1171	2655	2986	11473	11492	8147
1211	2447	3215	11303	11597	10576
794	2881	2971	10059	11600	9948
795	2972	2882	9949	11601	10060
1346	2971	2881	11539	11600	11602
1347	2882	2972	11603	11601	11538
1500	3089	2830	8404	11604	8009
1501	2831	3088	8012	11605	8405
1125	2830	3089	10612	11604	11393
1126	3088	2831	11394	11605	10613
1209	3225	2445	10635	11595	11298
1210	2446	3226	11301	11596	10636
1505	2828	3041	8122	11606	8497
1128	3041	2828	11381	11606	10556
581	2626	3086	8752	11315	10946
2627	582	3087	8754	10947	11316
2630	584	3098	8732	10956	11314
1309	2873	2952	11497	11607	6098
1307	2942	2874	6129	11608	11500
1308	2875	2943	11501	11609	6130
735	2955	2822	11587	11610	10571
736	2823	2956	10574	11611	11588
1381	2822	2955	6649	11610	10520
1382	2956	2823	10521	11611	6650
731	2827	2951	10580	11612	11580
1378	2951	2827	10525	11612	6644
1144	3149	2598	10146	11458	9841
1145	2599	3150	9842	11459	10147
1346	2881	2885	11602	11613	8386
1347	2886	2882	8391	11614	11603
1244	2885	2881	10196	11613	9425
1245	2882	2886	9428	11614	10193
1304	2874	2942	6243	11608	6442
1305	2943	2875	6447	11609	6244
1306	2952	2873	6519	11607	6246
289	2977	2856	10042	11599	10895
436	2857	2978	10896	11598	10043
1109	2597	3209	11389	10478	11529
1512	3079	2849	7426	11615	6927
1513	2848	3078	6932	11616	7427
880	2849	3079	8229	11615	11122
879	3078	2848	11121	11616	8230
1285	3245	2789	10373	11617	11512
1284	2788	3248	11511	11618	10425
1286	2793	3256	11522	11619	10432
1287	3257	2794	10433	11620	11523
1288	2797	3246	11537	11621	10389
1289	3247	2798	10390	11622	11534
1735	3239	2681	10379	11623	10317
1736	2680	3240	10318	11624	10380
1335	3240	2680	7582	11624	6806
1334	2681	3239	6803	11623	7583
1549	3190	3192	11401	11625	8522
1550	3193	3191	8525	11626	11402
709	3192	3190	11562	11625	11167
710	3191	3193	11166	11626	11563
1553	3194	3187	8595	11627	11371
708	3187	3194	11189	11627	11561
803	2789	3245	10464	11617	6727
1515	3171	2902	7157	11514	8111
802	3248	2788	8283	11618	10466
1520	2923	3165	8152	11517	7201
1521	3166	2924	7204	11518	8153
798	3256	2793	8303	11619	10450
2794	3257	799	11620	8304	10453
800	3246	2797	6751	11621	10442
801	2798	3247	10445	11622	6754
1256	3251	3249	9724	11628	11281
1257	3250	3252	11284	11629	9725
1646	3249	3251	9494	11628	10217
1647	3252	3250	10220	11629	9495
1260	3258	3260	11290	11630	9752
1648	3260	3258	10213	11630	9508

--------------------------------------------------------------------------------
NUMBER OF BOUNDARY TYPES        TOTAL NUMBER OF ELEMENTS
--------------------------------------------------------------------------------
3                               284

--------------------------------------------------------------------------------
BOUNDARY 1        CONSTRAINS (0-free 1-const 2-glue)  VALUES (default = 0.)
NUMB. OF ELEM.    Ux     Uy     Uz                    Ux     Uy     Uz  
--------------------------------------------------------------------------------
60                3      3      0                     0.     0.     0.

--------------------------------------------------------------------------------
BOUNDARY 1 - CONNECTIVITY
--------------------------------------------------------------------------------
1	13	22
13	14	23
14	15	24
15	16	25
16	17	26
17	18	27
18	19	28
19	20	29
20	21	30
21	2	31
2	32	41
32	33	42
33	34	43
34	35	44
35	36	45
36	37	46
37	38	47
38	39	48
39	40	49
40	3	50
1	89	98
89	90	99
90	91	100
91	92	101
92	93	102
93	94	103
94	95	104
95	96	105
96	97	106
97	5	107
5	108	117
108	109	118
109	110	119
110	111	120
111	112	121
112	113	122
113	114	123
114	115	124
115	116	125
116	6	126
1	165	174
165	166	175
166	167	176
167	168	177
168	169	178
169	170	179
170	171	180
171	172	181
172	173	182
173	8	183
8	184	193
184	185	194
185	186	195
186	187	196
187	188	197
188	189	198
189	190	199
190	191	200
191	192	201
192	9	202

--------------------------------------------------------------------------------
BOUNDARY 2        CONSTRAINS (0-free 1-const 2-glue)  VALUES (default = 0.)
NUMB. OF ELEM.    Ux     Uy     Uz                    Ux     Uy     Uz  
--------------------------------------------------------------------------------
60                3      3      0                     0.     0.     0.

--------------------------------------------------------------------------------
BOUNDARY 2 - CONNECTIVITY
--------------------------------------------------------------------------------
3	51	60
51	52	61
52	53	62
53	54	63
54	55	64
55	56	65
56	57	66
57	58	67
58	59	68
59	4	69
4	70	79
70	71	80
71	72	81
72	73	82
73	74	83
74	75	84
75	76	85
76	77	86
77	78	87
78	1	88
6	127	136
127	128	137
128	129	138
129	130	139
130	131	140
131	132	141
132	133	142
133	134	143
134	135	144
135	7	145
7	146	155
146	147	156
147	148	157
148	149	158
149	150	159
150	151	160
151	152	161
152	153	162
153	154	163
154	1	164
9	203	212
203	204	213
204	205	214
205	206	215
206	207	216
207	208	217
208	209	218
209	210	219
210	211	220
211	10	221
10	222	231
222	223	232
223	224	233
224	225	234
225	226	235
226	227	236
227	228	237
228	229	238
229	230	239
230	1	240

--------------------------------------------------------------------------------
BOUNDARY 3        CONSTRAINS (0-free 1-const 2-glue)  VALUES (default = 0.)
NUMB. OF ELEM.    Ux     Uy     Uz                    Ux     Uy     Uz  
--------------------------------------------------------------------------------
164               2      2      0                     0.     0.     0.

--------------------------------------------------------------------------------
BOUNDARY 3 - CONNECTIVITY
--------------------------------------------------------------------------------
11	241	322
241	242	323
242	243	324
243	244	325
244	245	326
245	246	327
246	247	328
247	248	329
248	249	330
249	250	331
250	251	332
251	252	333
252	253	334
253	254	335
254	255	336
255	256	337
256	257	338
257	258	339
258	259	340
259	260	341
260	261	342
261	262	343
262	263	344
263	264	345
264	265	346
265	266	347
266	267	348
267	268	349
268	269	350
269	270	351
270	271	352
271	272	353
272	273	354
273	274	355
274	275	356
275	276	357
276	277	358
277	278	359
278	279	360
279	280	361
280	281	362
281	282	363
282	283	364
283	284	365
284	285	366
285	286	367
286	287	368
287	288	369
288	289	370
289	290	371
290	291	372
291	292	373
292	293	374
293	294	375
294	295	376
295	296	377
296	297	378
297	298	379
298	299	380
299	300	381
300	301	382
301	302	383
302	303	384
303	304	385
304	305	386
305	306	387
306	307	388
307	308	389
308	309	390
309	310	391
310	311	392
311	312	393
312	313	394
313	314	395
314	315	396
315	316	397
316	317	398
317	318	399
318	319	400
319	320	401
320	321	402
321	12	403
12	404	485
404	405	486
405	406	487
406	407	488
407	408	489
408	409	490
409	410	491
410	411	492
411	412	493
412	413	494
413	414	495
414	415	496
415	416	497
416	417	498
417	418	499
418	419	500
419	420	501
420	421	502
421	422	503
422	423	504
423	424	505
424	425	506
425	426	507
426	427	508
427	428	509
428	429	510
429	430	511
430	431	512
431	432	513
432	433	514
433	434	515
434	435	516
435	436	517
436	437	518
437	438	519
438	439	520
439	440	521
440	441	522
441	442	523
442	443	524
443	444	525
444	445	526
445	446	527
446	447	528
447	448	529
448	449	530
449	450	531
450	451	532
451	452	533
452	453	534
453	454	535
454	455	536
455	456	537
456	457	538
457	458	539
458	459	540
459	460	541
460	461	542
461	462	543
462	463	544
463	464	545
464	465	546
465	466	547
466	467	548
467	468	549
468	469	550
469	470	551
470	471	552
471	472	553
472	473	554
473	474	555
474	475	556
475	476	557
476	477	558
477	478	559
478	479	560
479	480	561
480	481	562
481	482	563
482	483	564
483	484	565
484	11	566

--------------------------------------------------------------------------------
NUMBER OF BOUNDARY TYPES        TOTAL NUMBER OF ELEMENTS
--------------------------------------------------------------------------------
3                               178

--------------------------------------------------------------------------------
BOUNDARY 1        CONSTRAINS (0-free 1-const 2-glue)  VALUES (default = 0.)
NUMB. OF ELEM.    Ux     Uy     Uz                    Ux     Uy     Uz  
--------------------------------------------------------------------------------
54                1      1      4                     0.     0.     0.

--------------------------------------------------------------------------------
BOUNDARY 2        CONSTRAINS (0-free 1-const 2-glue)  VALUES (default = 0.)
NUMB. OF ELEM.    Ux     Uy     Uz                    Ux     Uy     Uz  
--------------------------------------------------------------------------------
54                1      1      4                     0.     0.     0.

--------------------------------------------------------------------------------
BOUNDARY 3        CONSTRAINS (0-free 1-const 2-glue)  VALUES (default = 0.)
NUMB. OF ELEM.    Ux     Uy     Uz                    Ux     Uy     Uz  
--------------------------------------------------------------------------------
70               0      0      0                     0.     0.     0.
