--------------------------------------------------------------------------------
ELEMENTS        NODES        TIME STEPS     PRINTING FREQ
--------------------------------------------------------------------------------
2228            4588         100000         1

--------------------------------------------------------------------------------
UNDISTURBED VELOCITY AND PRESSURE
Ux      Uy      Uz      P
--------------------------------------------------------------------------------
1.0     0.0     0.0     0.0

--------------------------------------------------------------------------------
DENSITY      TEMPERATURE      VISCOSITY      THERMAL CONDITIVITY
--------------------------------------------------------------------------------
1.E0         300              0.01            0.0

--------------------------------------------------------------------------------
TIME STEP       TIME INTEGRATION SCHEME (1- Implicit Euler, 2- Adams-Bashforth)
--------------------------------------------------------------------------------
0.1             0.5

--------------------------------------------------------------------------------
EXTERNAL FIELD FORCES CONSTANTS
Gx       Gy       Gz
--------------------------------------------------------------------------------
0.0      0.0      0.0

--------------------------------------------------------------------------------
NODAL COORDINATES
--------------------------------------------------------------------------------
0	0
20	0
20	11
0	11
5	5
5	6
6	6
6	5
2	2
9	2
9	9
2	9
3	3
3	8
8	8
8	3
0	10.5
0	10
0	9.5
0	9
0	8.5
0	8
0	7.5
0	7
0	6.5
0	6
0	5.5
0	5
0	4.5
0	4
0	3.5
0	3
0	2.5
0	2
0	1.5
0	1
0	0.5
0	10.75
0	10.25
0	9.75
0	9.25
0	8.75
0	8.25
0	7.75
0	7.25
0	6.75
0	6.25
0	5.75
0	5.25
0	4.75
0	4.25
0	3.75
0	3.25
0	2.75
0	2.25
0	1.75
0	1.25
0	0.75
0	0.25
0.5	0
1	0
1.5	0
2	0
2.5	0
3	0
3.5	0
4	0
4.5	0
5	0
5.5	0
6	0
6.5	0
7	0
7.5	0
8	0
8.5	0
9	0
9.5	0
10	0
10.5	0
11	0
11.5	0
12	0
12.5	0
13	0
13.5	0
14	0
14.5	0
15	0
15.5	0
16	0
16.5	0
17	0
17.5	0
18	0
18.5	0
19	0
19.5	0
0.25	0
0.75	0
1.25	0
1.75	0
2.25	0
2.75	0
3.25	0
3.75	0
4.25	0
4.75	0
5.25	0
5.75	0
6.25	0
6.75	0
7.25	0
7.75	0
8.25	0
8.75	0
9.25	0
9.75	0
10.25	0
10.75	0
11.25	0
11.75	0
12.25	0
12.75	0
13.25	0
13.75	0
14.25	0
14.75	0
15.25	0
15.75	0
16.25	0
16.75	0
17.25	0
17.75	0
18.25	0
18.75	0
19.25	0
19.75	0
20	0.5
20	1
20	1.5
20	2
20	2.5
20	3
20	3.5
20	4
20	4.5
20	5
20	5.5
20	6
20	6.5
20	7
20	7.5
20	8
20	8.5
20	9
20	9.5
20	10
20	10.5
20	0.25
20	0.75
20	1.25
20	1.75
20	2.25
20	2.75
20	3.25
20	3.75
20	4.25
20	4.75
20	5.25
20	5.75
20	6.25
20	6.75
20	7.25
20	7.75
20	8.25
20	8.75
20	9.25
20	9.75
20	10.25
20	10.75
19.5	11
19	11
18.5	11
18	11
17.5	11
17	11
16.5	11
16	11
15.5	11
15	11
14.5	11
14	11
13.5	11
13	11
12.5	11
12	11
11.5	11
11	11
10.5	11
10	11
9.5	11
9	11
8.5	11
8	11
7.5	11
7	11
6.5	11
6	11
5.5	11
5	11
4.5	11
4	11
3.5	11
3	11
2.5	11
2	11
1.5	11
1	11
0.5	11
19.75	11
19.25	11
18.75	11
18.25	11
17.75	11
17.25	11
16.75	11
16.25	11
15.75	11
15.25	11
14.75	11
14.25	11
13.75	11
13.25	11
12.75	11
12.25	11
11.75	11
11.25	11
10.75	11
10.25	11
9.75	11
9.25	11
8.75	11
8.25	11
7.75	11
7.25	11
6.75	11
6.25	11
5.75	11
5.25	11
4.75	11
4.25	11
3.75	11
3.25	11
2.75	11
2.25	11
1.75	11
1.25	11
0.75	11
0.25	11
2	8.5
2	8
2	7.5
2	7
2	6.5
2	6
2	5.5
2	5
2	4.5
2	4
2	3.5
2	3
2	2.5
2	8.75
2	8.25
2	7.75
2	7.25
2	6.75
2	6.25
2	5.75
2	5.25
2	4.75
2	4.25
2	3.75
2	3.25
2	2.75
2	2.25
2.5	2
3	2
3.5	2
4	2
4.5	2
5	2
5.5	2
6	2
6.5	2
7	2
7.5	2
8	2
8.5	2
2.25	2
2.75	2
3.25	2
3.75	2
4.25	2
4.75	2
5.25	2
5.75	2
6.25	2
6.75	2
7.25	2
7.75	2
8.25	2
8.75	2
9	2.5
9	3
9	3.5
9	4
9	4.5
9	5
9	5.5
9	6
9	6.5
9	7
9	7.5
9	8
9	8.5
9	2.25
9	2.75
9	3.25
9	3.75
9	4.25
9	4.75
9	5.25
9	5.75
9	6.25
9	6.75
9	7.25
9	7.75
9	8.25
9	8.75
8.5	9
8	9
7.5	9
7	9
6.5	9
6	9
5.5	9
5	9
4.5	9
4	9
3.5	9
3	9
2.5	9
8.75	9
8.25	9
7.75	9
7.25	9
6.75	9
6.25	9
5.75	9
5.25	9
4.75	9
4.25	9
3.75	9
3.25	9
2.75	9
2.25	9
3	7.5
3	7
3	6.5
3	6
3	5.5
3	5
3	4.5
3	4
3	3.5
3	7.75
3	7.25
3	6.75
3	6.25
3	5.75
3	5.25
3	4.75
3	4.25
3	3.75
3	3.25
3.5	3
4	3
4.5	3
5	3
5.5	3
6	3
6.5	3
7	3
7.5	3
3.25	3
3.75	3
4.25	3
4.75	3
5.25	3
5.75	3
6.25	3
6.75	3
7.25	3
7.75	3
8	3.5
8	4
8	4.5
8	5
8	5.5
8	6
8	6.5
8	7
8	7.5
8	3.25
8	3.75
8	4.25
8	4.75
8	5.25
8	5.75
8	6.25
8	6.75
8	7.25
8	7.75
7.5	8
7	8
6.5	8
6	8
5.5	8
5	8
4.5	8
4	8
3.5	8
7.75	8
7.25	8
6.75	8
6.25	8
5.75	8
5.25	8
4.75	8
4.25	8
3.75	8
3.25	8
5	5.5
5	5.75
5	5.25
5.5	5
5.25	5
5.75	5
6	5.5
6	5.25
6	5.75
5.5	6
5.75	6
5.25	6
14.41726874	5.555243308
12.16489718	7.779044278
16.72342528	3.125028429
12.18309754	3.167590252
16.88645012	7.859342367
17.54824774	5.508362616
14.5972314	8.496889287
11.39433933	5.518917411
14.50918181	2.431642611
10.77592705	9.06069027
10.77592705	1.93930973
18.1080236	1.894090781
18.05682942	9.030167647
13.85560588	7.033597946
15.96313317	4.790802845
12.93090662	4.794528728
18.30424779	3.965249104
13.00190998	9.188523122
10.62976617	7.00999574
16.07870288	9.305380167
16.04523274	1.68616785
10.68444174	3.983652343
13.08347759	1.669003216
18.30370146	7.056041233
15.37634674	6.877448787
14.66314911	4.059924008
12.50366014	6.399975401
16.73623864	6.412352088
13.50579905	3.314797853
18.72377254	5.102570243
14.11873935	9.763965557
10.30181553	5.879537612
14.15709442	1.252198326
15.60430607	3.058998589
15.66890323	8.072633781
10.28846738	8.050919471
18.80393099	2.870918328
11.87091833	9.803930992
10.19606901	2.870918328
11.84724638	1.214048946
17.17569607	9.798510856
17.08390563	1.305101738
18.69439818	8.138191803
9.959163121	9.824055195
9.959163121	1.175944805
13.36081452	8.195454249
17.23673605	4.343967807
11.736956	4.369656336
1.226227324	1.181265232
1.179938683	9.75706511
15.581982	5.778379627
13.40637971	5.729839156
18.92034873	1.09592055
18.90407945	9.920348728
15.19902038	9.940863435
18.94313592	6.174885457
10.03001444	4.770995583
15.13085217	1.084857027
11.28374091	8.262143678
11.21751709	2.831067823
17.7615485	2.864321384
17.6398525	8.182363065
8.756255	9.990417204
1	8.25
8.756255	1.009582796
0.995288744	6.444133457
2.743271687	0.9343627
4.210568583	1.009589683
2.258121648	9.971249438
3.710568583	10.00958968
5.311949785	9.993119603
5.716057228	1.052903269
7.25	10
1.059380676	2.24442784
0.990932642	3.709258387
7.25	0.96814868
12.07255154	8.797356932
16.92530921	2.239306854
16.92105429	8.816359813
12.05255452	2.162899197
1.002021609	5.297420332
14.56330201	7.471474448
13.96334481	4.64290615
0.996684514	7.445807287
6.445807287	9.996684514
11.69366334	6.94369349
14.50413787	6.425849163
10.76511804	10.14558531
10.76511804	0.854414688
16.64395112	5.514650522
12.3541797	5.475251594
17.64216495	6.544034944
16.07934047	3.843729475
15.03433423	4.868524412
13.56999921	2.402444461
19.10694686	1.985655711
18.00127313	0.916041373
18.01262505	10.10571761
19.15403504	8.999477446
12.83196056	3.849231111
19.11432519	4.297614718
13.29141289	10.03561452
9.870621136	6.695248525
13.30475148	0.870621136
12.85605399	7.293049317
16.36227286	10.13998045
9.867199108	3.565382213
16.36359239	0.85633858
19.13911604	7.314786825
9.866541326	8.933292621
9.866541326	2.066707379
15.36378118	2.16453429
15.21219465	9.043515806
10.98049351	4.719319465
17.47321818	7.317737832
11.0422851	6.292206937
17.99485578	4.756909974
13.75690997	8.994855778
16.20940933	7.175119094
0.832317073	9.068089431
1.931910569	0.832317073
16.16419897	2.507299038
12.77897477	2.619573254
14.39128004	3.219263927
11.4462872	3.650998343
17.56160413	3.647108333
8	1.21875
8	9.78125
4.5	9.78125
3	9.78125
3.5	0.78125
1.21875	3
5	0.78125
6.5	1.21875
19.21924634	3.548633119
9.758643274	7.488032022
12.5121927	10.23107422
12.5121927	0.76892578
1.304587255	4.500432076
18.20221474	5.959368458
14.75360477	1.699463114
16.24326666	8.522489239
13.22615834	6.476439658
11.8369595	6.119358033
15.41623876	4.135100102
14.0247629	3.825742224
12.62425518	8.327684412
14.04128103	8.041122505
15.94131278	6.403668294
9.411460639	10.27705152
9.411460639	0.722948481
19.34623126	5.607035865
14.570849	10.30132825
9.69867175	5.429151004
14.570849	0.69867175
0.625104904	0.704326175
0.704326175	10.3748951
1.645114943	10.32758621
0.712332039	1.626960356
13.96989657	1.982940095
11.3313788	7.532076639
13.98468835	6.281205464
11.43927019	10.37436808
11.43927019	0.625631919
17.11213872	5.055269983
13.39731322	4.183940456
18.28004793	3.292953437
10.75188368	3.290822286
18.26558648	7.638447769
14.44741952	9.360088074
10.65554636	5.506333466
11.54593222	9.093424321
11.62380205	1.916512024
17.57418631	1.866026615
17.47919733	9.105880571
17.09934588	5.910565473
15.68944852	10.36328327
15.68944852	0.636716734
19.34183514	6.733884473
9.636716734	4.31055148
10.23187499	0.680313108
10.23187499	10.31968689
16.95306022	7.0913174
13.8297482	5.208056823
9.323909028	9.55841896
9.323909028	1.44158104
11.93460873	5.078726292
19.34183456	0.66087699
19.33912301	10.34183456
14.87984713	6.117415723
16.75522547	3.861489311
0.611826902	4.274102537
8.229166667	0.609375
8.229166667	10.390625
4.770833333	1.390625
3.270833333	1.390625
6.270833333	0.609375
0.609375	2.770833333
2.770833333	10.390625
4.270833333	10.390625
14.93066717	3.357888392
1.39658874	6.762881679
1.39658874	7.737118321
6.737118321	10.39658874
5.762881679	10.39658874
0.558851302	5.722317344
1.429506306	5.730096224
1.400075501	8.758232665
2.241767335	1.400075501
14.95127751	8.180556775
15.28362876	7.516313968
19.36670219	4.900304172
13.90030417	10.36670219
9.639621482	6.127401379
13.87265478	0.639496379
1.688640713	9.516405454
1.480760582	1.707061476
10.78134745	8.551533677
18.28507023	2.499380184
10.76414364	2.438064446
18.35349813	8.57871653
19.33599401	2.551042804
17.46851824	10.3785896
17.46782874	0.622732012
19.37953499	8.468588547
12.90924842	3.242912201
0.513961611	6.718871132
0.590674213	7.76230315
6.76230315	9.590674213
5.730915219	9.559766643
12.19264288	3.853779093
10.62119269	7.691705886
12.33564326	9.373540738
16.63242877	1.586864652
16.62071326	9.360360165
12.31442636	1.706064007
9.43804087	8.24326284
9.578019456	2.75
16.14696751	7.768998465
10.54429524	6.308293164
13.51347281	1.51017818
16.15901624	3.212662097
12.26669577	7.161151333
13.34726861	7.475759599
12.49519243	4.477728785
14.93313539	2.653004079
18.21536155	5.272480944
10.26093877	9.352672063
10.26093877	1.647327937
12.70150725	5.819315342
19.38875006	1.467918126
18.52276844	0.629323174
18.53208187	10.38875006
19.38875006	9.532081874
15.47980398	1.559110869
13.60206211	9.553170344
18.57568948	4.575717626
15.98548878	5.436271391
0.505943727	9.658453065
1.341546935	0.505943727
11.21564099	4.192316794
16.57483688	4.480873556
14.51824077	4.865338664
11.89554119	8.291115826
11.83189449	2.755840096
17.10688067	2.757943871
17.13223557	8.260650141
13.27502356	8.758282573
12.81664378	7.862454889
14.3486419	7.095993219
15.15953128	5.31844006
17.7471287	4.190477783
16.72514973	10.49558948
16.72533824	0.50388467
19.5086934	7.723810761
15.632089	8.622459093
7.644956302	0.567489076
4.855043698	10.43251092
3.35837955	10.43338383
5.355043698	1.432510924
0.566782237	3.358418175
3.85837955	1.433383829
7.641069504	10.43295327
6.855043698	0.567489076
18.63765098	1.623368885
18.39058991	9.678916533
11.36784027	9.753086754
11.36502218	1.249053715
13.07622247	5.375350942
0.559877781	4.85577189
18.54833183	6.543695766
10.2097784	4.271448654
15.73309201	9.770537438
13.85584593	2.905172778
11.21091652	8.827455868
11.20999022	2.188001794
17.80730212	2.29799884
17.83487988	8.605914012
16.29394921	5.855633573
12.07541025	10.41497666
12.07541025	0.585023344
18.58539438	5.61324696
15.863253	1.279144609
15.44633476	6.180635217
0.595921308	8.590824277
2.40830918	0.556749081
15.46274346	3.56772962
13.42457528	4.995002764
18.84239461	6.8750485
15.58766012	5.061130115
12.61525997	2.0642916
14.96250512	7.169745542
12.59635079	8.90805962
9.454235407	3.284382725
19.45396256	6.207443109
15.24849351	0.51070218
15.23122657	10.53746569
9.436958605	4.7368521
11.73600256	7.403809068
13.28518311	2.858495702
8.462372651	1.436866241
7.521769663	1.463307584
8.478230337	9.536692416
7.006768994	1.381525474
3.044873447	0.548916705
3.974283327	9.644184592
4.002074777	0.615824331
2.521769663	9.536692416
3.503698164	9.66539246
7.53555605	9.556676151
4.521769663	0.536692416
4.967458353	9.552315518
5.463188916	0.562760628
6.03562806	1.452600567
1.463307584	2.521769663
1.384731905	3.499804461
10.11860031	5.34406504
14.64808225	9.828133089
1.319900472	9.286413404
1.713586596	1.319900472
1.466900369	4.965390527
12.41535357	4.962253079
1.467167343	4.011166001
17.81611173	1.445355436
17.91351975	9.529924424
16.48646502	4.912753166
13.78263874	8.455443157
8.736180134	0.503353595
8.736180134	10.49664641
2.178781572	10.42173444
0.499347183	2.262745521
1.510189936	6.289599042
2.748509916	1.387185975
14.08963907	7.536260368
18.67551282	3.642215616
1.509302693	8.231864819
12.83515926	9.915210747
10.14796604	7.130100407
12.87347339	1.125103146
16.62988072	2.655284987
11.13970825	6.84428148
16.70472572	8.347879831
19.49157571	3.118697593
11.46374703	4.752623329
14.37183667	5.974842146
14.33052203	4.41113082
0.511350276	6.204233978
1.159338659	10.5072007
0.492799304	1.159338659
0.515368474	7.210830327
6.212837674	9.523002646
10.72173882	5.938732365
17.10491199	6.679013409
6.230697114	10.540333
1.540333	7.230697114
17.82185643	6.982408833
17.33437889	7.802231188
13.10989672	2.18407319
12.02524435	6.574601191
18.58275068	8.913330056
16.46422786	2.085809862
19.43306736	3.968997878
9.6014431	7.040240561
12.85669736	10.47617938
12.86407632	0.516184841
15.76275199	7.468274735
14.65605266	1.181400553
10.67884664	0.383410845
10.67884664	10.61658916
10.36073768	8.854216973
10.36073768	2.145783027
15.02527394	8.618203106
17.48306408	4.710253633
17.32435305	3.203168689
15.8959592	4.275348816
18.61386288	2.087184486
11.62652176	3.214954101
15.70644228	2.54730985
10.27331827	3.336906258
18.68436469	7.397571057
18.46000567	1.155894696
18.81340024	9.385682932
13.28008053	3.762535011
10.40190195	9.845754516
10.40190195	1.154245484
15.06495917	6.595998432
12.27812013	5.969704788
11.81579769	5.6052187
9.436765372	8.719305512
9.447665947	2.271122591
17.67283846	6.034524268
12.29702231	2.629239461
0.504928562	3.82949869
3.828984379	10.49587674
4.328984379	1.495876742
15.84285234	2.106552251
10.8472469	9.65721158
10.84684432	1.343094201
9.772948935	10.59864382
9.772948935	0.401356179
17.93781019	7.349039101
5.339517261	10.57819631
7.125955532	10.52497415
9.431277267	7.796066377
13.90123581	5.683116067
19.61080761	2.219345173
17.87181617	10.54180028
17.84418843	0.371653022
19.57861346	8.861672246
9.709348133	9.427580152
9.709348133	1.572419848
15.05552467	4.340541395
16.38788445	8.990616592
11.52477129	6.45404146
17.10092086	5.497212149
14.92088611	2.192563134
1.738086125	0.424049513
0.424049513	9.261913875
0.425607406	5.291955509
13.35447034	7.005917116
12.87950454	6.708600796
15.49214169	4.578574614
19.61958115	7.170413676
16.14095358	0.448591916
16.13889081	10.54565376
9.448204023	3.852135983
14.03551539	2.378831157
16.23914543	9.762427601
16.27470879	1.256307462
10.65337729	4.455692455
15.34964067	9.488656865
18.89712693	8.567788117
16.27934356	6.660533935
14.21529527	8.845901773
14.1646448	6.714700262
14.48463539	7.978279669
10.51494444	4.955208815
18.93162271	2.433426868
17.5650895	9.932415491
17.50785516	1.082107005
17.18399367	3.899523686
19.5225339	4.462700826
13.43798624	10.50642762
9.415852372	6.571697185
13.43597184	0.419356142
15.81451411	6.914371265
18.65847946	4.126360448
19.55406728	1.05461938
18.93944523	0.44681121
18.94538062	10.55406728
19.55170022	9.952419625
10.18815688	7.601422441
12.9570346	4.263966303
14.3509303	3.691734014
11.44648413	5.949505531
12.29427271	9.915993298
12.24691497	1.166620983
12.44400556	3.533802436
16.63013117	5.999734395
13.50963288	1.932495411
10.08342396	6.269649488
13.71588247	1.106163427
15.08151401	3.819927999
13.96944546	3.455884853
13.71750671	9.959505957
16.75879006	9.875021508
16.69841873	1.055532122
11.21386981	3.338233069
14.25972745	10.61664744
9.395279227	5.750136113
14.24986962	0.395266461
19.62311613	5.26376212
9.947138308	8.496699541
9.956059172	2.469862801
7.25	0.380305672
18.00434611	3.639460942
0.423893808	8.193802482
14.69843522	2.906774635
18.97299829	7.747687516
10.25622918	3.806180441
18.07794272	6.339886464
15.64156608	9.106577564
10.76604965	8.10495765
18.99676864	4.725395573
17.05271955	7.486163113
11.10511458	5.193639679
14.02816969	9.319891798
16.44449309	3.574658557
11.57977864	7.844455048
12.53600321	7.554790134
16.60292191	7.439516312
11.76804208	3.941656284
17.72439019	5.092833783
5.862002618	0.502265002
8.93734088	1.537818579
8.939606264	9.458404086
14.93492111	9.442117813
0.868762664	9.498323768
1.499687236	0.868920586
12.30228968	8.198103538
18.1755054	4.371222572
18.3753467	4.935651167
13.36597158	9.162069363
0.985238621	8.673203987
2.326796013	0.985238621
1.59408414	5.348905291
11.00543913	3.691515292
12.53676299	3.024162094
13.52763229	5.39827315
17.78637994	3.329402557
14.42977121	2.033689287
12.05446196	4.652763126
13.64961164	7.848959305
13.6408996	6.638492712
16.02626132	8.188816904
9.833236673	7.916811121
14.31638849	1.617910066
1.575439951	2.072350131
2.081877461	9.426770873
5.345189496	9.404814778
7.159051215	9.407886833
12.38886006	10.62444605
12.39033585	0.374026793
11.96138882	9.19627218
11.92198551	1.607022371
17.07801449	9.392977629
17.03861118	1.80372782
0.9850386	4.713879353
11.67043268	8.712970028
11.6171992	2.369524487
17.37465478	8.605545304
17.3389529	2.334906017
7.662662926	0.980244968
7.662662926	10.01975503
5.337337074	1.019755032
3.837337074	1.019755032
6.837337074	0.980244968
3.337337074	10.01975503
4.837337074	10.01975503
0.980244968	3.337337074
9.87376825	3.161517905
0.993037514	6.968870166
0.996372449	7.837421861
6.837421861	9.996372449
5.91741544	9.998527661
14.74911233	10.6498684
9.349302582	5.249547914
14.74938729	0.364262526
19.67242321	5.75
18.39289825	2.896865115
10.59027292	2.881637285
18.17389733	8.096580983
12.89702855	6.278700204
15.30950514	8.288986713
1.000858116	5.917142503
11.06475185	5.707290646
11.16535139	0.414316773
11.16535139	10.58568323
18.89774703	3.242666299
8.390903005	0.977339554
8.392521136	10.01996235
4.566431192	1.042806768
3.088755781	1.006048626
4.156901042	10
2.628006883	10.00528693
6.076904248	0.967178768
0.98907875	2.621570951
16.38997968	4.091937811
13.53368043	6.147809021
9.242772399	0.384858291
9.242772399	10.61514171
17.7929531	7.73120762
13.84002368	4.219897879
0.998315992	4.154552945
19.6382173	1.809891213
18.23399987	10.66143948
18.25184026	0.319491725
19.66001682	9.22516608
15.99670181	8.909504531
16.95497012	4.619629277
15.03582882	1.46313284
0.392928266	0.391508138
0.391508138	10.60707173
7.866856181	1.663165789
6.368835952	1.661636215
8.133143819	9.336834211
3.370156722	0.338580539
4.631604964	9.339066083
2.866856181	9.336834211
4.866856181	0.336834211
1.663165789	2.866856181
12.48721008	6.818917743
14.73715225	5.220539357
15.9928983	2.843757128
1.638805787	4.375696604
1.849281609	9.982327586
1.063074713	1.554166667
9.165283176	9.9142497
9.164905612	1.085120744
17.01587071	3.539466906
10.34961963	6.681048538
9.372694601	9.157248438
9.37321909	1.841940749
9.779974226	10.18042707
9.779974226	0.819572931
19.61276382	3.577991568
13.26079881	1.262371076
11.66887559	0.35583294
11.66887559	10.64416706
14.24788307	5.192828438
19.02012623	3.916764356
5.690006984	1.635255247
11.20624285	9.344443361
11.22302314	1.666341011
17.96821346	5.612617925
11.94343284	3.560463418
19.02360364	1.594995555
18.45984407	10.02343323
14.73408215	8.94884046
19.09554174	5.28979933
14.21670198	10.14041716
9.869096556	5.795220938
14.21670198	0.859582839
13.0407602	8.400751982
0.337476419	1.753143275
1.736111785	10.68886808
0.931678316	0.382806105
0.382806105	10.06832168
19.64499477	8.158509669
17.15850967	0.355005225
17.15850967	10.64499477
19.63572401	0.364275993
19.63572401	10.63572401
16.29698908	6.244323332
9.372791503	7.399484951
18.56325763	6.083439268
14.20933417	8.367003251
15.11078097	1.815760849
19.70701414	2.75
11.51231111	5.151891204
17.42833466	6.903819001
0.300786374	0.761916548
0.761916548	10.69921363
18.20843418	1.437770024
10.76413784	6.640261953
14.29805168	2.768337022
14.9192218	7.711241869
9.55818972	9.863630433
9.558126793	1.136264641
2.726273698	0.362538825
15.92434277	5.983151906
16.57011806	8.662754735
1.62605024	9.06270987
1.93729013	1.62605024
11.06711119	7.798540798
13.66957081	3.793799713
18.351418	9.307604318
10.37152004	8.453797278
10.35643574	2.542048962
10.94805934	7.333283352
12.67453314	5.272395379
3.75	9.278928386
4.22521056	0.279788542
7.225454949	1.720073484
16.0076541	10.10966343
9.88362549	3.961139754
13.91416262	1.560166951
17.12656934	10.18153698
17.11053857	0.824695627
19.17530437	8.110538569
0.873223622	10.00516296
0.992208996	0.869491263
17.44230343	9.551941794
17.404134	1.500463723
12.50402554	4.055185148
14.65389522	6.813063067
15.4939919	5.41903582
19.02700911	6.527636515
1.720656093	3.719246494
15.74008569	10.71780438
9.28054433	4.257785275
15.73254037	0.296159962
19.69586622	6.730248751
13.38200773	4.53980233
7.953049608	0.365435226
4.546950392	10.63456477
3.046950392	10.63456477
6.546950392	0.365435226
7.953049608	10.63456477
3.546950392	1.634564774
0.365435226	3.046950392
5.046950392	1.634564774
18.55824899	7.803695825
19.11498319	2.854761316
19.01928766	5.819671661
1.285776789	10.11340925
14.72014326	4.532277991
17.25109998	6.316098036
15.7428893	3.902386834
15.91546477	3.526694195
10.49914451	7.346919902
12.70444345	9.484474327
12.65452107	1.503615884
2.11220961	0.34806303
0.34806303	8.88779039
11.76011762	10.15240861
11.74132653	0.85441513
0.363063568	4.541838217
14.90757498	10.22370888
14.89681938	0.779864099
9.745433844	5.097635273
18.1113673	6.706491321
12.4888178	7.94441545
13.14016279	5.971242387
12.29819768	8.504464066
15.18383669	3.058591167
14.30182014	4.036101631
14.83076772	5.630679281
16.3338839	2.868806336
0.7391754	1.958883738
19.70632517	0.715954473
19.28404553	10.70632517
19.28340076	0.294392838
19.71382759	10.27698716
16.47185507	7.969456563
10.24323169	10.72223596
10.24323169	0.277764037
11.20947494	10.10230004
11.19711572	0.904981481
15.48495047	7.217702795
16.83988859	4.215068646
12.12522015	4.225128129
13.13349321	9.556510403
15.60484762	6.589547706
15.53546205	0.967773755
7.780517483	9.286455012
3.755918492	0.286803103
5.219391042	0.286898487
3.264351708	9.319423573
4.232843844	9.317164526
1.713363757	3.255217878
8.219331548	1.713074317
6.758593528	1.701715823
11.36920834	7.186854055
16.2110519	4.444097117
0.897328475	1.278244435
16.6298067	6.838532948
14.68350813	3.629747668
15.29340007	7.911244329
10.34495295	4.609104118
15.97790306	0.907478842
15.22794047	5.735971203
9.062314757	0.741172781
9.06239027	10.25870131
13.15666246	2.527758947
11.5904645	9.438231522
11.59621585	1.530595613
13.79998256	10.70699128
19.70699128	4.799982562
9.293008724	6.200017438
13.79998256	0.293008724
13.20723881	7.846287702
10.59551834	3.625057718
1.682058682	4.668303841
1.105027227	1.860641701
1.519922941	9.853087199
15.30962049	2.587042077
13.71840069	7.392387558
1.749945762	7.75
1.749945762	6.75
5.75	10.74994576
6.75	10.74994576
18.0043886	8.351247497
17.73736619	8.394138538
17.90687491	8.139472024
18.094189	8.592315271
18.26369773	8.337648756
18.27680392	5.612932443
18.39380456	5.786307709
18.0852141	5.785993191
18.40037796	5.442863952
18.0917875	5.442549434
12.83634888	7.577752103
13.0316464	7.569668509
13.01194129	7.854371296
15.52319038	7.492294352
15.52807603	7.689759532
15.28851441	7.713779149
13.1016613	7.384404458
13.27725371	7.66102365
15.71582761	7.770454258
15.48115165	7.991939055
12.01697018	8.996814556
12.33445116	8.852708276
12.27886981	9.0521659
12.14851604	9.284906459
12.46599703	9.140800179
0.279425651	5.611158672
0.279425651	5.861158672
1.714753153	5.865048112
1.714753153	5.615048112
17.95766286	2.096044811
17.69074422	2.082012728
17.84110496	1.880058698
17.76801337	9.068024109
17.6570386	8.855897291
17.94585465	8.818040829
14.5239687	7.724877058
14.28713723	7.757270018
14.32647054	7.503867408
14.43798727	6.200345654
14.6258419	6.046128934
14.6919925	6.271632443
15.46605619	9.855700437
15.71127026	10.06691035
15.44423445	10.15207335
9.833365586	4.540773532
9.923247568	4.291000067
10.11989642	4.521222118
1.46846087	6.996789397
1.266685257	7.09978364
1.194813127	6.865875923
5.84014856	10.1975582
6.074056277	10.26943033
5.996789397	10.46846087
14.15925228	5.619179687
14.07455944	5.437972253
14.33257591	5.374035873
10.77863725	8.806111973
10.99613198	8.689494772
10.99342178	8.944073069
11.24732871	8.544799773
11.03254418	8.406838677
17.78442531	2.581160112
18.04618617	2.398689512
18.02330936	2.681850784
18.19654691	2.196735482
10.99295863	2.063655762
10.98706693	2.31303312
10.77003534	2.188687088
10.99083037	2.634566135
11.21375365	2.509534808
18.20516378	8.804442089
14.06546005	7.788691436
14.26295821	8.009701087
16.56520807	5.213701844
16.79930187	4.984011575
16.87804492	5.284960253
7.831331463	1.099497484
7.945914796	0.794809984
8.114583333	0.9140625
4.668668537	9.900502516
4.554085204	10.20519002
4.385416667	10.0859375
3.168668537	9.900502516
3.054085204	10.20519002
2.885416667	10.0859375
1.099497484	3.168668537
0.794809984	3.054085204
0.9140625	2.885416667
8.114583333	10.0859375
7.945914796	10.20519002
7.831331463	9.900502516
5.168668537	0.900502516
5.054085204	1.205190016
4.885416667	1.0859375
3.668668537	0.900502516
3.554085204	1.205190016
3.385416667	1.0859375
6.385416667	0.9140625
6.554085204	0.794809984
6.668668537	1.099497484
14.97240315	6.356707078
14.78454852	6.510923798
1.359987987	9.022323034
1.152569547	8.979808696
1.192657061	8.715718326
1.076108773	9.177251417
0.908777847	8.870646709
1.977676966	1.359987987
2.020191304	1.152569547
2.284281674	1.192657061
1.822748583	1.076108773
2.129353291	0.908777847
1.268508757	7.338252201
0.994861014	7.207338727
6.181611363	9.997606088
6.338252201	10.26850876
19.13109164	0.87839877
19.44795092	0.857748185
19.237208	1.075269965
18.92989698	0.77136588
19.14063989	0.5538441
19.12160123	10.13109164
19.14225182	10.44795092
18.92473003	10.237208
19.22788984	9.936384176
19.44541162	10.14712709
11.91776394	10.28369263
12.02719517	10.03420095
12.18484148	10.16548498
12.16116261	0.875822163
11.99412075	1.010518056
11.90836839	0.719719237
12.87060449	3.546071656
13.09466448	3.502723606
13.05602055	3.805883061
13.39293979	3.538666432
13.20752373	3.278855027
0.295337106	7.631151575
0.295337106	7.881151575
0.256980806	6.609435566
0.256980806	6.859435566
5.865457609	9.279883322
5.615457609	9.279883322
6.881151575	9.295337106
6.631151575	9.295337106
14.03881564	5.20044263
13.86549201	5.445586445
0.191403053	9.784160842
0.191403053	10.03416084
1.215839158	0.191403053
0.965839158	0.191403053
13.57172663	8.325448703
13.52883115	8.606862865
13.31791904	8.476868411
13.51596677	8.876569175
13.76977436	8.725149467
18.33992946	3.640838279
18.4898803	3.80373236
18.15429695	3.802355023
18.47778037	3.467584526
18.14219702	3.466207189
1.247270657	8.452534403
1.454689097	8.495048742
1.747198276	10.1549569
2.014031591	10.20203102
1.911948257	10.37466033
0.992619311	8.461601994
1.254651347	8.24093241
12.14439422	5.276988943
12.17498115	5.020489685
12.38476663	5.218752336
1.81302512	8.781354935
1.513062871	8.910471267
1.700037751	8.629116332
2.218645065	1.81302512
2.089528733	1.513062871
2.370883668	1.700037751
15.95485975	7.6186366
15.90793537	7.920816123
2.53503385	0.95980066
2.745890801	1.160774337
2.537652964	1.186212298
2.495138625	1.393630738
1.271917647	1.630614071
1.388330655	1.437033569
1.597173589	1.513480974
12.88886486	5.597333142
13.10819263	5.673296665
12.92083502	5.895278865
13.24130109	5.552595049
13.27327125	5.850540772
14.54485763	3.063019281
14.8145512	3.132331514
14.66097361	3.288576159
17.33019323	5.2818163
17.41826446	5.074051883
17.63631896	5.3005982
15.90589744	9.537958803
15.68732904	9.438557501
15.86013448	9.205978865
17.6105431	5.771443442
17.38609217	5.97254487
17.32379681	5.709464045
1.144651018	1.367715949
1.46990696	1.250582852
19.7543467	7.86190538
19.7543467	7.61190538
16.86266912	0.251942335
16.61266912	0.251942335
16.61257487	10.74779474
16.86257487	10.74779474
16.77759497	2.44729592
16.54705429	2.370547424
16.69476853	2.162558358
12.29380148	10.32302544
12.4032327	10.07353376
12.37955384	0.967773381
12.29380148	0.676974562
18.13246888	9.418764371
17.98517459	9.280046035
18.20412371	9.168885983
18.07722337	2.88059325
18.33647309	3.094909276
18.02079821	3.07863741
10.98470039	3.060945054
10.6710783	3.086229786
10.903895	2.856352554
14.28307944	9.562026816
14.54775089	9.594110581
14.3834108	9.796049323
10.21020792	5.611801326
10.38707333	5.425199253
10.47868095	5.692935539
18.15205483	9.604420478
18.37100396	9.493260425
19.56413727	7.447112219
19.80979058	7.335206838
16.43314591	0.476238293
16.32047679	0.224295958
16.3194454	10.77282688
16.43202027	10.52062162
6.273475196	0.182717613
6.408891863	0.487405113
6.135416667	0.3046875
8.226524804	10.81728239
8.091108137	10.51259489
8.364583333	10.6953125
2.635416667	10.6953125
2.908891863	10.51259489
2.773475196	10.81728239
4.135416667	10.6953125
4.408891863	10.51259489
4.273475196	10.81728239
3.135416667	1.6953125
3.408891863	1.512594887
3.273475196	1.817282387
0.3046875	2.635416667
0.487405113	2.908891863
0.182717613	2.773475196
4.635416667	1.6953125
4.908891863	1.512594887
4.773475196	1.817282387
8.364583333	0.3046875
8.091108137	0.487405113
8.226524804	0.182717613
0.252971864	9.579226532
0.444374916	9.863387374
1.420773468	0.252971864
1.136612626	0.444374916
15.54136634	9.629597152
15.49560337	9.297617215
0.305913451	4.137051268
0.487445235	4.407970377
0.181531784	4.270919108
18.54450061	2.685149256
18.60834647	2.466403526
18.86777685	2.652172598
2.894072567	0.741639703
2.734772692	0.648450763
2.885573573	0.455727765
19.24047559	7.024335649
19.48070814	6.952149074
19.3793486	7.242600251
1.151451624	4.327492511
1.144812927	4.607155714
0.991677296	4.434216149
11.60716464	3.796327314
11.49184154	4.066986539
11.3309641	3.921657569
11.85945384	6.75914734
12.14597006	6.867876262
11.98017956	7.052422411
18.99075532	7.094917662
19.09211487	6.804466486
15.78373539	5.607325509
15.95491577	5.709711648
15.75316238	5.880765766
0.805071447	4.214327741
0.798432751	4.493990945
2.575790433	0.74555589
2.567291439	0.459643953
9.219020435	8.12163142
9.219020435	8.37163142
9.289009728	2.625
9.289009728	2.875
17.69514902	1.655691026
17.96206766	1.669723108
17.69635854	9.317902498
14.24441311	6.353527314
14.17826251	6.128023805
18.65458346	5.357908601
18.46956704	5.187525593
15.46033754	10.45037448
15.21512347	10.23916456
9.733486522	4.753923842
9.53683767	4.52370179
1.81302512	9.031354935
1.968645065	1.81302512
13.89654651	4.925481487
13.62716174	5.101529793
13.69396005	4.818954457
12.68203816	0.25809242
12.62720609	0.445105817
12.44516793	0.187013397
12.44443003	10.81222303
12.62277871	10.55031272
12.67834868	10.73808969
8.4826734	10.4436357
8.618090067	10.7483232
2.339390786	10.71086722
2.474807453	10.40617972
0.249673592	2.381372761
0.554361092	2.516789427
8.618090067	0.251676797
8.4826734	0.556364297
11.83817828	2.039705611
11.77289378	1.761767197
11.98727001	1.884960784
17.20012581	8.961120192
17.27860591	9.2494291
16.99953439	9.104668721
12.67367598	10.07314248
12.84592831	10.19569506
12.68444503	10.3536268
13.07405512	10.25589695
13.06328607	9.975412632
9.680043187	7.264136291
9.87470457	7.085170484
9.953304657	7.309066214
10.00929359	6.912674466
9.736032118	6.867744543
12.68813451	0.64255531
12.86877486	0.820643994
12.69283305	0.947014463
13.08911243	0.997862141
13.0844139	0.693402988
11.41735815	2.600296155
11.72454685	2.562682291
11.52470579	2.793453959
11.58964105	8.276629752
11.78298693	8.502042927
11.47708679	8.487556853
17.50725364	8.393954184
17.25344518	8.433097722
17.38604403	8.221506603
17.43421458	2.811132627
17.22291678	2.546424944
17.5502507	2.5996137
13.53981605	2.167469936
13.73976473	1.957717753
13.76994789	2.192692278
2.874254958	1.693592987
3.009671625	1.388905487
12.0849887	5.540235147
11.87520321	5.341972496
16.13971899	5.645952482
16.10914599	5.919392739
14.00270598	2.180885626
13.8027573	2.390637809
12.93203816	0.25809242
12.92834868	10.73808969
6.066417976	0.555820001
5.931001309	0.251132501
16.22479909	4.851778006
16.2359769	5.174512279
15.97431097	5.113537118
16.31471995	5.475460957
13.67267627	4.59135424
13.6110157	4.379850105
13.90168425	4.431402015
12.79913038	9.048291371
12.93568718	8.833171096
13.13846677	8.973402847
7.653809614	0.773867022
7.937061484	0.588432038
4.846190386	10.22613298
4.562938516	10.41156796
3.347858312	10.22656943
3.064606442	10.41200441
0.773513603	3.347877625
0.588078619	3.064625754
5.346190386	1.226132978
5.062938516	1.411567962
3.847858312	1.22656943
3.564606442	1.412004414
7.935118086	10.41178913
7.651866215	10.22635415
6.562938515	0.588432038
6.846190386	0.773867022
1.46846087	7.483907717
1.196636627	7.591462804
6.591462804	10.19663663
6.483907717	10.46846087
19.47140867	1.261268753
19.15454939	1.281919338
18.72155858	0.862621862
18.73110684	0.538067192
18.73873125	10.47140867
18.71808066	10.15454939
19.14641475	9.726215301
19.47022514	9.742250749
2.21845161	10.19649194
2.053701629	9.976788512
11.83487686	2.266211842
11.62050063	2.143018256
17.14785453	8.710952558
17.42692606	8.855712937
10.72198234	10.38108723
10.45536082	10.46813802
10.49849652	10.2326361
10.49849652	0.767363898
10.45536082	0.531861976
10.72198234	0.618912766
6.065126557	9.760765154
6.329322481	9.75984358
0.756026494	7.328318807
0.754202994	7.089850246
11.21569345	3.084650446
10.98287675	3.314527677
11.95044987	7.591426673
12.00134916	7.282480201
12.21579647	7.470097806
11.71483295	7.173751279
12.09686943	8.397789946
12.09891543	8.244609682
12.30024368	8.351283802
14.33439134	6.570274713
14.07466658	6.497952863
10.68864259	5.722532915
10.51177717	5.909134988
5.971876447	9.541384644
5.824165329	9.779147152
0.753499563	6.843870649
0.514665042	6.964850729
8.310034836	0.793357277
8.195451503	1.098044777
4.668632262	1.216715884
4.783215596	0.912028384
8.196260568	9.900606175
8.310843902	10.20529367
3.179794557	1.198336813
3.29437789	0.893649313
0.799226875	2.696202142
1.103914375	2.810785475
6.288452124	1.092964384
6.173868791	0.788276884
2.699420108	10.19795596
2.814003442	9.893268464
4.213867187	10.1953125
4.328450521	9.890625
10.09551906	0.928128957
10.31688847	0.917279296
10.18053254	1.165095145
10.58350999	1.004330086
10.18053254	9.834904855
10.31688847	10.0827207
10.09551906	10.07187104
10.58350999	9.995669914
12.8185555	8.654405801
13.15789188	8.579517277
11.69917788	4.91567481
11.7591045	4.702693228
11.99453535	4.865744709
15.42179258	1.861822579
15.66132816	1.83283156
15.60331676	2.135543271
15.94404254	1.896360051
15.76251836	1.622639359
11.60035152	4.561139832
11.89570898	4.511209731
11.41359471	2.27876314
11.4406746	8.770212948
17.60476733	8.605729658
17.57312751	2.316452429
15.05725193	3.20823978
15.32329007	3.313160394
15.19670531	3.462809006
16.31421341	2.29655445
16.39703984	2.581292012
12.26445225	6.487288296
12.15168224	6.27215299
12.39089014	6.184840095
12.05753981	6.04453141
11.93110192	6.346979612
18.79576255	8.35298996
18.62531253	8.573252324
18.52394816	8.358454166
1.755094968	6.144799521
1.469848121	6.009847633
13.4032915	4.767402547
14.94113596	2.982682901
1.452945717	7.98449157
1.252837571	8.03464334
1.196480595	7.787270091
9.516127432	3.017191363
9.227117704	3.142191363
16.46895017	5.685142047
0.998186225	8.04371093
13.17774095	4.894765746
13.25039887	5.185176853
13.00356454	5.084939835
17.3245843	5.502787382
17.10652979	5.276241066
14.10561394	4.917867294
16.87243599	5.505931335
19.76126695	4.231350413
19.47780063	4.215849352
19.71653368	3.984498939
9.207926186	6.785848592
9.508647736	6.805968873
9.30072155	7.020120281
13.21798592	0.209678071
13.15002408	0.467770492
13.1473418	10.4913035
13.21899312	10.75321381
14.71503396	2.312102872
14.92701075	2.422783606
14.7211586	2.542323345
18.49403307	7.226806145
18.47497558	7.518009413
18.28464397	7.347244501
2.624254958	1.693592987
13.03207894	2.739034478
13.09721577	3.050703951
12.84411159	2.931242727
19.74578785	3.309348797
19.74578785	3.059348797
18.03321394	3.311177997
17.77396422	3.09686197
12.08259552	9.859962145
11.81551798	9.978169799
11.79428645	1.034232038
12.04708067	1.190334964
11.11054006	3.941916043
11.22586317	3.671256818
10.56833236	8.957453621
10.57104256	8.702875325
10.56244066	2.291923737
10.56833236	2.042546379
18.10169833	7.493743435
18.12075582	7.202540167
1.754651347	8.36593241
10.06374005	9.142982342
9.98514345	9.390126108
9.787944729	9.180436387
9.834255627	9.625817674
10.11005094	9.588363629
10.11005094	1.411636371
9.98514345	1.609873892
9.834255627	1.374182326
9.787944729	1.819563613
10.06374005	1.857017658
14.07345452	9.541928677
14.2377946	9.339989936
1.298052874	5.323162811
1.511795223	5.539500757
1.215763957	5.513758278
1.255524026	6.103370773
1.215182211	5.823619363
1.25273934	6.36686625
0.99807343	6.18063798
15.33315711	1.026315391
15.50763302	1.263442312
15.30532808	1.321983948
18.33898424	2.698122649
10.67720828	2.659850866
18.43414776	8.117386393
0.252464281	3.914749345
0.558377732	4.051800613
17.65436641	3.918793058
17.46556118	4.045000734
17.3727989	3.773316009
17.21036486	4.121745746
17.49193237	4.267222795
16.91779226	6.16145878
17.17522293	6.113331755
16.99366931	6.364225062
1.453389338	6.526240361
1.195938742	6.603507568
0.535100789	5.963275661
0.255675138	6.102116989
12.18349044	1.934481602
12.46484317	1.885177803
12.33390724	2.113595399
18.71972262	0.223405605
18.51138422	0.314661587
19.77585011	9.726209812
19.69437503	9.516040937
19.69437503	1.483959063
19.77703364	1.27730969
18.51604094	10.69437503
18.72269031	10.77703364
1.885259087	9.471588164
1.965579535	9.70454923
1.768961161	9.74936652
1.001439862	5.607281417
0.779854709	5.819729924
0.780436456	5.509868838
15.67152849	1.419127739
15.95424287	1.482656229
0.492229354	5.507136427
0.713814507	5.29468792
18.64532264	3.069765707
18.58889748	3.267809868
8.564350635	10.25830438
2.403394228	10.21351069
0.744212966	2.442158236
8.56354157	0.740346575
8.746217567	10.2435318
8.574388068	10.00518978
2.443064266	9.988268183
1.024229713	2.432999395
0.77936393	2.253586681
8.573579002	0.993461175
8.746217567	0.756468196
17.2131392	7.204527616
17.19069744	6.997568201
17.45077642	7.110778417
15.05848604	2.855797623
14.8157853	2.779889357
0.75331951	6.324183718
0.756104196	6.060688241
11.98404636	8.544236379
12.18537461	8.650910499
17.11041451	7.830786778
17.23330723	8.031440665
17.00934284	8.059996254
17.67209421	0.185826511
17.65600858	0.497192517
17.48391437	0.311366006
17.48425912	10.6892948
17.6701672	10.46019494
17.68590808	10.77090014
19.78930673	8.680836123
19.47907423	8.665130396
19.6897675	8.484294273
16.68318491	6.206043242
16.86473852	5.955149934
2.169999555	9.699010156
15.1187343	8.830859456
15.32868147	8.6203311
15.42214183	8.83298745
3.914492189	10.74793837
4.049908856	10.44325087
4.414492189	1.747938371
4.549908856	1.443250871
13.39549108	3.086646777
19.80638191	3.538995784
19.55216976	3.34834458
19.24784846	1.726786918
19.51348368	1.63890467
19.37258208	1.897773462
18.27235346	10.24723383
18.38304087	10.52509477
18.12331246	10.38357854
18.12655669	0.617766549
18.38730435	0.474407449
18.26202079	0.772682273
19.40702593	9.112321763
19.52438344	9.378623977
19.27139255	9.26577966
5.537415732	10.19485417
5.55119947	10.48739253
5.325733523	10.28565796
11.20857968	9.085949614
10.99108495	9.202566815
11.37608753	9.218933841
11.37842437	8.960440094
10.99947509	1.802825371
11.21650668	1.927171402
11.41689613	2.052256909
11.4234126	1.791426517
7.187977766	10.26248708
6.981688697	10.2606733
7.04371093	9.998186225
17.54295077	3.033745037
17.21561686	2.98055628
6.787270091	10.19648059
6.931536926	10.46078145
11.72920812	2.985397098
11.42201943	3.023010962
10.45483004	7.871312679
10.69362117	7.898331768
10.52725851	8.077938561
0.257684237	7.355415163
0.553021343	7.486566738
6.106418837	9.261501323
0.257684237	7.105415163
6.487570412	9.556838429
6.356418837	9.261501323
14.39455271	5.765042727
14.13653624	5.828979106
11.4762985	4.280986565
11.75249904	4.15565631
17.26296887	7.401950472
17.00288989	7.288740256
9.869568673	0.997758868
10.00592461	0.749943019
10.00592461	10.25005698
9.869568673	10.00224113
16.8716485	5.712607997
16.63704114	5.757192458
15.69935753	1.123459182
17.10013337	5.703888811
2.918632848	1.1966173
7.006151575	9.795337106
6.960677182	9.499280523
7.204525607	9.703943416
5.32856964	9.69896719
5.538052358	9.48229071
5.521432502	9.776443123
2.916013734	0.970205663
15.16309094	6.14902547
15.25564696	6.388316825
12.83250769	8.364218197
12.61030299	8.617872016
14.5409334	8.237584478
14.71795645	8.079418222
14.77425446	8.338723031
14.60130219	5.802760713
14.85530743	5.874047502
13.57051452	2.88183424
13.68082249	3.109985316
13.71292257	2.65380862
13.42759116	2.630470082
19.76126695	4.481350413
9.207926186	6.535848592
13.46798592	0.209678071
13.46899312	10.75321381
6.523475196	0.182717613
3.023475196	10.81728239
4.523475196	10.81728239
7.976524804	10.81728239
3.523475196	1.817282387
0.182717613	3.023475196
5.023475196	1.817282387
7.976524804	0.182717613
16.98196019	2.021517337
16.75141952	1.944768841
16.83551997	1.695296236
16.54832831	1.836337257
15.10142528	7.613777919
14.94086346	7.440493706
15.12306694	7.343029755
5.703032106	1.344079258
5.522525341	1.533883086
5.535550463	1.242707097
12.03021918	8.035080052
11.73765991	8.067785437
11.87233791	7.811749663
0.711946904	8.221901241
0.50728401	7.978052816
0.795337106	8.006151575
18.02568824	4.077863443
17.8757374	3.914969362
0.754625178	6.581502295
0.512655944	6.461552555
5.789029923	0.777584136
5.969453433	0.734721885
5.896480738	1.010041018
16.33883075	1.636516251
16.2547303	1.885988856
11.91615358	9.500101586
12.10328079	9.588735865
17.0612584	1.554414779
16.8581672	1.445983195
16.84936387	9.376668897
16.77088377	9.088359989
12.11820594	1.656543189
14.21914049	7.316126793
14.45597196	7.283733833
0.996528482	7.641614574
6.641614574	9.996528482
0.994163129	6.706501812
5.614682612	9.995823632
17.01609494	2.498625362
16.86838069	2.706614429
10.51843291	9.206681166
10.31083822	9.103444518
10.31083822	1.896555482
10.51843291	1.793318834
16.81289	8.582119822
16.91848065	8.304264986
17.02664493	8.538504977
10.5852454	5.23077114
10.81002951	5.074424247
10.88033047	5.349986572
14.76290357	7.320609995
14.74126191	7.591358158
15.31099717	4.964827264
15.3735957	5.189785088
15.09693275	5.093482236
0.255675138	6.352116989
13.10526217	7.149483216
13.35086948	7.240838357
0.793679363	7.604055218
6.604055218	9.793679363
16.50429885	9.175488378
16.65446937	8.903488203
15.53352476	3.313364105
15.39407138	3.058794878
18.84046806	5.451523145
19.0574147	5.554735495
18.80234102	5.716459311
1.79704207	5.424452645
0.772458191	4.784825621
0.585852342	4.564937213
18.36094324	1.990637633
18.44946655	2.293282335
17.78297512	3.643284637
18.6901772	1.125907623
18.49138706	0.892608935
18.2306394	1.035968034
18.85873985	9.65301583
19.10107515	9.458882403
18.98371764	9.192580189
7.25	0.674227176
7.447478151	0.473897374
7.447478151	0.767818878
7.052521849	0.767818878
7.052521849	0.473897374
15.78657445	5.248700753
15.77539665	4.92596648
15.36561328	10.76873285
15.48565613	10.62763504
15.62004284	10.85890219
9.140272165	4.378892638
9.358751468	4.497318687
9.218479303	4.61842605
15.61627018	0.148079981
15.49051694	0.403431071
15.37424675	0.25535109
19.84793311	6.615124376
19.57491439	6.46884593
19.72698128	6.353721554
0.181531784	4.520919108
11.04280405	4.956479572
10.74771897	4.83726414
5.875842644	1.252751918
5.862817522	1.543927907
19.32390472	7.519298793
16.25227299	0.652465248
16.54446531	0.680111625
16.5437113	10.31778496
16.25058183	10.3428171
13.2984752	1.589590698
13.51155285	1.721336795
13.29655524	1.800749313
14.98827573	8.399379941
14.81125267	8.557546197
13.17717391	4.22395338
13.11855756	4.013250657
13.33869688	3.973237734
12.89449758	4.056598707
12.67313009	4.878390903
12.455273	4.719990932
12.71304952	4.636128757
4.388499887	1.026198226
4.447707785	1.269341755
4.269776481	1.252733213
3.933734812	10.00479484
3.99294271	10.24793837
3.769776481	10.25273321
12.00749601	2.961715174
12.0644584	2.692539778
12.24005992	2.898414857
19.85350707	2.625
19.65891088	2.484672587
19.80540381	2.359672587
6.799862505	9.793523331
0.793523331	7.799862505
10.8169354	4.58750596
10.93450914	4.324004625
11.09806725	4.45581813
10.95004137	4.087984568
10.66890952	4.219672399
18.4681244	8.746023293
18.31979005	8.971748851
10.96523472	10.36563427
10.92209902	10.60113619
10.92209902	0.398863809
10.96523472	0.634365731
10.98729649	10.12394267
11.18741317	10.34399163
11.18123356	0.659649127
10.98111688	0.879698085
15.1152533	2.389802605
15.12137794	2.620023078
8.847930632	9.724410645
9.05244472	9.686326893
8.960769088	9.952333452
8.960580306	1.04735177
9.051123246	1.311469662
8.84679794	1.273700688
18.7727428	2.260305677
14.80708765	3.49381803
14.53739408	3.424505797
18.59841462	2.883891721
14.65557351	7.132869381
18.42601665	6.7998685
18.69536322	6.709372133
18.57304803	6.965544866
11.60818245	8.903197174
11.81591075	8.954621104
11.75366052	9.14484825
17.45656961	2.100466316
17.18878204	2.069316918
17.30639874	1.834877218
12.72044948	8.095069651
12.92870199	8.131603436
18.2398766	4.168235838
18.48136362	4.045804776
18.41699243	4.24879151
12.51435642	5.373823486
12.6880202	5.545855361
12.52784348	5.647283468
0.994624317	3.931905666
0.751622277	3.992025818
0.747930602	3.769378539
10.79329017	6.300250051
10.63301703	6.123512765
10.88201196	6.115469651
10.42305539	6.093915388
16.1535401	2.096181057
18.90965714	5.196184786
0.212803703	5.395977755
19.62451245	2.014618193
19.35887723	2.102500442
18.05290802	10.60161988
17.94222061	10.32375894
17.92273078	0.643847197
18.04801434	0.345572374
19.36632425	8.930574846
19.61931514	9.043419163
12.56137488	7.227100325
12.37695292	6.990034538
12.67163203	7.05598353
18.37559744	4.473470099
18.61708447	4.351039037
14.24079279	4.754122407
14.38306192	5.029083551
18.85083901	3.056792313
11.33969401	4.472470062
16.5882904	8.158668197
16.47399619	8.435184535
16.35756086	8.245972901
16.24905819	8.079136733
16.13476399	8.355653071
19.47340081	2.385193989
19.52150407	2.650521402
15.84758227	8.130725342
15.82917516	8.405637998
15.65049612	8.347546437
15.93767783	8.572474166
15.11561328	10.76873285
9.218479303	4.86842605
15.12424675	0.25535109
19.72698128	6.103721554
9.437403121	8.481284176
9.218382686	8.609652756
9.223832973	2.385561296
9.512842701	2.510561296
16.00352565	2.306925645
7.079525607	9.203943416
5.422594748	9.202407389
10.56878485	8.279377464
10.32999371	8.252358375
13.86040073	9.65856795
13.8151159	9.436531071
11.6640544	5.378554952
11.72345992	5.115308748
13.99896701	8.650672465
13.98610262	8.920378776
10.84494044	3.837583817
13.53344201	3.988870085
13.75479724	4.006848796
13.61866845	4.201919168
17.73895993	4.733581803
17.61509639	4.450365708
17.87099224	4.473693878
17.35990006	4.52711072
0.246399652	1.329669329
0.415137862	1.456240967
0.16873821	1.626571637
1.329669329	10.75360035
1.447725222	10.59803439
1.618055893	10.84443404
11.6578906	7.624132058
9.755121309	6.411324952
9.861522719	6.198525434
9.977022546	6.482449006
13.58870313	0.755058758
13.79426863	0.872829903
13.51031697	0.988392281
17.12685528	9.595744243
16.96724306	9.836766182
16.91840227	9.633999569
16.68975166	9.617690836
12.06803786	3.707121256
12.1937192	3.547132927
12.31832422	3.693790764
16.66542375	1.321198387
16.89116218	1.18031693
12.7230057	3.133537147
12.65786888	2.821867674
12.06326519	3.364026835
12.31355155	3.350696344
13.99598646	8.411223204
14.21231472	8.606452512
14.10212389	7.064795582
13.97262248	7.284929157
11.22212027	4.735971397
16.17818842	7.47205878
15.98608066	7.321696915
9.643236754	6.633472855
9.527736927	6.349549282
13.37036166	0.644988639
13.65431331	0.529426261
19.22147043	2.268349257
17.74057164	10.2421536
17.73455094	0.769386692
19.26678502	8.734032996
19.02558098	8.783632782
19.13833096	8.518188332
16.676653	2.890156708
16.91515297	2.94148615
19.77585011	9.976209812
18.96972262	0.223405605
18.97269031	10.77703364
19.77703364	1.02730969
15.52559119	6.385091461
15.33490339	6.592773069
16.79558792	8.103611099
16.40616562	7.307317703
16.37494471	7.604257388
15.27212873	3.69382881
15.00609059	3.588908196
19.18275946	5.713353763
19.2208865	5.448417597
1.957446679	10.55530126
1.690613364	10.50822714
10.77369855	8.328245663
11.02489528	8.183550664
11.56397895	9.95274768
11.48479628	10.12735432
11.28865761	9.927693396
11.28106895	1.077017598
11.46922113	0.879698306
11.55317435	1.051734422
14.14693342	4.527018485
14.4243814	4.638234742
12.45614114	2.346765531
12.17478841	2.396069329
12.53799854	2.624406358
12.69711737	2.341932427
12.8753778	5.323873161
13.12399951	8.123519842
15.49059718	6.733498247
15.22065295	6.73672361
18.10485365	1.176905698
18.01227295	1.44156273
17.90869243	1.180698404
17.32925483	10.82249739
17.31351396	10.51179219
17.31316921	0.488868619
17.32925483	0.177502613
19.51226488	8.313549108
19.82249739	8.329254834
19.13380836	2.492234836
19.01928479	2.209541289
17.51680387	10.15550254
17.78885727	10.01906655
17.75456415	0.999074189
17.48784195	0.852419509
11.42019578	3.276593585
14.08527285	4.31551435
14.07092191	4.127999755
14.31617109	4.223616225
15.7147671	10.54054382
9.458630532	4.284168377
15.46897101	0.573709457
15.71099444	0.466438348
19.39789885	6.470663791
19.51885068	6.732066612
18.33421992	1.29683236
16.15892415	9.533903884
15.98611872	9.766482519
10.81158697	9.358950925
10.55409283	9.504941822
10.55389154	1.495211069
10.81138568	1.641201966
17.9630724	9.817821017
18.20160748	9.892317071
0.211946904	8.096901241
12.63798306	3.691516774
12.67662699	3.388357318
14.62401823	5.592961294
16.23329366	9.147998379
16.34970807	9.332870166
11.6193793	9.778508873
11.60613428	1.231551331
12.48981369	5.894510065
12.6025837	6.109645372
12.31614991	5.722478191
18.36607316	7.950138404
18.62632359	7.970943814
14.88783397	4.436409693
14.69164618	4.296101
14.85933689	4.200232702
12.25622721	6.696759467
9.215638634	7.898033189
9.434659069	8.019664609
11.2544583	7.015567767
11.15863384	7.260068704
11.04388379	7.088782416
16.15997076	1.471237656
16.45356878	1.421586057
16.42992935	9.561393883
18.78662992	3.442440958
10.23831213	7.826170956
10.40467479	7.646564164
10.1136395	8.893754797
10.1136395	2.106245203
15.84855131	10.23647335
16.07327245	10.32765859
15.91416966	10.45446851
9.542460378	4.081343731
9.665914756	3.906637868
9.760171112	4.135845617
9.244596102	9.73633433
9.131757646	9.508411523
9.130624954	1.489699809
9.24440732	1.263350892
12.31495798	9.644767018
0.492742594	5.0738637
0.780949695	5.076596111
15.16738954	8.45359491
15.47079707	8.455722903
13.91812303	9.861735757
13.65978441	9.756338151
15.88166116	3.135830343
16.03724051	3.369678146
15.75988542	3.292846392
17.48711569	7.992297127
7.445534752	10.21647663
7.383512518	10.47896371
5.097280479	10.50535362
5.083496741	10.21281526
13.89253983	9.157373788
13.67948604	9.274013061
13.5044598	9.997560237
13.57774647	10.23296679
13.36469956	10.27102107
13.66914521	10.4365649
13.80890544	10.16310407
14.52533264	4.471704405
14.49683557	4.235527414
12.48447372	1.604839945
12.63489052	1.783953742
10.88473721	6.92713861
10.78891276	7.171639546
4.093681964	1.464630285
4.034474066	1.221486756
3.593681964	10.46463029
3.534474066	10.22148676
0.5358554	3.593958433
0.778857439	3.533838281
19.40009691	5.907239487
19.23662511	6.013557385
12.84936878	1.866647408
12.86899933	1.58630955
18.7399388	8.740559086
10.03491863	3.016218116
9.725893853	2.955758952
9.887044232	2.810459164
12.72611351	4.370847544
12.94397061	4.529247516
9.767039314	2.6099314
10.07606409	2.670390564
0.246399652	1.079669329
1.079669329	10.75360035
19.06527525	1.790325633
19.20617685	1.531456841
18.23623456	10.06457542
18.49596297	10.20609165
11.87149211	8.75516348
17.13213105	2.287106435
11.45332522	5.335404308
11.60506851	5.562068055
0.283391119	3.429209088
0.252464281	3.664749345
15.22372779	7.193724169
15.38428962	7.367008381
18.76337965	7.136309778
10.33142036	9.59921329
10.33142036	1.40078671
17.2976014	4.882761808
17.60372713	4.901543708
16.44122076	3.168845263
16.24645007	3.040734216
16.52865459	2.996917382
17.46196922	6.175311152
18.10510866	5.014695459
17.96987587	5.182657364
17.85962298	4.924871879
18.37283729	1.758729833
18.62575693	1.855276685
14.18036275	3.33757439
13.91264569	3.180528816
14.12356299	3.062218353
13.73762225	3.385341353
16.08661442	7.978907685
3.429189775	10.71669191
3.664492189	10.74793837
3.929189775	1.716691914
4.164492189	1.747938371
5.139704069	9.77271756
5.156323924	9.478565148
7.347303633	9.482281492
7.392778025	9.778338075
1.234460989	5.131405429
1.530492254	5.157147909
0.797960654	8.420412138
0.509907558	8.392313379
13.1721382	1.465687146
13.38713581	1.386274628
12.65039712	9.196266974
12.52004335	9.429007533
2.301823562	9.481731645
2.389945655	9.753970927
1.317410313	2.158388986
1.519373768	2.297059897
1.26134413	2.383098752
12.85317671	9.336498725
16.53065095	4.696813361
16.34875846	4.678425141
16.39294439	4.462485337
16.08709254	4.617449981
11.59029836	0.740023525
11.31819295	0.7653067
11.32437256	10.23833406
11.5996939	10.26338834
15.33670084	2.375788183
15.14233364	2.178548712
17.02388917	3.164098559
10.57643375	8.502665478
13.53643552	7.199152337
13.53283465	7.434073578
0.212024756	9.380956937
0.46499662	9.46018347
1.619043063	0.212024756
1.53981653	0.46499662
11.90480965	3.191272177
10.80618247	9.901398446
11.02836092	9.879755809
11.02198002	1.124037841
10.80598118	1.098754445
16.41960801	7.006826021
16.6163643	7.13902463
0.524904229	1.690051815
0.602565672	1.393149507
1.402226801	10.41739345
10.3138596	6.288971326
10.19261974	6.07459355
9.227117704	3.392191363
10.90321147	6.466234445
10.65421654	6.474277559
4.927521849	10.71625546
5.16975863	10.78909816
7.312977766	10.76248708
7.570534752	10.71647663
11.10754358	9.705149167
11.10593325	1.296073958
15.51415838	5.979507422
15.33713761	5.95830321
15.40496123	5.757175415
18.84500734	4.436666172
18.88640232	4.211987583
15.79860218	2.951377859
16.07595727	3.028209612
7.385884831	1.215728132
7.264269328	1.422416529
7.128384497	1.174837077
3.607133373	9.837491071
3.738990745	9.654788526
3.842425955	9.826887137
4.10632168	0.812707007
4.26192222	0.576258373
4.366169123	0.773141049
17.24401981	1.402782731
17.22137259	1.652095771
16.58395918	3.349843493
16.30175467	3.393660327
1.082203951	2.052534771
1.340233589	1.966495916
12.40134949	7.357970733
12.35045019	7.666917206
12.6960286	7.423919726
19.18173542	4.812849872
19.25965127	4.594048199
19.44461805	4.681502499
19.31842955	4.380157772
19.05554692	4.511505146
16.56053146	10.00750098
16.7419699	10.18530549
16.71187848	0.779708396
16.53100556	0.955935351
1.657345476	9.289557662
1.85396385	9.244740372
1.709025356	1.666555858
1.75636504	1.849200185
1.528100266	1.889705803
15.43064861	7.047575791
15.16942593	7.023597165
8.617242668	9.76355481
8.708918301	9.497548251
8.699856766	1.48734241
8.609313825	1.223224519
5.589623072	0.807831948
5.662595767	0.532512815
13.47482567	3.778167362
13.47610378	5.196637957
13.30192738	5.386812046
19.50932724	5.678517932
19.56319289	5.978721554
19.81910865	1.654945607
18.37592013	0.159745863
18.36699993	10.83071974
19.83000841	9.36258304
15.91520105	0.542654325
16.05942832	0.678035379
15.83367579	0.772097788
15.2578164	1.511121855
15.0833405	1.273994933
14.60380852	2.669208623
11.9422245	2.459369647
18.91174036	7.356178941
17.5553665	3.266285623
1.187832274	3.604531424
1.425949624	3.755485231
1.229049992	3.860212194
18.29535412	5.104066055
18.54955962	5.019110705
18.18510124	4.84628057
18.97197618	1.345458053
18.68196176	9.97189098
11.47915238	9.595659138
11.73069141	9.621081257
11.72173111	1.37232228
11.48061902	1.389824664
15.53798695	5.598707723
15.73974034	5.427653606
15.0538938	5.926693463
0.788774898	10.19002903
1.01628114	10.25618183
0.931832417	10.4410479
0.80865695	0.786908719
0.74250415	1.014414961
0.558952104	0.931832417
12.86257834	2.124182395
12.94443575	2.401823222
12.80271988	5.033462054
1.079500205	10.05928611
1.222557724	10.31030498
13.21245305	9.79606246
13.36777766	9.554840374
13.4467375	9.79439243
12.7992679	6.049007773
12.70034435	6.339337802
1.249919578	9.521739257
1.419911706	9.569750301
1.349930812	9.805076154
0.944768735	1.073867849
0.69506389	1.218791547
7.726524804	0.182717613
7.799002955	0.466462151
7.572478151	0.283744538
5.273475196	1.817282387
5.200997045	1.533537849
5.427521849	1.716255462
0.182717613	3.273475196
0.466108731	3.202684283
3.773475196	1.817282387
3.702664971	1.533974301
4.773475196	10.81728239
4.700997045	10.53353785
3.273475196	10.81728239
3.202664971	10.5339743
7.797059556	10.53375902
7.726524804	10.81728239
6.927521849	0.283744538
6.700997045	0.466462151
6.773475196	0.182717613
14.88574324	5.044531884
14.62769651	5.042939011
14.7762875	4.866931538
13.50521308	8.022206777
13.71612519	8.152201231
13.91195989	8.248282831
13.84544633	7.945040905
11.77592666	9.317251851
13.20078736	8.298103115
15.45419023	4.356837358
15.27383318	4.459558005
15.23588172	4.237820748
13.38966047	4.361871393
18.86040487	2.036420098
18.87229892	1.804512298
19.78930673	8.930836123
17.92209421	0.185826511
17.93590808	10.77090014
19.80540381	2.109672587
0.181531784	4.770919108
0.461470675	4.698805053
0.279938891	4.927885945
19.05849668	3.395649709
19.19466137	3.180681946
19.35541102	3.333665356
14.57901655	6.619456115
14.40927001	6.763881664
15.23728108	1.99014757
15.29529248	1.687435859
15.04492945	4.604532903
15.26323796	4.723549513
18.64973101	4.839143934
18.78622906	4.6505566
18.86027059	4.913982908
18.09465501	6.523188892
17.87676613	6.625263133
17.86005384	6.441960704
15.93948825	10.63172907
9.364374176	4.054960629
15.93674698	0.372375939
19.65772368	6.950331214
13.3097648	2.0582843
13.09668716	1.926538203
0.212803703	5.145977755
18.47551809	4.755684396
18.28527263	4.6663138
9.692589589	8.369981191
9.69195184	8.608002527
9.701862559	2.370492696
13.48401684	9.357619854
13.56144078	9.078462571
18.08518059	4.564066273
18.77899985	1.359644718
18.54882832	1.389631791
18.64733468	9.79963263
18.60199508	9.532299732
16.12339977	9.936045516
15.87037305	9.940100435
16.96958484	7.67275274
17.19354922	7.64419715
14.25664335	6.90534674
14.50126856	6.954528143
12.55653649	8.136049931
12.65273079	7.90343517
14.1868982	1.055890582
14.43637732	1.020491696
14.40657354	1.21679944
2.040938731	9.213385437
1.787719975	2.036175065
13.467006	5.564056153
13.71443405	5.540694609
13.65380776	5.706477612
13.67869025	5.303164987
14.94834177	5.269489709
18.98507251	6.351260986
18.78767047	6.535666141
18.74573388	6.359290612
17.0289861	6.885165405
17.26662332	6.791416205
14.61919201	4.698808327
14.87723874	4.700401201
17.96131705	4.280850177
17.96661187	6.844450077
17.73201069	6.763221889
10.89324533	5.823011505
11.05351847	5.999748791
13.94568066	2.642001968
17.17800599	6.497555723
16.92057531	6.545682748
1.604281827	9.684746327
1.504270593	9.401409429
17.84630182	5.352725854
13.71189775	1.746331181
13.94202959	1.771553523
14.01012534	6.874149104
15.78863305	7.191323
16.01196172	7.044745179
16.0689809	1.267726035
16.9418297	10.57029213
17.07925483	10.82249739
17.07925483	0.177502613
16.94192395	0.429444948
19.82249739	8.079254834
19.57684409	7.941160215
14.48622057	1.399655309
14.23674145	1.435054196
15.07355788	9.24281681
14.83450163	9.195479136
14.9731384	8.996178133
16.77799106	7.265416856
16.79143346	6.964925174
11.43175977	8.053299363
19.00636511	3.048713807
19.30327945	2.986729454
12.23359343	7.988573908
15.68533876	6.081893561
10.39317096	2.876277806
10.43179559	3.109271771
10.23469364	3.103912293
10.51260098	3.313864272
12.68335731	6.76375927
12.86777926	7.000825056
14.43239212	9.984275125
14.16772067	9.952191359
10.08545604	5.837379275
9.993848434	5.569642989
13.93239329	4.022820052
13.84716685	3.809770968
19.19854924	6.191164283
19.24048584	6.367539812
19.18442212	6.630760494
0.715839158	0.191403053
0.662303291	0.387157122
0.446464133	0.195754069
0.191403053	10.28416084
0.387157121	10.33769671
0.195754069	10.55353587
8.868090067	0.251676797
8.868090067	10.7483232
2.089390786	10.71086722
0.249673592	2.131372761
13.32049757	8.960175968
13.18394078	9.175296242
12.67632349	7.708622512
12.45126428	0.571476286
12.45052638	10.42776014
12.19516793	0.187013397
12.23287305	0.479525069
12.03770513	0.292511672
12.03770513	10.70748833
12.23213516	10.51971135
12.19443003	10.81222303
1.755094968	6.394799521
10.27736568	4.440276386
10.18748369	4.690049851
13.78700328	7.212992752
13.60503811	7.019757531
5.681001309	0.251132501
5.481594458	0.281380314
1.754651347	8.11593241
9.651653349	8.826299067
9.906839817	8.714996081
9.911300249	2.26828509
9.657103636	2.168914985
18.69807546	9.149506494
18.86839286	8.956403751
11.25561799	5.828398088
11.24438461	6.120856234
11.53369068	7.467942854
11.45557872	7.688265844
8.719803132	9.229202043
8.489115169	9.268346208
8.481186326	1.718433121
8.71867044	1.76890929
15.53990091	4.819852365
15.72763743	4.68468873
12.54494335	5.117324229
19.24084584	7.735749138
19.05605716	7.531237171
14.39377549	10.22087271
14.60946562	10.06473067
9.908636031	5.386608022
9.783884153	5.612185971
11.64172181	6.034431782
11.63114091	5.777362115
11.8263786	5.862288366
11.42041173	5.734211471
13.86962536	7.692609836
18.83062731	1.60918222
18.42521699	9.851174882
10.31677237	5.149636928
12.41689265	2.826700778
12.35993026	3.095876173
17.7582306	5.56049027
0.211946904	8.346901241
0.297960654	8.545412138
12.56471598	9.915602022
12.56019418	1.145862065
18.93470186	6.701342507
10.16806146	7.365761424
9.973400076	7.544727232
16.46204019	5.927683984
17.2190171	4.664941455
17.09585309	4.481798542
17.03355442	4.83744963
16.18496348	10.12482194
9.875412299	3.763260983
9.657701565	3.708759098
15.69382377	6.292151756
15.93282777	6.1934101
15.68910411	3.547211908
12.23490776	4.807508102
16.72071757	4.766191222
1.493322969	4.584367959
1.574479525	4.816847184
1.385743812	4.732911302
14.92355131	9.884498262
14.79150168	9.635125451
15.06697074	9.691490624
18.32060017	6.211662866
18.14007873	6.149627461
18.38273618	6.021403863
18.31313728	6.441791115
18.55579473	6.313567517
8.231186326	1.327808121
8.340852099	1.574970279
8.109665774	1.465912158
6.753384497	1.300137737
6.882681261	1.541620649
6.629296764	1.460232912
4.237141663	9.712717296
4.103563586	9.480674559
4.366421922	9.549207263
3.132175854	9.550336786
3.384024936	9.492408016
3.251849082	9.72332123
7.767778025	9.668963075
7.658036767	9.421565581
7.890258742	9.533852506
1.466056879	3.127608939
1.549047831	3.377511169
1.301740953	3.249902231
3.627959246	0.534026552
3.878996635	0.451313717
3.751037389	0.698537165
5.109695521	0.534074244
5.341289979	0.424829557
5.231594458	0.672005314
15.63682754	8.864518329
15.42688037	9.075046685
16.53738849	7.704486437
16.30941129	7.869227514
10.11780285	8.273809506
9.89018749	8.206755331
10.06085203	7.983865296
9.635638771	8.080036981
13.28402666	8.020870976
16.74558617	8.739557274
16.63742189	8.505317283
18.98121179	5.997278559
13.71381772	1.535172565
14.0769488	2.8367549
14.34466586	2.993800474
0.646406088	9.380118822
0.687353195	9.578388416
1.61888668	0.646485049
1.420617086	0.687432157
11.28443081	4.973131504
7.375	0.190152836
7.125	0.190152836
15.48920418	8.180810247
5.595003492	1.817627623
16.11998424	8.715996885
15.81439541	8.765981812
10.43157785	4.363570555
10.44711007	4.127550498
15.27433052	9.71476015
8.305687078	9.436763314
8.31657191	9.168417106
2.68342809	9.168417106
2.694312922	9.436763314
2.510884831	9.268346208
4.983729176	9.276157759
4.799531658	9.445690801
4.815802482	9.169533042
3.185078361	0.169290269
3.207515084	0.443748622
3.022436724	0.274458353
1.831582894	2.68342809
1.563236686	2.694312922
1.731653792	2.510884831
4.68342809	0.168417106
4.694312922	0.436763314
4.510884831	0.268346208
7.510884831	1.731653792
7.694312922	1.563236686
7.68342809	1.831582894
6.01781403	1.726300284
6.202232006	1.557118391
6.184417976	1.830818107
15.92057803	1.093311726
16.12630592	1.081893152
15.62385123	7.342988765
15.64973229	7.06603703
10.23300379	4.038814547
10.47033546	3.894916392
12.08445024	1.386821677
11.88461594	1.410535658
12.28067066	1.436342495
15.01373214	6.882871987
11.33007851	3.494615706
11.53640448	3.432976222
9.660717258	3.424882469
9.664001829	3.222950315
9.870483679	3.363450059
16.26191678	3.709194016
16.41723638	3.833298184
16.23466008	3.967833643
5.41975863	10.78909816
7.062977766	10.76248708
15.18967284	0.797779604
15.39197778	0.739237968
15.61245528	0.802245245
13.75918439	6.214507242
13.71745812	5.915462544
13.94296208	5.982160765
6.115348557	10.7701665
6.365348557	10.7701665
1.7701665	7.365348557
1.7701665	7.115348557
2.290938731	9.213385437
1.787719975	2.286175065
17.44663247	6.43006649
17.65750171	6.289279606
8.969803132	9.229202043
8.96867044	1.76890929
19.52291559	3.773494723
19.80638191	3.788995784
7.456331463	0.974196824
5.526697151	1.03632915
5.074643429	10.00643732
0.985588805	3.523297731
3.523952828	10.01467236
4.023952828	1.014672357
7.456331463	10.00987752
7.043668537	0.974196824
1.79704207	5.174452645
1.733450184	4.982695264
14.61345083	0.940036151
14.39377549	0.779127294
1.471696521	4.43806434
1.660432235	4.522000223
14.40328279	8.431946269
14.34698478	8.17264146
10.04670195	4.116294204
11.68086539	6.286699747
11.48562771	6.201773496
7.517778025	9.278338075
7.329525607	9.203943416
5.172594748	9.202407389
14.16329152	3.930921928
18.15822889	1.665930402
18.42304258	1.530569455
11.28352819	6.373124199
9.754359019	5.961311159
9.976260256	6.032435213
8.043093864	1.688120053
7.93342809	1.440957894
6.56371474	1.681676019
6.434417976	1.440193107
4.432224404	9.328115304
4.565802482	9.560158042
2.93342809	9.559042106
3.065603944	9.328128892
1.440957894	2.93342809
1.688264773	3.061037029
7.956830651	9.311644612
8.06657191	9.559042106
4.93342809	0.559042106
5.043123612	0.311866349
3.435078361	0.559915269
3.563037607	0.312691821
0.850539868	9.2832066
0.628183293	9.165001653
1.715798902	0.85061883
1.834998347	0.628183293
11.32344492	7.821497923
11.199245	7.665308719
10.4896929	6.845522139
10.55687874	6.660655246
10.69695201	6.825128847
13.47003007	5.938824089
18.20753438	6.881266277
18.32984957	6.625093544
15.06851934	4.080234697
15.24887639	3.97751405
14.87233156	3.939926004
12.04695891	5.787461744
14.59075083	9.154464267
14.69117031	9.401102943
15.54082601	5.240082968
15.32676159	5.36873794
14.04467838	0.749539609
13.96629223	0.982873133
10.15839842	2.307822914
10.15393799	8.675458257
1.819402894	4.187848302
1.552986565	4.193431303
1.733583671	4.005583001
11.4166858	6.893987485
11.33223977	6.64916147
11.60921731	6.698867475
11.09099667	6.568244208
18.75319677	6.129162362
11.8344378	10.82208353
11.87214292	10.52957186
11.87214292	0.470428142
11.8344378	0.17791647
15.69405045	4.426961715
15.92954618	4.533075831
10.58416086	4.705450635
10.83942332	0.191705422
10.58942332	0.191705422
10.58942332	10.80829458
10.83942332	10.80829458
0.993530104	5.005649842
9.215638634	7.648033189
16.47900125	8.826685663
15.43949111	3.851414861
10.62457443	9.751483048
10.62437313	1.248669843
9.636474467	0.20067809
9.507860667	0.393107235
9.3713862	0.192429145
9.3713862	10.80757085
9.507860667	10.60689276
9.636474467	10.79932191
19.27369627	4.133306298
10.46103916	10.66941256
10.23755334	10.52096143
10.23755334	0.479038573
10.46103916	0.330587441
9.886474467	0.20067809
9.886474467	10.79932191
16.57260257	3.976713561
16.59985928	3.718073934
1.472975356	9.174561637
1.825438363	1.472975356
8.06657191	9.168417106
4.565802482	9.169533042
2.93342809	9.168417106
1.831582894	2.93342809
4.93342809	0.168417106
3.435078361	0.169290269
7.93342809	1.831582894
6.434417976	1.830818107
2.45415459	0.27837454
2.260259395	0.452406055
2.306104805	0.174031515
0.471992169	8.739307333
0.174031515	8.693895195
9.451219715	3.568259354
9.224102011	3.676067991
14.2723486	2.405236884
14.2326433	2.206260222
14.46947651	2.232665949
14.19983389	2.008314691
13.68400617	7.620673432
13.90401988	7.464323963
15.93532062	2.527304444
15.77464731	2.32693105
12.96781862	2.573666101
13.22092279	2.693127324
9.487117302	7.219862756
9.186395752	7.199742475
16.31915059	1.056323021
16.17074772	0.881908711
16.48188231	2.762045661
1.024350674	9.627694439
1.094331568	9.392368586
1.36295728	1.025092909
1.606636916	1.094410529
14.53499663	1.65868659
14.70482871	1.440431834
0.590190051	8.97793991
0.714119191	8.829456854
2.02206009	0.590190051
2.170109874	0.694533077
9.186395752	7.449742475
17.28873742	3.593287619
17.17011188	3.371317798
17.44297859	3.425138511
1.225969484	4.83963494
17.63308564	7.524472726
17.563666	7.766719404
17.40379854	7.55998451
0.196464133	0.195754069
0.196464133	0.445754069
0.195754069	10.80353587
0.445754069	10.80353587
11.35029357	7.359465347
11.55260545	7.295331562
11.53143584	7.065273772
13.93648844	1.179180877
14.40626334	8.67139553
15.7730802	6.496608
9.1213862	0.192429145
8.989476267	0.444105943
8.989476267	10.55589406
9.1213862	10.80757085
11.13971907	7.432679995
1.630067849	6.519799521
1.573267251	6.75644084
1.874972881	6.625
15.14228089	9.465387339
1.868055893	10.84443404
0.16873821	1.876571637
0.418411801	2.007944398
9.348564059	1.641760894
9.155279985	1.689879664
9.156150432	9.307826262
9.348301814	9.357833699
10.07354326	3.249212081
10.07025869	3.451144235
12.98432624	9.735860575
17.64753731	7.150073333
17.87983331	7.165723967
17.70551418	7.333388467
18.06277895	7.019225033
7.599109488	9.788215591
6.922053034	1.180885221
5.400262995	0.79125783
3.919705926	0.817789681
7.760884831	1.341028792
7.592216294	1.221776276
3.420517619	9.842573746
1.182488437	3.418570768
4.733729176	9.666782759
4.902397713	9.786035275
16.67915259	7.914399465
16.74468601	7.649429339
1.629624227	7.99093241
1.874972881	7.875
1.573267251	7.74355916
1.819402894	4.437848302
10.38886611	7.070048073
10.24879284	6.905574472
12.97847549	1.397053181
13.0671361	1.193737111
0.790579965	8.632014132
2.367552596	0.770993851
9.218382686	8.859652756
9.223832973	2.135561296
9.327116519	0.553903386
9.592204787	0.56215233
9.592204787	10.43784767
9.327116519	10.44609661
16.14296944	4.183643314
15.98764984	4.059539146
18.574326	5.848343114
16.7649035	4.550251417
10.27247944	4.863102199
10.07430737	5.057530312
10.42994869	4.782156466
10.49916512	4.532398287
15.24672859	2.822816622
15.45696328	2.823020333
17.66198344	1.26373122
17.73930463	9.731169958
11.77500782	6.514321326
17.09993219	3.719495296
13.11698744	6.857258956
13.29031434	6.741178387
13.05283144	6.592520227
17.86538164	7.540123361
10.44695744	6.494670851
16.7301819	3.557062731
16.88554809	3.700478109
16.48656376	1.155919792
16.49896774	9.818724554
1.292893904	1.783851589
19.41600508	3.563312343
16.30070915	9.951204027
2.613136849	0.181269413
1.232741668	4.082859473
18.2197419	7.867514376
17.98342522	7.913894301
18.02926979	7.684827695
9.619617963	9.045270529
9.404729986	8.938276975
9.410442518	2.05653167
9.619880208	1.954324064
8.426637828	1.207102898
8.435375737	9.778327383
8.239115169	9.658971208
4.544100427	0.789749592
4.760884831	0.658971208
3.066814614	0.777482666
3.272436724	0.665083353
6.056266154	1.209889667
2.574888273	9.770989671
2.760884831	9.658971208
4.065592184	9.822092296
6.26781403	1.335675284
1.226193167	2.571670307
1.341028792	2.760884831
12.49935808	9.700233813
12.76980136	9.699842537
12.76399723	1.314359515
12.45071802	1.335118433
15.53511173	2.35592207
1.385877299	4.255799039
19.03621565	8.339163343
19.27741968	8.289563558
15.99740262	3.685211835
16.17997893	3.550676376
10.32355527	7.238510154
10.34365069	7.474171172
5.875	10.87497288
5.990348557	10.64513938
5.75644084	10.57326725
1.874972881	7.625
1.645139381	7.490348557
6.74355916	10.57326725
6.490348557	10.64513938
6.625	10.87497288
1.645139381	6.990348557
1.874972881	6.875
16.9426797	10.02827924
16.92585954	10.33856323
16.9179384	0.664290149
16.90447865	0.940113874
19.11968628	3.732698737
18.84781952	3.779489986
18.94737958	3.595424367
18.66699614	3.884288032
11.48802907	4.952257266
11.30871285	5.172765441
16.86735934	6.758773178
16.68302267	6.625442518
14.12173248	9.082896785
14.33135739	9.102994924
15.05329768	10.08228616
14.77782862	10.02592099
14.73921199	10.26251857
9.932017078	5.220850157
9.887724141	4.934315428
9.722052797	5.263393139
12.47401555	3.794493792
12.34833421	3.95448212
9.541021367	9.292414295
9.541283612	1.707180298
16.24437644	6.917826514
16.45457513	6.749533441
13.13327959	2.355916069
11.5844378	0.17791647
11.41711349	0.385074856
11.3326757	0.207158386
11.3326757	10.79284161
11.41711349	10.61492514
11.5844378	10.82208353
1.869043063	0.212024756
0.212024756	9.130956937
9.186609545	1.920970374
9.1863473	9.078624219
15.65609898	4.205224459
19.83621161	5.875
14.9989404	0.437482353
14.87469364	0.182131263
9.393130594	4.993200007
9.174651291	5.124773957
14.87455616	10.8249342
14.99016945	10.59366704
18.41191773	7.721071797
19.80979058	7.085206838
16.07047679	0.224295958
16.0694454	10.77282688
9.224102011	3.926067991
16.869648	3.332247668
15.60281638	3.735058227
15.57956403	4.018743468
11.0826757	0.207158386
11.0826757	10.79284161
15.50803139	2.567175963
15.65537417	2.80315422
5.845003492	1.817627623
17.87539059	6.187205366
17.9375266	5.996946363
17.48916016	1.683245169
0.53832591	1.856013506
0.619261292	2.11081463
10.37161585	0.138882019
10.37161585	10.86111798
18.58240912	9.346643625
18.46708434	9.110467187
18.79127264	5.951555464
12.49960898	4.266456966
12.73053007	4.159575725
18.93485128	8.124365186
18.82868149	7.572629286
13.15645717	4.667165529
17.67399204	3.488255445
9.51662858	9.492999556
9.633768927	9.645605293
9.441049374	9.711024697
9.758676421	9.843842814
9.44101791	1.28892284
9.633737463	1.354342244
9.51662858	1.507000444
9.758644957	1.156104723
19.817862	0.182137996
19.567862	0.182137996
19.817862	0.432137996
19.817862	10.817862
19.817862	10.567862
19.567862	10.817862
12.2748272	4.565245956
12.49038427	3.278982265
14.87967804	8.783521783
2.056104805	0.174031515
0.174031515	8.943895195
17.53524981	6.723926973
17.37353847	6.611524177
10.35858671	2.343915994
10.15624746	2.505955881
10.15932918	8.47524841
10.36612886	8.654007126
17.62509555	6.943113917
16.82782073	7.462839712
10.95192305	6.742271716
12.66799305	3.95220813
13.36333083	2.465101704
13.33994796	2.293258826
14.80820017	6.991404305
7.373612306	1.591690534
7.116111971	1.550799479
3.626849082	9.472160423
3.862141663	9.461556489
4.113642669	0.447806437
4.373490112	0.408240479
0.509016585	0.547917156
0.77839161	0.54356614
0.547917156	10.49098342
0.54356614	10.22160839
12.44727423	8.706261843
12.46122643	8.416074239
19.04615519	5.007597451
15.01383578	0.932360563
15.07265645	0.64528314
15.06940077	10.38058729
9.591196225	4.917243687
19.81155806	5.38188106
19.81155806	5.13188106
9.197639613	5.625068056
9.197639613	5.875068056
14.37493481	0.197633231
14.12493481	0.197633231
14.12986372	10.80832372
14.37986372	10.80832372
15.28091766	9.266086336
11.30231079	10.48002565
11.30231079	0.519974346
14.70192859	7.844760769
14.93524966	7.945899322
13.96710434	10.04996156
14.05850308	10.25355968
2.863136849	0.181269413
8.359665774	1.856537158
5.359695521	0.143449244
7.640258742	9.143227506
19.23112196	5.095051751
1.841029341	4.834151921
12.49543511	6.609446572
16.30051579	4.268017464
16.05350555	4.359722967
17.7164028	7.956785343
11.02674487	9.500827471
11.28704156	9.548765058
11.29402266	1.457697363
11.03493373	1.504717606
14.49824345	2.837555828
11.10965447	3.514874181
10.87866141	3.491168789
7.362727474	1.860036742
4.36260528	0.139894271
11.17542605	8.030342238
10.00241196	10.45916536
9.77646158	10.38953545
9.77646158	0.610464555
10.00241196	0.540834644
16.11032817	6.532101115
16.04692883	6.7874526
15.87791344	6.659019779
13.61467764	1.308170803
13.81502255	1.333165189
14.03562852	1.406182639
17.61012286	1.472909579
17.67791159	9.540933109
17.46075038	9.328911183
0.386056271	9.074852132
1.925147868	0.386056271
19.84793311	6.865124376
15.86627018	0.148079981
15.87004284	10.85890219
9.140272165	4.128892638
11.22954559	5.613104028
11.08493322	5.450465162
11.24972696	5.356278545
10.86014911	5.606812056
8.899247445	0.622263188
8.909284878	0.875377789
8.909322635	10.12455926
8.899285202	10.37767386
1.552693999	3.609525478
1.593911718	3.865206248
1.860328047	3.859623247
14.66565678	8.722864873
14.47468871	8.897371116
0.899278038	2.101655789
14.1253076	8.204062878
10.26477373	3.571543349
10.06171415	3.685781327
17.89536303	3.48443175
14.51721921	3.660740841
14.37110517	3.455498971
0.880958274	10.84960681
0.960627603	10.60320716
0.733121361	10.53705436
0.396792839	0.960627603
0.462945639	0.733121361
0.150393187	0.880958274
10.11012038	6.688148532
11.7849773	3.38770876
11.69486002	3.605730881
17.29754379	10.28006329
17.34582942	10.05697624
17.37039278	9.865463174
17.1511327	9.990023919
17.0972221	1.064898683
17.30919686	0.953401316
17.29588039	1.193604372
17.28918366	0.723713819
14.84594074	1.322266697
14.89471679	1.581297977
14.89345242	1.13312879
13.28277514	1.066496106
13.49768497	6.822204914
13.74825274	6.836045329
13.43352897	6.557466185
15.13039133	8.234771744
16.24904143	2.688052687
10.56445534	7.178457821
19.2254886	2.70290206
19.02330295	2.644094092
18.95945709	2.862839822
15.84967029	2.695533489
18.83930285	4.021562402
19.59929492	2.934348797
19.85350707	2.875
19.41378486	2.834870199
9.402034385	7.597775664
9.152581334	10.43692151
9.152543578	0.563015536
16.40669236	8.592621987
10.00809031	10.66043989
10.12161585	10.86111798
10.00809031	0.339560108
10.12161585	0.138882019
14.49251766	5.206683898
14.5772105	5.387891332
14.77643602	0.980632326
14.73383419	0.739267924
11.55407289	0.49073243
11.55407289	10.50926757
14.65998066	10.47559832
14.50441989	10.63325792
14.41528822	10.45898785
14.62455616	10.8249342
9.546975488	5.589643559
9.372290904	5.499842013
9.523987166	5.339349459
9.174651291	5.374773957
14.41035931	0.546969105
14.49962845	0.379764494
14.66011814	0.531467138
14.62469364	0.182131263
19.83621161	5.625
19.64776967	5.50688106
19.48467369	5.435398992
13.99710418	3.640813538
14.16018788	3.573809433
14.1878466	3.758738119
14.16678353	2.573584089
10.80047873	3.658286505
10.67370101	3.457940002
9.795939973	7.702421571
9.63225697	7.856438749
9.59496027	7.642049199
13.81279398	6.459849088
13.58729001	6.393150866
1.245948116	0.869205925
1.166877966	0.687717495
1.10921816	1.025378248
1.026581152	9.881114035
0.870993143	9.751743364
0.689583674	9.831808013
14.48248463	4.04801282
15.59543042	6.895910026
0.804830257	1.452602396
1.465445866	10.22049773
11.56819836	9.265827921
12.88826654	6.4936505
12.69158234	6.554288099
13.06159344	6.377569931
16.29546915	6.049978452
16.11066592	6.113737619
16.11915093	6.323995813
14.67532866	2.11312621
14.83724544	1.946013124
14.59168799	1.866576201
14.82310334	0.572063312
9.547368213	5.173591594
14.82834365	10.43678864
1.232857736	9.935237182
9.565717389	7.443758486
19.83000841	9.11258304
18.12592013	0.159745863
19.81910865	1.904945607
18.11699993	10.83071974
19.06722571	4.107189537
19.22659679	3.942881117
19.32615685	3.758815499
14.23821471	10.3785323
14.08001581	10.49167481
9.632187891	5.772678526
9.517450354	5.938768746
14.2332858	0.62742465
14.0612622	0.51738142
19.49490916	5.082033146
19.35932893	5.276780725
13.37991938	6.312124339
5.54475863	10.66407104
5.625	10.87497288
6.937977766	10.63745996
6.875	10.87497288
10.4344183	3.480981988
15.01583354	2.004161992
10.06992734	3.883660097
13.9027722	6.676596487
10.78462602	7.512494619
11.00758527	7.565912075
10.84415194	7.745123342
10.01069678	7.759116781
16.07854863	2.675528083
0.150393187	0.630958274
0.630958274	10.84960681
13.48834064	1.184267251
19.85349564	4.899991281
19.85349564	4.649991281
9.146504362	6.100008719
9.146504362	6.350008719
13.89999128	0.146504362
13.64999128	0.146504362
13.64999128	10.85349564
13.89999128	10.85349564
10.21652179	6.475349013
0.72575372	1.792922047
19.39170038	0.147196419
19.14170038	0.147196419
19.8569138	10.38849358
19.8569138	10.13849358
19.85316258	0.857977236
19.85316258	0.607977236
19.14202276	10.85316258
19.39202276	10.85316258
18.62130684	7.600633441
11.70510106	0.605124035
11.71449661	10.39828783
18.76562364	7.775691671
11.85573746	3.751059851
10.56028969	2.490056704
19.6650537	5.031872341
14.02492609	0.344137593
9.344143975	5.975076775
14.02985501	10.66181936
7.112727474	1.860036742
3.875	9.139464193
3.625	9.139464193
4.11260528	0.139894271
1.860328047	3.609623247
13.49844012	7.662359452
13.2497324	9.359289883
13.06770159	9.372516762
17.03831232	4.279518226
17.01194113	4.057296166
16.96960957	3.880506499
16.79755703	4.038278979
3.991421922	9.298046456
3.507175854	9.29917598
3.382175854	9.159711786
4.116421922	9.158582263
3.990564526	0.283295823
3.877959246	0.143401552
6.992024239	1.710894654
6.879296764	1.850857912
17.82052596	5.823571096
12.91896833	9.520492365
7.890258742	9.143227506
3.132175854	9.159711786
4.366421922	9.158582263
3.627959246	0.143401552
1.856681879	3.377608939
1.856681879	3.127608939
5.109695521	0.143449244
8.109665774	1.856537158
6.629296764	1.850857912
1.841029341	4.584151921
13.01859567	6.124971295
13.18316056	6.223841022
15.81942425	4.088867825
15.91111489	3.873058154
13.33692161	6.059525704
16.03770234	9.107442349
16.19229313	8.950060561
16.31557555	8.756552915
14.8594272	6.70453075
13.85014337	10.53684673
19.53684673	4.850143367
9.466315103	6.163709408
13.83631867	0.466252552
16.46356012	6.122028863
16.51661386	6.32833771
10.5601686	7.519312894
12.51241051	7.749602792
12.32685749	7.861729864
13.58768493	3.554298783
1.582518942	10.0903367
1.684602275	9.917707393
0.887703376	1.590563511
1.08405097	1.707404184
0.908679633	1.743801029
9.595717432	10.22873929
9.595717432	0.771260706
1.402849865	9.983248227
10.91658042	7.951749224
1.717009925	3.487232186
16.28816632	6.452428633
16.5077911	6.536443011
15.81913395	9.008041048
13.16952116	4.401884317
0.922101313	1.90976272
14.67332862	3.844835838
14.88251107	3.724837834
1.0617779	1.229754834
11.94663111	4.083392207
11.93108807	4.297392232
12.15893151	4.039453611
11.98034248	3.897717689
15.82917704	3.714540515
12.08984106	4.438945628
12.31020629	4.351428457
14.93219287	1.757611982
14.14314253	1.80042508
14.37307985	1.825799676
10.47335433	2.711843123
10.27625237	2.706483645
14.40361674	2.599989816
19.41014957	8.134524119
17.13452412	0.589850426
19.34199888	7.917174665
17.1425395	10.41326588
10.42587376	3.71561908
17.45599458	1.291285364
17.50369646	9.742178643
16.61493413	4.153503228
16.48240828	4.286405684
16.70736273	4.347971101
15.12233879	8.045900552
15.3014526	8.100115521
15.70968086	6.751959485
19.61476259	4.631341694
9.354430548	6.385857311
13.6179772	0.356182433
13.6189844	10.60670945
13.42842522	7.847623504
16.89742936	4.417348961
11.39835367	9.391337441
11.4096195	1.598468312
11.61000895	1.723553819
18.83369823	7.942939659
19.07415133	7.929113043
13.81950813	3.624842283
0.961943656	0.626148684
0.628014863	10.03674232
9.288371908	10.09565061
9.361736448	9.888940066
9.48482518	10.07034098
9.484793716	0.929606561
9.361516203	1.110692693
9.288183126	0.904034612
10.63998004	3.80435503
19.63019622	0.885286926
19.111423	0.370602024
19.11471307	10.63019622
19.63276391	10.11470339
14.32637522	3.863917823
14.50703971	3.875829011
12.46327243	8.262893975
9.669081973	10.02202875
9.669050509	0.977918786
17.30899975	9.675226325
12.39555374	8.071259494
19.52407986	0.688415731
19.31261766	0.477634914
19.31158427	10.52407986
19.5264753	10.30941086
14.11527555	1.589038508
14.78395999	5.425609319
14.9951495	5.474559671
9.113610185	0.913146763
9.113836723	10.0864755
17.26015896	9.472459712
16.1633911	2.856281732
9.236925454	10.26787641
9.236887698	0.732060631
15.75668255	0.937626299
15.10631093	7.811243099
0.576712343	10.65314268
0.34685732	0.576712343
15.07330489	1.639446845
0.980201594	1.416205551
15.36096618	5.577503511
15.19373588	5.527205632
11.75910068	1.568808992
10.72360192	7.340101627
15.0293541	5.683325242
12.31462284	4.140156638
19.67102459	0.540115233
19.48877928	0.512576491
19.45988477	10.67102459
19.48742351	10.48877928
19.45956238	0.329334416
19.6747758	10.45635559
8.354319853	8.354319853
8.354319853	2.645680147
2.645680147	8.354319853
2.645680147	2.645680147
2.467116013	7.725898693
7.725898693	8.532883987
2.467116013	3.274101307
3.274101307	8.532883987
2.5	5.25
5.25	8.5
2.5	4.25
4.25	8.5
3.274101307	2.487949346
8.512050654	3.274101307
8.52246732	7.718954248
7.718954248	2.47753268
4.25	2.5
8.5	4.25
8.5	5.25
5.25	2.5
2.489583333	6.743055556
6.743055556	8.510416667
6.25	2.5
8.5	6.25
8.491591776	7.241353486
7.241353486	2.508408224
6.24537037	8.489583333
2.510416667	6.24537037
2.5	4.75
4.75	8.5
3.754016885	8.505480664
2.494519336	3.754016885
3.752869203	2.516422541
8.483577459	3.752869203
2.492783224	7.244825708
7.244825708	8.507216776
4.75	2.5
8.5	4.75
8.5	5.75
5.75	2.5
8.498598629	6.748558914
6.748558914	2.501401371
2.501736111	5.749228395
5.749228395	8.498263889
8.105392157	8.634803922
8.634803922	2.894607843
2.894607843	8.634803922
2.365196078	8.105392157
2.894607843	2.365196078
2.365196078	2.894607843
8.634803922	8.105392157
8.105392157	2.365196078
8.621370944	8.621370944
2.378629056	8.621370944
8.621370944	2.378629056
2.378629056	2.378629056
5.624614198	8.749131944
5.874614198	8.749131944
2.250868056	5.624614198
2.250868056	5.874614198
8.749299315	6.874279457
8.749299315	6.624279457
6.874279457	2.250700685
6.624279457	2.250700685
5.875	2.25
5.625	2.25
8.75	5.875
8.75	5.625
2.746391612	7.372412854
2.746391612	7.122412854
7.372412854	8.253608388
7.122412854	8.253608388
2.747259668	3.877008442
2.747259668	3.627008442
3.877008442	8.252740332
3.627008442	8.252740332
4.875	2.25
4.625	2.25
8.75	4.875
8.75	4.625
2.25	4.625
2.25	4.875
3.876434602	2.258211271
3.626434602	2.258211271
4.625	8.75
4.875	8.75
8.741788729	3.876434602
8.741788729	3.626434602
8.317401961	8.052696078
8.494561887	8.229856005
8.177159926	8.177159926
8.052696078	2.682598039
8.229856005	2.505438113
8.177159926	2.822840074
8.229856005	8.494561887
8.052696078	8.317401961
2.822840074	8.177159926
2.505438113	8.229856005
2.682598039	8.052696078
2.947303922	8.317401961
2.770143995	8.494561887
8.494561887	2.770143995
8.317401961	2.947303922
2.682598039	2.947303922
2.505438113	2.770143995
2.822840074	2.822840074
2.770143995	2.505438113
2.947303922	2.682598039
8.745795888	7.120676743
8.495095202	6.9949562
7.120676743	2.254204112
6.9949562	2.504904798
5.997299383	8.493923611
6.122685185	8.744791667
2.506076389	5.997299383
2.255208333	6.122685185
2.491183279	6.993940632
2.744791667	6.871527778
6.993940632	8.508816721
6.871527778	8.255208333
8.75	6.125
8.5	6
6.125	2.25
6	2.5
2.733558007	7.612949346
2.479949619	7.4853622
7.612949346	8.266441993
7.4853622	8.520050381
4.125	8.25
4.002008442	8.502740332
2.75	4.125
2.497259668	4.002008442
2.480817674	3.514059096
2.733558007	3.387050654
3.514059096	8.519182326
3.387050654	8.266441993
5.125	2.25
5	2.5
8.75	5.125
8.5	5
2.25	4.375
2.5	4.5
4.375	8.75
4.5	8.5
4.125	2.25
4.001434602	2.508211271
8.75	4.125
8.491788729	4.001434602
5	8.5
5.125	8.75
2.5	5
2.25	5.125
8.5	4.5
8.75	4.375
4.5	2.5
4.375	2.25
3.513485255	2.502185944
3.387050654	2.243974673
8.497814056	3.513485255
8.756025327	3.387050654
5.5	2.5
5.375	2.25
8.5	5.5
8.75	5.375
6.499279457	2.500700685
6.375	2.25
8.499299315	6.499279457
8.75	6.375
5.375	8.75
5.499614198	8.499131944
2.25	5.375
2.500868056	5.499614198
7.609477124	2.23876634
7.480153867	2.492970452
7.370676743	2.254204112
8.76123366	7.609477124
8.507029548	7.480153867
8.745795888	7.370676743
2.255208333	6.372685185
2.5	6.494212963
2.244791667	6.621527778
6.372685185	8.744791667
6.494212963	8.5
6.621527778	8.755208333
7.370676743	2.754204112
7.609477124	2.73876634
8.245795888	7.370676743
8.26123366	7.609477124
6.621527778	8.255208333
6.372685185	8.244791667
2.744791667	6.621527778
2.755208333	6.372685185
8.26123366	7.859477124
8.578635621	7.912173203
7.859477124	2.73876634
7.912173203	2.421364379
7.915645425	8.583843954
7.862949346	8.266441993
2.416156046	7.915645425
2.733558007	7.862949346
3.137050654	8.266441993
3.084354575	8.583843954
2.733558007	3.137050654
2.416156046	3.084354575
8.573427288	3.084354575
8.256025327	3.137050654
3.084354575	2.426572712
3.137050654	2.743974673
6.122685185	8.244791667
2.755208333	6.122685185
7.120676743	2.754204112
8.245795888	7.120676743
7.612949346	8.766441993
7.862949346	8.766441993
2.233558007	7.612949346
2.233558007	7.862949346
8.76123366	7.859477124
7.859477124	2.23876634
4.375	8.25
2.75	4.375
2.233558007	3.137050654
2.233558007	3.387050654
3.137050654	8.766441993
3.387050654	8.766441993
2.75	5.375
2.75	5.125
5.375	8.25
5.125	8.25
2.25	4.125
4.125	8.75
3.137050654	2.243974673
8.756025327	3.137050654
8.256025327	3.387050654
3.387050654	2.743974673
4.125	2.75
4.375	2.75
8.25	4.125
8.25	4.375
5.125	2.75
5.375	2.75
8.25	5.125
8.25	5.375
6.871527778	8.755208333
2.244791667	6.871527778
8.25	6.125
8.25	6.375
6.125	2.75
6.375	2.75
2.75	4.625
4.625	8.25
4.875	8.25
2.75	4.875
3.627008442	8.752740332
2.247259668	3.627008442
2.247259668	3.877008442
3.877008442	8.752740332
8.241788729	3.626434602
3.626434602	2.758211271
8.241788729	3.876434602
3.876434602	2.758211271
8.25	4.625
4.625	2.75
8.25	4.875
4.875	2.75
2.246391612	7.372412854
7.372412854	8.753608388
5.625	2.75
8.25	5.625
7.122412854	8.753608388
2.246391612	7.122412854
8.25	5.875
5.875	2.75
2.750868056	5.624614198
5.624614198	8.249131944
8.249299315	6.624279457
6.624279457	2.750700685
8.249299315	6.874279457
6.874279457	2.750700685
2.750868056	5.874614198
5.874614198	8.249131944
2.439314528	8.810685472
2.636618449	8.628087433
2.697303922	8.817401961
2.182598039	8.302696078
2.371912567	8.363381551
2.189314528	8.560685472
8.302696078	8.817401961
8.363381551	8.628087433
8.560685472	8.810685472
8.810685472	8.560685472
8.628087433	8.363381551
8.817401961	8.302696078
2.189314528	2.439314528
2.371912567	2.636618449
2.182598039	2.697303922
2.697303922	2.182598039
2.636618449	2.371912567
2.439314528	2.189314528
8.817401961	2.697303922
8.628087433	2.636618449
8.810685472	2.439314528
8.560685472	2.189314528
8.363381551	2.371912567
8.302696078	2.182598039
2.512154601	8.487845399
2.512154601	2.512154601
8.487845399	2.512154601
8.487845399	8.487845399
8.052696078	8.817401961
2.182598039	8.052696078
8.817401961	8.052696078
8.052696078	2.182598039
2.947303922	8.817401961
2.182598039	2.947303922
8.817401961	2.947303922
2.947303922	2.182598039
8.810685472	8.810685472
2.189314528	8.810685472
8.810685472	2.189314528
2.189314528	2.189314528
6.818734768	4.226227324
4.181265232	6.773772676
6.75706511	6.820061317
4.24293489	4.179938683
7	5.75
5.75	4
4	5.25
5.25	7
7.167682927	4.931910569
6.068089431	7.167682927
3.832317073	6.068089431
4.931910569	3.832317073
7.295673825	3.625104904
3.704326175	7.374895096
3.625104904	3.704326175
7.374895096	7.295673825
3.692019056	4.629586792
7.307980944	6.370413208
6.3768557	3.683328668
4.6231443	7.316671332
4.400075501	5.758232665
5.241767335	4.400075501
5.758232665	6.599924499
6.599924499	5.241767335
6.48376626	6.238742
4.51623374	4.761258
4.843280768	6.544143641
6.156719232	4.455856359
3.505943727	6.658453065
4.341546935	3.505943727
7.494056273	4.341546935
6.658453065	7.494056273
5.57952831	7.392126086
5.42047169	3.607873914
7.392126086	5.42047169
3.607873914	5.57952831
6.680099528	4.713586596
4.319900472	6.286413404
4.713586596	4.319900472
6.286413404	6.680099528
6.582968532	5.744003391
4.417031468	5.255996609
5.315155484	6.507222141
5.684844516	4.492777859
6.840661341	3.492799304
7.507200696	6.840661341
4.159338659	7.507200696
3.492799304	4.159338659
3.516496866	5.079770959
5.085158382	7.496391877
5.914841618	3.503608123
7.483503134	5.920229041
4.738086125	3.424049513
7.575950487	4.738086125
6.261913875	7.575950487
3.424049513	6.261913875
3.868920586	6.500312764
7.131079414	4.499687236
4.501676232	3.868762664
6.498323768	7.131237336
5.673203987	7.014761379
7.014761379	5.326796013
3.985238621	5.673203987
5.326796013	3.985238621
3.392928266	3.391508138
7.608491862	3.392928266
3.391508138	7.607071734
7.607071734	7.608491862
4.554166667	6.936925287
4.017672414	4.849281609
6.445833333	4.063074713
6.982327586	6.150718391
7.659736955	6.326260718
3.340263045	4.673739282
6.326471732	3.335947219
4.673528268	7.664052781
7.068321684	7.617193895
3.931678316	3.382806105
3.382806105	7.068321684
7.617193895	3.931678316
7.238083452	3.300786374
7.699213626	7.238083452
3.300786374	3.761916548
3.761916548	7.699213626
6.06270987	6.37394976
4.93729013	4.62605024
6.37394976	4.93729013
4.62605024	6.06270987
7.005162961	7.126776378
3.994837039	3.873223622
7.130508737	3.992208996
3.869491263	7.007791004
3.889391497	4.283558482
7.110608503	6.716441518
3.34806303	5.88779039
7.65193697	5.11220961
5.88779039	7.65193697
5.11220961	3.34806303
4.871150023	7.058826427
6.128849977	3.941173573
6.722518776	3.891527801
4.277481224	7.108472199
6.853087199	6.480077059
4.146912801	4.519922941
4.977676966	4.359987987
5.020191304	4.152569547
5.284281674	4.192657061
6.640012013	4.977676966
6.847430453	5.020191304
6.807342939	5.284281674
4.822748583	4.076108773
5.129353291	3.908777847
6.923891227	4.822748583
7.091222153	5.129353291
5.979808696	6.847430453
6.177251417	6.923891227
5.870646709	7.091222153
6.022323034	6.640012013
5.715718326	6.807342939
4.152569547	5.979808696
4.076108773	6.177251417
3.908777847	5.870646709
4.359987987	6.022323034
4.192657061	5.715718326
3.191403053	6.784160842
3.191403053	7.034160842
4.215839158	3.191403053
3.965839158	3.191403053
7.808596947	4.215839158
7.808596947	3.965839158
6.784160842	7.808596947
7.034160842	7.808596947
6.798864955	5.535399702
6.591446515	5.492885363
5.505820265	4.23900824
5.463305926	4.44642668
5.494179735	6.76099176
5.536694074	6.55357332
4.201135045	5.464600298
4.408553485	5.507114637
4.81302512	5.781354935
4.513062871	5.910471267
4.700037751	5.629116332
5.218645065	4.81302512
5.089528733	4.513062871
5.370883668	4.700037751
6.18697488	5.218645065
6.486937129	5.089528733
6.299962249	5.370883668
5.781354935	6.18697488
5.910471267	6.486937129
5.629116332	6.299962249
4.698723717	6.740534464
4.437033569	6.611669345
4.58159062	6.415278522
6.301276283	4.259465536
6.562966431	4.388330655
6.41840938	4.584721478
5.538398006	3.992619311
5.717422258	4.246388929
7.007380689	5.538398006
6.791484266	5.747001696
5.461601994	7.007380689
5.282577742	6.753611071
3.992619311	5.461601994
4.208515734	5.252998304
4.367715949	6.855348982
4.250582852	6.53009304
6.632284051	4.144651018
6.749417148	4.46990696
3.252971864	6.579226532
3.444374916	6.863387374
4.420773468	3.252971864
4.136612626	3.444374916
7.747028136	4.420773468
7.555625084	4.136612626
6.579226532	7.747028136
6.863387374	7.555625084
4.968645065	4.81302512
4.81302512	6.031354935
6.031354935	6.18697488
6.18697488	4.968645065
5.407577742	6.253611071
6.291484266	5.622001696
4.708515734	5.377998304
5.592422258	4.746388929
4.466632604	5.008627304
4.217351941	5.052639109
4.266953077	4.805269804
6.533367396	5.991372696
6.782648059	5.947360891
6.733046923	6.194730196
4.008836207	5.049640805
6.991163793	5.950359195
5.953359616	4.22792818
5.920781874	4.474317109
5.046640384	6.77207182
5.079218126	6.525682891
4.708515734	5.127998304
4.75811687	4.880629
5.157577742	6.253611071
4.921640384	6.27207182
6.291484266	5.872001696
6.24188313	6.119371
5.842422258	4.746388929
6.078359616	4.72792818
3.258248433	5.289885479
3.56218539	5.329649635
3.303936957	5.539764155
5.292579191	7.748195938
5.332343346	7.444258982
5.539764155	7.696063043
7.741751567	5.710114521
7.43781461	5.670350365
7.696063043	5.460235845
5.707420809	3.251804062
5.667656654	3.555741018
5.460235845	3.303936957
6.670330671	3.246399652
6.583566537	3.414373262
6.413235866	3.16797361
3.246399652	4.329669329
3.416531175	4.41653897
3.170131523	4.586869641
4.329669329	7.753600348
4.416433463	7.585626738
4.586764134	7.83202639
7.753600348	6.670330671
7.583468825	6.58346103
7.829868477	6.413130359
5.939424988	3.970586786
6.142784605	4.198514966
5.060575012	7.029413214
4.857215395	6.801485034
6.273238065	6.30634588
4.734665504	6.303426755
4.726761935	4.69365412
6.265334496	4.696573245
5.042579191	7.748195938
3.258248433	5.039885479
5.957420809	3.251804062
7.741751567	5.960114521
4.079669329	7.753600348
6.920330671	3.246399652
3.246399652	4.079669329
7.753600348	6.920330671
4.619043063	3.212024756
4.53981653	3.46499662
3.212024756	6.380956937
3.46499662	6.46018347
7.787975244	4.619043063
7.53500338	4.53981653
6.380956937	7.787975244
6.46018347	7.53500338
6.351663716	3.509637943
6.608758521	3.588063986
3.51614105	4.651663037
3.59240918	4.394462725
7.48385895	6.348336963
7.40759082	6.605537275
4.648336284	7.490362057
4.391241479	7.411936014
7.190029029	7.211225102
7.256181828	6.98371886
7.441047896	7.068167583
3.809970971	3.788774898
3.743818172	4.01628114
3.558952104	3.931832417
7.213091281	3.80865695
6.985585039	3.74250415
7.068167583	3.558952104
3.786908719	7.19134305
4.014414961	7.25749585
3.931832417	7.441047896
7.057885732	6.921608948
7.308904599	6.77855143
3.942114268	4.078391052
3.691095401	4.22144857
6.521739257	6.750080422
6.569750301	6.580088294
6.805076154	6.650069188
4.478260743	4.249919578
4.430249699	4.419911706
4.194923846	4.349930812
6.926513757	3.941868398
6.781590059	3.692163553
4.073486243	7.058131602
4.218409941	7.307836447
7.196063043	5.585235845
7.241751567	5.835114521
5.585235845	3.803936957
5.832420809	3.751804062
3.803936957	5.414764155
3.758248433	5.164885479
5.414764155	7.196063043
5.167579191	7.248195938
7.23291536	6.035473716
3.76708464	4.964526284
6.66842673	6.35940953
6.385089832	6.459420764
4.33157327	4.64059047
4.614910168	4.540579236
7.284160842	7.808596947
7.337696709	7.612842879
7.553535867	7.804245931
7.808596947	3.715839158
7.612842879	3.662303291
7.804245931	3.446464133
3.715839158	3.191403053
3.662303291	3.387157121
3.446464133	3.195754069
3.191403053	7.284160842
3.387157121	7.337696709
3.195754069	7.553535867
7.145154265	6.2605658
7.395742039	6.145321125
3.854845735	4.7394342
3.604257961	4.854678875
6.380118822	7.353593912
6.578388416	7.312646805
7.353514951	4.61888668
7.312567843	4.420617086
3.646485049	6.38111332
3.687432157	6.579382914
4.619881178	3.646406088
4.421611584	3.687353195
6.2832066	7.149460132
6.165001653	7.371816707
7.14938117	4.715798902
7.371816707	4.834998347
4.7167934	3.850539868
4.834998347	3.628183293
3.85061883	6.284201098
3.628183293	6.165001653
6.174561637	6.527024644
4.472975356	6.174561637
6.527024644	4.825438363
4.825438363	4.472975356
3.477968472	5.73365935
3.174031515	5.693895195
5.26634065	3.477968472
5.306104805	3.174031515
5.73365935	7.522031528
5.693895195	7.825968485
7.522031528	5.26634065
7.825968485	5.306104805
4.025092909	6.63704272
4.094410529	6.393363084
4.372305561	4.024350674
4.607631414	4.094331568
6.974907091	4.36295728
6.905589471	4.606636916
6.627694439	6.975649326
6.392368586	6.905668432
7.409809949	5.02206009
7.279904506	5.176191129
5.02206009	3.590190051
5.176191129	3.720095494
3.590190051	5.97793991
3.720095494	5.823808871
5.97793991	7.409809949
5.823808871	7.279904506
7.804245931	3.196464133
7.554245931	3.196464133
3.195754069	7.803535867
3.445754069	7.803535867
7.803535867	7.804245931
7.803535867	7.554245931
3.196464133	3.195754069
3.196464133	3.445754069
5.373633851	3.796556267
7.203443733	5.373633851
3.796556267	5.626366149
5.626366149	7.203443733
6.021845798	3.722390848
4.978154202	7.277609152
4.869043063	3.212024756
7.787975244	4.869043063
6.130956937	7.787975244
3.212024756	6.130956937
5.056104805	3.174031515
3.174031515	5.943895195
5.943895195	7.825968485
7.825968485	5.056104805
7.490983415	7.452082844
7.22160839	7.45643386
7.452082844	3.509016585
7.45643386	3.77839161
3.509016585	3.547917156
3.77839161	3.54356614
3.547917156	7.490983415
3.54356614	7.22160839
6.074852132	7.613943729
7.613943729	4.925147868
3.386056271	6.074852132
4.925147868	3.386056271
6.252852839	3.81225112
6.145848659	3.593468395
4.747147161	7.18774888
4.854151341	7.406531605
7.603207161	7.039372397
7.537054361	7.266878639
3.880958274	7.849606813
3.960627603	7.603207161
7.849606813	7.119041726
3.733121361	7.537054361
7.119041726	3.150393187
7.039372397	3.396792839
7.266878639	3.462945639
3.150393187	3.880958274
3.396792839	3.960627603
3.462945639	3.733121361
4.025378248	6.89078184
3.869205925	6.754051884
3.687717495	6.833122034
6.751743364	7.129006857
6.831808013	7.310416326
7.130794075	4.245948116
7.312282505	4.166877966
6.974621752	4.10921816
4.118885965	4.026581152
4.248256636	3.870993143
4.168191987	3.689583674
6.881114035	6.973418848
6.549687238	3.787428234
4.450312762	7.212571766
7.209294724	6.543427363
3.790705276	4.456572637
4.066163194	4.231748583
6.933836806	6.768251417
7.369041726	3.150393187
3.630958274	7.849606813
3.150393187	3.630958274
7.849606813	7.369041726
4.836764134	7.83202639
3.170131523	4.836869641
6.163235866	3.16797361
7.829868477	6.163130359
7.571620045	6.12324488
3.428379955	4.87675512
4.879343325	7.580222329
6.120656675	3.419777671
4.712658345	6.997875857
6.287341655	4.002124143
3.919465928	4.574754866
4.082292607	4.684602275
7.080534072	6.425245134
6.917707393	6.315397725
4.018152149	4.401740711
6.981847851	6.598259289
6.770626772	4.058877563
4.229373228	6.941122437
7.036742322	7.371985137
3.626148684	7.038056344
7.373851316	3.961943656
3.963257678	3.628014863
7.423287657	3.34685732
3.34685732	3.576712343
3.576712343	7.65314268
7.65314268	7.423287657
4.415823945	7.022698743
4.588655483	7.12679831
6.584176055	3.977301257
6.411344517	3.87320169

--------------------------------------------------------------------------------
ELEMENT CONNECTIVITY
--------------------------------------------------------------------------------
1028	754	518	1249	1250	1251
677	754	1028	1252	1249	1253
1091	758	596	1254	1255	1256
703	758	1091	1257	1254	1258
725	561	1238	1259	1260	1261
667	842	1225	1262	1263	1264
1238	561	700	1260	1265	1266
1225	842	491	1263	1267	1268
1000	533	769	1269	1270	1271
689	1000	769	1272	1271	1273
26	27	662	48	1274	1275
266	663	267	1276	1277	280
468	753	630	1278	1279	1280
469	631	754	1281	1282	1283
538	912	810	1284	1285	1286
543	821	646	1287	1288	1289
511	749	633	1290	1291	1292
513	636	748	1293	1294	1295
658	831	1018	1296	1297	1298
661	1021	830	1299	1300	1301
457	881	1086	1302	1303	1304
466	674	751	1305	1306	1307
515	751	674	1308	1306	1309
517	753	675	1310	1311	1312
468	675	753	1313	1311	1278
467	752	676	1314	1315	1316
516	676	752	1317	1315	1318
469	754	677	1283	1252	1319
604	810	912	1320	1285	1321
546	802	621	1322	1323	1324
583	1009	649	1325	1326	1327
585	1015	656	1328	1329	1330
586	1014	655	1331	1332	1333
588	1016	654	1334	1335	1336
584	650	1010	1337	1338	1339
589	1011	651	1340	1341	1342
587	1012	652	1343	1344	1345
590	653	1013	1346	1347	1348
543	646	862	1289	1349	1350
664	795	980	1351	1352	1353
980	795	576	1352	1354	1355
665	796	981	1356	1357	1358
981	796	577	1357	1359	1360
1018	831	540	1297	1361	1362
1021	541	830	1363	1364	1300
509	644	924	1365	1366	1367
509	925	644	1368	1369	1365
510	645	926	1370	1371	1372
510	927	645	1373	1374	1370
756	1182	932	1375	1376	1377
757	933	1183	1378	1379	1380
556	682	859	1381	1382	1383
485	859	682	1384	1382	1385
22	23	684	44	1386	1387
24	25	683	46	1388	1389
347	686	348	1390	1391	361
345	685	346	1392	1393	359
640	1086	881	1394	1303	1395
18	19	1104	40	1396	1397
61	62	1103	101	1398	1399
502	803	724	1400	1401	1402
574	724	803	1403	1401	1404
952	811	473	1405	1406	1407
623	811	952	1408	1405	1409
664	980	812	1353	1410	1411
614	1072	806	1412	1413	1414
980	520	812	1415	1416	1410
547	643	798	1417	1418	1419
261	1129	664	1420	1421	1422
288	1130	665	1423	1424	1425
491	842	695	1267	1426	1427
981	523	809	1428	1429	1430
665	981	809	1358	1430	1431
673	1073	796	1432	1433	1434
706	745	1190	1435	1436	1437
1190	745	508	1436	1438	1439
580	954	657	1440	1441	1442
462	621	969	1443	1444	1445
476	749	958	1446	1447	1448
462	867	632	1449	1450	1451
1073	505	796	1452	1453	1433
153	154	731	175	1454	1455
92	93	730	132	1456	1457
187	188	729	227	1458	1459
534	816	837	1460	1461	1462
593	756	932	1463	1377	1464
594	933	757	1465	1378	1466
1133	801	469	1467	1468	1469
517	1026	623	1470	1471	1472
516	624	1027	1473	1474	1475
487	626	794	1476	1477	1478
488	793	627	1479	1480	1481
742	801	1133	1482	1467	1483
153	731	899	1455	1484	1485
92	730	900	1457	1486	1487
188	901	729	1488	1489	1458
71	1164	653	1490	1491	1492
204	1165	650	1493	1494	1495
216	655	1163	1496	1497	1498
213	656	1162	1499	1500	1501
289	652	1166	1502	1503	1504
33	654	1167	1505	1506	1507
292	651	1168	1508	1509	1510
76	649	1161	1511	1512	1513
1104	19	715	1396	1514	1515
1103	62	716	1398	1516	1517
749	907	958	1518	1519	1447
30	648	1184	1520	1521	1522
493	675	914	1523	1524	1525
781	523	1126	1526	1527	1528
565	635	899	1529	1530	1531
1050	595	1004	1532	1533	1534
581	968	717	1535	1536	1537
542	835	699	1538	1539	1540
565	765	635	1541	1542	1529
507	714	1127	1543	1544	1545
648	1050	1004	1546	1534	1547
1126	523	762	1527	1548	1549
326	693	327	1550	1551	340
315	694	316	1552	1553	329
468	630	800	1280	1554	1555
469	801	631	1468	1556	1281
543	618	821	1557	1558	1287
486	758	703	1559	1257	1560
511	633	773	1292	1561	1562
513	774	636	1563	1564	1293
12	1129	261	1565	1420	274
9	1130	288	1566	1423	301
539	640	764	1567	1568	1569
84	841	999	1570	1571	1572
196	998	840	1573	1574	1575
204	650	805	1495	1576	1577
216	806	655	1578	1579	1496
33	807	654	1580	1581	1505
76	804	649	1582	1583	1511
536	629	1001	1584	1585	1586
535	631	1002	1587	1588	1589
593	813	840	1590	1591	1592
558	840	813	1593	1591	1594
592	839	814	1595	1596	1597
559	814	839	1598	1596	1599
594	841	815	1600	1601	1602
560	815	841	1603	1601	1604
516	1006	721	1605	1606	1607
515	720	1005	1608	1609	1610
518	1007	723	1611	1612	1613
517	722	1008	1614	1615	1616
551	936	616	1617	1618	1619
289	809	652	1620	1621	1502
547	864	643	1622	1623	1417
714	755	1127	1624	1625	1544
551	616	903	1619	1626	1627
84	85	841	124	1628	1570
195	196	840	235	1575	1629
71	653	970	1492	1630	1631
471	802	714	1632	1633	1634
546	714	802	1635	1633	1322
539	1160	1049	1636	1637	1638
474	769	724	1639	1640	1641
649	1009	733	1326	1642	1643
656	1015	734	1329	1644	1645
655	1014	735	1332	1646	1647
654	1016	737	1335	1648	1649
651	1011	736	1341	1650	1651
652	1012	738	1344	1652	1653
650	739	1010	1654	1655	1338
653	740	1013	1656	1657	1347
540	831	659	1361	1658	1659
541	660	830	1660	1661	1364
509	924	707	1367	1662	1663
509	708	925	1664	1665	1368
510	926	709	1372	1666	1667
510	710	927	1668	1669	1373
525	806	1072	1670	1413	1671
536	1006	629	1672	1673	1584
535	1007	631	1674	1675	1587
544	845	638	1676	1677	1678
545	637	844	1679	1680	1681
1021	827	541	1682	1683	1363
1018	540	826	1362	1684	1685
516	944	624	1686	1687	1473
458	775	699	1688	1689	1690
542	699	775	1540	1689	1691
1191	720	976	1692	1693	1694
543	911	618	1695	1696	1557
488	627	828	1481	1697	1698
686	827	1021	1699	1682	1700
683	1018	826	1701	1685	1702
583	649	1036	1327	1703	1704
589	651	1038	1342	1705	1706
584	1037	650	1707	1708	1337
587	652	1039	1345	1709	1710
588	654	1043	1336	1711	1712
590	1042	653	1713	1714	1346
586	655	1041	1333	1715	1716
585	656	1040	1330	1717	1718
501	637	861	1719	1720	1721
545	861	637	1722	1720	1679
500	860	638	1723	1724	1725
544	638	860	1678	1724	1726
724	769	1100	1640	1727	1728
643	820	988	1729	1730	1731
568	711	872	1732	1733	1734
477	872	711	1735	1733	1736
988	820	504	1730	1737	1738
516	752	1006	1318	1739	1605
515	1005	751	1610	1740	1308
518	754	1007	1250	1741	1611
517	1008	753	1616	1742	1310
657	1192	763	1743	1744	1745
578	837	816	1746	1461	1747
483	835	863	1748	1749	1750
600	863	835	1751	1749	1752
499	908	677	1753	1754	1755
266	808	663	1756	1757	1276
539	764	1160	1569	1758	1636
657	954	1192	1441	1759	1743
659	812	1019	1760	1761	1762
316	694	770	1553	1763	1764
546	755	714	1765	1624	1635
1019	812	520	1761	1416	1766
472	764	745	1767	1768	1769
462	891	621	1770	1771	1443
539	1086	640	1772	1394	1567
546	621	891	1324	1771	1773
146	918	838	1774	1775	1776
324	920	839	1777	1778	1779
85	921	841	1780	1781	1628
195	840	919	1629	1782	1783
465	892	702	1784	1785	1786
480	856	625	1787	1788	1789
288	665	809	1425	1431	1790
579	776	682	1791	1792	1793
144	145	819	166	1794	1795
517	623	986	1472	1796	1797
494	932	1182	1798	1376	1799
496	1183	933	1800	1379	1801
581	717	983	1537	1802	1803
466	846	674	1804	1805	1305
467	676	847	1316	1806	1807
480	625	877	1789	1808	1809
261	664	812	1422	1411	1810
566	704	886	1811	1812	1813
500	886	704	1814	1812	1815
501	705	887	1816	1817	1818
567	887	705	1819	1817	1820
487	963	626	1821	1822	1476
537	982	663	1823	1824	1825
663	808	1031	1757	1826	1827
1031	808	522	1826	1828	1829
514	1211	711	1830	1831	1832
517	675	1026	1312	1833	1470
516	1027	676	1475	1834	1317
499	677	1028	1755	1253	1835
30	869	648	1836	1837	1520
582	728	917	1838	1839	1840
503	917	728	1841	1839	1842
484	632	1174	1843	1844	1845
522	808	658	1828	1846	1847
26	662	823	1275	1848	1849
536	692	767	1850	1851	1852
96	925	708	1853	1665	1854
157	927	710	1855	1669	1856
141	707	924	1857	1662	1858
184	709	926	1859	1666	1860
672	995	1072	1861	1862	1863
537	1031	662	1864	1865	1866
537	663	1031	1825	1827	1864
477	711	759	1736	1867	1868
537	662	895	1866	1869	1870
623	1026	1035	1471	1871	1872
650	1037	805	1708	1873	1576
655	806	1041	1579	1874	1715
654	807	1043	1581	1875	1711
649	804	1036	1583	1876	1703
519	805	1037	1877	1873	1878
525	1041	806	1879	1874	1670
530	1043	807	1880	1875	1881
521	1036	804	1882	1876	1883
571	639	1117	1884	1885	1886
702	1192	954	1887	1759	1888
522	823	1031	1889	1890	1829
533	720	1191	1891	1692	1892
662	1031	823	1865	1890	1848
461	833	723	1893	1894	1895
94	884	680	1896	1897	1898
186	679	883	1899	1900	1901
155	885	681	1902	1903	1904
484	935	632	1905	1906	1843
1072	995	525	1862	1907	1671
569	848	732	1908	1909	1910
213	870	656	1911	1912	1499
292	871	651	1913	1914	1508
485	682	776	1385	1792	1915
145	1082	819	1916	1917	1794
552	707	1051	1918	1919	1920
554	709	1052	1921	1922	1923
553	1053	708	1924	1925	1926
555	1054	710	1927	1928	1929
527	661	878	1930	1931	1932
466	751	1089	1307	1933	1934
628	1089	751	1935	1933	1936
467	1090	752	1937	1938	1314
629	752	1090	1939	1938	1940
529	879	1020	1941	1942	1943
517	850	722	1944	1945	1614
660	1020	879	1946	1942	1947
516	721	853	1607	1948	1949
492	688	959	1950	1951	1952
23	826	684	1953	1954	1386
347	827	686	1955	1699	1390
24	683	826	1389	1702	1956
346	685	827	1393	1957	1958
457	821	881	1959	1960	1302
504	717	968	1961	1536	1962
571	961	639	1963	1964	1884
501	1081	637	1965	1966	1719
500	638	1080	1725	1967	1968
546	632	935	1969	1906	1970
711	1211	759	1831	1971	1867
546	891	632	1773	1972	1969
652	809	1039	1621	1973	1709
529	685	997	1974	1975	1976
527	996	686	1977	1978	1979
462	632	891	1451	1972	1770
523	1039	809	1980	1973	1429
646	760	862	1981	1982	1349
603	1100	769	1983	1727	1984
463	912	666	1985	1986	1987
646	821	1194	1288	1988	1989
485	776	750	1915	1990	1991
551	750	776	1992	1990	1993
146	147	918	168	1994	1774
323	920	324	1995	1777	337
85	86	921	125	1996	1780
194	195	919	234	1783	1997
71	72	1164	111	1998	1490
215	216	1163	255	1498	1999
212	213	1162	252	1501	2000
204	205	1165	244	2001	1493
289	1166	290	1504	2002	303
32	33	1167	54	1507	2003
292	1168	293	1510	2004	306
75	76	1161	115	1513	2005
1003	534	837	2006	1462	2007
690	1003	837	2008	2007	2009
667	1123	768	2010	2011	2012
528	1088	736	2013	2014	2015
458	720	965	2016	2017	2018
520	953	684	2019	2020	2021
473	728	952	2022	2023	1407
522	683	823	2024	2025	1889
528	970	1042	2026	2027	2028
477	690	837	2029	2009	2030
494	1000	689	2031	1272	2032
498	1003	690	2033	2008	2034
535	1002	691	1589	2035	2036
536	1001	692	1586	2037	1850
538	810	726	1286	2038	2039
540	659	1019	1659	1762	2040
541	1020	660	2041	1946	1660
522	658	1018	1847	1298	2042
527	1021	661	2043	1299	1930
534	722	816	2044	2045	1460
466	704	846	2046	2047	1804
467	847	705	1807	2048	2049
535	818	723	2050	2051	2052
627	913	962	2053	2054	2055
538	768	1123	2056	2011	2057
550	766	727	2058	2059	2060
25	823	683	2061	2025	1388
561	896	700	2062	2063	1265
540	684	826	2064	1954	1684
541	827	685	1683	1957	2065
535	691	889	2036	2066	2067
490	763	1192	2068	1744	2069
758	1096	1171	2070	2071	2072
267	663	982	1277	1824	2073
648	1004	746	1547	2074	2075
468	852	675	2076	2077	1313
582	952	728	2078	2023	1838
509	857	708	2079	2080	1664
553	708	857	1926	2080	2081
510	858	710	2082	2083	1668
555	710	858	1929	2083	2084
532	951	733	2085	2086	2087
532	740	951	2088	2089	2085
471	714	766	1634	2090	2091
190	773	1156	2092	2093	2094
319	1157	774	2095	2096	2097
90	1158	772	2098	2099	2100
151	1159	771	2101	2102	2103
29	30	1184	51	1522	2104
570	962	913	2105	2054	2106
528	790	1088	2107	2108	2013
565	899	731	1531	1484	2109
564	900	730	2110	1486	2111
562	729	901	2112	1489	2113
479	697	936	2114	2115	2116
653	1042	970	1714	2027	1630
463	666	848	1987	2117	2118
622	929	859	2119	2120	2121
556	859	929	1383	2120	2122
472	798	701	2123	2124	2125
524	1038	871	2126	2127	2128
526	1040	870	2129	2130	2131
460	721	868	2132	2133	2134
143	1115	882	2135	2136	2137
522	1018	683	2042	1701	2024
541	685	1020	2065	2138	2041
540	1019	684	2040	2139	2064
527	686	1021	1979	1700	2043
570	906	717	2140	2141	2142
478	717	906	2143	2141	2144
469	677	836	1319	2145	2146
845	544	1034	1676	2147	2148
844	1033	545	2149	2150	1681
544	1204	1034	2151	2152	2147
545	1033	1205	2150	2153	2154
702	892	1243	1785	2155	2156
519	972	1074	2157	2158	2159
521	1075	971	2160	2161	2162
675	852	914	2077	2163	1524
580	657	1224	1442	2164	2165
493	1026	675	2166	1833	1523
538	726	768	2039	2167	2056
480	747	765	2168	2169	2170
651	871	1038	1914	2127	1705
656	870	1040	1912	2130	1717
628	1005	1000	2171	2172	2173
630	1008	1003	2174	2175	2176
603	725	1100	2177	2178	1983
977	473	923	2179	2180	2181
547	1137	706	2182	2183	2184
531	1050	869	2185	2186	2187
572	696	828	2188	2189	2190
488	828	696	1698	2189	2191
477	837	872	2030	2192	1735
486	1096	758	2193	2070	1559
27	895	662	2194	1869	1274
552	1051	882	1920	2195	2196
554	1052	883	1923	2197	2198
553	884	1053	2199	2200	1924
555	885	1054	2201	2202	1927
529	1020	685	1943	2138	1974
520	684	1019	2021	2139	1766
561	699	1068	2203	2204	2205
713	977	923	2206	2181	2207
539	719	1086	2208	2209	1772
493	1035	1026	2210	1871	2166
504	820	717	1737	2211	1961
1201	818	598	2212	2213	2214
991	1201	598	2215	2214	2216
678	882	1115	2217	2136	2218
491	991	732	2219	2220	2221
598	732	991	2222	2220	2216
190	191	773	230	2223	2092
319	774	320	2097	2224	333
89	90	772	129	2100	2225
150	151	771	172	2103	2226
327	693	865	1551	2227	2228
315	866	694	2229	2230	1552
578	872	837	2231	2192	1746
345	997	685	2232	1975	1392
348	686	996	1391	1978	2233
492	959	1134	1952	2234	2235
487	712	963	2236	2237	1821
643	864	1116	1623	2238	2239
574	803	910	1404	2240	2241
478	983	717	2242	1802	2143
622	1132	1049	2243	2244	2245
573	849	728	2246	2247	2248
503	728	849	1842	2247	2249
35	825	1101	2250	2251	2252
218	824	1102	2253	2254	2255
648	869	1050	1837	2186	1546
458	965	775	2018	2256	1688
559	670	937	2257	2258	2259
560	671	938	2260	2261	2262
1002	497	942	2263	2264	2265
691	1002	942	2035	2265	2266
687	1092	934	2267	2268	2269
498	690	943	2034	2270	2271
579	682	984	1793	2272	2273
1092	460	934	2274	2275	2268
803	1113	910	2276	2277	2240
470	726	810	2278	2038	2279
570	717	820	2142	2211	2280
575	695	842	2281	1426	2282
559	920	670	2283	2284	2257
560	921	671	2285	2286	2260
552	882	678	2196	2217	2287
554	883	679	2198	1900	2288
553	680	884	2289	1897	2199
555	681	885	2290	1903	2201
555	908	681	2291	2292	2290
459	816	722	2293	2045	2294
157	158	927	179	2295	1855
96	97	925	136	2296	1853
183	184	926	223	1860	2297
140	141	924	162	1858	2298
760	1210	862	2299	2300	1982
461	723	818	1895	2051	2301
575	967	695	2302	2303	2281
657	763	939	1745	2304	2305
608	1171	1096	2306	2071	2307
614	806	1102	1414	2308	2309
515	674	959	1309	2310	2311
743	1182	1204	2312	2313	2314
744	1205	1183	2315	2316	2317
539	822	719	2318	2319	2208
536	767	868	1852	2320	2321
579	868	767	2322	2320	2323
706	1137	745	2183	2324	1435
725	1238	1100	1261	2325	2178
1210	481	862	2326	2327	2300
553	1120	800	2328	2329	2330
186	1107	679	2331	2332	1899
94	680	1106	1898	2333	2334
155	681	1105	1904	2335	2336
552	678	914	2287	2337	2338
554	679	915	2288	2339	2340
553	916	680	2341	2342	2289
516	853	944	1949	2343	1686
822	1049	1193	2344	2345	2346
633	1156	773	2347	2093	1561
636	774	1157	1564	2096	2348
634	772	1158	2349	2099	2350
635	771	1159	2351	2102	2352
553	857	1120	2081	2353	2328
476	904	749	2354	2355	1446
466	873	704	2356	2357	2046
467	705	874	2049	2358	2359
554	801	742	2360	1482	2361
22	684	953	1387	2020	2362
556	934	682	2363	2364	1381
457	1194	821	2365	1988	1959
476	889	691	2366	2066	2367
494	1182	743	1799	2312	2368
496	744	1183	2369	2317	1800
483	863	706	1750	2370	2371
547	706	863	2184	2370	2372
499	1028	1169	1835	2373	2374
888	1173	482	2375	2376	2377
699	835	1068	1539	2378	2204
326	880	693	2379	2380	1550
817	1220	1136	2381	2382	2383
477	905	690	2384	2385	2029
476	691	904	2367	2386	2354
623	1035	811	1872	2387	1408
492	928	688	2388	2389	1950
566	846	704	2390	2047	1811
567	705	847	1820	2048	2391
633	1141	901	2392	2393	2394
636	902	1142	2395	2396	2397
641	1074	972	2398	2158	2399
642	971	1075	2400	2161	2401
494	689	932	2032	2402	1798
537	895	746	1870	2403	2404
732	848	1030	1909	2405	2406
487	941	712	2407	2408	2236
490	698	1176	2409	2410	2411
518	723	833	1613	1894	2412
529	739	879	2413	2414	1941
527	878	734	1932	2415	2416
574	963	712	2417	2237	2418
558	941	919	2419	2420	2421
669	919	941	2422	2420	2423
1173	822	482	2424	2425	2376
692	1179	767	2426	2427	1851
475	817	1136	2428	2383	2429
524	871	738	2128	2430	2431
526	870	735	2131	2432	2433
531	869	737	2187	2434	2435
539	1049	822	1638	2344	2318
608	771	1171	2436	2437	2306
479	767	1179	2438	2427	2439
677	908	836	1754	2440	2145
495	1017	694	2441	2442	2443
472	701	929	2125	2444	2445
495	694	950	2443	2446	2447
35	36	825	57	2448	2250
218	219	824	258	2449	2253
552	1093	707	2450	2451	1918
554	1094	709	2452	2453	1921
533	1000	1005	1269	2172	2454
534	1003	1008	2006	2175	2455
464	1116	864	2456	2238	2457
31	737	869	2458	2434	2459
667	768	1206	2012	2460	2461
480	765	856	2170	2462	1787
500	704	860	1815	2463	1723
501	861	705	1721	2464	1816
621	849	969	2465	2466	1444
459	698	1195	2467	2468	2469
632	867	1174	1450	2470	1844
573	703	969	2471	2472	2473
628	751	1005	1936	1740	2171
630	753	1008	1279	1742	2174
629	1006	752	1673	1739	1939
631	1007	754	1675	1741	1282
468	741	852	2474	2475	2076
580	940	750	2476	2477	2478
485	750	940	1991	2477	2479
491	695	991	1427	2480	2219
214	735	870	2481	2432	2482
291	738	871	2483	2430	2484
527	788	996	2485	2486	1977
529	997	786	1976	2487	2488
537	797	982	2489	2490	1823
520	761	953	2491	2492	2019
479	1083	697	2493	2494	2114
689	769	1178	1273	2495	2496
525	995	784	1907	2497	2498
530	994	791	2499	2500	2501
474	1178	769	2502	2495	1639
718	802	1221	2503	2504	2505
471	1221	802	2506	2504	1632
620	1183	1205	2507	2316	2508
619	1204	1182	2509	2313	2510
568	1243	892	2511	2155	2512
459	722	850	2294	1945	2513
674	1134	959	2514	2234	2310
700	896	1244	2063	2515	2516
19	894	715	2517	2518	1514
62	893	716	2519	2520	1516
460	853	721	2521	1948	2132
1204	544	873	2151	2522	2523
1205	874	545	2524	2525	2154
575	1223	967	2526	2527	2302
615	1101	825	2528	2251	2529
614	1102	824	2309	2254	2530
488	696	937	2191	2531	2532
316	770	317	1764	2533	330
572	1121	696	2534	2535	2188
211	734	878	2536	2415	2537
206	879	739	2538	2414	2539
743	1204	873	2314	2523	2540
744	874	1205	2541	2524	2315
507	760	1228	2542	2543	2544
557	713	923	2545	2207	2546
490	1070	698	2547	2548	2409
532	778	780	2549	2550	2551
526	785	782	2552	2553	2554
524	783	787	2555	2556	2557
498	1150	1003	2558	2559	2033
459	964	698	2560	2561	2467
530	1241	994	2562	2563	2499
458	699	966	1690	2564	2565
561	966	699	2566	2564	2203
668	960	918	2567	2568	2569
557	918	960	2570	2568	2571
562	942	729	2572	2573	2112
564	730	943	2111	2574	2575
672	1129	995	2576	2577	1861
673	1130	994	2578	2579	2580
481	1206	768	2581	2460	2582
519	779	972	2583	2584	2157
521	971	777	2162	2585	2586
528	789	970	2587	2588	2026
622	859	1132	2121	2589	2243
745	764	985	1768	2590	2591
608	1025	771	2592	2593	2436
141	1051	707	2594	1919	1857
96	708	1053	1854	1925	2595
184	1052	709	2596	1922	1859
157	710	1054	1856	1928	2597
634	900	1227	2598	2599	2600
514	711	1057	1832	2601	2602
465	702	954	1786	1888	2603
536	868	721	2321	2133	2604
565	856	765	2605	2462	1541
517	986	850	1797	2606	1944
531	792	799	2607	2608	2609
486	703	978	1560	2610	2611
573	978	703	2612	2610	2471
509	707	1093	1663	2451	2613
510	709	1094	1667	2453	2614
494	743	1232	2368	2615	2616
496	1233	744	2617	2618	2369
507	1153	714	2619	2620	1543
646	1228	760	2621	2543	1981
613	1147	824	2622	2623	2624
612	1148	825	2625	2626	2627
579	767	834	2323	2628	2629
472	745	1137	1769	2324	2630
824	1147	1172	2623	2631	2632
558	1209	712	2633	2634	2635
483	706	1029	2371	2636	2637
506	795	1242	2638	2639	2640
825	1148	1222	2626	2641	2642
74	1161	733	2643	2644	2645
294	1168	736	2646	2647	2648
31	1167	737	2649	2650	2458
291	1166	738	2651	2652	2483
211	1162	734	2653	2654	2536
214	1163	735	2655	2656	2481
206	739	1165	2539	2657	2658
73	740	1164	2659	2660	2661
550	1069	719	2662	2663	2664
502	989	803	2665	2666	1400
604	803	989	2667	2666	2668
494	1232	1000	2616	2669	2031
502	724	1100	1402	1728	2670
601	898	888	2671	2672	2673
622	1049	1160	2245	1637	2674
552	852	741	2675	2475	2676
155	156	885	177	2677	1902
94	95	884	134	2678	1896
185	186	883	225	1901	2679
142	143	882	164	2137	2680
28	1184	746	2681	2682	2683
591	1035	819	2684	2685	2686
543	1152	911	2687	2688	1695
568	1114	711	2689	2690	1732
550	888	898	2691	2672	2692
486	713	960	2693	2694	2695
558	712	941	2635	2408	2419
957	1188	548	2696	2697	2698
633	901	1156	2394	2699	2347
636	1157	902	2348	2700	2395
634	1158	900	2350	2701	2598
635	1159	899	2352	2702	1530
479	936	834	2116	2703	2704
28	746	895	2683	2403	2705
486	978	713	2611	2706	2693
573	713	978	2707	2706	2612
693	949	865	2708	2709	2227
694	866	950	2230	2710	2446
574	712	979	2418	2711	2712
557	960	713	2571	2694	2545
573	977	713	2713	2206	2707
509	741	857	2714	2715	2079
510	742	858	2716	2717	2082
749	904	1141	2355	2718	2719
461	961	833	2720	2721	1893
726	911	1152	2722	2688	2723
603	1189	725	2724	2725	2177
489	1099	843	2726	2727	2728
12	995	1129	2729	2577	1565
9	994	1130	2730	2579	1566
508	985	881	2731	2732	2733
640	881	985	1395	2732	2734
550	727	1069	2060	2735	2662
512	1154	747	2736	2737	2738
639	829	1117	2739	2740	1885
550	719	1173	2664	2741	2742
473	977	728	2179	2743	2022
1188	832	548	2744	2745	2697
572	828	1032	2190	2746	2747
551	903	750	1627	2748	1992
649	733	1161	1643	2644	1512
651	736	1168	1651	2647	1509
654	737	1167	1649	2650	1506
656	734	1162	1645	2654	1500
655	735	1163	1647	2656	1497
652	738	1166	1653	2652	1503
650	1165	739	1494	2657	1654
653	1164	740	1491	2660	1656
484	1174	829	1845	2749	2750
672	1242	795	2751	2639	2752
703	1091	969	1258	2753	2472
616	936	1143	1618	2754	2755
470	911	726	2756	2722	2278
575	842	922	2282	2757	2758
477	759	905	1868	2759	2384
187	729	1107	1459	2760	2761
93	1106	730	2762	2763	1456
154	1105	731	2764	2765	1454
489	843	993	2728	2766	2767
533	1005	720	2454	1609	1891
536	721	1006	2604	1606	1672
534	1008	722	2455	1615	2044
535	723	1007	2052	1612	1674
569	973	1095	2768	2769	2770
639	967	1223	2771	2527	2772
515	965	720	2773	2017	1608
819	1035	1170	2685	2774	2775
458	976	720	2776	1693	2016
507	1127	760	1545	2777	2542
288	809	289	1790	1620	302
495	1027	855	2778	2779	2780
624	855	1027	2781	2779	1474
561	1068	897	2205	2782	2783
487	794	1097	1478	2784	2785
488	1098	793	2786	2787	1479
602	1049	1132	2788	2244	2789
512	771	1154	2790	2791	2736
635	1154	771	2792	2791	2351
479	834	767	2704	2628	2438
60	1103	1058	2793	2794	2795
17	1104	1059	2796	2797	2798
76	77	804	116	2799	1582
203	204	805	243	1577	2800
216	217	806	256	2801	1578
33	34	807	55	2802	1580
474	724	979	1641	2803	2804
574	979	724	2712	2803	1403
561	725	966	1259	2805	2566
594	999	841	2806	1571	1600
593	840	998	1592	1574	2807
83	999	757	2808	2809	2810
197	756	998	2811	2812	2813
265	808	266	2814	1756	279
513	748	1226	1295	2815	2816
470	1244	896	2817	2515	2818
70	970	789	2819	2588	2820
261	812	262	1810	2821	275
566	865	949	2822	2709	2823
567	950	866	2824	2710	2825
555	858	836	2084	2826	2827
572	1032	931	2747	2828	2829
617	775	965	2830	2256	2831
342	972	779	2832	2584	2833
300	777	971	2834	2585	2835
573	728	977	2248	2743	2713
471	766	898	2091	2836	2837
472	1137	798	2630	2838	2123
565	731	955	2109	2839	2840
648	746	1184	2075	2682	1521
609	1097	794	2841	2784	2842
610	793	1098	2843	2787	2844
600	931	864	2845	2846	2847
464	864	931	2457	2846	2848
604	989	810	2668	2849	1320
509	1093	741	2613	2850	2714
510	1094	742	2614	2851	2716
627	793	913	1480	2852	2053
25	26	823	47	1849	2061
460	868	984	2134	2853	2854
462	969	1091	1445	2753	2855
21	953	761	2856	2492	2857
593	932	813	1464	2858	1590
594	815	933	1602	2859	1465
747	1154	765	2737	2860	2169
592	814	928	1597	2861	2862
546	935	755	1970	2863	1765
503	849	1056	2249	2864	2865
621	1056	849	2866	2864	2465
562	901	1141	2113	2393	2867
563	1142	902	2868	2396	2869
605	760	1127	2870	2777	2871
490	1176	763	2411	2872	2068
643	988	798	1731	2873	1418
621	802	1056	1323	2874	2866
595	1240	797	2875	2876	2877
511	794	973	2878	2879	2880
30	31	869	52	2459	1836
1112	957	596	2881	2882	2883
747	957	1112	2884	2881	2885
583	777	1218	2886	2887	2888
590	780	1219	2889	2890	2891
585	782	1216	2892	2893	2894
586	1215	785	2895	2896	2897
584	786	1212	2898	2899	2900
588	1217	792	2901	2902	2903
587	1213	783	2904	2905	2906
589	1214	789	2907	2908	2909
569	732	958	1910	2910	2911
695	967	1201	2303	2912	2913
492	949	992	2914	2915	2916
693	992	949	2917	2915	2708
502	1100	1238	2670	2325	2918
535	1128	818	2919	2920	2050
512	1171	771	2921	2437	2790
697	1143	936	2922	2754	2115
580	750	1122	2478	2923	2924
213	214	870	253	2482	1911
291	871	292	2484	1913	305
715	894	974	2518	2925	2926
716	893	975	2520	2927	2928
570	820	962	2280	2929	2105
74	733	951	2645	2086	2930
73	951	740	2931	2089	2659
23	24	826	45	1956	1953
346	827	347	1958	1955	360
491	732	1030	2221	2406	2932
294	736	1088	2648	2014	2933
598	1055	732	2934	2935	2222
478	906	748	2144	2936	2937
511	907	749	2938	1518	1290
342	779	1062	2833	2939	2940
354	1065	784	2941	2942	2943
349	788	1064	2944	2945	2946
65	1063	781	2947	2948	2949
273	1067	791	2950	2951	2952
68	1066	787	2953	2954	2955
298	778	1060	2956	2957	2958
295	790	1061	2959	2960	2961
759	1227	905	2962	2963	2759
842	1206	922	2964	2965	2757
478	748	956	2937	2966	2967
28	29	1184	50	2104	2681
70	71	970	110	1631	2819
496	933	1001	1801	2968	2969
692	1001	933	2037	2968	2970
481	768	862	2582	2971	2327
552	741	1093	2676	2850	2450
554	742	1094	2361	2851	2452
581	944	853	2972	2343	2973
563	770	1017	2974	2975	2976
549	964	1044	2977	2978	2979
74	75	1161	114	2005	2643
293	1168	294	2004	2646	307
31	32	1167	53	2003	2649
290	1166	291	2002	2651	304
205	206	1165	245	2658	2001
211	212	1162	251	2000	2653
214	215	1163	254	1999	2655
72	73	1164	112	2661	1998
210	211	878	250	2537	2980
206	207	879	246	2981	2538
514	772	1211	2982	2983	1830
634	1211	772	2984	2983	2349
618	1045	881	2985	2986	2987
208	209	830	248	2988	2989
263	831	264	2990	2991	277
354	784	995	2943	2497	2992
273	791	994	2952	2500	2993
60	61	1103	100	1399	2793
17	18	1104	39	1397	2796
548	1174	867	2994	2470	2995
11	972	342	2996	2832	355
10	300	971	314	2835	2997
146	838	1082	1776	2998	2999
532	733	1009	2087	1642	3000
528	736	1011	2015	1650	3001
527	734	1015	2416	1644	3002
531	737	1016	2435	1648	3003
526	735	1014	2433	1646	3004
524	738	1012	2431	1652	3005
529	1010	739	3006	1655	2413
532	1013	740	3007	1657	2088
268	982	797	3008	2490	3009
611	843	1099	3010	2727	3011
595	1071	1240	3012	3013	2875
463	1113	912	3014	3015	1985
636	1142	748	2397	3016	1294
633	749	1141	1291	2719	2392
600	890	931	3017	3018	2845
344	786	997	3019	2487	3020
349	996	788	3021	2486	2944
602	1193	1049	3022	2345	2788
145	146	1082	167	2999	1916
468	1120	741	3023	3024	2474
572	931	890	2829	3018	3025
670	1098	937	3026	3027	2258
583	1218	1060	2888	3028	3029
590	1219	1061	2891	3030	3031
585	1216	1064	2894	3032	3033
586	1065	1215	3034	3035	2895
588	1067	1217	3036	3037	2901
584	1212	1062	2900	3038	3039
589	1066	1214	3040	3041	2907
587	1063	1213	3042	3043	2904
576	974	894	3044	2925	3045
577	975	893	3046	2927	3047
617	965	1131	2831	3048	3049
508	745	985	1438	2591	2731
475	1077	1121	3050	3051	3052
508	881	1045	2733	2986	3053
480	1188	747	3054	3055	2168
601	888	939	2673	3056	3057
482	939	888	3058	3056	2377
600	864	863	2847	3059	1751
547	863	864	2372	3059	1622
626	1095	973	3060	2769	3061
727	766	1153	2059	3062	3063
671	1099	938	3064	3065	2261
567	847	950	2391	3066	2824
566	949	846	2823	3067	2390
270	1071	799	3068	3069	3070
542	817	890	3071	3072	3073
572	890	817	3025	3072	3074
512	747	1112	2738	2885	3075
197	1085	756	3076	3077	2811
83	757	1084	2810	3078	3079
471	898	851	2837	3080	3081
570	913	906	2106	3082	2140
80	81	844	120	3083	3084
199	200	845	239	3085	3086
537	746	1004	2404	2074	3087
714	1153	766	2620	3062	2090
325	880	326	3088	2379	339
535	889	1128	2067	3089	2919
601	939	763	3057	2304	3090
704	873	860	2357	3091	2463
705	861	874	2464	3092	2358
78	876	1046	3093	3094	3095
202	1047	875	3096	3097	3098
557	838	918	3099	1775	2570
558	919	840	2421	1782	1593
559	839	920	1599	1778	2283
560	841	921	1604	1781	2285
638	845	1202	1677	3100	3101
637	1203	844	3102	3103	1680
78	79	876	118	3104	3093
201	202	875	241	3098	3105
647	1044	964	3106	2978	3107
672	795	1129	2752	3108	2576
673	796	1130	1434	3109	2578
342	1062	343	2940	3110	356
349	1064	350	2946	3111	363
353	1065	354	3112	2941	367
272	1067	273	3113	2950	286
68	69	1066	108	3114	2953
65	66	1063	105	3115	2947
298	1060	299	2958	3116	312
295	1061	296	2961	3117	309
64	762	1180	3118	3119	3120
21	761	1181	2857	3121	3122
563	902	770	2869	3123	2974
317	770	902	2533	3123	3124
465	903	987	3125	3126	3127
616	987	903	3128	3126	1626
618	881	821	2987	1960	1558
27	28	895	49	2705	2194
810	989	1244	2849	3129	3130
550	898	766	2692	2836	2058
578	854	872	3131	3132	2231
579	1231	776	3133	3134	1791
324	839	1111	1779	3135	3136
564	905	1227	3137	2963	3138
459	1195	816	2469	3139	2293
506	974	795	3140	3141	2638
505	975	796	3142	3143	1453
597	993	843	3144	2766	3145
576	1181	761	3146	3121	3147
577	1180	762	3148	3119	3149
324	1111	325	3136	3150	338
488	937	1098	2532	3027	2786
582	1076	850	3151	3152	3153
537	1004	797	3087	3154	2489
595	797	1004	2877	3154	1533
267	982	268	2073	3008	281
571	1048	833	3155	3156	3157
9	273	994	287	2993	2730
12	354	995	368	2992	2729
1	60	1058	99	2795	3158
1	1058	37	3158	3159	59
4	1059	220	3160	3161	260
4	17	1059	38	2798	3160
593	998	756	2807	2812	1463
594	757	999	1466	2809	2806
617	1220	775	3162	3163	2830
542	775	1220	1691	3163	3164
83	84	999	123	1572	2808
196	197	998	236	2813	1573
489	938	1099	3165	3065	2726
463	910	1113	3166	2277	3014
605	1210	760	3167	2299	2870
77	1046	804	3168	3169	2799
203	805	1047	2800	3170	3171
21	22	953	43	2362	2856
617	1136	1220	3172	2382	3162
348	996	349	2233	3021	362
344	997	345	3020	2232	358
658	808	1246	1846	3173	3174
265	1246	808	3175	3173	2814
511	973	907	2880	3176	2938
217	1102	806	3177	2308	2801
34	1101	807	3178	3179	2802
642	1079	971	3180	3181	2400
641	972	1078	2399	3182	3183
563	1017	855	2976	3184	3185
558	813	1209	1594	3186	2633
571	832	877	3187	3188	3189
480	877	832	1809	3188	3190
584	1010	786	1339	3191	2898
532	780	1013	2551	3192	3007
590	1013	780	1348	3192	2889
589	789	1011	2909	3193	1340
528	1011	789	3001	3193	2587
587	783	1012	2906	3194	1343
524	1012	783	3005	3194	2555
529	786	1010	2488	3191	3006
583	778	1009	3195	3196	1325
586	785	1014	2897	3197	1331
526	1014	785	3004	3197	2552
588	792	1016	2903	3198	1334
585	788	1015	3199	3200	1328
527	1015	788	3002	3200	2485
531	1016	792	3003	3198	2607
532	1009	778	3000	3196	2549
461	1201	967	3201	2912	3202
694	1017	770	2442	2975	1763
262	812	1245	2821	3203	3204
659	1245	812	3205	3203	1760
269	1071	270	3206	3068	283
475	814	1077	3207	3208	3050
479	815	1083	3209	3210	2493
520	980	761	1415	3211	2491
576	761	980	3147	3211	1355
523	981	762	1428	3212	1548
577	762	981	3149	3212	1360
11	327	865	341	2228	3213
10	866	315	3214	2229	328
607	1046	876	3215	3094	3216
606	875	1047	3217	3097	3218
549	1044	851	2979	3219	3220
596	758	1112	1255	3221	2883
718	1056	802	3222	2874	2503
513	913	793	3223	2852	3224
906	913	1226	3082	3225	3226
490	1192	1243	2069	3227	3228
553	800	916	2330	3229	2341
554	915	801	2340	3230	2360
600	835	890	1752	3231	3017
582	917	1076	1840	3232	3151
561	897	896	2783	3233	2062
599	896	897	3234	3233	3235
571	877	1048	3189	3236	3155
696	1121	1077	2535	3051	3237
647	964	1076	3107	3238	3239
690	905	943	2385	3240	2270
691	942	904	2266	3241	2386
673	994	1241	2580	2563	3242
591	819	1082	2686	1917	3243
562	1141	904	2867	2718	3244
64	1126	762	3245	1549	3118
542	890	835	3073	3231	1538
531	799	1050	2609	3246	2185
564	1227	900	3138	2599	2110
625	1028	1048	3247	3248	3249
566	1078	865	3250	3251	2822
567	866	1079	2825	3252	3253
521	777	1036	2586	3254	1882
583	1036	777	1704	3254	2886
519	1037	779	1878	3255	2583
584	779	1037	3256	3255	1707
589	1038	787	1706	3257	3258
524	787	1038	2557	3257	2126
587	1039	781	1710	3259	3260
523	781	1039	1526	3259	1980
528	1042	790	2028	3261	2107
586	1041	784	1716	3262	3263
526	782	1040	2554	3264	2129
525	784	1041	2498	3262	1879
585	1040	782	1718	3264	2892
590	790	1042	3265	3261	1713
588	1043	791	1712	3266	3267
530	791	1043	2501	3266	1880
813	932	1178	2858	3268	3269
815	1179	933	3270	3271	2859
568	872	854	1734	3132	3272
595	1050	799	1532	3246	3273
640	985	764	2734	2590	1568
681	908	1146	2292	3274	3275
549	1176	964	3276	3277	2977
814	1177	928	3278	3279	2861
209	1247	830	3280	3281	2988
661	830	1247	1301	3281	3282
263	1245	831	3283	3284	2990
659	831	1245	1658	3284	3205
660	1248	830	3285	3286	1661
208	830	1248	2989	3286	3287
658	1246	831	3174	3288	1296
264	831	1246	2991	3288	3289
729	942	1144	2573	3290	3291
730	1145	943	3292	3293	2574
591	1087	811	3294	3295	3296
473	811	923	1406	3297	2180
820	1116	962	3298	3299	2929
544	860	873	1726	3091	2522
545	874	861	2525	3092	1722
484	829	1223	2750	3300	3301
639	1223	829	2772	3300	2739
626	963	910	1822	3302	3303
511	1185	794	3304	3305	2878
609	794	1185	2842	3305	3306
513	793	1187	3224	3307	3308
610	1187	793	3309	3307	2843
687	934	1151	2269	3310	3311
566	886	1078	1813	3312	3250
567	1079	887	3253	3313	1819
575	909	1223	3314	3315	2526
579	834	1231	2629	3316	3133
82	1084	1033	3317	3318	3319
198	1034	1085	3320	3321	3322
62	63	893	102	3323	2519
19	20	894	41	3324	2517
10	971	1079	2997	3181	3325
11	1078	972	3326	3182	2996
601	851	898	3327	3080	2671
150	771	1025	2226	2593	3328
89	772	1024	2225	3329	3330
320	774	1023	2224	3331	3332
191	1022	773	3333	3334	2223
625	1169	1028	3335	2373	3247
152	153	899	174	1485	3336
91	92	900	131	1487	3337
188	189	901	228	3338	1488
317	902	318	3124	3339	331
459	1076	964	3340	3238	2560
601	763	1175	3090	3341	3342
81	82	1033	121	3319	3343
198	199	1034	238	3344	3320
490	1243	854	3228	3345	3346
295	1088	790	3347	2108	2959
596	957	867	2882	3348	3349
548	867	957	2995	3348	2698
630	1003	1150	2176	2559	3350
807	1101	1196	3179	3351	3352
555	836	908	2827	2440	2291
576	795	974	1354	3141	3044
577	796	975	1359	3143	3046
80	844	1203	3084	3103	3353
200	1202	845	3354	3100	3085
836	858	1133	2826	3355	3356
758	1171	1112	2072	3357	3221
701	1151	929	3358	3359	2444
499	1146	908	3360	3274	1753
565	955	856	2840	3361	2605
472	1160	764	3362	1758	1767
582	850	986	3153	2606	3363
641	886	1124	3364	3365	3366
500	1124	886	3367	3365	1814
642	1125	887	3368	3369	3370
501	887	1125	1818	3369	3371
2	1108	98	3372	3373	138
2	139	1108	160	3374	3372
3	1109	159	3375	3376	181
3	182	1109	221	3377	3375
701	798	988	2124	2873	3378
682	934	984	2364	3379	2272
460	984	934	2854	3379	2275
512	1112	1171	3075	3357	2921
569	1095	848	2770	3380	1908
626	973	794	3061	2879	1477
63	64	1180	103	3120	3381
20	21	1181	42	3122	3382
548	1117	829	3383	2740	3384
847	1135	950	3385	3386	3066
846	949	1134	3067	3387	3388
635	765	1154	1542	2860	2792
548	832	1117	2745	3389	3383
639	961	967	1964	3390	2771
461	967	961	3202	3390	2720
572	817	1121	3074	3391	2534
556	1151	934	3392	3310	2363
698	964	1176	2561	3277	2410
552	914	852	2338	2163	2675
551	776	1231	1993	3134	3393
551	834	936	3394	2703	1617
726	1152	768	2723	3395	2167
778	1140	780	3396	3397	2550
782	785	1138	2553	3398	3399
783	1139	787	3400	3401	2556
612	1058	1103	3402	2794	3403
613	1059	1104	3404	2797	3405
533	1191	769	1892	3406	1270
603	769	1191	1984	3406	3407
486	960	1096	2695	3408	2193
514	1186	772	3409	3410	2982
511	773	1185	1562	3411	3304
513	1187	774	3308	3412	1563
148	149	948	170	3413	3414
321	946	322	3415	3416	335
87	88	947	127	3417	3418
192	193	945	232	3419	3420
569	958	907	2911	1519	3421
619	1034	1204	3422	2152	2509
620	1205	1033	2508	2153	3423
538	1123	912	2057	3424	1284
666	912	1123	1986	3424	3425
487	1097	941	2785	3426	2407
669	941	1097	2423	3426	3427
571	833	961	3157	2721	1963
65	781	1126	2949	1528	3428
300	1218	777	3429	2887	2834
583	1060	778	3029	2957	3195
584	1062	779	3039	2939	3256
590	1061	790	3031	2960	3265
587	781	1063	3260	2948	3042
70	789	1214	2820	2908	3430
344	1212	786	3431	2899	3019
586	784	1065	3263	2942	3034
585	1064	788	3033	2945	3199
589	787	1066	3258	2954	3040
588	791	1067	3267	2951	3036
668	1096	960	3432	3408	2567
186	187	1107	226	2761	2331
93	94	1106	133	2334	2762
154	155	1105	176	2336	2764
268	797	1240	3009	2876	3433
483	1068	835	3434	2378	1748
851	1044	1221	3219	3435	3436
518	1048	1028	3437	3248	1251
743	873	1089	2540	3438	3439
744	1090	874	3440	3441	2541
580	1122	954	2924	3442	1440
624	944	983	1687	3443	3444
197	198	1085	237	3322	3076
82	83	1084	122	3079	3317
298	1140	778	3445	3396	2956
68	787	1139	2955	3401	3446
515	1131	965	3447	3048	2773
73	74	951	113	2930	2931
595	799	1071	3273	3069	3012
638	875	1080	3448	3449	1967
637	1081	876	1966	3450	3451
591	811	1035	3296	2387	2684
605	909	922	3452	3453	3454
697	938	1143	3455	3456	2922
489	1143	938	3457	3456	3165
630	1150	800	3350	3458	1554
631	801	1149	1556	3459	3460
576	894	1181	3045	3461	3146
577	893	1180	3047	3462	3148
664	1129	795	1421	3108	1351
665	1130	796	1424	3109	1356
152	899	1159	3336	2702	3463
91	900	1158	3337	2701	3464
189	1156	901	3465	2699	3338
318	902	1157	3339	2700	3466
464	1032	962	3467	3468	3469
627	962	1032	2055	3468	3470
521	804	1229	1883	3471	3472
519	1230	805	3473	3474	1877
792	1155	799	3475	3476	2608
547	798	1137	1419	2838	2182
470	810	1244	2279	3130	2817
270	799	1155	3070	3476	3477
468	800	1120	1555	2329	3023
463	1095	910	3478	3479	3166
626	910	1095	3303	3479	3060
530	807	1196	1881	3352	3480
294	1088	295	2933	3347	308
604	1113	803	3481	2276	2667
625	1048	877	3249	3236	1808
563	855	956	3185	3482	3483
623	952	986	1409	3484	1796
580	1224	930	2165	3485	3486
219	1119	824	3487	3488	2449
613	824	1119	2624	3488	3489
612	825	1118	2627	3490	3491
36	1118	825	3492	3490	2448
559	1077	814	3493	3208	1598
581	853	1092	2973	3494	3495
679	1144	915	3496	3497	2339
497	915	1144	3498	3497	3499
498	1145	916	3500	3501	3502
680	916	1145	2342	3501	3503
597	843	1057	3145	3504	3505
514	1057	843	2602	3504	3506
560	1083	815	3507	3210	1603
460	1092	853	2274	3494	2521
604	912	1113	1321	3015	3481
470	896	990	2818	3508	3509
599	990	896	3510	3508	3234
573	969	849	2473	2466	2246
666	1030	848	3511	2405	2117
479	1179	815	2439	3270	3209
578	816	1195	1747	3139	3512
475	1177	814	3513	3278	3207
678	1170	914	3514	3515	2337
493	914	1170	1525	3515	3516
490	854	1070	3346	3517	2547
551	1231	834	3393	3316	3394
575	922	909	2758	3453	3314
627	1032	828	3470	2746	1697
811	1087	923	3295	3518	3297
556	929	1151	2122	3359	3392
144	819	1115	1795	3519	3520
678	1115	819	2218	3519	3521
325	1111	880	3150	3522	3088
805	1230	1047	3474	3523	3170
804	1046	1229	3169	3524	3471
579	984	868	2273	2853	2322
475	1121	817	3052	3391	2428
542	1220	817	3164	2381	3071
598	818	1128	2213	2920	3525
638	1202	875	3101	3526	3448
201	875	1202	3105	3526	3527
637	876	1203	3451	3528	3102
79	1203	876	3529	3528	3104
457	1086	1069	1304	3530	3531
719	1069	1086	2663	3530	2209
514	843	1186	3506	3532	3409
611	1186	843	3533	3532	3010
461	818	1201	2301	2212	3201
620	1033	1084	3423	3318	3534
619	1085	1034	3535	3321	3422
643	1116	820	2239	3298	1729
678	819	1170	3521	2775	3514
562	904	942	3244	3241	2572
564	943	905	2575	3240	3137
609	1022	945	3536	3537	3538
192	945	1022	3420	3537	3539
610	946	1023	3540	3541	3542
321	1023	946	3543	3541	3415
611	947	1024	3544	3545	3546
88	1024	947	3547	3545	3417
149	1025	948	3548	3549	3413
608	948	1025	3550	3549	2592
602	940	930	3551	3552	3553
518	833	1048	2412	3156	3437
750	903	1122	2748	3554	2923
624	983	1239	3444	3555	3556
592	992	880	3557	3558	3559
618	990	1045	3560	3561	2985
716	975	1148	2928	3562	3563
505	1148	975	3564	3562	3142
506	1147	974	3565	3566	3140
715	974	1147	2926	3566	3567
482	822	1193	2425	2346	3568
481	922	1206	3569	2965	2581
641	1078	886	3183	3312	3364
642	887	1079	3370	3313	3180
719	822	1173	2319	2424	2741
615	825	1222	2529	2642	3570
191	192	1022	231	3539	3333
320	1023	321	3332	3543	334
149	150	1025	171	3328	3548
88	89	1024	128	3330	3547
81	1033	844	3343	2149	3083
199	845	1034	3086	2148	3344
614	824	1172	2530	2632	3571
628	1000	1232	2173	2669	3572
580	930	940	3486	3552	2476
483	1029	897	2637	3573	3574
599	897	1029	3235	3573	3575
702	1243	1192	2156	3227	1887
755	1110	1127	3576	3577	1625
605	1127	1110	2871	3577	3578
465	987	892	3127	3579	1784
597	892	987	3580	3579	3581
772	1186	1024	3410	3582	3329
774	1187	1023	3412	3583	3331
773	1022	1185	3334	3584	3411
506	1172	1147	3585	2631	3565
569	907	973	3421	3176	2768
498	943	1145	2271	3293	3500
497	1144	942	3499	3290	2264
592	1111	839	3586	3135	1595
77	78	1046	117	3095	3168
202	203	1047	242	3171	3096
695	1201	991	2913	2215	2480
156	157	1054	178	2597	3587
95	96	1053	135	2595	3588
141	142	1051	163	3589	2594
184	185	1052	224	3590	2596
557	1087	838	3591	3592	3099
571	1117	832	1886	3389	3187
591	1082	838	3243	2998	3593
64	65	1126	104	3428	3245
495	855	1017	2780	3184	2441
466	1089	873	1934	3438	2356
467	874	1090	2359	3441	1937
591	838	1087	3593	3592	3294
669	1097	945	3427	3594	3595
609	945	1097	3538	3594	2841
610	1098	946	2844	3596	3540
670	946	1098	3597	3596	3026
611	1099	947	3011	3598	3544
671	947	1099	3599	3598	3064
668	948	1096	3600	3601	3432
608	1096	948	2307	3601	3550
599	1045	990	3602	3561	3510
574	910	963	2241	3302	2417
548	829	1174	3384	2749	2994
210	878	1247	2980	3603	3604
661	1247	878	3282	3603	1931
660	879	1248	1947	3605	3285
207	1248	879	3606	3605	2981
741	1120	857	3024	2353	2715
480	832	1188	3190	2744	3054
469	836	1133	2146	3356	1469
624	1239	855	3556	3607	2781
568	892	1114	2512	3608	2689
748	1142	956	3016	3609	2966
693	880	992	2380	3558	2917
618	911	990	1696	3610	3560
688	1136	1131	3611	3612	3613
592	928	992	2862	3614	3557
459	850	1076	2513	3152	3340
578	1070	854	3615	3517	3131
36	37	1118	58	3616	3492
219	220	1119	259	3617	3487
697	1083	938	2494	3618	3455
560	938	1083	2262	3618	3507
147	148	1235	169	3619	3620
322	1236	323	3621	3622	336
86	87	1237	126	3623	3624
193	194	1234	233	3625	3626
34	35	1101	56	2252	3178
217	218	1102	257	2255	3177
463	848	1095	2118	3380	3478
696	1077	937	3237	3627	2531
559	937	1077	2259	3627	3493
615	1196	1101	3628	3351	2528
143	144	1115	165	3520	2135
611	1024	1186	3546	3582	3533
610	1023	1187	3542	3583	3309
609	1185	1022	3306	3584	3536
97	98	1199	137	3629	3630
158	159	1200	180	3631	3632
139	140	1197	161	3633	3634
182	183	1198	222	3635	3636
625	856	1169	1788	3637	3335
620	1084	1183	3534	3638	2507
757	1183	1084	1380	3638	3078
619	1182	1085	2510	3639	3535
756	1085	1182	3077	3639	1375
856	955	1169	3361	3640	3637
581	1092	968	3495	3641	1535
674	846	1134	1805	3388	2514
676	1135	847	3642	3385	1806
148	948	1235	3414	3643	3619
87	947	1237	3418	3644	3623
322	946	1236	3416	3645	3621
193	1234	945	3626	3646	3419
667	1206	842	2461	2964	1262
297	1140	298	3647	3445	311
351	1138	352	3648	3649	365
67	68	1139	107	3446	3650
270	1155	271	3477	3651	284
700	1244	989	2516	3129	3652
474	979	1209	2804	3653	3654
712	1209	979	2634	3653	2711
189	190	1156	229	2094	3465
318	1157	319	3466	2095	332
90	91	1158	130	3464	2098
151	152	1159	173	3463	2101
503	1207	917	3655	3656	1841
647	917	1207	3657	3656	3658
782	1138	1216	3399	3659	2893
352	1138	1215	3649	3660	3661
351	1216	1138	3662	3659	3648
785	1215	1138	2896	3660	3398
67	1139	1213	3650	3663	3664
783	1213	1139	2905	3663	3400
780	1140	1219	3397	3665	2890
297	1219	1140	3666	3665	3647
550	1173	888	2742	2375	2691
596	867	1091	3349	3667	1256
470	990	911	3509	3610	2756
11	865	1078	3213	3251	3326
10	1079	866	3325	3252	3214
142	882	1051	2680	2195	3589
185	883	1052	2679	2197	3590
95	1053	884	3588	2200	2678
156	1054	885	3587	2202	2677
474	1209	1178	3654	3668	2502
813	1178	1209	3269	3668	3186
200	201	1202	240	3527	3354
79	80	1203	119	3353	3529
343	1212	344	3669	3431	357
352	1215	353	3661	3670	366
350	1216	351	3671	3662	364
66	67	1213	106	3664	3672
271	1217	272	3673	3674	285
69	70	1214	109	3430	3675
299	1218	300	3676	3429	313
296	1219	297	3677	3666	310
268	1240	269	3433	3678	282
262	1245	263	3204	3283	276
264	1246	265	3289	3175	278
207	208	1248	247	3287	3606
209	210	1247	249	3604	3280
599	1029	1190	3575	3679	3680
549	851	1175	3220	3681	3682
601	1175	851	3342	3681	3327
599	1190	1045	3680	3683	3602
476	1055	889	3684	3685	2366
598	889	1055	3686	3685	2934
768	1152	862	3395	3687	2971
742	1133	858	1483	3355	2717
689	1178	932	2496	3268	2402
692	933	1179	2970	3271	2426
647	1076	917	3239	3232	3657
669	945	1234	3595	3646	3688
668	1235	948	3689	3643	3600
670	1236	946	3690	3645	3597
671	1237	947	3691	3644	3599
492	992	928	2916	3614	2388
462	1091	867	2855	3667	1449
755	935	1110	2863	3692	3576
484	1110	935	3693	3692	1905
688	928	1177	2389	3279	3694
581	983	944	1803	3443	2972
458	966	1189	2565	3695	3696
725	1189	966	2725	3695	2805
485	1132	859	3697	2589	1384
614	1242	1072	3698	3699	1412
615	1073	1241	3700	3701	3702
606	1080	875	3703	3449	3217
607	876	1081	3216	3450	3704
543	862	1152	1350	3687	2687
592	880	1111	3559	3522	3586
471	851	1221	3081	3436	2506
483	897	1068	3574	2782	3434
614	1172	1242	3571	3705	3698
688	1131	959	3613	3706	1951
271	1155	1217	3651	3707	3673
792	1217	1155	2902	3707	3475
582	986	952	3363	3484	2078
605	1110	909	3578	3708	3452
484	909	1110	3709	3708	3693
464	931	1032	2848	2828	3467
732	1055	958	2935	3710	2910
563	956	1142	3483	3609	2868
568	854	1243	3272	3345	2511
472	929	1160	2445	3711	3362
622	1160	929	2674	3711	2119
615	1241	1196	3702	3712	3628
482	1224	939	3713	3714	3058
657	939	1224	2305	3714	2164
505	1222	1148	3715	2641	3564
504	968	1208	1962	3716	3717
687	1208	968	3718	3716	3719
549	1175	1176	3682	3720	3276
763	1176	1175	2872	3720	3341
701	988	1208	3378	3721	3722
504	1208	988	3717	3721	1738
597	1114	892	3723	3608	3580
616	993	987	3724	3725	3128
598	1128	889	3525	3089	3686
676	1027	1135	1834	3726	3642
495	1135	1027	3727	3726	2778
465	1122	903	3728	3554	3125
681	1146	1105	3275	3729	2335
680	1145	1106	3503	3730	2333
731	1105	1146	2765	3729	3731
730	1106	1145	2763	3730	3292
729	1144	1107	3291	3732	2760
679	1107	1144	2332	3732	3496
855	1239	956	3607	3733	3482
597	987	993	3581	3725	3144
617	1131	1136	3049	3612	3172
493	1170	1035	3516	2774	2210
800	1150	916	3458	3734	3229
801	915	1149	3230	3735	3459
557	923	1087	2546	3518	3591
476	958	1055	1448	3710	3684
647	1207	1044	3658	3736	3106
718	1044	1207	3737	3736	3738
666	1225	1030	3739	3740	3511
605	922	1210	3454	3741	3167
147	1235	918	3620	3742	1994
323	1236	920	3622	3743	1995
86	1237	921	3624	3744	1996
194	919	1234	1997	3745	3625
700	989	1238	3652	3746	1266
502	1238	989	2918	3746	2665
503	1056	1207	2865	3747	3655
718	1207	1056	3738	3747	3222
628	1232	1089	3572	3748	1935
743	1089	1232	3439	3748	2615
629	1090	1233	1940	3749	3750
744	1233	1090	2618	3749	3440
63	1180	893	3381	3462	3323
20	1181	894	3382	3461	3324
499	955	1146	3751	3752	3360
731	1146	955	3731	3752	2839
602	1132	940	2789	3753	3551
464	962	1116	3469	3299	2456
716	1148	1103	3563	3754	1517
612	1103	1148	3403	3754	2625
613	1104	1147	3405	3755	2622
715	1147	1104	3567	3755	1515
606	1074	1124	3756	3757	3758
607	1125	1075	3759	3760	3761
478	1239	983	3762	3555	2242
140	924	1197	2298	3763	3633
97	1199	925	3630	3764	2296
183	926	1198	2297	3765	3635
158	1200	927	3632	3766	2295
513	1226	913	2816	3225	3223
465	954	1122	2603	3442	3728
495	950	1135	2447	3386	3727
492	1134	949	2235	3387	2914
482	1193	930	3568	3767	3768
603	1191	976	3407	1694	3769
485	940	1132	2479	3753	3697
606	1124	1080	3758	3770	3703
607	1081	1125	3704	3771	3759
497	1149	915	3772	3735	3498
498	916	1150	3502	3734	2558
687	968	1092	3719	3641	2267
747	1188	957	3055	2696	2884
748	906	1226	2936	3226	2815
484	1223	909	3301	3315	3709
481	1210	922	2326	3741	3569
603	976	1189	3769	3773	2724
491	1030	1225	2932	3740	1268
515	959	1131	2311	3706	3447
644	1197	924	3774	3763	1366
644	925	1199	1369	3764	3775
645	1198	926	3776	3765	1371
645	927	1200	1374	3766	3777
602	930	1193	3553	3767	3022
616	1143	993	2755	3778	3724
668	918	1235	2569	3742	3689
669	1234	919	3688	3745	2422
670	920	1236	2284	3743	3690
671	921	1237	2286	3744	3691
457	1069	1194	3531	3779	2365
727	1194	1069	3780	3779	2735
482	930	1224	3768	3485	3713
499	1169	955	2374	3640	3751
489	993	1143	2767	3778	3457
521	1229	1075	3472	3781	2160
519	1074	1230	2159	3782	3473
497	1002	1149	2263	3783	3772
631	1149	1002	3460	3783	1588
578	1195	1070	3512	3784	3615
606	1047	1230	3218	3523	3785
607	1229	1046	3786	3524	3215
759	1211	1227	1971	3787	2962
634	1227	1211	2600	3787	2984
667	1225	1123	1264	3788	2010
220	1059	1119	3161	3789	3617
37	1058	1118	3159	3790	3616
597	1057	1114	3505	3791	3723
478	956	1239	2967	3733	3762
711	1114	1057	2690	3791	2601
612	1118	1058	3491	3790	3402
613	1119	1059	3489	3789	3404
641	1124	1074	3366	3757	2398
642	1075	1125	2401	3760	3368
458	1189	976	3696	3773	2776
718	1221	1044	2505	3435	3737
500	1080	1124	1968	3770	3367
501	1125	1081	3371	3771	1965
615	1222	1073	3570	3792	3700
269	1240	1071	3678	3013	3206
727	1153	1228	3063	3793	3794
507	1228	1153	2544	3793	2619
706	1190	1029	1437	3679	2636
508	1045	1190	3053	3683	1439
299	1060	1218	3116	3028	3676
296	1061	1219	3117	3030	3677
343	1062	1212	3110	3038	3669
66	1213	1063	3672	3043	3115
69	1214	1066	3675	3041	3114
350	1064	1216	3111	3032	3671
353	1215	1065	3670	3035	3112
272	1217	1067	3674	3037	3113
629	1233	1001	3750	3795	1585
496	1001	1233	2969	3795	2617
698	1070	1195	2548	3784	2468
688	1177	1136	3694	3796	3611
475	1136	1177	2429	3796	3513
727	1228	1194	3794	3797	3780
646	1194	1228	1989	3797	2621
505	1073	1222	1452	3792	3715
701	1208	1151	3722	3798	3358
687	1151	1208	3311	3798	3718
139	1197	1108	3634	3799	3374
644	1108	1197	3800	3799	3774
182	1198	1109	3636	3801	3377
645	1109	1198	3802	3801	3776
644	1199	1108	3775	3803	3800
98	1108	1199	3373	3803	3629
645	1200	1109	3777	3804	3802
159	1109	1200	3376	3804	3631
607	1075	1229	3761	3781	3786
606	1230	1074	3785	3782	3756
672	1072	1242	1863	3699	2751
673	1241	1073	3242	3701	1432
506	1242	1172	2640	3705	3585
666	1123	1225	3425	3788	3739
530	1196	1241	3480	3712	2562
347	348	3848	361	3861	3862
266	267	3847	280	3863	3864
323	324	3845	337	3865	3866
296	297	3846	310	3867	3868
294	295	3844	308	3869	3870
321	322	3843	335	3871	3872
369	3839	370	3873	3874	379
426	3840	427	3875	3876	436
376	3836	377	3877	3878	386
433	3835	434	3879	3880	443
292	293	3841	306	3881	3882
319	320	3842	333	3883	3884
268	269	3833	282	3885	3886
290	291	3837	304	3887	3888
349	350	3834	363	3889	3890
317	318	3838	331	3891	3892
15	3855	3805	3893	3894	3895
16	3856	3806	3896	3897	3898
15	3805	3849	3895	3899	3900
14	3807	3852	3901	3902	3903
14	3851	3807	3904	3905	3901
16	3806	3850	3898	3906	3907
13	3854	3808	3908	3909	3910
13	3808	3853	3910	3911	3912
324	3829	3845	3913	3914	3865
297	3830	3846	3915	3916	3867
347	3848	3831	3862	3917	3918
266	3847	3832	3864	3919	3920
370	3839	3825	3874	3921	3922
427	3840	3826	3876	3923	3924
322	3828	3843	3925	3926	3871
295	3827	3844	3927	3928	3869
369	3809	3839	3929	3930	3873
426	3810	3840	3931	3932	3875
433	3816	3835	3933	3934	3879
376	3815	3836	3935	3936	3877
377	3836	3811	3878	3937	3938
434	3835	3812	3880	3939	3940
293	3824	3841	3941	3942	3881
320	3823	3842	3943	3944	3883
269	3815	3833	3945	3946	3885
350	3816	3834	3947	3948	3889
291	3821	3837	3949	3950	3887
318	3822	3838	3951	3952	3891
349	3834	3814	3890	3953	3954
268	3833	3813	3886	3955	3956
319	3842	3822	3884	3957	3958
292	3841	3821	3882	3959	3960
290	3837	3817	3888	3961	3962
317	3838	3818	3892	3963	3964
294	3844	3824	3870	3965	3966
321	3843	3823	3872	3967	3968
296	3846	3827	3868	3969	3970
323	3845	3828	3866	3971	3972
348	3814	3848	3973	3974	3861
267	3813	3847	3975	3976	3863
298	3820	3830	3977	3978	3979
325	3819	3829	3980	3981	3982
265	3832	3825	3983	3984	3985
346	3831	3826	3986	3987	3988
396	3830	3820	3989	3978	3990
415	3829	3819	3991	3981	3992
428	3826	3831	3993	3987	3994
371	3825	3832	3995	3984	3996
15	3819	3855	3997	3998	3893
16	3820	3856	3999	4000	3896
15	3849	3810	3900	4001	4002
14	3852	3809	3903	4003	4004
14	3812	3851	4005	4006	3904
13	3811	3854	4007	4008	3908
16	3850	3818	3907	4009	4010
13	3853	3817	3912	4011	4012
297	298	3830	311	3979	3915
324	325	3829	338	3982	3913
265	266	3832	279	3920	3983
346	347	3831	360	3918	3986
428	3831	429	3994	4013	438
371	3832	372	3996	4014	381
395	3830	396	4015	3989	405
414	3829	415	4016	3991	424
267	268	3813	281	3956	3975
348	349	3814	362	3954	3973
16	396	3820	406	3990	3999
15	415	3819	425	3992	3997
322	323	3828	336	3972	3925
295	296	3827	309	3970	3927
343	344	3810	357	4017	4018
262	263	3809	276	4019	4020
427	3826	428	3924	3993	437
370	3825	371	3922	3995	380
14	3809	369	4004	3929	378
15	3810	426	4002	3931	435
293	294	3824	307	3966	3941
320	321	3823	334	3968	3943
325	326	3819	339	4021	3980
298	299	3820	312	4022	3977
432	3816	433	4023	3933	442
375	3815	376	4024	3935	385
291	292	3821	305	3960	3949
318	319	3822	332	3958	3951
14	434	3812	444	3940	4005
13	377	3811	387	3938	4007
271	272	3811	285	4025	4026
352	353	3812	366	4027	4028
373	3813	374	4029	4030	383
430	3814	431	4031	4032	440
269	270	3815	283	4033	3945
350	351	3816	364	4034	3947
289	290	3817	303	3962	4035
316	317	3818	330	3964	4036
16	3818	407	4010	4037	416
13	3817	388	4012	4038	397
389	3821	390	4039	4040	399
408	3822	409	4041	4042	418
391	3824	392	4043	4044	401
410	3823	411	4045	4046	420
345	346	3826	359	3988	4047
264	265	3825	278	3985	4048
412	3828	413	4049	4050	422
393	3827	394	4051	4052	403
375	3833	3815	4053	3946	4024
432	3834	3816	4054	3948	4023
431	3814	3834	4032	3953	4055
374	3813	3833	4030	3955	4056
352	3812	3835	4028	3939	4057
271	3811	3836	4026	3937	4058
270	3836	3815	4059	3936	4033
351	3835	3816	4060	3934	4034
407	3818	3838	4037	3963	4061
388	3817	3837	4038	3961	4062
408	3838	3822	4063	3952	4041
389	3837	3821	4064	3950	4039
409	3822	3842	4042	3957	4065
390	3821	3841	4040	3959	4066
410	3842	3823	4067	3944	4045
391	3841	3824	4068	3942	4043
263	3839	3809	4069	3930	4019
344	3840	3810	4070	3932	4017
392	3824	3844	4044	3965	4071
411	3823	3843	4046	3967	4072
345	3826	3840	4047	3923	4073
264	3825	3839	4048	3921	4074
412	3843	3828	4075	3926	4049
393	3844	3827	4076	3928	4051
373	3847	3813	4077	3976	4029
430	3848	3814	4078	3974	4031
413	3828	3845	4050	3971	4079
394	3827	3846	4052	3969	4080
414	3845	3829	4081	3914	4016
395	3846	3830	4082	3916	4015
372	3832	3847	4014	3919	4083
429	3831	3848	4013	3917	4084
354	3858	3851	4085	4086	4087
261	3852	3858	4088	4089	4090
342	3849	3857	4091	4092	4093
327	3857	3855	4094	4095	4096
273	3860	3854	4097	4098	4099
288	3853	3860	4100	4101	4102
315	3850	3859	4103	4104	4105
300	3859	3856	4106	4107	4108
3807	3851	3858	3905	4086	4109
3808	3854	3860	3909	4098	4110
3808	3860	3853	4110	4101	3911
3806	3859	3850	4111	4104	3906
3807	3858	3852	4109	4089	3902
3805	3857	3849	4112	4092	3899
3805	3855	3857	3894	4095	4112
3806	3856	3859	3897	4107	4111
374	3833	375	4056	4053	384
431	3834	432	4055	4054	441
270	271	3836	284	4058	4059
351	352	3835	365	4057	4060
344	345	3840	358	4073	4070
263	264	3839	277	4074	4069
407	3838	408	4061	4063	417
388	3837	389	4062	4064	398
409	3842	410	4065	4067	419
390	3841	391	4066	4068	400
392	3844	393	4071	4076	402
411	3843	412	4072	4075	421
394	3846	395	4080	4082	404
413	3845	414	4079	4081	423
372	3847	373	4083	4077	382
429	3848	430	4084	4078	439
343	3810	3849	4018	4001	4113
262	3809	3852	4020	4003	4114
326	3855	3819	4115	3998	4021
299	3856	3820	4116	4000	4022
353	3851	3812	4117	4006	4027
272	3854	3811	4118	4008	4025
316	3818	3850	4036	4009	4119
289	3817	3853	4035	4011	4120
326	327	3855	340	4096	4115
342	343	3849	356	4113	4091
299	300	3856	313	4108	4116
261	262	3852	275	4114	4088
353	354	3851	367	4087	4117
272	273	3854	286	4099	4118
315	316	3850	329	4119	4103
288	289	3853	302	4120	4100
11	342	3857	355	4093	4121
12	261	3858	274	4090	4122
10	315	3859	328	4105	4123
11	3857	327	4121	4094	341
10	3859	300	4123	4106	314
12	3858	354	4122	4085	368
9	288	3860	301	4102	4124
9	3860	273	4124	4097	287
4146	4163	4188	4229	4230	4231
4148	4161	4186	4232	4233	4234
4188	4163	4136	4230	4235	4236
4186	4161	4133	4233	4237	4238
4185	4164	4134	4239	4240	4241
4147	4164	4185	4242	4239	4243
4187	4162	4135	4244	4245	4246
4145	4162	4187	4247	4244	4248
370	371	4203	380	4249	4250
389	390	4202	399	4251	4252
408	409	4204	418	4253	4254
427	428	4201	437	4255	4256
4148	4186	4165	4234	4257	4258
4146	4188	4168	4231	4259	4260
4147	4185	4167	4243	4261	4262
4145	4187	4166	4248	4263	4264
445	4212	4145	4265	4266	4267
448	4210	4146	4268	4269	4270
451	4211	4148	4271	4272	4273
454	4209	4147	4274	4275	4276
4151	4193	4162	4277	4278	4279
4152	4195	4161	4280	4281	4282
4188	4130	4168	4283	4284	4259
4186	4129	4165	4285	4286	4257
4185	4132	4167	4287	4288	4261
4187	4131	4166	4289	4290	4263
4193	4126	4162	4291	4292	4278
4195	4125	4161	4293	4294	4281
4203	371	4153	4249	4295	4296
4202	390	4154	4251	4297	4298
4204	409	4155	4253	4299	4300
4201	428	4156	4255	4301	4302
5	4210	448	4303	4268	449
6	4212	445	4304	4265	446
7	4209	454	4305	4274	455
8	4211	451	4306	4271	452
454	4147	4167	4276	4262	4307
451	4148	4165	4273	4258	4308
445	4145	4166	4267	4264	4309
448	4146	4168	4270	4260	4310
4150	4166	4194	4311	4312	4313
4149	4165	4196	4314	4315	4316
4194	4166	4131	4312	4290	4317
4196	4165	4129	4315	4286	4318
4130	4152	4168	4319	4320	4284
4132	4151	4167	4321	4322	4288
5	4166	4150	4323	4311	4324
6	4167	4151	4325	4322	4326
7	4165	4149	4327	4314	4328
8	4168	4152	4329	4320	4330
373	4173	4160	4331	4332	4333
430	4174	4157	4334	4335	4336
411	4176	4159	4337	4338	4339
392	4175	4158	4340	4341	4342
394	4169	4199	4343	4344	4345
375	4172	4198	4346	4347	4348
432	4171	4200	4349	4350	4351
413	4170	4197	4352	4353	4354
4130	4224	4152	4355	4356	4319
4132	4223	4151	4357	4358	4321
7	4149	4209	4328	4359	4305
6	4151	4212	4326	4360	4304
5	4150	4210	4324	4361	4303
8	4152	4211	4330	4362	4306
430	431	4174	440	4363	4334
373	374	4173	383	4364	4331
392	393	4175	402	4365	4340
411	412	4176	421	4366	4337
432	433	4171	442	4367	4349
394	395	4169	404	4368	4343
375	376	4172	385	4369	4346
413	414	4170	423	4370	4352
390	4177	4154	4371	4372	4297
371	4180	4153	4373	4374	4295
409	4178	4155	4375	4376	4299
428	4179	4156	4377	4378	4301
4143	4199	4169	4379	4344	4380
4141	4198	4172	4381	4347	4382
4142	4197	4170	4383	4353	4384
4144	4200	4171	4385	4350	4386
4140	4213	4170	4387	4388	4389
4139	4214	4172	4390	4391	4392
4137	4215	4169	4393	4394	4395
4138	4216	4171	4396	4397	4398
4170	4213	4218	4388	4399	4400
4172	4214	4217	4391	4401	4402
4127	4164	4227	4403	4404	4405
4128	4163	4228	4406	4407	4408
4169	4215	4225	4394	4409	4410
4171	4216	4226	4397	4411	4412
4129	4159	4176	4413	4338	4414
4130	4158	4175	4415	4341	4416
4131	4160	4173	4417	4332	4418
4132	4157	4174	4419	4335	4420
4129	4176	4196	4414	4421	4318
4131	4173	4194	4418	4422	4317
4149	4227	4164	4423	4404	4424
4150	4228	4163	4425	4407	4426
426	4201	4192	4427	4428	4429
407	4204	4190	4430	4431	4432
388	4202	4189	4433	4434	4435
369	4203	4191	4436	4437	4438
4142	4196	4176	4439	4421	4440
4141	4194	4173	4441	4422	4442
5	445	4166	447	4309	4323
6	454	4167	456	4307	4325
7	451	4165	453	4308	4327
8	448	4168	450	4310	4329
4156	4179	4184	4378	4443	4444
4155	4178	4182	4376	4445	4446
4153	4180	4181	4374	4447	4448
4154	4177	4183	4372	4449	4450
426	427	4201	436	4256	4427
407	408	4204	417	4254	4430
388	389	4202	398	4252	4433
369	370	4203	379	4250	4436
4134	4184	4179	4451	4443	4452
4133	4182	4178	4453	4445	4454
4136	4183	4177	4455	4449	4456
4135	4181	4180	4457	4447	4458
4149	4164	4209	4424	4459	4359
4151	4162	4212	4279	4460	4360
4152	4161	4211	4282	4461	4362
4150	4163	4210	4426	4462	4361
373	4160	4219	4333	4463	4464
392	4158	4222	4342	4465	4466
430	4157	4221	4336	4467	4468
411	4159	4220	4339	4469	4470
4126	4181	4162	4471	4472	4292
4128	4183	4163	4473	4474	4406
4125	4182	4161	4475	4476	4294
4127	4184	4164	4477	4478	4403
4133	4220	4159	4479	4469	4480
4136	4222	4158	4481	4465	4482
4135	4219	4160	4483	4463	4484
4134	4221	4157	4485	4467	4486
16	4190	396	4487	4488	406
14	4191	434	4489	4490	444
15	4192	415	4491	4492	425
14	369	4191	378	4438	4489
13	4189	377	4493	4494	387
13	388	4189	397	4435	4493
16	407	4190	416	4432	4487
15	426	4192	435	4429	4491
4136	4158	4188	4482	4495	4236
4133	4159	4186	4480	4496	4238
4131	4187	4160	4289	4497	4417
4129	4186	4159	4285	4496	4413
4135	4160	4187	4484	4497	4246
4132	4185	4157	4287	4498	4419
4134	4157	4185	4486	4498	4241
4130	4188	4158	4283	4495	4415
4130	4175	4224	4416	4499	4355
4132	4174	4223	4420	4500	4357
390	391	4177	400	4501	4371
409	410	4178	419	4502	4375
428	429	4179	438	4503	4377
371	372	4180	381	4504	4373
4136	4163	4183	4235	4474	4455
4135	4162	4181	4245	4472	4457
4133	4161	4182	4237	4476	4453
4134	4164	4184	4240	4478	4451
391	392	4222	401	4466	4505
372	373	4219	382	4464	4506
429	430	4221	439	4468	4507
410	411	4220	420	4470	4508
4140	4192	4201	4509	4428	4510
4137	4190	4204	4511	4431	4512
4139	4189	4202	4513	4434	4514
4138	4191	4203	4515	4437	4516
4134	4179	4221	4452	4517	4485
4133	4178	4220	4454	4518	4479
4135	4180	4219	4458	4519	4483
4136	4177	4222	4456	4520	4481
4147	4209	4164	4275	4459	4242
4148	4211	4161	4272	4461	4232
4146	4210	4163	4269	4462	4229
4145	4212	4162	4266	4460	4247
4143	4224	4175	4521	4499	4522
4144	4223	4174	4523	4500	4524
4140	4170	4206	4389	4525	4526
433	4208	4171	4527	4528	4367
414	4206	4170	4529	4525	4370
4138	4171	4208	4398	4528	4530
395	4205	4169	4531	4532	4368
4137	4169	4205	4395	4532	4533
376	4207	4172	4534	4535	4369
4139	4172	4207	4392	4535	4536
4126	4216	4181	4537	4538	4471
4153	4181	4216	4448	4538	4539
4156	4184	4213	4444	4540	4541
4155	4182	4215	4446	4542	4543
4125	4215	4182	4544	4542	4475
4128	4214	4183	4545	4546	4473
4154	4183	4214	4450	4546	4547
4127	4213	4184	4548	4540	4477
4143	4169	4225	4380	4410	4549
4144	4171	4226	4386	4412	4550
4142	4170	4218	4384	4400	4551
4141	4172	4217	4382	4402	4552
4128	4217	4214	4553	4401	4545
4127	4218	4213	4554	4399	4548
395	396	4205	405	4555	4531
433	434	4208	443	4556	4527
376	377	4207	386	4557	4534
414	415	4206	424	4558	4529
431	432	4200	441	4351	4559
374	375	4198	384	4348	4560
393	394	4199	403	4345	4561
412	413	4197	422	4354	4562
4142	4176	4197	4440	4563	4383
4141	4173	4198	4442	4564	4381
4144	4174	4200	4524	4565	4385
4143	4175	4199	4522	4566	4379
431	4200	4174	4559	4565	4363
374	4198	4173	4560	4564	4364
412	4197	4176	4562	4563	4366
393	4199	4175	4561	4566	4365
4151	4223	4193	4358	4567	4277
4152	4224	4195	4356	4568	4280
4141	4228	4194	4569	4570	4441
4142	4227	4196	4571	4572	4439
4141	4217	4228	4552	4573	4569
4142	4218	4227	4551	4574	4571
4125	4225	4215	4575	4409	4544
4126	4226	4216	4576	4411	4537
429	4221	4179	4507	4517	4503
391	4222	4177	4505	4520	4501
410	4220	4178	4508	4518	4502
372	4219	4180	4506	4519	4504
4156	4213	4201	4541	4577	4302
4140	4201	4213	4510	4577	4387
4153	4216	4203	4539	4578	4296
4155	4215	4204	4543	4579	4300
4138	4203	4216	4516	4578	4396
4137	4204	4215	4512	4579	4393
4139	4202	4214	4514	4580	4390
4154	4214	4202	4547	4580	4298
396	4190	4205	4488	4581	4555
377	4189	4207	4494	4582	4557
434	4191	4208	4490	4583	4556
415	4192	4206	4492	4584	4558
4140	4206	4192	4526	4584	4509
4137	4205	4190	4533	4581	4511
4139	4207	4189	4536	4582	4513
4138	4208	4191	4530	4583	4515
4144	4226	4193	4550	4585	4586
4143	4225	4195	4549	4587	4588
4143	4195	4224	4588	4568	4521
4144	4193	4223	4586	4567	4523
4126	4193	4226	4291	4585	4576
4125	4195	4225	4293	4587	4575
4150	4194	4228	4313	4570	4425
4149	4196	4227	4316	4572	4423
4128	4228	4217	4408	4573	4553
4127	4227	4218	4405	4574	4554

--------------------------------------------------------------------------------
NUMBER OF BOUNDARY TYPES        TOTAL NUMBER OF ELEMENTS
--------------------------------------------------------------------------------
4                               132

--------------------------------------------------------------------------------
BOUNDARY 1        CONSTRAINS (0-free 1-const 2-glue)  VALUES (default = 0.)
NUMB. OF ELEM.    Ux     Uy     Uz                    Ux     Uy     Uz  
--------------------------------------------------------------------------------
22                1      1      0                     1.     0.     0.

--------------------------------------------------------------------------------
BOUNDARY 1 - CONNECTIVITY
--------------------------------------------------------------------------------
4	17	38
17	18	39
18	19	40
19	20	41
20	21	42
21	22	43
22	23	44
23	24	45
24	25	46
25	26	47
26	27	48
27	28	49
28	29	50
29	30	51
30	31	52
31	32	53
32	33	54
33	34	55
34	35	56
35	36	57
36	37	58
37	1	59

--------------------------------------------------------------------------------
BOUNDARY 2        CONSTRAINS (0-free 1-const 2-glue)  VALUES (default = 0.)
NUMB. OF ELEM.    Ux     Uy     Uz                    Ux     Uy     Uz  
--------------------------------------------------------------------------------
80                0      1      0                     0.     0.     0.

--------------------------------------------------------------------------------
BOUNDARY 2 - CONNECTIVITY
--------------------------------------------------------------------------------
1	60	99
60	61	100
61	62	101
62	63	102
63	64	103
64	65	104
65	66	105
66	67	106
67	68	107
68	69	108
69	70	109
70	71	110
71	72	111
72	73	112
73	74	113
74	75	114
75	76	115
76	77	116
77	78	117
78	79	118
79	80	119
80	81	120
81	82	121
82	83	122
83	84	123
84	85	124
85	86	125
86	87	126
87	88	127
88	89	128
89	90	129
90	91	130
91	92	131
92	93	132
93	94	133
94	95	134
95	96	135
96	97	136
97	98	137
98	2	138
3	182	221
182	183	222
183	184	223
184	185	224
185	186	225
186	187	226
187	188	227
188	189	228
189	190	229
190	191	230
191	192	231
192	193	232
193	194	233
194	195	234
195	196	235
196	197	236
197	198	237
198	199	238
199	200	239
200	201	240
201	202	241
202	203	242
203	204	243
204	205	244
205	206	245
206	207	246
207	208	247
208	209	248
209	210	249
210	211	250
211	212	251
212	213	252
213	214	253
214	215	254
215	216	255
216	217	256
217	218	257
218	219	258
219	220	259
220	4	260

--------------------------------------------------------------------------------
BOUNDARY 1        CONSTRAINS (0-free 1-const 2-glue)  VALUES (default = 0.)
NUMB. OF ELEM.    Ux     Uy     Uz                    Ux     Uy     Uz  
--------------------------------------------------------------------------------
22                0      0      0                     0.     0.     0.

--------------------------------------------------------------------------------
BOUNDARY 1 - CONNECTIVITY
--------------------------------------------------------------------------------
2	139	160
139	140	161
140	141	162
141	142	163
142	143	164
143	144	165
144	145	166
145	146	167
146	147	168
147	148	169
148	149	170
149	150	171
150	151	172
151	152	173
152	153	174
153	154	175
154	155	176
155	156	177
156	157	178
157	158	179
158	159	180
159	3	181

--------------------------------------------------------------------------------
BOUNDARY 1        CONSTRAINS (0-free 1-const 2-glue)  VALUES (default = 0.)
NUMB. OF ELEM.    Ux     Uy     Uz                    Ux     Uy     Uz  
--------------------------------------------------------------------------------
8                 1      1      0                     0.     0.     0.

--------------------------------------------------------------------------------
BOUNDARY 1 - CONNECTIVITY
--------------------------------------------------------------------------------
6	445	446
445	5	447
5	448	449
448	8	450
8	451	452
451	7	453
7	454	455
454	6	456



