--------------------------------------------------------------------------------
ELEMENTS        NODES        TIME STEPS     PRINTING FREQ
--------------------------------------------------------------------------------
4408            8968         100000         1

--------------------------------------------------------------------------------
UNDISTURBED VELOCITY AND PRESSURE
Ux      Uy      Uz      P
--------------------------------------------------------------------------------
1.0     0.0     0.0     0.0

--------------------------------------------------------------------------------
DENSITY      TEMPERATURE      VISCOSITY      THERMAL CONDITIVITY
--------------------------------------------------------------------------------
1.E0         300              0.01           0.0

--------------------------------------------------------------------------------
TIME STEP       TIME INTEGRATION SCHEME (1- Implicit Euler, 2- Adams-Bashforth)
--------------------------------------------------------------------------------
0.020            0.5

--------------------------------------------------------------------------------
EXTERNAL FIELD FORCES CONSTANTS
Gx       Gy       Gz
--------------------------------------------------------------------------------
0.0      0.0      0.0

--------------------------------------------------------------------------------
ARLEQUIN VARIABLES
GLUE ZONE THICKNESS     EPSILON     WEIGHT FUNCT. (POL. DEGREE)   K1     K2
--------------------------------------------------------------------------------
1.0                     1E-2        1                             1E+0   0.E+0 

--------------------------------------------------------------------------------
COMPUTE DRAG AND LIFT FORCES (0-No, 1-Yes)      BOUNDARY NUMBER
--------------------------------------------------------------------------------
1                                               0

--------------------------------------------------------------------------------
PRINT RESULTS (0-No, 1-Yes)
--------------------------------------------------------------------------------
1 - VELOCITY
1 - REAL VELOCITY
1 - LAGRANGE MULTIPLIERS
0 - ELEMENT CORRESPONDENCE
1 - DIST FUNCTION
1 - ENERGY WEIGHT FUNCTION
1 - PRESSURE
1 - REAL PRESSURE
1 - VORTICITY
1 - INNER NORMAL
0 - MESH VELOCITY
0 - MESH DISPLACEMENT
1 - GLUE ZONE
1 - JACOBIAN
1 - PROCESS

--------------------------------------------------------------------------------
NODAL COORDINATES
--------------------------------------------------------------------------------
4	4.5
4	3.5
4.5	4
3.5	4
2	4
4	2
6	4
4	6
4.498292247	4.041289673
4.493180652	4.082297295
4.484700133	4.122742744
4.472908621	4.162349735
4.457886663	4.200847712
4.439736876	4.237973697
4.418583239	4.273474079
4.394570255	4.307106356
4.367861955	4.338640786
4.338640786	4.367861955
4.307106356	4.394570255
4.273474079	4.418583239
4.237973697	4.439736876
4.200847712	4.457886663
4.162349735	4.472908621
4.122742744	4.484700133
4.082297295	4.493180652
4.041289673	4.498292247
4.499572879	4.020662487
4.49616029	4.061846316
4.489358423	4.102607671
4.479213741	4.142668112
4.465795544	4.181753985
4.449195491	4.219598294
4.429526977	4.255942525
4.406924359	4.290538408
4.381542034	4.323149619
4.353553391	4.353553391
4.323149619	4.381542034
4.290538408	4.406924359
4.255942525	4.429526977
4.219598294	4.449195491
4.181753985	4.465795544
4.142668112	4.479213741
4.102607671	4.489358423
4.061846316	4.49616029
4.020662487	4.499572879
3.958710327	4.498292247
3.917702705	4.493180652
3.877257256	4.484700133
3.837650265	4.472908621
3.799152288	4.457886663
3.762026303	4.439736876
3.726525921	4.418583239
3.692893644	4.394570255
3.661359214	4.367861955
3.632138045	4.338640786
3.605429745	4.307106356
3.581416761	4.273474079
3.560263124	4.237973697
3.542113337	4.200847712
3.527091379	4.162349735
3.515299867	4.122742744
3.506819348	4.082297295
3.501707753	4.041289673
3.979337513	4.499572879
3.938153684	4.49616029
3.897392329	4.489358423
3.857331888	4.479213741
3.818246015	4.465795544
3.780401706	4.449195491
3.744057475	4.429526977
3.709461592	4.406924359
3.676850381	4.381542034
3.646446609	4.353553391
3.618457966	4.323149619
3.593075641	4.290538408
3.570473023	4.255942525
3.550804509	4.219598294
3.534204456	4.181753985
3.520786259	4.142668112
3.510641577	4.102607671
3.50383971	4.061846316
3.500427121	4.020662487
3.501707753	3.958710327
3.506819348	3.917702705
3.515299867	3.877257256
3.527091379	3.837650265
3.542113337	3.799152288
3.560263124	3.762026303
3.581416761	3.726525921
3.605429745	3.692893644
3.632138045	3.661359214
3.661359214	3.632138045
3.692893644	3.605429745
3.726525921	3.581416761
3.762026303	3.560263124
3.799152288	3.542113337
3.837650265	3.527091379
3.877257256	3.515299867
3.917702705	3.506819348
3.958710327	3.501707753
3.500427121	3.979337513
3.50383971	3.938153684
3.510641577	3.897392329
3.520786259	3.857331888
3.534204456	3.818246015
3.550804509	3.780401706
3.570473023	3.744057475
3.593075641	3.709461592
3.618457966	3.676850381
3.646446609	3.646446609
3.676850381	3.618457966
3.709461592	3.593075641
3.744057475	3.570473023
3.780401706	3.550804509
3.818246015	3.534204456
3.857331888	3.520786259
3.897392329	3.510641577
3.938153684	3.50383971
3.979337513	3.500427121
4.041289673	3.501707753
4.082297295	3.506819348
4.122742744	3.515299867
4.162349735	3.527091379
4.200847712	3.542113337
4.237973697	3.560263124
4.273474079	3.581416761
4.307106356	3.605429745
4.338640786	3.632138045
4.367861955	3.661359214
4.394570255	3.692893644
4.418583239	3.726525921
4.439736876	3.762026303
4.457886663	3.799152288
4.472908621	3.837650265
4.484700133	3.877257256
4.493180652	3.917702705
4.498292247	3.958710327
4.020662487	3.500427121
4.061846316	3.50383971
4.102607671	3.510641577
4.142668112	3.520786259
4.181753985	3.534204456
4.219598294	3.550804509
4.255942525	3.570473023
4.290538408	3.593075641
4.323149619	3.618457966
4.353553391	3.646446609
4.381542034	3.676850381
4.406924359	3.709461592
4.429526977	3.744057475
4.449195491	3.780401706
4.465795544	3.818246015
4.479213741	3.857331888
4.489358423	3.897392329
4.49616029	3.938153684
4.499572879	3.979337513
3.834841309	5.993168986
3.670810819	5.972722607
3.509029026	5.938800532
3.350601062	5.891634483
3.196609151	5.831546653
3.048105214	5.758947502
2.906103684	5.674332957
2.771574575	5.578281019
2.645436857	5.471447821
2.528552179	5.354563143
2.421718981	5.228425425
2.325667043	5.093896316
2.241052498	4.951894786
2.168453347	4.803390849
2.108365517	4.649398938
2.061199468	4.490970974
2.027277393	4.329189181
2.006831014	4.165158691
3.917350052	5.998291517
3.752614737	5.984641159
3.589569316	5.957433691
3.429327552	5.916854965
3.272984059	5.863182176
3.121606822	5.796781964
2.976229902	5.718107909
2.837846369	5.627697435
2.707401524	5.526168136
2.585786438	5.414213562
2.473831864	5.292598476
2.372302565	5.162153631
2.281892091	5.023770098
2.203218036	4.878393178
2.136817824	4.727015941
2.083145035	4.570672448
2.042566309	4.410430684
2.015358841	4.247385263
2.001708483	4.082649948
2.006831014	3.834841309
2.027277393	3.670810819
2.061199468	3.509029026
2.108365517	3.350601062
2.168453347	3.196609151
2.241052498	3.048105214
2.325667043	2.906103684
2.421718981	2.771574575
2.528552179	2.645436857
2.645436857	2.528552179
2.771574575	2.421718981
2.906103684	2.325667043
3.048105214	2.241052498
3.196609151	2.168453347
3.350601062	2.108365517
3.509029026	2.061199468
3.670810819	2.027277393
3.834841309	2.006831014
2.001708483	3.917350052
2.015358841	3.752614737
2.042566309	3.589569316
2.083145035	3.429327552
2.136817824	3.272984059
2.203218036	3.121606822
2.281892091	2.976229902
2.372302565	2.837846369
2.473831864	2.707401524
2.585786438	2.585786438
2.707401524	2.473831864
2.837846369	2.372302565
2.976229902	2.281892091
3.121606822	2.203218036
3.272984059	2.136817824
3.429327552	2.083145035
3.589569316	2.042566309
3.752614737	2.015358841
3.917350052	2.001708483
4.165158691	2.006831014
4.329189181	2.027277393
4.490970974	2.061199468
4.649398938	2.108365517
4.803390849	2.168453347
4.951894786	2.241052498
5.093896316	2.325667043
5.228425425	2.421718981
5.354563143	2.528552179
5.471447821	2.645436857
5.578281019	2.771574575
5.674332957	2.906103684
5.758947502	3.048105214
5.831546653	3.196609151
5.891634483	3.350601062
5.938800532	3.509029026
5.972722607	3.670810819
5.993168986	3.834841309
4.082649948	2.001708483
4.247385263	2.015358841
4.410430684	2.042566309
4.570672448	2.083145035
4.727015941	2.136817824
4.878393178	2.203218036
5.023770098	2.281892091
5.162153631	2.372302565
5.292598476	2.473831864
5.414213562	2.585786438
5.526168136	2.707401524
5.627697435	2.837846369
5.718107909	2.976229902
5.796781964	3.121606822
5.863182176	3.272984059
5.916854965	3.429327552
5.957433691	3.589569316
5.984641159	3.752614737
5.998291517	3.917350052
5.993168986	4.165158691
5.972722607	4.329189181
5.938800532	4.490970974
5.891634483	4.649398938
5.831546653	4.803390849
5.758947502	4.951894786
5.674332957	5.093896316
5.578281019	5.228425425
5.471447821	5.354563143
5.354563143	5.471447821
5.228425425	5.578281019
5.093896316	5.674332957
4.951894786	5.758947502
4.803390849	5.831546653
4.649398938	5.891634483
4.490970974	5.938800532
4.329189181	5.972722607
4.165158691	5.993168986
5.998291517	4.082649948
5.984641159	4.247385263
5.957433691	4.410430684
5.916854965	4.570672448
5.863182176	4.727015941
5.796781964	4.878393178
5.718107909	5.023770098
5.627697435	5.162153631
5.526168136	5.292598476
5.414213562	5.414213562
5.292598476	5.526168136
5.162153631	5.627697435
5.023770098	5.718107909
4.878393178	5.796781964
4.727015941	5.863182176
4.570672448	5.916854965
4.410430684	5.957433691
4.247385263	5.984641159
4.082649948	5.998291517
4	5.948275862
4	5.896551724
4	5.844827586
4	5.793103448
4	5.74137931
4	5.689655172
4	5.637931034
4	5.586206897
4	5.534482759
4	5.482758621
4	5.431034483
4	5.379310345
4	5.327586207
4	5.275862069
4	5.224137931
4	5.172413793
4	5.120689655
4	5.068965517
4	5.017241379
4	4.965517241
4	4.913793103
4	4.862068966
4	4.810344828
4	4.75862069
4	4.706896552
4	4.655172414
4	4.603448276
4	4.551724138
4	5.974137931
4	5.922413793
4	5.870689655
4	5.818965517
4	5.767241379
4	5.715517241
4	5.663793103
4	5.612068966
4	5.560344828
4	5.50862069
4	5.456896552
4	5.405172414
4	5.353448276
4	5.301724138
4	5.25
4	5.198275862
4	5.146551724
4	5.094827586
4	5.043103448
4	4.99137931
4	4.939655172
4	4.887931034
4	4.836206897
4	4.784482759
4	4.732758621
4	4.681034483
4	4.629310345
4	4.577586207
4	4.525862069
3.448275862	4
3.396551724	4
3.344827586	4
3.293103448	4
3.24137931	4
3.189655172	4
3.137931034	4
3.086206897	4
3.034482759	4
2.982758621	4
2.931034483	4
2.879310345	4
2.827586207	4
2.775862069	4
2.724137931	4
2.672413793	4
2.620689655	4
2.568965517	4
2.517241379	4
2.465517241	4
2.413793103	4
2.362068966	4
2.310344828	4
2.25862069	4
2.206896552	4
2.155172414	4
2.103448276	4
2.051724138	4
3.474137931	4
3.422413793	4
3.370689655	4
3.318965517	4
3.267241379	4
3.215517241	4
3.163793103	4
3.112068966	4
3.060344828	4
3.00862069	4
2.956896552	4
2.905172414	4
2.853448276	4
2.801724138	4
2.75	4
2.698275862	4
2.646551724	4
2.594827586	4
2.543103448	4
2.49137931	4
2.439655172	4
2.387931034	4
2.336206897	4
2.284482759	4
2.232758621	4
2.181034483	4
2.129310345	4
2.077586207	4
2.025862069	4
4	3.448275862
4	3.396551724
4	3.344827586
4	3.293103448
4	3.24137931
4	3.189655172
4	3.137931034
4	3.086206897
4	3.034482759
4	2.982758621
4	2.931034483
4	2.879310345
4	2.827586207
4	2.775862069
4	2.724137931
4	2.672413793
4	2.620689655
4	2.568965517
4	2.517241379
4	2.465517241
4	2.413793103
4	2.362068966
4	2.310344828
4	2.25862069
4	2.206896552
4	2.155172414
4	2.103448276
4	2.051724138
4	3.474137931
4	3.422413793
4	3.370689655
4	3.318965517
4	3.267241379
4	3.215517241
4	3.163793103
4	3.112068966
4	3.060344828
4	3.00862069
4	2.956896552
4	2.905172414
4	2.853448276
4	2.801724138
4	2.75
4	2.698275862
4	2.646551724
4	2.594827586
4	2.543103448
4	2.49137931
4	2.439655172
4	2.387931034
4	2.336206897
4	2.284482759
4	2.232758621
4	2.181034483
4	2.129310345
4	2.077586207
4	2.025862069
4.551724138	4
4.603448276	4
4.655172414	4
4.706896552	4
4.75862069	4
4.810344828	4
4.862068966	4
4.913793103	4
4.965517241	4
5.017241379	4
5.068965517	4
5.120689655	4
5.172413793	4
5.224137931	4
5.275862069	4
5.327586207	4
5.379310345	4
5.431034483	4
5.482758621	4
5.534482759	4
5.586206897	4
5.637931034	4
5.689655172	4
5.74137931	4
5.793103448	4
5.844827586	4
5.896551724	4
5.948275862	4
4.525862069	4
4.577586207	4
4.629310345	4
4.681034483	4
4.732758621	4
4.784482759	4
4.836206897	4
4.887931034	4
4.939655172	4
4.99137931	4
5.043103448	4
5.094827586	4
5.146551724	4
5.198275862	4
5.25	4
5.301724138	4
5.353448276	4
5.405172414	4
5.456896552	4
5.50862069	4
5.560344828	4
5.612068966	4
5.663793103	4
5.715517241	4
5.767241379	4
5.818965517	4
5.870689655	4
5.922413793	4
5.974137931	4
3.839112655	5.941621512
3.843384	5.890074038
3.847655345	5.838526565
3.851926691	5.786979091
3.856198036	5.735431617
3.860469382	5.683884143
3.864740727	5.63233667
3.869012073	5.580789196
3.873283418	5.529241722
3.877554764	5.477694248
3.881826109	5.426146774
3.886097455	5.374599301
3.8903688	5.323051827
3.894640145	5.271504353
3.898911491	5.219956879
3.903182836	5.168409406
3.907454182	5.116861932
3.911725527	5.065314458
3.915996873	5.013766984
3.920268218	4.962219511
3.924539564	4.910672037
3.928810909	4.859124563
3.933082255	4.807577089
3.9373536	4.756029615
3.941624945	4.704482142
3.945896291	4.652934668
3.950167636	4.601387194
3.954438982	4.54983972
3.679324333	5.921703919
3.687837846	5.870685231
3.696351359	5.819666542
3.704864873	5.768647854
3.713378386	5.717629166
3.721891899	5.666610478
3.730405412	5.61559179
3.738918926	5.564573102
3.747432439	5.513554414
3.755945952	5.462535726
3.764459466	5.411517038
3.772972979	5.36049835
3.781486492	5.309479661
3.790000006	5.258460973
3.798513519	5.207442285
3.807027032	5.156423597
3.815540545	5.105404909
3.824054059	5.054386221
3.832567572	5.003367533
3.841081085	4.952348845
3.849594599	4.901330157
3.858108112	4.850311468
3.866621625	4.79929278
3.875135138	4.748274092
3.883648652	4.697255404
3.892162165	4.646236716
3.900675678	4.595218028
3.909189192	4.54419934
3.521726551	5.888659139
3.534424076	5.838517746
3.547121601	5.788376353
3.559819127	5.73823496
3.572516652	5.688093567
3.585214177	5.637952173
3.597911702	5.58781078
3.610609227	5.537669387
3.623306752	5.487527994
3.636004278	5.437386601
3.648701803	5.387245208
3.661399328	5.337103815
3.674096853	5.286962422
3.686794378	5.236821029
3.699491904	5.186679636
3.712189429	5.136538243
3.724886954	5.08639685
3.737584479	5.036255457
3.750282004	4.986114064
3.76297953	4.935972671
3.775677055	4.885831278
3.78837458	4.835689884
3.801072105	4.785548491
3.81376963	4.735407098
3.826467156	4.685265705
3.839164681	4.635124312
3.851862206	4.584982919
3.864559731	4.534841526
3.367395862	5.842712902
3.384190662	5.79379132
3.400985462	5.744869739
3.417780262	5.695948158
3.434575062	5.647026576
3.451369862	5.598104995
3.468164663	5.549183413
3.484959463	5.500261832
3.501754263	5.45134025
3.518549063	5.402418669
3.535343863	5.353497087
3.552138663	5.304575506
3.568933463	5.255653924
3.585728263	5.206732343
3.602523064	5.157810761
3.619317864	5.10888918
3.636112664	5.059967598
3.652907464	5.011046017
3.669702264	4.962124436
3.686497064	4.913202854
3.703291864	4.864281273
3.720086664	4.815359691
3.736881465	4.76643811
3.753676265	4.717516528
3.770471065	4.668594947
3.787265865	4.619673365
3.804060665	4.570751784
3.820855465	4.521830202
3.2173865	5.784179067
3.23816385	5.736811482
3.258941199	5.689443896
3.279718549	5.64207631
3.300495898	5.594708724
3.321273248	5.547341138
3.342050598	5.499973552
3.362827947	5.452605966
3.383605297	5.405238381
3.404382646	5.357870795
3.425159996	5.310503209
3.445937345	5.263135623
3.466714695	5.215768037
3.487492044	5.168400451
3.508269394	5.121032865
3.529046744	5.07366528
3.549824093	5.026297694
3.570601443	4.978930108
3.591378792	4.931562522
3.612156142	4.884194936
3.632933491	4.83682735
3.653710841	4.789459764
3.67448819	4.742092179
3.69526554	4.694724593
3.716042889	4.647357007
3.736820239	4.599989421
3.757597589	4.552621835
3.778374938	4.505254249
3.072723183	5.713457481
3.097341151	5.667967459
3.12195912	5.622477438
3.146577088	5.576987416
3.171195057	5.531497394
3.195813026	5.486007373
3.220430994	5.440517351
3.245048963	5.39502733
3.269666931	5.349537308
3.2942849	5.304047286
3.318902869	5.258557265
3.343520837	5.213067243
3.368138806	5.167577221
3.392756774	5.1220872
3.417374743	5.076597178
3.441992712	5.031107157
3.46661068	4.985617135
3.491228649	4.940127113
3.515846617	4.894637092
3.540464586	4.84914707
3.565082555	4.803657049
3.589700523	4.758167027
3.614318492	4.712677005
3.63893646	4.667186984
3.663554429	4.621696962
3.688172398	4.57620694
3.712790366	4.530716919
3.737408335	4.485226897
2.934394106	5.631031242
2.962684528	5.587729528
2.99097495	5.544427813
3.019265372	5.501126099
3.047555794	5.457824385
3.075846216	5.41452267
3.104136638	5.371220956
3.13242706	5.327919241
3.160717482	5.284617527
3.189007903	5.241315813
3.217298325	5.198014098
3.245588747	5.154712384
3.273879169	5.111410669
3.302169591	5.068108955
3.330460013	5.024807241
3.358750435	4.981505526
3.387040857	4.938203812
3.415331279	4.894902097
3.443621701	4.851600383
3.471912123	4.808298669
3.500202545	4.764996954
3.528492967	4.72169524
3.556783389	4.678393525
3.585073811	4.635091811
3.613364233	4.591790097
3.641654655	4.548488382
3.669945077	4.505186668
3.698235499	4.461884954
2.803344198	5.537463406
2.835113821	5.496645794
2.866883444	5.455828181
2.898653067	5.415010569
2.93042269	5.374192956
2.962192313	5.333375343
2.993961936	5.292557731
3.025731559	5.251740118
3.057501182	5.210922506
3.089270805	5.170104893
3.121040428	5.129287281
3.152810051	5.088469668
3.184579675	5.047652056
3.216349298	5.006834443
3.248118921	4.96601683
3.279888544	4.925199218
3.311658167	4.884381605
3.34342779	4.843563993
3.375197413	4.80274638
3.406967036	4.761928768
3.438736659	4.721111155
3.470506282	4.680293543
3.502275905	4.63947593
3.534045528	4.598658317
3.565815151	4.557840705
3.597584774	4.517023092
3.629354398	4.47620548
3.661124021	4.435387867
2.680468662	5.433393136
2.715500468	5.395338451
2.750532273	5.357283766
2.785564078	5.319229081
2.820595884	5.281174396
2.855627689	5.243119711
2.890659495	5.205065026
2.9256913	5.167010341
2.960723106	5.128955656
2.995754911	5.090900971
3.030786716	5.052846286
3.065818522	5.014791601
3.100850327	4.976736916
3.135882133	4.938682231
3.170913938	4.900627546
3.205945744	4.862572861
3.240977549	4.824518176
3.276009354	4.786463491
3.31104116	4.748408806
3.346072965	4.710354121
3.381104771	4.672299436
3.416136576	4.634244751
3.451168382	4.596190066
3.486200187	4.558135381
3.521231992	4.520080695
3.556263798	4.48202601
3.591295603	4.443971325
3.626327409	4.40591664
2.566606864	5.319531338
2.604661549	5.284499532
2.642716234	5.249467727
2.680770919	5.214435922
2.718825604	5.179404116
2.756880289	5.144372311
2.794934974	5.109340505
2.832989659	5.0743087
2.871044344	5.039276894
2.909099029	5.004245089
2.947153714	4.969213284
2.985208399	4.934181478
3.023263084	4.899149673
3.061317769	4.864117867
3.099372454	4.829086062
3.137427139	4.794054256
3.175481824	4.759022451
3.213536509	4.723990646
3.251591194	4.68895884
3.289645879	4.653927035
3.327700564	4.618895229
3.365755249	4.583863424
3.403809934	4.548831618
3.441864619	4.513799813
3.479919305	4.478768008
3.51797399	4.443736202
3.556028675	4.408704397
3.59408336	4.373672591
2.462536594	5.196655802
2.503354206	5.164886179
2.544171819	5.133116556
2.584989431	5.101346933
2.625807044	5.06957731
2.666624657	5.037807687
2.707442269	5.006038064
2.748259882	4.974268441
2.789077494	4.942498818
2.829895107	4.910729195
2.870712719	4.878959572
2.911530332	4.847189949
2.952347944	4.815420325
2.993165557	4.783650702
3.03398317	4.751881079
3.074800782	4.720111456
3.115618395	4.688341833
3.156436007	4.65657221
3.19725362	4.624802587
3.238071232	4.593032964
3.278888845	4.561263341
3.319706457	4.529493718
3.36052407	4.497724095
3.401341683	4.465954472
3.442159295	4.434184849
3.482976908	4.402415226
3.52379452	4.370645602
3.564612133	4.338875979
2.368968758	5.065605894
2.412270472	5.037315472
2.455572187	5.00902505
2.498873901	4.980734628
2.542175615	4.952444206
2.58547733	4.924153784
2.628779044	4.895863362
2.672080759	4.86757294
2.715382473	4.839282519
2.758684187	4.810992097
2.801985902	4.782701675
2.845287616	4.754411253
2.888589331	4.726120831
2.931891045	4.697830409
2.975192759	4.669539987
3.018494474	4.641249565
3.061796188	4.612959143
3.105097903	4.584668721
3.148399617	4.556378299
3.191701331	4.528087877
3.235003046	4.499797455
3.27830476	4.471507033
3.321606475	4.443216611
3.364908189	4.414926189
3.408209903	4.386635767
3.451511618	4.358345345
3.494813332	4.330054923
3.538115046	4.301764501
2.286542519	4.927276817
2.332032541	4.902658849
2.377522562	4.87804088
2.423012584	4.853422912
2.468502606	4.828804943
2.513992627	4.804186974
2.559482649	4.779569006
2.604972671	4.754951037
2.650462692	4.730333069
2.695952714	4.7057151
2.741442735	4.681097131
2.786932757	4.656479163
2.832422779	4.631861194
2.8779128	4.607243226
2.923402822	4.582625257
2.968892843	4.558007288
3.014382865	4.53338932
3.059872887	4.508771351
3.105362908	4.484153383
3.15085293	4.459535414
3.196342951	4.434917445
3.241832973	4.410299477
3.287322995	4.385681508
3.332813016	4.36106354
3.378303038	4.336445571
3.42379306	4.311827602
3.469283081	4.287209634
3.514773103	4.262591665
2.215820933	4.7826135
2.263188518	4.76183615
2.310556104	4.741058801
2.35792369	4.720281451
2.405291276	4.699504102
2.452658862	4.678726752
2.500026448	4.657949402
2.547394034	4.637172053
2.594761619	4.616394703
2.642129205	4.595617354
2.689496791	4.574840004
2.736864377	4.554062655
2.784231963	4.533285305
2.831599549	4.512507956
2.878967135	4.491730606
2.92633472	4.470953256
2.973702306	4.450175907
3.021069892	4.429398557
3.068437478	4.408621208
3.115805064	4.387843858
3.16317265	4.367066509
3.210540236	4.346289159
3.257907822	4.32551181
3.305275407	4.30473446
3.352642993	4.283957111
3.400010579	4.263179761
3.447378165	4.242402411
3.494745751	4.221625062
2.157287098	4.632604138
2.20620868	4.615809338
2.255130261	4.599014538
2.304051842	4.582219738
2.352973424	4.565424938
2.401895005	4.548630138
2.450816587	4.531835337
2.499738168	4.515040537
2.54865975	4.498245737
2.597581331	4.481450937
2.646502913	4.464656137
2.695424494	4.447861337
2.744346076	4.431066537
2.793267657	4.414271737
2.842189239	4.397476936
2.89111082	4.380682136
2.940032402	4.363887336
2.988953983	4.347092536
3.037875564	4.330297736
3.086797146	4.313502936
3.135718727	4.296708136
3.184640309	4.279913336
3.23356189	4.263118535
3.282483472	4.246323735
3.331405053	4.229528935
3.380326635	4.212734135
3.429248216	4.195939335
3.478169798	4.179144535
2.111340861	4.478273449
2.161482254	4.465575924
2.211623647	4.452878399
2.26176504	4.440180873
2.311906433	4.427483348
2.362047827	4.414785823
2.41218922	4.402088298
2.462330613	4.389390773
2.512472006	4.376693248
2.562613399	4.363995722
2.612754792	4.351298197
2.662896185	4.338600672
2.713037578	4.325903147
2.763178971	4.313205622
2.813320364	4.300508096
2.863461757	4.287810571
2.91360315	4.275113046
2.963744543	4.262415521
3.013885936	4.249717996
3.064027329	4.23702047
3.114168723	4.224322945
3.164310116	4.21162542
3.214451509	4.198927895
3.264592902	4.18623037
3.314734295	4.173532844
3.364875688	4.160835319
3.415017081	4.148137794
3.465158474	4.135440269
2.078296081	4.320675667
2.129314769	4.312162154
2.180333458	4.303648641
2.231352146	4.295135127
2.282370834	4.286621614
2.333389522	4.278108101
2.38440821	4.269594588
2.435426898	4.261081074
2.486445586	4.252567561
2.537464274	4.244054048
2.588482962	4.235540534
2.63950165	4.227027021
2.690520339	4.218513508
2.741539027	4.209999994
2.792557715	4.201486481
2.843576403	4.192972968
2.894595091	4.184459455
2.945613779	4.175945941
2.996632467	4.167432428
3.047651155	4.158918915
3.098669843	4.150405401
3.149688532	4.141891888
3.20070722	4.133378375
3.251725908	4.124864862
3.302744596	4.116351348
3.353763284	4.107837835
3.404781972	4.099324322
3.45580066	4.090810808
2.058378488	4.160887345
2.109925962	4.156616
2.161473435	4.152344655
2.213020909	4.148073309
2.264568383	4.143801964
2.316115857	4.139530618
2.36766333	4.135259273
2.419210804	4.130987927
2.470758278	4.126716582
2.522305752	4.122445236
2.573853226	4.118173891
2.625400699	4.113902545
2.676948173	4.1096312
2.728495647	4.105359855
2.780043121	4.101088509
2.831590594	4.096817164
2.883138068	4.092545818
2.934685542	4.088274473
2.986233016	4.084003127
3.03778049	4.079731782
3.089327963	4.075460436
3.140875437	4.071189091
3.192422911	4.066917745
3.243970385	4.0626464
3.295517858	4.058375055
3.347065332	4.054103709
3.398612806	4.049832364
3.45016028	4.045561018
3.917420655	5.970722424
3.836976982	5.967395249
3.919556327	5.944948687
3.919556327	5.919086618
3.841248327	5.915847775
3.921692	5.893312881
3.921692	5.867450812
3.845519673	5.864300302
3.923827673	5.841677075
3.923827673	5.815815006
3.849791018	5.812752828
3.925963345	5.79004127
3.925963345	5.764179201
3.854062364	5.761205354
3.928099018	5.738405464
3.928099018	5.712543395
3.858333709	5.70965788
3.930234691	5.686769658
3.930234691	5.660907589
3.862605055	5.658110406
3.932370364	5.635133852
3.932370364	5.609271783
3.8668764	5.606562933
3.934506036	5.583498046
3.934506036	5.557635977
3.871147745	5.555015459
3.936641709	5.53186224
3.936641709	5.506000171
3.875419091	5.503467985
3.938777382	5.480226434
3.938777382	5.454364366
3.879690436	5.451920511
3.940913055	5.428590629
3.940913055	5.40272856
3.883961782	5.400373038
3.943048727	5.376954823
3.943048727	5.351092754
3.888233127	5.348825564
3.9451844	5.325319017
3.9451844	5.299456948
3.892504473	5.29727809
3.947320073	5.273683211
3.947320073	5.247821142
3.896775818	5.245730616
3.949455745	5.222047405
3.949455745	5.196185336
3.901047164	5.194183143
3.951591418	5.170411599
3.951591418	5.14454953
3.905318509	5.142635669
3.953727091	5.118775794
3.953727091	5.092913725
3.909589855	5.091088195
3.955862764	5.067139988
3.955862764	5.041277919
3.9138612	5.039540721
3.957998436	5.015504182
3.957998436	4.989642113
3.918132545	4.987993247
3.960134109	4.963868376
3.960134109	4.938006307
3.922403891	4.936445774
3.962269782	4.91223257
3.962269782	4.886370501
3.926675236	4.8848983
3.964405455	4.860596764
3.964405455	4.834734695
3.930946582	4.833350826
3.966541127	4.808960958
3.966541127	4.783098889
3.935217927	4.781803352
3.9686768	4.757325153
3.9686768	4.731463084
3.939489273	4.730255879
3.970812473	4.705689347
3.970812473	4.679827278
3.943760618	4.678708405
3.972948145	4.654053541
3.972948145	4.628191472
3.948031964	4.627160931
3.975083818	4.602417735
3.975083818	4.576555666
3.952303309	4.575613457
3.977219491	4.550781929
3.977219491	4.52491986
3.956574655	4.524065983
3.754961737	5.95717206
3.675067576	5.947213263
3.759218494	5.931662715
3.761354166	5.905888979
3.683581089	5.896194575
3.765610923	5.880379635
3.767746596	5.854605898
3.692094603	5.845175887
3.772003352	5.829096554
3.774139025	5.803322817
3.700608116	5.794157198
3.778395782	5.777813473
3.780531454	5.752039736
3.709121629	5.74313851
3.784788211	5.726530392
3.786923884	5.700756655
3.717635143	5.692119822
3.79118064	5.675247311
3.793316313	5.649473574
3.726148656	5.641101134
3.79757307	5.62396423
3.799708743	5.598190493
3.734662169	5.590082446
3.803965499	5.572681149
3.806101172	5.546907412
3.743175682	5.539063758
3.810357929	5.521398068
3.812493601	5.495624331
3.751689196	5.48804507
3.816750358	5.470114987
3.818886031	5.44434125
3.760202709	5.437026382
3.823142787	5.418831906
3.82527846	5.393058169
3.768716222	5.386007694
3.829535217	5.367548825
3.831670889	5.341775088
3.777229736	5.334989005
3.835927646	5.316265744
3.838063319	5.290492007
3.785743249	5.283970317
3.842320075	5.264982663
3.844455748	5.239208926
3.794256762	5.232951629
3.848712505	5.213699582
3.850848178	5.187925845
3.802770275	5.181932941
3.855104934	5.162416501
3.857240607	5.136642764
3.811283789	5.130914253
3.861497364	5.11113342
3.863633036	5.085359684
3.819797302	5.079895565
3.867889793	5.059850339
3.870025466	5.034076603
3.828310815	5.028876877
3.874282222	5.008567259
3.876417895	4.982793522
3.836824329	4.977858189
3.880674652	4.957284178
3.882810324	4.931510441
3.845337842	4.926839501
3.887067081	4.906001097
3.889202754	4.88022736
3.853851355	4.875820813
3.89345951	4.854718016
3.895595183	4.828944279
3.862364868	4.824802124
3.89985194	4.803434935
3.901987613	4.777661198
3.870878382	4.773783436
3.906244369	4.752151854
3.908380042	4.726378117
3.879391895	4.722764748
3.912636799	4.700868773
3.914772471	4.675095036
3.887905408	4.67174606
3.919029228	4.649585692
3.921164901	4.623811955
3.896418922	4.620727372
3.925421657	4.598302611
3.92755733	4.572528874
3.904932435	4.569708684
3.931814087	4.54701953
3.933949759	4.521245793
3.913445948	4.518689996
3.594176679	5.930252225
3.515377788	5.913729835
3.600525442	5.905181529
3.604782198	5.879672185
3.528075314	5.863588442
3.611130961	5.854601488
3.615387718	5.829092144
3.540772839	5.813447049
3.62173648	5.804021448
3.625993237	5.778512104
3.553470364	5.763305656
3.632342	5.753441407
3.636598756	5.727932063
3.566167889	5.713164263
3.642947519	5.702861366
3.647204275	5.677352022
3.578865414	5.66302287
3.653553038	5.652281326
3.657809795	5.626771982
3.591562939	5.612881477
3.664158557	5.601701285
3.668415314	5.576191941
3.604260465	5.562740084
3.674764077	5.551121245
3.679020833	5.525611901
3.61695799	5.512598691
3.685369596	5.500541204
3.689626352	5.47503186
3.629655515	5.462457298
3.695975115	5.449961163
3.700231872	5.424451819
3.64235304	5.412315905
3.706580634	5.399381123
3.710837391	5.373871779
3.655050565	5.362174512
3.717186154	5.348801082
3.72144291	5.323291738
3.667748091	5.312033119
3.727791673	5.298221042
3.732048429	5.272711698
3.680445616	5.261891726
3.738397192	5.247641001
3.742653949	5.222131657
3.693143141	5.211750332
3.749002711	5.197060961
3.753259468	5.171551617
3.705840666	5.161608939
3.75960823	5.14648092
3.763864987	5.120971576
3.718538191	5.111467546
3.77021375	5.095900879
3.774470506	5.070391535
3.731235717	5.061326153
3.780819269	5.045320839
3.785076026	5.019811495
3.743933242	5.01118476
3.791424788	4.994740798
3.795681545	4.969231454
3.756630767	4.961043367
3.802030307	4.944160758
3.806287064	4.918651414
3.769328292	4.910901974
3.812635827	4.893580717
3.816892583	4.868071373
3.782025817	4.860760581
3.823241346	4.843000676
3.827498103	4.817491332
3.794723343	4.810619188
3.833846865	4.792420636
3.838103622	4.766911292
3.807420868	4.760477795
3.844452384	4.741840595
3.848709141	4.716331251
3.820118393	4.710336402
3.855057904	4.691260555
3.85931466	4.665751211
3.832815918	4.660195009
3.865663423	4.640680514
3.86992018	4.61517117
3.845513443	4.610053616
3.876268942	4.590100474
3.880525699	4.564591129
3.858210969	4.559912223
3.886874461	4.539520433
3.891131218	4.514011089
3.870908494	4.50977083
3.436163806	5.890146811
3.358998462	5.867173693
3.444561206	5.86568602
3.450909969	5.840615324
3.375793262	5.818252111
3.459307369	5.816154533
3.465656132	5.791083837
3.392588062	5.76933053
3.474053532	5.766623046
3.480402294	5.741552349
3.409382862	5.720408948
3.488799694	5.717091559
3.495148457	5.692020862
3.426177662	5.671487367
3.503545857	5.667560071
3.50989462	5.642489375
3.442972462	5.622565785
3.51829202	5.618028584
3.524640782	5.592957888
3.459767262	5.573644204
3.533038182	5.568497097
3.539386945	5.5434264
3.476562063	5.524722622
3.547784345	5.51896561
3.554133108	5.493894913
3.493356863	5.475801041
3.562530508	5.469434122
3.56887927	5.444363426
3.510151663	5.426879459
3.57727667	5.419902635
3.583625433	5.394831938
3.526946463	5.377957878
3.592022833	5.370371148
3.598371596	5.345300451
3.543741263	5.329036297
3.606768996	5.32083966
3.613117758	5.295768964
3.560536063	5.280114715
3.621515158	5.271308173
3.627863921	5.246237477
3.577330863	5.231193134
3.636261321	5.221776686
3.642610084	5.196705989
3.594125663	5.182271552
3.651007484	5.172245199
3.657356246	5.147174502
3.610920464	5.133349971
3.665753646	5.122713711
3.672102409	5.097643015
3.627715264	5.084428389
3.680499809	5.073182224
3.686848572	5.048111528
3.644510064	5.035506808
3.695245972	5.023650737
3.701594734	4.99858004
3.661304864	4.986585226
3.709992134	4.97411925
3.716340897	4.949048553
3.678099664	4.937663645
3.724738297	4.924587762
3.73108706	4.899517066
3.694894464	4.888742063
3.73948446	4.875056275
3.745833222	4.849985579
3.711689264	4.839820482
3.754230622	4.825524788
3.760579385	4.800454091
3.728484065	4.7908989
3.768976785	4.775993301
3.775325548	4.750922604
3.745278865	4.741977319
3.783722948	4.726461813
3.79007171	4.701391117
3.762073665	4.693055737
3.79846911	4.676930326
3.804817873	4.651859629
3.778868465	4.644134156
3.813215273	4.627398839
3.819564036	4.602328142
3.795663265	4.595212575
3.827961436	4.577867351
3.834310198	4.552796655
3.812458065	4.546290993
3.842707598	4.528335864
3.849056361	4.503265168
3.829252865	4.497369412
3.282002506	5.837129778
3.206997825	5.80786286
3.292391181	5.813445985
3.300788581	5.788985194
3.227775175	5.760495275
3.311177256	5.765301401
3.319574656	5.74084061
3.248552525	5.713127689
3.329963331	5.717156817
3.338360731	5.692696027
3.269329874	5.665760103
3.348749406	5.669012234
3.357146806	5.644551443
3.290107224	5.618392517
3.36753548	5.62086765
3.37593288	5.596406859
3.310884573	5.571024931
3.386321555	5.572723066
3.394718955	5.548262276
3.331661923	5.523657345
3.40510763	5.524578483
3.41350503	5.500117692
3.352439272	5.476289759
3.423893705	5.476433899
3.432291105	5.451973108
3.373216622	5.428922173
3.44267978	5.428289315
3.45107718	5.403828525
3.393993971	5.381554588
3.461465855	5.380144732
3.469863255	5.355683941
3.414771321	5.334187002
3.480251929	5.332000148
3.488649329	5.307539357
3.435548671	5.286819416
3.499038004	5.283855564
3.507435404	5.259394774
3.45632602	5.23945183
3.517824079	5.235710981
3.526221479	5.21125019
3.47710337	5.192084244
3.536610154	5.187566397
3.545007554	5.163105606
3.497880719	5.144716658
3.555396229	5.139421813
3.563793629	5.114961023
3.518658069	5.097349072
3.574182304	5.09127723
3.582579704	5.066816439
3.539435418	5.049981487
3.592968378	5.043132646
3.601365779	5.018671855
3.560212768	5.002613901
3.611754453	4.994988062
3.620151853	4.970527272
3.580990117	4.955246315
3.630540528	4.946843479
3.638937928	4.922382688
3.601767467	4.907878729
3.649326603	4.898698895
3.657724003	4.874238104
3.622544816	4.860511143
3.668112678	4.850554311
3.676510078	4.826093521
3.643322166	4.813143557
3.686898753	4.802409728
3.695296153	4.777948937
3.664099516	4.765775971
3.705684827	4.754265144
3.714082228	4.729804353
3.684876865	4.718408386
3.724470902	4.70612056
3.732868302	4.68165977
3.705654215	4.6710408
3.743256977	4.657975977
3.751654377	4.633515186
3.726431564	4.623673214
3.762043052	4.609831393
3.770440452	4.585370602
3.747208914	4.576305628
3.780829127	4.561686809
3.789226527	4.537226019
3.767986263	4.528938042
3.799615202	4.513542226
3.808012602	4.489081435
3.788763613	4.481570456
3.132745857	5.771563285
3.060414198	5.736202492
3.145054841	5.748818274
3.155443516	5.725134481
3.085032167	5.69071247
3.1677525	5.70238947
3.178141175	5.678705677
3.109650135	5.645222448
3.19045016	5.655960667
3.200838834	5.632276874
3.134268104	5.599732427
3.213147819	5.609531863
3.223536493	5.58584807
3.158886073	5.554242405
3.235845478	5.563103059
3.246234152	5.539419266
3.183504041	5.508752384
3.258543137	5.516674255
3.268931812	5.492990463
3.20812201	5.463262362
3.281240796	5.470245452
3.291629471	5.446561659
3.232739978	5.41777234
3.303938455	5.423816648
3.31432713	5.400132855
3.257357947	5.372282319
3.326636114	5.377387844
3.337024789	5.353704051
3.281975916	5.326792297
3.349333773	5.33095904
3.359722448	5.307275248
3.306593884	5.281302275
3.372031432	5.284530237
3.382420107	5.260846444
3.331211853	5.235812254
3.394729091	5.238101433
3.405117766	5.21441764
3.355829821	5.190322232
3.41742675	5.191672629
3.427815425	5.167988836
3.38044779	5.144832211
3.440124409	5.145243826
3.450513084	5.121560033
3.405065759	5.099342189
3.462822068	5.098815022
3.473210743	5.075131229
3.429683727	5.053852167
3.485519728	5.052386218
3.495908402	5.028702425
3.454301696	5.008362146
3.508217387	5.005957414
3.518606061	4.982273621
3.478919665	4.962872124
3.530915046	4.959528611
3.54130372	4.935844818
3.503537633	4.917382103
3.553612705	4.913099807
3.56400138	4.889416014
3.528155602	4.871892081
3.576310364	4.866671003
3.586699039	4.84298721
3.55277357	4.826402059
3.599008023	4.820242199
3.609396698	4.796558406
3.577391539	4.780912038
3.621705682	4.773813396
3.632094357	4.750129603
3.602009508	4.735422016
3.644403341	4.727384592
3.654792016	4.703700799
3.626627476	4.689931994
3.667101	4.680955788
3.677489675	4.657271995
3.651245445	4.644441973
3.689798659	4.634526984
3.700187334	4.610843191
3.675863413	4.598951951
3.712496318	4.588098181
3.722884993	4.564414388
3.700481382	4.55346193
3.735193977	4.541669377
3.745582652	4.517985584
3.725099351	4.507971908
3.757891637	4.495240573
3.768280311	4.47155678
3.749717319	4.462481886
2.989413433	5.693895219
2.920248895	5.652682099
3.003558644	5.672244361
3.015867628	5.649499351
2.948539317	5.609380385
3.030012839	5.627848493
3.042321824	5.605103483
2.976829739	5.566078671
3.056467035	5.583452625
3.068776019	5.560707615
3.005120161	5.522776956
3.08292123	5.539056757
3.095230214	5.516311747
3.033410583	5.479475242
3.109375425	5.494660889
3.12168441	5.471915879
3.061701005	5.436173527
3.135829621	5.450265021
3.148138605	5.427520011
3.089991427	5.392871813
3.162283816	5.405869153
3.1745928	5.383124143
3.118281849	5.349570099
3.188738011	5.361473285
3.201046995	5.338728275
3.146572271	5.306268384
3.215192206	5.317077417
3.227501191	5.294332407
3.174862692	5.26296667
3.241646402	5.272681549
3.253955386	5.249936539
3.203153114	5.219664955
3.268100597	5.228285681
3.280409581	5.205540671
3.231443536	5.176363241
3.294554792	5.183889813
3.306863777	5.161144803
3.259733958	5.133061527
3.321008988	5.139493945
3.333317972	5.116748935
3.28802438	5.089759812
3.347463183	5.095098077
3.359772167	5.072353067
3.316314802	5.046458098
3.373917378	5.050702209
3.386226362	5.027957199
3.344605224	5.003156383
3.400371573	5.006306341
3.412680558	4.983561331
3.372895646	4.959854669
3.426825769	4.961910473
3.439134753	4.939165463
3.401186068	4.916552955
3.453279964	4.917514605
3.465588948	4.894769595
3.42947649	4.87325124
3.479734159	4.873118737
3.492043144	4.850373727
3.457766912	4.829949526
3.506188355	4.828722869
3.518497339	4.805977859
3.486057334	4.786647811
3.53264255	4.784327001
3.544951534	4.761581991
3.514347756	4.743346097
3.559096745	4.739931133
3.571405729	4.717186123
3.542638178	4.700044383
3.58555094	4.695535265
3.597859925	4.672790255
3.5709286	4.656742668
3.612005136	4.651139397
3.62431412	4.628394387
3.599219022	4.613440954
3.638459331	4.606743529
3.650768315	4.583998519
3.627509444	4.57013924
3.664913526	4.562347661
3.677222511	4.539602651
3.655799866	4.526837525
3.691367722	4.517951793
3.703676706	4.495206783
3.684090288	4.483535811
3.717821917	4.473555925
3.730130901	4.450810915
3.71238071	4.440234096
2.85298434	5.60465613
2.787459386	5.557872213
2.868869152	5.584247324
2.883014363	5.562596467
2.819229009	5.5170546
2.898899174	5.542187661
2.913044385	5.520536804
2.850998632	5.476236987
2.928929197	5.500127997
2.943074408	5.47847714
2.882768255	5.435419375
2.958959219	5.458068334
2.97310443	5.436417477
2.914537878	5.394601762
2.988989242	5.41600867
3.003134453	5.394357813
2.946307502	5.35378415
3.019019264	5.373949007
3.033164475	5.35229815
2.978077125	5.312966537
3.049049287	5.331889343
3.063194498	5.310238486
3.009846748	5.272148925
3.079079309	5.28982968
3.09322452	5.268178823
3.041616371	5.231331312
3.109109332	5.247770016
3.123254543	5.226119159
3.073385994	5.1905137
3.139139354	5.205710353
3.153284565	5.184059496
3.105155617	5.149696087
3.169169377	5.163650689
3.183314588	5.141999832
3.13692524	5.108878474
3.199199399	5.121591026
3.21334461	5.099940169
3.168694863	5.068060862
3.229229422	5.079531363
3.243374633	5.057880505
3.200464486	5.027243249
3.259259444	5.037471699
3.273404655	5.015820842
3.232234109	4.986425637
3.289289467	4.995412036
3.303434678	4.973761178
3.264003732	4.945608024
3.31931949	4.953352372
3.333464701	4.931701515
3.295773355	4.904790412
3.349349512	4.911292709
3.363494723	4.889641851
3.327542978	4.863972799
3.379379535	4.869233045
3.393524746	4.847582188
3.359312601	4.823155187
3.409409557	4.827173382
3.423554768	4.805522524
3.391082224	4.782337574
3.43943958	4.785113718
3.453584791	4.763462861
3.422851848	4.741519961
3.469469602	4.743054055
3.483614813	4.721403198
3.454621471	4.700702349
3.499499625	4.700994391
3.513644836	4.679343534
3.486391094	4.659884736
3.529529647	4.658934728
3.543674858	4.637283871
3.518160717	4.619067124
3.55955967	4.616875064
3.573704881	4.595224207
3.54993034	4.578249511
3.589589692	4.574815401
3.603734903	4.553164544
3.581699963	4.537431899
3.619619715	4.532755737
3.633764926	4.51110488
3.613469586	4.496614286
3.649649737	4.490696074
3.663794948	4.469045217
3.645239209	4.455796674
3.67967976	4.44863641
3.693824971	4.426985553
3.677008832	4.414979061
2.724390527	5.504455614
2.662952759	5.452420479
2.74190643	5.485428271
2.757791241	5.465019465
2.697984565	5.414365794
2.775307144	5.445992122
2.791191956	5.425583316
2.73301637	5.376311109
2.808707858	5.406555974
2.82459267	5.386147167
2.768048176	5.338256424
2.842108573	5.367119825
2.857993384	5.346711019
2.803079981	5.300201739
2.875509287	5.327683676
2.891394098	5.30727487
2.838111787	5.262147054
2.908910001	5.288247527
2.924794813	5.267838721
2.873143592	5.224092369
2.942310715	5.248811379
2.958195527	5.228402572
2.908175397	5.186037684
2.97571143	5.20937523
2.991596241	5.188966423
2.943207203	5.147982999
3.009112144	5.169939081
3.024996955	5.149530275
2.978239008	5.109928314
3.042512858	5.130502932
3.05839767	5.110094126
3.013270814	5.071873628
3.075913572	5.091066783
3.091798384	5.070657977
3.048302619	5.033818943
3.109314287	5.051630635
3.125199098	5.031221828
3.083334425	4.995764258
3.142715001	5.012194486
3.158599812	4.991785679
3.11836623	4.957709573
3.176115715	4.972758337
3.192000527	4.952349531
3.153398035	4.919654888
3.209516429	4.933322188
3.225401241	4.912913382
3.188429841	4.881600203
3.242917144	4.893886039
3.258801955	4.873477233
3.223461646	4.843545518
3.276317858	4.854449891
3.292202669	4.834041084
3.258493452	4.805490833
3.309718572	4.815013742
3.325603384	4.794604935
3.293525257	4.767436148
3.343119286	4.775577593
3.359004098	4.755168787
3.328557063	4.729381463
3.376520001	4.736141444
3.392404812	4.715732638
3.363588868	4.691326778
3.409920715	4.696705295
3.425805526	4.676296489
3.398620673	4.653272093
3.443321429	4.657269147
3.459206241	4.63686034
3.433652479	4.615217408
3.476722143	4.617832998
3.492606955	4.597424192
3.468684284	4.577162723
3.510122858	4.578396849
3.526007669	4.557988043
3.50371609	4.539108038
3.543523572	4.5389607
3.559408383	4.518551894
3.538747895	4.501053353
3.576924286	4.499524551
3.592809098	4.479115745
3.573779701	4.462998668
3.610325	4.460088403
3.626209812	4.439679596
3.608811506	4.424943983
3.643725715	4.420652254
3.659610526	4.400243448
3.643843311	4.386889298
2.60451042	5.39397814
2.547579521	5.337047241
2.623537763	5.376462237
2.641053666	5.357434895
2.585634206	5.302015435
2.660081008	5.339918992
2.677596911	5.320891649
2.623688891	5.26698363
2.696624253	5.303375747
2.714140156	5.284348404
2.661743576	5.231951824
2.733167499	5.266832501
2.750683401	5.247805159
2.699798261	5.196920019
2.769710744	5.230289256
2.787226647	5.211261914
2.737852946	5.161888213
2.806253989	5.193746011
2.823769892	5.174718668
2.775907631	5.126856408
2.842797234	5.157202766
2.860313137	5.138175423
2.813962316	5.091824603
2.87934048	5.12065952
2.896856382	5.101632178
2.852017001	5.056792797
2.915883725	5.084116275
2.933399628	5.065088933
2.890071686	5.021760992
2.95242697	5.04757303
2.969942873	5.028545687
2.928126372	4.986729186
2.988970215	5.011029785
3.006486118	4.992002442
2.966181057	4.951697381
3.02551346	4.97448654
3.043029363	4.955459197
3.004235742	4.916665575
3.062056706	4.937943294
3.079572608	4.918915952
3.042290427	4.88163377
3.098599951	4.901400049
3.116115854	4.882372707
3.080345112	4.846601965
3.135143196	4.864856804
3.152659099	4.845829461
3.118399797	4.811570159
3.171686441	4.828313559
3.189202344	4.809286216
3.156454482	4.776538354
3.208229687	4.791770313
3.225745589	4.772742971
3.194509167	4.741506548
3.244772932	4.755227068
3.262288835	4.736199726
3.232563852	4.706474743
3.281316177	4.718683823
3.29883208	4.69965648
3.270618537	4.671442937
3.317859422	4.682140578
3.335375325	4.663113235
3.308673222	4.636411132
3.354402668	4.645597332
3.37191857	4.62656999
3.346727907	4.601379327
3.390945913	4.609054087
3.408461816	4.590026745
3.384782592	4.566347521
3.427489158	4.572510842
3.445005061	4.553483499
3.422837277	4.531315716
3.464032403	4.535967597
3.481548306	4.516940254
3.460891962	4.49628391
3.500575648	4.499424352
3.518091551	4.480397009
3.498946647	4.461252105
3.537118894	4.462881106
3.554634796	4.443853764
3.537001332	4.426220299
3.573662139	4.426337861
3.591178042	4.407310519
3.575056017	4.391188494
3.610205384	4.389794616
3.627721287	4.370767273
3.613110702	4.356156689
2.494162922	5.273978382
2.442127787	5.212540614
2.514571729	5.25809357
2.533599071	5.240577667
2.4829454	5.180770991
2.554007878	5.224692856
2.57303522	5.207176953
2.523763013	5.149001368
2.593444026	5.191292142
2.612471369	5.173776239
2.564580625	5.117231745
2.632880175	5.157891427
2.651907518	5.140375525
2.605398238	5.085462122
2.672316324	5.124490713
2.691343666	5.10697481
2.64621585	5.053692498
2.711752473	5.091089999
2.730779815	5.073574096
2.687033463	5.021922875
2.751188621	5.057689285
2.770215964	5.040173382
2.727851075	4.990153252
2.79062477	5.02428857
2.809652113	5.006772668
2.768668688	4.958383629
2.830060919	4.990887856
2.849088262	4.973371953
2.8094863	4.926614006
2.869497068	4.957487142
2.88852441	4.939971239
2.850303913	4.894844383
2.908933217	4.924086428
2.927960559	4.906570525
2.891121526	4.86307476
2.948369365	4.890685713
2.967396708	4.873169811
2.931939138	4.831305137
2.987805514	4.857284999
3.006832857	4.839769096
2.972756751	4.799535514
3.027241663	4.823884285
3.046269006	4.806368382
3.013574363	4.767765891
3.066677812	4.790483571
3.085705154	4.772967668
3.054391976	4.735996268
3.106113961	4.757082856
3.125141303	4.739566954
3.095209588	4.704226645
3.145550109	4.723682142
3.164577452	4.706166239
3.136027201	4.672457022
3.184986258	4.690281428
3.204013601	4.672765525
3.176844813	4.640687399
3.224422407	4.656880714
3.24344975	4.639364811
3.217662426	4.608917776
3.263858556	4.623479999
3.282885898	4.605964097
3.258480039	4.577148152
3.303294705	4.590079285
3.322322047	4.572563382
3.299297651	4.545378529
3.342730853	4.556678571
3.361758196	4.539162668
3.340115264	4.513608906
3.382167002	4.523277857
3.401194345	4.505761954
3.380932876	4.481839283
3.421603151	4.489877142
3.440630494	4.47236124
3.421750489	4.45006966
3.4610393	4.456476428
3.480066642	4.438960525
3.462568101	4.418300037
3.500475449	4.423075714
3.519502791	4.405559811
3.503385714	4.386530414
3.539911597	4.389675
3.55893894	4.372159097
3.544203326	4.354760791
3.579347746	4.356274285
3.598375089	4.338758383
3.585020939	4.322991168
2.394101819	5.145276059
2.347317901	5.079751105
2.415752676	5.131130848
2.436161482	5.115246037
2.390619615	5.051460683
2.457812339	5.101100826
2.478221146	5.085216014
2.433921329	5.023170261
2.499872003	5.071070803
2.520280809	5.055185992
2.477223044	4.994879839
2.541931666	5.041040781
2.562340473	5.025155969
2.520524758	4.966589417
2.58399133	5.011010758
2.604400136	4.995125947
2.563826473	4.938298995
2.626050993	4.980980736
2.646459799	4.965095924
2.607128187	4.910008573
2.668110657	4.950950713
2.688519463	4.935065902
2.650429901	4.881718151
2.71017032	4.920920691
2.730579126	4.905035879
2.693731616	4.853427729
2.752229984	4.890890668
2.77263879	4.875005857
2.73703333	4.825137308
2.794289647	4.860860646
2.814698453	4.844975834
2.780335045	4.796846886
2.836349311	4.830830623
2.856758117	4.814945812
2.823636759	4.768556464
2.878408974	4.800800601
2.89881778	4.784915789
2.866938473	4.740266042
2.920468638	4.770770578
2.940877444	4.754885767
2.910240188	4.71197562
2.962528301	4.740740556
2.982937107	4.724855744
2.953541902	4.683685198
3.004587964	4.710710533
3.024996771	4.694825721
2.996843617	4.655394776
3.046647628	4.68068051
3.067056434	4.664795699
3.040145331	4.627104354
3.088707291	4.650650488
3.109116098	4.634765676
3.083447045	4.598813932
3.130766955	4.620620465
3.151175761	4.604735654
3.12674876	4.57052351
3.172826618	4.590590443
3.193235425	4.574705631
3.170050474	4.542233088
3.214886282	4.56056042
3.235295088	4.544675609
3.213352189	4.513942666
3.256945945	4.530530398
3.277354752	4.514645586
3.256653903	4.485652244
3.299005609	4.500500375
3.319414415	4.484615564
3.299955617	4.457361822
3.341065272	4.470470353
3.361474079	4.454585541
3.343257332	4.4290714
3.383124936	4.44044033
3.403533742	4.424555519
3.386559046	4.400780978
3.425184599	4.410410308
3.445593405	4.394525496
3.42986076	4.372490556
3.467244263	4.380380285
3.487653069	4.364495474
3.473162475	4.344200134
3.509303926	4.350350263
3.529712732	4.334465451
3.516464189	4.315909712
3.55136359	4.32032024
3.571772396	4.304435429
3.559765904	4.28761929
2.305010628	5.00875034
2.263797508	4.939585802
2.327755639	4.996441356
2.349406496	4.982296145
2.30928753	4.914967833
2.372151507	4.969987161
2.393802364	4.95584195
2.354777552	4.890349865
2.416547375	4.943532965
2.438198232	4.929387754
2.400267573	4.865731896
2.460943243	4.91707877
2.4825941	4.902933559
2.445757595	4.841113927
2.505339111	4.890624575
2.526989968	4.876479364
2.491247616	4.816495959
2.549734979	4.864170379
2.571385836	4.850025168
2.536737638	4.79187799
2.594130847	4.837716184
2.615781704	4.823570973
2.58222766	4.767260022
2.638526715	4.811261989
2.660177572	4.797116778
2.627717681	4.742642053
2.682922583	4.784807794
2.70457344	4.770662583
2.673207703	4.718024084
2.727318451	4.758353598
2.748969308	4.744208387
2.718697725	4.693406116
2.771714319	4.731899403
2.793365176	4.717754192
2.764187746	4.668788147
2.816110187	4.705445208
2.837761044	4.691299997
2.809677768	4.644170179
2.860506055	4.678991012
2.882156912	4.664845801
2.855167789	4.61955221
2.904901923	4.652536817
2.92655278	4.638391606
2.900657811	4.594934241
2.949297791	4.626082622
2.970948648	4.611937411
2.946147833	4.570316273
2.993693659	4.599628427
3.015344516	4.585483216
2.991637854	4.545698304
3.038089527	4.573174231
3.059740384	4.55902902
3.037127876	4.521080335
3.082485395	4.546720036
3.104136252	4.532574825
3.082617897	4.496462367
3.126881263	4.520265841
3.14853212	4.50612063
3.128107919	4.471844398
3.171277131	4.493811645
3.192927988	4.479666434
3.173597941	4.44722643
3.215672999	4.46735745
3.237323856	4.453212239
3.219087962	4.422608461
3.260068867	4.440903255
3.281719724	4.426758044
3.264577984	4.397990492
3.304464735	4.41444906
3.326115592	4.400303849
3.310068006	4.373372524
3.348860603	4.387994864
3.37051146	4.373849653
3.355558027	4.348754555
3.393256471	4.361540669
3.414907328	4.347395458
3.401048049	4.324136587
3.437652339	4.335086474
3.459303196	4.320941263
3.44653807	4.299518618
3.482048207	4.308632278
3.503699064	4.294487067
3.492028092	4.274900649
3.526444075	4.282178083
3.548094932	4.268032872
3.537518114	4.250282681
2.227497933	4.865333833
2.19213714	4.793002175
2.251181726	4.854945159
2.273926737	4.842636174
2.239504725	4.772224825
2.29761053	4.8322475
2.32035554	4.819938515
2.286872311	4.751447475
2.344039333	4.80954984
2.366784344	4.797240856
2.334239897	4.730670126
2.390468137	4.786852181
2.413213148	4.774543197
2.381607483	4.709892776
2.436896941	4.764154522
2.459641952	4.751845538
2.428975069	4.689115427
2.483325745	4.741456863
2.506070755	4.729147879
2.476342655	4.668338077
2.529754548	4.718759204
2.552499559	4.70645022
2.523710241	4.647560728
2.576183352	4.696061545
2.598928363	4.683752561
2.571077827	4.626783378
2.622612156	4.673363886
2.645357167	4.661054902
2.618445412	4.606006029
2.66904096	4.650666227
2.69178597	4.638357243
2.665812998	4.585228679
2.715469763	4.627968568
2.738214774	4.615659584
2.713180584	4.564451329
2.761898567	4.605270909
2.784643578	4.592961924
2.76054817	4.54367398
2.808327371	4.58257325
2.831072382	4.570264265
2.807915756	4.52289663
2.854756174	4.559875591
2.877501185	4.547566606
2.855283342	4.502119281
2.901184978	4.537177932
2.923929989	4.524868947
2.902650928	4.481341931
2.947613782	4.514480272
2.970358793	4.502171288
2.950018513	4.460564582
2.994042586	4.491782613
3.016787596	4.479473629
2.997386099	4.439787232
3.040471389	4.469084954
3.0632164	4.45677597
3.044753685	4.419009883
3.086900193	4.446387295
3.109645204	4.434078311
3.092121271	4.398232533
3.133328997	4.423689636
3.156074008	4.411380652
3.139488857	4.377455184
3.179757801	4.400991977
3.202502811	4.388682993
3.186856443	4.356677834
3.226186604	4.378294318
3.248931615	4.365985334
3.234224029	4.335900484
3.272615408	4.355596659
3.295360419	4.343287675
3.281591614	4.315123135
3.319044212	4.332899
3.341789223	4.320590016
3.3289592	4.294345785
3.365473016	4.310201341
3.388218026	4.297892356
3.376326786	4.273568436
3.411901819	4.287503682
3.43464683	4.275194697
3.423694372	4.252791086
3.458330623	4.264806023
3.481075634	4.252497038
3.471061958	4.232013737
3.504759427	4.242108364
3.527504438	4.229799379
3.518429544	4.211236387
2.162093225	4.716006219
2.132826307	4.641001538
2.186554015	4.707608819
2.210237808	4.697220144
2.181747889	4.624206738
2.234698599	4.688822744
2.258382392	4.678434069
2.23066947	4.607411938
2.282843183	4.670036669
2.306526976	4.659647995
2.279591052	4.590617138
2.330987766	4.651250594
2.354671559	4.64086192
2.328512633	4.573822338
2.37913235	4.63246452
2.402816143	4.622075845
2.377434215	4.557027538
2.427276934	4.613678445
2.450960727	4.60328977
2.426355796	4.540232738
2.475421517	4.59489237
2.49910531	4.584503695
2.475277378	4.523437937
2.523566101	4.576106295
2.547249894	4.56571762
2.524198959	4.506643137
2.571710685	4.55732022
2.595394478	4.546931546
2.573120541	4.489848337
2.619855268	4.538534145
2.643539061	4.528145471
2.622042122	4.473053537
2.667999852	4.519748071
2.691683645	4.509359396
2.670963703	4.456258737
2.716144436	4.500961996
2.739828229	4.490573321
2.719885285	4.439463937
2.764289019	4.482175921
2.787972812	4.471787246
2.768806866	4.422669137
2.812433603	4.463389846
2.836117396	4.453001171
2.817728448	4.405874337
2.860578187	4.444603771
2.88426198	4.434215096
2.866650029	4.389079536
2.90872277	4.425817696
2.932406563	4.415429022
2.915571611	4.372284736
2.956867354	4.407031622
2.980551147	4.396642947
2.964493192	4.355489936
3.005011938	4.388245547
3.028695731	4.377856872
3.013414774	4.338695136
3.053156521	4.369459472
3.076840314	4.359070797
3.062336355	4.321900336
3.101301105	4.350673397
3.124984898	4.340284722
3.111257937	4.305105536
3.149445689	4.331887322
3.173129482	4.321498647
3.160179518	4.288310736
3.197590272	4.313101247
3.221274065	4.302712573
3.2091011	4.271515935
3.245734856	4.294315173
3.269418649	4.283926498
3.258022681	4.254721135
3.29387944	4.275529098
3.317563233	4.265140423
3.306944263	4.237926335
3.342024023	4.256743023
3.365707816	4.246354348
3.355865844	4.221131535
3.390168607	4.237956948
3.4138524	4.227568273
3.404787425	4.204336735
3.438313191	4.219170873
3.461996984	4.208782198
3.453709007	4.187541935
3.486457774	4.200384798
3.510141567	4.189996124
3.502630588	4.170747135
2.109243283	4.561787556
2.086270165	4.484622212
2.13431398	4.555438794
2.15877477	4.547041394
2.136411558	4.471924686
2.183845467	4.540692631
2.208306258	4.532295231
2.186552951	4.459227161
2.233376954	4.525946468
2.257837745	4.517549068
2.236694344	4.446529636
2.282908441	4.511200306
2.307369232	4.502802906
2.286835737	4.433832111
2.332439929	4.496454143
2.356900719	4.488056743
2.33697713	4.421134586
2.381971416	4.48170798
2.406432207	4.47331058
2.387118523	4.408437061
2.431502903	4.466961818
2.455963694	4.458564418
2.437259916	4.395739535
2.48103439	4.452215655
2.505495181	4.443818255
2.487401309	4.38304201
2.530565878	4.437469492
2.555026668	4.429072092
2.537542702	4.370344485
2.580097365	4.42272333
2.604558156	4.41432593
2.587684095	4.35764696
2.629628852	4.407977167
2.654089643	4.399579767
2.637825488	4.344949435
2.67916034	4.393231004
2.70362113	4.384833604
2.687966881	4.332251909
2.728691827	4.378484842
2.753152618	4.370087442
2.738108275	4.319554384
2.778223314	4.363738679
2.802684105	4.355341279
2.788249668	4.306856859
2.827754801	4.348992516
2.852215592	4.340595116
2.838391061	4.294159334
2.877286289	4.334246354
2.901747079	4.325848954
2.888532454	4.281461809
2.926817776	4.319500191
2.951278567	4.311102791
2.938673847	4.268764283
2.976349263	4.304754028
3.000810054	4.296356628
2.98881524	4.256066758
3.02588075	4.290007866
3.050341541	4.281610466
3.038956633	4.243369233
3.075412238	4.275261703
3.099873028	4.266864303
3.089098026	4.230671708
3.124943725	4.26051554
3.149404516	4.25211814
3.139239419	4.217974183
3.174475212	4.245769378
3.198936003	4.237371978
3.189380812	4.205276657
3.224006699	4.231023215
3.24846749	4.222625815
3.239522205	4.192579132
3.273538187	4.216277052
3.297998977	4.207879652
3.289663598	4.179881607
3.323069674	4.20153089
3.347530465	4.19313349
3.339804991	4.167184082
3.372601161	4.186784727
3.397061952	4.178387327
3.389946384	4.154486557
3.422132649	4.172038564
3.446593439	4.163641164
3.440087777	4.141789031
3.471664136	4.157292402
3.496124927	4.148895002
3.49022917	4.129091506
2.069309127	4.403731315
2.052786737	4.324932424
2.094818471	4.399474558
2.119889168	4.393125796
2.103805425	4.316418911
2.145398512	4.388869039
2.170469208	4.382520276
2.154824113	4.307905397
2.195978552	4.37826352
2.221049249	4.371914757
2.205842802	4.299391884
2.246558593	4.367658
2.27162929	4.361309238
2.25686149	4.290878371
2.297138634	4.357052481
2.32220933	4.350703719
2.307880178	4.282364857
2.347718674	4.346446962
2.372789371	4.340098199
2.358898866	4.273851344
2.398298715	4.335841443
2.423369411	4.32949268
2.409917554	4.265337831
2.448878755	4.325235923
2.473949452	4.318887161
2.460936242	4.256824318
2.499458796	4.314630404
2.524529492	4.308281642
2.51195493	4.248310804
2.550038837	4.304024885
2.575109533	4.297676122
2.562973618	4.239797291
2.600618877	4.293419366
2.625689574	4.287070603
2.613992306	4.231283778
2.651198918	4.282813847
2.676269614	4.276465084
2.665010995	4.222770264
2.701778958	4.272208327
2.726849655	4.265859565
2.716029683	4.214256751
2.752358999	4.261602808
2.777429695	4.255254045
2.767048371	4.205743238
2.802939039	4.250997289
2.828009736	4.244648526
2.818067059	4.197229725
2.85351908	4.24039177
2.878589777	4.234043007
2.869085747	4.188716211
2.904099121	4.22978625
2.929169817	4.223437488
2.920104435	4.180202698
2.954679161	4.219180731
2.979749858	4.212831968
2.971123123	4.171689185
3.005259202	4.208575212
3.030329898	4.202226449
3.022141811	4.163175671
3.055839242	4.197969693
3.080909939	4.19162093
3.073160499	4.154662158
3.106419283	4.187364173
3.13148998	4.181015411
3.124179187	4.146148645
3.156999324	4.176758654
3.18207002	4.170409891
3.175197876	4.137635132
3.207579364	4.166153135
3.232650061	4.159804372
3.226216564	4.129121618
3.258159405	4.155547616
3.283230101	4.149198853
3.277235252	4.120608105
3.308739445	4.144942096
3.333810142	4.138593334
3.32825394	4.112094592
3.359319486	4.134336577
3.384390182	4.127987814
3.379272628	4.103581078
3.409899526	4.123731058
3.434970223	4.117382295
3.430291316	4.095067565
3.460479567	4.113125539
3.485550264	4.106776776
3.481310004	4.086554052
2.042563548	4.242917179
2.032604751	4.163023018
2.068337285	4.240781506
2.093846629	4.23652475
2.084152225	4.158751673
2.119620365	4.234389077
2.14512971	4.23013232
2.135699698	4.154480327
2.170903446	4.227996648
2.19641279	4.223739891
2.187247172	4.150208982
2.222186527	4.221604218
2.247695871	4.217347462
2.238794646	4.145937636
2.273469608	4.215211789
2.298978952	4.210955032
2.29034212	4.141666291
2.324752689	4.20881936
2.350262033	4.204562603
2.341889594	4.137394945
2.37603577	4.20242693
2.401545114	4.198170173
2.393437067	4.1331236
2.427318851	4.196034501
2.452828195	4.191777744
2.444984541	4.128852255
2.478601932	4.189642071
2.504111276	4.185385315
2.496532015	4.124580909
2.529885013	4.183249642
2.555394357	4.178992885
2.548079489	4.120309564
2.581168094	4.176857213
2.606677438	4.172600456
2.599626962	4.116038218
2.632451175	4.170464783
2.657960519	4.166208027
2.651174436	4.111766873
2.683734256	4.164072354
2.7092436	4.159815597
2.70272191	4.107495527
2.735017337	4.157679925
2.760526681	4.153423168
2.754269384	4.103224182
2.786300418	4.151287495
2.811809762	4.147030739
2.805816858	4.098952836
2.837583499	4.144895066
2.863092843	4.140638309
2.857364331	4.094681491
2.88886658	4.138502636
2.914375924	4.13424588
2.908911805	4.090410145
2.940149661	4.132110207
2.965659005	4.12785345
2.960459279	4.0861388
2.991432741	4.125717778
3.016942086	4.121461021
3.012006753	4.081867455
3.042715822	4.119325348
3.068225166	4.115068592
3.063554226	4.077596109
3.093998903	4.112932919
3.119508247	4.108676162
3.1151017	4.073324764
3.145281984	4.10654049
3.170791328	4.102283733
3.166649174	4.069053418
3.196565065	4.10014806
3.222074409	4.095891304
3.218196648	4.064782073
3.247848146	4.093755631
3.27335749	4.089498874
3.269744122	4.060510727
3.299131227	4.087363201
3.324640571	4.083106445
3.321291595	4.056239382
3.350414308	4.080970772
3.375923652	4.076714015
3.372839069	4.051968036
3.401697389	4.074578343
3.427206733	4.070321586
3.424386543	4.047696691
3.45298047	4.068185913
3.478489814	4.063929157
3.475934017	4.043425345
2.029189244	4.080443673
2.055051313	4.080443673
2.08082505	4.078308
2.106687119	4.078308
2.132460856	4.076172327
2.158322925	4.076172327
2.184096661	4.074036655
2.20995873	4.074036655
2.235732467	4.071900982
2.261594536	4.071900982
2.287368273	4.069765309
2.313230342	4.069765309
2.339004079	4.067629636
2.364866148	4.067629636
2.390639885	4.065493964
2.416501954	4.065493964
2.442275691	4.063358291
2.46813776	4.063358291
2.493911497	4.061222618
2.519773566	4.061222618
2.545547302	4.059086945
2.571409371	4.059086945
2.597183108	4.056951273
2.623045177	4.056951273
2.648818914	4.0548156
2.674680983	4.0548156
2.70045472	4.052679927
2.726316789	4.052679927
2.752090526	4.050544255
2.777952595	4.050544255
2.803726332	4.048408582
2.829588401	4.048408582
2.855362138	4.046272909
2.881224207	4.046272909
2.906997943	4.044137236
2.932860012	4.044137236
2.958633749	4.042001564
2.984495818	4.042001564
3.010269555	4.039865891
3.036131624	4.039865891
3.061905361	4.037730218
3.08776743	4.037730218
3.113541167	4.035594545
3.139403236	4.035594545
3.165176973	4.033458873
3.191039042	4.033458873
3.216812779	4.0313232
3.242674847	4.0313232
3.268448584	4.029187527
3.294310653	4.029187527
3.32008439	4.027051855
3.345946459	4.027051855
3.371720196	4.024916182
3.397582265	4.024916182
3.423356002	4.022780509
3.449218071	4.022780509
3.474991808	4.020644836
2.058378488	3.839112655
2.109925962	3.843384
2.161473435	3.847655345
2.213020909	3.851926691
2.264568383	3.856198036
2.316115857	3.860469382
2.36766333	3.864740727
2.419210804	3.869012073
2.470758278	3.873283418
2.522305752	3.877554764
2.573853226	3.881826109
2.625400699	3.886097455
2.676948173	3.8903688
2.728495647	3.894640145
2.780043121	3.898911491
2.831590594	3.903182836
2.883138068	3.907454182
2.934685542	3.911725527
2.986233016	3.915996873
3.03778049	3.920268218
3.089327963	3.924539564
3.140875437	3.928810909
3.192422911	3.933082255
3.243970385	3.9373536
3.295517858	3.941624945
3.347065332	3.945896291
3.398612806	3.950167636
3.45016028	3.954438982
2.078296081	3.679324333
2.129314769	3.687837846
2.180333458	3.696351359
2.231352146	3.704864873
2.282370834	3.713378386
2.333389522	3.721891899
2.38440821	3.730405412
2.435426898	3.738918926
2.486445586	3.747432439
2.537464274	3.755945952
2.588482962	3.764459466
2.63950165	3.772972979
2.690520339	3.781486492
2.741539027	3.790000006
2.792557715	3.798513519
2.843576403	3.807027032
2.894595091	3.815540545
2.945613779	3.824054059
2.996632467	3.832567572
3.047651155	3.841081085
3.098669843	3.849594599
3.149688532	3.858108112
3.20070722	3.866621625
3.251725908	3.875135138
3.302744596	3.883648652
3.353763284	3.892162165
3.404781972	3.900675678
3.45580066	3.909189192
2.111340861	3.521726551
2.161482254	3.534424076
2.211623647	3.547121601
2.26176504	3.559819127
2.311906433	3.572516652
2.362047827	3.585214177
2.41218922	3.597911702
2.462330613	3.610609227
2.512472006	3.623306752
2.562613399	3.636004278
2.612754792	3.648701803
2.662896185	3.661399328
2.713037578	3.674096853
2.763178971	3.686794378
2.813320364	3.699491904
2.863461757	3.712189429
2.91360315	3.724886954
2.963744543	3.737584479
3.013885936	3.750282004
3.064027329	3.76297953
3.114168723	3.775677055
3.164310116	3.78837458
3.214451509	3.801072105
3.264592902	3.81376963
3.314734295	3.826467156
3.364875688	3.839164681
3.415017081	3.851862206
3.465158474	3.864559731
2.157287098	3.367395862
2.20620868	3.384190662
2.255130261	3.400985462
2.304051842	3.417780262
2.352973424	3.434575062
2.401895005	3.451369862
2.450816587	3.468164663
2.499738168	3.484959463
2.54865975	3.501754263
2.597581331	3.518549063
2.646502913	3.535343863
2.695424494	3.552138663
2.744346076	3.568933463
2.793267657	3.585728263
2.842189239	3.602523064
2.89111082	3.619317864
2.940032402	3.636112664
2.988953983	3.652907464
3.037875564	3.669702264
3.086797146	3.686497064
3.135718727	3.703291864
3.184640309	3.720086664
3.23356189	3.736881465
3.282483472	3.753676265
3.331405053	3.770471065
3.380326635	3.787265865
3.429248216	3.804060665
3.478169798	3.820855465
2.215820933	3.2173865
2.263188518	3.23816385
2.310556104	3.258941199
2.35792369	3.279718549
2.405291276	3.300495898
2.452658862	3.321273248
2.500026448	3.342050598
2.547394034	3.362827947
2.594761619	3.383605297
2.642129205	3.404382646
2.689496791	3.425159996
2.736864377	3.445937345
2.784231963	3.466714695
2.831599549	3.487492044
2.878967135	3.508269394
2.92633472	3.529046744
2.973702306	3.549824093
3.021069892	3.570601443
3.068437478	3.591378792
3.115805064	3.612156142
3.16317265	3.632933491
3.210540236	3.653710841
3.257907822	3.67448819
3.305275407	3.69526554
3.352642993	3.716042889
3.400010579	3.736820239
3.447378165	3.757597589
3.494745751	3.778374938
2.286542519	3.072723183
2.332032541	3.097341151
2.377522562	3.12195912
2.423012584	3.146577088
2.468502606	3.171195057
2.513992627	3.195813026
2.559482649	3.220430994
2.60497267	3.245048963
2.650462692	3.269666931
2.695952714	3.2942849
2.741442735	3.318902869
2.786932757	3.343520837
2.832422779	3.368138806
2.8779128	3.392756774
2.923402822	3.417374743
2.968892843	3.441992712
3.014382865	3.46661068
3.059872887	3.491228649
3.105362908	3.515846617
3.15085293	3.540464586
3.196342951	3.565082555
3.241832973	3.589700523
3.287322995	3.614318492
3.332813016	3.63893646
3.378303038	3.663554429
3.42379306	3.688172398
3.469283081	3.712790366
3.514773103	3.737408335
2.368968758	2.934394106
2.412270472	2.962684528
2.455572187	2.99097495
2.498873901	3.019265372
2.542175615	3.047555794
2.58547733	3.075846216
2.628779044	3.104136638
2.672080759	3.13242706
2.715382473	3.160717482
2.758684187	3.189007903
2.801985902	3.217298325
2.845287616	3.245588747
2.888589331	3.273879169
2.931891045	3.302169591
2.975192759	3.330460013
3.018494474	3.358750435
3.061796188	3.387040857
3.105097903	3.415331279
3.148399617	3.443621701
3.191701331	3.471912123
3.235003046	3.500202545
3.27830476	3.528492967
3.321606475	3.556783389
3.364908189	3.585073811
3.408209903	3.613364233
3.451511618	3.641654655
3.494813332	3.669945077
3.538115046	3.698235499
2.462536594	2.803344198
2.503354206	2.835113821
2.544171819	2.866883444
2.584989431	2.898653067
2.625807044	2.93042269
2.666624657	2.962192313
2.707442269	2.993961936
2.748259882	3.025731559
2.789077494	3.057501182
2.829895107	3.089270805
2.870712719	3.121040428
2.911530332	3.152810051
2.952347944	3.184579675
2.993165557	3.216349298
3.03398317	3.248118921
3.074800782	3.279888544
3.115618395	3.311658167
3.156436007	3.34342779
3.19725362	3.375197413
3.238071232	3.406967036
3.278888845	3.438736659
3.319706457	3.470506282
3.36052407	3.502275905
3.401341683	3.534045528
3.442159295	3.565815151
3.482976908	3.597584774
3.52379452	3.629354398
3.564612133	3.661124021
2.566606864	2.680468662
2.604661549	2.715500468
2.642716234	2.750532273
2.680770919	2.785564078
2.718825604	2.820595884
2.756880289	2.855627689
2.794934974	2.890659495
2.832989659	2.9256913
2.871044344	2.960723106
2.909099029	2.995754911
2.947153714	3.030786716
2.985208399	3.065818522
3.023263084	3.100850327
3.061317769	3.135882133
3.099372454	3.170913938
3.137427139	3.205945744
3.175481824	3.240977549
3.213536509	3.276009354
3.251591194	3.31104116
3.289645879	3.346072965
3.327700564	3.381104771
3.365755249	3.416136576
3.403809934	3.451168382
3.441864619	3.486200187
3.479919305	3.521231992
3.51797399	3.556263798
3.556028675	3.591295603
3.59408336	3.626327409
2.680468662	2.566606864
2.715500468	2.604661549
2.750532273	2.642716234
2.785564078	2.680770919
2.820595884	2.718825604
2.855627689	2.756880289
2.890659495	2.794934974
2.9256913	2.832989659
2.960723106	2.871044344
2.995754911	2.909099029
3.030786716	2.947153714
3.065818522	2.985208399
3.100850327	3.023263084
3.135882133	3.061317769
3.170913938	3.099372454
3.205945744	3.137427139
3.240977549	3.175481824
3.276009354	3.213536509
3.31104116	3.251591194
3.346072965	3.289645879
3.381104771	3.327700564
3.416136576	3.365755249
3.451168382	3.403809934
3.486200187	3.441864619
3.521231992	3.479919305
3.556263798	3.51797399
3.591295603	3.556028675
3.626327409	3.59408336
2.803344198	2.462536594
2.835113821	2.503354206
2.866883444	2.544171819
2.898653067	2.584989431
2.93042269	2.625807044
2.962192313	2.666624657
2.993961936	2.707442269
3.025731559	2.748259882
3.057501182	2.789077494
3.089270805	2.829895107
3.121040428	2.870712719
3.152810051	2.911530332
3.184579675	2.952347944
3.216349298	2.993165557
3.248118921	3.03398317
3.279888544	3.074800782
3.311658167	3.115618395
3.34342779	3.156436007
3.375197413	3.19725362
3.406967036	3.238071232
3.438736659	3.278888845
3.470506282	3.319706457
3.502275905	3.36052407
3.534045528	3.401341683
3.565815151	3.442159295
3.597584774	3.482976908
3.629354398	3.52379452
3.661124021	3.564612133
2.934394106	2.368968758
2.962684528	2.412270472
2.99097495	2.455572187
3.019265372	2.498873901
3.047555794	2.542175615
3.075846216	2.58547733
3.104136638	2.628779044
3.13242706	2.672080759
3.160717482	2.715382473
3.189007903	2.758684187
3.217298325	2.801985902
3.245588747	2.845287616
3.273879169	2.888589331
3.302169591	2.931891045
3.330460013	2.975192759
3.358750435	3.018494474
3.387040857	3.061796188
3.415331279	3.105097903
3.443621701	3.148399617
3.471912123	3.191701331
3.500202545	3.235003046
3.528492967	3.27830476
3.556783389	3.321606475
3.585073811	3.364908189
3.613364233	3.408209903
3.641654655	3.451511618
3.669945077	3.494813332
3.698235499	3.538115046
3.072723183	2.286542519
3.097341151	2.332032541
3.12195912	2.377522562
3.146577088	2.423012584
3.171195057	2.468502606
3.195813026	2.513992627
3.220430994	2.559482649
3.245048963	2.604972671
3.269666931	2.650462692
3.2942849	2.695952714
3.318902869	2.741442735
3.343520837	2.786932757
3.368138806	2.832422779
3.392756774	2.8779128
3.417374743	2.923402822
3.441992712	2.968892843
3.46661068	3.014382865
3.491228649	3.059872887
3.515846617	3.105362908
3.540464586	3.15085293
3.565082555	3.196342951
3.589700523	3.241832973
3.614318492	3.287322995
3.63893646	3.332813016
3.663554429	3.378303038
3.688172398	3.42379306
3.712790366	3.469283081
3.737408335	3.514773103
3.2173865	2.215820933
3.23816385	2.263188518
3.258941199	2.310556104
3.279718549	2.35792369
3.300495898	2.405291276
3.321273248	2.452658862
3.342050598	2.500026448
3.362827947	2.547394034
3.383605297	2.594761619
3.404382646	2.642129205
3.425159996	2.689496791
3.445937345	2.736864377
3.466714695	2.784231963
3.487492044	2.831599549
3.508269394	2.878967135
3.529046744	2.92633472
3.549824093	2.973702306
3.570601443	3.021069892
3.591378792	3.068437478
3.612156142	3.115805064
3.632933491	3.16317265
3.653710841	3.210540236
3.67448819	3.257907822
3.69526554	3.305275407
3.716042889	3.352642993
3.736820239	3.400010579
3.757597589	3.447378165
3.778374938	3.494745751
3.367395862	2.157287098
3.384190662	2.20620868
3.400985462	2.255130261
3.417780262	2.304051842
3.434575062	2.352973424
3.451369862	2.401895005
3.468164663	2.450816587
3.484959463	2.499738168
3.501754263	2.54865975
3.518549063	2.597581331
3.535343863	2.646502913
3.552138663	2.695424494
3.568933463	2.744346076
3.585728263	2.793267657
3.602523064	2.842189239
3.619317864	2.89111082
3.636112664	2.940032402
3.652907464	2.988953983
3.669702264	3.037875564
3.686497064	3.086797146
3.703291864	3.135718727
3.720086664	3.184640309
3.736881465	3.23356189
3.753676265	3.282483472
3.770471065	3.331405053
3.787265865	3.380326635
3.804060665	3.429248216
3.820855465	3.478169798
3.521726551	2.111340861
3.534424076	2.161482254
3.547121601	2.211623647
3.559819127	2.26176504
3.572516652	2.311906433
3.585214177	2.362047827
3.597911702	2.41218922
3.610609227	2.462330613
3.623306752	2.512472006
3.636004278	2.562613399
3.648701803	2.612754792
3.661399328	2.662896185
3.674096853	2.713037578
3.686794378	2.763178971
3.699491904	2.813320364
3.712189429	2.863461757
3.724886954	2.91360315
3.737584479	2.963744543
3.750282004	3.013885936
3.76297953	3.064027329
3.775677055	3.114168723
3.78837458	3.164310116
3.801072105	3.214451509
3.81376963	3.264592902
3.826467156	3.314734295
3.839164681	3.364875688
3.851862206	3.415017081
3.864559731	3.465158474
3.679324333	2.078296081
3.687837846	2.129314769
3.696351359	2.180333458
3.704864873	2.231352146
3.713378386	2.282370834
3.721891899	2.333389522
3.730405412	2.38440821
3.738918926	2.435426898
3.747432439	2.486445586
3.755945952	2.537464274
3.764459466	2.588482962
3.772972979	2.63950165
3.781486492	2.690520339
3.790000006	2.741539027
3.798513519	2.792557715
3.807027032	2.843576403
3.815540545	2.894595091
3.824054059	2.945613779
3.832567572	2.996632467
3.841081085	3.047651155
3.849594599	3.098669843
3.858108112	3.149688532
3.866621625	3.20070722
3.875135138	3.251725908
3.883648652	3.302744596
3.892162165	3.353763284
3.900675678	3.404781972
3.909189192	3.45580066
3.839112655	2.058378488
3.843384	2.109925962
3.847655345	2.161473435
3.851926691	2.213020909
3.856198036	2.264568383
3.860469382	2.316115857
3.864740727	2.36766333
3.869012073	2.419210804
3.873283418	2.470758278
3.877554764	2.522305752
3.881826109	2.573853226
3.886097455	2.625400699
3.8903688	2.676948173
3.894640145	2.728495647
3.898911491	2.780043121
3.903182836	2.831590594
3.907454182	2.883138068
3.911725527	2.934685542
3.915996873	2.986233016
3.920268218	3.03778049
3.924539564	3.089327963
3.928810909	3.140875437
3.933082255	3.192422911
3.9373536	3.243970385
3.941624945	3.295517858
3.945896291	3.347065332
3.950167636	3.398612806
3.954438982	3.45016028
2.029277576	3.917420655
2.032604751	3.836976982
2.055051313	3.919556327
2.080913382	3.919556327
2.084152225	3.841248327
2.106687119	3.921692
2.132549188	3.921692
2.135699698	3.845519673
2.158322925	3.923827673
2.184184994	3.923827673
2.187247172	3.849791018
2.20995873	3.925963345
2.235820799	3.925963345
2.238794646	3.854062364
2.261594536	3.928099018
2.287456605	3.928099018
2.29034212	3.858333709
2.313230342	3.930234691
2.339092411	3.930234691
2.341889594	3.862605055
2.364866148	3.932370364
2.390728217	3.932370364
2.393437067	3.8668764
2.416501954	3.934506036
2.442364023	3.934506036
2.444984541	3.871147745
2.46813776	3.936641709
2.493999829	3.936641709
2.496532015	3.875419091
2.519773566	3.938777382
2.545635634	3.938777382
2.548079489	3.879690436
2.571409371	3.940913055
2.59727144	3.940913055
2.599626962	3.883961782
2.623045177	3.943048727
2.648907246	3.943048727
2.651174436	3.888233127
2.674680983	3.9451844
2.700543052	3.9451844
2.70272191	3.892504473
2.726316789	3.947320073
2.752178858	3.947320073
2.754269384	3.896775818
2.777952595	3.949455745
2.803814664	3.949455745
2.805816858	3.901047164
2.829588401	3.951591418
2.85545047	3.951591418
2.857364331	3.905318509
2.881224207	3.953727091
2.907086275	3.953727091
2.908911805	3.909589855
2.932860012	3.955862764
2.958722081	3.955862764
2.960459279	3.9138612
2.984495818	3.957998436
3.010357887	3.957998436
3.012006753	3.918132545
3.036131624	3.960134109
3.061993693	3.960134109
3.063554226	3.922403891
3.08776743	3.962269782
3.113629499	3.962269782
3.1151017	3.926675236
3.139403236	3.964405455
3.165265305	3.964405455
3.166649174	3.930946582
3.191039042	3.966541127
3.216901111	3.966541127
3.218196648	3.935217927
3.242674847	3.9686768
3.268536916	3.9686768
3.269744122	3.939489273
3.294310653	3.970812473
3.320172722	3.970812473
3.321291595	3.943760618
3.345946459	3.972948145
3.371808528	3.972948145
3.372839069	3.948031964
3.397582265	3.975083818
3.423444334	3.975083818
3.424386543	3.952303309
3.449218071	3.977219491
3.47508014	3.977219491
3.475934017	3.956574655
2.04282794	3.754961737
2.052786737	3.675067576
2.068337285	3.759218494
2.094111021	3.761354166
2.103805425	3.683581089
2.119620365	3.765610923
2.145394102	3.767746596
2.154824113	3.692094603
2.170903446	3.772003352
2.196677183	3.774139025
2.205842802	3.700608116
2.222186527	3.778395782
2.247960264	3.780531454
2.25686149	3.709121629
2.273469608	3.784788211
2.299243345	3.786923884
2.307880178	3.717635143
2.324752689	3.79118064
2.350526426	3.793316313
2.358898866	3.726148656
2.37603577	3.79757307
2.401809507	3.799708743
2.409917554	3.734662169
2.427318851	3.803965499
2.453092588	3.806101172
2.460936242	3.743175682
2.478601932	3.810357929
2.504375669	3.812493601
2.51195493	3.751689196
2.529885013	3.816750358
2.55565875	3.818886031
2.562973618	3.760202709
2.581168094	3.823142787
2.606941831	3.82527846
2.613992306	3.768716222
2.632451175	3.829535217
2.658224912	3.831670889
2.665010995	3.777229736
2.683734256	3.835927646
2.709507993	3.838063319
2.716029683	3.785743249
2.735017337	3.842320075
2.760791074	3.844455748
2.767048371	3.794256762
2.786300418	3.848712505
2.812074155	3.850848178
2.818067059	3.802770275
2.837583499	3.855104934
2.863357236	3.857240607
2.869085747	3.811283789
2.88886658	3.861497364
2.914640316	3.863633036
2.920104435	3.819797302
2.940149661	3.867889793
2.965923397	3.870025466
2.971123123	3.828310815
2.991432741	3.874282222
3.017206478	3.876417895
3.022141811	3.836824329
3.042715822	3.880674652
3.068489559	3.882810324
3.073160499	3.845337842
3.093998903	3.887067081
3.11977264	3.889202754
3.124179187	3.853851355
3.145281984	3.89345951
3.171055721	3.895595183
3.175197876	3.862364868
3.196565065	3.89985194
3.222338802	3.901987613
3.226216564	3.870878382
3.247848146	3.906244369
3.273621883	3.908380042
3.277235252	3.879391895
3.299131227	3.912636799
3.324904964	3.914772471
3.32825394	3.887905408
3.350414308	3.919029228
3.376188045	3.921164901
3.379272628	3.896418922
3.401697389	3.925421657
3.427471126	3.92755733
3.430291316	3.904932435
3.45298047	3.931814087
3.478754207	3.933949759
3.481310004	3.913445948
2.069747775	3.594176679
2.086270165	3.515377788
2.094818471	3.600525442
2.120327815	3.604782198
2.136411558	3.528075314
2.145398512	3.611130961
2.170907856	3.615387718
2.186552951	3.540772839
2.195978552	3.62173648
2.221487896	3.625993237
2.236694344	3.553470364
2.246558593	3.632342
2.272067937	3.636598756
2.286835737	3.566167889
2.297138634	3.642947519
2.322647978	3.647204275
2.33697713	3.578865414
2.347718674	3.653553038
2.373228018	3.657809795
2.387118523	3.591562939
2.398298715	3.664158557
2.423808059	3.668415314
2.437259916	3.604260465
2.448878755	3.674764077
2.474388099	3.679020833
2.487401309	3.61695799
2.499458796	3.685369596
2.52496814	3.689626352
2.537542702	3.629655515
2.550038837	3.695975115
2.575548181	3.700231872
2.587684095	3.64235304
2.600618877	3.706580634
2.626128221	3.710837391
2.637825488	3.655050565
2.651198918	3.717186154
2.676708262	3.72144291
2.687966881	3.667748091
2.701778958	3.727791673
2.727288302	3.732048429
2.738108275	3.680445616
2.752358999	3.738397192
2.777868343	3.742653949
2.788249668	3.693143141
2.802939039	3.749002711
2.828448384	3.753259468
2.838391061	3.705840666
2.85351908	3.75960823
2.879028424	3.763864987
2.888532454	3.718538191
2.904099121	3.77021375
2.929608465	3.774470506
2.938673847	3.731235717
2.954679161	3.780819269
2.980188505	3.785076026
2.98881524	3.743933242
3.005259202	3.791424788
3.030768546	3.795681545
3.038956633	3.756630767
3.055839242	3.802030307
3.081348586	3.806287064
3.089098026	3.769328292
3.106419283	3.812635827
3.131928627	3.816892583
3.139239419	3.782025817
3.156999324	3.823241346
3.182508668	3.827498103
3.189380812	3.794723343
3.207579364	3.833846865
3.233088708	3.838103622
3.239522205	3.807420868
3.258159405	3.844452384
3.283668749	3.848709141
3.289663598	3.820118393
3.308739445	3.855057904
3.334248789	3.85931466
3.339804991	3.832815918
3.359319486	3.865663423
3.38482883	3.86992018
3.389946384	3.845513443
3.409899526	3.876268942
3.435408871	3.880525699
3.440087777	3.858210969
3.460479567	3.886874461
3.485988911	3.891131218
3.49022917	3.870908494
2.109853189	3.436163806
2.132826307	3.358998462
2.13431398	3.444561206
2.159384676	3.450909969
2.181747889	3.375793262
2.183845467	3.459307369
2.208916163	3.465656132
2.23066947	3.392588062
2.233376954	3.474053532
2.258447651	3.480402294
2.279591052	3.409382862
2.282908441	3.488799694
2.307979138	3.495148457
2.328512633	3.426177662
2.332439929	3.503545857
2.357510625	3.50989462
2.377434215	3.442972462
2.381971416	3.51829202
2.407042112	3.524640782
2.426355796	3.459767262
2.431502903	3.533038182
2.4565736	3.539386945
2.475277378	3.476562063
2.48103439	3.547784345
2.506105087	3.554133108
2.524198959	3.493356863
2.530565878	3.562530508
2.555636574	3.56887927
2.573120541	3.510151663
2.580097365	3.57727667
2.605168062	3.583625433
2.622042122	3.526946463
2.629628852	3.592022833
2.654699549	3.598371596
2.670963703	3.543741263
2.67916034	3.606768996
2.704231036	3.613117758
2.719885285	3.560536063
2.728691827	3.621515158
2.753762523	3.627863921
2.768806866	3.577330863
2.778223314	3.636261321
2.803294011	3.642610084
2.817728448	3.594125663
2.827754801	3.651007484
2.852825498	3.657356246
2.866650029	3.610920464
2.877286289	3.665753646
2.902356985	3.672102409
2.915571611	3.627715264
2.926817776	3.680499809
2.951888472	3.686848572
2.964493192	3.644510064
2.976349263	3.695245972
3.00141996	3.701594734
3.013414774	3.661304864
3.02588075	3.709992134
3.050951447	3.716340897
3.062336355	3.678099664
3.075412238	3.724738297
3.100482934	3.73108706
3.111257937	3.694894464
3.124943725	3.73948446
3.150014421	3.745833222
3.160179518	3.711689264
3.174475212	3.754230622
3.199545909	3.760579385
3.2091011	3.728484065
3.224006699	3.768976785
3.249077396	3.775325548
3.258022681	3.745278865
3.273538187	3.783722948
3.298608883	3.79007171
3.306944263	3.762073665
3.323069674	3.79846911
3.348140371	3.804817873
3.355865844	3.778868465
3.372601161	3.813215273
3.397671858	3.819564036
3.404787425	3.795663265
3.422132649	3.827961436
3.447203345	3.834310198
3.453709007	3.812458065
3.471664136	3.842707598
3.496734832	3.849056361
3.502630588	3.829252865
2.162870222	3.282002506
2.19213714	3.206997825
2.186554015	3.292391181
2.211014806	3.300788581
2.239504725	3.227775175
2.234698599	3.311177256
2.25915939	3.319574656
2.286872311	3.248552525
2.282843183	3.329963331
2.307303973	3.338360731
2.334239897	3.269329874
2.330987766	3.348749406
2.355448557	3.357146806
2.381607483	3.290107224
2.37913235	3.36753548
2.403593141	3.37593288
2.428975069	3.310884573
2.427276934	3.386321555
2.451737724	3.394718955
2.476342655	3.331661923
2.475421517	3.40510763
2.499882308	3.41350503
2.523710241	3.352439272
2.523566101	3.423893705
2.548026892	3.432291105
2.571077827	3.373216622
2.571710685	3.44267978
2.596171475	3.45107718
2.618445412	3.393993971
2.619855268	3.461465855
2.644316059	3.469863255
2.665812998	3.414771321
2.667999852	3.480251929
2.692460643	3.488649329
2.713180584	3.435548671
2.716144436	3.499038004
2.740605226	3.507435404
2.76054817	3.45632602
2.764289019	3.517824079
2.78874981	3.526221479
2.807915756	3.47710337
2.812433603	3.536610154
2.836894394	3.545007554
2.855283342	3.497880719
2.860578187	3.555396229
2.885038977	3.563793629
2.902650928	3.518658069
2.90872277	3.574182304
2.933183561	3.582579704
2.950018513	3.539435418
2.956867354	3.592968378
2.981328145	3.601365779
2.997386099	3.560212768
3.005011938	3.611754453
3.029472728	3.620151853
3.044753685	3.580990117
3.053156521	3.630540528
3.077617312	3.638937928
3.092121271	3.601767467
3.101301105	3.649326603
3.125761896	3.657724003
3.139488857	3.622544816
3.149445689	3.668112678
3.173906479	3.676510078
3.186856443	3.643322166
3.197590272	3.686898753
3.222051063	3.695296153
3.234224029	3.664099516
3.245734856	3.705684827
3.270195647	3.714082228
3.281591614	3.684876865
3.29387944	3.724470902
3.31834023	3.732868302
3.3289592	3.705654215
3.342024023	3.743256977
3.366484814	3.751654377
3.376326786	3.726431564
3.390168607	3.762043052
3.414629398	3.770440452
3.423694372	3.747208914
3.438313191	3.780829127
3.462773981	3.789226527
3.471061958	3.767986263
3.486457774	3.799615202
3.510918565	3.808012602
3.518429544	3.788763613
2.228436715	3.132745857
2.263797508	3.060414198
2.251181726	3.145054841
2.274865519	3.155443516
2.30928753	3.085032167
2.29761053	3.1677525
2.321294323	3.178141175
2.354777552	3.109650135
2.344039333	3.19045016
2.367723126	3.200838834
2.400267573	3.134268104
2.390468137	3.213147819
2.41415193	3.223536493
2.445757595	3.158886073
2.436896941	3.235845478
2.460580734	3.246234152
2.491247616	3.183504041
2.483325745	3.258543137
2.507009537	3.268931812
2.536737638	3.20812201
2.529754548	3.281240796
2.553438341	3.291629471
2.58222766	3.232739978
2.576183352	3.303938455
2.599867145	3.31432713
2.627717681	3.257357947
2.622612156	3.326636114
2.646295949	3.337024789
2.673207703	3.281975916
2.66904096	3.349333773
2.692724752	3.359722448
2.718697725	3.306593884
2.715469763	3.372031432
2.739153556	3.382420107
2.764187746	3.331211853
2.761898567	3.394729091
2.78558236	3.405117766
2.809677768	3.355829821
2.808327371	3.41742675
2.832011164	3.427815425
2.855167789	3.38044779
2.854756174	3.440124409
2.878439967	3.450513084
2.900657811	3.405065759
2.901184978	3.462822068
2.924868771	3.473210743
2.946147833	3.429683727
2.947613782	3.485519728
2.971297575	3.495908402
2.991637854	3.454301696
2.994042586	3.508217387
3.017726379	3.518606061
3.037127876	3.478919665
3.040471389	3.530915046
3.064155182	3.54130372
3.082617897	3.503537633
3.086900193	3.553612705
3.110583986	3.56400138
3.128107919	3.528155602
3.133328997	3.576310364
3.15701279	3.586699039
3.173597941	3.55277357
3.179757801	3.599008023
3.203441594	3.609396698
3.219087962	3.577391539
3.226186604	3.621705682
3.249870397	3.632094357
3.264577984	3.602009508
3.272615408	3.644403341
3.296299201	3.654792016
3.310068006	3.626627476
3.319044212	3.667101
3.342728005	3.677489675
3.355558027	3.651245445
3.365473016	3.689798659
3.389156809	3.700187334
3.401048049	3.675863413
3.411901819	3.712496318
3.435585612	3.722884993
3.44653807	3.700481382
3.458330623	3.735193977
3.482014416	3.745582652
3.492028092	3.725099351
3.504759427	3.757891637
3.52844322	3.768280311
3.537518114	3.749717319
2.306104781	2.989413433
2.347317901	2.920248895
2.327755639	3.003558644
2.350500649	3.015867628
2.390619615	2.948539317
2.372151507	3.030012839
2.394896517	3.042321824
2.433921329	2.976829739
2.416547375	3.056467035
2.439292385	3.068776019
2.477223044	3.005120161
2.460943243	3.08292123
2.483688253	3.095230214
2.520524758	3.033410583
2.505339111	3.109375425
2.528084121	3.12168441
2.563826473	3.061701005
2.549734979	3.135829621
2.572479989	3.148138605
2.607128187	3.089991427
2.594130847	3.162283816
2.616875857	3.1745928
2.650429901	3.118281849
2.638526715	3.188738011
2.661271725	3.201046995
2.693731616	3.146572271
2.682922583	3.215192206
2.705667593	3.227501191
2.73703333	3.174862692
2.727318451	3.241646402
2.750063461	3.253955386
2.780335045	3.203153114
2.771714319	3.268100597
2.794459329	3.280409581
2.823636759	3.231443536
2.816110187	3.294554792
2.838855197	3.306863777
2.866938473	3.259733958
2.860506055	3.321008988
2.883251065	3.333317972
2.910240188	3.28802438
2.904901923	3.347463183
2.927646933	3.359772167
2.953541902	3.316314802
2.949297791	3.373917378
2.972042801	3.386226362
2.996843617	3.344605224
2.993693659	3.400371573
3.016438669	3.412680558
3.040145331	3.372895646
3.038089527	3.426825769
3.060834537	3.439134753
3.083447045	3.401186068
3.082485395	3.453279964
3.105230405	3.465588948
3.12674876	3.42947649
3.126881263	3.479734159
3.149626273	3.492043144
3.170050474	3.457766912
3.171277131	3.506188355
3.194022141	3.518497339
3.213352189	3.486057334
3.215672999	3.53264255
3.238418009	3.544951534
3.256653903	3.514347756
3.260068867	3.559096745
3.282813877	3.571405729
3.299955617	3.542638178
3.304464735	3.58555094
3.327209745	3.597859925
3.343257332	3.5709286
3.348860603	3.612005136
3.371605613	3.62431412
3.386559046	3.599219022
3.393256471	3.638459331
3.416001481	3.650768315
3.42986076	3.627509444
3.437652339	3.664913526
3.460397349	3.677222511
3.473162475	3.655799866
3.482048207	3.691367722
3.504793217	3.703676706
3.516464189	3.684090288
3.526444075	3.717821917
3.549189085	3.730130901
3.559765904	3.71238071
2.39534387	2.85298434
2.442127787	2.787459386
2.415752676	2.868869152
2.437403533	2.883014363
2.4829454	2.819229009
2.457812339	2.898899174
2.479463196	2.913044385
2.523763013	2.850998632
2.499872003	2.928929197
2.52152286	2.943074408
2.564580625	2.882768255
2.541931666	2.958959219
2.563582523	2.97310443
2.605398238	2.914537878
2.58399133	2.988989242
2.605642187	3.003134453
2.64621585	2.946307502
2.626050993	3.019019264
2.64770185	3.033164475
2.687033463	2.978077125
2.668110657	3.049049287
2.689761514	3.063194498
2.727851075	3.009846748
2.71017032	3.079079309
2.731821177	3.09322452
2.768668688	3.041616371
2.752229984	3.109109332
2.773880841	3.123254543
2.8094863	3.073385994
2.794289647	3.139139354
2.815940504	3.153284565
2.850303913	3.105155617
2.836349311	3.169169377
2.858000168	3.183314588
2.891121526	3.13692524
2.878408974	3.199199399
2.900059831	3.21334461
2.931939138	3.168694863
2.920468638	3.229229422
2.942119495	3.243374633
2.972756751	3.200464486
2.962528301	3.259259444
2.984179158	3.273404655
3.013574363	3.232234109
3.004587964	3.289289467
3.026238822	3.303434678
3.054391976	3.264003732
3.046647628	3.31931949
3.068298485	3.333464701
3.095209588	3.295773355
3.088707291	3.349349512
3.110358149	3.363494723
3.136027201	3.327542978
3.130766955	3.379379535
3.152417812	3.393524746
3.176844813	3.359312601
3.172826618	3.409409557
3.194477476	3.423554768
3.217662426	3.391082224
3.214886282	3.43943958
3.236537139	3.453584791
3.258480039	3.422851848
3.256945945	3.469469602
3.278596802	3.483614813
3.299297651	3.454621471
3.299005609	3.499499625
3.320656466	3.513644836
3.340115264	3.486391094
3.341065272	3.529529647
3.362716129	3.543674858
3.380932876	3.518160717
3.383124936	3.55955967
3.404775793	3.573704881
3.421750489	3.54993034
3.425184599	3.589589692
3.446835456	3.603734903
3.462568101	3.581699963
3.467244263	3.619619715
3.48889512	3.633764926
3.503385714	3.613469586
3.509303926	3.649649737
3.530954783	3.663794948
3.544203326	3.645239209
3.55136359	3.67967976
3.573014447	3.693824971
3.585020939	3.677008832
2.495544386	2.724390527
2.547579521	2.662952759
2.514571729	2.74190643
2.534980535	2.757791241
2.585634206	2.697984565
2.554007878	2.775307144
2.574416684	2.791191956
2.623688891	2.73301637
2.593444026	2.808707858
2.613852833	2.82459267
2.661743576	2.768048176
2.632880175	2.842108573
2.653288981	2.857993384
2.699798261	2.803079981
2.672316324	2.875509287
2.69272513	2.891394098
2.737852946	2.838111787
2.711752473	2.908910001
2.732161279	2.924794813
2.775907631	2.873143592
2.751188621	2.942310715
2.771597428	2.958195527
2.813962316	2.908175397
2.79062477	2.97571143
2.811033577	2.991596241
2.852017001	2.943207203
2.830060919	3.009112144
2.850469725	3.024996955
2.890071686	2.978239008
2.869497068	3.042512858
2.889905874	3.05839767
2.928126372	3.013270814
2.908933217	3.075913572
2.929342023	3.091798384
2.966181057	3.048302619
2.948369365	3.109314287
2.968778172	3.125199098
3.004235742	3.083334425
2.987805514	3.142715001
3.008214321	3.158599812
3.042290427	3.11836623
3.027241663	3.176115715
3.047650469	3.192000527
3.080345112	3.153398035
3.066677812	3.209516429
3.087086618	3.225401241
3.118399797	3.188429841
3.106113961	3.242917144
3.126522767	3.258801955
3.156454482	3.223461646
3.145550109	3.276317858
3.165958916	3.292202669
3.194509167	3.258493452
3.184986258	3.309718572
3.205395065	3.325603384
3.232563852	3.293525257
3.224422407	3.343119286
3.244831213	3.359004098
3.270618537	3.328557063
3.263858556	3.376520001
3.284267362	3.392404812
3.308673222	3.363588868
3.303294705	3.409920715
3.323703511	3.425805526
3.346727907	3.398620673
3.342730853	3.443321429
3.36313966	3.459206241
3.384782592	3.433652479
3.382167002	3.476722143
3.402575808	3.492606955
3.422837277	3.468684284
3.421603151	3.510122858
3.442011957	3.526007669
3.460891962	3.50371609
3.4610393	3.543523572
3.481448106	3.559408383
3.498946647	3.538747895
3.500475449	3.576924286
3.520884255	3.592809098
3.537001332	3.573779701
3.539911597	3.610325
3.560320404	3.626209812
3.575056017	3.608811506
3.579347746	3.643725715
3.599756552	3.659610526
3.613110702	3.643843311
2.60602186	2.60451042
2.662952759	2.547579521
2.623537763	2.623537763
2.642565105	2.641053666
2.697984565	2.585634206
2.660081008	2.660081008
2.679108351	2.677596911
2.73301637	2.623688891
2.696624253	2.696624253
2.715651596	2.714140156
2.768048176	2.661743576
2.733167499	2.733167499
2.752194841	2.750683401
2.803079981	2.699798261
2.769710744	2.769710744
2.788738086	2.787226647
2.838111787	2.737852946
2.806253989	2.806253989
2.825281332	2.823769892
2.873143592	2.775907631
2.842797234	2.842797234
2.861824577	2.860313137
2.908175397	2.813962316
2.87934048	2.87934048
2.898367822	2.896856382
2.943207203	2.852017001
2.915883725	2.915883725
2.934911067	2.933399628
2.978239008	2.890071686
2.95242697	2.95242697
2.971454313	2.969942873
3.013270814	2.928126372
2.988970215	2.988970215
3.007997558	3.006486118
3.048302619	2.966181057
3.02551346	3.02551346
3.044540803	3.043029363
3.083334425	3.004235742
3.062056706	3.062056706
3.081084048	3.079572608
3.11836623	3.042290427
3.098599951	3.098599951
3.117627293	3.116115854
3.153398035	3.080345112
3.135143196	3.135143196
3.154170539	3.152659099
3.188429841	3.118399797
3.171686441	3.171686441
3.190713784	3.189202344
3.223461646	3.156454482
3.208229687	3.208229687
3.227257029	3.225745589
3.258493452	3.194509167
3.244772932	3.244772932
3.263800274	3.262288835
3.293525257	3.232563852
3.281316177	3.281316177
3.30034352	3.29883208
3.328557063	3.270618537
3.317859422	3.317859422
3.336886765	3.335375325
3.363588868	3.308673222
3.354402668	3.354402668
3.37343001	3.37191857
3.398620673	3.346727907
3.390945913	3.390945913
3.409973255	3.408461816
3.433652479	3.384782592
3.427489158	3.427489158
3.446516501	3.445005061
3.468684284	3.422837277
3.464032403	3.464032403
3.483059746	3.481548306
3.50371609	3.460891962
3.500575648	3.500575648
3.519602991	3.518091551
3.538747895	3.498946647
3.537118894	3.537118894
3.556146236	3.554634796
3.573779701	3.537001332
3.573662139	3.573662139
3.592689481	3.591178042
3.608811506	3.575056017
3.610205384	3.610205384
3.629232727	3.627721287
3.643843311	3.613110702
2.726021618	2.494162922
2.787459386	2.442127787
2.74190643	2.514571729
2.759422333	2.533599071
2.819229009	2.4829454
2.775307144	2.554007878
2.792823047	2.57303522
2.850998632	2.523763013
2.808707858	2.593444026
2.826223761	2.612471369
2.882768255	2.564580625
2.842108573	2.632880175
2.859624475	2.651907518
2.914537878	2.605398238
2.875509287	2.672316324
2.89302519	2.691343666
2.946307502	2.64621585
2.908910001	2.711752473
2.926425904	2.730779815
2.978077125	2.687033463
2.942310715	2.751188621
2.959826618	2.770215964
3.009846748	2.727851075
2.97571143	2.79062477
2.993227332	2.809652113
3.041616371	2.768668688
3.009112144	2.830060919
3.026628047	2.849088262
3.073385994	2.8094863
3.042512858	2.869497068
3.060028761	2.88852441
3.105155617	2.850303913
3.075913572	2.908933217
3.093429475	2.927960559
3.13692524	2.891121526
3.109314287	2.948369365
3.126830189	2.967396708
3.168694863	2.931939138
3.142715001	2.987805514
3.160230904	3.006832857
3.200464486	2.972756751
3.176115715	3.027241663
3.193631618	3.046269006
3.232234109	3.013574363
3.209516429	3.066677812
3.227032332	3.085705154
3.264003732	3.054391976
3.242917144	3.106113961
3.260433046	3.125141303
3.295773355	3.095209588
3.276317858	3.145550109
3.293833761	3.164577452
3.327542978	3.136027201
3.309718572	3.184986258
3.327234475	3.204013601
3.359312601	3.176844813
3.343119286	3.224422407
3.360635189	3.24344975
3.391082224	3.217662426
3.376520001	3.263858556
3.394035903	3.282885898
3.422851848	3.258480039
3.409920715	3.303294705
3.427436618	3.322322047
3.454621471	3.299297651
3.443321429	3.342730853
3.460837332	3.361758196
3.486391094	3.340115264
3.476722143	3.382167002
3.494238046	3.401194345
3.518160717	3.380932876
3.510122858	3.421603151
3.52763876	3.440630494
3.54993034	3.421750489
3.543523572	3.4610393
3.561039475	3.480066642
3.581699963	3.462568101
3.576924286	3.500475449
3.594440189	3.519502791
3.613469586	3.503385714
3.610325	3.539911597
3.627840903	3.55893894
3.645239209	3.544203326
3.643725715	3.579347746
3.661241617	3.598375089
3.677008832	3.585020939
2.854723941	2.394101819
2.920248895	2.347317901
2.868869152	2.415752676
2.884753963	2.436161482
2.948539317	2.390619615
2.898899174	2.457812339
2.914783986	2.478221146
2.976829739	2.433921329
2.928929197	2.499872003
2.944814008	2.520280809
3.005120161	2.477223044
2.958959219	2.541931666
2.974844031	2.562340473
3.033410583	2.520524758
2.988989242	2.58399133
3.004874053	2.604400136
3.061701005	2.563826473
3.019019264	2.626050993
3.034904076	2.646459799
3.089991427	2.607128187
3.049049287	2.668110657
3.064934098	2.688519463
3.118281849	2.650429901
3.079079309	2.71017032
3.094964121	2.730579126
3.146572271	2.693731616
3.109109332	2.752229984
3.124994143	2.77263879
3.174862692	2.73703333
3.139139354	2.794289647
3.155024166	2.814698453
3.203153114	2.780335045
3.169169377	2.836349311
3.185054188	2.856758117
3.231443536	2.823636759
3.199199399	2.878408974
3.215084211	2.89881778
3.259733958	2.866938473
3.229229422	2.920468638
3.245114233	2.940877444
3.28802438	2.910240188
3.259259444	2.962528301
3.275144256	2.982937107
3.316314802	2.953541902
3.289289467	3.004587964
3.305174279	3.024996771
3.344605224	2.996843617
3.31931949	3.046647628
3.335204301	3.067056434
3.372895646	3.040145331
3.349349512	3.088707291
3.365234324	3.109116098
3.401186068	3.083447045
3.379379535	3.130766955
3.395264346	3.151175761
3.42947649	3.12674876
3.409409557	3.172826618
3.425294369	3.193235425
3.457766912	3.170050474
3.43943958	3.214886282
3.455324391	3.235295088
3.486057334	3.213352189
3.469469602	3.256945945
3.485354414	3.277354752
3.514347756	3.256653903
3.499499625	3.299005609
3.515384436	3.319414415
3.542638178	3.299955617
3.529529647	3.341065272
3.545414459	3.361474079
3.5709286	3.343257332
3.55955967	3.383124936
3.575444481	3.403533742
3.599219022	3.386559046
3.589589692	3.425184599
3.605474504	3.445593405
3.627509444	3.42986076
3.619619715	3.467244263
3.635504526	3.487653069
3.655799866	3.473162475
3.649649737	3.509303926
3.665534549	3.529712732
3.684090288	3.516464189
3.67967976	3.55136359
3.695564571	3.571772396
3.71238071	3.559765904
2.99124966	2.305010628
3.060414198	2.263797508
3.003558644	2.327755639
3.017703855	2.349406496
3.085032167	2.30928753
3.030012839	2.372151507
3.04415805	2.393802364
3.109650135	2.354777552
3.056467035	2.416547375
3.070612246	2.438198232
3.134268104	2.400267573
3.08292123	2.460943243
3.097066441	2.4825941
3.158886073	2.445757595
3.109375425	2.505339111
3.123520636	2.526989968
3.183504041	2.491247616
3.135829621	2.549734979
3.149974832	2.571385836
3.20812201	2.536737638
3.162283816	2.594130847
3.176429027	2.615781704
3.232739978	2.58222766
3.188738011	2.638526715
3.202883222	2.660177572
3.257357947	2.627717681
3.215192206	2.682922583
3.229337417	2.70457344
3.281975916	2.673207703
3.241646402	2.727318451
3.255791613	2.748969308
3.306593884	2.718697725
3.268100597	2.771714319
3.282245808	2.793365176
3.331211853	2.764187746
3.294554792	2.816110187
3.308700003	2.837761044
3.355829821	2.809677768
3.321008988	2.860506055
3.335154199	2.882156912
3.38044779	2.855167789
3.347463183	2.904901923
3.361608394	2.92655278
3.405065759	2.900657811
3.373917378	2.949297791
3.388062589	2.970948648
3.429683727	2.946147833
3.400371573	2.993693659
3.414516784	3.015344516
3.454301696	2.991637854
3.426825769	3.038089527
3.44097098	3.059740384
3.478919665	3.037127876
3.453279964	3.082485395
3.467425175	3.104136252
3.503537633	3.082617897
3.479734159	3.126881263
3.49387937	3.14853212
3.528155602	3.128107919
3.506188355	3.171277131
3.520333566	3.192927988
3.55277357	3.173597941
3.53264255	3.215672999
3.546787761	3.237323856
3.577391539	3.219087962
3.559096745	3.260068867
3.573241956	3.281719724
3.602009508	3.264577984
3.58555094	3.304464735
3.599696151	3.326115592
3.626627476	3.310068006
3.612005136	3.348860603
3.626150347	3.37051146
3.651245445	3.355558027
3.638459331	3.393256471
3.652604542	3.414907328
3.675863413	3.401048049
3.664913526	3.437652339
3.679058737	3.459303196
3.700481382	3.44653807
3.691367722	3.482048207
3.705512933	3.503699064
3.725099351	3.492028092
3.717821917	3.526444075
3.731967128	3.548094932
3.749717319	3.537518114
3.134666167	2.227497933
3.206997825	2.19213714
3.145054841	2.251181726
3.157363826	2.273926737
3.227775175	2.239504725
3.1677525	2.29761053
3.180061485	2.32035554
3.248552525	2.286872311
3.19045016	2.344039333
3.202759144	2.366784344
3.269329874	2.334239897
3.213147819	2.390468137
3.225456803	2.413213148
3.290107224	2.381607483
3.235845478	2.436896941
3.248154462	2.459641952
3.310884573	2.428975069
3.258543137	2.483325745
3.270852121	2.506070755
3.331661923	2.476342655
3.281240796	2.529754548
3.29354978	2.552499559
3.352439272	2.523710241
3.303938455	2.576183352
3.316247439	2.598928363
3.373216622	2.571077827
3.326636114	2.622612156
3.338945098	2.645357167
3.393993971	2.618445412
3.349333773	2.66904096
3.361642757	2.69178597
3.414771321	2.665812998
3.372031432	2.715469763
3.384340416	2.738214774
3.435548671	2.713180584
3.394729091	2.761898567
3.407038076	2.784643578
3.45632602	2.76054817
3.41742675	2.808327371
3.429735735	2.831072382
3.47710337	2.807915756
3.440124409	2.854756174
3.452433394	2.877501185
3.497880719	2.855283342
3.462822068	2.901184978
3.475131053	2.923929989
3.518658069	2.902650928
3.485519728	2.947613782
3.497828712	2.970358793
3.539435418	2.950018513
3.508217387	2.994042586
3.520526371	3.016787596
3.560212768	2.997386099
3.530915046	3.040471389
3.54322403	3.0632164
3.580990117	3.044753685
3.553612705	3.086900193
3.565921689	3.109645204
3.601767467	3.092121271
3.576310364	3.133328997
3.588619348	3.156074008
3.622544816	3.139488857
3.599008023	3.179757801
3.611317007	3.202502811
3.643322166	3.186856443
3.621705682	3.226186604
3.634014666	3.248931615
3.664099516	3.234224029
3.644403341	3.272615408
3.656712325	3.295360419
3.684876865	3.281591614
3.667101	3.319044212
3.679409984	3.341789223
3.705654215	3.3289592
3.689798659	3.365473016
3.702107644	3.388218026
3.726431564	3.376326786
3.712496318	3.411901819
3.724805303	3.43464683
3.747208914	3.423694372
3.735193977	3.458330623
3.747502962	3.481075634
3.767986263	3.471061958
3.757891636	3.504759427
3.770200621	3.527504438
3.788763613	3.518429544
3.283993781	2.162093225
3.358998462	2.132826307
3.292391181	2.186554015
3.302779856	2.210237808
3.375793262	2.181747889
3.311177256	2.234698599
3.321565931	2.258382392
3.392588062	2.23066947
3.329963331	2.282843183
3.340352005	2.306526976
3.409382862	2.279591052
3.348749406	2.330987766
3.35913808	2.354671559
3.426177662	2.328512633
3.36753548	2.37913235
3.377924155	2.402816143
3.442972462	2.377434215
3.386321555	2.427276934
3.39671023	2.450960727
3.459767262	2.426355796
3.40510763	2.475421517
3.415496305	2.49910531
3.476562063	2.475277378
3.423893705	2.523566101
3.43428238	2.547249894
3.493356863	2.524198959
3.44267978	2.571710685
3.453068454	2.595394478
3.510151663	2.573120541
3.461465855	2.619855268
3.471854529	2.643539061
3.526946463	2.622042122
3.480251929	2.667999852
3.490640604	2.691683645
3.543741263	2.670963703
3.499038004	2.716144436
3.509426679	2.739828229
3.560536063	2.719885285
3.517824079	2.764289019
3.528212754	2.787972812
3.577330863	2.768806866
3.536610154	2.812433603
3.546998829	2.836117396
3.594125663	2.817728448
3.555396229	2.860578187
3.565784904	2.88426198
3.610920464	2.866650029
3.574182304	2.90872277
3.584570978	2.932406563
3.627715264	2.915571611
3.592968378	2.956867354
3.603357053	2.980551147
3.644510064	2.964493192
3.611754453	3.005011938
3.622143128	3.028695731
3.661304864	3.013414774
3.630540528	3.053156521
3.640929203	3.076840314
3.678099664	3.062336355
3.649326603	3.101301105
3.659715278	3.124984898
3.694894464	3.111257937
3.668112678	3.149445689
3.678501353	3.173129482
3.711689264	3.160179518
3.686898753	3.197590272
3.697287427	3.221274065
3.728484065	3.2091011
3.705684827	3.245734856
3.716073502	3.269418649
3.745278865	3.258022681
3.724470902	3.29387944
3.734859577	3.317563233
3.762073665	3.306944263
3.743256977	3.342024023
3.753645652	3.365707816
3.778868465	3.355865844
3.762043052	3.390168607
3.772431727	3.4138524
3.795663265	3.404787425
3.780829127	3.438313191
3.791217802	3.461996984
3.812458065	3.453709007
3.799615202	3.486457774
3.810003876	3.510141567
3.829252865	3.502630588
3.438212444	2.109243283
3.515377788	2.086270165
3.444561206	2.13431398
3.452958606	2.15877477
3.528075314	2.136411558
3.459307369	2.183845467
3.467704769	2.208306258
3.540772839	2.186552951
3.474053532	2.233376954
3.482450932	2.257837745
3.553470364	2.236694344
3.488799694	2.282908441
3.497197094	2.307369232
3.566167889	2.286835737
3.503545857	2.332439929
3.511943257	2.356900719
3.578865414	2.33697713
3.51829202	2.381971416
3.52668942	2.406432207
3.591562939	2.387118523
3.533038182	2.431502903
3.541435582	2.455963694
3.604260465	2.437259916
3.547784345	2.48103439
3.556181745	2.505495181
3.61695799	2.487401309
3.562530508	2.530565878
3.570927908	2.555026668
3.629655515	2.537542702
3.57727667	2.580097365
3.58567407	2.604558156
3.64235304	2.587684095
3.592022833	2.629628852
3.600420233	2.654089643
3.655050565	2.637825488
3.606768996	2.67916034
3.615166396	2.70362113
3.667748091	2.687966881
3.621515158	2.728691827
3.629912558	2.753152618
3.680445616	2.738108275
3.636261321	2.778223314
3.644658721	2.802684105
3.693143141	2.788249668
3.651007484	2.827754801
3.659404884	2.852215592
3.705840666	2.838391061
3.665753646	2.877286289
3.674151046	2.901747079
3.718538191	2.888532454
3.680499809	2.926817776
3.688897209	2.951278567
3.731235717	2.938673847
3.695245972	2.976349263
3.703643372	3.000810054
3.743933242	2.98881524
3.709992134	3.02588075
3.718389534	3.050341541
3.756630767	3.038956633
3.724738297	3.075412238
3.733135697	3.099873028
3.769328292	3.089098026
3.73948446	3.124943725
3.74788186	3.149404516
3.782025817	3.139239419
3.754230622	3.174475212
3.762628022	3.198936003
3.794723343	3.189380812
3.768976785	3.224006699
3.777374185	3.24846749
3.807420868	3.239522205
3.783722948	3.273538187
3.792120348	3.297998977
3.820118393	3.289663598
3.79846911	3.323069674
3.80686651	3.347530465
3.832815918	3.339804991
3.813215273	3.372601161
3.821612673	3.397061952
3.845513443	3.389946384
3.827961436	3.422132649
3.836358836	3.446593439
3.858210969	3.440087777
3.842707598	3.471664136
3.851104998	3.496124927
3.870908494	3.49022917
3.596268685	2.069309127
3.675067576	2.052786737
3.600525442	2.094818471
3.606874204	2.119889168
3.683581089	2.103805425
3.611130961	2.145398512
3.617479724	2.170469208
3.692094603	2.154824113
3.62173648	2.195978552
3.628085243	2.221049249
3.700608116	2.205842802
3.632342	2.246558593
3.638690762	2.27162929
3.709121629	2.25686149
3.642947519	2.297138634
3.649296281	2.32220933
3.717635143	2.307880178
3.653553038	2.347718674
3.659901801	2.372789371
3.726148656	2.358898866
3.664158557	2.398298715
3.67050732	2.423369411
3.734662169	2.409917554
3.674764077	2.448878755
3.681112839	2.473949452
3.743175682	2.460936242
3.685369596	2.499458796
3.691718358	2.524529492
3.751689196	2.51195493
3.695975115	2.550038837
3.702323878	2.575109533
3.760202709	2.562973618
3.706580634	2.600618877
3.712929397	2.625689574
3.768716222	2.613992306
3.717186154	2.651198918
3.723534916	2.676269614
3.777229736	2.665010995
3.727791673	2.701778958
3.734140435	2.726849655
3.785743249	2.716029683
3.738397192	2.752358999
3.744745955	2.777429695
3.794256762	2.767048371
3.749002711	2.802939039
3.755351474	2.828009736
3.802770275	2.818067059
3.75960823	2.85351908
3.765956993	2.878589777
3.811283789	2.869085747
3.77021375	2.904099121
3.776562512	2.929169817
3.819797302	2.920104435
3.780819269	2.954679161
3.787168032	2.979749858
3.828310815	2.971123123
3.791424788	3.005259202
3.797773551	3.030329898
3.836824329	3.022141811
3.802030307	3.055839242
3.80837907	3.080909939
3.845337842	3.073160499
3.812635827	3.106419283
3.818984589	3.13148998
3.853851355	3.124179187
3.823241346	3.156999324
3.829590109	3.18207002
3.862364868	3.175197876
3.833846865	3.207579364
3.840195628	3.232650061
3.870878382	3.226216564
3.844452384	3.258159405
3.850801147	3.283230101
3.879391895	3.277235252
3.855057904	3.308739445
3.861406666	3.333810142
3.887905408	3.32825394
3.865663423	3.359319486
3.872012186	3.384390182
3.896418922	3.379272628
3.876268942	3.409899526
3.882617705	3.434970223
3.904932435	3.430291316
3.886874461	3.460479567
3.893223224	3.485550264
3.913445948	3.481310004
3.757082821	2.042563548
3.836976982	2.032604751
3.759218494	2.068337285
3.76347525	2.093846629
3.841248327	2.084152225
3.765610923	2.119620365
3.76986768	2.14512971
3.845519673	2.135699698
3.772003352	2.170903446
3.776260109	2.19641279
3.849791018	2.187247172
3.778395782	2.222186527
3.782652538	2.247695871
3.854062364	2.238794646
3.784788211	2.273469608
3.789044968	2.298978952
3.858333709	2.29034212
3.79118064	2.324752689
3.795437397	2.350262033
3.862605055	2.341889594
3.79757307	2.37603577
3.801829827	2.401545114
3.8668764	2.393437067
3.803965499	2.427318851
3.808222256	2.452828195
3.871147745	2.444984541
3.810357929	2.478601932
3.814614685	2.504111276
3.875419091	2.496532015
3.816750358	2.529885013
3.821007115	2.555394357
3.879690436	2.548079489
3.823142787	2.581168094
3.827399544	2.606677438
3.883961782	2.599626962
3.829535217	2.632451175
3.833791973	2.657960519
3.888233127	2.651174436
3.835927646	2.683734256
3.840184403	2.7092436
3.892504473	2.70272191
3.842320075	2.735017337
3.846576832	2.760526681
3.896775818	2.754269384
3.848712505	2.786300418
3.852969261	2.811809762
3.901047164	2.805816858
3.855104934	2.837583499
3.859361691	2.863092843
3.905318509	2.857364331
3.861497364	2.88886658
3.86575412	2.914375924
3.909589855	2.908911805
3.867889793	2.940149661
3.87214655	2.965659005
3.9138612	2.960459279
3.874282222	2.991432741
3.878538979	3.016942086
3.918132545	3.012006753
3.880674652	3.042715822
3.884931408	3.068225166
3.922403891	3.063554226
3.887067081	3.093998903
3.891323838	3.119508247
3.926675236	3.1151017
3.89345951	3.145281984
3.897716267	3.170791328
3.930946582	3.166649174
3.89985194	3.196565065
3.904108696	3.222074409
3.935217927	3.218196648
3.906244369	3.247848146
3.910501126	3.27335749
3.939489273	3.269744122
3.912636799	3.299131227
3.916893555	3.324640571
3.943760618	3.321291595
3.919029228	3.350414308
3.923285985	3.375923652
3.948031964	3.372839069
3.925421657	3.401697389
3.929678414	3.427206733
3.952303309	3.424386543
3.931814087	3.45298047
3.936070843	3.478489814
3.956574655	3.475934017
3.919556327	2.029189244
3.919556327	2.055051313
3.921692	2.08082505
3.921692	2.106687119
3.923827673	2.132460856
3.923827673	2.158322925
3.925963345	2.184096661
3.925963345	2.20995873
3.928099018	2.235732467
3.928099018	2.261594536
3.930234691	2.287368273
3.930234691	2.313230342
3.932370364	2.339004079
3.932370364	2.364866148
3.934506036	2.390639885
3.934506036	2.416501954
3.936641709	2.442275691
3.936641709	2.46813776
3.938777382	2.493911497
3.938777382	2.519773566
3.940913055	2.545547302
3.940913055	2.571409371
3.943048727	2.597183108
3.943048727	2.623045177
3.9451844	2.648818914
3.9451844	2.674680983
3.947320073	2.70045472
3.947320073	2.726316789
3.949455745	2.752090526
3.949455745	2.777952595
3.951591418	2.803726332
3.951591418	2.829588401
3.953727091	2.855362138
3.953727091	2.881224207
3.955862764	2.906997943
3.955862764	2.932860012
3.957998436	2.958633749
3.957998436	2.984495818
3.960134109	3.010269555
3.960134109	3.036131624
3.962269782	3.061905361
3.962269782	3.08776743
3.964405455	3.113541167
3.964405455	3.139403236
3.966541127	3.165176973
3.966541127	3.191039042
3.9686768	3.216812779
3.9686768	3.242674847
3.970812473	3.268448584
3.970812473	3.294310653
3.972948145	3.32008439
3.972948145	3.345946459
3.975083818	3.371720196
3.975083818	3.397582265
3.977219491	3.423356002
3.977219491	3.449218071
3.979355164	3.474991808
4.160887345	2.058378488
4.156616	2.109925962
4.152344655	2.161473435
4.148073309	2.213020909
4.143801964	2.264568383
4.139530618	2.316115857
4.135259273	2.36766333
4.130987927	2.419210804
4.126716582	2.470758278
4.122445236	2.522305752
4.118173891	2.573853226
4.113902545	2.625400699
4.1096312	2.676948173
4.105359855	2.728495647
4.101088509	2.780043121
4.096817164	2.831590594
4.092545818	2.883138068
4.088274473	2.934685542
4.084003127	2.986233016
4.079731782	3.03778049
4.075460436	3.089327963
4.071189091	3.140875437
4.066917745	3.192422911
4.0626464	3.243970385
4.058375055	3.295517858
4.054103709	3.347065332
4.049832364	3.398612806
4.045561018	3.45016028
4.320675667	2.078296081
4.312162154	2.129314769
4.303648641	2.180333458
4.295135127	2.231352146
4.286621614	2.282370834
4.278108101	2.333389522
4.269594588	2.38440821
4.261081074	2.435426898
4.252567561	2.486445586
4.244054048	2.537464274
4.235540534	2.588482962
4.227027021	2.63950165
4.218513508	2.690520339
4.209999994	2.741539027
4.201486481	2.792557715
4.192972968	2.843576403
4.184459455	2.894595091
4.175945941	2.945613779
4.167432428	2.996632467
4.158918915	3.047651155
4.150405401	3.098669843
4.141891888	3.149688532
4.133378375	3.20070722
4.124864862	3.251725908
4.116351348	3.302744596
4.107837835	3.353763284
4.099324322	3.404781972
4.090810808	3.45580066
4.478273449	2.111340861
4.465575924	2.161482254
4.452878399	2.211623647
4.440180873	2.26176504
4.427483348	2.311906433
4.414785823	2.362047827
4.402088298	2.41218922
4.389390773	2.462330613
4.376693248	2.512472006
4.363995722	2.562613399
4.351298197	2.612754792
4.338600672	2.662896185
4.325903147	2.713037578
4.313205622	2.763178971
4.300508096	2.813320364
4.287810571	2.863461757
4.275113046	2.91360315
4.262415521	2.963744543
4.249717996	3.013885936
4.23702047	3.064027329
4.224322945	3.114168723
4.21162542	3.164310116
4.198927895	3.214451509
4.18623037	3.264592902
4.173532844	3.314734295
4.160835319	3.364875688
4.148137794	3.415017081
4.135440269	3.465158474
4.632604138	2.157287098
4.615809338	2.20620868
4.599014538	2.255130261
4.582219738	2.304051842
4.565424938	2.352973424
4.548630138	2.401895005
4.531835337	2.450816587
4.515040537	2.499738168
4.498245737	2.54865975
4.481450937	2.597581331
4.464656137	2.646502913
4.447861337	2.695424494
4.431066537	2.744346076
4.414271737	2.793267657
4.397476936	2.842189239
4.380682136	2.89111082
4.363887336	2.940032402
4.347092536	2.988953983
4.330297736	3.037875564
4.313502936	3.086797146
4.296708136	3.135718727
4.279913336	3.184640309
4.263118535	3.23356189
4.246323735	3.282483472
4.229528935	3.331405053
4.212734135	3.380326635
4.195939335	3.429248216
4.179144535	3.478169798
4.7826135	2.215820933
4.76183615	2.263188518
4.741058801	2.310556104
4.720281451	2.35792369
4.699504102	2.405291276
4.678726752	2.452658862
4.657949402	2.500026448
4.637172053	2.547394034
4.616394703	2.594761619
4.595617354	2.642129205
4.574840004	2.689496791
4.554062655	2.736864377
4.533285305	2.784231963
4.512507956	2.831599549
4.491730606	2.878967135
4.470953256	2.92633472
4.450175907	2.973702306
4.429398557	3.021069892
4.408621208	3.068437478
4.387843858	3.115805064
4.367066509	3.16317265
4.346289159	3.210540236
4.32551181	3.257907822
4.30473446	3.305275407
4.283957111	3.352642993
4.263179761	3.400010579
4.242402411	3.447378165
4.221625062	3.494745751
4.927276817	2.286542519
4.902658849	2.332032541
4.87804088	2.377522562
4.853422912	2.423012584
4.828804943	2.468502606
4.804186974	2.513992627
4.779569006	2.559482649
4.754951037	2.604972671
4.730333069	2.650462692
4.7057151	2.695952714
4.681097131	2.741442735
4.656479163	2.786932757
4.631861194	2.832422779
4.607243226	2.8779128
4.582625257	2.923402822
4.558007288	2.968892843
4.53338932	3.014382865
4.508771351	3.059872887
4.484153383	3.105362908
4.459535414	3.15085293
4.434917445	3.196342951
4.410299477	3.241832973
4.385681508	3.287322995
4.36106354	3.332813016
4.336445571	3.378303038
4.311827602	3.42379306
4.287209634	3.469283081
4.262591665	3.514773103
5.065605894	2.368968758
5.037315472	2.412270472
5.00902505	2.455572187
4.980734628	2.498873901
4.952444206	2.542175615
4.924153784	2.58547733
4.895863362	2.628779044
4.86757294	2.672080759
4.839282518	2.715382473
4.810992097	2.758684187
4.782701675	2.801985902
4.754411253	2.845287616
4.726120831	2.888589331
4.697830409	2.931891045
4.669539987	2.975192759
4.641249565	3.018494474
4.612959143	3.061796188
4.584668721	3.105097903
4.556378299	3.148399617
4.528087877	3.191701331
4.499797455	3.235003046
4.471507033	3.27830476
4.443216611	3.321606475
4.414926189	3.364908189
4.386635767	3.408209903
4.358345345	3.451511618
4.330054923	3.494813332
4.301764501	3.538115046
5.196655802	2.462536594
5.164886179	2.503354206
5.133116556	2.544171819
5.101346933	2.584989431
5.06957731	2.625807044
5.037807687	2.666624657
5.006038064	2.707442269
4.974268441	2.748259882
4.942498818	2.789077494
4.910729195	2.829895107
4.878959572	2.870712719
4.847189949	2.911530332
4.815420325	2.952347944
4.783650702	2.993165557
4.751881079	3.03398317
4.720111456	3.074800782
4.688341833	3.115618395
4.65657221	3.156436007
4.624802587	3.19725362
4.593032964	3.238071232
4.561263341	3.278888845
4.529493718	3.319706457
4.497724095	3.36052407
4.465954472	3.401341683
4.434184849	3.442159295
4.402415226	3.482976908
4.370645602	3.52379452
4.338875979	3.564612133
5.319531338	2.566606864
5.284499532	2.604661549
5.249467727	2.642716234
5.214435922	2.680770919
5.179404116	2.718825604
5.144372311	2.756880289
5.109340505	2.794934974
5.0743087	2.832989659
5.039276894	2.871044344
5.004245089	2.909099029
4.969213284	2.947153714
4.934181478	2.985208399
4.899149673	3.023263084
4.864117867	3.061317769
4.829086062	3.099372454
4.794054256	3.137427139
4.759022451	3.175481824
4.723990646	3.213536509
4.68895884	3.251591194
4.653927035	3.289645879
4.618895229	3.327700564
4.583863424	3.365755249
4.548831618	3.403809934
4.513799813	3.441864619
4.478768008	3.479919305
4.443736202	3.51797399
4.408704397	3.556028675
4.373672591	3.59408336
5.433393136	2.680468662
5.395338451	2.715500468
5.357283766	2.750532273
5.319229081	2.785564078
5.281174396	2.820595884
5.243119711	2.855627689
5.205065026	2.890659495
5.167010341	2.9256913
5.128955656	2.960723106
5.090900971	2.995754911
5.052846286	3.030786716
5.014791601	3.065818522
4.976736916	3.100850327
4.938682231	3.135882133
4.900627546	3.170913938
4.862572861	3.205945744
4.824518176	3.240977549
4.786463491	3.276009354
4.748408806	3.31104116
4.710354121	3.346072965
4.672299436	3.381104771
4.634244751	3.416136576
4.596190066	3.451168382
4.558135381	3.486200187
4.520080695	3.521231992
4.48202601	3.556263798
4.443971325	3.591295603
4.40591664	3.626327409
5.537463406	2.803344198
5.496645794	2.835113821
5.455828181	2.866883444
5.415010569	2.898653067
5.374192956	2.93042269
5.333375343	2.962192313
5.292557731	2.993961936
5.251740118	3.025731559
5.210922506	3.057501182
5.170104893	3.089270805
5.129287281	3.121040428
5.088469668	3.152810051
5.047652056	3.184579675
5.006834443	3.216349298
4.96601683	3.248118921
4.925199218	3.279888544
4.884381605	3.311658167
4.843563993	3.34342779
4.80274638	3.375197413
4.761928768	3.406967036
4.721111155	3.438736659
4.680293543	3.470506282
4.63947593	3.502275905
4.598658317	3.534045528
4.557840705	3.565815151
4.517023092	3.597584774
4.47620548	3.629354398
4.435387867	3.661124021
5.631031242	2.934394106
5.587729528	2.962684528
5.544427813	2.99097495
5.501126099	3.019265372
5.457824385	3.047555794
5.41452267	3.075846216
5.371220956	3.104136638
5.327919241	3.13242706
5.284617527	3.160717482
5.241315813	3.189007903
5.198014098	3.217298325
5.154712384	3.245588747
5.111410669	3.273879169
5.068108955	3.302169591
5.024807241	3.330460013
4.981505526	3.358750435
4.938203812	3.387040857
4.894902097	3.415331279
4.851600383	3.443621701
4.808298669	3.471912123
4.764996954	3.500202545
4.72169524	3.528492967
4.678393525	3.556783389
4.635091811	3.585073811
4.591790097	3.613364233
4.548488382	3.641654655
4.505186668	3.669945077
4.461884954	3.698235499
5.713457481	3.072723183
5.667967459	3.097341151
5.622477438	3.12195912
5.576987416	3.146577088
5.531497394	3.171195057
5.486007373	3.195813026
5.440517351	3.220430994
5.395027329	3.245048963
5.349537308	3.269666931
5.304047286	3.2942849
5.258557265	3.318902869
5.213067243	3.343520837
5.167577221	3.368138806
5.1220872	3.392756774
5.076597178	3.417374743
5.031107157	3.441992712
4.985617135	3.46661068
4.940127113	3.491228649
4.894637092	3.515846617
4.84914707	3.540464586
4.803657049	3.565082555
4.758167027	3.589700523
4.712677005	3.614318492
4.667186984	3.63893646
4.621696962	3.663554429
4.57620694	3.688172398
4.530716919	3.712790366
4.485226897	3.737408335
5.784179067	3.2173865
5.736811482	3.23816385
5.689443896	3.258941199
5.64207631	3.279718549
5.594708724	3.300495898
5.547341138	3.321273248
5.499973552	3.342050598
5.452605966	3.362827947
5.405238381	3.383605297
5.357870795	3.404382646
5.310503209	3.425159996
5.263135623	3.445937345
5.215768037	3.466714695
5.168400451	3.487492044
5.121032865	3.508269394
5.07366528	3.529046744
5.026297694	3.549824093
4.978930108	3.570601443
4.931562522	3.591378792
4.884194936	3.612156142
4.83682735	3.632933491
4.789459764	3.653710841
4.742092178	3.67448819
4.694724593	3.69526554
4.647357007	3.716042889
4.599989421	3.736820239
4.552621835	3.757597589
4.505254249	3.778374938
5.842712902	3.367395862
5.79379132	3.384190662
5.744869739	3.400985462
5.695948158	3.417780262
5.647026576	3.434575062
5.598104995	3.451369862
5.549183413	3.468164663
5.500261832	3.484959463
5.45134025	3.501754263
5.402418669	3.518549063
5.353497087	3.535343863
5.304575506	3.552138663
5.255653924	3.568933463
5.206732343	3.585728263
5.157810761	3.602523064
5.10888918	3.619317864
5.059967598	3.636112664
5.011046017	3.652907464
4.962124436	3.669702264
4.913202854	3.686497064
4.864281273	3.703291864
4.815359691	3.720086664
4.76643811	3.736881465
4.717516528	3.753676265
4.668594947	3.770471065
4.619673365	3.787265865
4.570751784	3.804060665
4.521830202	3.820855465
5.888659139	3.521726551
5.838517746	3.534424076
5.788376353	3.547121601
5.73823496	3.559819127
5.688093567	3.572516652
5.637952173	3.585214177
5.58781078	3.597911702
5.537669387	3.610609227
5.487527994	3.623306752
5.437386601	3.636004278
5.387245208	3.648701803
5.337103815	3.661399328
5.286962422	3.674096853
5.236821029	3.686794378
5.186679636	3.699491904
5.136538243	3.712189429
5.08639685	3.724886954
5.036255457	3.737584479
4.986114064	3.750282004
4.935972671	3.76297953
4.885831277	3.775677055
4.835689884	3.78837458
4.785548491	3.801072105
4.735407098	3.81376963
4.685265705	3.826467156
4.635124312	3.839164681
4.584982919	3.851862206
4.534841526	3.864559731
5.921703919	3.679324333
5.870685231	3.687837846
5.819666542	3.696351359
5.768647854	3.704864873
5.717629166	3.713378386
5.666610478	3.721891899
5.61559179	3.730405412
5.564573102	3.738918926
5.513554414	3.747432439
5.462535726	3.755945952
5.411517038	3.764459466
5.36049835	3.772972979
5.309479661	3.781486492
5.258460973	3.790000006
5.207442285	3.798513519
5.156423597	3.807027032
5.105404909	3.815540545
5.054386221	3.824054059
5.003367533	3.832567572
4.952348845	3.841081085
4.901330157	3.849594599
4.850311468	3.858108112
4.79929278	3.866621625
4.748274092	3.875135138
4.697255404	3.883648652
4.646236716	3.892162165
4.595218028	3.900675678
4.54419934	3.909189192
5.941621512	3.839112655
5.890074038	3.843384
5.838526565	3.847655345
5.786979091	3.851926691
5.735431617	3.856198036
5.683884143	3.860469382
5.63233667	3.864740727
5.580789196	3.869012073
5.529241722	3.873283418
5.477694248	3.877554764
5.426146774	3.881826109
5.374599301	3.886097455
5.323051827	3.8903688
5.271504353	3.894640145
5.219956879	3.898911491
5.168409406	3.903182836
5.116861932	3.907454182
5.065314458	3.911725527
5.013766984	3.915996873
4.96221951	3.920268218
4.910672037	3.924539564
4.859124563	3.928810909
4.807577089	3.933082255
4.756029615	3.9373536
4.704482142	3.941624945
4.652934668	3.945896291
4.601387194	3.950167636
4.54983972	3.954438982
4.082579345	2.029277576
4.163023018	2.032604751
4.080443673	2.055051313
4.080443673	2.080913382
4.158751673	2.084152225
4.078308	2.106687119
4.078308	2.132549188
4.154480327	2.135699698
4.076172327	2.158322925
4.076172327	2.184184994
4.150208982	2.187247172
4.074036655	2.20995873
4.074036655	2.235820799
4.145937636	2.238794646
4.071900982	2.261594536
4.071900982	2.287456605
4.141666291	2.29034212
4.069765309	2.313230342
4.069765309	2.339092411
4.137394945	2.341889594
4.067629636	2.364866148
4.067629636	2.390728217
4.1331236	2.393437067
4.065493964	2.416501954
4.065493964	2.442364023
4.128852255	2.444984541
4.063358291	2.46813776
4.063358291	2.493999829
4.124580909	2.496532015
4.061222618	2.519773566
4.061222618	2.545635634
4.120309564	2.548079489
4.059086945	2.571409371
4.059086945	2.59727144
4.116038218	2.599626962
4.056951273	2.623045177
4.056951273	2.648907246
4.111766873	2.651174436
4.0548156	2.674680983
4.0548156	2.700543052
4.107495527	2.70272191
4.052679927	2.726316789
4.052679927	2.752178858
4.103224182	2.754269384
4.050544255	2.777952595
4.050544255	2.803814664
4.098952836	2.805816858
4.048408582	2.829588401
4.048408582	2.85545047
4.094681491	2.857364331
4.046272909	2.881224207
4.046272909	2.907086275
4.090410145	2.908911805
4.044137236	2.932860012
4.044137236	2.958722081
4.0861388	2.960459279
4.042001564	2.984495818
4.042001564	3.010357887
4.081867455	3.012006753
4.039865891	3.036131624
4.039865891	3.061993693
4.077596109	3.063554226
4.037730218	3.08776743
4.037730218	3.113629499
4.073324764	3.1151017
4.035594545	3.139403236
4.035594545	3.165265305
4.069053418	3.166649174
4.033458873	3.191039042
4.033458873	3.216901111
4.064782073	3.218196648
4.0313232	3.242674847
4.0313232	3.268536916
4.060510727	3.269744122
4.029187527	3.294310653
4.029187527	3.320172722
4.056239382	3.321291595
4.027051855	3.345946459
4.027051855	3.371808528
4.051968036	3.372839069
4.024916182	3.397582265
4.024916182	3.423444334
4.047696691	3.424386543
4.022780509	3.449218071
4.022780509	3.47508014
4.043425345	3.475934017
4.245038263	2.04282794
4.324932424	2.052786737
4.240781506	2.068337285
4.238645834	2.094111021
4.316418911	2.103805425
4.234389077	2.119620365
4.232253404	2.145394102
4.307905397	2.154824113
4.227996648	2.170903446
4.225860975	2.196677183
4.299391884	2.205842802
4.221604218	2.222186527
4.219468546	2.247960264
4.290878371	2.25686149
4.215211789	2.273469608
4.213076116	2.299243345
4.282364857	2.307880178
4.20881936	2.324752689
4.206683687	2.350526426
4.273851344	2.358898866
4.20242693	2.37603577
4.200291257	2.401809507
4.265337831	2.409917554
4.196034501	2.427318851
4.193898828	2.453092588
4.256824318	2.460936242
4.189642071	2.478601932
4.187506399	2.504375669
4.248310804	2.51195493
4.183249642	2.529885013
4.181113969	2.55565875
4.239797291	2.562973618
4.176857213	2.581168094
4.17472154	2.606941831
4.231283778	2.613992306
4.170464783	2.632451175
4.168329111	2.658224912
4.222770264	2.665010995
4.164072354	2.683734256
4.161936681	2.709507993
4.214256751	2.716029683
4.157679925	2.735017337
4.155544252	2.760791074
4.205743238	2.767048371
4.151287495	2.786300418
4.149151822	2.812074155
4.197229725	2.818067059
4.144895066	2.837583499
4.142759393	2.863357236
4.188716211	2.869085747
4.138502636	2.88886658
4.136366964	2.914640316
4.180202698	2.920104435
4.132110207	2.940149661
4.129974534	2.965923397
4.171689185	2.971123123
4.125717778	2.991432741
4.123582105	3.017206478
4.163175671	3.022141811
4.119325348	3.042715822
4.117189676	3.068489559
4.154662158	3.073160499
4.112932919	3.093998903
4.110797246	3.11977264
4.146148645	3.124179187
4.10654049	3.145281984
4.104404817	3.171055721
4.137635132	3.175197876
4.10014806	3.196565065
4.098012387	3.222338802
4.129121618	3.226216564
4.093755631	3.247848146
4.091619958	3.273621883
4.120608105	3.277235252
4.087363201	3.299131227
4.085227529	3.324904964
4.112094592	3.32825394
4.080970772	3.350414308
4.078835099	3.376188045
4.103581078	3.379272628
4.074578343	3.401697389
4.07244267	3.427471126
4.095067565	3.430291316
4.068185913	3.45298047
4.066050241	3.478754207
4.086554052	3.481310004
4.405823321	2.069747775
4.484622212	2.086270165
4.399474558	2.094818471
4.395217802	2.120327815
4.471924686	2.136411558
4.388869039	2.145398512
4.384612282	2.170907856
4.459227161	2.186552951
4.37826352	2.195978552
4.374006763	2.221487896
4.446529636	2.236694344
4.367658	2.246558593
4.363401244	2.272067937
4.433832111	2.286835737
4.357052481	2.297138634
4.352795725	2.322647978
4.421134586	2.33697713
4.346446962	2.347718674
4.342190205	2.373228018
4.40843706	2.387118523
4.335841443	2.398298715
4.331584686	2.423808059
4.395739535	2.437259916
4.325235923	2.448878755
4.320979167	2.474388099
4.38304201	2.487401309
4.314630404	2.499458796
4.310373648	2.52496814
4.370344485	2.537542702
4.304024885	2.550038837
4.299768128	2.575548181
4.35764696	2.587684095
4.293419366	2.600618877
4.289162609	2.626128221
4.344949435	2.637825488
4.282813846	2.651198918
4.27855709	2.676708262
4.332251909	2.687966881
4.272208327	2.701778958
4.267951571	2.727288302
4.319554384	2.738108275
4.261602808	2.752358999
4.257346051	2.777868343
4.306856859	2.788249668
4.250997289	2.802939039
4.246740532	2.828448384
4.294159334	2.838391061
4.24039177	2.85351908
4.236135013	2.879028424
4.281461809	2.888532454
4.22978625	2.904099121
4.225529494	2.929608465
4.268764283	2.938673847
4.219180731	2.954679161
4.214923974	2.980188505
4.256066758	2.98881524
4.208575212	3.005259202
4.204318455	3.030768546
4.243369233	3.038956633
4.197969693	3.055839242
4.193712936	3.081348586
4.230671708	3.089098026
4.187364173	3.106419283
4.183107417	3.131928627
4.217974183	3.139239419
4.176758654	3.156999324
4.172501897	3.182508668
4.205276657	3.189380812
4.166153135	3.207579364
4.161896378	3.233088708
4.192579132	3.239522205
4.155547616	3.258159405
4.151290859	3.283668749
4.179881607	3.289663598
4.144942096	3.308739445
4.14068534	3.334248789
4.167184082	3.339804991
4.134336577	3.359319486
4.13007982	3.38482883
4.154486557	3.389946384
4.123731058	3.409899526
4.119474301	3.435408871
4.141789031	3.440087777
4.113125539	3.460479567
4.108868782	3.485988911
4.129091506	3.49022917
4.563836194	2.109853189
4.641001538	2.132826307
4.555438794	2.13431398
4.549090031	2.159384676
4.624206738	2.181747889
4.540692631	2.183845467
4.534343868	2.208916163
4.607411938	2.23066947
4.525946468	2.233376954
4.519597706	2.258447651
4.590617138	2.279591052
4.511200306	2.282908441
4.504851543	2.307979138
4.573822338	2.328512633
4.496454143	2.332439929
4.49010538	2.357510625
4.557027538	2.377434215
4.48170798	2.381971416
4.475359218	2.407042112
4.540232738	2.426355796
4.466961818	2.431502903
4.460613055	2.4565736
4.523437937	2.475277378
4.452215655	2.48103439
4.445866892	2.506105087
4.506643137	2.524198959
4.437469492	2.530565878
4.43112073	2.555636574
4.489848337	2.573120541
4.42272333	2.580097365
4.416374567	2.605168062
4.473053537	2.622042122
4.407977167	2.629628852
4.401628404	2.654699549
4.456258737	2.670963703
4.393231004	2.67916034
4.386882242	2.704231036
4.439463937	2.719885285
4.378484842	2.728691827
4.372136079	2.753762523
4.422669137	2.768806866
4.363738679	2.778223314
4.357389916	2.803294011
4.405874336	2.817728448
4.348992516	2.827754801
4.342643754	2.852825498
4.389079536	2.866650029
4.334246354	2.877286289
4.327897591	2.902356985
4.372284736	2.915571611
4.319500191	2.926817776
4.313151428	2.951888472
4.355489936	2.964493192
4.304754028	2.976349263
4.298405266	3.00141996
4.338695136	3.013414774
4.290007866	3.02588075
4.283659103	3.050951447
4.321900336	3.062336355
4.275261703	3.075412238
4.26891294	3.100482934
4.305105536	3.111257937
4.26051554	3.124943725
4.254166778	3.150014421
4.288310736	3.160179518
4.245769378	3.174475212
4.239420615	3.199545909
4.271515935	3.2091011
4.231023215	3.224006699
4.224674452	3.249077396
4.254721135	3.258022681
4.216277052	3.273538187
4.20992829	3.298608883
4.237926335	3.306944263
4.20153089	3.323069674
4.195182127	3.348140371
4.221131535	3.355865844
4.186784727	3.372601161
4.180435964	3.397671858
4.204336735	3.404787425
4.172038564	3.422132649
4.165689802	3.447203345
4.187541935	3.453709007
4.157292402	3.471664136
4.150943639	3.496734832
4.170747135	3.502630588
4.717997494	2.162870222
4.793002175	2.19213714
4.707608819	2.186554015
4.699211419	2.211014806
4.772224825	2.239504725
4.688822744	2.234698599
4.680425344	2.25915939
4.751447475	2.286872311
4.670036669	2.282843183
4.661639269	2.307303973
4.730670126	2.334239897
4.651250594	2.330987766
4.642853194	2.355448557
4.709892776	2.381607483
4.63246452	2.37913235
4.62406712	2.403593141
4.689115427	2.428975069
4.613678445	2.427276934
4.605281045	2.451737724
4.668338077	2.476342655
4.59489237	2.475421517
4.58649497	2.499882308
4.647560728	2.523710241
4.576106295	2.523566101
4.567708895	2.548026892
4.626783378	2.571077827
4.55732022	2.571710685
4.54892282	2.596171475
4.606006029	2.618445412
4.538534145	2.619855268
4.530136745	2.644316059
4.585228679	2.665812998
4.519748071	2.667999852
4.511350671	2.692460643
4.564451329	2.713180584
4.500961996	2.716144436
4.492564596	2.740605226
4.54367398	2.76054817
4.482175921	2.764289019
4.473778521	2.78874981
4.52289663	2.807915756
4.463389846	2.812433603
4.454992446	2.836894394
4.502119281	2.855283342
4.444603771	2.860578187
4.436206371	2.885038977
4.481341931	2.902650928
4.425817696	2.90872277
4.417420296	2.933183561
4.460564582	2.950018513
4.407031622	2.956867354
4.398634221	2.981328145
4.439787232	2.997386099
4.388245547	3.005011938
4.379848147	3.029472728
4.419009883	3.044753685
4.369459472	3.053156521
4.361062072	3.077617312
4.398232533	3.092121271
4.350673397	3.101301105
4.342275997	3.125761896
4.377455184	3.139488857
4.331887322	3.149445689
4.323489922	3.173906479
4.356677834	3.186856443
4.313101247	3.197590272
4.304703847	3.222051063
4.335900484	3.234224029
4.294315173	3.245734856
4.285917772	3.270195647
4.315123135	3.281591614
4.275529098	3.29387944
4.267131698	3.31834023
4.294345785	3.3289592
4.256743023	3.342024023
4.248345623	3.366484814
4.273568436	3.376326786
4.237956948	3.390168607
4.229559548	3.414629398
4.252791086	3.423694372
4.219170873	3.438313191
4.210773473	3.462773981
4.232013737	3.471061958
4.200384798	3.486457774
4.191987398	3.510918565
4.211236387	3.518429544
4.867254143	2.228436715
4.939585802	2.263797508
4.854945159	2.251181726
4.844556484	2.274865519
4.914967833	2.30928753
4.8322475	2.29761053
4.821858825	2.321294323
4.890349865	2.354777552
4.80954984	2.344039333
4.799161166	2.367723126
4.865731896	2.400267573
4.786852181	2.390468137
4.776463507	2.41415193
4.841113927	2.445757595
4.764154522	2.436896941
4.753765848	2.460580734
4.816495959	2.491247616
4.741456863	2.483325745
4.731068188	2.507009537
4.79187799	2.536737638
4.718759204	2.529754548
4.708370529	2.553438341
4.767260022	2.58222766
4.696061545	2.576183352
4.68567287	2.599867145
4.742642053	2.627717681
4.673363886	2.622612156
4.662975211	2.646295949
4.718024084	2.673207703
4.650666227	2.66904096
4.640277552	2.692724752
4.693406116	2.718697725
4.627968568	2.715469763
4.617579893	2.739153556
4.668788147	2.764187746
4.605270909	2.761898567
4.594882234	2.78558236
4.644170178	2.809677768
4.58257325	2.808327371
4.572184575	2.832011164
4.61955221	2.855167789
4.559875591	2.854756174
4.549486916	2.878439967
4.594934241	2.900657811
4.537177932	2.901184978
4.526789257	2.924868771
4.570316273	2.946147833
4.514480272	2.947613782
4.504091598	2.971297575
4.545698304	2.991637854
4.491782613	2.994042586
4.481393939	3.017726379
4.521080335	3.037127876
4.469084954	3.040471389
4.458696279	3.064155182
4.496462367	3.082617897
4.446387295	3.086900193
4.43599862	3.110583986
4.471844398	3.128107919
4.423689636	3.133328997
4.413300961	3.15701279
4.44722643	3.173597941
4.400991977	3.179757801
4.390603302	3.203441594
4.422608461	3.219087962
4.378294318	3.226186604
4.367905643	3.249870397
4.397990492	3.264577984
4.355596659	3.272615408
4.345207984	3.296299201
4.373372524	3.310068006
4.332899	3.319044212
4.322510325	3.342728005
4.348754555	3.355558027
4.310201341	3.365473016
4.299812666	3.389156809
4.324136587	3.401048049
4.287503682	3.411901819
4.277115007	3.435585612
4.299518618	3.44653807
4.264806023	3.458330623
4.254417348	3.482014416
4.274900649	3.492028092
4.242108363	3.504759427
4.231719689	3.52844322
4.250282681	3.537518114
5.010586567	2.306104781
5.079751105	2.347317901
4.996441356	2.327755639
4.984132372	2.350500649
5.051460683	2.390619615
4.969987161	2.372151507
4.957678176	2.394896517
5.023170261	2.433921329
4.943532965	2.416547375
4.931223981	2.439292385
4.994879839	2.477223044
4.91707877	2.460943243
4.904769786	2.483688253
4.966589417	2.520524758
4.890624575	2.505339111
4.87831559	2.528084121
4.938298995	2.563826473
4.864170379	2.549734979
4.851861395	2.572479989
4.910008573	2.607128187
4.837716184	2.594130847
4.8254072	2.616875857
4.881718151	2.650429901
4.811261989	2.638526715
4.798953005	2.661271725
4.853427729	2.693731616
4.784807794	2.682922583
4.772498809	2.705667593
4.825137308	2.73703333
4.758353598	2.727318451
4.746044614	2.750063461
4.796846886	2.780335045
4.731899403	2.771714319
4.719590419	2.794459329
4.768556464	2.823636759
4.705445208	2.816110187
4.693136223	2.838855197
4.740266042	2.866938473
4.678991012	2.860506055
4.666682028	2.883251065
4.71197562	2.910240188
4.652536817	2.904901923
4.640227833	2.927646933
4.683685198	2.953541902
4.626082622	2.949297791
4.613773638	2.972042801
4.655394776	2.996843617
4.599628427	2.993693659
4.587319442	3.016438669
4.627104354	3.040145331
4.573174231	3.038089527
4.560865247	3.060834537
4.598813932	3.083447045
4.546720036	3.082485395
4.534411052	3.105230405
4.57052351	3.12674876
4.520265841	3.126881263
4.507956856	3.149626273
4.542233088	3.170050474
4.493811645	3.171277131
4.481502661	3.194022141
4.513942666	3.213352189
4.46735745	3.215672999
4.455048466	3.238418009
4.485652244	3.256653903
4.440903255	3.260068867
4.428594271	3.282813877
4.457361822	3.299955617
4.41444906	3.304464735
4.402140075	3.327209745
4.4290714	3.343257332
4.387994864	3.348860603
4.37568588	3.371605613
4.400780978	3.386559046
4.361540669	3.393256471
4.349231685	3.416001481
4.372490556	3.42986076
4.335086474	3.437652339
4.322777489	3.460397349
4.344200134	3.473162475
4.308632278	3.482048207
4.296323294	3.504793217
4.315909712	3.516464189
4.282178083	3.526444075
4.269869099	3.549189085
4.28761929	3.559765904
5.14701566	2.39534387
5.212540614	2.442127787
5.131130848	2.415752676
5.116985637	2.437403533
5.180770991	2.4829454
5.101100826	2.457812339
5.086955615	2.479463196
5.149001368	2.523763013
5.071070803	2.499872003
5.056925592	2.52152286
5.117231745	2.564580625
5.041040781	2.541931666
5.02689557	2.563582523
5.085462122	2.605398238
5.011010758	2.58399133
4.996865547	2.605642187
5.053692498	2.64621585
4.980980736	2.626050993
4.966835525	2.64770185
5.021922875	2.687033463
4.950950713	2.668110657
4.936805502	2.689761514
4.990153252	2.727851075
4.920920691	2.71017032
4.90677548	2.731821177
4.958383629	2.768668688
4.890890668	2.752229984
4.876745457	2.773880841
4.926614006	2.8094863
4.860860646	2.794289647
4.846715435	2.815940504
4.894844383	2.850303913
4.830830623	2.836349311
4.816685412	2.858000168
4.86307476	2.891121526
4.800800601	2.878408974
4.78665539	2.900059831
4.831305137	2.931939138
4.770770578	2.920468638
4.756625367	2.942119495
4.799535514	2.972756751
4.740740556	2.962528301
4.726595345	2.984179158
4.767765891	3.013574363
4.710710533	3.004587964
4.696565322	3.026238822
4.735996268	3.054391976
4.68068051	3.046647628
4.666535299	3.068298485
4.704226645	3.095209588
4.650650488	3.088707291
4.636505277	3.110358149
4.672457022	3.136027201
4.620620465	3.130766955
4.606475254	3.152417812
4.640687399	3.176844813
4.590590443	3.172826618
4.576445232	3.194477476
4.608917776	3.217662426
4.56056042	3.214886282
4.546415209	3.236537139
4.577148152	3.258480039
4.530530398	3.256945945
4.516385187	3.278596802
4.545378529	3.299297651
4.500500375	3.299005609
4.486355164	3.320656466
4.513608906	3.340115264
4.470470353	3.341065272
4.456325142	3.362716129
4.481839283	3.380932876
4.44044033	3.383124936
4.426295119	3.404775793
4.45006966	3.421750489
4.410410308	3.425184599
4.396265097	3.446835456
4.418300037	3.462568101
4.380380285	3.467244263
4.366235074	3.48889512
4.386530414	3.503385714
4.350350263	3.509303926
4.336205052	3.530954783
4.354760791	3.544203326
4.32032024	3.55136359
4.306175029	3.573014447
4.322991168	3.585020939
5.275609473	2.495544386
5.337047241	2.547579521
5.25809357	2.514571729
5.242208759	2.534980535
5.302015435	2.585634206
5.224692856	2.554007878
5.208808044	2.574416684
5.26698363	2.623688891
5.191292142	2.593444026
5.17540733	2.613852833
5.231951824	2.661743576
5.157891427	2.632880175
5.142006616	2.653288981
5.196920019	2.699798261
5.124490713	2.672316324
5.108605902	2.69272513
5.161888213	2.737852946
5.091089999	2.711752473
5.075205187	2.732161279
5.126856408	2.775907631
5.057689285	2.751188621
5.041804473	2.771597428
5.091824603	2.813962316
5.02428857	2.79062477
5.008403759	2.811033577
5.056792797	2.852017001
4.990887856	2.830060919
4.975003045	2.850469725
5.021760992	2.890071686
4.957487142	2.869497068
4.94160233	2.889905874
4.986729186	2.928126372
4.924086428	2.908933217
4.908201616	2.929342023
4.951697381	2.966181057
4.890685713	2.948369365
4.874800902	2.968778172
4.916665575	3.004235742
4.857284999	2.987805514
4.841400188	3.008214321
4.88163377	3.042290427
4.823884285	3.027241663
4.807999473	3.047650469
4.846601965	3.080345112
4.790483571	3.066677812
4.774598759	3.087086618
4.811570159	3.118399797
4.757082856	3.106113961
4.741198045	3.126522767
4.776538354	3.156454482
4.723682142	3.145550109
4.707797331	3.165958916
4.741506548	3.194509167
4.690281428	3.184986258
4.674396616	3.205395065
4.706474743	3.232563852
4.656880714	3.224422407
4.640995902	3.244831213
4.671442937	3.270618537
4.623479999	3.263858556
4.607595188	3.284267362
4.636411132	3.308673222
4.590079285	3.303294705
4.574194474	3.323703511
4.601379327	3.346727907
4.556678571	3.342730853
4.540793759	3.36313966
4.566347521	3.384782592
4.523277857	3.382167002
4.507393045	3.402575808
4.531315716	3.422837277
4.489877142	3.421603151
4.473992331	3.442011957
4.49628391	3.460891962
4.456476428	3.4610393
4.440591617	3.481448106
4.461252105	3.498946647
4.423075714	3.500475449
4.407190902	3.520884255
4.426220299	3.537001332
4.389675	3.539911597
4.373790188	3.560320404
4.391188494	3.575056017
4.356274285	3.579347746
4.340389474	3.599756552
4.356156689	3.613110702
5.39548958	2.60602186
5.452420479	2.662952759
5.376462237	2.623537763
5.358946334	2.642565105
5.414365794	2.697984565
5.339918992	2.660081008
5.322403089	2.679108351
5.376311109	2.73301637
5.303375747	2.696624253
5.285859844	2.715651596
5.338256424	2.768048176
5.266832501	2.733167499
5.249316599	2.752194841
5.300201739	2.803079981
5.230289256	2.769710744
5.212773353	2.788738086
5.262147054	2.838111787
5.193746011	2.806253989
5.176230108	2.825281332
5.224092369	2.873143592
5.157202766	2.842797234
5.139686863	2.861824577
5.186037684	2.908175397
5.12065952	2.87934048
5.103143618	2.898367822
5.147982999	2.943207203
5.084116275	2.915883725
5.066600372	2.934911067
5.109928314	2.978239008
5.04757303	2.95242697
5.030057127	2.971454313
5.071873628	3.013270814
5.011029785	2.988970215
4.993513882	3.007997558
5.033818943	3.048302619
4.97448654	3.02551346
4.956970637	3.044540803
4.995764258	3.083334425
4.937943294	3.062056706
4.920427392	3.081084048
4.957709573	3.11836623
4.901400049	3.098599951
4.883884146	3.117627293
4.919654888	3.153398035
4.864856804	3.135143196
4.847340901	3.154170539
4.881600203	3.188429841
4.828313559	3.171686441
4.810797656	3.190713784
4.843545518	3.223461646
4.791770313	3.208229687
4.774254411	3.227257029
4.805490833	3.258493452
4.755227068	3.244772932
4.737711165	3.263800274
4.767436148	3.293525257
4.718683823	3.281316177
4.70116792	3.30034352
4.729381463	3.328557063
4.682140578	3.317859422
4.664624675	3.336886765
4.691326778	3.363588868
4.645597332	3.354402668
4.62808143	3.37343001
4.653272093	3.398620673
4.609054087	3.390945913
4.591538184	3.409973255
4.615217408	3.433652479
4.572510842	3.427489158
4.554994939	3.446516501
4.577162723	3.468684284
4.535967597	3.464032403
4.518451694	3.483059746
4.539108038	3.50371609
4.499424351	3.500575648
4.481908449	3.519602991
4.501053353	3.538747895
4.462881106	3.537118894
4.445365204	3.556146236
4.462998668	3.573779701
4.426337861	3.573662139
4.408821958	3.592689481
4.424943983	3.608811506
4.389794616	3.610205384
4.372278713	3.629232727
4.386889298	3.643843311
5.505837078	2.726021618
5.557872213	2.787459386
5.485428271	2.74190643
5.466400929	2.759422333
5.5170546	2.819229009
5.445992122	2.775307144
5.42696478	2.792823047
5.476236987	2.850998632
5.406555974	2.808707858
5.387528631	2.826223761
5.435419375	2.882768255
5.367119825	2.842108573
5.348092482	2.859624475
5.394601762	2.914537878
5.327683676	2.875509287
5.308656334	2.89302519
5.35378415	2.946307502
5.288247527	2.908910001
5.269220185	2.926425904
5.312966537	2.978077125
5.248811378	2.942310715
5.229784036	2.959826618
5.272148925	3.009846748
5.20937523	2.97571143
5.190347887	2.993227332
5.231331312	3.041616371
5.169939081	3.009112144
5.150911738	3.026628047
5.1905137	3.073385994
5.130502932	3.042512858
5.11147559	3.060028761
5.149696087	3.105155617
5.091066783	3.075913572
5.072039441	3.093429475
5.108878474	3.13692524
5.051630635	3.109314287
5.032603292	3.126830189
5.068060862	3.168694863
5.012194486	3.142715001
4.993167143	3.160230904
5.027243249	3.200464486
4.972758337	3.176115715
4.953730994	3.193631618
4.986425637	3.232234109
4.933322188	3.209516429
4.914294846	3.227032332
4.945608024	3.264003732
4.893886039	3.242917144
4.874858697	3.260433046
4.904790412	3.295773355
4.854449891	3.276317858
4.835422548	3.293833761
4.863972799	3.327542978
4.815013742	3.309718572
4.795986399	3.327234475
4.823155187	3.359312601
4.775577593	3.343119286
4.75655025	3.360635189
4.782337574	3.391082224
4.736141444	3.376520001
4.717114102	3.394035903
4.741519961	3.422851848
4.696705295	3.409920715
4.677677953	3.427436618
4.700702349	3.454621471
4.657269147	3.443321429
4.638241804	3.460837332
4.659884736	3.486391094
4.617832998	3.476722143
4.598805655	3.494238046
4.619067124	3.518160717
4.578396849	3.510122858
4.559369506	3.52763876
4.578249511	3.54993034
4.5389607	3.543523572
4.519933358	3.561039475
4.537431899	3.581699963
4.499524551	3.576924286
4.480497209	3.594440189
4.496614286	3.613469586
4.460088403	3.610325
4.44106106	3.627840903
4.455796674	3.645239209
4.420652254	3.643725715
4.401624911	3.661241617
4.414979061	3.677008832
5.605898181	2.854723941
5.652682099	2.920248895
5.584247324	2.868869152
5.563838518	2.884753963
5.609380385	2.948539317
5.542187661	2.898899174
5.521778854	2.914783986
5.566078671	2.976829739
5.500127997	2.928929197
5.479719191	2.944814008
5.522776956	3.005120161
5.458068334	2.958959219
5.437659527	2.974844031
5.479475242	3.033410583
5.41600867	2.988989242
5.395599864	3.004874053
5.436173527	3.061701005
5.373949007	3.019019264
5.353540201	3.034904076
5.392871813	3.089991427
5.331889343	3.049049287
5.311480537	3.064934098
5.349570099	3.118281849
5.28982968	3.079079309
5.269420874	3.094964121
5.306268384	3.146572271
5.247770016	3.109109332
5.22736121	3.124994143
5.26296667	3.174862692
5.205710353	3.139139354
5.185301547	3.155024166
5.219664955	3.203153114
5.163650689	3.169169377
5.143241883	3.185054188
5.176363241	3.231443536
5.121591026	3.199199399
5.10118222	3.215084211
5.133061527	3.259733958
5.079531362	3.229229422
5.059122556	3.245114233
5.089759812	3.28802438
5.037471699	3.259259444
5.017062893	3.275144256
5.046458098	3.316314802
4.995412036	3.289289467
4.975003229	3.305174279
5.003156383	3.344605224
4.953352372	3.31931949
4.932943566	3.335204301
4.959854669	3.372895646
4.911292709	3.349349512
4.890883902	3.365234324
4.916552955	3.401186068
4.869233045	3.379379535
4.848824239	3.395264346
4.87325124	3.42947649
4.827173382	3.409409557
4.806764575	3.425294369
4.829949526	3.457766912
4.785113718	3.43943958
4.764704912	3.455324391
4.786647811	3.486057334
4.743054055	3.469469602
4.722645248	3.485354414
4.743346097	3.514347756
4.700994391	3.499499625
4.680585585	3.515384436
4.700044383	3.542638178
4.658934728	3.529529647
4.638525921	3.545414459
4.656742668	3.5709286
4.616875064	3.55955967
4.596466258	3.575444481
4.613440954	3.599219022
4.574815401	3.589589692
4.554406595	3.605474504
4.57013924	3.627509444
4.532755737	3.619619715
4.512346931	3.635504526
4.526837525	3.655799866
4.490696074	3.649649737
4.470287268	3.665534549
4.483535811	3.684090288
4.44863641	3.67967976
4.428227604	3.695564571
4.440234096	3.71238071
5.694989372	2.99124966
5.736202492	3.060414198
5.672244361	3.003558644
5.650593504	3.017703855
5.69071247	3.085032167
5.627848493	3.030012839
5.606197636	3.04415805
5.645222448	3.109650135
5.583452625	3.056467035
5.561801768	3.070612246
5.599732427	3.134268104
5.539056757	3.08292123
5.5174059	3.097066441
5.554242405	3.158886073
5.494660889	3.109375425
5.473010032	3.123520636
5.508752384	3.183504041
5.450265021	3.135829621
5.428614164	3.149974832
5.463262362	3.20812201
5.405869153	3.162283816
5.384218296	3.176429027
5.41777234	3.232739978
5.361473285	3.188738011
5.339822428	3.202883222
5.372282319	3.257357947
5.317077417	3.215192206
5.29542656	3.229337417
5.326792297	3.281975916
5.272681549	3.241646402
5.251030692	3.255791613
5.281302275	3.306593884
5.228285681	3.268100597
5.206634824	3.282245808
5.235812254	3.331211853
5.183889813	3.294554792
5.162238956	3.308700003
5.190322232	3.355829821
5.139493945	3.321008988
5.117843088	3.335154199
5.144832211	3.38044779
5.095098077	3.347463183
5.07344722	3.361608394
5.099342189	3.405065759
5.050702209	3.373917378
5.029051352	3.388062589
5.053852167	3.429683727
5.006306341	3.400371573
4.984655484	3.414516784
5.008362146	3.454301696
4.961910473	3.426825769
4.940259616	3.44097098
4.962872124	3.478919665
4.917514605	3.453279964
4.895863748	3.467425175
4.917382103	3.503537633
4.873118737	3.479734159
4.85146788	3.49387937
4.871892081	3.528155602
4.828722869	3.506188355
4.807072012	3.520333566
4.826402059	3.55277357
4.784327001	3.53264255
4.762676144	3.546787761
4.780912038	3.577391539
4.739931133	3.559096745
4.718280276	3.573241956
4.735422016	3.602009508
4.695535265	3.58555094
4.673884408	3.599696151
4.689931994	3.626627476
4.651139397	3.612005136
4.62948854	3.626150347
4.644441973	3.651245445
4.606743529	3.638459331
4.585092672	3.652604542
4.598951951	3.675863413
4.562347661	3.664913526
4.540696804	3.679058737
4.55346193	3.700481382
4.517951793	3.691367722
4.496300936	3.705512933
4.507971908	3.725099351
4.473555925	3.717821917
4.451905068	3.731967128
4.462481886	3.749717319
5.772502067	3.134666167
5.80786286	3.206997825
5.748818274	3.145054841
5.726073263	3.157363826
5.760495275	3.227775175
5.70238947	3.1677525
5.67964446	3.180061485
5.713127689	3.248552525
5.655960667	3.19045016
5.633215656	3.202759144
5.665760103	3.269329874
5.609531863	3.213147819
5.586786852	3.225456803
5.618392517	3.290107224
5.563103059	3.235845478
5.540358048	3.248154462
5.571024931	3.310884573
5.516674255	3.258543137
5.493929245	3.270852121
5.523657345	3.331661923
5.470245452	3.281240796
5.447500441	3.29354978
5.476289759	3.352439272
5.423816648	3.303938455
5.401071637	3.316247439
5.428922173	3.373216622
5.377387844	3.326636114
5.354642833	3.338945098
5.381554588	3.393993971
5.33095904	3.349333773
5.30821403	3.361642757
5.334187002	3.414771321
5.284530237	3.372031432
5.261785226	3.384340416
5.286819416	3.435548671
5.238101433	3.394729091
5.215356422	3.407038076
5.23945183	3.45632602
5.191672629	3.41742675
5.168927618	3.429735735
5.192084244	3.47710337
5.145243826	3.440124409
5.122498815	3.452433394
5.144716658	3.497880719
5.098815022	3.462822068
5.076070011	3.475131053
5.097349072	3.518658069
5.052386218	3.485519728
5.029641207	3.497828712
5.049981487	3.539435418
5.005957414	3.508217387
4.983212403	3.520526371
5.002613901	3.560212768
4.959528611	3.530915046
4.9367836	3.54322403
4.955246315	3.580990117
4.913099807	3.553612705
4.890354796	3.565921689
4.907878729	3.601767467
4.866671003	3.576310364
4.843925992	3.588619348
4.860511143	3.622544816
4.820242199	3.599008023
4.797497189	3.611317007
4.813143557	3.643322166
4.773813396	3.621705682
4.751068385	3.634014666
4.765775971	3.664099516
4.727384592	3.644403341
4.704639581	3.656712325
4.718408386	3.684876865
4.680955788	3.667101
4.658210777	3.679409984
4.6710408	3.705654215
4.634526984	3.689798659
4.611781974	3.702107644
4.623673214	3.726431564
4.588098181	3.712496318
4.56535317	3.724805303
4.576305628	3.747208914
4.541669377	3.735193977
4.518924366	3.747502962
4.528938042	3.767986263
4.495240573	3.757891636
4.472495562	3.770200621
4.481570456	3.788763613
5.837906775	3.283993781
5.867173693	3.358998462
5.813445985	3.292391181
5.789762192	3.302779856
5.818252111	3.375793262
5.765301401	3.311177256
5.741617608	3.321565931
5.76933053	3.392588062
5.717156817	3.329963331
5.693473024	3.340352005
5.720408948	3.409382862
5.669012234	3.348749406
5.645328441	3.35913808
5.671487367	3.426177662
5.62086765	3.36753548
5.597183857	3.377924155
5.622565785	3.442972462
5.572723066	3.386321555
5.549039273	3.39671023
5.573644204	3.459767262
5.524578483	3.40510763
5.50089469	3.415496305
5.524722622	3.476562063
5.476433899	3.423893705
5.452750106	3.43428238
5.475801041	3.493356863
5.428289315	3.44267978
5.404605522	3.453068454
5.426879459	3.510151663
5.380144732	3.461465855
5.356460939	3.471854529
5.377957878	3.526946463
5.332000148	3.480251929
5.308316355	3.490640604
5.329036297	3.543741263
5.283855564	3.499038004
5.260171771	3.509426679
5.280114715	3.560536063
5.235710981	3.517824079
5.212027188	3.528212754
5.231193134	3.577330863
5.187566397	3.536610154
5.163882604	3.546998829
5.182271552	3.594125663
5.139421813	3.555396229
5.11573802	3.565784904
5.133349971	3.610920464
5.09127723	3.574182304
5.067593437	3.584570978
5.084428389	3.627715264
5.043132646	3.592968378
5.019448853	3.603357053
5.035506808	3.644510064
4.994988062	3.611754453
4.971304269	3.622143128
4.986585226	3.661304864
4.946843479	3.630540528
4.923159686	3.640929203
4.937663645	3.678099664
4.898698895	3.649326603
4.875015102	3.659715278
4.888742063	3.694894464
4.850554311	3.668112678
4.826870518	3.678501353
4.839820482	3.711689264
4.802409728	3.686898753
4.778725935	3.697287427
4.7908989	3.728484065
4.754265144	3.705684827
4.730581351	3.716073502
4.741977319	3.745278865
4.70612056	3.724470902
4.682436767	3.734859577
4.693055737	3.762073665
4.657975977	3.743256977
4.634292184	3.753645652
4.644134156	3.778868465
4.609831393	3.762043052
4.5861476	3.772431727
4.595212575	3.795663265
4.561686809	3.780829127
4.538003016	3.791217802
4.546290993	3.812458065
4.513542226	3.799615202
4.489858433	3.810003876
4.497369412	3.829252865
5.890756717	3.438212444
5.913729835	3.515377788
5.86568602	3.444561206
5.84122523	3.452958606
5.863588442	3.528075314
5.816154533	3.459307369
5.791693742	3.467704769
5.813447049	3.540772839
5.766623046	3.474053532
5.742162255	3.482450932
5.763305656	3.553470364
5.717091559	3.488799694
5.692630768	3.497197094
5.713164263	3.566167889
5.667560071	3.503545857
5.643099281	3.511943257
5.66302287	3.578865414
5.618028584	3.51829202
5.593567793	3.52668942
5.612881477	3.591562939
5.568497097	3.533038182
5.544036306	3.541435582
5.562740084	3.604260465
5.518965609	3.547784345
5.494504819	3.556181745
5.512598691	3.61695799
5.469434122	3.562530508
5.444973331	3.570927908
5.462457298	3.629655515
5.419902635	3.57727667
5.395441844	3.58567407
5.412315905	3.64235304
5.370371148	3.592022833
5.345910357	3.600420233
5.362174512	3.655050565
5.32083966	3.606768996
5.29637887	3.615166396
5.312033119	3.667748091
5.271308173	3.621515158
5.246847382	3.629912558
5.261891725	3.680445616
5.221776686	3.636261321
5.197315895	3.644658721
5.211750332	3.693143141
5.172245199	3.651007484
5.147784408	3.659404884
5.161608939	3.705840666
5.122713711	3.665753646
5.098252921	3.674151046
5.111467546	3.718538191
5.073182224	3.680499809
5.048721433	3.688897209
5.061326153	3.731235717
5.023650737	3.695245972
4.999189946	3.703643372
5.01118476	3.743933242
4.97411925	3.709992134
4.949658459	3.718389534
4.961043367	3.756630767
4.924587762	3.724738297
4.900126972	3.733135697
4.910901974	3.769328292
4.875056275	3.73948446
4.850595484	3.74788186
4.860760581	3.782025817
4.825524788	3.754230622
4.801063997	3.762628022
4.810619188	3.794723343
4.775993301	3.768976785
4.75153251	3.777374185
4.760477795	3.807420868
4.726461813	3.783722948
4.702001023	3.792120348
4.710336402	3.820118393
4.676930326	3.79846911
4.652469535	3.80686651
4.660195009	3.832815918
4.627398839	3.813215273
4.602938048	3.821612673
4.610053616	3.845513443
4.577867351	3.827961436
4.553406561	3.836358836
4.559912223	3.858210969
4.528335864	3.842707598
4.503875073	3.851104998
4.50977083	3.870908494
5.930690873	3.596268685
5.947213263	3.675067576
5.905181529	3.600525442
5.880110832	3.606874204
5.896194575	3.683581089
5.854601488	3.611130961
5.829530792	3.617479724
5.845175887	3.692094603
5.804021448	3.62173648
5.778950751	3.628085243
5.794157198	3.700608116
5.753441407	3.632342
5.72837071	3.638690762
5.74313851	3.709121629
5.702861366	3.642947519
5.67779067	3.649296281
5.692119822	3.717635143
5.652281326	3.653553038
5.627210629	3.659901801
5.641101134	3.726148656
5.601701285	3.664158557
5.576630589	3.67050732
5.590082446	3.734662169
5.551121245	3.674764077
5.526050548	3.681112839
5.539063758	3.743175682
5.500541204	3.685369596
5.475470508	3.691718358
5.48804507	3.751689196
5.449961163	3.695975115
5.424890467	3.702323878
5.437026382	3.760202709
5.399381123	3.706580634
5.374310426	3.712929397
5.386007694	3.768716222
5.348801082	3.717186154
5.323730386	3.723534916
5.334989005	3.777229736
5.298221042	3.727791673
5.273150345	3.734140435
5.283970317	3.785743249
5.247641001	3.738397192
5.222570305	3.744745955
5.232951629	3.794256762
5.197060961	3.749002711
5.171990264	3.755351474
5.181932941	3.802770275
5.14648092	3.75960823
5.121410223	3.765956993
5.130914253	3.811283789
5.095900879	3.77021375
5.070830183	3.776562512
5.079895565	3.819797302
5.045320839	3.780819269
5.020250142	3.787168032
5.028876877	3.828310815
4.994740798	3.791424788
4.969670102	3.797773551
4.977858189	3.836824329
4.944160758	3.802030307
4.919090061	3.80837907
4.926839501	3.845337842
4.893580717	3.812635827
4.86851002	3.818984589
4.875820812	3.853851355
4.843000676	3.823241346
4.81792998	3.829590109
4.824802124	3.862364868
4.792420636	3.833846865
4.767349939	3.840195628
4.773783436	3.870878382
4.741840595	3.844452384
4.716769899	3.850801147
4.722764748	3.879391895
4.691260555	3.855057904
4.666189858	3.861406666
4.67174606	3.887905408
4.640680514	3.865663423
4.615609818	3.872012186
4.620727372	3.896418922
4.590100474	3.876268942
4.565029777	3.882617705
4.569708684	3.904932435
4.539520433	3.886874461
4.514449736	3.893223224
4.518689996	3.913445948
5.957436452	3.757082821
5.967395249	3.836976982
5.931662715	3.759218494
5.906153371	3.76347525
5.915847775	3.841248327
5.880379635	3.765610923
5.85487029	3.76986768
5.864300302	3.845519673
5.829096554	3.772003352
5.80358721	3.776260109
5.812752828	3.849791018
5.777813473	3.778395782
5.752304129	3.782652538
5.761205354	3.854062364
5.726530392	3.784788211
5.701021048	3.789044968
5.70965788	3.858333709
5.675247311	3.79118064
5.649737967	3.795437397
5.658110406	3.862605055
5.62396423	3.79757307
5.598454886	3.801829827
5.606562933	3.8668764
5.572681149	3.803965499
5.547171805	3.808222256
5.555015459	3.871147745
5.521398068	3.810357929
5.495888724	3.814614685
5.503467985	3.875419091
5.470114987	3.816750358
5.444605643	3.821007115
5.451920511	3.879690436
5.418831906	3.823142787
5.393322562	3.827399544
5.400373038	3.883961782
5.367548825	3.829535217
5.342039481	3.833791973
5.348825564	3.888233127
5.316265744	3.835927646
5.2907564	3.840184403
5.29727809	3.892504473
5.264982663	3.842320075
5.239473319	3.846576832
5.245730616	3.896775818
5.213699582	3.848712505
5.188190238	3.852969261
5.194183142	3.901047164
5.162416501	3.855104934
5.136907157	3.859361691
5.142635669	3.905318509
5.11113342	3.861497364
5.085624076	3.86575412
5.091088195	3.909589855
5.059850339	3.867889793
5.034340995	3.87214655
5.039540721	3.9138612
5.008567259	3.874282222
4.983057914	3.878538979
4.987993247	3.918132545
4.957284178	3.880674652
4.931774834	3.884931408
4.936445774	3.922403891
4.906001097	3.887067081
4.880491753	3.891323838
4.8848983	3.926675236
4.854718016	3.89345951
4.829208672	3.897716267
4.833350826	3.930946582
4.803434935	3.89985194
4.777925591	3.904108696
4.781803352	3.935217927
4.752151854	3.906244369
4.72664251	3.910501126
4.730255878	3.939489273
4.700868773	3.912636799
4.675359429	3.916893555
4.678708405	3.943760618
4.649585692	3.919029228
4.624076348	3.923285985
4.627160931	3.948031964
4.598302611	3.925421657
4.572793267	3.929678414
4.575613457	3.952303309
4.54701953	3.931814087
4.521510186	3.936070843
4.524065983	3.956574655
5.970810756	3.919556327
5.944948687	3.919556327
5.91917495	3.921692
5.893312881	3.921692
5.867539144	3.923827673
5.841677075	3.923827673
5.815903339	3.925963345
5.79004127	3.925963345
5.764267533	3.928099018
5.738405464	3.928099018
5.712631727	3.930234691
5.686769658	3.930234691
5.660995921	3.932370364
5.635133852	3.932370364
5.609360115	3.934506036
5.583498046	3.934506036
5.557724309	3.936641709
5.53186224	3.936641709
5.506088503	3.938777382
5.480226434	3.938777382
5.454452698	3.940913055
5.428590629	3.940913055
5.402816892	3.943048727
5.376954823	3.943048727
5.351181086	3.9451844
5.325319017	3.9451844
5.29954528	3.947320073
5.273683211	3.947320073
5.247909474	3.949455745
5.222047405	3.949455745
5.196273668	3.951591418
5.170411599	3.951591418
5.144637862	3.953727091
5.118775793	3.953727091
5.093002057	3.955862764
5.067139988	3.955862764
5.041366251	3.957998436
5.015504182	3.957998436
4.989730445	3.960134109
4.963868376	3.960134109
4.938094639	3.962269782
4.91223257	3.962269782
4.886458833	3.964405455
4.860596764	3.964405455
4.834823027	3.966541127
4.808960958	3.966541127
4.783187221	3.9686768
4.757325153	3.9686768
4.731551416	3.970812473
4.705689347	3.970812473
4.67991561	3.972948145
4.654053541	3.972948145
4.628279804	3.975083818
4.602417735	3.975083818
4.576643998	3.977219491
4.550781929	3.977219491
4.525008192	3.979355164
5.941621512	4.160887345
5.890074038	4.156616
5.838526565	4.152344655
5.786979091	4.148073309
5.735431617	4.143801964
5.683884143	4.139530618
5.63233667	4.135259273
5.580789196	4.130987927
5.529241722	4.126716582
5.477694248	4.122445236
5.426146774	4.118173891
5.374599301	4.113902545
5.323051827	4.1096312
5.271504353	4.105359855
5.219956879	4.101088509
5.168409406	4.096817164
5.116861932	4.092545818
5.065314458	4.088274473
5.013766984	4.084003127
4.96221951	4.079731782
4.910672037	4.075460436
4.859124563	4.071189091
4.807577089	4.066917745
4.756029615	4.0626464
4.704482142	4.058375055
4.652934668	4.054103709
4.601387194	4.049832364
4.54983972	4.045561018
5.921703919	4.320675667
5.870685231	4.312162154
5.819666542	4.303648641
5.768647854	4.295135127
5.717629166	4.286621614
5.666610478	4.278108101
5.61559179	4.269594588
5.564573102	4.261081074
5.513554414	4.252567561
5.462535726	4.244054048
5.411517038	4.235540534
5.36049835	4.227027021
5.309479661	4.218513508
5.258460973	4.209999994
5.207442285	4.201486481
5.156423597	4.192972968
5.105404909	4.184459455
5.054386221	4.175945941
5.003367533	4.167432428
4.952348845	4.158918915
4.901330157	4.150405401
4.850311468	4.141891888
4.79929278	4.133378375
4.748274092	4.124864862
4.697255404	4.116351348
4.646236716	4.107837835
4.595218028	4.099324322
4.54419934	4.090810808
5.888659139	4.478273449
5.838517746	4.465575924
5.788376353	4.452878399
5.73823496	4.440180873
5.688093567	4.427483348
5.637952173	4.414785823
5.58781078	4.402088298
5.537669387	4.389390773
5.487527994	4.376693248
5.437386601	4.363995722
5.387245208	4.351298197
5.337103815	4.338600672
5.286962422	4.325903147
5.236821029	4.313205622
5.186679636	4.300508096
5.136538243	4.287810571
5.08639685	4.275113046
5.036255457	4.262415521
4.986114064	4.249717996
4.935972671	4.23702047
4.885831277	4.224322945
4.835689884	4.21162542
4.785548491	4.198927895
4.735407098	4.18623037
4.685265705	4.173532844
4.635124312	4.160835319
4.584982919	4.148137794
4.534841526	4.135440269
5.842712902	4.632604138
5.79379132	4.615809338
5.744869739	4.599014538
5.695948158	4.582219738
5.647026576	4.565424938
5.598104995	4.548630138
5.549183413	4.531835337
5.500261832	4.515040537
5.45134025	4.498245737
5.402418669	4.481450937
5.353497087	4.464656137
5.304575506	4.447861337
5.255653924	4.431066537
5.206732343	4.414271737
5.157810761	4.397476936
5.10888918	4.380682136
5.059967598	4.363887336
5.011046017	4.347092536
4.962124436	4.330297736
4.913202854	4.313502936
4.864281273	4.296708136
4.815359691	4.279913336
4.76643811	4.263118535
4.717516528	4.246323735
4.668594947	4.229528935
4.619673365	4.212734135
4.570751784	4.195939335
4.521830202	4.179144535
5.784179067	4.7826135
5.736811482	4.76183615
5.689443896	4.741058801
5.64207631	4.720281451
5.594708724	4.699504102
5.547341138	4.678726752
5.499973552	4.657949402
5.452605966	4.637172053
5.405238381	4.616394703
5.357870795	4.595617354
5.310503209	4.574840004
5.263135623	4.554062655
5.215768037	4.533285305
5.168400451	4.512507956
5.121032865	4.491730606
5.07366528	4.470953256
5.026297694	4.450175907
4.978930108	4.429398557
4.931562522	4.408621208
4.884194936	4.387843858
4.83682735	4.367066509
4.789459764	4.346289159
4.742092178	4.32551181
4.694724593	4.30473446
4.647357007	4.283957111
4.599989421	4.263179761
4.552621835	4.242402411
4.505254249	4.221625062
5.713457481	4.927276817
5.667967459	4.902658849
5.622477438	4.87804088
5.576987416	4.853422912
5.531497394	4.828804943
5.486007373	4.804186974
5.440517351	4.779569006
5.395027329	4.754951037
5.349537308	4.730333069
5.304047286	4.7057151
5.258557265	4.681097131
5.213067243	4.656479163
5.167577221	4.631861194
5.1220872	4.607243226
5.076597178	4.582625257
5.031107157	4.558007288
4.985617135	4.53338932
4.940127113	4.508771351
4.894637092	4.484153383
4.84914707	4.459535414
4.803657049	4.434917445
4.758167027	4.410299477
4.712677005	4.385681508
4.667186984	4.36106354
4.621696962	4.336445571
4.57620694	4.311827602
4.530716919	4.287209634
4.485226897	4.262591665
5.631031242	5.065605894
5.587729528	5.037315472
5.544427813	5.00902505
5.501126099	4.980734628
5.457824385	4.952444206
5.41452267	4.924153784
5.371220956	4.895863362
5.327919241	4.86757294
5.284617527	4.839282519
5.241315813	4.810992097
5.198014098	4.782701675
5.154712384	4.754411253
5.111410669	4.726120831
5.068108955	4.697830409
5.024807241	4.669539987
4.981505526	4.641249565
4.938203812	4.612959143
4.894902097	4.584668721
4.851600383	4.556378299
4.808298669	4.528087877
4.764996954	4.499797455
4.72169524	4.471507033
4.678393525	4.443216611
4.635091811	4.414926189
4.591790097	4.386635767
4.548488382	4.358345345
4.505186668	4.330054923
4.461884954	4.301764501
5.537463406	5.196655802
5.496645794	5.164886179
5.455828181	5.133116556
5.415010569	5.101346933
5.374192956	5.06957731
5.333375343	5.037807687
5.292557731	5.006038064
5.251740118	4.974268441
5.210922506	4.942498818
5.170104893	4.910729195
5.129287281	4.878959572
5.088469668	4.847189949
5.047652056	4.815420325
5.006834443	4.783650702
4.96601683	4.751881079
4.925199218	4.720111456
4.884381605	4.688341833
4.843563993	4.65657221
4.80274638	4.624802587
4.761928768	4.593032964
4.721111155	4.561263341
4.680293543	4.529493718
4.63947593	4.497724095
4.598658317	4.465954472
4.557840705	4.434184849
4.517023092	4.402415226
4.47620548	4.370645602
4.435387867	4.338875979
5.433393136	5.319531338
5.395338451	5.284499532
5.357283766	5.249467727
5.319229081	5.214435922
5.281174396	5.179404116
5.243119711	5.144372311
5.205065026	5.109340505
5.167010341	5.0743087
5.128955656	5.039276894
5.090900971	5.004245089
5.052846286	4.969213284
5.014791601	4.934181478
4.976736916	4.899149673
4.938682231	4.864117867
4.900627546	4.829086062
4.862572861	4.794054256
4.824518176	4.759022451
4.786463491	4.723990646
4.748408806	4.68895884
4.710354121	4.653927035
4.672299436	4.618895229
4.634244751	4.583863424
4.596190066	4.548831618
4.558135381	4.513799813
4.520080695	4.478768008
4.48202601	4.443736202
4.443971325	4.408704397
4.40591664	4.373672591
5.319531338	5.433393136
5.284499532	5.395338451
5.249467727	5.357283766
5.214435922	5.319229081
5.179404116	5.281174396
5.144372311	5.243119711
5.109340505	5.205065026
5.0743087	5.167010341
5.039276894	5.128955656
5.004245089	5.090900971
4.969213284	5.052846286
4.934181478	5.014791601
4.899149673	4.976736916
4.864117867	4.938682231
4.829086062	4.900627546
4.794054256	4.862572861
4.759022451	4.824518176
4.723990646	4.786463491
4.68895884	4.748408806
4.653927035	4.710354121
4.618895229	4.672299436
4.583863424	4.634244751
4.548831618	4.596190066
4.513799813	4.558135381
4.478768008	4.520080695
4.443736202	4.48202601
4.408704397	4.443971325
4.373672591	4.40591664
5.196655802	5.537463406
5.164886179	5.496645794
5.133116556	5.455828181
5.101346933	5.415010569
5.06957731	5.374192956
5.037807687	5.333375343
5.006038064	5.292557731
4.974268441	5.251740118
4.942498818	5.210922506
4.910729195	5.170104893
4.878959572	5.129287281
4.847189949	5.088469668
4.815420325	5.047652056
4.783650702	5.006834443
4.751881079	4.96601683
4.720111456	4.925199218
4.688341833	4.884381605
4.65657221	4.843563993
4.624802587	4.80274638
4.593032964	4.761928768
4.561263341	4.721111155
4.529493718	4.680293543
4.497724095	4.63947593
4.465954472	4.598658317
4.434184849	4.557840705
4.402415226	4.517023092
4.370645602	4.47620548
4.338875979	4.435387867
5.065605894	5.631031242
5.037315472	5.587729528
5.00902505	5.544427813
4.980734628	5.501126099
4.952444206	5.457824385
4.924153784	5.41452267
4.895863362	5.371220956
4.86757294	5.327919241
4.839282518	5.284617527
4.810992097	5.241315813
4.782701675	5.198014098
4.754411253	5.154712384
4.726120831	5.111410669
4.697830409	5.068108955
4.669539987	5.024807241
4.641249565	4.981505526
4.612959143	4.938203812
4.584668721	4.894902097
4.556378299	4.851600383
4.528087877	4.808298669
4.499797455	4.764996954
4.471507033	4.72169524
4.443216611	4.678393525
4.414926189	4.635091811
4.386635767	4.591790097
4.358345345	4.548488382
4.330054923	4.505186668
4.301764501	4.461884954
4.927276817	5.713457481
4.902658849	5.667967459
4.87804088	5.622477438
4.853422912	5.576987416
4.828804943	5.531497394
4.804186974	5.486007373
4.779569006	5.440517351
4.754951037	5.39502733
4.730333069	5.349537308
4.7057151	5.304047286
4.681097131	5.258557265
4.656479163	5.213067243
4.631861194	5.167577221
4.607243226	5.1220872
4.582625257	5.076597178
4.558007288	5.031107157
4.53338932	4.985617135
4.508771351	4.940127113
4.484153383	4.894637092
4.459535414	4.84914707
4.434917445	4.803657049
4.410299477	4.758167027
4.385681508	4.712677005
4.36106354	4.667186984
4.336445571	4.621696962
4.311827602	4.57620694
4.287209634	4.530716919
4.262591665	4.485226897
4.7826135	5.784179067
4.76183615	5.736811482
4.741058801	5.689443896
4.720281451	5.64207631
4.699504102	5.594708724
4.678726752	5.547341138
4.657949402	5.499973552
4.637172053	5.452605966
4.616394703	5.405238381
4.595617354	5.357870795
4.574840004	5.310503209
4.554062655	5.263135623
4.533285305	5.215768037
4.512507956	5.168400451
4.491730606	5.121032865
4.470953256	5.07366528
4.450175907	5.026297694
4.429398557	4.978930108
4.408621208	4.931562522
4.387843858	4.884194936
4.367066509	4.83682735
4.346289159	4.789459764
4.32551181	4.742092179
4.30473446	4.694724593
4.283957111	4.647357007
4.263179761	4.599989421
4.242402411	4.552621835
4.221625062	4.505254249
4.632604138	5.842712902
4.615809338	5.79379132
4.599014538	5.744869739
4.582219738	5.695948158
4.565424938	5.647026576
4.548630138	5.598104995
4.531835337	5.549183413
4.515040537	5.500261832
4.498245737	5.45134025
4.481450937	5.402418669
4.464656137	5.353497087
4.447861337	5.304575506
4.431066537	5.255653924
4.414271737	5.206732343
4.397476936	5.157810761
4.380682136	5.10888918
4.363887336	5.059967598
4.347092536	5.011046017
4.330297736	4.962124436
4.313502936	4.913202854
4.296708136	4.864281273
4.279913336	4.815359691
4.263118535	4.76643811
4.246323735	4.717516528
4.229528935	4.668594947
4.212734135	4.619673365
4.195939335	4.570751784
4.179144535	4.521830202
4.478273449	5.888659139
4.465575924	5.838517746
4.452878399	5.788376353
4.440180873	5.73823496
4.427483348	5.688093567
4.414785823	5.637952173
4.402088298	5.58781078
4.389390773	5.537669387
4.376693248	5.487527994
4.363995722	5.437386601
4.351298197	5.387245208
4.338600672	5.337103815
4.325903147	5.286962422
4.313205622	5.236821029
4.300508096	5.186679636
4.287810571	5.136538243
4.275113046	5.08639685
4.262415521	5.036255457
4.249717996	4.986114064
4.23702047	4.935972671
4.224322945	4.885831278
4.21162542	4.835689884
4.198927895	4.785548491
4.18623037	4.735407098
4.173532844	4.685265705
4.160835319	4.635124312
4.148137794	4.584982919
4.135440269	4.534841526
4.320675667	5.921703919
4.312162154	5.870685231
4.303648641	5.819666542
4.295135127	5.768647854
4.286621614	5.717629166
4.278108101	5.666610478
4.269594588	5.61559179
4.261081074	5.564573102
4.252567561	5.513554414
4.244054048	5.462535726
4.235540534	5.411517038
4.227027021	5.36049835
4.218513508	5.309479661
4.209999994	5.258460973
4.201486481	5.207442285
4.192972968	5.156423597
4.184459455	5.105404909
4.175945941	5.054386221
4.167432428	5.003367533
4.158918915	4.952348845
4.150405401	4.901330157
4.141891888	4.850311468
4.133378375	4.79929278
4.124864862	4.748274092
4.116351348	4.697255404
4.107837835	4.646236716
4.099324322	4.595218028
4.090810808	4.54419934
4.160887345	5.941621512
4.156616	5.890074038
4.152344655	5.838526565
4.148073309	5.786979091
4.143801964	5.735431617
4.139530618	5.683884143
4.135259273	5.63233667
4.130987927	5.580789196
4.126716582	5.529241722
4.122445236	5.477694248
4.118173891	5.426146774
4.113902545	5.374599301
4.1096312	5.323051827
4.105359855	5.271504353
4.101088509	5.219956879
4.096817164	5.168409406
4.092545818	5.116861932
4.088274473	5.065314458
4.084003127	5.013766984
4.079731782	4.962219511
4.075460436	4.910672037
4.071189091	4.859124563
4.066917745	4.807577089
4.0626464	4.756029615
4.058375055	4.704482142
4.054103709	4.652934668
4.049832364	4.601387194
4.045561018	4.54983972
5.970722424	4.082579345
5.967395249	4.163023018
5.944948687	4.080443673
5.919086618	4.080443673
5.915847775	4.158751673
5.893312881	4.078308
5.867450812	4.078308
5.864300302	4.154480327
5.841677075	4.076172327
5.815815006	4.076172327
5.812752828	4.150208982
5.79004127	4.074036655
5.764179201	4.074036655
5.761205354	4.145937636
5.738405464	4.071900982
5.712543395	4.071900982
5.70965788	4.141666291
5.686769658	4.069765309
5.660907589	4.069765309
5.658110406	4.137394945
5.635133852	4.067629636
5.609271783	4.067629636
5.606562933	4.1331236
5.583498046	4.065493964
5.557635977	4.065493964
5.555015459	4.128852255
5.53186224	4.063358291
5.506000171	4.063358291
5.503467985	4.124580909
5.480226434	4.061222618
5.454364365	4.061222618
5.451920511	4.120309564
5.428590629	4.059086945
5.40272856	4.059086945
5.400373038	4.116038218
5.376954823	4.056951273
5.351092754	4.056951273
5.348825564	4.111766873
5.325319017	4.0548156
5.299456948	4.0548156
5.29727809	4.107495527
5.273683211	4.052679927
5.247821142	4.052679927
5.245730616	4.103224182
5.222047405	4.050544255
5.196185336	4.050544255
5.194183142	4.098952836
5.170411599	4.048408582
5.14454953	4.048408582
5.142635669	4.094681491
5.118775793	4.046272909
5.092913725	4.046272909
5.091088195	4.090410145
5.067139988	4.044137236
5.041277919	4.044137236
5.039540721	4.0861388
5.015504182	4.042001564
4.989642113	4.042001564
4.987993247	4.081867455
4.963868376	4.039865891
4.938006307	4.039865891
4.936445774	4.077596109
4.91223257	4.037730218
4.886370501	4.037730218
4.8848983	4.073324764
4.860596764	4.035594545
4.834734695	4.035594545
4.833350826	4.069053418
4.808960958	4.033458873
4.783098889	4.033458873
4.781803352	4.064782073
4.757325153	4.0313232
4.731463084	4.0313232
4.730255878	4.060510727
4.705689347	4.029187527
4.679827278	4.029187527
4.678708405	4.056239382
4.654053541	4.027051855
4.628191472	4.027051855
4.627160931	4.051968036
4.602417735	4.024916182
4.576555666	4.024916182
4.575613457	4.047696691
4.550781929	4.022780509
4.52491986	4.022780509
4.524065983	4.043425345
5.95717206	4.245038263
5.947213263	4.324932424
5.931662715	4.240781506
5.905888979	4.238645834
5.896194575	4.316418911
5.880379635	4.234389077
5.854605898	4.232253404
5.845175887	4.307905397
5.829096554	4.227996648
5.803322817	4.225860975
5.794157198	4.299391884
5.777813473	4.221604218
5.752039736	4.219468546
5.74313851	4.290878371
5.726530392	4.215211789
5.700756655	4.213076116
5.692119822	4.282364857
5.675247311	4.20881936
5.649473574	4.206683687
5.641101134	4.273851344
5.62396423	4.20242693
5.598190493	4.200291257
5.590082446	4.265337831
5.572681149	4.196034501
5.546907412	4.193898828
5.539063758	4.256824318
5.521398068	4.189642071
5.495624331	4.187506399
5.48804507	4.248310804
5.470114987	4.183249642
5.44434125	4.181113969
5.437026382	4.239797291
5.418831906	4.176857213
5.393058169	4.17472154
5.386007694	4.231283778
5.367548825	4.170464783
5.341775088	4.168329111
5.334989005	4.222770264
5.316265744	4.164072354
5.290492007	4.161936681
5.283970317	4.214256751
5.264982663	4.157679925
5.239208926	4.155544252
5.232951629	4.205743238
5.213699582	4.151287495
5.187925845	4.149151822
5.181932941	4.197229725
5.162416501	4.144895066
5.136642764	4.142759393
5.130914253	4.188716211
5.11113342	4.138502636
5.085359683	4.136366964
5.079895565	4.180202698
5.059850339	4.132110207
5.034076603	4.129974534
5.028876877	4.171689185
5.008567259	4.125717778
4.982793522	4.123582105
4.977858189	4.163175671
4.957284178	4.119325348
4.931510441	4.117189676
4.926839501	4.154662158
4.906001097	4.112932919
4.88022736	4.110797246
4.875820812	4.146148645
4.854718016	4.10654049
4.828944279	4.104404817
4.824802124	4.137635132
4.803434935	4.10014806
4.777661198	4.098012387
4.773783436	4.129121618
4.752151854	4.093755631
4.726378117	4.091619958
4.722764748	4.120608105
4.700868773	4.087363201
4.675095036	4.085227529
4.67174606	4.112094592
4.649585692	4.080970772
4.623811955	4.078835099
4.620727372	4.103581078
4.598302611	4.074578343
4.572528874	4.07244267
4.569708684	4.095067565
4.54701953	4.068185913
4.521245793	4.066050241
4.518689996	4.086554052
5.930252225	4.405823321
5.913729835	4.484622212
5.905181529	4.399474558
5.879672185	4.395217802
5.863588442	4.471924686
5.854601488	4.388869039
5.829092144	4.384612282
5.813447049	4.459227161
5.804021448	4.37826352
5.778512104	4.374006763
5.763305656	4.446529636
5.753441407	4.367658
5.727932063	4.363401244
5.713164263	4.433832111
5.702861366	4.357052481
5.677352022	4.352795725
5.66302287	4.421134586
5.652281326	4.346446962
5.626771982	4.342190205
5.612881477	4.408437061
5.601701285	4.335841443
5.576191941	4.331584686
5.562740084	4.395739535
5.551121245	4.325235923
5.525611901	4.320979167
5.512598691	4.38304201
5.500541204	4.314630404
5.47503186	4.310373648
5.462457298	4.370344485
5.449961163	4.304024885
5.424451819	4.299768128
5.412315905	4.35764696
5.399381123	4.293419366
5.373871779	4.289162609
5.362174512	4.344949435
5.348801082	4.282813847
5.323291738	4.27855709
5.312033119	4.332251909
5.298221042	4.272208327
5.272711698	4.267951571
5.261891725	4.319554384
5.247641001	4.261602808
5.222131657	4.257346051
5.211750332	4.306856859
5.197060961	4.250997289
5.171551616	4.246740532
5.161608939	4.294159334
5.14648092	4.24039177
5.120971576	4.236135013
5.111467546	4.281461809
5.095900879	4.22978625
5.070391535	4.225529494
5.061326153	4.268764283
5.045320839	4.219180731
5.019811495	4.214923974
5.01118476	4.256066758
4.994740798	4.208575212
4.969231454	4.204318455
4.961043367	4.243369233
4.944160758	4.197969693
4.918651414	4.193712936
4.910901974	4.230671708
4.893580717	4.187364173
4.868071373	4.183107417
4.860760581	4.217974183
4.843000676	4.176758654
4.817491332	4.172501897
4.810619188	4.205276657
4.792420636	4.166153135
4.766911292	4.161896378
4.760477795	4.192579132
4.741840595	4.155547616
4.716331251	4.151290859
4.710336402	4.179881607
4.691260555	4.144942096
4.665751211	4.14068534
4.660195009	4.167184082
4.640680514	4.134336577
4.61517117	4.13007982
4.610053616	4.154486557
4.590100474	4.123731058
4.564591129	4.119474301
4.559912223	4.141789031
4.539520433	4.113125539
4.514011089	4.108868782
4.50977083	4.129091506
5.890146811	4.563836194
5.867173693	4.641001538
5.86568602	4.555438794
5.840615324	4.549090031
5.818252111	4.624206738
5.816154533	4.540692631
5.791083837	4.534343868
5.76933053	4.607411938
5.766623046	4.525946468
5.741552349	4.519597706
5.720408948	4.590617138
5.717091559	4.511200306
5.692020862	4.504851543
5.671487367	4.573822338
5.667560071	4.496454143
5.642489375	4.49010538
5.622565785	4.557027538
5.618028584	4.48170798
5.592957888	4.475359218
5.573644204	4.540232738
5.568497097	4.466961818
5.5434264	4.460613055
5.524722622	4.523437937
5.518965609	4.452215655
5.493894913	4.445866892
5.475801041	4.506643137
5.469434122	4.437469492
5.444363426	4.43112073
5.426879459	4.489848337
5.419902635	4.42272333
5.394831938	4.416374567
5.377957878	4.473053537
5.370371148	4.407977167
5.345300451	4.401628404
5.329036297	4.456258737
5.32083966	4.393231004
5.295768964	4.386882242
5.280114715	4.439463937
5.271308173	4.378484842
5.246237477	4.372136079
5.231193134	4.422669137
5.221776686	4.363738679
5.196705989	4.357389916
5.182271552	4.405874337
5.172245199	4.348992516
5.147174502	4.342643754
5.133349971	4.389079536
5.122713711	4.334246354
5.097643015	4.327897591
5.084428389	4.372284736
5.073182224	4.319500191
5.048111528	4.313151428
5.035506808	4.355489936
5.023650737	4.304754028
4.99858004	4.298405266
4.986585226	4.338695136
4.97411925	4.290007866
4.949048553	4.283659103
4.937663645	4.321900336
4.924587762	4.275261703
4.899517066	4.26891294
4.888742063	4.305105536
4.875056275	4.26051554
4.849985579	4.254166778
4.839820482	4.288310736
4.825524788	4.245769378
4.800454091	4.239420615
4.7908989	4.271515935
4.775993301	4.231023215
4.750922604	4.224674452
4.741977319	4.254721135
4.726461813	4.216277052
4.701391117	4.20992829
4.693055737	4.237926335
4.676930326	4.20153089
4.651859629	4.195182127
4.644134156	4.221131535
4.627398839	4.186784727
4.602328142	4.180435964
4.595212575	4.204336735
4.577867351	4.172038564
4.552796655	4.165689802
4.546290993	4.187541935
4.528335864	4.157292402
4.503265168	4.150943639
4.497369412	4.170747135
5.837129778	4.717997494
5.80786286	4.793002175
5.813445985	4.707608819
5.788985194	4.699211419
5.760495275	4.772224825
5.765301401	4.688822744
5.74084061	4.680425344
5.713127689	4.751447475
5.717156817	4.670036669
5.692696027	4.661639269
5.665760103	4.730670126
5.669012234	4.651250594
5.644551443	4.642853194
5.618392517	4.709892776
5.62086765	4.63246452
5.596406859	4.62406712
5.571024931	4.689115427
5.572723066	4.613678445
5.548262276	4.605281045
5.523657345	4.668338077
5.524578483	4.59489237
5.500117692	4.58649497
5.476289759	4.647560728
5.476433899	4.576106295
5.451973108	4.567708895
5.428922173	4.626783378
5.428289315	4.55732022
5.403828525	4.54892282
5.381554588	4.606006029
5.380144732	4.538534145
5.355683941	4.530136745
5.334187002	4.585228679
5.332000148	4.519748071
5.307539357	4.511350671
5.286819416	4.564451329
5.283855564	4.500961996
5.259394774	4.492564596
5.23945183	4.54367398
5.235710981	4.482175921
5.21125019	4.473778521
5.192084244	4.52289663
5.187566397	4.463389846
5.163105606	4.454992446
5.144716658	4.502119281
5.139421813	4.444603771
5.114961023	4.436206371
5.097349072	4.481341931
5.09127723	4.425817696
5.066816439	4.417420296
5.049981487	4.460564582
5.043132646	4.407031622
5.018671855	4.398634221
5.002613901	4.439787232
4.994988062	4.388245547
4.970527272	4.379848147
4.955246315	4.419009883
4.946843479	4.369459472
4.922382688	4.361062072
4.907878729	4.398232533
4.898698895	4.350673397
4.874238104	4.342275997
4.860511143	4.377455184
4.850554311	4.331887322
4.826093521	4.323489922
4.813143557	4.356677834
4.802409728	4.313101247
4.777948937	4.304703847
4.765775971	4.335900484
4.754265144	4.294315173
4.729804353	4.285917772
4.718408386	4.315123135
4.70612056	4.275529098
4.68165977	4.267131698
4.6710408	4.294345785
4.657975977	4.256743023
4.633515186	4.248345623
4.623673214	4.273568436
4.609831393	4.237956948
4.585370602	4.229559548
4.576305628	4.252791086
4.561686809	4.219170873
4.537226019	4.210773473
4.528938042	4.232013737
4.513542226	4.200384798
4.489081435	4.191987398
4.481570456	4.211236387
5.771563285	4.867254143
5.736202492	4.939585802
5.748818274	4.854945159
5.725134481	4.844556484
5.69071247	4.914967833
5.70238947	4.8322475
5.678705677	4.821858825
5.645222448	4.890349865
5.655960667	4.80954984
5.632276874	4.799161166
5.599732427	4.865731896
5.609531863	4.786852181
5.58584807	4.776463507
5.554242405	4.841113927
5.563103059	4.764154522
5.539419266	4.753765848
5.508752384	4.816495959
5.516674255	4.741456863
5.492990462	4.731068188
5.463262362	4.79187799
5.470245452	4.718759204
5.446561659	4.708370529
5.41777234	4.767260022
5.423816648	4.696061545
5.400132855	4.68567287
5.372282319	4.742642053
5.377387844	4.673363886
5.353704051	4.662975211
5.326792297	4.718024084
5.33095904	4.650666227
5.307275248	4.640277552
5.281302275	4.693406116
5.284530237	4.627968568
5.260846444	4.617579893
5.235812254	4.668788147
5.238101433	4.605270909
5.21441764	4.594882234
5.190322232	4.644170179
5.191672629	4.58257325
5.167988836	4.572184575
5.144832211	4.61955221
5.145243826	4.559875591
5.121560033	4.549486916
5.099342189	4.594934241
5.098815022	4.537177932
5.075131229	4.526789257
5.053852167	4.570316273
5.052386218	4.514480272
5.028702425	4.504091598
5.008362146	4.545698304
5.005957414	4.491782613
4.982273621	4.481393939
4.962872124	4.521080335
4.959528611	4.469084954
4.935844818	4.45869628
4.917382103	4.496462367
4.913099807	4.446387295
4.889416014	4.43599862
4.871892081	4.471844398
4.866671003	4.423689636
4.84298721	4.413300961
4.826402059	4.44722643
4.820242199	4.400991977
4.796558406	4.390603302
4.780912038	4.422608461
4.773813396	4.378294318
4.750129603	4.367905643
4.735422016	4.397990492
4.727384592	4.355596659
4.703700799	4.345207984
4.689931994	4.373372524
4.680955788	4.332899
4.657271995	4.322510325
4.644441973	4.348754555
4.634526984	4.310201341
4.610843191	4.299812666
4.598951951	4.324136587
4.588098181	4.287503682
4.564414388	4.277115007
4.55346193	4.299518618
4.541669377	4.264806023
4.517985584	4.254417348
4.507971908	4.274900649
4.495240573	4.242108364
4.47155678	4.231719689
4.462481886	4.250282681
5.693895219	5.010586567
5.652682099	5.079751105
5.672244361	4.996441356
5.649499351	4.984132372
5.609380385	5.051460683
5.627848493	4.969987161
5.605103483	4.957678176
5.566078671	5.023170261
5.583452625	4.943532965
5.560707615	4.931223981
5.522776956	4.994879839
5.539056757	4.91707877
5.516311747	4.904769786
5.479475242	4.966589417
5.494660889	4.890624575
5.471915879	4.87831559
5.436173527	4.938298995
5.450265021	4.864170379
5.427520011	4.851861395
5.392871813	4.910008573
5.405869153	4.837716184
5.383124143	4.8254072
5.349570099	4.881718151
5.361473285	4.811261989
5.338728275	4.798953005
5.306268384	4.853427729
5.317077417	4.784807794
5.294332407	4.772498809
5.26296667	4.825137308
5.272681549	4.758353598
5.249936539	4.746044614
5.219664955	4.796846886
5.228285681	4.731899403
5.205540671	4.719590419
5.176363241	4.768556464
5.183889813	4.705445208
5.161144803	4.693136223
5.133061527	4.740266042
5.139493945	4.678991012
5.116748935	4.666682028
5.089759812	4.71197562
5.095098077	4.652536817
5.072353067	4.640227833
5.046458098	4.683685198
5.050702209	4.626082622
5.027957199	4.613773638
5.003156383	4.655394776
5.006306341	4.599628427
4.983561331	4.587319442
4.959854669	4.627104354
4.961910473	4.573174231
4.939165463	4.560865247
4.916552955	4.598813932
4.917514605	4.546720036
4.894769595	4.534411052
4.87325124	4.57052351
4.873118737	4.520265841
4.850373727	4.507956856
4.829949526	4.542233088
4.828722869	4.493811645
4.805977859	4.481502661
4.786647811	4.513942666
4.784327001	4.46735745
4.761581991	4.455048466
4.743346097	4.485652244
4.739931133	4.440903255
4.717186123	4.428594271
4.700044383	4.457361822
4.695535265	4.41444906
4.672790255	4.402140075
4.656742668	4.4290714
4.651139397	4.387994864
4.628394387	4.37568588
4.613440954	4.400780978
4.606743529	4.361540669
4.583998519	4.349231685
4.57013924	4.372490556
4.562347661	4.335086474
4.539602651	4.322777489
4.526837525	4.344200134
4.517951793	4.308632278
4.495206783	4.296323294
4.483535811	4.315909712
4.473555925	4.282178083
4.450810915	4.269869099
4.440234096	4.28761929
5.60465613	5.14701566
5.557872213	5.212540614
5.584247324	5.131130848
5.562596467	5.116985637
5.5170546	5.180770991
5.542187661	5.101100826
5.520536804	5.086955615
5.476236987	5.149001368
5.500127997	5.071070803
5.47847714	5.056925592
5.435419375	5.117231745
5.458068334	5.041040781
5.436417477	5.02689557
5.394601762	5.085462122
5.41600867	5.011010758
5.394357813	4.996865547
5.35378415	5.053692498
5.373949007	4.980980736
5.35229815	4.966835525
5.312966537	5.021922875
5.331889343	4.950950713
5.310238486	4.936805502
5.272148925	4.990153252
5.28982968	4.920920691
5.268178823	4.90677548
5.231331312	4.958383629
5.247770016	4.890890668
5.226119159	4.876745457
5.1905137	4.926614006
5.205710353	4.860860646
5.184059496	4.846715435
5.149696087	4.894844383
5.163650689	4.830830623
5.141999832	4.816685412
5.108878474	4.86307476
5.121591026	4.800800601
5.099940169	4.78665539
5.068060862	4.831305137
5.079531362	4.770770578
5.057880505	4.756625367
5.027243249	4.799535514
5.037471699	4.740740556
5.015820842	4.726595345
4.986425637	4.767765891
4.995412036	4.710710533
4.973761178	4.696565322
4.945608024	4.735996268
4.953352372	4.68068051
4.931701515	4.666535299
4.904790412	4.704226645
4.911292709	4.650650488
4.889641851	4.636505277
4.863972799	4.672457022
4.869233045	4.620620465
4.847582188	4.606475254
4.823155187	4.640687399
4.827173382	4.590590443
4.805522524	4.576445232
4.782337574	4.608917776
4.785113718	4.56056042
4.763462861	4.546415209
4.741519961	4.577148152
4.743054055	4.530530398
4.721403198	4.516385187
4.700702349	4.545378529
4.700994391	4.500500375
4.679343534	4.486355164
4.659884736	4.513608906
4.658934728	4.470470353
4.637283871	4.456325142
4.619067124	4.481839283
4.616875064	4.44044033
4.595224207	4.426295119
4.578249511	4.45006966
4.574815401	4.410410308
4.553164544	4.396265097
4.537431899	4.418300037
4.532755737	4.380380285
4.51110488	4.366235074
4.496614286	4.386530414
4.490696074	4.350350263
4.469045217	4.336205052
4.455796674	4.354760791
4.44863641	4.32032024
4.426985553	4.306175029
4.414979061	4.322991168
5.504455614	5.275609473
5.452420479	5.337047241
5.485428271	5.25809357
5.465019465	5.242208759
5.414365794	5.302015435
5.445992122	5.224692856
5.425583316	5.208808044
5.376311109	5.26698363
5.406555974	5.191292142
5.386147167	5.17540733
5.338256424	5.231951824
5.367119825	5.157891427
5.346711019	5.142006616
5.300201739	5.196920019
5.327683676	5.124490713
5.30727487	5.108605902
5.262147054	5.161888213
5.288247527	5.091089999
5.267838721	5.075205187
5.224092369	5.126856408
5.248811379	5.057689285
5.228402572	5.041804473
5.186037684	5.091824603
5.20937523	5.02428857
5.188966423	5.008403759
5.147982999	5.056792797
5.169939081	4.990887856
5.149530275	4.975003045
5.109928314	5.021760992
5.130502932	4.957487142
5.110094126	4.94160233
5.071873628	4.986729186
5.091066783	4.924086428
5.070657977	4.908201616
5.033818943	4.951697381
5.051630635	4.890685713
5.031221828	4.874800902
4.995764258	4.916665575
5.012194486	4.857284999
4.991785679	4.841400188
4.957709573	4.88163377
4.972758337	4.823884285
4.952349531	4.807999473
4.919654888	4.846601965
4.933322188	4.790483571
4.912913382	4.774598759
4.881600203	4.811570159
4.893886039	4.757082856
4.873477233	4.741198045
4.843545518	4.776538354
4.854449891	4.723682142
4.834041084	4.707797331
4.805490833	4.741506548
4.815013742	4.690281428
4.794604935	4.674396616
4.767436148	4.706474743
4.775577593	4.656880714
4.755168787	4.640995902
4.729381463	4.671442937
4.736141444	4.623479999
4.715732638	4.607595188
4.691326778	4.636411132
4.696705295	4.590079285
4.676296489	4.574194474
4.653272093	4.601379327
4.657269147	4.556678571
4.63686034	4.540793759
4.615217408	4.566347521
4.617832998	4.523277857
4.597424192	4.507393045
4.577162723	4.531315716
4.578396849	4.489877142
4.557988043	4.473992331
4.539108038	4.49628391
4.5389607	4.456476428
4.518551894	4.440591617
4.501053353	4.461252105
4.499524551	4.423075714
4.479115745	4.407190902
4.462998668	4.426220299
4.460088403	4.389675
4.439679596	4.373790188
4.424943983	4.391188494
4.420652254	4.356274285
4.400243448	4.340389474
4.386889298	4.356156689
5.39397814	5.39548958
5.337047241	5.452420479
5.376462237	5.376462237
5.357434895	5.358946334
5.302015435	5.414365794
5.339918992	5.339918992
5.320891649	5.322403089
5.26698363	5.376311109
5.303375747	5.303375747
5.284348404	5.285859844
5.231951824	5.338256424
5.266832501	5.266832501
5.247805159	5.249316599
5.196920019	5.300201739
5.230289256	5.230289256
5.211261914	5.212773353
5.161888213	5.262147054
5.193746011	5.193746011
5.174718668	5.176230108
5.126856408	5.224092369
5.157202766	5.157202766
5.138175423	5.139686863
5.091824603	5.186037684
5.12065952	5.12065952
5.101632178	5.103143618
5.056792797	5.147982999
5.084116275	5.084116275
5.065088933	5.066600373
5.021760992	5.109928314
5.04757303	5.04757303
5.028545687	5.030057127
4.986729186	5.071873628
5.011029785	5.011029785
4.992002442	4.993513882
4.951697381	5.033818943
4.97448654	4.97448654
4.955459197	4.956970637
4.916665575	4.995764258
4.937943294	4.937943294
4.918915952	4.920427392
4.88163377	4.957709573
4.901400049	4.901400049
4.882372707	4.883884146
4.846601965	4.919654888
4.864856804	4.864856804
4.845829461	4.847340901
4.811570159	4.881600203
4.828313559	4.828313559
4.809286216	4.810797656
4.776538354	4.843545518
4.791770313	4.791770313
4.772742971	4.774254411
4.741506548	4.805490833
4.755227068	4.755227068
4.736199726	4.737711165
4.706474743	4.767436148
4.718683823	4.718683823
4.69965648	4.70116792
4.671442937	4.729381463
4.682140578	4.682140578
4.663113235	4.664624675
4.636411132	4.691326778
4.645597332	4.645597332
4.62656999	4.62808143
4.601379327	4.653272093
4.609054087	4.609054087
4.590026745	4.591538184
4.566347521	4.615217408
4.572510842	4.572510842
4.553483499	4.554994939
4.531315716	4.577162723
4.535967597	4.535967597
4.516940254	4.518451694
4.49628391	4.539108038
4.499424352	4.499424352
4.480397009	4.481908449
4.461252105	4.501053353
4.462881106	4.462881106
4.443853764	4.445365204
4.426220299	4.462998668
4.426337861	4.426337861
4.407310519	4.408821958
4.391188494	4.424943983
4.389794616	4.389794616
4.370767273	4.372278713
4.356156689	4.386889298
5.273978382	5.505837078
5.212540614	5.557872213
5.25809357	5.485428271
5.240577667	5.466400929
5.180770991	5.5170546
5.224692856	5.445992122
5.207176953	5.42696478
5.149001368	5.476236987
5.191292142	5.406555974
5.173776239	5.387528631
5.117231745	5.435419375
5.157891427	5.367119825
5.140375525	5.348092482
5.085462122	5.394601762
5.124490713	5.327683676
5.10697481	5.308656334
5.053692498	5.35378415
5.091089999	5.288247527
5.073574096	5.269220185
5.021922875	5.312966537
5.057689285	5.248811379
5.040173382	5.229784036
4.990153252	5.272148925
5.02428857	5.20937523
5.006772668	5.190347887
4.958383629	5.231331312
4.990887856	5.169939081
4.973371953	5.150911738
4.926614006	5.1905137
4.957487142	5.130502932
4.939971239	5.11147559
4.894844383	5.149696087
4.924086428	5.091066783
4.906570525	5.072039441
4.86307476	5.108878474
4.890685713	5.051630635
4.873169811	5.032603292
4.831305137	5.068060862
4.857284999	5.012194486
4.839769096	4.993167143
4.799535514	5.027243249
4.823884285	4.972758337
4.806368382	4.953730994
4.767765891	4.986425637
4.790483571	4.933322188
4.772967668	4.914294846
4.735996268	4.945608024
4.757082856	4.893886039
4.739566954	4.874858697
4.704226645	4.904790412
4.723682142	4.854449891
4.706166239	4.835422548
4.672457022	4.863972799
4.690281428	4.815013742
4.672765525	4.795986399
4.640687399	4.823155187
4.656880714	4.775577593
4.639364811	4.75655025
4.608917776	4.782337574
4.623479999	4.736141444
4.605964097	4.717114102
4.577148152	4.741519961
4.590079285	4.696705295
4.572563382	4.677677953
4.545378529	4.700702349
4.556678571	4.657269147
4.539162668	4.638241804
4.513608906	4.659884736
4.523277857	4.617832998
4.505761954	4.598805655
4.481839283	4.619067124
4.489877142	4.578396849
4.47236124	4.559369506
4.45006966	4.578249511
4.456476428	4.5389607
4.438960525	4.519933358
4.418300037	4.537431899
4.423075714	4.499524551
4.405559811	4.480497209
4.386530414	4.496614286
4.389675	4.460088403
4.372159097	4.44106106
4.354760791	4.455796674
4.356274285	4.420652254
4.338758383	4.401624911
4.322991168	4.414979061
5.145276059	5.605898181
5.079751105	5.652682099
5.131130848	5.584247324
5.115246037	5.563838518
5.051460683	5.609380385
5.101100826	5.542187661
5.085216014	5.521778854
5.023170261	5.566078671
5.071070803	5.500127997
5.055185992	5.479719191
4.994879839	5.522776956
5.041040781	5.458068334
5.025155969	5.437659527
4.966589417	5.479475242
5.011010758	5.41600867
4.995125947	5.395599864
4.938298995	5.436173527
4.980980736	5.373949007
4.965095924	5.353540201
4.910008573	5.392871813
4.950950713	5.331889343
4.935065902	5.311480537
4.881718151	5.349570099
4.920920691	5.28982968
4.905035879	5.269420874
4.853427729	5.306268384
4.890890668	5.247770016
4.875005857	5.22736121
4.825137308	5.26296667
4.860860646	5.205710353
4.844975834	5.185301547
4.796846886	5.219664955
4.830830623	5.163650689
4.814945812	5.143241883
4.768556464	5.176363241
4.800800601	5.121591026
4.784915789	5.10118222
4.740266042	5.133061527
4.770770578	5.079531363
4.754885767	5.059122556
4.71197562	5.089759812
4.740740556	5.037471699
4.724855744	5.017062893
4.683685198	5.046458098
4.710710533	4.995412036
4.694825721	4.975003229
4.655394776	5.003156383
4.68068051	4.953352372
4.664795699	4.932943566
4.627104354	4.959854669
4.650650488	4.911292709
4.634765676	4.890883902
4.598813932	4.916552955
4.620620465	4.869233045
4.604735654	4.848824239
4.57052351	4.87325124
4.590590443	4.827173382
4.574705631	4.806764575
4.542233088	4.829949526
4.56056042	4.785113718
4.544675609	4.764704912
4.513942666	4.786647811
4.530530398	4.743054055
4.514645586	4.722645248
4.485652244	4.743346097
4.500500375	4.700994391
4.484615564	4.680585585
4.457361822	4.700044383
4.470470353	4.658934728
4.454585541	4.638525921
4.4290714	4.656742668
4.44044033	4.616875064
4.424555519	4.596466258
4.400780978	4.613440954
4.410410308	4.574815401
4.394525496	4.554406595
4.372490556	4.57013924
4.380380285	4.532755737
4.364495474	4.512346931
4.344200134	4.526837525
4.350350263	4.490696074
4.334465451	4.470287268
4.315909712	4.483535811
4.32032024	4.44863641
4.304435429	4.428227604
4.28761929	4.440234096
5.00875034	5.694989372
4.939585802	5.736202492
4.996441356	5.672244361
4.982296145	5.650593504
4.914967833	5.69071247
4.969987161	5.627848493
4.95584195	5.606197636
4.890349865	5.645222448
4.943532965	5.583452625
4.929387754	5.561801768
4.865731896	5.599732427
4.91707877	5.539056757
4.902933559	5.5174059
4.841113927	5.554242405
4.890624575	5.494660889
4.876479364	5.473010032
4.816495959	5.508752384
4.864170379	5.450265021
4.850025168	5.428614164
4.79187799	5.463262362
4.837716184	5.405869153
4.823570973	5.384218296
4.767260022	5.41777234
4.811261989	5.361473285
4.797116778	5.339822428
4.742642053	5.372282319
4.784807794	5.317077417
4.770662583	5.29542656
4.718024084	5.326792297
4.758353598	5.272681549
4.744208387	5.251030692
4.693406116	5.281302275
4.731899403	5.228285681
4.717754192	5.206634824
4.668788147	5.235812254
4.705445208	5.183889813
4.691299997	5.162238956
4.644170179	5.190322232
4.678991012	5.139493945
4.664845801	5.117843088
4.61955221	5.144832211
4.652536817	5.095098077
4.638391606	5.07344722
4.594934241	5.099342189
4.626082622	5.050702209
4.611937411	5.029051352
4.570316273	5.053852167
4.599628427	5.006306341
4.585483216	4.984655484
4.545698304	5.008362146
4.573174231	4.961910473
4.55902902	4.940259616
4.521080335	4.962872124
4.546720036	4.917514605
4.532574825	4.895863748
4.496462367	4.917382103
4.520265841	4.873118737
4.50612063	4.85146788
4.471844398	4.871892081
4.493811645	4.828722869
4.479666434	4.807072012
4.44722643	4.826402059
4.46735745	4.784327001
4.453212239	4.762676144
4.422608461	4.780912038
4.440903255	4.739931133
4.426758044	4.718280276
4.397990492	4.735422016
4.41444906	4.695535265
4.400303849	4.673884408
4.373372524	4.689931994
4.387994864	4.651139397
4.373849653	4.62948854
4.348754555	4.644441973
4.361540669	4.606743529
4.347395458	4.585092672
4.324136587	4.598951951
4.335086474	4.562347661
4.320941263	4.540696804
4.299518618	4.55346193
4.308632278	4.517951793
4.294487067	4.496300936
4.274900649	4.507971908
4.282178083	4.473555925
4.268032872	4.451905068
4.250282681	4.462481886
4.865333833	5.772502067
4.793002175	5.80786286
4.854945159	5.748818274
4.842636174	5.726073263
4.772224825	5.760495275
4.8322475	5.70238947
4.819938515	5.67964446
4.751447475	5.713127689
4.80954984	5.655960667
4.797240856	5.633215656
4.730670126	5.665760103
4.786852181	5.609531863
4.774543197	5.586786852
4.709892776	5.618392517
4.764154522	5.563103059
4.751845538	5.540358048
4.689115427	5.571024931
4.741456863	5.516674255
4.729147879	5.493929245
4.668338077	5.523657345
4.718759204	5.470245452
4.70645022	5.447500441
4.647560728	5.476289759
4.696061545	5.423816648
4.683752561	5.401071637
4.626783378	5.428922173
4.673363886	5.377387844
4.661054902	5.354642833
4.606006029	5.381554588
4.650666227	5.33095904
4.638357243	5.30821403
4.585228679	5.334187002
4.627968568	5.284530237
4.615659584	5.261785226
4.564451329	5.286819416
4.605270909	5.238101433
4.592961924	5.215356422
4.54367398	5.23945183
4.58257325	5.191672629
4.570264265	5.168927618
4.52289663	5.192084244
4.559875591	5.145243826
4.547566606	5.122498815
4.502119281	5.144716658
4.537177932	5.098815022
4.524868947	5.076070011
4.481341931	5.097349072
4.514480272	5.052386218
4.502171288	5.029641207
4.460564582	5.049981487
4.491782613	5.005957414
4.479473629	4.983212404
4.439787232	5.002613901
4.469084954	4.959528611
4.45677597	4.9367836
4.419009883	4.955246315
4.446387295	4.913099807
4.434078311	4.890354796
4.398232533	4.907878729
4.423689636	4.866671003
4.411380652	4.843925992
4.377455184	4.860511143
4.400991977	4.820242199
4.388682993	4.797497189
4.356677834	4.813143557
4.378294318	4.773813396
4.365985334	4.751068385
4.335900484	4.765775971
4.355596659	4.727384592
4.343287675	4.704639581
4.315123135	4.718408386
4.332899	4.680955788
4.320590016	4.658210777
4.294345785	4.6710408
4.310201341	4.634526984
4.297892356	4.611781974
4.273568436	4.623673214
4.287503682	4.588098181
4.275194697	4.56535317
4.252791086	4.576305628
4.264806023	4.541669377
4.252497038	4.518924366
4.232013737	4.528938042
4.242108364	4.495240573
4.229799379	4.472495562
4.211236387	4.481570456
4.716006219	5.837906775
4.641001538	5.867173693
4.707608819	5.813445985
4.697220144	5.789762192
4.624206738	5.818252111
4.688822744	5.765301401
4.678434069	5.741617608
4.607411938	5.76933053
4.670036669	5.717156817
4.659647995	5.693473024
4.590617138	5.720408948
4.651250594	5.669012234
4.64086192	5.645328441
4.573822338	5.671487367
4.63246452	5.62086765
4.622075845	5.597183857
4.557027538	5.622565785
4.613678445	5.572723066
4.60328977	5.549039273
4.540232738	5.573644204
4.59489237	5.524578483
4.584503695	5.50089469
4.523437937	5.524722622
4.576106295	5.476433899
4.56571762	5.452750106
4.506643137	5.475801041
4.55732022	5.428289315
4.546931546	5.404605522
4.489848337	5.426879459
4.538534145	5.380144732
4.528145471	5.356460939
4.473053537	5.377957878
4.519748071	5.332000148
4.509359396	5.308316355
4.456258737	5.329036297
4.500961996	5.283855564
4.490573321	5.260171771
4.439463937	5.280114715
4.482175921	5.235710981
4.471787246	5.212027188
4.422669137	5.231193134
4.463389846	5.187566397
4.453001171	5.163882604
4.405874337	5.182271552
4.444603771	5.139421813
4.434215096	5.11573802
4.389079536	5.133349971
4.425817696	5.09127723
4.415429022	5.067593437
4.372284736	5.084428389
4.407031622	5.043132646
4.396642947	5.019448853
4.355489936	5.035506808
4.388245547	4.994988062
4.377856872	4.971304269
4.338695136	4.986585226
4.369459472	4.946843479
4.359070797	4.923159686
4.321900336	4.937663645
4.350673397	4.898698895
4.340284722	4.875015102
4.305105536	4.888742063
4.331887322	4.850554311
4.321498647	4.826870518
4.288310736	4.839820482
4.313101247	4.802409728
4.302712573	4.778725935
4.271515935	4.7908989
4.294315173	4.754265144
4.283926498	4.730581351
4.254721135	4.741977319
4.275529098	4.70612056
4.265140423	4.682436767
4.237926335	4.693055737
4.256743023	4.657975977
4.246354348	4.634292184
4.221131535	4.644134156
4.237956948	4.609831393
4.227568273	4.5861476
4.204336735	4.595212575
4.219170873	4.561686809
4.208782198	4.538003016
4.187541935	4.546290993
4.200384798	4.513542226
4.189996124	4.489858433
4.170747135	4.497369412
4.561787556	5.890756717
4.484622212	5.913729835
4.555438794	5.86568602
4.547041394	5.84122523
4.471924686	5.863588442
4.540692631	5.816154533
4.532295231	5.791693742
4.459227161	5.813447049
4.525946468	5.766623046
4.517549068	5.742162255
4.446529636	5.763305656
4.511200306	5.717091559
4.502802906	5.692630768
4.433832111	5.713164263
4.496454143	5.667560071
4.488056743	5.643099281
4.421134586	5.66302287
4.48170798	5.618028584
4.47331058	5.593567793
4.408437061	5.612881477
4.466961818	5.568497097
4.458564418	5.544036306
4.395739535	5.562740084
4.452215655	5.51896561
4.443818255	5.494504819
4.38304201	5.512598691
4.437469492	5.469434122
4.429072092	5.444973332
4.370344485	5.462457298
4.42272333	5.419902635
4.41432593	5.395441844
4.35764696	5.412315905
4.407977167	5.370371148
4.399579767	5.345910357
4.344949435	5.362174512
4.393231004	5.32083966
4.384833604	5.29637887
4.332251909	5.312033119
4.378484842	5.271308173
4.370087442	5.246847382
4.319554384	5.261891726
4.363738679	5.221776686
4.355341279	5.197315895
4.306856859	5.211750332
4.348992516	5.172245199
4.340595116	5.147784408
4.294159334	5.161608939
4.334246354	5.122713711
4.325848954	5.098252921
4.281461809	5.111467546
4.319500191	5.073182224
4.311102791	5.048721433
4.268764283	5.061326153
4.304754028	5.023650737
4.296356628	4.999189946
4.256066758	5.01118476
4.290007866	4.97411925
4.281610466	4.949658459
4.243369233	4.961043367
4.275261703	4.924587762
4.266864303	4.900126972
4.230671708	4.910901974
4.26051554	4.875056275
4.25211814	4.850595484
4.217974183	4.860760581
4.245769378	4.825524788
4.237371978	4.801063997
4.205276657	4.810619188
4.231023215	4.775993301
4.222625815	4.75153251
4.192579132	4.760477795
4.216277052	4.726461813
4.207879652	4.702001023
4.179881607	4.710336402
4.20153089	4.676930326
4.19313349	4.652469535
4.167184082	4.660195009
4.186784727	4.627398839
4.178387327	4.602938048
4.154486557	4.610053616
4.172038564	4.577867351
4.163641164	4.553406561
4.141789031	4.559912223
4.157292402	4.528335864
4.148895002	4.503875073
4.129091506	4.50977083
4.403731315	5.930690873
4.324932424	5.947213263
4.399474558	5.905181529
4.393125796	5.880110832
4.316418911	5.896194575
4.388869039	5.854601488
4.382520276	5.829530792
4.307905397	5.845175887
4.37826352	5.804021448
4.371914757	5.778950751
4.299391884	5.794157198
4.367658	5.753441407
4.361309238	5.72837071
4.290878371	5.74313851
4.357052481	5.702861366
4.350703719	5.67779067
4.282364857	5.692119822
4.346446962	5.652281326
4.340098199	5.627210629
4.273851344	5.641101134
4.335841443	5.601701285
4.32949268	5.576630589
4.265337831	5.590082446
4.325235923	5.551121245
4.318887161	5.526050548
4.256824318	5.539063758
4.314630404	5.500541204
4.308281642	5.475470508
4.248310804	5.48804507
4.304024885	5.449961163
4.297676122	5.424890467
4.239797291	5.437026382
4.293419366	5.399381123
4.287070603	5.374310426
4.231283778	5.386007694
4.282813846	5.348801082
4.276465084	5.323730386
4.222770264	5.334989005
4.272208327	5.298221042
4.265859565	5.273150345
4.214256751	5.283970317
4.261602808	5.247641001
4.255254045	5.222570305
4.205743238	5.232951629
4.250997289	5.197060961
4.244648526	5.171990264
4.197229725	5.181932941
4.24039177	5.14648092
4.234043007	5.121410223
4.188716211	5.130914253
4.22978625	5.095900879
4.223437488	5.070830183
4.180202698	5.079895565
4.219180731	5.045320839
4.212831968	5.020250142
4.171689185	5.028876877
4.208575212	4.994740798
4.202226449	4.969670102
4.163175671	4.977858189
4.197969693	4.944160758
4.19162093	4.919090061
4.154662158	4.926839501
4.187364173	4.893580717
4.181015411	4.868510021
4.146148645	4.875820813
4.176758654	4.843000676
4.170409891	4.81792998
4.137635132	4.824802124
4.166153135	4.792420636
4.159804372	4.767349939
4.129121618	4.773783436
4.155547616	4.741840595
4.149198853	4.716769899
4.120608105	4.722764748
4.144942096	4.691260555
4.138593334	4.666189858
4.112094592	4.67174606
4.134336577	4.640680514
4.127987814	4.615609818
4.103581078	4.620727372
4.123731058	4.590100474
4.117382295	4.565029777
4.095067565	4.569708684
4.113125539	4.539520433
4.106776776	4.514449736
4.086554052	4.518689996
4.242917179	5.957436452
4.163023018	5.967395249
4.240781506	5.931662715
4.23652475	5.906153371
4.158751673	5.915847775
4.234389077	5.880379635
4.23013232	5.85487029
4.154480327	5.864300302
4.227996648	5.829096554
4.223739891	5.80358721
4.150208982	5.812752828
4.221604218	5.777813473
4.217347462	5.752304129
4.145937636	5.761205354
4.215211789	5.726530392
4.210955032	5.701021048
4.141666291	5.70965788
4.20881936	5.675247311
4.204562603	5.649737967
4.137394945	5.658110406
4.20242693	5.62396423
4.198170173	5.598454886
4.1331236	5.606562933
4.196034501	5.572681149
4.191777744	5.547171805
4.128852255	5.555015459
4.189642071	5.521398068
4.185385315	5.495888724
4.124580909	5.503467985
4.183249642	5.470114987
4.178992885	5.444605643
4.120309564	5.451920511
4.176857213	5.418831906
4.172600456	5.393322562
4.116038218	5.400373038
4.170464783	5.367548825
4.166208027	5.342039481
4.111766873	5.348825564
4.164072354	5.316265744
4.159815597	5.2907564
4.107495527	5.29727809
4.157679925	5.264982663
4.153423168	5.239473319
4.103224182	5.245730616
4.151287495	5.213699582
4.147030739	5.188190238
4.098952836	5.194183143
4.144895066	5.162416501
4.140638309	5.136907157
4.094681491	5.142635669
4.138502636	5.11113342
4.13424588	5.085624076
4.090410145	5.091088195
4.132110207	5.059850339
4.12785345	5.034340995
4.0861388	5.039540721
4.125717778	5.008567259
4.121461021	4.983057914
4.081867455	4.987993247
4.119325348	4.957284178
4.115068592	4.931774834
4.077596109	4.936445774
4.112932919	4.906001097
4.108676162	4.880491753
4.073324764	4.8848983
4.10654049	4.854718016
4.102283733	4.829208672
4.069053418	4.833350826
4.10014806	4.803434935
4.095891304	4.777925591
4.064782073	4.781803352
4.093755631	4.752151854
4.089498874	4.72664251
4.060510727	4.730255879
4.087363201	4.700868773
4.083106445	4.675359429
4.056239382	4.678708405
4.080970772	4.649585692
4.076714015	4.624076348
4.051968036	4.627160931
4.074578343	4.598302611
4.070321586	4.572793267
4.047696691	4.575613457
4.068185913	4.54701953
4.063929157	4.521510186
4.043425345	4.524065983
4.080443673	5.970810756
4.080443673	5.944948687
4.078308	5.91917495
4.078308	5.893312881
4.076172327	5.867539144
4.076172327	5.841677075
4.074036655	5.815903339
4.074036655	5.79004127
4.071900982	5.764267533
4.071900982	5.738405464
4.069765309	5.712631727
4.069765309	5.686769658
4.067629636	5.660995921
4.067629636	5.635133852
4.065493964	5.609360115
4.065493964	5.583498046
4.063358291	5.557724309
4.063358291	5.53186224
4.061222618	5.506088503
4.061222618	5.480226434
4.059086945	5.454452698
4.059086945	5.428590629
4.056951273	5.402816892
4.056951273	5.376954823
4.0548156	5.351181086
4.0548156	5.325319017
4.052679927	5.29954528
4.052679927	5.273683211
4.050544255	5.247909474
4.050544255	5.222047405
4.048408582	5.196273668
4.048408582	5.170411599
4.046272909	5.144637862
4.046272909	5.118775794
4.044137236	5.093002057
4.044137236	5.067139988
4.042001564	5.041366251
4.042001564	5.015504182
4.039865891	4.989730445
4.039865891	4.963868376
4.037730218	4.938094639
4.037730218	4.91223257
4.035594545	4.886458833
4.035594545	4.860596764
4.033458873	4.834823027
4.033458873	4.808960958
4.0313232	4.783187221
4.0313232	4.757325153
4.029187527	4.731551416
4.029187527	4.705689347
4.027051855	4.67991561
4.027051855	4.654053541
4.024916182	4.628279804
4.024916182	4.602417735
4.022780509	4.576643998
4.022780509	4.550781929
4.020644836	4.525008192

--------------------------------------------------------------------------------
ELEMENT CONNECTIVITY
--------------------------------------------------------------------------------
8	157	305	175	1037	333
305	157	533	1037	1038	1039
305	533	306	1039	1040	334
306	533	534	1040	1041	1042
306	534	307	1042	1043	335
307	534	535	1043	1044	1045
307	535	308	1045	1046	336
308	535	536	1046	1047	1048
308	536	309	1048	1049	337
309	536	537	1049	1050	1051
309	537	310	1051	1052	338
310	537	538	1052	1053	1054
310	538	311	1054	1055	339
311	538	539	1055	1056	1057
311	539	312	1057	1058	340
312	539	540	1058	1059	1060
312	540	313	1060	1061	341
313	540	541	1061	1062	1063
313	541	314	1063	1064	342
314	541	542	1064	1065	1066
314	542	315	1066	1067	343
315	542	543	1067	1068	1069
315	543	316	1069	1070	344
316	543	544	1070	1071	1072
316	544	317	1072	1073	345
317	544	545	1073	1074	1075
317	545	318	1075	1076	346
318	545	546	1076	1077	1078
318	546	319	1078	1079	347
319	546	547	1079	1080	1081
319	547	320	1081	1082	348
320	547	548	1082	1083	1084
320	548	321	1084	1085	349
321	548	549	1085	1086	1087
321	549	322	1087	1088	350
322	549	550	1088	1089	1090
322	550	323	1090	1091	351
323	550	551	1091	1092	1093
323	551	324	1093	1094	352
324	551	552	1094	1095	1096
324	552	325	1096	1097	353
325	552	553	1097	1098	1099
325	553	326	1099	1100	354
326	553	554	1100	1101	1102
326	554	327	1102	1103	355
327	554	555	1103	1104	1105
327	555	328	1105	1106	356
328	555	556	1106	1107	1108
328	556	329	1108	1109	357
329	556	557	1109	1110	1111
329	557	330	1111	1112	358
330	557	558	1112	1113	1114
330	558	331	1114	1115	359
331	558	559	1115	1116	1117
331	559	332	1117	1118	360
332	559	560	1118	1119	1120
332	560	1	1120	1121	361
1	560	46	1121	1122	64
157	158	533	176	1123	1038
533	158	561	1123	1124	1125
533	561	534	1125	1126	1041
534	561	562	1126	1127	1128
534	562	535	1128	1129	1044
535	562	563	1129	1130	1131
535	563	536	1131	1132	1047
536	563	564	1132	1133	1134
536	564	537	1134	1135	1050
537	564	565	1135	1136	1137
537	565	538	1137	1138	1053
538	565	566	1138	1139	1140
538	566	539	1140	1141	1056
539	566	567	1141	1142	1143
539	567	540	1143	1144	1059
540	567	568	1144	1145	1146
540	568	541	1146	1147	1062
541	568	569	1147	1148	1149
541	569	542	1149	1150	1065
542	569	570	1150	1151	1152
542	570	543	1152	1153	1068
543	570	571	1153	1154	1155
543	571	544	1155	1156	1071
544	571	572	1156	1157	1158
544	572	545	1158	1159	1074
545	572	573	1159	1160	1161
545	573	546	1161	1162	1077
546	573	574	1162	1163	1164
546	574	547	1164	1165	1080
547	574	575	1165	1166	1167
547	575	548	1167	1168	1083
548	575	576	1168	1169	1170
548	576	549	1170	1171	1086
549	576	577	1171	1172	1173
549	577	550	1173	1174	1089
550	577	578	1174	1175	1176
550	578	551	1176	1177	1092
551	578	579	1177	1178	1179
551	579	552	1179	1180	1095
552	579	580	1180	1181	1182
552	580	553	1182	1183	1098
553	580	581	1183	1184	1185
553	581	554	1185	1186	1101
554	581	582	1186	1187	1188
554	582	555	1188	1189	1104
555	582	583	1189	1190	1191
555	583	556	1191	1192	1107
556	583	584	1192	1193	1194
556	584	557	1194	1195	1110
557	584	585	1195	1196	1197
557	585	558	1197	1198	1113
558	585	586	1198	1199	1200
558	586	559	1200	1201	1116
559	586	587	1201	1202	1203
559	587	560	1203	1204	1119
560	587	588	1204	1205	1206
560	588	46	1206	1207	1122
46	588	47	1207	1208	65
158	159	561	177	1209	1124
561	159	589	1209	1210	1211
561	589	562	1211	1212	1127
562	589	590	1212	1213	1214
562	590	563	1214	1215	1130
563	590	591	1215	1216	1217
563	591	564	1217	1218	1133
564	591	592	1218	1219	1220
564	592	565	1220	1221	1136
565	592	593	1221	1222	1223
565	593	566	1223	1224	1139
566	593	594	1224	1225	1226
566	594	567	1226	1227	1142
567	594	595	1227	1228	1229
567	595	568	1229	1230	1145
568	595	596	1230	1231	1232
568	596	569	1232	1233	1148
569	596	597	1233	1234	1235
569	597	570	1235	1236	1151
570	597	598	1236	1237	1238
570	598	571	1238	1239	1154
571	598	599	1239	1240	1241
571	599	572	1241	1242	1157
572	599	600	1242	1243	1244
572	600	573	1244	1245	1160
573	600	601	1245	1246	1247
573	601	574	1247	1248	1163
574	601	602	1248	1249	1250
574	602	575	1250	1251	1166
575	602	603	1251	1252	1253
575	603	576	1253	1254	1169
576	603	604	1254	1255	1256
576	604	577	1256	1257	1172
577	604	605	1257	1258	1259
577	605	578	1259	1260	1175
578	605	606	1260	1261	1262
578	606	579	1262	1263	1178
579	606	607	1263	1264	1265
579	607	580	1265	1266	1181
580	607	608	1266	1267	1268
580	608	581	1268	1269	1184
581	608	609	1269	1270	1271
581	609	582	1271	1272	1187
582	609	610	1272	1273	1274
582	610	583	1274	1275	1190
583	610	611	1275	1276	1277
583	611	584	1277	1278	1193
584	611	612	1278	1279	1280
584	612	585	1280	1281	1196
585	612	613	1281	1282	1283
585	613	586	1283	1284	1199
586	613	614	1284	1285	1286
586	614	587	1286	1287	1202
587	614	615	1287	1288	1289
587	615	588	1289	1290	1205
588	615	616	1290	1291	1292
588	616	47	1292	1293	1208
47	616	48	1293	1294	66
159	160	589	178	1295	1210
589	160	617	1295	1296	1297
589	617	590	1297	1298	1213
590	617	618	1298	1299	1300
590	618	591	1300	1301	1216
591	618	619	1301	1302	1303
591	619	592	1303	1304	1219
592	619	620	1304	1305	1306
592	620	593	1306	1307	1222
593	620	621	1307	1308	1309
593	621	594	1309	1310	1225
594	621	622	1310	1311	1312
594	622	595	1312	1313	1228
595	622	623	1313	1314	1315
595	623	596	1315	1316	1231
596	623	624	1316	1317	1318
596	624	597	1318	1319	1234
597	624	625	1319	1320	1321
597	625	598	1321	1322	1237
598	625	626	1322	1323	1324
598	626	599	1324	1325	1240
599	626	627	1325	1326	1327
599	627	600	1327	1328	1243
600	627	628	1328	1329	1330
600	628	601	1330	1331	1246
601	628	629	1331	1332	1333
601	629	602	1333	1334	1249
602	629	630	1334	1335	1336
602	630	603	1336	1337	1252
603	630	631	1337	1338	1339
603	631	604	1339	1340	1255
604	631	632	1340	1341	1342
604	632	605	1342	1343	1258
605	632	633	1343	1344	1345
605	633	606	1345	1346	1261
606	633	634	1346	1347	1348
606	634	607	1348	1349	1264
607	634	635	1349	1350	1351
607	635	608	1351	1352	1267
608	635	636	1352	1353	1354
608	636	609	1354	1355	1270
609	636	637	1355	1356	1357
609	637	610	1357	1358	1273
610	637	638	1358	1359	1360
610	638	611	1360	1361	1276
611	638	639	1361	1362	1363
611	639	612	1363	1364	1279
612	639	640	1364	1365	1366
612	640	613	1366	1367	1282
613	640	641	1367	1368	1369
613	641	614	1369	1370	1285
614	641	642	1370	1371	1372
614	642	615	1372	1373	1288
615	642	643	1373	1374	1375
615	643	616	1375	1376	1291
616	643	644	1376	1377	1378
616	644	48	1378	1379	1294
48	644	49	1379	1380	67
160	161	617	179	1381	1296
617	161	645	1381	1382	1383
617	645	618	1383	1384	1299
618	645	646	1384	1385	1386
618	646	619	1386	1387	1302
619	646	647	1387	1388	1389
619	647	620	1389	1390	1305
620	647	648	1390	1391	1392
620	648	621	1392	1393	1308
621	648	649	1393	1394	1395
621	649	622	1395	1396	1311
622	649	650	1396	1397	1398
622	650	623	1398	1399	1314
623	650	651	1399	1400	1401
623	651	624	1401	1402	1317
624	651	652	1402	1403	1404
624	652	625	1404	1405	1320
625	652	653	1405	1406	1407
625	653	626	1407	1408	1323
626	653	654	1408	1409	1410
626	654	627	1410	1411	1326
627	654	655	1411	1412	1413
627	655	628	1413	1414	1329
628	655	656	1414	1415	1416
628	656	629	1416	1417	1332
629	656	657	1417	1418	1419
629	657	630	1419	1420	1335
630	657	658	1420	1421	1422
630	658	631	1422	1423	1338
631	658	659	1423	1424	1425
631	659	632	1425	1426	1341
632	659	660	1426	1427	1428
632	660	633	1428	1429	1344
633	660	661	1429	1430	1431
633	661	634	1431	1432	1347
634	661	662	1432	1433	1434
634	662	635	1434	1435	1350
635	662	663	1435	1436	1437
635	663	636	1437	1438	1353
636	663	664	1438	1439	1440
636	664	637	1440	1441	1356
637	664	665	1441	1442	1443
637	665	638	1443	1444	1359
638	665	666	1444	1445	1446
638	666	639	1446	1447	1362
639	666	667	1447	1448	1449
639	667	640	1449	1450	1365
640	667	668	1450	1451	1452
640	668	641	1452	1453	1368
641	668	669	1453	1454	1455
641	669	642	1455	1456	1371
642	669	670	1456	1457	1458
642	670	643	1458	1459	1374
643	670	671	1459	1460	1461
643	671	644	1461	1462	1377
644	671	672	1462	1463	1464
644	672	49	1464	1465	1380
49	672	50	1465	1466	68
161	162	645	180	1467	1382
645	162	673	1467	1468	1469
645	673	646	1469	1470	1385
646	673	674	1470	1471	1472
646	674	647	1472	1473	1388
647	674	675	1473	1474	1475
647	675	648	1475	1476	1391
648	675	676	1476	1477	1478
648	676	649	1478	1479	1394
649	676	677	1479	1480	1481
649	677	650	1481	1482	1397
650	677	678	1482	1483	1484
650	678	651	1484	1485	1400
651	678	679	1485	1486	1487
651	679	652	1487	1488	1403
652	679	680	1488	1489	1490
652	680	653	1490	1491	1406
653	680	681	1491	1492	1493
653	681	654	1493	1494	1409
654	681	682	1494	1495	1496
654	682	655	1496	1497	1412
655	682	683	1497	1498	1499
655	683	656	1499	1500	1415
656	683	684	1500	1501	1502
656	684	657	1502	1503	1418
657	684	685	1503	1504	1505
657	685	658	1505	1506	1421
658	685	686	1506	1507	1508
658	686	659	1508	1509	1424
659	686	687	1509	1510	1511
659	687	660	1511	1512	1427
660	687	688	1512	1513	1514
660	688	661	1514	1515	1430
661	688	689	1515	1516	1517
661	689	662	1517	1518	1433
662	689	690	1518	1519	1520
662	690	663	1520	1521	1436
663	690	691	1521	1522	1523
663	691	664	1523	1524	1439
664	691	692	1524	1525	1526
664	692	665	1526	1527	1442
665	692	693	1527	1528	1529
665	693	666	1529	1530	1445
666	693	694	1530	1531	1532
666	694	667	1532	1533	1448
667	694	695	1533	1534	1535
667	695	668	1535	1536	1451
668	695	696	1536	1537	1538
668	696	669	1538	1539	1454
669	696	697	1539	1540	1541
669	697	670	1541	1542	1457
670	697	698	1542	1543	1544
670	698	671	1544	1545	1460
671	698	699	1545	1546	1547
671	699	672	1547	1548	1463
672	699	700	1548	1549	1550
672	700	50	1550	1551	1466
50	700	51	1551	1552	69
162	163	673	181	1553	1468
673	163	701	1553	1554	1555
673	701	674	1555	1556	1471
674	701	702	1556	1557	1558
674	702	675	1558	1559	1474
675	702	703	1559	1560	1561
675	703	676	1561	1562	1477
676	703	704	1562	1563	1564
676	704	677	1564	1565	1480
677	704	705	1565	1566	1567
677	705	678	1567	1568	1483
678	705	706	1568	1569	1570
678	706	679	1570	1571	1486
679	706	707	1571	1572	1573
679	707	680	1573	1574	1489
680	707	708	1574	1575	1576
680	708	681	1576	1577	1492
681	708	709	1577	1578	1579
681	709	682	1579	1580	1495
682	709	710	1580	1581	1582
682	710	683	1582	1583	1498
683	710	711	1583	1584	1585
683	711	684	1585	1586	1501
684	711	712	1586	1587	1588
684	712	685	1588	1589	1504
685	712	713	1589	1590	1591
685	713	686	1591	1592	1507
686	713	714	1592	1593	1594
686	714	687	1594	1595	1510
687	714	715	1595	1596	1597
687	715	688	1597	1598	1513
688	715	716	1598	1599	1600
688	716	689	1600	1601	1516
689	716	717	1601	1602	1603
689	717	690	1603	1604	1519
690	717	718	1604	1605	1606
690	718	691	1606	1607	1522
691	718	719	1607	1608	1609
691	719	692	1609	1610	1525
692	719	720	1610	1611	1612
692	720	693	1612	1613	1528
693	720	721	1613	1614	1615
693	721	694	1615	1616	1531
694	721	722	1616	1617	1618
694	722	695	1618	1619	1534
695	722	723	1619	1620	1621
695	723	696	1621	1622	1537
696	723	724	1622	1623	1624
696	724	697	1624	1625	1540
697	724	725	1625	1626	1627
697	725	698	1627	1628	1543
698	725	726	1628	1629	1630
698	726	699	1630	1631	1546
699	726	727	1631	1632	1633
699	727	700	1633	1634	1549
700	727	728	1634	1635	1636
700	728	51	1636	1637	1552
51	728	52	1637	1638	70
163	164	701	182	1639	1554
701	164	729	1639	1640	1641
701	729	702	1641	1642	1557
702	729	730	1642	1643	1644
702	730	703	1644	1645	1560
703	730	731	1645	1646	1647
703	731	704	1647	1648	1563
704	731	732	1648	1649	1650
704	732	705	1650	1651	1566
705	732	733	1651	1652	1653
705	733	706	1653	1654	1569
706	733	734	1654	1655	1656
706	734	707	1656	1657	1572
707	734	735	1657	1658	1659
707	735	708	1659	1660	1575
708	735	736	1660	1661	1662
708	736	709	1662	1663	1578
709	736	737	1663	1664	1665
709	737	710	1665	1666	1581
710	737	738	1666	1667	1668
710	738	711	1668	1669	1584
711	738	739	1669	1670	1671
711	739	712	1671	1672	1587
712	739	740	1672	1673	1674
712	740	713	1674	1675	1590
713	740	741	1675	1676	1677
713	741	714	1677	1678	1593
714	741	742	1678	1679	1680
714	742	715	1680	1681	1596
715	742	743	1681	1682	1683
715	743	716	1683	1684	1599
716	743	744	1684	1685	1686
716	744	717	1686	1687	1602
717	744	745	1687	1688	1689
717	745	718	1689	1690	1605
718	745	746	1690	1691	1692
718	746	719	1692	1693	1608
719	746	747	1693	1694	1695
719	747	720	1695	1696	1611
720	747	748	1696	1697	1698
720	748	721	1698	1699	1614
721	748	749	1699	1700	1701
721	749	722	1701	1702	1617
722	749	750	1702	1703	1704
722	750	723	1704	1705	1620
723	750	751	1705	1706	1707
723	751	724	1707	1708	1623
724	751	752	1708	1709	1710
724	752	725	1710	1711	1626
725	752	753	1711	1712	1713
725	753	726	1713	1714	1629
726	753	754	1714	1715	1716
726	754	727	1716	1717	1632
727	754	755	1717	1718	1719
727	755	728	1719	1720	1635
728	755	756	1720	1721	1722
728	756	52	1722	1723	1638
52	756	53	1723	1724	71
164	165	729	183	1725	1640
729	165	757	1725	1726	1727
729	757	730	1727	1728	1643
730	757	758	1728	1729	1730
730	758	731	1730	1731	1646
731	758	759	1731	1732	1733
731	759	732	1733	1734	1649
732	759	760	1734	1735	1736
732	760	733	1736	1737	1652
733	760	761	1737	1738	1739
733	761	734	1739	1740	1655
734	761	762	1740	1741	1742
734	762	735	1742	1743	1658
735	762	763	1743	1744	1745
735	763	736	1745	1746	1661
736	763	764	1746	1747	1748
736	764	737	1748	1749	1664
737	764	765	1749	1750	1751
737	765	738	1751	1752	1667
738	765	766	1752	1753	1754
738	766	739	1754	1755	1670
739	766	767	1755	1756	1757
739	767	740	1757	1758	1673
740	767	768	1758	1759	1760
740	768	741	1760	1761	1676
741	768	769	1761	1762	1763
741	769	742	1763	1764	1679
742	769	770	1764	1765	1766
742	770	743	1766	1767	1682
743	770	771	1767	1768	1769
743	771	744	1769	1770	1685
744	771	772	1770	1771	1772
744	772	745	1772	1773	1688
745	772	773	1773	1774	1775
745	773	746	1775	1776	1691
746	773	774	1776	1777	1778
746	774	747	1778	1779	1694
747	774	775	1779	1780	1781
747	775	748	1781	1782	1697
748	775	776	1782	1783	1784
748	776	749	1784	1785	1700
749	776	777	1785	1786	1787
749	777	750	1787	1788	1703
750	777	778	1788	1789	1790
750	778	751	1790	1791	1706
751	778	779	1791	1792	1793
751	779	752	1793	1794	1709
752	779	780	1794	1795	1796
752	780	753	1796	1797	1712
753	780	781	1797	1798	1799
753	781	754	1799	1800	1715
754	781	782	1800	1801	1802
754	782	755	1802	1803	1718
755	782	783	1803	1804	1805
755	783	756	1805	1806	1721
756	783	784	1806	1807	1808
756	784	53	1808	1809	1724
53	784	54	1809	1810	72
165	166	757	184	1811	1726
757	166	785	1811	1812	1813
757	785	758	1813	1814	1729
758	785	786	1814	1815	1816
758	786	759	1816	1817	1732
759	786	787	1817	1818	1819
759	787	760	1819	1820	1735
760	787	788	1820	1821	1822
760	788	761	1822	1823	1738
761	788	789	1823	1824	1825
761	789	762	1825	1826	1741
762	789	790	1826	1827	1828
762	790	763	1828	1829	1744
763	790	791	1829	1830	1831
763	791	764	1831	1832	1747
764	791	792	1832	1833	1834
764	792	765	1834	1835	1750
765	792	793	1835	1836	1837
765	793	766	1837	1838	1753
766	793	794	1838	1839	1840
766	794	767	1840	1841	1756
767	794	795	1841	1842	1843
767	795	768	1843	1844	1759
768	795	796	1844	1845	1846
768	796	769	1846	1847	1762
769	796	797	1847	1848	1849
769	797	770	1849	1850	1765
770	797	798	1850	1851	1852
770	798	771	1852	1853	1768
771	798	799	1853	1854	1855
771	799	772	1855	1856	1771
772	799	800	1856	1857	1858
772	800	773	1858	1859	1774
773	800	801	1859	1860	1861
773	801	774	1861	1862	1777
774	801	802	1862	1863	1864
774	802	775	1864	1865	1780
775	802	803	1865	1866	1867
775	803	776	1867	1868	1783
776	803	804	1868	1869	1870
776	804	777	1870	1871	1786
777	804	805	1871	1872	1873
777	805	778	1873	1874	1789
778	805	806	1874	1875	1876
778	806	779	1876	1877	1792
779	806	807	1877	1878	1879
779	807	780	1879	1880	1795
780	807	808	1880	1881	1882
780	808	781	1882	1883	1798
781	808	809	1883	1884	1885
781	809	782	1885	1886	1801
782	809	810	1886	1887	1888
782	810	783	1888	1889	1804
783	810	811	1889	1890	1891
783	811	784	1891	1892	1807
784	811	812	1892	1893	1894
784	812	54	1894	1895	1810
54	812	55	1895	1896	73
166	167	785	185	1897	1812
785	167	813	1897	1898	1899
785	813	786	1899	1900	1815
786	813	814	1900	1901	1902
786	814	787	1902	1903	1818
787	814	815	1903	1904	1905
787	815	788	1905	1906	1821
788	815	816	1906	1907	1908
788	816	789	1908	1909	1824
789	816	817	1909	1910	1911
789	817	790	1911	1912	1827
790	817	818	1912	1913	1914
790	818	791	1914	1915	1830
791	818	819	1915	1916	1917
791	819	792	1917	1918	1833
792	819	820	1918	1919	1920
792	820	793	1920	1921	1836
793	820	821	1921	1922	1923
793	821	794	1923	1924	1839
794	821	822	1924	1925	1926
794	822	795	1926	1927	1842
795	822	823	1927	1928	1929
795	823	796	1929	1930	1845
796	823	824	1930	1931	1932
796	824	797	1932	1933	1848
797	824	825	1933	1934	1935
797	825	798	1935	1936	1851
798	825	826	1936	1937	1938
798	826	799	1938	1939	1854
799	826	827	1939	1940	1941
799	827	800	1941	1942	1857
800	827	828	1942	1943	1944
800	828	801	1944	1945	1860
801	828	829	1945	1946	1947
801	829	802	1947	1948	1863
802	829	830	1948	1949	1950
802	830	803	1950	1951	1866
803	830	831	1951	1952	1953
803	831	804	1953	1954	1869
804	831	832	1954	1955	1956
804	832	805	1956	1957	1872
805	832	833	1957	1958	1959
805	833	806	1959	1960	1875
806	833	834	1960	1961	1962
806	834	807	1962	1963	1878
807	834	835	1963	1964	1965
807	835	808	1965	1966	1881
808	835	836	1966	1967	1968
808	836	809	1968	1969	1884
809	836	837	1969	1970	1971
809	837	810	1971	1972	1887
810	837	838	1972	1973	1974
810	838	811	1974	1975	1890
811	838	839	1975	1976	1977
811	839	812	1977	1978	1893
812	839	840	1978	1979	1980
812	840	55	1980	1981	1896
55	840	56	1981	1982	74
167	168	813	186	1983	1898
813	168	841	1983	1984	1985
813	841	814	1985	1986	1901
814	841	842	1986	1987	1988
814	842	815	1988	1989	1904
815	842	843	1989	1990	1991
815	843	816	1991	1992	1907
816	843	844	1992	1993	1994
816	844	817	1994	1995	1910
817	844	845	1995	1996	1997
817	845	818	1997	1998	1913
818	845	846	1998	1999	2000
818	846	819	2000	2001	1916
819	846	847	2001	2002	2003
819	847	820	2003	2004	1919
820	847	848	2004	2005	2006
820	848	821	2006	2007	1922
821	848	849	2007	2008	2009
821	849	822	2009	2010	1925
822	849	850	2010	2011	2012
822	850	823	2012	2013	1928
823	850	851	2013	2014	2015
823	851	824	2015	2016	1931
824	851	852	2016	2017	2018
824	852	825	2018	2019	1934
825	852	853	2019	2020	2021
825	853	826	2021	2022	1937
826	853	854	2022	2023	2024
826	854	827	2024	2025	1940
827	854	855	2025	2026	2027
827	855	828	2027	2028	1943
828	855	856	2028	2029	2030
828	856	829	2030	2031	1946
829	856	857	2031	2032	2033
829	857	830	2033	2034	1949
830	857	858	2034	2035	2036
830	858	831	2036	2037	1952
831	858	859	2037	2038	2039
831	859	832	2039	2040	1955
832	859	860	2040	2041	2042
832	860	833	2042	2043	1958
833	860	861	2043	2044	2045
833	861	834	2045	2046	1961
834	861	862	2046	2047	2048
834	862	835	2048	2049	1964
835	862	863	2049	2050	2051
835	863	836	2051	2052	1967
836	863	864	2052	2053	2054
836	864	837	2054	2055	1970
837	864	865	2055	2056	2057
837	865	838	2057	2058	1973
838	865	866	2058	2059	2060
838	866	839	2060	2061	1976
839	866	867	2061	2062	2063
839	867	840	2063	2064	1979
840	867	868	2064	2065	2066
840	868	56	2066	2067	1982
56	868	57	2067	2068	75
168	169	841	187	2069	1984
841	169	869	2069	2070	2071
841	869	842	2071	2072	1987
842	869	870	2072	2073	2074
842	870	843	2074	2075	1990
843	870	871	2075	2076	2077
843	871	844	2077	2078	1993
844	871	872	2078	2079	2080
844	872	845	2080	2081	1996
845	872	873	2081	2082	2083
845	873	846	2083	2084	1999
846	873	874	2084	2085	2086
846	874	847	2086	2087	2002
847	874	875	2087	2088	2089
847	875	848	2089	2090	2005
848	875	876	2090	2091	2092
848	876	849	2092	2093	2008
849	876	877	2093	2094	2095
849	877	850	2095	2096	2011
850	877	878	2096	2097	2098
850	878	851	2098	2099	2014
851	878	879	2099	2100	2101
851	879	852	2101	2102	2017
852	879	880	2102	2103	2104
852	880	853	2104	2105	2020
853	880	881	2105	2106	2107
853	881	854	2107	2108	2023
854	881	882	2108	2109	2110
854	882	855	2110	2111	2026
855	882	883	2111	2112	2113
855	883	856	2113	2114	2029
856	883	884	2114	2115	2116
856	884	857	2116	2117	2032
857	884	885	2117	2118	2119
857	885	858	2119	2120	2035
858	885	886	2120	2121	2122
858	886	859	2122	2123	2038
859	886	887	2123	2124	2125
859	887	860	2125	2126	2041
860	887	888	2126	2127	2128
860	888	861	2128	2129	2044
861	888	889	2129	2130	2131
861	889	862	2131	2132	2047
862	889	890	2132	2133	2134
862	890	863	2134	2135	2050
863	890	891	2135	2136	2137
863	891	864	2137	2138	2053
864	891	892	2138	2139	2140
864	892	865	2140	2141	2056
865	892	893	2141	2142	2143
865	893	866	2143	2144	2059
866	893	894	2144	2145	2146
866	894	867	2146	2147	2062
867	894	895	2147	2148	2149
867	895	868	2149	2150	2065
868	895	896	2150	2151	2152
868	896	57	2152	2153	2068
57	896	58	2153	2154	76
169	170	869	188	2155	2070
869	170	897	2155	2156	2157
869	897	870	2157	2158	2073
870	897	898	2158	2159	2160
870	898	871	2160	2161	2076
871	898	899	2161	2162	2163
871	899	872	2163	2164	2079
872	899	900	2164	2165	2166
872	900	873	2166	2167	2082
873	900	901	2167	2168	2169
873	901	874	2169	2170	2085
874	901	902	2170	2171	2172
874	902	875	2172	2173	2088
875	902	903	2173	2174	2175
875	903	876	2175	2176	2091
876	903	904	2176	2177	2178
876	904	877	2178	2179	2094
877	904	905	2179	2180	2181
877	905	878	2181	2182	2097
878	905	906	2182	2183	2184
878	906	879	2184	2185	2100
879	906	907	2185	2186	2187
879	907	880	2187	2188	2103
880	907	908	2188	2189	2190
880	908	881	2190	2191	2106
881	908	909	2191	2192	2193
881	909	882	2193	2194	2109
882	909	910	2194	2195	2196
882	910	883	2196	2197	2112
883	910	911	2197	2198	2199
883	911	884	2199	2200	2115
884	911	912	2200	2201	2202
884	912	885	2202	2203	2118
885	912	913	2203	2204	2205
885	913	886	2205	2206	2121
886	913	914	2206	2207	2208
886	914	887	2208	2209	2124
887	914	915	2209	2210	2211
887	915	888	2211	2212	2127
888	915	916	2212	2213	2214
888	916	889	2214	2215	2130
889	916	917	2215	2216	2217
889	917	890	2217	2218	2133
890	917	918	2218	2219	2220
890	918	891	2220	2221	2136
891	918	919	2221	2222	2223
891	919	892	2223	2224	2139
892	919	920	2224	2225	2226
892	920	893	2226	2227	2142
893	920	921	2227	2228	2229
893	921	894	2229	2230	2145
894	921	922	2230	2231	2232
894	922	895	2232	2233	2148
895	922	923	2233	2234	2235
895	923	896	2235	2236	2151
896	923	924	2236	2237	2238
896	924	58	2238	2239	2154
58	924	59	2239	2240	77
170	171	897	189	2241	2156
897	171	925	2241	2242	2243
897	925	898	2243	2244	2159
898	925	926	2244	2245	2246
898	926	899	2246	2247	2162
899	926	927	2247	2248	2249
899	927	900	2249	2250	2165
900	927	928	2250	2251	2252
900	928	901	2252	2253	2168
901	928	929	2253	2254	2255
901	929	902	2255	2256	2171
902	929	930	2256	2257	2258
902	930	903	2258	2259	2174
903	930	931	2259	2260	2261
903	931	904	2261	2262	2177
904	931	932	2262	2263	2264
904	932	905	2264	2265	2180
905	932	933	2265	2266	2267
905	933	906	2267	2268	2183
906	933	934	2268	2269	2270
906	934	907	2270	2271	2186
907	934	935	2271	2272	2273
907	935	908	2273	2274	2189
908	935	936	2274	2275	2276
908	936	909	2276	2277	2192
909	936	937	2277	2278	2279
909	937	910	2279	2280	2195
910	937	938	2280	2281	2282
910	938	911	2282	2283	2198
911	938	939	2283	2284	2285
911	939	912	2285	2286	2201
912	939	940	2286	2287	2288
912	940	913	2288	2289	2204
913	940	941	2289	2290	2291
913	941	914	2291	2292	2207
914	941	942	2292	2293	2294
914	942	915	2294	2295	2210
915	942	943	2295	2296	2297
915	943	916	2297	2298	2213
916	943	944	2298	2299	2300
916	944	917	2300	2301	2216
917	944	945	2301	2302	2303
917	945	918	2303	2304	2219
918	945	946	2304	2305	2306
918	946	919	2306	2307	2222
919	946	947	2307	2308	2309
919	947	920	2309	2310	2225
920	947	948	2310	2311	2312
920	948	921	2312	2313	2228
921	948	949	2313	2314	2315
921	949	922	2315	2316	2231
922	949	950	2316	2317	2318
922	950	923	2318	2319	2234
923	950	951	2319	2320	2321
923	951	924	2321	2322	2237
924	951	952	2322	2323	2324
924	952	59	2324	2325	2240
59	952	60	2325	2326	78
171	172	925	190	2327	2242
925	172	953	2327	2328	2329
925	953	926	2329	2330	2245
926	953	954	2330	2331	2332
926	954	927	2332	2333	2248
927	954	955	2333	2334	2335
927	955	928	2335	2336	2251
928	955	956	2336	2337	2338
928	956	929	2338	2339	2254
929	956	957	2339	2340	2341
929	957	930	2341	2342	2257
930	957	958	2342	2343	2344
930	958	931	2344	2345	2260
931	958	959	2345	2346	2347
931	959	932	2347	2348	2263
932	959	960	2348	2349	2350
932	960	933	2350	2351	2266
933	960	961	2351	2352	2353
933	961	934	2353	2354	2269
934	961	962	2354	2355	2356
934	962	935	2356	2357	2272
935	962	963	2357	2358	2359
935	963	936	2359	2360	2275
936	963	964	2360	2361	2362
936	964	937	2362	2363	2278
937	964	965	2363	2364	2365
937	965	938	2365	2366	2281
938	965	966	2366	2367	2368
938	966	939	2368	2369	2284
939	966	967	2369	2370	2371
939	967	940	2371	2372	2287
940	967	968	2372	2373	2374
940	968	941	2374	2375	2290
941	968	969	2375	2376	2377
941	969	942	2377	2378	2293
942	969	970	2378	2379	2380
942	970	943	2380	2381	2296
943	970	971	2381	2382	2383
943	971	944	2383	2384	2299
944	971	972	2384	2385	2386
944	972	945	2386	2387	2302
945	972	973	2387	2388	2389
945	973	946	2389	2390	2305
946	973	974	2390	2391	2392
946	974	947	2392	2393	2308
947	974	975	2393	2394	2395
947	975	948	2395	2396	2311
948	975	976	2396	2397	2398
948	976	949	2398	2399	2314
949	976	977	2399	2400	2401
949	977	950	2401	2402	2317
950	977	978	2402	2403	2404
950	978	951	2404	2405	2320
951	978	979	2405	2406	2407
951	979	952	2407	2408	2323
952	979	980	2408	2409	2410
952	980	60	2410	2411	2326
60	980	61	2411	2412	79
172	173	953	191	2413	2328
953	173	981	2413	2414	2415
953	981	954	2415	2416	2331
954	981	982	2416	2417	2418
954	982	955	2418	2419	2334
955	982	983	2419	2420	2421
955	983	956	2421	2422	2337
956	983	984	2422	2423	2424
956	984	957	2424	2425	2340
957	984	985	2425	2426	2427
957	985	958	2427	2428	2343
958	985	986	2428	2429	2430
958	986	959	2430	2431	2346
959	986	987	2431	2432	2433
959	987	960	2433	2434	2349
960	987	988	2434	2435	2436
960	988	961	2436	2437	2352
961	988	989	2437	2438	2439
961	989	962	2439	2440	2355
962	989	990	2440	2441	2442
962	990	963	2442	2443	2358
963	990	991	2443	2444	2445
963	991	964	2445	2446	2361
964	991	992	2446	2447	2448
964	992	965	2448	2449	2364
965	992	993	2449	2450	2451
965	993	966	2451	2452	2367
966	993	994	2452	2453	2454
966	994	967	2454	2455	2370
967	994	995	2455	2456	2457
967	995	968	2457	2458	2373
968	995	996	2458	2459	2460
968	996	969	2460	2461	2376
969	996	997	2461	2462	2463
969	997	970	2463	2464	2379
970	997	998	2464	2465	2466
970	998	971	2466	2467	2382
971	998	999	2467	2468	2469
971	999	972	2469	2470	2385
972	999	1000	2470	2471	2472
972	1000	973	2472	2473	2388
973	1000	1001	2473	2474	2475
973	1001	974	2475	2476	2391
974	1001	1002	2476	2477	2478
974	1002	975	2478	2479	2394
975	1002	1003	2479	2480	2481
975	1003	976	2481	2482	2397
976	1003	1004	2482	2483	2484
976	1004	977	2484	2485	2400
977	1004	1005	2485	2486	2487
977	1005	978	2487	2488	2403
978	1005	1006	2488	2489	2490
978	1006	979	2490	2491	2406
979	1006	1007	2491	2492	2493
979	1007	980	2493	2494	2409
980	1007	1008	2494	2495	2496
980	1008	61	2496	2497	2412
61	1008	62	2497	2498	80
173	174	981	192	2499	2414
981	174	1009	2499	2500	2501
981	1009	982	2501	2502	2417
982	1009	1010	2502	2503	2504
982	1010	983	2504	2505	2420
983	1010	1011	2505	2506	2507
983	1011	984	2507	2508	2423
984	1011	1012	2508	2509	2510
984	1012	985	2510	2511	2426
985	1012	1013	2511	2512	2513
985	1013	986	2513	2514	2429
986	1013	1014	2514	2515	2516
986	1014	987	2516	2517	2432
987	1014	1015	2517	2518	2519
987	1015	988	2519	2520	2435
988	1015	1016	2520	2521	2522
988	1016	989	2522	2523	2438
989	1016	1017	2523	2524	2525
989	1017	990	2525	2526	2441
990	1017	1018	2526	2527	2528
990	1018	991	2528	2529	2444
991	1018	1019	2529	2530	2531
991	1019	992	2531	2532	2447
992	1019	1020	2532	2533	2534
992	1020	993	2534	2535	2450
993	1020	1021	2535	2536	2537
993	1021	994	2537	2538	2453
994	1021	1022	2538	2539	2540
994	1022	995	2540	2541	2456
995	1022	1023	2541	2542	2543
995	1023	996	2543	2544	2459
996	1023	1024	2544	2545	2546
996	1024	997	2546	2547	2462
997	1024	1025	2547	2548	2549
997	1025	998	2549	2550	2465
998	1025	1026	2550	2551	2552
998	1026	999	2552	2553	2468
999	1026	1027	2553	2554	2555
999	1027	1000	2555	2556	2471
1000	1027	1028	2556	2557	2558
1000	1028	1001	2558	2559	2474
1001	1028	1029	2559	2560	2561
1001	1029	1002	2561	2562	2477
1002	1029	1030	2562	2563	2564
1002	1030	1003	2564	2565	2480
1003	1030	1031	2565	2566	2567
1003	1031	1004	2567	2568	2483
1004	1031	1032	2568	2569	2570
1004	1032	1005	2570	2571	2486
1005	1032	1033	2571	2572	2573
1005	1033	1006	2573	2574	2489
1006	1033	1034	2574	2575	2576
1006	1034	1007	2576	2577	2492
1007	1034	1035	2577	2578	2579
1007	1035	1008	2579	2580	2495
1008	1035	1036	2580	2581	2582
1008	1036	62	2582	2583	2498
62	1036	63	2583	2584	81
174	5	1009	193	2585	2500
1009	5	389	2585	418	2586
1009	389	1010	2586	2587	2503
1010	389	388	2587	417	2588
1010	388	1011	2588	2589	2506
1011	388	387	2589	416	2590
1011	387	1012	2590	2591	2509
1012	387	386	2591	415	2592
1012	386	1013	2592	2593	2512
1013	386	385	2593	414	2594
1013	385	1014	2594	2595	2515
1014	385	384	2595	413	2596
1014	384	1015	2596	2597	2518
1015	384	383	2597	412	2598
1015	383	1016	2598	2599	2521
1016	383	382	2599	411	2600
1016	382	1017	2600	2601	2524
1017	382	381	2601	410	2602
1017	381	1018	2602	2603	2527
1018	381	380	2603	409	2604
1018	380	1019	2604	2605	2530
1019	380	379	2605	408	2606
1019	379	1020	2606	2607	2533
1020	379	378	2607	407	2608
1020	378	1021	2608	2609	2536
1021	378	377	2609	406	2610
1021	377	1022	2610	2611	2539
1022	377	376	2611	405	2612
1022	376	1023	2612	2613	2542
1023	376	375	2613	404	2614
1023	375	1024	2614	2615	2545
1024	375	374	2615	403	2616
1024	374	1025	2616	2617	2548
1025	374	373	2617	402	2618
1025	373	1026	2618	2619	2551
1026	373	372	2619	401	2620
1026	372	1027	2620	2621	2554
1027	372	371	2621	400	2622
1027	371	1028	2622	2623	2557
1028	371	370	2623	399	2624
1028	370	1029	2624	2625	2560
1029	370	369	2625	398	2626
1029	369	1030	2626	2627	2563
1030	369	368	2627	397	2628
1030	368	1031	2628	2629	2566
1031	368	367	2629	396	2630
1031	367	1032	2630	2631	2569
1032	367	366	2631	395	2632
1032	366	1033	2632	2633	2572
1033	366	365	2633	394	2634
1033	365	1034	2634	2635	2575
1034	365	364	2635	393	2636
1034	364	1035	2636	2637	2578
1035	364	363	2637	392	2638
1035	363	1036	2638	2639	2581
1036	363	362	2639	391	2640
1036	362	63	2640	2641	2584
63	362	4	2641	390	82
5	194	389	212	3146	418
389	194	2642	3146	3147	3148
389	2642	388	3148	3149	417
388	2642	2643	3149	3150	3151
388	2643	387	3151	3152	416
387	2643	2644	3152	3153	3154
387	2644	386	3154	3155	415
386	2644	2645	3155	3156	3157
386	2645	385	3157	3158	414
385	2645	2646	3158	3159	3160
385	2646	384	3160	3161	413
384	2646	2647	3161	3162	3163
384	2647	383	3163	3164	412
383	2647	2648	3164	3165	3166
383	2648	382	3166	3167	411
382	2648	2649	3167	3168	3169
382	2649	381	3169	3170	410
381	2649	2650	3170	3171	3172
381	2650	380	3172	3173	409
380	2650	2651	3173	3174	3175
380	2651	379	3175	3176	408
379	2651	2652	3176	3177	3178
379	2652	378	3178	3179	407
378	2652	2653	3179	3180	3181
378	2653	377	3181	3182	406
377	2653	2654	3182	3183	3184
377	2654	376	3184	3185	405
376	2654	2655	3185	3186	3187
376	2655	375	3187	3188	404
375	2655	2656	3188	3189	3190
375	2656	374	3190	3191	403
374	2656	2657	3191	3192	3193
374	2657	373	3193	3194	402
373	2657	2658	3194	3195	3196
373	2658	372	3196	3197	401
372	2658	2659	3197	3198	3199
372	2659	371	3199	3200	400
371	2659	2660	3200	3201	3202
371	2660	370	3202	3203	399
370	2660	2661	3203	3204	3205
370	2661	369	3205	3206	398
369	2661	2662	3206	3207	3208
369	2662	368	3208	3209	397
368	2662	2663	3209	3210	3211
368	2663	367	3211	3212	396
367	2663	2664	3212	3213	3214
367	2664	366	3214	3215	395
366	2664	2665	3215	3216	3217
366	2665	365	3217	3218	394
365	2665	2666	3218	3219	3220
365	2666	364	3220	3221	393
364	2666	2667	3221	3222	3223
364	2667	363	3223	3224	392
363	2667	2668	3224	3225	3226
363	2668	362	3226	3227	391
362	2668	2669	3227	3228	3229
362	2669	4	3229	3230	390
4	2669	83	3230	3231	101
194	195	2642	213	3232	3147
2642	195	2670	3232	3233	3234
2642	2670	2643	3234	3235	3150
2643	2670	2671	3235	3236	3237
2643	2671	2644	3237	3238	3153
2644	2671	2672	3238	3239	3240
2644	2672	2645	3240	3241	3156
2645	2672	2673	3241	3242	3243
2645	2673	2646	3243	3244	3159
2646	2673	2674	3244	3245	3246
2646	2674	2647	3246	3247	3162
2647	2674	2675	3247	3248	3249
2647	2675	2648	3249	3250	3165
2648	2675	2676	3250	3251	3252
2648	2676	2649	3252	3253	3168
2649	2676	2677	3253	3254	3255
2649	2677	2650	3255	3256	3171
2650	2677	2678	3256	3257	3258
2650	2678	2651	3258	3259	3174
2651	2678	2679	3259	3260	3261
2651	2679	2652	3261	3262	3177
2652	2679	2680	3262	3263	3264
2652	2680	2653	3264	3265	3180
2653	2680	2681	3265	3266	3267
2653	2681	2654	3267	3268	3183
2654	2681	2682	3268	3269	3270
2654	2682	2655	3270	3271	3186
2655	2682	2683	3271	3272	3273
2655	2683	2656	3273	3274	3189
2656	2683	2684	3274	3275	3276
2656	2684	2657	3276	3277	3192
2657	2684	2685	3277	3278	3279
2657	2685	2658	3279	3280	3195
2658	2685	2686	3280	3281	3282
2658	2686	2659	3282	3283	3198
2659	2686	2687	3283	3284	3285
2659	2687	2660	3285	3286	3201
2660	2687	2688	3286	3287	3288
2660	2688	2661	3288	3289	3204
2661	2688	2689	3289	3290	3291
2661	2689	2662	3291	3292	3207
2662	2689	2690	3292	3293	3294
2662	2690	2663	3294	3295	3210
2663	2690	2691	3295	3296	3297
2663	2691	2664	3297	3298	3213
2664	2691	2692	3298	3299	3300
2664	2692	2665	3300	3301	3216
2665	2692	2693	3301	3302	3303
2665	2693	2666	3303	3304	3219
2666	2693	2694	3304	3305	3306
2666	2694	2667	3306	3307	3222
2667	2694	2695	3307	3308	3309
2667	2695	2668	3309	3310	3225
2668	2695	2696	3310	3311	3312
2668	2696	2669	3312	3313	3228
2669	2696	2697	3313	3314	3315
2669	2697	83	3315	3316	3231
83	2697	84	3316	3317	102
195	196	2670	214	3318	3233
2670	196	2698	3318	3319	3320
2670	2698	2671	3320	3321	3236
2671	2698	2699	3321	3322	3323
2671	2699	2672	3323	3324	3239
2672	2699	2700	3324	3325	3326
2672	2700	2673	3326	3327	3242
2673	2700	2701	3327	3328	3329
2673	2701	2674	3329	3330	3245
2674	2701	2702	3330	3331	3332
2674	2702	2675	3332	3333	3248
2675	2702	2703	3333	3334	3335
2675	2703	2676	3335	3336	3251
2676	2703	2704	3336	3337	3338
2676	2704	2677	3338	3339	3254
2677	2704	2705	3339	3340	3341
2677	2705	2678	3341	3342	3257
2678	2705	2706	3342	3343	3344
2678	2706	2679	3344	3345	3260
2679	2706	2707	3345	3346	3347
2679	2707	2680	3347	3348	3263
2680	2707	2708	3348	3349	3350
2680	2708	2681	3350	3351	3266
2681	2708	2709	3351	3352	3353
2681	2709	2682	3353	3354	3269
2682	2709	2710	3354	3355	3356
2682	2710	2683	3356	3357	3272
2683	2710	2711	3357	3358	3359
2683	2711	2684	3359	3360	3275
2684	2711	2712	3360	3361	3362
2684	2712	2685	3362	3363	3278
2685	2712	2713	3363	3364	3365
2685	2713	2686	3365	3366	3281
2686	2713	2714	3366	3367	3368
2686	2714	2687	3368	3369	3284
2687	2714	2715	3369	3370	3371
2687	2715	2688	3371	3372	3287
2688	2715	2716	3372	3373	3374
2688	2716	2689	3374	3375	3290
2689	2716	2717	3375	3376	3377
2689	2717	2690	3377	3378	3293
2690	2717	2718	3378	3379	3380
2690	2718	2691	3380	3381	3296
2691	2718	2719	3381	3382	3383
2691	2719	2692	3383	3384	3299
2692	2719	2720	3384	3385	3386
2692	2720	2693	3386	3387	3302
2693	2720	2721	3387	3388	3389
2693	2721	2694	3389	3390	3305
2694	2721	2722	3390	3391	3392
2694	2722	2695	3392	3393	3308
2695	2722	2723	3393	3394	3395
2695	2723	2696	3395	3396	3311
2696	2723	2724	3396	3397	3398
2696	2724	2697	3398	3399	3314
2697	2724	2725	3399	3400	3401
2697	2725	84	3401	3402	3317
84	2725	85	3402	3403	103
196	197	2698	215	3404	3319
2698	197	2726	3404	3405	3406
2698	2726	2699	3406	3407	3322
2699	2726	2727	3407	3408	3409
2699	2727	2700	3409	3410	3325
2700	2727	2728	3410	3411	3412
2700	2728	2701	3412	3413	3328
2701	2728	2729	3413	3414	3415
2701	2729	2702	3415	3416	3331
2702	2729	2730	3416	3417	3418
2702	2730	2703	3418	3419	3334
2703	2730	2731	3419	3420	3421
2703	2731	2704	3421	3422	3337
2704	2731	2732	3422	3423	3424
2704	2732	2705	3424	3425	3340
2705	2732	2733	3425	3426	3427
2705	2733	2706	3427	3428	3343
2706	2733	2734	3428	3429	3430
2706	2734	2707	3430	3431	3346
2707	2734	2735	3431	3432	3433
2707	2735	2708	3433	3434	3349
2708	2735	2736	3434	3435	3436
2708	2736	2709	3436	3437	3352
2709	2736	2737	3437	3438	3439
2709	2737	2710	3439	3440	3355
2710	2737	2738	3440	3441	3442
2710	2738	2711	3442	3443	3358
2711	2738	2739	3443	3444	3445
2711	2739	2712	3445	3446	3361
2712	2739	2740	3446	3447	3448
2712	2740	2713	3448	3449	3364
2713	2740	2741	3449	3450	3451
2713	2741	2714	3451	3452	3367
2714	2741	2742	3452	3453	3454
2714	2742	2715	3454	3455	3370
2715	2742	2743	3455	3456	3457
2715	2743	2716	3457	3458	3373
2716	2743	2744	3458	3459	3460
2716	2744	2717	3460	3461	3376
2717	2744	2745	3461	3462	3463
2717	2745	2718	3463	3464	3379
2718	2745	2746	3464	3465	3466
2718	2746	2719	3466	3467	3382
2719	2746	2747	3467	3468	3469
2719	2747	2720	3469	3470	3385
2720	2747	2748	3470	3471	3472
2720	2748	2721	3472	3473	3388
2721	2748	2749	3473	3474	3475
2721	2749	2722	3475	3476	3391
2722	2749	2750	3476	3477	3478
2722	2750	2723	3478	3479	3394
2723	2750	2751	3479	3480	3481
2723	2751	2724	3481	3482	3397
2724	2751	2752	3482	3483	3484
2724	2752	2725	3484	3485	3400
2725	2752	2753	3485	3486	3487
2725	2753	85	3487	3488	3403
85	2753	86	3488	3489	104
197	198	2726	216	3490	3405
2726	198	2754	3490	3491	3492
2726	2754	2727	3492	3493	3408
2727	2754	2755	3493	3494	3495
2727	2755	2728	3495	3496	3411
2728	2755	2756	3496	3497	3498
2728	2756	2729	3498	3499	3414
2729	2756	2757	3499	3500	3501
2729	2757	2730	3501	3502	3417
2730	2757	2758	3502	3503	3504
2730	2758	2731	3504	3505	3420
2731	2758	2759	3505	3506	3507
2731	2759	2732	3507	3508	3423
2732	2759	2760	3508	3509	3510
2732	2760	2733	3510	3511	3426
2733	2760	2761	3511	3512	3513
2733	2761	2734	3513	3514	3429
2734	2761	2762	3514	3515	3516
2734	2762	2735	3516	3517	3432
2735	2762	2763	3517	3518	3519
2735	2763	2736	3519	3520	3435
2736	2763	2764	3520	3521	3522
2736	2764	2737	3522	3523	3438
2737	2764	2765	3523	3524	3525
2737	2765	2738	3525	3526	3441
2738	2765	2766	3526	3527	3528
2738	2766	2739	3528	3529	3444
2739	2766	2767	3529	3530	3531
2739	2767	2740	3531	3532	3447
2740	2767	2768	3532	3533	3534
2740	2768	2741	3534	3535	3450
2741	2768	2769	3535	3536	3537
2741	2769	2742	3537	3538	3453
2742	2769	2770	3538	3539	3540
2742	2770	2743	3540	3541	3456
2743	2770	2771	3541	3542	3543
2743	2771	2744	3543	3544	3459
2744	2771	2772	3544	3545	3546
2744	2772	2745	3546	3547	3462
2745	2772	2773	3547	3548	3549
2745	2773	2746	3549	3550	3465
2746	2773	2774	3550	3551	3552
2746	2774	2747	3552	3553	3468
2747	2774	2775	3553	3554	3555
2747	2775	2748	3555	3556	3471
2748	2775	2776	3556	3557	3558
2748	2776	2749	3558	3559	3474
2749	2776	2777	3559	3560	3561
2749	2777	2750	3561	3562	3477
2750	2777	2778	3562	3563	3564
2750	2778	2751	3564	3565	3480
2751	2778	2779	3565	3566	3567
2751	2779	2752	3567	3568	3483
2752	2779	2780	3568	3569	3570
2752	2780	2753	3570	3571	3486
2753	2780	2781	3571	3572	3573
2753	2781	86	3573	3574	3489
86	2781	87	3574	3575	105
198	199	2754	217	3576	3491
2754	199	2782	3576	3577	3578
2754	2782	2755	3578	3579	3494
2755	2782	2783	3579	3580	3581
2755	2783	2756	3581	3582	3497
2756	2783	2784	3582	3583	3584
2756	2784	2757	3584	3585	3500
2757	2784	2785	3585	3586	3587
2757	2785	2758	3587	3588	3503
2758	2785	2786	3588	3589	3590
2758	2786	2759	3590	3591	3506
2759	2786	2787	3591	3592	3593
2759	2787	2760	3593	3594	3509
2760	2787	2788	3594	3595	3596
2760	2788	2761	3596	3597	3512
2761	2788	2789	3597	3598	3599
2761	2789	2762	3599	3600	3515
2762	2789	2790	3600	3601	3602
2762	2790	2763	3602	3603	3518
2763	2790	2791	3603	3604	3605
2763	2791	2764	3605	3606	3521
2764	2791	2792	3606	3607	3608
2764	2792	2765	3608	3609	3524
2765	2792	2793	3609	3610	3611
2765	2793	2766	3611	3612	3527
2766	2793	2794	3612	3613	3614
2766	2794	2767	3614	3615	3530
2767	2794	2795	3615	3616	3617
2767	2795	2768	3617	3618	3533
2768	2795	2796	3618	3619	3620
2768	2796	2769	3620	3621	3536
2769	2796	2797	3621	3622	3623
2769	2797	2770	3623	3624	3539
2770	2797	2798	3624	3625	3626
2770	2798	2771	3626	3627	3542
2771	2798	2799	3627	3628	3629
2771	2799	2772	3629	3630	3545
2772	2799	2800	3630	3631	3632
2772	2800	2773	3632	3633	3548
2773	2800	2801	3633	3634	3635
2773	2801	2774	3635	3636	3551
2774	2801	2802	3636	3637	3638
2774	2802	2775	3638	3639	3554
2775	2802	2803	3639	3640	3641
2775	2803	2776	3641	3642	3557
2776	2803	2804	3642	3643	3644
2776	2804	2777	3644	3645	3560
2777	2804	2805	3645	3646	3647
2777	2805	2778	3647	3648	3563
2778	2805	2806	3648	3649	3650
2778	2806	2779	3650	3651	3566
2779	2806	2807	3651	3652	3653
2779	2807	2780	3653	3654	3569
2780	2807	2808	3654	3655	3656
2780	2808	2781	3656	3657	3572
2781	2808	2809	3657	3658	3659
2781	2809	87	3659	3660	3575
87	2809	88	3660	3661	106
199	200	2782	218	3662	3577
2782	200	2810	3662	3663	3664
2782	2810	2783	3664	3665	3580
2783	2810	2811	3665	3666	3667
2783	2811	2784	3667	3668	3583
2784	2811	2812	3668	3669	3670
2784	2812	2785	3670	3671	3586
2785	2812	2813	3671	3672	3673
2785	2813	2786	3673	3674	3589
2786	2813	2814	3674	3675	3676
2786	2814	2787	3676	3677	3592
2787	2814	2815	3677	3678	3679
2787	2815	2788	3679	3680	3595
2788	2815	2816	3680	3681	3682
2788	2816	2789	3682	3683	3598
2789	2816	2817	3683	3684	3685
2789	2817	2790	3685	3686	3601
2790	2817	2818	3686	3687	3688
2790	2818	2791	3688	3689	3604
2791	2818	2819	3689	3690	3691
2791	2819	2792	3691	3692	3607
2792	2819	2820	3692	3693	3694
2792	2820	2793	3694	3695	3610
2793	2820	2821	3695	3696	3697
2793	2821	2794	3697	3698	3613
2794	2821	2822	3698	3699	3700
2794	2822	2795	3700	3701	3616
2795	2822	2823	3701	3702	3703
2795	2823	2796	3703	3704	3619
2796	2823	2824	3704	3705	3706
2796	2824	2797	3706	3707	3622
2797	2824	2825	3707	3708	3709
2797	2825	2798	3709	3710	3625
2798	2825	2826	3710	3711	3712
2798	2826	2799	3712	3713	3628
2799	2826	2827	3713	3714	3715
2799	2827	2800	3715	3716	3631
2800	2827	2828	3716	3717	3718
2800	2828	2801	3718	3719	3634
2801	2828	2829	3719	3720	3721
2801	2829	2802	3721	3722	3637
2802	2829	2830	3722	3723	3724
2802	2830	2803	3724	3725	3640
2803	2830	2831	3725	3726	3727
2803	2831	2804	3727	3728	3643
2804	2831	2832	3728	3729	3730
2804	2832	2805	3730	3731	3646
2805	2832	2833	3731	3732	3733
2805	2833	2806	3733	3734	3649
2806	2833	2834	3734	3735	3736
2806	2834	2807	3736	3737	3652
2807	2834	2835	3737	3738	3739
2807	2835	2808	3739	3740	3655
2808	2835	2836	3740	3741	3742
2808	2836	2809	3742	3743	3658
2809	2836	2837	3743	3744	3745
2809	2837	88	3745	3746	3661
88	2837	89	3746	3747	107
200	201	2810	219	3748	3663
2810	201	2838	3748	3749	3750
2810	2838	2811	3750	3751	3666
2811	2838	2839	3751	3752	3753
2811	2839	2812	3753	3754	3669
2812	2839	2840	3754	3755	3756
2812	2840	2813	3756	3757	3672
2813	2840	2841	3757	3758	3759
2813	2841	2814	3759	3760	3675
2814	2841	2842	3760	3761	3762
2814	2842	2815	3762	3763	3678
2815	2842	2843	3763	3764	3765
2815	2843	2816	3765	3766	3681
2816	2843	2844	3766	3767	3768
2816	2844	2817	3768	3769	3684
2817	2844	2845	3769	3770	3771
2817	2845	2818	3771	3772	3687
2818	2845	2846	3772	3773	3774
2818	2846	2819	3774	3775	3690
2819	2846	2847	3775	3776	3777
2819	2847	2820	3777	3778	3693
2820	2847	2848	3778	3779	3780
2820	2848	2821	3780	3781	3696
2821	2848	2849	3781	3782	3783
2821	2849	2822	3783	3784	3699
2822	2849	2850	3784	3785	3786
2822	2850	2823	3786	3787	3702
2823	2850	2851	3787	3788	3789
2823	2851	2824	3789	3790	3705
2824	2851	2852	3790	3791	3792
2824	2852	2825	3792	3793	3708
2825	2852	2853	3793	3794	3795
2825	2853	2826	3795	3796	3711
2826	2853	2854	3796	3797	3798
2826	2854	2827	3798	3799	3714
2827	2854	2855	3799	3800	3801
2827	2855	2828	3801	3802	3717
2828	2855	2856	3802	3803	3804
2828	2856	2829	3804	3805	3720
2829	2856	2857	3805	3806	3807
2829	2857	2830	3807	3808	3723
2830	2857	2858	3808	3809	3810
2830	2858	2831	3810	3811	3726
2831	2858	2859	3811	3812	3813
2831	2859	2832	3813	3814	3729
2832	2859	2860	3814	3815	3816
2832	2860	2833	3816	3817	3732
2833	2860	2861	3817	3818	3819
2833	2861	2834	3819	3820	3735
2834	2861	2862	3820	3821	3822
2834	2862	2835	3822	3823	3738
2835	2862	2863	3823	3824	3825
2835	2863	2836	3825	3826	3741
2836	2863	2864	3826	3827	3828
2836	2864	2837	3828	3829	3744
2837	2864	2865	3829	3830	3831
2837	2865	89	3831	3832	3747
89	2865	90	3832	3833	108
201	202	2838	220	3834	3749
2838	202	2866	3834	3835	3836
2838	2866	2839	3836	3837	3752
2839	2866	2867	3837	3838	3839
2839	2867	2840	3839	3840	3755
2840	2867	2868	3840	3841	3842
2840	2868	2841	3842	3843	3758
2841	2868	2869	3843	3844	3845
2841	2869	2842	3845	3846	3761
2842	2869	2870	3846	3847	3848
2842	2870	2843	3848	3849	3764
2843	2870	2871	3849	3850	3851
2843	2871	2844	3851	3852	3767
2844	2871	2872	3852	3853	3854
2844	2872	2845	3854	3855	3770
2845	2872	2873	3855	3856	3857
2845	2873	2846	3857	3858	3773
2846	2873	2874	3858	3859	3860
2846	2874	2847	3860	3861	3776
2847	2874	2875	3861	3862	3863
2847	2875	2848	3863	3864	3779
2848	2875	2876	3864	3865	3866
2848	2876	2849	3866	3867	3782
2849	2876	2877	3867	3868	3869
2849	2877	2850	3869	3870	3785
2850	2877	2878	3870	3871	3872
2850	2878	2851	3872	3873	3788
2851	2878	2879	3873	3874	3875
2851	2879	2852	3875	3876	3791
2852	2879	2880	3876	3877	3878
2852	2880	2853	3878	3879	3794
2853	2880	2881	3879	3880	3881
2853	2881	2854	3881	3882	3797
2854	2881	2882	3882	3883	3884
2854	2882	2855	3884	3885	3800
2855	2882	2883	3885	3886	3887
2855	2883	2856	3887	3888	3803
2856	2883	2884	3888	3889	3890
2856	2884	2857	3890	3891	3806
2857	2884	2885	3891	3892	3893
2857	2885	2858	3893	3894	3809
2858	2885	2886	3894	3895	3896
2858	2886	2859	3896	3897	3812
2859	2886	2887	3897	3898	3899
2859	2887	2860	3899	3900	3815
2860	2887	2888	3900	3901	3902
2860	2888	2861	3902	3903	3818
2861	2888	2889	3903	3904	3905
2861	2889	2862	3905	3906	3821
2862	2889	2890	3906	3907	3908
2862	2890	2863	3908	3909	3824
2863	2890	2891	3909	3910	3911
2863	2891	2864	3911	3912	3827
2864	2891	2892	3912	3913	3914
2864	2892	2865	3914	3915	3830
2865	2892	2893	3915	3916	3917
2865	2893	90	3917	3918	3833
90	2893	91	3918	3919	109
202	203	2866	221	3920	3835
2866	203	2894	3920	3921	3922
2866	2894	2867	3922	3923	3838
2867	2894	2895	3923	3924	3925
2867	2895	2868	3925	3926	3841
2868	2895	2896	3926	3927	3928
2868	2896	2869	3928	3929	3844
2869	2896	2897	3929	3930	3931
2869	2897	2870	3931	3932	3847
2870	2897	2898	3932	3933	3934
2870	2898	2871	3934	3935	3850
2871	2898	2899	3935	3936	3937
2871	2899	2872	3937	3938	3853
2872	2899	2900	3938	3939	3940
2872	2900	2873	3940	3941	3856
2873	2900	2901	3941	3942	3943
2873	2901	2874	3943	3944	3859
2874	2901	2902	3944	3945	3946
2874	2902	2875	3946	3947	3862
2875	2902	2903	3947	3948	3949
2875	2903	2876	3949	3950	3865
2876	2903	2904	3950	3951	3952
2876	2904	2877	3952	3953	3868
2877	2904	2905	3953	3954	3955
2877	2905	2878	3955	3956	3871
2878	2905	2906	3956	3957	3958
2878	2906	2879	3958	3959	3874
2879	2906	2907	3959	3960	3961
2879	2907	2880	3961	3962	3877
2880	2907	2908	3962	3963	3964
2880	2908	2881	3964	3965	3880
2881	2908	2909	3965	3966	3967
2881	2909	2882	3967	3968	3883
2882	2909	2910	3968	3969	3970
2882	2910	2883	3970	3971	3886
2883	2910	2911	3971	3972	3973
2883	2911	2884	3973	3974	3889
2884	2911	2912	3974	3975	3976
2884	2912	2885	3976	3977	3892
2885	2912	2913	3977	3978	3979
2885	2913	2886	3979	3980	3895
2886	2913	2914	3980	3981	3982
2886	2914	2887	3982	3983	3898
2887	2914	2915	3983	3984	3985
2887	2915	2888	3985	3986	3901
2888	2915	2916	3986	3987	3988
2888	2916	2889	3988	3989	3904
2889	2916	2917	3989	3990	3991
2889	2917	2890	3991	3992	3907
2890	2917	2918	3992	3993	3994
2890	2918	2891	3994	3995	3910
2891	2918	2919	3995	3996	3997
2891	2919	2892	3997	3998	3913
2892	2919	2920	3998	3999	4000
2892	2920	2893	4000	4001	3916
2893	2920	2921	4001	4002	4003
2893	2921	91	4003	4004	3919
91	2921	92	4004	4005	110
203	204	2894	222	4006	3921
2894	204	2922	4006	4007	4008
2894	2922	2895	4008	4009	3924
2895	2922	2923	4009	4010	4011
2895	2923	2896	4011	4012	3927
2896	2923	2924	4012	4013	4014
2896	2924	2897	4014	4015	3930
2897	2924	2925	4015	4016	4017
2897	2925	2898	4017	4018	3933
2898	2925	2926	4018	4019	4020
2898	2926	2899	4020	4021	3936
2899	2926	2927	4021	4022	4023
2899	2927	2900	4023	4024	3939
2900	2927	2928	4024	4025	4026
2900	2928	2901	4026	4027	3942
2901	2928	2929	4027	4028	4029
2901	2929	2902	4029	4030	3945
2902	2929	2930	4030	4031	4032
2902	2930	2903	4032	4033	3948
2903	2930	2931	4033	4034	4035
2903	2931	2904	4035	4036	3951
2904	2931	2932	4036	4037	4038
2904	2932	2905	4038	4039	3954
2905	2932	2933	4039	4040	4041
2905	2933	2906	4041	4042	3957
2906	2933	2934	4042	4043	4044
2906	2934	2907	4044	4045	3960
2907	2934	2935	4045	4046	4047
2907	2935	2908	4047	4048	3963
2908	2935	2936	4048	4049	4050
2908	2936	2909	4050	4051	3966
2909	2936	2937	4051	4052	4053
2909	2937	2910	4053	4054	3969
2910	2937	2938	4054	4055	4056
2910	2938	2911	4056	4057	3972
2911	2938	2939	4057	4058	4059
2911	2939	2912	4059	4060	3975
2912	2939	2940	4060	4061	4062
2912	2940	2913	4062	4063	3978
2913	2940	2941	4063	4064	4065
2913	2941	2914	4065	4066	3981
2914	2941	2942	4066	4067	4068
2914	2942	2915	4068	4069	3984
2915	2942	2943	4069	4070	4071
2915	2943	2916	4071	4072	3987
2916	2943	2944	4072	4073	4074
2916	2944	2917	4074	4075	3990
2917	2944	2945	4075	4076	4077
2917	2945	2918	4077	4078	3993
2918	2945	2946	4078	4079	4080
2918	2946	2919	4080	4081	3996
2919	2946	2947	4081	4082	4083
2919	2947	2920	4083	4084	3999
2920	2947	2948	4084	4085	4086
2920	2948	2921	4086	4087	4002
2921	2948	2949	4087	4088	4089
2921	2949	92	4089	4090	4005
92	2949	93	4090	4091	111
204	205	2922	223	4092	4007
2922	205	2950	4092	4093	4094
2922	2950	2923	4094	4095	4010
2923	2950	2951	4095	4096	4097
2923	2951	2924	4097	4098	4013
2924	2951	2952	4098	4099	4100
2924	2952	2925	4100	4101	4016
2925	2952	2953	4101	4102	4103
2925	2953	2926	4103	4104	4019
2926	2953	2954	4104	4105	4106
2926	2954	2927	4106	4107	4022
2927	2954	2955	4107	4108	4109
2927	2955	2928	4109	4110	4025
2928	2955	2956	4110	4111	4112
2928	2956	2929	4112	4113	4028
2929	2956	2957	4113	4114	4115
2929	2957	2930	4115	4116	4031
2930	2957	2958	4116	4117	4118
2930	2958	2931	4118	4119	4034
2931	2958	2959	4119	4120	4121
2931	2959	2932	4121	4122	4037
2932	2959	2960	4122	4123	4124
2932	2960	2933	4124	4125	4040
2933	2960	2961	4125	4126	4127
2933	2961	2934	4127	4128	4043
2934	2961	2962	4128	4129	4130
2934	2962	2935	4130	4131	4046
2935	2962	2963	4131	4132	4133
2935	2963	2936	4133	4134	4049
2936	2963	2964	4134	4135	4136
2936	2964	2937	4136	4137	4052
2937	2964	2965	4137	4138	4139
2937	2965	2938	4139	4140	4055
2938	2965	2966	4140	4141	4142
2938	2966	2939	4142	4143	4058
2939	2966	2967	4143	4144	4145
2939	2967	2940	4145	4146	4061
2940	2967	2968	4146	4147	4148
2940	2968	2941	4148	4149	4064
2941	2968	2969	4149	4150	4151
2941	2969	2942	4151	4152	4067
2942	2969	2970	4152	4153	4154
2942	2970	2943	4154	4155	4070
2943	2970	2971	4155	4156	4157
2943	2971	2944	4157	4158	4073
2944	2971	2972	4158	4159	4160
2944	2972	2945	4160	4161	4076
2945	2972	2973	4161	4162	4163
2945	2973	2946	4163	4164	4079
2946	2973	2974	4164	4165	4166
2946	2974	2947	4166	4167	4082
2947	2974	2975	4167	4168	4169
2947	2975	2948	4169	4170	4085
2948	2975	2976	4170	4171	4172
2948	2976	2949	4172	4173	4088
2949	2976	2977	4173	4174	4175
2949	2977	93	4175	4176	4091
93	2977	94	4176	4177	112
205	206	2950	224	4178	4093
2950	206	2978	4178	4179	4180
2950	2978	2951	4180	4181	4096
2951	2978	2979	4181	4182	4183
2951	2979	2952	4183	4184	4099
2952	2979	2980	4184	4185	4186
2952	2980	2953	4186	4187	4102
2953	2980	2981	4187	4188	4189
2953	2981	2954	4189	4190	4105
2954	2981	2982	4190	4191	4192
2954	2982	2955	4192	4193	4108
2955	2982	2983	4193	4194	4195
2955	2983	2956	4195	4196	4111
2956	2983	2984	4196	4197	4198
2956	2984	2957	4198	4199	4114
2957	2984	2985	4199	4200	4201
2957	2985	2958	4201	4202	4117
2958	2985	2986	4202	4203	4204
2958	2986	2959	4204	4205	4120
2959	2986	2987	4205	4206	4207
2959	2987	2960	4207	4208	4123
2960	2987	2988	4208	4209	4210
2960	2988	2961	4210	4211	4126
2961	2988	2989	4211	4212	4213
2961	2989	2962	4213	4214	4129
2962	2989	2990	4214	4215	4216
2962	2990	2963	4216	4217	4132
2963	2990	2991	4217	4218	4219
2963	2991	2964	4219	4220	4135
2964	2991	2992	4220	4221	4222
2964	2992	2965	4222	4223	4138
2965	2992	2993	4223	4224	4225
2965	2993	2966	4225	4226	4141
2966	2993	2994	4226	4227	4228
2966	2994	2967	4228	4229	4144
2967	2994	2995	4229	4230	4231
2967	2995	2968	4231	4232	4147
2968	2995	2996	4232	4233	4234
2968	2996	2969	4234	4235	4150
2969	2996	2997	4235	4236	4237
2969	2997	2970	4237	4238	4153
2970	2997	2998	4238	4239	4240
2970	2998	2971	4240	4241	4156
2971	2998	2999	4241	4242	4243
2971	2999	2972	4243	4244	4159
2972	2999	3000	4244	4245	4246
2972	3000	2973	4246	4247	4162
2973	3000	3001	4247	4248	4249
2973	3001	2974	4249	4250	4165
2974	3001	3002	4250	4251	4252
2974	3002	2975	4252	4253	4168
2975	3002	3003	4253	4254	4255
2975	3003	2976	4255	4256	4171
2976	3003	3004	4256	4257	4258
2976	3004	2977	4258	4259	4174
2977	3004	3005	4259	4260	4261
2977	3005	94	4261	4262	4177
94	3005	95	4262	4263	113
206	207	2978	225	4264	4179
2978	207	3006	4264	4265	4266
2978	3006	2979	4266	4267	4182
2979	3006	3007	4267	4268	4269
2979	3007	2980	4269	4270	4185
2980	3007	3008	4270	4271	4272
2980	3008	2981	4272	4273	4188
2981	3008	3009	4273	4274	4275
2981	3009	2982	4275	4276	4191
2982	3009	3010	4276	4277	4278
2982	3010	2983	4278	4279	4194
2983	3010	3011	4279	4280	4281
2983	3011	2984	4281	4282	4197
2984	3011	3012	4282	4283	4284
2984	3012	2985	4284	4285	4200
2985	3012	3013	4285	4286	4287
2985	3013	2986	4287	4288	4203
2986	3013	3014	4288	4289	4290
2986	3014	2987	4290	4291	4206
2987	3014	3015	4291	4292	4293
2987	3015	2988	4293	4294	4209
2988	3015	3016	4294	4295	4296
2988	3016	2989	4296	4297	4212
2989	3016	3017	4297	4298	4299
2989	3017	2990	4299	4300	4215
2990	3017	3018	4300	4301	4302
2990	3018	2991	4302	4303	4218
2991	3018	3019	4303	4304	4305
2991	3019	2992	4305	4306	4221
2992	3019	3020	4306	4307	4308
2992	3020	2993	4308	4309	4224
2993	3020	3021	4309	4310	4311
2993	3021	2994	4311	4312	4227
2994	3021	3022	4312	4313	4314
2994	3022	2995	4314	4315	4230
2995	3022	3023	4315	4316	4317
2995	3023	2996	4317	4318	4233
2996	3023	3024	4318	4319	4320
2996	3024	2997	4320	4321	4236
2997	3024	3025	4321	4322	4323
2997	3025	2998	4323	4324	4239
2998	3025	3026	4324	4325	4326
2998	3026	2999	4326	4327	4242
2999	3026	3027	4327	4328	4329
2999	3027	3000	4329	4330	4245
3000	3027	3028	4330	4331	4332
3000	3028	3001	4332	4333	4248
3001	3028	3029	4333	4334	4335
3001	3029	3002	4335	4336	4251
3002	3029	3030	4336	4337	4338
3002	3030	3003	4338	4339	4254
3003	3030	3031	4339	4340	4341
3003	3031	3004	4341	4342	4257
3004	3031	3032	4342	4343	4344
3004	3032	3005	4344	4345	4260
3005	3032	3033	4345	4346	4347
3005	3033	95	4347	4348	4263
95	3033	96	4348	4349	114
207	208	3006	226	4350	4265
3006	208	3034	4350	4351	4352
3006	3034	3007	4352	4353	4268
3007	3034	3035	4353	4354	4355
3007	3035	3008	4355	4356	4271
3008	3035	3036	4356	4357	4358
3008	3036	3009	4358	4359	4274
3009	3036	3037	4359	4360	4361
3009	3037	3010	4361	4362	4277
3010	3037	3038	4362	4363	4364
3010	3038	3011	4364	4365	4280
3011	3038	3039	4365	4366	4367
3011	3039	3012	4367	4368	4283
3012	3039	3040	4368	4369	4370
3012	3040	3013	4370	4371	4286
3013	3040	3041	4371	4372	4373
3013	3041	3014	4373	4374	4289
3014	3041	3042	4374	4375	4376
3014	3042	3015	4376	4377	4292
3015	3042	3043	4377	4378	4379
3015	3043	3016	4379	4380	4295
3016	3043	3044	4380	4381	4382
3016	3044	3017	4382	4383	4298
3017	3044	3045	4383	4384	4385
3017	3045	3018	4385	4386	4301
3018	3045	3046	4386	4387	4388
3018	3046	3019	4388	4389	4304
3019	3046	3047	4389	4390	4391
3019	3047	3020	4391	4392	4307
3020	3047	3048	4392	4393	4394
3020	3048	3021	4394	4395	4310
3021	3048	3049	4395	4396	4397
3021	3049	3022	4397	4398	4313
3022	3049	3050	4398	4399	4400
3022	3050	3023	4400	4401	4316
3023	3050	3051	4401	4402	4403
3023	3051	3024	4403	4404	4319
3024	3051	3052	4404	4405	4406
3024	3052	3025	4406	4407	4322
3025	3052	3053	4407	4408	4409
3025	3053	3026	4409	4410	4325
3026	3053	3054	4410	4411	4412
3026	3054	3027	4412	4413	4328
3027	3054	3055	4413	4414	4415
3027	3055	3028	4415	4416	4331
3028	3055	3056	4416	4417	4418
3028	3056	3029	4418	4419	4334
3029	3056	3057	4419	4420	4421
3029	3057	3030	4421	4422	4337
3030	3057	3058	4422	4423	4424
3030	3058	3031	4424	4425	4340
3031	3058	3059	4425	4426	4427
3031	3059	3032	4427	4428	4343
3032	3059	3060	4428	4429	4430
3032	3060	3033	4430	4431	4346
3033	3060	3061	4431	4432	4433
3033	3061	96	4433	4434	4349
96	3061	97	4434	4435	115
208	209	3034	227	4436	4351
3034	209	3062	4436	4437	4438
3034	3062	3035	4438	4439	4354
3035	3062	3063	4439	4440	4441
3035	3063	3036	4441	4442	4357
3036	3063	3064	4442	4443	4444
3036	3064	3037	4444	4445	4360
3037	3064	3065	4445	4446	4447
3037	3065	3038	4447	4448	4363
3038	3065	3066	4448	4449	4450
3038	3066	3039	4450	4451	4366
3039	3066	3067	4451	4452	4453
3039	3067	3040	4453	4454	4369
3040	3067	3068	4454	4455	4456
3040	3068	3041	4456	4457	4372
3041	3068	3069	4457	4458	4459
3041	3069	3042	4459	4460	4375
3042	3069	3070	4460	4461	4462
3042	3070	3043	4462	4463	4378
3043	3070	3071	4463	4464	4465
3043	3071	3044	4465	4466	4381
3044	3071	3072	4466	4467	4468
3044	3072	3045	4468	4469	4384
3045	3072	3073	4469	4470	4471
3045	3073	3046	4471	4472	4387
3046	3073	3074	4472	4473	4474
3046	3074	3047	4474	4475	4390
3047	3074	3075	4475	4476	4477
3047	3075	3048	4477	4478	4393
3048	3075	3076	4478	4479	4480
3048	3076	3049	4480	4481	4396
3049	3076	3077	4481	4482	4483
3049	3077	3050	4483	4484	4399
3050	3077	3078	4484	4485	4486
3050	3078	3051	4486	4487	4402
3051	3078	3079	4487	4488	4489
3051	3079	3052	4489	4490	4405
3052	3079	3080	4490	4491	4492
3052	3080	3053	4492	4493	4408
3053	3080	3081	4493	4494	4495
3053	3081	3054	4495	4496	4411
3054	3081	3082	4496	4497	4498
3054	3082	3055	4498	4499	4414
3055	3082	3083	4499	4500	4501
3055	3083	3056	4501	4502	4417
3056	3083	3084	4502	4503	4504
3056	3084	3057	4504	4505	4420
3057	3084	3085	4505	4506	4507
3057	3085	3058	4507	4508	4423
3058	3085	3086	4508	4509	4510
3058	3086	3059	4510	4511	4426
3059	3086	3087	4511	4512	4513
3059	3087	3060	4513	4514	4429
3060	3087	3088	4514	4515	4516
3060	3088	3061	4516	4517	4432
3061	3088	3089	4517	4518	4519
3061	3089	97	4519	4520	4435
97	3089	98	4520	4521	116
209	210	3062	228	4522	4437
3062	210	3090	4522	4523	4524
3062	3090	3063	4524	4525	4440
3063	3090	3091	4525	4526	4527
3063	3091	3064	4527	4528	4443
3064	3091	3092	4528	4529	4530
3064	3092	3065	4530	4531	4446
3065	3092	3093	4531	4532	4533
3065	3093	3066	4533	4534	4449
3066	3093	3094	4534	4535	4536
3066	3094	3067	4536	4537	4452
3067	3094	3095	4537	4538	4539
3067	3095	3068	4539	4540	4455
3068	3095	3096	4540	4541	4542
3068	3096	3069	4542	4543	4458
3069	3096	3097	4543	4544	4545
3069	3097	3070	4545	4546	4461
3070	3097	3098	4546	4547	4548
3070	3098	3071	4548	4549	4464
3071	3098	3099	4549	4550	4551
3071	3099	3072	4551	4552	4467
3072	3099	3100	4552	4553	4554
3072	3100	3073	4554	4555	4470
3073	3100	3101	4555	4556	4557
3073	3101	3074	4557	4558	4473
3074	3101	3102	4558	4559	4560
3074	3102	3075	4560	4561	4476
3075	3102	3103	4561	4562	4563
3075	3103	3076	4563	4564	4479
3076	3103	3104	4564	4565	4566
3076	3104	3077	4566	4567	4482
3077	3104	3105	4567	4568	4569
3077	3105	3078	4569	4570	4485
3078	3105	3106	4570	4571	4572
3078	3106	3079	4572	4573	4488
3079	3106	3107	4573	4574	4575
3079	3107	3080	4575	4576	4491
3080	3107	3108	4576	4577	4578
3080	3108	3081	4578	4579	4494
3081	3108	3109	4579	4580	4581
3081	3109	3082	4581	4582	4497
3082	3109	3110	4582	4583	4584
3082	3110	3083	4584	4585	4500
3083	3110	3111	4585	4586	4587
3083	3111	3084	4587	4588	4503
3084	3111	3112	4588	4589	4590
3084	3112	3085	4590	4591	4506
3085	3112	3113	4591	4592	4593
3085	3113	3086	4593	4594	4509
3086	3113	3114	4594	4595	4596
3086	3114	3087	4596	4597	4512
3087	3114	3115	4597	4598	4599
3087	3115	3088	4599	4600	4515
3088	3115	3116	4600	4601	4602
3088	3116	3089	4602	4603	4518
3089	3116	3117	4603	4604	4605
3089	3117	98	4605	4606	4521
98	3117	99	4606	4607	117
210	211	3090	229	4608	4523
3090	211	3118	4608	4609	4610
3090	3118	3091	4610	4611	4526
3091	3118	3119	4611	4612	4613
3091	3119	3092	4613	4614	4529
3092	3119	3120	4614	4615	4616
3092	3120	3093	4616	4617	4532
3093	3120	3121	4617	4618	4619
3093	3121	3094	4619	4620	4535
3094	3121	3122	4620	4621	4622
3094	3122	3095	4622	4623	4538
3095	3122	3123	4623	4624	4625
3095	3123	3096	4625	4626	4541
3096	3123	3124	4626	4627	4628
3096	3124	3097	4628	4629	4544
3097	3124	3125	4629	4630	4631
3097	3125	3098	4631	4632	4547
3098	3125	3126	4632	4633	4634
3098	3126	3099	4634	4635	4550
3099	3126	3127	4635	4636	4637
3099	3127	3100	4637	4638	4553
3100	3127	3128	4638	4639	4640
3100	3128	3101	4640	4641	4556
3101	3128	3129	4641	4642	4643
3101	3129	3102	4643	4644	4559
3102	3129	3130	4644	4645	4646
3102	3130	3103	4646	4647	4562
3103	3130	3131	4647	4648	4649
3103	3131	3104	4649	4650	4565
3104	3131	3132	4650	4651	4652
3104	3132	3105	4652	4653	4568
3105	3132	3133	4653	4654	4655
3105	3133	3106	4655	4656	4571
3106	3133	3134	4656	4657	4658
3106	3134	3107	4658	4659	4574
3107	3134	3135	4659	4660	4661
3107	3135	3108	4661	4662	4577
3108	3135	3136	4662	4663	4664
3108	3136	3109	4664	4665	4580
3109	3136	3137	4665	4666	4667
3109	3137	3110	4667	4668	4583
3110	3137	3138	4668	4669	4670
3110	3138	3111	4670	4671	4586
3111	3138	3139	4671	4672	4673
3111	3139	3112	4673	4674	4589
3112	3139	3140	4674	4675	4676
3112	3140	3113	4676	4677	4592
3113	3140	3141	4677	4678	4679
3113	3141	3114	4679	4680	4595
3114	3141	3142	4680	4681	4682
3114	3142	3115	4682	4683	4598
3115	3142	3143	4683	4684	4685
3115	3143	3116	4685	4686	4601
3116	3143	3144	4686	4687	4688
3116	3144	3117	4688	4689	4604
3117	3144	3145	4689	4690	4691
3117	3145	99	4691	4692	4607
99	3145	100	4692	4693	118
211	6	3118	230	4694	4609
3118	6	446	4694	475	4695
3118	446	3119	4695	4696	4612
3119	446	445	4696	474	4697
3119	445	3120	4697	4698	4615
3120	445	444	4698	473	4699
3120	444	3121	4699	4700	4618
3121	444	443	4700	472	4701
3121	443	3122	4701	4702	4621
3122	443	442	4702	471	4703
3122	442	3123	4703	4704	4624
3123	442	441	4704	470	4705
3123	441	3124	4705	4706	4627
3124	441	440	4706	469	4707
3124	440	3125	4707	4708	4630
3125	440	439	4708	468	4709
3125	439	3126	4709	4710	4633
3126	439	438	4710	467	4711
3126	438	3127	4711	4712	4636
3127	438	437	4712	466	4713
3127	437	3128	4713	4714	4639
3128	437	436	4714	465	4715
3128	436	3129	4715	4716	4642
3129	436	435	4716	464	4717
3129	435	3130	4717	4718	4645
3130	435	434	4718	463	4719
3130	434	3131	4719	4720	4648
3131	434	433	4720	462	4721
3131	433	3132	4721	4722	4651
3132	433	432	4722	461	4723
3132	432	3133	4723	4724	4654
3133	432	431	4724	460	4725
3133	431	3134	4725	4726	4657
3134	431	430	4726	459	4727
3134	430	3135	4727	4728	4660
3135	430	429	4728	458	4729
3135	429	3136	4729	4730	4663
3136	429	428	4730	457	4731
3136	428	3137	4731	4732	4666
3137	428	427	4732	456	4733
3137	427	3138	4733	4734	4669
3138	427	426	4734	455	4735
3138	426	3139	4735	4736	4672
3139	426	425	4736	454	4737
3139	425	3140	4737	4738	4675
3140	425	424	4738	453	4739
3140	424	3141	4739	4740	4678
3141	424	423	4740	452	4741
3141	423	3142	4741	4742	4681
3142	423	422	4742	451	4743
3142	422	3143	4743	4744	4684
3143	422	421	4744	450	4745
3143	421	3144	4745	4746	4687
3144	421	420	4746	449	4747
3144	420	3145	4747	4748	4690
3145	420	419	4748	448	4749
3145	419	100	4749	4750	4693
100	419	2	4750	447	119
6	231	446	249	5255	475
446	231	4751	5255	5256	5257
446	4751	445	5257	5258	474
445	4751	4752	5258	5259	5260
445	4752	444	5260	5261	473
444	4752	4753	5261	5262	5263
444	4753	443	5263	5264	472
443	4753	4754	5264	5265	5266
443	4754	442	5266	5267	471
442	4754	4755	5267	5268	5269
442	4755	441	5269	5270	470
441	4755	4756	5270	5271	5272
441	4756	440	5272	5273	469
440	4756	4757	5273	5274	5275
440	4757	439	5275	5276	468
439	4757	4758	5276	5277	5278
439	4758	438	5278	5279	467
438	4758	4759	5279	5280	5281
438	4759	437	5281	5282	466
437	4759	4760	5282	5283	5284
437	4760	436	5284	5285	465
436	4760	4761	5285	5286	5287
436	4761	435	5287	5288	464
435	4761	4762	5288	5289	5290
435	4762	434	5290	5291	463
434	4762	4763	5291	5292	5293
434	4763	433	5293	5294	462
433	4763	4764	5294	5295	5296
433	4764	432	5296	5297	461
432	4764	4765	5297	5298	5299
432	4765	431	5299	5300	460
431	4765	4766	5300	5301	5302
431	4766	430	5302	5303	459
430	4766	4767	5303	5304	5305
430	4767	429	5305	5306	458
429	4767	4768	5306	5307	5308
429	4768	428	5308	5309	457
428	4768	4769	5309	5310	5311
428	4769	427	5311	5312	456
427	4769	4770	5312	5313	5314
427	4770	426	5314	5315	455
426	4770	4771	5315	5316	5317
426	4771	425	5317	5318	454
425	4771	4772	5318	5319	5320
425	4772	424	5320	5321	453
424	4772	4773	5321	5322	5323
424	4773	423	5323	5324	452
423	4773	4774	5324	5325	5326
423	4774	422	5326	5327	451
422	4774	4775	5327	5328	5329
422	4775	421	5329	5330	450
421	4775	4776	5330	5331	5332
421	4776	420	5332	5333	449
420	4776	4777	5333	5334	5335
420	4777	419	5335	5336	448
419	4777	4778	5336	5337	5338
419	4778	2	5338	5339	447
2	4778	120	5339	5340	138
231	232	4751	250	5341	5256
4751	232	4779	5341	5342	5343
4751	4779	4752	5343	5344	5259
4752	4779	4780	5344	5345	5346
4752	4780	4753	5346	5347	5262
4753	4780	4781	5347	5348	5349
4753	4781	4754	5349	5350	5265
4754	4781	4782	5350	5351	5352
4754	4782	4755	5352	5353	5268
4755	4782	4783	5353	5354	5355
4755	4783	4756	5355	5356	5271
4756	4783	4784	5356	5357	5358
4756	4784	4757	5358	5359	5274
4757	4784	4785	5359	5360	5361
4757	4785	4758	5361	5362	5277
4758	4785	4786	5362	5363	5364
4758	4786	4759	5364	5365	5280
4759	4786	4787	5365	5366	5367
4759	4787	4760	5367	5368	5283
4760	4787	4788	5368	5369	5370
4760	4788	4761	5370	5371	5286
4761	4788	4789	5371	5372	5373
4761	4789	4762	5373	5374	5289
4762	4789	4790	5374	5375	5376
4762	4790	4763	5376	5377	5292
4763	4790	4791	5377	5378	5379
4763	4791	4764	5379	5380	5295
4764	4791	4792	5380	5381	5382
4764	4792	4765	5382	5383	5298
4765	4792	4793	5383	5384	5385
4765	4793	4766	5385	5386	5301
4766	4793	4794	5386	5387	5388
4766	4794	4767	5388	5389	5304
4767	4794	4795	5389	5390	5391
4767	4795	4768	5391	5392	5307
4768	4795	4796	5392	5393	5394
4768	4796	4769	5394	5395	5310
4769	4796	4797	5395	5396	5397
4769	4797	4770	5397	5398	5313
4770	4797	4798	5398	5399	5400
4770	4798	4771	5400	5401	5316
4771	4798	4799	5401	5402	5403
4771	4799	4772	5403	5404	5319
4772	4799	4800	5404	5405	5406
4772	4800	4773	5406	5407	5322
4773	4800	4801	5407	5408	5409
4773	4801	4774	5409	5410	5325
4774	4801	4802	5410	5411	5412
4774	4802	4775	5412	5413	5328
4775	4802	4803	5413	5414	5415
4775	4803	4776	5415	5416	5331
4776	4803	4804	5416	5417	5418
4776	4804	4777	5418	5419	5334
4777	4804	4805	5419	5420	5421
4777	4805	4778	5421	5422	5337
4778	4805	4806	5422	5423	5424
4778	4806	120	5424	5425	5340
120	4806	121	5425	5426	139
232	233	4779	251	5427	5342
4779	233	4807	5427	5428	5429
4779	4807	4780	5429	5430	5345
4780	4807	4808	5430	5431	5432
4780	4808	4781	5432	5433	5348
4781	4808	4809	5433	5434	5435
4781	4809	4782	5435	5436	5351
4782	4809	4810	5436	5437	5438
4782	4810	4783	5438	5439	5354
4783	4810	4811	5439	5440	5441
4783	4811	4784	5441	5442	5357
4784	4811	4812	5442	5443	5444
4784	4812	4785	5444	5445	5360
4785	4812	4813	5445	5446	5447
4785	4813	4786	5447	5448	5363
4786	4813	4814	5448	5449	5450
4786	4814	4787	5450	5451	5366
4787	4814	4815	5451	5452	5453
4787	4815	4788	5453	5454	5369
4788	4815	4816	5454	5455	5456
4788	4816	4789	5456	5457	5372
4789	4816	4817	5457	5458	5459
4789	4817	4790	5459	5460	5375
4790	4817	4818	5460	5461	5462
4790	4818	4791	5462	5463	5378
4791	4818	4819	5463	5464	5465
4791	4819	4792	5465	5466	5381
4792	4819	4820	5466	5467	5468
4792	4820	4793	5468	5469	5384
4793	4820	4821	5469	5470	5471
4793	4821	4794	5471	5472	5387
4794	4821	4822	5472	5473	5474
4794	4822	4795	5474	5475	5390
4795	4822	4823	5475	5476	5477
4795	4823	4796	5477	5478	5393
4796	4823	4824	5478	5479	5480
4796	4824	4797	5480	5481	5396
4797	4824	4825	5481	5482	5483
4797	4825	4798	5483	5484	5399
4798	4825	4826	5484	5485	5486
4798	4826	4799	5486	5487	5402
4799	4826	4827	5487	5488	5489
4799	4827	4800	5489	5490	5405
4800	4827	4828	5490	5491	5492
4800	4828	4801	5492	5493	5408
4801	4828	4829	5493	5494	5495
4801	4829	4802	5495	5496	5411
4802	4829	4830	5496	5497	5498
4802	4830	4803	5498	5499	5414
4803	4830	4831	5499	5500	5501
4803	4831	4804	5501	5502	5417
4804	4831	4832	5502	5503	5504
4804	4832	4805	5504	5505	5420
4805	4832	4833	5505	5506	5507
4805	4833	4806	5507	5508	5423
4806	4833	4834	5508	5509	5510
4806	4834	121	5510	5511	5426
121	4834	122	5511	5512	140
233	234	4807	252	5513	5428
4807	234	4835	5513	5514	5515
4807	4835	4808	5515	5516	5431
4808	4835	4836	5516	5517	5518
4808	4836	4809	5518	5519	5434
4809	4836	4837	5519	5520	5521
4809	4837	4810	5521	5522	5437
4810	4837	4838	5522	5523	5524
4810	4838	4811	5524	5525	5440
4811	4838	4839	5525	5526	5527
4811	4839	4812	5527	5528	5443
4812	4839	4840	5528	5529	5530
4812	4840	4813	5530	5531	5446
4813	4840	4841	5531	5532	5533
4813	4841	4814	5533	5534	5449
4814	4841	4842	5534	5535	5536
4814	4842	4815	5536	5537	5452
4815	4842	4843	5537	5538	5539
4815	4843	4816	5539	5540	5455
4816	4843	4844	5540	5541	5542
4816	4844	4817	5542	5543	5458
4817	4844	4845	5543	5544	5545
4817	4845	4818	5545	5546	5461
4818	4845	4846	5546	5547	5548
4818	4846	4819	5548	5549	5464
4819	4846	4847	5549	5550	5551
4819	4847	4820	5551	5552	5467
4820	4847	4848	5552	5553	5554
4820	4848	4821	5554	5555	5470
4821	4848	4849	5555	5556	5557
4821	4849	4822	5557	5558	5473
4822	4849	4850	5558	5559	5560
4822	4850	4823	5560	5561	5476
4823	4850	4851	5561	5562	5563
4823	4851	4824	5563	5564	5479
4824	4851	4852	5564	5565	5566
4824	4852	4825	5566	5567	5482
4825	4852	4853	5567	5568	5569
4825	4853	4826	5569	5570	5485
4826	4853	4854	5570	5571	5572
4826	4854	4827	5572	5573	5488
4827	4854	4855	5573	5574	5575
4827	4855	4828	5575	5576	5491
4828	4855	4856	5576	5577	5578
4828	4856	4829	5578	5579	5494
4829	4856	4857	5579	5580	5581
4829	4857	4830	5581	5582	5497
4830	4857	4858	5582	5583	5584
4830	4858	4831	5584	5585	5500
4831	4858	4859	5585	5586	5587
4831	4859	4832	5587	5588	5503
4832	4859	4860	5588	5589	5590
4832	4860	4833	5590	5591	5506
4833	4860	4861	5591	5592	5593
4833	4861	4834	5593	5594	5509
4834	4861	4862	5594	5595	5596
4834	4862	122	5596	5597	5512
122	4862	123	5597	5598	141
234	235	4835	253	5599	5514
4835	235	4863	5599	5600	5601
4835	4863	4836	5601	5602	5517
4836	4863	4864	5602	5603	5604
4836	4864	4837	5604	5605	5520
4837	4864	4865	5605	5606	5607
4837	4865	4838	5607	5608	5523
4838	4865	4866	5608	5609	5610
4838	4866	4839	5610	5611	5526
4839	4866	4867	5611	5612	5613
4839	4867	4840	5613	5614	5529
4840	4867	4868	5614	5615	5616
4840	4868	4841	5616	5617	5532
4841	4868	4869	5617	5618	5619
4841	4869	4842	5619	5620	5535
4842	4869	4870	5620	5621	5622
4842	4870	4843	5622	5623	5538
4843	4870	4871	5623	5624	5625
4843	4871	4844	5625	5626	5541
4844	4871	4872	5626	5627	5628
4844	4872	4845	5628	5629	5544
4845	4872	4873	5629	5630	5631
4845	4873	4846	5631	5632	5547
4846	4873	4874	5632	5633	5634
4846	4874	4847	5634	5635	5550
4847	4874	4875	5635	5636	5637
4847	4875	4848	5637	5638	5553
4848	4875	4876	5638	5639	5640
4848	4876	4849	5640	5641	5556
4849	4876	4877	5641	5642	5643
4849	4877	4850	5643	5644	5559
4850	4877	4878	5644	5645	5646
4850	4878	4851	5646	5647	5562
4851	4878	4879	5647	5648	5649
4851	4879	4852	5649	5650	5565
4852	4879	4880	5650	5651	5652
4852	4880	4853	5652	5653	5568
4853	4880	4881	5653	5654	5655
4853	4881	4854	5655	5656	5571
4854	4881	4882	5656	5657	5658
4854	4882	4855	5658	5659	5574
4855	4882	4883	5659	5660	5661
4855	4883	4856	5661	5662	5577
4856	4883	4884	5662	5663	5664
4856	4884	4857	5664	5665	5580
4857	4884	4885	5665	5666	5667
4857	4885	4858	5667	5668	5583
4858	4885	4886	5668	5669	5670
4858	4886	4859	5670	5671	5586
4859	4886	4887	5671	5672	5673
4859	4887	4860	5673	5674	5589
4860	4887	4888	5674	5675	5676
4860	4888	4861	5676	5677	5592
4861	4888	4889	5677	5678	5679
4861	4889	4862	5679	5680	5595
4862	4889	4890	5680	5681	5682
4862	4890	123	5682	5683	5598
123	4890	124	5683	5684	142
235	236	4863	254	5685	5600
4863	236	4891	5685	5686	5687
4863	4891	4864	5687	5688	5603
4864	4891	4892	5688	5689	5690
4864	4892	4865	5690	5691	5606
4865	4892	4893	5691	5692	5693
4865	4893	4866	5693	5694	5609
4866	4893	4894	5694	5695	5696
4866	4894	4867	5696	5697	5612
4867	4894	4895	5697	5698	5699
4867	4895	4868	5699	5700	5615
4868	4895	4896	5700	5701	5702
4868	4896	4869	5702	5703	5618
4869	4896	4897	5703	5704	5705
4869	4897	4870	5705	5706	5621
4870	4897	4898	5706	5707	5708
4870	4898	4871	5708	5709	5624
4871	4898	4899	5709	5710	5711
4871	4899	4872	5711	5712	5627
4872	4899	4900	5712	5713	5714
4872	4900	4873	5714	5715	5630
4873	4900	4901	5715	5716	5717
4873	4901	4874	5717	5718	5633
4874	4901	4902	5718	5719	5720
4874	4902	4875	5720	5721	5636
4875	4902	4903	5721	5722	5723
4875	4903	4876	5723	5724	5639
4876	4903	4904	5724	5725	5726
4876	4904	4877	5726	5727	5642
4877	4904	4905	5727	5728	5729
4877	4905	4878	5729	5730	5645
4878	4905	4906	5730	5731	5732
4878	4906	4879	5732	5733	5648
4879	4906	4907	5733	5734	5735
4879	4907	4880	5735	5736	5651
4880	4907	4908	5736	5737	5738
4880	4908	4881	5738	5739	5654
4881	4908	4909	5739	5740	5741
4881	4909	4882	5741	5742	5657
4882	4909	4910	5742	5743	5744
4882	4910	4883	5744	5745	5660
4883	4910	4911	5745	5746	5747
4883	4911	4884	5747	5748	5663
4884	4911	4912	5748	5749	5750
4884	4912	4885	5750	5751	5666
4885	4912	4913	5751	5752	5753
4885	4913	4886	5753	5754	5669
4886	4913	4914	5754	5755	5756
4886	4914	4887	5756	5757	5672
4887	4914	4915	5757	5758	5759
4887	4915	4888	5759	5760	5675
4888	4915	4916	5760	5761	5762
4888	4916	4889	5762	5763	5678
4889	4916	4917	5763	5764	5765
4889	4917	4890	5765	5766	5681
4890	4917	4918	5766	5767	5768
4890	4918	124	5768	5769	5684
124	4918	125	5769	5770	143
236	237	4891	255	5771	5686
4891	237	4919	5771	5772	5773
4891	4919	4892	5773	5774	5689
4892	4919	4920	5774	5775	5776
4892	4920	4893	5776	5777	5692
4893	4920	4921	5777	5778	5779
4893	4921	4894	5779	5780	5695
4894	4921	4922	5780	5781	5782
4894	4922	4895	5782	5783	5698
4895	4922	4923	5783	5784	5785
4895	4923	4896	5785	5786	5701
4896	4923	4924	5786	5787	5788
4896	4924	4897	5788	5789	5704
4897	4924	4925	5789	5790	5791
4897	4925	4898	5791	5792	5707
4898	4925	4926	5792	5793	5794
4898	4926	4899	5794	5795	5710
4899	4926	4927	5795	5796	5797
4899	4927	4900	5797	5798	5713
4900	4927	4928	5798	5799	5800
4900	4928	4901	5800	5801	5716
4901	4928	4929	5801	5802	5803
4901	4929	4902	5803	5804	5719
4902	4929	4930	5804	5805	5806
4902	4930	4903	5806	5807	5722
4903	4930	4931	5807	5808	5809
4903	4931	4904	5809	5810	5725
4904	4931	4932	5810	5811	5812
4904	4932	4905	5812	5813	5728
4905	4932	4933	5813	5814	5815
4905	4933	4906	5815	5816	5731
4906	4933	4934	5816	5817	5818
4906	4934	4907	5818	5819	5734
4907	4934	4935	5819	5820	5821
4907	4935	4908	5821	5822	5737
4908	4935	4936	5822	5823	5824
4908	4936	4909	5824	5825	5740
4909	4936	4937	5825	5826	5827
4909	4937	4910	5827	5828	5743
4910	4937	4938	5828	5829	5830
4910	4938	4911	5830	5831	5746
4911	4938	4939	5831	5832	5833
4911	4939	4912	5833	5834	5749
4912	4939	4940	5834	5835	5836
4912	4940	4913	5836	5837	5752
4913	4940	4941	5837	5838	5839
4913	4941	4914	5839	5840	5755
4914	4941	4942	5840	5841	5842
4914	4942	4915	5842	5843	5758
4915	4942	4943	5843	5844	5845
4915	4943	4916	5845	5846	5761
4916	4943	4944	5846	5847	5848
4916	4944	4917	5848	5849	5764
4917	4944	4945	5849	5850	5851
4917	4945	4918	5851	5852	5767
4918	4945	4946	5852	5853	5854
4918	4946	125	5854	5855	5770
125	4946	126	5855	5856	144
237	238	4919	256	5857	5772
4919	238	4947	5857	5858	5859
4919	4947	4920	5859	5860	5775
4920	4947	4948	5860	5861	5862
4920	4948	4921	5862	5863	5778
4921	4948	4949	5863	5864	5865
4921	4949	4922	5865	5866	5781
4922	4949	4950	5866	5867	5868
4922	4950	4923	5868	5869	5784
4923	4950	4951	5869	5870	5871
4923	4951	4924	5871	5872	5787
4924	4951	4952	5872	5873	5874
4924	4952	4925	5874	5875	5790
4925	4952	4953	5875	5876	5877
4925	4953	4926	5877	5878	5793
4926	4953	4954	5878	5879	5880
4926	4954	4927	5880	5881	5796
4927	4954	4955	5881	5882	5883
4927	4955	4928	5883	5884	5799
4928	4955	4956	5884	5885	5886
4928	4956	4929	5886	5887	5802
4929	4956	4957	5887	5888	5889
4929	4957	4930	5889	5890	5805
4930	4957	4958	5890	5891	5892
4930	4958	4931	5892	5893	5808
4931	4958	4959	5893	5894	5895
4931	4959	4932	5895	5896	5811
4932	4959	4960	5896	5897	5898
4932	4960	4933	5898	5899	5814
4933	4960	4961	5899	5900	5901
4933	4961	4934	5901	5902	5817
4934	4961	4962	5902	5903	5904
4934	4962	4935	5904	5905	5820
4935	4962	4963	5905	5906	5907
4935	4963	4936	5907	5908	5823
4936	4963	4964	5908	5909	5910
4936	4964	4937	5910	5911	5826
4937	4964	4965	5911	5912	5913
4937	4965	4938	5913	5914	5829
4938	4965	4966	5914	5915	5916
4938	4966	4939	5916	5917	5832
4939	4966	4967	5917	5918	5919
4939	4967	4940	5919	5920	5835
4940	4967	4968	5920	5921	5922
4940	4968	4941	5922	5923	5838
4941	4968	4969	5923	5924	5925
4941	4969	4942	5925	5926	5841
4942	4969	4970	5926	5927	5928
4942	4970	4943	5928	5929	5844
4943	4970	4971	5929	5930	5931
4943	4971	4944	5931	5932	5847
4944	4971	4972	5932	5933	5934
4944	4972	4945	5934	5935	5850
4945	4972	4973	5935	5936	5937
4945	4973	4946	5937	5938	5853
4946	4973	4974	5938	5939	5940
4946	4974	126	5940	5941	5856
126	4974	127	5941	5942	145
238	239	4947	257	5943	5858
4947	239	4975	5943	5944	5945
4947	4975	4948	5945	5946	5861
4948	4975	4976	5946	5947	5948
4948	4976	4949	5948	5949	5864
4949	4976	4977	5949	5950	5951
4949	4977	4950	5951	5952	5867
4950	4977	4978	5952	5953	5954
4950	4978	4951	5954	5955	5870
4951	4978	4979	5955	5956	5957
4951	4979	4952	5957	5958	5873
4952	4979	4980	5958	5959	5960
4952	4980	4953	5960	5961	5876
4953	4980	4981	5961	5962	5963
4953	4981	4954	5963	5964	5879
4954	4981	4982	5964	5965	5966
4954	4982	4955	5966	5967	5882
4955	4982	4983	5967	5968	5969
4955	4983	4956	5969	5970	5885
4956	4983	4984	5970	5971	5972
4956	4984	4957	5972	5973	5888
4957	4984	4985	5973	5974	5975
4957	4985	4958	5975	5976	5891
4958	4985	4986	5976	5977	5978
4958	4986	4959	5978	5979	5894
4959	4986	4987	5979	5980	5981
4959	4987	4960	5981	5982	5897
4960	4987	4988	5982	5983	5984
4960	4988	4961	5984	5985	5900
4961	4988	4989	5985	5986	5987
4961	4989	4962	5987	5988	5903
4962	4989	4990	5988	5989	5990
4962	4990	4963	5990	5991	5906
4963	4990	4991	5991	5992	5993
4963	4991	4964	5993	5994	5909
4964	4991	4992	5994	5995	5996
4964	4992	4965	5996	5997	5912
4965	4992	4993	5997	5998	5999
4965	4993	4966	5999	6000	5915
4966	4993	4994	6000	6001	6002
4966	4994	4967	6002	6003	5918
4967	4994	4995	6003	6004	6005
4967	4995	4968	6005	6006	5921
4968	4995	4996	6006	6007	6008
4968	4996	4969	6008	6009	5924
4969	4996	4997	6009	6010	6011
4969	4997	4970	6011	6012	5927
4970	4997	4998	6012	6013	6014
4970	4998	4971	6014	6015	5930
4971	4998	4999	6015	6016	6017
4971	4999	4972	6017	6018	5933
4972	4999	5000	6018	6019	6020
4972	5000	4973	6020	6021	5936
4973	5000	5001	6021	6022	6023
4973	5001	4974	6023	6024	5939
4974	5001	5002	6024	6025	6026
4974	5002	127	6026	6027	5942
127	5002	128	6027	6028	146
239	240	4975	258	6029	5944
4975	240	5003	6029	6030	6031
4975	5003	4976	6031	6032	5947
4976	5003	5004	6032	6033	6034
4976	5004	4977	6034	6035	5950
4977	5004	5005	6035	6036	6037
4977	5005	4978	6037	6038	5953
4978	5005	5006	6038	6039	6040
4978	5006	4979	6040	6041	5956
4979	5006	5007	6041	6042	6043
4979	5007	4980	6043	6044	5959
4980	5007	5008	6044	6045	6046
4980	5008	4981	6046	6047	5962
4981	5008	5009	6047	6048	6049
4981	5009	4982	6049	6050	5965
4982	5009	5010	6050	6051	6052
4982	5010	4983	6052	6053	5968
4983	5010	5011	6053	6054	6055
4983	5011	4984	6055	6056	5971
4984	5011	5012	6056	6057	6058
4984	5012	4985	6058	6059	5974
4985	5012	5013	6059	6060	6061
4985	5013	4986	6061	6062	5977
4986	5013	5014	6062	6063	6064
4986	5014	4987	6064	6065	5980
4987	5014	5015	6065	6066	6067
4987	5015	4988	6067	6068	5983
4988	5015	5016	6068	6069	6070
4988	5016	4989	6070	6071	5986
4989	5016	5017	6071	6072	6073
4989	5017	4990	6073	6074	5989
4990	5017	5018	6074	6075	6076
4990	5018	4991	6076	6077	5992
4991	5018	5019	6077	6078	6079
4991	5019	4992	6079	6080	5995
4992	5019	5020	6080	6081	6082
4992	5020	4993	6082	6083	5998
4993	5020	5021	6083	6084	6085
4993	5021	4994	6085	6086	6001
4994	5021	5022	6086	6087	6088
4994	5022	4995	6088	6089	6004
4995	5022	5023	6089	6090	6091
4995	5023	4996	6091	6092	6007
4996	5023	5024	6092	6093	6094
4996	5024	4997	6094	6095	6010
4997	5024	5025	6095	6096	6097
4997	5025	4998	6097	6098	6013
4998	5025	5026	6098	6099	6100
4998	5026	4999	6100	6101	6016
4999	5026	5027	6101	6102	6103
4999	5027	5000	6103	6104	6019
5000	5027	5028	6104	6105	6106
5000	5028	5001	6106	6107	6022
5001	5028	5029	6107	6108	6109
5001	5029	5002	6109	6110	6025
5002	5029	5030	6110	6111	6112
5002	5030	128	6112	6113	6028
128	5030	129	6113	6114	147
240	241	5003	259	6115	6030
5003	241	5031	6115	6116	6117
5003	5031	5004	6117	6118	6033
5004	5031	5032	6118	6119	6120
5004	5032	5005	6120	6121	6036
5005	5032	5033	6121	6122	6123
5005	5033	5006	6123	6124	6039
5006	5033	5034	6124	6125	6126
5006	5034	5007	6126	6127	6042
5007	5034	5035	6127	6128	6129
5007	5035	5008	6129	6130	6045
5008	5035	5036	6130	6131	6132
5008	5036	5009	6132	6133	6048
5009	5036	5037	6133	6134	6135
5009	5037	5010	6135	6136	6051
5010	5037	5038	6136	6137	6138
5010	5038	5011	6138	6139	6054
5011	5038	5039	6139	6140	6141
5011	5039	5012	6141	6142	6057
5012	5039	5040	6142	6143	6144
5012	5040	5013	6144	6145	6060
5013	5040	5041	6145	6146	6147
5013	5041	5014	6147	6148	6063
5014	5041	5042	6148	6149	6150
5014	5042	5015	6150	6151	6066
5015	5042	5043	6151	6152	6153
5015	5043	5016	6153	6154	6069
5016	5043	5044	6154	6155	6156
5016	5044	5017	6156	6157	6072
5017	5044	5045	6157	6158	6159
5017	5045	5018	6159	6160	6075
5018	5045	5046	6160	6161	6162
5018	5046	5019	6162	6163	6078
5019	5046	5047	6163	6164	6165
5019	5047	5020	6165	6166	6081
5020	5047	5048	6166	6167	6168
5020	5048	5021	6168	6169	6084
5021	5048	5049	6169	6170	6171
5021	5049	5022	6171	6172	6087
5022	5049	5050	6172	6173	6174
5022	5050	5023	6174	6175	6090
5023	5050	5051	6175	6176	6177
5023	5051	5024	6177	6178	6093
5024	5051	5052	6178	6179	6180
5024	5052	5025	6180	6181	6096
5025	5052	5053	6181	6182	6183
5025	5053	5026	6183	6184	6099
5026	5053	5054	6184	6185	6186
5026	5054	5027	6186	6187	6102
5027	5054	5055	6187	6188	6189
5027	5055	5028	6189	6190	6105
5028	5055	5056	6190	6191	6192
5028	5056	5029	6192	6193	6108
5029	5056	5057	6193	6194	6195
5029	5057	5030	6195	6196	6111
5030	5057	5058	6196	6197	6198
5030	5058	129	6198	6199	6114
129	5058	130	6199	6200	148
241	242	5031	260	6201	6116
5031	242	5059	6201	6202	6203
5031	5059	5032	6203	6204	6119
5032	5059	5060	6204	6205	6206
5032	5060	5033	6206	6207	6122
5033	5060	5061	6207	6208	6209
5033	5061	5034	6209	6210	6125
5034	5061	5062	6210	6211	6212
5034	5062	5035	6212	6213	6128
5035	5062	5063	6213	6214	6215
5035	5063	5036	6215	6216	6131
5036	5063	5064	6216	6217	6218
5036	5064	5037	6218	6219	6134
5037	5064	5065	6219	6220	6221
5037	5065	5038	6221	6222	6137
5038	5065	5066	6222	6223	6224
5038	5066	5039	6224	6225	6140
5039	5066	5067	6225	6226	6227
5039	5067	5040	6227	6228	6143
5040	5067	5068	6228	6229	6230
5040	5068	5041	6230	6231	6146
5041	5068	5069	6231	6232	6233
5041	5069	5042	6233	6234	6149
5042	5069	5070	6234	6235	6236
5042	5070	5043	6236	6237	6152
5043	5070	5071	6237	6238	6239
5043	5071	5044	6239	6240	6155
5044	5071	5072	6240	6241	6242
5044	5072	5045	6242	6243	6158
5045	5072	5073	6243	6244	6245
5045	5073	5046	6245	6246	6161
5046	5073	5074	6246	6247	6248
5046	5074	5047	6248	6249	6164
5047	5074	5075	6249	6250	6251
5047	5075	5048	6251	6252	6167
5048	5075	5076	6252	6253	6254
5048	5076	5049	6254	6255	6170
5049	5076	5077	6255	6256	6257
5049	5077	5050	6257	6258	6173
5050	5077	5078	6258	6259	6260
5050	5078	5051	6260	6261	6176
5051	5078	5079	6261	6262	6263
5051	5079	5052	6263	6264	6179
5052	5079	5080	6264	6265	6266
5052	5080	5053	6266	6267	6182
5053	5080	5081	6267	6268	6269
5053	5081	5054	6269	6270	6185
5054	5081	5082	6270	6271	6272
5054	5082	5055	6272	6273	6188
5055	5082	5083	6273	6274	6275
5055	5083	5056	6275	6276	6191
5056	5083	5084	6276	6277	6278
5056	5084	5057	6278	6279	6194
5057	5084	5085	6279	6280	6281
5057	5085	5058	6281	6282	6197
5058	5085	5086	6282	6283	6284
5058	5086	130	6284	6285	6200
130	5086	131	6285	6286	149
242	243	5059	261	6287	6202
5059	243	5087	6287	6288	6289
5059	5087	5060	6289	6290	6205
5060	5087	5088	6290	6291	6292
5060	5088	5061	6292	6293	6208
5061	5088	5089	6293	6294	6295
5061	5089	5062	6295	6296	6211
5062	5089	5090	6296	6297	6298
5062	5090	5063	6298	6299	6214
5063	5090	5091	6299	6300	6301
5063	5091	5064	6301	6302	6217
5064	5091	5092	6302	6303	6304
5064	5092	5065	6304	6305	6220
5065	5092	5093	6305	6306	6307
5065	5093	5066	6307	6308	6223
5066	5093	5094	6308	6309	6310
5066	5094	5067	6310	6311	6226
5067	5094	5095	6311	6312	6313
5067	5095	5068	6313	6314	6229
5068	5095	5096	6314	6315	6316
5068	5096	5069	6316	6317	6232
5069	5096	5097	6317	6318	6319
5069	5097	5070	6319	6320	6235
5070	5097	5098	6320	6321	6322
5070	5098	5071	6322	6323	6238
5071	5098	5099	6323	6324	6325
5071	5099	5072	6325	6326	6241
5072	5099	5100	6326	6327	6328
5072	5100	5073	6328	6329	6244
5073	5100	5101	6329	6330	6331
5073	5101	5074	6331	6332	6247
5074	5101	5102	6332	6333	6334
5074	5102	5075	6334	6335	6250
5075	5102	5103	6335	6336	6337
5075	5103	5076	6337	6338	6253
5076	5103	5104	6338	6339	6340
5076	5104	5077	6340	6341	6256
5077	5104	5105	6341	6342	6343
5077	5105	5078	6343	6344	6259
5078	5105	5106	6344	6345	6346
5078	5106	5079	6346	6347	6262
5079	5106	5107	6347	6348	6349
5079	5107	5080	6349	6350	6265
5080	5107	5108	6350	6351	6352
5080	5108	5081	6352	6353	6268
5081	5108	5109	6353	6354	6355
5081	5109	5082	6355	6356	6271
5082	5109	5110	6356	6357	6358
5082	5110	5083	6358	6359	6274
5083	5110	5111	6359	6360	6361
5083	5111	5084	6361	6362	6277
5084	5111	5112	6362	6363	6364
5084	5112	5085	6364	6365	6280
5085	5112	5113	6365	6366	6367
5085	5113	5086	6367	6368	6283
5086	5113	5114	6368	6369	6370
5086	5114	131	6370	6371	6286
131	5114	132	6371	6372	150
243	244	5087	262	6373	6288
5087	244	5115	6373	6374	6375
5087	5115	5088	6375	6376	6291
5088	5115	5116	6376	6377	6378
5088	5116	5089	6378	6379	6294
5089	5116	5117	6379	6380	6381
5089	5117	5090	6381	6382	6297
5090	5117	5118	6382	6383	6384
5090	5118	5091	6384	6385	6300
5091	5118	5119	6385	6386	6387
5091	5119	5092	6387	6388	6303
5092	5119	5120	6388	6389	6390
5092	5120	5093	6390	6391	6306
5093	5120	5121	6391	6392	6393
5093	5121	5094	6393	6394	6309
5094	5121	5122	6394	6395	6396
5094	5122	5095	6396	6397	6312
5095	5122	5123	6397	6398	6399
5095	5123	5096	6399	6400	6315
5096	5123	5124	6400	6401	6402
5096	5124	5097	6402	6403	6318
5097	5124	5125	6403	6404	6405
5097	5125	5098	6405	6406	6321
5098	5125	5126	6406	6407	6408
5098	5126	5099	6408	6409	6324
5099	5126	5127	6409	6410	6411
5099	5127	5100	6411	6412	6327
5100	5127	5128	6412	6413	6414
5100	5128	5101	6414	6415	6330
5101	5128	5129	6415	6416	6417
5101	5129	5102	6417	6418	6333
5102	5129	5130	6418	6419	6420
5102	5130	5103	6420	6421	6336
5103	5130	5131	6421	6422	6423
5103	5131	5104	6423	6424	6339
5104	5131	5132	6424	6425	6426
5104	5132	5105	6426	6427	6342
5105	5132	5133	6427	6428	6429
5105	5133	5106	6429	6430	6345
5106	5133	5134	6430	6431	6432
5106	5134	5107	6432	6433	6348
5107	5134	5135	6433	6434	6435
5107	5135	5108	6435	6436	6351
5108	5135	5136	6436	6437	6438
5108	5136	5109	6438	6439	6354
5109	5136	5137	6439	6440	6441
5109	5137	5110	6441	6442	6357
5110	5137	5138	6442	6443	6444
5110	5138	5111	6444	6445	6360
5111	5138	5139	6445	6446	6447
5111	5139	5112	6447	6448	6363
5112	5139	5140	6448	6449	6450
5112	5140	5113	6450	6451	6366
5113	5140	5141	6451	6452	6453
5113	5141	5114	6453	6454	6369
5114	5141	5142	6454	6455	6456
5114	5142	132	6456	6457	6372
132	5142	133	6457	6458	151
244	245	5115	263	6459	6374
5115	245	5143	6459	6460	6461
5115	5143	5116	6461	6462	6377
5116	5143	5144	6462	6463	6464
5116	5144	5117	6464	6465	6380
5117	5144	5145	6465	6466	6467
5117	5145	5118	6467	6468	6383
5118	5145	5146	6468	6469	6470
5118	5146	5119	6470	6471	6386
5119	5146	5147	6471	6472	6473
5119	5147	5120	6473	6474	6389
5120	5147	5148	6474	6475	6476
5120	5148	5121	6476	6477	6392
5121	5148	5149	6477	6478	6479
5121	5149	5122	6479	6480	6395
5122	5149	5150	6480	6481	6482
5122	5150	5123	6482	6483	6398
5123	5150	5151	6483	6484	6485
5123	5151	5124	6485	6486	6401
5124	5151	5152	6486	6487	6488
5124	5152	5125	6488	6489	6404
5125	5152	5153	6489	6490	6491
5125	5153	5126	6491	6492	6407
5126	5153	5154	6492	6493	6494
5126	5154	5127	6494	6495	6410
5127	5154	5155	6495	6496	6497
5127	5155	5128	6497	6498	6413
5128	5155	5156	6498	6499	6500
5128	5156	5129	6500	6501	6416
5129	5156	5157	6501	6502	6503
5129	5157	5130	6503	6504	6419
5130	5157	5158	6504	6505	6506
5130	5158	5131	6506	6507	6422
5131	5158	5159	6507	6508	6509
5131	5159	5132	6509	6510	6425
5132	5159	5160	6510	6511	6512
5132	5160	5133	6512	6513	6428
5133	5160	5161	6513	6514	6515
5133	5161	5134	6515	6516	6431
5134	5161	5162	6516	6517	6518
5134	5162	5135	6518	6519	6434
5135	5162	5163	6519	6520	6521
5135	5163	5136	6521	6522	6437
5136	5163	5164	6522	6523	6524
5136	5164	5137	6524	6525	6440
5137	5164	5165	6525	6526	6527
5137	5165	5138	6527	6528	6443
5138	5165	5166	6528	6529	6530
5138	5166	5139	6530	6531	6446
5139	5166	5167	6531	6532	6533
5139	5167	5140	6533	6534	6449
5140	5167	5168	6534	6535	6536
5140	5168	5141	6536	6537	6452
5141	5168	5169	6537	6538	6539
5141	5169	5142	6539	6540	6455
5142	5169	5170	6540	6541	6542
5142	5170	133	6542	6543	6458
133	5170	134	6543	6544	152
245	246	5143	264	6545	6460
5143	246	5171	6545	6546	6547
5143	5171	5144	6547	6548	6463
5144	5171	5172	6548	6549	6550
5144	5172	5145	6550	6551	6466
5145	5172	5173	6551	6552	6553
5145	5173	5146	6553	6554	6469
5146	5173	5174	6554	6555	6556
5146	5174	5147	6556	6557	6472
5147	5174	5175	6557	6558	6559
5147	5175	5148	6559	6560	6475
5148	5175	5176	6560	6561	6562
5148	5176	5149	6562	6563	6478
5149	5176	5177	6563	6564	6565
5149	5177	5150	6565	6566	6481
5150	5177	5178	6566	6567	6568
5150	5178	5151	6568	6569	6484
5151	5178	5179	6569	6570	6571
5151	5179	5152	6571	6572	6487
5152	5179	5180	6572	6573	6574
5152	5180	5153	6574	6575	6490
5153	5180	5181	6575	6576	6577
5153	5181	5154	6577	6578	6493
5154	5181	5182	6578	6579	6580
5154	5182	5155	6580	6581	6496
5155	5182	5183	6581	6582	6583
5155	5183	5156	6583	6584	6499
5156	5183	5184	6584	6585	6586
5156	5184	5157	6586	6587	6502
5157	5184	5185	6587	6588	6589
5157	5185	5158	6589	6590	6505
5158	5185	5186	6590	6591	6592
5158	5186	5159	6592	6593	6508
5159	5186	5187	6593	6594	6595
5159	5187	5160	6595	6596	6511
5160	5187	5188	6596	6597	6598
5160	5188	5161	6598	6599	6514
5161	5188	5189	6599	6600	6601
5161	5189	5162	6601	6602	6517
5162	5189	5190	6602	6603	6604
5162	5190	5163	6604	6605	6520
5163	5190	5191	6605	6606	6607
5163	5191	5164	6607	6608	6523
5164	5191	5192	6608	6609	6610
5164	5192	5165	6610	6611	6526
5165	5192	5193	6611	6612	6613
5165	5193	5166	6613	6614	6529
5166	5193	5194	6614	6615	6616
5166	5194	5167	6616	6617	6532
5167	5194	5195	6617	6618	6619
5167	5195	5168	6619	6620	6535
5168	5195	5196	6620	6621	6622
5168	5196	5169	6622	6623	6538
5169	5196	5197	6623	6624	6625
5169	5197	5170	6625	6626	6541
5170	5197	5198	6626	6627	6628
5170	5198	134	6628	6629	6544
134	5198	135	6629	6630	153
246	247	5171	265	6631	6546
5171	247	5199	6631	6632	6633
5171	5199	5172	6633	6634	6549
5172	5199	5200	6634	6635	6636
5172	5200	5173	6636	6637	6552
5173	5200	5201	6637	6638	6639
5173	5201	5174	6639	6640	6555
5174	5201	5202	6640	6641	6642
5174	5202	5175	6642	6643	6558
5175	5202	5203	6643	6644	6645
5175	5203	5176	6645	6646	6561
5176	5203	5204	6646	6647	6648
5176	5204	5177	6648	6649	6564
5177	5204	5205	6649	6650	6651
5177	5205	5178	6651	6652	6567
5178	5205	5206	6652	6653	6654
5178	5206	5179	6654	6655	6570
5179	5206	5207	6655	6656	6657
5179	5207	5180	6657	6658	6573
5180	5207	5208	6658	6659	6660
5180	5208	5181	6660	6661	6576
5181	5208	5209	6661	6662	6663
5181	5209	5182	6663	6664	6579
5182	5209	5210	6664	6665	6666
5182	5210	5183	6666	6667	6582
5183	5210	5211	6667	6668	6669
5183	5211	5184	6669	6670	6585
5184	5211	5212	6670	6671	6672
5184	5212	5185	6672	6673	6588
5185	5212	5213	6673	6674	6675
5185	5213	5186	6675	6676	6591
5186	5213	5214	6676	6677	6678
5186	5214	5187	6678	6679	6594
5187	5214	5215	6679	6680	6681
5187	5215	5188	6681	6682	6597
5188	5215	5216	6682	6683	6684
5188	5216	5189	6684	6685	6600
5189	5216	5217	6685	6686	6687
5189	5217	5190	6687	6688	6603
5190	5217	5218	6688	6689	6690
5190	5218	5191	6690	6691	6606
5191	5218	5219	6691	6692	6693
5191	5219	5192	6693	6694	6609
5192	5219	5220	6694	6695	6696
5192	5220	5193	6696	6697	6612
5193	5220	5221	6697	6698	6699
5193	5221	5194	6699	6700	6615
5194	5221	5222	6700	6701	6702
5194	5222	5195	6702	6703	6618
5195	5222	5223	6703	6704	6705
5195	5223	5196	6705	6706	6621
5196	5223	5224	6706	6707	6708
5196	5224	5197	6708	6709	6624
5197	5224	5225	6709	6710	6711
5197	5225	5198	6711	6712	6627
5198	5225	5226	6712	6713	6714
5198	5226	135	6714	6715	6630
135	5226	136	6715	6716	154
247	248	5199	266	6717	6632
5199	248	5227	6717	6718	6719
5199	5227	5200	6719	6720	6635
5200	5227	5228	6720	6721	6722
5200	5228	5201	6722	6723	6638
5201	5228	5229	6723	6724	6725
5201	5229	5202	6725	6726	6641
5202	5229	5230	6726	6727	6728
5202	5230	5203	6728	6729	6644
5203	5230	5231	6729	6730	6731
5203	5231	5204	6731	6732	6647
5204	5231	5232	6732	6733	6734
5204	5232	5205	6734	6735	6650
5205	5232	5233	6735	6736	6737
5205	5233	5206	6737	6738	6653
5206	5233	5234	6738	6739	6740
5206	5234	5207	6740	6741	6656
5207	5234	5235	6741	6742	6743
5207	5235	5208	6743	6744	6659
5208	5235	5236	6744	6745	6746
5208	5236	5209	6746	6747	6662
5209	5236	5237	6747	6748	6749
5209	5237	5210	6749	6750	6665
5210	5237	5238	6750	6751	6752
5210	5238	5211	6752	6753	6668
5211	5238	5239	6753	6754	6755
5211	5239	5212	6755	6756	6671
5212	5239	5240	6756	6757	6758
5212	5240	5213	6758	6759	6674
5213	5240	5241	6759	6760	6761
5213	5241	5214	6761	6762	6677
5214	5241	5242	6762	6763	6764
5214	5242	5215	6764	6765	6680
5215	5242	5243	6765	6766	6767
5215	5243	5216	6767	6768	6683
5216	5243	5244	6768	6769	6770
5216	5244	5217	6770	6771	6686
5217	5244	5245	6771	6772	6773
5217	5245	5218	6773	6774	6689
5218	5245	5246	6774	6775	6776
5218	5246	5219	6776	6777	6692
5219	5246	5247	6777	6778	6779
5219	5247	5220	6779	6780	6695
5220	5247	5248	6780	6781	6782
5220	5248	5221	6782	6783	6698
5221	5248	5249	6783	6784	6785
5221	5249	5222	6785	6786	6701
5222	5249	5250	6786	6787	6788
5222	5250	5223	6788	6789	6704
5223	5250	5251	6789	6790	6791
5223	5251	5224	6791	6792	6707
5224	5251	5252	6792	6793	6794
5224	5252	5225	6794	6795	6710
5225	5252	5253	6795	6796	6797
5225	5253	5226	6797	6798	6713
5226	5253	5254	6798	6799	6800
5226	5254	136	6800	6801	6716
136	5254	137	6801	6802	155
248	7	5227	267	6803	6718
5227	7	503	6803	532	6804
5227	503	5228	6804	6805	6721
5228	503	502	6805	531	6806
5228	502	5229	6806	6807	6724
5229	502	501	6807	530	6808
5229	501	5230	6808	6809	6727
5230	501	500	6809	529	6810
5230	500	5231	6810	6811	6730
5231	500	499	6811	528	6812
5231	499	5232	6812	6813	6733
5232	499	498	6813	527	6814
5232	498	5233	6814	6815	6736
5233	498	497	6815	526	6816
5233	497	5234	6816	6817	6739
5234	497	496	6817	525	6818
5234	496	5235	6818	6819	6742
5235	496	495	6819	524	6820
5235	495	5236	6820	6821	6745
5236	495	494	6821	523	6822
5236	494	5237	6822	6823	6748
5237	494	493	6823	522	6824
5237	493	5238	6824	6825	6751
5238	493	492	6825	521	6826
5238	492	5239	6826	6827	6754
5239	492	491	6827	520	6828
5239	491	5240	6828	6829	6757
5240	491	490	6829	519	6830
5240	490	5241	6830	6831	6760
5241	490	489	6831	518	6832
5241	489	5242	6832	6833	6763
5242	489	488	6833	517	6834
5242	488	5243	6834	6835	6766
5243	488	487	6835	516	6836
5243	487	5244	6836	6837	6769
5244	487	486	6837	515	6838
5244	486	5245	6838	6839	6772
5245	486	485	6839	514	6840
5245	485	5246	6840	6841	6775
5246	485	484	6841	513	6842
5246	484	5247	6842	6843	6778
5247	484	483	6843	512	6844
5247	483	5248	6844	6845	6781
5248	483	482	6845	511	6846
5248	482	5249	6846	6847	6784
5249	482	481	6847	510	6848
5249	481	5250	6848	6849	6787
5250	481	480	6849	509	6850
5250	480	5251	6850	6851	6790
5251	480	479	6851	508	6852
5251	479	5252	6852	6853	6793
5252	479	478	6853	507	6854
5252	478	5253	6854	6855	6796
5253	478	477	6855	506	6856
5253	477	5254	6856	6857	6799
5254	477	476	6857	505	6858
5254	476	137	6858	6859	6802
137	476	3	6859	504	156
7	268	503	286	7364	532
503	268	6860	7364	7365	7366
503	6860	502	7366	7367	531
502	6860	6861	7367	7368	7369
502	6861	501	7369	7370	530
501	6861	6862	7370	7371	7372
501	6862	500	7372	7373	529
500	6862	6863	7373	7374	7375
500	6863	499	7375	7376	528
499	6863	6864	7376	7377	7378
499	6864	498	7378	7379	527
498	6864	6865	7379	7380	7381
498	6865	497	7381	7382	526
497	6865	6866	7382	7383	7384
497	6866	496	7384	7385	525
496	6866	6867	7385	7386	7387
496	6867	495	7387	7388	524
495	6867	6868	7388	7389	7390
495	6868	494	7390	7391	523
494	6868	6869	7391	7392	7393
494	6869	493	7393	7394	522
493	6869	6870	7394	7395	7396
493	6870	492	7396	7397	521
492	6870	6871	7397	7398	7399
492	6871	491	7399	7400	520
491	6871	6872	7400	7401	7402
491	6872	490	7402	7403	519
490	6872	6873	7403	7404	7405
490	6873	489	7405	7406	518
489	6873	6874	7406	7407	7408
489	6874	488	7408	7409	517
488	6874	6875	7409	7410	7411
488	6875	487	7411	7412	516
487	6875	6876	7412	7413	7414
487	6876	486	7414	7415	515
486	6876	6877	7415	7416	7417
486	6877	485	7417	7418	514
485	6877	6878	7418	7419	7420
485	6878	484	7420	7421	513
484	6878	6879	7421	7422	7423
484	6879	483	7423	7424	512
483	6879	6880	7424	7425	7426
483	6880	482	7426	7427	511
482	6880	6881	7427	7428	7429
482	6881	481	7429	7430	510
481	6881	6882	7430	7431	7432
481	6882	480	7432	7433	509
480	6882	6883	7433	7434	7435
480	6883	479	7435	7436	508
479	6883	6884	7436	7437	7438
479	6884	478	7438	7439	507
478	6884	6885	7439	7440	7441
478	6885	477	7441	7442	506
477	6885	6886	7442	7443	7444
477	6886	476	7444	7445	505
476	6886	6887	7445	7446	7447
476	6887	3	7447	7448	504
3	6887	9	7448	7449	27
268	269	6860	287	7450	7365
6860	269	6888	7450	7451	7452
6860	6888	6861	7452	7453	7368
6861	6888	6889	7453	7454	7455
6861	6889	6862	7455	7456	7371
6862	6889	6890	7456	7457	7458
6862	6890	6863	7458	7459	7374
6863	6890	6891	7459	7460	7461
6863	6891	6864	7461	7462	7377
6864	6891	6892	7462	7463	7464
6864	6892	6865	7464	7465	7380
6865	6892	6893	7465	7466	7467
6865	6893	6866	7467	7468	7383
6866	6893	6894	7468	7469	7470
6866	6894	6867	7470	7471	7386
6867	6894	6895	7471	7472	7473
6867	6895	6868	7473	7474	7389
6868	6895	6896	7474	7475	7476
6868	6896	6869	7476	7477	7392
6869	6896	6897	7477	7478	7479
6869	6897	6870	7479	7480	7395
6870	6897	6898	7480	7481	7482
6870	6898	6871	7482	7483	7398
6871	6898	6899	7483	7484	7485
6871	6899	6872	7485	7486	7401
6872	6899	6900	7486	7487	7488
6872	6900	6873	7488	7489	7404
6873	6900	6901	7489	7490	7491
6873	6901	6874	7491	7492	7407
6874	6901	6902	7492	7493	7494
6874	6902	6875	7494	7495	7410
6875	6902	6903	7495	7496	7497
6875	6903	6876	7497	7498	7413
6876	6903	6904	7498	7499	7500
6876	6904	6877	7500	7501	7416
6877	6904	6905	7501	7502	7503
6877	6905	6878	7503	7504	7419
6878	6905	6906	7504	7505	7506
6878	6906	6879	7506	7507	7422
6879	6906	6907	7507	7508	7509
6879	6907	6880	7509	7510	7425
6880	6907	6908	7510	7511	7512
6880	6908	6881	7512	7513	7428
6881	6908	6909	7513	7514	7515
6881	6909	6882	7515	7516	7431
6882	6909	6910	7516	7517	7518
6882	6910	6883	7518	7519	7434
6883	6910	6911	7519	7520	7521
6883	6911	6884	7521	7522	7437
6884	6911	6912	7522	7523	7524
6884	6912	6885	7524	7525	7440
6885	6912	6913	7525	7526	7527
6885	6913	6886	7527	7528	7443
6886	6913	6914	7528	7529	7530
6886	6914	6887	7530	7531	7446
6887	6914	6915	7531	7532	7533
6887	6915	9	7533	7534	7449
9	6915	10	7534	7535	28
269	270	6888	288	7536	7451
6888	270	6916	7536	7537	7538
6888	6916	6889	7538	7539	7454
6889	6916	6917	7539	7540	7541
6889	6917	6890	7541	7542	7457
6890	6917	6918	7542	7543	7544
6890	6918	6891	7544	7545	7460
6891	6918	6919	7545	7546	7547
6891	6919	6892	7547	7548	7463
6892	6919	6920	7548	7549	7550
6892	6920	6893	7550	7551	7466
6893	6920	6921	7551	7552	7553
6893	6921	6894	7553	7554	7469
6894	6921	6922	7554	7555	7556
6894	6922	6895	7556	7557	7472
6895	6922	6923	7557	7558	7559
6895	6923	6896	7559	7560	7475
6896	6923	6924	7560	7561	7562
6896	6924	6897	7562	7563	7478
6897	6924	6925	7563	7564	7565
6897	6925	6898	7565	7566	7481
6898	6925	6926	7566	7567	7568
6898	6926	6899	7568	7569	7484
6899	6926	6927	7569	7570	7571
6899	6927	6900	7571	7572	7487
6900	6927	6928	7572	7573	7574
6900	6928	6901	7574	7575	7490
6901	6928	6929	7575	7576	7577
6901	6929	6902	7577	7578	7493
6902	6929	6930	7578	7579	7580
6902	6930	6903	7580	7581	7496
6903	6930	6931	7581	7582	7583
6903	6931	6904	7583	7584	7499
6904	6931	6932	7584	7585	7586
6904	6932	6905	7586	7587	7502
6905	6932	6933	7587	7588	7589
6905	6933	6906	7589	7590	7505
6906	6933	6934	7590	7591	7592
6906	6934	6907	7592	7593	7508
6907	6934	6935	7593	7594	7595
6907	6935	6908	7595	7596	7511
6908	6935	6936	7596	7597	7598
6908	6936	6909	7598	7599	7514
6909	6936	6937	7599	7600	7601
6909	6937	6910	7601	7602	7517
6910	6937	6938	7602	7603	7604
6910	6938	6911	7604	7605	7520
6911	6938	6939	7605	7606	7607
6911	6939	6912	7607	7608	7523
6912	6939	6940	7608	7609	7610
6912	6940	6913	7610	7611	7526
6913	6940	6941	7611	7612	7613
6913	6941	6914	7613	7614	7529
6914	6941	6942	7614	7615	7616
6914	6942	6915	7616	7617	7532
6915	6942	6943	7617	7618	7619
6915	6943	10	7619	7620	7535
10	6943	11	7620	7621	29
270	271	6916	289	7622	7537
6916	271	6944	7622	7623	7624
6916	6944	6917	7624	7625	7540
6917	6944	6945	7625	7626	7627
6917	6945	6918	7627	7628	7543
6918	6945	6946	7628	7629	7630
6918	6946	6919	7630	7631	7546
6919	6946	6947	7631	7632	7633
6919	6947	6920	7633	7634	7549
6920	6947	6948	7634	7635	7636
6920	6948	6921	7636	7637	7552
6921	6948	6949	7637	7638	7639
6921	6949	6922	7639	7640	7555
6922	6949	6950	7640	7641	7642
6922	6950	6923	7642	7643	7558
6923	6950	6951	7643	7644	7645
6923	6951	6924	7645	7646	7561
6924	6951	6952	7646	7647	7648
6924	6952	6925	7648	7649	7564
6925	6952	6953	7649	7650	7651
6925	6953	6926	7651	7652	7567
6926	6953	6954	7652	7653	7654
6926	6954	6927	7654	7655	7570
6927	6954	6955	7655	7656	7657
6927	6955	6928	7657	7658	7573
6928	6955	6956	7658	7659	7660
6928	6956	6929	7660	7661	7576
6929	6956	6957	7661	7662	7663
6929	6957	6930	7663	7664	7579
6930	6957	6958	7664	7665	7666
6930	6958	6931	7666	7667	7582
6931	6958	6959	7667	7668	7669
6931	6959	6932	7669	7670	7585
6932	6959	6960	7670	7671	7672
6932	6960	6933	7672	7673	7588
6933	6960	6961	7673	7674	7675
6933	6961	6934	7675	7676	7591
6934	6961	6962	7676	7677	7678
6934	6962	6935	7678	7679	7594
6935	6962	6963	7679	7680	7681
6935	6963	6936	7681	7682	7597
6936	6963	6964	7682	7683	7684
6936	6964	6937	7684	7685	7600
6937	6964	6965	7685	7686	7687
6937	6965	6938	7687	7688	7603
6938	6965	6966	7688	7689	7690
6938	6966	6939	7690	7691	7606
6939	6966	6967	7691	7692	7693
6939	6967	6940	7693	7694	7609
6940	6967	6968	7694	7695	7696
6940	6968	6941	7696	7697	7612
6941	6968	6969	7697	7698	7699
6941	6969	6942	7699	7700	7615
6942	6969	6970	7700	7701	7702
6942	6970	6943	7702	7703	7618
6943	6970	6971	7703	7704	7705
6943	6971	11	7705	7706	7621
11	6971	12	7706	7707	30
271	272	6944	290	7708	7623
6944	272	6972	7708	7709	7710
6944	6972	6945	7710	7711	7626
6945	6972	6973	7711	7712	7713
6945	6973	6946	7713	7714	7629
6946	6973	6974	7714	7715	7716
6946	6974	6947	7716	7717	7632
6947	6974	6975	7717	7718	7719
6947	6975	6948	7719	7720	7635
6948	6975	6976	7720	7721	7722
6948	6976	6949	7722	7723	7638
6949	6976	6977	7723	7724	7725
6949	6977	6950	7725	7726	7641
6950	6977	6978	7726	7727	7728
6950	6978	6951	7728	7729	7644
6951	6978	6979	7729	7730	7731
6951	6979	6952	7731	7732	7647
6952	6979	6980	7732	7733	7734
6952	6980	6953	7734	7735	7650
6953	6980	6981	7735	7736	7737
6953	6981	6954	7737	7738	7653
6954	6981	6982	7738	7739	7740
6954	6982	6955	7740	7741	7656
6955	6982	6983	7741	7742	7743
6955	6983	6956	7743	7744	7659
6956	6983	6984	7744	7745	7746
6956	6984	6957	7746	7747	7662
6957	6984	6985	7747	7748	7749
6957	6985	6958	7749	7750	7665
6958	6985	6986	7750	7751	7752
6958	6986	6959	7752	7753	7668
6959	6986	6987	7753	7754	7755
6959	6987	6960	7755	7756	7671
6960	6987	6988	7756	7757	7758
6960	6988	6961	7758	7759	7674
6961	6988	6989	7759	7760	7761
6961	6989	6962	7761	7762	7677
6962	6989	6990	7762	7763	7764
6962	6990	6963	7764	7765	7680
6963	6990	6991	7765	7766	7767
6963	6991	6964	7767	7768	7683
6964	6991	6992	7768	7769	7770
6964	6992	6965	7770	7771	7686
6965	6992	6993	7771	7772	7773
6965	6993	6966	7773	7774	7689
6966	6993	6994	7774	7775	7776
6966	6994	6967	7776	7777	7692
6967	6994	6995	7777	7778	7779
6967	6995	6968	7779	7780	7695
6968	6995	6996	7780	7781	7782
6968	6996	6969	7782	7783	7698
6969	6996	6997	7783	7784	7785
6969	6997	6970	7785	7786	7701
6970	6997	6998	7786	7787	7788
6970	6998	6971	7788	7789	7704
6971	6998	6999	7789	7790	7791
6971	6999	12	7791	7792	7707
12	6999	13	7792	7793	31
272	273	6972	291	7794	7709
6972	273	7000	7794	7795	7796
6972	7000	6973	7796	7797	7712
6973	7000	7001	7797	7798	7799
6973	7001	6974	7799	7800	7715
6974	7001	7002	7800	7801	7802
6974	7002	6975	7802	7803	7718
6975	7002	7003	7803	7804	7805
6975	7003	6976	7805	7806	7721
6976	7003	7004	7806	7807	7808
6976	7004	6977	7808	7809	7724
6977	7004	7005	7809	7810	7811
6977	7005	6978	7811	7812	7727
6978	7005	7006	7812	7813	7814
6978	7006	6979	7814	7815	7730
6979	7006	7007	7815	7816	7817
6979	7007	6980	7817	7818	7733
6980	7007	7008	7818	7819	7820
6980	7008	6981	7820	7821	7736
6981	7008	7009	7821	7822	7823
6981	7009	6982	7823	7824	7739
6982	7009	7010	7824	7825	7826
6982	7010	6983	7826	7827	7742
6983	7010	7011	7827	7828	7829
6983	7011	6984	7829	7830	7745
6984	7011	7012	7830	7831	7832
6984	7012	6985	7832	7833	7748
6985	7012	7013	7833	7834	7835
6985	7013	6986	7835	7836	7751
6986	7013	7014	7836	7837	7838
6986	7014	6987	7838	7839	7754
6987	7014	7015	7839	7840	7841
6987	7015	6988	7841	7842	7757
6988	7015	7016	7842	7843	7844
6988	7016	6989	7844	7845	7760
6989	7016	7017	7845	7846	7847
6989	7017	6990	7847	7848	7763
6990	7017	7018	7848	7849	7850
6990	7018	6991	7850	7851	7766
6991	7018	7019	7851	7852	7853
6991	7019	6992	7853	7854	7769
6992	7019	7020	7854	7855	7856
6992	7020	6993	7856	7857	7772
6993	7020	7021	7857	7858	7859
6993	7021	6994	7859	7860	7775
6994	7021	7022	7860	7861	7862
6994	7022	6995	7862	7863	7778
6995	7022	7023	7863	7864	7865
6995	7023	6996	7865	7866	7781
6996	7023	7024	7866	7867	7868
6996	7024	6997	7868	7869	7784
6997	7024	7025	7869	7870	7871
6997	7025	6998	7871	7872	7787
6998	7025	7026	7872	7873	7874
6998	7026	6999	7874	7875	7790
6999	7026	7027	7875	7876	7877
6999	7027	13	7877	7878	7793
13	7027	14	7878	7879	32
273	274	7000	292	7880	7795
7000	274	7028	7880	7881	7882
7000	7028	7001	7882	7883	7798
7001	7028	7029	7883	7884	7885
7001	7029	7002	7885	7886	7801
7002	7029	7030	7886	7887	7888
7002	7030	7003	7888	7889	7804
7003	7030	7031	7889	7890	7891
7003	7031	7004	7891	7892	7807
7004	7031	7032	7892	7893	7894
7004	7032	7005	7894	7895	7810
7005	7032	7033	7895	7896	7897
7005	7033	7006	7897	7898	7813
7006	7033	7034	7898	7899	7900
7006	7034	7007	7900	7901	7816
7007	7034	7035	7901	7902	7903
7007	7035	7008	7903	7904	7819
7008	7035	7036	7904	7905	7906
7008	7036	7009	7906	7907	7822
7009	7036	7037	7907	7908	7909
7009	7037	7010	7909	7910	7825
7010	7037	7038	7910	7911	7912
7010	7038	7011	7912	7913	7828
7011	7038	7039	7913	7914	7915
7011	7039	7012	7915	7916	7831
7012	7039	7040	7916	7917	7918
7012	7040	7013	7918	7919	7834
7013	7040	7041	7919	7920	7921
7013	7041	7014	7921	7922	7837
7014	7041	7042	7922	7923	7924
7014	7042	7015	7924	7925	7840
7015	7042	7043	7925	7926	7927
7015	7043	7016	7927	7928	7843
7016	7043	7044	7928	7929	7930
7016	7044	7017	7930	7931	7846
7017	7044	7045	7931	7932	7933
7017	7045	7018	7933	7934	7849
7018	7045	7046	7934	7935	7936
7018	7046	7019	7936	7937	7852
7019	7046	7047	7937	7938	7939
7019	7047	7020	7939	7940	7855
7020	7047	7048	7940	7941	7942
7020	7048	7021	7942	7943	7858
7021	7048	7049	7943	7944	7945
7021	7049	7022	7945	7946	7861
7022	7049	7050	7946	7947	7948
7022	7050	7023	7948	7949	7864
7023	7050	7051	7949	7950	7951
7023	7051	7024	7951	7952	7867
7024	7051	7052	7952	7953	7954
7024	7052	7025	7954	7955	7870
7025	7052	7053	7955	7956	7957
7025	7053	7026	7957	7958	7873
7026	7053	7054	7958	7959	7960
7026	7054	7027	7960	7961	7876
7027	7054	7055	7961	7962	7963
7027	7055	14	7963	7964	7879
14	7055	15	7964	7965	33
274	275	7028	293	7966	7881
7028	275	7056	7966	7967	7968
7028	7056	7029	7968	7969	7884
7029	7056	7057	7969	7970	7971
7029	7057	7030	7971	7972	7887
7030	7057	7058	7972	7973	7974
7030	7058	7031	7974	7975	7890
7031	7058	7059	7975	7976	7977
7031	7059	7032	7977	7978	7893
7032	7059	7060	7978	7979	7980
7032	7060	7033	7980	7981	7896
7033	7060	7061	7981	7982	7983
7033	7061	7034	7983	7984	7899
7034	7061	7062	7984	7985	7986
7034	7062	7035	7986	7987	7902
7035	7062	7063	7987	7988	7989
7035	7063	7036	7989	7990	7905
7036	7063	7064	7990	7991	7992
7036	7064	7037	7992	7993	7908
7037	7064	7065	7993	7994	7995
7037	7065	7038	7995	7996	7911
7038	7065	7066	7996	7997	7998
7038	7066	7039	7998	7999	7914
7039	7066	7067	7999	8000	8001
7039	7067	7040	8001	8002	7917
7040	7067	7068	8002	8003	8004
7040	7068	7041	8004	8005	7920
7041	7068	7069	8005	8006	8007
7041	7069	7042	8007	8008	7923
7042	7069	7070	8008	8009	8010
7042	7070	7043	8010	8011	7926
7043	7070	7071	8011	8012	8013
7043	7071	7044	8013	8014	7929
7044	7071	7072	8014	8015	8016
7044	7072	7045	8016	8017	7932
7045	7072	7073	8017	8018	8019
7045	7073	7046	8019	8020	7935
7046	7073	7074	8020	8021	8022
7046	7074	7047	8022	8023	7938
7047	7074	7075	8023	8024	8025
7047	7075	7048	8025	8026	7941
7048	7075	7076	8026	8027	8028
7048	7076	7049	8028	8029	7944
7049	7076	7077	8029	8030	8031
7049	7077	7050	8031	8032	7947
7050	7077	7078	8032	8033	8034
7050	7078	7051	8034	8035	7950
7051	7078	7079	8035	8036	8037
7051	7079	7052	8037	8038	7953
7052	7079	7080	8038	8039	8040
7052	7080	7053	8040	8041	7956
7053	7080	7081	8041	8042	8043
7053	7081	7054	8043	8044	7959
7054	7081	7082	8044	8045	8046
7054	7082	7055	8046	8047	7962
7055	7082	7083	8047	8048	8049
7055	7083	15	8049	8050	7965
15	7083	16	8050	8051	34
275	276	7056	294	8052	7967
7056	276	7084	8052	8053	8054
7056	7084	7057	8054	8055	7970
7057	7084	7085	8055	8056	8057
7057	7085	7058	8057	8058	7973
7058	7085	7086	8058	8059	8060
7058	7086	7059	8060	8061	7976
7059	7086	7087	8061	8062	8063
7059	7087	7060	8063	8064	7979
7060	7087	7088	8064	8065	8066
7060	7088	7061	8066	8067	7982
7061	7088	7089	8067	8068	8069
7061	7089	7062	8069	8070	7985
7062	7089	7090	8070	8071	8072
7062	7090	7063	8072	8073	7988
7063	7090	7091	8073	8074	8075
7063	7091	7064	8075	8076	7991
7064	7091	7092	8076	8077	8078
7064	7092	7065	8078	8079	7994
7065	7092	7093	8079	8080	8081
7065	7093	7066	8081	8082	7997
7066	7093	7094	8082	8083	8084
7066	7094	7067	8084	8085	8000
7067	7094	7095	8085	8086	8087
7067	7095	7068	8087	8088	8003
7068	7095	7096	8088	8089	8090
7068	7096	7069	8090	8091	8006
7069	7096	7097	8091	8092	8093
7069	7097	7070	8093	8094	8009
7070	7097	7098	8094	8095	8096
7070	7098	7071	8096	8097	8012
7071	7098	7099	8097	8098	8099
7071	7099	7072	8099	8100	8015
7072	7099	7100	8100	8101	8102
7072	7100	7073	8102	8103	8018
7073	7100	7101	8103	8104	8105
7073	7101	7074	8105	8106	8021
7074	7101	7102	8106	8107	8108
7074	7102	7075	8108	8109	8024
7075	7102	7103	8109	8110	8111
7075	7103	7076	8111	8112	8027
7076	7103	7104	8112	8113	8114
7076	7104	7077	8114	8115	8030
7077	7104	7105	8115	8116	8117
7077	7105	7078	8117	8118	8033
7078	7105	7106	8118	8119	8120
7078	7106	7079	8120	8121	8036
7079	7106	7107	8121	8122	8123
7079	7107	7080	8123	8124	8039
7080	7107	7108	8124	8125	8126
7080	7108	7081	8126	8127	8042
7081	7108	7109	8127	8128	8129
7081	7109	7082	8129	8130	8045
7082	7109	7110	8130	8131	8132
7082	7110	7083	8132	8133	8048
7083	7110	7111	8133	8134	8135
7083	7111	16	8135	8136	8051
16	7111	17	8136	8137	35
276	277	7084	295	8138	8053
7084	277	7112	8138	8139	8140
7084	7112	7085	8140	8141	8056
7085	7112	7113	8141	8142	8143
7085	7113	7086	8143	8144	8059
7086	7113	7114	8144	8145	8146
7086	7114	7087	8146	8147	8062
7087	7114	7115	8147	8148	8149
7087	7115	7088	8149	8150	8065
7088	7115	7116	8150	8151	8152
7088	7116	7089	8152	8153	8068
7089	7116	7117	8153	8154	8155
7089	7117	7090	8155	8156	8071
7090	7117	7118	8156	8157	8158
7090	7118	7091	8158	8159	8074
7091	7118	7119	8159	8160	8161
7091	7119	7092	8161	8162	8077
7092	7119	7120	8162	8163	8164
7092	7120	7093	8164	8165	8080
7093	7120	7121	8165	8166	8167
7093	7121	7094	8167	8168	8083
7094	7121	7122	8168	8169	8170
7094	7122	7095	8170	8171	8086
7095	7122	7123	8171	8172	8173
7095	7123	7096	8173	8174	8089
7096	7123	7124	8174	8175	8176
7096	7124	7097	8176	8177	8092
7097	7124	7125	8177	8178	8179
7097	7125	7098	8179	8180	8095
7098	7125	7126	8180	8181	8182
7098	7126	7099	8182	8183	8098
7099	7126	7127	8183	8184	8185
7099	7127	7100	8185	8186	8101
7100	7127	7128	8186	8187	8188
7100	7128	7101	8188	8189	8104
7101	7128	7129	8189	8190	8191
7101	7129	7102	8191	8192	8107
7102	7129	7130	8192	8193	8194
7102	7130	7103	8194	8195	8110
7103	7130	7131	8195	8196	8197
7103	7131	7104	8197	8198	8113
7104	7131	7132	8198	8199	8200
7104	7132	7105	8200	8201	8116
7105	7132	7133	8201	8202	8203
7105	7133	7106	8203	8204	8119
7106	7133	7134	8204	8205	8206
7106	7134	7107	8206	8207	8122
7107	7134	7135	8207	8208	8209
7107	7135	7108	8209	8210	8125
7108	7135	7136	8210	8211	8212
7108	7136	7109	8212	8213	8128
7109	7136	7137	8213	8214	8215
7109	7137	7110	8215	8216	8131
7110	7137	7138	8216	8217	8218
7110	7138	7111	8218	8219	8134
7111	7138	7139	8219	8220	8221
7111	7139	17	8221	8222	8137
17	7139	18	8222	8223	36
277	278	7112	296	8224	8139
7112	278	7140	8224	8225	8226
7112	7140	7113	8226	8227	8142
7113	7140	7141	8227	8228	8229
7113	7141	7114	8229	8230	8145
7114	7141	7142	8230	8231	8232
7114	7142	7115	8232	8233	8148
7115	7142	7143	8233	8234	8235
7115	7143	7116	8235	8236	8151
7116	7143	7144	8236	8237	8238
7116	7144	7117	8238	8239	8154
7117	7144	7145	8239	8240	8241
7117	7145	7118	8241	8242	8157
7118	7145	7146	8242	8243	8244
7118	7146	7119	8244	8245	8160
7119	7146	7147	8245	8246	8247
7119	7147	7120	8247	8248	8163
7120	7147	7148	8248	8249	8250
7120	7148	7121	8250	8251	8166
7121	7148	7149	8251	8252	8253
7121	7149	7122	8253	8254	8169
7122	7149	7150	8254	8255	8256
7122	7150	7123	8256	8257	8172
7123	7150	7151	8257	8258	8259
7123	7151	7124	8259	8260	8175
7124	7151	7152	8260	8261	8262
7124	7152	7125	8262	8263	8178
7125	7152	7153	8263	8264	8265
7125	7153	7126	8265	8266	8181
7126	7153	7154	8266	8267	8268
7126	7154	7127	8268	8269	8184
7127	7154	7155	8269	8270	8271
7127	7155	7128	8271	8272	8187
7128	7155	7156	8272	8273	8274
7128	7156	7129	8274	8275	8190
7129	7156	7157	8275	8276	8277
7129	7157	7130	8277	8278	8193
7130	7157	7158	8278	8279	8280
7130	7158	7131	8280	8281	8196
7131	7158	7159	8281	8282	8283
7131	7159	7132	8283	8284	8199
7132	7159	7160	8284	8285	8286
7132	7160	7133	8286	8287	8202
7133	7160	7161	8287	8288	8289
7133	7161	7134	8289	8290	8205
7134	7161	7162	8290	8291	8292
7134	7162	7135	8292	8293	8208
7135	7162	7163	8293	8294	8295
7135	7163	7136	8295	8296	8211
7136	7163	7164	8296	8297	8298
7136	7164	7137	8298	8299	8214
7137	7164	7165	8299	8300	8301
7137	7165	7138	8301	8302	8217
7138	7165	7166	8302	8303	8304
7138	7166	7139	8304	8305	8220
7139	7166	7167	8305	8306	8307
7139	7167	18	8307	8308	8223
18	7167	19	8308	8309	37
278	279	7140	297	8310	8225
7140	279	7168	8310	8311	8312
7140	7168	7141	8312	8313	8228
7141	7168	7169	8313	8314	8315
7141	7169	7142	8315	8316	8231
7142	7169	7170	8316	8317	8318
7142	7170	7143	8318	8319	8234
7143	7170	7171	8319	8320	8321
7143	7171	7144	8321	8322	8237
7144	7171	7172	8322	8323	8324
7144	7172	7145	8324	8325	8240
7145	7172	7173	8325	8326	8327
7145	7173	7146	8327	8328	8243
7146	7173	7174	8328	8329	8330
7146	7174	7147	8330	8331	8246
7147	7174	7175	8331	8332	8333
7147	7175	7148	8333	8334	8249
7148	7175	7176	8334	8335	8336
7148	7176	7149	8336	8337	8252
7149	7176	7177	8337	8338	8339
7149	7177	7150	8339	8340	8255
7150	7177	7178	8340	8341	8342
7150	7178	7151	8342	8343	8258
7151	7178	7179	8343	8344	8345
7151	7179	7152	8345	8346	8261
7152	7179	7180	8346	8347	8348
7152	7180	7153	8348	8349	8264
7153	7180	7181	8349	8350	8351
7153	7181	7154	8351	8352	8267
7154	7181	7182	8352	8353	8354
7154	7182	7155	8354	8355	8270
7155	7182	7183	8355	8356	8357
7155	7183	7156	8357	8358	8273
7156	7183	7184	8358	8359	8360
7156	7184	7157	8360	8361	8276
7157	7184	7185	8361	8362	8363
7157	7185	7158	8363	8364	8279
7158	7185	7186	8364	8365	8366
7158	7186	7159	8366	8367	8282
7159	7186	7187	8367	8368	8369
7159	7187	7160	8369	8370	8285
7160	7187	7188	8370	8371	8372
7160	7188	7161	8372	8373	8288
7161	7188	7189	8373	8374	8375
7161	7189	7162	8375	8376	8291
7162	7189	7190	8376	8377	8378
7162	7190	7163	8378	8379	8294
7163	7190	7191	8379	8380	8381
7163	7191	7164	8381	8382	8297
7164	7191	7192	8382	8383	8384
7164	7192	7165	8384	8385	8300
7165	7192	7193	8385	8386	8387
7165	7193	7166	8387	8388	8303
7166	7193	7194	8388	8389	8390
7166	7194	7167	8390	8391	8306
7167	7194	7195	8391	8392	8393
7167	7195	19	8393	8394	8309
19	7195	20	8394	8395	38
279	280	7168	298	8396	8311
7168	280	7196	8396	8397	8398
7168	7196	7169	8398	8399	8314
7169	7196	7197	8399	8400	8401
7169	7197	7170	8401	8402	8317
7170	7197	7198	8402	8403	8404
7170	7198	7171	8404	8405	8320
7171	7198	7199	8405	8406	8407
7171	7199	7172	8407	8408	8323
7172	7199	7200	8408	8409	8410
7172	7200	7173	8410	8411	8326
7173	7200	7201	8411	8412	8413
7173	7201	7174	8413	8414	8329
7174	7201	7202	8414	8415	8416
7174	7202	7175	8416	8417	8332
7175	7202	7203	8417	8418	8419
7175	7203	7176	8419	8420	8335
7176	7203	7204	8420	8421	8422
7176	7204	7177	8422	8423	8338
7177	7204	7205	8423	8424	8425
7177	7205	7178	8425	8426	8341
7178	7205	7206	8426	8427	8428
7178	7206	7179	8428	8429	8344
7179	7206	7207	8429	8430	8431
7179	7207	7180	8431	8432	8347
7180	7207	7208	8432	8433	8434
7180	7208	7181	8434	8435	8350
7181	7208	7209	8435	8436	8437
7181	7209	7182	8437	8438	8353
7182	7209	7210	8438	8439	8440
7182	7210	7183	8440	8441	8356
7183	7210	7211	8441	8442	8443
7183	7211	7184	8443	8444	8359
7184	7211	7212	8444	8445	8446
7184	7212	7185	8446	8447	8362
7185	7212	7213	8447	8448	8449
7185	7213	7186	8449	8450	8365
7186	7213	7214	8450	8451	8452
7186	7214	7187	8452	8453	8368
7187	7214	7215	8453	8454	8455
7187	7215	7188	8455	8456	8371
7188	7215	7216	8456	8457	8458
7188	7216	7189	8458	8459	8374
7189	7216	7217	8459	8460	8461
7189	7217	7190	8461	8462	8377
7190	7217	7218	8462	8463	8464
7190	7218	7191	8464	8465	8380
7191	7218	7219	8465	8466	8467
7191	7219	7192	8467	8468	8383
7192	7219	7220	8468	8469	8470
7192	7220	7193	8470	8471	8386
7193	7220	7221	8471	8472	8473
7193	7221	7194	8473	8474	8389
7194	7221	7222	8474	8475	8476
7194	7222	7195	8476	8477	8392
7195	7222	7223	8477	8478	8479
7195	7223	20	8479	8480	8395
20	7223	21	8480	8481	39
280	281	7196	299	8482	8397
7196	281	7224	8482	8483	8484
7196	7224	7197	8484	8485	8400
7197	7224	7225	8485	8486	8487
7197	7225	7198	8487	8488	8403
7198	7225	7226	8488	8489	8490
7198	7226	7199	8490	8491	8406
7199	7226	7227	8491	8492	8493
7199	7227	7200	8493	8494	8409
7200	7227	7228	8494	8495	8496
7200	7228	7201	8496	8497	8412
7201	7228	7229	8497	8498	8499
7201	7229	7202	8499	8500	8415
7202	7229	7230	8500	8501	8502
7202	7230	7203	8502	8503	8418
7203	7230	7231	8503	8504	8505
7203	7231	7204	8505	8506	8421
7204	7231	7232	8506	8507	8508
7204	7232	7205	8508	8509	8424
7205	7232	7233	8509	8510	8511
7205	7233	7206	8511	8512	8427
7206	7233	7234	8512	8513	8514
7206	7234	7207	8514	8515	8430
7207	7234	7235	8515	8516	8517
7207	7235	7208	8517	8518	8433
7208	7235	7236	8518	8519	8520
7208	7236	7209	8520	8521	8436
7209	7236	7237	8521	8522	8523
7209	7237	7210	8523	8524	8439
7210	7237	7238	8524	8525	8526
7210	7238	7211	8526	8527	8442
7211	7238	7239	8527	8528	8529
7211	7239	7212	8529	8530	8445
7212	7239	7240	8530	8531	8532
7212	7240	7213	8532	8533	8448
7213	7240	7241	8533	8534	8535
7213	7241	7214	8535	8536	8451
7214	7241	7242	8536	8537	8538
7214	7242	7215	8538	8539	8454
7215	7242	7243	8539	8540	8541
7215	7243	7216	8541	8542	8457
7216	7243	7244	8542	8543	8544
7216	7244	7217	8544	8545	8460
7217	7244	7245	8545	8546	8547
7217	7245	7218	8547	8548	8463
7218	7245	7246	8548	8549	8550
7218	7246	7219	8550	8551	8466
7219	7246	7247	8551	8552	8553
7219	7247	7220	8553	8554	8469
7220	7247	7248	8554	8555	8556
7220	7248	7221	8556	8557	8472
7221	7248	7249	8557	8558	8559
7221	7249	7222	8559	8560	8475
7222	7249	7250	8560	8561	8562
7222	7250	7223	8562	8563	8478
7223	7250	7251	8563	8564	8565
7223	7251	21	8565	8566	8481
21	7251	22	8566	8567	40
281	282	7224	300	8568	8483
7224	282	7252	8568	8569	8570
7224	7252	7225	8570	8571	8486
7225	7252	7253	8571	8572	8573
7225	7253	7226	8573	8574	8489
7226	7253	7254	8574	8575	8576
7226	7254	7227	8576	8577	8492
7227	7254	7255	8577	8578	8579
7227	7255	7228	8579	8580	8495
7228	7255	7256	8580	8581	8582
7228	7256	7229	8582	8583	8498
7229	7256	7257	8583	8584	8585
7229	7257	7230	8585	8586	8501
7230	7257	7258	8586	8587	8588
7230	7258	7231	8588	8589	8504
7231	7258	7259	8589	8590	8591
7231	7259	7232	8591	8592	8507
7232	7259	7260	8592	8593	8594
7232	7260	7233	8594	8595	8510
7233	7260	7261	8595	8596	8597
7233	7261	7234	8597	8598	8513
7234	7261	7262	8598	8599	8600
7234	7262	7235	8600	8601	8516
7235	7262	7263	8601	8602	8603
7235	7263	7236	8603	8604	8519
7236	7263	7264	8604	8605	8606
7236	7264	7237	8606	8607	8522
7237	7264	7265	8607	8608	8609
7237	7265	7238	8609	8610	8525
7238	7265	7266	8610	8611	8612
7238	7266	7239	8612	8613	8528
7239	7266	7267	8613	8614	8615
7239	7267	7240	8615	8616	8531
7240	7267	7268	8616	8617	8618
7240	7268	7241	8618	8619	8534
7241	7268	7269	8619	8620	8621
7241	7269	7242	8621	8622	8537
7242	7269	7270	8622	8623	8624
7242	7270	7243	8624	8625	8540
7243	7270	7271	8625	8626	8627
7243	7271	7244	8627	8628	8543
7244	7271	7272	8628	8629	8630
7244	7272	7245	8630	8631	8546
7245	7272	7273	8631	8632	8633
7245	7273	7246	8633	8634	8549
7246	7273	7274	8634	8635	8636
7246	7274	7247	8636	8637	8552
7247	7274	7275	8637	8638	8639
7247	7275	7248	8639	8640	8555
7248	7275	7276	8640	8641	8642
7248	7276	7249	8642	8643	8558
7249	7276	7277	8643	8644	8645
7249	7277	7250	8645	8646	8561
7250	7277	7278	8646	8647	8648
7250	7278	7251	8648	8649	8564
7251	7278	7279	8649	8650	8651
7251	7279	22	8651	8652	8567
22	7279	23	8652	8653	41
282	283	7252	301	8654	8569
7252	283	7280	8654	8655	8656
7252	7280	7253	8656	8657	8572
7253	7280	7281	8657	8658	8659
7253	7281	7254	8659	8660	8575
7254	7281	7282	8660	8661	8662
7254	7282	7255	8662	8663	8578
7255	7282	7283	8663	8664	8665
7255	7283	7256	8665	8666	8581
7256	7283	7284	8666	8667	8668
7256	7284	7257	8668	8669	8584
7257	7284	7285	8669	8670	8671
7257	7285	7258	8671	8672	8587
7258	7285	7286	8672	8673	8674
7258	7286	7259	8674	8675	8590
7259	7286	7287	8675	8676	8677
7259	7287	7260	8677	8678	8593
7260	7287	7288	8678	8679	8680
7260	7288	7261	8680	8681	8596
7261	7288	7289	8681	8682	8683
7261	7289	7262	8683	8684	8599
7262	7289	7290	8684	8685	8686
7262	7290	7263	8686	8687	8602
7263	7290	7291	8687	8688	8689
7263	7291	7264	8689	8690	8605
7264	7291	7292	8690	8691	8692
7264	7292	7265	8692	8693	8608
7265	7292	7293	8693	8694	8695
7265	7293	7266	8695	8696	8611
7266	7293	7294	8696	8697	8698
7266	7294	7267	8698	8699	8614
7267	7294	7295	8699	8700	8701
7267	7295	7268	8701	8702	8617
7268	7295	7296	8702	8703	8704
7268	7296	7269	8704	8705	8620
7269	7296	7297	8705	8706	8707
7269	7297	7270	8707	8708	8623
7270	7297	7298	8708	8709	8710
7270	7298	7271	8710	8711	8626
7271	7298	7299	8711	8712	8713
7271	7299	7272	8713	8714	8629
7272	7299	7300	8714	8715	8716
7272	7300	7273	8716	8717	8632
7273	7300	7301	8717	8718	8719
7273	7301	7274	8719	8720	8635
7274	7301	7302	8720	8721	8722
7274	7302	7275	8722	8723	8638
7275	7302	7303	8723	8724	8725
7275	7303	7276	8725	8726	8641
7276	7303	7304	8726	8727	8728
7276	7304	7277	8728	8729	8644
7277	7304	7305	8729	8730	8731
7277	7305	7278	8731	8732	8647
7278	7305	7306	8732	8733	8734
7278	7306	7279	8734	8735	8650
7279	7306	7307	8735	8736	8737
7279	7307	23	8737	8738	8653
23	7307	24	8738	8739	42
283	284	7280	302	8740	8655
7280	284	7308	8740	8741	8742
7280	7308	7281	8742	8743	8658
7281	7308	7309	8743	8744	8745
7281	7309	7282	8745	8746	8661
7282	7309	7310	8746	8747	8748
7282	7310	7283	8748	8749	8664
7283	7310	7311	8749	8750	8751
7283	7311	7284	8751	8752	8667
7284	7311	7312	8752	8753	8754
7284	7312	7285	8754	8755	8670
7285	7312	7313	8755	8756	8757
7285	7313	7286	8757	8758	8673
7286	7313	7314	8758	8759	8760
7286	7314	7287	8760	8761	8676
7287	7314	7315	8761	8762	8763
7287	7315	7288	8763	8764	8679
7288	7315	7316	8764	8765	8766
7288	7316	7289	8766	8767	8682
7289	7316	7317	8767	8768	8769
7289	7317	7290	8769	8770	8685
7290	7317	7318	8770	8771	8772
7290	7318	7291	8772	8773	8688
7291	7318	7319	8773	8774	8775
7291	7319	7292	8775	8776	8691
7292	7319	7320	8776	8777	8778
7292	7320	7293	8778	8779	8694
7293	7320	7321	8779	8780	8781
7293	7321	7294	8781	8782	8697
7294	7321	7322	8782	8783	8784
7294	7322	7295	8784	8785	8700
7295	7322	7323	8785	8786	8787
7295	7323	7296	8787	8788	8703
7296	7323	7324	8788	8789	8790
7296	7324	7297	8790	8791	8706
7297	7324	7325	8791	8792	8793
7297	7325	7298	8793	8794	8709
7298	7325	7326	8794	8795	8796
7298	7326	7299	8796	8797	8712
7299	7326	7327	8797	8798	8799
7299	7327	7300	8799	8800	8715
7300	7327	7328	8800	8801	8802
7300	7328	7301	8802	8803	8718
7301	7328	7329	8803	8804	8805
7301	7329	7302	8805	8806	8721
7302	7329	7330	8806	8807	8808
7302	7330	7303	8808	8809	8724
7303	7330	7331	8809	8810	8811
7303	7331	7304	8811	8812	8727
7304	7331	7332	8812	8813	8814
7304	7332	7305	8814	8815	8730
7305	7332	7333	8815	8816	8817
7305	7333	7306	8817	8818	8733
7306	7333	7334	8818	8819	8820
7306	7334	7307	8820	8821	8736
7307	7334	7335	8821	8822	8823
7307	7335	24	8823	8824	8739
24	7335	25	8824	8825	43
284	285	7308	303	8826	8741
7308	285	7336	8826	8827	8828
7308	7336	7309	8828	8829	8744
7309	7336	7337	8829	8830	8831
7309	7337	7310	8831	8832	8747
7310	7337	7338	8832	8833	8834
7310	7338	7311	8834	8835	8750
7311	7338	7339	8835	8836	8837
7311	7339	7312	8837	8838	8753
7312	7339	7340	8838	8839	8840
7312	7340	7313	8840	8841	8756
7313	7340	7341	8841	8842	8843
7313	7341	7314	8843	8844	8759
7314	7341	7342	8844	8845	8846
7314	7342	7315	8846	8847	8762
7315	7342	7343	8847	8848	8849
7315	7343	7316	8849	8850	8765
7316	7343	7344	8850	8851	8852
7316	7344	7317	8852	8853	8768
7317	7344	7345	8853	8854	8855
7317	7345	7318	8855	8856	8771
7318	7345	7346	8856	8857	8858
7318	7346	7319	8858	8859	8774
7319	7346	7347	8859	8860	8861
7319	7347	7320	8861	8862	8777
7320	7347	7348	8862	8863	8864
7320	7348	7321	8864	8865	8780
7321	7348	7349	8865	8866	8867
7321	7349	7322	8867	8868	8783
7322	7349	7350	8868	8869	8870
7322	7350	7323	8870	8871	8786
7323	7350	7351	8871	8872	8873
7323	7351	7324	8873	8874	8789
7324	7351	7352	8874	8875	8876
7324	7352	7325	8876	8877	8792
7325	7352	7353	8877	8878	8879
7325	7353	7326	8879	8880	8795
7326	7353	7354	8880	8881	8882
7326	7354	7327	8882	8883	8798
7327	7354	7355	8883	8884	8885
7327	7355	7328	8885	8886	8801
7328	7355	7356	8886	8887	8888
7328	7356	7329	8888	8889	8804
7329	7356	7357	8889	8890	8891
7329	7357	7330	8891	8892	8807
7330	7357	7358	8892	8893	8894
7330	7358	7331	8894	8895	8810
7331	7358	7359	8895	8896	8897
7331	7359	7332	8897	8898	8813
7332	7359	7360	8898	8899	8900
7332	7360	7333	8900	8901	8816
7333	7360	7361	8901	8902	8903
7333	7361	7334	8903	8904	8819
7334	7361	7362	8904	8905	8906
7334	7362	7335	8906	8907	8822
7335	7362	7363	8907	8908	8909
7335	7363	25	8909	8910	8825
25	7363	26	8910	8911	44
285	8	7336	304	8912	8827
7336	8	305	8912	333	8913
7336	305	7337	8913	8914	8830
7337	305	306	8914	334	8915
7337	306	7338	8915	8916	8833
7338	306	307	8916	335	8917
7338	307	7339	8917	8918	8836
7339	307	308	8918	336	8919
7339	308	7340	8919	8920	8839
7340	308	309	8920	337	8921
7340	309	7341	8921	8922	8842
7341	309	310	8922	338	8923
7341	310	7342	8923	8924	8845
7342	310	311	8924	339	8925
7342	311	7343	8925	8926	8848
7343	311	312	8926	340	8927
7343	312	7344	8927	8928	8851
7344	312	313	8928	341	8929
7344	313	7345	8929	8930	8854
7345	313	314	8930	342	8931
7345	314	7346	8931	8932	8857
7346	314	315	8932	343	8933
7346	315	7347	8933	8934	8860
7347	315	316	8934	344	8935
7347	316	7348	8935	8936	8863
7348	316	317	8936	345	8937
7348	317	7349	8937	8938	8866
7349	317	318	8938	346	8939
7349	318	7350	8939	8940	8869
7350	318	319	8940	347	8941
7350	319	7351	8941	8942	8872
7351	319	320	8942	348	8943
7351	320	7352	8943	8944	8875
7352	320	321	8944	349	8945
7352	321	7353	8945	8946	8878
7353	321	322	8946	350	8947
7353	322	7354	8947	8948	8881
7354	322	323	8948	351	8949
7354	323	7355	8949	8950	8884
7355	323	324	8950	352	8951
7355	324	7356	8951	8952	8887
7356	324	325	8952	353	8953
7356	325	7357	8953	8954	8890
7357	325	326	8954	354	8955
7357	326	7358	8955	8956	8893
7358	326	327	8956	355	8957
7358	327	7359	8957	8958	8896
7359	327	328	8958	356	8959
7359	328	7360	8959	8960	8899
7360	328	329	8960	357	8961
7360	329	7361	8961	8962	8902
7361	329	330	8962	358	8963
7361	330	7362	8963	8964	8905
7362	330	331	8964	359	8965
7362	331	7363	8965	8966	8908
7363	331	332	8966	360	8967
7363	332	26	8967	8968	8911
26	332	1	8968	361	45

--------------------------------------------------------------------------------
NUMBER OF BOUNDARY TYPES        TOTAL NUMBER OF ELEMENTS
--------------------------------------------------------------------------------
2                               152

--------------------------------------------------------------------------------
BOUNDARY 1        CONSTRAINS (0-free 1-const 2-glue)  VALUES (default = 0.)
NUMB. OF ELEM.    Ux     Uy     Uz                    Ux     Uy     Uz  
--------------------------------------------------------------------------------
76                1      1      0                     0.     0.     0.

--------------------------------------------------------------------------------
BOUNDARY 1 - CONNECTIVITY
--------------------------------------------------------------------------------
3	9	27
9	10	28
10	11	29
11	12	30
12	13	31
13	14	32
14	15	33
15	16	34
16	17	35
17	18	36
18	19	37
19	20	38
20	21	39
21	22	40
22	23	41
23	24	42
24	25	43
25	26	44
26	1	45
1	46	64
46	47	65
47	48	66
48	49	67
49	50	68
50	51	69
51	52	70
52	53	71
53	54	72
54	55	73
55	56	74
56	57	75
57	58	76
58	59	77
59	60	78
60	61	79
61	62	80
62	63	81
63	4	82
4	83	101
83	84	102
84	85	103
85	86	104
86	87	105
87	88	106
88	89	107
89	90	108
90	91	109
91	92	110
92	93	111
93	94	112
94	95	113
95	96	114
96	97	115
97	98	116
98	99	117
99	100	118
100	2	119
2	120	138
120	121	139
121	122	140
122	123	141
123	124	142
124	125	143
125	126	144
126	127	145
127	128	146
128	129	147
129	130	148
130	131	149
131	132	150
132	133	151
133	134	152
134	135	153
135	136	154
136	137	155
137	3	156

--------------------------------------------------------------------------------
BOUNDARY 2        CONSTRAINS (0-free 1-const 2-glue)  VALUES (default = 0.)
NUMB. OF ELEM.    Ux     Uy     Uz                    Ux     Uy     Uz  
--------------------------------------------------------------------------------
76                2      2      0                     0.     0.     0.

--------------------------------------------------------------------------------
BOUNDARY 2 - CONNECTIVITY
--------------------------------------------------------------------------------
8	157	175
157	158	176
158	159	177
159	160	178
160	161	179
161	162	180
162	163	181
163	164	182
164	165	183
165	166	184
166	167	185
167	168	186
168	169	187
169	170	188
170	171	189
171	172	190
172	173	191
173	174	192
174	5	193
5	194	212
194	195	213
195	196	214
196	197	215
197	198	216
198	199	217
199	200	218
200	201	219
201	202	220
202	203	221
203	204	222
204	205	223
205	206	224
206	207	225
207	208	226
208	209	227
209	210	228
210	211	229
211	6	230
6	231	249
231	232	250
232	233	251
233	234	252
234	235	253
235	236	254
236	237	255
237	238	256
238	239	257
239	240	258
240	241	259
241	242	260
242	243	261
243	244	262
244	245	263
245	246	264
246	247	265
247	248	266
248	7	267
7	268	286
268	269	287
269	270	288
270	271	289
271	272	290
272	273	291
273	274	292
274	275	293
275	276	294
276	277	295
277	278	296
278	279	297
279	280	298
280	281	299
281	282	300
282	283	301
283	284	302
284	285	303
285	8	304



