--------------------------------------------------------------------------------
ELEMENTS        NODES        TIME STEPS     PRINTING FREQ
--------------------------------------------------------------------------------
2888            5928         100000         1

--------------------------------------------------------------------------------
UNDISTURBED VELOCITY AND PRESSURE
Ux      Uy      Uz      P
--------------------------------------------------------------------------------
1.0     0.0     0.0     0.0

--------------------------------------------------------------------------------
DENSITY      TEMPERATURE      VISCOSITY      THERMAL CONDITIVITY
--------------------------------------------------------------------------------
1.E0         300              0.01           0.0

--------------------------------------------------------------------------------
TIME STEP       TIME INTEGRATION SCHEME (1- Implicit Euler, 2- Adams-Bashforth)
--------------------------------------------------------------------------------
0.10            0.5

--------------------------------------------------------------------------------
EXTERNAL FIELD FORCES CONSTANTS
Gx       Gy       Gz
--------------------------------------------------------------------------------
0.0      0.0      0.0

--------------------------------------------------------------------------------
ARLEQUIN VARIABLES
GLUE ZONE THICKNESS     EPSILON     WEIGHT FUNCT. (POL. DEGREE)   K1     K2
--------------------------------------------------------------------------------
1.0                     1E-3        1                             1E+0   0.E+0 

--------------------------------------------------------------------------------
COMPUTE DRAG AND LIFT FORCES (0-No, 1-Yes)      BOUNDARY NUMBER
--------------------------------------------------------------------------------
1                                               1

--------------------------------------------------------------------------------
PRINT RESULTS (0-No, 1-Yes)
--------------------------------------------------------------------------------
1 - VELOCITY
1 - REAL VELOCITY
1 - LAGRANGE MULTIPLIERS
0 - ELEMENT CORRESPONDENCE
1 - DIST FUNCTION
1 - ENERGY WEIGHT FUNCTION
1 - PRESSURE
1 - REAL PRESSURE
1 - VORTICITY
1 - INNER NORMAL
0 - MESH VELOCITY
0 - MESH DISPLACEMENT
1 - GLUE ZONE
1 - JACOBIAN
1 - PROCESS

--------------------------------------------------------------------------------
NODAL COORDINATES
--------------------------------------------------------------------------------
4	4.5
4	3.5
4.5	4
3.5	4
1.5	4
4	1.5
6.5	4
4	6.5
4.498292247	4.041289673
4.493180652	4.082297295
4.484700133	4.122742744
4.472908621	4.162349735
4.457886663	4.200847712
4.439736876	4.237973697
4.418583239	4.273474079
4.394570255	4.307106356
4.367861955	4.338640786
4.338640786	4.367861955
4.307106356	4.394570255
4.273474079	4.418583239
4.237973697	4.439736876
4.200847712	4.457886663
4.162349735	4.472908621
4.122742744	4.484700133
4.082297295	4.493180652
4.041289673	4.498292247
4.499572879	4.020662487
4.49616029	4.061846316
4.489358423	4.102607671
4.479213741	4.142668112
4.465795544	4.181753985
4.449195491	4.219598294
4.429526977	4.255942525
4.406924359	4.290538408
4.381542034	4.323149619
4.353553391	4.353553391
4.323149619	4.381542034
4.290538408	4.406924359
4.255942525	4.429526977
4.219598294	4.449195491
4.181753985	4.465795544
4.142668112	4.479213741
4.102607671	4.489358423
4.061846316	4.49616029
4.020662487	4.499572879
3.958710327	4.498292247
3.917702705	4.493180652
3.877257256	4.484700133
3.837650265	4.472908621
3.799152288	4.457886663
3.762026303	4.439736876
3.726525921	4.418583239
3.692893644	4.394570255
3.661359214	4.367861955
3.632138045	4.338640786
3.605429745	4.307106356
3.581416761	4.273474079
3.560263124	4.237973697
3.542113337	4.200847712
3.527091379	4.162349735
3.515299867	4.122742744
3.506819348	4.082297295
3.501707753	4.041289673
3.979337513	4.499572879
3.938153684	4.49616029
3.897392329	4.489358423
3.857331888	4.479213741
3.818246015	4.465795544
3.780401706	4.449195491
3.744057475	4.429526977
3.709461592	4.406924359
3.676850381	4.381542034
3.646446609	4.353553391
3.618457966	4.323149619
3.593075641	4.290538408
3.570473023	4.255942525
3.550804509	4.219598294
3.534204456	4.181753985
3.520786259	4.142668112
3.510641577	4.102607671
3.50383971	4.061846316
3.500427121	4.020662487
3.501707753	3.958710327
3.506819348	3.917702705
3.515299867	3.877257256
3.527091379	3.837650265
3.542113337	3.799152288
3.560263124	3.762026303
3.581416761	3.726525921
3.605429745	3.692893644
3.632138045	3.661359214
3.661359214	3.632138045
3.692893644	3.605429745
3.726525921	3.581416761
3.762026303	3.560263124
3.799152288	3.542113337
3.837650265	3.527091379
3.877257256	3.515299867
3.917702705	3.506819348
3.958710327	3.501707753
3.500427121	3.979337513
3.50383971	3.938153684
3.510641577	3.897392329
3.520786259	3.857331888
3.534204456	3.818246015
3.550804509	3.780401706
3.570473023	3.744057475
3.593075641	3.709461592
3.618457966	3.676850381
3.646446609	3.646446609
3.676850381	3.618457966
3.709461592	3.593075641
3.744057475	3.570473023
3.780401706	3.550804509
3.818246015	3.534204456
3.857331888	3.520786259
3.897392329	3.510641577
3.938153684	3.50383971
3.979337513	3.500427121
4.041289673	3.501707753
4.082297295	3.506819348
4.122742744	3.515299867
4.162349735	3.527091379
4.200847712	3.542113337
4.237973697	3.560263124
4.273474079	3.581416761
4.307106356	3.605429745
4.338640786	3.632138045
4.367861955	3.661359214
4.394570255	3.692893644
4.418583239	3.726525921
4.439736876	3.762026303
4.457886663	3.799152288
4.472908621	3.837650265
4.484700133	3.877257256
4.493180652	3.917702705
4.498292247	3.958710327
4.020662487	3.500427121
4.061846316	3.50383971
4.102607671	3.510641577
4.142668112	3.520786259
4.181753985	3.534204456
4.219598294	3.550804509
4.255942525	3.570473023
4.290538408	3.593075641
4.323149619	3.618457966
4.353553391	3.646446609
4.381542034	3.676850381
4.406924359	3.709461592
4.429526977	3.744057475
4.449195491	3.780401706
4.465795544	3.818246015
4.479213741	3.857331888
4.489358423	3.897392329
4.49616029	3.938153684
4.499572879	3.979337513
3.793551636	6.491461233
3.588513524	6.465903259
3.386286282	6.423500665
3.188251327	6.364543104
2.995761438	6.289433317
2.810131517	6.198684378
2.632629605	6.092916196
2.464468218	5.972851273
2.306796071	5.839309777
2.160690223	5.693203929
2.027148727	5.535531782
1.907083804	5.367370395
1.801315622	5.189868483
1.710566683	5.004238562
1.635456896	4.811748673
1.576499335	4.613713718
1.534096741	4.411486476
1.508538767	4.206448364
3.896687564	6.497864396
3.690768422	6.480801449
3.486961645	6.446792113
3.286659439	6.396068706
3.091230074	6.32897772
2.902008528	6.245977455
2.720287377	6.147634886
2.547307961	6.034621793
2.384251905	5.907710171
2.232233047	5.767766953
2.09228983	5.615748095
1.965378207	5.452692039
1.852365114	5.279712623
1.754022545	5.097991472
1.67102228	4.908769926
1.603931294	4.713340561
1.553207887	4.513038355
1.519198551	4.309231578
1.502135604	4.103312436
1.508538767	3.793551636
1.534096741	3.588513524
1.576499335	3.386286282
1.635456896	3.188251327
1.710566683	2.995761438
1.801315622	2.810131517
1.907083804	2.632629605
2.027148727	2.464468218
2.160690223	2.306796071
2.306796071	2.160690223
2.464468218	2.027148727
2.632629605	1.907083804
2.810131517	1.801315622
2.995761438	1.710566683
3.188251327	1.635456896
3.386286282	1.576499335
3.588513524	1.534096741
3.793551636	1.508538767
1.502135604	3.896687564
1.519198551	3.690768422
1.553207887	3.486961645
1.603931294	3.286659439
1.67102228	3.091230074
1.754022545	2.902008528
1.852365114	2.720287377
1.965378207	2.547307961
2.092289829	2.384251905
2.232233047	2.232233047
2.384251905	2.09228983
2.547307961	1.965378207
2.720287377	1.852365114
2.902008528	1.754022545
3.091230074	1.67102228
3.286659439	1.603931294
3.486961645	1.553207887
3.690768422	1.519198551
3.896687564	1.502135604
4.206448364	1.508538767
4.411486476	1.534096741
4.613713718	1.576499335
4.811748673	1.635456896
5.004238562	1.710566683
5.189868483	1.801315622
5.367370395	1.907083804
5.535531782	2.027148727
5.693203929	2.160690223
5.839309777	2.306796071
5.972851273	2.464468218
6.092916196	2.632629605
6.198684378	2.810131517
6.289433317	2.995761438
6.364543104	3.188251327
6.423500665	3.386286282
6.465903259	3.588513524
6.491461233	3.793551636
4.103312436	1.502135604
4.309231578	1.519198551
4.513038355	1.553207887
4.713340561	1.603931294
4.908769926	1.67102228
5.097991472	1.754022545
5.279712623	1.852365114
5.452692039	1.965378207
5.615748095	2.092289829
5.767766953	2.232233047
5.90771017	2.384251905
6.034621793	2.547307961
6.147634886	2.720287377
6.245977455	2.902008528
6.32897772	3.091230074
6.396068706	3.286659439
6.446792113	3.486961645
6.480801449	3.690768422
6.497864396	3.896687564
6.491461233	4.206448364
6.465903259	4.411486476
6.423500665	4.613713718
6.364543104	4.811748673
6.289433317	5.004238562
6.198684378	5.189868483
6.092916196	5.367370395
5.972851273	5.535531782
5.839309777	5.693203929
5.693203929	5.839309777
5.535531782	5.972851273
5.367370395	6.092916196
5.189868483	6.198684378
5.004238562	6.289433317
4.811748673	6.364543104
4.613713718	6.423500665
4.411486476	6.465903259
4.206448364	6.491461233
6.497864396	4.103312436
6.480801449	4.309231578
6.446792113	4.513038355
6.396068706	4.713340561
6.32897772	4.908769926
6.245977455	5.097991472
6.147634886	5.279712623
6.034621793	5.452692039
5.907710171	5.615748095
5.767766953	5.767766953
5.615748095	5.90771017
5.452692039	6.034621793
5.279712623	6.147634886
5.097991472	6.245977455
4.908769926	6.32897772
4.713340561	6.396068706
4.513038355	6.446792113
4.309231578	6.480801449
4.103312436	6.497864396
4	6.394736842
4	6.289473684
4	6.184210526
4	6.078947368
4	5.973684211
4	5.868421053
4	5.763157895
4	5.657894737
4	5.552631579
4	5.447368421
4	5.342105263
4	5.236842105
4	5.131578947
4	5.026315789
4	4.921052632
4	4.815789474
4	4.710526316
4	4.605263158
4	6.447368421
4	6.342105263
4	6.236842105
4	6.131578947
4	6.026315789
4	5.921052632
4	5.815789474
4	5.710526316
4	5.605263158
4	5.5
4	5.394736842
4	5.289473684
4	5.184210526
4	5.078947368
4	4.973684211
4	4.868421053
4	4.763157895
4	4.657894737
4	4.552631579
3.394736842	4
3.289473684	4
3.184210526	4
3.078947368	4
2.973684211	4
2.868421053	4
2.763157895	4
2.657894737	4
2.552631579	4
2.447368421	4
2.342105263	4
2.236842105	4
2.131578947	4
2.026315789	4
1.921052632	4
1.815789474	4
1.710526316	4
1.605263158	4
3.447368421	4
3.342105263	4
3.236842105	4
3.131578947	4
3.026315789	4
2.921052632	4
2.815789474	4
2.710526316	4
2.605263158	4
2.5	4
2.394736842	4
2.289473684	4
2.184210526	4
2.078947368	4
1.973684211	4
1.868421053	4
1.763157895	4
1.657894737	4
1.552631579	4
4	3.394736842
4	3.289473684
4	3.184210526
4	3.078947368
4	2.973684211
4	2.868421053
4	2.763157895
4	2.657894737
4	2.552631579
4	2.447368421
4	2.342105263
4	2.236842105
4	2.131578947
4	2.026315789
4	1.921052632
4	1.815789474
4	1.710526316
4	1.605263158
4	3.447368421
4	3.342105263
4	3.236842105
4	3.131578947
4	3.026315789
4	2.921052632
4	2.815789474
4	2.710526316
4	2.605263158
4	2.5
4	2.394736842
4	2.289473684
4	2.184210526
4	2.078947368
4	1.973684211
4	1.868421053
4	1.763157895
4	1.657894737
4	1.552631579
4.605263158	4
4.710526316	4
4.815789474	4
4.921052632	4
5.026315789	4
5.131578947	4
5.236842105	4
5.342105263	4
5.447368421	4
5.552631579	4
5.657894737	4
5.763157895	4
5.868421053	4
5.973684211	4
6.078947368	4
6.184210526	4
6.289473684	4
6.394736842	4
4.552631579	4
4.657894737	4
4.763157895	4
4.868421053	4
4.973684211	4
5.078947368	4
5.184210526	4
5.289473684	4
5.394736842	4
5.5	4
5.605263158	4
5.710526316	4
5.815789474	4
5.921052632	4
6.026315789	4
6.131578947	4
6.236842105	4
6.342105263	4
6.447368421	4
3.802244199	6.386557602
3.810936762	6.281653971
3.819629324	6.17675034
3.828321887	6.071846709
3.83701445	5.966943078
3.845707012	5.862039447
3.854399575	5.757135817
3.863092138	5.652232186
3.8717847	5.547328555
3.880477263	5.442424924
3.889169826	5.337521293
3.897862388	5.232617662
3.906554951	5.127714032
3.915247514	5.022810401
3.923940077	4.91790677
3.932632639	4.813003139
3.941325202	4.708099508
3.950017765	4.603195877
3.605839271	6.362075753
3.623165017	6.258248247
3.640490763	6.154420742
3.65781651	6.050593236
3.675142256	5.94676573
3.692468002	5.842938225
3.709793749	5.739110719
3.727119495	5.635283214
3.744445241	5.531455708
3.761770988	5.427628202
3.779096734	5.323800697
3.79642248	5.219973191
3.813748227	5.116145685
3.831073973	5.01231818
3.848399719	4.908490674
3.865725466	4.804663169
3.883051212	4.700835663
3.900376959	4.597008157
3.41212686	6.321458532
3.437967437	6.219416398
3.463808015	6.117374265
3.489648593	6.015332132
3.51548917	5.913289999
3.541329748	5.811247865
3.567170325	5.709205732
3.593010903	5.607163599
3.61885148	5.505121466
3.644692058	5.403079332
3.670532636	5.301037199
3.696373213	5.198995066
3.722213791	5.096952933
3.748054368	4.994910799
3.773894946	4.892868666
3.799735524	4.790826533
3.825576101	4.688784399
3.851416679	4.586742266
3.222430218	6.264983395
3.25660911	6.165423685
3.290788001	6.065863975
3.324966893	5.966304266
3.359145784	5.866744556
3.393324676	5.767184846
3.427503567	5.667625137
3.461682459	5.568065427
3.49586135	5.468505717
3.530040242	5.368946008
3.564219133	5.269386298
3.598398025	5.169826588
3.632576916	5.070266879
3.666755808	4.970707169
3.700934699	4.871147459
3.735113591	4.77158775
3.769292482	4.67202804
3.803471374	4.572468331
3.038045167	6.193036124
3.080328896	6.096638932
3.122612625	6.00024174
3.164896354	5.903844548
3.207180083	5.807447355
3.249463812	5.711050163
3.291747541	5.614652971
3.33403127	5.518255778
3.376314999	5.421858586
3.418598727	5.325461394
3.460882456	5.229064202
3.503166185	5.132667009
3.545449914	5.036269817
3.587733643	4.939872625
3.630017372	4.843475432
3.672301101	4.74707824
3.71458483	4.650681048
3.756868559	4.554283856
2.860231243	6.106108194
2.910330969	6.013532009
2.960430694	5.920955825
3.01053042	5.828379641
3.060630145	5.735803456
3.110729871	5.643227272
3.160829596	5.550651088
3.210929322	5.458074903
3.261029048	5.365498719
3.311128773	5.272922535
3.361228499	5.18034635
3.411328224	5.087770166
3.46142795	4.995193982
3.511527676	4.902617797
3.561627401	4.810041613
3.611727127	4.717465429
3.661826852	4.624889244
3.711926578	4.53231306
2.690203095	6.004793408
2.747776585	5.916670621
2.805350076	5.828547834
2.862923566	5.740425047
2.920497056	5.65230226
2.978070547	5.564179473
3.035644037	5.476056685
3.093217527	5.387933898
3.150791018	5.299811111
3.208364508	5.211688324
3.265937998	5.123565537
3.323511489	5.035442749
3.381084979	4.947319962
3.438658469	4.859197175
3.49623196	4.771074388
3.55380545	4.682951601
3.61137894	4.594828814
3.668952431	4.506706026
2.529122188	5.889783851
2.593776158	5.806716429
2.658430128	5.723649007
2.723084097	5.640581585
2.787738067	5.557514163
2.852392037	5.474446741
2.917046007	5.391379319
2.981699976	5.308311897
3.046353946	5.225244475
3.111007916	5.142177053
3.175661886	5.059109631
3.240315855	4.976042209
3.304969825	4.892974787
3.369623795	4.809907365
3.434277765	4.726839943
3.498931734	4.643772521
3.563585704	4.560705099
3.628239674	4.477637677
2.378088868	5.761865155
2.449381665	5.684420532
2.520674462	5.60697591
2.591967259	5.529531288
2.663260056	5.452086666
2.734552853	5.374642044
2.80584565	5.297197421
2.877138447	5.219752799
2.948431244	5.142308177
3.019724041	5.064863555
3.091016838	4.987418933
3.162309635	4.909974311
3.233602432	4.832529688
3.304895229	4.755085066
3.376188026	4.677640444
3.447480823	4.600195822
3.51877362	4.5227512
3.590066417	4.445306578
2.238134845	5.621911132
2.315579468	5.550618335
2.39302409	5.479325538
2.470468712	5.408032741
2.547913334	5.336739944
2.625357956	5.265447147
2.702802579	5.19415435
2.780247201	5.122861553
2.857691823	5.051568756
2.935136445	4.980275959
3.012581067	4.908983162
3.090025689	4.837690365
3.167470312	4.766397568
3.244914934	4.695104771
3.322359556	4.623811974
3.399804178	4.552519177
3.4772488	4.48122638
3.554693422	4.409933583
2.110216149	5.470877812
2.193283571	5.406223842
2.276350993	5.341569872
2.359418415	5.276915903
2.442485837	5.212261933
2.525553259	5.147607963
2.608620681	5.082953993
2.691688103	5.018300024
2.774755525	4.953646054
2.857822947	4.888992084
2.940890369	4.824338114
3.023957791	4.759684145
3.107025213	4.695030175
3.190092635	4.630376205
3.273160057	4.565722235
3.356227479	4.501068266
3.439294901	4.436414296
3.522362323	4.371760326
1.995206592	5.309796905
2.083329379	5.252223415
2.171452166	5.194649924
2.259574953	5.137076434
2.34769774	5.079502944
2.435820527	5.021929453
2.523943315	4.964355963
2.612066102	4.906782473
2.700188889	4.849208982
2.788311676	4.791635492
2.876434463	4.734062002
2.964557251	4.676488511
3.052680038	4.618915021
3.140802825	4.561341531
3.228925612	4.50376804
3.317048399	4.44619455
3.405171186	4.38862106
3.493293974	4.331047569
1.893891806	5.139768757
1.986467991	5.089669031
2.079044175	5.039569306
2.171620359	4.98946958
2.264196544	4.939369855
2.356772728	4.889270129
2.449348912	4.839170404
2.541925097	4.789070678
2.634501281	4.738970952
2.727077465	4.688871227
2.81965365	4.638771501
2.912229834	4.588671776
3.004806018	4.53857205
3.097382203	4.488472324
3.189958387	4.438372599
3.282534571	4.388272873
3.375110756	4.338173148
3.46768694	4.288073422
1.806963876	4.961954833
1.903361068	4.919671104
1.99975826	4.877387375
2.096155452	4.835103646
2.192552645	4.792819917
2.288949837	4.750536188
2.385347029	4.708252459
2.481744222	4.66596873
2.578141414	4.623685001
2.674538606	4.581401273
2.770935798	4.539117544
2.867332991	4.496833815
2.963730183	4.454550086
3.060127375	4.412266357
3.156524568	4.369982628
3.25292176	4.327698899
3.349318952	4.28541517
3.445716144	4.243131441
1.735016605	4.777569782
1.834576315	4.74339089
1.934136025	4.709211999
2.033695734	4.675033107
2.133255444	4.640854216
2.232815154	4.606675324
2.332374863	4.572496433
2.431934573	4.538317541
2.531494283	4.50413865
2.631053992	4.469959758
2.730613702	4.435780867
2.830173412	4.401601975
2.929733121	4.367423084
3.029292831	4.333244192
3.128852541	4.299065301
3.22841225	4.264886409
3.32797196	4.230707518
3.427531669	4.196528626
1.678541468	4.58787314
1.780583602	4.562032563
1.882625735	4.536191985
1.984667868	4.510351407
2.086710001	4.48451083
2.188752135	4.458670252
2.290794268	4.432829675
2.392836401	4.406989097
2.494878534	4.38114852
2.596920668	4.355307942
2.698962801	4.329467364
2.801004934	4.303626787
2.903047067	4.277786209
3.005089201	4.251945632
3.107131334	4.226105054
3.209173467	4.200264476
3.311215601	4.174423899
3.413257734	4.148583321
1.637924247	4.394160729
1.741751753	4.376834983
1.845579258	4.359509237
1.949406764	4.34218349
2.05323427	4.324857744
2.157061775	4.307531998
2.260889281	4.290206251
2.364716786	4.272880505
2.468544292	4.255554759
2.572371798	4.238229012
2.676199303	4.220903266
2.780026809	4.20357752
2.883854315	4.186251773
2.98768182	4.168926027
3.091509326	4.151600281
3.195336831	4.134274534
3.299164337	4.116948788
3.402991843	4.099623041
1.613442398	4.197755801
1.718346029	4.189063238
1.82324966	4.180370676
1.928153291	4.171678113
2.033056922	4.16298555
2.137960553	4.154292988
2.242864183	4.145600425
2.347767814	4.136907862
2.452671445	4.1282153
2.557575076	4.119522737
2.662478707	4.110830174
2.767382338	4.102137612
2.872285968	4.093445049
2.977189599	4.084752486
3.08209323	4.076059923
3.186996861	4.067367361
3.291900492	4.058674798
3.396804123	4.049982235
3.896775818	6.443099037
3.797897918	6.439009417
3.9011221	6.390647222
3.9011221	6.338015643
3.80659048	6.334105786
3.905468381	6.285563828
3.905468381	6.232932249
3.815283043	6.229202155
3.909814662	6.180480433
3.909814662	6.127848854
3.823975606	6.124298525
3.914160944	6.075397039
3.914160944	6.02276546
3.832668168	6.019394894
3.918507225	5.970313644
3.918507225	5.917682065
3.841360731	5.914491263
3.922853506	5.86523025
3.922853506	5.812598671
3.850053294	5.809587632
3.927199788	5.760146856
3.927199788	5.707515277
3.858745856	5.704684001
3.931546069	5.655063461
3.931546069	5.602431882
3.867438419	5.59978037
3.93589235	5.549980067
3.93589235	5.497348488
3.876130982	5.49487674
3.940238632	5.444896673
3.940238632	5.392265094
3.884823544	5.389973109
3.944584913	5.339813278
3.944584913	5.287181699
3.893516107	5.285069478
3.948931194	5.234729884
3.948931194	5.182098305
3.90220867	5.180165847
3.953277476	5.129646489
3.953277476	5.077014911
3.910901233	5.075262216
3.957623757	5.024563095
3.957623757	4.971931516
3.919593795	4.970358585
3.961970038	4.919479701
3.961970038	4.866848122
3.928286358	4.865454954
3.96631632	4.814396306
3.96631632	4.761764727
3.936978921	4.760551324
3.970662601	4.709312912
3.970662601	4.656681333
3.945671483	4.655647693
3.975008882	4.604229518
3.975008882	4.551597939
3.954364046	4.550744062
3.695378862	6.42623043
3.597176397	6.413989506
3.704041735	6.374316677
3.708388016	6.321864862
3.614502144	6.310162
3.717050889	6.269951109
3.721397171	6.217499294
3.63182789	6.206334494
3.730060044	6.165585541
3.734406325	6.113133725
3.649153637	6.102506989
3.743069198	6.061219973
3.74741548	6.008768157
3.666479383	5.998679483
3.756078353	5.956854404
3.760424634	5.904402589
3.683805129	5.894851978
3.769087507	5.852488836
3.773433789	5.800037021
3.701130876	5.791024472
3.782096662	5.748123268
3.786442943	5.695671452
3.718456622	5.687196966
3.795105816	5.6437577
3.799452098	5.591305884
3.735782368	5.583369461
3.808114971	5.539392131
3.812461252	5.486940316
3.753108115	5.479541955
3.821124125	5.435026563
3.825470407	5.382574748
3.770433861	5.375714449
3.83413328	5.330660995
3.838479561	5.27820918
3.787759607	5.271886944
3.847142434	5.226295427
3.851488716	5.173843611
3.805085354	5.168059438
3.860151589	5.121929858
3.86449787	5.069478043
3.8224111	5.064231933
3.873160743	5.01756429
3.877507025	4.965112475
3.839736846	4.960404427
3.886169898	4.913198722
3.890516179	4.860746907
3.857062593	4.856576921
3.899179053	4.808833154
3.903525334	4.756381338
3.874388339	4.752749416
3.912188207	4.704467586
3.916534488	4.65201577
3.891714085	4.64892191
3.925197362	4.600102017
3.929543643	4.547650202
3.909039832	4.545094405
3.496062776	6.392788209
3.399206571	6.372479598
3.508983065	6.341767142
3.517645938	6.289853389
3.425047149	6.270437465
3.530566227	6.238832323
3.5392291	6.18691857
3.450887726	6.168395332
3.552149389	6.135897503
3.560812262	6.083983751
3.476728304	6.066353198
3.573732551	6.032962684
3.582395424	5.981048931
3.502568881	5.964311065
3.595315713	5.930027864
3.603978586	5.878114112
3.528409459	5.862268932
3.616898875	5.827093045
3.625561748	5.775179292
3.554250037	5.760226799
3.638482037	5.724158226
3.64714491	5.672244473
3.580090614	5.658184665
3.660065199	5.621223406
3.668728072	5.569309653
3.605931192	5.556142532
3.681648361	5.518288587
3.690311234	5.466374834
3.631771769	5.454100399
3.703231523	5.415353767
3.711894396	5.363440014
3.657612347	5.352058266
3.724814685	5.312418948
3.733477558	5.260505195
3.683452924	5.250016132
3.746397847	5.209484128
3.75506072	5.157570376
3.709293502	5.147973999
3.767981009	5.106549309
3.776643882	5.054635556
3.73513408	5.045931866
3.789564171	5.00361449
3.798227044	4.951700737
3.760974657	4.943889733
3.811147333	4.90067967
3.819810206	4.848765917
3.786815235	4.841847599
3.832730495	4.797744851
3.841393368	4.745831098
3.812655812	4.739805466
3.854313657	4.694810031
3.86297653	4.642896278
3.83849639	4.637763333
3.875896819	4.591875212
3.884559692	4.539961459
3.864336968	4.5357212
3.300189093	6.343000818
3.205340773	6.314763249
3.317278539	6.293220963
3.330198828	6.242199896
3.239519664	6.21520354
3.347288274	6.192420042
3.360208562	6.141398975
3.273698556	6.11564383
3.377298008	6.09161912
3.390218297	6.040598054
3.307877447	6.01608412
3.407307743	5.990818199
3.420228032	5.939797132
3.342056339	5.916524411
3.437317477	5.890017277
3.450237766	5.838996211
3.37623523	5.816964701
3.467327212	5.789216356
3.480247501	5.738195289
3.410414122	5.717404992
3.497336946	5.688415434
3.510257235	5.637394368
3.444593013	5.617845282
3.527346681	5.587614513
3.54026697	5.536593446
3.478771905	5.518285572
3.557356415	5.486813591
3.570276704	5.435792525
3.512950796	5.418725863
3.58736615	5.38601267
3.600286439	5.334991603
3.547129688	5.319166153
3.617375885	5.285211749
3.630296173	5.234190682
3.581308579	5.219606443
3.647385619	5.184410827
3.660305908	5.13338976
3.615487471	5.120046734
3.677395354	5.083609906
3.690315642	5.032588839
3.649666362	5.020487024
3.707405088	4.982808984
3.720325377	4.931787918
3.683845254	4.920927314
3.737414823	4.882008063
3.750335112	4.830986996
3.718024145	4.821367605
3.767424557	4.781207141
3.780344846	4.730186075
3.752203037	4.721807895
3.797434292	4.68040622
3.810354581	4.629385153
3.786381928	4.622248185
3.827444026	4.579605298
3.840364315	4.528584232
3.82056082	4.522688476
3.109095828	6.277208356
3.016903303	6.24123472
3.130237693	6.229009759
3.147327139	6.179229905
3.059187032	6.144837528
3.168469003	6.131031309
3.185558449	6.081251454
3.101470761	6.048440336
3.206700313	6.033052858
3.223789759	5.983273003
3.14375449	5.952043144
3.244931623	5.935074407
3.262021069	5.885294552
3.186038218	5.855645951
3.283162934	5.837095956
3.300252379	5.787316101
3.228321947	5.759248759
3.321394244	5.739117505
3.33848369	5.68933765
3.270605676	5.662851567
3.359625554	5.641139054
3.376715	5.591359199
3.312889405	5.566454375
3.397856864	5.543160603
3.41494631	5.493380748
3.355173134	5.470057182
3.436088175	5.445182152
3.45317762	5.395402297
3.397456863	5.37365999
3.474319485	5.347203701
3.49140893	5.297423846
3.439740592	5.277262798
3.512550795	5.24922525
3.529640241	5.199445395
3.482024321	5.180865605
3.550782105	5.151246799
3.567871551	5.101466944
3.52430805	5.084468413
3.589013415	5.053268348
3.606102861	5.003488493
3.566591779	4.988071221
3.627244726	4.955289897
3.644334171	4.905510042
3.608875508	4.891674029
3.665476036	4.857311446
3.682565481	4.807531591
3.651159236	4.795276836
3.703707346	4.759332995
3.720796792	4.70955314
3.693442965	4.698879644
3.741938656	4.661354544
3.759028102	4.611574689
3.735726694	4.602482452
3.780169966	4.563376093
3.797259412	4.513596238
3.778010423	4.506085259
2.924088342	6.195860251
2.83518138	6.152396286
2.949138205	6.149572159
2.97028007	6.101373563
2.885281106	6.059820102
2.995329932	6.055085471
3.016471797	6.006886875
2.935380831	5.967243917
3.04152166	5.960598782
3.062663524	5.912400186
2.985480557	5.874667733
3.087713387	5.866112094
3.108855251	5.817913498
3.035580283	5.782091548
3.133905114	5.771625406
3.155046979	5.72342681
3.085680008	5.689515364
3.180096841	5.677138717
3.201238706	5.628940121
3.135779734	5.59693918
3.226288569	5.582652029
3.247430433	5.534453433
3.185879459	5.504362995
3.272480296	5.488165341
3.29362216	5.439966745
3.235979185	5.411786811
3.318672023	5.393678653
3.339813888	5.345480056
3.28607891	5.319210627
3.36486375	5.299191964
3.386005615	5.250993368
3.336178636	5.226634442
3.411055478	5.204705276
3.432197342	5.15650668
3.386278362	5.134058258
3.457247205	5.110218588
3.478389069	5.062019991
3.436378087	5.041482074
3.503438932	5.015731899
3.524580797	4.967533303
3.486477813	4.948905889
3.549630659	4.921245211
3.570772524	4.873046615
3.536577538	4.856329705
3.595822387	4.826758523
3.616964251	4.778559927
3.586677264	4.763753521
3.642014114	4.732271834
3.663155978	4.684073238
3.63677699	4.671177336
3.688205841	4.637785146
3.709347706	4.58958655
3.686876715	4.578601152
3.734397568	4.543298458
3.755539433	4.495099862
3.736976441	4.486024968
2.746430424	6.099512195
2.66141635	6.048854802
2.775217169	6.055450801
2.800267032	6.009162709
2.71898984	5.960732015
2.829053777	5.965101315
2.85410364	5.918813223
2.776563331	5.872609228
2.882890385	5.87475183
2.907940248	5.828463737
2.834136821	5.784486441
2.936726993	5.784402344
2.961776856	5.738114252
2.891710311	5.696363653
2.990563601	5.694052858
3.015613464	5.647764766
2.949283802	5.608240866
3.044400209	5.603703372
3.069450072	5.55741528
3.006857292	5.520118079
3.098236817	5.513353887
3.12328668	5.467065794
3.064430782	5.431995292
3.152073425	5.423004401
3.177123287	5.376716309
3.122004272	5.343872505
3.205910033	5.332654915
3.230959895	5.286366823
3.179577763	5.255749717
3.259746641	5.242305429
3.284796503	5.196017337
3.237151253	5.16762693
3.313583249	5.151955943
3.338633111	5.105667851
3.294724743	5.079504143
3.367419857	5.061606458
3.392469719	5.015318366
3.352298234	4.991381356
3.421256464	4.971256972
3.446306327	4.92496888
3.409871724	4.903258569
3.475093072	4.880907486
3.500142935	4.834619394
3.467445214	4.815135781
3.52892968	4.790558
3.553979543	4.744269908
3.525018705	4.727012994
3.582766288	4.700208515
3.607816151	4.653920422
3.582592195	4.638890207
3.636602896	4.609859029
3.661652759	4.563570937
3.640165685	4.55076742
3.690439504	4.519509543
3.715489367	4.473221451
3.697739176	4.462644633
2.577335657	5.988822341
2.496795203	5.931317562
2.609662642	5.94728863
2.638449387	5.903227236
2.561449173	5.84825014
2.670776372	5.861693525
2.699563117	5.817632132
2.626103143	5.765182718
2.731890102	5.776098421
2.760676847	5.732037027
2.690757112	5.682115296
2.793003832	5.690503316
2.821790577	5.646441923
2.755411082	5.599047874
2.854117562	5.604908212
2.882904307	5.560846818
2.820065052	5.515980452
2.915231292	5.519313107
2.944018037	5.475251713
2.884719022	5.43291303
2.976345022	5.433718002
3.005131767	5.389656609
2.949372991	5.349845608
3.037458752	5.348122898
3.066245497	5.304061504
3.014026961	5.266778186
3.098572482	5.262527793
3.127359227	5.218466399
3.078680931	5.183710764
3.159686212	5.176932688
3.188472957	5.132871295
3.143334901	5.100643342
3.220799942	5.091337584
3.249586687	5.04727619
3.20798887	5.01757592
3.281913672	5.005742479
3.310700417	4.961681086
3.27264284	4.934508498
3.343027402	4.920147375
3.371814147	4.876085981
3.33729681	4.851441076
3.404141132	4.83455227
3.432927877	4.790490876
3.40195078	4.768373654
3.465254862	4.748957165
3.494041607	4.704895772
3.46660475	4.685306232
3.526368592	4.663362061
3.555155337	4.619300667
3.531258719	4.60223881
3.587482322	4.577766956
3.616269067	4.533705563
3.595912689	4.519171388
3.648596052	4.492171852
3.677382797	4.448110458
3.660566659	4.436103966
2.417959129	5.864546814
2.342442469	5.800587466
2.453605528	5.825824503
2.485932513	5.784290792
2.413735266	5.723142843
2.521578911	5.745568481
2.553905896	5.70403477
2.485028063	5.645698221
2.589552295	5.665312459
2.62187928	5.623778748
2.55632086	5.568253599
2.657525678	5.585056437
2.689852663	5.543522726
2.627613658	5.490808977
2.725499062	5.504800415
2.757826046	5.463266704
2.698906455	5.413364355
2.793472445	5.424544392
2.82579943	5.383010681
2.770199252	5.335919733
2.861445828	5.34428837
2.893772813	5.302754659
2.841492049	5.25847511
2.929419212	5.264032348
2.961746197	5.222498637
2.912784846	5.181030488
2.997392595	5.183776326
3.02971958	5.142242615
2.984077643	5.103585866
3.065365978	5.103520304
3.097692963	5.061986593
3.05537044	5.026141244
3.133339362	5.023264282
3.165666347	4.981730571
3.126663237	4.948696622
3.201312745	4.94300826
3.23363973	4.901474549
3.197956034	4.871251999
3.269286129	4.862752238
3.301613113	4.821218527
3.269248831	4.793807377
3.337259512	4.782496216
3.369586497	4.740962505
3.340541628	4.716362755
3.405232895	4.702240193
3.43755988	4.660706482
3.411834425	4.638918133
3.473206279	4.621984171
3.505533264	4.58045046
3.483127222	4.561473511
3.541179662	4.541728149
3.573506647	4.500194438
3.554420019	4.484028889
3.609153046	4.461472127
3.64148003	4.419938416
3.625712816	4.406584266
2.269389546	5.727534542
2.199412534	5.657557531
2.308111857	5.691888143
2.343758255	5.653165832
2.276857157	5.586264734
2.382480566	5.617519434
2.418126965	5.578797123
2.354301779	5.514971937
2.456849276	5.543150724
2.492495674	5.504428413
2.431746401	5.44367914
2.531217986	5.468782014
2.566864384	5.430059703
2.509191023	5.372386343
2.605586695	5.394413305
2.641233094	5.355690994
2.586635645	5.301093545
2.679955405	5.320044595
2.715601803	5.281322284
2.664080267	5.229800748
2.754324114	5.245675886
2.789970513	5.206953575
2.74152489	5.158507951
2.828692824	5.171307176
2.864339222	5.132584865
2.818969512	5.087215154
2.903061533	5.096938467
2.938707932	5.058216155
2.896414134	5.015922357
2.977430243	5.022569757
3.013076642	4.983847446
2.973858756	4.94462956
3.051798953	4.948201047
3.087445351	4.909478736
3.051303378	4.873336763
3.126167662	4.873832338
3.161814061	4.835110027
3.128748001	4.802043966
3.200536372	4.799463628
3.23618277	4.760741317
3.206192623	4.730751169
3.274905081	4.725094919
3.31055148	4.686372607
3.283637245	4.659458372
3.349273791	4.650726209
3.38492019	4.612003898
3.361081867	4.588165575
3.423642501	4.576357499
3.459288899	4.537635188
3.438526489	4.516872778
3.49801121	4.50198879
3.533657609	4.463266479
3.515971111	4.445579981
3.57237992	4.42762008
3.608026318	4.388897769
3.593415734	4.374287184
2.132641786	5.578721457
2.068682438	5.503204797
2.174175497	5.546394472
2.212897808	5.510748074
2.15174986	5.438550827
2.254431519	5.478421089
2.29315383	5.44277469
2.234817282	5.373896857
2.334687541	5.410447705
2.373409852	5.374801307
2.317884704	5.309242888
2.414943563	5.342474322
2.453665874	5.306827923
2.400952126	5.244588918
2.495199585	5.274500938
2.533921897	5.23885454
2.484019548	5.179934948
2.575455608	5.206527555
2.614177919	5.170881157
2.56708697	5.115280978
2.65571163	5.138554172
2.694433941	5.102907773
2.650154392	5.050627009
2.735967652	5.070580788
2.774689963	5.03493439
2.733221814	4.985973039
2.816223674	5.002607405
2.854945985	4.966961006
2.816289236	4.921319069
2.896479696	4.934634022
2.935202007	4.898987623
2.899356658	4.856665099
2.976735718	4.866660638
3.015458029	4.83101424
2.98242408	4.79201113
3.05699174	4.798687255
3.095714051	4.763040856
3.065491502	4.72735716
3.137247762	4.730713871
3.175970073	4.695067473
3.148558924	4.66270319
3.217503784	4.662740488
3.256226096	4.627094089
3.231626346	4.59804922
3.297759807	4.594767105
3.336482118	4.559120706
3.314693768	4.53339525
3.378015829	4.526793721
3.41673814	4.491147323
3.39776119	4.468741281
3.458271851	4.458820338
3.496994162	4.423173939
3.480828612	4.404087311
3.538527873	4.390846954
3.577250184	4.355200556
3.563896034	4.339433341
2.008649976	5.419124104
1.951145198	5.33858365
2.05271137	5.390337358
2.094245081	5.358010374
2.039267985	5.28101016
2.138306475	5.329223628
2.179840186	5.296896644
2.127390772	5.223436669
2.223901579	5.268109898
2.26543529	5.235782914
2.215513559	5.165863179
2.309496684	5.206996168
2.351030395	5.174669183
2.303636347	5.108289689
2.395091788	5.145882438
2.4366255	5.113555453
2.391759134	5.050716199
2.480686893	5.084768708
2.522220604	5.052441723
2.479881921	4.993142708
2.566281998	5.023654978
2.607815709	4.991327993
2.568004708	4.935569218
2.651877102	4.962541248
2.693410813	4.930214263
2.656127495	4.877995728
2.737472207	4.901427518
2.779005918	4.869100533
2.744250283	4.820422237
2.823067312	4.840313788
2.864601023	4.807986803
2.83237307	4.762848747
2.908662416	4.779200058
2.950196127	4.746873073
2.920495857	4.705275257
2.994257521	4.718086328
3.035791232	4.685759343
3.008618644	4.647701766
3.079852625	4.656972598
3.121386336	4.624645613
3.096741431	4.590128276
3.16544773	4.595858868
3.206981441	4.563531883
3.184864219	4.532554786
3.251042835	4.534745138
3.292576546	4.502418153
3.272987006	4.474981295
3.336637939	4.473631408
3.37817165	4.441304423
3.361109793	4.417407805
3.422233044	4.412517678
3.463766755	4.380190693
3.44923258	4.359834315
3.507828148	4.351403948
3.549361859	4.319076963
3.537355367	4.302260824
1.898261107	5.249832694
1.847603714	5.16481862
1.944549199	5.224782831
1.988610593	5.195996086
1.940179898	5.114718894
2.034898685	5.170946223
2.078960078	5.142159478
2.032756083	5.064619169
2.12524817	5.117109615
2.169309564	5.08832287
2.125332267	5.014519443
2.215597656	5.063273007
2.25965905	5.034486262
2.217908452	4.964419717
2.305947142	5.009436399
2.350008536	4.980649654
2.310484636	4.914319992
2.396296628	4.955599791
2.440358021	4.926813046
2.40306082	4.864220266
2.486646113	4.901763183
2.530707507	4.872976438
2.495637005	4.814120541
2.576995599	4.847926575
2.621056993	4.81913983
2.588213189	4.764020815
2.667345085	4.794089967
2.711406479	4.765303222
2.680789373	4.71392109
2.757694571	4.740253359
2.801755964	4.711466614
2.773365558	4.663821364
2.848044057	4.686416751
2.89210545	4.657630006
2.865941742	4.613721638
2.938393542	4.632580143
2.982454936	4.603793398
2.958517926	4.563621913
3.028743028	4.578743536
3.072804422	4.54995679
3.051094111	4.513522187
3.119092514	4.524906928
3.163153907	4.496120182
3.143670295	4.463422462
3.209442	4.47107032
3.253503393	4.442283574
3.236246479	4.413322736
3.299791485	4.417233712
3.343852879	4.388446966
3.328822664	4.36322301
3.390140971	4.363397104
3.434202365	4.334610359
3.421398848	4.313123285
3.480490457	4.309560496
3.52455185	4.280773751
3.513975032	4.263023559
1.802229245	5.072003659
1.75876528	4.983096697
1.850427841	5.050861795
1.896715933	5.025811932
1.855162472	4.940812968
1.944914529	5.004670068
1.991202621	4.979620205
1.951559664	4.898529239
2.039401218	4.95847834
2.08568931	4.933428478
2.047956856	4.85624551
2.133887906	4.912286613
2.180175998	4.88723675
2.144354049	4.813961782
2.228374594	4.866094886
2.274662686	4.841045023
2.240751241	4.771678053
2.322861283	4.819903159
2.369149375	4.794853296
2.337148433	4.729394324
2.417347971	4.773711431
2.463636063	4.748661569
2.433545625	4.687110595
2.511834659	4.727519704
2.558122751	4.702469841
2.529942818	4.644826866
2.606321347	4.681327977
2.65260944	4.656278114
2.62634001	4.602543137
2.700808036	4.63513625
2.747096128	4.610086387
2.722737202	4.560259408
2.795294724	4.588944522
2.841582816	4.56389466
2.819134395	4.517975679
2.889781412	4.542752795
2.936069505	4.517702932
2.915531587	4.47569195
2.984268101	4.496561068
3.030556193	4.471511205
3.011928779	4.433408221
3.078754789	4.450369341
3.125042881	4.425319478
3.108325971	4.391124492
3.173241477	4.404177613
3.219529569	4.379127751
3.204723164	4.348840764
3.267728166	4.357985886
3.314016258	4.332936023
3.301120356	4.306557035
3.362214854	4.311794159
3.408502946	4.286744296
3.397517548	4.264273306
3.456701542	4.265602432
3.502989634	4.240552569
3.493914741	4.221989577
1.721210386	4.886851753
1.685236751	4.794659227
1.770990241	4.869762307
1.819188837	4.848620443
1.78479646	4.760480336
1.868968691	4.831530997
1.917167288	4.810389132
1.88435617	4.726301444
1.966947142	4.793299687
2.015145739	4.772157822
1.98391588	4.692122553
2.064925593	4.755068377
2.11312419	4.733926512
2.083475589	4.657943661
2.162904044	4.716837066
2.211102641	4.695695202
2.183035299	4.62376477
2.260882495	4.678605756
2.309081091	4.657463892
2.282595008	4.589585878
2.358860946	4.640374446
2.407059542	4.619232581
2.382154718	4.555406987
2.456839397	4.602143136
2.505037993	4.581001271
2.481714428	4.521228095
2.554817848	4.563911825
2.603016444	4.542769961
2.581274137	4.487049204
2.652796299	4.525680515
2.700994895	4.504538651
2.680833847	4.452870312
2.75077475	4.487449205
2.798973346	4.466307341
2.780393557	4.418691421
2.848753201	4.449217895
2.896951797	4.42807603
2.879953266	4.384512529
2.946731652	4.410986585
2.994930248	4.38984472
2.979512976	4.350333638
3.044710103	4.372755274
3.092908699	4.35161341
3.079072686	4.316154746
3.142688554	4.334523964
3.19088715	4.3133821
3.178632395	4.281975855
3.240667005	4.296292654
3.288865601	4.27515079
3.278192105	4.247796963
3.338645456	4.258061344
3.386844052	4.236919479
3.377751815	4.213618072
3.436623907	4.219830034
3.484822503	4.198688169
3.477311524	4.17943918
1.65575797	4.69564175
1.627520402	4.600793429
1.706779037	4.682721461
1.756558892	4.665632015
1.729562535	4.574952851
1.807579958	4.652711726
1.857359813	4.635622281
1.831604668	4.549112274
1.90838088	4.622701992
1.958160735	4.605612546
1.933646802	4.523271696
2.009181801	4.592692257
2.058961656	4.575602812
2.035688935	4.497431119
2.109982723	4.562682523
2.159762578	4.545593077
2.137731068	4.471590541
2.210783644	4.532672788
2.260563499	4.515583342
2.239773201	4.445749963
2.311584566	4.502663054
2.36136442	4.485573608
2.341815335	4.419909386
2.412385487	4.472653319
2.462165342	4.455563873
2.443857468	4.394068808
2.513186409	4.442643585
2.562966263	4.425554139
2.545899601	4.368228231
2.61398733	4.41263385
2.663767185	4.395544404
2.647941734	4.342387653
2.714788251	4.382624115
2.764568106	4.36553467
2.749983868	4.316547076
2.815589173	4.352614381
2.865369028	4.335524935
2.852026001	4.290706498
2.916390094	4.322604646
2.966169949	4.305515201
2.954068134	4.26486592
3.017191016	4.292594912
3.066970871	4.275505466
3.056110267	4.239025343
3.117991937	4.262585177
3.167771792	4.245495732
3.158152401	4.213184765
3.218792859	4.232575443
3.268572714	4.215485997
3.260194534	4.187344188
3.31959378	4.202565708
3.369373635	4.185476262
3.362236667	4.16150361
3.420394702	4.172555974
3.470174556	4.155466528
3.4642788	4.135663032
1.606319105	4.499679808
1.586010494	4.402823603
1.658232858	4.491016935
1.709253924	4.478096646
1.689838	4.385497856
1.761167677	4.469433773
1.812188744	4.456513484
1.793665506	4.36817211
1.864102497	4.447850611
1.915123563	4.434930322
1.897493011	4.350846363
1.967037316	4.426267449
2.018058383	4.41334716
2.001320517	4.333520617
2.069972136	4.404684287
2.120993202	4.391763998
2.105148022	4.316194871
2.172906955	4.383101125
2.223928022	4.370180836
2.208975528	4.298869124
2.275841774	4.361517963
2.326862841	4.348597674
2.312803034	4.281543378
2.378776594	4.339934801
2.42979766	4.327014512
2.416630539	4.264217632
2.481711413	4.318351639
2.53273248	4.30543135
2.520458045	4.246891885
2.584646233	4.296768477
2.635667299	4.283848188
2.624285551	4.229566139
2.687581052	4.275185315
2.738602119	4.262265026
2.728113056	4.212240393
2.790515872	4.253602153
2.841536938	4.240681864
2.831940562	4.194914646
2.893450691	4.232018991
2.944471758	4.219098702
2.935768067	4.1775889
2.99638551	4.210435829
3.047406577	4.19751554
3.039595573	4.160263154
3.09932033	4.188852667
3.150341397	4.175932378
3.143423079	4.142937407
3.202255149	4.167269505
3.253276216	4.154349216
3.247250584	4.125611661
3.305189969	4.145686343
3.356211035	4.132766054
3.35107809	4.108285915
3.408124788	4.124103181
3.459145855	4.111182893
3.454905595	4.090960168
1.573231507	4.300304547
1.560990583	4.202102082
1.625683323	4.295958265
1.677597076	4.287295392
1.665894214	4.19340952
1.730048891	4.282949111
1.781962644	4.274286237
1.770797845	4.184716957
1.834414459	4.269939956
1.886328212	4.261277083
1.875701475	4.176024394
1.938780027	4.256930802
1.99069378	4.248267928
1.980605106	4.167331832
2.043145596	4.243921647
2.095059348	4.235258774
2.085508737	4.158639269
2.147511164	4.230912493
2.199424917	4.222249619
2.190412368	4.149946706
2.251876732	4.217903338
2.303790485	4.209240465
2.295315999	4.141254144
2.3562423	4.204894184
2.408156053	4.19623131
2.40021963	4.132561581
2.460607869	4.191885029
2.512521621	4.183222156
2.50512326	4.123869018
2.564973437	4.178875875
2.61688719	4.170213001
2.610026891	4.115176456
2.669339005	4.16586672
2.721252758	4.157203847
2.714930522	4.106483893
2.773704573	4.152857566
2.825618326	4.144194692
2.819834153	4.09779133
2.878070142	4.139848411
2.929983894	4.131185538
2.924737784	4.089098767
2.98243571	4.126839257
3.034349463	4.118176383
3.029641415	4.080406205
3.086801278	4.113830102
3.138715031	4.105167229
3.134545046	4.071713642
3.191166846	4.100820947
3.243080599	4.092158074
3.239448676	4.063021079
3.295532414	4.087811793
3.347446167	4.07914892
3.344352307	4.054328517
3.399897983	4.074802638
3.451811735	4.066139765
3.449255938	4.045635954
1.556721199	4.0988779
1.609352778	4.0988779
1.661804594	4.094531619
1.714436172	4.094531619
1.766887988	4.090185338
1.819519567	4.090185338
1.871971382	4.085839056
1.924602961	4.085839056
1.977054777	4.081492775
2.029686356	4.081492775
2.082138171	4.077146494
2.13476975	4.077146494
2.187221565	4.072800212
2.239853144	4.072800212
2.29230496	4.068453931
2.344936539	4.068453931
2.397388354	4.06410765
2.450019933	4.06410765
2.502471748	4.059761368
2.555103327	4.059761368
2.607555143	4.055415087
2.660186722	4.055415087
2.712638537	4.051068806
2.765270116	4.051068806
2.817721932	4.046722524
2.870353511	4.046722524
2.922805326	4.042376243
2.975436905	4.042376243
3.02788872	4.038029962
3.080520299	4.038029962
3.132972115	4.03368368
3.185603694	4.03368368
3.238055509	4.029337399
3.290687088	4.029337399
3.343138903	4.024991118
3.395770482	4.024991118
3.448222298	4.020644836
1.613442398	3.802244199
1.718346029	3.810936762
1.82324966	3.819629324
1.928153291	3.828321887
2.033056922	3.83701445
2.137960553	3.845707012
2.242864183	3.854399575
2.347767814	3.863092138
2.452671445	3.8717847
2.557575076	3.880477263
2.662478707	3.889169826
2.767382338	3.897862388
2.872285968	3.906554951
2.977189599	3.915247514
3.08209323	3.923940077
3.186996861	3.932632639
3.291900492	3.941325202
3.396804123	3.950017765
1.637924247	3.605839271
1.741751753	3.623165017
1.845579258	3.640490763
1.949406764	3.65781651
2.05323427	3.675142256
2.157061775	3.692468002
2.260889281	3.709793749
2.364716786	3.727119495
2.468544292	3.744445241
2.572371798	3.761770988
2.676199303	3.779096734
2.780026809	3.79642248
2.883854315	3.813748227
2.98768182	3.831073973
3.091509326	3.848399719
3.195336831	3.865725466
3.299164337	3.883051212
3.402991843	3.900376959
1.678541468	3.41212686
1.780583602	3.437967437
1.882625735	3.463808015
1.984667868	3.489648593
2.086710001	3.51548917
2.188752135	3.541329748
2.290794268	3.567170325
2.392836401	3.593010903
2.494878534	3.61885148
2.596920668	3.644692058
2.698962801	3.670532636
2.801004934	3.696373213
2.903047067	3.722213791
3.005089201	3.748054368
3.107131334	3.773894946
3.209173467	3.799735524
3.311215601	3.825576101
3.413257734	3.851416679
1.735016605	3.222430218
1.834576315	3.25660911
1.934136025	3.290788001
2.033695734	3.324966893
2.133255444	3.359145784
2.232815154	3.393324676
2.332374863	3.427503567
2.431934573	3.461682459
2.531494283	3.49586135
2.631053992	3.530040242
2.730613702	3.564219133
2.830173412	3.598398025
2.929733121	3.632576916
3.029292831	3.666755808
3.128852541	3.700934699
3.22841225	3.735113591
3.32797196	3.769292482
3.427531669	3.803471374
1.806963876	3.038045167
1.903361068	3.080328896
1.99975826	3.122612625
2.096155452	3.164896354
2.192552645	3.207180083
2.288949837	3.249463812
2.385347029	3.291747541
2.481744222	3.33403127
2.578141414	3.376314999
2.674538606	3.418598727
2.770935798	3.460882456
2.867332991	3.503166185
2.963730183	3.545449914
3.060127375	3.587733643
3.156524568	3.630017372
3.25292176	3.672301101
3.349318952	3.71458483
3.445716144	3.756868559
1.893891806	2.860231243
1.986467991	2.910330969
2.079044175	2.960430694
2.171620359	3.01053042
2.264196544	3.060630145
2.356772728	3.110729871
2.449348912	3.160829596
2.541925097	3.210929322
2.634501281	3.261029048
2.727077465	3.311128773
2.81965365	3.361228499
2.912229834	3.411328224
3.004806018	3.46142795
3.097382203	3.511527676
3.189958387	3.561627401
3.282534571	3.611727127
3.375110756	3.661826852
3.46768694	3.711926578
1.995206592	2.690203095
2.083329379	2.747776585
2.171452166	2.805350076
2.259574953	2.862923566
2.34769774	2.920497056
2.435820527	2.978070547
2.523943315	3.035644037
2.612066102	3.093217527
2.700188889	3.150791018
2.788311676	3.208364508
2.876434463	3.265937998
2.964557251	3.323511489
3.052680038	3.381084979
3.140802825	3.438658469
3.228925612	3.49623196
3.317048399	3.55380545
3.405171186	3.61137894
3.493293974	3.668952431
2.110216149	2.529122188
2.193283571	2.593776158
2.276350993	2.658430128
2.359418415	2.723084097
2.442485837	2.787738067
2.525553259	2.852392037
2.608620681	2.917046007
2.691688103	2.981699976
2.774755525	3.046353946
2.857822947	3.111007916
2.940890369	3.175661886
3.023957791	3.240315855
3.107025213	3.304969825
3.190092635	3.369623795
3.273160057	3.434277765
3.356227479	3.498931734
3.439294901	3.563585704
3.522362323	3.628239674
2.238134845	2.378088868
2.315579468	2.449381665
2.39302409	2.520674462
2.470468712	2.591967259
2.547913334	2.663260056
2.625357956	2.734552853
2.702802579	2.80584565
2.780247201	2.877138447
2.857691823	2.948431244
2.935136445	3.019724041
3.012581067	3.091016838
3.090025689	3.162309635
3.167470312	3.233602432
3.244914934	3.304895229
3.322359556	3.376188026
3.399804178	3.447480823
3.4772488	3.51877362
3.554693422	3.590066417
2.378088868	2.238134845
2.449381665	2.315579468
2.520674462	2.39302409
2.591967259	2.470468712
2.663260056	2.547913334
2.734552853	2.625357956
2.80584565	2.702802579
2.877138447	2.780247201
2.948431244	2.857691823
3.019724041	2.935136445
3.091016838	3.012581067
3.162309635	3.090025689
3.233602432	3.167470312
3.304895229	3.244914934
3.376188026	3.322359556
3.447480823	3.399804178
3.51877362	3.4772488
3.590066417	3.554693422
2.529122188	2.110216149
2.593776158	2.193283571
2.658430128	2.276350993
2.723084097	2.359418415
2.787738067	2.442485837
2.852392037	2.525553259
2.917046007	2.608620681
2.981699976	2.691688103
3.046353946	2.774755525
3.111007916	2.857822947
3.175661886	2.940890369
3.240315855	3.023957791
3.304969825	3.107025213
3.369623795	3.190092635
3.434277765	3.273160057
3.498931734	3.356227479
3.563585704	3.439294901
3.628239674	3.522362323
2.690203095	1.995206592
2.747776585	2.083329379
2.805350076	2.171452166
2.862923566	2.259574953
2.920497056	2.34769774
2.978070547	2.435820527
3.035644037	2.523943315
3.093217527	2.612066102
3.150791018	2.700188889
3.208364508	2.788311676
3.265937998	2.876434463
3.323511489	2.964557251
3.381084979	3.052680038
3.438658469	3.140802825
3.49623196	3.228925612
3.55380545	3.317048399
3.61137894	3.405171186
3.668952431	3.493293974
2.860231243	1.893891806
2.910330969	1.986467991
2.960430694	2.079044175
3.01053042	2.171620359
3.060630145	2.264196544
3.110729871	2.356772728
3.160829596	2.449348912
3.210929322	2.541925097
3.261029048	2.634501281
3.311128773	2.727077465
3.361228499	2.81965365
3.411328224	2.912229834
3.46142795	3.004806018
3.511527676	3.097382203
3.561627401	3.189958387
3.611727127	3.282534571
3.661826852	3.375110756
3.711926578	3.46768694
3.038045167	1.806963876
3.080328896	1.903361068
3.122612625	1.99975826
3.164896354	2.096155452
3.207180083	2.192552645
3.249463812	2.288949837
3.291747541	2.385347029
3.33403127	2.481744222
3.376314999	2.578141414
3.418598727	2.674538606
3.460882456	2.770935798
3.503166185	2.867332991
3.545449914	2.963730183
3.587733643	3.060127375
3.630017372	3.156524568
3.672301101	3.25292176
3.71458483	3.349318952
3.756868559	3.445716144
3.222430218	1.735016605
3.25660911	1.834576315
3.290788001	1.934136025
3.324966893	2.033695734
3.359145784	2.133255444
3.393324676	2.232815154
3.427503567	2.332374863
3.461682459	2.431934573
3.49586135	2.531494283
3.530040242	2.631053992
3.564219133	2.730613702
3.598398025	2.830173412
3.632576916	2.929733121
3.666755808	3.029292831
3.700934699	3.128852541
3.735113591	3.22841225
3.769292482	3.32797196
3.803471374	3.427531669
3.41212686	1.678541468
3.437967437	1.780583602
3.463808015	1.882625735
3.489648593	1.984667868
3.51548917	2.086710001
3.541329748	2.188752135
3.567170325	2.290794268
3.593010903	2.392836401
3.61885148	2.494878534
3.644692058	2.596920668
3.670532636	2.698962801
3.696373213	2.801004934
3.722213791	2.903047067
3.748054368	3.005089201
3.773894946	3.107131334
3.799735524	3.209173467
3.825576101	3.311215601
3.851416679	3.413257734
3.605839271	1.637924247
3.623165017	1.741751753
3.640490763	1.845579258
3.65781651	1.949406764
3.675142256	2.05323427
3.692468002	2.157061775
3.709793749	2.260889281
3.727119495	2.364716786
3.744445241	2.468544292
3.761770988	2.572371798
3.779096734	2.676199303
3.79642248	2.780026809
3.813748227	2.883854315
3.831073973	2.98768182
3.848399719	3.091509326
3.865725466	3.195336831
3.883051212	3.299164337
3.900376959	3.402991843
3.802244199	1.613442398
3.810936762	1.718346029
3.819629324	1.82324966
3.828321887	1.928153291
3.83701445	2.033056922
3.845707012	2.137960553
3.854399575	2.242864183
3.863092138	2.347767814
3.8717847	2.452671445
3.880477263	2.557575076
3.889169826	2.662478707
3.897862388	2.767382338
3.906554951	2.872285968
3.915247514	2.977189599
3.923940077	3.08209323
3.932632639	3.186996861
3.941325202	3.291900492
3.950017765	3.396804123
1.556900963	3.896775818
1.560990583	3.797897918
1.609352778	3.9011221
1.661984357	3.9011221
1.665894214	3.80659048
1.714436172	3.905468381
1.767067751	3.905468381
1.770797845	3.815283043
1.819519567	3.909814662
1.872151146	3.909814662
1.875701475	3.823975606
1.924602961	3.914160944
1.97723454	3.914160944
1.980605106	3.832668168
2.029686356	3.918507225
2.082317935	3.918507225
2.085508737	3.841360731
2.13476975	3.922853506
2.187401329	3.922853506
2.190412368	3.850053294
2.239853144	3.927199788
2.292484723	3.927199788
2.295315999	3.858745856
2.344936539	3.931546069
2.397568118	3.931546069
2.40021963	3.867438419
2.450019933	3.93589235
2.502651512	3.93589235
2.50512326	3.876130982
2.555103327	3.940238632
2.607734906	3.940238632
2.610026891	3.884823544
2.660186722	3.944584913
2.712818301	3.944584913
2.714930522	3.893516107
2.765270116	3.948931194
2.817901695	3.948931194
2.819834153	3.90220867
2.870353511	3.953277476
2.922985089	3.953277476
2.924737784	3.910901233
2.975436905	3.957623757
3.028068484	3.957623757
3.029641415	3.919593795
3.080520299	3.961970038
3.133151878	3.961970038
3.134545046	3.928286358
3.185603694	3.96631632
3.238235273	3.96631632
3.239448676	3.936978921
3.290687088	3.970662601
3.343318667	3.970662601
3.344352307	3.945671483
3.395770482	3.975008882
3.448402061	3.975008882
3.449255938	3.954364046
1.57376957	3.695378862
1.586010494	3.597176397
1.625683323	3.704041735
1.678135138	3.708388016
1.689838	3.614502144
1.730048891	3.717050889
1.782500706	3.721397171
1.793665506	3.63182789
1.834414459	3.730060044
1.886866275	3.734406325
1.897493011	3.649153637
1.938780027	3.743069198
1.991231843	3.74741548
2.001320517	3.666479383
2.043145596	3.756078353
2.095597411	3.760424634
2.105148022	3.683805129
2.147511164	3.769087507
2.199962979	3.773433789
2.208975528	3.701130876
2.251876732	3.782096662
2.304328548	3.786442943
2.312803034	3.718456622
2.3562423	3.795105816
2.408694116	3.799452098
2.416630539	3.735782368
2.460607869	3.808114971
2.513059684	3.812461252
2.520458045	3.753108115
2.564973437	3.821124125
2.617425252	3.825470407
2.624285551	3.770433861
2.669339005	3.83413328
2.72179082	3.838479561
2.728113056	3.787759607
2.773704573	3.847142434
2.826156389	3.851488716
2.831940562	3.805085354
2.878070142	3.860151589
2.930521957	3.86449787
2.935768067	3.8224111
2.98243571	3.873160743
3.034887525	3.877507025
3.039595573	3.839736846
3.086801278	3.886169898
3.139253093	3.890516179
3.143423079	3.857062593
3.191166846	3.899179053
3.243618662	3.903525334
3.247250584	3.874388339
3.295532414	3.912188207
3.34798423	3.916534488
3.35107809	3.891714085
3.399897983	3.925197362
3.452349798	3.929543643
3.454905595	3.909039832
1.607211791	3.496062776
1.627520402	3.399206571
1.658232858	3.508983065
1.710146611	3.517645938
1.729562535	3.425047149
1.761167677	3.530566227
1.81308143	3.5392291
1.831604668	3.450887726
1.864102497	3.552149389
1.916016249	3.560812262
1.933646802	3.476728304
1.967037316	3.573732551
2.018951069	3.582395424
2.035688935	3.502568881
2.069972136	3.595315713
2.121885888	3.603978586
2.137731068	3.528409459
2.172906955	3.616898875
2.224820708	3.625561748
2.239773201	3.554250037
2.275841774	3.638482037
2.327755527	3.64714491
2.341815335	3.580090614
2.378776594	3.660065199
2.430690347	3.668728072
2.443857468	3.605931192
2.481711413	3.681648361
2.533625166	3.690311234
2.545899601	3.631771769
2.584646233	3.703231523
2.636559986	3.711894396
2.647941734	3.657612347
2.687581052	3.724814685
2.739494805	3.733477558
2.749983868	3.683452924
2.790515872	3.746397847
2.842429624	3.75506072
2.852026001	3.709293502
2.893450691	3.767981009
2.945364444	3.776643882
2.954068134	3.73513408
2.99638551	3.789564171
3.048299263	3.798227044
3.056110267	3.760974657
3.09932033	3.811147333
3.151234083	3.819810206
3.158152401	3.786815235
3.202255149	3.832730495
3.254168902	3.841393368
3.260194534	3.812655812
3.305189969	3.854313657
3.357103722	3.86297653
3.362236667	3.83849639
3.408124788	3.875896819
3.460038541	3.884559692
3.4642788	3.864336968
1.656999182	3.300189093
1.685236751	3.205340773
1.706779037	3.317278539
1.757800104	3.330198828
1.78479646	3.239519664
1.807579958	3.347288274
1.858601025	3.360208562
1.88435617	3.273698556
1.90838088	3.377298008
1.959401946	3.390218297
1.98391588	3.307877447
2.009181801	3.407307743
2.060202868	3.420228032
2.083475589	3.342056339
2.109982723	3.437317477
2.161003789	3.450237766
2.183035299	3.37623523
2.210783644	3.467327212
2.261804711	3.480247501
2.282595008	3.410414122
2.311584566	3.497336946
2.362605632	3.510257235
2.382154718	3.444593013
2.412385487	3.527346681
2.463406554	3.54026697
2.481714428	3.478771905
2.513186409	3.557356415
2.564207475	3.570276704
2.581274137	3.512950796
2.61398733	3.58736615
2.665008397	3.600286439
2.680833847	3.547129688
2.714788251	3.617375885
2.765809318	3.630296173
2.780393557	3.581308579
2.815589173	3.647385619
2.86661024	3.660305908
2.879953266	3.615487471
2.916390094	3.677395354
2.967411161	3.690315642
2.979512976	3.649666362
3.017191016	3.707405088
3.068212082	3.720325377
3.079072686	3.683845254
3.117991937	3.737414823
3.169013004	3.750335112
3.178632395	3.718024145
3.218792859	3.767424557
3.269813925	3.780344846
3.278192105	3.752203037
3.31959378	3.797434292
3.370614847	3.810354581
3.377751815	3.786381928
3.420394702	3.827444026
3.471415768	3.840364315
3.477311524	3.82056082
1.722791644	3.109095828
1.75876528	3.016903303
1.770990241	3.130237693
1.820770095	3.147327139
1.855162472	3.059187032
1.868968691	3.168469003
1.918748546	3.185558449
1.951559664	3.101470761
1.966947142	3.206700313
2.016726997	3.223789759
2.047956856	3.14375449
2.064925593	3.244931623
2.114705448	3.262021069
2.144354049	3.186038218
2.162904044	3.283162934
2.212683899	3.300252379
2.240751241	3.228321947
2.260882495	3.321394244
2.31066235	3.33848369
2.337148433	3.270605676
2.358860946	3.359625554
2.408640801	3.376715
2.433545625	3.312889405
2.456839397	3.397856864
2.506619252	3.41494631
2.529942818	3.355173134
2.554817848	3.436088175
2.604597703	3.45317762
2.62634001	3.397456863
2.652796299	3.474319485
2.702576154	3.49140893
2.722737202	3.439740592
2.75077475	3.512550795
2.800554605	3.529640241
2.819134395	3.482024321
2.848753201	3.550782105
2.898533056	3.567871551
2.915531587	3.52430805
2.946731652	3.589013415
2.996511507	3.606102861
3.011928779	3.566591779
3.044710103	3.627244726
3.094489958	3.644334171
3.108325971	3.608875508
3.142688554	3.665476036
3.192468409	3.682565481
3.204723164	3.651159236
3.240667005	3.703707346
3.29044686	3.720796792
3.301120356	3.693442965
3.338645456	3.741938656
3.388425311	3.759028102
3.397517548	3.735726694
3.436623907	3.780169966
3.486403762	3.797259412
3.493914741	3.778010423
1.804139749	2.924088342
1.847603714	2.83518138
1.850427841	2.949138205
1.898626437	2.97028007
1.940179898	2.885281106
1.944914529	2.995329932
1.993113125	3.016471797
2.032756083	2.935380831
2.039401218	3.04152166
2.087599814	3.062663524
2.125332267	2.985480557
2.133887906	3.087713387
2.182086502	3.108855251
2.217908452	3.035580283
2.228374594	3.133905114
2.27657319	3.155046979
2.310484636	3.085680008
2.322861283	3.180096841
2.371059879	3.201238706
2.40306082	3.135779734
2.417347971	3.226288569
2.465546567	3.247430433
2.495637005	3.185879459
2.511834659	3.272480296
2.560033255	3.29362216
2.588213189	3.235979185
2.606321347	3.318672023
2.654519944	3.339813888
2.680789373	3.28607891
2.700808036	3.36486375
2.749006632	3.386005615
2.773365558	3.336178636
2.795294724	3.411055478
2.84349332	3.432197342
2.865941742	3.386278362
2.889781412	3.457247205
2.937980009	3.478389069
2.958517926	3.436378087
2.984268101	3.503438932
3.032466697	3.524580797
3.051094111	3.486477813
3.078754789	3.549630659
3.126953385	3.570772524
3.143670295	3.536577538
3.173241477	3.595822387
3.221440073	3.616964251
3.236246479	3.586677264
3.267728166	3.642014114
3.315926762	3.663155978
3.328822664	3.63677699
3.362214854	3.688205841
3.41041345	3.709347706
3.421398848	3.686876715
3.456701542	3.734397568
3.504900138	3.755539433
3.513975032	3.736976441
1.900487805	2.746430424
1.951145198	2.66141635
1.944549199	2.775217169
1.990837291	2.800267032
2.039267985	2.71898984
2.034898685	2.829053777
2.081186777	2.85410364
2.127390772	2.776563331
2.12524817	2.882890385
2.171536263	2.907940248
2.215513559	2.834136821
2.215597656	2.936726993
2.261885748	2.961776856
2.303636347	2.891710311
2.305947142	2.990563601
2.352235234	3.015613464
2.391759134	2.949283802
2.396296628	3.044400209
2.44258472	3.069450072
2.479881921	3.006857292
2.486646113	3.098236817
2.532934206	3.12328668
2.568004708	3.064430782
2.576995599	3.152073425
2.623283691	3.177123287
2.656127495	3.122004272
2.667345085	3.205910033
2.713633177	3.230959895
2.744250283	3.179577763
2.757694571	3.259746641
2.803982663	3.284796503
2.83237307	3.237151253
2.848044057	3.313583249
2.894332149	3.338633111
2.920495857	3.294724743
2.938393542	3.367419857
2.984681634	3.392469719
3.008618644	3.352298234
3.028743028	3.421256464
3.07503112	3.446306327
3.096741431	3.409871724
3.119092514	3.475093072
3.165380606	3.500142935
3.184864219	3.467445214
3.209442	3.52892968
3.255730092	3.553979543
3.272987006	3.525018705
3.299791485	3.582766288
3.346079578	3.607816151
3.361109793	3.582592195
3.390140971	3.636602896
3.436429063	3.661652759
3.44923258	3.640165685
3.480490457	3.690439504
3.526778549	3.715489367
3.537355367	3.697739176
2.011177659	2.577335657
2.068682438	2.496795203
2.05271137	2.609662642
2.096772764	2.638449387
2.15174986	2.561449173
2.138306475	2.670776372
2.182367868	2.699563117
2.234817282	2.626103143
2.223901579	2.731890102
2.267962973	2.760676847
2.317884704	2.690757112
2.309496684	2.793003832
2.353558077	2.821790577
2.400952126	2.755411082
2.395091788	2.854117562
2.439153182	2.882904307
2.484019548	2.820065052
2.480686893	2.915231292
2.524748287	2.944018037
2.56708697	2.884719022
2.566281998	2.976345022
2.610343391	3.005131767
2.650154392	2.949372991
2.651877102	3.037458752
2.695938496	3.066245497
2.733221814	3.014026961
2.737472207	3.098572482
2.781533601	3.127359227
2.816289236	3.078680931
2.823067312	3.159686212
2.867128705	3.188472957
2.899356658	3.143334901
2.908662416	3.220799942
2.95272381	3.249586687
2.98242408	3.20798887
2.994257521	3.281913672
3.038318914	3.310700417
3.065491502	3.27264284
3.079852625	3.343027402
3.123914019	3.371814147
3.148558924	3.33729681
3.16544773	3.404141132
3.209509124	3.432927877
3.231626346	3.40195078
3.251042835	3.465254862
3.295104228	3.494041607
3.314693768	3.46660475
3.336637939	3.526368592
3.380699333	3.555155337
3.39776119	3.531258719
3.422233044	3.587482322
3.466294437	3.616269067
3.480828612	3.595912689
3.507828148	3.648596052
3.551889542	3.677382797
3.563896034	3.660566659
2.135453186	2.417959129
2.199412534	2.342442469
2.174175497	2.453605528
2.215709208	2.485932513
2.276857157	2.413735266
2.254431519	2.521578911
2.29596523	2.553905896
2.354301779	2.485028063
2.334687541	2.589552295
2.376221252	2.62187928
2.431746401	2.55632086
2.414943563	2.657525678
2.456477274	2.689852663
2.509191023	2.627613658
2.495199585	2.725499062
2.536733296	2.757826046
2.586635645	2.698906455
2.575455608	2.793472445
2.616989319	2.82579943
2.664080267	2.770199252
2.65571163	2.861445828
2.697245341	2.893772813
2.74152489	2.841492049
2.735967652	2.929419212
2.777501363	2.961746197
2.818969512	2.912784846
2.816223674	2.997392595
2.857757385	3.02971958
2.896414134	2.984077643
2.896479696	3.065365978
2.938013407	3.097692963
2.973858756	3.05537044
2.976735718	3.133339362
3.018269429	3.165666347
3.051303378	3.126663237
3.05699174	3.201312745
3.098525451	3.23363973
3.128748001	3.197956034
3.137247762	3.269286129
3.178781473	3.301613113
3.206192623	3.269248831
3.217503784	3.337259512
3.259037495	3.369586497
3.283637245	3.340541628
3.297759807	3.405232895
3.339293518	3.43755988
3.361081867	3.411834425
3.378015829	3.473206279
3.41954954	3.505533264
3.438526489	3.483127222
3.458271851	3.541179662
3.499805562	3.573506647
3.515971111	3.554420019
3.538527873	3.609153046
3.580061584	3.64148003
3.593415734	3.625712816
2.272465458	2.269389546
2.342442469	2.199412534
2.308111857	2.308111857
2.346834168	2.343758255
2.413735266	2.276857157
2.382480566	2.382480566
2.421202877	2.418126965
2.485028063	2.354301779
2.456849276	2.456849276
2.495571587	2.492495674
2.55632086	2.431746401
2.531217986	2.531217986
2.569940297	2.566864384
2.627613657	2.509191023
2.605586695	2.605586695
2.644309006	2.641233094
2.698906455	2.586635645
2.679955405	2.679955405
2.718677716	2.715601803
2.770199252	2.664080267
2.754324114	2.754324114
2.793046425	2.789970513
2.841492049	2.74152489
2.828692824	2.828692824
2.867415135	2.864339222
2.912784846	2.818969512
2.903061533	2.903061533
2.941783845	2.938707932
2.984077643	2.896414134
2.977430243	2.977430243
3.016152554	3.013076642
3.05537044	2.973858756
3.051798953	3.051798953
3.090521264	3.087445351
3.126663237	3.051303378
3.126167662	3.126167662
3.164889973	3.161814061
3.197956034	3.128748001
3.200536372	3.200536372
3.239258683	3.23618277
3.269248831	3.206192623
3.274905081	3.274905081
3.313627393	3.31055148
3.340541628	3.283637245
3.349273791	3.349273791
3.387996102	3.38492019
3.411834425	3.361081867
3.423642501	3.423642501
3.462364812	3.459288899
3.483127222	3.438526489
3.49801121	3.49801121
3.536733521	3.533657609
3.554420019	3.515971111
3.57237992	3.57237992
3.611102231	3.608026318
3.625712816	3.593415734
2.421278543	2.132641786
2.496795203	2.068682438
2.453605528	2.174175497
2.489251926	2.212897808
2.561449173	2.15174986
2.521578911	2.254431519
2.55722531	2.29315383
2.626103143	2.234817282
2.589552295	2.334687541
2.625198693	2.373409852
2.690757112	2.317884704
2.657525678	2.414943563
2.693172077	2.453665874
2.755411082	2.400952126
2.725499062	2.495199585
2.76114546	2.533921897
2.820065052	2.484019548
2.793472445	2.575455608
2.829118843	2.614177919
2.884719022	2.56708697
2.861445828	2.65571163
2.897092227	2.694433941
2.949372991	2.650154392
2.929419212	2.735967652
2.96506561	2.774689963
3.014026961	2.733221814
2.997392595	2.816223674
3.033038994	2.854945985
3.078680931	2.816289236
3.065365978	2.896479696
3.101012377	2.935202007
3.143334901	2.899356658
3.133339362	2.976735718
3.16898576	3.015458029
3.20798887	2.98242408
3.201312745	3.05699174
3.236959144	3.095714051
3.27264284	3.065491502
3.269286129	3.137247762
3.304932527	3.175970073
3.33729681	3.148558924
3.337259512	3.217503784
3.372905911	3.256226096
3.40195078	3.231626346
3.405232895	3.297759807
3.440879294	3.336482118
3.46660475	3.314693768
3.473206279	3.378015829
3.508852677	3.41673814
3.531258719	3.39776119
3.541179662	3.458271851
3.576826061	3.496994162
3.595912689	3.480828612
3.609153046	3.538527873
3.644799444	3.577250184
3.660566659	3.563896034
2.580875896	2.008649976
2.66141635	1.951145198
2.609662642	2.05271137
2.641989626	2.094245081
2.71898984	2.039267985
2.670776372	2.138306475
2.703103356	2.179840186
2.776563331	2.127390772
2.731890102	2.223901579
2.764217086	2.26543529
2.834136821	2.215513559
2.793003832	2.309496684
2.825330817	2.351030395
2.891710311	2.303636347
2.854117562	2.395091788
2.886444547	2.4366255
2.949283802	2.391759134
2.915231292	2.480686893
2.947558277	2.522220604
3.006857292	2.479881921
2.976345022	2.566281998
3.008672007	2.607815709
3.064430782	2.568004708
3.037458752	2.651877102
3.069785737	2.693410813
3.122004272	2.656127495
3.098572482	2.737472207
3.130899467	2.779005918
3.179577763	2.744250283
3.159686212	2.823067312
3.192013197	2.864601023
3.237151253	2.83237307
3.220799942	2.908662416
3.253126927	2.950196127
3.294724743	2.920495857
3.281913672	2.994257521
3.314240657	3.035791232
3.352298234	3.008618644
3.343027402	3.079852625
3.375354387	3.121386336
3.409871724	3.096741431
3.404141132	3.16544773
3.436468117	3.206981441
3.467445214	3.184864219
3.465254862	3.251042835
3.497581847	3.292576546
3.525018705	3.272987006
3.526368592	3.336637939
3.558695577	3.37817165
3.582592195	3.361109793
3.587482322	3.422233044
3.619809307	3.463766755
3.640165685	3.44923258
3.648596052	3.507828148
3.680923037	3.549361859
3.697739176	3.537355367
2.750167306	1.898261107
2.83518138	1.847603714
2.775217169	1.944549199
2.804003914	1.988610593
2.885281106	1.940179898
2.829053777	2.034898685
2.857840522	2.078960078
2.935380831	2.032756083
2.882890385	2.12524817
2.91167713	2.169309564
2.985480557	2.125332267
2.936726993	2.215597656
2.965513738	2.25965905
3.035580283	2.217908452
2.990563601	2.305947142
3.019350346	2.350008536
3.085680008	2.310484636
3.044400209	2.396296628
3.073186954	2.440358021
3.135779734	2.40306082
3.098236817	2.486646113
3.127023562	2.530707507
3.185879459	2.495637005
3.152073425	2.576995599
3.18086017	2.621056993
3.235979185	2.588213189
3.205910033	2.667345085
3.234696778	2.711406479
3.28607891	2.680789373
3.259746641	2.757694571
3.288533386	2.801755964
3.336178636	2.773365558
3.313583249	2.848044057
3.342369994	2.89210545
3.386278362	2.865941742
3.367419857	2.938393542
3.396206602	2.982454936
3.436378087	2.958517926
3.421256464	3.028743028
3.45004321	3.072804422
3.486477813	3.051094111
3.475093072	3.119092514
3.503879818	3.163153907
3.536577538	3.143670295
3.52892968	3.209442
3.557716426	3.253503393
3.586677264	3.236246479
3.582766288	3.299791485
3.611553034	3.343852879
3.63677699	3.328822664
3.636602896	3.390140971
3.665389641	3.434202365
3.686876715	3.421398848
3.690439504	3.480490457
3.719226249	3.52455185
3.736976441	3.513975032
2.927996341	1.802229245
3.016903303	1.75876528
2.949138205	1.850427841
2.974188068	1.896715933
3.059187032	1.855162472
2.995329932	1.944914529
3.020379795	1.991202621
3.101470761	1.951559664
3.04152166	2.039401218
3.066571522	2.08568931
3.14375449	2.047956856
3.087713387	2.133887906
3.11276325	2.180175998
3.186038218	2.144354049
3.133905114	2.228374594
3.158954977	2.274662686
3.228321947	2.240751241
3.180096841	2.322861283
3.205146704	2.369149375
3.270605676	2.337148433
3.226288569	2.417347971
3.251338431	2.463636063
3.312889405	2.433545625
3.272480296	2.511834659
3.297530159	2.558122751
3.355173134	2.529942818
3.318672023	2.606321347
3.343721886	2.65260944
3.397456863	2.62634001
3.36486375	2.700808036
3.389913613	2.747096128
3.439740592	2.722737202
3.411055478	2.795294724
3.43610534	2.841582816
3.482024321	2.819134395
3.457247205	2.889781412
3.482297068	2.936069505
3.52430805	2.915531587
3.503438932	2.984268101
3.528488795	3.030556193
3.566591779	3.011928779
3.549630659	3.078754789
3.574680522	3.125042881
3.608875508	3.108325971
3.595822387	3.173241477
3.620872249	3.219529569
3.651159236	3.204723164
3.642014114	3.267728166
3.667063977	3.314016258
3.693442965	3.301120356
3.688205841	3.362214854
3.713255704	3.408502946
3.735726694	3.397517548
3.734397568	3.456701542
3.759447431	3.502989634
3.778010423	3.493914741
3.113148247	1.721210386
3.205340773	1.685236751
3.130237693	1.770990241
3.151379557	1.819188837
3.239519664	1.78479646
3.168469003	1.868968691
3.189610868	1.917167288
3.273698556	1.88435617
3.206700313	1.966947142
3.227842178	2.015145739
3.307877447	1.98391588
3.244931623	2.064925593
3.266073488	2.11312419
3.342056339	2.083475589
3.283162934	2.162904044
3.304304798	2.211102641
3.37623523	2.183035299
3.321394244	2.260882495
3.342536108	2.309081091
3.410414122	2.282595008
3.359625554	2.358860946
3.380767419	2.407059542
3.444593013	2.382154718
3.397856864	2.456839397
3.418998729	2.505037993
3.478771905	2.481714428
3.436088175	2.554817848
3.457230039	2.603016444
3.512950796	2.581274137
3.474319485	2.652796299
3.495461349	2.700994895
3.547129688	2.680833847
3.512550795	2.75077475
3.533692659	2.798973346
3.581308579	2.780393557
3.550782105	2.848753201
3.57192397	2.896951797
3.615487471	2.879953266
3.589013415	2.946731652
3.61015528	2.994930248
3.649666362	2.979512976
3.627244726	3.044710103
3.64838659	3.092908699
3.683845254	3.079072686
3.665476036	3.142688554
3.6866179	3.19088715
3.718024145	3.178632395
3.703707346	3.240667005
3.72484921	3.288865601
3.752203037	3.278192105
3.741938656	3.338645456
3.763080521	3.386844052
3.786381928	3.377751815
3.780169966	3.436623907
3.801311831	3.484822503
3.82056082	3.477311524
3.30435825	1.65575797
3.399206571	1.627520402
3.317278539	1.706779037
3.334367985	1.756558892
3.425047149	1.729562535
3.347288274	1.807579958
3.364377719	1.857359813
3.450887726	1.831604668
3.377298008	1.90838088
3.394387454	1.958160735
3.476728304	1.933646802
3.407307743	2.009181801
3.424397188	2.058961656
3.502568881	2.035688935
3.437317477	2.109982723
3.454406923	2.159762578
3.528409459	2.137731068
3.467327212	2.210783644
3.484416658	2.260563499
3.554250037	2.239773201
3.497336946	2.311584566
3.514426392	2.36136442
3.580090614	2.341815335
3.527346681	2.412385487
3.544436127	2.462165342
3.605931192	2.443857468
3.557356415	2.513186409
3.574445861	2.562966263
3.631771769	2.545899601
3.58736615	2.61398733
3.604455596	2.663767185
3.657612347	2.647941734
3.617375885	2.714788251
3.63446533	2.764568106
3.683452924	2.749983868
3.647385619	2.815589173
3.664475065	2.865369028
3.709293502	2.852026001
3.677395354	2.916390094
3.694484799	2.966169949
3.73513408	2.954068134
3.707405088	3.017191016
3.724494534	3.066970871
3.760974657	3.056110267
3.737414823	3.117991937
3.754504268	3.167771792
3.786815235	3.158152401
3.767424557	3.218792859
3.784514003	3.268572714
3.812655812	3.260194534
3.797434292	3.31959378
3.814523738	3.369373635
3.83849639	3.362236667
3.827444026	3.420394702
3.844533472	3.470174556
3.864336968	3.4642788
3.500320192	1.606319105
3.597176397	1.586010494
3.508983065	1.658232858
3.521903354	1.709253924
3.614502144	1.689838
3.530566227	1.761167677
3.543486516	1.812188744
3.63182789	1.793665506
3.552149389	1.864102497
3.565069678	1.915123563
3.649153637	1.897493011
3.573732551	1.967037316
3.58665284	2.018058383
3.666479383	2.001320517
3.595315713	2.069972136
3.608236002	2.120993202
3.683805129	2.105148022
3.616898875	2.172906955
3.629819164	2.223928022
3.701130876	2.208975528
3.638482037	2.275841774
3.651402326	2.326862841
3.718456622	2.312803034
3.660065199	2.378776594
3.672985488	2.42979766
3.735782368	2.416630539
3.681648361	2.481711413
3.69456865	2.53273248
3.753108115	2.520458045
3.703231523	2.584646233
3.716151812	2.635667299
3.770433861	2.624285551
3.724814685	2.687581052
3.737734974	2.738602119
3.787759607	2.728113056
3.746397847	2.790515872
3.759318136	2.841536938
3.805085354	2.831940562
3.767981009	2.893450691
3.780901298	2.944471758
3.8224111	2.935768067
3.789564171	2.99638551
3.80248446	3.047406577
3.839736846	3.039595573
3.811147333	3.09932033
3.824067622	3.150341397
3.857062593	3.143423079
3.832730495	3.202255149
3.845650784	3.253276216
3.874388339	3.247250584
3.854313657	3.305189969
3.867233946	3.356211035
3.891714085	3.35107809
3.875896819	3.408124788
3.888817107	3.459145855
3.909039832	3.454905595
3.699695453	1.573231507
3.797897918	1.560990583
3.704041735	1.625683323
3.712704608	1.677597076
3.80659048	1.665894214
3.717050889	1.730048891
3.725713763	1.781962644
3.815283043	1.770797845
3.730060044	1.834414459
3.738722917	1.886328212
3.823975606	1.875701475
3.743069198	1.938780027
3.751732072	1.99069378
3.832668168	1.980605106
3.756078353	2.043145596
3.764741226	2.095059348
3.841360731	2.085508737
3.769087507	2.147511164
3.777750381	2.199424917
3.850053294	2.190412368
3.782096662	2.251876732
3.790759535	2.303790485
3.858745856	2.295315999
3.795105816	2.3562423
3.80376869	2.408156053
3.867438419	2.40021963
3.808114971	2.460607869
3.816777844	2.512521621
3.876130982	2.50512326
3.821124125	2.564973437
3.829786999	2.61688719
3.884823544	2.610026891
3.83413328	2.669339005
3.842796153	2.721252758
3.893516107	2.714930522
3.847142434	2.773704573
3.855805308	2.825618326
3.90220867	2.819834153
3.860151589	2.878070142
3.868814462	2.929983894
3.910901233	2.924737784
3.873160743	2.98243571
3.881823617	3.034349463
3.919593795	3.029641415
3.886169898	3.086801278
3.894832771	3.138715031
3.928286358	3.134545046
3.899179053	3.191166846
3.907841926	3.243080599
3.936978921	3.239448676
3.912188207	3.295532414
3.92085108	3.347446167
3.945671483	3.344352307
3.925197362	3.399897983
3.933860235	3.451811735
3.954364046	3.449255938
3.9011221	1.556721199
3.9011221	1.609352778
3.905468381	1.661804594
3.905468381	1.714436172
3.909814662	1.766887988
3.909814662	1.819519567
3.914160944	1.871971382
3.914160944	1.924602961
3.918507225	1.977054777
3.918507225	2.029686356
3.922853506	2.082138171
3.922853506	2.13476975
3.927199788	2.187221565
3.927199788	2.239853144
3.931546069	2.29230496
3.931546069	2.344936539
3.93589235	2.397388354
3.93589235	2.450019933
3.940238632	2.502471748
3.940238632	2.555103327
3.944584913	2.607555143
3.944584913	2.660186722
3.948931194	2.712638537
3.948931194	2.765270116
3.953277476	2.817721932
3.953277476	2.870353511
3.957623757	2.922805326
3.957623757	2.975436905
3.961970038	3.02788872
3.961970038	3.080520299
3.96631632	3.132972115
3.96631632	3.185603694
3.970662601	3.238055509
3.970662601	3.290687088
3.975008882	3.343138903
3.975008882	3.395770482
3.979355164	3.448222298
4.197755801	1.613442398
4.189063238	1.718346029
4.180370676	1.82324966
4.171678113	1.928153291
4.16298555	2.033056922
4.154292988	2.137960553
4.145600425	2.242864183
4.136907862	2.347767814
4.1282153	2.452671445
4.119522737	2.557575076
4.110830174	2.662478707
4.102137612	2.767382338
4.093445049	2.872285968
4.084752486	2.977189599
4.076059923	3.08209323
4.067367361	3.186996861
4.058674798	3.291900492
4.049982235	3.396804123
4.394160729	1.637924247
4.376834983	1.741751753
4.359509237	1.845579258
4.34218349	1.949406764
4.324857744	2.05323427
4.307531998	2.157061775
4.290206251	2.260889281
4.272880505	2.364716786
4.255554759	2.468544292
4.238229012	2.572371798
4.220903266	2.676199303
4.20357752	2.780026809
4.186251773	2.883854315
4.168926027	2.98768182
4.151600281	3.091509326
4.134274534	3.195336831
4.116948788	3.299164337
4.099623041	3.402991843
4.58787314	1.678541468
4.562032563	1.780583602
4.536191985	1.882625735
4.510351407	1.984667868
4.48451083	2.086710001
4.458670252	2.188752135
4.432829675	2.290794268
4.406989097	2.392836401
4.38114852	2.494878534
4.355307942	2.596920668
4.329467364	2.698962801
4.303626787	2.801004934
4.277786209	2.903047067
4.251945632	3.005089201
4.226105054	3.107131334
4.200264476	3.209173467
4.174423899	3.311215601
4.148583321	3.413257734
4.777569782	1.735016605
4.74339089	1.834576315
4.709211999	1.934136025
4.675033107	2.033695734
4.640854216	2.133255444
4.606675324	2.232815154
4.572496433	2.332374863
4.538317541	2.431934573
4.50413865	2.531494283
4.469959758	2.631053992
4.435780867	2.730613702
4.401601975	2.830173412
4.367423084	2.929733121
4.333244192	3.029292831
4.299065301	3.128852541
4.264886409	3.22841225
4.230707518	3.32797196
4.196528626	3.427531669
4.961954833	1.806963876
4.919671104	1.903361068
4.877387375	1.99975826
4.835103646	2.096155452
4.792819917	2.192552645
4.750536188	2.288949837
4.708252459	2.385347029
4.66596873	2.481744222
4.623685001	2.578141414
4.581401273	2.674538606
4.539117544	2.770935798
4.496833815	2.867332991
4.454550086	2.963730183
4.412266357	3.060127375
4.369982628	3.156524568
4.327698899	3.25292176
4.28541517	3.349318952
4.243131441	3.445716144
5.139768757	1.893891806
5.089669031	1.986467991
5.039569306	2.079044175
4.98946958	2.171620359
4.939369855	2.264196544
4.889270129	2.356772728
4.839170404	2.449348912
4.789070678	2.541925097
4.738970952	2.634501281
4.688871227	2.727077465
4.638771501	2.81965365
4.588671776	2.912229834
4.53857205	3.004806018
4.488472324	3.097382203
4.438372599	3.189958387
4.388272873	3.282534571
4.338173148	3.375110756
4.288073422	3.46768694
5.309796905	1.995206592
5.252223415	2.083329379
5.194649924	2.171452166
5.137076434	2.259574953
5.079502944	2.34769774
5.021929453	2.435820527
4.964355963	2.523943315
4.906782473	2.612066102
4.849208982	2.700188889
4.791635492	2.788311676
4.734062002	2.876434463
4.676488511	2.964557251
4.618915021	3.052680038
4.561341531	3.140802825
4.50376804	3.228925612
4.44619455	3.317048399
4.38862106	3.405171186
4.331047569	3.493293974
5.470877812	2.110216149
5.406223842	2.193283571
5.341569872	2.276350993
5.276915903	2.359418415
5.212261933	2.442485837
5.147607963	2.525553259
5.082953993	2.608620681
5.018300024	2.691688103
4.953646054	2.774755525
4.888992084	2.857822947
4.824338114	2.940890369
4.759684145	3.023957791
4.695030175	3.107025213
4.630376205	3.190092635
4.565722235	3.273160057
4.501068266	3.356227479
4.436414296	3.439294901
4.371760326	3.522362323
5.621911132	2.238134845
5.550618335	2.315579468
5.479325538	2.39302409
5.408032741	2.470468712
5.336739944	2.547913334
5.265447147	2.625357956
5.19415435	2.702802579
5.122861553	2.780247201
5.051568756	2.857691823
4.980275959	2.935136445
4.908983162	3.012581067
4.837690365	3.090025689
4.766397568	3.167470312
4.695104771	3.244914934
4.623811974	3.322359556
4.552519177	3.399804178
4.48122638	3.4772488
4.409933583	3.554693422
5.761865155	2.378088868
5.684420532	2.449381665
5.60697591	2.520674462
5.529531288	2.591967259
5.452086666	2.663260056
5.374642044	2.734552853
5.297197421	2.80584565
5.219752799	2.877138447
5.142308177	2.948431244
5.064863555	3.019724041
4.987418933	3.091016838
4.909974311	3.162309635
4.832529688	3.233602432
4.755085066	3.304895229
4.677640444	3.376188026
4.600195822	3.447480823
4.5227512	3.51877362
4.445306578	3.590066417
5.889783851	2.529122188
5.806716429	2.593776158
5.723649007	2.658430128
5.640581585	2.723084097
5.557514163	2.787738067
5.474446741	2.852392037
5.391379319	2.917046007
5.308311897	2.981699976
5.225244475	3.046353946
5.142177053	3.111007916
5.059109631	3.175661886
4.976042209	3.240315855
4.892974787	3.304969825
4.809907365	3.369623795
4.726839943	3.434277765
4.643772521	3.498931734
4.560705099	3.563585704
4.477637677	3.628239674
6.004793408	2.690203095
5.916670621	2.747776585
5.828547834	2.805350076
5.740425047	2.862923566
5.65230226	2.920497056
5.564179473	2.978070547
5.476056685	3.035644037
5.387933898	3.093217527
5.299811111	3.150791018
5.211688324	3.208364508
5.123565537	3.265937998
5.035442749	3.323511489
4.947319962	3.381084979
4.859197175	3.438658469
4.771074388	3.49623196
4.682951601	3.55380545
4.594828814	3.61137894
4.506706026	3.668952431
6.106108194	2.860231243
6.013532009	2.910330969
5.920955825	2.960430694
5.828379641	3.01053042
5.735803456	3.060630145
5.643227272	3.110729871
5.550651088	3.160829596
5.458074903	3.210929322
5.365498719	3.261029048
5.272922535	3.311128773
5.18034635	3.361228499
5.087770166	3.411328224
4.995193982	3.46142795
4.902617797	3.511527676
4.810041613	3.561627401
4.717465429	3.611727127
4.624889244	3.661826852
4.53231306	3.711926578
6.193036124	3.038045167
6.096638932	3.080328896
6.00024174	3.122612625
5.903844548	3.164896354
5.807447355	3.207180083
5.711050163	3.249463812
5.614652971	3.291747541
5.518255778	3.33403127
5.421858586	3.376314999
5.325461394	3.418598727
5.229064202	3.460882456
5.132667009	3.503166185
5.036269817	3.545449914
4.939872625	3.587733643
4.843475432	3.630017372
4.74707824	3.672301101
4.650681048	3.71458483
4.554283856	3.756868559
6.264983395	3.222430218
6.165423685	3.25660911
6.065863975	3.290788001
5.966304266	3.324966893
5.866744556	3.359145784
5.767184846	3.393324676
5.667625137	3.427503567
5.568065427	3.461682459
5.468505717	3.49586135
5.368946008	3.530040242
5.269386298	3.564219133
5.169826588	3.598398025
5.070266879	3.632576916
4.970707169	3.666755808
4.871147459	3.700934699
4.77158775	3.735113591
4.67202804	3.769292482
4.572468331	3.803471374
6.321458532	3.41212686
6.219416398	3.437967437
6.117374265	3.463808015
6.015332132	3.489648593
5.913289999	3.51548917
5.811247865	3.541329748
5.709205732	3.567170325
5.607163599	3.593010903
5.505121466	3.61885148
5.403079332	3.644692058
5.301037199	3.670532636
5.198995066	3.696373213
5.096952933	3.722213791
4.994910799	3.748054368
4.892868666	3.773894946
4.790826533	3.799735524
4.688784399	3.825576101
4.586742266	3.851416679
6.362075753	3.605839271
6.258248247	3.623165017
6.154420742	3.640490763
6.050593236	3.65781651
5.94676573	3.675142256
5.842938225	3.692468002
5.739110719	3.709793749
5.635283214	3.727119495
5.531455708	3.744445241
5.427628202	3.761770988
5.323800697	3.779096734
5.219973191	3.79642248
5.116145685	3.813748227
5.01231818	3.831073973
4.908490674	3.848399719
4.804663169	3.865725466
4.700835663	3.883051212
4.597008157	3.900376959
6.386557602	3.802244199
6.281653971	3.810936762
6.17675034	3.819629324
6.071846709	3.828321887
5.966943078	3.83701445
5.862039447	3.845707012
5.757135817	3.854399575
5.652232186	3.863092138
5.547328555	3.8717847
5.442424924	3.880477263
5.337521293	3.889169826
5.232617662	3.897862388
5.127714032	3.906554951
5.022810401	3.915247514
4.91790677	3.923940077
4.813003139	3.932632639
4.708099508	3.941325202
4.603195877	3.950017765
4.103224182	1.556900963
4.202102082	1.560990583
4.0988779	1.609352778
4.0988779	1.661984357
4.19340952	1.665894214
4.094531619	1.714436172
4.094531619	1.767067751
4.184716957	1.770797845
4.090185338	1.819519567
4.090185338	1.872151146
4.176024394	1.875701475
4.085839056	1.924602961
4.085839056	1.97723454
4.167331832	1.980605106
4.081492775	2.029686356
4.081492775	2.082317935
4.158639269	2.085508737
4.077146494	2.13476975
4.077146494	2.187401329
4.149946706	2.190412368
4.072800212	2.239853144
4.072800212	2.292484723
4.141254144	2.295315999
4.068453931	2.344936539
4.068453931	2.397568118
4.132561581	2.40021963
4.06410765	2.450019933
4.06410765	2.502651512
4.123869018	2.50512326
4.059761368	2.555103327
4.059761368	2.607734906
4.115176456	2.610026891
4.055415087	2.660186722
4.055415087	2.712818301
4.106483893	2.714930522
4.051068806	2.765270116
4.051068806	2.817901695
4.09779133	2.819834153
4.046722524	2.870353511
4.046722524	2.922985089
4.089098767	2.924737784
4.042376243	2.975436905
4.042376243	3.028068484
4.080406205	3.029641415
4.038029962	3.080520299
4.038029962	3.133151878
4.071713642	3.134545046
4.03368368	3.185603694
4.03368368	3.238235273
4.063021079	3.239448676
4.029337399	3.290687088
4.029337399	3.343318667
4.054328517	3.344352307
4.024991118	3.395770482
4.024991118	3.448402061
4.045635954	3.449255938
4.304621138	1.57376957
4.402823603	1.586010494
4.295958265	1.625683323
4.291611984	1.678135138
4.385497856	1.689838
4.282949111	1.730048891
4.278602829	1.782500706
4.36817211	1.793665506
4.269939956	1.834414459
4.265593675	1.886866275
4.350846363	1.897493011
4.256930802	1.938780027
4.25258452	1.991231843
4.333520617	2.001320517
4.243921647	2.043145596
4.239575366	2.095597411
4.316194871	2.105148022
4.230912493	2.147511164
4.226566211	2.199962979
4.298869124	2.208975528
4.217903338	2.251876732
4.213557057	2.304328548
4.281543378	2.312803034
4.204894184	2.3562423
4.200547902	2.408694116
4.264217632	2.416630539
4.191885029	2.460607869
4.187538748	2.513059684
4.246891885	2.520458045
4.178875875	2.564973437
4.174529593	2.617425252
4.229566139	2.624285551
4.16586672	2.669339005
4.161520439	2.72179082
4.212240393	2.728113056
4.152857566	2.773704573
4.148511284	2.826156389
4.194914646	2.831940562
4.139848411	2.878070142
4.13550213	2.930521957
4.1775889	2.935768067
4.126839257	2.98243571
4.122492975	3.034887525
4.160263154	3.039595573
4.113830102	3.086801278
4.109483821	3.139253093
4.142937407	3.143423079
4.100820947	3.191166846
4.096474666	3.243618662
4.125611661	3.247250584
4.087811793	3.295532414
4.083465512	3.34798423
4.108285915	3.35107809
4.074802638	3.399897983
4.070456357	3.452349798
4.090960168	3.454905595
4.503937224	1.607211791
4.600793429	1.627520402
4.491016935	1.658232858
4.482354062	1.710146611
4.574952851	1.729562535
4.469433773	1.761167677
4.4607709	1.81308143
4.549112274	1.831604668
4.447850611	1.864102497
4.439187738	1.916016249
4.523271696	1.933646802
4.426267449	1.967037316
4.417604576	2.018951069
4.497431119	2.035688935
4.404684287	2.069972136
4.396021414	2.121885888
4.471590541	2.137731068
4.383101125	2.172906955
4.374438252	2.224820708
4.445749963	2.239773201
4.361517963	2.275841774
4.35285509	2.327755527
4.419909386	2.341815335
4.339934801	2.378776594
4.331271928	2.430690347
4.394068808	2.443857468
4.318351639	2.481711413
4.309688766	2.533625166
4.368228231	2.545899601
4.296768477	2.584646233
4.288105604	2.636559986
4.342387653	2.647941734
4.275185315	2.687581052
4.266522442	2.739494805
4.316547076	2.749983868
4.253602153	2.790515872
4.24493928	2.842429624
4.290706498	2.852026001
4.232018991	2.893450691
4.223356118	2.945364444
4.26486592	2.954068134
4.210435829	2.99638551
4.201772956	3.048299263
4.239025343	3.056110267
4.188852667	3.09932033
4.180189794	3.151234083
4.213184765	3.158152401
4.167269505	3.202255149
4.158606632	3.254168902
4.187344188	3.260194534
4.145686343	3.305189969
4.13702347	3.357103722
4.16150361	3.362236667
4.124103181	3.408124788
4.115440308	3.460038541
4.135663032	3.4642788
4.699810907	1.656999182
4.794659227	1.685236751
4.682721461	1.706779037
4.669801172	1.757800104
4.760480336	1.78479646
4.652711726	1.807579958
4.639791438	1.858601025
4.726301444	1.88435617
4.622701992	1.90838088
4.609781703	1.959401946
4.692122553	1.98391588
4.592692257	2.009181801
4.579771968	2.060202868
4.657943661	2.083475589
4.562682523	2.109982723
4.549762234	2.161003789
4.62376477	2.183035299
4.532672788	2.210783644
4.519752499	2.261804711
4.589585878	2.282595008
4.502663054	2.311584566
4.489742765	2.362605632
4.555406987	2.382154718
4.472653319	2.412385487
4.45973303	2.463406554
4.521228095	2.481714428
4.442643585	2.513186409
4.429723296	2.564207475
4.487049204	2.581274137
4.41263385	2.61398733
4.399713561	2.665008397
4.452870312	2.680833847
4.382624115	2.714788251
4.369703827	2.765809318
4.418691421	2.780393557
4.352614381	2.815589173
4.339694092	2.86661024
4.384512529	2.879953266
4.322604646	2.916390094
4.309684358	2.967411161
4.350333638	2.979512976
4.292594912	3.017191016
4.279674623	3.068212082
4.316154746	3.079072686
4.262585177	3.117991937
4.249664888	3.169013004
4.281975855	3.178632395
4.232575443	3.218792859
4.219655154	3.269813925
4.247796963	3.278192105
4.202565708	3.31959378
4.189645419	3.370614847
4.213618072	3.377751815
4.172555974	3.420394702
4.159635685	3.471415768
4.17943918	3.477311524
4.890904172	1.722791644
4.983096697	1.75876528
4.869762307	1.770990241
4.852672861	1.820770095
4.940812968	1.855162472
4.831530997	1.868968691
4.814441551	1.918748546
4.898529239	1.951559664
4.793299687	1.966947142
4.776210241	2.016726997
4.85624551	2.047956856
4.755068377	2.064925593
4.737978931	2.114705448
4.813961782	2.144354049
4.716837066	2.162904044
4.699747621	2.212683899
4.771678053	2.240751241
4.678605756	2.260882495
4.66151631	2.31066235
4.729394324	2.337148433
4.640374446	2.358860946
4.623285	2.408640801
4.687110595	2.433545625
4.602143136	2.456839397
4.58505369	2.506619252
4.644826866	2.529942818
4.563911825	2.554817848
4.54682238	2.604597703
4.602543137	2.62634001
4.525680515	2.652796299
4.50859107	2.702576154
4.560259408	2.722737202
4.487449205	2.75077475
4.470359759	2.800554605
4.517975679	2.819134395
4.449217895	2.848753201
4.432128449	2.898533056
4.47569195	2.915531587
4.410986585	2.946731652
4.393897139	2.996511507
4.433408221	3.011928779
4.372755274	3.044710103
4.355665829	3.094489958
4.391124492	3.108325971
4.334523964	3.142688554
4.317434519	3.192468409
4.348840764	3.204723164
4.296292654	3.240667005
4.279203208	3.29044686
4.306557035	3.301120356
4.258061344	3.338645456
4.240971898	3.388425311
4.264273306	3.397517548
4.219830034	3.436623907
4.202740588	3.486403762
4.221989577	3.493914741
5.075911658	1.804139749
5.16481862	1.847603714
5.050861795	1.850427841
5.02971993	1.898626437
5.114718894	1.940179898
5.004670068	1.944914529
4.983528203	1.993113125
5.064619169	2.032756083
4.95847834	2.039401218
4.937336476	2.087599814
5.014519443	2.125332267
4.912286613	2.133887906
4.891144749	2.182086502
4.964419717	2.217908452
4.866094886	2.228374594
4.844953021	2.27657319
4.914319992	2.310484636
4.819903159	2.322861283
4.798761294	2.371059879
4.864220266	2.40306082
4.773711431	2.417347971
4.752569567	2.465546567
4.814120541	2.495637005
4.727519704	2.511834659
4.70637784	2.560033255
4.764020815	2.588213189
4.681327977	2.606321347
4.660186112	2.654519944
4.71392109	2.680789373
4.63513625	2.700808036
4.613994385	2.749006632
4.663821364	2.773365558
4.588944522	2.795294724
4.567802658	2.84349332
4.613721638	2.865941742
4.542752795	2.889781412
4.521610931	2.937980009
4.563621913	2.958517926
4.496561068	2.984268101
4.475419203	3.032466697
4.513522187	3.051094111
4.450369341	3.078754789
4.429227476	3.126953385
4.463422462	3.143670295
4.404177613	3.173241477
4.383035749	3.221440073
4.413322736	3.236246479
4.357985886	3.267728166
4.336844022	3.315926762
4.36322301	3.328822664
4.311794159	3.362214854
4.290652294	3.41041345
4.313123285	3.421398848
4.265602432	3.456701542
4.244460567	3.504900138
4.263023559	3.513975032
5.253569576	1.900487805
5.33858365	1.951145198
5.224782831	1.944549199
5.199732968	1.990837291
5.28101016	2.039267985
5.170946223	2.034898685
5.14589636	2.081186777
5.223436669	2.127390772
5.117109615	2.12524817
5.092059752	2.171536263
5.165863179	2.215513559
5.063273007	2.215597656
5.038223144	2.261885748
5.108289689	2.303636347
5.009436399	2.305947142
4.984386536	2.352235234
5.050716198	2.391759134
4.955599791	2.396296628
4.930549928	2.44258472
4.993142708	2.479881921
4.901763183	2.486646113
4.87671332	2.532934206
4.935569218	2.568004708
4.847926575	2.576995599
4.822876713	2.623283691
4.877995728	2.656127495
4.794089967	2.667345085
4.769040105	2.713633177
4.820422237	2.744250283
4.740253359	2.757694571
4.715203497	2.803982663
4.762848747	2.83237307
4.686416751	2.848044057
4.661366889	2.894332149
4.705275257	2.920495857
4.632580143	2.938393542
4.607530281	2.984681634
4.647701766	3.008618644
4.578743536	3.028743028
4.553693673	3.07503112
4.590128276	3.096741431
4.524906928	3.119092514
4.499857065	3.165380606
4.532554786	3.184864219
4.47107032	3.209442
4.446020457	3.255730092
4.474981295	3.272987006
4.417233712	3.299791485
4.392183849	3.346079578
4.417407805	3.361109793
4.363397104	3.390140971
4.338347241	3.436429063
4.359834315	3.44923258
4.309560496	3.480490457
4.284510633	3.526778549
4.302260824	3.537355367
5.422664343	2.011177659
5.503204797	2.068682438
5.390337358	2.05271137
5.361550613	2.096772764
5.438550827	2.15174986
5.329223628	2.138306475
5.300436883	2.182367868
5.373896857	2.234817282
5.268109898	2.223901579
5.239323153	2.267962973
5.309242888	2.317884704
5.206996168	2.309496684
5.178209423	2.353558077
5.244588918	2.400952126
5.145882438	2.395091788
5.117095693	2.439153182
5.179934948	2.484019548
5.084768708	2.480686893
5.055981963	2.524748287
5.115280978	2.56708697
5.023654978	2.566281998
4.994868233	2.610343391
5.050627009	2.650154392
4.962541248	2.651877102
4.933754503	2.695938496
4.985973039	2.733221814
4.901427518	2.737472207
4.872640773	2.781533601
4.921319069	2.816289236
4.840313788	2.823067312
4.811527043	2.867128705
4.856665099	2.899356658
4.779200058	2.908662416
4.750413313	2.95272381
4.79201113	2.98242408
4.718086328	2.994257521
4.689299583	3.038318914
4.72735716	3.065491502
4.656972598	3.079852625
4.628185853	3.123914019
4.66270319	3.148558924
4.595858868	3.16544773
4.567072123	3.209509124
4.59804922	3.231626346
4.534745138	3.251042835
4.505958393	3.295104228
4.53339525	3.314693768
4.473631408	3.336637939
4.444844663	3.380699333
4.468741281	3.39776119
4.412517678	3.422233044
4.383730933	3.466294437
4.404087311	3.480828612
4.351403948	3.507828148
4.322617203	3.551889542
4.339433341	3.563896034
5.582040871	2.135453186
5.657557531	2.199412534
5.546394472	2.174175497
5.514067487	2.215709208
5.586264734	2.276857157
5.478421089	2.254431519
5.446094104	2.29596523
5.514971937	2.354301779
5.410447705	2.334687541
5.37812072	2.376221252
5.44367914	2.431746401
5.342474322	2.414943563
5.310147337	2.456477274
5.372386343	2.509191023
5.274500938	2.495199585
5.242173954	2.536733296
5.301093545	2.586635645
5.206527555	2.575455608
5.17420057	2.616989319
5.229800748	2.664080267
5.138554172	2.65571163
5.106227187	2.697245341
5.158507951	2.74152489
5.070580788	2.735967652
5.038253803	2.777501363
5.087215154	2.818969512
5.002607405	2.816223674
4.97028042	2.857757385
5.015922357	2.896414134
4.934634022	2.896479696
4.902307037	2.938013407
4.94462956	2.973858756
4.866660638	2.976735718
4.834333653	3.018269429
4.873336763	3.051303378
4.798687255	3.05699174
4.76636027	3.098525451
4.802043966	3.128748001
4.730713871	3.137247762
4.698386887	3.178781473
4.730751169	3.206192623
4.662740488	3.217503784
4.630413503	3.259037495
4.659458372	3.283637245
4.594767105	3.297759807
4.56244012	3.339293518
4.588165575	3.361081867
4.526793721	3.378015829
4.494466736	3.41954954
4.516872778	3.438526489
4.458820338	3.458271851
4.426493353	3.499805562
4.445579981	3.515971111
4.390846954	3.538527873
4.35851997	3.580061584
4.374287184	3.593415734
5.730610454	2.272465458
5.800587466	2.342442469
5.691888143	2.308111857
5.656241745	2.346834168
5.723142843	2.413735266
5.617519434	2.382480566
5.581873035	2.421202877
5.645698221	2.485028063
5.543150724	2.456849276
5.507504326	2.495571587
5.568253599	2.55632086
5.468782014	2.531217986
5.433135616	2.569940297
5.490808977	2.627613657
5.394413305	2.605586695
5.358766906	2.644309006
5.413364355	2.698906455
5.320044595	2.679955405
5.284398197	2.718677716
5.335919733	2.770199252
5.245675886	2.754324114
5.210029487	2.793046425
5.25847511	2.841492049
5.171307176	2.828692824
5.135660778	2.867415135
5.181030488	2.912784846
5.096938467	2.903061533
5.061292068	2.941783845
5.103585866	2.984077643
5.022569757	2.977430243
4.986923358	3.016152554
5.026141244	3.05537044
4.948201047	3.051798953
4.912554649	3.090521264
4.948696622	3.126663237
4.873832338	3.126167662
4.838185939	3.164889973
4.871251999	3.197956034
4.799463628	3.200536372
4.76381723	3.239258683
4.793807377	3.269248831
4.725094919	3.274905081
4.68944852	3.313627393
4.716362755	3.340541628
4.650726209	3.349273791
4.61507981	3.387996102
4.638918133	3.411834425
4.576357499	3.423642501
4.540711101	3.462364812
4.561473511	3.483127222
4.50198879	3.49801121
4.466342391	3.536733521
4.484028889	3.554420019
4.42762008	3.57237992
4.391973682	3.611102231
4.406584266	3.625712816
5.867358214	2.421278543
5.931317562	2.496795203
5.825824503	2.453605528
5.787102192	2.489251926
5.84825014	2.561449173
5.745568481	2.521578911
5.70684617	2.55722531
5.765182718	2.626103143
5.665312459	2.589552295
5.626590148	2.625198693
5.682115296	2.690757112
5.585056437	2.657525678
5.546334126	2.693172077
5.599047874	2.755411082
5.504800415	2.725499062
5.466078103	2.76114546
5.515980452	2.820065052
5.424544392	2.793472445
5.385822081	2.829118843
5.43291303	2.884719022
5.34428837	2.861445828
5.305566059	2.897092227
5.349845608	2.949372991
5.264032348	2.929419212
5.225310037	2.96506561
5.266778186	3.014026961
5.183776326	2.997392595
5.145054015	3.033038994
5.183710764	3.078680931
5.103520304	3.065365978
5.064797993	3.101012377
5.100643342	3.143334901
5.023264282	3.133339362
4.984541971	3.16898576
5.01757592	3.20798887
4.94300826	3.201312745
4.904285949	3.236959144
4.934508498	3.27264284
4.862752238	3.269286129
4.824029927	3.304932527
4.851441076	3.33729681
4.782496216	3.337259512
4.743773904	3.372905911
4.768373654	3.40195078
4.702240193	3.405232895
4.663517882	3.440879294
4.685306232	3.46660475
4.621984171	3.473206279
4.58326186	3.508852677
4.60223881	3.531258719
4.541728149	3.541179662
4.503005838	3.576826061
4.519171388	3.595912689
4.461472127	3.609153046
4.422749816	3.644799444
4.436103966	3.660566659
5.991350024	2.580875896
6.048854802	2.66141635
5.94728863	2.609662642
5.905754919	2.641989626
5.960732015	2.71898984
5.861693525	2.670776372
5.820159814	2.703103356
5.872609228	2.776563331
5.776098421	2.731890102
5.73456471	2.764217086
5.784486441	2.834136821
5.690503316	2.793003832
5.648969605	2.825330817
5.696363653	2.891710311
5.604908212	2.854117562
5.5633745	2.886444547
5.608240866	2.949283802
5.519313107	2.915231292
5.477779396	2.947558277
5.520118079	3.006857292
5.433718002	2.976345022
5.392184291	3.008672007
5.431995292	3.064430782
5.348122898	3.037458752
5.306589187	3.069785737
5.343872505	3.122004272
5.262527793	3.098572482
5.220994082	3.130899467
5.255749717	3.179577763
5.176932688	3.159686212
5.135398977	3.192013197
5.16762693	3.237151253
5.091337584	3.220799942
5.049803873	3.253126927
5.079504143	3.294724743
5.005742479	3.281913672
4.964208768	3.314240657
4.991381356	3.352298234
4.920147375	3.343027402
4.878613664	3.375354387
4.903258569	3.409871724
4.83455227	3.404141132
4.793018559	3.436468117
4.815135781	3.467445214
4.748957165	3.465254862
4.707423454	3.497581847
4.727012994	3.525018705
4.663362061	3.526368592
4.62182835	3.558695577
4.638890207	3.582592195
4.577766956	3.587482322
4.536233245	3.619809307
4.55076742	3.640165685
4.492171852	3.648596052
4.450638141	3.680923037
4.462644633	3.697739176
6.101738893	2.750167306
6.152396286	2.83518138
6.055450801	2.775217169
6.011389407	2.804003914
6.059820102	2.885281106
5.965101315	2.829053777
5.921039922	2.857840522
5.967243917	2.935380831
5.87475183	2.882890385
5.830690436	2.91167713
5.874667733	2.985480557
5.784402344	2.936726993
5.74034095	2.965513738
5.782091548	3.035580283
5.694052858	2.990563601
5.649991464	3.019350346
5.689515364	3.085680008
5.603703372	3.044400209
5.559641979	3.073186954
5.59693918	3.135779734
5.513353887	3.098236817
5.469292493	3.127023562
5.504362995	3.185879459
5.423004401	3.152073425
5.378943007	3.18086017
5.411786811	3.235979185
5.332654915	3.205910033
5.288593521	3.234696778
5.319210627	3.28607891
5.242305429	3.259746641
5.198244036	3.288533386
5.226634442	3.336178636
5.151955943	3.313583249
5.10789455	3.342369994
5.134058258	3.386278362
5.061606458	3.367419857
5.017545064	3.396206602
5.041482074	3.436378087
4.971256972	3.421256464
4.927195578	3.45004321
4.948905889	3.486477813
4.880907486	3.475093072
4.836846093	3.503879818
4.856329705	3.536577538
4.790558	3.52892968
4.746496607	3.557716426
4.763753521	3.586677264
4.700208515	3.582766288
4.656147121	3.611553034
4.671177336	3.63677699
4.609859029	3.636602896
4.565797635	3.665389641
4.578601152	3.686876715
4.519509543	3.690439504
4.47544815	3.719226249
4.486024968	3.736976441
6.197770755	2.927996341
6.24123472	3.016903303
6.149572159	2.949138205
6.103284067	2.974188068
6.144837528	3.059187032
6.055085471	2.995329932
6.008797379	3.020379795
6.048440336	3.101470761
5.960598782	3.04152166
5.91431069	3.066571522
5.952043144	3.14375449
5.866112094	3.087713387
5.819824002	3.11276325
5.855645951	3.186038218
5.771625406	3.133905114
5.725337314	3.158954977
5.759248759	3.228321947
5.677138717	3.180096841
5.630850625	3.205146704
5.662851567	3.270605676
5.582652029	3.226288569
5.536363937	3.251338431
5.566454375	3.312889405
5.488165341	3.272480296
5.441877249	3.297530159
5.470057182	3.355173134
5.393678653	3.318672023
5.34739056	3.343721886
5.37365999	3.397456863
5.299191964	3.36486375
5.252903872	3.389913613
5.277262798	3.439740592
5.204705276	3.411055478
5.158417184	3.43610534
5.180865605	3.482024321
5.110218588	3.457247205
5.063930495	3.482297068
5.084468413	3.52430805
5.015731899	3.503438932
4.969443807	3.528488795
4.988071221	3.566591779
4.921245211	3.549630659
4.874957119	3.574680522
4.891674029	3.608875508
4.826758523	3.595822387
4.780470431	3.620872249
4.795276836	3.651159236
4.732271834	3.642014114
4.685983742	3.667063977
4.698879644	3.693442965
4.637785146	3.688205841
4.591497054	3.713255704
4.602482452	3.735726694
4.543298458	3.734397568
4.497010366	3.759447431
4.506085259	3.778010423
6.278789614	3.113148247
6.314763249	3.205340773
6.229009759	3.130237693
6.180811163	3.151379557
6.21520354	3.239519664
6.131031309	3.168469003
6.082832712	3.189610868
6.11564383	3.273698556
6.033052858	3.206700313
5.984854261	3.227842178
6.01608412	3.307877447
5.935074407	3.244931623
5.88687581	3.266073488
5.916524411	3.342056339
5.837095956	3.283162934
5.788897359	3.304304798
5.816964701	3.37623523
5.739117505	3.321394244
5.690918909	3.342536108
5.717404992	3.410414122
5.641139054	3.359625554
5.592940458	3.380767419
5.617845282	3.444593013
5.543160603	3.397856864
5.494962007	3.418998729
5.518285572	3.478771905
5.445182152	3.436088175
5.396983556	3.457230039
5.418725863	3.512950796
5.347203701	3.474319485
5.299005105	3.495461349
5.319166153	3.547129688
5.24922525	3.512550795
5.201026654	3.533692659
5.219606443	3.581308579
5.151246799	3.550782105
5.103048203	3.57192397
5.120046734	3.615487471
5.053268348	3.589013415
5.005069752	3.61015528
5.020487024	3.649666362
4.955289897	3.627244726
4.907091301	3.64838659
4.920927314	3.683845254
4.857311446	3.665476036
4.80911285	3.6866179
4.821367605	3.718024145
4.759332995	3.703707346
4.711134399	3.72484921
4.721807895	3.752203037
4.661354544	3.741938656
4.613155948	3.763080521
4.622248185	3.786381928
4.563376093	3.780169966
4.515177497	3.801311831
4.522688476	3.82056082
6.34424203	3.30435825
6.372479598	3.399206571
6.293220963	3.317278539
6.243441108	3.334367985
6.270437465	3.425047149
6.192420042	3.347288274
6.142640187	3.364377719
6.168395332	3.450887726
6.09161912	3.377298008
6.041839265	3.394387454
6.066353198	3.476728304
5.990818199	3.407307743
5.941038344	3.424397188
5.964311065	3.502568881
5.890017277	3.437317477
5.840237422	3.454406923
5.862268932	3.528409459
5.789216356	3.467327212
5.739436501	3.484416658
5.760226799	3.554250037
5.688415434	3.497336946
5.63863558	3.514426392
5.658184665	3.580090614
5.587614513	3.527346681
5.537834658	3.544436127
5.556142532	3.605931192
5.486813591	3.557356415
5.437033737	3.574445861
5.454100399	3.631771769
5.38601267	3.58736615
5.336232815	3.604455596
5.352058266	3.657612347
5.285211749	3.617375885
5.235431894	3.63446533
5.250016132	3.683452924
5.184410827	3.647385619
5.134630972	3.664475065
5.147973999	3.709293502
5.083609906	3.677395354
5.033830051	3.694484799
5.045931866	3.73513408
4.982808984	3.707405088
4.933029129	3.724494534
4.943889733	3.760974657
4.882008063	3.737414823
4.832228208	3.754504268
4.841847599	3.786815235
4.781207141	3.767424557
4.731427286	3.784514003
4.739805466	3.812655812
4.68040622	3.797434292
4.630626365	3.814523738
4.637763333	3.83849639
4.579605298	3.827444026
4.529825444	3.844533472
4.5357212	3.864336968
6.393680895	3.500320192
6.413989506	3.597176397
6.341767142	3.508983065
6.290746076	3.521903354
6.310162	3.614502144
6.238832323	3.530566227
6.187811256	3.543486516
6.206334494	3.63182789
6.135897503	3.552149389
6.084876437	3.565069678
6.102506989	3.649153637
6.032962684	3.573732551
5.981941617	3.58665284
5.998679483	3.666479383
5.930027864	3.595315713
5.879006798	3.608236002
5.894851978	3.683805129
5.827093045	3.616898875
5.776071978	3.629819164
5.791024472	3.701130876
5.724158226	3.638482037
5.673137159	3.651402326
5.687196966	3.718456622
5.621223406	3.660065199
5.57020234	3.672985488
5.583369461	3.735782368
5.518288587	3.681648361
5.46726752	3.69456865
5.479541955	3.753108115
5.415353767	3.703231523
5.364332701	3.716151812
5.375714449	3.770433861
5.312418948	3.724814685
5.261397881	3.737734974
5.271886944	3.787759607
5.209484128	3.746397847
5.158463062	3.759318136
5.168059438	3.805085354
5.106549309	3.767981009
5.055528242	3.780901298
5.064231933	3.8224111
5.00361449	3.789564171
4.952593423	3.80248446
4.960404427	3.839736846
4.90067967	3.811147333
4.849658603	3.824067622
4.856576921	3.857062593
4.797744851	3.832730495
4.746723784	3.845650784
4.752749416	3.874388339
4.694810031	3.854313657
4.643788965	3.867233946
4.64892191	3.891714085
4.591875212	3.875896819
4.540854145	3.888817107
4.545094405	3.909039832
6.426768493	3.699695453
6.439009417	3.797897918
6.374316677	3.704041735
6.322402924	3.712704608
6.334105786	3.80659048
6.269951109	3.717050889
6.218037356	3.725713763
6.229202155	3.815283043
6.165585541	3.730060044
6.113671788	3.738722917
6.124298525	3.823975606
6.061219973	3.743069198
6.00930622	3.751732072
6.019394894	3.832668168
5.956854404	3.756078353
5.904940652	3.764741226
5.914491263	3.841360731
5.852488836	3.769087507
5.800575083	3.777750381
5.809587632	3.850053294
5.748123268	3.782096662
5.696209515	3.790759535
5.704684001	3.858745856
5.6437577	3.795105816
5.591843947	3.80376869
5.59978037	3.867438419
5.539392131	3.808114971
5.487478379	3.816777844
5.49487674	3.876130982
5.435026563	3.821124125
5.38311281	3.829786999
5.389973109	3.884823544
5.330660995	3.83413328
5.278747242	3.842796153
5.285069478	3.893516107
5.226295427	3.847142434
5.174381674	3.855805308
5.180165847	3.90220867
5.121929858	3.860151589
5.070016106	3.868814462
5.075262216	3.910901233
5.01756429	3.873160743
4.965650537	3.881823617
4.970358585	3.919593795
4.913198722	3.886169898
4.861284969	3.894832771
4.865454954	3.928286358
4.808833154	3.899179053
4.756919401	3.907841926
4.760551324	3.936978921
4.704467586	3.912188207
4.652553833	3.92085108
4.655647693	3.945671483
4.600102017	3.925197362
4.548188265	3.933860235
4.550744062	3.954364046
6.443278801	3.9011221
6.390647222	3.9011221
6.338195406	3.905468381
6.285563828	3.905468381
6.233112012	3.909814662
6.180480433	3.909814662
6.128028618	3.914160944
6.075397039	3.914160944
6.022945223	3.918507225
5.970313644	3.918507225
5.917861829	3.922853506
5.86523025	3.922853506
5.812778435	3.927199788
5.760146856	3.927199788
5.70769504	3.931546069
5.655063461	3.931546069
5.602611646	3.93589235
5.549980067	3.93589235
5.497528252	3.940238632
5.444896673	3.940238632
5.392444857	3.944584913
5.339813278	3.944584913
5.287361463	3.948931194
5.234729884	3.948931194
5.182278068	3.953277476
5.129646489	3.953277476
5.077194674	3.957623757
5.024563095	3.957623757
4.97211128	3.961970038
4.919479701	3.961970038
4.867027885	3.96631632
4.814396306	3.96631632
4.761944491	3.970662601
4.709312912	3.970662601
4.656861097	3.975008882
4.604229518	3.975008882
4.551777702	3.979355164
6.386557602	4.197755801
6.281653971	4.189063238
6.17675034	4.180370676
6.071846709	4.171678113
5.966943078	4.16298555
5.862039447	4.154292988
5.757135817	4.145600425
5.652232186	4.136907862
5.547328555	4.1282153
5.442424924	4.119522737
5.337521293	4.110830174
5.232617662	4.102137612
5.127714032	4.093445049
5.022810401	4.084752486
4.91790677	4.076059923
4.813003139	4.067367361
4.708099508	4.058674798
4.603195877	4.049982235
6.362075753	4.394160729
6.258248247	4.376834983
6.154420742	4.359509237
6.050593236	4.34218349
5.94676573	4.324857744
5.842938225	4.307531998
5.739110719	4.290206251
5.635283214	4.272880505
5.531455708	4.255554759
5.427628202	4.238229012
5.323800697	4.220903266
5.219973191	4.20357752
5.116145685	4.186251773
5.01231818	4.168926027
4.908490674	4.151600281
4.804663169	4.134274534
4.700835663	4.116948788
4.597008157	4.099623041
6.321458532	4.58787314
6.219416398	4.562032563
6.117374265	4.536191985
6.015332132	4.510351407
5.913289999	4.48451083
5.811247865	4.458670252
5.709205732	4.432829675
5.607163599	4.406989097
5.505121466	4.38114852
5.403079332	4.355307942
5.301037199	4.329467364
5.198995066	4.303626787
5.096952933	4.277786209
4.994910799	4.251945632
4.892868666	4.226105054
4.790826533	4.200264476
4.688784399	4.174423899
4.586742266	4.148583321
6.264983395	4.777569782
6.165423685	4.74339089
6.065863975	4.709211999
5.966304266	4.675033107
5.866744556	4.640854216
5.767184846	4.606675324
5.667625137	4.572496433
5.568065427	4.538317541
5.468505717	4.50413865
5.368946008	4.469959758
5.269386298	4.435780867
5.169826588	4.401601975
5.070266879	4.367423084
4.970707169	4.333244192
4.871147459	4.299065301
4.77158775	4.264886409
4.67202804	4.230707518
4.572468331	4.196528626
6.193036124	4.961954833
6.096638932	4.919671104
6.00024174	4.877387375
5.903844548	4.835103646
5.807447355	4.792819917
5.711050163	4.750536188
5.614652971	4.708252459
5.518255778	4.66596873
5.421858586	4.623685001
5.325461394	4.581401273
5.229064202	4.539117544
5.132667009	4.496833815
5.036269817	4.454550086
4.939872625	4.412266357
4.843475432	4.369982628
4.74707824	4.327698899
4.650681048	4.28541517
4.554283856	4.243131441
6.106108194	5.139768757
6.013532009	5.089669031
5.920955825	5.039569306
5.828379641	4.98946958
5.735803456	4.939369855
5.643227272	4.889270129
5.550651088	4.839170404
5.458074903	4.789070678
5.365498719	4.738970952
5.272922535	4.688871227
5.18034635	4.638771501
5.087770166	4.588671776
4.995193982	4.53857205
4.902617797	4.488472324
4.810041613	4.438372599
4.717465429	4.388272873
4.624889244	4.338173148
4.53231306	4.288073422
6.004793408	5.309796905
5.916670621	5.252223415
5.828547834	5.194649924
5.740425047	5.137076434
5.65230226	5.079502944
5.564179473	5.021929453
5.476056685	4.964355963
5.387933898	4.906782473
5.299811111	4.849208982
5.211688324	4.791635492
5.123565537	4.734062002
5.035442749	4.676488511
4.947319962	4.618915021
4.859197175	4.561341531
4.771074388	4.50376804
4.682951601	4.44619455
4.594828814	4.38862106
4.506706026	4.331047569
5.889783851	5.470877812
5.806716429	5.406223842
5.723649007	5.341569872
5.640581585	5.276915903
5.557514163	5.212261933
5.474446741	5.147607963
5.391379319	5.082953993
5.308311897	5.018300024
5.225244475	4.953646054
5.142177053	4.888992084
5.059109631	4.824338114
4.976042209	4.759684145
4.892974787	4.695030175
4.809907365	4.630376205
4.726839943	4.565722235
4.643772521	4.501068266
4.560705099	4.436414296
4.477637677	4.371760326
5.761865155	5.621911132
5.684420532	5.550618335
5.60697591	5.479325538
5.529531288	5.408032741
5.452086666	5.336739944
5.374642044	5.265447147
5.297197421	5.19415435
5.219752799	5.122861553
5.142308177	5.051568756
5.064863555	4.980275959
4.987418933	4.908983162
4.909974311	4.837690365
4.832529688	4.766397568
4.755085066	4.695104771
4.677640444	4.623811974
4.600195822	4.552519177
4.5227512	4.48122638
4.445306578	4.409933583
5.621911132	5.761865155
5.550618335	5.684420532
5.479325538	5.60697591
5.408032741	5.529531288
5.336739944	5.452086666
5.265447147	5.374642044
5.19415435	5.297197421
5.122861553	5.219752799
5.051568756	5.142308177
4.980275959	5.064863555
4.908983162	4.987418933
4.837690365	4.909974311
4.766397568	4.832529688
4.695104771	4.755085066
4.623811974	4.677640444
4.552519177	4.600195822
4.48122638	4.5227512
4.409933583	4.445306578
5.470877812	5.889783851
5.406223842	5.806716429
5.341569872	5.723649007
5.276915903	5.640581585
5.212261933	5.557514163
5.147607963	5.474446741
5.082953993	5.391379319
5.018300024	5.308311897
4.953646054	5.225244475
4.888992084	5.142177053
4.824338114	5.059109631
4.759684145	4.976042209
4.695030175	4.892974787
4.630376205	4.809907365
4.565722235	4.726839943
4.501068266	4.643772521
4.436414296	4.560705099
4.371760326	4.477637677
5.309796905	6.004793408
5.252223415	5.916670621
5.194649924	5.828547834
5.137076434	5.740425047
5.079502944	5.65230226
5.021929453	5.564179473
4.964355963	5.476056685
4.906782473	5.387933898
4.849208982	5.299811111
4.791635492	5.211688324
4.734062002	5.123565537
4.676488511	5.035442749
4.618915021	4.947319962
4.561341531	4.859197175
4.50376804	4.771074388
4.44619455	4.682951601
4.38862106	4.594828814
4.331047569	4.506706026
5.139768757	6.106108194
5.089669031	6.013532009
5.039569306	5.920955825
4.98946958	5.828379641
4.939369855	5.735803456
4.889270129	5.643227272
4.839170404	5.550651088
4.789070678	5.458074903
4.738970952	5.365498719
4.688871227	5.272922535
4.638771501	5.18034635
4.588671776	5.087770166
4.53857205	4.995193982
4.488472324	4.902617797
4.438372599	4.810041613
4.388272873	4.717465429
4.338173148	4.624889244
4.288073422	4.53231306
4.961954833	6.193036124
4.919671104	6.096638932
4.877387375	6.00024174
4.835103646	5.903844548
4.792819917	5.807447355
4.750536188	5.711050163
4.708252459	5.614652971
4.66596873	5.518255778
4.623685001	5.421858586
4.581401273	5.325461394
4.539117544	5.229064202
4.496833815	5.132667009
4.454550086	5.036269817
4.412266357	4.939872625
4.369982628	4.843475432
4.327698899	4.74707824
4.28541517	4.650681048
4.243131441	4.554283856
4.777569782	6.264983395
4.74339089	6.165423685
4.709211999	6.065863975
4.675033107	5.966304266
4.640854216	5.866744556
4.606675324	5.767184846
4.572496433	5.667625137
4.538317541	5.568065427
4.50413865	5.468505717
4.469959758	5.368946008
4.435780867	5.269386298
4.401601975	5.169826588
4.367423084	5.070266879
4.333244192	4.970707169
4.299065301	4.871147459
4.264886409	4.77158775
4.230707518	4.67202804
4.196528626	4.572468331
4.58787314	6.321458532
4.562032563	6.219416398
4.536191985	6.117374265
4.510351407	6.015332132
4.48451083	5.913289999
4.458670252	5.811247865
4.432829675	5.709205732
4.406989097	5.607163599
4.38114852	5.505121466
4.355307942	5.403079332
4.329467364	5.301037199
4.303626787	5.198995066
4.277786209	5.096952933
4.251945632	4.994910799
4.226105054	4.892868666
4.200264476	4.790826533
4.174423899	4.688784399
4.148583321	4.586742266
4.394160729	6.362075753
4.376834983	6.258248247
4.359509237	6.154420742
4.34218349	6.050593236
4.324857744	5.94676573
4.307531998	5.842938225
4.290206251	5.739110719
4.272880505	5.635283214
4.255554759	5.531455708
4.238229012	5.427628202
4.220903266	5.323800697
4.20357752	5.219973191
4.186251773	5.116145685
4.168926027	5.01231818
4.151600281	4.908490674
4.134274534	4.804663169
4.116948788	4.700835663
4.099623041	4.597008157
4.197755801	6.386557602
4.189063238	6.281653971
4.180370676	6.17675034
4.171678113	6.071846709
4.16298555	5.966943078
4.154292988	5.862039447
4.145600425	5.757135817
4.136907862	5.652232186
4.1282153	5.547328555
4.119522737	5.442424924
4.110830174	5.337521293
4.102137612	5.232617662
4.093445049	5.127714032
4.084752486	5.022810401
4.076059923	4.91790677
4.067367361	4.813003139
4.058674798	4.708099508
4.049982235	4.603195877
6.443099037	4.103224182
6.439009417	4.202102082
6.390647222	4.0988779
6.338015643	4.0988779
6.334105786	4.19340952
6.285563828	4.094531619
6.232932249	4.094531619
6.229202155	4.184716957
6.180480433	4.090185338
6.127848854	4.090185338
6.124298525	4.176024394
6.075397039	4.085839056
6.02276546	4.085839056
6.019394894	4.167331832
5.970313644	4.081492775
5.917682065	4.081492775
5.914491263	4.158639269
5.86523025	4.077146494
5.812598671	4.077146494
5.809587632	4.149946706
5.760146856	4.072800212
5.707515277	4.072800212
5.704684001	4.141254144
5.655063461	4.068453931
5.602431882	4.068453931
5.59978037	4.132561581
5.549980067	4.06410765
5.497348488	4.06410765
5.49487674	4.123869018
5.444896673	4.059761368
5.392265094	4.059761368
5.389973109	4.115176456
5.339813278	4.055415087
5.287181699	4.055415087
5.285069478	4.106483893
5.234729884	4.051068806
5.182098305	4.051068806
5.180165847	4.09779133
5.129646489	4.046722524
5.077014911	4.046722524
5.075262216	4.089098767
5.024563095	4.042376243
4.971931516	4.042376243
4.970358585	4.080406205
4.919479701	4.038029962
4.866848122	4.038029962
4.865454954	4.071713642
4.814396306	4.03368368
4.761764727	4.03368368
4.760551324	4.063021079
4.709312912	4.029337399
4.656681333	4.029337399
4.655647693	4.054328517
4.604229518	4.024991118
4.551597939	4.024991118
4.550744062	4.045635954
6.42623043	4.304621138
6.413989506	4.402823603
6.374316677	4.295958265
6.321864862	4.291611984
6.310162	4.385497856
6.269951109	4.282949111
6.217499294	4.278602829
6.206334494	4.36817211
6.165585541	4.269939956
6.113133725	4.265593675
6.102506989	4.350846363
6.061219973	4.256930802
6.008768157	4.25258452
5.998679483	4.333520617
5.956854404	4.243921647
5.904402589	4.239575366
5.894851978	4.316194871
5.852488836	4.230912493
5.800037021	4.226566211
5.791024472	4.298869124
5.748123268	4.217903338
5.695671452	4.213557057
5.687196966	4.281543378
5.6437577	4.204894184
5.591305884	4.200547902
5.583369461	4.264217632
5.539392131	4.191885029
5.486940316	4.187538748
5.479541955	4.246891885
5.435026563	4.178875875
5.382574748	4.174529593
5.375714449	4.229566139
5.330660995	4.16586672
5.27820918	4.161520439
5.271886944	4.212240393
5.226295427	4.152857566
5.173843611	4.148511284
5.168059438	4.194914646
5.121929858	4.139848411
5.069478043	4.13550213
5.064231933	4.1775889
5.01756429	4.126839257
4.965112475	4.122492975
4.960404427	4.160263154
4.913198722	4.113830102
4.860746907	4.109483821
4.856576921	4.142937407
4.808833154	4.100820947
4.756381338	4.096474666
4.752749416	4.125611661
4.704467586	4.087811793
4.65201577	4.083465512
4.64892191	4.108285915
4.600102017	4.074802638
4.547650202	4.070456357
4.545094405	4.090960168
6.392788209	4.503937224
6.372479598	4.600793429
6.341767142	4.491016935
6.289853389	4.482354062
6.270437465	4.574952851
6.238832323	4.469433773
6.18691857	4.4607709
6.168395332	4.549112274
6.135897503	4.447850611
6.083983751	4.439187738
6.066353198	4.523271696
6.032962684	4.426267449
5.981048931	4.417604576
5.964311065	4.497431119
5.930027864	4.404684287
5.878114112	4.396021414
5.862268932	4.471590541
5.827093045	4.383101125
5.775179292	4.374438252
5.760226799	4.445749963
5.724158226	4.361517963
5.672244473	4.35285509
5.658184665	4.419909386
5.621223406	4.339934801
5.569309653	4.331271928
5.556142532	4.394068808
5.518288587	4.318351639
5.466374834	4.309688766
5.454100399	4.368228231
5.415353767	4.296768477
5.363440014	4.288105604
5.352058266	4.342387653
5.312418948	4.275185315
5.260505195	4.266522442
5.250016132	4.316547076
5.209484128	4.253602153
5.157570376	4.24493928
5.147973999	4.290706498
5.106549309	4.232018991
5.054635556	4.223356118
5.045931866	4.26486592
5.00361449	4.210435829
4.951700737	4.201772956
4.943889733	4.239025343
4.90067967	4.188852667
4.848765917	4.180189794
4.841847599	4.213184765
4.797744851	4.167269505
4.745831098	4.158606632
4.739805466	4.187344188
4.694810031	4.145686343
4.642896278	4.13702347
4.637763333	4.16150361
4.591875212	4.124103181
4.539961459	4.115440308
4.5357212	4.135663032
6.343000818	4.699810907
6.314763249	4.794659227
6.293220963	4.682721461
6.242199896	4.669801172
6.21520354	4.760480336
6.192420042	4.652711726
6.141398975	4.639791438
6.11564383	4.726301444
6.09161912	4.622701992
6.040598054	4.609781703
6.01608412	4.692122553
5.990818199	4.592692257
5.939797132	4.579771968
5.916524411	4.657943661
5.890017277	4.562682523
5.838996211	4.549762234
5.816964701	4.62376477
5.789216356	4.532672788
5.738195289	4.519752499
5.717404992	4.589585878
5.688415434	4.502663054
5.637394368	4.489742765
5.617845282	4.555406987
5.587614513	4.472653319
5.536593446	4.45973303
5.518285572	4.521228095
5.486813591	4.442643585
5.435792525	4.429723296
5.418725863	4.487049204
5.38601267	4.41263385
5.334991603	4.399713561
5.319166153	4.452870312
5.285211749	4.382624115
5.234190682	4.369703827
5.219606443	4.418691421
5.184410827	4.352614381
5.13338976	4.339694092
5.120046734	4.384512529
5.083609906	4.322604646
5.032588839	4.309684358
5.020487024	4.350333638
4.982808984	4.292594912
4.931787918	4.279674623
4.920927314	4.316154746
4.882008063	4.262585177
4.830986996	4.249664888
4.821367605	4.281975855
4.781207141	4.232575443
4.730186075	4.219655154
4.721807895	4.247796963
4.68040622	4.202565708
4.629385153	4.189645419
4.622248185	4.213618072
4.579605298	4.172555974
4.528584232	4.159635685
4.522688476	4.17943918
6.277208356	4.890904172
6.24123472	4.983096697
6.229009759	4.869762307
6.179229905	4.852672861
6.144837528	4.940812968
6.131031309	4.831530997
6.081251454	4.814441551
6.048440336	4.898529239
6.033052858	4.793299687
5.983273003	4.776210241
5.952043144	4.85624551
5.935074407	4.755068377
5.885294552	4.737978931
5.855645951	4.813961782
5.837095956	4.716837066
5.787316101	4.699747621
5.759248759	4.771678053
5.739117505	4.678605756
5.68933765	4.66151631
5.662851567	4.729394324
5.641139054	4.640374446
5.591359199	4.623285
5.566454375	4.687110595
5.543160603	4.602143136
5.493380748	4.58505369
5.470057182	4.644826866
5.445182152	4.563911825
5.395402297	4.54682238
5.37365999	4.602543137
5.347203701	4.525680515
5.297423846	4.50859107
5.277262798	4.560259408
5.24922525	4.487449205
5.199445395	4.470359759
5.180865605	4.517975679
5.151246799	4.449217895
5.101466944	4.432128449
5.084468413	4.47569195
5.053268348	4.410986585
5.003488493	4.393897139
4.988071221	4.433408221
4.955289897	4.372755274
4.905510042	4.355665829
4.891674029	4.391124492
4.857311446	4.334523964
4.807531591	4.317434519
4.795276836	4.348840764
4.759332995	4.296292654
4.70955314	4.279203208
4.698879644	4.306557035
4.661354544	4.258061344
4.611574689	4.240971898
4.602482452	4.264273306
4.563376093	4.219830034
4.513596238	4.202740588
4.506085259	4.221989577
6.195860251	5.075911658
6.152396286	5.16481862
6.149572159	5.050861795
6.101373563	5.02971993
6.059820102	5.114718894
6.055085471	5.004670068
6.006886875	4.983528203
5.967243917	5.064619169
5.960598782	4.95847834
5.912400186	4.937336476
5.874667733	5.014519443
5.866112094	4.912286613
5.817913498	4.891144749
5.782091548	4.964419717
5.771625406	4.866094886
5.72342681	4.844953021
5.689515364	4.914319992
5.677138717	4.819903159
5.628940121	4.798761294
5.59693918	4.864220266
5.582652029	4.773711431
5.534453433	4.752569567
5.504362995	4.814120541
5.488165341	4.727519704
5.439966745	4.70637784
5.411786811	4.764020815
5.393678653	4.681327977
5.345480056	4.660186112
5.319210627	4.71392109
5.299191964	4.63513625
5.250993368	4.613994385
5.226634442	4.663821364
5.204705276	4.588944522
5.15650668	4.567802658
5.134058258	4.613721638
5.110218588	4.542752795
5.062019991	4.521610931
5.041482074	4.563621913
5.015731899	4.496561068
4.967533303	4.475419203
4.948905889	4.513522187
4.921245211	4.450369341
4.873046615	4.429227476
4.856329705	4.463422462
4.826758523	4.404177613
4.778559927	4.383035749
4.763753521	4.413322736
4.732271834	4.357985886
4.684073238	4.336844022
4.671177336	4.36322301
4.637785146	4.311794159
4.58958655	4.290652294
4.578601152	4.313123285
4.543298458	4.265602432
4.495099862	4.244460567
4.486024968	4.263023559
6.099512195	5.253569576
6.048854802	5.33858365
6.055450801	5.224782831
6.009162709	5.199732968
5.960732015	5.28101016
5.965101315	5.170946223
5.918813223	5.14589636
5.872609228	5.223436669
5.87475183	5.117109615
5.828463737	5.092059752
5.784486441	5.165863179
5.784402344	5.063273007
5.738114252	5.038223144
5.696363653	5.108289689
5.694052858	5.009436399
5.647764766	4.984386536
5.608240866	5.050716198
5.603703372	4.955599791
5.55741528	4.930549928
5.520118079	4.993142708
5.513353887	4.901763183
5.467065794	4.87671332
5.431995292	4.935569218
5.423004401	4.847926575
5.376716309	4.822876713
5.343872505	4.877995728
5.332654915	4.794089967
5.286366823	4.769040105
5.255749717	4.820422237
5.242305429	4.740253359
5.196017337	4.715203497
5.16762693	4.762848747
5.151955943	4.686416751
5.105667851	4.661366889
5.079504143	4.705275257
5.061606458	4.632580143
5.015318366	4.607530281
4.991381356	4.647701766
4.971256972	4.578743536
4.92496888	4.553693673
4.903258569	4.590128276
4.880907486	4.524906928
4.834619394	4.499857065
4.815135781	4.532554786
4.790558	4.47107032
4.744269908	4.446020457
4.727012994	4.474981295
4.700208515	4.417233712
4.653920422	4.392183849
4.638890207	4.417407805
4.609859029	4.363397104
4.563570937	4.338347241
4.55076742	4.359834315
4.519509543	4.309560496
4.473221451	4.284510633
4.462644633	4.302260824
5.988822341	5.422664343
5.931317562	5.503204797
5.94728863	5.390337358
5.903227236	5.361550613
5.84825014	5.438550827
5.861693525	5.329223628
5.817632132	5.300436883
5.765182718	5.373896857
5.776098421	5.268109898
5.732037027	5.239323153
5.682115296	5.309242888
5.690503316	5.206996168
5.646441923	5.178209423
5.599047874	5.244588918
5.604908212	5.145882438
5.560846818	5.117095693
5.515980452	5.179934948
5.519313107	5.084768708
5.475251713	5.055981963
5.43291303	5.115280978
5.433718002	5.023654978
5.389656609	4.994868233
5.349845608	5.050627009
5.348122898	4.962541248
5.304061504	4.933754503
5.266778186	4.985973039
5.262527793	4.901427518
5.218466399	4.872640773
5.183710764	4.921319069
5.176932688	4.840313788
5.132871295	4.811527043
5.100643342	4.856665099
5.091337584	4.779200058
5.04727619	4.750413313
5.01757592	4.79201113
5.005742479	4.718086328
4.961681086	4.689299583
4.934508498	4.72735716
4.920147375	4.656972598
4.876085981	4.628185853
4.851441076	4.66270319
4.83455227	4.595858868
4.790490876	4.567072123
4.768373654	4.59804922
4.748957165	4.534745138
4.704895772	4.505958393
4.685306232	4.53339525
4.663362061	4.473631408
4.619300667	4.444844663
4.60223881	4.468741281
4.577766956	4.412517678
4.533705563	4.383730933
4.519171388	4.404087311
4.492171852	4.351403948
4.448110458	4.322617203
4.436103966	4.339433341
5.864546814	5.582040871
5.800587466	5.657557531
5.825824503	5.546394472
5.784290792	5.514067487
5.723142843	5.586264734
5.745568481	5.478421089
5.70403477	5.446094104
5.645698221	5.514971937
5.665312459	5.410447705
5.623778748	5.37812072
5.568253599	5.44367914
5.585056437	5.342474322
5.543522726	5.310147337
5.490808977	5.372386343
5.504800415	5.274500938
5.463266704	5.242173954
5.413364355	5.301093545
5.424544392	5.206527555
5.383010681	5.17420057
5.335919733	5.229800748
5.34428837	5.138554172
5.302754659	5.106227187
5.25847511	5.158507951
5.264032348	5.070580788
5.222498637	5.038253803
5.181030488	5.087215154
5.183776326	5.002607405
5.142242615	4.97028042
5.103585866	5.015922357
5.103520304	4.934634022
5.061986593	4.902307037
5.026141244	4.94462956
5.023264282	4.866660638
4.981730571	4.834333653
4.948696622	4.873336763
4.94300826	4.798687255
4.901474549	4.76636027
4.871251999	4.802043966
4.862752238	4.730713871
4.821218527	4.698386887
4.793807377	4.730751169
4.782496216	4.662740488
4.740962505	4.630413503
4.716362755	4.659458372
4.702240193	4.594767105
4.660706482	4.56244012
4.638918133	4.588165575
4.621984171	4.526793721
4.58045046	4.494466736
4.561473511	4.516872778
4.541728149	4.458820338
4.500194438	4.426493353
4.484028889	4.445579981
4.461472127	4.390846954
4.419938416	4.35851997
4.406584266	4.374287184
5.727534542	5.730610454
5.657557531	5.800587466
5.691888143	5.691888143
5.653165832	5.656241745
5.586264734	5.723142843
5.617519434	5.617519434
5.578797123	5.581873035
5.514971937	5.645698221
5.543150724	5.543150724
5.504428413	5.507504326
5.44367914	5.568253599
5.468782014	5.468782014
5.430059703	5.433135616
5.372386343	5.490808977
5.394413305	5.394413305
5.355690994	5.358766906
5.301093545	5.413364355
5.320044595	5.320044595
5.281322284	5.284398197
5.229800748	5.335919733
5.245675886	5.245675886
5.206953575	5.210029487
5.158507951	5.25847511
5.171307176	5.171307176
5.132584865	5.135660778
5.087215154	5.181030488
5.096938467	5.096938467
5.058216155	5.061292068
5.015922357	5.103585866
5.022569757	5.022569757
4.983847446	4.986923358
4.94462956	5.026141244
4.948201047	4.948201047
4.909478736	4.912554649
4.873336763	4.948696622
4.873832338	4.873832338
4.835110027	4.838185939
4.802043966	4.871251999
4.799463628	4.799463628
4.760741317	4.76381723
4.730751169	4.793807377
4.725094919	4.725094919
4.686372607	4.68944852
4.659458372	4.716362755
4.650726209	4.650726209
4.612003898	4.61507981
4.588165575	4.638918133
4.576357499	4.576357499
4.537635188	4.540711101
4.516872778	4.561473511
4.50198879	4.50198879
4.463266479	4.466342391
4.445579981	4.484028889
4.42762008	4.42762008
4.388897769	4.391973682
4.374287184	4.406584266
5.578721457	5.867358214
5.503204797	5.931317562
5.546394472	5.825824503
5.510748074	5.787102192
5.438550827	5.84825014
5.478421089	5.745568481
5.44277469	5.70684617
5.373896857	5.765182718
5.410447705	5.665312459
5.374801307	5.626590148
5.309242888	5.682115296
5.342474322	5.585056437
5.306827923	5.546334126
5.244588918	5.599047874
5.274500938	5.504800415
5.23885454	5.466078103
5.179934948	5.515980452
5.206527555	5.424544392
5.170881157	5.385822081
5.115280978	5.43291303
5.138554172	5.34428837
5.102907773	5.305566059
5.050627009	5.349845608
5.070580788	5.264032348
5.03493439	5.225310037
4.985973039	5.266778186
5.002607405	5.183776326
4.966961006	5.145054015
4.921319069	5.183710764
4.934634022	5.103520304
4.898987623	5.064797993
4.856665099	5.100643342
4.866660638	5.023264282
4.83101424	4.984541971
4.79201113	5.01757592
4.798687255	4.94300826
4.763040856	4.904285949
4.72735716	4.934508498
4.730713871	4.862752238
4.695067473	4.824029927
4.66270319	4.851441076
4.662740488	4.782496216
4.627094089	4.743773904
4.59804922	4.768373654
4.594767105	4.702240193
4.559120706	4.663517882
4.53339525	4.685306232
4.526793721	4.621984171
4.491147323	4.58326186
4.468741281	4.60223881
4.458820338	4.541728149
4.423173939	4.503005838
4.404087311	4.519171388
4.390846954	4.461472127
4.355200556	4.422749816
4.339433341	4.436103966
5.419124104	5.991350024
5.33858365	6.048854802
5.390337358	5.94728863
5.358010374	5.905754919
5.28101016	5.960732015
5.329223628	5.861693525
5.296896644	5.820159814
5.223436669	5.872609228
5.268109898	5.776098421
5.235782914	5.73456471
5.165863179	5.784486441
5.206996168	5.690503316
5.174669183	5.648969605
5.108289689	5.696363653
5.145882438	5.604908212
5.113555453	5.5633745
5.050716199	5.608240866
5.084768708	5.519313107
5.052441723	5.477779396
4.993142708	5.520118079
5.023654978	5.433718002
4.991327993	5.392184291
4.935569218	5.431995292
4.962541248	5.348122898
4.930214263	5.306589187
4.877995728	5.343872505
4.901427518	5.262527793
4.869100533	5.220994082
4.820422237	5.255749717
4.840313788	5.176932688
4.807986803	5.135398977
4.762848747	5.16762693
4.779200058	5.091337584
4.746873073	5.049803873
4.705275257	5.079504143
4.718086328	5.005742479
4.685759343	4.964208768
4.647701766	4.991381356
4.656972598	4.920147375
4.624645613	4.878613664
4.590128276	4.903258569
4.595858868	4.83455227
4.563531883	4.793018559
4.532554786	4.815135781
4.534745138	4.748957165
4.502418153	4.707423454
4.474981295	4.727012994
4.473631408	4.663362061
4.441304423	4.62182835
4.417407805	4.638890207
4.412517678	4.577766956
4.380190693	4.536233245
4.359834315	4.55076742
4.351403948	4.492171852
4.319076963	4.450638141
4.302260824	4.462644633
5.249832694	6.101738893
5.16481862	6.152396286
5.224782831	6.055450801
5.195996086	6.011389407
5.114718894	6.059820102
5.170946223	5.965101315
5.142159478	5.921039922
5.064619169	5.967243917
5.117109615	5.87475183
5.08832287	5.830690436
5.014519443	5.874667733
5.063273007	5.784402344
5.034486262	5.74034095
4.964419717	5.782091548
5.009436399	5.694052858
4.980649654	5.649991464
4.914319992	5.689515364
4.955599791	5.603703372
4.926813046	5.559641979
4.864220266	5.59693918
4.901763183	5.513353887
4.872976438	5.469292493
4.814120541	5.504362995
4.847926575	5.423004401
4.81913983	5.378943007
4.764020815	5.411786811
4.794089967	5.332654915
4.765303222	5.288593521
4.71392109	5.319210627
4.740253359	5.242305429
4.711466614	5.198244036
4.663821364	5.226634442
4.686416751	5.151955943
4.657630006	5.10789455
4.613721638	5.134058258
4.632580143	5.061606458
4.603793398	5.017545064
4.563621913	5.041482074
4.578743536	4.971256972
4.54995679	4.927195578
4.513522187	4.948905889
4.524906928	4.880907486
4.496120182	4.836846093
4.463422462	4.856329705
4.47107032	4.790558
4.442283574	4.746496607
4.413322736	4.763753521
4.417233712	4.700208515
4.388446966	4.656147121
4.36322301	4.671177336
4.363397104	4.609859029
4.334610359	4.565797635
4.313123285	4.578601152
4.309560496	4.519509543
4.280773751	4.47544815
4.263023559	4.486024968
5.072003659	6.197770755
4.983096697	6.24123472
5.050861795	6.149572159
5.025811932	6.103284067
4.940812968	6.144837528
5.004670068	6.055085471
4.979620205	6.008797379
4.898529239	6.048440336
4.95847834	5.960598782
4.933428478	5.91431069
4.85624551	5.952043144
4.912286613	5.866112094
4.88723675	5.819824002
4.813961782	5.855645951
4.866094886	5.771625406
4.841045023	5.725337314
4.771678053	5.759248759
4.819903159	5.677138717
4.794853296	5.630850625
4.729394324	5.662851567
4.773711431	5.582652029
4.748661569	5.536363937
4.687110595	5.566454375
4.727519704	5.488165341
4.702469841	5.441877249
4.644826866	5.470057182
4.681327977	5.393678653
4.656278114	5.34739056
4.602543137	5.37365999
4.63513625	5.299191964
4.610086387	5.252903872
4.560259408	5.277262798
4.588944522	5.204705276
4.56389466	5.158417184
4.517975679	5.180865605
4.542752795	5.110218588
4.517702932	5.063930495
4.47569195	5.084468413
4.496561068	5.015731899
4.471511205	4.969443807
4.433408221	4.988071221
4.450369341	4.921245211
4.425319478	4.874957119
4.391124492	4.891674029
4.404177613	4.826758523
4.379127751	4.780470431
4.348840764	4.795276836
4.357985886	4.732271834
4.332936023	4.685983742
4.306557035	4.698879644
4.311794159	4.637785146
4.286744296	4.591497054
4.264273306	4.602482452
4.265602432	4.543298458
4.240552569	4.497010366
4.221989577	4.506085259
4.886851753	6.278789614
4.794659227	6.314763249
4.869762307	6.229009759
4.848620443	6.180811163
4.760480336	6.21520354
4.831530997	6.131031309
4.810389132	6.082832712
4.726301444	6.11564383
4.793299687	6.033052858
4.772157822	5.984854261
4.692122553	6.01608412
4.755068377	5.935074407
4.733926512	5.88687581
4.657943661	5.916524411
4.716837066	5.837095956
4.695695202	5.788897359
4.62376477	5.816964701
4.678605756	5.739117505
4.657463892	5.690918909
4.589585878	5.717404992
4.640374446	5.641139054
4.619232581	5.592940458
4.555406987	5.617845282
4.602143136	5.543160603
4.581001271	5.494962007
4.521228095	5.518285572
4.563911825	5.445182152
4.542769961	5.396983556
4.487049204	5.418725863
4.525680515	5.347203701
4.504538651	5.299005105
4.452870312	5.319166153
4.487449205	5.24922525
4.466307341	5.201026654
4.418691421	5.219606443
4.449217895	5.151246799
4.42807603	5.103048203
4.384512529	5.120046734
4.410986585	5.053268348
4.38984472	5.005069752
4.350333638	5.020487024
4.372755274	4.955289897
4.35161341	4.907091301
4.316154746	4.920927314
4.334523964	4.857311446
4.3133821	4.80911285
4.281975855	4.821367605
4.296292654	4.759332995
4.27515079	4.711134399
4.247796963	4.721807895
4.258061344	4.661354544
4.236919479	4.613155948
4.213618072	4.622248185
4.219830034	4.563376093
4.198688169	4.515177497
4.17943918	4.522688476
4.69564175	6.34424203
4.600793429	6.372479598
4.682721461	6.293220963
4.665632015	6.243441108
4.574952851	6.270437465
4.652711726	6.192420042
4.635622281	6.142640187
4.549112274	6.168395332
4.622701992	6.09161912
4.605612546	6.041839265
4.523271696	6.066353198
4.592692257	5.990818199
4.575602812	5.941038344
4.497431119	5.964311065
4.562682523	5.890017277
4.545593077	5.840237422
4.471590541	5.862268932
4.532672788	5.789216356
4.515583342	5.739436501
4.445749963	5.760226799
4.502663054	5.688415434
4.485573608	5.63863558
4.419909386	5.658184665
4.472653319	5.587614513
4.455563873	5.537834658
4.394068808	5.556142532
4.442643585	5.486813591
4.425554139	5.437033737
4.368228231	5.454100399
4.41263385	5.38601267
4.395544404	5.336232815
4.342387653	5.352058266
4.382624115	5.285211749
4.36553467	5.235431894
4.316547076	5.250016132
4.352614381	5.184410827
4.335524935	5.134630972
4.290706498	5.147973999
4.322604646	5.083609906
4.305515201	5.033830051
4.26486592	5.045931866
4.292594912	4.982808984
4.275505466	4.933029129
4.239025343	4.943889733
4.262585177	4.882008063
4.245495732	4.832228208
4.213184765	4.841847599
4.232575443	4.781207141
4.215485997	4.731427286
4.187344188	4.739805466
4.202565708	4.68040622
4.185476262	4.630626365
4.16150361	4.637763333
4.172555974	4.579605298
4.155466528	4.529825444
4.135663032	4.5357212
4.499679808	6.393680895
4.402823603	6.413989506
4.491016935	6.341767142
4.478096646	6.290746076
4.385497856	6.310162
4.469433773	6.238832323
4.456513484	6.187811256
4.36817211	6.206334494
4.447850611	6.135897503
4.434930322	6.084876437
4.350846363	6.102506989
4.426267449	6.032962684
4.41334716	5.981941617
4.333520617	5.998679483
4.404684287	5.930027864
4.391763998	5.879006798
4.316194871	5.894851978
4.383101125	5.827093045
4.370180836	5.776071978
4.298869124	5.791024472
4.361517963	5.724158226
4.348597674	5.673137159
4.281543378	5.687196966
4.339934801	5.621223406
4.327014512	5.57020234
4.264217632	5.583369461
4.318351639	5.518288587
4.30543135	5.46726752
4.246891885	5.479541955
4.296768477	5.415353767
4.283848188	5.364332701
4.229566139	5.375714449
4.275185315	5.312418948
4.262265026	5.261397881
4.212240393	5.271886944
4.253602153	5.209484128
4.240681864	5.158463062
4.194914646	5.168059438
4.232018991	5.106549309
4.219098702	5.055528242
4.1775889	5.064231933
4.210435829	5.00361449
4.19751554	4.952593423
4.160263154	4.960404427
4.188852667	4.90067967
4.175932378	4.849658603
4.142937407	4.856576921
4.167269505	4.797744851
4.154349216	4.746723784
4.125611661	4.752749416
4.145686343	4.694810031
4.132766054	4.643788965
4.108285915	4.64892191
4.124103181	4.591875212
4.111182893	4.540854145
4.090960168	4.545094405
4.300304547	6.426768493
4.202102082	6.439009417
4.295958265	6.374316677
4.287295392	6.322402924
4.19340952	6.334105786
4.282949111	6.269951109
4.274286237	6.218037356
4.184716957	6.229202155
4.269939956	6.165585541
4.261277083	6.113671788
4.176024394	6.124298525
4.256930802	6.061219973
4.248267928	6.00930622
4.167331832	6.019394894
4.243921647	5.956854404
4.235258774	5.904940652
4.158639269	5.914491263
4.230912493	5.852488836
4.222249619	5.800575083
4.149946706	5.809587632
4.217903338	5.748123268
4.209240465	5.696209515
4.141254144	5.704684001
4.204894184	5.6437577
4.19623131	5.591843947
4.132561581	5.59978037
4.191885029	5.539392131
4.183222156	5.487478379
4.123869018	5.49487674
4.178875875	5.435026563
4.170213001	5.38311281
4.115176456	5.389973109
4.16586672	5.330660995
4.157203847	5.278747242
4.106483893	5.285069478
4.152857566	5.226295427
4.144194692	5.174381674
4.09779133	5.180165847
4.139848411	5.121929858
4.131185538	5.070016106
4.089098767	5.075262216
4.126839257	5.01756429
4.118176383	4.965650537
4.080406205	4.970358585
4.113830102	4.913198722
4.105167229	4.861284969
4.071713642	4.865454954
4.100820947	4.808833154
4.092158074	4.756919401
4.063021079	4.760551324
4.087811793	4.704467586
4.07914892	4.652553833
4.054328517	4.655647693
4.074802638	4.600102017
4.066139765	4.548188265
4.045635954	4.550744062
4.0988779	6.443278801
4.0988779	6.390647222
4.094531619	6.338195406
4.094531619	6.285563828
4.090185338	6.233112012
4.090185338	6.180480433
4.085839056	6.128028618
4.085839056	6.075397039
4.081492775	6.022945223
4.081492775	5.970313644
4.077146494	5.917861829
4.077146494	5.86523025
4.072800212	5.812778435
4.072800212	5.760146856
4.068453931	5.70769504
4.068453931	5.655063461
4.06410765	5.602611646
4.06410765	5.549980067
4.059761368	5.497528252
4.059761368	5.444896673
4.055415087	5.392444857
4.055415087	5.339813278
4.051068806	5.287361463
4.051068806	5.234729884
4.046722524	5.182278068
4.046722524	5.129646489
4.042376243	5.077194674
4.042376243	5.024563095
4.038029962	4.97211128
4.038029962	4.919479701
4.03368368	4.867027885
4.03368368	4.814396306
4.029337399	4.761944491
4.029337399	4.709312912
4.024991118	4.656861097
4.024991118	4.604229518
4.020644836	4.551777702

--------------------------------------------------------------------------------
ELEMENT CONNECTIVITY
--------------------------------------------------------------------------------
8	157	305	175	777	323
305	157	453	777	778	779
305	453	306	779	780	324
306	453	454	780	781	782
306	454	307	782	783	325
307	454	455	783	784	785
307	455	308	785	786	326
308	455	456	786	787	788
308	456	309	788	789	327
309	456	457	789	790	791
309	457	310	791	792	328
310	457	458	792	793	794
310	458	311	794	795	329
311	458	459	795	796	797
311	459	312	797	798	330
312	459	460	798	799	800
312	460	313	800	801	331
313	460	461	801	802	803
313	461	314	803	804	332
314	461	462	804	805	806
314	462	315	806	807	333
315	462	463	807	808	809
315	463	316	809	810	334
316	463	464	810	811	812
316	464	317	812	813	335
317	464	465	813	814	815
317	465	318	815	816	336
318	465	466	816	817	818
318	466	319	818	819	337
319	466	467	819	820	821
319	467	320	821	822	338
320	467	468	822	823	824
320	468	321	824	825	339
321	468	469	825	826	827
321	469	322	827	828	340
322	469	470	828	829	830
322	470	1	830	831	341
1	470	46	831	832	64
157	158	453	176	833	778
453	158	471	833	834	835
453	471	454	835	836	781
454	471	472	836	837	838
454	472	455	838	839	784
455	472	473	839	840	841
455	473	456	841	842	787
456	473	474	842	843	844
456	474	457	844	845	790
457	474	475	845	846	847
457	475	458	847	848	793
458	475	476	848	849	850
458	476	459	850	851	796
459	476	477	851	852	853
459	477	460	853	854	799
460	477	478	854	855	856
460	478	461	856	857	802
461	478	479	857	858	859
461	479	462	859	860	805
462	479	480	860	861	862
462	480	463	862	863	808
463	480	481	863	864	865
463	481	464	865	866	811
464	481	482	866	867	868
464	482	465	868	869	814
465	482	483	869	870	871
465	483	466	871	872	817
466	483	484	872	873	874
466	484	467	874	875	820
467	484	485	875	876	877
467	485	468	877	878	823
468	485	486	878	879	880
468	486	469	880	881	826
469	486	487	881	882	883
469	487	470	883	884	829
470	487	488	884	885	886
470	488	46	886	887	832
46	488	47	887	888	65
158	159	471	177	889	834
471	159	489	889	890	891
471	489	472	891	892	837
472	489	490	892	893	894
472	490	473	894	895	840
473	490	491	895	896	897
473	491	474	897	898	843
474	491	492	898	899	900
474	492	475	900	901	846
475	492	493	901	902	903
475	493	476	903	904	849
476	493	494	904	905	906
476	494	477	906	907	852
477	494	495	907	908	909
477	495	478	909	910	855
478	495	496	910	911	912
478	496	479	912	913	858
479	496	497	913	914	915
479	497	480	915	916	861
480	497	498	916	917	918
480	498	481	918	919	864
481	498	499	919	920	921
481	499	482	921	922	867
482	499	500	922	923	924
482	500	483	924	925	870
483	500	501	925	926	927
483	501	484	927	928	873
484	501	502	928	929	930
484	502	485	930	931	876
485	502	503	931	932	933
485	503	486	933	934	879
486	503	504	934	935	936
486	504	487	936	937	882
487	504	505	937	938	939
487	505	488	939	940	885
488	505	506	940	941	942
488	506	47	942	943	888
47	506	48	943	944	66
159	160	489	178	945	890
489	160	507	945	946	947
489	507	490	947	948	893
490	507	508	948	949	950
490	508	491	950	951	896
491	508	509	951	952	953
491	509	492	953	954	899
492	509	510	954	955	956
492	510	493	956	957	902
493	510	511	957	958	959
493	511	494	959	960	905
494	511	512	960	961	962
494	512	495	962	963	908
495	512	513	963	964	965
495	513	496	965	966	911
496	513	514	966	967	968
496	514	497	968	969	914
497	514	515	969	970	971
497	515	498	971	972	917
498	515	516	972	973	974
498	516	499	974	975	920
499	516	517	975	976	977
499	517	500	977	978	923
500	517	518	978	979	980
500	518	501	980	981	926
501	518	519	981	982	983
501	519	502	983	984	929
502	519	520	984	985	986
502	520	503	986	987	932
503	520	521	987	988	989
503	521	504	989	990	935
504	521	522	990	991	992
504	522	505	992	993	938
505	522	523	993	994	995
505	523	506	995	996	941
506	523	524	996	997	998
506	524	48	998	999	944
48	524	49	999	1000	67
160	161	507	179	1001	946
507	161	525	1001	1002	1003
507	525	508	1003	1004	949
508	525	526	1004	1005	1006
508	526	509	1006	1007	952
509	526	527	1007	1008	1009
509	527	510	1009	1010	955
510	527	528	1010	1011	1012
510	528	511	1012	1013	958
511	528	529	1013	1014	1015
511	529	512	1015	1016	961
512	529	530	1016	1017	1018
512	530	513	1018	1019	964
513	530	531	1019	1020	1021
513	531	514	1021	1022	967
514	531	532	1022	1023	1024
514	532	515	1024	1025	970
515	532	533	1025	1026	1027
515	533	516	1027	1028	973
516	533	534	1028	1029	1030
516	534	517	1030	1031	976
517	534	535	1031	1032	1033
517	535	518	1033	1034	979
518	535	536	1034	1035	1036
518	536	519	1036	1037	982
519	536	537	1037	1038	1039
519	537	520	1039	1040	985
520	537	538	1040	1041	1042
520	538	521	1042	1043	988
521	538	539	1043	1044	1045
521	539	522	1045	1046	991
522	539	540	1046	1047	1048
522	540	523	1048	1049	994
523	540	541	1049	1050	1051
523	541	524	1051	1052	997
524	541	542	1052	1053	1054
524	542	49	1054	1055	1000
49	542	50	1055	1056	68
161	162	525	180	1057	1002
525	162	543	1057	1058	1059
525	543	526	1059	1060	1005
526	543	544	1060	1061	1062
526	544	527	1062	1063	1008
527	544	545	1063	1064	1065
527	545	528	1065	1066	1011
528	545	546	1066	1067	1068
528	546	529	1068	1069	1014
529	546	547	1069	1070	1071
529	547	530	1071	1072	1017
530	547	548	1072	1073	1074
530	548	531	1074	1075	1020
531	548	549	1075	1076	1077
531	549	532	1077	1078	1023
532	549	550	1078	1079	1080
532	550	533	1080	1081	1026
533	550	551	1081	1082	1083
533	551	534	1083	1084	1029
534	551	552	1084	1085	1086
534	552	535	1086	1087	1032
535	552	553	1087	1088	1089
535	553	536	1089	1090	1035
536	553	554	1090	1091	1092
536	554	537	1092	1093	1038
537	554	555	1093	1094	1095
537	555	538	1095	1096	1041
538	555	556	1096	1097	1098
538	556	539	1098	1099	1044
539	556	557	1099	1100	1101
539	557	540	1101	1102	1047
540	557	558	1102	1103	1104
540	558	541	1104	1105	1050
541	558	559	1105	1106	1107
541	559	542	1107	1108	1053
542	559	560	1108	1109	1110
542	560	50	1110	1111	1056
50	560	51	1111	1112	69
162	163	543	181	1113	1058
543	163	561	1113	1114	1115
543	561	544	1115	1116	1061
544	561	562	1116	1117	1118
544	562	545	1118	1119	1064
545	562	563	1119	1120	1121
545	563	546	1121	1122	1067
546	563	564	1122	1123	1124
546	564	547	1124	1125	1070
547	564	565	1125	1126	1127
547	565	548	1127	1128	1073
548	565	566	1128	1129	1130
548	566	549	1130	1131	1076
549	566	567	1131	1132	1133
549	567	550	1133	1134	1079
550	567	568	1134	1135	1136
550	568	551	1136	1137	1082
551	568	569	1137	1138	1139
551	569	552	1139	1140	1085
552	569	570	1140	1141	1142
552	570	553	1142	1143	1088
553	570	571	1143	1144	1145
553	571	554	1145	1146	1091
554	571	572	1146	1147	1148
554	572	555	1148	1149	1094
555	572	573	1149	1150	1151
555	573	556	1151	1152	1097
556	573	574	1152	1153	1154
556	574	557	1154	1155	1100
557	574	575	1155	1156	1157
557	575	558	1157	1158	1103
558	575	576	1158	1159	1160
558	576	559	1160	1161	1106
559	576	577	1161	1162	1163
559	577	560	1163	1164	1109
560	577	578	1164	1165	1166
560	578	51	1166	1167	1112
51	578	52	1167	1168	70
163	164	561	182	1169	1114
561	164	579	1169	1170	1171
561	579	562	1171	1172	1117
562	579	580	1172	1173	1174
562	580	563	1174	1175	1120
563	580	581	1175	1176	1177
563	581	564	1177	1178	1123
564	581	582	1178	1179	1180
564	582	565	1180	1181	1126
565	582	583	1181	1182	1183
565	583	566	1183	1184	1129
566	583	584	1184	1185	1186
566	584	567	1186	1187	1132
567	584	585	1187	1188	1189
567	585	568	1189	1190	1135
568	585	586	1190	1191	1192
568	586	569	1192	1193	1138
569	586	587	1193	1194	1195
569	587	570	1195	1196	1141
570	587	588	1196	1197	1198
570	588	571	1198	1199	1144
571	588	589	1199	1200	1201
571	589	572	1201	1202	1147
572	589	590	1202	1203	1204
572	590	573	1204	1205	1150
573	590	591	1205	1206	1207
573	591	574	1207	1208	1153
574	591	592	1208	1209	1210
574	592	575	1210	1211	1156
575	592	593	1211	1212	1213
575	593	576	1213	1214	1159
576	593	594	1214	1215	1216
576	594	577	1216	1217	1162
577	594	595	1217	1218	1219
577	595	578	1219	1220	1165
578	595	596	1220	1221	1222
578	596	52	1222	1223	1168
52	596	53	1223	1224	71
164	165	579	183	1225	1170
579	165	597	1225	1226	1227
579	597	580	1227	1228	1173
580	597	598	1228	1229	1230
580	598	581	1230	1231	1176
581	598	599	1231	1232	1233
581	599	582	1233	1234	1179
582	599	600	1234	1235	1236
582	600	583	1236	1237	1182
583	600	601	1237	1238	1239
583	601	584	1239	1240	1185
584	601	602	1240	1241	1242
584	602	585	1242	1243	1188
585	602	603	1243	1244	1245
585	603	586	1245	1246	1191
586	603	604	1246	1247	1248
586	604	587	1248	1249	1194
587	604	605	1249	1250	1251
587	605	588	1251	1252	1197
588	605	606	1252	1253	1254
588	606	589	1254	1255	1200
589	606	607	1255	1256	1257
589	607	590	1257	1258	1203
590	607	608	1258	1259	1260
590	608	591	1260	1261	1206
591	608	609	1261	1262	1263
591	609	592	1263	1264	1209
592	609	610	1264	1265	1266
592	610	593	1266	1267	1212
593	610	611	1267	1268	1269
593	611	594	1269	1270	1215
594	611	612	1270	1271	1272
594	612	595	1272	1273	1218
595	612	613	1273	1274	1275
595	613	596	1275	1276	1221
596	613	614	1276	1277	1278
596	614	53	1278	1279	1224
53	614	54	1279	1280	72
165	166	597	184	1281	1226
597	166	615	1281	1282	1283
597	615	598	1283	1284	1229
598	615	616	1284	1285	1286
598	616	599	1286	1287	1232
599	616	617	1287	1288	1289
599	617	600	1289	1290	1235
600	617	618	1290	1291	1292
600	618	601	1292	1293	1238
601	618	619	1293	1294	1295
601	619	602	1295	1296	1241
602	619	620	1296	1297	1298
602	620	603	1298	1299	1244
603	620	621	1299	1300	1301
603	621	604	1301	1302	1247
604	621	622	1302	1303	1304
604	622	605	1304	1305	1250
605	622	623	1305	1306	1307
605	623	606	1307	1308	1253
606	623	624	1308	1309	1310
606	624	607	1310	1311	1256
607	624	625	1311	1312	1313
607	625	608	1313	1314	1259
608	625	626	1314	1315	1316
608	626	609	1316	1317	1262
609	626	627	1317	1318	1319
609	627	610	1319	1320	1265
610	627	628	1320	1321	1322
610	628	611	1322	1323	1268
611	628	629	1323	1324	1325
611	629	612	1325	1326	1271
612	629	630	1326	1327	1328
612	630	613	1328	1329	1274
613	630	631	1329	1330	1331
613	631	614	1331	1332	1277
614	631	632	1332	1333	1334
614	632	54	1334	1335	1280
54	632	55	1335	1336	73
166	167	615	185	1337	1282
615	167	633	1337	1338	1339
615	633	616	1339	1340	1285
616	633	634	1340	1341	1342
616	634	617	1342	1343	1288
617	634	635	1343	1344	1345
617	635	618	1345	1346	1291
618	635	636	1346	1347	1348
618	636	619	1348	1349	1294
619	636	637	1349	1350	1351
619	637	620	1351	1352	1297
620	637	638	1352	1353	1354
620	638	621	1354	1355	1300
621	638	639	1355	1356	1357
621	639	622	1357	1358	1303
622	639	640	1358	1359	1360
622	640	623	1360	1361	1306
623	640	641	1361	1362	1363
623	641	624	1363	1364	1309
624	641	642	1364	1365	1366
624	642	625	1366	1367	1312
625	642	643	1367	1368	1369
625	643	626	1369	1370	1315
626	643	644	1370	1371	1372
626	644	627	1372	1373	1318
627	644	645	1373	1374	1375
627	645	628	1375	1376	1321
628	645	646	1376	1377	1378
628	646	629	1378	1379	1324
629	646	647	1379	1380	1381
629	647	630	1381	1382	1327
630	647	648	1382	1383	1384
630	648	631	1384	1385	1330
631	648	649	1385	1386	1387
631	649	632	1387	1388	1333
632	649	650	1388	1389	1390
632	650	55	1390	1391	1336
55	650	56	1391	1392	74
167	168	633	186	1393	1338
633	168	651	1393	1394	1395
633	651	634	1395	1396	1341
634	651	652	1396	1397	1398
634	652	635	1398	1399	1344
635	652	653	1399	1400	1401
635	653	636	1401	1402	1347
636	653	654	1402	1403	1404
636	654	637	1404	1405	1350
637	654	655	1405	1406	1407
637	655	638	1407	1408	1353
638	655	656	1408	1409	1410
638	656	639	1410	1411	1356
639	656	657	1411	1412	1413
639	657	640	1413	1414	1359
640	657	658	1414	1415	1416
640	658	641	1416	1417	1362
641	658	659	1417	1418	1419
641	659	642	1419	1420	1365
642	659	660	1420	1421	1422
642	660	643	1422	1423	1368
643	660	661	1423	1424	1425
643	661	644	1425	1426	1371
644	661	662	1426	1427	1428
644	662	645	1428	1429	1374
645	662	663	1429	1430	1431
645	663	646	1431	1432	1377
646	663	664	1432	1433	1434
646	664	647	1434	1435	1380
647	664	665	1435	1436	1437
647	665	648	1437	1438	1383
648	665	666	1438	1439	1440
648	666	649	1440	1441	1386
649	666	667	1441	1442	1443
649	667	650	1443	1444	1389
650	667	668	1444	1445	1446
650	668	56	1446	1447	1392
56	668	57	1447	1448	75
168	169	651	187	1449	1394
651	169	669	1449	1450	1451
651	669	652	1451	1452	1397
652	669	670	1452	1453	1454
652	670	653	1454	1455	1400
653	670	671	1455	1456	1457
653	671	654	1457	1458	1403
654	671	672	1458	1459	1460
654	672	655	1460	1461	1406
655	672	673	1461	1462	1463
655	673	656	1463	1464	1409
656	673	674	1464	1465	1466
656	674	657	1466	1467	1412
657	674	675	1467	1468	1469
657	675	658	1469	1470	1415
658	675	676	1470	1471	1472
658	676	659	1472	1473	1418
659	676	677	1473	1474	1475
659	677	660	1475	1476	1421
660	677	678	1476	1477	1478
660	678	661	1478	1479	1424
661	678	679	1479	1480	1481
661	679	662	1481	1482	1427
662	679	680	1482	1483	1484
662	680	663	1484	1485	1430
663	680	681	1485	1486	1487
663	681	664	1487	1488	1433
664	681	682	1488	1489	1490
664	682	665	1490	1491	1436
665	682	683	1491	1492	1493
665	683	666	1493	1494	1439
666	683	684	1494	1495	1496
666	684	667	1496	1497	1442
667	684	685	1497	1498	1499
667	685	668	1499	1500	1445
668	685	686	1500	1501	1502
668	686	57	1502	1503	1448
57	686	58	1503	1504	76
169	170	669	188	1505	1450
669	170	687	1505	1506	1507
669	687	670	1507	1508	1453
670	687	688	1508	1509	1510
670	688	671	1510	1511	1456
671	688	689	1511	1512	1513
671	689	672	1513	1514	1459
672	689	690	1514	1515	1516
672	690	673	1516	1517	1462
673	690	691	1517	1518	1519
673	691	674	1519	1520	1465
674	691	692	1520	1521	1522
674	692	675	1522	1523	1468
675	692	693	1523	1524	1525
675	693	676	1525	1526	1471
676	693	694	1526	1527	1528
676	694	677	1528	1529	1474
677	694	695	1529	1530	1531
677	695	678	1531	1532	1477
678	695	696	1532	1533	1534
678	696	679	1534	1535	1480
679	696	697	1535	1536	1537
679	697	680	1537	1538	1483
680	697	698	1538	1539	1540
680	698	681	1540	1541	1486
681	698	699	1541	1542	1543
681	699	682	1543	1544	1489
682	699	700	1544	1545	1546
682	700	683	1546	1547	1492
683	700	701	1547	1548	1549
683	701	684	1549	1550	1495
684	701	702	1550	1551	1552
684	702	685	1552	1553	1498
685	702	703	1553	1554	1555
685	703	686	1555	1556	1501
686	703	704	1556	1557	1558
686	704	58	1558	1559	1504
58	704	59	1559	1560	77
170	171	687	189	1561	1506
687	171	705	1561	1562	1563
687	705	688	1563	1564	1509
688	705	706	1564	1565	1566
688	706	689	1566	1567	1512
689	706	707	1567	1568	1569
689	707	690	1569	1570	1515
690	707	708	1570	1571	1572
690	708	691	1572	1573	1518
691	708	709	1573	1574	1575
691	709	692	1575	1576	1521
692	709	710	1576	1577	1578
692	710	693	1578	1579	1524
693	710	711	1579	1580	1581
693	711	694	1581	1582	1527
694	711	712	1582	1583	1584
694	712	695	1584	1585	1530
695	712	713	1585	1586	1587
695	713	696	1587	1588	1533
696	713	714	1588	1589	1590
696	714	697	1590	1591	1536
697	714	715	1591	1592	1593
697	715	698	1593	1594	1539
698	715	716	1594	1595	1596
698	716	699	1596	1597	1542
699	716	717	1597	1598	1599
699	717	700	1599	1600	1545
700	717	718	1600	1601	1602
700	718	701	1602	1603	1548
701	718	719	1603	1604	1605
701	719	702	1605	1606	1551
702	719	720	1606	1607	1608
702	720	703	1608	1609	1554
703	720	721	1609	1610	1611
703	721	704	1611	1612	1557
704	721	722	1612	1613	1614
704	722	59	1614	1615	1560
59	722	60	1615	1616	78
171	172	705	190	1617	1562
705	172	723	1617	1618	1619
705	723	706	1619	1620	1565
706	723	724	1620	1621	1622
706	724	707	1622	1623	1568
707	724	725	1623	1624	1625
707	725	708	1625	1626	1571
708	725	726	1626	1627	1628
708	726	709	1628	1629	1574
709	726	727	1629	1630	1631
709	727	710	1631	1632	1577
710	727	728	1632	1633	1634
710	728	711	1634	1635	1580
711	728	729	1635	1636	1637
711	729	712	1637	1638	1583
712	729	730	1638	1639	1640
712	730	713	1640	1641	1586
713	730	731	1641	1642	1643
713	731	714	1643	1644	1589
714	731	732	1644	1645	1646
714	732	715	1646	1647	1592
715	732	733	1647	1648	1649
715	733	716	1649	1650	1595
716	733	734	1650	1651	1652
716	734	717	1652	1653	1598
717	734	735	1653	1654	1655
717	735	718	1655	1656	1601
718	735	736	1656	1657	1658
718	736	719	1658	1659	1604
719	736	737	1659	1660	1661
719	737	720	1661	1662	1607
720	737	738	1662	1663	1664
720	738	721	1664	1665	1610
721	738	739	1665	1666	1667
721	739	722	1667	1668	1613
722	739	740	1668	1669	1670
722	740	60	1670	1671	1616
60	740	61	1671	1672	79
172	173	723	191	1673	1618
723	173	741	1673	1674	1675
723	741	724	1675	1676	1621
724	741	742	1676	1677	1678
724	742	725	1678	1679	1624
725	742	743	1679	1680	1681
725	743	726	1681	1682	1627
726	743	744	1682	1683	1684
726	744	727	1684	1685	1630
727	744	745	1685	1686	1687
727	745	728	1687	1688	1633
728	745	746	1688	1689	1690
728	746	729	1690	1691	1636
729	746	747	1691	1692	1693
729	747	730	1693	1694	1639
730	747	748	1694	1695	1696
730	748	731	1696	1697	1642
731	748	749	1697	1698	1699
731	749	732	1699	1700	1645
732	749	750	1700	1701	1702
732	750	733	1702	1703	1648
733	750	751	1703	1704	1705
733	751	734	1705	1706	1651
734	751	752	1706	1707	1708
734	752	735	1708	1709	1654
735	752	753	1709	1710	1711
735	753	736	1711	1712	1657
736	753	754	1712	1713	1714
736	754	737	1714	1715	1660
737	754	755	1715	1716	1717
737	755	738	1717	1718	1663
738	755	756	1718	1719	1720
738	756	739	1720	1721	1666
739	756	757	1721	1722	1723
739	757	740	1723	1724	1669
740	757	758	1724	1725	1726
740	758	61	1726	1727	1672
61	758	62	1727	1728	80
173	174	741	192	1729	1674
741	174	759	1729	1730	1731
741	759	742	1731	1732	1677
742	759	760	1732	1733	1734
742	760	743	1734	1735	1680
743	760	761	1735	1736	1737
743	761	744	1737	1738	1683
744	761	762	1738	1739	1740
744	762	745	1740	1741	1686
745	762	763	1741	1742	1743
745	763	746	1743	1744	1689
746	763	764	1744	1745	1746
746	764	747	1746	1747	1692
747	764	765	1747	1748	1749
747	765	748	1749	1750	1695
748	765	766	1750	1751	1752
748	766	749	1752	1753	1698
749	766	767	1753	1754	1755
749	767	750	1755	1756	1701
750	767	768	1756	1757	1758
750	768	751	1758	1759	1704
751	768	769	1759	1760	1761
751	769	752	1761	1762	1707
752	769	770	1762	1763	1764
752	770	753	1764	1765	1710
753	770	771	1765	1766	1767
753	771	754	1767	1768	1713
754	771	772	1768	1769	1770
754	772	755	1770	1771	1716
755	772	773	1771	1772	1773
755	773	756	1773	1774	1719
756	773	774	1774	1775	1776
756	774	757	1776	1777	1722
757	774	775	1777	1778	1779
757	775	758	1779	1780	1725
758	775	776	1780	1781	1782
758	776	62	1782	1783	1728
62	776	63	1783	1784	81
174	5	759	193	1785	1730
759	5	359	1785	378	1786
759	359	760	1786	1787	1733
760	359	358	1787	377	1788
760	358	761	1788	1789	1736
761	358	357	1789	376	1790
761	357	762	1790	1791	1739
762	357	356	1791	375	1792
762	356	763	1792	1793	1742
763	356	355	1793	374	1794
763	355	764	1794	1795	1745
764	355	354	1795	373	1796
764	354	765	1796	1797	1748
765	354	353	1797	372	1798
765	353	766	1798	1799	1751
766	353	352	1799	371	1800
766	352	767	1800	1801	1754
767	352	351	1801	370	1802
767	351	768	1802	1803	1757
768	351	350	1803	369	1804
768	350	769	1804	1805	1760
769	350	349	1805	368	1806
769	349	770	1806	1807	1763
770	349	348	1807	367	1808
770	348	771	1808	1809	1766
771	348	347	1809	366	1810
771	347	772	1810	1811	1769
772	347	346	1811	365	1812
772	346	773	1812	1813	1772
773	346	345	1813	364	1814
773	345	774	1814	1815	1775
774	345	344	1815	363	1816
774	344	775	1816	1817	1778
775	344	343	1817	362	1818
775	343	776	1818	1819	1781
776	343	342	1819	361	1820
776	342	63	1820	1821	1784
63	342	4	1821	360	82
5	194	359	212	2146	378
359	194	1822	2146	2147	2148
359	1822	358	2148	2149	377
358	1822	1823	2149	2150	2151
358	1823	357	2151	2152	376
357	1823	1824	2152	2153	2154
357	1824	356	2154	2155	375
356	1824	1825	2155	2156	2157
356	1825	355	2157	2158	374
355	1825	1826	2158	2159	2160
355	1826	354	2160	2161	373
354	1826	1827	2161	2162	2163
354	1827	353	2163	2164	372
353	1827	1828	2164	2165	2166
353	1828	352	2166	2167	371
352	1828	1829	2167	2168	2169
352	1829	351	2169	2170	370
351	1829	1830	2170	2171	2172
351	1830	350	2172	2173	369
350	1830	1831	2173	2174	2175
350	1831	349	2175	2176	368
349	1831	1832	2176	2177	2178
349	1832	348	2178	2179	367
348	1832	1833	2179	2180	2181
348	1833	347	2181	2182	366
347	1833	1834	2182	2183	2184
347	1834	346	2184	2185	365
346	1834	1835	2185	2186	2187
346	1835	345	2187	2188	364
345	1835	1836	2188	2189	2190
345	1836	344	2190	2191	363
344	1836	1837	2191	2192	2193
344	1837	343	2193	2194	362
343	1837	1838	2194	2195	2196
343	1838	342	2196	2197	361
342	1838	1839	2197	2198	2199
342	1839	4	2199	2200	360
4	1839	83	2200	2201	101
194	195	1822	213	2202	2147
1822	195	1840	2202	2203	2204
1822	1840	1823	2204	2205	2150
1823	1840	1841	2205	2206	2207
1823	1841	1824	2207	2208	2153
1824	1841	1842	2208	2209	2210
1824	1842	1825	2210	2211	2156
1825	1842	1843	2211	2212	2213
1825	1843	1826	2213	2214	2159
1826	1843	1844	2214	2215	2216
1826	1844	1827	2216	2217	2162
1827	1844	1845	2217	2218	2219
1827	1845	1828	2219	2220	2165
1828	1845	1846	2220	2221	2222
1828	1846	1829	2222	2223	2168
1829	1846	1847	2223	2224	2225
1829	1847	1830	2225	2226	2171
1830	1847	1848	2226	2227	2228
1830	1848	1831	2228	2229	2174
1831	1848	1849	2229	2230	2231
1831	1849	1832	2231	2232	2177
1832	1849	1850	2232	2233	2234
1832	1850	1833	2234	2235	2180
1833	1850	1851	2235	2236	2237
1833	1851	1834	2237	2238	2183
1834	1851	1852	2238	2239	2240
1834	1852	1835	2240	2241	2186
1835	1852	1853	2241	2242	2243
1835	1853	1836	2243	2244	2189
1836	1853	1854	2244	2245	2246
1836	1854	1837	2246	2247	2192
1837	1854	1855	2247	2248	2249
1837	1855	1838	2249	2250	2195
1838	1855	1856	2250	2251	2252
1838	1856	1839	2252	2253	2198
1839	1856	1857	2253	2254	2255
1839	1857	83	2255	2256	2201
83	1857	84	2256	2257	102
195	196	1840	214	2258	2203
1840	196	1858	2258	2259	2260
1840	1858	1841	2260	2261	2206
1841	1858	1859	2261	2262	2263
1841	1859	1842	2263	2264	2209
1842	1859	1860	2264	2265	2266
1842	1860	1843	2266	2267	2212
1843	1860	1861	2267	2268	2269
1843	1861	1844	2269	2270	2215
1844	1861	1862	2270	2271	2272
1844	1862	1845	2272	2273	2218
1845	1862	1863	2273	2274	2275
1845	1863	1846	2275	2276	2221
1846	1863	1864	2276	2277	2278
1846	1864	1847	2278	2279	2224
1847	1864	1865	2279	2280	2281
1847	1865	1848	2281	2282	2227
1848	1865	1866	2282	2283	2284
1848	1866	1849	2284	2285	2230
1849	1866	1867	2285	2286	2287
1849	1867	1850	2287	2288	2233
1850	1867	1868	2288	2289	2290
1850	1868	1851	2290	2291	2236
1851	1868	1869	2291	2292	2293
1851	1869	1852	2293	2294	2239
1852	1869	1870	2294	2295	2296
1852	1870	1853	2296	2297	2242
1853	1870	1871	2297	2298	2299
1853	1871	1854	2299	2300	2245
1854	1871	1872	2300	2301	2302
1854	1872	1855	2302	2303	2248
1855	1872	1873	2303	2304	2305
1855	1873	1856	2305	2306	2251
1856	1873	1874	2306	2307	2308
1856	1874	1857	2308	2309	2254
1857	1874	1875	2309	2310	2311
1857	1875	84	2311	2312	2257
84	1875	85	2312	2313	103
196	197	1858	215	2314	2259
1858	197	1876	2314	2315	2316
1858	1876	1859	2316	2317	2262
1859	1876	1877	2317	2318	2319
1859	1877	1860	2319	2320	2265
1860	1877	1878	2320	2321	2322
1860	1878	1861	2322	2323	2268
1861	1878	1879	2323	2324	2325
1861	1879	1862	2325	2326	2271
1862	1879	1880	2326	2327	2328
1862	1880	1863	2328	2329	2274
1863	1880	1881	2329	2330	2331
1863	1881	1864	2331	2332	2277
1864	1881	1882	2332	2333	2334
1864	1882	1865	2334	2335	2280
1865	1882	1883	2335	2336	2337
1865	1883	1866	2337	2338	2283
1866	1883	1884	2338	2339	2340
1866	1884	1867	2340	2341	2286
1867	1884	1885	2341	2342	2343
1867	1885	1868	2343	2344	2289
1868	1885	1886	2344	2345	2346
1868	1886	1869	2346	2347	2292
1869	1886	1887	2347	2348	2349
1869	1887	1870	2349	2350	2295
1870	1887	1888	2350	2351	2352
1870	1888	1871	2352	2353	2298
1871	1888	1889	2353	2354	2355
1871	1889	1872	2355	2356	2301
1872	1889	1890	2356	2357	2358
1872	1890	1873	2358	2359	2304
1873	1890	1891	2359	2360	2361
1873	1891	1874	2361	2362	2307
1874	1891	1892	2362	2363	2364
1874	1892	1875	2364	2365	2310
1875	1892	1893	2365	2366	2367
1875	1893	85	2367	2368	2313
85	1893	86	2368	2369	104
197	198	1876	216	2370	2315
1876	198	1894	2370	2371	2372
1876	1894	1877	2372	2373	2318
1877	1894	1895	2373	2374	2375
1877	1895	1878	2375	2376	2321
1878	1895	1896	2376	2377	2378
1878	1896	1879	2378	2379	2324
1879	1896	1897	2379	2380	2381
1879	1897	1880	2381	2382	2327
1880	1897	1898	2382	2383	2384
1880	1898	1881	2384	2385	2330
1881	1898	1899	2385	2386	2387
1881	1899	1882	2387	2388	2333
1882	1899	1900	2388	2389	2390
1882	1900	1883	2390	2391	2336
1883	1900	1901	2391	2392	2393
1883	1901	1884	2393	2394	2339
1884	1901	1902	2394	2395	2396
1884	1902	1885	2396	2397	2342
1885	1902	1903	2397	2398	2399
1885	1903	1886	2399	2400	2345
1886	1903	1904	2400	2401	2402
1886	1904	1887	2402	2403	2348
1887	1904	1905	2403	2404	2405
1887	1905	1888	2405	2406	2351
1888	1905	1906	2406	2407	2408
1888	1906	1889	2408	2409	2354
1889	1906	1907	2409	2410	2411
1889	1907	1890	2411	2412	2357
1890	1907	1908	2412	2413	2414
1890	1908	1891	2414	2415	2360
1891	1908	1909	2415	2416	2417
1891	1909	1892	2417	2418	2363
1892	1909	1910	2418	2419	2420
1892	1910	1893	2420	2421	2366
1893	1910	1911	2421	2422	2423
1893	1911	86	2423	2424	2369
86	1911	87	2424	2425	105
198	199	1894	217	2426	2371
1894	199	1912	2426	2427	2428
1894	1912	1895	2428	2429	2374
1895	1912	1913	2429	2430	2431
1895	1913	1896	2431	2432	2377
1896	1913	1914	2432	2433	2434
1896	1914	1897	2434	2435	2380
1897	1914	1915	2435	2436	2437
1897	1915	1898	2437	2438	2383
1898	1915	1916	2438	2439	2440
1898	1916	1899	2440	2441	2386
1899	1916	1917	2441	2442	2443
1899	1917	1900	2443	2444	2389
1900	1917	1918	2444	2445	2446
1900	1918	1901	2446	2447	2392
1901	1918	1919	2447	2448	2449
1901	1919	1902	2449	2450	2395
1902	1919	1920	2450	2451	2452
1902	1920	1903	2452	2453	2398
1903	1920	1921	2453	2454	2455
1903	1921	1904	2455	2456	2401
1904	1921	1922	2456	2457	2458
1904	1922	1905	2458	2459	2404
1905	1922	1923	2459	2460	2461
1905	1923	1906	2461	2462	2407
1906	1923	1924	2462	2463	2464
1906	1924	1907	2464	2465	2410
1907	1924	1925	2465	2466	2467
1907	1925	1908	2467	2468	2413
1908	1925	1926	2468	2469	2470
1908	1926	1909	2470	2471	2416
1909	1926	1927	2471	2472	2473
1909	1927	1910	2473	2474	2419
1910	1927	1928	2474	2475	2476
1910	1928	1911	2476	2477	2422
1911	1928	1929	2477	2478	2479
1911	1929	87	2479	2480	2425
87	1929	88	2480	2481	106
199	200	1912	218	2482	2427
1912	200	1930	2482	2483	2484
1912	1930	1913	2484	2485	2430
1913	1930	1931	2485	2486	2487
1913	1931	1914	2487	2488	2433
1914	1931	1932	2488	2489	2490
1914	1932	1915	2490	2491	2436
1915	1932	1933	2491	2492	2493
1915	1933	1916	2493	2494	2439
1916	1933	1934	2494	2495	2496
1916	1934	1917	2496	2497	2442
1917	1934	1935	2497	2498	2499
1917	1935	1918	2499	2500	2445
1918	1935	1936	2500	2501	2502
1918	1936	1919	2502	2503	2448
1919	1936	1937	2503	2504	2505
1919	1937	1920	2505	2506	2451
1920	1937	1938	2506	2507	2508
1920	1938	1921	2508	2509	2454
1921	1938	1939	2509	2510	2511
1921	1939	1922	2511	2512	2457
1922	1939	1940	2512	2513	2514
1922	1940	1923	2514	2515	2460
1923	1940	1941	2515	2516	2517
1923	1941	1924	2517	2518	2463
1924	1941	1942	2518	2519	2520
1924	1942	1925	2520	2521	2466
1925	1942	1943	2521	2522	2523
1925	1943	1926	2523	2524	2469
1926	1943	1944	2524	2525	2526
1926	1944	1927	2526	2527	2472
1927	1944	1945	2527	2528	2529
1927	1945	1928	2529	2530	2475
1928	1945	1946	2530	2531	2532
1928	1946	1929	2532	2533	2478
1929	1946	1947	2533	2534	2535
1929	1947	88	2535	2536	2481
88	1947	89	2536	2537	107
200	201	1930	219	2538	2483
1930	201	1948	2538	2539	2540
1930	1948	1931	2540	2541	2486
1931	1948	1949	2541	2542	2543
1931	1949	1932	2543	2544	2489
1932	1949	1950	2544	2545	2546
1932	1950	1933	2546	2547	2492
1933	1950	1951	2547	2548	2549
1933	1951	1934	2549	2550	2495
1934	1951	1952	2550	2551	2552
1934	1952	1935	2552	2553	2498
1935	1952	1953	2553	2554	2555
1935	1953	1936	2555	2556	2501
1936	1953	1954	2556	2557	2558
1936	1954	1937	2558	2559	2504
1937	1954	1955	2559	2560	2561
1937	1955	1938	2561	2562	2507
1938	1955	1956	2562	2563	2564
1938	1956	1939	2564	2565	2510
1939	1956	1957	2565	2566	2567
1939	1957	1940	2567	2568	2513
1940	1957	1958	2568	2569	2570
1940	1958	1941	2570	2571	2516
1941	1958	1959	2571	2572	2573
1941	1959	1942	2573	2574	2519
1942	1959	1960	2574	2575	2576
1942	1960	1943	2576	2577	2522
1943	1960	1961	2577	2578	2579
1943	1961	1944	2579	2580	2525
1944	1961	1962	2580	2581	2582
1944	1962	1945	2582	2583	2528
1945	1962	1963	2583	2584	2585
1945	1963	1946	2585	2586	2531
1946	1963	1964	2586	2587	2588
1946	1964	1947	2588	2589	2534
1947	1964	1965	2589	2590	2591
1947	1965	89	2591	2592	2537
89	1965	90	2592	2593	108
201	202	1948	220	2594	2539
1948	202	1966	2594	2595	2596
1948	1966	1949	2596	2597	2542
1949	1966	1967	2597	2598	2599
1949	1967	1950	2599	2600	2545
1950	1967	1968	2600	2601	2602
1950	1968	1951	2602	2603	2548
1951	1968	1969	2603	2604	2605
1951	1969	1952	2605	2606	2551
1952	1969	1970	2606	2607	2608
1952	1970	1953	2608	2609	2554
1953	1970	1971	2609	2610	2611
1953	1971	1954	2611	2612	2557
1954	1971	1972	2612	2613	2614
1954	1972	1955	2614	2615	2560
1955	1972	1973	2615	2616	2617
1955	1973	1956	2617	2618	2563
1956	1973	1974	2618	2619	2620
1956	1974	1957	2620	2621	2566
1957	1974	1975	2621	2622	2623
1957	1975	1958	2623	2624	2569
1958	1975	1976	2624	2625	2626
1958	1976	1959	2626	2627	2572
1959	1976	1977	2627	2628	2629
1959	1977	1960	2629	2630	2575
1960	1977	1978	2630	2631	2632
1960	1978	1961	2632	2633	2578
1961	1978	1979	2633	2634	2635
1961	1979	1962	2635	2636	2581
1962	1979	1980	2636	2637	2638
1962	1980	1963	2638	2639	2584
1963	1980	1981	2639	2640	2641
1963	1981	1964	2641	2642	2587
1964	1981	1982	2642	2643	2644
1964	1982	1965	2644	2645	2590
1965	1982	1983	2645	2646	2647
1965	1983	90	2647	2648	2593
90	1983	91	2648	2649	109
202	203	1966	221	2650	2595
1966	203	1984	2650	2651	2652
1966	1984	1967	2652	2653	2598
1967	1984	1985	2653	2654	2655
1967	1985	1968	2655	2656	2601
1968	1985	1986	2656	2657	2658
1968	1986	1969	2658	2659	2604
1969	1986	1987	2659	2660	2661
1969	1987	1970	2661	2662	2607
1970	1987	1988	2662	2663	2664
1970	1988	1971	2664	2665	2610
1971	1988	1989	2665	2666	2667
1971	1989	1972	2667	2668	2613
1972	1989	1990	2668	2669	2670
1972	1990	1973	2670	2671	2616
1973	1990	1991	2671	2672	2673
1973	1991	1974	2673	2674	2619
1974	1991	1992	2674	2675	2676
1974	1992	1975	2676	2677	2622
1975	1992	1993	2677	2678	2679
1975	1993	1976	2679	2680	2625
1976	1993	1994	2680	2681	2682
1976	1994	1977	2682	2683	2628
1977	1994	1995	2683	2684	2685
1977	1995	1978	2685	2686	2631
1978	1995	1996	2686	2687	2688
1978	1996	1979	2688	2689	2634
1979	1996	1997	2689	2690	2691
1979	1997	1980	2691	2692	2637
1980	1997	1998	2692	2693	2694
1980	1998	1981	2694	2695	2640
1981	1998	1999	2695	2696	2697
1981	1999	1982	2697	2698	2643
1982	1999	2000	2698	2699	2700
1982	2000	1983	2700	2701	2646
1983	2000	2001	2701	2702	2703
1983	2001	91	2703	2704	2649
91	2001	92	2704	2705	110
203	204	1984	222	2706	2651
1984	204	2002	2706	2707	2708
1984	2002	1985	2708	2709	2654
1985	2002	2003	2709	2710	2711
1985	2003	1986	2711	2712	2657
1986	2003	2004	2712	2713	2714
1986	2004	1987	2714	2715	2660
1987	2004	2005	2715	2716	2717
1987	2005	1988	2717	2718	2663
1988	2005	2006	2718	2719	2720
1988	2006	1989	2720	2721	2666
1989	2006	2007	2721	2722	2723
1989	2007	1990	2723	2724	2669
1990	2007	2008	2724	2725	2726
1990	2008	1991	2726	2727	2672
1991	2008	2009	2727	2728	2729
1991	2009	1992	2729	2730	2675
1992	2009	2010	2730	2731	2732
1992	2010	1993	2732	2733	2678
1993	2010	2011	2733	2734	2735
1993	2011	1994	2735	2736	2681
1994	2011	2012	2736	2737	2738
1994	2012	1995	2738	2739	2684
1995	2012	2013	2739	2740	2741
1995	2013	1996	2741	2742	2687
1996	2013	2014	2742	2743	2744
1996	2014	1997	2744	2745	2690
1997	2014	2015	2745	2746	2747
1997	2015	1998	2747	2748	2693
1998	2015	2016	2748	2749	2750
1998	2016	1999	2750	2751	2696
1999	2016	2017	2751	2752	2753
1999	2017	2000	2753	2754	2699
2000	2017	2018	2754	2755	2756
2000	2018	2001	2756	2757	2702
2001	2018	2019	2757	2758	2759
2001	2019	92	2759	2760	2705
92	2019	93	2760	2761	111
204	205	2002	223	2762	2707
2002	205	2020	2762	2763	2764
2002	2020	2003	2764	2765	2710
2003	2020	2021	2765	2766	2767
2003	2021	2004	2767	2768	2713
2004	2021	2022	2768	2769	2770
2004	2022	2005	2770	2771	2716
2005	2022	2023	2771	2772	2773
2005	2023	2006	2773	2774	2719
2006	2023	2024	2774	2775	2776
2006	2024	2007	2776	2777	2722
2007	2024	2025	2777	2778	2779
2007	2025	2008	2779	2780	2725
2008	2025	2026	2780	2781	2782
2008	2026	2009	2782	2783	2728
2009	2026	2027	2783	2784	2785
2009	2027	2010	2785	2786	2731
2010	2027	2028	2786	2787	2788
2010	2028	2011	2788	2789	2734
2011	2028	2029	2789	2790	2791
2011	2029	2012	2791	2792	2737
2012	2029	2030	2792	2793	2794
2012	2030	2013	2794	2795	2740
2013	2030	2031	2795	2796	2797
2013	2031	2014	2797	2798	2743
2014	2031	2032	2798	2799	2800
2014	2032	2015	2800	2801	2746
2015	2032	2033	2801	2802	2803
2015	2033	2016	2803	2804	2749
2016	2033	2034	2804	2805	2806
2016	2034	2017	2806	2807	2752
2017	2034	2035	2807	2808	2809
2017	2035	2018	2809	2810	2755
2018	2035	2036	2810	2811	2812
2018	2036	2019	2812	2813	2758
2019	2036	2037	2813	2814	2815
2019	2037	93	2815	2816	2761
93	2037	94	2816	2817	112
205	206	2020	224	2818	2763
2020	206	2038	2818	2819	2820
2020	2038	2021	2820	2821	2766
2021	2038	2039	2821	2822	2823
2021	2039	2022	2823	2824	2769
2022	2039	2040	2824	2825	2826
2022	2040	2023	2826	2827	2772
2023	2040	2041	2827	2828	2829
2023	2041	2024	2829	2830	2775
2024	2041	2042	2830	2831	2832
2024	2042	2025	2832	2833	2778
2025	2042	2043	2833	2834	2835
2025	2043	2026	2835	2836	2781
2026	2043	2044	2836	2837	2838
2026	2044	2027	2838	2839	2784
2027	2044	2045	2839	2840	2841
2027	2045	2028	2841	2842	2787
2028	2045	2046	2842	2843	2844
2028	2046	2029	2844	2845	2790
2029	2046	2047	2845	2846	2847
2029	2047	2030	2847	2848	2793
2030	2047	2048	2848	2849	2850
2030	2048	2031	2850	2851	2796
2031	2048	2049	2851	2852	2853
2031	2049	2032	2853	2854	2799
2032	2049	2050	2854	2855	2856
2032	2050	2033	2856	2857	2802
2033	2050	2051	2857	2858	2859
2033	2051	2034	2859	2860	2805
2034	2051	2052	2860	2861	2862
2034	2052	2035	2862	2863	2808
2035	2052	2053	2863	2864	2865
2035	2053	2036	2865	2866	2811
2036	2053	2054	2866	2867	2868
2036	2054	2037	2868	2869	2814
2037	2054	2055	2869	2870	2871
2037	2055	94	2871	2872	2817
94	2055	95	2872	2873	113
206	207	2038	225	2874	2819
2038	207	2056	2874	2875	2876
2038	2056	2039	2876	2877	2822
2039	2056	2057	2877	2878	2879
2039	2057	2040	2879	2880	2825
2040	2057	2058	2880	2881	2882
2040	2058	2041	2882	2883	2828
2041	2058	2059	2883	2884	2885
2041	2059	2042	2885	2886	2831
2042	2059	2060	2886	2887	2888
2042	2060	2043	2888	2889	2834
2043	2060	2061	2889	2890	2891
2043	2061	2044	2891	2892	2837
2044	2061	2062	2892	2893	2894
2044	2062	2045	2894	2895	2840
2045	2062	2063	2895	2896	2897
2045	2063	2046	2897	2898	2843
2046	2063	2064	2898	2899	2900
2046	2064	2047	2900	2901	2846
2047	2064	2065	2901	2902	2903
2047	2065	2048	2903	2904	2849
2048	2065	2066	2904	2905	2906
2048	2066	2049	2906	2907	2852
2049	2066	2067	2907	2908	2909
2049	2067	2050	2909	2910	2855
2050	2067	2068	2910	2911	2912
2050	2068	2051	2912	2913	2858
2051	2068	2069	2913	2914	2915
2051	2069	2052	2915	2916	2861
2052	2069	2070	2916	2917	2918
2052	2070	2053	2918	2919	2864
2053	2070	2071	2919	2920	2921
2053	2071	2054	2921	2922	2867
2054	2071	2072	2922	2923	2924
2054	2072	2055	2924	2925	2870
2055	2072	2073	2925	2926	2927
2055	2073	95	2927	2928	2873
95	2073	96	2928	2929	114
207	208	2056	226	2930	2875
2056	208	2074	2930	2931	2932
2056	2074	2057	2932	2933	2878
2057	2074	2075	2933	2934	2935
2057	2075	2058	2935	2936	2881
2058	2075	2076	2936	2937	2938
2058	2076	2059	2938	2939	2884
2059	2076	2077	2939	2940	2941
2059	2077	2060	2941	2942	2887
2060	2077	2078	2942	2943	2944
2060	2078	2061	2944	2945	2890
2061	2078	2079	2945	2946	2947
2061	2079	2062	2947	2948	2893
2062	2079	2080	2948	2949	2950
2062	2080	2063	2950	2951	2896
2063	2080	2081	2951	2952	2953
2063	2081	2064	2953	2954	2899
2064	2081	2082	2954	2955	2956
2064	2082	2065	2956	2957	2902
2065	2082	2083	2957	2958	2959
2065	2083	2066	2959	2960	2905
2066	2083	2084	2960	2961	2962
2066	2084	2067	2962	2963	2908
2067	2084	2085	2963	2964	2965
2067	2085	2068	2965	2966	2911
2068	2085	2086	2966	2967	2968
2068	2086	2069	2968	2969	2914
2069	2086	2087	2969	2970	2971
2069	2087	2070	2971	2972	2917
2070	2087	2088	2972	2973	2974
2070	2088	2071	2974	2975	2920
2071	2088	2089	2975	2976	2977
2071	2089	2072	2977	2978	2923
2072	2089	2090	2978	2979	2980
2072	2090	2073	2980	2981	2926
2073	2090	2091	2981	2982	2983
2073	2091	96	2983	2984	2929
96	2091	97	2984	2985	115
208	209	2074	227	2986	2931
2074	209	2092	2986	2987	2988
2074	2092	2075	2988	2989	2934
2075	2092	2093	2989	2990	2991
2075	2093	2076	2991	2992	2937
2076	2093	2094	2992	2993	2994
2076	2094	2077	2994	2995	2940
2077	2094	2095	2995	2996	2997
2077	2095	2078	2997	2998	2943
2078	2095	2096	2998	2999	3000
2078	2096	2079	3000	3001	2946
2079	2096	2097	3001	3002	3003
2079	2097	2080	3003	3004	2949
2080	2097	2098	3004	3005	3006
2080	2098	2081	3006	3007	2952
2081	2098	2099	3007	3008	3009
2081	2099	2082	3009	3010	2955
2082	2099	2100	3010	3011	3012
2082	2100	2083	3012	3013	2958
2083	2100	2101	3013	3014	3015
2083	2101	2084	3015	3016	2961
2084	2101	2102	3016	3017	3018
2084	2102	2085	3018	3019	2964
2085	2102	2103	3019	3020	3021
2085	2103	2086	3021	3022	2967
2086	2103	2104	3022	3023	3024
2086	2104	2087	3024	3025	2970
2087	2104	2105	3025	3026	3027
2087	2105	2088	3027	3028	2973
2088	2105	2106	3028	3029	3030
2088	2106	2089	3030	3031	2976
2089	2106	2107	3031	3032	3033
2089	2107	2090	3033	3034	2979
2090	2107	2108	3034	3035	3036
2090	2108	2091	3036	3037	2982
2091	2108	2109	3037	3038	3039
2091	2109	97	3039	3040	2985
97	2109	98	3040	3041	116
209	210	2092	228	3042	2987
2092	210	2110	3042	3043	3044
2092	2110	2093	3044	3045	2990
2093	2110	2111	3045	3046	3047
2093	2111	2094	3047	3048	2993
2094	2111	2112	3048	3049	3050
2094	2112	2095	3050	3051	2996
2095	2112	2113	3051	3052	3053
2095	2113	2096	3053	3054	2999
2096	2113	2114	3054	3055	3056
2096	2114	2097	3056	3057	3002
2097	2114	2115	3057	3058	3059
2097	2115	2098	3059	3060	3005
2098	2115	2116	3060	3061	3062
2098	2116	2099	3062	3063	3008
2099	2116	2117	3063	3064	3065
2099	2117	2100	3065	3066	3011
2100	2117	2118	3066	3067	3068
2100	2118	2101	3068	3069	3014
2101	2118	2119	3069	3070	3071
2101	2119	2102	3071	3072	3017
2102	2119	2120	3072	3073	3074
2102	2120	2103	3074	3075	3020
2103	2120	2121	3075	3076	3077
2103	2121	2104	3077	3078	3023
2104	2121	2122	3078	3079	3080
2104	2122	2105	3080	3081	3026
2105	2122	2123	3081	3082	3083
2105	2123	2106	3083	3084	3029
2106	2123	2124	3084	3085	3086
2106	2124	2107	3086	3087	3032
2107	2124	2125	3087	3088	3089
2107	2125	2108	3089	3090	3035
2108	2125	2126	3090	3091	3092
2108	2126	2109	3092	3093	3038
2109	2126	2127	3093	3094	3095
2109	2127	98	3095	3096	3041
98	2127	99	3096	3097	117
210	211	2110	229	3098	3043
2110	211	2128	3098	3099	3100
2110	2128	2111	3100	3101	3046
2111	2128	2129	3101	3102	3103
2111	2129	2112	3103	3104	3049
2112	2129	2130	3104	3105	3106
2112	2130	2113	3106	3107	3052
2113	2130	2131	3107	3108	3109
2113	2131	2114	3109	3110	3055
2114	2131	2132	3110	3111	3112
2114	2132	2115	3112	3113	3058
2115	2132	2133	3113	3114	3115
2115	2133	2116	3115	3116	3061
2116	2133	2134	3116	3117	3118
2116	2134	2117	3118	3119	3064
2117	2134	2135	3119	3120	3121
2117	2135	2118	3121	3122	3067
2118	2135	2136	3122	3123	3124
2118	2136	2119	3124	3125	3070
2119	2136	2137	3125	3126	3127
2119	2137	2120	3127	3128	3073
2120	2137	2138	3128	3129	3130
2120	2138	2121	3130	3131	3076
2121	2138	2139	3131	3132	3133
2121	2139	2122	3133	3134	3079
2122	2139	2140	3134	3135	3136
2122	2140	2123	3136	3137	3082
2123	2140	2141	3137	3138	3139
2123	2141	2124	3139	3140	3085
2124	2141	2142	3140	3141	3142
2124	2142	2125	3142	3143	3088
2125	2142	2143	3143	3144	3145
2125	2143	2126	3145	3146	3091
2126	2143	2144	3146	3147	3148
2126	2144	2127	3148	3149	3094
2127	2144	2145	3149	3150	3151
2127	2145	99	3151	3152	3097
99	2145	100	3152	3153	118
211	6	2128	230	3154	3099
2128	6	396	3154	415	3155
2128	396	2129	3155	3156	3102
2129	396	395	3156	414	3157
2129	395	2130	3157	3158	3105
2130	395	394	3158	413	3159
2130	394	2131	3159	3160	3108
2131	394	393	3160	412	3161
2131	393	2132	3161	3162	3111
2132	393	392	3162	411	3163
2132	392	2133	3163	3164	3114
2133	392	391	3164	410	3165
2133	391	2134	3165	3166	3117
2134	391	390	3166	409	3167
2134	390	2135	3167	3168	3120
2135	390	389	3168	408	3169
2135	389	2136	3169	3170	3123
2136	389	388	3170	407	3171
2136	388	2137	3171	3172	3126
2137	388	387	3172	406	3173
2137	387	2138	3173	3174	3129
2138	387	386	3174	405	3175
2138	386	2139	3175	3176	3132
2139	386	385	3176	404	3177
2139	385	2140	3177	3178	3135
2140	385	384	3178	403	3179
2140	384	2141	3179	3180	3138
2141	384	383	3180	402	3181
2141	383	2142	3181	3182	3141
2142	383	382	3182	401	3183
2142	382	2143	3183	3184	3144
2143	382	381	3184	400	3185
2143	381	2144	3185	3186	3147
2144	381	380	3186	399	3187
2144	380	2145	3187	3188	3150
2145	380	379	3188	398	3189
2145	379	100	3189	3190	3153
100	379	2	3190	397	119
6	231	396	249	3515	415
396	231	3191	3515	3516	3517
396	3191	395	3517	3518	414
395	3191	3192	3518	3519	3520
395	3192	394	3520	3521	413
394	3192	3193	3521	3522	3523
394	3193	393	3523	3524	412
393	3193	3194	3524	3525	3526
393	3194	392	3526	3527	411
392	3194	3195	3527	3528	3529
392	3195	391	3529	3530	410
391	3195	3196	3530	3531	3532
391	3196	390	3532	3533	409
390	3196	3197	3533	3534	3535
390	3197	389	3535	3536	408
389	3197	3198	3536	3537	3538
389	3198	388	3538	3539	407
388	3198	3199	3539	3540	3541
388	3199	387	3541	3542	406
387	3199	3200	3542	3543	3544
387	3200	386	3544	3545	405
386	3200	3201	3545	3546	3547
386	3201	385	3547	3548	404
385	3201	3202	3548	3549	3550
385	3202	384	3550	3551	403
384	3202	3203	3551	3552	3553
384	3203	383	3553	3554	402
383	3203	3204	3554	3555	3556
383	3204	382	3556	3557	401
382	3204	3205	3557	3558	3559
382	3205	381	3559	3560	400
381	3205	3206	3560	3561	3562
381	3206	380	3562	3563	399
380	3206	3207	3563	3564	3565
380	3207	379	3565	3566	398
379	3207	3208	3566	3567	3568
379	3208	2	3568	3569	397
2	3208	120	3569	3570	138
231	232	3191	250	3571	3516
3191	232	3209	3571	3572	3573
3191	3209	3192	3573	3574	3519
3192	3209	3210	3574	3575	3576
3192	3210	3193	3576	3577	3522
3193	3210	3211	3577	3578	3579
3193	3211	3194	3579	3580	3525
3194	3211	3212	3580	3581	3582
3194	3212	3195	3582	3583	3528
3195	3212	3213	3583	3584	3585
3195	3213	3196	3585	3586	3531
3196	3213	3214	3586	3587	3588
3196	3214	3197	3588	3589	3534
3197	3214	3215	3589	3590	3591
3197	3215	3198	3591	3592	3537
3198	3215	3216	3592	3593	3594
3198	3216	3199	3594	3595	3540
3199	3216	3217	3595	3596	3597
3199	3217	3200	3597	3598	3543
3200	3217	3218	3598	3599	3600
3200	3218	3201	3600	3601	3546
3201	3218	3219	3601	3602	3603
3201	3219	3202	3603	3604	3549
3202	3219	3220	3604	3605	3606
3202	3220	3203	3606	3607	3552
3203	3220	3221	3607	3608	3609
3203	3221	3204	3609	3610	3555
3204	3221	3222	3610	3611	3612
3204	3222	3205	3612	3613	3558
3205	3222	3223	3613	3614	3615
3205	3223	3206	3615	3616	3561
3206	3223	3224	3616	3617	3618
3206	3224	3207	3618	3619	3564
3207	3224	3225	3619	3620	3621
3207	3225	3208	3621	3622	3567
3208	3225	3226	3622	3623	3624
3208	3226	120	3624	3625	3570
120	3226	121	3625	3626	139
232	233	3209	251	3627	3572
3209	233	3227	3627	3628	3629
3209	3227	3210	3629	3630	3575
3210	3227	3228	3630	3631	3632
3210	3228	3211	3632	3633	3578
3211	3228	3229	3633	3634	3635
3211	3229	3212	3635	3636	3581
3212	3229	3230	3636	3637	3638
3212	3230	3213	3638	3639	3584
3213	3230	3231	3639	3640	3641
3213	3231	3214	3641	3642	3587
3214	3231	3232	3642	3643	3644
3214	3232	3215	3644	3645	3590
3215	3232	3233	3645	3646	3647
3215	3233	3216	3647	3648	3593
3216	3233	3234	3648	3649	3650
3216	3234	3217	3650	3651	3596
3217	3234	3235	3651	3652	3653
3217	3235	3218	3653	3654	3599
3218	3235	3236	3654	3655	3656
3218	3236	3219	3656	3657	3602
3219	3236	3237	3657	3658	3659
3219	3237	3220	3659	3660	3605
3220	3237	3238	3660	3661	3662
3220	3238	3221	3662	3663	3608
3221	3238	3239	3663	3664	3665
3221	3239	3222	3665	3666	3611
3222	3239	3240	3666	3667	3668
3222	3240	3223	3668	3669	3614
3223	3240	3241	3669	3670	3671
3223	3241	3224	3671	3672	3617
3224	3241	3242	3672	3673	3674
3224	3242	3225	3674	3675	3620
3225	3242	3243	3675	3676	3677
3225	3243	3226	3677	3678	3623
3226	3243	3244	3678	3679	3680
3226	3244	121	3680	3681	3626
121	3244	122	3681	3682	140
233	234	3227	252	3683	3628
3227	234	3245	3683	3684	3685
3227	3245	3228	3685	3686	3631
3228	3245	3246	3686	3687	3688
3228	3246	3229	3688	3689	3634
3229	3246	3247	3689	3690	3691
3229	3247	3230	3691	3692	3637
3230	3247	3248	3692	3693	3694
3230	3248	3231	3694	3695	3640
3231	3248	3249	3695	3696	3697
3231	3249	3232	3697	3698	3643
3232	3249	3250	3698	3699	3700
3232	3250	3233	3700	3701	3646
3233	3250	3251	3701	3702	3703
3233	3251	3234	3703	3704	3649
3234	3251	3252	3704	3705	3706
3234	3252	3235	3706	3707	3652
3235	3252	3253	3707	3708	3709
3235	3253	3236	3709	3710	3655
3236	3253	3254	3710	3711	3712
3236	3254	3237	3712	3713	3658
3237	3254	3255	3713	3714	3715
3237	3255	3238	3715	3716	3661
3238	3255	3256	3716	3717	3718
3238	3256	3239	3718	3719	3664
3239	3256	3257	3719	3720	3721
3239	3257	3240	3721	3722	3667
3240	3257	3258	3722	3723	3724
3240	3258	3241	3724	3725	3670
3241	3258	3259	3725	3726	3727
3241	3259	3242	3727	3728	3673
3242	3259	3260	3728	3729	3730
3242	3260	3243	3730	3731	3676
3243	3260	3261	3731	3732	3733
3243	3261	3244	3733	3734	3679
3244	3261	3262	3734	3735	3736
3244	3262	122	3736	3737	3682
122	3262	123	3737	3738	141
234	235	3245	253	3739	3684
3245	235	3263	3739	3740	3741
3245	3263	3246	3741	3742	3687
3246	3263	3264	3742	3743	3744
3246	3264	3247	3744	3745	3690
3247	3264	3265	3745	3746	3747
3247	3265	3248	3747	3748	3693
3248	3265	3266	3748	3749	3750
3248	3266	3249	3750	3751	3696
3249	3266	3267	3751	3752	3753
3249	3267	3250	3753	3754	3699
3250	3267	3268	3754	3755	3756
3250	3268	3251	3756	3757	3702
3251	3268	3269	3757	3758	3759
3251	3269	3252	3759	3760	3705
3252	3269	3270	3760	3761	3762
3252	3270	3253	3762	3763	3708
3253	3270	3271	3763	3764	3765
3253	3271	3254	3765	3766	3711
3254	3271	3272	3766	3767	3768
3254	3272	3255	3768	3769	3714
3255	3272	3273	3769	3770	3771
3255	3273	3256	3771	3772	3717
3256	3273	3274	3772	3773	3774
3256	3274	3257	3774	3775	3720
3257	3274	3275	3775	3776	3777
3257	3275	3258	3777	3778	3723
3258	3275	3276	3778	3779	3780
3258	3276	3259	3780	3781	3726
3259	3276	3277	3781	3782	3783
3259	3277	3260	3783	3784	3729
3260	3277	3278	3784	3785	3786
3260	3278	3261	3786	3787	3732
3261	3278	3279	3787	3788	3789
3261	3279	3262	3789	3790	3735
3262	3279	3280	3790	3791	3792
3262	3280	123	3792	3793	3738
123	3280	124	3793	3794	142
235	236	3263	254	3795	3740
3263	236	3281	3795	3796	3797
3263	3281	3264	3797	3798	3743
3264	3281	3282	3798	3799	3800
3264	3282	3265	3800	3801	3746
3265	3282	3283	3801	3802	3803
3265	3283	3266	3803	3804	3749
3266	3283	3284	3804	3805	3806
3266	3284	3267	3806	3807	3752
3267	3284	3285	3807	3808	3809
3267	3285	3268	3809	3810	3755
3268	3285	3286	3810	3811	3812
3268	3286	3269	3812	3813	3758
3269	3286	3287	3813	3814	3815
3269	3287	3270	3815	3816	3761
3270	3287	3288	3816	3817	3818
3270	3288	3271	3818	3819	3764
3271	3288	3289	3819	3820	3821
3271	3289	3272	3821	3822	3767
3272	3289	3290	3822	3823	3824
3272	3290	3273	3824	3825	3770
3273	3290	3291	3825	3826	3827
3273	3291	3274	3827	3828	3773
3274	3291	3292	3828	3829	3830
3274	3292	3275	3830	3831	3776
3275	3292	3293	3831	3832	3833
3275	3293	3276	3833	3834	3779
3276	3293	3294	3834	3835	3836
3276	3294	3277	3836	3837	3782
3277	3294	3295	3837	3838	3839
3277	3295	3278	3839	3840	3785
3278	3295	3296	3840	3841	3842
3278	3296	3279	3842	3843	3788
3279	3296	3297	3843	3844	3845
3279	3297	3280	3845	3846	3791
3280	3297	3298	3846	3847	3848
3280	3298	124	3848	3849	3794
124	3298	125	3849	3850	143
236	237	3281	255	3851	3796
3281	237	3299	3851	3852	3853
3281	3299	3282	3853	3854	3799
3282	3299	3300	3854	3855	3856
3282	3300	3283	3856	3857	3802
3283	3300	3301	3857	3858	3859
3283	3301	3284	3859	3860	3805
3284	3301	3302	3860	3861	3862
3284	3302	3285	3862	3863	3808
3285	3302	3303	3863	3864	3865
3285	3303	3286	3865	3866	3811
3286	3303	3304	3866	3867	3868
3286	3304	3287	3868	3869	3814
3287	3304	3305	3869	3870	3871
3287	3305	3288	3871	3872	3817
3288	3305	3306	3872	3873	3874
3288	3306	3289	3874	3875	3820
3289	3306	3307	3875	3876	3877
3289	3307	3290	3877	3878	3823
3290	3307	3308	3878	3879	3880
3290	3308	3291	3880	3881	3826
3291	3308	3309	3881	3882	3883
3291	3309	3292	3883	3884	3829
3292	3309	3310	3884	3885	3886
3292	3310	3293	3886	3887	3832
3293	3310	3311	3887	3888	3889
3293	3311	3294	3889	3890	3835
3294	3311	3312	3890	3891	3892
3294	3312	3295	3892	3893	3838
3295	3312	3313	3893	3894	3895
3295	3313	3296	3895	3896	3841
3296	3313	3314	3896	3897	3898
3296	3314	3297	3898	3899	3844
3297	3314	3315	3899	3900	3901
3297	3315	3298	3901	3902	3847
3298	3315	3316	3902	3903	3904
3298	3316	125	3904	3905	3850
125	3316	126	3905	3906	144
237	238	3299	256	3907	3852
3299	238	3317	3907	3908	3909
3299	3317	3300	3909	3910	3855
3300	3317	3318	3910	3911	3912
3300	3318	3301	3912	3913	3858
3301	3318	3319	3913	3914	3915
3301	3319	3302	3915	3916	3861
3302	3319	3320	3916	3917	3918
3302	3320	3303	3918	3919	3864
3303	3320	3321	3919	3920	3921
3303	3321	3304	3921	3922	3867
3304	3321	3322	3922	3923	3924
3304	3322	3305	3924	3925	3870
3305	3322	3323	3925	3926	3927
3305	3323	3306	3927	3928	3873
3306	3323	3324	3928	3929	3930
3306	3324	3307	3930	3931	3876
3307	3324	3325	3931	3932	3933
3307	3325	3308	3933	3934	3879
3308	3325	3326	3934	3935	3936
3308	3326	3309	3936	3937	3882
3309	3326	3327	3937	3938	3939
3309	3327	3310	3939	3940	3885
3310	3327	3328	3940	3941	3942
3310	3328	3311	3942	3943	3888
3311	3328	3329	3943	3944	3945
3311	3329	3312	3945	3946	3891
3312	3329	3330	3946	3947	3948
3312	3330	3313	3948	3949	3894
3313	3330	3331	3949	3950	3951
3313	3331	3314	3951	3952	3897
3314	3331	3332	3952	3953	3954
3314	3332	3315	3954	3955	3900
3315	3332	3333	3955	3956	3957
3315	3333	3316	3957	3958	3903
3316	3333	3334	3958	3959	3960
3316	3334	126	3960	3961	3906
126	3334	127	3961	3962	145
238	239	3317	257	3963	3908
3317	239	3335	3963	3964	3965
3317	3335	3318	3965	3966	3911
3318	3335	3336	3966	3967	3968
3318	3336	3319	3968	3969	3914
3319	3336	3337	3969	3970	3971
3319	3337	3320	3971	3972	3917
3320	3337	3338	3972	3973	3974
3320	3338	3321	3974	3975	3920
3321	3338	3339	3975	3976	3977
3321	3339	3322	3977	3978	3923
3322	3339	3340	3978	3979	3980
3322	3340	3323	3980	3981	3926
3323	3340	3341	3981	3982	3983
3323	3341	3324	3983	3984	3929
3324	3341	3342	3984	3985	3986
3324	3342	3325	3986	3987	3932
3325	3342	3343	3987	3988	3989
3325	3343	3326	3989	3990	3935
3326	3343	3344	3990	3991	3992
3326	3344	3327	3992	3993	3938
3327	3344	3345	3993	3994	3995
3327	3345	3328	3995	3996	3941
3328	3345	3346	3996	3997	3998
3328	3346	3329	3998	3999	3944
3329	3346	3347	3999	4000	4001
3329	3347	3330	4001	4002	3947
3330	3347	3348	4002	4003	4004
3330	3348	3331	4004	4005	3950
3331	3348	3349	4005	4006	4007
3331	3349	3332	4007	4008	3953
3332	3349	3350	4008	4009	4010
3332	3350	3333	4010	4011	3956
3333	3350	3351	4011	4012	4013
3333	3351	3334	4013	4014	3959
3334	3351	3352	4014	4015	4016
3334	3352	127	4016	4017	3962
127	3352	128	4017	4018	146
239	240	3335	258	4019	3964
3335	240	3353	4019	4020	4021
3335	3353	3336	4021	4022	3967
3336	3353	3354	4022	4023	4024
3336	3354	3337	4024	4025	3970
3337	3354	3355	4025	4026	4027
3337	3355	3338	4027	4028	3973
3338	3355	3356	4028	4029	4030
3338	3356	3339	4030	4031	3976
3339	3356	3357	4031	4032	4033
3339	3357	3340	4033	4034	3979
3340	3357	3358	4034	4035	4036
3340	3358	3341	4036	4037	3982
3341	3358	3359	4037	4038	4039
3341	3359	3342	4039	4040	3985
3342	3359	3360	4040	4041	4042
3342	3360	3343	4042	4043	3988
3343	3360	3361	4043	4044	4045
3343	3361	3344	4045	4046	3991
3344	3361	3362	4046	4047	4048
3344	3362	3345	4048	4049	3994
3345	3362	3363	4049	4050	4051
3345	3363	3346	4051	4052	3997
3346	3363	3364	4052	4053	4054
3346	3364	3347	4054	4055	4000
3347	3364	3365	4055	4056	4057
3347	3365	3348	4057	4058	4003
3348	3365	3366	4058	4059	4060
3348	3366	3349	4060	4061	4006
3349	3366	3367	4061	4062	4063
3349	3367	3350	4063	4064	4009
3350	3367	3368	4064	4065	4066
3350	3368	3351	4066	4067	4012
3351	3368	3369	4067	4068	4069
3351	3369	3352	4069	4070	4015
3352	3369	3370	4070	4071	4072
3352	3370	128	4072	4073	4018
128	3370	129	4073	4074	147
240	241	3353	259	4075	4020
3353	241	3371	4075	4076	4077
3353	3371	3354	4077	4078	4023
3354	3371	3372	4078	4079	4080
3354	3372	3355	4080	4081	4026
3355	3372	3373	4081	4082	4083
3355	3373	3356	4083	4084	4029
3356	3373	3374	4084	4085	4086
3356	3374	3357	4086	4087	4032
3357	3374	3375	4087	4088	4089
3357	3375	3358	4089	4090	4035
3358	3375	3376	4090	4091	4092
3358	3376	3359	4092	4093	4038
3359	3376	3377	4093	4094	4095
3359	3377	3360	4095	4096	4041
3360	3377	3378	4096	4097	4098
3360	3378	3361	4098	4099	4044
3361	3378	3379	4099	4100	4101
3361	3379	3362	4101	4102	4047
3362	3379	3380	4102	4103	4104
3362	3380	3363	4104	4105	4050
3363	3380	3381	4105	4106	4107
3363	3381	3364	4107	4108	4053
3364	3381	3382	4108	4109	4110
3364	3382	3365	4110	4111	4056
3365	3382	3383	4111	4112	4113
3365	3383	3366	4113	4114	4059
3366	3383	3384	4114	4115	4116
3366	3384	3367	4116	4117	4062
3367	3384	3385	4117	4118	4119
3367	3385	3368	4119	4120	4065
3368	3385	3386	4120	4121	4122
3368	3386	3369	4122	4123	4068
3369	3386	3387	4123	4124	4125
3369	3387	3370	4125	4126	4071
3370	3387	3388	4126	4127	4128
3370	3388	129	4128	4129	4074
129	3388	130	4129	4130	148
241	242	3371	260	4131	4076
3371	242	3389	4131	4132	4133
3371	3389	3372	4133	4134	4079
3372	3389	3390	4134	4135	4136
3372	3390	3373	4136	4137	4082
3373	3390	3391	4137	4138	4139
3373	3391	3374	4139	4140	4085
3374	3391	3392	4140	4141	4142
3374	3392	3375	4142	4143	4088
3375	3392	3393	4143	4144	4145
3375	3393	3376	4145	4146	4091
3376	3393	3394	4146	4147	4148
3376	3394	3377	4148	4149	4094
3377	3394	3395	4149	4150	4151
3377	3395	3378	4151	4152	4097
3378	3395	3396	4152	4153	4154
3378	3396	3379	4154	4155	4100
3379	3396	3397	4155	4156	4157
3379	3397	3380	4157	4158	4103
3380	3397	3398	4158	4159	4160
3380	3398	3381	4160	4161	4106
3381	3398	3399	4161	4162	4163
3381	3399	3382	4163	4164	4109
3382	3399	3400	4164	4165	4166
3382	3400	3383	4166	4167	4112
3383	3400	3401	4167	4168	4169
3383	3401	3384	4169	4170	4115
3384	3401	3402	4170	4171	4172
3384	3402	3385	4172	4173	4118
3385	3402	3403	4173	4174	4175
3385	3403	3386	4175	4176	4121
3386	3403	3404	4176	4177	4178
3386	3404	3387	4178	4179	4124
3387	3404	3405	4179	4180	4181
3387	3405	3388	4181	4182	4127
3388	3405	3406	4182	4183	4184
3388	3406	130	4184	4185	4130
130	3406	131	4185	4186	149
242	243	3389	261	4187	4132
3389	243	3407	4187	4188	4189
3389	3407	3390	4189	4190	4135
3390	3407	3408	4190	4191	4192
3390	3408	3391	4192	4193	4138
3391	3408	3409	4193	4194	4195
3391	3409	3392	4195	4196	4141
3392	3409	3410	4196	4197	4198
3392	3410	3393	4198	4199	4144
3393	3410	3411	4199	4200	4201
3393	3411	3394	4201	4202	4147
3394	3411	3412	4202	4203	4204
3394	3412	3395	4204	4205	4150
3395	3412	3413	4205	4206	4207
3395	3413	3396	4207	4208	4153
3396	3413	3414	4208	4209	4210
3396	3414	3397	4210	4211	4156
3397	3414	3415	4211	4212	4213
3397	3415	3398	4213	4214	4159
3398	3415	3416	4214	4215	4216
3398	3416	3399	4216	4217	4162
3399	3416	3417	4217	4218	4219
3399	3417	3400	4219	4220	4165
3400	3417	3418	4220	4221	4222
3400	3418	3401	4222	4223	4168
3401	3418	3419	4223	4224	4225
3401	3419	3402	4225	4226	4171
3402	3419	3420	4226	4227	4228
3402	3420	3403	4228	4229	4174
3403	3420	3421	4229	4230	4231
3403	3421	3404	4231	4232	4177
3404	3421	3422	4232	4233	4234
3404	3422	3405	4234	4235	4180
3405	3422	3423	4235	4236	4237
3405	3423	3406	4237	4238	4183
3406	3423	3424	4238	4239	4240
3406	3424	131	4240	4241	4186
131	3424	132	4241	4242	150
243	244	3407	262	4243	4188
3407	244	3425	4243	4244	4245
3407	3425	3408	4245	4246	4191
3408	3425	3426	4246	4247	4248
3408	3426	3409	4248	4249	4194
3409	3426	3427	4249	4250	4251
3409	3427	3410	4251	4252	4197
3410	3427	3428	4252	4253	4254
3410	3428	3411	4254	4255	4200
3411	3428	3429	4255	4256	4257
3411	3429	3412	4257	4258	4203
3412	3429	3430	4258	4259	4260
3412	3430	3413	4260	4261	4206
3413	3430	3431	4261	4262	4263
3413	3431	3414	4263	4264	4209
3414	3431	3432	4264	4265	4266
3414	3432	3415	4266	4267	4212
3415	3432	3433	4267	4268	4269
3415	3433	3416	4269	4270	4215
3416	3433	3434	4270	4271	4272
3416	3434	3417	4272	4273	4218
3417	3434	3435	4273	4274	4275
3417	3435	3418	4275	4276	4221
3418	3435	3436	4276	4277	4278
3418	3436	3419	4278	4279	4224
3419	3436	3437	4279	4280	4281
3419	3437	3420	4281	4282	4227
3420	3437	3438	4282	4283	4284
3420	3438	3421	4284	4285	4230
3421	3438	3439	4285	4286	4287
3421	3439	3422	4287	4288	4233
3422	3439	3440	4288	4289	4290
3422	3440	3423	4290	4291	4236
3423	3440	3441	4291	4292	4293
3423	3441	3424	4293	4294	4239
3424	3441	3442	4294	4295	4296
3424	3442	132	4296	4297	4242
132	3442	133	4297	4298	151
244	245	3425	263	4299	4244
3425	245	3443	4299	4300	4301
3425	3443	3426	4301	4302	4247
3426	3443	3444	4302	4303	4304
3426	3444	3427	4304	4305	4250
3427	3444	3445	4305	4306	4307
3427	3445	3428	4307	4308	4253
3428	3445	3446	4308	4309	4310
3428	3446	3429	4310	4311	4256
3429	3446	3447	4311	4312	4313
3429	3447	3430	4313	4314	4259
3430	3447	3448	4314	4315	4316
3430	3448	3431	4316	4317	4262
3431	3448	3449	4317	4318	4319
3431	3449	3432	4319	4320	4265
3432	3449	3450	4320	4321	4322
3432	3450	3433	4322	4323	4268
3433	3450	3451	4323	4324	4325
3433	3451	3434	4325	4326	4271
3434	3451	3452	4326	4327	4328
3434	3452	3435	4328	4329	4274
3435	3452	3453	4329	4330	4331
3435	3453	3436	4331	4332	4277
3436	3453	3454	4332	4333	4334
3436	3454	3437	4334	4335	4280
3437	3454	3455	4335	4336	4337
3437	3455	3438	4337	4338	4283
3438	3455	3456	4338	4339	4340
3438	3456	3439	4340	4341	4286
3439	3456	3457	4341	4342	4343
3439	3457	3440	4343	4344	4289
3440	3457	3458	4344	4345	4346
3440	3458	3441	4346	4347	4292
3441	3458	3459	4347	4348	4349
3441	3459	3442	4349	4350	4295
3442	3459	3460	4350	4351	4352
3442	3460	133	4352	4353	4298
133	3460	134	4353	4354	152
245	246	3443	264	4355	4300
3443	246	3461	4355	4356	4357
3443	3461	3444	4357	4358	4303
3444	3461	3462	4358	4359	4360
3444	3462	3445	4360	4361	4306
3445	3462	3463	4361	4362	4363
3445	3463	3446	4363	4364	4309
3446	3463	3464	4364	4365	4366
3446	3464	3447	4366	4367	4312
3447	3464	3465	4367	4368	4369
3447	3465	3448	4369	4370	4315
3448	3465	3466	4370	4371	4372
3448	3466	3449	4372	4373	4318
3449	3466	3467	4373	4374	4375
3449	3467	3450	4375	4376	4321
3450	3467	3468	4376	4377	4378
3450	3468	3451	4378	4379	4324
3451	3468	3469	4379	4380	4381
3451	3469	3452	4381	4382	4327
3452	3469	3470	4382	4383	4384
3452	3470	3453	4384	4385	4330
3453	3470	3471	4385	4386	4387
3453	3471	3454	4387	4388	4333
3454	3471	3472	4388	4389	4390
3454	3472	3455	4390	4391	4336
3455	3472	3473	4391	4392	4393
3455	3473	3456	4393	4394	4339
3456	3473	3474	4394	4395	4396
3456	3474	3457	4396	4397	4342
3457	3474	3475	4397	4398	4399
3457	3475	3458	4399	4400	4345
3458	3475	3476	4400	4401	4402
3458	3476	3459	4402	4403	4348
3459	3476	3477	4403	4404	4405
3459	3477	3460	4405	4406	4351
3460	3477	3478	4406	4407	4408
3460	3478	134	4408	4409	4354
134	3478	135	4409	4410	153
246	247	3461	265	4411	4356
3461	247	3479	4411	4412	4413
3461	3479	3462	4413	4414	4359
3462	3479	3480	4414	4415	4416
3462	3480	3463	4416	4417	4362
3463	3480	3481	4417	4418	4419
3463	3481	3464	4419	4420	4365
3464	3481	3482	4420	4421	4422
3464	3482	3465	4422	4423	4368
3465	3482	3483	4423	4424	4425
3465	3483	3466	4425	4426	4371
3466	3483	3484	4426	4427	4428
3466	3484	3467	4428	4429	4374
3467	3484	3485	4429	4430	4431
3467	3485	3468	4431	4432	4377
3468	3485	3486	4432	4433	4434
3468	3486	3469	4434	4435	4380
3469	3486	3487	4435	4436	4437
3469	3487	3470	4437	4438	4383
3470	3487	3488	4438	4439	4440
3470	3488	3471	4440	4441	4386
3471	3488	3489	4441	4442	4443
3471	3489	3472	4443	4444	4389
3472	3489	3490	4444	4445	4446
3472	3490	3473	4446	4447	4392
3473	3490	3491	4447	4448	4449
3473	3491	3474	4449	4450	4395
3474	3491	3492	4450	4451	4452
3474	3492	3475	4452	4453	4398
3475	3492	3493	4453	4454	4455
3475	3493	3476	4455	4456	4401
3476	3493	3494	4456	4457	4458
3476	3494	3477	4458	4459	4404
3477	3494	3495	4459	4460	4461
3477	3495	3478	4461	4462	4407
3478	3495	3496	4462	4463	4464
3478	3496	135	4464	4465	4410
135	3496	136	4465	4466	154
247	248	3479	266	4467	4412
3479	248	3497	4467	4468	4469
3479	3497	3480	4469	4470	4415
3480	3497	3498	4470	4471	4472
3480	3498	3481	4472	4473	4418
3481	3498	3499	4473	4474	4475
3481	3499	3482	4475	4476	4421
3482	3499	3500	4476	4477	4478
3482	3500	3483	4478	4479	4424
3483	3500	3501	4479	4480	4481
3483	3501	3484	4481	4482	4427
3484	3501	3502	4482	4483	4484
3484	3502	3485	4484	4485	4430
3485	3502	3503	4485	4486	4487
3485	3503	3486	4487	4488	4433
3486	3503	3504	4488	4489	4490
3486	3504	3487	4490	4491	4436
3487	3504	3505	4491	4492	4493
3487	3505	3488	4493	4494	4439
3488	3505	3506	4494	4495	4496
3488	3506	3489	4496	4497	4442
3489	3506	3507	4497	4498	4499
3489	3507	3490	4499	4500	4445
3490	3507	3508	4500	4501	4502
3490	3508	3491	4502	4503	4448
3491	3508	3509	4503	4504	4505
3491	3509	3492	4505	4506	4451
3492	3509	3510	4506	4507	4508
3492	3510	3493	4508	4509	4454
3493	3510	3511	4509	4510	4511
3493	3511	3494	4511	4512	4457
3494	3511	3512	4512	4513	4514
3494	3512	3495	4514	4515	4460
3495	3512	3513	4515	4516	4517
3495	3513	3496	4517	4518	4463
3496	3513	3514	4518	4519	4520
3496	3514	136	4520	4521	4466
136	3514	137	4521	4522	155
248	7	3497	267	4523	4468
3497	7	433	4523	452	4524
3497	433	3498	4524	4525	4471
3498	433	432	4525	451	4526
3498	432	3499	4526	4527	4474
3499	432	431	4527	450	4528
3499	431	3500	4528	4529	4477
3500	431	430	4529	449	4530
3500	430	3501	4530	4531	4480
3501	430	429	4531	448	4532
3501	429	3502	4532	4533	4483
3502	429	428	4533	447	4534
3502	428	3503	4534	4535	4486
3503	428	427	4535	446	4536
3503	427	3504	4536	4537	4489
3504	427	426	4537	445	4538
3504	426	3505	4538	4539	4492
3505	426	425	4539	444	4540
3505	425	3506	4540	4541	4495
3506	425	424	4541	443	4542
3506	424	3507	4542	4543	4498
3507	424	423	4543	442	4544
3507	423	3508	4544	4545	4501
3508	423	422	4545	441	4546
3508	422	3509	4546	4547	4504
3509	422	421	4547	440	4548
3509	421	3510	4548	4549	4507
3510	421	420	4549	439	4550
3510	420	3511	4550	4551	4510
3511	420	419	4551	438	4552
3511	419	3512	4552	4553	4513
3512	419	418	4553	437	4554
3512	418	3513	4554	4555	4516
3513	418	417	4555	436	4556
3513	417	3514	4556	4557	4519
3514	417	416	4557	435	4558
3514	416	137	4558	4559	4522
137	416	3	4559	434	156
7	268	433	286	4884	452
433	268	4560	4884	4885	4886
433	4560	432	4886	4887	451
432	4560	4561	4887	4888	4889
432	4561	431	4889	4890	450
431	4561	4562	4890	4891	4892
431	4562	430	4892	4893	449
430	4562	4563	4893	4894	4895
430	4563	429	4895	4896	448
429	4563	4564	4896	4897	4898
429	4564	428	4898	4899	447
428	4564	4565	4899	4900	4901
428	4565	427	4901	4902	446
427	4565	4566	4902	4903	4904
427	4566	426	4904	4905	445
426	4566	4567	4905	4906	4907
426	4567	425	4907	4908	444
425	4567	4568	4908	4909	4910
425	4568	424	4910	4911	443
424	4568	4569	4911	4912	4913
424	4569	423	4913	4914	442
423	4569	4570	4914	4915	4916
423	4570	422	4916	4917	441
422	4570	4571	4917	4918	4919
422	4571	421	4919	4920	440
421	4571	4572	4920	4921	4922
421	4572	420	4922	4923	439
420	4572	4573	4923	4924	4925
420	4573	419	4925	4926	438
419	4573	4574	4926	4927	4928
419	4574	418	4928	4929	437
418	4574	4575	4929	4930	4931
418	4575	417	4931	4932	436
417	4575	4576	4932	4933	4934
417	4576	416	4934	4935	435
416	4576	4577	4935	4936	4937
416	4577	3	4937	4938	434
3	4577	9	4938	4939	27
268	269	4560	287	4940	4885
4560	269	4578	4940	4941	4942
4560	4578	4561	4942	4943	4888
4561	4578	4579	4943	4944	4945
4561	4579	4562	4945	4946	4891
4562	4579	4580	4946	4947	4948
4562	4580	4563	4948	4949	4894
4563	4580	4581	4949	4950	4951
4563	4581	4564	4951	4952	4897
4564	4581	4582	4952	4953	4954
4564	4582	4565	4954	4955	4900
4565	4582	4583	4955	4956	4957
4565	4583	4566	4957	4958	4903
4566	4583	4584	4958	4959	4960
4566	4584	4567	4960	4961	4906
4567	4584	4585	4961	4962	4963
4567	4585	4568	4963	4964	4909
4568	4585	4586	4964	4965	4966
4568	4586	4569	4966	4967	4912
4569	4586	4587	4967	4968	4969
4569	4587	4570	4969	4970	4915
4570	4587	4588	4970	4971	4972
4570	4588	4571	4972	4973	4918
4571	4588	4589	4973	4974	4975
4571	4589	4572	4975	4976	4921
4572	4589	4590	4976	4977	4978
4572	4590	4573	4978	4979	4924
4573	4590	4591	4979	4980	4981
4573	4591	4574	4981	4982	4927
4574	4591	4592	4982	4983	4984
4574	4592	4575	4984	4985	4930
4575	4592	4593	4985	4986	4987
4575	4593	4576	4987	4988	4933
4576	4593	4594	4988	4989	4990
4576	4594	4577	4990	4991	4936
4577	4594	4595	4991	4992	4993
4577	4595	9	4993	4994	4939
9	4595	10	4994	4995	28
269	270	4578	288	4996	4941
4578	270	4596	4996	4997	4998
4578	4596	4579	4998	4999	4944
4579	4596	4597	4999	5000	5001
4579	4597	4580	5001	5002	4947
4580	4597	4598	5002	5003	5004
4580	4598	4581	5004	5005	4950
4581	4598	4599	5005	5006	5007
4581	4599	4582	5007	5008	4953
4582	4599	4600	5008	5009	5010
4582	4600	4583	5010	5011	4956
4583	4600	4601	5011	5012	5013
4583	4601	4584	5013	5014	4959
4584	4601	4602	5014	5015	5016
4584	4602	4585	5016	5017	4962
4585	4602	4603	5017	5018	5019
4585	4603	4586	5019	5020	4965
4586	4603	4604	5020	5021	5022
4586	4604	4587	5022	5023	4968
4587	4604	4605	5023	5024	5025
4587	4605	4588	5025	5026	4971
4588	4605	4606	5026	5027	5028
4588	4606	4589	5028	5029	4974
4589	4606	4607	5029	5030	5031
4589	4607	4590	5031	5032	4977
4590	4607	4608	5032	5033	5034
4590	4608	4591	5034	5035	4980
4591	4608	4609	5035	5036	5037
4591	4609	4592	5037	5038	4983
4592	4609	4610	5038	5039	5040
4592	4610	4593	5040	5041	4986
4593	4610	4611	5041	5042	5043
4593	4611	4594	5043	5044	4989
4594	4611	4612	5044	5045	5046
4594	4612	4595	5046	5047	4992
4595	4612	4613	5047	5048	5049
4595	4613	10	5049	5050	4995
10	4613	11	5050	5051	29
270	271	4596	289	5052	4997
4596	271	4614	5052	5053	5054
4596	4614	4597	5054	5055	5000
4597	4614	4615	5055	5056	5057
4597	4615	4598	5057	5058	5003
4598	4615	4616	5058	5059	5060
4598	4616	4599	5060	5061	5006
4599	4616	4617	5061	5062	5063
4599	4617	4600	5063	5064	5009
4600	4617	4618	5064	5065	5066
4600	4618	4601	5066	5067	5012
4601	4618	4619	5067	5068	5069
4601	4619	4602	5069	5070	5015
4602	4619	4620	5070	5071	5072
4602	4620	4603	5072	5073	5018
4603	4620	4621	5073	5074	5075
4603	4621	4604	5075	5076	5021
4604	4621	4622	5076	5077	5078
4604	4622	4605	5078	5079	5024
4605	4622	4623	5079	5080	5081
4605	4623	4606	5081	5082	5027
4606	4623	4624	5082	5083	5084
4606	4624	4607	5084	5085	5030
4607	4624	4625	5085	5086	5087
4607	4625	4608	5087	5088	5033
4608	4625	4626	5088	5089	5090
4608	4626	4609	5090	5091	5036
4609	4626	4627	5091	5092	5093
4609	4627	4610	5093	5094	5039
4610	4627	4628	5094	5095	5096
4610	4628	4611	5096	5097	5042
4611	4628	4629	5097	5098	5099
4611	4629	4612	5099	5100	5045
4612	4629	4630	5100	5101	5102
4612	4630	4613	5102	5103	5048
4613	4630	4631	5103	5104	5105
4613	4631	11	5105	5106	5051
11	4631	12	5106	5107	30
271	272	4614	290	5108	5053
4614	272	4632	5108	5109	5110
4614	4632	4615	5110	5111	5056
4615	4632	4633	5111	5112	5113
4615	4633	4616	5113	5114	5059
4616	4633	4634	5114	5115	5116
4616	4634	4617	5116	5117	5062
4617	4634	4635	5117	5118	5119
4617	4635	4618	5119	5120	5065
4618	4635	4636	5120	5121	5122
4618	4636	4619	5122	5123	5068
4619	4636	4637	5123	5124	5125
4619	4637	4620	5125	5126	5071
4620	4637	4638	5126	5127	5128
4620	4638	4621	5128	5129	5074
4621	4638	4639	5129	5130	5131
4621	4639	4622	5131	5132	5077
4622	4639	4640	5132	5133	5134
4622	4640	4623	5134	5135	5080
4623	4640	4641	5135	5136	5137
4623	4641	4624	5137	5138	5083
4624	4641	4642	5138	5139	5140
4624	4642	4625	5140	5141	5086
4625	4642	4643	5141	5142	5143
4625	4643	4626	5143	5144	5089
4626	4643	4644	5144	5145	5146
4626	4644	4627	5146	5147	5092
4627	4644	4645	5147	5148	5149
4627	4645	4628	5149	5150	5095
4628	4645	4646	5150	5151	5152
4628	4646	4629	5152	5153	5098
4629	4646	4647	5153	5154	5155
4629	4647	4630	5155	5156	5101
4630	4647	4648	5156	5157	5158
4630	4648	4631	5158	5159	5104
4631	4648	4649	5159	5160	5161
4631	4649	12	5161	5162	5107
12	4649	13	5162	5163	31
272	273	4632	291	5164	5109
4632	273	4650	5164	5165	5166
4632	4650	4633	5166	5167	5112
4633	4650	4651	5167	5168	5169
4633	4651	4634	5169	5170	5115
4634	4651	4652	5170	5171	5172
4634	4652	4635	5172	5173	5118
4635	4652	4653	5173	5174	5175
4635	4653	4636	5175	5176	5121
4636	4653	4654	5176	5177	5178
4636	4654	4637	5178	5179	5124
4637	4654	4655	5179	5180	5181
4637	4655	4638	5181	5182	5127
4638	4655	4656	5182	5183	5184
4638	4656	4639	5184	5185	5130
4639	4656	4657	5185	5186	5187
4639	4657	4640	5187	5188	5133
4640	4657	4658	5188	5189	5190
4640	4658	4641	5190	5191	5136
4641	4658	4659	5191	5192	5193
4641	4659	4642	5193	5194	5139
4642	4659	4660	5194	5195	5196
4642	4660	4643	5196	5197	5142
4643	4660	4661	5197	5198	5199
4643	4661	4644	5199	5200	5145
4644	4661	4662	5200	5201	5202
4644	4662	4645	5202	5203	5148
4645	4662	4663	5203	5204	5205
4645	4663	4646	5205	5206	5151
4646	4663	4664	5206	5207	5208
4646	4664	4647	5208	5209	5154
4647	4664	4665	5209	5210	5211
4647	4665	4648	5211	5212	5157
4648	4665	4666	5212	5213	5214
4648	4666	4649	5214	5215	5160
4649	4666	4667	5215	5216	5217
4649	4667	13	5217	5218	5163
13	4667	14	5218	5219	32
273	274	4650	292	5220	5165
4650	274	4668	5220	5221	5222
4650	4668	4651	5222	5223	5168
4651	4668	4669	5223	5224	5225
4651	4669	4652	5225	5226	5171
4652	4669	4670	5226	5227	5228
4652	4670	4653	5228	5229	5174
4653	4670	4671	5229	5230	5231
4653	4671	4654	5231	5232	5177
4654	4671	4672	5232	5233	5234
4654	4672	4655	5234	5235	5180
4655	4672	4673	5235	5236	5237
4655	4673	4656	5237	5238	5183
4656	4673	4674	5238	5239	5240
4656	4674	4657	5240	5241	5186
4657	4674	4675	5241	5242	5243
4657	4675	4658	5243	5244	5189
4658	4675	4676	5244	5245	5246
4658	4676	4659	5246	5247	5192
4659	4676	4677	5247	5248	5249
4659	4677	4660	5249	5250	5195
4660	4677	4678	5250	5251	5252
4660	4678	4661	5252	5253	5198
4661	4678	4679	5253	5254	5255
4661	4679	4662	5255	5256	5201
4662	4679	4680	5256	5257	5258
4662	4680	4663	5258	5259	5204
4663	4680	4681	5259	5260	5261
4663	4681	4664	5261	5262	5207
4664	4681	4682	5262	5263	5264
4664	4682	4665	5264	5265	5210
4665	4682	4683	5265	5266	5267
4665	4683	4666	5267	5268	5213
4666	4683	4684	5268	5269	5270
4666	4684	4667	5270	5271	5216
4667	4684	4685	5271	5272	5273
4667	4685	14	5273	5274	5219
14	4685	15	5274	5275	33
274	275	4668	293	5276	5221
4668	275	4686	5276	5277	5278
4668	4686	4669	5278	5279	5224
4669	4686	4687	5279	5280	5281
4669	4687	4670	5281	5282	5227
4670	4687	4688	5282	5283	5284
4670	4688	4671	5284	5285	5230
4671	4688	4689	5285	5286	5287
4671	4689	4672	5287	5288	5233
4672	4689	4690	5288	5289	5290
4672	4690	4673	5290	5291	5236
4673	4690	4691	5291	5292	5293
4673	4691	4674	5293	5294	5239
4674	4691	4692	5294	5295	5296
4674	4692	4675	5296	5297	5242
4675	4692	4693	5297	5298	5299
4675	4693	4676	5299	5300	5245
4676	4693	4694	5300	5301	5302
4676	4694	4677	5302	5303	5248
4677	4694	4695	5303	5304	5305
4677	4695	4678	5305	5306	5251
4678	4695	4696	5306	5307	5308
4678	4696	4679	5308	5309	5254
4679	4696	4697	5309	5310	5311
4679	4697	4680	5311	5312	5257
4680	4697	4698	5312	5313	5314
4680	4698	4681	5314	5315	5260
4681	4698	4699	5315	5316	5317
4681	4699	4682	5317	5318	5263
4682	4699	4700	5318	5319	5320
4682	4700	4683	5320	5321	5266
4683	4700	4701	5321	5322	5323
4683	4701	4684	5323	5324	5269
4684	4701	4702	5324	5325	5326
4684	4702	4685	5326	5327	5272
4685	4702	4703	5327	5328	5329
4685	4703	15	5329	5330	5275
15	4703	16	5330	5331	34
275	276	4686	294	5332	5277
4686	276	4704	5332	5333	5334
4686	4704	4687	5334	5335	5280
4687	4704	4705	5335	5336	5337
4687	4705	4688	5337	5338	5283
4688	4705	4706	5338	5339	5340
4688	4706	4689	5340	5341	5286
4689	4706	4707	5341	5342	5343
4689	4707	4690	5343	5344	5289
4690	4707	4708	5344	5345	5346
4690	4708	4691	5346	5347	5292
4691	4708	4709	5347	5348	5349
4691	4709	4692	5349	5350	5295
4692	4709	4710	5350	5351	5352
4692	4710	4693	5352	5353	5298
4693	4710	4711	5353	5354	5355
4693	4711	4694	5355	5356	5301
4694	4711	4712	5356	5357	5358
4694	4712	4695	5358	5359	5304
4695	4712	4713	5359	5360	5361
4695	4713	4696	5361	5362	5307
4696	4713	4714	5362	5363	5364
4696	4714	4697	5364	5365	5310
4697	4714	4715	5365	5366	5367
4697	4715	4698	5367	5368	5313
4698	4715	4716	5368	5369	5370
4698	4716	4699	5370	5371	5316
4699	4716	4717	5371	5372	5373
4699	4717	4700	5373	5374	5319
4700	4717	4718	5374	5375	5376
4700	4718	4701	5376	5377	5322
4701	4718	4719	5377	5378	5379
4701	4719	4702	5379	5380	5325
4702	4719	4720	5380	5381	5382
4702	4720	4703	5382	5383	5328
4703	4720	4721	5383	5384	5385
4703	4721	16	5385	5386	5331
16	4721	17	5386	5387	35
276	277	4704	295	5388	5333
4704	277	4722	5388	5389	5390
4704	4722	4705	5390	5391	5336
4705	4722	4723	5391	5392	5393
4705	4723	4706	5393	5394	5339
4706	4723	4724	5394	5395	5396
4706	4724	4707	5396	5397	5342
4707	4724	4725	5397	5398	5399
4707	4725	4708	5399	5400	5345
4708	4725	4726	5400	5401	5402
4708	4726	4709	5402	5403	5348
4709	4726	4727	5403	5404	5405
4709	4727	4710	5405	5406	5351
4710	4727	4728	5406	5407	5408
4710	4728	4711	5408	5409	5354
4711	4728	4729	5409	5410	5411
4711	4729	4712	5411	5412	5357
4712	4729	4730	5412	5413	5414
4712	4730	4713	5414	5415	5360
4713	4730	4731	5415	5416	5417
4713	4731	4714	5417	5418	5363
4714	4731	4732	5418	5419	5420
4714	4732	4715	5420	5421	5366
4715	4732	4733	5421	5422	5423
4715	4733	4716	5423	5424	5369
4716	4733	4734	5424	5425	5426
4716	4734	4717	5426	5427	5372
4717	4734	4735	5427	5428	5429
4717	4735	4718	5429	5430	5375
4718	4735	4736	5430	5431	5432
4718	4736	4719	5432	5433	5378
4719	4736	4737	5433	5434	5435
4719	4737	4720	5435	5436	5381
4720	4737	4738	5436	5437	5438
4720	4738	4721	5438	5439	5384
4721	4738	4739	5439	5440	5441
4721	4739	17	5441	5442	5387
17	4739	18	5442	5443	36
277	278	4722	296	5444	5389
4722	278	4740	5444	5445	5446
4722	4740	4723	5446	5447	5392
4723	4740	4741	5447	5448	5449
4723	4741	4724	5449	5450	5395
4724	4741	4742	5450	5451	5452
4724	4742	4725	5452	5453	5398
4725	4742	4743	5453	5454	5455
4725	4743	4726	5455	5456	5401
4726	4743	4744	5456	5457	5458
4726	4744	4727	5458	5459	5404
4727	4744	4745	5459	5460	5461
4727	4745	4728	5461	5462	5407
4728	4745	4746	5462	5463	5464
4728	4746	4729	5464	5465	5410
4729	4746	4747	5465	5466	5467
4729	4747	4730	5467	5468	5413
4730	4747	4748	5468	5469	5470
4730	4748	4731	5470	5471	5416
4731	4748	4749	5471	5472	5473
4731	4749	4732	5473	5474	5419
4732	4749	4750	5474	5475	5476
4732	4750	4733	5476	5477	5422
4733	4750	4751	5477	5478	5479
4733	4751	4734	5479	5480	5425
4734	4751	4752	5480	5481	5482
4734	4752	4735	5482	5483	5428
4735	4752	4753	5483	5484	5485
4735	4753	4736	5485	5486	5431
4736	4753	4754	5486	5487	5488
4736	4754	4737	5488	5489	5434
4737	4754	4755	5489	5490	5491
4737	4755	4738	5491	5492	5437
4738	4755	4756	5492	5493	5494
4738	4756	4739	5494	5495	5440
4739	4756	4757	5495	5496	5497
4739	4757	18	5497	5498	5443
18	4757	19	5498	5499	37
278	279	4740	297	5500	5445
4740	279	4758	5500	5501	5502
4740	4758	4741	5502	5503	5448
4741	4758	4759	5503	5504	5505
4741	4759	4742	5505	5506	5451
4742	4759	4760	5506	5507	5508
4742	4760	4743	5508	5509	5454
4743	4760	4761	5509	5510	5511
4743	4761	4744	5511	5512	5457
4744	4761	4762	5512	5513	5514
4744	4762	4745	5514	5515	5460
4745	4762	4763	5515	5516	5517
4745	4763	4746	5517	5518	5463
4746	4763	4764	5518	5519	5520
4746	4764	4747	5520	5521	5466
4747	4764	4765	5521	5522	5523
4747	4765	4748	5523	5524	5469
4748	4765	4766	5524	5525	5526
4748	4766	4749	5526	5527	5472
4749	4766	4767	5527	5528	5529
4749	4767	4750	5529	5530	5475
4750	4767	4768	5530	5531	5532
4750	4768	4751	5532	5533	5478
4751	4768	4769	5533	5534	5535
4751	4769	4752	5535	5536	5481
4752	4769	4770	5536	5537	5538
4752	4770	4753	5538	5539	5484
4753	4770	4771	5539	5540	5541
4753	4771	4754	5541	5542	5487
4754	4771	4772	5542	5543	5544
4754	4772	4755	5544	5545	5490
4755	4772	4773	5545	5546	5547
4755	4773	4756	5547	5548	5493
4756	4773	4774	5548	5549	5550
4756	4774	4757	5550	5551	5496
4757	4774	4775	5551	5552	5553
4757	4775	19	5553	5554	5499
19	4775	20	5554	5555	38
279	280	4758	298	5556	5501
4758	280	4776	5556	5557	5558
4758	4776	4759	5558	5559	5504
4759	4776	4777	5559	5560	5561
4759	4777	4760	5561	5562	5507
4760	4777	4778	5562	5563	5564
4760	4778	4761	5564	5565	5510
4761	4778	4779	5565	5566	5567
4761	4779	4762	5567	5568	5513
4762	4779	4780	5568	5569	5570
4762	4780	4763	5570	5571	5516
4763	4780	4781	5571	5572	5573
4763	4781	4764	5573	5574	5519
4764	4781	4782	5574	5575	5576
4764	4782	4765	5576	5577	5522
4765	4782	4783	5577	5578	5579
4765	4783	4766	5579	5580	5525
4766	4783	4784	5580	5581	5582
4766	4784	4767	5582	5583	5528
4767	4784	4785	5583	5584	5585
4767	4785	4768	5585	5586	5531
4768	4785	4786	5586	5587	5588
4768	4786	4769	5588	5589	5534
4769	4786	4787	5589	5590	5591
4769	4787	4770	5591	5592	5537
4770	4787	4788	5592	5593	5594
4770	4788	4771	5594	5595	5540
4771	4788	4789	5595	5596	5597
4771	4789	4772	5597	5598	5543
4772	4789	4790	5598	5599	5600
4772	4790	4773	5600	5601	5546
4773	4790	4791	5601	5602	5603
4773	4791	4774	5603	5604	5549
4774	4791	4792	5604	5605	5606
4774	4792	4775	5606	5607	5552
4775	4792	4793	5607	5608	5609
4775	4793	20	5609	5610	5555
20	4793	21	5610	5611	39
280	281	4776	299	5612	5557
4776	281	4794	5612	5613	5614
4776	4794	4777	5614	5615	5560
4777	4794	4795	5615	5616	5617
4777	4795	4778	5617	5618	5563
4778	4795	4796	5618	5619	5620
4778	4796	4779	5620	5621	5566
4779	4796	4797	5621	5622	5623
4779	4797	4780	5623	5624	5569
4780	4797	4798	5624	5625	5626
4780	4798	4781	5626	5627	5572
4781	4798	4799	5627	5628	5629
4781	4799	4782	5629	5630	5575
4782	4799	4800	5630	5631	5632
4782	4800	4783	5632	5633	5578
4783	4800	4801	5633	5634	5635
4783	4801	4784	5635	5636	5581
4784	4801	4802	5636	5637	5638
4784	4802	4785	5638	5639	5584
4785	4802	4803	5639	5640	5641
4785	4803	4786	5641	5642	5587
4786	4803	4804	5642	5643	5644
4786	4804	4787	5644	5645	5590
4787	4804	4805	5645	5646	5647
4787	4805	4788	5647	5648	5593
4788	4805	4806	5648	5649	5650
4788	4806	4789	5650	5651	5596
4789	4806	4807	5651	5652	5653
4789	4807	4790	5653	5654	5599
4790	4807	4808	5654	5655	5656
4790	4808	4791	5656	5657	5602
4791	4808	4809	5657	5658	5659
4791	4809	4792	5659	5660	5605
4792	4809	4810	5660	5661	5662
4792	4810	4793	5662	5663	5608
4793	4810	4811	5663	5664	5665
4793	4811	21	5665	5666	5611
21	4811	22	5666	5667	40
281	282	4794	300	5668	5613
4794	282	4812	5668	5669	5670
4794	4812	4795	5670	5671	5616
4795	4812	4813	5671	5672	5673
4795	4813	4796	5673	5674	5619
4796	4813	4814	5674	5675	5676
4796	4814	4797	5676	5677	5622
4797	4814	4815	5677	5678	5679
4797	4815	4798	5679	5680	5625
4798	4815	4816	5680	5681	5682
4798	4816	4799	5682	5683	5628
4799	4816	4817	5683	5684	5685
4799	4817	4800	5685	5686	5631
4800	4817	4818	5686	5687	5688
4800	4818	4801	5688	5689	5634
4801	4818	4819	5689	5690	5691
4801	4819	4802	5691	5692	5637
4802	4819	4820	5692	5693	5694
4802	4820	4803	5694	5695	5640
4803	4820	4821	5695	5696	5697
4803	4821	4804	5697	5698	5643
4804	4821	4822	5698	5699	5700
4804	4822	4805	5700	5701	5646
4805	4822	4823	5701	5702	5703
4805	4823	4806	5703	5704	5649
4806	4823	4824	5704	5705	5706
4806	4824	4807	5706	5707	5652
4807	4824	4825	5707	5708	5709
4807	4825	4808	5709	5710	5655
4808	4825	4826	5710	5711	5712
4808	4826	4809	5712	5713	5658
4809	4826	4827	5713	5714	5715
4809	4827	4810	5715	5716	5661
4810	4827	4828	5716	5717	5718
4810	4828	4811	5718	5719	5664
4811	4828	4829	5719	5720	5721
4811	4829	22	5721	5722	5667
22	4829	23	5722	5723	41
282	283	4812	301	5724	5669
4812	283	4830	5724	5725	5726
4812	4830	4813	5726	5727	5672
4813	4830	4831	5727	5728	5729
4813	4831	4814	5729	5730	5675
4814	4831	4832	5730	5731	5732
4814	4832	4815	5732	5733	5678
4815	4832	4833	5733	5734	5735
4815	4833	4816	5735	5736	5681
4816	4833	4834	5736	5737	5738
4816	4834	4817	5738	5739	5684
4817	4834	4835	5739	5740	5741
4817	4835	4818	5741	5742	5687
4818	4835	4836	5742	5743	5744
4818	4836	4819	5744	5745	5690
4819	4836	4837	5745	5746	5747
4819	4837	4820	5747	5748	5693
4820	4837	4838	5748	5749	5750
4820	4838	4821	5750	5751	5696
4821	4838	4839	5751	5752	5753
4821	4839	4822	5753	5754	5699
4822	4839	4840	5754	5755	5756
4822	4840	4823	5756	5757	5702
4823	4840	4841	5757	5758	5759
4823	4841	4824	5759	5760	5705
4824	4841	4842	5760	5761	5762
4824	4842	4825	5762	5763	5708
4825	4842	4843	5763	5764	5765
4825	4843	4826	5765	5766	5711
4826	4843	4844	5766	5767	5768
4826	4844	4827	5768	5769	5714
4827	4844	4845	5769	5770	5771
4827	4845	4828	5771	5772	5717
4828	4845	4846	5772	5773	5774
4828	4846	4829	5774	5775	5720
4829	4846	4847	5775	5776	5777
4829	4847	23	5777	5778	5723
23	4847	24	5778	5779	42
283	284	4830	302	5780	5725
4830	284	4848	5780	5781	5782
4830	4848	4831	5782	5783	5728
4831	4848	4849	5783	5784	5785
4831	4849	4832	5785	5786	5731
4832	4849	4850	5786	5787	5788
4832	4850	4833	5788	5789	5734
4833	4850	4851	5789	5790	5791
4833	4851	4834	5791	5792	5737
4834	4851	4852	5792	5793	5794
4834	4852	4835	5794	5795	5740
4835	4852	4853	5795	5796	5797
4835	4853	4836	5797	5798	5743
4836	4853	4854	5798	5799	5800
4836	4854	4837	5800	5801	5746
4837	4854	4855	5801	5802	5803
4837	4855	4838	5803	5804	5749
4838	4855	4856	5804	5805	5806
4838	4856	4839	5806	5807	5752
4839	4856	4857	5807	5808	5809
4839	4857	4840	5809	5810	5755
4840	4857	4858	5810	5811	5812
4840	4858	4841	5812	5813	5758
4841	4858	4859	5813	5814	5815
4841	4859	4842	5815	5816	5761
4842	4859	4860	5816	5817	5818
4842	4860	4843	5818	5819	5764
4843	4860	4861	5819	5820	5821
4843	4861	4844	5821	5822	5767
4844	4861	4862	5822	5823	5824
4844	4862	4845	5824	5825	5770
4845	4862	4863	5825	5826	5827
4845	4863	4846	5827	5828	5773
4846	4863	4864	5828	5829	5830
4846	4864	4847	5830	5831	5776
4847	4864	4865	5831	5832	5833
4847	4865	24	5833	5834	5779
24	4865	25	5834	5835	43
284	285	4848	303	5836	5781
4848	285	4866	5836	5837	5838
4848	4866	4849	5838	5839	5784
4849	4866	4867	5839	5840	5841
4849	4867	4850	5841	5842	5787
4850	4867	4868	5842	5843	5844
4850	4868	4851	5844	5845	5790
4851	4868	4869	5845	5846	5847
4851	4869	4852	5847	5848	5793
4852	4869	4870	5848	5849	5850
4852	4870	4853	5850	5851	5796
4853	4870	4871	5851	5852	5853
4853	4871	4854	5853	5854	5799
4854	4871	4872	5854	5855	5856
4854	4872	4855	5856	5857	5802
4855	4872	4873	5857	5858	5859
4855	4873	4856	5859	5860	5805
4856	4873	4874	5860	5861	5862
4856	4874	4857	5862	5863	5808
4857	4874	4875	5863	5864	5865
4857	4875	4858	5865	5866	5811
4858	4875	4876	5866	5867	5868
4858	4876	4859	5868	5869	5814
4859	4876	4877	5869	5870	5871
4859	4877	4860	5871	5872	5817
4860	4877	4878	5872	5873	5874
4860	4878	4861	5874	5875	5820
4861	4878	4879	5875	5876	5877
4861	4879	4862	5877	5878	5823
4862	4879	4880	5878	5879	5880
4862	4880	4863	5880	5881	5826
4863	4880	4881	5881	5882	5883
4863	4881	4864	5883	5884	5829
4864	4881	4882	5884	5885	5886
4864	4882	4865	5886	5887	5832
4865	4882	4883	5887	5888	5889
4865	4883	25	5889	5890	5835
25	4883	26	5890	5891	44
285	8	4866	304	5892	5837
4866	8	305	5892	323	5893
4866	305	4867	5893	5894	5840
4867	305	306	5894	324	5895
4867	306	4868	5895	5896	5843
4868	306	307	5896	325	5897
4868	307	4869	5897	5898	5846
4869	307	308	5898	326	5899
4869	308	4870	5899	5900	5849
4870	308	309	5900	327	5901
4870	309	4871	5901	5902	5852
4871	309	310	5902	328	5903
4871	310	4872	5903	5904	5855
4872	310	311	5904	329	5905
4872	311	4873	5905	5906	5858
4873	311	312	5906	330	5907
4873	312	4874	5907	5908	5861
4874	312	313	5908	331	5909
4874	313	4875	5909	5910	5864
4875	313	314	5910	332	5911
4875	314	4876	5911	5912	5867
4876	314	315	5912	333	5913
4876	315	4877	5913	5914	5870
4877	315	316	5914	334	5915
4877	316	4878	5915	5916	5873
4878	316	317	5916	335	5917
4878	317	4879	5917	5918	5876
4879	317	318	5918	336	5919
4879	318	4880	5919	5920	5879
4880	318	319	5920	337	5921
4880	319	4881	5921	5922	5882
4881	319	320	5922	338	5923
4881	320	4882	5923	5924	5885
4882	320	321	5924	339	5925
4882	321	4883	5925	5926	5888
4883	321	322	5926	340	5927
4883	322	26	5927	5928	5891
26	322	1	5928	341	45

--------------------------------------------------------------------------------
NUMBER OF BOUNDARY TYPES        TOTAL NUMBER OF ELEMENTS
--------------------------------------------------------------------------------
2                               152

--------------------------------------------------------------------------------
BOUNDARY 1        CONSTRAINS (0-free 1-const 2-glue)  VALUES (default = 0.)
NUMB. OF ELEM.    Ux     Uy     Uz                    Ux     Uy     Uz  
--------------------------------------------------------------------------------
76                1      1      0                     0.     0.     0.

--------------------------------------------------------------------------------
BOUNDARY 1 - CONNECTIVITY
--------------------------------------------------------------------------------
3	9	27
9	10	28
10	11	29
11	12	30
12	13	31
13	14	32
14	15	33
15	16	34
16	17	35
17	18	36
18	19	37
19	20	38
20	21	39
21	22	40
22	23	41
23	24	42
24	25	43
25	26	44
26	1	45
1	46	64
46	47	65
47	48	66
48	49	67
49	50	68
50	51	69
51	52	70
52	53	71
53	54	72
54	55	73
55	56	74
56	57	75
57	58	76
58	59	77
59	60	78
60	61	79
61	62	80
62	63	81
63	4	82
4	83	101
83	84	102
84	85	103
85	86	104
86	87	105
87	88	106
88	89	107
89	90	108
90	91	109
91	92	110
92	93	111
93	94	112
94	95	113
95	96	114
96	97	115
97	98	116
98	99	117
99	100	118
100	2	119
2	120	138
120	121	139
121	122	140
122	123	141
123	124	142
124	125	143
125	126	144
126	127	145
127	128	146
128	129	147
129	130	148
130	131	149
131	132	150
132	133	151
133	134	152
134	135	153
135	136	154
136	137	155
137	3	156

--------------------------------------------------------------------------------
BOUNDARY 2        CONSTRAINS (0-free 1-const 2-glue)  VALUES (default = 0.)
NUMB. OF ELEM.    Ux     Uy     Uz                    Ux     Uy     Uz  
--------------------------------------------------------------------------------
76                2      2      0                     0.     0.     0.

--------------------------------------------------------------------------------
BOUNDARY 2 - CONNECTIVITY
--------------------------------------------------------------------------------
8	157	175
157	158	176
158	159	177
159	160	178
160	161	179
161	162	180
162	163	181
163	164	182
164	165	183
165	166	184
166	167	185
167	168	186
168	169	187
169	170	188
170	171	189
171	172	190
172	173	191
173	174	192
174	5	193
5	194	212
194	195	213
195	196	214
196	197	215
197	198	216
198	199	217
199	200	218
200	201	219
201	202	220
202	203	221
203	204	222
204	205	223
205	206	224
206	207	225
207	208	226
208	209	227
209	210	228
210	211	229
211	6	230
6	231	249
231	232	250
232	233	251
233	234	252
234	235	253
235	236	254
236	237	255
237	238	256
238	239	257
239	240	258
240	241	259
241	242	260
242	243	261
243	244	262
244	245	263
245	246	264
246	247	265
247	248	266
248	7	267
7	268	286
268	269	287
269	270	288
270	271	289
271	272	290
272	273	291
273	274	292
274	275	293
275	276	294
276	277	295
277	278	296
278	279	297
279	280	298
280	281	299
281	282	300
282	283	301
283	284	302
284	285	303
285	8	304



