--------------------------------------------------------------------------------
ELEMENTS        NODES        TIME STEPS     PRINTING FREQ
--------------------------------------------------------------------------------
2880            5880         100000         1

--------------------------------------------------------------------------------
UNDISTURBED VELOCITY AND PRESSURE
Ux      Uy      Uz      P
--------------------------------------------------------------------------------
0.1250     0.0     0.0     0.0

--------------------------------------------------------------------------------
DENSITY      TEMPERATURE      VISCOSITY      THERMAL CONDITIVITY
--------------------------------------------------------------------------------
1.E0         300              0.005           0.0

--------------------------------------------------------------------------------
TIME STEP       TIME INTEGRATION SCHEME (1- Implicit Euler, 2- Adams-Bashforth)
--------------------------------------------------------------------------------
0.25            0.5

--------------------------------------------------------------------------------
EXTERNAL FIELD FORCES CONSTANTS
Gx       Gy       Gz
--------------------------------------------------------------------------------
0.0      0.0      0.0

--------------------------------------------------------------------------------
ARLEQUIN VARIABLES
GLUE ZONE THICKNESS     EPSILON     WEIGHT FUNCT. (POL. DEGREE)   K1     K2
--------------------------------------------------------------------------------
2.0                     1E-2        1                             1E+0   0.E+0 

--------------------------------------------------------------------------------
COMPUTE DRAG AND LIFT FORCES (0-No, 1-Yes)      BOUNDARY NUMBER
--------------------------------------------------------------------------------
1                                               0

--------------------------------------------------------------------------------
PRINT RESULTS (0-No, 1-Yes)
--------------------------------------------------------------------------------
1 - VELOCITY
1 - REAL VELOCITY
1 - LAGRANGE MULTIPLIERS
0 - ELEMENT CORRESPONDENCE
1 - DIST FUNCTION
1 - ENERGY WEIGHT FUNCTION
1 - PRESSURE
1 - REAL PRESSURE
1 - VORTICITY
1 - INNER NORMAL
0 - MESH VELOCITY
0 - MESH DISPLACEMENT
1 - GLUE ZONE
1 - JACOBIAN
1 - PROCESS

--------------------------------------------------------------------------------
NODAL COORDINATES
--------------------------------------------------------------------------------
16.7071	16.7071
16.7071	15.2929
15.2929	15.2929
15.2929	16.7071
20.2426	20.2426
20.2426	11.7574
11.7574	11.7574
11.7574	20.2426
21.6569	21.6569
21.6569	10.3431
10.3431	10.3431
10.3431	21.6569
16.62931435583839	16.77713850859143
16.54463381190185	16.83866252505597
16.45398614594977	16.89099797939483
16.35836451277952	16.93357147341824
16.25881656301227	16.96591656301697
16.15643296482641	16.98767886861855
16.05233545433997	16.99861995785135
15.94766454566095	16.9986199578514
15.84356703517281	16.98767886861843
15.74118343698303	16.96591656301571
15.6416354872196	16.9335714734179
15.54601385405033	16.89099797939489
15.45536618809838	16.83866252505612
15.37068564416124	16.77713850859113
16.66912418936567	16.74313769868426
16.58777961540509	16.80900923586461
16.49999520497663	16.86601709856121
16.40673274245166	16.91353669670011
16.3090140308852	16.95104739562026
16.20790969693296	16.97813822025379
16.10452746083559	16.99451235785749
16.00000000000051	16.99999040995402
15.89547253916441	16.99451235785749
15.79209030306365	16.97813822025307
15.69098596911248	16.9510473956195
15.59326725754689	16.91353669669947
15.50000479502286	16.86601709856091
15.41222038459526	16.80900923586487
15.3308758106338	16.74313769868378
15.22286149140871	16.62931435583857
15.16133747494395	16.54463381190173
15.10900202060468	16.45398614594881
15.0664285265813	16.35836451277833
15.03408343698303	16.25881656301226
15.01232113138145	16.15643296482644
15.00138004214866	16.05233545434021
15.00138004214856	15.94766454566169
15.01232113138142	15.84356703517374
15.03408343698403	15.74118343698398
15.06642852658137	15.6416354872215
15.10900202060428	15.54601385405198
15.16133747494377	15.45536618809854
15.22286149140871	15.37068564416144
15.25686230131586	16.6691241893658
15.19099076413553	16.58777961540529
15.1339829014386	16.4999952049763
15.0864633032997	16.40673274245124
15.04895260437986	16.30901403088556
15.02186177974636	16.20790969693363
15.00548764214258	16.10452746083627
15.00000959004598	16.00000000000106
15.00548764214246	15.89547253916484
15.02186177974658	15.79209030306529
15.04895260438032	15.690985969113
15.08646330329944	15.59326725754933
15.13398290143847	15.50000479502392
15.19099076413552	15.41222038459473
15.25686230131588	15.33087581063418
15.37068564416079	15.22286149140923
15.45536618809766	15.16133747494434
15.54601385405065	15.10900202060496
15.64163548722015	15.06642852658189
15.74118343698191	15.03408343698459
15.84356703517178	15.01232113138174
15.94766454565919	15.00138004214869
16.05233545433718	15.0013800421485
16.15643296482497	15.01232113138122
16.25881656301098	15.03408343698269
16.35836451277622	15.06642852658049
16.45398614594694	15.10900202060373
16.54463381190071	15.16133747494329
16.62931435583806	15.2228614914083
15.33087581063402	15.25686230131602
15.41222038459449	15.1909907641357
15.50000479502278	15.13398290143913
15.59326725754799	15.08646330330004
15.69098596911135	15.04895260438086
15.79209030306265	15.02186177974715
15.89547253916313	15.00548764214264
15.99999999999911	15.00000959004598
16.10452746083345	15.00548764214228
16.2079096969326	15.02186177974614
16.30901403088358	15.04895260437921
16.40673274244848	15.08646330329847
16.49999520497553	15.13398290143815
16.5877796154035	15.19099076413423
16.66912418936525	15.25686230131536
16.77713850859091	15.37068564416097
16.83866252505558	15.45536618809754
16.89099797939455	15.54601385404968
16.93357147341765	15.64163548721896
16.9659165630154	15.74118343698189
16.98767886861827	15.84356703517181
16.99861995785132	15.94766454565942
16.99861995785146	16.05233545433792
16.98767886861863	16.15643296482591
16.96591656301706	16.25881656301194
16.93357147341877	16.35836451277812
16.89099797939544	16.45398614594859
16.83866252505661	16.54463381190088
16.77713850859153	16.62931435583826
16.74313769868353	15.33087581063352
16.80900923586408	15.41222038459417
16.86601709856073	15.50000479502254
16.91353669669927	15.59326725754646
16.9510473956189	15.69098596911062
16.97813822025276	15.79209030306218
16.99451235785735	15.89547253916307
16.99999040995402	15.99999999999876
16.99451235785761	16.10452746083449
16.97813822025382	16.20790969693282
16.95104739562033	16.30901403088498
16.91353669670054	16.40673274245071
16.86601709856165	16.49999520497587
16.80900923586521	16.58777961540427
16.74313769868406	16.66912418936589
19.775886135031	20.66283105154804
19.26780287141078	21.03197515033605
18.72391687570113	21.34598787636772
18.15018707668798	21.60142884050525
17.55289937810468	21.7954993780935
16.93859778896906	21.92607321170962
16.31401272604472	21.99171974710783
15.68598727397972	21.99171974710911
15.0614022110512	21.92607321171283
14.44710062191303	21.79549937809824
13.84981292332595	21.6014288405106
13.27608312430661	21.34598787637166
12.73219712859422	21.03197515033929
12.2241138649702	20.66283105154902
20.01474513619386	20.45882619210569
19.52667769242997	20.85405541518809
18.99997122986321	21.19610259136528
18.44039645472036	21.48122018019603
17.85408418533522	21.70628437371376
17.24745818161958	21.86882932151808
16.62716476502058	21.9670741471442
16.0000000000136	21.99994245972409
15.37283523500231	21.9670741471466
14.75254181839922	21.86882932152207
14.14591581468201	21.70628437371936
13.55960354528979	21.48122018020056
13.00002877014316	21.19610259136896
12.47332230757303	20.85405541519027
11.98525486380635	20.45882619210588
11.33716894845234	19.77588613503147
10.96802484966529	19.26780287141284
10.65401212363353	18.72391687570357
10.39857115949582	18.15018707669076
10.20450062190721	17.55289937810733
10.07392678829082	16.93859778897184
10.00828025289231	16.31401272604737
10.00828025289078	15.68598727398165
10.07392678828692	15.06140221105282
10.20450062190149	14.44710062191404
10.3985711594892	13.84981292332647
10.65401212362832	13.27608312430666
10.96802484966106	12.73219712859368
11.3371689484504	12.22411386497093
11.54117380789406	20.01474513619359
11.14594458481243	19.52667769243068
10.80389740863611	18.99997122986561
10.51877981980535	18.44039645472348
10.29371562628704	17.85408418533765
10.13117067848271	17.24745818162327
10.03292585285614	16.62716476502383
10.00005754027591	16.00000000001517
10.03292585285322	15.37283523500398
10.13117067847772	14.75254181840019
10.29371562628036	14.14591581468287
10.51877981979901	13.55960354529076
10.80389740863155	13.00002877014227
11.1459445848098	12.47332230757294
11.5411738078936	11.98525486380693
12.22411386496811	11.33716894845268
12.73219712858869	10.9680248496643
13.27608312429845	10.6540121236325
13.84981292331417	10.39857115949393
14.44710062189717	10.20450062190601
15.06140221103284	10.07392678829008
15.68598727395813	10.00828025289202
16.31401272602184	10.00828025289097
16.93859778895077	10.07392678828748
17.55289937808882	10.20450062190226
18.15018707667391	10.39857115948935
18.7239168756914	10.65401212362733
19.26780287140497	10.96802484966018
19.77588613502846	11.3371689484499
11.98525486380594	11.54117380789449
12.47332230756948	11.14594458481232
13.00002877013679	10.80389740863471
13.55960354528038	10.51877981980363
14.14591581466736	10.2937156262854
14.75254181838287	10.1311706784814
15.37283523498229	10.0329258528555
15.99999999998951	10.00005754027591
16.62716476499879	10.03292585285351
17.24745818160353	10.13117067847851
17.85408418531998	10.29371562628129
18.44039645470959	10.51877981979917
18.99997122985707	10.80389740863117
19.52667769242558	11.14594458480872
20.01474513619215	11.54117380789277
20.6628310515477	12.22411386496858
21.03197515033704	12.73219712859076
21.34598787636875	13.27608312430089
21.60142884050714	13.84981292331695
21.7954993780947	14.44710062189982
21.92607321171036	15.06140221103562
21.99171974710812	15.68598727396077
21.99171974710893	16.31401272602377
21.92607321171226	16.93859778895239
21.79549937809747	17.55289937808983
21.60142884051045	18.15018707667443
21.34598787637264	18.72391687569145
21.03197515034017	19.26780287140443
20.66283105154952	19.77588613502918
20.45882619210603	11.98525486380652
20.85405541518865	12.4733223075708
21.19610259136642	13.00002877013875
21.48122018019752	13.55960354528298
21.70628437371542	14.14591581466991
21.86882932151903	14.75254181838488
21.96707414714465	15.37283523498373
21.99994245972409	15.99999999999096
21.96707414714614	16.62716476500215
21.86882932152127	17.24745818160457
21.70628437371911	17.85408418531875
21.48122018020097	18.44039645470927
21.19610259136942	18.99997122985605
20.85405541519061	19.5266776924265
20.45882619210698	20.01474513619243
21.03460384605378	22.21721797376451
20.35714751880874	22.70941880637503
19.63195337155945	23.12810984250509
18.86696678313562	23.46870381554905
18.07056910668611	23.72746910666339
17.25148584180362	23.90157062917019
16.41869103614593	23.98910089035375
15.58130896388335	23.98910089035528
14.74851415822411	23.90157062917459
13.92943089333881	23.72746910667007
13.13303321688071	23.46870381555532
12.36804662845292	23.12810984251139
11.64285248119873	22.70941880637987
10.96539615395067	22.21721797376812
21.35308814428349	21.94520668602291
20.70232004863104	22.47218829919545
20.00003235050094	22.92825926297118
19.25391946087966	23.30842276843017
18.47215594872119	23.60851366465241
17.66330697865213	23.82524409298311
16.83623446925147	23.95623950949415
16.00000000001545	24.00006470098836
15.16376553077691	23.95623950949713
14.33669302137471	23.82524409298882
13.52784405129976	23.60851366465921
12.74608053913452	23.30842276843649
11.99996764950856	22.92825926297666
11.29767995137516	22.47218829919996
10.6469118557179	21.94520668602416
9.782782026235166	21.03460384605338
9.290581193625243	20.35714751880915
8.871890157494395	19.63195337155844
8.531296184450307	18.86696678313395
8.272530893336	18.07056910668383
8.098429370829514	17.25148584180178
8.010899109646184	16.41869103614462
8.010899109644784	15.5813089638821
8.09842937082553	14.74851415822337
8.272530893329947	13.92943089333876
8.531296184444583	13.13303321688096
8.871890157488584	12.36804662845296
9.290581193619952	11.642852481199
9.782782026231743	10.96539615395085
10.05479331397742	21.35308814428385
9.527811700804286	20.70232004863068
9.071740737028383	20.00003235050018
8.691577231569214	19.25391946087829
8.39148633534662	18.4721559487182
8.174755907016422	17.66330697864995
8.043760490505685	16.83623446924988
7.999935299011639	16.00000000001359
8.043760490503056	15.16376553077512
8.174755907011319	14.33669302137406
8.391486335340559	13.52784405130045
8.69157723156331	12.74608053913497
9.07174073702307	11.99996764950902
9.527811700799766	11.29767995137554
10.05479331397592	10.64691185571781
10.96539615394736	9.782782026234567
11.64285248119318	9.290581193623732
12.3680466284445	8.871890157492897
13.13303321686944	8.531296184449007
13.92943089332169	8.272530893334521
14.74851415820199	8.098429370828915
15.58130896385611	8.010899109646145
16.41869103611962	8.010899109644875
17.25148584177733	8.09842937082564
18.07056910666136	8.272530893329979
18.86696678311792	8.531296184444152
19.63195337154816	8.871890157489158
20.35714751880127	9.290581193620124
21.03460384604907	9.782782026231677
10.64691185571607	10.05479331397749
11.29767995137075	9.527811700803241
11.99996764950168	9.071740737027312
12.746080539124	8.691577231568196
13.52784405128584	8.391486335345306
14.33669302135549	8.174755907015268
15.16376553075166	8.043760490505521
15.99999999998646	7.999935299011639
16.83623446922588	8.043760490503161
17.66330697862605	8.174755907011344
18.47215594869838	8.391486335340179
19.25391946086568	8.691577231563599
20.00003235049165	9.071740737023458
20.70232004862418	9.527811700799559
21.35308814428222	10.05479331397595
22.2172179737651	10.96539615394695
22.70941880637654	11.64285248119359
23.12810984250659	12.36804662844349
23.46870381555036	13.13303321686777
23.72746910666487	13.92943089331941
23.90157062917079	14.74851415820015
23.98910089035379	15.5813089638548
23.98910089035519	16.41869103611837
23.90157062917448	17.25148584177659
23.72746910667004	18.0705691066613
23.46870381555575	18.86696678311817
23.12810984251082	19.6319533715482
22.70941880637969	20.35714751880154
22.21721797376819	21.03460384604924
21.94520668602294	10.64691185571654
22.47218829919669	11.29767995137066
22.92825926297312	11.99996764950243
23.30842276843127	12.74608053912279
23.60851366465457	13.52784405128546
23.82524409298428	14.33669302135337
23.95623950949429	15.16376553074988
24.00006470098836	15.99999999998523
23.95623950949699	16.83623446922448
23.82524409298875	17.6633069786256
23.60851366465972	18.47215594869868
23.30842276843664	19.25391946086516
22.92825926297606	20.0000323504925
22.47218829919964	20.70232004862527
21.94520668602418	21.35308814428208
12.13492591095694	19.86507408904306
12.47813128647425	19.52186871352574
12.7901361729797	19.2098638270203
13.07377697880302	18.92622302119698
13.33163225721717	18.66836774278283
13.56604614605015	18.43395385394985
13.77914968141671	18.22085031858329
13.97288016906209	18.02711983093791
14.14899879431182	17.85100120568818
14.30910663339004	17.69089336660996
14.45465921328663	17.54534078671337
14.58697974182665	17.41302025817335
14.70727113188338	17.29272886811662
14.81662694000668	17.18337305999332
14.916041311926	17.083958688074
15.00641801363602	16.99358198636398
15.0885786508396	16.9114213491604
15.16327014046464	16.83672985953536
15.23117149508665	16.76882850491335
11.9461629554783	20.0538370445217
12.30652859871627	19.69347140128373
12.63413372972717	19.36586627027283
12.93195657589117	19.06804342410883
13.20270461801039	18.79729538198961
13.44883920163322	18.55116079836678
13.67259791373357	18.32740208626642
13.87601492523924	18.12398507476076
14.0609394816866	17.9390605183134
14.229052713851	17.770947286149
14.38188292333838	17.61811707666162
14.52081947755687	17.47918052244313
14.64712543685507	17.35287456314493
14.76194903594497	17.23805096405503
14.86633412596617	17.13366587403383
14.96122966278107	17.03877033721893
15.04749833223772	16.95250166776228
15.12592439565212	16.87407560434788
15.19722081777564	16.80277918222436
15.26203574754332	16.73796425245668
10.69667499999835	21.30332500000165
11.0502499999974	20.9497500000026
11.40382499999887	20.59617500000113
10.51988750000195	21.48011249999805
10.87346249999728	21.12653750000272
11.22703749999672	20.77296250000328
11.58061250000021	20.41938749999979
12.13492591172449	12.13492591172449
12.47813128786868	12.47813128786868
12.79013617488237	12.79013617488237
13.073776981109	13.073776981109
13.33163225983792	13.33163225983792
13.56604614890894	13.56604614890894
13.77914968444799	13.77914968444799
13.97288017221237	13.97288017221237
14.14899879753358	14.14899879753358
14.30910663649608	14.30910663649608
14.45465921654186	14.45465921654186
14.58697974505468	14.58697974505468
14.70727113506233	14.70727113506233
14.8166269431185	14.8166269431185
14.91604131495692	14.91604131495692
15.00641801657538	15.00641801657538
15.08857865367878	15.08857865367878
15.16327014319746	15.16327014319746
15.231171497709	15.231171497709
11.94616295586225	11.94616295586225
12.30652859979592	12.30652859979592
12.63413373137531	12.63413373137531
12.93195657799554	12.93195657799554
13.20270462047309	13.20270462047309
13.44883920437392	13.44883920437392
13.67259791667901	13.67259791667901
13.87601492833005	13.87601492833005
14.06093948487312	14.06093948487312
14.22905271701476	14.22905271701476
14.38188292651902	14.38188292651902
14.52081948079848	14.52081948079848
14.64712544005851	14.64712544005851
14.76194903909058	14.76194903909058
14.86633412903741	14.86633412903741
14.96122966576605	14.96122966576605
15.04749833512711	15.04749833512711
15.12592439843822	15.12592439843822
15.19722082045329	15.19722082045329
15.26203574885457	15.26203574885457
10.69667499999844	10.69667499999844
11.05024999999757	11.05024999999757
11.40382499999879	11.40382499999879
10.51988749999922	10.51988749999922
10.8734624999974	10.8734624999974
11.22703749999818	11.22703749999818
11.58061249999865	11.58061249999865
16.76882850489158	15.23117149510842
16.83672985948859	15.16327014051142
16.91142134908407	15.08857865091593
16.99358198625254	15.00641801374747
17.0839586879214	14.9160413120786
17.18337305979247	14.81662694020753
17.29272886785852	14.70727113214148
17.41302025784869	14.58697974215132
17.54534078631216	14.45465921368784
17.69089336614268	14.30910663385732
17.85100120509656	14.14899879490344
18.02711983022732	13.97288016977268
18.22085031773632	13.77914968226368
18.43395385294765	13.56604614705235
18.66836774160316	13.33163225839684
18.92622301981616	13.07377698018384
19.20986382541057	12.79013617458943
19.52186871165331	12.47813128834669
19.86507408687364	12.13492591312636
16.73796425244574	15.26203574755426
16.80277918219017	15.19722081780983
16.87407560428631	15.12592439571368
16.95250166766834	15.04749833233167
17.03877033708702	14.96122966291298
17.13366587385695	14.86633412614305
17.23805096382552	14.76194903617448
17.35287456285364	14.64712543714636
17.47918052208067	14.52081947791933
17.61811707622711	14.38188292377289
17.77094728561984	14.22905271438016
17.939060517662	14.060939482338
18.12398507398184	13.87601492601816
18.32740208534223	13.67259791465777
18.55116079727538	13.44883920272462
18.79729538070961	13.20270461929038
19.06804342261363	12.93195657738637
19.36586626853168	12.63413373146832
19.69347139926387	12.30652860073613
20.05383704343744	11.94616295656256
20.59617499999852	11.40382500000148
20.94974999999844	11.05025000000156
21.30332499999939	10.69667500000061
20.41938750000146	11.58061249999854
20.77296249999896	11.22703750000103
21.12653749999904	10.87346250000096
21.48011249999884	10.51988750000116
16.76882850489069	16.76882850489069
16.83672985948815	16.83672985948815
16.9114213490837	16.9114213490837
16.99358198625242	16.99358198625242
17.08395868792087	17.08395868792087
17.18337305979217	17.18337305979217
17.29272886785869	17.29272886785869
17.41302025784903	17.41302025784903
17.54534078631309	17.54534078631309
17.69089336614266	17.69089336614266
17.85100120509711	17.85100120509711
18.02711983022757	18.02711983022757
18.22085031773582	18.22085031773582
18.43395385294839	18.43395385294839
18.66836774160345	18.66836774160345
18.92622301981618	18.92622301981618
19.20986382541135	19.20986382541135
19.52186871165276	19.52186871165276
19.86507408687393	19.86507408687393
16.73796425244501	16.73796425244501
16.80277918218984	16.80277918218984
16.8740756042862	16.8740756042862
16.95250166766806	16.95250166766806
17.03877033708644	17.03877033708644
17.13366587385693	17.13366587385693
17.23805096382553	17.23805096382553
17.35287456285397	17.35287456285397
17.47918052208102	17.47918052208102
17.61811707622789	17.61811707622789
17.77094728561975	17.77094728561975
17.93906051766218	17.93906051766218
18.12398507398196	18.12398507398196
18.32740208534203	18.32740208534203
18.55116079727493	18.55116079727493
18.79729538071108	18.79729538071108
19.06804342261416	19.06804342261416
19.36586626853206	19.36586626853206
19.69347139926219	19.69347139926219
20.05383704343882	20.05383704343882
20.59617499999861	20.59617499999861
20.94974999999931	20.94974999999931
21.303325	21.303325
20.41938749999678	20.41938749999678
20.77296249999896	20.77296249999896
21.12653750000115	21.12653750000115
21.4801125	21.4801125
10.17137875678766	20.71992441829937
10.55997548734092	20.40524499054474
10.94857221789679	20.09056556278795
9.709942107633328	20.08481135696135
10.12930302164224	19.81247519511301
10.54866393565392	19.54013903326278
9.317420649027145	19.40494424759579
9.762951140560762	19.1779351236327
10.20848163209729	18.95092599966799
8.998114928209562	18.68777185652401
9.464933671969728	18.50857692991372
9.931752415732902	18.32938200330211
8.755523325476616	17.94115167454033
9.238515757618174	17.81173424239659
9.721508189762812	17.68231681025184
8.592303725192604	17.17326382859469
9.086178079556671	17.09504181538745
9.58005243392385	17.01681980217955
8.510244395455466	16.39252145862047
9.009589681265727	16.36635188109626
9.508934967079107	16.34018230357173
8.510244395454043	15.60747854140691
9.009589681264274	15.63364811893177
9.508934967077611	15.65981769645663
8.59230372518866	14.82673617143043
9.086178079552763	14.90495818463763
9.580052433919906	14.98318019784515
8.755523325470673	14.05884832548204
9.238515757612344	14.18826575762557
9.721508189756975	14.31768318976975
8.998114928203655	13.31222814349157
9.464933671963642	13.49142307010253
9.93175241572647	13.67061799671446
9.317420649021537	12.5950557524154
9.762951140555355	12.82206487637829
10.20848163209187	13.04907400034244
9.709942107628365	11.91518864304648
10.1293030216376	12.18752480489449
10.54866393564935	12.45986096674407
10.17137875678469	11.28007558170448
10.55997548733839	11.59475500945874
10.94857221789441	11.90943443721482
10.23972851311676	21.16896442302751
9.977080391511414	20.87726413217638
10.43402687839301	21.01162470915051
10.61081437839253	20.83483720915099
10.36567712206429	20.56258470442206
10.80511274366916	20.67749749527367
10.9819002436699	20.50070999527293
10.75427385261886	20.24790527666635
11.17619860894783	20.34337028139454
11.3529861089484	20.16658278139398
11.14287058317456	19.93322584890971
9.730979975206452	20.53853596855426
9.500261650629286	20.22097943788525
9.940660432210494	20.40236788763036
10.13495879748712	20.24502817375305
9.919622564637782	19.94864327603718
10.34463925449158	20.10886009282888
10.53893761976951	19.95152037895048
10.33898347864808	19.67630711418789
10.74861807677535	19.81535229802536
10.94291644205313	19.65801258414712
10.75834439265961	19.40397095233781
9.290916132563861	19.8583823642599
9.09465540326077	19.51844880957712
9.513681378330237	19.74487780227857
9.723361835334691	19.6087097213544
9.540185894793954	19.29143968561424
9.946127081101499	19.49520515937286
10.15580753810734	19.35903707844774
9.985716386329024	19.06443056165035
10.3785727838756	19.24553251646538
10.58825324088129	19.10936443554041
10.43124687786541	18.83742143768578
8.924358416738727	19.13595551536487
8.764705556329934	18.77736931982898
9.157767788618354	19.0463580520599
9.380533034385163	18.93285349007836
9.231524300089646	18.59817439321886
9.613942406265245	18.84325602677321
9.836707652033507	18.72975146479085
9.698343043851315	18.41897946660791
10.07011702391509	18.64015400148505
10.29288226968321	18.52664943950284
10.16516178761436	18.23978453999644
8.635322910772782	18.37917048160392
8.514027109406308	18.00586039061208
8.876819126843088	18.31446176553217
9.110228498723172	18.22486430222702
8.997019541547395	17.87644295846846
9.351724714793951	18.16015558615515
9.585134086675538	18.07055812284935
9.480011973690493	17.74702552632422
9.826630302747857	18.00584940677697
10.06003967462932	17.9162519434713
9.963004405835013	17.61760809417959
8.426976348153065	17.59631875817105
8.345366548011059	17.21237483519823
8.67391352533461	17.55720775156751
8.915409741405389	17.49249903549564
8.839240902374637	17.13415282199107
9.162346918587422	17.45338802889201
9.403843134659741	17.38867931281964
9.33311525674026	17.0559308087835
9.650780311843331	17.34956830621569
9.892276527915532	17.28485959014344
9.826989611107335	16.97770879557569
8.301601417419395	16.79597743236965
8.260571752550824	16.40560624738254
8.551274060324035	16.78289264360758
8.798211237506068	16.74378163700396
8.759917038360596	16.37943666985836
9.047883880411199	16.73069684824186
9.294821057594788	16.69158584163791
9.259262324172417	16.353267092334
9.544493700501478	16.67850105287564
9.791430877684963	16.63939004627179
9.758607609985706	16.32709751480955
8.260571752550124	15.98691521125128
8.260571752549414	15.5943937526445
8.510244395454755	16.00000000001369
8.759917038359884	15.98691521125159
8.759917038359159	15.62056333016934
9.009589681265	16.00000000001402
9.25926232417169	15.98691521125175
9.259262324170942	15.6467329076942
9.508934967078359	16.00000000001418
9.75860760998496	15.986915211252
9.758607609984198	15.67290248521914
8.304336883139786	15.17799634981514
8.345366548007096	14.7876251648269
8.551274060321351	15.21710735641867
8.800946703226467	15.2301921451811
8.839240902370712	14.86584717803403
9.047883880408518	15.2693031517847
9.297556523315187	15.28238794054713
9.333115256736335	14.94406919124139
9.544493700498759	15.32149894715089
9.794166343405346	15.3345837359134
9.826989611103411	15.02229120444899
8.432417309259304	14.37808353238459
8.51402710940031	13.9941396094104
8.673913525329667	14.44279224845623
8.920850702511718	14.48190325505983
8.997019541541508	14.12355704155381
9.162346918582553	14.5466119711316
9.409284095766125	14.58572297773536
9.480011973684659	14.25297447369766
9.650780311838441	14.65043169380745
9.897717489021945	14.68954270041128
9.963004405829231	14.3823919058419
8.643409754957627	13.5959407711815
8.76470555632412	13.22263068018626
8.876819126837164	13.6855382344868
9.118315342908	13.75024695055857
9.231524300083649	13.40182560679705
9.351724714787993	13.83984441386405
9.593220930860308	13.90455312993614
9.698343043845057	13.58102053340849
9.826630302741723	13.9941505932421
10.06812651881398	14.05885930931425
10.16516178760784	13.76021546002046
8.935002542846121	12.84013738597227
9.094655403255061	12.48155119043418
9.157767788612595	12.95364194795349
9.391177160492589	13.04323941125897
9.540185894788447	12.70856031439684
9.613942406259499	13.15674397324041
9.847351778140911	13.24634143654637
9.985716386323613	12.93556943836036
10.07011702390917	13.35984599852845
10.30352639579054	13.44944346183446
10.43124687786009	13.16257856232455
9.304000921320744	12.1189541168072
9.500261650624157	11.77902056212274
9.51368137832495	12.25512219773094
9.73644662409186	12.36862675971238
9.919622564632983	12.05135672397049
9.946127081096478	12.50479484063639
10.16889232686474	12.61829940261847
10.33898347864348	12.32369288581928
10.37857278387061	12.75446748354325
10.60133802963884	12.86797204552536
10.75834439265521	12.59602904766887
9.746362066930054	11.44029239849866
9.977080391508217	11.12273586782766
9.940660432206528	11.59763211237548
10.15034088921114	11.73380019329949
10.36567712206154	11.43741529558161
10.34463925448799	11.89113990717662
10.55431971149387	12.0273079881014
10.7542738526164	11.75209472333678
10.74861807677188	12.18464770197944
10.95829853377773	12.32081578290425
11.1428705831724	12.06677415109287
10.25723937839235	10.81158779085224
10.43402687839156	10.98837529085146
10.62832524366841	11.14571500472859
10.80511274366798	11.32250250472815
10.99941110894599	11.4798422186062
11.1761986089466	11.6566297186068
11.37049697422459	11.81396943248486
11.28007558170106	10.17137875678774
11.5947550094554	10.55997548734162
11.90943443721172	10.94857221789726
11.91518864304065	9.709942107632713
12.18752480488868	10.12930302164241
12.45986096673862	10.54866393565358
12.59505575240664	9.317420649026829
12.82206487636929	9.762951140561473
13.04907400033376	10.20848163209731
13.31222814347933	8.99811492820945
13.49142307008967	9.464933671970602
13.67061799670176	9.931752415732671
14.05884832546434	8.755523325476776
14.18826575760734	9.238515757619737
14.31768318975205	9.721508189763359
14.82673617140854	8.592303725193752
14.90495818461537	9.086178079559282
14.98318019782384	9.580052433925236
15.60747854138051	8.510244395457313
15.6336481189051	9.009589681269158
15.6598176964313	9.508934967081199
16.39252145859412	8.510244395456242
16.36635188106876	9.009589681268267
16.34018230354492	9.508934967080275
17.17326382856969	8.592303725191083
17.09504181536212	9.086178079557147
17.01681980215601	9.580052433923008
17.94115167451729	8.755523325473153
17.81173424237319	9.23851575761692
17.68231681023051	9.721508189760307
18.68777185650604	8.998114928205673
18.50857692989406	9.464933671967751
18.32938200328345	9.931752415729282
19.40494424758315	9.317420649024035
19.17793512361798	9.76295114055941
18.95092599965411	10.20848163209411
20.08481135695143	9.709942107630567
19.81247519510138	10.12930302164148
19.54013903325255	10.54866393565156
20.71992441829323	10.17137875678675
20.40524499053711	10.55997548734224
20.09056556278212	10.94857221789678
10.8310355769729	10.2397285131165
11.12273586782421	9.977080391511155
10.98837529084975	10.43402687839309
11.16516279084932	10.61081437839266
11.43741529557823	10.36567712206468
11.32250250472649	10.80511274366959
11.49929000472709	10.9819002436702
11.75209472333356	10.75427385261944
11.65662971860525	11.17619860894802
11.83341721860586	11.35298610894863
12.06677415108991	11.14287058317497
11.46146403144712	9.730979975205738
11.77902056211691	9.500261650628222
11.59763211237085	9.940660432210228
11.75497182624802	10.13495879748717
12.05135672396466	9.919622564637562
11.89113990717204	10.34463925449201
12.0484796210502	10.53893761976984
12.32369288581365	10.33898347864799
12.18464770197517	10.74861807677542
12.34198741585336	10.94291644205313
12.59602904766366	10.75834439265894
12.14161763574257	9.290916132562806
12.48155119042557	9.094655403259864
12.25512219772364	9.513681378329771
12.39129027864766	9.72336183533462
12.70856031438796	9.540185894794151
12.50479484062898	9.946127081101942
12.64096292155395	10.15580753810752
12.93556943835152	9.98571638632939
12.75446748353619	10.37857278387544
12.89063556446123	10.5882532408808
13.1625785623161	10.4312468778649
12.86404448463804	8.924358416737917
13.22263068017439	8.764705556329229
12.95364194794299	9.157767788618139
13.06714650992431	9.380533034385461
13.4018256067845	9.231524300090026
13.15674397322948	9.613942406266037
13.27024853521171	9.836707652033954
13.58102053339571	9.698343043851636
13.35984599851776	10.07011702391499
13.4733505605001	10.29288226968259
13.76021546000796	10.1651617876133
13.62082951840051	8.635322910771986
13.99413960939302	8.514027109405649
13.68553823447184	8.876819126843113
13.775135697777	9.110228498723689
14.12355704153584	8.997019541548257
13.8398444138485	9.35172471479517
13.92944187715455	9.585134086676204
14.2529744736797	9.480011973691548
13.99415059322691	9.826630302748015
14.08374805653311	10.06003967462864
14.38239190582462	9.963004405834685
14.40368124183317	8.426976348152845
14.78762516480527	8.345366548011334
14.44279224843644	8.673913525335264
14.50750096450794	8.915409741406744
14.86584717801196	8.839240902376517
14.54661197111136	9.16234691858951
14.61132068718371	9.40384313466132
14.94406919121961	9.333115256742259
14.65043169378795	9.650780311844297
14.71514040986051	9.892276527915623
15.02229120442834	9.826989611107656
15.20402256763233	8.301601417419949
15.59439375261831	8.26057175255173
15.21710735639452	8.551274060325532
15.25621836299794	8.798211237508298
15.6205633301428	8.759917038363236
15.26930315176024	9.04788388041422
15.30841415836447	9.294821057597197
15.6467329076682	9.259262324175179
15.32149894712757	9.544493700503217
15.36060995373207	9.791430877685638
15.67290248519471	9.758607609986608
16.01308478875006	8.260571752551094
16.40560624735687	8.260571752550558
15.99999999998731	8.510244395456777
16.01308478874961	8.759917038362701
16.37943666983143	8.759917038362254
15.99999999998693	9.009589681268713
16.01308478875003	9.259262324174733
16.35326709230684	9.259262324174271
15.99999999998811	9.508934967080737
16.01308478875152	9.758607609986147
16.32709751478338	9.758607609985622
16.82200365018572	8.304336883140941
17.21237483517351	8.345366548008361
16.7828926435819	8.551274060323664
16.76980785481922	8.800946703229675
17.1341528219659	8.839240902374115
16.73069684821544	9.047883880412707
16.71761205945352	9.297556523318711
17.05593080875906	9.333115256740077
16.67850105285046	9.544493700501642
16.66541626408893	9.794166343406989
16.97770879555339	9.826989611105246
17.62191646761552	8.432417309260531
18.00586039058932	8.514027109401566
17.55720775154349	8.673913525332118
17.5180967449397	8.92085070251515
17.87644295844524	8.997019541545036
17.45338802886765	9.162346918587033
17.4142770222646	9.409284095769964
17.74702552630185	9.480011973688613
17.34956830619326	9.650780311841658
17.31045729959065	9.897717489023895
17.61760809415967	9.963004405831281
18.4040592288176	8.643409754958652
18.77736931981198	8.764705556324913
18.31446176551166	8.876819126839413
18.24975304943961	9.118315342911297
18.59817439320005	9.231524300086711
18.16015558613363	9.351724714792336
18.09544687006229	9.593220930864028
18.41897946658875	9.698343043848517
18.00584940675698	9.826630302744794
17.94114069068613	10.06812651881577
18.23978453997868	10.16516178760932
19.1598626140271	8.935002542847416
19.51844880956565	9.094655403256596
19.04635805204459	9.157767788614855
18.9567605887386	9.391177160495893
19.29143968560057	9.540185894791723
18.84325602675602	9.613942406263581
18.75365856345072	9.847351778144347
19.06443056163605	9.985716386326757
18.64015400146878	10.07011702391169
18.55055653816401	10.30352639579173
18.83742143767276	10.43124687786072
19.88104588319221	9.304000921322078
20.22097943787635	9.500261650625346
19.74487780226729	9.513681378327302
19.63137324028471	9.736446624094988
19.9486432760264	9.919622564636022
19.49520515935968	9.946127081100443
19.38170059737774	10.16889232686779
19.67630711417696	10.33898347864652
19.24553251645333	10.37857278387283
19.13202795447198	10.60133802963945
19.40397095232876	10.75834439265587
20.55970760150025	9.746362066931123
20.87726413217115	9.977080391509215
20.40236788762233	9.940660432208661
20.2661998066973	10.15034088921412
20.56258470441517	10.3656771220645
20.10886009281925	10.34463925449186
19.97269201189483	10.5543197114969
20.24790527665962	10.75427385261951
19.81535229801733	10.74861807677417
19.67918421709354	10.95829853377848
19.93322584890529	11.14287058317334
21.18841220914662	10.25723937839338
21.01162470914631	10.43402687839368
20.85428499526825	10.62832524367142
20.67749749526778	10.8051127436719
20.52015778139028	10.99941110894917
20.34337028139032	11.17619860894913
20.18603056751349	11.37049697422569
21.05142778210044	11.90943443721449
21.45133606434518	12.45986096674261
21.79151836790136	13.04907400033751
22.06824758426602	13.67061799670542
22.27849181023526	14.31768318975529
22.41994756607345	14.98318019782712
22.4910650329175	15.65981769643443
22.49106503291846	16.34018230354736
22.41994756607581	17.01681980215816
22.27849181023866	17.68231681023221
22.0682475842699	18.32938200328468
21.7915183679054	18.95092599965476
21.45133606434838	19.54013903325265
21.05142778210265	20.09056556278296
21.44002451265474	11.59475500945921
21.87069697835505	12.18752480489349
22.23704885943587	12.82206487637337
22.53506632802691	13.49142307009338
22.76148424237794	14.18826575761047
22.91382192043874	14.90495818461858
22.99041031872915	15.63364811890831
22.99041031873032	16.36635188107142
22.91382192044171	17.09504181536466
22.7614842423822	17.81173424237557
22.53506632803168	18.50857692989614
22.23704885944046	19.17793512361952
21.87069697835884	19.81247519510253
21.44002451265795	20.40524499053863
21.82862124321013	11.28007558170295
22.29005789236603	11.91518864304343
22.68257935097148	12.59505575240835
23.00188507178892	13.31222814348054
23.24447667452171	14.05884832546493
23.40769627480509	14.8267361714094
23.4897556045418	15.60747854138162
23.4897556045431	16.392521458595
23.40769627480844	17.17326382857077
23.24447667452647	17.94115167451861
23.00188507179407	18.68777185650737
22.682579350976	19.40494424758411
22.29005789236962	20.08481135695232
21.82862124321341	20.71992441829425
20.62950302577311	11.81396943248503
20.82380139104948	11.65662971860798
20.85712941682407	12.06677415109153
21.04170146621874	12.32081578290262
21.25138192322281	12.18464770197855
21.24165560734111	12.59602904766668
21.39866197035696	12.86797204552175
21.62142721612327	12.75446748354006
21.56875312213506	13.1625785623192
21.69647360420425	13.44944346182723
21.92988297608369	13.35984599852147
21.83483821238658	13.76021546001119
21.93187348118036	14.05885930930262
22.17336969725064	13.99415059323036
22.03699559416498	14.38239190582756
22.10228251097281	14.68954270039546
22.34921968815436	14.65043169379121
22.1730103888919	15.02229120443137
22.20583365659078	15.33458373589395
22.45550629949547	15.32149894713078
22.24139239001281	15.6729024851976
22.24139239001321	15.9869152112291
22.49106503291798	15.99999999999089
22.2413923900137	16.32709751478556
22.20856912231536	16.63939004624987
22.45550629949713	16.67850105285276
22.17301038889403	16.97770879555527
22.10772347208664	17.28485959012399
22.34921968815723	17.34956830619519
22.03699559416807	17.61760809416102
21.93996032537456	17.91625194345332
22.17336969725428	18.00584940675844
21.83483821239017	18.23978453997955
21.70711773032127	18.52664943948807
21.92988297608765	18.64015400146972
21.56875312213902	18.83742143767311
21.41174675912279	19.10936443552959
21.62142721612689	19.2455325164537
21.24165560734428	19.40397095232854
21.05708355794895	19.65801258414091
21.25138192322552	19.81535229801781
20.85712941682608	19.93322584890607
20.64701389105132	20.16658278139148
20.82380139105063	20.34337028139079
21.00058889104944	11.47984221860803
21.19488725632659	11.32250250473039
21.24572614737759	11.75209472333685
21.44568028849996	12.02730798810091
21.6553607455049	11.89113990717635
21.66101652135011	12.32369288581805
21.83110767312821	12.6182994026155
22.05387291889546	12.50479484063343
22.01428361366862	12.93556943835544
22.15264822185095	13.2463414365394
22.38605759373139	13.15674397323337
22.30165695614647	13.5810205333994
22.40677906913109	13.90455312992433
22.64827528520242	13.83984441385193
22.5199880263066	14.25297447368288
22.59071590422569	14.5857229777188
22.83765308140834	14.54661197111453
22.66688474325609	14.94406919122285
22.70244347667812	15.28238794052651
22.95211611958395	15.26930315176345
22.74073767582333	15.64673290767137
22.74073767582381	15.98691521122783
22.99041031872973	15.99999999998986
22.74073767582439	16.35326709230939
22.70517894240306	16.69158584161479
22.95211611958601	16.73069684821804
22.66688474325876	17.05593080876141
22.59615686534018	17.38867931279844
22.83765308141195	17.45338802887012
22.51998802631043	17.74702552630389
22.41486591332605	18.07055812283012
22.64827528520694	18.16015558613586
22.30165695615079	18.41897946659041
22.16329234796854	18.72975146477545
22.38605759373607	18.84325602675783
22.01428361367293	19.06443056163714
21.84419246189442	19.35903707843608
22.05387291889965	19.49520515936102
21.66101652135361	19.67630711417759
21.46106238023074	19.95152037894275
21.65536074550839	20.10886009282058
21.2457261473803	20.2479052766608
21.01809975632828	20.50070999526862
21.19488725632863	20.67749749526897
21.37167475632707	11.14571500472991
21.56597312160476	10.98837529085178
21.63432287793243	11.43741529558108
21.84965911078259	11.73380019329822
22.05933956778808	11.59763211237319
22.08037743536054	12.05135672396846
22.26355337590095	12.3686267597084
22.48631862166875	12.25512219772589
22.45981410520368	12.70856031439086
22.6088228394992	13.04323941125087
22.8422322113802	12.95364194794444
22.76847569990792	13.40182560678696
22.88168465708343	13.7502469505455
23.12318087315531	13.68553823447273
23.00298045844982	14.1235570415377
23.07914929748022	14.48190325504176
23.3260864746634	14.44279224843717
23.16075909762192	14.86584717801399
23.19905329676712	15.23019214515885
23.44872593967344	15.21710735639551
23.24008296163547	15.62056333014497
23.24008296163606	15.98691521122652
23.48975560454245	15.99999999998831
23.24008296163671	16.37943666983321
23.2017887624924	16.74378163697983
23.44872593967577	16.78289264358288
23.16075909762507	17.13415282196772
23.08459025859532	17.49249903547317
23.32608647466746	17.55720775154469
23.00298045845434	17.87644295844709
22.88977150127908	18.22486430220738
23.12318087316027	18.31446176551299
22.76847569991288	18.59817439320176
22.61946696561727	18.93285349006344
22.84223221138504	19.04635805204574
22.45981410520823	19.29143968560181
22.27663816466742	19.60870972134332
22.48631862167281	19.74487780226821
22.08037743536423	19.94864327602743
21.86504120251379	20.24502817374548
22.05933956779152	20.40236788762329
21.63432287793568	20.56258470441644
21.38918562160636	20.83483720914678
21.56597312160671	21.01162470914712
21.74276062160506	10.81158779085147
22.02291960848761	11.12273586782495
22.25363793306556	11.4402923984952
22.49973834937128	11.77902056211851
22.69599907867401	12.11895411680097
22.90534459673903	12.48155119042592
23.06499745714775	12.84013738596201
23.23529444366964	13.22263068017415
23.35659024503603	13.59594077116635
23.48597289059329	13.99413960939217
23.56758269073498	14.3780835323644
23.65463345198794	14.78762516480478
23.6956631168563	15.17799634979089
23.73942824744779	15.59439375261821
23.73942824744844	15.9869152112249
23.73942824744914	16.40560624735668
23.69839858258182	16.79597743234457
23.65463345199146	17.21237483517368
23.57302365185047	17.5963187581476
23.48597289059825	18.00586039058996
23.36467708923205	18.37917048158434
23.23529444367491	18.77736931981277
23.07564158326588	19.13595551535114
22.90534459674341	19.51844880956615
22.70908386744022	19.85838236425026
22.49973834937466	20.22097943787693
22.26902002479655	20.5385359685479
22.0229196084908	20.87726413217175
21.76027148688409	21.16896442302462
20.09056556278529	21.0514277821008
19.54013903325886	21.45133606434448
18.95092599966431	21.79151836790081
18.32938200329851	22.06824758426504
17.68231681024869	22.27849181023491
17.01681980217639	22.41994756607383
16.34018230356875	22.49106503291853
15.65981769645439	22.49106503292004
14.98318019784323	22.41994756607784
14.31768318976831	22.27849181024097
13.6706179967135	22.06824758427179
13.04907400034207	21.79151836790685
12.45986096674424	21.45133606434997
11.90943443721421	21.05142778210462
20.40524499054156	21.44002451265574
19.81247519510877	21.87069697835516
19.17793512362918	22.23704885943619
18.50857692991057	22.53506632802711
17.81173424239404	22.76148424237859
17.09504181538487	22.91382192044026
16.36635188109373	22.99041031873135
15.63364811892983	22.99041031873297
14.90495818463583	22.91382192044472
14.18826575762398	22.7614842423854
13.49142307010126	22.53506632803446
12.82206487637757	22.23704885944328
12.18752480489415	21.87069697836161
11.59475500945798	21.44002451266088
20.71992441829799	21.8286212432105
20.08481135695903	22.2900578923655
19.40494424759454	22.68257935097108
18.68777185652327	23.00188507178855
17.94115167454021	23.24447667452147
17.17326382859432	23.40769627480572
16.39252145861986	23.48975560454303
15.60747854140657	23.48975560454462
14.8267361714299	23.40769627481014
14.05884832548127	23.24447667452822
13.31222814349081	23.00188507179535
12.59505575241503	22.68257935097778
11.91518864304618	22.29005789237116
11.28007558170402	21.82862124321488
20.18603056751481	20.62950302577333
20.34337028139196	20.82380139104971
19.93322584890815	20.85712941682442
19.67918421709803	21.04170146621842
19.81535229802208	21.25138192322264
19.40397095233482	21.24165560734026
19.13202795447999	21.3986619703561
19.24553251646159	21.62142721612265
18.83742143768272	21.56875312213426
18.55055653817615	21.69647360420303
18.64015400148141	21.92988297608293
18.23978453999325	21.83483821238514
17.94114069070159	21.93187348117927
18.0058494067736	22.17336969724997
17.61760809417668	22.0369955941642
17.31045729960887	22.10228251097227
17.34956830621254	22.34921968815437
16.97770879557272	22.17301038889173
16.66541626411055	22.20583365659083
16.67850105287257	22.45550629949618
16.32709751480674	22.24139239001318
16.01308478877424	22.24139239001382
16.00000000001157	22.49106503291928
15.67290248521705	22.24139239001457
15.3606099537528	22.20856912231643
15.32149894714881	22.45550629949894
15.02229120444722	22.17301038889534
14.71514040987813	22.10772347208804
14.65043169380577	22.34921968815941
14.38239190584067	22.03699559416961
14.08374805654713	21.93996032537579
13.9941505932409	22.17336969725638
13.76021546001972	21.83483821239119
13.47335056051005	21.70711773032173
13.35984599852778	21.92988297608932
13.16257856232434	21.56875312213926
12.89063556446814	21.41174675912307
12.75446748354315	21.62142721612841
12.59602904766923	21.24165560734463
12.34198741585722	21.0570835579495
12.18464770197922	21.25138192322729
12.0667741510922	20.85712941682682
11.8334172186071	20.64701389105231
11.65662971860654	20.82380139105287
20.5201577813923	21.00058889105005
20.67749749527043	21.19488725632752
20.24790527666342	21.24572614737827
19.97269201190021	21.44568028850011
20.10886009282517	21.65536074550545
19.67630711418382	21.66101652134982
19.38170059738654	21.83110767312799
19.49520515936898	22.05387291889568
19.06443056164675	22.0142836136685
18.75365856346385	22.15264822185062
18.84325602676988	22.38605759373165
18.41897946660454	22.30165695614608
18.09544687007963	22.40677906913101
18.1601555861523	22.64827528520285
17.74702552632137	22.51998802630675
17.41427702228521	22.59071590422621
17.45338802888946	22.83765308140942
17.05593080878063	22.66688474325704
16.71761205947681	22.70244347667939
16.7306968482393	22.9521161195858
16.35326709233124	22.74073767582494
16.01308478877406	22.74073767582569
16.00000000001178	22.99041031873216
15.64673290769211	22.74073767582651
15.30841415838653	22.70517894240541
15.26930315178283	22.95211611958884
14.94406919123953	22.66688474326128
14.61132068720207	22.59615686534285
14.54661197112991	22.83765308141506
14.25297447369615	22.51998802631319
13.92944187716874	22.4148659133286
13.83984441386262	22.64827528520993
13.58102053340738	22.30165695615312
13.27024853522166	22.16329234797066
13.15674397323942	22.38605759373887
12.93556943835982	22.01428361367507
12.64096292156091	21.84419246189663
12.50479484063586	22.05387291890245
12.32369288581919	21.66101652135579
12.04847962105418	21.46106238023312
11.89113990717606	21.65536074551125
11.75209472333609	21.24572614738275
11.49929000472843	21.018099756331
11.32250250472769	21.19488725633174
20.85428499527078	21.37167475632787
21.011624709149	21.56597312160525
20.56258470441978	21.63432287793312
20.26619980670338	21.84965911078283
20.40236788762851	22.059339567788
19.94864327603391	22.08037743536033
19.63137324029411	22.26355337590084
19.74487780227678	22.48631862166829
19.29143968561186	22.45981410520363
18.95676058875255	22.6088228394991
19.04635805205891	22.84223221137982
18.59817439321692	22.76847569990783
18.24975304945865	22.88168465708357
18.31446176553174	23.12318087315501
17.87644295846712	23.00298045845003
17.51809674496254	23.07914929748086
17.55720775156727	23.3260864746636
17.13415282198959	23.16075909762299
16.76980785484403	23.19905329676853
16.78289264360709	23.44872593967438
16.3794366698568	23.24008296163719
16.01308478877485	23.240082961638
16.00000000001322	23.48975560454383
15.6205633301682	23.2400829616388
15.2562183630212	23.20178876249467
15.21710735641823	23.44872593967738
14.86584717803287	23.16075909762743
14.50750096452694	23.08459025859777
14.44279224845559	23.32608647466918
14.12355704155263	23.00298045845681
13.77513569779127	22.88977150128134
13.68553823448604	23.12318087316178
13.40182560679604	22.76847569991491
13.06714650993419	22.61946696561932
12.95364194795292	22.84223221138656
12.7085603143963	22.45981410521053
12.39129027865459	22.27663816466969
12.2551221977306	22.48631862167447
12.05135672397016	22.08037743536639
11.75497182625208	21.86504120251602
11.5976321123751	22.05933956779302
11.437415295581	21.63432287793788
11.16516279085071	21.38918562160874
10.98837529085119	21.56597312160827
21.188412209149	21.74276062160525
20.87726413217589	22.02291960848751
20.55970760150641	22.253637933065
20.22097943788388	22.49973834937026
19.88104588320164	22.69599907867305
19.518448809577	22.90534459673809
19.15986261404136	23.06499745714682
18.77736931982945	23.2352944436688
18.40405922883792	23.35659024503526
18.00586039061316	23.48597289059243
17.62191646764022	23.56758269073455
17.21237483519897	23.65463345198796
16.82200365021174	23.69566311685661
16.40560624738289	23.73942824744839
16.01308478877625	23.73942824744918
15.59439375264496	23.73942824744995
15.20402256765662	23.69839858258271
14.78762516482701	23.65463345199236
14.40368124185269	23.5730236518514
13.99413960941004	23.48597289059914
13.62082951841481	23.36467708923271
13.22263068018576	23.23529444367534
12.86404448464787	23.07564158326655
12.48155119043398	22.90534459674458
12.14161763574955	22.70908386744128
11.77902056212245	22.49973834937552
11.46146403145137	22.26902002479738
11.12273586782735	22.0229196084915
10.83103557697451	21.76027148688488
12.560109446025	20.24791106357277
13.02298114184738	20.58420703555785
13.51846967925551	20.87027747594912
14.04114638214707	21.10298813713801
14.58528469518604	21.27978939242087
15.14492292514465	21.39874417024518
15.71392955846263	21.4585491771707
16.28607043939017	21.45854917702494
16.85507707270423	21.3987441698085
17.41471530266016	21.27978939169373
17.95885361569615	21.10298813612101
18.48153031858228	20.87027747464411
18.97701885598799	20.58420703396425
19.4398905518069	20.24791106169202
12.86555997611671	19.87071107254438
13.28733024658613	20.17714511105432
13.73882109453182	20.43781347359913
14.21508589174422	20.64986022305085
14.7109065814385	20.8109621308473
15.22085084837982	20.91935413077254
15.73933163646584	20.97384865739159
16.26066836168084	20.97384865726571
16.77914914976318	20.91935413039541
17.28909341670165	20.81096213021945
17.7849141063937	20.64986022217261
18.26117890360137	20.43781347247219
18.71266975154492	20.1771451096782
19.13444002201119	19.87071107092041
13.14324227590739	19.52780199015195
13.52764761427675	19.80708881644003
13.9391405627529	20.04466438096656
14.37321271848287	20.2379257561312
14.82510829609152	20.38475552986376
15.2898762330643	20.48354500443599
15.76242443462383	20.53321182169026
16.2375755637848	20.53321182158208
16.71012376534086	20.48354500411197
17.1748917023107	20.38475552932445
17.62678727991779	20.23792575537668
18.06085943564366	20.04466437999839
18.4723523841179	19.80708881525779
18.8567577224844	19.52780198875693
13.39568073018103	19.21606646080322
13.7461179484695	19.47067400326031
14.12124917016599	19.6872561150489
14.51696437910522	19.86343987722995
14.928928036648	19.99729498363506
15.35262658275265	20.08735488970653
15.78341788748248	20.13263288026617
16.21658211115242	20.13263288017329
16.64737341587898	20.08735488942841
17.07107196198058	19.99729498317228
17.48303561952241	19.86343987658235
17.87875082845812	19.68725611421792
18.25388205015293	19.47067400224564
18.60431926843879	19.21606645960602
13.62517023441548	18.93267052459936
13.94472734349204	19.16484235444826
14.28680244988351	19.36233950917285
14.64764770714126	19.5229981686175
15.0233096191139	19.64505812288837
15.40967235528114	19.72718205758304
15.80250284465298	19.76847020568651
16.19749715418161	19.76847020560716
16.59032764355037	19.72718205734544
16.97669037971445	19.64505812249316
17.3523522916867	19.5229981680643
17.71319754894144	19.36233950846302
18.05527265533145	19.16484235358151
18.37482976440564	18.93267052357682
13.83379705588181	18.67503785602006
14.12528133847772	18.88681358355272
14.43730543103654	19.06696077735666
14.76645073230566	19.21350570707878
15.10911105748533	19.32484279580174
15.46153214834643	19.39975221108214
15.81985280566771	19.43741322968949
16.18014719334325	19.43741322962207
16.5384678506616	19.39975221088034
16.89088894151945	19.32484279546625
17.23354926669924	19.213505706609
17.56269456796583	19.06696077675384
17.87471866052338	18.88681358281665
18.16620294311713	18.6750378551518
14.02345780272569	18.44082633905909
14.2894213339674	18.6340601553891
14.57412632303327	18.79843465744175
14.8744534824854	18.9321489237754
15.1871123651165	19.03373795290591
15.50867741478044	19.10208871417085
15.83562549750037	19.13645234232566
16.16437450166315	19.13645234226859
16.49132258438031	19.10208871400005
16.81288763404092	19.03373795262211
17.12554651667258	18.93214892337781
17.42587367612263	18.79843465693154
17.7105786651874	18.63406015476614
17.97654219642714	18.44082633832437
14.19587666433684	18.22790677714285
14.43863951241548	18.40428431047862
14.69850895272963	18.55432000177789
14.97263780131058	18.67637002861017
15.25802264512743	18.76909718534034
15.55153674811096	18.83148553383456
15.84996430832622	18.86285153429041
16.15003569097314	18.86285153424254
16.44846325118576	18.83148553369138
16.7419773541659	18.76909718510258
17.02736219798372	18.67637002827689
17.30149104656298	18.55432000135017
17.56136048687619	18.4042843099564
17.80412333495304	18.22790677652703
14.35262108408761	18.03434353890757
14.57429240200358	18.19539717860167
14.81158407070981	18.33239758738879
15.06189627302798	18.44384376012148
15.32248653608768	18.52851466920924
15.59049977843529	18.58548264245338
15.86299959090135	18.61412352681705
16.1370004085161	18.6141235267772
16.40950022097966	18.58548264233421
16.6775134633238	18.52851466901153
16.93810372638487	18.44384375984415
17.18841592870169	18.33239758703283
17.42570759740713	18.19539717816706
17.64737891532147	18.03434353839519
14.49511600930326	17.85837696095646
14.69761320913701	18.00549978842908
14.91437963119179	18.13064994054032
15.14304033718674	18.23245624603468
15.38109007257615	18.3098032937245
15.62592071464464	18.36184365316928
15.87484984764268	18.38800715930022
16.12515015189748	18.38800715926868
16.37407928489313	18.36184365307502
16.61890992695808	18.30980329356832
16.8569596623492	18.23245624581536
17.08562036834315	18.1306499402588
17.30238679039726	18.00549978808538
17.50488399022951	17.8583769605514
14.62465684944096	17.69840734582517
14.80972303296305	17.83286579864226
15.00783014001603	17.94724299021624
15.21680766767884	18.04028578010159
15.4343660144266	18.11097477202163
15.65812156548612	18.15853548258823
15.88562280821519	18.18244682670314
16.11437719139104	18.18244682667612
16.34187843411781	18.15853548250751
16.56563398517374	18.11097477188803
16.78319233192352	18.04028577991379
16.9921698595856	17.9472429899751
17.19027696663804	17.83286579834784
17.37534315015876	17.69840734547825
14.74242125077871	17.55298042148341
14.91164105567363	17.67592580631438
15.09278514891509	17.78050939730018
15.28386887791104	17.86558535473276
15.48279868933938	17.93022156861899
15.68739506655827	17.97370987107362
15.89541640884341	17.99557379515389
16.10458359083789	17.99557379513198
16.31260493312083	17.97370987100823
16.51720131033607	17.93022156851095
16.71613112176671	17.86558535458061
16.90721485076221	17.78050939710476
17.08835894400324	17.67592580607577
17.25757874889692	17.55298042120237
14.84947979787185	17.42077412610515
15.00429380395775	17.5332530854527
15.17001697549134	17.6289334031412
15.34483361472575	17.70676678558793
15.52682839397848	17.765900473967
15.71400734036423	17.80568658721413
15.90431968217571	17.82568922034631
16.09568031757118	17.82568922032886
16.28599265938055	17.80568658716212
16.4731716057626	17.76590047388129
16.6551663850179	17.70676678546696
16.8299830242521	17.62893340298574
16.99570619578535	17.5332530852629
17.1505202018701	17.4207741258817
14.9468057488674	17.30058658597208
15.08852357433964	17.40355061315043
15.24022772626921	17.49113704609839
15.40025610222162	17.5623862695282
15.5668553978216	17.61651766203804
15.73820031632455	17.65293814876404
15.91241356694614	17.67124869923165
16.0875864328568	17.67124869921803
16.26179968347635	17.65293814872349
16.43314460197556	17.61651766197144
16.59974389757834	17.5623862694339
16.75977227353077	17.49113704597711
16.91147642546007	17.40355061300234
17.05319425093129	17.30058658579788
15.0352838869352	17.19132518486377
15.16509609355995	17.28563927362808
15.30405568209776	17.36586762947247
15.45064018221756	17.43113125374168
15.60324358346108	17.4807151045109
15.7601939310312	17.51407593073526
15.91977164407497	17.53084822422095
16.08022835577533	17.53084822421057
16.23980606881713	17.5140759307044
16.39675641638348	17.48071510446048
16.54935981763001	17.43113125366995
16.69594431775004	17.36586762938012
16.83490390628766	17.2856392735153
16.96471611291148	17.19132518473122
15.11571855787477	17.09199663843981
15.23470747464221	17.17844714683061
15.36208109646455	17.2519863416742
15.49644389128656	17.311808512163
15.6363237522108	17.35725823407857
15.78018812621051	17.3878375507569
15.92646080509763	17.40321142880489
16.07353919479363	17.40321142879731
16.21981187367884	17.38783755073444
16.36367624767475	17.35725823404215
16.50355610860218	17.3118085121108
16.6379189034246	17.25198634160689
16.76529252524683	17.1784471467484
16.88428144201342	17.09199663834331
15.18884098536548	17.00169796065776
15.29799054780256	17.08099975968009
15.41483147270226	17.14845789912109
15.5380836264409	17.20333329348872
15.66639663262982	17.24502471647891
15.79836466712337	17.27307538813721
15.93254186051852	17.28717797943451
16.06745813940707	17.28717797942928
16.20163533280038	17.27307538812181
16.33360336729008	17.24502471645426
16.46191637348238	17.20333329345294
16.58516852722159	17.1484578990748
16.70200945212126	17.08099975962352
16.81115901455756	17.00169796059152
15.25531592056753	16.91960825220026
15.35552061528073	16.99241122441435
15.46278636099842	17.05434113157794
15.5759379317637	17.10471945666859
15.6937356152887	17.14299424421438
15.81488879550341	17.16874614763378
15.93807009281142	17.18169302368356
16.06192990714316	17.18169302368032
16.18511120444937	17.16874614762433
16.30626438466021	17.14299424419968
16.42406206818875	17.10471945664669
16.53721363895476	17.05434113154941
16.64447938467247	16.99241122437948
16.74468407938496	16.91960825215959
15.31574768021347	16.84498124405271
15.40782067694574	16.91187619185922
15.50638171426247	16.96878043328499
15.61035093681357	17.01507051355311
15.71858923603972	17.05023926885748
15.82991073048581	17.07390138295579
15.94309575856207	17.08579760877395
16.0569042414166	17.08579760877237
16.17008926949111	17.07390138295132
16.2814107639333	17.05023926885108
16.38964906316315	17.01507051354278
16.4936182857151	16.96878043327127
16.59217932303192	16.9118761918424
16.68425231976354	16.84498124403335
12.17951988796357	20.26395257029604
12.34751767849097	20.05649257630792
12.3921116554976	20.4553710575609
12.64615328730961	20.63994310695603
12.79154529393618	20.41605904956531
12.8775891352208	20.80809109294857
13.14953213307699	20.96509745596475
13.27072541055145	20.72724225575348
13.39727640178106	21.10813267616039
13.68414130129073	21.23585315822986
13.77980803070129	20.98663280654356
13.94547965273651	21.3522084888243
14.24412350203005	21.44924375761813
14.31321553866655	21.19138876477944
14.51619265854954	21.53764438525956
14.82334345311862	21.60293130206685
14.86510381016534	21.33926678133303
15.10316256809793	21.66240869097901
15.41545509956219	21.69523195867715
15.42942624180364	21.42864667370794
15.69995841622118	21.72513446213991
16.01397114225368	21.72513446213927
15.9999999989264	21.45854917709782
16.30004158271744	21.72513446206639
16.61233411417961	21.69231119436728
16.5705737560472	21.42864667341672
16.89683743083664	21.66240869075906
17.20398822540445	21.597121773951
17.13489618768219	21.33926678075112
17.48380734038242	21.53764438489361
17.78245118967407	21.44060911609949
17.68678445917815	21.19138876390737
18.05452034619206	21.35220848831313
18.34138524569864	21.22448800624436
18.22019196713921	20.98663280538256
18.6027235971417	21.10813267550591
18.87466659499653	20.95112631249008
18.72927458728513	20.72724225430418
19.12241086369938	20.80809109215015
19.37645249550949	20.62351904275614
19.20845470389744	20.41605904782813
19.60788834341895	20.45537105662003
19.84124527590345	20.24525553084601
19.65248231934041	20.05649257428298
12.51912036624962	19.88488988854926
12.67184563129548	19.69628989303506
12.71283471107085	20.05931106805858
12.94427055898204	20.22745905405112
13.07644511135142	20.02392809179935
13.15515569421675	20.38067607330608
13.40289996292082	20.52371129350172
13.51307567055898	20.30747929232672
13.62864538689367	20.65404547477412
13.88998373833945	20.77040080536857
13.97695349313802	20.54383684832499
14.12811613694564	20.87642418009443
14.40018529346513	20.96482480773587
14.46299623659136	20.73041117694908
14.64809563831227	21.04537576163408
14.92791475329158	21.10485315054624
14.96587871490916	20.86515813080992
15.18288688676224	21.15904915050886
15.46739020342123	21.18895165397162
15.48009124242283	20.94660139408207
15.72663059746424	21.21619891728115
16.012701037928	21.21619891720827
15.99999999907334	20.97384865732865
16.2733694005355	21.21619891714532
16.55787271719253	21.1862964135371
16.51990875572201	20.94660139383056
16.8171131112337	21.15904915010196
17.09693222621167	21.09957176104457
17.03412128323242	20.86515813030743
17.3519043596809	21.04537576095659
17.6239735161989	20.95697513317023
17.53700376154768	20.73041117619603
17.87188386104492	20.87642417914681
18.13322221248799	20.76006884840836
18.02304650499753	20.5438368473224
18.37135461109182	20.65404547355815
18.61909887979468	20.51101025321822
18.48692432757314	20.30747929107519
18.84484430376645	20.38067607182122
19.07628015167591	20.21252808568511
18.92355488677805	20.0239280902993
19.28716528690904	20.05931106630621
19.49975705444256	19.86789257889717
19.32815436683197	19.69628989128659
12.82784807454821	19.54028744978234
12.96668922444355	19.36883290858613
13.00440112601205	19.69925653134817
13.21528626124676	19.85247355060314
13.33544494509207	19.66744540329599
13.40748893043144	19.99211696374717
13.63323435440429	20.12245114501957
13.73339408851483	19.92587659870329
13.83898082864236	20.24123892728284
14.07711322724856	20.34726230200871
14.15617664061789	20.14129506854889
14.29414930511354	20.44389298959103
14.54205964996068	20.52444394348925
14.59916050728719	20.31134064299748
14.76800743876501	20.59785883035553
15.02297957223567	20.65205483031815
15.05749226457791	20.43415026714987
15.25536354072206	20.70144956760426
15.51460393476507	20.72869683091379
15.52615033384406	20.50837841306312
15.75087803554483	20.75353023954093
16.01154639815233	20.75353023947798
15.99999999920431	20.53321182163617
16.24912196273281	20.75353023942389
16.50836235677399	20.72628297598875
16.47384966456283	20.50837841284702
16.74463645755202	20.70144956725369
16.99960859102126	20.64725356716571
16.94250773382578	20.43415026671821
17.23199255950618	20.59785882977195
17.4799029043522	20.51730787574853
17.40083949111425	20.31134064235057
17.70585069315575	20.44389298877464
17.94398309175958	20.33786961392443
17.84382335778073	20.14129506768754
18.16101916962252	20.24123892623529
18.38676459359429	20.11090474483829
18.26660590988078	19.92587659762809
18.59251106783141	19.992116962468
18.80339620306455	19.8388999430891
18.66455505330115	19.66744540200736
18.9955988722478	19.69925652983867
19.18931321706858	19.52483535020485
19.03331077394788	19.36883290708414
13.10850962735521	19.22701250567447
13.23472885449203	19.0711447410001
13.26946150304421	19.37193422547758
13.46166417222889	19.51157763862162
13.57089933932526	19.34337023203177
13.63688278137312	19.63888140985017
13.8426292556112	19.75766919211344
13.93368355931774	19.5789650591546
14.03019486645944	19.86596024800773
14.24723094432442	19.96259093559005
14.3191067746356	19.77534799613942
14.44508854879404	20.05068281668058
14.67103633759837	20.12409770354686
14.72294620787661	19.9303674304325
14.87701816636976	20.19102525674941
15.10940213485615	20.24041999403552
15.14077730970033	20.04232493667079
15.32125140790847	20.28544994707126
15.55752550868824	20.3102833556984
15.56802223511756	20.10999388498635
15.77292116105315	20.33292235097822
16.01049672563364	20.33292235092412
15.99999999931745	20.13263288021973
16.22707883746861	20.33292235087768
16.46335293824664	20.30808894214262
16.4319777635157	20.10999388480085
16.67874859060992	20.28544994677019
16.91113255909484	20.23605520937643
16.85922268892978	20.04232493630035
17.12298183214564	20.19102525624837
17.34892962094919	20.11761036927448
17.27705379075149	19.93036742987731
17.5549114497201	20.05068281597951
17.77194752758304	19.95405212829037
17.68089322399026	19.77534799540014
17.96980513205089	19.86596024710816
18.17555160628801	19.74717246473786
18.06631643930552	19.57896505823178
18.36311721713542	19.63888140875171
18.55531988631867	19.49923799550129
18.42910065929586	19.34337023092583
18.7305384954616	19.37193422418148
18.90709154692507	19.21296514250869
18.76527114412749	19.0711447397111
13.3636564936991	18.94221710179302
13.47840124581632	18.8005191336911
13.51042548229825	19.07436849270129
13.68564409144249	19.20167226392984
13.78494878895376	19.04875643952381
13.84542264598077	19.31775817885429
14.03298825682901	19.42604923474858
14.11576489668778	19.26359093181055
14.20402581002475	19.52479781211088
14.40188341449436	19.6128896932014
14.46722507851239	19.44266883889518
14.58230604312324	19.69321902292373
14.78828787189463	19.76014657612628
14.83547866312759	19.58402814575294
14.97611882788095	19.82117655326172
15.18796810093328	19.86620650629745
15.21649098719752	19.6861200902357
15.3811494690169	19.90726847364478
15.59654512138181	19.9299074689246
15.60608759996706	19.74782613163477
15.79296036606773	19.95055154297634
16.0095424779027	19.9505515429299
15.9999999994173	19.76847020564684
16.20703963266701	19.95055154289022
16.4224352850303	19.92791254751778
16.39391239886599	19.7478261314763
16.61885052971468	19.90726847338692
16.83069980276547	19.86223852025886
16.78350901163241	19.6861200899193
17.02388117084751	19.82117655283272
17.22986299961843	19.75424899953776
17.16452133570057	19.58402814527873
17.41769395560455	19.69321902232333
17.6155515600724	19.60512714114111
17.53277492031407	19.44266883826366
17.79597418869978	19.52479781134047
17.98353979954719	19.41650675535433
17.88423510213645	19.26359093102226
18.15457735274219	19.31775817791357
18.32979596188512	19.19045440659377
18.21505120986855	19.04875643857917
18.48957451642222	19.07436849159142
18.65052639211091	18.9294467716965
18.52159875300455	18.80051913259014
13.59560819023281	18.68331218927461
13.69992160096598	18.55449585498496
13.72948364514864	18.80385419030971
13.88926219968693	18.91994010523416
13.97953919717976	18.78092571978639
14.03500434098488	19.02582796900049
14.20604189418062	19.12457654636279
14.28129338475713	18.97688718045469
14.36205394046003	19.21465014326476
14.5424765690889	19.29497947298708
14.6018780816711	19.14023324221772
14.70704921972346	19.36825193784814
14.89488017570978	19.42928191498358
14.9377808948955	19.26917425144026
15.06621033829962	19.48495045934506
15.25939170638324	19.52601242669239
15.28532160291588	19.36229750344194
15.43560225181379	19.56346713433259
15.63201749649971	19.58411120838433
15.64069247700707	19.41858272038581
15.81117782516035	19.602941717688
16.00867497992466	19.60294171764832
15.99999999950548	19.43741322965578
16.18882217376243	19.60294171761462
16.38523741844681	19.58229764348376
16.35930752200243	19.41858272025121
16.56439774710599	19.56346713411289
16.75757911518803	19.52240516668675
16.71467839609053	19.36229750317329
16.93378966061695	19.4849504589797
17.12162061660307	19.42392048176528
17.06221910410935	19.26917425103762
17.29295077919296	19.36825193733665
17.47337340782034	19.28792260753601
17.39812191733253	19.14023324168142
17.63794605845364	19.21465014260843
17.80898361164864	19.11590156516768
17.71870661424461	18.97688717978524
17.96499565792741	19.02582796819908
18.12477421246451	18.90974205319674
18.02046080182026	18.78092571898422
18.27051635376139	18.80385418936431
18.41728534236029	18.67170279837762
18.30007839803276	18.5544958540501
13.80647336864926	18.44794408730168
13.9013037420712	18.33083832882119
13.92862742930375	18.55793209753958
14.07436957060171	18.6638199613059
14.15643956834655	18.5374432472241
14.20735133622256	18.76043686947091
14.36336338250197	18.85051046637288
14.43177382850034	18.71624740641543
14.50571587703491	18.93269771739921
14.67028852766947	19.00597018226026
14.72428990275934	18.86529179060857
14.82045210739553	19.07282731542709
14.99178226998537	19.12849585978857
15.03078292380095	18.98294343834066
15.14811171130092	19.17929037435383
15.32432225673146	19.21674508199403
15.34789488994847	19.06791333353838
15.48510478156343	19.2509204626265
15.66426511022407	19.26975097193017
15.67215145614041	19.11927052824826
15.82773915158404	19.28693278600758
16.00788634542181	19.28693278597387
15.99999999958176	19.13645234229713
16.1722608475032	19.28693278594533
16.35142117616238	19.26810227657447
16.32784854302173	19.11927052813432
16.51489521752096	19.2509204624402
16.69110576294988	19.21346575473315
16.65210510921062	19.06791333331108
16.85188828778019	19.17929037404418
17.02321845037008	19.12362182961556
16.96921707535675	18.98294343799996
17.17954789168591	19.0728273149934
17.34412054231921	18.99955485006583
17.2757100963976	18.86529179015468
17.49428412204423	18.93269771684269
17.650296168323	18.8426241198741
17.56822617065501	18.71624740584884
17.79264866285539	18.76043686879139
17.93839080415226	18.65454900495897
17.84356043080727	18.53744324654525
18.07137256977214	18.55793209673809
18.20524802468777	18.43739009563638
18.09869625708148	18.33083832803009
13.99816898589389	18.2339730849985
14.08437841669946	18.12751330404038
14.10966723353127	18.33436655810097
14.24264899915212	18.43098346626597
14.31725808837616	18.31609554381073
14.36403042319144	18.51917223293386
14.50638291772438	18.60135948396018
14.56857423257255	18.47930215612826
14.63631763788145	18.67637732960982
14.78648121760751	18.74323446277664
14.8355733770201	18.61534501519403
14.92354564189799	18.80425947619278
15.07987508321354	18.85505399075804
15.115330223219	18.72273360697525
15.22256750512196	18.90141756912313
15.38335002995393	18.93559294975559
15.40477969661919	18.80029135958745
15.5301070814457	18.96678712400271
15.69358112280567	18.98396893808011
15.70075052821859	18.84716853406248
15.84279490291329	18.99965193830803
16.00716940499468	18.9996519382795
15.99999999964968	18.86285153426647
16.15720509631814	18.99965193825557
16.32067913767673	18.98247012412129
16.29924947107945	18.84716853396696
16.46989291778304	18.96678712384571
16.63067544261335	18.93261174315675
16.59522030267583	18.80029135939698
16.77743249410342	18.90141756886235
16.93376193541924	18.8506230542402
16.88466977607481	18.72273360668974
17.07645435732815	18.80425947582735
17.22661793705317	18.73740234260422
17.16442662227335	18.61534501481353
17.3636823613428	18.67637732914086
17.50603485587519	18.59419007805816
17.43142576671958	18.47930215565329
17.63596957603179	18.51917223236127
17.76895134165166	18.42255532414038
17.68274191091461	18.31609554324172
17.89033276569009	18.3343665574257
18.01248682634443	18.22437854713142
17.9156215825903	18.1275133033773
14.17243772932433	18.03945399141551
14.25080993919972	17.94267237229787
14.27424887421222	18.13112515802521
14.39563029825154	18.21931392469309
14.46345674304559	18.11487035875462
14.50646595720953	18.29984074454014
14.6364006773666	18.37485859018978
14.69293823635669	18.26389738299523
14.75504651171972	18.44335879458334
14.89211093601019	18.50438380799948
14.93674017186889	18.38812067375514
15.01726703716928	18.56010689436582
15.1599594590777	18.60647047273091
15.19219140455783	18.48617921466536
15.29025459060755	18.64880592727479
15.43701164209932	18.6800001015219
15.45649315726149	18.55699865583131
15.57101826327313	18.70848408814397
15.72023204338075	18.72416708837189
15.72674968466832	18.59980308463522
15.85648194961378	18.73848753055373
16.00651764093725	18.7384875305298
15.99999999970873	18.61412352679712
16.14351804974462	18.73848753050986
16.29273182985094	18.72280453023428
16.27325031474788	18.5998030845557
16.42898173608271	18.7084840880128
16.57573878757278	18.6772899137184
16.54350684215173	18.55699865567287
16.70974540874485	18.64880592705705
16.85243783065376	18.60244234864421
16.80780859485433	18.48617921442784
16.98273296218429	18.56010689406052
17.11979738647393	18.49908188059716
17.06325982754328	18.38812067343849
17.24495348763234	18.4433587941915
17.37488820778894	18.36834094849462
17.30706176305441	18.26389738259994
17.49353404214166	18.29984074406173
17.61491546618009	18.21165197734704
17.5365432563643	18.11487035828112
17.72575112513726	18.13112515746111
17.83724937277452	18.03073168431138
17.74919006020929	17.94267237174615
14.33086385873883	17.86261845275876
14.40211132134665	17.77463516378321
14.42386854669543	17.94636024993201
14.53470420565342	18.02688706977906
14.59636460922014	17.93193837469277
14.63595280557029	18.10044848351537
14.7545986399234	18.16894868790893
14.80599642016439	18.0680748644847
14.8629818509508	18.23152376396456
14.98813795210988	18.2872468503309
15.02870998418926	18.1815530932875
15.10246830510736	18.33815000307808
15.23276343663721	18.38048545762197
15.26206520488145	18.27112976987959
15.35178830433192	18.41915898146687
15.48579492550572	18.44764296808894
15.5035053936104	18.33582347344689
15.60821024653997	18.47366314781133
15.744460152773	18.48798358999317
15.75038528114366	18.37492540623475
15.86892471927202	18.50106534305863
16.00592512807939	18.5010653430387
15.99999999977008	18.38800715928445
16.13107528020679	18.50106534302294
16.26732518643857	18.48674490080145
16.24961471839531	18.37492540617185
16.3917897529364	18.47366314770461
16.52579637410847	18.44517916104327
16.49649460592561	18.33582347332167
16.64821169514094	18.41915898128993
16.77850682667147	18.37682352670624
16.73793479465364	18.27112976969184
16.89753169436703	18.33815000282976
17.02268779552545	18.28242691642409
16.97129001534617	18.18155309303708
17.13701814852242	18.23152376364582
17.25566398287513	18.16302355921293
17.1940035793702	18.06807486417209
17.36404719390219	18.10044848312622
17.47488285285936	18.01992166324029
17.40363539031338	17.93193837431839
17.57613145277548	17.9463602494733
17.6779425976633	17.85468908282425
17.59788867818608	17.77463516334703
14.47488761129495	17.70185887383492
14.5396580313638	17.62187406626927
14.55988642937211	17.77839215339081
14.66113502928899	17.85195356712713
14.717189941202	17.76563657223372
14.75366812105003	17.91918279353567
14.86205133207742	17.98175786959129
14.90877658648954	17.89005439442925
14.96110488560391	18.03894646537828
15.07543523860139	18.08984961812546
15.11231890384743	17.99376438515892
15.17992400243279	18.13637101306814
15.2989488701275	18.17504453691305
15.32558684105272	18.07563027606161
15.40772804350138	18.21038903287306
15.53014336453562	18.23640921259545
15.54624378995636	18.13475512730493
15.64202114006538	18.26018956787875
15.7664857065644	18.27327132094423
15.77187218685065	18.17049115464568
15.88023632792893	18.28522699300168
16.00538648005633	18.28522699298591
15.99999999980311	18.18244682668963
16.11976367164426	18.2852269929724
16.24422823814209	18.27214523987557
16.22812781275442	18.17049115459182
16.35797885950547	18.26018956779126
16.48039418053795	18.23416938803791
16.45375620964577	18.13475512719777
16.59227195606591	18.21038903272818
16.71129682376147	18.1717155088517
16.67441315854863	18.07563027590091
16.82007599713636	18.13637101286457
16.93440635013333	18.0854678600863
16.88768109575456	17.99376438494444
17.03889511396438	18.03894646511695
17.14727832499143	17.97637138903024
17.09122341311182	17.89005439416147
17.24633187851765	17.91918279321661
17.34758047843377	17.84562137944962
17.2828100583984	17.76563657191304
17.44011357019413	17.77839215301483
17.53311825815071	17.69465035581045
17.46034196823592	17.62187406589567
14.60581829563381	17.55571380199926
14.66470049630268	17.48300033982838
14.68353905010984	17.62569388365429
14.77607214187088	17.69292311006284
14.82703115322617	17.61445311389889
14.86068204431834	17.75439580247832
14.95973559784483	17.81158439826531
15.00221310229436	17.72821760180728
15.05030764446556	17.86387619375821
15.15479640829697	17.91039758870089
15.18832701341307	17.82304737601647
15.25033827279494	17.95293556741717
15.35911744616882	17.98828006337719
15.38333378362521	17.89790346167587
15.45858235188299	18.02059817032031
15.57046012741275	18.04437852560361
15.58509687794882	17.95196571984631
15.6727583160222	18.06612267683093
15.78650893738673	18.07807834888838
15.79140573770084	17.98464183311376
15.8905196085293	18.08901031092851
16.00489680011722	18.08901031091501
15.99999999984065	17.99557379514293
16.10948039111446	18.08901031090405
16.22323101247785	18.07705463881974
16.20859426197936	17.9846418330701
16.32724168361932	18.06612267675786
16.43911945914729	18.04234232144813
16.41490312172845	17.95196571975958
16.5414176477549	18.02059817019949
16.65019682112979	17.98525367421237
16.61666621605139	17.89790346154578
16.74966172684511	17.9529355672472
16.85415049067616	17.90641417227785
16.81167298626446	17.82304737584268
16.94969235517391	17.86387619353993
17.04874590870013	17.8066875977263
16.99778689738272	17.72821760159027
17.13931795532064	17.7543958022118
17.231851047081	17.68716657577701
17.17296884645008	17.61445311363907
17.31646094952784	17.62569388334031
17.40145976760501	17.54916060375773
17.33529950337297	17.4830003395257
14.72484619133104	17.42285464480001
14.77837546487762	17.35675149711088
14.79595052432528	17.48687727379428
14.88056042677274	17.54834996620976
14.9268868009148	17.47701360577893
14.95796742981569	17.60458944588354
15.04853947643642	17.65688124137644
15.08715538972454	17.58109324429695
15.13140106220322	17.70472140022069
15.22694292670119	17.74725937893698
15.25742529510854	17.66785009436457
15.3143512463184	17.78617607016034
15.41381615203256	17.81849417710346
15.43583100435211	17.73633362977747
15.50481354165893	17.848061021293
15.60711173026838	17.86980517252031
15.62041786717135	17.78579353059057
15.70070120346125	17.88969822914388
15.80471187460382	17.90063019118401
15.80916351126997	17.81568790378022
15.89986804550956	17.9106315077501
16.0044516365068	17.91063150773915
15.99999999987345	17.82568922033759
16.10013195420454	17.91063150773042
16.20414262534601	17.89969954566854
16.19083648847587	17.81568790374549
16.29929879625069	17.88969822908517
16.40159698485831	17.86795407783654
16.37958213257157	17.7857935305217
16.49518645804934	17.84806102119612
16.59465136376465	17.81574291423095
16.56416899539025	17.73633362967412
16.68564875339231	17.78617607002379
16.78119061789005	17.74363809128586
16.742574704635	17.66785009422635
16.86859893750716	17.70472140004525
16.95917098412767	17.65242960453076
16.91284461001872	17.58109324412432
17.04203256989429	17.60458944566934
17.12664247234113	17.54311675323264
17.07311319882773	17.4770136055723
17.20404947538351	17.48687727354204
17.28177022985957	17.41689719186536
17.2216245348644	17.3567514968702
14.83305336893926	17.30207359304924
14.88171634443704	17.2419798229827
14.89814277336963	17.36068035603861
14.97554977641257	17.41691983571239
15.01766466160352	17.35206859956126
15.0464086891487	17.46840184930156
15.12927027491549	17.51624200814581
15.16437565030443	17.44734382962441
15.20512235088028	17.5600352246198
15.29253067049748	17.59895191584316
15.32024191424542	17.52676165781329
15.37254485847369	17.63457652755806
15.46354224810005	17.6641433717476
15.48355575002161	17.58945196578312
15.54684189590004	17.69120906800252
15.64043136909292	17.71110212462609
15.65252785707308	17.63472790540104
15.72610382834439	17.72931236798909
15.82125999925013	17.73931368455518
15.82530694163535	17.66209342399785
15.90836662456092	17.74846895978898
16.00404694225866	17.74846895978026
15.99999999990147	17.67124869922484
16.09163337521399	17.74846895977345
16.18678954611867	17.73846764319008
16.17469305816657	17.66209342397076
16.27389617142845	17.7293123679428
16.36748564461947	17.70941931130239
16.34747214272595	17.63472790534746
16.45315810386908	17.69120906792637
16.54415549349673	17.6616422237192
16.51644424977695	17.58945196570267
16.62745514129812	17.63457652745043
16.71486346091522	17.59565983620982
16.67975808555455	17.52676165770551
16.79487764889143	17.56003522448143
16.87773923465806	17.51219506562001
16.83562434949542	17.44734382948973
16.95359131062271	17.46840184913262
17.03099831366509	17.41216236944202
16.98233533819567	17.35206859940011
17.1018572264007	17.36068035583979
17.17296155939499	17.29665772682829
17.11828365536173	17.24197982279502
14.9314235303967	17.19227263702304
14.9756625994306	17.13764193646888
14.9910448179013	17.24595588541793
15.06190373063742	17.2974378990071
15.10018999024757	17.23848222924592
15.1268098339498	17.34459494338925
15.20266190991458	17.38838815986323
15.23457588782885	17.32575345155028
15.27214170418348	17.42850233778543
15.35215589215969	17.46412694950033
15.37734793215766	17.39849944160707
15.42544814221959	17.49675876163494
15.50874779001958	17.52382445788986
15.52694188283932	17.45592317912629
15.58504949064134	17.54861638327447
15.67072194989282	17.56682662663747
15.68171875724614	17.49739551762308
15.74919712367788	17.58350703974965
15.83630374898867	17.59266231498346
15.83998278755309	17.5224620774781
15.91609260551056	17.6010484617263
16.00367903846588	17.60104846171949
15.99999999992515	17.53084822421576
16.08390739431606	17.6010484617143
16.17101401962584	17.59189318646703
16.16001721229623	17.52246207745748
16.25080287614674	17.58350703971394
16.33647533539634	17.56529679633792
16.3182812426003	17.49739551758244
16.41495050917952	17.54861638321596
16.49825015698091	17.52155068694719
16.47305811700674	17.45592317906522
16.57455185760417	17.49675876155192
16.65456604558039	17.46113414982353
16.62265206769002	17.39849944152503
16.7278582956404	17.42850233767862
16.80371037160505	17.38470912119124
16.76542411201885	17.32575345144771
16.87319016587386	17.34459494325883
16.94404907860947	17.29311292965659
16.89981000959957	17.23848222912326
17.00895518192139	17.24595588526455
17.07404458635182	17.18734912226169
17.02433740041618	17.13764193632605
15.02085095028561	17.09245358561388
15.06106828575539	17.04278931240189
15.07550122240499	17.14166091165179
15.14040732571736	17.18881795603394
15.17521301625849	17.13522189263521
15.19990178410108	17.23204321022934
15.26938157836998	17.27215738815154
15.29839428555338	17.2152167442524
15.33306838928116	17.30892698557333
15.40636063934106	17.34155879770794
15.42926249387556	17.2818974269186
15.47354203675206	17.37146988295234
15.54984373737382	17.39626180833695
15.56638382174868	17.33453337312078
15.61978366783594	17.41898666929474
15.698258841621	17.43566708240692
15.70825593921066	17.37254789241774
15.77019102862086	17.45095674074608
15.84997988514274	17.45934288748892
15.85332446565407	17.39552448978089
15.9231162245863	17.46702982651292
16.00334458043648	17.46702982650773
15.99999999994563	17.4032114288011
16.07688377528448	17.46702982650394
16.15667263180538	17.45864367975085
16.14667553423623	17.39552448976587
16.22980897124798	17.45095674071942
16.30828414503116	17.43427632759746
16.29174406067679	17.37254789238829
16.38021633202911	17.41898666925131
16.45651803265238	17.39419474385605
16.43361617813846	17.33453337307648
16.52645796311609	17.37146988289037
16.59975021317611	17.33883807074546
16.57073750601339	17.28189742685885
16.66693161058732	17.30892698549351
16.73641140485613	17.2688128075611
16.70160571433572	17.21521674417764
16.80009821576725	17.23204321013185
16.86500431907916	17.18488616573981
16.82478698363013	17.13522189254585
16.92449877746245	17.14166091153727
16.98412006496714	17.08797766313209
16.93893171413292	17.04278931229786
15.10214860435719	17.0017089938001
15.13870981810254	16.95655965490908
15.15227977162013	17.04684729954878
15.21177423000385	17.09007255374418
15.24341576658402	17.04134886016892
15.26634901122238	17.12972345325534
15.33003582213355	17.16649305067714
15.35641101025241	17.11472882940059
15.38845628458341	17.20022212039764
15.45563768199441	17.23013320564204
15.47645754957158	17.1758955963049
15.51726375886373	17.25757090282586
15.58720368932585	17.28029576378364
15.60224012953536	17.22417900498381
15.65136019242031	17.30114147527874
15.72329237942017	17.3164311336179
15.73238064987659	17.25905005230806
15.78927639666694	17.33045646944706
15.8624127361105	17.33814340847105
15.86545326382094	17.28012668378586
15.92950133280807	17.3451947041197
16.00304052765608	17.3451947041159
15.99999999996279	17.28717797943189
16.07049866710035	17.34519470411329
16.14363500654295	17.33750776508186
16.13454673610372	17.28012668377554
16.21072360323961	17.33045646942812
16.28265579023756	17.31516681108198
16.26761935004523	17.25905005228803
16.34863980748241	17.3011414752482
16.41857973794613	17.27841661428253
16.39775987038623	17.2241790049536
16.48273624104228	17.25757090278187
16.54991763845349	17.22765981752991
16.52354245035199	17.17589559626387
16.6115437153231	17.20022212034084
16.67523052623422	17.1634525229116
16.64358898967143	17.11472882934916
16.73365098868405	17.12972345318596
16.79314544706734	17.08649819898341
16.75658423333941	17.04134886010752
16.84772022828549	17.04684729946742
16.90237050040498	16.99763997342197
16.86129018182063	16.95655965483761
15.17605556291506	16.91921391009656
15.20929303051609	16.87816905586781
15.2220784529665	16.96065310642901
15.27665323418504	17.00030400594017
15.30541826792413	16.95600973830731
15.32675558154164	17.03670549204722
15.38517604399149	17.07043456176772
15.40915348813957	17.02337617799614
15.43880891685034	17.10139951534951
15.50043499371966	17.12883721253333
15.51936214638106	17.07953029412326
15.5570107791023	17.15402637507865
15.62116728219676	17.17487208657375
15.6348367735262	17.12385685044148
15.68006612395926	17.19400948034664
15.74605014120603	17.2080348161758
15.75431220539606	17.15587019592408
15.80662673131339	17.2209107678855
15.87371532801096	17.22796206353414
15.87647944415741	17.17521958565867
15.93530597666497	17.23443550155903
16.00276411610924	17.23443550155642
15.99999999997729	17.18169302368194
16.06469402327512	17.2344355015548
16.13178261997177	17.22738420590106
16.12352055579627	17.17521958565233
16.19337326862487	17.22091076787307
16.25935728586973	17.20688543203929
16.24568779455479	17.15587019591201
16.31993387597515	17.19400948032697
16.3840903790713	17.17316376882631
16.36516322642448	17.12385685042319
16.44298922083556	17.15402637504981
16.50461529770517	17.12658867786074
16.48063785357176	17.07953029409805
16.56119108308818	17.1013995153121
16.61961154553801	17.06767044558647
16.59084651181362	17.02337617796444
16.67324441839686	17.0367054920015
16.72781919961501	16.9970545924855
16.69458173202872	16.95600973826954
16.77792154697126	16.96065310637556
16.82805271423433	16.91551480062165
16.79070696943656	16.87816905582387
15.24324370782709	16.84421837855681
15.27345958765006	16.80690487448303
15.2855318003905	16.88229474812648
15.3356341477471	16.91869623423353
15.3617841785796	16.87842871795596
15.38167064611323	16.95214370813679
15.43530351897208	16.98310866171857
15.4571011956041	16.9403283125721
15.48458403763044	17.01156078243146
15.54115982301309	17.03674994497679
15.55836632553802	16.99192547341905
15.59314443428864	17.05989498511085
15.65204327605113	17.07903237888375
15.66447008642665	17.03265489120529
15.70616242566421	17.09661675653593
15.76673901577157	17.10949270824563
15.77424998326277	17.06207032590663
15.82239976299461	17.12132376529478
15.88399041164861	17.12779720331967
15.88650324452394	17.07984949586487
15.94058292568674	17.13374531622875
16.00251283285262	17.13374531622713
15.99999999998933	17.08579760877316
16.05941707427989	17.13374531622635
16.12100772293299	17.12727187819835
16.11349675545386	17.07984949586184
16.17760023697024	17.12132376528783
16.23817682707566	17.1084478135755
16.22575001671221	17.0620703259012
16.29383757429676	17.09661675652538
16.35273641606103	17.07747936274888
16.33552991354823	17.03265489119693
16.40685556567595	17.05989498509474
16.46343135105896	17.03470582254609
16.44163367443912	16.99192547340702
16.51541596233493	17.01156078241034
16.56904883519378	16.98059582882537
16.54289880437351	16.94032831255683
16.61832935385219	16.95214370811094
16.66843170120844	16.915742222001
16.63821582139773	16.87842871793787
16.71446819957425	16.88229474809647
16.76049108962584	16.84085555176075
16.72654041232711	16.80690487446202
15.30432384010673	16.77604062202635
15.34321666218735	16.81105987632192
15.38925316055349	16.84450735022517
15.43159343252206	16.87526935845767
15.48087395118043	16.90372147917056
15.5261977841564	16.92988920633994
15.57818239543195	16.953034246474
15.62599321201658	16.97432099348551
15.68011236162966	16.99190537113769
15.72988633651138	17.0080779159366
15.78554708373442	17.01990897298575
15.83673888282931	17.03079012578711
15.89333139686744	17.03673823869619
15.94538015211151	17.04220878331267
16.00228439353878	17.04220878331189
16.05461984787829	17.04220878331186
16.11121236191554	17.03626067040133
16.16326111715876	17.03079012578493
16.21892186437986	17.01895906873482
16.27011366347278	17.00807791593402
16.32423281308771	16.99049353827987
16.37400678797133	16.97432099348051
16.42599139924731	16.95117595334475
16.47380221583244	16.92988920633305
16.52308273449084	16.90143708561862
16.56840656746688	16.87526935844919
16.6144430658327	16.84182188454466
16.65678333780097	16.81105987631238
16.69907143036454	16.77298350674106
11.75208893707449	12.56010944690456
11.41579296496125	13.02298114282966
11.12972252443061	13.51846968033587
10.897011863092	14.04114638331986
10.72021060764846	14.58528469644688
10.60125582965203	15.14492292649068
10.54145082254275	15.71392955989169
10.54145082249294	16.28607044090198
10.601255829502	16.85507707429892
10.72021060739761	17.41471530433937
10.89701186273971	17.95885361746307
11.12972252397477	18.4815303204409
11.41579296440218	18.97701885794374
11.75208893641101	19.43989055386514
12.12928892876985	12.86555997757618
11.82285489016415	13.28733024809543
11.56218652750428	13.73882109608096
11.35013977791856	14.21508589332305
11.18903786996812	14.71090658303904
11.080645869868	15.22085084999675
11.02615134305284	15.73933163809551
11.02615134296111	16.2606683633224
11.08064586959223	16.77914915141735
11.18903786950766	17.28909341837164
11.35013977727308	17.78491410808506
11.56218652667185	18.26117890532178
11.82285488914498	18.71266975330424
12.12928892756289	19.13444002382014
12.47219801170461	13.14324227783544
12.19291118534865	13.52764761621014
11.95533562072835	13.93914056467733
11.76207424544406	14.37321272038451
11.61524447156452	14.82510829795948
11.51645499681679	15.2898762348913
11.46678817935799	15.76242443640498
11.46678817923226	16.23757556551877
11.51645499643903	16.71012376702888
11.61524447093406	17.17489170395722
11.76207424456081	17.62678728153031
11.95533561959056	18.06085943723281
12.19291118395641	18.47235238569722
12.472198010057	18.85675772406893
12.78393354148496	13.39568073247964
12.52932599898333	13.74611795073694
12.31274388711912	14.12124917238451
12.13656012483105	14.51696438125808
12.00270501828578	14.92892803872196
11.91264511203953	15.35262658473887
11.86736712126994	15.78341788937512
11.8673671211172	16.21658211294977
11.9126451115808	16.64737341758265
12.00270501752034	17.07107196359603
12.13656012375906	17.48303562105865
12.31274388573896	17.87875082992817
12.529325997295	18.25388205157324
12.78393353948767	18.60431926982783
13.06732947802723	13.62517023700176
12.83515764815357	13.94472734601709
12.63766049336907	14.28680245232692
12.47700183382883	14.64764770948399
12.35494187942468	15.02330962134086
12.27281794455738	15.4096723573823
12.23152979624124	15.80250284662175
12.23152979606742	16.19749715601595
12.2728179440354	16.59032764525221
12.35494187855382	16.97669038129007
12.47700183260945	17.35235229314625
12.63766049179969	17.71319755029985
12.83515764623411	18.05527265660739
13.067329475757	18.37482976562033
13.32496214686417	13.83379705868392
13.11318641932339	14.12528134119418
12.93303922547313	14.43730543364491
12.78649429566575	14.76645073478515
12.67515720681642	15.10911105981945
12.60024779136672	15.46153215052425
12.56258677254639	15.81985280768206
12.5625867723566	16.18014719519187
12.60024779079689	16.53846785234668
12.67515720586577	16.89088894304786
12.78649429433485	17.23354926808198
12.93303922376061	17.56269456921928
13.1131864172291	17.87471866166793
13.32496214438751	18.16620294417605
13.55917366401351	14.02345780568252
13.3659398476891	14.28942133681923
13.20156534560164	14.57412632575619
13.06785107919191	14.87445348505733
12.96626204994171	15.18711236751992
12.89791128851155	15.50867741700378
12.86354766014519	15.83562549953606
12.86354765994381	16.16437450350872
12.89791128790698	16.49132258603816
12.96626204893316	16.81288763551836
13.06785107778011	17.12554651798123
13.20156534378534	17.42587367727992
13.36593984546807	17.71057866621499
13.55917366138724	17.9765421973498
13.77209322606179	14.19587666739833
13.59571569274311	14.43863951535659
13.44568000141904	14.6985089555254
13.32362997451905	14.97263780393805
13.23090281767588	15.25802264756836
13.16851446902132	15.55153675035334
13.13714846835698	15.84996431036219
13.13714846814759	16.15003569280011
13.16851446839273	16.44846325280625
13.2309028166273	16.74197735558755
13.32362997305135	17.02736219921855
13.44567999953107	17.30149104762919
13.5957156904346	17.56136048779629
13.77209322333227	17.80412333575285
13.96565646437882	14.35262108720951
13.80460282471121	14.57429240499341
13.66760241590772	14.811584073542
13.55615624311484	15.06189627567901
13.47148533392056	15.32248653853885
13.41451736052147	15.59049978067434
13.38587647595358	15.86299959292025
13.38587647573936	16.13700041031218
13.4145173598784	16.40950022255553
13.47148533284781	16.67751346468728
13.55615624161345	16.93810372754822
13.66760241397663	17.18841592968361
13.80460282235007	17.42570759823065
13.96565646158726	17.64737891601304
14.14162304221874	14.49511601230618
13.99450021477844	14.69761321200579
13.86935006265823	14.91437963390185
13.76754375711269	15.14304033971531
13.69019670932706	15.38109007490513
13.63815634973973	15.62592071676226
13.61199284341875	15.8748498495412
13.61199284321218	16.12515015357428
13.63815634911962	16.37407928635077
13.69019670829258	16.61890992820414
13.767543755665	16.8569596633954
13.86935006079635	17.0856203692076
13.99450021250198	17.30238679110225
14.14162303952738	17.50488399080053
14.30159265750853	14.62465685258213
14.16713420473124	14.80972303595774
14.05275701315385	15.00783014283839
13.95971422322083	15.216807670305
13.88902523120634	15.43436601683757
13.84146452049631	15.65812156766958
13.81755317618819	15.88562281016304
13.81755317597161	16.11437719310052
13.84146451984621	16.34187843559164
13.88902523012185	16.56563398641986
13.95971422170323	16.78319233295419
14.05275701120224	16.99216986041987
14.16713420234521	17.19027696729924
14.30159265468779	17.37534315067368
14.44701958182729	14.74242125388875
14.32407419704059	14.91164105863363
14.21949060605622	15.09278515169941
14.13441464858123	15.28386888049596
14.0697784346062	15.482798691706
14.02629013201418	15.68739506869442
14.00442620774714	15.89541641074107
14.00442620753233	16.10458359249427
14.02629013136938	16.31260493453867
14.06977843353053	16.51720131152328
14.13441464707609	16.71613112273538
14.21949060412077	16.90721485153128
14.32407419467436	17.08835894459591
14.44701957903006	17.25757874933976
14.57922587715932	14.84947980093051
14.46674691785943	15.00429380686458
14.37106660017643	15.17001697822111
14.29323321769204	15.34483361725504
14.23409952922964	15.52682839628865
14.19431341585131	15.71400734244332
14.17431078253932	15.9043196840158
14.17431078232773	16.09568031916954
14.19431341521619	16.28599266073987
14.2340995281701	16.4731716068907
14.29323321620957	16.65516638592663
14.37106659827026	16.8299830249602
14.46674691552905	16.99570619631567
14.57922587440456	17.15052020224885
14.69941341722688	14.94680575185804
14.59644939009861	15.08852357717828
14.50886295715942	15.24022772893115
14.43761373369617	15.4002561046839
14.38348234110821	15.5668554000659
14.34706185425721	15.73820031833921
14.328751303617	15.91241356872342
14.32875130340983	16.08758643439396
14.3470618536354	16.26179968477609
14.38348234007083	16.43314460304556
14.43761373224481	16.59974389843011
14.50886295529337	16.75977227418273
14.59644938781732	16.91147642593466
14.69941341453023	17.05319425125412
14.80867481825488	15.03528388984521
14.71436072954217	15.16509609631909
14.63413237370914	15.304055684682
14.56886874941022	15.45064018460448
14.5192848985678	15.60324358563278
14.48592407222456	15.76019393297636
14.4691517785736	15.91977164578605
14.4691517783718	16.08022835724964
14.48592407161881	16.23980607005733
14.5192848975572	16.39675641739705
14.56886874799645	16.54935981842811
14.63413237189151	16.6959443183507
14.7143607273201	16.83490390671275
14.8086748156283	16.96471611318596
14.90800336458711	15.11571856069443
14.82155285624879	15.23470747731311
14.74801366141866	15.36208109896345
14.68819149090352	15.49644389359163
14.64274176891944	15.63632375430461
14.61216245212828	15.78018812808216
14.59678857392249	15.92646080673978
14.59678857372675	16.07353919620368
14.61216245154075	16.21981187485936
14.6427417679392	16.36367624863303
14.6881914895323	16.50355610934897
14.74801365965584	16.63791890397747
14.82155285409376	16.76529252562703
14.90800336203982	16.88428144224515
14.99830204226806	15.18884098808694
14.91900024329848	15.29799055037829
14.85154210387251	15.41483147510985
14.79666670948153	15.53808362865921
14.75497528642726	15.66639663464194
14.72692461466205	15.7983646689188
14.7128220232144	15.9325418620902
14.71282202302531	16.06745814075243
14.72692461409447	16.20163533392197
14.75497528548025	16.33360336819492
14.7966667081569	16.4619163741808
14.85154210216968	16.58516852773066
14.91900024121683	16.70200945246151
14.99830203980756	16.81115901475238
15.08039175061773	15.25531592318527
15.00758877845617	15.35552061775645
14.94565887130882	15.46278636331059
14.89528054619746	15.57593793389191
14.85700575859179	15.69373561721662
14.83125385507127	15.81488879722097
14.81830697887855	15.93807009431181
14.81830697869651	16.0619299084239
14.83125385452488	16.18511120551292
14.85700575768009	16.30626438551336
14.89528054492232	16.42406206884138
14.94565886966969	16.53721363942336
15.00758877645242	16.64447938497687
15.08039174824936	16.74468407954764
15.15501875865288	15.31574768272388
15.08812381089828	15.40782067931838
15.03121956948954	15.50638171647674
14.98492948920307	15.61035093884981
14.94976073384279	15.7185892378822
14.92609861964896	15.82991073212491
14.91420239369516	15.94309575999126
14.91420239352046	16.05690424263346
14.92609861912459	16.17008927049806
14.94976073296779	16.28141076473683
14.98492948797936	16.38964906377268
15.03121956791662	16.49361828614656
15.08812380897547	16.59217932330435
15.15501875638022	16.68425231989852
11.73604743008744	12.17951988834771
11.94350742439949	12.34751767931453
11.54462894276244	12.39211165593774
11.36005689336777	12.64615328774912
11.58394095101787	12.79154529486711
11.19190890731116	12.87758913571167
11.03490254429478	13.14953213356816
11.27275774469593	13.27072541158277
10.89186732402946	13.39727640232127
10.7641468419599	13.68414130183117
11.0133671937613	13.77980803182787
10.6477915112906	13.94547965332317
10.55075624249675	14.24412350261695
10.80861123537023	14.31321553988337
10.46235561477497	14.51619265918046
10.39706869796769	14.82334345374985
10.66073321865024	14.86510381146878
10.33759130896947	15.10316256877175
10.30476804127141	15.41545510023616
10.57135332609739	15.42942624319118
10.27486553771677	15.69995841693667
10.27486553771753	16.01397114296953
10.54145082251785	16.00000000039683
10.27486553769263	16.30004158347467
10.30768880539188	16.61233411493691
10.57135332599747	16.57057375760045
10.33759130889641	16.89683743163538
10.40287822570461	17.20398822620312
10.66073321844981	17.13489618931914
10.46235561465241	17.48380734122335
10.55939088344672	17.78245119051507
10.80861123506866	17.68678446090122
10.64779151111777	18.05452034707692
10.77551199318662	18.34138524658332
11.01336719335724	18.22019196895199
10.89186732380415	18.60272359807224
11.04887368682003	18.87466659592687
11.27275774418848	18.72927458919232
11.19190890703374	19.12241086467829
11.37648095642726	19.37645249648761
11.5839409504066	19.20845470590444
11.54462894243167	19.60788834444831
11.75474446820551	19.84124527693257
11.94350742368397	19.6524823214541
12.11511011247159	12.51912036738662
12.30371010831927	12.67184563272243
11.94068893292217	12.71283471224037
11.77254094686555	12.94427056020292
11.976071909467	13.07644511283581
11.6193239275627	13.15515569546255
11.47628870729738	13.40289996421565
11.69252070883421	13.51307567208819
11.34595452596744	13.62864538820842
11.22959919529814	13.88998373970041
11.45616315271142	13.97695349470201
11.12357582050528	14.12811613832146
11.03517519278351	14.40018529488496
11.26958882394334	14.46299623818104
10.95462423880829	14.64809563974296
10.89514684981007	14.92791475476486
11.13484186991806	14.96587871651789
10.84095084976001	15.18288688824371
10.81104834620538	15.46739020494422
11.05339860646042	15.48009124404613
10.7838010827978	15.7266305989936
10.78380108277289	16.01270103949874
11.02615134300698	16.00000000070896
10.78380108272703	16.27336940211219
10.81370358623156	16.55787271881066
11.05339860627667	16.51990875736988
10.84095084954712	16.81711311285813
10.90042823849492	17.09693222787836
11.13484186954995	17.0341212848945
10.95462423845264	17.3519043613555
11.04302486612369	17.62397351791735
11.26958882339037	17.53700376322835
11.1235758200064	17.87188386277406
11.23993115062393	18.13322221426298
11.45616315197246	18.02304650670342
11.34595452532331	18.37135461288134
11.48898974553702	18.61909888163276
11.69252070790841	18.48692432931301
11.61932392677358	18.84484430562399
11.78747191277799	19.07628015358469
11.97607190835393	18.92355488856219
11.94068893198695	19.28716528884264
12.13210741925991	19.4997570564316
12.30371010701857	19.32815436867294
12.45971255182611	12.82784807622928
12.63116709329349	12.9666892263589
12.30074347023723	13.00440112770581
12.14752645093438	13.21528626296543
12.33255459852663	13.33544494702279
12.0078830377564	13.40748893215278
11.87754885642646	13.63323435614555
12.0741234030385	13.73339409044373
11.75876107411631	13.83898083037915
11.65273769932346	14.07711322900019
11.85870493308621	14.15617664253092
11.55610701168131	14.29414930685378
11.47555605770609	14.54205965171177
11.68865935850429	14.59916050917199
11.40214117076632	14.76800744049926
11.34794517071626	15.02297957397811
11.56584973419066	15.05749226642539
11.2985504333424	15.25536354244402
11.27130316993482	15.5146039364934
11.49162158808739	15.52615033564814
11.24646976120542	15.75087803725025
11.24646976115955	16.01154639986369
11.46678817929513	16.00000000096188
11.24646976109668	16.24912196442059
11.27371702441224	16.50836235846806
11.49162158783565	16.47384966627382
11.29855043301563	16.74463645922311
11.35274643297335	16.99960859270026
11.56584973368655	16.94250773549305
11.40214117022087	17.23199256116443
11.48269212410357	17.47990290602114
11.68865935774744	17.40083949274376
11.55610701091694	17.70585069480769
11.66213038561633	17.94398309342604
11.85870493207568	17.84382335938156
11.7587610731312	18.16101917127729
11.88909525436777	18.38676459526852
12.07412340177348	18.26660591146501
12.00788303655069	18.59251106950073
12.16110005575965	18.80339620475868
12.33255459700671	18.66455505488308
12.30074346880994	18.99559887394454
12.47516464826563	19.18931321879734
12.63116709151835	19.03331077554461
12.7729874964068	13.10850962947222
12.92885526129698	13.23472885679432
12.62806577659478	13.26946150515754
12.48842236341681	13.46166417434489
12.65662977023414	13.57089934160829
12.36111859216599	13.63688278347354
12.24233080985584	13.84262925770713
12.42103494305122	13.93368356156072
12.13403975392373	14.03019486853092
12.03740906628159	14.24723094638451
12.22465200597508	14.31910677682129
11.94931718513755	14.44508855082129
11.87590229819779	14.67103633960878
12.06963257155841	14.72294620999002
11.80897474492515	14.87701816834072
11.75958000755129	15.10940213680663
11.95767506516265	15.14077731173042
11.71455005442816	15.32125140981509
11.68971664569876	15.55752551057193
11.89000611665474	15.568022237057
11.66707765031397	15.77292116289005
11.6670776502511	16.01049672744695
11.86736712119357	16.00000000116245
11.66707765017473	16.22707883923427
11.69191105877811	16.46335293998932
11.890006116349	16.43197776526621
11.71455005400992	16.67874859230576
11.76394479125743	16.91113256076994
11.95767506455057	16.85922269058933
11.8089747442272	17.12298183377662
11.88238963104057	17.34892962256317
12.0696325706397	17.27705379232734
11.94931718415993	17.55491145129448
12.04594787167481	17.77194752914573
12.22465200474901	17.68089322549341
12.13403975266476	17.96980513358049
12.25282753484768	18.1755516078127
12.42103494151698	18.0663164407507
12.3611185906257	18.36311721863523
12.500762003676	18.55531988782108
12.65662976839133	18.42910066070053
12.62806577477233	18.73053849694838
12.78703485623368	18.90709154842407
12.92885525914534	18.76527114551241
13.05778290066144	13.36365649615878
13.19948086893258	13.47840124841984
12.92563150975609	13.5104254847407
12.79832773850528	13.68564409386935
12.9512435630904	13.78494879150943
12.68224182356845	13.84542264837702
12.57395076763634	14.0329882592008
12.73640907076132	14.11576489917201
12.4752021902441	14.20402581235572
12.38711030910006	14.4018834167925
12.55733116359895	14.46722508090546
12.30678097932994	14.58230604537103
12.2398534260573	14.78828787410297
12.41597185662675	14.83547866541242
12.17882344885523	14.97611883003141
12.1337934957321	15.18796810303987
12.31387991199103	15.21649098936158
12.09273152829845	15.38114947106059
12.07009253291366	15.59654512337871
12.25217387039931	15.60608760200202
12.04944845875559	15.79296036799843
12.04944845867922	16.00954247978576
12.23152979615433	16.00000000131885
12.04944845859231	16.20703963448286
12.07208745382411	16.4224352867993
12.25217387005141	16.39391240063408
12.0927315278081	16.61885053141743
12.13776148077787	16.83069980442411
12.31387991129461	16.78350901327114
12.17882344803708	17.02388117244305
12.24575100115644	17.22986300117436
12.41597185558163	17.16452133721816
12.30678097818425	17.41769395710245
12.3948728591742	17.61555156153721
12.55733116220457	17.53277492172305
12.47520218876932	17.79597419011401
12.58349324454734	17.98353980093654
12.7364090690169	17.88423510345362
12.68224182176455	18.15457735409031
12.80954559286089	18.32979596321761
12.95124356099555	18.21505121111386
12.92563150762233	18.48957451772408
13.07055322728001	18.65052639340865
13.19948086648708	18.52159875420158
13.31668781346809	13.59560819295535
13.44550414788655	13.69992160379643
13.1961458124457	13.72948364784284
13.08005989750887	13.8892622023505
13.21907428309378	13.97953919993905
12.97417203373848	14.03500434360564
12.87542345634623	14.20604189676055
13.02311282239826	14.28129338741955
12.7853498594211	14.36205394298592
12.70502052965098	14.54247657156445
12.85976676056944	14.60187808421503
12.63174806474729	14.70704922213457
12.57071808754521	14.89488017806301
12.73082575124109	14.9377808973023
12.51504954312055	15.06621034058016
12.4739875756869	15.25939170860088
12.63770249909157	15.28532160517185
12.43653286796205	15.43560225395328
12.41588879380398	15.632017498573
12.58141728195656	15.64069247910315
12.39705828439381	15.8111778271519
12.3970582843069	16.008674981849
12.5625867724515	16.00000000143697
12.39705828421201	16.18882217560391
12.417702358196	16.38523742022204
12.58141728157674	16.35930752376927
12.43653286741614	16.56439774879944
12.47759483467535	16.75757911681837
12.63770249833133	16.71467839769727
12.51504954220979	16.93378966216896
12.57607951923761	17.12162061809705
12.73082575010031	17.06221910556491
12.63174806347215	17.29295078061411
12.71207739306727	17.47337340919091
12.85976675904773	17.39812191865063
12.78534985778015	17.63794605975957
12.88409843499736	17.80898361291334
13.02311282049486	17.7187066154436
12.97417203173161	17.96499565913766
13.09025794649305	18.12477421364413
13.21907428080831	18.02046080292199
13.19614581007225	18.27051635489819
13.32829720080234	18.41728534347944
13.44550414521883	18.30007839906295
13.55205591565608	13.80647337156595
13.66916167423075	13.90130374506525
13.44206790543884	13.92862743218322
13.33618004166845	14.07436957343835
13.46255675585131	14.15643957125087
13.23956313350624	14.20735133900671
13.14948953658111	14.36336338523207
13.28375259664537	14.43177383128771
13.06730228553739	14.50571587970055
12.9940298206337	14.67028853027067
13.13470821239678	14.72428990540676
12.92717268742883	14.82045210992124
12.87150414300417	14.99178227243839
13.01705656456681	15.03078292628863
12.82070962837907	15.14811171366969
12.78325492065422	15.32432225902209
12.93208666922663	15.34789489226185
12.74907953993914	15.48510478376402
12.73024903052897	15.66426511234292
12.88072947432837	15.67215145826992
12.71306721634579	15.82773915360906
12.71306721625089	16.00788634736397
12.8635476600445	16.00000000152239
12.7130672161502	16.17226084935029
12.73189772537035	16.3514211779277
12.88072947392539	16.32784854477344
12.74907953935194	16.51489521919242
12.78653424688638	16.691105764543
12.93208666842007	16.65210511077826
12.82070962739946	16.85188828928311
12.876378171634	17.02321845180017
13.01705656335663	16.9692170767498
12.92717268605748	17.1795478930316
13.00044515077036	17.34412054360026
13.13470821078272	17.27571009763058
13.06730228377297	17.4942841232496
13.15737588050722	17.65029616947393
13.28375259462671	17.56822617174745
13.23956313134859	17.79264866394146
13.34545099492779	17.93839080519552
13.46255675342766	17.84356043178239
13.44206790288738	18.07137257076293
13.56260990371869	18.20524802564982
13.66916167140197	18.09869625796654
13.76602691811294	13.99816898894744
13.87248669913708	14.08437841980535
13.66563344503765	14.10966723654042
13.56901653687544	14.24264900210878
13.68390445940245	14.31725809137746
13.48082777021611	14.36403042608791
13.39864051917238	14.50638292055639
13.52069784708107	14.56857423544099
13.32362267351034	14.6363176406408
13.25676554030547	14.78648122029137
13.38465498796905	14.83557337973173
13.19574052685548	14.92354564449769
13.14494601223038	15.07987508572899
13.27726639609747	15.11533022575321
13.0985824338088	15.22256750754414
13.06440705309372	15.38335003228607
13.1997086433486	15.40477969896085
13.03321287876644	15.53010708367856
13.01603106458325	15.6935811249447
13.15283146868915	15.70075053035777
13.00034806425108	15.84279490494913
13.00034806415039	16.00716940693545
13.13714846825228	16.00000000158115
13.0003480640457	16.15720509815442
13.01752987802729	16.32067913941913
13.15283146827016	16.29924947280318
13.03321287814986	16.4698929194222
13.06738825866295	16.63067544416231
13.19970864251001	16.5952203041969
13.09858243278023	16.77743249555296
13.1493769472037	16.93376193678439
13.27726639483932	16.88466977740305
13.19574052541573	17.0764543585999
13.26259765841835	17.22661793824924
13.38465498629121	17.16442662342387
13.32362267165821	17.36368236245455
13.40580992249957	17.50603485692209
13.52069784498283	17.43142576771274
13.48082776795134	17.63596957700564
13.57744467591092	17.76895134257304
13.68390445688344	17.68274191177457
13.66563344235976	17.89033276655132
13.77562145237449	18.01248682716807
13.87248669619718	17.91562158334538
13.96054601179769	14.17243773246596
14.0573276309562	14.25080994237155
13.8688748452203	14.27424887730392
13.78068607856097	14.39563030128305
13.88512964454501	14.46345674610146
13.70015925872716	14.506465960175
13.62514141306512	14.63640068025941
13.73610262030946	14.6929382392677
13.55664120866338	14.7550465145337
13.49561619521339	14.89211093874003
13.61187932951128	14.9367401746105
13.43989310881695	15.01726703980853
13.39352953039536	15.15995946162368
13.5138207885177	15.19219140710893
13.35119407579822	15.2902545930536
13.31999990147094	15.43701164444609
13.44300134722102	15.45649315960659
13.2915159147714	15.57101826551384
13.27583291443922	15.72023204551827
13.40019691823753	15.72674968679729
13.26151247215528	15.85648195164122
13.26151247205059	16.00651764286018
13.38587647584647	16.00000000161621
13.26151247194347	16.14351805155614
13.27719547206605	16.29273183155922
13.40019691780888	16.27325031643385
13.29151591413557	16.42898173768089
13.32271008825285	16.57573878907154
13.44300134636311	16.5435068436214
13.35119407473756	16.70974541013742
13.39755765294958	16.85243783195292
13.51382078723063	16.80780859611775
13.4398931073324	16.98273296338338
13.50091812057226	17.1197973875887
13.61187932779504	17.06325982861591
13.55664120675385	17.2449534886564
13.63165905220561	17.37488820873995
13.73610261816335	17.30706176395713
13.70015925639234	17.49353404301347
13.78834802284117	17.61491546699175
13.88512964196867	17.53654325712185
13.86887484245977	17.72575112588294
13.96926831532467	17.83724937347548
14.05732762794954	17.74919006085061
14.13738155043745	14.3308638618528
14.22536483935741	14.40211132440113
14.05363975329878	14.42386854975785
13.97311293346497	14.5347042086498
14.06806162849859	14.59636461215599
13.89955151974483	14.6359528084996
13.83105131534308	14.7545986427739
13.93192513871834	14.80599642295382
13.76847623928298	14.86298185372192
13.71275315288653	14.98813795479043
13.81844690988546	15.02870998680858
13.66185000011377	15.10246830769716
13.61951454551663	15.23276343912708
13.72887023321987	15.26206520731022
13.58084102162381	15.35178830672199
13.55235703492426	15.48579492778973
13.66417652953339	15.50350539583369
13.5263368551306	15.6082102487183
13.51201641284665	15.74446015484125
13.62507459657924	15.75038528315173
13.49893465968617	15.86892472123072
13.49893465957905	16.00592512992669
13.61199284331546	16.00000000155774
13.49893465947577	16.13107528194323
13.51325510154529	16.2673251880649
13.6250745961659	16.24961471996253
13.52633685449901	16.39178975445315
13.55482084098372	16.52579637551903
13.6641765287061	16.49649460727746
13.58084102057019	16.64821169644571
13.62317647495301	16.77850682787618
13.72887023197879	16.73793479579977
13.66184999863922	16.89753169547181
13.71757308482081	17.02268779653951
13.81844690823068	16.9712900163015
13.76847623738649	17.1370181494456
13.83697644157321	17.25566398371912
13.93192513664917	17.19400358015492
13.89955151742603	17.36404719466645
13.98007833704462	17.47488285355765
14.06806162601468	17.40363539095139
14.05363975055732	17.57613145340678
14.1453109169196	17.67794259824435
14.22536483645871	17.59788867870524
14.2981411293803	14.47488761442402
14.3781259370252	14.539658034562
14.22160784986363	14.55988643244416
14.14804643614349	14.66113503229396
14.23436343111989	14.71718994426994
14.08081720975484	14.75366812398177
14.01824213369474	14.8620513349298
14.10994560894255	14.90877658939807
13.96105353790604	14.96110488837012
13.91015038513327	15.07543524127685
14.00623561818734	15.1123189065717
13.86362899016676	15.17992400501016
13.82495546627394	15.29894887260506
13.92436972721358	15.32558684357128
13.7896109702667	15.40772804587135
13.76359079047304	15.53014336679991
13.86524487585133	15.54624379225358
13.73981043511802	15.64202114221592
13.72672868195753	15.76648570860539
13.82950884834225	15.77187218891631
13.71477300980347	15.88023632985212
13.71477300970018	16.00538648186866
13.8175531760799	16.00000000163178
13.71477300959189	16.1197636733374
13.72785476254561	16.24422823972565
13.82950884790891	16.22812781434608
13.73981043448292	16.3579788609712
13.76583061406939	16.48039418189789
13.86524487498403	16.45375621100575
13.78961096920721	16.592271957312
13.82828449289343	16.71129682490763
13.92436972591254	16.67441315968703
13.86362898868412	16.8200759981748
13.91453214124979	16.9344063510809
14.00623561645274	16.88768109668703
13.9610535359993	17.03889511481373
14.02362861185211	17.14727832576106
14.10994560677373	17.09122341385955
14.0808172074236	17.24633187920075
14.1543786209363	17.34758047904988
14.2343634285165	17.28281005898646
14.22160784710759	17.4401135707371
14.30534964403892	17.53311825864181
14.37812593398721	17.46034196869352
14.44428620128161	14.6058182988184
14.51699966344098	14.66470049947172
14.37430611966791	14.68353905323544
14.30707689327927	14.77607214492325
14.38554688943394	14.82703115626119
14.24560420088592	14.86068204729569
14.18841560509722	14.95973560073601
14.27178240154841	15.00221310516652
14.13612380960504	15.0503076472689
14.08960241463853	15.15479641100221
14.17695262731873	15.18832701609768
14.04706443590103	15.25033827540048
14.01171993989379	15.35911744866676
14.10209654159372	15.38333378610098
13.97940183290627	15.45858235427179
13.95562147755125	15.57046012968779
14.04803428331019	15.58509688020021
13.93387732625525	15.672758318182
13.92192165410119	15.78650893942873
14.01535816988066	15.79140573971775
13.91098969196767	15.89051961045205
13.91098969185938	16.00489680192079
14.00442620763974	16.00000000161766
13.91098969175197	16.10948039279739
13.92294536368927	16.22323101404295
14.01535816945086	16.20859426351647
13.9338773256078	16.32724168506515
13.95765768074562	16.43911946047927
14.04803428244995	16.41490312303097
13.97940183182619	16.54141764897157
14.01474632761688	16.65019682223873
14.10209654030331	16.61666621712933
14.04706443438966	16.74966172784478
14.09358582913917	16.85415049157762
14.17695262559843	16.81167298713333
14.13612380766151	16.94969235597557
14.19331240323299	17.04874590941526
14.27178239939757	16.99778689806359
14.24560419850978	17.13931795594758
14.31283342468108	17.23185104763479
14.38554688685221	17.17296884696783
14.37430611685893	17.31646095000672
14.45083939615834	17.40145976802657
14.51699966042836	17.33529950375655
14.57714535844481	14.72484619447554
14.64324850611083	14.77837546799642
14.5131227294933	14.79595052740963
14.45165003709996	14.88056042978207
14.52298639750938	14.92688680389755
14.39541055745001	14.95796743274911
14.34311876195783	15.048539479282
14.41890675901793	15.08715539254285
14.29527860311633	15.13140106496026
14.25274062437883	15.22694292935853
14.33214990893423	15.25742529773807
14.21382393313664	15.3143512488755
14.18150582614912	15.41381615448052
14.26366637346084	15.43583100677185
14.15193898191792	15.50481354399733
14.13019483062191	15.60711173249154
14.21420647254048	15.62041786936598
14.11030177393275	15.70070120556887
14.09936981179923	15.80471187659219
14.18431209919531	15.80916351322956
14.08936849514323	15.89986804737844
14.08936849503582	16.00445163825503
14.17431078243352	16.00000000159267
14.08936849493003	16.1001319558319
14.10030045684855	16.2041426268541
14.18431209877196	16.19083648995471
14.11030177329279	16.29929879763927
14.13204592437336	16.40159698613158
14.21420647169315	16.37958213381529
14.15193898085031	16.49518645920699
14.1842570876231	16.59465136481304
14.26366637218984	16.56416899640866
14.21382393164283	16.685648754331
14.25636191016517	16.78119061872896
14.33214990723991	16.74257470544341
14.29527860119551	16.86859893824574
14.34757039647231	16.95917098477805
14.41890675689966	16.91284461063793
14.39541055510171	17.04203257045579
14.45688324727956	17.12664247282771
14.52298639496681	17.07311319928226
14.51312272671731	17.20404947579431
14.5831028081156	17.2817702302111
14.64324850314397	17.22162453518273
14.69792641013891	14.83305337202451
14.75802018017269	14.88171634748827
14.6393196471931	14.89814277639427
14.58308016754316	14.97554977936131
14.64793140366274	15.01766466451816
14.53159815397902	15.04640869202143
14.48375799513752	15.1292702776997
14.55265617362901	15.16437565305472
14.43996477866792	15.20512235357613
14.40104808742573	15.29253067309309
14.4732383454278	15.32024191680752
14.3654234756941	15.37254486096947
14.33585663146291	15.46354225048627
14.41054803740219	15.4835557523749
14.30879093516892	15.54684189817728
14.28889787847976	15.64043137125461
14.36527209768271	15.65252785920255
14.27068763505426	15.72610383039126
14.26068631839827	15.82126000117751
14.33790657893711	15.82530694353131
14.25153104307816	15.90836662636961
14.25153104297236	16.00404694394648
14.32875130351342	16.00000000155869
14.25153104286878	16.09163337678175
14.26153235931301	16.18678954756692
14.33790657852261	16.17469305958503
14.27068763442579	16.27389617275798
14.29058069090275	16.3674856458334
14.36527209685311	16.34747214391082
14.30879093412047	16.45315810496813
14.3383577781402	16.54415549448609
14.41054803615782	16.51644425073783
14.36542347422719	16.62745514217837
14.40434016525754	16.71486346169515
14.47323834376909	16.67975808630641
14.43996477678181	16.79487764957146
14.48780493541121	16.87773923524919
14.55265617155534	16.83562435005869
14.53159815167319	16.95359131112516
14.58783763111094	17.03099831409175
14.64793140117378	16.98233533859439
14.6393196444674	17.10185722675148
14.70334227320681	17.17296155968537
14.75802017726846	17.11828365562372
14.8077273660919	14.93142353340748
14.8623580666059	14.97566260240106
14.75404411774088	14.99104482085163
14.70256210417674	15.06190373351175
14.76151777389853	15.10018999308215
14.65540505982039	15.12680983674869
14.6116118433508	15.20266191262512
14.67424655162566	15.23457589050055
14.57149766543428	15.27214170680658
14.53587305370266	15.35215589468295
14.60150056155968	15.37734793464324
14.5032412415532	15.42544814464419
14.47617554525922	15.50874779233519
14.54407682398901	15.52694188511863
14.451383619838	15.58504949284934
14.43317337641251	15.67072195198599
14.50260448539618	15.68171875930457
14.41649296324088	15.74919712565778
14.40733768792078	15.83630375084989
14.47753792539908	15.83998278938121
14.3989515410953	15.91609260725474
14.39895154099172	16.00367904009001
14.4691517784727	16.00000000151785
14.39895154089081	16.0839073958218
14.4081068160036	16.17101402101287
14.4775379249953	16.16001721365349
14.4164929626271	16.25080287741671
14.43470320584482	16.33647533655144
14.50260448458801	16.31828124372719
14.45138361881402	16.4149505102213
14.47844931490101	16.49825015791358
14.54407682277683	16.47305811791258
14.50324124012063	16.57455185842911
14.53886585164491	16.65456604630542
14.60150055994398	16.62265206838941
14.57149766359244	16.72785829626672
14.61529087985442	16.80371037214268
14.67424654960581	16.76542411253173
14.65540505756871	16.8731901663237
14.70688707092517	16.94404907898343
14.7615177714742	16.89981000994936
14.75404411507927	17.00895518222004
14.81265087781749	17.07404458658964
14.86235806377715	17.02433740062998
14.90754641741513	15.02085095321029
14.95721069058124	15.0610682886349
14.85833909142099	15.07550122526982
14.81118204706464	15.14040732850676
14.86477811041795	15.17521301900377
14.76795679289548	15.1999017868161
14.72784261497896	15.26938158099755
14.78478325883372	15.29839428813828
14.6910730175639	15.33306839182272
14.65844120541444	15.40636064178397
14.71810257616109	15.42926249627754
14.62853012015687	15.47354203909806
14.60373819473566	15.5498437396122
14.66546662991148	15.56638382394812
14.58101333374362	15.61978366996869
14.564332920572	15.69825884364048
14.62745211052386	15.70825594119339
14.54904326217641	15.77019103052926
14.54065711535094	15.84997988693411
14.60447551302538	15.85332446741097
14.53297017624805	15.92311622626292
14.53297017614714	16.00334458199471
14.59678857382462	16.00000000147173
14.53297017604927	16.07688377672666
14.54135632267278	16.1566726331305
14.60447551263375	16.14667553553152
14.54904326157978	16.22980897245835
14.56572367454897	16.30828414612821
14.62745210973997	16.29174406174619
14.5810133327482	16.38021633301504
14.60580525796782	16.45651803353057
14.66546662873575	16.433616178991
14.62853011876437	16.52645796388854
14.66116193071191	16.59975021384984
14.71810257459407	16.57073750666322
14.69107301577368	16.66693161116409
14.73118719348797	16.73641140534511
14.7847832568748	16.70160571480225
14.76795679070693	16.80009821616989
14.81511383486103	16.86500431940649
14.86477810806679	16.82478698393609
14.85833908883406	16.92449877771556
14.91202233698291	16.98412006515957
14.95721068783792	16.93893171430457
14.99829100913294	15.1021486071866
15.04344034797342	15.13870982088286
14.95315270342758	15.15227977439068
14.90992744925842	15.21177423270003
14.95865114278327	15.24341576923262
14.87027654977363	15.2663490138457
14.83350695235857	15.33003582467087
14.88527117358549	15.35641101274407
14.79977788264559	15.38845628703665
14.76986679738802	15.45563768435074
14.82410440667702	15.47645755188453
14.74242910019252	15.51726376112542
14.71970423920049	15.58720369148191
14.77582099795439	15.60224013165057
14.69885852767335	15.65136019447328
14.68356886927777	15.72329238136205
14.74094995054466	15.73238065178037
14.66954353339516	15.78927639850048
14.66185659429227	15.8624127378293
14.71987331893823	15.8654532655045
14.65480529856845	15.92950133441499
14.65480529847058	16.00304052914694
14.71282202311986	16.00000000142132
14.65480529837603	16.07049866847805
14.66249223728303	16.1436350078059
14.71987331855989	16.1345467373372
14.66954353281761	16.21072360439067
14.68483319101684	16.2826557912775
14.74094994978736	16.26761935105844
14.69885852670972	16.34863980841397
14.72158338750627	16.41857973877195
14.77582099681858	16.39775987118786
14.7424290988446	16.48273624176488
14.77234018390637	16.54991763907914
14.82410440516329	16.52354245095573
14.79977788091276	16.61154371585406
14.83654747813172	16.67523052667884
14.88527117169326	16.64358899009608
14.87027654765529	16.73365098904427
14.91350180162833	16.79314544735333
14.95865114051219	16.75658423360694
14.95315270092369	16.84772022849876
15.00236002672179	16.90237050055818
15.04344034532358	16.86129018195638
15.08078609273276	15.1760555656422
15.1218309469076	15.20929303319136
15.03934689644289	15.2220784556361
14.9996959969581	15.27665323678178
15.04399026453695	15.30541827047086
14.96329451087732	15.32675558406737
14.92956544116434	15.38517604643315
14.97662382488249	15.40915349053352
14.89860048759066	15.43880891921022
14.87116279039517	15.5004349959849
14.92046970875314	15.51936214860125
14.84597362783949	15.55701078127556
14.82512791631236	15.62116728426693
14.87614315239462	15.63483677555427
14.80599052250953	15.68006612592928
14.79196518662692	15.74605014306771
14.84412980683153	15.7543122072188
14.77908923486666	15.80662673306989
14.77203793914284	15.87371532965559
14.82478041697491	15.87647944576639
14.76556450104648	15.93530597820101
14.76556450095193	16.00276411753212
14.81830697878753	16.00000000136786
14.76556450086091	16.06469402458816
14.77261579639549	16.13178262117293
14.82478041661069	16.12352055696842
14.77908923430967	16.19337326971745
14.79311457000257	16.25935728685392
14.84412980610248	16.24568779551314
14.80599052158017	16.31993387685414
14.8268362329185	16.38409037984708
14.87614315130121	16.36516322717737
14.84597362653961	16.44298922151109
14.873411323546	16.50461529828602
14.92046970729601	16.48063785413237
14.89860048591969	16.56119108357701
14.93232955544326	16.61961154594244
14.97662382306106	16.59084651220012
14.96329450883463	16.67324441871919
15.00294540812999	16.72781919986462
15.04399026235089	16.69458173226226
15.03934689402846	16.77792154715001
15.08448519954448	16.82805271435402
15.121830944357	16.7907069695415
15.15578162416336	15.24324371044713
15.19309512818094	15.27345959021644
15.11770525463531	15.28553180295457
15.08130376855453	15.33563415024017
15.12157128477558	15.36178418102113
15.04785629467723	15.38167064853741
15.01689134110355	15.43530352131448
15.05967169019391	15.45710119789756
14.98843922039918	15.48458403989367
14.9632500578435	15.54115982518433
15.00807452934631	15.55836632766328
14.94010501770027	15.59314443637086
14.92096762389743	15.65204327803322
14.96734511152293	15.66447008836601
14.90338324621729	15.70616242754941
14.89050729445703	15.76673901755159
14.93792967674588	15.77424998500355
14.87867623736012	15.82239976467294
14.87220279926376	15.88399041321836
14.92015050667206	15.88650324605808
14.86625468628685	15.94058292715154
14.86625468619583	16.00251283420758
14.91420239360781	16.00000000131236
14.86625468610848	16.05941707552868
14.87272812402267	16.12100772407319
14.92015050632252	16.11349675656576
14.87867623682473	16.17760023800549
14.89155218840234	16.23817682800571
14.93792967604619	16.22575001761744
14.90338324532394	16.2938375751251
14.92252063894505	16.35273641678911
14.96734511047358	16.33552991425476
14.94010501645084	16.40685556630703
14.96529417882453	16.46343135159802
15.00807452794799	16.44163367495962
14.98843921879315	16.51541596278496
15.01940417218452	16.56904883556172
15.05967168844604	16.54289880472545
15.04785629271394	16.61832935414061
15.08425777861242	16.66843170142599
15.12157128267784	16.63821582160143
15.11770525231479	16.71446819972308
15.15914444842243	16.76049108971694
15.19309512573343	16.72654041240594
15.22395937932644	15.30432384136194
15.1889401250308	15.34321666344266
15.15549265115349	15.38925316173991
15.12473064292103	15.43159343370846
15.09627852221666	15.48087395228764
15.07011079504691	15.52619778526436
15.04696575490367	15.57818239645089
15.02567900789222	15.62599321303566
15.00809463021208	15.68011236255185
14.99192208541341	15.72988633743309
14.9800910283165	15.78554708455444
14.96920987551519	15.83673888364932
14.96326176253829	15.8933313975825
14.95779121792186	15.94538015282648
14.95779121783451	16.00228439414757
14.95779121783456	16.05461984848684
14.96373933063663	16.11121236241913
14.96920987525302	16.16326111766224
14.98104093217462	16.21892186478163
14.99192208497541	16.27011366387454
15.00950646248119	16.32423281339247
15.02567900728033	16.3740067882755
15.04882404724896	16.42599139946245
15.07011079426065	16.47380221604768
15.09856291479007	16.52308273462658
15.12473064195971	16.56840656760304
15.15817811566208	16.61444306590012
15.18894012389447	16.65678333786855
15.22701649324768	16.69907143037596
12.56010944679005	11.75208893736007
12.86555997746013	12.12928892894395
13.1432422777191	12.47219801178467
13.395680732364	12.78393354148701
13.62517023688764	13.06732947796464
13.83379705857209	13.32496214674847
14.02345780557352	13.5591736638549
14.19587666729259	13.77209322586869
14.35262108710737	13.96565646415884
14.49511601221223	14.14162304198953
14.62465685248764	14.30159265725353
14.74242125379831	14.44701958156223
14.84947980084416	14.57922587688803
14.94680575177581	14.6994134169527
15.03528388976701	14.80867481798066
15.1157185606202	14.9080033643151
15.18884098801664	14.99830204200011
15.25531592311877	15.08039175035538
15.31574768266109	15.1550187583973
13.0229811425876	11.4157929655143
13.28733024785926	11.82285489050544
13.52764761598091	12.19291118551125
13.74611795051523	12.52932599899755
13.94472734580346	12.83515764804478
14.12528134098916	13.11318641911346
14.28942133662306	13.36593984739734
14.4386395151694	13.5957156923855
14.57429240481526	13.80460282430216
14.6976132118441	13.9945002143511
14.80972303579708	14.16713420425492
14.9116410584815	14.32407419654479
15.00429380672083	14.46674691735141
15.08852357704265	14.59644938958471
15.16509609619121	14.71436072902783
15.23470747719268	14.82155285573828
15.29799055026504	14.91900024279533
15.35552061765006	15.00758877796331
15.40782067921856	15.08812381041794
13.51846967995345	11.12972252523289
13.73882109571976	11.56218652800655
13.93914056433687	11.95533562097727
14.12124917206381	12.31274388715756
14.28680245202526	12.63766049323284
14.43730543336173	12.93303922519312
14.57412632549069	13.20156534520514
14.69850895527683	13.44568000092865
14.81158407330955	13.66760241534383
14.91437963369422	13.86935006206707
15.0078301426352	14.05275701249334
15.09278515150972	14.21949060536745
15.17001697804423	14.37106659946967
15.24022772876635	14.50886295644368
15.30405568452841	14.63413237299214
15.36208109882038	14.74801366070645
15.4148314749767	14.85154210317011
15.46278636318673	14.9456588706204
15.50638171636161	15.0312195688183
14.04114638278649	10.89701186412378
14.21508589283285	11.35013977857484
14.37321271993439	11.762074245783
14.5169643808445	12.13656012490612
14.64764770910413	12.47700183368471
14.76645073443667	12.78649429534095
14.87445348473775	13.06785107872049
14.97263780364519	13.32362997392924
15.06189627541077	13.55615624243209
15.14304033948038	13.76754375639383
15.21680767007949	13.95971422241524
15.28386888028929	14.13441464773928
15.3448336170658	14.29323321682658
15.40025610451066	14.43761373281848
15.45064018444573	14.56886874853002
15.49644389344615	14.68819149002837
15.53808362852596	14.79666670861776
15.57593793376986	14.89528054535031
15.61035093873807	14.98492948837655
14.58528469575428	10.72021060888881
14.71090658241667	11.18903787077094
14.82510829740077	11.61524447199724
14.92892803822008	12.00270501841046
15.02330962089025	12.35494187929319
15.10911105941538	12.67515720647343
15.18711236715778	12.96626204942677
15.25802264724413	13.23090281702179
15.32248653824879	13.4714853331569
15.3810900746569	13.69019670851862
15.43436601660495	13.88902523029693
15.48279869149783	14.06977843365306
15.5268283961026	14.23409952824778
15.56685539989971	14.38348234011076
15.60324358548417	14.5192848975661
15.63632375417174	14.64274176792239
15.66639663452325	14.75497528544221
15.6937356171106	14.85700575762493
15.71858923778759	14.9497607328988
15.14492292563462	10.60125583107891
15.22085084924162	11.08064587080923
15.28987623422647	11.51645499734678
15.35262658415364	11.91264511222686
15.40967235686788	12.27281794445931
15.46153215007319	12.60024779103261
15.50867741660895	12.89791128798514
15.55153675000862	13.16851446833886
15.59049978037406	13.4145173597157
15.62592071651235	13.63815634888067
15.65812156744227	13.84146451952529
15.68739506849736	14.02629013099287
15.71400734227312	14.19431341479633
15.73820031819267	14.34706185318317
15.76019393285033	14.48592407114409
15.78018812797412	14.61216245105128
15.79836466882661	14.72692461359675
15.81488879714261	14.83125385402457
15.8299107320587	14.92609861862612
15.71392955886833	10.54145082413421
15.73933163720599	11.02615134412472
15.76242443563424	11.46678817998935
15.78341788870825	11.86736712153372
15.80250284604648	12.23152979619838
15.81985280718796	12.56258677224933
15.83562549911326	12.8635476596405
15.8499643100023	13.1371484676833
15.86299959261554	13.38587647514581
15.8748498492954	13.61199284254935
15.88562280994736	13.81755317519916
15.89541641056153	14.00442620670202
15.90431968386792	14.17431078145588
15.91241356860296	14.32875130251089
15.91977164568895	14.4691517774584
15.92646080666279	14.59678857280884
15.93254186203057	14.71282202211116
15.93807009426698	14.81830697779315
15.94309575995913	14.91420239263332
16.28607043971153	10.54145082422671
16.26066836229932	11.02615134415571
16.23757556464345	11.46678817996902
16.21658211220298	11.86736712147131
16.19749715538187	12.23152979610164
16.18014719465699	12.56258677212495
16.1643745030604	12.86354765949432
16.15003569242763	13.13714846752015
16.13700041000567	13.38587647497
16.12515015333517	13.611992842373
16.11437719289915	13.8175531750085
16.10458359233493	14.00442620650811
16.09568031904659	14.17431078126082
16.08758643430217	14.32875130231652
16.08022835718398	14.46915177726623
16.07353919616016	14.59678857262006
16.0674581407277	14.71282202192673
16.06192990841483	14.81830697761387
16.05690424263754	14.91420239245974
16.85507707294854	10.60125583135692
16.77914915026667	11.08064587090266
16.71012376605391	11.51645499728621
16.64737341676002	11.91264511204001
16.59032764456266	12.27281794416943
16.53846785177374	12.60024779065976
16.4913225855665	12.89791128754687
16.44846325242291	13.16851446784963
16.40950022224859	13.41451735918849
16.37407928611951	13.63815634835183
16.3418784354054	13.84146451895348
16.31260493440013	14.02629013041126
16.28599266064232	14.1943134142113
16.26179968471329	14.34706185260018
16.23980607002335	14.48592407056768
16.21981187484948	14.61216245048502
16.20163533393223	14.72692461304355
16.18511120553971	14.83125385348676
16.17008927053839	14.92609861810545
17.41471530283059	10.72021060935255
17.28909341709273	11.1890378709269
17.17489170288017	11.61524447189639
17.07107196269364	12.00270501809901
16.9766903805399	12.3549418788099
16.89088894243073	12.67515720585175
16.81288763501648	12.96626204869597
16.74197735518587	13.23090281620597
16.67751346437201	13.47148533227768
16.61890992797283	13.69019670763661
16.56563398624034	13.88902522934324
16.51720131139705	14.069778432683
16.47317160681001	14.23409952727195
16.43314460300322	14.38348233913828
16.39675641738631	14.51928489660456
16.36367624864851	14.64274176697769
16.33360336823209	14.75497528451925
16.30626438556809	14.8570057567276
16.28141076480576	14.94976073203001
17.9588536158006	10.89701186477375
17.78491410667892	11.35013977879398
17.62678728034904	11.76207424564265
17.48303562007182	12.13656012447099
17.35235229232872	12.47700183300904
17.23354926741224	12.78649429447159
17.12554651743938	13.06785107769839
17.02736219878777	13.32362997278814
16.93810372721306	13.55615624120226
16.85695966315244	13.76754375516013
16.78319233276893	13.95971422108121
16.71613112260879	14.13441464638234
16.65516638585005	14.29323321546159
16.59974389839556	14.4376137314582
16.54935981842807	14.56886874718506
16.50355610937745	14.68819148870703
16.46191637423277	14.79666670732685
16.42406206891225	14.89528054409531
16.38964906385873	14.9849294871615
18.48153031863536	11.12972252606926
18.26117890379367	11.56218652828898
18.06085943594818	11.9553356207975
17.87875082885409	12.31274388659876
17.71319754940911	12.63766049236478
17.56269456848867	12.93303922407601
17.4258736766879	13.20156534389164
17.30149104715757	13.44567999946213
17.18841592931569	13.66760241376324
17.08562036893998	13.86935006048149
16.99216986021458	14.05275701077877
16.90721485138969	14.21949060362341
16.82998302487294	14.37106659771527
16.75977227414117	14.50886295469533
16.69594431834667	14.6341323712635
16.63791890400449	14.74801365900815
16.58516852778328	14.85154210151095
16.53721363949663	14.9456588690074
16.49361828623642	15.03121956725666
18.97701885600471	11.41579296653854
18.71266975165736	11.82285489085249
18.47235238430706	12.1929111852932
18.25388205040535	12.52932599831612
18.05527265563337	12.83515764698524
17.8747186608635	13.11318641774941
17.71057866555761	13.36593984579314
17.5613604872669	13.5957156905942
17.42570759781174	13.80460282237134
17.30238679079174	13.9945002124141
17.19027696705421	14.16713420216019
17.0883589444193	14.32407419441399
16.99570619619762	14.46674691520789
16.91147642586607	14.59644938744852
16.83490390668498	14.71436072691568
16.76529252563323	14.82155285366317
16.70200945249591	14.91900024076801
16.64447938503418	15.00758877599238
16.59217932338031	15.08812380850975
19.4398905518049	11.75208893857243
19.13444002205889	12.12928892935582
18.85675772257106	12.47219801152856
18.60431926855857	12.7839335406831
18.37482976455101	13.06732947671375
18.16620294328224	13.3249621451376
17.97654219660866	13.55917366196011
17.80412333514509	13.77209322375267
17.64737891552089	13.96565646187785
17.50488399042476	14.14162303970116
17.3753431503647	14.30159265477867
17.25757874910346	14.44701957904469
17.15052020207517	14.57922587435538
17.05319425113371	14.69941341442868
16.96471611310991	14.80867481548499
16.88428144220638	14.90800336186316
16.81115901474494	14.9983020396046
16.74468407956605	15.08039174802648
16.68425231993831	15.15501875614251
12.1795198883463	11.73604743008859
12.39211165587908	11.54462894290637
12.34751767925727	11.94350742454228
12.51912036732937	12.11511011261438
12.71283471212509	11.94068893315201
12.67184563266441	12.30371010840632
12.82784807617125	12.45971255191316
13.00440112758962	12.30074347036431
12.96668922630073	12.63116709333352
13.10850962941405	12.77298749644683
13.26946150504155	12.62806577663584
13.2347288567365	12.928855261298
13.36365649610096	13.05778290066246
13.51042548462582	12.92563150972582
13.47840124836278	13.19948086890128
13.59560819289829	13.31668781343679
13.72948364772986	13.19614581235655
13.69992160374051	13.4455041478287
13.80647337151004	13.55205591559823
13.9286274320728	13.44206790530169
13.90130374501075	13.66916167415144
13.99816898889294	13.76602691803363
14.10966723643306	13.66563344486179
14.08437841975248	13.87248669904053
14.17243773241309	13.96054601170114
14.27424887719998	13.86887484501376
14.25080994232048	14.05732763084621
14.33086386180172	14.13738155032746
14.4238685496598	14.05363975307418
14.40211132435416	14.2253648392428
14.47488761437705	14.2981411292657
14.55988643234994	14.22160784962153
14.53965803451475	14.37812593689769
14.60581829877116	14.4442862011541
14.68353905314297	14.37430611940788
14.66470049942649	14.51699966330845
14.72484619443032	14.57714535831228
14.79595052732123	14.51312272922513
14.77837546795325	14.64324850597518
14.83305337198133	14.69792641000327
14.89814277630999	14.63931964692037
14.88171634744716	14.7580201800356
14.93142353336636	14.80772736595481
14.99104482077141	14.75404411746668
14.97566260236196	14.86235806646879
15.02085095317119	14.90754641727802
15.07550122519361	14.85833909114788
15.06106828859779	14.95721069044524
15.10214860714949	14.99829100899694
15.15227977431842	14.95315270315761
15.13870982084771	15.04344034783944
15.17605556560705	15.08078609259879
15.2220784555677	15.03934689617775
15.20929303315812	15.12183094677642
15.24324371041388	15.15578162403219
15.28553180288993	15.11770525437634
15.27345959018504	15.19309512805315
15.30432384133054	15.22395937919865
15.34321666341094	15.18894012490327
12.64615328768937	11.36005689351218
12.87758913558815	11.1919089075893
12.79154529468882	11.58394095143718
12.94427056002387	11.77254094722912
13.15515569522343	11.61932392800987
13.0764451126597	11.9760719097247
13.21528626278918	12.14752645114506
13.40748893192008	12.00788303800834
13.33544494685	12.33255459864796
13.46166417417245	12.48842236349913
13.63688278324807	12.3611185922544
13.57089934143961	12.65662977024228
13.68564409370144	12.79832773848109
13.84542264815935	12.68224182352116
13.78494879134555	12.95124356300471
13.88926220218778	13.08005989739663
14.03500434339631	12.97417203357912
13.97953919978062	13.21907428293096
14.07436957328134	13.33618004148418
14.20735133880611	13.2395631332554
14.15643957109829	13.46255675562612
14.24264900195782	13.56901653663301
14.36403042589623	13.48082776989142
14.317258091231	13.68390445912709
14.39563030113838	13.78068607827217
14.50646595999233	13.70015925834383
14.46345674596131	13.8851296442305
14.53470420851374	13.97311293314585
14.63595280832968	13.89955151932663
14.59636461202816	14.06806162817031
14.66113503216587	14.14804643580231
14.75366812382059	14.08081720930301
14.71718994414236	14.23436343075423
14.77607214479769	14.30707689290858
14.86068204713929	14.24560420039986
14.8270311561399	14.38554688905351
14.88056042966283	14.45165003671641
14.95796743260116	14.3954105569481
14.92688680378249	14.52298639711972
14.97554977924832	14.58308016715206
15.04640869188174	14.53159815346806
15.01766466440923	14.6479314032687
15.06190373340483	14.70256210378268
15.12680983661693	14.65540505930627
15.10018999297911	14.76151777350425
15.14040732840571	14.81118204667147
15.19990178669195	14.76795679238306
15.17521301890644	14.86477811002669
15.21177423260466	14.9099274488692
15.26634901372886	14.8702765492668
15.24341576914084	14.95865114239772
15.27665323669191	14.99969599657535
15.32675558395755	14.96329451037932
15.30541827038441	15.04399026415935
15.33563415015557	15.08130376818031
15.38167064843431	15.04785629419063
15.36178418093982	15.12157128440762
15.38925316168968	15.15549265091359
15.43159343365811	15.12473064268114
13.14953213344302	11.0349025445734
13.39727640212595	10.89186732443269
13.27072541127052	11.27275774537359
13.40289996390635	11.47628870786917
13.62864538783661	11.34595452661972
13.51307567178951	11.692520709256
13.63323435585034	11.8775488567589
13.83898083002832	11.75876107449191
13.73339409015889	12.07412340324426
13.84262925742605	12.24233080998741
14.03019486820034	12.13403975406742
13.93368356128952	12.42103494307755
14.03298825893363	12.57395076760117
14.20402581204453	12.4752021901952
14.11576489891436	12.73640907063881
14.20604189650721	12.87542345617315
14.36205394269349	12.78534985921298
14.28129338717544	13.02311282215329
14.36336338499239	13.14948953629523
14.50571587942621	13.06730228519913
14.43177383105687	13.28375259630124
14.50638292033005	13.39864051879532
14.63631764038376	13.32362267306689
14.56857423522311	13.52069784665707
14.63640068004604	13.6251414126154
14.75504651429319	13.55664120813624
14.6929382390624	13.736102619823
14.75459864257682	13.83105131484746
14.86298185350188	13.76847623870545
14.80599642276916	13.93192513820908
14.86205133474565	14.018242133161
14.96110488816471	13.96105353728021
14.90877658921614	14.10994560837413
14.95973560055835	14.18841560451907
15.05030764707246	14.1361238089304
15.00221310499561	14.27178240095612
15.04853947911527	14.34311876135943
15.13140106477697	14.29527860241856
15.08715539238253	14.41890675841054
15.12927027754344	14.48375799452719
15.20512235340529	14.43996477795667
15.1643756529045	14.55265617301419
15.20266191247878	14.61161184273575
15.27214170664738	14.57149766471791
15.23457589035981	14.67424655100999
15.26938158086055	14.72784261436521
15.3330683916744	14.69107301684929
15.29839428800653	14.78478325822236
15.33003582454271	14.83350695175089
15.38845628689854	14.79977788193828
15.35641101262087	14.88527117298272
15.38517604631338	14.92956544056671
15.43880891908172	14.89860048689526
15.40915349041839	14.97662382429186
15.43530352120264	15.01689134051917
15.48458403977417	14.98843921971935
15.45710119779008	15.05967168961812
15.48087395222963	15.09627852188132
15.52619778520613	15.07011079471163
13.68414130163381	10.76414684236341
13.94547965305033	10.64779151180885
13.77980803136997	11.01336719467833
13.88998373925313	11.22959919606517
14.12811613780967	11.12357582134931
13.97695349427631	11.4561631532907
14.07711322858486	11.65273769977606
14.29414930638362	11.55610701217892
14.15617664213563	11.85870493338014
14.2472309459991	12.03740906647028
14.44508855038944	11.94931718534456
14.31910677645415	12.22465200603184
14.40188341643488	12.38711030906948
14.58230604497431	12.30678097929541
14.4672250805647	12.55733116345877
14.54247657123293	12.70502052943891
14.7070492217704	12.63174806451283
14.6018780838992	12.85976676026703
14.67028852996368	12.99402982027304
14.82045210958721	12.92717268703072
14.72428990511422	13.13470821196281
14.78648122000729	13.25676553982457
14.92354564419147	13.19574052632487
14.83557337946101	13.38465498742895
14.89211093847737	13.49561619463654
15.01726703952798	13.43989310818067
14.93674017436016	13.61187932888796
14.98813795455249	13.71275315224958
15.10246830744557	13.66184999941296
15.0287099865873	13.81844690923045
15.07543524105779	13.91015038444359
15.17992400477993	13.86362898940454
15.11231890635735	14.00623561745429
15.15479641079461	14.08960241389135
15.25033827518439	14.04706443507726
15.1883270158995	14.17695262655336
15.22694292916676	14.25274062360448
15.31435124867754	14.21382393228293
15.25742529755501	14.33214990814813
15.29253067291607	14.40104808663513
15.37254486078823	14.36542347482253
15.3202419166385	14.47323834463108
15.35215589451954	14.53587305290531
15.4254481444782	14.50324124067425
15.37734793448707	14.60150056076108
15.40636064163306	14.65844120461823
15.47354203894594	14.62853011927919
15.42926249613327	14.71810257536741
15.45563768421143	14.76986679659924
15.51726376098606	14.74242909932306
15.47645755175133	14.82410440589394
15.50043499585635	14.87116278961908
15.55701078114791	14.84597362698403
15.51936214847829	14.92046970798536
15.54115982506573	14.96325005708431
15.59314443625396	14.94010501686343
15.55836632754984	15.00807452859743
15.57818239639436	15.04696575449075
15.62599321297911	15.02567900747922
14.24412350234183	10.5507562430149
14.51619265882573	10.46235561539741
14.31321553927038	10.8086112365063
14.40018529429356	11.03517519373183
14.64809563908547	10.95462423982988
14.46299623762476	11.26958882467289
14.54205965117553	11.47555605827697
14.76800743990872	11.40214117138409
14.59916050866758	11.68865935889012
14.67103633912263	11.87590229845168
14.87701816781042	11.80897474520385
14.72294620953229	12.06963257165829
14.78828787366211	12.23985342604758
14.97611882955516	12.17882344885182
14.83547866499719	12.41597185648895
14.89488017766346	12.57071808731707
15.06621034015281	12.51504954288331
14.93778089692603	12.73082575090719
14.99178227207657	12.87150414259696
15.14811171328658	12.8207096279501
15.03078292594776	13.01705656407363
15.07987508540148	13.14494601167801
15.22256750720095	13.09858243322428
15.11533022544466	13.27726639547552
15.15995946132745	13.39352952972694
15.29025459274646	13.35119407508935
15.19219140682978	13.5138207877945
15.23276343886458	13.61951454477537
15.35178830645285	13.58084102083776
15.26206520706864	13.72887023245623
15.2989488723682	13.82495546546693
15.40772804563093	13.78961096940777
15.32558684334222	13.92436972635608
15.35911744844712	14.0117199390181
15.45858235405139	13.97940183197499
15.38333378589356	14.10209654069617
15.41381615428181	14.18150582523982
15.50481354380022	14.15193898095042
15.4358310065842	14.26366637253718
15.46354225030663	14.33585663053313
15.54684189800115	14.30879093417927
15.48355575220519	14.41054803646462
15.50874779217272	14.47617554432039
15.58504949269194	14.45138361883843
15.52694188496495	14.54407682304806
15.54984373946516	14.60373819379724
15.61978366982795	14.58101333274425
15.56638382380894	14.66546662897538
15.58720369134885	14.71970423827007
15.65136019434749	14.6988585266823
15.6022401315246	14.77582099702999
15.62116728414655	14.82512791539626
15.68006612581692	14.80599052153357
15.63483677544023	14.87614315148762
15.65204327792433	14.92096762300074
15.70616242744909	14.90338324526186
15.66447008826283	14.96734511063768
15.68011236250387	15.00809462974035
15.72988633738475	14.9919220849417
14.82334345339356	10.39706869858945
15.10316256833373	10.33759130968449
14.86510381069445	10.66073321998386
14.92791475402564	10.89514685092492
15.18288688743812	10.84095085094407
14.96587871582914	11.13484187079009
15.02297957332119	11.34794517140324
15.25536354173405	11.29855043407801
15.05749226581362	11.56584973467201
15.10940213622327	11.75958000787862
15.32125140919005	11.71455005478682
15.14077731118686	11.95767506531866
15.18796810252194	12.13379349576002
15.38114947051076	12.09273152834309
15.21649098887906	12.31387991187625
15.25939170814163	12.47398757546637
15.43560225347053	12.43653286774596
15.28532160474429	12.63770249875302
15.32432225861549	12.78325492022969
15.48510478334107	12.74907953950887
15.34789489188336	12.93208666870596
15.38335003192654	13.06440705250346
15.53010708330878	13.033212878162
15.40477969862638	13.19970864268032
15.43701164412871	13.31999990074788
15.57101826519134	13.29151591402728
15.45649315931143	13.4430013464363
15.48579492751548	13.55235703411716
15.6082102484432	13.52633685429819
15.50350539558463	13.66417652869965
15.53014336655865	13.7635907895888
15.64202114197731	13.73981043420298
15.54624379202361	13.86524487491111
15.57046012947005	13.95562147658918
15.67275831796981	13.93387732525908
15.58509687999759	14.04803428232297
15.60711173229998	14.13019482962032
15.70070120538524	14.1103017728946
15.62041786918786	14.21420647152205
15.64043137108641	14.28889787745354
15.72610383023289	14.27068763398975
15.65252785904619	14.36527209664697
15.67072195183842	14.43317337537464
15.7491971255215	14.41649296216363
15.68171875916725	14.50260448435509
15.69825884351103	14.56433291953324
15.77019103041222	14.54904326109768
15.70825594107293	14.62745210948684
15.72329238124868	14.68356886824675
15.78927639840036	14.66954353232402
15.73238065167493	14.74094994951948
15.74605014296861	14.79196518561084
15.80662673298461	14.77908923381066
15.75431220712661	14.84412980582475
15.7667390174651	14.89050729346168
15.82239976460066	14.87867623632534
15.77424998492315	14.93792967576246
15.7855470845203	14.98009102780536
15.83673888361524	14.96920987500393
15.41545509979637	10.30476804198547
15.69995841641323	10.27486553851312
15.42942624225147	10.57135332760656
15.46739020405497	10.81104834747172
15.72663059803716	10.78380108412947
15.4800912432238	11.05339860746698
15.51460393571623	11.27130317073575
15.75087803642012	11.24646976205704
15.52615033493036	11.49162158866807
15.55752550989394	11.6897166461081
15.77292116217125	11.66707765076153
15.56802223643095	11.89000611688029
15.59654512278806	12.07009253299652
15.79296036737736	12.04944845886605
15.60608760145718	12.25217387032884
15.63201749805983	12.41588879361549
15.81117782661722	12.39705828422385
15.64069247863058	12.58141728164097
15.66426511189845	12.73024903011724
15.82773915315061	12.71306721594492
15.6721514578611	12.88072947381282
15.69358112456094	13.01603106398968
15.84279490455778	13.0003480636619
15.70075053000546	13.15283146801108
15.72023204518818	13.2758329136995
15.85648195130892	13.26151247141456
15.7267496864948	13.40019691743076
15.74446015456394	13.51201641201324
15.86892472095547	13.49893465884758
15.75038528290387	13.62507459571501
15.76648570836883	13.72672868103732
15.88023632962138	13.71477300887426
15.77187218869481	13.82950884736223
15.78650893922236	13.92192165309602
15.89051961025444	13.91098969095059
15.79140573952944	14.01535816884745
15.80471187641732	14.09936981074918
15.89986804721472	14.08936849407895
15.80916351307052	14.1843120981261
15.82126000103029	14.26068631731952
15.90836662623544	14.25153104198338
15.82530694339782	14.33790657784703
15.83630375072664	14.40733768682749
15.91609260714596	14.39895153998464
15.83998278926964	14.47753792430124
15.84997988683154	14.54065711425484
15.92311622617587	14.53297017513362
15.85332446731845	14.60447551193006
15.8624127377447	14.6618565932028
15.92950133434668	14.65480529746
15.86545326542859	14.71987331785396
15.87371532958659	14.77203793806786
15.93530597814877	14.76556449995216
15.87647944570479	14.82478041590886
15.88399041316284	14.87220279820964
15.94058292711305	14.86625468521324
15.88650324600891	14.92015050562972
15.89333139756545	14.96326176200753
15.94538015280916	14.95779121739101
16.01397114244509	10.27486553851259
16.30004158286669	10.27486553855884
15.99999999928993	10.54145082418047
16.01270103845876	10.78380108417572
16.27336940100543	10.78380108419121
15.99999999975265	11.02615134414022
16.01154639896678	11.24646976207253
16.24912196347139	11.24646976206237
16.00000000013885	11.46678817997918
16.01049672667585	11.66707765075137
16.22707883842322	11.66707765072017
16.00000000045561	11.86736712150252
16.00954247912473	12.04944845883485
16.20703963379243	12.04944845878648
16.00000000071417	12.23152979615001
16.00867498128492	12.39705828417549
16.18882217501943	12.39705828411329
16.00000000092247	12.56258677218714
16.00788634688512	12.71306721588273
16.17226084885869	12.71306721580964
16.00000000108683	12.86354765956741
16.00716940653135	13.00034806358881
16.15720509774401	13.00034806350724
16.00000000121496	13.13714846760173
16.00651764252159	13.26151247133298
16.14351805121665	13.26151247124507
16.00000000131061	13.38587647505791
16.00592512965054	13.49893465875967
16.13107528167042	13.4989346586715
16.00000000131529	13.61199284246117
16.00538648164127	13.71477300878608
16.11976367311716	13.71477300869075
16.00000000142325	13.81755317510383
16.00489680173034	13.91098969085526
16.10948039261704	13.9109896907583
16.00000000144823	14.00442620660506
16.00445163810142	14.08936849398199
16.10013195569076	14.08936849388446
16.00000000145725	14.17431078135835
16.00404694382478	14.25153104188585
16.09163337667438	14.25153104178867
16.00000000145256	14.3287513024137
16.00367903999556	14.39895153988746
16.08390739574308	14.39895153979137
16.00000000143647	14.46915177736231
16.00334458192339	14.53297017503753
16.07688377667207	14.53297017494314
16.00000000141148	14.59678857271445
16.00304052909537	14.65480529736561
16.07049866844393	14.65480529727339
16.00000000137914	14.71282202201895
16.00276411749734	14.76556449985994
16.06469402457127	14.7655644997703
16.0000000013409	14.81830697770351
16.00251283418698	14.86625468512359
16.05941707552618	14.8662546850368
16.00000000129833	14.91420239254653
16.00228439414836	14.95779121730422
16.05461984848736	14.95779121730412
16.61233411433115	10.3076888062571
16.89683743094965	10.3375913098222
16.57057375633003	10.57135332779182
16.55787271762393	10.81370358775632
16.8171131116076	10.84095085112979
16.51990875628299	11.05339860752919
16.50836235745506	11.27371702543584
16.74463645816029	11.29855043409443
16.47384966534868	11.49162158862761
16.46335293912845	11.69191105937876
16.67874859140697	11.71455005466311
16.4319777644815	11.89000611675566
16.42243528607095	12.07208745407082
16.61885053066134	12.09273152810472
16.39391239997227	12.25217387013554
16.38523741960982	12.41770235814719
16.5643977481682	12.4365328674146
16.35930752321536	12.58141728139236
16.35142117741707	12.73189772507704
16.51489521867012	12.74907953910332
16.32784854431345	12.8807294735206
16.32067913899706	13.01752987753351
16.4698929189947	13.03321287769825
16.29924947242527	13.15283146768489
16.29273183121429	13.27719547140981
16.42898173733575	13.29151591351906
16.27325031612713	13.40019691707924
16.26732518779188	13.51325510078074
16.39178975418405	13.52633685377016
16.24961471972734	13.62507459536241
16.24422823950933	13.72785476168016
16.35797886076245	13.73981043365265
16.22812781415227	13.82950884698099
16.22323101387016	13.92294536273079
16.32724168490277	13.93387732468237
16.20859426336753	14.01535816845968
16.20414262672336	14.10030045583604
16.29929879752122	14.11030177231128
16.19083648984445	14.18431209773606
16.18678954747224	14.26153235826391
16.2738961726778	14.27068763340574
16.17469305950772	14.33790657745835
16.17101402094863	14.40810681493321
16.25080287736832	14.41649296158393
16.16001721360366	14.47753792391695
16.15667263309175	14.54135632159387
16.22980897243642	14.54904326052635
16.14667553550482	14.60447551155254
16.14363500778859	14.66249223620587
16.21072360439086	14.66954353176428
16.13454673732996	14.71987331748514
16.13178262117353	14.77261579532871
16.19337326973597	14.77908923326516
16.12352055697727	14.82478041555031
16.12100772408862	14.87272812297325
16.17760023803905	14.87867623579611
16.11349675658796	14.9201505052826
16.11121236243779	14.96373933012698
16.16326111768168	14.96920987474334
17.20398822551868	10.40287822662959
17.48380734045971	10.4623556156274
17.13489618788956	10.66073322035473
17.09693222654863	10.9004282401276
17.35190435996166	10.95462424013972
17.0341212836797	11.13484187091478
16.99960859157332	11.35274643410655
17.23199255998645	11.40214117141165
16.94250773446704	11.5658497345913
16.9111325598201	11.7639447919682
17.12298183278691	11.8089747449977
16.85922268972683	11.95767506506951
16.83069980362815	12.13776148113422
17.02388117161677	12.17882344845446
16.78350901255128	12.31387991148966
16.75757911615682	12.47759483473483
16.93378966148531	12.51504954233083
16.71467839710223	12.63770249825576
16.69110576399861	12.78653424669931
16.8518882887236	12.82070962727386
16.65210511029149	12.93208666812142
16.6306754437197	13.0673882582728
16.77743249510117	13.09858243245097
16.59522030380439	13.1997086420278
16.57573878871723	13.32271008769723
16.70974540977894	13.35119407424182
16.5435068433103	13.44300134573308
16.52579637524576	13.55482084031476
16.64821169617242	13.58084101995715
16.49649460704617	13.66417652799422
16.48039418168911	13.76583061329504
16.59227195710658	13.78961096848992
16.45375621082287	13.86524487414836
16.43911946032024	13.95765767987725
16.54141764881869	13.97940183101312
16.41490312289859	14.04803428154713
16.40159698601968	14.13204592344715
16.49518645910353	14.15193897997747
16.37958213372616	14.21420647074163
16.36748564576165	14.29058068993606
16.45315810490661	14.30879093320511
16.34747214385825	14.36527209586923
16.33647533651328	14.43470320485298
16.41495051019476	14.45138361787142
16.31828124370483	14.50260448358612
16.3082841461179	14.56572367354479
16.38021633301741	14.58101333179113
16.29174406174899	14.62745210873135
16.28265579129037	14.68483319001062
16.3486398084403	14.69885852574847
16.26761935108216	14.7409499487814
16.2593572868859	14.79311456900301
16.31993387690009	14.80599052062343
16.2456877955539	14.84412980510718
16.23817682805324	14.89155218741653
16.29383757518692	14.90338324437881
16.22575001767207	14.93792967506773
16.21892186481536	14.98104093170561
16.27011366390837	14.99192208450635
17.78245118975225	10.55939088442095
18.05452034623725	10.64779151213155
17.6867844593156	10.80861123706315
17.62397351644667	11.04302486785032
17.87188386123976	11.12357582178387
17.53700376188582	11.26958882486044
17.47990290477954	11.48269212534519
17.70585069351398	11.55610701221832
17.4008394916146	11.68865935876952
17.34892962152134	11.88238963187083
17.55491145021043	11.94931718505682
17.27705379138273	12.069632571285
17.22986300030586	12.24575100164044
17.41769395620027	12.30678097874002
17.16452133643431	12.41597185590947
17.12162061737972	12.5760795194304
17.29295077987048	12.63174806374032
17.06221910492148	12.73082575016167
17.02321845121436	12.87637817158378
17.17954789242581	12.92717268608499
16.96921707622793	13.01705656319718
16.93376193631263	13.14937694695218
17.07645435811358	13.19574052524327
16.88466977698682	13.27726639449705
16.85243783157989	13.39755765253291
16.98273296300042	13.4398931069952
16.80780859579254	13.51382078673997
16.77850682759295	13.62317647441944
16.89753169518276	13.6618499981812
16.73793479556264	13.72887023139837
16.71129682469639	13.82828449225169
16.82007599796069	13.86362898812067
16.67441315950464	13.92436972521222
16.65019682208299	14.0147463268821
16.74966172768886	14.04706443373177
16.61666621700292	14.10209653953267
16.5946513647094	14.18425708682714
16.68564875422942	14.21382393092196
16.56416899633003	14.26366637136677
16.54415549442663	14.33835777729994
16.62745514212281	14.3654234734599
16.51644425069939	14.41054803529824
16.49825015789094	14.47844931403138
16.57455185841182	14.50324123932164
16.47305811790719	14.54407682189481
16.45651803353829	14.60580525708138
16.52645796390276	14.62853011794605
16.43361617901298	14.66546662784236
16.41857973880477	14.72158338661314
16.48273624180511	14.74242909801694
16.39775987123243	14.77582099592305
16.38409037990043	14.82683623202723
16.44298922157251	14.84597362571108
16.36516322724017	14.87614315041146
16.352736416859	14.92252063806266
16.40685556638549	14.9401050156284
16.33552991433224	14.96734510959575
16.32423281343486	15.00950646207209
16.37400678831747	15.025679006871
18.341385245746	10.77551199420054
18.60272359716338	10.8918673248483
18.22019196721799	11.01336719542151
18.13322221265714	11.23993115243162
18.37135461121451	11.34595452717912
18.02304650523629	11.45616315354148
17.94398309207136	11.66213038696582
18.16101916987093	11.75876107454324
17.84382335814861	11.85870493322007
17.77194752801	12.04594787263424
17.96980513240113	12.13403975369813
17.68089322446296	12.22465200553487
17.6155515605914	12.3948728598039
17.7959741891316	12.47520218948177
17.53277492086892	12.55733116268691
17.47337340841068	12.71207739341819
17.63794605894889	12.78534985822039
17.39812191795045	12.8597667592738
17.34412054296403	13.0004451508872
17.49428412258828	13.06730228398382
17.27571009706364	13.13470821079502
17.22661793773784	13.26259765833989
17.36368236192273	13.32362267167689
17.16442662297267	13.38465498612514
17.11979738718532	13.5009181203322
17.24495348823663	13.55664120661269
17.06325982826438	13.61187932748275
17.02268779623407	13.71757308446169
17.13701814912783	13.76847623712236
16.97129001604621	13.81844690782081
16.93440635085446	13.91453214078135
17.03889511457728	13.96105353563013
16.88768109649176	14.00623561592999
16.85415049141168	14.09358582858055
16.94969235580214	14.13612380720109
16.81167298699924	14.17695262500287
16.78119061861987	14.2563619095425
16.86859893813131	14.29527860066934
16.74257470536149	14.33214990658843
16.71486346163425	14.40434016458674
16.79487764950705	14.4399647762053
16.67975808626836	14.47323834307677
16.65456604628462	14.5388658509402
16.72785829624392	14.57149766297941
16.62265206838737	14.60150055922428
16.59975021386206	14.66116192998526
16.66693161117558	14.69107301513582
16.57073750669097	14.71810257385759
16.54991763911863	14.7723401831675
16.61154371589389	14.79977788025955
16.52354245100803	14.8241044044189
16.50461529834777	14.87341132280313
16.56119108363995	14.89860048525917
16.48063785420444	14.92046970655135
16.46343135167768	14.96529417808445
16.51541596286652	14.98843921813203
16.44163367504758	15.00807452720908
16.42599139950632	15.04882404691858
16.47380221609168	15.07011079393019
18.87466659502017	11.04887368786472
19.12241086370484	11.19190890809936
18.72927458732004	11.2727577463039
18.61909887989919	11.48898974741376
18.84484430383103	11.61932392869552
18.48692432772551	11.69252070957074
18.38676459380277	11.88909525582499
18.59251106798221	12.00788303807285
18.26660591012762	12.07412340304535
18.17555160658057	12.25282753594598
18.3631172173562	12.36111859180466
18.06631643962972	12.42103494245744
17.98353979990723	12.58349324534045
18.15457735301936	12.68224182265068
17.88423510252124	12.73640906967501
17.80898361206102	12.88409843553062
17.96499565824844	12.97417203236732
17.71870661467609	13.02311282091271
17.6502961687757	13.15737588082052
17.79264866321056	13.23956313177128
17.56822617112276	13.28375259484239
17.50603485635759	13.40580992262764
17.63596957641226	13.48082776819367
17.43142576721223	13.52069784502816
17.3748882082913	13.63165905217872
17.49353404253932	13.70015925648277
17.30706176356371	13.73610261806729
17.25566398337586	13.83697644142641
17.36404719430174	13.89955151739272
17.19400357986586	13.93192513644779
17.14727832550316	14.02362861159643
17.24633187892297	14.08081720728714
17.0912234136344	14.10994560646948
17.04874590922195	14.1933124028918
17.13931795573676	14.24560419828709
16.9977868979045	14.2717823990187
16.95917098464612	14.34757039606463
17.04203257030846	14.39541055481094
16.91284461053528	14.41890675646158
16.87773923516939	14.48780493495161
16.95359131103184	14.53159815132821
16.83562435000362	14.55265617107193
16.80371037210637	14.61529087935601
16.87319016627552	14.6554050571821
16.76542411251582	14.67424654908959
16.73641140534474	14.73118719296192
16.8000982161591	14.76795679028943
16.70160571481886	14.78478325633566
16.67523052670825	14.83654747758706
16.73365098906457	14.87027654721559
16.6435889901396	14.88527117113948
16.61961154599627	14.9323295548877
16.67324441876504	14.96329450838019
16.5908465122654	14.97662382249989
16.5690488356353	15.01940417162452
16.61832935420725	15.04785629225106
16.54289880480837	15.0596716878832
16.52308273466363	15.09856291455674
16.56840656764052	15.12473064172652
19.37645249551658	11.37648095749422
19.60788834341668	11.54462894351116
19.20845470390481	11.58394095255549
19.07628015173113	11.78747191471246
19.2871652869319	11.94068893396412
18.92355488685812	11.97607191010415
18.80339620318297	12.16110005732451
18.99559887231497	12.30074347044219
18.66455505343906	12.33255459841088
18.55531988648821	12.50076200492234
18.73053849556482	12.62806577610583
18.42910065948196	12.65662976949961
18.32979596209597	12.80954559383417
18.48957451655479	12.92563150869843
18.21505121009219	12.95124356184949
18.12477421270726	13.09025794723158
18.27051635391663	13.19614581092567
18.02046080207287	13.2190742814435
17.93839080441992	13.34545099546537
18.07137256994545	13.44206790354885
17.84356043108314	13.46255675387662
17.76895134193778	13.57744467627715
17.89033276587688	13.66563344285639
17.68274191120599	13.68390445717344
17.61491546647841	13.78834802306201
17.72575112533299	13.86887484281526
17.53654325666631	13.88512964212459
17.47488285315631	13.98007833714597
17.57613145297282	14.0536397507895
17.40363539060824	14.06806162605763
17.34758047873948	14.15437862093068
17.44011357039473	14.22160784723991
17.28281005870945	14.23436342846943
17.231851047392	14.31283342459633
17.31646094973408	14.37430611691168
17.17296884676138	14.38554688672934
17.12664247265054	14.45688324712629
17.20404947558931	14.51312272670003
17.0731131991364	14.52298639478164
17.03099831397062	14.58783763090196
17.10185722660444	14.63931964439203
16.98233533849989	14.6479314009386
16.94404907890934	14.70688707067218
17.00895518212181	14.75404411495684
16.89981000989744	14.76151777120034
16.86500431937157	14.81511383457408
16.92449877765814	14.85833908867408
16.82478698391981	14.86477810776317
16.79314544735114	14.91350180131558
16.84772022847566	14.95315270073388
16.75658423362042	14.9586511401863
16.72781919988956	15.00294540779849
16.77792154715549	15.03934689381554
16.69458173230012	15.04399026200943
16.66843170147318	15.08425777826811
16.71446819975218	15.11770525208449
16.63821582165931	15.12157128232613
16.61444306591951	15.1581781155429
16.65678333788819	15.18894012377541
19.84124527590245	11.75474446928622
19.65248231933927	11.94350742584939
19.49975705446627	12.13210742124109
19.3281543668561	12.30371010885125
19.18931321711219	12.47516464993762
19.03331077399081	12.63116709305899
18.90709154698457	12.78703485763627
18.76527114418737	12.92885526043347
18.65052639218359	13.07055322844879
18.52159875307709	13.1994808675553
18.4172853424427	13.32829720176722
18.30007839811494	13.44550414609498
18.20524802477816	13.56260990450623
18.09869625717249	13.66916167211189
18.01248682644071	13.77562145300818
17.91562158268621	13.87248669676268
17.8372493728741	13.96926831582526
17.74919006030873	14.05732762839064
17.67794259776066	14.1453109173023
17.59788867828372	14.22536483677924
17.53311825825369	14.30534964431799
17.46034196833843	14.37812593423325
17.40145976770781	14.45083939636626
17.33529950347607	14.516999660598
17.28177022996193	14.58310280825335
17.22162453496685	14.64324850324843
17.17296155949612	14.70334227328508
17.11828365546309	14.75802017731811
17.07404458645119	14.81265087784626
17.02433740051566	14.86235806378179
16.98412006506389	14.91202233697088
16.93893171422946	14.95721068780531
16.90237050049874	15.00236002667604
16.86129018191451	15.04344034526027
16.82805271432506	15.0844851994712
16.79070696952732	15.12183094426895
16.76049108971345	15.15914444832696
16.72654041241494	15.19309512562547
16.69907143036482	15.22701649325836
16.84498124402991	15.31574768023402
16.91960825215167	15.25531592061196
17.00169796057865	15.18884098543815
17.09199663832443	15.11571855798102
17.19132518470585	15.03528388708077
17.30058658576433	14.94680574905911
17.42077412583832	14.84947979811826
17.55298042114783	14.74242125108875
17.69840734541058	14.62465684982417
17.85837696047353	14.49511600974964
18.03434353829628	14.35262108465286
18.22790677640862	14.19587666501585
18.44082633818395	14.02345780353512
18.67503785498472	13.83379705683962
18.93267052338069	13.62517023554299
19.21606645937677	13.39568073150089
19.52780198848917	13.14324227744612
19.87071107061015	12.86555997790666
20.24791106133193	12.5601094480989
16.91187619183555	15.40782067696456
16.99241122436443	15.35552061532207
17.08099975959902	15.29799054787054
17.17844714671258	15.23470747474186
17.28563927346661	15.16509609369672
17.40355061293815	15.08852357451994
17.5332530851802	15.00429380418967
17.67592580597178	14.9116410559656
17.83286579821911	14.80972303332407
18.00549978793613	14.69761320955764
18.19539717797785	14.57429240253643
18.40428430972943	14.43863951305572
18.6340601544961	14.28942133473075
18.88681358249644	14.12528133938113
19.16484235320495	13.94472734455565
19.47067400180508	13.74611794971467
19.80708881474381	13.52764761572853
20.17714510908116	13.2873302482751
20.58420703327204	13.0229811438044
16.96878043326129	15.5063817142801
17.05434113152781	15.46278636103699
17.14845789903961	15.4148314727656
17.25198634155548	15.36208109655734
17.36586762930996	15.30405568222507
17.49113704588471	15.24022772643702
17.62893340286688	15.17001697570717
17.78050939695525	15.0927851491868
17.94724298979022	15.00783014035197
18.13064994004392	14.91437963158319
18.33239758676061	14.81158407120565
18.55432000102338	14.69850895332542
18.79843465654233	14.57412632374366
19.06696077629286	14.43730543187728
19.36233950792062	14.28680245087337
19.68725611358318	14.12124917132486
20.04466437925817	13.93914056410409
20.43781347161169	13.73882109610383
20.87027747364681	13.51846968107706
17.01507051352958	15.61035093682965
17.10471945661881	15.57593793179895
17.20333329340774	15.53808362649883
17.31180851204503	15.49644389137145
17.43113125358014	15.45064018233407
17.5623862693158	15.40025610237522
17.70676678531527	15.34483361492334
17.86558535438991	15.28386887815984
18.04028577967817	15.2168076679865
18.23245624554121	15.14304033754519
18.44384375949704	15.0618962734822
18.67637002786012	14.97263780185643
18.93214892288123	14.87445348313632
19.21350570602127	14.76645073307609
19.52299816737264	14.64764770804842
19.86343987577285	14.51696438016736
20.2379257544329	14.37321271972137
20.64986022107506	14.21508589318524
21.10298813484926	14.04114638381695
17.0502392688343	15.71858923605364
17.1429942441655	15.69373561531985
17.24502471639946	15.66639663268137
17.35725823396287	15.63632375228662
17.48071510435248	15.60324358356539
17.61651766182977	15.56685539795932
17.76590047369968	15.52682839415584
17.9302215682829	15.48279868956288
18.11097477160657	15.43436601470316
18.30980329324073	15.38109007289844
18.52851466859713	15.32248653649637
18.7690971846051	15.25802264561873
19.03373795202938	15.18711236570254
19.32484279476516	15.10911105817917
19.64505812166814	15.02330961993108
19.99729498220677	14.92892803760497
20.38475552819909	14.82510829720759
20.81096212891057	14.71090658273727
21.27978939017745	14.58528469669131
17.07390138293353	15.8299107304981
17.16874614758674	15.81488879553095
17.27307538806069	15.79836466716895
17.38783755064541	15.78018812627758
17.51407593058254	15.76019393112346
17.65293814856324	15.73820031644637
17.80568658695639	15.71400734052115
17.97370987074952	15.68739506675604
18.15853548218797	15.65812156573089
18.36184365270269	15.62592071492987
18.58548264186296	15.59049977879709
18.83148553312532	15.55153674854595
19.10208871332523	15.50867741529937
19.39975221008214	15.46153214896089
19.72718205640581	15.4096723560049
20.08735488832853	15.35262658360031
20.48354500282992	15.28987623405299
20.91935412890388	15.22085084953043
21.39874416808059	15.14492292647834
17.08579760875289	15.94309575857202
17.18169302363904	15.93807009283454
17.28717797936205	15.93254186055725
17.40321142869929	15.92646080515495
17.53084822407626	15.91977164415409
17.67124869904139	15.91241356705086
17.82568922010209	15.90431968231084
17.99557379484678	15.89541640901394
18.18244682632384	15.88562280842644
18.38800715885801	15.87484984788895
18.61412352625747	15.86299959121406
18.86285153361813	15.84996430870239
19.13645234152409	15.83562549794933
19.43741322874157	15.81985280619953
19.76847020457054	15.80250284527962
20.1326328789598	15.7834178882166
20.53321182016768	15.76242443548031
20.97384865561997	15.73933163746283
21.45854917511851	15.71392955961851
17.08579760875298	16.05690424142421
17.18169302363917	16.0619299071619
17.2871779793622	16.06745813943898
17.40321142869949	16.07353919484124
17.53084822407644	16.08022835584135
17.67124869904161	16.08758643294446
17.82568922010235	16.09568031768455
17.99557379484708	16.10458359098119
18.18244682632421	16.1143771915688
18.38800715885834	16.1251501521048
18.61412352625786	16.13700040877969
18.86285153361855	16.15003569129043
19.13645234152448	16.16437450204204
19.43741322874209	16.1801471937923
19.76847020457107	16.19749715471092
20.13263287896037	16.21658211177274
20.53321182016835	16.23757556450876
20.97384865562061	16.26066836252377
21.45854917511926	16.28607044036769
17.07390138293374	16.17008926949856
17.16874614758706	16.18511120446598
17.27307538806107	16.20163533282783
17.38783755064588	16.21981187371923
17.51407593058295	16.2398060688727
17.65293814856375	16.26179968354974
17.80568658695703	16.28599265947513
17.97370987075026	16.31260493324007
18.15853548218888	16.34187843426546
18.36184365270347	16.37407928506512
18.58548264186393	16.40950022119802
18.83148553312631	16.44846325144838
19.10208871332615	16.49132258469368
19.3997522100834	16.53846785103282
19.72718205640708	16.59032764398773
20.08735488832986	16.64737341639134
20.48354500283153	16.71012376593865
20.91935412890535	16.77914915045901
21.39874416808238	16.855077073511
17.05023926883567	16.28141076393924
17.14299424416703	16.30626438467339
17.24502471640106	16.33360336731184
17.35725823396456	16.36367624770675
17.48071510435407	16.39675641642746
17.61651766183147	16.43314460203365
17.76590047370158	16.47317160583746
17.93022156828489	16.51720131043046
18.11097477160881	16.56563398529062
18.30980329324269	16.61890992709419
18.52851466859933	16.67751346349665
18.76909718460725	16.74197735437379
19.03373795203134	16.81288763428899
19.3248427947676	16.89088894181336
19.64505812167051	16.97669038006073
19.99729498220913	17.07107196238626
20.3847555282018	17.17489170278407
20.81096212891293	17.28909341725268
21.2797893901802	17.41471530329908
17.01507051353033	16.38964906316644
17.1047194566198	16.42406206819748
17.20333329340882	16.46191637349755
17.31180851204627	16.50355610862504
17.43113125358125	16.54935981766187
17.56238626931707	16.59974389762079
17.70676678531683	16.65516638507296
17.86558535439163	16.71613112183644
18.04028577968024	16.78319233201016
18.23245624554292	16.85695966245027
18.44384375949912	16.93810372651357
18.67637002786217	17.02736219813877
18.93214892288306	17.12554651685781
19.21350570602381	17.23354926691895
19.52299816737512	17.35235229194578
19.86343987577535	17.48303561982617
20.23792575443594	17.62678728027246
20.64986022107766	17.78491410680676
21.10298813485247	17.95885361617533
16.96878043326169	16.49361828571718
17.05434113152853	16.53721363896063
17.14845789904044	16.58516852723196
17.25198634155654	16.63791890344033
17.36586762931085	16.69594431777203
17.49113704588581	16.75977227356015
17.62893340286837	16.82998302429029
17.78050939695695	16.90721485081063
17.94724298979238	16.99216985964582
18.13064994004563	17.08562036841341
18.33239758676279	17.18841592879124
18.55432000102553	17.30149104667089
18.7984346565442	17.42587367625158
19.06696077629566	17.56269456811885
19.36233950792336	17.7131975491219
19.68725611358597	17.87875082866972
20.04466437926167	18.06085943589078
20.43781347161464	18.26117890388918
20.87027747365056	18.48153031891621
16.91187619183597	16.59217932303292
16.99241122436521	16.64447938467579
17.08099975959991	16.70200945212731
17.17844714671369	16.76529252525617
17.28563927346747	16.83490390630081
17.40355061293924	16.91147642547773
17.5332530851817	16.99570619580836
17.67592580597348	17.08835894403251
17.83286579822133	17.19027696667451
18.00549978793773	17.30238679043984
18.19539717797996	17.42570759746148
18.40428430973142	17.56136048694174
18.63406015449766	17.71057866526578
18.88681358249903	17.87471866061645
19.16484235320736	18.05527265544126
19.47067400180744	18.25388205028174
19.8070888147469	18.47235238426838
20.17714510908346	18.7126697517202
20.58420703327515	18.97701885619142
16.84498124402977	16.68425231976429
16.91960825215196	16.74468407938678
17.00169796057902	16.81115901456062
17.09199663832504	16.88428144201797
17.19132518470613	16.96471611291777
17.30058658576485	17.05319425093962
17.42077412583928	17.15052020188089
17.55298042114898	17.25757874891053
17.6984073454123	17.37534315017564
17.85837696047446	17.50488399024916
18.03434353829775	17.64737891534644
18.22790677640991	17.80412333498308
18.44082633818465	17.97654219646298
18.67503785498657	18.16620294315963
18.93267052338222	18.37482976445571
19.21606645937816	18.60431926849744
19.52780198849133	18.85675772255286
19.87071107061124	19.13444002209086
20.24791106133387	19.4398905518993
16.77298350674125	15.3009285696347
16.80690487446074	15.27345958767122
16.81105987631041	15.3432166621975
16.84085555175925	15.23950891037272
16.87816905582013	15.20929303056169
16.88229474809079	15.28553180042299
16.91551480061787	15.17194728576395
16.95655965483136	15.13870981817704
16.96065310636516	15.22207845302506
16.99763997341559	15.09762949959281
17.04278931228848	15.06106828586424
17.04684729945154	15.15227977170959
17.08797766312292	15.01587993502981
17.13764193631362	14.97566259957969
17.14166091151514	15.0755012225309
17.18734912224916	14.92595541364415
17.2419798227784	14.88171634463332
17.24595588523509	14.99104481806994
17.29665772681142	14.82703844060029
17.35675149684842	14.77837546512987
17.36068035580132	14.89814277358868
17.4168971918435	14.71822977013479
17.48300033949826	14.66470049662003
17.48687727349307	14.79595052460351
17.54916060372999	14.59854023238829
17.62187406586137	14.539658031756
17.6256938832792	14.68353905045646
17.69465035577663	14.46688174184074
17.7746351633081	14.40211132180348
17.77839215294205	14.55988642978691
17.85468908278504	14.32205740232654
17.94267237169642	14.25080993977815
17.9463602493849	14.42386854720125
18.0307316842618	14.16275062721277
18.12751330331797	14.08437841739426
18.13112515735245	14.27424887483435
18.22437854707247	13.98751317363976
18.33083832796014	13.9013037428994
18.33436655729629	14.10966723427548
18.4373900955658	13.79475197529373
18.55449585396619	13.69992160194599
18.55793209658434	13.92862743018737
18.67170279829394	13.58271465761823
18.80051913249192	13.47840124696992
18.80385418918271	13.72948364619131
18.92944677159842	13.34947360786342
19.07114473959646	13.23472885584236
19.07436849137873	13.51042548352194
19.21296514239366	13.09290845304516
19.36883290694987	12.96668922601778
19.37193422393297	13.2694615044735
19.52483535007124	12.8106867828964
19.69628989113173	12.67184563312667
19.69925652954966	13.00440112767639
19.8678925787419	12.50024294551651
20.05649257410279	12.34751768061263
20.05931106597104	12.71283471300278
20.24525553066596	12.15875472404945
20.45537105643982	12.39211165653374
16.84182188454274	15.38555693416578
16.87842871793273	15.36178417859929
16.87526935844556	15.43159343253105
16.91574222199361	15.33156829878826
16.95600973825805	15.30541826796702
16.95214370809999	15.38167064614331
16.99705459247154	15.27218080038011
17.04134886008883	15.24341576665434
17.03670549198173	15.3267555815963
17.08649819896173	15.20685455292578
17.1352218925185	15.17521301636144
17.1297234531558	15.2663490113062
17.18488616570921	15.13499568091132
17.23848222908623	15.10018999038875
17.23204321008959	15.19990178421929
17.29311292961547	15.05595092137792
17.35206859935124	15.01766466178953
17.34459494320238	15.12680983410833
17.41216236938823	14.9690016863191
17.47701360550926	14.92688680115397
17.46840184905918	15.04640868935481
17.54311675316401	14.87335752763921
17.6144531135598	14.82703115352718
17.60458944557599	14.95796743007764
17.68716657569118	14.76814895289489
17.76563657181485	14.71718994157412
17.75439580209544	14.86068204464484
17.84562137934632	14.65241952153686
17.93193837420483	14.59636460965364
17.91918279307762	14.75366812144086
18.01992166311621	14.52511714710525
18.11487035813706	14.46345674359465
18.10044848295699	14.63595280604704
18.21165197719323	14.38508453377614
18.31609554306903	14.31725808903578
18.29984074385364	14.50646595779607
18.42255532395669	14.23104865829542
18.53744324634003	14.15643956913293
18.51917223211277	14.36403042389323
18.65454900474041	14.06160919578518
18.78092571874058	13.97953919811038
18.76043686849627	14.20735133705594
18.90974205293856	13.87522578746206
19.04875643829282	13.78494879004932
19.02582796785069	14.03500434196839
19.19045440629085	13.67020403802827
19.34337023059092	13.57089934060778
19.31775817750501	13.84542264713516
19.49923799514713	13.44468011358039
19.66744540161649	13.33544494658732
19.63888140827445	13.6368827827216
19.83889994267698	13.19660379681759
20.02392808984565	13.07644511309088
19.99211696191249	13.40748893200182
20.21252808520655	12.923719848187
20.41605904730199	12.79154529595165
20.3806760711766	13.15515569603975
20.62351904240987	12.62354750438649
20.80809109180454	12.87758913619758
16.90143708561505	15.47691726550712
16.94032831254842	15.45710119562233
16.92988920632792	15.52619778416489
16.98059582881286	15.43095116480109
17.02337617794612	15.40915348817953
17.01156078239455	15.48458403765855
17.06767044556342	15.38038845445376
17.11472882931931	15.35641101031807
17.10139951528371	15.43880891690129
17.16345252287609	15.32476947375373
17.21521674413403	15.2983942856496
17.20022212029754	15.38845628466147
17.26881280751104	15.26358859512703
17.32575345138828	15.2345758879609
17.30892698543272	15.33306838939121
17.38470912112406	15.19628962837251
17.44734382941143	15.16437565047848
17.42850233759733	15.27214170433104
17.51219506553245	15.12226076531335
17.58109324402354	15.08715538994842
17.56003522437579	15.20512235107209
17.65242960441933	15.04082901583638
17.72821760146351	15.0022131025762
17.70472139991107	15.13140106244698
17.80668759758718	14.95125409125543
17.89005439400467	14.90877658683802
17.86387619337274	15.05030764476938
17.97637138886318	14.85272167495481
18.06807486399003	14.80599642057042
18.03894646491707	14.96110488596758
18.16302355901088	14.74433601705981
18.26389738236923	14.69293823687104
18.23152376340227	14.86298185139442
18.36834094824502	14.62511179213069
18.4793021553764	14.56857423319057
18.44335879389199	14.75504651226553
18.59419007775974	14.49396514402808
18.71624740551922	14.4317738292372
18.67637732878286	14.63631763853454
18.84262411951939	14.34970383156239
18.97688717939465	14.2812933856292
18.9326977164176	14.50571587781047
19.1159015647489	14.19101638821646
19.26359093056278	14.11576489771451
19.21465014210674	14.36205394137532
19.41650675486285	14.01646020029402
19.57896505769413	13.93368356051977
19.5247978107519	14.20402581109911
19.7471724641635	13.8244483935267
19.92587659700099	13.73339408991631
19.86596024642068	14.03019486771448
20.11090474416967	13.6132354061896
20.30747929034642	13.51307567218946
20.24123892543493	13.83898083010396
20.51101025244186	13.38090111995411
20.72724225345942	13.27072541244073
20.65404547262925	13.62864538859044
20.95112631199192	13.12533340483391
21.10813267500778	13.39727640268898
16.95117595333947	15.57400860074953
16.99192547339544	15.55836632555488
16.97432099347362	15.62599321202431
17.03470582252869	15.53656864893332
17.07953029407331	15.51936214641797
17.05989498507419	15.5931444343143
17.1265886778292	15.49538470228228
17.17589559622368	15.47645754963221
17.15402637501327	15.55701077914889
17.22765981748161	15.45008236152809
17.28189742680025	15.4292624939644
17.25757090272639	15.51726375893514
17.33883807067749	15.40024978679826
17.39849944144505	15.37734793227957
17.37146988281258	15.47354203685276
17.46113414973242	15.34543395438555
17.52676165760025	15.32024191440612
17.49675876144797	15.42544814235465
17.59565983609134	15.28513653904119
17.66785009409107	15.25742529531525
17.63457652731554	15.37254485864928
17.74363809113526	15.21880938205507
17.82304737567258	15.18832701367332
17.78617606985259	15.31435124654159
17.90641417209007	15.14584950925591
17.9937643847342	15.11231890416924
17.95293556703404	15.25033827307317
18.08546785986104	15.06559364978485
18.18155309279257	15.02870998456419
18.13637101260969	15.17992400276585
18.28242691615091	14.97731220437542
18.38812067312882	14.93674017234393
18.33815000251912	15.1024683055137
18.49908188026021	14.88020261340381
18.61534501444175	14.83557337759092
18.56010689367858	15.01726703766932
18.73740234220123	14.77338206280004
18.86529178971178	14.72428990343999
18.80425947537067	14.92354564249638
18.99955484958705	14.6558794575068
19.14023324115706	14.60187808247668
19.07282731445125	14.8204521081062
19.28792260697094	14.52662659197473
19.44266883764664	14.4672250794609
19.36825193669696	14.70704922056225
19.60512714047791	14.38444843968664
19.77534799467801	14.31910677574611
19.69321902157274	14.58230604410789
19.95405212751551	14.22805247213573
20.14129506684554	14.15617664191273
20.05068281510287	14.44508854994436
20.33786961302229	14.0560169079126
20.54383684634337	13.97695349464453
20.44389298775398	14.2941493064533
20.76006884736093	13.86677778713115
20.98663280424803	13.779808032447
20.87642417796216	14.12811613850109
21.224488005609	13.65861475405892
21.3522084876782	13.94547965356695
16.99049353827249	15.67576718690577
17.03265489118194	15.66447008644164
17.00807791592485	15.72988633651776
17.07747936272656	15.64726358392629
17.12385685039215	15.6348367735594
17.0966167564999	15.70616242568674
17.17316376878662	15.61590962090934
17.2241790049036	15.6022401295901
17.19400948028248	15.68006612400061
17.27841661422224	15.58142026202641
17.33453337300395	15.56638382182904
17.30114147518116	15.651360192484
17.3941947437715	15.54348196731035
17.45592317896631	15.52694188294973
17.41898666915767	15.61978366792601
17.52155068683414	15.50174984297031
17.58945196557278	15.48355575016727
17.54861638309112	15.58504949076235
17.66164222357252	15.45584450644133
17.73633362950748	15.43583100453959
17.69120906776472	15.54684189605758
17.8157429140448	15.40534863615784
17.8979034613364	15.38333378386136
17.84806102099129	15.50481354185936
17.98525367398053	15.34980317877469
18.07563027564237	15.32558684134483
18.02059816994473	15.45858235213302
18.17171550857389	15.28870317612417
18.27112976939097	15.26206520522182
18.21038903242365	15.4077280438008
18.37682352636888	15.22149317319032
18.48617921404708	15.19219140498929
18.41915898091893	15.35178830469741
18.60244234822862	15.1475621691764
18.72273360623261	15.11533022373758
18.64880592660112	15.29025459105755
18.85062305374317	15.06623806437752
18.98294343745531	15.03078292441943
18.90141756831724	15.22256750566064
19.12362182902532	14.97678154938932
19.26917425039321	14.93778089562763
19.17929037339727	15.14811171194086
19.4239204810689	14.8783793831138
19.58402814452039	14.83547866398975
19.48495045821665	15.06621033905512
19.75424899872049	14.77013700004922
19.93036742898981	14.72294620888617
19.82117655193746	14.97611882876802
20.11761036831983	14.65107037866317
20.311340641316	14.59916050846448
20.19102525520293	14.87701816740628
20.51730787463708	14.52009709519641
20.73041117499281	14.46299623796126
20.59785882855483	14.76800743997243
20.95697513187991	14.37602648327711
21.19138876251335	14.31321554025413
21.04537575954401	14.64809563971429
21.44060911534229	14.21754881000413
21.53764438413608	14.51619265929557
17.01895906872629	15.78107813561272
17.06207032588392	15.77424998327587
17.0307901257759	15.83673888283496
17.10844781354951	15.76182317290898
17.15587019587612	15.7543122054254
17.12132376526013	15.82239976301452
17.2068854319931	15.74064271410616
17.25905005223007	15.73238064992516
17.22091076782371	15.80662673134995
17.31516681101178	15.71734420972779
17.37254789230414	15.7082559392821
17.33045646935305	15.78927639672326
17.43427632749895	15.69171585492148
17.49739551746751	15.68171875734442
17.45095674061398	15.77019102870052
17.56529679620615	15.66352466454139
17.6347279051965	15.65252785720284
17.58350703957289	15.74919712378492
17.70941931113146	15.6325143553011
17.78579353032804	15.62041786733849
17.72931236775982	15.72610382848376
17.86795407761964	15.59840301504201
17.95196571951621	15.58509687815946
17.88969822885296	15.70070120363859
18.04234232117805	15.5608805407296
18.13475512689727	15.54624379021702
18.06612267646874	15.67275831624346
18.23416938771435	15.51960581931467
18.33582347297171	15.50350539391416
18.26018956744533	15.64202114033038
18.44517916064991	15.47420362571312
18.55699865523005	15.45649315764673
18.47366314728283	15.60821024686348
18.67728991323403	15.42426121220791
18.80029135886521	15.40477969708234
18.70848408749414	15.57101826367152
18.93261174257735	15.36932455712425
19.06791333267731	15.34789489050096
18.96678712322528	15.53010708192267
19.2134657540452	15.30889423673927
19.36229750242365	15.28532160357003
19.25092046170369	15.48510478213013
19.52240516587514	15.24242088444598
19.68612008903698	15.21649098796799
19.56346713324398	15.43560225248289
19.86223851930629	15.16930019680494
20.04232493526765	15.14077731060264
19.90726847236717	15.3811494698026
20.23605520826381	15.08886744040395
20.43415026551451	15.05749226563029
20.28544994557923	15.32125140882665
20.64725356587024	15.00039140839513
20.86515812890723	14.96587871613385
20.7014495658669	15.25536354179171
21.09957175954067	14.90306777311087
21.33926677912902	14.86510381158482
21.15904914849224	15.18288688800439
21.59712177308765	14.79601177418908
21.66240868989548	15.10316256875698
17.03626067039242	15.88878763807876
17.07984949584321	15.88650324453506
17.0422087833021	15.94538015211572
17.12727187816981	15.87899227705148
17.17521958561289	15.87647944418274
17.13374531619596	15.94058292570328
17.22738420584986	15.86821738000174
17.28012668371137	15.8654532638631
17.23443550150054	15.9353059766959
17.33750776500373	15.85636499341742
17.39552448967235	15.85332446571626
17.34519470403067	15.9295013328561
17.45864367964091	15.8433273681392
17.5224620773294	15.83998278763878
17.46702982638778	15.92311622465452
17.59189318631975	15.82898598030023
17.66209342380231	15.82530694174862
17.60104846155883	15.91609260560248
17.73846764299889	15.81321045378601
17.81568790352924	15.80916351141599
17.74846895957174	15.90836662468085
17.8996995454258	15.79585737453344
17.98464183279815	15.79140573788499
17.91063150747443	15.89986804566239
18.07705463851737	15.77676898737241
18.17049115425591	15.77187218707866
18.08901031058531	15.89051960872019
18.27214523951327	15.75577176167816
18.37492540578035	15.75038528140941
18.28522699259093	15.8802363281577
18.48674490036048	15.73267481334302
18.59980308406021	15.72674968500557
18.50106534255774	15.8689247195515
18.72280452969139	15.70726816988001
18.84716853337173	15.70075052862417
18.7384875299378	15.85648194995822
18.98247012347169	15.67932086200088
19.11927052742466	15.67215145662435
18.99965193757111	15.84279490332586
19.26810227580312	15.64857882345511
19.41858271941186	15.64069247758021
19.28693278513283	15.82773915207443
19.58229764257369	15.61476258110222
19.74782613048817	15.60608760064226
19.60294171665605	15.81117782573957
19.92791254644953	15.57756471443996
20.10999388364417	15.56802223590845
19.95055154176517	15.7929603667481
20.30808894089486	15.53664706113479
20.5083784114988	15.52615033476665
20.33292234956374	15.77292116184845
20.72628297453578	15.49163764250537
20.94660139226193	15.48009124349663
20.75353023789382	15.75087803647157
21.18629641185028	15.44212728197058
21.42864667159955	15.42942624304843
21.21619891536924	15.72663059854067
21.69231119341443	15.38766588532707
21.72513446111331	15.69995841678964
17.04220878330217	15.99771560645497
17.08579760875294	15.99999999999812
17.04220878330222	16.05461984788107
17.13374531619601	15.99748716712937
17.18169302363911	15.99999999999822
17.13374531619608	16.05941707429305
17.23443550150061	15.99723588385957
17.28717797936212	15.99999999999812
17.23443550150068	16.06469402330044
17.34519470403075	15.99695947229696
17.40321142869939	15.9999999999981
17.34519470403084	16.07049866714011
17.46702982638787	15.99665541949767
17.53084822407635	15.99999999999772
17.46702982638796	16.07688377534129
17.60104846155891	15.99632096144611
17.6712486990415	15.99999999999766
17.60104846155902	16.0839073943929
17.74846895957185	15.99595305762764
17.82568922010222	15.99999999999769
17.74846895957198	16.0916333753145
17.91063150747456	15.99554836334925
17.99557379484693	15.99999999999756
17.91063150747471	16.10013195433287
18.08901031058546	15.99510319970382
18.18244682632402	15.99999999999762
18.08901031058564	16.10948039127499
18.28522699259111	15.99461351972887
18.38800715885818	15.99999999999688
18.28522699259127	16.1197636718368
18.5010653425579	15.99407487165943
18.61412352625766	15.99999999999687
18.5010653425581	16.13107528044225
18.738487529938	15.99348235874104
18.86285153361834	15.99999999999641
18.7384875299382	16.14351805003506
18.99965193757132	15.99283059461988
19.13645234152429	15.99999999999568
18.99965193757151	16.15720509666623
19.28693278513303	15.99211365412079
19.43741322874183	15.99999999999592
19.28693278513329	16.17226084791717
19.60294171665632	15.99132501953596
19.7684702045708	15.99999999999527
19.60294171665658	16.18882217425161
19.95055154176544	15.99045752146376
20.13263287896009	15.99999999999467
19.95055154176572	16.20703963324183
20.33292234956403	15.98950327362653
20.53321182016801	15.99999999999454
20.33292234956436	16.22707883814075
20.75353023789416	15.98845360098579
20.97384865562029	15.9999999999933
20.75353023789448	16.24912196351627
21.21619891536956	15.98729896107114
21.45854917511888	15.9999999999931
21.21619891536994	16.27336940144573
21.72513446111369	15.98602885716423
21.7251344611141	16.30004158319573
17.03673823868581	16.10666860312506
17.07984949584336	16.11349675546138
17.03079012577619	16.16326111716223
17.12779720328646	16.11600958833023
17.17521958561312	16.12352055581394
17.1213237652604	16.17760023698226
17.22796206347463	16.12628467195248
17.28012668371163	16.13454673613341
17.22091076782407	16.1933732686469
17.33814340838028	16.13758726383454
17.39552448967268	16.14667553428023
17.33045646935348	16.21072360327353
17.45934288736116	16.15002011478029
17.5224620773297	16.16001721235702
17.45095674061442	16.22980897129596
17.59266231481228	16.16369625090858
17.66209342380268	16.17469305824709
17.58350703957336	16.25080287621122
17.73931368433305	16.17874000061714
17.81568790352969	16.19083648857984
17.72931236776039	16.27389617151243
17.90063019090206	16.19528812522816
17.98464183279867	16.20859426211063
17.88969822885365	16.2992987963576
18.07807834853723	16.21349106240444
18.17049115425654	16.22812781291713
18.06612267646957	16.32724168375277
18.27327132052361	16.23351429318513
18.37492540578091	16.24961471858496
18.26018956744618	16.35797885966529
18.48798358948067	16.2555398469224
18.5998030840609	16.27325031498885
18.4736631472837	16.39178975313157
18.72416708774124	16.27976795624422
18.84716853337243	16.2992494713694
18.70848408749512	16.4289817363232
18.98396893732539	16.30641887674521
19.11927052742532	16.32784854336786
18.96678712322623	16.46989291807103
19.26975097103412	16.33573488924299
19.41858271941275	16.35930752241256
19.25092046170478	16.51489521786325
19.58411120732724	16.36798250287187
19.74782613048908	16.39391239934933
19.56346713324524	16.56439774751028
19.92990746768373	16.40345487788024
20.10999388364512	16.43197776408204
19.90726847236847	16.61885053018953
20.3102833542491	16.44247449045005
20.50837841149994	16.4738496652237
20.28544994558069	16.67874859116499
20.72869682922607	16.48539606423121
20.94660139226298	16.51990875649139
20.70144956586844	16.74463645819883
21.18895165201231	16.53260979541335
21.42864667160082	16.57057375693935
21.15904914849386	16.817113111985
21.69523195759566	16.58454489976738
21.66240868989732	16.89683743123169
17.0199089729754	16.21445291625525
17.06207032588471	16.2257500167189
17.00807791592636	16.27011366347559
17.10949270821137	16.23326098420261
17.15587019587705	16.24568779456968
17.09661675650135	16.29383757430632
17.20803481611405	16.25394985875061
17.25905005223106	16.26761935006984
17.19400948028405	16.31993387599262
17.31643113352347	16.27670762051554
17.37254789230522	16.29174406071299
17.30114147518281	16.3486398075093
17.43566708227376	16.30174115828972
17.49739551746851	16.31828124265008
17.41898666915932	16.38021633206711
17.56682662645891	16.3292780499886
17.63472790519761	16.34747214279169
17.54861638309277	16.41495050923056
17.71110212439425	16.35956863075439
17.78579353032931	16.3795821326563
17.69120906776653	16.45315810393556
17.86980517222592	16.39288826953877
17.95196571951757	16.41490312183527
17.84806102099324	16.49518645813396
18.04437852523688	16.42953987234796
18.13475512689884	16.45375620977804
18.02059816994684	16.54141764786054
18.23640921215614	16.46985663517787
18.33582347297308	16.49649460607966
18.21038903242575	16.59227195619241
18.44764296755331	16.5142050741461
18.55699865523163	16.54350684234733
18.41915898092101	16.64821169529542
18.68000010086282	16.56298835747252
18.80029135886678	16.59522030291109
18.64880592660329	16.70974540893522
18.9355929489667	16.61664996953374
19.06791333267875	16.65210510949134
18.9014175683193	16.77743249433139
19.21674508105738	16.67567774266091
19.36229750242551	16.71467839642309
19.17929037339947	16.85188828805118
19.52601242558735	16.74060829290055
19.68612008903879	16.78350901202423
19.48495045821905	16.93378966093704
19.86620650500019	16.81203189822603
20.0423249352695	16.8592226893888
19.82117655193982	17.02388117122349
20.24041999252033	16.89059786416246
20.43415026551666	16.94250773436136
20.19102525520547	17.12298183258516
20.65205482855357	16.97702042662154
20.86515812890914	17.03412128385584
20.59785882855736	17.23199256001837
21.10485314849765	17.07208524538184
21.33926677913129	17.13489618840504
21.04537575954657	17.35190436027588
21.60293130094623	17.17665654612573
21.53764438413884	17.48380734069445
16.99190537112722	16.31988763835868
17.032654891183	16.33552991355284
16.97432099347455	16.37400678797228
17.07903237884868	16.34795672391991
17.12385685039342	16.36516322643543
17.05989498507507	16.40685556568196
17.17487208651043	16.37883271775466
17.22417900490494	16.3977598704047
17.15402637501431	16.44298922084752
17.28029576368669	16.41279631060215
17.33453337300542	16.4336161781659
17.25757090272755	16.4827362410613
17.39626180820017	16.45015626252625
17.45592317896766	16.47305811704466
17.37146988281376	16.52645796314345
17.52382445770636	16.49125220984776
17.58945196557427	16.51644424982722
17.49675876144916	16.57455185764133
17.66414337150933	16.53645775172912
17.7363336295092	16.56416899545521
17.63457652731695	16.62745514134687
17.81849417680086	16.58618384775171
17.89790346133826	16.61666621613345
17.78617606985423	16.6856487534547
17.98828006300022	16.64088255356353
18.07563027564452	16.67441315865039
17.95293556703593	16.7496617269233
18.17504453646146	16.70105112955218
18.27112976939281	16.73793479477223
18.13637101261158	16.82007599723022
18.38048545707112	16.76723656297346
18.48617921404922	16.80780859500511
18.33815000252102	16.89753169448192
18.60647047205319	16.84004054044368
18.72273360623471	16.88466977625628
18.56010689368064	16.98273296232617
18.85505398994676	16.92012491621388
18.9829434374572	16.9692170755734
18.80425947537261	17.07645435749829
19.12849585882533	17.00821772933559
19.26917425039571	17.06221910436616
19.07282731445343	17.17954789188838
19.42928191384716	17.10511982348984
19.58402814452281	17.16452133600325
19.36825193669946	17.29295077943237
19.76014657479212	17.21171212716602
19.93036742899224	17.27705379110622
19.69321902157523	17.41769395588598
20.12409770198857	17.32896366130512
20.31134064131887	17.40083949152827
20.05068281510565	17.55491145004932
20.52444394167443	17.45794034876257
20.7304111749953	17.53700376202972
20.4438929877568	17.70585069353961
20.96482480562893	17.59981470505292
21.19138876251633	17.6867844597372
20.87642417796506	17.87188386149104
21.44924375647497	17.75587649713258
21.35220848768146	18.05452034642488
16.95303424646288	16.42181760455751
16.99192547339601	16.44163367444181
16.92988920632856	16.47380221583288
17.03674994494074	16.45884017695733
17.07953029407417	16.48063785357905
17.01156078239512	16.5154159623389
17.12883721246868	16.49956500622909
17.17589559622463	16.52354245036475
17.10139951528448	16.56119108309629
17.23013320554335	16.5443623179285
17.2818974268014	16.57073750603268
17.20022212029849	16.61154371533614
17.34155879756889	16.59363936055109
17.39849944144605	16.62265206771695
17.30892698543369	16.66693161060618
17.46412694931396	16.64784410769641
17.52676165760144	16.67975808559047
17.42850233759833	16.72785829566609
17.59895191560132	16.70746932931655
17.6678500940926	16.74257470468162
17.56003522437709	16.79487764892522
17.74725937863	16.77305707306336
17.82304737567429	16.81167298632354
17.70472139991266	16.86859893755046
17.9103975883186	16.8452035914104
17.99376438473631	16.88768109582799
17.86387619337467	16.94969235522823
18.08984961766765	16.92456476104805
18.18155309279427	16.97129001543184
18.038946464919	17.03889511402961
18.28724684977237	17.01186204746349
18.38812067313095	17.06325982765241
18.2315237634042	17.13701814860232
18.50438380731248	17.10788906346501
18.61534501444385	17.16442662240483
18.44335879389416	17.24495348773107
18.74323446195429	17.21351878176435
18.86529178971363	17.2757100965547
18.67637732878487	17.36368236146123
19.00597018128401	17.32971147158526
19.14023324115973	17.3981219175189
18.93269771641993	17.49428412218521
19.29497947183539	17.45752343003232
19.44266883764924	17.53277492053385
19.21465014210951	17.63794605862038
19.61288969184935	17.59811658447404
19.77534799468066	17.68089322424795
19.52479781075466	17.79597418889581
19.96259093401096	17.75276905447109
20.14129506684881	17.84382335808162
19.86596024642382	17.96980513228025
20.34726230016967	17.92288677134877
20.54383684634615	18.02304650534797
20.24123892543815	18.16101916988998
20.77040080323355	18.11001626003225
20.98663280425151	18.22019196754577
20.6540454726326	18.37135461140269
21.23585315708051	18.31585869779532
21.1081326750116	18.60272359730383
16.90372147915915	16.51912604880903
16.94032831254883	16.54289880437505
16.87526935844629	16.56840656746689
16.98310866168225	16.56469648099677
17.02337617794687	16.59084651181821
16.95214370810059	16.61832935385436
17.07043456170283	16.61482395595387
17.11472882932017	16.64358898967964
17.03670549198256	16.67324441840155
17.16649305057822	16.66996417778382
17.21521674413512	16.70160571434825
17.1297234531568	16.73365098869174
17.27215738801227	16.7306184215141
17.32575345138916	16.76542411203642
17.23204321009058	16.80009821577849
17.38838815967664	16.79733808993048
17.44734382941253	16.83562434951894
17.34459494320336	16.87319016588927
17.51624200790381	16.87072972488401
17.58109324402503	16.91284461004933
17.46840184906047	16.95359131064305
17.65688124106932	16.9514605233095
17.72821760146521	16.99778689742157
17.60458944557759	17.04203256992044
17.81158439788293	17.04026440183917
17.89005439400686	17.09122341316017
17.75439580209741	17.13931795535351
17.98175786913348	17.13794866754396
18.06807486399168	17.19400357942662
17.91918279307953	17.24633187855718
18.16894868735026	17.24540135961554
18.26389738237138	17.30706176312636
18.10044848295885	17.36404719395066
18.37485858950275	17.36359932206619
18.47930215537848	17.43142576680631
18.29984074385569	17.49353404220161
18.60135948313781	17.49361708159666
18.71624740552093	17.56822617075868
18.51917223211454	17.63596957610376
18.85051046539666	17.63663661669231
18.97688717939734	17.71870661436765
18.76043686849835	17.79264866294112
19.12457654521119	17.79395810486918
19.26359093056536	17.88423510228159
19.0258279678532	17.96499565802886
19.42604923339667	17.96701174205549
19.57896505769671	18.06631643947573
19.3177581775074	18.1545773528615
19.75766919053456	18.15737074308626
19.92587659700428	18.26660591007958
19.63888140827717	18.36311721727506
20.12245114318077	18.36676564407878
20.30747929034905	18.48692432780469
19.99211696191518	18.59251106799429
20.52371129136701	18.5971000353182
20.72724225346285	18.72927458755381
20.38067607117931	18.84484430395581
20.9650974548239	18.85046786594144
20.80809109180766	19.12241086379792
16.84450735021375	16.61074683943559
16.87842871793287	16.6382158213986
16.81105987631065	16.65678333780128
16.91869623419749	16.66436585222004
16.95600973825859	16.69458173203129
16.88229474809087	16.71446819957554
17.00030400587593	16.72334676575705
17.04134886008946	16.75658423334396
16.96065310636549	16.7779215469737
17.09007255364635	16.78822576990839
17.13522189251937	16.82478698363707
17.04684729945203	16.84772022828929
17.18881795589626	16.85959267415939
17.2384822290868	16.89981000960929
17.14166091151559	16.92449877746787
17.29743789882269	16.93809626919775
17.35206859935205	16.98233533820868
17.24595588523549	17.0089551819287
17.41691983547328	17.02445022337399
17.47701360551049	17.07311319884462
17.36068035580207	17.10185722641025
17.54834996590638	17.1194395729567
17.61445311356123	17.17296884647152
17.48687727349413	17.20404947539571
17.69292310968515	17.22392785779252
17.76563657181681	17.28281005842508
17.62569388328064	17.31646094954309
17.85195356667501	17.33886497030774
17.93193837420609	17.4036353903445
17.77839215294338	17.4401135702124
18.02688706922721	17.46529579385532
18.11487035813886	17.53654325640396
17.9463602493861	17.5761314527978
18.21931392401459	17.60436970114409
18.31609554307067	17.68274191096241
18.13112515735383	17.72575112516476
18.43098346545379	17.75735100012443
18.53744324634116	17.84356043086438
18.33436655729728	17.89033276572303
18.66381996034184	17.92563042853972
18.7809257187428	18.02046080188804
18.55793209658561	18.07137256981131
18.91994010409697	18.11073779930045
19.04875643829479	18.21505120994848
18.8038541891844	18.27051635380767
19.20167226259483	18.31435590736872
19.3433702305928	18.42910065938959
19.07436849138019	18.48957451647658
19.51157763706253	18.53833582638291
19.66744540161911	18.66455505341062
19.37193422393474	18.73053849552515
19.85247354878739	18.78471373713653
20.02392808984735	18.92355488690553
19.69925652955128	18.99559887232186
20.2274590519432	19.05572943914114
20.41605904730451	19.20845470404536
20.05931106597255	19.28716528699508
20.63994310583702	19.35384671165186
20.45537105644169	19.60788834346424
16.77604062201489	16.69567615988215
16.80690487446023	16.72654041232749
16.84421837852133	16.75675629213874
16.87816905582006	16.79070696943747
16.91921391003358	16.82394443702438
16.95655965483136	16.86129018182216
17.00170899370437	16.89785139555084
17.04278931228873	16.93893171413519
17.09245358547927	16.97914904958509
17.1376419363135	17.02433740041932
17.19227263684286	17.06857646943025
17.24197982277851	17.11828365536589
17.30207359281572	17.16694663083653
17.35675149684898	17.22162453486979
17.42285464450384	17.27515380838461
17.483000339499	17.33529950337978
17.55571380163066	17.39418170401233
17.62187406586269	17.46034196824437
17.70185887339377	17.52511238828112
17.77463516330856	17.59788867819591
17.8626184522202	17.66913614074455
17.94267237169743	17.74919006022177
18.03945399075351	17.82756227004009
18.12751330331874	17.91562158260533
18.23397308420611	18.00183101334527
18.33083832796024	18.0986962570994
18.44794408636119	18.19352663044772
18.55449585396748	18.30007839805401
18.68331218816531	18.40439180870205
18.80051913249284	18.52159875302958
18.9422171004908	18.63634350505045
19.07114473959717	18.76527114415681
19.22701250415376	18.89149037118452
19.36883290695134	19.03331077398211
19.5402874480113	19.17215192375111
19.696289891132	19.32815436687181
19.88488988649331	19.48087963177603
20.0564925741039	19.65248231938661
20.26395256921172	19.82048011095156

--------------------------------------------------------------------------------
ELEMENT CONNECTIVITY
--------------------------------------------------------------------------------
12	274	400	288	587	403
400	274	545	587	588	589
400	545	401	589	590	404
401	545	546	590	591	592
401	546	402	592	593	405
402	546	547	593	594	595
402	547	8	595	596	406
8	547	158	596	597	172
274	275	545	289	598	588
545	275	548	598	599	600
545	548	546	600	601	591
546	548	549	601	602	603
546	549	547	603	604	594
547	549	550	604	605	606
547	550	158	606	607	597
158	550	159	607	608	173
275	276	548	290	609	599
548	276	551	609	610	611
548	551	549	611	612	602
549	551	552	612	613	614
549	552	550	614	615	605
550	552	553	615	616	617
550	553	159	617	618	608
159	553	160	618	619	174
276	277	551	291	620	610
551	277	554	620	621	622
551	554	552	622	623	613
552	554	555	623	624	625
552	555	553	625	626	616
553	555	556	626	627	628
553	556	160	628	629	619
160	556	161	629	630	175
277	278	554	292	631	621
554	278	557	631	632	633
554	557	555	633	634	624
555	557	558	634	635	636
555	558	556	636	637	627
556	558	559	637	638	639
556	559	161	639	640	630
161	559	162	640	641	176
278	279	557	293	642	632
557	279	560	642	643	644
557	560	558	644	645	635
558	560	561	645	646	647
558	561	559	647	648	638
559	561	562	648	649	650
559	562	162	650	651	641
162	562	163	651	652	177
279	280	560	294	653	643
560	280	563	653	654	655
560	563	561	655	656	646
561	563	564	656	657	658
561	564	562	658	659	649
562	564	565	659	660	661
562	565	163	661	662	652
163	565	164	662	663	178
280	281	563	295	664	654
563	281	566	664	665	666
563	566	564	666	667	657
564	566	567	667	668	669
564	567	565	669	670	660
565	567	568	670	671	672
565	568	164	672	673	663
164	568	165	673	674	179
281	282	566	296	675	665
566	282	569	675	676	677
566	569	567	677	678	668
567	569	570	678	679	680
567	570	568	680	681	671
568	570	571	681	682	683
568	571	165	683	684	674
165	571	166	684	685	180
282	283	569	297	686	676
569	283	572	686	687	688
569	572	570	688	689	679
570	572	573	689	690	691
570	573	571	691	692	682
571	573	574	692	693	694
571	574	166	694	695	685
166	574	167	695	696	181
283	284	572	298	697	687
572	284	575	697	698	699
572	575	573	699	700	690
573	575	576	700	701	702
573	576	574	702	703	693
574	576	577	703	704	705
574	577	167	705	706	696
167	577	168	706	707	182
284	285	575	299	708	698
575	285	578	708	709	710
575	578	576	710	711	701
576	578	579	711	712	713
576	579	577	713	714	704
577	579	580	714	715	716
577	580	168	716	717	707
168	580	169	717	718	183
285	286	578	300	719	709
578	286	581	719	720	721
578	581	579	721	722	712
579	581	582	722	723	724
579	582	580	724	725	715
580	582	583	725	726	727
580	583	169	727	728	718
169	583	170	728	729	184
286	287	581	301	730	720
581	287	584	730	731	732
581	584	582	732	733	723
582	584	585	733	734	735
582	585	583	735	736	726
583	585	586	736	737	738
583	586	170	738	739	729
170	586	171	739	740	185
287	11	584	302	741	731
584	11	446	741	449	742
584	446	585	742	743	734
585	446	447	743	450	744
585	447	586	744	745	737
586	447	448	745	451	746
586	448	171	746	747	740
171	448	7	747	452	186
11	303	446	317	790	449
446	303	748	790	791	792
446	748	447	792	793	450
447	748	749	793	794	795
447	749	448	795	796	451
448	749	750	796	797	798
448	750	7	798	799	452
7	750	187	799	800	201
303	304	748	318	801	791
748	304	751	801	802	803
748	751	749	803	804	794
749	751	752	804	805	806
749	752	750	806	807	797
750	752	753	807	808	809
750	753	187	809	810	800
187	753	188	810	811	202
304	305	751	319	812	802
751	305	754	812	813	814
751	754	752	814	815	805
752	754	755	815	816	817
752	755	753	817	818	808
753	755	756	818	819	820
753	756	188	820	821	811
188	756	189	821	822	203
305	306	754	320	823	813
754	306	757	823	824	825
754	757	755	825	826	816
755	757	758	826	827	828
755	758	756	828	829	819
756	758	759	829	830	831
756	759	189	831	832	822
189	759	190	832	833	204
306	307	757	321	834	824
757	307	760	834	835	836
757	760	758	836	837	827
758	760	761	837	838	839
758	761	759	839	840	830
759	761	762	840	841	842
759	762	190	842	843	833
190	762	191	843	844	205
307	308	760	322	845	835
760	308	763	845	846	847
760	763	761	847	848	838
761	763	764	848	849	850
761	764	762	850	851	841
762	764	765	851	852	853
762	765	191	853	854	844
191	765	192	854	855	206
308	309	763	323	856	846
763	309	766	856	857	858
763	766	764	858	859	849
764	766	767	859	860	861
764	767	765	861	862	852
765	767	768	862	863	864
765	768	192	864	865	855
192	768	193	865	866	207
309	310	766	324	867	857
766	310	769	867	868	869
766	769	767	869	870	860
767	769	770	870	871	872
767	770	768	872	873	863
768	770	771	873	874	875
768	771	193	875	876	866
193	771	194	876	877	208
310	311	769	325	878	868
769	311	772	878	879	880
769	772	770	880	881	871
770	772	773	881	882	883
770	773	771	883	884	874
771	773	774	884	885	886
771	774	194	886	887	877
194	774	195	887	888	209
311	312	772	326	889	879
772	312	775	889	890	891
772	775	773	891	892	882
773	775	776	892	893	894
773	776	774	894	895	885
774	776	777	895	896	897
774	777	195	897	898	888
195	777	196	898	899	210
312	313	775	327	900	890
775	313	778	900	901	902
775	778	776	902	903	893
776	778	779	903	904	905
776	779	777	905	906	896
777	779	780	906	907	908
777	780	196	908	909	899
196	780	197	909	910	211
313	314	778	328	911	901
778	314	781	911	912	913
778	781	779	913	914	904
779	781	782	914	915	916
779	782	780	916	917	907
780	782	783	917	918	919
780	783	197	919	920	910
197	783	198	920	921	212
314	315	781	329	922	912
781	315	784	922	923	924
781	784	782	924	925	915
782	784	785	925	926	927
782	785	783	927	928	918
783	785	786	928	929	930
783	786	198	930	931	921
198	786	199	931	932	213
315	316	784	330	933	923
784	316	787	933	934	935
784	787	785	935	936	926
785	787	788	936	937	938
785	788	786	938	939	929
786	788	789	939	940	941
786	789	199	941	942	932
199	789	200	942	943	214
316	10	787	331	944	934
787	10	494	944	498	945
787	494	788	945	946	937
788	494	493	946	497	947
788	493	789	947	948	940
789	493	492	948	496	949
789	492	200	949	950	943
200	492	6	950	495	215
6	492	216	495	993	230
216	492	951	993	994	995
216	951	217	995	996	231
217	951	952	996	997	998
217	952	218	998	999	232
218	952	953	999	1000	1001
218	953	219	1001	1002	233
219	953	954	1002	1003	1004
219	954	220	1004	1005	234
220	954	955	1005	1006	1007
220	955	221	1007	1008	235
221	955	956	1008	1009	1010
221	956	222	1010	1011	236
222	956	957	1011	1012	1013
222	957	223	1013	1014	237
223	957	958	1014	1015	1016
223	958	224	1016	1017	238
224	958	959	1017	1018	1019
224	959	225	1019	1020	239
225	959	960	1020	1021	1022
225	960	226	1022	1023	240
226	960	961	1023	1024	1025
226	961	227	1025	1026	241
227	961	962	1026	1027	1028
227	962	228	1028	1029	242
228	962	963	1029	1030	1031
228	963	229	1031	1032	243
229	963	964	1032	1033	1034
229	964	5	1034	1035	244
5	964	538	1035	1036	541
492	493	951	496	1037	994
951	493	965	1037	1038	1039
951	965	952	1039	1040	997
952	965	966	1040	1041	1042
952	966	953	1042	1043	1000
953	966	967	1043	1044	1045
953	967	954	1045	1046	1003
954	967	968	1046	1047	1048
954	968	955	1048	1049	1006
955	968	969	1049	1050	1051
955	969	956	1051	1052	1009
956	969	970	1052	1053	1054
956	970	957	1054	1055	1012
957	970	971	1055	1056	1057
957	971	958	1057	1058	1015
958	971	972	1058	1059	1060
958	972	959	1060	1061	1018
959	972	973	1061	1062	1063
959	973	960	1063	1064	1021
960	973	974	1064	1065	1066
960	974	961	1066	1067	1024
961	974	975	1067	1068	1069
961	975	962	1069	1070	1027
962	975	976	1070	1071	1072
962	976	963	1072	1073	1030
963	976	977	1073	1074	1075
963	977	964	1075	1076	1033
964	977	978	1076	1077	1078
964	978	538	1078	1079	1036
538	978	539	1079	1080	542
493	494	965	497	1081	1038
965	494	979	1081	1082	1083
965	979	966	1083	1084	1041
966	979	980	1084	1085	1086
966	980	967	1086	1087	1044
967	980	981	1087	1088	1089
967	981	968	1089	1090	1047
968	981	982	1090	1091	1092
968	982	969	1092	1093	1050
969	982	983	1093	1094	1095
969	983	970	1095	1096	1053
970	983	984	1096	1097	1098
970	984	971	1098	1099	1056
971	984	985	1099	1100	1101
971	985	972	1101	1102	1059
972	985	986	1102	1103	1104
972	986	973	1104	1105	1062
973	986	987	1105	1106	1107
973	987	974	1107	1108	1065
974	987	988	1108	1109	1110
974	988	975	1110	1111	1068
975	988	989	1111	1112	1113
975	989	976	1113	1114	1071
976	989	990	1114	1115	1116
976	990	977	1116	1117	1074
977	990	991	1117	1118	1119
977	991	978	1119	1120	1077
978	991	992	1120	1121	1122
978	992	539	1122	1123	1080
539	992	540	1123	1124	543
494	10	979	498	1125	1082
979	10	332	1125	346	1126
979	332	980	1126	1127	1085
980	332	333	1127	347	1128
980	333	981	1128	1129	1088
981	333	334	1129	348	1130
981	334	982	1130	1131	1091
982	334	335	1131	349	1132
982	335	983	1132	1133	1094
983	335	336	1133	350	1134
983	336	984	1134	1135	1097
984	336	337	1135	351	1136
984	337	985	1136	1137	1100
985	337	338	1137	352	1138
985	338	986	1138	1139	1103
986	338	339	1139	353	1140
986	339	987	1140	1141	1106
987	339	340	1141	354	1142
987	340	988	1142	1143	1109
988	340	341	1143	355	1144
988	341	989	1144	1145	1112
989	341	342	1145	356	1146
989	342	990	1146	1147	1115
990	342	343	1147	357	1148
990	343	991	1148	1149	1118
991	343	344	1149	358	1150
991	344	992	1150	1151	1121
992	344	345	1151	359	1152
992	345	540	1152	1153	1124
540	345	9	1153	360	544
5	538	129	541	1196	143
129	538	1154	1196	1197	1198
129	1154	130	1198	1199	144
130	1154	1155	1199	1200	1201
130	1155	131	1201	1202	145
131	1155	1156	1202	1203	1204
131	1156	132	1204	1205	146
132	1156	1157	1205	1206	1207
132	1157	133	1207	1208	147
133	1157	1158	1208	1209	1210
133	1158	134	1210	1211	148
134	1158	1159	1211	1212	1213
134	1159	135	1213	1214	149
135	1159	1160	1214	1215	1216
135	1160	136	1216	1217	150
136	1160	1161	1217	1218	1219
136	1161	137	1219	1220	151
137	1161	1162	1220	1221	1222
137	1162	138	1222	1223	152
138	1162	1163	1223	1224	1225
138	1163	139	1225	1226	153
139	1163	1164	1226	1227	1228
139	1164	140	1228	1229	154
140	1164	1165	1229	1230	1231
140	1165	141	1231	1232	155
141	1165	1166	1232	1233	1234
141	1166	142	1234	1235	156
142	1166	1167	1235	1236	1237
142	1167	8	1237	1238	157
8	1167	402	1238	1239	406
538	539	1154	542	1240	1197
1154	539	1168	1240	1241	1242
1154	1168	1155	1242	1243	1200
1155	1168	1169	1243	1244	1245
1155	1169	1156	1245	1246	1203
1156	1169	1170	1246	1247	1248
1156	1170	1157	1248	1249	1206
1157	1170	1171	1249	1250	1251
1157	1171	1158	1251	1252	1209
1158	1171	1172	1252	1253	1254
1158	1172	1159	1254	1255	1212
1159	1172	1173	1255	1256	1257
1159	1173	1160	1257	1258	1215
1160	1173	1174	1258	1259	1260
1160	1174	1161	1260	1261	1218
1161	1174	1175	1261	1262	1263
1161	1175	1162	1263	1264	1221
1162	1175	1176	1264	1265	1266
1162	1176	1163	1266	1267	1224
1163	1176	1177	1267	1268	1269
1163	1177	1164	1269	1270	1227
1164	1177	1178	1270	1271	1272
1164	1178	1165	1272	1273	1230
1165	1178	1179	1273	1274	1275
1165	1179	1166	1275	1276	1233
1166	1179	1180	1276	1277	1278
1166	1180	1167	1278	1279	1236
1167	1180	1181	1279	1280	1281
1167	1181	402	1281	1282	1239
402	1181	401	1282	1283	405
539	540	1168	543	1284	1241
1168	540	1182	1284	1285	1286
1168	1182	1169	1286	1287	1244
1169	1182	1183	1287	1288	1289
1169	1183	1170	1289	1290	1247
1170	1183	1184	1290	1291	1292
1170	1184	1171	1292	1293	1250
1171	1184	1185	1293	1294	1295
1171	1185	1172	1295	1296	1253
1172	1185	1186	1296	1297	1298
1172	1186	1173	1298	1299	1256
1173	1186	1187	1299	1300	1301
1173	1187	1174	1301	1302	1259
1174	1187	1188	1302	1303	1304
1174	1188	1175	1304	1305	1262
1175	1188	1189	1305	1306	1307
1175	1189	1176	1307	1308	1265
1176	1189	1190	1308	1309	1310
1176	1190	1177	1310	1311	1268
1177	1190	1191	1311	1312	1313
1177	1191	1178	1313	1314	1271
1178	1191	1192	1314	1315	1316
1178	1192	1179	1316	1317	1274
1179	1192	1193	1317	1318	1319
1179	1193	1180	1319	1320	1277
1180	1193	1194	1320	1321	1322
1180	1194	1181	1322	1323	1280
1181	1194	1195	1323	1324	1325
1181	1195	401	1325	1326	1283
401	1195	400	1326	1327	404
540	9	1182	544	1328	1285
1182	9	245	1328	259	1329
1182	245	1183	1329	1330	1288
1183	245	246	1330	260	1331
1183	246	1184	1331	1332	1291
1184	246	247	1332	261	1333
1184	247	1185	1333	1334	1294
1185	247	248	1334	262	1335
1185	248	1186	1335	1336	1297
1186	248	249	1336	263	1337
1186	249	1187	1337	1338	1300
1187	249	250	1338	264	1339
1187	250	1188	1339	1340	1303
1188	250	251	1340	265	1341
1188	251	1189	1341	1342	1306
1189	251	252	1342	266	1343
1189	252	1190	1343	1344	1309
1190	252	253	1344	267	1345
1190	253	1191	1345	1346	1312
1191	253	254	1346	268	1347
1191	254	1192	1347	1348	1315
1192	254	255	1348	269	1349
1192	255	1193	1349	1350	1318
1193	255	256	1350	270	1351
1193	256	1194	1351	1352	1321
1194	256	257	1352	271	1353
1194	257	1195	1353	1354	1324
1195	257	258	1354	272	1355
1195	258	400	1355	1356	1327
400	258	12	1356	273	403
8	361	142	380	1623	157
142	361	1357	1623	1624	1625
142	1357	141	1625	1626	156
141	1357	1358	1626	1627	1628
141	1358	140	1628	1629	155
140	1358	1359	1629	1630	1631
140	1359	139	1631	1632	154
139	1359	1360	1632	1633	1634
139	1360	138	1634	1635	153
138	1360	1361	1635	1636	1637
138	1361	137	1637	1638	152
137	1361	1362	1638	1639	1640
137	1362	136	1640	1641	151
136	1362	1363	1641	1642	1643
136	1363	135	1643	1644	150
135	1363	1364	1644	1645	1646
135	1364	134	1646	1647	149
134	1364	1365	1647	1648	1649
134	1365	133	1649	1650	148
133	1365	1366	1650	1651	1652
133	1366	132	1652	1653	147
132	1366	1367	1653	1654	1655
132	1367	131	1655	1656	146
131	1367	1368	1656	1657	1658
131	1368	130	1658	1659	145
130	1368	1369	1659	1660	1661
130	1369	129	1661	1662	144
129	1369	1370	1662	1663	1664
129	1370	5	1664	1665	143
5	1370	517	1665	1666	537
361	362	1357	381	1667	1624
1357	362	1371	1667	1668	1669
1357	1371	1358	1669	1670	1627
1358	1371	1372	1670	1671	1672
1358	1372	1359	1672	1673	1630
1359	1372	1373	1673	1674	1675
1359	1373	1360	1675	1676	1633
1360	1373	1374	1676	1677	1678
1360	1374	1361	1678	1679	1636
1361	1374	1375	1679	1680	1681
1361	1375	1362	1681	1682	1639
1362	1375	1376	1682	1683	1684
1362	1376	1363	1684	1685	1642
1363	1376	1377	1685	1686	1687
1363	1377	1364	1687	1688	1645
1364	1377	1378	1688	1689	1690
1364	1378	1365	1690	1691	1648
1365	1378	1379	1691	1692	1693
1365	1379	1366	1693	1694	1651
1366	1379	1380	1694	1695	1696
1366	1380	1367	1696	1697	1654
1367	1380	1381	1697	1698	1699
1367	1381	1368	1699	1700	1657
1368	1381	1382	1700	1701	1702
1368	1382	1369	1702	1703	1660
1369	1382	1383	1703	1704	1705
1369	1383	1370	1705	1706	1663
1370	1383	1384	1706	1707	1708
1370	1384	517	1708	1709	1666
517	1384	516	1709	1710	536
362	363	1371	382	1711	1668
1371	363	1385	1711	1712	1713
1371	1385	1372	1713	1714	1671
1372	1385	1386	1714	1715	1716
1372	1386	1373	1716	1717	1674
1373	1386	1387	1717	1718	1719
1373	1387	1374	1719	1720	1677
1374	1387	1388	1720	1721	1722
1374	1388	1375	1722	1723	1680
1375	1388	1389	1723	1724	1725
1375	1389	1376	1725	1726	1683
1376	1389	1390	1726	1727	1728
1376	1390	1377	1728	1729	1686
1377	1390	1391	1729	1730	1731
1377	1391	1378	1731	1732	1689
1378	1391	1392	1732	1733	1734
1378	1392	1379	1734	1735	1692
1379	1392	1393	1735	1736	1737
1379	1393	1380	1737	1738	1695
1380	1393	1394	1738	1739	1740
1380	1394	1381	1740	1741	1698
1381	1394	1395	1741	1742	1743
1381	1395	1382	1743	1744	1701
1382	1395	1396	1744	1745	1746
1382	1396	1383	1746	1747	1704
1383	1396	1397	1747	1748	1749
1383	1397	1384	1749	1750	1707
1384	1397	1398	1750	1751	1752
1384	1398	516	1752	1753	1710
516	1398	515	1753	1754	535
363	364	1385	383	1755	1712
1385	364	1399	1755	1756	1757
1385	1399	1386	1757	1758	1715
1386	1399	1400	1758	1759	1760
1386	1400	1387	1760	1761	1718
1387	1400	1401	1761	1762	1763
1387	1401	1388	1763	1764	1721
1388	1401	1402	1764	1765	1766
1388	1402	1389	1766	1767	1724
1389	1402	1403	1767	1768	1769
1389	1403	1390	1769	1770	1727
1390	1403	1404	1770	1771	1772
1390	1404	1391	1772	1773	1730
1391	1404	1405	1773	1774	1775
1391	1405	1392	1775	1776	1733
1392	1405	1406	1776	1777	1778
1392	1406	1393	1778	1779	1736
1393	1406	1407	1779	1780	1781
1393	1407	1394	1781	1782	1739
1394	1407	1408	1782	1783	1784
1394	1408	1395	1784	1785	1742
1395	1408	1409	1785	1786	1787
1395	1409	1396	1787	1788	1745
1396	1409	1410	1788	1789	1790
1396	1410	1397	1790	1791	1748
1397	1410	1411	1791	1792	1793
1397	1411	1398	1793	1794	1751
1398	1411	1412	1794	1795	1796
1398	1412	515	1796	1797	1754
515	1412	514	1797	1798	534
364	365	1399	384	1799	1756
1399	365	1413	1799	1800	1801
1399	1413	1400	1801	1802	1759
1400	1413	1414	1802	1803	1804
1400	1414	1401	1804	1805	1762
1401	1414	1415	1805	1806	1807
1401	1415	1402	1807	1808	1765
1402	1415	1416	1808	1809	1810
1402	1416	1403	1810	1811	1768
1403	1416	1417	1811	1812	1813
1403	1417	1404	1813	1814	1771
1404	1417	1418	1814	1815	1816
1404	1418	1405	1816	1817	1774
1405	1418	1419	1817	1818	1819
1405	1419	1406	1819	1820	1777
1406	1419	1420	1820	1821	1822
1406	1420	1407	1822	1823	1780
1407	1420	1421	1823	1824	1825
1407	1421	1408	1825	1826	1783
1408	1421	1422	1826	1827	1828
1408	1422	1409	1828	1829	1786
1409	1422	1423	1829	1830	1831
1409	1423	1410	1831	1832	1789
1410	1423	1424	1832	1833	1834
1410	1424	1411	1834	1835	1792
1411	1424	1425	1835	1836	1837
1411	1425	1412	1837	1838	1795
1412	1425	1426	1838	1839	1840
1412	1426	514	1840	1841	1798
514	1426	513	1841	1842	533
365	366	1413	385	1843	1800
1413	366	1427	1843	1844	1845
1413	1427	1414	1845	1846	1803
1414	1427	1428	1846	1847	1848
1414	1428	1415	1848	1849	1806
1415	1428	1429	1849	1850	1851
1415	1429	1416	1851	1852	1809
1416	1429	1430	1852	1853	1854
1416	1430	1417	1854	1855	1812
1417	1430	1431	1855	1856	1857
1417	1431	1418	1857	1858	1815
1418	1431	1432	1858	1859	1860
1418	1432	1419	1860	1861	1818
1419	1432	1433	1861	1862	1863
1419	1433	1420	1863	1864	1821
1420	1433	1434	1864	1865	1866
1420	1434	1421	1866	1867	1824
1421	1434	1435	1867	1868	1869
1421	1435	1422	1869	1870	1827
1422	1435	1436	1870	1871	1872
1422	1436	1423	1872	1873	1830
1423	1436	1437	1873	1874	1875
1423	1437	1424	1875	1876	1833
1424	1437	1438	1876	1877	1878
1424	1438	1425	1878	1879	1836
1425	1438	1439	1879	1880	1881
1425	1439	1426	1881	1882	1839
1426	1439	1440	1882	1883	1884
1426	1440	513	1884	1885	1842
513	1440	512	1885	1886	532
366	367	1427	386	1887	1844
1427	367	1441	1887	1888	1889
1427	1441	1428	1889	1890	1847
1428	1441	1442	1890	1891	1892
1428	1442	1429	1892	1893	1850
1429	1442	1443	1893	1894	1895
1429	1443	1430	1895	1896	1853
1430	1443	1444	1896	1897	1898
1430	1444	1431	1898	1899	1856
1431	1444	1445	1899	1900	1901
1431	1445	1432	1901	1902	1859
1432	1445	1446	1902	1903	1904
1432	1446	1433	1904	1905	1862
1433	1446	1447	1905	1906	1907
1433	1447	1434	1907	1908	1865
1434	1447	1448	1908	1909	1910
1434	1448	1435	1910	1911	1868
1435	1448	1449	1911	1912	1913
1435	1449	1436	1913	1914	1871
1436	1449	1450	1914	1915	1916
1436	1450	1437	1916	1917	1874
1437	1450	1451	1917	1918	1919
1437	1451	1438	1919	1920	1877
1438	1451	1452	1920	1921	1922
1438	1452	1439	1922	1923	1880
1439	1452	1453	1923	1924	1925
1439	1453	1440	1925	1926	1883
1440	1453	1454	1926	1927	1928
1440	1454	512	1928	1929	1886
512	1454	511	1929	1930	531
367	368	1441	387	1931	1888
1441	368	1455	1931	1932	1933
1441	1455	1442	1933	1934	1891
1442	1455	1456	1934	1935	1936
1442	1456	1443	1936	1937	1894
1443	1456	1457	1937	1938	1939
1443	1457	1444	1939	1940	1897
1444	1457	1458	1940	1941	1942
1444	1458	1445	1942	1943	1900
1445	1458	1459	1943	1944	1945
1445	1459	1446	1945	1946	1903
1446	1459	1460	1946	1947	1948
1446	1460	1447	1948	1949	1906
1447	1460	1461	1949	1950	1951
1447	1461	1448	1951	1952	1909
1448	1461	1462	1952	1953	1954
1448	1462	1449	1954	1955	1912
1449	1462	1463	1955	1956	1957
1449	1463	1450	1957	1958	1915
1450	1463	1464	1958	1959	1960
1450	1464	1451	1960	1961	1918
1451	1464	1465	1961	1962	1963
1451	1465	1452	1963	1964	1921
1452	1465	1466	1964	1965	1966
1452	1466	1453	1966	1967	1924
1453	1466	1467	1967	1968	1969
1453	1467	1454	1969	1970	1927
1454	1467	1468	1970	1971	1972
1454	1468	511	1972	1973	1930
511	1468	510	1973	1974	530
368	369	1455	388	1975	1932
1455	369	1469	1975	1976	1977
1455	1469	1456	1977	1978	1935
1456	1469	1470	1978	1979	1980
1456	1470	1457	1980	1981	1938
1457	1470	1471	1981	1982	1983
1457	1471	1458	1983	1984	1941
1458	1471	1472	1984	1985	1986
1458	1472	1459	1986	1987	1944
1459	1472	1473	1987	1988	1989
1459	1473	1460	1989	1990	1947
1460	1473	1474	1990	1991	1992
1460	1474	1461	1992	1993	1950
1461	1474	1475	1993	1994	1995
1461	1475	1462	1995	1996	1953
1462	1475	1476	1996	1997	1998
1462	1476	1463	1998	1999	1956
1463	1476	1477	1999	2000	2001
1463	1477	1464	2001	2002	1959
1464	1477	1478	2002	2003	2004
1464	1478	1465	2004	2005	1962
1465	1478	1479	2005	2006	2007
1465	1479	1466	2007	2008	1965
1466	1479	1480	2008	2009	2010
1466	1480	1467	2010	2011	1968
1467	1480	1481	2011	2012	2013
1467	1481	1468	2013	2014	1971
1468	1481	1482	2014	2015	2016
1468	1482	510	2016	2017	1974
510	1482	509	2017	2018	529
369	370	1469	389	2019	1976
1469	370	1483	2019	2020	2021
1469	1483	1470	2021	2022	1979
1470	1483	1484	2022	2023	2024
1470	1484	1471	2024	2025	1982
1471	1484	1485	2025	2026	2027
1471	1485	1472	2027	2028	1985
1472	1485	1486	2028	2029	2030
1472	1486	1473	2030	2031	1988
1473	1486	1487	2031	2032	2033
1473	1487	1474	2033	2034	1991
1474	1487	1488	2034	2035	2036
1474	1488	1475	2036	2037	1994
1475	1488	1489	2037	2038	2039
1475	1489	1476	2039	2040	1997
1476	1489	1490	2040	2041	2042
1476	1490	1477	2042	2043	2000
1477	1490	1491	2043	2044	2045
1477	1491	1478	2045	2046	2003
1478	1491	1492	2046	2047	2048
1478	1492	1479	2048	2049	2006
1479	1492	1493	2049	2050	2051
1479	1493	1480	2051	2052	2009
1480	1493	1494	2052	2053	2054
1480	1494	1481	2054	2055	2012
1481	1494	1495	2055	2056	2057
1481	1495	1482	2057	2058	2015
1482	1495	1496	2058	2059	2060
1482	1496	509	2060	2061	2018
509	1496	508	2061	2062	528
370	371	1483	390	2063	2020
1483	371	1497	2063	2064	2065
1483	1497	1484	2065	2066	2023
1484	1497	1498	2066	2067	2068
1484	1498	1485	2068	2069	2026
1485	1498	1499	2069	2070	2071
1485	1499	1486	2071	2072	2029
1486	1499	1500	2072	2073	2074
1486	1500	1487	2074	2075	2032
1487	1500	1501	2075	2076	2077
1487	1501	1488	2077	2078	2035
1488	1501	1502	2078	2079	2080
1488	1502	1489	2080	2081	2038
1489	1502	1503	2081	2082	2083
1489	1503	1490	2083	2084	2041
1490	1503	1504	2084	2085	2086
1490	1504	1491	2086	2087	2044
1491	1504	1505	2087	2088	2089
1491	1505	1492	2089	2090	2047
1492	1505	1506	2090	2091	2092
1492	1506	1493	2092	2093	2050
1493	1506	1507	2093	2094	2095
1493	1507	1494	2095	2096	2053
1494	1507	1508	2096	2097	2098
1494	1508	1495	2098	2099	2056
1495	1508	1509	2099	2100	2101
1495	1509	1496	2101	2102	2059
1496	1509	1510	2102	2103	2104
1496	1510	508	2104	2105	2062
508	1510	507	2105	2106	527
371	372	1497	391	2107	2064
1497	372	1511	2107	2108	2109
1497	1511	1498	2109	2110	2067
1498	1511	1512	2110	2111	2112
1498	1512	1499	2112	2113	2070
1499	1512	1513	2113	2114	2115
1499	1513	1500	2115	2116	2073
1500	1513	1514	2116	2117	2118
1500	1514	1501	2118	2119	2076
1501	1514	1515	2119	2120	2121
1501	1515	1502	2121	2122	2079
1502	1515	1516	2122	2123	2124
1502	1516	1503	2124	2125	2082
1503	1516	1517	2125	2126	2127
1503	1517	1504	2127	2128	2085
1504	1517	1518	2128	2129	2130
1504	1518	1505	2130	2131	2088
1505	1518	1519	2131	2132	2133
1505	1519	1506	2133	2134	2091
1506	1519	1520	2134	2135	2136
1506	1520	1507	2136	2137	2094
1507	1520	1521	2137	2138	2139
1507	1521	1508	2139	2140	2097
1508	1521	1522	2140	2141	2142
1508	1522	1509	2142	2143	2100
1509	1522	1523	2143	2144	2145
1509	1523	1510	2145	2146	2103
1510	1523	1524	2146	2147	2148
1510	1524	507	2148	2149	2106
507	1524	506	2149	2150	526
372	373	1511	392	2151	2108
1511	373	1525	2151	2152	2153
1511	1525	1512	2153	2154	2111
1512	1525	1526	2154	2155	2156
1512	1526	1513	2156	2157	2114
1513	1526	1527	2157	2158	2159
1513	1527	1514	2159	2160	2117
1514	1527	1528	2160	2161	2162
1514	1528	1515	2162	2163	2120
1515	1528	1529	2163	2164	2165
1515	1529	1516	2165	2166	2123
1516	1529	1530	2166	2167	2168
1516	1530	1517	2168	2169	2126
1517	1530	1531	2169	2170	2171
1517	1531	1518	2171	2172	2129
1518	1531	1532	2172	2173	2174
1518	1532	1519	2174	2175	2132
1519	1532	1533	2175	2176	2177
1519	1533	1520	2177	2178	2135
1520	1533	1534	2178	2179	2180
1520	1534	1521	2180	2181	2138
1521	1534	1535	2181	2182	2183
1521	1535	1522	2183	2184	2141
1522	1535	1536	2184	2185	2186
1522	1536	1523	2186	2187	2144
1523	1536	1537	2187	2188	2189
1523	1537	1524	2189	2190	2147
1524	1537	1538	2190	2191	2192
1524	1538	506	2192	2193	2150
506	1538	505	2193	2194	525
373	374	1525	393	2195	2152
1525	374	1539	2195	2196	2197
1525	1539	1526	2197	2198	2155
1526	1539	1540	2198	2199	2200
1526	1540	1527	2200	2201	2158
1527	1540	1541	2201	2202	2203
1527	1541	1528	2203	2204	2161
1528	1541	1542	2204	2205	2206
1528	1542	1529	2206	2207	2164
1529	1542	1543	2207	2208	2209
1529	1543	1530	2209	2210	2167
1530	1543	1544	2210	2211	2212
1530	1544	1531	2212	2213	2170
1531	1544	1545	2213	2214	2215
1531	1545	1532	2215	2216	2173
1532	1545	1546	2216	2217	2218
1532	1546	1533	2218	2219	2176
1533	1546	1547	2219	2220	2221
1533	1547	1534	2221	2222	2179
1534	1547	1548	2222	2223	2224
1534	1548	1535	2224	2225	2182
1535	1548	1549	2225	2226	2227
1535	1549	1536	2227	2228	2185
1536	1549	1550	2228	2229	2230
1536	1550	1537	2230	2231	2188
1537	1550	1551	2231	2232	2233
1537	1551	1538	2233	2234	2191
1538	1551	1552	2234	2235	2236
1538	1552	505	2236	2237	2194
505	1552	504	2237	2238	524
374	375	1539	394	2239	2196
1539	375	1553	2239	2240	2241
1539	1553	1540	2241	2242	2199
1540	1553	1554	2242	2243	2244
1540	1554	1541	2244	2245	2202
1541	1554	1555	2245	2246	2247
1541	1555	1542	2247	2248	2205
1542	1555	1556	2248	2249	2250
1542	1556	1543	2250	2251	2208
1543	1556	1557	2251	2252	2253
1543	1557	1544	2253	2254	2211
1544	1557	1558	2254	2255	2256
1544	1558	1545	2256	2257	2214
1545	1558	1559	2257	2258	2259
1545	1559	1546	2259	2260	2217
1546	1559	1560	2260	2261	2262
1546	1560	1547	2262	2263	2220
1547	1560	1561	2263	2264	2265
1547	1561	1548	2265	2266	2223
1548	1561	1562	2266	2267	2268
1548	1562	1549	2268	2269	2226
1549	1562	1563	2269	2270	2271
1549	1563	1550	2271	2272	2229
1550	1563	1564	2272	2273	2274
1550	1564	1551	2274	2275	2232
1551	1564	1565	2275	2276	2277
1551	1565	1552	2277	2278	2235
1552	1565	1566	2278	2279	2280
1552	1566	504	2280	2281	2238
504	1566	503	2281	2282	523
375	376	1553	395	2283	2240
1553	376	1567	2283	2284	2285
1553	1567	1554	2285	2286	2243
1554	1567	1568	2286	2287	2288
1554	1568	1555	2288	2289	2246
1555	1568	1569	2289	2290	2291
1555	1569	1556	2291	2292	2249
1556	1569	1570	2292	2293	2294
1556	1570	1557	2294	2295	2252
1557	1570	1571	2295	2296	2297
1557	1571	1558	2297	2298	2255
1558	1571	1572	2298	2299	2300
1558	1572	1559	2300	2301	2258
1559	1572	1573	2301	2302	2303
1559	1573	1560	2303	2304	2261
1560	1573	1574	2304	2305	2306
1560	1574	1561	2306	2307	2264
1561	1574	1575	2307	2308	2309
1561	1575	1562	2309	2310	2267
1562	1575	1576	2310	2311	2312
1562	1576	1563	2312	2313	2270
1563	1576	1577	2313	2314	2315
1563	1577	1564	2315	2316	2273
1564	1577	1578	2316	2317	2318
1564	1578	1565	2318	2319	2276
1565	1578	1579	2319	2320	2321
1565	1579	1566	2321	2322	2279
1566	1579	1580	2322	2323	2324
1566	1580	503	2324	2325	2282
503	1580	502	2325	2326	522
376	377	1567	396	2327	2284
1567	377	1581	2327	2328	2329
1567	1581	1568	2329	2330	2287
1568	1581	1582	2330	2331	2332
1568	1582	1569	2332	2333	2290
1569	1582	1583	2333	2334	2335
1569	1583	1570	2335	2336	2293
1570	1583	1584	2336	2337	2338
1570	1584	1571	2338	2339	2296
1571	1584	1585	2339	2340	2341
1571	1585	1572	2341	2342	2299
1572	1585	1586	2342	2343	2344
1572	1586	1573	2344	2345	2302
1573	1586	1587	2345	2346	2347
1573	1587	1574	2347	2348	2305
1574	1587	1588	2348	2349	2350
1574	1588	1575	2350	2351	2308
1575	1588	1589	2351	2352	2353
1575	1589	1576	2353	2354	2311
1576	1589	1590	2354	2355	2356
1576	1590	1577	2356	2357	2314
1577	1590	1591	2357	2358	2359
1577	1591	1578	2359	2360	2317
1578	1591	1592	2360	2361	2362
1578	1592	1579	2362	2363	2320
1579	1592	1593	2363	2364	2365
1579	1593	1580	2365	2366	2323
1580	1593	1594	2366	2367	2368
1580	1594	502	2368	2369	2326
502	1594	501	2369	2370	521
377	378	1581	397	2371	2328
1581	378	1595	2371	2372	2373
1581	1595	1582	2373	2374	2331
1582	1595	1596	2374	2375	2376
1582	1596	1583	2376	2377	2334
1583	1596	1597	2377	2378	2379
1583	1597	1584	2379	2380	2337
1584	1597	1598	2380	2381	2382
1584	1598	1585	2382	2383	2340
1585	1598	1599	2383	2384	2385
1585	1599	1586	2385	2386	2343
1586	1599	1600	2386	2387	2388
1586	1600	1587	2388	2389	2346
1587	1600	1601	2389	2390	2391
1587	1601	1588	2391	2392	2349
1588	1601	1602	2392	2393	2394
1588	1602	1589	2394	2395	2352
1589	1602	1603	2395	2396	2397
1589	1603	1590	2397	2398	2355
1590	1603	1604	2398	2399	2400
1590	1604	1591	2400	2401	2358
1591	1604	1605	2401	2402	2403
1591	1605	1592	2403	2404	2361
1592	1605	1606	2404	2405	2406
1592	1606	1593	2406	2407	2364
1593	1606	1607	2407	2408	2409
1593	1607	1594	2409	2410	2367
1594	1607	1608	2410	2411	2412
1594	1608	501	2412	2413	2370
501	1608	500	2413	2414	520
378	379	1595	398	2415	2372
1595	379	1609	2415	2416	2417
1595	1609	1596	2417	2418	2375
1596	1609	1610	2418	2419	2420
1596	1610	1597	2420	2421	2378
1597	1610	1611	2421	2422	2423
1597	1611	1598	2423	2424	2381
1598	1611	1612	2424	2425	2426
1598	1612	1599	2426	2427	2384
1599	1612	1613	2427	2428	2429
1599	1613	1600	2429	2430	2387
1600	1613	1614	2430	2431	2432
1600	1614	1601	2432	2433	2390
1601	1614	1615	2433	2434	2435
1601	1615	1602	2435	2436	2393
1602	1615	1616	2436	2437	2438
1602	1616	1603	2438	2439	2396
1603	1616	1617	2439	2440	2441
1603	1617	1604	2441	2442	2399
1604	1617	1618	2442	2443	2444
1604	1618	1605	2444	2445	2402
1605	1618	1619	2445	2446	2447
1605	1619	1606	2447	2448	2405
1606	1619	1620	2448	2449	2450
1606	1620	1607	2450	2451	2408
1607	1620	1621	2451	2452	2453
1607	1621	1608	2453	2454	2411
1608	1621	1622	2454	2455	2456
1608	1622	500	2456	2457	2414
500	1622	499	2457	2458	519
379	4	1609	399	2459	2416
1609	4	26	2459	41	2460
1609	26	1610	2460	2461	2419
1610	26	25	2461	40	2462
1610	25	1611	2462	2463	2422
1611	25	24	2463	39	2464
1611	24	1612	2464	2465	2425
1612	24	23	2465	38	2466
1612	23	1613	2466	2467	2428
1613	23	22	2467	37	2468
1613	22	1614	2468	2469	2431
1614	22	21	2469	36	2470
1614	21	1615	2470	2471	2434
1615	21	20	2471	35	2472
1615	20	1616	2472	2473	2437
1616	20	19	2473	34	2474
1616	19	1617	2474	2475	2440
1617	19	18	2475	33	2476
1617	18	1618	2476	2477	2443
1618	18	17	2477	32	2478
1618	17	1619	2478	2479	2446
1619	17	16	2479	31	2480
1619	16	1620	2480	2481	2449
1620	16	15	2481	30	2482
1620	15	1621	2482	2483	2452
1621	15	14	2483	29	2484
1621	14	1622	2484	2485	2455
1622	14	13	2485	28	2486
1622	13	499	2486	2487	2458
499	13	1	2487	27	518
7	407	171	426	2754	186
171	407	2488	2754	2755	2756
171	2488	170	2756	2757	185
170	2488	2489	2757	2758	2759
170	2489	169	2759	2760	184
169	2489	2490	2760	2761	2762
169	2490	168	2762	2763	183
168	2490	2491	2763	2764	2765
168	2491	167	2765	2766	182
167	2491	2492	2766	2767	2768
167	2492	166	2768	2769	181
166	2492	2493	2769	2770	2771
166	2493	165	2771	2772	180
165	2493	2494	2772	2773	2774
165	2494	164	2774	2775	179
164	2494	2495	2775	2776	2777
164	2495	163	2777	2778	178
163	2495	2496	2778	2779	2780
163	2496	162	2780	2781	177
162	2496	2497	2781	2782	2783
162	2497	161	2783	2784	176
161	2497	2498	2784	2785	2786
161	2498	160	2786	2787	175
160	2498	2499	2787	2788	2789
160	2499	159	2789	2790	174
159	2499	2500	2790	2791	2792
159	2500	158	2792	2793	173
158	2500	2501	2793	2794	2795
158	2501	8	2795	2796	172
8	2501	361	2796	2797	380
407	408	2488	427	2798	2755
2488	408	2502	2798	2799	2800
2488	2502	2489	2800	2801	2758
2489	2502	2503	2801	2802	2803
2489	2503	2490	2803	2804	2761
2490	2503	2504	2804	2805	2806
2490	2504	2491	2806	2807	2764
2491	2504	2505	2807	2808	2809
2491	2505	2492	2809	2810	2767
2492	2505	2506	2810	2811	2812
2492	2506	2493	2812	2813	2770
2493	2506	2507	2813	2814	2815
2493	2507	2494	2815	2816	2773
2494	2507	2508	2816	2817	2818
2494	2508	2495	2818	2819	2776
2495	2508	2509	2819	2820	2821
2495	2509	2496	2821	2822	2779
2496	2509	2510	2822	2823	2824
2496	2510	2497	2824	2825	2782
2497	2510	2511	2825	2826	2827
2497	2511	2498	2827	2828	2785
2498	2511	2512	2828	2829	2830
2498	2512	2499	2830	2831	2788
2499	2512	2513	2831	2832	2833
2499	2513	2500	2833	2834	2791
2500	2513	2514	2834	2835	2836
2500	2514	2501	2836	2837	2794
2501	2514	2515	2837	2838	2839
2501	2515	361	2839	2840	2797
361	2515	362	2840	2841	381
408	409	2502	428	2842	2799
2502	409	2516	2842	2843	2844
2502	2516	2503	2844	2845	2802
2503	2516	2517	2845	2846	2847
2503	2517	2504	2847	2848	2805
2504	2517	2518	2848	2849	2850
2504	2518	2505	2850	2851	2808
2505	2518	2519	2851	2852	2853
2505	2519	2506	2853	2854	2811
2506	2519	2520	2854	2855	2856
2506	2520	2507	2856	2857	2814
2507	2520	2521	2857	2858	2859
2507	2521	2508	2859	2860	2817
2508	2521	2522	2860	2861	2862
2508	2522	2509	2862	2863	2820
2509	2522	2523	2863	2864	2865
2509	2523	2510	2865	2866	2823
2510	2523	2524	2866	2867	2868
2510	2524	2511	2868	2869	2826
2511	2524	2525	2869	2870	2871
2511	2525	2512	2871	2872	2829
2512	2525	2526	2872	2873	2874
2512	2526	2513	2874	2875	2832
2513	2526	2527	2875	2876	2877
2513	2527	2514	2877	2878	2835
2514	2527	2528	2878	2879	2880
2514	2528	2515	2880	2881	2838
2515	2528	2529	2881	2882	2883
2515	2529	362	2883	2884	2841
362	2529	363	2884	2885	382
409	410	2516	429	2886	2843
2516	410	2530	2886	2887	2888
2516	2530	2517	2888	2889	2846
2517	2530	2531	2889	2890	2891
2517	2531	2518	2891	2892	2849
2518	2531	2532	2892	2893	2894
2518	2532	2519	2894	2895	2852
2519	2532	2533	2895	2896	2897
2519	2533	2520	2897	2898	2855
2520	2533	2534	2898	2899	2900
2520	2534	2521	2900	2901	2858
2521	2534	2535	2901	2902	2903
2521	2535	2522	2903	2904	2861
2522	2535	2536	2904	2905	2906
2522	2536	2523	2906	2907	2864
2523	2536	2537	2907	2908	2909
2523	2537	2524	2909	2910	2867
2524	2537	2538	2910	2911	2912
2524	2538	2525	2912	2913	2870
2525	2538	2539	2913	2914	2915
2525	2539	2526	2915	2916	2873
2526	2539	2540	2916	2917	2918
2526	2540	2527	2918	2919	2876
2527	2540	2541	2919	2920	2921
2527	2541	2528	2921	2922	2879
2528	2541	2542	2922	2923	2924
2528	2542	2529	2924	2925	2882
2529	2542	2543	2925	2926	2927
2529	2543	363	2927	2928	2885
363	2543	364	2928	2929	383
410	411	2530	430	2930	2887
2530	411	2544	2930	2931	2932
2530	2544	2531	2932	2933	2890
2531	2544	2545	2933	2934	2935
2531	2545	2532	2935	2936	2893
2532	2545	2546	2936	2937	2938
2532	2546	2533	2938	2939	2896
2533	2546	2547	2939	2940	2941
2533	2547	2534	2941	2942	2899
2534	2547	2548	2942	2943	2944
2534	2548	2535	2944	2945	2902
2535	2548	2549	2945	2946	2947
2535	2549	2536	2947	2948	2905
2536	2549	2550	2948	2949	2950
2536	2550	2537	2950	2951	2908
2537	2550	2551	2951	2952	2953
2537	2551	2538	2953	2954	2911
2538	2551	2552	2954	2955	2956
2538	2552	2539	2956	2957	2914
2539	2552	2553	2957	2958	2959
2539	2553	2540	2959	2960	2917
2540	2553	2554	2960	2961	2962
2540	2554	2541	2962	2963	2920
2541	2554	2555	2963	2964	2965
2541	2555	2542	2965	2966	2923
2542	2555	2556	2966	2967	2968
2542	2556	2543	2968	2969	2926
2543	2556	2557	2969	2970	2971
2543	2557	364	2971	2972	2929
364	2557	365	2972	2973	384
411	412	2544	431	2974	2931
2544	412	2558	2974	2975	2976
2544	2558	2545	2976	2977	2934
2545	2558	2559	2977	2978	2979
2545	2559	2546	2979	2980	2937
2546	2559	2560	2980	2981	2982
2546	2560	2547	2982	2983	2940
2547	2560	2561	2983	2984	2985
2547	2561	2548	2985	2986	2943
2548	2561	2562	2986	2987	2988
2548	2562	2549	2988	2989	2946
2549	2562	2563	2989	2990	2991
2549	2563	2550	2991	2992	2949
2550	2563	2564	2992	2993	2994
2550	2564	2551	2994	2995	2952
2551	2564	2565	2995	2996	2997
2551	2565	2552	2997	2998	2955
2552	2565	2566	2998	2999	3000
2552	2566	2553	3000	3001	2958
2553	2566	2567	3001	3002	3003
2553	2567	2554	3003	3004	2961
2554	2567	2568	3004	3005	3006
2554	2568	2555	3006	3007	2964
2555	2568	2569	3007	3008	3009
2555	2569	2556	3009	3010	2967
2556	2569	2570	3010	3011	3012
2556	2570	2557	3012	3013	2970
2557	2570	2571	3013	3014	3015
2557	2571	365	3015	3016	2973
365	2571	366	3016	3017	385
412	413	2558	432	3018	2975
2558	413	2572	3018	3019	3020
2558	2572	2559	3020	3021	2978
2559	2572	2573	3021	3022	3023
2559	2573	2560	3023	3024	2981
2560	2573	2574	3024	3025	3026
2560	2574	2561	3026	3027	2984
2561	2574	2575	3027	3028	3029
2561	2575	2562	3029	3030	2987
2562	2575	2576	3030	3031	3032
2562	2576	2563	3032	3033	2990
2563	2576	2577	3033	3034	3035
2563	2577	2564	3035	3036	2993
2564	2577	2578	3036	3037	3038
2564	2578	2565	3038	3039	2996
2565	2578	2579	3039	3040	3041
2565	2579	2566	3041	3042	2999
2566	2579	2580	3042	3043	3044
2566	2580	2567	3044	3045	3002
2567	2580	2581	3045	3046	3047
2567	2581	2568	3047	3048	3005
2568	2581	2582	3048	3049	3050
2568	2582	2569	3050	3051	3008
2569	2582	2583	3051	3052	3053
2569	2583	2570	3053	3054	3011
2570	2583	2584	3054	3055	3056
2570	2584	2571	3056	3057	3014
2571	2584	2585	3057	3058	3059
2571	2585	366	3059	3060	3017
366	2585	367	3060	3061	386
413	414	2572	433	3062	3019
2572	414	2586	3062	3063	3064
2572	2586	2573	3064	3065	3022
2573	2586	2587	3065	3066	3067
2573	2587	2574	3067	3068	3025
2574	2587	2588	3068	3069	3070
2574	2588	2575	3070	3071	3028
2575	2588	2589	3071	3072	3073
2575	2589	2576	3073	3074	3031
2576	2589	2590	3074	3075	3076
2576	2590	2577	3076	3077	3034
2577	2590	2591	3077	3078	3079
2577	2591	2578	3079	3080	3037
2578	2591	2592	3080	3081	3082
2578	2592	2579	3082	3083	3040
2579	2592	2593	3083	3084	3085
2579	2593	2580	3085	3086	3043
2580	2593	2594	3086	3087	3088
2580	2594	2581	3088	3089	3046
2581	2594	2595	3089	3090	3091
2581	2595	2582	3091	3092	3049
2582	2595	2596	3092	3093	3094
2582	2596	2583	3094	3095	3052
2583	2596	2597	3095	3096	3097
2583	2597	2584	3097	3098	3055
2584	2597	2598	3098	3099	3100
2584	2598	2585	3100	3101	3058
2585	2598	2599	3101	3102	3103
2585	2599	367	3103	3104	3061
367	2599	368	3104	3105	387
414	415	2586	434	3106	3063
2586	415	2600	3106	3107	3108
2586	2600	2587	3108	3109	3066
2587	2600	2601	3109	3110	3111
2587	2601	2588	3111	3112	3069
2588	2601	2602	3112	3113	3114
2588	2602	2589	3114	3115	3072
2589	2602	2603	3115	3116	3117
2589	2603	2590	3117	3118	3075
2590	2603	2604	3118	3119	3120
2590	2604	2591	3120	3121	3078
2591	2604	2605	3121	3122	3123
2591	2605	2592	3123	3124	3081
2592	2605	2606	3124	3125	3126
2592	2606	2593	3126	3127	3084
2593	2606	2607	3127	3128	3129
2593	2607	2594	3129	3130	3087
2594	2607	2608	3130	3131	3132
2594	2608	2595	3132	3133	3090
2595	2608	2609	3133	3134	3135
2595	2609	2596	3135	3136	3093
2596	2609	2610	3136	3137	3138
2596	2610	2597	3138	3139	3096
2597	2610	2611	3139	3140	3141
2597	2611	2598	3141	3142	3099
2598	2611	2612	3142	3143	3144
2598	2612	2599	3144	3145	3102
2599	2612	2613	3145	3146	3147
2599	2613	368	3147	3148	3105
368	2613	369	3148	3149	388
415	416	2600	435	3150	3107
2600	416	2614	3150	3151	3152
2600	2614	2601	3152	3153	3110
2601	2614	2615	3153	3154	3155
2601	2615	2602	3155	3156	3113
2602	2615	2616	3156	3157	3158
2602	2616	2603	3158	3159	3116
2603	2616	2617	3159	3160	3161
2603	2617	2604	3161	3162	3119
2604	2617	2618	3162	3163	3164
2604	2618	2605	3164	3165	3122
2605	2618	2619	3165	3166	3167
2605	2619	2606	3167	3168	3125
2606	2619	2620	3168	3169	3170
2606	2620	2607	3170	3171	3128
2607	2620	2621	3171	3172	3173
2607	2621	2608	3173	3174	3131
2608	2621	2622	3174	3175	3176
2608	2622	2609	3176	3177	3134
2609	2622	2623	3177	3178	3179
2609	2623	2610	3179	3180	3137
2610	2623	2624	3180	3181	3182
2610	2624	2611	3182	3183	3140
2611	2624	2625	3183	3184	3185
2611	2625	2612	3185	3186	3143
2612	2625	2626	3186	3187	3188
2612	2626	2613	3188	3189	3146
2613	2626	2627	3189	3190	3191
2613	2627	369	3191	3192	3149
369	2627	370	3192	3193	389
416	417	2614	436	3194	3151
2614	417	2628	3194	3195	3196
2614	2628	2615	3196	3197	3154
2615	2628	2629	3197	3198	3199
2615	2629	2616	3199	3200	3157
2616	2629	2630	3200	3201	3202
2616	2630	2617	3202	3203	3160
2617	2630	2631	3203	3204	3205
2617	2631	2618	3205	3206	3163
2618	2631	2632	3206	3207	3208
2618	2632	2619	3208	3209	3166
2619	2632	2633	3209	3210	3211
2619	2633	2620	3211	3212	3169
2620	2633	2634	3212	3213	3214
2620	2634	2621	3214	3215	3172
2621	2634	2635	3215	3216	3217
2621	2635	2622	3217	3218	3175
2622	2635	2636	3218	3219	3220
2622	2636	2623	3220	3221	3178
2623	2636	2637	3221	3222	3223
2623	2637	2624	3223	3224	3181
2624	2637	2638	3224	3225	3226
2624	2638	2625	3226	3227	3184
2625	2638	2639	3227	3228	3229
2625	2639	2626	3229	3230	3187
2626	2639	2640	3230	3231	3232
2626	2640	2627	3232	3233	3190
2627	2640	2641	3233	3234	3235
2627	2641	370	3235	3236	3193
370	2641	371	3236	3237	390
417	418	2628	437	3238	3195
2628	418	2642	3238	3239	3240
2628	2642	2629	3240	3241	3198
2629	2642	2643	3241	3242	3243
2629	2643	2630	3243	3244	3201
2630	2643	2644	3244	3245	3246
2630	2644	2631	3246	3247	3204
2631	2644	2645	3247	3248	3249
2631	2645	2632	3249	3250	3207
2632	2645	2646	3250	3251	3252
2632	2646	2633	3252	3253	3210
2633	2646	2647	3253	3254	3255
2633	2647	2634	3255	3256	3213
2634	2647	2648	3256	3257	3258
2634	2648	2635	3258	3259	3216
2635	2648	2649	3259	3260	3261
2635	2649	2636	3261	3262	3219
2636	2649	2650	3262	3263	3264
2636	2650	2637	3264	3265	3222
2637	2650	2651	3265	3266	3267
2637	2651	2638	3267	3268	3225
2638	2651	2652	3268	3269	3270
2638	2652	2639	3270	3271	3228
2639	2652	2653	3271	3272	3273
2639	2653	2640	3273	3274	3231
2640	2653	2654	3274	3275	3276
2640	2654	2641	3276	3277	3234
2641	2654	2655	3277	3278	3279
2641	2655	371	3279	3280	3237
371	2655	372	3280	3281	391
418	419	2642	438	3282	3239
2642	419	2656	3282	3283	3284
2642	2656	2643	3284	3285	3242
2643	2656	2657	3285	3286	3287
2643	2657	2644	3287	3288	3245
2644	2657	2658	3288	3289	3290
2644	2658	2645	3290	3291	3248
2645	2658	2659	3291	3292	3293
2645	2659	2646	3293	3294	3251
2646	2659	2660	3294	3295	3296
2646	2660	2647	3296	3297	3254
2647	2660	2661	3297	3298	3299
2647	2661	2648	3299	3300	3257
2648	2661	2662	3300	3301	3302
2648	2662	2649	3302	3303	3260
2649	2662	2663	3303	3304	3305
2649	2663	2650	3305	3306	3263
2650	2663	2664	3306	3307	3308
2650	2664	2651	3308	3309	3266
2651	2664	2665	3309	3310	3311
2651	2665	2652	3311	3312	3269
2652	2665	2666	3312	3313	3314
2652	2666	2653	3314	3315	3272
2653	2666	2667	3315	3316	3317
2653	2667	2654	3317	3318	3275
2654	2667	2668	3318	3319	3320
2654	2668	2655	3320	3321	3278
2655	2668	2669	3321	3322	3323
2655	2669	372	3323	3324	3281
372	2669	373	3324	3325	392
419	420	2656	439	3326	3283
2656	420	2670	3326	3327	3328
2656	2670	2657	3328	3329	3286
2657	2670	2671	3329	3330	3331
2657	2671	2658	3331	3332	3289
2658	2671	2672	3332	3333	3334
2658	2672	2659	3334	3335	3292
2659	2672	2673	3335	3336	3337
2659	2673	2660	3337	3338	3295
2660	2673	2674	3338	3339	3340
2660	2674	2661	3340	3341	3298
2661	2674	2675	3341	3342	3343
2661	2675	2662	3343	3344	3301
2662	2675	2676	3344	3345	3346
2662	2676	2663	3346	3347	3304
2663	2676	2677	3347	3348	3349
2663	2677	2664	3349	3350	3307
2664	2677	2678	3350	3351	3352
2664	2678	2665	3352	3353	3310
2665	2678	2679	3353	3354	3355
2665	2679	2666	3355	3356	3313
2666	2679	2680	3356	3357	3358
2666	2680	2667	3358	3359	3316
2667	2680	2681	3359	3360	3361
2667	2681	2668	3361	3362	3319
2668	2681	2682	3362	3363	3364
2668	2682	2669	3364	3365	3322
2669	2682	2683	3365	3366	3367
2669	2683	373	3367	3368	3325
373	2683	374	3368	3369	393
420	421	2670	440	3370	3327
2670	421	2684	3370	3371	3372
2670	2684	2671	3372	3373	3330
2671	2684	2685	3373	3374	3375
2671	2685	2672	3375	3376	3333
2672	2685	2686	3376	3377	3378
2672	2686	2673	3378	3379	3336
2673	2686	2687	3379	3380	3381
2673	2687	2674	3381	3382	3339
2674	2687	2688	3382	3383	3384
2674	2688	2675	3384	3385	3342
2675	2688	2689	3385	3386	3387
2675	2689	2676	3387	3388	3345
2676	2689	2690	3388	3389	3390
2676	2690	2677	3390	3391	3348
2677	2690	2691	3391	3392	3393
2677	2691	2678	3393	3394	3351
2678	2691	2692	3394	3395	3396
2678	2692	2679	3396	3397	3354
2679	2692	2693	3397	3398	3399
2679	2693	2680	3399	3400	3357
2680	2693	2694	3400	3401	3402
2680	2694	2681	3402	3403	3360
2681	2694	2695	3403	3404	3405
2681	2695	2682	3405	3406	3363
2682	2695	2696	3406	3407	3408
2682	2696	2683	3408	3409	3366
2683	2696	2697	3409	3410	3411
2683	2697	374	3411	3412	3369
374	2697	375	3412	3413	394
421	422	2684	441	3414	3371
2684	422	2698	3414	3415	3416
2684	2698	2685	3416	3417	3374
2685	2698	2699	3417	3418	3419
2685	2699	2686	3419	3420	3377
2686	2699	2700	3420	3421	3422
2686	2700	2687	3422	3423	3380
2687	2700	2701	3423	3424	3425
2687	2701	2688	3425	3426	3383
2688	2701	2702	3426	3427	3428
2688	2702	2689	3428	3429	3386
2689	2702	2703	3429	3430	3431
2689	2703	2690	3431	3432	3389
2690	2703	2704	3432	3433	3434
2690	2704	2691	3434	3435	3392
2691	2704	2705	3435	3436	3437
2691	2705	2692	3437	3438	3395
2692	2705	2706	3438	3439	3440
2692	2706	2693	3440	3441	3398
2693	2706	2707	3441	3442	3443
2693	2707	2694	3443	3444	3401
2694	2707	2708	3444	3445	3446
2694	2708	2695	3446	3447	3404
2695	2708	2709	3447	3448	3449
2695	2709	2696	3449	3450	3407
2696	2709	2710	3450	3451	3452
2696	2710	2697	3452	3453	3410
2697	2710	2711	3453	3454	3455
2697	2711	375	3455	3456	3413
375	2711	376	3456	3457	395
422	423	2698	442	3458	3415
2698	423	2712	3458	3459	3460
2698	2712	2699	3460	3461	3418
2699	2712	2713	3461	3462	3463
2699	2713	2700	3463	3464	3421
2700	2713	2714	3464	3465	3466
2700	2714	2701	3466	3467	3424
2701	2714	2715	3467	3468	3469
2701	2715	2702	3469	3470	3427
2702	2715	2716	3470	3471	3472
2702	2716	2703	3472	3473	3430
2703	2716	2717	3473	3474	3475
2703	2717	2704	3475	3476	3433
2704	2717	2718	3476	3477	3478
2704	2718	2705	3478	3479	3436
2705	2718	2719	3479	3480	3481
2705	2719	2706	3481	3482	3439
2706	2719	2720	3482	3483	3484
2706	2720	2707	3484	3485	3442
2707	2720	2721	3485	3486	3487
2707	2721	2708	3487	3488	3445
2708	2721	2722	3488	3489	3490
2708	2722	2709	3490	3491	3448
2709	2722	2723	3491	3492	3493
2709	2723	2710	3493	3494	3451
2710	2723	2724	3494	3495	3496
2710	2724	2711	3496	3497	3454
2711	2724	2725	3497	3498	3499
2711	2725	376	3499	3500	3457
376	2725	377	3500	3501	396
423	424	2712	443	3502	3459
2712	424	2726	3502	3503	3504
2712	2726	2713	3504	3505	3462
2713	2726	2727	3505	3506	3507
2713	2727	2714	3507	3508	3465
2714	2727	2728	3508	3509	3510
2714	2728	2715	3510	3511	3468
2715	2728	2729	3511	3512	3513
2715	2729	2716	3513	3514	3471
2716	2729	2730	3514	3515	3516
2716	2730	2717	3516	3517	3474
2717	2730	2731	3517	3518	3519
2717	2731	2718	3519	3520	3477
2718	2731	2732	3520	3521	3522
2718	2732	2719	3522	3523	3480
2719	2732	2733	3523	3524	3525
2719	2733	2720	3525	3526	3483
2720	2733	2734	3526	3527	3528
2720	2734	2721	3528	3529	3486
2721	2734	2735	3529	3530	3531
2721	2735	2722	3531	3532	3489
2722	2735	2736	3532	3533	3534
2722	2736	2723	3534	3535	3492
2723	2736	2737	3535	3536	3537
2723	2737	2724	3537	3538	3495
2724	2737	2738	3538	3539	3540
2724	2738	2725	3540	3541	3498
2725	2738	2739	3541	3542	3543
2725	2739	377	3543	3544	3501
377	2739	378	3544	3545	397
424	425	2726	444	3546	3503
2726	425	2740	3546	3547	3548
2726	2740	2727	3548	3549	3506
2727	2740	2741	3549	3550	3551
2727	2741	2728	3551	3552	3509
2728	2741	2742	3552	3553	3554
2728	2742	2729	3554	3555	3512
2729	2742	2743	3555	3556	3557
2729	2743	2730	3557	3558	3515
2730	2743	2744	3558	3559	3560
2730	2744	2731	3560	3561	3518
2731	2744	2745	3561	3562	3563
2731	2745	2732	3563	3564	3521
2732	2745	2746	3564	3565	3566
2732	2746	2733	3566	3567	3524
2733	2746	2747	3567	3568	3569
2733	2747	2734	3569	3570	3527
2734	2747	2748	3570	3571	3572
2734	2748	2735	3572	3573	3530
2735	2748	2749	3573	3574	3575
2735	2749	2736	3575	3576	3533
2736	2749	2750	3576	3577	3578
2736	2750	2737	3578	3579	3536
2737	2750	2751	3579	3580	3581
2737	2751	2738	3581	3582	3539
2738	2751	2752	3582	3583	3584
2738	2752	2739	3584	3585	3542
2739	2752	2753	3585	3586	3587
2739	2753	378	3587	3588	3545
378	2753	379	3588	3589	398
425	3	2740	445	3590	3547
2740	3	55	3590	70	3591
2740	55	2741	3591	3592	3550
2741	55	54	3592	69	3593
2741	54	2742	3593	3594	3553
2742	54	53	3594	68	3595
2742	53	2743	3595	3596	3556
2743	53	52	3596	67	3597
2743	52	2744	3597	3598	3559
2744	52	51	3598	66	3599
2744	51	2745	3599	3600	3562
2745	51	50	3600	65	3601
2745	50	2746	3601	3602	3565
2746	50	49	3602	64	3603
2746	49	2747	3603	3604	3568
2747	49	48	3604	63	3605
2747	48	2748	3605	3606	3571
2748	48	47	3606	62	3607
2748	47	2749	3607	3608	3574
2749	47	46	3608	61	3609
2749	46	2750	3609	3610	3577
2750	46	45	3610	60	3611
2750	45	2751	3611	3612	3580
2751	45	44	3612	59	3613
2751	44	2752	3613	3614	3583
2752	44	43	3614	58	3615
2752	43	2753	3615	3616	3586
2753	43	42	3616	57	3617
2753	42	379	3617	3618	3589
379	42	4	3618	56	399
7	187	407	201	3885	426
407	187	3619	3885	3886	3887
407	3619	408	3887	3888	427
408	3619	3620	3888	3889	3890
408	3620	409	3890	3891	428
409	3620	3621	3891	3892	3893
409	3621	410	3893	3894	429
410	3621	3622	3894	3895	3896
410	3622	411	3896	3897	430
411	3622	3623	3897	3898	3899
411	3623	412	3899	3900	431
412	3623	3624	3900	3901	3902
412	3624	413	3902	3903	432
413	3624	3625	3903	3904	3905
413	3625	414	3905	3906	433
414	3625	3626	3906	3907	3908
414	3626	415	3908	3909	434
415	3626	3627	3909	3910	3911
415	3627	416	3911	3912	435
416	3627	3628	3912	3913	3914
416	3628	417	3914	3915	436
417	3628	3629	3915	3916	3917
417	3629	418	3917	3918	437
418	3629	3630	3918	3919	3920
418	3630	419	3920	3921	438
419	3630	3631	3921	3922	3923
419	3631	420	3923	3924	439
420	3631	3632	3924	3925	3926
420	3632	421	3926	3927	440
421	3632	3633	3927	3928	3929
421	3633	422	3929	3930	441
422	3633	3634	3930	3931	3932
422	3634	423	3932	3933	442
423	3634	3635	3933	3934	3935
423	3635	424	3935	3936	443
424	3635	3636	3936	3937	3938
424	3636	425	3938	3939	444
425	3636	3637	3939	3940	3941
425	3637	3	3941	3942	445
3	3637	71	3942	3943	85
187	188	3619	202	3944	3886
3619	188	3638	3944	3945	3946
3619	3638	3620	3946	3947	3889
3620	3638	3639	3947	3948	3949
3620	3639	3621	3949	3950	3892
3621	3639	3640	3950	3951	3952
3621	3640	3622	3952	3953	3895
3622	3640	3641	3953	3954	3955
3622	3641	3623	3955	3956	3898
3623	3641	3642	3956	3957	3958
3623	3642	3624	3958	3959	3901
3624	3642	3643	3959	3960	3961
3624	3643	3625	3961	3962	3904
3625	3643	3644	3962	3963	3964
3625	3644	3626	3964	3965	3907
3626	3644	3645	3965	3966	3967
3626	3645	3627	3967	3968	3910
3627	3645	3646	3968	3969	3970
3627	3646	3628	3970	3971	3913
3628	3646	3647	3971	3972	3973
3628	3647	3629	3973	3974	3916
3629	3647	3648	3974	3975	3976
3629	3648	3630	3976	3977	3919
3630	3648	3649	3977	3978	3979
3630	3649	3631	3979	3980	3922
3631	3649	3650	3980	3981	3982
3631	3650	3632	3982	3983	3925
3632	3650	3651	3983	3984	3985
3632	3651	3633	3985	3986	3928
3633	3651	3652	3986	3987	3988
3633	3652	3634	3988	3989	3931
3634	3652	3653	3989	3990	3991
3634	3653	3635	3991	3992	3934
3635	3653	3654	3992	3993	3994
3635	3654	3636	3994	3995	3937
3636	3654	3655	3995	3996	3997
3636	3655	3637	3997	3998	3940
3637	3655	3656	3998	3999	4000
3637	3656	71	4000	4001	3943
71	3656	72	4001	4002	86
188	189	3638	203	4003	3945
3638	189	3657	4003	4004	4005
3638	3657	3639	4005	4006	3948
3639	3657	3658	4006	4007	4008
3639	3658	3640	4008	4009	3951
3640	3658	3659	4009	4010	4011
3640	3659	3641	4011	4012	3954
3641	3659	3660	4012	4013	4014
3641	3660	3642	4014	4015	3957
3642	3660	3661	4015	4016	4017
3642	3661	3643	4017	4018	3960
3643	3661	3662	4018	4019	4020
3643	3662	3644	4020	4021	3963
3644	3662	3663	4021	4022	4023
3644	3663	3645	4023	4024	3966
3645	3663	3664	4024	4025	4026
3645	3664	3646	4026	4027	3969
3646	3664	3665	4027	4028	4029
3646	3665	3647	4029	4030	3972
3647	3665	3666	4030	4031	4032
3647	3666	3648	4032	4033	3975
3648	3666	3667	4033	4034	4035
3648	3667	3649	4035	4036	3978
3649	3667	3668	4036	4037	4038
3649	3668	3650	4038	4039	3981
3650	3668	3669	4039	4040	4041
3650	3669	3651	4041	4042	3984
3651	3669	3670	4042	4043	4044
3651	3670	3652	4044	4045	3987
3652	3670	3671	4045	4046	4047
3652	3671	3653	4047	4048	3990
3653	3671	3672	4048	4049	4050
3653	3672	3654	4050	4051	3993
3654	3672	3673	4051	4052	4053
3654	3673	3655	4053	4054	3996
3655	3673	3674	4054	4055	4056
3655	3674	3656	4056	4057	3999
3656	3674	3675	4057	4058	4059
3656	3675	72	4059	4060	4002
72	3675	73	4060	4061	87
189	190	3657	204	4062	4004
3657	190	3676	4062	4063	4064
3657	3676	3658	4064	4065	4007
3658	3676	3677	4065	4066	4067
3658	3677	3659	4067	4068	4010
3659	3677	3678	4068	4069	4070
3659	3678	3660	4070	4071	4013
3660	3678	3679	4071	4072	4073
3660	3679	3661	4073	4074	4016
3661	3679	3680	4074	4075	4076
3661	3680	3662	4076	4077	4019
3662	3680	3681	4077	4078	4079
3662	3681	3663	4079	4080	4022
3663	3681	3682	4080	4081	4082
3663	3682	3664	4082	4083	4025
3664	3682	3683	4083	4084	4085
3664	3683	3665	4085	4086	4028
3665	3683	3684	4086	4087	4088
3665	3684	3666	4088	4089	4031
3666	3684	3685	4089	4090	4091
3666	3685	3667	4091	4092	4034
3667	3685	3686	4092	4093	4094
3667	3686	3668	4094	4095	4037
3668	3686	3687	4095	4096	4097
3668	3687	3669	4097	4098	4040
3669	3687	3688	4098	4099	4100
3669	3688	3670	4100	4101	4043
3670	3688	3689	4101	4102	4103
3670	3689	3671	4103	4104	4046
3671	3689	3690	4104	4105	4106
3671	3690	3672	4106	4107	4049
3672	3690	3691	4107	4108	4109
3672	3691	3673	4109	4110	4052
3673	3691	3692	4110	4111	4112
3673	3692	3674	4112	4113	4055
3674	3692	3693	4113	4114	4115
3674	3693	3675	4115	4116	4058
3675	3693	3694	4116	4117	4118
3675	3694	73	4118	4119	4061
73	3694	74	4119	4120	88
190	191	3676	205	4121	4063
3676	191	3695	4121	4122	4123
3676	3695	3677	4123	4124	4066
3677	3695	3696	4124	4125	4126
3677	3696	3678	4126	4127	4069
3678	3696	3697	4127	4128	4129
3678	3697	3679	4129	4130	4072
3679	3697	3698	4130	4131	4132
3679	3698	3680	4132	4133	4075
3680	3698	3699	4133	4134	4135
3680	3699	3681	4135	4136	4078
3681	3699	3700	4136	4137	4138
3681	3700	3682	4138	4139	4081
3682	3700	3701	4139	4140	4141
3682	3701	3683	4141	4142	4084
3683	3701	3702	4142	4143	4144
3683	3702	3684	4144	4145	4087
3684	3702	3703	4145	4146	4147
3684	3703	3685	4147	4148	4090
3685	3703	3704	4148	4149	4150
3685	3704	3686	4150	4151	4093
3686	3704	3705	4151	4152	4153
3686	3705	3687	4153	4154	4096
3687	3705	3706	4154	4155	4156
3687	3706	3688	4156	4157	4099
3688	3706	3707	4157	4158	4159
3688	3707	3689	4159	4160	4102
3689	3707	3708	4160	4161	4162
3689	3708	3690	4162	4163	4105
3690	3708	3709	4163	4164	4165
3690	3709	3691	4165	4166	4108
3691	3709	3710	4166	4167	4168
3691	3710	3692	4168	4169	4111
3692	3710	3711	4169	4170	4171
3692	3711	3693	4171	4172	4114
3693	3711	3712	4172	4173	4174
3693	3712	3694	4174	4175	4117
3694	3712	3713	4175	4176	4177
3694	3713	74	4177	4178	4120
74	3713	75	4178	4179	89
191	192	3695	206	4180	4122
3695	192	3714	4180	4181	4182
3695	3714	3696	4182	4183	4125
3696	3714	3715	4183	4184	4185
3696	3715	3697	4185	4186	4128
3697	3715	3716	4186	4187	4188
3697	3716	3698	4188	4189	4131
3698	3716	3717	4189	4190	4191
3698	3717	3699	4191	4192	4134
3699	3717	3718	4192	4193	4194
3699	3718	3700	4194	4195	4137
3700	3718	3719	4195	4196	4197
3700	3719	3701	4197	4198	4140
3701	3719	3720	4198	4199	4200
3701	3720	3702	4200	4201	4143
3702	3720	3721	4201	4202	4203
3702	3721	3703	4203	4204	4146
3703	3721	3722	4204	4205	4206
3703	3722	3704	4206	4207	4149
3704	3722	3723	4207	4208	4209
3704	3723	3705	4209	4210	4152
3705	3723	3724	4210	4211	4212
3705	3724	3706	4212	4213	4155
3706	3724	3725	4213	4214	4215
3706	3725	3707	4215	4216	4158
3707	3725	3726	4216	4217	4218
3707	3726	3708	4218	4219	4161
3708	3726	3727	4219	4220	4221
3708	3727	3709	4221	4222	4164
3709	3727	3728	4222	4223	4224
3709	3728	3710	4224	4225	4167
3710	3728	3729	4225	4226	4227
3710	3729	3711	4227	4228	4170
3711	3729	3730	4228	4229	4230
3711	3730	3712	4230	4231	4173
3712	3730	3731	4231	4232	4233
3712	3731	3713	4233	4234	4176
3713	3731	3732	4234	4235	4236
3713	3732	75	4236	4237	4179
75	3732	76	4237	4238	90
192	193	3714	207	4239	4181
3714	193	3733	4239	4240	4241
3714	3733	3715	4241	4242	4184
3715	3733	3734	4242	4243	4244
3715	3734	3716	4244	4245	4187
3716	3734	3735	4245	4246	4247
3716	3735	3717	4247	4248	4190
3717	3735	3736	4248	4249	4250
3717	3736	3718	4250	4251	4193
3718	3736	3737	4251	4252	4253
3718	3737	3719	4253	4254	4196
3719	3737	3738	4254	4255	4256
3719	3738	3720	4256	4257	4199
3720	3738	3739	4257	4258	4259
3720	3739	3721	4259	4260	4202
3721	3739	3740	4260	4261	4262
3721	3740	3722	4262	4263	4205
3722	3740	3741	4263	4264	4265
3722	3741	3723	4265	4266	4208
3723	3741	3742	4266	4267	4268
3723	3742	3724	4268	4269	4211
3724	3742	3743	4269	4270	4271
3724	3743	3725	4271	4272	4214
3725	3743	3744	4272	4273	4274
3725	3744	3726	4274	4275	4217
3726	3744	3745	4275	4276	4277
3726	3745	3727	4277	4278	4220
3727	3745	3746	4278	4279	4280
3727	3746	3728	4280	4281	4223
3728	3746	3747	4281	4282	4283
3728	3747	3729	4283	4284	4226
3729	3747	3748	4284	4285	4286
3729	3748	3730	4286	4287	4229
3730	3748	3749	4287	4288	4289
3730	3749	3731	4289	4290	4232
3731	3749	3750	4290	4291	4292
3731	3750	3732	4292	4293	4235
3732	3750	3751	4293	4294	4295
3732	3751	76	4295	4296	4238
76	3751	77	4296	4297	91
193	194	3733	208	4298	4240
3733	194	3752	4298	4299	4300
3733	3752	3734	4300	4301	4243
3734	3752	3753	4301	4302	4303
3734	3753	3735	4303	4304	4246
3735	3753	3754	4304	4305	4306
3735	3754	3736	4306	4307	4249
3736	3754	3755	4307	4308	4309
3736	3755	3737	4309	4310	4252
3737	3755	3756	4310	4311	4312
3737	3756	3738	4312	4313	4255
3738	3756	3757	4313	4314	4315
3738	3757	3739	4315	4316	4258
3739	3757	3758	4316	4317	4318
3739	3758	3740	4318	4319	4261
3740	3758	3759	4319	4320	4321
3740	3759	3741	4321	4322	4264
3741	3759	3760	4322	4323	4324
3741	3760	3742	4324	4325	4267
3742	3760	3761	4325	4326	4327
3742	3761	3743	4327	4328	4270
3743	3761	3762	4328	4329	4330
3743	3762	3744	4330	4331	4273
3744	3762	3763	4331	4332	4333
3744	3763	3745	4333	4334	4276
3745	3763	3764	4334	4335	4336
3745	3764	3746	4336	4337	4279
3746	3764	3765	4337	4338	4339
3746	3765	3747	4339	4340	4282
3747	3765	3766	4340	4341	4342
3747	3766	3748	4342	4343	4285
3748	3766	3767	4343	4344	4345
3748	3767	3749	4345	4346	4288
3749	3767	3768	4346	4347	4348
3749	3768	3750	4348	4349	4291
3750	3768	3769	4349	4350	4351
3750	3769	3751	4351	4352	4294
3751	3769	3770	4352	4353	4354
3751	3770	77	4354	4355	4297
77	3770	78	4355	4356	92
194	195	3752	209	4357	4299
3752	195	3771	4357	4358	4359
3752	3771	3753	4359	4360	4302
3753	3771	3772	4360	4361	4362
3753	3772	3754	4362	4363	4305
3754	3772	3773	4363	4364	4365
3754	3773	3755	4365	4366	4308
3755	3773	3774	4366	4367	4368
3755	3774	3756	4368	4369	4311
3756	3774	3775	4369	4370	4371
3756	3775	3757	4371	4372	4314
3757	3775	3776	4372	4373	4374
3757	3776	3758	4374	4375	4317
3758	3776	3777	4375	4376	4377
3758	3777	3759	4377	4378	4320
3759	3777	3778	4378	4379	4380
3759	3778	3760	4380	4381	4323
3760	3778	3779	4381	4382	4383
3760	3779	3761	4383	4384	4326
3761	3779	3780	4384	4385	4386
3761	3780	3762	4386	4387	4329
3762	3780	3781	4387	4388	4389
3762	3781	3763	4389	4390	4332
3763	3781	3782	4390	4391	4392
3763	3782	3764	4392	4393	4335
3764	3782	3783	4393	4394	4395
3764	3783	3765	4395	4396	4338
3765	3783	3784	4396	4397	4398
3765	3784	3766	4398	4399	4341
3766	3784	3785	4399	4400	4401
3766	3785	3767	4401	4402	4344
3767	3785	3786	4402	4403	4404
3767	3786	3768	4404	4405	4347
3768	3786	3787	4405	4406	4407
3768	3787	3769	4407	4408	4350
3769	3787	3788	4408	4409	4410
3769	3788	3770	4410	4411	4353
3770	3788	3789	4411	4412	4413
3770	3789	78	4413	4414	4356
78	3789	79	4414	4415	93
195	196	3771	210	4416	4358
3771	196	3790	4416	4417	4418
3771	3790	3772	4418	4419	4361
3772	3790	3791	4419	4420	4421
3772	3791	3773	4421	4422	4364
3773	3791	3792	4422	4423	4424
3773	3792	3774	4424	4425	4367
3774	3792	3793	4425	4426	4427
3774	3793	3775	4427	4428	4370
3775	3793	3794	4428	4429	4430
3775	3794	3776	4430	4431	4373
3776	3794	3795	4431	4432	4433
3776	3795	3777	4433	4434	4376
3777	3795	3796	4434	4435	4436
3777	3796	3778	4436	4437	4379
3778	3796	3797	4437	4438	4439
3778	3797	3779	4439	4440	4382
3779	3797	3798	4440	4441	4442
3779	3798	3780	4442	4443	4385
3780	3798	3799	4443	4444	4445
3780	3799	3781	4445	4446	4388
3781	3799	3800	4446	4447	4448
3781	3800	3782	4448	4449	4391
3782	3800	3801	4449	4450	4451
3782	3801	3783	4451	4452	4394
3783	3801	3802	4452	4453	4454
3783	3802	3784	4454	4455	4397
3784	3802	3803	4455	4456	4457
3784	3803	3785	4457	4458	4400
3785	3803	3804	4458	4459	4460
3785	3804	3786	4460	4461	4403
3786	3804	3805	4461	4462	4463
3786	3805	3787	4463	4464	4406
3787	3805	3806	4464	4465	4466
3787	3806	3788	4466	4467	4409
3788	3806	3807	4467	4468	4469
3788	3807	3789	4469	4470	4412
3789	3807	3808	4470	4471	4472
3789	3808	79	4472	4473	4415
79	3808	80	4473	4474	94
196	197	3790	211	4475	4417
3790	197	3809	4475	4476	4477
3790	3809	3791	4477	4478	4420
3791	3809	3810	4478	4479	4480
3791	3810	3792	4480	4481	4423
3792	3810	3811	4481	4482	4483
3792	3811	3793	4483	4484	4426
3793	3811	3812	4484	4485	4486
3793	3812	3794	4486	4487	4429
3794	3812	3813	4487	4488	4489
3794	3813	3795	4489	4490	4432
3795	3813	3814	4490	4491	4492
3795	3814	3796	4492	4493	4435
3796	3814	3815	4493	4494	4495
3796	3815	3797	4495	4496	4438
3797	3815	3816	4496	4497	4498
3797	3816	3798	4498	4499	4441
3798	3816	3817	4499	4500	4501
3798	3817	3799	4501	4502	4444
3799	3817	3818	4502	4503	4504
3799	3818	3800	4504	4505	4447
3800	3818	3819	4505	4506	4507
3800	3819	3801	4507	4508	4450
3801	3819	3820	4508	4509	4510
3801	3820	3802	4510	4511	4453
3802	3820	3821	4511	4512	4513
3802	3821	3803	4513	4514	4456
3803	3821	3822	4514	4515	4516
3803	3822	3804	4516	4517	4459
3804	3822	3823	4517	4518	4519
3804	3823	3805	4519	4520	4462
3805	3823	3824	4520	4521	4522
3805	3824	3806	4522	4523	4465
3806	3824	3825	4523	4524	4525
3806	3825	3807	4525	4526	4468
3807	3825	3826	4526	4527	4528
3807	3826	3808	4528	4529	4471
3808	3826	3827	4529	4530	4531
3808	3827	80	4531	4532	4474
80	3827	81	4532	4533	95
197	198	3809	212	4534	4476
3809	198	3828	4534	4535	4536
3809	3828	3810	4536	4537	4479
3810	3828	3829	4537	4538	4539
3810	3829	3811	4539	4540	4482
3811	3829	3830	4540	4541	4542
3811	3830	3812	4542	4543	4485
3812	3830	3831	4543	4544	4545
3812	3831	3813	4545	4546	4488
3813	3831	3832	4546	4547	4548
3813	3832	3814	4548	4549	4491
3814	3832	3833	4549	4550	4551
3814	3833	3815	4551	4552	4494
3815	3833	3834	4552	4553	4554
3815	3834	3816	4554	4555	4497
3816	3834	3835	4555	4556	4557
3816	3835	3817	4557	4558	4500
3817	3835	3836	4558	4559	4560
3817	3836	3818	4560	4561	4503
3818	3836	3837	4561	4562	4563
3818	3837	3819	4563	4564	4506
3819	3837	3838	4564	4565	4566
3819	3838	3820	4566	4567	4509
3820	3838	3839	4567	4568	4569
3820	3839	3821	4569	4570	4512
3821	3839	3840	4570	4571	4572
3821	3840	3822	4572	4573	4515
3822	3840	3841	4573	4574	4575
3822	3841	3823	4575	4576	4518
3823	3841	3842	4576	4577	4578
3823	3842	3824	4578	4579	4521
3824	3842	3843	4579	4580	4581
3824	3843	3825	4581	4582	4524
3825	3843	3844	4582	4583	4584
3825	3844	3826	4584	4585	4527
3826	3844	3845	4585	4586	4587
3826	3845	3827	4587	4588	4530
3827	3845	3846	4588	4589	4590
3827	3846	81	4590	4591	4533
81	3846	82	4591	4592	96
198	199	3828	213	4593	4535
3828	199	3847	4593	4594	4595
3828	3847	3829	4595	4596	4538
3829	3847	3848	4596	4597	4598
3829	3848	3830	4598	4599	4541
3830	3848	3849	4599	4600	4601
3830	3849	3831	4601	4602	4544
3831	3849	3850	4602	4603	4604
3831	3850	3832	4604	4605	4547
3832	3850	3851	4605	4606	4607
3832	3851	3833	4607	4608	4550
3833	3851	3852	4608	4609	4610
3833	3852	3834	4610	4611	4553
3834	3852	3853	4611	4612	4613
3834	3853	3835	4613	4614	4556
3835	3853	3854	4614	4615	4616
3835	3854	3836	4616	4617	4559
3836	3854	3855	4617	4618	4619
3836	3855	3837	4619	4620	4562
3837	3855	3856	4620	4621	4622
3837	3856	3838	4622	4623	4565
3838	3856	3857	4623	4624	4625
3838	3857	3839	4625	4626	4568
3839	3857	3858	4626	4627	4628
3839	3858	3840	4628	4629	4571
3840	3858	3859	4629	4630	4631
3840	3859	3841	4631	4632	4574
3841	3859	3860	4632	4633	4634
3841	3860	3842	4634	4635	4577
3842	3860	3861	4635	4636	4637
3842	3861	3843	4637	4638	4580
3843	3861	3862	4638	4639	4640
3843	3862	3844	4640	4641	4583
3844	3862	3863	4641	4642	4643
3844	3863	3845	4643	4644	4586
3845	3863	3864	4644	4645	4646
3845	3864	3846	4646	4647	4589
3846	3864	3865	4647	4648	4649
3846	3865	82	4649	4650	4592
82	3865	83	4650	4651	97
199	200	3847	214	4652	4594
3847	200	3866	4652	4653	4654
3847	3866	3848	4654	4655	4597
3848	3866	3867	4655	4656	4657
3848	3867	3849	4657	4658	4600
3849	3867	3868	4658	4659	4660
3849	3868	3850	4660	4661	4603
3850	3868	3869	4661	4662	4663
3850	3869	3851	4663	4664	4606
3851	3869	3870	4664	4665	4666
3851	3870	3852	4666	4667	4609
3852	3870	3871	4667	4668	4669
3852	3871	3853	4669	4670	4612
3853	3871	3872	4670	4671	4672
3853	3872	3854	4672	4673	4615
3854	3872	3873	4673	4674	4675
3854	3873	3855	4675	4676	4618
3855	3873	3874	4676	4677	4678
3855	3874	3856	4678	4679	4621
3856	3874	3875	4679	4680	4681
3856	3875	3857	4681	4682	4624
3857	3875	3876	4682	4683	4684
3857	3876	3858	4684	4685	4627
3858	3876	3877	4685	4686	4687
3858	3877	3859	4687	4688	4630
3859	3877	3878	4688	4689	4690
3859	3878	3860	4690	4691	4633
3860	3878	3879	4691	4692	4693
3860	3879	3861	4693	4694	4636
3861	3879	3880	4694	4695	4696
3861	3880	3862	4696	4697	4639
3862	3880	3881	4697	4698	4699
3862	3881	3863	4699	4700	4642
3863	3881	3882	4700	4701	4702
3863	3882	3864	4702	4703	4645
3864	3882	3883	4703	4704	4705
3864	3883	3865	4705	4706	4648
3865	3883	3884	4706	4707	4708
3865	3884	83	4708	4709	4651
83	3884	84	4709	4710	98
200	6	3866	215	4711	4653
3866	6	471	4711	491	4712
3866	471	3867	4712	4713	4656
3867	471	470	4713	490	4714
3867	470	3868	4714	4715	4659
3868	470	469	4715	489	4716
3868	469	3869	4716	4717	4662
3869	469	468	4717	488	4718
3869	468	3870	4718	4719	4665
3870	468	467	4719	487	4720
3870	467	3871	4720	4721	4668
3871	467	466	4721	486	4722
3871	466	3872	4722	4723	4671
3872	466	465	4723	485	4724
3872	465	3873	4724	4725	4674
3873	465	464	4725	484	4726
3873	464	3874	4726	4727	4677
3874	464	463	4727	483	4728
3874	463	3875	4728	4729	4680
3875	463	462	4729	482	4730
3875	462	3876	4730	4731	4683
3876	462	461	4731	481	4732
3876	461	3877	4732	4733	4686
3877	461	460	4733	480	4734
3877	460	3878	4734	4735	4689
3878	460	459	4735	479	4736
3878	459	3879	4736	4737	4692
3879	459	458	4737	478	4738
3879	458	3880	4738	4739	4695
3880	458	457	4739	477	4740
3880	457	3881	4740	4741	4698
3881	457	456	4741	476	4742
3881	456	3882	4742	4743	4701
3882	456	455	4743	475	4744
3882	455	3883	4744	4745	4704
3883	455	454	4745	474	4746
3883	454	3884	4746	4747	4707
3884	454	453	4747	473	4748
3884	453	84	4748	4749	4710
84	453	2	4749	472	99
2	453	100	472	5016	114
453	4750	100	5017	5018	5016
453	454	4750	473	5019	5017
454	4751	4750	5020	5021	5019
454	455	4751	474	5022	5020
455	4752	4751	5023	5024	5022
455	456	4752	475	5025	5023
456	4753	4752	5026	5027	5025
456	457	4753	476	5028	5026
457	4754	4753	5029	5030	5028
457	458	4754	477	5031	5029
458	4755	4754	5032	5033	5031
458	459	4755	478	5034	5032
459	4756	4755	5035	5036	5034
459	460	4756	479	5037	5035
460	4757	4756	5038	5039	5037
460	461	4757	480	5040	5038
461	4758	4757	5041	5042	5040
461	462	4758	481	5043	5041
462	4759	4758	5044	5045	5043
462	463	4759	482	5046	5044
463	4760	4759	5047	5048	5046
463	464	4760	483	5049	5047
464	4761	4760	5050	5051	5049
464	465	4761	484	5052	5050
465	4762	4761	5053	5054	5052
465	466	4762	485	5055	5053
466	4763	4762	5056	5057	5055
466	467	4763	486	5058	5056
467	4764	4763	5059	5060	5058
467	468	4764	487	5061	5059
468	4765	4764	5062	5063	5061
468	469	4765	488	5064	5062
469	4766	4765	5065	5066	5064
469	470	4766	489	5067	5065
470	4767	4766	5068	5069	5067
470	471	4767	490	5070	5068
471	4768	4767	5071	5072	5070
471	6	4768	491	5073	5071
6	216	4768	230	5074	5073
100	4750	101	5018	5075	115
4750	4769	101	5076	5077	5075
4750	4751	4769	5021	5078	5076
4751	4770	4769	5079	5080	5078
4751	4752	4770	5024	5081	5079
4752	4771	4770	5082	5083	5081
4752	4753	4771	5027	5084	5082
4753	4772	4771	5085	5086	5084
4753	4754	4772	5030	5087	5085
4754	4773	4772	5088	5089	5087
4754	4755	4773	5033	5090	5088
4755	4774	4773	5091	5092	5090
4755	4756	4774	5036	5093	5091
4756	4775	4774	5094	5095	5093
4756	4757	4775	5039	5096	5094
4757	4776	4775	5097	5098	5096
4757	4758	4776	5042	5099	5097
4758	4777	4776	5100	5101	5099
4758	4759	4777	5045	5102	5100
4759	4778	4777	5103	5104	5102
4759	4760	4778	5048	5105	5103
4760	4779	4778	5106	5107	5105
4760	4761	4779	5051	5108	5106
4761	4780	4779	5109	5110	5108
4761	4762	4780	5054	5111	5109
4762	4781	4780	5112	5113	5111
4762	4763	4781	5057	5114	5112
4763	4782	4781	5115	5116	5114
4763	4764	4782	5060	5117	5115
4764	4783	4782	5118	5119	5117
4764	4765	4783	5063	5120	5118
4765	4784	4783	5121	5122	5120
4765	4766	4784	5066	5123	5121
4766	4785	4784	5124	5125	5123
4766	4767	4785	5069	5126	5124
4767	4786	4785	5127	5128	5126
4767	4768	4786	5072	5129	5127
4768	4787	4786	5130	5131	5129
4768	216	4787	5074	5132	5130
216	217	4787	231	5133	5132
101	4769	102	5077	5134	116
4769	4788	102	5135	5136	5134
4769	4770	4788	5080	5137	5135
4770	4789	4788	5138	5139	5137
4770	4771	4789	5083	5140	5138
4771	4790	4789	5141	5142	5140
4771	4772	4790	5086	5143	5141
4772	4791	4790	5144	5145	5143
4772	4773	4791	5089	5146	5144
4773	4792	4791	5147	5148	5146
4773	4774	4792	5092	5149	5147
4774	4793	4792	5150	5151	5149
4774	4775	4793	5095	5152	5150
4775	4794	4793	5153	5154	5152
4775	4776	4794	5098	5155	5153
4776	4795	4794	5156	5157	5155
4776	4777	4795	5101	5158	5156
4777	4796	4795	5159	5160	5158
4777	4778	4796	5104	5161	5159
4778	4797	4796	5162	5163	5161
4778	4779	4797	5107	5164	5162
4779	4798	4797	5165	5166	5164
4779	4780	4798	5110	5167	5165
4780	4799	4798	5168	5169	5167
4780	4781	4799	5113	5170	5168
4781	4800	4799	5171	5172	5170
4781	4782	4800	5116	5173	5171
4782	4801	4800	5174	5175	5173
4782	4783	4801	5119	5176	5174
4783	4802	4801	5177	5178	5176
4783	4784	4802	5122	5179	5177
4784	4803	4802	5180	5181	5179
4784	4785	4803	5125	5182	5180
4785	4804	4803	5183	5184	5182
4785	4786	4804	5128	5185	5183
4786	4805	4804	5186	5187	5185
4786	4787	4805	5131	5188	5186
4787	4806	4805	5189	5190	5188
4787	217	4806	5133	5191	5189
217	218	4806	232	5192	5191
102	4788	103	5136	5193	117
4788	4807	103	5194	5195	5193
4788	4789	4807	5139	5196	5194
4789	4808	4807	5197	5198	5196
4789	4790	4808	5142	5199	5197
4790	4809	4808	5200	5201	5199
4790	4791	4809	5145	5202	5200
4791	4810	4809	5203	5204	5202
4791	4792	4810	5148	5205	5203
4792	4811	4810	5206	5207	5205
4792	4793	4811	5151	5208	5206
4793	4812	4811	5209	5210	5208
4793	4794	4812	5154	5211	5209
4794	4813	4812	5212	5213	5211
4794	4795	4813	5157	5214	5212
4795	4814	4813	5215	5216	5214
4795	4796	4814	5160	5217	5215
4796	4815	4814	5218	5219	5217
4796	4797	4815	5163	5220	5218
4797	4816	4815	5221	5222	5220
4797	4798	4816	5166	5223	5221
4798	4817	4816	5224	5225	5223
4798	4799	4817	5169	5226	5224
4799	4818	4817	5227	5228	5226
4799	4800	4818	5172	5229	5227
4800	4819	4818	5230	5231	5229
4800	4801	4819	5175	5232	5230
4801	4820	4819	5233	5234	5232
4801	4802	4820	5178	5235	5233
4802	4821	4820	5236	5237	5235
4802	4803	4821	5181	5238	5236
4803	4822	4821	5239	5240	5238
4803	4804	4822	5184	5241	5239
4804	4823	4822	5242	5243	5241
4804	4805	4823	5187	5244	5242
4805	4824	4823	5245	5246	5244
4805	4806	4824	5190	5247	5245
4806	4825	4824	5248	5249	5247
4806	218	4825	5192	5250	5248
218	219	4825	233	5251	5250
103	4807	104	5195	5252	118
4807	4826	104	5253	5254	5252
4807	4808	4826	5198	5255	5253
4808	4827	4826	5256	5257	5255
4808	4809	4827	5201	5258	5256
4809	4828	4827	5259	5260	5258
4809	4810	4828	5204	5261	5259
4810	4829	4828	5262	5263	5261
4810	4811	4829	5207	5264	5262
4811	4830	4829	5265	5266	5264
4811	4812	4830	5210	5267	5265
4812	4831	4830	5268	5269	5267
4812	4813	4831	5213	5270	5268
4813	4832	4831	5271	5272	5270
4813	4814	4832	5216	5273	5271
4814	4833	4832	5274	5275	5273
4814	4815	4833	5219	5276	5274
4815	4834	4833	5277	5278	5276
4815	4816	4834	5222	5279	5277
4816	4835	4834	5280	5281	5279
4816	4817	4835	5225	5282	5280
4817	4836	4835	5283	5284	5282
4817	4818	4836	5228	5285	5283
4818	4837	4836	5286	5287	5285
4818	4819	4837	5231	5288	5286
4819	4838	4837	5289	5290	5288
4819	4820	4838	5234	5291	5289
4820	4839	4838	5292	5293	5291
4820	4821	4839	5237	5294	5292
4821	4840	4839	5295	5296	5294
4821	4822	4840	5240	5297	5295
4822	4841	4840	5298	5299	5297
4822	4823	4841	5243	5300	5298
4823	4842	4841	5301	5302	5300
4823	4824	4842	5246	5303	5301
4824	4843	4842	5304	5305	5303
4824	4825	4843	5249	5306	5304
4825	4844	4843	5307	5308	5306
4825	219	4844	5251	5309	5307
219	220	4844	234	5310	5309
104	4826	105	5254	5311	119
4826	4845	105	5312	5313	5311
4826	4827	4845	5257	5314	5312
4827	4846	4845	5315	5316	5314
4827	4828	4846	5260	5317	5315
4828	4847	4846	5318	5319	5317
4828	4829	4847	5263	5320	5318
4829	4848	4847	5321	5322	5320
4829	4830	4848	5266	5323	5321
4830	4849	4848	5324	5325	5323
4830	4831	4849	5269	5326	5324
4831	4850	4849	5327	5328	5326
4831	4832	4850	5272	5329	5327
4832	4851	4850	5330	5331	5329
4832	4833	4851	5275	5332	5330
4833	4852	4851	5333	5334	5332
4833	4834	4852	5278	5335	5333
4834	4853	4852	5336	5337	5335
4834	4835	4853	5281	5338	5336
4835	4854	4853	5339	5340	5338
4835	4836	4854	5284	5341	5339
4836	4855	4854	5342	5343	5341
4836	4837	4855	5287	5344	5342
4837	4856	4855	5345	5346	5344
4837	4838	4856	5290	5347	5345
4838	4857	4856	5348	5349	5347
4838	4839	4857	5293	5350	5348
4839	4858	4857	5351	5352	5350
4839	4840	4858	5296	5353	5351
4840	4859	4858	5354	5355	5353
4840	4841	4859	5299	5356	5354
4841	4860	4859	5357	5358	5356
4841	4842	4860	5302	5359	5357
4842	4861	4860	5360	5361	5359
4842	4843	4861	5305	5362	5360
4843	4862	4861	5363	5364	5362
4843	4844	4862	5308	5365	5363
4844	4863	4862	5366	5367	5365
4844	220	4863	5310	5368	5366
220	221	4863	235	5369	5368
105	4845	106	5313	5370	120
4845	4864	106	5371	5372	5370
4845	4846	4864	5316	5373	5371
4846	4865	4864	5374	5375	5373
4846	4847	4865	5319	5376	5374
4847	4866	4865	5377	5378	5376
4847	4848	4866	5322	5379	5377
4848	4867	4866	5380	5381	5379
4848	4849	4867	5325	5382	5380
4849	4868	4867	5383	5384	5382
4849	4850	4868	5328	5385	5383
4850	4869	4868	5386	5387	5385
4850	4851	4869	5331	5388	5386
4851	4870	4869	5389	5390	5388
4851	4852	4870	5334	5391	5389
4852	4871	4870	5392	5393	5391
4852	4853	4871	5337	5394	5392
4853	4872	4871	5395	5396	5394
4853	4854	4872	5340	5397	5395
4854	4873	4872	5398	5399	5397
4854	4855	4873	5343	5400	5398
4855	4874	4873	5401	5402	5400
4855	4856	4874	5346	5403	5401
4856	4875	4874	5404	5405	5403
4856	4857	4875	5349	5406	5404
4857	4876	4875	5407	5408	5406
4857	4858	4876	5352	5409	5407
4858	4877	4876	5410	5411	5409
4858	4859	4877	5355	5412	5410
4859	4878	4877	5413	5414	5412
4859	4860	4878	5358	5415	5413
4860	4879	4878	5416	5417	5415
4860	4861	4879	5361	5418	5416
4861	4880	4879	5419	5420	5418
4861	4862	4880	5364	5421	5419
4862	4881	4880	5422	5423	5421
4862	4863	4881	5367	5424	5422
4863	4882	4881	5425	5426	5424
4863	221	4882	5369	5427	5425
221	222	4882	236	5428	5427
106	4864	107	5372	5429	121
4864	4883	107	5430	5431	5429
4864	4865	4883	5375	5432	5430
4865	4884	4883	5433	5434	5432
4865	4866	4884	5378	5435	5433
4866	4885	4884	5436	5437	5435
4866	4867	4885	5381	5438	5436
4867	4886	4885	5439	5440	5438
4867	4868	4886	5384	5441	5439
4868	4887	4886	5442	5443	5441
4868	4869	4887	5387	5444	5442
4869	4888	4887	5445	5446	5444
4869	4870	4888	5390	5447	5445
4870	4889	4888	5448	5449	5447
4870	4871	4889	5393	5450	5448
4871	4890	4889	5451	5452	5450
4871	4872	4890	5396	5453	5451
4872	4891	4890	5454	5455	5453
4872	4873	4891	5399	5456	5454
4873	4892	4891	5457	5458	5456
4873	4874	4892	5402	5459	5457
4874	4893	4892	5460	5461	5459
4874	4875	4893	5405	5462	5460
4875	4894	4893	5463	5464	5462
4875	4876	4894	5408	5465	5463
4876	4895	4894	5466	5467	5465
4876	4877	4895	5411	5468	5466
4877	4896	4895	5469	5470	5468
4877	4878	4896	5414	5471	5469
4878	4897	4896	5472	5473	5471
4878	4879	4897	5417	5474	5472
4879	4898	4897	5475	5476	5474
4879	4880	4898	5420	5477	5475
4880	4899	4898	5478	5479	5477
4880	4881	4899	5423	5480	5478
4881	4900	4899	5481	5482	5480
4881	4882	4900	5426	5483	5481
4882	4901	4900	5484	5485	5483
4882	222	4901	5428	5486	5484
222	223	4901	237	5487	5486
107	4883	108	5431	5488	122
4883	4902	108	5489	5490	5488
4883	4884	4902	5434	5491	5489
4884	4903	4902	5492	5493	5491
4884	4885	4903	5437	5494	5492
4885	4904	4903	5495	5496	5494
4885	4886	4904	5440	5497	5495
4886	4905	4904	5498	5499	5497
4886	4887	4905	5443	5500	5498
4887	4906	4905	5501	5502	5500
4887	4888	4906	5446	5503	5501
4888	4907	4906	5504	5505	5503
4888	4889	4907	5449	5506	5504
4889	4908	4907	5507	5508	5506
4889	4890	4908	5452	5509	5507
4890	4909	4908	5510	5511	5509
4890	4891	4909	5455	5512	5510
4891	4910	4909	5513	5514	5512
4891	4892	4910	5458	5515	5513
4892	4911	4910	5516	5517	5515
4892	4893	4911	5461	5518	5516
4893	4912	4911	5519	5520	5518
4893	4894	4912	5464	5521	5519
4894	4913	4912	5522	5523	5521
4894	4895	4913	5467	5524	5522
4895	4914	4913	5525	5526	5524
4895	4896	4914	5470	5527	5525
4896	4915	4914	5528	5529	5527
4896	4897	4915	5473	5530	5528
4897	4916	4915	5531	5532	5530
4897	4898	4916	5476	5533	5531
4898	4917	4916	5534	5535	5533
4898	4899	4917	5479	5536	5534
4899	4918	4917	5537	5538	5536
4899	4900	4918	5482	5539	5537
4900	4919	4918	5540	5541	5539
4900	4901	4919	5485	5542	5540
4901	4920	4919	5543	5544	5542
4901	223	4920	5487	5545	5543
223	224	4920	238	5546	5545
108	4902	109	5490	5547	123
4902	4921	109	5548	5549	5547
4902	4903	4921	5493	5550	5548
4903	4922	4921	5551	5552	5550
4903	4904	4922	5496	5553	5551
4904	4923	4922	5554	5555	5553
4904	4905	4923	5499	5556	5554
4905	4924	4923	5557	5558	5556
4905	4906	4924	5502	5559	5557
4906	4925	4924	5560	5561	5559
4906	4907	4925	5505	5562	5560
4907	4926	4925	5563	5564	5562
4907	4908	4926	5508	5565	5563
4908	4927	4926	5566	5567	5565
4908	4909	4927	5511	5568	5566
4909	4928	4927	5569	5570	5568
4909	4910	4928	5514	5571	5569
4910	4929	4928	5572	5573	5571
4910	4911	4929	5517	5574	5572
4911	4930	4929	5575	5576	5574
4911	4912	4930	5520	5577	5575
4912	4931	4930	5578	5579	5577
4912	4913	4931	5523	5580	5578
4913	4932	4931	5581	5582	5580
4913	4914	4932	5526	5583	5581
4914	4933	4932	5584	5585	5583
4914	4915	4933	5529	5586	5584
4915	4934	4933	5587	5588	5586
4915	4916	4934	5532	5589	5587
4916	4935	4934	5590	5591	5589
4916	4917	4935	5535	5592	5590
4917	4936	4935	5593	5594	5592
4917	4918	4936	5538	5595	5593
4918	4937	4936	5596	5597	5595
4918	4919	4937	5541	5598	5596
4919	4938	4937	5599	5600	5598
4919	4920	4938	5544	5601	5599
4920	4939	4938	5602	5603	5601
4920	224	4939	5546	5604	5602
224	225	4939	239	5605	5604
109	4921	110	5549	5606	124
4921	4940	110	5607	5608	5606
4921	4922	4940	5552	5609	5607
4922	4941	4940	5610	5611	5609
4922	4923	4941	5555	5612	5610
4923	4942	4941	5613	5614	5612
4923	4924	4942	5558	5615	5613
4924	4943	4942	5616	5617	5615
4924	4925	4943	5561	5618	5616
4925	4944	4943	5619	5620	5618
4925	4926	4944	5564	5621	5619
4926	4945	4944	5622	5623	5621
4926	4927	4945	5567	5624	5622
4927	4946	4945	5625	5626	5624
4927	4928	4946	5570	5627	5625
4928	4947	4946	5628	5629	5627
4928	4929	4947	5573	5630	5628
4929	4948	4947	5631	5632	5630
4929	4930	4948	5576	5633	5631
4930	4949	4948	5634	5635	5633
4930	4931	4949	5579	5636	5634
4931	4950	4949	5637	5638	5636
4931	4932	4950	5582	5639	5637
4932	4951	4950	5640	5641	5639
4932	4933	4951	5585	5642	5640
4933	4952	4951	5643	5644	5642
4933	4934	4952	5588	5645	5643
4934	4953	4952	5646	5647	5645
4934	4935	4953	5591	5648	5646
4935	4954	4953	5649	5650	5648
4935	4936	4954	5594	5651	5649
4936	4955	4954	5652	5653	5651
4936	4937	4955	5597	5654	5652
4937	4956	4955	5655	5656	5654
4937	4938	4956	5600	5657	5655
4938	4957	4956	5658	5659	5657
4938	4939	4957	5603	5660	5658
4939	4958	4957	5661	5662	5660
4939	225	4958	5605	5663	5661
225	226	4958	240	5664	5663
110	4940	111	5608	5665	125
4940	4959	111	5666	5667	5665
4940	4941	4959	5611	5668	5666
4941	4960	4959	5669	5670	5668
4941	4942	4960	5614	5671	5669
4942	4961	4960	5672	5673	5671
4942	4943	4961	5617	5674	5672
4943	4962	4961	5675	5676	5674
4943	4944	4962	5620	5677	5675
4944	4963	4962	5678	5679	5677
4944	4945	4963	5623	5680	5678
4945	4964	4963	5681	5682	5680
4945	4946	4964	5626	5683	5681
4946	4965	4964	5684	5685	5683
4946	4947	4965	5629	5686	5684
4947	4966	4965	5687	5688	5686
4947	4948	4966	5632	5689	5687
4948	4967	4966	5690	5691	5689
4948	4949	4967	5635	5692	5690
4949	4968	4967	5693	5694	5692
4949	4950	4968	5638	5695	5693
4950	4969	4968	5696	5697	5695
4950	4951	4969	5641	5698	5696
4951	4970	4969	5699	5700	5698
4951	4952	4970	5644	5701	5699
4952	4971	4970	5702	5703	5701
4952	4953	4971	5647	5704	5702
4953	4972	4971	5705	5706	5704
4953	4954	4972	5650	5707	5705
4954	4973	4972	5708	5709	5707
4954	4955	4973	5653	5710	5708
4955	4974	4973	5711	5712	5710
4955	4956	4974	5656	5713	5711
4956	4975	4974	5714	5715	5713
4956	4957	4975	5659	5716	5714
4957	4976	4975	5717	5718	5716
4957	4958	4976	5662	5719	5717
4958	4977	4976	5720	5721	5719
4958	226	4977	5664	5722	5720
226	227	4977	241	5723	5722
111	4959	112	5667	5724	126
4959	4978	112	5725	5726	5724
4959	4960	4978	5670	5727	5725
4960	4979	4978	5728	5729	5727
4960	4961	4979	5673	5730	5728
4961	4980	4979	5731	5732	5730
4961	4962	4980	5676	5733	5731
4962	4981	4980	5734	5735	5733
4962	4963	4981	5679	5736	5734
4963	4982	4981	5737	5738	5736
4963	4964	4982	5682	5739	5737
4964	4983	4982	5740	5741	5739
4964	4965	4983	5685	5742	5740
4965	4984	4983	5743	5744	5742
4965	4966	4984	5688	5745	5743
4966	4985	4984	5746	5747	5745
4966	4967	4985	5691	5748	5746
4967	4986	4985	5749	5750	5748
4967	4968	4986	5694	5751	5749
4968	4987	4986	5752	5753	5751
4968	4969	4987	5697	5754	5752
4969	4988	4987	5755	5756	5754
4969	4970	4988	5700	5757	5755
4970	4989	4988	5758	5759	5757
4970	4971	4989	5703	5760	5758
4971	4990	4989	5761	5762	5760
4971	4972	4990	5706	5763	5761
4972	4991	4990	5764	5765	5763
4972	4973	4991	5709	5766	5764
4973	4992	4991	5767	5768	5766
4973	4974	4992	5712	5769	5767
4974	4993	4992	5770	5771	5769
4974	4975	4993	5715	5772	5770
4975	4994	4993	5773	5774	5772
4975	4976	4994	5718	5775	5773
4976	4995	4994	5776	5777	5775
4976	4977	4995	5721	5778	5776
4977	4996	4995	5779	5780	5778
4977	227	4996	5723	5781	5779
227	228	4996	242	5782	5781
112	4978	113	5726	5783	127
4978	4997	113	5784	5785	5783
4978	4979	4997	5729	5786	5784
4979	4998	4997	5787	5788	5786
4979	4980	4998	5732	5789	5787
4980	4999	4998	5790	5791	5789
4980	4981	4999	5735	5792	5790
4981	5000	4999	5793	5794	5792
4981	4982	5000	5738	5795	5793
4982	5001	5000	5796	5797	5795
4982	4983	5001	5741	5798	5796
4983	5002	5001	5799	5800	5798
4983	4984	5002	5744	5801	5799
4984	5003	5002	5802	5803	5801
4984	4985	5003	5747	5804	5802
4985	5004	5003	5805	5806	5804
4985	4986	5004	5750	5807	5805
4986	5005	5004	5808	5809	5807
4986	4987	5005	5753	5810	5808
4987	5006	5005	5811	5812	5810
4987	4988	5006	5756	5813	5811
4988	5007	5006	5814	5815	5813
4988	4989	5007	5759	5816	5814
4989	5008	5007	5817	5818	5816
4989	4990	5008	5762	5819	5817
4990	5009	5008	5820	5821	5819
4990	4991	5009	5765	5822	5820
4991	5010	5009	5823	5824	5822
4991	4992	5010	5768	5825	5823
4992	5011	5010	5826	5827	5825
4992	4993	5011	5771	5828	5826
4993	5012	5011	5829	5830	5828
4993	4994	5012	5774	5831	5829
4994	5013	5012	5832	5833	5831
4994	4995	5013	5777	5834	5832
4995	5014	5013	5835	5836	5834
4995	4996	5014	5780	5837	5835
4996	5015	5014	5838	5839	5837
4996	228	5015	5782	5840	5838
228	229	5015	243	5841	5840
113	4997	1	5785	5842	128
4997	499	1	5843	518	5842
4997	4998	499	5788	5844	5843
4998	500	499	5845	519	5844
4998	4999	500	5791	5846	5845
4999	501	500	5847	520	5846
4999	5000	501	5794	5848	5847
5000	502	501	5849	521	5848
5000	5001	502	5797	5850	5849
5001	503	502	5851	522	5850
5001	5002	503	5800	5852	5851
5002	504	503	5853	523	5852
5002	5003	504	5803	5854	5853
5003	505	504	5855	524	5854
5003	5004	505	5806	5856	5855
5004	506	505	5857	525	5856
5004	5005	506	5809	5858	5857
5005	507	506	5859	526	5858
5005	5006	507	5812	5860	5859
5006	508	507	5861	527	5860
5006	5007	508	5815	5862	5861
5007	509	508	5863	528	5862
5007	5008	509	5818	5864	5863
5008	510	509	5865	529	5864
5008	5009	510	5821	5866	5865
5009	511	510	5867	530	5866
5009	5010	511	5824	5868	5867
5010	512	511	5869	531	5868
5010	5011	512	5827	5870	5869
5011	513	512	5871	532	5870
5011	5012	513	5830	5872	5871
5012	514	513	5873	533	5872
5012	5013	514	5833	5874	5873
5013	515	514	5875	534	5874
5013	5014	515	5836	5876	5875
5014	516	515	5877	535	5876
5014	5015	516	5839	5878	5877
5015	517	516	5879	536	5878
5015	229	517	5841	5880	5879
229	5	517	244	537	5880

--------------------------------------------------------------------------------
NUMBER OF BOUNDARY TYPES        TOTAL NUMBER OF ELEMENTS
--------------------------------------------------------------------------------
2                               120

--------------------------------------------------------------------------------
BOUNDARY 1        CONSTRAINS (0-free 1-const 2-glue)  VALUES (default = 0.)
NUMB. OF ELEM.    Ux     Uy     Uz                    Ux     Uy     Uz  
--------------------------------------------------------------------------------
60                1      1      0                     0.     0.     0.

--------------------------------------------------------------------------------
BOUNDARY 1 - CONNECTIVITY
-------------------------------------------------------------------------------
1	13	27
13	14	28
14	15	29
15	16	30
16	17	31
17	18	32
18	19	33
19	20	34
20	21	35
21	22	36
22	23	37
23	24	38
24	25	39
25	26	40
26	4	41
4	42	56
42	43	57
43	44	58
44	45	59
45	46	60
46	47	61
47	48	62
48	49	63
49	50	64
50	51	65
51	52	66
52	53	67
53	54	68
54	55	69
55	3	70
3	71	85
71	72	86
72	73	87
73	74	88
74	75	89
75	76	90
76	77	91
77	78	92
78	79	93
79	80	94
80	81	95
81	82	96
82	83	97
83	84	98
84	2	99
2	100	114
100	101	115
101	102	116
102	103	117
103	104	118
104	105	119
105	106	120
106	107	121
107	108	122
108	109	123
109	110	124
110	111	125
111	112	126
112	113	127
113	1	128

--------------------------------------------------------------------------------
BOUNDARY 2        CONSTRAINS (0-free 1-const 2-glue)  VALUES (default = 0.)
NUMB. OF ELEM.    Ux     Uy     Uz                    Ux     Uy     Uz  
--------------------------------------------------------------------------------
60                2      2      0                     0.     0.     0.

--------------------------------------------------------------------------------
BOUNDARY 2 - CONNECTIVITY
--------------------------------------------------------------------------------
9	245	259
245	246	260
246	247	261
247	248	262
248	249	263
249	250	264
250	251	265
251	252	266
252	253	267
253	254	268
254	255	269
255	256	270
256	257	271
257	258	272
258	12	273
12	274	288
274	275	289
275	276	290
276	277	291
277	278	292
278	279	293
279	280	294
280	281	295
281	282	296
282	283	297
283	284	298
284	285	299
285	286	300
286	287	301
287	11	302
11	303	317
303	304	318
304	305	319
305	306	320
306	307	321
307	308	322
308	309	323
309	310	324
310	311	325
311	312	326
312	313	327
313	314	328
314	315	329
315	316	330
316	10	331
10	332	346
332	333	347
333	334	348
334	335	349
335	336	350
336	337	351
337	338	352
338	339	353
339	340	354
340	341	355
341	342	356
342	343	357
343	344	358
344	345	359
345	9	360
