--------------------------------------------------------------------------------
ELEMENTS        NODES        TIME STEPS     PRINTING FREQ
--------------------------------------------------------------------------------
3904            7995         100000         1

--------------------------------------------------------------------------------
UNDISTURBED VELOCITY AND PRESSURE
Ux      Uy      Uz      P
--------------------------------------------------------------------------------
0.1250     0.0     0.0     0.0

--------------------------------------------------------------------------------
DENSITY      TEMPERATURE      VISCOSITY      THERMAL CONDITIVITY
--------------------------------------------------------------------------------
1.E0         300              0.005           0.0

--------------------------------------------------------------------------------
TIME STEP       TIME INTEGRATION SCHEME (1- Implicit Euler, 2- Adams-Bashforth)
--------------------------------------------------------------------------------
0.25            0.5

--------------------------------------------------------------------------------
EXTERNAL FIELD FORCES CONSTANTS
Gx       Gy       Gz
--------------------------------------------------------------------------------
0.0      0.0      0.0

--------------------------------------------------------------------------------
ARLEQUIN VARIABLES
GLUE ZONE THICKNESS     EPSILON     WEIGHT FUNCT. (POL. DEGREE)   K1     K2
--------------------------------------------------------------------------------
1.0                     1E-2        1                             1E+0   0.E+0 

--------------------------------------------------------------------------------
COMPUTE DRAG AND LIFT FORCES (0-No, 1-Yes)      BOUNDARY NUMBER
--------------------------------------------------------------------------------
0                                               1

--------------------------------------------------------------------------------
PRINT RESULTS (0-No, 1-Yes)
--------------------------------------------------------------------------------
1 - VELOCITY
1 - REAL VELOCITY
0 - LAGRANGE MULTIPLIERS
0 - ELEMENT CORRESPONDENCE
1 - DIST FUNCTION
1 - ENERGY WEIGHT FUNCTION
1 - PRESSURE
1 - REAL PRESSURE
1 - VORTICITY
1 - INNER NORMAL
0 - MESH VELOCITY
0 - MESH DISPLACEMENT
1 - GLUE ZONE
1 - JACOBIAN
1 - PROCESS

--------------------------------------------------------------------------------
NODAL COORDINATES
--------------------------------------------------------------------------------
0	0
61	0
0	32
61	32
1	0
2	0
3	0
4	0
5	0
6	0
7	0
8	0
9	0
10	0
11	0
12	0
13	0
14	0
15	0
16	0
17	0
18	0
19	0
20	0
21	0
22	0
23	0
24	0
25	0
26	0
27	0
28	0
29	0
30	0
31	0
32	0
33	0
34	0
35	0
36	0
37	0
38	0
39	0
40	0
41	0
42	0
43	0
44	0
45	0
46	0
47	0
48	0
49	0
50	0
51	0
52	0
53	0
54	0
55	0
56	0
57	0
58	0
59	0
60	0
0.4999999999999974	0
1.500000000000031	0
2.499999999999995	0
3.499999999999973	0
4.500000000000011	0
5.499999999999978	0
6.5	0
7.500000000000295	0
8.500000000000009	0
9.499999999999895	0
10.5000000000001	0
11.50000000000001	0
12.49999999999985	0
13.50000000000015	0
14.5	0
15.49999999999988	0
16.49999999999987	0
17.49999999999989	0
18.50000000000021	0
19.49999999999987	0
20.49999999999987	0
21.5000000000001	0
22.49999999999987	0
23.49999999999998	0
24.5000000000001	0
25.49999999999989	0
26.50000000000011	0
27.5	0
28.49999999999997	0
29.50000000000011	0
30.4999999999987	0
31.49999999999994	0
32.50000000000005	0
33.49999999999994	0
34.49999999999984	0
35.5	0
36.49999999999984	0
37.49999999999995	0
38.49999999999989	0
39.49999999999989	0
40.49999999999984	0
41.49999999999998	0
42.49999999999994	0
43.49999999999995	0
44.50000000000026	0
45.50000000000009	0
46.49999999999995	0
47.50000000000019	0
48.49999999999994	0
49.5	0
50.49999999999989	0
51.49999999999989	0
52.49999999999979	0
53.50000000000009	0
54.49999999999978	0
55.50000000000006	0
56.49999999999969	0
57.49999999999994	0
58.49999999999995	0
59.49999999999989	0
60.49999999999983	0
1	32
2	32
3	32
4	32
5	32
6	32
7	32
8	32
9	32
10	32
11	32
12	32
13	32
14	32
15	32
16	32
17	32
18	32
19	32
20	32
21	32
22	32
23	32
24	32
25	32
26	32
27	32
28	32
29	32
30	32
31	32
32	32
33	32
34	32
35	32
36	32
37	32
38	32
39	32
40	32
41	32
42	32
43	32
44	32
45	32
46	32
47	32
48	32
49	32
50	32
51	32
52	32
53	32
54	32
55	32
56	32
57	32
58	32
59	32
60	32
0.4999999999999974	32
1.500000000000031	32
2.499999999999995	32
3.499999999999973	32
4.500000000000011	32
5.499999999999978	32
6.5	32
7.500000000000295	32
8.500000000000009	32
9.499999999999895	32
10.5000000000001	32
11.50000000000001	32
12.49999999999985	32
13.50000000000015	32
14.5	32
15.49999999999988	32
16.49999999999987	32
17.49999999999989	32
18.50000000000021	32
19.49999999999987	32
20.49999999999987	32
21.5000000000001	32
22.49999999999987	32
23.49999999999998	32
24.5000000000001	32
25.49999999999989	32
26.50000000000011	32
27.5	32
28.49999999999997	32
29.50000000000011	32
30.4999999999987	32
31.49999999999994	32
32.50000000000005	32
33.49999999999994	32
34.49999999999984	32
35.5	32
36.49999999999984	32
37.49999999999995	32
38.49999999999989	32
39.49999999999989	32
40.49999999999984	32
41.49999999999998	32
42.49999999999994	32
43.49999999999995	32
44.50000000000026	32
45.50000000000009	32
46.49999999999995	32
47.50000000000019	32
48.49999999999994	32
49.5	32
50.49999999999989	32
51.49999999999989	32
52.49999999999979	32
53.50000000000009	32
54.49999999999978	32
55.50000000000006	32
56.49999999999969	32
57.49999999999994	32
58.49999999999995	32
59.49999999999989	32
60.49999999999983	32
0	1
0	2
0	3
0	4
0	5
0	6
0	7
0	8
0	9
0	10
0	11
0	12
0	13
0	14
0	15
0	16
0	17
0	18
0	19
0	20
0	21
0	22
0	23
0	24
0	25
0	26
0	27
0	28
0	29
0	30
0	31
0	0.4999999999999976
0	1.5
0	2.5
0	3.5
0	4.5
0	5.5
0	6.5
0	7.5
0	8.5
0	9.5
0	10.5
0	11.5
0	12.5
0	13.5
0	14.5
0	15.5
0	16.5
0	17.5
0	18.5
0	19.5
0	20.5
0	21.5
0	22.5
0	23.5
0	24.5
0	25.5
0	26.5
0	27.5
0	28.5
0	29.5
0	30.5
0	31.5
61	1
61	2
61	3
61	4
61	5
61	6
61	7
61	8
61	9
61	10
61	11
61	12
61	13
61	14
61	15
61	16
61	17
61	18
61	19
61	20
61	21
61	22
61	23
61	24
61	25
61	26
61	27
61	28
61	29
61	30
61	31
61	0.4999999999999976
61	1.5
61	2.5
61	3.5
61	4.5
61	5.5
61	6.5
61	7.5
61	8.5
61	9.5
61	10.5
61	11.5
61	12.5
61	13.5
61	14.5
61	15.5
61	16.5
61	17.5
61	18.5
61	19.5
61	20.5
61	21.5
61	22.5
61	23.5
61	24.5
61	25.5
61	26.5
61	27.5
61	28.5
61	29.5
61	30.5
61	31.5
1	1
1	2
1	3
1	4
1	5
1	6
1	7
1	8
1	9
1	10
1	11
1	12
1	13
1	14
1	15
1	16
1	17
1	18
1	19
1	20
1	21
1	22
1	23
1	24
1	25
1	26
1	27
1	28
1	29
1	30
1	31
2	1
2	2
2	3
2	4
2	5
2	6
2	7
2	8
2	9
2	10
2	11
2	12
2	13
2	14
2	15
2	16
2	17
2	18
2	19
2	20
2	21
2	22
2	23
2	24
2	25
2	26
2	27
2	28
2	29
2	30
2	31
3	1
3	2
3	3
3	4
3	5
3	6
3	7
3	8
3	9
3	10
3	11
3	12
3	13
3	14
3	15
3	16
3	17
3	18
3	19
3	20
3	21
3	22
3	23
3	24
3	25
3	26
3	27
3	28
3	29
3	30
3	31
4	1
4	2
4	3
4	4
4	5
4	6
4	7
4	8
4	9
4	10
4	11
4	12
4	13
4	14
4	15
4	16
4	17
4	18
4	19
4	20
4	21
4	22
4	23
4	24
4	25
4	26
4	27
4	28
4	29
4	30
4	31
5	1
5	2
5	3
5	4
5	5
5	6
5	7
5	8
5	9
5	10
5	11
5	12
5	13
5	14
5	15
5	16
5	17
5	18
5	19
5	20
5	21
5	22
5	23
5	24
5	25
5	26
5	27
5	28
5	29
5	30
5	31
6	1
6	2
6	3
6	4
6	5
6	6
6	7
6	8
6	9
6	10
6	11
6	12
6	13
6	14
6	15
6	16
6	17
6	18
6	19
6	20
6	21
6	22
6	23
6	24
6	25
6	26
6	27
6	28
6	29
6	30
6	31
7	1
7	2
7	3
7	4
7	5
7	6
7	7
7	8
7	9
7	10
7	11
7	12
7	13
7	14
7	15
7	16
7	17
7	18
7	19
7	20
7	21
7	22
7	23
7	24
7	25
7	26
7	27
7	28
7	29
7	30
7	31
8	1
8	2
8	3
8	4
8	5
8	6
8	7
8	8
8	9
8	10
8	11
8	12
8	13
8	14
8	15
8	16
8	17
8	18
8	19
8	20
8	21
8	22
8	23
8	24
8	25
8	26
8	27
8	28
8	29
8	30
8	31
9	1
9	2
9	3
9	4
9	5
9	6
9	7
9	8
9	9
9	10
9	11
9	12
9	13
9	14
9	15
9	16
9	17
9	18
9	19
9	20
9	21
9	22
9	23
9	24
9	25
9	26
9	27
9	28
9	29
9	30
9	31
10	1
10	2
10	3
10	4
10	5
10	6
10	7
10	8
10	9
10	10
10	11
10	12
10	13
10	14
10	15
10	16
10	17
10	18
10	19
10	20
10	21
10	22
10	23
10	24
10	25
10	26
10	27
10	28
10	29
10	30
10	31
11	1
11	2
11	3
11	4
11	5
11	6
11	7
11	8
11	9
11	10
11	11
11	12
11	13
11	14
11	15
11	16
11	17
11	18
11	19
11	20
11	21
11	22
11	23
11	24
11	25
11	26
11	27
11	28
11	29
11	30
11	31
12	1
12	2
12	3
12	4
12	5
12	6
12	7
12	8
12	9
12	10
12	11
12	12
12	13
12	14
12	15
12	16
12	17
12	18
12	19
12	20
12	21
12	22
12	23
12	24
12	25
12	26
12	27
12	28
12	29
12	30
12	31
13	1
13	2
13	3
13	4
13	5
13	6
13	7
13	8
13	9
13	10
13	11
13	12
13	13
13	14
13	15
13	16
13	17
13	18
13	19
13	20
13	21
13	22
13	23
13	24
13	25
13	26
13	27
13	28
13	29
13	30
13	31
14	1
14	2
14	3
14	4
14	5
14	6
14	7
14	8
14	9
14	10
14	11
14	12
14	13
14	14
14	15
14	16
14	17
14	18
14	19
14	20
14	21
14	22
14	23
14	24
14	25
14	26
14	27
14	28
14	29
14	30
14	31
15	1
15	2
15	3
15	4
15	5
15	6
15	7
15	8
15	9
15	10
15	11
15	12
15	13
15	14
15	15
15	16
15	17
15	18
15	19
15	20
15	21
15	22
15	23
15	24
15	25
15	26
15	27
15	28
15	29
15	30
15	31
16	1
16	2
16	3
16	4
16	5
16	6
16	7
16	8
16	9
16	10
16	11
16	12
16	13
16	14
16	15
16	16
16	17
16	18
16	19
16	20
16	21
16	22
16	23
16	24
16	25
16	26
16	27
16	28
16	29
16	30
16	31
17	1
17	2
17	3
17	4
17	5
17	6
17	7
17	8
17	9
17	10
17	11
17	12
17	13
17	14
17	15
17	16
17	17
17	18
17	19
17	20
17	21
17	22
17	23
17	24
17	25
17	26
17	27
17	28
17	29
17	30
17	31
18	1
18	2
18	3
18	4
18	5
18	6
18	7
18	8
18	9
18	10
18	11
18	12
18	13
18	14
18	15
18	16
18	17
18	18
18	19
18	20
18	21
18	22
18	23
18	24
18	25
18	26
18	27
18	28
18	29
18	30
18	31
19	1
19	2
19	3
19	4
19	5
19	6
19	7
19	8
19	9
19	10
19	11
19	12
19	13
19	14
19	15
19	16
19	17
19	18
19	19
19	20
19	21
19	22
19	23
19	24
19	25
19	26
19	27
19	28
19	29
19	30
19	31
20	1
20	2
20	3
20	4
20	5
20	6
20	7
20	8
20	9
20	10
20	11
20	12
20	13
20	14
20	15
20	16
20	17
20	18
20	19
20	20
20	21
20	22
20	23
20	24
20	25
20	26
20	27
20	28
20	29
20	30
20	31
21	1
21	2
21	3
21	4
21	5
21	6
21	7
21	8
21	9
21	10
21	11
21	12
21	13
21	14
21	15
21	16
21	17
21	18
21	19
21	20
21	21
21	22
21	23
21	24
21	25
21	26
21	27
21	28
21	29
21	30
21	31
22	1
22	2
22	3
22	4
22	5
22	6
22	7
22	8
22	9
22	10
22	11
22	12
22	13
22	14
22	15
22	16
22	17
22	18
22	19
22	20
22	21
22	22
22	23
22	24
22	25
22	26
22	27
22	28
22	29
22	30
22	31
23	1
23	2
23	3
23	4
23	5
23	6
23	7
23	8
23	9
23	10
23	11
23	12
23	13
23	14
23	15
23	16
23	17
23	18
23	19
23	20
23	21
23	22
23	23
23	24
23	25
23	26
23	27
23	28
23	29
23	30
23	31
24	1
24	2
24	3
24	4
24	5
24	6
24	7
24	8
24	9
24	10
24	11
24	12
24	13
24	14
24	15
24	16
24	17
24	18
24	19
24	20
24	21
24	22
24	23
24	24
24	25
24	26
24	27
24	28
24	29
24	30
24	31
25	1
25	2
25	3
25	4
25	5
25	6
25	7
25	8
25	9
25	10
25	11
25	12
25	13
25	14
25	15
25	16
25	17
25	18
25	19
25	20
25	21
25	22
25	23
25	24
25	25
25	26
25	27
25	28
25	29
25	30
25	31
26	1
26	2
26	3
26	4
26	5
26	6
26	7
26	8
26	9
26	10
26	11
26	12
26	13
26	14
26	15
26	16
26	17
26	18
26	19
26	20
26	21
26	22
26	23
26	24
26	25
26	26
26	27
26	28
26	29
26	30
26	31
27	1
27	2
27	3
27	4
27	5
27	6
27	7
27	8
27	9
27	10
27	11
27	12
27	13
27	14
27	15
27	16
27	17
27	18
27	19
27	20
27	21
27	22
27	23
27	24
27	25
27	26
27	27
27	28
27	29
27	30
27	31
28	1
28	2
28	3
28	4
28	5
28	6
28	7
28	8
28	9
28	10
28	11
28	12
28	13
28	14
28	15
28	16
28	17
28	18
28	19
28	20
28	21
28	22
28	23
28	24
28	25
28	26
28	27
28	28
28	29
28	30
28	31
29	1
29	2
29	3
29	4
29	5
29	6
29	7
29	8
29	9
29	10
29	11
29	12
29	13
29	14
29	15
29	16
29	17
29	18
29	19
29	20
29	21
29	22
29	23
29	24
29	25
29	26
29	27
29	28
29	29
29	30
29	31
30	1
30	2
30	3
30	4
30	5
30	6
30	7
30	8
30	9
30	10
30	11
30	12
30	13
30	14
30	15
30	16
30	17
30	18
30	19
30	20
30	21
30	22
30	23
30	24
30	25
30	26
30	27
30	28
30	29
30	30
30	31
31	1
31	2
31	3
31	4
31	5
31	6
31	7
31	8
31	9
31	10
31	11
31	12
31	13
31	14
31	15
31	16
31	17
31	18
31	19
31	20
31	21
31	22
31	23
31	24
31	25
31	26
31	27
31	28
31	29
31	30
31	31
32	1
32	2
32	3
32	4
32	5
32	6
32	7
32	8
32	9
32	10
32	11
32	12
32	13
32	14
32	15
32	16
32	17
32	18
32	19
32	20
32	21
32	22
32	23
32	24
32	25
32	26
32	27
32	28
32	29
32	30
32	31
33	1
33	2
33	3
33	4
33	5
33	6
33	7
33	8
33	9
33	10
33	11
33	12
33	13
33	14
33	15
33	16
33	17
33	18
33	19
33	20
33	21
33	22
33	23
33	24
33	25
33	26
33	27
33	28
33	29
33	30
33	31
34	1
34	2
34	3
34	4
34	5
34	6
34	7
34	8
34	9
34	10
34	11
34	12
34	13
34	14
34	15
34	16
34	17
34	18
34	19
34	20
34	21
34	22
34	23
34	24
34	25
34	26
34	27
34	28
34	29
34	30
34	31
35	1
35	2
35	3
35	4
35	5
35	6
35	7
35	8
35	9
35	10
35	11
35	12
35	13
35	14
35	15
35	16
35	17
35	18
35	19
35	20
35	21
35	22
35	23
35	24
35	25
35	26
35	27
35	28
35	29
35	30
35	31
36	1
36	2
36	3
36	4
36	5
36	6
36	7
36	8
36	9
36	10
36	11
36	12
36	13
36	14
36	15
36	16
36	17
36	18
36	19
36	20
36	21
36	22
36	23
36	24
36	25
36	26
36	27
36	28
36	29
36	30
36	31
37	1
37	2
37	3
37	4
37	5
37	6
37	7
37	8
37	9
37	10
37	11
37	12
37	13
37	14
37	15
37	16
37	17
37	18
37	19
37	20
37	21
37	22
37	23
37	24
37	25
37	26
37	27
37	28
37	29
37	30
37	31
38	1
38	2
38	3
38	4
38	5
38	6
38	7
38	8
38	9
38	10
38	11
38	12
38	13
38	14
38	15
38	16
38	17
38	18
38	19
38	20
38	21
38	22
38	23
38	24
38	25
38	26
38	27
38	28
38	29
38	30
38	31
39	1
39	2
39	3
39	4
39	5
39	6
39	7
39	8
39	9
39	10
39	11
39	12
39	13
39	14
39	15
39	16
39	17
39	18
39	19
39	20
39	21
39	22
39	23
39	24
39	25
39	26
39	27
39	28
39	29
39	30
39	31
40	1
40	2
40	3
40	4
40	5
40	6
40	7
40	8
40	9
40	10
40	11
40	12
40	13
40	14
40	15
40	16
40	17
40	18
40	19
40	20
40	21
40	22
40	23
40	24
40	25
40	26
40	27
40	28
40	29
40	30
40	31
41	1
41	2
41	3
41	4
41	5
41	6
41	7
41	8
41	9
41	10
41	11
41	12
41	13
41	14
41	15
41	16
41	17
41	18
41	19
41	20
41	21
41	22
41	23
41	24
41	25
41	26
41	27
41	28
41	29
41	30
41	31
42	1
42	2
42	3
42	4
42	5
42	6
42	7
42	8
42	9
42	10
42	11
42	12
42	13
42	14
42	15
42	16
42	17
42	18
42	19
42	20
42	21
42	22
42	23
42	24
42	25
42	26
42	27
42	28
42	29
42	30
42	31
43	1
43	2
43	3
43	4
43	5
43	6
43	7
43	8
43	9
43	10
43	11
43	12
43	13
43	14
43	15
43	16
43	17
43	18
43	19
43	20
43	21
43	22
43	23
43	24
43	25
43	26
43	27
43	28
43	29
43	30
43	31
44	1
44	2
44	3
44	4
44	5
44	6
44	7
44	8
44	9
44	10
44	11
44	12
44	13
44	14
44	15
44	16
44	17
44	18
44	19
44	20
44	21
44	22
44	23
44	24
44	25
44	26
44	27
44	28
44	29
44	30
44	31
45	1
45	2
45	3
45	4
45	5
45	6
45	7
45	8
45	9
45	10
45	11
45	12
45	13
45	14
45	15
45	16
45	17
45	18
45	19
45	20
45	21
45	22
45	23
45	24
45	25
45	26
45	27
45	28
45	29
45	30
45	31
46	1
46	2
46	3
46	4
46	5
46	6
46	7
46	8
46	9
46	10
46	11
46	12
46	13
46	14
46	15
46	16
46	17
46	18
46	19
46	20
46	21
46	22
46	23
46	24
46	25
46	26
46	27
46	28
46	29
46	30
46	31
47	1
47	2
47	3
47	4
47	5
47	6
47	7
47	8
47	9
47	10
47	11
47	12
47	13
47	14
47	15
47	16
47	17
47	18
47	19
47	20
47	21
47	22
47	23
47	24
47	25
47	26
47	27
47	28
47	29
47	30
47	31
48	1
48	2
48	3
48	4
48	5
48	6
48	7
48	8
48	9
48	10
48	11
48	12
48	13
48	14
48	15
48	16
48	17
48	18
48	19
48	20
48	21
48	22
48	23
48	24
48	25
48	26
48	27
48	28
48	29
48	30
48	31
49	1
49	2
49	3
49	4
49	5
49	6
49	7
49	8
49	9
49	10
49	11
49	12
49	13
49	14
49	15
49	16
49	17
49	18
49	19
49	20
49	21
49	22
49	23
49	24
49	25
49	26
49	27
49	28
49	29
49	30
49	31
50	1
50	2
50	3
50	4
50	5
50	6
50	7
50	8
50	9
50	10
50	11
50	12
50	13
50	14
50	15
50	16
50	17
50	18
50	19
50	20
50	21
50	22
50	23
50	24
50	25
50	26
50	27
50	28
50	29
50	30
50	31
51	1
51	2
51	3
51	4
51	5
51	6
51	7
51	8
51	9
51	10
51	11
51	12
51	13
51	14
51	15
51	16
51	17
51	18
51	19
51	20
51	21
51	22
51	23
51	24
51	25
51	26
51	27
51	28
51	29
51	30
51	31
52	1
52	2
52	3
52	4
52	5
52	6
52	7
52	8
52	9
52	10
52	11
52	12
52	13
52	14
52	15
52	16
52	17
52	18
52	19
52	20
52	21
52	22
52	23
52	24
52	25
52	26
52	27
52	28
52	29
52	30
52	31
53	1
53	2
53	3
53	4
53	5
53	6
53	7
53	8
53	9
53	10
53	11
53	12
53	13
53	14
53	15
53	16
53	17
53	18
53	19
53	20
53	21
53	22
53	23
53	24
53	25
53	26
53	27
53	28
53	29
53	30
53	31
54	1
54	2
54	3
54	4
54	5
54	6
54	7
54	8
54	9
54	10
54	11
54	12
54	13
54	14
54	15
54	16
54	17
54	18
54	19
54	20
54	21
54	22
54	23
54	24
54	25
54	26
54	27
54	28
54	29
54	30
54	31
55	1
55	2
55	3
55	4
55	5
55	6
55	7
55	8
55	9
55	10
55	11
55	12
55	13
55	14
55	15
55	16
55	17
55	18
55	19
55	20
55	21
55	22
55	23
55	24
55	25
55	26
55	27
55	28
55	29
55	30
55	31
56	1
56	2
56	3
56	4
56	5
56	6
56	7
56	8
56	9
56	10
56	11
56	12
56	13
56	14
56	15
56	16
56	17
56	18
56	19
56	20
56	21
56	22
56	23
56	24
56	25
56	26
56	27
56	28
56	29
56	30
56	31
57	1
57	2
57	3
57	4
57	5
57	6
57	7
57	8
57	9
57	10
57	11
57	12
57	13
57	14
57	15
57	16
57	17
57	18
57	19
57	20
57	21
57	22
57	23
57	24
57	25
57	26
57	27
57	28
57	29
57	30
57	31
58	1
58	2
58	3
58	4
58	5
58	6
58	7
58	8
58	9
58	10
58	11
58	12
58	13
58	14
58	15
58	16
58	17
58	18
58	19
58	20
58	21
58	22
58	23
58	24
58	25
58	26
58	27
58	28
58	29
58	30
58	31
59	1
59	2
59	3
59	4
59	5
59	6
59	7
59	8
59	9
59	10
59	11
59	12
59	13
59	14
59	15
59	16
59	17
59	18
59	19
59	20
59	21
59	22
59	23
59	24
59	25
59	26
59	27
59	28
59	29
59	30
59	31
60	1
60	2
60	3
60	4
60	5
60	6
60	7
60	8
60	9
60	10
60	11
60	12
60	13
60	14
60	15
60	16
60	17
60	18
60	19
60	20
60	21
60	22
60	23
60	24
60	25
60	26
60	27
60	28
60	29
60	30
60	31
1	0.5
0.5	0.5
0.5	1
1	1.5
0.5	1.5
0.5	2
1	2.5
0.5	2.5
0.5	3
1	3.5
0.5	3.5
0.5	4
1	4.5
0.5	4.5
0.5	5
1	5.5
0.5	5.5
0.5	6
1	6.5
0.5	6.5
0.5	7
1	7.5
0.5	7.5
0.5	8
1	8.5
0.5	8.5
0.5	9
1	9.5
0.5	9.5
0.5	10
1	10.5
0.5	10.5
0.5	11
1	11.5
0.5	11.5
0.5	12
1	12.5
0.5	12.5
0.5	13
1	13.5
0.5	13.5
0.5	14
1	14.5
0.5	14.5
0.5	15
1	15.5
0.5	15.5
0.5	16
1	16.5
0.5	16.5
0.5	17
1	17.5
0.5	17.5
0.5	18
1	18.5
0.5	18.5
0.5	19
1	19.5
0.5	19.5
0.5	20
1	20.5
0.5	20.5
0.5	21
1	21.5
0.5	21.5
0.5	22
1	22.5
0.5	22.5
0.5	23
1	23.5
0.5	23.5
0.5	24
1	24.5
0.5	24.5
0.5	25
1	25.5
0.5	25.5
0.5	26
1	26.5
0.5	26.5
0.5	27
1	27.5
0.5	27.5
0.5	28
1	28.5
0.5	28.5
0.5	29
1	29.5
0.5	29.5
0.5	30
1	30.5
0.5	30.5
0.5	31
1	31.5
0.5000000000000006	31.5
2	0.5
1.5	0.5
1.5	1
2	1.5
1.5	1.5
1.5	2
2	2.5
1.5	2.5
1.5	3
2	3.5
1.5	3.5
1.5	4
2	4.5
1.5	4.5
1.5	5
2	5.5
1.5	5.5
1.5	6
2	6.5
1.5	6.5
1.5	7
2	7.5
1.5	7.5
1.5	8
2	8.5
1.5	8.5
1.5	9
2	9.5
1.5	9.5
1.5	10
2	10.5
1.5	10.5
1.5	11
2	11.5
1.5	11.5
1.5	12
2	12.5
1.5	12.5
1.5	13
2	13.5
1.5	13.5
1.5	14
2	14.5
1.5	14.5
1.5	15
2	15.5
1.5	15.5
1.5	16
2	16.5
1.5	16.5
1.5	17
2	17.5
1.5	17.5
1.5	18
2	18.5
1.5	18.5
1.5	19
2	19.5
1.5	19.5
1.5	20
2	20.5
1.5	20.5
1.5	21
2	21.5
1.5	21.5
1.5	22
2	22.5
1.5	22.5
1.5	23
2	23.5
1.5	23.5
1.5	24
2	24.5
1.5	24.5
1.5	25
2	25.5
1.5	25.5
1.5	26
2	26.5
1.5	26.5
1.5	27
2	27.5
1.5	27.5
1.5	28
2	28.5
1.5	28.5
1.5	29
2	29.5
1.5	29.5
1.5	30
2	30.5
1.5	30.5
1.5	31
2	31.5
1.5	31.5
3	0.5
2.5	0.5
2.5	1
3	1.5
2.5	1.5
2.5	2
3	2.5
2.5	2.5
2.5	3
3	3.5
2.5	3.5
2.5	4
3	4.5
2.5	4.5
2.5	5
3	5.5
2.5	5.5
2.5	6
3	6.5
2.5	6.5
2.5	7
3	7.5
2.5	7.5
2.5	8
3	8.5
2.5	8.5
2.5	9
3	9.5
2.5	9.5
2.5	10
3	10.5
2.5	10.5
2.5	11
3	11.5
2.5	11.5
2.5	12
3	12.5
2.5	12.5
2.5	13
3	13.5
2.5	13.5
2.5	14
3	14.5
2.5	14.5
2.5	15
3	15.5
2.5	15.5
2.5	16
3	16.5
2.5	16.5
2.5	17
3	17.5
2.5	17.5
2.5	18
3	18.5
2.5	18.5
2.5	19
3	19.5
2.5	19.5
2.5	20
3	20.5
2.5	20.5
2.5	21
3	21.5
2.5	21.5
2.5	22
3	22.5
2.5	22.5
2.5	23
3	23.5
2.5	23.5
2.5	24
3	24.5
2.5	24.5
2.5	25
3	25.5
2.5	25.5
2.5	26
3	26.5
2.5	26.5
2.5	27
3	27.5
2.5	27.5
2.5	28
3	28.5
2.5	28.5
2.5	29
3	29.5
2.5	29.5
2.5	30
3	30.5
2.5	30.5
2.5	31
3	31.5
2.5	31.5
4	0.5
3.5	0.5
3.5	1
4	1.5
3.5	1.5
3.5	2
4	2.5
3.5	2.5
3.5	3
4	3.5
3.5	3.5
3.5	4
4	4.5
3.5	4.5
3.5	5
4	5.5
3.5	5.5
3.5	6
4	6.5
3.5	6.5
3.5	7
4	7.5
3.5	7.5
3.5	8
4	8.5
3.5	8.5
3.5	9
4	9.5
3.5	9.5
3.5	10
4	10.5
3.5	10.5
3.5	11
4	11.5
3.5	11.5
3.5	12
4	12.5
3.5	12.5
3.5	13
4	13.5
3.5	13.5
3.5	14
4	14.5
3.5	14.5
3.5	15
4	15.5
3.5	15.5
3.5	16
4	16.5
3.5	16.5
3.5	17
4	17.5
3.5	17.5
3.5	18
4	18.5
3.5	18.5
3.5	19
4	19.5
3.5	19.5
3.5	20
4	20.5
3.5	20.5
3.5	21
4	21.5
3.5	21.5
3.5	22
4	22.5
3.5	22.5
3.5	23
4	23.5
3.5	23.5
3.5	24
4	24.5
3.5	24.5
3.5	25
4	25.5
3.5	25.5
3.5	26
4	26.5
3.5	26.5
3.5	27
4	27.5
3.5	27.5
3.5	28
4	28.5
3.5	28.5
3.5	29
4	29.5
3.5	29.5
3.5	30
4	30.5
3.5	30.5
3.5	31
4	31.5
3.5	31.5
5.000000000000001	0.5
4.5	0.5
4.5	1
5.000000000000001	1.5
4.5	1.5
4.5	2
5.000000000000001	2.5
4.5	2.5
4.5	3
5.000000000000001	3.5
4.5	3.5
4.5	4
5.000000000000001	4.5
4.5	4.5
4.5	5
5.000000000000001	5.5
4.5	5.5
4.5	6
5.000000000000001	6.5
4.5	6.5
4.5	7
5.000000000000001	7.5
4.5	7.5
4.5	8
5.000000000000001	8.5
4.5	8.5
4.5	9
5.000000000000001	9.5
4.5	9.5
4.5	10
5.000000000000001	10.5
4.5	10.5
4.5	11
5.000000000000001	11.5
4.5	11.5
4.5	12
5.000000000000001	12.5
4.5	12.5
4.5	13
5.000000000000001	13.5
4.5	13.5
4.5	14
5.000000000000001	14.5
4.5	14.5
4.5	15
5.000000000000001	15.5
4.5	15.5
4.5	16
5.000000000000001	16.5
4.5	16.5
4.5	17
5.000000000000001	17.5
4.5	17.5
4.5	18
5.000000000000001	18.5
4.5	18.5
4.5	19
5.000000000000001	19.5
4.5	19.5
4.5	20
5.000000000000001	20.5
4.5	20.5
4.5	21
5.000000000000001	21.5
4.5	21.5
4.5	22
5.000000000000001	22.5
4.5	22.5
4.5	23
5.000000000000001	23.5
4.5	23.5
4.5	24
5.000000000000001	24.5
4.5	24.5
4.5	25
5.000000000000001	25.5
4.5	25.5
4.5	26
5.000000000000001	26.5
4.5	26.5
4.5	27
5.000000000000001	27.5
4.5	27.5
4.5	28
5.000000000000001	28.5
4.5	28.5
4.5	29
5.000000000000001	29.5
4.5	29.5
4.5	30
5.000000000000001	30.5
4.5	30.5
4.5	31
5.000000000000001	31.5
4.5	31.5
6	0.5
5.5	0.5
5.5	1
6	1.5
5.5	1.5
5.5	2
6	2.5
5.5	2.5
5.5	3
6	3.5
5.5	3.5
5.5	4
6	4.5
5.5	4.5
5.5	5
6	5.5
5.5	5.5
5.5	6
6	6.5
5.5	6.5
5.5	7
6	7.5
5.5	7.5
5.5	8
6	8.5
5.5	8.5
5.5	9
6	9.5
5.5	9.5
5.5	10
6	10.5
5.5	10.5
5.5	11
6	11.5
5.5	11.5
5.5	12
6	12.5
5.5	12.5
5.5	13
6	13.5
5.5	13.5
5.5	14
6	14.5
5.5	14.5
5.5	15
6	15.5
5.5	15.5
5.5	16
6	16.5
5.5	16.5
5.5	17
6	17.5
5.5	17.5
5.5	18
6	18.5
5.5	18.5
5.5	19
6	19.5
5.5	19.5
5.5	20
6	20.5
5.5	20.5
5.5	21
6	21.5
5.5	21.5
5.5	22
6	22.5
5.5	22.5
5.5	23
6	23.5
5.5	23.5
5.5	24
6	24.5
5.5	24.5
5.5	25
6	25.5
5.5	25.5
5.5	26
6	26.5
5.5	26.5
5.5	27
6	27.5
5.5	27.5
5.5	28
6	28.5
5.5	28.5
5.5	29
6	29.5
5.5	29.5
5.5	30
6	30.5
5.5	30.5
5.5	31
6	31.5
5.5	31.5
7	0.5
6.5	0.5
6.5	1
7	1.5
6.5	1.5
6.5	2
7	2.5
6.5	2.5
6.5	3
7	3.5
6.5	3.5
6.5	4
7	4.5
6.5	4.5
6.5	5
7	5.5
6.5	5.5
6.5	6
7	6.5
6.5	6.5
6.5	7
7	7.5
6.5	7.5
6.5	8
7	8.5
6.5	8.5
6.5	9
7	9.5
6.5	9.5
6.5	10
7	10.5
6.5	10.5
6.5	11
7	11.5
6.5	11.5
6.5	12
7	12.5
6.5	12.5
6.5	13
7	13.5
6.5	13.5
6.5	14
7	14.5
6.5	14.5
6.5	15
7	15.5
6.5	15.5
6.5	16
7	16.5
6.5	16.5
6.5	17
7	17.5
6.5	17.5
6.5	18
7	18.5
6.5	18.5
6.5	19
7	19.5
6.5	19.5
6.5	20
7	20.5
6.5	20.5
6.5	21
7	21.5
6.5	21.5
6.5	22
7	22.5
6.5	22.5
6.5	23
7	23.5
6.5	23.5
6.5	24
7	24.5
6.5	24.5
6.5	25
7	25.5
6.5	25.5
6.5	26
7	26.5
6.5	26.5
6.5	27
7	27.5
6.5	27.5
6.5	28
7	28.5
6.5	28.5
6.5	29
7	29.5
6.5	29.5
6.5	30
7	30.5
6.5	30.5
6.5	31
7	31.5
6.5	31.5
8	0.5
7.5	0.5
7.5	1
8	1.5
7.5	1.5
7.5	2
8	2.5
7.5	2.5
7.5	3
8	3.5
7.5	3.5
7.5	4
8	4.5
7.5	4.5
7.5	5
8	5.5
7.5	5.5
7.5	6
8	6.5
7.5	6.5
7.5	7
8	7.5
7.5	7.5
7.5	8
8	8.5
7.5	8.5
7.5	9
8	9.5
7.5	9.5
7.5	10
8	10.5
7.5	10.5
7.5	11
8	11.5
7.5	11.5
7.5	12
8	12.5
7.5	12.5
7.5	13
8	13.5
7.5	13.5
7.5	14
8	14.5
7.5	14.5
7.5	15
8	15.5
7.5	15.5
7.5	16
8	16.5
7.5	16.5
7.5	17
8	17.5
7.5	17.5
7.5	18
8	18.5
7.5	18.5
7.5	19
8	19.5
7.5	19.5
7.5	20
8	20.5
7.5	20.5
7.5	21
8	21.5
7.5	21.5
7.5	22
8	22.5
7.5	22.5
7.5	23
8	23.5
7.5	23.5
7.5	24
8	24.5
7.5	24.5
7.5	25
8	25.5
7.5	25.5
7.5	26
8	26.5
7.5	26.5
7.5	27
8	27.5
7.5	27.5
7.5	28
8	28.5
7.5	28.5
7.5	29
8	29.5
7.5	29.5
7.5	30
8	30.5
7.5	30.5
7.5	31
8	31.5
7.5	31.5
9	0.5
8.5	0.5
8.5	1
9	1.5
8.5	1.5
8.5	2
9	2.5
8.5	2.5
8.5	3
9	3.5
8.5	3.5
8.5	4
9	4.5
8.5	4.5
8.5	5
9	5.5
8.5	5.5
8.5	6
9	6.5
8.5	6.5
8.5	7
9	7.5
8.5	7.5
8.5	8
9	8.5
8.5	8.5
8.5	9
9	9.5
8.5	9.5
8.5	10
9	10.5
8.5	10.5
8.5	11
9	11.5
8.5	11.5
8.5	12
9	12.5
8.5	12.5
8.5	13
9	13.5
8.5	13.5
8.5	14
9	14.5
8.5	14.5
8.5	15
9	15.5
8.5	15.5
8.5	16
9	16.5
8.5	16.5
8.5	17
9	17.5
8.5	17.5
8.5	18
9	18.5
8.5	18.5
8.5	19
9	19.5
8.5	19.5
8.5	20
9	20.5
8.5	20.5
8.5	21
9	21.5
8.5	21.5
8.5	22
9	22.5
8.5	22.5
8.5	23
9	23.5
8.5	23.5
8.5	24
9	24.5
8.5	24.5
8.5	25
9	25.5
8.5	25.5
8.5	26
9	26.5
8.5	26.5
8.5	27
9	27.5
8.5	27.5
8.5	28
9	28.5
8.5	28.5
8.5	29
9	29.5
8.5	29.5
8.5	30
9	30.5
8.5	30.5
8.5	31
9	31.5
8.5	31.5
10	0.5
9.5	0.5
9.5	1
10	1.5
9.5	1.5
9.5	2
10	2.5
9.5	2.5
9.5	3
10	3.5
9.5	3.5
9.5	4
10	4.5
9.5	4.5
9.5	5
10	5.5
9.5	5.5
9.5	6
10	6.5
9.5	6.5
9.5	7
10	7.5
9.5	7.5
9.5	8
10	8.5
9.5	8.5
9.5	9
10	9.5
9.5	9.5
9.5	10
10	10.5
9.5	10.5
9.5	11
10	11.5
9.5	11.5
9.5	12
10	12.5
9.5	12.5
9.5	13
10	13.5
9.5	13.5
9.5	14
10	14.5
9.5	14.5
9.5	15
10	15.5
9.5	15.5
9.5	16
10	16.5
9.5	16.5
9.5	17
10	17.5
9.5	17.5
9.5	18
10	18.5
9.5	18.5
9.5	19
10	19.5
9.5	19.5
9.5	20
10	20.5
9.5	20.5
9.5	21
10	21.5
9.5	21.5
9.5	22
10	22.5
9.5	22.5
9.5	23
10	23.5
9.5	23.5
9.5	24
10	24.5
9.5	24.5
9.5	25
10	25.5
9.5	25.5
9.5	26
10	26.5
9.5	26.5
9.5	27
10	27.5
9.5	27.5
9.5	28
10	28.5
9.5	28.5
9.5	29
10	29.5
9.5	29.5
9.5	30
10	30.5
9.5	30.5
9.5	31
10	31.5
9.5	31.5
11	0.5
10.5	0.5
10.5	1
11	1.5
10.5	1.5
10.5	2
11	2.5
10.5	2.5
10.5	3
11	3.5
10.5	3.5
10.5	4
11	4.5
10.5	4.5
10.5	5
11	5.5
10.5	5.5
10.5	6
11	6.5
10.5	6.5
10.5	7
11	7.5
10.5	7.5
10.5	8
11	8.5
10.5	8.5
10.5	9
11	9.5
10.5	9.5
10.5	10
11	10.5
10.5	10.5
10.5	11
11	11.5
10.5	11.5
10.5	12
11	12.5
10.5	12.5
10.5	13
11	13.5
10.5	13.5
10.5	14
11	14.5
10.5	14.5
10.5	15
11	15.5
10.5	15.5
10.5	16
11	16.5
10.5	16.5
10.5	17
11	17.5
10.5	17.5
10.5	18
11	18.5
10.5	18.5
10.5	19
11	19.5
10.5	19.5
10.5	20
11	20.5
10.5	20.5
10.5	21
11	21.5
10.5	21.5
10.5	22
11	22.5
10.5	22.5
10.5	23
11	23.5
10.5	23.5
10.5	24
11	24.5
10.5	24.5
10.5	25
11	25.5
10.5	25.5
10.5	26
11	26.5
10.5	26.5
10.5	27
11	27.5
10.5	27.5
10.5	28
11	28.5
10.5	28.5
10.5	29
11	29.5
10.5	29.5
10.5	30
11	30.5
10.5	30.5
10.5	31
11	31.5
10.5	31.5
12	0.5
11.5	0.5
11.5	1
12	1.5
11.5	1.5
11.5	2
12	2.5
11.5	2.5
11.5	3
12	3.5
11.5	3.5
11.5	4
12	4.5
11.5	4.5
11.5	5
12	5.5
11.5	5.5
11.5	6
12	6.5
11.5	6.5
11.5	7
12	7.5
11.5	7.5
11.5	8
12	8.5
11.5	8.5
11.5	9
12	9.5
11.5	9.5
11.5	10
12	10.5
11.5	10.5
11.5	11
12	11.5
11.5	11.5
11.5	12
12	12.5
11.5	12.5
11.5	13
12	13.5
11.5	13.5
11.5	14
12	14.5
11.5	14.5
11.5	15
12	15.5
11.5	15.5
11.5	16
12	16.5
11.5	16.5
11.5	17
12	17.5
11.5	17.5
11.5	18
12	18.5
11.5	18.5
11.5	19
12	19.5
11.5	19.5
11.5	20
12	20.5
11.5	20.5
11.5	21
12	21.5
11.5	21.5
11.5	22
12	22.5
11.5	22.5
11.5	23
12	23.5
11.5	23.5
11.5	24
12	24.5
11.5	24.5
11.5	25
12	25.5
11.5	25.5
11.5	26
12	26.5
11.5	26.5
11.5	27
12	27.5
11.5	27.5
11.5	28
12	28.5
11.5	28.5
11.5	29
12	29.5
11.5	29.5
11.5	30
12	30.5
11.5	30.5
11.5	31
12	31.5
11.5	31.5
13	0.5
12.5	0.5
12.5	1
13	1.5
12.5	1.5
12.5	2
13	2.5
12.5	2.5
12.5	3
13	3.5
12.5	3.5
12.5	4
13	4.5
12.5	4.5
12.5	5
13	5.5
12.5	5.5
12.5	6
13	6.5
12.5	6.5
12.5	7
13	7.5
12.5	7.5
12.5	8
13	8.5
12.5	8.5
12.5	9
13	9.5
12.5	9.5
12.5	10
13	10.5
12.5	10.5
12.5	11
13	11.5
12.5	11.5
12.5	12
13	12.5
12.5	12.5
12.5	13
13	13.5
12.5	13.5
12.5	14
13	14.5
12.5	14.5
12.5	15
13	15.5
12.5	15.5
12.5	16
13	16.5
12.5	16.5
12.5	17
13	17.5
12.5	17.5
12.5	18
13	18.5
12.5	18.5
12.5	19
13	19.5
12.5	19.5
12.5	20
13	20.5
12.5	20.5
12.5	21
13	21.5
12.5	21.5
12.5	22
13	22.5
12.5	22.5
12.5	23
13	23.5
12.5	23.5
12.5	24
13	24.5
12.5	24.5
12.5	25
13	25.5
12.5	25.5
12.5	26
13	26.5
12.5	26.5
12.5	27
13	27.5
12.5	27.5
12.5	28
13	28.5
12.5	28.5
12.5	29
13	29.5
12.5	29.5
12.5	30
13	30.5
12.5	30.5
12.5	31
13	31.5
12.5	31.5
14	0.5
13.5	0.5
13.5	1
14	1.5
13.5	1.5
13.5	2
14	2.5
13.5	2.5
13.5	3
14	3.5
13.5	3.5
13.5	4
14	4.5
13.5	4.5
13.5	5
14	5.5
13.5	5.5
13.5	6
14	6.5
13.5	6.5
13.5	7
14	7.5
13.5	7.5
13.5	8
14	8.5
13.5	8.5
13.5	9
14	9.5
13.5	9.5
13.5	10
14	10.5
13.5	10.5
13.5	11
14	11.5
13.5	11.5
13.5	12
14	12.5
13.5	12.5
13.5	13
14	13.5
13.5	13.5
13.5	14
14	14.5
13.5	14.5
13.5	15
14	15.5
13.5	15.5
13.5	16
14	16.5
13.5	16.5
13.5	17
14	17.5
13.5	17.5
13.5	18
14	18.5
13.5	18.5
13.5	19
14	19.5
13.5	19.5
13.5	20
14	20.5
13.5	20.5
13.5	21
14	21.5
13.5	21.5
13.5	22
14	22.5
13.5	22.5
13.5	23
14	23.5
13.5	23.5
13.5	24
14	24.5
13.5	24.5
13.5	25
14	25.5
13.5	25.5
13.5	26
14	26.5
13.5	26.5
13.5	27
14	27.5
13.5	27.5
13.5	28
14	28.5
13.5	28.5
13.5	29
14	29.5
13.5	29.5
13.5	30
14	30.5
13.5	30.5
13.5	31
14	31.5
13.5	31.5
15	0.5
14.5	0.5
14.5	1
15	1.5
14.5	1.5
14.5	2
15	2.5
14.5	2.5
14.5	3
15	3.5
14.5	3.5
14.5	4
15	4.5
14.5	4.5
14.5	5
15	5.5
14.5	5.5
14.5	6
15	6.5
14.5	6.5
14.5	7
15	7.5
14.5	7.5
14.5	8
15	8.5
14.5	8.5
14.5	9
15	9.5
14.5	9.5
14.5	10
15	10.5
14.5	10.5
14.5	11
15	11.5
14.5	11.5
14.5	12
15	12.5
14.5	12.5
14.5	13
15	13.5
14.5	13.5
14.5	14
15	14.5
14.5	14.5
14.5	15
15	15.5
14.5	15.5
14.5	16
15	16.5
14.5	16.5
14.5	17
15	17.5
14.5	17.5
14.5	18
15	18.5
14.5	18.5
14.5	19
15	19.5
14.5	19.5
14.5	20
15	20.5
14.5	20.5
14.5	21
15	21.5
14.5	21.5
14.5	22
15	22.5
14.5	22.5
14.5	23
15	23.5
14.5	23.5
14.5	24
15	24.5
14.5	24.5
14.5	25
15	25.5
14.5	25.5
14.5	26
15	26.5
14.5	26.5
14.5	27
15	27.5
14.5	27.5
14.5	28
15	28.5
14.5	28.5
14.5	29
15	29.5
14.5	29.5
14.5	30
15	30.5
14.5	30.5
14.5	31
15	31.5
14.5	31.5
16	0.5
15.5	0.5
15.5	1
16	1.5
15.5	1.5
15.5	2
16	2.5
15.5	2.5
15.5	3
16	3.5
15.5	3.5
15.5	4
16	4.5
15.5	4.5
15.5	5
16	5.5
15.5	5.5
15.5	6
16	6.5
15.5	6.5
15.5	7
16	7.5
15.5	7.5
15.5	8
16	8.5
15.5	8.5
15.5	9
16	9.5
15.5	9.5
15.5	10
16	10.5
15.5	10.5
15.5	11
16	11.5
15.5	11.5
15.5	12
16	12.5
15.5	12.5
15.5	13
16	13.5
15.5	13.5
15.5	14
16	14.5
15.5	14.5
15.5	15
16	15.5
15.5	15.5
15.5	16
16	16.5
15.5	16.5
15.5	17
16	17.5
15.5	17.5
15.5	18
16	18.5
15.5	18.5
15.5	19
16	19.5
15.5	19.5
15.5	20
16	20.5
15.5	20.5
15.5	21
16	21.5
15.5	21.5
15.5	22
16	22.5
15.5	22.5
15.5	23
16	23.5
15.5	23.5
15.5	24
16	24.5
15.5	24.5
15.5	25
16	25.5
15.5	25.5
15.5	26
16	26.5
15.5	26.5
15.5	27
16	27.5
15.5	27.5
15.5	28
16	28.5
15.5	28.5
15.5	29
16	29.5
15.5	29.5
15.5	30
16	30.5
15.5	30.5
15.5	31
16	31.5
15.5	31.5
17	0.5
16.5	0.5
16.5	1
17	1.5
16.5	1.5
16.5	2
17	2.5
16.5	2.5
16.5	3
17	3.5
16.5	3.5
16.5	4
17	4.5
16.5	4.5
16.5	5
17	5.5
16.5	5.5
16.5	6
17	6.5
16.5	6.5
16.5	7
17	7.5
16.5	7.5
16.5	8
17	8.5
16.5	8.5
16.5	9
17	9.5
16.5	9.5
16.5	10
17	10.5
16.5	10.5
16.5	11
17	11.5
16.5	11.5
16.5	12
17	12.5
16.5	12.5
16.5	13
17	13.5
16.5	13.5
16.5	14
17	14.5
16.5	14.5
16.5	15
17	15.5
16.5	15.5
16.5	16
17	16.5
16.5	16.5
16.5	17
17	17.5
16.5	17.5
16.5	18
17	18.5
16.5	18.5
16.5	19
17	19.5
16.5	19.5
16.5	20
17	20.5
16.5	20.5
16.5	21
17	21.5
16.5	21.5
16.5	22
17	22.5
16.5	22.5
16.5	23
17	23.5
16.5	23.5
16.5	24
17	24.5
16.5	24.5
16.5	25
17	25.5
16.5	25.5
16.5	26
17	26.5
16.5	26.5
16.5	27
17	27.5
16.5	27.5
16.5	28
17	28.5
16.5	28.5
16.5	29
17	29.5
16.5	29.5
16.5	30
17	30.5
16.5	30.5
16.5	31
17	31.5
16.5	31.5
18	0.5
17.5	0.5
17.5	1
18	1.5
17.5	1.5
17.5	2
18	2.5
17.5	2.5
17.5	3
18	3.5
17.5	3.5
17.5	4
18	4.5
17.5	4.5
17.5	5
18	5.5
17.5	5.5
17.5	6
18	6.5
17.5	6.5
17.5	7
18	7.5
17.5	7.5
17.5	8
18	8.5
17.5	8.5
17.5	9
18	9.5
17.5	9.5
17.5	10
18	10.5
17.5	10.5
17.5	11
18	11.5
17.5	11.5
17.5	12
18	12.5
17.5	12.5
17.5	13
18	13.5
17.5	13.5
17.5	14
18	14.5
17.5	14.5
17.5	15
18	15.5
17.5	15.5
17.5	16
18	16.5
17.5	16.5
17.5	17
18	17.5
17.5	17.5
17.5	18
18	18.5
17.5	18.5
17.5	19
18	19.5
17.5	19.5
17.5	20
18	20.5
17.5	20.5
17.5	21
18	21.5
17.5	21.5
17.5	22
18	22.5
17.5	22.5
17.5	23
18	23.5
17.5	23.5
17.5	24
18	24.5
17.5	24.5
17.5	25
18	25.5
17.5	25.5
17.5	26
18	26.5
17.5	26.5
17.5	27
18	27.5
17.5	27.5
17.5	28
18	28.5
17.5	28.5
17.5	29
18	29.5
17.5	29.5
17.5	30
18	30.5
17.5	30.5
17.5	31
18	31.5
17.5	31.5
19	0.5
18.5	0.5
18.5	1
19	1.5
18.5	1.5
18.5	2
19	2.5
18.5	2.5
18.5	3
19	3.5
18.5	3.5
18.5	4
19	4.5
18.5	4.5
18.5	5
19	5.5
18.5	5.5
18.5	6
19	6.5
18.5	6.5
18.5	7
19	7.5
18.5	7.5
18.5	8
19	8.5
18.5	8.5
18.5	9
19	9.5
18.5	9.5
18.5	10
19	10.5
18.5	10.5
18.5	11
19	11.5
18.5	11.5
18.5	12
19	12.5
18.5	12.5
18.5	13
19	13.5
18.5	13.5
18.5	14
19	14.5
18.5	14.5
18.5	15
19	15.5
18.5	15.5
18.5	16
19	16.5
18.5	16.5
18.5	17
19	17.5
18.5	17.5
18.5	18
19	18.5
18.5	18.5
18.5	19
19	19.5
18.5	19.5
18.5	20
19	20.5
18.5	20.5
18.5	21
19	21.5
18.5	21.5
18.5	22
19	22.5
18.5	22.5
18.5	23
19	23.5
18.5	23.5
18.5	24
19	24.5
18.5	24.5
18.5	25
19	25.5
18.5	25.5
18.5	26
19	26.5
18.5	26.5
18.5	27
19	27.5
18.5	27.5
18.5	28
19	28.5
18.5	28.5
18.5	29
19	29.5
18.5	29.5
18.5	30
19	30.5
18.5	30.5
18.5	31
19	31.5
18.5	31.5
20	0.5
19.5	0.5
19.5	1
20	1.5
19.5	1.5
19.5	2
20	2.5
19.5	2.5
19.5	3
20	3.5
19.5	3.5
19.5	4
20	4.5
19.5	4.5
19.5	5
20	5.5
19.5	5.5
19.5	6
20	6.5
19.5	6.5
19.5	7
20	7.5
19.5	7.5
19.5	8
20	8.5
19.5	8.5
19.5	9
20	9.5
19.5	9.5
19.5	10
20	10.5
19.5	10.5
19.5	11
20	11.5
19.5	11.5
19.5	12
20	12.5
19.5	12.5
19.5	13
20	13.5
19.5	13.5
19.5	14
20	14.5
19.5	14.5
19.5	15
20	15.5
19.5	15.5
19.5	16
20	16.5
19.5	16.5
19.5	17
20	17.5
19.5	17.5
19.5	18
20	18.5
19.5	18.5
19.5	19
20	19.5
19.5	19.5
19.5	20
20	20.5
19.5	20.5
19.5	21
20	21.5
19.5	21.5
19.5	22
20	22.5
19.5	22.5
19.5	23
20	23.5
19.5	23.5
19.5	24
20	24.5
19.5	24.5
19.5	25
20	25.5
19.5	25.5
19.5	26
20	26.5
19.5	26.5
19.5	27
20	27.5
19.5	27.5
19.5	28
20	28.5
19.5	28.5
19.5	29
20	29.5
19.5	29.5
19.5	30
20	30.5
19.5	30.5
19.5	31
20	31.5
19.5	31.5
21	0.5
20.5	0.5
20.5	1
21	1.5
20.5	1.5
20.5	2
21	2.5
20.5	2.5
20.5	3
21	3.5
20.5	3.5
20.5	4
21	4.5
20.5	4.5
20.5	5
21	5.5
20.5	5.5
20.5	6
21	6.5
20.5	6.5
20.5	7
21	7.5
20.5	7.5
20.5	8
21	8.5
20.5	8.5
20.5	9
21	9.5
20.5	9.5
20.5	10
21	10.5
20.5	10.5
20.5	11
21	11.5
20.5	11.5
20.5	12
21	12.5
20.5	12.5
20.5	13
21	13.5
20.5	13.5
20.5	14
21	14.5
20.5	14.5
20.5	15
21	15.5
20.5	15.5
20.5	16
21	16.5
20.5	16.5
20.5	17
21	17.5
20.5	17.5
20.5	18
21	18.5
20.5	18.5
20.5	19
21	19.5
20.5	19.5
20.5	20
21	20.5
20.5	20.5
20.5	21
21	21.5
20.5	21.5
20.5	22
21	22.5
20.5	22.5
20.5	23
21	23.5
20.5	23.5
20.5	24
21	24.5
20.5	24.5
20.5	25
21	25.5
20.5	25.5
20.5	26
21	26.5
20.5	26.5
20.5	27
21	27.5
20.5	27.5
20.5	28
21	28.5
20.5	28.5
20.5	29
21	29.5
20.5	29.5
20.5	30
21	30.5
20.5	30.5
20.5	31
21	31.5
20.5	31.5
22	0.5
21.5	0.5
21.5	1
22	1.5
21.5	1.5
21.5	2
22	2.5
21.5	2.5
21.5	3
22	3.5
21.5	3.5
21.5	4
22	4.5
21.5	4.5
21.5	5
22	5.5
21.5	5.5
21.5	6
22	6.5
21.5	6.5
21.5	7
22	7.5
21.5	7.5
21.5	8
22	8.5
21.5	8.5
21.5	9
22	9.5
21.5	9.5
21.5	10
22	10.5
21.5	10.5
21.5	11
22	11.5
21.5	11.5
21.5	12
22	12.5
21.5	12.5
21.5	13
22	13.5
21.5	13.5
21.5	14
22	14.5
21.5	14.5
21.5	15
22	15.5
21.5	15.5
21.5	16
22	16.5
21.5	16.5
21.5	17
22	17.5
21.5	17.5
21.5	18
22	18.5
21.5	18.5
21.5	19
22	19.5
21.5	19.5
21.5	20
22	20.5
21.5	20.5
21.5	21
22	21.5
21.5	21.5
21.5	22
22	22.5
21.5	22.5
21.5	23
22	23.5
21.5	23.5
21.5	24
22	24.5
21.5	24.5
21.5	25
22	25.5
21.5	25.5
21.5	26
22	26.5
21.5	26.5
21.5	27
22	27.5
21.5	27.5
21.5	28
22	28.5
21.5	28.5
21.5	29
22	29.5
21.5	29.5
21.5	30
22	30.5
21.5	30.5
21.5	31
22	31.5
21.5	31.5
23	0.5
22.5	0.5
22.5	1
23	1.5
22.5	1.5
22.5	2
23	2.5
22.5	2.5
22.5	3
23	3.5
22.5	3.5
22.5	4
23	4.5
22.5	4.5
22.5	5
23	5.5
22.5	5.5
22.5	6
23	6.5
22.5	6.5
22.5	7
23	7.5
22.5	7.5
22.5	8
23	8.5
22.5	8.5
22.5	9
23	9.5
22.5	9.5
22.5	10
23	10.5
22.5	10.5
22.5	11
23	11.5
22.5	11.5
22.5	12
23	12.5
22.5	12.5
22.5	13
23	13.5
22.5	13.5
22.5	14
23	14.5
22.5	14.5
22.5	15
23	15.5
22.5	15.5
22.5	16
23	16.5
22.5	16.5
22.5	17
23	17.5
22.5	17.5
22.5	18
23	18.5
22.5	18.5
22.5	19
23	19.5
22.5	19.5
22.5	20
23	20.5
22.5	20.5
22.5	21
23	21.5
22.5	21.5
22.5	22
23	22.5
22.5	22.5
22.5	23
23	23.5
22.5	23.5
22.5	24
23	24.5
22.5	24.5
22.5	25
23	25.5
22.5	25.5
22.5	26
23	26.5
22.5	26.5
22.5	27
23	27.5
22.5	27.5
22.5	28
23	28.5
22.5	28.5
22.5	29
23	29.5
22.5	29.5
22.5	30
23	30.5
22.5	30.5
22.5	31
23	31.5
22.5	31.5
24	0.5
23.5	0.5
23.5	1
24	1.5
23.5	1.5
23.5	2
24	2.5
23.5	2.5
23.5	3
24	3.5
23.5	3.5
23.5	4
24	4.5
23.5	4.5
23.5	5
24	5.5
23.5	5.5
23.5	6
24	6.5
23.5	6.5
23.5	7
24	7.5
23.5	7.5
23.5	8
24	8.5
23.5	8.5
23.5	9
24	9.5
23.5	9.5
23.5	10
24	10.5
23.5	10.5
23.5	11
24	11.5
23.5	11.5
23.5	12
24	12.5
23.5	12.5
23.5	13
24	13.5
23.5	13.5
23.5	14
24	14.5
23.5	14.5
23.5	15
24	15.5
23.5	15.5
23.5	16
24	16.5
23.5	16.5
23.5	17
24	17.5
23.5	17.5
23.5	18
24	18.5
23.5	18.5
23.5	19
24	19.5
23.5	19.5
23.5	20
24	20.5
23.5	20.5
23.5	21
24	21.5
23.5	21.5
23.5	22
24	22.5
23.5	22.5
23.5	23
24	23.5
23.5	23.5
23.5	24
24	24.5
23.5	24.5
23.5	25
24	25.5
23.5	25.5
23.5	26
24	26.5
23.5	26.5
23.5	27
24	27.5
23.5	27.5
23.5	28
24	28.5
23.5	28.5
23.5	29
24	29.5
23.5	29.5
23.5	30
24	30.5
23.5	30.5
23.5	31
24	31.5
23.5	31.5
25	0.5
24.5	0.5
24.5	1
25	1.5
24.5	1.5
24.5	2
25	2.5
24.5	2.5
24.5	3
25	3.5
24.5	3.5
24.5	4
25	4.5
24.5	4.5
24.5	5
25	5.5
24.5	5.5
24.5	6
25	6.5
24.5	6.5
24.5	7
25	7.5
24.5	7.5
24.5	8
25	8.5
24.5	8.5
24.5	9
25	9.5
24.5	9.5
24.5	10
25	10.5
24.5	10.5
24.5	11
25	11.5
24.5	11.5
24.5	12
25	12.5
24.5	12.5
24.5	13
25	13.5
24.5	13.5
24.5	14
25	14.5
24.5	14.5
24.5	15
25	15.5
24.5	15.5
24.5	16
25	16.5
24.5	16.5
24.5	17
25	17.5
24.5	17.5
24.5	18
25	18.5
24.5	18.5
24.5	19
25	19.5
24.5	19.5
24.5	20
25	20.5
24.5	20.5
24.5	21
25	21.5
24.5	21.5
24.5	22
25	22.5
24.5	22.5
24.5	23
25	23.5
24.5	23.5
24.5	24
25	24.5
24.5	24.5
24.5	25
25	25.5
24.5	25.5
24.5	26
25	26.5
24.5	26.5
24.5	27
25	27.5
24.5	27.5
24.5	28
25	28.5
24.5	28.5
24.5	29
25	29.5
24.5	29.5
24.5	30
25	30.5
24.5	30.5
24.5	31
25	31.5
24.5	31.5
26	0.5
25.5	0.5
25.5	1
26	1.5
25.5	1.5
25.5	2
26	2.5
25.5	2.5
25.5	3
26	3.5
25.5	3.5
25.5	4
26	4.5
25.5	4.5
25.5	5
26	5.5
25.5	5.5
25.5	6
26	6.5
25.5	6.5
25.5	7
26	7.5
25.5	7.5
25.5	8
26	8.5
25.5	8.5
25.5	9
26	9.5
25.5	9.5
25.5	10
26	10.5
25.5	10.5
25.5	11
26	11.5
25.5	11.5
25.5	12
26	12.5
25.5	12.5
25.5	13
26	13.5
25.5	13.5
25.5	14
26	14.5
25.5	14.5
25.5	15
26	15.5
25.5	15.5
25.5	16
26	16.5
25.5	16.5
25.5	17
26	17.5
25.5	17.5
25.5	18
26	18.5
25.5	18.5
25.5	19
26	19.5
25.5	19.5
25.5	20
26	20.5
25.5	20.5
25.5	21
26	21.5
25.5	21.5
25.5	22
26	22.5
25.5	22.5
25.5	23
26	23.5
25.5	23.5
25.5	24
26	24.5
25.5	24.5
25.5	25
26	25.5
25.5	25.5
25.5	26
26	26.5
25.5	26.5
25.5	27
26	27.5
25.5	27.5
25.5	28
26	28.5
25.5	28.5
25.5	29
26	29.5
25.5	29.5
25.5	30
26	30.5
25.5	30.5
25.5	31
26	31.5
25.5	31.5
27	0.5
26.5	0.5
26.5	1
27	1.5
26.5	1.5
26.5	2
27	2.5
26.5	2.5
26.5	3
27	3.5
26.5	3.5
26.5	4
27	4.5
26.5	4.5
26.5	5
27	5.5
26.5	5.5
26.5	6
27	6.5
26.5	6.5
26.5	7
27	7.5
26.5	7.5
26.5	8
27	8.5
26.5	8.5
26.5	9
27	9.5
26.5	9.5
26.5	10
27	10.5
26.5	10.5
26.5	11
27	11.5
26.5	11.5
26.5	12
27	12.5
26.5	12.5
26.5	13
27	13.5
26.5	13.5
26.5	14
27	14.5
26.5	14.5
26.5	15
27	15.5
26.5	15.5
26.5	16
27	16.5
26.5	16.5
26.5	17
27	17.5
26.5	17.5
26.5	18
27	18.5
26.5	18.5
26.5	19
27	19.5
26.5	19.5
26.5	20
27	20.5
26.5	20.5
26.5	21
27	21.5
26.5	21.5
26.5	22
27	22.5
26.5	22.5
26.5	23
27	23.5
26.5	23.5
26.5	24
27	24.5
26.5	24.5
26.5	25
27	25.5
26.5	25.5
26.5	26
27	26.5
26.5	26.5
26.5	27
27	27.5
26.5	27.5
26.5	28
27	28.5
26.5	28.5
26.5	29
27	29.5
26.5	29.5
26.5	30
27	30.5
26.5	30.5
26.5	31
27	31.5
26.5	31.5
28	0.5
27.5	0.5
27.5	1
28	1.5
27.5	1.5
27.5	2
28	2.5
27.5	2.5
27.5	3
28	3.5
27.5	3.5
27.5	4
28	4.5
27.5	4.5
27.5	5
28	5.5
27.5	5.5
27.5	6
28	6.5
27.5	6.5
27.5	7
28	7.5
27.5	7.5
27.5	8
28	8.5
27.5	8.5
27.5	9
28	9.5
27.5	9.5
27.5	10
28	10.5
27.5	10.5
27.5	11
28	11.5
27.5	11.5
27.5	12
28	12.5
27.5	12.5
27.5	13
28	13.5
27.5	13.5
27.5	14
28	14.5
27.5	14.5
27.5	15
28	15.5
27.5	15.5
27.5	16
28	16.5
27.5	16.5
27.5	17
28	17.5
27.5	17.5
27.5	18
28	18.5
27.5	18.5
27.5	19
28	19.5
27.5	19.5
27.5	20
28	20.5
27.5	20.5
27.5	21
28	21.5
27.5	21.5
27.5	22
28	22.5
27.5	22.5
27.5	23
28	23.5
27.5	23.5
27.5	24
28	24.5
27.5	24.5
27.5	25
28	25.5
27.5	25.5
27.5	26
28	26.5
27.5	26.5
27.5	27
28	27.5
27.5	27.5
27.5	28
28	28.5
27.5	28.5
27.5	29
28	29.5
27.5	29.5
27.5	30
28	30.5
27.5	30.5
27.5	31
28	31.5
27.5	31.5
29	0.5
28.5	0.5
28.5	1
29	1.5
28.5	1.5
28.5	2
29	2.5
28.5	2.5
28.5	3
29	3.5
28.5	3.5
28.5	4
29	4.5
28.5	4.5
28.5	5
29	5.5
28.5	5.5
28.5	6
29	6.5
28.5	6.5
28.5	7
29	7.5
28.5	7.5
28.5	8
29	8.5
28.5	8.5
28.5	9
29	9.5
28.5	9.5
28.5	10
29	10.5
28.5	10.5
28.5	11
29	11.5
28.5	11.5
28.5	12
29	12.5
28.5	12.5
28.5	13
29	13.5
28.5	13.5
28.5	14
29	14.5
28.5	14.5
28.5	15
29	15.5
28.5	15.5
28.5	16
29	16.5
28.5	16.5
28.5	17
29	17.5
28.5	17.5
28.5	18
29	18.5
28.5	18.5
28.5	19
29	19.5
28.5	19.5
28.5	20
29	20.5
28.5	20.5
28.5	21
29	21.5
28.5	21.5
28.5	22
29	22.5
28.5	22.5
28.5	23
29	23.5
28.5	23.5
28.5	24
29	24.5
28.5	24.5
28.5	25
29	25.5
28.5	25.5
28.5	26
29	26.5
28.5	26.5
28.5	27
29	27.5
28.5	27.5
28.5	28
29	28.5
28.5	28.5
28.5	29
29	29.5
28.5	29.5
28.5	30
29	30.5
28.5	30.5
28.5	31
29	31.5
28.5	31.5
30	0.5
29.5	0.5
29.5	1
30	1.5
29.5	1.5
29.5	2
30	2.5
29.5	2.5
29.5	3
30	3.5
29.5	3.5
29.5	4
30	4.5
29.5	4.5
29.5	5
30	5.5
29.5	5.5
29.5	6
30	6.5
29.5	6.5
29.5	7
30	7.5
29.5	7.5
29.5	8
30	8.5
29.5	8.5
29.5	9
30	9.5
29.5	9.5
29.5	10
30	10.5
29.5	10.5
29.5	11
30	11.5
29.5	11.5
29.5	12
30	12.5
29.5	12.5
29.5	13
30	13.5
29.5	13.5
29.5	14
30	14.5
29.5	14.5
29.5	15
30	15.5
29.5	15.5
29.5	16
30	16.5
29.5	16.5
29.5	17
30	17.5
29.5	17.5
29.5	18
30	18.5
29.5	18.5
29.5	19
30	19.5
29.5	19.5
29.5	20
30	20.5
29.5	20.5
29.5	21
30	21.5
29.5	21.5
29.5	22
30	22.5
29.5	22.5
29.5	23
30	23.5
29.5	23.5
29.5	24
30	24.5
29.5	24.5
29.5	25
30	25.5
29.5	25.5
29.5	26
30	26.5
29.5	26.5
29.5	27
30	27.5
29.5	27.5
29.5	28
30	28.5
29.5	28.5
29.5	29
30	29.5
29.5	29.5
29.5	30
30	30.5
29.5	30.5
29.5	31
30	31.5
29.5	31.5
31	0.5
30.5	0.5
30.5	1
31	1.5
30.5	1.5
30.5	2
31	2.5
30.5	2.5
30.5	3
31	3.5
30.5	3.5
30.5	4
31	4.5
30.5	4.5
30.5	5
31	5.5
30.5	5.5
30.5	6
31	6.5
30.5	6.5
30.5	7
31	7.5
30.5	7.5
30.5	8
31	8.5
30.5	8.5
30.5	9
31	9.5
30.5	9.5
30.5	10
31	10.5
30.5	10.5
30.5	11
31	11.5
30.5	11.5
30.5	12
31	12.5
30.5	12.5
30.5	13
31	13.5
30.5	13.5
30.5	14
31	14.5
30.5	14.5
30.5	15
31	15.5
30.5	15.5
30.5	16
31	16.5
30.5	16.5
30.5	17
31	17.5
30.5	17.5
30.5	18
31	18.5
30.5	18.5
30.5	19
31	19.5
30.5	19.5
30.5	20
31	20.5
30.5	20.5
30.5	21
31	21.5
30.5	21.5
30.5	22
31	22.5
30.5	22.5
30.5	23
31	23.5
30.5	23.5
30.5	24
31	24.5
30.5	24.5
30.5	25
31	25.5
30.5	25.5
30.5	26
31	26.5
30.5	26.5
30.5	27
31	27.5
30.5	27.5
30.5	28
31	28.5
30.5	28.5
30.5	29
31	29.5
30.5	29.5
30.5	30
31	30.5
30.5	30.5
30.5	31
31	31.5
30.5	31.5
32	0.5
31.5	0.5
31.5	1
32	1.5
31.5	1.5
31.5	2
32	2.5
31.5	2.5
31.5	3
32	3.5
31.5	3.5
31.5	4
32	4.5
31.5	4.5
31.5	5
32	5.5
31.5	5.5
31.5	6
32	6.5
31.5	6.5
31.5	7
32	7.5
31.5	7.5
31.5	8
32	8.5
31.5	8.5
31.5	9
32	9.5
31.5	9.5
31.5	10
32	10.5
31.5	10.5
31.5	11
32	11.5
31.5	11.5
31.5	12
32	12.5
31.5	12.5
31.5	13
32	13.5
31.5	13.5
31.5	14
32	14.5
31.5	14.5
31.5	15
32	15.5
31.5	15.5
31.5	16
32	16.5
31.5	16.5
31.5	17
32	17.5
31.5	17.5
31.5	18
32	18.5
31.5	18.5
31.5	19
32	19.5
31.5	19.5
31.5	20
32	20.5
31.5	20.5
31.5	21
32	21.5
31.5	21.5
31.5	22
32	22.5
31.5	22.5
31.5	23
32	23.5
31.5	23.5
31.5	24
32	24.5
31.5	24.5
31.5	25
32	25.5
31.5	25.5
31.5	26
32	26.5
31.5	26.5
31.5	27
32	27.5
31.5	27.5
31.5	28
32	28.5
31.5	28.5
31.5	29
32	29.5
31.5	29.5
31.5	30
32	30.5
31.5	30.5
31.5	31
32	31.5
31.5	31.5
33	0.5
32.5	0.5
32.5	1
33	1.5
32.5	1.5
32.5	2
33	2.5
32.5	2.5
32.5	3
33	3.5
32.5	3.5
32.5	4
33	4.5
32.5	4.5
32.5	5
33	5.5
32.5	5.5
32.5	6
33	6.5
32.5	6.5
32.5	7
33	7.5
32.5	7.5
32.5	8
33	8.5
32.5	8.5
32.5	9
33	9.5
32.5	9.5
32.5	10
33	10.5
32.5	10.5
32.5	11
33	11.5
32.5	11.5
32.5	12
33	12.5
32.5	12.5
32.5	13
33	13.5
32.5	13.5
32.5	14
33	14.5
32.5	14.5
32.5	15
33	15.5
32.5	15.5
32.5	16
33	16.5
32.5	16.5
32.5	17
33	17.5
32.5	17.5
32.5	18
33	18.5
32.5	18.5
32.5	19
33	19.5
32.5	19.5
32.5	20
33	20.5
32.5	20.5
32.5	21
33	21.5
32.5	21.5
32.5	22
33	22.5
32.5	22.5
32.5	23
33	23.5
32.5	23.5
32.5	24
33	24.5
32.5	24.5
32.5	25
33	25.5
32.5	25.5
32.5	26
33	26.5
32.5	26.5
32.5	27
33	27.5
32.5	27.5
32.5	28
33	28.5
32.5	28.5
32.5	29
33	29.5
32.5	29.5
32.5	30
33	30.5
32.5	30.5
32.5	31
33	31.5
32.5	31.5
34	0.5
33.5	0.5
33.5	1
34	1.5
33.5	1.5
33.5	2
34	2.5
33.5	2.5
33.5	3
34	3.5
33.5	3.5
33.5	4
34	4.5
33.5	4.5
33.5	5
34	5.5
33.5	5.5
33.5	6
34	6.5
33.5	6.5
33.5	7
34	7.5
33.5	7.5
33.5	8
34	8.5
33.5	8.5
33.5	9
34	9.5
33.5	9.5
33.5	10
34	10.5
33.5	10.5
33.5	11
34	11.5
33.5	11.5
33.5	12
34	12.5
33.5	12.5
33.5	13
34	13.5
33.5	13.5
33.5	14
34	14.5
33.5	14.5
33.5	15
34	15.5
33.5	15.5
33.5	16
34	16.5
33.5	16.5
33.5	17
34	17.5
33.5	17.5
33.5	18
34	18.5
33.5	18.5
33.5	19
34	19.5
33.5	19.5
33.5	20
34	20.5
33.5	20.5
33.5	21
34	21.5
33.5	21.5
33.5	22
34	22.5
33.5	22.5
33.5	23
34	23.5
33.5	23.5
33.5	24
34	24.5
33.5	24.5
33.5	25
34	25.5
33.5	25.5
33.5	26
34	26.5
33.5	26.5
33.5	27
34	27.5
33.5	27.5
33.5	28
34	28.5
33.5	28.5
33.5	29
34	29.5
33.5	29.5
33.5	30
34	30.5
33.5	30.5
33.5	31
34	31.5
33.5	31.5
35.00000000000001	0.5
34.50000000000001	0.5
34.50000000000001	1
35.00000000000001	1.5
34.50000000000001	1.5
34.50000000000001	2
35.00000000000001	2.5
34.50000000000001	2.5
34.50000000000001	3
35.00000000000001	3.5
34.50000000000001	3.5
34.50000000000001	4
35.00000000000001	4.5
34.50000000000001	4.5
34.50000000000001	5
35.00000000000001	5.5
34.50000000000001	5.5
34.50000000000001	6
35.00000000000001	6.5
34.50000000000001	6.5
34.50000000000001	7
35.00000000000001	7.5
34.50000000000001	7.5
34.50000000000001	8
35.00000000000001	8.5
34.50000000000001	8.5
34.50000000000001	9
35.00000000000001	9.5
34.50000000000001	9.5
34.50000000000001	10
35.00000000000001	10.5
34.50000000000001	10.5
34.50000000000001	11
35.00000000000001	11.5
34.50000000000001	11.5
34.50000000000001	12
35.00000000000001	12.5
34.50000000000001	12.5
34.50000000000001	13
35.00000000000001	13.5
34.50000000000001	13.5
34.50000000000001	14
35.00000000000001	14.5
34.50000000000001	14.5
34.50000000000001	15
35.00000000000001	15.5
34.50000000000001	15.5
34.50000000000001	16
35.00000000000001	16.5
34.50000000000001	16.5
34.50000000000001	17
35.00000000000001	17.5
34.50000000000001	17.5
34.50000000000001	18
35.00000000000001	18.5
34.50000000000001	18.5
34.50000000000001	19
35.00000000000001	19.5
34.50000000000001	19.5
34.50000000000001	20
35.00000000000001	20.5
34.50000000000001	20.5
34.50000000000001	21
35.00000000000001	21.5
34.50000000000001	21.5
34.50000000000001	22
35.00000000000001	22.5
34.50000000000001	22.5
34.50000000000001	23
35.00000000000001	23.5
34.50000000000001	23.5
34.50000000000001	24
35.00000000000001	24.5
34.50000000000001	24.5
34.50000000000001	25
35.00000000000001	25.5
34.50000000000001	25.5
34.50000000000001	26
35.00000000000001	26.5
34.50000000000001	26.5
34.50000000000001	27
35.00000000000001	27.5
34.50000000000001	27.5
34.50000000000001	28
35.00000000000001	28.5
34.50000000000001	28.5
34.50000000000001	29
35.00000000000001	29.5
34.50000000000001	29.5
34.50000000000001	30
35.00000000000001	30.5
34.50000000000001	30.5
34.50000000000001	31
35.00000000000001	31.5
34.50000000000001	31.5
36	0.5
35.50000000000001	0.5
35.50000000000001	1
36	1.5
35.50000000000001	1.5
35.50000000000001	2
36	2.5
35.50000000000001	2.5
35.50000000000001	3
36	3.5
35.50000000000001	3.5
35.50000000000001	4
36	4.5
35.50000000000001	4.5
35.50000000000001	5
36	5.5
35.50000000000001	5.5
35.50000000000001	6
36	6.5
35.50000000000001	6.5
35.50000000000001	7
36	7.5
35.50000000000001	7.5
35.50000000000001	8
36	8.5
35.50000000000001	8.5
35.50000000000001	9
36	9.5
35.50000000000001	9.5
35.50000000000001	10
36	10.5
35.50000000000001	10.5
35.50000000000001	11
36	11.5
35.50000000000001	11.5
35.50000000000001	12
36	12.5
35.50000000000001	12.5
35.50000000000001	13
36	13.5
35.50000000000001	13.5
35.50000000000001	14
36	14.5
35.50000000000001	14.5
35.50000000000001	15
36	15.5
35.50000000000001	15.5
35.50000000000001	16
36	16.5
35.50000000000001	16.5
35.50000000000001	17
36	17.5
35.50000000000001	17.5
35.50000000000001	18
36	18.5
35.50000000000001	18.5
35.50000000000001	19
36	19.5
35.50000000000001	19.5
35.50000000000001	20
36	20.5
35.50000000000001	20.5
35.50000000000001	21
36	21.5
35.50000000000001	21.5
35.50000000000001	22
36	22.5
35.50000000000001	22.5
35.50000000000001	23
36	23.5
35.50000000000001	23.5
35.50000000000001	24
36	24.5
35.50000000000001	24.5
35.50000000000001	25
36	25.5
35.50000000000001	25.5
35.50000000000001	26
36	26.5
35.50000000000001	26.5
35.50000000000001	27
36	27.5
35.50000000000001	27.5
35.50000000000001	28
36	28.5
35.50000000000001	28.5
35.50000000000001	29
36	29.5
35.50000000000001	29.5
35.50000000000001	30
36	30.5
35.50000000000001	30.5
35.50000000000001	31
36	31.5
35.50000000000001	31.5
37	0.5
36.5	0.5
36.5	1
37	1.5
36.5	1.5
36.5	2
37	2.5
36.5	2.5
36.5	3
37	3.5
36.5	3.5
36.5	4
37	4.5
36.5	4.5
36.5	5
37	5.5
36.5	5.5
36.5	6
37	6.5
36.5	6.5
36.5	7
37	7.5
36.5	7.5
36.5	8
37	8.5
36.5	8.5
36.5	9
37	9.5
36.5	9.5
36.5	10
37	10.5
36.5	10.5
36.5	11
37	11.5
36.5	11.5
36.5	12
37	12.5
36.5	12.5
36.5	13
37	13.5
36.5	13.5
36.5	14
37	14.5
36.5	14.5
36.5	15
37	15.5
36.5	15.5
36.5	16
37	16.5
36.5	16.5
36.5	17
37	17.5
36.5	17.5
36.5	18
37	18.5
36.5	18.5
36.5	19
37	19.5
36.5	19.5
36.5	20
37	20.5
36.5	20.5
36.5	21
37	21.5
36.5	21.5
36.5	22
37	22.5
36.5	22.5
36.5	23
37	23.5
36.5	23.5
36.5	24
37	24.5
36.5	24.5
36.5	25
37	25.5
36.5	25.5
36.5	26
37	26.5
36.5	26.5
36.5	27
37	27.5
36.5	27.5
36.5	28
37	28.5
36.5	28.5
36.5	29
37	29.5
36.5	29.5
36.5	30
37	30.5
36.5	30.5
36.5	31
37	31.5
36.5	31.5
38	0.5
37.5	0.5
37.5	1
38	1.5
37.5	1.5
37.5	2
38	2.5
37.5	2.5
37.5	3
38	3.5
37.5	3.5
37.5	4
38	4.5
37.5	4.5
37.5	5
38	5.5
37.5	5.5
37.5	6
38	6.5
37.5	6.5
37.5	7
38	7.5
37.5	7.5
37.5	8
38	8.5
37.5	8.5
37.5	9
38	9.5
37.5	9.5
37.5	10
38	10.5
37.5	10.5
37.5	11
38	11.5
37.5	11.5
37.5	12
38	12.5
37.5	12.5
37.5	13
38	13.5
37.5	13.5
37.5	14
38	14.5
37.5	14.5
37.5	15
38	15.5
37.5	15.5
37.5	16
38	16.5
37.5	16.5
37.5	17
38	17.5
37.5	17.5
37.5	18
38	18.5
37.5	18.5
37.5	19
38	19.5
37.5	19.5
37.5	20
38	20.5
37.5	20.5
37.5	21
38	21.5
37.5	21.5
37.5	22
38	22.5
37.5	22.5
37.5	23
38	23.5
37.5	23.5
37.5	24
38	24.5
37.5	24.5
37.5	25
38	25.5
37.5	25.5
37.5	26
38	26.5
37.5	26.5
37.5	27
38	27.5
37.5	27.5
37.5	28
38	28.5
37.5	28.5
37.5	29
38	29.5
37.5	29.5
37.5	30
38	30.5
37.5	30.5
37.5	31
38	31.5
37.5	31.5
38.99999999999999	0.5
38.49999999999999	0.5
38.49999999999999	1
38.99999999999999	1.5
38.49999999999999	1.5
38.49999999999999	2
38.99999999999999	2.5
38.49999999999999	2.5
38.49999999999999	3
38.99999999999999	3.5
38.49999999999999	3.5
38.49999999999999	4
38.99999999999999	4.5
38.49999999999999	4.5
38.49999999999999	5
38.99999999999999	5.5
38.49999999999999	5.5
38.49999999999999	6
38.99999999999999	6.5
38.49999999999999	6.5
38.49999999999999	7
38.99999999999999	7.5
38.49999999999999	7.5
38.49999999999999	8
38.99999999999999	8.5
38.49999999999999	8.5
38.49999999999999	9
38.99999999999999	9.5
38.49999999999999	9.5
38.49999999999999	10
38.99999999999999	10.5
38.49999999999999	10.5
38.49999999999999	11
38.99999999999999	11.5
38.49999999999999	11.5
38.49999999999999	12
38.99999999999999	12.5
38.49999999999999	12.5
38.49999999999999	13
38.99999999999999	13.5
38.49999999999999	13.5
38.49999999999999	14
38.99999999999999	14.5
38.49999999999999	14.5
38.49999999999999	15
38.99999999999999	15.5
38.49999999999999	15.5
38.49999999999999	16
38.99999999999999	16.5
38.49999999999999	16.5
38.49999999999999	17
38.99999999999999	17.5
38.49999999999999	17.5
38.49999999999999	18
38.99999999999999	18.5
38.49999999999999	18.5
38.49999999999999	19
38.99999999999999	19.5
38.49999999999999	19.5
38.49999999999999	20
38.99999999999999	20.5
38.49999999999999	20.5
38.49999999999999	21
38.99999999999999	21.5
38.49999999999999	21.5
38.49999999999999	22
38.99999999999999	22.5
38.49999999999999	22.5
38.49999999999999	23
38.99999999999999	23.5
38.49999999999999	23.5
38.49999999999999	24
38.99999999999999	24.5
38.49999999999999	24.5
38.49999999999999	25
38.99999999999999	25.5
38.49999999999999	25.5
38.49999999999999	26
38.99999999999999	26.5
38.49999999999999	26.5
38.49999999999999	27
38.99999999999999	27.5
38.49999999999999	27.5
38.49999999999999	28
38.99999999999999	28.5
38.49999999999999	28.5
38.49999999999999	29
38.99999999999999	29.5
38.49999999999999	29.5
38.49999999999999	30
38.99999999999999	30.5
38.49999999999999	30.5
38.49999999999999	31
38.99999999999999	31.5
38.49999999999999	31.5
40	0.5
39.5	0.5
39.5	1
40	1.5
39.5	1.5
39.5	2
40	2.5
39.5	2.5
39.5	3
40	3.5
39.5	3.5
39.5	4
40	4.5
39.5	4.5
39.5	5
40	5.5
39.5	5.5
39.5	6
40	6.5
39.5	6.5
39.5	7
40	7.5
39.5	7.5
39.5	8
40	8.5
39.5	8.5
39.5	9
40	9.5
39.5	9.5
39.5	10
40	10.5
39.5	10.5
39.5	11
40	11.5
39.5	11.5
39.5	12
40	12.5
39.5	12.5
39.5	13
40	13.5
39.5	13.5
39.5	14
40	14.5
39.5	14.5
39.5	15
40	15.5
39.5	15.5
39.5	16
40	16.5
39.5	16.5
39.5	17
40	17.5
39.5	17.5
39.5	18
40	18.5
39.5	18.5
39.5	19
40	19.5
39.5	19.5
39.5	20
40	20.5
39.5	20.5
39.5	21
40	21.5
39.5	21.5
39.5	22
40	22.5
39.5	22.5
39.5	23
40	23.5
39.5	23.5
39.5	24
40	24.5
39.5	24.5
39.5	25
40	25.5
39.5	25.5
39.5	26
40	26.5
39.5	26.5
39.5	27
40	27.5
39.5	27.5
39.5	28
40	28.5
39.5	28.5
39.5	29
40	29.5
39.5	29.5
39.5	30
40	30.5
39.5	30.5
39.5	31
40	31.5
39.5	31.5
41	0.5
40.5	0.5
40.5	1
41	1.5
40.5	1.5
40.5	2
41	2.5
40.5	2.5
40.5	3
41	3.5
40.5	3.5
40.5	4
41	4.5
40.5	4.5
40.5	5
41	5.5
40.5	5.5
40.5	6
41	6.5
40.5	6.5
40.5	7
41	7.5
40.5	7.5
40.5	8
41	8.5
40.5	8.5
40.5	9
41	9.5
40.5	9.5
40.5	10
41	10.5
40.5	10.5
40.5	11
41	11.5
40.5	11.5
40.5	12
41	12.5
40.5	12.5
40.5	13
41	13.5
40.5	13.5
40.5	14
41	14.5
40.5	14.5
40.5	15
41	15.5
40.5	15.5
40.5	16
41	16.5
40.5	16.5
40.5	17
41	17.5
40.5	17.5
40.5	18
41	18.5
40.5	18.5
40.5	19
41	19.5
40.5	19.5
40.5	20
41	20.5
40.5	20.5
40.5	21
41	21.5
40.5	21.5
40.5	22
41	22.5
40.5	22.5
40.5	23
41	23.5
40.5	23.5
40.5	24
41	24.5
40.5	24.5
40.5	25
41	25.5
40.5	25.5
40.5	26
41	26.5
40.5	26.5
40.5	27
41	27.5
40.5	27.5
40.5	28
41	28.5
40.5	28.5
40.5	29
41	29.5
40.5	29.5
40.5	30
41	30.5
40.5	30.5
40.5	31
41	31.5
40.5	31.5
42	0.5
41.5	0.5
41.5	1
42	1.5
41.5	1.5
41.5	2
42	2.5
41.5	2.5
41.5	3
42	3.5
41.5	3.5
41.5	4
42	4.5
41.5	4.5
41.5	5
42	5.5
41.5	5.5
41.5	6
42	6.5
41.5	6.5
41.5	7
42	7.5
41.5	7.5
41.5	8
42	8.5
41.5	8.5
41.5	9
42	9.5
41.5	9.5
41.5	10
42	10.5
41.5	10.5
41.5	11
42	11.5
41.5	11.5
41.5	12
42	12.5
41.5	12.5
41.5	13
42	13.5
41.5	13.5
41.5	14
42	14.5
41.5	14.5
41.5	15
42	15.5
41.5	15.5
41.5	16
42	16.5
41.5	16.5
41.5	17
42	17.5
41.5	17.5
41.5	18
42	18.5
41.5	18.5
41.5	19
42	19.5
41.5	19.5
41.5	20
42	20.5
41.5	20.5
41.5	21
42	21.5
41.5	21.5
41.5	22
42	22.5
41.5	22.5
41.5	23
42	23.5
41.5	23.5
41.5	24
42	24.5
41.5	24.5
41.5	25
42	25.5
41.5	25.5
41.5	26
42	26.5
41.5	26.5
41.5	27
42	27.5
41.5	27.5
41.5	28
42	28.5
41.5	28.5
41.5	29
42	29.5
41.5	29.5
41.5	30
42	30.5
41.5	30.5
41.5	31
42	31.5
41.5	31.5
43	0.5
42.5	0.5
42.5	1
43	1.5
42.5	1.5
42.5	2
43	2.5
42.5	2.5
42.5	3
43	3.5
42.5	3.5
42.5	4
43	4.5
42.5	4.5
42.5	5
43	5.5
42.5	5.5
42.5	6
43	6.5
42.5	6.5
42.5	7
43	7.5
42.5	7.5
42.5	8
43	8.5
42.5	8.5
42.5	9
43	9.5
42.5	9.5
42.5	10
43	10.5
42.5	10.5
42.5	11
43	11.5
42.5	11.5
42.5	12
43	12.5
42.5	12.5
42.5	13
43	13.5
42.5	13.5
42.5	14
43	14.5
42.5	14.5
42.5	15
43	15.5
42.5	15.5
42.5	16
43	16.5
42.5	16.5
42.5	17
43	17.5
42.5	17.5
42.5	18
43	18.5
42.5	18.5
42.5	19
43	19.5
42.5	19.5
42.5	20
43	20.5
42.5	20.5
42.5	21
43	21.5
42.5	21.5
42.5	22
43	22.5
42.5	22.5
42.5	23
43	23.5
42.5	23.5
42.5	24
43	24.5
42.5	24.5
42.5	25
43	25.5
42.5	25.5
42.5	26
43	26.5
42.5	26.5
42.5	27
43	27.5
42.5	27.5
42.5	28
43	28.5
42.5	28.5
42.5	29
43	29.5
42.5	29.5
42.5	30
43	30.5
42.5	30.5
42.5	31
43	31.5
42.5	31.5
44	0.5
43.5	0.5
43.5	1
44	1.5
43.5	1.5
43.5	2
44	2.5
43.5	2.5
43.5	3
44	3.5
43.5	3.5
43.5	4
44	4.5
43.5	4.5
43.5	5
44	5.5
43.5	5.5
43.5	6
44	6.5
43.5	6.5
43.5	7
44	7.5
43.5	7.5
43.5	8
44	8.5
43.5	8.5
43.5	9
44	9.5
43.5	9.5
43.5	10
44	10.5
43.5	10.5
43.5	11
44	11.5
43.5	11.5
43.5	12
44	12.5
43.5	12.5
43.5	13
44	13.5
43.5	13.5
43.5	14
44	14.5
43.5	14.5
43.5	15
44	15.5
43.5	15.5
43.5	16
44	16.5
43.5	16.5
43.5	17
44	17.5
43.5	17.5
43.5	18
44	18.5
43.5	18.5
43.5	19
44	19.5
43.5	19.5
43.5	20
44	20.5
43.5	20.5
43.5	21
44	21.5
43.5	21.5
43.5	22
44	22.5
43.5	22.5
43.5	23
44	23.5
43.5	23.5
43.5	24
44	24.5
43.5	24.5
43.5	25
44	25.5
43.5	25.5
43.5	26
44	26.5
43.5	26.5
43.5	27
44	27.5
43.5	27.5
43.5	28
44	28.5
43.5	28.5
43.5	29
44	29.5
43.5	29.5
43.5	30
44	30.5
43.5	30.5
43.5	31
44	31.5
43.5	31.5
44.99999999999999	0.5
44.5	0.5
44.5	1
44.99999999999999	1.5
44.5	1.5
44.5	2
44.99999999999999	2.5
44.5	2.5
44.5	3
44.99999999999999	3.5
44.5	3.5
44.5	4
44.99999999999999	4.5
44.5	4.5
44.5	5
44.99999999999999	5.5
44.5	5.5
44.5	6
44.99999999999999	6.5
44.5	6.5
44.5	7
44.99999999999999	7.5
44.5	7.5
44.5	8
44.99999999999999	8.5
44.5	8.5
44.5	9
44.99999999999999	9.5
44.5	9.5
44.5	10
44.99999999999999	10.5
44.5	10.5
44.5	11
44.99999999999999	11.5
44.5	11.5
44.5	12
44.99999999999999	12.5
44.5	12.5
44.5	13
44.99999999999999	13.5
44.5	13.5
44.5	14
44.99999999999999	14.5
44.5	14.5
44.5	15
44.99999999999999	15.5
44.5	15.5
44.5	16
44.99999999999999	16.5
44.5	16.5
44.5	17
44.99999999999999	17.5
44.5	17.5
44.5	18
44.99999999999999	18.5
44.5	18.5
44.5	19
44.99999999999999	19.5
44.5	19.5
44.5	20
44.99999999999999	20.5
44.5	20.5
44.5	21
44.99999999999999	21.5
44.5	21.5
44.5	22
44.99999999999999	22.5
44.5	22.5
44.5	23
44.99999999999999	23.5
44.5	23.5
44.5	24
44.99999999999999	24.5
44.5	24.5
44.5	25
44.99999999999999	25.5
44.5	25.5
44.5	26
44.99999999999999	26.5
44.5	26.5
44.5	27
44.99999999999999	27.5
44.5	27.5
44.5	28
44.99999999999999	28.5
44.5	28.5
44.5	29
44.99999999999999	29.5
44.5	29.5
44.5	30
44.99999999999999	30.5
44.5	30.5
44.5	31
44.99999999999999	31.5
44.5	31.5
46.00000000000001	0.5
45.5	0.5
45.5	1
46.00000000000001	1.5
45.5	1.5
45.5	2
46.00000000000001	2.5
45.5	2.5
45.5	3
46.00000000000001	3.5
45.5	3.5
45.5	4
46.00000000000001	4.5
45.5	4.5
45.5	5
46.00000000000001	5.5
45.5	5.5
45.5	6
46.00000000000001	6.5
45.5	6.5
45.5	7
46.00000000000001	7.5
45.5	7.5
45.5	8
46.00000000000001	8.5
45.5	8.5
45.5	9
46.00000000000001	9.5
45.5	9.5
45.5	10
46.00000000000001	10.5
45.5	10.5
45.5	11
46.00000000000001	11.5
45.5	11.5
45.5	12
46.00000000000001	12.5
45.5	12.5
45.5	13
46.00000000000001	13.5
45.5	13.5
45.5	14
46.00000000000001	14.5
45.5	14.5
45.5	15
46.00000000000001	15.5
45.5	15.5
45.5	16
46.00000000000001	16.5
45.5	16.5
45.5	17
46.00000000000001	17.5
45.5	17.5
45.5	18
46.00000000000001	18.5
45.5	18.5
45.5	19
46.00000000000001	19.5
45.5	19.5
45.5	20
46.00000000000001	20.5
45.5	20.5
45.5	21
46.00000000000001	21.5
45.5	21.5
45.5	22
46.00000000000001	22.5
45.5	22.5
45.5	23
46.00000000000001	23.5
45.5	23.5
45.5	24
46.00000000000001	24.5
45.5	24.5
45.5	25
46.00000000000001	25.5
45.5	25.5
45.5	26
46.00000000000001	26.5
45.5	26.5
45.5	27
46.00000000000001	27.5
45.5	27.5
45.5	28
46.00000000000001	28.5
45.5	28.5
45.5	29
46.00000000000001	29.5
45.5	29.5
45.5	30
46.00000000000001	30.5
45.5	30.5
45.5	31
46.00000000000001	31.5
45.5	31.5
47	0.5
46.50000000000001	0.5
46.50000000000001	1
47	1.5
46.50000000000001	1.5
46.50000000000001	2
47	2.5
46.50000000000001	2.5
46.50000000000001	3
47	3.5
46.50000000000001	3.5
46.50000000000001	4
47	4.5
46.50000000000001	4.5
46.50000000000001	5
47	5.5
46.50000000000001	5.5
46.50000000000001	6
47	6.5
46.50000000000001	6.5
46.50000000000001	7
47	7.5
46.50000000000001	7.5
46.50000000000001	8
47	8.5
46.50000000000001	8.5
46.50000000000001	9
47	9.5
46.50000000000001	9.5
46.50000000000001	10
47	10.5
46.50000000000001	10.5
46.50000000000001	11
47	11.5
46.50000000000001	11.5
46.50000000000001	12
47	12.5
46.50000000000001	12.5
46.50000000000001	13
47	13.5
46.50000000000001	13.5
46.50000000000001	14
47	14.5
46.50000000000001	14.5
46.50000000000001	15
47	15.5
46.50000000000001	15.5
46.50000000000001	16
47	16.5
46.50000000000001	16.5
46.50000000000001	17
47	17.5
46.50000000000001	17.5
46.50000000000001	18
47	18.5
46.50000000000001	18.5
46.50000000000001	19
47	19.5
46.50000000000001	19.5
46.50000000000001	20
47	20.5
46.50000000000001	20.5
46.50000000000001	21
47	21.5
46.50000000000001	21.5
46.50000000000001	22
47	22.5
46.50000000000001	22.5
46.50000000000001	23
47	23.5
46.50000000000001	23.5
46.50000000000001	24
47	24.5
46.50000000000001	24.5
46.50000000000001	25
47	25.5
46.50000000000001	25.5
46.50000000000001	26
47	26.5
46.50000000000001	26.5
46.50000000000001	27
47	27.5
46.50000000000001	27.5
46.50000000000001	28
47	28.5
46.50000000000001	28.5
46.50000000000001	29
47	29.5
46.50000000000001	29.5
46.50000000000001	30
47	30.5
46.50000000000001	30.5
46.50000000000001	31
47	31.5
46.50000000000001	31.5
48	0.5
47.5	0.5
47.5	1
48	1.5
47.5	1.5
47.5	2
48	2.5
47.5	2.5
47.5	3
48	3.5
47.5	3.5
47.5	4
48	4.5
47.5	4.5
47.5	5
48	5.5
47.5	5.5
47.5	6
48	6.5
47.5	6.5
47.5	7
48	7.5
47.5	7.5
47.5	8
48	8.5
47.5	8.5
47.5	9
48	9.5
47.5	9.5
47.5	10
48	10.5
47.5	10.5
47.5	11
48	11.5
47.5	11.5
47.5	12
48	12.5
47.5	12.5
47.5	13
48	13.5
47.5	13.5
47.5	14
48	14.5
47.5	14.5
47.5	15
48	15.5
47.5	15.5
47.5	16
48	16.5
47.5	16.5
47.5	17
48	17.5
47.5	17.5
47.5	18
48	18.5
47.5	18.5
47.5	19
48	19.5
47.5	19.5
47.5	20
48	20.5
47.5	20.5
47.5	21
48	21.5
47.5	21.5
47.5	22
48	22.5
47.5	22.5
47.5	23
48	23.5
47.5	23.5
47.5	24
48	24.5
47.5	24.5
47.5	25
48	25.5
47.5	25.5
47.5	26
48	26.5
47.5	26.5
47.5	27
48	27.5
47.5	27.5
47.5	28
48	28.5
47.5	28.5
47.5	29
48	29.5
47.5	29.5
47.5	30
48	30.5
47.5	30.5
47.5	31
48	31.5
47.5	31.5
49	0.5
48.5	0.5
48.5	1
49	1.5
48.5	1.5
48.5	2
49	2.5
48.5	2.5
48.5	3
49	3.5
48.5	3.5
48.5	4
49	4.5
48.5	4.5
48.5	5
49	5.5
48.5	5.5
48.5	6
49	6.5
48.5	6.5
48.5	7
49	7.5
48.5	7.5
48.5	8
49	8.5
48.5	8.5
48.5	9
49	9.5
48.5	9.5
48.5	10
49	10.5
48.5	10.5
48.5	11
49	11.5
48.5	11.5
48.5	12
49	12.5
48.5	12.5
48.5	13
49	13.5
48.5	13.5
48.5	14
49	14.5
48.5	14.5
48.5	15
49	15.5
48.5	15.5
48.5	16
49	16.5
48.5	16.5
48.5	17
49	17.5
48.5	17.5
48.5	18
49	18.5
48.5	18.5
48.5	19
49	19.5
48.5	19.5
48.5	20
49	20.5
48.5	20.5
48.5	21
49	21.5
48.5	21.5
48.5	22
49	22.5
48.5	22.5
48.5	23
49	23.5
48.5	23.5
48.5	24
49	24.5
48.5	24.5
48.5	25
49	25.5
48.5	25.5
48.5	26
49	26.5
48.5	26.5
48.5	27
49	27.5
48.5	27.5
48.5	28
49	28.5
48.5	28.5
48.5	29
49	29.5
48.5	29.5
48.5	30
49	30.5
48.5	30.5
48.5	31
49	31.5
48.5	31.5
50	0.5
49.5	0.5
49.5	1
50	1.5
49.5	1.5
49.5	2
50	2.5
49.5	2.5
49.5	3
50	3.5
49.5	3.5
49.5	4
50	4.5
49.5	4.5
49.5	5
50	5.5
49.5	5.5
49.5	6
50	6.5
49.5	6.5
49.5	7
50	7.5
49.5	7.5
49.5	8
50	8.5
49.5	8.5
49.5	9
50	9.5
49.5	9.5
49.5	10
50	10.5
49.5	10.5
49.5	11
50	11.5
49.5	11.5
49.5	12
50	12.5
49.5	12.5
49.5	13
50	13.5
49.5	13.5
49.5	14
50	14.5
49.5	14.5
49.5	15
50	15.5
49.5	15.5
49.5	16
50	16.5
49.5	16.5
49.5	17
50	17.5
49.5	17.5
49.5	18
50	18.5
49.5	18.5
49.5	19
50	19.5
49.5	19.5
49.5	20
50	20.5
49.5	20.5
49.5	21
50	21.5
49.5	21.5
49.5	22
50	22.5
49.5	22.5
49.5	23
50	23.5
49.5	23.5
49.5	24
50	24.5
49.5	24.5
49.5	25
50	25.5
49.5	25.5
49.5	26
50	26.5
49.5	26.5
49.5	27
50	27.5
49.5	27.5
49.5	28
50	28.5
49.5	28.5
49.5	29
50	29.5
49.5	29.5
49.5	30
50	30.5
49.5	30.5
49.5	31
50	31.5
49.5	31.5
51	0.5
50.5	0.5
50.5	1
51	1.5
50.5	1.5
50.5	2
51	2.5
50.5	2.5
50.5	3
51	3.5
50.5	3.5
50.5	4
51	4.5
50.5	4.5
50.5	5
51	5.5
50.5	5.5
50.5	6
51	6.5
50.5	6.5
50.5	7
51	7.5
50.5	7.5
50.5	8
51	8.5
50.5	8.5
50.5	9
51	9.5
50.5	9.5
50.5	10
51	10.5
50.5	10.5
50.5	11
51	11.5
50.5	11.5
50.5	12
51	12.5
50.5	12.5
50.5	13
51	13.5
50.5	13.5
50.5	14
51	14.5
50.5	14.5
50.5	15
51	15.5
50.5	15.5
50.5	16
51	16.5
50.5	16.5
50.5	17
51	17.5
50.5	17.5
50.5	18
51	18.5
50.5	18.5
50.5	19
51	19.5
50.5	19.5
50.5	20
51	20.5
50.5	20.5
50.5	21
51	21.5
50.5	21.5
50.5	22
51	22.5
50.5	22.5
50.5	23
51	23.5
50.5	23.5
50.5	24
51	24.5
50.5	24.5
50.5	25
51	25.5
50.5	25.5
50.5	26
51	26.5
50.5	26.5
50.5	27
51	27.5
50.5	27.5
50.5	28
51	28.5
50.5	28.5
50.5	29
51	29.5
50.5	29.5
50.5	30
51	30.5
50.5	30.5
50.5	31
51	31.5
50.5	31.5
52	0.5
51.5	0.5
51.5	1
52	1.5
51.5	1.5
51.5	2
52	2.5
51.5	2.5
51.5	3
52	3.5
51.5	3.5
51.5	4
52	4.5
51.5	4.5
51.5	5
52	5.5
51.5	5.5
51.5	6
52	6.5
51.5	6.5
51.5	7
52	7.5
51.5	7.5
51.5	8
52	8.5
51.5	8.5
51.5	9
52	9.5
51.5	9.5
51.5	10
52	10.5
51.5	10.5
51.5	11
52	11.5
51.5	11.5
51.5	12
52	12.5
51.5	12.5
51.5	13
52	13.5
51.5	13.5
51.5	14
52	14.5
51.5	14.5
51.5	15
52	15.5
51.5	15.5
51.5	16
52	16.5
51.5	16.5
51.5	17
52	17.5
51.5	17.5
51.5	18
52	18.5
51.5	18.5
51.5	19
52	19.5
51.5	19.5
51.5	20
52	20.5
51.5	20.5
51.5	21
52	21.5
51.5	21.5
51.5	22
52	22.5
51.5	22.5
51.5	23
52	23.5
51.5	23.5
51.5	24
52	24.5
51.5	24.5
51.5	25
52	25.5
51.5	25.5
51.5	26
52	26.5
51.5	26.5
51.5	27
52	27.5
51.5	27.5
51.5	28
52	28.5
51.5	28.5
51.5	29
52	29.5
51.5	29.5
51.5	30
52	30.5
51.5	30.5
51.5	31
52	31.5
51.5	31.5
53	0.5
52.5	0.5
52.5	1
53	1.5
52.5	1.5
52.5	2
53	2.5
52.5	2.5
52.5	3
53	3.5
52.5	3.5
52.5	4
53	4.5
52.5	4.5
52.5	5
53	5.5
52.5	5.5
52.5	6
53	6.5
52.5	6.5
52.5	7
53	7.5
52.5	7.5
52.5	8
53	8.5
52.5	8.5
52.5	9
53	9.5
52.5	9.5
52.5	10
53	10.5
52.5	10.5
52.5	11
53	11.5
52.5	11.5
52.5	12
53	12.5
52.5	12.5
52.5	13
53	13.5
52.5	13.5
52.5	14
53	14.5
52.5	14.5
52.5	15
53	15.5
52.5	15.5
52.5	16
53	16.5
52.5	16.5
52.5	17
53	17.5
52.5	17.5
52.5	18
53	18.5
52.5	18.5
52.5	19
53	19.5
52.5	19.5
52.5	20
53	20.5
52.5	20.5
52.5	21
53	21.5
52.5	21.5
52.5	22
53	22.5
52.5	22.5
52.5	23
53	23.5
52.5	23.5
52.5	24
53	24.5
52.5	24.5
52.5	25
53	25.5
52.5	25.5
52.5	26
53	26.5
52.5	26.5
52.5	27
53	27.5
52.5	27.5
52.5	28
53	28.5
52.5	28.5
52.5	29
53	29.5
52.5	29.5
52.5	30
53	30.5
52.5	30.5
52.5	31
53	31.5
52.5	31.5
54	0.5
53.5	0.5
53.5	1
54	1.5
53.5	1.5
53.5	2
54	2.5
53.5	2.5
53.5	3
54	3.5
53.5	3.5
53.5	4
54	4.5
53.5	4.5
53.5	5
54	5.5
53.5	5.5
53.5	6
54	6.5
53.5	6.5
53.5	7
54	7.5
53.5	7.5
53.5	8
54	8.5
53.5	8.5
53.5	9
54	9.5
53.5	9.5
53.5	10
54	10.5
53.5	10.5
53.5	11
54	11.5
53.5	11.5
53.5	12
54	12.5
53.5	12.5
53.5	13
54	13.5
53.5	13.5
53.5	14
54	14.5
53.5	14.5
53.5	15
54	15.5
53.5	15.5
53.5	16
54	16.5
53.5	16.5
53.5	17
54	17.5
53.5	17.5
53.5	18
54	18.5
53.5	18.5
53.5	19
54	19.5
53.5	19.5
53.5	20
54	20.5
53.5	20.5
53.5	21
54	21.5
53.5	21.5
53.5	22
54	22.5
53.5	22.5
53.5	23
54	23.5
53.5	23.5
53.5	24
54	24.5
53.5	24.5
53.5	25
54	25.5
53.5	25.5
53.5	26
54	26.5
53.5	26.5
53.5	27
54	27.5
53.5	27.5
53.5	28
54	28.5
53.5	28.5
53.5	29
54	29.5
53.5	29.5
53.5	30
54	30.5
53.5	30.5
53.5	31
54	31.5
53.5	31.5
55	0.5
54.5	0.5
54.5	1
55	1.5
54.5	1.5
54.5	2
55	2.5
54.5	2.5
54.5	3
55	3.5
54.5	3.5
54.5	4
55	4.5
54.5	4.5
54.5	5
55	5.5
54.5	5.5
54.5	6
55	6.5
54.5	6.5
54.5	7
55	7.5
54.5	7.5
54.5	8
55	8.5
54.5	8.5
54.5	9
55	9.5
54.5	9.5
54.5	10
55	10.5
54.5	10.5
54.5	11
55	11.5
54.5	11.5
54.5	12
55	12.5
54.5	12.5
54.5	13
55	13.5
54.5	13.5
54.5	14
55	14.5
54.5	14.5
54.5	15
55	15.5
54.5	15.5
54.5	16
55	16.5
54.5	16.5
54.5	17
55	17.5
54.5	17.5
54.5	18
55	18.5
54.5	18.5
54.5	19
55	19.5
54.5	19.5
54.5	20
55	20.5
54.5	20.5
54.5	21
55	21.5
54.5	21.5
54.5	22
55	22.5
54.5	22.5
54.5	23
55	23.5
54.5	23.5
54.5	24
55	24.5
54.5	24.5
54.5	25
55	25.5
54.5	25.5
54.5	26
55	26.5
54.5	26.5
54.5	27
55	27.5
54.5	27.5
54.5	28
55	28.5
54.5	28.5
54.5	29
55	29.5
54.5	29.5
54.5	30
55	30.5
54.5	30.5
54.5	31
55	31.5
54.5	31.5
55.99999999999999	0.5
55.5	0.5
55.5	1
55.99999999999999	1.5
55.5	1.5
55.5	2
55.99999999999999	2.5
55.5	2.5
55.5	3
55.99999999999999	3.5
55.5	3.5
55.5	4
55.99999999999999	4.5
55.5	4.5
55.5	5
55.99999999999999	5.5
55.5	5.5
55.5	6
55.99999999999999	6.5
55.5	6.5
55.5	7
55.99999999999999	7.5
55.5	7.5
55.5	8
55.99999999999999	8.5
55.5	8.5
55.5	9
55.99999999999999	9.5
55.5	9.5
55.5	10
55.99999999999999	10.5
55.5	10.5
55.5	11
55.99999999999999	11.5
55.5	11.5
55.5	12
55.99999999999999	12.5
55.5	12.5
55.5	13
55.99999999999999	13.5
55.5	13.5
55.5	14
55.99999999999999	14.5
55.5	14.5
55.5	15
55.99999999999999	15.5
55.5	15.5
55.5	16
55.99999999999999	16.5
55.5	16.5
55.5	17
55.99999999999999	17.5
55.5	17.5
55.5	18
55.99999999999999	18.5
55.5	18.5
55.5	19
55.99999999999999	19.5
55.5	19.5
55.5	20
55.99999999999999	20.5
55.5	20.5
55.5	21
55.99999999999999	21.5
55.5	21.5
55.5	22
55.99999999999999	22.5
55.5	22.5
55.5	23
55.99999999999999	23.5
55.5	23.5
55.5	24
55.99999999999999	24.5
55.5	24.5
55.5	25
55.99999999999999	25.5
55.5	25.5
55.5	26
55.99999999999999	26.5
55.5	26.5
55.5	27
55.99999999999999	27.5
55.5	27.5
55.5	28
55.99999999999999	28.5
55.5	28.5
55.5	29
55.99999999999999	29.5
55.5	29.5
55.5	30
55.99999999999999	30.5
55.5	30.5
55.5	31
55.99999999999999	31.5
55.5	31.5
57	0.5
56.5	0.5
56.5	1
57	1.5
56.5	1.5
56.5	2
57	2.5
56.5	2.5
56.5	3
57	3.5
56.5	3.5
56.5	4
57	4.5
56.5	4.5
56.5	5
57	5.5
56.5	5.5
56.5	6
57	6.5
56.5	6.5
56.5	7
57	7.5
56.5	7.5
56.5	8
57	8.5
56.5	8.5
56.5	9
57	9.5
56.5	9.5
56.5	10
57	10.5
56.5	10.5
56.5	11
57	11.5
56.5	11.5
56.5	12
57	12.5
56.5	12.5
56.5	13
57	13.5
56.5	13.5
56.5	14
57	14.5
56.5	14.5
56.5	15
57	15.5
56.5	15.5
56.5	16
57	16.5
56.5	16.5
56.5	17
57	17.5
56.5	17.5
56.5	18
57	18.5
56.5	18.5
56.5	19
57	19.5
56.5	19.5
56.5	20
57	20.5
56.5	20.5
56.5	21
57	21.5
56.5	21.5
56.5	22
57	22.5
56.5	22.5
56.5	23
57	23.5
56.5	23.5
56.5	24
57	24.5
56.5	24.5
56.5	25
57	25.5
56.5	25.5
56.5	26
57	26.5
56.5	26.5
56.5	27
57	27.5
56.5	27.5
56.5	28
57	28.5
56.5	28.5
56.5	29
57	29.5
56.5	29.5
56.5	30
57	30.5
56.5	30.5
56.5	31
57	31.5
56.5	31.5
58	0.5
57.5	0.5
57.5	1
58	1.5
57.5	1.5
57.5	2
58	2.5
57.5	2.5
57.5	3
58	3.5
57.5	3.5
57.5	4
58	4.5
57.5	4.5
57.5	5
58	5.5
57.5	5.5
57.5	6
58	6.5
57.5	6.5
57.5	7
58	7.5
57.5	7.5
57.5	8
58	8.5
57.5	8.5
57.5	9
58	9.5
57.5	9.5
57.5	10
58	10.5
57.5	10.5
57.5	11
58	11.5
57.5	11.5
57.5	12
58	12.5
57.5	12.5
57.5	13
58	13.5
57.5	13.5
57.5	14
58	14.5
57.5	14.5
57.5	15
58	15.5
57.5	15.5
57.5	16
58	16.5
57.5	16.5
57.5	17
58	17.5
57.5	17.5
57.5	18
58	18.5
57.5	18.5
57.5	19
58	19.5
57.5	19.5
57.5	20
58	20.5
57.5	20.5
57.5	21
58	21.5
57.5	21.5
57.5	22
58	22.5
57.5	22.5
57.5	23
58	23.5
57.5	23.5
57.5	24
58	24.5
57.5	24.5
57.5	25
58	25.5
57.5	25.5
57.5	26
58	26.5
57.5	26.5
57.5	27
58	27.5
57.5	27.5
57.5	28
58	28.5
57.5	28.5
57.5	29
58	29.5
57.5	29.5
57.5	30
58	30.5
57.5	30.5
57.5	31
58	31.5
57.5	31.5
59.00000000000001	0.5
58.50000000000001	0.5
58.50000000000001	1
59.00000000000001	1.5
58.50000000000001	1.5
58.50000000000001	2
59.00000000000001	2.5
58.50000000000001	2.5
58.50000000000001	3
59.00000000000001	3.5
58.50000000000001	3.5
58.50000000000001	4
59.00000000000001	4.5
58.50000000000001	4.5
58.50000000000001	5
59.00000000000001	5.5
58.50000000000001	5.5
58.50000000000001	6
59.00000000000001	6.5
58.50000000000001	6.5
58.50000000000001	7
59.00000000000001	7.5
58.50000000000001	7.5
58.50000000000001	8
59.00000000000001	8.5
58.50000000000001	8.5
58.50000000000001	9
59.00000000000001	9.5
58.50000000000001	9.5
58.50000000000001	10
59.00000000000001	10.5
58.50000000000001	10.5
58.50000000000001	11
59.00000000000001	11.5
58.50000000000001	11.5
58.50000000000001	12
59.00000000000001	12.5
58.50000000000001	12.5
58.50000000000001	13
59.00000000000001	13.5
58.50000000000001	13.5
58.50000000000001	14
59.00000000000001	14.5
58.50000000000001	14.5
58.50000000000001	15
59.00000000000001	15.5
58.50000000000001	15.5
58.50000000000001	16
59.00000000000001	16.5
58.50000000000001	16.5
58.50000000000001	17
59.00000000000001	17.5
58.50000000000001	17.5
58.50000000000001	18
59.00000000000001	18.5
58.50000000000001	18.5
58.50000000000001	19
59.00000000000001	19.5
58.50000000000001	19.5
58.50000000000001	20
59.00000000000001	20.5
58.50000000000001	20.5
58.50000000000001	21
59.00000000000001	21.5
58.50000000000001	21.5
58.50000000000001	22
59.00000000000001	22.5
58.50000000000001	22.5
58.50000000000001	23
59.00000000000001	23.5
58.50000000000001	23.5
58.50000000000001	24
59.00000000000001	24.5
58.50000000000001	24.5
58.50000000000001	25
59.00000000000001	25.5
58.50000000000001	25.5
58.50000000000001	26
59.00000000000001	26.5
58.50000000000001	26.5
58.50000000000001	27
59.00000000000001	27.5
58.50000000000001	27.5
58.50000000000001	28
59.00000000000001	28.5
58.50000000000001	28.5
58.50000000000001	29
59.00000000000001	29.5
58.50000000000001	29.5
58.50000000000001	30
59.00000000000001	30.5
58.50000000000001	30.5
58.50000000000001	31
59.00000000000001	31.5
58.50000000000001	31.5
60	0.5
59.50000000000001	0.5
59.50000000000001	1
60	1.5
59.50000000000001	1.5
59.50000000000001	2
60	2.5
59.50000000000001	2.5
59.50000000000001	3
60	3.5
59.50000000000001	3.5
59.50000000000001	4
60	4.5
59.50000000000001	4.5
59.50000000000001	5
60	5.5
59.50000000000001	5.5
59.50000000000001	6
60	6.5
59.50000000000001	6.5
59.50000000000001	7
60	7.5
59.50000000000001	7.5
59.50000000000001	8
60	8.5
59.50000000000001	8.5
59.50000000000001	9
60	9.5
59.50000000000001	9.5
59.50000000000001	10
60	10.5
59.50000000000001	10.5
59.50000000000001	11
60	11.5
59.50000000000001	11.5
59.50000000000001	12
60	12.5
59.50000000000001	12.5
59.50000000000001	13
60	13.5
59.50000000000001	13.5
59.50000000000001	14
60	14.5
59.50000000000001	14.5
59.50000000000001	15
60	15.5
59.50000000000001	15.5
59.50000000000001	16
60	16.5
59.50000000000001	16.5
59.50000000000001	17
60	17.5
59.50000000000001	17.5
59.50000000000001	18
60	18.5
59.50000000000001	18.5
59.50000000000001	19
60	19.5
59.50000000000001	19.5
59.50000000000001	20
60	20.5
59.50000000000001	20.5
59.50000000000001	21
60	21.5
59.50000000000001	21.5
59.50000000000001	22
60	22.5
59.50000000000001	22.5
59.50000000000001	23
60	23.5
59.50000000000001	23.5
59.50000000000001	24
60	24.5
59.50000000000001	24.5
59.50000000000001	25
60	25.5
59.50000000000001	25.5
59.50000000000001	26
60	26.5
59.50000000000001	26.5
59.50000000000001	27
60	27.5
59.50000000000001	27.5
59.50000000000001	28
60	28.5
59.50000000000001	28.5
59.50000000000001	29
60	29.5
59.50000000000001	29.5
59.50000000000001	30
60	30.5
59.50000000000001	30.5
59.50000000000001	31
60	31.5
59.50000000000001	31.5
60.5	0.5
60.5	1
60.5	1.5
60.5	2
60.5	2.5
60.5	3
60.5	3.5
60.5	4
60.5	4.5
60.5	5
60.5	5.5
60.5	6
60.5	6.5
60.5	7
60.5	7.5
60.5	8
60.5	8.5
60.5	9
60.5	9.5
60.5	10
60.5	10.5
60.5	11
60.5	11.5
60.5	12
60.5	12.5
60.5	13
60.5	13.5
60.5	14
60.5	14.5
60.5	15
60.5	15.5
60.5	16
60.5	16.5
60.5	17
60.5	17.5
60.5	18
60.5	18.5
60.5	19
60.5	19.5
60.5	20
60.5	20.5
60.5	21
60.5	21.5
60.5	22
60.5	22.5
60.5	23
60.5	23.5
60.5	24
60.5	24.5
60.5	25
60.5	25.5
60.5	26
60.5	26.5
60.5	27
60.5	27.5
60.5	28
60.5	28.5
60.5	29
60.5	29.5
60.5	30
60.5	30.5
60.5	31
60.5	31.5

--------------------------------------------------------------------------------
ELEMENT CONNECTIVITY
--------------------------------------------------------------------------------
1	5	373	65	2233	2234
1	373	247	2234	2235	278
247	373	374	2235	2236	2237
247	374	248	2237	2238	279
248	374	375	2238	2239	2240
248	375	249	2240	2241	280
249	375	376	2241	2242	2243
249	376	250	2243	2244	281
250	376	377	2244	2245	2246
250	377	251	2246	2247	282
251	377	378	2247	2248	2249
251	378	252	2249	2250	283
252	378	379	2250	2251	2252
252	379	253	2252	2253	284
253	379	380	2253	2254	2255
253	380	254	2255	2256	285
254	380	381	2256	2257	2258
254	381	255	2258	2259	286
255	381	382	2259	2260	2261
255	382	256	2261	2262	287
256	382	383	2262	2263	2264
256	383	257	2264	2265	288
257	383	384	2265	2266	2267
257	384	258	2267	2268	289
258	384	385	2268	2269	2270
258	385	259	2270	2271	290
259	385	386	2271	2272	2273
259	386	260	2273	2274	291
260	386	387	2274	2275	2276
260	387	261	2276	2277	292
261	387	388	2277	2278	2279
261	388	262	2279	2280	293
262	388	389	2280	2281	2282
262	389	263	2282	2283	294
263	389	390	2283	2284	2285
263	390	264	2285	2286	295
264	390	391	2286	2287	2288
264	391	265	2288	2289	296
265	391	392	2289	2290	2291
265	392	266	2291	2292	297
266	392	393	2292	2293	2294
266	393	267	2294	2295	298
267	393	394	2295	2296	2297
267	394	268	2297	2298	299
268	394	395	2298	2299	2300
268	395	269	2300	2301	300
269	395	396	2301	2302	2303
269	396	270	2303	2304	301
270	396	397	2304	2305	2306
270	397	271	2306	2307	302
271	397	398	2307	2308	2309
271	398	272	2309	2310	303
272	398	399	2310	2311	2312
272	399	273	2312	2313	304
273	399	400	2313	2314	2315
273	400	274	2315	2316	305
274	400	401	2316	2317	2318
274	401	275	2318	2319	306
275	401	402	2319	2320	2321
275	402	276	2321	2322	307
276	402	403	2322	2323	2324
276	403	277	2324	2325	308
277	403	126	2325	2326	2327
277	126	3	2327	186	309
5	6	404	66	2328	2329
5	404	373	2329	2330	2233
373	404	405	2330	2331	2332
373	405	374	2332	2333	2236
374	405	406	2333	2334	2335
374	406	375	2335	2336	2239
375	406	407	2336	2337	2338
375	407	376	2338	2339	2242
376	407	408	2339	2340	2341
376	408	377	2341	2342	2245
377	408	409	2342	2343	2344
377	409	378	2344	2345	2248
378	409	410	2345	2346	2347
378	410	379	2347	2348	2251
379	410	411	2348	2349	2350
379	411	380	2350	2351	2254
380	411	412	2351	2352	2353
380	412	381	2353	2354	2257
381	412	413	2354	2355	2356
381	413	382	2356	2357	2260
382	413	414	2357	2358	2359
382	414	383	2359	2360	2263
383	414	415	2360	2361	2362
383	415	384	2362	2363	2266
384	415	416	2363	2364	2365
384	416	385	2365	2366	2269
385	416	417	2366	2367	2368
385	417	386	2368	2369	2272
386	417	418	2369	2370	2371
386	418	387	2371	2372	2275
387	418	419	2372	2373	2374
387	419	388	2374	2375	2278
388	419	420	2375	2376	2377
388	420	389	2377	2378	2281
389	420	421	2378	2379	2380
389	421	390	2380	2381	2284
390	421	422	2381	2382	2383
390	422	391	2383	2384	2287
391	422	423	2384	2385	2386
391	423	392	2386	2387	2290
392	423	424	2387	2388	2389
392	424	393	2389	2390	2293
393	424	425	2390	2391	2392
393	425	394	2392	2393	2296
394	425	426	2393	2394	2395
394	426	395	2395	2396	2299
395	426	427	2396	2397	2398
395	427	396	2398	2399	2302
396	427	428	2399	2400	2401
396	428	397	2401	2402	2305
397	428	429	2402	2403	2404
397	429	398	2404	2405	2308
398	429	430	2405	2406	2407
398	430	399	2407	2408	2311
399	430	431	2408	2409	2410
399	431	400	2410	2411	2314
400	431	432	2411	2412	2413
400	432	401	2413	2414	2317
401	432	433	2414	2415	2416
401	433	402	2416	2417	2320
402	433	434	2417	2418	2419
402	434	403	2419	2420	2323
403	434	127	2420	2421	2422
403	127	126	2422	187	2326
6	7	435	67	2423	2424
6	435	404	2424	2425	2328
404	435	436	2425	2426	2427
404	436	405	2427	2428	2331
405	436	437	2428	2429	2430
405	437	406	2430	2431	2334
406	437	438	2431	2432	2433
406	438	407	2433	2434	2337
407	438	439	2434	2435	2436
407	439	408	2436	2437	2340
408	439	440	2437	2438	2439
408	440	409	2439	2440	2343
409	440	441	2440	2441	2442
409	441	410	2442	2443	2346
410	441	442	2443	2444	2445
410	442	411	2445	2446	2349
411	442	443	2446	2447	2448
411	443	412	2448	2449	2352
412	443	444	2449	2450	2451
412	444	413	2451	2452	2355
413	444	445	2452	2453	2454
413	445	414	2454	2455	2358
414	445	446	2455	2456	2457
414	446	415	2457	2458	2361
415	446	447	2458	2459	2460
415	447	416	2460	2461	2364
416	447	448	2461	2462	2463
416	448	417	2463	2464	2367
417	448	449	2464	2465	2466
417	449	418	2466	2467	2370
418	449	450	2467	2468	2469
418	450	419	2469	2470	2373
419	450	451	2470	2471	2472
419	451	420	2472	2473	2376
420	451	452	2473	2474	2475
420	452	421	2475	2476	2379
421	452	453	2476	2477	2478
421	453	422	2478	2479	2382
422	453	454	2479	2480	2481
422	454	423	2481	2482	2385
423	454	455	2482	2483	2484
423	455	424	2484	2485	2388
424	455	456	2485	2486	2487
424	456	425	2487	2488	2391
425	456	457	2488	2489	2490
425	457	426	2490	2491	2394
426	457	458	2491	2492	2493
426	458	427	2493	2494	2397
427	458	459	2494	2495	2496
427	459	428	2496	2497	2400
428	459	460	2497	2498	2499
428	460	429	2499	2500	2403
429	460	461	2500	2501	2502
429	461	430	2502	2503	2406
430	461	462	2503	2504	2505
430	462	431	2505	2506	2409
431	462	463	2506	2507	2508
431	463	432	2508	2509	2412
432	463	464	2509	2510	2511
432	464	433	2511	2512	2415
433	464	465	2512	2513	2514
433	465	434	2514	2515	2418
434	465	128	2515	2516	2517
434	128	127	2517	188	2421
7	8	466	68	2518	2519
7	466	435	2519	2520	2423
435	466	467	2520	2521	2522
435	467	436	2522	2523	2426
436	467	468	2523	2524	2525
436	468	437	2525	2526	2429
437	468	469	2526	2527	2528
437	469	438	2528	2529	2432
438	469	470	2529	2530	2531
438	470	439	2531	2532	2435
439	470	471	2532	2533	2534
439	471	440	2534	2535	2438
440	471	472	2535	2536	2537
440	472	441	2537	2538	2441
441	472	473	2538	2539	2540
441	473	442	2540	2541	2444
442	473	474	2541	2542	2543
442	474	443	2543	2544	2447
443	474	475	2544	2545	2546
443	475	444	2546	2547	2450
444	475	476	2547	2548	2549
444	476	445	2549	2550	2453
445	476	477	2550	2551	2552
445	477	446	2552	2553	2456
446	477	478	2553	2554	2555
446	478	447	2555	2556	2459
447	478	479	2556	2557	2558
447	479	448	2558	2559	2462
448	479	480	2559	2560	2561
448	480	449	2561	2562	2465
449	480	481	2562	2563	2564
449	481	450	2564	2565	2468
450	481	482	2565	2566	2567
450	482	451	2567	2568	2471
451	482	483	2568	2569	2570
451	483	452	2570	2571	2474
452	483	484	2571	2572	2573
452	484	453	2573	2574	2477
453	484	485	2574	2575	2576
453	485	454	2576	2577	2480
454	485	486	2577	2578	2579
454	486	455	2579	2580	2483
455	486	487	2580	2581	2582
455	487	456	2582	2583	2486
456	487	488	2583	2584	2585
456	488	457	2585	2586	2489
457	488	489	2586	2587	2588
457	489	458	2588	2589	2492
458	489	490	2589	2590	2591
458	490	459	2591	2592	2495
459	490	491	2592	2593	2594
459	491	460	2594	2595	2498
460	491	492	2595	2596	2597
460	492	461	2597	2598	2501
461	492	493	2598	2599	2600
461	493	462	2600	2601	2504
462	493	494	2601	2602	2603
462	494	463	2603	2604	2507
463	494	495	2604	2605	2606
463	495	464	2606	2607	2510
464	495	496	2607	2608	2609
464	496	465	2609	2610	2513
465	496	129	2610	2611	2612
465	129	128	2612	189	2516
8	9	497	69	2613	2614
8	497	466	2614	2615	2518
466	497	498	2615	2616	2617
466	498	467	2617	2618	2521
467	498	499	2618	2619	2620
467	499	468	2620	2621	2524
468	499	500	2621	2622	2623
468	500	469	2623	2624	2527
469	500	501	2624	2625	2626
469	501	470	2626	2627	2530
470	501	502	2627	2628	2629
470	502	471	2629	2630	2533
471	502	503	2630	2631	2632
471	503	472	2632	2633	2536
472	503	504	2633	2634	2635
472	504	473	2635	2636	2539
473	504	505	2636	2637	2638
473	505	474	2638	2639	2542
474	505	506	2639	2640	2641
474	506	475	2641	2642	2545
475	506	507	2642	2643	2644
475	507	476	2644	2645	2548
476	507	508	2645	2646	2647
476	508	477	2647	2648	2551
477	508	509	2648	2649	2650
477	509	478	2650	2651	2554
478	509	510	2651	2652	2653
478	510	479	2653	2654	2557
479	510	511	2654	2655	2656
479	511	480	2656	2657	2560
480	511	512	2657	2658	2659
480	512	481	2659	2660	2563
481	512	513	2660	2661	2662
481	513	482	2662	2663	2566
482	513	514	2663	2664	2665
482	514	483	2665	2666	2569
483	514	515	2666	2667	2668
483	515	484	2668	2669	2572
484	515	516	2669	2670	2671
484	516	485	2671	2672	2575
485	516	517	2672	2673	2674
485	517	486	2674	2675	2578
486	517	518	2675	2676	2677
486	518	487	2677	2678	2581
487	518	519	2678	2679	2680
487	519	488	2680	2681	2584
488	519	520	2681	2682	2683
488	520	489	2683	2684	2587
489	520	521	2684	2685	2686
489	521	490	2686	2687	2590
490	521	522	2687	2688	2689
490	522	491	2689	2690	2593
491	522	523	2690	2691	2692
491	523	492	2692	2693	2596
492	523	524	2693	2694	2695
492	524	493	2695	2696	2599
493	524	525	2696	2697	2698
493	525	494	2698	2699	2602
494	525	526	2699	2700	2701
494	526	495	2701	2702	2605
495	526	527	2702	2703	2704
495	527	496	2704	2705	2608
496	527	130	2705	2706	2707
496	130	129	2707	190	2611
9	10	528	70	2708	2709
9	528	497	2709	2710	2613
497	528	529	2710	2711	2712
497	529	498	2712	2713	2616
498	529	530	2713	2714	2715
498	530	499	2715	2716	2619
499	530	531	2716	2717	2718
499	531	500	2718	2719	2622
500	531	532	2719	2720	2721
500	532	501	2721	2722	2625
501	532	533	2722	2723	2724
501	533	502	2724	2725	2628
502	533	534	2725	2726	2727
502	534	503	2727	2728	2631
503	534	535	2728	2729	2730
503	535	504	2730	2731	2634
504	535	536	2731	2732	2733
504	536	505	2733	2734	2637
505	536	537	2734	2735	2736
505	537	506	2736	2737	2640
506	537	538	2737	2738	2739
506	538	507	2739	2740	2643
507	538	539	2740	2741	2742
507	539	508	2742	2743	2646
508	539	540	2743	2744	2745
508	540	509	2745	2746	2649
509	540	541	2746	2747	2748
509	541	510	2748	2749	2652
510	541	542	2749	2750	2751
510	542	511	2751	2752	2655
511	542	543	2752	2753	2754
511	543	512	2754	2755	2658
512	543	544	2755	2756	2757
512	544	513	2757	2758	2661
513	544	545	2758	2759	2760
513	545	514	2760	2761	2664
514	545	546	2761	2762	2763
514	546	515	2763	2764	2667
515	546	547	2764	2765	2766
515	547	516	2766	2767	2670
516	547	548	2767	2768	2769
516	548	517	2769	2770	2673
517	548	549	2770	2771	2772
517	549	518	2772	2773	2676
518	549	550	2773	2774	2775
518	550	519	2775	2776	2679
519	550	551	2776	2777	2778
519	551	520	2778	2779	2682
520	551	552	2779	2780	2781
520	552	521	2781	2782	2685
521	552	553	2782	2783	2784
521	553	522	2784	2785	2688
522	553	554	2785	2786	2787
522	554	523	2787	2788	2691
523	554	555	2788	2789	2790
523	555	524	2790	2791	2694
524	555	556	2791	2792	2793
524	556	525	2793	2794	2697
525	556	557	2794	2795	2796
525	557	526	2796	2797	2700
526	557	558	2797	2798	2799
526	558	527	2799	2800	2703
527	558	131	2800	2801	2802
527	131	130	2802	191	2706
10	11	559	71	2803	2804
10	559	528	2804	2805	2708
528	559	560	2805	2806	2807
528	560	529	2807	2808	2711
529	560	561	2808	2809	2810
529	561	530	2810	2811	2714
530	561	562	2811	2812	2813
530	562	531	2813	2814	2717
531	562	563	2814	2815	2816
531	563	532	2816	2817	2720
532	563	564	2817	2818	2819
532	564	533	2819	2820	2723
533	564	565	2820	2821	2822
533	565	534	2822	2823	2726
534	565	566	2823	2824	2825
534	566	535	2825	2826	2729
535	566	567	2826	2827	2828
535	567	536	2828	2829	2732
536	567	568	2829	2830	2831
536	568	537	2831	2832	2735
537	568	569	2832	2833	2834
537	569	538	2834	2835	2738
538	569	570	2835	2836	2837
538	570	539	2837	2838	2741
539	570	571	2838	2839	2840
539	571	540	2840	2841	2744
540	571	572	2841	2842	2843
540	572	541	2843	2844	2747
541	572	573	2844	2845	2846
541	573	542	2846	2847	2750
542	573	574	2847	2848	2849
542	574	543	2849	2850	2753
543	574	575	2850	2851	2852
543	575	544	2852	2853	2756
544	575	576	2853	2854	2855
544	576	545	2855	2856	2759
545	576	577	2856	2857	2858
545	577	546	2858	2859	2762
546	577	578	2859	2860	2861
546	578	547	2861	2862	2765
547	578	579	2862	2863	2864
547	579	548	2864	2865	2768
548	579	580	2865	2866	2867
548	580	549	2867	2868	2771
549	580	581	2868	2869	2870
549	581	550	2870	2871	2774
550	581	582	2871	2872	2873
550	582	551	2873	2874	2777
551	582	583	2874	2875	2876
551	583	552	2876	2877	2780
552	583	584	2877	2878	2879
552	584	553	2879	2880	2783
553	584	585	2880	2881	2882
553	585	554	2882	2883	2786
554	585	586	2883	2884	2885
554	586	555	2885	2886	2789
555	586	587	2886	2887	2888
555	587	556	2888	2889	2792
556	587	588	2889	2890	2891
556	588	557	2891	2892	2795
557	588	589	2892	2893	2894
557	589	558	2894	2895	2798
558	589	132	2895	2896	2897
558	132	131	2897	192	2801
11	12	590	72	2898	2899
11	590	559	2899	2900	2803
559	590	591	2900	2901	2902
559	591	560	2902	2903	2806
560	591	592	2903	2904	2905
560	592	561	2905	2906	2809
561	592	593	2906	2907	2908
561	593	562	2908	2909	2812
562	593	594	2909	2910	2911
562	594	563	2911	2912	2815
563	594	595	2912	2913	2914
563	595	564	2914	2915	2818
564	595	596	2915	2916	2917
564	596	565	2917	2918	2821
565	596	597	2918	2919	2920
565	597	566	2920	2921	2824
566	597	598	2921	2922	2923
566	598	567	2923	2924	2827
567	598	599	2924	2925	2926
567	599	568	2926	2927	2830
568	599	600	2927	2928	2929
568	600	569	2929	2930	2833
569	600	601	2930	2931	2932
569	601	570	2932	2933	2836
570	601	602	2933	2934	2935
570	602	571	2935	2936	2839
571	602	603	2936	2937	2938
571	603	572	2938	2939	2842
572	603	604	2939	2940	2941
572	604	573	2941	2942	2845
573	604	605	2942	2943	2944
573	605	574	2944	2945	2848
574	605	606	2945	2946	2947
574	606	575	2947	2948	2851
575	606	607	2948	2949	2950
575	607	576	2950	2951	2854
576	607	608	2951	2952	2953
576	608	577	2953	2954	2857
577	608	609	2954	2955	2956
577	609	578	2956	2957	2860
578	609	610	2957	2958	2959
578	610	579	2959	2960	2863
579	610	611	2960	2961	2962
579	611	580	2962	2963	2866
580	611	612	2963	2964	2965
580	612	581	2965	2966	2869
581	612	613	2966	2967	2968
581	613	582	2968	2969	2872
582	613	614	2969	2970	2971
582	614	583	2971	2972	2875
583	614	615	2972	2973	2974
583	615	584	2974	2975	2878
584	615	616	2975	2976	2977
584	616	585	2977	2978	2881
585	616	617	2978	2979	2980
585	617	586	2980	2981	2884
586	617	618	2981	2982	2983
586	618	587	2983	2984	2887
587	618	619	2984	2985	2986
587	619	588	2986	2987	2890
588	619	620	2987	2988	2989
588	620	589	2989	2990	2893
589	620	133	2990	2991	2992
589	133	132	2992	193	2896
12	13	621	73	2993	2994
12	621	590	2994	2995	2898
590	621	622	2995	2996	2997
590	622	591	2997	2998	2901
591	622	623	2998	2999	3000
591	623	592	3000	3001	2904
592	623	624	3001	3002	3003
592	624	593	3003	3004	2907
593	624	625	3004	3005	3006
593	625	594	3006	3007	2910
594	625	626	3007	3008	3009
594	626	595	3009	3010	2913
595	626	627	3010	3011	3012
595	627	596	3012	3013	2916
596	627	628	3013	3014	3015
596	628	597	3015	3016	2919
597	628	629	3016	3017	3018
597	629	598	3018	3019	2922
598	629	630	3019	3020	3021
598	630	599	3021	3022	2925
599	630	631	3022	3023	3024
599	631	600	3024	3025	2928
600	631	632	3025	3026	3027
600	632	601	3027	3028	2931
601	632	633	3028	3029	3030
601	633	602	3030	3031	2934
602	633	634	3031	3032	3033
602	634	603	3033	3034	2937
603	634	635	3034	3035	3036
603	635	604	3036	3037	2940
604	635	636	3037	3038	3039
604	636	605	3039	3040	2943
605	636	637	3040	3041	3042
605	637	606	3042	3043	2946
606	637	638	3043	3044	3045
606	638	607	3045	3046	2949
607	638	639	3046	3047	3048
607	639	608	3048	3049	2952
608	639	640	3049	3050	3051
608	640	609	3051	3052	2955
609	640	641	3052	3053	3054
609	641	610	3054	3055	2958
610	641	642	3055	3056	3057
610	642	611	3057	3058	2961
611	642	643	3058	3059	3060
611	643	612	3060	3061	2964
612	643	644	3061	3062	3063
612	644	613	3063	3064	2967
613	644	645	3064	3065	3066
613	645	614	3066	3067	2970
614	645	646	3067	3068	3069
614	646	615	3069	3070	2973
615	646	647	3070	3071	3072
615	647	616	3072	3073	2976
616	647	648	3073	3074	3075
616	648	617	3075	3076	2979
617	648	649	3076	3077	3078
617	649	618	3078	3079	2982
618	649	650	3079	3080	3081
618	650	619	3081	3082	2985
619	650	651	3082	3083	3084
619	651	620	3084	3085	2988
620	651	134	3085	3086	3087
620	134	133	3087	194	2991
13	14	652	74	3088	3089
13	652	621	3089	3090	2993
621	652	653	3090	3091	3092
621	653	622	3092	3093	2996
622	653	654	3093	3094	3095
622	654	623	3095	3096	2999
623	654	655	3096	3097	3098
623	655	624	3098	3099	3002
624	655	656	3099	3100	3101
624	656	625	3101	3102	3005
625	656	657	3102	3103	3104
625	657	626	3104	3105	3008
626	657	658	3105	3106	3107
626	658	627	3107	3108	3011
627	658	659	3108	3109	3110
627	659	628	3110	3111	3014
628	659	660	3111	3112	3113
628	660	629	3113	3114	3017
629	660	661	3114	3115	3116
629	661	630	3116	3117	3020
630	661	662	3117	3118	3119
630	662	631	3119	3120	3023
631	662	663	3120	3121	3122
631	663	632	3122	3123	3026
632	663	664	3123	3124	3125
632	664	633	3125	3126	3029
633	664	665	3126	3127	3128
633	665	634	3128	3129	3032
634	665	666	3129	3130	3131
634	666	635	3131	3132	3035
635	666	667	3132	3133	3134
635	667	636	3134	3135	3038
636	667	668	3135	3136	3137
636	668	637	3137	3138	3041
637	668	669	3138	3139	3140
637	669	638	3140	3141	3044
638	669	670	3141	3142	3143
638	670	639	3143	3144	3047
639	670	671	3144	3145	3146
639	671	640	3146	3147	3050
640	671	672	3147	3148	3149
640	672	641	3149	3150	3053
641	672	673	3150	3151	3152
641	673	642	3152	3153	3056
642	673	674	3153	3154	3155
642	674	643	3155	3156	3059
643	674	675	3156	3157	3158
643	675	644	3158	3159	3062
644	675	676	3159	3160	3161
644	676	645	3161	3162	3065
645	676	677	3162	3163	3164
645	677	646	3164	3165	3068
646	677	678	3165	3166	3167
646	678	647	3167	3168	3071
647	678	679	3168	3169	3170
647	679	648	3170	3171	3074
648	679	680	3171	3172	3173
648	680	649	3173	3174	3077
649	680	681	3174	3175	3176
649	681	650	3176	3177	3080
650	681	682	3177	3178	3179
650	682	651	3179	3180	3083
651	682	135	3180	3181	3182
651	135	134	3182	195	3086
14	15	683	75	3183	3184
14	683	652	3184	3185	3088
652	683	684	3185	3186	3187
652	684	653	3187	3188	3091
653	684	685	3188	3189	3190
653	685	654	3190	3191	3094
654	685	686	3191	3192	3193
654	686	655	3193	3194	3097
655	686	687	3194	3195	3196
655	687	656	3196	3197	3100
656	687	688	3197	3198	3199
656	688	657	3199	3200	3103
657	688	689	3200	3201	3202
657	689	658	3202	3203	3106
658	689	690	3203	3204	3205
658	690	659	3205	3206	3109
659	690	691	3206	3207	3208
659	691	660	3208	3209	3112
660	691	692	3209	3210	3211
660	692	661	3211	3212	3115
661	692	693	3212	3213	3214
661	693	662	3214	3215	3118
662	693	694	3215	3216	3217
662	694	663	3217	3218	3121
663	694	695	3218	3219	3220
663	695	664	3220	3221	3124
664	695	696	3221	3222	3223
664	696	665	3223	3224	3127
665	696	697	3224	3225	3226
665	697	666	3226	3227	3130
666	697	698	3227	3228	3229
666	698	667	3229	3230	3133
667	698	699	3230	3231	3232
667	699	668	3232	3233	3136
668	699	700	3233	3234	3235
668	700	669	3235	3236	3139
669	700	701	3236	3237	3238
669	701	670	3238	3239	3142
670	701	702	3239	3240	3241
670	702	671	3241	3242	3145
671	702	703	3242	3243	3244
671	703	672	3244	3245	3148
672	703	704	3245	3246	3247
672	704	673	3247	3248	3151
673	704	705	3248	3249	3250
673	705	674	3250	3251	3154
674	705	706	3251	3252	3253
674	706	675	3253	3254	3157
675	706	707	3254	3255	3256
675	707	676	3256	3257	3160
676	707	708	3257	3258	3259
676	708	677	3259	3260	3163
677	708	709	3260	3261	3262
677	709	678	3262	3263	3166
678	709	710	3263	3264	3265
678	710	679	3265	3266	3169
679	710	711	3266	3267	3268
679	711	680	3268	3269	3172
680	711	712	3269	3270	3271
680	712	681	3271	3272	3175
681	712	713	3272	3273	3274
681	713	682	3274	3275	3178
682	713	136	3275	3276	3277
682	136	135	3277	196	3181
15	16	714	76	3278	3279
15	714	683	3279	3280	3183
683	714	715	3280	3281	3282
683	715	684	3282	3283	3186
684	715	716	3283	3284	3285
684	716	685	3285	3286	3189
685	716	717	3286	3287	3288
685	717	686	3288	3289	3192
686	717	718	3289	3290	3291
686	718	687	3291	3292	3195
687	718	719	3292	3293	3294
687	719	688	3294	3295	3198
688	719	720	3295	3296	3297
688	720	689	3297	3298	3201
689	720	721	3298	3299	3300
689	721	690	3300	3301	3204
690	721	722	3301	3302	3303
690	722	691	3303	3304	3207
691	722	723	3304	3305	3306
691	723	692	3306	3307	3210
692	723	724	3307	3308	3309
692	724	693	3309	3310	3213
693	724	725	3310	3311	3312
693	725	694	3312	3313	3216
694	725	726	3313	3314	3315
694	726	695	3315	3316	3219
695	726	727	3316	3317	3318
695	727	696	3318	3319	3222
696	727	728	3319	3320	3321
696	728	697	3321	3322	3225
697	728	729	3322	3323	3324
697	729	698	3324	3325	3228
698	729	730	3325	3326	3327
698	730	699	3327	3328	3231
699	730	731	3328	3329	3330
699	731	700	3330	3331	3234
700	731	732	3331	3332	3333
700	732	701	3333	3334	3237
701	732	733	3334	3335	3336
701	733	702	3336	3337	3240
702	733	734	3337	3338	3339
702	734	703	3339	3340	3243
703	734	735	3340	3341	3342
703	735	704	3342	3343	3246
704	735	736	3343	3344	3345
704	736	705	3345	3346	3249
705	736	737	3346	3347	3348
705	737	706	3348	3349	3252
706	737	738	3349	3350	3351
706	738	707	3351	3352	3255
707	738	739	3352	3353	3354
707	739	708	3354	3355	3258
708	739	740	3355	3356	3357
708	740	709	3357	3358	3261
709	740	741	3358	3359	3360
709	741	710	3360	3361	3264
710	741	742	3361	3362	3363
710	742	711	3363	3364	3267
711	742	743	3364	3365	3366
711	743	712	3366	3367	3270
712	743	744	3367	3368	3369
712	744	713	3369	3370	3273
713	744	137	3370	3371	3372
713	137	136	3372	197	3276
16	17	745	77	3373	3374
16	745	714	3374	3375	3278
714	745	746	3375	3376	3377
714	746	715	3377	3378	3281
715	746	747	3378	3379	3380
715	747	716	3380	3381	3284
716	747	748	3381	3382	3383
716	748	717	3383	3384	3287
717	748	749	3384	3385	3386
717	749	718	3386	3387	3290
718	749	750	3387	3388	3389
718	750	719	3389	3390	3293
719	750	751	3390	3391	3392
719	751	720	3392	3393	3296
720	751	752	3393	3394	3395
720	752	721	3395	3396	3299
721	752	753	3396	3397	3398
721	753	722	3398	3399	3302
722	753	754	3399	3400	3401
722	754	723	3401	3402	3305
723	754	755	3402	3403	3404
723	755	724	3404	3405	3308
724	755	756	3405	3406	3407
724	756	725	3407	3408	3311
725	756	757	3408	3409	3410
725	757	726	3410	3411	3314
726	757	758	3411	3412	3413
726	758	727	3413	3414	3317
727	758	759	3414	3415	3416
727	759	728	3416	3417	3320
728	759	760	3417	3418	3419
728	760	729	3419	3420	3323
729	760	761	3420	3421	3422
729	761	730	3422	3423	3326
730	761	762	3423	3424	3425
730	762	731	3425	3426	3329
731	762	763	3426	3427	3428
731	763	732	3428	3429	3332
732	763	764	3429	3430	3431
732	764	733	3431	3432	3335
733	764	765	3432	3433	3434
733	765	734	3434	3435	3338
734	765	766	3435	3436	3437
734	766	735	3437	3438	3341
735	766	767	3438	3439	3440
735	767	736	3440	3441	3344
736	767	768	3441	3442	3443
736	768	737	3443	3444	3347
737	768	769	3444	3445	3446
737	769	738	3446	3447	3350
738	769	770	3447	3448	3449
738	770	739	3449	3450	3353
739	770	771	3450	3451	3452
739	771	740	3452	3453	3356
740	771	772	3453	3454	3455
740	772	741	3455	3456	3359
741	772	773	3456	3457	3458
741	773	742	3458	3459	3362
742	773	774	3459	3460	3461
742	774	743	3461	3462	3365
743	774	775	3462	3463	3464
743	775	744	3464	3465	3368
744	775	138	3465	3466	3467
744	138	137	3467	198	3371
17	18	776	78	3468	3469
17	776	745	3469	3470	3373
745	776	777	3470	3471	3472
745	777	746	3472	3473	3376
746	777	778	3473	3474	3475
746	778	747	3475	3476	3379
747	778	779	3476	3477	3478
747	779	748	3478	3479	3382
748	779	780	3479	3480	3481
748	780	749	3481	3482	3385
749	780	781	3482	3483	3484
749	781	750	3484	3485	3388
750	781	782	3485	3486	3487
750	782	751	3487	3488	3391
751	782	783	3488	3489	3490
751	783	752	3490	3491	3394
752	783	784	3491	3492	3493
752	784	753	3493	3494	3397
753	784	785	3494	3495	3496
753	785	754	3496	3497	3400
754	785	786	3497	3498	3499
754	786	755	3499	3500	3403
755	786	787	3500	3501	3502
755	787	756	3502	3503	3406
756	787	788	3503	3504	3505
756	788	757	3505	3506	3409
757	788	789	3506	3507	3508
757	789	758	3508	3509	3412
758	789	790	3509	3510	3511
758	790	759	3511	3512	3415
759	790	791	3512	3513	3514
759	791	760	3514	3515	3418
760	791	792	3515	3516	3517
760	792	761	3517	3518	3421
761	792	793	3518	3519	3520
761	793	762	3520	3521	3424
762	793	794	3521	3522	3523
762	794	763	3523	3524	3427
763	794	795	3524	3525	3526
763	795	764	3526	3527	3430
764	795	796	3527	3528	3529
764	796	765	3529	3530	3433
765	796	797	3530	3531	3532
765	797	766	3532	3533	3436
766	797	798	3533	3534	3535
766	798	767	3535	3536	3439
767	798	799	3536	3537	3538
767	799	768	3538	3539	3442
768	799	800	3539	3540	3541
768	800	769	3541	3542	3445
769	800	801	3542	3543	3544
769	801	770	3544	3545	3448
770	801	802	3545	3546	3547
770	802	771	3547	3548	3451
771	802	803	3548	3549	3550
771	803	772	3550	3551	3454
772	803	804	3551	3552	3553
772	804	773	3553	3554	3457
773	804	805	3554	3555	3556
773	805	774	3556	3557	3460
774	805	806	3557	3558	3559
774	806	775	3559	3560	3463
775	806	139	3560	3561	3562
775	139	138	3562	199	3466
18	19	807	79	3563	3564
18	807	776	3564	3565	3468
776	807	808	3565	3566	3567
776	808	777	3567	3568	3471
777	808	809	3568	3569	3570
777	809	778	3570	3571	3474
778	809	810	3571	3572	3573
778	810	779	3573	3574	3477
779	810	811	3574	3575	3576
779	811	780	3576	3577	3480
780	811	812	3577	3578	3579
780	812	781	3579	3580	3483
781	812	813	3580	3581	3582
781	813	782	3582	3583	3486
782	813	814	3583	3584	3585
782	814	783	3585	3586	3489
783	814	815	3586	3587	3588
783	815	784	3588	3589	3492
784	815	816	3589	3590	3591
784	816	785	3591	3592	3495
785	816	817	3592	3593	3594
785	817	786	3594	3595	3498
786	817	818	3595	3596	3597
786	818	787	3597	3598	3501
787	818	819	3598	3599	3600
787	819	788	3600	3601	3504
788	819	820	3601	3602	3603
788	820	789	3603	3604	3507
789	820	821	3604	3605	3606
789	821	790	3606	3607	3510
790	821	822	3607	3608	3609
790	822	791	3609	3610	3513
791	822	823	3610	3611	3612
791	823	792	3612	3613	3516
792	823	824	3613	3614	3615
792	824	793	3615	3616	3519
793	824	825	3616	3617	3618
793	825	794	3618	3619	3522
794	825	826	3619	3620	3621
794	826	795	3621	3622	3525
795	826	827	3622	3623	3624
795	827	796	3624	3625	3528
796	827	828	3625	3626	3627
796	828	797	3627	3628	3531
797	828	829	3628	3629	3630
797	829	798	3630	3631	3534
798	829	830	3631	3632	3633
798	830	799	3633	3634	3537
799	830	831	3634	3635	3636
799	831	800	3636	3637	3540
800	831	832	3637	3638	3639
800	832	801	3639	3640	3543
801	832	833	3640	3641	3642
801	833	802	3642	3643	3546
802	833	834	3643	3644	3645
802	834	803	3645	3646	3549
803	834	835	3646	3647	3648
803	835	804	3648	3649	3552
804	835	836	3649	3650	3651
804	836	805	3651	3652	3555
805	836	837	3652	3653	3654
805	837	806	3654	3655	3558
806	837	140	3655	3656	3657
806	140	139	3657	200	3561
19	20	838	80	3658	3659
19	838	807	3659	3660	3563
807	838	839	3660	3661	3662
807	839	808	3662	3663	3566
808	839	840	3663	3664	3665
808	840	809	3665	3666	3569
809	840	841	3666	3667	3668
809	841	810	3668	3669	3572
810	841	842	3669	3670	3671
810	842	811	3671	3672	3575
811	842	843	3672	3673	3674
811	843	812	3674	3675	3578
812	843	844	3675	3676	3677
812	844	813	3677	3678	3581
813	844	845	3678	3679	3680
813	845	814	3680	3681	3584
814	845	846	3681	3682	3683
814	846	815	3683	3684	3587
815	846	847	3684	3685	3686
815	847	816	3686	3687	3590
816	847	848	3687	3688	3689
816	848	817	3689	3690	3593
817	848	849	3690	3691	3692
817	849	818	3692	3693	3596
818	849	850	3693	3694	3695
818	850	819	3695	3696	3599
819	850	851	3696	3697	3698
819	851	820	3698	3699	3602
820	851	852	3699	3700	3701
820	852	821	3701	3702	3605
821	852	853	3702	3703	3704
821	853	822	3704	3705	3608
822	853	854	3705	3706	3707
822	854	823	3707	3708	3611
823	854	855	3708	3709	3710
823	855	824	3710	3711	3614
824	855	856	3711	3712	3713
824	856	825	3713	3714	3617
825	856	857	3714	3715	3716
825	857	826	3716	3717	3620
826	857	858	3717	3718	3719
826	858	827	3719	3720	3623
827	858	859	3720	3721	3722
827	859	828	3722	3723	3626
828	859	860	3723	3724	3725
828	860	829	3725	3726	3629
829	860	861	3726	3727	3728
829	861	830	3728	3729	3632
830	861	862	3729	3730	3731
830	862	831	3731	3732	3635
831	862	863	3732	3733	3734
831	863	832	3734	3735	3638
832	863	864	3735	3736	3737
832	864	833	3737	3738	3641
833	864	865	3738	3739	3740
833	865	834	3740	3741	3644
834	865	866	3741	3742	3743
834	866	835	3743	3744	3647
835	866	867	3744	3745	3746
835	867	836	3746	3747	3650
836	867	868	3747	3748	3749
836	868	837	3749	3750	3653
837	868	141	3750	3751	3752
837	141	140	3752	201	3656
20	21	869	81	3753	3754
20	869	838	3754	3755	3658
838	869	870	3755	3756	3757
838	870	839	3757	3758	3661
839	870	871	3758	3759	3760
839	871	840	3760	3761	3664
840	871	872	3761	3762	3763
840	872	841	3763	3764	3667
841	872	873	3764	3765	3766
841	873	842	3766	3767	3670
842	873	874	3767	3768	3769
842	874	843	3769	3770	3673
843	874	875	3770	3771	3772
843	875	844	3772	3773	3676
844	875	876	3773	3774	3775
844	876	845	3775	3776	3679
845	876	877	3776	3777	3778
845	877	846	3778	3779	3682
846	877	878	3779	3780	3781
846	878	847	3781	3782	3685
847	878	879	3782	3783	3784
847	879	848	3784	3785	3688
848	879	880	3785	3786	3787
848	880	849	3787	3788	3691
849	880	881	3788	3789	3790
849	881	850	3790	3791	3694
850	881	882	3791	3792	3793
850	882	851	3793	3794	3697
851	882	883	3794	3795	3796
851	883	852	3796	3797	3700
852	883	884	3797	3798	3799
852	884	853	3799	3800	3703
853	884	885	3800	3801	3802
853	885	854	3802	3803	3706
854	885	886	3803	3804	3805
854	886	855	3805	3806	3709
855	886	887	3806	3807	3808
855	887	856	3808	3809	3712
856	887	888	3809	3810	3811
856	888	857	3811	3812	3715
857	888	889	3812	3813	3814
857	889	858	3814	3815	3718
858	889	890	3815	3816	3817
858	890	859	3817	3818	3721
859	890	891	3818	3819	3820
859	891	860	3820	3821	3724
860	891	892	3821	3822	3823
860	892	861	3823	3824	3727
861	892	893	3824	3825	3826
861	893	862	3826	3827	3730
862	893	894	3827	3828	3829
862	894	863	3829	3830	3733
863	894	895	3830	3831	3832
863	895	864	3832	3833	3736
864	895	896	3833	3834	3835
864	896	865	3835	3836	3739
865	896	897	3836	3837	3838
865	897	866	3838	3839	3742
866	897	898	3839	3840	3841
866	898	867	3841	3842	3745
867	898	899	3842	3843	3844
867	899	868	3844	3845	3748
868	899	142	3845	3846	3847
868	142	141	3847	202	3751
21	22	900	82	3848	3849
21	900	869	3849	3850	3753
869	900	901	3850	3851	3852
869	901	870	3852	3853	3756
870	901	902	3853	3854	3855
870	902	871	3855	3856	3759
871	902	903	3856	3857	3858
871	903	872	3858	3859	3762
872	903	904	3859	3860	3861
872	904	873	3861	3862	3765
873	904	905	3862	3863	3864
873	905	874	3864	3865	3768
874	905	906	3865	3866	3867
874	906	875	3867	3868	3771
875	906	907	3868	3869	3870
875	907	876	3870	3871	3774
876	907	908	3871	3872	3873
876	908	877	3873	3874	3777
877	908	909	3874	3875	3876
877	909	878	3876	3877	3780
878	909	910	3877	3878	3879
878	910	879	3879	3880	3783
879	910	911	3880	3881	3882
879	911	880	3882	3883	3786
880	911	912	3883	3884	3885
880	912	881	3885	3886	3789
881	912	913	3886	3887	3888
881	913	882	3888	3889	3792
882	913	914	3889	3890	3891
882	914	883	3891	3892	3795
883	914	915	3892	3893	3894
883	915	884	3894	3895	3798
884	915	916	3895	3896	3897
884	916	885	3897	3898	3801
885	916	917	3898	3899	3900
885	917	886	3900	3901	3804
886	917	918	3901	3902	3903
886	918	887	3903	3904	3807
887	918	919	3904	3905	3906
887	919	888	3906	3907	3810
888	919	920	3907	3908	3909
888	920	889	3909	3910	3813
889	920	921	3910	3911	3912
889	921	890	3912	3913	3816
890	921	922	3913	3914	3915
890	922	891	3915	3916	3819
891	922	923	3916	3917	3918
891	923	892	3918	3919	3822
892	923	924	3919	3920	3921
892	924	893	3921	3922	3825
893	924	925	3922	3923	3924
893	925	894	3924	3925	3828
894	925	926	3925	3926	3927
894	926	895	3927	3928	3831
895	926	927	3928	3929	3930
895	927	896	3930	3931	3834
896	927	928	3931	3932	3933
896	928	897	3933	3934	3837
897	928	929	3934	3935	3936
897	929	898	3936	3937	3840
898	929	930	3937	3938	3939
898	930	899	3939	3940	3843
899	930	143	3940	3941	3942
899	143	142	3942	203	3846
22	23	931	83	3943	3944
22	931	900	3944	3945	3848
900	931	932	3945	3946	3947
900	932	901	3947	3948	3851
901	932	933	3948	3949	3950
901	933	902	3950	3951	3854
902	933	934	3951	3952	3953
902	934	903	3953	3954	3857
903	934	935	3954	3955	3956
903	935	904	3956	3957	3860
904	935	936	3957	3958	3959
904	936	905	3959	3960	3863
905	936	937	3960	3961	3962
905	937	906	3962	3963	3866
906	937	938	3963	3964	3965
906	938	907	3965	3966	3869
907	938	939	3966	3967	3968
907	939	908	3968	3969	3872
908	939	940	3969	3970	3971
908	940	909	3971	3972	3875
909	940	941	3972	3973	3974
909	941	910	3974	3975	3878
910	941	942	3975	3976	3977
910	942	911	3977	3978	3881
911	942	943	3978	3979	3980
911	943	912	3980	3981	3884
912	943	944	3981	3982	3983
912	944	913	3983	3984	3887
913	944	945	3984	3985	3986
913	945	914	3986	3987	3890
914	945	946	3987	3988	3989
914	946	915	3989	3990	3893
915	946	947	3990	3991	3992
915	947	916	3992	3993	3896
916	947	948	3993	3994	3995
916	948	917	3995	3996	3899
917	948	949	3996	3997	3998
917	949	918	3998	3999	3902
918	949	950	3999	4000	4001
918	950	919	4001	4002	3905
919	950	951	4002	4003	4004
919	951	920	4004	4005	3908
920	951	952	4005	4006	4007
920	952	921	4007	4008	3911
921	952	953	4008	4009	4010
921	953	922	4010	4011	3914
922	953	954	4011	4012	4013
922	954	923	4013	4014	3917
923	954	955	4014	4015	4016
923	955	924	4016	4017	3920
924	955	956	4017	4018	4019
924	956	925	4019	4020	3923
925	956	957	4020	4021	4022
925	957	926	4022	4023	3926
926	957	958	4023	4024	4025
926	958	927	4025	4026	3929
927	958	959	4026	4027	4028
927	959	928	4028	4029	3932
928	959	960	4029	4030	4031
928	960	929	4031	4032	3935
929	960	961	4032	4033	4034
929	961	930	4034	4035	3938
930	961	144	4035	4036	4037
930	144	143	4037	204	3941
23	24	962	84	4038	4039
23	962	931	4039	4040	3943
931	962	963	4040	4041	4042
931	963	932	4042	4043	3946
932	963	964	4043	4044	4045
932	964	933	4045	4046	3949
933	964	965	4046	4047	4048
933	965	934	4048	4049	3952
934	965	966	4049	4050	4051
934	966	935	4051	4052	3955
935	966	967	4052	4053	4054
935	967	936	4054	4055	3958
936	967	968	4055	4056	4057
936	968	937	4057	4058	3961
937	968	969	4058	4059	4060
937	969	938	4060	4061	3964
938	969	970	4061	4062	4063
938	970	939	4063	4064	3967
939	970	971	4064	4065	4066
939	971	940	4066	4067	3970
940	971	972	4067	4068	4069
940	972	941	4069	4070	3973
941	972	973	4070	4071	4072
941	973	942	4072	4073	3976
942	973	974	4073	4074	4075
942	974	943	4075	4076	3979
943	974	975	4076	4077	4078
943	975	944	4078	4079	3982
944	975	976	4079	4080	4081
944	976	945	4081	4082	3985
945	976	977	4082	4083	4084
945	977	946	4084	4085	3988
946	977	978	4085	4086	4087
946	978	947	4087	4088	3991
947	978	979	4088	4089	4090
947	979	948	4090	4091	3994
948	979	980	4091	4092	4093
948	980	949	4093	4094	3997
949	980	981	4094	4095	4096
949	981	950	4096	4097	4000
950	981	982	4097	4098	4099
950	982	951	4099	4100	4003
951	982	983	4100	4101	4102
951	983	952	4102	4103	4006
952	983	984	4103	4104	4105
952	984	953	4105	4106	4009
953	984	985	4106	4107	4108
953	985	954	4108	4109	4012
954	985	986	4109	4110	4111
954	986	955	4111	4112	4015
955	986	987	4112	4113	4114
955	987	956	4114	4115	4018
956	987	988	4115	4116	4117
956	988	957	4117	4118	4021
957	988	989	4118	4119	4120
957	989	958	4120	4121	4024
958	989	990	4121	4122	4123
958	990	959	4123	4124	4027
959	990	991	4124	4125	4126
959	991	960	4126	4127	4030
960	991	992	4127	4128	4129
960	992	961	4129	4130	4033
961	992	145	4130	4131	4132
961	145	144	4132	205	4036
24	25	993	85	4133	4134
24	993	962	4134	4135	4038
962	993	994	4135	4136	4137
962	994	963	4137	4138	4041
963	994	995	4138	4139	4140
963	995	964	4140	4141	4044
964	995	996	4141	4142	4143
964	996	965	4143	4144	4047
965	996	997	4144	4145	4146
965	997	966	4146	4147	4050
966	997	998	4147	4148	4149
966	998	967	4149	4150	4053
967	998	999	4150	4151	4152
967	999	968	4152	4153	4056
968	999	1000	4153	4154	4155
968	1000	969	4155	4156	4059
969	1000	1001	4156	4157	4158
969	1001	970	4158	4159	4062
970	1001	1002	4159	4160	4161
970	1002	971	4161	4162	4065
971	1002	1003	4162	4163	4164
971	1003	972	4164	4165	4068
972	1003	1004	4165	4166	4167
972	1004	973	4167	4168	4071
973	1004	1005	4168	4169	4170
973	1005	974	4170	4171	4074
974	1005	1006	4171	4172	4173
974	1006	975	4173	4174	4077
975	1006	1007	4174	4175	4176
975	1007	976	4176	4177	4080
976	1007	1008	4177	4178	4179
976	1008	977	4179	4180	4083
977	1008	1009	4180	4181	4182
977	1009	978	4182	4183	4086
978	1009	1010	4183	4184	4185
978	1010	979	4185	4186	4089
979	1010	1011	4186	4187	4188
979	1011	980	4188	4189	4092
980	1011	1012	4189	4190	4191
980	1012	981	4191	4192	4095
981	1012	1013	4192	4193	4194
981	1013	982	4194	4195	4098
982	1013	1014	4195	4196	4197
982	1014	983	4197	4198	4101
983	1014	1015	4198	4199	4200
983	1015	984	4200	4201	4104
984	1015	1016	4201	4202	4203
984	1016	985	4203	4204	4107
985	1016	1017	4204	4205	4206
985	1017	986	4206	4207	4110
986	1017	1018	4207	4208	4209
986	1018	987	4209	4210	4113
987	1018	1019	4210	4211	4212
987	1019	988	4212	4213	4116
988	1019	1020	4213	4214	4215
988	1020	989	4215	4216	4119
989	1020	1021	4216	4217	4218
989	1021	990	4218	4219	4122
990	1021	1022	4219	4220	4221
990	1022	991	4221	4222	4125
991	1022	1023	4222	4223	4224
991	1023	992	4224	4225	4128
992	1023	146	4225	4226	4227
992	146	145	4227	206	4131
25	26	1024	86	4228	4229
25	1024	993	4229	4230	4133
993	1024	1025	4230	4231	4232
993	1025	994	4232	4233	4136
994	1025	1026	4233	4234	4235
994	1026	995	4235	4236	4139
995	1026	1027	4236	4237	4238
995	1027	996	4238	4239	4142
996	1027	1028	4239	4240	4241
996	1028	997	4241	4242	4145
997	1028	1029	4242	4243	4244
997	1029	998	4244	4245	4148
998	1029	1030	4245	4246	4247
998	1030	999	4247	4248	4151
999	1030	1031	4248	4249	4250
999	1031	1000	4250	4251	4154
1000	1031	1032	4251	4252	4253
1000	1032	1001	4253	4254	4157
1001	1032	1033	4254	4255	4256
1001	1033	1002	4256	4257	4160
1002	1033	1034	4257	4258	4259
1002	1034	1003	4259	4260	4163
1003	1034	1035	4260	4261	4262
1003	1035	1004	4262	4263	4166
1004	1035	1036	4263	4264	4265
1004	1036	1005	4265	4266	4169
1005	1036	1037	4266	4267	4268
1005	1037	1006	4268	4269	4172
1006	1037	1038	4269	4270	4271
1006	1038	1007	4271	4272	4175
1007	1038	1039	4272	4273	4274
1007	1039	1008	4274	4275	4178
1008	1039	1040	4275	4276	4277
1008	1040	1009	4277	4278	4181
1009	1040	1041	4278	4279	4280
1009	1041	1010	4280	4281	4184
1010	1041	1042	4281	4282	4283
1010	1042	1011	4283	4284	4187
1011	1042	1043	4284	4285	4286
1011	1043	1012	4286	4287	4190
1012	1043	1044	4287	4288	4289
1012	1044	1013	4289	4290	4193
1013	1044	1045	4290	4291	4292
1013	1045	1014	4292	4293	4196
1014	1045	1046	4293	4294	4295
1014	1046	1015	4295	4296	4199
1015	1046	1047	4296	4297	4298
1015	1047	1016	4298	4299	4202
1016	1047	1048	4299	4300	4301
1016	1048	1017	4301	4302	4205
1017	1048	1049	4302	4303	4304
1017	1049	1018	4304	4305	4208
1018	1049	1050	4305	4306	4307
1018	1050	1019	4307	4308	4211
1019	1050	1051	4308	4309	4310
1019	1051	1020	4310	4311	4214
1020	1051	1052	4311	4312	4313
1020	1052	1021	4313	4314	4217
1021	1052	1053	4314	4315	4316
1021	1053	1022	4316	4317	4220
1022	1053	1054	4317	4318	4319
1022	1054	1023	4319	4320	4223
1023	1054	147	4320	4321	4322
1023	147	146	4322	207	4226
26	27	1055	87	4323	4324
26	1055	1024	4324	4325	4228
1024	1055	1056	4325	4326	4327
1024	1056	1025	4327	4328	4231
1025	1056	1057	4328	4329	4330
1025	1057	1026	4330	4331	4234
1026	1057	1058	4331	4332	4333
1026	1058	1027	4333	4334	4237
1027	1058	1059	4334	4335	4336
1027	1059	1028	4336	4337	4240
1028	1059	1060	4337	4338	4339
1028	1060	1029	4339	4340	4243
1029	1060	1061	4340	4341	4342
1029	1061	1030	4342	4343	4246
1030	1061	1062	4343	4344	4345
1030	1062	1031	4345	4346	4249
1031	1062	1063	4346	4347	4348
1031	1063	1032	4348	4349	4252
1032	1063	1064	4349	4350	4351
1032	1064	1033	4351	4352	4255
1033	1064	1065	4352	4353	4354
1033	1065	1034	4354	4355	4258
1034	1065	1066	4355	4356	4357
1034	1066	1035	4357	4358	4261
1035	1066	1067	4358	4359	4360
1035	1067	1036	4360	4361	4264
1036	1067	1068	4361	4362	4363
1036	1068	1037	4363	4364	4267
1037	1068	1069	4364	4365	4366
1037	1069	1038	4366	4367	4270
1038	1069	1070	4367	4368	4369
1038	1070	1039	4369	4370	4273
1039	1070	1071	4370	4371	4372
1039	1071	1040	4372	4373	4276
1040	1071	1072	4373	4374	4375
1040	1072	1041	4375	4376	4279
1041	1072	1073	4376	4377	4378
1041	1073	1042	4378	4379	4282
1042	1073	1074	4379	4380	4381
1042	1074	1043	4381	4382	4285
1043	1074	1075	4382	4383	4384
1043	1075	1044	4384	4385	4288
1044	1075	1076	4385	4386	4387
1044	1076	1045	4387	4388	4291
1045	1076	1077	4388	4389	4390
1045	1077	1046	4390	4391	4294
1046	1077	1078	4391	4392	4393
1046	1078	1047	4393	4394	4297
1047	1078	1079	4394	4395	4396
1047	1079	1048	4396	4397	4300
1048	1079	1080	4397	4398	4399
1048	1080	1049	4399	4400	4303
1049	1080	1081	4400	4401	4402
1049	1081	1050	4402	4403	4306
1050	1081	1082	4403	4404	4405
1050	1082	1051	4405	4406	4309
1051	1082	1083	4406	4407	4408
1051	1083	1052	4408	4409	4312
1052	1083	1084	4409	4410	4411
1052	1084	1053	4411	4412	4315
1053	1084	1085	4412	4413	4414
1053	1085	1054	4414	4415	4318
1054	1085	148	4415	4416	4417
1054	148	147	4417	208	4321
27	28	1086	88	4418	4419
27	1086	1055	4419	4420	4323
1055	1086	1087	4420	4421	4422
1055	1087	1056	4422	4423	4326
1056	1087	1088	4423	4424	4425
1056	1088	1057	4425	4426	4329
1057	1088	1089	4426	4427	4428
1057	1089	1058	4428	4429	4332
1058	1089	1090	4429	4430	4431
1058	1090	1059	4431	4432	4335
1059	1090	1091	4432	4433	4434
1059	1091	1060	4434	4435	4338
1060	1091	1092	4435	4436	4437
1060	1092	1061	4437	4438	4341
1061	1092	1093	4438	4439	4440
1061	1093	1062	4440	4441	4344
1062	1093	1094	4441	4442	4443
1062	1094	1063	4443	4444	4347
1063	1094	1095	4444	4445	4446
1063	1095	1064	4446	4447	4350
1064	1095	1096	4447	4448	4449
1064	1096	1065	4449	4450	4353
1065	1096	1097	4450	4451	4452
1065	1097	1066	4452	4453	4356
1066	1097	1098	4453	4454	4455
1066	1098	1067	4455	4456	4359
1067	1098	1099	4456	4457	4458
1067	1099	1068	4458	4459	4362
1068	1099	1100	4459	4460	4461
1068	1100	1069	4461	4462	4365
1069	1100	1101	4462	4463	4464
1069	1101	1070	4464	4465	4368
1070	1101	1102	4465	4466	4467
1070	1102	1071	4467	4468	4371
1071	1102	1103	4468	4469	4470
1071	1103	1072	4470	4471	4374
1072	1103	1104	4471	4472	4473
1072	1104	1073	4473	4474	4377
1073	1104	1105	4474	4475	4476
1073	1105	1074	4476	4477	4380
1074	1105	1106	4477	4478	4479
1074	1106	1075	4479	4480	4383
1075	1106	1107	4480	4481	4482
1075	1107	1076	4482	4483	4386
1076	1107	1108	4483	4484	4485
1076	1108	1077	4485	4486	4389
1077	1108	1109	4486	4487	4488
1077	1109	1078	4488	4489	4392
1078	1109	1110	4489	4490	4491
1078	1110	1079	4491	4492	4395
1079	1110	1111	4492	4493	4494
1079	1111	1080	4494	4495	4398
1080	1111	1112	4495	4496	4497
1080	1112	1081	4497	4498	4401
1081	1112	1113	4498	4499	4500
1081	1113	1082	4500	4501	4404
1082	1113	1114	4501	4502	4503
1082	1114	1083	4503	4504	4407
1083	1114	1115	4504	4505	4506
1083	1115	1084	4506	4507	4410
1084	1115	1116	4507	4508	4509
1084	1116	1085	4509	4510	4413
1085	1116	149	4510	4511	4512
1085	149	148	4512	209	4416
28	29	1117	89	4513	4514
28	1117	1086	4514	4515	4418
1086	1117	1118	4515	4516	4517
1086	1118	1087	4517	4518	4421
1087	1118	1119	4518	4519	4520
1087	1119	1088	4520	4521	4424
1088	1119	1120	4521	4522	4523
1088	1120	1089	4523	4524	4427
1089	1120	1121	4524	4525	4526
1089	1121	1090	4526	4527	4430
1090	1121	1122	4527	4528	4529
1090	1122	1091	4529	4530	4433
1091	1122	1123	4530	4531	4532
1091	1123	1092	4532	4533	4436
1092	1123	1124	4533	4534	4535
1092	1124	1093	4535	4536	4439
1093	1124	1125	4536	4537	4538
1093	1125	1094	4538	4539	4442
1094	1125	1126	4539	4540	4541
1094	1126	1095	4541	4542	4445
1095	1126	1127	4542	4543	4544
1095	1127	1096	4544	4545	4448
1096	1127	1128	4545	4546	4547
1096	1128	1097	4547	4548	4451
1097	1128	1129	4548	4549	4550
1097	1129	1098	4550	4551	4454
1098	1129	1130	4551	4552	4553
1098	1130	1099	4553	4554	4457
1099	1130	1131	4554	4555	4556
1099	1131	1100	4556	4557	4460
1100	1131	1132	4557	4558	4559
1100	1132	1101	4559	4560	4463
1101	1132	1133	4560	4561	4562
1101	1133	1102	4562	4563	4466
1102	1133	1134	4563	4564	4565
1102	1134	1103	4565	4566	4469
1103	1134	1135	4566	4567	4568
1103	1135	1104	4568	4569	4472
1104	1135	1136	4569	4570	4571
1104	1136	1105	4571	4572	4475
1105	1136	1137	4572	4573	4574
1105	1137	1106	4574	4575	4478
1106	1137	1138	4575	4576	4577
1106	1138	1107	4577	4578	4481
1107	1138	1139	4578	4579	4580
1107	1139	1108	4580	4581	4484
1108	1139	1140	4581	4582	4583
1108	1140	1109	4583	4584	4487
1109	1140	1141	4584	4585	4586
1109	1141	1110	4586	4587	4490
1110	1141	1142	4587	4588	4589
1110	1142	1111	4589	4590	4493
1111	1142	1143	4590	4591	4592
1111	1143	1112	4592	4593	4496
1112	1143	1144	4593	4594	4595
1112	1144	1113	4595	4596	4499
1113	1144	1145	4596	4597	4598
1113	1145	1114	4598	4599	4502
1114	1145	1146	4599	4600	4601
1114	1146	1115	4601	4602	4505
1115	1146	1147	4602	4603	4604
1115	1147	1116	4604	4605	4508
1116	1147	150	4605	4606	4607
1116	150	149	4607	210	4511
29	30	1148	90	4608	4609
29	1148	1117	4609	4610	4513
1117	1148	1149	4610	4611	4612
1117	1149	1118	4612	4613	4516
1118	1149	1150	4613	4614	4615
1118	1150	1119	4615	4616	4519
1119	1150	1151	4616	4617	4618
1119	1151	1120	4618	4619	4522
1120	1151	1152	4619	4620	4621
1120	1152	1121	4621	4622	4525
1121	1152	1153	4622	4623	4624
1121	1153	1122	4624	4625	4528
1122	1153	1154	4625	4626	4627
1122	1154	1123	4627	4628	4531
1123	1154	1155	4628	4629	4630
1123	1155	1124	4630	4631	4534
1124	1155	1156	4631	4632	4633
1124	1156	1125	4633	4634	4537
1125	1156	1157	4634	4635	4636
1125	1157	1126	4636	4637	4540
1126	1157	1158	4637	4638	4639
1126	1158	1127	4639	4640	4543
1127	1158	1159	4640	4641	4642
1127	1159	1128	4642	4643	4546
1128	1159	1160	4643	4644	4645
1128	1160	1129	4645	4646	4549
1129	1160	1161	4646	4647	4648
1129	1161	1130	4648	4649	4552
1130	1161	1162	4649	4650	4651
1130	1162	1131	4651	4652	4555
1131	1162	1163	4652	4653	4654
1131	1163	1132	4654	4655	4558
1132	1163	1164	4655	4656	4657
1132	1164	1133	4657	4658	4561
1133	1164	1165	4658	4659	4660
1133	1165	1134	4660	4661	4564
1134	1165	1166	4661	4662	4663
1134	1166	1135	4663	4664	4567
1135	1166	1167	4664	4665	4666
1135	1167	1136	4666	4667	4570
1136	1167	1168	4667	4668	4669
1136	1168	1137	4669	4670	4573
1137	1168	1169	4670	4671	4672
1137	1169	1138	4672	4673	4576
1138	1169	1170	4673	4674	4675
1138	1170	1139	4675	4676	4579
1139	1170	1171	4676	4677	4678
1139	1171	1140	4678	4679	4582
1140	1171	1172	4679	4680	4681
1140	1172	1141	4681	4682	4585
1141	1172	1173	4682	4683	4684
1141	1173	1142	4684	4685	4588
1142	1173	1174	4685	4686	4687
1142	1174	1143	4687	4688	4591
1143	1174	1175	4688	4689	4690
1143	1175	1144	4690	4691	4594
1144	1175	1176	4691	4692	4693
1144	1176	1145	4693	4694	4597
1145	1176	1177	4694	4695	4696
1145	1177	1146	4696	4697	4600
1146	1177	1178	4697	4698	4699
1146	1178	1147	4699	4700	4603
1147	1178	151	4700	4701	4702
1147	151	150	4702	211	4606
30	31	1179	91	4703	4704
30	1179	1148	4704	4705	4608
1148	1179	1180	4705	4706	4707
1148	1180	1149	4707	4708	4611
1149	1180	1181	4708	4709	4710
1149	1181	1150	4710	4711	4614
1150	1181	1182	4711	4712	4713
1150	1182	1151	4713	4714	4617
1151	1182	1183	4714	4715	4716
1151	1183	1152	4716	4717	4620
1152	1183	1184	4717	4718	4719
1152	1184	1153	4719	4720	4623
1153	1184	1185	4720	4721	4722
1153	1185	1154	4722	4723	4626
1154	1185	1186	4723	4724	4725
1154	1186	1155	4725	4726	4629
1155	1186	1187	4726	4727	4728
1155	1187	1156	4728	4729	4632
1156	1187	1188	4729	4730	4731
1156	1188	1157	4731	4732	4635
1157	1188	1189	4732	4733	4734
1157	1189	1158	4734	4735	4638
1158	1189	1190	4735	4736	4737
1158	1190	1159	4737	4738	4641
1159	1190	1191	4738	4739	4740
1159	1191	1160	4740	4741	4644
1160	1191	1192	4741	4742	4743
1160	1192	1161	4743	4744	4647
1161	1192	1193	4744	4745	4746
1161	1193	1162	4746	4747	4650
1162	1193	1194	4747	4748	4749
1162	1194	1163	4749	4750	4653
1163	1194	1195	4750	4751	4752
1163	1195	1164	4752	4753	4656
1164	1195	1196	4753	4754	4755
1164	1196	1165	4755	4756	4659
1165	1196	1197	4756	4757	4758
1165	1197	1166	4758	4759	4662
1166	1197	1198	4759	4760	4761
1166	1198	1167	4761	4762	4665
1167	1198	1199	4762	4763	4764
1167	1199	1168	4764	4765	4668
1168	1199	1200	4765	4766	4767
1168	1200	1169	4767	4768	4671
1169	1200	1201	4768	4769	4770
1169	1201	1170	4770	4771	4674
1170	1201	1202	4771	4772	4773
1170	1202	1171	4773	4774	4677
1171	1202	1203	4774	4775	4776
1171	1203	1172	4776	4777	4680
1172	1203	1204	4777	4778	4779
1172	1204	1173	4779	4780	4683
1173	1204	1205	4780	4781	4782
1173	1205	1174	4782	4783	4686
1174	1205	1206	4783	4784	4785
1174	1206	1175	4785	4786	4689
1175	1206	1207	4786	4787	4788
1175	1207	1176	4788	4789	4692
1176	1207	1208	4789	4790	4791
1176	1208	1177	4791	4792	4695
1177	1208	1209	4792	4793	4794
1177	1209	1178	4794	4795	4698
1178	1209	152	4795	4796	4797
1178	152	151	4797	212	4701
31	32	1210	92	4798	4799
31	1210	1179	4799	4800	4703
1179	1210	1211	4800	4801	4802
1179	1211	1180	4802	4803	4706
1180	1211	1212	4803	4804	4805
1180	1212	1181	4805	4806	4709
1181	1212	1213	4806	4807	4808
1181	1213	1182	4808	4809	4712
1182	1213	1214	4809	4810	4811
1182	1214	1183	4811	4812	4715
1183	1214	1215	4812	4813	4814
1183	1215	1184	4814	4815	4718
1184	1215	1216	4815	4816	4817
1184	1216	1185	4817	4818	4721
1185	1216	1217	4818	4819	4820
1185	1217	1186	4820	4821	4724
1186	1217	1218	4821	4822	4823
1186	1218	1187	4823	4824	4727
1187	1218	1219	4824	4825	4826
1187	1219	1188	4826	4827	4730
1188	1219	1220	4827	4828	4829
1188	1220	1189	4829	4830	4733
1189	1220	1221	4830	4831	4832
1189	1221	1190	4832	4833	4736
1190	1221	1222	4833	4834	4835
1190	1222	1191	4835	4836	4739
1191	1222	1223	4836	4837	4838
1191	1223	1192	4838	4839	4742
1192	1223	1224	4839	4840	4841
1192	1224	1193	4841	4842	4745
1193	1224	1225	4842	4843	4844
1193	1225	1194	4844	4845	4748
1194	1225	1226	4845	4846	4847
1194	1226	1195	4847	4848	4751
1195	1226	1227	4848	4849	4850
1195	1227	1196	4850	4851	4754
1196	1227	1228	4851	4852	4853
1196	1228	1197	4853	4854	4757
1197	1228	1229	4854	4855	4856
1197	1229	1198	4856	4857	4760
1198	1229	1230	4857	4858	4859
1198	1230	1199	4859	4860	4763
1199	1230	1231	4860	4861	4862
1199	1231	1200	4862	4863	4766
1200	1231	1232	4863	4864	4865
1200	1232	1201	4865	4866	4769
1201	1232	1233	4866	4867	4868
1201	1233	1202	4868	4869	4772
1202	1233	1234	4869	4870	4871
1202	1234	1203	4871	4872	4775
1203	1234	1235	4872	4873	4874
1203	1235	1204	4874	4875	4778
1204	1235	1236	4875	4876	4877
1204	1236	1205	4877	4878	4781
1205	1236	1237	4878	4879	4880
1205	1237	1206	4880	4881	4784
1206	1237	1238	4881	4882	4883
1206	1238	1207	4883	4884	4787
1207	1238	1239	4884	4885	4886
1207	1239	1208	4886	4887	4790
1208	1239	1240	4887	4888	4889
1208	1240	1209	4889	4890	4793
1209	1240	153	4890	4891	4892
1209	153	152	4892	213	4796
32	33	1241	93	4893	4894
32	1241	1210	4894	4895	4798
1210	1241	1242	4895	4896	4897
1210	1242	1211	4897	4898	4801
1211	1242	1243	4898	4899	4900
1211	1243	1212	4900	4901	4804
1212	1243	1244	4901	4902	4903
1212	1244	1213	4903	4904	4807
1213	1244	1245	4904	4905	4906
1213	1245	1214	4906	4907	4810
1214	1245	1246	4907	4908	4909
1214	1246	1215	4909	4910	4813
1215	1246	1247	4910	4911	4912
1215	1247	1216	4912	4913	4816
1216	1247	1248	4913	4914	4915
1216	1248	1217	4915	4916	4819
1217	1248	1249	4916	4917	4918
1217	1249	1218	4918	4919	4822
1218	1249	1250	4919	4920	4921
1218	1250	1219	4921	4922	4825
1219	1250	1251	4922	4923	4924
1219	1251	1220	4924	4925	4828
1220	1251	1252	4925	4926	4927
1220	1252	1221	4927	4928	4831
1221	1252	1253	4928	4929	4930
1221	1253	1222	4930	4931	4834
1222	1253	1254	4931	4932	4933
1222	1254	1223	4933	4934	4837
1223	1254	1255	4934	4935	4936
1223	1255	1224	4936	4937	4840
1224	1255	1256	4937	4938	4939
1224	1256	1225	4939	4940	4843
1225	1256	1257	4940	4941	4942
1225	1257	1226	4942	4943	4846
1226	1257	1258	4943	4944	4945
1226	1258	1227	4945	4946	4849
1227	1258	1259	4946	4947	4948
1227	1259	1228	4948	4949	4852
1228	1259	1260	4949	4950	4951
1228	1260	1229	4951	4952	4855
1229	1260	1261	4952	4953	4954
1229	1261	1230	4954	4955	4858
1230	1261	1262	4955	4956	4957
1230	1262	1231	4957	4958	4861
1231	1262	1263	4958	4959	4960
1231	1263	1232	4960	4961	4864
1232	1263	1264	4961	4962	4963
1232	1264	1233	4963	4964	4867
1233	1264	1265	4964	4965	4966
1233	1265	1234	4966	4967	4870
1234	1265	1266	4967	4968	4969
1234	1266	1235	4969	4970	4873
1235	1266	1267	4970	4971	4972
1235	1267	1236	4972	4973	4876
1236	1267	1268	4973	4974	4975
1236	1268	1237	4975	4976	4879
1237	1268	1269	4976	4977	4978
1237	1269	1238	4978	4979	4882
1238	1269	1270	4979	4980	4981
1238	1270	1239	4981	4982	4885
1239	1270	1271	4982	4983	4984
1239	1271	1240	4984	4985	4888
1240	1271	154	4985	4986	4987
1240	154	153	4987	214	4891
33	34	1272	94	4988	4989
33	1272	1241	4989	4990	4893
1241	1272	1273	4990	4991	4992
1241	1273	1242	4992	4993	4896
1242	1273	1274	4993	4994	4995
1242	1274	1243	4995	4996	4899
1243	1274	1275	4996	4997	4998
1243	1275	1244	4998	4999	4902
1244	1275	1276	4999	5000	5001
1244	1276	1245	5001	5002	4905
1245	1276	1277	5002	5003	5004
1245	1277	1246	5004	5005	4908
1246	1277	1278	5005	5006	5007
1246	1278	1247	5007	5008	4911
1247	1278	1279	5008	5009	5010
1247	1279	1248	5010	5011	4914
1248	1279	1280	5011	5012	5013
1248	1280	1249	5013	5014	4917
1249	1280	1281	5014	5015	5016
1249	1281	1250	5016	5017	4920
1250	1281	1282	5017	5018	5019
1250	1282	1251	5019	5020	4923
1251	1282	1283	5020	5021	5022
1251	1283	1252	5022	5023	4926
1252	1283	1284	5023	5024	5025
1252	1284	1253	5025	5026	4929
1253	1284	1285	5026	5027	5028
1253	1285	1254	5028	5029	4932
1254	1285	1286	5029	5030	5031
1254	1286	1255	5031	5032	4935
1255	1286	1287	5032	5033	5034
1255	1287	1256	5034	5035	4938
1256	1287	1288	5035	5036	5037
1256	1288	1257	5037	5038	4941
1257	1288	1289	5038	5039	5040
1257	1289	1258	5040	5041	4944
1258	1289	1290	5041	5042	5043
1258	1290	1259	5043	5044	4947
1259	1290	1291	5044	5045	5046
1259	1291	1260	5046	5047	4950
1260	1291	1292	5047	5048	5049
1260	1292	1261	5049	5050	4953
1261	1292	1293	5050	5051	5052
1261	1293	1262	5052	5053	4956
1262	1293	1294	5053	5054	5055
1262	1294	1263	5055	5056	4959
1263	1294	1295	5056	5057	5058
1263	1295	1264	5058	5059	4962
1264	1295	1296	5059	5060	5061
1264	1296	1265	5061	5062	4965
1265	1296	1297	5062	5063	5064
1265	1297	1266	5064	5065	4968
1266	1297	1298	5065	5066	5067
1266	1298	1267	5067	5068	4971
1267	1298	1299	5068	5069	5070
1267	1299	1268	5070	5071	4974
1268	1299	1300	5071	5072	5073
1268	1300	1269	5073	5074	4977
1269	1300	1301	5074	5075	5076
1269	1301	1270	5076	5077	4980
1270	1301	1302	5077	5078	5079
1270	1302	1271	5079	5080	4983
1271	1302	155	5080	5081	5082
1271	155	154	5082	215	4986
34	35	1303	95	5083	5084
34	1303	1272	5084	5085	4988
1272	1303	1304	5085	5086	5087
1272	1304	1273	5087	5088	4991
1273	1304	1305	5088	5089	5090
1273	1305	1274	5090	5091	4994
1274	1305	1306	5091	5092	5093
1274	1306	1275	5093	5094	4997
1275	1306	1307	5094	5095	5096
1275	1307	1276	5096	5097	5000
1276	1307	1308	5097	5098	5099
1276	1308	1277	5099	5100	5003
1277	1308	1309	5100	5101	5102
1277	1309	1278	5102	5103	5006
1278	1309	1310	5103	5104	5105
1278	1310	1279	5105	5106	5009
1279	1310	1311	5106	5107	5108
1279	1311	1280	5108	5109	5012
1280	1311	1312	5109	5110	5111
1280	1312	1281	5111	5112	5015
1281	1312	1313	5112	5113	5114
1281	1313	1282	5114	5115	5018
1282	1313	1314	5115	5116	5117
1282	1314	1283	5117	5118	5021
1283	1314	1315	5118	5119	5120
1283	1315	1284	5120	5121	5024
1284	1315	1316	5121	5122	5123
1284	1316	1285	5123	5124	5027
1285	1316	1317	5124	5125	5126
1285	1317	1286	5126	5127	5030
1286	1317	1318	5127	5128	5129
1286	1318	1287	5129	5130	5033
1287	1318	1319	5130	5131	5132
1287	1319	1288	5132	5133	5036
1288	1319	1320	5133	5134	5135
1288	1320	1289	5135	5136	5039
1289	1320	1321	5136	5137	5138
1289	1321	1290	5138	5139	5042
1290	1321	1322	5139	5140	5141
1290	1322	1291	5141	5142	5045
1291	1322	1323	5142	5143	5144
1291	1323	1292	5144	5145	5048
1292	1323	1324	5145	5146	5147
1292	1324	1293	5147	5148	5051
1293	1324	1325	5148	5149	5150
1293	1325	1294	5150	5151	5054
1294	1325	1326	5151	5152	5153
1294	1326	1295	5153	5154	5057
1295	1326	1327	5154	5155	5156
1295	1327	1296	5156	5157	5060
1296	1327	1328	5157	5158	5159
1296	1328	1297	5159	5160	5063
1297	1328	1329	5160	5161	5162
1297	1329	1298	5162	5163	5066
1298	1329	1330	5163	5164	5165
1298	1330	1299	5165	5166	5069
1299	1330	1331	5166	5167	5168
1299	1331	1300	5168	5169	5072
1300	1331	1332	5169	5170	5171
1300	1332	1301	5171	5172	5075
1301	1332	1333	5172	5173	5174
1301	1333	1302	5174	5175	5078
1302	1333	156	5175	5176	5177
1302	156	155	5177	216	5081
35	36	1334	96	5178	5179
35	1334	1303	5179	5180	5083
1303	1334	1335	5180	5181	5182
1303	1335	1304	5182	5183	5086
1304	1335	1336	5183	5184	5185
1304	1336	1305	5185	5186	5089
1305	1336	1337	5186	5187	5188
1305	1337	1306	5188	5189	5092
1306	1337	1338	5189	5190	5191
1306	1338	1307	5191	5192	5095
1307	1338	1339	5192	5193	5194
1307	1339	1308	5194	5195	5098
1308	1339	1340	5195	5196	5197
1308	1340	1309	5197	5198	5101
1309	1340	1341	5198	5199	5200
1309	1341	1310	5200	5201	5104
1310	1341	1342	5201	5202	5203
1310	1342	1311	5203	5204	5107
1311	1342	1343	5204	5205	5206
1311	1343	1312	5206	5207	5110
1312	1343	1344	5207	5208	5209
1312	1344	1313	5209	5210	5113
1313	1344	1345	5210	5211	5212
1313	1345	1314	5212	5213	5116
1314	1345	1346	5213	5214	5215
1314	1346	1315	5215	5216	5119
1315	1346	1347	5216	5217	5218
1315	1347	1316	5218	5219	5122
1316	1347	1348	5219	5220	5221
1316	1348	1317	5221	5222	5125
1317	1348	1349	5222	5223	5224
1317	1349	1318	5224	5225	5128
1318	1349	1350	5225	5226	5227
1318	1350	1319	5227	5228	5131
1319	1350	1351	5228	5229	5230
1319	1351	1320	5230	5231	5134
1320	1351	1352	5231	5232	5233
1320	1352	1321	5233	5234	5137
1321	1352	1353	5234	5235	5236
1321	1353	1322	5236	5237	5140
1322	1353	1354	5237	5238	5239
1322	1354	1323	5239	5240	5143
1323	1354	1355	5240	5241	5242
1323	1355	1324	5242	5243	5146
1324	1355	1356	5243	5244	5245
1324	1356	1325	5245	5246	5149
1325	1356	1357	5246	5247	5248
1325	1357	1326	5248	5249	5152
1326	1357	1358	5249	5250	5251
1326	1358	1327	5251	5252	5155
1327	1358	1359	5252	5253	5254
1327	1359	1328	5254	5255	5158
1328	1359	1360	5255	5256	5257
1328	1360	1329	5257	5258	5161
1329	1360	1361	5258	5259	5260
1329	1361	1330	5260	5261	5164
1330	1361	1362	5261	5262	5263
1330	1362	1331	5263	5264	5167
1331	1362	1363	5264	5265	5266
1331	1363	1332	5266	5267	5170
1332	1363	1364	5267	5268	5269
1332	1364	1333	5269	5270	5173
1333	1364	157	5270	5271	5272
1333	157	156	5272	217	5176
36	37	1365	97	5273	5274
36	1365	1334	5274	5275	5178
1334	1365	1366	5275	5276	5277
1334	1366	1335	5277	5278	5181
1335	1366	1367	5278	5279	5280
1335	1367	1336	5280	5281	5184
1336	1367	1368	5281	5282	5283
1336	1368	1337	5283	5284	5187
1337	1368	1369	5284	5285	5286
1337	1369	1338	5286	5287	5190
1338	1369	1370	5287	5288	5289
1338	1370	1339	5289	5290	5193
1339	1370	1371	5290	5291	5292
1339	1371	1340	5292	5293	5196
1340	1371	1372	5293	5294	5295
1340	1372	1341	5295	5296	5199
1341	1372	1373	5296	5297	5298
1341	1373	1342	5298	5299	5202
1342	1373	1374	5299	5300	5301
1342	1374	1343	5301	5302	5205
1343	1374	1375	5302	5303	5304
1343	1375	1344	5304	5305	5208
1344	1375	1376	5305	5306	5307
1344	1376	1345	5307	5308	5211
1345	1376	1377	5308	5309	5310
1345	1377	1346	5310	5311	5214
1346	1377	1378	5311	5312	5313
1346	1378	1347	5313	5314	5217
1347	1378	1379	5314	5315	5316
1347	1379	1348	5316	5317	5220
1348	1379	1380	5317	5318	5319
1348	1380	1349	5319	5320	5223
1349	1380	1381	5320	5321	5322
1349	1381	1350	5322	5323	5226
1350	1381	1382	5323	5324	5325
1350	1382	1351	5325	5326	5229
1351	1382	1383	5326	5327	5328
1351	1383	1352	5328	5329	5232
1352	1383	1384	5329	5330	5331
1352	1384	1353	5331	5332	5235
1353	1384	1385	5332	5333	5334
1353	1385	1354	5334	5335	5238
1354	1385	1386	5335	5336	5337
1354	1386	1355	5337	5338	5241
1355	1386	1387	5338	5339	5340
1355	1387	1356	5340	5341	5244
1356	1387	1388	5341	5342	5343
1356	1388	1357	5343	5344	5247
1357	1388	1389	5344	5345	5346
1357	1389	1358	5346	5347	5250
1358	1389	1390	5347	5348	5349
1358	1390	1359	5349	5350	5253
1359	1390	1391	5350	5351	5352
1359	1391	1360	5352	5353	5256
1360	1391	1392	5353	5354	5355
1360	1392	1361	5355	5356	5259
1361	1392	1393	5356	5357	5358
1361	1393	1362	5358	5359	5262
1362	1393	1394	5359	5360	5361
1362	1394	1363	5361	5362	5265
1363	1394	1395	5362	5363	5364
1363	1395	1364	5364	5365	5268
1364	1395	158	5365	5366	5367
1364	158	157	5367	218	5271
37	38	1396	98	5368	5369
37	1396	1365	5369	5370	5273
1365	1396	1397	5370	5371	5372
1365	1397	1366	5372	5373	5276
1366	1397	1398	5373	5374	5375
1366	1398	1367	5375	5376	5279
1367	1398	1399	5376	5377	5378
1367	1399	1368	5378	5379	5282
1368	1399	1400	5379	5380	5381
1368	1400	1369	5381	5382	5285
1369	1400	1401	5382	5383	5384
1369	1401	1370	5384	5385	5288
1370	1401	1402	5385	5386	5387
1370	1402	1371	5387	5388	5291
1371	1402	1403	5388	5389	5390
1371	1403	1372	5390	5391	5294
1372	1403	1404	5391	5392	5393
1372	1404	1373	5393	5394	5297
1373	1404	1405	5394	5395	5396
1373	1405	1374	5396	5397	5300
1374	1405	1406	5397	5398	5399
1374	1406	1375	5399	5400	5303
1375	1406	1407	5400	5401	5402
1375	1407	1376	5402	5403	5306
1376	1407	1408	5403	5404	5405
1376	1408	1377	5405	5406	5309
1377	1408	1409	5406	5407	5408
1377	1409	1378	5408	5409	5312
1378	1409	1410	5409	5410	5411
1378	1410	1379	5411	5412	5315
1379	1410	1411	5412	5413	5414
1379	1411	1380	5414	5415	5318
1380	1411	1412	5415	5416	5417
1380	1412	1381	5417	5418	5321
1381	1412	1413	5418	5419	5420
1381	1413	1382	5420	5421	5324
1382	1413	1414	5421	5422	5423
1382	1414	1383	5423	5424	5327
1383	1414	1415	5424	5425	5426
1383	1415	1384	5426	5427	5330
1384	1415	1416	5427	5428	5429
1384	1416	1385	5429	5430	5333
1385	1416	1417	5430	5431	5432
1385	1417	1386	5432	5433	5336
1386	1417	1418	5433	5434	5435
1386	1418	1387	5435	5436	5339
1387	1418	1419	5436	5437	5438
1387	1419	1388	5438	5439	5342
1388	1419	1420	5439	5440	5441
1388	1420	1389	5441	5442	5345
1389	1420	1421	5442	5443	5444
1389	1421	1390	5444	5445	5348
1390	1421	1422	5445	5446	5447
1390	1422	1391	5447	5448	5351
1391	1422	1423	5448	5449	5450
1391	1423	1392	5450	5451	5354
1392	1423	1424	5451	5452	5453
1392	1424	1393	5453	5454	5357
1393	1424	1425	5454	5455	5456
1393	1425	1394	5456	5457	5360
1394	1425	1426	5457	5458	5459
1394	1426	1395	5459	5460	5363
1395	1426	159	5460	5461	5462
1395	159	158	5462	219	5366
38	39	1427	99	5463	5464
38	1427	1396	5464	5465	5368
1396	1427	1428	5465	5466	5467
1396	1428	1397	5467	5468	5371
1397	1428	1429	5468	5469	5470
1397	1429	1398	5470	5471	5374
1398	1429	1430	5471	5472	5473
1398	1430	1399	5473	5474	5377
1399	1430	1431	5474	5475	5476
1399	1431	1400	5476	5477	5380
1400	1431	1432	5477	5478	5479
1400	1432	1401	5479	5480	5383
1401	1432	1433	5480	5481	5482
1401	1433	1402	5482	5483	5386
1402	1433	1434	5483	5484	5485
1402	1434	1403	5485	5486	5389
1403	1434	1435	5486	5487	5488
1403	1435	1404	5488	5489	5392
1404	1435	1436	5489	5490	5491
1404	1436	1405	5491	5492	5395
1405	1436	1437	5492	5493	5494
1405	1437	1406	5494	5495	5398
1406	1437	1438	5495	5496	5497
1406	1438	1407	5497	5498	5401
1407	1438	1439	5498	5499	5500
1407	1439	1408	5500	5501	5404
1408	1439	1440	5501	5502	5503
1408	1440	1409	5503	5504	5407
1409	1440	1441	5504	5505	5506
1409	1441	1410	5506	5507	5410
1410	1441	1442	5507	5508	5509
1410	1442	1411	5509	5510	5413
1411	1442	1443	5510	5511	5512
1411	1443	1412	5512	5513	5416
1412	1443	1444	5513	5514	5515
1412	1444	1413	5515	5516	5419
1413	1444	1445	5516	5517	5518
1413	1445	1414	5518	5519	5422
1414	1445	1446	5519	5520	5521
1414	1446	1415	5521	5522	5425
1415	1446	1447	5522	5523	5524
1415	1447	1416	5524	5525	5428
1416	1447	1448	5525	5526	5527
1416	1448	1417	5527	5528	5431
1417	1448	1449	5528	5529	5530
1417	1449	1418	5530	5531	5434
1418	1449	1450	5531	5532	5533
1418	1450	1419	5533	5534	5437
1419	1450	1451	5534	5535	5536
1419	1451	1420	5536	5537	5440
1420	1451	1452	5537	5538	5539
1420	1452	1421	5539	5540	5443
1421	1452	1453	5540	5541	5542
1421	1453	1422	5542	5543	5446
1422	1453	1454	5543	5544	5545
1422	1454	1423	5545	5546	5449
1423	1454	1455	5546	5547	5548
1423	1455	1424	5548	5549	5452
1424	1455	1456	5549	5550	5551
1424	1456	1425	5551	5552	5455
1425	1456	1457	5552	5553	5554
1425	1457	1426	5554	5555	5458
1426	1457	160	5555	5556	5557
1426	160	159	5557	220	5461
39	40	1458	100	5558	5559
39	1458	1427	5559	5560	5463
1427	1458	1459	5560	5561	5562
1427	1459	1428	5562	5563	5466
1428	1459	1460	5563	5564	5565
1428	1460	1429	5565	5566	5469
1429	1460	1461	5566	5567	5568
1429	1461	1430	5568	5569	5472
1430	1461	1462	5569	5570	5571
1430	1462	1431	5571	5572	5475
1431	1462	1463	5572	5573	5574
1431	1463	1432	5574	5575	5478
1432	1463	1464	5575	5576	5577
1432	1464	1433	5577	5578	5481
1433	1464	1465	5578	5579	5580
1433	1465	1434	5580	5581	5484
1434	1465	1466	5581	5582	5583
1434	1466	1435	5583	5584	5487
1435	1466	1467	5584	5585	5586
1435	1467	1436	5586	5587	5490
1436	1467	1468	5587	5588	5589
1436	1468	1437	5589	5590	5493
1437	1468	1469	5590	5591	5592
1437	1469	1438	5592	5593	5496
1438	1469	1470	5593	5594	5595
1438	1470	1439	5595	5596	5499
1439	1470	1471	5596	5597	5598
1439	1471	1440	5598	5599	5502
1440	1471	1472	5599	5600	5601
1440	1472	1441	5601	5602	5505
1441	1472	1473	5602	5603	5604
1441	1473	1442	5604	5605	5508
1442	1473	1474	5605	5606	5607
1442	1474	1443	5607	5608	5511
1443	1474	1475	5608	5609	5610
1443	1475	1444	5610	5611	5514
1444	1475	1476	5611	5612	5613
1444	1476	1445	5613	5614	5517
1445	1476	1477	5614	5615	5616
1445	1477	1446	5616	5617	5520
1446	1477	1478	5617	5618	5619
1446	1478	1447	5619	5620	5523
1447	1478	1479	5620	5621	5622
1447	1479	1448	5622	5623	5526
1448	1479	1480	5623	5624	5625
1448	1480	1449	5625	5626	5529
1449	1480	1481	5626	5627	5628
1449	1481	1450	5628	5629	5532
1450	1481	1482	5629	5630	5631
1450	1482	1451	5631	5632	5535
1451	1482	1483	5632	5633	5634
1451	1483	1452	5634	5635	5538
1452	1483	1484	5635	5636	5637
1452	1484	1453	5637	5638	5541
1453	1484	1485	5638	5639	5640
1453	1485	1454	5640	5641	5544
1454	1485	1486	5641	5642	5643
1454	1486	1455	5643	5644	5547
1455	1486	1487	5644	5645	5646
1455	1487	1456	5646	5647	5550
1456	1487	1488	5647	5648	5649
1456	1488	1457	5649	5650	5553
1457	1488	161	5650	5651	5652
1457	161	160	5652	221	5556
40	41	1489	101	5653	5654
40	1489	1458	5654	5655	5558
1458	1489	1490	5655	5656	5657
1458	1490	1459	5657	5658	5561
1459	1490	1491	5658	5659	5660
1459	1491	1460	5660	5661	5564
1460	1491	1492	5661	5662	5663
1460	1492	1461	5663	5664	5567
1461	1492	1493	5664	5665	5666
1461	1493	1462	5666	5667	5570
1462	1493	1494	5667	5668	5669
1462	1494	1463	5669	5670	5573
1463	1494	1495	5670	5671	5672
1463	1495	1464	5672	5673	5576
1464	1495	1496	5673	5674	5675
1464	1496	1465	5675	5676	5579
1465	1496	1497	5676	5677	5678
1465	1497	1466	5678	5679	5582
1466	1497	1498	5679	5680	5681
1466	1498	1467	5681	5682	5585
1467	1498	1499	5682	5683	5684
1467	1499	1468	5684	5685	5588
1468	1499	1500	5685	5686	5687
1468	1500	1469	5687	5688	5591
1469	1500	1501	5688	5689	5690
1469	1501	1470	5690	5691	5594
1470	1501	1502	5691	5692	5693
1470	1502	1471	5693	5694	5597
1471	1502	1503	5694	5695	5696
1471	1503	1472	5696	5697	5600
1472	1503	1504	5697	5698	5699
1472	1504	1473	5699	5700	5603
1473	1504	1505	5700	5701	5702
1473	1505	1474	5702	5703	5606
1474	1505	1506	5703	5704	5705
1474	1506	1475	5705	5706	5609
1475	1506	1507	5706	5707	5708
1475	1507	1476	5708	5709	5612
1476	1507	1508	5709	5710	5711
1476	1508	1477	5711	5712	5615
1477	1508	1509	5712	5713	5714
1477	1509	1478	5714	5715	5618
1478	1509	1510	5715	5716	5717
1478	1510	1479	5717	5718	5621
1479	1510	1511	5718	5719	5720
1479	1511	1480	5720	5721	5624
1480	1511	1512	5721	5722	5723
1480	1512	1481	5723	5724	5627
1481	1512	1513	5724	5725	5726
1481	1513	1482	5726	5727	5630
1482	1513	1514	5727	5728	5729
1482	1514	1483	5729	5730	5633
1483	1514	1515	5730	5731	5732
1483	1515	1484	5732	5733	5636
1484	1515	1516	5733	5734	5735
1484	1516	1485	5735	5736	5639
1485	1516	1517	5736	5737	5738
1485	1517	1486	5738	5739	5642
1486	1517	1518	5739	5740	5741
1486	1518	1487	5741	5742	5645
1487	1518	1519	5742	5743	5744
1487	1519	1488	5744	5745	5648
1488	1519	162	5745	5746	5747
1488	162	161	5747	222	5651
41	42	1520	102	5748	5749
41	1520	1489	5749	5750	5653
1489	1520	1521	5750	5751	5752
1489	1521	1490	5752	5753	5656
1490	1521	1522	5753	5754	5755
1490	1522	1491	5755	5756	5659
1491	1522	1523	5756	5757	5758
1491	1523	1492	5758	5759	5662
1492	1523	1524	5759	5760	5761
1492	1524	1493	5761	5762	5665
1493	1524	1525	5762	5763	5764
1493	1525	1494	5764	5765	5668
1494	1525	1526	5765	5766	5767
1494	1526	1495	5767	5768	5671
1495	1526	1527	5768	5769	5770
1495	1527	1496	5770	5771	5674
1496	1527	1528	5771	5772	5773
1496	1528	1497	5773	5774	5677
1497	1528	1529	5774	5775	5776
1497	1529	1498	5776	5777	5680
1498	1529	1530	5777	5778	5779
1498	1530	1499	5779	5780	5683
1499	1530	1531	5780	5781	5782
1499	1531	1500	5782	5783	5686
1500	1531	1532	5783	5784	5785
1500	1532	1501	5785	5786	5689
1501	1532	1533	5786	5787	5788
1501	1533	1502	5788	5789	5692
1502	1533	1534	5789	5790	5791
1502	1534	1503	5791	5792	5695
1503	1534	1535	5792	5793	5794
1503	1535	1504	5794	5795	5698
1504	1535	1536	5795	5796	5797
1504	1536	1505	5797	5798	5701
1505	1536	1537	5798	5799	5800
1505	1537	1506	5800	5801	5704
1506	1537	1538	5801	5802	5803
1506	1538	1507	5803	5804	5707
1507	1538	1539	5804	5805	5806
1507	1539	1508	5806	5807	5710
1508	1539	1540	5807	5808	5809
1508	1540	1509	5809	5810	5713
1509	1540	1541	5810	5811	5812
1509	1541	1510	5812	5813	5716
1510	1541	1542	5813	5814	5815
1510	1542	1511	5815	5816	5719
1511	1542	1543	5816	5817	5818
1511	1543	1512	5818	5819	5722
1512	1543	1544	5819	5820	5821
1512	1544	1513	5821	5822	5725
1513	1544	1545	5822	5823	5824
1513	1545	1514	5824	5825	5728
1514	1545	1546	5825	5826	5827
1514	1546	1515	5827	5828	5731
1515	1546	1547	5828	5829	5830
1515	1547	1516	5830	5831	5734
1516	1547	1548	5831	5832	5833
1516	1548	1517	5833	5834	5737
1517	1548	1549	5834	5835	5836
1517	1549	1518	5836	5837	5740
1518	1549	1550	5837	5838	5839
1518	1550	1519	5839	5840	5743
1519	1550	163	5840	5841	5842
1519	163	162	5842	223	5746
42	43	1551	103	5843	5844
42	1551	1520	5844	5845	5748
1520	1551	1552	5845	5846	5847
1520	1552	1521	5847	5848	5751
1521	1552	1553	5848	5849	5850
1521	1553	1522	5850	5851	5754
1522	1553	1554	5851	5852	5853
1522	1554	1523	5853	5854	5757
1523	1554	1555	5854	5855	5856
1523	1555	1524	5856	5857	5760
1524	1555	1556	5857	5858	5859
1524	1556	1525	5859	5860	5763
1525	1556	1557	5860	5861	5862
1525	1557	1526	5862	5863	5766
1526	1557	1558	5863	5864	5865
1526	1558	1527	5865	5866	5769
1527	1558	1559	5866	5867	5868
1527	1559	1528	5868	5869	5772
1528	1559	1560	5869	5870	5871
1528	1560	1529	5871	5872	5775
1529	1560	1561	5872	5873	5874
1529	1561	1530	5874	5875	5778
1530	1561	1562	5875	5876	5877
1530	1562	1531	5877	5878	5781
1531	1562	1563	5878	5879	5880
1531	1563	1532	5880	5881	5784
1532	1563	1564	5881	5882	5883
1532	1564	1533	5883	5884	5787
1533	1564	1565	5884	5885	5886
1533	1565	1534	5886	5887	5790
1534	1565	1566	5887	5888	5889
1534	1566	1535	5889	5890	5793
1535	1566	1567	5890	5891	5892
1535	1567	1536	5892	5893	5796
1536	1567	1568	5893	5894	5895
1536	1568	1537	5895	5896	5799
1537	1568	1569	5896	5897	5898
1537	1569	1538	5898	5899	5802
1538	1569	1570	5899	5900	5901
1538	1570	1539	5901	5902	5805
1539	1570	1571	5902	5903	5904
1539	1571	1540	5904	5905	5808
1540	1571	1572	5905	5906	5907
1540	1572	1541	5907	5908	5811
1541	1572	1573	5908	5909	5910
1541	1573	1542	5910	5911	5814
1542	1573	1574	5911	5912	5913
1542	1574	1543	5913	5914	5817
1543	1574	1575	5914	5915	5916
1543	1575	1544	5916	5917	5820
1544	1575	1576	5917	5918	5919
1544	1576	1545	5919	5920	5823
1545	1576	1577	5920	5921	5922
1545	1577	1546	5922	5923	5826
1546	1577	1578	5923	5924	5925
1546	1578	1547	5925	5926	5829
1547	1578	1579	5926	5927	5928
1547	1579	1548	5928	5929	5832
1548	1579	1580	5929	5930	5931
1548	1580	1549	5931	5932	5835
1549	1580	1581	5932	5933	5934
1549	1581	1550	5934	5935	5838
1550	1581	164	5935	5936	5937
1550	164	163	5937	224	5841
43	44	1582	104	5938	5939
43	1582	1551	5939	5940	5843
1551	1582	1583	5940	5941	5942
1551	1583	1552	5942	5943	5846
1552	1583	1584	5943	5944	5945
1552	1584	1553	5945	5946	5849
1553	1584	1585	5946	5947	5948
1553	1585	1554	5948	5949	5852
1554	1585	1586	5949	5950	5951
1554	1586	1555	5951	5952	5855
1555	1586	1587	5952	5953	5954
1555	1587	1556	5954	5955	5858
1556	1587	1588	5955	5956	5957
1556	1588	1557	5957	5958	5861
1557	1588	1589	5958	5959	5960
1557	1589	1558	5960	5961	5864
1558	1589	1590	5961	5962	5963
1558	1590	1559	5963	5964	5867
1559	1590	1591	5964	5965	5966
1559	1591	1560	5966	5967	5870
1560	1591	1592	5967	5968	5969
1560	1592	1561	5969	5970	5873
1561	1592	1593	5970	5971	5972
1561	1593	1562	5972	5973	5876
1562	1593	1594	5973	5974	5975
1562	1594	1563	5975	5976	5879
1563	1594	1595	5976	5977	5978
1563	1595	1564	5978	5979	5882
1564	1595	1596	5979	5980	5981
1564	1596	1565	5981	5982	5885
1565	1596	1597	5982	5983	5984
1565	1597	1566	5984	5985	5888
1566	1597	1598	5985	5986	5987
1566	1598	1567	5987	5988	5891
1567	1598	1599	5988	5989	5990
1567	1599	1568	5990	5991	5894
1568	1599	1600	5991	5992	5993
1568	1600	1569	5993	5994	5897
1569	1600	1601	5994	5995	5996
1569	1601	1570	5996	5997	5900
1570	1601	1602	5997	5998	5999
1570	1602	1571	5999	6000	5903
1571	1602	1603	6000	6001	6002
1571	1603	1572	6002	6003	5906
1572	1603	1604	6003	6004	6005
1572	1604	1573	6005	6006	5909
1573	1604	1605	6006	6007	6008
1573	1605	1574	6008	6009	5912
1574	1605	1606	6009	6010	6011
1574	1606	1575	6011	6012	5915
1575	1606	1607	6012	6013	6014
1575	1607	1576	6014	6015	5918
1576	1607	1608	6015	6016	6017
1576	1608	1577	6017	6018	5921
1577	1608	1609	6018	6019	6020
1577	1609	1578	6020	6021	5924
1578	1609	1610	6021	6022	6023
1578	1610	1579	6023	6024	5927
1579	1610	1611	6024	6025	6026
1579	1611	1580	6026	6027	5930
1580	1611	1612	6027	6028	6029
1580	1612	1581	6029	6030	5933
1581	1612	165	6030	6031	6032
1581	165	164	6032	225	5936
44	45	1613	105	6033	6034
44	1613	1582	6034	6035	5938
1582	1613	1614	6035	6036	6037
1582	1614	1583	6037	6038	5941
1583	1614	1615	6038	6039	6040
1583	1615	1584	6040	6041	5944
1584	1615	1616	6041	6042	6043
1584	1616	1585	6043	6044	5947
1585	1616	1617	6044	6045	6046
1585	1617	1586	6046	6047	5950
1586	1617	1618	6047	6048	6049
1586	1618	1587	6049	6050	5953
1587	1618	1619	6050	6051	6052
1587	1619	1588	6052	6053	5956
1588	1619	1620	6053	6054	6055
1588	1620	1589	6055	6056	5959
1589	1620	1621	6056	6057	6058
1589	1621	1590	6058	6059	5962
1590	1621	1622	6059	6060	6061
1590	1622	1591	6061	6062	5965
1591	1622	1623	6062	6063	6064
1591	1623	1592	6064	6065	5968
1592	1623	1624	6065	6066	6067
1592	1624	1593	6067	6068	5971
1593	1624	1625	6068	6069	6070
1593	1625	1594	6070	6071	5974
1594	1625	1626	6071	6072	6073
1594	1626	1595	6073	6074	5977
1595	1626	1627	6074	6075	6076
1595	1627	1596	6076	6077	5980
1596	1627	1628	6077	6078	6079
1596	1628	1597	6079	6080	5983
1597	1628	1629	6080	6081	6082
1597	1629	1598	6082	6083	5986
1598	1629	1630	6083	6084	6085
1598	1630	1599	6085	6086	5989
1599	1630	1631	6086	6087	6088
1599	1631	1600	6088	6089	5992
1600	1631	1632	6089	6090	6091
1600	1632	1601	6091	6092	5995
1601	1632	1633	6092	6093	6094
1601	1633	1602	6094	6095	5998
1602	1633	1634	6095	6096	6097
1602	1634	1603	6097	6098	6001
1603	1634	1635	6098	6099	6100
1603	1635	1604	6100	6101	6004
1604	1635	1636	6101	6102	6103
1604	1636	1605	6103	6104	6007
1605	1636	1637	6104	6105	6106
1605	1637	1606	6106	6107	6010
1606	1637	1638	6107	6108	6109
1606	1638	1607	6109	6110	6013
1607	1638	1639	6110	6111	6112
1607	1639	1608	6112	6113	6016
1608	1639	1640	6113	6114	6115
1608	1640	1609	6115	6116	6019
1609	1640	1641	6116	6117	6118
1609	1641	1610	6118	6119	6022
1610	1641	1642	6119	6120	6121
1610	1642	1611	6121	6122	6025
1611	1642	1643	6122	6123	6124
1611	1643	1612	6124	6125	6028
1612	1643	166	6125	6126	6127
1612	166	165	6127	226	6031
45	46	1644	106	6128	6129
45	1644	1613	6129	6130	6033
1613	1644	1645	6130	6131	6132
1613	1645	1614	6132	6133	6036
1614	1645	1646	6133	6134	6135
1614	1646	1615	6135	6136	6039
1615	1646	1647	6136	6137	6138
1615	1647	1616	6138	6139	6042
1616	1647	1648	6139	6140	6141
1616	1648	1617	6141	6142	6045
1617	1648	1649	6142	6143	6144
1617	1649	1618	6144	6145	6048
1618	1649	1650	6145	6146	6147
1618	1650	1619	6147	6148	6051
1619	1650	1651	6148	6149	6150
1619	1651	1620	6150	6151	6054
1620	1651	1652	6151	6152	6153
1620	1652	1621	6153	6154	6057
1621	1652	1653	6154	6155	6156
1621	1653	1622	6156	6157	6060
1622	1653	1654	6157	6158	6159
1622	1654	1623	6159	6160	6063
1623	1654	1655	6160	6161	6162
1623	1655	1624	6162	6163	6066
1624	1655	1656	6163	6164	6165
1624	1656	1625	6165	6166	6069
1625	1656	1657	6166	6167	6168
1625	1657	1626	6168	6169	6072
1626	1657	1658	6169	6170	6171
1626	1658	1627	6171	6172	6075
1627	1658	1659	6172	6173	6174
1627	1659	1628	6174	6175	6078
1628	1659	1660	6175	6176	6177
1628	1660	1629	6177	6178	6081
1629	1660	1661	6178	6179	6180
1629	1661	1630	6180	6181	6084
1630	1661	1662	6181	6182	6183
1630	1662	1631	6183	6184	6087
1631	1662	1663	6184	6185	6186
1631	1663	1632	6186	6187	6090
1632	1663	1664	6187	6188	6189
1632	1664	1633	6189	6190	6093
1633	1664	1665	6190	6191	6192
1633	1665	1634	6192	6193	6096
1634	1665	1666	6193	6194	6195
1634	1666	1635	6195	6196	6099
1635	1666	1667	6196	6197	6198
1635	1667	1636	6198	6199	6102
1636	1667	1668	6199	6200	6201
1636	1668	1637	6201	6202	6105
1637	1668	1669	6202	6203	6204
1637	1669	1638	6204	6205	6108
1638	1669	1670	6205	6206	6207
1638	1670	1639	6207	6208	6111
1639	1670	1671	6208	6209	6210
1639	1671	1640	6210	6211	6114
1640	1671	1672	6211	6212	6213
1640	1672	1641	6213	6214	6117
1641	1672	1673	6214	6215	6216
1641	1673	1642	6216	6217	6120
1642	1673	1674	6217	6218	6219
1642	1674	1643	6219	6220	6123
1643	1674	167	6220	6221	6222
1643	167	166	6222	227	6126
46	47	1675	107	6223	6224
46	1675	1644	6224	6225	6128
1644	1675	1676	6225	6226	6227
1644	1676	1645	6227	6228	6131
1645	1676	1677	6228	6229	6230
1645	1677	1646	6230	6231	6134
1646	1677	1678	6231	6232	6233
1646	1678	1647	6233	6234	6137
1647	1678	1679	6234	6235	6236
1647	1679	1648	6236	6237	6140
1648	1679	1680	6237	6238	6239
1648	1680	1649	6239	6240	6143
1649	1680	1681	6240	6241	6242
1649	1681	1650	6242	6243	6146
1650	1681	1682	6243	6244	6245
1650	1682	1651	6245	6246	6149
1651	1682	1683	6246	6247	6248
1651	1683	1652	6248	6249	6152
1652	1683	1684	6249	6250	6251
1652	1684	1653	6251	6252	6155
1653	1684	1685	6252	6253	6254
1653	1685	1654	6254	6255	6158
1654	1685	1686	6255	6256	6257
1654	1686	1655	6257	6258	6161
1655	1686	1687	6258	6259	6260
1655	1687	1656	6260	6261	6164
1656	1687	1688	6261	6262	6263
1656	1688	1657	6263	6264	6167
1657	1688	1689	6264	6265	6266
1657	1689	1658	6266	6267	6170
1658	1689	1690	6267	6268	6269
1658	1690	1659	6269	6270	6173
1659	1690	1691	6270	6271	6272
1659	1691	1660	6272	6273	6176
1660	1691	1692	6273	6274	6275
1660	1692	1661	6275	6276	6179
1661	1692	1693	6276	6277	6278
1661	1693	1662	6278	6279	6182
1662	1693	1694	6279	6280	6281
1662	1694	1663	6281	6282	6185
1663	1694	1695	6282	6283	6284
1663	1695	1664	6284	6285	6188
1664	1695	1696	6285	6286	6287
1664	1696	1665	6287	6288	6191
1665	1696	1697	6288	6289	6290
1665	1697	1666	6290	6291	6194
1666	1697	1698	6291	6292	6293
1666	1698	1667	6293	6294	6197
1667	1698	1699	6294	6295	6296
1667	1699	1668	6296	6297	6200
1668	1699	1700	6297	6298	6299
1668	1700	1669	6299	6300	6203
1669	1700	1701	6300	6301	6302
1669	1701	1670	6302	6303	6206
1670	1701	1702	6303	6304	6305
1670	1702	1671	6305	6306	6209
1671	1702	1703	6306	6307	6308
1671	1703	1672	6308	6309	6212
1672	1703	1704	6309	6310	6311
1672	1704	1673	6311	6312	6215
1673	1704	1705	6312	6313	6314
1673	1705	1674	6314	6315	6218
1674	1705	168	6315	6316	6317
1674	168	167	6317	228	6221
47	48	1706	108	6318	6319
47	1706	1675	6319	6320	6223
1675	1706	1707	6320	6321	6322
1675	1707	1676	6322	6323	6226
1676	1707	1708	6323	6324	6325
1676	1708	1677	6325	6326	6229
1677	1708	1709	6326	6327	6328
1677	1709	1678	6328	6329	6232
1678	1709	1710	6329	6330	6331
1678	1710	1679	6331	6332	6235
1679	1710	1711	6332	6333	6334
1679	1711	1680	6334	6335	6238
1680	1711	1712	6335	6336	6337
1680	1712	1681	6337	6338	6241
1681	1712	1713	6338	6339	6340
1681	1713	1682	6340	6341	6244
1682	1713	1714	6341	6342	6343
1682	1714	1683	6343	6344	6247
1683	1714	1715	6344	6345	6346
1683	1715	1684	6346	6347	6250
1684	1715	1716	6347	6348	6349
1684	1716	1685	6349	6350	6253
1685	1716	1717	6350	6351	6352
1685	1717	1686	6352	6353	6256
1686	1717	1718	6353	6354	6355
1686	1718	1687	6355	6356	6259
1687	1718	1719	6356	6357	6358
1687	1719	1688	6358	6359	6262
1688	1719	1720	6359	6360	6361
1688	1720	1689	6361	6362	6265
1689	1720	1721	6362	6363	6364
1689	1721	1690	6364	6365	6268
1690	1721	1722	6365	6366	6367
1690	1722	1691	6367	6368	6271
1691	1722	1723	6368	6369	6370
1691	1723	1692	6370	6371	6274
1692	1723	1724	6371	6372	6373
1692	1724	1693	6373	6374	6277
1693	1724	1725	6374	6375	6376
1693	1725	1694	6376	6377	6280
1694	1725	1726	6377	6378	6379
1694	1726	1695	6379	6380	6283
1695	1726	1727	6380	6381	6382
1695	1727	1696	6382	6383	6286
1696	1727	1728	6383	6384	6385
1696	1728	1697	6385	6386	6289
1697	1728	1729	6386	6387	6388
1697	1729	1698	6388	6389	6292
1698	1729	1730	6389	6390	6391
1698	1730	1699	6391	6392	6295
1699	1730	1731	6392	6393	6394
1699	1731	1700	6394	6395	6298
1700	1731	1732	6395	6396	6397
1700	1732	1701	6397	6398	6301
1701	1732	1733	6398	6399	6400
1701	1733	1702	6400	6401	6304
1702	1733	1734	6401	6402	6403
1702	1734	1703	6403	6404	6307
1703	1734	1735	6404	6405	6406
1703	1735	1704	6406	6407	6310
1704	1735	1736	6407	6408	6409
1704	1736	1705	6409	6410	6313
1705	1736	169	6410	6411	6412
1705	169	168	6412	229	6316
48	49	1737	109	6413	6414
48	1737	1706	6414	6415	6318
1706	1737	1738	6415	6416	6417
1706	1738	1707	6417	6418	6321
1707	1738	1739	6418	6419	6420
1707	1739	1708	6420	6421	6324
1708	1739	1740	6421	6422	6423
1708	1740	1709	6423	6424	6327
1709	1740	1741	6424	6425	6426
1709	1741	1710	6426	6427	6330
1710	1741	1742	6427	6428	6429
1710	1742	1711	6429	6430	6333
1711	1742	1743	6430	6431	6432
1711	1743	1712	6432	6433	6336
1712	1743	1744	6433	6434	6435
1712	1744	1713	6435	6436	6339
1713	1744	1745	6436	6437	6438
1713	1745	1714	6438	6439	6342
1714	1745	1746	6439	6440	6441
1714	1746	1715	6441	6442	6345
1715	1746	1747	6442	6443	6444
1715	1747	1716	6444	6445	6348
1716	1747	1748	6445	6446	6447
1716	1748	1717	6447	6448	6351
1717	1748	1749	6448	6449	6450
1717	1749	1718	6450	6451	6354
1718	1749	1750	6451	6452	6453
1718	1750	1719	6453	6454	6357
1719	1750	1751	6454	6455	6456
1719	1751	1720	6456	6457	6360
1720	1751	1752	6457	6458	6459
1720	1752	1721	6459	6460	6363
1721	1752	1753	6460	6461	6462
1721	1753	1722	6462	6463	6366
1722	1753	1754	6463	6464	6465
1722	1754	1723	6465	6466	6369
1723	1754	1755	6466	6467	6468
1723	1755	1724	6468	6469	6372
1724	1755	1756	6469	6470	6471
1724	1756	1725	6471	6472	6375
1725	1756	1757	6472	6473	6474
1725	1757	1726	6474	6475	6378
1726	1757	1758	6475	6476	6477
1726	1758	1727	6477	6478	6381
1727	1758	1759	6478	6479	6480
1727	1759	1728	6480	6481	6384
1728	1759	1760	6481	6482	6483
1728	1760	1729	6483	6484	6387
1729	1760	1761	6484	6485	6486
1729	1761	1730	6486	6487	6390
1730	1761	1762	6487	6488	6489
1730	1762	1731	6489	6490	6393
1731	1762	1763	6490	6491	6492
1731	1763	1732	6492	6493	6396
1732	1763	1764	6493	6494	6495
1732	1764	1733	6495	6496	6399
1733	1764	1765	6496	6497	6498
1733	1765	1734	6498	6499	6402
1734	1765	1766	6499	6500	6501
1734	1766	1735	6501	6502	6405
1735	1766	1767	6502	6503	6504
1735	1767	1736	6504	6505	6408
1736	1767	170	6505	6506	6507
1736	170	169	6507	230	6411
49	50	1768	110	6508	6509
49	1768	1737	6509	6510	6413
1737	1768	1769	6510	6511	6512
1737	1769	1738	6512	6513	6416
1738	1769	1770	6513	6514	6515
1738	1770	1739	6515	6516	6419
1739	1770	1771	6516	6517	6518
1739	1771	1740	6518	6519	6422
1740	1771	1772	6519	6520	6521
1740	1772	1741	6521	6522	6425
1741	1772	1773	6522	6523	6524
1741	1773	1742	6524	6525	6428
1742	1773	1774	6525	6526	6527
1742	1774	1743	6527	6528	6431
1743	1774	1775	6528	6529	6530
1743	1775	1744	6530	6531	6434
1744	1775	1776	6531	6532	6533
1744	1776	1745	6533	6534	6437
1745	1776	1777	6534	6535	6536
1745	1777	1746	6536	6537	6440
1746	1777	1778	6537	6538	6539
1746	1778	1747	6539	6540	6443
1747	1778	1779	6540	6541	6542
1747	1779	1748	6542	6543	6446
1748	1779	1780	6543	6544	6545
1748	1780	1749	6545	6546	6449
1749	1780	1781	6546	6547	6548
1749	1781	1750	6548	6549	6452
1750	1781	1782	6549	6550	6551
1750	1782	1751	6551	6552	6455
1751	1782	1783	6552	6553	6554
1751	1783	1752	6554	6555	6458
1752	1783	1784	6555	6556	6557
1752	1784	1753	6557	6558	6461
1753	1784	1785	6558	6559	6560
1753	1785	1754	6560	6561	6464
1754	1785	1786	6561	6562	6563
1754	1786	1755	6563	6564	6467
1755	1786	1787	6564	6565	6566
1755	1787	1756	6566	6567	6470
1756	1787	1788	6567	6568	6569
1756	1788	1757	6569	6570	6473
1757	1788	1789	6570	6571	6572
1757	1789	1758	6572	6573	6476
1758	1789	1790	6573	6574	6575
1758	1790	1759	6575	6576	6479
1759	1790	1791	6576	6577	6578
1759	1791	1760	6578	6579	6482
1760	1791	1792	6579	6580	6581
1760	1792	1761	6581	6582	6485
1761	1792	1793	6582	6583	6584
1761	1793	1762	6584	6585	6488
1762	1793	1794	6585	6586	6587
1762	1794	1763	6587	6588	6491
1763	1794	1795	6588	6589	6590
1763	1795	1764	6590	6591	6494
1764	1795	1796	6591	6592	6593
1764	1796	1765	6593	6594	6497
1765	1796	1797	6594	6595	6596
1765	1797	1766	6596	6597	6500
1766	1797	1798	6597	6598	6599
1766	1798	1767	6599	6600	6503
1767	1798	171	6600	6601	6602
1767	171	170	6602	231	6506
50	51	1799	111	6603	6604
50	1799	1768	6604	6605	6508
1768	1799	1800	6605	6606	6607
1768	1800	1769	6607	6608	6511
1769	1800	1801	6608	6609	6610
1769	1801	1770	6610	6611	6514
1770	1801	1802	6611	6612	6613
1770	1802	1771	6613	6614	6517
1771	1802	1803	6614	6615	6616
1771	1803	1772	6616	6617	6520
1772	1803	1804	6617	6618	6619
1772	1804	1773	6619	6620	6523
1773	1804	1805	6620	6621	6622
1773	1805	1774	6622	6623	6526
1774	1805	1806	6623	6624	6625
1774	1806	1775	6625	6626	6529
1775	1806	1807	6626	6627	6628
1775	1807	1776	6628	6629	6532
1776	1807	1808	6629	6630	6631
1776	1808	1777	6631	6632	6535
1777	1808	1809	6632	6633	6634
1777	1809	1778	6634	6635	6538
1778	1809	1810	6635	6636	6637
1778	1810	1779	6637	6638	6541
1779	1810	1811	6638	6639	6640
1779	1811	1780	6640	6641	6544
1780	1811	1812	6641	6642	6643
1780	1812	1781	6643	6644	6547
1781	1812	1813	6644	6645	6646
1781	1813	1782	6646	6647	6550
1782	1813	1814	6647	6648	6649
1782	1814	1783	6649	6650	6553
1783	1814	1815	6650	6651	6652
1783	1815	1784	6652	6653	6556
1784	1815	1816	6653	6654	6655
1784	1816	1785	6655	6656	6559
1785	1816	1817	6656	6657	6658
1785	1817	1786	6658	6659	6562
1786	1817	1818	6659	6660	6661
1786	1818	1787	6661	6662	6565
1787	1818	1819	6662	6663	6664
1787	1819	1788	6664	6665	6568
1788	1819	1820	6665	6666	6667
1788	1820	1789	6667	6668	6571
1789	1820	1821	6668	6669	6670
1789	1821	1790	6670	6671	6574
1790	1821	1822	6671	6672	6673
1790	1822	1791	6673	6674	6577
1791	1822	1823	6674	6675	6676
1791	1823	1792	6676	6677	6580
1792	1823	1824	6677	6678	6679
1792	1824	1793	6679	6680	6583
1793	1824	1825	6680	6681	6682
1793	1825	1794	6682	6683	6586
1794	1825	1826	6683	6684	6685
1794	1826	1795	6685	6686	6589
1795	1826	1827	6686	6687	6688
1795	1827	1796	6688	6689	6592
1796	1827	1828	6689	6690	6691
1796	1828	1797	6691	6692	6595
1797	1828	1829	6692	6693	6694
1797	1829	1798	6694	6695	6598
1798	1829	172	6695	6696	6697
1798	172	171	6697	232	6601
51	52	1830	112	6698	6699
51	1830	1799	6699	6700	6603
1799	1830	1831	6700	6701	6702
1799	1831	1800	6702	6703	6606
1800	1831	1832	6703	6704	6705
1800	1832	1801	6705	6706	6609
1801	1832	1833	6706	6707	6708
1801	1833	1802	6708	6709	6612
1802	1833	1834	6709	6710	6711
1802	1834	1803	6711	6712	6615
1803	1834	1835	6712	6713	6714
1803	1835	1804	6714	6715	6618
1804	1835	1836	6715	6716	6717
1804	1836	1805	6717	6718	6621
1805	1836	1837	6718	6719	6720
1805	1837	1806	6720	6721	6624
1806	1837	1838	6721	6722	6723
1806	1838	1807	6723	6724	6627
1807	1838	1839	6724	6725	6726
1807	1839	1808	6726	6727	6630
1808	1839	1840	6727	6728	6729
1808	1840	1809	6729	6730	6633
1809	1840	1841	6730	6731	6732
1809	1841	1810	6732	6733	6636
1810	1841	1842	6733	6734	6735
1810	1842	1811	6735	6736	6639
1811	1842	1843	6736	6737	6738
1811	1843	1812	6738	6739	6642
1812	1843	1844	6739	6740	6741
1812	1844	1813	6741	6742	6645
1813	1844	1845	6742	6743	6744
1813	1845	1814	6744	6745	6648
1814	1845	1846	6745	6746	6747
1814	1846	1815	6747	6748	6651
1815	1846	1847	6748	6749	6750
1815	1847	1816	6750	6751	6654
1816	1847	1848	6751	6752	6753
1816	1848	1817	6753	6754	6657
1817	1848	1849	6754	6755	6756
1817	1849	1818	6756	6757	6660
1818	1849	1850	6757	6758	6759
1818	1850	1819	6759	6760	6663
1819	1850	1851	6760	6761	6762
1819	1851	1820	6762	6763	6666
1820	1851	1852	6763	6764	6765
1820	1852	1821	6765	6766	6669
1821	1852	1853	6766	6767	6768
1821	1853	1822	6768	6769	6672
1822	1853	1854	6769	6770	6771
1822	1854	1823	6771	6772	6675
1823	1854	1855	6772	6773	6774
1823	1855	1824	6774	6775	6678
1824	1855	1856	6775	6776	6777
1824	1856	1825	6777	6778	6681
1825	1856	1857	6778	6779	6780
1825	1857	1826	6780	6781	6684
1826	1857	1858	6781	6782	6783
1826	1858	1827	6783	6784	6687
1827	1858	1859	6784	6785	6786
1827	1859	1828	6786	6787	6690
1828	1859	1860	6787	6788	6789
1828	1860	1829	6789	6790	6693
1829	1860	173	6790	6791	6792
1829	173	172	6792	233	6696
52	53	1861	113	6793	6794
52	1861	1830	6794	6795	6698
1830	1861	1862	6795	6796	6797
1830	1862	1831	6797	6798	6701
1831	1862	1863	6798	6799	6800
1831	1863	1832	6800	6801	6704
1832	1863	1864	6801	6802	6803
1832	1864	1833	6803	6804	6707
1833	1864	1865	6804	6805	6806
1833	1865	1834	6806	6807	6710
1834	1865	1866	6807	6808	6809
1834	1866	1835	6809	6810	6713
1835	1866	1867	6810	6811	6812
1835	1867	1836	6812	6813	6716
1836	1867	1868	6813	6814	6815
1836	1868	1837	6815	6816	6719
1837	1868	1869	6816	6817	6818
1837	1869	1838	6818	6819	6722
1838	1869	1870	6819	6820	6821
1838	1870	1839	6821	6822	6725
1839	1870	1871	6822	6823	6824
1839	1871	1840	6824	6825	6728
1840	1871	1872	6825	6826	6827
1840	1872	1841	6827	6828	6731
1841	1872	1873	6828	6829	6830
1841	1873	1842	6830	6831	6734
1842	1873	1874	6831	6832	6833
1842	1874	1843	6833	6834	6737
1843	1874	1875	6834	6835	6836
1843	1875	1844	6836	6837	6740
1844	1875	1876	6837	6838	6839
1844	1876	1845	6839	6840	6743
1845	1876	1877	6840	6841	6842
1845	1877	1846	6842	6843	6746
1846	1877	1878	6843	6844	6845
1846	1878	1847	6845	6846	6749
1847	1878	1879	6846	6847	6848
1847	1879	1848	6848	6849	6752
1848	1879	1880	6849	6850	6851
1848	1880	1849	6851	6852	6755
1849	1880	1881	6852	6853	6854
1849	1881	1850	6854	6855	6758
1850	1881	1882	6855	6856	6857
1850	1882	1851	6857	6858	6761
1851	1882	1883	6858	6859	6860
1851	1883	1852	6860	6861	6764
1852	1883	1884	6861	6862	6863
1852	1884	1853	6863	6864	6767
1853	1884	1885	6864	6865	6866
1853	1885	1854	6866	6867	6770
1854	1885	1886	6867	6868	6869
1854	1886	1855	6869	6870	6773
1855	1886	1887	6870	6871	6872
1855	1887	1856	6872	6873	6776
1856	1887	1888	6873	6874	6875
1856	1888	1857	6875	6876	6779
1857	1888	1889	6876	6877	6878
1857	1889	1858	6878	6879	6782
1858	1889	1890	6879	6880	6881
1858	1890	1859	6881	6882	6785
1859	1890	1891	6882	6883	6884
1859	1891	1860	6884	6885	6788
1860	1891	174	6885	6886	6887
1860	174	173	6887	234	6791
53	54	1892	114	6888	6889
53	1892	1861	6889	6890	6793
1861	1892	1893	6890	6891	6892
1861	1893	1862	6892	6893	6796
1862	1893	1894	6893	6894	6895
1862	1894	1863	6895	6896	6799
1863	1894	1895	6896	6897	6898
1863	1895	1864	6898	6899	6802
1864	1895	1896	6899	6900	6901
1864	1896	1865	6901	6902	6805
1865	1896	1897	6902	6903	6904
1865	1897	1866	6904	6905	6808
1866	1897	1898	6905	6906	6907
1866	1898	1867	6907	6908	6811
1867	1898	1899	6908	6909	6910
1867	1899	1868	6910	6911	6814
1868	1899	1900	6911	6912	6913
1868	1900	1869	6913	6914	6817
1869	1900	1901	6914	6915	6916
1869	1901	1870	6916	6917	6820
1870	1901	1902	6917	6918	6919
1870	1902	1871	6919	6920	6823
1871	1902	1903	6920	6921	6922
1871	1903	1872	6922	6923	6826
1872	1903	1904	6923	6924	6925
1872	1904	1873	6925	6926	6829
1873	1904	1905	6926	6927	6928
1873	1905	1874	6928	6929	6832
1874	1905	1906	6929	6930	6931
1874	1906	1875	6931	6932	6835
1875	1906	1907	6932	6933	6934
1875	1907	1876	6934	6935	6838
1876	1907	1908	6935	6936	6937
1876	1908	1877	6937	6938	6841
1877	1908	1909	6938	6939	6940
1877	1909	1878	6940	6941	6844
1878	1909	1910	6941	6942	6943
1878	1910	1879	6943	6944	6847
1879	1910	1911	6944	6945	6946
1879	1911	1880	6946	6947	6850
1880	1911	1912	6947	6948	6949
1880	1912	1881	6949	6950	6853
1881	1912	1913	6950	6951	6952
1881	1913	1882	6952	6953	6856
1882	1913	1914	6953	6954	6955
1882	1914	1883	6955	6956	6859
1883	1914	1915	6956	6957	6958
1883	1915	1884	6958	6959	6862
1884	1915	1916	6959	6960	6961
1884	1916	1885	6961	6962	6865
1885	1916	1917	6962	6963	6964
1885	1917	1886	6964	6965	6868
1886	1917	1918	6965	6966	6967
1886	1918	1887	6967	6968	6871
1887	1918	1919	6968	6969	6970
1887	1919	1888	6970	6971	6874
1888	1919	1920	6971	6972	6973
1888	1920	1889	6973	6974	6877
1889	1920	1921	6974	6975	6976
1889	1921	1890	6976	6977	6880
1890	1921	1922	6977	6978	6979
1890	1922	1891	6979	6980	6883
1891	1922	175	6980	6981	6982
1891	175	174	6982	235	6886
54	55	1923	115	6983	6984
54	1923	1892	6984	6985	6888
1892	1923	1924	6985	6986	6987
1892	1924	1893	6987	6988	6891
1893	1924	1925	6988	6989	6990
1893	1925	1894	6990	6991	6894
1894	1925	1926	6991	6992	6993
1894	1926	1895	6993	6994	6897
1895	1926	1927	6994	6995	6996
1895	1927	1896	6996	6997	6900
1896	1927	1928	6997	6998	6999
1896	1928	1897	6999	7000	6903
1897	1928	1929	7000	7001	7002
1897	1929	1898	7002	7003	6906
1898	1929	1930	7003	7004	7005
1898	1930	1899	7005	7006	6909
1899	1930	1931	7006	7007	7008
1899	1931	1900	7008	7009	6912
1900	1931	1932	7009	7010	7011
1900	1932	1901	7011	7012	6915
1901	1932	1933	7012	7013	7014
1901	1933	1902	7014	7015	6918
1902	1933	1934	7015	7016	7017
1902	1934	1903	7017	7018	6921
1903	1934	1935	7018	7019	7020
1903	1935	1904	7020	7021	6924
1904	1935	1936	7021	7022	7023
1904	1936	1905	7023	7024	6927
1905	1936	1937	7024	7025	7026
1905	1937	1906	7026	7027	6930
1906	1937	1938	7027	7028	7029
1906	1938	1907	7029	7030	6933
1907	1938	1939	7030	7031	7032
1907	1939	1908	7032	7033	6936
1908	1939	1940	7033	7034	7035
1908	1940	1909	7035	7036	6939
1909	1940	1941	7036	7037	7038
1909	1941	1910	7038	7039	6942
1910	1941	1942	7039	7040	7041
1910	1942	1911	7041	7042	6945
1911	1942	1943	7042	7043	7044
1911	1943	1912	7044	7045	6948
1912	1943	1944	7045	7046	7047
1912	1944	1913	7047	7048	6951
1913	1944	1945	7048	7049	7050
1913	1945	1914	7050	7051	6954
1914	1945	1946	7051	7052	7053
1914	1946	1915	7053	7054	6957
1915	1946	1947	7054	7055	7056
1915	1947	1916	7056	7057	6960
1916	1947	1948	7057	7058	7059
1916	1948	1917	7059	7060	6963
1917	1948	1949	7060	7061	7062
1917	1949	1918	7062	7063	6966
1918	1949	1950	7063	7064	7065
1918	1950	1919	7065	7066	6969
1919	1950	1951	7066	7067	7068
1919	1951	1920	7068	7069	6972
1920	1951	1952	7069	7070	7071
1920	1952	1921	7071	7072	6975
1921	1952	1953	7072	7073	7074
1921	1953	1922	7074	7075	6978
1922	1953	176	7075	7076	7077
1922	176	175	7077	236	6981
55	56	1954	116	7078	7079
55	1954	1923	7079	7080	6983
1923	1954	1955	7080	7081	7082
1923	1955	1924	7082	7083	6986
1924	1955	1956	7083	7084	7085
1924	1956	1925	7085	7086	6989
1925	1956	1957	7086	7087	7088
1925	1957	1926	7088	7089	6992
1926	1957	1958	7089	7090	7091
1926	1958	1927	7091	7092	6995
1927	1958	1959	7092	7093	7094
1927	1959	1928	7094	7095	6998
1928	1959	1960	7095	7096	7097
1928	1960	1929	7097	7098	7001
1929	1960	1961	7098	7099	7100
1929	1961	1930	7100	7101	7004
1930	1961	1962	7101	7102	7103
1930	1962	1931	7103	7104	7007
1931	1962	1963	7104	7105	7106
1931	1963	1932	7106	7107	7010
1932	1963	1964	7107	7108	7109
1932	1964	1933	7109	7110	7013
1933	1964	1965	7110	7111	7112
1933	1965	1934	7112	7113	7016
1934	1965	1966	7113	7114	7115
1934	1966	1935	7115	7116	7019
1935	1966	1967	7116	7117	7118
1935	1967	1936	7118	7119	7022
1936	1967	1968	7119	7120	7121
1936	1968	1937	7121	7122	7025
1937	1968	1969	7122	7123	7124
1937	1969	1938	7124	7125	7028
1938	1969	1970	7125	7126	7127
1938	1970	1939	7127	7128	7031
1939	1970	1971	7128	7129	7130
1939	1971	1940	7130	7131	7034
1940	1971	1972	7131	7132	7133
1940	1972	1941	7133	7134	7037
1941	1972	1973	7134	7135	7136
1941	1973	1942	7136	7137	7040
1942	1973	1974	7137	7138	7139
1942	1974	1943	7139	7140	7043
1943	1974	1975	7140	7141	7142
1943	1975	1944	7142	7143	7046
1944	1975	1976	7143	7144	7145
1944	1976	1945	7145	7146	7049
1945	1976	1977	7146	7147	7148
1945	1977	1946	7148	7149	7052
1946	1977	1978	7149	7150	7151
1946	1978	1947	7151	7152	7055
1947	1978	1979	7152	7153	7154
1947	1979	1948	7154	7155	7058
1948	1979	1980	7155	7156	7157
1948	1980	1949	7157	7158	7061
1949	1980	1981	7158	7159	7160
1949	1981	1950	7160	7161	7064
1950	1981	1982	7161	7162	7163
1950	1982	1951	7163	7164	7067
1951	1982	1983	7164	7165	7166
1951	1983	1952	7166	7167	7070
1952	1983	1984	7167	7168	7169
1952	1984	1953	7169	7170	7073
1953	1984	177	7170	7171	7172
1953	177	176	7172	237	7076
56	57	1985	117	7173	7174
56	1985	1954	7174	7175	7078
1954	1985	1986	7175	7176	7177
1954	1986	1955	7177	7178	7081
1955	1986	1987	7178	7179	7180
1955	1987	1956	7180	7181	7084
1956	1987	1988	7181	7182	7183
1956	1988	1957	7183	7184	7087
1957	1988	1989	7184	7185	7186
1957	1989	1958	7186	7187	7090
1958	1989	1990	7187	7188	7189
1958	1990	1959	7189	7190	7093
1959	1990	1991	7190	7191	7192
1959	1991	1960	7192	7193	7096
1960	1991	1992	7193	7194	7195
1960	1992	1961	7195	7196	7099
1961	1992	1993	7196	7197	7198
1961	1993	1962	7198	7199	7102
1962	1993	1994	7199	7200	7201
1962	1994	1963	7201	7202	7105
1963	1994	1995	7202	7203	7204
1963	1995	1964	7204	7205	7108
1964	1995	1996	7205	7206	7207
1964	1996	1965	7207	7208	7111
1965	1996	1997	7208	7209	7210
1965	1997	1966	7210	7211	7114
1966	1997	1998	7211	7212	7213
1966	1998	1967	7213	7214	7117
1967	1998	1999	7214	7215	7216
1967	1999	1968	7216	7217	7120
1968	1999	2000	7217	7218	7219
1968	2000	1969	7219	7220	7123
1969	2000	2001	7220	7221	7222
1969	2001	1970	7222	7223	7126
1970	2001	2002	7223	7224	7225
1970	2002	1971	7225	7226	7129
1971	2002	2003	7226	7227	7228
1971	2003	1972	7228	7229	7132
1972	2003	2004	7229	7230	7231
1972	2004	1973	7231	7232	7135
1973	2004	2005	7232	7233	7234
1973	2005	1974	7234	7235	7138
1974	2005	2006	7235	7236	7237
1974	2006	1975	7237	7238	7141
1975	2006	2007	7238	7239	7240
1975	2007	1976	7240	7241	7144
1976	2007	2008	7241	7242	7243
1976	2008	1977	7243	7244	7147
1977	2008	2009	7244	7245	7246
1977	2009	1978	7246	7247	7150
1978	2009	2010	7247	7248	7249
1978	2010	1979	7249	7250	7153
1979	2010	2011	7250	7251	7252
1979	2011	1980	7252	7253	7156
1980	2011	2012	7253	7254	7255
1980	2012	1981	7255	7256	7159
1981	2012	2013	7256	7257	7258
1981	2013	1982	7258	7259	7162
1982	2013	2014	7259	7260	7261
1982	2014	1983	7261	7262	7165
1983	2014	2015	7262	7263	7264
1983	2015	1984	7264	7265	7168
1984	2015	178	7265	7266	7267
1984	178	177	7267	238	7171
57	58	2016	118	7268	7269
57	2016	1985	7269	7270	7173
1985	2016	2017	7270	7271	7272
1985	2017	1986	7272	7273	7176
1986	2017	2018	7273	7274	7275
1986	2018	1987	7275	7276	7179
1987	2018	2019	7276	7277	7278
1987	2019	1988	7278	7279	7182
1988	2019	2020	7279	7280	7281
1988	2020	1989	7281	7282	7185
1989	2020	2021	7282	7283	7284
1989	2021	1990	7284	7285	7188
1990	2021	2022	7285	7286	7287
1990	2022	1991	7287	7288	7191
1991	2022	2023	7288	7289	7290
1991	2023	1992	7290	7291	7194
1992	2023	2024	7291	7292	7293
1992	2024	1993	7293	7294	7197
1993	2024	2025	7294	7295	7296
1993	2025	1994	7296	7297	7200
1994	2025	2026	7297	7298	7299
1994	2026	1995	7299	7300	7203
1995	2026	2027	7300	7301	7302
1995	2027	1996	7302	7303	7206
1996	2027	2028	7303	7304	7305
1996	2028	1997	7305	7306	7209
1997	2028	2029	7306	7307	7308
1997	2029	1998	7308	7309	7212
1998	2029	2030	7309	7310	7311
1998	2030	1999	7311	7312	7215
1999	2030	2031	7312	7313	7314
1999	2031	2000	7314	7315	7218
2000	2031	2032	7315	7316	7317
2000	2032	2001	7317	7318	7221
2001	2032	2033	7318	7319	7320
2001	2033	2002	7320	7321	7224
2002	2033	2034	7321	7322	7323
2002	2034	2003	7323	7324	7227
2003	2034	2035	7324	7325	7326
2003	2035	2004	7326	7327	7230
2004	2035	2036	7327	7328	7329
2004	2036	2005	7329	7330	7233
2005	2036	2037	7330	7331	7332
2005	2037	2006	7332	7333	7236
2006	2037	2038	7333	7334	7335
2006	2038	2007	7335	7336	7239
2007	2038	2039	7336	7337	7338
2007	2039	2008	7338	7339	7242
2008	2039	2040	7339	7340	7341
2008	2040	2009	7341	7342	7245
2009	2040	2041	7342	7343	7344
2009	2041	2010	7344	7345	7248
2010	2041	2042	7345	7346	7347
2010	2042	2011	7347	7348	7251
2011	2042	2043	7348	7349	7350
2011	2043	2012	7350	7351	7254
2012	2043	2044	7351	7352	7353
2012	2044	2013	7353	7354	7257
2013	2044	2045	7354	7355	7356
2013	2045	2014	7356	7357	7260
2014	2045	2046	7357	7358	7359
2014	2046	2015	7359	7360	7263
2015	2046	179	7360	7361	7362
2015	179	178	7362	239	7266
58	59	2047	119	7363	7364
58	2047	2016	7364	7365	7268
2016	2047	2048	7365	7366	7367
2016	2048	2017	7367	7368	7271
2017	2048	2049	7368	7369	7370
2017	2049	2018	7370	7371	7274
2018	2049	2050	7371	7372	7373
2018	2050	2019	7373	7374	7277
2019	2050	2051	7374	7375	7376
2019	2051	2020	7376	7377	7280
2020	2051	2052	7377	7378	7379
2020	2052	2021	7379	7380	7283
2021	2052	2053	7380	7381	7382
2021	2053	2022	7382	7383	7286
2022	2053	2054	7383	7384	7385
2022	2054	2023	7385	7386	7289
2023	2054	2055	7386	7387	7388
2023	2055	2024	7388	7389	7292
2024	2055	2056	7389	7390	7391
2024	2056	2025	7391	7392	7295
2025	2056	2057	7392	7393	7394
2025	2057	2026	7394	7395	7298
2026	2057	2058	7395	7396	7397
2026	2058	2027	7397	7398	7301
2027	2058	2059	7398	7399	7400
2027	2059	2028	7400	7401	7304
2028	2059	2060	7401	7402	7403
2028	2060	2029	7403	7404	7307
2029	2060	2061	7404	7405	7406
2029	2061	2030	7406	7407	7310
2030	2061	2062	7407	7408	7409
2030	2062	2031	7409	7410	7313
2031	2062	2063	7410	7411	7412
2031	2063	2032	7412	7413	7316
2032	2063	2064	7413	7414	7415
2032	2064	2033	7415	7416	7319
2033	2064	2065	7416	7417	7418
2033	2065	2034	7418	7419	7322
2034	2065	2066	7419	7420	7421
2034	2066	2035	7421	7422	7325
2035	2066	2067	7422	7423	7424
2035	2067	2036	7424	7425	7328
2036	2067	2068	7425	7426	7427
2036	2068	2037	7427	7428	7331
2037	2068	2069	7428	7429	7430
2037	2069	2038	7430	7431	7334
2038	2069	2070	7431	7432	7433
2038	2070	2039	7433	7434	7337
2039	2070	2071	7434	7435	7436
2039	2071	2040	7436	7437	7340
2040	2071	2072	7437	7438	7439
2040	2072	2041	7439	7440	7343
2041	2072	2073	7440	7441	7442
2041	2073	2042	7442	7443	7346
2042	2073	2074	7443	7444	7445
2042	2074	2043	7445	7446	7349
2043	2074	2075	7446	7447	7448
2043	2075	2044	7448	7449	7352
2044	2075	2076	7449	7450	7451
2044	2076	2045	7451	7452	7355
2045	2076	2077	7452	7453	7454
2045	2077	2046	7454	7455	7358
2046	2077	180	7455	7456	7457
2046	180	179	7457	240	7361
59	60	2078	120	7458	7459
59	2078	2047	7459	7460	7363
2047	2078	2079	7460	7461	7462
2047	2079	2048	7462	7463	7366
2048	2079	2080	7463	7464	7465
2048	2080	2049	7465	7466	7369
2049	2080	2081	7466	7467	7468
2049	2081	2050	7468	7469	7372
2050	2081	2082	7469	7470	7471
2050	2082	2051	7471	7472	7375
2051	2082	2083	7472	7473	7474
2051	2083	2052	7474	7475	7378
2052	2083	2084	7475	7476	7477
2052	2084	2053	7477	7478	7381
2053	2084	2085	7478	7479	7480
2053	2085	2054	7480	7481	7384
2054	2085	2086	7481	7482	7483
2054	2086	2055	7483	7484	7387
2055	2086	2087	7484	7485	7486
2055	2087	2056	7486	7487	7390
2056	2087	2088	7487	7488	7489
2056	2088	2057	7489	7490	7393
2057	2088	2089	7490	7491	7492
2057	2089	2058	7492	7493	7396
2058	2089	2090	7493	7494	7495
2058	2090	2059	7495	7496	7399
2059	2090	2091	7496	7497	7498
2059	2091	2060	7498	7499	7402
2060	2091	2092	7499	7500	7501
2060	2092	2061	7501	7502	7405
2061	2092	2093	7502	7503	7504
2061	2093	2062	7504	7505	7408
2062	2093	2094	7505	7506	7507
2062	2094	2063	7507	7508	7411
2063	2094	2095	7508	7509	7510
2063	2095	2064	7510	7511	7414
2064	2095	2096	7511	7512	7513
2064	2096	2065	7513	7514	7417
2065	2096	2097	7514	7515	7516
2065	2097	2066	7516	7517	7420
2066	2097	2098	7517	7518	7519
2066	2098	2067	7519	7520	7423
2067	2098	2099	7520	7521	7522
2067	2099	2068	7522	7523	7426
2068	2099	2100	7523	7524	7525
2068	2100	2069	7525	7526	7429
2069	2100	2101	7526	7527	7528
2069	2101	2070	7528	7529	7432
2070	2101	2102	7529	7530	7531
2070	2102	2071	7531	7532	7435
2071	2102	2103	7532	7533	7534
2071	2103	2072	7534	7535	7438
2072	2103	2104	7535	7536	7537
2072	2104	2073	7537	7538	7441
2073	2104	2105	7538	7539	7540
2073	2105	2074	7540	7541	7444
2074	2105	2106	7541	7542	7543
2074	2106	2075	7543	7544	7447
2075	2106	2107	7544	7545	7546
2075	2107	2076	7546	7547	7450
2076	2107	2108	7547	7548	7549
2076	2108	2077	7549	7550	7453
2077	2108	181	7550	7551	7552
2077	181	180	7552	241	7456
60	61	2109	121	7553	7554
60	2109	2078	7554	7555	7458
2078	2109	2110	7555	7556	7557
2078	2110	2079	7557	7558	7461
2079	2110	2111	7558	7559	7560
2079	2111	2080	7560	7561	7464
2080	2111	2112	7561	7562	7563
2080	2112	2081	7563	7564	7467
2081	2112	2113	7564	7565	7566
2081	2113	2082	7566	7567	7470
2082	2113	2114	7567	7568	7569
2082	2114	2083	7569	7570	7473
2083	2114	2115	7570	7571	7572
2083	2115	2084	7572	7573	7476
2084	2115	2116	7573	7574	7575
2084	2116	2085	7575	7576	7479
2085	2116	2117	7576	7577	7578
2085	2117	2086	7578	7579	7482
2086	2117	2118	7579	7580	7581
2086	2118	2087	7581	7582	7485
2087	2118	2119	7582	7583	7584
2087	2119	2088	7584	7585	7488
2088	2119	2120	7585	7586	7587
2088	2120	2089	7587	7588	7491
2089	2120	2121	7588	7589	7590
2089	2121	2090	7590	7591	7494
2090	2121	2122	7591	7592	7593
2090	2122	2091	7593	7594	7497
2091	2122	2123	7594	7595	7596
2091	2123	2092	7596	7597	7500
2092	2123	2124	7597	7598	7599
2092	2124	2093	7599	7600	7503
2093	2124	2125	7600	7601	7602
2093	2125	2094	7602	7603	7506
2094	2125	2126	7603	7604	7605
2094	2126	2095	7605	7606	7509
2095	2126	2127	7606	7607	7608
2095	2127	2096	7608	7609	7512
2096	2127	2128	7609	7610	7611
2096	2128	2097	7611	7612	7515
2097	2128	2129	7612	7613	7614
2097	2129	2098	7614	7615	7518
2098	2129	2130	7615	7616	7617
2098	2130	2099	7617	7618	7521
2099	2130	2131	7618	7619	7620
2099	2131	2100	7620	7621	7524
2100	2131	2132	7621	7622	7623
2100	2132	2101	7623	7624	7527
2101	2132	2133	7624	7625	7626
2101	2133	2102	7626	7627	7530
2102	2133	2134	7627	7628	7629
2102	2134	2103	7629	7630	7533
2103	2134	2135	7630	7631	7632
2103	2135	2104	7632	7633	7536
2104	2135	2136	7633	7634	7635
2104	2136	2105	7635	7636	7539
2105	2136	2137	7636	7637	7638
2105	2137	2106	7638	7639	7542
2106	2137	2138	7639	7640	7641
2106	2138	2107	7641	7642	7545
2107	2138	2139	7642	7643	7644
2107	2139	2108	7644	7645	7548
2108	2139	182	7645	7646	7647
2108	182	181	7647	242	7551
61	62	2140	122	7648	7649
61	2140	2109	7649	7650	7553
2109	2140	2141	7650	7651	7652
2109	2141	2110	7652	7653	7556
2110	2141	2142	7653	7654	7655
2110	2142	2111	7655	7656	7559
2111	2142	2143	7656	7657	7658
2111	2143	2112	7658	7659	7562
2112	2143	2144	7659	7660	7661
2112	2144	2113	7661	7662	7565
2113	2144	2145	7662	7663	7664
2113	2145	2114	7664	7665	7568
2114	2145	2146	7665	7666	7667
2114	2146	2115	7667	7668	7571
2115	2146	2147	7668	7669	7670
2115	2147	2116	7670	7671	7574
2116	2147	2148	7671	7672	7673
2116	2148	2117	7673	7674	7577
2117	2148	2149	7674	7675	7676
2117	2149	2118	7676	7677	7580
2118	2149	2150	7677	7678	7679
2118	2150	2119	7679	7680	7583
2119	2150	2151	7680	7681	7682
2119	2151	2120	7682	7683	7586
2120	2151	2152	7683	7684	7685
2120	2152	2121	7685	7686	7589
2121	2152	2153	7686	7687	7688
2121	2153	2122	7688	7689	7592
2122	2153	2154	7689	7690	7691
2122	2154	2123	7691	7692	7595
2123	2154	2155	7692	7693	7694
2123	2155	2124	7694	7695	7598
2124	2155	2156	7695	7696	7697
2124	2156	2125	7697	7698	7601
2125	2156	2157	7698	7699	7700
2125	2157	2126	7700	7701	7604
2126	2157	2158	7701	7702	7703
2126	2158	2127	7703	7704	7607
2127	2158	2159	7704	7705	7706
2127	2159	2128	7706	7707	7610
2128	2159	2160	7707	7708	7709
2128	2160	2129	7709	7710	7613
2129	2160	2161	7710	7711	7712
2129	2161	2130	7712	7713	7616
2130	2161	2162	7713	7714	7715
2130	2162	2131	7715	7716	7619
2131	2162	2163	7716	7717	7718
2131	2163	2132	7718	7719	7622
2132	2163	2164	7719	7720	7721
2132	2164	2133	7721	7722	7625
2133	2164	2165	7722	7723	7724
2133	2165	2134	7724	7725	7628
2134	2165	2166	7725	7726	7727
2134	2166	2135	7727	7728	7631
2135	2166	2167	7728	7729	7730
2135	2167	2136	7730	7731	7634
2136	2167	2168	7731	7732	7733
2136	2168	2137	7733	7734	7637
2137	2168	2169	7734	7735	7736
2137	2169	2138	7736	7737	7640
2138	2169	2170	7737	7738	7739
2138	2170	2139	7739	7740	7643
2139	2170	183	7740	7741	7742
2139	183	182	7742	243	7646
62	63	2171	123	7743	7744
62	2171	2140	7744	7745	7648
2140	2171	2172	7745	7746	7747
2140	2172	2141	7747	7748	7651
2141	2172	2173	7748	7749	7750
2141	2173	2142	7750	7751	7654
2142	2173	2174	7751	7752	7753
2142	2174	2143	7753	7754	7657
2143	2174	2175	7754	7755	7756
2143	2175	2144	7756	7757	7660
2144	2175	2176	7757	7758	7759
2144	2176	2145	7759	7760	7663
2145	2176	2177	7760	7761	7762
2145	2177	2146	7762	7763	7666
2146	2177	2178	7763	7764	7765
2146	2178	2147	7765	7766	7669
2147	2178	2179	7766	7767	7768
2147	2179	2148	7768	7769	7672
2148	2179	2180	7769	7770	7771
2148	2180	2149	7771	7772	7675
2149	2180	2181	7772	7773	7774
2149	2181	2150	7774	7775	7678
2150	2181	2182	7775	7776	7777
2150	2182	2151	7777	7778	7681
2151	2182	2183	7778	7779	7780
2151	2183	2152	7780	7781	7684
2152	2183	2184	7781	7782	7783
2152	2184	2153	7783	7784	7687
2153	2184	2185	7784	7785	7786
2153	2185	2154	7786	7787	7690
2154	2185	2186	7787	7788	7789
2154	2186	2155	7789	7790	7693
2155	2186	2187	7790	7791	7792
2155	2187	2156	7792	7793	7696
2156	2187	2188	7793	7794	7795
2156	2188	2157	7795	7796	7699
2157	2188	2189	7796	7797	7798
2157	2189	2158	7798	7799	7702
2158	2189	2190	7799	7800	7801
2158	2190	2159	7801	7802	7705
2159	2190	2191	7802	7803	7804
2159	2191	2160	7804	7805	7708
2160	2191	2192	7805	7806	7807
2160	2192	2161	7807	7808	7711
2161	2192	2193	7808	7809	7810
2161	2193	2162	7810	7811	7714
2162	2193	2194	7811	7812	7813
2162	2194	2163	7813	7814	7717
2163	2194	2195	7814	7815	7816
2163	2195	2164	7816	7817	7720
2164	2195	2196	7817	7818	7819
2164	2196	2165	7819	7820	7723
2165	2196	2197	7820	7821	7822
2165	2197	2166	7822	7823	7726
2166	2197	2198	7823	7824	7825
2166	2198	2167	7825	7826	7729
2167	2198	2199	7826	7827	7828
2167	2199	2168	7828	7829	7732
2168	2199	2200	7829	7830	7831
2168	2200	2169	7831	7832	7735
2169	2200	2201	7832	7833	7834
2169	2201	2170	7834	7835	7738
2170	2201	184	7835	7836	7837
2170	184	183	7837	244	7741
63	64	2202	124	7838	7839
63	2202	2171	7839	7840	7743
2171	2202	2203	7840	7841	7842
2171	2203	2172	7842	7843	7746
2172	2203	2204	7843	7844	7845
2172	2204	2173	7845	7846	7749
2173	2204	2205	7846	7847	7848
2173	2205	2174	7848	7849	7752
2174	2205	2206	7849	7850	7851
2174	2206	2175	7851	7852	7755
2175	2206	2207	7852	7853	7854
2175	2207	2176	7854	7855	7758
2176	2207	2208	7855	7856	7857
2176	2208	2177	7857	7858	7761
2177	2208	2209	7858	7859	7860
2177	2209	2178	7860	7861	7764
2178	2209	2210	7861	7862	7863
2178	2210	2179	7863	7864	7767
2179	2210	2211	7864	7865	7866
2179	2211	2180	7866	7867	7770
2180	2211	2212	7867	7868	7869
2180	2212	2181	7869	7870	7773
2181	2212	2213	7870	7871	7872
2181	2213	2182	7872	7873	7776
2182	2213	2214	7873	7874	7875
2182	2214	2183	7875	7876	7779
2183	2214	2215	7876	7877	7878
2183	2215	2184	7878	7879	7782
2184	2215	2216	7879	7880	7881
2184	2216	2185	7881	7882	7785
2185	2216	2217	7882	7883	7884
2185	2217	2186	7884	7885	7788
2186	2217	2218	7885	7886	7887
2186	2218	2187	7887	7888	7791
2187	2218	2219	7888	7889	7890
2187	2219	2188	7890	7891	7794
2188	2219	2220	7891	7892	7893
2188	2220	2189	7893	7894	7797
2189	2220	2221	7894	7895	7896
2189	2221	2190	7896	7897	7800
2190	2221	2222	7897	7898	7899
2190	2222	2191	7899	7900	7803
2191	2222	2223	7900	7901	7902
2191	2223	2192	7902	7903	7806
2192	2223	2224	7903	7904	7905
2192	2224	2193	7905	7906	7809
2193	2224	2225	7906	7907	7908
2193	2225	2194	7908	7909	7812
2194	2225	2226	7909	7910	7911
2194	2226	2195	7911	7912	7815
2195	2226	2227	7912	7913	7914
2195	2227	2196	7914	7915	7818
2196	2227	2228	7915	7916	7917
2196	2228	2197	7917	7918	7821
2197	2228	2229	7918	7919	7920
2197	2229	2198	7920	7921	7824
2198	2229	2230	7921	7922	7923
2198	2230	2199	7923	7924	7827
2199	2230	2231	7924	7925	7926
2199	2231	2200	7926	7927	7830
2200	2231	2232	7927	7928	7929
2200	2232	2201	7929	7930	7833
2201	2232	185	7930	7931	7932
2201	185	184	7932	245	7836
64	2	310	125	341	7933
64	310	2202	7933	7934	7838
2202	310	311	7934	342	7935
2202	311	2203	7935	7936	7841
2203	311	312	7936	343	7937
2203	312	2204	7937	7938	7844
2204	312	313	7938	344	7939
2204	313	2205	7939	7940	7847
2205	313	314	7940	345	7941
2205	314	2206	7941	7942	7850
2206	314	315	7942	346	7943
2206	315	2207	7943	7944	7853
2207	315	316	7944	347	7945
2207	316	2208	7945	7946	7856
2208	316	317	7946	348	7947
2208	317	2209	7947	7948	7859
2209	317	318	7948	349	7949
2209	318	2210	7949	7950	7862
2210	318	319	7950	350	7951
2210	319	2211	7951	7952	7865
2211	319	320	7952	351	7953
2211	320	2212	7953	7954	7868
2212	320	321	7954	352	7955
2212	321	2213	7955	7956	7871
2213	321	322	7956	353	7957
2213	322	2214	7957	7958	7874
2214	322	323	7958	354	7959
2214	323	2215	7959	7960	7877
2215	323	324	7960	355	7961
2215	324	2216	7961	7962	7880
2216	324	325	7962	356	7963
2216	325	2217	7963	7964	7883
2217	325	326	7964	357	7965
2217	326	2218	7965	7966	7886
2218	326	327	7966	358	7967
2218	327	2219	7967	7968	7889
2219	327	328	7968	359	7969
2219	328	2220	7969	7970	7892
2220	328	329	7970	360	7971
2220	329	2221	7971	7972	7895
2221	329	330	7972	361	7973
2221	330	2222	7973	7974	7898
2222	330	331	7974	362	7975
2222	331	2223	7975	7976	7901
2223	331	332	7976	363	7977
2223	332	2224	7977	7978	7904
2224	332	333	7978	364	7979
2224	333	2225	7979	7980	7907
2225	333	334	7980	365	7981
2225	334	2226	7981	7982	7910
2226	334	335	7982	366	7983
2226	335	2227	7983	7984	7913
2227	335	336	7984	367	7985
2227	336	2228	7985	7986	7916
2228	336	337	7986	368	7987
2228	337	2229	7987	7988	7919
2229	337	338	7988	369	7989
2229	338	2230	7989	7990	7922
2230	338	339	7990	370	7991
2230	339	2231	7991	7992	7925
2231	339	340	7992	371	7993
2231	340	2232	7993	7994	7928
2232	340	4	7994	372	7995
2232	4	185	7995	246	7931

--------------------------------------------------------------------------------
NUMBER OF BOUNDARY TYPES        TOTAL NUMBER OF ELEMENTS
--------------------------------------------------------------------------------
3                               186

--------------------------------------------------------------------------------
BOUNDARY 1        CONSTRAINS (0-free 1-const 2-glue)  VALUES (default = 0.)
NUMB. OF ELEM.    Ux     Uy     Uz                    Ux     Uy     Uz  
--------------------------------------------------------------------------------
32                1      1      0                     0.125  0.     0.

--------------------------------------------------------------------------------
BOUNDARY 1 - CONNECTIVITY
-------------------------------------------------------------------------------
1	247	278
247	248	279
248	249	280
249	250	281
250	251	282
251	252	283
252	253	284
253	254	285
254	255	286
255	256	287
256	257	288
257	258	289
258	259	290
259	260	291
260	261	292
261	262	293
262	263	294
263	264	295
264	265	296
265	266	297
266	267	298
267	268	299
268	269	300
269	270	301
270	271	302
271	272	303
272	273	304
273	274	305
274	275	306
275	276	307
276	277	308
277	3	309

--------------------------------------------------------------------------------
BOUNDARY 2        CONSTRAINS (0-free 1-const 2-glue)  VALUES (default = 0.)
NUMB. OF ELEM.    Ux     Uy     Uz                    Ux     Uy     Uz  
--------------------------------------------------------------------------------
122               1      1      0                     0.     0.     0.

--------------------------------------------------------------------------------
BOUNDARY 2 - CONNECTIVITY
--------------------------------------------------------------------------------
1	5	65
5	6	66
6	7	67
7	8	68
8	9	69
9	10	70
10	11	71
11	12	72
12	13	73
13	14	74
14	15	75
15	16	76
16	17	77
17	18	78
18	19	79
19	20	80
20	21	81
21	22	82
22	23	83
23	24	84
24	25	85
25	26	86
26	27	87
27	28	88
28	29	89
29	30	90
30	31	91
31	32	92
32	33	93
33	34	94
34	35	95
35	36	96
36	37	97
37	38	98
38	39	99
39	40	100
40	41	101
41	42	102
42	43	103
43	44	104
44	45	105
45	46	106
46	47	107
47	48	108
48	49	109
49	50	110
50	51	111
51	52	112
52	53	113
53	54	114
54	55	115
55	56	116
56	57	117
57	58	118
58	59	119
59	60	120
60	61	121
61	62	122
62	63	123
63	64	124
64	2	125
3	126	186
126	127	187
127	128	188
128	129	189
129	130	190
130	131	191
131	132	192
132	133	193
133	134	194
134	135	195
135	136	196
136	137	197
137	138	198
138	139	199
139	140	200
140	141	201
141	142	202
142	143	203
143	144	204
144	145	205
145	146	206
146	147	207
147	148	208
148	149	209
149	150	210
150	151	211
151	152	212
152	153	213
153	154	214
154	155	215
155	156	216
156	157	217
157	158	218
158	159	219
159	160	220
160	161	221
161	162	222
162	163	223
163	164	224
164	165	225
165	166	226
166	167	227
167	168	228
168	169	229
169	170	230
170	171	231
171	172	232
172	173	233
173	174	234
174	175	235
175	176	236
176	177	237
177	178	238
178	179	239
179	180	240
180	181	241
181	182	242
182	183	243
183	184	244
184	185	245
185	4	246

--------------------------------------------------------------------------------
BOUNDARY 3        CONSTRAINS (0-free 1-const 2-glue)  VALUES (default = 0.)
NUMB. OF ELEM.    Ux     Uy     Uz                    Ux     Uy     Uz  
--------------------------------------------------------------------------------
32                0      0      0                     0.     0.     0.

--------------------------------------------------------------------------------
BOUNDARY 3 - CONNECTIVITY
--------------------------------------------------------------------------------
2	310	341
310	311	342
311	312	343
312	313	344
313	314	345
314	315	346
315	316	347
316	317	348
317	318	349
318	319	350
319	320	351
320	321	352
321	322	353
322	323	354
323	324	355
324	325	356
325	326	357
326	327	358
327	328	359
328	329	360
329	330	361
330	331	362
331	332	363
332	333	364
333	334	365
334	335	366
335	336	367
336	337	368
337	338	369
338	339	370
339	340	371
340	4	372

