--------------------------------------------------------------------------------
ELEMENTS        NODES        TIME STEPS     PRINTING FREQ
--------------------------------------------------------------------------------
1800            3720         100000         1

--------------------------------------------------------------------------------
UNDISTURBED VELOCITY AND PRESSURE
Ux      Uy      Uz      P
--------------------------------------------------------------------------------
0.1250     0.0     0.0     0.0

--------------------------------------------------------------------------------
DENSITY      TEMPERATURE      VISCOSITY      THERMAL CONDITIVITY
--------------------------------------------------------------------------------
1.E0         300              0.005           0.0

--------------------------------------------------------------------------------
TIME STEP       TIME INTEGRATION SCHEME (1- Implicit Euler, 2- Adams-Bashforth)
--------------------------------------------------------------------------------
0.25            0.5

--------------------------------------------------------------------------------
EXTERNAL FIELD FORCES CONSTANTS
Gx       Gy       Gz
--------------------------------------------------------------------------------
0.0      0.0      0.0

--------------------------------------------------------------------------------
ARLEQUIN VARIABLES
GLUE ZONE THICKNESS     EPSILON     WEIGHT FUNCT. (POL. DEGREE)   K1     K2
--------------------------------------------------------------------------------
1.0                     1E-2        1                             1E+0   0.E+0 

--------------------------------------------------------------------------------
COMPUTE DRAG AND LIFT FORCES (0-No, 1-Yes)      BOUNDARY NUMBER
--------------------------------------------------------------------------------
1                                               0

--------------------------------------------------------------------------------
PRINT RESULTS (0-No, 1-Yes)
--------------------------------------------------------------------------------
1 - VELOCITY
1 - REAL VELOCITY
1 - LAGRANGE MULTIPLIERS
0 - ELEMENT CORRESPONDENCE
1 - DIST FUNCTION
1 - ENERGY WEIGHT FUNCTION
1 - PRESSURE
1 - REAL PRESSURE
1 - VORTICITY
1 - INNER NORMAL
0 - MESH VELOCITY
0 - MESH DISPLACEMENT
1 - GLUE ZONE
1 - JACOBIAN
1 - PROCESS

--------------------------------------------------------------------------------
NODAL COORDINATES
--------------------------------------------------------------------------------
16.7071	16.7071
16.7071	15.2929
15.2929	15.2929
15.2929	16.7071
10	10
22	10
22	22
10	22
10	21.2
10	20.40000000000001
10	19.6
10	18.80000000000001
10	18.00000000000001
10	17.20000000000001
10	16.40000000000001
10	15.6
10	14.8
10	14
10	13.2
10	12.4
10	11.6
10	10.8
10	21.59999999999928
10	20.7999999999998
10	19.99999999999988
10	19.20000000000029
10	18.39999999999928
10	17.60000000000136
10	16.80000000000001
10	16.00000000000138
10	15.19999999999997
10	14.40000000000006
10	13.59999999999988
10	12.7999999999999
10	11.99999999999962
10	11.20000000000011
10	10.39999999999992
10.79999999999031	10
11.59999999998991	10
12.39999999998501	10
13.19999999998625	10
13.9999999999875	10
14.79999999998875	10
15.59999999998999	10
16.39999999999124	10
17.19999999999249	10
17.99999999999374	10
18.79999999999499	10
19.59999999999625	10
20.3999999999975	10
21.19999999999875	10
10.3999999999952	10
11.19999999999011	10
11.99999999998688	10
12.79999999998552	10
13.59999999998699	10
14.39999999998852	10
15.19999999998915	10
15.99999999998905	10
16.79999999999229	10
17.59999999999237	10
18.39999999999423	10
19.19999999999413	10
19.9999999999977	10
20.79999999999695	10
21.60000000000024	10
22	10.79999999999031
22	11.59999999998991
22	12.39999999998501
22	13.19999999998625
22	13.9999999999875
22	14.79999999998875
22	15.59999999998999
22	16.39999999999124
22	17.19999999999249
22	17.99999999999374
22	18.79999999999499
22	19.59999999999625
22	20.3999999999975
22	21.19999999999875
22	10.3999999999952
22	11.19999999999011
22	11.99999999998688
22	12.79999999998552
22	13.59999999998699
22	14.39999999998852
22	15.19999999998915
22	15.99999999998905
22	16.79999999999229
22	17.59999999999237
22	18.39999999999423
22	19.19999999999413
22	19.9999999999977
22	20.79999999999695
22	21.60000000000024
21.2	22
20.40000000000001	22
19.6	22
18.80000000000001	22
18.00000000000001	22
17.20000000000001	22
16.40000000000001	22
15.6	22
14.8	22
14	22
13.2	22
12.4	22
11.6	22
10.8	22
21.59999999999928	22
20.7999999999998	22
19.99999999999988	22
19.20000000000029	22
18.39999999999928	22
17.60000000000136	22
16.80000000000001	22
16.00000000000138	22
15.19999999999997	22
14.40000000000006	22
13.59999999999988	22
12.7999999999999	22
11.99999999999962	22
11.20000000000011	22
10.39999999999992	22
10.94338057257328	21.05661942742672
11.729531051404	20.270468948596
12.38465644006644	19.61534355993356
12.93059426385412	19.06940573614588
13.38554244973998	18.61445755026002
13.76466593720796	18.23533406279204
14.08060217874675	17.91939782125326
14.34388238247961	17.65611761752039
14.56328254971763	17.43671745028237
14.74611601970273	17.25388398029727
14.89847724155105	17.10152275844895
15.02544492668151	16.97455507331849
15.13125133063698	16.86874866936302
15.2194233332007	16.7805766667993
10.47169028628585	21.52830971371415
11.33645581198855	20.66354418801145
12.05709374573507	19.94290625426493
12.6576253519591	19.3423746480409
13.15806835679765	18.84193164320235
13.57510419347382	18.42489580652618
13.92263405797677	18.07736594202323
14.21224228061297	17.78775771938703
14.45358246609876	17.54641753390124
14.65469928470981	17.34530071529019
14.82229663062693	17.17770336937307
14.9619610841161	17.0380389158839
15.07834812865932	16.92165187134068
15.1753373319187	16.8246626680813
15.25616166660024	16.74383833339976
15.21942332517043	15.21942332517043
15.13125132168971	15.13125132168971
15.02544491677206	15.02544491677206
14.8984772311309	14.8984772311309
14.74611600781205	14.74611600781205
14.56328253687618	14.56328253687618
14.34388236878337	14.34388236878337
14.08060216436648	14.08060216436648
13.76466592241773	13.76466592241773
13.38554243495268	13.38554243495268
12.93059425000246	12.93059425000246
12.38465642835843	12.38465642835843
11.72953104118701	11.72953104118701
10.94338056644321	10.94338056644321
15.25616166258524	15.25616166258524
15.17533732343026	15.17533732343026
15.07834811923092	15.07834811923092
14.96196107395132	14.96196107395132
14.82229661947145	14.82229661947145
14.65469927234408	14.65469927234408
14.45358245282981	14.45358245282981
14.21224226657531	14.21224226657531
13.9226340433922	13.9226340433922
13.57510417868522	13.57510417868522
13.15806834247855	13.15806834247855
12.65762533918199	12.65762533918199
12.05709373477311	12.05709373477311
11.33645580381692	11.33645580381692
10.47169028322125	10.47169028322125
16.78057667479246	15.21942332520754
16.86874867822137	15.13125132177863
16.97455508306798	15.02544491693202
17.10152276861273	14.89847723138727
17.25388399180363	14.74611600819637
17.4367174625701	14.56328253742989
17.6561176304404	14.3438823695596
17.91939783456761	14.08060216543239
18.23533407614264	13.76466592385736
18.61445756312811	13.38554243687189
19.06940574746313	12.93059425253687
19.61534356859949	12.38465643140051
20.27046895449932	11.72953104550068
21.05661942798176	10.94338057201824
16.74383833739608	15.25616166260392
16.82466267650692	15.17533732349308
16.92165188064462	15.07834811935538
17.03803892584008	14.96196107415992
17.17770338020786	14.82229661979214
17.34530072718692	14.65469927281308
17.54641754650494	14.45358245349506
17.78775773250359	14.21224226749641
18.07736595535519	13.9226340446448
18.42489581963571	13.57510418036429
18.84193165529577	13.15806834470423
19.34237465802964	12.65762534197036
19.94290626154975	12.05709373845025
20.66354419124124	11.33645580875876
21.52830971399281	10.47169028600719
16.78057667482981	16.78057667482981
16.86874867831114	16.86874867831114
16.97455508322965	16.97455508322965
17.10152276887099	17.10152276887099
17.25388399219126	17.25388399219126
17.43671746312799	17.43671746312799
17.6561176312204	17.6561176312204
17.91939783563596	17.91939783563596
18.23533407758427	18.23533407758427
18.61445756505056	18.61445756505056
19.06940574999973	19.06940574999973
19.61534357164262	19.61534357164262
20.27046895881559	20.27046895881559
21.05661943355927	21.05661943355927
16.74383833741497	16.74383833741497
16.82466267657048	16.82466267657048
16.92165188077012	16.92165188077012
17.03803892605026	17.03803892605026
17.17770338053074	17.17770338053074
17.34530072765929	17.34530072765929
17.54641754717413	17.54641754717413
17.7877577334271	17.7877577334271
18.07736595661058	18.07736595661058
18.42489582131726	18.42489582131726
18.84193165752458	18.84193165752458
19.34237466082067	19.34237466082067
19.94290626522829	19.94290626522829
20.66354419619073	20.66354419619073
21.5283097167789	21.5283097167789
16.62931435583839	16.77713850859143
16.54463381190185	16.83866252505597
16.45398614594977	16.89099797939483
16.35836451277952	16.93357147341824
16.25881656301227	16.96591656301697
16.15643296482641	16.98767886861855
16.05233545433997	16.99861995785135
15.94766454566095	16.9986199578514
15.84356703517281	16.98767886861843
15.74118343698303	16.96591656301571
15.6416354872196	16.9335714734179
15.54601385405033	16.89099797939489
15.45536618809838	16.83866252505612
15.37068564416124	16.77713850859113
16.66912418936567	16.74313769868426
16.58777961540509	16.80900923586461
16.49999520497663	16.86601709856121
16.40673274245166	16.91353669670011
16.3090140308852	16.95104739562026
16.20790969693296	16.97813822025379
16.10452746083559	16.99451235785749
16.00000000000051	16.99999040995402
15.89547253916441	16.99451235785749
15.79209030306365	16.97813822025307
15.69098596911248	16.9510473956195
15.59326725754689	16.91353669669947
15.50000479502286	16.86601709856091
15.41222038459526	16.80900923586487
15.3308758106338	16.74313769868378
15.22286149140871	16.62931435583857
15.16133747494395	16.54463381190173
15.10900202060468	16.45398614594881
15.0664285265813	16.35836451277833
15.03408343698303	16.25881656301226
15.01232113138145	16.15643296482644
15.00138004214866	16.05233545434021
15.00138004214856	15.94766454566169
15.01232113138142	15.84356703517374
15.03408343698403	15.74118343698398
15.06642852658137	15.6416354872215
15.10900202060428	15.54601385405198
15.16133747494377	15.45536618809854
15.22286149140871	15.37068564416144
15.25686230131586	16.6691241893658
15.19099076413553	16.58777961540529
15.1339829014386	16.4999952049763
15.0864633032997	16.40673274245124
15.04895260437986	16.30901403088556
15.02186177974636	16.20790969693363
15.00548764214258	16.10452746083627
15.00000959004598	16.00000000000106
15.00548764214246	15.89547253916484
15.02186177974658	15.79209030306529
15.04895260438032	15.690985969113
15.08646330329944	15.59326725754933
15.13398290143847	15.50000479502392
15.19099076413552	15.41222038459473
15.25686230131588	15.33087581063418
15.37068564416079	15.22286149140923
15.45536618809766	15.16133747494434
15.54601385405065	15.10900202060496
15.64163548722015	15.06642852658189
15.74118343698191	15.03408343698459
15.84356703517178	15.01232113138174
15.94766454565919	15.00138004214869
16.05233545433718	15.0013800421485
16.15643296482497	15.01232113138122
16.25881656301098	15.03408343698269
16.35836451277622	15.06642852658049
16.45398614594694	15.10900202060373
16.54463381190071	15.16133747494329
16.62931435583806	15.2228614914083
15.33087581063402	15.25686230131602
15.41222038459449	15.1909907641357
15.50000479502278	15.13398290143913
15.59326725754799	15.08646330330004
15.69098596911135	15.04895260438086
15.79209030306265	15.02186177974715
15.89547253916313	15.00548764214264
15.99999999999911	15.00000959004598
16.10452746083345	15.00548764214228
16.2079096969326	15.02186177974614
16.30901403088358	15.04895260437921
16.40673274244848	15.08646330329847
16.49999520497553	15.13398290143815
16.5877796154035	15.19099076413423
16.66912418936525	15.25686230131536
16.77713850859091	15.37068564416097
16.83866252505558	15.45536618809754
16.89099797939455	15.54601385404968
16.93357147341765	15.64163548721896
16.9659165630154	15.74118343698189
16.98767886861827	15.84356703517181
16.99861995785132	15.94766454565942
16.99861995785146	16.05233545433792
16.98767886861863	16.15643296482591
16.96591656301706	16.25881656301194
16.93357147341877	16.35836451277812
16.89099797939544	16.45398614594859
16.83866252505661	16.54463381190088
16.77713850859153	16.62931435583826
16.74313769868353	15.33087581063352
16.80900923586408	15.41222038459417
16.86601709856073	15.50000479502254
16.91353669669927	15.59326725754646
16.9510473956189	15.69098596911062
16.97813822025276	15.79209030306218
16.99451235785735	15.89547253916307
16.99999040995402	15.99999999999876
16.99451235785761	16.10452746083449
16.97813822025382	16.20790969693282
16.95104739562033	16.30901403088498
16.91353669670054	16.40673274245071
16.86601709856165	16.49999520497587
16.80900923586521	16.58777961540427
16.74313769868406	16.66912418936589
10.93089725150719	20.38534337654109
11.70664496281509	19.70646285560707
12.3531013787813	19.14072909724477
12.89181505860859	18.66928429863099
13.34074312458091	18.27641363370035
13.71484984550597	17.94902141364417
14.0266054482548	17.67619456191445
14.28640178631523	17.4488388500474
14.50289873220839	17.25937575903762
14.68331285112139	17.10148985222247
14.8336579471541	16.96991826596807
14.95894552739661	16.86027527715105
15.06335184397837	16.76890612011725
15.15035710707985	16.69276515656301
10.9199315118058	19.71283841249715
11.68654110673251	19.14020375515768
12.32538242594024	18.66300821518808
12.85775019175367	18.26534526515998
13.30138999610162	17.93395947402738
13.67108983239141	17.65780464875199
13.97917303127717	17.4276756263024
14.23590903277541	17.23590143919009
14.44985569824526	17.07608961848556
14.62814458351685	16.94291310324109
14.77671865158886	16.83193267625112
14.90053037515513	16.7394489868069
15.00370681120662	16.6623792459106
15.08968717388104	16.59815446237982
10.91060349640353	19.03926989785757
11.669439745203	18.5719948119466
12.30180327618255	18.18259891357416
12.82877288508897	17.85810233146992
13.26791422540201	17.58768851358357
13.63386534171443	17.36234366596249
13.93882460728954	17.17455629185156
14.19295733102411	17.01806681203963
14.40473459839885	16.88765891376426
14.58121565196488	16.7789856668632
14.72828319368513	16.68842462978436
14.85083947858182	16.61295709858569
14.95296971577561	16.55006748955395
15.03807824608242	16.49765948248657
10.90301540498478	18.36481484766827
11.65552824431495	18.00216055355845
12.28262226759901	17.69994864710171
12.80520062004049	17.44810539152101
13.2406825800208	17.23823601238043
13.60358421277436	17.06334486366323
13.90600224205864	16.91760223893005
14.15801726888455	16.79615005061508
14.36802978887252	16.69493989493484
14.54304021965205	16.61059809985114
14.68888224244856	16.54031327224736
14.8104172615315	16.48174258226463
14.91169644391453	16.43293367423923
14.99609576189169	16.39225958458731
10.8972503742625	17.68965999004373
11.64495902137566	17.43104331487037
12.26804955132483	17.21552942294831
12.78729165926658	17.03593451274108
13.21999341555233	16.88627208805433
13.5805782119455	16.76155340133108
13.88106554427565	16.65762116188225
14.13147165697888	16.57101096165103
14.34014341523071	16.49883579572322
14.51403654459447	16.4386898250898
14.6589474829381	16.38856818415704
14.77970659826546	16.34680014972052
14.88033919421994	16.31199345464321
14.96419969018477	16.28298787569199
10.89337156711546	17.01399972033649
11.63784787499638	16.85899948736257
12.25824478908106	16.72983262936553
12.77524221707979	16.62219358069092
13.20607340680205	16.53249437392385
13.56509939777739	16.45774503541606
13.86428772561035	16.39545391976824
14.11361133457725	16.34354465638314
14.32138100641039	16.30028693751095
14.49452239711799	16.26423883908181
14.63880688663681	16.23419875794968
14.75904396123107	16.20916535666767
14.85924152327619	16.18830418921189
14.94273949099341	16.17091988318957
10.89142148056159	16.33803397129717
11.63427271637678	16.28639561441174
12.25331540388514	16.24336365191668
12.76918430967891	16.20750368275579
13.19907506428659	16.17762037555923
13.55731735938489	16.15271761997595
13.85585260734284	16.13196532371921
14.10463198309763	16.11467174350441
14.31194812727766	16.10026042695873
14.48471157829534	16.08825099679371
14.62868111812287	16.07824313884623
14.74865573459435	16.06990325687221
14.84863458157247	16.06295335549915
14.93195028674283	16.05716177112358
10.8914214801529	15.6619660225731
11.63427271569561	15.7136043753719
12.25331540310456	15.75663633637618
12.76918430875542	15.7924963033936
13.19907506330071	15.82237960965468
13.5573173583988	15.84728236523517
13.85585260638408	15.86803466190199
14.10463198218446	15.8853282428009
14.31194812642148	15.89973956020146
14.48471157750254	15.91174899131732
14.62868111742811	15.92175685073537
14.74865573393362	15.93009673322014
14.84863458097589	15.93704663555542
14.93195028620738	15.94283822084802
10.89337156588944	14.98600027353348
11.63784787295297	15.14100050242051
12.25824478673945	15.27016735892654
12.77524221430944	15.37780640545752
13.20607340384457	15.46750561128897
13.56509939481932	15.54225494979384
13.86428772273427	15.60454606585164
14.11361133183797	15.65645532992076
14.32138100384208	15.69971304964776
14.49452239473983	15.73576114902767
14.63880688455276	15.76580123163034
14.75904395924915	15.79083463342305
14.8592415214867	15.811695801841
14.94273948938733	15.82908010878034
10.89725037221933	14.31034000382554
11.64495901797033	14.56895667491142
12.26804954742261	14.784470565342
12.78729165464992	14.96406547340519
13.21999341062388	15.11372789715596
13.58057820701614	15.23844658387602
13.881065539483	15.3423788237346
14.13147165241429	15.42898902464963
14.3401434109511	15.50116419143209
14.51403654063181	15.56131016301615
14.65894747946565	15.61143180541934
14.77970659496326	15.65319984036646
14.8803391912385	15.68800653640587
14.96419968750901	15.71701211627403
10.90301540212409	13.63518514620164
11.65552823954704	13.99783943622451
12.2826222621353	14.30005134119021
12.80520061357641	14.55189459462724
13.2406825731201	14.76176397283217
13.6035842058723	14.93665512154643
13.9060022353479	15.08239774668957
14.15801726249302	15.20384993568853
14.3680297828799	15.30506009222357
14.54304021410312	15.38940188825804
14.68888223758588	15.45968671733234
14.81041725690716	15.51825740782576
14.9116964397392	15.56706631681333
14.99609575814429	15.60774040738226
10.91060349272541	12.9607300960125
11.66943973907268	13.42800517783668
12.30180326915756	13.81740107471818
12.82877287677775	14.14189765467886
13.26791421652937	14.41231147162963
13.63386533284001	14.63765631924784
13.93882459866107	14.82544369376878
14.19295732280604	14.98193317426477
14.40473459069363	15.11234107339497
14.58121564483011	15.22101432124682
14.72828318743267	15.31157535979622
14.85083947263577	15.38704289150561
14.95296971040687	15.44993250149954
15.03807824126387	15.50234050948394
10.91993150731039	12.28716158137283
11.68654109924	12.85979623462544
12.32538241735429	13.33699177310404
12.85775018159569	13.73465472098851
13.30138998525749	14.06604051118549
13.67108982154512	14.34219533645796
13.97917302073152	14.57232435931754
14.23590902273136	14.76409854711389
14.44985568882805	14.92391036867322
14.62814457479687	15.05708688486847
14.77671864394726	15.16806731332897
14.90053036788804	15.2605510032839
15.00370680464511	15.3376207451424
15.08968716799201	15.40184552959017
10.93089724619445	11.61465661732884
11.70664495396037	12.29353713417596
12.35310136863435	12.85927089104723
12.89181504660382	13.33071568751736
13.34074311176525	13.72358635151235
13.71484983268777	14.05097857156561
14.0266054357919	14.3238054237053
14.28640177444515	14.55116113625635
14.50289872107912	14.74062422812094
14.68331284081613	14.89851013588686
14.83365793812329	15.03008172361178
14.95894551880842	15.1397247129395
15.06335183622406	15.23109387093549
15.15035710012028	15.30723483540673
10.47169028628664	21.12830971371336
10.46544862575359	20.79267168827054
10.93713891204023	20.72098140198391
11.33021415145559	20.32790616256855
11.31877110716114	20.04590311607408
11.71808800710954	19.98846590210154
12.04565070144076	19.66090320777032
12.02987317079819	19.42359597642592
12.36887890942387	19.37803632858916
12.64184782131771	19.10506741669532
12.62245821869494	18.90500669793788
12.91120466123136	18.86934501738844
13.13867875417429	18.64187092444551
13.11627909159475	18.47284896616567
13.36314278716045	18.44543559198019
13.55270453089443	18.2558738482462
13.52779648504344	18.11271752367226
13.73975789135696	18.0921777382181
13.89772601212636	17.93420961744872
13.87072764688039	17.81260798777931
14.05360381350077	17.79779619158385
14.18524391536721	17.66615608971742
14.15650361728502	17.56251670598093
14.31514208439742	17.55247823378389
14.42484216801643	17.44277815016488
14.39465025926181	17.35410730454251
14.53309064096301	17.34804660465999
14.62450737595556	17.25662986966745
14.59310579166489	17.18043280563004
14.71471443541206	17.17768691625987
14.79089504633622	17.10150630533571
14.75848539913775	17.03570405909527
14.86606759435258	17.03572051220851
14.9295514369178	16.97223666964328
14.89630173727535	16.91509677155956
14.99219522703906	16.91741517523477
15.04509842901679	16.86451197325704
15.01114868568749	16.81459069863415
15.09730158730767	16.81882739474014
15.14138758858953	16.77474139345827
15.10685447552911	16.73083563834013
15.18489022014028	16.73667091168115
15.22162855353992	16.6999325782815
15.18660929924428	16.66103975620079
10.46544862575359	20.39267168827055
10.4599657559029	20.05641920624858
10.92541438165649	20.04909089451912
11.31328823731044	19.70965063405211
11.30323630926915	19.42652108382741
11.6965930347738	19.42333330538237
12.0198212427569	19.14046642620122
12.00596176633638	18.90160598517288
12.33924190236077	18.90186865621642
12.60859874227442	18.66614625690954
12.59156630884696	18.46417674017403
12.87478262518113	18.46731478189549
13.09924665816729	18.27087944943016
13.07957009392764	18.09965236959368
13.32106656034126	18.10518655386387
13.50811992080379	17.94149044383578
13.48623991424651	17.79588206138969
13.69296983894869	17.80341303119808
13.8488476403231	17.66699960533322
13.82513143183429	17.5427401375272
14.00288923976599	17.55193509410842
14.1327874087962	17.4382572381749
14.10754103202629	17.33178853274624
14.26115540954532	17.34237014461874
14.3694038824919	17.24763859911385
14.34288236551034	17.15599552883782
14.47637721522683	17.16773268876159
14.56658427468333	17.08878973535401
14.53900014088106	17.00950136086333
14.65572871731912	17.02220147773178
14.73090126533548	16.95641568460458
14.70243161755286	16.88742288974611
14.80518829937148	16.90092547110959
14.86783208949274	16.84610397670109
14.838624513372	16.78569083152901
14.92973795127587	16.79986213197898
14.98194110956675	16.75417755346207
14.95211859318087	16.70091411635875
15.03352932759249	16.71564268301393
15.07703195914323	16.6775722012368
15.04669699254383	16.63026685414521
15.12002214048045	16.64545980947142
15.15627433264488	16.6137344091092
15.12551232441249	16.57139413714077
10.4599657559029	19.65641920624858
10.45530174820176	19.31963494892879
10.91526750410466	19.37605415517736
11.29857230156802	19.08973682650763
11.29002162080326	18.80563235490208
11.67799042596775	18.85609928355214
11.99741108557162	18.61750151356734
11.98562151069277	18.37729686276038
12.3135928510614	18.42280356438112
12.57977673396811	18.22397208936707
12.56528808063576	18.02035062252204
12.84326153842132	18.06172379831495
13.06508144059529	17.89603090274865
13.04834355524549	17.72289542252674
13.28465211075181	17.76082399380547
13.46950202889671	17.62274658116778
13.45088978355822	17.47501608977303
13.65247758705292	17.51007415735724
13.8065191864958	17.39500964613244
13.78634497450199	17.26844997890703
13.95899881928336	17.30111595907698
14.08736682003248	17.20522886552082
14.06589096915683	17.0963115519456
14.21443318189976	17.12698412561486
14.32140651463469	17.04707821526259
14.29884596471148	16.95286286290195
14.42729514832206	16.98187426612491
14.51643959095785	16.91528600850268
14.49297512518186	16.83332229031373
14.60468011774086	16.86094938505214
14.67896715177687	16.80545917155716
14.654749422825	16.73370514832378
14.75250092263699	16.76017865301774
14.81440678442013	16.71393680829563
14.78956133613348	16.65069086418502
14.87568492686848	16.67620304269629
14.92727314489422	16.63766817224814
14.90190459717872	16.58151229406982
14.97833826349111	16.60622336773227
15.02132844482833	16.57411097596689
14.99552398092902	16.52386348602026
15.06388270998173	16.5479069724332
15.09970786051318	16.52114664719415
15.07354013334355	16.47582281421769
10.45530174820176	18.91963494892879
10.45150770249239	18.58240742383414
10.90680945069415	18.70204237276292
11.28622757509389	18.46840482980743
11.27927182464986	18.18348770061336
11.66248399475897	18.28707768275252
11.97866576024875	18.09237973356631
11.96907525595698	17.85105460033008
12.29221277189078	17.94127378033794
12.55569757634399	17.77902548928581
12.54391144381975	17.57402701931136
12.81698675256473	17.65310386149547
13.03655742272125	17.51789695255229
13.02294160003065	17.34317070195072
13.2542984027114	17.412962262982
13.43727396086762	17.30028983917146
13.42213339639758	17.15079043802183
13.6187247772444	17.21284426481286
13.77120441003195	17.1189505777574
13.7547932274165	16.99047355129664
13.92241342467409	17.04607926539081
14.04947978654138	16.96783452548484
14.0320097554716	16.85687614477256
14.17548729995433	16.90710843132735
14.2813759336417	16.84190448218967
14.26302352887854	16.74554497277496
14.38638219363569	16.79129940434955
14.4746227204187	16.73696278089902
14.45553500426229	16.65276899739299
14.56212793580846	16.69479188335717
14.63566170666859	16.64951136481775
14.61596123105031	16.57545568604925
14.70858271806685	16.61436895101586
14.76986086051519	16.57663518541653
14.74964975199003	16.511027927256
14.83062837005666	16.54734984042516
14.88169348865356	16.51590503590929
14.86105685272302	16.45733812825193
14.93233307984507	16.49150058189659
14.97488734499848	16.4652965783629
14.95389610290311	16.41259662941327
15.01708700398705	16.44495953353694
15.05254889124818	16.42312286526806
15.0312621442365	16.37531204868282
10.45150770249239	18.18240742383414
10.44862518713125	17.84482999502187
10.90013288962364	18.027237418856
11.27638930928872	17.84591027180109
11.27110469781908	17.56035165245704
11.6502436328453	17.71660193421441
11.96379064448733	17.56549598098604
11.95650428635024	17.32328636890934
12.27533590946192	17.45773903502501
12.53662508568266	17.33181740723466
12.5276706052957	17.12573196784469
12.79624613965353	17.24201995213105
13.01398711964369	17.13708526256075
13.00364253740945	16.9611033003977
13.23033799778656	17.06225405021738
13.41178881416335	16.97480847585878
13.40028581374892	16.8239127446927
13.59208121235993	16.91244913249715
13.74329022700207	16.83957782013056
13.73082187811058	16.70958728160667
13.89353389316715	16.78761170040615
14.0195414065801	16.72688560624866
14.00626860062727	16.61431606176664
14.14474446293172	16.68358050613305
14.2497507229257	16.63297542829294
14.2358075361048	16.53492337868713
14.35408660205162	16.59688784532903
14.44159181744138	16.55471694778718
14.42708997991259	16.46876281040651
14.52853838212326	16.52464396247047
14.60145939352152	16.48950154866858
14.58649201376629	16.41362900462342
14.67391486269333	16.4644407282022
14.7346823722348	16.43515538321083
14.71932704060178	16.36768416693878
14.79506192989848	16.41427136599258
14.84570152109	16.38986691197987
14.8300228962427	16.32939680218186
14.89601781906724	16.37246356444123
14.93821747805582	16.35212651961526
14.92226944220236	16.2974906651676
14.98014772603823	16.33762373013965
15.01531410838304	16.32067619423516
14.9991415635839	16.27090221935212
10.44862518713125	17.44482999502187
10.44668578355773	17.10699986016824
10.89531097068898	17.3518298551901
11.26916529424556	17.22252151760343
11.26560972105592	16.93649960384953
11.64140344818602	17.14502140111647
11.9529487131606	17.03726445515544
11.94804633203872	16.79441605836405
12.26314717020295	16.97268102615692
12.52276822417382	16.88288357105331
12.51674350308043	16.67601310502823
12.78126693817318	16.829064046716
12.99761781631606	16.75423283437262
12.99065781194092	16.57734397730739
13.21303341117719	16.70938323098909
13.39332580937377	16.64702388762746
13.38558640228972	16.49511970466995
13.57283880486144	16.60964921837357
13.72308247102652	16.55768309864916
13.71469356169387	16.42659947759215
13.872676634943	16.52653754082525
13.99787969129461	16.48323244070964
13.9889495300938	16.36949928807569
14.12254149577806	16.45727780901709
14.22687737490398	16.42119022605318
14.21749617049382	16.32191579694705
14.33076221082055	16.39956136661709
14.41770877550243	16.36948838130038
14.40795170176419	16.28226288829638
14.50427947085623	16.3514643320858
14.57673494002805	16.32640351161942
14.5666646418774	16.24921879851574
14.64887718478746	16.31138347105336
14.70925674245114	16.2904994538351
14.69892542393394	16.22168205730867
14.76937527974826	16.27798275319409
14.81969157772551	16.26057940565544
14.80914274225363	16.19873477293978
14.86979035874807	16.25014882192755
14.91172060673048	16.23564603245195
14.9009905071348	16.17961203620073
14.95346959058909	16.22695387944079
14.98841146398822	16.21486822310091
14.97753031118743	16.163676424008
10.44668578355773	16.70699986016825
10.44571074028079	16.36901698564859
10.89239652383852	16.67601684581683
11.26463467777898	16.59851672932987
11.26284709846918	16.31221479285445
11.63606029568658	16.57269755088716
11.94625875272892	16.50811412188864
11.94379406013096	16.26487963316421
12.2557800964831	16.48659814064111
12.51427881048247	16.4327786163038
12.51124985678203	16.22543366733623
12.77221326337935	16.41484863172336
12.98762885824048	16.36999902833982
12.98412968698275	16.19256202915751
13.20257423554432	16.35505737474154
13.38208723103199	16.31768270548765
13.37819621183574	16.16516899776759
13.56120837858114	16.30523132769601
13.71080254249762	16.27408576987209
13.70658498336386	16.14234147184758
13.86007016647659	16.26370962174372
13.98473197096004	16.23775499005117
13.98024229522023	16.12331853361181
14.10912165883744	16.22910819994377
14.21300649475401	16.20747934050768
14.20829005518765	16.10746608523157
14.31666456684403	16.20027368223484
14.40323526219783	16.18224963302027
14.3983298527865	16.09425571187622
14.48961698770667	16.17624491793776
14.56175923246608	16.16122487737169
14.55669634820911	16.08324706781997
14.63374400237984	16.15622094839796
14.69386253967697	16.14370424775695
14.68866842635861	16.07407319785922
14.75384984791271	16.13953430676994
14.80394862893527	16.12910372304205
14.79864515808341	16.06642830618568
14.85393805242433	16.12562877235553
14.89568703628294	16.11693661934437
14.89029243415765	16.06005756331137
14.93734488886812	16.11404082715658
14.97213570906214	16.10679736797501
14.96666516444575	16.0547486127319
10.44571074028079	15.96901698564859
10.44571074007645	15.63098301128655
10.89142148035724	15.99999999693514
11.26284709826484	15.97418081849242
11.26284709792426	15.6877851989725
11.6342727160362	15.99999999489182
11.94379405979038	15.97848401364429
11.94379405940009	15.73512035587404
12.25331540349485	15.99999999414643
12.51124985639174	15.98207000956598
12.51124985592999	15.77456631988489
12.76918430921716	15.9999999930747
12.984129686521	15.98505833947642
12.98412968602806	15.80743795652414
13.19907506379365	15.99999999260696
13.3781962113428	15.98754861481532
13.37819621084975	15.83483098744493
13.55731735889184	15.99999999260556
13.70658498287082	15.98962384447719
13.70658498239144	15.85765851356858
13.85585260686346	15.9999999928106
13.98024229474085	15.9913532027032
13.98024229428427	15.87668145235144
14.10463198264105	15.99999999315266
14.20829005473106	15.99279433487981
14.20829005430297	15.89253390150118
14.31194812684957	15.9999999935801
14.39832985235841	15.99399527849759
14.39832985196201	15.90574427575939
14.48471157789894	15.99999999405551
14.55669634781271	15.99499606508178
14.55669634746532	15.91675292102635
14.62868111777549	15.9999999947908
14.68866842601123	15.99583005380379
14.68866842568086	15.92592679197775
14.74865573426398	15.99999999504617
14.79864515775304	15.99652504435964
14.79864515745476	15.93357168438778
14.84863458127418	15.99999999552728
14.89029243385936	15.9971042033395
14.89029243359164	15.93994242820172
14.9319502864751	15.9999999959858
14.96666516417802	15.99758683759412
14.96666516417797	15.94525138325485
10.44571074007645	15.23098301128655
10.44668578294472	14.89300013676674
10.89239652302117	15.32398314805329
11.26382214079253	15.34980232445269
11.26560971942121	15.06350038797699
11.63606029432429	15.4273024388962
11.94558163802877	15.44881841939834
11.94804632984621	15.20558393067352
12.25578009492201	15.51340184765136
12.51371454774744	15.53133183116007
12.51674350052445	15.32398688219203
12.77221326153243	15.58515135442556
12.98715863880507	15.6000930075561
12.990657809077	15.42265600837325
13.20257423357264	15.64494261047183
13.38169538112168	15.65739398826207
13.38558639933195	15.50488028054141
13.56120837660906	15.6947686575145
13.7104760006017	15.70514480584791
13.7146935587768	15.57340050782274
13.86007016455917	15.73629036387681
13.98445985245937	15.74493715432627
13.98894952728612	15.6305006978862
14.10912165701122	15.77089178636083
14.21277972912973	15.77809744506111
14.21749616784003	15.67808418978426
14.31666456513178	15.79972630492461
14.40304629067231	15.80573102048254
14.40795169929095	15.71773709933771
14.48961698612118	15.82375507017249
14.56160175608397	15.82875899988152
14.56666463964629	15.750781190329
14.63374400099044	15.84377904118286
14.69373130924319	15.84794898242524
14.69892542190096	15.77831793252669
14.75384984659139	15.86046568332159
14.80383927011252	15.86394063448923
14.80914274036793	15.80126521763203
14.8539380512313	15.87437121869821
14.89559590384704	15.87726701134451
14.90099050543702	15.82038795531067
14.93734488779736	15.88595916481418
14.97205976576795	15.88837232722101
14.97753031038438	15.83632357197704
10.44668578294472	14.49300013676674
10.44862518610966	14.15517000191277
10.89531096905438	14.64817013867951
11.26754912258615	14.72567025312302
11.27110469509483	14.43964833936848
11.64140344546165	14.85497858866596
11.95160190235489	14.91956201691898
11.95650428269647	14.67671362012671
12.26314716708103	15.02731896213427
12.52164588086602	15.08113848539976
12.52767060103626	14.87426801937359
12.78126693447968	15.17093593943136
12.99668252924724	15.21578554234708
13.0036425326369	15.03889668528058
13.21303340723422	15.29061675422247
13.3925464027216	15.3279914234749
13.40028580882001	15.17608724051599
13.57283880091773	15.39035076683493
13.72243296487521	15.42149632486383
13.73082187324957	15.29041270380531
13.87267663110864	15.47346244479312
13.99733843566049	15.49941707682768
14.00626859594865	15.38568392419212
14.12254149212613	15.5427221772852
14.22642632812818	15.5643510371487
14.23580753168269	15.46507660804086
14.33076220739659	15.60043862053992
14.41733290284546	15.61846267022988
14.42708997579146	15.53123717722412
14.50427946768582	15.64853565602191
14.57642171259229	15.66355569732325
14.58649201004873	15.58637098421774
14.64887718200921	15.68861651852484
14.7089957193574	15.70113321942119
14.71932703721446	15.6323158228929
14.76937527710621	15.72201723689475
14.81947405822498	15.73244782110373
14.83002289310088	15.67060318838616
14.8697903563626	15.74985116912344
14.91153934031292	15.7585433225931
14.92226943937375	15.70250932633995
14.95346958844817	15.77304611252718
14.98826040944522	15.78028957572389
14.99914156224652	15.72909777662901
10.44862518610966	13.75517000191277
10.45150770106205	13.41759257310082
10.90013288717171	13.97276257501359
11.27398721004721	14.10207091055653
11.27927182083556	13.81651229121307
11.65024362875868	14.28339805556797
11.96178889348482	14.39115500078325
11.96907525084117	14.14894538870736
12.27533590477895	14.5422609532661
12.53495695839261	14.6320584072977
12.54391143785586	14.42597296790873
12.79624613411317	14.75798003401621
13.01259701210014	14.8328112458916
13.02294159334826	14.6568292837297
13.23033799187199	14.93774593499407
13.41063039006812	15.00010527835409
13.4221333894962	14.8492095471893
13.59208120644422	15.08755085271122
13.74232487267765	15.13951697264051
13.7547932206101	15.009526434118
13.89353388741545	15.21238828521208
14.01873694388109	15.2556933856696
14.03200974892046	15.14312384118905
14.14474445745366	15.31641948016908
14.24908033672206	15.35250706356031
14.26302352268646	15.25445501395605
14.3540865969155	15.40311214182783
14.44103316175586	15.43318512761986
14.45553499849151	15.3472309902408
14.52853837736747	15.4753560256371
14.60099384678439	15.50041684683869
14.6159612258445	15.42454430279519
14.67391485852577	15.53555926137584
14.73429441627457	15.5564432788494
14.74964974724652	15.48897206257905
14.79506192593521	15.58572862409611
14.84537822407283	15.60313197211581
14.86105684832318	15.54266186231955
14.89601781548885	15.6275364266096
14.9379480636241	15.64203921654368
14.95389609894174	15.58740336209779
14.98014772282665	15.66237626182815
15.01508959756416	15.67446192218312
15.03126214236283	15.62468794730188
10.45150770106205	13.01759257310082
10.45530174636271	12.68036504800625
10.90680944742475	13.29795762110707
11.28306586613622	13.47928476611851
11.29002161589904	13.19436763692459
11.66248398930986	13.7129223070306
11.97603100060399	13.86402825951345
11.98562150411512	13.62270312627743
12.29221276564643	14.0587262079542
12.55350194136699	14.18464783467271
12.56528807296765	13.97964936469852
12.81698674517708	14.34689612465305
13.03472772494892	14.45183081375551
13.04834354665356	14.27710456315424
13.25429839482474	14.5870377222309
13.43574921120084	14.67448329658803
13.45088977468469	14.52498389543873
13.61872476935615	14.78715572039713
13.76993378409395	14.86002703296871
13.78634496575054	14.73155000650831
13.92241341700448	14.95392072022917
14.04842093057705	15.01464681472866
14.06589096073355	14.90368843401678
14.17548729264953	15.09289155497665
14.28049355284297	15.14349663324417
14.29884595674984	15.04713712382987
14.38638218678676	15.20870058280927
14.47388740239838	15.2508714808265
14.49297511776187	15.16667769732089
14.56212792946661	15.30520810475243
14.63504894120799	15.34035051928958
14.65474941613139	15.26629484052152
14.70858271250928	15.38563103856428
14.76935022216991	15.41491638381099
14.78956133003422	15.34930912565092
14.83062836477147	15.45265014966569
14.88126795618749	15.47705460415947
14.90190459152132	15.41848769650258
14.93233307507303	15.50849940915644
14.97453273427558	15.5288364544409
14.99552397583536	15.47613650549174
15.01708699970408	15.5550404584331
15.05225338392262	15.57198799835272
15.07354013093407	15.52417718176796
10.45530174636271	12.28036504800625
10.45996575365519	11.94358079068642
10.9152675000179	12.62394583869267
11.29468562319153	12.85758337960476
11.30323630327519	12.57347890799914
11.67799041915634	13.14390070623106
11.99417218419878	13.33859865467181
12.00596175829714	13.09839400386474
12.31359284325593	13.57719642391111
12.57707764706602	13.73944471389145
12.59156629947499	13.53582324704627
12.84326152918672	13.93827618783369
13.06283219906253	14.07348309630907
13.07957008342659	13.900347616087
13.28465210089343	14.23917599140756
13.46762765904875	14.35184841521666
13.4862399034013	14.20411792382173
13.65247757719256	14.4899258278529
13.8049572101031	14.58381951511337
13.82513142113832	14.45725984788775
13.95899880969629	14.69888402654316
14.08606517176878	14.77712876679116
14.10754102173144	14.66821145321572
14.2144331727687	14.87301586068933
14.3203218067125	14.93821981025443
14.34288235577971	14.84400445789355
14.42729513976084	15.0181257210341
14.51553566682908	15.07246234496002
14.53900013181246	14.99049862677085
14.60468010981349	15.13905060305764
14.67821388111477	15.18433112233234
14.70243160937206	15.11257709909872
14.75250091568996	15.2398213365626
14.81377905829152	15.27755510241729
14.83862450591765	15.21430915830644
14.87568492026191	15.32379694739476
14.92675003914745	15.35524175239172
14.95211858626658	15.29908587421315
14.97833825752599	15.39377662332097
15.02089252295449	15.41998062731317
15.04669698631856	15.36973313736629
15.06388270462794	15.45209301953706
15.09934459429814	15.47392969182108
15.12551232146789	15.42860585884436
10.45996575365519	11.54358079068642
10.46544862309723	11.20732830866442
10.92541437675242	11.95090909935084
11.30871917271723	12.23722642597714
11.31877110007741	11.9540968757524
11.69659302660018	12.5766666844007
12.01601368565733	12.81526445364
12.02987316129736	12.57640401261159
12.33924189299432	13.09813133207563
12.60542577511502	13.29696280601787
12.62245820761908	13.09499328928229
12.87478261409976	13.53268520425294
13.09660251593065	13.69837809935142
13.11627907918453	13.52715101951485
13.32106654851137	13.89481343134892
13.50591646665518	14.03289084398516
13.52779647222651	13.88728246153898
13.69296982711644	14.19658695401179
13.84701142670964	14.31165146544157
13.87072763423983	14.18739199763545
14.00288922826171	14.44806489151142
14.13125722926163	14.54395198540959
14.15650360511852	14.43748327998082
14.26115539858826	14.65762984168512
14.3681287316366	14.73753575246479
14.39465024776214	14.64589268218865
14.47637720495359	14.83226729839708
14.565521647938	14.8988555564947
14.59310578094763	14.8195671820039
14.6557287078065	14.97779851037767
14.7300157423817	15.03328872460792
14.75848538946971	14.96429592974932
14.80518829103528	15.09907451847038
14.86709415300566	15.14531636344784
14.89630172846585	15.08490321827564
14.92973794334823	15.2001378581117
14.98132616172677	15.23867272904095
15.01114867751624	15.18540929193749
15.03352932043459	15.28435730803894
15.07651950210803	15.31646970026283
15.10685446817217	15.26916435317111
15.12002213405614	15.35454018249845
15.15584728753202	15.38130051175264
15.18660929576449	15.33896023978409
10.46544862309723	10.80732830866442
10.93713890631883	11.27901859188603
11.32501276020179	11.61845885030958
11.71808799757369	12.01153408768148
12.04131620491068	12.29440096611712
12.36887889849639	12.62196365970283
12.63823573748112	12.85768605793789
12.91120464830314	13.13065496875991
13.13566868088385	13.3270903007574
13.36314277335896	13.55456439323251
13.55019613382022	13.71826050325914
13.73975787755275	13.90782224699167
13.89563567910482	14.04423567306151
14.05360380007919	14.20220379403589
14.18350196940582	14.31588165031142
14.31514207161426	14.44752175251986
14.42339054493124	14.54225329845215
14.53309062897765	14.65195338249856
14.62329768884616	14.73089633638152
14.71471442431409	14.82231307184945
14.78988697296767	14.88809886571191
14.8660675846271	14.96427947737134
14.92871137496966	15.0191009720352
14.99219521779024	15.08258481485578
15.04439837649806	15.12826939385377
15.09730157895688	15.1811725963126
15.14080421090499	15.21924307854822
15.18489021264535	15.26332908028858
15.22114240828957	15.29505448466594
15.30723483593884	15.15035709958791
15.40184553065492	15.08968716692682
15.50234051108105	15.0380782396659
15.60774040951224	14.99609575601329
15.7170121189362	14.96419968484517
15.82908011197551	14.94273948619038
15.94283822457555	14.93195028247736
16.0571617753835	14.93195028247965
16.17091988798393	14.94273948619729
16.28298788101943	14.96419968485565
16.39225959044681	14.99609575602924
16.49765948887921	15.03807823968695
16.59815446930619	15.08968716695299
16.69276516402278	15.15035709961916
15.23109387152512	15.06335183563402
15.33762074632235	15.00370680346455
15.44993250326947	14.95296970863585
15.56706631917383	14.91169643737748
15.68800653935626	14.88033918828626
15.8116958053821	14.85924151794367
15.93704663968658	14.84863457684212
16.0629533602204	14.84863457684787
16.18830419452526	14.85924151796095
16.31199346054736	14.88033918831405
16.43293368073315	14.91169643741762
16.5500674966387	14.95296970868801
16.66237925358677	15.00370680352874
16.76890612838451	15.06335183571018
15.13972471358836	14.95894551815895
15.26055100458249	14.90053036658865
15.38704289345348	14.85083947068652
15.51825741042365	14.81041725430778
15.65319984361368	14.77970659171396
15.79083463732042	14.75904395534965
15.93009673776702	14.74865572938399
16.06990326206862	14.74865572939447
16.20916536251559	14.75904395538116
16.34680015621866	14.77970659176548
16.48174258941199	14.81041725438111
16.61295710638331	14.85083947078133
16.73944899525536	14.90053036670496
16.86027528625004	14.95894551829671
15.03008172428805	14.83365793744619
15.16806731468257	14.77671864259261
15.31157536182662	14.72828318540054
15.4596867200404	14.68888223487603
15.61143180880441	14.65894747607824
15.7658012356932	14.63880688048754
15.92175685547541	14.62868111268513
16.07824314426346	14.62868111270205
16.23419876404603	14.63880688053833
16.38856819093124	14.65894747616194
16.54031327969847	14.68888223499438
16.68842463791338	14.72828318555323
16.8319326850586	14.77671864277964
16.96991827545371	14.83365793766752
14.89851013665237	14.68331284004951
15.05708688640082	14.6281445732632
15.22101432354535	14.58121564252945
15.38940189132376	14.54304021103523
15.56131016684845	14.51403653679686
15.73576115362729	14.49452239013756
15.91174899668368	14.48471157213303
16.08825100292681	14.48471157215847
16.26423884598353	14.49452239021396
16.43868983275892	14.51403653692326
16.61059810828672	14.54304021121332
16.77898567606623	14.58121564275893
16.9429131132121	14.62814457354409
17.10148986296115	14.68331284038176
14.74062422893823	14.50289872026039
14.92391037030944	14.44985568719018
15.1123410758493	14.40473458823667
15.30506009549723	14.36802977960362
15.50116419552448	14.34014340685566
15.69971305455961	14.32138099892725
15.8997395659322	14.31194812068731
16.10026043350836	14.31194812072406
16.30028694488129	14.32138099903755
16.49883580391309	14.34014340703859
16.69493990394334	14.36802977986081
16.88765892359233	14.40473458856784
17.07608962913371	14.44985568759532
17.25937577050556	14.50289872073948
14.55116113711542	14.28640177358425
14.76409854883402	14.23590902100916
14.98193317684499	14.19295732022259
15.2038499391303	14.15801725904812
15.42898902895236	14.13147164810808
15.65645533508514	14.11361132667022
15.88532824882639	14.10463197615524
16.11467175039103	14.10463197620683
16.3435446641326	14.11361132682505
16.57101097026221	14.13147164836526
16.79615006008713	14.15801725940921
17.01806682237343	14.19295732068732
17.23590145038615	14.23590902157753
17.44883886210544	14.28640177425622
14.3238054245902	14.02660543490468
14.5723243610898	13.97917301895671
14.82544369642719	13.93882459599873
15.08239775023587	13.90600223179781
15.34237882816825	13.88106553504532
15.60454607117329	13.86428771740877
15.86803466811113	13.85585260017081
16.13196533081586	13.85585260024173
16.39545392775399	13.86428771762155
16.65762117075607	13.88106553539915
16.91760224869113	13.90600223229415
17.17455630250075	13.93882459663732
17.42767563784015	13.97917301973756
17.6761945743405	14.02660543582775
14.05097857245239	13.7148498317981
14.3421953382345	13.67108981976544
14.63765632191269	13.63386533017037
14.93665512510166	13.6035842023125
15.23844658832113	13.58057820256633
15.54225495512944	13.5650993894793
15.84728237146078	13.55731735216861
16.15271762709158	13.55731735226446
16.45774504342321	13.56509938976686
16.76155341022877	13.58057820304485
17.06334487345071	13.60358420298334
17.36234367664056	13.63386533103327
17.65780466032107	13.67108982082042
17.94902142610401	13.71484983304512
13.72358635236631	13.34074311090771
14.06604051289703	13.3013899835421
14.41231147419699	13.26791421395619
14.76176397625784	13.24068256968895
15.11372790143949	13.21999340633486
15.4675056164309	13.20607339869753
15.82237961565458	13.19907505729568
16.17762038241712	13.19907505742351
16.53249438164105	13.20607339908105
16.88627209662998	13.21999340697339
17.23823602181387	13.24068257058369
17.58768852387549	13.26791421510693
17.93395948517817	13.30138998494886
18.27641364570979	13.34074311257043
13.33071568826715	12.89181504584962
13.73465472249249	12.85775018008704
14.14189765693488	12.82877287451467
14.55189459763829	12.80520061055877
14.96406547717087	12.7872916508778
15.37780640997831	12.77524220978271
15.79249630866913	12.7691843034741
16.20750368878607	12.76918430364296
16.62219358747711	12.7752422102893
17.03593452028241	12.78729165172155
17.44810539981692	12.80520061174072
17.85810234052101	12.82877287603464
18.26534527496658	12.85775018194503
18.66928430919292	12.89181504804559
12.85927089161934	12.35310136805685
13.33699177425355	12.32538241619909
13.81740107644253	12.30180326742468
14.30005134349296	12.28262225982462
14.78447056822283	12.26804954453421
15.27016736238584	12.25824478327322
15.75663634041364	12.25331539906052
16.24336365653233	12.25331539926325
16.72983263456031	12.25824478388141
17.21552942872158	12.26804954554738
17.69994865345302	12.28262226124363
18.182598920504	12.30180326924938
18.66300822269672	12.32538241842947
19.14072910533205	12.35310137069291
12.29353713456277	11.70664495356699
12.85979623540546	11.68654109845308
13.42800517900682	11.66943973789223
13.99783943778903	11.65552823797299
14.5689566768701	11.64495901600273
15.14100050477361	11.63784787059175
15.71360437811922	11.63427271294077
16.28639561755329	11.6342727132283
16.85899949089902	11.63784787145431
17.43104331880128	11.64495901744
18.00216055788349	11.65552823998558
18.57199481666611	11.66943974048003
19.14020376027186	11.68654110161609
19.70646286111582	11.70664495730519
11.61465661735776	10.93089724615755
12.28716158143839	10.91993150723649
12.96073009611095	10.91060349261453
13.63518514633811	10.90301540197617
14.31034000399992	10.89725037203441
14.98600027374589	10.89337156566748
15.66196602282345	10.8914214798939
16.33803397158545	10.89142148026554
17.01399972066308	10.89337156678239
17.68965999040838	10.89725037389241
18.3648148480708	10.9030154045776
19.03926989829818	10.91060349595932
19.71283841297595	10.91993151132465
20.38534337705801	10.93089725098908
15.29505448466561	15.22114240828983
15.26332908055464	15.18489021237917
15.33896024004981	15.18660929549857
15.38130051201825	15.15584728726613
15.35454018329688	15.12002213325737
15.42860585937629	15.12551232093558
15.47392969235278	15.09934459376589
15.45209302086798	15.06388270329636
15.52417718256585	15.07354013013543
15.5719879991506	15.05225338312389
15.55504046029665	15.0170869978396
15.6246879483662	15.03126214129759
15.67446192324707	15.01508959649894
15.66237626422422	14.98014772042923
15.72909777795905	14.99914156091488
15.78028957705399	14.98826040811345
15.77304611545585	14.95346958551777
15.83632357357365	14.97753030878606
15.88837232881735	14.97205976416954
15.88595916827553	14.93734488433387
15.94525138511737	14.96666516231303
15.99758683945637	14.96666516231293
15.99999999997953	14.93195028247851
16.05474861486034	14.96666516231408
16.10679737010424	14.97213570693044
16.11404083168372	14.93734488433847
16.16367642640445	14.97753030878926
16.21486822549745	14.98841146158999
16.22695388450168	14.95346958552647
16.27090222201521	14.99914156091917
16.32067619689782	15.01531410571807
16.33762373573312	14.98014772044245
16.37531205161151	15.03126214130486
16.42312286819687	15.05254888831648
16.44495953966301	15.01708699785809
16.47582281741307	15.07354013014534
16.52114665038996	15.09970785731512
16.5479069790927	15.06388270331997
16.57139414060345	15.12551232094814
16.61373441257213	15.15627432918065
16.64545981666448	15.12002213328607
16.66103975993042	15.18660929551373
16.69993258201139	15.22162854980958
16.73667091940762	15.18489021241335
15.21924307881427	15.14080421063881
15.18117259660741	15.09730157866186
15.26916435373198	15.10685446761097
15.31646970109002	15.07651950128042
15.28435730892374	15.03352931954929
15.36973313848863	15.04669698519569
15.4199806287017	15.02089252156523
15.39377662479591	14.9783382560502
15.47613650717526	14.99552397415088
15.52883645639086	14.97453273232457
15.50849941122165	14.93233307300667
15.58740336434304	14.95389609669539
15.64203921905501	14.93794806111132
15.62753642926504	14.89601781283187
15.70250932914623	14.92226943656571
15.75854332566588	14.91153933723832
15.74985117236918	14.86979035311496
15.8203879586788	14.90099050206702
15.87726701497883	14.89559590021052
15.87437122253434	14.85393804739289
15.93994243213107	14.89029242965974
15.99710420753504	14.89029242966089
15.99999999995349	14.84863457684499
16.06005756780196	14.89029242966376
16.11693662410217	14.89568703152258
16.12562877737283	14.85393804740441
16.17961204125459	14.90099050207912
16.23564603777234	14.91172060140831
16.25014882753631	14.8697903531375
16.29749067078339	14.92226943658485
16.35212652549708	14.93821747217164
16.37246357064026	14.89601781286584
16.41259663558998	14.95389609672343
16.46529658480618	14.97488733855229
16.49150058868593	14.93233307305282
16.52386349275896	14.99552397418748
16.57411098297245	15.0213284378205
16.60622337511273	14.97833825610838
16.63026686144648	15.04669698524087
16.67757220880477	15.07703195157395
16.71564269098564	15.03352931961946
16.73083564620364	15.10685446766467
16.77474140158849	15.14138758045886
16.81882740330294	15.09730157874441
15.12826939414859	15.04439837620304
15.08258481518021	14.9921952174655
15.18540929255674	15.01114867689649
15.23867272995536	14.98132616081175
15.20013785908543	14.9297379423738
15.29908587545242	14.9521185850266
15.35524175392598	14.92675003761225
15.32379694901799	14.87568491863759
15.41848769836147	14.90190458966118
15.47705460631365	14.881267954032
15.45265015193856	14.83062836249715
15.54266186479874	14.86105684584263
15.60313197488995	14.84537822129702
15.58572862701866	14.79506192301087
15.67060319148497	14.83002289000011
15.73244782449789	14.81947405482882
15.72201724046705	14.76937527353181
15.80126522135126	14.80914273664666
15.8639406385035	14.80383926609588
15.86046568754372	14.75384984236682
15.9335716887268	14.79864515311305
15.99652504899371	14.79864515311593
15.99999999991782	14.74865572938923
16.06642831114451	14.79864515312117
16.12910372829694	14.80394862367771
16.13953431229211	14.75384984238781
16.19873477852042	14.80914273667106
16.26057941153147	14.8196915718476
16.27798275936713	14.76937527357332
16.32939680838301	14.83002289003976
16.38986691847591	14.84570151459155
16.41427137281532	14.79506192307329
16.45733813507257	14.86105684589937
16.51590504302535	14.88169348153456
16.54734984789765	14.83062836258122
16.581512301511	14.90190458973467
16.63766817998504	14.92727313715504
16.67620305081934	14.87568491874314
16.70091412442106	14.95211858511685
16.75417756181994	14.98194110120757
16.7998621407527	14.92973794250083
16.81459070731727	15.01114867700344
16.8645119822357	15.04509842003767
16.91741518465901	14.99219521761436
15.01910097235963	14.92871137464492
14.96427947770947	14.86606758428855
15.08490321893821	14.89630172780257
15.14531636443527	14.86709415201742
15.09907451948531	14.8051882900194
15.21430915963253	14.83862450459063
15.27755510406803	14.81377905663956
15.2398213382546	14.75250091399658
15.34930912764005	14.78956132804353
15.41491638612514	14.76935021985416
15.38563104093351	14.70858271013828
15.48897206523202	14.74964974459191
15.55644328182704	14.73429441329499
15.5355592644224	14.67391485547713
15.63231582620904	14.7193270338961
15.70113322306241	14.70899571571394
15.68861652224881	14.64887717828289
15.77831793650681	14.69892541791859
15.84794898673011	14.69373130493576
15.84377904558431	14.63374399658633
15.92592679662121	14.68866842103456
15.99583005877202	14.6886684210398
15.99999999986944	14.62868111269359
16.07407320316604	14.68866842104826
16.14370425338953	14.6938625340416
16.15622095415474	14.63374399662019
16.22168206328081	14.69892541795974
16.29049946013235	14.70925673615191
16.31138347748863	14.64887717835014
16.36768417357495	14.71932703396371
16.43515539017161	14.73468236527152
16.46444073531485	14.67391485557816
16.51102793455523	14.74964974468774
16.57663519304089	14.76986085288785
16.61436895880592	14.7085827102738
16.65069087214835	14.78956132816728
16.71393681658437	14.81440677612909
16.76017866148599	14.75250091416644
16.78569084015698	14.8386245047423
16.84610398565432	14.86783208053818
16.90092548025616	14.80518829022358
16.91509678085187	14.89630172798211
16.97223667926085	14.92955142729977
17.03572052203322	14.8660675845274
14.88809886605005	14.78988697262912
14.82231307223221	14.71471442393078
14.96429593047021	14.75848538874785
15.03328872566747	14.73001574132106
14.97779851152659	14.65572870665635
15.1125771005417	14.7024316079279
15.18433112411372	14.67821387933187
15.13905060497308	14.60468010789632
15.26629484268599	14.65474941396499
15.34035052179287	14.63504893870273
15.30520810743456	14.56212792678234
15.42454430568208	14.61596122295563
15.50041685006409	14.60099384355673
15.4753560290861	14.52853837391605
15.58637098782643	14.58649200643755
15.66355570127082	14.5764217086422
15.64853566023787	14.50427946346721
15.75078119466025	14.56666463531255
15.82875900455135	14.56160175141135
15.82375507515549	14.4896169811353
15.91675292607954	14.55669634240908
15.99499607047357	14.55669634241754
15.99999999980524	14.48471157214575
16.08324707359514	14.55669634243026
16.16122488348642	14.5617592263484
16.17624492445517	14.48961698118622
16.24921880501478	14.56666463537615
16.32640351845738	14.57673493318795
16.35146433937123	14.50427946356861
16.41362901184508	14.5864920065426
16.4895015562287	14.60145938595882
16.52464397052282	14.52853837406829
16.57545569399259	14.61596122310385
16.64951137310005	14.63566169838328
16.69479189217648	14.56212792698613
16.7337051569898	14.65474941415608
16.80545918056242	14.67896714276929
16.86094939463916	14.60468010815151
16.88742289913535	14.70243160816187
16.9564156943329	14.73090125560581
17.02220148808662	14.65572870696292
17.03570406920743	14.75848538902464
17.10150631578694	14.79089503588451
17.17768692738239	14.71471442428906
14.73089633676427	14.62329768846284
14.65195338290721	14.53309062856829
14.8195671827953	14.59310578015495
14.89885555766952	14.56552164676179
14.83226729962383	14.47637720372529
14.99049862835513	14.53900013022669
15.0724623469274	14.51553566485982
15.01812572307937	14.42729513771343
15.16667769969733	14.49297511538306
15.25087148358653	14.47388739963595
15.20870058567327	14.38638218392014
15.3472309934105	14.45553499531942
15.43318513117284	14.44103315820024
15.40311214551086	14.35408659322964
15.53123718118646	14.42708997182626
15.61846267457589	14.41733289849661
15.60043862504205	14.33076220289145
15.71773710409345	14.40795169453241
15.80573102562164	14.40304628553014
15.79972631024591	14.31666455980728
15.90574428130794	14.39832984641017
15.99399528442951	14.39832984642289
15.99999999972028	14.31194812070569
16.09425571821759	14.39832984644127
16.18224963974594	14.40323525546901
16.20027368919483	14.3166645598808
16.28226289543241	14.40795169462575
16.36948838882011	14.4177087679804
16.39956137439719	14.33076220303807
16.468762818336	14.42708997198092
16.5547169560999	14.44159180912596
16.59688785392821	14.3540865934497
16.65276900611503	14.45553499553707
16.73696279000478	14.47462271130987
16.79129941376783	14.38638218421433
16.83332229982928	14.49297511566339
16.91528601840221	14.51643958105596
16.98187427636302	14.42729513808158
17.0095013711729	14.53900013056971
17.08878974604743	14.56658426398854
17.16773269981963	14.4763772041674
17.18043281673335	14.59310578056062
17.25662988115459	14.62450736446792
17.34804661653783	14.53309062908469
14.5422532988608	14.42339054452188
14.44752175294939	14.31514207118381
14.64589268302682	14.39465024692232
14.73753575371243	14.36812873038722
14.65762984297472	14.2611553972967
14.84400445957173	14.34288235409967
14.93821981234166	14.32032180462291
14.87301586283951	14.21443317061588
15.04713712634715	14.29884595422963
15.14349663617111	14.28049354991311
15.09289155798765	14.17548728963535
15.25445501731376	14.26302351932587
15.35250706732739	14.24908033295189
15.31641948404133	14.1447444535781
15.46507661223842	14.23580752748187
15.56435104175598	14.22642632351766
15.54272218201875	14.12254148738915
15.67808419482237	14.21749616279873
15.77809745050867	14.21277972367877
15.77089179195576	14.10912165141273
15.8925339073793	14.20829004842128
15.99279434116738	14.20829004843965
15.99999999960871	14.10463197618103
16.10746609194969	14.20829004846544
16.20747934763616	14.21300648762219
16.22910820726181	14.10912165151594
16.32191580450695	14.2174961629313
16.42119023402284	14.22687736693182
16.4572778171974	14.12254148759515
16.53492338708765	14.23580752770192
16.63297543710277	14.24975071411304
16.68358051517467	14.14474445388724
16.74554498201523	14.26302351963501
16.84190449183973	14.28137592398853
16.90710844123028	14.17548729004827
16.95286287298288	14.29884595462758
17.04707822575357	14.32140650414132
17.12698413637979	14.21443317113243
17.15599553975993	14.34288235458643
17.24763861044585	14.36940387115851
17.34237015624579	14.26115539791688
17.3541073163055	14.39465024749785
17.44277816233777	14.42484215584306
17.55247824627292	14.31514207190791
14.31588165074095	14.18350196897537
14.20220379447834	14.05360379963558
14.43748328085281	14.15650360424446
14.54395198671211	14.13125722795692
14.44806489284	14.00288922693069
14.66821145496191	14.10754101998294
14.7771287689674	14.08606516958965
14.6988840287585	13.95899880747772
14.90368843663609	14.06589095811066
15.01464681777874	14.04842092752342
14.95392072333153	13.92241341389827
15.14312384468308	14.03200974542296
15.25569338959412	14.01873693995294
15.21238828920206	13.89353388342156
15.3856839285603	14.0062685915767
15.49941708162669	13.99733843085777
15.47346244967077	13.87267662622704
15.63050070312921	13.98894952203949
15.74493715999984	13.984459846782
15.73629036964221	13.86007015878979
15.87668145846876	13.98024228816303
15.99135320925108	13.98024228818882
15.9999999994635	13.85585260020627
16.12331854060344	13.98024228822428
16.23775499747423	13.98473196353339
16.26370962928493	13.86007015893164
16.3694992959433	13.9889495222233
16.4832324490081	13.99787968299341
16.52653754925503	13.87267662651035
16.61431607050914	14.00626859188221
16.7268856154216	14.01954139740418
16.7876117097236	13.89353388384665
16.85687615438913	14.03200974585168
16.96783453553228	14.04947977649074
17.04607927559594	13.92241341446574
17.09631156243709	14.06589095866232
17.20522887644345	14.08736680910743
17.30111597017045	13.95899880818744
17.33178854411315	14.10754102065755
17.43825724997279	14.13278739699689
17.55193510609032	14.00288922778266
17.56251671822297	14.15650360504199
17.66615610239045	14.18524390269368
17.79779620445405	14.05360380063007
14.04423567350397	13.89563567866121
13.90782224743506	13.73975787710792
14.1873919985213	13.87072763335139
14.3116514667711	13.84701142537741
14.19658695534345	13.69296982578177
14.45725984966215	13.82513141936107
14.58381951733084	13.80495720788209
14.4899258300736	13.65247757496791
14.73155000916994	13.78634496308455
14.86002703607428	13.76993378098409
14.78715572350717	13.61872476624144
15.00952643766876	13.75479321705516
15.13951697663495	13.74232486867891
15.0875508567114	13.59208120243942
15.29041270824469	13.73082186880583
15.42149632974721	13.72243295998755
15.39035077172528	13.57283879602282
15.57340051315136	13.71469355344404
15.70514481162029	13.71047599482506
15.69476866329511	13.56120837082396
15.85765851978596	13.70658497616972
15.98962385113832	13.70658497620517
15.99999999927618	13.55731735221653
16.14234147895372	13.70658497625309
16.27408577742279	13.710802534943
16.3052313352574	13.56120837101566
16.4265994855886	13.71469355369421
16.55768310708964	13.72308246258301
16.60964922682599	13.57283879640586
16.70958729049242	13.730821869222
16.83957782945995	13.7432902176695
16.91244914183974	13.5920812030141
16.99047356107092	13.75479321763875
17.11895058797573	13.77120439981033
17.21284427504563	13.61872476700831
17.26844998957066	13.7863449638353
17.39500965724035	13.80651917538542
17.51007416848081	13.65247757592685
17.54274014908061	13.82513142027899
17.66699961733079	13.84884762832409
17.80341304321254	13.69296982693277
17.81260800022226	13.87072763443644
17.93420963033581	13.89772599923876
18.09217775112332	13.73975787845124
13.71826050370253	13.55019613337539
13.5545643936595	13.36314277293019
13.88728246240935	13.52779647135291
14.03289084530041	13.50591646533658
13.89481343263167	13.32106654722491
14.20411792556577	13.48623990165378
14.35184841740486	13.46762765685624
14.23917599354701	13.28465209874915
14.52498389805484	13.45088977206328
14.67448329964933	13.43574920813434
14.58703772522741	13.25429839182257
14.84920955067975	13.42213338600073
15.00010528228949	13.41063038612764
14.93774593884866	13.23033798801191
15.17608724488031	13.4002858044506
15.32799142828446	13.39254639790708
15.29061675893519	13.2130334025162
15.50488028578017	13.38558639408842
15.65739399394584	13.38169537543307
15.64494261604274	13.20257422799661
15.83483099355768	13.37819620473215
15.98754862137308	13.37819620478007
15.99999999903585	13.1990750573596
16.16516900475435	13.37819620484398
16.31768271292016	13.38208722359519
16.35505738202908	13.20257422825228
16.49511971253213	13.38558639442395
16.64702389593491	13.39332580106295
16.70938323913552	13.21303340302722
16.82391275342938	13.40028580500912
16.97480848504035	13.41178880497836
17.06225405922192	13.23033798877854
17.15079044763229	13.42213338678351
17.30028984922721	13.43727395080848
17.41296227284468	13.25429839284531
17.47501610025802	13.4508897730701
17.62274659209828	13.46950201796367
17.76082400452683	13.28465210002789
17.79588207274962	13.48623990288464
17.94149045564109	13.50811990899699
18.10518656544398	13.32106654875965
18.1127175359069	13.52779647280778
18.25587386092622	13.5527045182139
18.44543560441895	13.36314277472117
13.32709030118439	13.13566868045509
13.13065496913481	12.91120464792604
13.52715102031673	13.11627907837866
13.69837810058209	13.09660251469586
13.53268520537982	12.87478261296833
13.90034761769476	13.07957008181457
14.07348309834474	13.06283219702161
13.93827618971368	12.84326152730086
14.27710456556594	13.04834354423543
14.45183081659636	13.03472772210181
14.34689612728658	12.81698674253672
14.65682928694806	13.02294159012386
14.83281124953889	13.01259700844681
14.75798003740458	12.79624613071828
15.03889668930518	13.00364252860633
15.21578554680088	12.99668252478767
15.17093594357459	12.78126693033026
15.42265601320461	12.99065780424012
15.60009301281645	12.98715863353919
15.58515135932372	12.7722132566284
15.80743796216186	12.98412968038489
15.98505834554313	12.98412968044881
15.9999999987276	12.76918430355853
16.1925620356016	12.98412968053324
16.36999903521356	12.987628851362
16.41484863813159	12.77221325696613
16.57734398455908	12.99065780468517
16.75423284205355	12.99761780863135
16.82906405387976	12.78126693100543
16.9611033084562	13.00364252934747
17.13708527104814	13.01398711115262
17.24201996004967	12.79624613173114
17.3431707108154	13.0229415911622
17.51789696184621	13.03655741342382
17.65310387016897	12.81698674388768
17.72289543219825	13.04834354557078
17.89603091284959	13.06508143049175
18.0617238077438	12.84326152898983
18.09965238007238	13.07957008344694
18.27087946033819	13.09924664725773
18.46731479207975	12.87478261499531
18.47284897745136	13.11627908030801
18.64187093616051	13.13867874245874
18.86934502832802	12.91120465029123
12.85768605831279	12.63823573710403
12.62196365998889	12.36887889820764
13.09499328994325	12.62245820695324
13.29696280705591	12.60542577407195
13.09813133293645	12.33924189212797
13.53582324837302	12.59156629814306
13.73944471559422	12.57707764535688
13.57719642534804	12.31359284181189
13.97964936668871	12.56528807096968
14.18464783704041	12.55350193899173
14.05872620996775	12.29221276362465
14.42597297056562	12.5439114351917
14.63205841033192	12.53495695535121
14.5422609558579	12.27533590217942
14.87426802269685	12.52767059770601
15.08113848910057	12.52164587715846
15.02731896530434	12.26314716390372
15.32398688618208	12.51674349652797
15.53133183552749	12.51371454337366
15.51340185139974	12.25578009116687
15.77456632454139	12.51124985126731
15.98207001459986	12.51124985135174
15.99999999847299	12.25331539916188
16.2254336726592	12.5112498514531
16.43277862200472	12.51427880477627
16.48659814554632	12.25578009157233
16.67601311101871	12.51674349708535
16.88288357742136	12.52276821780148
16.97268103164095	12.26314716471439
17.125731974502	12.52767059863447
17.33181741426925	12.53662507864405
17.4577390410873	12.27533590339551
17.57402702663497	12.54391143649218
17.77902549698702	12.55569756863914
17.94127378697851	12.2922127652465
18.0203506305125	12.56528807264201
18.22397209773529	12.5797767255972
18.42280357160036	12.31359284383942
18.46417674883165	12.59156630018725
18.66614626594482	12.60859873323753
18.90186866401439	12.33924189456119
18.90500670726249	12.62245820936925
19.10506742639759	12.64184781161489
19.37803633696577	12.36887890104671
12.29440096640318	12.04131620462193
12.01153408787489	11.718087997377
12.57640401309106	12.02987316081192
12.81526445440816	12.01601368488304
12.57666668498412	11.69659302601003
13.09839400482951	12.00596175732608
13.338598655924	11.99417218293888
13.14390070720614	11.67799041817266
13.62270312772468	11.98562150265846
13.86402826124989	11.97603099885843
13.71292230839792	11.66248398793261
14.14894539064099	11.96907524889881
14.39115500300593	11.9617888912536
14.28339805732956	11.65024362698786
14.67671362254647	11.95650428026847
14.91956201962797	11.95160189963797
14.85497859082186	11.64140344329724
15.20558393357973	11.94804632693248
15.44881842259363	11.94558163482613
15.42730244144642	11.63606029176626
15.73512035926643	11.94379405600065
15.97848401732578	11.94379405610201
15.99999999783626	11.63427271308453
16.26487963704281	11.94379405624577
16.5081141260568	11.94625874855485
16.57269755422616	11.6360602923413
16.79441606272966	11.94804632766786
17.0372644598103	11.95294870850085
17.14502140485015	11.64140344444716
17.32328637376143	11.95650428149369
17.56549598612715	11.96379063934182
17.71660193834238	11.65024362871279
17.85105460566825	11.96907525061461
18.09237973919375	11.97866575461748
18.2870776872748	11.66248399023281
18.37729686858505	11.9856215048647
18.61750151968141	11.99741107945475
18.85609928846898	11.67799042104806
18.90160599148429	12.00596176002278
19.14046643280195	12.0198212361545
19.42333331069384	11.69659302946064
19.42359598322394	12.02987316399905
19.66090321485765	12.04565069435285
19.98846590780757	11.71808800140294
11.61845885050299	11.3250127600051
11.27901859190048	10.93713890630038
11.95409687596026	11.31877109986227
12.23722642638161	11.30871917230531
11.95090909939808	10.92541437669702
12.57347890842193	11.30323630284478
12.85758338022261	11.29468562256436
12.62394583877467	10.91526749992551
13.19436763755889	11.29002161525338
13.47928476694999	11.28306586529376
13.29795762122453	10.90680944729535
13.81651229206357	11.27927181997458
14.10207091160411	11.27398720898945
13.97276257516901	10.90013288700529
14.43964834043501	11.27110469401857
14.72567025438677	11.26754912131308
14.6481701388729	10.89531096885095
15.06350038925975	11.26560971812961
15.34980232593256	11.26382213930413
15.32398314828467	10.89239652278069
15.68778520047134	11.26284709641734
15.97418082018837	11.2628470965611
15.99999999720445	10.89142148007972
16.31221479456937	11.26284709674692
16.59851673124223	11.26463467585992
16.67601684612426	10.89239652352396
16.93649960578105	11.26560971911835
17.22252151973218	11.26916529211119
17.35182985553573	10.8953109703374
17.56035165460483	11.2711046956662
17.84591027414594	11.276389306939
18.02723741923959	10.90013288923501
18.18348770297715	11.27927182228159
18.46840483236845	11.28622757252882
18.70204237318449	10.90680945026846
18.80563235748214	11.29002161821968
19.08973682928502	11.2985722987877
19.37605415563706	10.91526750364199
19.4265210866239	11.30323630647037
19.70965063704589	11.31328823431492
20.04909089501698	10.92541438115686
20.04590311908692	11.31877110414714
20.32790616577866	11.33021414824488
20.72098140251988	10.93713891150366
10.80732830867888	10.46544862307877
11.20732830867403	10.46544862307877
11.54358079071435	10.45996575361824
11.94358079071415	10.45996575361824
12.28036504805043	10.45530174630726
12.68036504804798	10.45530174630726
13.01759257316156	10.45150770098809
13.41759257316218	10.45150770098809
13.75517000199309	10.44862518601721
14.15517000199371	10.44862518601721
14.4930001368667	10.44668578283374
14.89300013686732	10.44668578283374
15.2309830114061	10.44571073994695
15.63098301140672	10.44571073994695
15.96901698578772	10.44571074013277
16.36901698578835	10.44571074013277
16.70699986032716	10.4466857833912
17.10699986032778	10.4466857833912
17.44482999520044	10.44862518694621
17.84482999520106	10.44862518694621
18.18240742403227	10.4515077022888
18.5824074240329	10.4515077022888
18.91963494914659	10.45530174797966
19.31963494914721	10.45530174797966
19.6564192064861	10.45996575566232
20.05641920648672	10.45996575566232
20.39267168852775	10.46544862549454
20.79267168852838	10.46544862549454
21.12830971399026	10.47169028600912
16.84964290038009	15.30723483597613
16.93664816428911	15.23109387161427
17.04105448170265	15.13972471374862
17.16634206233184	15.03008172454472
17.31668715961771	14.89851013703708
17.49710127926008	14.74062422949238
17.71359822574333	14.55116113789206
17.97339456417177	14.32380542565642
18.28515016695443	14.05097857389228
18.65925688742924	13.72358635428587
19.10818495195408	13.33071569080181
19.64689862930679	12.85927089466158
20.29335504269469	12.29353713887668
21.06910274901092	11.61465662293299
16.91031283304592	15.40184553069193
16.99629319647025	15.33762074641126
17.09946963329416	15.26055100474257
17.22328135721951	15.1680673149391
17.37185542645526	15.05708688678548
17.55014431240415	14.92391037086362
17.76409097842194	14.76409854961067
18.02082698026183	14.57232436215595
18.32891017917899	14.34219533967432
18.69861001505077	14.06604051481662
19.14224981805459	13.73465472502713
19.67461758157012	13.33699177729572
20.31345889838382	12.85979623971945
21.08006848867542	12.28716158701374
16.96192176031139	15.50234051111726
17.04703029131046	15.44993250335763
17.14916052921732	15.38704289361288
17.27171681444549	15.3115753620825
17.41878435724006	15.22101432392949
17.59526541143136	15.11234107640303
17.80704267931188	14.98193317762121
18.06117540336175	14.82544369749285
18.36613466896583	14.63765632335204
18.73208578489251	14.41231147611626
19.17122712396477	14.1418976594692
19.69819673075002	13.81740107948439
20.33056025951983	13.42800518332071
21.08939650404078	12.96073010168632
17.003904243969	15.60774040954824
17.08830356258077	15.56706631926183
17.18958274561751	15.51825741058295
17.31111776500433	15.45968672029618
17.45695978878575	15.38940189170791
17.63197022013852	15.30506009605105
17.8419827405901	15.20384993990658
18.09399776770496	15.08239775130152
18.39641579701579	14.93665512654098
18.75931742941586	14.76176397817717
19.19479938825875	14.55189460017263
19.71737773875577	14.30005134653479
20.3444717600144	13.99783944210301
21.09698459542262	13.6351851519136
17.03580031514253	15.71701211897337
17.11966081168433	15.68800653944545
17.2202934082332	15.65319984377421
17.34105252383683	15.6114318090614
17.48596346307596	15.56131016723386
17.65985659296095	15.50116419607959
17.86852835163424	15.42898902972985
18.11893446460007	15.34237882923496
18.41942179695435	15.23844658976143
18.78000659302631	15.11372790335979
19.21270834827801	14.96406547970602
19.73195045445205	14.78447057126526
20.35504098256012	14.56895668118464
21.10274962610796	14.31034000957578
17.05726051380229	15.82908011201274
17.14075848203884	15.81169580547139
17.24095604461895	15.7908346374811
17.36119311946184	15.76580123595036
17.50547760978672	15.73576115401297
17.67861900096346	15.69971305511502
17.88638867317584	15.65645533586291
18.1357122823789	15.60454607224021
18.43490061023346	15.54225495656988
18.79392660091975	15.46750561835143
19.22475778971117	15.37780641251362
19.74175521611873	15.27016736542836
20.36215212854642	15.14100050908835
21.10662843321838	14.98600027932192
17.06804971752028	15.94283822461301
17.15136542315231	15.93704663977612
17.25134427060608	15.930096737928
17.37131888729856	15.92175685573288
17.51528842784272	15.91174899706975
17.6880518792775	15.89973956648807
17.89536802379457	15.88532824960458
18.14414739975914	15.86803466917836
18.44268264773624	15.84728237290151
18.80092494257771	15.82237961757546
19.23081569635785	15.7924963112047
19.74668460073711	15.75663634345632
20.36572728677272	15.71360438243418
21.10857851973545	15.66196602839968
17.06804971752291	16.05716177542147
17.15136542315843	16.0629533603105
17.25134427061698	16.0699032622302
17.37131888731591	16.07824314452153
17.51528842786869	16.08825100331355
17.68805187931481	16.10026043406494
17.89536802384669	16.11467175116987
18.14414739983047	16.13196533188364
18.44268264783245	16.15271762853281
18.80092494270597	16.17762038433854
19.23081569652703	16.20750369132207
19.74668460094004	16.2433636595753
20.36572728706052	16.28639562186859
21.10857852010731	16.33803397716194
17.05726051381012	16.17091988802209
17.14075848205715	16.18830419461559
17.24095604465163	16.20916536267746
17.36119311951383	16.23419876430439
17.50547760986457	16.26423884637066
17.67861900107534	16.3002869454383
17.88638867333214	16.34354466491185
18.13571228259285	16.39545392882209
18.43490061052204	16.4577450448647
18.79392660130447	16.5324943835628
19.2247577902187	16.62219359001335
19.74175521672752	16.72983263760343
20.3621521294098	16.85899949521455
21.10662843433394	17.01399972623976
17.03580031515661	16.28298788105764
17.11966081171586	16.31199346063776
17.22029340828866	16.34680015638066
17.34105252392445	16.38856819118975
17.48596346320666	16.43868983314628
17.65985659314834	16.49883580447038
17.86852835189559	16.57101097104172
18.11893446495746	16.65762117182433
18.41942179743607	16.7615534116704
18.78000659366819	16.88627209855196
19.21270834912447	17.03593452281881
19.73195045546717	17.21552943176478
20.35504098399941	17.43104332311698
21.10274962796742	17.68965999598522
17.00390424398753	16.39225959048597
17.08830356262374	16.43293368082454
17.18958274569403	16.481742589575
17.31111776512589	16.54031327995798
17.45695978896765	16.61059810867515
17.63197022039983	16.69493990450173
17.84198274095503	16.79615006086766
18.09399776820439	16.91760224976029
18.39641579768934	17.06334487489316
18.75931743031371	17.23823602373666
19.19479938944312	17.44810540235399
19.7173777401764	17.69994865649672
20.34447176202902	18.00216056219968
21.09698459802566	18.36481485364797
16.96192176033467	16.49765948891812
17.04703029136519	16.55006749672989
17.14916052931516	16.6129571065462
17.27171681460126	16.68842463817277
17.41878435747343	16.77898567645464
17.59526541176686	16.88765892415077
17.80704267978061	17.01806682315401
18.06117540400345	17.17455630356987
18.36613466983143	17.36234367808294
18.73208578604654	17.58768852579835
19.17122712548723	17.85810234305808
19.69819673257629	18.18259892354766
20.33056026210988	18.57199482098237
21.08939650738744	19.03926990387548
16.91031283307433	16.59815446934367
16.99629319653708	16.66237925367658
17.09946963341369	16.73944899541696
17.22328135740985	16.83193268531675
17.37185542674043	16.94291311359942
17.55014431281415	17.07608962969115
17.76409097899478	17.23590145116576
18.02082698104608	17.42767563890829
18.32891018023691	17.65780466176254
18.69861001646123	17.93395948710029
19.14224981991533	18.26534527750298
19.67461758380222	18.66300822573977
20.31345890154942	19.14020376458783
21.08006849276578	19.71283841855314
16.84964290041307	16.6927651640603
16.93664816436751	16.76890612847442
17.04105448184336	16.86027528641177
17.16634206255625	16.96991827571201
17.31668715995421	17.10148986334872
17.4971012797441	17.25937577106332
17.71359822641985	17.44883886288534
17.97339456509816	17.67619457540884
18.28515016820429	17.94902142754564
18.65925688909576	18.27641364763215
19.10818495415283	18.66928431172948
19.64689863194445	19.14072910837519
20.29335504643566	19.70646286543197
21.06910275384487	20.38534338263539
16.77885759169169	15.29505448468425
16.81510978758627	15.26332908059183
16.8133907044855	15.33896024006855
16.85919578930073	15.21924307887738
16.90269842125524	15.18117259669645
16.8931455323346	15.2691643537952
16.95560162367854	15.12826939427315
17.00780478238531	15.08258481534032
16.98885132299588	15.18540929268144
17.07128862515769	15.01910097256794
17.13393241547229	14.964279477966
17.10369827201725	15.08490321914667
17.21011302706774	14.88809886637054
17.28528557571067	14.82231307261672
17.24151461097478	14.9642959307909
17.37670231109391	14.73089633723349
17.46690937091509	14.65195338346114
17.4068942194389	14.81956718326473
17.57660945485024	14.54225329952599
17.68485792809187	14.44752175372583
17.6053497525017	14.64589268369222
17.81649803015547	14.31588165166223
17.94639619936969	14.2022037955444
17.84349639495755	14.43748328177424
18.10436432015721	14.04423567475689
18.26024212154854	13.90782224887482
18.1292723655631	14.18739199977435
18.44980386504127	13.71826050538209
18.63685722527867	13.55456439557888
18.47220352719184	13.88728246408908
18.86433131744619	13.32709030341137
19.0887953497086	13.13065497166934
18.88372091969166	13.52715102254384
19.36176426027679	12.85768606110116
19.63112109895314	12.62196366303104
19.37754179063044	13.09499329273169
19.95868379190306	12.29440097008113
20.281911998597	12.01153409218868
19.97012683600074	12.57640401676913
20.67498723533823	11.61845885544746
21.06286108849634	11.27901859747562
20.6812288958528	11.95409688090484
21.53455137450546	10.8073283114665
21.53455137450546	11.20732831146165
16.84415271271783	15.38130051203683
16.879977866713	15.35454018333403
16.87448767905074	15.42860585939474
16.92348049866751	15.3164697011531
16.96647068037968	15.28435730901277
16.95330301475808	15.3697331385516
17.01867383908645	15.23867273007994
17.0702620574984	15.20013785924559
17.04788141488221	15.29908587557692
17.132905847813	15.14531636464364
17.19481170977567	15.09907451974191
17.16137549525683	15.21430915984083
17.26998425841861	15.03328872598809
17.34427129303648	14.97779851191128
17.29756839183738	15.11257710086229
17.43447835285767	14.89885555813893
17.52362279583211	14.832267300178
17.4609998694297	14.99049862882455
17.63187126907374	14.73753575437784
17.73884460208264	14.65762984375137
17.65711764541305	14.84400446023714
17.86874277129685	14.54395198763354
17.9971107722168	14.44806489390618
17.89245897934188	14.66821145588331
18.15298857360813	14.31165146802412
18.30703017306671	14.1965869567833
18.17486857972041	14.45725985091514
18.49408353330411	14.0328908469801
18.67893345124001	13.89481343455124
18.51376009711488	14.20411792724547
18.90339748350242	13.69837810280922
19.12521738500433	13.53268520791447
18.92042991655268	13.90034761992187
19.39457422368069	13.29696280984435
19.66075810543846	13.09813133597865
19.40843369981236	13.53582325116143
19.98398631213241	12.8152644580862
20.30340697053926	12.57666668929806
19.99403823997697	13.09839400850758
20.69128082369738	12.23722643132622
21.07458561884317	11.95090910497337
20.69676369352963	12.57347891336659
21.54003424433771	11.54358079350202
21.54003424433771	11.94358079350183
16.90065540622023	15.47392969237081
16.93611729667865	15.4520930209046
16.92645986985297	15.52417718258347
16.97910747839082	15.41998062876426
17.02166174389036	15.39377662488445
17.00447602581092	15.47613650723744
17.07324996230231	15.3552417540501
17.12431508125574	15.32379694917773
17.09809541026389	15.41848769848525
17.18622094321841	15.27755510427599
17.2474990858325	15.2398213385108
17.2104386718314	15.34930912784769
17.32178612045037	15.18433112443399
17.39531989184766	15.13905060535749
17.34525058584278	15.26629484300599
17.48446433482211	15.07246234739656
17.57270486191776	15.01812572363333
17.50702488433571	15.16667770016626
17.67967819492665	14.93821981300685
17.78556682886691	14.87301586361594
17.70115404537162	15.04713712701212
17.91393482978685	14.77712876988858
18.04100119181179	14.6988840298244
17.93410904133682	14.90368843755703
18.19504279127037	14.58381951858359
18.34752242407241	14.48992583151318
18.21365503616379	14.73155001042245
18.5323723420083	14.35184841908433
18.71534789997164	14.23917599546644
18.54911022692917	14.52498389973415
18.93716780147355	14.0734831005717
19.15673847100967	13.93827619224817
18.95165645442864	14.27710456779273
19.42292235276744	13.73944471838246
19.68640715616007	13.57719642839006
19.43471192735739	13.9796493694768
20.00582781456692	13.33859865960192
20.32200957895183	13.14390071152008
20.01437849513493	13.62270313140255
20.70531437409763	12.85758338516723
21.0847324963581	12.62394584435003
20.70997838178031	13.19436764250352
21.54469825202039	12.28036505083812
21.54469825202039	12.68036505083566
16.94774661686452	15.57198799916811
16.98291300214019	15.55504046033275
16.96873785869333	15.6246879483836
17.02546726763973	15.52883645645293
17.06766692694561	15.50849941130973
17.04610390327488	15.58740336440503
17.11873204589904	15.47705460643736
17.16937163741742	15.45265015209791
17.13894315409914	15.54266186492239
17.2306497800315	15.41491638633272
17.29141728972491	15.38563104118934
17.25035025531092	15.48897206543956
17.3649510611222	15.34035052211284
17.43787207301291	15.3052081078187
17.38403877689504	15.42454430600205
17.52611260010856	15.25087148405547
17.61361781578494	15.20870058622704
17.54446500446214	15.34723099387949
17.7195064497252	15.14349663683613
17.82451270995099	15.0928915587639
17.73697648036431	15.25445501797881
17.95157907197593	15.01464681869972
18.07758658553336	14.95392072439719
17.96799025414753	15.14312384560405
18.23006621833539	14.86002703732678
18.38127523299081	14.78715572494651
18.24520678236038	15.00952643892125
18.56425079095415	14.67448330132862
18.74570160715418	14.58703772714671
18.57786661321582	14.84920955235908
18.96527227669031	14.45183081882319
19.18301325611176	14.34689612982092
18.9770584088373	14.6568292891749
19.44649805950439	14.18464783982851
19.7077872347529	14.05872621300959
19.45608856350726	14.42597297335371
20.0239689991378	13.86402826492775
20.33751600976711	13.71292231271186
20.03092474938508	14.1489453943189
20.71693413202759	13.47928477189467
21.0931905497317	13.29795762679996
20.72072817771851	13.81651229700831
21.54849229771131	13.0175925759493
21.54849229771131	13.41759257594993
16.9849104034922	15.67446192326507
17.01985227955576	15.66237626426081
17.00085843907897	15.72909777797763
17.06205193886165	15.6420392191176
17.10398218713255	15.62753642935364
17.07773056341343	15.70250932920941
17.15462177865092	15.6031319750142
17.20493807692536	15.58572862717858
17.16997710995877	15.67060319160983
17.26570558661876	15.55644328203519
17.32608514442058	15.53555926467879
17.28067296603501	15.63231582641781
17.39900615631129	15.50041685038466
17.47146162593086	15.47535602947089
17.4135079934564	15.58637098814763
17.55896684160724	15.43318513164246
17.64591340654973	15.40311214606532
17.57291002801846	15.53123718165673
17.75091966677552	15.35250706799308
17.85525554611217	15.31641948481821
17.76419247229759	15.46507661290472
17.9812630596696	15.25569339051569
18.10646611615251	15.21238829026824
17.99373140811715	15.38568392948241
18.25767513080793	15.13951697788797
18.40791879698507	15.08755085815121
18.26917813077721	15.2904127094982
18.58936961318511	15.0001052839693
18.76966201122109	14.93774594076848
18.59971419499033	15.17608724656061
18.98740299064254	14.83281125176621
19.20375386826838	14.75798003993932
18.99635747065216	15.0388966915329
19.46504304351689	14.6320584131204
19.72466409660391	14.54226095890003
19.47232940136503	14.87426802548564
20.03821110723322	14.39115500668414
20.34975637128726	14.28339806164383
20.04349571850609	14.67671362622495
20.72601278899137	14.10207091654912
21.09986711076529	13.97276258074469
20.72889530433404	14.43964834538021
21.55137481305398	13.75517000478101
21.55137481305398	14.15517000478164
17.0117395918804	15.78028957707259
17.04653041447241	15.77304611549306
17.02246969121028	15.83632357359228
17.08846066274332	15.75854332572909
17.13020964686159	15.74985117245842
17.09900949792057	15.82038795874207
17.18052594513602	15.7324478246228
17.23062472642608	15.72201724062765
17.1908572633289	15.80126522147625
17.29100428422789	15.70113322327125
17.35112282164933	15.68861652250588
17.3010745820404	15.77831793671573
17.4235782912689	15.66355570159211
17.49572053643134	15.64853566062342
17.43333536462428	15.75078119498166
17.58266710137383	15.61846267504628
17.6692377969622	15.60043862559731
17.59204830537509	15.71773710456399
17.77357367629885	15.56435104242244
17.87745851240504	15.54272218279638
17.78250383706965	15.67808419548897
18.00266156888795	15.49941708254894
18.12732337348949	15.47346245073759
18.01105047777737	15.63050070405156
18.27756703966663	15.42149633100082
18.42716120359391	15.39035077316566
18.28530644630618	15.57340051440505
18.60745360162989	15.32799142996484
18.78696659697303	15.29061676085561
18.6144136055766	15.50488028746066
19.00331747459888	15.21578554902872
19.21873306899459	15.17093594610982
19.00934219531546	15.42265601543253
19.47835412208161	15.08113849188944
19.73685283528539	15.02731896834681
19.48325650291495	15.32398688897099
20.04839809933942	14.9195620233065
20.35859655555327	14.8549785951365
20.05195367233257	15.20558393725835
20.73245087732719	14.72567025933206
21.10468902966317	14.64817014444885
20.7343902808824	15.06350039420514
21.55331421660919	14.49300013965471
21.55331421660919	14.89300013965534
17.0279402358268	15.88837232883608
17.06265511566129	15.88595916831288
17.0333348376858	15.94525138513621
17.10440409977956	15.8772670150422
17.14606195259558	15.87437122262376
17.10970757033629	15.93994243219457
17.19616073388563	15.86394063862861
17.24615015761252	15.86046568770455
17.20135484687919	15.93357168885206
17.30626869503396	15.84794898693918
17.3662560033802	15.84377904584162
17.31133157895232	15.92592679683044
17.43839824854264	15.82875900487292
17.51038301881472	15.82375507554136
17.44330365757064	15.91675292640131
17.59695371440309	15.80573102609238
17.68333544012048	15.79972631080155
17.60167015356011	15.90574428177891
17.78722027622667	15.77809745117549
17.89087834848521	15.77089179273375
17.79170995153603	15.89253390804632
18.01554015308674	15.74493716092239
18.13992984106902	15.73629037070929
18.01975771177686	15.87668145939147
18.2895240049963	15.70514481287412
18.43879162898485	15.6947686647357
18.29341502374769	15.85765852103994
18.61830462432799	15.65739399562647
18.79742577174873	15.64494261796345
18.62180379515697	15.83483099523849
19.01284136614444	15.60009301504454
19.22778674303451	15.58515136185916
19.01587031946778	15.80743796439008
19.48628545623829	15.53133183831653
19.74421990842792	15.51340185444234
19.48875014854748	15.77456632733051
20.05441836464177	15.44881842627233
20.36393970765957	15.42730244576127
20.05620594375491	15.73512036294525
20.73617785999555	15.34980233087805
21.10760347647692	15.3239831538608
20.73715290325408	15.68778520541693
21.55428925986773	15.23098301419421
21.55428925986773	15.63098301419483
17.03333483768587	15.99758683947547
17.06804971752159	16.00000000001724
17.03333483768718	16.0547486148797
17.10970757033761	15.9971042075988
17.15136542315537	16.00000000004331
17.10970757034067	16.06005756786598
17.20135484688225	15.99652504911925
17.25134427061153	16.0000000000791
17.20135484688771	16.06642831127035
17.31133157895777	15.99583005898154
17.37131888730724	16.0000000001272
17.31133157896645	16.07407320337586
17.44330365757931	15.99499607079564
17.5152884278557	16.00000000019165
17.4433036575923	16.08324707391754
17.6016701535731	15.99399528490081
17.68805187929615	16.0000000002765
17.60167015359175	16.09425571868924
17.79170995155469	15.99279434183476
17.89536802382063	16.00000000038722
17.79170995158075	16.1074660926174
18.01975771180291	15.99135321017412
18.1441473997948	16.000000000531
18.01975771183858	16.12331854152676
18.29341502378335	15.98962385239258
18.44268264778434	16.00000000071716
18.29341502383146	16.14234148020822
18.62180379520508	15.98754862305413
18.80092494264184	16.000000000957
18.62180379526921	16.16516900643567
19.01587031953191	15.98505834777162
19.23081569644244	16.00000000126338
19.0158703196165	16.1925620378303
19.48875014863207	15.9820700173892
19.74668460083857	16.00000000151581
19.48875014873354	16.22543367544868
20.05620594385638	15.97848402100474
20.36572728691662	16.00000000215138
20.05620594400028	16.26487964072194
20.73715290339798	15.97418082513413
21.10857851992138	16.00000000278081
20.73715290358391	16.31221479951526
21.55428926005365	15.96901698857597
21.55428926005365	16.36901698857659
17.02786429307077	16.10679737012369
17.06265511566651	16.11404083172178
17.02246969121438	16.163676426424
17.10431296848428	16.1169366241663
17.14606195260779	16.12562877746305
17.09900949793363	16.17961204131884
17.19605137633706	16.1291037284229
17.2461501576343	16.13953431245383
17.19085726335439	16.19873477864653
17.30613746598377	16.14370425359949
17.36625600341487	16.15622095441296
17.30107458208273	16.22168206349092
17.43824077369126	16.16122488380897
17.51038301886663	16.17624492484211
17.4333353646892	16.24921880533752
17.59676474458969	16.1822496402178
17.68333544019507	16.20027368975162
17.59204830546996	16.28226289590448
17.78699351246102	16.20747934830408
17.89087834858941	16.22910820804086
17.78250383720374	16.32191580517507
18.0152680365813	16.23775499839774
18.13992984121166	16.26370963035286
18.01105047796249	16.36949929686697
18.28919746521265	16.27408577867745
18.43879162917725	16.30523133669875
18.28530644655745	16.42659948684339
18.61791277661401	16.31768271460162
18.79742577200522	16.35505738395067
18.61441360591326	16.49511971421375
19.01237114891575	16.36999903744244
19.22778674337287	16.41484864066771
19.00934219576159	16.57734398678807
19.48572119557937	16.43277862479432
19.74421990883378	16.48659814858937
19.48325650347311	16.67601311380839
20.05374125189402	16.50811412973601
20.36393970823516	16.57269755854157
20.05195367306866	16.79441606640899
20.73536532475855	16.59851673618824
21.10760347722062	16.67601685170085
20.73439028187187	16.93649961072716
21.55331421716697	16.7069998631155
21.55331421716697	17.10699986311613
17.01158853841359	16.21486822551702
17.04653041448336	16.22695388453987
17.00085843908683	16.27090222203479
17.08827939860688	16.23564603783662
17.13020964688651	16.25014882762667
17.07773056343624	16.2974906708477
17.18030842818375	16.26057941165761
17.23062472647015	16.27798275952906
17.16997711000226	16.32939680850921
17.29074326390124	16.29049946034252
17.35112282171914	16.31138347774707
17.28067296610655	16.36768417378521
17.42326506689451	16.3264035187802
17.49572053653561	16.35146433975847
17.41350799356555	16.41362901216802
17.582291232141	16.36948838929229
17.66923779711184	16.39956137495434
17.5729100281775	16.46876281880833
17.77312263324024	16.42119023469112
17.87745851261387	16.45727781797678
17.76419247252197	16.53492338775605
18.00212031724422	16.4832324499319
18.12732337377516	16.52653755032321
17.99373140842653	16.61431607143302
18.27691753773975	16.55768310834452
18.42716120397906	16.60964922826755
18.26917813119677	16.70958729174736
18.60667419937027	16.6470238976166
18.78696659748633	16.70938324105738
18.59971419555213	16.82391275511118
19.00238219194344	16.75423284428265
19.21873306967158	16.82906405641608
18.99635747139633	16.96110331068538
19.47723178292599	16.88288358021112
19.73685283609735	16.97268103468411
19.47232940229582	17.12573197729179
20.04705129243849	17.03726446348967
20.3585965567046	17.14502140916577
20.04349571973329	17.32328637744088
20.73083470916668	17.22252152467837
21.10468903115068	17.35182986111249
20.72889530598341	17.5603516595511
21.55137481398371	17.44482999798885
21.55137481398371	17.84482999798948
16.98468589428769	16.32067619691788
17.01985227957207	16.33762373577181
16.96873785870315	16.37531205163204
17.0617825278517	16.35212652556186
17.10398218716981	16.37246357073115
17.04610390330564	16.41259663565526
17.1542984854562	16.3898669186026
17.20493807699134	16.41427137297783
17.13894315415888	16.45733813519977
17.26531763480924	16.43515539038238
17.32608514452517	16.46444073557386
17.25035025540996	16.51102793476649
17.39854061416628	16.48950155655213
17.47146162608716	16.52464397091072
17.38403877704677	16.57545569431657
17.55840819105799	16.55471695657277
17.64591340677408	16.59688785448606
17.54446500468374	16.65276900658844
17.75024928614771	16.63297543777172
17.85525554642531	16.68358051595469
17.73697648067743	16.7455449826847
17.98045860295624	16.726885616346
18.10646611658093	16.78761171079231
17.96799025457971	16.85687615531398
18.25670978282023	16.83957783071534
18.40791879756271	16.91244914328178
18.24520678294687	16.99047356232672
18.58821119567877	16.97480848672256
18.76966201199095	17.06225406114431
18.57786661400153	17.15079044931491
18.98601288971909	17.13708527327773
19.20375386928379	17.2420199625864
18.97705840987842	17.34317071304532
19.46337492245515	17.33181741705938
19.72466409782179	17.45773904413075
19.45608856480976	17.57402702942535
20.03620936208791	17.56549598980685
20.34975637301422	17.71660194265833
20.03092475110271	17.8510546093482
20.72361069499822	17.84591027909245
21.09986711299654	18.0272374248166
20.72072818002734	18.18348770792383
21.54849229901283	18.18240742682086
21.54849229901283	18.58240742682148
16.94745111169148	16.42312286821728
16.9829130021611	16.44495953970205
16.92645986986506	16.47582281743335
17.02511266147921	16.46529658487133
17.06766692699446	16.49150058877722
17.00447602584993	16.52386349282401
17.11830651852961	16.51590504315245
17.16937163750459	16.54734984806061
17.09809541034017	16.58151230163805
17.23013914722053	16.57663519325209
17.29141728986357	16.61436895906537
17.21043867195821	16.65069087235948
17.36433830178445	16.64951137342396
17.43787207322054	16.6947918925649
17.34525058603734	16.7337051573137
17.52537728893663	16.73696279047818
17.61361781608334	16.79129941432625
17.50702488462014	16.8333223003027
17.71862407636094	16.84190449250922
17.82451271036782	16.90710844201084
17.70115404577373	16.95286287365239
17.9505202239925	16.96783453645715
18.07758658610392	17.04607927666508
17.93410904189203	17.09631156336194
18.2287956008464	17.11895058923152
18.38127523376039	17.21284427648805
18.21365503691744	17.26844999082641
18.56272605007257	17.3002898509098
18.74570160818013	17.4129622747675
18.54911022793899	17.47501610194065
18.96344258774483	17.51789696407617
19.18301325746518	17.65310387270603
18.95165645576689	17.72289543442821
19.44430243283182	17.7790254997774
19.70778723637635	17.94127379002219
19.43471192903176	18.02035063330287
20.02133424730265	18.09237974287367
20.33751601206945	18.28707769159103
20.01437849734308	18.37729687226501
20.71377243006777	18.46840483731517
21.09319055270655	18.70204237876172
20.70997838474866	18.80563236242892
21.54469825369372	18.91963495193524
21.54469825369372	19.31963495193586
16.90029214269564	16.5211466504095
16.9361172967045	16.5479069791309
16.87448767906547	16.57139414062227
16.97867156221976	16.57411098303678
17.02166174395113	16.60622337520324
16.9533030148057	16.63026686151013
17.07272686292612	16.63766818011139
17.12431508136443	16.67620305098158
17.04788141497539	16.70091412454677
17.18559322400747	16.71393681679486
17.24749908600555	16.76017866174476
17.16137549541177	16.78569084036685
17.32103285744164	16.8054591808857
17.39531989210693	16.86094939502703
17.29756839207514	16.88742289945808
17.48356041925364	16.91528601887509
17.5727048622905	16.98187427692096
17.46099986977729	17.00950137164529
17.67859349629738	17.04707822642258
17.78556682938769	17.12698413715989
17.65711764590446	17.15599554042846
17.91263319149911	17.20522887736782
18.04100119252476	17.30111597123908
17.89245898002043	17.33178854503703
18.19348082543875	17.39500965849562
18.34752242503417	17.51007416992274
18.17486858064149	17.54274015033541
18.53049798314172	17.62274659378044
18.71534790125389	17.76082400644932
18.51376009834907	17.79588207443141
18.93491857097423	17.89603091507918
19.15673847270128	18.06172381028053
18.92042991818828	18.09965238230163
19.42022327624581	18.22397210052532
19.68640715818925	18.42280357464372
19.40843370185877	18.46417675162137
20.00258892295605	18.61750152336107
20.32200958182965	18.8560992927851
19.99403824267582	18.9016059951638
20.70142770446843	19.08973683423165
21.08473250007661	19.37605416121431
20.6967636971576	19.42652109157048
21.54003424638289	19.65641920927469
21.54003424638289	20.05641920927532
16.84372567083293	16.61373441259096
16.8799778667437	16.64545981670199
16.8133907045023	16.66103975994928
16.92296804847507	16.67757220886844
16.96647068045229	16.7156426910755
16.89314553239029	16.73083564626736
17.0180588988906	16.75417756194569
17.07026205762853	16.79986214091436
16.98885132310543	16.8145907074431
17.1321679196266	16.84610398586426
17.19481170998305	16.90092548051438
17.1036982721998	16.91509678106189
17.26909874464834	16.95641569465571
17.34427129334732	17.02220148847407
17.24151461125523	17.03570406953036
17.43341573638418	17.08878974651994
17.52362279627913	17.16773270037724
17.40689421984916	17.18043281720602
17.63059612936944	17.24763861111454
17.73884460270732	17.34237015702555
17.60534975308198	17.35410731697433
17.86721260373297	17.43825725089681
17.99711077307212	17.55193510715856
17.843496395759	17.56251671914709
18.15115237266754	17.66699961858568
18.3070301742206	17.80341304465409
18.12927236665122	17.81260800147724
18.49188009233276	17.94149045732296
18.67893345277849	18.10518656736622
18.47220352865002	18.11271753758889
18.90075335450554	18.27087946256756
19.12521738703408	18.46731479461623
18.8837209216243	18.47284897968081
19.39140126897752	18.66614626873463
19.66075810787333	18.90186866705748
19.37754179304864	18.90500671005233
19.98017876674693	19.14046643648151
20.30340697399254	19.4233333150099
19.97012683919006	19.42359598690358
20.68671176960072	19.70965064199255
21.07458562330532	20.04909090059426
20.68122890014027	20.04590312403368
21.53455137692244	20.39267169131644
21.53455137692244	20.79267169131707
16.77837145020654	16.69993258203015
16.81510978762144	16.73667091944505
16.85861241959866	16.77474140165211
16.90269842133932	16.81882740339278
16.95490158007725	16.86451198236146
17.0078047825365	16.91741518482071
17.07044857289295	16.97223667947083
17.13393241571362	17.0357205222915
17.2091049644126	17.10150631610986
17.28528557607273	17.17768692776999
17.37549263596768	17.25662988162729
17.46690937143605	17.34804661709565
17.57515784477392	17.44277816300666
17.68485792882012	17.55247824705287
17.81475609815928	17.66615610331462
17.94639620036706	17.7977962055224
18.10227400192012	17.9342096315908
18.26024212289428	18.09217775256495
18.44729548334001	18.25587386260821
18.63685722707316	18.44543560634136
18.8613212596017	18.64187093839002
19.08879535207628	18.86934503086461
19.35815219097209	19.10506742918746
19.63112110179353	19.3780363400089
19.95434930903914	19.66090321853729
20.28191200262562	19.98846591212378
20.66978585633023	20.32790617072549
21.06286109370207	20.72098140809733
21.52830971677963	21.12830971677901
16.69276516459333	16.84964289988008
16.59815447041042	16.91031283200795
16.49765949051798	16.96192175873545
16.39225959261893	17.0039042418555
16.28298788372244	17.03580031249213
16.17091989121996	17.05726051061277
16.05716177915375	17.06804971379266
15.94283822887767	17.06804971325733
15.82908011680978	17.05726050900655
15.71701212430344	17.03580030981406
15.60774041541072	17.00390423810758
15.50234051751264	16.96192175391718
15.40184553762032	16.91031282611905
15.30723484343683	16.84964289292001
16.76890612906514	16.93664816377685
16.66237925485872	16.99629319535535
16.55006749850282	17.04703028959292
16.43293368318827	17.08830356026099
16.31199346359106	17.11966080876299
16.18830419815965	17.14075847851373
16.06295336444665	17.15136541902443
15.93704664450236	17.15136541842793
15.81169581078771	17.14075847672399
15.6880065453525	17.11966080577907
15.56706632575899	17.08830355608488
15.4499325104454	17.0470302842241
15.33762075408962	16.99629318879354
15.23109387988262	16.93664815602152
16.86027528706193	17.04105448119328
16.73944899671794	17.09946963211316
16.61295710849741	17.14916052736469
16.48174259217646	17.18958274309364
16.34680015963112	17.22029340503875
16.20916536657811	17.24095604075176
16.06990326678235	17.25134426606711
15.93009674312968	17.25134426540642
15.7908346433323	17.24095603876941
15.65319985027558	17.22029340173383
15.51825741773387	17.18958273846812
15.38704290141385	17.14916052141805
15.26055101319344	17.09946962484511
15.13972472284888	17.04105447260333
16.96991827638982	17.16634206187856
16.83193268667301	17.22328135605409
16.68842464020689	17.27171681256794
16.54031328266998	17.31111776241505
16.38856819457844	17.34105252053644
16.23419876837092	17.36119311544825
16.07824314926717	17.37131888257272
15.92175686115572	17.37131888187795
15.76580124205038	17.36119311336373
15.61143181583924	17.34105251706126
15.45968672775124	17.31111775755112
15.31157537021524	17.27171680631478
15.16806732374923	17.22328134841141
15.03008173403189	17.16634205284586
17.10148986411606	17.31668715918703
16.94291311513473	17.37185542520568
16.77898567875736	17.41878435517162
16.61059811174529	17.4569597858988
16.43868983698268	17.48596345937113
16.26423885097443	17.50547760526195
16.08825100868593	17.51528842249896
15.91174900320887	17.51528842170607
15.73576116091884	17.50547760288305
15.56131017490708	17.48596345540533
15.38940190014791	17.45695978034798
15.22101433313671	17.41878434803528
15.05708689675946	17.37185541648356
14.89851014777759	17.31668714887864
17.25937577188279	17.49710127892483
17.07608963133071	17.55014431117523
16.88765892660985	17.59526540930879
16.69493990778034	17.63197021712264
16.49883580856745	17.65985658905235
16.30028695035487	17.67861899616018
16.10026043980219	17.68805187358043
15.89973957304423	17.68805187272411
15.69971306249008	17.67861899359095
15.50116420427412	17.65985658476938
15.30506010506451	17.63197021112773
15.11234108623586	17.59526540160146
14.92391038151511	17.55014430175524
14.74062424096251	17.4971012677917
17.44883886374701	17.71359822555843
17.23590145288969	17.76409097727159
17.01806682573965	17.80704267719611
16.79615006431504	17.84198273750926
16.57101097534978	17.86852834758886
16.34354467008161	17.88638866816407
16.11467175720247	17.89536801781726
15.8853282564983	17.89536801690397
15.65645534361776	17.88638866542396
15.42898903834637	17.86852834302115
15.20384994938424	17.84198273111564
14.98193318796045	17.80704266897614
14.76409856081052	17.76409096722504
14.5511611499527	17.71359821368483
17.67619457629685	17.97339456421045
17.42767564068487	18.02082697927036
17.17455630623451	18.06117540134011
16.917602253313	18.09399776465349
16.65762117626414	18.11893446051928
16.39545393414993	18.13571227726705
16.1319653381006	18.14414739361703
15.86803467628283	18.14414739265821
15.60454608023217	18.13571227439041
15.34237883811494	18.11893445572407
15.08239776106902	18.0939977579413
14.82544370814828	18.06117539271052
14.57232437369802	18.02082696872314
14.32380543808558	17.97339455174522
17.94902142843613	18.28515016731417
17.65780466354403	18.32891017845638
17.36234368075499	18.36613466716089
17.06334487845575	18.39641579412881
16.76155341612264	18.41942179298581
16.45774505020746	18.43490060518175
16.15271763476708	18.44268264160209
15.84728238002581	18.44268264061598
15.54225496458421	18.43490060222322
15.23844659866625	18.41942178805417
14.93665513633585	18.39641578722552
14.63765633403731	18.36613465828559
14.34219535124836	18.32891016760885
14.05097858635584	18.28515015449402
18.27641364849055	18.65925688823782
17.93395948881756	18.69861001474507
17.58768852837407	18.73208578347253
17.23823602717085	18.75931742688189
16.88627210284379	18.78000658937877
16.53249438871307	18.79392659615719
16.17762039034811	18.80092493670078
15.82237962444302	18.80092493571479
15.46750562607698	18.793926593199
15.11372791194375	18.78000658444779
14.76176398761914	18.75931741997941
14.41231148641655	18.73208577459825
14.06604052597313	18.69861000389877
13.72358636629975	18.65925687541917
18.6692843124846	19.10818495339828
18.26534527901361	19.14224981840602
17.85810234532386	19.17122712322344
17.44810540537493	19.19479938642489
17.0359345265942	19.212708345352
16.62219359454388	19.22475778569175
16.20750369660849	19.23081569124559
15.79249631724588	19.23081569032202
15.37780641930955	19.22475778292091
14.96406548725706	19.21270834073335
14.55189460847844	19.19479937995956
14.14189766853006	19.17122711491116
13.73465473484039	19.1422498082466
13.33071570136906	19.10818494139144
19.14072910895366	19.64689863136667
18.66300822689705	19.67461758264648
18.18259892528344	19.69819673084283
17.69994865881101	19.71737773786524
17.21552943465701	19.73195045257849
16.72983264107416	19.74175521326111
16.24336366362514	19.7466845968959
15.75663634808434	19.74668459611532
15.27016737063455	19.74175521091924
14.78447057704993	19.73195044867491
14.30005135289765	19.71737773240086
13.81740108642567	19.69819672381743
13.33699178481212	19.67461757405991
12.85927090275522	19.64689862121869
19.70646286582641	20.29335504604207
19.14020376537694	20.31345890076211
18.57199482216596	20.33056026092903
18.00216056377772	20.34447176045463
17.43104332508908	20.35504098203162
16.85899949758111	20.36215212704845
16.28639562463004	20.3657272843056
15.71360438558986	20.36572728362431
15.14100051263823	20.36215212500448
14.56895668512897	20.35504097862467
13.99783944644158	20.34447175568538
13.42800518805367	20.33056025479729
12.85979624484273	20.31345889326779
12.29353714439306	20.29335503718499
20.38534338267344	21.06910275380785
19.71283841862937	21.08006849269166
19.03926990398979	21.08939650727633
18.36481485380036	21.09698459787755
17.68965999617544	21.10274962778239
17.01399972646804	21.10662843411191
16.33803397742852	21.10857851984828
15.6619660287042	21.10857851943945
14.98600027966438	21.10662843288538
14.31034000995628	21.10274962573798
13.63518515233205	21.09698459501564
12.96073010214279	21.08939650359681
12.28716158750322	21.08006848819448
11.61465662345905	21.06910274849292
16.7049455153341	16.77885759171062
16.73667091971157	16.81510978735495
16.66103976021586	16.81339070423576
16.61869948824759	16.84415271246803
16.64545981750187	16.87997786594402
16.57139414115613	16.87448767853196
16.5260703081801	16.90065540570139
16.5479069804642	16.9361172953717
16.47582281823388	16.92645986906514
16.42801200164875	16.94774661607684
16.44495954156846	16.98291300029547
16.37531205269923	16.96873785763687
16.3255380778156	16.98491040243623
16.33762373817068	17.01985227717381
16.27090222336735	17.00085843775455
16.21971042427442	17.01173959055534
16.2269538874712	17.04653041155245
16.16367642802319	17.02246968961566
16.11162767277997	17.02794023423206
16.11404083518686	17.06265511220272
16.05474861674686	17.033334835822
16.00241316240735	17.03333483582202
16.00000000401571	17.068049713525
15.94525138726931	17.03333483555436
15.89320263202524	17.02786429093788
15.88595917284372	17.06265511113194
15.83632357599129	17.02246968881249
15.7851317768964	17.01158853601113
15.77304612055661	17.04653040941031
15.72909778064323	17.00085843641489
15.67932380576152	16.98468589161598
15.66237626985708	17.01985227396082
15.62468795131516	16.96873785576274
15.57687713473053	16.94745110875123
15.55504046646168	16.98291299601238
15.52417718578149	16.92645986665604
15.47885335280551	16.90029213948665
15.45209302756648	16.93611729001812
15.42860586285935	16.87448767558759
15.38626559089078	16.84372566735509
15.35454019052857	16.87997785951953
15.33896024379903	16.81339070075557
15.30006742171841	16.77837144646001
15.26332908831876	16.81510977985965
16.78075692145223	16.85919578909561
16.81882740368814	16.90269842104399
16.73083564682923	16.89314553182847
16.68353029973778	16.9234804978924
16.71564269196193	16.9664706795661
16.63026686263457	16.95330301368165
16.58001937268835	16.9791074770454
16.60622337668077	17.02166174247414
16.5238634945104	17.00447602416418
16.47116354556088	17.02546726572421
16.49150059084555	17.06766692492696
16.4125966379036	17.04610390105825
16.35796078345535	17.06205193637656
16.37246357338967	17.10398218451199
16.29749067365675	17.07773056062756
16.24145667740551	17.08846065968788
16.25014883087535	17.13020964363836
16.1796120446898	17.09900949456325
16.1227329886567	17.1044040961532
16.12562878130315	17.14606194876908
16.0600575718002	17.10970756640855
16.00289579666216	17.10970756614088
16.0000000044745	17.15136541872618
15.93994243669001	17.10970756584263
15.88306338065607	17.10431296371724
15.87437122764504	17.14606194757596
15.82038796379875	17.09900949286527
15.76435396754558	17.08827939326903
15.74985117807011	17.13020964125153
15.70250933482797	17.07773055779656
15.64787348038161	17.06178252194333
15.62753643555574	17.10398218093198
15.58740337058486	17.04610389709623
15.53470342163581	17.02511265500103
15.50849941810219	17.06766692015449
15.47613651397902	17.00447601907064
15.42588902403286	16.97867155517158
15.39377663226751	17.02166173650882
15.36973314585497	16.9533030074563
15.32242779876323	16.92296804085678
15.28435731698612	16.96647067240753
15.26916436165972	16.89314552447077
15.22525860654166	16.85861241141041
15.1811726052598	16.90269841269227
16.87173060614739	16.95560162350325
16.91741518514579	17.00780478221147
16.81459070806353	16.98885132248506
16.76132727096032	17.01867383827432
16.79986214188993	17.07026205665322
16.70091412578833	17.04788141373426
16.64475824761038	17.07324996085304
16.67620305260767	17.12431507973893
16.58151230350012	17.09809540847881
16.52294539584284	17.11873204381284
16.54734985033693	17.16937163522917
16.45733813768236	17.13894315167732
16.39686802788376	17.15462177592832
16.41427137590379	17.2049380740662
16.32939681161109	17.16997710690087
16.26755217889539	17.18052594177624
16.27798276310462	17.23062472289525
16.19873478236888	17.19085725963275
16.13605936551238	17.1961607298881
16.13953431668023	17.24615015340944
16.0664283156145	17.20135484254578
16.00347495564236	17.20135484224752
16.00000000495602	17.25134426573677
15.93357169381602	17.20135484191717
15.8708962769587	17.1960513710652
15.86046569323099	17.24615015208791
15.80126522706001	17.1908572577467
15.7394205943424	17.18030842227424
15.72201724680394	17.23062472025162
15.67060319781404	17.16997710375644
15.61013308801728	17.15429847890935
15.58572863400472	17.20493807010097
15.54266187174643	17.1389431472765
15.48409496408963	17.11830651134611
15.45265015957386	17.16937162994308
15.41848770592962	17.09809540282107
15.36233182775174	17.07272685510579
15.32379695730365	17.12431507313158
15.29908588364153	17.04788140681933
15.24582244653803	17.01805889043332
15.20013786802116	17.07026204872422
15.18540930136575	16.98885131431243
15.13548802674293	16.95490157098317
15.08258482476519	17.00780477296091
16.98089902796646	17.07128862503213
17.0357205226304	17.13393241537477
16.91509678172587	17.10369827153592
16.85468363655388	17.13290584699586
16.90092548153142	17.19481170896633
16.78569084169548	17.16137549408363
16.72244489758521	17.18622094170939
16.76017866343995	17.24749908431102
16.65069087435215	17.21043866996632
16.58508361619167	17.23064977783079
16.61436896143844	17.2914172874915
16.51102793742322	17.25035025275434
16.44355672115055	17.2657055837269
16.46444073862421	17.32608514147574
16.36768417710478	17.28067296278759
16.29886678057828	17.2910042806441
16.31138348147469	17.35112281799234
16.22168206747452	17.30107457810001
16.15205101757664	17.30626869075768
16.15622095881905	17.36625599901048
16.07407320802476	17.31133157431992
16.00416994619842	17.31133157398957
16.00000000521144	17.37131888222534
15.9259268021427	17.31133157364219
15.85629575224401	17.30613746032368
15.84377905160305	17.36625599762084
15.77831794269134	17.30107457606657
15.70950054616298	17.29074325754878
15.68861652894481	17.35112281521249
15.63231583305741	17.28067295939755
15.56484461678656	17.26531762776469
15.53555927179524	17.32608513730619
15.48897207274256	17.25035024800962
15.42336481458255	17.23013913948459
15.38563104898324	17.29141728193295
15.34930913581455	17.21043866386641
15.28606319170434	17.18559321557995
15.23982134698224	17.24749907736309
15.21430916847134	17.16137548662826
15.15389602329905	17.13216791050737
15.09907452889056	17.19481170062863
15.08490322844038	17.10369826272459
15.0277633303567	17.07044856308217
14.96427948779147	17.1339324056474
17.11190113429053	17.21011302703491
17.17768692815366	17.28528557568914
17.03570407025294	17.24151461053279
16.96671127539454	17.26998425762056
17.0222014896254	17.34427129219635
16.88742290090387	17.29756839062989
16.81566887767081	17.32178611888681
16.86094939694605	17.39531989018865
16.73370515948213	17.34525058386978
16.65964948071367	17.36495105879333
16.69479189525132	17.43787207053521
16.57545569720763	17.38403877415693
16.49958315316186	17.39900615321762
16.52464397436398	17.47146162263497
16.41362901578056	17.41350798995378
16.3364443026768	17.42357828740969
16.35146434397856	17.49572053231654
16.24921880967268	17.4333353603551
16.1712410001208	17.43839824391733
16.17624492983018	17.51038301388046
16.08324707897655	17.44330365253584
16.00500393492082	17.44330365218846
16.0000000059474	17.51528842210251
15.91675293218229	17.44330365179201
15.83877512262963	17.4382407675349
15.82375508206386	17.51038301229456
15.75078120148461	17.43333535812339
15.67359648837904	17.42326505997216
15.64853566791296	17.49572052914419
15.58637099537316	17.4135079862333
15.51049845132916	17.39854060647823
15.47535603752749	17.47146161787666
15.42454431394957	17.38403876894955
15.35048863518157	17.36433829333138
15.30520811664231	17.43787206419163
15.26629485167598	17.34525057717503
15.19454082844297	17.32103284822335
15.13905061494809	17.39531988225942
15.11257711025435	17.29756838244749
15.04358431539567	17.26909873466471
14.97779852226853	17.3442712826811
14.96429594090474	17.24151460086225
14.89849369466432	17.20910495366379
14.82231308374016	17.28528556458796
17.26910366362203	17.37670231115751
17.34804661750539	17.46690937102641
17.18043281799942	17.40689421905593
17.10114444350876	17.43447835206526
17.16773270160675	17.52362279505003
17.00950137323272	17.46099986819046
16.92753765504403	17.48446433317343
16.98187427897028	17.57270486024201
16.83332230268361	17.5070248822402
16.74912851917757	17.5261125976038
16.7912994171951	17.61361781321571
16.65276900976281	17.54446500151072
16.56681487238151	17.55896683824688
16.59688785817389	17.64591340308749
16.46876282277506	17.57291002421174
16.38153732977094	17.58266709715715
16.39956137946116	17.66923779260626
16.28226290066465	17.59204830071106
16.1942689795204	17.59695370932957
16.20027369507853	17.68333543487031
16.09425572424406	17.6016701480397
16.00600472150553	17.60167014764325
16.00000000642321	17.68805187315227
15.90574428812655	17.60167014721509
15.81775036698154	17.59676473780357
15.79972631776715	17.68333543315753
15.71773711170446	17.592048298237
15.63051161869858	17.58229122449814
15.6004386333821	17.66923778918017
15.5312371895906	17.57291002008736
15.44528305221101	17.55840818255868
15.40311215466932	17.64591339794855
15.34723100260621	17.54446499573785
15.26303721910061	17.52537727958151
15.20870059565019	17.61361780636459
15.16667770968628	17.50702487481837
15.08471399149766	17.48356040904251
15.01812573387548	17.57270485167835
14.99049863913729	17.4609998591194
14.91121026464635	17.43341572531694
14.83226731123881	17.52362278477347
14.81956719437005	17.40689420833517
14.74337013033262	17.37549262404449
14.65195339534007	17.46690935903703
17.45774670155159	17.57660945507261
17.5524782474837	17.68485792838941
17.3541073178149	17.60534975224163
17.26246424753886	17.63187126836683
17.34237015831835	17.73884460141501
17.1559955421102	17.65711764422341
17.06178018974977	17.67967819329019
17.12698413931466	17.78556682723385
16.95286287617475	17.70115404325245
16.85650336675999	17.71950644715938
16.90710844502735	17.82451270735268
16.74554498604769	17.73697647731595
16.64749293644125	17.7509196632808
16.68358051983241	17.85525554254906
16.53492339195861	17.7641924683206
16.43564896285233	17.77357367187452
16.4572778227157	17.87745850787646
16.32191581021824	17.78250383216212
16.2219025549419	17.78722027087225
16.22910821364204	17.89087834299066
16.10746609850233	17.79170994569885
16.00720566512335	17.79170994527068
16.00000000685039	17.89536801736062
15.89253391477126	17.79170994481404
15.79252065949419	17.78699350524746
15.77089180005803	17.89087834116397
15.67808420305392	17.78250382950745
15.57880977394594	17.77312262509667
15.54272219098206	17.87745850422256
15.46507662131024	17.76419246389527
15.36702457170544	17.75024927707444
15.3164194938653	17.85525553706839
15.25445502722438	17.73697647112168
15.15809551781005	17.71862406635855
15.09289156867234	17.82451270004589
15.04713713709815	17.7011540352888
14.95292178473778	17.6785934853657
14.87301587438548	17.78556681810059
14.84400447116282	17.65711763449014
14.75236140088652	17.63059611750838
14.65762985538161	17.73884459045494
14.64589269545761	17.60534974073827
14.55722184983517	17.5751578319836
14.44752176621616	17.68485791560261
17.68411834969148	17.8164980305972
17.79779620596641	17.94639619992321
17.56251672002193	17.84349639488444
17.45604801459326	17.86874277074102
17.55193510849086	17.9971107717404
17.33178854678728	17.89245897827097
17.22287123321226	17.91393482823323
17.30111597345969	18.04100119030523
17.09631156598708	17.93410903926811
16.98535318527478	17.95157906942468
17.04607927977375	18.0775865829968
16.85687615881402	17.96799025108137
16.74430661433139	17.98126305612117
16.78761171478857	18.10646611258638
16.61431607580696	17.99373140405407
16.50058292317288	18.00266156434167
16.52653755520704	18.12732336889317
16.36949930211577	18.01105047271556
16.2550628456762	18.01554014754216
16.26370963612527	18.13992983544204
16.12331854765154	18.01975770571714
16.00864679729945	18.0197577052605
16.00000000719171	18.14414739313762
15.87668146639056	18.01975770478109
15.76224500995029	18.01526802904108
15.7362903782575	18.13992983352431
15.63050071192496	18.01105046990719
15.51676755928927	18.00212030870578
15.47346245917355	18.12732336505724
15.38568393823065	17.99373139937261
15.27311439374959	17.98045859341985
15.21238829959198	18.10646610683268
15.14312385522663	17.96799024452847
15.03216547451474	17.95052021345872
14.95392073460865	18.07758657532591
14.90368844805436	17.93410903084333
14.7947711344794	17.91263317996778
14.69888404092315	18.04100118071683
14.66821146725427	17.89245896797409
14.56174276182536	17.86721259120399
14.4480649058918	17.99711076023418
14.43748329401914	17.84349638271502
14.3338439102826	17.8147560846328
14.20220380841616	17.94639618649924
17.95576432694056	18.10436432089736
18.0921777530102	18.26024212244922
17.81260800236649	18.12927236576231
17.6883485345605	18.15298857329226
17.80341304599008	18.30703017288528
17.54274015211445	18.17486857886337
17.41618048488927	18.19504278989825
17.51007417214951	18.34752242280863
17.26844999349475	18.2136550342505
17.139972967034	18.23006621590719
17.21284427960537	18.38127523064485
16.99047356588438	18.24520677939115
16.86048302735995	18.25767512732404
16.9124491472892	18.40791879355731
16.70958729619339	18.26917812675254
16.57850367513629	18.27756703512643
16.60964923316505	18.42716119908378
16.4265994921787	18.2853064412244
16.29485519415403	18.28952399939939
16.30523134248727	18.43879162339192
16.14234148643384	18.29341501760956
16.01037615552495	18.29341501713015
16.00000000739644	18.44268264110903
15.85765852815432	18.29341501663709
15.72591423012899	18.2891974575032
15.69476867230501	18.4387916214196
15.57340052240819	18.28530643830682
15.44231690134957	18.27691752897364
15.39035078162523	18.42716119513869
15.29041271839059	18.26917812188912
15.16042217986764	18.25670977299773
15.08755086750105	18.40791878763985
15.00952644870244	18.24520677258341
14.88104942224206	18.22879558996802
14.78715573518658	18.38127522275555
14.7315500210928	18.21365502549806
14.60499035386767	18.19348081350437
14.48992584264283	18.34752241294722
14.45725986247319	18.174868568166
14.33300039466697	18.15115235967703
14.19658696880209	18.30703016105144
14.18739201222071	18.12927235311962
14.06579038255129	18.10227398787364
13.9078222617819	18.26024210864303
18.28173949674335	18.44980386618236
18.44543560677056	18.63685722664419
18.11271753846334	18.472203527776
17.96710915601729	18.4940835333471
18.10518656865406	18.67893345149145
17.7958820761808	18.51376009660073
17.64815158478628	18.53237234095298
17.76082400859581	18.71534789910881
17.47501610456453	18.54911022531671
17.32551670341491	18.56425078880067
17.41296227777246	18.74570160517721
17.1507904528133	18.57786661050535
16.99989472164675	18.58936960993385
17.06225406500732	18.76966200813033
16.82391275948322	18.59971419118229
16.67200857652563	18.60745359728026
16.70938324577843	18.78696659276798
16.49511971946027	18.61441360066947
16.34260601174007	18.61830461887964
16.35505738953059	18.79742576642899
16.16516901255759	18.62180378915144
16.01245138518696	18.62180378865838
16.00000000739556	18.80092493620779
15.83483100223442	18.62180378816538
15.68231729451362	18.617912768969
15.64494262526	18.79742576445689
15.50488029533059	18.61441359771111
15.35297611237161	18.60667419062658
15.29061676901036	18.78696658882339
15.176087255305	18.59971418625098
15.0251915241398	18.58821118583666
14.93774594978144	18.7696620022136
14.84920956197749	18.57786660360247
14.69971016082823	18.5627260391325
14.58703773701784	18.74570159728883
14.52498391022693	18.54911021644192
14.37725341883245	18.53049797110355
14.23917600619484	18.71534788924851
14.20411793861074	18.51376008575381
14.05850955616448	18.4918800791964
13.89481344613644	18.67893343965897
13.88728247632779	18.47220351495659
13.74412615175386	18.4472954691056
13.55456440801987	18.63685721283959
18.67290969924515	18.86433131911878
18.86934503124217	19.08879535169901
18.47284898048758	18.88372092081805
18.30162190065108	18.90339748407168
18.4673147957491	19.12521738590215
18.09965238391558	18.92042991657555
17.92651690369384	18.93716780093928
18.06172381216873	19.15673847081473
17.72289543684896	18.95165645334799
17.54816918624735	18.96527227505266
17.65310387534939	19.18301325482417
17.34317071627289	18.97705840665339
17.16718875410936	18.98740298790183
17.24201996598457	19.20375386588844
16.961103314719	18.99635746736538
16.78421445765363	19.00331747075459
16.82906406056904	19.21873306552187
16.57734399162847	19.00934219092447
16.39990699244599	19.01284136119627
16.41484864557619	19.22778673846867
16.1925620434783	19.01587031397318
16.01494166052576	19.01587031348019
16.00000000692719	19.2308156907838
15.80743797084445	19.0158703130184
15.63000097166143	19.01237114176051
15.58515136827771	19.22778673662147
15.42265602269326	19.00934218805996
15.24576716562665	19.00238218368435
15.1709359532833	19.21873306182713
15.03889669960041	18.99635746259057
14.8629147374381	18.98601288035638
14.75798004786775	19.20375386034646
14.65682929804879	18.97705839996949
14.4821030474475	18.9634425772789
14.34689613850425	19.18301324743536
14.2771045774733	18.9516564447547
14.1039690972516	18.93491855940496
13.93827620168523	19.15673846157888
13.90034763040676	18.92042990607268
13.72912055057007	18.90075334183288
13.53268521810473	19.12521737481902
13.52715103383441	18.88372090840531
13.35812907555452	18.86132124582573
13.13065498261159	19.08879533876866
19.14231394206361	19.36176426252045
19.37803634029814	19.63112110150464
18.90500671071913	19.37754179238248
18.70303719398363	19.39457422488634
18.90186866792536	19.66075810700658
18.46417675295532	19.40843370052625
18.26055528611045	19.42292235293496
18.42280357609025	19.68640715674466
18.02035063530365	19.43471192703314
17.81535216532919	19.44649805863386
17.94127379204723	19.70778723435404
17.57402703209297	19.45608856214507
17.36794159270261	19.46504304160862
17.45773904673401	19.72466409522186
17.12573198062561	19.47232939896524
16.91886151460044	19.47835411913512
16.97268103786559	19.7368528329198
16.67601311780902	19.48325649947643
16.46866816884133	19.48628545225335
16.48659815234965	19.74421990507851
16.22543368011682	19.48875014407074
16.01792999043551	19.48875014360896
16.00000000585474	19.74668459650561
15.77456633266511	19.48875014321867
15.56722138369694	19.48572118951812
15.51340185935944	19.74421990351728
15.32398689497205	19.48325649692008
15.1171164289458	19.4772317758263
15.02731897384224	19.73685282979707
14.87426803215349	19.47232939470413
14.66818259276419	19.46337491431724
14.54226096497379	19.72466409053789
14.42597298068805	19.45608855618021
14.22097451071386	19.44430242365601
14.05872621966166	19.70778722810914
13.97964937747786	19.43471191936429
13.77602791063303	19.42022326603201
13.57719643561889	19.68640714893867
13.53582325982626	19.40843369115326
13.33385374309059	19.39140125772568
13.09813134378367	19.6607580976393
13.09499330206214	19.37754178130507
12.89493258330467	19.35815217868228
12.62196367141083	19.63112109057612
19.70559903388462	19.95868379509113
19.988465912321	20.28191200242883
19.42359598739003	19.97012683870437
19.18473554636173	19.98398631434428
19.42333331560167	20.30340697340209
18.90160599613699	19.9940382417043
18.66140134533019	20.00582781580248
18.85609929377145	20.32200958084557
18.3772968737247	20.01437849588593
18.13597174048849	20.02396899939713
18.28707769297184	20.33751601069183
17.85105461129437	20.03092474915993
17.60884499921737	20.03821110651656
17.7166019444334	20.34975637124312
17.32328637987305	20.04349571730506
17.08043798308162	20.04839809764636
17.14502141133509	20.35859655454003
16.79441606932763	20.05195367015478
16.55118158060312	20.05441836197217
16.57269756110557	20.36393970567702
16.26487964412759	20.05620594060075
16.02151598635719	20.05620594021046
16.00000000510995	20.36572728396496
15.7351203668371	20.05620593986982
15.4918858781122	20.05374124727178
15.42730244911405	20.3639397043144
15.20558394163639	20.05195366796186
14.96273554484408	20.0470512868397
14.8549785988836	20.35859655181457
14.67671363108945	20.04349571364979
14.43450401901331	20.03620935551276
14.28339806578528	20.34975636715502
14.14894539966962	20.03092474404312
13.90762026643363	20.0213342397514
13.71292231724763	20.33751600524133
13.62270313723967	20.01437848930736
13.38249848643289	20.0025889144286
13.1439007164482	20.32200957403254
13.09839401482742	19.99403823366385
12.85953357379897	19.98017875724324
12.57666669461789	20.30340696522639
12.57640402357414	19.97012682920184
12.33909679222975	19.95434929855928
12.01153409789853	20.2819119928905
20.38154114969284	20.67498723980067
20.72098140811636	21.06286109368356
20.04590312424993	20.68122889992496
19.76277357402519	20.69128082728498
20.04909090065141	21.07458562324976
19.42652109200316	20.69676369672689
19.14241662039767	20.70531437681034
19.37605416130958	21.08473249998399
18.80563236307788	20.70997838410268
18.52071523388375	20.71693413386548
18.70204237889507	21.09319055257694
18.18348770878904	20.72072817916609
17.89792908944472	20.72601278995458
18.0272374249879	21.09986711282997
17.56035166063226	20.728895304907
17.27432974687827	20.73245087741542
17.35182986132174	21.10468903094715
16.93649961202457	20.73439028058018
16.65019767554904	20.73617785920876
16.67601685194828	21.1076034769801
16.31221480102928	20.73715290207694
16.02581918150919	20.73715290173629
16.00000000306636	21.10857851964386
15.68778520714703	20.73715290153188
15.40148327067122	20.73536532222197
15.32398315418429	21.10760347616241
15.06350039615131	20.73439027894493
14.77747848239668	20.73083470575502
14.64817014481033	21.10468902931168
14.43964834754263	20.72889530218132
14.15408972819893	20.72361069071168
13.97276258114416	21.09986711037681
13.81651229938682	20.72072817535051
13.53159517019286	20.71377242490647
13.29795762723742	21.09319054930622
13.19436764509823	20.70997837919705
12.91026317349276	20.7014276984323
12.62394584482301	21.08473249589564
12.57347891617297	20.69676369073113
12.29034936594814	20.68671176268973
11.95090910548113	21.0745856183437
11.95409688392605	20.68122889283895
11.67209383743152	20.66978584854446
11.27901859801616	21.06286108795982
21.19267169133672	21.53455137690393
20.79267169133672	21.53455137690393
20.45641920931469	21.54003424634583
20.05641920931469	21.54003424634583
19.7196349519949	21.54469825363817
19.3196349519949	21.54469825363817
18.98240742690018	21.54849229893878
18.58240742690018	21.54849229893878
18.24482999808772	21.55137481389119
17.84482999808773	21.55137481389119
17.50699986323402	21.55331421705596
17.10699986323402	21.55331421705596
16.76901698871426	21.55428925992414
16.36901698871426	21.55428925992414
16.0309830143521	21.55428925971972
15.6309830143521	21.55428925971972
15.29300013983219	21.55331421644269
14.89300013983219	21.55331421644269
14.55517000497814	21.55137481286899
14.15517000497814	21.55137481286899
13.81759257616602	21.54849229750782
13.41759257616603	21.54849229750782
13.0803650510714	21.5446982517984
12.6803650510714	21.5446982517984
12.34358079375161	21.54003424409724
11.94358079375161	21.54003424409724
11.60732831172952	21.53455137424646
11.20732831172952	21.53455137424646
10.87169028628664	21.52830971371336

--------------------------------------------------------------------------------
ELEMENT CONNECTIVITY
--------------------------------------------------------------------------------
8	9	125	23	553	139
125	9	357	553	554	555
125	357	126	555	556	140
126	357	358	556	557	558
126	358	127	558	559	141
127	358	359	559	560	561
127	359	128	561	562	142
128	359	360	562	563	564
128	360	129	564	565	143
129	360	361	565	566	567
129	361	130	567	568	144
130	361	362	568	569	570
130	362	131	570	571	145
131	362	363	571	572	573
131	363	132	573	574	146
132	363	364	574	575	576
132	364	133	576	577	147
133	364	365	577	578	579
133	365	134	579	580	148
134	365	366	580	581	582
134	366	135	582	583	149
135	366	367	583	584	585
135	367	136	585	586	150
136	367	368	586	587	588
136	368	137	588	589	151
137	368	369	589	590	591
137	369	138	591	592	152
138	369	370	592	593	594
138	370	4	594	595	153
4	370	270	595	596	284
9	10	357	24	597	554
357	10	371	597	598	599
357	371	358	599	600	557
358	371	372	600	601	602
358	372	359	602	603	560
359	372	373	603	604	605
359	373	360	605	606	563
360	373	374	606	607	608
360	374	361	608	609	566
361	374	375	609	610	611
361	375	362	611	612	569
362	375	376	612	613	614
362	376	363	614	615	572
363	376	377	615	616	617
363	377	364	617	618	575
364	377	378	618	619	620
364	378	365	620	621	578
365	378	379	621	622	623
365	379	366	623	624	581
366	379	380	624	625	626
366	380	367	626	627	584
367	380	381	627	628	629
367	381	368	629	630	587
368	381	382	630	631	632
368	382	369	632	633	590
369	382	383	633	634	635
369	383	370	635	636	593
370	383	384	636	637	638
370	384	270	638	639	596
270	384	271	639	640	285
10	11	371	25	641	598
371	11	385	641	642	643
371	385	372	643	644	601
372	385	386	644	645	646
372	386	373	646	647	604
373	386	387	647	648	649
373	387	374	649	650	607
374	387	388	650	651	652
374	388	375	652	653	610
375	388	389	653	654	655
375	389	376	655	656	613
376	389	390	656	657	658
376	390	377	658	659	616
377	390	391	659	660	661
377	391	378	661	662	619
378	391	392	662	663	664
378	392	379	664	665	622
379	392	393	665	666	667
379	393	380	667	668	625
380	393	394	668	669	670
380	394	381	670	671	628
381	394	395	671	672	673
381	395	382	673	674	631
382	395	396	674	675	676
382	396	383	676	677	634
383	396	397	677	678	679
383	397	384	679	680	637
384	397	398	680	681	682
384	398	271	682	683	640
271	398	272	683	684	286
11	12	385	26	685	642
385	12	399	685	686	687
385	399	386	687	688	645
386	399	400	688	689	690
386	400	387	690	691	648
387	400	401	691	692	693
387	401	388	693	694	651
388	401	402	694	695	696
388	402	389	696	697	654
389	402	403	697	698	699
389	403	390	699	700	657
390	403	404	700	701	702
390	404	391	702	703	660
391	404	405	703	704	705
391	405	392	705	706	663
392	405	406	706	707	708
392	406	393	708	709	666
393	406	407	709	710	711
393	407	394	711	712	669
394	407	408	712	713	714
394	408	395	714	715	672
395	408	409	715	716	717
395	409	396	717	718	675
396	409	410	718	719	720
396	410	397	720	721	678
397	410	411	721	722	723
397	411	398	723	724	681
398	411	412	724	725	726
398	412	272	726	727	684
272	412	273	727	728	287
12	13	399	27	729	686
399	13	413	729	730	731
399	413	400	731	732	689
400	413	414	732	733	734
400	414	401	734	735	692
401	414	415	735	736	737
401	415	402	737	738	695
402	415	416	738	739	740
402	416	403	740	741	698
403	416	417	741	742	743
403	417	404	743	744	701
404	417	418	744	745	746
404	418	405	746	747	704
405	418	419	747	748	749
405	419	406	749	750	707
406	419	420	750	751	752
406	420	407	752	753	710
407	420	421	753	754	755
407	421	408	755	756	713
408	421	422	756	757	758
408	422	409	758	759	716
409	422	423	759	760	761
409	423	410	761	762	719
410	423	424	762	763	764
410	424	411	764	765	722
411	424	425	765	766	767
411	425	412	767	768	725
412	425	426	768	769	770
412	426	273	770	771	728
273	426	274	771	772	288
13	14	413	28	773	730
413	14	427	773	774	775
413	427	414	775	776	733
414	427	428	776	777	778
414	428	415	778	779	736
415	428	429	779	780	781
415	429	416	781	782	739
416	429	430	782	783	784
416	430	417	784	785	742
417	430	431	785	786	787
417	431	418	787	788	745
418	431	432	788	789	790
418	432	419	790	791	748
419	432	433	791	792	793
419	433	420	793	794	751
420	433	434	794	795	796
420	434	421	796	797	754
421	434	435	797	798	799
421	435	422	799	800	757
422	435	436	800	801	802
422	436	423	802	803	760
423	436	437	803	804	805
423	437	424	805	806	763
424	437	438	806	807	808
424	438	425	808	809	766
425	438	439	809	810	811
425	439	426	811	812	769
426	439	440	812	813	814
426	440	274	814	815	772
274	440	275	815	816	289
14	15	427	29	817	774
427	15	441	817	818	819
427	441	428	819	820	777
428	441	442	820	821	822
428	442	429	822	823	780
429	442	443	823	824	825
429	443	430	825	826	783
430	443	444	826	827	828
430	444	431	828	829	786
431	444	445	829	830	831
431	445	432	831	832	789
432	445	446	832	833	834
432	446	433	834	835	792
433	446	447	835	836	837
433	447	434	837	838	795
434	447	448	838	839	840
434	448	435	840	841	798
435	448	449	841	842	843
435	449	436	843	844	801
436	449	450	844	845	846
436	450	437	846	847	804
437	450	451	847	848	849
437	451	438	849	850	807
438	451	452	850	851	852
438	452	439	852	853	810
439	452	453	853	854	855
439	453	440	855	856	813
440	453	454	856	857	858
440	454	275	858	859	816
275	454	276	859	860	290
15	16	441	30	861	818
441	16	455	861	862	863
441	455	442	863	864	821
442	455	456	864	865	866
442	456	443	866	867	824
443	456	457	867	868	869
443	457	444	869	870	827
444	457	458	870	871	872
444	458	445	872	873	830
445	458	459	873	874	875
445	459	446	875	876	833
446	459	460	876	877	878
446	460	447	878	879	836
447	460	461	879	880	881
447	461	448	881	882	839
448	461	462	882	883	884
448	462	449	884	885	842
449	462	463	885	886	887
449	463	450	887	888	845
450	463	464	888	889	890
450	464	451	890	891	848
451	464	465	891	892	893
451	465	452	893	894	851
452	465	466	894	895	896
452	466	453	896	897	854
453	466	467	897	898	899
453	467	454	899	900	857
454	467	468	900	901	902
454	468	276	902	903	860
276	468	277	903	904	291
16	17	455	31	905	862
455	17	469	905	906	907
455	469	456	907	908	865
456	469	470	908	909	910
456	470	457	910	911	868
457	470	471	911	912	913
457	471	458	913	914	871
458	471	472	914	915	916
458	472	459	916	917	874
459	472	473	917	918	919
459	473	460	919	920	877
460	473	474	920	921	922
460	474	461	922	923	880
461	474	475	923	924	925
461	475	462	925	926	883
462	475	476	926	927	928
462	476	463	928	929	886
463	476	477	929	930	931
463	477	464	931	932	889
464	477	478	932	933	934
464	478	465	934	935	892
465	478	479	935	936	937
465	479	466	937	938	895
466	479	480	938	939	940
466	480	467	940	941	898
467	480	481	941	942	943
467	481	468	943	944	901
468	481	482	944	945	946
468	482	277	946	947	904
277	482	278	947	948	292
17	18	469	32	949	906
469	18	483	949	950	951
469	483	470	951	952	909
470	483	484	952	953	954
470	484	471	954	955	912
471	484	485	955	956	957
471	485	472	957	958	915
472	485	486	958	959	960
472	486	473	960	961	918
473	486	487	961	962	963
473	487	474	963	964	921
474	487	488	964	965	966
474	488	475	966	967	924
475	488	489	967	968	969
475	489	476	969	970	927
476	489	490	970	971	972
476	490	477	972	973	930
477	490	491	973	974	975
477	491	478	975	976	933
478	491	492	976	977	978
478	492	479	978	979	936
479	492	493	979	980	981
479	493	480	981	982	939
480	493	494	982	983	984
480	494	481	984	985	942
481	494	495	985	986	987
481	495	482	987	988	945
482	495	496	988	989	990
482	496	278	990	991	948
278	496	279	991	992	293
18	19	483	33	993	950
483	19	497	993	994	995
483	497	484	995	996	953
484	497	498	996	997	998
484	498	485	998	999	956
485	498	499	999	1000	1001
485	499	486	1001	1002	959
486	499	500	1002	1003	1004
486	500	487	1004	1005	962
487	500	501	1005	1006	1007
487	501	488	1007	1008	965
488	501	502	1008	1009	1010
488	502	489	1010	1011	968
489	502	503	1011	1012	1013
489	503	490	1013	1014	971
490	503	504	1014	1015	1016
490	504	491	1016	1017	974
491	504	505	1017	1018	1019
491	505	492	1019	1020	977
492	505	506	1020	1021	1022
492	506	493	1022	1023	980
493	506	507	1023	1024	1025
493	507	494	1025	1026	983
494	507	508	1026	1027	1028
494	508	495	1028	1029	986
495	508	509	1029	1030	1031
495	509	496	1031	1032	989
496	509	510	1032	1033	1034
496	510	279	1034	1035	992
279	510	280	1035	1036	294
19	20	497	34	1037	994
497	20	511	1037	1038	1039
497	511	498	1039	1040	997
498	511	512	1040	1041	1042
498	512	499	1042	1043	1000
499	512	513	1043	1044	1045
499	513	500	1045	1046	1003
500	513	514	1046	1047	1048
500	514	501	1048	1049	1006
501	514	515	1049	1050	1051
501	515	502	1051	1052	1009
502	515	516	1052	1053	1054
502	516	503	1054	1055	1012
503	516	517	1055	1056	1057
503	517	504	1057	1058	1015
504	517	518	1058	1059	1060
504	518	505	1060	1061	1018
505	518	519	1061	1062	1063
505	519	506	1063	1064	1021
506	519	520	1064	1065	1066
506	520	507	1066	1067	1024
507	520	521	1067	1068	1069
507	521	508	1069	1070	1027
508	521	522	1070	1071	1072
508	522	509	1072	1073	1030
509	522	523	1073	1074	1075
509	523	510	1075	1076	1033
510	523	524	1076	1077	1078
510	524	280	1078	1079	1036
280	524	281	1079	1080	295
20	21	511	35	1081	1038
511	21	525	1081	1082	1083
511	525	512	1083	1084	1041
512	525	526	1084	1085	1086
512	526	513	1086	1087	1044
513	526	527	1087	1088	1089
513	527	514	1089	1090	1047
514	527	528	1090	1091	1092
514	528	515	1092	1093	1050
515	528	529	1093	1094	1095
515	529	516	1095	1096	1053
516	529	530	1096	1097	1098
516	530	517	1098	1099	1056
517	530	531	1099	1100	1101
517	531	518	1101	1102	1059
518	531	532	1102	1103	1104
518	532	519	1104	1105	1062
519	532	533	1105	1106	1107
519	533	520	1107	1108	1065
520	533	534	1108	1109	1110
520	534	521	1110	1111	1068
521	534	535	1111	1112	1113
521	535	522	1113	1114	1071
522	535	536	1114	1115	1116
522	536	523	1116	1117	1074
523	536	537	1117	1118	1119
523	537	524	1119	1120	1077
524	537	538	1120	1121	1122
524	538	281	1122	1123	1080
281	538	282	1123	1124	296
21	22	525	36	1125	1082
525	22	539	1125	1126	1127
525	539	526	1127	1128	1085
526	539	540	1128	1129	1130
526	540	527	1130	1131	1088
527	540	541	1131	1132	1133
527	541	528	1133	1134	1091
528	541	542	1134	1135	1136
528	542	529	1136	1137	1094
529	542	543	1137	1138	1139
529	543	530	1139	1140	1097
530	543	544	1140	1141	1142
530	544	531	1142	1143	1100
531	544	545	1143	1144	1145
531	545	532	1145	1146	1103
532	545	546	1146	1147	1148
532	546	533	1148	1149	1106
533	546	547	1149	1150	1151
533	547	534	1151	1152	1109
534	547	548	1152	1153	1154
534	548	535	1154	1155	1112
535	548	549	1155	1156	1157
535	549	536	1157	1158	1115
536	549	550	1158	1159	1160
536	550	537	1160	1161	1118
537	550	551	1161	1162	1163
537	551	538	1163	1164	1121
538	551	552	1164	1165	1166
538	552	282	1166	1167	1124
282	552	283	1167	1168	297
22	5	539	37	1169	1126
539	5	167	1169	182	1170
539	167	540	1170	1171	1129
540	167	166	1171	181	1172
540	166	541	1172	1173	1132
541	166	165	1173	180	1174
541	165	542	1174	1175	1135
542	165	164	1175	179	1176
542	164	543	1176	1177	1138
543	164	163	1177	178	1178
543	163	544	1178	1179	1141
544	163	162	1179	177	1180
544	162	545	1180	1181	1144
545	162	161	1181	176	1182
545	161	546	1182	1183	1147
546	161	160	1183	175	1184
546	160	547	1184	1185	1150
547	160	159	1185	174	1186
547	159	548	1186	1187	1153
548	159	158	1187	173	1188
548	158	549	1188	1189	1156
549	158	157	1189	172	1190
549	157	550	1190	1191	1159
550	157	156	1191	171	1192
550	156	551	1192	1193	1162
551	156	155	1193	170	1194
551	155	552	1194	1195	1165
552	155	154	1195	169	1196
552	154	283	1196	1197	1168
283	154	3	1197	168	298
3	154	299	168	1394	313
299	154	1198	1394	1395	1396
299	1198	300	1396	1397	314
300	1198	1199	1397	1398	1399
300	1199	301	1399	1400	315
301	1199	1200	1400	1401	1402
301	1200	302	1402	1403	316
302	1200	1201	1403	1404	1405
302	1201	303	1405	1406	317
303	1201	1202	1406	1407	1408
303	1202	304	1408	1409	318
304	1202	1203	1409	1410	1411
304	1203	305	1411	1412	319
305	1203	1204	1412	1413	1414
305	1204	306	1414	1415	320
306	1204	1205	1415	1416	1417
306	1205	307	1417	1418	321
307	1205	1206	1418	1419	1420
307	1206	308	1420	1421	322
308	1206	1207	1421	1422	1423
308	1207	309	1423	1424	323
309	1207	1208	1424	1425	1426
309	1208	310	1426	1427	324
310	1208	1209	1427	1428	1429
310	1209	311	1429	1430	325
311	1209	1210	1430	1431	1432
311	1210	312	1432	1433	326
312	1210	1211	1433	1434	1435
312	1211	2	1435	1436	327
2	1211	183	1436	1437	197
154	155	1198	169	1438	1395
1198	155	1212	1438	1439	1440
1198	1212	1199	1440	1441	1398
1199	1212	1213	1441	1442	1443
1199	1213	1200	1443	1444	1401
1200	1213	1214	1444	1445	1446
1200	1214	1201	1446	1447	1404
1201	1214	1215	1447	1448	1449
1201	1215	1202	1449	1450	1407
1202	1215	1216	1450	1451	1452
1202	1216	1203	1452	1453	1410
1203	1216	1217	1453	1454	1455
1203	1217	1204	1455	1456	1413
1204	1217	1218	1456	1457	1458
1204	1218	1205	1458	1459	1416
1205	1218	1219	1459	1460	1461
1205	1219	1206	1461	1462	1419
1206	1219	1220	1462	1463	1464
1206	1220	1207	1464	1465	1422
1207	1220	1221	1465	1466	1467
1207	1221	1208	1467	1468	1425
1208	1221	1222	1468	1469	1470
1208	1222	1209	1470	1471	1428
1209	1222	1223	1471	1472	1473
1209	1223	1210	1473	1474	1431
1210	1223	1224	1474	1475	1476
1210	1224	1211	1476	1477	1434
1211	1224	1225	1477	1478	1479
1211	1225	183	1479	1480	1437
183	1225	184	1480	1481	198
155	156	1212	170	1482	1439
1212	156	1226	1482	1483	1484
1212	1226	1213	1484	1485	1442
1213	1226	1227	1485	1486	1487
1213	1227	1214	1487	1488	1445
1214	1227	1228	1488	1489	1490
1214	1228	1215	1490	1491	1448
1215	1228	1229	1491	1492	1493
1215	1229	1216	1493	1494	1451
1216	1229	1230	1494	1495	1496
1216	1230	1217	1496	1497	1454
1217	1230	1231	1497	1498	1499
1217	1231	1218	1499	1500	1457
1218	1231	1232	1500	1501	1502
1218	1232	1219	1502	1503	1460
1219	1232	1233	1503	1504	1505
1219	1233	1220	1505	1506	1463
1220	1233	1234	1506	1507	1508
1220	1234	1221	1508	1509	1466
1221	1234	1235	1509	1510	1511
1221	1235	1222	1511	1512	1469
1222	1235	1236	1512	1513	1514
1222	1236	1223	1514	1515	1472
1223	1236	1237	1515	1516	1517
1223	1237	1224	1517	1518	1475
1224	1237	1238	1518	1519	1520
1224	1238	1225	1520	1521	1478
1225	1238	1239	1521	1522	1523
1225	1239	184	1523	1524	1481
184	1239	185	1524	1525	199
156	157	1226	171	1526	1483
1226	157	1240	1526	1527	1528
1226	1240	1227	1528	1529	1486
1227	1240	1241	1529	1530	1531
1227	1241	1228	1531	1532	1489
1228	1241	1242	1532	1533	1534
1228	1242	1229	1534	1535	1492
1229	1242	1243	1535	1536	1537
1229	1243	1230	1537	1538	1495
1230	1243	1244	1538	1539	1540
1230	1244	1231	1540	1541	1498
1231	1244	1245	1541	1542	1543
1231	1245	1232	1543	1544	1501
1232	1245	1246	1544	1545	1546
1232	1246	1233	1546	1547	1504
1233	1246	1247	1547	1548	1549
1233	1247	1234	1549	1550	1507
1234	1247	1248	1550	1551	1552
1234	1248	1235	1552	1553	1510
1235	1248	1249	1553	1554	1555
1235	1249	1236	1555	1556	1513
1236	1249	1250	1556	1557	1558
1236	1250	1237	1558	1559	1516
1237	1250	1251	1559	1560	1561
1237	1251	1238	1561	1562	1519
1238	1251	1252	1562	1563	1564
1238	1252	1239	1564	1565	1522
1239	1252	1253	1565	1566	1567
1239	1253	185	1567	1568	1525
185	1253	186	1568	1569	200
157	158	1240	172	1570	1527
1240	158	1254	1570	1571	1572
1240	1254	1241	1572	1573	1530
1241	1254	1255	1573	1574	1575
1241	1255	1242	1575	1576	1533
1242	1255	1256	1576	1577	1578
1242	1256	1243	1578	1579	1536
1243	1256	1257	1579	1580	1581
1243	1257	1244	1581	1582	1539
1244	1257	1258	1582	1583	1584
1244	1258	1245	1584	1585	1542
1245	1258	1259	1585	1586	1587
1245	1259	1246	1587	1588	1545
1246	1259	1260	1588	1589	1590
1246	1260	1247	1590	1591	1548
1247	1260	1261	1591	1592	1593
1247	1261	1248	1593	1594	1551
1248	1261	1262	1594	1595	1596
1248	1262	1249	1596	1597	1554
1249	1262	1263	1597	1598	1599
1249	1263	1250	1599	1600	1557
1250	1263	1264	1600	1601	1602
1250	1264	1251	1602	1603	1560
1251	1264	1265	1603	1604	1605
1251	1265	1252	1605	1606	1563
1252	1265	1266	1606	1607	1608
1252	1266	1253	1608	1609	1566
1253	1266	1267	1609	1610	1611
1253	1267	186	1611	1612	1569
186	1267	187	1612	1613	201
158	159	1254	173	1614	1571
1254	159	1268	1614	1615	1616
1254	1268	1255	1616	1617	1574
1255	1268	1269	1617	1618	1619
1255	1269	1256	1619	1620	1577
1256	1269	1270	1620	1621	1622
1256	1270	1257	1622	1623	1580
1257	1270	1271	1623	1624	1625
1257	1271	1258	1625	1626	1583
1258	1271	1272	1626	1627	1628
1258	1272	1259	1628	1629	1586
1259	1272	1273	1629	1630	1631
1259	1273	1260	1631	1632	1589
1260	1273	1274	1632	1633	1634
1260	1274	1261	1634	1635	1592
1261	1274	1275	1635	1636	1637
1261	1275	1262	1637	1638	1595
1262	1275	1276	1638	1639	1640
1262	1276	1263	1640	1641	1598
1263	1276	1277	1641	1642	1643
1263	1277	1264	1643	1644	1601
1264	1277	1278	1644	1645	1646
1264	1278	1265	1646	1647	1604
1265	1278	1279	1647	1648	1649
1265	1279	1266	1649	1650	1607
1266	1279	1280	1650	1651	1652
1266	1280	1267	1652	1653	1610
1267	1280	1281	1653	1654	1655
1267	1281	187	1655	1656	1613
187	1281	188	1656	1657	202
159	160	1268	174	1658	1615
1268	160	1282	1658	1659	1660
1268	1282	1269	1660	1661	1618
1269	1282	1283	1661	1662	1663
1269	1283	1270	1663	1664	1621
1270	1283	1284	1664	1665	1666
1270	1284	1271	1666	1667	1624
1271	1284	1285	1667	1668	1669
1271	1285	1272	1669	1670	1627
1272	1285	1286	1670	1671	1672
1272	1286	1273	1672	1673	1630
1273	1286	1287	1673	1674	1675
1273	1287	1274	1675	1676	1633
1274	1287	1288	1676	1677	1678
1274	1288	1275	1678	1679	1636
1275	1288	1289	1679	1680	1681
1275	1289	1276	1681	1682	1639
1276	1289	1290	1682	1683	1684
1276	1290	1277	1684	1685	1642
1277	1290	1291	1685	1686	1687
1277	1291	1278	1687	1688	1645
1278	1291	1292	1688	1689	1690
1278	1292	1279	1690	1691	1648
1279	1292	1293	1691	1692	1693
1279	1293	1280	1693	1694	1651
1280	1293	1294	1694	1695	1696
1280	1294	1281	1696	1697	1654
1281	1294	1295	1697	1698	1699
1281	1295	188	1699	1700	1657
188	1295	189	1700	1701	203
160	161	1282	175	1702	1659
1282	161	1296	1702	1703	1704
1282	1296	1283	1704	1705	1662
1283	1296	1297	1705	1706	1707
1283	1297	1284	1707	1708	1665
1284	1297	1298	1708	1709	1710
1284	1298	1285	1710	1711	1668
1285	1298	1299	1711	1712	1713
1285	1299	1286	1713	1714	1671
1286	1299	1300	1714	1715	1716
1286	1300	1287	1716	1717	1674
1287	1300	1301	1717	1718	1719
1287	1301	1288	1719	1720	1677
1288	1301	1302	1720	1721	1722
1288	1302	1289	1722	1723	1680
1289	1302	1303	1723	1724	1725
1289	1303	1290	1725	1726	1683
1290	1303	1304	1726	1727	1728
1290	1304	1291	1728	1729	1686
1291	1304	1305	1729	1730	1731
1291	1305	1292	1731	1732	1689
1292	1305	1306	1732	1733	1734
1292	1306	1293	1734	1735	1692
1293	1306	1307	1735	1736	1737
1293	1307	1294	1737	1738	1695
1294	1307	1308	1738	1739	1740
1294	1308	1295	1740	1741	1698
1295	1308	1309	1741	1742	1743
1295	1309	189	1743	1744	1701
189	1309	190	1744	1745	204
161	162	1296	176	1746	1703
1296	162	1310	1746	1747	1748
1296	1310	1297	1748	1749	1706
1297	1310	1311	1749	1750	1751
1297	1311	1298	1751	1752	1709
1298	1311	1312	1752	1753	1754
1298	1312	1299	1754	1755	1712
1299	1312	1313	1755	1756	1757
1299	1313	1300	1757	1758	1715
1300	1313	1314	1758	1759	1760
1300	1314	1301	1760	1761	1718
1301	1314	1315	1761	1762	1763
1301	1315	1302	1763	1764	1721
1302	1315	1316	1764	1765	1766
1302	1316	1303	1766	1767	1724
1303	1316	1317	1767	1768	1769
1303	1317	1304	1769	1770	1727
1304	1317	1318	1770	1771	1772
1304	1318	1305	1772	1773	1730
1305	1318	1319	1773	1774	1775
1305	1319	1306	1775	1776	1733
1306	1319	1320	1776	1777	1778
1306	1320	1307	1778	1779	1736
1307	1320	1321	1779	1780	1781
1307	1321	1308	1781	1782	1739
1308	1321	1322	1782	1783	1784
1308	1322	1309	1784	1785	1742
1309	1322	1323	1785	1786	1787
1309	1323	190	1787	1788	1745
190	1323	191	1788	1789	205
162	163	1310	177	1790	1747
1310	163	1324	1790	1791	1792
1310	1324	1311	1792	1793	1750
1311	1324	1325	1793	1794	1795
1311	1325	1312	1795	1796	1753
1312	1325	1326	1796	1797	1798
1312	1326	1313	1798	1799	1756
1313	1326	1327	1799	1800	1801
1313	1327	1314	1801	1802	1759
1314	1327	1328	1802	1803	1804
1314	1328	1315	1804	1805	1762
1315	1328	1329	1805	1806	1807
1315	1329	1316	1807	1808	1765
1316	1329	1330	1808	1809	1810
1316	1330	1317	1810	1811	1768
1317	1330	1331	1811	1812	1813
1317	1331	1318	1813	1814	1771
1318	1331	1332	1814	1815	1816
1318	1332	1319	1816	1817	1774
1319	1332	1333	1817	1818	1819
1319	1333	1320	1819	1820	1777
1320	1333	1334	1820	1821	1822
1320	1334	1321	1822	1823	1780
1321	1334	1335	1823	1824	1825
1321	1335	1322	1825	1826	1783
1322	1335	1336	1826	1827	1828
1322	1336	1323	1828	1829	1786
1323	1336	1337	1829	1830	1831
1323	1337	191	1831	1832	1789
191	1337	192	1832	1833	206
163	164	1324	178	1834	1791
1324	164	1338	1834	1835	1836
1324	1338	1325	1836	1837	1794
1325	1338	1339	1837	1838	1839
1325	1339	1326	1839	1840	1797
1326	1339	1340	1840	1841	1842
1326	1340	1327	1842	1843	1800
1327	1340	1341	1843	1844	1845
1327	1341	1328	1845	1846	1803
1328	1341	1342	1846	1847	1848
1328	1342	1329	1848	1849	1806
1329	1342	1343	1849	1850	1851
1329	1343	1330	1851	1852	1809
1330	1343	1344	1852	1853	1854
1330	1344	1331	1854	1855	1812
1331	1344	1345	1855	1856	1857
1331	1345	1332	1857	1858	1815
1332	1345	1346	1858	1859	1860
1332	1346	1333	1860	1861	1818
1333	1346	1347	1861	1862	1863
1333	1347	1334	1863	1864	1821
1334	1347	1348	1864	1865	1866
1334	1348	1335	1866	1867	1824
1335	1348	1349	1867	1868	1869
1335	1349	1336	1869	1870	1827
1336	1349	1350	1870	1871	1872
1336	1350	1337	1872	1873	1830
1337	1350	1351	1873	1874	1875
1337	1351	192	1875	1876	1833
192	1351	193	1876	1877	207
164	165	1338	179	1878	1835
1338	165	1352	1878	1879	1880
1338	1352	1339	1880	1881	1838
1339	1352	1353	1881	1882	1883
1339	1353	1340	1883	1884	1841
1340	1353	1354	1884	1885	1886
1340	1354	1341	1886	1887	1844
1341	1354	1355	1887	1888	1889
1341	1355	1342	1889	1890	1847
1342	1355	1356	1890	1891	1892
1342	1356	1343	1892	1893	1850
1343	1356	1357	1893	1894	1895
1343	1357	1344	1895	1896	1853
1344	1357	1358	1896	1897	1898
1344	1358	1345	1898	1899	1856
1345	1358	1359	1899	1900	1901
1345	1359	1346	1901	1902	1859
1346	1359	1360	1902	1903	1904
1346	1360	1347	1904	1905	1862
1347	1360	1361	1905	1906	1907
1347	1361	1348	1907	1908	1865
1348	1361	1362	1908	1909	1910
1348	1362	1349	1910	1911	1868
1349	1362	1363	1911	1912	1913
1349	1363	1350	1913	1914	1871
1350	1363	1364	1914	1915	1916
1350	1364	1351	1916	1917	1874
1351	1364	1365	1917	1918	1919
1351	1365	193	1919	1920	1877
193	1365	194	1920	1921	208
165	166	1352	180	1922	1879
1352	166	1366	1922	1923	1924
1352	1366	1353	1924	1925	1882
1353	1366	1367	1925	1926	1927
1353	1367	1354	1927	1928	1885
1354	1367	1368	1928	1929	1930
1354	1368	1355	1930	1931	1888
1355	1368	1369	1931	1932	1933
1355	1369	1356	1933	1934	1891
1356	1369	1370	1934	1935	1936
1356	1370	1357	1936	1937	1894
1357	1370	1371	1937	1938	1939
1357	1371	1358	1939	1940	1897
1358	1371	1372	1940	1941	1942
1358	1372	1359	1942	1943	1900
1359	1372	1373	1943	1944	1945
1359	1373	1360	1945	1946	1903
1360	1373	1374	1946	1947	1948
1360	1374	1361	1948	1949	1906
1361	1374	1375	1949	1950	1951
1361	1375	1362	1951	1952	1909
1362	1375	1376	1952	1953	1954
1362	1376	1363	1954	1955	1912
1363	1376	1377	1955	1956	1957
1363	1377	1364	1957	1958	1915
1364	1377	1378	1958	1959	1960
1364	1378	1365	1960	1961	1918
1365	1378	1379	1961	1962	1963
1365	1379	194	1963	1964	1921
194	1379	195	1964	1965	209
166	167	1366	181	1966	1923
1366	167	1380	1966	1967	1968
1366	1380	1367	1968	1969	1926
1367	1380	1381	1969	1970	1971
1367	1381	1368	1971	1972	1929
1368	1381	1382	1972	1973	1974
1368	1382	1369	1974	1975	1932
1369	1382	1383	1975	1976	1977
1369	1383	1370	1977	1978	1935
1370	1383	1384	1978	1979	1980
1370	1384	1371	1980	1981	1938
1371	1384	1385	1981	1982	1983
1371	1385	1372	1983	1984	1941
1372	1385	1386	1984	1985	1986
1372	1386	1373	1986	1987	1944
1373	1386	1387	1987	1988	1989
1373	1387	1374	1989	1990	1947
1374	1387	1388	1990	1991	1992
1374	1388	1375	1992	1993	1950
1375	1388	1389	1993	1994	1995
1375	1389	1376	1995	1996	1953
1376	1389	1390	1996	1997	1998
1376	1390	1377	1998	1999	1956
1377	1390	1391	1999	2000	2001
1377	1391	1378	2001	2002	1959
1378	1391	1392	2002	2003	2004
1378	1392	1379	2004	2005	1962
1379	1392	1393	2005	2006	2007
1379	1393	195	2007	2008	1965
195	1393	196	2008	2009	210
167	5	1380	182	2010	1967
1380	5	38	2010	52	2011
1380	38	1381	2011	2012	1970
1381	38	39	2012	53	2013
1381	39	1382	2013	2014	1973
1382	39	40	2014	54	2015
1382	40	1383	2015	2016	1976
1383	40	41	2016	55	2017
1383	41	1384	2017	2018	1979
1384	41	42	2018	56	2019
1384	42	1385	2019	2020	1982
1385	42	43	2020	57	2021
1385	43	1386	2021	2022	1985
1386	43	44	2022	58	2023
1386	44	1387	2023	2024	1988
1387	44	45	2024	59	2025
1387	45	1388	2025	2026	1991
1388	45	46	2026	60	2027
1388	46	1389	2027	2028	1994
1389	46	47	2028	61	2029
1389	47	1390	2029	2030	1997
1390	47	48	2030	62	2031
1390	48	1391	2031	2032	2000
1391	48	49	2032	63	2033
1391	49	1392	2033	2034	2003
1392	49	50	2034	64	2035
1392	50	1393	2035	2036	2006
1393	50	51	2036	65	2037
1393	51	196	2037	2038	2009
196	51	6	2038	66	211
2	183	328	197	2235	342
183	2039	328	2236	2237	2235
183	184	2039	198	2238	2236
184	2040	2039	2239	2240	2238
184	185	2040	199	2241	2239
185	2041	2040	2242	2243	2241
185	186	2041	200	2244	2242
186	2042	2041	2245	2246	2244
186	187	2042	201	2247	2245
187	2043	2042	2248	2249	2247
187	188	2043	202	2250	2248
188	2044	2043	2251	2252	2250
188	189	2044	203	2253	2251
189	2045	2044	2254	2255	2253
189	190	2045	204	2256	2254
190	2046	2045	2257	2258	2256
190	191	2046	205	2259	2257
191	2047	2046	2260	2261	2259
191	192	2047	206	2262	2260
192	2048	2047	2263	2264	2262
192	193	2048	207	2265	2263
193	2049	2048	2266	2267	2265
193	194	2049	208	2268	2266
194	2050	2049	2269	2270	2268
194	195	2050	209	2271	2269
195	2051	2050	2272	2273	2271
195	196	2051	210	2274	2272
196	2052	2051	2275	2276	2274
196	6	2052	211	2277	2275
6	67	2052	81	2278	2277
328	2039	329	2237	2279	343
2039	2053	329	2280	2281	2279
2039	2040	2053	2240	2282	2280
2040	2054	2053	2283	2284	2282
2040	2041	2054	2243	2285	2283
2041	2055	2054	2286	2287	2285
2041	2042	2055	2246	2288	2286
2042	2056	2055	2289	2290	2288
2042	2043	2056	2249	2291	2289
2043	2057	2056	2292	2293	2291
2043	2044	2057	2252	2294	2292
2044	2058	2057	2295	2296	2294
2044	2045	2058	2255	2297	2295
2045	2059	2058	2298	2299	2297
2045	2046	2059	2258	2300	2298
2046	2060	2059	2301	2302	2300
2046	2047	2060	2261	2303	2301
2047	2061	2060	2304	2305	2303
2047	2048	2061	2264	2306	2304
2048	2062	2061	2307	2308	2306
2048	2049	2062	2267	2309	2307
2049	2063	2062	2310	2311	2309
2049	2050	2063	2270	2312	2310
2050	2064	2063	2313	2314	2312
2050	2051	2064	2273	2315	2313
2051	2065	2064	2316	2317	2315
2051	2052	2065	2276	2318	2316
2052	2066	2065	2319	2320	2318
2052	67	2066	2278	2321	2319
67	68	2066	82	2322	2321
329	2053	330	2281	2323	344
2053	2067	330	2324	2325	2323
2053	2054	2067	2284	2326	2324
2054	2068	2067	2327	2328	2326
2054	2055	2068	2287	2329	2327
2055	2069	2068	2330	2331	2329
2055	2056	2069	2290	2332	2330
2056	2070	2069	2333	2334	2332
2056	2057	2070	2293	2335	2333
2057	2071	2070	2336	2337	2335
2057	2058	2071	2296	2338	2336
2058	2072	2071	2339	2340	2338
2058	2059	2072	2299	2341	2339
2059	2073	2072	2342	2343	2341
2059	2060	2073	2302	2344	2342
2060	2074	2073	2345	2346	2344
2060	2061	2074	2305	2347	2345
2061	2075	2074	2348	2349	2347
2061	2062	2075	2308	2350	2348
2062	2076	2075	2351	2352	2350
2062	2063	2076	2311	2353	2351
2063	2077	2076	2354	2355	2353
2063	2064	2077	2314	2356	2354
2064	2078	2077	2357	2358	2356
2064	2065	2078	2317	2359	2357
2065	2079	2078	2360	2361	2359
2065	2066	2079	2320	2362	2360
2066	2080	2079	2363	2364	2362
2066	68	2080	2322	2365	2363
68	69	2080	83	2366	2365
330	2067	331	2325	2367	345
2067	2081	331	2368	2369	2367
2067	2068	2081	2328	2370	2368
2068	2082	2081	2371	2372	2370
2068	2069	2082	2331	2373	2371
2069	2083	2082	2374	2375	2373
2069	2070	2083	2334	2376	2374
2070	2084	2083	2377	2378	2376
2070	2071	2084	2337	2379	2377
2071	2085	2084	2380	2381	2379
2071	2072	2085	2340	2382	2380
2072	2086	2085	2383	2384	2382
2072	2073	2086	2343	2385	2383
2073	2087	2086	2386	2387	2385
2073	2074	2087	2346	2388	2386
2074	2088	2087	2389	2390	2388
2074	2075	2088	2349	2391	2389
2075	2089	2088	2392	2393	2391
2075	2076	2089	2352	2394	2392
2076	2090	2089	2395	2396	2394
2076	2077	2090	2355	2397	2395
2077	2091	2090	2398	2399	2397
2077	2078	2091	2358	2400	2398
2078	2092	2091	2401	2402	2400
2078	2079	2092	2361	2403	2401
2079	2093	2092	2404	2405	2403
2079	2080	2093	2364	2406	2404
2080	2094	2093	2407	2408	2406
2080	69	2094	2366	2409	2407
69	70	2094	84	2410	2409
331	2081	332	2369	2411	346
2081	2095	332	2412	2413	2411
2081	2082	2095	2372	2414	2412
2082	2096	2095	2415	2416	2414
2082	2083	2096	2375	2417	2415
2083	2097	2096	2418	2419	2417
2083	2084	2097	2378	2420	2418
2084	2098	2097	2421	2422	2420
2084	2085	2098	2381	2423	2421
2085	2099	2098	2424	2425	2423
2085	2086	2099	2384	2426	2424
2086	2100	2099	2427	2428	2426
2086	2087	2100	2387	2429	2427
2087	2101	2100	2430	2431	2429
2087	2088	2101	2390	2432	2430
2088	2102	2101	2433	2434	2432
2088	2089	2102	2393	2435	2433
2089	2103	2102	2436	2437	2435
2089	2090	2103	2396	2438	2436
2090	2104	2103	2439	2440	2438
2090	2091	2104	2399	2441	2439
2091	2105	2104	2442	2443	2441
2091	2092	2105	2402	2444	2442
2092	2106	2105	2445	2446	2444
2092	2093	2106	2405	2447	2445
2093	2107	2106	2448	2449	2447
2093	2094	2107	2408	2450	2448
2094	2108	2107	2451	2452	2450
2094	70	2108	2410	2453	2451
70	71	2108	85	2454	2453
332	2095	333	2413	2455	347
2095	2109	333	2456	2457	2455
2095	2096	2109	2416	2458	2456
2096	2110	2109	2459	2460	2458
2096	2097	2110	2419	2461	2459
2097	2111	2110	2462	2463	2461
2097	2098	2111	2422	2464	2462
2098	2112	2111	2465	2466	2464
2098	2099	2112	2425	2467	2465
2099	2113	2112	2468	2469	2467
2099	2100	2113	2428	2470	2468
2100	2114	2113	2471	2472	2470
2100	2101	2114	2431	2473	2471
2101	2115	2114	2474	2475	2473
2101	2102	2115	2434	2476	2474
2102	2116	2115	2477	2478	2476
2102	2103	2116	2437	2479	2477
2103	2117	2116	2480	2481	2479
2103	2104	2117	2440	2482	2480
2104	2118	2117	2483	2484	2482
2104	2105	2118	2443	2485	2483
2105	2119	2118	2486	2487	2485
2105	2106	2119	2446	2488	2486
2106	2120	2119	2489	2490	2488
2106	2107	2120	2449	2491	2489
2107	2121	2120	2492	2493	2491
2107	2108	2121	2452	2494	2492
2108	2122	2121	2495	2496	2494
2108	71	2122	2454	2497	2495
71	72	2122	86	2498	2497
333	2109	334	2457	2499	348
2109	2123	334	2500	2501	2499
2109	2110	2123	2460	2502	2500
2110	2124	2123	2503	2504	2502
2110	2111	2124	2463	2505	2503
2111	2125	2124	2506	2507	2505
2111	2112	2125	2466	2508	2506
2112	2126	2125	2509	2510	2508
2112	2113	2126	2469	2511	2509
2113	2127	2126	2512	2513	2511
2113	2114	2127	2472	2514	2512
2114	2128	2127	2515	2516	2514
2114	2115	2128	2475	2517	2515
2115	2129	2128	2518	2519	2517
2115	2116	2129	2478	2520	2518
2116	2130	2129	2521	2522	2520
2116	2117	2130	2481	2523	2521
2117	2131	2130	2524	2525	2523
2117	2118	2131	2484	2526	2524
2118	2132	2131	2527	2528	2526
2118	2119	2132	2487	2529	2527
2119	2133	2132	2530	2531	2529
2119	2120	2133	2490	2532	2530
2120	2134	2133	2533	2534	2532
2120	2121	2134	2493	2535	2533
2121	2135	2134	2536	2537	2535
2121	2122	2135	2496	2538	2536
2122	2136	2135	2539	2540	2538
2122	72	2136	2498	2541	2539
72	73	2136	87	2542	2541
334	2123	335	2501	2543	349
2123	2137	335	2544	2545	2543
2123	2124	2137	2504	2546	2544
2124	2138	2137	2547	2548	2546
2124	2125	2138	2507	2549	2547
2125	2139	2138	2550	2551	2549
2125	2126	2139	2510	2552	2550
2126	2140	2139	2553	2554	2552
2126	2127	2140	2513	2555	2553
2127	2141	2140	2556	2557	2555
2127	2128	2141	2516	2558	2556
2128	2142	2141	2559	2560	2558
2128	2129	2142	2519	2561	2559
2129	2143	2142	2562	2563	2561
2129	2130	2143	2522	2564	2562
2130	2144	2143	2565	2566	2564
2130	2131	2144	2525	2567	2565
2131	2145	2144	2568	2569	2567
2131	2132	2145	2528	2570	2568
2132	2146	2145	2571	2572	2570
2132	2133	2146	2531	2573	2571
2133	2147	2146	2574	2575	2573
2133	2134	2147	2534	2576	2574
2134	2148	2147	2577	2578	2576
2134	2135	2148	2537	2579	2577
2135	2149	2148	2580	2581	2579
2135	2136	2149	2540	2582	2580
2136	2150	2149	2583	2584	2582
2136	73	2150	2542	2585	2583
73	74	2150	88	2586	2585
335	2137	336	2545	2587	350
2137	2151	336	2588	2589	2587
2137	2138	2151	2548	2590	2588
2138	2152	2151	2591	2592	2590
2138	2139	2152	2551	2593	2591
2139	2153	2152	2594	2595	2593
2139	2140	2153	2554	2596	2594
2140	2154	2153	2597	2598	2596
2140	2141	2154	2557	2599	2597
2141	2155	2154	2600	2601	2599
2141	2142	2155	2560	2602	2600
2142	2156	2155	2603	2604	2602
2142	2143	2156	2563	2605	2603
2143	2157	2156	2606	2607	2605
2143	2144	2157	2566	2608	2606
2144	2158	2157	2609	2610	2608
2144	2145	2158	2569	2611	2609
2145	2159	2158	2612	2613	2611
2145	2146	2159	2572	2614	2612
2146	2160	2159	2615	2616	2614
2146	2147	2160	2575	2617	2615
2147	2161	2160	2618	2619	2617
2147	2148	2161	2578	2620	2618
2148	2162	2161	2621	2622	2620
2148	2149	2162	2581	2623	2621
2149	2163	2162	2624	2625	2623
2149	2150	2163	2584	2626	2624
2150	2164	2163	2627	2628	2626
2150	74	2164	2586	2629	2627
74	75	2164	89	2630	2629
336	2151	337	2589	2631	351
2151	2165	337	2632	2633	2631
2151	2152	2165	2592	2634	2632
2152	2166	2165	2635	2636	2634
2152	2153	2166	2595	2637	2635
2153	2167	2166	2638	2639	2637
2153	2154	2167	2598	2640	2638
2154	2168	2167	2641	2642	2640
2154	2155	2168	2601	2643	2641
2155	2169	2168	2644	2645	2643
2155	2156	2169	2604	2646	2644
2156	2170	2169	2647	2648	2646
2156	2157	2170	2607	2649	2647
2157	2171	2170	2650	2651	2649
2157	2158	2171	2610	2652	2650
2158	2172	2171	2653	2654	2652
2158	2159	2172	2613	2655	2653
2159	2173	2172	2656	2657	2655
2159	2160	2173	2616	2658	2656
2160	2174	2173	2659	2660	2658
2160	2161	2174	2619	2661	2659
2161	2175	2174	2662	2663	2661
2161	2162	2175	2622	2664	2662
2162	2176	2175	2665	2666	2664
2162	2163	2176	2625	2667	2665
2163	2177	2176	2668	2669	2667
2163	2164	2177	2628	2670	2668
2164	2178	2177	2671	2672	2670
2164	75	2178	2630	2673	2671
75	76	2178	90	2674	2673
337	2165	338	2633	2675	352
2165	2179	338	2676	2677	2675
2165	2166	2179	2636	2678	2676
2166	2180	2179	2679	2680	2678
2166	2167	2180	2639	2681	2679
2167	2181	2180	2682	2683	2681
2167	2168	2181	2642	2684	2682
2168	2182	2181	2685	2686	2684
2168	2169	2182	2645	2687	2685
2169	2183	2182	2688	2689	2687
2169	2170	2183	2648	2690	2688
2170	2184	2183	2691	2692	2690
2170	2171	2184	2651	2693	2691
2171	2185	2184	2694	2695	2693
2171	2172	2185	2654	2696	2694
2172	2186	2185	2697	2698	2696
2172	2173	2186	2657	2699	2697
2173	2187	2186	2700	2701	2699
2173	2174	2187	2660	2702	2700
2174	2188	2187	2703	2704	2702
2174	2175	2188	2663	2705	2703
2175	2189	2188	2706	2707	2705
2175	2176	2189	2666	2708	2706
2176	2190	2189	2709	2710	2708
2176	2177	2190	2669	2711	2709
2177	2191	2190	2712	2713	2711
2177	2178	2191	2672	2714	2712
2178	2192	2191	2715	2716	2714
2178	76	2192	2674	2717	2715
76	77	2192	91	2718	2717
338	2179	339	2677	2719	353
2179	2193	339	2720	2721	2719
2179	2180	2193	2680	2722	2720
2180	2194	2193	2723	2724	2722
2180	2181	2194	2683	2725	2723
2181	2195	2194	2726	2727	2725
2181	2182	2195	2686	2728	2726
2182	2196	2195	2729	2730	2728
2182	2183	2196	2689	2731	2729
2183	2197	2196	2732	2733	2731
2183	2184	2197	2692	2734	2732
2184	2198	2197	2735	2736	2734
2184	2185	2198	2695	2737	2735
2185	2199	2198	2738	2739	2737
2185	2186	2199	2698	2740	2738
2186	2200	2199	2741	2742	2740
2186	2187	2200	2701	2743	2741
2187	2201	2200	2744	2745	2743
2187	2188	2201	2704	2746	2744
2188	2202	2201	2747	2748	2746
2188	2189	2202	2707	2749	2747
2189	2203	2202	2750	2751	2749
2189	2190	2203	2710	2752	2750
2190	2204	2203	2753	2754	2752
2190	2191	2204	2713	2755	2753
2191	2205	2204	2756	2757	2755
2191	2192	2205	2716	2758	2756
2192	2206	2205	2759	2760	2758
2192	77	2206	2718	2761	2759
77	78	2206	92	2762	2761
339	2193	340	2721	2763	354
2193	2207	340	2764	2765	2763
2193	2194	2207	2724	2766	2764
2194	2208	2207	2767	2768	2766
2194	2195	2208	2727	2769	2767
2195	2209	2208	2770	2771	2769
2195	2196	2209	2730	2772	2770
2196	2210	2209	2773	2774	2772
2196	2197	2210	2733	2775	2773
2197	2211	2210	2776	2777	2775
2197	2198	2211	2736	2778	2776
2198	2212	2211	2779	2780	2778
2198	2199	2212	2739	2781	2779
2199	2213	2212	2782	2783	2781
2199	2200	2213	2742	2784	2782
2200	2214	2213	2785	2786	2784
2200	2201	2214	2745	2787	2785
2201	2215	2214	2788	2789	2787
2201	2202	2215	2748	2790	2788
2202	2216	2215	2791	2792	2790
2202	2203	2216	2751	2793	2791
2203	2217	2216	2794	2795	2793
2203	2204	2217	2754	2796	2794
2204	2218	2217	2797	2798	2796
2204	2205	2218	2757	2799	2797
2205	2219	2218	2800	2801	2799
2205	2206	2219	2760	2802	2800
2206	2220	2219	2803	2804	2802
2206	78	2220	2762	2805	2803
78	79	2220	93	2806	2805
340	2207	341	2765	2807	355
2207	2221	341	2808	2809	2807
2207	2208	2221	2768	2810	2808
2208	2222	2221	2811	2812	2810
2208	2209	2222	2771	2813	2811
2209	2223	2222	2814	2815	2813
2209	2210	2223	2774	2816	2814
2210	2224	2223	2817	2818	2816
2210	2211	2224	2777	2819	2817
2211	2225	2224	2820	2821	2819
2211	2212	2225	2780	2822	2820
2212	2226	2225	2823	2824	2822
2212	2213	2226	2783	2825	2823
2213	2227	2226	2826	2827	2825
2213	2214	2227	2786	2828	2826
2214	2228	2227	2829	2830	2828
2214	2215	2228	2789	2831	2829
2215	2229	2228	2832	2833	2831
2215	2216	2229	2792	2834	2832
2216	2230	2229	2835	2836	2834
2216	2217	2230	2795	2837	2835
2217	2231	2230	2838	2839	2837
2217	2218	2231	2798	2840	2838
2218	2232	2231	2841	2842	2840
2218	2219	2232	2801	2843	2841
2219	2233	2232	2844	2845	2843
2219	2220	2233	2804	2846	2844
2220	2234	2233	2847	2848	2846
2220	79	2234	2806	2849	2847
79	80	2234	94	2850	2849
341	2221	1	2809	2851	356
2221	212	1	2852	226	2851
2221	2222	212	2812	2853	2852
2222	213	212	2854	227	2853
2222	2223	213	2815	2855	2854
2223	214	213	2856	228	2855
2223	2224	214	2818	2857	2856
2224	215	214	2858	229	2857
2224	2225	215	2821	2859	2858
2225	216	215	2860	230	2859
2225	2226	216	2824	2861	2860
2226	217	216	2862	231	2861
2226	2227	217	2827	2863	2862
2227	218	217	2864	232	2863
2227	2228	218	2830	2865	2864
2228	219	218	2866	233	2865
2228	2229	219	2833	2867	2866
2229	220	219	2868	234	2867
2229	2230	220	2836	2869	2868
2230	221	220	2870	235	2869
2230	2231	221	2839	2871	2870
2231	222	221	2872	236	2871
2231	2232	222	2842	2873	2872
2232	223	222	2874	237	2873
2232	2233	223	2845	2875	2874
2233	224	223	2876	238	2875
2233	2234	224	2848	2877	2876
2234	225	224	2878	239	2877
2234	80	225	2850	2879	2878
80	7	225	95	240	2879
1	212	241	226	3076	255
241	212	2880	3076	3077	3078
241	2880	242	3078	3079	256
242	2880	2881	3079	3080	3081
242	2881	243	3081	3082	257
243	2881	2882	3082	3083	3084
243	2882	244	3084	3085	258
244	2882	2883	3085	3086	3087
244	2883	245	3087	3088	259
245	2883	2884	3088	3089	3090
245	2884	246	3090	3091	260
246	2884	2885	3091	3092	3093
246	2885	247	3093	3094	261
247	2885	2886	3094	3095	3096
247	2886	248	3096	3097	262
248	2886	2887	3097	3098	3099
248	2887	249	3099	3100	263
249	2887	2888	3100	3101	3102
249	2888	250	3102	3103	264
250	2888	2889	3103	3104	3105
250	2889	251	3105	3106	265
251	2889	2890	3106	3107	3108
251	2890	252	3108	3109	266
252	2890	2891	3109	3110	3111
252	2891	253	3111	3112	267
253	2891	2892	3112	3113	3114
253	2892	254	3114	3115	268
254	2892	2893	3115	3116	3117
254	2893	4	3117	3118	269
4	2893	138	3118	3119	153
212	213	2880	227	3120	3077
2880	213	2894	3120	3121	3122
2880	2894	2881	3122	3123	3080
2881	2894	2895	3123	3124	3125
2881	2895	2882	3125	3126	3083
2882	2895	2896	3126	3127	3128
2882	2896	2883	3128	3129	3086
2883	2896	2897	3129	3130	3131
2883	2897	2884	3131	3132	3089
2884	2897	2898	3132	3133	3134
2884	2898	2885	3134	3135	3092
2885	2898	2899	3135	3136	3137
2885	2899	2886	3137	3138	3095
2886	2899	2900	3138	3139	3140
2886	2900	2887	3140	3141	3098
2887	2900	2901	3141	3142	3143
2887	2901	2888	3143	3144	3101
2888	2901	2902	3144	3145	3146
2888	2902	2889	3146	3147	3104
2889	2902	2903	3147	3148	3149
2889	2903	2890	3149	3150	3107
2890	2903	2904	3150	3151	3152
2890	2904	2891	3152	3153	3110
2891	2904	2905	3153	3154	3155
2891	2905	2892	3155	3156	3113
2892	2905	2906	3156	3157	3158
2892	2906	2893	3158	3159	3116
2893	2906	2907	3159	3160	3161
2893	2907	138	3161	3162	3119
138	2907	137	3162	3163	152
213	214	2894	228	3164	3121
2894	214	2908	3164	3165	3166
2894	2908	2895	3166	3167	3124
2895	2908	2909	3167	3168	3169
2895	2909	2896	3169	3170	3127
2896	2909	2910	3170	3171	3172
2896	2910	2897	3172	3173	3130
2897	2910	2911	3173	3174	3175
2897	2911	2898	3175	3176	3133
2898	2911	2912	3176	3177	3178
2898	2912	2899	3178	3179	3136
2899	2912	2913	3179	3180	3181
2899	2913	2900	3181	3182	3139
2900	2913	2914	3182	3183	3184
2900	2914	2901	3184	3185	3142
2901	2914	2915	3185	3186	3187
2901	2915	2902	3187	3188	3145
2902	2915	2916	3188	3189	3190
2902	2916	2903	3190	3191	3148
2903	2916	2917	3191	3192	3193
2903	2917	2904	3193	3194	3151
2904	2917	2918	3194	3195	3196
2904	2918	2905	3196	3197	3154
2905	2918	2919	3197	3198	3199
2905	2919	2906	3199	3200	3157
2906	2919	2920	3200	3201	3202
2906	2920	2907	3202	3203	3160
2907	2920	2921	3203	3204	3205
2907	2921	137	3205	3206	3163
137	2921	136	3206	3207	151
214	215	2908	229	3208	3165
2908	215	2922	3208	3209	3210
2908	2922	2909	3210	3211	3168
2909	2922	2923	3211	3212	3213
2909	2923	2910	3213	3214	3171
2910	2923	2924	3214	3215	3216
2910	2924	2911	3216	3217	3174
2911	2924	2925	3217	3218	3219
2911	2925	2912	3219	3220	3177
2912	2925	2926	3220	3221	3222
2912	2926	2913	3222	3223	3180
2913	2926	2927	3223	3224	3225
2913	2927	2914	3225	3226	3183
2914	2927	2928	3226	3227	3228
2914	2928	2915	3228	3229	3186
2915	2928	2929	3229	3230	3231
2915	2929	2916	3231	3232	3189
2916	2929	2930	3232	3233	3234
2916	2930	2917	3234	3235	3192
2917	2930	2931	3235	3236	3237
2917	2931	2918	3237	3238	3195
2918	2931	2932	3238	3239	3240
2918	2932	2919	3240	3241	3198
2919	2932	2933	3241	3242	3243
2919	2933	2920	3243	3244	3201
2920	2933	2934	3244	3245	3246
2920	2934	2921	3246	3247	3204
2921	2934	2935	3247	3248	3249
2921	2935	136	3249	3250	3207
136	2935	135	3250	3251	150
215	216	2922	230	3252	3209
2922	216	2936	3252	3253	3254
2922	2936	2923	3254	3255	3212
2923	2936	2937	3255	3256	3257
2923	2937	2924	3257	3258	3215
2924	2937	2938	3258	3259	3260
2924	2938	2925	3260	3261	3218
2925	2938	2939	3261	3262	3263
2925	2939	2926	3263	3264	3221
2926	2939	2940	3264	3265	3266
2926	2940	2927	3266	3267	3224
2927	2940	2941	3267	3268	3269
2927	2941	2928	3269	3270	3227
2928	2941	2942	3270	3271	3272
2928	2942	2929	3272	3273	3230
2929	2942	2943	3273	3274	3275
2929	2943	2930	3275	3276	3233
2930	2943	2944	3276	3277	3278
2930	2944	2931	3278	3279	3236
2931	2944	2945	3279	3280	3281
2931	2945	2932	3281	3282	3239
2932	2945	2946	3282	3283	3284
2932	2946	2933	3284	3285	3242
2933	2946	2947	3285	3286	3287
2933	2947	2934	3287	3288	3245
2934	2947	2948	3288	3289	3290
2934	2948	2935	3290	3291	3248
2935	2948	2949	3291	3292	3293
2935	2949	135	3293	3294	3251
135	2949	134	3294	3295	149
216	217	2936	231	3296	3253
2936	217	2950	3296	3297	3298
2936	2950	2937	3298	3299	3256
2937	2950	2951	3299	3300	3301
2937	2951	2938	3301	3302	3259
2938	2951	2952	3302	3303	3304
2938	2952	2939	3304	3305	3262
2939	2952	2953	3305	3306	3307
2939	2953	2940	3307	3308	3265
2940	2953	2954	3308	3309	3310
2940	2954	2941	3310	3311	3268
2941	2954	2955	3311	3312	3313
2941	2955	2942	3313	3314	3271
2942	2955	2956	3314	3315	3316
2942	2956	2943	3316	3317	3274
2943	2956	2957	3317	3318	3319
2943	2957	2944	3319	3320	3277
2944	2957	2958	3320	3321	3322
2944	2958	2945	3322	3323	3280
2945	2958	2959	3323	3324	3325
2945	2959	2946	3325	3326	3283
2946	2959	2960	3326	3327	3328
2946	2960	2947	3328	3329	3286
2947	2960	2961	3329	3330	3331
2947	2961	2948	3331	3332	3289
2948	2961	2962	3332	3333	3334
2948	2962	2949	3334	3335	3292
2949	2962	2963	3335	3336	3337
2949	2963	134	3337	3338	3295
134	2963	133	3338	3339	148
217	218	2950	232	3340	3297
2950	218	2964	3340	3341	3342
2950	2964	2951	3342	3343	3300
2951	2964	2965	3343	3344	3345
2951	2965	2952	3345	3346	3303
2952	2965	2966	3346	3347	3348
2952	2966	2953	3348	3349	3306
2953	2966	2967	3349	3350	3351
2953	2967	2954	3351	3352	3309
2954	2967	2968	3352	3353	3354
2954	2968	2955	3354	3355	3312
2955	2968	2969	3355	3356	3357
2955	2969	2956	3357	3358	3315
2956	2969	2970	3358	3359	3360
2956	2970	2957	3360	3361	3318
2957	2970	2971	3361	3362	3363
2957	2971	2958	3363	3364	3321
2958	2971	2972	3364	3365	3366
2958	2972	2959	3366	3367	3324
2959	2972	2973	3367	3368	3369
2959	2973	2960	3369	3370	3327
2960	2973	2974	3370	3371	3372
2960	2974	2961	3372	3373	3330
2961	2974	2975	3373	3374	3375
2961	2975	2962	3375	3376	3333
2962	2975	2976	3376	3377	3378
2962	2976	2963	3378	3379	3336
2963	2976	2977	3379	3380	3381
2963	2977	133	3381	3382	3339
133	2977	132	3382	3383	147
218	219	2964	233	3384	3341
2964	219	2978	3384	3385	3386
2964	2978	2965	3386	3387	3344
2965	2978	2979	3387	3388	3389
2965	2979	2966	3389	3390	3347
2966	2979	2980	3390	3391	3392
2966	2980	2967	3392	3393	3350
2967	2980	2981	3393	3394	3395
2967	2981	2968	3395	3396	3353
2968	2981	2982	3396	3397	3398
2968	2982	2969	3398	3399	3356
2969	2982	2983	3399	3400	3401
2969	2983	2970	3401	3402	3359
2970	2983	2984	3402	3403	3404
2970	2984	2971	3404	3405	3362
2971	2984	2985	3405	3406	3407
2971	2985	2972	3407	3408	3365
2972	2985	2986	3408	3409	3410
2972	2986	2973	3410	3411	3368
2973	2986	2987	3411	3412	3413
2973	2987	2974	3413	3414	3371
2974	2987	2988	3414	3415	3416
2974	2988	2975	3416	3417	3374
2975	2988	2989	3417	3418	3419
2975	2989	2976	3419	3420	3377
2976	2989	2990	3420	3421	3422
2976	2990	2977	3422	3423	3380
2977	2990	2991	3423	3424	3425
2977	2991	132	3425	3426	3383
132	2991	131	3426	3427	146
219	220	2978	234	3428	3385
2978	220	2992	3428	3429	3430
2978	2992	2979	3430	3431	3388
2979	2992	2993	3431	3432	3433
2979	2993	2980	3433	3434	3391
2980	2993	2994	3434	3435	3436
2980	2994	2981	3436	3437	3394
2981	2994	2995	3437	3438	3439
2981	2995	2982	3439	3440	3397
2982	2995	2996	3440	3441	3442
2982	2996	2983	3442	3443	3400
2983	2996	2997	3443	3444	3445
2983	2997	2984	3445	3446	3403
2984	2997	2998	3446	3447	3448
2984	2998	2985	3448	3449	3406
2985	2998	2999	3449	3450	3451
2985	2999	2986	3451	3452	3409
2986	2999	3000	3452	3453	3454
2986	3000	2987	3454	3455	3412
2987	3000	3001	3455	3456	3457
2987	3001	2988	3457	3458	3415
2988	3001	3002	3458	3459	3460
2988	3002	2989	3460	3461	3418
2989	3002	3003	3461	3462	3463
2989	3003	2990	3463	3464	3421
2990	3003	3004	3464	3465	3466
2990	3004	2991	3466	3467	3424
2991	3004	3005	3467	3468	3469
2991	3005	131	3469	3470	3427
131	3005	130	3470	3471	145
220	221	2992	235	3472	3429
2992	221	3006	3472	3473	3474
2992	3006	2993	3474	3475	3432
2993	3006	3007	3475	3476	3477
2993	3007	2994	3477	3478	3435
2994	3007	3008	3478	3479	3480
2994	3008	2995	3480	3481	3438
2995	3008	3009	3481	3482	3483
2995	3009	2996	3483	3484	3441
2996	3009	3010	3484	3485	3486
2996	3010	2997	3486	3487	3444
2997	3010	3011	3487	3488	3489
2997	3011	2998	3489	3490	3447
2998	3011	3012	3490	3491	3492
2998	3012	2999	3492	3493	3450
2999	3012	3013	3493	3494	3495
2999	3013	3000	3495	3496	3453
3000	3013	3014	3496	3497	3498
3000	3014	3001	3498	3499	3456
3001	3014	3015	3499	3500	3501
3001	3015	3002	3501	3502	3459
3002	3015	3016	3502	3503	3504
3002	3016	3003	3504	3505	3462
3003	3016	3017	3505	3506	3507
3003	3017	3004	3507	3508	3465
3004	3017	3018	3508	3509	3510
3004	3018	3005	3510	3511	3468
3005	3018	3019	3511	3512	3513
3005	3019	130	3513	3514	3471
130	3019	129	3514	3515	144
221	222	3006	236	3516	3473
3006	222	3020	3516	3517	3518
3006	3020	3007	3518	3519	3476
3007	3020	3021	3519	3520	3521
3007	3021	3008	3521	3522	3479
3008	3021	3022	3522	3523	3524
3008	3022	3009	3524	3525	3482
3009	3022	3023	3525	3526	3527
3009	3023	3010	3527	3528	3485
3010	3023	3024	3528	3529	3530
3010	3024	3011	3530	3531	3488
3011	3024	3025	3531	3532	3533
3011	3025	3012	3533	3534	3491
3012	3025	3026	3534	3535	3536
3012	3026	3013	3536	3537	3494
3013	3026	3027	3537	3538	3539
3013	3027	3014	3539	3540	3497
3014	3027	3028	3540	3541	3542
3014	3028	3015	3542	3543	3500
3015	3028	3029	3543	3544	3545
3015	3029	3016	3545	3546	3503
3016	3029	3030	3546	3547	3548
3016	3030	3017	3548	3549	3506
3017	3030	3031	3549	3550	3551
3017	3031	3018	3551	3552	3509
3018	3031	3032	3552	3553	3554
3018	3032	3019	3554	3555	3512
3019	3032	3033	3555	3556	3557
3019	3033	129	3557	3558	3515
129	3033	128	3558	3559	143
222	223	3020	237	3560	3517
3020	223	3034	3560	3561	3562
3020	3034	3021	3562	3563	3520
3021	3034	3035	3563	3564	3565
3021	3035	3022	3565	3566	3523
3022	3035	3036	3566	3567	3568
3022	3036	3023	3568	3569	3526
3023	3036	3037	3569	3570	3571
3023	3037	3024	3571	3572	3529
3024	3037	3038	3572	3573	3574
3024	3038	3025	3574	3575	3532
3025	3038	3039	3575	3576	3577
3025	3039	3026	3577	3578	3535
3026	3039	3040	3578	3579	3580
3026	3040	3027	3580	3581	3538
3027	3040	3041	3581	3582	3583
3027	3041	3028	3583	3584	3541
3028	3041	3042	3584	3585	3586
3028	3042	3029	3586	3587	3544
3029	3042	3043	3587	3588	3589
3029	3043	3030	3589	3590	3547
3030	3043	3044	3590	3591	3592
3030	3044	3031	3592	3593	3550
3031	3044	3045	3593	3594	3595
3031	3045	3032	3595	3596	3553
3032	3045	3046	3596	3597	3598
3032	3046	3033	3598	3599	3556
3033	3046	3047	3599	3600	3601
3033	3047	128	3601	3602	3559
128	3047	127	3602	3603	142
223	224	3034	238	3604	3561
3034	224	3048	3604	3605	3606
3034	3048	3035	3606	3607	3564
3035	3048	3049	3607	3608	3609
3035	3049	3036	3609	3610	3567
3036	3049	3050	3610	3611	3612
3036	3050	3037	3612	3613	3570
3037	3050	3051	3613	3614	3615
3037	3051	3038	3615	3616	3573
3038	3051	3052	3616	3617	3618
3038	3052	3039	3618	3619	3576
3039	3052	3053	3619	3620	3621
3039	3053	3040	3621	3622	3579
3040	3053	3054	3622	3623	3624
3040	3054	3041	3624	3625	3582
3041	3054	3055	3625	3626	3627
3041	3055	3042	3627	3628	3585
3042	3055	3056	3628	3629	3630
3042	3056	3043	3630	3631	3588
3043	3056	3057	3631	3632	3633
3043	3057	3044	3633	3634	3591
3044	3057	3058	3634	3635	3636
3044	3058	3045	3636	3637	3594
3045	3058	3059	3637	3638	3639
3045	3059	3046	3639	3640	3597
3046	3059	3060	3640	3641	3642
3046	3060	3047	3642	3643	3600
3047	3060	3061	3643	3644	3645
3047	3061	127	3645	3646	3603
127	3061	126	3646	3647	141
224	225	3048	239	3648	3605
3048	225	3062	3648	3649	3650
3048	3062	3049	3650	3651	3608
3049	3062	3063	3651	3652	3653
3049	3063	3050	3653	3654	3611
3050	3063	3064	3654	3655	3656
3050	3064	3051	3656	3657	3614
3051	3064	3065	3657	3658	3659
3051	3065	3052	3659	3660	3617
3052	3065	3066	3660	3661	3662
3052	3066	3053	3662	3663	3620
3053	3066	3067	3663	3664	3665
3053	3067	3054	3665	3666	3623
3054	3067	3068	3666	3667	3668
3054	3068	3055	3668	3669	3626
3055	3068	3069	3669	3670	3671
3055	3069	3056	3671	3672	3629
3056	3069	3070	3672	3673	3674
3056	3070	3057	3674	3675	3632
3057	3070	3071	3675	3676	3677
3057	3071	3058	3677	3678	3635
3058	3071	3072	3678	3679	3680
3058	3072	3059	3680	3681	3638
3059	3072	3073	3681	3682	3683
3059	3073	3060	3683	3684	3641
3060	3073	3074	3684	3685	3686
3060	3074	3061	3686	3687	3644
3061	3074	3075	3687	3688	3689
3061	3075	126	3689	3690	3647
126	3075	125	3690	3691	140
225	7	3062	240	3692	3649
3062	7	96	3692	110	3693
3062	96	3063	3693	3694	3652
3063	96	97	3694	111	3695
3063	97	3064	3695	3696	3655
3064	97	98	3696	112	3697
3064	98	3065	3697	3698	3658
3065	98	99	3698	113	3699
3065	99	3066	3699	3700	3661
3066	99	100	3700	114	3701
3066	100	3067	3701	3702	3664
3067	100	101	3702	115	3703
3067	101	3068	3703	3704	3667
3068	101	102	3704	116	3705
3068	102	3069	3705	3706	3670
3069	102	103	3706	117	3707
3069	103	3070	3707	3708	3673
3070	103	104	3708	118	3709
3070	104	3071	3709	3710	3676
3071	104	105	3710	119	3711
3071	105	3072	3711	3712	3679
3072	105	106	3712	120	3713
3072	106	3073	3713	3714	3682
3073	106	107	3714	121	3715
3073	107	3074	3715	3716	3685
3074	107	108	3716	122	3717
3074	108	3075	3717	3718	3688
3075	108	109	3718	123	3719
3075	109	125	3719	3720	3691
125	109	8	3720	124	139

--------------------------------------------------------------------------------
NUMBER OF BOUNDARY TYPES        TOTAL NUMBER OF ELEMENTS
--------------------------------------------------------------------------------
2                               120

--------------------------------------------------------------------------------
BOUNDARY 1        CONSTRAINS (0-free 1-const 2-glue)  VALUES (default = 0.)
NUMB. OF ELEM.    Ux     Uy     Uz                    Ux     Uy     Uz  
--------------------------------------------------------------------------------
60                1      1      0                     0.     0.     0.

--------------------------------------------------------------------------------
BOUNDARY 1 - CONNECTIVITY
-------------------------------------------------------------------------------
1	241	255
241	242	256
242	243	257
243	244	258
244	245	259
245	246	260
246	247	261
247	248	262
248	249	263
249	250	264
250	251	265
251	252	266
252	253	267
253	254	268
254	4	269
4	270	284
270	271	285
271	272	286
272	273	287
273	274	288
274	275	289
275	276	290
276	277	291
277	278	292
278	279	293
279	280	294
280	281	295
281	282	296
282	283	297
283	3	298
3	299	313
299	300	314
300	301	315
301	302	316
302	303	317
303	304	318
304	305	319
305	306	320
306	307	321
307	308	322
308	309	323
309	310	324
310	311	325
311	312	326
312	2	327
2	328	342
328	329	343
329	330	344
330	331	345
331	332	346
332	333	347
333	334	348
334	335	349
335	336	350
336	337	351
337	338	352
338	339	353
339	340	354
340	341	355
341	1	356

--------------------------------------------------------------------------------
BOUNDARY 2        CONSTRAINS (0-free 1-const 2-glue)  VALUES (default = 0.)
NUMB. OF ELEM.    Ux     Uy     Uz                    Ux     Uy     Uz  
--------------------------------------------------------------------------------
60                2      2      0                     0.     0.     0.

--------------------------------------------------------------------------------
BOUNDARY 2 - CONNECTIVITY
--------------------------------------------------------------------------------
8	9	23
9	10	24
10	11	25
11	12	26
12	13	27
13	14	28
14	15	29
15	16	30
16	17	31
17	18	32
18	19	33
19	20	34
20	21	35
21	22	36
22	5	37
5	38	52
38	39	53
39	40	54
40	41	55
41	42	56
42	43	57
43	44	58
44	45	59
45	46	60
46	47	61
47	48	62
48	49	63
49	50	64
50	51	65
51	6	66
6	67	81
67	68	82
68	69	83
69	70	84
70	71	85
71	72	86
72	73	87
73	74	88
74	75	89
75	76	90
76	77	91
77	78	92
78	79	93
79	80	94
80	7	95
7	96	110
96	97	111
97	98	112
98	99	113
99	100	114
100	101	115
101	102	116
102	103	117
103	104	118
104	105	119
105	106	120
106	107	121
107	108	122
108	109	123
109	8	124
