--------------------------------------------------------------------------------
ELEMENTS        NODES        TIME STEPS     PRINTING FREQ
--------------------------------------------------------------------------------
2046            4220         100000         1

--------------------------------------------------------------------------------
UNDISTURBED VELOCITY AND PRESSURE
Ux      Uy      Uz      P
--------------------------------------------------------------------------------
1.0     0.0     0.0     0.0

--------------------------------------------------------------------------------
DENSITY      TEMPERATURE      VISCOSITY      THERMAL CONDITIVITY
--------------------------------------------------------------------------------
1.E0         300              0.01           0.0

--------------------------------------------------------------------------------
TIME STEP       TIME INTEGRATION SCHEME (1- Implicit Euler, 2- Adams-Bashforth)
--------------------------------------------------------------------------------
0.1             0.5

--------------------------------------------------------------------------------
EXTERNAL FIELD FORCES CONSTANTS
Gx       Gy       Gz
--------------------------------------------------------------------------------
0.0      0.0      0.0

--------------------------------------------------------------------------------
ARLEQUIN VARIABLES
GLUE ZONE THICKNESS     EPSILON     WEIGHT FUNCT. (POL. DEGREE)   K1     K2
--------------------------------------------------------------------------------
1.0                     1E-2        1                             1E+0   0.E+0 

--------------------------------------------------------------------------------
COMPUTE DRAG AND LIFT FORCES (0-No, 1-Yes)      BOUNDARY NUMBER
--------------------------------------------------------------------------------
0                                               1

--------------------------------------------------------------------------------
PRINT RESULTS (0-No, 1-Yes)
--------------------------------------------------------------------------------
1 - VELOCITY
1 - REAL VELOCITY
1 - LAGRANGE MULTIPLIERS
0 - ELEMENT CORRESPONDENCE
1 - DIST FUNCTION
1 - ENERGY WEIGHT FUNCTION
1 - PRESSURE
1 - REAL PRESSURE
1 - VORTICITY
1 - INNER NORMAL
0 - MESH VELOCITY
0 - MESH DISPLACEMENT
1 - GLUE ZONE
1 - JACOBIAN
1 - PROCESS

--------------------------------------------------------------------------------
NODAL COORDINATES
--------------------------------------------------------------------------------
5	5
5	6
6	6
6	5
2	2
9	2
9	9
2	9
3	3
3	8
8	8
8	3
2	8.75
2	8.5
2	8.25
2	8
2	7.75
2	7.5
2	7.25
2	7
2	6.75
2	6.5
2	6.25
2	6
2	5.75
2	5.5
2	5.25
2	5
2	4.75
2	4.5
2	4.25
2	4
2	3.75
2	3.5
2	3.25
2	3
2	2.75
2	2.5
2	2.25
2	8.875
2	8.625
2	8.375
2	8.125
2	7.875
2	7.625
2	7.375
2	7.125
2	6.875
2	6.625
2	6.375
2	6.125
2	5.875
2	5.625
2	5.375
2	5.125
2	4.875
2	4.625
2	4.375
2	4.125
2	3.875
2	3.625
2	3.375
2	3.125
2	2.875
2	2.625
2	2.375
2	2.125
2.25	2
2.5	2
2.75	2
3	2
3.25	2
3.5	2
3.75	2
4	2
4.25	2
4.5	2
4.75	2
5	2
5.25	2
5.5	2
5.75	2
6	2
6.25	2
6.5	2
6.75	2
7	2
7.25	2
7.5	2
7.75	2
8	2
8.25	2
8.5	2
8.75	2
2.125	2
2.375	2
2.625	2
2.875	2
3.125	2
3.375	2
3.625	2
3.875	2
4.125	2
4.375	2
4.625	2
4.875	2
5.125	2
5.375	2
5.625	2
5.875	2
6.125	2
6.375	2
6.625	2
6.875	2
7.125	2
7.375	2
7.625	2
7.875	2
8.125	2
8.375	2
8.625	2
8.875	2
9	2.25
9	2.5
9	2.75
9	3
9	3.25
9	3.5
9	3.75
9	4
9	4.25
9	4.5
9	4.75
9	5
9	5.25
9	5.5
9	5.75
9	6
9	6.25
9	6.5
9	6.75
9	7
9	7.25
9	7.5
9	7.75
9	8
9	8.25
9	8.5
9	8.75
9	2.125
9	2.375
9	2.625
9	2.875
9	3.125
9	3.375
9	3.625
9	3.875
9	4.125
9	4.375
9	4.625
9	4.875
9	5.125
9	5.375
9	5.625
9	5.875
9	6.125
9	6.375
9	6.625
9	6.875
9	7.125
9	7.375
9	7.625
9	7.875
9	8.125
9	8.375
9	8.625
9	8.875
8.75	9
8.5	9
8.25	9
8	9
7.75	9
7.5	9
7.25	9
7	9
6.75	9
6.5	9
6.25	9
6	9
5.75	9
5.5	9
5.25	9
5	9
4.75	9
4.5	9
4.25	9
4	9
3.75	9
3.5	9
3.25	9
3	9
2.75	9
2.5	9
2.25	9
8.875	9
8.625	9
8.375	9
8.125	9
7.875	9
7.625	9
7.375	9
7.125	9
6.875	9
6.625	9
6.375	9
6.125	9
5.875	9
5.625	9
5.375	9
5.125	9
4.875	9
4.625	9
4.375	9
4.125	9
3.875	9
3.625	9
3.375	9
3.125	9
2.875	9
2.625	9
2.375	9
2.125	9
3	7.75
3	7.5
3	7.25
3	7
3	6.75
3	6.5
3	6.25
3	6
3	5.75
3	5.5
3	5.25
3	5
3	4.75
3	4.5
3	4.25
3	4
3	3.75
3	3.5
3	3.25
3	7.875
3	7.625
3	7.375
3	7.125
3	6.875
3	6.625
3	6.375
3	6.125
3	5.875
3	5.625
3	5.375
3	5.125
3	4.875
3	4.625
3	4.375
3	4.125
3	3.875
3	3.625
3	3.375
3	3.125
3.25	3
3.5	3
3.75	3
4	3
4.25	3
4.5	3
4.75	3
5	3
5.25	3
5.5	3
5.75	3
6	3
6.25	3
6.5	3
6.75	3
7	3
7.25	3
7.5	3
7.75	3
3.125	3
3.375	3
3.625	3
3.875	3
4.125	3
4.375	3
4.625	3
4.875	3
5.125	3
5.375	3
5.625	3
5.875	3
6.125	3
6.375	3
6.625	3
6.875	3
7.125	3
7.375	3
7.625	3
7.875	3
8	3.25
8	3.5
8	3.75
8	4
8	4.25
8	4.5
8	4.75
8	5
8	5.25
8	5.5
8	5.75
8	6
8	6.25
8	6.5
8	6.75
8	7
8	7.25
8	7.5
8	7.75
8	3.125
8	3.375
8	3.625
8	3.875
8	4.125
8	4.375
8	4.625
8	4.875
8	5.125
8	5.375
8	5.625
8	5.875
8	6.125
8	6.375
8	6.625
8	6.875
8	7.125
8	7.375
8	7.625
8	7.875
7.75	8
7.5	8
7.25	8
7	8
6.75	8
6.5	8
6.25	8
6	8
5.75	8
5.5	8
5.25	8
5	8
4.75	8
4.5	8
4.25	8
4	8
3.75	8
3.5	8
3.25	8
7.875	8
7.625	8
7.375	8
7.125	8
6.875	8
6.625	8
6.375	8
6.125	8
5.875	8
5.625	8
5.375	8
5.125	8
4.875	8
4.625	8
4.375	8
4.125	8
3.875	8
3.625	8
3.375	8
3.125	8
5	5.75
5	5.5
5	5.25
5	5.875
5	5.625
5	5.375
5	5.125
5.25	5
5.5	5
5.75	5
5.125	5
5.375	5
5.625	5
5.875	5
6	5.25
6	5.5
6	5.75
6	5.125
6	5.375
6	5.625
6	5.875
5.75	6
5.5	6
5.25	6
5.875	6
5.625	6
5.375	6
5.125	6
8.416666667	8.416666667
8.416666667	2.583333333
2.583333333	8.416666667
2.628810756	2.636186202
7.87778608	8.470309662
2.5	7.875
8.479068787	7.88030482
7.88030482	2.520931213
2.488238214	3.127766023
3.125	8.5
2.504794842	3.855284291
3.855284291	8.495205158
4.604500956	8.500912623
2.499087377	4.604500956
8.470309662	3.12221392
3.125	2.5
8.504794842	3.855284291
3.855284291	2.495205158
8.526451634	4.608028614
4.608028614	2.473548366
5.397125742	2.499896496
8.500103504	5.397125742
7.144715709	8.504794842
2.495205158	7.144715709
2.495205158	6.394715709
6.394715709	8.504794842
2.503440199	5.594025108
5.594025108	8.496559801
8.535684107	6.301778688
6.301778688	2.464315893
7.108028614	2.526451634
8.473548366	7.108028614
5.027096357	8.498342257
2.501657743	5.027096357
8.498420273	5.875
5.875	2.501579727
8.390625	7.5
7.5	2.609375
7.5	8.390625
2.609375	7.5
2.609375	6.75
6.75	8.390625
2.609375	6
6	8.390625
8.609375	6.75
6.75	2.390625
3.5	8.609375
2.390625	3.5
2.390625	4.25
4.25	8.609375
3.5	2.609375
8.390625	3.5
5	2.390625
8.609375	5
8.390625	4.25
4.25	2.609375
8.662878788	8.662878788
8.662878788	2.337121212
2.337121212	8.662878788
2.337121212	2.337121212
8.186519822	8.643833981
2.325361341	8.15478427
8.643833981	2.813480178
2.80605585	8.659417568
2.331795842	2.82523521
2.827433512	2.324202897
8.666992151	8.172198801
8.172198801	2.333007849
7.385416667	2.3046875
8.6953125	7.385416667
4.135416667	2.3046875
8.6953125	4.135416667
2.6953125	4.135416667
4.135416667	8.3046875
3.385416667	8.3046875
2.6953125	3.385416667
8.6953125	3.385416667
3.385416667	2.3046875
7.614583333	8.6953125
2.3046875	7.614583333
6.864583333	8.6953125
2.3046875	6.864583333
2.3046875	6.114583333
6.114583333	8.6953125
4.885416667	2.6953125
8.3046875	4.885416667
6.635416667	2.6953125
8.3046875	6.635416667
4.910098607	8.688705522
2.311294478	4.910098607
5.63144084	2.30170563
8.69829437	5.63144084
2.30170563	5.36855916
5.36855916	8.69829437
8.695625697	6.138134176
6.138134176	2.304374303
8.274235236	2.859455179
2.879166667	8.295833333
2.704166667	2.879166667
8.140544821	8.274235236
4.883348755	8.266620745
2.733379255	4.883348755
2.720116678	5.384542391
5.384542391	8.279883322
8.274765912	5.611454377
5.611454377	2.725234088
6.143697001	2.738123692
8.261876308	6.143697001
8.714310172	7.680802618
7.680802618	2.285689828
4.427521849	2.283744538
8.716255462	4.427521849
2.717301017	4.42898097
4.42898097	8.282698983
3.679189775	8.283308086
2.716691914	3.679189775
3.679189775	2.283308086
8.716691914	3.679189775
8.283175988	5.180115562
5.180115562	2.716824012
6.570810225	8.716691914
2.283308086	6.570810225
2.283308086	7.320810225
7.320810225	8.716691914
2.283744538	5.822478151
5.822478151	8.716255462
8.283744538	6.927521849
6.927521849	2.716255462
2.86394167	2.642903319
2.647162346	8.143580042
8.147937182	2.650411764
8.349588236	8.147937182
8.268346208	7.739115169
7.739115169	2.731653792
7.275161389	2.722085915
8.277914085	7.275161389
6.981594458	2.281380314
8.718619686	6.981594458
6.498962611	8.307912165
2.692087835	6.498962611
2.692087835	7.248962611
7.248962611	8.307912165
2.721954459	5.765144106
5.765144106	8.278045541
7.739115169	8.268346208
2.731653792	7.739115169
6.239115169	8.268346208
2.731653792	6.239115169
2.731653792	6.989115169
6.989115169	8.268346208
8.731653792	6.510884831
6.510884831	2.268346208
2.268346208	3.260884831
3.260884831	8.731653792
3.751037389	8.692087835
2.307912165	3.751037389
2.268346208	4.010884831
4.010884831	8.731653792
8.721079713	5.234711332
2.278851484	4.481086775
4.481086775	8.721148516
5.234711332	2.278920287
3.260884831	2.731653792
8.726300284	4.76781403
8.268346208	3.260884831
4.76781403	2.273699716
3.751037389	2.692087835
8.307912165	3.751037389
8.268346208	4.010884831
4.010884831	2.731653792
4.481594458	2.718619686
8.281380314	4.481594458
2.281444306	7.905828056
7.868627239	8.750326408
3.101392262	2.2678925
8.750326408	3.131372761
3.118779101	8.245332639
2.749984423	3.119383402
6.401557146	2.732958681
8.267041319	6.401557146
8.420330671	8.753600348
8.753600348	2.579669329
2.238289946	8.393265739
2.579669329	8.753600348
2.238832622	2.603305521
2.584433548	2.242221865
8.76102733	8.394820608
8.394820608	2.23897267
5.145997884	8.256715263
2.743284737	5.145997884
8.289421857	5.875735911
5.875735911	2.710578143
7.952001943	2.251590642
8.748409358	7.952001943
2.230689647	5.137210172
5.137210172	8.769310353
8.762259637	5.875792639
5.875792639	2.237740363
6.335507811	8.747938371
2.252061629	6.335507811
2.252061629	7.085507811
7.085507811	8.747938371
3.914492189	8.252061629
2.747938371	3.914492189
8.747938371	3.914492189
3.914492189	2.252061629
2.210901843	5.58024137
5.58024137	8.789098157
4.661746352	8.244830196
2.755169804	4.661746352
8.211668933	5.393856622
5.393856622	2.788331067
3.035556673	8.752979772
2.244544597	3.034157664
3.048125887	2.782829036
8.219575874	7.957402896
7.957402896	2.780424126
2.783013813	7.95220044
4.681001309	2.748867499
8.251132501	4.681001309
7.181001309	2.251132501
8.748867499	7.181001309
4.707425058	8.754846538
2.245153462	4.707425058
5.439712986	2.200924922
8.799075078	5.439712986
6.306583069	2.200686698
8.799313302	6.306583069
8.226575486	3.044220661
7.955779339	8.226575486
5.57732313	8.202544982
2.797455018	5.57732313
7.668668537	2.490122484
8.509877516	7.668668537
2.490122484	7.331331463
7.331331463	8.509877516
6.581331463	8.509877516
2.490122484	6.581331463
4.418668537	8.490122484
2.509877516	4.418668537
2.509877516	3.668668537
3.668668537	8.490122484
2.490122484	5.831331463
5.831331463	8.509877516
4.418668537	2.490122484
8.509877516	4.418668537
8.509877516	3.668668537
3.668668537	2.490122484
6.918668537	2.509877516
8.490122484	6.918668537
5.168668537	2.509877516
8.490122484	5.168668537
5.669000195	2.504554748
8.495445252	5.669000195
4.822893335	8.496673857
2.503326143	4.822893335
2.502306971	5.30306037
5.30306037	8.497693029
6.080999805	2.504554748
8.495445252	6.080999805
7.289921596	2.48274651
8.51725349	7.289921596
7.689214525	8.505460625
2.496207861	7.685959057
2.521403384	4.033215596
4.033215596	8.478596616
3.315322032	8.494327829
2.5	3.328450521
6.966784404	8.521403384
2.478596616	6.966784404
6.216784404	8.521403384
2.478596616	6.216784404
8.521403384	4.033215596
4.033215596	2.478596616
8.505460625	3.310785475
3.314416845	2.495502332
6.519927466	2.510311656
4.788452124	2.516410616
8.489688344	6.519927466
8.483589384	4.788452124
8.813587888	8.813587888
2.186412112	8.813587888
8.805769751	2.194230249
2.194230249	2.194230249
8.168417106	7.56657191
7.56657191	2.831582894
8.831582894	6.68342809
6.68342809	2.168417106
2.831582894	6.06657191
6.06657191	8.168417106
6.81657191	8.168417106
2.831582894	6.81657191
2.831582894	7.56657191
7.56657191	8.168417106
8.830818107	4.934417976
4.934417976	2.169181893
3.43342809	8.831582894
2.168417106	3.43342809
4.18342809	8.831582894
2.168417106	4.18342809
3.43342809	2.831582894
8.168417106	3.43342809
4.18342809	2.831582894
8.168417106	4.18342809
8.222916667	8.468462644
2.777083333	8.468462644
8.468462644	2.777083333
2.508836207	2.924640805
8.190851788	7.101046941
7.101046941	2.809148212
4.595003492	2.182372377
8.817627623	4.595003492
8.123428363	8.83126179
2.148956338	8.125
8.83126179	2.876571637
2.875	2.148956338
8.845300989	8.135497183
8.135497183	2.154699011
8.619041726	8.849606813
2.150393187	8.619041726
8.849606813	2.380958274
2.380958274	8.849606813
2.380958274	2.150393187
2.150393187	2.380958274
8.849606813	8.619041726
8.619041726	2.150393187
2.83425637	8.833199538
2.159922481	2.847596342
8.139894271	3.86260528
2.139894271	3.86260528
3.86260528	8.860105729
3.86260528	2.860105729
2.860105729	7.13739472
7.13739472	8.139894271
6.38739472	8.139894271
2.860105729	6.38739472
8.551165872	8.503311551
8.503311551	2.448834128
2.448776074	8.503179334
2.490702632	2.49611133
8.817282387	7.523475196
7.523475196	2.182717613
3.523475196	8.182717613
2.817282387	3.523475196
2.817282387	4.273475196
4.273475196	8.182717613
8.182717613	5.023475196
5.023475196	2.817282387
2.182717613	7.476524804
7.476524804	8.817282387
5.976524804	8.817282387
2.182717613	6.726524804
6.726524804	8.817282387
2.182717613	5.976524804
3.523475196	2.182717613
8.817282387	3.523475196
8.817282387	4.273475196
4.273475196	2.182717613
8.182717613	6.773475196
6.773475196	2.817282387
2.690186127	2.442105163
2.466937752	8.270636159
2.458075739	8.062982027
8.281773695	2.454518169
2.938383141	2.462884418
8.067054274	2.461449655
8.545481831	8.281773695
8.538550345	8.067054274
8.6304123	2.979441869
8.020558131	8.6304123
2.924572505	8.535338663
2.495274991	2.739522252
3.627859011	8.856651483
2.143348517	3.627859011
2.143264927	4.359658518
4.359658518	8.856735073
3.627859011	2.856651483
8.143348517	3.627859011
8.143449244	4.359695521
4.359695521	2.856550756
8.856674316	5.109994847
5.109994847	2.143325684
7.372140989	8.143348517
2.856651483	7.372140989
6.622140989	8.143348517
2.856651483	6.622140989
5.890066765	8.143206184
2.856793816	5.890066765
8.148745831	7.397115643
7.397115643	2.851254169
8.856550756	6.859695521
6.859695521	2.143449244
2.883192362	2.86341985
2.86341985	8.116807638
8.116807638	2.86341985
8.13658015	8.116807638
8.35951994	8.557175038
2.638983584	8.560265312
8.557175038	2.64048006
8.452304885	2.93264919
8.06735081	8.452304885
6.125	2.125027119
8.874972881	6.125
4.888238147	8.858442065
2.141557935	4.888238147
2.125027119	5.375
5.375	8.874972881
5.628745651	2.131026459
8.868973541	5.628745651
2.680208333	8.442564655
2.61524784	8.280123354
2.71212284	8.306021343
2.828125	8.382147989
2.763164507	8.219706688
8.286252451	8.308199913
8.383127451	8.282301924
8.319791667	8.442564655
8.245066529	8.211086209
8.181730744	8.37134894
8.308199913	2.713747549
8.282301924	2.616872549
8.442564655	2.680208333
8.211086209	2.754933471
8.37134894	2.818269256
6.10956699	2.404464525
5.978396222	2.371147556
6.006963408	2.271057333
8.595535475	6.10956699
8.628852444	5.978396222
8.728942667	6.006963408
5.753616739	2.269722996
5.772396417	2.371147556
5.650220518	2.403130189
8.730277004	5.753616739
8.628852444	5.772396417
8.596869811	5.650220518
2.266197638	5.252884666
2.366498309	5.220135271
2.402006301	5.335809765
5.252884666	8.733802362
5.220135271	8.633501691
5.335809765	8.597993699
7.442708333	2.45703125
7.527042602	2.397404992
7.584334269	2.549748742
8.54296875	7.442708333
8.602595008	7.527042602
8.450251258	7.584334269
4.192708333	2.45703125
4.277042602	2.397404992
4.334334269	2.549748742
8.54296875	4.192708333
8.602595008	4.277042602
8.450251258	4.334334269
3.442708333	8.45703125
3.527042602	8.397404992
3.584334269	8.549748742
2.54296875	4.192708333
2.602595008	4.277042602
2.450251258	4.334334269
4.192708333	8.45703125
4.277042602	8.397404992
4.334334269	8.549748742
2.54296875	3.442708333
2.602595008	3.527042602
2.450251258	3.584334269
3.442708333	2.45703125
3.527042602	2.397404992
3.584334269	2.549748742
8.54296875	3.442708333
8.602595008	3.527042602
8.450251258	3.584334269
8.549748742	5.084334269
8.397404992	5.027042602
8.45703125	4.942708333
5.084334269	2.450251258
5.027042602	2.602595008
4.942708333	2.54296875
6.807291667	8.54296875
6.722957398	8.602595008
6.665665731	8.450251258
2.45703125	6.057291667
2.397404992	5.972957398
2.549748742	5.915665731
6.057291667	8.54296875
5.972957398	8.602595008
5.915665731	8.450251258
2.45703125	6.807291667
2.397404992	6.722957398
2.549748742	6.665665731
7.557291667	8.54296875
7.472957398	8.602595008
7.415665731	8.450251258
2.45703125	7.557291667
2.397404992	7.472957398
2.549748742	7.415665731
8.549748742	6.834334269
8.397404992	6.777042602
8.45703125	6.692708333
6.834334269	2.450251258
6.777042602	2.602595008
6.692708333	2.54296875
5.87539632	2.369660045
5.772000098	2.503067237
8.630339955	5.87539632
8.496932763	5.772000098
5.977999902	2.503067237
8.496932763	5.977999902
2.366173695	5.082153264
2.501982357	5.165078363
5.082153264	8.633826305
5.165078363	8.498017643
2.746376213	2.63954476
2.784054168	2.761034993
2.666488711	2.757676434
5.442271195	8.139941661
5.317271195	8.139941661
2.860058339	5.442271195
2.860058339	5.317271195
2.866689628	4.941674377
2.866689628	4.816674377
4.941674377	8.133310372
4.816674377	8.133310372
8.137382956	5.555727188
8.137382956	5.680727188
5.555727188	2.862617044
5.680727188	2.862617044
8.130938154	6.0718485
8.130938154	6.1968485
6.0718485	2.869061846
6.1968485	2.869061846
7.613262402	8.908641194
7.545554069	8.756297444
7.682291667	8.84765625
2.091358806	7.613262402
2.243702556	7.545554069
2.15234375	7.682291667
6.113262402	8.908641194
6.045554069	8.756297444
6.182291667	8.84765625
2.091358806	6.863262402
2.243702556	6.795554069
2.15234375	6.932291667
6.863262402	8.908641194
6.795554069	8.756297444
6.932291667	8.84765625
2.091358806	6.113262402
2.243702556	6.045554069
2.15234375	6.182291667
4.817708333	2.84765625
4.954445931	2.756297444
4.886737598	2.908641194
8.15234375	4.817708333
8.243702556	4.954445931
8.091358806	4.886737598
6.567708333	2.84765625
6.704445931	2.756297444
6.636737598	2.908641194
2.908641194	3.386737598
2.756297444	3.454445931
2.84765625	3.317708333
8.15234375	6.567708333
8.243702556	6.704445931
8.091358806	6.636737598
3.386737598	8.091358806
3.454445931	8.243702556
3.317708333	8.15234375
2.908641194	4.136737598
2.756297444	4.204445931
2.84765625	4.067708333
4.136737598	8.091358806
4.204445931	8.243702556
4.067708333	8.15234375
8.908641194	3.386737598
8.756297444	3.454445931
8.84765625	3.317708333
3.386737598	2.091358806
3.454445931	2.243702556
3.317708333	2.15234375
8.908641194	4.136737598
8.756297444	4.204445931
8.84765625	4.067708333
4.136737598	2.091358806
4.204445931	2.243702556
4.067708333	2.15234375
8.908641194	7.386737598
8.756297444	7.454445931
8.84765625	7.317708333
7.386737598	2.091358806
7.454445931	2.243702556
7.317708333	2.15234375
2.618352699	4.853121045
2.629247974	4.742319843
2.74427453	4.772547554
4.853121045	8.381647301
4.742319843	8.370752026
4.772547554	8.25572547
2.293065903	7.760205694
2.140722153	7.827914028
7.741605286	8.722819454
7.80931362	8.875163204
8.722819454	3.258394714
8.875163204	3.19068638
3.243404464	2.28629
3.175696131	2.13394625
4.715500654	2.874433749
4.783208988	2.722089999
8.125566251	4.715500654
8.277910001	4.783208988
8.722089999	7.283208988
8.874433749	7.215500654
7.283208988	2.277910001
7.215500654	2.125566251
7.533109642	2.295188664
7.674735578	2.387906156
8.704811336	7.533109642
8.612093844	7.674735578
3.532303221	8.293997793
3.673929156	8.386715285
2.706002207	3.532303221
2.613284715	3.673929156
2.706306759	4.282198818
2.613589267	4.423824754
4.282198818	8.293693241
4.423824754	8.386410733
8.705783981	4.281469258
8.613066489	4.423095193
4.281469258	2.294216019
4.423095193	2.386933511
3.532303221	2.293997793
3.673929156	2.386715285
8.706002207	3.532303221
8.613284715	3.673929156
8.386649236	5.17439205
8.293931744	5.032766114
5.17439205	2.613350764
5.032766114	2.706068256
5.968530742	8.705783981
5.826904807	8.613066489
2.294216019	5.968530742
2.386933511	5.826904807
6.717696779	8.706002207
6.576070844	8.613284715
2.293997793	6.717696779
2.386715285	6.576070844
7.467696779	8.706002207
7.326070844	8.613284715
2.293997793	7.467696779
2.386715285	7.326070844
8.386933511	6.923095193
8.294216019	6.781469258
6.923095193	2.613066489
6.781469258	2.705783981
2.270992063	5.02365439
2.40647611	4.968597482
5.02365439	8.729007937
4.968597482	8.59352389
2.50120676	4.713697145
2.627128591	4.633123654
4.713697145	8.49879324
4.633123654	8.372871409
5.08654712	8.37752876
5.224529127	8.377204146
2.62247124	5.08654712
2.622795854	5.224529127
5.875367956	2.606078935
5.772368053	2.607566446
8.393921065	5.875367956
8.392433554	5.772368053
5.978367858	2.607566446
8.392433554	5.978367858
3.252097884	8.275010069
3.18438955	8.122666319
2.722648462	3.252400034
2.874992212	3.184691701
5.34380138	8.388788175
5.265270138	8.268299292
2.611211825	5.34380138
2.731700708	5.265270138
8.385105582	5.640227286
8.282093885	5.743595144
5.640227286	2.614894418
5.743595144	2.717906115
8.275649082	6.009716456
8.37866078	6.112348403
6.009716456	2.724350918
6.112348403	2.62133922
6.450778573	2.86647934
6.518486906	2.71413559
8.13352066	6.450778573
8.28586441	6.518486906
7.394960798	2.546060755
7.337669131	2.393717005
8.453939245	7.394960798
8.606282995	7.337669131
4.141607798	2.543985808
4.084316131	2.391642058
8.456014192	4.141607798
8.608357942	4.084316131
8.448042813	3.405392738
8.600386563	3.348101071
3.407208423	2.552438666
3.349916756	2.400094916
4.141607798	8.543985808
4.084316131	8.391642058
2.456014192	4.141607798
2.608357942	4.084316131
3.407661016	8.551851414
3.35036935	8.399507664
2.4453125	3.41422526
2.59765625	3.356933594
7.594607262	8.448042813
7.651898929	8.600386563
2.552791431	7.592979528
2.400447681	7.650271195
6.858392202	8.456014192
6.915683869	8.608357942
2.543985808	6.858392202
2.391642058	6.915683869
8.394138442	4.836934395
8.546482192	4.894226062
4.836934395	2.605861558
4.894226062	2.453517808
2.543985808	6.108392202
2.391642058	6.165683869
6.108392202	8.456014192
6.165683869	8.608357942
8.397187922	6.577672067
8.549531672	6.634963733
6.577672067	2.602812078
6.634963733	2.450468328
4.808761833	8.72177603
4.765159196	8.625760197
4.866495971	8.592689689
2.27822397	4.808761833
2.374239803	4.765159196
2.407310311	4.866495971
4.655963007	8.62787958
2.37212042	4.655963007
7.778920882	8.627893517
2.388826084	7.795893556
8.627893517	3.221079118
3.207904554	2.381697416
7.87320666	8.610318035
7.783500302	8.487885144
2.390722153	7.890414028
2.498103931	7.780479528
8.610318035	3.12679334
8.487885144	3.216499698
3.113196131	2.38394625
3.219708423	2.497751166
5.418419364	2.350410709
5.535576913	2.251315276
5.514283291	2.400801063
8.649589291	5.418419364
8.748684724	5.535576913
8.599198937	5.514283291
6.219956432	2.384345098
6.222358623	2.2525305
6.304180879	2.332501295
8.615654902	6.219956432
8.7474695	6.222358623
8.667498705	6.304180879
2.278374564	6.975045572
2.126030814	7.042753905
6.225045572	8.721625436
6.292753905	8.873969186
6.975045572	8.721625436
7.042753905	8.873969186
2.278374564	6.225045572
2.126030814	6.292753905
4.024954428	8.278374564
3.957246095	8.126030814
2.721625436	4.024954428
2.873969186	3.957246095
8.721625436	4.024954428
8.873969186	3.957246095
4.024954428	2.278374564
3.957246095	2.126030814
2.357171021	5.587133239
2.256303736	5.474400265
2.402572914	5.481292134
5.587133239	8.642828979
5.474400265	8.743696264
5.481292134	8.597427086
7.851000972	2.125795321
7.816402281	2.268640235
7.715401309	2.142844914
8.874204679	7.851000972
8.731359765	7.816402281
8.857155086	7.715401309
5.197998942	8.128357631
2.871642369	5.197998942
8.144710928	5.812867956
5.812867956	2.855289072
2.871642369	5.072998942
2.738331996	5.01467332
5.072998942	8.128357631
5.01467332	8.261668004
8.144710928	5.937867956
5.937867956	2.855289072
2.611778438	5.489283749
2.758785848	5.48093276
2.650447608	5.585674119
5.489283749	8.388221562
5.48093276	8.241214152
5.585674119	8.349552392
8.264458814	6.272627074
8.13352066	6.325778573
6.272627074	2.735541186
6.325778573	2.86647934
7.488262402	8.908641194
2.091358806	7.488262402
5.988262402	8.908641194
2.091358806	5.988262402
6.738262402	8.908641194
2.091358806	6.738262402
8.091358806	5.011737598
5.011737598	2.908641194
6.761737598	2.908641194
8.091358806	6.761737598
2.908641194	3.511737598
3.511737598	8.091358806
2.908641194	4.261737598
4.261737598	8.091358806
8.908641194	3.511737598
3.511737598	2.091358806
8.908641194	4.261737598
4.261737598	2.091358806
8.908641194	7.511737598
7.511737598	2.091358806
3.002083333	8.397916667
2.998972884	8.270582986
3.12188955	8.372666319
8.621353548	4.517775231
8.766941543	4.511262671
8.672039629	4.601516053
4.517775231	2.378646452
4.511262671	2.233058457
4.601516053	2.327960371
7.104537777	2.667799923
7.014284395	2.762701837
7.017775231	2.621353548
8.332200077	7.104537777
8.237298163	7.014284395
8.378646452	7.017775231
2.49853721	3.026203414
2.629410315	3.022012103
2.619111319	3.123574712
2.727075545	2.999275034
2.606501437	2.901903736
5.504290059	2.612565292
5.502655499	2.756782577
5.395491182	2.644113781
8.387434708	5.504290059
8.243217423	5.502655499
8.355886219	5.395491182
8.611207932	7.144514961
8.633060494	7.235461452
8.495400928	7.198975105
7.144514961	2.388792068
7.235461452	2.366939506
7.198975105	2.504599072
8.505020509	4.698240369
8.367360943	4.734726716
8.388792068	4.644514961
4.698240369	2.494979491
4.734726716	2.632639057
4.644514961	2.611207932
6.351667917	2.598637287
6.222737844	2.601219792
8.401362713	6.351667917
8.398780208	6.222737844
2.502491943	4.924994846
4.924994846	8.497508057
2.502873585	5.448542739
5.448542739	8.497126415
5.533062969	2.502225622
8.497774378	5.533062969
6.191389246	2.48443532
8.51556468	6.191389246
3.217050566	8.369830234
3.220161016	8.497163914
2.624992212	3.223916961
2.494119107	3.228108272
2.617518499	4.955222556
4.955222556	8.382481501
6.410853077	2.487313775
6.460742306	2.621635169
8.512686225	6.410853077
8.378364831	6.460742306
8.771963954	4.681408761
8.626375959	4.687921322
4.681408761	2.228036046
4.687921322	2.373624041
8.375731225	7.191595002
8.234382937	7.188104165
7.191595002	2.624268775
7.188104165	2.765617063
8.626366606	3.88488824
8.634670878	3.973853893
8.513099113	3.944249944
3.88488824	2.373633394
3.973853893	2.365329122
3.944249944	2.486900887
2.626366606	3.88488824
2.634670878	3.973853893
2.513099113	3.944249944
3.88488824	8.373633394
3.973853893	8.365329122
3.944249944	8.486900887
6.36511176	8.626366606
6.276146107	8.634670878
6.305750056	8.513099113
2.373633394	6.36511176
2.365329122	6.276146107
2.486900887	6.305750056
2.373633394	7.11511176
2.365329122	7.026146107
2.486900887	7.055750056
7.11511176	8.626366606
7.026146107	8.634670878
7.055750056	8.513099113
2.964412887	2.296047699
3.019887702	2.365388459
2.882908326	2.393543657
2.303402824	8.030306163
2.369760022	7.984405041
2.39171854	8.108883149
3.142778336	8.876489886
3.148220752	8.742316782
3.255442416	8.865826896
2.122272299	3.142078832
2.256445402	3.147521247
2.134173104	3.255442416
5.538661565	8.101272491
2.898727509	5.538661565
8.186714181	8.915630895
8.271879517	8.792431069
8.335165335	8.876800174
2.074478169	8.1875
2.193623142	8.25913287
2.119144973	8.32163287
8.915630895	2.813285819
8.792431069	2.728120483
8.876800174	2.664834665
2.8125	2.074478169
2.729716774	2.195589101
2.667216774	2.121110933
8.322410304	2.119486335
8.265158896	2.19683584
8.192748592	2.077349505
8.880513665	8.322410304
8.80316416	8.265158896
8.922650495	8.192748592
3.017778336	8.876489886
2.122272299	3.017078832
3.024786252	8.517669332
2.901869586	8.415585998
2.599720829	2.809344459
2.562042873	2.687854227
7.976000972	2.125795321
8.874204679	7.976000972
2.851216756	2.236579617
2.988196131	2.208424419
2.23715884	8.139892135
2.215200322	8.015414028
4.705873176	8.122415098
2.877584902	4.705873176
8.105834466	5.446928311
5.446928311	2.894165534
2.777063898	2.542504241
2.814284634	2.452494791
2.901162406	2.552893868
5.286986092	2.75257754
5.288620652	2.608360254
8.24742246	5.286986092
8.391639746	5.288620652
4.516740963	8.391805803
4.545363661	8.263764589
2.608194197	4.516740963
2.736235411	4.545363661
2.659498441	2.539145683
2.393592368	5.708251629
2.24732319	5.70135976
5.708251629	8.606407632
5.70135976	8.75267681
3.086562944	2.641414518
2.956033779	2.712866177
2.994470835	2.571451659
2.641506906	7.91360022
2.715088079	8.047890241
2.573581173	8.009290021
8.014121001	2.585671489
8.052670039	2.715417945
7.918853858	2.65067767
8.414328511	8.014121001
8.284582055	8.052670039
8.34932233	7.918853858
8.610743378	3.767237033
8.732315143	3.796840982
3.767237033	2.389256622
3.796840982	2.267684857
3.767237033	8.389256622
3.796840982	8.267684857
2.610743378	3.767237033
2.732315143	3.796840982
2.389256622	7.232762967
2.267684857	7.203159018
6.482762967	8.610743378
6.453159018	8.732315143
2.389256622	6.482762967
2.267684857	6.453159018
7.232762967	8.610743378
7.203159018	8.732315143
8.460165335	8.876800174
2.119144973	8.44663287
8.876800174	2.539834665
2.542216774	2.121110933
2.119416311	2.551652761
2.119416311	2.676652761
2.539834665	8.876800174
2.664834665	8.876800174
8.447410304	2.119486335
8.880513665	8.447410304
2.199377551	2.725450931
2.079961241	2.798798171
2.70696285	8.793399943
2.792128185	8.916599769
6.417753905	8.873969186
6.535405112	8.858345957
2.126030814	6.417753905
2.141654043	6.535405112
2.126030814	7.167753905
2.141654043	7.285405112
7.167753905	8.873969186
7.285405112	8.858345957
3.832246095	8.126030814
3.714594888	8.141654043
2.873969186	3.832246095
2.858345957	3.714594888
3.832246095	2.126030814
3.714594888	2.141654043
8.873969186	3.832246095
8.858345957	3.714594888
5.671233618	8.240295262
5.679584607	8.387302671
2.759704738	5.671233618
2.612697329	5.679584607
7.780553719	2.403310521
7.916153381	2.386260928
8.596689479	7.780553719
8.613739072	7.916153381
7.808450624	8.369327935
7.847447254	8.247460847
7.916782709	8.348442574
8.369327935	3.191549376
8.247460847	3.152552746
8.348442574	3.083217291
8.134173104	7.744557584
8.243961041	7.848259032
8.109787937	7.853701448
7.744557584	2.865826896
7.848259032	2.756038959
7.853701448	2.890212063
2.891506906	7.85110022
2.757333802	7.845657804
2.865826896	7.744557584
3.149062944	2.891414518
3.154505359	2.757241414
3.255442416	2.865826896
8.303425246	8.698717164
8.154974092	8.737547886
8.698717164	2.696574754
8.737547886	2.845025908
2.281825644	8.274025005
2.70593353	2.283212381
8.153847992	2.24385343
8.283509705	2.285990259
8.75614657	8.153847992
8.714009741	8.283509705
2.105450922	5.665120685
2.141872269	5.786239076
5.665120685	8.894549078
5.786239076	8.858127731
2.386570525	3.933084561
2.288129187	3.88096111
2.406353503	3.80316084
3.933084561	8.613429475
3.88096111	8.711870813
3.80316084	8.593646497
8.386570525	3.933084561
8.288129187	3.88096111
8.406353503	3.80316084
3.933084561	2.613429475
3.88096111	2.711870813
3.80316084	2.593646497
6.316915439	8.386570525
6.36903889	8.288129187
6.44683916	8.406353503
2.613429475	6.316915439
2.711870813	6.36903889
2.593646497	6.44683916
2.613429475	7.066915439
2.711870813	7.11903889
2.593646497	7.19683916
7.066915439	8.386570525
7.11903889	8.288129187
7.19683916	8.406353503
8.011565074	8.339440185
7.972568445	8.461307273
8.339440185	2.988434926
8.461307273	3.027431555
5.315918537	2.389408391
5.337212159	2.239922605
8.610591609	5.315918537
8.760077395	5.337212159
4.594255917	8.737997527
4.542793865	8.611030569
2.262002473	4.594255917
2.388969431	4.542793865
6.40873395	2.234516453
6.40633176	2.36633105
8.765483547	6.40873395
8.63366895	6.40633176
2.366391406	3.080961843
2.376690402	2.979399234
8.596084026	7.044811536
8.733743592	7.081297884
7.044811536	2.403915974
7.081297884	2.266256408
8.266256408	4.581297884
8.403915974	4.544811536
4.581297884	2.733743592
4.544811536	2.596084026
8.109787937	7.978701448
7.978701448	2.890212063
2.891506906	7.97610022
3.024062944	2.891414518
7.602138907	2.23420372
7.636737598	2.091358806
8.76579628	7.602138907
8.908641194	7.636737598
4.463760924	2.141872269
4.350498522	2.233231075
4.386737598	2.091358806
8.858127731	4.463760924
8.766768925	4.350498522
8.908641194	4.386737598
3.601332485	2.233012849
3.636737598	2.091358806
8.766987151	3.601332485
8.908641194	3.636737598
4.464490485	8.141349491
4.351228083	8.232708298
4.386737598	8.091358806
2.858650509	4.464490485
2.767291702	4.351228083
2.908641194	4.386737598
3.601332485	8.233012849
3.636737598	8.091358806
2.766987151	3.601332485
2.908641194	3.636737598
8.091358806	5.136737598
8.2329468	5.101795379
8.141587994	5.215057781
5.136737598	2.908641194
5.101795379	2.7670532
5.215057781	2.858412006
6.648667515	8.766987151
6.613262402	8.908641194
2.233012849	6.648667515
2.091358806	6.613262402
2.233231075	5.899501478
2.091358806	5.863262402
5.899501478	8.766768925
5.863262402	8.908641194
2.233012849	7.398667515
2.091358806	7.363262402
7.398667515	8.766987151
7.363262402	8.908641194
8.091358806	6.886737598
8.233231075	6.850498522
8.141872269	6.963760924
6.886737598	2.908641194
6.850498522	2.766768925
6.963760924	2.858127731
2.758809819	2.38315403
8.44906608	2.343903399
8.392542623	2.451676149
8.338297152	2.346745419
8.656096601	8.44906608
8.548323851	8.392542623
8.653254581	8.338297152
2.352613849	8.331950949
2.457856913	8.386907747
2.34353301	8.448222537
8.226986248	2.393763009
8.606236991	8.226986248
2.396149547	8.212710215
8.541604729	8.708239568
8.485748271	8.62845595
8.60702233	8.58309517
8.708239568	2.458395271
8.62845595	2.514251729
8.58309517	2.39297767
2.392948643	8.583029061
2.514222701	8.628389841
2.458395271	8.708239568
2.46077738	2.289671539
2.53756809	2.369166598
2.413911922	2.416616271
2.615826896	7.807057584
7.809709994	2.626292503
8.373707497	7.809709994
3.192942416	2.615826896
4.580873176	8.122415098
2.877584902	4.580873176
8.105834466	5.321928311
5.321928311	2.894165534
2.637309837	2.342163514
2.590444379	2.469108247
8.389925305	8.655387693
8.455342906	8.530243295
8.655387693	2.610074695
8.530243295	2.544657094
2.543879829	8.531722323
2.609326457	8.65693283
3.192942416	8.615826896
3.080278336	8.626489886
2.378292211	3.194325427
2.285314232	2.714270365
2.367053806	2.671413886
2.413535416	2.782378731
2.364767627	2.549708426
2.492988811	2.617816791
3.03169157	2.481442209
2.525135543	8.343651413
2.557050049	8.207108101
2.552619043	8.103281035
2.479037869	7.968991014
8.214855439	2.552464967
8.349220181	2.518925751
8.447535033	8.214855439
8.481074249	8.349220181
7.973679547	2.491190434
8.107495728	2.55593071
8.508809566	7.973679547
8.44406929	8.107495728
3.05938955	8.122666319
2.874992212	3.059691701
2.140722153	7.952914028
7.93431362	8.875163204
3.050696131	2.13394625
8.875163204	3.06568638
4.490797229	2.859309843
4.590500654	2.874433749
8.140690157	4.490797229
8.125566251	4.590500654
8.874433749	7.090500654
8.859309843	6.990797229
7.090500654	2.125566251
6.990797229	2.140690157
2.816588392	2.991401626
2.941596181	2.931709925
2.991099475	8.181070138
2.931709925	8.058403819
2.82015611	8.746308553
2.692862589	8.706508958
2.245859162	2.836415776
6.505442416	2.134173104
6.403291535	2.100343349
8.865826896	6.505442416
8.899656651	6.403291535
2.139425742	4.490543388
2.122576731	4.603712529
4.490543388	8.860574258
4.603712529	8.877423269
5.344856493	2.100462461
5.242355666	2.139460144
8.899537539	5.344856493
8.860539856	5.242355666
2.420316025	2.874938007
2.28817022	2.929696437
2.793679514	2.871293258
2.871293258	8.206320486
8.269685416	7.448557821
8.213329958	7.336138516
8.334269542	7.387580695
7.448557821	2.730314584
7.336138516	2.786670042
7.387580695	2.665730458
8.732962878	6.804847761
8.787585221	6.92064499
8.663997343	6.865797229
6.804847761	2.267037122
6.92064499	2.212414779
6.865797229	2.336002657
2.665664729	5.882572053
2.789374137	5.827605435
2.733084408	5.945033382
5.882572053	8.334335271
5.827605435	8.210625863
5.945033382	8.266915592
2.650731417	6.624481306
2.774369659	6.5605518
2.733013241	6.686070494
6.624481306	8.349268583
6.5605518	8.225630341
6.686070494	8.266986759
7.374481306	8.349268583
7.3105518	8.225630341
7.436070494	8.266986759
2.650731417	7.374481306
2.774369659	7.3105518
2.733013241	7.436070494
5.054997424	2.266975342
5.17235309	2.211122985
5.117355666	2.334772644
8.733024658	5.054997424
8.788877015	5.17235309
8.665227356	5.117355666
3.625518694	8.650731417
3.6894482	8.774369659
3.563929506	8.733013241
4.365543388	8.665261758
4.420372646	8.788941794
4.304829259	8.733055037
2.334738242	4.365543388
2.211058206	4.420372646
2.266944963	4.304829259
2.349268583	3.625518694
2.225630341	3.6894482
2.266986759	3.563929506
3.625518694	2.650731417
3.6894482	2.774369659
3.563929506	2.733013241
8.336002657	4.365797229
8.212414779	4.42064499
8.267037122	4.304847761
4.365797229	2.663997343
4.42064499	2.787585221
4.304847761	2.732962878
8.349268583	3.625518694
8.225630341	3.6894482
8.266986759	3.563929506
4.547501746	2.091186188
8.908813812	4.547501746
8.095425894	7.050523471
7.050523471	2.904574106
8.084208553	7.658285955
8.218381657	7.652843539
7.658285955	2.915791447
7.652843539	2.781618343
2.218381657	3.347156461
2.084208553	3.341714045
2.134173104	4.005442416
2.218381657	4.097156461
2.084208553	4.091714045
4.005442416	8.865826896
4.097156461	8.781618343
4.091714045	8.915791447
3.347156461	8.781618343
3.341714045	8.915791447
8.134173104	4.005442416
8.218381657	4.097156461
8.084208553	4.091714045
3.347156461	2.781618343
3.341714045	2.915791447
8.134173104	3.255442416
8.218381657	3.347156461
8.084208553	3.341714045
4.005442416	2.865826896
4.097156461	2.781618343
4.091714045	2.915791447
4.842208988	2.084590946
4.851116003	2.221440805
4.758907015	2.136849858
8.915409054	4.842208988
8.778559195	4.851116003
8.863150142	4.758907015
2.781618343	7.652843539
2.915791447	7.658285955
7.744557584	8.134173104
7.652843539	8.218381657
7.658285955	8.084208553
2.865826896	6.994557584
2.781618343	6.902843539
2.915791447	6.908285955
6.244557584	8.134173104
6.152843539	8.218381657
6.158285955	8.084208553
2.865826896	6.244557584
2.781618343	6.152843539
2.915791447	6.158285955
6.994557584	8.134173104
6.902843539	8.218381657
6.908285955	8.084208553
6.591714045	2.084208553
6.597156461	2.218381657
8.915791447	6.591714045
8.781618343	6.597156461
2.105450922	5.540120685
5.540120685	8.894549078
8.881129818	5.93789632
8.881129818	5.81289632
5.93789632	2.118870182
5.81289632	2.118870182
5.068605086	8.884655176
5.193605086	8.884655176
2.115344824	5.068605086
2.115344824	5.193605086
7.852889669	8.113287743
8.113287743	3.147110331
8.494473151	7.774486678
7.774486678	2.505526849
4.513348575	2.481835425
8.518164575	4.513348575
4.511584746	8.495517553
2.504482447	4.511584746
3.761976414	8.492663821
2.507336179	3.761976414
3.761976414	2.492663821
8.507336179	3.761976414
5.282897139	2.504887006
8.495112994	5.282897139
6.488023586	8.507336179
2.492663821	6.488023586
2.492663821	7.238023586
7.238023586	8.507336179
2.496781341	5.712678285
5.712678285	8.503218659
7.013348575	2.518164575
8.481835425	7.013348575
2.860977229	5.757572053
2.898727509	5.663661565
5.757572053	8.139022771
5.663661565	8.101272491
6.278291535	2.100343349
8.899656651	6.278291535
2.122576731	4.728712529
4.728712529	8.877423269
5.469856493	2.100462461
8.899537539	5.469856493
2.873567016	2.753161584
2.755291098	8.13019384
8.195521437	2.861437514
8.13237241	2.756915807
8.138562486	8.195521437
8.243084193	8.13237241
8.279521053	7.533285955
8.158581468	7.481843776
7.533285955	2.720478947
7.481843776	2.841418532
8.720478947	6.716714045
8.844066825	6.771561806
6.716714045	2.279521053
6.771561806	2.155933175
5.978319337	8.155811645
6.033285955	8.279521053
2.844188355	5.978319337
2.720478947	6.033285955
2.844117189	6.719356449
2.720478947	6.783285955
6.719356449	8.155882811
6.783285955	8.279521053
2.844117189	7.469356449
2.720478947	7.533285955
7.469356449	8.155882811
7.533285955	8.279521053
4.967208988	2.279903446
5.022206412	2.156253788
8.720096554	4.967208988
8.843746212	5.022206412
8.155933175	4.271561806
8.279521053	4.216714045
4.271561806	2.844066825
4.216714045	2.720478947
3.530643551	2.844117189
3.466714045	2.720478947
8.155882811	3.530643551
8.279521053	3.466714045
4.271543304	8.844158984
4.216714045	8.720478947
2.155841016	4.271543304
2.279521053	4.216714045
3.530643551	8.844117189
3.466714045	8.720478947
2.155882811	3.530643551
2.279521053	3.466714045
2.980064589	8.644159218
8.084208553	4.216714045
2.084208553	4.216714045
2.084208553	3.466714045
4.216714045	8.915791447
4.216714045	2.915791447
3.466714045	8.915791447
3.466714045	2.915791447
8.084208553	3.466714045
8.084208553	7.533285955
7.533285955	2.915791447
4.967208988	2.084590946
8.915409054	4.967208988
2.915791447	7.533285955
7.533285955	8.084208553
2.915791447	6.783285955
6.033285955	8.084208553
6.783285955	8.084208553
2.915791447	6.033285955
6.716714045	2.084208553
8.915791447	6.716714045
7.977889669	8.113287743
8.113287743	3.022110331
8.781793944	8.906793944
8.906793944	8.906793944
8.906793944	8.781793944
8.902884876	2.097115124
8.777884876	2.097115124
2.093206056	8.781793944
2.093206056	8.906793944
8.902884876	2.222115124
2.218206056	8.906793944
2.097115124	2.097115124
2.097115124	2.222115124
2.222115124	2.097115124
7.996027801	8.790794099
8.061714181	8.915630895
2.074478169	8.0625
8.790794099	3.003972199
8.915630895	2.938285819
2.9375	2.074478169
6.950131498	2.395628915
8.604371085	6.950131498
7.290147037	8.408894841
2.591105159	7.290147037
6.540147037	8.408894841
2.591105159	6.540147037
2.606038471	5.798237784
5.798237784	8.393961529
4.449877656	8.6056355
2.3943645	4.449877656
2.408894841	3.709852963
3.709852963	8.591105159
5.201689934	2.394398901
8.605601099	5.201689934
4.450131498	2.604371085
8.395628915	4.450131498
3.709852963	2.591105159
8.408894841	3.709852963
8.389111862	7.703891853
7.703891853	2.610888138
8.329485604	7.619557584
7.619557584	2.670514396
8.36327006	2.896052184
8.250405361	2.95183792
8.103947816	8.36327006
8.04816208	8.250405361
7.282541493	2.602416213
8.397583787	7.282541493
7.714164847	8.386903417
2.613930827	7.712537113
7.619557584	8.329485604
2.670514396	7.619557584
6.869557584	8.329485604
6.977949786	8.394874796
2.605125204	6.977949786
4.130442416	8.670514396
4.022050214	8.605125204
3.380442416	8.670514396
3.288103432	8.61299081
2.670514396	6.869557584
2.394874796	4.022050214
2.329485604	4.130442416
6.227949786	8.394874796
2.329485604	3.380442416
2.384173104	3.294667676
2.605125204	6.227949786
2.670514396	6.119557584
6.119557584	8.329485604
4.130442416	2.670514396
4.022050214	2.605125204
8.394874796	4.022050214
8.329485604	4.130442416
3.380442416	2.670514396
3.287650838	2.613578062
8.386903417	3.285835153
8.329485604	3.380442416
6.515406149	2.389328932
8.610671068	6.515406149
8.670514396	6.630442416
6.630442416	2.329485604
4.778133077	2.395055166
8.604944834	4.778133077
8.667837642	4.883907015
4.883907015	2.332162358
8.93748644	6.0625
8.818616259	6.00039632
6.0625	2.06251356
6.00039632	2.181383741
8.785299289	6.131567088
6.131567088	2.214700711
4.944119073	8.929221033
5.012724159	8.813876209
2.070778967	4.944119073
2.186123791	5.012724159
4.899168377	8.773573794
2.226426206	4.899168377
2.213366374	5.37177958
2.177858383	5.256105086
5.37177958	8.786633626
5.256105086	8.822141617
2.06251356	5.3125
5.3125	8.93748644
5.630093245	2.216366044
5.752269145	2.184383411
8.783633956	5.630093245
8.815616589	5.752269145
8.934486771	5.689372826
5.689372826	2.065513229
8.095425894	7.175523471
8.138957042	7.262580695
7.175523471	2.904574106
7.262580695	2.861042958
4.672501746	2.091186188
8.908813812	4.672501746
7.944592685	8.690369354
8.071993247	8.730837045
8.690369354	3.055407315
8.730837045	2.928006753
8.119626538	2.397228752
8.009528109	2.356520149
8.062100372	2.292299245
8.602771248	8.119626538
8.643479851	8.009528109
8.707700755	8.062100372
8.20412024	3.936745056
8.223903218	3.806821334
3.936745056	2.79587976
3.806821334	2.776096782
2.20412024	3.936745056
2.223903218	3.806821334
3.936745056	8.79587976
3.806821334	8.776096782
6.313254944	8.20412024
6.443178666	8.223903218
2.79587976	6.313254944
2.776096782	6.443178666
2.79587976	7.063254944
2.776096782	7.193178666
7.063254944	8.20412024
7.193178666	8.223903218
8.074372916	7.323557821
7.323557821	2.925627084
8.928275378	6.929847761
6.929847761	2.071724622
5.820033382	8.071603092
2.928396908	5.820033382
8.928337158	5.179997424
5.179997424	2.071662842
2.071632463	4.429829259
4.429829259	8.928367537
8.071724622	4.429847761
4.429847761	2.928275378
2.069947136	3.93130264
3.93130264	8.930052864
2.930052864	6.31869736
6.31869736	8.069947136
2.930052864	7.06869736
7.06869736	8.069947136
8.069947136	3.93130264
3.93130264	2.930052864
7.949172105	8.550360981
8.550360981	3.050827895
8.519686198	8.80160358
8.559520863	8.924803406
2.480313802	8.80160358
2.359039743	8.7562428
8.7562428	2.359039743
8.80160358	2.480313802
2.194341567	8.506153733
2.075196594	8.559520863
8.640960257	8.7562428
2.440479137	8.924803406
8.924803406	2.440479137
2.075196594	2.440479137
2.194612904	2.492131897
2.287976917	2.470213367
2.2437572	2.359039743
2.359039743	2.2437572
2.482695911	2.196307526
2.440479137	2.075196594
2.2437572	8.640960257
2.287705579	8.528072263
8.924803406	8.559520863
8.805317072	8.506931167
8.711953059	8.528849698
8.7562428	8.640960257
8.559520863	2.075196594
8.506931167	2.194682928
8.528849698	2.288046941
8.640960257	2.2437572
8.796855173	8.043749563
8.043749563	2.203144827
8.922650495	8.067748592
8.067748592	2.077349505
2.865314177	8.597378116
2.920806261	8.70619867
8.273019881	8.600504509
8.600504509	2.726980119
2.722519717	8.60984144
2.516054703	8.459923001
8.459989109	2.516083731
8.483916269	8.459989109
2.559756694	2.566148766
2.06251356	5.4375
2.167964481	5.477620685
5.4375	8.93748644
5.477620685	8.832035519
2.917128185	8.916599769
2.079961241	2.923798171
8.684520863	8.924803406
2.075196594	8.684520863
8.924803406	8.684520863
8.684520863	2.075196594
8.924803406	2.315479137
2.315479137	8.924803406
2.075196594	2.315479137
2.315479137	2.075196594
8.103538977	8.63712314
8.63712314	2.896461023
2.930052864	6.44369736
6.44369736	8.069947136
2.930052864	7.19369736
7.19369736	8.069947136
2.069947136	3.80630264
3.80630264	8.930052864
8.069947136	3.80630264
3.80630264	2.930052864
2.071674259	3.688929506
2.141621394	3.745232146
3.688929506	8.928325741
3.745232146	8.858378606
3.688929506	2.928325741
3.745232146	2.858378606
8.071674259	3.688929506
8.141621394	3.745232146
7.254767854	8.141621394
7.311070494	8.071674259
2.858378606	7.254767854
2.928325741	7.311070494
6.504767854	8.141621394
6.561070494	8.071674259
2.858378606	6.504767854
2.928325741	6.561070494
2.071632463	4.304829259
2.071674259	3.563929506
3.563929506	8.928325741
4.304829259	8.928367537
3.563929506	2.928325741
8.071674259	3.563929506
4.304847761	2.928275378
8.071724622	4.304847761
8.928337158	5.054997424
5.054997424	2.071662842
2.928325741	7.436070494
7.436070494	8.071674259
6.686070494	8.071674259
2.928325741	6.686070494
5.945033382	8.071603092
2.928396908	5.945033382
7.448557821	2.925627084
8.074372916	7.448557821
6.804847761	2.071724622
8.928275378	6.804847761
5.564372826	2.065513229
8.934486771	5.564372826
6.1875	2.06251356
8.93748644	6.1875
2.070778967	4.819119073
4.819119073	8.929221033
2.850827919	8.501900654
2.502055599	2.832081528
8.126935316	8.548069433
8.145133738	8.460383764
8.204718244	8.556148312
8.548069433	2.873064684
8.460383764	2.854866262
8.556148312	2.795281756
8.04395447	8.541358592
8.541358592	2.95604553
8.388093303	8.486920852
8.486920852	2.611906697
2.611158459	8.488465989
2.934906522	8.793089655
2.202233539	2.940877003
8.178078012	8.037105267
2.823216831	8.034504039
2.965659125	2.823124443
8.037105267	2.821921988
8.171691562	2.953820255
8.058403819	2.931709925
8.046179745	8.171691562
8.068290075	8.058403819
8.83402431	5.534229318
5.534229318	2.16597569
2.193355698	4.797831602
4.797831602	8.806644302
8.837143091	6.215791535
6.215791535	2.162856909
8.716314807	8.83159735
8.83159735	8.716314807
8.712405739	2.172311718
2.16840265	8.716314807
8.827688282	2.287594261
2.283685193	8.83159735
2.172311718	2.287594261
2.287594261	2.172311718
8.738233338	8.738233338
2.261766662	8.738233338
8.734324269	2.265675731
2.265675731	2.265675731
8.291218303	8.512818841
8.512818841	2.708781697
2.708033459	8.514363978
2.791569591	8.563940106
2.462506745	8.166809093
8.542016088	8.174413985
8.174413985	2.457983912
6.822375778	4.158862146
4.170454545	4.170454545
4.184527236	6.834710767
6.81011129	6.843367318
5.385119437	7.036723438
7.036723438	5.385119437
3.941871823	5.609265303
5.385119437	3.963276562
7.241098077	6.144772516
6.116340646	7.235459268
6.138887129	3.776391439
3.777522015	4.864401368
3.713945386	6.279812617
4.720187383	3.713945386
4.724282659	7.294264571
7.286054614	4.720187383
7.319681057	3.645788141
3.684334416	7.315665584
7.310545384	7.35565255
3.653841575	3.685023359
6.621722877	4.743165237
4.797472649	6.636584498
4.743165237	4.378277123
4.353441719	6.182617135
5.891270878	6.605205032
6.605205032	5.891270878
5.862146212	4.35056816
4.35056816	5.137853788
7.402867693	6.715813207
6.698885919	3.591404046
6.656285015	7.486688166
3.591404046	4.301114081
6.441120544	6.451299826
5.667630887	7.459004509
7.4607002	5.619215852
5.619215852	3.5392998
3.5392998	5.380784148
3.526386548	6.784797221
4.212776231	3.530075464
7.472689834	4.214650273
4.196073865	7.482715124
4.490770865	5.634262115
5.383460697	4.513082557
6.509918294	5.411424452
5.411436133	6.509933235
3.429566787	5.854210165
7.568063952	5.148243749
5.160690748	7.566882794
5.148243749	3.431936048
6.383236092	4.375762901
4.375762901	4.616763908
6.393777699	6.861679397
6.870469228	6.413487684
6.32291111	7.589282678
6.32291111	3.410717322
3.410717322	4.67708889
7.589282678	6.32291111
3.396116677	7.600972589
7.626049757	3.417116262
3.417116262	3.373950243
7.603735354	7.610901936
5.781309312	7.019219337
7.019219337	5.781309312
3.980780663	5.218690688
5.781309312	3.980780663
6.50470073	3.939487407
3.939487407	4.49529927
7.616315707	7.035140775
7.053456364	3.412954381
3.412954381	3.946543636
7.045191448	7.604101842
4.991373005	4.014160328
4.983054771	7.007410287
6.985839672	4.991373005
4.071176209	6.442007345
6.932248793	4.54958123
4.567747351	6.929546202
4.559020907	4.066746572
3.994646419	6.012549018
4.712859871	6.269548457
3.375982127	6.451543345
4.534455508	3.383853006
4.524027257	7.611762203
7.616146994	4.534455508
3.362320813	7.131581749
7.642555409	3.875287192
3.875287192	7.642555409
3.875287192	3.357444591
4.433732459	6.557054471
4.742870821	4.765953211
6.234046789	4.742870821
7.198980236	6.980396563
6.961310512	3.826049283
3.826049283	4.038689488
4.015494128	7.163370638
5.957890583	7.648536304
5.957890583	3.351463696
3.351463696	5.042109417
7.648536304	5.957890583
6.08233855	6.348502643
6.348075521	6.082765672
5.058317283	6.344518677
4.660806528	5.321982902
5.678017098	4.660806528
5.711736311	6.341419594
6.341419594	5.711736311
6.13937635	4.130357428
4.130357428	4.86062365
5.066681968	4.661854416
6.338145584	5.066681968
4.669998429	5.922629015
4.887543996	3.328041523
3.337762211	6.146468308
7.671958477	4.887543996
4.885289292	7.676634435
3.843713142	6.688519737
7.154716834	4.303113773
4.321403644	3.840328541
6.963744729	7.223829656
4.25390625	5.41532637
5.58467363	4.25390625
5.562607449	6.719339169
6.719336181	5.562605113
6.446399135	7.1385772
7.047688894	6.594223775
6.762716252	5.080931668
5.124449143	6.700069874
5.080931668	4.237283748
4.328572727	5.818166008
6.05403827	6.898294187
6.897623674	6.061979771
4.345800521	7.161182315
3.320604067	5.567199561
7.679293144	5.432906901
5.427386262	7.689024061
5.432906901	3.320706856
6.634053045	7.730003891
3.287107331	4.375
6.625	3.287107331
7.761377355	6.637554532
7.280712351	3.964923338
3.986019241	3.713469832
7.286731537	5.4025931
5.379183748	7.250047951
5.4025931	3.713268463
3.709627181	5.597797727
3.720080049	7.025044531
7.703644814	7.295714723
7.296515467	3.290435739
7.295321618	7.712845327
3.290435739	3.703484533
6.216456973	6.539366437
6.559263847	6.216495645
7.360648955	6.340192763
6.603806825	4.496871613
4.496871613	4.396193175
6.040206329	4.650782734
4.650782734	4.959793671
6.789316025	7.106652545
6.590798628	6.675810581
5.001746034	3.731027345
5.003256003	7.271068408
7.268972655	5.001746034
3.266970564	6.866356528
4.132155155	3.264528478
7.731272486	4.129862003
4.137820992	7.73778047
6.415355592	3.69099529
3.685594407	4.625394279
3.715534259	6.000442539
5.877057064	3.72867148
5.877963616	7.277838096
7.280458103	5.872895659
3.728832991	5.123412722
3.633230924	3.227950448
3.633568013	7.775130962
3.234001976	7.365946123
7.772049552	3.633230924
4.445904417	3.627997602
7.379170645	4.439455912
7.723916103	5.71379651
5.699139825	7.693287138
3.276080074	5.286207449
5.71379651	3.276083897
3.620591836	6.559222434
5.342250216	4.756086495
4.753417084	5.669763387
6.245967153	5.344746979
5.344013441	6.247003055
3.19346077	5.913602873
5.078732397	7.822688725
5.077033681	3.177893742
7.822106258	5.077033681
6.578644734	4.202682185
4.207590008	4.417103259
4.459531738	7.378107486
6.110357042	4.437741085
4.437741085	4.889642958
3.954797445	7.395957326
3.812613778	5.386788575
7.185510635	5.61214999
5.612645395	3.81557622
5.590134736	7.213224502
6.898301499	7.786335166
3.220951091	4.134729053
6.865270947	3.220951091
7.794465248	6.895282889
6.73025651	3.837111456
3.837111456	4.26974349
7.482201501	6.09426548
6.104756744	3.528978976
6.09391813	7.472511279
3.528392005	4.901601564
4.377247649	7.793066036
7.793066036	4.377247649
3.20750393	6.613803213
4.377247649	3.206933964
7.764707282	6.129354676
6.130853428	3.236889929
3.233784884	4.858932361
6.140610465	7.766307288
5.352811891	4.242635927
6.77011311	5.339719498
5.345957907	6.761191288
5.885919623	6.201228858
6.200163249	5.886985231
3.848578124	5.804044285
4.130592836	6.211158869
4.752518631	3.947571896
4.775521386	6.86459008
7.052428104	4.752518631
3.941449946	6.931975171
7.106469445	3.638588572
7.403943365	6.918658064
3.639930811	3.894314624
7.069098667	6.294863418
3.231197182	7.768802818
7.768802818	3.231197182
3.231197182	3.231197182
7.768802818	7.768802818
7.137150463	5.196092515
5.196092515	3.862849537
5.196774129	7.142894474
4.495549182	6.340423537
4.873322542	3.541797518
4.873322542	7.458202482
7.458202482	4.873322542
6.473325404	7.398541937
6.610068401	6.978375135
4.079599476	3.93341444
7.061246154	4.061796035
7.542628328	3.637556
3.60890058	7.529348125
3.650173047	3.464741923
3.542662421	6.127330504
7.78819453	6.392864662
6.391924545	3.216064134
3.2158001	4.6072069
6.391419243	7.785660314
6.281125295	3.956614647
3.952800414	4.726540588
7.822885154	7.095227677
3.184868242	3.906951444
7.093048556	3.184868242
7.097762913	7.820656467
4.592659267	6.712737713
4.284274591	6.384904945
3.475738628	7.353704772
6.45766146	4.642394039
4.642394039	4.54233854
6.981007348	7.024754568
4.224009437	5.623892549
3.862324061	6.471108634
4.234421894	6.61576637
6.006338935	3.957235224
3.957125801	4.994156699
6.669083154	6.435041707
6.829716861	6.625843138
4.534435166	3.862526493
7.127669767	4.508997834
6.249150223	7.051469115
4.393112379	6.77530408
4.439486352	5.985729358
4.544360324	7.143675512
5.162544238	6.901967939
6.938508587	5.198647225
5.201265703	4.06404122
4.657518787	3.224576441
7.775423559	4.657518787
4.655706936	7.775465155
3.175313448	6.347802478
4.143145003	5.071400017
5.928682589	4.14316324
6.353691236	4.154531883
4.156359942	4.646221891
7.510826466	7.409621079
6.845466015	4.813643398
4.813643398	4.154533985
4.780076192	7.081463196
4.855092986	4.590404297
6.409595703	4.855092986
7.465844533	4.00035359
3.833859765	3.587002134
4.851955378	6.420005953
5.589792442	4.4658276
5.680413393	6.53782707
6.537824509	5.68041139
4.468680146	5.413815798
7.23540014	7.521190276
4.794263722	5.151321279
5.848678721	4.794263722
6.835564504	3.430200272
3.430200272	4.164435496
6.826105124	7.591742093
7.530966789	6.536032656
6.524571014	3.472610805
3.479993522	4.488740697
3.529523508	6.994914258
7.243363605	3.486884994
3.487182618	3.756313808
5.799636248	6.778745398
4.056007075	5.420071342
6.932745449	5.578551418
6.775281231	5.800466696
5.578379304	6.931381867
5.579124447	4.050038557
6.793255458	4.384902037
4.394884116	4.203581324
4.647371468	6.489392438
3.908726984	6.203348576
5.894597712	6.418693818
6.418693818	5.894597712
7.094585281	6.01698326
6.015760413	7.096456001
4.919588481	6.211551163
7.58498936	6.78974702
7.51533829	3.207432593
7.792567407	7.51533829
3.207432593	3.48466171
7.51533829	7.792567407
4.08462676	5.817991361
7.419269034	7.153297932
4.93196012	4.805962566
6.194037434	4.93196012
4.171933292	7.041673187
7.223068627	6.782299415
7.829734111	5.88880148
5.88880148	3.170265889
5.88880148	7.829734111
3.170265889	5.11119852
6.389259714	6.660130654
6.290185007	6.290032534
3.417751861	3.178117014
7.821882986	3.417751861
3.415643443	7.819638521
3.185452128	7.577308771
3.876579898	7.838746093
3.876142367	3.16164679
3.164923425	7.123865755
7.836012371	3.876365318
3.644959169	4.108243041
6.891790976	3.644900937
7.015095543	6.808480796
5.125	6.156036103
6.137764787	6.144796924
4.81843209	5.391324976
5.610105215	4.818749877
6.173694123	5.620697814
5.618762755	6.181346343
4.027712421	4.302387507
6.686715532	4.031539043
7.158293056	7.193346598
3.399487001	6.655144548
7.59591879	4.351650414
4.351650414	3.40408121
4.351650414	7.59591879
4.221894469	6.004701958
6.52491274	5.195839732
5.183189808	4.490863495
5.361637895	3.515297249
5.453689453	7.475858474
7.484702751	5.361637895
3.514671069	5.638661134
5.200913985	6.516334286
4.573455651	6.130024214
5.854140477	7.489067581
5.852900041	3.509666029
3.50964368	5.147455647
7.491391346	5.852137199
6.283674108	7.314306913
6.150997727	5.125
5.125	4.849002273
4.680494	3.508897859
7.491413133	4.680214233
4.682793733	7.505476964
4.166386349	7.269791222
3.518188796	6.312875442
4.950943999	6.76942041
7.168749392	3.808502374
3.815803408	3.825368086
4.363383871	6.976087411
4.855236205	5.875
4.030706482	3.485431032
7.421509477	3.815977604
4.044057237	7.566236078
4.554110134	4.720970132
6.279029868	4.554110134
3.821365516	7.183249297
4.997342073	6.56448895
3.713784039	6.831881281
3.788211852	7.477432172
4.047124239	6.689815966
3.725317134	4.426632561
7.098491768	7.38226451
4.643088818	4.22836168
6.77163832	4.643088818
7.290568681	4.165749895
4.167521847	3.721752197
7.423929417	3.447535622
3.451639636	3.576147863
4.776368017	6.075162686
5.513482343	4.640895234
4.638795883	5.494062231
6.361604558	5.540127498
5.539748225	6.362848219
6.859834073	3.978037139
3.988185436	4.142937894
3.17675246	5.698585657
5.301414343	7.82324754
5.301414343	3.17675246
7.82324754	5.301414343
6.583759862	4.959225831
4.957117511	4.418869511
3.176170425	5.447732089
5.547926016	7.828328267
5.552267911	3.176170425
7.823829575	5.552267911
4.533956298	5.806408194
6.039419853	4.822159679
4.822159679	4.960580147
5.854866307	4.559998305
4.560473729	5.145735066
4.874615789	7.864116153
7.861474763	4.874703721
4.874703721	3.138525237
3.13607878	6.128354455
6.030408679	6.525280181
6.52925053	6.026453779
4.269716764	4.946077563
6.053938958	4.269720411
6.224970311	6.787659037
6.796118053	6.23968388
6.85844882	7.377063226
3.590283389	7.170604155
5.220206221	3.65304625
5.215565126	7.341527447
7.34695375	5.220206221
3.647839438	5.780569165
4.15688143	5.252668441
5.747187238	4.155691374
6.630007628	7.244163769
6.039275587	6.696498204
6.693790394	6.039391775
7.272389937	6.543904206
6.208119936	4.273622741
4.273987624	4.791865994
6.500473229	7.586281465
7.421304758	7.567644207
4.343299642	4.012841986
6.961399613	4.289130076
7.167841679	6.080877888
7.155098372	6.219817967
7.081841974	6.155923339
6.996104478	6.039481515
6.98336117	6.178421594
6.874277962	5.036152336
6.804091133	4.947287533
6.915652844	4.902508201
5.036152336	4.125722038
4.947287533	4.195908867
4.902508201	4.084347156
5.201165362	6.295760866
5.272463713	6.381668671
5.129615634	6.430426482
6.121821936	3.652685208
6.260056168	3.609987133
6.277121361	3.733693365
7.474965816	6.331551936
7.421425228	6.217229121
7.535742089	6.208588295
6.714571214	3.714257751
6.572806051	3.764053373
6.557120755	3.641199668
6.460028161	3.815241349
6.61747862	3.888299432
7.161727488	5.393856269
7.236121086	5.507371545
7.111117037	5.498634714
5.393856269	3.838272512
5.507619247	3.764422341
5.498882416	3.889426391
3.825749502	5.603531515
3.76112048	5.492293151
3.8772428	5.498026939
5.487627087	7.12497397
5.484659242	7.231636226
5.382151593	7.143385695
5.124935888	4.576358955
5.262720012	4.623474995
5.204466092	4.708970455
6.431529162	5.13126085
6.385439946	5.270293356
6.292056368	5.205714474
6.328788759	6.495333132
6.25332099	6.414699486
6.365652776	6.37066618
6.186261778	6.319267589
6.149397761	6.44393454
6.424724427	6.25326409
6.500192196	6.333897736
6.453669684	6.149630659
6.319130264	6.186399103
5.56066017	7.467431492
5.683385356	7.576145824
5.576414639	7.584572806
7.361649789	6.119518998
7.300873516	6.24248264
5.440537858	7.582441268
5.563263044	7.691155599
5.224829046	3.304344254
5.367160622	3.248729658
5.290575325	3.376321452
7.695655746	5.224829046
7.751270342	5.367160622
7.623678548	5.290575325
5.294038505	7.627953427
5.364400303	7.7561358
5.231052545	7.695065167
3.303159623	5.776397911
3.248678263	5.632892609
3.375085427	5.710704863
7.659980261	7.165427749
7.561456924	7.224506327
7.517792371	7.094219353
6.673238057	5.02007875
6.714612938	4.886434614
5.01902459	4.32807663
4.885380454	4.286701748
5.112638715	3.304914895
5.189224012	3.177323101
7.695085105	5.112638715
7.822676899	5.189224012
5.19007337	7.822968132
5.119711573	7.694785759
3.311513778	5.883906519
3.185106615	5.806094265
4.409624153	5.275834793
4.361293198	5.414571084
4.302237205	5.276590079
6.614627238	5.487014783
6.628580345	5.621508252
6.523871402	5.545917921
5.725969327	4.40819788
5.587233036	4.359866925
5.723409921	4.302237205
5.545924763	6.523880152
5.621510421	6.62858312
5.487021791	6.614636202
6.709661826	7.175408157
6.620038014	7.111269452
6.699692213	7.04251384
7.60723564	7.352667901
7.46504775	7.281459505
3.486114604	5.990770334
3.440212316	6.136899406
3.383664499	6.000339237
4.291676454	4.516933584
4.35223081	4.406648217
4.436317257	4.506478542
6.480940413	4.289222543
6.591225779	4.349776899
6.493521458	4.436317257
7.513133217	5.010783145
7.565080479	4.880433269
7.620011214	5.017893873
5.010783145	3.486866783
4.880433269	3.434919521
5.017893873	3.379988786
5.02299002	7.621758614
4.879305917	7.567418458
5.017006645	7.512542638
6.6875	3.143553666
6.5625	3.143553666
3.143553666	4.3125
3.143553666	4.4375
6.567026522	7.865001945
6.692026522	7.865001945
7.880688678	6.693777266
7.880688678	6.568777266
6.50192305	6.920027266
6.528233768	7.058476168
6.420088417	7.000128298
7.019133888	4.871945818
7.16070038	4.877132333
7.127406164	4.99655952
7.277513635	4.860966709
7.169241359	4.736353007
4.871945818	3.980866112
4.877132333	3.83929962
4.99655952	3.872593836
4.860966709	3.722486365
4.736353007	3.830758641
7.896283703	7.382669145
7.74810611	7.405526507
7.851822407	7.272857362
3.103716297	3.617330855
3.248934166	3.594073121
3.145217869	3.726742267
7.272660809	7.856422664
7.405329954	7.752706367
7.382669145	7.896283703
7.382669145	3.103716297
7.405926879	3.248934166
7.273257733	3.145217869
3.275647787	6.399672911
3.256537829	6.247135393
3.356872169	6.299005827
6.348240444	3.823804969
6.210006212	3.866503043
3.429951934	5.473991855
3.298342071	5.426703505
3.407689937	5.333495799
5.526061376	3.430003328
5.573351706	3.298395377
5.666506181	3.407691849
7.569996672	5.526061376
7.701604623	5.573351706
7.592308151	5.666506181
4.982288839	3.252967633
3.26561149	6.030035591
7.747032367	4.982288839
4.982010845	7.74966158
6.369133351	3.550856306
6.213833927	3.469848149
6.969783947	6.354175551
7.05839378	6.444543597
6.959079061	6.50385573
3.447085461	6.382209393
3.427975504	6.229671875
7.896283703	7.507669145
3.103716297	3.492330855
7.507669145	7.896283703
7.507669145	3.103716297
5.306175059	6.51313376
5.377724787	6.378468145
5.362855456	4.634584526
5.283325253	4.501973026
6.377942724	5.378085716
6.517415517	5.303632092
5.091658641	6.25027739
5.23450672	6.201519579
4.602446434	4.840381902
4.544261909	4.924718314
4.495925609	4.805306545
6.159618098	4.602446434
6.075281686	4.544261909
6.194693455	4.495925609
4.346344791	5.518854174
4.238957844	5.519609459
4.479725506	5.524038957
4.357390151	5.629077332
4.696826778	4.862873441
4.648490477	4.743461672
6.137126559	4.696826778
6.256538328	4.648490477
4.301237062	4.310342291
4.445877864	4.29988725
6.685950096	4.293792111
6.698531141	4.440886825
7.581997947	5.397272398
7.526383352	5.254940822
3.417637568	5.602930347
3.472118928	5.746435649
5.397272398	3.418002053
5.254940822	3.473616648
6.640015702	5.375571975
6.744724646	5.451162306
5.454282678	6.740265229
5.37869702	6.635562261
5.368136294	4.377859242
5.471302166	4.354231763
5.48662657	4.489455079
5.46874276	4.248271088
6.538203381	7.191370485
4.409671796	5.726214062
4.276291082	5.721029279
5.79047278	6.898982368
5.926837259	6.838519792
5.917673791	6.958756762
6.958421505	5.921644541
6.836452452	5.931223233
6.897250284	5.790888004
6.938702877	6.610033457
6.850093044	6.519665411
7.059128042	5.595350704
6.984734444	5.481835428
5.595884921	3.932807388
5.482121942	4.006657559
3.934310427	5.403429959
3.998939449	5.514668323
5.481749371	6.984052653
5.58425702	7.072303184
6.93260836	6.267273649
6.846870863	6.150831825
4.181230107	7.376253173
4.312959043	7.323949354
4.327802802	7.430411305
6.392913013	3.948051027
4.20539384	5.333997405
4.253724795	5.195261115
5.665930434	4.204798812
5.804666725	4.253129767
4.125027011	4.051934493
4.211449559	3.973128213
4.256877094	4.091648266
4.40266613	7.269644901
4.256093435	7.215486768
6.347774679	7.095023157
6.321463961	6.956574256
4.332351643	3.926585263
4.20050156	3.88687149
3.115598591	7.884401409
3.240598591	7.884401409
3.115598591	7.759401409
7.884401409	7.884401409
7.884401409	7.759401409
3.115598591	3.115598591
3.115598591	3.240598591
7.759401409	7.884401409
3.240598591	3.115598591
7.884401409	3.115598591
7.759401409	3.115598591
7.884401409	3.240598591
7.472701475	5.490426873
5.307190101	7.521370634
3.526985435	5.509722641
5.490426873	3.527298525
5.233625108	4.802544384
5.095840984	4.755428345
6.19848244	5.23487349
6.244571655	5.095840984
6.96217413	5.095010115
6.850612419	5.139789446
5.096319354	4.039100774
5.141098686	4.150662484
4.784018998	3.418469691
4.669006393	3.36673715
4.772531391	3.276308982
4.770498114	7.726049795
4.669250334	7.640471059
4.784041512	7.591055699
7.581685805	4.783879115
7.633418346	4.66886651
7.723691018	4.772531391
6.034899341	6.997375094
5.898534863	7.057837669
7.056902309	5.899146286
4.512363582	5.720335154
4.431264512	5.812287101
3.65295701	4.883001466
3.606993206	4.763497922
3.731558211	4.744897824
3.548155865	4.651241585
3.469554664	4.789345227
6.733594446	4.778404317
6.602741369	4.851195534
4.778404317	4.266405554
4.850141374	4.398573317
7.316519446	6.442048484
7.170744302	6.419383812
7.214873811	6.31752809
4.438623825	7.896533018
4.516477293	7.784265595
4.577853468	7.887732577
7.88771178	4.578759393
7.784244798	4.517383218
7.896533018	4.438623825
4.578759393	3.11228822
4.517383218	3.215755202
4.438623825	3.103466982
3.087656724	6.423901239
3.191408689	6.480802846
3.103751965	6.556901607
7.160039415	6.569063991
5.521912095	7.344541488
5.628882812	7.336114506
5.416436601	7.362953213
4.601977364	5.864518604
4.643686691	5.73808579
4.711707757	5.796196201
4.191077578	3.132264239
4.066077578	3.132264239
3.133485282	6.808178264
3.133485282	6.933178264
4.068910496	7.868890235
4.193910496	7.868890235
7.865636243	4.189931002
7.865636243	4.064931002
7.686913948	4.002574598
7.59855851	4.065107797
7.554199971	3.937820391
7.469267183	4.107501932
7.60198116	4.172256138
7.623454392	6.111810078
7.67699498	6.226132893
7.706621793	6.04362263
7.565368903	6.026078032
6.117805086	3.382934453
6.226882269	3.323803626
6.044372006	3.294176812
6.031323664	3.440221336
6.231760787	7.677794983
6.117264297	7.619409283
6.20841462	7.530896978
6.025904357	7.560523791
6.049250524	7.707421796
3.29262429	4.950520889
3.381088445	4.880266963
3.439927851	4.97185549
3.322251103	4.768010626
3.753177503	4.993907045
3.628612498	5.012507143
6.007972096	3.75253146
5.990906904	3.628825228
6.105129388	7.353985274
5.985940873	7.375174687
5.997152131	7.256648682
7.26077809	6.008834088
7.381329802	5.98358057
6.946824203	4.419355653
7.04453469	4.399063955
7.02995928	4.529289532
6.911096774	7.300446441
6.823882422	7.241857886
6.876530377	7.165241101
6.744228224	7.310613498
6.449714534	5.610269444
6.435761426	5.475775975
5.475592179	6.436390727
5.610080809	6.450337645
7.373715868	5.510904476
7.385717144	5.382115497
3.624463491	5.489290938
3.612149125	5.61822943
5.510904476	3.626284132
5.382115497	3.614282856
4.455520945	5.141794427
4.514576937	5.279775432
5.85850626	4.455283233
5.722329375	4.512912952
6.766177272	7.758169528
6.82415075	7.893167583
6.807635473	3.110475546
6.745135473	3.254029211
3.110475546	4.192364527
3.254029211	4.254864527
7.897232624	6.822641445
7.777921302	6.76641871
7.1411933	4.406055804
7.058058223	4.296121925
5.947536318	4.60539052
5.982611675	4.498869695
4.605628232	5.052764369
4.499107407	5.017689012
4.394154622	5.013748373
5.986251627	4.394154622
4.595987148	3.304214723
4.607474754	3.446375433
7.695785277	4.595987148
7.553780064	4.607334871
4.603410495	7.558619583
4.589867097	7.693613679
3.572550523	5.927326352
3.62909834	6.063886522
7.632669145	7.896283703
7.642070554	7.780685112
7.642070554	3.219314888
7.632669145	3.103716297
7.780685112	7.642070554
7.896283703	7.632669145
3.219314888	3.357929446
3.103716297	3.367330855
7.031392218	6.701352286
6.922406202	6.717161967
5.615930623	3.67743801
3.675956789	5.383786362
7.323105418	5.615682921
3.314645688	6.998969138
3.398247036	6.930635393
3.44592216	7.063248003
3.527955028	6.88985574
3.396678556	6.825576875
5.074994892	3.581481696
4.937534288	3.636412431
4.938289272	7.364635445
5.081973375	7.418975601
7.418518304	5.074994892
7.363587569	4.937534288
5.098919275	3.796938441
5.09373276	3.938504933
5.08991445	7.075152381
5.100015066	7.206981441
4.993155387	7.139239347
7.203061559	5.098919275
7.061495067	5.09373276
7.774785943	6.515209597
7.894097265	6.446432331
3.251453716	4.49110345
3.10790005	4.55360345
6.508462273	3.251585733
6.445962273	3.108032067
6.445709621	7.892830157
6.512736144	7.757832103
3.94614391	4.610919929
3.81919741	4.675967434
3.812540907	4.560346775
3.865161214	4.795470978
6.741195069	7.53921513
6.730079084	7.660872992
6.64516903	7.608346028
6.661942959	3.439255689
6.730282252	3.358653802
6.767225211	3.510802159
3.439255689	4.338057041
3.358653802	4.269717748
3.510802159	4.232774789
4.804326644	5.772381693
4.762617317	5.898814507
6.647512925	5.267779615
5.26800085	4.366749711
6.611728466	3.532007426
6.574785507	3.379859068
3.535698784	4.394927389
3.383550427	4.431870348
5.273435946	6.638762787
6.567263137	7.658142678
6.578379122	7.536484815
4.004148761	3.213087634
3.938071183	3.080823395
3.938289949	7.919373047
4.007200445	7.788263282
3.215946994	6.995111142
3.082461712	7.061932878
7.783642429	4.003113661
7.918006186	3.938182659
4.569632826	4.469265858
4.50907847	4.579551224
6.530734142	4.569632826
6.420448776	4.50907847
6.819914075	6.734605228
6.912603416	6.825924057
4.752179425	7.187863883
4.891666097	7.176265802
4.863769331	7.282666489
4.881565481	7.044436742
6.123432826	6.532323309
6.056373614	6.436891412
6.438663025	6.054609726
6.544257188	6.121474712
6.833293641	6.326585782
3.895224973	5.706654794
3.779102653	5.700921006
3.619238335	5.135434184
3.519017843	5.024528605
5.864978553	3.619168755
5.978828392	3.519322503
5.974029304	7.48078943
5.866052047	7.383452838
7.385924724	5.862516429
7.486796424	5.97320134
6.766414681	5.210325583
6.643814496	5.1383857
5.216871779	4.239959838
5.132060738	4.364073622
5.162681564	6.60820208
5.235203525	6.730630581
7.224730872	3.886712856
7.295129435	3.812239989
7.351110914	3.890450471
6.151594246	6.974881651
6.132455318	7.073962558
4.450637453	7.702414119
7.704606515	4.455851579
4.455851579	3.295393485
3.291743028	6.532673279
7.086936951	5.290605976
7.211941	5.299342808
5.287978938	7.196471212
5.290946783	7.089808956
5.290605976	3.913063049
5.299342808	3.788059
4.059150224	6.565911656
3.95472415	6.5804623
3.966750135	6.45655799
6.807815618	4.271882092
6.700510256	4.180772166
4.282669331	4.187017935
4.189022277	4.293778902
6.45824778	3.34433747
7.646172072	6.586793594
7.659580659	6.464448659
3.347896811	4.547973798
3.117000988	7.307973061
3.117000988	7.432973061
3.566784006	7.887565481
3.691784006	7.887565481
3.691615462	3.113975224
3.566615462	3.113975224
7.886024776	3.691615462
7.886024776	3.566615462
3.762730119	3.411093257
3.641701985	3.346346185
3.754259058	3.292697519
3.754427602	7.708843185
3.621234296	7.652239543
3.742093886	7.585951767
7.592591869	3.756421596
7.65733894	3.635393462
7.707302481	3.754259058
3.315059327	7.483459356
3.354870302	7.359825447
3.435927652	7.477338681
5.188127937	7.454205121
5.33462729	7.408692961
3.854573478	3.472223362
3.742016406	3.525872028
7.560124733	6.429471883
7.445807872	6.438112709
3.853018601	6.579814186
3.945418691	6.689167852
5.919455918	6.737621801
6.046656928	6.797396195
6.795707034	6.050685773
6.734535813	5.919929235
6.357417828	3.313390728
6.423741062	3.441664064
7.688738604	6.357887886
3.313258711	4.642147895
3.445355422	4.582914793
6.643146321	7.365425967
6.757366917	7.431875696
3.875714779	3.259545691
4.003721174	3.310986535
3.263622119	7.127723752
7.73928389	3.875826255
4.006554092	7.69016794
3.875933545	7.740650751
3.573489192	6.672009828
3.667187937	6.695551858
3.620085293	6.808339251
3.77874859	6.760200509
3.732152489	6.623871086
7.370595267	3.730882873
7.244215225	3.727145258
7.673183357	6.713650776
7.557978074	6.662889838
4.622093975	5.652012751
6.6141735	6.325768676
6.555101849	6.443170767
6.06605053	7.165957634
6.182745434	7.143464192
5.465968169	4.146337242
5.368965664	4.102956244
5.581899039	4.151972403
5.365538672	6.898957363
5.462168606	6.846286577
6.85142928	5.459135458
6.826040815	5.570578266
5.570493377	6.825360518
6.903418274	5.362419468
7.222642757	4.234431834
7.334869663	4.302602903
7.266943739	4.371284843
7.425930239	4.327053093
7.381629258	4.190200084
4.244462746	3.781040369
4.306713132	3.6748749
4.38365403	3.734163071
4.329340324	3.579036533
4.190149039	3.625913831
3.885525522	6.337228605
3.989951597	6.32267796
5.94440074	7.914867056
6.014705972	7.7980207
6.070305232	7.883153644
3.116892442	4.929466181
3.202025386	4.985065441
3.085132944	5.05559926
6.065426714	3.118444964
6.009827454	3.203577909
5.94440074	3.085132944
7.882353641	6.064677338
7.797220697	6.009078078
7.914867056	5.94440074
5.198679109	3.963445379
5.072799505	6.954689113
5.179659184	7.022431206
7.037829525	5.19736987
7.466917241	6.625922931
7.493928526	6.752780113
3.855090339	6.006495778
3.782056192	5.902243412
3.921612272	5.908296651
4.008362862	3.599450432
4.099114165	3.603591615
4.076770544	3.717611014
7.309124635	7.066847247
7.288781045	7.173322265
7.178636646	7.086871581
6.710089845	6.910871227
6.600433515	6.827092858
6.700454959	6.75958895
6.492288164	6.768744989
6.072613032	3.866813332
5.941697999	3.842953352
3.854806827	5.171051705
3.842979396	5.05878471
3.968953232	5.106423694
3.867323908	4.929279034
5.829183188	3.854726072
5.893824123	3.969007943
7.102364986	5.696729651
7.232984369	5.742522825
7.14983872	5.827102486
3.896697221	5.302739632
3.770723385	5.255100648
5.829636464	7.148528716
5.734049176	7.245531299
5.685722024	7.11622192
5.772797252	7.368421302
3.634066396	5.252098435
5.696977354	3.898178441
5.744851229	3.77212385
7.370579151	5.746055756
5.748136458	3.63398564
3.542319604	7.441526449
3.502508628	7.565160357
7.301461801	6.949527314
7.411606199	7.035977998
3.714739822	6.140127578
3.812130622	6.101895558
3.811336185	6.241580596
3.951686702	6.107948797
6.97262367	3.528927659
6.86367774	3.537550604
6.944510434	3.421577327
3.528956775	4.027393338
3.537579721	4.136339268
3.421577327	4.055489566
7.719600431	7.065184226
7.763264984	7.1954712
7.173881457	7.910328233
7.196542266	7.766750897
7.07325246	3.298911312
7.194782011	3.237651991
7.174985915	3.35169506
7.911442577	7.172613839
3.298911312	3.92674754
3.237651991	3.805217989
3.35169506	3.825014085
7.170256533	7.658473585
7.071477181	7.712379154
3.092434121	3.828475722
7.171524278	3.092434121
3.530425608	6.220102973
7.079962905	3.525771477
6.999130211	3.641744755
3.526442596	3.92042913
3.64244499	4.001278832
7.69815138	7.563120113
7.55728091	7.510261507
7.651696936	7.462479684
6.415190129	6.55571524
6.302858343	6.599748545
3.116892442	4.804466181
6.195305232	7.883153644
6.190426714	3.118444964
7.882353641	6.189677338
7.269939536	3.388660367
7.148409985	3.449919688
3.388809179	3.72989917
3.4500685	3.851428722
6.365036622	7.226442056
6.266412165	7.182888014
7.140295794	7.562646059
7.265360879	7.617017802
5.760885682	7.474036045
5.776640151	7.591177359
5.828515204	7.670911721
5.90601553	7.568801942
5.905395312	3.430564863
5.783348276	3.392874963
5.835843547	3.313773797
3.430553688	5.094782532
3.392861877	5.216831548
3.313771885	5.164158433
5.736057947	3.524482915
7.569963825	5.905013891
7.607653725	5.782966855
7.686226203	5.835843547
3.52447174	5.264119897
7.476045773	5.735676526
4.313623825	3.103466982
4.254701402	3.235731221
3.103751965	6.681901607
3.237237247	6.740079871
4.257534321	7.765423253
4.313623825	7.896533018
7.896533018	4.313623825
7.762169261	4.253554826
4.876708542	5.709881693
4.876708542	5.584881693
6.122983576	5.29737349
6.122983576	5.42237349
5.42200672	6.123501528
5.29700672	6.123501528
5.296125108	4.878043247
5.421125108	4.878043247
6.885161686	7.065703557
6.972376039	7.124292112
3.096730385	5.831801436
3.096730385	5.956801436
5.039366199	7.911344362
5.164366199	7.911344362
7.911053129	5.163516841
7.911053129	5.038516841
5.163516841	3.088946871
5.038516841	3.088946871
3.918429822	7.173309967
3.881407731	7.057612234
3.978472037	7.047672905
3.830764997	6.978509851
3.770722782	7.104146914
7.497658819	4.48695571
7.487544717	4.395553163
7.606032892	4.443052961
4.490179963	3.505925304
4.398777415	3.516039406
4.443052961	3.393967108
4.01965991	6.207253722
4.100884522	6.326583107
6.799713657	6.975009932
3.698556216	7.503390148
3.831749522	7.55999379
6.539692169	4.692779638
6.612764851	4.620018425
4.692779638	4.460307831
4.620018425	4.387235149
4.7988026	7.376233527
4.796754962	3.627871452
7.372128548	4.796754962
3.498286981	6.50538289
3.510039418	6.607183491
3.387734564	6.553343947
5.623532921	7.760807702
5.487656139	7.758676164
3.248387246	5.507465825
3.22612525	5.366969769
5.492587406	3.24843864
5.633032211	3.226127161
7.75156136	5.492587406
7.773872839	5.633032211
6.200007377	7.274883091
6.895559319	6.934060943
3.752849966	7.249457441
3.888081481	7.289603311
3.81956593	7.355811455
3.871504649	7.436694749
3.736273134	7.396548878
6.687722572	4.569980215
6.696680598	4.693127027
4.569980215	4.312277428
4.693127027	4.303319402
7.435291889	4.559835073
4.563199209	3.56844773
4.78251525	4.863266679
4.736471207	4.960186909
6.136733321	4.78251525
6.039813091	4.736471207
6.932635473	3.110475546
7.897232624	6.947641445
3.110475546	4.067364527
6.94915075	7.893167583
4.405591076	7.487013138
4.273862139	7.539316957
4.702853468	7.887732577
7.88771178	4.703759393
4.703759393	3.11228822
3.087656724	6.298901239
6.629940891	6.555426144
6.515959586	6.563555204
6.710257745	6.650826859
6.490029171	6.667970617
4.244735703	7.66684963
4.166947429	7.610247797
3.333228782	6.760750538
3.462936774	6.719970885
7.663595638	4.240756208
7.534304312	4.283150343
4.172465693	3.397301971
4.241902785	3.334304844
4.282213322	3.467078337
4.121741357	3.507753248
3.082461712	7.186932878
3.1994627	7.244905939
3.813071183	3.080823395
3.754686645	3.194798619
3.755073955	7.806938528
3.813289949	7.919373047
7.918006186	3.813182659
7.804030962	3.754798121
3.298161395	7.248763936
4.778058137	7.481839723
4.776908271	3.525347688
7.474807808	4.776768388
4.673911771	7.005504699
4.662218258	7.112569354
4.556053838	7.036610857
7.253420206	4.474226873
4.490169792	3.745262047
4.427919405	3.851427517
5.297374437	7.295787699
7.532032443	3.845632398
7.482068903	3.726766802
5.923346032	7.739135207
5.923346032	3.260864793
3.260864793	5.076653968
7.739135207	5.923346032
4.073538708	4.456201264
4.181974975	4.531662575
4.047923675	4.57076058
6.541672732	4.071084796
6.466167985	4.178607034
6.429195983	4.047009645
3.741457948	6.515165534
3.582793965	4.557067488
6.391518706	6.760905025
7.046524278	3.092434121
6.979159751	3.202909667
3.092434121	3.953475722
3.202909667	4.020840249
7.911442577	7.047613839
7.808675201	6.995255283
6.998032206	7.803495816
7.048881457	7.910328233
3.628303903	6.203571561
7.443677005	3.908165597
7.373278442	3.982638464
3.909939503	3.650235983
3.932283123	3.536216583
3.569390316	6.436048938
5.184224985	3.542491149
5.110976128	3.692036797
5.109410565	7.306297927
7.457508851	5.184224985
7.307963203	5.110976128
4.655769769	4.007159234
4.783081014	4.05105294
4.686332152	4.110640279
6.992338449	4.651049931
6.94894706	4.783081014
6.888857404	4.681612314
4.671634368	6.897068141
4.777798789	6.973026638
7.364907209	7.254475241
7.410685925	7.382636815
4.081430819	3.374979755
3.952996837	3.421437811
6.072857643	4.043796326
6.143732115	3.956924935
6.210250823	4.043486038
3.954963107	4.860348644
4.043741615	4.927390174
4.041578921	4.793582119
3.820926346	3.932028787
3.947701442	3.879391263
3.95282438	3.986051964
4.032809359	3.823442136
3.900911325	3.769418959
7.170979253	4.013359687
7.114997773	3.935149205
7.065029952	3.817275829
7.011278333	3.943922659
4.090939115	7.652008274
4.120065551	7.524475601
3.959672214	7.604395743
7.187521692	5.94493946
5.946862015	7.187147048
7.861958052	5.731898255
7.911914788	5.651133956
5.731898255	3.138041948
5.651133956	3.088085212
3.138040037	5.268103724
3.088085212	5.348866044
5.648963008	7.914164133
5.724569913	7.846643569
4.598252086	4.631654336
4.464936517	4.66886702
6.368345664	4.598252086
6.33113298	4.464936517
3.514842345	7.688051775
3.525173593	3.300950345
3.533644654	3.419346083
7.699049655	3.525173593
7.584339043	3.527336131
3.652007311	3.574882641
3.74385067	3.636012746
6.959363655	3.316952736
7.705390478	6.965211832
3.316952736	4.040636345
6.971746474	7.695218504
7.107981494	4.182454904
7.175907418	4.113772965
4.123560662	3.827583319
5.942959811	6.100614429
5.817959811	6.100614429
6.100081625	5.818492616
6.100081625	5.943492616
4.140008256	5.521981946
4.154956663	5.417698856
4.08294063	5.616578926
4.966999385	6.888415349
5.056744119	6.835694175
7.204518576	7.36895853
7.128392412	7.287805554
7.23441922	7.274499574
7.33261263	4.579821647
7.388733874	4.700200808
4.5830459	3.670971494
4.700340691	3.611421622
6.469963303	3.581803048
7.069650202	7.109050583
7.061018893	7.208588127
3.41902972	7.24264326
5.1875	6.078018052
4.785924587	5.530544182
4.909216045	5.445662488
5.476177715	4.787418186
5.555052607	4.909374939
6.209830638	5.482722397
6.086847062	5.560348907
5.559381378	6.090673171
5.481388098	6.214174699
5.1875	4.924501137
6.075498863	5.1875
4.927618102	5.8125
6.975982393	5.679930365
4.018393869	5.319381015
5.679844308	6.975300602
5.68021688	4.01540961
4.881123859	3.23328338
4.975868701	3.158209489
7.76671662	4.881123859
7.841790511	4.975868701
3.236920495	6.137411382
3.164769775	6.020978664
4.976674093	7.843402439
4.879952541	7.770375294
7.930737382	4.93735186
4.93735186	3.069262618
4.937307895	7.932058076
3.06803939	6.064177227
6.13950429	6.842976612
6.237060267	6.919564076
5.752341189	6.1912876
5.684381378	6.090673171
6.086847062	5.685348907
6.186928686	5.753841523
3.788134723	6.375460626
3.667268611	6.419517526
3.70545577	4.52601342
3.832402271	4.460965915
4.728366108	4.191447832
4.601054862	4.147554126
6.808552168	4.728366108
6.851943557	4.596335024
4.627311275	3.788235939
7.206862191	4.614592609
3.538703112	5.817389665
3.681686848	5.890505852
7.401678363	6.539968431
6.242920154	6.113781298
6.168964018	6.015891078
6.274119385	5.984875452
7.365925071	7.461648379
7.328352449	7.544417241
7.272972762	7.438421413
5.143496691	6.801018906
5.037696571	6.734745142
3.616067091	6.296344029
3.332821722	7.90981926
3.457821722	7.90981926
7.910941493	3.458875931
7.910941493	3.333875931
3.458875931	3.089058507
3.333875931	3.089058507
3.092726064	7.538654385
3.092726064	7.663654385
7.089993792	7.002575565
5.965273232	6.650851618
5.845453563	6.691975215
6.690243131	5.845868787
6.649497713	5.965331326
3.966602442	5.811017823
4.03963659	5.915270189
4.437838835	7.603840496
4.491779498	7.494934844
7.466065612	7.488632643
4.782407624	6.344777205
4.749663423	6.454699196
4.680115669	6.379470448
6.862203311	7.68903863
6.850417725	3.325575682
3.325575682	4.149582275
6.270791422	5.799360771
6.257556859	5.666217063
5.665249533	6.261382969
5.798827967	6.271324226
4.054580178	4.68638124
6.317408266	4.055573265
6.068882394	6.072398462
3.088085212	5.473866044
3.176461442	5.573158873
3.08837623	5.599292829
5.400707171	7.91162377
5.424670179	7.825787903
5.523963008	7.914164133
5.526133956	3.088085212
5.426841127	3.176461442
5.400707171	3.08837623
7.911914788	5.526133956
7.823538558	5.426841127
7.91162377	5.400707171
3.08837623	5.724292829
5.275707171	7.91162377
7.91162377	5.275707171
5.275707171	3.08837623
3.10790005	4.67860345
7.894097265	6.321432331
6.320709621	7.892830157
6.320962273	3.108032067
4.897131861	5.20066064
4.897131861	5.07566064
5.79933936	4.897131861
5.92433936	4.897131861
7.285640516	4.065336617
3.524605728	7.797384741
3.40588006	7.710305555
3.417434062	3.276033629
3.525491393	3.203033731
7.723966371	3.417434062
7.796966269	3.525491393
3.290784402	7.58914068
3.209727052	7.471627447
4.591907198	7.336186029
4.501946031	7.260891499
4.634321491	7.218970042
4.445080423	7.152428913
5.273831838	6.969345689
6.987616013	5.291883331
5.29319257	4.013658891
3.085132944	5.18059926
3.223172982	5.198702985
7.914867056	5.81940074
7.776825107	5.801298995
5.81940074	3.085132944
5.801298995	3.223174893
5.793970653	7.761510625
5.81940074	7.914867056
3.602655328	4.457686629
5.74002482	6.658286234
5.785842135	6.571516051
5.681121849	6.749042284
6.747308706	5.681535905
6.65655287	5.740439043
6.571514771	5.785841134
3.985145787	7.279663982
7.337628815	6.629858706
4.571460325	6.414907988
4.604204526	6.304985997
6.67769095	6.228089762
6.732600603	6.337362793
3.224792492	4.73306963
6.266014854	7.775983801
6.261388987	3.226477032
7.776450906	6.261109669
3.646617498	7.422506855
3.580036522	7.334685178
7.795342902	3.324474522
3.323420313	7.794220669
3.208324655	7.673055794
3.324474522	3.204657098
5.837934914	4.149427307
5.895414401	4.2468657
4.150013217	5.162034229
4.246856582	5.104626902
6.011842205	6.173012891
5.984129086	6.27486575
6.110051668	6.246649783
4.266061421	4.631492899
6.368463664	4.265147392
4.075435655	7.439336225
4.060591897	7.332874274
4.090940238	7.21658093
7.689727304	6.842514955
6.351512076	5.625931905
6.439622052	5.696073851
5.696074852	6.439623332
5.625742268	6.352133906
4.696106484	5.581912809
4.728613987	5.442693603
6.303785855	5.442437239
6.267649341	5.580412656
5.57925549	6.272097281
5.441880833	6.304925637
5.427866279	4.698490864
5.561793779	4.729822556
7.570694024	3.312274428
7.697426287	3.324156722
7.686269086	7.689852377
7.559536822	7.701734671
3.312274428	3.429305976
3.324156722	3.302573713
6.486899317	7.492411701
6.56480521	7.442615051
4.364449032	7.694492413
3.303495465	6.634473881
7.694492413	4.364449032
4.364449032	3.305507587
6.795338447	3.618152491
6.811023743	3.741006196
3.618181608	4.204678561
3.741035313	4.188993265
3.714257751	4.285428786
6.845783511	3.83158037
6.926550744	3.73547511
3.83158037	4.154216489
3.735504226	4.073466264
3.824831586	3.70618511
3.734822492	3.755195722
4.786497017	6.750587289
4.684090326	6.788663897
4.695065958	6.674661106
4.580203309	6.821141958
7.011322884	4.175463056
4.287668094	6.093659547
4.33069041	5.995215658
4.396464035	6.084173247
4.384029539	5.901947683
4.275233598	5.911433983
6.935648286	7.597921968
6.842276972	7.48440266
6.951820134	7.490582534
4.318858155	6.28376104
4.207433713	6.298031907
4.242017277	6.196888002
4.1777254	6.413456145
4.413422419	6.666179276
4.313767137	6.695535225
4.334077177	6.58641042
6.978470294	7.379663868
7.071841608	7.493183176
4.056691619	6.986824179
4.09371371	7.102521913
4.518986467	4.215971502
4.476952512	4.135163948
6.782446889	4.513995427
6.862752126	4.467241633
6.309374005	6.824669217
4.259348242	6.500335657
4.359003525	6.470979708
4.703538196	7.399870768
4.571162736	7.441792225
3.705824452	7.176926726
3.655181719	7.097824343
6.188796119	7.393409096
6.303292609	7.451794795
3.65836059	4.363873321
6.357165176	7.687471496
4.178230264	6.938191977
4.062988591	6.883342969
4.610640128	5.233858984
4.677368726	5.148528173
4.727535125	5.236652091
4.722523228	5.055557475
5.944442525	4.722523228
5.851772514	4.677131013
5.766441702	4.610402416
5.763347909	4.727535125
6.769776191	6.424264695
7.166945954	7.451727393
4.152799051	6.528886857
3.983599914	4.398843388
4.117651214	4.359745383
6.595708131	3.985513225
6.632680133	4.117110614
3.552740606	3.630585611
3.550906341	3.520444893
7.371805237	3.546661881
7.483278873	3.542545811
7.431154693	3.64167207
7.031118249	7.303047083
6.445946236	7.68597089
4.438867404	3.937684239
5.803167012	6.380056706
5.787505553	6.478260444
6.478259164	5.787504551
6.380056706	5.803167012
4.643476899	3.905049194
7.090048936	4.630758233
4.546728037	3.964636533
7.600652533	6.912443898
7.469633854	3.327484107
7.360222442	3.36898568
3.329536115	3.530404786
3.371037688	3.639816198
4.099083483	4.236421026
6.754545655	4.095200595
4.209474565	6.725238568
4.288819808	6.805007423
3.994287092	6.810895569
4.115825738	6.762263367
3.892581544	6.810247454
4.369091879	4.108211655
6.877327535	4.337016057
4.389911886	6.362664241
4.464640821	6.448739004
4.013249292	5.713628332
6.85401334	5.689509057
5.689007776	6.855063632
7.524989587	3.432325942
3.434377949	3.475049053
4.62172704	6.026326615
4.506471001	6.057876786
4.55474239	5.954179186
3.716932044	6.928462906
3.827616992	6.881928226
5.44847152	4.576988896
4.564783374	5.564162173
5.011899739	4.540361963
5.07015366	4.454866503
6.460952723	5.012953899
6.554336301	5.077532782
6.378499756	7.356424425
6.398118257	7.493912307
4.354592196	7.068634863
4.453872098	7.059881462
4.465565611	6.952816807
3.621653773	6.91339777
3.624801778	7.009979394
5.892934295	6.511949425
6.511949425	5.892934295
4.564743337	5.36789935
5.63390477	4.563317064
4.153260615	5.91134666
4.108270444	6.008625488
6.749400007	6.530442422
4.723183223	5.99889585
4.674911834	6.10259345
4.486721325	5.896068776
5.277038797	4.153338573
6.854310848	5.269183361
5.254251073	6.831579614
4.42449545	6.261520336
3.570512097	3.720668583
3.469411127	3.666230835
7.281522331	3.566336568
7.333646511	3.467210308
6.45986227	7.268559568
4.513195863	6.634896092
4.492885823	6.744020897
4.960887477	4.626129357
4.906105248	4.504636904
6.373870643	4.960887477
6.496677782	4.907159409
7.378206607	4.083051743
4.206599744	5.818078685
7.403405529	6.817235635
7.313505996	6.85047874
7.31296816	6.749056311
7.211024432	6.881347989
4.154318099	5.720941955
4.879288078	6.936000184
6.03402947	4.136760334
5.967510762	4.050199232
4.136751216	4.966011833
4.050135402	5.032778358
7.174916525	3.562736783
3.563556715	3.825314216
6.309428534	5.890791472
5.890258668	6.309961338
4.999321044	4.733908491
4.893526553	4.698183432
4.798981903	4.678178754
4.837415471	4.785957889
6.266091509	4.999321044
6.301816568	4.893526553
6.321821246	4.798981903
6.214042111	4.837415471
6.246796567	4.406751993
4.406751993	4.753203433
7.510129536	6.97689942
7.494466362	6.854202542
3.781214295	4.348188025
3.888299432	4.38252138
4.722422058	6.562988468
4.824714013	6.528295226
4.816224176	6.24054981
4.885771929	6.315778558
4.95513633	6.382262315
4.988952882	6.27803492
4.888184008	6.037581343
4.815802111	5.975081343
4.927618102	5.9375
6.51565929	4.799129112
6.433628581	4.748743512
6.345854124	4.69263243
4.799129112	4.48434071
4.748743512	4.566371419
4.69263243	4.654145876
5.0625	6.078018052
5.958042585	4.310144286
6.082148	4.353730748
4.310142462	5.041965675
4.353728924	4.91786026
4.355864354	4.840754476
4.324875262	4.704314951
6.159238489	4.355681913
6.295678014	4.324692821
4.909216045	5.320662488
5.680052607	4.909374939
3.637308902	7.24313487
3.932411938	4.286065498
6.708486021	3.93432525
3.915042319	7.519256367
3.999427341	7.481096702
4.480429865	6.852425141
6.941810966	4.110329091
6.891887696	4.223996111
4.378248125	6.875695746
4.273955553	6.905399089
4.140773066	6.652791168
6.075498863	5.0625
5.0625	4.924501137
6.38338467	5.988681692
5.988468131	6.383598231
4.062619628	6.111853943
4.863232693	6.817005245
7.213075251	3.642188357
3.646886193	3.789668991
6.246533793	4.142444655
4.143358685	4.75342277
6.41169217	7.587782071
5.944049287	4.808211701
6.019709927	4.91107984
4.808211701	5.055950713
4.91107984	4.980290073
4.061962833	5.145045352
5.854995951	4.061971952
4.267658582	7.008880299
4.959794241	6.105775581
4.847978249	6.143356924
4.540551964	6.523223455
5.099128029	6.540411618
5.027829678	6.454503814
6.551666516	7.321352853
3.748208781	5.792306725
4.176243652	6.107930414
4.812307895	7.932058076
4.81235186	3.069262618
7.930737382	4.81235186
3.06803939	6.189177227
3.90711736	4.090813691
3.912648446	4.206340692
6.910572292	3.902043211
6.795045291	3.907574297
4.924648725	6.492247452
4.620015367	6.601065076
3.31365693	7.684887703
4.16915982	7.155732205
4.258866907	7.101427751
3.732990047	3.966502056
7.033889979	3.732318928
4.451160275	4.039794279
4.8770599	4.883271356
6.116728644	4.8770599
7.358313188	7.640244767
7.468321524	7.680105807
7.512520056	7.589273071
5.208149368	3.757947893
7.242052107	5.208149368
5.206169628	7.242210961
4.463448685	6.156320675
4.534502417	6.235223876
7.137609419	3.723545473
3.72786711	3.859841355
4.739619309	5.356653939
4.649801205	5.408022567
5.644061156	4.739778202
5.59574972	4.650850881
3.559903448	7.082759207
4.874208324	6.703002454
4.643157761	6.199786336
4.806347906	5.271323128
5.729391968	4.8065068
6.998051445	6.916617682
7.107037889	6.894438679
3.476302101	7.151092952
3.533011008	7.262154463
3.678733309	5.689183446
6.841104926	4.068449643
6.960540114	4.019916587
4.079319991	4.15669622
4.033892456	4.038176167
5.022294241	6.183793633
6.096657654	4.20003892
5.991310774	4.206441826
4.200037096	4.903350606
4.206430883	5.00873879
7.13537876	6.688261595
7.119082085	6.795390106
4.744613944	6.172355572
6.213974897	6.217414729
7.316842644	5.31139966
5.31139966	3.683157356
6.097018717	4.96598006
6.17251758	5.02848006
5.02848006	4.82748242
4.96598006	4.902981283
3.155696114	6.238078466
4.766111254	3.181550839
7.818449161	4.766111254
4.765161362	7.819790654
6.307115013	6.723894845
6.220713642	6.663512737
7.415828251	5.290922058
5.290922058	3.584171749
3.581255253	5.709615149
5.060895608	6.632279412
4.897407361	6.600536724
5.551637392	4.553361417
4.553738014	5.453939015
6.473972174	5.960525746
5.962503196	6.471987
6.280905586	4.214077312
6.173748143	4.201990085
4.215173783	4.719043942
4.202172526	4.826244822
4.068831047	5.235679564
5.764248275	4.068236019
6.773274802	4.004788091
4.007948928	4.2226627
4.974143036	6.66695468
4.106444253	5.336369892
5.663155843	4.102864965
5.960839778	6.565242607
6.567227781	5.958862328
7.247729282	6.66310181
6.132122949	6.74207862
6.12786628	6.61793232
6.626527121	6.12794371
6.744954224	6.139537827
6.034842133	6.610889193
6.611520462	6.032922777
4.271852194	4.868971778
6.131029447	4.271671576

--------------------------------------------------------------------------------
ELEMENT CONNECTIVITY
--------------------------------------------------------------------------------
722	419	546	826	827	828
514	722	546	829	828	830
721	548	417	831	832	833
516	548	721	834	831	835
723	547	418	836	837	838
513	547	723	839	836	840
512	675	614	841	842	843
511	676	613	844	845	846
507	614	669	847	848	849
508	613	670	850	851	852
509	611	673	853	854	855
510	612	674	856	857	858
454	485	649	859	860	861
453	486	650	862	863	864
472	487	661	865	866	867
471	488	662	868	869	870
463	491	658	871	872	873
465	489	656	874	875	876
466	490	655	877	878	879
464	492	657	880	881	882
467	494	664	883	884	885
468	493	663	886	887	888
470	668	502	889	890	891
469	667	501	892	893	894
458	497	653	895	896	897
459	499	659	898	899	900
460	500	660	901	902	903
457	498	654	904	905	906
455	495	652	907	908	909
456	496	651	910	911	912
461	666	504	913	914	915
462	665	503	916	917	918
669	614	452	848	919	920
670	613	451	851	921	922
675	452	614	923	919	842
676	451	613	924	921	845
673	611	450	854	925	926
674	612	449	857	927	928
420	545	515	929	930	931
359	520	360	932	933	379
242	519	243	934	935	262
244	518	245	936	937	264
361	517	362	938	939	381
320	521	321	940	941	340
281	522	282	942	943	301
322	524	323	944	945	342
283	523	284	946	947	303
182	766	495	948	949	950
17	765	496	951	952	953
188	767	500	954	955	956
20	768	498	957	958	959
185	769	497	960	961	962
23	770	499	963	964	965
278	501	764	966	967	968
317	502	763	969	970	971
285	503	776	972	973	974
251	760	492	975	976	977
324	504	775	978	979	980
368	759	491	981	982	983
248	761	489	984	985	986
365	762	490	987	988	989
127	772	493	990	991	992
72	771	494	993	994	995
130	773	488	996	997	998
75	774	487	999	1000	1001
143	757	486	1002	1003	1004
88	758	485	1005	1006	1007
518	672	626	1008	1009	1010
517	671	625	1011	1012	1013
17	496	589	953	1014	1015
182	495	590	950	1016	1017
127	493	592	992	1018	1019
72	494	591	995	1020	1021
278	635	501	1022	1023	966
317	636	502	1024	1025	969
143	486	638	1004	1026	1027
88	485	637	1007	1028	1029
485	526	649	1030	1031	860
486	525	650	1032	1033	863
491	531	658	1034	1035	872
492	532	657	1036	1037	881
489	529	656	1038	1039	875
490	530	655	1040	1041	878
488	528	662	1042	1043	869
487	527	661	1044	1045	866
494	533	664	1046	1047	884
493	534	663	1048	1049	887
502	668	535	890	1050	1051
501	667	536	893	1052	1053
500	542	660	1054	1055	902
499	541	659	1056	1057	899
497	537	653	1058	1059	896
498	538	654	1060	1061	905
495	540	652	1062	1063	908
496	539	651	1064	1065	911
504	666	543	914	1066	1067
503	665	544	917	1068	1069
450	611	506	925	1070	1071
449	612	505	927	1072	1073
672	430	626	1074	1075	1009
671	429	625	1076	1077	1012
674	449	605	928	1078	1079
673	450	606	926	1080	1081
669	452	608	920	1082	1083
670	451	607	922	1084	1085
675	608	452	1086	1082	923
676	607	451	1087	1084	924
368	491	593	983	1088	1089
251	492	594	977	1090	1091
520	674	605	1092	1079	1093
519	673	606	1094	1081	1095
521	670	607	1096	1085	1097
522	669	608	1098	1083	1099
524	607	676	1100	1087	1101
523	608	675	1102	1086	1103
285	595	503	1104	1105	972
324	596	504	1106	1107	978
454	677	485	1108	1109	859
453	678	486	1110	1111	862
472	690	487	1112	1113	865
471	689	488	1114	1115	868
468	691	493	1116	1117	886
467	692	494	1118	1119	883
466	682	490	1120	1121	877
465	681	489	1122	1123	874
463	683	491	1124	1125	871
464	684	492	1126	1127	880
455	679	495	1128	1129	907
456	680	496	1130	1131	910
458	685	497	1132	1133	895
457	686	498	1134	1135	904
470	502	696	891	1136	1137
469	501	694	894	1138	1139
459	688	499	1140	1141	898
460	687	500	1142	1143	901
461	504	695	915	1144	1145
462	503	693	918	1146	1147
505	639	671	1148	1149	1150
506	640	672	1151	1152	1153
671	639	429	1149	1154	1076
672	640	430	1152	1155	1074
495	679	590	1129	1156	1016
496	680	589	1131	1157	1014
493	691	592	1117	1158	1018
494	692	591	1119	1159	1020
421	590	679	1160	1156	1161
422	589	680	1162	1157	1163
431	592	691	1164	1158	1165
432	591	692	1166	1159	1167
437	641	507	1168	1169	1170
438	642	508	1171	1172	1173
446	512	643	1174	1175	1176
445	511	644	1177	1178	1179
20	498	617	959	1180	1181
188	500	615	956	1182	1183
185	497	618	962	1184	1185
23	499	616	965	1186	1187
365	490	619	989	1188	1189
248	489	620	986	1190	1191
130	488	621	998	1192	1193
75	487	622	1001	1194	1195
443	623	509	1196	1197	1198
444	624	510	1199	1200	1201
90	609	526	1202	1203	1204
145	610	525	1205	1206	1207
360	520	605	933	1093	1208
243	519	606	935	1095	1209
321	521	607	941	1097	1210
282	522	608	943	1099	1211
244	606	518	1212	1213	936
361	605	517	1214	1215	938
322	607	524	1216	1100	944
283	608	523	1217	1102	946
443	519	648	1218	1219	1220
444	520	647	1221	1222	1223
323	524	596	945	1224	1225
284	523	595	947	1226	1227
182	183	766	210	1228	948
17	18	765	45	1229	951
188	189	767	216	1230	954
23	24	770	51	1231	963
185	186	769	213	1232	960
20	21	768	48	1233	957
317	763	318	971	1234	337
278	764	279	968	1235	298
285	776	286	974	1236	305
324	775	325	980	1237	344
250	760	251	1238	975	270
367	759	368	1239	981	387
247	761	248	1240	984	267
364	762	365	1241	987	384
127	128	772	155	1242	990
72	73	771	100	1243	993
130	131	773	158	1244	996
75	76	774	103	1245	999
143	144	757	171	1246	1002
88	89	758	116	1247	1005
426	514	593	1248	1249	1250
435	528	728	1251	1252	1253
436	527	727	1254	1255	1256
447	726	544	1257	1258	1259
448	725	543	1260	1261	1262
425	724	594	1263	1264	1265
515	594	724	1266	1264	1267
437	522	628	1268	1269	1270
438	521	627	1271	1272	1273
448	638	678	1274	1275	1276
447	637	677	1277	1278	1279
435	696	636	1280	1281	1282
436	694	635	1283	1284	1285
446	595	523	1286	1226	1287
445	596	524	1288	1224	1289
450	506	672	1071	1153	1290
449	505	671	1073	1150	1291
443	509	673	1198	855	1292
444	510	674	1201	858	1293
437	507	669	1170	849	1294
438	508	670	1173	852	1295
446	675	512	1296	841	1174
445	676	511	1297	844	1177
426	593	683	1250	1298	1299
425	594	684	1265	1300	1301
450	518	606	1302	1213	1080
449	517	605	1303	1215	1078
491	683	593	1125	1298	1088
492	684	594	1127	1300	1090
446	693	595	1304	1305	1286
445	695	596	1306	1307	1288
503	595	693	1105	1305	1146
504	596	695	1107	1307	1144
435	728	580	1253	1308	1309
436	727	582	1256	1310	1311
448	552	725	1312	1313	1260
447	551	726	1314	1315	1257
486	678	638	1111	1275	1026
485	677	637	1109	1278	1028
502	636	696	1025	1281	1136
501	635	694	1023	1284	1138
433	621	689	1316	1317	1318
434	622	690	1319	1320	1321
427	620	681	1322	1323	1324
428	619	682	1325	1326	1327
442	615	687	1328	1329	1330
441	616	688	1331	1332	1333
440	617	686	1334	1335	1336
439	618	685	1337	1338	1339
449	671	517	1291	1011	1303
450	672	518	1290	1008	1302
443	673	519	1292	1094	1218
444	674	520	1293	1092	1221
445	524	676	1289	1101	1297
446	523	675	1287	1103	1296
437	669	522	1294	1098	1268
438	670	521	1295	1096	1271
488	689	621	1115	1317	1192
487	690	622	1113	1320	1194
489	681	620	1123	1323	1190
490	682	619	1121	1326	1188
500	687	615	1143	1329	1182
499	688	616	1141	1332	1186
498	686	617	1135	1335	1180
497	685	618	1133	1338	1184
482	591	781	1340	1341	1342
478	589	779	1343	1344	1345
200	629	570	1346	1347	1348
35	630	569	1349	1350	1351
359	647	520	1352	1222	932
242	648	519	1353	1219	934
180	729	597	1354	1355	1356
15	730	599	1357	1358	1359
125	731	598	1360	1361	1362
70	732	602	1363	1364	1365
92	604	734	1366	1367	1368
147	603	733	1369	1370	1371
200	201	629	228	1372	1346
35	36	630	63	1373	1349
426	787	514	1374	1375	1248
420	515	788	931	1376	1377
90	91	609	118	1378	1202
145	146	610	173	1379	1205
482	732	591	1380	1381	1340
478	730	589	1382	1383	1343
362	517	625	939	1013	1384
245	518	626	937	1010	1385
320	627	521	1386	1272	940
281	628	522	1387	1269	942
545	777	781	1388	1389	1390
437	628	536	1270	1391	1392
438	627	535	1273	1393	1394
429	530	625	1395	1396	1077
430	529	626	1397	1398	1075
420	777	545	1399	1388	929
443	541	623	1400	1401	1196
444	542	624	1402	1403	1199
432	631	545	1404	1405	1406
422	634	546	1407	1408	1409
424	547	633	1410	1411	1412
423	548	632	1413	1414	1415
433	534	621	1416	1417	1316
434	533	622	1418	1419	1319
428	531	619	1420	1421	1325
427	532	620	1422	1423	1322
440	539	617	1424	1425	1334
442	537	615	1426	1427	1328
441	538	616	1428	1429	1331
439	540	618	1430	1431	1337
179	180	597	207	1356	1432
14	15	599	42	1359	1433
124	125	598	152	1362	1434
69	70	602	97	1365	1435
37	38	601	65	1436	1437
202	203	600	230	1438	1439
92	93	604	120	1440	1366
147	148	603	175	1441	1369
37	601	744	1437	1442	1443
202	600	743	1439	1444	1445
187	615	537	1446	1427	1447
22	616	538	1448	1429	1449
19	617	539	1450	1425	1451
184	618	540	1452	1431	1453
366	619	531	1454	1421	1455
249	620	532	1456	1423	1457
74	622	533	1458	1419	1459
129	621	534	1460	1417	1461
444	647	560	1223	1462	1463
443	648	559	1220	1464	1465
424	526	609	1466	1203	1467
423	525	610	1468	1206	1469
421	561	646	1470	1471	1472
431	581	645	1473	1474	1475
329	549	632	1476	1477	1478
290	550	633	1479	1480	1481
233	634	562	1482	1483	1484
272	631	579	1485	1486	1487
477	597	729	1488	1355	1489
479	598	731	1490	1361	1491
478	599	730	1492	1358	1382
482	602	732	1493	1364	1380
484	734	604	1494	1367	1495
483	733	603	1496	1370	1497
25	623	541	1498	1401	1499
190	624	542	1500	1403	1501
427	573	572	1502	1503	1504
428	574	571	1505	1506	1507
433	585	584	1508	1509	1510
434	586	583	1511	1512	1513
442	563	555	1514	1515	1516
441	564	556	1517	1518	1519
440	565	557	1520	1521	1522
439	566	558	1523	1524	1525
421	646	817	1472	1526	1527
431	645	816	1475	1528	1529
437	578	641	1530	1531	1168
438	575	642	1532	1533	1171
429	639	577	1154	1534	1535
430	640	576	1155	1536	1537
446	643	568	1176	1538	1539
445	644	567	1179	1540	1541
425	630	724	1542	1543	1263
448	554	638	1544	1545	1274
447	553	637	1546	1547	1277
435	636	588	1282	1548	1549
436	635	587	1285	1550	1551
11	329	632	349	1478	1552
12	290	633	310	1481	1553
10	634	233	1554	1482	252
9	631	272	1555	1485	291
90	526	758	1204	1556	1557
145	525	757	1207	1558	1559
77	527	774	1560	1561	1562
132	528	773	1563	1564	1565
74	533	771	1459	1566	1567
129	534	772	1461	1568	1569
363	530	762	1570	1571	1572
246	529	761	1573	1574	1575
366	531	759	1455	1576	1577
249	532	760	1457	1578	1579
319	763	535	1580	1581	1582
280	764	536	1583	1584	1585
187	537	769	1447	1586	1587
22	538	768	1449	1588	1589
25	541	770	1499	1590	1591
190	542	767	1501	1592	1593
19	539	765	1451	1594	1595
184	540	766	1453	1596	1597
326	775	543	1598	1599	1600
287	776	544	1601	1602	1603
482	781	777	1342	1389	1604
604	754	780	1605	1606	1607
603	753	783	1608	1609	1610
599	778	755	1611	1612	1613
484	604	780	1495	1607	1614
483	603	783	1497	1610	1615
478	778	599	1616	1611	1492
473	597	753	1617	1618	1619
474	598	754	1620	1621	1622
475	755	600	1623	1624	1625
476	602	756	1626	1627	1628
422	562	634	1629	1483	1407
424	633	550	1412	1480	1630
423	632	549	1415	1477	1631
432	579	631	1632	1486	1404
363	625	530	1633	1396	1570
246	626	529	1634	1398	1573
319	535	627	1582	1393	1635
280	536	628	1585	1391	1636
602	777	756	1637	1638	1627
597	813	753	1639	1640	1618
598	815	754	1641	1642	1621
600	755	814	1624	1643	1644
426	570	629	1645	1347	1646
425	569	630	1647	1350	1542
486	757	525	1003	1558	1032
485	758	526	1006	1556	1030
488	773	528	997	1564	1042
487	774	527	1000	1561	1044
494	771	533	994	1566	1046
493	772	534	991	1568	1048
489	761	529	985	1574	1038
490	762	530	988	1571	1040
491	759	531	982	1576	1034
492	760	532	976	1578	1036
502	535	763	1051	1581	970
501	536	764	1053	1584	967
497	769	537	961	1586	1058
498	768	538	958	1588	1060
500	767	542	955	1592	1054
499	770	541	964	1590	1056
495	766	540	949	1596	1062
496	765	539	952	1594	1064
503	544	776	1069	1602	973
504	543	775	1067	1599	979
481	601	788	1648	1649	1650
601	756	788	1651	1652	1649
432	545	781	1406	1390	1653
419	778	546	1654	1655	827
422	546	779	1409	1656	1657
418	547	780	837	1658	1659
417	548	783	832	1660	1661
424	782	547	1662	1663	1410
423	784	548	1664	1665	1413
422	779	589	1657	1344	1162
432	781	591	1653	1341	1166
10	368	593	388	1089	1666
9	251	594	271	1091	1667
16	17	589	44	1015	1668
181	182	590	209	1017	1669
71	72	591	99	1021	1670
126	127	592	154	1019	1671
323	596	324	1225	1106	343
284	595	285	1227	1104	304
277	587	635	1672	1550	1673
316	588	636	1674	1548	1675
142	638	554	1676	1545	1677
87	637	553	1678	1547	1679
9	594	809	1667	1680	1681
10	593	810	1666	1682	1683
480	743	600	1684	1444	1685
481	744	601	1686	1442	1648
85	568	643	1687	1538	1688
140	567	644	1689	1540	1690
30	576	640	1691	1536	1692
195	577	639	1693	1534	1694
80	641	578	1695	1531	1696
135	642	575	1697	1533	1698
481	724	630	1699	1543	1700
515	809	594	1701	1680	1266
514	810	593	1702	1682	1249
453	805	552	1703	1704	1705
454	806	551	1706	1707	1708
461	807	554	1709	1710	1711
462	808	553	1712	1713	1714
459	559	804	1715	1716	1717
460	560	803	1718	1719	1720
457	556	802	1721	1722	1723
458	555	801	1724	1725	1726
455	558	799	1727	1728	1729
456	557	800	1730	1731	1732
469	798	578	1733	1734	1735
470	797	575	1736	1737	1738
463	571	789	1739	1740	1741
466	577	792	1742	1743	1744
465	576	791	1745	1746	1747
464	572	790	1748	1749	1750
467	583	793	1751	1752	1753
471	588	795	1754	1755	1756
472	587	796	1757	1758	1759
468	584	794	1760	1761	1762
19	20	617	47	1181	1450
187	188	615	215	1183	1446
184	185	618	212	1185	1452
22	23	616	50	1187	1448
365	619	366	1189	1454	385
248	620	249	1191	1456	268
74	75	622	102	1195	1458
129	130	621	157	1193	1460
360	605	361	1208	1214	380
243	606	244	1209	1212	263
321	607	322	1210	1216	341
282	608	283	1211	1217	302
77	727	527	1763	1255	1560
132	728	528	1764	1252	1563
326	543	725	1600	1261	1765
287	544	726	1603	1258	1766
329	701	549	1767	1768	1476
290	702	550	1769	1770	1479
35	569	714	1351	1771	1772
32	573	716	1773	1774	1775
197	574	715	1776	1777	1778
200	570	713	1348	1779	1780
314	585	720	1781	1782	1783
272	579	717	1487	1784	1785
311	581	718	1786	1787	1788
275	586	719	1789	1790	1791
78	712	582	1792	1793	1794
133	711	580	1795	1796	1797
233	562	709	1484	1798	1799
350	561	710	1800	1801	1802
236	565	708	1803	1804	1805
356	563	706	1806	1807	1808
239	564	705	1809	1810	1811
353	566	707	1812	1813	1814
85	704	568	1815	1816	1687
140	703	567	1817	1818	1689
277	635	278	1673	1022	297
316	636	317	1675	1024	336
87	88	637	115	1029	1678
142	143	638	170	1027	1676
144	145	757	172	1559	1246
89	90	758	117	1557	1247
76	77	774	104	1562	1245
131	132	773	159	1565	1244
73	74	771	101	1567	1243
128	129	772	156	1569	1242
363	762	364	1572	1241	383
246	761	247	1575	1240	266
366	759	367	1577	1239	386
249	760	250	1579	1238	269
279	764	280	1235	1583	299
318	763	319	1234	1580	338
186	187	769	214	1587	1232
21	22	768	49	1589	1233
24	25	770	52	1591	1231
189	190	767	217	1593	1230
18	19	765	46	1595	1229
183	184	766	211	1597	1228
325	775	326	1237	1598	345
286	776	287	1236	1601	306
25	26	623	53	1819	1498
190	191	624	218	1820	1500
137	138	613	165	1821	1822
82	83	614	110	1823	1824
192	193	612	220	1825	1826
27	28	611	55	1827	1828
350	646	561	1829	1471	1800
311	645	581	1830	1474	1786
423	650	525	1831	1033	1468
424	649	526	1832	1031	1466
436	661	527	1833	1045	1254
435	662	528	1834	1043	1251
429	655	530	1835	1041	1395
430	656	529	1836	1039	1397
428	658	531	1837	1035	1420
427	657	532	1838	1037	1422
434	664	533	1839	1047	1418
433	663	534	1840	1049	1416
437	536	667	1392	1052	1841
438	535	668	1394	1050	1842
442	653	537	1843	1059	1426
441	654	538	1844	1061	1428
440	651	539	1845	1065	1424
439	652	540	1846	1063	1430
443	659	541	1847	1057	1400
444	660	542	1848	1055	1402
447	544	665	1259	1068	1849
448	543	666	1262	1066	1850
241	559	648	1851	1464	1852
358	560	647	1853	1462	1854
84	85	643	112	1688	1855
139	140	644	167	1690	1856
29	30	640	57	1692	1857
194	195	639	222	1694	1858
80	81	641	108	1859	1695
135	136	642	163	1860	1697
515	545	809	930	1861	1701
514	546	810	830	1862	1702
513	811	547	1863	1864	839
516	812	548	1865	1866	834
453	701	805	1867	1868	1703
454	702	806	1869	1870	1706
461	703	807	1871	1872	1709
462	704	808	1873	1874	1712
460	803	706	1720	1875	1876
459	804	705	1717	1877	1878
457	802	708	1723	1879	1880
458	801	707	1726	1881	1882
456	800	709	1732	1883	1884
455	799	710	1729	1885	1886
469	712	798	1887	1888	1733
470	711	797	1889	1890	1736
471	795	720	1756	1891	1892
472	796	719	1759	1893	1894
467	793	717	1753	1895	1896
468	794	718	1762	1897	1898
466	792	715	1744	1899	1900
465	791	716	1747	1901	1902
463	789	713	1741	1903	1904
464	790	714	1750	1905	1906
426	629	787	1646	1907	1374
314	720	315	1783	1908	334
31	32	716	59	1775	1909
34	35	714	62	1772	1910
196	197	715	224	1778	1911
275	719	276	1791	1912	295
199	200	713	227	1780	1913
272	717	273	1785	1914	292
311	718	312	1788	1915	331
328	701	329	1916	1767	348
289	702	290	1917	1769	309
78	79	712	106	1918	1792
133	134	711	161	1919	1795
233	709	234	1799	1920	253
350	710	351	1802	1921	370
236	708	237	1805	1922	256
356	706	357	1808	1923	376
353	707	354	1814	1924	373
239	705	240	1811	1925	259
85	86	704	113	1926	1815
140	141	703	168	1927	1817
362	625	363	1384	1633	382
245	626	246	1385	1634	265
319	627	320	1635	1386	339
280	628	281	1636	1387	300
11	646	350	1928	1829	369
12	645	311	1929	1830	330
7	178	697	205	1930	1931
7	697	149	1931	1932	177
6	699	94	1933	1934	122
8	13	698	40	1935	1936
6	123	699	150	1937	1933
8	698	204	1936	1938	232
5	700	39	1939	1940	67
5	68	700	95	1941	1939
241	648	242	1852	1353	261
358	647	359	1854	1352	378
181	590	729	1669	1942	1943
16	589	730	1668	1383	1944
126	592	731	1671	1945	1946
71	591	732	1670	1381	1947
447	665	553	1849	1948	1546
462	553	665	1714	1948	916
461	554	666	1711	1949	913
448	666	554	1850	1949	1544
455	652	558	909	1950	1727
456	651	557	912	1951	1730
439	558	652	1525	1950	1846
440	557	651	1522	1951	1845
458	653	555	897	1952	1724
442	555	653	1516	1952	1843
457	654	556	906	1953	1721
441	556	654	1519	1953	1844
459	659	559	900	1954	1715
460	660	560	903	1955	1718
443	559	659	1465	1954	1847
444	560	660	1463	1955	1848
429	577	655	1535	1956	1835
466	655	577	879	1956	1742
465	656	576	876	1957	1745
430	576	656	1537	1957	1836
427	572	657	1504	1958	1838
463	658	571	873	1959	1739
464	657	572	882	1958	1748
428	571	658	1507	1959	1837
437	667	578	1841	1960	1530
470	575	668	1738	1961	889
438	668	575	1842	1961	1532
469	578	667	1735	1960	892
472	661	587	867	1962	1757
436	587	661	1551	1962	1833
471	662	588	870	1963	1754
467	664	583	885	1964	1751
468	663	584	888	1965	1760
433	584	663	1510	1965	1840
435	588	662	1549	1963	1834
434	583	664	1513	1964	1839
423	549	650	1631	1966	1831
424	550	649	1630	1967	1832
453	650	549	864	1966	1968
454	649	550	861	1967	1969
513	816	645	1970	1528	1971
516	817	646	1972	1526	1973
454	551	677	1708	1974	1108
453	552	678	1705	1975	1110
447	677	551	1279	1974	1314
448	678	552	1276	1975	1312
421	679	561	1161	1976	1470
422	680	562	1163	1977	1629
455	561	679	1978	1976	1128
456	562	680	1979	1977	1130
458	566	685	1980	1981	1132
439	685	566	1339	1981	1523
440	686	565	1336	1982	1520
466	574	682	1983	1984	1120
463	570	683	1985	1986	1124
457	565	686	1987	1982	1134
427	681	573	1324	1988	1502
465	573	681	1989	1988	1122
428	682	574	1327	1984	1505
442	687	563	1330	1990	1514
426	683	570	1299	1986	1645
464	569	684	1991	1992	1126
441	688	564	1333	1993	1517
425	684	569	1301	1992	1647
459	564	688	1994	1993	1140
460	563	687	1995	1990	1142
472	586	690	1996	1997	1112
434	690	586	1321	1997	1511
433	689	585	1318	1998	1508
471	585	689	1999	1998	1114
467	579	692	2000	2001	1118
431	691	581	1165	2002	1473
468	581	691	2003	2002	1116
432	692	579	1167	2001	1632
446	568	693	1539	2004	1304
461	695	567	1145	2005	2006
445	567	695	1541	2005	1306
462	693	568	1147	2004	2007
436	582	694	1311	2008	1283
470	696	580	1137	2009	2010
469	694	582	1139	2008	2011
435	580	696	1309	2009	1280
138	819	613	2012	2013	1821
83	818	614	2014	2015	1823
511	613	819	846	2013	2016
512	614	818	843	2015	2017
193	820	612	2018	2019	1825
28	821	611	2020	2021	1827
505	612	820	1072	2019	2022
506	611	821	1070	2021	2023
509	822	611	2024	2025	853
510	823	612	2026	2027	856
27	611	822	1828	2025	2028
192	612	823	1826	2027	2029
507	824	614	2030	2031	847
508	825	613	2032	2033	850
137	613	825	1822	2033	2034
82	614	824	1824	2031	2035
327	725	552	2036	1313	2037
288	726	551	2038	1315	2039
78	582	727	1794	1310	2040
133	580	728	1797	1308	2041
590	786	729	2042	2043	1942
592	785	731	2044	2045	1945
484	782	609	2046	2047	2048
483	784	610	2049	2050	2051
424	609	782	1467	2047	1662
423	610	784	1469	2050	1664
584	585	745	1509	2052	2053
583	586	748	1512	2054	2055
572	573	746	1503	2056	2057
571	574	747	1506	2058	2059
555	563	751	1515	2060	2061
556	564	752	1518	2062	2063
557	565	749	1521	2064	2065
558	566	750	1524	2066	2067
327	552	805	2037	1704	2068
288	551	806	2039	1707	2069
453	549	701	1968	1768	1867
454	550	702	1969	1770	1869
142	554	807	1677	1710	2070
87	553	808	1679	1713	2071
358	803	560	2072	1719	1853
241	804	559	2073	1716	1851
461	567	703	2006	1818	1871
462	568	704	2007	1816	1873
458	707	566	1882	1813	1980
455	710	561	1886	1801	1978
456	709	562	1884	1798	1979
457	708	565	1880	1804	1987
459	705	564	1878	1810	1994
460	706	563	1876	1807	1995
135	575	797	1698	1737	2074
80	578	798	1696	1734	2075
463	713	570	1904	1779	1985
30	791	576	2076	1746	1691
464	714	569	1906	1771	1991
195	792	577	2077	1743	1693
466	715	574	1900	1777	1983
465	716	573	1902	1774	1989
470	580	711	2010	1796	1889
469	582	712	2011	1793	1887
316	795	588	2078	1755	1674
467	717	579	1896	1784	2000
277	796	587	2079	1758	1672
468	718	581	1898	1787	2003
472	719	586	1894	1790	1996
471	720	585	1892	1782	1999
32	746	573	2080	2056	1773
197	747	574	2081	2058	1776
239	752	564	2082	2062	1809
356	751	563	2083	2060	1806
236	749	565	2084	2064	1803
353	750	566	2085	2066	1812
314	745	585	2086	2052	1781
275	748	586	2087	2054	1789
421	786	590	2088	2042	1160
431	785	592	2089	2044	1164
77	78	727	105	2040	1763
132	133	728	160	2041	1764
326	725	327	1765	2036	346
287	726	288	1766	2038	307
179	597	735	1432	2090	2091
475	600	738	1625	2092	2093
474	737	598	2094	2095	1620
14	599	736	1433	2096	2097
473	735	597	2098	2090	1617
203	738	600	2099	2092	1438
124	598	737	1434	2095	2100
38	740	601	2101	2102	1436
476	601	740	2103	2102	2104
476	739	602	2105	2106	1626
69	602	739	1435	2106	2107
475	736	599	2108	2096	2109
148	741	603	2110	2111	1441
473	603	741	2112	2111	2113
93	742	604	2114	2115	1440
474	604	742	2116	2115	2117
483	610	733	2051	2118	1496
484	609	734	2048	2119	1494
146	733	610	2120	2118	1379
91	734	609	2121	2119	1378
480	787	629	2122	1907	2123
477	813	597	2124	1639	1488
479	815	598	2125	1641	1490
480	600	814	1685	1644	2126
476	756	601	1628	1651	2103
475	599	755	2109	1613	1623
473	753	603	1619	1608	2112
474	754	604	1622	1605	2116
482	777	602	1604	1637	1493
419	755	778	2127	1612	1654
418	780	754	1659	1606	2128
417	783	753	1661	1609	2129
420	756	777	2130	1638	1399
26	822	623	2131	2132	1819
191	823	624	2133	2134	1820
509	623	822	1197	2132	2024
510	624	823	1200	2134	2026
201	202	743	229	1445	2135
36	37	744	64	1443	2136
178	179	735	206	2091	2137
13	14	736	41	2097	2138
148	149	741	176	2139	2110
93	94	742	121	2140	2114
123	124	737	151	2100	2141
203	204	738	231	2142	2099
38	39	740	66	2143	2101
68	69	739	96	2107	2144
180	181	729	208	1943	1354
15	16	730	43	1944	1357
125	126	731	153	1946	1360
70	71	732	98	1947	1363
146	147	733	174	1371	2120
91	92	734	119	1368	2121
477	729	786	1489	2043	2145
479	731	785	1491	2045	2146
420	788	756	1377	1652	2130
238	752	239	2147	2082	258
355	751	356	2148	2083	375
235	749	236	2149	2084	255
352	750	353	2150	2085	372
32	33	746	60	2151	2080
197	198	747	225	2152	2081
313	745	314	2153	2086	333
274	748	275	2154	2087	294
33	790	746	2155	2156	2151
198	789	747	2157	2158	2152
572	746	790	2057	2156	1749
571	747	789	2059	2158	1740
274	793	748	2159	2160	2154
313	794	745	2161	2162	2153
583	748	793	2055	2160	1752
584	745	794	2053	2162	1761
558	750	799	2067	2163	1728
352	799	750	2164	2163	2150
557	749	800	2065	2165	1731
235	800	749	2166	2165	2149
555	751	801	2061	2167	1725
355	801	751	2168	2167	2148
556	752	802	2063	2169	1722
238	802	752	2170	2169	2147
30	31	791	58	2171	2076
33	34	790	61	2172	2155
198	199	789	226	2173	2157
195	196	792	223	2174	2077
273	793	274	2175	2159	293
312	794	313	2176	2161	332
276	796	277	2177	2079	296
315	795	316	2178	2078	335
134	135	797	162	2074	2179
79	80	798	107	2075	2180
234	800	235	2181	2166	254
351	799	352	2182	2164	371
354	801	355	2183	2168	374
237	802	238	2184	2170	257
357	803	358	2185	2072	377
240	804	241	2186	2073	260
288	806	289	2069	2187	308
327	805	328	2068	2188	347
86	87	808	114	2071	2189
141	142	807	169	2070	2190
81	82	824	109	2035	2191
136	137	825	164	2034	2192
26	27	822	54	2028	2131
191	192	823	219	2029	2133
83	84	818	111	2193	2014
138	139	819	166	2194	2012
28	29	821	56	2195	2020
193	194	820	221	2196	2018
514	787	722	1375	2197	829
515	724	788	1267	2198	1376
477	817	721	2199	2200	2201
479	816	723	2202	2203	2204
477	786	817	2145	2205	2199
479	785	816	2146	2206	2202
417	753	813	2129	1640	2207
418	754	815	2128	1642	2208
419	814	755	2209	1643	2127
201	743	629	2135	2210	1372
36	744	630	2136	2211	1373
548	812	632	1866	2212	1414
546	634	810	1408	2213	1862
545	631	809	1405	2214	1861
547	811	633	1864	2215	1411
480	629	743	2123	2210	1684
481	630	744	1700	2211	1686
513	645	811	1971	2216	1863
12	811	645	2217	2216	1929
516	646	812	1973	2218	1865
11	812	646	2219	2218	1928
9	809	631	1681	2214	1555
10	810	634	1683	2213	1554
11	632	812	1552	2212	2219
12	633	811	1553	2215	2217
136	825	642	2192	2220	1860
81	824	641	2191	2221	1859
507	641	824	1169	2221	2030
508	642	825	1172	2220	2032
29	640	821	1857	2222	2195
194	639	820	1858	2223	2196
505	820	639	2022	2223	1148
506	821	640	2023	2222	1151
139	644	819	1856	2224	2194
84	643	818	1855	2225	2193
511	819	644	2016	2224	1178
512	818	643	2017	2225	1175
178	735	697	2137	2226	1930
149	697	741	1932	2227	2139
94	699	742	1934	2228	2140
13	736	698	2138	2229	1935
123	737	699	2141	2230	1937
204	698	738	1938	2231	2142
39	700	740	1940	2232	2143
68	739	700	2144	2233	1941
473	697	735	2234	2226	2098
475	698	736	2235	2229	2108
474	699	737	2236	2230	2094
475	738	698	2093	2231	2235
473	741	697	2113	2227	2234
476	700	739	2237	2233	2105
476	740	700	2104	2232	2237
474	742	699	2117	2228	2236
477	721	813	2201	2238	2124
479	723	815	2204	2239	2125
480	814	722	2126	2240	2241
141	807	703	2190	1872	1927
86	808	704	2189	1874	1926
289	806	702	2187	1870	1917
328	805	701	2188	1868	1916
240	705	804	1925	1877	2186
357	706	803	1923	1875	2185
354	707	801	1924	1881	2183
237	708	802	1922	1879	2184
234	709	800	1920	1883	2181
351	710	799	1921	1885	2182
134	797	711	2179	1890	1919
79	798	712	2180	1888	1918
199	713	789	1913	1903	2173
34	714	790	1910	1905	2172
31	716	791	1909	1901	2171
196	715	792	1911	1899	2174
312	718	794	1915	1897	2176
273	717	793	1914	1895	2175
276	719	796	1912	1893	2177
315	720	795	1908	1891	2178
478	779	778	1345	2242	1616
546	778	779	1655	2242	1656
483	783	784	1615	2243	2049
548	784	783	1665	2243	1660
484	780	782	1614	2244	2046
547	782	780	1663	2244	1658
480	722	787	2241	2197	2122
481	788	724	1650	2198	1699
417	813	721	2207	2238	833
419	722	814	826	2240	2209
418	815	723	2208	2239	838
513	723	816	840	2203	1970
516	721	817	835	2200	1972
421	817	786	1527	2205	2088
431	816	785	1529	2206	2089
2577	2253	2480	2715	2716	2717
2375	2577	2480	2718	2717	2719
2318	2370	2541	2720	2721	2722
2316	2372	2542	2723	2724	2725
2346	2433	2628	2726	2727	2728
2255	2455	2412	2729	2730	2731
2301	2398	2454	2732	2733	2734
2274	2452	2412	2735	2736	2737
2310	2412	2452	2738	2736	2739
2250	2387	2445	2740	2741	2742
2252	2389	2446	2743	2744	2745
2251	2390	2444	2746	2747	2748
2249	2447	2388	2749	2750	2751
2353	2623	2430	2752	2753	2754
2354	2622	2432	2755	2756	2757
2277	2396	2596	2758	2759	2760
2344	2596	2396	2761	2759	2762
2277	2596	2397	2760	2763	2764
2345	2397	2596	2765	2763	2766
2625	2278	2426	2767	2768	2769
2253	2454	2398	2770	2733	2771
2379	2625	2426	2772	2769	2773
2293	2674	2380	2774	2775	2776
2291	2675	2378	2777	2778	2779
2292	2379	2673	2780	2781	2782
2290	2672	2377	2783	2784	2785
2312	2392	2586	2786	2787	2788
2370	2676	2541	2789	2790	2721
2372	2677	2542	2791	2792	2724
2293	2436	2674	2793	2794	2774
2291	2437	2675	2795	2796	2777
2292	2673	2435	2782	2797	2798
2290	2434	2672	2799	2800	2783
2272	2552	2364	2801	2802	2803
2288	2367	2551	2804	2805	2806
2271	2549	2365	2807	2808	2809
2289	2550	2366	2810	2811	2812
2403	2705	2493	2813	2814	2815
2392	2540	2586	2816	2817	2787
2290	2499	2357	2818	2819	2820
2295	2439	2400	2821	2822	2823
2294	2438	2399	2824	2825	2826
2291	2491	2358	2827	2828	2829
2293	2489	2356	2830	2831	2832
2292	2359	2490	2833	2834	2835
285	286	2383	305	2836	2837
246	247	2382	266	2838	2839
354	355	2381	374	2840	2841
324	325	2384	344	2842	2843
2296	2493	2368	2844	2845	2846
2318	2475	2407	2847	2848	2849
2260	2407	2475	2850	2848	2851
2316	2473	2405	2852	2853	2854
2258	2405	2473	2855	2853	2856
327	2582	2392	2857	2858	2859
249	2583	2395	2860	2861	2862
352	2394	2584	2863	2864	2865
288	2581	2393	2866	2867	2868
2325	2535	2357	2869	2870	2871
2255	2412	2504	2731	2872	2873
2281	2377	2427	2874	2875	2876
2280	2380	2428	2877	2878	2879
2279	2378	2425	2880	2881	2882
2293	2356	2436	2832	2883	2793
2290	2357	2434	2820	2884	2799
2291	2358	2437	2829	2885	2795
2292	2435	2359	2798	2886	2833
2299	2412	2455	2887	2730	2888
2297	2480	2369	2889	2890	2891
2641	2325	2357	2892	2871	2893
327	328	2582	347	2894	2857
249	250	2583	269	2895	2860
351	352	2584	371	2865	2896
288	289	2581	308	2897	2866
2289	2628	2433	2898	2727	2899
2287	2430	2623	2900	2753	2901
2288	2432	2622	2902	2756	2903
2346	2608	2433	2904	2905	2726
2650	2402	2442	2906	2907	2908
2651	2401	2441	2909	2910	2911
2364	2552	2516	2802	2912	2913
2552	2286	2516	2914	2915	2912
2334	2402	2650	2916	2906	2917
2335	2401	2651	2918	2909	2919
2400	2439	2572	2822	2920	2921
2399	2438	2571	2825	2922	2923
2291	2378	2626	2779	2924	2925
2290	2377	2627	2785	2926	2927
2293	2380	2624	2776	2928	2929
2288	2467	2367	2930	2931	2804
2289	2366	2468	2812	2932	2933
2287	2466	2549	2934	2935	2936
2365	2549	2466	2808	2935	2937
2705	2368	2493	2938	2845	2814
2286	2373	2516	2939	2940	2915
2306	2565	2374	2941	2942	2943
2307	2375	2568	2944	2945	2946
2297	2369	2522	2891	2947	2948
2250	2445	2567	2742	2949	2950
2252	2446	2570	2745	2951	2952
2251	2444	2566	2748	2953	2954
2249	2569	2447	2955	2956	2749
2375	2480	2696	2719	2957	2958
2285	2640	2440	2959	2960	2961
2310	2504	2412	2962	2872	2738
2272	2364	2703	2803	2963	2964
2271	2365	2704	2809	2965	2966
2246	2494	2713	2967	2968	2969
2376	2440	2640	2970	2960	2971
2296	2368	2525	2846	2972	2973
2362	2713	2494	2974	2968	2975
10	2481	368	2976	2977	388
10	233	2481	252	2978	2976
11	2484	329	2979	2980	349
9	2483	251	2981	2982	271
11	350	2484	369	2983	2979
9	272	2483	291	2984	2981
12	2482	290	2985	2986	310
12	311	2482	330	2987	2985
2279	2626	2378	2988	2924	2880
2292	2625	2379	2989	2772	2780
2281	2627	2377	2990	2926	2874
2280	2624	2380	2991	2928	2877
2353	2430	2636	2754	2992	2993
2354	2432	2635	2757	2994	2995
2318	2530	2370	2996	2997	2720
2316	2531	2372	2998	2999	2723
2356	2637	2532	3000	3001	3002
2359	2534	2639	3003	3004	3005
2358	2638	2533	3006	3007	3008
2306	2374	2578	2943	3009	3010
2307	2577	2375	3011	2718	2944
2286	2682	2373	3012	3013	2939
2256	2457	2413	3014	3015	3016
2300	2413	2457	3017	3015	3018
2265	2541	2676	3019	2790	3020
2267	2542	2677	3021	2792	3022
2398	2708	2480	3023	3024	3025
363	2458	2534	3026	3027	3028
316	2533	2459	3029	3030	3031
277	2532	2461	3032	3033	3034
238	2535	2460	3035	3036	3037
2708	2369	2480	3038	2890	3024
2625	2447	2278	3039	3040	2767
2388	2447	2625	2750	3039	3041
2355	2682	2431	3042	3043	3044
275	276	2409	295	3045	3046
236	237	2408	256	3047	3048
364	365	2411	384	3049	3050
314	315	2410	334	3051	3052
2330	2410	2546	3053	3054	3055
2284	2546	2410	3056	3054	3057
2301	2454	2462	2734	3058	3059
2343	2462	2454	3060	3058	3061
2299	2455	2463	2888	3062	3063
2341	2463	2455	3064	3062	3065
2298	2465	2456	3066	3067	3068
2340	2456	2465	3069	3067	3070
2342	2464	2457	3071	3072	3073
2300	2457	2464	3018	3072	3074
2256	2418	2457	3075	3076	3014
2255	2415	2455	3077	3078	2729
2254	2456	2416	3079	3080	3081
2253	2417	2454	3082	3083	2770
2320	2714	2524	3084	3085	3086
2363	2697	2403	3087	3088	3089
2403	2697	2705	3088	3090	2813
2288	2551	2668	2806	3091	3092
2289	2669	2550	3093	3094	2810
2279	2387	2626	3095	3096	2988
2281	2390	2627	3097	3098	2990
2280	2389	2624	3099	3100	2991
2272	2686	2552	3101	3102	2801
2271	2685	2549	3103	3104	2807
354	2381	2448	2841	3105	3106
286	2450	2383	3107	3108	2836
247	2449	2382	3109	3110	2838
325	2451	2384	3111	3112	2842
2361	2524	2714	3113	3085	3114
2401	2685	2441	3115	3116	2910
2402	2686	2442	3117	3118	2907
2686	2272	2442	3101	3119	3118
2685	2271	2441	3103	3120	3116
2326	2532	2637	3121	3001	3122
2328	2533	2638	3123	3007	3124
2327	2639	2534	3125	3004	3126
2290	2414	2499	3127	3128	2818
350	2584	2484	3129	3130	2983
290	2482	2581	2986	3131	3132
329	2484	2582	2980	3133	3134
251	2483	2583	2982	3135	3136
2369	2607	2522	3137	3138	2947
2280	2446	2389	3139	2744	3099
2281	2444	2390	3140	2747	3097
2279	2445	2387	3141	2741	3095
2329	2408	2562	3142	3143	3144
2282	2562	2408	3145	3143	3146
2293	2405	2489	3147	3148	2830
2292	2490	2406	2835	3149	3150
2291	2407	2491	3151	3152	2827
2316	2405	2486	2854	3153	3154
2317	2487	2406	3155	3156	3157
2318	2407	2485	2849	3158	3159
324	2384	2500	2843	3160	3161
246	2382	2502	2839	3162	3163
285	2383	2501	2837	3164	3165
355	2503	2381	3166	3167	2840
2311	2505	2413	3168	3169	3170
2256	2413	2505	3016	3169	3171
2275	2558	2381	3172	3173	3174
2274	2383	2556	3175	3176	3177
2276	2382	2557	3178	3179	3180
2355	2431	2646	3044	3181	3182
2288	2622	2467	2903	3183	2930
2287	2623	2466	2901	3184	2934
2274	2560	2383	3185	3186	3175
2276	2561	2382	3187	3188	3178
2289	2468	2628	2933	3189	2898
289	290	2581	309	3132	2897
328	329	2582	348	3134	2894
350	351	2584	370	2896	3129
250	251	2583	270	3136	2895
2275	2381	2711	3174	3190	3191
275	2409	2602	3046	3192	3193
365	2601	2411	3194	3195	3049
236	2408	2603	3048	3196	3197
314	2410	2604	3052	3198	3199
2295	2400	2514	2823	3200	3201
2294	2399	2513	2826	3202	3203
2248	2522	2607	3204	3138	3205
2259	2543	2406	3206	3207	3208
2317	2406	2543	3157	3207	3209
2344	2396	2691	2762	3210	3211
2345	2692	2397	3212	3213	2765
2297	2696	2480	3214	2957	2889
2251	2471	2390	3215	3216	2746
2418	2632	2457	3217	3218	3076
2415	2631	2455	3219	3220	3078
2416	2456	2630	3080	3221	3222
2417	2633	2454	3223	3224	3083
2370	2467	2622	3225	3183	3226
2372	2466	2623	3227	3184	3228
2371	2628	2468	3229	3189	3230
2385	2643	2648	3231	3232	3233
2374	2525	2578	3234	3235	3009
2327	2534	2458	3126	3027	3236
2328	2459	2533	3237	3030	3123
2326	2461	2532	3238	3033	3121
2325	2460	2535	3239	3036	2869
2250	2485	2387	3240	3241	2740
2249	2388	2487	2751	3242	3243
2252	2486	2389	3244	3245	2743
2319	2656	2517	3246	3247	3248
2245	2571	2438	3249	2922	3250
2246	2572	2439	3251	2920	3252
2383	2560	2501	3186	3253	3164
2384	2559	2500	3254	3255	3160
2382	2561	2502	3188	3256	3162
234	235	2421	254	3257	3258
366	367	2420	386	3259	3260
273	274	2419	293	3261	3262
312	313	2422	332	3263	3264
2332	2498	2419	3265	3266	3267
2331	2420	2497	3268	3269	3270
2330	2496	2422	3271	3272	3273
2302	2421	2512	3274	3275	3276
2292	2700	2625	3277	3278	2989
2332	2547	2498	3279	3280	3265
2301	2559	2398	3281	3282	2732
2360	2517	2656	3283	3247	3284
2374	2565	2706	2942	3285	3286
2375	2707	2568	3287	3288	2945
2299	2501	2560	3289	3253	3290
2301	2500	2559	3291	3255	3281
2300	2502	2561	3292	3256	3293
2275	2705	2697	3294	3090	3295
2332	2602	2409	3296	3192	3297
2329	2603	2408	3298	3196	3142
2330	2604	2410	3299	3198	3053
2331	2411	2601	3300	3195	3301
2282	2429	2654	3302	3303	3304
2360	2654	2429	3305	3303	3306
2261	2648	2643	3307	3232	3308
2384	2580	2559	3309	3310	3254
2286	2431	2682	3311	3043	3012
2277	2397	2521	2764	3312	3313
2254	2578	2525	3314	3235	3315
2252	2570	2466	2952	3316	3317
2365	2466	2570	2937	3316	3318
2249	2468	2569	3319	3320	2955
2367	2467	2567	2931	3321	3322
2366	2569	2468	3323	3320	2932
2250	2567	2467	2950	3321	3324
2361	2661	2424	3325	3326	3327
2284	2424	2661	3328	3326	3329
2362	2662	2423	3330	3331	3332
2283	2423	2662	3333	3331	3334
2319	2517	2574	3248	3335	3336
357	2593	2465	3337	3338	3339
244	2464	2594	3340	3341	3342
283	2463	2592	3343	3344	3345
322	2462	2591	3346	3347	3348
2316	2486	2531	3154	3349	2998
2317	2529	2487	3350	3351	3155
2318	2485	2530	3159	3352	2996
2273	2559	2580	3353	3310	3354
2323	2414	2471	3355	3356	3357
2386	2647	2662	3358	3359	3360
2336	2586	2616	3361	3362	3363
2248	2493	2404	3364	3365	3366
2296	2404	2493	3367	3365	2844
2255	2519	2415	3368	3369	3077
2308	2418	2520	3370	3371	3372
2256	2520	2418	3373	3371	3075
2309	2415	2519	3374	3369	3375
2253	2398	2480	2771	3025	2716
2307	2445	2417	3376	3377	3378
2308	2444	2418	3379	3380	3370
2306	2416	2447	3381	3382	3383
2278	2447	2416	3040	3382	3384
2281	2418	2444	3385	3380	3140
2309	2446	2415	3386	3387	3374
2279	2417	2445	3388	3377	3141
2280	2415	2446	3389	3387	3139
2302	2512	2497	3276	3390	3391
2336	2478	2586	3392	3393	3361
2257	2414	2574	3394	3395	3396
2323	2574	2414	3397	3395	3355
2313	2606	2556	3398	3399	3400
2314	2605	2557	3401	3402	3403
2312	2506	2392	3404	3405	2786
352	2509	2394	3406	3407	2863
2313	2508	2393	3408	3409	3410
327	2392	2506	2859	3405	3411
2314	2507	2395	3412	3413	3414
2315	2394	2509	3415	3407	3416
249	2395	2507	2862	3413	3417
288	2393	2508	2868	3409	3418
2357	2499	2641	2819	3419	2893
2313	2477	2606	3420	3421	3398
2314	2479	2605	3422	3423	3401
2582	2305	2540	3424	3425	3426
2392	2582	2540	2858	3426	2816
2277	2595	2396	3427	3428	2758
244	245	2464	264	3429	3340
356	357	2465	376	3339	3430
283	284	2463	303	3431	3343
322	323	2462	342	3432	3346
2313	2393	2563	3410	3433	3434
2314	2395	2564	3414	3435	3436
2368	2634	2525	3437	3438	2972
2315	2553	2394	3439	3440	3415
2278	2630	2426	3441	3442	2768
2340	2426	2630	3443	3442	3444
2341	2631	2428	3445	3446	3447
2342	2632	2427	3448	3449	3450
2280	2428	2631	2879	3446	3451
2343	2633	2425	3452	3453	3454
2281	2427	2632	2876	3449	3455
2279	2425	2633	2882	3453	3456
276	2461	2409	3457	3458	3045
237	2460	2408	3459	3460	3047
364	2411	2458	3050	3461	3462
315	2459	2410	3463	3464	3051
389	2431	390	3465	3466	393
403	2432	404	3467	3468	407
411	2433	412	3469	3470	415
396	2430	397	3471	3472	400
2363	2403	2515	3089	3473	3474
240	241	2434	260	3475	3476
360	361	2435	380	3477	3478
318	319	2437	338	3479	3480
279	280	2436	299	3481	3482
2339	2652	2476	3483	3484	3485
2391	2476	2652	3486	3484	3487
2328	2424	2618	3488	3489	3490
2326	2423	2619	3491	3492	3493
2319	2574	2472	3336	3494	3495
2248	2403	2493	3496	2815	3364
2331	2497	2655	3270	3497	3498
2265	2513	2399	3499	3202	3500
2267	2514	2400	3501	3200	3502
2259	2406	2490	3208	3149	3503
2258	2489	2405	3504	3148	2855
2260	2491	2407	3505	3152	2850
2325	2429	2617	3506	3507	3508
2379	2426	2679	2773	3509	3510
2377	2678	2427	3511	3512	2875
2380	2680	2428	3513	3514	2878
2378	2681	2425	3515	3516	2881
2254	2525	2634	3315	3438	3517
2248	2515	2403	3518	3473	3496
2262	2652	2443	3519	3520	3521
2262	2443	2655	3521	3522	3523
2265	2399	2660	3500	3524	3525
2267	2400	2659	3502	3526	3527
2328	2638	2424	3124	3528	3488
2326	2637	2423	3122	3529	3491
2334	2684	2402	3530	3531	2916
2335	2683	2401	3532	3533	2918
286	287	2450	306	3534	3107
325	326	2451	345	3535	3111
247	248	2449	267	3536	3109
353	354	2448	373	3106	3537
2285	2440	2620	2961	3538	3539
362	363	2534	382	3028	3540
316	317	2533	336	3541	3029
277	278	2532	297	3542	3032
238	239	2535	258	3543	3035
2277	2521	2404	3313	3544	3545
2248	2404	2522	3366	3546	3204
2277	2404	2595	3545	3547	3427
2285	2620	2411	3539	3548	3549
2282	2408	2617	3146	3550	3551
2284	2410	2618	3057	3552	3553
2283	2409	2619	3554	3555	3556
2283	2662	2647	3334	3359	3557
235	2603	2421	3558	3559	3257
274	2602	2419	3560	3561	3261
366	2420	2601	3260	3562	3563
313	2604	2422	3564	3565	3263
2329	2421	2603	3566	3559	3298
2332	2419	2602	3267	3561	3296
2330	2422	2604	3273	3565	3299
2331	2601	2420	3301	3562	3268
2359	2639	2490	3005	3567	2834
2356	2489	2637	2831	3568	3000
2358	2491	2638	2828	3569	3006
2321	2543	2528	3570	3571	3572
2361	2424	2524	3327	3573	3113
2362	2423	2523	3332	3574	3575
2388	2625	2700	3041	3278	3576
2330	2648	2496	3577	3578	3271
2340	2465	2593	3070	3338	3579
2341	2592	2463	3580	3344	3064
2342	2594	2464	3581	3341	3071
2343	2591	2462	3582	3347	3060
2311	2439	2539	3583	3584	3585
2310	2438	2538	3586	3587	3588
2360	2429	2517	3306	3589	3283
2300	2561	2413	3293	3590	3017
2284	2618	2424	3553	3489	3328
2283	2619	2423	3556	3492	3333
2296	2595	2404	3591	3547	3367
287	2508	2450	3592	3593	3534
248	2507	2449	3594	3595	3536
326	2506	2451	3596	3597	3535
353	2448	2509	3537	3598	3599
2282	2617	2429	3551	3507	3302
2257	2499	2414	3600	3128	3394
2385	2648	2546	3233	3601	3602
2386	2547	2647	3603	3604	3358
2325	2641	2429	2892	3605	3506
2293	2699	2405	3606	3607	3147
2292	2406	2700	3150	3608	3277
2291	2701	2407	3609	3610	3151
2322	2473	2542	3611	3612	3613
2320	2475	2541	3614	3615	3616
2321	2474	2543	3617	3618	3570
2263	2586	2540	3619	2817	3620
2332	2409	2647	3297	3621	3622
2283	2647	2409	3557	3621	3554
2351	2519	2504	3623	3624	3625
2255	2504	2519	2873	3624	3368
2256	2505	2520	3171	3626	3373
2352	2520	2505	3627	3626	3628
2338	2644	2494	3629	3630	3631
2386	2494	2644	3632	3630	3633
2385	2495	2643	3634	3635	3231
2337	2643	2495	3636	3635	3637
2285	2411	2649	3549	3638	3639
2331	2649	2411	3640	3638	3300
2307	2417	2577	3378	3641	3011
2253	2577	2417	2715	3641	3082
2254	2416	2578	3081	3642	3314
2306	2578	2416	3010	3642	3381
321	2425	2681	3643	3516	3644
282	2428	2680	3645	3514	3646
243	2427	2678	3647	3512	3648
358	2679	2426	3649	3509	3650
2295	2514	2650	3201	3651	3652
2294	2513	2651	3203	3653	3654
2302	2497	2420	3391	3269	3655
2304	2419	2498	3656	3266	3657
2303	2422	2496	3658	3272	3659
2264	2498	2547	3660	3280	3661
2313	2450	2508	3662	3593	3408
2312	2451	2506	3663	3597	3404
2314	2449	2507	3664	3595	3412
2315	2509	2448	3416	3598	3665
2361	2495	2661	3666	3667	3325
2362	2494	2662	2975	3668	3330
3	2469	410	3669	3670	413
3	405	2470	409	3671	3672
2364	2516	2566	2913	3673	3674
2251	2566	2516	2954	3673	3675
2317	2642	2529	3676	3677	3350
2263	2658	2616	3678	3679	3680
2260	2424	2638	3681	3528	3682
2258	2423	2637	3683	3529	3684
2299	2560	2412	3290	3685	2887
2274	2412	2560	2737	3685	3185
2363	2515	2616	3474	3686	3687
2329	2512	2421	3688	3275	3566
412	2433	2608	3470	2905	3689
390	2431	2610	3466	3690	3691
397	2430	2611	3472	3692	3693
404	2432	2612	3468	3694	3695
411	2613	2433	3696	3697	3469
396	2636	2430	3698	2992	3471
403	2635	2432	3699	2994	3467
363	364	2458	383	3462	3026
276	277	2461	296	3034	3457
237	238	2460	257	3037	3459
315	316	2459	335	3031	3463
389	2646	2431	3700	3181	3465
2307	2567	2445	3701	2949	3376
2308	2566	2444	3702	2953	3379
2306	2447	2569	3383	2956	3703
2309	2570	2446	3704	2951	3386
2356	2689	2436	3705	3706	2883
2358	2688	2437	3707	3708	2885
2357	2690	2434	3709	3710	2884
2359	2435	2687	2886	3711	3712
318	2437	2688	3480	3708	3713
279	2436	2689	3482	3706	3714
361	2687	2435	3715	3711	3477
240	2434	2690	3476	3710	3716
2374	2695	2525	3717	3718	3234
410	2469	2613	3670	3719	3720
405	2612	2470	3721	3722	3671
2257	2517	2429	3723	3589	3724
2311	2413	2657	3170	3725	3726
2322	2542	2659	3613	3727	3728
2320	2541	2660	3616	3729	3730
2258	2523	2423	3731	3574	3683
2260	2524	2424	3732	3573	3681
2290	2702	2414	3733	3734	3127
2398	2559	2708	3282	3735	3023
2342	2457	2632	3073	3218	3448
2340	2630	2456	3444	3221	3069
2341	2455	2631	3065	3220	3445
2343	2454	2633	3061	3224	3452
2345	2609	2470	3736	3737	3738
2263	2712	2553	3739	3740	3741
2371	2529	2642	3742	3677	3743
2257	2429	2641	3724	3605	3744
367	368	2599	387	3745	3746
311	312	2598	331	3747	3748
272	273	2597	292	3749	3750
233	234	2600	253	3751	3752
2280	2631	2415	3451	3219	3389
2281	2632	2418	3455	3217	3385
2278	2416	2630	3384	3222	3441
2279	2633	2417	3456	3223	3388
2336	2616	2515	3363	3686	3753
2269	2706	2565	3754	3285	3755
2270	2568	2707	3756	3288	3757
2323	2471	2585	3357	3758	3759
2327	2620	2440	3760	3538	3761
2263	2540	2712	3620	3762	3739
2324	2548	2573	3763	3764	3765
2381	2558	2448	3173	3766	3105
2383	2450	2556	3108	3767	3176
2382	2449	2557	3110	3768	3179
2350	2470	2612	3769	3722	3770
2349	2613	2469	3771	3719	3772
2311	2539	2505	3585	3773	3168
2310	2538	2504	3588	3774	2962
3	2470	2609	3672	3737	3775
242	2678	2672	3776	3777	3778
359	2673	2679	3779	3780	3781
281	2680	2674	3782	3783	3784
320	2681	2675	3785	3786	3787
241	242	2672	261	3778	3788
359	360	2673	379	3789	3779
319	320	2675	339	3787	3790
280	281	2674	300	3784	3791
245	246	2502	265	3163	3792
323	324	2500	343	3161	3793
355	356	2503	375	3794	3166
284	285	2501	304	3165	3795
1	391	2554	395	3796	3797
4	398	2555	402	3798	3799
2386	2662	2494	3360	3668	3632
2385	2661	2495	3800	3667	3634
320	321	2681	340	3644	3785
281	282	2680	301	3646	3782
242	243	2678	262	3648	3776
358	359	2679	378	3781	3649
2302	2420	2599	3655	3801	3802
2304	2597	2419	3803	3804	3656
2303	2598	2422	3805	3806	3658
2302	2600	2421	3807	3808	3274
2259	2440	2528	3809	3810	3811
2376	2528	2440	3812	3810	2970
2249	2487	2529	3243	3351	3813
2250	2530	2485	3814	3352	3240
2252	2531	2486	3815	3349	3244
243	2594	2427	3816	3817	3647
321	2591	2425	3818	3819	3643
282	2592	2428	3820	3821	3645
358	2426	2593	3650	3822	3823
367	2599	2420	3746	3801	3259
273	2419	2597	3262	3804	3749
234	2421	2600	3258	3808	3751
312	2422	2598	3264	3806	3747
2413	2561	2657	3590	3824	3725
2269	2565	2550	3755	3825	3826
2366	2550	2565	2811	3825	3827
2367	2568	2551	3828	3829	2805
2270	2551	2568	3830	3829	3756
2339	2443	2652	3831	3520	3483
2273	2708	2559	3832	3735	3353
2324	2573	2488	3765	3833	3834
2343	2425	2591	3454	3819	3582
2341	2428	2592	3447	3821	3580
2340	2593	2426	3579	3822	3443
2342	2427	2594	3450	3817	3581
2397	2696	2521	3835	3836	3312
245	2502	2464	3792	3837	3429
356	2465	2503	3430	3838	3794
284	2501	2463	3795	3839	3431
323	2500	2462	3793	3840	3432
2262	2497	2512	3841	3390	3842
311	2598	2482	3748	3843	2987
368	2481	2599	2977	3844	3745
233	2600	2481	3752	3845	2978
272	2597	2483	3750	3846	2984
2271	2704	2537	2966	3847	3848
2272	2703	2536	2964	3849	3850
3	2609	2469	3775	3851	3669
2344	2469	2609	3852	3851	3853
2295	2539	2439	3854	3584	2821
2294	2538	2438	3855	3587	2824
2285	2443	2640	3856	3857	2959
2339	2640	2443	3858	3857	3831
2384	2451	2580	3112	3859	3309
2350	2668	2551	3860	3091	3861
2349	2550	2669	3862	3094	3863
2431	2667	2610	3864	3865	3690
2432	2668	2612	3866	3867	3694
2433	2613	2669	3697	3868	3869
2430	2666	2611	3870	3871	3692
2257	2574	2517	3396	3335	3723
2303	2581	2482	3872	3131	3873
2305	2484	2584	3874	3130	3875
2304	2583	2483	3876	3135	3877
2305	2582	2484	3424	3133	3874
2275	2711	2492	3191	3878	3879
248	249	2507	268	3417	3594
326	327	2506	346	3411	3596
287	288	2508	307	3418	3592
352	353	2509	372	3599	3406
2411	2620	2458	3548	3880	3461
2408	2460	2617	3460	3881	3550
2410	2459	2618	3464	3882	3552
2409	2461	2619	3458	3883	3555
2274	2606	2452	3884	3885	2735
2276	2605	2453	3886	3887	3888
2337	2452	2606	3889	3885	3890
2338	2453	2605	3891	3887	3892
2386	2644	2547	3633	3893	3603
2264	2547	2644	3661	3893	3894
2266	2474	2510	3895	3896	3897
2321	2510	2474	3898	3896	3617
2361	2714	2495	3114	3899	3666
2268	2621	2527	3900	3901	3902
2373	2527	2621	3903	3901	3904
2315	2558	2697	3905	3906	3907
2268	2511	2472	3908	3909	3910
2319	2472	2511	3495	3909	3911
2333	2526	2518	3912	3913	3914
2315	2697	2658	3907	3915	3916
2339	2476	2589	3485	3917	3918
2400	2572	2659	2921	3919	3526
2322	2659	2572	3728	3919	3920
2399	2571	2660	2923	3921	3524
2320	2660	2571	3730	3921	3922
2296	2525	2695	2973	3718	3923
2333	2518	2511	3914	3924	3925
2259	2639	2440	3926	3927	3809
2327	2440	2639	3761	3927	3125
2391	2652	2698	3487	3928	3929
2298	2456	2634	3068	3930	3931
2276	2657	2561	3932	3824	3187
2299	2463	2501	3063	3839	3289
2298	2503	2465	3933	3838	3066
2301	2462	2500	3059	3840	3291
2300	2464	2502	3074	3837	3292
2247	2589	2476	3934	3917	3935
2347	2686	2554	3936	3937	3938
2402	2554	2686	3939	3937	3117
2401	2555	2685	3940	3941	3115
2348	2685	2555	3942	3941	3943
2297	2521	2696	3944	3836	3214
2263	2553	2658	3741	3945	3678
2319	2511	2518	3911	3924	3946
2311	2614	2439	3947	3948	3583
2310	2615	2438	3949	3950	3586
2264	2664	2498	3951	3952	3660
2261	2663	2496	3953	3954	3955
2363	2616	2658	3687	3679	3956
2381	2503	2711	3167	3957	3190
2362	2523	2713	3575	3958	2974
2349	2575	2550	3959	3960	3862
2350	2551	2576	3861	3961	3962
2259	2528	2543	3811	3571	3206
2258	2473	2523	2856	3963	3731
2260	2475	2524	2851	3964	3732
2322	2523	2473	3965	3963	3611
2320	2524	2475	3086	3964	3614
2312	2580	2451	3966	3859	3663
2393	2581	2663	2867	3967	3968
2395	2583	2664	2861	3969	3970
2246	2439	2614	3252	3948	3971
2245	2438	2615	3250	3950	3972
2247	2518	2526	3973	3913	3974
2247	2476	2656	3935	3975	3976
2360	2656	2476	3284	3975	3977
2246	2713	2572	2969	3978	3251
2320	2571	2714	3922	3979	3084
2333	2511	2488	3925	3980	3981
2251	2585	2471	3982	3758	3215
2307	2568	2567	2946	3983	3701
2367	2567	2568	3322	3983	3828
2306	2569	2565	3703	3984	2941
2366	2565	2569	3827	3984	3323
2303	2663	2581	3985	3967	3872
2304	2664	2583	3986	3969	3876
2355	2629	2527	3987	3988	3989
243	244	2594	263	3342	3816
357	358	2593	377	3823	3337
282	283	2592	302	3345	3820
321	322	2591	341	3348	3818
2391	2654	2476	3990	3991	3486
2360	2476	2654	3977	3991	3305
2287	2666	2430	3992	3870	2900
2286	2667	2431	3993	3864	3311
2288	2668	2432	3092	3866	2902
2289	2433	2669	2899	3869	3093
2353	2677	2623	3994	3995	2752
2354	2676	2622	3996	3997	2755
2298	2634	2492	3931	3998	3999
2376	2645	2528	4000	4001	3812
2321	2528	2645	3572	4001	4002
2282	2654	2562	3304	4003	3145
2391	2562	2654	4004	4003	3990
2269	2550	2575	3826	3960	4005
2270	2576	2551	4006	3961	3830
2347	2552	2686	4007	3102	3936
2348	2549	2685	4008	3104	3942
2315	2448	2558	3665	3766	3905
2314	2557	2449	3403	3768	3664
2313	2556	2450	3400	3767	3662
2323	2585	2621	3759	4009	4010
2297	2522	2521	2948	4011	3944
2404	2521	2522	3544	4011	3546
2355	2665	2629	4012	4013	3987
241	2672	2434	3788	2800	3475
360	2435	2673	3478	2797	3789
319	2675	2437	3790	2796	3479
280	2674	2436	3791	2794	3481
2373	2682	2527	3013	4014	3903
2372	2531	2466	2999	4015	3227
2370	2530	2467	2997	4016	3225
2371	2468	2529	3230	4017	3742
2268	2488	2511	4018	3980	3908
2264	2564	2664	4019	4020	3951
2261	2563	2663	4021	4022	3953
2368	2492	2634	4023	3998	3437
2333	2510	2526	4024	4025	3912
2249	2529	2468	3813	4017	3319
2252	2466	2531	3317	4015	3815
2250	2467	2530	3324	4016	3814
2353	2544	2677	4026	4027	3994
2354	2545	2676	4028	4029	3996
2284	2661	2546	3329	4030	3056
2385	2546	2661	3602	4030	3800
2373	2621	2585	3904	4009	4031
2273	2478	2590	4032	4033	4034
2336	2590	2478	4035	4033	3392
2251	2516	2585	3675	4036	3982
2373	2585	2516	4031	4036	2940
2263	2616	2586	3680	3362	3619
2318	2541	2475	2722	3615	2847
2316	2542	2473	2725	3612	2852
2317	2543	2474	3209	3618	4037
2351	2537	2519	4038	4039	3623
2352	2536	2520	4040	4041	3627
2313	2563	2477	3434	4042	3420
2314	2564	2479	3436	4043	3422
2350	2576	2470	3962	4044	3769
2349	2469	2575	3772	4045	3959
2353	2587	2544	4046	4047	4026
2334	2544	2587	4048	4047	4049
2354	2588	2545	4050	4051	4028
2335	2545	2588	4052	4051	4053
2294	2651	2441	3654	2911	4054
2295	2650	2442	3652	2908	4055
2312	2478	2580	4056	4057	3966
2311	2657	2453	3726	4058	4059
2266	2573	2548	4060	3764	4061
2324	2579	2548	4062	4063	3763
2346	2548	2579	4064	4063	4065
365	366	2601	385	3563	3194
274	275	2602	294	3193	3560
313	314	2604	333	3199	3564
235	236	2603	255	3197	3558
2	2665	2646	4066	4067	4068
2265	2545	2513	4069	4070	3499
2335	2513	2545	4071	4070	4052
2267	2544	2514	4072	4073	3501
2334	2514	2544	4074	4073	4048
2	412	2608	416	3689	4075
2271	2694	2441	4076	4077	3120
2272	2693	2442	4078	4079	3119
2295	2442	2710	4055	4080	4081
2294	2441	2709	4054	4082	4083
390	2610	391	3691	4084	394
404	2612	405	3695	3721	408
397	2611	398	3693	4085	401
410	2613	411	3720	3696	414
2262	2698	2652	4086	3928	3519
2311	2453	2614	4059	4087	3947
2310	2452	2615	2739	4088	3949
2331	2443	2649	4089	4090	3640
2321	2526	2510	4091	4025	3898
2285	2649	2443	3639	4090	3856
2245	2495	2714	4092	3899	4093
2247	2526	2645	3974	4094	4095
2319	2518	2656	3946	4096	3246
4	2635	403	4097	3699	406
1	2636	396	4098	3698	399
2345	2470	2576	3738	4044	4099
2344	2575	2469	4100	4045	3852
2331	2655	2443	3498	3522	4089
2323	2472	2574	4101	3494	3397
2317	2474	2642	4037	4102	3676
2261	2477	2563	4103	4042	4021
2264	2479	2564	4104	4043	4019
2351	2504	2538	3625	3774	4105
2352	2505	2539	3628	3773	4106
2298	2711	2503	4107	3957	3933
4	2555	2683	3799	4108	4109
1	2554	2684	3797	4110	4111
2	2646	389	4068	3700	392
2308	2520	2536	3372	4041	4112
2309	2519	2537	3375	4039	4113
2273	2580	2478	3354	4057	4032
2247	2645	2589	4095	4114	3934
2377	2672	2678	2784	3777	3511
2379	2679	2673	3510	3780	2781
2380	2674	2680	2775	3783	3513
2378	2675	2681	2778	3786	3515
2312	2586	2478	2788	3393	4056
2	2579	2665	4115	4116	4066
2333	2488	2573	3981	3833	4117
2346	2628	2653	2728	4118	4119
2368	2705	2492	2938	4120	4023
2275	2492	2705	3879	4120	3294
2414	2702	2471	3734	4121	3356
2323	2621	2472	4010	4122	4101
361	362	2687	381	4123	3715
278	279	2689	298	3714	4124
317	318	2688	337	3713	4125
239	240	2690	259	3716	4126
2338	2671	2453	4127	4128	3891
2337	2670	2452	4129	4130	3889
2346	2653	2548	4119	4131	4064
2328	2618	2459	3490	3882	3237
2325	2617	2460	3508	3881	3239
2327	2458	2620	3236	3880	3760
2326	2619	2461	3493	3883	3238
2276	2453	2657	3888	4058	3932
2266	2510	2573	3897	4132	4060
2333	2573	2510	4117	4132	4024
2303	2482	2598	3873	3843	3805
2302	2599	2481	3802	3844	4133
2302	2481	2600	4133	3845	3807
2304	2483	2597	3877	3846	3803
2254	2634	2456	3517	3930	3079
2274	2556	2606	3177	3399	3884
2276	2557	2605	3180	3402	3886
2339	2589	2640	3918	4134	3858
2376	2640	2589	2971	4134	4135
2338	2605	2479	3892	3423	4136
2337	2606	2477	3890	3421	4137
2268	2472	2621	3910	4122	3900
2322	2713	2523	4138	3958	3965
2334	2587	2684	4049	4139	3530
2335	2588	2683	4053	4140	3532
2394	2712	2584	4141	4142	2864
2305	2584	2712	3875	4142	4143
2405	2699	2486	3607	4144	3153
2407	2701	2485	3610	4145	3158
2406	2487	2700	3156	4146	3608
2268	2629	2488	4147	4148	4018
2261	2643	2477	3308	4149	4103
2264	2644	2479	3894	4150	4104
2338	2479	2644	4136	4150	3629
2337	2477	2643	4137	4149	3636
2347	2610	2667	4151	3865	4152
2348	2611	2666	4153	3871	4154
2349	2669	2613	3863	3868	3771
2350	2612	2668	3770	3867	3860
2391	2698	2562	3929	4155	4004
2266	2642	2474	4156	4102	3895
2324	2488	2629	3834	4148	4157
391	2610	2554	4084	4158	3796
2347	2554	2610	3938	4158	4151
2348	2555	2611	3943	4159	4153
398	2611	2555	4085	4159	3798
2258	2637	2489	3684	3568	3504
2259	2490	2639	3503	3567	3926
2260	2638	2491	3682	3569	3505
2248	2607	2515	3205	4160	3518
2336	2515	2607	3753	4160	4161
2329	2698	2512	4162	4163	3688
2268	2527	2629	3902	3988	4147
2261	2496	2648	3955	3578	3307
2390	2471	2702	3216	4121	4164
2245	2670	2495	4165	4166	4092
2246	2671	2494	4167	4168	2967
2	2608	2579	4075	4169	4115
2346	2579	2608	4065	4169	2904
2257	2641	2499	3744	3419	3600
2265	2660	2541	3525	3729	3019
2267	2659	2542	3527	3727	3021
2351	2694	2537	4170	4171	4038
2352	2693	2536	4172	4173	4040
2369	2590	2607	4174	4175	3137
2334	2650	2514	2917	3651	4074
2335	2651	2513	2919	3653	4071
2324	2629	2665	4157	4013	4176
2262	2655	2497	3523	3497	3841
2329	2562	2698	3144	4155	4162
2337	2495	2670	3637	4166	4129
2338	2494	2671	3631	4168	4127
2345	2596	2609	2766	4177	3736
2303	2496	2663	3659	3954	3985
2304	2498	2664	3657	3952	3986
2387	2485	2701	3241	4145	4178
2388	2700	2487	3576	4146	3242
2389	2486	2699	3245	4144	4179
4	2588	2635	4180	4181	4097
2353	2636	2587	2993	4182	4046
1	2587	2636	4183	4182	4098
2354	2635	2588	2995	4181	4050
2357	2535	2690	2870	4184	3709
2356	2532	2689	3002	4185	3705
2358	2533	2688	3008	4186	3707
278	2689	2532	4124	4185	3542
239	2690	2535	4126	4184	3543
2359	2687	2534	3712	4187	3003
362	2534	2687	3540	4187	4123
317	2688	2533	4125	4186	3541
2321	2645	2526	4002	4094	4091
2298	2492	2711	3999	3878	4107
2355	2646	2665	3182	4067	4012
2396	2595	2695	3428	4188	4189
2296	2695	2595	3923	4188	3591
2336	2607	2590	4161	4175	4035
2344	2609	2596	3853	4177	2761
2247	2656	2518	3976	4096	3973
2330	2546	2648	3055	3601	3577
2332	2647	2547	3622	3604	3279
2370	2622	2676	3226	3997	2789
2372	2623	2677	3228	3995	2791
2387	2701	2626	4178	4190	3096
2293	2624	2699	2929	4191	3606
2389	2699	2624	4179	4191	3100
2291	2626	2701	2925	4190	3609
2290	2627	2702	2927	4192	3733
2390	2702	2627	4164	4192	3098
2402	2684	2554	3531	4110	3939
2401	2683	2555	3533	4108	3940
2371	2653	2628	4193	4118	3229
2394	2553	2712	3440	3740	4141
2271	2537	2694	3848	4171	4076
2272	2536	2693	3850	4173	4078
2266	2548	2653	4061	4131	4194
2262	2512	2698	3842	4163	4086
2355	2527	2682	3989	4014	3042
2376	2589	2645	4135	4114	4000
2287	2549	2666	2936	4195	3992
2348	2666	2549	4154	4195	4008
2347	2667	2552	4152	4196	4007
2286	2552	2667	2914	4196	3993
2393	2663	2563	3968	4022	3433
2395	2664	2564	3970	4020	3435
2315	2658	2553	3916	3945	3439
2265	2676	2545	3020	4029	4069
2267	2677	2544	3022	4027	4072
2345	2576	2692	4099	4197	3212
2344	2691	2575	3211	4198	4100
2351	2538	2709	4105	4199	4200
2352	2539	2710	4106	4201	4202
2308	2536	2703	4112	3849	4203
2309	2537	2704	4113	3847	4204
2295	2710	2539	4081	4201	3854
2294	2709	2538	4083	4199	3855
2324	2665	2579	4176	4116	4062
2305	2712	2540	4143	3762	3425
2245	2615	2670	3972	4205	4165
2246	2614	2671	3971	4206	4167
2266	2653	2642	4194	4207	4156
2371	2642	2653	3743	4207	4193
2308	2703	2566	4203	4208	3702
2364	2566	2703	3674	4208	2963
2309	2704	2570	4204	4209	3704
2365	2570	2704	3318	4209	2965
2275	2697	2558	3295	3906	3172
2453	2671	2614	4128	4206	4087
2452	2670	2615	4130	4205	4088
2269	2575	2691	4005	4198	4210
2270	2692	2576	4211	4197	4006
2273	2590	2708	4034	4212	3832
2369	2708	2590	3038	4212	4174
4	2683	2588	4109	4140	4180
1	2684	2587	4111	4139	4183
2322	2572	2713	3920	3978	4138
2245	2714	2571	4093	3979	3249
2363	2658	2697	3956	3915	3087
2396	2695	2706	4189	4213	4214
2397	2707	2696	4215	4216	3835
2375	2696	2707	2958	4216	3287
2374	2706	2695	3286	4213	3717
2269	2691	2706	4210	4217	3754
2396	2706	2691	4214	4217	3210
2397	2692	2707	3213	4218	4215
2270	2707	2692	3757	4218	4211
2442	2693	2710	4079	4219	4080
2441	2694	2709	4077	4220	4082
2351	2709	2694	4200	4220	4170
2352	2710	2693	4202	4219	4172

--------------------------------------------------------------------------------
NUMBER OF BOUNDARY TYPES        TOTAL NUMBER OF ELEMENTS
--------------------------------------------------------------------------------
2                               128

--------------------------------------------------------------------------------
BOUNDARY 2        CONSTRAINS (0-free 1-const 2-glue)  VALUES (default = 0.)
NUMB. OF ELEM.    Ux     Uy     Uz                    Ux     Uy     Uz  
--------------------------------------------------------------------------------
16                 1      1      0                     0.     0.     0.

--------------------------------------------------------------------------------
BOUNDARY 2 - CONNECTIVITY
--------------------------------------------------------------------------------
2	389	392
389	390	393
390	391	394
391	1	395
1	396	399
396	397	400
397	398	401
398	4	402
4	403	406
403	404	407
404	405	408
405	3	409
3	410	413
410	411	414
411	412	415
412	2	416

--------------------------------------------------------------------------------
BOUNDARY 3        CONSTRAINS (0-free 1-const 2-glue)  VALUES (default = 0.)
NUMB. OF ELEM.    Ux     Uy     Uz                    Ux     Uy     Uz  
--------------------------------------------------------------------------------
112                2      2      0                     0.     0.     0.

--------------------------------------------------------------------------------
BOUNDARY 3 - CONNECTIVITY
--------------------------------------------------------------------------------
8	13	40
13	14	41
14	15	42
15	16	43
16	17	44
17	18	45
18	19	46
19	20	47
20	21	48
21	22	49
22	23	50
23	24	51
24	25	52
25	26	53
26	27	54
27	28	55
28	29	56
29	30	57
30	31	58
31	32	59
32	33	60
33	34	61
34	35	62
35	36	63
36	37	64
37	38	65
38	39	66
39	5	67
5	68	95
68	69	96
69	70	97
70	71	98
71	72	99
72	73	100
73	74	101
74	75	102
75	76	103
76	77	104
77	78	105
78	79	106
79	80	107
80	81	108
81	82	109
82	83	110
83	84	111
84	85	112
85	86	113
86	87	114
87	88	115
88	89	116
89	90	117
90	91	118
91	92	119
92	93	120
93	94	121
94	6	122
6	123	150
123	124	151
124	125	152
125	126	153
126	127	154
127	128	155
128	129	156
129	130	157
130	131	158
131	132	159
132	133	160
133	134	161
134	135	162
135	136	163
136	137	164
137	138	165
138	139	166
139	140	167
140	141	168
141	142	169
142	143	170
143	144	171
144	145	172
145	146	173
146	147	174
147	148	175
148	149	176
149	7	177
7	178	205
178	179	206
179	180	207
180	181	208
181	182	209
182	183	210
183	184	211
184	185	212
185	186	213
186	187	214
187	188	215
188	189	216
189	190	217
190	191	218
191	192	219
192	193	220
193	194	221
194	195	222
195	196	223
196	197	224
197	198	225
198	199	226
199	200	227
200	201	228
201	202	229
202	203	230
203	204	231
204	8	232



