$MeshFormat
2.2 0 8
$EndMeshFormat
$PhysicalNames
58
1 1 "l0"
1 2 "l1"
1 3 "l2"
1 4 "l3"
1 5 "l4"
1 6 "l5"
1 7 "l6"
1 8 "l7"
1 9 "l8"
1 10 "l9"
1 11 "l10"
1 12 "l11"
1 13 "l12"
1 14 "l13"
1 15 "l14"
1 16 "l15"
1 17 "l16"
1 18 "l17"
1 19 "l18"
1 20 "l19"
1 21 "l20"
1 22 "l21"
1 23 "l22"
1 24 "l23"
1 25 "l24"
1 26 "l25"
1 27 "l26"
1 28 "l27"
1 29 "l28"
1 30 "l29"
1 31 "l30"
1 32 "l31"
1 33 "l32"
1 34 "l33"
1 35 "l34"
1 36 "l35"
1 37 "l36"
1 38 "l37"
1 39 "l38"
1 40 "l39"
1 41 "l40"
1 42 "l41"
1 43 "l42"
1 44 "l43"
2 45 "s0"
2 46 "s1"
2 47 "s2"
2 48 "s3"
2 49 "s4"
2 50 "s5"
2 51 "s6"
2 52 "s7"
2 53 "s8"
2 54 "s9"
2 55 "s10"
2 56 "s11"
2 57 "s12"
2 58 "s13"
$EndPhysicalNames
$Nodes
6710
1 0 0 0
2 1 0 0
3 3 0 0
4 4 0 0
5 5 0 0
6 -1 0 0
7 -3 0 0
8 -4 0 0
9 -5 0 0
10 2.5 0 0
11 5.5 0 0
12 1.5 0 0
13 -1.5 0 0
14 -2.5 0 0
15 -5.5 0 0
16 2.5 1 0
17 3 1 0
18 4 1 0
19 5 1 0
20 5.5 1 0
21 3 1.5 0
22 5 1.5 0
23 -5.5 -1 0
24 -5 -1 0
25 -4 -1 0
26 -3 -1 0
27 -2.5 -1 0
28 -5 -1.5 0
29 -3 -1.5 0
30 0.002740930490688021 -0.1046719124827538 0
31 0.01095620926311236 -0.2090569265320622 0
32 0.02462331880918933 -0.3128689300770824 0
33 0.04370479853165143 -0.41582338163205 0
34 0.06814834742092635 -0.5176380902015446 0
35 0.09788696740854586 -0.6180339887463647 0
36 0.1328391470042203 -0.7167358990870152 0
37 0.1729090847131696 -0.8134732861479425 0
38 0.2179869516213493 -0.9079809994753351 0
39 0.2679491924289139 -0.9999999999961744 0
40 0.3226588641066162 -1.089278070026149 0
41 0.3819660112472472 -1.175570504581013 0
42 0.4457080770829036 -1.258640782095779 0
43 0.5137103490417649 -1.338261212713888 0
44 0.5857864376231201 -1.41421356236931 0
45 0.6617387872781557 -1.486289650951072 0
46 0.7413592178958883 -1.554291922910349 0
47 0.8244294954102072 -1.618033988746373 0
48 0.9107219299648108 -1.677341135887513 0
49 0.9999999999946148 -1.732050807565768 0
50 1.092019000515143 -1.782013048373799 0
51 1.186526713842369 -1.827090915282517 0
52 1.283264100903075 -1.867160852991976 0
53 1.381966011243551 -1.902113032588178 0
54 1.482361909788115 -1.931851652576303 0
55 1.584176618357434 -1.956295201466113 0
56 1.68713106991229 -1.975376681189127 0
57 1.790943073457255 -1.989043790735765 0
58 1.895328087506404 -1.997259069508744 0
59 1.999999999992243 -2 0
60 2.104671912478316 -1.997259069509545 0
61 2.20905692652817 -1.989043790737297 0
62 2.312868930073816 -1.975376681191328 0
63 2.415823381629164 -1.956295201468962 0
64 2.51763809019895 -1.931851652579769 0
65 2.618033988744426 -1.902113032592084 0
66 2.716735899085558 -1.867160852996339 0
67 2.813473286146898 -1.827090915287295 0
68 2.90798099947476 -1.782013048378944 0
69 2.99999999999609 -1.732050807571135 0
70 3.089278070026622 -1.677341135893077 0
71 3.17557050458212 -1.618033988751949 0
72 3.258640782097242 -1.554291922915912 0
73 3.338261212715747 -1.486289650956562 0
74 3.414213562371434 -1.414213562374756 0
75 3.486289650953395 -1.338261212719264 0
76 3.554291922912819 -1.258640782101061 0
77 3.618033988748983 -1.175570504586201 0
78 3.677341135890407 -1.089278070030733 0
79 3.732050807568696 -1.000000000000314 0
80 3.78201304837676 -0.9079809994790463 0
81 3.82709091528534 -0.8134732861512893 0
82 3.867160852994638 -0.7167358990899894 0
83 3.902113032590584 -0.6180339887490436 0
84 3.931851652578441 -0.5176380902039071 0
85 3.956295201467934 -0.4158233816340017 0
86 3.975376681190608 -0.3128689300783636 0
87 3.9890437907368 -0.209056926532896 0
88 3.99725906950929 -0.1046719124831655 0
89 0.002740930490688021 -0.1046719124827538 0
90 0.01095620926311236 -0.2090569265320622 0
91 0.02462331880918933 -0.3128689300770824 0
92 0.04370479853165143 -0.41582338163205 0
93 0.06814834742092635 -0.5176380902015446 0
94 0.09788696740854586 -0.6180339887463647 0
95 0.1328391470042203 -0.7167358990870152 0
96 0.1729090847131696 -0.8134732861479425 0
97 0.2179869516213493 -0.9079809994753351 0
98 0.2679491924289139 -0.9999999999961744 0
99 0.3226588641066162 -1.089278070026149 0
100 0.3819660112472472 -1.175570504581013 0
101 0.4457080770829036 -1.258640782095779 0
102 0.5137103490417649 -1.338261212713888 0
103 0.5857864376231201 -1.41421356236931 0
104 0.6617387872781557 -1.486289650951072 0
105 0.7413592178958883 -1.554291922910349 0
106 0.8244294954102072 -1.618033988746373 0
107 0.9107219299648108 -1.677341135887513 0
108 0.9999999999946148 -1.732050807565768 0
109 1.092019000515143 -1.782013048373799 0
110 1.186526713842369 -1.827090915282517 0
111 1.283264100903075 -1.867160852991976 0
112 1.381966011243551 -1.902113032588178 0
113 1.482361909788115 -1.931851652576303 0
114 1.584176618357434 -1.956295201466113 0
115 1.68713106991229 -1.975376681189127 0
116 1.790943073457255 -1.989043790735765 0
117 1.895328087506404 -1.997259069508744 0
118 1.999999999992243 -2 0
119 2.104671912478316 -1.997259069509545 0
120 2.20905692652817 -1.989043790737297 0
121 2.312868930073816 -1.975376681191328 0
122 2.415823381629164 -1.956295201468962 0
123 2.51763809019895 -1.931851652579769 0
124 2.618033988744426 -1.902113032592084 0
125 2.716735899085558 -1.867160852996339 0
126 2.813473286146898 -1.827090915287295 0
127 2.90798099947476 -1.782013048378944 0
128 2.99999999999609 -1.732050807571135 0
129 3.089278070026622 -1.677341135893077 0
130 3.17557050458212 -1.618033988751949 0
131 3.258640782097242 -1.554291922915912 0
132 3.338261212715747 -1.486289650956562 0
133 3.414213562371434 -1.414213562374756 0
134 3.486289650953395 -1.338261212719264 0
135 3.554291922912819 -1.258640782101061 0
136 3.618033988748983 -1.175570504586201 0
137 3.677341135890407 -1.089278070030733 0
138 3.732050807568696 -1.000000000000314 0
139 3.78201304837676 -0.9079809994790463 0
140 3.82709091528534 -0.8134732861512893 0
141 3.867160852994638 -0.7167358990899894 0
142 3.902113032590584 -0.6180339887490436 0
143 3.931851652578441 -0.5176380902039071 0
144 3.956295201467934 -0.4158233816340017 0
145 3.975376681190608 -0.3128689300783636 0
146 3.9890437907368 -0.209056926532896 0
147 3.99725906950929 -0.1046719124831655 0
148 -0.002740930490688021 0.1046719124827538 0
149 -0.01095620926311236 0.2090569265320622 0
150 -0.02462331880918933 0.3128689300770824 0
151 -0.04370479853165143 0.41582338163205 0
152 -0.06814834742092635 0.5176380902015446 0
153 -0.09788696740854586 0.6180339887463647 0
154 -0.1328391470042203 0.7167358990870152 0
155 -0.1729090847131696 0.8134732861479425 0
156 -0.2179869516213493 0.9079809994753351 0
157 -0.2679491924289139 0.9999999999961744 0
158 -0.3226588641066162 1.089278070026149 0
159 -0.3819660112472472 1.175570504581013 0
160 -0.4457080770829036 1.258640782095779 0
161 -0.5137103490417649 1.338261212713888 0
162 -0.5857864376231201 1.41421356236931 0
163 -0.6617387872781557 1.486289650951072 0
164 -0.7413592178958883 1.554291922910349 0
165 -0.8244294954102072 1.618033988746373 0
166 -0.9107219299648108 1.677341135887513 0
167 -0.9999999999946148 1.732050807565768 0
168 -1.092019000515143 1.782013048373799 0
169 -1.186526713842369 1.827090915282517 0
170 -1.283264100903075 1.867160852991976 0
171 -1.381966011243551 1.902113032588178 0
172 -1.482361909788115 1.931851652576303 0
173 -1.584176618357434 1.956295201466113 0
174 -1.68713106991229 1.975376681189127 0
175 -1.790943073457255 1.989043790735765 0
176 -1.895328087506404 1.997259069508744 0
177 -1.999999999992243 2 0
178 -2.104671912478316 1.997259069509545 0
179 -2.20905692652817 1.989043790737297 0
180 -2.312868930073816 1.975376681191328 0
181 -2.415823381629164 1.956295201468962 0
182 -2.51763809019895 1.931851652579769 0
183 -2.618033988744426 1.902113032592084 0
184 -2.716735899085558 1.867160852996339 0
185 -2.813473286146898 1.827090915287295 0
186 -2.90798099947476 1.782013048378944 0
187 -2.99999999999609 1.732050807571135 0
188 -3.089278070026622 1.677341135893077 0
189 -3.17557050458212 1.618033988751949 0
190 -3.258640782097242 1.554291922915912 0
191 -3.338261212715747 1.486289650956562 0
192 -3.414213562371434 1.414213562374756 0
193 -3.486289650953395 1.338261212719264 0
194 -3.554291922912819 1.258640782101061 0
195 -3.618033988748983 1.175570504586201 0
196 -3.677341135890407 1.089278070030733 0
197 -3.732050807568696 1.000000000000314 0
198 -3.78201304837676 0.9079809994790463 0
199 -3.82709091528534 0.8134732861512893 0
200 -3.867160852994638 0.7167358990899894 0
201 -3.902113032590584 0.6180339887490436 0
202 -3.931851652578441 0.5176380902039071 0
203 -3.956295201467934 0.4158233816340017 0
204 -3.975376681190608 0.3128689300783636 0
205 -3.9890437907368 0.209056926532896 0
206 -3.99725906950929 0.1046719124831655 0
207 -0.002740930490688021 0.1046719124827538 0
208 -0.01095620926311236 0.2090569265320622 0
209 -0.02462331880918933 0.3128689300770824 0
210 -0.04370479853165143 0.41582338163205 0
211 -0.06814834742092635 0.5176380902015446 0
212 -0.09788696740854586 0.6180339887463647 0
213 -0.1328391470042203 0.7167358990870152 0
214 -0.1729090847131696 0.8134732861479425 0
215 -0.2179869516213493 0.9079809994753351 0
216 -0.2679491924289139 0.9999999999961744 0
217 -0.3226588641066162 1.089278070026149 0
218 -0.3819660112472472 1.175570504581013 0
219 -0.4457080770829036 1.258640782095779 0
220 -0.5137103490417649 1.338261212713888 0
221 -0.5857864376231201 1.41421356236931 0
222 -0.6617387872781557 1.486289650951072 0
223 -0.7413592178958883 1.554291922910349 0
224 -0.8244294954102072 1.618033988746373 0
225 -0.9107219299648108 1.677341135887513 0
226 -0.9999999999946148 1.732050807565768 0
227 -1.092019000515143 1.782013048373799 0
228 -1.186526713842369 1.827090915282517 0
229 -1.283264100903075 1.867160852991976 0
230 -1.381966011243551 1.902113032588178 0
231 -1.482361909788115 1.931851652576303 0
232 -1.584176618357434 1.956295201466113 0
233 -1.68713106991229 1.975376681189127 0
234 -1.790943073457255 1.989043790735765 0
235 -1.895328087506404 1.997259069508744 0
236 -1.999999999992243 2 0
237 -2.104671912478316 1.997259069509545 0
238 -2.20905692652817 1.989043790737297 0
239 -2.312868930073816 1.975376681191328 0
240 -2.415823381629164 1.956295201468962 0
241 -2.51763809019895 1.931851652579769 0
242 -2.618033988744426 1.902113032592084 0
243 -2.716735899085558 1.867160852996339 0
244 -2.813473286146898 1.827090915287295 0
245 -2.90798099947476 1.782013048378944 0
246 -2.99999999999609 1.732050807571135 0
247 -3.089278070026622 1.677341135893077 0
248 -3.17557050458212 1.618033988751949 0
249 -3.258640782097242 1.554291922915912 0
250 -3.338261212715747 1.486289650956562 0
251 -3.414213562371434 1.414213562374756 0
252 -3.486289650953395 1.338261212719264 0
253 -3.554291922912819 1.258640782101061 0
254 -3.618033988748983 1.175570504586201 0
255 -3.677341135890407 1.089278070030733 0
256 -3.732050807568696 1.000000000000314 0
257 -3.78201304837676 0.9079809994790463 0
258 -3.82709091528534 0.8134732861512893 0
259 -3.867160852994638 0.7167358990899894 0
260 -3.902113032590584 0.6180339887490436 0
261 -3.931851652578441 0.5176380902039071 0
262 -3.956295201467934 0.4158233816340017 0
263 -3.975376681190608 0.3128689300783636 0
264 -3.9890437907368 0.209056926532896 0
265 -3.99725906950929 0.1046719124831655 0
266 0.0666666666665325 0 0
267 0.1333333333330848 0 0
268 0.1999999999995569 0 0
269 0.266666666666029 0 0
270 0.3333333333325011 0 0
271 0.3999999999989731 0 0
272 0.4666666666654452 0 0
273 0.5333333333321025 0 0
274 0.599999999998945 0 0
275 0.6666666666657876 0 0
276 0.73333333333263 0 0
277 0.7999999999994725 0 0
278 0.8666666666663151 0 0
279 0.9333333333331575 0 0
280 -0.9333333333330558 0 0
281 -0.866666666666204 0 0
282 -0.8 0 0
283 -0.7333333333337959 0 0
284 -0.6666666666675918 0 0
285 -0.6000000000013874 0 0
286 -0.5333333333351832 0 0
287 -0.466666666668609 0 0
288 -0.4000000000016649 0 0
289 -0.3333333333347207 0 0
290 -0.2666666666677765 0 0
291 -0.2000000000008324 0 0
292 -0.1333333333338883 0 0
293 -0.06666666666694399 0 0
294 3.066666666666667 0 0
295 3.133333333333333 0 0
296 3.2 0 0
297 3.266666666666667 0 0
298 3.333333333333333 0 0
299 3.4 0 0
300 3.466666666666667 0 0
301 3.533333333333333 0 0
302 3.6 0 0
303 3.666666666666667 0 0
304 3.733333333333333 0 0
305 3.8 0 0
306 3.866666666666667 0 0
307 3.933333333333334 0 0
308 4.066666666666666 0 0
309 4.133333333333334 0 0
310 4.2 0 0
311 4.266666666666667 0 0
312 4.333333333333333 0 0
313 4.4 0 0
314 4.466666666666667 0 0
315 4.533333333333333 0 0
316 4.6 0 0
317 4.666666666666667 0 0
318 4.733333333333333 0 0
319 4.8 0 0
320 4.866666666666667 0 0
321 4.933333333333334 0 0
322 -3.933333333333333 0 0
323 -3.866666666666667 0 0
324 -3.8 0 0
325 -3.733333333333333 0 0
326 -3.666666666666667 0 0
327 -3.6 0 0
328 -3.533333333333333 0 0
329 -3.466666666666667 0 0
330 -3.4 0 0
331 -3.333333333333333 0 0
332 -3.266666666666667 0 0
333 -3.2 0 0
334 -3.133333333333333 0 0
335 -3.066666666666666 0 0
336 -4.933333333333334 0 0
337 -4.866666666666666 0 0
338 -4.8 0 0
339 -4.733333333333333 0 0
340 -4.666666666666667 0 0
341 -4.6 0 0
342 -4.533333333333333 0 0
343 -4.466666666666667 0 0
344 -4.4 0 0
345 -4.333333333333333 0 0
346 -4.266666666666667 0 0
347 -4.2 0 0
348 -4.133333333333333 0 0
349 -4.066666666666666 0 0
350 -0.9958886042639667 -0.1570078687241508 0
351 -0.9835656861053277 -0.31358538979813 0
352 -0.9630650217862069 -0.4693033951156802 0
353 -0.9344428022025033 -0.6237350724481663 0
354 -0.8977774788685742 -0.7764571353024521 0
355 -0.8531695488871405 -0.9270509831196735 0
356 -0.8007412794935997 -1.075103848630705 0
357 -0.7406363729301577 -1.220209929222111 0
358 -0.6730195725678847 -1.361971499213182 0
359 -0.5980762113565108 -1.499999999994467 0
360 -0.5160117038399661 -1.633917105039393 0
361 -0.427050983129031 -1.763355756871654 0
362 -0.3314378843755508 -1.887961173143785 0
363 -0.2294344764371972 -2.007391819071005 0
364 -0.1213203435652366 -2.121320343554049 0
365 -0.00739181908276354 -2.22943447642661 0
366 0.1120388268439116 -2.331437884365588 0
367 0.2366442431154476 -2.42705098311966 0
368 0.3660828949473778 -2.516011703831375 0
369 0.4999999999921805 -2.598076211348801 0
370 0.6380285007730857 -2.673019572560888 0
371 0.7797900707638206 -2.740636372923894 0
372 0.9248961513548402 -2.800741279488051 0
373 1.072949016865482 -2.853169548882317 0
374 1.223542864682232 -2.89777747886447 0
375 1.376264927536176 -2.934442802199175 0
376 1.530696604868389 -2.963065021783684 0
377 1.686414610185748 -2.983565686103633 0
378 1.842992131259441 -2.995888604263107 0
379 1.999999999988085 -3 0
380 2.157007868717121 -2.995888604264335 0
381 2.31358538979186 -2.983565686105987 0
382 2.469303395110141 -2.963065021787084 0
383 2.623735072443494 -2.934442802203497 0
384 2.776457135298514 -2.897777478869629 0
385 2.92705098311659 -2.853169548888142 0
386 3.075103848628458 -2.800741279494463 0
387 3.220209929220561 -2.740636372930848 0
388 3.361971499212368 -2.6730195725683 0
389 3.49999999999438 -2.598076211356561 0
390 3.633917105040149 -2.516011703839475 0
391 3.763355756873421 -2.427050983127747 0
392 3.887961173145957 -2.331437884373791 0
393 4.00739181907341 -2.229434476435032 0
394 4.121320343556942 -2.121320343562344 0
395 4.229434476429881 -2.007391819079132 0
396 4.331437884369133 -1.887961173151711 0
397 4.427050983123469 -1.763355756879309 0
398 4.516011703835497 -1.633917105046274 0
399 4.598076211352916 -1.500000000000692 0
400 4.673019572564907 -1.361971499219026 0
401 4.740636372927796 -1.220209929227417 0
402 4.800741279491798 -1.075103848635398 0
403 4.853169548885812 -0.9270509831237617 0
404 4.89777747886763 -0.7764571353059777 0
405 4.934442802201872 -0.6237350724511381 0
406 4.963065021785902 -0.4693033951176045 0
407 4.983565686105196 -0.3135853897993772 0
408 4.995888604263934 -0.1570078687247722 0
409 1.001370465245344 -0.05233595624137409 0
410 1.005478104631556 -0.1045284632660255 0
411 1.012311659404593 -0.1564344650385314 0
412 1.021852399265823 -0.2079116908160131 0
413 1.034074173710454 -0.2588190451007391 0
414 1.048943483704253 -0.3090169943731204 0
415 1.066419573502085 -0.3583679495434421 0
416 1.086454542356566 -0.4067366430739284 0
417 1.108993475810667 -0.4539904997376534 0
418 1.133974596214433 -0.4999999999980458 0
419 1.161329432053296 -0.5446390350130562 0
420 1.190983005623613 -0.5877852522904913 0
421 1.222854038541411 -0.6293203910478392 0
422 1.256855174520802 -0.6691306063568553 0
423 1.292893218811452 -0.7071067811845467 0
424 1.330869393639011 -0.7431448254754756 0
425 1.37067960894787 -0.7771459614551142 0
426 1.412214747705024 -0.8090169943731288 0
427 1.45536096498235 -0.8386705679437209 0
428 1.499999999997243 -0.8660254037828468 0
429 1.546009500257494 -0.8910065241868601 0
430 1.593263356921083 -0.9135454576412132 0
431 1.64163205045141 -0.9335804264959389 0
432 1.690983005621605 -0.9510565162940334 0
433 1.741180954893888 -0.9659258262881062 0
434 1.792088309178617 -0.9781476007330354 0
435 1.843565534956094 -0.9876883405945556 0
436 1.895471536728484 -0.9945218953678674 0
437 1.947664043753009 -0.9986295347543618 0
438 1.999999999995966 -1 0
439 2.052335956238994 -0.9986295347547809 0
440 2.104528463263881 -0.9945218953686698 0
441 2.156434465036602 -0.9876883405957125 0
442 2.207911690814423 -0.9781476007345149 0
443 2.258819045099473 -0.9659258262898848 0
444 2.30901699437224 -0.9510565162960333 0
445 2.358367949542814 -0.9335804264981562 0
446 2.406736643073478 -0.9135454576436346 0
447 2.453990499737476 -0.8910065241894234 0
448 2.499999999998015 -0.8660254037855845 0
449 2.544639035013238 -0.8386705679465857 0
450 2.58778525229102 -0.8090169943760028 0
451 2.629320391048656 -0.7771459614579271 0
452 2.669130606357906 -0.7431448254782514 0
453 2.707106781185746 -0.7071067811873489 0
454 2.743144825476656 -0.6691306063596781 0
455 2.777145961456308 -0.6293203910506561 0
456 2.809016994374407 -0.5877852522932169 0
457 2.838670567945144 -0.5446390350154582 0
458 2.866025403784323 -0.5000000000002007 0
459 2.891006524188373 -0.4539904997395378 0
460 2.913545457642662 -0.4067366430756625 0
461 2.933580426497311 -0.3583679495450154 0
462 2.951056516295285 -0.3090169943745433 0
463 2.965925826289224 -0.258819045101941 0
464 2.978147600733971 -0.207911690816983 0
465 2.987688340595306 -0.1564344650391669 0
466 2.994521895368401 -0.1045284632664361 0
467 2.998629534754646 -0.05233595624157567 0
468 -1.001370465245344 0.05233595624137409 0
469 -1.005478104631556 0.1045284632660255 0
470 -1.012311659404593 0.1564344650385314 0
471 -1.021852399265823 0.2079116908160131 0
472 -1.034074173710454 0.2588190451007391 0
473 -1.048943483704253 0.3090169943731204 0
474 -1.066419573502085 0.3583679495434421 0
475 -1.086454542356566 0.4067366430739284 0
476 -1.108993475810667 0.4539904997376534 0
477 -1.133974596214433 0.4999999999980458 0
478 -1.161329432053296 0.5446390350130562 0
479 -1.190983005623613 0.5877852522904913 0
480 -1.222854038541411 0.6293203910478392 0
481 -1.256855174520802 0.6691306063568553 0
482 -1.292893218811452 0.7071067811845467 0
483 -1.330869393639011 0.7431448254754756 0
484 -1.37067960894787 0.7771459614551142 0
485 -1.412214747705024 0.8090169943731288 0
486 -1.45536096498235 0.8386705679437209 0
487 -1.499999999997243 0.8660254037828468 0
488 -1.546009500257494 0.8910065241868601 0
489 -1.593263356921083 0.9135454576412132 0
490 -1.64163205045141 0.9335804264959389 0
491 -1.690983005621605 0.9510565162940334 0
492 -1.741180954893888 0.9659258262881062 0
493 -1.792088309178617 0.9781476007330354 0
494 -1.843565534956094 0.9876883405945556 0
495 -1.895471536728484 0.9945218953678674 0
496 -1.947664043753009 0.9986295347543618 0
497 -1.999999999995966 1 0
498 -2.052335956238994 0.9986295347547809 0
499 -2.104528463263881 0.9945218953686698 0
500 -2.156434465036602 0.9876883405957125 0
501 -2.207911690814423 0.9781476007345149 0
502 -2.258819045099473 0.9659258262898848 0
503 -2.30901699437224 0.9510565162960333 0
504 -2.358367949542814 0.9335804264981562 0
505 -2.406736643073478 0.9135454576436346 0
506 -2.453990499737476 0.8910065241894234 0
507 -2.499999999998015 0.8660254037855845 0
508 -2.544639035013238 0.8386705679465857 0
509 -2.58778525229102 0.8090169943760028 0
510 -2.629320391048656 0.7771459614579271 0
511 -2.669130606357906 0.7431448254782514 0
512 -2.707106781185746 0.7071067811873489 0
513 -2.743144825476656 0.6691306063596781 0
514 -2.777145961456308 0.6293203910506561 0
515 -2.809016994374407 0.5877852522932169 0
516 -2.838670567945144 0.5446390350154582 0
517 -2.866025403784323 0.5000000000002007 0
518 -2.891006524188373 0.4539904997395378 0
519 -2.913545457642662 0.4067366430756625 0
520 -2.933580426497311 0.3583679495450154 0
521 -2.951056516295285 0.3090169943745433 0
522 -2.965925826289224 0.258819045101941 0
523 -2.978147600733971 0.207911690816983 0
524 -2.987688340595306 0.1564344650391669 0
525 -2.994521895368401 0.1045284632664361 0
526 -2.998629534754646 0.05233595624157567 0
527 0.9958886042639667 0.1570078687241508 0
528 0.9835656861053277 0.31358538979813 0
529 0.9630650217862069 0.4693033951156802 0
530 0.9344428022025033 0.6237350724481663 0
531 0.8977774788685742 0.7764571353024521 0
532 0.8531695488871405 0.9270509831196735 0
533 0.8007412794935997 1.075103848630705 0
534 0.7406363729301577 1.220209929222111 0
535 0.6730195725678847 1.361971499213182 0
536 0.5980762113565108 1.499999999994467 0
537 0.5160117038399661 1.633917105039393 0
538 0.427050983129031 1.763355756871654 0
539 0.3314378843755508 1.887961173143785 0
540 0.2294344764371972 2.007391819071005 0
541 0.1213203435652366 2.121320343554049 0
542 0.00739181908276354 2.22943447642661 0
543 -0.1120388268439116 2.331437884365588 0
544 -0.2366442431154476 2.42705098311966 0
545 -0.3660828949473778 2.516011703831375 0
546 -0.4999999999921805 2.598076211348801 0
547 -0.6380285007730857 2.673019572560888 0
548 -0.7797900707638206 2.740636372923894 0
549 -0.9248961513548402 2.800741279488051 0
550 -1.072949016865482 2.853169548882317 0
551 -1.223542864682232 2.89777747886447 0
552 -1.376264927536176 2.934442802199175 0
553 -1.530696604868389 2.963065021783684 0
554 -1.686414610185748 2.983565686103633 0
555 -1.842992131259441 2.995888604263107 0
556 -1.999999999988085 3 0
557 -2.157007868717121 2.995888604264335 0
558 -2.31358538979186 2.983565686105987 0
559 -2.469303395110141 2.963065021787084 0
560 -2.623735072443494 2.934442802203497 0
561 -2.776457135298514 2.897777478869629 0
562 -2.92705098311659 2.853169548888142 0
563 -3.075103848628458 2.800741279494463 0
564 -3.220209929220561 2.740636372930848 0
565 -3.361971499212368 2.6730195725683 0
566 -3.49999999999438 2.598076211356561 0
567 -3.633917105040149 2.516011703839475 0
568 -3.763355756873421 2.427050983127747 0
569 -3.887961173145957 2.331437884373791 0
570 -4.00739181907341 2.229434476435032 0
571 -4.121320343556942 2.121320343562344 0
572 -4.229434476429881 2.007391819079132 0
573 -4.331437884369133 1.887961173151711 0
574 -4.427050983123469 1.763355756879309 0
575 -4.516011703835497 1.633917105046274 0
576 -4.598076211352916 1.500000000000692 0
577 -4.673019572564907 1.361971499219026 0
578 -4.740636372927796 1.220209929227417 0
579 -4.800741279491798 1.075103848635398 0
580 -4.853169548885812 0.9270509831237617 0
581 -4.89777747886763 0.7764571353059777 0
582 -4.934442802201872 0.6237350724511381 0
583 -4.963065021785902 0.4693033951176045 0
584 -4.983565686105196 0.3135853897993772 0
585 -4.995888604263934 0.1570078687247722 0
586 1.1 0 0
587 1.2 0 0
588 1.3 0 0
589 1.4 0 0
590 2.6 0 0
591 2.7 0 0
592 2.8 0 0
593 2.9 0 0
594 5.1 0 0
595 5.2 0 0
596 5.3 0 0
597 5.4 0 0
598 -5.384707679730395 0 0
599 -5.224003378698622 0 0
600 -2.775996621301377 0 0
601 -2.615292320269605 0 0
602 -1.384707679731706 0 0
603 -1.224003378700265 0 0
604 2.5 0.09999999999981467 0
605 2.5 0.1999999999995579 0
606 2.5 0.2999999999992664 0
607 2.5 0.3999999999989749 0
608 2.5 0.4999999999986943 0
609 2.5 0.5999999999989468 0
610 2.5 0.69999999999921 0
611 2.5 0.7999999999994734 0
612 2.5 0.8999999999997368 0
613 3 0.09999999999981414 0
614 3 0.1999999999995569 0
615 3 0.299999999999265 0
616 3 0.3999999999989731 0
617 3 0.4999999999986921 0
618 3 0.599999999998945 0
619 3 0.6999999999992088 0
620 3 0.7999999999994725 0
621 3 0.8999999999997362 0
622 4 0.09999999999981414 0
623 4 0.1999999999995569 0
624 4 0.299999999999265 0
625 4 0.3999999999989731 0
626 4 0.4999999999986921 0
627 4 0.599999999998945 0
628 4 0.6999999999992088 0
629 4 0.7999999999994725 0
630 4 0.8999999999997362 0
631 5 0.09999999999981414 0
632 5 0.1999999999995569 0
633 5 0.299999999999265 0
634 5 0.3999999999989731 0
635 5 0.4999999999986921 0
636 5 0.599999999998945 0
637 5 0.6999999999992088 0
638 5 0.7999999999994725 0
639 5 0.8999999999997362 0
640 5.5 0.09999999999981467 0
641 5.5 0.1999999999995579 0
642 5.5 0.2999999999992664 0
643 5.5 0.3999999999989749 0
644 5.5 0.4999999999986943 0
645 5.5 0.5999999999989468 0
646 5.5 0.69999999999921 0
647 5.5 0.7999999999994734 0
648 5.5 0.8999999999997368 0
649 3.066666666666667 1 0
650 3.133333333333333 1 0
651 3.2 1 0
652 3.266666666666667 1 0
653 3.333333333333333 1 0
654 3.4 1 0
655 3.466666666666667 1 0
656 3.533333333333333 1 0
657 3.6 1 0
658 3.666666666666667 1 0
659 3.733333333333333 1 0
660 3.8 1 0
661 3.866666666666667 1 0
662 3.933333333333334 1 0
663 4.066666666666666 1 0
664 4.133333333333334 1 0
665 4.2 1 0
666 4.266666666666667 1 0
667 4.333333333333333 1 0
668 4.4 1 0
669 4.466666666666667 1 0
670 4.533333333333333 1 0
671 4.6 1 0
672 4.666666666666667 1 0
673 4.733333333333333 1 0
674 4.8 1 0
675 4.866666666666667 1 0
676 4.933333333333334 1 0
677 3.1 1.5 0
678 3.2 1.5 0
679 3.299999999999999 1.5 0
680 3.399999999999999 1.5 0
681 3.499999999999999 1.5 0
682 3.599999999999999 1.5 0
683 3.699999999999999 1.5 0
684 3.799999999999999 1.5 0
685 3.899999999999999 1.5 0
686 4 1.5 0
687 4.1 1.5 0
688 4.199999999999999 1.5 0
689 4.3 1.5 0
690 4.399999999999999 1.5 0
691 4.5 1.5 0
692 4.6 1.5 0
693 4.699999999999999 1.5 0
694 4.8 1.5 0
695 4.899999999999999 1.5 0
696 -5.5 -0.8999999999995836 0
697 -5.5 -0.7999999999999998 0
698 -5.5 -0.7000000000006934 0
699 -5.5 -0.6000000000013869 0
700 -5.5 -0.5000000000020587 0
701 -5.5 -0.4000000000016644 0
702 -5.5 -0.3000000000012483 0
703 -5.5 -0.2000000000008322 0
704 -5.5 -0.100000000000416 0
705 -5 -0.8999999999995836 0
706 -5 -0.8 0
707 -5 -0.7000000000006938 0
708 -5 -0.6000000000013874 0
709 -5 -0.5000000000020595 0
710 -5 -0.400000000001665 0
711 -5 -0.3000000000012487 0
712 -5 -0.2000000000008325 0
713 -5 -0.1000000000004162 0
714 -4 -0.8999999999995836 0
715 -4 -0.8 0
716 -4 -0.7000000000006938 0
717 -4 -0.6000000000013874 0
718 -4 -0.5000000000020595 0
719 -4 -0.400000000001665 0
720 -4 -0.3000000000012487 0
721 -4 -0.2000000000008325 0
722 -4 -0.1000000000004162 0
723 -3 -0.8999999999995836 0
724 -3 -0.8 0
725 -3 -0.7000000000006938 0
726 -3 -0.6000000000013874 0
727 -3 -0.5000000000020595 0
728 -3 -0.400000000001665 0
729 -3 -0.3000000000012487 0
730 -3 -0.2000000000008325 0
731 -3 -0.1000000000004162 0
732 -2.5 -0.8999999999995836 0
733 -2.5 -0.7999999999999998 0
734 -2.5 -0.7000000000006934 0
735 -2.5 -0.6000000000013869 0
736 -2.5 -0.5000000000020587 0
737 -2.5 -0.4000000000016644 0
738 -2.5 -0.3000000000012483 0
739 -2.5 -0.2000000000008322 0
740 -2.5 -0.100000000000416 0
741 -4.933333333333334 -1 0
742 -4.866666666666666 -1 0
743 -4.8 -1 0
744 -4.733333333333333 -1 0
745 -4.666666666666667 -1 0
746 -4.6 -1 0
747 -4.533333333333333 -1 0
748 -4.466666666666667 -1 0
749 -4.4 -1 0
750 -4.333333333333333 -1 0
751 -4.266666666666667 -1 0
752 -4.2 -1 0
753 -4.133333333333333 -1 0
754 -4.066666666666666 -1 0
755 -3.933333333333333 -1 0
756 -3.866666666666667 -1 0
757 -3.8 -1 0
758 -3.733333333333333 -1 0
759 -3.666666666666667 -1 0
760 -3.6 -1 0
761 -3.533333333333333 -1 0
762 -3.466666666666667 -1 0
763 -3.4 -1 0
764 -3.333333333333333 -1 0
765 -3.266666666666667 -1 0
766 -3.2 -1 0
767 -3.133333333333333 -1 0
768 -3.066666666666666 -1 0
769 -4.9 -1.5 0
770 -4.800000000000001 -1.5 0
771 -4.700000000000001 -1.5 0
772 -4.600000000000001 -1.5 0
773 -4.500000000000001 -1.5 0
774 -4.400000000000001 -1.5 0
775 -4.300000000000001 -1.5 0
776 -4.200000000000001 -1.5 0
777 -4.100000000000001 -1.5 0
778 -4.000000000000001 -1.5 0
779 -3.9 -1.5 0
780 -3.800000000000001 -1.5 0
781 -3.7 -1.5 0
782 -3.600000000000001 -1.5 0
783 -3.5 -1.5 0
784 -3.4 -1.5 0
785 -3.300000000000001 -1.5 0
786 -3.2 -1.5 0
787 -3.100000000000001 -1.5 0
788 1.509607359798206 -0.09754516100716649 0
789 1.538060233743953 -0.1913417161815694 0
790 1.58426519384805 -0.2777851165087879 0
791 1.646446609405706 -0.353553390592253 0
792 1.722214883488973 -0.4157348061504534 0
793 1.808658283815893 -0.4619397662549962 0
794 1.902454838990047 -0.4903926402012395 0
795 1.999999999997869 -0.5 0
796 2.097545161006503 -0.4903926402019257 0
797 2.191341716181439 -0.4619397662561013 0
798 2.277785116509088 -0.415734806151749 0
799 2.353553390592947 -0.3535533905936005 0
800 2.415734806151224 -0.2777851165098736 0
801 2.461939766255703 -0.1913417161824026 0
802 2.490392640201703 -0.09754516100762352 0
803 -1.498572674898816 -0.09994617777255638 0
804 -1.494291863741787 -0.1998108380142285 0
805 -1.487161058019896 -0.2995125296703902 0
806 -1.477186073720573 -0.398969934611245 0
807 -1.464375046584095 -0.4981019339507214 0
808 -1.448738425467945 -0.5968276742082892 0
809 -1.430288963824576 -0.6950666332541899 0
810 -1.409041709299542 -0.7927386859842631 0
811 -1.385013991458414 -0.8897641696712548 0
812 -1.358225407652505 -0.9860639489389971 0
813 -1.328697807034992 -1.0815594803063 0
814 -1.296455272740465 -1.176172876248041 0
815 -1.261524102242413 -1.269826968721259 0
816 -1.22393278590452 -1.362445372104849 0
817 -1.183711983743589 -1.453952545500526 0
818 -1.140894500422794 -1.544273854345092 0
819 -1.095515258495646 -1.633335631283612 0
820 -1.04761126992278 -1.72106523625331 0
821 -0.9972216058843939 -1.807391115730011 0
822 -0.9443873649132408 -1.892242861088201 0
823 -0.8891516393741252 -1.975551266027234 0
824 -0.8315594803170909 -2.057248383017083 0
825 -0.7716578607330629 -2.137267578717419 0
826 -0.7094956372421306 -2.215543588324514 0
827 -0.6451235102455017 -2.292012568802037 0
828 -0.5785939825733388 -2.366612150952616 0
829 -0.5099613166626438 -2.439281490287074 0
830 -0.4392814903001589 -2.509961316649927 0
831 -0.3666121509660583 -2.578593982561002 0
832 -0.292012568815827 -2.645123510233553 0
833 -0.2155435883386456 -2.709495637230575 0
834 -0.1372675787319846 -2.771657860721832 0
835 -0.05724838303202162 -2.831559480306238 0
836 0.02444873395754454 -2.889151639363717 0
837 0.1077571388963818 -2.944387364903333 0
838 0.1926088842545004 -2.997221605875054 0
839 0.2789347637309871 -3.047611269913912 0
840 0.3666643687004247 -3.095515258487223 0
841 0.4557261456386283 -3.14089450041479 0
842 0.5460474544829852 -3.183711983736059 0
843 0.6375546278784254 -3.223932785897452 0
844 0.7301730312617214 -3.261524102235787 0
845 0.8238271237348103 -3.296455272734346 0
846 0.9184405196762171 -3.328697807029312 0
847 1.013936051043205 -3.358225407647279 0
848 1.11023583031065 -3.385013991453658 0
849 1.207261313997402 -3.409041709295278 0
850 1.304933366727182 -3.430288963820802 0
851 1.40317232577281 -3.448738425464674 0
852 1.501898066030345 -3.464375046581373 0
853 1.601030065369685 -3.477186073718385 0
854 1.700487470310426 -3.487161058018249 0
855 1.800189161966504 -3.494291863740685 0
856 1.900053822208215 -3.498572674898267 0
857 1.99999999998613 -3.5 0
858 2.099946177764221 -3.498572674899054 0
859 2.199810838006261 -3.494291863742243 0
860 2.29951252966288 -3.487161058020542 0
861 2.398969934604351 -3.477186073721365 0
862 2.498101933944423 -3.464375046585001 0
863 2.596827674202523 -3.448738425468943 0
864 2.695066633248789 -3.430288963825671 0
865 2.79273868597922 -3.409041709300715 0
866 2.889764169666612 -3.385013991459634 0
867 2.986063948934908 -3.358225407653705 0
868 3.081559480302819 -3.328697807036123 0
869 3.176172876244887 -3.29645527274159 0
870 3.269826968718538 -3.261524102243473 0
871 3.362445372102497 -3.223932785905514 0
872 3.453952545498499 -3.183711983744515 0
873 3.544273854343478 -3.140894500423587 0
874 3.633335631282447 -3.095515258496261 0
875 3.721065236252691 -3.047611269923129 0
876 3.807391115729964 -2.997221605884422 0
877 3.892242861088625 -2.944387364912968 0
878 3.975551266028315 -2.889151639373385 0
879 4.057248383018669 -2.831559480315939 0
880 4.137267578719332 -2.771657860731588 0
881 4.215543588326728 -2.709495637240319 0
882 4.292012568804594 -2.645123510243287 0
883 4.366612150955579 -2.57859398257062 0
884 4.439281490290312 -2.509961316659497 0
885 4.509961316653325 -2.439281490296664 0
886 4.578593982564663 -2.366612150962069 0
887 4.645123510237454 -2.292012568811326 0
888 4.709495637234591 -2.215543588333734 0
889 4.77165786072598 -2.137267578726605 0
890 4.831559480310583 -2.05724838302604 0
891 4.889151639368356 -1.97555126603567 0
892 4.944387364908215 -1.892242861096021 0
893 4.997221605879918 -1.807391115737433 0
894 5.047611269918805 -1.721065236260348 0
895 5.0955152584921 -1.633335631290331 0
896 5.140894500419639 -1.544273854351509 0
897 5.183711983740817 -1.453952545506596 0
898 5.223932785902063 -1.362445372110662 0
899 5.261524102240291 -1.269826968726711 0
900 5.29645527273864 -1.176172876253154 0
901 5.328697807033395 -1.081559480311217 0
902 5.358225407651164 -0.9860639489435616 0
903 5.385013991457329 -0.8897641696753785 0
904 5.409041709298661 -0.7927386859880545 0
905 5.430288963823923 -0.695066633257414 0
906 5.448738425467512 -0.5968276742107946 0
907 5.464375046583798 -0.4981019339527888 0
908 5.477186073720389 -0.3989699346128521 0
909 5.487161058019794 -0.2995125296715819 0
910 5.494291863741742 -0.1998108380150124 0
911 5.498572674898805 -0.09994617777294902 0
912 1.498572674898816 0.09994617777255638 0
913 1.494291863741787 0.1998108380142285 0
914 1.487161058019896 0.2995125296703902 0
915 1.477186073720573 0.398969934611245 0
916 1.464375046584095 0.4981019339507214 0
917 1.448738425467945 0.5968276742082892 0
918 1.430288963824576 0.6950666332541899 0
919 1.409041709299542 0.7927386859842631 0
920 1.385013991458414 0.8897641696712548 0
921 1.358225407652505 0.9860639489389971 0
922 1.328697807034992 1.0815594803063 0
923 1.296455272740465 1.176172876248041 0
924 1.261524102242413 1.269826968721259 0
925 1.22393278590452 1.362445372104849 0
926 1.183711983743589 1.453952545500526 0
927 1.140894500422794 1.544273854345092 0
928 1.095515258495646 1.633335631283612 0
929 1.04761126992278 1.72106523625331 0
930 0.9972216058843939 1.807391115730011 0
931 0.9443873649132408 1.892242861088201 0
932 0.8891516393741252 1.975551266027234 0
933 0.8315594803170909 2.057248383017083 0
934 0.7716578607330629 2.137267578717419 0
935 0.7094956372421306 2.215543588324514 0
936 0.6451235102455017 2.292012568802037 0
937 0.5785939825733388 2.366612150952616 0
938 0.5099613166626438 2.439281490287074 0
939 0.4392814903001589 2.509961316649927 0
940 0.3666121509660583 2.578593982561002 0
941 0.292012568815827 2.645123510233553 0
942 0.2155435883386456 2.709495637230575 0
943 0.1372675787319846 2.771657860721832 0
944 0.05724838303202162 2.831559480306238 0
945 -0.02444873395754454 2.889151639363717 0
946 -0.1077571388963818 2.944387364903333 0
947 -0.1926088842545004 2.997221605875054 0
948 -0.2789347637309871 3.047611269913912 0
949 -0.3666643687004247 3.095515258487223 0
950 -0.4557261456386283 3.14089450041479 0
951 -0.5460474544829852 3.183711983736059 0
952 -0.6375546278784254 3.223932785897452 0
953 -0.7301730312617214 3.261524102235787 0
954 -0.8238271237348103 3.296455272734346 0
955 -0.9184405196762171 3.328697807029312 0
956 -1.013936051043205 3.358225407647279 0
957 -1.11023583031065 3.385013991453658 0
958 -1.207261313997402 3.409041709295278 0
959 -1.304933366727182 3.430288963820802 0
960 -1.40317232577281 3.448738425464674 0
961 -1.501898066030345 3.464375046581373 0
962 -1.601030065369685 3.477186073718385 0
963 -1.700487470310426 3.487161058018249 0
964 -1.800189161966504 3.494291863740685 0
965 -1.900053822208215 3.498572674898267 0
966 -1.99999999998613 3.5 0
967 -2.099946177764221 3.498572674899054 0
968 -2.199810838006261 3.494291863742243 0
969 -2.29951252966288 3.487161058020542 0
970 -2.398969934604351 3.477186073721365 0
971 -2.498101933944423 3.464375046585001 0
972 -2.596827674202523 3.448738425468943 0
973 -2.695066633248789 3.430288963825671 0
974 -2.79273868597922 3.409041709300715 0
975 -2.889764169666612 3.385013991459634 0
976 -2.986063948934908 3.358225407653705 0
977 -3.081559480302819 3.328697807036123 0
978 -3.176172876244887 3.29645527274159 0
979 -3.269826968718538 3.261524102243473 0
980 -3.362445372102497 3.223932785905514 0
981 -3.453952545498499 3.183711983744515 0
982 -3.544273854343478 3.140894500423587 0
983 -3.633335631282447 3.095515258496261 0
984 -3.721065236252691 3.047611269923129 0
985 -3.807391115729964 2.997221605884422 0
986 -3.892242861088625 2.944387364912968 0
987 -3.975551266028315 2.889151639373385 0
988 -4.057248383018669 2.831559480315939 0
989 -4.137267578719332 2.771657860731588 0
990 -4.215543588326728 2.709495637240319 0
991 -4.292012568804594 2.645123510243287 0
992 -4.366612150955579 2.57859398257062 0
993 -4.439281490290312 2.509961316659497 0
994 -4.509961316653325 2.439281490296664 0
995 -4.578593982564663 2.366612150962069 0
996 -4.645123510237454 2.292012568811326 0
997 -4.709495637234591 2.215543588333734 0
998 -4.77165786072598 2.137267578726605 0
999 -4.831559480310583 2.05724838302604 0
1000 -4.889151639368356 1.97555126603567 0
1001 -4.944387364908215 1.892242861096021 0
1002 -4.997221605879918 1.807391115737433 0
1003 -5.047611269918805 1.721065236260348 0
1004 -5.0955152584921 1.633335631290331 0
1005 -5.140894500419639 1.544273854351509 0
1006 -5.183711983740817 1.453952545506596 0
1007 -5.223932785902063 1.362445372110662 0
1008 -5.261524102240291 1.269826968726711 0
1009 -5.29645527273864 1.176172876253154 0
1010 -5.328697807033395 1.081559480311217 0
1011 -5.358225407651164 0.9860639489435616 0
1012 -5.385013991457329 0.8897641696753785 0
1013 -5.409041709298661 0.7927386859880545 0
1014 -5.430288963823923 0.695066633257414 0
1015 -5.448738425467512 0.5968276742107946 0
1016 -5.464375046583798 0.4981019339527888 0
1017 -5.477186073720389 0.3989699346128521 0
1018 -5.487161058019794 0.2995125296715819 0
1019 -5.494291863741742 0.1998108380150124 0
1020 -5.498572674898805 0.09994617777294902 0
1021 -1.509607359798206 0.09754516100716649 0
1022 -1.538060233743953 0.1913417161815694 0
1023 -1.58426519384805 0.2777851165087879 0
1024 -1.646446609405706 0.353553390592253 0
1025 -1.722214883488973 0.4157348061504534 0
1026 -1.808658283815893 0.4619397662549962 0
1027 -1.902454838990047 0.4903926402012395 0
1028 -1.999999999997869 0.5 0
1029 -2.097545161006503 0.4903926402019257 0
1030 -2.191341716181439 0.4619397662561013 0
1031 -2.277785116509088 0.415734806151749 0
1032 -2.353553390592947 0.3535533905936005 0
1033 -2.415734806151224 0.2777851165098736 0
1034 -2.461939766255703 0.1913417161824026 0
1035 -2.490392640201703 0.09754516100762352 0
1036 -2.902454838992305 -1.490392640201688 0
1037 -2.808658283818256 -1.461939766255975 0
1038 -2.722214883490942 -1.415734806151769 0
1039 -2.646446609407509 -1.353553390594056 0
1040 -2.584265193849236 -1.277785116510563 0
1041 -2.538060233744606 -1.191341716183146 0
1042 -2.509607359798423 -1.097545161008254 0
1043 -5.490392640201691 -1.097545161007682 0
1044 -5.461939766255888 -1.191341716181954 0
1045 -5.415734806151824 -1.277785116508975 0
1046 -5.353553390594437 -1.353553390592111 0
1047 -5.277785116511003 -1.41573480615047 0
1048 -5.191341716182688 -1.461939766255584 0
1049 -5.097545161007718 -1.490392640201684 0
1050 5.490392640201691 1.097545161007682 0
1051 5.461939766255888 1.191341716181954 0
1052 5.415734806151824 1.277785116508975 0
1053 5.353553390594437 1.353553390592111 0
1054 5.277785116511003 1.41573480615047 0
1055 5.191341716182688 1.461939766255584 0
1056 5.097545161007718 1.490392640201684 0
1057 2.902454838992305 1.490392640201688 0
1058 2.808658283818256 1.461939766255975 0
1059 2.722214883490942 1.415734806151769 0
1060 2.646446609407509 1.353553390594056 0
1061 2.584265193849236 1.277785116510563 0
1062 2.538060233744606 1.191341716183146 0
1063 2.509607359798423 1.097545161008254 0
1064 -3.065204837071626 0.05582501999102951 0
1065 -3.131780139388605 0.05931408374047853 0
1066 -3.198355441705576 0.06280314748989363 0
1067 -3.264930744022544 0.06629221123930876 0
1068 -3.331506046339512 0.06978127498872387 0
1069 -3.398081348656483 0.073270338738139 0
1070 -3.464656650973451 0.07675940248755413 0
1071 -3.531231953290426 0.0802484662369886 0
1072 -3.597807255607408 0.08373752998644245 0
1073 -3.664382557924389 0.08722659373589631 0
1074 -3.730957860241369 0.09071565748535015 0
1075 -3.797533162558348 0.09420472123480399 0
1076 -3.86410846487533 0.09769378498425783 0
1077 -3.93068376719231 0.1011828487337117 0
1078 -3.060823355059635 0.1114970274842291 0
1079 -3.127124814750867 0.1184655917020124 0
1080 -3.193426274442082 0.1254341559197281 0
1081 -3.259727734133294 0.1324027201374437 0
1082 -3.326029193824509 0.1393712843551594 0
1083 -3.392330653515722 0.146339848572875 0
1084 -3.458632113206936 0.1533084127905907 0
1085 -3.524933572898159 0.160276977008345 0
1086 -3.591235032589394 0.167245541226138 0
1087 -3.657536492280629 0.174214105443931 0
1088 -3.723837951971863 0.181182669661724 0
1089 -3.790139411663097 0.188151233879517 0
1090 -3.856440871354331 0.19511979809731 0
1091 -3.922742331045566 0.2020883623151031 0
1092 -3.053534229968336 0.1668634293751567 0
1093 -3.119380119341363 0.1772923937111322 0
1094 -3.185226008714367 0.1877213580470062 0
1095 -3.251071898087369 0.1981503223828803 0
1096 -3.316917787460372 0.2085792867187544 0
1097 -3.382763676833375 0.2190082510546285 0
1098 -3.448609566206377 0.2294372153905026 0
1099 -3.514455455579394 0.2398661797264346 0
1100 -3.580301344952424 0.2502951440624245 0
1101 -3.646147234325456 0.2607241083984143 0
1102 -3.711993123698485 0.2711530727344042 0
1103 -3.777839013071517 0.281582037070394 0
1104 -3.843684902444546 0.2920110014063839 0
1105 -3.909530791817578 0.3024399657423738 0
1106 -3.043357440782914 0.221772470204842 0
1107 -3.108567280831854 0.2356332495926818 0
1108 -3.173777120880763 0.2494940289803868 0
1109 -3.238986960929673 0.2633548083680919 0
1110 -3.304196800978584 0.2772155877557969 0
1111 -3.369406641027494 0.291076367143502 0
1112 -3.434616481076403 0.3049371465312072 0
1113 -3.49982632112533 0.3187979259189892 0
1114 -3.565036161174274 0.3326587053068481 0
1115 -3.630246001223218 0.3465194846947071 0
1116 -3.695455841272161 0.360380264082566 0
1117 -3.760665681321105 0.3742410434704249 0
1118 -3.825875521370047 0.3881018228582839 0
1119 -3.89108536141899 0.4019626022461428 0
1120 -3.030320881375185 0.2760736481088106 0
1121 -3.094715936461143 0.2933282511156562 0
1122 -3.159110991547067 0.3105828541223342 0
1123 -3.223506046632992 0.3278374571290122 0
1124 -3.287901101718917 0.3450920601356903 0
1125 -3.352296156804843 0.3623466631423684 0
1126 -3.416691211890767 0.3796012661490464 0
1127 -3.48108626697671 0.3968558691558202 0
1128 -3.545481322062673 0.4141104721626897 0
1129 -3.609876377148633 0.4313650751695593 0
1130 -3.674271432234595 0.4486196781764289 0
1131 -3.738666487320557 0.4658742811832984 0
1132 -3.803061542406518 0.483128884190168 0
1133 -3.867456597492479 0.5003834871970375 0
1134 -3.014460284048319 0.3296181273329291 0
1135 -3.077864051801349 0.3502192602912864 0
1136 -3.141267819554344 0.3708203932494434 0
1137 -3.204671587307341 0.3914215262076005 0
1138 -3.268075355060337 0.4120226591657575 0
1139 -3.331479122813333 0.4326237921239147 0
1140 -3.39488289056633 0.4532249250820718 0
1141 -3.458286658319345 0.4738260580403433 0
1142 -3.521690426072378 0.494427190998729 0
1143 -3.585094193825413 0.5150283239571147 0
1144 -3.648497961578447 0.5356294569155006 0
1145 -3.711901729331481 0.5562305898738863 0
1146 -3.775305497084515 0.576831722832272 0
1147 -3.838709264837549 0.5974328557906579 0
1148 -2.995819121597147 0.3822591461814465 0
1149 -3.058057816696979 0.4061503428178445 0
1150 -3.120296511796777 0.4300415394540101 0
1151 -3.182535206896575 0.453932736090176 0
1152 -3.244773901996374 0.4778239327263418 0
1153 -3.307012597096172 0.5017151293625077 0
1154 -3.369251292195971 0.5256063259986736 0
1155 -3.431489987295787 0.5494975226349721 0
1156 -3.493728682395624 0.5733887192714031 0
1157 -3.55596737749546 0.5972799159078341 0
1158 -3.618206072595296 0.6211711125442653 0
1159 -3.680444767695131 0.6450623091806963 0
1160 -3.742683462794967 0.6689535058171273 0
1161 -3.804922157894802 0.6928447024535584 0
1162 -2.974448488152186 0.4338524192808172 0
1163 -3.035351518661707 0.4609681954859343 0
1164 -3.096254549171197 0.4880839716907878 0
1165 -3.157157579680687 0.5151997478956415 0
1166 -3.218060610190179 0.5423155241004951 0
1167 -3.278963640699668 0.5694313003053489 0
1168 -3.339866671209158 0.5965470765102027 0
1169 -3.400769701718666 0.6236628527152068 0
1170 -3.461672732228191 0.6507786289203614 0
1171 -3.522575762737715 0.677894405125516 0
1172 -3.58347879324724 0.7050101813306707 0
1173 -3.644381823756765 0.7321259575358254 0
1174 -3.70528485426629 0.75924173374098 0
1175 -3.766187884775815 0.7863575099461347 0
1176 -2.950406959134277 0.484256533055631 0
1177 -3.009807394080176 0.5145225663716823 0
1178 -3.069207829026049 0.5447885996874394 0
1179 -3.128608263971923 0.5750546330031967 0
1180 -3.188008698917797 0.6053206663189539 0
1181 -3.247409133863671 0.6355866996347113 0
1182 -3.306809568809545 0.6658527329504687 0
1183 -3.366210003755433 0.6961187662663938 0
1184 -3.425610438701337 0.726384799582487 0
1185 -3.48501087364724 0.7566508328985804 0
1186 -3.544411308593144 0.7869168662146735 0
1187 -3.603811743539048 0.8171828995307667 0
1188 -3.663212178484951 0.84744893284686 0
1189 -3.722612613430856 0.8777149661629532 0
1190 -2.92376043070329 0.5333333333336804 0
1191 -2.981495457622254 0.5666666666671138 0
1192 -3.039230484541198 0.6000000000002235 0
1193 -3.09696551146014 0.6333333333333331 0
1194 -3.154700538379084 0.6666666666664427 0
1195 -3.212435565298027 0.6999999999995525 0
1196 -3.270170592216969 0.7333333333326622 0
1197 -3.327905619135924 0.7666666666659568 0
1198 -3.385640646054893 0.7999999999994365 0
1199 -3.443375672973859 0.8333333333329161 0
1200 -3.501110699892826 0.8666666666663959 0
1201 -3.558845726811794 0.8999999999998756 0
1202 -3.616580753730761 0.9333333333333551 0
1203 -3.674315780649728 0.9666666666668349 0
1204 -2.8945819391415 0.5809483040166277 0
1205 -2.950493310337855 0.6172575730177469 0
1206 -3.006404681534196 0.6535668420185131 0
1207 -3.062316052730537 0.6898761110192796 0
1208 -3.118227423926878 0.726185380020046 0
1209 -3.174138795123219 0.7624946490208125 0
1210 -3.23005016631956 0.798803918021579 0
1211 -3.285961537515909 0.835113187022547 0
1212 -3.341872908712266 0.8714224560237165 0
1213 -3.397784279908622 0.907731725024886 0
1214 -3.453695651104979 0.9440409940260555 0
1215 -3.509607022301336 0.9803502630272248 0
1216 -3.565518393497694 1.016659532028394 0
1217 -3.621429764694049 1.052968801029564 0
1218 -2.862951460666047 0.626970935779579 0
1219 -2.916885926957688 0.6661566192658868 0
1220 -2.970820393249322 0.7053423027518138 0
1221 -3.024754859540957 0.7445279862377407 0
1222 -3.07868932583259 0.7837136697236678 0
1223 -3.132623792124225 0.8228993532095951 0
1224 -3.186558258415859 0.8620850366955222 0
1225 -3.240492724707496 0.9012707201816668 0
1226 -3.294427190999137 0.9404564036680287 0
1227 -3.348361657290778 0.9796420871543909 0
1228 -3.40229612358242 1.018827770640753 0
1229 -3.456230589874061 1.058013454127115 0
1230 -3.510165056165701 1.097199137613477 0
1231 -3.564099522457341 1.136384821099839 0
1232 -2.828955692220073 0.6712750837875244 0
1233 -2.880765422983841 0.7132297765243347 0
1234 -2.932575153747611 0.755184469260737 0
1235 -2.98438488451138 0.7971391619971397 0
1236 -3.036194615275152 0.8390938547335423 0
1237 -3.088004346038921 0.8810485474699451 0
1238 -3.139814076802691 0.9230032402063478 0
1239 -3.191623807566459 0.9649579329429833 0
1240 -3.243433538330226 1.006912625679852 0
1241 -3.29524326909399 1.04886731841672 0
1242 -3.347052999857756 1.090822011153588 0
1243 -3.398862730621522 1.132776703890457 0
1244 -3.450672461385287 1.174731396627325 0
1245 -3.502482192149054 1.216686089364193 0
1246 -2.792687813841765 0.713739313450503 0
1247 -2.842230802206877 0.7583480205412658 0
1248 -2.891773790572004 0.8029567276315952 0
1249 -2.94131677893713 0.8475654347219248 0
1250 -2.990859767302258 0.8921741418122544 0
1251 -3.040402755667384 0.936782848902584 0
1252 -3.08994574403251 0.9813915559929137 0
1253 -3.13948873239763 1.026000263083491 0
1254 -3.189031720762738 1.070608970174316 0
1255 -3.238574709127848 1.11521767726514 0
1256 -3.288117697492958 1.159826384355965 0
1257 -3.337660685858067 1.20443509144679 0
1258 -3.387203674223177 1.249043798537614 0
1259 -3.436746662588285 1.293652505628439 0
1260 -2.75424723326478 0.7542472332667057 0
1261 -2.801387685343817 0.8013876853459971 0
1262 -2.848528137422883 0.8485281374248302 0
1263 -2.89566858950195 0.8956685895036636 0
1264 -2.942809041581016 0.942809041582497 0
1265 -2.989949493660081 0.9899494936613306 0
1266 -3.037089945739147 1.037089945740164 0
1267 -3.084230397818197 1.084230397819259 0
1268 -3.131370849897231 1.131370849898616 0
1269 -3.178511301976264 1.178511301977972 0
1270 -3.225651754055298 1.225651754057329 0
1271 -3.272792206134333 1.272792206136686 0
1272 -3.319932658213367 1.319932658216042 0
1273 -3.367073110292399 1.367073110295399 0
1274 -2.713739313448411 0.7926878138436784 0
1275 -2.758348020538922 0.8422308022090368 0
1276 -2.802956727629474 0.8917737905739135 0
1277 -2.847565434720027 0.9413167789387904 0
1278 -2.892174141810579 0.9908597673036674 0
1279 -2.936782848901132 1.040402755668544 0
1280 -2.981391555991683 1.089945744033422 0
1281 -3.026000263082213 1.139488732398573 0
1282 -3.070608970172718 1.189031720764 0
1283 -3.115217677263222 1.238574709129427 0
1284 -3.159826384353727 1.288117697494854 0
1285 -3.204435091444232 1.337660685860281 0
1286 -3.249043798534738 1.387203674225708 0
1287 -3.293652505625242 1.436746662591135 0
1288 -2.671275083785205 0.8289556922220085 0
1289 -2.71322977652176 0.880765422986018 0
1290 -2.755184469258374 0.932575153749524 0
1291 -2.797139161994986 0.9843848845130303 0
1292 -2.8390938547316 1.036194615276536 0
1293 -2.881048547468212 1.088004346040043 0
1294 -2.923003240204824 1.139814076803549 0
1295 -2.964957932941406 1.191623807567343 0
1296 -3.006912625677954 1.243433538331424 0
1297 -3.048867318414501 1.295243269095506 0
1298 -3.09082201115105 1.347052999859587 0
1299 -3.132776703887598 1.398862730623668 0
1300 -3.174731396624145 1.450672461387749 0
1301 -3.216686089360694 1.502482192151831 0
1302 -2.626970935777063 0.862951460667957 0
1303 -2.666156619263115 0.9168859269598366 0
1304 -2.705342302749241 0.970820393251192 0
1305 -2.744527986235365 1.024754859542548 0
1306 -2.78371366972149 1.078689325833903 0
1307 -2.822899353207616 1.132623792125259 0
1308 -2.862085036693741 1.186558258416614 0
1309 -2.901270720179825 1.240492724708269 0
1310 -2.940456403665866 1.294427191000223 0
1311 -2.979642087151909 1.348361657292178 0
1312 -3.018827770637952 1.402296123584132 0
1313 -3.058013454123994 1.456230589876086 0
1314 -3.097199137610034 1.51016505616804 0
1315 -3.136384821096077 1.564099522459995 0
1316 -2.580948304014092 0.8945819391432512 0
1317 -2.617257573014959 0.9504933103398392 0
1318 -2.653566842015915 1.006404681535884 0
1319 -2.689876111016871 1.062316052731929 0
1320 -2.726185380017828 1.118227423927973 0
1321 -2.762494649018785 1.174138795124018 0
1322 -2.798803918019741 1.230050166320063 0
1323 -2.835113187020645 1.285961537516418 0
1324 -2.8714224560215 1.341872908713084 0
1325 -2.907731725022353 1.397784279909749 0
1326 -2.944040994023208 1.453695651106415 0
1327 -2.980350263024061 1.50960702230308 0
1328 -3.016659532024915 1.565518393499746 0
1329 -3.052968801025768 1.621429764696411 0
1330 -2.533333333331174 0.9237604307048615 0
1331 -2.566666666664349 0.9814954576240585 0
1332 -2.599999999997631 1.039230484542695 0
1333 -2.633333333330912 1.096965511461331 0
1334 -2.666666666664194 1.154700538379967 0
1335 -2.699999999997476 1.212435565298603 0
1336 -2.733333333330759 1.270170592217239 0
1337 -2.766666666663979 1.327905619136196 0
1338 -2.799999999997138 1.385640646055473 0
1339 -2.833333333330296 1.44337567297475 0
1340 -2.866666666663455 1.501110699894027 0
1341 -2.899999999996613 1.558845726813304 0
1342 -2.933333333329772 1.616580753732581 0
1343 -2.966666666662932 1.674315780651858 0
1344 -2.48425653305324 0.9504069591356388 0
1345 -2.514522566369023 1.009807394081772 0
1346 -2.544788599684932 1.069207829027327 0
1347 -2.575054633000843 1.128608263972883 0
1348 -2.605320666316752 1.188008698918439 0
1349 -2.635586699632662 1.247409133863995 0
1350 -2.665852732948571 1.306809568809551 0
1351 -2.696118766264408 1.366210003755437 0
1352 -2.726384799580173 1.425610438701652 0
1353 -2.756650832895938 1.485010873647867 0
1354 -2.786916866211702 1.544411308594083 0
1355 -2.817182899527467 1.603811743540298 0
1356 -2.847448932843232 1.663212178486513 0
1357 -2.877714966158996 1.722612613432729 0
1358 -2.43385241927831 0.9744484881534655 0
1359 -2.460968195483162 1.035351518663212 0
1360 -2.488083971688163 1.096254549172367 0
1361 -2.515199747893162 1.157157579681521 0
1362 -2.542315524098161 1.218060610190676 0
1363 -2.56943130030316 1.278963640699831 0
1364 -2.59654707650816 1.339866671208986 0
1365 -2.623662852713076 1.400769701718479 0
1366 -2.650778628917907 1.46167273222831 0
1367 -2.677894405122739 1.522575762738141 0
1368 -2.705010181327571 1.583478793247972 0
1369 -2.732125957532404 1.644381823757803 0
1370 -2.759241733737236 1.705284854267634 0
1371 -2.786357509942067 1.766187884777465 0
1372 -2.382259146178924 0.9958191215982942 0
1373 -2.40615034281506 1.058057816698346 0
1374 -2.430041539451362 1.120296511797793 0
1375 -2.453932736087665 1.18253520689724 0
1376 -2.477823932723967 1.244773901996687 0
1377 -2.50171512936027 1.307012597096134 0
1378 -2.525606325996573 1.369251292195581 0
1379 -2.549497522632779 1.431489987295374 0
1380 -2.57338871926889 1.493728682395512 0
1381 -2.597279915905002 1.55596737749565 0
1382 -2.621171112541113 1.618206072595788 0
1383 -2.645062309177223 1.680444767695926 0
1384 -2.668953505813335 1.742683462796063 0
1385 -2.692844702449447 1.804922157896201 0
1386 -2.329618127330305 1.014460284049367 0
1387 -2.350219260288398 1.077864051802613 0
1388 -2.370820393246678 1.141267819555243 0
1389 -2.391421526204958 1.204671587307873 0
1390 -2.412022659163238 1.268075355060504 0
1391 -2.432623792121518 1.331479122813134 0
1392 -2.453224925079799 1.394882890565764 0
1393 -2.473826058037971 1.458286658318746 0
1394 -2.494427190996037 1.52169042607208 0
1395 -2.515028323954101 1.585094193825414 0
1396 -2.535629456912167 1.648497961578748 0
1397 -2.556230589870232 1.711901729332082 0
1398 -2.576831722828296 1.775305497085416 0
1399 -2.597432855786361 1.83870926483875 0
1400 -2.276073648106015 1.030320881376145 0
1401 -2.293328251112587 1.094715936462316 0
1402 -2.310582854119369 1.159110991547861 0
1403 -2.32783745712615 1.223506046633407 0
1404 -2.345092060132933 1.287901101718953 0
1405 -2.362346663139715 1.352296156804498 0
1406 -2.379601266146496 1.416691211890044 0
1407 -2.396855869153159 1.481086266975947 0
1408 -2.4141104721597 1.545481322062207 0
1409 -2.431365075166242 1.609876377148467 0
1410 -2.448619678172784 1.674271432234728 0
1411 -2.465874281179325 1.738666487320988 0
1412 -2.483128884185867 1.803061542407248 0
1413 -2.500383487192408 1.867456597493508 0
1414 -2.221772470201973 1.04335744078375 0
1415 -2.235633249589556 1.108567280832894 0
1416 -2.249494028977371 1.173777120881404 0
1417 -2.263354808365186 1.238986960929915 0
1418 -2.277215587753002 1.304196800978426 0
1419 -2.291076367140817 1.369406641026937 0
1420 -2.304937146528633 1.434616481075448 0
1421 -2.318797925916315 1.49982632112432 0
1422 -2.332658705303865 1.565036161173555 0
1423 -2.346519484691414 1.630246001222789 0
1424 -2.360380264078964 1.695455841272024 0
1425 -2.374241043466514 1.760665681321258 0
1426 -2.388101822854064 1.825875521370493 0
1427 -2.401962602241614 1.891085361419728 0
1428 -2.166863429372307 1.053534229969028 0
1429 -2.177292393708048 1.119380119342252 0
1430 -2.187721358044044 1.185226008714836 0
1431 -2.19815032238004 1.25107189808742 0
1432 -2.208579286716037 1.316917787460004 0
1433 -2.219008251052034 1.382763676832588 0
1434 -2.22943721538803 1.448609566205173 0
1435 -2.23986617972388 1.514455455578122 0
1436 -2.250295144059585 1.580301344951438 0
1437 -2.260724108395291 1.646147234324753 0
1438 -2.271153072730995 1.711993123698068 0
1439 -2.281582037066701 1.777839013071383 0
1440 -2.292011001402406 1.843684902444698 0
1441 -2.302439965738111 1.909530791818013 0
1442 -2.111497027481382 1.060823355060188 0
1443 -2.118465591698921 1.127124814751614 0
1444 -2.12543415591674 1.193426274442395 0
1445 -2.132402720134556 1.259727734133177 0
1446 -2.139371284352374 1.326029193823959 0
1447 -2.146339848570192 1.392330653514741 0
1448 -2.153308412788009 1.458632113205523 0
1449 -2.160276977005668 1.524933572896672 0
1450 -2.167245541223169 1.59123503258819 0
1451 -2.174214105440669 1.657536492279708 0
1452 -2.181182669658169 1.723837951971226 0
1453 -2.188151233875668 1.790139411662744 0
1454 -2.195119798093169 1.856440871354261 0
1455 -2.202088362310669 1.922742331045779 0
1456 -2.055825019988155 1.065204837072042 0
1457 -2.059314083737356 1.131780139389212 0
1458 -2.062803147486858 1.198355441705734 0
1459 -2.066292211236361 1.264930744022256 0
1460 -2.069781274985864 1.331506046338778 0
1461 -2.073270338735368 1.398081348655301 0
1462 -2.076759402484871 1.464656650971823 0
1463 -2.080248466234201 1.531231953288715 0
1464 -2.08373752998336 1.597807255605977 0
1465 -2.087226593732519 1.664382557923238 0
1466 -2.090715657481679 1.730957860240499 0
1467 -2.094204721230838 1.797533162557761 0
1468 -2.097693784979997 1.864108464875022 0
1469 -2.101182848729156 1.930683767192284 0
1470 -1.999999999995578 1.066666666666944 0
1471 -1.999999999995238 1.133333333333796 0
1472 -1.999999999995221 1.2 0
1473 -1.999999999995205 1.266666666666204 0
1474 -1.999999999995187 1.333333333332408 0
1475 -1.999999999995171 1.399999999998613 0
1476 -1.999999999995153 1.466666666664817 0
1477 -1.999999999994952 1.533333333331391 0
1478 -1.999999999994565 1.599999999998335 0
1479 -1.999999999994178 1.666666666665279 0
1480 -1.99999999999379 1.733333333332224 0
1481 -1.999999999993403 1.799999999999168 0
1482 -1.999999999993017 1.866666666666112 0
1483 -1.999999999992629 1.933333333333056 0
1484 -1.944174980003087 1.065204837071598 0
1485 -1.940685916253214 1.131780139388741 0
1486 -1.937196852503689 1.198355441705238 0
1487 -1.933707788754162 1.264930744021735 0
1488 -1.930218725004637 1.331506046338232 0
1489 -1.92672966125511 1.398081348654729 0
1490 -1.923240597505585 1.464656650971226 0
1491 -1.919751533755861 1.531231953288092 0
1492 -1.916262470005938 1.597807255605328 0
1493 -1.912773406256016 1.664382557922564 0
1494 -1.909284342506094 1.7309578602398 0
1495 -1.905795278756171 1.797533162557036 0
1496 -1.902306215006249 1.864108464874272 0
1497 -1.898817151256327 1.930683767191508 0
1498 -1.888502972510243 1.060823355059337 0
1499 -1.881534408292056 1.127124814750714 0
1500 -1.874565844074239 1.193426274441447 0
1501 -1.867597279856421 1.25972773413218 0
1502 -1.860628715638603 1.326029193822913 0
1503 -1.853660151420785 1.392330653513647 0
1504 -1.846691587202967 1.45863211320438 0
1505 -1.839723022984938 1.524933572895481 0
1506 -1.832754458766698 1.59123503258695 0
1507 -1.825785894548457 1.657536492278419 0
1508 -1.818817330330216 1.723837951969889 0
1509 -1.811848766111976 1.790139411661358 0
1510 -1.804880201893736 1.856440871352827 0
1511 -1.797911637675495 1.922742331044296 0
1512 -1.833136570619671 1.053534229967801 0
1513 -1.822707606283306 1.119380119340956 0
1514 -1.812278641947333 1.18522600871347 0
1515 -1.80184967761136 1.251071898085985 0
1516 -1.791420713275386 1.316917787458499 0
1517 -1.780991748939413 1.382763676831014 0
1518 -1.77056278460344 1.448609566203529 0
1519 -1.760133820267243 1.514455455576409 0
1520 -1.749704855930821 1.580301344949654 0
1521 -1.739275891594399 1.6461472343229 0
1522 -1.728846927257977 1.711993123696145 0
1523 -1.718417962921555 1.777839013069391 0
1524 -1.707988998585134 1.843684902442636 0
1525 -1.697560034248712 1.909530791815882 0
1526 -1.77822752979036 1.043357440782179 0
1527 -1.764366750402163 1.108567280831232 0
1528 -1.75050597101438 1.173777120879651 0
1529 -1.736645191626598 1.23898696092807 0
1530 -1.722784412238816 1.30419680097649 0
1531 -1.708923632851033 1.369406641024909 0
1532 -1.695062853463251 1.434616481073329 0
1533 -1.681202074075231 1.49982632112211 0
1534 -1.667341294686974 1.565036161171254 0
1535 -1.653480515298717 1.630246001220397 0
1536 -1.639619735910461 1.69545584126954 0
1537 -1.625758956522204 1.760665681318684 0
1538 -1.611898177133947 1.825875521367827 0
1539 -1.59803739774569 1.89108536141697 0
1540 -1.723926351886649 1.030320881374254 0
1541 -1.706671748879473 1.094715936460313 0
1542 -1.689417145872734 1.159110991545746 0
1543 -1.672162542865994 1.223506046631178 0
1544 -1.654907939859255 1.287901101716611 0
1545 -1.637653336852516 1.352296156802045 0
1546 -1.620398733845777 1.416691211887478 0
1547 -1.603144130838788 1.481086266973268 0
1548 -1.585889527831549 1.545481322059416 0
1549 -1.56863492482431 1.609876377145564 0
1550 -1.551380321817071 1.674271432231712 0
1551 -1.534125718809832 1.738666487317859 0
1552 -1.516871115802593 1.803061542404007 0
1553 -1.499616512795354 1.867456597490155 0
1554 -1.670381872662872 1.01446028404724 0
1555 -1.649780739704203 1.077864051800359 0
1556 -1.629179606745994 1.141267819552862 0
1557 -1.608578473787785 1.204671587305365 0
1558 -1.587977340829577 1.268075355057868 0
1559 -1.567376207871367 1.331479122810372 0
1560 -1.546775074913159 1.394882890562875 0
1561 -1.526173941954687 1.45828665831573 0
1562 -1.505572808995953 1.521690426068937 0
1563 -1.48497167603722 1.585094193822143 0
1564 -1.464370543078486 1.64849796157535 0
1565 -1.443769410119752 1.711901729328557 0
1566 -1.423168277161018 1.775305497081764 0
1567 -1.402567144202284 1.838709264834971 0
1568 -1.617740853814648 0.9958191215959338 0
1569 -1.593849657177955 1.058057816695843 0
1570 -1.569958460541743 1.120296511795146 0
1571 -1.54606726390553 1.18253520689445 0
1572 -1.522176067269318 1.244773901993754 0
1573 -1.498284870633105 1.307012597093058 0
1574 -1.474393673996893 1.369251292192363 0
1575 -1.450502477360405 1.431489987292012 0
1576 -1.426611280723644 1.493728682392007 0
1577 -1.402720084086883 1.555967377492002 0
1578 -1.378828887450121 1.618206072591997 0
1579 -1.35493769081336 1.680444767691991 0
1580 -1.331046494176598 1.742683462791986 0
1581 -1.307155297539836 1.804922157891981 0
1582 -1.56614758071562 0.974448488150887 0
1583 -1.53903180451023 1.035351518660476 0
1584 -1.51191602830534 1.096254549169474 0
1585 -1.48480025210045 1.157157579678472 0
1586 -1.45768447589556 1.218060610187469 0
1587 -1.43056869969067 1.278963640696467 0
1588 -1.40345292348578 1.339866671205465 0
1589 -1.376337147280605 1.400769701714801 0
1590 -1.349221371075143 1.461672732224474 0
1591 -1.32210559486968 1.522575762734148 0
1592 -1.294989818664218 1.583478793243822 0
1593 -1.267874042458755 1.644381823753496 0
1594 -1.240758266253294 1.70528485426317 0
1595 -1.213642490047831 1.766187884772843 0
1596 -1.515743466941114 0.9504069591329033 0
1597 -1.485477433624808 1.009807394078864 0
1598 -1.455211400309024 1.069207829024248 0
1599 -1.424945366993239 1.128608263969632 0
1600 -1.394679333677454 1.188008698915016 0
1601 -1.364413300361669 1.247409133860399 0
1602 -1.334147267045884 1.306809568805783 0
1603 -1.303881233729802 1.366210003751497 0
1604 -1.273615200413422 1.42561043869754 0
1605 -1.243349167097042 1.485010873643583 0
1606 -1.213083133780662 1.544411308589626 0
1607 -1.182817100464282 1.60381174353567 0
1608 -1.152551067147902 1.663212178481713 0
1609 -1.122285033831522 1.722612613427756 0
1610 -1.466666666663503 0.9237604307019486 0
1611 -1.43333333332984 0.9814954576209703 0
1612 -1.399999999996717 1.039230484539431 0
1613 -1.366666666663594 1.096965511457892 0
1614 -1.33333333333047 1.154700538376353 0
1615 -1.299999999997347 1.212435565294814 0
1616 -1.266666666664224 1.270170592213275 0
1617 -1.233333333330793 1.327905619132056 0
1618 -1.199999999997053 1.385640646051158 0
1619 -1.166666666663314 1.44337567297026 0
1620 -1.133333333329574 1.501110699889361 0
1621 -1.099999999995834 1.558845726808463 0
1622 -1.066666666662095 1.616580753727564 0
1623 -1.033333333328355 1.674315780646666 0
1624 -1.419051695980942 0.8945819391402065 0
1625 -1.382742426979613 0.9504933103366147 0
1626 -1.346433157978842 1.006404681532479 0
1627 -1.310123888978072 1.062316052728344 0
1628 -1.273814619977301 1.118227423924209 0
1629 -1.23750535097653 1.174138795120074 0
1630 -1.201196081975759 1.230050166315939 0
1631 -1.164886812974669 1.285961537512115 0
1632 -1.128577543973261 1.3418729087086 0
1633 -1.092268274971852 1.397784279905086 0
1634 -1.055959005970444 1.453695651101571 0
1635 -1.019649736969035 1.509607022298057 0
1636 -0.9833404679676272 1.565518393494542 0
1637 -0.9470311989662188 1.621429764691028 0
1638 -1.373029064218456 0.8629514606649029 0
1639 -1.333843380731971 0.9168859269566024 0
1640 -1.29465769724606 0.9708203932477777 0
1641 -1.25547201376015 1.024754859538953 0
1642 -1.216286330274239 1.078689325830129 0
1643 -1.177100646788328 1.132623792121304 0
1644 -1.137914963302419 1.18655825841248 0
1645 -1.098729279816179 1.240492724703955 0
1646 -1.059543596329612 1.294427190995729 0
1647 -1.020357912843044 1.348361657287503 0
1648 -0.9811722293564769 1.402296123579277 0
1649 -0.9419865458699095 1.456230589871051 0
1650 -0.9028008623833423 1.510165056162825 0
1651 -0.8636151788967741 1.564099522454599 0
1652 -1.328724916210817 0.8289556922190122 0
1653 -1.28677022347385 0.8807654229828383 0
1654 -1.244815530737473 0.9325751537461611 0
1655 -1.202860838001097 0.9843848845094839 0
1656 -1.16090614526472 1.036194615272807 0
1657 -1.118951452528343 1.08800434603613 0
1658 -1.076996759791967 1.139814076799453 0
1659 -1.035042067055252 1.191623807563063 0
1660 -0.9930873743182005 1.243433538326961 0
1661 -0.9511326815811487 1.295243269090859 0
1662 -0.9091779888440961 1.347052999854757 0
1663 -0.8672232961070441 1.398862730618655 0
1664 -0.8252686033699925 1.450672461382553 0
1665 -0.7833139106329403 1.502482192146451 0
1666 -1.286260686548028 0.7926878138407215 0
1667 -1.241651979457131 0.8422308022058989 0
1668 -1.19704327236684 0.8917737905705948 0
1669 -1.152434565276549 0.9413167789352908 0
1670 -1.107825858186258 0.9908597672999868 0
1671 -1.063217151095968 1.040402755664683 0
1672 -1.018608444005676 1.089945744029379 0
1673 -0.9739997369150393 1.13948873239435 0
1674 -0.9293910298240555 1.189031720759596 0
1675 -0.8847823227330727 1.238574709124842 0
1676 -0.8401736156420891 1.288117697490088 0
1677 -0.7955649085511056 1.337660685855334 0
1678 -0.7509562014601228 1.38720367422058 0
1679 -0.7063474943691386 1.436746662585826 0
1680 -1.245752766731963 0.7542472332637272 0
1681 -1.198612314652564 0.8013876853428424 0
1682 -1.151471862573785 0.8485281374214995 0
1683 -1.104331410495006 0.8956685895001566 0
1684 -1.057190958416227 0.9428090415788138 0
1685 -1.010050506337447 0.9899494936574711 0
1686 -0.9629100542586673 1.037089945736128 0
1687 -0.9157696021795338 1.084230397815047 0
1688 -0.868629150100046 1.131370849894228 0
1689 -0.821488698020558 1.178511301973408 0
1690 -0.7743482459410709 1.225651754052589 0
1691 -0.7272077938615831 1.272792206131769 0
1692 -0.6800673417820957 1.319932658210949 0
1693 -0.6329268897026075 1.36707311029013 0
1694 -1.207312186155262 0.71373931344751 0
1695 -1.157769197789812 0.7583480205381027 0
1696 -1.108226209424995 0.8029567276282619 0
1697 -1.058683221060178 0.8475654347184213 0
1698 -1.00914023269536 0.8921741418085807 0
1699 -0.9595972443305423 0.9367828488987402 0
1700 -0.9100542559657248 0.9813915559888997 0
1701 -0.8605112676005455 1.026000263079307 0
1702 -0.8109682792350055 1.070608970169961 0
1703 -0.7614252908694654 1.115217677260616 0
1704 -0.7118823025039251 1.15982638435127 0
1705 -0.6623393141383851 1.204435091441925 0
1706 -0.612796325772845 1.249043798532579 0
1707 -0.5632533374073047 1.293652505623234 0
1708 -1.171044307777234 0.6712750837845433 0
1709 -1.11923457701315 0.7132297765211891 0
1710 -1.06742484624971 0.7551844692574272 0
1711 -1.015615115486268 0.7971391619936654 0
1712 -0.9638053847228283 0.8390938547299037 0
1713 -0.9119956539593872 0.881048547466142 0
1714 -0.8601859231959454 0.9230032402023804 0
1715 -0.8083761924321373 0.9649579329388516 0
1716 -0.756566461667961 1.006912625675555 0
1717 -0.7047567309037845 1.048867318412259 0
1718 -0.652947000139608 1.090822011148963 0
1719 -0.6011372693754322 1.132776703885667 0
1720 -0.5493275386112562 1.174731396622371 0
1721 -0.4975178078470798 1.216686089359075 0
1722 -1.137048539331575 0.6269709357766892 0
1723 -1.08311407303963 0.6661566192628328 0
1724 -1.02917960674834 0.7053423027485956 0
1725 -0.9752451404570488 0.7445279862343585 0
1726 -0.9213106741657573 0.7837136697201214 0
1727 -0.8673762078744667 0.8228993532058844 0
1728 -0.8134417415831752 0.8620850366916473 0
1729 -0.7595072752915111 0.9012707201776278 0
1730 -0.7055728089994733 0.9404564036638255 0
1731 -0.6516383427074357 0.9796420871500234 0
1732 -0.5977038764153979 1.018827770636221 0
1733 -0.5437694101233601 1.058013454122419 0
1734 -0.4898349438313226 1.097199137608617 0
1735 -0.4359004775392845 1.136384821094815 0
1736 -1.105418060856567 0.5809483040140803 0
1737 -1.049506689659933 0.617257573015054 0
1738 -0.9935953184639601 0.6535668420156748 0
1739 -0.9376839472679874 0.6898761110162958 0
1740 -0.8817725760720148 0.7261853800169167 0
1741 -0.8258612048760421 0.7624946490175377 0
1742 -0.7699498336800692 0.7988039180181588 0
1743 -0.7140384624837184 0.8351131870189813 0
1744 -0.6581270912869897 0.8714224560200053 0
1745 -0.6022157200902605 0.9077317250210293 0
1746 -0.5463043488935317 0.9440409940220533 0
1747 -0.490392977696803 0.9803502630230773 0
1748 -0.4344816065000739 1.016659532024101 0
1749 -0.3785702353033449 1.052968801025125 0
1750 -1.076239569295113 0.5333333333313932 0
1751 -1.018504542375886 0.5666666666646943 0
1752 -0.9607695154573295 0.5999999999976715 0
1753 -0.9030344885387724 0.6333333333306488 0
1754 -0.8452994616202154 0.6666666666636261 0
1755 -0.7875644347016584 0.6999999999966036 0
1756 -0.7298294077831011 0.7333333333295808 0
1757 -0.672094380864162 0.7666666666627432 0
1758 -0.6143593539448409 0.7999999999960905 0
1759 -0.5566243270255196 0.8333333333294378 0
1760 -0.4988893001061985 0.8666666666627852 0
1761 -0.4411542731868772 0.8999999999961326 0
1762 -0.3834192462675563 0.9333333333294798 0
1763 -0.3256842193482349 0.9666666666628272 0
1764 -1.049593040864424 0.4842565330536248 0
1765 -0.9901926059182766 0.5145225663695543 0
1766 -0.930792170972804 0.5447885996851898 0
1767 -0.8713917360273309 0.5750546330008252 0
1768 -0.8119913010818578 0.6053206663164606 0
1769 -0.7525908661363843 0.6355866996320961 0
1770 -0.6931904311909113 0.6658527329477317 0
1771 -0.6337899962450533 0.6961187662635351 0
1772 -0.5743895612988099 0.7263847995795065 0
1773 -0.5149891263525661 0.756650832895478 0
1774 -0.4555886914063227 0.7869168662114494 0
1775 -0.3961882564600794 0.8171828995274208 0
1776 -0.3367878215138362 0.8474489328433923 0
1777 -0.2773873865675924 0.8777149661593637 0
1778 -1.025551511846715 0.4338524192789755 0
1779 -0.9646484813369616 0.4609681954839852 0
1780 -0.9037454508278864 0.4880839716887312 0
1781 -0.8428424203188112 0.5151997478934773 0
1782 -0.7819393898097353 0.5423155240982235 0
1783 -0.7210363593006597 0.5694313003029697 0
1784 -0.6601333287915839 0.5965470765077159 0
1785 -0.5992302982821213 0.6236628527126125 0
1786 -0.538327267772271 0.6507786289176597 0
1787 -0.4774242372624206 0.6778944051227068 0
1788 -0.4165212067525705 0.7050101813277539 0
1789 -0.3556181762427201 0.7321259575328011 0
1790 -0.2947151457328701 0.7592417337378482 0
1791 -0.2338121152230197 0.7863575099428954 0
1792 -1.004180878401936 0.3822591461797797 0
1793 -0.9419421833018837 0.4061503428160843 0
1794 -0.8797034882025119 0.4300415394521567 0
1795 -0.8174647931031402 0.4539327360882291 0
1796 -0.7552260980037684 0.4778239327243016 0
1797 -0.6929874029043961 0.5017151293603741 0
1798 -0.6307487078050243 0.5256063259964466 0
1799 -0.5685100127052636 0.5494975226326516 0
1800 -0.5062713176051147 0.5733887192689893 0
1801 -0.4440326225049656 0.5972799159053269 0
1802 -0.3817939274048165 0.6211711125416647 0
1803 -0.3195552323046674 0.6450623091780023 0
1804 -0.2573165372045183 0.6689535058143399 0
1805 -0.1950778421043691 0.6928447024506776 0
1806 -0.9855397159509141 0.3296181273314224 0
1807 -0.9221359481976723 0.350219260289696 0
1808 -0.8587321804451113 0.3708203932477692 0
1809 -0.7953284126925504 0.3914215262058426 0
1810 -0.7319246449399894 0.4120226591639159 0
1811 -0.6685208771874283 0.4326237921219894 0
1812 -0.6051171094348672 0.4532249250800627 0
1813 -0.5417133416819174 0.4738260580382505 0
1814 -0.4783095739285784 0.4944271909965525 0
1815 -0.4149058061752398 0.5150283239548545 0
1816 -0.3515020384219009 0.5356294569131567 0
1817 -0.2880982706685621 0.5562305898714587 0
1818 -0.2246945029152235 0.5768317228297606 0
1819 -0.1612907351618845 0.5974328557880627 0
1820 -0.9696791186241951 0.2760736481075313 0
1821 -0.9052840635380317 0.2933282511142996 0
1822 -0.8408890084525489 0.3105828541209001 0
1823 -0.7764939533670656 0.3278374571275008 0
1824 -0.7120988982815823 0.3450920601341014 0
1825 -0.6477038431960991 0.3623466631407022 0
1826 -0.5833087881106158 0.3796012661473029 0
1827 -0.5189137330247441 0.3968558691539993 0
1828 -0.4545186779384844 0.4141104721607914 0
1829 -0.3901236228522249 0.4313650751675837 0
1830 -0.325728567765965 0.4486196781743759 0
1831 -0.2613335126797054 0.4658742811811681 0
1832 -0.1969384575934457 0.4831288841879602 0
1833 -0.1325434025071859 0.5003834871947525 0
1834 -0.9566425592165879 0.2217724702038066 0
1835 -0.89143271916745 0.2356332495915809 0
1836 -0.826222879118989 0.2494940289792205 0
1837 -0.7610130390705272 0.2633548083668601 0
1838 -0.6958031990220658 0.2772155877544997 0
1839 -0.6305933589736039 0.2910763671421394 0
1840 -0.5653835189251426 0.304937146529779 0
1841 -0.5001736788762943 0.3187979259174957 0
1842 -0.4349638388270596 0.3326587053052891 0
1843 -0.3697539987778248 0.3465194846930826 0
1844 -0.3045441587285901 0.3603802640808761 0
1845 -0.2393343186793555 0.3742410434686696 0
1846 -0.1741244786301208 0.3881018228564631 0
1847 -0.108914638580886 0.4019626022442566 0
1848 -0.946465770031278 0.1668634293744782 0
1849 -0.8806198806580591 0.1772923937104106 0
1850 -0.8147739912855124 0.1877213580462416 0
1851 -0.7489281019129655 0.1981503223820727 0
1852 -0.6830822125404186 0.2085792867179037 0
1853 -0.6172363231678712 0.2190082510537348 0
1854 -0.5513904337953242 0.2294372153895659 0
1855 -0.4855445444223933 0.2398661797254548 0
1856 -0.4196986550490786 0.2502951440614016 0
1857 -0.3538527656757636 0.2607241083973484 0
1858 -0.2880068763024486 0.2711530727332953 0
1859 -0.2221609869291339 0.281582037069242 0
1860 -0.156315097555819 0.2920110014051888 0
1861 -0.09046920818250404 0.3024399657411357 0
1862 -0.9391766449400409 0.1114970274837903 0
1863 -0.8728751852486207 0.1184655917015455 0
1864 -0.8065737255578668 0.1254341559192328 0
1865 -0.7402722658671128 0.1324027201369203 0
1866 -0.6739708061763586 0.1393712843546077 0
1867 -0.6076693464856043 0.1463398485722952 0
1868 -0.54136788679485 0.1533084127899826 0
1869 -0.4750664271037156 0.1602769770077087 0
1870 -0.4087649674122009 0.1672455412254735 0
1871 -0.342463507720686 0.1742141054432383 0
1872 -0.2761620480291713 0.1811826696610031 0
1873 -0.2098605883376565 0.1881512338787679 0
1874 -0.1435591286461419 0.1951197980965326 0
1875 -0.07725766895462696 0.2020883623142974 0
1876 -0.9347951629280848 0.05582501999081393 0
1877 -0.86821986061092 0.05931408374024894 0
1878 -0.8016445582944127 0.06280314748965003 0
1879 -0.7350692559779054 0.06629221123905113 0
1880 -0.6684939536613977 0.06978127498845224 0
1881 -0.60191865134489 0.07327033873785337 0
1882 -0.5353433490283827 0.07675940248725448 0
1883 -0.4687680467114995 0.08024846623667495 0
1884 -0.4021927443942408 0.08373752998611479 0
1885 -0.3356174420769819 0.08722659373555462 0
1886 -0.269042139759723 0.09071565748499445 0
1887 -0.2024668374424644 0.0942047212344343 0
1888 -0.1358915351252056 0.09769378498387413 0
1889 -0.06931623280794663 0.101182848733314 0
1890 0.06383437182615276 0.1081609762321732 0
1891 0.05534525042797905 0.216025490749786 0
1892 0.04122257056369784 0.323297894412968 0
1893 0.02150504151715207 0.4296841610197632 0
1894 -0.003753292335100467 0.5348926932082371 0
1895 -0.03448319965564106 0.6386351217045437 0
1896 -0.07060045190450648 0.7406270957232131 0
1897 -0.1120060542037549 0.8405890623528324 0
1898 -0.1585865166755399 0.9382470327911306 0
1899 -0.2102141655100241 1.033333333329327 0
1900 -0.2667474929103143 1.125587339026959 0
1901 -0.3280315449556306 1.214756188066977 0
1902 -0.3938983463191401 1.300595474832228 0
1903 -0.4641673606766318 1.382869919804273 0
1904 -0.5386459855440249 1.461354014448198 0
1905 -0.6171300801875534 1.535832639316008 0
1906 -0.6994045251592123 1.606101653673927 0
1907 -0.785243811924009 1.671968455037817 0
1908 -0.8744126609637639 1.733252507083658 0
1909 -0.9666666666612309 1.789785834484521 0
1910 -1.061752967199113 1.841413483319485 0
1911 -1.159410937637236 1.88799394579182 0
1912 -1.259372904266626 1.929399548091589 0
1913 -1.361364878285108 1.965516800340993 0
1914 -1.465107306781147 1.996246707662051 0
1915 -1.570315838969436 2.021505041514853 0
1916 -1.676702105576111 2.041222570561965 0
1917 -1.783974509239231 2.055345250426823 0
1918 -1.891839023756678 2.063834371825567 0
1919 -1.999999999992033 2.066666666666532 0
1920 -2.108160976227632 2.063834371826397 0
1921 -2.216025490745806 2.05534525042841 0
1922 -2.323297894409624 2.041222570564246 0
1923 -2.429684161016834 2.0215050415178 0
1924 -2.534892693205631 1.99624670766563 0
1925 -2.638635121702609 1.965516800345027 0
1926 -2.740627095721786 1.929399548096089 0
1927 -2.84058906235184 1.887993945796743 0
1928 -2.938247032790627 1.841413483324781 0
1929 -3.033333333329331 1.789785834490047 0
1930 -3.125587339027542 1.73325250708939 0
1931 -3.214756188068221 1.67196845504356 0
1932 -3.300595474833835 1.606101653679666 0
1933 -3.382869919806267 1.535832639321693 0
1934 -3.461354014450474 1.461354014453833 0
1935 -3.535832639318498 1.382869919809832 0
1936 -3.606101653676574 1.300595474837687 0
1937 -3.671968455040616 1.214756188072329 0
1938 -3.733252507086743 1.125587339031696 0
1939 -3.789785834487639 1.033333333333606 0
1940 -3.84141348332263 0.938247032794984 0
1941 -3.887993945794831 0.8405890623563099 0
1942 -3.929399548094442 0.7406270957263018 0
1943 -3.965516800343591 0.6386351217073166 0
1944 -3.99624670766438 0.534892693210677 0
1945 -4.021505041516857 0.4296841610217829 0
1946 -4.041222570563622 0.323297894414292 0
1947 -4.055345250428022 0.2160254907506474 0
1948 -4.063834371826265 0.1081609762325989 0
1949 0.1304096741430137 0.1116500399815937 0
1950 0.1216467101190909 0.2229940549675119 0
1951 0.1070684599366057 0.3337268587488566 0
1952 0.08671488156597626 0.4435449404074805 0
1953 0.06064176275074634 0.5521472962149346 0
1954 0.02892056809728449 0.6592362546627292 0
1955 -0.008361756804771858 0.7645182923594183 0
1956 -0.05110302369431935 0.8677048385577305 0
1957 -0.09918608172971011 0.9685130661069352 0
1958 -0.1524791385911138 1.066666666662489 0
1959 -0.2108361217139925 1.16189660802778 0
1960 -0.2740970786639941 1.253941871552952 0
1961 -0.3420886155553566 1.34255016756869 0
1962 -0.4146243723114791 1.427478626894671 0
1963 -0.4915055334649103 1.5084944665271 0
1964 -0.5725213730969323 1.585375627680959 0
1965 -0.6574498324225182 1.657911384437521 0
1966 -0.746058128437793 1.725902921329277 0
1967 -0.8381033919627001 1.78916387827982 0
1968 -0.9333333333278304 1.847520861403291 0
1969 -1.031486933883068 1.90081391826519 0
1970 -1.132295161432088 1.94889697630114 0
1971 -1.235481707630161 1.991638243191221 0
1972 -1.340763745326651 2.028920568093826 0
1973 -1.447852703774165 2.060641762747818 0
1974 -1.556455059581425 2.086714881563612 0
1975 -1.666273141239921 2.107068459934823 0
1976 -1.777005945021195 2.1216467101179 0
1977 -1.888349960006942 2.130409674142411 0
1978 -1.999999999991812 2.133333333333085 0
1979 -2.111650039976938 2.130409674143269 0
1980 -2.222994054963435 2.121646710119542 0
1981 -2.333726858745424 2.107068459937183 0
1982 -2.443544940404497 2.086714881566657 0
1983 -2.552147296212306 2.06064176275151 0
1984 -2.659236254660788 2.028920568097988 0
1985 -2.764518292358008 1.991638243195857 0
1986 -2.867704838556776 1.948896976306209 0
1987 -2.968513066106489 1.900813918270637 0
1988 -3.066666666662569 1.847520861408976 0
1989 -3.16189660802846 1.789163878285721 0
1990 -3.253941871554321 1.725902921335188 0
1991 -3.342550167570426 1.657911384443436 0
1992 -3.427478626896784 1.58537562768684 0
1993 -3.508494466529512 1.508494466532925 0
1994 -3.5853756276836 1.427478626900413 0
1995 -3.657911384440328 1.342550167574325 0
1996 -3.725902921332246 1.253941871558469 0
1997 -3.789163878283079 1.16189660803267 0
1998 -3.847520861406583 1.066666666666907 0
1999 -3.900813918268502 0.9685130661109309 0
2000 -3.948896976304322 0.8677048385613386 0
2001 -3.991638243194247 0.7645182923626215 0
2002 -4.0289205680966 0.6592362546655959 0
2003 -4.06064176275032 0.5521472962174522 0
2004 -4.08671488156578 0.4435449404095683 0
2005 -4.107068459936637 0.3337268587502235 0
2006 -4.121646710119245 0.2229940549684009 0
2007 -4.130409674143239 0.1116500399820334 0
2008 0.1969849764597931 0.11513910373101 0
2009 0.1879481698101203 0.2299626191852294 0
2010 0.1729143493094301 0.3441558230847327 0
2011 0.1519247216147166 0.4574057197951811 0
2012 0.1250368178365089 0.5694018992216114 0
2013 0.09232433585012567 0.6798373876208895 0
2014 0.05387693829487833 0.7884094889955944 0
2015 0.009800006815032014 0.8948206147625959 0
2016 -0.03978564678396379 0.9987790994227033 0
2017 -0.09474411167228658 1.099999999995611 0
2018 -0.1549247505177527 1.198205877028557 0
2019 -0.2201626123724386 1.293127555038881 0
2020 -0.2902788847916532 1.384504860305102 0
2021 -0.3650813839464052 1.472087333985015 0
2022 -0.4443650813858729 1.555634918605945 0
2023 -0.5279126660063865 1.63491861604585 0
2024 -0.6154951396858976 1.709721115201052 0
2025 -0.7068724449516488 1.779837387620672 0
2026 -0.8017941229617058 1.845075249475914 0
2027 -0.8999999999944972 1.905255888321991 0
2028 -1.001220900567088 1.960214353210822 0
2029 -1.105179385227002 2.009800006810388 0
2030 -1.211590510993757 2.053876938290777 0
2031 -1.320162612368252 2.092324335846584 0
2032 -1.430598100767237 2.125036817833508 0
2033 -1.542594280193466 2.151924721612292 0
2034 -1.655844176903779 2.172914349307601 0
2035 -1.770037380803206 2.187948169808898 0
2036 -1.884860896257249 2.196984976459174 0
2037 -1.999999999991633 2.199999999999557 0
2038 -2.115139103726282 2.19698497646006 0
2039 -2.229962619181098 2.187948169810594 0
2040 -2.344155823081255 2.172914349310042 0
2041 -2.457405719792189 2.151924721615436 0
2042 -2.569401899219008 2.125036817837313 0
2043 -2.679837387618988 2.092324335850874 0
2044 -2.788409488994252 2.05387693829555 0
2045 -2.894820614761731 2.009800006815601 0
2046 -2.998779099422369 1.96021435321642 0
2047 -3.099999999995822 1.905255888327836 0
2048 -3.198205877029389 1.845075249481984 0
2049 -3.29312755504043 1.77983738762675 0
2050 -3.384504860307024 1.709721115207143 0
2051 -3.472087333987307 1.634918616051926 0
2052 -3.555634918608555 1.55563491861196 0
2053 -3.634918616048703 1.472087333990941 0
2054 -3.709721115204084 1.384504860310912 0
2055 -3.779837387623877 1.293127555044562 0
2056 -3.845075249479416 1.1982058770336 0
2057 -3.905255888325525 1.100000000000168 0
2058 -3.960214353214371 0.9987790994268411 0
2059 -4.009800006813811 0.8948206147663346 0
2060 -4.053876938294049 0.7884094889989124 0
2061 -4.092324335849606 0.6798373876238503 0
2062 -4.125036817836257 0.5694018992242065 0
2063 -4.151924721614702 0.4574057197973369 0
2064 -4.172914349309649 0.3441558230861425 0
2065 -4.187948169810467 0.2299626191861459 0
2066 -4.196984976460213 0.1151391037314637 0
2067 0.2635602787765725 0.1186281674804263 0
2068 0.2542496295011495 0.236931183402947 0
2069 0.2387602386822546 0.3545847874206087 0
2070 0.2171345616634569 0.4712664991828818 0
2071 0.1894318729222714 0.5866565022282882 0
2072 0.1557281036029669 0.7004385205790501 0
2073 0.1161156333945286 0.8123006856317707 0
2074 0.07070303732438338 0.9219363909674614 0
2075 0.01961478816178258 1.029045132738472 0
2076 -0.03700908475345921 1.133333333328734 0
2077 -0.09901337932151255 1.234515146029334 0
2078 -0.166228146080883 1.332313238524809 0
2079 -0.2384691540279495 1.426459553041513 0
2080 -0.315538395581331 1.51669604107536 0
2081 -0.3972246293068353 1.60277537068479 0
2082 -0.4833039589158408 1.684461604410741 0
2083 -0.5735404469492766 1.761530845964584 0
2084 -0.6676867614655038 1.833771853912067 0
2085 -0.7654848539607113 1.900986620672009 0
2086 -0.8666666666611635 1.962990915240692 0
2087 -0.9709548672511068 2.019614788156455 0
2088 -1.078063609021916 2.070703037319635 0
2089 -1.187699314357352 2.116115633390334 0
2090 -1.299561479409852 2.155728103599342 0
2091 -1.41334349776031 2.189431872919198 0
2092 -1.528733500805507 2.217134561660973 0
2093 -1.645415212567636 2.23876023868038 0
2094 -1.763068816585217 2.254249629499895 0
2095 -1.881371832507555 2.263560278775937 0
2096 -1.999999999991453 2.266666666666029 0
2097 -2.118628167475626 2.263560278776852 0
2098 -2.23693118339876 2.254249629501647 0
2099 -2.354584787417087 2.2387602386829 0
2100 -2.471266499179881 2.217134561664214 0
2101 -2.586656502225708 2.189431872923115 0
2102 -2.700438520577189 2.15572810360376 0
2103 -2.812300685630496 2.116115633395244 0
2104 -2.921936390966686 2.070703037324993 0
2105 -3.029045132738247 2.019614788162204 0
2106 -3.133333333329073 1.962990915246696 0
2107 -3.234515146030318 1.900986620678248 0
2108 -3.332313238526539 1.833771853918313 0
2109 -3.426459553043621 1.761530845970851 0
2110 -3.516696041077831 1.684461604417013 0
2111 -3.602775370687597 1.602775370690995 0
2112 -3.684461604413806 1.516696041081469 0
2113 -3.76153084596784 1.4264595530475 0
2114 -3.833771853915507 1.332313238530655 0
2115 -3.90098662067575 1.23451514603453 0
2116 -3.962990915244467 1.13333333333343 0
2117 -4.019614788160239 1.029045132742751 0
2118 -4.070703037323298 0.9219363909713307 0
2119 -4.116115633393848 0.8123006856352033 0
2120 -4.155728103602613 0.7004385205821048 0
2121 -4.189431872922193 0.5866565022309609 0
2122 -4.217134561663623 0.4712664991851055 0
2123 -4.238760238682662 0.3545847874220615 0
2124 -4.254249629501688 0.236931183403891 0
2125 -4.263560278777186 0.1186281674808939 0
2126 0.3301355810933518 0.1221172312298426 0
2127 0.320551089192179 0.2438997476206645 0
2128 0.3046061280550792 0.3650137517564849 0
2129 0.2823444017121973 0.4851272785705825 0
2130 0.253826928008034 0.6039111052349651 0
2131 0.2191318713558082 0.7210396535372106 0
2132 0.178354328494179 0.8361918822679471 0
2133 0.131606067833735 0.9490521671723269 0
2134 0.07901522310752906 1.05931116605424 0
2135 0.02072594216536833 1.166666666661856 0
2136 -0.04310200812527243 1.27082441503011 0
2137 -0.1122936797893275 1.371498922010737 0
2138 -0.1866594232642459 1.468414245777924 0
2139 -0.2659954072162569 1.561304748165704 0
2140 -0.3500841772277978 1.649915822763635 0
2141 -0.4386952518252948 1.734004592775633 0
2142 -0.5315857542126556 1.813340576728115 0
2143 -0.6285010779793594 1.887706320203462 0
2144 -0.7291755849597163 1.956897991868103 0
2145 -0.8333333333278303 2.020725942159392 0
2146 -0.940688833935126 2.079015223102087 0
2147 -1.05094783281683 2.131606067828883 0
2148 -1.163808117720948 2.178354328489891 0
2149 -1.278960346451451 2.219131871352099 0
2150 -1.396088894753383 2.253826928004888 0
2151 -1.514872721417548 2.282344401709653 0
2152 -1.634986248231495 2.304606128053158 0
2153 -1.756100252367228 2.320551089190893 0
2154 -1.877882768757862 2.3301355810927 0
2155 -1.999999999991272 2.333333333332501 0
2156 -2.122117231224971 2.330135581093644 0
2157 -2.243899747616422 2.320551089192699 0
2158 -2.365013751752919 2.304606128055759 0
2159 -2.485127278567572 2.282344401712993 0
2160 -2.603911105232408 2.253826928008919 0
2161 -2.72103965353539 2.219131871356645 0
2162 -2.836191882266739 2.178354328494937 0
2163 -2.949052167171641 2.131606067834386 0
2164 -3.059311166054126 2.079015223107988 0
2165 -3.166666666662325 2.020725942165556 0
2166 -3.270824415031246 1.956897991874512 0
2167 -3.371498922012647 1.887706320209875 0
2168 -3.46841424578022 1.813340576734558 0
2169 -3.561304748168354 1.7340045927821 0
2170 -3.64991582276664 1.64991582277003 0
2171 -3.73400459277891 1.561304748171996 0
2172 -3.813340576731595 1.468414245784087 0
2173 -3.887706320207138 1.371498922016748 0
2174 -3.956897991872085 1.27082441503546 0
2175 -4.020725942163407 1.166666666666691 0
2176 -4.079015223106108 1.059311166058662 0
2177 -4.131606067832786 0.9490521671763268 0
2178 -4.178354328493649 0.8361918822714941 0
2179 -4.219131871355616 0.7210396535403591 0
2180 -4.253826928008128 0.6039111052377152 0
2181 -4.282344401712543 0.4851272785728742 0
2182 -4.304606128055674 0.3650137517579804 0
2183 -4.320551089192909 0.2438997476216361 0
2184 -4.330135581094159 0.1221172312303242 0
2185 0.3967108834101313 0.1256062949792589 0
2186 0.3868525488832081 0.250868311838382 0
2187 0.3704520174279036 0.3754427160923609 0
2188 0.3475542417609375 0.498988057958283 0
2189 0.3182219830937964 0.6211657082416417 0
2190 0.2825356391086493 0.7416407864953709 0
2191 0.2405930235938291 0.8600830789041232 0
2192 0.1925090983430864 0.9761679433771921 0
2193 0.1384156580532752 1.089577199370008 0
2194 0.07846096908419542 1.199999999994978 0
2195 0.01280936307096719 1.307133684030887 0
2196 -0.05835921349777218 1.410684605496666 0
2197 -0.1348496925005427 1.510368938514335 0
2198 -0.2164524188511828 1.605913455256048 0
2199 -0.3029437251487603 1.697056274842479 0
2200 -0.3940865447347491 1.783547581140524 0
2201 -0.4896310614760351 1.865150307491646 0
2202 -0.5893153944932152 1.941640786494857 0
2203 -0.6928663159587221 2.012809363064197 0
2204 -0.7999999999944969 2.078460969078092 0
2205 -0.9104228006191457 2.13841565804772 0
2206 -1.023832056611744 2.192509098338129 0
2207 -1.139916921084543 2.240593023589447 0
2208 -1.258359213493052 2.282535639104856 0
2209 -1.378834291746456 2.318221983090578 0
2210 -1.501011942029589 2.347554241758333 0
2211 -1.624557283895353 2.370452017425936 0
2212 -1.749131688149239 2.386852548881891 0
2213 -1.874393705008169 2.396710883409463 0
2214 -1.999999999991093 2.399999999998973 0
2215 -2.125606294974315 2.396710883410435 0
2216 -2.250868311834086 2.386852548883752 0
2217 -2.37544271608875 2.370452017428616 0
2218 -2.498988057955264 2.347554241761771 0
2219 -2.62116570823911 2.318221983094721 0
2220 -2.741640786493591 2.28253563910953 0
2221 -2.860083078902984 2.24059302359463 0
2222 -2.976167943376596 2.192509098343778 0
2223 -3.089577199370005 2.138415658053771 0
2224 -3.199999999995577 2.078460969084416 0
2225 -3.307133684032175 2.012809363070775 0
2226 -3.410684605498756 1.941640786501437 0
2227 -3.510368938516818 1.865150307498265 0
2228 -3.605913455258877 1.783547581147187 0
2229 -3.697056274845682 1.697056274849065 0
2230 -3.783547581144014 1.605913455262524 0
2231 -3.865150307495351 1.510368938520675 0
2232 -3.941640786498769 1.410684605502841 0
2233 -4.012809363068421 1.30713368403639 0
2234 -4.078460969082349 1.199999999999952 0
2235 -4.138415658051976 1.089577199374572 0
2236 -4.192509098342276 0.9761679433813227 0
2237 -4.240593023593452 0.8600830789077849 0
2238 -4.282535639108622 0.7416407864986134 0
2239 -4.318221983094066 0.6211657082444695 0
2240 -4.347554241761463 0.4989880579606428 0
2241 -4.370452017428687 0.3754427160938993 0
2242 -4.38685254888413 0.2508683118393812 0
2243 -4.396710883411132 0.1256062949797545 0
2244 0.4632861857269107 0.1290953587286752 0
2245 0.4531540085742373 0.2578368760560995 0
2246 0.436297906800728 0.3858716804282369 0
2247 0.4127640818096778 0.5128488373459836 0
2248 0.3826170381795588 0.6384203112483187 0
2249 0.3459394068614905 0.7622419194535315 0
2250 0.3028317186934795 0.8839742755402996 0
2251 0.2534121288524377 1.003283719582058 0
2252 0.1978160929990216 1.119843232685776 0
2253 0.1361959960030228 1.2333333333281 0
2254 0.06872073426720726 1.343442953031664 0
2255 -0.004424747206216439 1.449870288982594 0
2256 -0.08303996173683892 1.552323631250747 0
2257 -0.1669094304861087 1.650522162346392 0
2258 -0.2558032730697227 1.744196726921325 0
2259 -0.3494778376442034 1.833090569505415 0
2260 -0.4476763687394141 1.916960038255178 0
2261 -0.5501297110070704 1.995575252786252 0
2262 -0.6565570469577275 2.068720734260291 0
2263 -0.7666666666611635 2.136195995996792 0
2264 -0.8801567673031649 2.197816092993352 0
2265 -0.9967162804066581 2.253412128847377 0
2266 -1.116025724448138 2.302831718689004 0
2267 -1.237758080534652 2.345939406857614 0
2268 -1.361579688739528 2.382617038176268 0
2269 -1.48715116264163 2.412764081807014 0
2270 -1.614128319559211 2.436297906798714 0
2271 -1.742163123931249 2.453154008572889 0
2272 -1.870904641258476 2.463286185726227 0
2273 -1.999999999990913 2.466666666665446 0
2274 -2.129095358723658 2.463286185727227 0
2275 -2.25783687605175 2.453154008574804 0
2276 -2.385871680424582 2.436297906801475 0
2277 -2.512848837342956 2.41276408181055 0
2278 -2.63842031124581 2.382617038180524 0
2279 -2.762241919451792 2.345939406862416 0
2280 -2.883974275539227 2.302831718694323 0
2281 -3.003283719581551 2.253412128853171 0
2282 -3.119843232685883 2.197816092999555 0
2283 -3.233333333328829 2.136195996003276 0
2284 -3.343442953033104 2.068720734267038 0
2285 -3.449870288984864 1.995575252793 0
2286 -3.552323631253416 1.916960038261973 0
2287 -3.650522162349402 1.833090569512274 0
2288 -3.744196726924724 1.7441967269281 0
2289 -3.833090569509118 1.650522162353051 0
2290 -3.916960038259107 1.552323631257262 0
2291 -3.995575252790399 1.449870288988933 0
2292 -4.068720734264755 1.34344295303732 0
2293 -4.136195996001291 1.233333333333213 0
2294 -4.197816092997844 1.119843232690482 0
2295 -4.253412128851762 1.003283719586319 0
2296 -4.302831718693251 0.8839742755440758 0
2297 -4.345939406861627 0.7622419194568679 0
2298 -4.382617038180003 0.6384203112512239 0
2299 -4.412764081810383 0.5128488373484115 0
2300 -4.436297906801699 0.3858716804298183 0
2301 -4.453154008575352 0.2578368760571262 0
2302 -4.463286185728107 0.1290953587291847 0
2303 0.5298614880438783 0.1325844224781011 0
2304 0.5194554682654573 0.2648054402738363 0
2305 0.5021437961737447 0.396300644764142 0
2306 0.4779739218586119 0.5267096167337227 0
2307 0.4470120932655159 0.6556749142550434 0
2308 0.4093431746145265 0.7828430524117491 0
2309 0.3650704137933245 0.9078654721765422 0
2310 0.3143151593619832 1.030399495786998 0
2311 0.2572165279449609 1.150109266001628 0
2312 0.1939310229220416 1.266666666661315 0
2313 0.1246321054636365 1.379752222032542 0
2314 0.04950971908552604 1.489055972468631 0
2315 -0.03123023097295108 1.594278323987274 0
2316 -0.1173664421208536 1.695130869436861 0
2317 -0.2086628209905078 1.7913371790003 0
2318 -0.3048691305534839 1.882633557870444 0
2319 -0.405721676002624 1.968769769018853 0
2320 -0.5109440275207614 2.049509719077797 0
2321 -0.6202477779565732 2.12463210545654 0
2322 -0.7333333333276753 2.193931022915653 0
2323 -0.849890733987035 2.25721652793915 0
2324 -0.9696005042014284 2.314315159356793 0
2325 -1.092134527811596 2.365070413788733 0
2326 -1.21715694757612 2.409343174610548 0
2327 -1.344325085732475 2.447012093262137 0
2328 -1.473290383253552 2.477973921855876 0
2329 -1.603699355222956 2.502143796171675 0
2330 -1.735194559713154 2.51945546826407 0
2331 -1.867415577508683 2.529861488043175 0
2332 -1.999999999990641 2.533333333332102 0
2333 -2.132584422472917 2.529861488044204 0
2334 -2.264805440269332 2.519455468266041 0
2335 -2.39630064476034 2.502143796174516 0
2336 -2.526709616730582 2.47797392185951 0
2337 -2.655674914252451 2.447012093266506 0
2338 -2.782843052409939 2.409343174615477 0
2339 -2.907865472175422 2.365070413794189 0
2340 -3.030399495786464 2.314315159362732 0
2341 -3.150109266001726 2.257216527945504 0
2342 -3.26666666666205 2.193931022922296 0
2343 -3.379752222034007 2.124632105463457 0
2344 -3.489055972470952 2.049509719084712 0
2345 -3.594278323989998 1.968769769025824 0
2346 -3.695130869439913 1.882633557877498 0
2347 -3.791337179003758 1.791337179007266 0
2348 -3.882633557874216 1.695130869443703 0
2349 -3.96876976902286 1.594278323993966 0
2350 -4.049509719082031 1.489055972475135 0
2351 -4.124632105461096 1.379752222038351 0
2352 -4.193931022920241 1.266666666666567 0
2353 -4.25721652794372 1.150109266006477 0
2354 -4.314315159361259 1.03039949579139 0
2355 -4.365070413793062 0.9078654721804331 0
2356 -4.409343174614643 0.7828430524151795 0
2357 -4.447012093265947 0.6556749142580262 0
2358 -4.477973921859313 0.5267096167362186 0
2359 -4.502143796174718 0.3963006447657662 0
2360 -4.519455468266576 0.2648054402748907 0
2361 -4.529861488045082 0.1325844224786247 0
2362 0.5964367903610338 0.1360734862275368 0
2363 0.5857569279568673 0.2717740044915926 0
2364 0.5679896855469537 0.4067296091000761 0
2365 0.5431837619077391 0.5405703961215005 0
2366 0.5114071483516671 0.672929517261816 0
2367 0.4727469423677573 0.8034441853700239 0
2368 0.4273091088933638 0.9317566688128512 0
2369 0.3752181898717224 1.057515271992014 0
2370 0.3166169628910929 1.180375299317564 0
2371 0.2516660498412515 1.299999999994622 0
2372 0.1805434766602551 1.416061491033521 0
2373 0.1034441853774554 1.528241655954778 0
2374 0.02057949979112061 1.636233016723919 0
2375 -0.06782345375541787 1.739739576527453 0
2376 -0.1615223689111157 1.838477631079408 0
2377 -0.2602604234625914 1.932176546235611 0
2378 -0.3637669832656649 2.020579499782672 0
2379 -0.4717583440342878 2.103444185369492 0
2380 -0.5839385089552596 2.180543476652946 0
2381 -0.6999999999940332 2.251666049834674 0
2382 -0.8196247006707567 2.316616962885112 0
2383 -0.9424847279960558 2.375218189866379 0
2384 -1.068243331174917 2.427309108888636 0
2385 -1.196555814617457 2.472746942363658 0
2386 -1.327070482725297 2.511407148348185 0
2387 -1.459429603865355 2.543183761904919 0
2388 -1.59327039088659 2.567989685544819 0
2389 -1.728225995494953 2.585756927955437 0
2390 -1.863926513758791 2.596436790360308 0
2391 -1.999999999990275 2.599999999998945 0
2392 -2.136073486222088 2.596436790361365 0
2393 -2.271774004486835 2.585756927957461 0
2394 -2.406729609096026 2.56798968554774 0
2395 -2.54057039611814 2.543183761908651 0
2396 -2.67292951725903 2.511407148352666 0
2397 -2.803444185368031 2.472746942368715 0
2398 -2.93175666881157 2.427309108894228 0
2399 -3.057515271991335 2.375218189872463 0
2400 -3.18037529931753 2.316616962891617 0
2401 -3.29999999999524 2.251666049841477 0
2402 -3.416061491034884 2.180543476660031 0
2403 -3.52824165595702 2.103444185376574 0
2404 -3.636233016726563 2.02057949978982 0
2405 -3.739739576530412 1.93217654624286 0
2406 -3.838477631082785 1.838477631086563 0
2407 -3.932176546239311 1.739739576534479 0
2408 -4.020579499786614 1.636233016730787 0
2409 -4.103444185373665 1.528241655961446 0
2410 -4.180543476657437 1.416061491039483 0
2411 -4.251666049839194 1.300000000000014 0
2412 -4.316616962889604 1.180375299322555 0
2413 -4.375218189870765 1.057515271996537 0
2414 -4.42730910889288 0.9317566688168566 0
2415 -4.472746942367667 0.8034441853735484 0
2416 -4.5114071483519 0.6729295172648764 0
2417 -4.543183761908249 0.5405703961240642 0
2418 -4.567989685547746 0.4067296091017432 0
2419 -4.585756927957808 0.2717740044926744 0
2420 -4.596436790362061 0.1360734862280744 0
2421 0.6630120926781892 0.1395625499769725 0
2422 0.6520583876482773 0.2787425687093488 0
2423 0.6338355749201626 0.4171585734360101 0
2424 0.6083936019568665 0.5544311755092781 0
2425 0.5758022034378182 0.6901841202685887 0
2426 0.5361507101209876 0.8240453183282989 0
2427 0.489547803993403 0.9556478654491604 0
2428 0.4361212203814615 1.08463104819703 0
2429 0.3760173978372248 1.210641332633501 0
2430 0.3094010767604614 1.33333333332793 0
2431 0.2364548478568734 1.452370760034499 0
2432 0.1573786516693846 1.567427339440924 0
2433 0.07238923055519209 1.678187709460563 0
2434 -0.01828046538998218 1.784348283618045 0
2435 -0.1143819168317239 1.885618083158514 0
2436 -0.2156517163716991 1.981719534600777 0
2437 -0.3218122905287062 2.072389230546491 0
2438 -0.4325726605478146 2.157378651661186 0
2439 -0.547629239953946 2.23645484784935 0
2440 -0.6666666666603913 2.309401076753696 0
2441 -0.7893586673544781 2.376017397831075 0
2442 -0.9153689517906833 2.436121220375965 0
2443 -1.044352134538238 2.489547803988538 0
2444 -1.175954681658795 2.536150710116768 0
2445 -1.309815879718121 2.575802203434232 0
2446 -1.445568824477158 2.608393601953961 0
2447 -1.582841426550223 2.633835574917963 0
2448 -1.721257431276752 2.652058387646803 0
2449 -1.8604374500089 2.663012092677441 0
2450 -1.99999999998991 2.666666666665788 0
2451 -2.139562549971261 2.663012092678527 0
2452 -2.278742568704341 2.652058387648883 0
2453 -2.417158573431712 2.633835574920964 0
2454 -2.5544311755057 2.608393601957792 0
2455 -2.690184120265611 2.575802203438827 0
2456 -2.824045318326125 2.536150710121953 0
2457 -2.955647865447719 2.489547803994268 0
2458 -3.084631048196206 2.436121220382194 0
2459 -3.210641332633338 2.376017397837731 0
2460 -3.333333333328429 2.309401076760658 0
2461 -3.452370760035763 2.236454847856605 0
2462 -3.567427339443086 2.157378651668437 0
2463 -3.678187709463129 2.072389230553815 0
2464 -3.784348283620912 1.981719534608222 0
2465 -3.88561808316181 1.88561808316586 0
2466 -3.981719534604407 1.784348283625254 0
2467 -4.072389230550368 1.678187709467608 0
2468 -4.157378651665299 1.567427339447756 0
2469 -4.236454847853782 1.452370760040615 0
2470 -4.309401076758149 1.33333333333346 0
2471 -4.376017397835488 1.210641332638634 0
2472 -4.43612122038027 1.084631048201684 0
2473 -4.4895478039927 0.9556478654532803 0
2474 -4.536150710120691 0.8240453183319173 0
2475 -4.575802203437855 0.6901841202717266 0
2476 -4.608393601957187 0.5544311755119099 0
2477 -4.633835574920772 0.41715857343772 0
2478 -4.65205838764904 0.2787425687104582 0
2479 -4.663012092679041 0.139562549977524 0
2480 0.7295873949953446 0.1430516137264081 0
2481 0.7183598473396872 0.285711132927105 0
2482 0.6996814642933711 0.4275875377719441 0
2483 0.6736034420059936 0.5682919548970556 0
2484 0.6401972585239694 0.7074387232753614 0
2485 0.5995544778742181 0.8446464512865737 0
2486 0.5517864990934422 0.9795390620854693 0
2487 0.4970242508912009 1.111746824402047 0
2488 0.4354178327833568 1.240907365949437 0
2489 0.3671361036796711 1.366666666661237 0
2490 0.292366219053492 1.488680029035478 0
2491 0.2113131179613139 1.60661302292707 0
2492 0.1241989613192639 1.720142402197207 0
2493 0.03126252297545373 1.828956990708637 0
2494 -0.06724146475233161 1.932758535237621 0
2495 -0.1710430092808065 2.031262522965944 0
2496 -0.2798575977917472 2.124198961310311 0
2497 -0.3933869770613412 2.211313117952881 0
2498 -0.5113199709526323 2.292366219045755 0
2499 -0.6333333333267495 2.367136103672717 0
2500 -0.7590926340381998 2.435417832777037 0
2501 -0.8882531755853109 2.497024250885551 0
2502 -1.020460937901558 2.551786499088441 0
2503 -1.155353548700132 2.599554477869877 0
2504 -1.292561276710943 2.64019725852028 0
2505 -1.431708045088962 2.673603442003004 0
2506 -1.572412462213856 2.699681464291108 0
2507 -1.714288867058551 2.718359847338169 0
2508 -1.856948386259007 2.729587394994574 0
2509 -1.999999999989546 2.73333333333263 0
2510 -2.143051613720432 2.729587394995689 0
2511 -2.285711132921845 2.718359847340303 0
2512 -2.427587537767399 2.699681464294188 0
2513 -2.568291954893257 2.673603442006933 0
2514 -2.707438723272193 2.640197258524987 0
2515 -2.844646451284218 2.599554477875191 0
2516 -2.979539062083865 2.551786499094307 0
2517 -3.111746824401077 2.497024250891925 0
2518 -3.240907365949143 2.435417832783845 0
2519 -3.366666666661619 2.367136103679838 0
2520 -3.488680029036641 2.292366219053179 0
2521 -3.606613022929153 2.211313117960299 0
2522 -3.720142402199695 2.12419896131781 0
2523 -3.828956990711412 2.031262522973584 0
2524 -3.932758535240837 1.932758535245156 0
2525 -4.031262522969501 1.82895699071603 0
2526 -4.124198961314121 1.720142402204428 0
2527 -4.211313117956934 1.606613022934066 0
2528 -4.292366219050125 1.488680029041747 0
2529 -4.3671361036771 1.366666666666907 0
2530 -4.435417832781371 1.240907365954712 0
2531 -4.497024250889775 1.11174682440683 0
2532 -4.551786499092519 0.9795390620897039 0
2533 -4.599554477873715 0.8446464512902861 0
2534 -4.640197258523811 0.7074387232785768 0
2535 -4.673603442006123 0.5682919548997555 0
2536 -4.699681464293796 0.427587537773697 0
2537 -4.71835984734027 0.285711132928242 0
2538 -4.729587394996017 0.1430516137269736 0
2539 0.7961626973125001 0.1465406774758438 0
2540 0.7846613070310976 0.2926796971448613 0
2541 0.7655273536665804 0.4380165021078781 0
2542 0.7388132820551213 0.5821527342848334 0
2543 0.7045923136101205 0.724693326282134 0
2544 0.662958245627449 0.8652475842448488 0
2545 0.6140251941934816 1.003430258721778 0
2546 0.5579272814009399 1.138862600607063 0
2547 0.4948182677294887 1.271173399265373 0
2548 0.424871130598881 1.399999999994544 0
2549 0.3482775902501106 1.524989298036457 0
2550 0.2652475842532432 1.645798706413216 0
2551 0.1760086920833356 1.762097094933852 0
2552 0.08080551134088954 1.873565697799229 0
2553 -0.02010101267293951 1.979898987316728 0
2554 -0.126434302189914 2.080805511331111 0
2555 -0.2379029050547884 2.17600869207413 0
2556 -0.3542012935748678 2.265247584244576 0
2557 -0.4750107019513186 2.34827759024216 0
2558 -0.5999999999931069 2.424871130591738 0
2559 -0.7288266007219211 2.494818267723 0
2560 -0.8611373993799383 2.557927281395137 0
2561 -0.9965697412648784 2.614025194188343 0
2562 -1.13475241574147 2.662958245622987 0
2563 -1.275306673703764 2.704592313606327 0
2564 -1.417847265700766 2.738813282052047 0
2565 -1.56198349787749 2.765527353664252 0
2566 -1.70732030284035 2.784661307029535 0
2567 -1.853459322509116 2.796162697311708 0
2568 -1.99999999998918 2.799999999999473 0
2569 -2.146540677469605 2.796162697312851 0
2570 -2.292679697139349 2.784661307031724 0
2571 -2.438016502103084 2.765527353667412 0
2572 -2.582152734280817 2.738813282056074 0
2573 -2.724693326278772 2.704592313611148 0
2574 -2.865247584242311 2.662958245628429 0
2575 -3.003430258720014 2.614025194194345 0
2576 -3.138862600605949 2.557927281401655 0
2577 -3.27117339926495 2.494818267729959 0
2578 -3.39999999999481 2.424871130599019 0
2579 -3.524989298037517 2.348277590249753 0
2580 -3.645798706415221 2.265247584252161 0
2581 -3.76209709493626 2.176008692081806 0
2582 -3.873565697801912 2.080805511338946 0
2583 -3.979898987319862 1.979898987324453 0
2584 -4.080805511334596 1.873565697806805 0
2585 -4.176008692077872 1.762097094941249 0
2586 -4.265247584248567 1.645798706420377 0
2587 -4.348277590246468 1.524989298042879 0
2588 -4.424871130596056 1.400000000000353 0
2589 -4.494818267727257 1.271173399270791 0
2590 -4.557927281399279 1.138862600611977 0
2591 -4.614025194192338 1.003430258726127 0
2592 -4.662958245626739 0.865247584248655 0
2593 -4.704592313609766 0.724693326285427 0
2594 -4.738813282055061 0.5821527342876012 0
2595 -4.765527353666823 0.4380165021096738 0
2596 -4.784661307031503 0.2926796971460258 0
2597 -4.796162697312996 0.1465406774764233 0
2598 0.8627379996296558 0.1500297412252795 0
2599 0.8509627667225077 0.2996482613626176 0
2600 0.8313732430397894 0.4484454664438121 0
2601 0.8040231221042489 0.596013513672611 0
2602 0.768987368696272 0.7419479292889067 0
2603 0.7263620133806796 0.8858487172031237 0
2604 0.6762638892935211 1.027321455358087 0
2605 0.6188303119106794 1.165978376812079 0
2606 0.5542187026756209 1.30143943258131 0
2607 0.4826061575180913 1.433333333327852 0
2608 0.4041889614467291 1.561298567037436 0
2609 0.3191820505451727 1.684984389899362 0
2610 0.2278184228474075 1.804051787670496 0
2611 0.1303484997063256 1.918174404889821 0
2612 0.0270394394064527 2.027039439395835 0
2613 -0.08182559509902143 2.130348499696277 0
2614 -0.1959482123178292 2.227818422837949 0
2615 -0.3150156100883943 2.31918205053627 0
2616 -0.438701432950005 2.404188961438565 0
2617 -0.5666666666594644 2.482606157510759 0
2618 -0.6985605674056425 2.554218702668963 0
2619 -0.8340216231745656 2.618830311904722 0
2620 -0.9726785446281991 2.676263889288246 0
2621 -1.114151282782807 2.726362013376097 0
2622 -1.258052070696587 2.768987368692375 0
2623 -1.403986486312569 2.80402312210109 0
2624 -1.551554533541123 2.831373243037396 0
2625 -1.700351738622149 2.850962766720901 0
2626 -1.849970258759225 2.862737999628841 0
2627 -1.999999999988815 2.866666666666315 0
2628 -2.150029741218777 2.862737999630012 0
2629 -2.299648261356852 2.850962766723145 0
2630 -2.44844546643877 2.831373243040636 0
2631 -2.596013513668376 2.804023122105215 0
2632 -2.741947929285353 2.768987368697308 0
2633 -2.885848717200403 2.726362013381666 0
2634 -3.027321455356162 2.676263889294384 0
2635 -3.165978376810819 2.618830311911386 0
2636 -3.301439432580755 2.554218702676073 0
2637 -3.433333333328 2.4826061575182 0
2638 -3.561298567038394 2.404188961446327 0
2639 -3.684984389901287 2.319182050544023 0
2640 -3.804051787672826 2.227818422845801 0
2641 -3.91817440489241 2.130348499704308 0
2642 -4.027039439398889 2.02703943940375 0
2643 -4.130348499699691 1.918174404897581 0
2644 -4.227818422841626 1.80405178767807 0
2645 -4.319182050540201 1.684984389906688 0
2646 -4.40418896144281 1.56129856704401 0
2647 -4.482606157515009 1.433333333333799 0
2648 -4.55421870267314 1.301439432586869 0
2649 -4.618830311908784 1.165978376817124 0
2650 -4.67626388929216 1.027321455362551 0
2651 -4.726362013379763 0.885848717207024 0
2652 -4.76898736869572 0.7419479292922773 0
2653 -4.804023122103997 0.5960135136754469 0
2654 -4.831373243039851 0.4484454664456508 0
2655 -4.850962766722732 0.2996482613638096 0
2656 -4.862737999629974 0.150029741225873 0
2657 0.9293133019468109 0.1535188049747152 0
2658 0.9172642264139176 0.3066168255803738 0
2659 0.8972191324129979 0.4588744307797462 0
2660 0.8692329621533758 0.6098742930603887 0
2661 0.833382423782423 0.7592025322956795 0
2662 0.7897657811339098 0.9064498501613986 0
2663 0.7385025843935604 1.051212651994397 0
2664 0.6797333424204184 1.193094153017095 0
2665 0.6136191376217527 1.331705465897246 0
2666 0.5403411844373008 1.466666666661159 0
2667 0.4601003326433475 1.597607836038414 0
2668 0.3731165168371017 1.724170073385508 0
2669 0.2796281536114788 1.846006480407141 0
2670 0.1798914880717611 1.962783111980413 0
2671 0.07417989148584447 2.074179891474942 0
2672 -0.03721688800812906 2.179891488061443 0
2673 -0.1539935195808706 2.279628153601768 0
2674 -0.2758299266019211 2.373116516827965 0
2675 -0.4023921639486915 2.46010033263497 0
2676 -0.5333333333258226 2.540341184429781 0
2677 -0.6682945340893645 2.613619137614925 0
2678 -0.806905846969193 2.679733342414308 0
2679 -0.9487873479915196 2.738502584388149 0
2680 -1.093550149824145 2.789765781129207 0
2681 -1.24079746768941 2.833382423778422 0
2682 -1.390125706924372 2.869232962150132 0
2683 -1.541125569204756 2.89721913241054 0
2684 -1.693383174403948 2.917264226412267 0
2685 -1.846481195009332 2.929313301945974 0
2686 -1.99999999998845 2.933333333333157 0
2687 -2.15351880496795 2.929313301947174 0
2688 -2.306616825574356 2.917264226414566 0
2689 -2.458874430774455 2.89721913241386 0
2690 -2.609874293055935 2.869232962154356 0
2691 -2.759202532291934 2.833382423783469 0
2692 -2.906449850158498 2.789765781134904 0
2693 -3.05121265199231 2.738502584394424 0
2694 -3.193094153015691 2.679733342421117 0
2695 -3.331705465896563 2.613619137622186 0
2696 -3.466666666661189 2.54034118443738 0
2697 -3.597607836039272 2.460100332642901 0
2698 -3.724170073387355 2.373116516835885 0
2699 -3.846006480409392 2.279628153609796 0
2700 -3.96278311198291 2.17989148806967 0
2701 -4.074179891477916 2.074179891483047 0
2702 -4.179891488064786 1.962783111988356 0
2703 -4.27962815360538 1.84600648041489 0
2704 -4.373116516831836 1.724170073392998 0
2705 -4.460100332639154 1.597607836045142 0
2706 -4.540341184433962 1.466666666667246 0
2707 -4.613619137619023 1.331705465902948 0
2708 -4.67973334241829 1.193094153022271 0
2709 -4.738502584391979 1.051212651998975 0
2710 -4.789765781132786 0.9064498501653928 0
2711 -4.833382423781675 0.7592025322991275 0
2712 -4.869232962152935 0.6098742930632925 0
2713 -4.897219132412876 0.4588744307816277 0
2714 -4.917264226413966 0.3066168255815934 0
2715 -4.929313301946955 0.1535188049753226 0
2716 0.06931623280752885 -0.1011828487333355 0
2717 0.07725766895420394 -0.2020883623143404 0
2718 0.09046920818207699 -0.3024399657412 0
2719 0.108914638580456 -0.4019626022443421 0
2720 0.1325434025067542 -0.5003834871948589 0
2721 0.1612907351614519 -0.5974328557881898 0
2722 0.1950778421039371 -0.6928447024508251 0
2723 0.2338121152225888 -0.7863575099430626 0
2724 0.2773873865671641 -0.8777149661595505 0
2725 0.3256842193478101 -0.9666666666630328 0
2726 0.3785702353029244 -1.05296880102535 0
2727 0.4359004775388695 -1.136384821095057 0
2728 0.4975178078466709 -1.216686089359334 0
2729 0.5632533374069032 -1.293652505623509 0
2730 0.6329268897022138 -1.367073110290421 0
2731 0.706347494368754 -1.436746662586132 0
2732 0.7833139106325646 -1.502482192146771 0
2733 0.863615178896409 -1.564099522454932 0
2734 0.9470311989658644 -1.621429764691373 0
2735 1.033333333328011 -1.674315780647023 0
2736 1.122285033831191 -1.722612613428123 0
2737 1.213642490047513 -1.766187884773219 0
2738 1.307155297539532 -1.804922157892365 0
2739 1.402567144201993 -1.838709264835362 0
2740 1.499616512795076 -1.867456597490553 0
2741 1.598037397745426 -1.891085361417373 0
2742 1.697560034248462 -1.909530791816288 0
2743 1.79791163767526 -1.922742331044705 0
2744 1.898817151256107 -1.930683767191919 0
2745 1.999999999992424 -1.933333333333467 0
2746 2.101182848728965 -1.930683767192694 0
2747 2.202088362310493 -1.922742331046188 0
2748 2.302439965737949 -1.909530791818419 0
2749 2.401962602241467 -1.89108536142013 0
2750 2.500383487192276 -1.867456597493906 0
2751 2.597432855786241 -1.838709264839141 0
2752 2.69284470244934 -1.804922157896585 0
2753 2.786357509941974 -1.76618788477784 0
2754 2.877714966158915 -1.722612613433095 0
2755 2.966666666662862 -1.674315780652214 0
2756 3.052968801025712 -1.621429764696756 0
2757 3.136384821096031 -1.564099522460328 0
2758 3.216686089360659 -1.50248219215215 0
2759 3.293652505625215 -1.436746662591441 0
2760 3.367073110292384 -1.36707311029569 0
2761 3.436746662588277 -1.293652505628714 0
2762 3.502482192149051 -1.216686089364452 0
2763 3.564099522457347 -1.136384821100081 0
2764 3.621429764694058 -1.052968801029788 0
2765 3.674315780649742 -0.9666666666670405 0
2766 3.722612613430873 -0.8777149661631399 0
2767 3.766187884775835 -0.7863575099463022 0
2768 3.804922157894823 -0.6928447024537058 0
2769 3.83870926483757 -0.597432855790785 0
2770 3.867456597492499 -0.500383487197144 0
2771 3.891085361419009 -0.4019626022462284 0
2772 3.909530791817593 -0.3024399657424381 0
2773 3.922742331045578 -0.2020883623151461 0
2774 3.930683767192316 -0.1011828487337332 0
2775 0.1358915351243898 -0.09769378498391618 0
2776 0.1435591286453161 -0.1951197980966166 0
2777 0.1563150975549853 -0.2920110014053146 0
2778 0.1741244786292814 -0.3881018228566301 0
2779 0.1969384575926026 -0.4831288841881682 0
2780 0.2246945029143789 -0.5768317228300089 0
2781 0.2573165372036745 -0.6689535058146279 0
2782 0.2947151457320289 -0.7592417337381751 0
2783 0.3367878215129997 -0.847448932843757 0
2784 0.3834192462667265 -0.9333333333298814 0
2785 0.4344816064992529 -1.016659532024539 0
2786 0.4898349438305117 -1.097199137609089 0
2787 0.5493275386104576 -1.174731396622877 0
2788 0.6127963257720608 -1.249043798533117 0
2789 0.6800673417813263 -1.319932658211518 0
2790 0.7509562014593707 -1.387203674221177 0
2791 0.8252686033692591 -1.450672461383177 0
2792 0.9028008623826287 -1.510165056163475 0
2793 0.9833404679669353 -1.565518393495216 0
2794 1.066666666661425 -1.616580753728261 0
2795 1.152551067147256 -1.663212178482429 0
2796 1.240758266252672 -1.705284854263903 0
2797 1.331046494176003 -1.742683462792736 0
2798 1.423168277160449 -1.775305497082528 0
2799 1.51687111580205 -1.803061542404783 0
2800 1.611898177133432 -1.825875521368613 0
2801 1.707988998584646 -1.84368490244343 0
2802 1.804880201893276 -1.856440871353626 0
2803 1.902306215005819 -1.864108464875074 0
2804 1.999999999992615 -1.866666666666915 0
2805 2.097693784979624 -1.864108464875824 0
2806 2.195119798092825 -1.85644087135506 0
2807 2.292011001402089 -1.843684902445491 0
2808 2.388101822853776 -1.825875521371279 0
2809 2.483128884185606 -1.803061542408024 0
2810 2.576831722828062 -1.77530549708618 0
2811 2.668953505813128 -1.742683462796814 0
2812 2.759241733737052 -1.705284854268367 0
2813 2.847448932843074 -1.663212178487229 0
2814 2.933333333329638 -1.616580753733277 0
2815 3.016659532024804 -1.56551839350042 0
2816 3.097199137609945 -1.51016505616869 0
2817 3.174731396624075 -1.450672461388374 0
2818 3.249043798534686 -1.387203674226305 0
2819 3.319932658213332 -1.31993265821661 0
2820 3.387203674223157 -1.249043798538152 0
2821 3.450672461385282 -1.174731396627831 0
2822 3.510165056165709 -1.097199137613949 0
2823 3.56551839349771 -1.016659532028832 0
2824 3.616580753730788 -0.9333333333337568 0
2825 3.663212178484986 -0.8474489328472247 0
2826 3.705284854266328 -0.7592417337413068 0
2827 3.742683462795007 -0.6689535058174153 0
2828 3.775305497084557 -0.5768317228325204 0
2829 3.803061542406557 -0.4831288841903759 0
2830 3.825875521370084 -0.3881018228584509 0
2831 3.843684902444577 -0.2920110014065095 0
2832 3.856440871354353 -0.195119798097394 0
2833 3.864108464875342 -0.0976937849842999 0
2834 0.2024668374411693 -0.09420472123450103 0
2835 0.2098605883363455 -0.1881512338789011 0
2836 0.2221609869278103 -0.2815820370694416 0
2837 0.2393343186780228 -0.3742410434689348 0
2838 0.2613335126783671 -0.4658742811814982 0
2839 0.2880982706672216 -0.5562305898718527 0
2840 0.3195552323033279 -0.6450623091784593 0
2841 0.355618176241385 -0.7321259575333198 0
2842 0.3961882564587518 -0.8171828995279998 0
2843 0.4411542731855601 -0.8999999999967703 0
2844 0.4903929776954994 -0.9803502630237719 0
2845 0.5437694101220732 -1.058013454123169 0
2846 0.6011372693741649 -1.13277670388647 0
2847 0.6623393141371401 -1.204435091442778 0
2848 0.7272077938603623 -1.272792206132671 0
2849 0.7955649085499119 -1.337660685856282 0
2850 0.8672232961058803 -1.398862730619646 0
2851 0.9419865458687773 -1.456230589872083 0
2852 1.019649736967937 -1.509607022299126 0
2853 1.099999999994771 -1.558845726809567 0
2854 1.182817100463257 -1.603811743536806 0
2855 1.267874042457769 -1.644381823754661 0
2856 1.354937690812413 -1.680444767693182 0
2857 1.443769410118848 -1.71190172932977 0
2858 1.53412571880897 -1.738666487319091 0
2859 1.625758956521386 -1.760665681319931 0
2860 1.718417962920782 -1.777839013070651 0
2861 1.811848766111247 -1.790139411662626 0
2862 1.905795278755487 -1.79753316255831 0
2863 1.999999999992766 -1.800000000000443 0
2864 2.094204721230246 -1.797533162559034 0
2865 2.188151233875122 -1.790139411664012 0
2866 2.281582037066198 -1.777839013072642 0
2867 2.374241043466057 -1.760665681322506 0
2868 2.465874281178912 -1.73866648732222 0
2869 2.55623058986986 -1.711901729333295 0
2870 2.645062309176894 -1.680444767697116 0
2871 2.732125957532114 -1.644381823758968 0
2872 2.817182899527216 -1.603811743541435 0
2873 2.899999999996401 -1.558845726814408 0
2874 2.980350263023884 -1.50960702230415 0
2875 3.05801345412385 -1.456230589877118 0
2876 3.132776703887486 -1.398862730624659 0
2877 3.20443509144415 -1.337660685861229 0
2878 3.272792206134278 -1.272792206137588 0
2879 3.337660685858037 -1.204435091447643 0
2880 3.398862730621514 -1.132776703891259 0
2881 3.456230589874072 -1.058013454127865 0
2882 3.509607022301363 -0.9803502630279194 0
2883 3.558845726811835 -0.9000000000005132 0
2884 3.6038117435391 -0.8171828995313457 0
2885 3.644381823756826 -0.7321259575363441 0
2886 3.680444767695195 -0.6450623091811534 0
2887 3.711901729331546 -0.5562305898742804 0
2888 3.738666487320619 -0.4658742811836285 0
2889 3.760665681321162 -0.3742410434706901 0
2890 3.777839013071564 -0.2815820370705935 0
2891 3.790139411663133 -0.1881512338796504 0
2892 3.797533162558368 -0.09420472123487074 0
2893 0.2690421397579488 -0.09071565748508592 0
2894 0.2761620480273751 -0.1811826696611858 0
2895 0.2880068763006353 -0.2711530727335686 0
2896 0.3045441587267643 -0.3603802640812394 0
2897 0.3257285677641313 -0.4486196781748282 0
2898 0.351502038420064 -0.5356294569136967 0
2899 0.381793927402981 -0.621171112542291 0
2900 0.4165212067507409 -0.7050101813284648 0
2901 0.4555886914045038 -0.7869168662122429 0
2902 0.4988893001043937 -0.8666666666636591 0
2903 0.5463043488917457 -0.9440409940230052 0
2904 0.5977038764136346 -1.018827770637249 0
2905 0.6529470001378717 -1.090822011150063 0
2906 0.7118823025022187 -1.15982638435244 0
2907 0.774348245939398 -1.225651754053824 0
2908 0.8401736156404536 -1.288117697491387 0
2909 0.9091779888425013 -1.347052999856115 0
2910 0.9811722293549257 -1.402296123580691 0
2911 1.055959005968939 -1.453695651103037 0
2912 1.133333333328118 -1.501110699890875 0
2913 1.213083133779257 -1.544411308591184 0
2914 1.294989818662867 -1.583478793245419 0
2915 1.378828887448825 -1.618206072593628 0
2916 1.464370543077246 -1.648497961577013 0
2917 1.55138032181589 -1.6742714322334 0
2918 1.63961973590934 -1.695455841271249 0
2919 1.728846927256917 -1.711993123697872 0
2920 1.818817330329218 -1.723837951971626 0
2921 1.909284342505158 -1.730957860241546 0
2922 1.999999999992917 -1.733333333333971 0
2923 2.090715657480867 -1.730957860242245 0
2924 2.18118266965742 -1.723837951972964 0
2925 2.271153072730308 -1.711993123699794 0
2926 2.360380264078337 -1.695455841273733 0
2927 2.448619678172216 -1.674271432236416 0
2928 2.535629456911658 -1.64849796158041 0
2929 2.621171112540662 -1.618206072597419 0
2930 2.705010181327176 -1.583478793249568 0
2931 2.78691686621136 -1.54441130859564 0
2932 2.866666666663164 -1.50111069989554 0
2933 2.944040994022965 -1.453695651107881 0
2934 3.018827770637754 -1.402296123585546 0
2935 3.090822011150896 -1.347052999860945 0
2936 3.159826384353615 -1.288117697496153 0
2937 3.225651754055224 -1.225651754058565 0
2938 3.288117697492916 -1.159826384357135 0
2939 3.347052999857747 -1.090822011154688 0
2940 3.402296123582435 -1.01882777064178 0
2941 3.453695651105018 -0.9440409940270073 0
2942 3.501110699892884 -0.8666666666672698 0
2943 3.544411308593216 -0.786916866215467 0
2944 3.583478793247322 -0.7050101813313816 0
2945 3.618206072595383 -0.6211711125448915 0
2946 3.648497961578537 -0.5356294569160407 0
2947 3.674271432234682 -0.4486196781768812 0
2948 3.695455841272238 -0.3603802640829294 0
2949 3.711993123698551 -0.2711530727346776 0
2950 3.723837951971912 -0.1811826696619067 0
2951 3.730957860241395 -0.09071565748544161 0
2952 0.3356174420747283 -0.08722659373567079 0
2953 0.3424635077184046 -0.1742141054434703 0
2954 0.3538527656734602 -0.2607241083976957 0
2955 0.3697539987755057 -0.3465194846935441 0
2956 0.3901236228498959 -0.4313650751681581 0
2957 0.4149058061729068 -0.5150283239555404 0
2958 0.4440326225026345 -0.5972799159061225 0
2959 0.4774242372600968 -0.6778944051236097 0
2960 0.5149891263502557 -0.7566508328964856 0
2961 0.5566243270232275 -0.8333333333305477 0
2962 0.6022157200879921 -0.9077317250222382 0
2963 0.6516383427051959 -0.9796420871513282 0
2964 0.704756730901579 -1.048867318413656 0
2965 0.7614252908672983 -1.115217677262101 0
2966 0.8214886980184342 -1.178511301974978 0
2967 0.8847823227309952 -1.238574709126492 0
2968 0.9511326815791226 -1.295243269092584 0
2969 1.020357912841073 -1.348361657289299 0
2970 1.09226827496994 -1.397784279906947 0
2971 1.166666666661464 -1.443375672972182 0
2972 1.243349167095257 -1.485010873645561 0
2973 1.322105594867963 -1.522575762736176 0
2974 1.402720084085236 -1.555967377494074 0
2975 1.484971676035646 -1.585094193824255 0
2976 1.56863492482281 -1.609876377147708 0
2977 1.653480515297295 -1.630246001222568 0
2978 1.739275891593053 -1.646147234325092 0
2979 1.825785894547189 -1.657536492280627 0
2980 1.912773406254827 -1.664382557924781 0
2981 1.999999999993068 -1.666666666667499 0
2982 2.087226593731489 -1.664382557925455 0
2983 2.174214105439717 -1.657536492281916 0
2984 2.260724108394417 -1.646147234326945 0
2985 2.346519484690618 -1.630246001224961 0
2986 2.431365075165522 -1.609876377150611 0
2987 2.515028323953455 -1.585094193827525 0
2988 2.597279915904428 -1.555967377497722 0
2989 2.677894405122236 -1.522575762740169 0
2990 2.756650832895502 -1.485010873649845 0
2991 2.833333333329926 -1.443375672976672 0
2992 2.907731725022045 -1.397784279911611 0
2993 2.979642087151659 -1.348361657293974 0
2994 3.048867318414308 -1.29524326909723 0
2995 3.115217677263079 -1.238574709131077 0
2996 3.17851130197617 -1.178511301979542 0
2997 3.238574709127796 -1.115217677266626 0
2998 3.295243269093977 -1.048867318418117 0
2999 3.348361657290798 -0.9796420871556956 0
3000 3.397784279908671 -0.9077317250260949 0
3001 3.443375672973932 -0.833333333334026 0
3002 3.485010873647331 -0.756650832899588 0
3003 3.522575762737819 -0.677894405126419 0
3004 3.555967377495571 -0.5972799159086296 0
3005 3.585094193825526 -0.5150283239578007 0
3006 3.609876377148743 -0.4313650751701338 0
3007 3.630246001223317 -0.3465194846951686 0
3008 3.646147234325538 -0.2607241083987615 0
3009 3.65753649228069 -0.174214105444163 0
3010 3.664382557924422 -0.08722659373601246 0
3011 0.4021927443915078 -0.08373752998625567 0
3012 0.4087649674094341 -0.1672455412257549 0
3013 0.4196986550462852 -0.2502951440618226 0
3014 0.4349638388242474 -0.3326587053058487 0
3015 0.45451867793566 -0.4141104721614882 0
3016 0.4783095739257494 -0.4944271909973843 0
3017 0.5062713176022877 -0.5733887192699538 0
3018 0.5383272677694528 -0.6507786289187545 0
3019 0.5743895612960077 -0.7263847995807285 0
3020 0.6143593539420611 -0.7999999999974363 0
3021 0.6581270912842387 -0.8714224560214713 0
3022 0.7055728089967572 -0.9404564036654077 0
3023 0.7565664616652863 -1.006912625677249 0
3024 0.8109682792323774 -1.070608970171762 0
3025 0.8686291500974694 -1.131370849896131 0
3026 0.9293910298215371 -1.189031720761596 0
3027 0.9930873743157433 -1.243433538329053 0
3028 1.059543596327222 -1.294427190997906 0
3029 1.128577543970942 -1.341872908710858 0
3030 1.19999999999481 -1.385640646053489 0
3031 1.273615200411258 -1.425610438699938 0
3032 1.34922137107306 -1.461672732226933 0
3033 1.426611280721648 -1.49372868239452 0
3034 1.505572808994045 -1.521690426071497 0
3035 1.585889527829731 -1.545481322062016 0
3036 1.667341294685249 -1.565036161173886 0
3037 1.749704855929189 -1.580301344952313 0
3038 1.83275445876516 -1.591235032589627 0
3039 1.916262470004497 -1.597807255608016 0
3040 1.999999999993219 -1.600000000001027 0
3041 2.083737529982111 -1.597807255608665 0
3042 2.167245541222014 -1.591235032590867 0
3043 2.250295144058526 -1.580301344954096 0
3044 2.3326587053029 -1.565036161176188 0
3045 2.414110472158826 -1.545481322064807 0
3046 2.494427190995253 -1.52169042607464 0
3047 2.573388719268195 -1.493728682398025 0
3048 2.650778628917298 -1.461672732230769 0
3049 2.726384799579646 -1.425610438704051 0
3050 2.79999999999669 -1.385640646057804 0
3051 2.871422456021127 -1.341872908715341 0
3052 2.940456403665564 -1.294427191002401 0
3053 3.006912625677719 -1.243433538333516 0
3054 3.070608970172544 -1.189031720766001 0
3055 3.131370849897115 -1.131370849900519 0
3056 3.189031720762675 -1.070608970176117 0
3057 3.243433538330208 -1.006912625681545 0
3058 3.294427190999162 -0.9404564036696109 0
3059 3.341872908712325 -0.8714224560251824 0
3060 3.38564064605498 -0.8000000000007823 0
3061 3.425610438701447 -0.7263847995837091 0
3062 3.461672732228316 -0.6507786289214562 0
3063 3.493728682395759 -0.5733887192723677 0
3064 3.521690426072517 -0.4944271909995608 0
3065 3.545481322062805 -0.4141104721633864 0
3066 3.565036161174395 -0.3326587053074077 0
3067 3.580301344952526 -0.2502951440628455 0
3068 3.59123503258947 -0.1672455412264194 0
3069 3.597807255607448 -0.08373752998658332 0
3070 0.4687680467082872 -0.08024846623684054 0
3071 0.4750664271004638 -0.1602769770080394 0
3072 0.4855445444191102 -0.2398661797259497 0
3073 0.5001736788729886 -0.3187979259181535 0
3074 0.5189137330214244 -0.3968558691548182 0
3075 0.541713341678592 -0.4738260580392282 0
3076 0.5685100127019409 -0.5494975226337855 0
3077 0.5992302982788091 -0.6236628527138994 0
3078 0.6337899962417595 -0.6961187662649715 0
3079 0.6720943808608947 -0.7666666666643251 0
3080 0.7140384624804852 -0.8351131870207046 0
3081 0.7595072752883183 -0.9012707201794874 0
3082 0.8083761924289932 -0.9649579329408426 0
3083 0.8605112675974562 -1.026000263081424 0
3084 0.9157696021765058 -1.084230397817284 0
3085 0.9739997369120785 -1.139488732396701 0
3086 1.035042067052365 -1.191623807565522 0
3087 1.09872927981337 -1.240492724706514 0
3088 1.164886812971944 -1.285961537514768 0
3089 1.233333333328157 -1.327905619134796 0
3090 1.303881233727258 -1.366210003754316 0
3091 1.376337147278158 -1.400769701717691 0
3092 1.450502477358059 -1.431489987294966 0
3093 1.526173941952443 -1.458286658318739 0
3094 1.603144130836651 -1.481086266976324 0
3095 1.681202074073203 -1.499826321125205 0
3096 1.760133820265324 -1.514455455579534 0
3097 1.839723022983131 -1.524933572898628 0
3098 1.919751533754166 -1.531231953291252 0
3099 1.99999999999337 -1.533333333334555 0
3100 2.080248466232732 -1.531231953291875 0
3101 2.160276977004312 -1.524933572899819 0
3102 2.239866179722636 -1.514455455581248 0
3103 2.318797925915179 -1.499826321127415 0
3104 2.396855869152132 -1.481086266979003 0
3105 2.47382605803705 -1.458286658321756 0
3106 2.549497522631962 -1.431489987298328 0
3107 2.623662852712359 -1.40076970172137 0
3108 2.696118766263787 -1.366210003758256 0
3109 2.766666666663451 -1.327905619138936 0
3110 2.835113187020207 -1.285961537519072 0
3111 2.901270720179469 -1.240492724710829 0
3112 2.964957932941128 -1.191623807569802 0
3113 3.026000263082009 -1.139488732400925 0
3114 3.084230397818061 -1.084230397821496 0
3115 3.139488732397555 -1.026000263085608 0
3116 3.19162380756644 -0.9649579329449745 0
3117 3.240492724707525 -0.9012707201835265 0
3118 3.285961537515978 -0.8351131870242703 0
3119 3.327905619136029 -0.7666666666675388 0
3120 3.366210003755563 -0.6961187662678303 0
3121 3.400769701718814 -0.6236628527164937 0
3122 3.431489987295946 -0.549497522636106 0
3123 3.458286658319507 -0.4738260580413209 0
3124 3.481086266976866 -0.3968558691566391 0
3125 3.499826321125473 -0.318797925919647 0
3126 3.514455455579513 -0.2398661797269296 0
3127 3.524933572898248 -0.1602769770086758 0
3128 3.531231953290474 -0.08024846623715419 0
3129 0.5353433490252547 -0.0767594024874157 0
3130 0.5413678867916837 -0.1533084127903046 0
3131 0.5513904337921276 -0.2294372153900477 0
3132 0.5653835189219237 -0.3049371465304196 0
3133 0.5833087881073835 -0.3796012661481002 0
3134 0.6051171094316294 -0.4532249250810148 0
3135 0.6307487078017888 -0.5256063259975506 0
3136 0.6601333287883592 -0.5965470765089689 0
3137 0.6931904311877046 -0.6658527329491303 0
3138 0.7298294077799199 -0.7333333333311212 0
3139 0.769949833676921 -0.7988039180198367 0
3140 0.813441741580067 -0.862085036693458 0
3141 0.8601859231928839 -0.9230032402043191 0
3142 0.9100542559627163 -0.981391555990961 0
3143 0.9629100542557192 -1.037089945738307 0
3144 1.018608444002793 -1.089945744031668 0
3145 1.076996759789155 -1.139814076801847 0
3146 1.137914963299683 -1.186558258414972 0
3147 1.201196081973106 -1.230050166318523 0
3148 1.266666666661657 -1.270170592215943 0
3149 1.334147267043408 -1.306809568808528 0
3150 1.403452923483398 -1.339866671208279 0
3151 1.474393673994608 -1.369251292195238 0
3152 1.546775074910974 -1.394882890565805 0
3153 1.620398733843696 -1.416691211890453 0
3154 1.695062853461275 -1.434616481076342 0
3155 1.770562784601572 -1.448609566206571 0
3156 1.846691587201208 -1.458632113207444 0
3157 1.923240597503935 -1.464656650974302 0
3158 1.999999999993613 -1.466666666667897 0
3159 2.076759402483439 -1.4646566509749 0
3160 2.153308412786688 -1.458632113208587 0
3161 2.229437215386818 -1.448609566208215 0
3162 2.304937146527527 -1.434616481078461 0
3163 2.379601266145497 -1.416691211893019 0
3164 2.453224925078903 -1.394882890568694 0
3165 2.525606325995776 -1.369251292198457 0
3166 2.596547076507461 -1.339866671211801 0
3167 2.665852732947967 -1.306809568812296 0
3168 2.733333333330245 -1.270170592219907 0
3169 2.798803918019313 -1.230050166322647 0
3170 2.862085036693395 -1.186558258419107 0
3171 2.923003240204555 -1.139814076805943 0
3172 2.981391555991486 -1.089945744035711 0
3173 3.037089945739015 -1.037089945742343 0
3174 3.089945744032439 -0.9813915559949751 0
3175 3.139814076802672 -0.9230032402082864 0
3176 3.186558258415888 -0.8620850366973329 0
3177 3.230050166319627 -0.7988039180232569 0
3178 3.27017059221707 -0.7333333333342025 0
3179 3.30680956880967 -0.6658527329518672 0
3180 3.339866671209303 -0.5965470765114556 0
3181 3.369251292196126 -0.5256063259997776 0
3182 3.394882890566487 -0.4532249250830238 0
3183 3.416691211890919 -0.3796012661498437 0
3184 3.434616481076542 -0.3049371465318477 0
3185 3.448609566206494 -0.2294372153909846 0
3186 3.458632113207021 -0.1533084127909127 0
3187 3.464656650973499 -0.07675940248771534 0
3188 0.6019186513424104 -0.07327033873798119 0
3189 0.6076693464830942 -0.1463398485725505 0
3190 0.6172363231653371 -0.2190082510541169 0
3191 0.6305933589710524 -0.2910763671426472 0
3192 0.6477038431935362 -0.3623466631413343 0
3193 0.6685208771848611 -0.4326237921227441 0
3194 0.6929874029018311 -0.5017151293612494 0
3195 0.7210363592981028 -0.5694313003039631 0
3196 0.7525908661338421 -0.635586699633205 0
3197 0.7875644346991364 -0.6999999999978248 0
3198 0.8258612048735459 -0.762494649018868 0
3199 0.867376207872002 -0.8228993532073199 0
3200 0.9119956539569596 -0.8810485474676792 0
3201 0.9595972443281571 -0.9367828489003744 0
3202 1.010050506335109 -0.9899494936591982 0
3203 1.063217151093681 -1.040402755666498 0
3204 1.118951452526114 -1.088004346038028 0
3205 1.17710064678616 -1.13262379212328 0
3206 1.237505350974426 -1.174138795122122 0
3207 1.299999999995312 -1.212435565296929 0
3208 1.364413300359705 -1.247409133862575 0
3209 1.430568699688782 -1.278963640698699 0
3210 1.498284870631293 -1.307012597095339 0
3211 1.567376207869635 -1.331479122812695 0
3212 1.637653336850866 -1.352296156804404 0
3213 1.708923632849467 -1.369406641027298 0
3214 1.780991748937932 -1.382763676833426 0
3215 1.85366015141939 -1.392330653516076 0
3216 1.926729661253803 -1.398081348657168 0
3217 1.999999999993949 -1.400000000001055 0
3218 2.073270338734233 -1.39808134865774 0
3219 2.146339848569145 -1.39233065351717 0
3220 2.219008251051072 -1.382763676835001 0
3221 2.291076367139941 -1.369406641029326 0
3222 2.362346663138922 -1.352296156806857 0
3223 2.432623792120807 -1.331479122815457 0
3224 2.501715129359639 -1.307012597098414 0
3225 2.569431300302607 -1.278963640702063 0
3226 2.635586699632183 -1.247409133866171 0
3227 2.699999999997069 -1.212435565300718 0
3228 2.762494649018445 -1.174138795126067 0
3229 2.822899353207341 -1.132623792127235 0
3230 2.881048547467999 -1.088004346041941 0
3231 2.936782848900975 -1.040402755670359 0
3232 2.989949493659977 -0.9899494936630577 0
3233 3.040402755667327 -0.9367828489042183 0
3234 3.088004346038905 -0.8810485474714822 0
3235 3.132623792124247 -0.8228993532110307 0
3236 3.174138795123272 -0.7624946490221427 0
3237 3.212435565298107 -0.7000000000007738 0
3238 3.24740913386377 -0.6355866996358202 0
3239 3.278963640699783 -0.5694313003063423 0
3240 3.307012597096295 -0.501715129363383 0
3241 3.331479122813458 -0.4326237921246694 0
3242 3.352296156804962 -0.3623466631430005 0
3243 3.369406641027604 -0.2910763671440099 0
3244 3.382763676833466 -0.2190082510550106 0
3245 3.39233065351579 -0.1463398485731303 0
3246 3.398081348656519 -0.07327033873826683 0
3247 0.6684939536595659 -0.06978127498854667 0
3248 0.6739708061745041 -0.1393712843547963 0
3249 0.6830822125385462 -0.208579286718186 0
3250 0.695803199020181 -0.2772155877548749 0
3251 0.7120988982796892 -0.3450920601345684 0
3252 0.7319246449380931 -0.4120226591644734 0
3253 0.7552260980018735 -0.4778239327249482 0
3254 0.7819393898078466 -0.5423155240989572 0
3255 0.8119913010799795 -0.6053206663172797 0
3256 0.8452994616183525 -0.6666666666645282 0
3257 0.8817725760701711 -0.7261853800178995 0
3258 0.9213106741639374 -0.7837136697211817 0
3259 0.9638053847210353 -0.8390938547310391 0
3260 1.009140232693598 -0.8921741418097879 0
3261 1.0571909584145 -0.9428090415800896 0
3262 1.10782585818457 -0.9908597673013275 0
3263 1.160906145263073 -1.036194615274209 0
3264 1.216286330272638 -1.078689325831588 0
3265 1.273814619975747 -1.118227423925722 0
3266 1.333333333328967 -1.154700538377915 0
3267 1.394679333676003 -1.188008698916623 0
3268 1.457684475894165 -1.218060610189118 0
3269 1.52217606726798 -1.244773901995439 0
3270 1.587977340828297 -1.268075355059584 0
3271 1.654907939858037 -1.287901101718354 0
3272 1.722784412237659 -1.304196800978255 0
3273 1.791420713274293 -1.316917787460281 0
3274 1.860628715637572 -1.326029193824708 0
3275 1.93021872500367 -1.331506046340034 0
3276 1.999999999994286 -1.333333333334212 0
3277 2.069781274985027 -1.33150604634058 0
3278 2.1393712843516 -1.326029193825753 0
3279 2.208579286715327 -1.316917787461786 0
3280 2.277215587752355 -1.304196800980191 0
3281 2.345092060132346 -1.287901101720695 0
3282 2.412022659162713 -1.26807535506222 0
3283 2.477823932723501 -1.244773901998371 0
3284 2.542315524097752 -1.218060610192325 0
3285 2.605320666316398 -1.188008698920047 0
3286 2.666666666663893 -1.154700538381529 0
3287 2.726185380017578 -1.118227423929486 0
3288 2.783713669721289 -1.078689325835363 0
3289 2.839093854731442 -1.036194615277938 0
3290 2.892174141810464 -0.9908597673050081 0
3291 2.942809041580938 -0.9428090415837729 0
3292 2.990859767302215 -0.8921741418134617 0
3293 3.03619461527514 -0.8390938547346778 0
3294 3.078689325832607 -0.7837136697247283 0
3295 3.118227423926918 -0.7261853800210286 0
3296 3.154700538379142 -0.6666666666673449 0
3297 3.188008698917871 -0.605320666319773 0
3298 3.218060610190263 -0.542315524101229 0
3299 3.244773901996465 -0.4778239327269884 0
3300 3.26807535506043 -0.4120226591663151 0
3301 3.287901101719005 -0.3450920601361572 0
3302 3.304196800978664 -0.2772155877561721 0
3303 3.31691778746044 -0.2085792867190366 0
3304 3.326029193824558 -0.139371284355348 0
3305 3.331506046339541 -0.0697812749888183 0
3306 0.7350692559767215 -0.06629221123911216 0
3307 0.7402722658659147 -0.1324027201370422 0
3308 0.7489281019117554 -0.1981503223822551 0
3309 0.7610130390693089 -0.2633548083671025 0
3310 0.776493953365842 -0.3278374571278026 0
3311 0.7953284126913251 -0.3914215262062029 0
3312 0.8174647931019157 -0.4539327360886469 0
3313 0.8428424203175904 -0.5151997478939515 0
3314 0.8713917360261172 -0.5750546330013544 0
3315 0.9030344885375681 -0.6333333333312318 0
3316 0.9376839472667959 -0.6898761110169307 0
3317 0.975245140455872 -0.7445279862350438 0
3318 1.01561511548511 -0.7971391619943993 0
3319 1.058683221059039 -0.8475654347192014 0
3320 1.10433141049389 -0.895668589500981 0
3321 1.152434565275458 -0.9413167789361572 0
3322 1.202860838000033 -0.9843848845103901 0
3323 1.255472013759115 -1.024754859539896 0
3324 1.310123888977067 -1.062316052729322 0
3325 1.366666666662622 -1.096965511458902 0
3326 1.424945366992301 -1.12860826397067 0
3327 1.484800252099549 -1.157157579679537 0
3328 1.546067263904665 -1.182535206895539 0
3329 1.608578473786958 -1.204671587306474 0
3330 1.672162542865207 -1.223506046632305 0
3331 1.736645191625851 -1.238986960929211 0
3332 1.801849677610653 -1.251071898087136 0
3333 1.867597279855755 -1.25972773413334 0
3334 1.933707788753538 -1.264930744022899 0
3335 1.999999999994621 -1.26666666666737 0
3336 2.06629221123582 -1.26493074402342 0
3337 2.132402720134057 -1.259727734134336 0
3338 2.198150322379582 -1.251071898088571 0
3339 2.263354808364768 -1.238986960931056 0
3340 2.327837457125772 -1.223506046634533 0
3341 2.391421526204619 -1.204671587308982 0
3342 2.453932736087364 -1.182535206898328 0
3343 2.515199747892898 -1.157157579682587 0
3344 2.575054633000613 -1.128608263973922 0
3345 2.633333333330719 -1.09696551146234 0
3346 2.68987611101671 -1.062316052732907 0
3347 2.744527986235234 -1.024754859543491 0
3348 2.797139161994884 -0.9843848845139362 0
3349 2.847565434719951 -0.9413167789396569 0
3350 2.895668589501899 -0.8956685895044881 0
3351 2.941316778937104 -0.8475654347227051 0
3352 2.984384884511373 -0.7971391619978735 0
3353 3.024754859540967 -0.7445279862384261 0
3354 3.062316052730563 -0.6898761110199146 0
3355 3.096965511460179 -0.6333333333339161 0
3356 3.128608263971971 -0.5750546330037261 0
3357 3.157157579680743 -0.5151997478961158 0
3358 3.182535206896634 -0.4539327360905938 0
3359 3.2046715873074 -0.3914215262079608 0
3360 3.223506046633049 -0.327837457129314 0
3361 3.238986960929727 -0.2633548083683342 0
3362 3.251071898087412 -0.1981503223830627 0
3363 3.259727734133327 -0.1324027201375656 0
3364 3.264930744022562 -0.06629221123936978 0
3365 0.801644558293877 -0.06280314748967764 0
3366 0.8065737255573245 -0.125434155919288 0
3367 0.8147739912849651 -0.1877213580463242 0
3368 0.8262228791184375 -0.2494940289793302 0
3369 0.840889008451995 -0.3105828541210367 0
3370 0.8587321804445571 -0.3708203932479323 0
3371 0.8797034882019581 -0.4300415394523458 0
3372 0.9037454508273342 -0.4880839716889458 0
3373 0.9307921709722549 -0.5447885996854293 0
3374 0.9607695154567846 -0.5999999999979353 0
3375 0.9935953184634214 -0.6535668420159622 0
3376 1.029179606747807 -0.7053423027489056 0
3377 1.067424846249185 -0.7551844692577592 0
3378 1.10822620942448 -0.8029567276286149 0
3379 1.15147186257328 -0.8485281374218725 0
3380 1.197043272366347 -0.8917737905709868 0
3381 1.244815530736993 -0.9325751537465711 0
3382 1.294657697245592 -0.9708203932482045 0
3383 1.346433157978388 -1.006404681532922 0
3384 1.399999999996278 -1.039230484539888 0
3385 1.4552114003086 -1.069207829024718 0
3386 1.511916028304932 -1.096254549169956 0
3387 1.569958460541351 -1.120296511795639 0
3388 1.629179606745621 -1.141267819553364 0
3389 1.689417145872377 -1.159110991546255 0
3390 1.750505971014042 -1.173777120880167 0
3391 1.812278641947013 -1.185226008713991 0
3392 1.874565844073937 -1.193426274441971 0
3393 1.937196852503406 -1.198355441705765 0
3394 1.999999999994958 -1.200000000000528 0
3395 2.062803147486614 -1.198355441706261 0
3396 2.125434155916513 -1.19342627444292 0
3397 2.187721358043837 -1.185226008715357 0
3398 2.249494028977182 -1.17377712088192 0
3399 2.310582854119198 -1.159110991548371 0
3400 2.370820393246524 -1.141267819555745 0
3401 2.430041539451227 -1.120296511798285 0
3402 2.488083971688043 -1.096254549172849 0
3403 2.544788599684829 -1.069207829027798 0
3404 2.599999999997542 -1.039230484543151 0
3405 2.653566842015842 -1.006404681536326 0
3406 2.705342302749182 -0.9708203932516188 0
3407 2.755184469258327 -0.932575153749934 0
3408 2.802956727629441 -0.8917737905743055 0
3409 2.84852813742286 -0.8485281374252034 0
3410 2.891773790571991 -0.8029567276319483 0
3411 2.932575153747607 -0.7551844692610692 0
3412 2.970820393249327 -0.7053423027521238 0
3413 3.006404681534208 -0.6535668420188006 0
3414 3.039230484541214 -0.6000000000004873 0
3415 3.069207829026072 -0.544788599687679 0
3416 3.096254549171222 -0.4880839716910024 0
3417 3.120296511796803 -0.4300415394541992 0
3418 3.141267819554371 -0.3708203932496064 0
3419 3.159110991547093 -0.3105828541224708 0
3420 3.173777120880787 -0.2494940289804965 0
3421 3.185226008714386 -0.1877213580470888 0
3422 3.193426274442096 -0.1254341559197832 0
3423 3.198355441705583 -0.06280314748992125 0
3424 0.8682198606110328 -0.05931408374024312 0
3425 0.872875185248735 -0.1184655917015338 0
3426 0.8806198806581745 -0.1772923937103932 0
3427 0.8914327191675662 -0.2356332495915578 0
3428 0.9052840635381483 -0.2933282511142708 0
3429 0.9221359481977889 -0.3502192602896615 0
3430 0.9419421833020003 -0.4061503428160445 0
3431 0.9646484813370784 -0.4609681954839399 0
3432 0.9901926059183923 -0.5145225663695039 0
3433 1.018504542376001 -0.5666666666646387 0
3434 1.049506689660046 -0.6172575730149934 0
3435 1.083114073039743 -0.6661566192627675 0
3436 1.119234577013261 -0.7132297765211192 0
3437 1.157769197789921 -0.7583480205380283 0
3438 1.198612314652671 -0.8013876853427638 0
3439 1.241651979457235 -0.8422308022058163 0
3440 1.286770223473951 -0.880765422982752 0
3441 1.333843380732069 -0.9168859269565125 0
3442 1.382742426979709 -0.9504933103365214 0
3443 1.433333333329933 -0.9814954576208741 0
3444 1.485477433624898 -1.009807394078765 0
3445 1.539031804510316 -1.035351518660375 0
3446 1.593849657178038 -1.058057816695739 0
3447 1.649780739704282 -1.077864051800254 0
3448 1.706671748879547 -1.094715936460205 0
3449 1.764366750402234 -1.108567280831123 0
3450 1.822707606283373 -1.119380119340846 0
3451 1.881534408292119 -1.127124814750603 0
3452 1.940685916253273 -1.13178013938863 0
3453 1.999999999995294 -1.133333333333685 0
3454 2.059314083737407 -1.1317801393891 0
3455 2.118465591698969 -1.127124814751503 0
3456 2.177292393708092 -1.119380119342142 0
3457 2.235633249589595 -1.108567280832785 0
3458 2.293328251112623 -1.094715936462209 0
3459 2.35021926028843 -1.077864051802508 0
3460 2.406150342815089 -1.058057816698242 0
3461 2.460968195483188 -1.035351518663111 0
3462 2.514522566369044 -1.009807394081673 0
3463 2.566666666664366 -0.9814954576239623 0
3464 2.617257573014974 -0.950493310339746 0
3465 2.666156619263127 -0.9168859269597467 0
3466 2.713229776521771 -0.8807654229859316 0
3467 2.758348020538929 -0.8422308022089542 0
3468 2.801387685343823 -0.8013876853459184 0
3469 2.842230802206879 -0.7583480205411915 0
3470 2.880765422983841 -0.7132297765242648 0
3471 2.916885926957687 -0.6661566192658214 0
3472 2.950493310337853 -0.6172575730176864 0
3473 2.981495457622251 -0.5666666666670583 0
3474 3.009807394080172 -0.5145225663716319 0
3475 3.035351518661702 -0.4609681954858891 0
3476 3.058057816696973 -0.4061503428178046 0
3477 3.077864051801344 -0.350219260291252 0
3478 3.094715936461136 -0.2933282511156275 0
3479 3.108567280831849 -0.2356332495926586 0
3480 3.11938011934136 -0.1772923937111148 0
3481 3.127124814750865 -0.1184655917020008 0
3482 3.131780139388604 -0.05931408374047271 0
3483 0.9347951629281883 -0.05582501999080861 0
3484 0.9391766449401451 -0.1114970274837797 0
3485 0.9464657700313839 -0.1668634293744623 0
3486 0.9566425592166949 -0.2217724702037855 0
3487 0.9696791186243012 -0.2760736481075049 0
3488 0.9855397159510209 -0.329618127331391 0
3489 1.004180878402043 -0.3822591461797433 0
3490 1.025551511846822 -0.4338524192789342 0
3491 1.04959304086453 -0.4842565330535787 0
3492 1.076239569295217 -0.5333333333313424 0
3493 1.105418060856671 -0.5809483040140249 0
3494 1.137048539331678 -0.6269709357766293 0
3495 1.171044307777336 -0.6712750837844792 0
3496 1.207312186155362 -0.7137393134474419 0
3497 1.245752766732061 -0.7542472332636553 0
3498 1.286260686548123 -0.792687813840646 0
3499 1.32872491621091 -0.8289556922189332 0
3500 1.373029064218547 -0.8629514606648206 0
3501 1.41905169598103 -0.8945819391401212 0
3502 1.466666666663587 -0.9237604307018604 0
3503 1.515743466941196 -0.9504069591328127 0
3504 1.566147580715699 -0.974448488150794 0
3505 1.617740853814723 -0.9958191215958389 0
3506 1.670381872662944 -1.014460284047144 0
3507 1.723926351886718 -1.030320881374156 0
3508 1.778227529790425 -1.043357440782079 0
3509 1.833136570619734 -1.053534229967701 0
3510 1.888502972510302 -1.060823355059235 0
3511 1.944174980003142 -1.065204837071496 0
3512 1.99999999999563 -1.066666666666843 0
3513 2.055825019988201 -1.065204837071941 0
3514 2.111497027481426 -1.060823355060087 0
3515 2.166863429372346 -1.053534229968927 0
3516 2.221772470202009 -1.04335744078365 0
3517 2.276073648106049 -1.030320881376047 0
3518 2.329618127330335 -1.01446028404927 0
3519 2.382259146178952 -0.9958191215981993 0
3520 2.433852419278333 -0.9744484881533726 0
3521 2.48425653305326 -0.9504069591355481 0
3522 2.533333333331191 -0.9237604307047733 0
3523 2.580948304014106 -0.8945819391431659 0
3524 2.626970935777074 -0.8629514606678748 0
3525 2.671275083785214 -0.8289556922219294 0
3526 2.713739313448417 -0.7926878138436029 0
3527 2.754247233264784 -0.7542472332666337 0
3528 2.792687813841768 -0.7137393134504348 0
3529 2.828955692220074 -0.6712750837874604 0
3530 2.862951460666047 -0.6269709357795192 0
3531 2.894581939141499 -0.5809483040165723 0
3532 2.923760430703287 -0.5333333333336295 0
3533 2.950406959134273 -0.4842565330555849 0
3534 2.974448488152183 -0.4338524192807758 0
3535 2.995819121597142 -0.38225914618141 0
3536 3.014460284048314 -0.3296181273328976 0
3537 3.03032088137518 -0.2760736481087843 0
3538 3.04335744078291 -0.2217724702048209 0
3539 3.053534229968333 -0.1668634293751408 0
3540 3.060823355059633 -0.1114970274842185 0
3541 3.065204837071624 -0.05582501999102419 0
3542 -0.06383437182657052 -0.1081609762321948 0
3543 -0.05534525042840202 -0.216025490749829 0
3544 -0.04122257056412487 -0.3232978944130324 0
3545 -0.02150504151758201 -0.4296841610198488 0
3546 0.003753292334668645 -0.5348926932083435 0
3547 0.03448319965520857 -0.638635121704671 0
3548 0.07060045190407432 -0.7406270957233606 0
3549 0.112006054203324 -0.8405890623529999 0
3550 0.1585865166751117 -0.9382470327913175 0
3551 0.2102141655095991 -1.033333333329532 0
3552 0.2667474929098939 -1.125587339027183 0
3553 0.3280315449552156 -1.214756188067218 0
3554 0.3938983463187311 -1.300595474832487 0
3555 0.46416736067623 -1.382869919804549 0
3556 0.538645985543631 -1.461354014448489 0
3557 0.6171300801871682 -1.535832639316314 0
3558 0.6994045251588368 -1.606101653674247 0
3559 0.7852438119236436 -1.67196845503815 0
3560 0.87441266096341 -1.733252507084003 0
3561 0.9666666666608879 -1.789785834484877 0
3562 1.061752967198783 -1.841413483319852 0
3563 1.159410937636918 -1.887993945792195 0
3564 1.259372904266321 -1.929399548091973 0
3565 1.361364878284816 -1.965516800341384 0
3566 1.465107306780869 -1.996246707662448 0
3567 1.570315838969172 -2.021505041515256 0
3568 1.676702105575862 -2.041222570562371 0
3569 1.783974509238996 -2.055345250427232 0
3570 1.891839023756458 -2.063834371825978 0
3571 1.999999999991827 -2.066666666666944 0
3572 2.108160976227441 -2.063834371826808 0
3573 2.216025490745629 -2.055345250428819 0
3574 2.323297894409462 -2.041222570564652 0
3575 2.429684161016686 -2.021505041518202 0
3576 2.534892693205498 -1.996246707666027 0
3577 2.63863512170249 -1.965516800345418 0
3578 2.740627095721679 -1.929399548096473 0
3579 2.840589062351746 -1.887993945797119 0
3580 2.938247032790547 -1.841413483325148 0
3581 3.033333333329263 -1.789785834490403 0
3582 3.125587339027486 -1.733252507089736 0
3583 3.214756188068174 -1.671968455043893 0
3584 3.300595474833799 -1.606101653679986 0
3585 3.38286991980624 -1.535832639321999 0
3586 3.461354014450456 -1.461354014454125 0
3587 3.535832639318488 -1.382869919810107 0
3588 3.606101653676572 -1.300595474837946 0
3589 3.671968455040618 -1.214756188072571 0
3590 3.733252507086753 -1.12558733903192 0
3591 3.789785834487652 -1.033333333333811 0
3592 3.841413483322647 -0.9382470327951709 0
3593 3.88799394579485 -0.8405890623564773 0
3594 3.929399548094463 -0.7406270957264494 0
3595 3.965516800343612 -0.6386351217074437 0
3596 3.996246707664401 -0.5348926932107836 0
3597 4.021505041516875 -0.4296841610218685 0
3598 4.041222570563638 -0.3232978944143564 0
3599 4.055345250428035 -0.2160254907506904 0
3600 4.06383437182627 -0.1081609762326205 0
3601 -0.1304096741438294 -0.1116500399816358 0
3602 -0.1216467101199167 -0.2229940549675959 0
3603 -0.1070684599374394 -0.3337268587489823 0
3604 -0.08671488156681567 -0.4435449404076476 0
3605 -0.06064176275158936 -0.5521472962151426 0
3606 -0.02892056809812893 -0.6592362546629774 0
3607 0.0083617568039282 -0.764518292359706 0
3608 0.05110302369347836 -0.8677048385580574 0
3609 0.09918608172887378 -0.9685130661073 0
3610 0.1524791385902842 -1.066666666662891 0
3611 0.2108361217131713 -1.161896608028217 0
3612 0.2740970786631836 -1.253941871553424 0
3613 0.3420886155545583 -1.342550167569196 0
3614 0.4146243723106948 -1.427478626895209 0
3615 0.4915055334641416 -1.508494466527668 0
3616 0.5725213730961807 -1.585375627681556 0
3617 0.657449832421785 -1.657911384438145 0
3618 0.7460581284370802 -1.725902921329927 0
3619 0.8381033919620087 -1.789163878280494 0
3620 0.9333333333271614 -1.847520861403986 0
3621 1.031486933882422 -1.900813918265905 0
3622 1.132295161431467 -1.948896976301874 0
3623 1.235481707629566 -1.991638243191971 0
3624 1.340763745326081 -2.028920568094591 0
3625 1.447852703773623 -2.060641762748594 0
3626 1.55645505958091 -2.086714881564398 0
3627 1.666273141239433 -2.107068459935616 0
3628 1.777005945020737 -2.1216467101187 0
3629 1.888349960006512 -2.130409674143213 0
3630 1.999999999991411 -2.133333333333888 0
3631 2.111650039976565 -2.130409674144071 0
3632 2.222994054963091 -2.121646710120341 0
3633 2.333726858745107 -2.107068459937977 0
3634 2.443544940404209 -2.086714881567443 0
3635 2.552147296212045 -2.060641762752286 0
3636 2.659236254660554 -2.028920568098753 0
3637 2.764518292357801 -1.991638243196607 0
3638 2.867704838556595 -1.948896976306943 0
3639 2.968513066106333 -1.900813918271352 0
3640 3.066666666662436 -1.847520861409672 0
3641 3.161896608028349 -1.789163878286395 0
3642 3.253941871554232 -1.725902921335837 0
3643 3.342550167570356 -1.65791138444406 0
3644 3.427478626896734 -1.585375627687437 0
3645 3.508494466529479 -1.508494466533493 0
3646 3.585375627683582 -1.427478626900951 0
3647 3.657911384440324 -1.342550167574831 0
3648 3.725902921332254 -1.253941871558942 0
3649 3.789163878283099 -1.161896608033107 0
3650 3.84752086140661 -1.066666666667309 0
3651 3.900813918268535 -0.9685130661112956 0
3652 3.948896976304361 -0.8677048385616655 0
3653 3.991638243194287 -0.7645182923629095 0
3654 4.028920568096643 -0.6592362546658441 0
3655 4.060641762750359 -0.5521472962176601 0
3656 4.086714881565817 -0.4435449404097353 0
3657 4.107068459936669 -0.3337268587503492 0
3658 4.121646710119268 -0.2229940549684849 0
3659 4.130409674143251 -0.1116500399820755 0
3660 -0.1969849764610881 -0.1151391037310768 0
3661 -0.1879481698114313 -0.2299626191853628 0
3662 -0.1729143493107537 -0.3441558230849322 0
3663 -0.1519247216160493 -0.4574057197954464 0
3664 -0.1250368178378472 -0.5694018992219416 0
3665 -0.09232433585146627 -0.6798373876212838 0
3666 -0.05387693829621798 -0.7884094889960516 0
3667 -0.00980000681636739 -0.8948206147631147 0
3668 0.03978564678263585 -0.9987790994232825 0
3669 0.09474411167096941 -1.099999999996249 0
3670 0.1549247505164489 -1.198205877029251 0
3671 0.2201626123711516 -1.29312755503963 0
3672 0.2902788847903857 -1.384504860305904 0
3673 0.3650813839451599 -1.472087333985869 0
3674 0.4443650813846521 -1.555634918606847 0
3675 0.5279126660051929 -1.634918616046798 0
3676 0.6154951396847332 -1.709721115202044 0
3677 0.7068724449505164 -1.779837387621704 0
3678 0.8017941229606074 -1.845075249476984 0
3679 0.8999999999934347 -1.905255888323096 0
3680 1.001220900566062 -1.960214353211958 0
3681 1.105179385226016 -2.009800006811553 0
3682 1.211590510992811 -2.053876938291968 0
3683 1.320162612367347 -2.092324335847797 0
3684 1.430598100766376 -2.12503681783474 0
3685 1.542594280192648 -2.15192472161354 0
3686 1.655844176903005 -2.172914349308861 0
3687 1.770037380802478 -2.187948169810166 0
3688 1.884860896256566 -2.196984976460448 0
3689 1.999999999990995 -2.200000000000832 0
3690 2.115139103725691 -2.196984976461334 0
3691 2.22996261918055 -2.187948169811863 0
3692 2.344155823080754 -2.172914349311301 0
3693 2.457405719791731 -2.151924721616683 0
3694 2.569401899218593 -2.125036817838545 0
3695 2.679837387618617 -2.092324335852087 0
3696 2.788409488993924 -2.053876938296741 0
3697 2.894820614761442 -2.009800006816766 0
3698 2.998779099422118 -1.960214353217557 0
3699 3.099999999995609 -1.905255888328941 0
3700 3.198205877029212 -1.845075249483054 0
3701 3.293127555040287 -1.779837387627782 0
3702 3.384504860306911 -1.709721115208135 0
3703 3.472087333987226 -1.634918616052874 0
3704 3.555634918608501 -1.555634918612862 0
3705 3.634918616048674 -1.472087333991794 0
3706 3.709721115204077 -1.384504860311715 0
3707 3.779837387623887 -1.293127555045312 0
3708 3.845075249479444 -1.198205877034295 0
3709 3.905255888325566 -1.100000000000806 0
3710 3.960214353214423 -0.9987790994274202 0
3711 4.009800006813871 -0.8948206147668535 0
3712 4.053876938294112 -0.7884094889993695 0
3713 4.092324335849671 -0.6798373876242444 0
3714 4.125036817836319 -0.5694018992245367 0
3715 4.151924721614758 -0.4574057197976021 0
3716 4.172914349309698 -0.344155823086342 0
3717 4.187948169810504 -0.2299626191862792 0
3718 4.196984976460232 -0.1151391037315304 0
3719 -0.2635602787783468 -0.1186281674805178 0
3720 -0.2542496295029457 -0.2369311834031296 0
3721 -0.238760238684068 -0.3545847874208821 0
3722 -0.2171345616652827 -0.471266499183245 0
3723 -0.189431872924105 -0.5866565022287406 0
3724 -0.1557281036048037 -0.70043852057959 0
3725 -0.116115633396364 -0.812300685632397 0
3726 -0.07070303732621286 -0.9219363909681721 0
3727 -0.01961478816360174 -1.029045132739265 0
3728 0.03700908475165454 -1.133333333329607 0
3729 0.09901337931972665 -1.234515146030285 0
3730 0.1662281460791197 -1.332313238525836 0
3731 0.2384691540262127 -1.426459553042613 0
3732 0.3155383955796246 -1.516696041076529 0
3733 0.3972246293051627 -1.602775370686025 0
3734 0.4833039589142054 -1.68446160441204 0
3735 0.5735404469476817 -1.761530845965942 0
3736 0.6676867614639528 -1.833771853913481 0
3737 0.7654848539592061 -1.900986620673474 0
3738 0.8666666666597074 -1.962990915242205 0
3739 0.9709548672497015 -2.019614788158012 0
3740 1.078063609020565 -2.070703037321231 0
3741 1.187699314356056 -2.116115633391965 0
3742 1.299561479408612 -2.155728103601004 0
3743 1.41334349775913 -2.189431872920886 0
3744 1.528733500804386 -2.217134561662682 0
3745 1.645415212566577 -2.238760238682105 0
3746 1.763068816584219 -2.254249629501634 0
3747 1.88137183250662 -2.263560278777682 0
3748 1.999999999990579 -2.266666666667776 0
3749 2.118628167474815 -2.263560278778597 0
3750 2.236931183398011 -2.254249629503385 0
3751 2.3545847874164 -2.238760238684626 0
3752 2.471266499179254 -2.217134561665923 0
3753 2.58665650222514 -2.189431872924803 0
3754 2.700438520576681 -2.155728103605421 0
3755 2.812300685630044 -2.116115633396875 0
3756 2.92193639096629 -2.07070303732659 0
3757 3.029045132737905 -2.019614788163761 0
3758 3.133333333328783 -1.962990915248209 0
3759 3.234515146030075 -1.900986620679713 0
3760 3.332313238526342 -1.833771853919726 0
3761 3.426459553043468 -1.761530845972209 0
3762 3.516696041077719 -1.684461604418312 0
3763 3.602775370687522 -1.602775370692231 0
3764 3.684461604413766 -1.516696041082638 0
3765 3.76153084596783 -1.4264595530486 0
3766 3.833771853915522 -1.332313238531682 0
3767 3.900986620675789 -1.234515146035482 0
3768 3.962990915244524 -1.133333333334303 0
3769 4.019614788160311 -1.029045132743545 0
3770 4.070703037323382 -0.9219363909720415 0
3771 4.116115633393936 -0.8123006856358295 0
3772 4.155728103602701 -0.7004385205826447 0
3773 4.189431872922279 -0.5866565022314132 0
3774 4.2171345616637 -0.4712664991854689 0
3775 4.238760238682728 -0.3545847874223348 0
3776 4.254249629501738 -0.2369311834040737 0
3777 4.263560278777212 -0.1186281674809854 0
3778 -0.3301355810956056 -0.1221172312299588 0
3779 -0.3205510891944604 -0.2438997476208965 0
3780 -0.3046061280573824 -0.365013751756832 0
3781 -0.2823444017145165 -0.4851272785710439 0
3782 -0.2538269280103629 -0.6039111052355395 0
3783 -0.2191318713581412 -0.7210396535378963 0
3784 -0.1783543284965101 -0.8361918822687424 0
3785 -0.1316060678360587 -0.9490521671732296 0
3786 -0.07901522310983966 -1.059311166055247 0
3787 -0.02072594216766049 -1.166666666662965 0
3788 0.04310200812300402 -1.270824415031319 0
3789 0.1122936797870878 -1.371498922012042 0
3790 0.1866594232620399 -1.468414245779321 0
3791 0.2659954072140894 -1.561304748167189 0
3792 0.3500841772256733 -1.649915822765204 0
3793 0.4386952518232176 -1.734004592777282 0
3794 0.5315857542106299 -1.81334057672984 0
3795 0.628501077977389 -1.887706320205258 0
3796 0.7291755849578048 -1.956897991869964 0
3797 0.8333333333259803 -2.020725942161314 0
3798 0.9406888339333417 -2.079015223104065 0
3799 1.050947832815113 -2.13160606783091 0
3800 1.163808117719302 -2.178354328491963 0
3801 1.278960346449878 -2.21913187135421 0
3802 1.396088894751883 -2.253826928007032 0
3803 1.514872721416124 -2.282344401711824 0
3804 1.634986248230148 -2.30460612805535 0
3805 1.75610025236596 -2.320551089193101 0
3806 1.877882768756673 -2.330135581094917 0
3807 1.999999999990163 -2.33333333333472 0
3808 2.122117231223939 -2.330135581095861 0
3809 2.243899747615472 -2.320551089194907 0
3810 2.365013751752045 -2.304606128057951 0
3811 2.485127278566776 -2.282344401715164 0
3812 2.603911105231687 -2.253826928011062 0
3813 2.721039653534744 -2.219131871358756 0
3814 2.836191882266166 -2.178354328497009 0
3815 2.949052167171137 -2.131606067836413 0
3816 3.059311166053691 -2.079015223109965 0
3817 3.166666666661955 -2.020725942167478 0
3818 3.270824415030939 -1.956897991876373 0
3819 3.371498922012398 -1.887706320211671 0
3820 3.468414245780026 -1.813340576736283 0
3821 3.561304748168213 -1.73400459278375 0
3822 3.649915822766544 -1.649915822771599 0
3823 3.734004592778858 -1.561304748173482 0
3824 3.813340576731581 -1.468414245785484 0
3825 3.887706320207157 -1.371498922018052 0
3826 3.956897991872134 -1.270824415036669 0
3827 4.020725942163481 -1.166666666667801 0
3828 4.079015223106198 -1.05931116605967 0
3829 4.13160606783289 -0.9490521671772295 0
3830 4.178354328493761 -0.8361918822722896 0
3831 4.219131871355731 -0.721039653541045 0
3832 4.253826928008237 -0.6039111052382897 0
3833 4.282344401712641 -0.4851272785733357 0
3834 4.304606128055758 -0.3650137517583276 0
3835 4.32055108919297 -0.2438997476218681 0
3836 4.330135581094193 -0.1221172312304404 0
3837 -0.3967108834128643 -0.1256062949793998 0
3838 -0.3868525488859749 -0.2508683118386633 0
3839 -0.3704520174306968 -0.375442716092782 0
3840 -0.34755424176375 -0.4989880579588427 0
3841 -0.3182219830966208 -0.6211657082423385 0
3842 -0.2825356391114786 -0.7416407864962027 0
3843 -0.2405930235966562 -0.8600830789050879 0
3844 -0.1925090983459044 -0.9761679433782871 0
3845 -0.1384156580560775 -1.08957719937123 0
3846 -0.0784609690869752 -1.199999999996324 0
3847 -0.01280936307371822 -1.307133684032354 0
3848 0.05835921349505613 -1.410684605498248 0
3849 0.1348496924978674 -1.510368938516029 0
3850 0.2164524188485544 -1.605913455257849 0
3851 0.302943725146184 -1.697056274844383 0
3852 0.39408654473223 -1.783547581142524 0
3853 0.4896310614735784 -1.865150307493738 0
3854 0.5893153944908254 -1.941640786497035 0
3855 0.6928663159564037 -2.012809363066454 0
3856 0.7999999999922536 -2.078460969080423 0
3857 0.9104228006169812 -2.138415658050118 0
3858 1.023832056609662 -2.192509098340588 0
3859 1.139916921082547 -2.24059302359196 0
3860 1.258359213491143 -2.282535639107417 0
3861 1.378834291744638 -2.318221983093178 0
3862 1.501011942027863 -2.347554241760966 0
3863 1.62455728389372 -2.370452017428594 0
3864 1.749131688147701 -2.386852548884568 0
3865 1.874393705006728 -2.396710883412152 0
3866 1.999999999989747 -2.400000000001665 0
3867 2.125606294973065 -2.396710883413124 0
3868 2.250868311832932 -2.386852548886429 0
3869 2.375442716087691 -2.370452017431275 0
3870 2.498988057954299 -2.347554241764405 0
3871 2.621165708238236 -2.318221983097321 0
3872 2.741640786492808 -2.282535639112091 0
3873 2.860083078902289 -2.240593023597143 0
3874 2.976167943375986 -2.192509098346237 0
3875 3.089577199369477 -2.13841565805617 0
3876 3.199999999995129 -2.078460969086747 0
3877 3.307133684031803 -2.012809363073032 0
3878 3.410684605498453 -1.941640786503615 0
3879 3.510368938516582 -1.865150307500357 0
3880 3.605913455258705 -1.783547581149187 0
3881 3.697056274845567 -1.697056274850968 0
3882 3.78354758114395 -1.605913455264325 0
3883 3.865150307495335 -1.510368938522369 0
3884 3.941640786498793 -1.410684605504423 0
3885 4.01280936306848 -1.307133684037856 0
3886 4.078460969082438 -1.200000000001298 0
3887 4.138415658052086 -1.089577199375794 0
3888 4.192509098342399 -0.9761679433824176 0
3889 4.240593023593585 -0.8600830789087497 0
3890 4.28253563910876 -0.7416407864994452 0
3891 4.318221983094199 -0.6211657082451663 0
3892 4.347554241761583 -0.4989880579612025 0
3893 4.370452017428788 -0.3754427160943205 0
3894 4.386852548884207 -0.2508683118396625 0
3895 4.396710883411171 -0.1256062949798953 0
3896 -0.4632861857301229 -0.1290953587288408 0
3897 -0.4531540085774894 -0.2578368760564302 0
3898 -0.4362979068040111 -0.3858716804287319 0
3899 -0.4127640818129834 -0.5128488373466414 0
3900 -0.3826170381828786 -0.6384203112491376 0
3901 -0.3459394068648159 -0.762241919454509 0
3902 -0.3028317186968024 -0.8839742755414333 0
3903 -0.2534121288557498 -1.003283719583344 0
3904 -0.1978160930023152 -1.119843232687212 0
3905 -0.1361959960062901 -1.233333333329682 0
3906 -0.06872073427044068 -1.343442953033387 0
3907 0.004424747203024104 -1.449870288984454 0
3908 0.08303996173369455 -1.552323631252738 0
3909 0.1669094304830192 -1.650522162348509 0
3910 0.2558032730666946 -1.744196726923562 0
3911 0.3494778376412424 -1.833090569507766 0
3912 0.4476763687365266 -1.916960038257637 0
3913 0.5501297110042618 -1.995575252788812 0
3914 0.6565570469550024 -2.068720734262945 0
3915 0.7666666666585271 -2.136195995999532 0
3916 0.8801567673006214 -2.197816092996171 0
3917 0.9967162804042111 -2.253412128850267 0
3918 1.116025724445792 -2.302831718691958 0
3919 1.237758080532408 -2.345939406860623 0
3920 1.361579688737391 -2.382617038179323 0
3921 1.487151162639601 -2.412764081810109 0
3922 1.614128319557292 -2.436297906801839 0
3923 1.742163123929442 -2.453154008576035 0
3924 1.870904641256781 -2.463286185729387 0
3925 1.999999999989331 -2.466666666668609 0
3926 2.129095358722189 -2.463286185730387 0
3927 2.257836876050392 -2.45315400857795 0
3928 2.385871680423337 -2.436297906804599 0
3929 2.512848837341821 -2.412764081813645 0
3930 2.638420311244783 -2.38261703818358 0
3931 2.76224191945087 -2.345939406865425 0
3932 2.88397427553841 -2.302831718697277 0
3933 3.003283719580835 -2.253412128856061 0
3934 3.119843232685263 -2.197816093002374 0
3935 3.233333333328301 -2.136195996006016 0
3936 3.343442953032665 -2.068720734269692 0
3937 3.449870288984509 -1.995575252795559 0
3938 3.55232363125314 -1.916960038264432 0
3939 3.650522162349199 -1.833090569514625 0
3940 3.744196726924588 -1.744196726930337 0
3941 3.833090569509043 -1.650522162355168 0
3942 3.916960038259086 -1.552323631259253 0
3943 3.995575252790428 -1.449870288990793 0
3944 4.068720734264827 -1.343442953039043 0
3945 4.136195996001396 -1.233333333334795 0
3946 4.197816092997974 -1.119843232691919 0
3947 4.25341212885191 -1.003283719587606 0
3948 4.30283171869341 -0.8839742755452096 0
3949 4.34593940686179 -0.7622419194578456 0
3950 4.382617038180158 -0.6384203112520428 0
3951 4.412764081810526 -0.5128488373490692 0
3952 4.436297906801819 -0.3858716804303132 0
3953 4.45315400857544 -0.2578368760574569 0
3954 4.463286185728155 -0.1290953587293503 0
3955 -0.5298614880470059 -0.1325844224782624 0
3956 -0.5194554682686235 -0.2648054402741584 0
3957 -0.5021437961769415 -0.396300644764624 0
3958 -0.4779739218618306 -0.5267096167343632 0
3959 -0.4470120932687482 -0.6556749142558407 0
3960 -0.4093431746177646 -0.782843052412701 0
3961 -0.3650704137965599 -0.9078654721776462 0
3962 -0.3143151593652083 -1.030399495788251 0
3963 -0.2572165279481679 -1.150109266003027 0
3964 -0.193931022925223 -1.266666666662855 0
3965 -0.124632105466785 -1.37975222203422 0
3966 -0.04950971908863439 -1.489055972470442 0
3967 0.03123023096988964 -1.594278323989213 0
3968 0.1173664421178453 -1.695130869438922 0
3969 0.2086628209875594 -1.791337179002479 0
3970 0.3048691305506011 -1.882633557872734 0
3971 0.4057216759998122 -1.968769769021247 0
3972 0.5109440275180267 -2.04950971908029 0
3973 0.6202477779539199 -2.124632105459124 0
3974 0.7333333333251084 -2.193931022918321 0
3975 0.8498907339845585 -2.257216527941894 0
3976 0.9696005041990461 -2.314315159359608 0
3977 1.092134527809311 -2.36507041379161 0
3978 1.217156947573935 -2.409343174613478 0
3979 1.344325085730394 -2.447012093265112 0
3980 1.473290383251577 -2.477973921858889 0
3981 1.603699355221088 -2.502143796174718 0
3982 1.735194559711394 -2.519455468267134 0
3983 1.867415577507033 -2.529861488046251 0
3984 1.9999999999891 -2.533333333335183 0
3985 2.132584422471486 -2.52986148804728 0
3986 2.264805440268011 -2.519455468269105 0
3987 2.396300644759128 -2.502143796177559 0
3988 2.526709616729476 -2.477973921862523 0
3989 2.655674914251451 -2.447012093269481 0
3990 2.782843052409042 -2.409343174618408 0
3991 2.907865472174627 -2.365070413797065 0
3992 3.030399495785766 -2.314315159365547 0
3993 3.150109266001121 -2.257216527948248 0
3994 3.266666666661536 -2.193931022924964 0
3995 3.37975222203358 -2.12463210546604 0
3996 3.489055972470606 -2.049509719087204 0
3997 3.594278323989728 -1.968769769028218 0
3998 3.695130869439715 -1.882633557879787 0
3999 3.791337179003626 -1.791337179009444 0
4000 3.882633557874143 -1.695130869445765 0
4001 3.968769769022841 -1.594278323995905 0
4002 4.049509719082059 -1.489055972476946 0
4003 4.124632105461163 -1.379752222040029 0
4004 4.193931022920341 -1.266666666668107 0
4005 4.257216527943847 -1.150109266007876 0
4006 4.314315159361403 -1.030399495792643 0
4007 4.365070413793216 -0.9078654721815371 0
4008 4.409343174614799 -0.7828430524161316 0
4009 4.4470120932661 -0.6556749142588235 0
4010 4.477973921859451 -0.5267096167368591 0
4011 4.502143796174835 -0.3963006447662482 0
4012 4.519455468266663 -0.2648054402752127 0
4013 4.529861488045129 -0.1325844224787859 0
4014 -0.5964367903635134 -0.1360734862276646 0
4015 -0.5857569279593778 -0.2717740044918479 0
4016 -0.5679896855494881 -0.4067296091004581 0
4017 -0.5431837619102911 -0.5405703961220083 0
4018 -0.5114071483542296 -0.6729295172624482 0
4019 -0.4727469423703242 -0.8034441853707787 0
4020 -0.4273091088959289 -0.9317566688137267 0
4021 -0.3752181898742792 -1.057515271993008 0
4022 -0.3166169628936355 -1.180375299318673 0
4023 -0.2516660498437737 -1.299999999995844 0
4024 -0.1805434766627512 -1.416061491034851 0
4025 -0.1034441853799198 -1.528241655956213 0
4026 -0.02057949979354801 -1.636233016725456 0
4027 0.06782345375303278 -1.739739576529087 0
4028 0.1615223689087781 -1.838477631081134 0
4029 0.2602604234603056 -1.932176546237426 0
4030 0.363766983263436 -2.020579499784571 0
4031 0.4717583440321196 -2.103444185371468 0
4032 0.5839385089531557 -2.180543476654994 0
4033 0.6999999999919977 -2.25166604983679 0
4034 0.8196247006687929 -2.316616962887288 0
4035 0.9424847279941668 -2.37521818986861 0
4036 1.068243331173105 -2.427309108890916 0
4037 1.196555814615726 -2.472746942365981 0
4038 1.327070482723648 -2.511407148350544 0
4039 1.459429603863789 -2.543183761907308 0
4040 1.593270390885108 -2.567989685547232 0
4041 1.728225995493558 -2.585756927957866 0
4042 1.863926513757483 -2.596436790362747 0
4043 1.999999999989054 -2.600000000001387 0
4044 2.136073486220955 -2.596436790363804 0
4045 2.271774004485789 -2.585756927959891 0
4046 2.406729609095065 -2.567989685550153 0
4047 2.540570396117264 -2.54318376191104 0
4048 2.672929517258239 -2.511407148355025 0
4049 2.803444185367321 -2.472746942371038 0
4050 2.931756668810939 -2.427309108896508 0
4051 3.057515271990781 -2.375218189874694 0
4052 3.180375299317053 -2.316616962893794 0
4053 3.299999999994832 -2.251666049843592 0
4054 3.416061491034545 -2.180543476662079 0
4055 3.528241655956744 -2.10344418537855 0
4056 3.636233016726349 -2.020579499791718 0
4057 3.739739576530255 -1.932176546244675 0
4058 3.838477631082679 -1.83847763108829 0
4059 3.932176546239254 -1.739739576536113 0
4060 4.020579499786598 -1.636233016732324 0
4061 4.103444185373686 -1.528241655962881 0
4062 4.180543476657491 -1.416061491040813 0
4063 4.251666049839272 -1.300000000001235 0
4064 4.316616962889704 -1.180375299323664 0
4065 4.375218189870877 -1.05751527199753 0
4066 4.427309108893002 -0.931756668817732 0
4067 4.472746942367792 -0.8034441853743032 0
4068 4.511407148352022 -0.6729295172655085 0
4069 4.54318376190836 -0.540570396124572 0
4070 4.567989685547837 -0.4067296091021252 0
4071 4.585756927957876 -0.2717740044929298 0
4072 4.596436790362097 -0.1360734862282022 0
4073 -0.6630120926800209 -0.1395625499770669 0
4074 -0.6520583876501318 -0.2787425687095374 0
4075 -0.6338355749220346 -0.4171585734362923 0
4076 -0.6083936019587517 -0.5544311755096532 0
4077 -0.5758022034397114 -0.6901841202690557 0
4078 -0.5361507101228842 -0.8240453183288565 0
4079 -0.489547803995298 -0.9556478654498068 0
4080 -0.4361212203833505 -1.084631048197764 0
4081 -0.3760173978391029 -1.21064133263432 0
4082 -0.3094010767623245 -1.333333333328832 0
4083 -0.2364548478587175 -1.452370760035482 0
4084 -0.157378651671205 -1.567427339441984 0
4085 -0.07238923055698526 -1.678187709461699 0
4086 0.01828046538822037 -1.784348283619252 0
4087 0.1143819168299971 -1.88561808315979 0
4088 0.2156517163700106 -1.981719534602118 0
4089 0.3218122905270595 -2.072389230547894 0
4090 0.4325726605462128 -2.157378651662646 0
4091 0.5476292399523921 -2.236454847850863 0
4092 0.6666666666588879 -2.309401076755258 0
4093 0.7893586673530277 -2.376017397832682 0
4094 0.9153689517892882 -2.436121220377613 0
4095 1.0443521345369 -2.489547803990223 0
4096 1.175954681657516 -2.536150710118483 0
4097 1.309815879716902 -2.575802203435975 0
4098 1.445568824476002 -2.608393601955726 0
4099 1.582841426549129 -2.633835574919746 0
4100 1.721257431275721 -2.652058387648597 0
4101 1.860437450007934 -2.663012092679243 0
4102 1.999999999989008 -2.666666666667592 0
4103 2.139562549970424 -2.663012092680329 0
4104 2.278742568703568 -2.652058387650677 0
4105 2.417158573431002 -2.633835574922746 0
4106 2.554431175505052 -2.608393601959557 0
4107 2.690184120265027 -2.575802203440569 0
4108 2.8240453183256 -2.536150710123669 0
4109 2.955647865447252 -2.489547803995952 0
4110 3.084631048195798 -2.436121220383842 0
4111 3.210641332632984 -2.376017397839339 0
4112 3.333333333328129 -2.30940107676222 0
4113 3.452370760035512 -2.236454847858118 0
4114 3.567427339442885 -2.157378651669896 0
4115 3.678187709462971 -2.072389230555217 0
4116 3.784348283620796 -1.981719534609563 0
4117 3.885618083161734 -1.885618083167135 0
4118 3.981719534604364 -1.784348283626461 0
4119 4.072389230550357 -1.678187709468743 0
4120 4.157378651665316 -1.567427339448817 0
4121 4.23645484785382 -1.452370760041597 0
4122 4.309401076758206 -1.333333333334362 0
4123 4.376017397835563 -1.210641332639453 0
4124 4.436121220380354 -1.084631048202418 0
4125 4.489547803992792 -0.9556478654539269 0
4126 4.536150710120783 -0.8240453183324747 0
4127 4.575802203437948 -0.6901841202721936 0
4128 4.608393601957268 -0.554431175512285 0
4129 4.633835574920839 -0.4171585734380023 0
4130 4.652058387649092 -0.2787425687106468 0
4131 4.663012092679067 -0.1395625499776184 0
4132 -0.7295873949965284 -0.1430516137264692 0
4133 -0.7183598473408855 -0.2857111329272269 0
4134 -0.6996814642945812 -0.4275875377721265 0
4135 -0.6736034420072121 -0.5682919548972981 0
4136 -0.6401972585251926 -0.7074387232756632 0
4137 -0.5995544778754436 -0.8446464512869341 0
4138 -0.5517864990946669 -0.9795390620858871 0
4139 -0.4970242508924215 -1.111746824402521 0
4140 -0.4354178327845704 -1.240907365949966 0
4141 -0.3671361036808753 -1.36666666666182 0
4142 -0.2923662190546836 -1.488680029036113 0
4143 -0.2113131179624902 -1.606613022927755 0
4144 -0.1241989613204226 -1.720142402197941 0
4145 -0.03126252297659216 -1.828956990709417 0
4146 0.06724146475121584 -1.932758535238445 0
4147 0.1710430092797155 -2.03126252296681 0
4148 0.279857597790683 -2.124198961311217 0
4149 0.393386977060306 -2.211313117953825 0
4150 0.5113199709516281 -2.292366219046733 0
4151 0.6333333333257778 -2.367136103673726 0
4152 0.7590926340372623 -2.435417832778076 0
4153 0.8882531755844094 -2.497024250886616 0
4154 1.020460937900693 -2.551786499089529 0
4155 1.155353548699305 -2.599554477870987 0
4156 1.292561276710155 -2.640197258521406 0
4157 1.431708045088215 -2.673603442004144 0
4158 1.572412462213149 -2.699681464292259 0
4159 1.714288867057885 -2.718359847339328 0
4160 1.856948386258384 -2.729587394995739 0
4161 1.999999999988962 -2.733333333333796 0
4162 2.143051613719891 -2.729587394996853 0
4163 2.285711132921344 -2.718359847341463 0
4164 2.427587537766939 -2.69968146429534 0
4165 2.568291954892839 -2.673603442008073 0
4166 2.707438723271814 -2.640197258526113 0
4167 2.844646451283879 -2.5995544778763 0
4168 2.979539062083564 -2.551786499095395 0
4169 3.111746824400813 -2.49702425089299 0
4170 3.240907365948915 -2.435417832784884 0
4171 3.366666666661426 -2.367136103680848 0
4172 3.488680029036478 -2.292366219054156 0
4173 3.606613022929023 -2.211313117961242 0
4174 3.720142402199593 -2.124198961318716 0
4175 3.828956990711337 -2.03126252297445 0
4176 3.932758535240787 -1.932758535245981 0
4177 4.031262522969474 -1.82895699071681 0
4178 4.124198961314113 -1.720142402205162 0
4179 4.211313117956944 -1.606613022934752 0
4180 4.292366219050148 -1.488680029042382 0
4181 4.36713610367714 -1.366666666667489 0
4182 4.435417832781418 -1.240907365955242 0
4183 4.497024250889829 -1.111746824407305 0
4184 4.551786499092578 -0.9795390620901218 0
4185 4.599554477873774 -0.8446464512906464 0
4186 4.640197258523868 -0.7074387232788786 0
4187 4.673603442006175 -0.568291954899998 0
4188 4.699681464293842 -0.4275875377738793 0
4189 4.718359847340303 -0.2857111329283639 0
4190 4.729587394996038 -0.1430516137270346 0
4191 -0.796162697313036 -0.1465406774758714 0
4192 -0.7846613070316398 -0.2926796971449164 0
4193 -0.7655273536671274 -0.4380165021079607 0
4194 -0.7388132820556725 -0.5821527342849431 0
4195 -0.7045923136106743 -0.7246933262822706 0
4196 -0.6629582456280034 -0.8652475842450118 0
4197 -0.6140251941940358 -1.003430258721967 0
4198 -0.5579272814014924 -1.138862600607277 0
4199 -0.4948182677300381 -1.271173399265613 0
4200 -0.4248711305994259 -1.399999999994808 0
4201 -0.3482775902506497 -1.524989298036744 0
4202 -0.2652475842537755 -1.645798706413526 0
4203 -0.1760086920838599 -1.762097094934184 0
4204 -0.08080551134140479 -1.873565697799582 0
4205 0.02010101267243458 -1.979898987317101 0
4206 0.1264343021894204 -2.080805511331502 0
4207 0.237902905054307 -2.17600869207454 0
4208 0.3542012935743996 -2.265247584245003 0
4209 0.4750107019508643 -2.348277590242603 0
4210 0.5999999999926673 -2.424871130592195 0
4211 0.7288266007214967 -2.49481826772347 0
4212 0.8611373993795302 -2.557927281395619 0
4213 0.9965697412644874 -2.614025194188836 0
4214 1.134752415741095 -2.662958245623489 0
4215 1.275306673703408 -2.704592313606837 0
4216 1.417847265700427 -2.738813282052563 0
4217 1.561983497877169 -2.765527353664773 0
4218 1.707320302840049 -2.784661307030059 0
4219 1.853459322508834 -2.796162697312234 0
4220 1.999999999988916 -2.8 0
4221 2.14654067746936 -2.796162697313378 0
4222 2.292679697139123 -2.784661307032249 0
4223 2.438016502102875 -2.765527353667933 0
4224 2.582152734280628 -2.73881328205659 0
4225 2.724693326278602 -2.704592313611657 0
4226 2.865247584242158 -2.66295824562893 0
4227 3.003430258719877 -2.614025194194838 0
4228 3.138862600605828 -2.557927281402137 0
4229 3.271173399264847 -2.494818267730428 0
4230 3.399999999994722 -2.424871130599476 0
4231 3.524989298037444 -2.348277590250195 0
4232 3.645798706415161 -2.265247584252588 0
4233 3.762097094936214 -2.176008692082215 0
4234 3.873565697801877 -2.080805511339338 0
4235 3.97989898731984 -1.979898987324826 0
4236 4.080805511334583 -1.873565697807158 0
4237 4.17600869207787 -1.762097094941581 0
4238 4.265247584248572 -1.645798706420687 0
4239 4.348277590246479 -1.524989298043166 0
4240 4.424871130596072 -1.400000000000617 0
4241 4.494818267727279 -1.271173399271031 0
4242 4.557927281399304 -1.138862600612192 0
4243 4.614025194192366 -1.003430258726317 0
4244 4.662958245626765 -0.865247584248818 0
4245 4.704592313609792 -0.7246933262855636 0
4246 4.738813282055084 -0.5821527342877109 0
4247 4.765527353666843 -0.4380165021097563 0
4248 4.784661307031516 -0.2926796971460809 0
4249 4.796162697313005 -0.1465406774764509 0
4250 -0.8627379996295429 -0.1500297412252737 0
4251 -0.8509627667223936 -0.2996482613626059 0
4252 -0.8313732430396736 -0.4484454664437948 0
4253 -0.8040231221041323 -0.5960135136725879 0
4254 -0.7689873686961554 -0.741947929288878 0
4255 -0.7263620133805626 -0.8858487172030893 0
4256 -0.6762638892934043 -1.027321455358047 0
4257 -0.618830311910563 -1.165978376812034 0
4258 -0.5542187026755051 -1.301439432581259 0
4259 -0.4826061575179764 -1.433333333327797 0
4260 -0.4041889614466155 -1.561298567037375 0
4261 -0.3191820505450602 -1.684984389899297 0
4262 -0.227818422847297 -1.804051787670427 0
4263 -0.1303484997062169 -1.918174404889747 0
4264 -0.02703943940634601 -2.027039439395756 0
4265 0.08182559509912557 -2.130348499696194 0
4266 0.1959482123179309 -2.227818422837863 0
4267 0.3150156100884932 -2.319182050536181 0
4268 0.4387014329501009 -2.404188961438472 0
4269 0.5666666666595579 -2.482606157510663 0
4270 0.6985605674057322 -2.554218702668864 0
4271 0.8340216231746518 -2.618830311904621 0
4272 0.9726785446282817 -2.676263889288142 0
4273 1.114151282782886 -2.726362013375991 0
4274 1.258052070696663 -2.768987368692267 0
4275 1.403986486312641 -2.804023122100981 0
4276 1.551554533541191 -2.831373243037286 0
4277 1.700351738622213 -2.850962766720791 0
4278 1.849970258759284 -2.86273799962873 0
4279 1.99999999998887 -2.866666666666204 0
4280 2.150029741218829 -2.862737999629901 0
4281 2.2996482613569 -2.850962766723034 0
4282 2.448445466438813 -2.831373243040527 0
4283 2.596013513668416 -2.804023122105106 0
4284 2.741947929285389 -2.768987368697201 0
4285 2.885848717200437 -2.726362013381561 0
4286 3.027321455356191 -2.676263889294281 0
4287 3.165978376810845 -2.618830311911285 0
4288 3.301439432580778 -2.554218702675974 0
4289 3.433333333328019 -2.482606157518103 0
4290 3.561298567038411 -2.404188961446234 0
4291 3.6849843899013 -2.319182050543933 0
4292 3.804051787672837 -2.227818422845715 0
4293 3.918174404892418 -2.130348499704226 0
4294 4.027039439398894 -2.027039439403671 0
4295 4.130348499699693 -1.918174404897506 0
4296 4.227818422841627 -1.804051787678 0
4297 4.3191820505402 -1.684984389906623 0
4298 4.404188961442808 -1.56129856704395 0
4299 4.482606157515004 -1.433333333333744 0
4300 4.554218702673136 -1.301439432586819 0
4301 4.618830311908781 -1.165978376817078 0
4302 4.676263889292154 -1.027321455362511 0
4303 4.726362013379759 -0.8858487172069895 0
4304 4.768987368695714 -0.7419479292922485 0
4305 4.804023122103994 -0.5960135136754238 0
4306 4.831373243039845 -0.4484454664456334 0
4307 4.850962766722732 -0.299648261363798 0
4308 4.862737999629974 -0.1500297412258671 0
4309 -0.929313301946708 -0.1535188049747098 0
4310 -0.917264226413813 -0.3066168255803631 0
4311 -0.8972191324128924 -0.4588744307797303 0
4312 -0.8692329621532697 -0.6098742930603676 0
4313 -0.8333824237823163 -0.759202532295653 0
4314 -0.789765781133803 -0.9064498501613671 0
4315 -0.7385025843934534 -1.05121265199436 0
4316 -0.6797333424203118 -1.193094153017054 0
4317 -0.6136191376216469 -1.3317054658972 0
4318 -0.5403411844371958 -1.466666666661109 0
4319 -0.4601003326432435 -1.597607836038359 0
4320 -0.373116516836999 -1.724170073385449 0
4321 -0.2796281536113781 -1.846006480407077 0
4322 -0.1798914880716619 -1.962783111980345 0
4323 -0.07417989148574711 -2.07417989147487 0
4324 0.03721688800822431 -2.179891488061368 0
4325 0.1539935195809632 -2.279628153601689 0
4326 0.2758299266020114 -2.373116516827883 0
4327 0.4023921639487789 -2.460100332634884 0
4328 0.5333333333259074 -2.540341184429692 0
4329 0.6682945340894459 -2.613619137614835 0
4330 0.806905846969272 -2.679733342414215 0
4331 0.9487873479915956 -2.738502584388053 0
4332 1.093550149824217 -2.78976578112911 0
4333 1.240797467689479 -2.833382423778325 0
4334 1.390125706924438 -2.869232962150033 0
4335 1.541125569204818 -2.897219132410439 0
4336 1.693383174404006 -2.917264226412166 0
4337 1.846481195009387 -2.929313301945872 0
4338 1.999999999988501 -2.933333333333056 0
4339 2.153518804967996 -2.929313301947072 0
4340 2.306616825574399 -2.917264226414465 0
4341 2.458874430774496 -2.89721913241376 0
4342 2.609874293055972 -2.869232962154256 0
4343 2.759202532291967 -2.83338242378337 0
4344 2.906449850158527 -2.789765781134808 0
4345 3.051212651992336 -2.738502584394328 0
4346 3.193094153015713 -2.679733342421024 0
4347 3.331705465896582 -2.613619137622095 0
4348 3.466666666661206 -2.540341184437292 0
4349 3.597607836039287 -2.460100332642815 0
4350 3.724170073387367 -2.373116516835803 0
4351 3.846006480409401 -2.279628153609717 0
4352 3.962783111982918 -2.179891488069595 0
4353 4.074179891477921 -2.074179891482975 0
4354 4.179891488064788 -1.962783111988288 0
4355 4.27962815360538 -1.846006480414826 0
4356 4.373116516831834 -1.724170073392939 0
4357 4.460100332639152 -1.597607836045087 0
4358 4.54034118443396 -1.466666666667195 0
4359 4.613619137619018 -1.331705465902902 0
4360 4.679733342418287 -1.193094153022229 0
4361 4.738502584391973 -1.051212651998938 0
4362 4.789765781132783 -0.9064498501653614 0
4363 4.833382423781669 -0.7592025322991012 0
4364 4.869232962152932 -0.6098742930632712 0
4365 4.897219132412872 -0.4588744307816117 0
4366 4.917264226413962 -0.3066168255815828 0
4367 4.929313301946954 -0.1535188049753173 0
4368 -1.546036219393519 0.840546189355985 0
4369 -1.413510298131407 0.7542593169412429 0
4370 -1.309785888355363 0.6565688658825177 0
4371 -1.213521939077908 0.540531395626894 0
4372 -1.139819798883796 0.4118011921560928 0
4373 -1.084981527995118 0.2710408195455546 0
4374 -1.678604786418293 0.8995381278703146 0
4375 -1.82608944515832 0.9383373854242157 0
4376 -1.971911320105935 0.9577642059944251 0
4377 -2.131079894380944 0.9437003677081024 0
4378 -2.269463347964357 0.9161693087128279 0
4379 -2.410644285447319 0.8563657254230554 0
4380 -2.543735151775693 0.7853166291366163 0
4381 -2.64827625736226 0.6894004179470784 0
4382 -2.760566867043574 0.5800782295947116 0
4383 -2.840993791558928 0.4566404711452842 0
4384 -2.905304991532462 0.3197424817913392 0
4385 -2.374138648692796 0.4462199481539306 0
4386 -1.943206919109581 0.5838431204142742 0
4387 -1.554977109407376 0.3630084128661879 0
4388 -2.517412073439116 0.2702613380624058 0
4389 -2.167959192267499 0.5537193246615901 0
4390 -1.734233844764362 0.5091642842436057 0
4391 -2.919993856564632 0.2158633604937785 0
4392 -1.079522574935873 0.1747766673060968 0
4393 -2.940620315299911 0.1279329900773635 0
4394 -1.05342985512343 0.07398032623713284 0
4395 -1.442603597202907 0.1690843502419614 0
4396 -2.700195311610001 0.09900569404800148 0
4397 -2.894750672565397 0.02727645233967581 0
4398 -2.43560347252452 0.3881351762136556 0
4399 -2.452926275986894 0.4783345687507365 0
4400 -2.394405530560543 0.5322865108136315 0
4401 -2.468272235133694 0.5608039877933491 0
4402 -2.410407347909965 0.6111308644979501 0
4403 -2.525548340270844 0.5147157698011637 0
4404 -2.479346812509822 0.6363792506606171 0
4405 -2.425885094421876 0.6842630222370142 0
4406 -2.357135144337347 0.6627412771311209 0
4407 -2.373612307189636 0.7313279043261818 0
4408 -2.305812555133975 0.7122515752944057 0
4409 -2.325309365440795 0.7786128464489648 0
4410 -2.257295456394375 0.760760365072777 0
4411 -2.243034435720865 0.6923715421252994 0
4412 -2.190707211255207 0.7442213024477377 0
4413 -2.207550612516518 0.8097238291960143 0
4414 -2.138343407853905 0.7924055697202945 0
4415 -2.121304981238795 0.7134516839047444 0
4416 -2.06840192891849 0.7741513766297221 0
4417 -2.041637019844444 0.7005619033692897 0
4418 -1.997146345685423 0.7584345849743765 0
4419 -2.020206509830727 0.8265456578582742 0
4420 -1.951369193089841 0.8120920169361072 0
4421 -1.92820036096865 0.7448020908575034 0
4422 -1.880661456751023 0.7978413425565498 0
4423 -1.858440178763026 0.7311704902261555 0
4424 -1.810766569445338 0.7839074137927834 0
4425 -1.788688038945945 0.717362448495798 0
4426 -1.742548412486917 0.7702079625382632 0
4427 -1.719339929741146 0.7034492341389116 0
4428 -1.671165784709445 0.7683810899073557 0
4429 -1.649994979441282 0.6920410811614708 0
4430 -1.601606873531382 0.7535267080973534 0
4431 -1.581886409048351 0.6795579777718347 0
4432 -1.537720132460045 0.7282732013838178 0
4433 -1.51385209655909 0.6641887066527667 0
4434 -1.560188260464345 0.612194533247467 0
4435 -1.489400779100452 0.5985325449843688 0
4436 -1.53682573602412 0.5461356254093299 0
4437 -1.46567683526041 0.5325193249330595 0
4438 -1.419855046417025 0.5859403885787043 0
4439 -1.394660322494807 0.5208223585287707 0
4440 -1.439552308269985 0.4650923635991487 0
4441 -1.367655726229441 0.4553492214283988 0
4442 -1.414897321686607 0.3970367731213488 0
4443 -1.345160961986297 0.3860941161565064 0
4444 -1.297496549444009 0.4428966400508624 0
4445 -1.268720067645986 0.3784312078437914 0
4446 -1.317976067461176 0.3183024153069552 0
4447 -1.238240328310982 0.3117808556044561 0
4448 -1.286460929841924 0.2461394591807014 0
4449 -1.20481015682841 0.2415141276082503 0
4450 -1.89755321389436 0.865540727474755 0
4451 -1.764866831509561 0.8362057744994624 0
4452 -2.437572104427144 0.7490895743689949 0
4453 -1.836191682881209 0.6622165289449303 0
4454 -1.649865399083368 0.4778636884034688 0
4455 -1.353337713818533 0.5715530653590953 0
4456 -1.626214266746044 0.8065140405473957 0
4457 -1.232186017094735 0.4314534458337596 0
4458 -2.160892743947261 0.8552392487171403 0
4459 -2.082763198875052 0.5754799672428315 0
4460 -1.470745634533439 0.2588552840522135 0
4461 -2.556209101624273 0.1891082457419823 0
4462 -2.606735656987677 0.2706460472018658 0
4463 -2.565142421435011 0.3498634340001618 0
4464 -2.652996472906882 0.3462209382060337 0
4465 -2.69840634111461 0.2704473438837123 0
4466 -2.735658821808049 0.3444710259266272 0
4467 -2.695918399549329 0.4119601482890801 0
4468 -2.779820812073386 0.2747564291395006 0
4469 -2.25573516640706 0.5225253179424065 0
4470 -1.69742138745509 0.6373909944216407 0
4471 -1.251896182731774 0.1698995300862428 0
4472 -1.109356600992494 0.02740893199339455 0
4473 -1.810099997929743 0.5570655666112994 0
4474 -1.159713806025695 0.1692978214999196 0
4475 -1.15272239374038 0.3012533740228855 0
4476 -1.374211104239317 0.2499593188909814 0
4477 -1.368701271749102 0.6378415255914311 0
4478 -2.764756740078085 0.4093195406839954 0
4479 -2.731661425193439 0.4712596110450995 0
4480 -2.664580329924175 0.4757886624840041 0
4481 -2.812427910808665 0.3592798417042551 0
4482 -1.608830647892785 0.5578069211805343 0
4483 -2.70272754373176 0.5337763217249657 0
4484 -2.6373157674023 0.5364655670923236 0
4485 -2.671355031106612 0.5914654298025339 0
4486 -2.606612712146405 0.5938980682582983 0
4487 -1.711117140806992 0.8171511218386782 0
4488 -1.829411047390038 0.8449055386753589 0
4489 -1.443733078732866 0.6496683960094117 0
4490 -1.464869351130677 0.7232013764611561 0
4491 -1.502874612032368 0.7697046714106406 0
4492 -2.390920326348707 0.7966494698399185 0
4493 -2.341114216512996 0.8448402739590257 0
4494 -2.272887389045807 0.8235262479954507 0
4495 -1.190120035435922 0.3746559879742234 0
4496 -1.315699155100013 0.5118592318377442 0
4497 -1.292867070252344 0.5721519268110573 0
4498 -2.093876630887493 0.8486690881401726 0
4499 -2.040814388099517 0.8940538362068882 0
4500 -1.976610444516215 0.8766646533090385 0
4501 -2.228023185486031 0.8748064752704797 0
4502 -2.526681462107688 0.4244075319562897 0
4503 -1.398568257227123 0.6973477077754004 0
4504 -2.488832339401949 0.7030423172073434 0
4505 -2.544314118558721 0.6614635938056539 0
4506 -2.536822538856636 0.5928096635027231 0
4507 -2.617684714395314 0.4148633026581312 0
4508 -2.44900116062366 0.8054459629942077 0
4509 -2.144574149607611 0.6307454341562742 0
4510 -2.54413939313941 0.7272997898930347 0
4511 -1.251669607924613 0.4910300446229662 0
4512 -1.975670914892552 0.6881922490368598 0
4513 -2.176055070292177 0.9092281178606908 0
4514 -2.604682975101206 0.6540371591513258 0
4515 -2.324399940593622 0.5841274097214098 0
4516 -1.514030789601455 0.4819338706856325 0
4517 -1.350878191514961 0.1651765245772295 0
4518 -2.231447303397295 0.6140878494728788 0
4519 -1.78417274684278 0.8910497232749823 0
4520 -1.194818894571463 0.4844049621018116 0
4521 -1.628683159704204 0.6249241000920439 0
4522 -1.938807279505691 0.9148097450234656 0
4523 -2.58784656542826 0.09647688320007959 0
4524 -1.876026509663959 0.9124384848731488 0
4525 -1.54498654735881 0.7887195031992442 0
4526 -1.76605361692169 0.6434731935305646 0
4527 -1.902205239780083 0.6679769731341976 0
4528 -2.863720348055332 0.4119734731158453 0
4529 -2.81206090427739 0.5036520985954791 0
4530 -2.321744567525059 0.90070514088246 0
4531 -2.793550140957386 0.5471577087471525 0
4532 -2.727663209957967 0.6214830931487947 0
4533 -2.693426726967753 0.6570742476116077 0
4534 -2.074384467980324 0.9485582963221892 0
4535 -1.122247432041661 0.3620414042363918 0
4536 -2.623248833551904 0.7319177832928039 0
4537 -2.024667389985848 0.955588126186496 0
4538 -2.498707599155219 0.8183506214384926 0
4539 -1.344464239654121 0.6954012803209162 0
4540 -1.273649306994382 0.620025561389139 0
4541 -1.631647290811506 0.8906161846184493 0
4542 -1.731764417759297 0.9185947852046741 0
4543 -1.597751468201975 0.8578374104435006 0
4544 -1.405102139961294 0.322670794230643 0
4545 -2.8781393512034 0.3582394735640305 0
4546 -2.219520891466738 0.9330817961755941 0
4547 -1.49736824431829 0.4135546531817863 0
4548 -2.092498325792408 0.9038316357636061 0
4549 -2.493664624753845 0.7647574825064481 0
4550 -2.591606733526061 0.4848611088771391 0
4551 -1.241695075458201 0.5808081865753577 0
4552 -2.013248925807082 0.6178725645393571 0
4553 -2.367721532420333 0.8898074048812664 0
4554 -2.854525485604206 0.3003882607733495 0
4555 -2.840057228972732 0.2184692771947462 0
4556 -2.806813657716021 0.1280992590313284 0
4557 -2.746531982375878 0.197731743779521 0
4558 -2.292365875836621 0.6531159307490229 0
4559 -2.906143984209757 0.2703832366216162 0
4560 -2.888582120348311 0.1596949452398021 0
4561 -1.070180462959729 0.2269734108494236 0
4562 -1.127182083112364 0.2304292759584885 0
4563 -1.106569964630849 0.1130986543359536 0
4564 -1.097948248331221 0.3194332786477789 0
4565 -2.584110716857685 0.7612279067600123 0
4566 -1.419440067374504 0.08430700179863677 0
4567 -1.155732740036228 0.4583997208130604 0
4568 -2.94240928244819 0.173802076440588 0
4569 -1.302341938751481 0.0836579088488348 0
4570 -1.737067677629042 0.5833200177872809 0
4571 -1.720294941943356 0.8682642192176778 0
4572 -2.944704369643107 0.07175664749458531 0
4573 -2.959521144240787 0.0378422640189592 0
4574 -1.873424327107301 0.5962477317056493 0
4575 -1.041039230340317 0.03843130361797537 0
4576 -1.05146243174526 0.124563715236748 0
4577 -1.484843180666315 0.3367699309146134 0
4578 -2.64932082652345 0.1872359929758604 0
4579 -1.677529541074325 0.5695060501292944 0
4580 -2.579581218440449 0.5445500355063295 0
4581 -1.575061384601607 0.4345883444483088 0
4582 -1.498953859965136 0.8183013723980519 0
4583 -1.77505917476658 0.9384110641850028 0
4584 -1.917331602387996 0.9557335866551894 0
4585 -1.319099087363341 0.6101465345886119 0
4586 -2.647800434657221 0.6365488501515377 0
4587 -2.88309129173897 0.09341624293308527 0
4588 -1.455018685967798 0.7921349487530475 0
4589 -2.325292880552622 0.5001787985566255 0
4590 -2.785932039702866 0.4625670621952776 0
4591 -1.87238606829095 0.9573135715358163 0
4592 -1.371618359519907 0.7334598183936299 0
4593 -2.495129071334439 0.3424856765168866 0
4594 -1.183063504127982 0.4243937037167157 0
4595 -2.080705655074596 0.6476223106424994 0
4596 -1.999051196243349 0.9177652375985951 0
4597 -1.662399382805373 0.8440431706347673 0
4598 -1.192313645305426 0.09389380779405755 0
4599 -1.576922791440667 0.4996656900254549 0
4600 -2.754369179388958 0.5238465017531304 0
4601 -2.286218833433645 0.8726004019034632 0
4602 -1.842650592589892 0.8904543719444922 0
4603 -2.590225621918561 0.700773589406253 0
4604 -1.583622170718389 0.8124310970130596 0
4605 -2.716060485283566 0.5776006329530579 0
4606 -2.181420578934768 0.6844895458608653 0
4607 -2.813566166040776 0.4199560777689316 0
4608 -2.462504001302975 0.8496210183794548 0
4609 -2.136025502537557 0.8966475825569232 0
4610 -1.261149004618883 0.538064281435353 0
4611 -2.573108086165742 0.6255521211795002 0
4612 -2.177344041671012 0.9528124993621914 0
4613 1.254329912124198 0.07968069604162531 0
4614 1.39416939522451 0.3363111178634497 0
4615 1.374115740210673 0.5343974533959533 0
4616 1.340068829760994 0.7226974470912588 0
4617 1.28822164433076 0.9147144651978002 0
4618 1.233704045823092 1.102020039241175 0
4619 1.175100300455597 1.292343150178359 0
4620 1.089462721324217 1.464558024582735 0
4621 0.9940285741110029 1.636935767388185 0
4622 0.9111666869519258 1.813527907871765 0
4623 0.7922574691871827 1.968349686452402 0
4624 0.6765008940755269 2.122828949850489 0
4625 0.5486374893558066 2.267039250054522 0
4626 0.4156254764856138 2.415611551225787 0
4627 0.2773242909018135 2.547930138006626 0
4628 0.1225715188361809 2.672787736149986 0
4629 -0.03386022281953635 2.789094527988232 0
4630 -0.1959388064465351 2.897320718353752 0
4631 -0.3630319464859149 2.99405044356436 0
4632 -0.535443269397548 3.089460011330907 0
4633 -0.7076575716951421 3.175099575810187 0
4634 -0.8979804528970324 3.233702712565008 0
4635 -1.085285534784661 3.288221644326027 0
4636 -1.277259050150971 3.340030041583856 0
4637 -1.465598289514286 3.374142570909016 0
4638 -1.66397847549936 3.394424550934561 0
4639 -1.859447310433907 3.41315460966146 0
4640 -2.039476027467859 3.414701765258461 0
4641 -2.240710778918561 3.422160834721074 0
4642 -2.426874113455693 3.380987321637165 0
4643 -2.631087747923721 3.360270500002459 0
4644 -2.820749718171354 3.328329335932274 0
4645 -3.009170223005794 3.263871286746147 0
4646 -3.193555917070582 3.200232251766027 0
4647 -3.383789176859064 3.12341492473694 0
4648 -3.54677789398439 3.047039570893873 0
4649 -3.716703550136848 2.952913021252708 0
4650 -3.88606152204483 2.844622307116796 0
4651 -4.047342435486898 2.734868509126605 0
4652 -4.208275947492581 2.624365309007227 0
4653 -4.339668045992632 2.478121210490047 0
4654 -4.482023298477216 2.341677172311698 0
4655 -4.624367513940942 2.208273104405357 0
4656 -4.734866806340413 2.047341157283867 0
4657 -4.84601456746818 1.889513394521584 0
4658 -4.943654748177406 1.723344636739554 0
4659 -5.043852430914205 1.550931329195488 0
4660 -5.126957468411185 1.378510393446316 0
4661 -5.197882864239022 1.192748641454446 0
4662 -5.255799320582901 1.012413250309837 0
4663 -5.315345886300264 0.8209671021255245 0
4664 -5.358079082610786 0.6306151319392844 0
4665 -5.40150420478763 0.4391233465589948 0
4666 -5.415663253880182 0.2447405945306315 0
4667 1.106235830118591 0.4242077419800059 0
4668 0.2637973407245109 2.168834377640738 0
4669 -1.576002265357391 3.106259003794785 0
4670 -4.762235917728587 1.482792531786496 0
4671 -3.493896297574687 2.749368231370487 0
4672 1.058677936481828 0.7167136244871465 0
4673 -1.283197005667656 3.058649753432498 0
4674 -3.213515062566929 2.890676451679586 0
4675 0.05317228445921574 2.377737197338615 0
4676 -4.895827583848062 1.217921678068191 0
4677 0.4944435528255136 1.896099548729145 0
4678 -4.574123280722756 1.786429811878626 0
4679 -1.940174270078415 3.135565140942431 0
4680 -3.769392808767421 2.570995971751093 0
4681 -0.9473482452799882 2.9428393371958 0
4682 -2.878519029637154 3.009175169674393 0
4683 0.9428620302103498 1.052637043382978 0
4684 -0.2272617928746083 2.579888499992291 0
4685 -5.00589161174057 0.8903856597893571 0
4686 0.6652505488921355 1.650776475923757 0
4687 -4.39358943795838 2.024685917505346 0
4688 -2.245968589428361 3.125327256097279 0
4689 -4.02170673016651 2.39878813914192 0
4690 -0.663810550286057 2.836056170301122 0
4691 -5.103354599759986 0.4054146301610189 0
4692 -2.585992019052385 3.079810091587079 0
4693 0.8406297888244796 1.331644846671117 0
4694 1.411506189884781 0.1448116086323267 0
4695 -5.313928208410498 0.09112839408028534 0
4696 1.079803100799547 0.5719959077051644 0
4697 1.202746673842993 0.5121705470349219 0
4698 1.227634582263166 0.3880800640884868 0
4699 1.151891068164075 0.2822294028518849 0
4700 1.290382030304869 0.2810939575746915 0
4701 1.190643118993716 0.6520498576757309 0
4702 1.16079100405426 0.7886232751140203 0
4703 1.057780088633286 0.8600098354134179 0
4704 -3.35075345551198 2.820689421402617 0
4705 -3.330741070654273 2.967137197055984 0
4706 -3.209249893978808 3.024129822599791 0
4707 -3.088309560957219 2.950460625560358 0
4708 -3.4635945582263 2.8880294926571 0
4709 -3.605078551207592 2.82986325881271 0
4710 -3.645233009211605 2.672734603884949 0
4711 -3.740408021554948 2.779708688135131 0
4712 -1.427991661234264 3.079839705147559 0
4713 -1.487859022665946 3.202840429844994 0
4714 -1.612417462549105 3.227881502081641 0
4715 -1.714329458718277 3.127474998052639 0
4716 -1.347864949057391 3.190625470790965 0
4717 -1.211210163825843 3.160725109810362 0
4718 -1.13985911584694 3.057712763144722 0
4719 -1.733392803103669 3.281339670989506 0
4720 0.1554257681993631 2.273049075426988 0
4721 0.2901245177091416 2.296913227143469 0
4722 0.3835945794725351 2.210861804171982 0
4723 0.3607959815778558 2.068515215746116 0
4724 0.197954731387896 2.402992340944292 0
4725 0.09343857989622914 2.495974989206814 0
4726 -0.02989432222297738 2.487514613991144 0
4727 0.4950727711148032 2.141667213151302 0
4728 -4.827861327535063 1.347520928874202 0
4729 -4.892181687250773 1.468252623896062 0
4730 -4.839225758246897 1.583739287305814 0
4731 -4.696800953555611 1.606044047132281 0
4732 -4.964586889332374 1.347813699095506 0
4733 -5.020721375867097 1.219679713665256 0
4734 -4.974563118166975 1.104997553151356 0
4735 -4.807866447284442 1.711143652438205 0
4736 0.5767011736058427 1.777407599511605 0
4737 0.7133578064639534 1.776001072682527 0
4738 0.8048127518029147 1.66398312748402 0
4739 0.7421183447096232 1.53300192649732 0
4740 0.6320716188968745 1.910013452395714 0
4741 -4.486659531729495 1.901339287622193 0
4742 -4.52755106721142 2.031742109718922 0
4743 -4.449275961676549 2.153364138412479 0
4744 -4.327080661598037 2.146104036259263 0
4745 -4.183313694736259 2.252378281000885 0
4746 -4.629885600844204 1.913022248323275 0
4747 -2.739611215206645 3.066792059171656 0
4748 -2.663957994608391 3.171331372278023 0
4749 -2.559740887368079 3.202177778252949 0
4750 -2.458888935571929 3.124026388790456 0
4751 -2.862984140092728 3.11949346412141 0
4752 -2.981612568269564 3.107920473443118 0
4753 -0.7965086419212436 2.914674452583445 0
4754 -0.6732446391959014 2.95569669109366 0
4755 -0.5706725418462729 2.919585513441842 0
4756 -0.8658017724850895 3.029140566858031 0
4757 -0.5315283485302417 2.802804886250627 0
4758 -0.3825165013417892 2.709621262783104 0
4759 -0.9936089665175112 3.068661035868522 0
4760 -3.899185195175144 2.483593311270324 0
4761 -4.031141504353134 2.527807796230859 0
4762 -4.145632924033829 2.453518255196331 0
4763 -3.903150008572284 2.625355182015295 0
4764 -2.082429028793877 3.129349581420956 0
4765 -2.013796034342208 3.241171809444337 0
4766 -2.157613190063868 3.235795744450773 0
4767 -2.265083790709873 3.232467127218846 0
4768 0.9153358446428901 1.202843136938803 0
4769 0.9567465410706641 1.325724939808571 0
4770 0.9250690489499412 1.423752369905065 0
4771 1.029281574029168 1.134063037319878 0
4772 1.068736532571672 1.006277785334555 0
4773 -5.124568802351674 0.2588275704740119 0
4774 -5.240025492165247 0.3474974616609716 0
4775 -5.206277904280122 0.4900668199792813 0
4776 -5.082967526902739 0.5586777036094794 0
4777 -5.061001615052303 0.7098743118562453 0
4778 -5.150092885866684 0.8357420209427179 0
4779 -5.190599002697079 0.6232670949297131 0
4780 1.121416137993567 0.1545855071926527 0
4781 -2.464809150039695 3.266239431217775 0
4782 -4.383563296413709 2.262560700610461 0
4783 -4.285798686966357 2.354348235423231 0
4784 -0.4554951185061455 2.925376101705202 0
4785 -0.3009310663758574 2.825617637678509 0
4786 -1.875846270225051 3.257606463516494 0
4787 1.397573145918767 0.237392446208275 0
4788 0.9062600265526913 1.548503089293532 0
4789 0.5508142064556794 2.016205061905463 0
4790 -4.705769901603843 1.802926844639874 0
4791 -1.07726231370985 3.179498864579653 0
4792 0.02977786315577011 2.609074060654172 0
4793 -0.098018896622204 2.595148399587259 0
4794 -5.107864116390202 1.125417972220077 0
4795 -5.061857858642532 1.016845503511493 0
4796 1.179521340248979 0.922676936921891 0
4797 1.360806251514679 0.6306239215012268 0
4798 1.38842804697063 0.4374999925800083 0
4799 -3.435055398086425 3.01990061488396 0
4800 -0.7962397874632046 3.193938806097168 0
4801 -0.6300882954584884 3.128744708284705 0
4802 -4.556651814572425 2.267662000635394 0
4803 -2.903487657854823 3.291503273351607 0
4804 -4.671043623143518 2.128168992870031 0
4805 0.9467209063728237 1.730776722446167 0
4806 -5.374392866254014 0.5255262502539195 0
4807 -2.5311206599551 3.369980158491825 0
4808 -5.371456766639905 0.3414796485888072 0
4809 -2.730748147950713 3.336421536935424 0
4810 0.7362237643726371 2.047792425743655 0
4811 0.8494068606581837 1.882673057429517 0
4812 -4.793105974150158 1.969500780651949 0
4813 -1.182843193273541 3.317586825485721 0
4814 -0.9937124933645949 3.261177643909908 0
4815 -3.101842002634149 3.233276041781275 0
4816 -3.105219926042657 3.109394929558401 0
4817 0.6104561660860909 2.190305967729167 0
4818 -4.889780081684178 1.805849580346266 0
4819 -1.369375685564938 3.360776752178061 0
4820 -3.286767801867192 3.166225286636794 0
4821 1.261183461376296 1.006278123584027 0
4822 1.317580968828072 0.8170935323598432 0
4823 0.3482537389247929 2.485600735270026 0
4824 0.4845121717700215 2.345697586091989 0
4825 -3.635229700046223 3.001502483164335 0
4826 -5.089597088622606 1.465229151881358 0
4827 -4.998647458322891 1.63805107300304 0
4828 -3.789636741146316 2.896391318214072 0
4829 -3.85912313258559 2.737244024728122 0
4830 -1.562650467620051 3.38877895734789 0
4831 -1.756315022080233 3.407161192644778 0
4832 -5.16429755610044 1.288934815982726 0
4833 0.2036715759219009 2.611123047439349 0
4834 -1.948171924951174 3.429891759396887 0
4835 -2.149086151243709 3.414316090544347 0
4836 -0.1176692339684101 2.843652195899579 0
4837 -0.1394841353627044 2.749111878791823 0
4838 -0.2535416807944303 2.709250209406089 0
4839 0.04517821950748081 2.727498384139937 0
4840 -4.128171581338096 2.671042809062644 0
4841 -5.233276041778526 1.101842002642281 0
4842 -3.964753277535104 2.790508136488754 0
4843 1.193939236894893 1.203760848759281 0
4844 -2.323920736348227 3.399784691862223 0
4845 -5.337801216205077 0.726094210295977 0
4846 -5.285836722499512 0.9180105031744807 0
4847 1.128747496479519 1.369913434591702 0
4848 1.038299479829993 1.551087034266167 0
4849 -4.265673763169546 2.554295045201843 0
4850 -4.406716022465591 2.397658354298599 0
4851 -0.2780060701897605 2.950062146264901 0
4852 -0.4492300032302745 3.043557487258543 0
4853 -5.134454051798548 0.1141113895588265 0
4854 -5.41273040848241 0.1462905333404712 0
4855 -5.287546711961209 0.2205822274620007 0
4856 -5.166833626556484 0.946750513658525 0
4857 1.35 0.0768265473377677 0
4858 -5.235510544125654 0.7496403840303687 0
4859 1.320307068773507 0.1651355771252786 0
4860 -3.472769773754372 3.102992318936575 0
4861 -4.635310080773069 2.036569660894338 0
4862 0.7512484471472416 1.876994189378065 0
4863 -4.034827910870224 2.634597031167226 0
4864 -5.280323046056094 0.5651841439010334 0
4865 -0.8775528632043335 3.129668336839548 0
4866 -2.935487490847597 3.194695609892138 0
4867 1.129695188719733 1.122418308681644 0
4868 -0.05614499882498994 2.689207227308836 0
4869 -0.7434120474467456 3.068263952789708 0
4870 -2.787249226733869 3.221491980604518 0
4871 1.068433980493407 1.256425160851233 0
4872 1.299623945275637 0.4717569261684547 0
4873 -4.242816645882264 2.456325547255991 0
4874 -3.295027624589458 3.070453121577168 0
4875 0.3922523547971095 2.321174935646401 0
4876 -4.946815180477619 1.557884688613606 0
4877 -1.52826089153572 3.299724005629245 0
4878 -0.2117355233215806 2.801598040952809 0
4879 -4.959137392789049 0.990718894375517 0
4880 -0.1407716163358298 2.484208076211188 0
4881 0.6461841903430843 2.029643307849785 0
4882 -4.7480213787726 1.889476442916223 0
4883 -2.360088320134016 3.18870595133916 0
4884 -5.156857286211913 1.042802427874126 0
4885 1.28643826647224 0.5743768176989016 0
4886 0.9676673253514203 0.9325355369622134 0
4887 1.073460948451507 0.07580563447544786 0
4888 -1.067379522493368 2.967567872764953 0
4889 -1.425618827438786 3.286471017195463 0
4890 0.3211983718770222 2.39642361214425 0
4891 -4.996424036362987 1.467055215305864 0
4892 -3.553317382904428 2.950294595098696 0
4893 1.21805113440843 0.1710082069569853 0
4894 -4.136026932562242 2.349042306323104 0
4895 -0.6140610061702868 3.034095824536705 0
4896 -2.662171808252074 3.2693261697087 0
4897 1.033173332928975 1.385764544440692 0
4898 -2.086485531979569 3.324470492158992 0
4899 -3.762993900904553 2.682559095260389 0
4900 0.819236371112691 1.443649372045812 0
4901 -1.943812181996829 3.331367142852658 0
4902 -1.820774612849479 3.169860812839576 0
4903 1.427399095921047 0.07155954663473502 0
4904 1.161209688829617 0.08018000744445185 0
4905 -3.697199011984268 2.874861687318964 0
4906 0.8413989655446904 1.770183689791095 0
4907 -4.561583798077788 2.155317460042448 0
4908 -4.143604374670048 2.551769213568009 0
4909 -5.303027521956484 0.4376799346663425 0
4910 -0.3458805739900773 2.622569577472333 0
4911 1.255347033905737 0.7489055595364681 0
4912 -1.251041090850737 3.255297339585901 0
4913 0.1933636229498268 2.519337453162697 0
4914 -5.07381893591594 1.307494678609753 0
4915 -0.9680234179386643 3.174541718752528 0
4916 -3.034607286894484 3.177427099845362 0
4917 1.174568113747954 1.031934238752658 0
4918 -2.22618541665881 3.334628578277093 0
4919 -2.99203457174462 3.006803145351831 0
4920 0.7115970979894041 1.966558612363924 0
4921 -4.708237968176088 1.97118205801393 0
4922 -3.961839353010019 2.7045145767052 0
4923 0.450303505140992 2.002912812687337 0
4924 -4.662068706551888 1.711443018095973 0
4925 0.5958056456150369 2.100130100097241 0
4926 -4.799490475362648 1.81978198297243 0
4927 -5.23072393306972 0.8542221047863233 0
4928 -5.279018072915242 0.6624862402923832 0
4929 -1.82612198792824 3.33876301911546 0
4930 -2.344493587891052 3.300468850258711 0
4931 1.320047600007762 0.3829484116550182 0
4932 0.9027685461736721 1.663577414127745 0
4933 -4.486619633843538 2.236116294402496 0
4934 -0.357552925152588 2.903218792446381 0
4935 -0.1673948493803588 2.662571497775753 0
4936 -3.216983425764406 3.115902976875314 0
4937 -5.421987794304422 0.06747302103874112 0
4938 -0.4187943337743814 2.811047700785382 0
4939 -4.284967638796527 2.250604733820894 0
4940 -5.028690897881797 0.8031147819735746 0
4941 -3.637911789436981 2.918725445562488 0
4942 0.9984529219171634 1.474733012497638 0
4943 -2.569786050707734 3.293598807534741 0
4944 -0.5249803878301056 3.00241498765464 0
4945 0.4608138733020551 2.257288157823239 0
4946 -4.907241918501852 1.642832667620044 0
4947 -1.620140020061581 3.318429737396569 0
4948 -1.334231920612564 3.286640124266849 0
4949 0.2676189512082703 2.470456855905578 0
4950 -5.050276883729019 1.393220627667759 0
4951 1.239450553390958 0.8454025901760245 0
4952 1.286660700129473 0.6657307207007173 0
4953 -1.154560681215016 3.239480629253007 0
4954 1.063190374131734 0.2268520421417046 0
4955 -5.116248729475755 1.221855987526864 0
4956 0.1238507146482712 2.587636888702352 0
4957 -4.219063214668083 2.160566649251614 0
4958 -0.4871971380496072 2.704662726601827 0
4959 -2.366906939390371 3.073018113782883 0
4960 1.546036219393519 -0.8405461893559849 0
4961 1.413510298131407 -0.7542593169412429 0
4962 1.309785888355363 -0.6565688658825177 0
4963 1.213521939077908 -0.540531395626894 0
4964 1.143948178137963 -0.4036427285192821 0
4965 1.091201571343722 -0.2642464951060283 0
4966 1.678604786418293 -0.8995381278703147 0
4967 1.82608944515832 -0.9383373854242157 0
4968 1.971911320105935 -0.9577642059944251 0
4969 2.131079894380944 -0.9437003677081024 0
4970 2.269463347964357 -0.9161693087128279 0
4971 2.410644285447319 -0.8563657254230556 0
4972 2.544734411716281 -0.7851726663479269 0
4973 2.652014386671262 -0.6873776124992933 0
4974 2.757118046558798 -0.5836978302570767 0
4975 2.843318286787377 -0.4518288823163883 0
4976 2.90204004764215 -0.3194631761877131 0
4977 2.374138648692796 -0.4462199481539305 0
4978 1.943206919109581 -0.5838431204142742 0
4979 1.54871244234675 -0.3654550717417149 0
4980 2.516657095459152 -0.2693525991055804 0
4981 2.167959192267499 -0.5537193246615901 0
4982 1.734233844764362 -0.5091642842436056 0
4983 2.947165126267401 -0.1756053459387728 0
4984 1.06701058214995 -0.1785658431975973 0
4985 1.246396773258017 -0.07865234400393364 0
4986 2.75 -0.08660254037844355 0
4987 1.45611445065686 -0.1688622824602209 0
4988 2.435538790711347 -0.3880944902475823 0
4989 2.452915495684699 -0.478327787756391 0
4990 2.394403733843511 -0.5322853806479073 0
4991 2.467448589382272 -0.5595533811934447 0
4992 2.410269774165223 -0.6109222417036786 0
4993 2.527946479886142 -0.5113236219440506 0
4994 2.481054628277928 -0.6339973668267289 0
4995 2.42637493618947 -0.6825468748452477 0
4996 2.35719385567449 -0.6624204821001145 0
4997 2.373703732707092 -0.7309884139223863 0
4998 2.305812555133975 -0.7122515752944057 0
4999 2.325324603027037 -0.7785562647149989 0
5000 2.257297995992082 -0.7607509347837828 0
5001 2.24303485898715 -0.6923699704104669 0
5002 2.190707705065872 -0.7442194687804331 0
5003 2.20755111808458 -0.8097219518699645 0
5004 2.138343407853905 -0.7924055697202945 0
5005 2.121305051783176 -0.7134514219522723 0
5006 2.068401940675887 -0.7741513329709768 0
5007 2.041637033561407 -0.7005618524340866 0
5008 1.99714634993115 -0.7584345692087187 0
5009 2.020206512497914 -0.826545647954207 0
5010 1.951369194241994 -0.8120920126578197 0
5011 1.928200361868296 -0.7448020875168458 0
5012 1.88066145709299 -0.7978413412867257 0
5013 1.858440178969961 -0.731170489457742 0
5014 1.810766569536822 -0.7839074134530772 0
5015 1.788688038981471 -0.717362448363879 0
5016 1.742548412508085 -0.7702079624596589 0
5017 1.719339929750596 -0.7034492341038244 0
5018 1.671165784713819 -0.7683810898911141 0
5019 1.649994979443586 -0.6920410811529161 0
5020 1.601606873532336 -0.7535267080938112 0
5021 1.581886409048894 -0.6795579777698186 0
5022 1.537720132460294 -0.7282732013828914 0
5023 1.513852096559222 -0.6641887066522763 0
5024 1.560188260464457 -0.6121945332470493 0
5025 1.489400779100492 -0.5985325449842175 0
5026 1.536825736024146 -0.5461356254092352 0
5027 1.465676835260421 -0.5325193249330186 0
5028 1.419855046417033 -0.5859403885786723 0
5029 1.394687899651492 -0.5207636405078503 0
5030 1.439560310990511 -0.4651003188916146 0
5031 1.367599663280572 -0.4544967205632164 0
5032 1.412814935190949 -0.3974552961709259 0
5033 1.340135708668126 -0.3884090900639089 0
5034 1.297213027752732 -0.443193667317805 0
5035 1.269127726032802 -0.3788601909683247 0
5036 1.311950133480234 -0.3224740989268021 0
5037 1.240103358367047 -0.3141158345553653 0
5038 1.282311909380692 -0.2569269709661315 0
5039 1.209616010955811 -0.2509248888590484 0
5040 1.897553214107805 -0.8655407266821675 0
5041 1.764866831509561 -0.8362057744994624 0
5042 2.438342437267186 -0.7482339870899095 0
5043 1.836191682881209 -0.6622165289449303 0
5044 1.649865399083368 -0.4778636884034688 0
5045 1.23312923151335 -0.4313251642680963 0
5046 1.35338110954746 -0.571407905988918 0
5047 1.626214266746044 -0.8065140405473957 0
5048 1.174704707038092 -0.3053820807583634 0
5049 1.471444739872321 -0.2612157116748814 0
5050 2.160892828208605 -0.8552389358294654 0
5051 2.082763198875052 -0.5754799672428315 0
5052 2.553555349628663 -0.1878678666942575 0
5053 2.602876108222731 -0.2669929949025164 0
5054 2.564872604559319 -0.3466376244544509 0
5055 2.648894316623414 -0.3381023464700129 0
5056 2.685667313889838 -0.2671722576938314 0
5057 2.726586798347467 -0.3333828886753663 0
5058 2.695037023122357 -0.3992177013381638 0
5059 2.761807662249977 -0.2690247326941075 0
5060 2.795955692211956 -0.3303520726554048 0
5061 2.25573516640706 -0.5225253179424065 0
5062 1.697421387457049 -0.637390994414367 0
5063 2.825340414359901 -0.2713422944468754 0
5064 2.797283501198631 -0.2085812734277795 0
5065 1.343373235612091 -0.2662077817140103 0
5066 1.324803046024505 -0.1974259250405051 0
5067 1.810099997929743 -0.5570655666112994 0
5068 2.940859881966262 -0.08172164055231866 0
5069 1.048624321908337 -0.07487488969570713 0
5070 1.36870747113895 -0.6378207885385442 0
5071 1.608830647892791 -0.5578069211805121 0
5072 2.762967279661107 -0.3915236886098779 0
5073 2.734348336215379 -0.4540563635665507 0
5074 2.669845580570186 -0.4661472919559748 0
5075 2.711392779137914 -0.5123455052552054 0
5076 2.647919039701283 -0.5282071450418737 0
5077 2.766598908551607 -0.4995406107767217 0
5078 2.618502842464132 -0.4079655184318414 0
5079 1.711117140812101 -0.8171511218197089 0
5080 1.829411047497854 -0.8449055382750059 0
5081 1.443734111964537 -0.6496649398338183 0
5082 2.867254322907758 -0.2243354714857932 0
5083 2.834231643976038 -0.1475138822176164 0
5084 2.527784685998318 -0.4216020377996854 0
5085 2.697338155699768 -0.5723938100457899 0
5086 2.631175414949901 -0.5877353611999134 0
5087 1.20040364586425 -0.3721641340056684 0
5088 2.53209261709635 -0.5848839112654307 0
5089 2.548543345202993 -0.6582525124605172 0
5090 2.493843177567749 -0.7019625019126771 0
5091 1.464869498735256 -0.7232008827215832 0
5092 1.502874641553334 -0.7697045726625408 0
5093 2.390682429898423 -0.7960629599633742 0
5094 2.341091496220747 -0.8447746523661166 0
5095 2.272886649455767 -0.8235039961717976 0
5096 2.832910299284022 -0.3887836964798328 0
5097 2.557164252045206 -0.7242005637322324 0
5098 1.315759567468593 -0.5117715961741786 0
5099 1.292868506696341 -0.5721331054658311 0
5100 2.093876644985483 -0.848669035790103 0
5101 2.04081438897234 -0.8940538329658356 0
5102 1.976610444729043 -0.876664652518743 0
5103 2.228023164091655 -0.8748029835508544 0
5104 2.644225340340305 -0.1903182964019538 0
5105 2.59378841061066 -0.1175896549305653 0
5106 1.398568577416024 -0.6973466367386774 0
5107 1.162214539094096 -0.08151829753569115 0
5108 1.205092114347772 -0.1475536965617973 0
5109 1.338996419074544 -0.0758764476463973 0
5110 2.449089900021953 -0.8052056134682695 0
5111 2.144574161365008 -0.6307453904975288 0
5112 1.25186155636719 -0.4909942385430415 0
5113 2.596269349314341 -0.4792707157783117 0
5114 1.975670914892552 -0.6881922490368598 0
5115 1.148067878519957 -0.2522292189444597 0
5116 2.176055080770005 -0.9092274837594743 0
5117 2.324388417861532 -0.5840516171512666 0
5118 1.514032090779427 -0.481935468958876 0
5119 1.195454237772232 -0.4839058413063562 0
5120 2.231446171998478 -0.6140799507031114 0
5121 1.784172746853782 -0.8910497232341301 0
5122 2.666587473810337 -0.6334195147253583 0
5123 2.722610908568071 -0.2005315504991883 0
5124 1.124388743994759 -0.1480782410029409 0
5125 2.607645160659256 -0.6462151122186154 0
5126 1.628683159704791 -0.6249241000898671 0
5127 1.938807279556438 -0.9148097448350273 0
5128 1.876026509663959 -0.9124384848731488 0
5129 1.544986552279171 -0.7887194867404828 0
5130 1.766053616929512 -0.6434731935015181 0
5131 2.723417351018786 -0.6252415616458228 0
5132 1.393530302104519 -0.3147008076653469 0
5133 1.902205239964513 -0.6679769724493523 0
5134 1.469233475109579 -0.3412964678944168 0
5135 2.321740780809684 -0.9006942039503084 0
5136 2.074384468125794 -0.9485582957820139 0
5137 1.110491255957243 -0.367765801139893 0
5138 2.617778616256377 -0.7292385938235706 0
5139 2.024667390030026 -0.9555881260224486 0
5140 2.498888932378366 -0.8182865693860546 0
5141 1.344465015794449 -0.6953986841197719 0
5142 1.273667641102999 -0.6200085399456333 0
5143 1.631647290811506 -0.8906161846184493 0
5144 1.73176441776113 -0.9185947851978655 0
5145 1.597751468201975 -0.8578374104435006 0
5146 2.586224682251799 -0.5495364434834964 0
5147 2.883834020515348 -0.3695709794227184 0
5148 2.915322018996997 -0.269563049121353 0
5149 2.929699652931633 -0.2217124199751428 0
5150 1.066357146835148 -0.2228164655154478 0
5151 1.09997553987277 -0.3227111802136462 0
5152 1.487049668983621 -0.4113945768092584 0
5153 2.219520889647314 -0.933081108538787 0
5154 2.092498325792408 -0.9038316357636061 0
5155 2.492329483394155 -0.7627510517913172 0
5156 1.241664410943432 -0.5808360751569346 0
5157 2.868335102559634 -0.06546739466835751 0
5158 2.013248926640231 -0.6178725614456251 0
5159 2.367716231018808 -0.8897920931762542 0
5160 2.292375171931125 -0.6530347191318731 0
5161 2.896641683843836 -0.1173839194207487 0
5162 1.245812988833187 -0.1995640148203831 0
5163 1.155906196233242 -0.4583055417822541 0
5164 1.430269332460786 -0.08139479086059395 0
5165 2.682926856491395 -0.125861305710423 0
5166 2.587356584671508 -0.7649549559475319 0
5167 1.737067677630998 -0.583320017780017 0
5168 1.720294941943356 -0.8682642192176778 0
5169 1.03749869678842 -0.0318027114842703 0
5170 1.051246330300356 -0.1249057902095441 0
5171 2.945864219363307 -0.03566065024014318 0
5172 2.947239146351051 -0.127145333206398 0
5173 1.873424327116903 -0.596247731669995 0
5174 2.789461661116076 -0.4433530579996056 0
5175 1.677529541074325 -0.5695060501292944 0
5176 1.574757021231332 -0.4360203851040775 0
5177 1.49895386289382 -0.8183013626015501 0
5178 1.775059174769147 -0.9384110641754706 0
5179 1.917331602396454 -0.955733586623783 0
5180 2.757410582046827 -0.1538181104466901 0
5181 2.852539297889656 -0.3269770867391509 0
5182 2.82000564824222 -0.5017886527967859 0
5183 1.319099087363341 -0.6101465345886119 0
5184 1.455018693779397 -0.7921349226231288 0
5185 2.699169643110847 -0.6634872174363776 0
5186 2.325290216662798 -0.5001634140094521 0
5187 2.4947409804554 -0.342241560720447 0
5188 2.872922917683556 -0.414182140206828 0
5189 1.872386068292158 -0.9573135715313296 0
5190 1.184964192401142 -0.4256103233210899 0
5191 1.371618578785752 -0.7334590849460564 0
5192 1.111192046608155 -0.2113329040247619 0
5193 2.792579991568038 -0.5446048742034051 0
5194 2.592977948427779 -0.6906066264896414 0
5195 2.080705674444974 -0.6476222387144688 0
5196 1.999051196304812 -0.9177652373703655 0
5197 1.662399382806727 -0.8440431706297372 0
5198 1.576862179002213 -0.499952417811234 0
5199 1.289666517795523 -0.1408595470204659 0
5200 1.37689776523511 -0.1460848540497791 0
5201 2.551826973903582 -0.05622316492590376 0
5202 2.286393149620046 -0.8723395737641825 0
5203 1.170126356805393 -0.2020611603820975 0
5204 1.842650592656344 -0.8904543716977337 0
5205 1.583622171421434 -0.8124310946613019 0
5206 1.399663599890372 -0.226665746348939 0
5207 2.64502560533893 -0.05883449718511632 0
5208 2.181420578934768 -0.6844895458608653 0
5209 1.097384277559957 -0.09740364577699782 0
5210 1.522663791214579 -0.3069648367713875 0
5211 2.462531559733734 -0.849589956993906 0
5212 2.581945192562779 -0.6057979056713988 0
5213 1.146795323100163 -0.3451718492901539 0
5214 2.136025502537557 -0.8966475825569232 0
5215 1.26112266425573 -0.5381059920138168 0
5216 2.177344042302091 -0.9528124030256007 0
5217 2.872499220359293 -0.2823362155961772 0
5218 2.890735932785334 -0.1653814772919237 0
5219 1.127676262571227 -0.2904950247299323 0
5220 2.749494769028601 -0.53946802389778 0
5221 5.255611371353132 -0.1038039951101058 0
5222 5.39929283896299 -0.340918080305128 0
5223 5.374941072367343 -0.5345498228771914 0
5224 5.324513238468887 -0.7172313104428906 0
5225 5.288116787494349 -0.9203794342085854 0
5226 5.235370298592779 -1.09249020698146 0
5227 5.180285058896999 -1.286434575749383 0
5228 5.08359858225578 -1.450763604727585 0
5229 5.000790316107055 -1.638580805017869 0
5230 4.911803692230006 -1.80908969527797 0
5231 4.792275306440631 -1.968369611684811 0
5232 4.672787736153634 -2.122571518830905 0
5233 4.547930111604209 -2.277324593827668 0
5234 4.41561130790603 -2.415625237097916 0
5235 4.267039814843147 -2.548638651287148 0
5236 4.119911457801956 -2.678685285559866 0
5237 3.975174561488072 -2.785755185592206 0
5238 3.816756558730508 -2.910072518700509 0
5239 3.641946073584225 -2.986186509455035 0
5240 3.464556730584714 -3.089460011339392 0
5241 3.292342428285891 -3.175099575817752 0
5242 3.10201954708281 -3.23370271257189 0
5243 2.91471446519343 -3.288221644331548 0
5244 2.722740949825803 -3.340030041588682 0
5245 2.534401710461346 -3.374142570912865 0
5246 2.33602152447506 -3.394424550937301 0
5247 2.144196556159895 -3.41310259902638 0
5248 1.95118055299039 -3.415952791235788 0
5249 1.756030455452844 -3.421148169362055 0
5250 1.564438501199033 -3.384400858108987 0
5251 1.370149030491462 -3.353922741736858 0
5252 1.171419072331649 -3.329051429171916 0
5253 0.9823459371867501 -3.259772505920699 0
5254 0.8116065097420312 -3.202669328884146 0
5255 0.6314898452337038 -3.124451947101589 0
5256 0.4490862176303377 -3.04386137146858 0
5257 0.2805063467582855 -2.953217819693386 0
5258 0.1139384779406971 -2.844622307107789 0
5259 -0.04501592095709857 -2.731787655088974 0
5260 -0.1980301813022328 -2.611085494037394 0
5261 -0.3416602366979191 -2.482061603325266 0
5262 -0.4856781566407491 -2.347571869052092 0
5263 -0.6203433685750119 -2.210250415466956 0
5264 -0.7348912683699027 -2.047351964280097 0
5265 -0.8466563584497365 -1.887487722243012 0
5266 -0.9554061902695806 -1.713524884143077 0
5267 -1.042374525686677 -1.555933560716551 0
5268 -1.124521071565189 -1.379903787763218 0
5269 -1.197882864241265 -1.192748641449416 0
5270 -1.26330191208018 -1.009022595889005 0
5271 -1.329052083091335 -0.8285763005616341 0
5272 -1.352247071265331 -0.621297383237693 0
5273 -1.401874477294216 -0.4375094383097171 0
5274 -1.416294149869526 -0.244231573651064 0
5275 5.092516832349759 -0.5539639462611448 0
5276 4.168834605123465 -2.263796707582046 0
5277 0.6368677824690907 -2.823205893135909 0
5278 -0.8246255920978506 -1.346195410792379 0
5279 2.423997734619935 -3.106259003798606 0
5280 4.377735021017282 -2.053173401514385 0
5281 -0.6808512960000909 -1.625320117423603 0
5282 2.716802994311577 -3.058649753438244 0
5283 0.373102672695334 -2.687444082337131 0
5284 0.9741627301346761 -2.963611882355539 0
5285 5.013818947811772 -0.8888885532057622 0
5286 -0.9443964514513157 -1.033759038448886 0
5287 2.067778693546989 -3.13254943856503 0
5288 3.891438979642732 -2.50156080424744 0
5289 4.581370720867967 -1.762073858097375 0
5290 -0.4794856111673955 -1.918093321824746 0
5291 3.052651754702252 -2.942839337202907 0
5292 0.09418646333238476 -2.483203613650638 0
5293 1.250086934879617 -3.050697279979323 0
5294 4.896354378246022 -1.1997092649079 0
5295 1.768900062022212 -3.12653720045217 0
5296 -1.050702925038474 -0.7499026104488906 0
5297 3.638028500776108 -2.673019572568901 0
5298 4.747991962834737 -1.509025187826907 0
5299 -0.2843444536901052 -2.147181236767154 0
5300 -1.101411573344166 -0.3941373757012213 0
5301 3.336189449698308 -2.836056170309224 0
5302 5.145031515091452 -0.2686680254118671 0
5303 5.416397107802423 -0.1470841573110171 0
5304 -1.327258556597199 -0.09924325562920995 0
5305 5.107337597115276 -0.4054101062265545 0
5306 5.228224975282963 -0.3395813503351258 0
5307 5.227583442310004 -0.4805928733694588 0
5308 5.215985862663926 -0.6234273058701866 0
5309 5.102867548947549 -0.6844180656256464 0
5310 4.273048825085741 -2.155424595710723 0
5311 4.296913124276867 -2.29012342445475 0
5312 4.210862002581427 -2.383595691463962 0
5313 4.069396003447276 -2.362267491738212 0
5314 4.402990936147885 -2.19795486312091 0
5315 4.495971988538622 -2.0934412955399 0
5316 4.493147060752102 -1.968163462592136 0
5317 4.144412819469343 -2.497951779667892 0
5318 2.57200833874404 -3.079839705152332 0
5319 2.51214097731107 -3.202840429849526 0
5320 2.387582537427095 -3.227881502085334 0
5321 2.285822449438235 -3.125768363785248 0
5322 2.652135050920373 -3.190625470796121 0
5323 2.788789836152578 -3.160725109816408 0
5324 2.860140884132799 -3.057712763151096 0
5325 2.266077561659531 -3.277397621453064 0
5326 -0.7507421439238473 -1.488032717122667 0
5327 -0.8206316272364265 -1.618274441096285 0
5328 -0.7558426417194993 -1.735793176120772 0
5329 -0.6146981921480511 -1.747280489657028 0
5330 -0.8816140144551575 -1.476185643141719 0
5331 -0.9618877147732491 -1.345965966953461 0
5332 -0.9021170875059379 -1.194648038668216 0
5333 -1.041891439142975 -1.22584540005882 0
5334 0.5042650574277947 -2.752342515583306 0
5335 0.5231931031508622 -2.887823067478516 0
5336 0.6339167072559193 -2.950127026710838 0
5337 0.7618680552316652 -2.886127801790718 0
5338 0.3938238403865591 -2.832944640503501 0
5339 0.2730948198566227 -2.762277092063352 0
5340 0.243029152116315 -2.642366132108331 0
5341 0.7324519335017974 -3.038353714368077 0
5342 1.112228925084518 -3.004256577223394 0
5343 1.011689442712627 -3.087230477709045 0
5344 1.147131536371391 -3.127016705461678 0
5345 1.2664980890267 -3.192322508296526 0
5346 1.37615856743568 -3.133423018609408 0
5347 4.686847619113745 -1.650626693602556 0
5348 4.810682558073937 -1.61136161936751 0
5349 4.872439510529378 -1.521856699067896 0
5350 4.829314588267275 -1.401803840520764 0
5351 4.698069793200991 -1.783961205318697 0
5352 4.61790115016316 -1.891057120376582 0
5353 3.203491358061925 -2.914674452590989 0
5354 3.326755360787418 -2.955696691101807 0
5355 3.42932745813743 -2.919585513450489 0
5356 3.465003437546557 -2.797112227039515 0
5357 3.134198227496863 -3.029140566865439 0
5358 3.006391033463009 -3.068661035875488 0
5359 -0.4009731865724445 -2.046354329341339 0
5360 -0.4012151119589514 -2.175396257580331 0
5361 -0.335032763615897 -2.261608802902038 0
5362 -0.5317610880550128 -2.016473875792616 0
5363 -0.2118478901333904 -2.262719886503292 0
5364 -0.07717306946895718 -2.375637239906351 0
5365 -0.6209310692190441 -1.937383089072575 0
5366 4.952920891830174 -1.041556589815345 0
5367 5.088362441135118 -1.010650205725586 0
5368 5.030768873056997 -1.148495636937148 0
5369 4.992754102512057 -1.250731946665711 0
5370 5.134100408993942 -0.8959883028834476 0
5371 3.772699048088221 -2.580147560205946 0
5372 3.893951763485629 -2.630272181067035 0
5373 3.774441268704093 -2.710456456283647 0
5374 3.685539214265673 -2.770933182489532 0
5375 1.923402846173991 -3.129333837018128 0
5376 1.841934826368075 -3.239069132659713 0
5377 1.697514887613041 -3.247229324417407 0
5378 1.60301124802794 -3.114604009174225 0
5379 1.998139146135776 -3.252075206867462 0
5380 -0.9988462081552107 -0.8929561833138596 0
5381 -1.092918264854476 -1.00138128274157 0
5382 -1.127068950861606 -0.8559013191689965 0
5383 -1.182939845144659 -0.7323306361555538 0
5384 -1.116978679435039 -0.621247205557929 0
5385 5.250975965192796 -0.2195357290677146 0
5386 -1.135543477896552 -0.24420390074089 0
5387 -1.240630270452009 -0.340603966347892 0
5388 -1.215149060952709 -0.4848049245803531 0
5389 4.962737456568412 -1.451380341603187 0
5390 3.543804612453454 -2.915644809940066 0
5391 1.570534175443293 -3.258230672260731 0
5392 -0.3049244830877462 -2.37290837396875 0
5393 -0.1622808917825854 -2.489074450593679 0
5394 0.875269496167224 -3.05980807588181 0
5395 4.015215514320438 -2.56248325860385 0
5396 5.149999999999997 -0.08660254037844355 0
5397 5.390492101113228 -0.4382200936293634 0
5398 5.409101868737353 -0.2438487790454912 0
5399 2.131813040243842 -3.248748348636273 0
5400 4.615373011778759 -2.029897011256328 0
5401 2.92273768626934 -3.179498864585963 0
5402 0.1458589676229808 -2.736681687699505 0
5403 0.1196116877279821 -2.610836480623309 0
5404 5.218882821164752 -0.740559029802711 0
5405 5.357174420081337 -0.6304836827997594 0
5406 -0.9360372497460548 -1.599646519533064 0
5407 4.851212596008315 -1.876398272790964 0
5408 3.203760212517431 -3.193938806104509 0
5409 4.94731184720278 -1.725993742946117 0
5410 1.474475530664435 -3.363480704420759 0
5411 1.436988451783369 -3.25614295357704 0
5412 -0.5522870451547436 -2.269698739259152 0
5413 -0.4153808976214945 -2.415380897608903 0
5414 -1.372401307962745 -0.3386752100062491 0
5415 1.262570709738954 -3.314114817883417 0
5416 -1.374560472384928 -0.5197095027580029 0
5417 3.551138288672544 -3.038555049853861 0
5418 3.369911704523248 -3.128744708292795 0
5419 -0.6656339513727146 -2.131825364252235 0
5420 3.006287506614481 -3.261177643916399 0
5421 -0.7918808792071667 -1.968128785787724 0
5422 -0.7217982183878184 -1.86592138806731 0
5423 0.890818000683346 -3.246005204892485 0
5424 1.086703786232856 -3.293276120625888 0
5425 4.730975818220367 -2.046867179597692 0
5426 4.61112235292007 -2.203671402340259 0
5427 -0.9020775511699493 -1.805186929577899 0
5428 0.7153711027259357 -3.165100054882452 0
5429 2.630624314411262 -3.360776752182496 0
5430 2.817156806703921 -3.317586825491267 0
5431 5.315705653780729 -0.8211125249392184 0
5432 4.485600798610154 -2.348253835062738 0
5433 4.345697498572582 -2.484512161456578 0
5434 -1.087167511373626 -1.467102615727561 0
5435 0.5368655092799546 -3.087771908535082 0
5436 0.36170353622834 -3.00141488873861 0
5437 2.437349532354945 -3.388778957351126 0
5438 0.1976463778480552 -2.90269760810722 0
5439 -1.150302639064333 -1.29130771537615 0
5440 -1.112993429922254 -1.117873410224933 0
5441 4.199824389616245 -2.613216871209656 0
5442 -1.233276041780473 -1.101842002637488 0
5443 2.237606516109881 -3.399333646452443 0
5444 5.201136935552278 -1.196827779818595 0
5445 5.277745390408825 -1.010113016512812 0
5446 3.886271414688161 -2.8498703824513 0
5447 2.048386798268723 -3.41731535529252 0
5448 4.057969586617616 -2.744376944061838 0
5449 -0.1228017552643836 -2.668939795469401 0
5450 -0.03962974588759397 -2.618978026706566 0
5451 -0.03696476534211378 -2.498184921626783 0
5452 0.03798971491610384 -2.787923425465192 0
5453 1.848272595141517 -3.411826895092424 0
5454 -1.309138959349722 -0.730712135487524 0
5455 3.736285922292874 -2.940879424679785 0
5456 -1.293865851579445 -0.911853282644505 0
5457 5.133290691371569 -1.358656938912354 0
5458 5.040915112970419 -1.546506360131892 0
5459 -0.2735504391738746 -2.549332885611647 0
5460 1.668181799886402 -3.401269068679781 0
5461 1.493268554906018 -3.165337978893786 0
5462 -1.237905298597481 -0.6261520007844614 0
5463 -1.412334002727807 -0.1484299189351557 0
5464 -1.113343424365968 -0.1133114865424273 0
5465 5.353048112715927 -0.0814486841353928 0
5466 -1.295502274431209 -0.2301509365391154 0
5467 5.323259948896169 -0.2865659004854509 0
5468 -1.015388898824148 -1.644701166385923 0
5469 1.901371831120726 -3.329080506143784 0
5470 1.336580539494701 -3.26168189821695 0
5471 4.747651701841239 -1.872196997634568 0
5472 3.122447136776538 -3.12966833684675 0
5473 -0.6346202431896328 -2.034697289418974 0
5474 0.04309617274793932 -2.679726700222948 0
5475 4.820081309745239 -1.743673814048067 0
5476 -0.5304434798259621 -2.143508274184357 0
5477 3.256587952535228 -3.068263952797338 0
5478 -0.8524664192041412 -1.722850616728889 0
5479 5.334732395782965 -0.1803812075258621 0
5480 0.531678084440888 -2.992449692676115 0
5481 4.321174062790258 -2.39225150642709 0
5482 2.471739108440266 -3.299724005633101 0
5483 -0.1118739591719931 -2.566481989454129 0
5484 0.2119108882479015 -2.535893782666663 0
5485 5.314017502648013 -0.3902809593787896 0
5486 2.086627358154376 -3.333804654380361 0
5487 5.014134248142549 -0.7743011870370557 0
5488 4.921432536566307 -1.327783059610085 0
5489 3.582955343569657 -2.791369788422946 0
5490 5.212727508311442 -0.8564388593808072 0
5491 5.068148231937809 -0.0806536092870427 0
5492 4.49879844638503 -1.852632278385953 0
5493 2.932620477487864 -2.967567872771717 0
5494 2.574381172537796 -3.286471017199905 0
5495 4.396423325833443 -2.321198122017794 0
5496 0.4381554520749757 -2.948126459052455 0
5497 -1.067504303269351 -0.5162311377614108 0
5498 -0.9907998133511804 -1.473821416033608 0
5499 5.29514636697126 -0.5551570533775492 0
5500 1.472985528892254 -3.057481472984417 0
5501 4.904644977894081 -1.640000583226558 0
5502 -0.4573699535732312 -2.255725608060011 0
5503 3.385938993812342 -3.03409582454521 0
5504 5.197322845458304 -0.9872016531078605 0
5505 1.054482361947355 -3.188703565709471 0
5506 5.140218531894793 -1.111225997951531 0
5507 3.884106461817933 -2.740388045699863 0
5508 -1.200620340616173 -0.9387513953599005 0
5509 -1.002322688778922 -1.134330894692572 0
5510 0.9171078476462733 -3.150990084358923 0
5511 4.003585376167144 -2.66210626230059 0
5512 5.185210201008932 -0.1634830104861072 0
5513 0.8500032524402075 -2.959337483335074 0
5514 4.008193821622992 -2.459125227997979 0
5515 5.427399095920824 -0.07155954663506896 0
5516 -1.062864145723613 -1.328223412056188 0
5517 1.761966264957942 -3.33922812570352 0
5518 0.01693912725649238 -2.383579627195194 0
5519 -1.305258662789122 -0.4304715733263431 0
5520 4.519336253614131 -2.193363868110421 0
5521 2.748958909126892 -3.255297339591257 0
5522 0.2817543327416672 -2.864530853793561 0
5523 3.031976582041235 -3.174541718759298 0
5524 4.700835397688831 -1.961677584109997 0
5525 -0.7046596671350811 -1.962465616997185 0
5526 -1.297024113197914 -0.5364870769373707 0
5527 1.169473105987798 -3.235532367416466 0
5528 5.10261716187788 -1.245575415182298 0
5529 -1.231655870525483 -0.8260669494866479 0
5530 3.777057654211071 -2.830719641960693 0
5531 -1.17824360926331 -1.034847035694985 0
5532 -0.569927372942144 -1.849451552280098 0
5533 1.997141137333998 -3.349645702783983 0
5534 2.180136836206557 -3.159621007220748 0
5535 2.173264206465505 -3.334477373989705 0
5536 5.32043609708197 -0.4797601605264705 0
5537 5.087974039734553 -0.1783334073479349 0
5538 0.8028980957711027 -3.121625720277499 0
5539 4.1031459302358 -2.59891309147262 0
5540 5.032738421858667 -1.347481884450203 0
5541 3.661264803396159 -2.872622226158009 0
5542 1.652527125819942 -3.326071609834085 0
5543 -1.219130222398239 -0.1373819158903285 0
5544 -0.2535817687701803 -2.459204797248398 0
5545 0.0340501624436635 -2.565690911832432 0
5546 -0.8160420976290244 -1.805493555602253 0
5547 5.116088580562 -0.8067656663225715 0
5548 -1.424574582791106 -0.0695238704673844 0
5549 -0.1848475021427966 -2.372479611003379 0
5550 -1.040682245340203 -1.398558092974963 0
5551 -0.3996772509078236 -2.330639110318359 0
5552 3.474953216732096 -2.999468241825804 0
5553 4.956305474813869 -1.55966495780948 0
5554 0.6132804159424525 -3.03863085787834 0
5555 4.257837239651351 -2.461389958060534 0
5556 2.37975405287138 -3.317641327491986 0
5557 2.665768079364425 -3.286640124271692 0
5558 4.470456285161965 -2.267619056427906 0
5559 0.3511887016379655 -2.920046932356303 0
5560 4.588093715556263 -2.123858118730792 0
5561 2.845439318763317 -3.239480629259107 0
5562 0.1953170395188649 -2.8195258356744 0
5563 -0.1048056516132718 -2.274548191039842 0
5564 4.80923884715456 -1.298559910753455 0
5565 3.509440364548736 -2.70178574783156 0
5566 3.035975149263301 1.057759519557157 0
5567 4.964027668334228 1.057763077811864 0
5568 4.374039038144764 1.052267853485849 0
5569 4.633333333333336 1.057318391006933 0
5570 3.433198521682497 1.056439631031562 0
5571 3.227774273054401 1.056670291740973 0
5572 4.166205611181157 1.052968280658815 0
5573 3.96717477423789 1.066197866159298 0
5574 3.623008049656046 1.05187473840883 0
5575 5.033751123976426 1.05991058008216 0
5576 2.966249345623138 1.059909987039711 0
5577 4.996865576449546 1.120518443641752 0
5578 3.003137789014149 1.120515688782922 0
5579 5.397244971891091 0.9539195368017648 0
5580 2.602755028108666 0.953919536801629 0
5581 5.072644380870338 1.120501356276309 0
5582 2.927355619129612 1.120501356276341 0
5583 3.761885579915095 1.425906249378033 0
5584 4.749824311038521 1.410142150265274 0
5585 4.495204567254494 1.051837605186487 0
5586 3.76645628230945 1.056301284509279 0
5587 4.764447843544552 1.054678033864042 0
5588 3.353104616163731 1.40218574558524 0
5589 4.249929533417427 1.42119459393329 0
5590 4.048807120315071 1.424693661670625 0
5591 3.549659786157749 1.420941521670623 0
5592 2.917671727310094 0.3524272093736421 0
5593 5.082328272689863 0.3524272093737396 0
5594 2.917355002851914 0.5514598602333844 0
5595 5.082644997148088 0.5514598602335014 0
5596 2.586413363234 0.7506206974439358 0
5597 5.413586636766006 0.750620697443962 0
5598 4.450560902509414 1.420022497167344 0
5599 5.107262817077117 1.057695429972555 0
5600 2.892737261189374 1.057695331132143 0
5601 3.15652993346071 1.41152409948758 0
5602 5.035369306724289 1.186613401216135 0
5603 4.956333227807892 1.184751750164095 0
5604 2.964632568444483 1.186609869581556 0
5605 5.149267160074567 1.121367270521328 0
5606 2.850732852969685 1.12136725404799 0
5607 2.592765354005748 0.2504477289484704 0
5608 5.407234645993992 0.2504477289484924 0
5609 5.410781999139039 0.4505145888373888 0
5610 2.589218000860849 0.4505145888373684 0
5611 2.92052480787372 0.8548145576945732 0
5612 5.079475192126282 0.8548145576946315 0
5613 3.043667012955202 1.184744492475521 0
5614 5.187291623828443 1.052050574471563 0
5615 2.81270839138979 1.052050555252552 0
5616 3.004318525388481 1.25482534498508 0
5617 2.924020894264079 1.256045576892515 0
5618 4.995723557375979 1.252198029968398 0
5619 5.070417862493402 1.249402636830264 0
5620 5.230185118833896 1.120880530483847 0
5621 2.769814885876218 1.120880524535218 0
5622 4.91517379960754 1.25214053561758 0
5623 5.251044674419019 0.08883175386030809 0
5624 2.748955325580837 0.0888317538603033 0
5625 2.735987370356716 1.33137955531702 0
5626 5.261821119226735 1.321035773706376 0
5627 4.876524176632477 1.181427756279233 0
5628 4.834427050446059 1.249039751377519 0
5629 3.084720512872056 1.252486824390296 0
5630 3.123468492365625 1.181486411314206 0
5631 3.165804604363272 1.249497878782568 0
5632 4.966489891945432 1.321730756299328 0
5633 5.270449006361009 1.051572933295498 0
5634 5.232607228202497 0.9687222717937767 0
5635 2.729550996959987 1.051572929100791 0
5636 2.767392774445864 0.968722268448817 0
5637 2.960752131537931 1.326087337083817 0
5638 2.809799158637094 1.188926135430885 0
5639 5.188940122571922 1.190256753407962 0
5640 5.096049858289014 0.1570978103892089 0
5641 2.903950141710953 0.1570978103892452 0
5642 5.316162784568523 1.12030310336604 0
5643 2.683837216769554 1.120303101675822 0
5644 4.79154150583567 1.168638440077289 0
5645 4.752684797871834 1.244414885335804 0
5646 4.708789444057112 1.175278383489838 0
5647 4.672912749884323 1.242084641534474 0
5648 3.20349468098776 1.180766055687773 0
5649 3.246545010237498 1.24653604478915 0
5650 3.284084807257362 1.178018132602327 0
5651 3.327135620252402 1.243242268236345 0
5652 3.364024308212035 1.174406947879838 0
5653 3.407433718191241 1.239756390705553 0
5654 3.441638411915579 1.172950928710362 0
5655 3.487131965020903 1.236343542802422 0
5656 3.521625661054133 1.167881794246481 0
5657 3.566796453109018 1.22817168278593 0
5658 3.450537047935481 1.303593120324802 0
5659 4.632698909567459 1.175306095561747 0
5660 4.592059028018565 1.239685113603828 0
5661 4.629637308260009 1.31190892701431 0
5662 4.557614301828506 1.173153750241886 0
5663 4.512681350636029 1.236594761967674 0
5664 4.478223077556423 1.168581348057526 0
5665 4.432981902930967 1.232993693518778 0
5666 2.873719094588188 1.335834155985657 0
5667 5.112173633470764 1.412449756223922 0
5668 3.6041302035486 1.165602996590637 0
5669 3.646942422063827 1.224715160836773 0
5670 3.686247263531558 1.162664709451581 0
5671 3.729258895483188 1.22486507985127 0
5672 4.395824912091976 1.167143228828034 0
5673 4.352876700859759 1.229833182433682 0
5674 4.315746590578104 1.163600191274522 0
5675 4.273358652230066 1.223620277462552 0
5676 4.236494719343114 1.159426918492297 0
5677 4.198606615737598 1.216079296497501 0
5678 4.309492195386855 1.283944808169245 0
5679 3.678177879726468 1.302089482456974 0
5680 3.771501451476232 1.291042398552976 0
5681 3.810474427682914 1.218872409177002 0
5682 3.856685553884466 1.288250277981126 0
5683 3.893175200997787 1.214203558067329 0
5684 3.940329708515681 1.282795646809825 0
5685 3.97621182726531 1.208979879182362 0
5686 4.028434193982685 1.27828569596994 0
5687 4.055940521090145 1.204465833549702 0
5688 3.845697113503533 1.136937435399569 0
5689 3.903513074918449 1.357542269748654 0
5690 3.325900012389297 1.116026972537968 0
5691 4.157237196854689 1.151228179109411 0
5692 4.09870683635309 1.266374371767067 0
5693 3.293049575290979 1.322299630506006 0
5694 4.847695611589997 1.112173904566327 0
5695 3.16187561943467 1.109727164773791 0
5696 4.272927712727371 1.10698278509985 0
5697 5.072421415824105 0.9482270071068049 0
5698 2.927578584175887 0.9482270071068022 0
5699 4.008552718938819 1.135297581568072 0
5700 4.465214318532134 1.300628860161796 0
5701 5.356411094350138 1.043678973966897 0
5702 2.64358890564907 1.043678973966747 0
5703 3.929356842518822 1.139690065525535 0
5704 3.89120521242112 1.072968045847364 0
5705 4.79450932420498 1.325459825179654 0
5706 3.56068544466971 1.101543699017091 0
5707 3.767847445506733 1.155172543699011 0
5708 3.660815538959604 1.404405330046924 0
5709 4.150103279933612 1.421684629012361 0
5710 4.200124023768343 1.352291080288154 0
5711 4.349188115175341 1.424922733221972 0
5712 3.450594047651539 1.421603347636208 0
5713 3.251952942775014 1.408879849373955 0
5714 3.587423453393248 1.344271175769013 0
5715 4.038816875691105 1.06643186311064 0
5716 3.06966923272282 1.407822018192351 0
5717 4.923574376802359 1.118379206702447 0
5718 3.078020677172158 1.117977435497129 0
5719 4.646830789209363 1.40139806257459 0
5720 4.548600919869172 1.423746591121599 0
5721 4.844399102546555 1.412730084149556 0
5722 5.414718475904157 0.8522727547354099 0
5723 5.331111291231846 0.797267026228057 0
5724 5.326671762120172 0.7018210014122286 0
5725 5.243175300653692 0.75393201841736 0
5726 5.240729099997694 0.6547965438067429 0
5727 5.324134706769271 0.6025248507236585 0
5728 5.236482626770615 0.5551747036553804 0
5729 5.162968345733226 0.7046345118651423 0
5730 5.256154654452742 0.8622040317013022 0
5731 5.321617641580975 0.5027882815297652 0
5732 5.232227671953154 0.4552909181238451 0
5733 5.318659658202812 0.4028079032803941 0
5734 5.229408222600837 0.355336019149016 0
5735 5.316166503992372 0.30282122829515 0
5736 5.227246214681385 0.2566287199865658 0
5737 5.305750419731249 0.1846964861077245 0
5738 5.40903380231051 0.1481873797944248 0
5739 2.585281524095906 0.8522727547353107 0
5740 2.668888708768169 0.7972670262278988 0
5741 2.673328237879789 0.7018210014121103 0
5742 2.756824699346317 0.7539320184171535 0
5743 2.759270900002232 0.6547965438065293 0
5744 2.675865293230589 0.6025248507235476 0
5745 2.763517373229184 0.5551747036551601 0
5746 2.837031654266778 0.7046345118649473 0
5747 2.743845345925598 0.8622040312232402 0
5748 2.678382358418789 0.5027882815296474 0
5749 2.767772328046502 0.4552909181236184 0
5750 2.681340341796842 0.4028079032802754 0
5751 2.770591777398709 0.3553360191487884 0
5752 2.683833496007177 0.3028212282950295 0
5753 2.7727537853181 0.2566287199863692 0
5754 2.694249580268441 0.1846964861076981 0
5755 2.590966197689217 0.1481873797944424 0
5756 5.158616111398091 0.9047369905013818 0
5757 5.314270472283111 0.9287266165152821 0
5758 2.841383889106349 0.904736989864159 0
5759 2.685729527716868 0.9287266165147428 0
5760 3.123601937557787 1.325806569541653 0
5761 5.408807134554701 0.3510985748932778 0
5762 2.591192865445103 0.3510985748932308 0
5763 5.410818787867952 0.5508077375090971 0
5764 2.589181212131927 0.5508077375090683 0
5765 4.087507292851932 1.127699525495106 0
5766 5.081410559709014 0.4530740581106951 0
5767 2.918589440290953 0.45307405811056 0
5768 2.917389720176515 0.2573049212601027 0
5769 5.082610279823406 0.2573049212601168 0
5770 5.412535315587233 0.6509623811811838 0
5771 2.587464684412717 0.6509623811811365 0
5772 4.43818934932429 1.101380066372508 0
5773 4.950000000000001 1.419795707010616 0
5774 5.36619891641021 1.195120000325922 0
5775 2.63380108381284 1.195120000045074 0
5776 4.565867427875751 1.055625164707078 0
5777 3.694249755065781 1.054879486361035 0
5778 3.504536216614256 1.051625989920701 0
5779 4.699630196146311 1.056311482505926 0
5780 2.923312321734863 1.404788663516249 0
5781 3.995839953832989 1.354140291262724 0
5782 3.815437517709407 1.356645153585999 0
5783 4.875212153528455 1.323368969055333 0
5784 5.03595657471015 1.371714068904646 0
5785 5.27737187677497 1.191325064371516 0
5786 2.723249863025318 1.192157955045472 0
5787 3.206247333947543 1.327424012080152 0
5788 4.549323844455971 1.305034146070187 0
5789 4.380170873821725 1.297366554079111 0
5790 3.370313609848116 1.309916644138845 0
5791 4.707733213411505 1.322568081984018 0
5792 3.365270499583354 1.056015052496821 0
5793 5.153392481820166 0.08080343476404163 0
5794 2.846607518179804 0.08080343476404186 0
5795 5.109025548183163 1.184910192088441 0
5796 2.887842389892631 1.187779670453655 0
5797 3.038537125058597 1.326070232709841 0
5798 5.082832014181339 0.6467570867378699 0
5799 2.917167985818695 0.6467570867377748 0
5800 5.20005527745622 0.1656859635780434 0
5801 2.79994472254378 0.1656859635780102 0
5802 2.597041366887094 1.115772528872877 0
5803 5.402958633298089 1.115772529107088 0
5804 3.532866410299048 1.291585741111222 0
5805 4.102330505325721 1.056389509041822 0
5806 2.836519428348185 0.8068171186653403 0
5807 5.163480571798935 0.8068171188513145 0
5808 4.896265594054753 1.05567073711676 0
5809 3.1070896854228 1.056006552062539 0
5810 3.83009616387226 1.05586604625919 0
5811 5.135912571683427 0.9895033438293706 0
5812 2.864087444422824 0.9895033234891004 0
5813 3.952149035763433 1.428909823239309 0
5814 3.399449736741571 1.114259308992932 0
5815 4.599108331003837 1.114491455583047 0
5816 2.655819437444314 0.08162909302532026 0
5817 5.344180562555515 0.08162909302526458 0
5818 2.919013557489169 0.7562897574682323 0
5819 5.080986442523313 0.7562897574841261 0
5820 4.666666666666687 1.113551773085038 0
5821 5.187549196577661 1.370770710337367 0
5822 5.179942115281097 1.296156678091716 0
5823 2.836419792490915 0.607271600524614 0
5824 5.163580207509091 0.6072716005249202 0
5825 4.098575522252932 1.339427868572479 0
5826 5.317618897579775 1.264625380820524 0
5827 2.682951332575245 1.267542821144934 0
5828 4.23428258793929 1.051368212377651 0
5829 2.846959124295392 1.259367786025562 0
5830 4.828781282990873 1.053732014817664 0
5831 3.166014582249041 1.044480801715461 0
5832 4.73333333333329 1.112320697079545 0
5833 2.797676057229565 1.378521473479502 0
5834 3.243798948083451 1.121174583971477 0
5835 2.838317322903844 0.5066642779267259 0
5836 5.161682677096092 0.5066642779270133 0
5837 3.297737107210307 1.0525396817892 0
5838 2.841272549019975 0.4056606205789474 0
5839 5.158727450979863 0.4056606205791807 0
5840 2.841179666620969 0.3077458372550538 0
5841 5.158820333378849 0.3077458372553019 0
5842 3.476855665446291 1.110783558653188 0
5843 4.522367842473884 1.110844898358088 0
5844 3.85549753471773 1.428167249325332 0
5845 5.10761015007724 1.322197810248293 0
5846 4.200126645597703 1.103571120537139 0
5847 2.767714447974306 1.258687324342472 0
5848 4.125218921046947 1.208644313035151 0
5849 5.430881740975066 1.042360209488735 0
5850 2.569118259051106 1.042360209455406 0
5851 4.434819924278043 1.041097105008969 0
5852 3.726212502152205 1.108166422838959 0
5853 5.231033276320479 1.248932939418248 0
5854 3.497101648894592 1.357076645001399 0
5855 3.645028855137696 1.112847114735797 0
5856 4.357367183555727 1.115919629196922 0
5857 5.425869291427375 0.07413070857257721 0
5858 2.574130708572544 0.07413070857249471 0
5859 5.035239607320441 1.303448660450186 0
5860 3.793389983069658 1.103249418700782 0
5861 3.564312608854669 1.041008885469324 0
5862 5.073205080756747 0.07320508075668952 0
5863 2.926794919243254 0.07320508075669255 0
5864 4.231316957366036 1.275030740849111 0
5865 5.069869585712215 1.011067272198178 0
5866 2.930130527082245 1.011067129753551 0
5867 4.499668938376677 1.362747697419194 0
5868 4.301675366269569 1.044480930084158 0
5869 3.736522398945284 1.353803468386481 0
5870 4.398348234496914 1.367497817980164 0
5871 4.300672925769711 1.358395167522852 0
5872 2.847043607274063 0.2288926504937562 0
5873 5.152956392725775 0.2288926504938473 0
5874 4.138239292898582 1.098900804364225 0
5875 4.165604068727683 1.277948141355663 0
5876 2.687737646001215 0.9923009004345166 0
5877 5.312262354607494 0.9923009012040935 0
5878 4.791310528547023 1.102343645797558 0
5879 2.807339838956076 1.312749693090959 0
5880 5.04262473306603 1.44358556989959 0
5881 5.137514456364462 1.241319734278649 0
5882 2.998454162210842 1.392953650300452 0
5883 3.414861365279564 1.360051109123551 0
5884 4.58306217987735 1.359923518168257 0
5885 2.858621674289832 1.413797326135904 0
5886 5.346420454946806 0.87118190876126 0
5887 2.65357954507284 0.8711819087360844 0
5888 3.609416939891978 1.274412938685149 0
5889 3.066666666666666 0.09999999999981414 0
5890 3.066666666666666 0.1999999999995569 0
5891 3.066666666666666 0.299999999999265 0
5892 3.066666666666667 0.3999999999989731 0
5893 3.066666666666666 0.4999999999986921 0
5894 3.066666666666666 0.599999999998945 0
5895 3.066666666666667 0.6999999999992088 0
5896 3.066666666666667 0.7999999999994725 0
5897 3.066666666666666 0.8999999999997362 0
5898 3.133333333333333 0.09999999999981414 0
5899 3.133333333333333 0.1999999999995569 0
5900 3.133333333333334 0.299999999999265 0
5901 3.133333333333333 0.3999999999989731 0
5902 3.133333333333333 0.499999999998692 0
5903 3.133333333333334 0.599999999998945 0
5904 3.133333333333333 0.6999999999992088 0
5905 3.133333333333333 0.7999999999994725 0
5906 3.133333333333333 0.8999999999997362 0
5907 3.2 0.09999999999981415 0
5908 3.2 0.1999999999995569 0
5909 3.199999999999999 0.299999999999265 0
5910 3.200000000000001 0.3999999999989731 0
5911 3.2 0.4999999999986921 0
5912 3.2 0.599999999998945 0
5913 3.2 0.6999999999992088 0
5914 3.2 0.7999999999994725 0
5915 3.2 0.8999999999997362 0
5916 3.266666666666667 0.09999999999981414 0
5917 3.266666666666666 0.1999999999995569 0
5918 3.266666666666667 0.299999999999265 0
5919 3.266666666666666 0.3999999999989731 0
5920 3.266666666666667 0.4999999999986921 0
5921 3.266666666666667 0.599999999998945 0
5922 3.266666666666667 0.6999999999992088 0
5923 3.266666666666667 0.7999999999994725 0
5924 3.266666666666667 0.8999999999997362 0
5925 3.333333333333333 0.09999999999981415 0
5926 3.333333333333334 0.1999999999995569 0
5927 3.333333333333334 0.299999999999265 0
5928 3.333333333333334 0.3999999999989732 0
5929 3.333333333333333 0.4999999999986922 0
5930 3.333333333333333 0.599999999998945 0
5931 3.333333333333333 0.6999999999992088 0
5932 3.333333333333334 0.7999999999994725 0
5933 3.333333333333333 0.8999999999997362 0
5934 3.4 0.09999999999981414 0
5935 3.399999999999999 0.1999999999995569 0
5936 3.4 0.299999999999265 0
5937 3.4 0.3999999999989731 0
5938 3.4 0.499999999998692 0
5939 3.399999999999999 0.599999999998945 0
5940 3.400000000000001 0.6999999999992088 0
5941 3.4 0.7999999999994725 0
5942 3.4 0.8999999999997362 0
5943 3.466666666666667 0.09999999999981414 0
5944 3.466666666666667 0.1999999999995569 0
5945 3.466666666666667 0.299999999999265 0
5946 3.466666666666667 0.3999999999989731 0
5947 3.466666666666667 0.4999999999986921 0
5948 3.466666666666667 0.599999999998945 0
5949 3.466666666666667 0.6999999999992088 0
5950 3.466666666666667 0.7999999999994725 0
5951 3.466666666666667 0.8999999999997362 0
5952 3.533333333333333 0.09999999999981414 0
5953 3.533333333333333 0.1999999999995569 0
5954 3.533333333333334 0.299999999999265 0
5955 3.533333333333333 0.3999999999989731 0
5956 3.533333333333334 0.4999999999986921 0
5957 3.533333333333333 0.599999999998945 0
5958 3.533333333333333 0.6999999999992088 0
5959 3.533333333333333 0.7999999999994725 0
5960 3.533333333333333 0.8999999999997362 0
5961 3.600000000000001 0.09999999999981414 0
5962 3.6 0.1999999999995569 0
5963 3.6 0.299999999999265 0
5964 3.599999999999999 0.3999999999989731 0
5965 3.600000000000001 0.499999999998692 0
5966 3.6 0.599999999998945 0
5967 3.599999999999999 0.6999999999992088 0
5968 3.6 0.7999999999994725 0
5969 3.6 0.8999999999997362 0
5970 3.666666666666667 0.09999999999981415 0
5971 3.666666666666667 0.1999999999995569 0
5972 3.666666666666666 0.299999999999265 0
5973 3.666666666666666 0.3999999999989732 0
5974 3.666666666666666 0.4999999999986922 0
5975 3.666666666666667 0.599999999998945 0
5976 3.666666666666667 0.6999999999992088 0
5977 3.666666666666667 0.7999999999994725 0
5978 3.666666666666667 0.8999999999997362 0
5979 3.733333333333333 0.09999999999981414 0
5980 3.733333333333333 0.1999999999995569 0
5981 3.733333333333334 0.299999999999265 0
5982 3.733333333333334 0.3999999999989731 0
5983 3.733333333333334 0.4999999999986921 0
5984 3.733333333333333 0.599999999998945 0
5985 3.733333333333333 0.6999999999992088 0
5986 3.733333333333333 0.7999999999994725 0
5987 3.733333333333333 0.8999999999997362 0
5988 3.8 0.09999999999981415 0
5989 3.8 0.1999999999995569 0
5990 3.8 0.299999999999265 0
5991 3.8 0.3999999999989731 0
5992 3.8 0.4999999999986921 0
5993 3.799999999999999 0.599999999998945 0
5994 3.8 0.6999999999992088 0
5995 3.8 0.7999999999994725 0
5996 3.8 0.8999999999997362 0
5997 3.866666666666667 0.09999999999981414 0
5998 3.866666666666667 0.1999999999995569 0
5999 3.866666666666666 0.299999999999265 0
6000 3.866666666666667 0.3999999999989731 0
6001 3.866666666666667 0.499999999998692 0
6002 3.866666666666667 0.599999999998945 0
6003 3.866666666666667 0.6999999999992088 0
6004 3.866666666666667 0.7999999999994725 0
6005 3.866666666666666 0.8999999999997362 0
6006 3.933333333333334 0.09999999999981414 0
6007 3.933333333333333 0.1999999999995569 0
6008 3.933333333333334 0.299999999999265 0
6009 3.933333333333334 0.3999999999989731 0
6010 3.933333333333334 0.4999999999986921 0
6011 3.933333333333334 0.599999999998945 0
6012 3.933333333333334 0.6999999999992088 0
6013 3.933333333333333 0.7999999999994725 0
6014 3.933333333333334 0.8999999999997362 0
6015 4.066666666666666 0.09999999999981414 0
6016 4.066666666666666 0.1999999999995569 0
6017 4.066666666666666 0.299999999999265 0
6018 4.066666666666666 0.3999999999989731 0
6019 4.066666666666666 0.4999999999986921 0
6020 4.066666666666666 0.599999999998945 0
6021 4.066666666666666 0.6999999999992088 0
6022 4.066666666666666 0.7999999999994725 0
6023 4.066666666666666 0.8999999999997362 0
6024 4.133333333333334 0.09999999999981414 0
6025 4.133333333333334 0.1999999999995569 0
6026 4.133333333333334 0.299999999999265 0
6027 4.133333333333335 0.3999999999989731 0
6028 4.133333333333334 0.499999999998692 0
6029 4.133333333333335 0.599999999998945 0
6030 4.133333333333334 0.6999999999992088 0
6031 4.133333333333334 0.7999999999994725 0
6032 4.133333333333334 0.8999999999997362 0
6033 4.2 0.09999999999981415 0
6034 4.2 0.1999999999995569 0
6035 4.2 0.299999999999265 0
6036 4.2 0.3999999999989731 0
6037 4.2 0.4999999999986921 0
6038 4.2 0.599999999998945 0
6039 4.2 0.6999999999992088 0
6040 4.2 0.7999999999994725 0
6041 4.2 0.8999999999997362 0
6042 4.266666666666667 0.09999999999981414 0
6043 4.266666666666667 0.1999999999995569 0
6044 4.266666666666667 0.299999999999265 0
6045 4.266666666666667 0.3999999999989731 0
6046 4.266666666666667 0.4999999999986921 0
6047 4.266666666666667 0.599999999998945 0
6048 4.266666666666667 0.6999999999992088 0
6049 4.266666666666667 0.7999999999994725 0
6050 4.266666666666667 0.8999999999997362 0
6051 4.333333333333331 0.09999999999981414 0
6052 4.333333333333333 0.1999999999995569 0
6053 4.333333333333333 0.299999999999265 0
6054 4.333333333333333 0.3999999999989731 0
6055 4.333333333333333 0.4999999999986922 0
6056 4.333333333333333 0.599999999998945 0
6057 4.333333333333333 0.6999999999992088 0
6058 4.333333333333334 0.7999999999994725 0
6059 4.333333333333332 0.8999999999997363 0
6060 4.400000000000001 0.09999999999981414 0
6061 4.4 0.1999999999995569 0
6062 4.4 0.299999999999265 0
6063 4.4 0.3999999999989731 0
6064 4.4 0.499999999998692 0
6065 4.4 0.599999999998945 0
6066 4.4 0.6999999999992088 0
6067 4.4 0.7999999999994725 0
6068 4.4 0.8999999999997361 0
6069 4.466666666666664 0.09999999999981414 0
6070 4.466666666666665 0.1999999999995569 0
6071 4.466666666666667 0.299999999999265 0
6072 4.466666666666668 0.3999999999989731 0
6073 4.466666666666667 0.4999999999986921 0
6074 4.466666666666667 0.599999999998945 0
6075 4.466666666666667 0.6999999999992088 0
6076 4.466666666666667 0.7999999999994725 0
6077 4.466666666666667 0.8999999999997362 0
6078 4.533333333333333 0.09999999999981414 0
6079 4.533333333333331 0.1999999999995569 0
6080 4.533333333333333 0.299999999999265 0
6081 4.533333333333333 0.3999999999989731 0
6082 4.533333333333334 0.4999999999986921 0
6083 4.533333333333333 0.599999999998945 0
6084 4.533333333333333 0.6999999999992088 0
6085 4.533333333333333 0.7999999999994725 0
6086 4.533333333333333 0.8999999999997362 0
6087 4.600000000000001 0.09999999999981414 0
6088 4.6 0.1999999999995569 0
6089 4.6 0.299999999999265 0
6090 4.6 0.3999999999989731 0
6091 4.6 0.499999999998692 0
6092 4.6 0.599999999998945 0
6093 4.6 0.6999999999992088 0
6094 4.6 0.7999999999994725 0
6095 4.6 0.8999999999997361 0
6096 4.666666666666667 0.09999999999981414 0
6097 4.666666666666667 0.1999999999995569 0
6098 4.666666666666667 0.299999999999265 0
6099 4.666666666666667 0.3999999999989731 0
6100 4.666666666666667 0.4999999999986922 0
6101 4.666666666666667 0.599999999998945 0
6102 4.666666666666667 0.6999999999992088 0
6103 4.666666666666667 0.7999999999994725 0
6104 4.666666666666666 0.8999999999997363 0
6105 4.733333333333333 0.09999999999981414 0
6106 4.733333333333334 0.1999999999995569 0
6107 4.733333333333333 0.299999999999265 0
6108 4.733333333333333 0.3999999999989731 0
6109 4.733333333333334 0.4999999999986921 0
6110 4.733333333333333 0.599999999998945 0
6111 4.733333333333333 0.6999999999992088 0
6112 4.733333333333333 0.7999999999994725 0
6113 4.733333333333333 0.8999999999997362 0
6114 4.800000000000002 0.09999999999981415 0
6115 4.799999999999998 0.1999999999995569 0
6116 4.800000000000001 0.299999999999265 0
6117 4.8 0.3999999999989731 0
6118 4.799999999999998 0.4999999999986921 0
6119 4.8 0.599999999998945 0
6120 4.8 0.6999999999992088 0
6121 4.8 0.7999999999994725 0
6122 4.800000000000001 0.8999999999997362 0
6123 4.866666666666667 0.09999999999981414 0
6124 4.866666666666667 0.1999999999995569 0
6125 4.866666666666667 0.2999999999992651 0
6126 4.866666666666667 0.3999999999989731 0
6127 4.866666666666666 0.499999999998692 0
6128 4.866666666666667 0.599999999998945 0
6129 4.866666666666667 0.6999999999992088 0
6130 4.866666666666668 0.7999999999994725 0
6131 4.866666666666667 0.8999999999997362 0
6132 4.933333333333333 0.09999999999981414 0
6133 4.933333333333334 0.1999999999995569 0
6134 4.933333333333334 0.299999999999265 0
6135 4.933333333333334 0.3999999999989731 0
6136 4.933333333333334 0.4999999999986921 0
6137 4.933333333333334 0.599999999998945 0
6138 4.933333333333334 0.6999999999992088 0
6139 4.933333333333334 0.7999999999994725 0
6140 4.933333333333334 0.8999999999997362 0
6141 -3.035972331665772 -1.057763077811886 0
6142 -4.964024850736704 -1.057759519557146 0
6143 -3.967158856801407 -1.066164282558486 0
6144 -4.374041869237654 -1.051560761210177 0
6145 -4.166201989718783 -1.052977250506015 0
6146 -4.772225726945612 -1.056670291740953 0
6147 -4.56680147831751 -1.056439631031547 0
6148 -3.766516850162886 -1.05670816688902 0
6149 -3.578535308346558 -1.049327261241763 0
6150 -3.366970940856371 -1.056975969504093 0
6151 -5.035863552184829 -1.060640061351549 0
6152 -2.964135978215559 -1.060640654394009 0
6153 -4.997214360620504 -1.120637367834852 0
6154 -3.002782273915769 -1.120640122693776 0
6155 -5.417203295829609 -0.9453674929994813 0
6156 -2.582796704170353 -0.9453674929994268 0
6157 -5.072790774845354 -1.12144786983027 0
6158 -2.92720858597736 -1.121448427813859 0
6159 -3.24981493479595 -1.410352572620197 0
6160 -3.23555215226481 -1.054677934655632 0
6161 -4.251005355996716 -1.421384886803398 0
6162 -4.048727957605053 -1.421022847544863 0
6163 -4.451176954815833 -1.420740878095305 0
6164 -3.854441533165217 -1.421803659736794 0
6165 -3.660340200156824 -1.40615385250529 0
6166 -3.450241350673748 -1.424824433624391 0
6167 -4.647511255315678 -1.402184176292453 0
6168 -5.08175783097282 -0.7500000000003736 0
6169 -2.918242169027186 -0.750000000000373 0
6170 -2.916588283286507 -0.5509182048120872 0
6171 -5.085064085411449 -0.5501850722276467 0
6172 -2.589909810589813 -0.3341480433209396 0
6173 -5.086602540378795 -0.3500000000014569 0
6174 -5.109735566754268 -1.058353747353338 0
6175 -2.890264248449488 -1.058353939190974 0
6176 -4.844188583265251 -1.411522268646017 0
6177 -5.035450522157097 -1.186787901682463 0
6178 -2.964547496144529 -1.186791526314462 0
6179 -3.043594214397803 -1.184801717522548 0
6180 -5.149703684016567 -1.121634742343769 0
6181 -2.850296178654363 -1.121634867314033 0
6182 -2.584405149879726 -0.6510233094845379 0
6183 -5.415781513599954 -0.6506604719353662 0
6184 -5.413333843723739 -0.4499999734662788 0
6185 -2.919194586763947 -0.2530900808352023 0
6186 -5.414148038142537 -0.2513000401351617 0
6187 -4.956405527084184 -1.184794444334271 0
6188 -5.186648763764419 -1.052185116990742 0
6189 -2.81335123623533 -1.052185116990653 0
6190 -4.995707413051684 -1.254863342311619 0
6191 -5.075988376912929 -1.256063946741694 0
6192 -3.004250483469777 -1.252236045377942 0
6193 -2.929559875410634 -1.249439484558161 0
6194 -5.230359745079046 -1.121478497554723 0
6195 -2.769640232162262 -1.121478518310037 0
6196 -3.084809781508378 -1.252155214016144 0
6197 -5.141509378719887 -0.9906348539583077 0
6198 -2.858490599280433 -0.9906348767959914 0
6199 -5.264023597046697 -1.33135041562692 0
6200 -2.738166140614201 -1.321030280100983 0
6201 -3.123460993921147 -1.18143853057212 0
6202 -3.165572949553991 -1.249039751377615 0
6203 -2.682488437147567 -0.1168444546236351 0
6204 -4.915291210756486 -1.252497294531315 0
6205 -4.876545551579063 -1.181496481647448 0
6206 -4.834199690232298 -1.249501302194869 0
6207 -5.227366279395501 -0.9796360422840753 0
6208 -2.772633720604223 -0.9796360422838334 0
6209 -5.165729295960555 -0.8991733769623375 0
6210 -2.834270700896528 -0.8991733802247142 0
6211 -3.033503045655523 -1.321739553204568 0
6212 -5.03925373673164 -1.32609673161306 0
6213 -5.265909705322811 -0.9004371656830901 0
6214 -2.734090294153165 -0.9004371662265244 0
6215 -5.220995980621041 -0.8089254874753258 0
6216 -5.321335250047653 -0.8108770781347339 0
6217 -5.26037744540289 -0.7332378253978963 0
6218 -2.779004018767733 -0.8089254881094574 0
6219 -2.678664749836382 -0.8108770782546462 0
6220 -2.739731117345524 -0.7335095569155555 0
6221 -5.397948585679339 -1.116225666046739 0
6222 -2.602051414439819 -1.116225665996549 0
6223 -5.190596501049077 -1.189234842278349 0
6224 -2.810947213513352 -1.190338635431626 0
6225 -5.088633999056974 -0.1607632727464798 0
6226 -3.208456798433971 -1.168639624043717 0
6227 -3.247316441950839 -1.244417345130228 0
6228 -3.291212547759522 -1.175279524294669 0
6229 -3.327092861788215 -1.242087573482578 0
6230 -4.796508375435664 -1.180768304645307 0
6231 -4.753456214932381 -1.246536990184044 0
6232 -4.715915906341579 -1.178018664994332 0
6233 -4.672864702875782 -1.243242514534069 0
6234 -4.635975864575868 -1.174407077661386 0
6235 -4.592566364461494 -1.239756453385324 0
6236 -2.72535941458384 -1.191221132098131 0
6237 -5.274031506609518 -1.192087262229381 0
6238 -4.558361630657902 -1.172950960787176 0
6239 -4.512296616468319 -1.235226108835002 0
6240 -4.478279109623048 -1.167695560597949 0
6241 -4.434681715829024 -1.237310109979029 0
6242 -4.549235867298576 -1.303245163928528 0
6243 -3.367609149000593 -1.175312975831675 0
6244 -3.407998524668369 -1.239687432934384 0
6245 -3.445309235659892 -1.171297975024016 0
6246 -3.487821045546543 -1.236286231271533 0
6247 -5.126283068190205 -1.335838122325059 0
6248 -2.88782492121687 -1.412449312472766 0
6249 -3.525031901778741 -1.169410633962204 0
6250 -3.567650125153121 -1.233080832652042 0
6251 -3.604793636936956 -1.166432414178094 0
6252 -3.647337723150881 -1.22972947504286 0
6253 -3.68702560528189 -1.161656459171708 0
6254 -3.729417479430421 -1.225484751779401 0
6255 -3.534422762246056 -1.300296359668563 0
6256 -5.329232703618206 -0.09560059724830866 0
6257 -3.370370751696392 -1.311911519419025 0
6258 -4.396100285902309 -1.167095028611567 0
6259 -4.352626299183993 -1.228366844994242 0
6260 -4.315703926076447 -1.163383785857484 0
6261 -4.273267052041307 -1.223378087887868 0
6262 -4.236435308564654 -1.159386536745226 0
6263 -4.198516152158583 -1.216048564847209 0
6264 -4.310821979719165 -1.291162664036634 0
6265 -4.674100135341855 -1.116027082900199 0
6266 -3.478059769280219 -1.112373846233778 0
6267 -3.679030597647836 -1.310110333863803 0
6268 -3.771479244215041 -1.290170331491802 0
6269 -3.810413940644305 -1.218796965369556 0
6270 -3.856389859237123 -1.284424362114505 0
6271 -3.893295214296437 -1.213454574591266 0
6272 -3.940121916854006 -1.281746994847635 0
6273 -3.976146331231878 -1.208619751289155 0
6274 -4.028274738845916 -1.276854337755347 0
6275 -4.055837684585402 -1.204125548322597 0
6276 -3.845693649565666 -1.136786582500182 0
6277 -4.157159440741323 -1.151303047912088 0
6278 -4.100628692064754 -1.267582429599145 0
6279 -4.707771844731234 -1.32229773673108 0
6280 -3.152302418133763 -1.112175324020856 0
6281 -4.838125626947889 -1.109728062681234 0
6282 -4.27289722871045 -1.106951207679892 0
6283 -4.00849309259138 -1.135155058002976 0
6284 -3.642839959571883 -1.099790004540135 0
6285 -2.815850500920787 -0.1291616008646337 0
6286 -2.749589289005574 -0.2358702022539791 0
6287 -2.640001096644077 -0.2326317239385009 0
6288 -3.929337790832151 -1.139486890103404 0
6289 -3.891249596454122 -1.072891170447162 0
6290 -3.205430821778243 -1.325496820828613 0
6291 -4.4389124379809 -1.101685387774736 0
6292 -3.767974056030498 -1.154021244887674 0
6293 -3.353464604134505 -1.402893232649524 0
6294 -3.761297172860781 -1.421028669753624 0
6295 -3.948766308412092 -1.423408192807794 0
6296 -4.549410388746084 -1.421583782480957 0
6297 -4.150269507494547 -1.421094931859291 0
6298 -4.20065911281067 -1.352418049386285 0
6299 -4.350647386628988 -1.423523361079331 0
6300 -4.398832081738097 -1.331050123097546 0
6301 -3.550109277899472 -1.426367374684244 0
6302 -4.74840635859626 -1.408878967055725 0
6303 -5.329097831302009 -0.9820379606058319 0
6304 -2.670902168623044 -0.9820379606834205 0
6305 -4.038794036003793 -1.066396706732704 0
6306 -4.930450520064851 -1.407821713052044 0
6307 -3.076352038672375 -1.118409846728772 0
6308 -4.922052652828057 -1.11800786868902 0
6309 -3.155530796697054 -1.412771335087394 0
6310 -5.416724635113351 -0.8524445879445995 0
6311 -5.416044571836983 -0.7525158801884202 0
6312 -2.583275364867287 -0.8524445879645098 0
6313 -2.583986538720376 -0.7525763531365826 0
6314 -4.876499763363388 -1.325807969252473 0
6315 -4.087438296795891 -1.127665864289633 0
6316 -2.58726853008558 -0.4475568085583951 0
6317 -2.674049604451342 -0.3993517065090313 0
6318 -2.674570126937884 -0.5001058986157887 0
6319 -2.760076335961967 -0.4499026593682125 0
6320 -2.756149710985488 -0.5506587525791887 0
6321 -5.413511953392015 -0.3502166689346702 0
6322 -5.32683461900811 -0.4000421308229947 0
6323 -5.326736481631507 -0.4999145670174472 0
6324 -5.240358952975662 -0.4500000000022097 0
6325 -5.242521161815477 -0.5496557414018753 0
6326 -5.240213125471192 -0.350036142531244 0
6327 -5.331071540785215 -0.599436197086922 0
6328 -5.414487229956736 -0.5500018682515766 0
6329 -5.327498311180785 -0.3012293440005461 0
6330 -5.2368380570198 -0.2539408939690434 0
6331 -5.08568812568866 -0.4500136743058241 0
6332 -2.914932186002589 -0.4500557704596139 0
6333 -5.076916031377552 -0.8498622294936815 0
6334 -2.923083968098622 -0.8498622300374143 0
6335 -2.586787190839168 -0.5500581750230084 0
6336 -2.91520083248229 -0.3501910745454853 0
6337 -5.083372508254965 -0.2549304327281315 0
6338 -2.916425437724265 -0.6510712389464686 0
6339 -5.083821757237777 -0.650393586934841 0
6340 -5.41660807340282 -0.1541239846691818 0
6341 -2.75946035089047 -0.3480552666079081 0
6342 -2.669013444946933 -0.5999318923192505 0
6343 -5.075684721112706 -0.9416064492358506 0
6344 -2.924315274609553 -0.9416064536764838 0
6345 -3.049999999999998 -1.419795707010686 0
6346 -5.171998355956477 -0.7128581096357487 0
6347 -2.828105840135373 -0.7136639411333322 0
6348 -4.495396763827515 -1.051649604713617 0
6349 -3.69600391273357 -1.050363285314592 0
6350 -3.300420515520196 -1.05625455571683 0
6351 -5.076687678265202 -1.404788663516199 0
6352 -3.124781192389563 -1.3233734470432 0
6353 -2.964040562025259 -1.371715017345615 0
6354 -4.794087075853469 -1.327424205677368 0
6355 -3.60535715364542 -1.288082899485131 0
6356 -3.450690840771155 -1.304945899596166 0
6357 -3.29224840269069 -1.322859844021694 0
6358 -4.629686390151931 -1.309916644138692 0
6359 -2.903449302149606 -0.07583232017313485 0
6360 -4.634729525038505 -1.056015070890505 0
6361 -5.112285104443769 -1.187984326483051 0
6362 -2.889323273899076 -1.185221355648259 0
6363 -4.96150703894926 -1.326080058804393 0
6364 -5.271855345861586 -1.052297131999874 0
6365 -2.728144650339335 -1.052297135467735 0
6366 -3.43558717032358 -1.054923665082178 0
6367 -5.247580933094809 -0.6464377315893745 0
6368 -5.101931476551687 -0.08130471712115012 0
6369 -4.102323359023114 -1.056393634961557 0
6370 -2.754594523300469 -0.6466320750978708 0
6371 -5.165729545082653 -0.6015883736319273 0
6372 -3.403179023337597 -1.114489074319058 0
6373 -5.163807102941766 -0.5002621627621799 0
6374 -2.578897469466536 -1.036779365711165 0
6375 -5.4211025305337 -1.036779365710805 0
6376 -3.10372541132602 -1.05567455372164 0
6377 -4.89292274397433 -1.056011773912419 0
6378 -3.830106674993635 -1.055872114857944 0
6379 -4.479547666435464 -1.293918271540847 0
6380 -2.686625972638113 -1.121980946782932 0
6381 -5.313272509933408 -1.122125297822284 0
6382 -4.6005503278775 -1.114259357428631 0
6383 -5.1634807466767 -0.4001301150035961 0
6384 -2.834949121493189 -0.6021573687618351 0
6385 -2.575924491236998 -0.1615191392703932 0
6386 -2.837830933527031 -0.500000000002064 0
6387 -2.837602256364026 -0.3997007951640914 0
6388 -3.900832867749291 -1.35090486874761 0
6389 -3.333162347422121 -1.113957312434684 0
6390 -2.812443521006343 -1.370772749885829 0
6391 -2.82002202030766 -1.296169829692366 0
6392 -5.339720348049581 -0.7005268563961372 0
6393 -2.66039187857446 -0.7005869477155263 0
6394 -2.836550848103851 -0.3009079840687423 0
6395 -4.097524146664047 -1.337518471030135 0
6396 -4.234277028066323 -1.051373783355444 0
6397 -5.153040875704648 -1.259367786025406 0
6398 -3.994041322688401 -1.348575952122231 0
6399 -3.171217408172238 -1.053732622199749 0
6400 -4.833988152906899 -1.044482025666921 0
6401 -5.162415825001563 -0.3033162985540468 0
6402 -3.266666666666666 -1.112320136670582 0
6403 -2.679778037625684 -1.266579778979992 0
6404 -2.63602337781355 -1.194189059425219 0
6405 -5.202323942771534 -1.378521473478518 0
6406 -5.31979130691904 -1.26866154806596 0
6407 -5.363786413591503 -1.194704434475882 0
6408 -4.756201275961104 -1.121174748382935 0
6409 -4.702262916866305 -1.052539699595722 0
6410 -5.349606966316449 -0.901644794640485 0
6411 -2.650393033608558 -0.9016447947179811 0
6412 -4.523050291380729 -1.110780083722276 0
6413 -2.68003401177651 -0.3093225942672613 0
6414 -5.327262606000867 -0.2050763418770037 0
6415 -5.197020005002842 -0.1457603128588545 0
6416 -2.892381178046603 -1.322195147739818 0
6417 -2.65332433510137 -1.06186421492836 0
6418 -5.346655360662009 -1.061893084437107 0
6419 -4.200096873095463 -1.103582737383651 0
6420 -5.232357324728868 -1.258908591219391 0
6421 -2.912792027158523 -0.1627707478133345 0
6422 -3.509173457953579 -1.055720350394959 0
6423 -4.125061936492858 -1.208590502338615 0
6424 -3.813059638420233 -1.352928533638042 0
6425 -4.50269205084331 -1.36275985186413 0
6426 -2.768759709640831 -1.248960314962504 0
6427 -3.560506886265363 -1.11447032128912 0
6428 -3.731603751546002 -1.104928883973333 0
6429 -5.14347949897769 -0.8041638407134933 0
6430 -2.856541339385088 -0.8043250079010582 0
6431 -4.357299134436602 -1.115938727609046 0
6432 -2.964747028921559 -1.303465049645221 0
6433 -3.793959952244758 -1.10282214583118 0
6434 -4.435003547542547 -1.040979150739706 0
6435 -2.840480200562064 -0.2179729189295148 0
6436 -4.236810041211529 -1.281674296496367 0
6437 -4.301670973051634 -1.044487516191875 0
6438 -3.636809169463736 -1.039896110219298 0
6439 -3.735511141746086 -1.35272861318116 0
6440 -4.301662457928624 -1.366623904112678 0
6441 -3.499642911023999 -1.363875796749597 0
6442 -3.593143500713252 -1.357988451960827 0
6443 -5.069953620618251 -1.009968235001193 0
6444 -2.930046379381738 -1.0099682350012 0
6445 -5.426109691350284 -0.06994491638358127 0
6446 -4.138219298436384 -1.09893312305597 0
6447 -4.16791557954878 -1.278585894382828 0
6448 -2.574741049730834 -0.07567271877888887 0
6449 -3.208688752978452 -1.102344000297924 0
6450 -5.192660161044236 -1.312749693090331 0
6451 -2.957375042622393 -1.443585596174597 0
6452 -2.862469799221402 -1.241327342646482 0
6453 -5.00157979480219 -1.392957433397139 0
6454 -4.58514836623073 -1.360327770723781 0
6455 -2.558377458866478 -0.2500000000010402 0
6456 -3.417996712839082 -1.360376481916036 0
6457 -5.141378546402379 -1.413797730863882 0
6458 -5.153656078867229 -0.2237422421713112 0
6459 -4.066666666666666 -0.1000000000004162 0
6460 -4.066666666666666 -0.2000000000008325 0
6461 -4.066666666666666 -0.3000000000012487 0
6462 -4.066666666666666 -0.400000000001665 0
6463 -4.066666666666666 -0.5000000000020595 0
6464 -4.066666666666666 -0.6000000000013874 0
6465 -4.066666666666666 -0.7000000000006938 0
6466 -4.066666666666666 -0.8 0
6467 -4.066666666666666 -0.8999999999995836 0
6468 -4.133333333333333 -0.1000000000004162 0
6469 -4.133333333333333 -0.2000000000008325 0
6470 -4.133333333333333 -0.3000000000012487 0
6471 -4.133333333333333 -0.400000000001665 0
6472 -4.133333333333333 -0.5000000000020595 0
6473 -4.133333333333333 -0.6000000000013874 0
6474 -4.133333333333333 -0.7000000000006938 0
6475 -4.133333333333333 -0.8 0
6476 -4.133333333333333 -0.8999999999995836 0
6477 -4.2 -0.1000000000004162 0
6478 -4.2 -0.2000000000008325 0
6479 -4.2 -0.3000000000012487 0
6480 -4.2 -0.400000000001665 0
6481 -4.2 -0.5000000000020595 0
6482 -4.2 -0.6000000000013874 0
6483 -4.2 -0.7000000000006938 0
6484 -4.2 -0.8 0
6485 -4.2 -0.8999999999995836 0
6486 -4.266666666666667 -0.1000000000004162 0
6487 -4.266666666666667 -0.2000000000008325 0
6488 -4.266666666666667 -0.3000000000012487 0
6489 -4.266666666666667 -0.400000000001665 0
6490 -4.266666666666667 -0.5000000000020595 0
6491 -4.266666666666667 -0.6000000000013874 0
6492 -4.266666666666667 -0.7000000000006938 0
6493 -4.266666666666667 -0.8 0
6494 -4.266666666666667 -0.8999999999995836 0
6495 -4.333333333333333 -0.1000000000004162 0
6496 -4.333333333333333 -0.2000000000008325 0
6497 -4.333333333333333 -0.3000000000012487 0
6498 -4.333333333333333 -0.400000000001665 0
6499 -4.333333333333333 -0.5000000000020595 0
6500 -4.333333333333333 -0.6000000000013874 0
6501 -4.333333333333333 -0.7000000000006938 0
6502 -4.333333333333334 -0.8 0
6503 -4.333333333333333 -0.8999999999995836 0
6504 -4.4 -0.1000000000004162 0
6505 -4.4 -0.2000000000008325 0
6506 -4.4 -0.3000000000012487 0
6507 -4.4 -0.400000000001665 0
6508 -4.4 -0.5000000000020595 0
6509 -4.4 -0.6000000000013874 0
6510 -4.4 -0.7000000000006938 0
6511 -4.4 -0.8 0
6512 -4.4 -0.8999999999995836 0
6513 -4.466666666666667 -0.1000000000004162 0
6514 -4.466666666666667 -0.2000000000008325 0
6515 -4.466666666666667 -0.3000000000012487 0
6516 -4.466666666666667 -0.400000000001665 0
6517 -4.466666666666667 -0.5000000000020595 0
6518 -4.466666666666667 -0.6000000000013874 0
6519 -4.466666666666667 -0.7000000000006938 0
6520 -4.466666666666667 -0.8 0
6521 -4.466666666666667 -0.8999999999995836 0
6522 -4.533333333333332 -0.1000000000004162 0
6523 -4.533333333333333 -0.2000000000008325 0
6524 -4.533333333333333 -0.3000000000012487 0
6525 -4.533333333333333 -0.400000000001665 0
6526 -4.533333333333333 -0.5000000000020595 0
6527 -4.533333333333333 -0.6000000000013874 0
6528 -4.533333333333333 -0.7000000000006938 0
6529 -4.533333333333333 -0.8 0
6530 -4.533333333333333 -0.8999999999995836 0
6531 -4.599999999999997 -0.1000000000004162 0
6532 -4.6 -0.2000000000008325 0
6533 -4.6 -0.3000000000012487 0
6534 -4.6 -0.400000000001665 0
6535 -4.6 -0.5000000000020595 0
6536 -4.6 -0.6000000000013874 0
6537 -4.6 -0.7000000000006938 0
6538 -4.6 -0.8 0
6539 -4.6 -0.8999999999995836 0
6540 -4.666666666666665 -0.1000000000004162 0
6541 -4.666666666666667 -0.2000000000008325 0
6542 -4.666666666666667 -0.3000000000012487 0
6543 -4.666666666666667 -0.400000000001665 0
6544 -4.666666666666667 -0.5000000000020595 0
6545 -4.666666666666667 -0.6000000000013874 0
6546 -4.666666666666667 -0.7000000000006938 0
6547 -4.666666666666667 -0.8 0
6548 -4.666666666666667 -0.8999999999995836 0
6549 -4.733333333333333 -0.1000000000004162 0
6550 -4.733333333333333 -0.2000000000008325 0
6551 -4.733333333333332 -0.3000000000012487 0
6552 -4.733333333333334 -0.400000000001665 0
6553 -4.733333333333333 -0.5000000000020595 0
6554 -4.733333333333333 -0.6000000000013874 0
6555 -4.733333333333333 -0.7000000000006938 0
6556 -4.733333333333333 -0.8 0
6557 -4.733333333333333 -0.8999999999995836 0
6558 -4.799999999999998 -0.1000000000004162 0
6559 -4.8 -0.2000000000008325 0
6560 -4.800000000000002 -0.3000000000012487 0
6561 -4.799999999999999 -0.400000000001665 0
6562 -4.8 -0.5000000000020595 0
6563 -4.799999999999999 -0.6000000000013874 0
6564 -4.8 -0.7000000000006938 0
6565 -4.8 -0.8 0
6566 -4.8 -0.8999999999995836 0
6567 -4.866666666666666 -0.1000000000004162 0
6568 -4.866666666666667 -0.2000000000008325 0
6569 -4.866666666666664 -0.3000000000012487 0
6570 -4.866666666666666 -0.400000000001665 0
6571 -4.866666666666666 -0.5000000000020595 0
6572 -4.866666666666666 -0.6000000000013874 0
6573 -4.866666666666666 -0.7000000000006938 0
6574 -4.866666666666667 -0.8 0
6575 -4.866666666666666 -0.8999999999995836 0
6576 -4.933333333333334 -0.1000000000004162 0
6577 -4.933333333333334 -0.2000000000008325 0
6578 -4.933333333333333 -0.3000000000012487 0
6579 -4.933333333333334 -0.400000000001665 0
6580 -4.933333333333334 -0.5000000000020595 0
6581 -4.933333333333334 -0.6000000000013874 0
6582 -4.933333333333333 -0.7000000000006938 0
6583 -4.933333333333333 -0.8 0
6584 -4.933333333333334 -0.8999999999995836 0
6585 -3.066666666666666 -0.1000000000004162 0
6586 -3.066666666666666 -0.2000000000008325 0
6587 -3.066666666666666 -0.3000000000012487 0
6588 -3.066666666666666 -0.400000000001665 0
6589 -3.066666666666666 -0.5000000000020595 0
6590 -3.066666666666666 -0.6000000000013874 0
6591 -3.066666666666666 -0.7000000000006938 0
6592 -3.066666666666666 -0.8 0
6593 -3.066666666666667 -0.8999999999995836 0
6594 -3.133333333333333 -0.1000000000004162 0
6595 -3.133333333333333 -0.2000000000008325 0
6596 -3.133333333333334 -0.3000000000012487 0
6597 -3.133333333333334 -0.400000000001665 0
6598 -3.133333333333333 -0.5000000000020595 0
6599 -3.133333333333333 -0.6000000000013874 0
6600 -3.133333333333333 -0.7000000000006938 0
6601 -3.133333333333334 -0.8 0
6602 -3.133333333333334 -0.8999999999995836 0
6603 -3.2 -0.1000000000004162 0
6604 -3.2 -0.2000000000008325 0
6605 -3.2 -0.3000000000012487 0
6606 -3.2 -0.400000000001665 0
6607 -3.2 -0.5000000000020595 0
6608 -3.2 -0.6000000000013874 0
6609 -3.2 -0.7000000000006938 0
6610 -3.2 -0.8 0
6611 -3.2 -0.8999999999995836 0
6612 -3.266666666666666 -0.1000000000004162 0
6613 -3.266666666666667 -0.2000000000008325 0
6614 -3.266666666666667 -0.3000000000012487 0
6615 -3.266666666666667 -0.400000000001665 0
6616 -3.266666666666667 -0.5000000000020595 0
6617 -3.266666666666667 -0.6000000000013874 0
6618 -3.266666666666667 -0.7000000000006938 0
6619 -3.266666666666667 -0.8 0
6620 -3.266666666666667 -0.8999999999995836 0
6621 -3.333333333333333 -0.1000000000004162 0
6622 -3.333333333333333 -0.2000000000008325 0
6623 -3.333333333333333 -0.3000000000012487 0
6624 -3.333333333333333 -0.400000000001665 0
6625 -3.333333333333334 -0.5000000000020595 0
6626 -3.333333333333333 -0.6000000000013874 0
6627 -3.333333333333334 -0.7000000000006938 0
6628 -3.333333333333334 -0.8 0
6629 -3.333333333333333 -0.8999999999995836 0
6630 -3.4 -0.1000000000004162 0
6631 -3.4 -0.2000000000008325 0
6632 -3.399999999999999 -0.3000000000012487 0
6633 -3.399999999999999 -0.400000000001665 0
6634 -3.399999999999999 -0.5000000000020595 0
6635 -3.4 -0.6000000000013874 0
6636 -3.4 -0.7000000000006938 0
6637 -3.400000000000001 -0.8 0
6638 -3.400000000000001 -0.8999999999995836 0
6639 -3.466666666666667 -0.1000000000004162 0
6640 -3.466666666666666 -0.2000000000008325 0
6641 -3.466666666666667 -0.3000000000012487 0
6642 -3.466666666666667 -0.400000000001665 0
6643 -3.466666666666667 -0.5000000000020595 0
6644 -3.466666666666667 -0.6000000000013874 0
6645 -3.466666666666666 -0.7000000000006938 0
6646 -3.466666666666667 -0.8 0
6647 -3.466666666666667 -0.8999999999995836 0
6648 -3.533333333333333 -0.1000000000004162 0
6649 -3.533333333333333 -0.2000000000008325 0
6650 -3.533333333333333 -0.3000000000012487 0
6651 -3.533333333333333 -0.400000000001665 0
6652 -3.533333333333333 -0.5000000000020595 0
6653 -3.533333333333333 -0.6000000000013874 0
6654 -3.533333333333334 -0.7000000000006938 0
6655 -3.533333333333333 -0.8 0
6656 -3.533333333333333 -0.8999999999995836 0
6657 -3.600000000000001 -0.1000000000004162 0
6658 -3.600000000000001 -0.2000000000008325 0
6659 -3.600000000000001 -0.3000000000012487 0
6660 -3.6 -0.400000000001665 0
6661 -3.6 -0.5000000000020595 0
6662 -3.600000000000001 -0.6000000000013874 0
6663 -3.6 -0.7000000000006938 0
6664 -3.600000000000001 -0.8 0
6665 -3.6 -0.8999999999995836 0
6666 -3.666666666666667 -0.1000000000004162 0
6667 -3.666666666666667 -0.2000000000008325 0
6668 -3.666666666666668 -0.3000000000012487 0
6669 -3.666666666666667 -0.400000000001665 0
6670 -3.666666666666667 -0.5000000000020595 0
6671 -3.666666666666665 -0.6000000000013874 0
6672 -3.666666666666666 -0.7000000000006938 0
6673 -3.666666666666667 -0.8 0
6674 -3.666666666666667 -0.8999999999995836 0
6675 -3.733333333333333 -0.1000000000004162 0
6676 -3.733333333333334 -0.2000000000008325 0
6677 -3.733333333333333 -0.3000000000012487 0
6678 -3.733333333333333 -0.400000000001665 0
6679 -3.733333333333333 -0.5000000000020595 0
6680 -3.733333333333333 -0.6000000000013874 0
6681 -3.733333333333333 -0.7000000000006938 0
6682 -3.733333333333333 -0.8 0
6683 -3.733333333333333 -0.8999999999995836 0
6684 -3.8 -0.1000000000004162 0
6685 -3.8 -0.2000000000008325 0
6686 -3.8 -0.3000000000012487 0
6687 -3.8 -0.400000000001665 0
6688 -3.8 -0.5000000000020595 0
6689 -3.8 -0.6000000000013874 0
6690 -3.8 -0.7000000000006938 0
6691 -3.8 -0.8 0
6692 -3.8 -0.8999999999995836 0
6693 -3.866666666666667 -0.1000000000004162 0
6694 -3.866666666666667 -0.2000000000008325 0
6695 -3.866666666666667 -0.3000000000012487 0
6696 -3.866666666666666 -0.400000000001665 0
6697 -3.866666666666668 -0.5000000000020595 0
6698 -3.866666666666667 -0.6000000000013874 0
6699 -3.866666666666668 -0.7000000000006938 0
6700 -3.866666666666667 -0.8 0
6701 -3.866666666666666 -0.8999999999995836 0
6702 -3.933333333333333 -0.1000000000004162 0
6703 -3.933333333333332 -0.2000000000008325 0
6704 -3.933333333333333 -0.3000000000012487 0
6705 -3.933333333333332 -0.400000000001665 0
6706 -3.933333333333333 -0.5000000000020595 0
6707 -3.933333333333333 -0.6000000000013874 0
6708 -3.933333333333333 -0.7000000000006938 0
6709 -3.933333333333333 -0.8 0
6710 -3.933333333333332 -0.8999999999995836 0
$EndNodes
$Elements
13896
1 1 2 1 1 1 30
2 1 2 1 1 30 31
3 1 2 1 1 31 32
4 1 2 1 1 32 33
5 1 2 1 1 33 34
6 1 2 1 1 34 35
7 1 2 1 1 35 36
8 1 2 1 1 36 37
9 1 2 1 1 37 38
10 1 2 1 1 38 39
11 1 2 1 1 39 40
12 1 2 1 1 40 41
13 1 2 1 1 41 42
14 1 2 1 1 42 43
15 1 2 1 1 43 44
16 1 2 1 1 44 45
17 1 2 1 1 45 46
18 1 2 1 1 46 47
19 1 2 1 1 47 48
20 1 2 1 1 48 49
21 1 2 1 1 49 50
22 1 2 1 1 50 51
23 1 2 1 1 51 52
24 1 2 1 1 52 53
25 1 2 1 1 53 54
26 1 2 1 1 54 55
27 1 2 1 1 55 56
28 1 2 1 1 56 57
29 1 2 1 1 57 58
30 1 2 1 1 58 59
31 1 2 1 1 59 60
32 1 2 1 1 60 61
33 1 2 1 1 61 62
34 1 2 1 1 62 63
35 1 2 1 1 63 64
36 1 2 1 1 64 65
37 1 2 1 1 65 66
38 1 2 1 1 66 67
39 1 2 1 1 67 68
40 1 2 1 1 68 69
41 1 2 1 1 69 70
42 1 2 1 1 70 71
43 1 2 1 1 71 72
44 1 2 1 1 72 73
45 1 2 1 1 73 74
46 1 2 1 1 74 75
47 1 2 1 1 75 76
48 1 2 1 1 76 77
49 1 2 1 1 77 78
50 1 2 1 1 78 79
51 1 2 1 1 79 80
52 1 2 1 1 80 81
53 1 2 1 1 81 82
54 1 2 1 1 82 83
55 1 2 1 1 83 84
56 1 2 1 1 84 85
57 1 2 1 1 85 86
58 1 2 1 1 86 87
59 1 2 1 1 87 88
60 1 2 1 1 88 4
61 1 2 2 2 1 89
62 1 2 2 2 89 90
63 1 2 2 2 90 91
64 1 2 2 2 91 92
65 1 2 2 2 92 93
66 1 2 2 2 93 94
67 1 2 2 2 94 95
68 1 2 2 2 95 96
69 1 2 2 2 96 97
70 1 2 2 2 97 98
71 1 2 2 2 98 99
72 1 2 2 2 99 100
73 1 2 2 2 100 101
74 1 2 2 2 101 102
75 1 2 2 2 102 103
76 1 2 2 2 103 104
77 1 2 2 2 104 105
78 1 2 2 2 105 106
79 1 2 2 2 106 107
80 1 2 2 2 107 108
81 1 2 2 2 108 109
82 1 2 2 2 109 110
83 1 2 2 2 110 111
84 1 2 2 2 111 112
85 1 2 2 2 112 113
86 1 2 2 2 113 114
87 1 2 2 2 114 115
88 1 2 2 2 115 116
89 1 2 2 2 116 117
90 1 2 2 2 117 118
91 1 2 2 2 118 119
92 1 2 2 2 119 120
93 1 2 2 2 120 121
94 1 2 2 2 121 122
95 1 2 2 2 122 123
96 1 2 2 2 123 124
97 1 2 2 2 124 125
98 1 2 2 2 125 126
99 1 2 2 2 126 127
100 1 2 2 2 127 128
101 1 2 2 2 128 129
102 1 2 2 2 129 130
103 1 2 2 2 130 131
104 1 2 2 2 131 132
105 1 2 2 2 132 133
106 1 2 2 2 133 134
107 1 2 2 2 134 135
108 1 2 2 2 135 136
109 1 2 2 2 136 137
110 1 2 2 2 137 138
111 1 2 2 2 138 139
112 1 2 2 2 139 140
113 1 2 2 2 140 141
114 1 2 2 2 141 142
115 1 2 2 2 142 143
116 1 2 2 2 143 144
117 1 2 2 2 144 145
118 1 2 2 2 145 146
119 1 2 2 2 146 147
120 1 2 2 2 147 4
121 1 2 3 3 1 148
122 1 2 3 3 148 149
123 1 2 3 3 149 150
124 1 2 3 3 150 151
125 1 2 3 3 151 152
126 1 2 3 3 152 153
127 1 2 3 3 153 154
128 1 2 3 3 154 155
129 1 2 3 3 155 156
130 1 2 3 3 156 157
131 1 2 3 3 157 158
132 1 2 3 3 158 159
133 1 2 3 3 159 160
134 1 2 3 3 160 161
135 1 2 3 3 161 162
136 1 2 3 3 162 163
137 1 2 3 3 163 164
138 1 2 3 3 164 165
139 1 2 3 3 165 166
140 1 2 3 3 166 167
141 1 2 3 3 167 168
142 1 2 3 3 168 169
143 1 2 3 3 169 170
144 1 2 3 3 170 171
145 1 2 3 3 171 172
146 1 2 3 3 172 173
147 1 2 3 3 173 174
148 1 2 3 3 174 175
149 1 2 3 3 175 176
150 1 2 3 3 176 177
151 1 2 3 3 177 178
152 1 2 3 3 178 179
153 1 2 3 3 179 180
154 1 2 3 3 180 181
155 1 2 3 3 181 182
156 1 2 3 3 182 183
157 1 2 3 3 183 184
158 1 2 3 3 184 185
159 1 2 3 3 185 186
160 1 2 3 3 186 187
161 1 2 3 3 187 188
162 1 2 3 3 188 189
163 1 2 3 3 189 190
164 1 2 3 3 190 191
165 1 2 3 3 191 192
166 1 2 3 3 192 193
167 1 2 3 3 193 194
168 1 2 3 3 194 195
169 1 2 3 3 195 196
170 1 2 3 3 196 197
171 1 2 3 3 197 198
172 1 2 3 3 198 199
173 1 2 3 3 199 200
174 1 2 3 3 200 201
175 1 2 3 3 201 202
176 1 2 3 3 202 203
177 1 2 3 3 203 204
178 1 2 3 3 204 205
179 1 2 3 3 205 206
180 1 2 3 3 206 8
181 1 2 4 4 1 207
182 1 2 4 4 207 208
183 1 2 4 4 208 209
184 1 2 4 4 209 210
185 1 2 4 4 210 211
186 1 2 4 4 211 212
187 1 2 4 4 212 213
188 1 2 4 4 213 214
189 1 2 4 4 214 215
190 1 2 4 4 215 216
191 1 2 4 4 216 217
192 1 2 4 4 217 218
193 1 2 4 4 218 219
194 1 2 4 4 219 220
195 1 2 4 4 220 221
196 1 2 4 4 221 222
197 1 2 4 4 222 223
198 1 2 4 4 223 224
199 1 2 4 4 224 225
200 1 2 4 4 225 226
201 1 2 4 4 226 227
202 1 2 4 4 227 228
203 1 2 4 4 228 229
204 1 2 4 4 229 230
205 1 2 4 4 230 231
206 1 2 4 4 231 232
207 1 2 4 4 232 233
208 1 2 4 4 233 234
209 1 2 4 4 234 235
210 1 2 4 4 235 236
211 1 2 4 4 236 237
212 1 2 4 4 237 238
213 1 2 4 4 238 239
214 1 2 4 4 239 240
215 1 2 4 4 240 241
216 1 2 4 4 241 242
217 1 2 4 4 242 243
218 1 2 4 4 243 244
219 1 2 4 4 244 245
220 1 2 4 4 245 246
221 1 2 4 4 246 247
222 1 2 4 4 247 248
223 1 2 4 4 248 249
224 1 2 4 4 249 250
225 1 2 4 4 250 251
226 1 2 4 4 251 252
227 1 2 4 4 252 253
228 1 2 4 4 253 254
229 1 2 4 4 254 255
230 1 2 4 4 255 256
231 1 2 4 4 256 257
232 1 2 4 4 257 258
233 1 2 4 4 258 259
234 1 2 4 4 259 260
235 1 2 4 4 260 261
236 1 2 4 4 261 262
237 1 2 4 4 262 263
238 1 2 4 4 263 264
239 1 2 4 4 264 265
240 1 2 4 4 265 8
241 1 2 5 5 1 266
242 1 2 5 5 266 267
243 1 2 5 5 267 268
244 1 2 5 5 268 269
245 1 2 5 5 269 270
246 1 2 5 5 270 271
247 1 2 5 5 271 272
248 1 2 5 5 272 273
249 1 2 5 5 273 274
250 1 2 5 5 274 275
251 1 2 5 5 275 276
252 1 2 5 5 276 277
253 1 2 5 5 277 278
254 1 2 5 5 278 279
255 1 2 5 5 279 2
256 1 2 6 6 6 280
257 1 2 6 6 280 281
258 1 2 6 6 281 282
259 1 2 6 6 282 283
260 1 2 6 6 283 284
261 1 2 6 6 284 285
262 1 2 6 6 285 286
263 1 2 6 6 286 287
264 1 2 6 6 287 288
265 1 2 6 6 288 289
266 1 2 6 6 289 290
267 1 2 6 6 290 291
268 1 2 6 6 291 292
269 1 2 6 6 292 293
270 1 2 6 6 293 1
271 1 2 7 7 3 294
272 1 2 7 7 294 295
273 1 2 7 7 295 296
274 1 2 7 7 296 297
275 1 2 7 7 297 298
276 1 2 7 7 298 299
277 1 2 7 7 299 300
278 1 2 7 7 300 301
279 1 2 7 7 301 302
280 1 2 7 7 302 303
281 1 2 7 7 303 304
282 1 2 7 7 304 305
283 1 2 7 7 305 306
284 1 2 7 7 306 307
285 1 2 7 7 307 4
286 1 2 8 8 4 308
287 1 2 8 8 308 309
288 1 2 8 8 309 310
289 1 2 8 8 310 311
290 1 2 8 8 311 312
291 1 2 8 8 312 313
292 1 2 8 8 313 314
293 1 2 8 8 314 315
294 1 2 8 8 315 316
295 1 2 8 8 316 317
296 1 2 8 8 317 318
297 1 2 8 8 318 319
298 1 2 8 8 319 320
299 1 2 8 8 320 321
300 1 2 8 8 321 5
301 1 2 9 9 8 322
302 1 2 9 9 322 323
303 1 2 9 9 323 324
304 1 2 9 9 324 325
305 1 2 9 9 325 326
306 1 2 9 9 326 327
307 1 2 9 9 327 328
308 1 2 9 9 328 329
309 1 2 9 9 329 330
310 1 2 9 9 330 331
311 1 2 9 9 331 332
312 1 2 9 9 332 333
313 1 2 9 9 333 334
314 1 2 9 9 334 335
315 1 2 9 9 335 7
316 1 2 10 10 9 336
317 1 2 10 10 336 337
318 1 2 10 10 337 338
319 1 2 10 10 338 339
320 1 2 10 10 339 340
321 1 2 10 10 340 341
322 1 2 10 10 341 342
323 1 2 10 10 342 343
324 1 2 10 10 343 344
325 1 2 10 10 344 345
326 1 2 10 10 345 346
327 1 2 10 10 346 347
328 1 2 10 10 347 348
329 1 2 10 10 348 349
330 1 2 10 10 349 8
331 1 2 11 11 6 350
332 1 2 11 11 350 351
333 1 2 11 11 351 352
334 1 2 11 11 352 353
335 1 2 11 11 353 354
336 1 2 11 11 354 355
337 1 2 11 11 355 356
338 1 2 11 11 356 357
339 1 2 11 11 357 358
340 1 2 11 11 358 359
341 1 2 11 11 359 360
342 1 2 11 11 360 361
343 1 2 11 11 361 362
344 1 2 11 11 362 363
345 1 2 11 11 363 364
346 1 2 11 11 364 365
347 1 2 11 11 365 366
348 1 2 11 11 366 367
349 1 2 11 11 367 368
350 1 2 11 11 368 369
351 1 2 11 11 369 370
352 1 2 11 11 370 371
353 1 2 11 11 371 372
354 1 2 11 11 372 373
355 1 2 11 11 373 374
356 1 2 11 11 374 375
357 1 2 11 11 375 376
358 1 2 11 11 376 377
359 1 2 11 11 377 378
360 1 2 11 11 378 379
361 1 2 11 11 379 380
362 1 2 11 11 380 381
363 1 2 11 11 381 382
364 1 2 11 11 382 383
365 1 2 11 11 383 384
366 1 2 11 11 384 385
367 1 2 11 11 385 386
368 1 2 11 11 386 387
369 1 2 11 11 387 388
370 1 2 11 11 388 389
371 1 2 11 11 389 390
372 1 2 11 11 390 391
373 1 2 11 11 391 392
374 1 2 11 11 392 393
375 1 2 11 11 393 394
376 1 2 11 11 394 395
377 1 2 11 11 395 396
378 1 2 11 11 396 397
379 1 2 11 11 397 398
380 1 2 11 11 398 399
381 1 2 11 11 399 400
382 1 2 11 11 400 401
383 1 2 11 11 401 402
384 1 2 11 11 402 403
385 1 2 11 11 403 404
386 1 2 11 11 404 405
387 1 2 11 11 405 406
388 1 2 11 11 406 407
389 1 2 11 11 407 408
390 1 2 11 11 408 5
391 1 2 12 12 2 409
392 1 2 12 12 409 410
393 1 2 12 12 410 411
394 1 2 12 12 411 412
395 1 2 12 12 412 413
396 1 2 12 12 413 414
397 1 2 12 12 414 415
398 1 2 12 12 415 416
399 1 2 12 12 416 417
400 1 2 12 12 417 418
401 1 2 12 12 418 419
402 1 2 12 12 419 420
403 1 2 12 12 420 421
404 1 2 12 12 421 422
405 1 2 12 12 422 423
406 1 2 12 12 423 424
407 1 2 12 12 424 425
408 1 2 12 12 425 426
409 1 2 12 12 426 427
410 1 2 12 12 427 428
411 1 2 12 12 428 429
412 1 2 12 12 429 430
413 1 2 12 12 430 431
414 1 2 12 12 431 432
415 1 2 12 12 432 433
416 1 2 12 12 433 434
417 1 2 12 12 434 435
418 1 2 12 12 435 436
419 1 2 12 12 436 437
420 1 2 12 12 437 438
421 1 2 12 12 438 439
422 1 2 12 12 439 440
423 1 2 12 12 440 441
424 1 2 12 12 441 442
425 1 2 12 12 442 443
426 1 2 12 12 443 444
427 1 2 12 12 444 445
428 1 2 12 12 445 446
429 1 2 12 12 446 447
430 1 2 12 12 447 448
431 1 2 12 12 448 449
432 1 2 12 12 449 450
433 1 2 12 12 450 451
434 1 2 12 12 451 452
435 1 2 12 12 452 453
436 1 2 12 12 453 454
437 1 2 12 12 454 455
438 1 2 12 12 455 456
439 1 2 12 12 456 457
440 1 2 12 12 457 458
441 1 2 12 12 458 459
442 1 2 12 12 459 460
443 1 2 12 12 460 461
444 1 2 12 12 461 462
445 1 2 12 12 462 463
446 1 2 12 12 463 464
447 1 2 12 12 464 465
448 1 2 12 12 465 466
449 1 2 12 12 466 467
450 1 2 12 12 467 3
451 1 2 13 13 6 468
452 1 2 13 13 468 469
453 1 2 13 13 469 470
454 1 2 13 13 470 471
455 1 2 13 13 471 472
456 1 2 13 13 472 473
457 1 2 13 13 473 474
458 1 2 13 13 474 475
459 1 2 13 13 475 476
460 1 2 13 13 476 477
461 1 2 13 13 477 478
462 1 2 13 13 478 479
463 1 2 13 13 479 480
464 1 2 13 13 480 481
465 1 2 13 13 481 482
466 1 2 13 13 482 483
467 1 2 13 13 483 484
468 1 2 13 13 484 485
469 1 2 13 13 485 486
470 1 2 13 13 486 487
471 1 2 13 13 487 488
472 1 2 13 13 488 489
473 1 2 13 13 489 490
474 1 2 13 13 490 491
475 1 2 13 13 491 492
476 1 2 13 13 492 493
477 1 2 13 13 493 494
478 1 2 13 13 494 495
479 1 2 13 13 495 496
480 1 2 13 13 496 497
481 1 2 13 13 497 498
482 1 2 13 13 498 499
483 1 2 13 13 499 500
484 1 2 13 13 500 501
485 1 2 13 13 501 502
486 1 2 13 13 502 503
487 1 2 13 13 503 504
488 1 2 13 13 504 505
489 1 2 13 13 505 506
490 1 2 13 13 506 507
491 1 2 13 13 507 508
492 1 2 13 13 508 509
493 1 2 13 13 509 510
494 1 2 13 13 510 511
495 1 2 13 13 511 512
496 1 2 13 13 512 513
497 1 2 13 13 513 514
498 1 2 13 13 514 515
499 1 2 13 13 515 516
500 1 2 13 13 516 517
501 1 2 13 13 517 518
502 1 2 13 13 518 519
503 1 2 13 13 519 520
504 1 2 13 13 520 521
505 1 2 13 13 521 522
506 1 2 13 13 522 523
507 1 2 13 13 523 524
508 1 2 13 13 524 525
509 1 2 13 13 525 526
510 1 2 13 13 526 7
511 1 2 14 14 2 527
512 1 2 14 14 527 528
513 1 2 14 14 528 529
514 1 2 14 14 529 530
515 1 2 14 14 530 531
516 1 2 14 14 531 532
517 1 2 14 14 532 533
518 1 2 14 14 533 534
519 1 2 14 14 534 535
520 1 2 14 14 535 536
521 1 2 14 14 536 537
522 1 2 14 14 537 538
523 1 2 14 14 538 539
524 1 2 14 14 539 540
525 1 2 14 14 540 541
526 1 2 14 14 541 542
527 1 2 14 14 542 543
528 1 2 14 14 543 544
529 1 2 14 14 544 545
530 1 2 14 14 545 546
531 1 2 14 14 546 547
532 1 2 14 14 547 548
533 1 2 14 14 548 549
534 1 2 14 14 549 550
535 1 2 14 14 550 551
536 1 2 14 14 551 552
537 1 2 14 14 552 553
538 1 2 14 14 553 554
539 1 2 14 14 554 555
540 1 2 14 14 555 556
541 1 2 14 14 556 557
542 1 2 14 14 557 558
543 1 2 14 14 558 559
544 1 2 14 14 559 560
545 1 2 14 14 560 561
546 1 2 14 14 561 562
547 1 2 14 14 562 563
548 1 2 14 14 563 564
549 1 2 14 14 564 565
550 1 2 14 14 565 566
551 1 2 14 14 566 567
552 1 2 14 14 567 568
553 1 2 14 14 568 569
554 1 2 14 14 569 570
555 1 2 14 14 570 571
556 1 2 14 14 571 572
557 1 2 14 14 572 573
558 1 2 14 14 573 574
559 1 2 14 14 574 575
560 1 2 14 14 575 576
561 1 2 14 14 576 577
562 1 2 14 14 577 578
563 1 2 14 14 578 579
564 1 2 14 14 579 580
565 1 2 14 14 580 581
566 1 2 14 14 581 582
567 1 2 14 14 582 583
568 1 2 14 14 583 584
569 1 2 14 14 584 585
570 1 2 14 14 585 9
571 1 2 15 15 2 586
572 1 2 15 15 586 587
573 1 2 15 15 587 588
574 1 2 15 15 588 589
575 1 2 15 15 589 12
576 1 2 16 16 10 590
577 1 2 16 16 590 591
578 1 2 16 16 591 592
579 1 2 16 16 592 593
580 1 2 16 16 593 3
581 1 2 17 17 5 594
582 1 2 17 17 594 595
583 1 2 17 17 595 596
584 1 2 17 17 596 597
585 1 2 17 17 597 11
586 1 2 18 18 15 598
587 1 2 18 18 598 599
588 1 2 18 18 599 9
589 1 2 19 19 7 600
590 1 2 19 19 600 601
591 1 2 19 19 601 14
592 1 2 20 20 13 602
593 1 2 20 20 602 603
594 1 2 20 20 603 6
595 1 2 21 21 10 604
596 1 2 21 21 604 605
597 1 2 21 21 605 606
598 1 2 21 21 606 607
599 1 2 21 21 607 608
600 1 2 21 21 608 609
601 1 2 21 21 609 610
602 1 2 21 21 610 611
603 1 2 21 21 611 612
604 1 2 21 21 612 16
605 1 2 22 22 3 613
606 1 2 22 22 613 614
607 1 2 22 22 614 615
608 1 2 22 22 615 616
609 1 2 22 22 616 617
610 1 2 22 22 617 618
611 1 2 22 22 618 619
612 1 2 22 22 619 620
613 1 2 22 22 620 621
614 1 2 22 22 621 17
615 1 2 23 23 4 622
616 1 2 23 23 622 623
617 1 2 23 23 623 624
618 1 2 23 23 624 625
619 1 2 23 23 625 626
620 1 2 23 23 626 627
621 1 2 23 23 627 628
622 1 2 23 23 628 629
623 1 2 23 23 629 630
624 1 2 23 23 630 18
625 1 2 24 24 5 631
626 1 2 24 24 631 632
627 1 2 24 24 632 633
628 1 2 24 24 633 634
629 1 2 24 24 634 635
630 1 2 24 24 635 636
631 1 2 24 24 636 637
632 1 2 24 24 637 638
633 1 2 24 24 638 639
634 1 2 24 24 639 19
635 1 2 25 25 11 640
636 1 2 25 25 640 641
637 1 2 25 25 641 642
638 1 2 25 25 642 643
639 1 2 25 25 643 644
640 1 2 25 25 644 645
641 1 2 25 25 645 646
642 1 2 25 25 646 647
643 1 2 25 25 647 648
644 1 2 25 25 648 20
645 1 2 26 26 17 649
646 1 2 26 26 649 650
647 1 2 26 26 650 651
648 1 2 26 26 651 652
649 1 2 26 26 652 653
650 1 2 26 26 653 654
651 1 2 26 26 654 655
652 1 2 26 26 655 656
653 1 2 26 26 656 657
654 1 2 26 26 657 658
655 1 2 26 26 658 659
656 1 2 26 26 659 660
657 1 2 26 26 660 661
658 1 2 26 26 661 662
659 1 2 26 26 662 18
660 1 2 27 27 18 663
661 1 2 27 27 663 664
662 1 2 27 27 664 665
663 1 2 27 27 665 666
664 1 2 27 27 666 667
665 1 2 27 27 667 668
666 1 2 27 27 668 669
667 1 2 27 27 669 670
668 1 2 27 27 670 671
669 1 2 27 27 671 672
670 1 2 27 27 672 673
671 1 2 27 27 673 674
672 1 2 27 27 674 675
673 1 2 27 27 675 676
674 1 2 27 27 676 19
675 1 2 28 28 21 677
676 1 2 28 28 677 678
677 1 2 28 28 678 679
678 1 2 28 28 679 680
679 1 2 28 28 680 681
680 1 2 28 28 681 682
681 1 2 28 28 682 683
682 1 2 28 28 683 684
683 1 2 28 28 684 685
684 1 2 28 28 685 686
685 1 2 28 28 686 687
686 1 2 28 28 687 688
687 1 2 28 28 688 689
688 1 2 28 28 689 690
689 1 2 28 28 690 691
690 1 2 28 28 691 692
691 1 2 28 28 692 693
692 1 2 28 28 693 694
693 1 2 28 28 694 695
694 1 2 28 28 695 22
695 1 2 29 29 23 696
696 1 2 29 29 696 697
697 1 2 29 29 697 698
698 1 2 29 29 698 699
699 1 2 29 29 699 700
700 1 2 29 29 700 701
701 1 2 29 29 701 702
702 1 2 29 29 702 703
703 1 2 29 29 703 704
704 1 2 29 29 704 15
705 1 2 30 30 24 705
706 1 2 30 30 705 706
707 1 2 30 30 706 707
708 1 2 30 30 707 708
709 1 2 30 30 708 709
710 1 2 30 30 709 710
711 1 2 30 30 710 711
712 1 2 30 30 711 712
713 1 2 30 30 712 713
714 1 2 30 30 713 9
715 1 2 31 31 25 714
716 1 2 31 31 714 715
717 1 2 31 31 715 716
718 1 2 31 31 716 717
719 1 2 31 31 717 718
720 1 2 31 31 718 719
721 1 2 31 31 719 720
722 1 2 31 31 720 721
723 1 2 31 31 721 722
724 1 2 31 31 722 8
725 1 2 32 32 26 723
726 1 2 32 32 723 724
727 1 2 32 32 724 725
728 1 2 32 32 725 726
729 1 2 32 32 726 727
730 1 2 32 32 727 728
731 1 2 32 32 728 729
732 1 2 32 32 729 730
733 1 2 32 32 730 731
734 1 2 32 32 731 7
735 1 2 33 33 27 732
736 1 2 33 33 732 733
737 1 2 33 33 733 734
738 1 2 33 33 734 735
739 1 2 33 33 735 736
740 1 2 33 33 736 737
741 1 2 33 33 737 738
742 1 2 33 33 738 739
743 1 2 33 33 739 740
744 1 2 33 33 740 14
745 1 2 34 34 24 741
746 1 2 34 34 741 742
747 1 2 34 34 742 743
748 1 2 34 34 743 744
749 1 2 34 34 744 745
750 1 2 34 34 745 746
751 1 2 34 34 746 747
752 1 2 34 34 747 748
753 1 2 34 34 748 749
754 1 2 34 34 749 750
755 1 2 34 34 750 751
756 1 2 34 34 751 752
757 1 2 34 34 752 753
758 1 2 34 34 753 754
759 1 2 34 34 754 25
760 1 2 35 35 25 755
761 1 2 35 35 755 756
762 1 2 35 35 756 757
763 1 2 35 35 757 758
764 1 2 35 35 758 759
765 1 2 35 35 759 760
766 1 2 35 35 760 761
767 1 2 35 35 761 762
768 1 2 35 35 762 763
769 1 2 35 35 763 764
770 1 2 35 35 764 765
771 1 2 35 35 765 766
772 1 2 35 35 766 767
773 1 2 35 35 767 768
774 1 2 35 35 768 26
775 1 2 36 36 28 769
776 1 2 36 36 769 770
777 1 2 36 36 770 771
778 1 2 36 36 771 772
779 1 2 36 36 772 773
780 1 2 36 36 773 774
781 1 2 36 36 774 775
782 1 2 36 36 775 776
783 1 2 36 36 776 777
784 1 2 36 36 777 778
785 1 2 36 36 778 779
786 1 2 36 36 779 780
787 1 2 36 36 780 781
788 1 2 36 36 781 782
789 1 2 36 36 782 783
790 1 2 36 36 783 784
791 1 2 36 36 784 785
792 1 2 36 36 785 786
793 1 2 36 36 786 787
794 1 2 36 36 787 29
795 1 2 37 37 12 788
796 1 2 37 37 788 789
797 1 2 37 37 789 790
798 1 2 37 37 790 791
799 1 2 37 37 791 792
800 1 2 37 37 792 793
801 1 2 37 37 793 794
802 1 2 37 37 794 795
803 1 2 37 37 795 796
804 1 2 37 37 796 797
805 1 2 37 37 797 798
806 1 2 37 37 798 799
807 1 2 37 37 799 800
808 1 2 37 37 800 801
809 1 2 37 37 801 802
810 1 2 37 37 802 10
811 1 2 38 38 13 803
812 1 2 38 38 803 804
813 1 2 38 38 804 805
814 1 2 38 38 805 806
815 1 2 38 38 806 807
816 1 2 38 38 807 808
817 1 2 38 38 808 809
818 1 2 38 38 809 810
819 1 2 38 38 810 811
820 1 2 38 38 811 812
821 1 2 38 38 812 813
822 1 2 38 38 813 814
823 1 2 38 38 814 815
824 1 2 38 38 815 816
825 1 2 38 38 816 817
826 1 2 38 38 817 818
827 1 2 38 38 818 819
828 1 2 38 38 819 820
829 1 2 38 38 820 821
830 1 2 38 38 821 822
831 1 2 38 38 822 823
832 1 2 38 38 823 824
833 1 2 38 38 824 825
834 1 2 38 38 825 826
835 1 2 38 38 826 827
836 1 2 38 38 827 828
837 1 2 38 38 828 829
838 1 2 38 38 829 830
839 1 2 38 38 830 831
840 1 2 38 38 831 832
841 1 2 38 38 832 833
842 1 2 38 38 833 834
843 1 2 38 38 834 835
844 1 2 38 38 835 836
845 1 2 38 38 836 837
846 1 2 38 38 837 838
847 1 2 38 38 838 839
848 1 2 38 38 839 840
849 1 2 38 38 840 841
850 1 2 38 38 841 842
851 1 2 38 38 842 843
852 1 2 38 38 843 844
853 1 2 38 38 844 845
854 1 2 38 38 845 846
855 1 2 38 38 846 847
856 1 2 38 38 847 848
857 1 2 38 38 848 849
858 1 2 38 38 849 850
859 1 2 38 38 850 851
860 1 2 38 38 851 852
861 1 2 38 38 852 853
862 1 2 38 38 853 854
863 1 2 38 38 854 855
864 1 2 38 38 855 856
865 1 2 38 38 856 857
866 1 2 38 38 857 858
867 1 2 38 38 858 859
868 1 2 38 38 859 860
869 1 2 38 38 860 861
870 1 2 38 38 861 862
871 1 2 38 38 862 863
872 1 2 38 38 863 864
873 1 2 38 38 864 865
874 1 2 38 38 865 866
875 1 2 38 38 866 867
876 1 2 38 38 867 868
877 1 2 38 38 868 869
878 1 2 38 38 869 870
879 1 2 38 38 870 871
880 1 2 38 38 871 872
881 1 2 38 38 872 873
882 1 2 38 38 873 874
883 1 2 38 38 874 875
884 1 2 38 38 875 876
885 1 2 38 38 876 877
886 1 2 38 38 877 878
887 1 2 38 38 878 879
888 1 2 38 38 879 880
889 1 2 38 38 880 881
890 1 2 38 38 881 882
891 1 2 38 38 882 883
892 1 2 38 38 883 884
893 1 2 38 38 884 885
894 1 2 38 38 885 886
895 1 2 38 38 886 887
896 1 2 38 38 887 888
897 1 2 38 38 888 889
898 1 2 38 38 889 890
899 1 2 38 38 890 891
900 1 2 38 38 891 892
901 1 2 38 38 892 893
902 1 2 38 38 893 894
903 1 2 38 38 894 895
904 1 2 38 38 895 896
905 1 2 38 38 896 897
906 1 2 38 38 897 898
907 1 2 38 38 898 899
908 1 2 38 38 899 900
909 1 2 38 38 900 901
910 1 2 38 38 901 902
911 1 2 38 38 902 903
912 1 2 38 38 903 904
913 1 2 38 38 904 905
914 1 2 38 38 905 906
915 1 2 38 38 906 907
916 1 2 38 38 907 908
917 1 2 38 38 908 909
918 1 2 38 38 909 910
919 1 2 38 38 910 911
920 1 2 38 38 911 11
921 1 2 39 39 12 912
922 1 2 39 39 912 913
923 1 2 39 39 913 914
924 1 2 39 39 914 915
925 1 2 39 39 915 916
926 1 2 39 39 916 917
927 1 2 39 39 917 918
928 1 2 39 39 918 919
929 1 2 39 39 919 920
930 1 2 39 39 920 921
931 1 2 39 39 921 922
932 1 2 39 39 922 923
933 1 2 39 39 923 924
934 1 2 39 39 924 925
935 1 2 39 39 925 926
936 1 2 39 39 926 927
937 1 2 39 39 927 928
938 1 2 39 39 928 929
939 1 2 39 39 929 930
940 1 2 39 39 930 931
941 1 2 39 39 931 932
942 1 2 39 39 932 933
943 1 2 39 39 933 934
944 1 2 39 39 934 935
945 1 2 39 39 935 936
946 1 2 39 39 936 937
947 1 2 39 39 937 938
948 1 2 39 39 938 939
949 1 2 39 39 939 940
950 1 2 39 39 940 941
951 1 2 39 39 941 942
952 1 2 39 39 942 943
953 1 2 39 39 943 944
954 1 2 39 39 944 945
955 1 2 39 39 945 946
956 1 2 39 39 946 947
957 1 2 39 39 947 948
958 1 2 39 39 948 949
959 1 2 39 39 949 950
960 1 2 39 39 950 951
961 1 2 39 39 951 952
962 1 2 39 39 952 953
963 1 2 39 39 953 954
964 1 2 39 39 954 955
965 1 2 39 39 955 956
966 1 2 39 39 956 957
967 1 2 39 39 957 958
968 1 2 39 39 958 959
969 1 2 39 39 959 960
970 1 2 39 39 960 961
971 1 2 39 39 961 962
972 1 2 39 39 962 963
973 1 2 39 39 963 964
974 1 2 39 39 964 965
975 1 2 39 39 965 966
976 1 2 39 39 966 967
977 1 2 39 39 967 968
978 1 2 39 39 968 969
979 1 2 39 39 969 970
980 1 2 39 39 970 971
981 1 2 39 39 971 972
982 1 2 39 39 972 973
983 1 2 39 39 973 974
984 1 2 39 39 974 975
985 1 2 39 39 975 976
986 1 2 39 39 976 977
987 1 2 39 39 977 978
988 1 2 39 39 978 979
989 1 2 39 39 979 980
990 1 2 39 39 980 981
991 1 2 39 39 981 982
992 1 2 39 39 982 983
993 1 2 39 39 983 984
994 1 2 39 39 984 985
995 1 2 39 39 985 986
996 1 2 39 39 986 987
997 1 2 39 39 987 988
998 1 2 39 39 988 989
999 1 2 39 39 989 990
1000 1 2 39 39 990 991
1001 1 2 39 39 991 992
1002 1 2 39 39 992 993
1003 1 2 39 39 993 994
1004 1 2 39 39 994 995
1005 1 2 39 39 995 996
1006 1 2 39 39 996 997
1007 1 2 39 39 997 998
1008 1 2 39 39 998 999
1009 1 2 39 39 999 1000
1010 1 2 39 39 1000 1001
1011 1 2 39 39 1001 1002
1012 1 2 39 39 1002 1003
1013 1 2 39 39 1003 1004
1014 1 2 39 39 1004 1005
1015 1 2 39 39 1005 1006
1016 1 2 39 39 1006 1007
1017 1 2 39 39 1007 1008
1018 1 2 39 39 1008 1009
1019 1 2 39 39 1009 1010
1020 1 2 39 39 1010 1011
1021 1 2 39 39 1011 1012
1022 1 2 39 39 1012 1013
1023 1 2 39 39 1013 1014
1024 1 2 39 39 1014 1015
1025 1 2 39 39 1015 1016
1026 1 2 39 39 1016 1017
1027 1 2 39 39 1017 1018
1028 1 2 39 39 1018 1019
1029 1 2 39 39 1019 1020
1030 1 2 39 39 1020 15
1031 1 2 40 40 13 1021
1032 1 2 40 40 1021 1022
1033 1 2 40 40 1022 1023
1034 1 2 40 40 1023 1024
1035 1 2 40 40 1024 1025
1036 1 2 40 40 1025 1026
1037 1 2 40 40 1026 1027
1038 1 2 40 40 1027 1028
1039 1 2 40 40 1028 1029
1040 1 2 40 40 1029 1030
1041 1 2 40 40 1030 1031
1042 1 2 40 40 1031 1032
1043 1 2 40 40 1032 1033
1044 1 2 40 40 1033 1034
1045 1 2 40 40 1034 1035
1046 1 2 40 40 1035 14
1047 1 2 41 41 29 1036
1048 1 2 41 41 1036 1037
1049 1 2 41 41 1037 1038
1050 1 2 41 41 1038 1039
1051 1 2 41 41 1039 1040
1052 1 2 41 41 1040 1041
1053 1 2 41 41 1041 1042
1054 1 2 41 41 1042 27
1055 1 2 42 42 23 1043
1056 1 2 42 42 1043 1044
1057 1 2 42 42 1044 1045
1058 1 2 42 42 1045 1046
1059 1 2 42 42 1046 1047
1060 1 2 42 42 1047 1048
1061 1 2 42 42 1048 1049
1062 1 2 42 42 1049 28
1063 1 2 43 43 20 1050
1064 1 2 43 43 1050 1051
1065 1 2 43 43 1051 1052
1066 1 2 43 43 1052 1053
1067 1 2 43 43 1053 1054
1068 1 2 43 43 1054 1055
1069 1 2 43 43 1055 1056
1070 1 2 43 43 1056 22
1071 1 2 44 44 21 1057
1072 1 2 44 44 1057 1058
1073 1 2 44 44 1058 1059
1074 1 2 44 44 1059 1060
1075 1 2 44 44 1060 1061
1076 1 2 44 44 1061 1062
1077 1 2 44 44 1062 1063
1078 1 2 44 44 1063 16
1079 2 2 45 59 7 526 335
1080 2 2 45 59 335 526 1064
1081 2 2 45 59 335 1064 334
1082 2 2 45 59 334 1064 1065
1083 2 2 45 59 334 1065 333
1084 2 2 45 59 333 1065 1066
1085 2 2 45 59 333 1066 332
1086 2 2 45 59 332 1066 1067
1087 2 2 45 59 332 1067 331
1088 2 2 45 59 331 1067 1068
1089 2 2 45 59 331 1068 330
1090 2 2 45 59 330 1068 1069
1091 2 2 45 59 330 1069 329
1092 2 2 45 59 329 1069 1070
1093 2 2 45 59 329 1070 328
1094 2 2 45 59 328 1070 1071
1095 2 2 45 59 328 1071 327
1096 2 2 45 59 327 1071 1072
1097 2 2 45 59 327 1072 326
1098 2 2 45 59 326 1072 1073
1099 2 2 45 59 326 1073 325
1100 2 2 45 59 325 1073 1074
1101 2 2 45 59 325 1074 324
1102 2 2 45 59 324 1074 1075
1103 2 2 45 59 324 1075 323
1104 2 2 45 59 323 1075 1076
1105 2 2 45 59 323 1076 322
1106 2 2 45 59 322 1076 1077
1107 2 2 45 59 322 1077 8
1108 2 2 45 59 8 1077 206
1109 2 2 45 59 526 525 1064
1110 2 2 45 59 1064 525 1078
1111 2 2 45 59 1064 1078 1065
1112 2 2 45 59 1065 1078 1079
1113 2 2 45 59 1065 1079 1066
1114 2 2 45 59 1066 1079 1080
1115 2 2 45 59 1066 1080 1067
1116 2 2 45 59 1067 1080 1081
1117 2 2 45 59 1067 1081 1068
1118 2 2 45 59 1068 1081 1082
1119 2 2 45 59 1068 1082 1069
1120 2 2 45 59 1069 1082 1083
1121 2 2 45 59 1069 1083 1070
1122 2 2 45 59 1070 1083 1084
1123 2 2 45 59 1070 1084 1071
1124 2 2 45 59 1071 1084 1085
1125 2 2 45 59 1071 1085 1072
1126 2 2 45 59 1072 1085 1086
1127 2 2 45 59 1072 1086 1073
1128 2 2 45 59 1073 1086 1087
1129 2 2 45 59 1073 1087 1074
1130 2 2 45 59 1074 1087 1088
1131 2 2 45 59 1074 1088 1075
1132 2 2 45 59 1075 1088 1089
1133 2 2 45 59 1075 1089 1076
1134 2 2 45 59 1076 1089 1090
1135 2 2 45 59 1076 1090 1077
1136 2 2 45 59 1077 1090 1091
1137 2 2 45 59 1077 1091 206
1138 2 2 45 59 206 1091 205
1139 2 2 45 59 525 524 1078
1140 2 2 45 59 1078 524 1092
1141 2 2 45 59 1078 1092 1079
1142 2 2 45 59 1079 1092 1093
1143 2 2 45 59 1079 1093 1080
1144 2 2 45 59 1080 1093 1094
1145 2 2 45 59 1080 1094 1081
1146 2 2 45 59 1081 1094 1095
1147 2 2 45 59 1081 1095 1082
1148 2 2 45 59 1082 1095 1096
1149 2 2 45 59 1082 1096 1083
1150 2 2 45 59 1083 1096 1097
1151 2 2 45 59 1083 1097 1084
1152 2 2 45 59 1084 1097 1098
1153 2 2 45 59 1084 1098 1085
1154 2 2 45 59 1085 1098 1099
1155 2 2 45 59 1085 1099 1086
1156 2 2 45 59 1086 1099 1100
1157 2 2 45 59 1086 1100 1087
1158 2 2 45 59 1087 1100 1101
1159 2 2 45 59 1087 1101 1088
1160 2 2 45 59 1088 1101 1102
1161 2 2 45 59 1088 1102 1089
1162 2 2 45 59 1089 1102 1103
1163 2 2 45 59 1089 1103 1090
1164 2 2 45 59 1090 1103 1104
1165 2 2 45 59 1090 1104 1091
1166 2 2 45 59 1091 1104 1105
1167 2 2 45 59 1091 1105 205
1168 2 2 45 59 205 1105 204
1169 2 2 45 59 524 523 1092
1170 2 2 45 59 1092 523 1106
1171 2 2 45 59 1092 1106 1093
1172 2 2 45 59 1093 1106 1107
1173 2 2 45 59 1093 1107 1094
1174 2 2 45 59 1094 1107 1108
1175 2 2 45 59 1094 1108 1095
1176 2 2 45 59 1095 1108 1109
1177 2 2 45 59 1095 1109 1096
1178 2 2 45 59 1096 1109 1110
1179 2 2 45 59 1096 1110 1097
1180 2 2 45 59 1097 1110 1111
1181 2 2 45 59 1097 1111 1098
1182 2 2 45 59 1098 1111 1112
1183 2 2 45 59 1098 1112 1099
1184 2 2 45 59 1099 1112 1113
1185 2 2 45 59 1099 1113 1100
1186 2 2 45 59 1100 1113 1114
1187 2 2 45 59 1100 1114 1101
1188 2 2 45 59 1101 1114 1115
1189 2 2 45 59 1101 1115 1102
1190 2 2 45 59 1102 1115 1116
1191 2 2 45 59 1102 1116 1103
1192 2 2 45 59 1103 1116 1117
1193 2 2 45 59 1103 1117 1104
1194 2 2 45 59 1104 1117 1118
1195 2 2 45 59 1104 1118 1105
1196 2 2 45 59 1105 1118 1119
1197 2 2 45 59 1105 1119 204
1198 2 2 45 59 204 1119 203
1199 2 2 45 59 523 522 1106
1200 2 2 45 59 1106 522 1120
1201 2 2 45 59 1106 1120 1107
1202 2 2 45 59 1107 1120 1121
1203 2 2 45 59 1107 1121 1108
1204 2 2 45 59 1108 1121 1122
1205 2 2 45 59 1108 1122 1109
1206 2 2 45 59 1109 1122 1123
1207 2 2 45 59 1109 1123 1110
1208 2 2 45 59 1110 1123 1124
1209 2 2 45 59 1110 1124 1111
1210 2 2 45 59 1111 1124 1125
1211 2 2 45 59 1111 1125 1112
1212 2 2 45 59 1112 1125 1126
1213 2 2 45 59 1112 1126 1113
1214 2 2 45 59 1113 1126 1127
1215 2 2 45 59 1113 1127 1114
1216 2 2 45 59 1114 1127 1128
1217 2 2 45 59 1114 1128 1115
1218 2 2 45 59 1115 1128 1129
1219 2 2 45 59 1115 1129 1116
1220 2 2 45 59 1116 1129 1130
1221 2 2 45 59 1116 1130 1117
1222 2 2 45 59 1117 1130 1131
1223 2 2 45 59 1117 1131 1118
1224 2 2 45 59 1118 1131 1132
1225 2 2 45 59 1118 1132 1119
1226 2 2 45 59 1119 1132 1133
1227 2 2 45 59 1119 1133 203
1228 2 2 45 59 203 1133 202
1229 2 2 45 59 522 521 1120
1230 2 2 45 59 1120 521 1134
1231 2 2 45 59 1120 1134 1121
1232 2 2 45 59 1121 1134 1135
1233 2 2 45 59 1121 1135 1122
1234 2 2 45 59 1122 1135 1136
1235 2 2 45 59 1122 1136 1123
1236 2 2 45 59 1123 1136 1137
1237 2 2 45 59 1123 1137 1124
1238 2 2 45 59 1124 1137 1138
1239 2 2 45 59 1124 1138 1125
1240 2 2 45 59 1125 1138 1139
1241 2 2 45 59 1125 1139 1126
1242 2 2 45 59 1126 1139 1140
1243 2 2 45 59 1126 1140 1127
1244 2 2 45 59 1127 1140 1141
1245 2 2 45 59 1127 1141 1128
1246 2 2 45 59 1128 1141 1142
1247 2 2 45 59 1128 1142 1129
1248 2 2 45 59 1129 1142 1143
1249 2 2 45 59 1129 1143 1130
1250 2 2 45 59 1130 1143 1144
1251 2 2 45 59 1130 1144 1131
1252 2 2 45 59 1131 1144 1145
1253 2 2 45 59 1131 1145 1132
1254 2 2 45 59 1132 1145 1146
1255 2 2 45 59 1132 1146 1133
1256 2 2 45 59 1133 1146 1147
1257 2 2 45 59 1133 1147 202
1258 2 2 45 59 202 1147 201
1259 2 2 45 59 521 520 1134
1260 2 2 45 59 1134 520 1148
1261 2 2 45 59 1134 1148 1135
1262 2 2 45 59 1135 1148 1149
1263 2 2 45 59 1135 1149 1136
1264 2 2 45 59 1136 1149 1150
1265 2 2 45 59 1136 1150 1137
1266 2 2 45 59 1137 1150 1151
1267 2 2 45 59 1137 1151 1138
1268 2 2 45 59 1138 1151 1152
1269 2 2 45 59 1138 1152 1139
1270 2 2 45 59 1139 1152 1153
1271 2 2 45 59 1139 1153 1140
1272 2 2 45 59 1140 1153 1154
1273 2 2 45 59 1140 1154 1141
1274 2 2 45 59 1141 1154 1155
1275 2 2 45 59 1141 1155 1142
1276 2 2 45 59 1142 1155 1156
1277 2 2 45 59 1142 1156 1143
1278 2 2 45 59 1143 1156 1157
1279 2 2 45 59 1143 1157 1144
1280 2 2 45 59 1144 1157 1158
1281 2 2 45 59 1144 1158 1145
1282 2 2 45 59 1145 1158 1159
1283 2 2 45 59 1145 1159 1146
1284 2 2 45 59 1146 1159 1160
1285 2 2 45 59 1146 1160 1147
1286 2 2 45 59 1147 1160 1161
1287 2 2 45 59 1147 1161 201
1288 2 2 45 59 201 1161 200
1289 2 2 45 59 520 519 1148
1290 2 2 45 59 1148 519 1162
1291 2 2 45 59 1148 1162 1149
1292 2 2 45 59 1149 1162 1163
1293 2 2 45 59 1149 1163 1150
1294 2 2 45 59 1150 1163 1164
1295 2 2 45 59 1150 1164 1151
1296 2 2 45 59 1151 1164 1165
1297 2 2 45 59 1151 1165 1152
1298 2 2 45 59 1152 1165 1166
1299 2 2 45 59 1152 1166 1153
1300 2 2 45 59 1153 1166 1167
1301 2 2 45 59 1153 1167 1154
1302 2 2 45 59 1154 1167 1168
1303 2 2 45 59 1154 1168 1155
1304 2 2 45 59 1155 1168 1169
1305 2 2 45 59 1155 1169 1156
1306 2 2 45 59 1156 1169 1170
1307 2 2 45 59 1156 1170 1157
1308 2 2 45 59 1157 1170 1171
1309 2 2 45 59 1157 1171 1158
1310 2 2 45 59 1158 1171 1172
1311 2 2 45 59 1158 1172 1159
1312 2 2 45 59 1159 1172 1173
1313 2 2 45 59 1159 1173 1160
1314 2 2 45 59 1160 1173 1174
1315 2 2 45 59 1160 1174 1161
1316 2 2 45 59 1161 1174 1175
1317 2 2 45 59 1161 1175 200
1318 2 2 45 59 200 1175 199
1319 2 2 45 59 519 518 1162
1320 2 2 45 59 1162 518 1176
1321 2 2 45 59 1162 1176 1163
1322 2 2 45 59 1163 1176 1177
1323 2 2 45 59 1163 1177 1164
1324 2 2 45 59 1164 1177 1178
1325 2 2 45 59 1164 1178 1165
1326 2 2 45 59 1165 1178 1179
1327 2 2 45 59 1165 1179 1166
1328 2 2 45 59 1166 1179 1180
1329 2 2 45 59 1166 1180 1167
1330 2 2 45 59 1167 1180 1181
1331 2 2 45 59 1167 1181 1168
1332 2 2 45 59 1168 1181 1182
1333 2 2 45 59 1168 1182 1169
1334 2 2 45 59 1169 1182 1183
1335 2 2 45 59 1169 1183 1170
1336 2 2 45 59 1170 1183 1184
1337 2 2 45 59 1170 1184 1171
1338 2 2 45 59 1171 1184 1185
1339 2 2 45 59 1171 1185 1172
1340 2 2 45 59 1172 1185 1186
1341 2 2 45 59 1172 1186 1173
1342 2 2 45 59 1173 1186 1187
1343 2 2 45 59 1173 1187 1174
1344 2 2 45 59 1174 1187 1188
1345 2 2 45 59 1174 1188 1175
1346 2 2 45 59 1175 1188 1189
1347 2 2 45 59 1175 1189 199
1348 2 2 45 59 199 1189 198
1349 2 2 45 59 518 517 1176
1350 2 2 45 59 1176 517 1190
1351 2 2 45 59 1176 1190 1177
1352 2 2 45 59 1177 1190 1191
1353 2 2 45 59 1177 1191 1178
1354 2 2 45 59 1178 1191 1192
1355 2 2 45 59 1178 1192 1179
1356 2 2 45 59 1179 1192 1193
1357 2 2 45 59 1179 1193 1180
1358 2 2 45 59 1180 1193 1194
1359 2 2 45 59 1180 1194 1181
1360 2 2 45 59 1181 1194 1195
1361 2 2 45 59 1181 1195 1182
1362 2 2 45 59 1182 1195 1196
1363 2 2 45 59 1182 1196 1183
1364 2 2 45 59 1183 1196 1197
1365 2 2 45 59 1183 1197 1184
1366 2 2 45 59 1184 1197 1198
1367 2 2 45 59 1184 1198 1185
1368 2 2 45 59 1185 1198 1199
1369 2 2 45 59 1185 1199 1186
1370 2 2 45 59 1186 1199 1200
1371 2 2 45 59 1186 1200 1187
1372 2 2 45 59 1187 1200 1201
1373 2 2 45 59 1187 1201 1188
1374 2 2 45 59 1188 1201 1202
1375 2 2 45 59 1188 1202 1189
1376 2 2 45 59 1189 1202 1203
1377 2 2 45 59 1189 1203 198
1378 2 2 45 59 198 1203 197
1379 2 2 45 59 517 516 1190
1380 2 2 45 59 1190 516 1204
1381 2 2 45 59 1190 1204 1191
1382 2 2 45 59 1191 1204 1205
1383 2 2 45 59 1191 1205 1192
1384 2 2 45 59 1192 1205 1206
1385 2 2 45 59 1192 1206 1193
1386 2 2 45 59 1193 1206 1207
1387 2 2 45 59 1193 1207 1194
1388 2 2 45 59 1194 1207 1208
1389 2 2 45 59 1194 1208 1195
1390 2 2 45 59 1195 1208 1209
1391 2 2 45 59 1195 1209 1196
1392 2 2 45 59 1196 1209 1210
1393 2 2 45 59 1196 1210 1197
1394 2 2 45 59 1197 1210 1211
1395 2 2 45 59 1197 1211 1198
1396 2 2 45 59 1198 1211 1212
1397 2 2 45 59 1198 1212 1199
1398 2 2 45 59 1199 1212 1213
1399 2 2 45 59 1199 1213 1200
1400 2 2 45 59 1200 1213 1214
1401 2 2 45 59 1200 1214 1201
1402 2 2 45 59 1201 1214 1215
1403 2 2 45 59 1201 1215 1202
1404 2 2 45 59 1202 1215 1216
1405 2 2 45 59 1202 1216 1203
1406 2 2 45 59 1203 1216 1217
1407 2 2 45 59 1203 1217 197
1408 2 2 45 59 197 1217 196
1409 2 2 45 59 516 515 1204
1410 2 2 45 59 1204 515 1218
1411 2 2 45 59 1204 1218 1205
1412 2 2 45 59 1205 1218 1219
1413 2 2 45 59 1205 1219 1206
1414 2 2 45 59 1206 1219 1220
1415 2 2 45 59 1206 1220 1207
1416 2 2 45 59 1207 1220 1221
1417 2 2 45 59 1207 1221 1208
1418 2 2 45 59 1208 1221 1222
1419 2 2 45 59 1208 1222 1209
1420 2 2 45 59 1209 1222 1223
1421 2 2 45 59 1209 1223 1210
1422 2 2 45 59 1210 1223 1224
1423 2 2 45 59 1210 1224 1211
1424 2 2 45 59 1211 1224 1225
1425 2 2 45 59 1211 1225 1212
1426 2 2 45 59 1212 1225 1226
1427 2 2 45 59 1212 1226 1213
1428 2 2 45 59 1213 1226 1227
1429 2 2 45 59 1213 1227 1214
1430 2 2 45 59 1214 1227 1228
1431 2 2 45 59 1214 1228 1215
1432 2 2 45 59 1215 1228 1229
1433 2 2 45 59 1215 1229 1216
1434 2 2 45 59 1216 1229 1230
1435 2 2 45 59 1216 1230 1217
1436 2 2 45 59 1217 1230 1231
1437 2 2 45 59 1217 1231 196
1438 2 2 45 59 196 1231 195
1439 2 2 45 59 515 514 1218
1440 2 2 45 59 1218 514 1232
1441 2 2 45 59 1218 1232 1219
1442 2 2 45 59 1219 1232 1233
1443 2 2 45 59 1219 1233 1220
1444 2 2 45 59 1220 1233 1234
1445 2 2 45 59 1220 1234 1221
1446 2 2 45 59 1221 1234 1235
1447 2 2 45 59 1221 1235 1222
1448 2 2 45 59 1222 1235 1236
1449 2 2 45 59 1222 1236 1223
1450 2 2 45 59 1223 1236 1237
1451 2 2 45 59 1223 1237 1224
1452 2 2 45 59 1224 1237 1238
1453 2 2 45 59 1224 1238 1225
1454 2 2 45 59 1225 1238 1239
1455 2 2 45 59 1225 1239 1226
1456 2 2 45 59 1226 1239 1240
1457 2 2 45 59 1226 1240 1227
1458 2 2 45 59 1227 1240 1241
1459 2 2 45 59 1227 1241 1228
1460 2 2 45 59 1228 1241 1242
1461 2 2 45 59 1228 1242 1229
1462 2 2 45 59 1229 1242 1243
1463 2 2 45 59 1229 1243 1230
1464 2 2 45 59 1230 1243 1244
1465 2 2 45 59 1230 1244 1231
1466 2 2 45 59 1231 1244 1245
1467 2 2 45 59 1231 1245 195
1468 2 2 45 59 195 1245 194
1469 2 2 45 59 514 513 1232
1470 2 2 45 59 1232 513 1246
1471 2 2 45 59 1232 1246 1233
1472 2 2 45 59 1233 1246 1247
1473 2 2 45 59 1233 1247 1234
1474 2 2 45 59 1234 1247 1248
1475 2 2 45 59 1234 1248 1235
1476 2 2 45 59 1235 1248 1249
1477 2 2 45 59 1235 1249 1236
1478 2 2 45 59 1236 1249 1250
1479 2 2 45 59 1236 1250 1237
1480 2 2 45 59 1237 1250 1251
1481 2 2 45 59 1237 1251 1238
1482 2 2 45 59 1238 1251 1252
1483 2 2 45 59 1238 1252 1239
1484 2 2 45 59 1239 1252 1253
1485 2 2 45 59 1239 1253 1240
1486 2 2 45 59 1240 1253 1254
1487 2 2 45 59 1240 1254 1241
1488 2 2 45 59 1241 1254 1255
1489 2 2 45 59 1241 1255 1242
1490 2 2 45 59 1242 1255 1256
1491 2 2 45 59 1242 1256 1243
1492 2 2 45 59 1243 1256 1257
1493 2 2 45 59 1243 1257 1244
1494 2 2 45 59 1244 1257 1258
1495 2 2 45 59 1244 1258 1245
1496 2 2 45 59 1245 1258 1259
1497 2 2 45 59 1245 1259 194
1498 2 2 45 59 194 1259 193
1499 2 2 45 59 513 512 1246
1500 2 2 45 59 1246 512 1260
1501 2 2 45 59 1246 1260 1247
1502 2 2 45 59 1247 1260 1261
1503 2 2 45 59 1247 1261 1248
1504 2 2 45 59 1248 1261 1262
1505 2 2 45 59 1248 1262 1249
1506 2 2 45 59 1249 1262 1263
1507 2 2 45 59 1249 1263 1250
1508 2 2 45 59 1250 1263 1264
1509 2 2 45 59 1250 1264 1251
1510 2 2 45 59 1251 1264 1265
1511 2 2 45 59 1251 1265 1252
1512 2 2 45 59 1252 1265 1266
1513 2 2 45 59 1252 1266 1253
1514 2 2 45 59 1253 1266 1267
1515 2 2 45 59 1253 1267 1254
1516 2 2 45 59 1254 1267 1268
1517 2 2 45 59 1254 1268 1255
1518 2 2 45 59 1255 1268 1269
1519 2 2 45 59 1255 1269 1256
1520 2 2 45 59 1256 1269 1270
1521 2 2 45 59 1256 1270 1257
1522 2 2 45 59 1257 1270 1271
1523 2 2 45 59 1257 1271 1258
1524 2 2 45 59 1258 1271 1272
1525 2 2 45 59 1258 1272 1259
1526 2 2 45 59 1259 1272 1273
1527 2 2 45 59 1259 1273 193
1528 2 2 45 59 193 1273 192
1529 2 2 45 59 512 511 1260
1530 2 2 45 59 1260 511 1274
1531 2 2 45 59 1260 1274 1261
1532 2 2 45 59 1261 1274 1275
1533 2 2 45 59 1261 1275 1262
1534 2 2 45 59 1262 1275 1276
1535 2 2 45 59 1262 1276 1263
1536 2 2 45 59 1263 1276 1277
1537 2 2 45 59 1263 1277 1264
1538 2 2 45 59 1264 1277 1278
1539 2 2 45 59 1264 1278 1265
1540 2 2 45 59 1265 1278 1279
1541 2 2 45 59 1265 1279 1266
1542 2 2 45 59 1266 1279 1280
1543 2 2 45 59 1266 1280 1267
1544 2 2 45 59 1267 1280 1281
1545 2 2 45 59 1267 1281 1268
1546 2 2 45 59 1268 1281 1282
1547 2 2 45 59 1268 1282 1269
1548 2 2 45 59 1269 1282 1283
1549 2 2 45 59 1269 1283 1270
1550 2 2 45 59 1270 1283 1284
1551 2 2 45 59 1270 1284 1271
1552 2 2 45 59 1271 1284 1285
1553 2 2 45 59 1271 1285 1272
1554 2 2 45 59 1272 1285 1286
1555 2 2 45 59 1272 1286 1273
1556 2 2 45 59 1273 1286 1287
1557 2 2 45 59 1273 1287 192
1558 2 2 45 59 192 1287 191
1559 2 2 45 59 511 510 1274
1560 2 2 45 59 1274 510 1288
1561 2 2 45 59 1274 1288 1275
1562 2 2 45 59 1275 1288 1289
1563 2 2 45 59 1275 1289 1276
1564 2 2 45 59 1276 1289 1290
1565 2 2 45 59 1276 1290 1277
1566 2 2 45 59 1277 1290 1291
1567 2 2 45 59 1277 1291 1278
1568 2 2 45 59 1278 1291 1292
1569 2 2 45 59 1278 1292 1279
1570 2 2 45 59 1279 1292 1293
1571 2 2 45 59 1279 1293 1280
1572 2 2 45 59 1280 1293 1294
1573 2 2 45 59 1280 1294 1281
1574 2 2 45 59 1281 1294 1295
1575 2 2 45 59 1281 1295 1282
1576 2 2 45 59 1282 1295 1296
1577 2 2 45 59 1282 1296 1283
1578 2 2 45 59 1283 1296 1297
1579 2 2 45 59 1283 1297 1284
1580 2 2 45 59 1284 1297 1298
1581 2 2 45 59 1284 1298 1285
1582 2 2 45 59 1285 1298 1299
1583 2 2 45 59 1285 1299 1286
1584 2 2 45 59 1286 1299 1300
1585 2 2 45 59 1286 1300 1287
1586 2 2 45 59 1287 1300 1301
1587 2 2 45 59 1287 1301 191
1588 2 2 45 59 191 1301 190
1589 2 2 45 59 510 509 1288
1590 2 2 45 59 1288 509 1302
1591 2 2 45 59 1288 1302 1289
1592 2 2 45 59 1289 1302 1303
1593 2 2 45 59 1289 1303 1290
1594 2 2 45 59 1290 1303 1304
1595 2 2 45 59 1290 1304 1291
1596 2 2 45 59 1291 1304 1305
1597 2 2 45 59 1291 1305 1292
1598 2 2 45 59 1292 1305 1306
1599 2 2 45 59 1292 1306 1293
1600 2 2 45 59 1293 1306 1307
1601 2 2 45 59 1293 1307 1294
1602 2 2 45 59 1294 1307 1308
1603 2 2 45 59 1294 1308 1295
1604 2 2 45 59 1295 1308 1309
1605 2 2 45 59 1295 1309 1296
1606 2 2 45 59 1296 1309 1310
1607 2 2 45 59 1296 1310 1297
1608 2 2 45 59 1297 1310 1311
1609 2 2 45 59 1297 1311 1298
1610 2 2 45 59 1298 1311 1312
1611 2 2 45 59 1298 1312 1299
1612 2 2 45 59 1299 1312 1313
1613 2 2 45 59 1299 1313 1300
1614 2 2 45 59 1300 1313 1314
1615 2 2 45 59 1300 1314 1301
1616 2 2 45 59 1301 1314 1315
1617 2 2 45 59 1301 1315 190
1618 2 2 45 59 190 1315 189
1619 2 2 45 59 509 508 1302
1620 2 2 45 59 1302 508 1316
1621 2 2 45 59 1302 1316 1303
1622 2 2 45 59 1303 1316 1317
1623 2 2 45 59 1303 1317 1304
1624 2 2 45 59 1304 1317 1318
1625 2 2 45 59 1304 1318 1305
1626 2 2 45 59 1305 1318 1319
1627 2 2 45 59 1305 1319 1306
1628 2 2 45 59 1306 1319 1320
1629 2 2 45 59 1306 1320 1307
1630 2 2 45 59 1307 1320 1321
1631 2 2 45 59 1307 1321 1308
1632 2 2 45 59 1308 1321 1322
1633 2 2 45 59 1308 1322 1309
1634 2 2 45 59 1309 1322 1323
1635 2 2 45 59 1309 1323 1310
1636 2 2 45 59 1310 1323 1324
1637 2 2 45 59 1310 1324 1311
1638 2 2 45 59 1311 1324 1325
1639 2 2 45 59 1311 1325 1312
1640 2 2 45 59 1312 1325 1326
1641 2 2 45 59 1312 1326 1313
1642 2 2 45 59 1313 1326 1327
1643 2 2 45 59 1313 1327 1314
1644 2 2 45 59 1314 1327 1328
1645 2 2 45 59 1314 1328 1315
1646 2 2 45 59 1315 1328 1329
1647 2 2 45 59 1315 1329 189
1648 2 2 45 59 189 1329 188
1649 2 2 45 59 508 507 1316
1650 2 2 45 59 1316 507 1330
1651 2 2 45 59 1316 1330 1317
1652 2 2 45 59 1317 1330 1331
1653 2 2 45 59 1317 1331 1318
1654 2 2 45 59 1318 1331 1332
1655 2 2 45 59 1318 1332 1319
1656 2 2 45 59 1319 1332 1333
1657 2 2 45 59 1319 1333 1320
1658 2 2 45 59 1320 1333 1334
1659 2 2 45 59 1320 1334 1321
1660 2 2 45 59 1321 1334 1335
1661 2 2 45 59 1321 1335 1322
1662 2 2 45 59 1322 1335 1336
1663 2 2 45 59 1322 1336 1323
1664 2 2 45 59 1323 1336 1337
1665 2 2 45 59 1323 1337 1324
1666 2 2 45 59 1324 1337 1338
1667 2 2 45 59 1324 1338 1325
1668 2 2 45 59 1325 1338 1339
1669 2 2 45 59 1325 1339 1326
1670 2 2 45 59 1326 1339 1340
1671 2 2 45 59 1326 1340 1327
1672 2 2 45 59 1327 1340 1341
1673 2 2 45 59 1327 1341 1328
1674 2 2 45 59 1328 1341 1342
1675 2 2 45 59 1328 1342 1329
1676 2 2 45 59 1329 1342 1343
1677 2 2 45 59 1329 1343 188
1678 2 2 45 59 188 1343 187
1679 2 2 45 59 507 506 1330
1680 2 2 45 59 1330 506 1344
1681 2 2 45 59 1330 1344 1331
1682 2 2 45 59 1331 1344 1345
1683 2 2 45 59 1331 1345 1332
1684 2 2 45 59 1332 1345 1346
1685 2 2 45 59 1332 1346 1333
1686 2 2 45 59 1333 1346 1347
1687 2 2 45 59 1333 1347 1334
1688 2 2 45 59 1334 1347 1348
1689 2 2 45 59 1334 1348 1335
1690 2 2 45 59 1335 1348 1349
1691 2 2 45 59 1335 1349 1336
1692 2 2 45 59 1336 1349 1350
1693 2 2 45 59 1336 1350 1337
1694 2 2 45 59 1337 1350 1351
1695 2 2 45 59 1337 1351 1338
1696 2 2 45 59 1338 1351 1352
1697 2 2 45 59 1338 1352 1339
1698 2 2 45 59 1339 1352 1353
1699 2 2 45 59 1339 1353 1340
1700 2 2 45 59 1340 1353 1354
1701 2 2 45 59 1340 1354 1341
1702 2 2 45 59 1341 1354 1355
1703 2 2 45 59 1341 1355 1342
1704 2 2 45 59 1342 1355 1356
1705 2 2 45 59 1342 1356 1343
1706 2 2 45 59 1343 1356 1357
1707 2 2 45 59 1343 1357 187
1708 2 2 45 59 187 1357 186
1709 2 2 45 59 506 505 1344
1710 2 2 45 59 1344 505 1358
1711 2 2 45 59 1344 1358 1345
1712 2 2 45 59 1345 1358 1359
1713 2 2 45 59 1345 1359 1346
1714 2 2 45 59 1346 1359 1360
1715 2 2 45 59 1346 1360 1347
1716 2 2 45 59 1347 1360 1361
1717 2 2 45 59 1347 1361 1348
1718 2 2 45 59 1348 1361 1362
1719 2 2 45 59 1348 1362 1349
1720 2 2 45 59 1349 1362 1363
1721 2 2 45 59 1349 1363 1350
1722 2 2 45 59 1350 1363 1364
1723 2 2 45 59 1350 1364 1351
1724 2 2 45 59 1351 1364 1365
1725 2 2 45 59 1351 1365 1352
1726 2 2 45 59 1352 1365 1366
1727 2 2 45 59 1352 1366 1353
1728 2 2 45 59 1353 1366 1367
1729 2 2 45 59 1353 1367 1354
1730 2 2 45 59 1354 1367 1368
1731 2 2 45 59 1354 1368 1355
1732 2 2 45 59 1355 1368 1369
1733 2 2 45 59 1355 1369 1356
1734 2 2 45 59 1356 1369 1370
1735 2 2 45 59 1356 1370 1357
1736 2 2 45 59 1357 1370 1371
1737 2 2 45 59 1357 1371 186
1738 2 2 45 59 186 1371 185
1739 2 2 45 59 505 504 1358
1740 2 2 45 59 1358 504 1372
1741 2 2 45 59 1358 1372 1359
1742 2 2 45 59 1359 1372 1373
1743 2 2 45 59 1359 1373 1360
1744 2 2 45 59 1360 1373 1374
1745 2 2 45 59 1360 1374 1361
1746 2 2 45 59 1361 1374 1375
1747 2 2 45 59 1361 1375 1362
1748 2 2 45 59 1362 1375 1376
1749 2 2 45 59 1362 1376 1363
1750 2 2 45 59 1363 1376 1377
1751 2 2 45 59 1363 1377 1364
1752 2 2 45 59 1364 1377 1378
1753 2 2 45 59 1364 1378 1365
1754 2 2 45 59 1365 1378 1379
1755 2 2 45 59 1365 1379 1366
1756 2 2 45 59 1366 1379 1380
1757 2 2 45 59 1366 1380 1367
1758 2 2 45 59 1367 1380 1381
1759 2 2 45 59 1367 1381 1368
1760 2 2 45 59 1368 1381 1382
1761 2 2 45 59 1368 1382 1369
1762 2 2 45 59 1369 1382 1383
1763 2 2 45 59 1369 1383 1370
1764 2 2 45 59 1370 1383 1384
1765 2 2 45 59 1370 1384 1371
1766 2 2 45 59 1371 1384 1385
1767 2 2 45 59 1371 1385 185
1768 2 2 45 59 185 1385 184
1769 2 2 45 59 504 503 1372
1770 2 2 45 59 1372 503 1386
1771 2 2 45 59 1372 1386 1373
1772 2 2 45 59 1373 1386 1387
1773 2 2 45 59 1373 1387 1374
1774 2 2 45 59 1374 1387 1388
1775 2 2 45 59 1374 1388 1375
1776 2 2 45 59 1375 1388 1389
1777 2 2 45 59 1375 1389 1376
1778 2 2 45 59 1376 1389 1390
1779 2 2 45 59 1376 1390 1377
1780 2 2 45 59 1377 1390 1391
1781 2 2 45 59 1377 1391 1378
1782 2 2 45 59 1378 1391 1392
1783 2 2 45 59 1378 1392 1379
1784 2 2 45 59 1379 1392 1393
1785 2 2 45 59 1379 1393 1380
1786 2 2 45 59 1380 1393 1394
1787 2 2 45 59 1380 1394 1381
1788 2 2 45 59 1381 1394 1395
1789 2 2 45 59 1381 1395 1382
1790 2 2 45 59 1382 1395 1396
1791 2 2 45 59 1382 1396 1383
1792 2 2 45 59 1383 1396 1397
1793 2 2 45 59 1383 1397 1384
1794 2 2 45 59 1384 1397 1398
1795 2 2 45 59 1384 1398 1385
1796 2 2 45 59 1385 1398 1399
1797 2 2 45 59 1385 1399 184
1798 2 2 45 59 184 1399 183
1799 2 2 45 59 503 502 1386
1800 2 2 45 59 1386 502 1400
1801 2 2 45 59 1386 1400 1387
1802 2 2 45 59 1387 1400 1401
1803 2 2 45 59 1387 1401 1388
1804 2 2 45 59 1388 1401 1402
1805 2 2 45 59 1388 1402 1389
1806 2 2 45 59 1389 1402 1403
1807 2 2 45 59 1389 1403 1390
1808 2 2 45 59 1390 1403 1404
1809 2 2 45 59 1390 1404 1391
1810 2 2 45 59 1391 1404 1405
1811 2 2 45 59 1391 1405 1392
1812 2 2 45 59 1392 1405 1406
1813 2 2 45 59 1392 1406 1393
1814 2 2 45 59 1393 1406 1407
1815 2 2 45 59 1393 1407 1394
1816 2 2 45 59 1394 1407 1408
1817 2 2 45 59 1394 1408 1395
1818 2 2 45 59 1395 1408 1409
1819 2 2 45 59 1395 1409 1396
1820 2 2 45 59 1396 1409 1410
1821 2 2 45 59 1396 1410 1397
1822 2 2 45 59 1397 1410 1411
1823 2 2 45 59 1397 1411 1398
1824 2 2 45 59 1398 1411 1412
1825 2 2 45 59 1398 1412 1399
1826 2 2 45 59 1399 1412 1413
1827 2 2 45 59 1399 1413 183
1828 2 2 45 59 183 1413 182
1829 2 2 45 59 502 501 1400
1830 2 2 45 59 1400 501 1414
1831 2 2 45 59 1400 1414 1401
1832 2 2 45 59 1401 1414 1415
1833 2 2 45 59 1401 1415 1402
1834 2 2 45 59 1402 1415 1416
1835 2 2 45 59 1402 1416 1403
1836 2 2 45 59 1403 1416 1417
1837 2 2 45 59 1403 1417 1404
1838 2 2 45 59 1404 1417 1418
1839 2 2 45 59 1404 1418 1405
1840 2 2 45 59 1405 1418 1419
1841 2 2 45 59 1405 1419 1406
1842 2 2 45 59 1406 1419 1420
1843 2 2 45 59 1406 1420 1407
1844 2 2 45 59 1407 1420 1421
1845 2 2 45 59 1407 1421 1408
1846 2 2 45 59 1408 1421 1422
1847 2 2 45 59 1408 1422 1409
1848 2 2 45 59 1409 1422 1423
1849 2 2 45 59 1409 1423 1410
1850 2 2 45 59 1410 1423 1424
1851 2 2 45 59 1410 1424 1411
1852 2 2 45 59 1411 1424 1425
1853 2 2 45 59 1411 1425 1412
1854 2 2 45 59 1412 1425 1426
1855 2 2 45 59 1412 1426 1413
1856 2 2 45 59 1413 1426 1427
1857 2 2 45 59 1413 1427 182
1858 2 2 45 59 182 1427 181
1859 2 2 45 59 501 500 1414
1860 2 2 45 59 1414 500 1428
1861 2 2 45 59 1414 1428 1415
1862 2 2 45 59 1415 1428 1429
1863 2 2 45 59 1415 1429 1416
1864 2 2 45 59 1416 1429 1430
1865 2 2 45 59 1416 1430 1417
1866 2 2 45 59 1417 1430 1431
1867 2 2 45 59 1417 1431 1418
1868 2 2 45 59 1418 1431 1432
1869 2 2 45 59 1418 1432 1419
1870 2 2 45 59 1419 1432 1433
1871 2 2 45 59 1419 1433 1420
1872 2 2 45 59 1420 1433 1434
1873 2 2 45 59 1420 1434 1421
1874 2 2 45 59 1421 1434 1435
1875 2 2 45 59 1421 1435 1422
1876 2 2 45 59 1422 1435 1436
1877 2 2 45 59 1422 1436 1423
1878 2 2 45 59 1423 1436 1437
1879 2 2 45 59 1423 1437 1424
1880 2 2 45 59 1424 1437 1438
1881 2 2 45 59 1424 1438 1425
1882 2 2 45 59 1425 1438 1439
1883 2 2 45 59 1425 1439 1426
1884 2 2 45 59 1426 1439 1440
1885 2 2 45 59 1426 1440 1427
1886 2 2 45 59 1427 1440 1441
1887 2 2 45 59 1427 1441 181
1888 2 2 45 59 181 1441 180
1889 2 2 45 59 500 499 1428
1890 2 2 45 59 1428 499 1442
1891 2 2 45 59 1428 1442 1429
1892 2 2 45 59 1429 1442 1443
1893 2 2 45 59 1429 1443 1430
1894 2 2 45 59 1430 1443 1444
1895 2 2 45 59 1430 1444 1431
1896 2 2 45 59 1431 1444 1445
1897 2 2 45 59 1431 1445 1432
1898 2 2 45 59 1432 1445 1446
1899 2 2 45 59 1432 1446 1433
1900 2 2 45 59 1433 1446 1447
1901 2 2 45 59 1433 1447 1434
1902 2 2 45 59 1434 1447 1448
1903 2 2 45 59 1434 1448 1435
1904 2 2 45 59 1435 1448 1449
1905 2 2 45 59 1435 1449 1436
1906 2 2 45 59 1436 1449 1450
1907 2 2 45 59 1436 1450 1437
1908 2 2 45 59 1437 1450 1451
1909 2 2 45 59 1437 1451 1438
1910 2 2 45 59 1438 1451 1452
1911 2 2 45 59 1438 1452 1439
1912 2 2 45 59 1439 1452 1453
1913 2 2 45 59 1439 1453 1440
1914 2 2 45 59 1440 1453 1454
1915 2 2 45 59 1440 1454 1441
1916 2 2 45 59 1441 1454 1455
1917 2 2 45 59 1441 1455 180
1918 2 2 45 59 180 1455 179
1919 2 2 45 59 499 498 1442
1920 2 2 45 59 1442 498 1456
1921 2 2 45 59 1442 1456 1443
1922 2 2 45 59 1443 1456 1457
1923 2 2 45 59 1443 1457 1444
1924 2 2 45 59 1444 1457 1458
1925 2 2 45 59 1444 1458 1445
1926 2 2 45 59 1445 1458 1459
1927 2 2 45 59 1445 1459 1446
1928 2 2 45 59 1446 1459 1460
1929 2 2 45 59 1446 1460 1447
1930 2 2 45 59 1447 1460 1461
1931 2 2 45 59 1447 1461 1448
1932 2 2 45 59 1448 1461 1462
1933 2 2 45 59 1448 1462 1449
1934 2 2 45 59 1449 1462 1463
1935 2 2 45 59 1449 1463 1450
1936 2 2 45 59 1450 1463 1464
1937 2 2 45 59 1450 1464 1451
1938 2 2 45 59 1451 1464 1465
1939 2 2 45 59 1451 1465 1452
1940 2 2 45 59 1452 1465 1466
1941 2 2 45 59 1452 1466 1453
1942 2 2 45 59 1453 1466 1467
1943 2 2 45 59 1453 1467 1454
1944 2 2 45 59 1454 1467 1468
1945 2 2 45 59 1454 1468 1455
1946 2 2 45 59 1455 1468 1469
1947 2 2 45 59 1455 1469 179
1948 2 2 45 59 179 1469 178
1949 2 2 45 59 498 497 1456
1950 2 2 45 59 1456 497 1470
1951 2 2 45 59 1456 1470 1457
1952 2 2 45 59 1457 1470 1471
1953 2 2 45 59 1457 1471 1458
1954 2 2 45 59 1458 1471 1472
1955 2 2 45 59 1458 1472 1459
1956 2 2 45 59 1459 1472 1473
1957 2 2 45 59 1459 1473 1460
1958 2 2 45 59 1460 1473 1474
1959 2 2 45 59 1460 1474 1461
1960 2 2 45 59 1461 1474 1475
1961 2 2 45 59 1461 1475 1462
1962 2 2 45 59 1462 1475 1476
1963 2 2 45 59 1462 1476 1463
1964 2 2 45 59 1463 1476 1477
1965 2 2 45 59 1463 1477 1464
1966 2 2 45 59 1464 1477 1478
1967 2 2 45 59 1464 1478 1465
1968 2 2 45 59 1465 1478 1479
1969 2 2 45 59 1465 1479 1466
1970 2 2 45 59 1466 1479 1480
1971 2 2 45 59 1466 1480 1467
1972 2 2 45 59 1467 1480 1481
1973 2 2 45 59 1467 1481 1468
1974 2 2 45 59 1468 1481 1482
1975 2 2 45 59 1468 1482 1469
1976 2 2 45 59 1469 1482 1483
1977 2 2 45 59 1469 1483 178
1978 2 2 45 59 178 1483 177
1979 2 2 45 59 497 496 1470
1980 2 2 45 59 1470 496 1484
1981 2 2 45 59 1470 1484 1471
1982 2 2 45 59 1471 1484 1485
1983 2 2 45 59 1471 1485 1472
1984 2 2 45 59 1472 1485 1486
1985 2 2 45 59 1472 1486 1473
1986 2 2 45 59 1473 1486 1487
1987 2 2 45 59 1473 1487 1474
1988 2 2 45 59 1474 1487 1488
1989 2 2 45 59 1474 1488 1475
1990 2 2 45 59 1475 1488 1489
1991 2 2 45 59 1475 1489 1476
1992 2 2 45 59 1476 1489 1490
1993 2 2 45 59 1476 1490 1477
1994 2 2 45 59 1477 1490 1491
1995 2 2 45 59 1477 1491 1478
1996 2 2 45 59 1478 1491 1492
1997 2 2 45 59 1478 1492 1479
1998 2 2 45 59 1479 1492 1493
1999 2 2 45 59 1479 1493 1480
2000 2 2 45 59 1480 1493 1494
2001 2 2 45 59 1480 1494 1481
2002 2 2 45 59 1481 1494 1495
2003 2 2 45 59 1481 1495 1482
2004 2 2 45 59 1482 1495 1496
2005 2 2 45 59 1482 1496 1483
2006 2 2 45 59 1483 1496 1497
2007 2 2 45 59 1483 1497 177
2008 2 2 45 59 177 1497 176
2009 2 2 45 59 496 495 1484
2010 2 2 45 59 1484 495 1498
2011 2 2 45 59 1484 1498 1485
2012 2 2 45 59 1485 1498 1499
2013 2 2 45 59 1485 1499 1486
2014 2 2 45 59 1486 1499 1500
2015 2 2 45 59 1486 1500 1487
2016 2 2 45 59 1487 1500 1501
2017 2 2 45 59 1487 1501 1488
2018 2 2 45 59 1488 1501 1502
2019 2 2 45 59 1488 1502 1489
2020 2 2 45 59 1489 1502 1503
2021 2 2 45 59 1489 1503 1490
2022 2 2 45 59 1490 1503 1504
2023 2 2 45 59 1490 1504 1491
2024 2 2 45 59 1491 1504 1505
2025 2 2 45 59 1491 1505 1492
2026 2 2 45 59 1492 1505 1506
2027 2 2 45 59 1492 1506 1493
2028 2 2 45 59 1493 1506 1507
2029 2 2 45 59 1493 1507 1494
2030 2 2 45 59 1494 1507 1508
2031 2 2 45 59 1494 1508 1495
2032 2 2 45 59 1495 1508 1509
2033 2 2 45 59 1495 1509 1496
2034 2 2 45 59 1496 1509 1510
2035 2 2 45 59 1496 1510 1497
2036 2 2 45 59 1497 1510 1511
2037 2 2 45 59 1497 1511 176
2038 2 2 45 59 176 1511 175
2039 2 2 45 59 495 494 1498
2040 2 2 45 59 1498 494 1512
2041 2 2 45 59 1498 1512 1499
2042 2 2 45 59 1499 1512 1513
2043 2 2 45 59 1499 1513 1500
2044 2 2 45 59 1500 1513 1514
2045 2 2 45 59 1500 1514 1501
2046 2 2 45 59 1501 1514 1515
2047 2 2 45 59 1501 1515 1502
2048 2 2 45 59 1502 1515 1516
2049 2 2 45 59 1502 1516 1503
2050 2 2 45 59 1503 1516 1517
2051 2 2 45 59 1503 1517 1504
2052 2 2 45 59 1504 1517 1518
2053 2 2 45 59 1504 1518 1505
2054 2 2 45 59 1505 1518 1519
2055 2 2 45 59 1505 1519 1506
2056 2 2 45 59 1506 1519 1520
2057 2 2 45 59 1506 1520 1507
2058 2 2 45 59 1507 1520 1521
2059 2 2 45 59 1507 1521 1508
2060 2 2 45 59 1508 1521 1522
2061 2 2 45 59 1508 1522 1509
2062 2 2 45 59 1509 1522 1523
2063 2 2 45 59 1509 1523 1510
2064 2 2 45 59 1510 1523 1524
2065 2 2 45 59 1510 1524 1511
2066 2 2 45 59 1511 1524 1525
2067 2 2 45 59 1511 1525 175
2068 2 2 45 59 175 1525 174
2069 2 2 45 59 494 493 1512
2070 2 2 45 59 1512 493 1526
2071 2 2 45 59 1512 1526 1513
2072 2 2 45 59 1513 1526 1527
2073 2 2 45 59 1513 1527 1514
2074 2 2 45 59 1514 1527 1528
2075 2 2 45 59 1514 1528 1515
2076 2 2 45 59 1515 1528 1529
2077 2 2 45 59 1515 1529 1516
2078 2 2 45 59 1516 1529 1530
2079 2 2 45 59 1516 1530 1517
2080 2 2 45 59 1517 1530 1531
2081 2 2 45 59 1517 1531 1518
2082 2 2 45 59 1518 1531 1532
2083 2 2 45 59 1518 1532 1519
2084 2 2 45 59 1519 1532 1533
2085 2 2 45 59 1519 1533 1520
2086 2 2 45 59 1520 1533 1534
2087 2 2 45 59 1520 1534 1521
2088 2 2 45 59 1521 1534 1535
2089 2 2 45 59 1521 1535 1522
2090 2 2 45 59 1522 1535 1536
2091 2 2 45 59 1522 1536 1523
2092 2 2 45 59 1523 1536 1537
2093 2 2 45 59 1523 1537 1524
2094 2 2 45 59 1524 1537 1538
2095 2 2 45 59 1524 1538 1525
2096 2 2 45 59 1525 1538 1539
2097 2 2 45 59 1525 1539 174
2098 2 2 45 59 174 1539 173
2099 2 2 45 59 493 492 1526
2100 2 2 45 59 1526 492 1540
2101 2 2 45 59 1526 1540 1527
2102 2 2 45 59 1527 1540 1541
2103 2 2 45 59 1527 1541 1528
2104 2 2 45 59 1528 1541 1542
2105 2 2 45 59 1528 1542 1529
2106 2 2 45 59 1529 1542 1543
2107 2 2 45 59 1529 1543 1530
2108 2 2 45 59 1530 1543 1544
2109 2 2 45 59 1530 1544 1531
2110 2 2 45 59 1531 1544 1545
2111 2 2 45 59 1531 1545 1532
2112 2 2 45 59 1532 1545 1546
2113 2 2 45 59 1532 1546 1533
2114 2 2 45 59 1533 1546 1547
2115 2 2 45 59 1533 1547 1534
2116 2 2 45 59 1534 1547 1548
2117 2 2 45 59 1534 1548 1535
2118 2 2 45 59 1535 1548 1549
2119 2 2 45 59 1535 1549 1536
2120 2 2 45 59 1536 1549 1550
2121 2 2 45 59 1536 1550 1537
2122 2 2 45 59 1537 1550 1551
2123 2 2 45 59 1537 1551 1538
2124 2 2 45 59 1538 1551 1552
2125 2 2 45 59 1538 1552 1539
2126 2 2 45 59 1539 1552 1553
2127 2 2 45 59 1539 1553 173
2128 2 2 45 59 173 1553 172
2129 2 2 45 59 492 491 1540
2130 2 2 45 59 1540 491 1554
2131 2 2 45 59 1540 1554 1541
2132 2 2 45 59 1541 1554 1555
2133 2 2 45 59 1541 1555 1542
2134 2 2 45 59 1542 1555 1556
2135 2 2 45 59 1542 1556 1543
2136 2 2 45 59 1543 1556 1557
2137 2 2 45 59 1543 1557 1544
2138 2 2 45 59 1544 1557 1558
2139 2 2 45 59 1544 1558 1545
2140 2 2 45 59 1545 1558 1559
2141 2 2 45 59 1545 1559 1546
2142 2 2 45 59 1546 1559 1560
2143 2 2 45 59 1546 1560 1547
2144 2 2 45 59 1547 1560 1561
2145 2 2 45 59 1547 1561 1548
2146 2 2 45 59 1548 1561 1562
2147 2 2 45 59 1548 1562 1549
2148 2 2 45 59 1549 1562 1563
2149 2 2 45 59 1549 1563 1550
2150 2 2 45 59 1550 1563 1564
2151 2 2 45 59 1550 1564 1551
2152 2 2 45 59 1551 1564 1565
2153 2 2 45 59 1551 1565 1552
2154 2 2 45 59 1552 1565 1566
2155 2 2 45 59 1552 1566 1553
2156 2 2 45 59 1553 1566 1567
2157 2 2 45 59 1553 1567 172
2158 2 2 45 59 172 1567 171
2159 2 2 45 59 491 490 1554
2160 2 2 45 59 1554 490 1568
2161 2 2 45 59 1554 1568 1555
2162 2 2 45 59 1555 1568 1569
2163 2 2 45 59 1555 1569 1556
2164 2 2 45 59 1556 1569 1570
2165 2 2 45 59 1556 1570 1557
2166 2 2 45 59 1557 1570 1571
2167 2 2 45 59 1557 1571 1558
2168 2 2 45 59 1558 1571 1572
2169 2 2 45 59 1558 1572 1559
2170 2 2 45 59 1559 1572 1573
2171 2 2 45 59 1559 1573 1560
2172 2 2 45 59 1560 1573 1574
2173 2 2 45 59 1560 1574 1561
2174 2 2 45 59 1561 1574 1575
2175 2 2 45 59 1561 1575 1562
2176 2 2 45 59 1562 1575 1576
2177 2 2 45 59 1562 1576 1563
2178 2 2 45 59 1563 1576 1577
2179 2 2 45 59 1563 1577 1564
2180 2 2 45 59 1564 1577 1578
2181 2 2 45 59 1564 1578 1565
2182 2 2 45 59 1565 1578 1579
2183 2 2 45 59 1565 1579 1566
2184 2 2 45 59 1566 1579 1580
2185 2 2 45 59 1566 1580 1567
2186 2 2 45 59 1567 1580 1581
2187 2 2 45 59 1567 1581 171
2188 2 2 45 59 171 1581 170
2189 2 2 45 59 490 489 1568
2190 2 2 45 59 1568 489 1582
2191 2 2 45 59 1568 1582 1569
2192 2 2 45 59 1569 1582 1583
2193 2 2 45 59 1569 1583 1570
2194 2 2 45 59 1570 1583 1584
2195 2 2 45 59 1570 1584 1571
2196 2 2 45 59 1571 1584 1585
2197 2 2 45 59 1571 1585 1572
2198 2 2 45 59 1572 1585 1586
2199 2 2 45 59 1572 1586 1573
2200 2 2 45 59 1573 1586 1587
2201 2 2 45 59 1573 1587 1574
2202 2 2 45 59 1574 1587 1588
2203 2 2 45 59 1574 1588 1575
2204 2 2 45 59 1575 1588 1589
2205 2 2 45 59 1575 1589 1576
2206 2 2 45 59 1576 1589 1590
2207 2 2 45 59 1576 1590 1577
2208 2 2 45 59 1577 1590 1591
2209 2 2 45 59 1577 1591 1578
2210 2 2 45 59 1578 1591 1592
2211 2 2 45 59 1578 1592 1579
2212 2 2 45 59 1579 1592 1593
2213 2 2 45 59 1579 1593 1580
2214 2 2 45 59 1580 1593 1594
2215 2 2 45 59 1580 1594 1581
2216 2 2 45 59 1581 1594 1595
2217 2 2 45 59 1581 1595 170
2218 2 2 45 59 170 1595 169
2219 2 2 45 59 489 488 1582
2220 2 2 45 59 1582 488 1596
2221 2 2 45 59 1582 1596 1583
2222 2 2 45 59 1583 1596 1597
2223 2 2 45 59 1583 1597 1584
2224 2 2 45 59 1584 1597 1598
2225 2 2 45 59 1584 1598 1585
2226 2 2 45 59 1585 1598 1599
2227 2 2 45 59 1585 1599 1586
2228 2 2 45 59 1586 1599 1600
2229 2 2 45 59 1586 1600 1587
2230 2 2 45 59 1587 1600 1601
2231 2 2 45 59 1587 1601 1588
2232 2 2 45 59 1588 1601 1602
2233 2 2 45 59 1588 1602 1589
2234 2 2 45 59 1589 1602 1603
2235 2 2 45 59 1589 1603 1590
2236 2 2 45 59 1590 1603 1604
2237 2 2 45 59 1590 1604 1591
2238 2 2 45 59 1591 1604 1605
2239 2 2 45 59 1591 1605 1592
2240 2 2 45 59 1592 1605 1606
2241 2 2 45 59 1592 1606 1593
2242 2 2 45 59 1593 1606 1607
2243 2 2 45 59 1593 1607 1594
2244 2 2 45 59 1594 1607 1608
2245 2 2 45 59 1594 1608 1595
2246 2 2 45 59 1595 1608 1609
2247 2 2 45 59 1595 1609 169
2248 2 2 45 59 169 1609 168
2249 2 2 45 59 488 487 1596
2250 2 2 45 59 1596 487 1610
2251 2 2 45 59 1596 1610 1597
2252 2 2 45 59 1597 1610 1611
2253 2 2 45 59 1597 1611 1598
2254 2 2 45 59 1598 1611 1612
2255 2 2 45 59 1598 1612 1599
2256 2 2 45 59 1599 1612 1613
2257 2 2 45 59 1599 1613 1600
2258 2 2 45 59 1600 1613 1614
2259 2 2 45 59 1600 1614 1601
2260 2 2 45 59 1601 1614 1615
2261 2 2 45 59 1601 1615 1602
2262 2 2 45 59 1602 1615 1616
2263 2 2 45 59 1602 1616 1603
2264 2 2 45 59 1603 1616 1617
2265 2 2 45 59 1603 1617 1604
2266 2 2 45 59 1604 1617 1618
2267 2 2 45 59 1604 1618 1605
2268 2 2 45 59 1605 1618 1619
2269 2 2 45 59 1605 1619 1606
2270 2 2 45 59 1606 1619 1620
2271 2 2 45 59 1606 1620 1607
2272 2 2 45 59 1607 1620 1621
2273 2 2 45 59 1607 1621 1608
2274 2 2 45 59 1608 1621 1622
2275 2 2 45 59 1608 1622 1609
2276 2 2 45 59 1609 1622 1623
2277 2 2 45 59 1609 1623 168
2278 2 2 45 59 168 1623 167
2279 2 2 45 59 487 486 1610
2280 2 2 45 59 1610 486 1624
2281 2 2 45 59 1610 1624 1611
2282 2 2 45 59 1611 1624 1625
2283 2 2 45 59 1611 1625 1612
2284 2 2 45 59 1612 1625 1626
2285 2 2 45 59 1612 1626 1613
2286 2 2 45 59 1613 1626 1627
2287 2 2 45 59 1613 1627 1614
2288 2 2 45 59 1614 1627 1628
2289 2 2 45 59 1614 1628 1615
2290 2 2 45 59 1615 1628 1629
2291 2 2 45 59 1615 1629 1616
2292 2 2 45 59 1616 1629 1630
2293 2 2 45 59 1616 1630 1617
2294 2 2 45 59 1617 1630 1631
2295 2 2 45 59 1617 1631 1618
2296 2 2 45 59 1618 1631 1632
2297 2 2 45 59 1618 1632 1619
2298 2 2 45 59 1619 1632 1633
2299 2 2 45 59 1619 1633 1620
2300 2 2 45 59 1620 1633 1634
2301 2 2 45 59 1620 1634 1621
2302 2 2 45 59 1621 1634 1635
2303 2 2 45 59 1621 1635 1622
2304 2 2 45 59 1622 1635 1636
2305 2 2 45 59 1622 1636 1623
2306 2 2 45 59 1623 1636 1637
2307 2 2 45 59 1623 1637 167
2308 2 2 45 59 167 1637 166
2309 2 2 45 59 486 485 1624
2310 2 2 45 59 1624 485 1638
2311 2 2 45 59 1624 1638 1625
2312 2 2 45 59 1625 1638 1639
2313 2 2 45 59 1625 1639 1626
2314 2 2 45 59 1626 1639 1640
2315 2 2 45 59 1626 1640 1627
2316 2 2 45 59 1627 1640 1641
2317 2 2 45 59 1627 1641 1628
2318 2 2 45 59 1628 1641 1642
2319 2 2 45 59 1628 1642 1629
2320 2 2 45 59 1629 1642 1643
2321 2 2 45 59 1629 1643 1630
2322 2 2 45 59 1630 1643 1644
2323 2 2 45 59 1630 1644 1631
2324 2 2 45 59 1631 1644 1645
2325 2 2 45 59 1631 1645 1632
2326 2 2 45 59 1632 1645 1646
2327 2 2 45 59 1632 1646 1633
2328 2 2 45 59 1633 1646 1647
2329 2 2 45 59 1633 1647 1634
2330 2 2 45 59 1634 1647 1648
2331 2 2 45 59 1634 1648 1635
2332 2 2 45 59 1635 1648 1649
2333 2 2 45 59 1635 1649 1636
2334 2 2 45 59 1636 1649 1650
2335 2 2 45 59 1636 1650 1637
2336 2 2 45 59 1637 1650 1651
2337 2 2 45 59 1637 1651 166
2338 2 2 45 59 166 1651 165
2339 2 2 45 59 485 484 1638
2340 2 2 45 59 1638 484 1652
2341 2 2 45 59 1638 1652 1639
2342 2 2 45 59 1639 1652 1653
2343 2 2 45 59 1639 1653 1640
2344 2 2 45 59 1640 1653 1654
2345 2 2 45 59 1640 1654 1641
2346 2 2 45 59 1641 1654 1655
2347 2 2 45 59 1641 1655 1642
2348 2 2 45 59 1642 1655 1656
2349 2 2 45 59 1642 1656 1643
2350 2 2 45 59 1643 1656 1657
2351 2 2 45 59 1643 1657 1644
2352 2 2 45 59 1644 1657 1658
2353 2 2 45 59 1644 1658 1645
2354 2 2 45 59 1645 1658 1659
2355 2 2 45 59 1645 1659 1646
2356 2 2 45 59 1646 1659 1660
2357 2 2 45 59 1646 1660 1647
2358 2 2 45 59 1647 1660 1661
2359 2 2 45 59 1647 1661 1648
2360 2 2 45 59 1648 1661 1662
2361 2 2 45 59 1648 1662 1649
2362 2 2 45 59 1649 1662 1663
2363 2 2 45 59 1649 1663 1650
2364 2 2 45 59 1650 1663 1664
2365 2 2 45 59 1650 1664 1651
2366 2 2 45 59 1651 1664 1665
2367 2 2 45 59 1651 1665 165
2368 2 2 45 59 165 1665 164
2369 2 2 45 59 484 483 1652
2370 2 2 45 59 1652 483 1666
2371 2 2 45 59 1652 1666 1653
2372 2 2 45 59 1653 1666 1667
2373 2 2 45 59 1653 1667 1654
2374 2 2 45 59 1654 1667 1668
2375 2 2 45 59 1654 1668 1655
2376 2 2 45 59 1655 1668 1669
2377 2 2 45 59 1655 1669 1656
2378 2 2 45 59 1656 1669 1670
2379 2 2 45 59 1656 1670 1657
2380 2 2 45 59 1657 1670 1671
2381 2 2 45 59 1657 1671 1658
2382 2 2 45 59 1658 1671 1672
2383 2 2 45 59 1658 1672 1659
2384 2 2 45 59 1659 1672 1673
2385 2 2 45 59 1659 1673 1660
2386 2 2 45 59 1660 1673 1674
2387 2 2 45 59 1660 1674 1661
2388 2 2 45 59 1661 1674 1675
2389 2 2 45 59 1661 1675 1662
2390 2 2 45 59 1662 1675 1676
2391 2 2 45 59 1662 1676 1663
2392 2 2 45 59 1663 1676 1677
2393 2 2 45 59 1663 1677 1664
2394 2 2 45 59 1664 1677 1678
2395 2 2 45 59 1664 1678 1665
2396 2 2 45 59 1665 1678 1679
2397 2 2 45 59 1665 1679 164
2398 2 2 45 59 164 1679 163
2399 2 2 45 59 483 482 1666
2400 2 2 45 59 1666 482 1680
2401 2 2 45 59 1666 1680 1667
2402 2 2 45 59 1667 1680 1681
2403 2 2 45 59 1667 1681 1668
2404 2 2 45 59 1668 1681 1682
2405 2 2 45 59 1668 1682 1669
2406 2 2 45 59 1669 1682 1683
2407 2 2 45 59 1669 1683 1670
2408 2 2 45 59 1670 1683 1684
2409 2 2 45 59 1670 1684 1671
2410 2 2 45 59 1671 1684 1685
2411 2 2 45 59 1671 1685 1672
2412 2 2 45 59 1672 1685 1686
2413 2 2 45 59 1672 1686 1673
2414 2 2 45 59 1673 1686 1687
2415 2 2 45 59 1673 1687 1674
2416 2 2 45 59 1674 1687 1688
2417 2 2 45 59 1674 1688 1675
2418 2 2 45 59 1675 1688 1689
2419 2 2 45 59 1675 1689 1676
2420 2 2 45 59 1676 1689 1690
2421 2 2 45 59 1676 1690 1677
2422 2 2 45 59 1677 1690 1691
2423 2 2 45 59 1677 1691 1678
2424 2 2 45 59 1678 1691 1692
2425 2 2 45 59 1678 1692 1679
2426 2 2 45 59 1679 1692 1693
2427 2 2 45 59 1679 1693 163
2428 2 2 45 59 163 1693 162
2429 2 2 45 59 482 481 1680
2430 2 2 45 59 1680 481 1694
2431 2 2 45 59 1680 1694 1681
2432 2 2 45 59 1681 1694 1695
2433 2 2 45 59 1681 1695 1682
2434 2 2 45 59 1682 1695 1696
2435 2 2 45 59 1682 1696 1683
2436 2 2 45 59 1683 1696 1697
2437 2 2 45 59 1683 1697 1684
2438 2 2 45 59 1684 1697 1698
2439 2 2 45 59 1684 1698 1685
2440 2 2 45 59 1685 1698 1699
2441 2 2 45 59 1685 1699 1686
2442 2 2 45 59 1686 1699 1700
2443 2 2 45 59 1686 1700 1687
2444 2 2 45 59 1687 1700 1701
2445 2 2 45 59 1687 1701 1688
2446 2 2 45 59 1688 1701 1702
2447 2 2 45 59 1688 1702 1689
2448 2 2 45 59 1689 1702 1703
2449 2 2 45 59 1689 1703 1690
2450 2 2 45 59 1690 1703 1704
2451 2 2 45 59 1690 1704 1691
2452 2 2 45 59 1691 1704 1705
2453 2 2 45 59 1691 1705 1692
2454 2 2 45 59 1692 1705 1706
2455 2 2 45 59 1692 1706 1693
2456 2 2 45 59 1693 1706 1707
2457 2 2 45 59 1693 1707 162
2458 2 2 45 59 162 1707 161
2459 2 2 45 59 481 480 1694
2460 2 2 45 59 1694 480 1708
2461 2 2 45 59 1694 1708 1695
2462 2 2 45 59 1695 1708 1709
2463 2 2 45 59 1695 1709 1696
2464 2 2 45 59 1696 1709 1710
2465 2 2 45 59 1696 1710 1697
2466 2 2 45 59 1697 1710 1711
2467 2 2 45 59 1697 1711 1698
2468 2 2 45 59 1698 1711 1712
2469 2 2 45 59 1698 1712 1699
2470 2 2 45 59 1699 1712 1713
2471 2 2 45 59 1699 1713 1700
2472 2 2 45 59 1700 1713 1714
2473 2 2 45 59 1700 1714 1701
2474 2 2 45 59 1701 1714 1715
2475 2 2 45 59 1701 1715 1702
2476 2 2 45 59 1702 1715 1716
2477 2 2 45 59 1702 1716 1703
2478 2 2 45 59 1703 1716 1717
2479 2 2 45 59 1703 1717 1704
2480 2 2 45 59 1704 1717 1718
2481 2 2 45 59 1704 1718 1705
2482 2 2 45 59 1705 1718 1719
2483 2 2 45 59 1705 1719 1706
2484 2 2 45 59 1706 1719 1720
2485 2 2 45 59 1706 1720 1707
2486 2 2 45 59 1707 1720 1721
2487 2 2 45 59 1707 1721 161
2488 2 2 45 59 161 1721 160
2489 2 2 45 59 480 479 1708
2490 2 2 45 59 1708 479 1722
2491 2 2 45 59 1708 1722 1709
2492 2 2 45 59 1709 1722 1723
2493 2 2 45 59 1709 1723 1710
2494 2 2 45 59 1710 1723 1724
2495 2 2 45 59 1710 1724 1711
2496 2 2 45 59 1711 1724 1725
2497 2 2 45 59 1711 1725 1712
2498 2 2 45 59 1712 1725 1726
2499 2 2 45 59 1712 1726 1713
2500 2 2 45 59 1713 1726 1727
2501 2 2 45 59 1713 1727 1714
2502 2 2 45 59 1714 1727 1728
2503 2 2 45 59 1714 1728 1715
2504 2 2 45 59 1715 1728 1729
2505 2 2 45 59 1715 1729 1716
2506 2 2 45 59 1716 1729 1730
2507 2 2 45 59 1716 1730 1717
2508 2 2 45 59 1717 1730 1731
2509 2 2 45 59 1717 1731 1718
2510 2 2 45 59 1718 1731 1732
2511 2 2 45 59 1718 1732 1719
2512 2 2 45 59 1719 1732 1733
2513 2 2 45 59 1719 1733 1720
2514 2 2 45 59 1720 1733 1734
2515 2 2 45 59 1720 1734 1721
2516 2 2 45 59 1721 1734 1735
2517 2 2 45 59 1721 1735 160
2518 2 2 45 59 160 1735 159
2519 2 2 45 59 479 478 1722
2520 2 2 45 59 1722 478 1736
2521 2 2 45 59 1722 1736 1723
2522 2 2 45 59 1723 1736 1737
2523 2 2 45 59 1723 1737 1724
2524 2 2 45 59 1724 1737 1738
2525 2 2 45 59 1724 1738 1725
2526 2 2 45 59 1725 1738 1739
2527 2 2 45 59 1725 1739 1726
2528 2 2 45 59 1726 1739 1740
2529 2 2 45 59 1726 1740 1727
2530 2 2 45 59 1727 1740 1741
2531 2 2 45 59 1727 1741 1728
2532 2 2 45 59 1728 1741 1742
2533 2 2 45 59 1728 1742 1729
2534 2 2 45 59 1729 1742 1743
2535 2 2 45 59 1729 1743 1730
2536 2 2 45 59 1730 1743 1744
2537 2 2 45 59 1730 1744 1731
2538 2 2 45 59 1731 1744 1745
2539 2 2 45 59 1731 1745 1732
2540 2 2 45 59 1732 1745 1746
2541 2 2 45 59 1732 1746 1733
2542 2 2 45 59 1733 1746 1747
2543 2 2 45 59 1733 1747 1734
2544 2 2 45 59 1734 1747 1748
2545 2 2 45 59 1734 1748 1735
2546 2 2 45 59 1735 1748 1749
2547 2 2 45 59 1735 1749 159
2548 2 2 45 59 159 1749 158
2549 2 2 45 59 478 477 1736
2550 2 2 45 59 1736 477 1750
2551 2 2 45 59 1736 1750 1737
2552 2 2 45 59 1737 1750 1751
2553 2 2 45 59 1737 1751 1738
2554 2 2 45 59 1738 1751 1752
2555 2 2 45 59 1738 1752 1739
2556 2 2 45 59 1739 1752 1753
2557 2 2 45 59 1739 1753 1740
2558 2 2 45 59 1740 1753 1754
2559 2 2 45 59 1740 1754 1741
2560 2 2 45 59 1741 1754 1755
2561 2 2 45 59 1741 1755 1742
2562 2 2 45 59 1742 1755 1756
2563 2 2 45 59 1742 1756 1743
2564 2 2 45 59 1743 1756 1757
2565 2 2 45 59 1743 1757 1744
2566 2 2 45 59 1744 1757 1758
2567 2 2 45 59 1744 1758 1745
2568 2 2 45 59 1745 1758 1759
2569 2 2 45 59 1745 1759 1746
2570 2 2 45 59 1746 1759 1760
2571 2 2 45 59 1746 1760 1747
2572 2 2 45 59 1747 1760 1761
2573 2 2 45 59 1747 1761 1748
2574 2 2 45 59 1748 1761 1762
2575 2 2 45 59 1748 1762 1749
2576 2 2 45 59 1749 1762 1763
2577 2 2 45 59 1749 1763 158
2578 2 2 45 59 158 1763 157
2579 2 2 45 59 477 476 1750
2580 2 2 45 59 1750 476 1764
2581 2 2 45 59 1750 1764 1751
2582 2 2 45 59 1751 1764 1765
2583 2 2 45 59 1751 1765 1752
2584 2 2 45 59 1752 1765 1766
2585 2 2 45 59 1752 1766 1753
2586 2 2 45 59 1753 1766 1767
2587 2 2 45 59 1753 1767 1754
2588 2 2 45 59 1754 1767 1768
2589 2 2 45 59 1754 1768 1755
2590 2 2 45 59 1755 1768 1769
2591 2 2 45 59 1755 1769 1756
2592 2 2 45 59 1756 1769 1770
2593 2 2 45 59 1756 1770 1757
2594 2 2 45 59 1757 1770 1771
2595 2 2 45 59 1757 1771 1758
2596 2 2 45 59 1758 1771 1772
2597 2 2 45 59 1758 1772 1759
2598 2 2 45 59 1759 1772 1773
2599 2 2 45 59 1759 1773 1760
2600 2 2 45 59 1760 1773 1774
2601 2 2 45 59 1760 1774 1761
2602 2 2 45 59 1761 1774 1775
2603 2 2 45 59 1761 1775 1762
2604 2 2 45 59 1762 1775 1776
2605 2 2 45 59 1762 1776 1763
2606 2 2 45 59 1763 1776 1777
2607 2 2 45 59 1763 1777 157
2608 2 2 45 59 157 1777 156
2609 2 2 45 59 476 475 1764
2610 2 2 45 59 1764 475 1778
2611 2 2 45 59 1764 1778 1765
2612 2 2 45 59 1765 1778 1779
2613 2 2 45 59 1765 1779 1766
2614 2 2 45 59 1766 1779 1780
2615 2 2 45 59 1766 1780 1767
2616 2 2 45 59 1767 1780 1781
2617 2 2 45 59 1767 1781 1768
2618 2 2 45 59 1768 1781 1782
2619 2 2 45 59 1768 1782 1769
2620 2 2 45 59 1769 1782 1783
2621 2 2 45 59 1769 1783 1770
2622 2 2 45 59 1770 1783 1784
2623 2 2 45 59 1770 1784 1771
2624 2 2 45 59 1771 1784 1785
2625 2 2 45 59 1771 1785 1772
2626 2 2 45 59 1772 1785 1786
2627 2 2 45 59 1772 1786 1773
2628 2 2 45 59 1773 1786 1787
2629 2 2 45 59 1773 1787 1774
2630 2 2 45 59 1774 1787 1788
2631 2 2 45 59 1774 1788 1775
2632 2 2 45 59 1775 1788 1789
2633 2 2 45 59 1775 1789 1776
2634 2 2 45 59 1776 1789 1790
2635 2 2 45 59 1776 1790 1777
2636 2 2 45 59 1777 1790 1791
2637 2 2 45 59 1777 1791 156
2638 2 2 45 59 156 1791 155
2639 2 2 45 59 475 474 1778
2640 2 2 45 59 1778 474 1792
2641 2 2 45 59 1778 1792 1779
2642 2 2 45 59 1779 1792 1793
2643 2 2 45 59 1779 1793 1780
2644 2 2 45 59 1780 1793 1794
2645 2 2 45 59 1780 1794 1781
2646 2 2 45 59 1781 1794 1795
2647 2 2 45 59 1781 1795 1782
2648 2 2 45 59 1782 1795 1796
2649 2 2 45 59 1782 1796 1783
2650 2 2 45 59 1783 1796 1797
2651 2 2 45 59 1783 1797 1784
2652 2 2 45 59 1784 1797 1798
2653 2 2 45 59 1784 1798 1785
2654 2 2 45 59 1785 1798 1799
2655 2 2 45 59 1785 1799 1786
2656 2 2 45 59 1786 1799 1800
2657 2 2 45 59 1786 1800 1787
2658 2 2 45 59 1787 1800 1801
2659 2 2 45 59 1787 1801 1788
2660 2 2 45 59 1788 1801 1802
2661 2 2 45 59 1788 1802 1789
2662 2 2 45 59 1789 1802 1803
2663 2 2 45 59 1789 1803 1790
2664 2 2 45 59 1790 1803 1804
2665 2 2 45 59 1790 1804 1791
2666 2 2 45 59 1791 1804 1805
2667 2 2 45 59 1791 1805 155
2668 2 2 45 59 155 1805 154
2669 2 2 45 59 474 473 1792
2670 2 2 45 59 1792 473 1806
2671 2 2 45 59 1792 1806 1793
2672 2 2 45 59 1793 1806 1807
2673 2 2 45 59 1793 1807 1794
2674 2 2 45 59 1794 1807 1808
2675 2 2 45 59 1794 1808 1795
2676 2 2 45 59 1795 1808 1809
2677 2 2 45 59 1795 1809 1796
2678 2 2 45 59 1796 1809 1810
2679 2 2 45 59 1796 1810 1797
2680 2 2 45 59 1797 1810 1811
2681 2 2 45 59 1797 1811 1798
2682 2 2 45 59 1798 1811 1812
2683 2 2 45 59 1798 1812 1799
2684 2 2 45 59 1799 1812 1813
2685 2 2 45 59 1799 1813 1800
2686 2 2 45 59 1800 1813 1814
2687 2 2 45 59 1800 1814 1801
2688 2 2 45 59 1801 1814 1815
2689 2 2 45 59 1801 1815 1802
2690 2 2 45 59 1802 1815 1816
2691 2 2 45 59 1802 1816 1803
2692 2 2 45 59 1803 1816 1817
2693 2 2 45 59 1803 1817 1804
2694 2 2 45 59 1804 1817 1818
2695 2 2 45 59 1804 1818 1805
2696 2 2 45 59 1805 1818 1819
2697 2 2 45 59 1805 1819 154
2698 2 2 45 59 154 1819 153
2699 2 2 45 59 473 472 1806
2700 2 2 45 59 1806 472 1820
2701 2 2 45 59 1806 1820 1807
2702 2 2 45 59 1807 1820 1821
2703 2 2 45 59 1807 1821 1808
2704 2 2 45 59 1808 1821 1822
2705 2 2 45 59 1808 1822 1809
2706 2 2 45 59 1809 1822 1823
2707 2 2 45 59 1809 1823 1810
2708 2 2 45 59 1810 1823 1824
2709 2 2 45 59 1810 1824 1811
2710 2 2 45 59 1811 1824 1825
2711 2 2 45 59 1811 1825 1812
2712 2 2 45 59 1812 1825 1826
2713 2 2 45 59 1812 1826 1813
2714 2 2 45 59 1813 1826 1827
2715 2 2 45 59 1813 1827 1814
2716 2 2 45 59 1814 1827 1828
2717 2 2 45 59 1814 1828 1815
2718 2 2 45 59 1815 1828 1829
2719 2 2 45 59 1815 1829 1816
2720 2 2 45 59 1816 1829 1830
2721 2 2 45 59 1816 1830 1817
2722 2 2 45 59 1817 1830 1831
2723 2 2 45 59 1817 1831 1818
2724 2 2 45 59 1818 1831 1832
2725 2 2 45 59 1818 1832 1819
2726 2 2 45 59 1819 1832 1833
2727 2 2 45 59 1819 1833 153
2728 2 2 45 59 153 1833 152
2729 2 2 45 59 472 471 1820
2730 2 2 45 59 1820 471 1834
2731 2 2 45 59 1820 1834 1821
2732 2 2 45 59 1821 1834 1835
2733 2 2 45 59 1821 1835 1822
2734 2 2 45 59 1822 1835 1836
2735 2 2 45 59 1822 1836 1823
2736 2 2 45 59 1823 1836 1837
2737 2 2 45 59 1823 1837 1824
2738 2 2 45 59 1824 1837 1838
2739 2 2 45 59 1824 1838 1825
2740 2 2 45 59 1825 1838 1839
2741 2 2 45 59 1825 1839 1826
2742 2 2 45 59 1826 1839 1840
2743 2 2 45 59 1826 1840 1827
2744 2 2 45 59 1827 1840 1841
2745 2 2 45 59 1827 1841 1828
2746 2 2 45 59 1828 1841 1842
2747 2 2 45 59 1828 1842 1829
2748 2 2 45 59 1829 1842 1843
2749 2 2 45 59 1829 1843 1830
2750 2 2 45 59 1830 1843 1844
2751 2 2 45 59 1830 1844 1831
2752 2 2 45 59 1831 1844 1845
2753 2 2 45 59 1831 1845 1832
2754 2 2 45 59 1832 1845 1846
2755 2 2 45 59 1832 1846 1833
2756 2 2 45 59 1833 1846 1847
2757 2 2 45 59 1833 1847 152
2758 2 2 45 59 152 1847 151
2759 2 2 45 59 471 470 1834
2760 2 2 45 59 1834 470 1848
2761 2 2 45 59 1834 1848 1835
2762 2 2 45 59 1835 1848 1849
2763 2 2 45 59 1835 1849 1836
2764 2 2 45 59 1836 1849 1850
2765 2 2 45 59 1836 1850 1837
2766 2 2 45 59 1837 1850 1851
2767 2 2 45 59 1837 1851 1838
2768 2 2 45 59 1838 1851 1852
2769 2 2 45 59 1838 1852 1839
2770 2 2 45 59 1839 1852 1853
2771 2 2 45 59 1839 1853 1840
2772 2 2 45 59 1840 1853 1854
2773 2 2 45 59 1840 1854 1841
2774 2 2 45 59 1841 1854 1855
2775 2 2 45 59 1841 1855 1842
2776 2 2 45 59 1842 1855 1856
2777 2 2 45 59 1842 1856 1843
2778 2 2 45 59 1843 1856 1857
2779 2 2 45 59 1843 1857 1844
2780 2 2 45 59 1844 1857 1858
2781 2 2 45 59 1844 1858 1845
2782 2 2 45 59 1845 1858 1859
2783 2 2 45 59 1845 1859 1846
2784 2 2 45 59 1846 1859 1860
2785 2 2 45 59 1846 1860 1847
2786 2 2 45 59 1847 1860 1861
2787 2 2 45 59 1847 1861 151
2788 2 2 45 59 151 1861 150
2789 2 2 45 59 470 469 1848
2790 2 2 45 59 1848 469 1862
2791 2 2 45 59 1848 1862 1849
2792 2 2 45 59 1849 1862 1863
2793 2 2 45 59 1849 1863 1850
2794 2 2 45 59 1850 1863 1864
2795 2 2 45 59 1850 1864 1851
2796 2 2 45 59 1851 1864 1865
2797 2 2 45 59 1851 1865 1852
2798 2 2 45 59 1852 1865 1866
2799 2 2 45 59 1852 1866 1853
2800 2 2 45 59 1853 1866 1867
2801 2 2 45 59 1853 1867 1854
2802 2 2 45 59 1854 1867 1868
2803 2 2 45 59 1854 1868 1855
2804 2 2 45 59 1855 1868 1869
2805 2 2 45 59 1855 1869 1856
2806 2 2 45 59 1856 1869 1870
2807 2 2 45 59 1856 1870 1857
2808 2 2 45 59 1857 1870 1871
2809 2 2 45 59 1857 1871 1858
2810 2 2 45 59 1858 1871 1872
2811 2 2 45 59 1858 1872 1859
2812 2 2 45 59 1859 1872 1873
2813 2 2 45 59 1859 1873 1860
2814 2 2 45 59 1860 1873 1874
2815 2 2 45 59 1860 1874 1861
2816 2 2 45 59 1861 1874 1875
2817 2 2 45 59 1861 1875 150
2818 2 2 45 59 150 1875 149
2819 2 2 45 59 469 468 1862
2820 2 2 45 59 1862 468 1876
2821 2 2 45 59 1862 1876 1863
2822 2 2 45 59 1863 1876 1877
2823 2 2 45 59 1863 1877 1864
2824 2 2 45 59 1864 1877 1878
2825 2 2 45 59 1864 1878 1865
2826 2 2 45 59 1865 1878 1879
2827 2 2 45 59 1865 1879 1866
2828 2 2 45 59 1866 1879 1880
2829 2 2 45 59 1866 1880 1867
2830 2 2 45 59 1867 1880 1881
2831 2 2 45 59 1867 1881 1868
2832 2 2 45 59 1868 1881 1882
2833 2 2 45 59 1868 1882 1869
2834 2 2 45 59 1869 1882 1883
2835 2 2 45 59 1869 1883 1870
2836 2 2 45 59 1870 1883 1884
2837 2 2 45 59 1870 1884 1871
2838 2 2 45 59 1871 1884 1885
2839 2 2 45 59 1871 1885 1872
2840 2 2 45 59 1872 1885 1886
2841 2 2 45 59 1872 1886 1873
2842 2 2 45 59 1873 1886 1887
2843 2 2 45 59 1873 1887 1874
2844 2 2 45 59 1874 1887 1888
2845 2 2 45 59 1874 1888 1875
2846 2 2 45 59 1875 1888 1889
2847 2 2 45 59 1875 1889 149
2848 2 2 45 59 149 1889 148
2849 2 2 45 59 468 6 1876
2850 2 2 45 59 1876 6 280
2851 2 2 45 59 1876 280 1877
2852 2 2 45 59 1877 280 281
2853 2 2 45 59 1877 281 1878
2854 2 2 45 59 1878 281 282
2855 2 2 45 59 1878 282 1879
2856 2 2 45 59 1879 282 283
2857 2 2 45 59 1879 283 1880
2858 2 2 45 59 1880 283 284
2859 2 2 45 59 1880 284 1881
2860 2 2 45 59 1881 284 285
2861 2 2 45 59 1881 285 1882
2862 2 2 45 59 1882 285 286
2863 2 2 45 59 1882 286 1883
2864 2 2 45 59 1883 286 287
2865 2 2 45 59 1883 287 1884
2866 2 2 45 59 1884 287 288
2867 2 2 45 59 1884 288 1885
2868 2 2 45 59 1885 288 289
2869 2 2 45 59 1885 289 1886
2870 2 2 45 59 1886 289 290
2871 2 2 45 59 1886 290 1887
2872 2 2 45 59 1887 290 291
2873 2 2 45 59 1887 291 1888
2874 2 2 45 59 1888 291 292
2875 2 2 45 59 1888 292 1889
2876 2 2 45 59 1889 292 293
2877 2 2 45 59 1889 293 148
2878 2 2 45 59 148 293 1
2879 2 2 46 60 1 266 1890
2880 2 2 46 60 1890 207 1
2881 2 2 46 60 207 1890 1891
2882 2 2 46 60 1891 208 207
2883 2 2 46 60 208 1891 1892
2884 2 2 46 60 1892 209 208
2885 2 2 46 60 209 1892 1893
2886 2 2 46 60 1893 210 209
2887 2 2 46 60 210 1893 1894
2888 2 2 46 60 1894 211 210
2889 2 2 46 60 211 1894 1895
2890 2 2 46 60 1895 212 211
2891 2 2 46 60 212 1895 1896
2892 2 2 46 60 1896 213 212
2893 2 2 46 60 213 1896 1897
2894 2 2 46 60 1897 214 213
2895 2 2 46 60 214 1897 1898
2896 2 2 46 60 1898 215 214
2897 2 2 46 60 215 1898 1899
2898 2 2 46 60 1899 216 215
2899 2 2 46 60 216 1899 1900
2900 2 2 46 60 1900 217 216
2901 2 2 46 60 217 1900 1901
2902 2 2 46 60 1901 218 217
2903 2 2 46 60 218 1901 1902
2904 2 2 46 60 1902 219 218
2905 2 2 46 60 219 1902 1903
2906 2 2 46 60 1903 220 219
2907 2 2 46 60 220 1903 1904
2908 2 2 46 60 1904 221 220
2909 2 2 46 60 221 1904 1905
2910 2 2 46 60 1905 222 221
2911 2 2 46 60 222 1905 1906
2912 2 2 46 60 1906 223 222
2913 2 2 46 60 223 1906 1907
2914 2 2 46 60 1907 224 223
2915 2 2 46 60 224 1907 1908
2916 2 2 46 60 1908 225 224
2917 2 2 46 60 225 1908 1909
2918 2 2 46 60 1909 226 225
2919 2 2 46 60 226 1909 1910
2920 2 2 46 60 1910 227 226
2921 2 2 46 60 227 1910 1911
2922 2 2 46 60 1911 228 227
2923 2 2 46 60 228 1911 1912
2924 2 2 46 60 1912 229 228
2925 2 2 46 60 229 1912 1913
2926 2 2 46 60 1913 230 229
2927 2 2 46 60 230 1913 1914
2928 2 2 46 60 1914 231 230
2929 2 2 46 60 231 1914 1915
2930 2 2 46 60 1915 232 231
2931 2 2 46 60 232 1915 1916
2932 2 2 46 60 1916 233 232
2933 2 2 46 60 233 1916 1917
2934 2 2 46 60 1917 234 233
2935 2 2 46 60 234 1917 1918
2936 2 2 46 60 1918 235 234
2937 2 2 46 60 235 1918 1919
2938 2 2 46 60 1919 236 235
2939 2 2 46 60 236 1919 1920
2940 2 2 46 60 1920 237 236
2941 2 2 46 60 237 1920 1921
2942 2 2 46 60 1921 238 237
2943 2 2 46 60 238 1921 1922
2944 2 2 46 60 1922 239 238
2945 2 2 46 60 239 1922 1923
2946 2 2 46 60 1923 240 239
2947 2 2 46 60 240 1923 1924
2948 2 2 46 60 1924 241 240
2949 2 2 46 60 241 1924 1925
2950 2 2 46 60 1925 242 241
2951 2 2 46 60 242 1925 1926
2952 2 2 46 60 1926 243 242
2953 2 2 46 60 243 1926 1927
2954 2 2 46 60 1927 244 243
2955 2 2 46 60 244 1927 1928
2956 2 2 46 60 1928 245 244
2957 2 2 46 60 245 1928 1929
2958 2 2 46 60 1929 246 245
2959 2 2 46 60 246 1929 1930
2960 2 2 46 60 1930 247 246
2961 2 2 46 60 247 1930 1931
2962 2 2 46 60 1931 248 247
2963 2 2 46 60 248 1931 1932
2964 2 2 46 60 1932 249 248
2965 2 2 46 60 249 1932 1933
2966 2 2 46 60 1933 250 249
2967 2 2 46 60 250 1933 1934
2968 2 2 46 60 1934 251 250
2969 2 2 46 60 251 1934 1935
2970 2 2 46 60 1935 252 251
2971 2 2 46 60 252 1935 1936
2972 2 2 46 60 1936 253 252
2973 2 2 46 60 253 1936 1937
2974 2 2 46 60 1937 254 253
2975 2 2 46 60 254 1937 1938
2976 2 2 46 60 1938 255 254
2977 2 2 46 60 255 1938 1939
2978 2 2 46 60 1939 256 255
2979 2 2 46 60 256 1939 1940
2980 2 2 46 60 1940 257 256
2981 2 2 46 60 257 1940 1941
2982 2 2 46 60 1941 258 257
2983 2 2 46 60 258 1941 1942
2984 2 2 46 60 1942 259 258
2985 2 2 46 60 259 1942 1943
2986 2 2 46 60 1943 260 259
2987 2 2 46 60 260 1943 1944
2988 2 2 46 60 1944 261 260
2989 2 2 46 60 261 1944 1945
2990 2 2 46 60 1945 262 261
2991 2 2 46 60 262 1945 1946
2992 2 2 46 60 1946 263 262
2993 2 2 46 60 263 1946 1947
2994 2 2 46 60 1947 264 263
2995 2 2 46 60 264 1947 1948
2996 2 2 46 60 1948 265 264
2997 2 2 46 60 265 1948 349
2998 2 2 46 60 349 8 265
2999 2 2 46 60 266 267 1949
3000 2 2 46 60 1949 1890 266
3001 2 2 46 60 1890 1949 1950
3002 2 2 46 60 1950 1891 1890
3003 2 2 46 60 1891 1950 1951
3004 2 2 46 60 1951 1892 1891
3005 2 2 46 60 1892 1951 1952
3006 2 2 46 60 1952 1893 1892
3007 2 2 46 60 1893 1952 1953
3008 2 2 46 60 1953 1894 1893
3009 2 2 46 60 1894 1953 1954
3010 2 2 46 60 1954 1895 1894
3011 2 2 46 60 1895 1954 1955
3012 2 2 46 60 1955 1896 1895
3013 2 2 46 60 1896 1955 1956
3014 2 2 46 60 1956 1897 1896
3015 2 2 46 60 1897 1956 1957
3016 2 2 46 60 1957 1898 1897
3017 2 2 46 60 1898 1957 1958
3018 2 2 46 60 1958 1899 1898
3019 2 2 46 60 1899 1958 1959
3020 2 2 46 60 1959 1900 1899
3021 2 2 46 60 1900 1959 1960
3022 2 2 46 60 1960 1901 1900
3023 2 2 46 60 1901 1960 1961
3024 2 2 46 60 1961 1902 1901
3025 2 2 46 60 1902 1961 1962
3026 2 2 46 60 1962 1903 1902
3027 2 2 46 60 1903 1962 1963
3028 2 2 46 60 1963 1904 1903
3029 2 2 46 60 1904 1963 1964
3030 2 2 46 60 1964 1905 1904
3031 2 2 46 60 1905 1964 1965
3032 2 2 46 60 1965 1906 1905
3033 2 2 46 60 1906 1965 1966
3034 2 2 46 60 1966 1907 1906
3035 2 2 46 60 1907 1966 1967
3036 2 2 46 60 1967 1908 1907
3037 2 2 46 60 1908 1967 1968
3038 2 2 46 60 1968 1909 1908
3039 2 2 46 60 1909 1968 1969
3040 2 2 46 60 1969 1910 1909
3041 2 2 46 60 1910 1969 1970
3042 2 2 46 60 1970 1911 1910
3043 2 2 46 60 1911 1970 1971
3044 2 2 46 60 1971 1912 1911
3045 2 2 46 60 1912 1971 1972
3046 2 2 46 60 1972 1913 1912
3047 2 2 46 60 1913 1972 1973
3048 2 2 46 60 1973 1914 1913
3049 2 2 46 60 1914 1973 1974
3050 2 2 46 60 1974 1915 1914
3051 2 2 46 60 1915 1974 1975
3052 2 2 46 60 1975 1916 1915
3053 2 2 46 60 1916 1975 1976
3054 2 2 46 60 1976 1917 1916
3055 2 2 46 60 1917 1976 1977
3056 2 2 46 60 1977 1918 1917
3057 2 2 46 60 1918 1977 1978
3058 2 2 46 60 1978 1919 1918
3059 2 2 46 60 1919 1978 1979
3060 2 2 46 60 1979 1920 1919
3061 2 2 46 60 1920 1979 1980
3062 2 2 46 60 1980 1921 1920
3063 2 2 46 60 1921 1980 1981
3064 2 2 46 60 1981 1922 1921
3065 2 2 46 60 1922 1981 1982
3066 2 2 46 60 1982 1923 1922
3067 2 2 46 60 1923 1982 1983
3068 2 2 46 60 1983 1924 1923
3069 2 2 46 60 1924 1983 1984
3070 2 2 46 60 1984 1925 1924
3071 2 2 46 60 1925 1984 1985
3072 2 2 46 60 1985 1926 1925
3073 2 2 46 60 1926 1985 1986
3074 2 2 46 60 1986 1927 1926
3075 2 2 46 60 1927 1986 1987
3076 2 2 46 60 1987 1928 1927
3077 2 2 46 60 1928 1987 1988
3078 2 2 46 60 1988 1929 1928
3079 2 2 46 60 1929 1988 1989
3080 2 2 46 60 1989 1930 1929
3081 2 2 46 60 1930 1989 1990
3082 2 2 46 60 1990 1931 1930
3083 2 2 46 60 1931 1990 1991
3084 2 2 46 60 1991 1932 1931
3085 2 2 46 60 1932 1991 1992
3086 2 2 46 60 1992 1933 1932
3087 2 2 46 60 1933 1992 1993
3088 2 2 46 60 1993 1934 1933
3089 2 2 46 60 1934 1993 1994
3090 2 2 46 60 1994 1935 1934
3091 2 2 46 60 1935 1994 1995
3092 2 2 46 60 1995 1936 1935
3093 2 2 46 60 1936 1995 1996
3094 2 2 46 60 1996 1937 1936
3095 2 2 46 60 1937 1996 1997
3096 2 2 46 60 1997 1938 1937
3097 2 2 46 60 1938 1997 1998
3098 2 2 46 60 1998 1939 1938
3099 2 2 46 60 1939 1998 1999
3100 2 2 46 60 1999 1940 1939
3101 2 2 46 60 1940 1999 2000
3102 2 2 46 60 2000 1941 1940
3103 2 2 46 60 1941 2000 2001
3104 2 2 46 60 2001 1942 1941
3105 2 2 46 60 1942 2001 2002
3106 2 2 46 60 2002 1943 1942
3107 2 2 46 60 1943 2002 2003
3108 2 2 46 60 2003 1944 1943
3109 2 2 46 60 1944 2003 2004
3110 2 2 46 60 2004 1945 1944
3111 2 2 46 60 1945 2004 2005
3112 2 2 46 60 2005 1946 1945
3113 2 2 46 60 1946 2005 2006
3114 2 2 46 60 2006 1947 1946
3115 2 2 46 60 1947 2006 2007
3116 2 2 46 60 2007 1948 1947
3117 2 2 46 60 1948 2007 348
3118 2 2 46 60 348 349 1948
3119 2 2 46 60 267 268 2008
3120 2 2 46 60 2008 1949 267
3121 2 2 46 60 1949 2008 2009
3122 2 2 46 60 2009 1950 1949
3123 2 2 46 60 1950 2009 2010
3124 2 2 46 60 2010 1951 1950
3125 2 2 46 60 1951 2010 2011
3126 2 2 46 60 2011 1952 1951
3127 2 2 46 60 1952 2011 2012
3128 2 2 46 60 2012 1953 1952
3129 2 2 46 60 1953 2012 2013
3130 2 2 46 60 2013 1954 1953
3131 2 2 46 60 1954 2013 2014
3132 2 2 46 60 2014 1955 1954
3133 2 2 46 60 1955 2014 2015
3134 2 2 46 60 2015 1956 1955
3135 2 2 46 60 1956 2015 2016
3136 2 2 46 60 2016 1957 1956
3137 2 2 46 60 1957 2016 2017
3138 2 2 46 60 2017 1958 1957
3139 2 2 46 60 1958 2017 2018
3140 2 2 46 60 2018 1959 1958
3141 2 2 46 60 1959 2018 2019
3142 2 2 46 60 2019 1960 1959
3143 2 2 46 60 1960 2019 2020
3144 2 2 46 60 2020 1961 1960
3145 2 2 46 60 1961 2020 2021
3146 2 2 46 60 2021 1962 1961
3147 2 2 46 60 1962 2021 2022
3148 2 2 46 60 2022 1963 1962
3149 2 2 46 60 1963 2022 2023
3150 2 2 46 60 2023 1964 1963
3151 2 2 46 60 1964 2023 2024
3152 2 2 46 60 2024 1965 1964
3153 2 2 46 60 1965 2024 2025
3154 2 2 46 60 2025 1966 1965
3155 2 2 46 60 1966 2025 2026
3156 2 2 46 60 2026 1967 1966
3157 2 2 46 60 1967 2026 2027
3158 2 2 46 60 2027 1968 1967
3159 2 2 46 60 1968 2027 2028
3160 2 2 46 60 2028 1969 1968
3161 2 2 46 60 1969 2028 2029
3162 2 2 46 60 2029 1970 1969
3163 2 2 46 60 1970 2029 2030
3164 2 2 46 60 2030 1971 1970
3165 2 2 46 60 1971 2030 2031
3166 2 2 46 60 2031 1972 1971
3167 2 2 46 60 1972 2031 2032
3168 2 2 46 60 2032 1973 1972
3169 2 2 46 60 1973 2032 2033
3170 2 2 46 60 2033 1974 1973
3171 2 2 46 60 1974 2033 2034
3172 2 2 46 60 2034 1975 1974
3173 2 2 46 60 1975 2034 2035
3174 2 2 46 60 2035 1976 1975
3175 2 2 46 60 1976 2035 2036
3176 2 2 46 60 2036 1977 1976
3177 2 2 46 60 1977 2036 2037
3178 2 2 46 60 2037 1978 1977
3179 2 2 46 60 1978 2037 2038
3180 2 2 46 60 2038 1979 1978
3181 2 2 46 60 1979 2038 2039
3182 2 2 46 60 2039 1980 1979
3183 2 2 46 60 1980 2039 2040
3184 2 2 46 60 2040 1981 1980
3185 2 2 46 60 1981 2040 2041
3186 2 2 46 60 2041 1982 1981
3187 2 2 46 60 1982 2041 2042
3188 2 2 46 60 2042 1983 1982
3189 2 2 46 60 1983 2042 2043
3190 2 2 46 60 2043 1984 1983
3191 2 2 46 60 1984 2043 2044
3192 2 2 46 60 2044 1985 1984
3193 2 2 46 60 1985 2044 2045
3194 2 2 46 60 2045 1986 1985
3195 2 2 46 60 1986 2045 2046
3196 2 2 46 60 2046 1987 1986
3197 2 2 46 60 1987 2046 2047
3198 2 2 46 60 2047 1988 1987
3199 2 2 46 60 1988 2047 2048
3200 2 2 46 60 2048 1989 1988
3201 2 2 46 60 1989 2048 2049
3202 2 2 46 60 2049 1990 1989
3203 2 2 46 60 1990 2049 2050
3204 2 2 46 60 2050 1991 1990
3205 2 2 46 60 1991 2050 2051
3206 2 2 46 60 2051 1992 1991
3207 2 2 46 60 1992 2051 2052
3208 2 2 46 60 2052 1993 1992
3209 2 2 46 60 1993 2052 2053
3210 2 2 46 60 2053 1994 1993
3211 2 2 46 60 1994 2053 2054
3212 2 2 46 60 2054 1995 1994
3213 2 2 46 60 1995 2054 2055
3214 2 2 46 60 2055 1996 1995
3215 2 2 46 60 1996 2055 2056
3216 2 2 46 60 2056 1997 1996
3217 2 2 46 60 1997 2056 2057
3218 2 2 46 60 2057 1998 1997
3219 2 2 46 60 1998 2057 2058
3220 2 2 46 60 2058 1999 1998
3221 2 2 46 60 1999 2058 2059
3222 2 2 46 60 2059 2000 1999
3223 2 2 46 60 2000 2059 2060
3224 2 2 46 60 2060 2001 2000
3225 2 2 46 60 2001 2060 2061
3226 2 2 46 60 2061 2002 2001
3227 2 2 46 60 2002 2061 2062
3228 2 2 46 60 2062 2003 2002
3229 2 2 46 60 2003 2062 2063
3230 2 2 46 60 2063 2004 2003
3231 2 2 46 60 2004 2063 2064
3232 2 2 46 60 2064 2005 2004
3233 2 2 46 60 2005 2064 2065
3234 2 2 46 60 2065 2006 2005
3235 2 2 46 60 2006 2065 2066
3236 2 2 46 60 2066 2007 2006
3237 2 2 46 60 2007 2066 347
3238 2 2 46 60 347 348 2007
3239 2 2 46 60 268 269 2067
3240 2 2 46 60 2067 2008 268
3241 2 2 46 60 2008 2067 2068
3242 2 2 46 60 2068 2009 2008
3243 2 2 46 60 2009 2068 2069
3244 2 2 46 60 2069 2010 2009
3245 2 2 46 60 2010 2069 2070
3246 2 2 46 60 2070 2011 2010
3247 2 2 46 60 2011 2070 2071
3248 2 2 46 60 2071 2012 2011
3249 2 2 46 60 2012 2071 2072
3250 2 2 46 60 2072 2013 2012
3251 2 2 46 60 2013 2072 2073
3252 2 2 46 60 2073 2014 2013
3253 2 2 46 60 2014 2073 2074
3254 2 2 46 60 2074 2015 2014
3255 2 2 46 60 2015 2074 2075
3256 2 2 46 60 2075 2016 2015
3257 2 2 46 60 2016 2075 2076
3258 2 2 46 60 2076 2017 2016
3259 2 2 46 60 2017 2076 2077
3260 2 2 46 60 2077 2018 2017
3261 2 2 46 60 2018 2077 2078
3262 2 2 46 60 2078 2019 2018
3263 2 2 46 60 2019 2078 2079
3264 2 2 46 60 2079 2020 2019
3265 2 2 46 60 2020 2079 2080
3266 2 2 46 60 2080 2021 2020
3267 2 2 46 60 2021 2080 2081
3268 2 2 46 60 2081 2022 2021
3269 2 2 46 60 2022 2081 2082
3270 2 2 46 60 2082 2023 2022
3271 2 2 46 60 2023 2082 2083
3272 2 2 46 60 2083 2024 2023
3273 2 2 46 60 2024 2083 2084
3274 2 2 46 60 2084 2025 2024
3275 2 2 46 60 2025 2084 2085
3276 2 2 46 60 2085 2026 2025
3277 2 2 46 60 2026 2085 2086
3278 2 2 46 60 2086 2027 2026
3279 2 2 46 60 2027 2086 2087
3280 2 2 46 60 2087 2028 2027
3281 2 2 46 60 2028 2087 2088
3282 2 2 46 60 2088 2029 2028
3283 2 2 46 60 2029 2088 2089
3284 2 2 46 60 2089 2030 2029
3285 2 2 46 60 2030 2089 2090
3286 2 2 46 60 2090 2031 2030
3287 2 2 46 60 2031 2090 2091
3288 2 2 46 60 2091 2032 2031
3289 2 2 46 60 2032 2091 2092
3290 2 2 46 60 2092 2033 2032
3291 2 2 46 60 2033 2092 2093
3292 2 2 46 60 2093 2034 2033
3293 2 2 46 60 2034 2093 2094
3294 2 2 46 60 2094 2035 2034
3295 2 2 46 60 2035 2094 2095
3296 2 2 46 60 2095 2036 2035
3297 2 2 46 60 2036 2095 2096
3298 2 2 46 60 2096 2037 2036
3299 2 2 46 60 2037 2096 2097
3300 2 2 46 60 2097 2038 2037
3301 2 2 46 60 2038 2097 2098
3302 2 2 46 60 2098 2039 2038
3303 2 2 46 60 2039 2098 2099
3304 2 2 46 60 2099 2040 2039
3305 2 2 46 60 2040 2099 2100
3306 2 2 46 60 2100 2041 2040
3307 2 2 46 60 2041 2100 2101
3308 2 2 46 60 2101 2042 2041
3309 2 2 46 60 2042 2101 2102
3310 2 2 46 60 2102 2043 2042
3311 2 2 46 60 2043 2102 2103
3312 2 2 46 60 2103 2044 2043
3313 2 2 46 60 2044 2103 2104
3314 2 2 46 60 2104 2045 2044
3315 2 2 46 60 2045 2104 2105
3316 2 2 46 60 2105 2046 2045
3317 2 2 46 60 2046 2105 2106
3318 2 2 46 60 2106 2047 2046
3319 2 2 46 60 2047 2106 2107
3320 2 2 46 60 2107 2048 2047
3321 2 2 46 60 2048 2107 2108
3322 2 2 46 60 2108 2049 2048
3323 2 2 46 60 2049 2108 2109
3324 2 2 46 60 2109 2050 2049
3325 2 2 46 60 2050 2109 2110
3326 2 2 46 60 2110 2051 2050
3327 2 2 46 60 2051 2110 2111
3328 2 2 46 60 2111 2052 2051
3329 2 2 46 60 2052 2111 2112
3330 2 2 46 60 2112 2053 2052
3331 2 2 46 60 2053 2112 2113
3332 2 2 46 60 2113 2054 2053
3333 2 2 46 60 2054 2113 2114
3334 2 2 46 60 2114 2055 2054
3335 2 2 46 60 2055 2114 2115
3336 2 2 46 60 2115 2056 2055
3337 2 2 46 60 2056 2115 2116
3338 2 2 46 60 2116 2057 2056
3339 2 2 46 60 2057 2116 2117
3340 2 2 46 60 2117 2058 2057
3341 2 2 46 60 2058 2117 2118
3342 2 2 46 60 2118 2059 2058
3343 2 2 46 60 2059 2118 2119
3344 2 2 46 60 2119 2060 2059
3345 2 2 46 60 2060 2119 2120
3346 2 2 46 60 2120 2061 2060
3347 2 2 46 60 2061 2120 2121
3348 2 2 46 60 2121 2062 2061
3349 2 2 46 60 2062 2121 2122
3350 2 2 46 60 2122 2063 2062
3351 2 2 46 60 2063 2122 2123
3352 2 2 46 60 2123 2064 2063
3353 2 2 46 60 2064 2123 2124
3354 2 2 46 60 2124 2065 2064
3355 2 2 46 60 2065 2124 2125
3356 2 2 46 60 2125 2066 2065
3357 2 2 46 60 2066 2125 346
3358 2 2 46 60 346 347 2066
3359 2 2 46 60 269 270 2126
3360 2 2 46 60 2126 2067 269
3361 2 2 46 60 2067 2126 2127
3362 2 2 46 60 2127 2068 2067
3363 2 2 46 60 2068 2127 2128
3364 2 2 46 60 2128 2069 2068
3365 2 2 46 60 2069 2128 2129
3366 2 2 46 60 2129 2070 2069
3367 2 2 46 60 2070 2129 2130
3368 2 2 46 60 2130 2071 2070
3369 2 2 46 60 2071 2130 2131
3370 2 2 46 60 2131 2072 2071
3371 2 2 46 60 2072 2131 2132
3372 2 2 46 60 2132 2073 2072
3373 2 2 46 60 2073 2132 2133
3374 2 2 46 60 2133 2074 2073
3375 2 2 46 60 2074 2133 2134
3376 2 2 46 60 2134 2075 2074
3377 2 2 46 60 2075 2134 2135
3378 2 2 46 60 2135 2076 2075
3379 2 2 46 60 2076 2135 2136
3380 2 2 46 60 2136 2077 2076
3381 2 2 46 60 2077 2136 2137
3382 2 2 46 60 2137 2078 2077
3383 2 2 46 60 2078 2137 2138
3384 2 2 46 60 2138 2079 2078
3385 2 2 46 60 2079 2138 2139
3386 2 2 46 60 2139 2080 2079
3387 2 2 46 60 2080 2139 2140
3388 2 2 46 60 2140 2081 2080
3389 2 2 46 60 2081 2140 2141
3390 2 2 46 60 2141 2082 2081
3391 2 2 46 60 2082 2141 2142
3392 2 2 46 60 2142 2083 2082
3393 2 2 46 60 2083 2142 2143
3394 2 2 46 60 2143 2084 2083
3395 2 2 46 60 2084 2143 2144
3396 2 2 46 60 2144 2085 2084
3397 2 2 46 60 2085 2144 2145
3398 2 2 46 60 2145 2086 2085
3399 2 2 46 60 2086 2145 2146
3400 2 2 46 60 2146 2087 2086
3401 2 2 46 60 2087 2146 2147
3402 2 2 46 60 2147 2088 2087
3403 2 2 46 60 2088 2147 2148
3404 2 2 46 60 2148 2089 2088
3405 2 2 46 60 2089 2148 2149
3406 2 2 46 60 2149 2090 2089
3407 2 2 46 60 2090 2149 2150
3408 2 2 46 60 2150 2091 2090
3409 2 2 46 60 2091 2150 2151
3410 2 2 46 60 2151 2092 2091
3411 2 2 46 60 2092 2151 2152
3412 2 2 46 60 2152 2093 2092
3413 2 2 46 60 2093 2152 2153
3414 2 2 46 60 2153 2094 2093
3415 2 2 46 60 2094 2153 2154
3416 2 2 46 60 2154 2095 2094
3417 2 2 46 60 2095 2154 2155
3418 2 2 46 60 2155 2096 2095
3419 2 2 46 60 2096 2155 2156
3420 2 2 46 60 2156 2097 2096
3421 2 2 46 60 2097 2156 2157
3422 2 2 46 60 2157 2098 2097
3423 2 2 46 60 2098 2157 2158
3424 2 2 46 60 2158 2099 2098
3425 2 2 46 60 2099 2158 2159
3426 2 2 46 60 2159 2100 2099
3427 2 2 46 60 2100 2159 2160
3428 2 2 46 60 2160 2101 2100
3429 2 2 46 60 2101 2160 2161
3430 2 2 46 60 2161 2102 2101
3431 2 2 46 60 2102 2161 2162
3432 2 2 46 60 2162 2103 2102
3433 2 2 46 60 2103 2162 2163
3434 2 2 46 60 2163 2104 2103
3435 2 2 46 60 2104 2163 2164
3436 2 2 46 60 2164 2105 2104
3437 2 2 46 60 2105 2164 2165
3438 2 2 46 60 2165 2106 2105
3439 2 2 46 60 2106 2165 2166
3440 2 2 46 60 2166 2107 2106
3441 2 2 46 60 2107 2166 2167
3442 2 2 46 60 2167 2108 2107
3443 2 2 46 60 2108 2167 2168
3444 2 2 46 60 2168 2109 2108
3445 2 2 46 60 2109 2168 2169
3446 2 2 46 60 2169 2110 2109
3447 2 2 46 60 2110 2169 2170
3448 2 2 46 60 2170 2111 2110
3449 2 2 46 60 2111 2170 2171
3450 2 2 46 60 2171 2112 2111
3451 2 2 46 60 2112 2171 2172
3452 2 2 46 60 2172 2113 2112
3453 2 2 46 60 2113 2172 2173
3454 2 2 46 60 2173 2114 2113
3455 2 2 46 60 2114 2173 2174
3456 2 2 46 60 2174 2115 2114
3457 2 2 46 60 2115 2174 2175
3458 2 2 46 60 2175 2116 2115
3459 2 2 46 60 2116 2175 2176
3460 2 2 46 60 2176 2117 2116
3461 2 2 46 60 2117 2176 2177
3462 2 2 46 60 2177 2118 2117
3463 2 2 46 60 2118 2177 2178
3464 2 2 46 60 2178 2119 2118
3465 2 2 46 60 2119 2178 2179
3466 2 2 46 60 2179 2120 2119
3467 2 2 46 60 2120 2179 2180
3468 2 2 46 60 2180 2121 2120
3469 2 2 46 60 2121 2180 2181
3470 2 2 46 60 2181 2122 2121
3471 2 2 46 60 2122 2181 2182
3472 2 2 46 60 2182 2123 2122
3473 2 2 46 60 2123 2182 2183
3474 2 2 46 60 2183 2124 2123
3475 2 2 46 60 2124 2183 2184
3476 2 2 46 60 2184 2125 2124
3477 2 2 46 60 2125 2184 345
3478 2 2 46 60 345 346 2125
3479 2 2 46 60 270 271 2185
3480 2 2 46 60 2185 2126 270
3481 2 2 46 60 2126 2185 2186
3482 2 2 46 60 2186 2127 2126
3483 2 2 46 60 2127 2186 2187
3484 2 2 46 60 2187 2128 2127
3485 2 2 46 60 2128 2187 2188
3486 2 2 46 60 2188 2129 2128
3487 2 2 46 60 2129 2188 2189
3488 2 2 46 60 2189 2130 2129
3489 2 2 46 60 2130 2189 2190
3490 2 2 46 60 2190 2131 2130
3491 2 2 46 60 2131 2190 2191
3492 2 2 46 60 2191 2132 2131
3493 2 2 46 60 2132 2191 2192
3494 2 2 46 60 2192 2133 2132
3495 2 2 46 60 2133 2192 2193
3496 2 2 46 60 2193 2134 2133
3497 2 2 46 60 2134 2193 2194
3498 2 2 46 60 2194 2135 2134
3499 2 2 46 60 2135 2194 2195
3500 2 2 46 60 2195 2136 2135
3501 2 2 46 60 2136 2195 2196
3502 2 2 46 60 2196 2137 2136
3503 2 2 46 60 2137 2196 2197
3504 2 2 46 60 2197 2138 2137
3505 2 2 46 60 2138 2197 2198
3506 2 2 46 60 2198 2139 2138
3507 2 2 46 60 2139 2198 2199
3508 2 2 46 60 2199 2140 2139
3509 2 2 46 60 2140 2199 2200
3510 2 2 46 60 2200 2141 2140
3511 2 2 46 60 2141 2200 2201
3512 2 2 46 60 2201 2142 2141
3513 2 2 46 60 2142 2201 2202
3514 2 2 46 60 2202 2143 2142
3515 2 2 46 60 2143 2202 2203
3516 2 2 46 60 2203 2144 2143
3517 2 2 46 60 2144 2203 2204
3518 2 2 46 60 2204 2145 2144
3519 2 2 46 60 2145 2204 2205
3520 2 2 46 60 2205 2146 2145
3521 2 2 46 60 2146 2205 2206
3522 2 2 46 60 2206 2147 2146
3523 2 2 46 60 2147 2206 2207
3524 2 2 46 60 2207 2148 2147
3525 2 2 46 60 2148 2207 2208
3526 2 2 46 60 2208 2149 2148
3527 2 2 46 60 2149 2208 2209
3528 2 2 46 60 2209 2150 2149
3529 2 2 46 60 2150 2209 2210
3530 2 2 46 60 2210 2151 2150
3531 2 2 46 60 2151 2210 2211
3532 2 2 46 60 2211 2152 2151
3533 2 2 46 60 2152 2211 2212
3534 2 2 46 60 2212 2153 2152
3535 2 2 46 60 2153 2212 2213
3536 2 2 46 60 2213 2154 2153
3537 2 2 46 60 2154 2213 2214
3538 2 2 46 60 2214 2155 2154
3539 2 2 46 60 2155 2214 2215
3540 2 2 46 60 2215 2156 2155
3541 2 2 46 60 2156 2215 2216
3542 2 2 46 60 2216 2157 2156
3543 2 2 46 60 2157 2216 2217
3544 2 2 46 60 2217 2158 2157
3545 2 2 46 60 2158 2217 2218
3546 2 2 46 60 2218 2159 2158
3547 2 2 46 60 2159 2218 2219
3548 2 2 46 60 2219 2160 2159
3549 2 2 46 60 2160 2219 2220
3550 2 2 46 60 2220 2161 2160
3551 2 2 46 60 2161 2220 2221
3552 2 2 46 60 2221 2162 2161
3553 2 2 46 60 2162 2221 2222
3554 2 2 46 60 2222 2163 2162
3555 2 2 46 60 2163 2222 2223
3556 2 2 46 60 2223 2164 2163
3557 2 2 46 60 2164 2223 2224
3558 2 2 46 60 2224 2165 2164
3559 2 2 46 60 2165 2224 2225
3560 2 2 46 60 2225 2166 2165
3561 2 2 46 60 2166 2225 2226
3562 2 2 46 60 2226 2167 2166
3563 2 2 46 60 2167 2226 2227
3564 2 2 46 60 2227 2168 2167
3565 2 2 46 60 2168 2227 2228
3566 2 2 46 60 2228 2169 2168
3567 2 2 46 60 2169 2228 2229
3568 2 2 46 60 2229 2170 2169
3569 2 2 46 60 2170 2229 2230
3570 2 2 46 60 2230 2171 2170
3571 2 2 46 60 2171 2230 2231
3572 2 2 46 60 2231 2172 2171
3573 2 2 46 60 2172 2231 2232
3574 2 2 46 60 2232 2173 2172
3575 2 2 46 60 2173 2232 2233
3576 2 2 46 60 2233 2174 2173
3577 2 2 46 60 2174 2233 2234
3578 2 2 46 60 2234 2175 2174
3579 2 2 46 60 2175 2234 2235
3580 2 2 46 60 2235 2176 2175
3581 2 2 46 60 2176 2235 2236
3582 2 2 46 60 2236 2177 2176
3583 2 2 46 60 2177 2236 2237
3584 2 2 46 60 2237 2178 2177
3585 2 2 46 60 2178 2237 2238
3586 2 2 46 60 2238 2179 2178
3587 2 2 46 60 2179 2238 2239
3588 2 2 46 60 2239 2180 2179
3589 2 2 46 60 2180 2239 2240
3590 2 2 46 60 2240 2181 2180
3591 2 2 46 60 2181 2240 2241
3592 2 2 46 60 2241 2182 2181
3593 2 2 46 60 2182 2241 2242
3594 2 2 46 60 2242 2183 2182
3595 2 2 46 60 2183 2242 2243
3596 2 2 46 60 2243 2184 2183
3597 2 2 46 60 2184 2243 344
3598 2 2 46 60 344 345 2184
3599 2 2 46 60 271 272 2244
3600 2 2 46 60 2244 2185 271
3601 2 2 46 60 2185 2244 2245
3602 2 2 46 60 2245 2186 2185
3603 2 2 46 60 2186 2245 2246
3604 2 2 46 60 2246 2187 2186
3605 2 2 46 60 2187 2246 2247
3606 2 2 46 60 2247 2188 2187
3607 2 2 46 60 2188 2247 2248
3608 2 2 46 60 2248 2189 2188
3609 2 2 46 60 2189 2248 2249
3610 2 2 46 60 2249 2190 2189
3611 2 2 46 60 2190 2249 2250
3612 2 2 46 60 2250 2191 2190
3613 2 2 46 60 2191 2250 2251
3614 2 2 46 60 2251 2192 2191
3615 2 2 46 60 2192 2251 2252
3616 2 2 46 60 2252 2193 2192
3617 2 2 46 60 2193 2252 2253
3618 2 2 46 60 2253 2194 2193
3619 2 2 46 60 2194 2253 2254
3620 2 2 46 60 2254 2195 2194
3621 2 2 46 60 2195 2254 2255
3622 2 2 46 60 2255 2196 2195
3623 2 2 46 60 2196 2255 2256
3624 2 2 46 60 2256 2197 2196
3625 2 2 46 60 2197 2256 2257
3626 2 2 46 60 2257 2198 2197
3627 2 2 46 60 2198 2257 2258
3628 2 2 46 60 2258 2199 2198
3629 2 2 46 60 2199 2258 2259
3630 2 2 46 60 2259 2200 2199
3631 2 2 46 60 2200 2259 2260
3632 2 2 46 60 2260 2201 2200
3633 2 2 46 60 2201 2260 2261
3634 2 2 46 60 2261 2202 2201
3635 2 2 46 60 2202 2261 2262
3636 2 2 46 60 2262 2203 2202
3637 2 2 46 60 2203 2262 2263
3638 2 2 46 60 2263 2204 2203
3639 2 2 46 60 2204 2263 2264
3640 2 2 46 60 2264 2205 2204
3641 2 2 46 60 2205 2264 2265
3642 2 2 46 60 2265 2206 2205
3643 2 2 46 60 2206 2265 2266
3644 2 2 46 60 2266 2207 2206
3645 2 2 46 60 2207 2266 2267
3646 2 2 46 60 2267 2208 2207
3647 2 2 46 60 2208 2267 2268
3648 2 2 46 60 2268 2209 2208
3649 2 2 46 60 2209 2268 2269
3650 2 2 46 60 2269 2210 2209
3651 2 2 46 60 2210 2269 2270
3652 2 2 46 60 2270 2211 2210
3653 2 2 46 60 2211 2270 2271
3654 2 2 46 60 2271 2212 2211
3655 2 2 46 60 2212 2271 2272
3656 2 2 46 60 2272 2213 2212
3657 2 2 46 60 2213 2272 2273
3658 2 2 46 60 2273 2214 2213
3659 2 2 46 60 2214 2273 2274
3660 2 2 46 60 2274 2215 2214
3661 2 2 46 60 2215 2274 2275
3662 2 2 46 60 2275 2216 2215
3663 2 2 46 60 2216 2275 2276
3664 2 2 46 60 2276 2217 2216
3665 2 2 46 60 2217 2276 2277
3666 2 2 46 60 2277 2218 2217
3667 2 2 46 60 2218 2277 2278
3668 2 2 46 60 2278 2219 2218
3669 2 2 46 60 2219 2278 2279
3670 2 2 46 60 2279 2220 2219
3671 2 2 46 60 2220 2279 2280
3672 2 2 46 60 2280 2221 2220
3673 2 2 46 60 2221 2280 2281
3674 2 2 46 60 2281 2222 2221
3675 2 2 46 60 2222 2281 2282
3676 2 2 46 60 2282 2223 2222
3677 2 2 46 60 2223 2282 2283
3678 2 2 46 60 2283 2224 2223
3679 2 2 46 60 2224 2283 2284
3680 2 2 46 60 2284 2225 2224
3681 2 2 46 60 2225 2284 2285
3682 2 2 46 60 2285 2226 2225
3683 2 2 46 60 2226 2285 2286
3684 2 2 46 60 2286 2227 2226
3685 2 2 46 60 2227 2286 2287
3686 2 2 46 60 2287 2228 2227
3687 2 2 46 60 2228 2287 2288
3688 2 2 46 60 2288 2229 2228
3689 2 2 46 60 2229 2288 2289
3690 2 2 46 60 2289 2230 2229
3691 2 2 46 60 2230 2289 2290
3692 2 2 46 60 2290 2231 2230
3693 2 2 46 60 2231 2290 2291
3694 2 2 46 60 2291 2232 2231
3695 2 2 46 60 2232 2291 2292
3696 2 2 46 60 2292 2233 2232
3697 2 2 46 60 2233 2292 2293
3698 2 2 46 60 2293 2234 2233
3699 2 2 46 60 2234 2293 2294
3700 2 2 46 60 2294 2235 2234
3701 2 2 46 60 2235 2294 2295
3702 2 2 46 60 2295 2236 2235
3703 2 2 46 60 2236 2295 2296
3704 2 2 46 60 2296 2237 2236
3705 2 2 46 60 2237 2296 2297
3706 2 2 46 60 2297 2238 2237
3707 2 2 46 60 2238 2297 2298
3708 2 2 46 60 2298 2239 2238
3709 2 2 46 60 2239 2298 2299
3710 2 2 46 60 2299 2240 2239
3711 2 2 46 60 2240 2299 2300
3712 2 2 46 60 2300 2241 2240
3713 2 2 46 60 2241 2300 2301
3714 2 2 46 60 2301 2242 2241
3715 2 2 46 60 2242 2301 2302
3716 2 2 46 60 2302 2243 2242
3717 2 2 46 60 2243 2302 343
3718 2 2 46 60 343 344 2243
3719 2 2 46 60 272 273 2303
3720 2 2 46 60 2303 2244 272
3721 2 2 46 60 2244 2303 2304
3722 2 2 46 60 2304 2245 2244
3723 2 2 46 60 2245 2304 2305
3724 2 2 46 60 2305 2246 2245
3725 2 2 46 60 2246 2305 2306
3726 2 2 46 60 2306 2247 2246
3727 2 2 46 60 2247 2306 2307
3728 2 2 46 60 2307 2248 2247
3729 2 2 46 60 2248 2307 2308
3730 2 2 46 60 2308 2249 2248
3731 2 2 46 60 2249 2308 2309
3732 2 2 46 60 2309 2250 2249
3733 2 2 46 60 2250 2309 2310
3734 2 2 46 60 2310 2251 2250
3735 2 2 46 60 2251 2310 2311
3736 2 2 46 60 2311 2252 2251
3737 2 2 46 60 2252 2311 2312
3738 2 2 46 60 2312 2253 2252
3739 2 2 46 60 2253 2312 2313
3740 2 2 46 60 2313 2254 2253
3741 2 2 46 60 2254 2313 2314
3742 2 2 46 60 2314 2255 2254
3743 2 2 46 60 2255 2314 2315
3744 2 2 46 60 2315 2256 2255
3745 2 2 46 60 2256 2315 2316
3746 2 2 46 60 2316 2257 2256
3747 2 2 46 60 2257 2316 2317
3748 2 2 46 60 2317 2258 2257
3749 2 2 46 60 2258 2317 2318
3750 2 2 46 60 2318 2259 2258
3751 2 2 46 60 2259 2318 2319
3752 2 2 46 60 2319 2260 2259
3753 2 2 46 60 2260 2319 2320
3754 2 2 46 60 2320 2261 2260
3755 2 2 46 60 2261 2320 2321
3756 2 2 46 60 2321 2262 2261
3757 2 2 46 60 2262 2321 2322
3758 2 2 46 60 2322 2263 2262
3759 2 2 46 60 2263 2322 2323
3760 2 2 46 60 2323 2264 2263
3761 2 2 46 60 2264 2323 2324
3762 2 2 46 60 2324 2265 2264
3763 2 2 46 60 2265 2324 2325
3764 2 2 46 60 2325 2266 2265
3765 2 2 46 60 2266 2325 2326
3766 2 2 46 60 2326 2267 2266
3767 2 2 46 60 2267 2326 2327
3768 2 2 46 60 2327 2268 2267
3769 2 2 46 60 2268 2327 2328
3770 2 2 46 60 2328 2269 2268
3771 2 2 46 60 2269 2328 2329
3772 2 2 46 60 2329 2270 2269
3773 2 2 46 60 2270 2329 2330
3774 2 2 46 60 2330 2271 2270
3775 2 2 46 60 2271 2330 2331
3776 2 2 46 60 2331 2272 2271
3777 2 2 46 60 2272 2331 2332
3778 2 2 46 60 2332 2273 2272
3779 2 2 46 60 2273 2332 2333
3780 2 2 46 60 2333 2274 2273
3781 2 2 46 60 2274 2333 2334
3782 2 2 46 60 2334 2275 2274
3783 2 2 46 60 2275 2334 2335
3784 2 2 46 60 2335 2276 2275
3785 2 2 46 60 2276 2335 2336
3786 2 2 46 60 2336 2277 2276
3787 2 2 46 60 2277 2336 2337
3788 2 2 46 60 2337 2278 2277
3789 2 2 46 60 2278 2337 2338
3790 2 2 46 60 2338 2279 2278
3791 2 2 46 60 2279 2338 2339
3792 2 2 46 60 2339 2280 2279
3793 2 2 46 60 2280 2339 2340
3794 2 2 46 60 2340 2281 2280
3795 2 2 46 60 2281 2340 2341
3796 2 2 46 60 2341 2282 2281
3797 2 2 46 60 2282 2341 2342
3798 2 2 46 60 2342 2283 2282
3799 2 2 46 60 2283 2342 2343
3800 2 2 46 60 2343 2284 2283
3801 2 2 46 60 2284 2343 2344
3802 2 2 46 60 2344 2285 2284
3803 2 2 46 60 2285 2344 2345
3804 2 2 46 60 2345 2286 2285
3805 2 2 46 60 2286 2345 2346
3806 2 2 46 60 2346 2287 2286
3807 2 2 46 60 2287 2346 2347
3808 2 2 46 60 2347 2288 2287
3809 2 2 46 60 2288 2347 2348
3810 2 2 46 60 2348 2289 2288
3811 2 2 46 60 2289 2348 2349
3812 2 2 46 60 2349 2290 2289
3813 2 2 46 60 2290 2349 2350
3814 2 2 46 60 2350 2291 2290
3815 2 2 46 60 2291 2350 2351
3816 2 2 46 60 2351 2292 2291
3817 2 2 46 60 2292 2351 2352
3818 2 2 46 60 2352 2293 2292
3819 2 2 46 60 2293 2352 2353
3820 2 2 46 60 2353 2294 2293
3821 2 2 46 60 2294 2353 2354
3822 2 2 46 60 2354 2295 2294
3823 2 2 46 60 2295 2354 2355
3824 2 2 46 60 2355 2296 2295
3825 2 2 46 60 2296 2355 2356
3826 2 2 46 60 2356 2297 2296
3827 2 2 46 60 2297 2356 2357
3828 2 2 46 60 2357 2298 2297
3829 2 2 46 60 2298 2357 2358
3830 2 2 46 60 2358 2299 2298
3831 2 2 46 60 2299 2358 2359
3832 2 2 46 60 2359 2300 2299
3833 2 2 46 60 2300 2359 2360
3834 2 2 46 60 2360 2301 2300
3835 2 2 46 60 2301 2360 2361
3836 2 2 46 60 2361 2302 2301
3837 2 2 46 60 2302 2361 342
3838 2 2 46 60 342 343 2302
3839 2 2 46 60 273 274 2362
3840 2 2 46 60 2362 2303 273
3841 2 2 46 60 2303 2362 2363
3842 2 2 46 60 2363 2304 2303
3843 2 2 46 60 2304 2363 2364
3844 2 2 46 60 2364 2305 2304
3845 2 2 46 60 2305 2364 2365
3846 2 2 46 60 2365 2306 2305
3847 2 2 46 60 2306 2365 2366
3848 2 2 46 60 2366 2307 2306
3849 2 2 46 60 2307 2366 2367
3850 2 2 46 60 2367 2308 2307
3851 2 2 46 60 2308 2367 2368
3852 2 2 46 60 2368 2309 2308
3853 2 2 46 60 2309 2368 2369
3854 2 2 46 60 2369 2310 2309
3855 2 2 46 60 2310 2369 2370
3856 2 2 46 60 2370 2311 2310
3857 2 2 46 60 2311 2370 2371
3858 2 2 46 60 2371 2312 2311
3859 2 2 46 60 2312 2371 2372
3860 2 2 46 60 2372 2313 2312
3861 2 2 46 60 2313 2372 2373
3862 2 2 46 60 2373 2314 2313
3863 2 2 46 60 2314 2373 2374
3864 2 2 46 60 2374 2315 2314
3865 2 2 46 60 2315 2374 2375
3866 2 2 46 60 2375 2316 2315
3867 2 2 46 60 2316 2375 2376
3868 2 2 46 60 2376 2317 2316
3869 2 2 46 60 2317 2376 2377
3870 2 2 46 60 2377 2318 2317
3871 2 2 46 60 2318 2377 2378
3872 2 2 46 60 2378 2319 2318
3873 2 2 46 60 2319 2378 2379
3874 2 2 46 60 2379 2320 2319
3875 2 2 46 60 2320 2379 2380
3876 2 2 46 60 2380 2321 2320
3877 2 2 46 60 2321 2380 2381
3878 2 2 46 60 2381 2322 2321
3879 2 2 46 60 2322 2381 2382
3880 2 2 46 60 2382 2323 2322
3881 2 2 46 60 2323 2382 2383
3882 2 2 46 60 2383 2324 2323
3883 2 2 46 60 2324 2383 2384
3884 2 2 46 60 2384 2325 2324
3885 2 2 46 60 2325 2384 2385
3886 2 2 46 60 2385 2326 2325
3887 2 2 46 60 2326 2385 2386
3888 2 2 46 60 2386 2327 2326
3889 2 2 46 60 2327 2386 2387
3890 2 2 46 60 2387 2328 2327
3891 2 2 46 60 2328 2387 2388
3892 2 2 46 60 2388 2329 2328
3893 2 2 46 60 2329 2388 2389
3894 2 2 46 60 2389 2330 2329
3895 2 2 46 60 2330 2389 2390
3896 2 2 46 60 2390 2331 2330
3897 2 2 46 60 2331 2390 2391
3898 2 2 46 60 2391 2332 2331
3899 2 2 46 60 2332 2391 2392
3900 2 2 46 60 2392 2333 2332
3901 2 2 46 60 2333 2392 2393
3902 2 2 46 60 2393 2334 2333
3903 2 2 46 60 2334 2393 2394
3904 2 2 46 60 2394 2335 2334
3905 2 2 46 60 2335 2394 2395
3906 2 2 46 60 2395 2336 2335
3907 2 2 46 60 2336 2395 2396
3908 2 2 46 60 2396 2337 2336
3909 2 2 46 60 2337 2396 2397
3910 2 2 46 60 2397 2338 2337
3911 2 2 46 60 2338 2397 2398
3912 2 2 46 60 2398 2339 2338
3913 2 2 46 60 2339 2398 2399
3914 2 2 46 60 2399 2340 2339
3915 2 2 46 60 2340 2399 2400
3916 2 2 46 60 2400 2341 2340
3917 2 2 46 60 2341 2400 2401
3918 2 2 46 60 2401 2342 2341
3919 2 2 46 60 2342 2401 2402
3920 2 2 46 60 2402 2343 2342
3921 2 2 46 60 2343 2402 2403
3922 2 2 46 60 2403 2344 2343
3923 2 2 46 60 2344 2403 2404
3924 2 2 46 60 2404 2345 2344
3925 2 2 46 60 2345 2404 2405
3926 2 2 46 60 2405 2346 2345
3927 2 2 46 60 2346 2405 2406
3928 2 2 46 60 2406 2347 2346
3929 2 2 46 60 2347 2406 2407
3930 2 2 46 60 2407 2348 2347
3931 2 2 46 60 2348 2407 2408
3932 2 2 46 60 2408 2349 2348
3933 2 2 46 60 2349 2408 2409
3934 2 2 46 60 2409 2350 2349
3935 2 2 46 60 2350 2409 2410
3936 2 2 46 60 2410 2351 2350
3937 2 2 46 60 2351 2410 2411
3938 2 2 46 60 2411 2352 2351
3939 2 2 46 60 2352 2411 2412
3940 2 2 46 60 2412 2353 2352
3941 2 2 46 60 2353 2412 2413
3942 2 2 46 60 2413 2354 2353
3943 2 2 46 60 2354 2413 2414
3944 2 2 46 60 2414 2355 2354
3945 2 2 46 60 2355 2414 2415
3946 2 2 46 60 2415 2356 2355
3947 2 2 46 60 2356 2415 2416
3948 2 2 46 60 2416 2357 2356
3949 2 2 46 60 2357 2416 2417
3950 2 2 46 60 2417 2358 2357
3951 2 2 46 60 2358 2417 2418
3952 2 2 46 60 2418 2359 2358
3953 2 2 46 60 2359 2418 2419
3954 2 2 46 60 2419 2360 2359
3955 2 2 46 60 2360 2419 2420
3956 2 2 46 60 2420 2361 2360
3957 2 2 46 60 2361 2420 341
3958 2 2 46 60 341 342 2361
3959 2 2 46 60 274 275 2421
3960 2 2 46 60 2421 2362 274
3961 2 2 46 60 2362 2421 2422
3962 2 2 46 60 2422 2363 2362
3963 2 2 46 60 2363 2422 2423
3964 2 2 46 60 2423 2364 2363
3965 2 2 46 60 2364 2423 2424
3966 2 2 46 60 2424 2365 2364
3967 2 2 46 60 2365 2424 2425
3968 2 2 46 60 2425 2366 2365
3969 2 2 46 60 2366 2425 2426
3970 2 2 46 60 2426 2367 2366
3971 2 2 46 60 2367 2426 2427
3972 2 2 46 60 2427 2368 2367
3973 2 2 46 60 2368 2427 2428
3974 2 2 46 60 2428 2369 2368
3975 2 2 46 60 2369 2428 2429
3976 2 2 46 60 2429 2370 2369
3977 2 2 46 60 2370 2429 2430
3978 2 2 46 60 2430 2371 2370
3979 2 2 46 60 2371 2430 2431
3980 2 2 46 60 2431 2372 2371
3981 2 2 46 60 2372 2431 2432
3982 2 2 46 60 2432 2373 2372
3983 2 2 46 60 2373 2432 2433
3984 2 2 46 60 2433 2374 2373
3985 2 2 46 60 2374 2433 2434
3986 2 2 46 60 2434 2375 2374
3987 2 2 46 60 2375 2434 2435
3988 2 2 46 60 2435 2376 2375
3989 2 2 46 60 2376 2435 2436
3990 2 2 46 60 2436 2377 2376
3991 2 2 46 60 2377 2436 2437
3992 2 2 46 60 2437 2378 2377
3993 2 2 46 60 2378 2437 2438
3994 2 2 46 60 2438 2379 2378
3995 2 2 46 60 2379 2438 2439
3996 2 2 46 60 2439 2380 2379
3997 2 2 46 60 2380 2439 2440
3998 2 2 46 60 2440 2381 2380
3999 2 2 46 60 2381 2440 2441
4000 2 2 46 60 2441 2382 2381
4001 2 2 46 60 2382 2441 2442
4002 2 2 46 60 2442 2383 2382
4003 2 2 46 60 2383 2442 2443
4004 2 2 46 60 2443 2384 2383
4005 2 2 46 60 2384 2443 2444
4006 2 2 46 60 2444 2385 2384
4007 2 2 46 60 2385 2444 2445
4008 2 2 46 60 2445 2386 2385
4009 2 2 46 60 2386 2445 2446
4010 2 2 46 60 2446 2387 2386
4011 2 2 46 60 2387 2446 2447
4012 2 2 46 60 2447 2388 2387
4013 2 2 46 60 2388 2447 2448
4014 2 2 46 60 2448 2389 2388
4015 2 2 46 60 2389 2448 2449
4016 2 2 46 60 2449 2390 2389
4017 2 2 46 60 2390 2449 2450
4018 2 2 46 60 2450 2391 2390
4019 2 2 46 60 2391 2450 2451
4020 2 2 46 60 2451 2392 2391
4021 2 2 46 60 2392 2451 2452
4022 2 2 46 60 2452 2393 2392
4023 2 2 46 60 2393 2452 2453
4024 2 2 46 60 2453 2394 2393
4025 2 2 46 60 2394 2453 2454
4026 2 2 46 60 2454 2395 2394
4027 2 2 46 60 2395 2454 2455
4028 2 2 46 60 2455 2396 2395
4029 2 2 46 60 2396 2455 2456
4030 2 2 46 60 2456 2397 2396
4031 2 2 46 60 2397 2456 2457
4032 2 2 46 60 2457 2398 2397
4033 2 2 46 60 2398 2457 2458
4034 2 2 46 60 2458 2399 2398
4035 2 2 46 60 2399 2458 2459
4036 2 2 46 60 2459 2400 2399
4037 2 2 46 60 2400 2459 2460
4038 2 2 46 60 2460 2401 2400
4039 2 2 46 60 2401 2460 2461
4040 2 2 46 60 2461 2402 2401
4041 2 2 46 60 2402 2461 2462
4042 2 2 46 60 2462 2403 2402
4043 2 2 46 60 2403 2462 2463
4044 2 2 46 60 2463 2404 2403
4045 2 2 46 60 2404 2463 2464
4046 2 2 46 60 2464 2405 2404
4047 2 2 46 60 2405 2464 2465
4048 2 2 46 60 2465 2406 2405
4049 2 2 46 60 2406 2465 2466
4050 2 2 46 60 2466 2407 2406
4051 2 2 46 60 2407 2466 2467
4052 2 2 46 60 2467 2408 2407
4053 2 2 46 60 2408 2467 2468
4054 2 2 46 60 2468 2409 2408
4055 2 2 46 60 2409 2468 2469
4056 2 2 46 60 2469 2410 2409
4057 2 2 46 60 2410 2469 2470
4058 2 2 46 60 2470 2411 2410
4059 2 2 46 60 2411 2470 2471
4060 2 2 46 60 2471 2412 2411
4061 2 2 46 60 2412 2471 2472
4062 2 2 46 60 2472 2413 2412
4063 2 2 46 60 2413 2472 2473
4064 2 2 46 60 2473 2414 2413
4065 2 2 46 60 2414 2473 2474
4066 2 2 46 60 2474 2415 2414
4067 2 2 46 60 2415 2474 2475
4068 2 2 46 60 2475 2416 2415
4069 2 2 46 60 2416 2475 2476
4070 2 2 46 60 2476 2417 2416
4071 2 2 46 60 2417 2476 2477
4072 2 2 46 60 2477 2418 2417
4073 2 2 46 60 2418 2477 2478
4074 2 2 46 60 2478 2419 2418
4075 2 2 46 60 2419 2478 2479
4076 2 2 46 60 2479 2420 2419
4077 2 2 46 60 2420 2479 340
4078 2 2 46 60 340 341 2420
4079 2 2 46 60 275 276 2480
4080 2 2 46 60 2480 2421 275
4081 2 2 46 60 2421 2480 2481
4082 2 2 46 60 2481 2422 2421
4083 2 2 46 60 2422 2481 2482
4084 2 2 46 60 2482 2423 2422
4085 2 2 46 60 2423 2482 2483
4086 2 2 46 60 2483 2424 2423
4087 2 2 46 60 2424 2483 2484
4088 2 2 46 60 2484 2425 2424
4089 2 2 46 60 2425 2484 2485
4090 2 2 46 60 2485 2426 2425
4091 2 2 46 60 2426 2485 2486
4092 2 2 46 60 2486 2427 2426
4093 2 2 46 60 2427 2486 2487
4094 2 2 46 60 2487 2428 2427
4095 2 2 46 60 2428 2487 2488
4096 2 2 46 60 2488 2429 2428
4097 2 2 46 60 2429 2488 2489
4098 2 2 46 60 2489 2430 2429
4099 2 2 46 60 2430 2489 2490
4100 2 2 46 60 2490 2431 2430
4101 2 2 46 60 2431 2490 2491
4102 2 2 46 60 2491 2432 2431
4103 2 2 46 60 2432 2491 2492
4104 2 2 46 60 2492 2433 2432
4105 2 2 46 60 2433 2492 2493
4106 2 2 46 60 2493 2434 2433
4107 2 2 46 60 2434 2493 2494
4108 2 2 46 60 2494 2435 2434
4109 2 2 46 60 2435 2494 2495
4110 2 2 46 60 2495 2436 2435
4111 2 2 46 60 2436 2495 2496
4112 2 2 46 60 2496 2437 2436
4113 2 2 46 60 2437 2496 2497
4114 2 2 46 60 2497 2438 2437
4115 2 2 46 60 2438 2497 2498
4116 2 2 46 60 2498 2439 2438
4117 2 2 46 60 2439 2498 2499
4118 2 2 46 60 2499 2440 2439
4119 2 2 46 60 2440 2499 2500
4120 2 2 46 60 2500 2441 2440
4121 2 2 46 60 2441 2500 2501
4122 2 2 46 60 2501 2442 2441
4123 2 2 46 60 2442 2501 2502
4124 2 2 46 60 2502 2443 2442
4125 2 2 46 60 2443 2502 2503
4126 2 2 46 60 2503 2444 2443
4127 2 2 46 60 2444 2503 2504
4128 2 2 46 60 2504 2445 2444
4129 2 2 46 60 2445 2504 2505
4130 2 2 46 60 2505 2446 2445
4131 2 2 46 60 2446 2505 2506
4132 2 2 46 60 2506 2447 2446
4133 2 2 46 60 2447 2506 2507
4134 2 2 46 60 2507 2448 2447
4135 2 2 46 60 2448 2507 2508
4136 2 2 46 60 2508 2449 2448
4137 2 2 46 60 2449 2508 2509
4138 2 2 46 60 2509 2450 2449
4139 2 2 46 60 2450 2509 2510
4140 2 2 46 60 2510 2451 2450
4141 2 2 46 60 2451 2510 2511
4142 2 2 46 60 2511 2452 2451
4143 2 2 46 60 2452 2511 2512
4144 2 2 46 60 2512 2453 2452
4145 2 2 46 60 2453 2512 2513
4146 2 2 46 60 2513 2454 2453
4147 2 2 46 60 2454 2513 2514
4148 2 2 46 60 2514 2455 2454
4149 2 2 46 60 2455 2514 2515
4150 2 2 46 60 2515 2456 2455
4151 2 2 46 60 2456 2515 2516
4152 2 2 46 60 2516 2457 2456
4153 2 2 46 60 2457 2516 2517
4154 2 2 46 60 2517 2458 2457
4155 2 2 46 60 2458 2517 2518
4156 2 2 46 60 2518 2459 2458
4157 2 2 46 60 2459 2518 2519
4158 2 2 46 60 2519 2460 2459
4159 2 2 46 60 2460 2519 2520
4160 2 2 46 60 2520 2461 2460
4161 2 2 46 60 2461 2520 2521
4162 2 2 46 60 2521 2462 2461
4163 2 2 46 60 2462 2521 2522
4164 2 2 46 60 2522 2463 2462
4165 2 2 46 60 2463 2522 2523
4166 2 2 46 60 2523 2464 2463
4167 2 2 46 60 2464 2523 2524
4168 2 2 46 60 2524 2465 2464
4169 2 2 46 60 2465 2524 2525
4170 2 2 46 60 2525 2466 2465
4171 2 2 46 60 2466 2525 2526
4172 2 2 46 60 2526 2467 2466
4173 2 2 46 60 2467 2526 2527
4174 2 2 46 60 2527 2468 2467
4175 2 2 46 60 2468 2527 2528
4176 2 2 46 60 2528 2469 2468
4177 2 2 46 60 2469 2528 2529
4178 2 2 46 60 2529 2470 2469
4179 2 2 46 60 2470 2529 2530
4180 2 2 46 60 2530 2471 2470
4181 2 2 46 60 2471 2530 2531
4182 2 2 46 60 2531 2472 2471
4183 2 2 46 60 2472 2531 2532
4184 2 2 46 60 2532 2473 2472
4185 2 2 46 60 2473 2532 2533
4186 2 2 46 60 2533 2474 2473
4187 2 2 46 60 2474 2533 2534
4188 2 2 46 60 2534 2475 2474
4189 2 2 46 60 2475 2534 2535
4190 2 2 46 60 2535 2476 2475
4191 2 2 46 60 2476 2535 2536
4192 2 2 46 60 2536 2477 2476
4193 2 2 46 60 2477 2536 2537
4194 2 2 46 60 2537 2478 2477
4195 2 2 46 60 2478 2537 2538
4196 2 2 46 60 2538 2479 2478
4197 2 2 46 60 2479 2538 339
4198 2 2 46 60 339 340 2479
4199 2 2 46 60 276 277 2539
4200 2 2 46 60 2539 2480 276
4201 2 2 46 60 2480 2539 2540
4202 2 2 46 60 2540 2481 2480
4203 2 2 46 60 2481 2540 2541
4204 2 2 46 60 2541 2482 2481
4205 2 2 46 60 2482 2541 2542
4206 2 2 46 60 2542 2483 2482
4207 2 2 46 60 2483 2542 2543
4208 2 2 46 60 2543 2484 2483
4209 2 2 46 60 2484 2543 2544
4210 2 2 46 60 2544 2485 2484
4211 2 2 46 60 2485 2544 2545
4212 2 2 46 60 2545 2486 2485
4213 2 2 46 60 2486 2545 2546
4214 2 2 46 60 2546 2487 2486
4215 2 2 46 60 2487 2546 2547
4216 2 2 46 60 2547 2488 2487
4217 2 2 46 60 2488 2547 2548
4218 2 2 46 60 2548 2489 2488
4219 2 2 46 60 2489 2548 2549
4220 2 2 46 60 2549 2490 2489
4221 2 2 46 60 2490 2549 2550
4222 2 2 46 60 2550 2491 2490
4223 2 2 46 60 2491 2550 2551
4224 2 2 46 60 2551 2492 2491
4225 2 2 46 60 2492 2551 2552
4226 2 2 46 60 2552 2493 2492
4227 2 2 46 60 2493 2552 2553
4228 2 2 46 60 2553 2494 2493
4229 2 2 46 60 2494 2553 2554
4230 2 2 46 60 2554 2495 2494
4231 2 2 46 60 2495 2554 2555
4232 2 2 46 60 2555 2496 2495
4233 2 2 46 60 2496 2555 2556
4234 2 2 46 60 2556 2497 2496
4235 2 2 46 60 2497 2556 2557
4236 2 2 46 60 2557 2498 2497
4237 2 2 46 60 2498 2557 2558
4238 2 2 46 60 2558 2499 2498
4239 2 2 46 60 2499 2558 2559
4240 2 2 46 60 2559 2500 2499
4241 2 2 46 60 2500 2559 2560
4242 2 2 46 60 2560 2501 2500
4243 2 2 46 60 2501 2560 2561
4244 2 2 46 60 2561 2502 2501
4245 2 2 46 60 2502 2561 2562
4246 2 2 46 60 2562 2503 2502
4247 2 2 46 60 2503 2562 2563
4248 2 2 46 60 2563 2504 2503
4249 2 2 46 60 2504 2563 2564
4250 2 2 46 60 2564 2505 2504
4251 2 2 46 60 2505 2564 2565
4252 2 2 46 60 2565 2506 2505
4253 2 2 46 60 2506 2565 2566
4254 2 2 46 60 2566 2507 2506
4255 2 2 46 60 2507 2566 2567
4256 2 2 46 60 2567 2508 2507
4257 2 2 46 60 2508 2567 2568
4258 2 2 46 60 2568 2509 2508
4259 2 2 46 60 2509 2568 2569
4260 2 2 46 60 2569 2510 2509
4261 2 2 46 60 2510 2569 2570
4262 2 2 46 60 2570 2511 2510
4263 2 2 46 60 2511 2570 2571
4264 2 2 46 60 2571 2512 2511
4265 2 2 46 60 2512 2571 2572
4266 2 2 46 60 2572 2513 2512
4267 2 2 46 60 2513 2572 2573
4268 2 2 46 60 2573 2514 2513
4269 2 2 46 60 2514 2573 2574
4270 2 2 46 60 2574 2515 2514
4271 2 2 46 60 2515 2574 2575
4272 2 2 46 60 2575 2516 2515
4273 2 2 46 60 2516 2575 2576
4274 2 2 46 60 2576 2517 2516
4275 2 2 46 60 2517 2576 2577
4276 2 2 46 60 2577 2518 2517
4277 2 2 46 60 2518 2577 2578
4278 2 2 46 60 2578 2519 2518
4279 2 2 46 60 2519 2578 2579
4280 2 2 46 60 2579 2520 2519
4281 2 2 46 60 2520 2579 2580
4282 2 2 46 60 2580 2521 2520
4283 2 2 46 60 2521 2580 2581
4284 2 2 46 60 2581 2522 2521
4285 2 2 46 60 2522 2581 2582
4286 2 2 46 60 2582 2523 2522
4287 2 2 46 60 2523 2582 2583
4288 2 2 46 60 2583 2524 2523
4289 2 2 46 60 2524 2583 2584
4290 2 2 46 60 2584 2525 2524
4291 2 2 46 60 2525 2584 2585
4292 2 2 46 60 2585 2526 2525
4293 2 2 46 60 2526 2585 2586
4294 2 2 46 60 2586 2527 2526
4295 2 2 46 60 2527 2586 2587
4296 2 2 46 60 2587 2528 2527
4297 2 2 46 60 2528 2587 2588
4298 2 2 46 60 2588 2529 2528
4299 2 2 46 60 2529 2588 2589
4300 2 2 46 60 2589 2530 2529
4301 2 2 46 60 2530 2589 2590
4302 2 2 46 60 2590 2531 2530
4303 2 2 46 60 2531 2590 2591
4304 2 2 46 60 2591 2532 2531
4305 2 2 46 60 2532 2591 2592
4306 2 2 46 60 2592 2533 2532
4307 2 2 46 60 2533 2592 2593
4308 2 2 46 60 2593 2534 2533
4309 2 2 46 60 2534 2593 2594
4310 2 2 46 60 2594 2535 2534
4311 2 2 46 60 2535 2594 2595
4312 2 2 46 60 2595 2536 2535
4313 2 2 46 60 2536 2595 2596
4314 2 2 46 60 2596 2537 2536
4315 2 2 46 60 2537 2596 2597
4316 2 2 46 60 2597 2538 2537
4317 2 2 46 60 2538 2597 338
4318 2 2 46 60 338 339 2538
4319 2 2 46 60 277 278 2598
4320 2 2 46 60 2598 2539 277
4321 2 2 46 60 2539 2598 2599
4322 2 2 46 60 2599 2540 2539
4323 2 2 46 60 2540 2599 2600
4324 2 2 46 60 2600 2541 2540
4325 2 2 46 60 2541 2600 2601
4326 2 2 46 60 2601 2542 2541
4327 2 2 46 60 2542 2601 2602
4328 2 2 46 60 2602 2543 2542
4329 2 2 46 60 2543 2602 2603
4330 2 2 46 60 2603 2544 2543
4331 2 2 46 60 2544 2603 2604
4332 2 2 46 60 2604 2545 2544
4333 2 2 46 60 2545 2604 2605
4334 2 2 46 60 2605 2546 2545
4335 2 2 46 60 2546 2605 2606
4336 2 2 46 60 2606 2547 2546
4337 2 2 46 60 2547 2606 2607
4338 2 2 46 60 2607 2548 2547
4339 2 2 46 60 2548 2607 2608
4340 2 2 46 60 2608 2549 2548
4341 2 2 46 60 2549 2608 2609
4342 2 2 46 60 2609 2550 2549
4343 2 2 46 60 2550 2609 2610
4344 2 2 46 60 2610 2551 2550
4345 2 2 46 60 2551 2610 2611
4346 2 2 46 60 2611 2552 2551
4347 2 2 46 60 2552 2611 2612
4348 2 2 46 60 2612 2553 2552
4349 2 2 46 60 2553 2612 2613
4350 2 2 46 60 2613 2554 2553
4351 2 2 46 60 2554 2613 2614
4352 2 2 46 60 2614 2555 2554
4353 2 2 46 60 2555 2614 2615
4354 2 2 46 60 2615 2556 2555
4355 2 2 46 60 2556 2615 2616
4356 2 2 46 60 2616 2557 2556
4357 2 2 46 60 2557 2616 2617
4358 2 2 46 60 2617 2558 2557
4359 2 2 46 60 2558 2617 2618
4360 2 2 46 60 2618 2559 2558
4361 2 2 46 60 2559 2618 2619
4362 2 2 46 60 2619 2560 2559
4363 2 2 46 60 2560 2619 2620
4364 2 2 46 60 2620 2561 2560
4365 2 2 46 60 2561 2620 2621
4366 2 2 46 60 2621 2562 2561
4367 2 2 46 60 2562 2621 2622
4368 2 2 46 60 2622 2563 2562
4369 2 2 46 60 2563 2622 2623
4370 2 2 46 60 2623 2564 2563
4371 2 2 46 60 2564 2623 2624
4372 2 2 46 60 2624 2565 2564
4373 2 2 46 60 2565 2624 2625
4374 2 2 46 60 2625 2566 2565
4375 2 2 46 60 2566 2625 2626
4376 2 2 46 60 2626 2567 2566
4377 2 2 46 60 2567 2626 2627
4378 2 2 46 60 2627 2568 2567
4379 2 2 46 60 2568 2627 2628
4380 2 2 46 60 2628 2569 2568
4381 2 2 46 60 2569 2628 2629
4382 2 2 46 60 2629 2570 2569
4383 2 2 46 60 2570 2629 2630
4384 2 2 46 60 2630 2571 2570
4385 2 2 46 60 2571 2630 2631
4386 2 2 46 60 2631 2572 2571
4387 2 2 46 60 2572 2631 2632
4388 2 2 46 60 2632 2573 2572
4389 2 2 46 60 2573 2632 2633
4390 2 2 46 60 2633 2574 2573
4391 2 2 46 60 2574 2633 2634
4392 2 2 46 60 2634 2575 2574
4393 2 2 46 60 2575 2634 2635
4394 2 2 46 60 2635 2576 2575
4395 2 2 46 60 2576 2635 2636
4396 2 2 46 60 2636 2577 2576
4397 2 2 46 60 2577 2636 2637
4398 2 2 46 60 2637 2578 2577
4399 2 2 46 60 2578 2637 2638
4400 2 2 46 60 2638 2579 2578
4401 2 2 46 60 2579 2638 2639
4402 2 2 46 60 2639 2580 2579
4403 2 2 46 60 2580 2639 2640
4404 2 2 46 60 2640 2581 2580
4405 2 2 46 60 2581 2640 2641
4406 2 2 46 60 2641 2582 2581
4407 2 2 46 60 2582 2641 2642
4408 2 2 46 60 2642 2583 2582
4409 2 2 46 60 2583 2642 2643
4410 2 2 46 60 2643 2584 2583
4411 2 2 46 60 2584 2643 2644
4412 2 2 46 60 2644 2585 2584
4413 2 2 46 60 2585 2644 2645
4414 2 2 46 60 2645 2586 2585
4415 2 2 46 60 2586 2645 2646
4416 2 2 46 60 2646 2587 2586
4417 2 2 46 60 2587 2646 2647
4418 2 2 46 60 2647 2588 2587
4419 2 2 46 60 2588 2647 2648
4420 2 2 46 60 2648 2589 2588
4421 2 2 46 60 2589 2648 2649
4422 2 2 46 60 2649 2590 2589
4423 2 2 46 60 2590 2649 2650
4424 2 2 46 60 2650 2591 2590
4425 2 2 46 60 2591 2650 2651
4426 2 2 46 60 2651 2592 2591
4427 2 2 46 60 2592 2651 2652
4428 2 2 46 60 2652 2593 2592
4429 2 2 46 60 2593 2652 2653
4430 2 2 46 60 2653 2594 2593
4431 2 2 46 60 2594 2653 2654
4432 2 2 46 60 2654 2595 2594
4433 2 2 46 60 2595 2654 2655
4434 2 2 46 60 2655 2596 2595
4435 2 2 46 60 2596 2655 2656
4436 2 2 46 60 2656 2597 2596
4437 2 2 46 60 2597 2656 337
4438 2 2 46 60 337 338 2597
4439 2 2 46 60 278 279 2657
4440 2 2 46 60 2657 2598 278
4441 2 2 46 60 2598 2657 2658
4442 2 2 46 60 2658 2599 2598
4443 2 2 46 60 2599 2658 2659
4444 2 2 46 60 2659 2600 2599
4445 2 2 46 60 2600 2659 2660
4446 2 2 46 60 2660 2601 2600
4447 2 2 46 60 2601 2660 2661
4448 2 2 46 60 2661 2602 2601
4449 2 2 46 60 2602 2661 2662
4450 2 2 46 60 2662 2603 2602
4451 2 2 46 60 2603 2662 2663
4452 2 2 46 60 2663 2604 2603
4453 2 2 46 60 2604 2663 2664
4454 2 2 46 60 2664 2605 2604
4455 2 2 46 60 2605 2664 2665
4456 2 2 46 60 2665 2606 2605
4457 2 2 46 60 2606 2665 2666
4458 2 2 46 60 2666 2607 2606
4459 2 2 46 60 2607 2666 2667
4460 2 2 46 60 2667 2608 2607
4461 2 2 46 60 2608 2667 2668
4462 2 2 46 60 2668 2609 2608
4463 2 2 46 60 2609 2668 2669
4464 2 2 46 60 2669 2610 2609
4465 2 2 46 60 2610 2669 2670
4466 2 2 46 60 2670 2611 2610
4467 2 2 46 60 2611 2670 2671
4468 2 2 46 60 2671 2612 2611
4469 2 2 46 60 2612 2671 2672
4470 2 2 46 60 2672 2613 2612
4471 2 2 46 60 2613 2672 2673
4472 2 2 46 60 2673 2614 2613
4473 2 2 46 60 2614 2673 2674
4474 2 2 46 60 2674 2615 2614
4475 2 2 46 60 2615 2674 2675
4476 2 2 46 60 2675 2616 2615
4477 2 2 46 60 2616 2675 2676
4478 2 2 46 60 2676 2617 2616
4479 2 2 46 60 2617 2676 2677
4480 2 2 46 60 2677 2618 2617
4481 2 2 46 60 2618 2677 2678
4482 2 2 46 60 2678 2619 2618
4483 2 2 46 60 2619 2678 2679
4484 2 2 46 60 2679 2620 2619
4485 2 2 46 60 2620 2679 2680
4486 2 2 46 60 2680 2621 2620
4487 2 2 46 60 2621 2680 2681
4488 2 2 46 60 2681 2622 2621
4489 2 2 46 60 2622 2681 2682
4490 2 2 46 60 2682 2623 2622
4491 2 2 46 60 2623 2682 2683
4492 2 2 46 60 2683 2624 2623
4493 2 2 46 60 2624 2683 2684
4494 2 2 46 60 2684 2625 2624
4495 2 2 46 60 2625 2684 2685
4496 2 2 46 60 2685 2626 2625
4497 2 2 46 60 2626 2685 2686
4498 2 2 46 60 2686 2627 2626
4499 2 2 46 60 2627 2686 2687
4500 2 2 46 60 2687 2628 2627
4501 2 2 46 60 2628 2687 2688
4502 2 2 46 60 2688 2629 2628
4503 2 2 46 60 2629 2688 2689
4504 2 2 46 60 2689 2630 2629
4505 2 2 46 60 2630 2689 2690
4506 2 2 46 60 2690 2631 2630
4507 2 2 46 60 2631 2690 2691
4508 2 2 46 60 2691 2632 2631
4509 2 2 46 60 2632 2691 2692
4510 2 2 46 60 2692 2633 2632
4511 2 2 46 60 2633 2692 2693
4512 2 2 46 60 2693 2634 2633
4513 2 2 46 60 2634 2693 2694
4514 2 2 46 60 2694 2635 2634
4515 2 2 46 60 2635 2694 2695
4516 2 2 46 60 2695 2636 2635
4517 2 2 46 60 2636 2695 2696
4518 2 2 46 60 2696 2637 2636
4519 2 2 46 60 2637 2696 2697
4520 2 2 46 60 2697 2638 2637
4521 2 2 46 60 2638 2697 2698
4522 2 2 46 60 2698 2639 2638
4523 2 2 46 60 2639 2698 2699
4524 2 2 46 60 2699 2640 2639
4525 2 2 46 60 2640 2699 2700
4526 2 2 46 60 2700 2641 2640
4527 2 2 46 60 2641 2700 2701
4528 2 2 46 60 2701 2642 2641
4529 2 2 46 60 2642 2701 2702
4530 2 2 46 60 2702 2643 2642
4531 2 2 46 60 2643 2702 2703
4532 2 2 46 60 2703 2644 2643
4533 2 2 46 60 2644 2703 2704
4534 2 2 46 60 2704 2645 2644
4535 2 2 46 60 2645 2704 2705
4536 2 2 46 60 2705 2646 2645
4537 2 2 46 60 2646 2705 2706
4538 2 2 46 60 2706 2647 2646
4539 2 2 46 60 2647 2706 2707
4540 2 2 46 60 2707 2648 2647
4541 2 2 46 60 2648 2707 2708
4542 2 2 46 60 2708 2649 2648
4543 2 2 46 60 2649 2708 2709
4544 2 2 46 60 2709 2650 2649
4545 2 2 46 60 2650 2709 2710
4546 2 2 46 60 2710 2651 2650
4547 2 2 46 60 2651 2710 2711
4548 2 2 46 60 2711 2652 2651
4549 2 2 46 60 2652 2711 2712
4550 2 2 46 60 2712 2653 2652
4551 2 2 46 60 2653 2712 2713
4552 2 2 46 60 2713 2654 2653
4553 2 2 46 60 2654 2713 2714
4554 2 2 46 60 2714 2655 2654
4555 2 2 46 60 2655 2714 2715
4556 2 2 46 60 2715 2656 2655
4557 2 2 46 60 2656 2715 336
4558 2 2 46 60 336 337 2656
4559 2 2 46 60 279 2 527
4560 2 2 46 60 527 2657 279
4561 2 2 46 60 2657 527 528
4562 2 2 46 60 528 2658 2657
4563 2 2 46 60 2658 528 529
4564 2 2 46 60 529 2659 2658
4565 2 2 46 60 2659 529 530
4566 2 2 46 60 530 2660 2659
4567 2 2 46 60 2660 530 531
4568 2 2 46 60 531 2661 2660
4569 2 2 46 60 2661 531 532
4570 2 2 46 60 532 2662 2661
4571 2 2 46 60 2662 532 533
4572 2 2 46 60 533 2663 2662
4573 2 2 46 60 2663 533 534
4574 2 2 46 60 534 2664 2663
4575 2 2 46 60 2664 534 535
4576 2 2 46 60 535 2665 2664
4577 2 2 46 60 2665 535 536
4578 2 2 46 60 536 2666 2665
4579 2 2 46 60 2666 536 537
4580 2 2 46 60 537 2667 2666
4581 2 2 46 60 2667 537 538
4582 2 2 46 60 538 2668 2667
4583 2 2 46 60 2668 538 539
4584 2 2 46 60 539 2669 2668
4585 2 2 46 60 2669 539 540
4586 2 2 46 60 540 2670 2669
4587 2 2 46 60 2670 540 541
4588 2 2 46 60 541 2671 2670
4589 2 2 46 60 2671 541 542
4590 2 2 46 60 542 2672 2671
4591 2 2 46 60 2672 542 543
4592 2 2 46 60 543 2673 2672
4593 2 2 46 60 2673 543 544
4594 2 2 46 60 544 2674 2673
4595 2 2 46 60 2674 544 545
4596 2 2 46 60 545 2675 2674
4597 2 2 46 60 2675 545 546
4598 2 2 46 60 546 2676 2675
4599 2 2 46 60 2676 546 547
4600 2 2 46 60 547 2677 2676
4601 2 2 46 60 2677 547 548
4602 2 2 46 60 548 2678 2677
4603 2 2 46 60 2678 548 549
4604 2 2 46 60 549 2679 2678
4605 2 2 46 60 2679 549 550
4606 2 2 46 60 550 2680 2679
4607 2 2 46 60 2680 550 551
4608 2 2 46 60 551 2681 2680
4609 2 2 46 60 2681 551 552
4610 2 2 46 60 552 2682 2681
4611 2 2 46 60 2682 552 553
4612 2 2 46 60 553 2683 2682
4613 2 2 46 60 2683 553 554
4614 2 2 46 60 554 2684 2683
4615 2 2 46 60 2684 554 555
4616 2 2 46 60 555 2685 2684
4617 2 2 46 60 2685 555 556
4618 2 2 46 60 556 2686 2685
4619 2 2 46 60 2686 556 557
4620 2 2 46 60 557 2687 2686
4621 2 2 46 60 2687 557 558
4622 2 2 46 60 558 2688 2687
4623 2 2 46 60 2688 558 559
4624 2 2 46 60 559 2689 2688
4625 2 2 46 60 2689 559 560
4626 2 2 46 60 560 2690 2689
4627 2 2 46 60 2690 560 561
4628 2 2 46 60 561 2691 2690
4629 2 2 46 60 2691 561 562
4630 2 2 46 60 562 2692 2691
4631 2 2 46 60 2692 562 563
4632 2 2 46 60 563 2693 2692
4633 2 2 46 60 2693 563 564
4634 2 2 46 60 564 2694 2693
4635 2 2 46 60 2694 564 565
4636 2 2 46 60 565 2695 2694
4637 2 2 46 60 2695 565 566
4638 2 2 46 60 566 2696 2695
4639 2 2 46 60 2696 566 567
4640 2 2 46 60 567 2697 2696
4641 2 2 46 60 2697 567 568
4642 2 2 46 60 568 2698 2697
4643 2 2 46 60 2698 568 569
4644 2 2 46 60 569 2699 2698
4645 2 2 46 60 2699 569 570
4646 2 2 46 60 570 2700 2699
4647 2 2 46 60 2700 570 571
4648 2 2 46 60 571 2701 2700
4649 2 2 46 60 2701 571 572
4650 2 2 46 60 572 2702 2701
4651 2 2 46 60 2702 572 573
4652 2 2 46 60 573 2703 2702
4653 2 2 46 60 2703 573 574
4654 2 2 46 60 574 2704 2703
4655 2 2 46 60 2704 574 575
4656 2 2 46 60 575 2705 2704
4657 2 2 46 60 2705 575 576
4658 2 2 46 60 576 2706 2705
4659 2 2 46 60 2706 576 577
4660 2 2 46 60 577 2707 2706
4661 2 2 46 60 2707 577 578
4662 2 2 46 60 578 2708 2707
4663 2 2 46 60 2708 578 579
4664 2 2 46 60 579 2709 2708
4665 2 2 46 60 2709 579 580
4666 2 2 46 60 580 2710 2709
4667 2 2 46 60 2710 580 581
4668 2 2 46 60 581 2711 2710
4669 2 2 46 60 2711 581 582
4670 2 2 46 60 582 2712 2711
4671 2 2 46 60 2712 582 583
4672 2 2 46 60 583 2713 2712
4673 2 2 46 60 2713 583 584
4674 2 2 46 60 584 2714 2713
4675 2 2 46 60 2714 584 585
4676 2 2 46 60 585 2715 2714
4677 2 2 46 60 2715 585 9
4678 2 2 46 60 9 336 2715
4679 2 2 47 61 1 2716 266
4680 2 2 47 61 2716 1 89
4681 2 2 47 61 89 2717 2716
4682 2 2 47 61 2717 89 90
4683 2 2 47 61 90 2718 2717
4684 2 2 47 61 2718 90 91
4685 2 2 47 61 91 2719 2718
4686 2 2 47 61 2719 91 92
4687 2 2 47 61 92 2720 2719
4688 2 2 47 61 2720 92 93
4689 2 2 47 61 93 2721 2720
4690 2 2 47 61 2721 93 94
4691 2 2 47 61 94 2722 2721
4692 2 2 47 61 2722 94 95
4693 2 2 47 61 95 2723 2722
4694 2 2 47 61 2723 95 96
4695 2 2 47 61 96 2724 2723
4696 2 2 47 61 2724 96 97
4697 2 2 47 61 97 2725 2724
4698 2 2 47 61 2725 97 98
4699 2 2 47 61 98 2726 2725
4700 2 2 47 61 2726 98 99
4701 2 2 47 61 99 2727 2726
4702 2 2 47 61 2727 99 100
4703 2 2 47 61 100 2728 2727
4704 2 2 47 61 2728 100 101
4705 2 2 47 61 101 2729 2728
4706 2 2 47 61 2729 101 102
4707 2 2 47 61 102 2730 2729
4708 2 2 47 61 2730 102 103
4709 2 2 47 61 103 2731 2730
4710 2 2 47 61 2731 103 104
4711 2 2 47 61 104 2732 2731
4712 2 2 47 61 2732 104 105
4713 2 2 47 61 105 2733 2732
4714 2 2 47 61 2733 105 106
4715 2 2 47 61 106 2734 2733
4716 2 2 47 61 2734 106 107
4717 2 2 47 61 107 2735 2734
4718 2 2 47 61 2735 107 108
4719 2 2 47 61 108 2736 2735
4720 2 2 47 61 2736 108 109
4721 2 2 47 61 109 2737 2736
4722 2 2 47 61 2737 109 110
4723 2 2 47 61 110 2738 2737
4724 2 2 47 61 2738 110 111
4725 2 2 47 61 111 2739 2738
4726 2 2 47 61 2739 111 112
4727 2 2 47 61 112 2740 2739
4728 2 2 47 61 2740 112 113
4729 2 2 47 61 113 2741 2740
4730 2 2 47 61 2741 113 114
4731 2 2 47 61 114 2742 2741
4732 2 2 47 61 2742 114 115
4733 2 2 47 61 115 2743 2742
4734 2 2 47 61 2743 115 116
4735 2 2 47 61 116 2744 2743
4736 2 2 47 61 2744 116 117
4737 2 2 47 61 117 2745 2744
4738 2 2 47 61 2745 117 118
4739 2 2 47 61 118 2746 2745
4740 2 2 47 61 2746 118 119
4741 2 2 47 61 119 2747 2746
4742 2 2 47 61 2747 119 120
4743 2 2 47 61 120 2748 2747
4744 2 2 47 61 2748 120 121
4745 2 2 47 61 121 2749 2748
4746 2 2 47 61 2749 121 122
4747 2 2 47 61 122 2750 2749
4748 2 2 47 61 2750 122 123
4749 2 2 47 61 123 2751 2750
4750 2 2 47 61 2751 123 124
4751 2 2 47 61 124 2752 2751
4752 2 2 47 61 2752 124 125
4753 2 2 47 61 125 2753 2752
4754 2 2 47 61 2753 125 126
4755 2 2 47 61 126 2754 2753
4756 2 2 47 61 2754 126 127
4757 2 2 47 61 127 2755 2754
4758 2 2 47 61 2755 127 128
4759 2 2 47 61 128 2756 2755
4760 2 2 47 61 2756 128 129
4761 2 2 47 61 129 2757 2756
4762 2 2 47 61 2757 129 130
4763 2 2 47 61 130 2758 2757
4764 2 2 47 61 2758 130 131
4765 2 2 47 61 131 2759 2758
4766 2 2 47 61 2759 131 132
4767 2 2 47 61 132 2760 2759
4768 2 2 47 61 2760 132 133
4769 2 2 47 61 133 2761 2760
4770 2 2 47 61 2761 133 134
4771 2 2 47 61 134 2762 2761
4772 2 2 47 61 2762 134 135
4773 2 2 47 61 135 2763 2762
4774 2 2 47 61 2763 135 136
4775 2 2 47 61 136 2764 2763
4776 2 2 47 61 2764 136 137
4777 2 2 47 61 137 2765 2764
4778 2 2 47 61 2765 137 138
4779 2 2 47 61 138 2766 2765
4780 2 2 47 61 2766 138 139
4781 2 2 47 61 139 2767 2766
4782 2 2 47 61 2767 139 140
4783 2 2 47 61 140 2768 2767
4784 2 2 47 61 2768 140 141
4785 2 2 47 61 141 2769 2768
4786 2 2 47 61 2769 141 142
4787 2 2 47 61 142 2770 2769
4788 2 2 47 61 2770 142 143
4789 2 2 47 61 143 2771 2770
4790 2 2 47 61 2771 143 144
4791 2 2 47 61 144 2772 2771
4792 2 2 47 61 2772 144 145
4793 2 2 47 61 145 2773 2772
4794 2 2 47 61 2773 145 146
4795 2 2 47 61 146 2774 2773
4796 2 2 47 61 2774 146 147
4797 2 2 47 61 147 307 2774
4798 2 2 47 61 307 147 4
4799 2 2 47 61 266 2775 267
4800 2 2 47 61 2775 266 2716
4801 2 2 47 61 2716 2776 2775
4802 2 2 47 61 2776 2716 2717
4803 2 2 47 61 2717 2777 2776
4804 2 2 47 61 2777 2717 2718
4805 2 2 47 61 2718 2778 2777
4806 2 2 47 61 2778 2718 2719
4807 2 2 47 61 2719 2779 2778
4808 2 2 47 61 2779 2719 2720
4809 2 2 47 61 2720 2780 2779
4810 2 2 47 61 2780 2720 2721
4811 2 2 47 61 2721 2781 2780
4812 2 2 47 61 2781 2721 2722
4813 2 2 47 61 2722 2782 2781
4814 2 2 47 61 2782 2722 2723
4815 2 2 47 61 2723 2783 2782
4816 2 2 47 61 2783 2723 2724
4817 2 2 47 61 2724 2784 2783
4818 2 2 47 61 2784 2724 2725
4819 2 2 47 61 2725 2785 2784
4820 2 2 47 61 2785 2725 2726
4821 2 2 47 61 2726 2786 2785
4822 2 2 47 61 2786 2726 2727
4823 2 2 47 61 2727 2787 2786
4824 2 2 47 61 2787 2727 2728
4825 2 2 47 61 2728 2788 2787
4826 2 2 47 61 2788 2728 2729
4827 2 2 47 61 2729 2789 2788
4828 2 2 47 61 2789 2729 2730
4829 2 2 47 61 2730 2790 2789
4830 2 2 47 61 2790 2730 2731
4831 2 2 47 61 2731 2791 2790
4832 2 2 47 61 2791 2731 2732
4833 2 2 47 61 2732 2792 2791
4834 2 2 47 61 2792 2732 2733
4835 2 2 47 61 2733 2793 2792
4836 2 2 47 61 2793 2733 2734
4837 2 2 47 61 2734 2794 2793
4838 2 2 47 61 2794 2734 2735
4839 2 2 47 61 2735 2795 2794
4840 2 2 47 61 2795 2735 2736
4841 2 2 47 61 2736 2796 2795
4842 2 2 47 61 2796 2736 2737
4843 2 2 47 61 2737 2797 2796
4844 2 2 47 61 2797 2737 2738
4845 2 2 47 61 2738 2798 2797
4846 2 2 47 61 2798 2738 2739
4847 2 2 47 61 2739 2799 2798
4848 2 2 47 61 2799 2739 2740
4849 2 2 47 61 2740 2800 2799
4850 2 2 47 61 2800 2740 2741
4851 2 2 47 61 2741 2801 2800
4852 2 2 47 61 2801 2741 2742
4853 2 2 47 61 2742 2802 2801
4854 2 2 47 61 2802 2742 2743
4855 2 2 47 61 2743 2803 2802
4856 2 2 47 61 2803 2743 2744
4857 2 2 47 61 2744 2804 2803
4858 2 2 47 61 2804 2744 2745
4859 2 2 47 61 2745 2805 2804
4860 2 2 47 61 2805 2745 2746
4861 2 2 47 61 2746 2806 2805
4862 2 2 47 61 2806 2746 2747
4863 2 2 47 61 2747 2807 2806
4864 2 2 47 61 2807 2747 2748
4865 2 2 47 61 2748 2808 2807
4866 2 2 47 61 2808 2748 2749
4867 2 2 47 61 2749 2809 2808
4868 2 2 47 61 2809 2749 2750
4869 2 2 47 61 2750 2810 2809
4870 2 2 47 61 2810 2750 2751
4871 2 2 47 61 2751 2811 2810
4872 2 2 47 61 2811 2751 2752
4873 2 2 47 61 2752 2812 2811
4874 2 2 47 61 2812 2752 2753
4875 2 2 47 61 2753 2813 2812
4876 2 2 47 61 2813 2753 2754
4877 2 2 47 61 2754 2814 2813
4878 2 2 47 61 2814 2754 2755
4879 2 2 47 61 2755 2815 2814
4880 2 2 47 61 2815 2755 2756
4881 2 2 47 61 2756 2816 2815
4882 2 2 47 61 2816 2756 2757
4883 2 2 47 61 2757 2817 2816
4884 2 2 47 61 2817 2757 2758
4885 2 2 47 61 2758 2818 2817
4886 2 2 47 61 2818 2758 2759
4887 2 2 47 61 2759 2819 2818
4888 2 2 47 61 2819 2759 2760
4889 2 2 47 61 2760 2820 2819
4890 2 2 47 61 2820 2760 2761
4891 2 2 47 61 2761 2821 2820
4892 2 2 47 61 2821 2761 2762
4893 2 2 47 61 2762 2822 2821
4894 2 2 47 61 2822 2762 2763
4895 2 2 47 61 2763 2823 2822
4896 2 2 47 61 2823 2763 2764
4897 2 2 47 61 2764 2824 2823
4898 2 2 47 61 2824 2764 2765
4899 2 2 47 61 2765 2825 2824
4900 2 2 47 61 2825 2765 2766
4901 2 2 47 61 2766 2826 2825
4902 2 2 47 61 2826 2766 2767
4903 2 2 47 61 2767 2827 2826
4904 2 2 47 61 2827 2767 2768
4905 2 2 47 61 2768 2828 2827
4906 2 2 47 61 2828 2768 2769
4907 2 2 47 61 2769 2829 2828
4908 2 2 47 61 2829 2769 2770
4909 2 2 47 61 2770 2830 2829
4910 2 2 47 61 2830 2770 2771
4911 2 2 47 61 2771 2831 2830
4912 2 2 47 61 2831 2771 2772
4913 2 2 47 61 2772 2832 2831
4914 2 2 47 61 2832 2772 2773
4915 2 2 47 61 2773 2833 2832
4916 2 2 47 61 2833 2773 2774
4917 2 2 47 61 2774 306 2833
4918 2 2 47 61 306 2774 307
4919 2 2 47 61 267 2834 268
4920 2 2 47 61 2834 267 2775
4921 2 2 47 61 2775 2835 2834
4922 2 2 47 61 2835 2775 2776
4923 2 2 47 61 2776 2836 2835
4924 2 2 47 61 2836 2776 2777
4925 2 2 47 61 2777 2837 2836
4926 2 2 47 61 2837 2777 2778
4927 2 2 47 61 2778 2838 2837
4928 2 2 47 61 2838 2778 2779
4929 2 2 47 61 2779 2839 2838
4930 2 2 47 61 2839 2779 2780
4931 2 2 47 61 2780 2840 2839
4932 2 2 47 61 2840 2780 2781
4933 2 2 47 61 2781 2841 2840
4934 2 2 47 61 2841 2781 2782
4935 2 2 47 61 2782 2842 2841
4936 2 2 47 61 2842 2782 2783
4937 2 2 47 61 2783 2843 2842
4938 2 2 47 61 2843 2783 2784
4939 2 2 47 61 2784 2844 2843
4940 2 2 47 61 2844 2784 2785
4941 2 2 47 61 2785 2845 2844
4942 2 2 47 61 2845 2785 2786
4943 2 2 47 61 2786 2846 2845
4944 2 2 47 61 2846 2786 2787
4945 2 2 47 61 2787 2847 2846
4946 2 2 47 61 2847 2787 2788
4947 2 2 47 61 2788 2848 2847
4948 2 2 47 61 2848 2788 2789
4949 2 2 47 61 2789 2849 2848
4950 2 2 47 61 2849 2789 2790
4951 2 2 47 61 2790 2850 2849
4952 2 2 47 61 2850 2790 2791
4953 2 2 47 61 2791 2851 2850
4954 2 2 47 61 2851 2791 2792
4955 2 2 47 61 2792 2852 2851
4956 2 2 47 61 2852 2792 2793
4957 2 2 47 61 2793 2853 2852
4958 2 2 47 61 2853 2793 2794
4959 2 2 47 61 2794 2854 2853
4960 2 2 47 61 2854 2794 2795
4961 2 2 47 61 2795 2855 2854
4962 2 2 47 61 2855 2795 2796
4963 2 2 47 61 2796 2856 2855
4964 2 2 47 61 2856 2796 2797
4965 2 2 47 61 2797 2857 2856
4966 2 2 47 61 2857 2797 2798
4967 2 2 47 61 2798 2858 2857
4968 2 2 47 61 2858 2798 2799
4969 2 2 47 61 2799 2859 2858
4970 2 2 47 61 2859 2799 2800
4971 2 2 47 61 2800 2860 2859
4972 2 2 47 61 2860 2800 2801
4973 2 2 47 61 2801 2861 2860
4974 2 2 47 61 2861 2801 2802
4975 2 2 47 61 2802 2862 2861
4976 2 2 47 61 2862 2802 2803
4977 2 2 47 61 2803 2863 2862
4978 2 2 47 61 2863 2803 2804
4979 2 2 47 61 2804 2864 2863
4980 2 2 47 61 2864 2804 2805
4981 2 2 47 61 2805 2865 2864
4982 2 2 47 61 2865 2805 2806
4983 2 2 47 61 2806 2866 2865
4984 2 2 47 61 2866 2806 2807
4985 2 2 47 61 2807 2867 2866
4986 2 2 47 61 2867 2807 2808
4987 2 2 47 61 2808 2868 2867
4988 2 2 47 61 2868 2808 2809
4989 2 2 47 61 2809 2869 2868
4990 2 2 47 61 2869 2809 2810
4991 2 2 47 61 2810 2870 2869
4992 2 2 47 61 2870 2810 2811
4993 2 2 47 61 2811 2871 2870
4994 2 2 47 61 2871 2811 2812
4995 2 2 47 61 2812 2872 2871
4996 2 2 47 61 2872 2812 2813
4997 2 2 47 61 2813 2873 2872
4998 2 2 47 61 2873 2813 2814
4999 2 2 47 61 2814 2874 2873
5000 2 2 47 61 2874 2814 2815
5001 2 2 47 61 2815 2875 2874
5002 2 2 47 61 2875 2815 2816
5003 2 2 47 61 2816 2876 2875
5004 2 2 47 61 2876 2816 2817
5005 2 2 47 61 2817 2877 2876
5006 2 2 47 61 2877 2817 2818
5007 2 2 47 61 2818 2878 2877
5008 2 2 47 61 2878 2818 2819
5009 2 2 47 61 2819 2879 2878
5010 2 2 47 61 2879 2819 2820
5011 2 2 47 61 2820 2880 2879
5012 2 2 47 61 2880 2820 2821
5013 2 2 47 61 2821 2881 2880
5014 2 2 47 61 2881 2821 2822
5015 2 2 47 61 2822 2882 2881
5016 2 2 47 61 2882 2822 2823
5017 2 2 47 61 2823 2883 2882
5018 2 2 47 61 2883 2823 2824
5019 2 2 47 61 2824 2884 2883
5020 2 2 47 61 2884 2824 2825
5021 2 2 47 61 2825 2885 2884
5022 2 2 47 61 2885 2825 2826
5023 2 2 47 61 2826 2886 2885
5024 2 2 47 61 2886 2826 2827
5025 2 2 47 61 2827 2887 2886
5026 2 2 47 61 2887 2827 2828
5027 2 2 47 61 2828 2888 2887
5028 2 2 47 61 2888 2828 2829
5029 2 2 47 61 2829 2889 2888
5030 2 2 47 61 2889 2829 2830
5031 2 2 47 61 2830 2890 2889
5032 2 2 47 61 2890 2830 2831
5033 2 2 47 61 2831 2891 2890
5034 2 2 47 61 2891 2831 2832
5035 2 2 47 61 2832 2892 2891
5036 2 2 47 61 2892 2832 2833
5037 2 2 47 61 2833 305 2892
5038 2 2 47 61 305 2833 306
5039 2 2 47 61 268 2893 269
5040 2 2 47 61 2893 268 2834
5041 2 2 47 61 2834 2894 2893
5042 2 2 47 61 2894 2834 2835
5043 2 2 47 61 2835 2895 2894
5044 2 2 47 61 2895 2835 2836
5045 2 2 47 61 2836 2896 2895
5046 2 2 47 61 2896 2836 2837
5047 2 2 47 61 2837 2897 2896
5048 2 2 47 61 2897 2837 2838
5049 2 2 47 61 2838 2898 2897
5050 2 2 47 61 2898 2838 2839
5051 2 2 47 61 2839 2899 2898
5052 2 2 47 61 2899 2839 2840
5053 2 2 47 61 2840 2900 2899
5054 2 2 47 61 2900 2840 2841
5055 2 2 47 61 2841 2901 2900
5056 2 2 47 61 2901 2841 2842
5057 2 2 47 61 2842 2902 2901
5058 2 2 47 61 2902 2842 2843
5059 2 2 47 61 2843 2903 2902
5060 2 2 47 61 2903 2843 2844
5061 2 2 47 61 2844 2904 2903
5062 2 2 47 61 2904 2844 2845
5063 2 2 47 61 2845 2905 2904
5064 2 2 47 61 2905 2845 2846
5065 2 2 47 61 2846 2906 2905
5066 2 2 47 61 2906 2846 2847
5067 2 2 47 61 2847 2907 2906
5068 2 2 47 61 2907 2847 2848
5069 2 2 47 61 2848 2908 2907
5070 2 2 47 61 2908 2848 2849
5071 2 2 47 61 2849 2909 2908
5072 2 2 47 61 2909 2849 2850
5073 2 2 47 61 2850 2910 2909
5074 2 2 47 61 2910 2850 2851
5075 2 2 47 61 2851 2911 2910
5076 2 2 47 61 2911 2851 2852
5077 2 2 47 61 2852 2912 2911
5078 2 2 47 61 2912 2852 2853
5079 2 2 47 61 2853 2913 2912
5080 2 2 47 61 2913 2853 2854
5081 2 2 47 61 2854 2914 2913
5082 2 2 47 61 2914 2854 2855
5083 2 2 47 61 2855 2915 2914
5084 2 2 47 61 2915 2855 2856
5085 2 2 47 61 2856 2916 2915
5086 2 2 47 61 2916 2856 2857
5087 2 2 47 61 2857 2917 2916
5088 2 2 47 61 2917 2857 2858
5089 2 2 47 61 2858 2918 2917
5090 2 2 47 61 2918 2858 2859
5091 2 2 47 61 2859 2919 2918
5092 2 2 47 61 2919 2859 2860
5093 2 2 47 61 2860 2920 2919
5094 2 2 47 61 2920 2860 2861
5095 2 2 47 61 2861 2921 2920
5096 2 2 47 61 2921 2861 2862
5097 2 2 47 61 2862 2922 2921
5098 2 2 47 61 2922 2862 2863
5099 2 2 47 61 2863 2923 2922
5100 2 2 47 61 2923 2863 2864
5101 2 2 47 61 2864 2924 2923
5102 2 2 47 61 2924 2864 2865
5103 2 2 47 61 2865 2925 2924
5104 2 2 47 61 2925 2865 2866
5105 2 2 47 61 2866 2926 2925
5106 2 2 47 61 2926 2866 2867
5107 2 2 47 61 2867 2927 2926
5108 2 2 47 61 2927 2867 2868
5109 2 2 47 61 2868 2928 2927
5110 2 2 47 61 2928 2868 2869
5111 2 2 47 61 2869 2929 2928
5112 2 2 47 61 2929 2869 2870
5113 2 2 47 61 2870 2930 2929
5114 2 2 47 61 2930 2870 2871
5115 2 2 47 61 2871 2931 2930
5116 2 2 47 61 2931 2871 2872
5117 2 2 47 61 2872 2932 2931
5118 2 2 47 61 2932 2872 2873
5119 2 2 47 61 2873 2933 2932
5120 2 2 47 61 2933 2873 2874
5121 2 2 47 61 2874 2934 2933
5122 2 2 47 61 2934 2874 2875
5123 2 2 47 61 2875 2935 2934
5124 2 2 47 61 2935 2875 2876
5125 2 2 47 61 2876 2936 2935
5126 2 2 47 61 2936 2876 2877
5127 2 2 47 61 2877 2937 2936
5128 2 2 47 61 2937 2877 2878
5129 2 2 47 61 2878 2938 2937
5130 2 2 47 61 2938 2878 2879
5131 2 2 47 61 2879 2939 2938
5132 2 2 47 61 2939 2879 2880
5133 2 2 47 61 2880 2940 2939
5134 2 2 47 61 2940 2880 2881
5135 2 2 47 61 2881 2941 2940
5136 2 2 47 61 2941 2881 2882
5137 2 2 47 61 2882 2942 2941
5138 2 2 47 61 2942 2882 2883
5139 2 2 47 61 2883 2943 2942
5140 2 2 47 61 2943 2883 2884
5141 2 2 47 61 2884 2944 2943
5142 2 2 47 61 2944 2884 2885
5143 2 2 47 61 2885 2945 2944
5144 2 2 47 61 2945 2885 2886
5145 2 2 47 61 2886 2946 2945
5146 2 2 47 61 2946 2886 2887
5147 2 2 47 61 2887 2947 2946
5148 2 2 47 61 2947 2887 2888
5149 2 2 47 61 2888 2948 2947
5150 2 2 47 61 2948 2888 2889
5151 2 2 47 61 2889 2949 2948
5152 2 2 47 61 2949 2889 2890
5153 2 2 47 61 2890 2950 2949
5154 2 2 47 61 2950 2890 2891
5155 2 2 47 61 2891 2951 2950
5156 2 2 47 61 2951 2891 2892
5157 2 2 47 61 2892 304 2951
5158 2 2 47 61 304 2892 305
5159 2 2 47 61 269 2952 270
5160 2 2 47 61 2952 269 2893
5161 2 2 47 61 2893 2953 2952
5162 2 2 47 61 2953 2893 2894
5163 2 2 47 61 2894 2954 2953
5164 2 2 47 61 2954 2894 2895
5165 2 2 47 61 2895 2955 2954
5166 2 2 47 61 2955 2895 2896
5167 2 2 47 61 2896 2956 2955
5168 2 2 47 61 2956 2896 2897
5169 2 2 47 61 2897 2957 2956
5170 2 2 47 61 2957 2897 2898
5171 2 2 47 61 2898 2958 2957
5172 2 2 47 61 2958 2898 2899
5173 2 2 47 61 2899 2959 2958
5174 2 2 47 61 2959 2899 2900
5175 2 2 47 61 2900 2960 2959
5176 2 2 47 61 2960 2900 2901
5177 2 2 47 61 2901 2961 2960
5178 2 2 47 61 2961 2901 2902
5179 2 2 47 61 2902 2962 2961
5180 2 2 47 61 2962 2902 2903
5181 2 2 47 61 2903 2963 2962
5182 2 2 47 61 2963 2903 2904
5183 2 2 47 61 2904 2964 2963
5184 2 2 47 61 2964 2904 2905
5185 2 2 47 61 2905 2965 2964
5186 2 2 47 61 2965 2905 2906
5187 2 2 47 61 2906 2966 2965
5188 2 2 47 61 2966 2906 2907
5189 2 2 47 61 2907 2967 2966
5190 2 2 47 61 2967 2907 2908
5191 2 2 47 61 2908 2968 2967
5192 2 2 47 61 2968 2908 2909
5193 2 2 47 61 2909 2969 2968
5194 2 2 47 61 2969 2909 2910
5195 2 2 47 61 2910 2970 2969
5196 2 2 47 61 2970 2910 2911
5197 2 2 47 61 2911 2971 2970
5198 2 2 47 61 2971 2911 2912
5199 2 2 47 61 2912 2972 2971
5200 2 2 47 61 2972 2912 2913
5201 2 2 47 61 2913 2973 2972
5202 2 2 47 61 2973 2913 2914
5203 2 2 47 61 2914 2974 2973
5204 2 2 47 61 2974 2914 2915
5205 2 2 47 61 2915 2975 2974
5206 2 2 47 61 2975 2915 2916
5207 2 2 47 61 2916 2976 2975
5208 2 2 47 61 2976 2916 2917
5209 2 2 47 61 2917 2977 2976
5210 2 2 47 61 2977 2917 2918
5211 2 2 47 61 2918 2978 2977
5212 2 2 47 61 2978 2918 2919
5213 2 2 47 61 2919 2979 2978
5214 2 2 47 61 2979 2919 2920
5215 2 2 47 61 2920 2980 2979
5216 2 2 47 61 2980 2920 2921
5217 2 2 47 61 2921 2981 2980
5218 2 2 47 61 2981 2921 2922
5219 2 2 47 61 2922 2982 2981
5220 2 2 47 61 2982 2922 2923
5221 2 2 47 61 2923 2983 2982
5222 2 2 47 61 2983 2923 2924
5223 2 2 47 61 2924 2984 2983
5224 2 2 47 61 2984 2924 2925
5225 2 2 47 61 2925 2985 2984
5226 2 2 47 61 2985 2925 2926
5227 2 2 47 61 2926 2986 2985
5228 2 2 47 61 2986 2926 2927
5229 2 2 47 61 2927 2987 2986
5230 2 2 47 61 2987 2927 2928
5231 2 2 47 61 2928 2988 2987
5232 2 2 47 61 2988 2928 2929
5233 2 2 47 61 2929 2989 2988
5234 2 2 47 61 2989 2929 2930
5235 2 2 47 61 2930 2990 2989
5236 2 2 47 61 2990 2930 2931
5237 2 2 47 61 2931 2991 2990
5238 2 2 47 61 2991 2931 2932
5239 2 2 47 61 2932 2992 2991
5240 2 2 47 61 2992 2932 2933
5241 2 2 47 61 2933 2993 2992
5242 2 2 47 61 2993 2933 2934
5243 2 2 47 61 2934 2994 2993
5244 2 2 47 61 2994 2934 2935
5245 2 2 47 61 2935 2995 2994
5246 2 2 47 61 2995 2935 2936
5247 2 2 47 61 2936 2996 2995
5248 2 2 47 61 2996 2936 2937
5249 2 2 47 61 2937 2997 2996
5250 2 2 47 61 2997 2937 2938
5251 2 2 47 61 2938 2998 2997
5252 2 2 47 61 2998 2938 2939
5253 2 2 47 61 2939 2999 2998
5254 2 2 47 61 2999 2939 2940
5255 2 2 47 61 2940 3000 2999
5256 2 2 47 61 3000 2940 2941
5257 2 2 47 61 2941 3001 3000
5258 2 2 47 61 3001 2941 2942
5259 2 2 47 61 2942 3002 3001
5260 2 2 47 61 3002 2942 2943
5261 2 2 47 61 2943 3003 3002
5262 2 2 47 61 3003 2943 2944
5263 2 2 47 61 2944 3004 3003
5264 2 2 47 61 3004 2944 2945
5265 2 2 47 61 2945 3005 3004
5266 2 2 47 61 3005 2945 2946
5267 2 2 47 61 2946 3006 3005
5268 2 2 47 61 3006 2946 2947
5269 2 2 47 61 2947 3007 3006
5270 2 2 47 61 3007 2947 2948
5271 2 2 47 61 2948 3008 3007
5272 2 2 47 61 3008 2948 2949
5273 2 2 47 61 2949 3009 3008
5274 2 2 47 61 3009 2949 2950
5275 2 2 47 61 2950 3010 3009
5276 2 2 47 61 3010 2950 2951
5277 2 2 47 61 2951 303 3010
5278 2 2 47 61 303 2951 304
5279 2 2 47 61 270 3011 271
5280 2 2 47 61 3011 270 2952
5281 2 2 47 61 2952 3012 3011
5282 2 2 47 61 3012 2952 2953
5283 2 2 47 61 2953 3013 3012
5284 2 2 47 61 3013 2953 2954
5285 2 2 47 61 2954 3014 3013
5286 2 2 47 61 3014 2954 2955
5287 2 2 47 61 2955 3015 3014
5288 2 2 47 61 3015 2955 2956
5289 2 2 47 61 2956 3016 3015
5290 2 2 47 61 3016 2956 2957
5291 2 2 47 61 2957 3017 3016
5292 2 2 47 61 3017 2957 2958
5293 2 2 47 61 2958 3018 3017
5294 2 2 47 61 3018 2958 2959
5295 2 2 47 61 2959 3019 3018
5296 2 2 47 61 3019 2959 2960
5297 2 2 47 61 2960 3020 3019
5298 2 2 47 61 3020 2960 2961
5299 2 2 47 61 2961 3021 3020
5300 2 2 47 61 3021 2961 2962
5301 2 2 47 61 2962 3022 3021
5302 2 2 47 61 3022 2962 2963
5303 2 2 47 61 2963 3023 3022
5304 2 2 47 61 3023 2963 2964
5305 2 2 47 61 2964 3024 3023
5306 2 2 47 61 3024 2964 2965
5307 2 2 47 61 2965 3025 3024
5308 2 2 47 61 3025 2965 2966
5309 2 2 47 61 2966 3026 3025
5310 2 2 47 61 3026 2966 2967
5311 2 2 47 61 2967 3027 3026
5312 2 2 47 61 3027 2967 2968
5313 2 2 47 61 2968 3028 3027
5314 2 2 47 61 3028 2968 2969
5315 2 2 47 61 2969 3029 3028
5316 2 2 47 61 3029 2969 2970
5317 2 2 47 61 2970 3030 3029
5318 2 2 47 61 3030 2970 2971
5319 2 2 47 61 2971 3031 3030
5320 2 2 47 61 3031 2971 2972
5321 2 2 47 61 2972 3032 3031
5322 2 2 47 61 3032 2972 2973
5323 2 2 47 61 2973 3033 3032
5324 2 2 47 61 3033 2973 2974
5325 2 2 47 61 2974 3034 3033
5326 2 2 47 61 3034 2974 2975
5327 2 2 47 61 2975 3035 3034
5328 2 2 47 61 3035 2975 2976
5329 2 2 47 61 2976 3036 3035
5330 2 2 47 61 3036 2976 2977
5331 2 2 47 61 2977 3037 3036
5332 2 2 47 61 3037 2977 2978
5333 2 2 47 61 2978 3038 3037
5334 2 2 47 61 3038 2978 2979
5335 2 2 47 61 2979 3039 3038
5336 2 2 47 61 3039 2979 2980
5337 2 2 47 61 2980 3040 3039
5338 2 2 47 61 3040 2980 2981
5339 2 2 47 61 2981 3041 3040
5340 2 2 47 61 3041 2981 2982
5341 2 2 47 61 2982 3042 3041
5342 2 2 47 61 3042 2982 2983
5343 2 2 47 61 2983 3043 3042
5344 2 2 47 61 3043 2983 2984
5345 2 2 47 61 2984 3044 3043
5346 2 2 47 61 3044 2984 2985
5347 2 2 47 61 2985 3045 3044
5348 2 2 47 61 3045 2985 2986
5349 2 2 47 61 2986 3046 3045
5350 2 2 47 61 3046 2986 2987
5351 2 2 47 61 2987 3047 3046
5352 2 2 47 61 3047 2987 2988
5353 2 2 47 61 2988 3048 3047
5354 2 2 47 61 3048 2988 2989
5355 2 2 47 61 2989 3049 3048
5356 2 2 47 61 3049 2989 2990
5357 2 2 47 61 2990 3050 3049
5358 2 2 47 61 3050 2990 2991
5359 2 2 47 61 2991 3051 3050
5360 2 2 47 61 3051 2991 2992
5361 2 2 47 61 2992 3052 3051
5362 2 2 47 61 3052 2992 2993
5363 2 2 47 61 2993 3053 3052
5364 2 2 47 61 3053 2993 2994
5365 2 2 47 61 2994 3054 3053
5366 2 2 47 61 3054 2994 2995
5367 2 2 47 61 2995 3055 3054
5368 2 2 47 61 3055 2995 2996
5369 2 2 47 61 2996 3056 3055
5370 2 2 47 61 3056 2996 2997
5371 2 2 47 61 2997 3057 3056
5372 2 2 47 61 3057 2997 2998
5373 2 2 47 61 2998 3058 3057
5374 2 2 47 61 3058 2998 2999
5375 2 2 47 61 2999 3059 3058
5376 2 2 47 61 3059 2999 3000
5377 2 2 47 61 3000 3060 3059
5378 2 2 47 61 3060 3000 3001
5379 2 2 47 61 3001 3061 3060
5380 2 2 47 61 3061 3001 3002
5381 2 2 47 61 3002 3062 3061
5382 2 2 47 61 3062 3002 3003
5383 2 2 47 61 3003 3063 3062
5384 2 2 47 61 3063 3003 3004
5385 2 2 47 61 3004 3064 3063
5386 2 2 47 61 3064 3004 3005
5387 2 2 47 61 3005 3065 3064
5388 2 2 47 61 3065 3005 3006
5389 2 2 47 61 3006 3066 3065
5390 2 2 47 61 3066 3006 3007
5391 2 2 47 61 3007 3067 3066
5392 2 2 47 61 3067 3007 3008
5393 2 2 47 61 3008 3068 3067
5394 2 2 47 61 3068 3008 3009
5395 2 2 47 61 3009 3069 3068
5396 2 2 47 61 3069 3009 3010
5397 2 2 47 61 3010 302 3069
5398 2 2 47 61 302 3010 303
5399 2 2 47 61 271 3070 272
5400 2 2 47 61 3070 271 3011
5401 2 2 47 61 3011 3071 3070
5402 2 2 47 61 3071 3011 3012
5403 2 2 47 61 3012 3072 3071
5404 2 2 47 61 3072 3012 3013
5405 2 2 47 61 3013 3073 3072
5406 2 2 47 61 3073 3013 3014
5407 2 2 47 61 3014 3074 3073
5408 2 2 47 61 3074 3014 3015
5409 2 2 47 61 3015 3075 3074
5410 2 2 47 61 3075 3015 3016
5411 2 2 47 61 3016 3076 3075
5412 2 2 47 61 3076 3016 3017
5413 2 2 47 61 3017 3077 3076
5414 2 2 47 61 3077 3017 3018
5415 2 2 47 61 3018 3078 3077
5416 2 2 47 61 3078 3018 3019
5417 2 2 47 61 3019 3079 3078
5418 2 2 47 61 3079 3019 3020
5419 2 2 47 61 3020 3080 3079
5420 2 2 47 61 3080 3020 3021
5421 2 2 47 61 3021 3081 3080
5422 2 2 47 61 3081 3021 3022
5423 2 2 47 61 3022 3082 3081
5424 2 2 47 61 3082 3022 3023
5425 2 2 47 61 3023 3083 3082
5426 2 2 47 61 3083 3023 3024
5427 2 2 47 61 3024 3084 3083
5428 2 2 47 61 3084 3024 3025
5429 2 2 47 61 3025 3085 3084
5430 2 2 47 61 3085 3025 3026
5431 2 2 47 61 3026 3086 3085
5432 2 2 47 61 3086 3026 3027
5433 2 2 47 61 3027 3087 3086
5434 2 2 47 61 3087 3027 3028
5435 2 2 47 61 3028 3088 3087
5436 2 2 47 61 3088 3028 3029
5437 2 2 47 61 3029 3089 3088
5438 2 2 47 61 3089 3029 3030
5439 2 2 47 61 3030 3090 3089
5440 2 2 47 61 3090 3030 3031
5441 2 2 47 61 3031 3091 3090
5442 2 2 47 61 3091 3031 3032
5443 2 2 47 61 3032 3092 3091
5444 2 2 47 61 3092 3032 3033
5445 2 2 47 61 3033 3093 3092
5446 2 2 47 61 3093 3033 3034
5447 2 2 47 61 3034 3094 3093
5448 2 2 47 61 3094 3034 3035
5449 2 2 47 61 3035 3095 3094
5450 2 2 47 61 3095 3035 3036
5451 2 2 47 61 3036 3096 3095
5452 2 2 47 61 3096 3036 3037
5453 2 2 47 61 3037 3097 3096
5454 2 2 47 61 3097 3037 3038
5455 2 2 47 61 3038 3098 3097
5456 2 2 47 61 3098 3038 3039
5457 2 2 47 61 3039 3099 3098
5458 2 2 47 61 3099 3039 3040
5459 2 2 47 61 3040 3100 3099
5460 2 2 47 61 3100 3040 3041
5461 2 2 47 61 3041 3101 3100
5462 2 2 47 61 3101 3041 3042
5463 2 2 47 61 3042 3102 3101
5464 2 2 47 61 3102 3042 3043
5465 2 2 47 61 3043 3103 3102
5466 2 2 47 61 3103 3043 3044
5467 2 2 47 61 3044 3104 3103
5468 2 2 47 61 3104 3044 3045
5469 2 2 47 61 3045 3105 3104
5470 2 2 47 61 3105 3045 3046
5471 2 2 47 61 3046 3106 3105
5472 2 2 47 61 3106 3046 3047
5473 2 2 47 61 3047 3107 3106
5474 2 2 47 61 3107 3047 3048
5475 2 2 47 61 3048 3108 3107
5476 2 2 47 61 3108 3048 3049
5477 2 2 47 61 3049 3109 3108
5478 2 2 47 61 3109 3049 3050
5479 2 2 47 61 3050 3110 3109
5480 2 2 47 61 3110 3050 3051
5481 2 2 47 61 3051 3111 3110
5482 2 2 47 61 3111 3051 3052
5483 2 2 47 61 3052 3112 3111
5484 2 2 47 61 3112 3052 3053
5485 2 2 47 61 3053 3113 3112
5486 2 2 47 61 3113 3053 3054
5487 2 2 47 61 3054 3114 3113
5488 2 2 47 61 3114 3054 3055
5489 2 2 47 61 3055 3115 3114
5490 2 2 47 61 3115 3055 3056
5491 2 2 47 61 3056 3116 3115
5492 2 2 47 61 3116 3056 3057
5493 2 2 47 61 3057 3117 3116
5494 2 2 47 61 3117 3057 3058
5495 2 2 47 61 3058 3118 3117
5496 2 2 47 61 3118 3058 3059
5497 2 2 47 61 3059 3119 3118
5498 2 2 47 61 3119 3059 3060
5499 2 2 47 61 3060 3120 3119
5500 2 2 47 61 3120 3060 3061
5501 2 2 47 61 3061 3121 3120
5502 2 2 47 61 3121 3061 3062
5503 2 2 47 61 3062 3122 3121
5504 2 2 47 61 3122 3062 3063
5505 2 2 47 61 3063 3123 3122
5506 2 2 47 61 3123 3063 3064
5507 2 2 47 61 3064 3124 3123
5508 2 2 47 61 3124 3064 3065
5509 2 2 47 61 3065 3125 3124
5510 2 2 47 61 3125 3065 3066
5511 2 2 47 61 3066 3126 3125
5512 2 2 47 61 3126 3066 3067
5513 2 2 47 61 3067 3127 3126
5514 2 2 47 61 3127 3067 3068
5515 2 2 47 61 3068 3128 3127
5516 2 2 47 61 3128 3068 3069
5517 2 2 47 61 3069 301 3128
5518 2 2 47 61 301 3069 302
5519 2 2 47 61 272 3129 273
5520 2 2 47 61 3129 272 3070
5521 2 2 47 61 3070 3130 3129
5522 2 2 47 61 3130 3070 3071
5523 2 2 47 61 3071 3131 3130
5524 2 2 47 61 3131 3071 3072
5525 2 2 47 61 3072 3132 3131
5526 2 2 47 61 3132 3072 3073
5527 2 2 47 61 3073 3133 3132
5528 2 2 47 61 3133 3073 3074
5529 2 2 47 61 3074 3134 3133
5530 2 2 47 61 3134 3074 3075
5531 2 2 47 61 3075 3135 3134
5532 2 2 47 61 3135 3075 3076
5533 2 2 47 61 3076 3136 3135
5534 2 2 47 61 3136 3076 3077
5535 2 2 47 61 3077 3137 3136
5536 2 2 47 61 3137 3077 3078
5537 2 2 47 61 3078 3138 3137
5538 2 2 47 61 3138 3078 3079
5539 2 2 47 61 3079 3139 3138
5540 2 2 47 61 3139 3079 3080
5541 2 2 47 61 3080 3140 3139
5542 2 2 47 61 3140 3080 3081
5543 2 2 47 61 3081 3141 3140
5544 2 2 47 61 3141 3081 3082
5545 2 2 47 61 3082 3142 3141
5546 2 2 47 61 3142 3082 3083
5547 2 2 47 61 3083 3143 3142
5548 2 2 47 61 3143 3083 3084
5549 2 2 47 61 3084 3144 3143
5550 2 2 47 61 3144 3084 3085
5551 2 2 47 61 3085 3145 3144
5552 2 2 47 61 3145 3085 3086
5553 2 2 47 61 3086 3146 3145
5554 2 2 47 61 3146 3086 3087
5555 2 2 47 61 3087 3147 3146
5556 2 2 47 61 3147 3087 3088
5557 2 2 47 61 3088 3148 3147
5558 2 2 47 61 3148 3088 3089
5559 2 2 47 61 3089 3149 3148
5560 2 2 47 61 3149 3089 3090
5561 2 2 47 61 3090 3150 3149
5562 2 2 47 61 3150 3090 3091
5563 2 2 47 61 3091 3151 3150
5564 2 2 47 61 3151 3091 3092
5565 2 2 47 61 3092 3152 3151
5566 2 2 47 61 3152 3092 3093
5567 2 2 47 61 3093 3153 3152
5568 2 2 47 61 3153 3093 3094
5569 2 2 47 61 3094 3154 3153
5570 2 2 47 61 3154 3094 3095
5571 2 2 47 61 3095 3155 3154
5572 2 2 47 61 3155 3095 3096
5573 2 2 47 61 3096 3156 3155
5574 2 2 47 61 3156 3096 3097
5575 2 2 47 61 3097 3157 3156
5576 2 2 47 61 3157 3097 3098
5577 2 2 47 61 3098 3158 3157
5578 2 2 47 61 3158 3098 3099
5579 2 2 47 61 3099 3159 3158
5580 2 2 47 61 3159 3099 3100
5581 2 2 47 61 3100 3160 3159
5582 2 2 47 61 3160 3100 3101
5583 2 2 47 61 3101 3161 3160
5584 2 2 47 61 3161 3101 3102
5585 2 2 47 61 3102 3162 3161
5586 2 2 47 61 3162 3102 3103
5587 2 2 47 61 3103 3163 3162
5588 2 2 47 61 3163 3103 3104
5589 2 2 47 61 3104 3164 3163
5590 2 2 47 61 3164 3104 3105
5591 2 2 47 61 3105 3165 3164
5592 2 2 47 61 3165 3105 3106
5593 2 2 47 61 3106 3166 3165
5594 2 2 47 61 3166 3106 3107
5595 2 2 47 61 3107 3167 3166
5596 2 2 47 61 3167 3107 3108
5597 2 2 47 61 3108 3168 3167
5598 2 2 47 61 3168 3108 3109
5599 2 2 47 61 3109 3169 3168
5600 2 2 47 61 3169 3109 3110
5601 2 2 47 61 3110 3170 3169
5602 2 2 47 61 3170 3110 3111
5603 2 2 47 61 3111 3171 3170
5604 2 2 47 61 3171 3111 3112
5605 2 2 47 61 3112 3172 3171
5606 2 2 47 61 3172 3112 3113
5607 2 2 47 61 3113 3173 3172
5608 2 2 47 61 3173 3113 3114
5609 2 2 47 61 3114 3174 3173
5610 2 2 47 61 3174 3114 3115
5611 2 2 47 61 3115 3175 3174
5612 2 2 47 61 3175 3115 3116
5613 2 2 47 61 3116 3176 3175
5614 2 2 47 61 3176 3116 3117
5615 2 2 47 61 3117 3177 3176
5616 2 2 47 61 3177 3117 3118
5617 2 2 47 61 3118 3178 3177
5618 2 2 47 61 3178 3118 3119
5619 2 2 47 61 3119 3179 3178
5620 2 2 47 61 3179 3119 3120
5621 2 2 47 61 3120 3180 3179
5622 2 2 47 61 3180 3120 3121
5623 2 2 47 61 3121 3181 3180
5624 2 2 47 61 3181 3121 3122
5625 2 2 47 61 3122 3182 3181
5626 2 2 47 61 3182 3122 3123
5627 2 2 47 61 3123 3183 3182
5628 2 2 47 61 3183 3123 3124
5629 2 2 47 61 3124 3184 3183
5630 2 2 47 61 3184 3124 3125
5631 2 2 47 61 3125 3185 3184
5632 2 2 47 61 3185 3125 3126
5633 2 2 47 61 3126 3186 3185
5634 2 2 47 61 3186 3126 3127
5635 2 2 47 61 3127 3187 3186
5636 2 2 47 61 3187 3127 3128
5637 2 2 47 61 3128 300 3187
5638 2 2 47 61 300 3128 301
5639 2 2 47 61 273 3188 274
5640 2 2 47 61 3188 273 3129
5641 2 2 47 61 3129 3189 3188
5642 2 2 47 61 3189 3129 3130
5643 2 2 47 61 3130 3190 3189
5644 2 2 47 61 3190 3130 3131
5645 2 2 47 61 3131 3191 3190
5646 2 2 47 61 3191 3131 3132
5647 2 2 47 61 3132 3192 3191
5648 2 2 47 61 3192 3132 3133
5649 2 2 47 61 3133 3193 3192
5650 2 2 47 61 3193 3133 3134
5651 2 2 47 61 3134 3194 3193
5652 2 2 47 61 3194 3134 3135
5653 2 2 47 61 3135 3195 3194
5654 2 2 47 61 3195 3135 3136
5655 2 2 47 61 3136 3196 3195
5656 2 2 47 61 3196 3136 3137
5657 2 2 47 61 3137 3197 3196
5658 2 2 47 61 3197 3137 3138
5659 2 2 47 61 3138 3198 3197
5660 2 2 47 61 3198 3138 3139
5661 2 2 47 61 3139 3199 3198
5662 2 2 47 61 3199 3139 3140
5663 2 2 47 61 3140 3200 3199
5664 2 2 47 61 3200 3140 3141
5665 2 2 47 61 3141 3201 3200
5666 2 2 47 61 3201 3141 3142
5667 2 2 47 61 3142 3202 3201
5668 2 2 47 61 3202 3142 3143
5669 2 2 47 61 3143 3203 3202
5670 2 2 47 61 3203 3143 3144
5671 2 2 47 61 3144 3204 3203
5672 2 2 47 61 3204 3144 3145
5673 2 2 47 61 3145 3205 3204
5674 2 2 47 61 3205 3145 3146
5675 2 2 47 61 3146 3206 3205
5676 2 2 47 61 3206 3146 3147
5677 2 2 47 61 3147 3207 3206
5678 2 2 47 61 3207 3147 3148
5679 2 2 47 61 3148 3208 3207
5680 2 2 47 61 3208 3148 3149
5681 2 2 47 61 3149 3209 3208
5682 2 2 47 61 3209 3149 3150
5683 2 2 47 61 3150 3210 3209
5684 2 2 47 61 3210 3150 3151
5685 2 2 47 61 3151 3211 3210
5686 2 2 47 61 3211 3151 3152
5687 2 2 47 61 3152 3212 3211
5688 2 2 47 61 3212 3152 3153
5689 2 2 47 61 3153 3213 3212
5690 2 2 47 61 3213 3153 3154
5691 2 2 47 61 3154 3214 3213
5692 2 2 47 61 3214 3154 3155
5693 2 2 47 61 3155 3215 3214
5694 2 2 47 61 3215 3155 3156
5695 2 2 47 61 3156 3216 3215
5696 2 2 47 61 3216 3156 3157
5697 2 2 47 61 3157 3217 3216
5698 2 2 47 61 3217 3157 3158
5699 2 2 47 61 3158 3218 3217
5700 2 2 47 61 3218 3158 3159
5701 2 2 47 61 3159 3219 3218
5702 2 2 47 61 3219 3159 3160
5703 2 2 47 61 3160 3220 3219
5704 2 2 47 61 3220 3160 3161
5705 2 2 47 61 3161 3221 3220
5706 2 2 47 61 3221 3161 3162
5707 2 2 47 61 3162 3222 3221
5708 2 2 47 61 3222 3162 3163
5709 2 2 47 61 3163 3223 3222
5710 2 2 47 61 3223 3163 3164
5711 2 2 47 61 3164 3224 3223
5712 2 2 47 61 3224 3164 3165
5713 2 2 47 61 3165 3225 3224
5714 2 2 47 61 3225 3165 3166
5715 2 2 47 61 3166 3226 3225
5716 2 2 47 61 3226 3166 3167
5717 2 2 47 61 3167 3227 3226
5718 2 2 47 61 3227 3167 3168
5719 2 2 47 61 3168 3228 3227
5720 2 2 47 61 3228 3168 3169
5721 2 2 47 61 3169 3229 3228
5722 2 2 47 61 3229 3169 3170
5723 2 2 47 61 3170 3230 3229
5724 2 2 47 61 3230 3170 3171
5725 2 2 47 61 3171 3231 3230
5726 2 2 47 61 3231 3171 3172
5727 2 2 47 61 3172 3232 3231
5728 2 2 47 61 3232 3172 3173
5729 2 2 47 61 3173 3233 3232
5730 2 2 47 61 3233 3173 3174
5731 2 2 47 61 3174 3234 3233
5732 2 2 47 61 3234 3174 3175
5733 2 2 47 61 3175 3235 3234
5734 2 2 47 61 3235 3175 3176
5735 2 2 47 61 3176 3236 3235
5736 2 2 47 61 3236 3176 3177
5737 2 2 47 61 3177 3237 3236
5738 2 2 47 61 3237 3177 3178
5739 2 2 47 61 3178 3238 3237
5740 2 2 47 61 3238 3178 3179
5741 2 2 47 61 3179 3239 3238
5742 2 2 47 61 3239 3179 3180
5743 2 2 47 61 3180 3240 3239
5744 2 2 47 61 3240 3180 3181
5745 2 2 47 61 3181 3241 3240
5746 2 2 47 61 3241 3181 3182
5747 2 2 47 61 3182 3242 3241
5748 2 2 47 61 3242 3182 3183
5749 2 2 47 61 3183 3243 3242
5750 2 2 47 61 3243 3183 3184
5751 2 2 47 61 3184 3244 3243
5752 2 2 47 61 3244 3184 3185
5753 2 2 47 61 3185 3245 3244
5754 2 2 47 61 3245 3185 3186
5755 2 2 47 61 3186 3246 3245
5756 2 2 47 61 3246 3186 3187
5757 2 2 47 61 3187 299 3246
5758 2 2 47 61 299 3187 300
5759 2 2 47 61 274 3247 275
5760 2 2 47 61 3247 274 3188
5761 2 2 47 61 3188 3248 3247
5762 2 2 47 61 3248 3188 3189
5763 2 2 47 61 3189 3249 3248
5764 2 2 47 61 3249 3189 3190
5765 2 2 47 61 3190 3250 3249
5766 2 2 47 61 3250 3190 3191
5767 2 2 47 61 3191 3251 3250
5768 2 2 47 61 3251 3191 3192
5769 2 2 47 61 3192 3252 3251
5770 2 2 47 61 3252 3192 3193
5771 2 2 47 61 3193 3253 3252
5772 2 2 47 61 3253 3193 3194
5773 2 2 47 61 3194 3254 3253
5774 2 2 47 61 3254 3194 3195
5775 2 2 47 61 3195 3255 3254
5776 2 2 47 61 3255 3195 3196
5777 2 2 47 61 3196 3256 3255
5778 2 2 47 61 3256 3196 3197
5779 2 2 47 61 3197 3257 3256
5780 2 2 47 61 3257 3197 3198
5781 2 2 47 61 3198 3258 3257
5782 2 2 47 61 3258 3198 3199
5783 2 2 47 61 3199 3259 3258
5784 2 2 47 61 3259 3199 3200
5785 2 2 47 61 3200 3260 3259
5786 2 2 47 61 3260 3200 3201
5787 2 2 47 61 3201 3261 3260
5788 2 2 47 61 3261 3201 3202
5789 2 2 47 61 3202 3262 3261
5790 2 2 47 61 3262 3202 3203
5791 2 2 47 61 3203 3263 3262
5792 2 2 47 61 3263 3203 3204
5793 2 2 47 61 3204 3264 3263
5794 2 2 47 61 3264 3204 3205
5795 2 2 47 61 3205 3265 3264
5796 2 2 47 61 3265 3205 3206
5797 2 2 47 61 3206 3266 3265
5798 2 2 47 61 3266 3206 3207
5799 2 2 47 61 3207 3267 3266
5800 2 2 47 61 3267 3207 3208
5801 2 2 47 61 3208 3268 3267
5802 2 2 47 61 3268 3208 3209
5803 2 2 47 61 3209 3269 3268
5804 2 2 47 61 3269 3209 3210
5805 2 2 47 61 3210 3270 3269
5806 2 2 47 61 3270 3210 3211
5807 2 2 47 61 3211 3271 3270
5808 2 2 47 61 3271 3211 3212
5809 2 2 47 61 3212 3272 3271
5810 2 2 47 61 3272 3212 3213
5811 2 2 47 61 3213 3273 3272
5812 2 2 47 61 3273 3213 3214
5813 2 2 47 61 3214 3274 3273
5814 2 2 47 61 3274 3214 3215
5815 2 2 47 61 3215 3275 3274
5816 2 2 47 61 3275 3215 3216
5817 2 2 47 61 3216 3276 3275
5818 2 2 47 61 3276 3216 3217
5819 2 2 47 61 3217 3277 3276
5820 2 2 47 61 3277 3217 3218
5821 2 2 47 61 3218 3278 3277
5822 2 2 47 61 3278 3218 3219
5823 2 2 47 61 3219 3279 3278
5824 2 2 47 61 3279 3219 3220
5825 2 2 47 61 3220 3280 3279
5826 2 2 47 61 3280 3220 3221
5827 2 2 47 61 3221 3281 3280
5828 2 2 47 61 3281 3221 3222
5829 2 2 47 61 3222 3282 3281
5830 2 2 47 61 3282 3222 3223
5831 2 2 47 61 3223 3283 3282
5832 2 2 47 61 3283 3223 3224
5833 2 2 47 61 3224 3284 3283
5834 2 2 47 61 3284 3224 3225
5835 2 2 47 61 3225 3285 3284
5836 2 2 47 61 3285 3225 3226
5837 2 2 47 61 3226 3286 3285
5838 2 2 47 61 3286 3226 3227
5839 2 2 47 61 3227 3287 3286
5840 2 2 47 61 3287 3227 3228
5841 2 2 47 61 3228 3288 3287
5842 2 2 47 61 3288 3228 3229
5843 2 2 47 61 3229 3289 3288
5844 2 2 47 61 3289 3229 3230
5845 2 2 47 61 3230 3290 3289
5846 2 2 47 61 3290 3230 3231
5847 2 2 47 61 3231 3291 3290
5848 2 2 47 61 3291 3231 3232
5849 2 2 47 61 3232 3292 3291
5850 2 2 47 61 3292 3232 3233
5851 2 2 47 61 3233 3293 3292
5852 2 2 47 61 3293 3233 3234
5853 2 2 47 61 3234 3294 3293
5854 2 2 47 61 3294 3234 3235
5855 2 2 47 61 3235 3295 3294
5856 2 2 47 61 3295 3235 3236
5857 2 2 47 61 3236 3296 3295
5858 2 2 47 61 3296 3236 3237
5859 2 2 47 61 3237 3297 3296
5860 2 2 47 61 3297 3237 3238
5861 2 2 47 61 3238 3298 3297
5862 2 2 47 61 3298 3238 3239
5863 2 2 47 61 3239 3299 3298
5864 2 2 47 61 3299 3239 3240
5865 2 2 47 61 3240 3300 3299
5866 2 2 47 61 3300 3240 3241
5867 2 2 47 61 3241 3301 3300
5868 2 2 47 61 3301 3241 3242
5869 2 2 47 61 3242 3302 3301
5870 2 2 47 61 3302 3242 3243
5871 2 2 47 61 3243 3303 3302
5872 2 2 47 61 3303 3243 3244
5873 2 2 47 61 3244 3304 3303
5874 2 2 47 61 3304 3244 3245
5875 2 2 47 61 3245 3305 3304
5876 2 2 47 61 3305 3245 3246
5877 2 2 47 61 3246 298 3305
5878 2 2 47 61 298 3246 299
5879 2 2 47 61 275 3306 276
5880 2 2 47 61 3306 275 3247
5881 2 2 47 61 3247 3307 3306
5882 2 2 47 61 3307 3247 3248
5883 2 2 47 61 3248 3308 3307
5884 2 2 47 61 3308 3248 3249
5885 2 2 47 61 3249 3309 3308
5886 2 2 47 61 3309 3249 3250
5887 2 2 47 61 3250 3310 3309
5888 2 2 47 61 3310 3250 3251
5889 2 2 47 61 3251 3311 3310
5890 2 2 47 61 3311 3251 3252
5891 2 2 47 61 3252 3312 3311
5892 2 2 47 61 3312 3252 3253
5893 2 2 47 61 3253 3313 3312
5894 2 2 47 61 3313 3253 3254
5895 2 2 47 61 3254 3314 3313
5896 2 2 47 61 3314 3254 3255
5897 2 2 47 61 3255 3315 3314
5898 2 2 47 61 3315 3255 3256
5899 2 2 47 61 3256 3316 3315
5900 2 2 47 61 3316 3256 3257
5901 2 2 47 61 3257 3317 3316
5902 2 2 47 61 3317 3257 3258
5903 2 2 47 61 3258 3318 3317
5904 2 2 47 61 3318 3258 3259
5905 2 2 47 61 3259 3319 3318
5906 2 2 47 61 3319 3259 3260
5907 2 2 47 61 3260 3320 3319
5908 2 2 47 61 3320 3260 3261
5909 2 2 47 61 3261 3321 3320
5910 2 2 47 61 3321 3261 3262
5911 2 2 47 61 3262 3322 3321
5912 2 2 47 61 3322 3262 3263
5913 2 2 47 61 3263 3323 3322
5914 2 2 47 61 3323 3263 3264
5915 2 2 47 61 3264 3324 3323
5916 2 2 47 61 3324 3264 3265
5917 2 2 47 61 3265 3325 3324
5918 2 2 47 61 3325 3265 3266
5919 2 2 47 61 3266 3326 3325
5920 2 2 47 61 3326 3266 3267
5921 2 2 47 61 3267 3327 3326
5922 2 2 47 61 3327 3267 3268
5923 2 2 47 61 3268 3328 3327
5924 2 2 47 61 3328 3268 3269
5925 2 2 47 61 3269 3329 3328
5926 2 2 47 61 3329 3269 3270
5927 2 2 47 61 3270 3330 3329
5928 2 2 47 61 3330 3270 3271
5929 2 2 47 61 3271 3331 3330
5930 2 2 47 61 3331 3271 3272
5931 2 2 47 61 3272 3332 3331
5932 2 2 47 61 3332 3272 3273
5933 2 2 47 61 3273 3333 3332
5934 2 2 47 61 3333 3273 3274
5935 2 2 47 61 3274 3334 3333
5936 2 2 47 61 3334 3274 3275
5937 2 2 47 61 3275 3335 3334
5938 2 2 47 61 3335 3275 3276
5939 2 2 47 61 3276 3336 3335
5940 2 2 47 61 3336 3276 3277
5941 2 2 47 61 3277 3337 3336
5942 2 2 47 61 3337 3277 3278
5943 2 2 47 61 3278 3338 3337
5944 2 2 47 61 3338 3278 3279
5945 2 2 47 61 3279 3339 3338
5946 2 2 47 61 3339 3279 3280
5947 2 2 47 61 3280 3340 3339
5948 2 2 47 61 3340 3280 3281
5949 2 2 47 61 3281 3341 3340
5950 2 2 47 61 3341 3281 3282
5951 2 2 47 61 3282 3342 3341
5952 2 2 47 61 3342 3282 3283
5953 2 2 47 61 3283 3343 3342
5954 2 2 47 61 3343 3283 3284
5955 2 2 47 61 3284 3344 3343
5956 2 2 47 61 3344 3284 3285
5957 2 2 47 61 3285 3345 3344
5958 2 2 47 61 3345 3285 3286
5959 2 2 47 61 3286 3346 3345
5960 2 2 47 61 3346 3286 3287
5961 2 2 47 61 3287 3347 3346
5962 2 2 47 61 3347 3287 3288
5963 2 2 47 61 3288 3348 3347
5964 2 2 47 61 3348 3288 3289
5965 2 2 47 61 3289 3349 3348
5966 2 2 47 61 3349 3289 3290
5967 2 2 47 61 3290 3350 3349
5968 2 2 47 61 3350 3290 3291
5969 2 2 47 61 3291 3351 3350
5970 2 2 47 61 3351 3291 3292
5971 2 2 47 61 3292 3352 3351
5972 2 2 47 61 3352 3292 3293
5973 2 2 47 61 3293 3353 3352
5974 2 2 47 61 3353 3293 3294
5975 2 2 47 61 3294 3354 3353
5976 2 2 47 61 3354 3294 3295
5977 2 2 47 61 3295 3355 3354
5978 2 2 47 61 3355 3295 3296
5979 2 2 47 61 3296 3356 3355
5980 2 2 47 61 3356 3296 3297
5981 2 2 47 61 3297 3357 3356
5982 2 2 47 61 3357 3297 3298
5983 2 2 47 61 3298 3358 3357
5984 2 2 47 61 3358 3298 3299
5985 2 2 47 61 3299 3359 3358
5986 2 2 47 61 3359 3299 3300
5987 2 2 47 61 3300 3360 3359
5988 2 2 47 61 3360 3300 3301
5989 2 2 47 61 3301 3361 3360
5990 2 2 47 61 3361 3301 3302
5991 2 2 47 61 3302 3362 3361
5992 2 2 47 61 3362 3302 3303
5993 2 2 47 61 3303 3363 3362
5994 2 2 47 61 3363 3303 3304
5995 2 2 47 61 3304 3364 3363
5996 2 2 47 61 3364 3304 3305
5997 2 2 47 61 3305 297 3364
5998 2 2 47 61 297 3305 298
5999 2 2 47 61 276 3365 277
6000 2 2 47 61 3365 276 3306
6001 2 2 47 61 3306 3366 3365
6002 2 2 47 61 3366 3306 3307
6003 2 2 47 61 3307 3367 3366
6004 2 2 47 61 3367 3307 3308
6005 2 2 47 61 3308 3368 3367
6006 2 2 47 61 3368 3308 3309
6007 2 2 47 61 3309 3369 3368
6008 2 2 47 61 3369 3309 3310
6009 2 2 47 61 3310 3370 3369
6010 2 2 47 61 3370 3310 3311
6011 2 2 47 61 3311 3371 3370
6012 2 2 47 61 3371 3311 3312
6013 2 2 47 61 3312 3372 3371
6014 2 2 47 61 3372 3312 3313
6015 2 2 47 61 3313 3373 3372
6016 2 2 47 61 3373 3313 3314
6017 2 2 47 61 3314 3374 3373
6018 2 2 47 61 3374 3314 3315
6019 2 2 47 61 3315 3375 3374
6020 2 2 47 61 3375 3315 3316
6021 2 2 47 61 3316 3376 3375
6022 2 2 47 61 3376 3316 3317
6023 2 2 47 61 3317 3377 3376
6024 2 2 47 61 3377 3317 3318
6025 2 2 47 61 3318 3378 3377
6026 2 2 47 61 3378 3318 3319
6027 2 2 47 61 3319 3379 3378
6028 2 2 47 61 3379 3319 3320
6029 2 2 47 61 3320 3380 3379
6030 2 2 47 61 3380 3320 3321
6031 2 2 47 61 3321 3381 3380
6032 2 2 47 61 3381 3321 3322
6033 2 2 47 61 3322 3382 3381
6034 2 2 47 61 3382 3322 3323
6035 2 2 47 61 3323 3383 3382
6036 2 2 47 61 3383 3323 3324
6037 2 2 47 61 3324 3384 3383
6038 2 2 47 61 3384 3324 3325
6039 2 2 47 61 3325 3385 3384
6040 2 2 47 61 3385 3325 3326
6041 2 2 47 61 3326 3386 3385
6042 2 2 47 61 3386 3326 3327
6043 2 2 47 61 3327 3387 3386
6044 2 2 47 61 3387 3327 3328
6045 2 2 47 61 3328 3388 3387
6046 2 2 47 61 3388 3328 3329
6047 2 2 47 61 3329 3389 3388
6048 2 2 47 61 3389 3329 3330
6049 2 2 47 61 3330 3390 3389
6050 2 2 47 61 3390 3330 3331
6051 2 2 47 61 3331 3391 3390
6052 2 2 47 61 3391 3331 3332
6053 2 2 47 61 3332 3392 3391
6054 2 2 47 61 3392 3332 3333
6055 2 2 47 61 3333 3393 3392
6056 2 2 47 61 3393 3333 3334
6057 2 2 47 61 3334 3394 3393
6058 2 2 47 61 3394 3334 3335
6059 2 2 47 61 3335 3395 3394
6060 2 2 47 61 3395 3335 3336
6061 2 2 47 61 3336 3396 3395
6062 2 2 47 61 3396 3336 3337
6063 2 2 47 61 3337 3397 3396
6064 2 2 47 61 3397 3337 3338
6065 2 2 47 61 3338 3398 3397
6066 2 2 47 61 3398 3338 3339
6067 2 2 47 61 3339 3399 3398
6068 2 2 47 61 3399 3339 3340
6069 2 2 47 61 3340 3400 3399
6070 2 2 47 61 3400 3340 3341
6071 2 2 47 61 3341 3401 3400
6072 2 2 47 61 3401 3341 3342
6073 2 2 47 61 3342 3402 3401
6074 2 2 47 61 3402 3342 3343
6075 2 2 47 61 3343 3403 3402
6076 2 2 47 61 3403 3343 3344
6077 2 2 47 61 3344 3404 3403
6078 2 2 47 61 3404 3344 3345
6079 2 2 47 61 3345 3405 3404
6080 2 2 47 61 3405 3345 3346
6081 2 2 47 61 3346 3406 3405
6082 2 2 47 61 3406 3346 3347
6083 2 2 47 61 3347 3407 3406
6084 2 2 47 61 3407 3347 3348
6085 2 2 47 61 3348 3408 3407
6086 2 2 47 61 3408 3348 3349
6087 2 2 47 61 3349 3409 3408
6088 2 2 47 61 3409 3349 3350
6089 2 2 47 61 3350 3410 3409
6090 2 2 47 61 3410 3350 3351
6091 2 2 47 61 3351 3411 3410
6092 2 2 47 61 3411 3351 3352
6093 2 2 47 61 3352 3412 3411
6094 2 2 47 61 3412 3352 3353
6095 2 2 47 61 3353 3413 3412
6096 2 2 47 61 3413 3353 3354
6097 2 2 47 61 3354 3414 3413
6098 2 2 47 61 3414 3354 3355
6099 2 2 47 61 3355 3415 3414
6100 2 2 47 61 3415 3355 3356
6101 2 2 47 61 3356 3416 3415
6102 2 2 47 61 3416 3356 3357
6103 2 2 47 61 3357 3417 3416
6104 2 2 47 61 3417 3357 3358
6105 2 2 47 61 3358 3418 3417
6106 2 2 47 61 3418 3358 3359
6107 2 2 47 61 3359 3419 3418
6108 2 2 47 61 3419 3359 3360
6109 2 2 47 61 3360 3420 3419
6110 2 2 47 61 3420 3360 3361
6111 2 2 47 61 3361 3421 3420
6112 2 2 47 61 3421 3361 3362
6113 2 2 47 61 3362 3422 3421
6114 2 2 47 61 3422 3362 3363
6115 2 2 47 61 3363 3423 3422
6116 2 2 47 61 3423 3363 3364
6117 2 2 47 61 3364 296 3423
6118 2 2 47 61 296 3364 297
6119 2 2 47 61 277 3424 278
6120 2 2 47 61 3424 277 3365
6121 2 2 47 61 3365 3425 3424
6122 2 2 47 61 3425 3365 3366
6123 2 2 47 61 3366 3426 3425
6124 2 2 47 61 3426 3366 3367
6125 2 2 47 61 3367 3427 3426
6126 2 2 47 61 3427 3367 3368
6127 2 2 47 61 3368 3428 3427
6128 2 2 47 61 3428 3368 3369
6129 2 2 47 61 3369 3429 3428
6130 2 2 47 61 3429 3369 3370
6131 2 2 47 61 3370 3430 3429
6132 2 2 47 61 3430 3370 3371
6133 2 2 47 61 3371 3431 3430
6134 2 2 47 61 3431 3371 3372
6135 2 2 47 61 3372 3432 3431
6136 2 2 47 61 3432 3372 3373
6137 2 2 47 61 3373 3433 3432
6138 2 2 47 61 3433 3373 3374
6139 2 2 47 61 3374 3434 3433
6140 2 2 47 61 3434 3374 3375
6141 2 2 47 61 3375 3435 3434
6142 2 2 47 61 3435 3375 3376
6143 2 2 47 61 3376 3436 3435
6144 2 2 47 61 3436 3376 3377
6145 2 2 47 61 3377 3437 3436
6146 2 2 47 61 3437 3377 3378
6147 2 2 47 61 3378 3438 3437
6148 2 2 47 61 3438 3378 3379
6149 2 2 47 61 3379 3439 3438
6150 2 2 47 61 3439 3379 3380
6151 2 2 47 61 3380 3440 3439
6152 2 2 47 61 3440 3380 3381
6153 2 2 47 61 3381 3441 3440
6154 2 2 47 61 3441 3381 3382
6155 2 2 47 61 3382 3442 3441
6156 2 2 47 61 3442 3382 3383
6157 2 2 47 61 3383 3443 3442
6158 2 2 47 61 3443 3383 3384
6159 2 2 47 61 3384 3444 3443
6160 2 2 47 61 3444 3384 3385
6161 2 2 47 61 3385 3445 3444
6162 2 2 47 61 3445 3385 3386
6163 2 2 47 61 3386 3446 3445
6164 2 2 47 61 3446 3386 3387
6165 2 2 47 61 3387 3447 3446
6166 2 2 47 61 3447 3387 3388
6167 2 2 47 61 3388 3448 3447
6168 2 2 47 61 3448 3388 3389
6169 2 2 47 61 3389 3449 3448
6170 2 2 47 61 3449 3389 3390
6171 2 2 47 61 3390 3450 3449
6172 2 2 47 61 3450 3390 3391
6173 2 2 47 61 3391 3451 3450
6174 2 2 47 61 3451 3391 3392
6175 2 2 47 61 3392 3452 3451
6176 2 2 47 61 3452 3392 3393
6177 2 2 47 61 3393 3453 3452
6178 2 2 47 61 3453 3393 3394
6179 2 2 47 61 3394 3454 3453
6180 2 2 47 61 3454 3394 3395
6181 2 2 47 61 3395 3455 3454
6182 2 2 47 61 3455 3395 3396
6183 2 2 47 61 3396 3456 3455
6184 2 2 47 61 3456 3396 3397
6185 2 2 47 61 3397 3457 3456
6186 2 2 47 61 3457 3397 3398
6187 2 2 47 61 3398 3458 3457
6188 2 2 47 61 3458 3398 3399
6189 2 2 47 61 3399 3459 3458
6190 2 2 47 61 3459 3399 3400
6191 2 2 47 61 3400 3460 3459
6192 2 2 47 61 3460 3400 3401
6193 2 2 47 61 3401 3461 3460
6194 2 2 47 61 3461 3401 3402
6195 2 2 47 61 3402 3462 3461
6196 2 2 47 61 3462 3402 3403
6197 2 2 47 61 3403 3463 3462
6198 2 2 47 61 3463 3403 3404
6199 2 2 47 61 3404 3464 3463
6200 2 2 47 61 3464 3404 3405
6201 2 2 47 61 3405 3465 3464
6202 2 2 47 61 3465 3405 3406
6203 2 2 47 61 3406 3466 3465
6204 2 2 47 61 3466 3406 3407
6205 2 2 47 61 3407 3467 3466
6206 2 2 47 61 3467 3407 3408
6207 2 2 47 61 3408 3468 3467
6208 2 2 47 61 3468 3408 3409
6209 2 2 47 61 3409 3469 3468
6210 2 2 47 61 3469 3409 3410
6211 2 2 47 61 3410 3470 3469
6212 2 2 47 61 3470 3410 3411
6213 2 2 47 61 3411 3471 3470
6214 2 2 47 61 3471 3411 3412
6215 2 2 47 61 3412 3472 3471
6216 2 2 47 61 3472 3412 3413
6217 2 2 47 61 3413 3473 3472
6218 2 2 47 61 3473 3413 3414
6219 2 2 47 61 3414 3474 3473
6220 2 2 47 61 3474 3414 3415
6221 2 2 47 61 3415 3475 3474
6222 2 2 47 61 3475 3415 3416
6223 2 2 47 61 3416 3476 3475
6224 2 2 47 61 3476 3416 3417
6225 2 2 47 61 3417 3477 3476
6226 2 2 47 61 3477 3417 3418
6227 2 2 47 61 3418 3478 3477
6228 2 2 47 61 3478 3418 3419
6229 2 2 47 61 3419 3479 3478
6230 2 2 47 61 3479 3419 3420
6231 2 2 47 61 3420 3480 3479
6232 2 2 47 61 3480 3420 3421
6233 2 2 47 61 3421 3481 3480
6234 2 2 47 61 3481 3421 3422
6235 2 2 47 61 3422 3482 3481
6236 2 2 47 61 3482 3422 3423
6237 2 2 47 61 3423 295 3482
6238 2 2 47 61 295 3423 296
6239 2 2 47 61 278 3483 279
6240 2 2 47 61 3483 278 3424
6241 2 2 47 61 3424 3484 3483
6242 2 2 47 61 3484 3424 3425
6243 2 2 47 61 3425 3485 3484
6244 2 2 47 61 3485 3425 3426
6245 2 2 47 61 3426 3486 3485
6246 2 2 47 61 3486 3426 3427
6247 2 2 47 61 3427 3487 3486
6248 2 2 47 61 3487 3427 3428
6249 2 2 47 61 3428 3488 3487
6250 2 2 47 61 3488 3428 3429
6251 2 2 47 61 3429 3489 3488
6252 2 2 47 61 3489 3429 3430
6253 2 2 47 61 3430 3490 3489
6254 2 2 47 61 3490 3430 3431
6255 2 2 47 61 3431 3491 3490
6256 2 2 47 61 3491 3431 3432
6257 2 2 47 61 3432 3492 3491
6258 2 2 47 61 3492 3432 3433
6259 2 2 47 61 3433 3493 3492
6260 2 2 47 61 3493 3433 3434
6261 2 2 47 61 3434 3494 3493
6262 2 2 47 61 3494 3434 3435
6263 2 2 47 61 3435 3495 3494
6264 2 2 47 61 3495 3435 3436
6265 2 2 47 61 3436 3496 3495
6266 2 2 47 61 3496 3436 3437
6267 2 2 47 61 3437 3497 3496
6268 2 2 47 61 3497 3437 3438
6269 2 2 47 61 3438 3498 3497
6270 2 2 47 61 3498 3438 3439
6271 2 2 47 61 3439 3499 3498
6272 2 2 47 61 3499 3439 3440
6273 2 2 47 61 3440 3500 3499
6274 2 2 47 61 3500 3440 3441
6275 2 2 47 61 3441 3501 3500
6276 2 2 47 61 3501 3441 3442
6277 2 2 47 61 3442 3502 3501
6278 2 2 47 61 3502 3442 3443
6279 2 2 47 61 3443 3503 3502
6280 2 2 47 61 3503 3443 3444
6281 2 2 47 61 3444 3504 3503
6282 2 2 47 61 3504 3444 3445
6283 2 2 47 61 3445 3505 3504
6284 2 2 47 61 3505 3445 3446
6285 2 2 47 61 3446 3506 3505
6286 2 2 47 61 3506 3446 3447
6287 2 2 47 61 3447 3507 3506
6288 2 2 47 61 3507 3447 3448
6289 2 2 47 61 3448 3508 3507
6290 2 2 47 61 3508 3448 3449
6291 2 2 47 61 3449 3509 3508
6292 2 2 47 61 3509 3449 3450
6293 2 2 47 61 3450 3510 3509
6294 2 2 47 61 3510 3450 3451
6295 2 2 47 61 3451 3511 3510
6296 2 2 47 61 3511 3451 3452
6297 2 2 47 61 3452 3512 3511
6298 2 2 47 61 3512 3452 3453
6299 2 2 47 61 3453 3513 3512
6300 2 2 47 61 3513 3453 3454
6301 2 2 47 61 3454 3514 3513
6302 2 2 47 61 3514 3454 3455
6303 2 2 47 61 3455 3515 3514
6304 2 2 47 61 3515 3455 3456
6305 2 2 47 61 3456 3516 3515
6306 2 2 47 61 3516 3456 3457
6307 2 2 47 61 3457 3517 3516
6308 2 2 47 61 3517 3457 3458
6309 2 2 47 61 3458 3518 3517
6310 2 2 47 61 3518 3458 3459
6311 2 2 47 61 3459 3519 3518
6312 2 2 47 61 3519 3459 3460
6313 2 2 47 61 3460 3520 3519
6314 2 2 47 61 3520 3460 3461
6315 2 2 47 61 3461 3521 3520
6316 2 2 47 61 3521 3461 3462
6317 2 2 47 61 3462 3522 3521
6318 2 2 47 61 3522 3462 3463
6319 2 2 47 61 3463 3523 3522
6320 2 2 47 61 3523 3463 3464
6321 2 2 47 61 3464 3524 3523
6322 2 2 47 61 3524 3464 3465
6323 2 2 47 61 3465 3525 3524
6324 2 2 47 61 3525 3465 3466
6325 2 2 47 61 3466 3526 3525
6326 2 2 47 61 3526 3466 3467
6327 2 2 47 61 3467 3527 3526
6328 2 2 47 61 3527 3467 3468
6329 2 2 47 61 3468 3528 3527
6330 2 2 47 61 3528 3468 3469
6331 2 2 47 61 3469 3529 3528
6332 2 2 47 61 3529 3469 3470
6333 2 2 47 61 3470 3530 3529
6334 2 2 47 61 3530 3470 3471
6335 2 2 47 61 3471 3531 3530
6336 2 2 47 61 3531 3471 3472
6337 2 2 47 61 3472 3532 3531
6338 2 2 47 61 3532 3472 3473
6339 2 2 47 61 3473 3533 3532
6340 2 2 47 61 3533 3473 3474
6341 2 2 47 61 3474 3534 3533
6342 2 2 47 61 3534 3474 3475
6343 2 2 47 61 3475 3535 3534
6344 2 2 47 61 3535 3475 3476
6345 2 2 47 61 3476 3536 3535
6346 2 2 47 61 3536 3476 3477
6347 2 2 47 61 3477 3537 3536
6348 2 2 47 61 3537 3477 3478
6349 2 2 47 61 3478 3538 3537
6350 2 2 47 61 3538 3478 3479
6351 2 2 47 61 3479 3539 3538
6352 2 2 47 61 3539 3479 3480
6353 2 2 47 61 3480 3540 3539
6354 2 2 47 61 3540 3480 3481
6355 2 2 47 61 3481 3541 3540
6356 2 2 47 61 3541 3481 3482
6357 2 2 47 61 3482 294 3541
6358 2 2 47 61 294 3482 295
6359 2 2 47 61 279 409 2
6360 2 2 47 61 409 279 3483
6361 2 2 47 61 3483 410 409
6362 2 2 47 61 410 3483 3484
6363 2 2 47 61 3484 411 410
6364 2 2 47 61 411 3484 3485
6365 2 2 47 61 3485 412 411
6366 2 2 47 61 412 3485 3486
6367 2 2 47 61 3486 413 412
6368 2 2 47 61 413 3486 3487
6369 2 2 47 61 3487 414 413
6370 2 2 47 61 414 3487 3488
6371 2 2 47 61 3488 415 414
6372 2 2 47 61 415 3488 3489
6373 2 2 47 61 3489 416 415
6374 2 2 47 61 416 3489 3490
6375 2 2 47 61 3490 417 416
6376 2 2 47 61 417 3490 3491
6377 2 2 47 61 3491 418 417
6378 2 2 47 61 418 3491 3492
6379 2 2 47 61 3492 419 418
6380 2 2 47 61 419 3492 3493
6381 2 2 47 61 3493 420 419
6382 2 2 47 61 420 3493 3494
6383 2 2 47 61 3494 421 420
6384 2 2 47 61 421 3494 3495
6385 2 2 47 61 3495 422 421
6386 2 2 47 61 422 3495 3496
6387 2 2 47 61 3496 423 422
6388 2 2 47 61 423 3496 3497
6389 2 2 47 61 3497 424 423
6390 2 2 47 61 424 3497 3498
6391 2 2 47 61 3498 425 424
6392 2 2 47 61 425 3498 3499
6393 2 2 47 61 3499 426 425
6394 2 2 47 61 426 3499 3500
6395 2 2 47 61 3500 427 426
6396 2 2 47 61 427 3500 3501
6397 2 2 47 61 3501 428 427
6398 2 2 47 61 428 3501 3502
6399 2 2 47 61 3502 429 428
6400 2 2 47 61 429 3502 3503
6401 2 2 47 61 3503 430 429
6402 2 2 47 61 430 3503 3504
6403 2 2 47 61 3504 431 430
6404 2 2 47 61 431 3504 3505
6405 2 2 47 61 3505 432 431
6406 2 2 47 61 432 3505 3506
6407 2 2 47 61 3506 433 432
6408 2 2 47 61 433 3506 3507
6409 2 2 47 61 3507 434 433
6410 2 2 47 61 434 3507 3508
6411 2 2 47 61 3508 435 434
6412 2 2 47 61 435 3508 3509
6413 2 2 47 61 3509 436 435
6414 2 2 47 61 436 3509 3510
6415 2 2 47 61 3510 437 436
6416 2 2 47 61 437 3510 3511
6417 2 2 47 61 3511 438 437
6418 2 2 47 61 438 3511 3512
6419 2 2 47 61 3512 439 438
6420 2 2 47 61 439 3512 3513
6421 2 2 47 61 3513 440 439
6422 2 2 47 61 440 3513 3514
6423 2 2 47 61 3514 441 440
6424 2 2 47 61 441 3514 3515
6425 2 2 47 61 3515 442 441
6426 2 2 47 61 442 3515 3516
6427 2 2 47 61 3516 443 442
6428 2 2 47 61 443 3516 3517
6429 2 2 47 61 3517 444 443
6430 2 2 47 61 444 3517 3518
6431 2 2 47 61 3518 445 444
6432 2 2 47 61 445 3518 3519
6433 2 2 47 61 3519 446 445
6434 2 2 47 61 446 3519 3520
6435 2 2 47 61 3520 447 446
6436 2 2 47 61 447 3520 3521
6437 2 2 47 61 3521 448 447
6438 2 2 47 61 448 3521 3522
6439 2 2 47 61 3522 449 448
6440 2 2 47 61 449 3522 3523
6441 2 2 47 61 3523 450 449
6442 2 2 47 61 450 3523 3524
6443 2 2 47 61 3524 451 450
6444 2 2 47 61 451 3524 3525
6445 2 2 47 61 3525 452 451
6446 2 2 47 61 452 3525 3526
6447 2 2 47 61 3526 453 452
6448 2 2 47 61 453 3526 3527
6449 2 2 47 61 3527 454 453
6450 2 2 47 61 454 3527 3528
6451 2 2 47 61 3528 455 454
6452 2 2 47 61 455 3528 3529
6453 2 2 47 61 3529 456 455
6454 2 2 47 61 456 3529 3530
6455 2 2 47 61 3530 457 456
6456 2 2 47 61 457 3530 3531
6457 2 2 47 61 3531 458 457
6458 2 2 47 61 458 3531 3532
6459 2 2 47 61 3532 459 458
6460 2 2 47 61 459 3532 3533
6461 2 2 47 61 3533 460 459
6462 2 2 47 61 460 3533 3534
6463 2 2 47 61 3534 461 460
6464 2 2 47 61 461 3534 3535
6465 2 2 47 61 3535 462 461
6466 2 2 47 61 462 3535 3536
6467 2 2 47 61 3536 463 462
6468 2 2 47 61 463 3536 3537
6469 2 2 47 61 3537 464 463
6470 2 2 47 61 464 3537 3538
6471 2 2 47 61 3538 465 464
6472 2 2 47 61 465 3538 3539
6473 2 2 47 61 3539 466 465
6474 2 2 47 61 466 3539 3540
6475 2 2 47 61 3540 467 466
6476 2 2 47 61 467 3540 3541
6477 2 2 47 61 3541 3 467
6478 2 2 47 61 3 3541 294
6479 2 2 48 62 1 293 30
6480 2 2 48 62 30 293 3542
6481 2 2 48 62 30 3542 31
6482 2 2 48 62 31 3542 3543
6483 2 2 48 62 31 3543 32
6484 2 2 48 62 32 3543 3544
6485 2 2 48 62 32 3544 33
6486 2 2 48 62 33 3544 3545
6487 2 2 48 62 33 3545 34
6488 2 2 48 62 34 3545 3546
6489 2 2 48 62 34 3546 35
6490 2 2 48 62 35 3546 3547
6491 2 2 48 62 35 3547 36
6492 2 2 48 62 36 3547 3548
6493 2 2 48 62 36 3548 37
6494 2 2 48 62 37 3548 3549
6495 2 2 48 62 37 3549 38
6496 2 2 48 62 38 3549 3550
6497 2 2 48 62 38 3550 39
6498 2 2 48 62 39 3550 3551
6499 2 2 48 62 39 3551 40
6500 2 2 48 62 40 3551 3552
6501 2 2 48 62 40 3552 41
6502 2 2 48 62 41 3552 3553
6503 2 2 48 62 41 3553 42
6504 2 2 48 62 42 3553 3554
6505 2 2 48 62 42 3554 43
6506 2 2 48 62 43 3554 3555
6507 2 2 48 62 43 3555 44
6508 2 2 48 62 44 3555 3556
6509 2 2 48 62 44 3556 45
6510 2 2 48 62 45 3556 3557
6511 2 2 48 62 45 3557 46
6512 2 2 48 62 46 3557 3558
6513 2 2 48 62 46 3558 47
6514 2 2 48 62 47 3558 3559
6515 2 2 48 62 47 3559 48
6516 2 2 48 62 48 3559 3560
6517 2 2 48 62 48 3560 49
6518 2 2 48 62 49 3560 3561
6519 2 2 48 62 49 3561 50
6520 2 2 48 62 50 3561 3562
6521 2 2 48 62 50 3562 51
6522 2 2 48 62 51 3562 3563
6523 2 2 48 62 51 3563 52
6524 2 2 48 62 52 3563 3564
6525 2 2 48 62 52 3564 53
6526 2 2 48 62 53 3564 3565
6527 2 2 48 62 53 3565 54
6528 2 2 48 62 54 3565 3566
6529 2 2 48 62 54 3566 55
6530 2 2 48 62 55 3566 3567
6531 2 2 48 62 55 3567 56
6532 2 2 48 62 56 3567 3568
6533 2 2 48 62 56 3568 57
6534 2 2 48 62 57 3568 3569
6535 2 2 48 62 57 3569 58
6536 2 2 48 62 58 3569 3570
6537 2 2 48 62 58 3570 59
6538 2 2 48 62 59 3570 3571
6539 2 2 48 62 59 3571 60
6540 2 2 48 62 60 3571 3572
6541 2 2 48 62 60 3572 61
6542 2 2 48 62 61 3572 3573
6543 2 2 48 62 61 3573 62
6544 2 2 48 62 62 3573 3574
6545 2 2 48 62 62 3574 63
6546 2 2 48 62 63 3574 3575
6547 2 2 48 62 63 3575 64
6548 2 2 48 62 64 3575 3576
6549 2 2 48 62 64 3576 65
6550 2 2 48 62 65 3576 3577
6551 2 2 48 62 65 3577 66
6552 2 2 48 62 66 3577 3578
6553 2 2 48 62 66 3578 67
6554 2 2 48 62 67 3578 3579
6555 2 2 48 62 67 3579 68
6556 2 2 48 62 68 3579 3580
6557 2 2 48 62 68 3580 69
6558 2 2 48 62 69 3580 3581
6559 2 2 48 62 69 3581 70
6560 2 2 48 62 70 3581 3582
6561 2 2 48 62 70 3582 71
6562 2 2 48 62 71 3582 3583
6563 2 2 48 62 71 3583 72
6564 2 2 48 62 72 3583 3584
6565 2 2 48 62 72 3584 73
6566 2 2 48 62 73 3584 3585
6567 2 2 48 62 73 3585 74
6568 2 2 48 62 74 3585 3586
6569 2 2 48 62 74 3586 75
6570 2 2 48 62 75 3586 3587
6571 2 2 48 62 75 3587 76
6572 2 2 48 62 76 3587 3588
6573 2 2 48 62 76 3588 77
6574 2 2 48 62 77 3588 3589
6575 2 2 48 62 77 3589 78
6576 2 2 48 62 78 3589 3590
6577 2 2 48 62 78 3590 79
6578 2 2 48 62 79 3590 3591
6579 2 2 48 62 79 3591 80
6580 2 2 48 62 80 3591 3592
6581 2 2 48 62 80 3592 81
6582 2 2 48 62 81 3592 3593
6583 2 2 48 62 81 3593 82
6584 2 2 48 62 82 3593 3594
6585 2 2 48 62 82 3594 83
6586 2 2 48 62 83 3594 3595
6587 2 2 48 62 83 3595 84
6588 2 2 48 62 84 3595 3596
6589 2 2 48 62 84 3596 85
6590 2 2 48 62 85 3596 3597
6591 2 2 48 62 85 3597 86
6592 2 2 48 62 86 3597 3598
6593 2 2 48 62 86 3598 87
6594 2 2 48 62 87 3598 3599
6595 2 2 48 62 87 3599 88
6596 2 2 48 62 88 3599 3600
6597 2 2 48 62 88 3600 4
6598 2 2 48 62 4 3600 308
6599 2 2 48 62 293 292 3542
6600 2 2 48 62 3542 292 3601
6601 2 2 48 62 3542 3601 3543
6602 2 2 48 62 3543 3601 3602
6603 2 2 48 62 3543 3602 3544
6604 2 2 48 62 3544 3602 3603
6605 2 2 48 62 3544 3603 3545
6606 2 2 48 62 3545 3603 3604
6607 2 2 48 62 3545 3604 3546
6608 2 2 48 62 3546 3604 3605
6609 2 2 48 62 3546 3605 3547
6610 2 2 48 62 3547 3605 3606
6611 2 2 48 62 3547 3606 3548
6612 2 2 48 62 3548 3606 3607
6613 2 2 48 62 3548 3607 3549
6614 2 2 48 62 3549 3607 3608
6615 2 2 48 62 3549 3608 3550
6616 2 2 48 62 3550 3608 3609
6617 2 2 48 62 3550 3609 3551
6618 2 2 48 62 3551 3609 3610
6619 2 2 48 62 3551 3610 3552
6620 2 2 48 62 3552 3610 3611
6621 2 2 48 62 3552 3611 3553
6622 2 2 48 62 3553 3611 3612
6623 2 2 48 62 3553 3612 3554
6624 2 2 48 62 3554 3612 3613
6625 2 2 48 62 3554 3613 3555
6626 2 2 48 62 3555 3613 3614
6627 2 2 48 62 3555 3614 3556
6628 2 2 48 62 3556 3614 3615
6629 2 2 48 62 3556 3615 3557
6630 2 2 48 62 3557 3615 3616
6631 2 2 48 62 3557 3616 3558
6632 2 2 48 62 3558 3616 3617
6633 2 2 48 62 3558 3617 3559
6634 2 2 48 62 3559 3617 3618
6635 2 2 48 62 3559 3618 3560
6636 2 2 48 62 3560 3618 3619
6637 2 2 48 62 3560 3619 3561
6638 2 2 48 62 3561 3619 3620
6639 2 2 48 62 3561 3620 3562
6640 2 2 48 62 3562 3620 3621
6641 2 2 48 62 3562 3621 3563
6642 2 2 48 62 3563 3621 3622
6643 2 2 48 62 3563 3622 3564
6644 2 2 48 62 3564 3622 3623
6645 2 2 48 62 3564 3623 3565
6646 2 2 48 62 3565 3623 3624
6647 2 2 48 62 3565 3624 3566
6648 2 2 48 62 3566 3624 3625
6649 2 2 48 62 3566 3625 3567
6650 2 2 48 62 3567 3625 3626
6651 2 2 48 62 3567 3626 3568
6652 2 2 48 62 3568 3626 3627
6653 2 2 48 62 3568 3627 3569
6654 2 2 48 62 3569 3627 3628
6655 2 2 48 62 3569 3628 3570
6656 2 2 48 62 3570 3628 3629
6657 2 2 48 62 3570 3629 3571
6658 2 2 48 62 3571 3629 3630
6659 2 2 48 62 3571 3630 3572
6660 2 2 48 62 3572 3630 3631
6661 2 2 48 62 3572 3631 3573
6662 2 2 48 62 3573 3631 3632
6663 2 2 48 62 3573 3632 3574
6664 2 2 48 62 3574 3632 3633
6665 2 2 48 62 3574 3633 3575
6666 2 2 48 62 3575 3633 3634
6667 2 2 48 62 3575 3634 3576
6668 2 2 48 62 3576 3634 3635
6669 2 2 48 62 3576 3635 3577
6670 2 2 48 62 3577 3635 3636
6671 2 2 48 62 3577 3636 3578
6672 2 2 48 62 3578 3636 3637
6673 2 2 48 62 3578 3637 3579
6674 2 2 48 62 3579 3637 3638
6675 2 2 48 62 3579 3638 3580
6676 2 2 48 62 3580 3638 3639
6677 2 2 48 62 3580 3639 3581
6678 2 2 48 62 3581 3639 3640
6679 2 2 48 62 3581 3640 3582
6680 2 2 48 62 3582 3640 3641
6681 2 2 48 62 3582 3641 3583
6682 2 2 48 62 3583 3641 3642
6683 2 2 48 62 3583 3642 3584
6684 2 2 48 62 3584 3642 3643
6685 2 2 48 62 3584 3643 3585
6686 2 2 48 62 3585 3643 3644
6687 2 2 48 62 3585 3644 3586
6688 2 2 48 62 3586 3644 3645
6689 2 2 48 62 3586 3645 3587
6690 2 2 48 62 3587 3645 3646
6691 2 2 48 62 3587 3646 3588
6692 2 2 48 62 3588 3646 3647
6693 2 2 48 62 3588 3647 3589
6694 2 2 48 62 3589 3647 3648
6695 2 2 48 62 3589 3648 3590
6696 2 2 48 62 3590 3648 3649
6697 2 2 48 62 3590 3649 3591
6698 2 2 48 62 3591 3649 3650
6699 2 2 48 62 3591 3650 3592
6700 2 2 48 62 3592 3650 3651
6701 2 2 48 62 3592 3651 3593
6702 2 2 48 62 3593 3651 3652
6703 2 2 48 62 3593 3652 3594
6704 2 2 48 62 3594 3652 3653
6705 2 2 48 62 3594 3653 3595
6706 2 2 48 62 3595 3653 3654
6707 2 2 48 62 3595 3654 3596
6708 2 2 48 62 3596 3654 3655
6709 2 2 48 62 3596 3655 3597
6710 2 2 48 62 3597 3655 3656
6711 2 2 48 62 3597 3656 3598
6712 2 2 48 62 3598 3656 3657
6713 2 2 48 62 3598 3657 3599
6714 2 2 48 62 3599 3657 3658
6715 2 2 48 62 3599 3658 3600
6716 2 2 48 62 3600 3658 3659
6717 2 2 48 62 3600 3659 308
6718 2 2 48 62 308 3659 309
6719 2 2 48 62 292 291 3601
6720 2 2 48 62 3601 291 3660
6721 2 2 48 62 3601 3660 3602
6722 2 2 48 62 3602 3660 3661
6723 2 2 48 62 3602 3661 3603
6724 2 2 48 62 3603 3661 3662
6725 2 2 48 62 3603 3662 3604
6726 2 2 48 62 3604 3662 3663
6727 2 2 48 62 3604 3663 3605
6728 2 2 48 62 3605 3663 3664
6729 2 2 48 62 3605 3664 3606
6730 2 2 48 62 3606 3664 3665
6731 2 2 48 62 3606 3665 3607
6732 2 2 48 62 3607 3665 3666
6733 2 2 48 62 3607 3666 3608
6734 2 2 48 62 3608 3666 3667
6735 2 2 48 62 3608 3667 3609
6736 2 2 48 62 3609 3667 3668
6737 2 2 48 62 3609 3668 3610
6738 2 2 48 62 3610 3668 3669
6739 2 2 48 62 3610 3669 3611
6740 2 2 48 62 3611 3669 3670
6741 2 2 48 62 3611 3670 3612
6742 2 2 48 62 3612 3670 3671
6743 2 2 48 62 3612 3671 3613
6744 2 2 48 62 3613 3671 3672
6745 2 2 48 62 3613 3672 3614
6746 2 2 48 62 3614 3672 3673
6747 2 2 48 62 3614 3673 3615
6748 2 2 48 62 3615 3673 3674
6749 2 2 48 62 3615 3674 3616
6750 2 2 48 62 3616 3674 3675
6751 2 2 48 62 3616 3675 3617
6752 2 2 48 62 3617 3675 3676
6753 2 2 48 62 3617 3676 3618
6754 2 2 48 62 3618 3676 3677
6755 2 2 48 62 3618 3677 3619
6756 2 2 48 62 3619 3677 3678
6757 2 2 48 62 3619 3678 3620
6758 2 2 48 62 3620 3678 3679
6759 2 2 48 62 3620 3679 3621
6760 2 2 48 62 3621 3679 3680
6761 2 2 48 62 3621 3680 3622
6762 2 2 48 62 3622 3680 3681
6763 2 2 48 62 3622 3681 3623
6764 2 2 48 62 3623 3681 3682
6765 2 2 48 62 3623 3682 3624
6766 2 2 48 62 3624 3682 3683
6767 2 2 48 62 3624 3683 3625
6768 2 2 48 62 3625 3683 3684
6769 2 2 48 62 3625 3684 3626
6770 2 2 48 62 3626 3684 3685
6771 2 2 48 62 3626 3685 3627
6772 2 2 48 62 3627 3685 3686
6773 2 2 48 62 3627 3686 3628
6774 2 2 48 62 3628 3686 3687
6775 2 2 48 62 3628 3687 3629
6776 2 2 48 62 3629 3687 3688
6777 2 2 48 62 3629 3688 3630
6778 2 2 48 62 3630 3688 3689
6779 2 2 48 62 3630 3689 3631
6780 2 2 48 62 3631 3689 3690
6781 2 2 48 62 3631 3690 3632
6782 2 2 48 62 3632 3690 3691
6783 2 2 48 62 3632 3691 3633
6784 2 2 48 62 3633 3691 3692
6785 2 2 48 62 3633 3692 3634
6786 2 2 48 62 3634 3692 3693
6787 2 2 48 62 3634 3693 3635
6788 2 2 48 62 3635 3693 3694
6789 2 2 48 62 3635 3694 3636
6790 2 2 48 62 3636 3694 3695
6791 2 2 48 62 3636 3695 3637
6792 2 2 48 62 3637 3695 3696
6793 2 2 48 62 3637 3696 3638
6794 2 2 48 62 3638 3696 3697
6795 2 2 48 62 3638 3697 3639
6796 2 2 48 62 3639 3697 3698
6797 2 2 48 62 3639 3698 3640
6798 2 2 48 62 3640 3698 3699
6799 2 2 48 62 3640 3699 3641
6800 2 2 48 62 3641 3699 3700
6801 2 2 48 62 3641 3700 3642
6802 2 2 48 62 3642 3700 3701
6803 2 2 48 62 3642 3701 3643
6804 2 2 48 62 3643 3701 3702
6805 2 2 48 62 3643 3702 3644
6806 2 2 48 62 3644 3702 3703
6807 2 2 48 62 3644 3703 3645
6808 2 2 48 62 3645 3703 3704
6809 2 2 48 62 3645 3704 3646
6810 2 2 48 62 3646 3704 3705
6811 2 2 48 62 3646 3705 3647
6812 2 2 48 62 3647 3705 3706
6813 2 2 48 62 3647 3706 3648
6814 2 2 48 62 3648 3706 3707
6815 2 2 48 62 3648 3707 3649
6816 2 2 48 62 3649 3707 3708
6817 2 2 48 62 3649 3708 3650
6818 2 2 48 62 3650 3708 3709
6819 2 2 48 62 3650 3709 3651
6820 2 2 48 62 3651 3709 3710
6821 2 2 48 62 3651 3710 3652
6822 2 2 48 62 3652 3710 3711
6823 2 2 48 62 3652 3711 3653
6824 2 2 48 62 3653 3711 3712
6825 2 2 48 62 3653 3712 3654
6826 2 2 48 62 3654 3712 3713
6827 2 2 48 62 3654 3713 3655
6828 2 2 48 62 3655 3713 3714
6829 2 2 48 62 3655 3714 3656
6830 2 2 48 62 3656 3714 3715
6831 2 2 48 62 3656 3715 3657
6832 2 2 48 62 3657 3715 3716
6833 2 2 48 62 3657 3716 3658
6834 2 2 48 62 3658 3716 3717
6835 2 2 48 62 3658 3717 3659
6836 2 2 48 62 3659 3717 3718
6837 2 2 48 62 3659 3718 309
6838 2 2 48 62 309 3718 310
6839 2 2 48 62 291 290 3660
6840 2 2 48 62 3660 290 3719
6841 2 2 48 62 3660 3719 3661
6842 2 2 48 62 3661 3719 3720
6843 2 2 48 62 3661 3720 3662
6844 2 2 48 62 3662 3720 3721
6845 2 2 48 62 3662 3721 3663
6846 2 2 48 62 3663 3721 3722
6847 2 2 48 62 3663 3722 3664
6848 2 2 48 62 3664 3722 3723
6849 2 2 48 62 3664 3723 3665
6850 2 2 48 62 3665 3723 3724
6851 2 2 48 62 3665 3724 3666
6852 2 2 48 62 3666 3724 3725
6853 2 2 48 62 3666 3725 3667
6854 2 2 48 62 3667 3725 3726
6855 2 2 48 62 3667 3726 3668
6856 2 2 48 62 3668 3726 3727
6857 2 2 48 62 3668 3727 3669
6858 2 2 48 62 3669 3727 3728
6859 2 2 48 62 3669 3728 3670
6860 2 2 48 62 3670 3728 3729
6861 2 2 48 62 3670 3729 3671
6862 2 2 48 62 3671 3729 3730
6863 2 2 48 62 3671 3730 3672
6864 2 2 48 62 3672 3730 3731
6865 2 2 48 62 3672 3731 3673
6866 2 2 48 62 3673 3731 3732
6867 2 2 48 62 3673 3732 3674
6868 2 2 48 62 3674 3732 3733
6869 2 2 48 62 3674 3733 3675
6870 2 2 48 62 3675 3733 3734
6871 2 2 48 62 3675 3734 3676
6872 2 2 48 62 3676 3734 3735
6873 2 2 48 62 3676 3735 3677
6874 2 2 48 62 3677 3735 3736
6875 2 2 48 62 3677 3736 3678
6876 2 2 48 62 3678 3736 3737
6877 2 2 48 62 3678 3737 3679
6878 2 2 48 62 3679 3737 3738
6879 2 2 48 62 3679 3738 3680
6880 2 2 48 62 3680 3738 3739
6881 2 2 48 62 3680 3739 3681
6882 2 2 48 62 3681 3739 3740
6883 2 2 48 62 3681 3740 3682
6884 2 2 48 62 3682 3740 3741
6885 2 2 48 62 3682 3741 3683
6886 2 2 48 62 3683 3741 3742
6887 2 2 48 62 3683 3742 3684
6888 2 2 48 62 3684 3742 3743
6889 2 2 48 62 3684 3743 3685
6890 2 2 48 62 3685 3743 3744
6891 2 2 48 62 3685 3744 3686
6892 2 2 48 62 3686 3744 3745
6893 2 2 48 62 3686 3745 3687
6894 2 2 48 62 3687 3745 3746
6895 2 2 48 62 3687 3746 3688
6896 2 2 48 62 3688 3746 3747
6897 2 2 48 62 3688 3747 3689
6898 2 2 48 62 3689 3747 3748
6899 2 2 48 62 3689 3748 3690
6900 2 2 48 62 3690 3748 3749
6901 2 2 48 62 3690 3749 3691
6902 2 2 48 62 3691 3749 3750
6903 2 2 48 62 3691 3750 3692
6904 2 2 48 62 3692 3750 3751
6905 2 2 48 62 3692 3751 3693
6906 2 2 48 62 3693 3751 3752
6907 2 2 48 62 3693 3752 3694
6908 2 2 48 62 3694 3752 3753
6909 2 2 48 62 3694 3753 3695
6910 2 2 48 62 3695 3753 3754
6911 2 2 48 62 3695 3754 3696
6912 2 2 48 62 3696 3754 3755
6913 2 2 48 62 3696 3755 3697
6914 2 2 48 62 3697 3755 3756
6915 2 2 48 62 3697 3756 3698
6916 2 2 48 62 3698 3756 3757
6917 2 2 48 62 3698 3757 3699
6918 2 2 48 62 3699 3757 3758
6919 2 2 48 62 3699 3758 3700
6920 2 2 48 62 3700 3758 3759
6921 2 2 48 62 3700 3759 3701
6922 2 2 48 62 3701 3759 3760
6923 2 2 48 62 3701 3760 3702
6924 2 2 48 62 3702 3760 3761
6925 2 2 48 62 3702 3761 3703
6926 2 2 48 62 3703 3761 3762
6927 2 2 48 62 3703 3762 3704
6928 2 2 48 62 3704 3762 3763
6929 2 2 48 62 3704 3763 3705
6930 2 2 48 62 3705 3763 3764
6931 2 2 48 62 3705 3764 3706
6932 2 2 48 62 3706 3764 3765
6933 2 2 48 62 3706 3765 3707
6934 2 2 48 62 3707 3765 3766
6935 2 2 48 62 3707 3766 3708
6936 2 2 48 62 3708 3766 3767
6937 2 2 48 62 3708 3767 3709
6938 2 2 48 62 3709 3767 3768
6939 2 2 48 62 3709 3768 3710
6940 2 2 48 62 3710 3768 3769
6941 2 2 48 62 3710 3769 3711
6942 2 2 48 62 3711 3769 3770
6943 2 2 48 62 3711 3770 3712
6944 2 2 48 62 3712 3770 3771
6945 2 2 48 62 3712 3771 3713
6946 2 2 48 62 3713 3771 3772
6947 2 2 48 62 3713 3772 3714
6948 2 2 48 62 3714 3772 3773
6949 2 2 48 62 3714 3773 3715
6950 2 2 48 62 3715 3773 3774
6951 2 2 48 62 3715 3774 3716
6952 2 2 48 62 3716 3774 3775
6953 2 2 48 62 3716 3775 3717
6954 2 2 48 62 3717 3775 3776
6955 2 2 48 62 3717 3776 3718
6956 2 2 48 62 3718 3776 3777
6957 2 2 48 62 3718 3777 310
6958 2 2 48 62 310 3777 311
6959 2 2 48 62 290 289 3719
6960 2 2 48 62 3719 289 3778
6961 2 2 48 62 3719 3778 3720
6962 2 2 48 62 3720 3778 3779
6963 2 2 48 62 3720 3779 3721
6964 2 2 48 62 3721 3779 3780
6965 2 2 48 62 3721 3780 3722
6966 2 2 48 62 3722 3780 3781
6967 2 2 48 62 3722 3781 3723
6968 2 2 48 62 3723 3781 3782
6969 2 2 48 62 3723 3782 3724
6970 2 2 48 62 3724 3782 3783
6971 2 2 48 62 3724 3783 3725
6972 2 2 48 62 3725 3783 3784
6973 2 2 48 62 3725 3784 3726
6974 2 2 48 62 3726 3784 3785
6975 2 2 48 62 3726 3785 3727
6976 2 2 48 62 3727 3785 3786
6977 2 2 48 62 3727 3786 3728
6978 2 2 48 62 3728 3786 3787
6979 2 2 48 62 3728 3787 3729
6980 2 2 48 62 3729 3787 3788
6981 2 2 48 62 3729 3788 3730
6982 2 2 48 62 3730 3788 3789
6983 2 2 48 62 3730 3789 3731
6984 2 2 48 62 3731 3789 3790
6985 2 2 48 62 3731 3790 3732
6986 2 2 48 62 3732 3790 3791
6987 2 2 48 62 3732 3791 3733
6988 2 2 48 62 3733 3791 3792
6989 2 2 48 62 3733 3792 3734
6990 2 2 48 62 3734 3792 3793
6991 2 2 48 62 3734 3793 3735
6992 2 2 48 62 3735 3793 3794
6993 2 2 48 62 3735 3794 3736
6994 2 2 48 62 3736 3794 3795
6995 2 2 48 62 3736 3795 3737
6996 2 2 48 62 3737 3795 3796
6997 2 2 48 62 3737 3796 3738
6998 2 2 48 62 3738 3796 3797
6999 2 2 48 62 3738 3797 3739
7000 2 2 48 62 3739 3797 3798
7001 2 2 48 62 3739 3798 3740
7002 2 2 48 62 3740 3798 3799
7003 2 2 48 62 3740 3799 3741
7004 2 2 48 62 3741 3799 3800
7005 2 2 48 62 3741 3800 3742
7006 2 2 48 62 3742 3800 3801
7007 2 2 48 62 3742 3801 3743
7008 2 2 48 62 3743 3801 3802
7009 2 2 48 62 3743 3802 3744
7010 2 2 48 62 3744 3802 3803
7011 2 2 48 62 3744 3803 3745
7012 2 2 48 62 3745 3803 3804
7013 2 2 48 62 3745 3804 3746
7014 2 2 48 62 3746 3804 3805
7015 2 2 48 62 3746 3805 3747
7016 2 2 48 62 3747 3805 3806
7017 2 2 48 62 3747 3806 3748
7018 2 2 48 62 3748 3806 3807
7019 2 2 48 62 3748 3807 3749
7020 2 2 48 62 3749 3807 3808
7021 2 2 48 62 3749 3808 3750
7022 2 2 48 62 3750 3808 3809
7023 2 2 48 62 3750 3809 3751
7024 2 2 48 62 3751 3809 3810
7025 2 2 48 62 3751 3810 3752
7026 2 2 48 62 3752 3810 3811
7027 2 2 48 62 3752 3811 3753
7028 2 2 48 62 3753 3811 3812
7029 2 2 48 62 3753 3812 3754
7030 2 2 48 62 3754 3812 3813
7031 2 2 48 62 3754 3813 3755
7032 2 2 48 62 3755 3813 3814
7033 2 2 48 62 3755 3814 3756
7034 2 2 48 62 3756 3814 3815
7035 2 2 48 62 3756 3815 3757
7036 2 2 48 62 3757 3815 3816
7037 2 2 48 62 3757 3816 3758
7038 2 2 48 62 3758 3816 3817
7039 2 2 48 62 3758 3817 3759
7040 2 2 48 62 3759 3817 3818
7041 2 2 48 62 3759 3818 3760
7042 2 2 48 62 3760 3818 3819
7043 2 2 48 62 3760 3819 3761
7044 2 2 48 62 3761 3819 3820
7045 2 2 48 62 3761 3820 3762
7046 2 2 48 62 3762 3820 3821
7047 2 2 48 62 3762 3821 3763
7048 2 2 48 62 3763 3821 3822
7049 2 2 48 62 3763 3822 3764
7050 2 2 48 62 3764 3822 3823
7051 2 2 48 62 3764 3823 3765
7052 2 2 48 62 3765 3823 3824
7053 2 2 48 62 3765 3824 3766
7054 2 2 48 62 3766 3824 3825
7055 2 2 48 62 3766 3825 3767
7056 2 2 48 62 3767 3825 3826
7057 2 2 48 62 3767 3826 3768
7058 2 2 48 62 3768 3826 3827
7059 2 2 48 62 3768 3827 3769
7060 2 2 48 62 3769 3827 3828
7061 2 2 48 62 3769 3828 3770
7062 2 2 48 62 3770 3828 3829
7063 2 2 48 62 3770 3829 3771
7064 2 2 48 62 3771 3829 3830
7065 2 2 48 62 3771 3830 3772
7066 2 2 48 62 3772 3830 3831
7067 2 2 48 62 3772 3831 3773
7068 2 2 48 62 3773 3831 3832
7069 2 2 48 62 3773 3832 3774
7070 2 2 48 62 3774 3832 3833
7071 2 2 48 62 3774 3833 3775
7072 2 2 48 62 3775 3833 3834
7073 2 2 48 62 3775 3834 3776
7074 2 2 48 62 3776 3834 3835
7075 2 2 48 62 3776 3835 3777
7076 2 2 48 62 3777 3835 3836
7077 2 2 48 62 3777 3836 311
7078 2 2 48 62 311 3836 312
7079 2 2 48 62 289 288 3778
7080 2 2 48 62 3778 288 3837
7081 2 2 48 62 3778 3837 3779
7082 2 2 48 62 3779 3837 3838
7083 2 2 48 62 3779 3838 3780
7084 2 2 48 62 3780 3838 3839
7085 2 2 48 62 3780 3839 3781
7086 2 2 48 62 3781 3839 3840
7087 2 2 48 62 3781 3840 3782
7088 2 2 48 62 3782 3840 3841
7089 2 2 48 62 3782 3841 3783
7090 2 2 48 62 3783 3841 3842
7091 2 2 48 62 3783 3842 3784
7092 2 2 48 62 3784 3842 3843
7093 2 2 48 62 3784 3843 3785
7094 2 2 48 62 3785 3843 3844
7095 2 2 48 62 3785 3844 3786
7096 2 2 48 62 3786 3844 3845
7097 2 2 48 62 3786 3845 3787
7098 2 2 48 62 3787 3845 3846
7099 2 2 48 62 3787 3846 3788
7100 2 2 48 62 3788 3846 3847
7101 2 2 48 62 3788 3847 3789
7102 2 2 48 62 3789 3847 3848
7103 2 2 48 62 3789 3848 3790
7104 2 2 48 62 3790 3848 3849
7105 2 2 48 62 3790 3849 3791
7106 2 2 48 62 3791 3849 3850
7107 2 2 48 62 3791 3850 3792
7108 2 2 48 62 3792 3850 3851
7109 2 2 48 62 3792 3851 3793
7110 2 2 48 62 3793 3851 3852
7111 2 2 48 62 3793 3852 3794
7112 2 2 48 62 3794 3852 3853
7113 2 2 48 62 3794 3853 3795
7114 2 2 48 62 3795 3853 3854
7115 2 2 48 62 3795 3854 3796
7116 2 2 48 62 3796 3854 3855
7117 2 2 48 62 3796 3855 3797
7118 2 2 48 62 3797 3855 3856
7119 2 2 48 62 3797 3856 3798
7120 2 2 48 62 3798 3856 3857
7121 2 2 48 62 3798 3857 3799
7122 2 2 48 62 3799 3857 3858
7123 2 2 48 62 3799 3858 3800
7124 2 2 48 62 3800 3858 3859
7125 2 2 48 62 3800 3859 3801
7126 2 2 48 62 3801 3859 3860
7127 2 2 48 62 3801 3860 3802
7128 2 2 48 62 3802 3860 3861
7129 2 2 48 62 3802 3861 3803
7130 2 2 48 62 3803 3861 3862
7131 2 2 48 62 3803 3862 3804
7132 2 2 48 62 3804 3862 3863
7133 2 2 48 62 3804 3863 3805
7134 2 2 48 62 3805 3863 3864
7135 2 2 48 62 3805 3864 3806
7136 2 2 48 62 3806 3864 3865
7137 2 2 48 62 3806 3865 3807
7138 2 2 48 62 3807 3865 3866
7139 2 2 48 62 3807 3866 3808
7140 2 2 48 62 3808 3866 3867
7141 2 2 48 62 3808 3867 3809
7142 2 2 48 62 3809 3867 3868
7143 2 2 48 62 3809 3868 3810
7144 2 2 48 62 3810 3868 3869
7145 2 2 48 62 3810 3869 3811
7146 2 2 48 62 3811 3869 3870
7147 2 2 48 62 3811 3870 3812
7148 2 2 48 62 3812 3870 3871
7149 2 2 48 62 3812 3871 3813
7150 2 2 48 62 3813 3871 3872
7151 2 2 48 62 3813 3872 3814
7152 2 2 48 62 3814 3872 3873
7153 2 2 48 62 3814 3873 3815
7154 2 2 48 62 3815 3873 3874
7155 2 2 48 62 3815 3874 3816
7156 2 2 48 62 3816 3874 3875
7157 2 2 48 62 3816 3875 3817
7158 2 2 48 62 3817 3875 3876
7159 2 2 48 62 3817 3876 3818
7160 2 2 48 62 3818 3876 3877
7161 2 2 48 62 3818 3877 3819
7162 2 2 48 62 3819 3877 3878
7163 2 2 48 62 3819 3878 3820
7164 2 2 48 62 3820 3878 3879
7165 2 2 48 62 3820 3879 3821
7166 2 2 48 62 3821 3879 3880
7167 2 2 48 62 3821 3880 3822
7168 2 2 48 62 3822 3880 3881
7169 2 2 48 62 3822 3881 3823
7170 2 2 48 62 3823 3881 3882
7171 2 2 48 62 3823 3882 3824
7172 2 2 48 62 3824 3882 3883
7173 2 2 48 62 3824 3883 3825
7174 2 2 48 62 3825 3883 3884
7175 2 2 48 62 3825 3884 3826
7176 2 2 48 62 3826 3884 3885
7177 2 2 48 62 3826 3885 3827
7178 2 2 48 62 3827 3885 3886
7179 2 2 48 62 3827 3886 3828
7180 2 2 48 62 3828 3886 3887
7181 2 2 48 62 3828 3887 3829
7182 2 2 48 62 3829 3887 3888
7183 2 2 48 62 3829 3888 3830
7184 2 2 48 62 3830 3888 3889
7185 2 2 48 62 3830 3889 3831
7186 2 2 48 62 3831 3889 3890
7187 2 2 48 62 3831 3890 3832
7188 2 2 48 62 3832 3890 3891
7189 2 2 48 62 3832 3891 3833
7190 2 2 48 62 3833 3891 3892
7191 2 2 48 62 3833 3892 3834
7192 2 2 48 62 3834 3892 3893
7193 2 2 48 62 3834 3893 3835
7194 2 2 48 62 3835 3893 3894
7195 2 2 48 62 3835 3894 3836
7196 2 2 48 62 3836 3894 3895
7197 2 2 48 62 3836 3895 312
7198 2 2 48 62 312 3895 313
7199 2 2 48 62 288 287 3837
7200 2 2 48 62 3837 287 3896
7201 2 2 48 62 3837 3896 3838
7202 2 2 48 62 3838 3896 3897
7203 2 2 48 62 3838 3897 3839
7204 2 2 48 62 3839 3897 3898
7205 2 2 48 62 3839 3898 3840
7206 2 2 48 62 3840 3898 3899
7207 2 2 48 62 3840 3899 3841
7208 2 2 48 62 3841 3899 3900
7209 2 2 48 62 3841 3900 3842
7210 2 2 48 62 3842 3900 3901
7211 2 2 48 62 3842 3901 3843
7212 2 2 48 62 3843 3901 3902
7213 2 2 48 62 3843 3902 3844
7214 2 2 48 62 3844 3902 3903
7215 2 2 48 62 3844 3903 3845
7216 2 2 48 62 3845 3903 3904
7217 2 2 48 62 3845 3904 3846
7218 2 2 48 62 3846 3904 3905
7219 2 2 48 62 3846 3905 3847
7220 2 2 48 62 3847 3905 3906
7221 2 2 48 62 3847 3906 3848
7222 2 2 48 62 3848 3906 3907
7223 2 2 48 62 3848 3907 3849
7224 2 2 48 62 3849 3907 3908
7225 2 2 48 62 3849 3908 3850
7226 2 2 48 62 3850 3908 3909
7227 2 2 48 62 3850 3909 3851
7228 2 2 48 62 3851 3909 3910
7229 2 2 48 62 3851 3910 3852
7230 2 2 48 62 3852 3910 3911
7231 2 2 48 62 3852 3911 3853
7232 2 2 48 62 3853 3911 3912
7233 2 2 48 62 3853 3912 3854
7234 2 2 48 62 3854 3912 3913
7235 2 2 48 62 3854 3913 3855
7236 2 2 48 62 3855 3913 3914
7237 2 2 48 62 3855 3914 3856
7238 2 2 48 62 3856 3914 3915
7239 2 2 48 62 3856 3915 3857
7240 2 2 48 62 3857 3915 3916
7241 2 2 48 62 3857 3916 3858
7242 2 2 48 62 3858 3916 3917
7243 2 2 48 62 3858 3917 3859
7244 2 2 48 62 3859 3917 3918
7245 2 2 48 62 3859 3918 3860
7246 2 2 48 62 3860 3918 3919
7247 2 2 48 62 3860 3919 3861
7248 2 2 48 62 3861 3919 3920
7249 2 2 48 62 3861 3920 3862
7250 2 2 48 62 3862 3920 3921
7251 2 2 48 62 3862 3921 3863
7252 2 2 48 62 3863 3921 3922
7253 2 2 48 62 3863 3922 3864
7254 2 2 48 62 3864 3922 3923
7255 2 2 48 62 3864 3923 3865
7256 2 2 48 62 3865 3923 3924
7257 2 2 48 62 3865 3924 3866
7258 2 2 48 62 3866 3924 3925
7259 2 2 48 62 3866 3925 3867
7260 2 2 48 62 3867 3925 3926
7261 2 2 48 62 3867 3926 3868
7262 2 2 48 62 3868 3926 3927
7263 2 2 48 62 3868 3927 3869
7264 2 2 48 62 3869 3927 3928
7265 2 2 48 62 3869 3928 3870
7266 2 2 48 62 3870 3928 3929
7267 2 2 48 62 3870 3929 3871
7268 2 2 48 62 3871 3929 3930
7269 2 2 48 62 3871 3930 3872
7270 2 2 48 62 3872 3930 3931
7271 2 2 48 62 3872 3931 3873
7272 2 2 48 62 3873 3931 3932
7273 2 2 48 62 3873 3932 3874
7274 2 2 48 62 3874 3932 3933
7275 2 2 48 62 3874 3933 3875
7276 2 2 48 62 3875 3933 3934
7277 2 2 48 62 3875 3934 3876
7278 2 2 48 62 3876 3934 3935
7279 2 2 48 62 3876 3935 3877
7280 2 2 48 62 3877 3935 3936
7281 2 2 48 62 3877 3936 3878
7282 2 2 48 62 3878 3936 3937
7283 2 2 48 62 3878 3937 3879
7284 2 2 48 62 3879 3937 3938
7285 2 2 48 62 3879 3938 3880
7286 2 2 48 62 3880 3938 3939
7287 2 2 48 62 3880 3939 3881
7288 2 2 48 62 3881 3939 3940
7289 2 2 48 62 3881 3940 3882
7290 2 2 48 62 3882 3940 3941
7291 2 2 48 62 3882 3941 3883
7292 2 2 48 62 3883 3941 3942
7293 2 2 48 62 3883 3942 3884
7294 2 2 48 62 3884 3942 3943
7295 2 2 48 62 3884 3943 3885
7296 2 2 48 62 3885 3943 3944
7297 2 2 48 62 3885 3944 3886
7298 2 2 48 62 3886 3944 3945
7299 2 2 48 62 3886 3945 3887
7300 2 2 48 62 3887 3945 3946
7301 2 2 48 62 3887 3946 3888
7302 2 2 48 62 3888 3946 3947
7303 2 2 48 62 3888 3947 3889
7304 2 2 48 62 3889 3947 3948
7305 2 2 48 62 3889 3948 3890
7306 2 2 48 62 3890 3948 3949
7307 2 2 48 62 3890 3949 3891
7308 2 2 48 62 3891 3949 3950
7309 2 2 48 62 3891 3950 3892
7310 2 2 48 62 3892 3950 3951
7311 2 2 48 62 3892 3951 3893
7312 2 2 48 62 3893 3951 3952
7313 2 2 48 62 3893 3952 3894
7314 2 2 48 62 3894 3952 3953
7315 2 2 48 62 3894 3953 3895
7316 2 2 48 62 3895 3953 3954
7317 2 2 48 62 3895 3954 313
7318 2 2 48 62 313 3954 314
7319 2 2 48 62 287 286 3896
7320 2 2 48 62 3896 286 3955
7321 2 2 48 62 3896 3955 3897
7322 2 2 48 62 3897 3955 3956
7323 2 2 48 62 3897 3956 3898
7324 2 2 48 62 3898 3956 3957
7325 2 2 48 62 3898 3957 3899
7326 2 2 48 62 3899 3957 3958
7327 2 2 48 62 3899 3958 3900
7328 2 2 48 62 3900 3958 3959
7329 2 2 48 62 3900 3959 3901
7330 2 2 48 62 3901 3959 3960
7331 2 2 48 62 3901 3960 3902
7332 2 2 48 62 3902 3960 3961
7333 2 2 48 62 3902 3961 3903
7334 2 2 48 62 3903 3961 3962
7335 2 2 48 62 3903 3962 3904
7336 2 2 48 62 3904 3962 3963
7337 2 2 48 62 3904 3963 3905
7338 2 2 48 62 3905 3963 3964
7339 2 2 48 62 3905 3964 3906
7340 2 2 48 62 3906 3964 3965
7341 2 2 48 62 3906 3965 3907
7342 2 2 48 62 3907 3965 3966
7343 2 2 48 62 3907 3966 3908
7344 2 2 48 62 3908 3966 3967
7345 2 2 48 62 3908 3967 3909
7346 2 2 48 62 3909 3967 3968
7347 2 2 48 62 3909 3968 3910
7348 2 2 48 62 3910 3968 3969
7349 2 2 48 62 3910 3969 3911
7350 2 2 48 62 3911 3969 3970
7351 2 2 48 62 3911 3970 3912
7352 2 2 48 62 3912 3970 3971
7353 2 2 48 62 3912 3971 3913
7354 2 2 48 62 3913 3971 3972
7355 2 2 48 62 3913 3972 3914
7356 2 2 48 62 3914 3972 3973
7357 2 2 48 62 3914 3973 3915
7358 2 2 48 62 3915 3973 3974
7359 2 2 48 62 3915 3974 3916
7360 2 2 48 62 3916 3974 3975
7361 2 2 48 62 3916 3975 3917
7362 2 2 48 62 3917 3975 3976
7363 2 2 48 62 3917 3976 3918
7364 2 2 48 62 3918 3976 3977
7365 2 2 48 62 3918 3977 3919
7366 2 2 48 62 3919 3977 3978
7367 2 2 48 62 3919 3978 3920
7368 2 2 48 62 3920 3978 3979
7369 2 2 48 62 3920 3979 3921
7370 2 2 48 62 3921 3979 3980
7371 2 2 48 62 3921 3980 3922
7372 2 2 48 62 3922 3980 3981
7373 2 2 48 62 3922 3981 3923
7374 2 2 48 62 3923 3981 3982
7375 2 2 48 62 3923 3982 3924
7376 2 2 48 62 3924 3982 3983
7377 2 2 48 62 3924 3983 3925
7378 2 2 48 62 3925 3983 3984
7379 2 2 48 62 3925 3984 3926
7380 2 2 48 62 3926 3984 3985
7381 2 2 48 62 3926 3985 3927
7382 2 2 48 62 3927 3985 3986
7383 2 2 48 62 3927 3986 3928
7384 2 2 48 62 3928 3986 3987
7385 2 2 48 62 3928 3987 3929
7386 2 2 48 62 3929 3987 3988
7387 2 2 48 62 3929 3988 3930
7388 2 2 48 62 3930 3988 3989
7389 2 2 48 62 3930 3989 3931
7390 2 2 48 62 3931 3989 3990
7391 2 2 48 62 3931 3990 3932
7392 2 2 48 62 3932 3990 3991
7393 2 2 48 62 3932 3991 3933
7394 2 2 48 62 3933 3991 3992
7395 2 2 48 62 3933 3992 3934
7396 2 2 48 62 3934 3992 3993
7397 2 2 48 62 3934 3993 3935
7398 2 2 48 62 3935 3993 3994
7399 2 2 48 62 3935 3994 3936
7400 2 2 48 62 3936 3994 3995
7401 2 2 48 62 3936 3995 3937
7402 2 2 48 62 3937 3995 3996
7403 2 2 48 62 3937 3996 3938
7404 2 2 48 62 3938 3996 3997
7405 2 2 48 62 3938 3997 3939
7406 2 2 48 62 3939 3997 3998
7407 2 2 48 62 3939 3998 3940
7408 2 2 48 62 3940 3998 3999
7409 2 2 48 62 3940 3999 3941
7410 2 2 48 62 3941 3999 4000
7411 2 2 48 62 3941 4000 3942
7412 2 2 48 62 3942 4000 4001
7413 2 2 48 62 3942 4001 3943
7414 2 2 48 62 3943 4001 4002
7415 2 2 48 62 3943 4002 3944
7416 2 2 48 62 3944 4002 4003
7417 2 2 48 62 3944 4003 3945
7418 2 2 48 62 3945 4003 4004
7419 2 2 48 62 3945 4004 3946
7420 2 2 48 62 3946 4004 4005
7421 2 2 48 62 3946 4005 3947
7422 2 2 48 62 3947 4005 4006
7423 2 2 48 62 3947 4006 3948
7424 2 2 48 62 3948 4006 4007
7425 2 2 48 62 3948 4007 3949
7426 2 2 48 62 3949 4007 4008
7427 2 2 48 62 3949 4008 3950
7428 2 2 48 62 3950 4008 4009
7429 2 2 48 62 3950 4009 3951
7430 2 2 48 62 3951 4009 4010
7431 2 2 48 62 3951 4010 3952
7432 2 2 48 62 3952 4010 4011
7433 2 2 48 62 3952 4011 3953
7434 2 2 48 62 3953 4011 4012
7435 2 2 48 62 3953 4012 3954
7436 2 2 48 62 3954 4012 4013
7437 2 2 48 62 3954 4013 314
7438 2 2 48 62 314 4013 315
7439 2 2 48 62 286 285 3955
7440 2 2 48 62 3955 285 4014
7441 2 2 48 62 3955 4014 3956
7442 2 2 48 62 3956 4014 4015
7443 2 2 48 62 3956 4015 3957
7444 2 2 48 62 3957 4015 4016
7445 2 2 48 62 3957 4016 3958
7446 2 2 48 62 3958 4016 4017
7447 2 2 48 62 3958 4017 3959
7448 2 2 48 62 3959 4017 4018
7449 2 2 48 62 3959 4018 3960
7450 2 2 48 62 3960 4018 4019
7451 2 2 48 62 3960 4019 3961
7452 2 2 48 62 3961 4019 4020
7453 2 2 48 62 3961 4020 3962
7454 2 2 48 62 3962 4020 4021
7455 2 2 48 62 3962 4021 3963
7456 2 2 48 62 3963 4021 4022
7457 2 2 48 62 3963 4022 3964
7458 2 2 48 62 3964 4022 4023
7459 2 2 48 62 3964 4023 3965
7460 2 2 48 62 3965 4023 4024
7461 2 2 48 62 3965 4024 3966
7462 2 2 48 62 3966 4024 4025
7463 2 2 48 62 3966 4025 3967
7464 2 2 48 62 3967 4025 4026
7465 2 2 48 62 3967 4026 3968
7466 2 2 48 62 3968 4026 4027
7467 2 2 48 62 3968 4027 3969
7468 2 2 48 62 3969 4027 4028
7469 2 2 48 62 3969 4028 3970
7470 2 2 48 62 3970 4028 4029
7471 2 2 48 62 3970 4029 3971
7472 2 2 48 62 3971 4029 4030
7473 2 2 48 62 3971 4030 3972
7474 2 2 48 62 3972 4030 4031
7475 2 2 48 62 3972 4031 3973
7476 2 2 48 62 3973 4031 4032
7477 2 2 48 62 3973 4032 3974
7478 2 2 48 62 3974 4032 4033
7479 2 2 48 62 3974 4033 3975
7480 2 2 48 62 3975 4033 4034
7481 2 2 48 62 3975 4034 3976
7482 2 2 48 62 3976 4034 4035
7483 2 2 48 62 3976 4035 3977
7484 2 2 48 62 3977 4035 4036
7485 2 2 48 62 3977 4036 3978
7486 2 2 48 62 3978 4036 4037
7487 2 2 48 62 3978 4037 3979
7488 2 2 48 62 3979 4037 4038
7489 2 2 48 62 3979 4038 3980
7490 2 2 48 62 3980 4038 4039
7491 2 2 48 62 3980 4039 3981
7492 2 2 48 62 3981 4039 4040
7493 2 2 48 62 3981 4040 3982
7494 2 2 48 62 3982 4040 4041
7495 2 2 48 62 3982 4041 3983
7496 2 2 48 62 3983 4041 4042
7497 2 2 48 62 3983 4042 3984
7498 2 2 48 62 3984 4042 4043
7499 2 2 48 62 3984 4043 3985
7500 2 2 48 62 3985 4043 4044
7501 2 2 48 62 3985 4044 3986
7502 2 2 48 62 3986 4044 4045
7503 2 2 48 62 3986 4045 3987
7504 2 2 48 62 3987 4045 4046
7505 2 2 48 62 3987 4046 3988
7506 2 2 48 62 3988 4046 4047
7507 2 2 48 62 3988 4047 3989
7508 2 2 48 62 3989 4047 4048
7509 2 2 48 62 3989 4048 3990
7510 2 2 48 62 3990 4048 4049
7511 2 2 48 62 3990 4049 3991
7512 2 2 48 62 3991 4049 4050
7513 2 2 48 62 3991 4050 3992
7514 2 2 48 62 3992 4050 4051
7515 2 2 48 62 3992 4051 3993
7516 2 2 48 62 3993 4051 4052
7517 2 2 48 62 3993 4052 3994
7518 2 2 48 62 3994 4052 4053
7519 2 2 48 62 3994 4053 3995
7520 2 2 48 62 3995 4053 4054
7521 2 2 48 62 3995 4054 3996
7522 2 2 48 62 3996 4054 4055
7523 2 2 48 62 3996 4055 3997
7524 2 2 48 62 3997 4055 4056
7525 2 2 48 62 3997 4056 3998
7526 2 2 48 62 3998 4056 4057
7527 2 2 48 62 3998 4057 3999
7528 2 2 48 62 3999 4057 4058
7529 2 2 48 62 3999 4058 4000
7530 2 2 48 62 4000 4058 4059
7531 2 2 48 62 4000 4059 4001
7532 2 2 48 62 4001 4059 4060
7533 2 2 48 62 4001 4060 4002
7534 2 2 48 62 4002 4060 4061
7535 2 2 48 62 4002 4061 4003
7536 2 2 48 62 4003 4061 4062
7537 2 2 48 62 4003 4062 4004
7538 2 2 48 62 4004 4062 4063
7539 2 2 48 62 4004 4063 4005
7540 2 2 48 62 4005 4063 4064
7541 2 2 48 62 4005 4064 4006
7542 2 2 48 62 4006 4064 4065
7543 2 2 48 62 4006 4065 4007
7544 2 2 48 62 4007 4065 4066
7545 2 2 48 62 4007 4066 4008
7546 2 2 48 62 4008 4066 4067
7547 2 2 48 62 4008 4067 4009
7548 2 2 48 62 4009 4067 4068
7549 2 2 48 62 4009 4068 4010
7550 2 2 48 62 4010 4068 4069
7551 2 2 48 62 4010 4069 4011
7552 2 2 48 62 4011 4069 4070
7553 2 2 48 62 4011 4070 4012
7554 2 2 48 62 4012 4070 4071
7555 2 2 48 62 4012 4071 4013
7556 2 2 48 62 4013 4071 4072
7557 2 2 48 62 4013 4072 315
7558 2 2 48 62 315 4072 316
7559 2 2 48 62 285 284 4014
7560 2 2 48 62 4014 284 4073
7561 2 2 48 62 4014 4073 4015
7562 2 2 48 62 4015 4073 4074
7563 2 2 48 62 4015 4074 4016
7564 2 2 48 62 4016 4074 4075
7565 2 2 48 62 4016 4075 4017
7566 2 2 48 62 4017 4075 4076
7567 2 2 48 62 4017 4076 4018
7568 2 2 48 62 4018 4076 4077
7569 2 2 48 62 4018 4077 4019
7570 2 2 48 62 4019 4077 4078
7571 2 2 48 62 4019 4078 4020
7572 2 2 48 62 4020 4078 4079
7573 2 2 48 62 4020 4079 4021
7574 2 2 48 62 4021 4079 4080
7575 2 2 48 62 4021 4080 4022
7576 2 2 48 62 4022 4080 4081
7577 2 2 48 62 4022 4081 4023
7578 2 2 48 62 4023 4081 4082
7579 2 2 48 62 4023 4082 4024
7580 2 2 48 62 4024 4082 4083
7581 2 2 48 62 4024 4083 4025
7582 2 2 48 62 4025 4083 4084
7583 2 2 48 62 4025 4084 4026
7584 2 2 48 62 4026 4084 4085
7585 2 2 48 62 4026 4085 4027
7586 2 2 48 62 4027 4085 4086
7587 2 2 48 62 4027 4086 4028
7588 2 2 48 62 4028 4086 4087
7589 2 2 48 62 4028 4087 4029
7590 2 2 48 62 4029 4087 4088
7591 2 2 48 62 4029 4088 4030
7592 2 2 48 62 4030 4088 4089
7593 2 2 48 62 4030 4089 4031
7594 2 2 48 62 4031 4089 4090
7595 2 2 48 62 4031 4090 4032
7596 2 2 48 62 4032 4090 4091
7597 2 2 48 62 4032 4091 4033
7598 2 2 48 62 4033 4091 4092
7599 2 2 48 62 4033 4092 4034
7600 2 2 48 62 4034 4092 4093
7601 2 2 48 62 4034 4093 4035
7602 2 2 48 62 4035 4093 4094
7603 2 2 48 62 4035 4094 4036
7604 2 2 48 62 4036 4094 4095
7605 2 2 48 62 4036 4095 4037
7606 2 2 48 62 4037 4095 4096
7607 2 2 48 62 4037 4096 4038
7608 2 2 48 62 4038 4096 4097
7609 2 2 48 62 4038 4097 4039
7610 2 2 48 62 4039 4097 4098
7611 2 2 48 62 4039 4098 4040
7612 2 2 48 62 4040 4098 4099
7613 2 2 48 62 4040 4099 4041
7614 2 2 48 62 4041 4099 4100
7615 2 2 48 62 4041 4100 4042
7616 2 2 48 62 4042 4100 4101
7617 2 2 48 62 4042 4101 4043
7618 2 2 48 62 4043 4101 4102
7619 2 2 48 62 4043 4102 4044
7620 2 2 48 62 4044 4102 4103
7621 2 2 48 62 4044 4103 4045
7622 2 2 48 62 4045 4103 4104
7623 2 2 48 62 4045 4104 4046
7624 2 2 48 62 4046 4104 4105
7625 2 2 48 62 4046 4105 4047
7626 2 2 48 62 4047 4105 4106
7627 2 2 48 62 4047 4106 4048
7628 2 2 48 62 4048 4106 4107
7629 2 2 48 62 4048 4107 4049
7630 2 2 48 62 4049 4107 4108
7631 2 2 48 62 4049 4108 4050
7632 2 2 48 62 4050 4108 4109
7633 2 2 48 62 4050 4109 4051
7634 2 2 48 62 4051 4109 4110
7635 2 2 48 62 4051 4110 4052
7636 2 2 48 62 4052 4110 4111
7637 2 2 48 62 4052 4111 4053
7638 2 2 48 62 4053 4111 4112
7639 2 2 48 62 4053 4112 4054
7640 2 2 48 62 4054 4112 4113
7641 2 2 48 62 4054 4113 4055
7642 2 2 48 62 4055 4113 4114
7643 2 2 48 62 4055 4114 4056
7644 2 2 48 62 4056 4114 4115
7645 2 2 48 62 4056 4115 4057
7646 2 2 48 62 4057 4115 4116
7647 2 2 48 62 4057 4116 4058
7648 2 2 48 62 4058 4116 4117
7649 2 2 48 62 4058 4117 4059
7650 2 2 48 62 4059 4117 4118
7651 2 2 48 62 4059 4118 4060
7652 2 2 48 62 4060 4118 4119
7653 2 2 48 62 4060 4119 4061
7654 2 2 48 62 4061 4119 4120
7655 2 2 48 62 4061 4120 4062
7656 2 2 48 62 4062 4120 4121
7657 2 2 48 62 4062 4121 4063
7658 2 2 48 62 4063 4121 4122
7659 2 2 48 62 4063 4122 4064
7660 2 2 48 62 4064 4122 4123
7661 2 2 48 62 4064 4123 4065
7662 2 2 48 62 4065 4123 4124
7663 2 2 48 62 4065 4124 4066
7664 2 2 48 62 4066 4124 4125
7665 2 2 48 62 4066 4125 4067
7666 2 2 48 62 4067 4125 4126
7667 2 2 48 62 4067 4126 4068
7668 2 2 48 62 4068 4126 4127
7669 2 2 48 62 4068 4127 4069
7670 2 2 48 62 4069 4127 4128
7671 2 2 48 62 4069 4128 4070
7672 2 2 48 62 4070 4128 4129
7673 2 2 48 62 4070 4129 4071
7674 2 2 48 62 4071 4129 4130
7675 2 2 48 62 4071 4130 4072
7676 2 2 48 62 4072 4130 4131
7677 2 2 48 62 4072 4131 316
7678 2 2 48 62 316 4131 317
7679 2 2 48 62 284 283 4073
7680 2 2 48 62 4073 283 4132
7681 2 2 48 62 4073 4132 4074
7682 2 2 48 62 4074 4132 4133
7683 2 2 48 62 4074 4133 4075
7684 2 2 48 62 4075 4133 4134
7685 2 2 48 62 4075 4134 4076
7686 2 2 48 62 4076 4134 4135
7687 2 2 48 62 4076 4135 4077
7688 2 2 48 62 4077 4135 4136
7689 2 2 48 62 4077 4136 4078
7690 2 2 48 62 4078 4136 4137
7691 2 2 48 62 4078 4137 4079
7692 2 2 48 62 4079 4137 4138
7693 2 2 48 62 4079 4138 4080
7694 2 2 48 62 4080 4138 4139
7695 2 2 48 62 4080 4139 4081
7696 2 2 48 62 4081 4139 4140
7697 2 2 48 62 4081 4140 4082
7698 2 2 48 62 4082 4140 4141
7699 2 2 48 62 4082 4141 4083
7700 2 2 48 62 4083 4141 4142
7701 2 2 48 62 4083 4142 4084
7702 2 2 48 62 4084 4142 4143
7703 2 2 48 62 4084 4143 4085
7704 2 2 48 62 4085 4143 4144
7705 2 2 48 62 4085 4144 4086
7706 2 2 48 62 4086 4144 4145
7707 2 2 48 62 4086 4145 4087
7708 2 2 48 62 4087 4145 4146
7709 2 2 48 62 4087 4146 4088
7710 2 2 48 62 4088 4146 4147
7711 2 2 48 62 4088 4147 4089
7712 2 2 48 62 4089 4147 4148
7713 2 2 48 62 4089 4148 4090
7714 2 2 48 62 4090 4148 4149
7715 2 2 48 62 4090 4149 4091
7716 2 2 48 62 4091 4149 4150
7717 2 2 48 62 4091 4150 4092
7718 2 2 48 62 4092 4150 4151
7719 2 2 48 62 4092 4151 4093
7720 2 2 48 62 4093 4151 4152
7721 2 2 48 62 4093 4152 4094
7722 2 2 48 62 4094 4152 4153
7723 2 2 48 62 4094 4153 4095
7724 2 2 48 62 4095 4153 4154
7725 2 2 48 62 4095 4154 4096
7726 2 2 48 62 4096 4154 4155
7727 2 2 48 62 4096 4155 4097
7728 2 2 48 62 4097 4155 4156
7729 2 2 48 62 4097 4156 4098
7730 2 2 48 62 4098 4156 4157
7731 2 2 48 62 4098 4157 4099
7732 2 2 48 62 4099 4157 4158
7733 2 2 48 62 4099 4158 4100
7734 2 2 48 62 4100 4158 4159
7735 2 2 48 62 4100 4159 4101
7736 2 2 48 62 4101 4159 4160
7737 2 2 48 62 4101 4160 4102
7738 2 2 48 62 4102 4160 4161
7739 2 2 48 62 4102 4161 4103
7740 2 2 48 62 4103 4161 4162
7741 2 2 48 62 4103 4162 4104
7742 2 2 48 62 4104 4162 4163
7743 2 2 48 62 4104 4163 4105
7744 2 2 48 62 4105 4163 4164
7745 2 2 48 62 4105 4164 4106
7746 2 2 48 62 4106 4164 4165
7747 2 2 48 62 4106 4165 4107
7748 2 2 48 62 4107 4165 4166
7749 2 2 48 62 4107 4166 4108
7750 2 2 48 62 4108 4166 4167
7751 2 2 48 62 4108 4167 4109
7752 2 2 48 62 4109 4167 4168
7753 2 2 48 62 4109 4168 4110
7754 2 2 48 62 4110 4168 4169
7755 2 2 48 62 4110 4169 4111
7756 2 2 48 62 4111 4169 4170
7757 2 2 48 62 4111 4170 4112
7758 2 2 48 62 4112 4170 4171
7759 2 2 48 62 4112 4171 4113
7760 2 2 48 62 4113 4171 4172
7761 2 2 48 62 4113 4172 4114
7762 2 2 48 62 4114 4172 4173
7763 2 2 48 62 4114 4173 4115
7764 2 2 48 62 4115 4173 4174
7765 2 2 48 62 4115 4174 4116
7766 2 2 48 62 4116 4174 4175
7767 2 2 48 62 4116 4175 4117
7768 2 2 48 62 4117 4175 4176
7769 2 2 48 62 4117 4176 4118
7770 2 2 48 62 4118 4176 4177
7771 2 2 48 62 4118 4177 4119
7772 2 2 48 62 4119 4177 4178
7773 2 2 48 62 4119 4178 4120
7774 2 2 48 62 4120 4178 4179
7775 2 2 48 62 4120 4179 4121
7776 2 2 48 62 4121 4179 4180
7777 2 2 48 62 4121 4180 4122
7778 2 2 48 62 4122 4180 4181
7779 2 2 48 62 4122 4181 4123
7780 2 2 48 62 4123 4181 4182
7781 2 2 48 62 4123 4182 4124
7782 2 2 48 62 4124 4182 4183
7783 2 2 48 62 4124 4183 4125
7784 2 2 48 62 4125 4183 4184
7785 2 2 48 62 4125 4184 4126
7786 2 2 48 62 4126 4184 4185
7787 2 2 48 62 4126 4185 4127
7788 2 2 48 62 4127 4185 4186
7789 2 2 48 62 4127 4186 4128
7790 2 2 48 62 4128 4186 4187
7791 2 2 48 62 4128 4187 4129
7792 2 2 48 62 4129 4187 4188
7793 2 2 48 62 4129 4188 4130
7794 2 2 48 62 4130 4188 4189
7795 2 2 48 62 4130 4189 4131
7796 2 2 48 62 4131 4189 4190
7797 2 2 48 62 4131 4190 317
7798 2 2 48 62 317 4190 318
7799 2 2 48 62 283 282 4132
7800 2 2 48 62 4132 282 4191
7801 2 2 48 62 4132 4191 4133
7802 2 2 48 62 4133 4191 4192
7803 2 2 48 62 4133 4192 4134
7804 2 2 48 62 4134 4192 4193
7805 2 2 48 62 4134 4193 4135
7806 2 2 48 62 4135 4193 4194
7807 2 2 48 62 4135 4194 4136
7808 2 2 48 62 4136 4194 4195
7809 2 2 48 62 4136 4195 4137
7810 2 2 48 62 4137 4195 4196
7811 2 2 48 62 4137 4196 4138
7812 2 2 48 62 4138 4196 4197
7813 2 2 48 62 4138 4197 4139
7814 2 2 48 62 4139 4197 4198
7815 2 2 48 62 4139 4198 4140
7816 2 2 48 62 4140 4198 4199
7817 2 2 48 62 4140 4199 4141
7818 2 2 48 62 4141 4199 4200
7819 2 2 48 62 4141 4200 4142
7820 2 2 48 62 4142 4200 4201
7821 2 2 48 62 4142 4201 4143
7822 2 2 48 62 4143 4201 4202
7823 2 2 48 62 4143 4202 4144
7824 2 2 48 62 4144 4202 4203
7825 2 2 48 62 4144 4203 4145
7826 2 2 48 62 4145 4203 4204
7827 2 2 48 62 4145 4204 4146
7828 2 2 48 62 4146 4204 4205
7829 2 2 48 62 4146 4205 4147
7830 2 2 48 62 4147 4205 4206
7831 2 2 48 62 4147 4206 4148
7832 2 2 48 62 4148 4206 4207
7833 2 2 48 62 4148 4207 4149
7834 2 2 48 62 4149 4207 4208
7835 2 2 48 62 4149 4208 4150
7836 2 2 48 62 4150 4208 4209
7837 2 2 48 62 4150 4209 4151
7838 2 2 48 62 4151 4209 4210
7839 2 2 48 62 4151 4210 4152
7840 2 2 48 62 4152 4210 4211
7841 2 2 48 62 4152 4211 4153
7842 2 2 48 62 4153 4211 4212
7843 2 2 48 62 4153 4212 4154
7844 2 2 48 62 4154 4212 4213
7845 2 2 48 62 4154 4213 4155
7846 2 2 48 62 4155 4213 4214
7847 2 2 48 62 4155 4214 4156
7848 2 2 48 62 4156 4214 4215
7849 2 2 48 62 4156 4215 4157
7850 2 2 48 62 4157 4215 4216
7851 2 2 48 62 4157 4216 4158
7852 2 2 48 62 4158 4216 4217
7853 2 2 48 62 4158 4217 4159
7854 2 2 48 62 4159 4217 4218
7855 2 2 48 62 4159 4218 4160
7856 2 2 48 62 4160 4218 4219
7857 2 2 48 62 4160 4219 4161
7858 2 2 48 62 4161 4219 4220
7859 2 2 48 62 4161 4220 4162
7860 2 2 48 62 4162 4220 4221
7861 2 2 48 62 4162 4221 4163
7862 2 2 48 62 4163 4221 4222
7863 2 2 48 62 4163 4222 4164
7864 2 2 48 62 4164 4222 4223
7865 2 2 48 62 4164 4223 4165
7866 2 2 48 62 4165 4223 4224
7867 2 2 48 62 4165 4224 4166
7868 2 2 48 62 4166 4224 4225
7869 2 2 48 62 4166 4225 4167
7870 2 2 48 62 4167 4225 4226
7871 2 2 48 62 4167 4226 4168
7872 2 2 48 62 4168 4226 4227
7873 2 2 48 62 4168 4227 4169
7874 2 2 48 62 4169 4227 4228
7875 2 2 48 62 4169 4228 4170
7876 2 2 48 62 4170 4228 4229
7877 2 2 48 62 4170 4229 4171
7878 2 2 48 62 4171 4229 4230
7879 2 2 48 62 4171 4230 4172
7880 2 2 48 62 4172 4230 4231
7881 2 2 48 62 4172 4231 4173
7882 2 2 48 62 4173 4231 4232
7883 2 2 48 62 4173 4232 4174
7884 2 2 48 62 4174 4232 4233
7885 2 2 48 62 4174 4233 4175
7886 2 2 48 62 4175 4233 4234
7887 2 2 48 62 4175 4234 4176
7888 2 2 48 62 4176 4234 4235
7889 2 2 48 62 4176 4235 4177
7890 2 2 48 62 4177 4235 4236
7891 2 2 48 62 4177 4236 4178
7892 2 2 48 62 4178 4236 4237
7893 2 2 48 62 4178 4237 4179
7894 2 2 48 62 4179 4237 4238
7895 2 2 48 62 4179 4238 4180
7896 2 2 48 62 4180 4238 4239
7897 2 2 48 62 4180 4239 4181
7898 2 2 48 62 4181 4239 4240
7899 2 2 48 62 4181 4240 4182
7900 2 2 48 62 4182 4240 4241
7901 2 2 48 62 4182 4241 4183
7902 2 2 48 62 4183 4241 4242
7903 2 2 48 62 4183 4242 4184
7904 2 2 48 62 4184 4242 4243
7905 2 2 48 62 4184 4243 4185
7906 2 2 48 62 4185 4243 4244
7907 2 2 48 62 4185 4244 4186
7908 2 2 48 62 4186 4244 4245
7909 2 2 48 62 4186 4245 4187
7910 2 2 48 62 4187 4245 4246
7911 2 2 48 62 4187 4246 4188
7912 2 2 48 62 4188 4246 4247
7913 2 2 48 62 4188 4247 4189
7914 2 2 48 62 4189 4247 4248
7915 2 2 48 62 4189 4248 4190
7916 2 2 48 62 4190 4248 4249
7917 2 2 48 62 4190 4249 318
7918 2 2 48 62 318 4249 319
7919 2 2 48 62 282 281 4191
7920 2 2 48 62 4191 281 4250
7921 2 2 48 62 4191 4250 4192
7922 2 2 48 62 4192 4250 4251
7923 2 2 48 62 4192 4251 4193
7924 2 2 48 62 4193 4251 4252
7925 2 2 48 62 4193 4252 4194
7926 2 2 48 62 4194 4252 4253
7927 2 2 48 62 4194 4253 4195
7928 2 2 48 62 4195 4253 4254
7929 2 2 48 62 4195 4254 4196
7930 2 2 48 62 4196 4254 4255
7931 2 2 48 62 4196 4255 4197
7932 2 2 48 62 4197 4255 4256
7933 2 2 48 62 4197 4256 4198
7934 2 2 48 62 4198 4256 4257
7935 2 2 48 62 4198 4257 4199
7936 2 2 48 62 4199 4257 4258
7937 2 2 48 62 4199 4258 4200
7938 2 2 48 62 4200 4258 4259
7939 2 2 48 62 4200 4259 4201
7940 2 2 48 62 4201 4259 4260
7941 2 2 48 62 4201 4260 4202
7942 2 2 48 62 4202 4260 4261
7943 2 2 48 62 4202 4261 4203
7944 2 2 48 62 4203 4261 4262
7945 2 2 48 62 4203 4262 4204
7946 2 2 48 62 4204 4262 4263
7947 2 2 48 62 4204 4263 4205
7948 2 2 48 62 4205 4263 4264
7949 2 2 48 62 4205 4264 4206
7950 2 2 48 62 4206 4264 4265
7951 2 2 48 62 4206 4265 4207
7952 2 2 48 62 4207 4265 4266
7953 2 2 48 62 4207 4266 4208
7954 2 2 48 62 4208 4266 4267
7955 2 2 48 62 4208 4267 4209
7956 2 2 48 62 4209 4267 4268
7957 2 2 48 62 4209 4268 4210
7958 2 2 48 62 4210 4268 4269
7959 2 2 48 62 4210 4269 4211
7960 2 2 48 62 4211 4269 4270
7961 2 2 48 62 4211 4270 4212
7962 2 2 48 62 4212 4270 4271
7963 2 2 48 62 4212 4271 4213
7964 2 2 48 62 4213 4271 4272
7965 2 2 48 62 4213 4272 4214
7966 2 2 48 62 4214 4272 4273
7967 2 2 48 62 4214 4273 4215
7968 2 2 48 62 4215 4273 4274
7969 2 2 48 62 4215 4274 4216
7970 2 2 48 62 4216 4274 4275
7971 2 2 48 62 4216 4275 4217
7972 2 2 48 62 4217 4275 4276
7973 2 2 48 62 4217 4276 4218
7974 2 2 48 62 4218 4276 4277
7975 2 2 48 62 4218 4277 4219
7976 2 2 48 62 4219 4277 4278
7977 2 2 48 62 4219 4278 4220
7978 2 2 48 62 4220 4278 4279
7979 2 2 48 62 4220 4279 4221
7980 2 2 48 62 4221 4279 4280
7981 2 2 48 62 4221 4280 4222
7982 2 2 48 62 4222 4280 4281
7983 2 2 48 62 4222 4281 4223
7984 2 2 48 62 4223 4281 4282
7985 2 2 48 62 4223 4282 4224
7986 2 2 48 62 4224 4282 4283
7987 2 2 48 62 4224 4283 4225
7988 2 2 48 62 4225 4283 4284
7989 2 2 48 62 4225 4284 4226
7990 2 2 48 62 4226 4284 4285
7991 2 2 48 62 4226 4285 4227
7992 2 2 48 62 4227 4285 4286
7993 2 2 48 62 4227 4286 4228
7994 2 2 48 62 4228 4286 4287
7995 2 2 48 62 4228 4287 4229
7996 2 2 48 62 4229 4287 4288
7997 2 2 48 62 4229 4288 4230
7998 2 2 48 62 4230 4288 4289
7999 2 2 48 62 4230 4289 4231
8000 2 2 48 62 4231 4289 4290
8001 2 2 48 62 4231 4290 4232
8002 2 2 48 62 4232 4290 4291
8003 2 2 48 62 4232 4291 4233
8004 2 2 48 62 4233 4291 4292
8005 2 2 48 62 4233 4292 4234
8006 2 2 48 62 4234 4292 4293
8007 2 2 48 62 4234 4293 4235
8008 2 2 48 62 4235 4293 4294
8009 2 2 48 62 4235 4294 4236
8010 2 2 48 62 4236 4294 4295
8011 2 2 48 62 4236 4295 4237
8012 2 2 48 62 4237 4295 4296
8013 2 2 48 62 4237 4296 4238
8014 2 2 48 62 4238 4296 4297
8015 2 2 48 62 4238 4297 4239
8016 2 2 48 62 4239 4297 4298
8017 2 2 48 62 4239 4298 4240
8018 2 2 48 62 4240 4298 4299
8019 2 2 48 62 4240 4299 4241
8020 2 2 48 62 4241 4299 4300
8021 2 2 48 62 4241 4300 4242
8022 2 2 48 62 4242 4300 4301
8023 2 2 48 62 4242 4301 4243
8024 2 2 48 62 4243 4301 4302
8025 2 2 48 62 4243 4302 4244
8026 2 2 48 62 4244 4302 4303
8027 2 2 48 62 4244 4303 4245
8028 2 2 48 62 4245 4303 4304
8029 2 2 48 62 4245 4304 4246
8030 2 2 48 62 4246 4304 4305
8031 2 2 48 62 4246 4305 4247
8032 2 2 48 62 4247 4305 4306
8033 2 2 48 62 4247 4306 4248
8034 2 2 48 62 4248 4306 4307
8035 2 2 48 62 4248 4307 4249
8036 2 2 48 62 4249 4307 4308
8037 2 2 48 62 4249 4308 319
8038 2 2 48 62 319 4308 320
8039 2 2 48 62 281 280 4250
8040 2 2 48 62 4250 280 4309
8041 2 2 48 62 4250 4309 4251
8042 2 2 48 62 4251 4309 4310
8043 2 2 48 62 4251 4310 4252
8044 2 2 48 62 4252 4310 4311
8045 2 2 48 62 4252 4311 4253
8046 2 2 48 62 4253 4311 4312
8047 2 2 48 62 4253 4312 4254
8048 2 2 48 62 4254 4312 4313
8049 2 2 48 62 4254 4313 4255
8050 2 2 48 62 4255 4313 4314
8051 2 2 48 62 4255 4314 4256
8052 2 2 48 62 4256 4314 4315
8053 2 2 48 62 4256 4315 4257
8054 2 2 48 62 4257 4315 4316
8055 2 2 48 62 4257 4316 4258
8056 2 2 48 62 4258 4316 4317
8057 2 2 48 62 4258 4317 4259
8058 2 2 48 62 4259 4317 4318
8059 2 2 48 62 4259 4318 4260
8060 2 2 48 62 4260 4318 4319
8061 2 2 48 62 4260 4319 4261
8062 2 2 48 62 4261 4319 4320
8063 2 2 48 62 4261 4320 4262
8064 2 2 48 62 4262 4320 4321
8065 2 2 48 62 4262 4321 4263
8066 2 2 48 62 4263 4321 4322
8067 2 2 48 62 4263 4322 4264
8068 2 2 48 62 4264 4322 4323
8069 2 2 48 62 4264 4323 4265
8070 2 2 48 62 4265 4323 4324
8071 2 2 48 62 4265 4324 4266
8072 2 2 48 62 4266 4324 4325
8073 2 2 48 62 4266 4325 4267
8074 2 2 48 62 4267 4325 4326
8075 2 2 48 62 4267 4326 4268
8076 2 2 48 62 4268 4326 4327
8077 2 2 48 62 4268 4327 4269
8078 2 2 48 62 4269 4327 4328
8079 2 2 48 62 4269 4328 4270
8080 2 2 48 62 4270 4328 4329
8081 2 2 48 62 4270 4329 4271
8082 2 2 48 62 4271 4329 4330
8083 2 2 48 62 4271 4330 4272
8084 2 2 48 62 4272 4330 4331
8085 2 2 48 62 4272 4331 4273
8086 2 2 48 62 4273 4331 4332
8087 2 2 48 62 4273 4332 4274
8088 2 2 48 62 4274 4332 4333
8089 2 2 48 62 4274 4333 4275
8090 2 2 48 62 4275 4333 4334
8091 2 2 48 62 4275 4334 4276
8092 2 2 48 62 4276 4334 4335
8093 2 2 48 62 4276 4335 4277
8094 2 2 48 62 4277 4335 4336
8095 2 2 48 62 4277 4336 4278
8096 2 2 48 62 4278 4336 4337
8097 2 2 48 62 4278 4337 4279
8098 2 2 48 62 4279 4337 4338
8099 2 2 48 62 4279 4338 4280
8100 2 2 48 62 4280 4338 4339
8101 2 2 48 62 4280 4339 4281
8102 2 2 48 62 4281 4339 4340
8103 2 2 48 62 4281 4340 4282
8104 2 2 48 62 4282 4340 4341
8105 2 2 48 62 4282 4341 4283
8106 2 2 48 62 4283 4341 4342
8107 2 2 48 62 4283 4342 4284
8108 2 2 48 62 4284 4342 4343
8109 2 2 48 62 4284 4343 4285
8110 2 2 48 62 4285 4343 4344
8111 2 2 48 62 4285 4344 4286
8112 2 2 48 62 4286 4344 4345
8113 2 2 48 62 4286 4345 4287
8114 2 2 48 62 4287 4345 4346
8115 2 2 48 62 4287 4346 4288
8116 2 2 48 62 4288 4346 4347
8117 2 2 48 62 4288 4347 4289
8118 2 2 48 62 4289 4347 4348
8119 2 2 48 62 4289 4348 4290
8120 2 2 48 62 4290 4348 4349
8121 2 2 48 62 4290 4349 4291
8122 2 2 48 62 4291 4349 4350
8123 2 2 48 62 4291 4350 4292
8124 2 2 48 62 4292 4350 4351
8125 2 2 48 62 4292 4351 4293
8126 2 2 48 62 4293 4351 4352
8127 2 2 48 62 4293 4352 4294
8128 2 2 48 62 4294 4352 4353
8129 2 2 48 62 4294 4353 4295
8130 2 2 48 62 4295 4353 4354
8131 2 2 48 62 4295 4354 4296
8132 2 2 48 62 4296 4354 4355
8133 2 2 48 62 4296 4355 4297
8134 2 2 48 62 4297 4355 4356
8135 2 2 48 62 4297 4356 4298
8136 2 2 48 62 4298 4356 4357
8137 2 2 48 62 4298 4357 4299
8138 2 2 48 62 4299 4357 4358
8139 2 2 48 62 4299 4358 4300
8140 2 2 48 62 4300 4358 4359
8141 2 2 48 62 4300 4359 4301
8142 2 2 48 62 4301 4359 4360
8143 2 2 48 62 4301 4360 4302
8144 2 2 48 62 4302 4360 4361
8145 2 2 48 62 4302 4361 4303
8146 2 2 48 62 4303 4361 4362
8147 2 2 48 62 4303 4362 4304
8148 2 2 48 62 4304 4362 4363
8149 2 2 48 62 4304 4363 4305
8150 2 2 48 62 4305 4363 4364
8151 2 2 48 62 4305 4364 4306
8152 2 2 48 62 4306 4364 4365
8153 2 2 48 62 4306 4365 4307
8154 2 2 48 62 4307 4365 4366
8155 2 2 48 62 4307 4366 4308
8156 2 2 48 62 4308 4366 4367
8157 2 2 48 62 4308 4367 320
8158 2 2 48 62 320 4367 321
8159 2 2 48 62 280 6 4309
8160 2 2 48 62 4309 6 350
8161 2 2 48 62 4309 350 4310
8162 2 2 48 62 4310 350 351
8163 2 2 48 62 4310 351 4311
8164 2 2 48 62 4311 351 352
8165 2 2 48 62 4311 352 4312
8166 2 2 48 62 4312 352 353
8167 2 2 48 62 4312 353 4313
8168 2 2 48 62 4313 353 354
8169 2 2 48 62 4313 354 4314
8170 2 2 48 62 4314 354 355
8171 2 2 48 62 4314 355 4315
8172 2 2 48 62 4315 355 356
8173 2 2 48 62 4315 356 4316
8174 2 2 48 62 4316 356 357
8175 2 2 48 62 4316 357 4317
8176 2 2 48 62 4317 357 358
8177 2 2 48 62 4317 358 4318
8178 2 2 48 62 4318 358 359
8179 2 2 48 62 4318 359 4319
8180 2 2 48 62 4319 359 360
8181 2 2 48 62 4319 360 4320
8182 2 2 48 62 4320 360 361
8183 2 2 48 62 4320 361 4321
8184 2 2 48 62 4321 361 362
8185 2 2 48 62 4321 362 4322
8186 2 2 48 62 4322 362 363
8187 2 2 48 62 4322 363 4323
8188 2 2 48 62 4323 363 364
8189 2 2 48 62 4323 364 4324
8190 2 2 48 62 4324 364 365
8191 2 2 48 62 4324 365 4325
8192 2 2 48 62 4325 365 366
8193 2 2 48 62 4325 366 4326
8194 2 2 48 62 4326 366 367
8195 2 2 48 62 4326 367 4327
8196 2 2 48 62 4327 367 368
8197 2 2 48 62 4327 368 4328
8198 2 2 48 62 4328 368 369
8199 2 2 48 62 4328 369 4329
8200 2 2 48 62 4329 369 370
8201 2 2 48 62 4329 370 4330
8202 2 2 48 62 4330 370 371
8203 2 2 48 62 4330 371 4331
8204 2 2 48 62 4331 371 372
8205 2 2 48 62 4331 372 4332
8206 2 2 48 62 4332 372 373
8207 2 2 48 62 4332 373 4333
8208 2 2 48 62 4333 373 374
8209 2 2 48 62 4333 374 4334
8210 2 2 48 62 4334 374 375
8211 2 2 48 62 4334 375 4335
8212 2 2 48 62 4335 375 376
8213 2 2 48 62 4335 376 4336
8214 2 2 48 62 4336 376 377
8215 2 2 48 62 4336 377 4337
8216 2 2 48 62 4337 377 378
8217 2 2 48 62 4337 378 4338
8218 2 2 48 62 4338 378 379
8219 2 2 48 62 4338 379 4339
8220 2 2 48 62 4339 379 380
8221 2 2 48 62 4339 380 4340
8222 2 2 48 62 4340 380 381
8223 2 2 48 62 4340 381 4341
8224 2 2 48 62 4341 381 382
8225 2 2 48 62 4341 382 4342
8226 2 2 48 62 4342 382 383
8227 2 2 48 62 4342 383 4343
8228 2 2 48 62 4343 383 384
8229 2 2 48 62 4343 384 4344
8230 2 2 48 62 4344 384 385
8231 2 2 48 62 4344 385 4345
8232 2 2 48 62 4345 385 386
8233 2 2 48 62 4345 386 4346
8234 2 2 48 62 4346 386 387
8235 2 2 48 62 4346 387 4347
8236 2 2 48 62 4347 387 388
8237 2 2 48 62 4347 388 4348
8238 2 2 48 62 4348 388 389
8239 2 2 48 62 4348 389 4349
8240 2 2 48 62 4349 389 390
8241 2 2 48 62 4349 390 4350
8242 2 2 48 62 4350 390 391
8243 2 2 48 62 4350 391 4351
8244 2 2 48 62 4351 391 392
8245 2 2 48 62 4351 392 4352
8246 2 2 48 62 4352 392 393
8247 2 2 48 62 4352 393 4353
8248 2 2 48 62 4353 393 394
8249 2 2 48 62 4353 394 4354
8250 2 2 48 62 4354 394 395
8251 2 2 48 62 4354 395 4355
8252 2 2 48 62 4355 395 396
8253 2 2 48 62 4355 396 4356
8254 2 2 48 62 4356 396 397
8255 2 2 48 62 4356 397 4357
8256 2 2 48 62 4357 397 398
8257 2 2 48 62 4357 398 4358
8258 2 2 48 62 4358 398 399
8259 2 2 48 62 4358 399 4359
8260 2 2 48 62 4359 399 400
8261 2 2 48 62 4359 400 4360
8262 2 2 48 62 4360 400 401
8263 2 2 48 62 4360 401 4361
8264 2 2 48 62 4361 401 402
8265 2 2 48 62 4361 402 4362
8266 2 2 48 62 4362 402 403
8267 2 2 48 62 4362 403 4363
8268 2 2 48 62 4363 403 404
8269 2 2 48 62 4363 404 4364
8270 2 2 48 62 4364 404 405
8271 2 2 48 62 4364 405 4365
8272 2 2 48 62 4365 405 406
8273 2 2 48 62 4365 406 4366
8274 2 2 48 62 4366 406 407
8275 2 2 48 62 4366 407 4367
8276 2 2 48 62 4367 407 408
8277 2 2 48 62 4367 408 321
8278 2 2 48 62 321 408 5
8279 2 2 49 63 4490 4369 4588
8280 2 2 49 63 4491 4490 4588
8281 2 2 49 63 4443 4544 4446
8282 2 2 49 63 4395 4476 4460
8283 2 2 49 63 4391 4555 4559
8284 2 2 49 63 4386 4527 4512
8285 2 2 49 63 4597 4428 4456
8286 2 2 49 63 4369 4490 4503
8287 2 2 49 63 4554 4559 4555
8288 2 2 49 63 4487 4428 4597
8289 2 2 49 63 4475 4535 4495
8290 2 2 49 63 4453 4473 4526
8291 2 2 49 63 1028 4552 4459
8292 2 2 49 63 4372 4495 4535
8293 2 2 49 63 4489 4503 4490
8294 2 2 49 63 4413 4501 4494
8295 2 2 49 63 4392 4562 4474
8296 2 2 49 63 4386 4512 4552
8297 2 2 49 63 477 478 4520
8298 2 2 49 63 4392 4561 4562
8299 2 2 49 63 4373 4475 4562
8300 2 2 49 63 4471 4569 4598
8301 2 2 49 63 4373 4564 4475
8302 2 2 49 63 4379 4492 4493
8303 2 2 49 63 4469 4518 4515
8304 2 2 49 63 1023 4460 4577
8305 2 2 49 63 1028 4386 4552
8306 2 2 49 63 4395 4517 4476
8307 2 2 49 63 4454 4482 4579
8308 2 2 49 63 4433 4489 4490
8309 2 2 49 63 1027 4473 4574
8310 2 2 49 63 4442 4544 4443
8311 2 2 49 63 4502 4550 4507
8312 2 2 49 63 14 1035 4523
8313 2 2 49 63 4410 4413 4494
8314 2 2 49 63 4525 4604 4430
8315 2 2 49 63 4481 4528 4545
8316 2 2 49 63 1024 4581 4454
8317 2 2 49 63 4529 4590 4600
8318 2 2 49 63 600 601 4396
8319 2 2 49 63 4491 4582 4525
8320 2 2 49 63 4499 4537 4534
8321 2 2 49 63 4481 4545 4554
8322 2 2 49 63 4420 4450 4500
8323 2 2 49 63 4368 4525 4582
8324 2 2 49 63 4403 4550 4502
8325 2 2 49 63 4384 4554 4545
8326 2 2 49 63 4370 4539 4477
8327 2 2 49 63 478 4371 4520
8328 2 2 49 63 4422 4488 4450
8329 2 2 49 63 4450 4488 4602
8330 2 2 49 63 4604 4456 4430
8331 2 2 49 63 4453 4574 4473
8332 2 2 49 63 4515 4518 4558
8333 2 2 49 63 4445 4495 4457
8334 2 2 49 63 4380 4510 4549
8335 2 2 49 63 4446 4544 4476
8336 2 2 49 63 4463 4502 4507
8337 2 2 49 63 4519 4571 4542
8338 2 2 49 63 14 4523 601
8339 2 2 49 63 1031 4469 4589
8340 2 2 49 63 4485 4533 4532
8341 2 2 49 63 4401 4506 4403
8342 2 2 49 63 4456 4543 4597
8343 2 2 49 63 4390 4454 4579
8344 2 2 49 63 1023 4577 4387
8345 2 2 49 63 1030 4469 1031
8346 2 2 49 63 1033 4398 4593
8347 2 2 49 63 4433 4435 4489
8348 2 2 49 63 1032 4398 1033
8349 2 2 49 63 4460 4476 4544
8350 2 2 49 63 4455 4496 4497
8351 2 2 49 63 4481 4607 4528
8352 2 2 49 63 4541 4597 4543
8353 2 2 49 63 1026 4473 1027
8354 2 2 49 63 1028 4459 1029
8355 2 2 49 63 1024 4454 1025
8356 2 2 49 63 4450 4602 4524
8357 2 2 49 63 4386 4574 4527
8358 2 2 49 63 4391 4560 4555
8359 2 2 49 63 4467 4507 4480
8360 2 2 49 63 1022 4460 1023
8361 2 2 49 63 4494 4501 4601
8362 2 2 49 63 4439 4496 4455
8363 2 2 49 63 4379 4508 4492
8364 2 2 49 63 4392 4474 4563
8365 2 2 49 63 4414 4498 4458
8366 2 2 49 63 4464 4507 4467
8367 2 2 49 63 4409 4493 4492
8368 2 2 49 63 4466 4467 4478
8369 2 2 49 63 4467 4479 4478
8370 2 2 49 63 4464 4467 4466
8371 2 2 49 63 4509 4606 4518
8372 2 2 49 63 4466 4481 4468
8373 2 2 49 63 1027 4574 4386
8374 2 2 49 63 4529 4600 4531
8375 2 2 49 63 4405 4452 4504
8376 2 2 49 63 4449 4562 4475
8377 2 2 49 63 4450 4522 4500
8378 2 2 49 63 4370 4477 4585
8379 2 2 49 63 601 4523 4396
8380 2 2 49 63 4473 4570 4526
8381 2 2 49 63 4448 4476 4517
8382 2 2 49 63 4504 4549 4510
8383 2 2 49 63 4477 4539 4503
8384 2 2 49 63 4399 4400 4401
8385 2 2 49 63 4447 4475 4495
8386 2 2 49 63 4407 4409 4492
8387 2 2 49 63 4475 4564 4535
8388 2 2 49 63 4389 4509 4518
8389 2 2 49 63 4385 4399 4398
8390 2 2 49 63 4555 4560 4556
8391 2 2 49 63 4444 4511 4496
8392 2 2 49 63 4401 4402 4404
8393 2 2 49 63 1024 4387 4581
8394 2 2 49 63 4462 4463 4464
8395 2 2 49 63 4404 4405 4504
8396 2 2 49 63 4419 4499 4498
8397 2 2 49 63 4426 4428 4487
8398 2 2 49 63 602 603 4569
8399 2 2 49 63 4379 4493 4553
8400 2 2 49 63 4388 4463 4462
8401 2 2 49 63 4444 4445 4457
8402 2 2 49 63 4445 4447 4495
8403 2 2 49 63 4374 4571 4597
8404 2 2 49 63 4447 4449 4475
8405 2 2 49 63 4419 4420 4500
8406 2 2 49 63 4428 4430 4456
8407 2 2 49 63 4405 4407 4452
8408 2 2 49 63 4417 4552 4512
8409 2 2 49 63 4439 4441 4496
8410 2 2 49 63 4409 4410 4494
8411 2 2 49 63 4400 4402 4401
8412 2 2 49 63 4451 4571 4519
8413 2 2 49 63 4499 4534 4548
8414 2 2 49 63 4432 4490 4491
8415 2 2 49 63 4438 4455 4477
8416 2 2 49 63 4424 4426 4451
8417 2 2 49 63 4385 4400 4399
8418 2 2 49 63 4496 4511 4610
8419 2 2 49 63 4441 4444 4496
8420 2 2 49 63 4402 4405 4404
8421 2 2 49 63 4422 4424 4488
8422 2 2 49 63 4407 4492 4452
8423 2 2 49 63 4376 4596 4522
8424 2 2 49 63 4416 4419 4498
8425 2 2 49 63 4413 4458 4501
8426 2 2 49 63 4414 4416 4498
8427 2 2 49 63 4420 4422 4450
8428 2 2 49 63 4458 4498 4609
8429 2 2 49 63 4399 4401 4403
8430 2 2 49 63 4438 4439 4455
8431 2 2 49 63 1034 4461 1035
8432 2 2 49 63 4426 4487 4451
8433 2 2 49 63 1030 4389 4469
8434 2 2 49 63 4466 4478 4481
8435 2 2 49 63 1032 4385 4398
8436 2 2 49 63 4403 4506 4580
8437 2 2 49 63 4452 4492 4508
8438 2 2 49 63 4413 4414 4458
8439 2 2 49 63 4485 4586 4533
8440 2 2 49 63 4411 4518 4606
8441 2 2 49 63 1026 4390 4473
8442 2 2 49 63 1029 4459 4389
8443 2 2 49 63 1025 4454 4390
8444 2 2 49 63 4404 4504 4505
8445 2 2 49 63 4416 4418 4419
8446 2 2 49 63 4424 4451 4488
8447 2 2 49 63 4435 4438 4489
8448 2 2 49 63 4463 4507 4464
8449 2 2 49 63 4477 4503 4489
8450 2 2 49 63 4441 4443 4444
8451 2 2 49 63 4479 4480 4483
8452 2 2 49 63 4504 4510 4505
8453 2 2 49 63 4382 4600 4605
8454 2 2 49 63 4432 4491 4525
8455 2 2 49 63 4524 4591 4584
8456 2 2 49 63 4456 4604 4543
8457 2 2 49 63 4389 4459 4509
8458 2 2 49 63 4419 4500 4499
8459 2 2 49 63 4432 4433 4490
8460 2 2 49 63 4371 4511 4520
8461 2 2 49 63 600 4587 4397
8462 2 2 49 63 4435 4437 4438
8463 2 2 49 63 4430 4431 4432
8464 2 2 49 63 4381 4603 4536
8465 2 2 49 63 4483 4484 4485
8466 2 2 49 63 4410 4412 4413
8467 2 2 49 63 4493 4601 4530
8468 2 2 49 63 4479 4600 4590
8469 2 2 49 63 4418 4420 4419
8470 2 2 49 63 4496 4610 4497
8471 2 2 49 63 4407 4408 4409
8472 2 2 49 63 1031 4385 1032
8473 2 2 49 63 1027 4386 1028
8474 2 2 49 63 1023 4387 1024
8475 2 2 49 63 1033 4388 1034
8476 2 2 49 63 1029 4389 1030
8477 2 2 49 63 1025 4390 1026
8478 2 2 49 63 4464 4466 4465
8479 2 2 49 63 4378 4601 4501
8480 2 2 49 63 4405 4406 4407
8481 2 2 49 63 4458 4513 4501
8482 2 2 49 63 4471 4517 4569
8483 2 2 49 63 4381 4514 4603
8484 2 2 49 63 4443 4445 4444
8485 2 2 49 63 4428 4429 4430
8486 2 2 49 63 4409 4494 4493
8487 2 2 49 63 1022 4395 4460
8488 2 2 49 63 4398 4399 4502
8489 2 2 49 63 4388 4462 4461
8490 2 2 49 63 4522 4524 4584
8491 2 2 49 63 4444 4457 4511
8492 2 2 49 63 4437 4439 4438
8493 2 2 49 63 4457 4495 4594
8494 2 2 49 63 4452 4508 4549
8495 2 2 49 63 1035 4461 4523
8496 2 2 49 63 4384 4559 4554
8497 2 2 49 63 4426 4427 4428
8498 2 2 49 63 4469 4515 4589
8499 2 2 49 63 4498 4548 4609
8500 2 2 49 63 4417 4595 4552
8501 2 2 49 63 13 4566 1021
8502 2 2 49 63 4438 4477 4489
8503 2 2 49 63 4378 4501 4546
8504 2 2 49 63 4412 4414 4413
8505 2 2 49 63 4401 4404 4506
8506 2 2 49 63 4467 4480 4479
8507 2 2 49 63 13 602 4566
8508 2 2 49 63 4424 4425 4426
8509 2 2 49 63 4372 4594 4495
8510 2 2 49 63 4415 4509 4595
8511 2 2 49 63 4465 4466 4468
8512 2 2 49 63 4500 4522 4596
8513 2 2 49 63 4422 4423 4424
8514 2 2 49 63 4451 4519 4488
8515 2 2 49 63 4431 4433 4432
8516 2 2 49 63 4389 4518 4469
8517 2 2 49 63 4516 4581 4547
8518 2 2 49 63 4463 4593 4502
8519 2 2 49 63 4508 4538 4549
8520 2 2 49 63 1031 4589 4385
8521 2 2 49 63 4420 4421 4422
8522 2 2 49 63 4408 4410 4409
8523 2 2 49 63 4480 4484 4483
8524 2 2 49 63 1033 4593 4388
8525 2 2 49 63 1021 4395 1022
8526 2 2 49 63 4484 4486 4485
8527 2 2 49 63 4429 4431 4430
8528 2 2 49 63 4555 4556 4557
8529 2 2 49 63 4442 4577 4544
8530 2 2 49 63 4402 4406 4405
8531 2 2 49 63 4461 4578 4523
8532 2 2 49 63 4394 4563 4472
8533 2 2 49 63 4448 4517 4471
8534 2 2 49 63 4454 4599 4482
8535 2 2 49 63 4468 4481 4554
8536 2 2 49 63 4406 4408 4407
8537 2 2 49 63 4457 4520 4511
8538 2 2 49 63 4439 4440 4441
8539 2 2 49 63 4416 4417 4418
8540 2 2 49 63 4442 4547 4577
8541 2 2 49 63 4427 4429 4428
8542 2 2 49 63 4404 4505 4506
8543 2 2 49 63 4414 4415 4416
8544 2 2 49 63 4399 4403 4502
8545 2 2 49 63 4452 4549 4504
8546 2 2 49 63 4395 4566 4517
8547 2 2 49 63 1034 4388 4461
8548 2 2 49 63 4441 4442 4443
8549 2 2 49 63 4445 4446 4447
8550 2 2 49 63 4462 4464 4465
8551 2 2 49 63 4519 4542 4583
8552 2 2 49 63 4556 4587 600
8553 2 2 49 63 477 4520 4567
8554 2 2 49 63 4425 4427 4426
8555 2 2 49 63 4449 4474 4562
8556 2 2 49 63 4493 4530 4553
8557 2 2 49 63 4423 4425 4424
8558 2 2 49 63 4402 4515 4406
8559 2 2 49 63 4435 4436 4437
8560 2 2 49 63 4483 4605 4600
8561 2 2 49 63 4400 4515 4402
8562 2 2 49 63 4418 4421 4420
8563 2 2 49 63 4499 4596 4537
8564 2 2 49 63 4421 4423 4422
8565 2 2 49 63 4410 4411 4412
8566 2 2 49 63 4455 4585 4477
8567 2 2 49 63 4493 4494 4601
8568 2 2 49 63 4465 4468 4557
8569 2 2 49 63 4433 4434 4435
8570 2 2 49 63 4498 4499 4548
8571 2 2 49 63 4480 4507 4550
8572 2 2 49 63 4387 4547 4581
8573 2 2 49 63 4369 4503 4592
8574 2 2 49 63 4430 4432 4525
8575 2 2 49 63 4487 4597 4571
8576 2 2 49 63 4536 4603 4565
8577 2 2 49 63 4486 4580 4506
8578 2 2 49 63 4465 4557 4578
8579 2 2 49 63 4415 4606 4509
8580 2 2 49 63 4418 4512 4421
8581 2 2 49 63 4443 4446 4445
8582 2 2 49 63 517 518 4383
8583 2 2 49 63 502 503 4378
8584 2 2 49 63 514 515 4382
8585 2 2 49 63 499 500 4377
8586 2 2 49 63 475 476 4372
8587 2 2 49 63 511 512 4381
8588 2 2 49 63 496 497 4376
8589 2 2 49 63 478 479 4371
8590 2 2 49 63 505 506 4379
8591 2 2 49 63 508 509 4380
8592 2 2 49 63 493 494 4375
8593 2 2 49 63 481 482 4370
8594 2 2 49 63 490 491 4374
8595 2 2 49 63 484 485 4369
8596 2 2 49 63 4415 4595 4417
8597 2 2 49 63 4437 4440 4439
8598 2 2 49 63 4412 4415 4414
8599 2 2 49 63 4398 4502 4593
8600 2 2 49 63 487 488 4368
8601 2 2 49 63 4380 4565 4510
8602 2 2 49 63 4417 4512 4418
8603 2 2 49 63 4415 4417 4416
8604 2 2 49 63 4440 4442 4441
8605 2 2 49 63 4447 4448 4449
8606 2 2 49 63 4478 4607 4481
8607 2 2 49 63 4431 4434 4433
8608 2 2 49 63 4408 4411 4410
8609 2 2 49 63 4501 4513 4546
8610 2 2 49 63 4436 4516 4437
8611 2 2 49 63 4453 4527 4574
8612 2 2 49 63 4457 4594 4520
8613 2 2 49 63 4437 4516 4440
8614 2 2 49 63 4434 4436 4435
8615 2 2 49 63 4520 4594 4567
8616 2 2 49 63 4478 4479 4590
8617 2 2 49 63 4455 4497 4585
8618 2 2 49 63 4427 4470 4429
8619 2 2 49 63 4381 4586 4514
8620 2 2 49 63 4471 4598 4474
8621 2 2 49 63 4423 4453 4425
8622 2 2 49 63 4510 4565 4603
8623 2 2 49 63 4411 4558 4518
8624 2 2 49 63 4434 4482 4436
8625 2 2 49 63 4486 4506 4611
8626 2 2 49 63 4374 4597 4541
8627 2 2 49 63 603 4598 4569
8628 2 2 49 63 4451 4487 4571
8629 2 2 49 63 4485 4486 4586
8630 2 2 49 63 4429 4521 4431
8631 2 2 49 63 4379 4608 4508
8632 2 2 49 63 497 498 4537
8633 2 2 49 63 498 499 4534
8634 2 2 49 63 480 481 4540
8635 2 2 49 63 510 511 4536
8636 2 2 49 63 491 492 4542
8637 2 2 49 63 482 483 4539
8638 2 2 49 63 503 504 4530
8639 2 2 49 63 507 508 4538
8640 2 2 49 63 512 513 4533
8641 2 2 49 63 489 490 4541
8642 2 2 49 63 488 489 4543
8643 2 2 49 63 513 514 4532
8644 2 2 49 63 515 516 4531
8645 2 2 49 63 501 502 4546
8646 2 2 49 63 516 517 4529
8647 2 2 49 63 479 480 4551
8648 2 2 49 63 4449 4471 4474
8649 2 2 49 63 4382 4531 4600
8650 2 2 49 63 4390 4570 4473
8651 2 2 49 63 474 475 4535
8652 2 2 49 63 4450 4524 4522
8653 2 2 49 63 4425 4526 4427
8654 2 2 49 63 4480 4550 4484
8655 2 2 49 63 4400 4589 4515
8656 2 2 49 63 518 519 4528
8657 2 2 49 63 4446 4448 4447
8658 2 2 49 63 4461 4462 4578
8659 2 2 49 63 4431 4521 4434
8660 2 2 49 63 4377 4612 4513
8661 2 2 49 63 4485 4532 4605
8662 2 2 49 63 4375 4519 4583
8663 2 2 49 63 504 505 4553
8664 2 2 49 63 4406 4515 4558
8665 2 2 49 63 4421 4527 4423
8666 2 2 49 63 600 4396 4556
8667 2 2 49 63 4486 4514 4586
8668 2 2 49 63 4421 4512 4527
8669 2 2 49 63 4479 4483 4600
8670 2 2 49 63 4429 4470 4521
8671 2 2 49 63 4396 4523 4578
8672 2 2 49 63 4446 4476 4448
8673 2 2 49 63 4403 4580 4550
8674 2 2 49 63 4497 4551 4540
8675 2 2 49 63 1021 4566 4395
8676 2 2 49 63 4497 4540 4585
8677 2 2 49 63 499 4377 4534
8678 2 2 49 63 497 4537 4376
8679 2 2 49 63 503 4530 4378
8680 2 2 49 63 511 4381 4536
8681 2 2 49 63 481 4370 4540
8682 2 2 49 63 482 4539 4370
8683 2 2 49 63 508 4380 4538
8684 2 2 49 63 491 4542 4374
8685 2 2 49 63 512 4533 4381
8686 2 2 49 63 502 4378 4546
8687 2 2 49 63 490 4374 4541
8688 2 2 49 63 514 4382 4532
8689 2 2 49 63 509 510 4565
8690 2 2 49 63 4427 4526 4470
8691 2 2 49 63 515 4531 4382
8692 2 2 49 63 4483 4485 4605
8693 2 2 49 63 488 4543 4368
8694 2 2 49 63 479 4551 4371
8695 2 2 49 63 4505 4510 4603
8696 2 2 49 63 4434 4521 4482
8697 2 2 49 63 520 521 4384
8698 2 2 49 63 517 4383 4529
8699 2 2 49 63 4425 4453 4526
8700 2 2 49 63 4406 4558 4408
8701 2 2 49 63 4423 4527 4453
8702 2 2 49 63 4408 4558 4411
8703 2 2 49 63 519 520 4545
8704 2 2 49 63 505 4379 4553
8705 2 2 49 63 4499 4500 4596
8706 2 2 49 63 4371 4610 4511
8707 2 2 49 63 472 473 4373
8708 2 2 49 63 4517 4566 4569
8709 2 2 49 63 473 474 4564
8710 2 2 49 63 475 4372 4535
8711 2 2 49 63 509 4565 4380
8712 2 2 49 63 4376 4522 4584
8713 2 2 49 63 518 4528 4383
8714 2 2 49 63 4377 4513 4609
8715 2 2 49 63 4440 4516 4547
8716 2 2 49 63 476 477 4567
8717 2 2 49 63 498 4534 4537
8718 2 2 49 63 4440 4547 4442
8719 2 2 49 63 4412 4606 4415
8720 2 2 49 63 4380 4549 4538
8721 2 2 49 63 489 4541 4543
8722 2 2 49 63 476 4567 4372
8723 2 2 49 63 513 4532 4533
8724 2 2 49 63 480 4540 4551
8725 2 2 49 63 4468 4554 4555
8726 2 2 49 63 516 4529 4531
8727 2 2 49 63 4381 4533 4586
8728 2 2 49 63 493 4375 4583
8729 2 2 49 63 496 4376 4584
8730 2 2 49 63 487 4368 4582
8731 2 2 49 63 4388 4593 4463
8732 2 2 49 63 4377 4548 4534
8733 2 2 49 63 504 4553 4530
8734 2 2 49 63 4505 4603 4514
8735 2 2 49 63 485 4588 4369
8736 2 2 49 63 494 4591 4375
8737 2 2 49 63 484 4369 4592
8738 2 2 49 63 486 487 4582
8739 2 2 49 63 4470 4579 4521
8740 2 2 49 63 510 4536 4565
8741 2 2 49 63 522 523 4391
8742 2 2 49 63 4484 4550 4580
8743 2 2 49 63 492 493 4583
8744 2 2 49 63 4503 4539 4592
8745 2 2 49 63 495 496 4584
8746 2 2 49 63 500 4612 4377
8747 2 2 49 63 4375 4602 4519
8748 2 2 49 63 506 4608 4379
8749 2 2 49 63 4375 4591 4524
8750 2 2 49 63 4385 4589 4400
8751 2 2 49 63 4396 4557 4556
8752 2 2 49 63 4484 4580 4486
8753 2 2 49 63 470 471 4392
8754 2 2 49 63 4459 4595 4509
8755 2 2 49 63 4472 4563 4598
8756 2 2 49 63 521 522 4559
8757 2 2 49 63 492 4583 4542
8758 2 2 49 63 4462 4465 4578
8759 2 2 49 63 4482 4521 4579
8760 2 2 49 63 4468 4555 4557
8761 2 2 49 63 4436 4599 4516
8762 2 2 49 63 471 472 4561
8763 2 2 49 63 485 486 4588
8764 2 2 49 63 524 525 4393
8765 2 2 49 63 483 4592 4539
8766 2 2 49 63 494 495 4591
8767 2 2 49 63 483 484 4592
8768 2 2 49 63 468 469 4394
8769 2 2 49 63 4448 4471 4449
8770 2 2 49 63 4391 4568 4560
8771 2 2 49 63 507 4538 4608
8772 2 2 49 63 501 4546 4612
8773 2 2 49 63 523 524 4568
8774 2 2 49 63 519 4545 4528
8775 2 2 49 63 474 4535 4564
8776 2 2 49 63 4505 4611 4506
8777 2 2 49 63 469 470 4576
8778 2 2 49 63 4470 4526 4570
8779 2 2 49 63 4394 4472 4575
8780 2 2 49 63 4393 4587 4560
8781 2 2 49 63 4393 4560 4568
8782 2 2 49 63 4374 4542 4571
8783 2 2 49 63 4397 4572 4573
8784 2 2 49 63 4488 4519 4602
8785 2 2 49 63 4368 4604 4525
8786 2 2 49 63 4396 4578 4557
8787 2 2 49 63 4458 4609 4513
8788 2 2 49 63 525 526 4572
8789 2 2 49 63 486 4582 4588
8790 2 2 49 63 4373 4562 4561
8791 2 2 49 63 6 468 4575
8792 2 2 49 63 495 4584 4591
8793 2 2 49 63 4460 4544 4577
8794 2 2 49 63 7 4573 526
8795 2 2 49 63 506 507 4608
8796 2 2 49 63 500 501 4612
8797 2 2 49 63 520 4384 4545
8798 2 2 49 63 4375 4524 4602
8799 2 2 49 63 4387 4577 4547
8800 2 2 49 63 4508 4608 4538
8801 2 2 49 63 4370 4585 4540
8802 2 2 49 63 4513 4612 4546
8803 2 2 49 63 4505 4514 4611
8804 2 2 49 63 4459 4552 4595
8805 2 2 49 63 473 4564 4373
8806 2 2 49 63 4436 4482 4599
8807 2 2 49 63 4516 4599 4581
8808 2 2 49 63 4392 4563 4576
8809 2 2 49 63 4411 4606 4412
8810 2 2 49 63 4377 4609 4548
8811 2 2 49 63 4486 4611 4514
8812 2 2 49 63 4397 4587 4572
8813 2 2 49 63 4470 4570 4579
8814 2 2 49 63 4556 4560 4587
8815 2 2 49 63 4371 4551 4610
8816 2 2 49 63 4383 4590 4529
8817 2 2 49 63 4393 4572 4587
8818 2 2 49 63 4394 4576 4563
8819 2 2 49 63 4491 4588 4582
8820 2 2 49 63 521 4559 4384
8821 2 2 49 63 4372 4567 4594
8822 2 2 49 63 4390 4579 4570
8823 2 2 49 63 4376 4537 4596
8824 2 2 49 63 472 4373 4561
8825 2 2 49 63 4497 4610 4551
8826 2 2 49 63 522 4391 4559
8827 2 2 49 63 4378 4530 4601
8828 2 2 49 63 4474 4598 4563
8829 2 2 49 63 4383 4607 4590
8830 2 2 49 63 4368 4543 4604
8831 2 2 49 63 471 4561 4392
8832 2 2 49 63 602 4569 4566
8833 2 2 49 63 4382 4605 4532
8834 2 2 49 63 523 4568 4391
8835 2 2 49 63 4383 4528 4607
8836 2 2 49 63 4454 4581 4599
8837 2 2 49 63 470 4392 4576
8838 2 2 49 63 524 4393 4568
8839 2 2 49 63 603 4472 4598
8840 2 2 49 63 469 4576 4394
8841 2 2 49 63 525 4572 4393
8842 2 2 49 63 468 4394 4575
8843 2 2 49 63 4478 4590 4607
8844 2 2 49 63 526 4573 4572
8845 2 2 49 63 6 4472 603
8846 2 2 49 63 6 4575 4472
8847 2 2 49 63 7 600 4397
8848 2 2 49 63 7 4397 4573
8849 2 2 50 64 4800 4865 4869
8850 2 2 50 64 4803 4866 4870
8851 2 2 50 64 4843 4871 4867
8852 2 2 50 64 4777 4778 4858
8853 2 2 50 64 4775 4779 4864
8854 2 2 50 64 4650 4711 4828
8855 2 2 50 64 4671 4709 4710
8856 2 2 50 64 4775 4776 4779
8857 2 2 50 64 4782 4783 4850
8858 2 2 50 64 535 4900 4739
8859 2 2 50 64 4709 4711 4710
8860 2 2 50 64 555 4715 4902
8861 2 2 50 64 4777 4858 4779
8862 2 2 50 64 4647 4799 4874
8863 2 2 50 64 4737 4862 4740
8864 2 2 50 64 4742 4861 4746
8865 2 2 50 64 4761 4763 4863
8866 2 2 50 64 539 4923 4723
8867 2 2 50 64 575 4924 4731
8868 2 2 50 64 562 4919 4707
8869 2 2 50 64 4705 4799 4708
8870 2 2 50 64 4633 4800 4869
8871 2 2 50 64 4644 4803 4870
8872 2 2 50 64 4619 4871 4843
8873 2 2 50 64 4695 4853 4855
8874 2 2 50 64 4773 4855 4853
8875 2 2 50 64 4621 4788 4848
8876 2 2 50 64 562 4707 563
8877 2 2 50 64 535 4739 536
8878 2 2 50 64 539 4723 540
8879 2 2 50 64 575 4731 576
8880 2 2 50 64 554 4715 555
8881 2 2 50 64 4736 4737 4740
8882 2 2 50 64 4741 4742 4746
8883 2 2 50 64 4760 4763 4761
8884 2 2 50 64 4704 4705 4708
8885 2 2 50 64 4642 4807 4781
8886 2 2 50 64 4631 4852 4784
8887 2 2 50 64 4654 4782 4850
8888 2 2 50 64 4667 4697 4696
8889 2 2 50 64 4672 4701 4702
8890 2 2 50 64 4753 4754 4869
8891 2 2 50 64 4747 4748 4870
8892 2 2 50 64 4673 4717 4716
8893 2 2 50 64 4675 4724 4725
8894 2 2 50 64 4676 4732 4733
8895 2 2 50 64 4768 4871 4769
8896 2 2 50 64 4688 4766 4767
8897 2 2 50 64 4692 4748 4747
8898 2 2 50 64 4690 4754 4753
8899 2 2 50 64 4686 4737 4736
8900 2 2 50 64 4687 4742 4741
8901 2 2 50 64 4693 4768 4769
8902 2 2 50 64 4689 4760 4761
8903 2 2 50 64 4674 4705 4704
8904 2 2 50 64 4669 4712 4713
8905 2 2 50 64 4668 4721 4720
8906 2 2 50 64 4670 4729 4728
8907 2 2 50 64 4679 4765 4764
8908 2 2 50 64 4753 4869 4756
8909 2 2 50 64 4747 4870 4751
8910 2 2 50 64 4768 4771 4871
8911 2 2 50 64 4640 4898 4901
8912 2 2 50 64 570 4894 4745
8913 2 2 50 64 4788 4942 4848
8914 2 2 50 64 4781 4807 4943
8915 2 2 50 64 4784 4852 4944
8916 2 2 50 64 4774 4808 4855
8917 2 2 50 64 4641 4844 4918
8918 2 2 50 64 4614 4700 4787
8919 2 2 50 64 4650 4829 4711
8920 2 2 50 64 4685 4856 4778
8921 2 2 50 64 570 4745 571
8922 2 2 50 64 4752 4816 4919
8923 2 2 50 64 4703 4796 4772
8924 2 2 50 64 4718 4759 4791
8925 2 2 50 64 543 4726 4880
8926 2 2 50 64 579 4734 4879
8927 2 2 50 64 2 4887 527
8928 2 2 50 64 4844 4930 4918
8929 2 2 50 64 4783 4894 4873
8930 2 2 50 64 531 4672 4703
8931 2 2 50 64 4707 4919 4816
8932 2 2 50 64 4672 4696 4701
8933 2 2 50 64 551 4718 4673
8934 2 2 50 64 543 4675 4726
8935 2 2 50 64 579 4676 4734
8936 2 2 50 64 4688 4764 4766
8937 2 2 50 64 4673 4716 4712
8938 2 2 50 64 4675 4720 4724
8939 2 2 50 64 4676 4728 4732
8940 2 2 50 64 4756 4869 4865
8941 2 2 50 64 4751 4870 4866
8942 2 2 50 64 4771 4867 4871
8943 2 2 50 64 4774 4909 4808
8944 2 2 50 64 4705 4874 4799
8945 2 2 50 64 529 4667 4696
8946 2 2 50 64 553 4712 4669
8947 2 2 50 64 541 4668 4720
8948 2 2 50 64 577 4670 4728
8949 2 2 50 64 564 4674 4704
8950 2 2 50 64 537 4686 4736
8951 2 2 50 64 573 4687 4741
8952 2 2 50 64 560 4692 4747
8953 2 2 50 64 548 4690 4753
8954 2 2 50 64 556 4679 4764
8955 2 2 50 64 569 4760 4689
8956 2 2 50 64 534 4768 4693
8957 2 2 50 64 566 4671 4710
8958 2 2 50 64 531 4703 4886
8959 2 2 50 64 551 4888 4718
8960 2 2 50 64 4614 4931 4700
8961 2 2 50 64 4685 4795 4856
8962 2 2 50 64 4805 4906 4932
8963 2 2 50 64 4802 4907 4933
8964 2 2 50 64 4849 4873 4908
8965 2 2 50 64 4706 4707 4816
8966 2 2 50 64 4703 4772 4886
8967 2 2 50 64 4718 4888 4759
8968 2 2 50 64 598 4695 4937
8969 2 2 50 64 4625 4727 4817
8970 2 2 50 64 4658 4735 4818
8971 2 2 50 64 4638 4831 4719
8972 2 2 50 64 4765 4901 4898
8973 2 2 50 64 4806 4909 4864
8974 2 2 50 64 4666 4854 4855
8975 2 2 50 64 4695 4854 4937
8976 2 2 50 64 4762 4873 4894
8977 2 2 50 64 4666 4855 4808
8978 2 2 50 64 4625 4945 4727
8979 2 2 50 64 4658 4946 4735
8980 2 2 50 64 4638 4719 4947
8981 2 2 50 64 546 4910 4758
8982 2 2 50 64 4653 4850 4783
8983 2 2 50 64 4691 4776 4775
8984 2 2 50 64 4667 4698 4697
8985 2 2 50 64 4696 4697 4701
8986 2 2 50 64 4764 4765 4766
8987 2 2 50 64 4712 4716 4713
8988 2 2 50 64 4720 4721 4724
8989 2 2 50 64 4728 4729 4732
8990 2 2 50 64 4693 4769 4770
8991 2 2 50 64 4692 4749 4748
8992 2 2 50 64 4690 4755 4754
8993 2 2 50 64 4686 4738 4737
8994 2 2 50 64 4687 4743 4742
8995 2 2 50 64 4689 4761 4762
8996 2 2 50 64 4674 4706 4705
8997 2 2 50 64 4668 4722 4721
8998 2 2 50 64 4670 4730 4729
8999 2 2 50 64 4669 4713 4714
9000 2 2 50 64 598 599 4695
9001 2 2 50 64 4630 4851 4785
9002 2 2 50 64 528 4699 4667
9003 2 2 50 64 4776 4777 4779
9004 2 2 50 64 4804 4861 4907
9005 2 2 50 64 4811 4862 4906
9006 2 2 50 64 4840 4908 4863
9007 2 2 50 64 4700 4859 4787
9008 2 2 50 64 581 4777 582
9009 2 2 50 64 4694 4787 4859
9010 2 2 50 64 540 4723 4668
9011 2 2 50 64 576 4731 4670
9012 2 2 50 64 554 4669 4715
9013 2 2 50 64 563 4707 4674
9014 2 2 50 64 536 4739 4686
9015 2 2 50 64 559 4750 4692
9016 2 2 50 64 572 4744 4687
9017 2 2 50 64 547 4757 4690
9018 2 2 50 64 582 4777 4776
9019 2 2 50 64 4640 4901 4834
9020 2 2 50 64 4767 4918 4930
9021 2 2 50 64 4671 4704 4708
9022 2 2 50 64 4677 4736 4740
9023 2 2 50 64 4678 4741 4746
9024 2 2 50 64 4682 4747 4751
9025 2 2 50 64 4681 4753 4756
9026 2 2 50 64 4680 4763 4760
9027 2 2 50 64 4683 4771 4768
9028 2 2 50 64 4773 4774 4855
9029 2 2 50 64 581 4940 4777
9030 2 2 50 64 535 4693 4900
9031 2 2 50 64 4691 4774 4773
9032 2 2 50 64 4647 4860 4799
9033 2 2 50 64 570 4689 4894
9034 2 2 50 64 4691 4775 4774
9035 2 2 50 64 545 4910 546
9036 2 2 50 64 555 4902 4679
9037 2 2 50 64 4655 4907 4802
9038 2 2 50 64 4622 4906 4805
9039 2 2 50 64 4652 4849 4908
9040 2 2 50 64 4681 4756 4759
9041 2 2 50 64 4682 4751 4752
9042 2 2 50 64 4683 4772 4771
9043 2 2 50 64 4671 4708 4709
9044 2 2 50 64 4738 4932 4906
9045 2 2 50 64 4743 4933 4907
9046 2 2 50 64 4709 4905 4711
9047 2 2 50 64 4679 4786 4765
9048 2 2 50 64 4665 4909 4806
9049 2 2 50 64 4617 4821 4796
9050 2 2 50 64 4695 4855 4854
9051 2 2 50 64 4635 4791 4814
9052 2 2 50 64 4628 4839 4792
9053 2 2 50 64 4661 4841 4794
9054 2 2 50 64 530 4696 4672
9055 2 2 50 64 565 4704 4671
9056 2 2 50 64 552 4673 4712
9057 2 2 50 64 542 4720 4675
9058 2 2 50 64 578 4728 4676
9059 2 2 50 64 538 4736 4677
9060 2 2 50 64 574 4741 4678
9061 2 2 50 64 4698 4699 4700
9062 2 2 50 64 561 4747 4682
9063 2 2 50 64 549 4753 4681
9064 2 2 50 64 568 4680 4760
9065 2 2 50 64 557 4764 4688
9066 2 2 50 64 533 4683 4768
9067 2 2 50 64 567 4710 4680
9068 2 2 50 64 4766 4918 4767
9069 2 2 50 64 583 4776 4691
9070 2 2 50 64 4762 4908 4873
9071 2 2 50 64 543 4880 544
9072 2 2 50 64 579 4879 580
9073 2 2 50 64 4650 4842 4829
9074 2 2 50 64 4701 4911 4702
9075 2 2 50 64 4716 4717 4912
9076 2 2 50 64 4732 4914 4733
9077 2 2 50 64 4724 4913 4725
9078 2 2 50 64 529 4696 530
9079 2 2 50 64 552 4712 553
9080 2 2 50 64 541 4720 542
9081 2 2 50 64 577 4728 578
9082 2 2 50 64 564 4704 565
9083 2 2 50 64 537 4736 538
9084 2 2 50 64 573 4741 574
9085 2 2 50 64 560 4747 561
9086 2 2 50 64 548 4753 549
9087 2 2 50 64 556 4764 557
9088 2 2 50 64 568 4760 569
9089 2 2 50 64 533 4768 534
9090 2 2 50 64 566 4710 567
9091 2 2 50 64 582 4776 583
9092 2 2 50 64 4639 4901 4929
9093 2 2 50 64 4749 4781 4943
9094 2 2 50 64 4755 4784 4944
9095 2 2 50 64 4770 4942 4788
9096 2 2 50 64 4673 4718 4717
9097 2 2 50 64 4676 4733 4734
9098 2 2 50 64 4675 4725 4726
9099 2 2 50 64 4672 4702 4703
9100 2 2 50 64 584 4691 4773
9101 2 2 50 64 528 4667 529
9102 2 2 50 64 4722 4723 4727
9103 2 2 50 64 4730 4731 4735
9104 2 2 50 64 4714 4719 4715
9105 2 2 50 64 530 4672 531
9106 2 2 50 64 540 4668 541
9107 2 2 50 64 565 4671 566
9108 2 2 50 64 553 4669 554
9109 2 2 50 64 576 4670 577
9110 2 2 50 64 551 4673 552
9111 2 2 50 64 563 4674 564
9112 2 2 50 64 542 4675 543
9113 2 2 50 64 578 4676 579
9114 2 2 50 64 538 4677 539
9115 2 2 50 64 574 4678 575
9116 2 2 50 64 561 4682 562
9117 2 2 50 64 549 4681 550
9118 2 2 50 64 536 4686 537
9119 2 2 50 64 572 4687 573
9120 2 2 50 64 567 4680 568
9121 2 2 50 64 555 4679 556
9122 2 2 50 64 559 4692 560
9123 2 2 50 64 583 4691 584
9124 2 2 50 64 547 4690 548
9125 2 2 50 64 532 4683 533
9126 2 2 50 64 544 4684 545
9127 2 2 50 64 580 4685 581
9128 2 2 50 64 557 4688 558
9129 2 2 50 64 569 4689 570
9130 2 2 50 64 534 4693 535
9131 2 2 50 64 4763 4899 4829
9132 2 2 50 64 528 4954 4699
9133 2 2 50 64 4745 4894 4783
9134 2 2 50 64 9 585 4853
9135 2 2 50 64 584 4773 585
9136 2 2 50 64 4698 4700 4931
9137 2 2 50 64 4683 4886 4772
9138 2 2 50 64 4681 4759 4888
9139 2 2 50 64 572 4957 4744
9140 2 2 50 64 547 4958 4757
9141 2 2 50 64 4801 4869 4895
9142 2 2 50 64 4809 4870 4896
9143 2 2 50 64 4847 4897 4871
9144 2 2 50 64 4777 4940 4778
9145 2 2 50 64 562 4682 4919
9146 2 2 50 64 4680 4899 4763
9147 2 2 50 64 599 4853 4695
9148 2 2 50 64 4685 4778 4940
9149 2 2 50 64 4711 4905 4828
9150 2 2 50 64 4655 4804 4907
9151 2 2 50 64 4622 4811 4906
9152 2 2 50 64 4652 4908 4840
9153 2 2 50 64 4772 4796 4917
9154 2 2 50 64 4667 4699 4698
9155 2 2 50 64 559 4959 4750
9156 2 2 50 64 539 4677 4923
9157 2 2 50 64 575 4678 4924
9158 2 2 50 64 4665 4808 4909
9159 2 2 50 64 4775 4864 4909
9160 2 2 50 64 4759 4915 4791
9161 2 2 50 64 4829 4842 4922
9162 2 2 50 64 4662 4846 4856
9163 2 2 50 64 4792 4839 4868
9164 2 2 50 64 4796 4821 4917
9165 2 2 50 64 4722 4727 4945
9166 2 2 50 64 4730 4735 4946
9167 2 2 50 64 4714 4947 4719
9168 2 2 50 64 4674 4707 4706
9169 2 2 50 64 4668 4723 4722
9170 2 2 50 64 4670 4731 4730
9171 2 2 50 64 4669 4714 4715
9172 2 2 50 64 4686 4739 4738
9173 2 2 50 64 4633 4869 4801
9174 2 2 50 64 4644 4870 4809
9175 2 2 50 64 4692 4750 4749
9176 2 2 50 64 4791 4915 4814
9177 2 2 50 64 4619 4847 4871
9178 2 2 50 64 4687 4744 4743
9179 2 2 50 64 4690 4757 4755
9180 2 2 50 64 4758 4838 4785
9181 2 2 50 64 4749 4750 4781
9182 2 2 50 64 4743 4744 4782
9183 2 2 50 64 4755 4757 4784
9184 2 2 50 64 4738 4739 4788
9185 2 2 50 64 4630 4785 4878
9186 2 2 50 64 4677 4740 4789
9187 2 2 50 64 4678 4746 4790
9188 2 2 50 64 4648 4892 4799
9189 2 2 50 64 550 4888 551
9190 2 2 50 64 531 4886 532
9191 2 2 50 64 581 4685 4940
9192 2 2 50 64 585 4773 4853
9193 2 2 50 64 4781 4883 4930
9194 2 2 50 64 912 913 4694
9195 2 2 50 64 4769 4897 4770
9196 2 2 50 64 4754 4755 4895
9197 2 2 50 64 4748 4749 4896
9198 2 2 50 64 4767 4930 4883
9199 2 2 50 64 4653 4783 4873
9200 2 2 50 64 4794 4841 4884
9201 2 2 50 64 587 588 4613
9202 2 2 50 64 4765 4898 4766
9203 2 2 50 64 546 4758 4958
9204 2 2 50 64 571 4745 4957
9205 2 2 50 64 4697 4885 4701
9206 2 2 50 64 4699 4893 4700
9207 2 2 50 64 4713 4716 4889
9208 2 2 50 64 4721 4890 4724
9209 2 2 50 64 4729 4891 4732
9210 2 2 50 64 914 915 4614
9211 2 2 50 64 4717 4718 4791
9212 2 2 50 64 4725 4792 4726
9213 2 2 50 64 4733 4794 4734
9214 2 2 50 64 4702 4796 4703
9215 2 2 50 64 4846 4927 4856
9216 2 2 50 64 4697 4698 4872
9217 2 2 50 64 4708 4892 4709
9218 2 2 50 64 4786 4929 4901
9219 2 2 50 64 913 914 4787
9220 2 2 50 64 4727 4923 4789
9221 2 2 50 64 4735 4924 4790
9222 2 2 50 64 4737 4738 4906
9223 2 2 50 64 4742 4743 4907
9224 2 2 50 64 4761 4908 4762
9225 2 2 50 64 916 917 4615
9226 2 2 50 64 4721 4722 4875
9227 2 2 50 64 4729 4730 4876
9228 2 2 50 64 4713 4877 4714
9229 2 2 50 64 913 4787 4694
9230 2 2 50 64 918 919 4616
9231 2 2 50 64 930 931 4622
9232 2 2 50 64 952 953 4633
9233 2 2 50 64 996 997 4655
9234 2 2 50 64 974 975 4644
9235 2 2 50 64 928 929 4621
9236 2 2 50 64 994 995 4654
9237 2 2 50 64 950 951 4632
9238 2 2 50 64 1016 1017 4665
9239 2 2 50 64 972 973 4643
9240 2 2 50 64 932 933 4623
9241 2 2 50 64 976 977 4645
9242 2 2 50 64 954 955 4634
9243 2 2 50 64 998 999 4656
9244 2 2 50 64 934 935 4624
9245 2 2 50 64 1000 1001 4657
9246 2 2 50 64 978 979 4646
9247 2 2 50 64 956 957 4635
9248 2 2 50 64 936 937 4625
9249 2 2 50 64 1002 1003 4658
9250 2 2 50 64 958 959 4636
9251 2 2 50 64 980 981 4647
9252 2 2 50 64 920 921 4617
9253 2 2 50 64 938 939 4626
9254 2 2 50 64 960 961 4637
9255 2 2 50 64 982 983 4648
9256 2 2 50 64 1004 1005 4659
9257 2 2 50 64 940 941 4627
9258 2 2 50 64 984 985 4649
9259 2 2 50 64 962 963 4638
9260 2 2 50 64 1006 1007 4660
9261 2 2 50 64 986 987 4650
9262 2 2 50 64 942 943 4628
9263 2 2 50 64 964 965 4639
9264 2 2 50 64 1008 1009 4661
9265 2 2 50 64 922 923 4618
9266 2 2 50 64 966 967 4640
9267 2 2 50 64 944 945 4629
9268 2 2 50 64 1010 1011 4662
9269 2 2 50 64 988 989 4651
9270 2 2 50 64 924 925 4619
9271 2 2 50 64 946 947 4630
9272 2 2 50 64 968 969 4641
9273 2 2 50 64 990 991 4652
9274 2 2 50 64 1012 1013 4663
9275 2 2 50 64 926 927 4620
9276 2 2 50 64 1014 1015 4664
9277 2 2 50 64 992 993 4653
9278 2 2 50 64 948 949 4631
9279 2 2 50 64 970 971 4642
9280 2 2 50 64 4705 4706 4874
9281 2 2 50 64 4737 4906 4862
9282 2 2 50 64 4742 4907 4861
9283 2 2 50 64 4835 4918 4898
9284 2 2 50 64 4761 4863 4908
9285 2 2 50 64 4719 4786 4902
9286 2 2 50 64 4723 4923 4727
9287 2 2 50 64 4731 4924 4735
9288 2 2 50 64 4613 4893 4904
9289 2 2 50 64 588 4857 4613
9290 2 2 50 64 915 916 4798
9291 2 2 50 64 4639 4834 4901
9292 2 2 50 64 4785 4851 4934
9293 2 2 50 64 4621 4932 4788
9294 2 2 50 64 917 918 4797
9295 2 2 50 64 914 4614 4787
9296 2 2 50 64 4726 4792 4793
9297 2 2 50 64 4734 4794 4795
9298 2 2 50 64 4774 4775 4909
9299 2 2 50 64 919 920 4822
9300 2 2 50 64 995 996 4802
9301 2 2 50 64 951 952 4801
9302 2 2 50 64 929 930 4805
9303 2 2 50 64 973 974 4809
9304 2 2 50 64 953 954 4800
9305 2 2 50 64 975 976 4803
9306 2 2 50 64 997 998 4804
9307 2 2 50 64 931 932 4811
9308 2 2 50 64 933 934 4810
9309 2 2 50 64 999 1000 4812
9310 2 2 50 64 955 956 4814
9311 2 2 50 64 977 978 4815
9312 2 2 50 64 957 958 4813
9313 2 2 50 64 935 936 4817
9314 2 2 50 64 1001 1002 4818
9315 2 2 50 64 979 980 4820
9316 2 2 50 64 1015 1016 4806
9317 2 2 50 64 971 972 4807
9318 2 2 50 64 927 928 4848
9319 2 2 50 64 949 950 4852
9320 2 2 50 64 993 994 4850
9321 2 2 50 64 959 960 4819
9322 2 2 50 64 937 938 4824
9323 2 2 50 64 1003 1004 4827
9324 2 2 50 64 939 940 4823
9325 2 2 50 64 983 984 4825
9326 2 2 50 64 1005 1006 4826
9327 2 2 50 64 961 962 4830
9328 2 2 50 64 921 922 4821
9329 2 2 50 64 1007 1008 4832
9330 2 2 50 64 985 986 4828
9331 2 2 50 64 963 964 4831
9332 2 2 50 64 941 942 4833
9333 2 2 50 64 965 966 4834
9334 2 2 50 64 943 944 4839
9335 2 2 50 64 987 988 4842
9336 2 2 50 64 1009 1010 4841
9337 2 2 50 64 923 924 4843
9338 2 2 50 64 945 946 4836
9339 2 2 50 64 967 968 4835
9340 2 2 50 64 989 990 4840
9341 2 2 50 64 1011 1012 4846
9342 2 2 50 64 925 926 4847
9343 2 2 50 64 969 970 4844
9344 2 2 50 64 1013 1014 4845
9345 2 2 50 64 991 992 4849
9346 2 2 50 64 947 948 4851
9347 2 2 50 64 4837 4935 4868
9348 2 2 50 64 4631 4784 4934
9349 2 2 50 64 4756 4865 4759
9350 2 2 50 64 4654 4933 4782
9351 2 2 50 64 4751 4866 4752
9352 2 2 50 64 4771 4772 4867
9353 2 2 50 64 4708 4799 4892
9354 2 2 50 64 4710 4711 4899
9355 2 2 50 64 4752 4916 4816
9356 2 2 50 64 4770 4788 4900
9357 2 2 50 64 1018 1019 4666
9358 2 2 50 64 4680 4710 4899
9359 2 2 50 64 4642 4781 4930
9360 2 2 50 64 4715 4719 4902
9361 2 2 50 64 4719 4831 4929
9362 2 2 50 64 588 589 4857
9363 2 2 50 64 1017 1018 4808
9364 2 2 50 64 12 4903 589
9365 2 2 50 64 12 912 4903
9366 2 2 50 64 915 4798 4614
9367 2 2 50 64 4699 4780 4893
9368 2 2 50 64 4706 4816 4936
9369 2 2 50 64 15 598 4937
9370 2 2 50 64 4727 4925 4817
9371 2 2 50 64 4735 4926 4818
9372 2 2 50 64 4688 4767 4883
9373 2 2 50 64 4694 4859 4857
9374 2 2 50 64 546 4958 547
9375 2 2 50 64 571 4957 572
9376 2 2 50 64 916 4615 4798
9377 2 2 50 64 1019 1020 4854
9378 2 2 50 64 4836 4878 4837
9379 2 2 50 64 4613 4857 4859
9380 2 2 50 64 544 4880 4684
9381 2 2 50 64 580 4879 4685
9382 2 2 50 64 4641 4918 4835
9383 2 2 50 64 917 4797 4615
9384 2 2 50 64 4793 4868 4935
9385 2 2 50 64 4719 4929 4786
9386 2 2 50 64 4649 4828 4905
9387 2 2 50 64 918 4616 4797
9388 2 2 50 64 919 4822 4616
9389 2 2 50 64 952 4633 4801
9390 2 2 50 64 996 4655 4802
9391 2 2 50 64 930 4622 4805
9392 2 2 50 64 974 4644 4809
9393 2 2 50 64 951 4801 4632
9394 2 2 50 64 995 4802 4654
9395 2 2 50 64 929 4805 4621
9396 2 2 50 64 973 4809 4643
9397 2 2 50 64 953 4800 4633
9398 2 2 50 64 975 4803 4644
9399 2 2 50 64 997 4804 4655
9400 2 2 50 64 931 4811 4622
9401 2 2 50 64 954 4634 4800
9402 2 2 50 64 976 4645 4803
9403 2 2 50 64 998 4656 4804
9404 2 2 50 64 932 4623 4811
9405 2 2 50 64 920 4617 4822
9406 2 2 50 64 933 4810 4623
9407 2 2 50 64 999 4812 4656
9408 2 2 50 64 977 4815 4645
9409 2 2 50 64 955 4814 4634
9410 2 2 50 64 1016 4665 4806
9411 2 2 50 64 972 4643 4807
9412 2 2 50 64 934 4624 4810
9413 2 2 50 64 1000 4657 4812
9414 2 2 50 64 956 4635 4814
9415 2 2 50 64 978 4646 4815
9416 2 2 50 64 928 4621 4848
9417 2 2 50 64 950 4632 4852
9418 2 2 50 64 994 4654 4850
9419 2 2 50 64 957 4813 4635
9420 2 2 50 64 935 4817 4624
9421 2 2 50 64 1001 4818 4657
9422 2 2 50 64 979 4820 4646
9423 2 2 50 64 958 4636 4813
9424 2 2 50 64 936 4625 4817
9425 2 2 50 64 1002 4658 4818
9426 2 2 50 64 980 4647 4820
9427 2 2 50 64 959 4819 4636
9428 2 2 50 64 937 4824 4625
9429 2 2 50 64 1003 4827 4658
9430 2 2 50 64 960 4637 4819
9431 2 2 50 64 938 4626 4824
9432 2 2 50 64 1004 4659 4827
9433 2 2 50 64 921 4821 4617
9434 2 2 50 64 939 4823 4626
9435 2 2 50 64 983 4825 4648
9436 2 2 50 64 1005 4826 4659
9437 2 2 50 64 961 4830 4637
9438 2 2 50 64 940 4627 4823
9439 2 2 50 64 984 4649 4825
9440 2 2 50 64 1006 4660 4826
9441 2 2 50 64 962 4638 4830
9442 2 2 50 64 985 4828 4649
9443 2 2 50 64 963 4831 4638
9444 2 2 50 64 1007 4832 4660
9445 2 2 50 64 941 4833 4627
9446 2 2 50 64 1015 4806 4664
9447 2 2 50 64 971 4807 4642
9448 2 2 50 64 927 4848 4620
9449 2 2 50 64 949 4852 4631
9450 2 2 50 64 993 4850 4653
9451 2 2 50 64 922 4618 4821
9452 2 2 50 64 986 4650 4828
9453 2 2 50 64 964 4639 4831
9454 2 2 50 64 1008 4661 4832
9455 2 2 50 64 942 4628 4833
9456 2 2 50 64 965 4834 4639
9457 2 2 50 64 943 4839 4628
9458 2 2 50 64 987 4842 4650
9459 2 2 50 64 1009 4841 4661
9460 2 2 50 64 923 4843 4618
9461 2 2 50 64 966 4640 4834
9462 2 2 50 64 944 4629 4839
9463 2 2 50 64 988 4651 4842
9464 2 2 50 64 1010 4662 4841
9465 2 2 50 64 945 4836 4629
9466 2 2 50 64 967 4835 4640
9467 2 2 50 64 989 4840 4651
9468 2 2 50 64 1011 4846 4662
9469 2 2 50 64 924 4619 4843
9470 2 2 50 64 946 4630 4836
9471 2 2 50 64 968 4641 4835
9472 2 2 50 64 990 4652 4840
9473 2 2 50 64 1012 4663 4846
9474 2 2 50 64 925 4847 4619
9475 2 2 50 64 969 4844 4641
9476 2 2 50 64 1013 4845 4663
9477 2 2 50 64 947 4851 4630
9478 2 2 50 64 991 4849 4652
9479 2 2 50 64 926 4620 4847
9480 2 2 50 64 1014 4664 4845
9481 2 2 50 64 970 4642 4844
9482 2 2 50 64 992 4653 4849
9483 2 2 50 64 948 4631 4851
9484 2 2 50 64 545 4684 4910
9485 2 2 50 64 4822 4951 4911
9486 2 2 50 64 532 4886 4683
9487 2 2 50 64 550 4681 4888
9488 2 2 50 64 558 4688 4959
9489 2 2 50 64 4792 4868 4793
9490 2 2 50 64 4813 4912 4953
9491 2 2 50 64 4832 4955 4914
9492 2 2 50 64 4833 4956 4913
9493 2 2 50 64 981 982 4860
9494 2 2 50 64 4837 4878 4838
9495 2 2 50 64 4630 4878 4836
9496 2 2 50 64 4648 4799 4860
9497 2 2 50 64 4739 4900 4788
9498 2 2 50 64 558 4959 559
9499 2 2 50 64 4646 4816 4815
9500 2 2 50 64 4629 4836 4837
9501 2 2 50 64 1017 4808 4665
9502 2 2 50 64 4770 4897 4942
9503 2 2 50 64 4749 4943 4896
9504 2 2 50 64 4755 4944 4895
9505 2 2 50 64 4782 4939 4783
9506 2 2 50 64 981 4860 4647
9507 2 2 50 64 982 4648 4860
9508 2 2 50 64 4662 4856 4884
9509 2 2 50 64 4740 4881 4789
9510 2 2 50 64 4746 4882 4790
9511 2 2 50 64 4663 4845 4858
9512 2 2 50 64 587 4613 4904
9513 2 2 50 64 4765 4786 4901
9514 2 2 50 64 4785 4838 4878
9515 2 2 50 64 4616 4822 4911
9516 2 2 50 64 4750 4883 4781
9517 2 2 50 64 4636 4912 4813
9518 2 2 50 64 4660 4832 4914
9519 2 2 50 64 4627 4833 4913
9520 2 2 50 64 4754 4895 4869
9521 2 2 50 64 4748 4896 4870
9522 2 2 50 64 4769 4871 4897
9523 2 2 50 64 4743 4782 4933
9524 2 2 50 64 4662 4884 4841
9525 2 2 50 64 4758 4785 4938
9526 2 2 50 64 4738 4788 4932
9527 2 2 50 64 4689 4762 4894
9528 2 2 50 64 4740 4862 4920
9529 2 2 50 64 4746 4861 4921
9530 2 2 50 64 4763 4922 4863
9531 2 2 50 64 4693 4770 4900
9532 2 2 50 64 4763 4829 4922
9533 2 2 50 64 1018 4666 4808
9534 2 2 50 64 4794 4884 4795
9535 2 2 50 64 4779 4928 4864
9536 2 2 50 64 4709 4892 4941
9537 2 2 50 64 527 4954 528
9538 2 2 50 64 1019 4854 4666
9539 2 2 50 64 4635 4953 4791
9540 2 2 50 64 4661 4794 4955
9541 2 2 50 64 4628 4792 4956
9542 2 2 50 64 4617 4796 4951
9543 2 2 50 64 4727 4789 4925
9544 2 2 50 64 4735 4790 4926
9545 2 2 50 64 4757 4938 4784
9546 2 2 50 64 4745 4783 4939
9547 2 2 50 64 4780 4904 4893
9548 2 2 50 64 4682 4752 4919
9549 2 2 50 64 2 586 4887
9550 2 2 50 64 4837 4838 4935
9551 2 2 50 64 4629 4837 4868
9552 2 2 50 64 4778 4927 4858
9553 2 2 50 64 4656 4861 4804
9554 2 2 50 64 4623 4862 4811
9555 2 2 50 64 4651 4840 4863
9556 2 2 50 64 4629 4868 4839
9557 2 2 50 64 4778 4856 4927
9558 2 2 50 64 4744 4939 4782
9559 2 2 50 64 4785 4934 4938
9560 2 2 50 64 912 4694 4903
9561 2 2 50 64 4664 4806 4864
9562 2 2 50 64 4634 4865 4800
9563 2 2 50 64 4645 4866 4803
9564 2 2 50 64 4766 4898 4918
9565 2 2 50 64 4618 4843 4867
9566 2 2 50 64 4701 4885 4952
9567 2 2 50 64 4716 4948 4889
9568 2 2 50 64 4724 4890 4949
9569 2 2 50 64 4732 4891 4950
9570 2 2 50 64 4642 4930 4844
9571 2 2 50 64 4757 4958 4938
9572 2 2 50 64 586 587 4904
9573 2 2 50 64 1020 4937 4854
9574 2 2 50 64 4615 4872 4798
9575 2 2 50 64 4646 4936 4816
9576 2 2 50 64 4784 4938 4934
9577 2 2 50 64 4679 4902 4786
9578 2 2 50 64 4726 4793 4880
9579 2 2 50 64 4734 4795 4879
9580 2 2 50 64 4653 4873 4849
9581 2 2 50 64 4647 4874 4820
9582 2 2 50 64 4699 4954 4780
9583 2 2 50 64 15 4937 1020
9584 2 2 50 64 4663 4858 4927
9585 2 2 50 64 4684 4880 4793
9586 2 2 50 64 4685 4879 4795
9587 2 2 50 64 4626 4875 4824
9588 2 2 50 64 4659 4876 4827
9589 2 2 50 64 4637 4830 4877
9590 2 2 50 64 4624 4817 4925
9591 2 2 50 64 4657 4818 4926
9592 2 2 50 64 4744 4957 4939
9593 2 2 50 64 527 4887 4780
9594 2 2 50 64 4717 4791 4953
9595 2 2 50 64 4733 4955 4794
9596 2 2 50 64 4725 4956 4792
9597 2 2 50 64 4702 4951 4796
9598 2 2 50 64 4624 4881 4810
9599 2 2 50 64 4657 4882 4812
9600 2 2 50 64 4702 4911 4951
9601 2 2 50 64 4717 4953 4912
9602 2 2 50 64 4733 4914 4955
9603 2 2 50 64 4725 4913 4956
9604 2 2 50 64 4815 4816 4916
9605 2 2 50 64 4615 4797 4885
9606 2 2 50 64 4711 4829 4899
9607 2 2 50 64 4740 4920 4881
9608 2 2 50 64 4746 4921 4882
9609 2 2 50 64 4758 4910 4838
9610 2 2 50 64 4615 4885 4872
9611 2 2 50 64 4623 4920 4862
9612 2 2 50 64 4656 4921 4861
9613 2 2 50 64 4637 4889 4819
9614 2 2 50 64 4626 4823 4890
9615 2 2 50 64 4659 4826 4891
9616 2 2 50 64 4651 4863 4922
9617 2 2 50 64 4684 4935 4838
9618 2 2 50 64 4700 4893 4859
9619 2 2 50 64 4648 4825 4892
9620 2 2 50 64 4634 4915 4865
9621 2 2 50 64 4645 4916 4866
9622 2 2 50 64 4684 4793 4935
9623 2 2 50 64 4618 4867 4917
9624 2 2 50 64 4684 4838 4910
9625 2 2 50 64 4795 4884 4856
9626 2 2 50 64 4845 4928 4858
9627 2 2 50 64 4758 4938 4958
9628 2 2 50 64 4637 4877 4889
9629 2 2 50 64 4626 4890 4875
9630 2 2 50 64 4659 4891 4876
9631 2 2 50 64 4664 4864 4928
9632 2 2 50 64 589 4903 4857
9633 2 2 50 64 4688 4883 4959
9634 2 2 50 64 4613 4859 4893
9635 2 2 50 64 4632 4801 4895
9636 2 2 50 64 4643 4809 4896
9637 2 2 50 64 4620 4897 4847
9638 2 2 50 64 4694 4857 4903
9639 2 2 50 64 4677 4789 4923
9640 2 2 50 64 4678 4790 4924
9641 2 2 50 64 586 4904 4887
9642 2 2 50 64 4640 4835 4898
9643 2 2 50 64 4649 4941 4825
9644 2 2 50 64 4634 4814 4915
9645 2 2 50 64 4645 4815 4916
9646 2 2 50 64 4618 4917 4821
9647 2 2 50 64 4745 4939 4957
9648 2 2 50 64 4614 4798 4931
9649 2 2 50 64 527 4780 4954
9650 2 2 50 64 4623 4810 4920
9651 2 2 50 64 4656 4812 4921
9652 2 2 50 64 4651 4922 4842
9653 2 2 50 64 4698 4931 4872
9654 2 2 50 64 4663 4927 4846
9655 2 2 50 64 4664 4928 4845
9656 2 2 50 64 4798 4872 4931
9657 2 2 50 64 4643 4896 4943
9658 2 2 50 64 4632 4895 4944
9659 2 2 50 64 4620 4942 4897
9660 2 2 50 64 4639 4929 4831
9661 2 2 50 64 4621 4805 4932
9662 2 2 50 64 4722 4945 4875
9663 2 2 50 64 4730 4946 4876
9664 2 2 50 64 4654 4802 4933
9665 2 2 50 64 4714 4877 4947
9666 2 2 50 64 4646 4820 4936
9667 2 2 50 64 4631 4934 4851
9668 2 2 50 64 4697 4872 4885
9669 2 2 50 64 4759 4865 4915
9670 2 2 50 64 4752 4866 4916
9671 2 2 50 64 4772 4917 4867
9672 2 2 50 64 4643 4943 4807
9673 2 2 50 64 4632 4944 4852
9674 2 2 50 64 4620 4848 4942
9675 2 2 50 64 4625 4824 4945
9676 2 2 50 64 4658 4827 4946
9677 2 2 50 64 4638 4947 4830
9678 2 2 50 64 4780 4887 4904
9679 2 2 50 64 4617 4951 4822
9680 2 2 50 64 4635 4813 4953
9681 2 2 50 64 4661 4955 4832
9682 2 2 50 64 4628 4956 4833
9683 2 2 50 64 4779 4858 4928
9684 2 2 50 64 4820 4874 4936
9685 2 2 50 64 4713 4889 4877
9686 2 2 50 64 4721 4875 4890
9687 2 2 50 64 4729 4876 4891
9688 2 2 50 64 4810 4881 4920
9689 2 2 50 64 4812 4882 4921
9690 2 2 50 64 4824 4875 4945
9691 2 2 50 64 4827 4876 4946
9692 2 2 50 64 4830 4947 4877
9693 2 2 50 64 4616 4952 4797
9694 2 2 50 64 4636 4819 4948
9695 2 2 50 64 4627 4949 4823
9696 2 2 50 64 4660 4950 4826
9697 2 2 50 64 4797 4952 4885
9698 2 2 50 64 4624 4925 4881
9699 2 2 50 64 4657 4926 4882
9700 2 2 50 64 4819 4889 4948
9701 2 2 50 64 4823 4949 4890
9702 2 2 50 64 4826 4950 4891
9703 2 2 50 64 4649 4905 4941
9704 2 2 50 64 4789 4881 4925
9705 2 2 50 64 4790 4882 4926
9706 2 2 50 64 4706 4936 4874
9707 2 2 50 64 4825 4941 4892
9708 2 2 50 64 4750 4959 4883
9709 2 2 50 64 4636 4948 4912
9710 2 2 50 64 4627 4913 4949
9711 2 2 50 64 4660 4914 4950
9712 2 2 50 64 4616 4911 4952
9713 2 2 50 64 4709 4941 4905
9714 2 2 50 64 4701 4952 4911
9715 2 2 50 64 4716 4912 4948
9716 2 2 50 64 4724 4949 4913
9717 2 2 50 64 4732 4950 4914
9718 2 2 50 64 9 4853 599
9719 2 2 51 65 5068 5171 5157
9720 2 2 51 65 5091 4961 5184
9721 2 2 51 65 5092 5091 5184
9722 2 2 51 65 4978 5133 5114
9723 2 2 51 65 5197 5018 5047
9724 2 2 51 65 4961 5091 5106
9725 2 2 51 65 5078 5084 5113
9726 2 2 51 65 5079 5018 5197
9727 2 2 51 65 5054 5084 5078
9728 2 2 51 65 5043 5067 5130
9729 2 2 51 65 795 5158 5051
9730 2 2 51 65 5171 593 5157
9731 2 2 51 65 5081 5106 5091
9732 2 2 51 65 418 419 5119
9733 2 2 51 65 5003 5103 5095
9734 2 2 51 65 4972 5097 5155
9735 2 2 51 65 4978 5114 5158
9736 2 2 51 65 4986 5083 5157
9737 2 2 51 65 5049 5206 5132
9738 2 2 51 65 4971 5093 5094
9739 2 2 51 65 5061 5120 5117
9740 2 2 51 65 5068 5157 5161
9741 2 2 51 65 4985 5107 5108
9742 2 2 51 65 795 4978 5158
9743 2 2 51 65 5044 5071 5175
9744 2 2 51 65 5023 5081 5091
9745 2 2 51 65 794 5067 5173
9746 2 2 51 65 5090 5155 5097
9747 2 2 51 65 4986 5180 5083
9748 2 2 51 65 5000 5003 5095
9749 2 2 51 65 5082 5217 5148
9750 2 2 51 65 5129 5205 5020
9751 2 2 51 65 5049 5132 5134
9752 2 2 51 65 587 5107 4985
9753 2 2 51 65 802 5052 5105
9754 2 2 51 65 5082 5148 5149
9755 2 2 51 65 791 5176 5044
9756 2 2 51 65 419 4963 5119
9757 2 2 51 65 5092 5177 5129
9758 2 2 51 65 4995 5042 5090
9759 2 2 51 65 5101 5139 5136
9760 2 2 51 65 4984 5124 5170
9761 2 2 51 65 5010 5040 5102
9762 2 2 51 65 4960 5129 5177
9763 2 2 51 65 4962 5141 5070
9764 2 2 51 65 5012 5080 5040
9765 2 2 51 65 5040 5080 5204
9766 2 2 51 65 5035 5087 5045
9767 2 2 51 65 5205 5047 5020
9768 2 2 51 65 5065 5132 5206
9769 2 2 51 65 5043 5173 5067
9770 2 2 51 65 4993 5113 5084
9771 2 2 51 65 5117 5120 5160
9772 2 2 51 65 5121 5168 5144
9773 2 2 51 65 798 5061 5186
9774 2 2 51 65 5046 5098 5099
9775 2 2 51 65 800 4988 5187
9776 2 2 51 65 5047 5145 5197
9777 2 2 51 65 4975 5096 5174
9778 2 2 51 65 4982 5044 5175
9779 2 2 51 65 797 5061 798
9780 2 2 51 65 5023 5025 5081
9781 2 2 51 65 799 4988 800
9782 2 2 51 65 5143 5197 5145
9783 2 2 51 65 793 5067 794
9784 2 2 51 65 795 5051 796
9785 2 2 51 65 791 5044 792
9786 2 2 51 65 5040 5204 5128
9787 2 2 51 65 5058 5073 5072
9788 2 2 51 65 4978 5173 5133
9789 2 2 51 65 5029 5098 5046
9790 2 2 51 65 5095 5103 5202
9791 2 2 51 65 4971 5110 5093
9792 2 2 51 65 789 5049 5210
9793 2 2 51 65 5004 5100 5050
9794 2 2 51 65 801 5052 802
9795 2 2 51 65 4999 5094 5093
9796 2 2 51 65 4974 5220 5085
9797 2 2 51 65 586 5107 587
9798 2 2 51 65 5151 5213 5219
9799 2 2 51 65 5077 5182 5174
9800 2 2 51 65 5057 5058 5072
9801 2 2 51 65 5111 5208 5120
9802 2 2 51 65 794 5173 4978
9803 2 2 51 65 5123 5180 5165
9804 2 2 51 65 4964 5190 5087
9805 2 2 51 65 4964 5087 5213
9806 2 2 51 65 5040 5127 5102
9807 2 2 51 65 4962 5070 5183
9808 2 2 51 65 5060 5072 5096
9809 2 2 51 65 5067 5167 5130
9810 2 2 51 65 5070 5141 5106
9811 2 2 51 65 4973 5122 5125
9812 2 2 51 65 4994 4995 5090
9813 2 2 51 65 4989 4990 4991
9814 2 2 51 65 5057 5060 5059
9815 2 2 51 65 4997 4999 5093
9816 2 2 51 65 4965 5192 5150
9817 2 2 51 65 5053 5054 5055
9818 2 2 51 65 586 5209 5107
9819 2 2 51 65 4981 5111 5120
9820 2 2 51 65 4977 4989 4988
9821 2 2 51 65 4991 5088 4993
9822 2 2 51 65 5034 5112 5098
9823 2 2 51 65 4991 4992 4994
9824 2 2 51 65 12 589 5164
9825 2 2 51 65 791 4979 5176
9826 2 2 51 65 4975 5174 5182
9827 2 2 51 65 5009 5101 5100
9828 2 2 51 65 5042 5155 5090
9829 2 2 51 65 5089 5090 5097
9830 2 2 51 65 4994 5089 5088
9831 2 2 51 65 5016 5018 5079
9832 2 2 51 65 789 5210 790
9833 2 2 51 65 4971 5094 5159
9834 2 2 51 65 5057 5072 5060
9835 2 2 51 65 5035 5037 5087
9836 2 2 51 65 5037 5039 5048
9837 2 2 51 65 5073 5075 5077
9838 2 2 51 65 586 5069 5209
9839 2 2 51 65 5037 5048 5087
9840 2 2 51 65 5034 5035 5045
9841 2 2 51 65 4966 5168 5197
9842 2 2 51 65 5009 5010 5102
9843 2 2 51 65 4980 5053 5052
9844 2 2 51 65 5018 5020 5047
9845 2 2 51 65 5055 5058 5057
9846 2 2 51 65 5055 5057 5056
9847 2 2 51 65 4995 4997 5042
9848 2 2 51 65 5007 5158 5114
9849 2 2 51 65 4999 5000 5095
9850 2 2 51 65 4990 4992 4991
9851 2 2 51 65 5029 5031 5098
9852 2 2 51 65 4986 5207 5165
9853 2 2 51 65 4980 5054 5053
9854 2 2 51 65 5041 5168 5121
9855 2 2 51 65 5098 5112 5215
9856 2 2 51 65 5101 5136 5154
9857 2 2 51 65 5022 5091 5092
9858 2 2 51 65 5028 5046 5070
9859 2 2 51 65 5014 5016 5041
9860 2 2 51 65 4977 4990 4989
9861 2 2 51 65 4992 4995 4994
9862 2 2 51 65 5012 5014 5080
9863 2 2 51 65 4997 5093 5042
9864 2 2 51 65 4968 5196 5127
9865 2 2 51 65 5006 5009 5100
9866 2 2 51 65 5059 5060 5063
9867 2 2 51 65 5003 5050 5103
9868 2 2 51 65 5031 5034 5098
9869 2 2 51 65 5004 5006 5100
9870 2 2 51 65 5124 5209 5170
9871 2 2 51 65 5054 5187 5084
9872 2 2 51 65 4965 5115 5192
9873 2 2 51 65 4994 5090 5089
9874 2 2 51 65 5010 5012 5040
9875 2 2 51 65 5050 5100 5214
9876 2 2 51 65 4989 4991 4993
9877 2 2 51 65 591 5207 4986
9878 2 2 51 65 5028 5029 5046
9879 2 2 51 65 5016 5079 5041
9880 2 2 51 65 587 4985 588
9881 2 2 51 65 797 4981 5061
9882 2 2 51 65 799 4977 4988
9883 2 2 51 65 5042 5093 5110
9884 2 2 51 65 4991 4994 5088
9885 2 2 51 65 5053 5056 5104
9886 2 2 51 65 5003 5004 5050
9887 2 2 51 65 5031 5033 5034
9888 2 2 51 65 5001 5120 5208
9889 2 2 51 65 5072 5174 5096
9890 2 2 51 65 793 4982 5067
9891 2 2 51 65 796 5051 4981
9892 2 2 51 65 792 5044 4982
9893 2 2 51 65 4963 5112 5119
9894 2 2 51 65 12 5164 788
9895 2 2 51 65 591 4986 592
9896 2 2 51 65 588 4985 5109
9897 2 2 51 65 5006 5008 5009
9898 2 2 51 65 5014 5041 5080
9899 2 2 51 65 5025 5028 5081
9900 2 2 51 65 5070 5106 5081
9901 2 2 51 65 5022 5092 5129
9902 2 2 51 65 592 4986 5157
9903 2 2 51 65 5058 5078 5074
9904 2 2 51 65 5056 5057 5059
9905 2 2 51 65 5107 5124 5108
9906 2 2 51 65 5128 5189 5179
9907 2 2 51 65 5047 5205 5145
9908 2 2 51 65 5098 5215 5099
9909 2 2 51 65 4981 5051 5111
9910 2 2 51 65 5009 5102 5101
9911 2 2 51 65 5022 5023 5091
9912 2 2 51 65 5073 5074 5075
9913 2 2 51 65 5025 5027 5028
9914 2 2 51 65 5020 5021 5022
9915 2 2 51 65 5053 5055 5056
9916 2 2 51 65 5048 5219 5213
9917 2 2 51 65 5033 5035 5034
9918 2 2 51 65 789 4987 5049
9919 2 2 51 65 5000 5002 5003
9920 2 2 51 65 5075 5076 5085
9921 2 2 51 65 5075 5085 5220
9922 2 2 51 65 801 4980 5052
9923 2 2 51 65 5054 5078 5055
9924 2 2 51 65 5094 5202 5135
9925 2 2 51 65 5008 5010 5009
9926 2 2 51 65 4973 5125 5194
9927 2 2 51 65 4997 4998 4999
9928 2 2 51 65 4988 4989 5084
9929 2 2 51 65 5052 5053 5104
9930 2 2 51 65 798 4977 799
9931 2 2 51 65 794 4978 795
9932 2 2 51 65 790 4979 791
9933 2 2 51 65 800 4980 801
9934 2 2 51 65 796 4981 797
9935 2 2 51 65 792 4982 793
9936 2 2 51 65 5045 5087 5190
9937 2 2 51 65 4974 5085 5131
9938 2 2 51 65 4970 5202 5103
9939 2 2 51 65 5074 5078 5113
9940 2 2 51 65 4995 4996 4997
9941 2 2 51 65 5050 5116 5103
9942 2 2 51 65 5018 5019 5020
9943 2 2 51 65 4999 5095 5094
9944 2 2 51 65 5034 5045 5112
9945 2 2 51 65 5104 5123 5165
9946 2 2 51 65 586 5169 5069
9947 2 2 51 65 5127 5128 5179
9948 2 2 51 65 5027 5029 5028
9949 2 2 51 65 5042 5110 5155
9950 2 2 51 65 5016 5017 5018
9951 2 2 51 65 5061 5117 5186
9952 2 2 51 65 5100 5154 5214
9953 2 2 51 65 5007 5195 5158
9954 2 2 51 65 5028 5070 5081
9955 2 2 51 65 4970 5103 5153
9956 2 2 51 65 5002 5004 5003
9957 2 2 51 65 5058 5074 5073
9958 2 2 51 65 5014 5015 5016
9959 2 2 51 65 788 4987 789
9960 2 2 51 65 5005 5111 5195
9961 2 2 51 65 5102 5127 5196
9962 2 2 51 65 5118 5176 5152
9963 2 2 51 65 5063 5217 5082
9964 2 2 51 65 5063 5082 5064
9965 2 2 51 65 5012 5013 5014
9966 2 2 51 65 588 5109 589
9967 2 2 51 65 5041 5121 5080
9968 2 2 51 65 5021 5023 5022
9969 2 2 51 65 4975 5188 5096
9970 2 2 51 65 4981 5120 5061
9971 2 2 51 65 5137 5213 5151
9972 2 2 51 65 5073 5077 5174
9973 2 2 51 65 5110 5140 5155
9974 2 2 51 65 4972 5166 5097
9975 2 2 51 65 798 5186 4977
9976 2 2 51 65 5010 5011 5012
9977 2 2 51 65 4998 5000 4999
9978 2 2 51 65 5076 5086 5085
9979 2 2 51 65 800 5187 4980
9980 2 2 51 65 5045 5119 5112
9981 2 2 51 65 5055 5078 5058
9982 2 2 51 65 5035 5036 5037
9983 2 2 51 65 5074 5113 5076
9984 2 2 51 65 5019 5021 5020
9985 2 2 51 65 5074 5076 5075
9986 2 2 51 65 802 5105 5201
9987 2 2 51 65 5039 5115 5048
9988 2 2 51 65 4992 4996 4995
9989 2 2 51 65 418 5119 5163
9990 2 2 51 65 454 455 5131
9991 2 2 51 65 5044 5198 5071
9992 2 2 51 65 5037 5038 5039
9993 2 2 51 65 5056 5123 5104
9994 2 2 51 65 4993 5088 5146
9995 2 2 51 65 4996 4998 4997
9996 2 2 51 65 4989 4993 5084
9997 2 2 51 65 5031 5032 5033
9998 2 2 51 65 5085 5086 5122
9999 2 2 51 65 5029 5030 5031
10000 2 2 51 65 5006 5007 5008
10001 2 2 51 65 5017 5019 5018
10002 2 2 51 65 5004 5005 5006
10003 2 2 51 65 5121 5144 5178
10004 2 2 51 65 5015 5017 5016
10005 2 2 51 65 5094 5135 5159
10006 2 2 51 65 5013 5015 5014
10007 2 2 51 65 4992 5117 4996
10008 2 2 51 65 5066 5206 5200
10009 2 2 51 65 5025 5026 5027
10010 2 2 51 65 4990 5117 4992
10011 2 2 51 65 5008 5011 5010
10012 2 2 51 65 5101 5196 5139
10013 2 2 51 65 5011 5013 5012
10014 2 2 51 65 5000 5001 5002
10015 2 2 51 65 4988 5084 5187
10016 2 2 51 65 5046 5183 5070
10017 2 2 51 65 5094 5095 5202
10018 2 2 51 65 5023 5024 5025
10019 2 2 51 65 5100 5101 5154
10020 2 2 51 65 5059 5063 5064
10021 2 2 51 65 4979 5152 5176
10022 2 2 51 65 5033 5036 5035
10023 2 2 51 65 5065 5206 5066
10024 2 2 51 65 5052 5104 5105
10025 2 2 51 65 4961 5106 5191
10026 2 2 51 65 5020 5022 5129
10027 2 2 51 65 5079 5197 5168
10028 2 2 51 65 5005 5208 5111
10029 2 2 51 65 5008 5114 5011
10030 2 2 51 65 455 4974 5131
10031 2 2 51 65 5039 5162 5203
10032 2 2 51 65 458 459 4975
10033 2 2 51 65 443 444 4970
10034 2 2 51 65 455 456 4974
10035 2 2 51 65 440 441 4969
10036 2 2 51 65 5027 5030 5029
10037 2 2 51 65 416 417 4964
10038 2 2 51 65 452 453 4973
10039 2 2 51 65 437 438 4968
10040 2 2 51 65 419 420 4963
10041 2 2 51 65 446 447 4971
10042 2 2 51 65 449 450 4972
10043 2 2 51 65 434 435 4967
10044 2 2 51 65 422 423 4962
10045 2 2 51 65 431 432 4966
10046 2 2 51 65 425 426 4961
10047 2 2 51 65 5005 5195 5007
10048 2 2 51 65 5002 5005 5004
10049 2 2 51 65 428 429 4960
10050 2 2 51 65 5086 5125 5122
10051 2 2 51 65 4973 5194 5138
10052 2 2 51 65 5064 5082 5083
10053 2 2 51 65 5007 5114 5008
10054 2 2 51 65 4984 5192 5124
10055 2 2 51 65 5030 5032 5031
10056 2 2 51 65 5060 5181 5063
10057 2 2 51 65 5036 5038 5037
10058 2 2 51 65 5005 5007 5006
10059 2 2 51 65 5056 5059 5123
10060 2 2 51 65 5060 5096 5181
10061 2 2 51 65 5045 5190 5119
10062 2 2 51 65 4979 5134 5152
10063 2 2 51 65 5021 5024 5023
10064 2 2 51 65 461 462 4976
10065 2 2 51 65 413 414 4965
10066 2 2 51 65 5097 5166 5138
10067 2 2 51 65 4998 5001 5000
10068 2 2 51 65 5103 5116 5153
10069 2 2 51 65 5026 5118 5027
10070 2 2 51 65 5085 5122 5131
10071 2 2 51 65 5043 5133 5173
10072 2 2 51 65 589 5109 5164
10073 2 2 51 65 4985 5108 5199
10074 2 2 51 65 5119 5190 5163
10075 2 2 51 65 5082 5149 5218
10076 2 2 51 65 5072 5073 5174
10077 2 2 51 65 5027 5118 5030
10078 2 2 51 65 4983 5218 5149
10079 2 2 51 65 5059 5064 5123
10080 2 2 51 65 5024 5026 5025
10081 2 2 51 65 5076 5113 5146
10082 2 2 51 65 5046 5099 5183
10083 2 2 51 65 5033 5132 5036
10084 2 2 51 65 5017 5062 5019
10085 2 2 51 65 4986 5165 5180
10086 2 2 51 65 4993 5146 5113
10087 2 2 51 65 5013 5043 5015
10088 2 2 51 65 4964 5213 5137
10089 2 2 51 65 4985 5199 5109
10090 2 2 51 65 5076 5146 5086
10091 2 2 51 65 5001 5160 5120
10092 2 2 51 65 5024 5071 5026
10093 2 2 51 65 4966 5197 5143
10094 2 2 51 65 5041 5079 5168
10095 2 2 51 65 5019 5126 5021
10096 2 2 51 65 5032 5132 5033
10097 2 2 51 65 4971 5211 5110
10098 2 2 51 65 438 439 5139
10099 2 2 51 65 439 440 5136
10100 2 2 51 65 421 422 5142
10101 2 2 51 65 411 412 4984
10102 2 2 51 65 432 433 5144
10103 2 2 51 65 423 424 5141
10104 2 2 51 65 444 445 5135
10105 2 2 51 65 448 449 5140
10106 2 2 51 65 451 452 5138
10107 2 2 51 65 430 431 5143
10108 2 2 51 65 429 430 5145
10109 2 2 51 65 415 416 5137
10110 2 2 51 65 5038 5065 5066
10111 2 2 51 65 442 443 5153
10112 2 2 51 65 420 421 5156
10113 2 2 51 65 5083 5161 5157
10114 2 2 51 65 5036 5065 5038
10115 2 2 51 65 460 461 5147
10116 2 2 51 65 414 415 5151
10117 2 2 51 65 5109 5199 5200
10118 2 2 51 65 5048 5213 5087
10119 2 2 51 65 5096 5147 5181
10120 2 2 51 65 4982 5167 5067
10121 2 2 51 65 464 465 4983
10122 2 2 51 65 5040 5128 5127
10123 2 2 51 65 5036 5132 5065
10124 2 2 51 65 5015 5130 5017
10125 2 2 51 65 4990 5186 5117
10126 2 2 51 65 462 463 5148
10127 2 2 51 65 5021 5126 5024
10128 2 2 51 65 4969 5216 5116
10129 2 2 51 65 4967 5121 5178
10130 2 2 51 65 5075 5220 5077
10131 2 2 51 65 445 446 5159
10132 2 2 51 65 4996 5117 5160
10133 2 2 51 65 5011 5133 5013
10134 2 2 51 65 5089 5097 5194
10135 2 2 51 65 5218 4983 5172
10136 2 2 51 65 5032 5134 5132
10137 2 2 51 65 5088 5089 5212
10138 2 2 51 65 412 413 5150
10139 2 2 51 65 592 5157 593
10140 2 2 51 65 5011 5114 5133
10141 2 2 51 65 5108 5203 5162
10142 2 2 51 65 5097 5138 5194
10143 2 2 51 65 5099 5156 5142
10144 2 2 51 65 5099 5142 5183
10145 2 2 51 65 5019 5062 5126
10146 2 2 51 65 5066 5200 5199
10147 2 2 51 65 4973 5185 5122
10148 2 2 51 65 463 464 5149
10149 2 2 51 65 4963 5215 5112
10150 2 2 51 65 440 4969 5136
10151 2 2 51 65 438 5139 4968
10152 2 2 51 65 444 5135 4970
10153 2 2 51 65 422 4962 5142
10154 2 2 51 65 423 5141 4962
10155 2 2 51 65 449 4972 5140
10156 2 2 51 65 452 4973 5138
10157 2 2 51 65 432 5144 4966
10158 2 2 51 65 443 4970 5153
10159 2 2 51 65 431 4966 5143
10160 2 2 51 65 420 5156 4963
10161 2 2 51 65 5017 5130 5062
10162 2 2 51 65 788 5164 4987
10163 2 2 51 65 429 5145 4960
10164 2 2 51 65 416 4964 5137
10165 2 2 51 65 5024 5126 5071
10166 2 2 51 65 5015 5043 5130
10167 2 2 51 65 4996 5160 4998
10168 2 2 51 65 5013 5133 5043
10169 2 2 51 65 4998 5160 5001
10170 2 2 51 65 446 4971 5159
10171 2 2 51 65 5101 5102 5196
10172 2 2 51 65 4984 5150 5192
10173 2 2 51 65 5108 5162 5199
10174 2 2 51 65 4987 5206 5049
10175 2 2 51 65 5030 5152 5032
10176 2 2 51 65 4968 5127 5179
10177 2 2 51 65 417 418 5163
10178 2 2 51 65 5030 5118 5152
10179 2 2 51 65 450 451 5166
10180 2 2 51 65 4969 5116 5214
10181 2 2 51 65 439 5136 5139
10182 2 2 51 65 4965 5219 5115
10183 2 2 51 65 461 4976 5147
10184 2 2 51 65 4972 5155 5140
10185 2 2 51 65 5002 5208 5005
10186 2 2 51 65 417 5163 4964
10187 2 2 51 65 450 5166 4972
10188 2 2 51 65 430 5143 5145
10189 2 2 51 65 421 5142 5156
10190 2 2 51 65 414 5151 4965
10191 2 2 51 65 5104 5165 5105
10192 2 2 51 65 5032 5152 5134
10193 2 2 51 65 434 4967 5178
10194 2 2 51 65 790 5210 4979
10195 2 2 51 65 437 4968 5179
10196 2 2 51 65 428 4960 5177
10197 2 2 51 65 462 5148 4976
10198 2 2 51 65 5038 5066 5162
10199 2 2 51 65 4969 5154 5136
10200 2 2 51 65 445 5159 5135
10201 2 2 51 65 415 5137 5151
10202 2 2 51 65 458 4975 5182
10203 2 2 51 65 453 5185 4973
10204 2 2 51 65 4979 5210 5134
10205 2 2 51 65 426 5184 4961
10206 2 2 51 65 435 5189 4967
10207 2 2 51 65 5088 5212 5146
10208 2 2 51 65 425 4961 5191
10209 2 2 51 65 427 428 5177
10210 2 2 51 65 5062 5175 5126
10211 2 2 51 65 456 5193 4974
10212 2 2 51 65 459 5188 4975
10213 2 2 51 65 5086 5146 5212
10214 2 2 51 65 413 4965 5150
10215 2 2 51 65 433 434 5178
10216 2 2 51 65 5106 5141 5191
10217 2 2 51 65 5038 5162 5039
10218 2 2 51 65 4980 5187 5054
10219 2 2 51 65 436 437 5179
10220 2 2 51 65 441 5216 4969
10221 2 2 51 65 4967 5204 5121
10222 2 2 51 65 447 5211 4971
10223 2 2 51 65 4967 5189 5128
10224 2 2 51 65 4977 5186 4990
10225 2 2 51 65 451 5138 5166
10226 2 2 51 65 5089 5125 5212
10227 2 2 51 65 410 411 5170
10228 2 2 51 65 5051 5195 5111
10229 2 2 51 65 457 458 5182
10230 2 2 51 65 454 5131 5185
10231 2 2 51 65 433 5178 5144
10232 2 2 51 65 465 466 5172
10233 2 2 51 65 5122 5185 5131
10234 2 2 51 65 5071 5126 5175
10235 2 2 51 65 409 410 5069
10236 2 2 51 65 5026 5198 5118
10237 2 2 51 65 5064 5180 5123
10238 2 2 51 65 453 454 5185
10239 2 2 51 65 466 467 5068
10240 2 2 51 65 426 427 5184
10241 2 2 51 65 412 5150 4984
10242 2 2 51 65 424 5191 5141
10243 2 2 51 65 5161 5218 5172
10244 2 2 51 65 459 460 5188
10245 2 2 51 65 435 436 5189
10246 2 2 51 65 424 425 5191
10247 2 2 51 65 463 5149 5148
10248 2 2 51 65 590 5207 591
10249 2 2 51 65 456 457 5193
10250 2 2 51 65 460 5147 5188
10251 2 2 51 65 5089 5194 5125
10252 2 2 51 65 448 5140 5211
10253 2 2 51 65 5048 5115 5219
10254 2 2 51 65 10 5201 590
10255 2 2 51 65 442 5153 5216
10256 2 2 51 65 464 4983 5149
10257 2 2 51 65 5082 5218 5083
10258 2 2 51 65 5064 5083 5180
10259 2 2 51 65 10 802 5201
10260 2 2 51 65 5062 5130 5167
10261 2 2 51 65 5096 5188 5147
10262 2 2 51 65 4966 5144 5168
10263 2 2 51 65 5039 5203 5115
10264 2 2 51 65 5063 5181 5217
10265 2 2 51 65 5108 5124 5203
10266 2 2 51 65 5107 5209 5124
10267 2 2 51 65 5080 5121 5204
10268 2 2 51 65 4960 5205 5129
10269 2 2 51 65 5050 5214 5116
10270 2 2 51 65 2 409 5169
10271 2 2 51 65 3 5171 467
10272 2 2 51 65 427 5177 5184
10273 2 2 51 65 4987 5200 5206
10274 2 2 51 65 436 5179 5189
10275 2 2 51 65 5068 5161 5172
10276 2 2 51 65 447 448 5211
10277 2 2 51 65 441 442 5216
10278 2 2 51 65 411 4984 5170
10279 2 2 51 65 457 5182 5193
10280 2 2 51 65 4967 5128 5204
10281 2 2 51 65 5110 5211 5140
10282 2 2 51 65 4962 5183 5142
10283 2 2 51 65 5116 5216 5153
10284 2 2 51 65 4976 5181 5147
10285 2 2 51 65 5051 5158 5195
10286 2 2 51 65 5105 5207 5201
10287 2 2 51 65 5026 5071 5198
10288 2 2 51 65 5118 5198 5176
10289 2 2 51 65 5001 5208 5002
10290 2 2 51 65 465 5172 4983
10291 2 2 51 65 4969 5214 5154
10292 2 2 51 65 5083 5218 5161
10293 2 2 51 65 5062 5167 5175
10294 2 2 51 65 4964 5163 5190
10295 2 2 51 65 4963 5156 5215
10296 2 2 51 65 5086 5212 5125
10297 2 2 51 65 5092 5184 5177
10298 2 2 51 65 4982 5175 5167
10299 2 2 51 65 590 5201 5207
10300 2 2 51 65 4968 5139 5196
10301 2 2 51 65 5109 5200 5164
10302 2 2 51 65 4974 5193 5220
10303 2 2 51 65 5077 5193 5182
10304 2 2 51 65 4987 5164 5200
10305 2 2 51 65 5124 5192 5203
10306 2 2 51 65 5099 5215 5156
10307 2 2 51 65 5066 5199 5162
10308 2 2 51 65 4976 5217 5181
10309 2 2 51 65 4970 5135 5202
10310 2 2 51 65 410 5170 5069
10311 2 2 51 65 4960 5145 5205
10312 2 2 51 65 5049 5134 5210
10313 2 2 51 65 466 5068 5172
10314 2 2 51 65 5044 5176 5198
10315 2 2 51 65 5105 5165 5207
10316 2 2 51 65 4976 5148 5217
10317 2 2 51 65 409 5069 5169
10318 2 2 51 65 4965 5151 5219
10319 2 2 51 65 467 5171 5068
10320 2 2 51 65 5115 5203 5192
10321 2 2 51 65 5077 5220 5193
10322 2 2 51 65 5069 5170 5209
10323 2 2 51 65 2 5169 586
10324 2 2 51 65 3 593 5171
10325 2 2 52 66 5407 5475 5471
10326 2 2 52 66 5408 5477 5472
10327 2 2 52 66 5419 5476 5473
10328 2 2 52 66 5302 5305 5306
10329 2 2 52 66 5269 5439 5333
10330 2 2 52 66 5278 5332 5331
10331 2 2 52 66 5224 5405 5308
10332 2 2 52 66 5331 5332 5333
10333 2 2 52 66 372 5337 5513
10334 2 2 52 66 392 5514 5313
10335 2 2 52 66 5266 5478 5406
10336 2 2 52 66 5376 5469 5379
10337 2 2 52 66 380 5534 5321
10338 2 2 52 66 361 5329 5532
10339 2 2 52 66 5327 5330 5406
10340 2 2 52 66 5230 5475 5407
10341 2 2 52 66 5241 5477 5408
10342 2 2 52 66 5263 5476 5419
10343 2 2 52 66 5384 5388 5462
10344 2 2 52 66 5275 5308 5307
10345 2 2 52 66 5226 5504 5506
10346 2 2 52 66 360 5329 361
10347 2 2 52 66 371 5337 372
10348 2 2 52 66 392 5313 393
10349 2 2 52 66 380 5321 381
10350 2 2 52 66 5375 5376 5379
10351 2 2 52 66 5326 5330 5327
10352 2 2 52 66 5239 5390 5417
10353 2 2 52 66 5228 5389 5458
10354 2 2 52 66 376 5378 377
10355 2 2 52 66 5261 5392 5413
10356 2 2 52 66 5302 5537 407
10357 2 2 52 66 5250 5391 5410
10358 2 2 52 66 5347 5475 5348
10359 2 2 52 66 5359 5476 5360
10360 2 2 52 66 5353 5477 5354
10361 2 2 52 66 5280 5314 5315
10362 2 2 52 66 5282 5322 5323
10363 2 2 52 66 5283 5339 5338
10364 2 2 52 66 5293 5344 5345
10365 2 2 52 66 5294 5369 5368
10366 2 2 52 66 5297 5374 5373
10367 2 2 52 66 5296 5383 5382
10368 2 2 52 66 5298 5347 5348
10369 2 2 52 66 5301 5353 5354
10370 2 2 52 66 5299 5359 5360
10371 2 2 52 66 5295 5376 5375
10372 2 2 52 66 5281 5326 5327
10373 2 2 52 66 5276 5311 5310
10374 2 2 52 66 5279 5319 5318
10375 2 2 52 66 5277 5334 5335
10376 2 2 52 66 5284 5343 5342
10377 2 2 52 66 5285 5366 5367
10378 2 2 52 66 5288 5371 5372
10379 2 2 52 66 5286 5380 5381
10380 2 2 52 66 5347 5351 5475
10381 2 2 52 66 5359 5362 5476
10382 2 2 52 66 5353 5357 5477
10383 2 2 52 66 5253 5505 5510
10384 2 2 52 66 5237 5511 5507
10385 2 2 52 66 376 5500 5378
10386 2 2 52 66 5390 5552 5417
10387 2 2 52 66 5389 5553 5458
10388 2 2 52 66 5392 5551 5413
10389 2 2 52 66 407 5305 5302
10390 2 2 52 66 5269 5333 5440
10391 2 2 52 66 5221 5479 5465
10392 2 2 52 66 5252 5415 5527
10393 2 2 52 66 5227 5528 5457
10394 2 2 52 66 5238 5530 5455
10395 2 2 52 66 5271 5529 5454
10396 2 2 52 66 5391 5411 5410
10397 2 2 52 66 5387 5466 5414
10398 2 2 52 66 405 5309 5275
10399 2 2 52 66 5384 5497 5388
10400 2 2 52 66 5365 5532 5422
10401 2 2 52 66 5275 5307 5305
10402 2 2 52 66 5316 5400 5352
10403 2 2 52 66 5324 5401 5358
10404 2 2 52 66 405 5487 5309
10405 2 2 52 66 5224 5308 5404
10406 2 2 52 66 368 5484 5340
10407 2 2 52 66 5 408 5491
10408 2 2 52 66 5457 5528 5540
10409 2 2 52 66 5455 5530 5541
10410 2 2 52 66 5329 5422 5532
10411 2 2 52 66 5383 5462 5454
10412 2 2 52 66 5293 5342 5344
10413 2 2 52 66 396 5280 5316
10414 2 2 52 66 384 5282 5324
10415 2 2 52 66 368 5340 5283
10416 2 2 52 66 5294 5368 5366
10417 2 2 52 66 5297 5373 5371
10418 2 2 52 66 5296 5382 5380
10419 2 2 52 66 5280 5310 5314
10420 2 2 52 66 5282 5318 5322
10421 2 2 52 66 5283 5338 5334
10422 2 2 52 66 353 5384 5296
10423 2 2 52 66 375 5293 5346
10424 2 2 52 66 5351 5471 5475
10425 2 2 52 66 5357 5472 5477
10426 2 2 52 66 5362 5473 5476
10427 2 2 52 66 5221 5385 5479
10428 2 2 52 66 5327 5406 5478
10429 2 2 52 66 394 5276 5310
10430 2 2 52 66 382 5279 5318
10431 2 2 52 66 370 5334 5277
10432 2 2 52 66 359 5326 5281
10433 2 2 52 66 373 5284 5342
10434 2 2 52 66 399 5347 5298
10435 2 2 52 66 387 5353 5301
10436 2 2 52 66 363 5359 5299
10437 2 2 52 66 403 5366 5285
10438 2 2 52 66 391 5371 5288
10439 2 2 52 66 355 5380 5286
10440 2 2 52 66 378 5295 5375
10441 2 2 52 66 357 5332 5278
10442 2 2 52 66 396 5316 5492
10443 2 2 52 66 384 5324 5493
10444 2 2 52 66 353 5497 5384
10445 2 2 52 66 5345 5527 5415
10446 2 2 52 66 5387 5414 5519
10447 2 2 52 66 5383 5454 5529
10448 2 2 52 66 5381 5440 5509
10449 2 2 52 66 5346 5470 5411
10450 2 2 52 66 5367 5506 5504
10451 2 2 52 66 5460 5517 5542
10452 2 2 52 66 5328 5422 5329
10453 2 2 52 66 5316 5352 5492
10454 2 2 52 66 5324 5358 5493
10455 2 2 52 66 602 5548 5304
10456 2 2 52 66 5255 5428 5341
10457 2 2 52 66 5246 5325 5443
10458 2 2 52 66 5235 5317 5441
10459 2 2 52 66 5537 408 407
10460 2 2 52 66 5343 5510 5505
10461 2 2 52 66 5372 5507 5511
10462 2 2 52 66 375 5346 5500
10463 2 2 52 66 5300 5386 5387
10464 2 2 52 66 5302 5306 5385
10465 2 2 52 66 5304 5548 5463
10466 2 2 52 66 5388 5526 5462
10467 2 2 52 66 5285 5370 5547
10468 2 2 52 66 5273 5416 5519
10469 2 2 52 66 5274 5414 5466
10470 2 2 52 66 5255 5341 5554
10471 2 2 52 66 5246 5556 5325
10472 2 2 52 66 5235 5555 5317
10473 2 2 52 66 365 5364 5518
10474 2 2 52 66 5416 5526 5519
10475 2 2 52 66 5342 5343 5344
10476 2 2 52 66 5371 5373 5372
10477 2 2 52 66 5380 5382 5381
10478 2 2 52 66 5366 5368 5367
10479 2 2 52 66 5310 5311 5314
10480 2 2 52 66 5318 5319 5322
10481 2 2 52 66 5334 5338 5335
10482 2 2 52 66 5298 5348 5349
10483 2 2 52 66 5301 5354 5355
10484 2 2 52 66 5299 5360 5361
10485 2 2 52 66 5286 5381 5509
10486 2 2 52 66 5295 5377 5376
10487 2 2 52 66 5285 5367 5370
10488 2 2 52 66 5281 5327 5328
10489 2 2 52 66 5277 5335 5336
10490 2 2 52 66 5276 5312 5311
10491 2 2 52 66 5279 5320 5319
10492 2 2 52 66 5226 5445 5504
10493 2 2 52 66 5272 5454 5462
10494 2 2 52 66 5305 5307 5306
10495 2 2 52 66 602 5304 603
10496 2 2 52 66 5260 5393 5459
10497 2 2 52 66 5274 5466 5463
10498 2 2 52 66 5453 5469 5517
10499 2 2 52 66 5386 5466 5387
10500 2 2 52 66 5308 5405 5499
10501 2 2 52 66 5300 5387 5388
10502 2 2 52 66 371 5277 5337
10503 2 2 52 66 393 5313 5276
10504 2 2 52 66 381 5321 5279
10505 2 2 52 66 360 5281 5329
10506 2 2 52 66 400 5298 5350
10507 2 2 52 66 388 5301 5356
10508 2 2 52 66 351 5386 5300
10509 2 2 52 66 377 5378 5295
10510 2 2 52 66 364 5299 5363
10511 2 2 52 66 5345 5415 5470
10512 2 2 52 66 5253 5510 5423
10513 2 2 52 66 5237 5448 5511
10514 2 2 52 66 5369 5540 5528
10515 2 2 52 66 5374 5541 5530
10516 2 2 52 66 5278 5330 5326
10517 2 2 52 66 5289 5351 5347
10518 2 2 52 66 5291 5357 5353
10519 2 2 52 66 5290 5362 5359
10520 2 2 52 66 5287 5375 5379
10521 2 2 52 66 5346 5411 5461
10522 2 2 52 66 5221 5512 5385
10523 2 2 52 66 5266 5406 5468
10524 2 2 52 66 365 5518 366
10525 2 2 52 66 372 5513 5284
10526 2 2 52 66 392 5288 5514
10527 2 2 52 66 5249 5517 5460
10528 2 2 52 66 5285 5547 5487
10529 2 2 52 66 406 5275 5305
10530 2 2 52 66 5378 5500 5461
10531 2 2 52 66 5291 5358 5357
10532 2 2 52 66 5289 5352 5351
10533 2 2 52 66 5290 5365 5362
10534 2 2 52 66 5300 5388 5497
10535 2 2 52 66 5278 5331 5330
10536 2 2 52 66 5269 5440 5442
10537 2 2 52 66 5377 5542 5517
10538 2 2 52 66 5284 5394 5343
10539 2 2 52 66 5331 5333 5516
10540 2 2 52 66 5288 5372 5395
10541 2 2 52 66 406 5305 407
10542 2 2 52 66 5243 5420 5401
10543 2 2 52 66 5232 5425 5400
10544 2 2 52 66 5258 5402 5452
10545 2 2 52 66 358 5278 5326
10546 2 2 52 66 395 5310 5280
10547 2 2 52 66 383 5318 5282
10548 2 2 52 66 369 5283 5334
10549 2 2 52 66 374 5342 5293
10550 2 2 52 66 398 5289 5347
10551 2 2 52 66 386 5291 5353
10552 2 2 52 66 362 5290 5359
10553 2 2 52 66 379 5375 5287
10554 2 2 52 66 402 5294 5366
10555 2 2 52 66 390 5297 5371
10556 2 2 52 66 354 5296 5380
10557 2 2 52 66 356 5286 5332
10558 2 2 52 66 5344 5527 5345
10559 2 2 52 66 5373 5374 5530
10560 2 2 52 66 5382 5383 5529
10561 2 2 52 66 5368 5369 5528
10562 2 2 52 66 367 5484 368
10563 2 2 52 66 5314 5520 5315
10564 2 2 52 66 5322 5521 5323
10565 2 2 52 66 5338 5339 5522
10566 2 2 52 66 394 5310 395
10567 2 2 52 66 382 5318 383
10568 2 2 52 66 369 5334 370
10569 2 2 52 66 358 5326 359
10570 2 2 52 66 373 5342 374
10571 2 2 52 66 398 5347 399
10572 2 2 52 66 362 5359 363
10573 2 2 52 66 386 5353 387
10574 2 2 52 66 402 5366 403
10575 2 2 52 66 390 5371 391
10576 2 2 52 66 354 5380 355
10577 2 2 52 66 378 5375 379
10578 2 2 52 66 356 5332 357
10579 2 2 52 66 5345 5470 5346
10580 2 2 52 66 5254 5510 5538
10581 2 2 52 66 5236 5539 5511
10582 2 2 52 66 5355 5552 5390
10583 2 2 52 66 5349 5553 5389
10584 2 2 52 66 5361 5551 5392
10585 2 2 52 66 5280 5315 5316
10586 2 2 52 66 5282 5323 5324
10587 2 2 52 66 5283 5340 5339
10588 2 2 52 66 5275 5309 5308
10589 2 2 52 66 5296 5384 5383
10590 2 2 52 66 405 5275 406
10591 2 2 52 66 5336 5341 5337
10592 2 2 52 66 5320 5321 5325
10593 2 2 52 66 5312 5313 5317
10594 2 2 52 66 5293 5345 5346
10595 2 2 52 66 393 5276 394
10596 2 2 52 66 381 5279 382
10597 2 2 52 66 370 5277 371
10598 2 2 52 66 357 5278 358
10599 2 2 52 66 395 5280 396
10600 2 2 52 66 383 5282 384
10601 2 2 52 66 359 5281 360
10602 2 2 52 66 368 5283 369
10603 2 2 52 66 372 5284 373
10604 2 2 52 66 403 5285 404
10605 2 2 52 66 397 5289 398
10606 2 2 52 66 385 5291 386
10607 2 2 52 66 361 5290 362
10608 2 2 52 66 374 5293 375
10609 2 2 52 66 379 5287 380
10610 2 2 52 66 391 5288 392
10611 2 2 52 66 355 5286 356
10612 2 2 52 66 399 5298 400
10613 2 2 52 66 387 5301 388
10614 2 2 52 66 351 5300 352
10615 2 2 52 66 363 5299 364
10616 2 2 52 66 366 5292 367
10617 2 2 52 66 401 5294 402
10618 2 2 52 66 353 5296 354
10619 2 2 52 66 389 5297 390
10620 2 2 52 66 377 5295 378
10621 2 2 52 66 5225 5490 5504
10622 2 2 52 66 5291 5493 5358
10623 2 2 52 66 5289 5492 5352
10624 2 2 52 66 364 5363 5563
10625 2 2 52 66 5304 5463 5466
10626 2 2 52 66 350 5386 351
10627 2 2 52 66 5409 5501 5475
10628 2 2 52 66 5412 5502 5476
10629 2 2 52 66 5418 5503 5477
10630 2 2 52 66 361 5532 5290
10631 2 2 52 66 5306 5307 5485
10632 2 2 52 66 5333 5439 5516
10633 2 2 52 66 5307 5308 5499
10634 2 2 52 66 5249 5453 5517
10635 2 2 52 66 5224 5404 5431
10636 2 2 52 66 400 5350 5564
10637 2 2 52 66 388 5356 5565
10638 2 2 52 66 380 5287 5534
10639 2 2 52 66 5358 5401 5523
10640 2 2 52 66 5352 5400 5524
10641 2 2 52 66 5402 5474 5452
10642 2 2 52 66 5336 5554 5341
10643 2 2 52 66 5320 5325 5556
10644 2 2 52 66 5312 5317 5555
10645 2 2 52 66 5281 5328 5329
10646 2 2 52 66 5277 5336 5337
10647 2 2 52 66 5279 5321 5320
10648 2 2 52 66 5276 5313 5312
10649 2 2 52 66 5230 5409 5475
10650 2 2 52 66 5263 5412 5476
10651 2 2 52 66 5241 5418 5477
10652 2 2 52 66 5298 5349 5350
10653 2 2 52 66 5301 5355 5356
10654 2 2 52 66 5386 5543 5466
10655 2 2 52 66 5401 5420 5523
10656 2 2 52 66 5400 5425 5524
10657 2 2 52 66 5295 5378 5377
10658 2 2 52 66 5299 5361 5363
10659 2 2 52 66 5364 5393 5451
10660 2 2 52 66 5440 5531 5442
10661 2 2 52 66 5349 5389 5350
10662 2 2 52 66 5355 5390 5356
10663 2 2 52 66 5377 5378 5391
10664 2 2 52 66 5361 5392 5363
10665 2 2 52 66 5260 5483 5393
10666 2 2 52 66 5287 5379 5399
10667 2 2 52 66 5267 5406 5498
10668 2 2 52 66 5306 5467 5385
10669 2 2 52 66 404 5487 405
10670 2 2 52 66 396 5492 397
10671 2 2 52 66 384 5493 385
10672 2 2 52 66 352 5497 353
10673 2 2 52 66 5391 5461 5411
10674 2 2 52 66 5390 5541 5489
10675 2 2 52 66 5389 5540 5488
10676 2 2 52 66 910 911 5303
10677 2 2 52 66 5348 5501 5349
10678 2 2 52 66 5360 5502 5361
10679 2 2 52 66 5354 5503 5355
10680 2 2 52 66 5303 5465 5479
10681 2 2 52 66 5374 5489 5541
10682 2 2 52 66 5369 5488 5540
10683 2 2 52 66 6 5464 350
10684 2 2 52 66 595 5221 596
10685 2 2 52 66 5343 5505 5344
10686 2 2 52 66 5367 5368 5506
10687 2 2 52 66 5372 5373 5507
10688 2 2 52 66 5381 5382 5508
10689 2 2 52 66 365 5563 5364
10690 2 2 52 66 5319 5494 5322
10691 2 2 52 66 5311 5495 5314
10692 2 2 52 66 5335 5338 5496
10693 2 2 52 66 908 909 5222
10694 2 2 52 66 5315 5400 5316
10695 2 2 52 66 5323 5401 5324
10696 2 2 52 66 5339 5340 5402
10697 2 2 52 66 5308 5309 5404
10698 2 2 52 66 603 5304 5543
10699 2 2 52 66 5330 5331 5498
10700 2 2 52 66 5394 5538 5510
10701 2 2 52 66 5395 5511 5539
10702 2 2 52 66 5307 5536 5485
10703 2 2 52 66 5325 5534 5399
10704 2 2 52 66 909 910 5398
10705 2 2 52 66 5376 5377 5517
10706 2 2 52 66 5383 5384 5462
10707 2 2 52 66 5302 5385 5512
10708 2 2 52 66 906 907 5223
10709 2 2 52 66 5273 5519 5414
10710 2 2 52 66 594 5396 595
10711 2 2 52 66 5367 5504 5370
10712 2 2 52 66 5335 5480 5336
10713 2 2 52 66 5311 5312 5481
10714 2 2 52 66 5319 5320 5482
10715 2 2 52 66 910 5303 5398
10716 2 2 52 66 904 905 5224
10717 2 2 52 66 892 893 5230
10718 2 2 52 66 848 849 5252
10719 2 2 52 66 826 827 5263
10720 2 2 52 66 870 871 5241
10721 2 2 52 66 894 895 5229
10722 2 2 52 66 828 829 5262
10723 2 2 52 66 806 807 5273
10724 2 2 52 66 850 851 5251
10725 2 2 52 66 872 873 5240
10726 2 2 52 66 890 891 5231
10727 2 2 52 66 824 825 5264
10728 2 2 52 66 846 847 5253
10729 2 2 52 66 868 869 5242
10730 2 2 52 66 888 889 5232
10731 2 2 52 66 844 845 5254
10732 2 2 52 66 866 867 5243
10733 2 2 52 66 822 823 5265
10734 2 2 52 66 886 887 5233
10735 2 2 52 66 842 843 5255
10736 2 2 52 66 820 821 5266
10737 2 2 52 66 864 865 5244
10738 2 2 52 66 902 903 5225
10739 2 2 52 66 884 885 5234
10740 2 2 52 66 818 819 5267
10741 2 2 52 66 862 863 5245
10742 2 2 52 66 840 841 5256
10743 2 2 52 66 882 883 5235
10744 2 2 52 66 860 861 5246
10745 2 2 52 66 816 817 5268
10746 2 2 52 66 838 839 5257
10747 2 2 52 66 880 881 5236
10748 2 2 52 66 836 837 5258
10749 2 2 52 66 858 859 5247
10750 2 2 52 66 814 815 5269
10751 2 2 52 66 900 901 5226
10752 2 2 52 66 812 813 5270
10753 2 2 52 66 878 879 5237
10754 2 2 52 66 834 835 5259
10755 2 2 52 66 856 857 5248
10756 2 2 52 66 898 899 5227
10757 2 2 52 66 832 833 5260
10758 2 2 52 66 854 855 5249
10759 2 2 52 66 810 811 5271
10760 2 2 52 66 876 877 5238
10761 2 2 52 66 896 897 5228
10762 2 2 52 66 808 809 5272
10763 2 2 52 66 874 875 5239
10764 2 2 52 66 830 831 5261
10765 2 2 52 66 852 853 5250
10766 2 2 52 66 5327 5478 5328
10767 2 2 52 66 5424 5527 5505
10768 2 2 52 66 5446 5507 5530
10769 2 2 52 66 5456 5508 5529
10770 2 2 52 66 5444 5506 5528
10771 2 2 52 66 5376 5517 5469
10772 2 2 52 66 5387 5519 5388
10773 2 2 52 66 5341 5394 5513
10774 2 2 52 66 5317 5514 5395
10775 2 2 52 66 5321 5534 5325
10776 2 2 52 66 350 5464 5386
10777 2 2 52 66 907 908 5397
10778 2 2 52 66 596 5221 5465
10779 2 2 52 66 5254 5423 5510
10780 2 2 52 66 5236 5511 5448
10781 2 2 52 66 5393 5544 5459
10782 2 2 52 66 595 5396 5221
10783 2 2 52 66 5225 5504 5445
10784 2 2 52 66 5388 5519 5526
10785 2 2 52 66 905 906 5405
10786 2 2 52 66 5340 5403 5402
10787 2 2 52 66 909 5398 5222
10788 2 2 52 66 903 904 5431
10789 2 2 52 66 893 894 5409
10790 2 2 52 66 849 850 5415
10791 2 2 52 66 827 828 5412
10792 2 2 52 66 871 872 5418
10793 2 2 52 66 891 892 5407
10794 2 2 52 66 869 870 5408
10795 2 2 52 66 825 826 5419
10796 2 2 52 66 847 848 5424
10797 2 2 52 66 867 868 5420
10798 2 2 52 66 845 846 5423
10799 2 2 52 66 823 824 5421
10800 2 2 52 66 889 890 5425
10801 2 2 52 66 5404 5490 5431
10802 2 2 52 66 887 888 5426
10803 2 2 52 66 821 822 5427
10804 2 2 52 66 843 844 5428
10805 2 2 52 66 865 866 5430
10806 2 2 52 66 851 852 5410
10807 2 2 52 66 829 830 5413
10808 2 2 52 66 873 874 5417
10809 2 2 52 66 807 808 5416
10810 2 2 52 66 895 896 5458
10811 2 2 52 66 863 864 5429
10812 2 2 52 66 885 886 5432
10813 2 2 52 66 841 842 5435
10814 2 2 52 66 883 884 5433
10815 2 2 52 66 861 862 5437
10816 2 2 52 66 817 818 5434
10817 2 2 52 66 839 840 5436
10818 2 2 52 66 901 902 5445
10819 2 2 52 66 837 838 5438
10820 2 2 52 66 815 816 5439
10821 2 2 52 66 881 882 5441
10822 2 2 52 66 859 860 5443
10823 2 2 52 66 813 814 5442
10824 2 2 52 66 857 858 5447
10825 2 2 52 66 879 880 5448
10826 2 2 52 66 835 836 5452
10827 2 2 52 66 899 900 5444
10828 2 2 52 66 877 878 5446
10829 2 2 52 66 833 834 5449
10830 2 2 52 66 855 856 5453
10831 2 2 52 66 811 812 5456
10832 2 2 52 66 897 898 5457
10833 2 2 52 66 809 810 5454
10834 2 2 52 66 875 876 5455
10835 2 2 52 66 853 854 5460
10836 2 2 52 66 831 832 5459
10837 2 2 52 66 5450 5474 5545
10838 2 2 52 66 5261 5544 5392
10839 2 2 52 66 5351 5352 5471
10840 2 2 52 66 5357 5358 5472
10841 2 2 52 66 5362 5365 5473
10842 2 2 52 66 5330 5498 5406
10843 2 2 52 66 5370 5504 5490
10844 2 2 52 66 5250 5542 5391
10845 2 2 52 66 5378 5461 5391
10846 2 2 52 66 5332 5509 5333
10847 2 2 52 66 375 5500 376
10848 2 2 52 66 5365 5422 5525
10849 2 2 52 66 804 805 5274
10850 2 2 52 66 5286 5509 5332
10851 2 2 52 66 5228 5540 5389
10852 2 2 52 66 5239 5541 5390
10853 2 2 52 66 5337 5341 5513
10854 2 2 52 66 5313 5514 5317
10855 2 2 52 66 5341 5428 5538
10856 2 2 52 66 5317 5539 5441
10857 2 2 52 66 596 5465 597
10858 2 2 52 66 805 806 5414
10859 2 2 52 66 11 597 5515
10860 2 2 52 66 11 5515 911
10861 2 2 52 66 908 5222 5397
10862 2 2 52 66 5328 5546 5422
10863 2 2 52 66 603 5543 5464
10864 2 2 52 66 13 5548 602
10865 2 2 52 66 5325 5535 5443
10866 2 2 52 66 5297 5489 5374
10867 2 2 52 66 5294 5488 5369
10868 2 2 52 66 364 5563 365
10869 2 2 52 66 907 5397 5223
10870 2 2 52 66 803 804 5463
10871 2 2 52 66 5449 5450 5483
10872 2 2 52 66 367 5292 5484
10873 2 2 52 66 5252 5527 5424
10874 2 2 52 66 5238 5446 5530
10875 2 2 52 66 5271 5456 5529
10876 2 2 52 66 5227 5444 5528
10877 2 2 52 66 906 5223 5405
10878 2 2 52 66 5403 5545 5474
10879 2 2 52 66 5341 5538 5394
10880 2 2 52 66 5317 5395 5539
10881 2 2 52 66 5268 5516 5439
10882 2 2 52 66 905 5405 5224
10883 2 2 52 66 404 5285 5487
10884 2 2 52 66 904 5224 5431
10885 2 2 52 66 893 5409 5230
10886 2 2 52 66 849 5415 5252
10887 2 2 52 66 827 5412 5263
10888 2 2 52 66 871 5418 5241
10889 2 2 52 66 894 5229 5409
10890 2 2 52 66 850 5251 5415
10891 2 2 52 66 828 5262 5412
10892 2 2 52 66 872 5240 5418
10893 2 2 52 66 892 5230 5407
10894 2 2 52 66 870 5241 5408
10895 2 2 52 66 848 5252 5424
10896 2 2 52 66 826 5263 5419
10897 2 2 52 66 891 5407 5231
10898 2 2 52 66 869 5408 5242
10899 2 2 52 66 825 5419 5264
10900 2 2 52 66 847 5424 5253
10901 2 2 52 66 903 5431 5225
10902 2 2 52 66 868 5242 5420
10903 2 2 52 66 846 5253 5423
10904 2 2 52 66 824 5264 5421
10905 2 2 52 66 890 5231 5425
10906 2 2 52 66 851 5410 5251
10907 2 2 52 66 829 5413 5262
10908 2 2 52 66 807 5416 5273
10909 2 2 52 66 873 5417 5240
10910 2 2 52 66 845 5423 5254
10911 2 2 52 66 867 5420 5243
10912 2 2 52 66 823 5421 5265
10913 2 2 52 66 889 5425 5232
10914 2 2 52 66 895 5458 5229
10915 2 2 52 66 888 5232 5426
10916 2 2 52 66 822 5265 5427
10917 2 2 52 66 844 5254 5428
10918 2 2 52 66 866 5243 5430
10919 2 2 52 66 887 5426 5233
10920 2 2 52 66 821 5427 5266
10921 2 2 52 66 843 5428 5255
10922 2 2 52 66 865 5430 5244
10923 2 2 52 66 864 5244 5429
10924 2 2 52 66 886 5233 5432
10925 2 2 52 66 842 5255 5435
10926 2 2 52 66 863 5429 5245
10927 2 2 52 66 885 5432 5234
10928 2 2 52 66 841 5435 5256
10929 2 2 52 66 902 5225 5445
10930 2 2 52 66 884 5234 5433
10931 2 2 52 66 818 5267 5434
10932 2 2 52 66 840 5256 5436
10933 2 2 52 66 862 5245 5437
10934 2 2 52 66 883 5433 5235
10935 2 2 52 66 861 5437 5246
10936 2 2 52 66 817 5434 5268
10937 2 2 52 66 839 5436 5257
10938 2 2 52 66 838 5257 5438
10939 2 2 52 66 816 5268 5439
10940 2 2 52 66 882 5235 5441
10941 2 2 52 66 860 5246 5443
10942 2 2 52 66 852 5250 5410
10943 2 2 52 66 808 5272 5416
10944 2 2 52 66 830 5261 5413
10945 2 2 52 66 874 5239 5417
10946 2 2 52 66 896 5228 5458
10947 2 2 52 66 901 5445 5226
10948 2 2 52 66 837 5438 5258
10949 2 2 52 66 815 5439 5269
10950 2 2 52 66 881 5441 5236
10951 2 2 52 66 859 5443 5247
10952 2 2 52 66 814 5269 5442
10953 2 2 52 66 880 5236 5448
10954 2 2 52 66 836 5258 5452
10955 2 2 52 66 858 5247 5447
10956 2 2 52 66 900 5226 5444
10957 2 2 52 66 813 5442 5270
10958 2 2 52 66 857 5447 5248
10959 2 2 52 66 879 5448 5237
10960 2 2 52 66 835 5452 5259
10961 2 2 52 66 878 5237 5446
10962 2 2 52 66 834 5259 5449
10963 2 2 52 66 812 5270 5456
10964 2 2 52 66 856 5248 5453
10965 2 2 52 66 899 5444 5227
10966 2 2 52 66 877 5446 5238
10967 2 2 52 66 833 5449 5260
10968 2 2 52 66 855 5453 5249
10969 2 2 52 66 811 5456 5271
10970 2 2 52 66 898 5227 5457
10971 2 2 52 66 810 5271 5454
10972 2 2 52 66 876 5238 5455
10973 2 2 52 66 832 5260 5459
10974 2 2 52 66 854 5249 5460
10975 2 2 52 66 897 5457 5228
10976 2 2 52 66 809 5454 5272
10977 2 2 52 66 875 5455 5239
10978 2 2 52 66 831 5459 5261
10979 2 2 52 66 853 5460 5250
10980 2 2 52 66 366 5518 5292
10981 2 2 52 66 397 5492 5289
10982 2 2 52 66 385 5493 5291
10983 2 2 52 66 352 5300 5497
10984 2 2 52 66 389 5565 5297
10985 2 2 52 66 401 5564 5294
10986 2 2 52 66 5402 5403 5474
10987 2 2 52 66 5426 5560 5520
10988 2 2 52 66 5430 5561 5521
10989 2 2 52 66 5438 5522 5562
10990 2 2 52 66 819 820 5468
10991 2 2 52 66 5450 5451 5483
10992 2 2 52 66 5260 5449 5483
10993 2 2 52 66 5267 5468 5406
10994 2 2 52 66 400 5564 401
10995 2 2 52 66 388 5565 389
10996 2 2 52 66 5265 5421 5422
10997 2 2 52 66 5251 5410 5411
10998 2 2 52 66 5259 5450 5449
10999 2 2 52 66 806 5273 5414
11000 2 2 52 66 5361 5502 5551
11001 2 2 52 66 5355 5503 5552
11002 2 2 52 66 5349 5501 5553
11003 2 2 52 66 820 5266 5468
11004 2 2 52 66 819 5468 5267
11005 2 2 52 66 5379 5486 5399
11006 2 2 52 66 5343 5394 5510
11007 2 2 52 66 5372 5511 5395
11008 2 2 52 66 5393 5483 5451
11009 2 2 52 66 5272 5462 5526
11010 2 2 52 66 5356 5390 5489
11011 2 2 52 66 5350 5389 5488
11012 2 2 52 66 5233 5426 5520
11013 2 2 52 66 5244 5430 5521
11014 2 2 52 66 5257 5522 5438
11015 2 2 52 66 5348 5475 5501
11016 2 2 52 66 5360 5476 5502
11017 2 2 52 66 5354 5477 5503
11018 2 2 52 66 5377 5391 5542
11019 2 2 52 66 5364 5549 5393
11020 2 2 52 66 5379 5469 5533
11021 2 2 52 66 5222 5398 5467
11022 2 2 52 66 5381 5531 5440
11023 2 2 52 66 805 5414 5274
11024 2 2 52 66 5331 5550 5498
11025 2 2 52 66 5381 5508 5531
11026 2 2 52 66 804 5274 5463
11027 2 2 52 66 5232 5400 5560
11028 2 2 52 66 5243 5401 5561
11029 2 2 52 66 5258 5562 5402
11030 2 2 52 66 5325 5399 5535
11031 2 2 52 66 5363 5392 5549
11032 2 2 52 66 5290 5532 5365
11033 2 2 52 66 5 5491 594
11034 2 2 52 66 5450 5545 5451
11035 2 2 52 66 5259 5474 5450
11036 2 2 52 66 5251 5411 5470
11037 2 2 52 66 5272 5526 5416
11038 2 2 52 66 5303 5479 5398
11039 2 2 52 66 5248 5469 5453
11040 2 2 52 66 5259 5452 5474
11041 2 2 52 66 594 5491 5396
11042 2 2 52 66 5251 5470 5415
11043 2 2 52 66 5306 5485 5467
11044 2 2 52 66 5393 5549 5544
11045 2 2 52 66 911 5515 5303
11046 2 2 52 66 5231 5407 5471
11047 2 2 52 66 5242 5408 5472
11048 2 2 52 66 5264 5419 5473
11049 2 2 52 66 5344 5505 5527
11050 2 2 52 66 5373 5530 5507
11051 2 2 52 66 5382 5529 5508
11052 2 2 52 66 5368 5528 5506
11053 2 2 52 66 5222 5467 5485
11054 2 2 52 66 5322 5494 5557
11055 2 2 52 66 5314 5495 5558
11056 2 2 52 66 5338 5559 5496
11057 2 2 52 66 5228 5457 5540
11058 2 2 52 66 5239 5455 5541
11059 2 2 52 66 5363 5549 5563
11060 2 2 52 66 803 5463 5548
11061 2 2 52 66 5302 5512 5537
11062 2 2 52 66 5265 5422 5546
11063 2 2 52 66 5284 5513 5394
11064 2 2 52 66 5392 5544 5549
11065 2 2 52 66 5288 5395 5514
11066 2 2 52 66 5340 5484 5403
11067 2 2 52 66 5333 5509 5440
11068 2 2 52 66 5222 5485 5397
11069 2 2 52 66 5398 5479 5467
11070 2 2 52 66 5266 5427 5478
11071 2 2 52 66 13 803 5548
11072 2 2 52 66 5292 5403 5484
11073 2 2 52 66 5256 5435 5480
11074 2 2 52 66 5234 5481 5433
11075 2 2 52 66 5245 5482 5437
11076 2 2 52 66 5247 5443 5535
11077 2 2 52 66 5309 5487 5547
11078 2 2 52 66 5315 5560 5400
11079 2 2 52 66 5323 5561 5401
11080 2 2 52 66 5339 5402 5562
11081 2 2 52 66 5247 5486 5447
11082 2 2 52 66 5386 5464 5543
11083 2 2 52 66 5315 5520 5560
11084 2 2 52 66 5323 5521 5561
11085 2 2 52 66 5307 5499 5536
11086 2 2 52 66 5339 5562 5522
11087 2 2 52 66 5421 5525 5422
11088 2 2 52 66 5379 5533 5486
11089 2 2 52 66 5364 5451 5518
11090 2 2 52 66 5221 5396 5512
11091 2 2 52 66 5245 5429 5494
11092 2 2 52 66 5234 5432 5495
11093 2 2 52 66 5256 5496 5436
11094 2 2 52 66 5248 5533 5469
11095 2 2 52 66 5292 5451 5545
11096 2 2 52 66 5225 5431 5490
11097 2 2 52 66 5267 5498 5434
11098 2 2 52 66 5242 5472 5523
11099 2 2 52 66 5231 5471 5524
11100 2 2 52 66 5264 5473 5525
11101 2 2 52 66 5292 5545 5403
11102 2 2 52 66 5385 5467 5479
11103 2 2 52 66 5223 5499 5405
11104 2 2 52 66 5292 5518 5451
11105 2 2 52 66 5364 5563 5549
11106 2 2 52 66 5245 5494 5482
11107 2 2 52 66 5234 5495 5481
11108 2 2 52 66 5256 5480 5496
11109 2 2 52 66 597 5465 5515
11110 2 2 52 66 5297 5565 5489
11111 2 2 52 66 5294 5564 5488
11112 2 2 52 66 5346 5461 5500
11113 2 2 52 66 5229 5501 5409
11114 2 2 52 66 5262 5502 5412
11115 2 2 52 66 5240 5503 5418
11116 2 2 52 66 5303 5515 5465
11117 2 2 52 66 5287 5399 5534
11118 2 2 52 66 5404 5547 5490
11119 2 2 52 66 5253 5424 5505
11120 2 2 52 66 5226 5506 5444
11121 2 2 52 66 5237 5507 5446
11122 2 2 52 66 5270 5508 5456
11123 2 2 52 66 5268 5434 5550
11124 2 2 52 66 5396 5537 5512
11125 2 2 52 66 5242 5523 5420
11126 2 2 52 66 5231 5524 5425
11127 2 2 52 66 5264 5525 5421
11128 2 2 52 66 5223 5397 5536
11129 2 2 52 66 5270 5442 5531
11130 2 2 52 66 5223 5536 5499
11131 2 2 52 66 5248 5447 5533
11132 2 2 52 66 5309 5547 5404
11133 2 2 52 66 5270 5531 5508
11134 2 2 52 66 5262 5551 5502
11135 2 2 52 66 5240 5552 5503
11136 2 2 52 66 5229 5553 5501
11137 2 2 52 66 5254 5538 5428
11138 2 2 52 66 5236 5441 5539
11139 2 2 52 66 5336 5480 5554
11140 2 2 52 66 5320 5556 5482
11141 2 2 52 66 5312 5555 5481
11142 2 2 52 66 5265 5546 5427
11143 2 2 52 66 5250 5460 5542
11144 2 2 52 66 5397 5485 5536
11145 2 2 52 66 5261 5459 5544
11146 2 2 52 66 5358 5523 5472
11147 2 2 52 66 5352 5524 5471
11148 2 2 52 66 5365 5525 5473
11149 2 2 52 66 5262 5413 5551
11150 2 2 52 66 5240 5417 5552
11151 2 2 52 66 5229 5458 5553
11152 2 2 52 66 5255 5554 5435
11153 2 2 52 66 5235 5433 5555
11154 2 2 52 66 5246 5437 5556
11155 2 2 52 66 5232 5560 5426
11156 2 2 52 66 5243 5561 5430
11157 2 2 52 66 5258 5438 5562
11158 2 2 52 66 5427 5546 5478
11159 2 2 52 66 5319 5482 5494
11160 2 2 52 66 5311 5481 5495
11161 2 2 52 66 5335 5496 5480
11162 2 2 52 66 5447 5486 5533
11163 2 2 52 66 5435 5554 5480
11164 2 2 52 66 5433 5481 5555
11165 2 2 52 66 5437 5482 5556
11166 2 2 52 66 5244 5557 5429
11167 2 2 52 66 5233 5558 5432
11168 2 2 52 66 5257 5436 5559
11169 2 2 52 66 5304 5466 5543
11170 2 2 52 66 5396 5491 5537
11171 2 2 52 66 5247 5535 5486
11172 2 2 52 66 5429 5557 5494
11173 2 2 52 66 5432 5558 5495
11174 2 2 52 66 5436 5496 5559
11175 2 2 52 66 5370 5490 5547
11176 2 2 52 66 5268 5550 5516
11177 2 2 52 66 5399 5486 5535
11178 2 2 52 66 5328 5478 5546
11179 2 2 52 66 5434 5498 5550
11180 2 2 52 66 5350 5488 5564
11181 2 2 52 66 5356 5489 5565
11182 2 2 52 66 5244 5521 5557
11183 2 2 52 66 5233 5520 5558
11184 2 2 52 66 5257 5559 5522
11185 2 2 52 66 5331 5516 5550
11186 2 2 52 66 5322 5557 5521
11187 2 2 52 66 5314 5558 5520
11188 2 2 52 66 5338 5522 5559
11189 2 2 52 66 408 5537 5491
11190 2 2 52 66 6 603 5464
11191 2 2 53 67 5573 5699 5703
11192 2 2 53 67 5632 5773 5783
11193 2 2 53 67 5721 5783 5773
11194 2 2 53 67 5679 5708 5714
11195 2 2 53 67 5624 5754 5816
11196 2 2 53 67 5623 5817 5737
11197 2 2 53 67 5634 5730 5757
11198 2 2 53 67 5636 5759 5747
11199 2 2 53 67 5679 5869 5708
11200 2 2 53 67 5686 5825 5781
11201 2 2 53 67 5584 5719 5791
11202 2 2 53 67 5624 5801 5754
11203 2 2 53 67 5623 5737 5800
11204 2 2 53 67 5601 5787 5713
11205 2 2 53 67 5634 5756 5730
11206 2 2 53 67 5636 5747 5758
11207 2 2 53 67 5588 5713 5693
11208 2 2 53 67 5601 5716 5760
11209 2 2 53 67 5716 5797 5760
11210 2 2 53 67 5656 5842 5706
11211 2 2 53 67 5661 5791 5719
11212 2 2 53 67 5706 5842 5778
11213 2 2 53 67 5856 5868 5568
11214 2 2 53 67 5588 5693 5790
11215 2 2 53 67 5573 5703 5704
11216 2 2 53 67 5585 5843 5772
11217 2 2 53 67 5571 5837 5834
11218 2 2 53 67 5664 5772 5843
11219 2 2 53 67 5696 5868 5856
11220 2 2 53 67 5690 5834 5837
11221 2 2 53 67 5688 5810 5704
11222 2 2 53 67 5584 5705 5721
11223 2 2 53 67 21 5780 5882
11224 2 2 53 67 5678 5871 5864
11225 2 2 53 67 5710 5864 5871
11226 2 2 53 67 661 662 5704
11227 2 2 53 67 5573 5715 5699
11228 2 2 53 67 5571 5834 5695
11229 2 2 53 67 5678 5789 5871
11230 2 2 53 67 21 1057 5780
11231 2 2 53 67 662 5573 5704
11232 2 2 53 67 5693 5713 5787
11233 2 2 53 67 19 639 5697
11234 2 2 53 67 17 5698 621
11235 2 2 53 67 5777 5852 5855
11236 2 2 53 67 5737 5817 5738
11237 2 2 53 67 5754 5755 5816
11238 2 2 53 67 5601 5760 5787
11239 2 2 53 67 5579 5701 5877
11240 2 2 53 67 5580 5876 5702
11241 2 2 53 67 5705 5783 5721
11242 2 2 53 67 5584 5791 5705
11243 2 2 53 67 5688 5860 5810
11244 2 2 53 67 5571 5695 5831
11245 2 2 53 67 5789 5870 5871
11246 2 2 53 67 684 5583 5844
11247 2 2 53 67 5590 5781 5825
11248 2 2 53 67 5686 5692 5825
11249 2 2 53 67 640 641 5738
11250 2 2 53 67 604 5755 605
11251 2 2 53 67 5685 5703 5699
11252 2 2 53 67 5608 5735 5737
11253 2 2 53 67 5607 5754 5752
11254 2 2 53 67 5688 5704 5703
11255 2 2 53 67 5714 5854 5804
11256 2 2 53 67 5583 5782 5844
11257 2 2 53 67 5700 5867 5870
11258 2 2 53 67 18 663 5715
11259 2 2 53 67 637 5798 5819
11260 2 2 53 67 619 5818 5799
11261 2 2 53 67 5786 5847 5827
11262 2 2 53 67 5579 5877 5757
11263 2 2 53 67 5580 5759 5876
11264 2 2 53 67 5578 5718 5613
11265 2 2 53 67 5577 5603 5717
11266 2 2 53 67 5608 5737 5738
11267 2 2 53 67 5607 5755 5754
11268 2 2 53 67 641 5608 5738
11269 2 2 53 67 605 5755 5607
11270 2 2 53 67 642 643 5761
11271 2 2 53 67 606 5762 607
11272 2 2 53 67 5687 5765 5848
11273 2 2 53 67 5591 5854 5714
11274 2 2 53 67 5566 5718 5578
11275 2 2 53 67 5567 5577 5717
11276 2 2 53 67 5691 5848 5765
11277 2 2 53 67 5821 5845 5822
11278 2 2 53 67 5591 5714 5708
11279 2 2 53 67 5753 5754 5801
11280 2 2 53 67 5736 5800 5737
11281 2 2 53 67 5670 5707 5671
11282 2 2 53 67 5670 5855 5852
11283 2 2 53 67 5568 5772 5856
11284 2 2 53 67 18 5715 5573
11285 2 2 53 67 5644 5646 5832
11286 2 2 53 67 5608 5761 5735
11287 2 2 53 67 5607 5752 5762
11288 2 2 53 67 5609 5731 5733
11289 2 2 53 67 5610 5750 5748
11290 2 2 53 67 5574 5855 5706
11291 2 2 53 67 682 5591 5708
11292 2 2 53 67 687 5590 5709
11293 2 2 53 67 681 5712 5591
11294 2 2 53 67 690 5711 5598
11295 2 2 53 67 691 5598 5720
11296 2 2 53 67 678 5601 5713
11297 2 2 53 67 5644 5832 5878
11298 2 2 53 67 5598 5870 5867
11299 2 2 53 67 693 5719 5584
11300 2 2 53 67 677 5716 5601
11301 2 2 53 67 5589 5709 5710
11302 2 2 53 67 5579 5849 5701
11303 2 2 53 67 5580 5702 5850
11304 2 2 53 67 5683 5703 5685
11305 2 2 53 67 5667 5845 5821
11306 2 2 53 67 5685 5699 5687
11307 2 2 53 67 5681 5688 5683
11308 2 2 53 67 5630 5695 5648
11309 2 2 53 67 5627 5644 5694
11310 2 2 53 67 5650 5690 5652
11311 2 2 53 67 5656 5706 5668
11312 2 2 53 67 5674 5676 5696
11313 2 2 53 67 5671 5707 5681
11314 2 2 53 67 5687 5699 5765
11315 2 2 53 67 642 5761 5608
11316 2 2 53 67 643 5609 5761
11317 2 2 53 67 606 5607 5762
11318 2 2 53 67 607 5762 5610
11319 2 2 53 67 5694 5808 5717
11320 2 2 53 67 5695 5718 5809
11321 2 2 53 67 5613 5718 5630
11322 2 2 53 67 5603 5627 5717
11323 2 2 53 67 695 5721 5773
11324 2 2 53 67 5683 5688 5703
11325 2 2 53 67 5612 5756 5697
11326 2 2 53 67 5611 5698 5758
11327 2 2 53 67 5710 5825 5875
11328 2 2 53 67 5785 5826 5853
11329 2 2 53 67 21 5882 5716
11330 2 2 53 67 5609 5733 5761
11331 2 2 53 67 5610 5762 5750
11332 2 2 53 67 5729 5819 5798
11333 2 2 53 67 5746 5799 5818
11334 2 2 53 67 5747 5806 5758
11335 2 2 53 67 5730 5756 5807
11336 2 2 53 67 5609 5763 5731
11337 2 2 53 67 5610 5748 5764
11338 2 2 53 67 5640 5793 5800
11339 2 2 53 67 5641 5801 5794
11340 2 2 53 67 644 645 5763
11341 2 2 53 67 608 5764 609
11342 2 2 53 67 5681 5707 5688
11343 2 2 53 67 683 5708 5583
11344 2 2 53 67 688 5709 5589
11345 2 2 53 67 689 5589 5711
11346 2 2 53 67 680 5588 5712
11347 2 2 53 67 692 5720 5719
11348 2 2 53 67 694 5584 5721
11349 2 2 53 67 679 5713 5588
11350 2 2 53 67 21 5716 677
11351 2 2 53 67 20 5579 648
11352 2 2 53 67 16 612 5580
11353 2 2 53 67 5709 5825 5710
11354 2 2 53 67 5627 5694 5717
11355 2 2 53 67 5630 5718 5695
11356 2 2 53 67 688 5589 689
11357 2 2 53 67 693 5584 694
11358 2 2 53 67 686 5590 687
11359 2 2 53 67 679 5588 680
11360 2 2 53 67 690 5598 691
11361 2 2 53 67 681 5591 682
11362 2 2 53 67 683 5583 684
11363 2 2 53 67 692 5719 693
11364 2 2 53 67 639 5612 5697
11365 2 2 53 67 621 5698 5611
11366 2 2 53 67 677 5601 678
11367 2 2 53 67 5774 5826 5785
11368 2 2 53 67 5775 5786 5827
11369 2 2 53 67 5589 5710 5871
11370 2 2 53 67 1055 1056 5667
11371 2 2 53 67 647 5722 5597
11372 2 2 53 67 611 5596 5739
11373 2 2 53 67 5597 5722 5723
11374 2 2 53 67 5596 5740 5739
11375 2 2 53 67 5641 5872 5801
11376 2 2 53 67 5640 5800 5873
11377 2 2 53 67 644 5763 5609
11378 2 2 53 67 608 5610 5764
11379 2 2 53 67 1053 1054 5626
11380 2 2 53 67 1059 1060 5625
11381 2 2 53 67 5695 5809 5831
11382 2 2 53 67 5694 5830 5808
11383 2 2 53 67 5632 5784 5773
11384 2 2 53 67 5724 5727 5770
11385 2 2 53 67 5741 5771 5744
11386 2 2 53 67 645 5770 5763
11387 2 2 53 67 609 5764 5771
11388 2 2 53 67 5648 5695 5834
11389 2 2 53 67 5685 5687 5686
11390 2 2 53 67 5683 5685 5684
11391 2 2 53 67 682 5708 683
11392 2 2 53 67 687 5709 688
11393 2 2 53 67 680 5712 681
11394 2 2 53 67 689 5711 690
11395 2 2 53 67 691 5720 692
11396 2 2 53 67 694 5721 695
11397 2 2 53 67 678 5713 679
11398 2 2 53 67 5681 5683 5682
11399 2 2 53 67 5650 5834 5690
11400 2 2 53 67 5648 5650 5649
11401 2 2 53 67 5644 5645 5646
11402 2 2 53 67 5650 5652 5651
11403 2 2 53 67 5646 5647 5659
11404 2 2 53 67 5652 5654 5653
11405 2 2 53 67 5568 5851 5772
11406 2 2 53 67 5630 5648 5631
11407 2 2 53 67 5659 5660 5662
11408 2 2 53 67 5654 5656 5655
11409 2 2 53 67 5662 5663 5664
11410 2 2 53 67 5664 5665 5672
11411 2 2 53 67 5656 5668 5657
11412 2 2 53 67 5672 5673 5674
11413 2 2 53 67 5668 5670 5669
11414 2 2 53 67 5676 5677 5691
11415 2 2 53 67 5674 5675 5676
11416 2 2 53 67 5627 5628 5644
11417 2 2 53 67 5723 5730 5725
11418 2 2 53 67 5740 5742 5747
11419 2 2 53 67 612 5739 5580
11420 2 2 53 67 648 5579 5722
11421 2 2 53 67 5583 5708 5869
11422 2 2 53 67 5727 5763 5770
11423 2 2 53 67 5744 5771 5764
11424 2 2 53 67 5671 5681 5680
11425 2 2 53 67 5664 5672 5772
11426 2 2 53 67 5588 5790 5883
11427 2 2 53 67 5597 5724 5770
11428 2 2 53 67 5596 5771 5741
11429 2 2 53 67 5642 5774 5785
11430 2 2 53 67 5643 5786 5775
11431 2 2 53 67 5603 5622 5627
11432 2 2 53 67 5613 5630 5629
11433 2 2 53 67 661 5704 5810
11434 2 2 53 67 19 5697 5865
11435 2 2 53 67 17 5866 5698
11436 2 2 53 67 5733 5735 5761
11437 2 2 53 67 5750 5762 5752
11438 2 2 53 67 5625 5827 5847
11439 2 2 53 67 5668 5706 5855
11440 2 2 53 67 5674 5696 5856
11441 2 2 53 67 5727 5731 5763
11442 2 2 53 67 5744 5764 5748
11443 2 2 53 67 5579 5757 5886
11444 2 2 53 67 5580 5887 5759
11445 2 2 53 67 611 5739 612
11446 2 2 53 67 647 648 5722
11447 2 2 53 67 617 618 5594
11448 2 2 53 67 635 5595 636
11449 2 2 53 67 634 5766 635
11450 2 2 53 67 616 5767 5592
11451 2 2 53 67 616 617 5767
11452 2 2 53 67 634 5593 5766
11453 2 2 53 67 635 5766 5595
11454 2 2 53 67 617 5594 5767
11455 2 2 53 67 591 592 5624
11456 2 2 53 67 595 596 5623
11457 2 2 53 67 620 621 5611
11458 2 2 53 67 638 5612 639
11459 2 2 53 67 646 647 5597
11460 2 2 53 67 615 616 5592
11461 2 2 53 67 605 5607 606
11462 2 2 53 67 610 5596 611
11463 2 2 53 67 633 5593 634
11464 2 2 53 67 641 642 5608
11465 2 2 53 67 613 614 5641
11466 2 2 53 67 631 5640 632
11467 2 2 53 67 632 5769 633
11468 2 2 53 67 615 5592 5768
11469 2 2 53 67 633 5769 5593
11470 2 2 53 67 614 615 5768
11471 2 2 53 67 643 644 5609
11472 2 2 53 67 607 5610 608
11473 2 2 53 67 632 5640 5769
11474 2 2 53 67 614 5768 5641
11475 2 2 53 67 5735 5736 5737
11476 2 2 53 67 5752 5754 5753
11477 2 2 53 67 5751 5752 5753
11478 2 2 53 67 5734 5736 5735
11479 2 2 53 67 5750 5752 5751
11480 2 2 53 67 5733 5734 5735
11481 2 2 53 67 5732 5734 5733
11482 2 2 53 67 5749 5750 5751
11483 2 2 53 67 5748 5750 5749
11484 2 2 53 67 5731 5732 5733
11485 2 2 53 67 5745 5748 5749
11486 2 2 53 67 5728 5732 5731
11487 2 2 53 67 5727 5728 5731
11488 2 2 53 67 5744 5748 5745
11489 2 2 53 67 5743 5744 5745
11490 2 2 53 67 5726 5728 5727
11491 2 2 53 67 645 646 5770
11492 2 2 53 67 609 5771 610
11493 2 2 53 67 5741 5744 5743
11494 2 2 53 67 5724 5726 5727
11495 2 2 53 67 5742 5743 5746
11496 2 2 53 67 5725 5729 5726
11497 2 2 53 67 646 5597 5770
11498 2 2 53 67 610 5771 5596
11499 2 2 53 67 5740 5741 5742
11500 2 2 53 67 5723 5725 5724
11501 2 2 53 67 5597 5723 5724
11502 2 2 53 67 5596 5741 5740
11503 2 2 53 67 5741 5743 5742
11504 2 2 53 67 5724 5725 5726
11505 2 2 53 67 5599 5865 5811
11506 2 2 53 67 5600 5812 5866
11507 2 2 53 67 5574 5777 5855
11508 2 2 53 67 5676 5846 5696
11509 2 2 53 67 5652 5690 5814
11510 2 2 53 67 5574 5706 5861
11511 2 2 53 67 5730 5886 5757
11512 2 2 53 67 5747 5759 5887
11513 2 2 53 67 5686 5687 5692
11514 2 2 53 67 5684 5685 5686
11515 2 2 53 67 5682 5683 5684
11516 2 2 53 67 5631 5648 5649
11517 2 2 53 67 5628 5645 5644
11518 2 2 53 67 5649 5650 5651
11519 2 2 53 67 5645 5647 5646
11520 2 2 53 67 5651 5652 5653
11521 2 2 53 67 5647 5660 5659
11522 2 2 53 67 5653 5654 5655
11523 2 2 53 67 5660 5663 5662
11524 2 2 53 67 5663 5665 5664
11525 2 2 53 67 5655 5656 5657
11526 2 2 53 67 5665 5673 5672
11527 2 2 53 67 5657 5668 5669
11528 2 2 53 67 5673 5675 5674
11529 2 2 53 67 5675 5677 5676
11530 2 2 53 67 5669 5670 5671
11531 2 2 53 67 5680 5681 5682
11532 2 2 53 67 5622 5628 5627
11533 2 2 53 67 1050 1051 5803
11534 2 2 53 67 1062 1063 5802
11535 2 2 53 67 22 695 5773
11536 2 2 53 67 5629 5630 5631
11537 2 2 53 67 5699 5715 5765
11538 2 2 53 67 686 5813 5590
11539 2 2 53 67 5661 5719 5884
11540 2 2 53 67 5692 5875 5825
11541 2 2 53 67 1051 1052 5774
11542 2 2 53 67 1061 1062 5775
11543 2 2 53 67 594 595 5793
11544 2 2 53 67 592 593 5794
11545 2 2 53 67 5611 5758 5806
11546 2 2 53 67 5612 5807 5756
11547 2 2 53 67 663 5805 5715
11548 2 2 53 67 5672 5856 5772
11549 2 2 53 67 636 5798 637
11550 2 2 53 67 618 619 5799
11551 2 2 53 67 17 649 5566
11552 2 2 53 67 19 5567 676
11553 2 2 53 67 5590 5813 5781
11554 2 2 53 67 667 668 5568
11555 2 2 53 67 654 655 5570
11556 2 2 53 67 651 652 5571
11557 2 2 53 67 664 665 5572
11558 2 2 53 67 669 670 5585
11559 2 2 53 67 673 674 5587
11560 2 2 53 67 18 5573 662
11561 2 2 53 67 657 658 5574
11562 2 2 53 67 659 660 5586
11563 2 2 53 67 671 672 5569
11564 2 2 53 67 670 671 5776
11565 2 2 53 67 658 659 5777
11566 2 2 53 67 672 673 5779
11567 2 2 53 67 655 656 5778
11568 2 2 53 67 5654 5842 5656
11569 2 2 53 67 5662 5664 5843
11570 2 2 53 67 5626 5853 5826
11571 2 2 53 67 5646 5659 5820
11572 2 2 53 67 5578 5613 5604
11573 2 2 53 67 5577 5602 5603
11574 2 2 53 67 5575 5599 5581
11575 2 2 53 67 5576 5582 5600
11576 2 2 53 67 5579 5886 5722
11577 2 2 53 67 5580 5739 5887
11578 2 2 53 67 5670 5852 5707
11579 2 2 53 67 5696 5846 5828
11580 2 2 53 67 5690 5792 5814
11581 2 2 53 67 5603 5618 5622
11582 2 2 53 67 5671 5680 5679
11583 2 2 53 67 5613 5629 5616
11584 2 2 53 67 5605 5620 5639
11585 2 2 53 67 5606 5638 5621
11586 2 2 53 67 653 654 5792
11587 2 2 53 67 5742 5746 5806
11588 2 2 53 67 5725 5807 5729
11589 2 2 53 67 5602 5619 5618
11590 2 2 53 67 5604 5616 5617
11591 2 2 53 67 590 591 5816
11592 2 2 53 67 596 597 5817
11593 2 2 53 67 619 620 5818
11594 2 2 53 67 637 5819 638
11595 2 2 53 67 5590 5825 5709
11596 2 2 53 67 5599 5614 5605
11597 2 2 53 67 5600 5606 5615
11598 2 2 53 67 663 664 5805
11599 2 2 53 67 19 5575 5567
11600 2 2 53 67 17 5566 5576
11601 2 2 53 67 5567 5717 5808
11602 2 2 53 67 5566 5809 5718
11603 2 2 53 67 5614 5633 5620
11604 2 2 53 67 5615 5621 5635
11605 2 2 53 67 5633 5701 5642
11606 2 2 53 67 5635 5643 5702
11607 2 2 53 67 5634 5757 5877
11608 2 2 53 67 5636 5876 5759
11609 2 2 53 67 5743 5823 5746
11610 2 2 53 67 5726 5729 5824
11611 2 2 53 67 640 5738 5857
11612 2 2 53 67 604 5858 5755
11613 2 2 53 67 592 5794 5624
11614 2 2 53 67 595 5623 5793
11615 2 2 53 67 5682 5684 5689
11616 2 2 53 67 5628 5705 5645
11617 2 2 53 67 5649 5651 5693
11618 2 2 53 67 5647 5661 5660
11619 2 2 53 67 5653 5655 5658
11620 2 2 53 67 5663 5700 5665
11621 2 2 53 67 5673 5678 5675
11622 2 2 53 67 5669 5671 5679
11623 2 2 53 67 5629 5631 5760
11624 2 2 53 67 5620 5633 5642
11625 2 2 53 67 5621 5643 5635
11626 2 2 53 67 1051 5774 5803
11627 2 2 53 67 1062 5802 5775
11628 2 2 53 67 660 661 5810
11629 2 2 53 67 5723 5886 5730
11630 2 2 53 67 5740 5747 5887
11631 2 2 53 67 5604 5613 5616
11632 2 2 53 67 5605 5614 5620
11633 2 2 53 67 5606 5621 5615
11634 2 2 53 67 5617 5637 5666
11635 2 2 53 67 5602 5618 5603
11636 2 2 53 67 5618 5632 5622
11637 2 2 53 67 5581 5599 5605
11638 2 2 53 67 5582 5606 5600
11639 2 2 53 67 5616 5637 5617
11640 2 2 53 67 5626 5821 5822
11641 2 2 53 67 5575 5581 5577
11642 2 2 53 67 5576 5578 5582
11643 2 2 53 67 5578 5604 5582
11644 2 2 53 67 5577 5581 5602
11645 2 2 53 67 5637 5780 5666
11646 2 2 53 67 5667 5784 5845
11647 2 2 53 67 636 5595 5798
11648 2 2 53 67 618 5799 5594
11649 2 2 53 67 673 5587 5779
11650 2 2 53 67 670 5776 5585
11651 2 2 53 67 658 5777 5574
11652 2 2 53 67 659 5586 5777
11653 2 2 53 67 671 5569 5776
11654 2 2 53 67 672 5779 5569
11655 2 2 53 67 655 5778 5570
11656 2 2 53 67 5615 5635 5636
11657 2 2 53 67 5614 5634 5633
11658 2 2 53 67 5729 5807 5819
11659 2 2 53 67 5746 5818 5806
11660 2 2 53 67 5679 5714 5888
11661 2 2 53 67 5567 5575 5577
11662 2 2 53 67 5566 5578 5576
11663 2 2 53 67 11 640 5857
11664 2 2 53 67 11 5857 597
11665 2 2 53 67 10 5858 604
11666 2 2 53 67 10 590 5858
11667 2 2 53 67 665 666 5828
11668 2 2 53 67 654 5570 5792
11669 2 2 53 67 20 5849 5579
11670 2 2 53 67 16 5580 5850
11671 2 2 53 67 5715 5805 5765
11672 2 2 53 67 5684 5686 5781
11673 2 2 53 67 666 5868 5828
11674 2 2 53 67 5697 5756 5811
11675 2 2 53 67 5698 5812 5758
11676 2 2 53 67 5643 5775 5802
11677 2 2 53 67 5642 5803 5774
11678 2 2 53 67 5622 5783 5628
11679 2 2 53 67 5680 5682 5782
11680 2 2 53 67 3 613 5863
11681 2 2 53 67 5 5862 631
11682 2 2 53 67 3 5863 593
11683 2 2 53 67 5 594 5862
11684 2 2 53 67 5631 5649 5787
11685 2 2 53 67 5660 5788 5663
11686 2 2 53 67 5665 5789 5673
11687 2 2 53 67 5651 5653 5790
11688 2 2 53 67 5645 5791 5647
11689 2 2 53 67 5641 5768 5872
11690 2 2 53 67 5640 5873 5769
11691 2 2 53 67 5598 5711 5870
11692 2 2 53 67 5725 5730 5807
11693 2 2 53 67 5742 5806 5747
11694 2 2 53 67 5620 5785 5639
11695 2 2 53 67 5621 5638 5786
11696 2 2 53 67 5652 5814 5654
11697 2 2 53 67 5622 5632 5783
11698 2 2 53 67 5598 5867 5720
11699 2 2 53 67 5602 5795 5619
11700 2 2 53 67 5604 5617 5796
11701 2 2 53 67 5605 5639 5795
11702 2 2 53 67 5606 5796 5638
11703 2 2 53 67 5746 5823 5799
11704 2 2 53 67 5729 5798 5824
11705 2 2 53 67 5591 5712 5854
11706 2 2 53 67 5620 5642 5785
11707 2 2 53 67 5621 5786 5643
11708 2 2 53 67 676 5567 5808
11709 2 2 53 67 649 5809 5566
11710 2 2 53 67 5616 5629 5797
11711 2 2 53 67 5700 5870 5789
11712 2 2 53 67 675 676 5808
11713 2 2 53 67 649 650 5809
11714 2 2 53 67 5659 5662 5815
11715 2 2 53 67 5599 5811 5614
11716 2 2 53 67 5600 5615 5812
11717 2 2 53 67 5698 5866 5812
11718 2 2 53 67 5697 5811 5865
11719 2 2 53 67 5585 5772 5851
11720 2 2 53 67 5595 5836 5824
11721 2 2 53 67 5594 5823 5835
11722 2 2 53 67 5629 5760 5797
11723 2 2 53 67 5628 5783 5705
11724 2 2 53 67 5684 5781 5689
11725 2 2 53 67 684 5844 685
11726 2 2 53 67 5617 5829 5796
11727 2 2 53 67 5682 5689 5782
11728 2 2 53 67 5581 5605 5795
11729 2 2 53 67 5582 5796 5606
11730 2 2 53 67 5594 5835 5767
11731 2 2 53 67 5595 5766 5836
11732 2 2 53 67 5581 5795 5602
11733 2 2 53 67 5582 5604 5796
11734 2 2 53 67 5631 5787 5760
11735 2 2 53 67 5655 5657 5804
11736 2 2 53 67 5645 5705 5791
11737 2 2 53 67 5660 5661 5788
11738 2 2 53 67 5651 5790 5693
11739 2 2 53 67 5665 5700 5789
11740 2 2 53 67 5649 5693 5787
11741 2 2 53 67 5663 5788 5700
11742 2 2 53 67 5673 5789 5678
11743 2 2 53 67 5653 5658 5790
11744 2 2 53 67 5647 5791 5661
11745 2 2 53 67 5773 5784 5880
11746 2 2 53 67 5616 5797 5637
11747 2 2 53 67 1055 5667 5821
11748 2 2 53 67 5638 5796 5829
11749 2 2 53 67 5766 5839 5836
11750 2 2 53 67 5767 5835 5838
11751 2 2 53 67 664 5572 5805
11752 2 2 53 67 1054 5821 5626
11753 2 2 53 67 5623 5800 5793
11754 2 2 53 67 5624 5794 5801
11755 2 2 53 67 1059 5625 5833
11756 2 2 53 67 674 5830 5587
11757 2 2 53 67 651 5571 5831
11758 2 2 53 67 5655 5804 5658
11759 2 2 53 67 1053 5626 5826
11760 2 2 53 67 1060 5827 5625
11761 2 2 53 67 5592 5767 5838
11762 2 2 53 67 5593 5839 5766
11763 2 2 53 67 5639 5853 5881
11764 2 2 53 67 5643 5802 5702
11765 2 2 53 67 5642 5701 5803
11766 2 2 53 67 652 5837 5571
11767 2 2 53 67 5648 5834 5650
11768 2 2 53 67 591 5624 5816
11769 2 2 53 67 596 5817 5623
11770 2 2 53 67 620 5611 5818
11771 2 2 53 67 638 5819 5612
11772 2 2 53 67 5592 5838 5840
11773 2 2 53 67 5593 5841 5839
11774 2 2 53 67 5646 5820 5832
11775 2 2 53 67 660 5810 5586
11776 2 2 53 67 22 5773 5880
11777 2 2 53 67 653 5792 5837
11778 2 2 53 67 5706 5778 5861
11779 2 2 53 67 685 5813 686
11780 2 2 53 67 5592 5840 5768
11781 2 2 53 67 5593 5769 5841
11782 2 2 53 67 5615 5636 5812
11783 2 2 53 67 5614 5811 5634
11784 2 2 53 67 5634 5811 5756
11785 2 2 53 67 5636 5758 5812
11786 2 2 53 67 5612 5819 5807
11787 2 2 53 67 5611 5806 5818
11788 2 2 53 67 5595 5824 5798
11789 2 2 53 67 5594 5799 5823
11790 2 2 53 67 5644 5878 5694
11791 2 2 53 67 5711 5871 5870
11792 2 2 53 67 5743 5745 5823
11793 2 2 53 67 5726 5824 5728
11794 2 2 53 67 669 5585 5851
11795 2 2 53 67 668 5851 5568
11796 2 2 53 67 1056 5880 5667
11797 2 2 53 67 674 675 5830
11798 2 2 53 67 650 651 5831
11799 2 2 53 67 5632 5859 5784
11800 2 2 53 67 5587 5830 5878
11801 2 2 53 67 657 5574 5861
11802 2 2 53 67 656 5861 5778
11803 2 2 53 67 1054 1055 5821
11804 2 2 53 67 1058 1059 5833
11805 2 2 53 67 667 5568 5868
11806 2 2 53 67 5745 5835 5823
11807 2 2 53 67 5728 5824 5836
11808 2 2 53 67 1052 1053 5826
11809 2 2 53 67 1060 1061 5827
11810 2 2 53 67 5570 5814 5792
11811 2 2 53 67 5569 5815 5776
11812 2 2 53 67 5666 5885 5833
11813 2 2 53 67 675 5808 5830
11814 2 2 53 67 650 5831 5809
11815 2 2 53 67 5784 5859 5845
11816 2 2 53 67 5745 5749 5835
11817 2 2 53 67 5728 5836 5732
11818 2 2 53 67 5719 5720 5884
11819 2 2 53 67 5688 5707 5860
11820 2 2 53 67 1052 5826 5774
11821 2 2 53 67 1061 5775 5827
11822 2 2 53 67 5667 5880 5784
11823 2 2 53 67 5689 5781 5813
11824 2 2 53 67 5822 5881 5853
11825 2 2 53 67 5749 5838 5835
11826 2 2 53 67 5732 5836 5839
11827 2 2 53 67 652 653 5837
11828 2 2 53 67 5588 5883 5712
11829 2 2 53 67 5716 5882 5797
11830 2 2 53 67 665 5828 5572
11831 2 2 53 67 5749 5751 5838
11832 2 2 53 67 5732 5839 5734
11833 2 2 53 67 5676 5691 5846
11834 2 2 53 67 5569 5779 5820
11835 2 2 53 67 5675 5678 5864
11836 2 2 53 67 5696 5828 5868
11837 2 2 53 67 5618 5859 5632
11838 2 2 53 67 5751 5840 5838
11839 2 2 53 67 5734 5839 5841
11840 2 2 53 67 5617 5666 5829
11841 2 2 53 67 5677 5848 5691
11842 2 2 53 67 5589 5871 5711
11843 2 2 53 67 5669 5679 5888
11844 2 2 53 67 5751 5753 5840
11845 2 2 53 67 5734 5841 5736
11846 2 2 53 67 5668 5855 5670
11847 2 2 53 67 5672 5674 5856
11848 2 2 53 67 5680 5782 5869
11849 2 2 53 67 5575 5865 5599
11850 2 2 53 67 5576 5600 5866
11851 2 2 53 67 1057 1058 5885
11852 2 2 53 67 5587 5832 5779
11853 2 2 53 67 5666 5833 5879
11854 2 2 53 67 5569 5820 5815
11855 2 2 53 67 597 5857 5817
11856 2 2 53 67 590 5816 5858
11857 2 2 53 67 5690 5837 5792
11858 2 2 53 67 5635 5876 5636
11859 2 2 53 67 5633 5634 5877
11860 2 2 53 67 5570 5842 5814
11861 2 2 53 67 5689 5813 5844
11862 2 2 53 67 20 1050 5849
11863 2 2 53 67 16 5850 1063
11864 2 2 53 67 5687 5848 5692
11865 2 2 53 67 5626 5822 5853
11866 2 2 53 67 5779 5832 5820
11867 2 2 53 67 5657 5888 5804
11868 2 2 53 67 5776 5815 5843
11869 2 2 53 67 5637 5797 5882
11870 2 2 53 67 5666 5780 5885
11871 2 2 53 67 5694 5878 5830
11872 2 2 53 67 1050 5803 5849
11873 2 2 53 67 1063 5850 5802
11874 2 2 53 67 594 5793 5862
11875 2 2 53 67 593 5863 5794
11876 2 2 53 67 5583 5869 5782
11877 2 2 53 67 5638 5847 5786
11878 2 2 53 67 668 669 5851
11879 2 2 53 67 5677 5875 5848
11880 2 2 53 67 5570 5778 5842
11881 2 2 53 67 5585 5776 5843
11882 2 2 53 67 5654 5814 5842
11883 2 2 53 67 5619 5881 5845
11884 2 2 53 67 5722 5886 5723
11885 2 2 53 67 5739 5740 5887
11886 2 2 53 67 5691 5765 5874
11887 2 2 53 67 631 5862 5640
11888 2 2 53 67 613 5641 5863
11889 2 2 53 67 656 657 5861
11890 2 2 53 67 5701 5849 5803
11891 2 2 53 67 5702 5802 5850
11892 2 2 53 67 5662 5843 5815
11893 2 2 53 67 5689 5844 5782
11894 2 2 53 67 685 5844 5813
11895 2 2 53 67 1057 5885 5780
11896 2 2 53 67 22 5880 1056
11897 2 2 53 67 5659 5815 5820
11898 2 2 53 67 666 667 5868
11899 2 2 53 67 5714 5804 5888
11900 2 2 53 67 5822 5845 5881
11901 2 2 53 67 5692 5848 5875
11902 2 2 53 67 5640 5862 5793
11903 2 2 53 67 5641 5794 5863
11904 2 2 53 67 5675 5864 5677
11905 2 2 53 67 5618 5619 5859
11906 2 2 53 67 5586 5852 5777
11907 2 2 53 67 19 5865 5575
11908 2 2 53 67 17 5576 5866
11909 2 2 53 67 5755 5858 5816
11910 2 2 53 67 5738 5817 5857
11911 2 2 53 67 5639 5785 5853
11912 2 2 53 67 5635 5702 5876
11913 2 2 53 67 5633 5877 5701
11914 2 2 53 67 5679 5680 5869
11915 2 2 53 67 5639 5881 5795
11916 2 2 53 67 5637 5882 5780
11917 2 2 53 67 5638 5829 5847
11918 2 2 53 67 5658 5804 5854
11919 2 2 53 67 5572 5828 5846
11920 2 2 53 67 5586 5860 5852
11921 2 2 53 67 5658 5854 5883
11922 2 2 53 67 5769 5873 5841
11923 2 2 53 67 5768 5840 5872
11924 2 2 53 67 5657 5669 5888
11925 2 2 53 67 5572 5846 5874
11926 2 2 53 67 5691 5874 5846
11927 2 2 53 67 5700 5788 5867
11928 2 2 53 67 5765 5805 5874
11929 2 2 53 67 5586 5810 5860
11930 2 2 53 67 5753 5801 5872
11931 2 2 53 67 5736 5873 5800
11932 2 2 53 67 5619 5845 5859
11933 2 2 53 67 5619 5795 5881
11934 2 2 53 67 5712 5883 5854
11935 2 2 53 67 5707 5852 5860
11936 2 2 53 67 5658 5883 5790
11937 2 2 53 67 5572 5874 5805
11938 2 2 53 67 5661 5884 5788
11939 2 2 53 67 5666 5879 5829
11940 2 2 53 67 5625 5879 5833
11941 2 2 53 67 5736 5841 5873
11942 2 2 53 67 5753 5872 5840
11943 2 2 53 67 5788 5884 5867
11944 2 2 53 67 5587 5878 5832
11945 2 2 53 67 1058 5833 5885
11946 2 2 53 67 5720 5867 5884
11947 2 2 53 67 5829 5879 5847
11948 2 2 53 67 5625 5847 5879
11949 2 2 53 67 5677 5864 5875
11950 2 2 53 67 5710 5875 5864
11951 2 2 54 68 3 294 613
11952 2 2 54 68 613 294 5889
11953 2 2 54 68 613 5889 614
11954 2 2 54 68 614 5889 5890
11955 2 2 54 68 614 5890 615
11956 2 2 54 68 615 5890 5891
11957 2 2 54 68 615 5891 616
11958 2 2 54 68 616 5891 5892
11959 2 2 54 68 616 5892 617
11960 2 2 54 68 617 5892 5893
11961 2 2 54 68 617 5893 618
11962 2 2 54 68 618 5893 5894
11963 2 2 54 68 618 5894 619
11964 2 2 54 68 619 5894 5895
11965 2 2 54 68 619 5895 620
11966 2 2 54 68 620 5895 5896
11967 2 2 54 68 620 5896 621
11968 2 2 54 68 621 5896 5897
11969 2 2 54 68 621 5897 17
11970 2 2 54 68 17 5897 649
11971 2 2 54 68 294 295 5889
11972 2 2 54 68 5889 295 5898
11973 2 2 54 68 5889 5898 5890
11974 2 2 54 68 5890 5898 5899
11975 2 2 54 68 5890 5899 5891
11976 2 2 54 68 5891 5899 5900
11977 2 2 54 68 5891 5900 5892
11978 2 2 54 68 5892 5900 5901
11979 2 2 54 68 5892 5901 5893
11980 2 2 54 68 5893 5901 5902
11981 2 2 54 68 5893 5902 5894
11982 2 2 54 68 5894 5902 5903
11983 2 2 54 68 5894 5903 5895
11984 2 2 54 68 5895 5903 5904
11985 2 2 54 68 5895 5904 5896
11986 2 2 54 68 5896 5904 5905
11987 2 2 54 68 5896 5905 5897
11988 2 2 54 68 5897 5905 5906
11989 2 2 54 68 5897 5906 649
11990 2 2 54 68 649 5906 650
11991 2 2 54 68 295 296 5898
11992 2 2 54 68 5898 296 5907
11993 2 2 54 68 5898 5907 5899
11994 2 2 54 68 5899 5907 5908
11995 2 2 54 68 5899 5908 5900
11996 2 2 54 68 5900 5908 5909
11997 2 2 54 68 5900 5909 5901
11998 2 2 54 68 5901 5909 5910
11999 2 2 54 68 5901 5910 5902
12000 2 2 54 68 5902 5910 5911
12001 2 2 54 68 5902 5911 5903
12002 2 2 54 68 5903 5911 5912
12003 2 2 54 68 5903 5912 5904
12004 2 2 54 68 5904 5912 5913
12005 2 2 54 68 5904 5913 5905
12006 2 2 54 68 5905 5913 5914
12007 2 2 54 68 5905 5914 5906
12008 2 2 54 68 5906 5914 5915
12009 2 2 54 68 5906 5915 650
12010 2 2 54 68 650 5915 651
12011 2 2 54 68 296 297 5907
12012 2 2 54 68 5907 297 5916
12013 2 2 54 68 5907 5916 5908
12014 2 2 54 68 5908 5916 5917
12015 2 2 54 68 5908 5917 5909
12016 2 2 54 68 5909 5917 5918
12017 2 2 54 68 5909 5918 5910
12018 2 2 54 68 5910 5918 5919
12019 2 2 54 68 5910 5919 5911
12020 2 2 54 68 5911 5919 5920
12021 2 2 54 68 5911 5920 5912
12022 2 2 54 68 5912 5920 5921
12023 2 2 54 68 5912 5921 5913
12024 2 2 54 68 5913 5921 5922
12025 2 2 54 68 5913 5922 5914
12026 2 2 54 68 5914 5922 5923
12027 2 2 54 68 5914 5923 5915
12028 2 2 54 68 5915 5923 5924
12029 2 2 54 68 5915 5924 651
12030 2 2 54 68 651 5924 652
12031 2 2 54 68 297 298 5916
12032 2 2 54 68 5916 298 5925
12033 2 2 54 68 5916 5925 5917
12034 2 2 54 68 5917 5925 5926
12035 2 2 54 68 5917 5926 5918
12036 2 2 54 68 5918 5926 5927
12037 2 2 54 68 5918 5927 5919
12038 2 2 54 68 5919 5927 5928
12039 2 2 54 68 5919 5928 5920
12040 2 2 54 68 5920 5928 5929
12041 2 2 54 68 5920 5929 5921
12042 2 2 54 68 5921 5929 5930
12043 2 2 54 68 5921 5930 5922
12044 2 2 54 68 5922 5930 5931
12045 2 2 54 68 5922 5931 5923
12046 2 2 54 68 5923 5931 5932
12047 2 2 54 68 5923 5932 5924
12048 2 2 54 68 5924 5932 5933
12049 2 2 54 68 5924 5933 652
12050 2 2 54 68 652 5933 653
12051 2 2 54 68 298 299 5925
12052 2 2 54 68 5925 299 5934
12053 2 2 54 68 5925 5934 5926
12054 2 2 54 68 5926 5934 5935
12055 2 2 54 68 5926 5935 5927
12056 2 2 54 68 5927 5935 5936
12057 2 2 54 68 5927 5936 5928
12058 2 2 54 68 5928 5936 5937
12059 2 2 54 68 5928 5937 5929
12060 2 2 54 68 5929 5937 5938
12061 2 2 54 68 5929 5938 5930
12062 2 2 54 68 5930 5938 5939
12063 2 2 54 68 5930 5939 5931
12064 2 2 54 68 5931 5939 5940
12065 2 2 54 68 5931 5940 5932
12066 2 2 54 68 5932 5940 5941
12067 2 2 54 68 5932 5941 5933
12068 2 2 54 68 5933 5941 5942
12069 2 2 54 68 5933 5942 653
12070 2 2 54 68 653 5942 654
12071 2 2 54 68 299 300 5934
12072 2 2 54 68 5934 300 5943
12073 2 2 54 68 5934 5943 5935
12074 2 2 54 68 5935 5943 5944
12075 2 2 54 68 5935 5944 5936
12076 2 2 54 68 5936 5944 5945
12077 2 2 54 68 5936 5945 5937
12078 2 2 54 68 5937 5945 5946
12079 2 2 54 68 5937 5946 5938
12080 2 2 54 68 5938 5946 5947
12081 2 2 54 68 5938 5947 5939
12082 2 2 54 68 5939 5947 5948
12083 2 2 54 68 5939 5948 5940
12084 2 2 54 68 5940 5948 5949
12085 2 2 54 68 5940 5949 5941
12086 2 2 54 68 5941 5949 5950
12087 2 2 54 68 5941 5950 5942
12088 2 2 54 68 5942 5950 5951
12089 2 2 54 68 5942 5951 654
12090 2 2 54 68 654 5951 655
12091 2 2 54 68 300 301 5943
12092 2 2 54 68 5943 301 5952
12093 2 2 54 68 5943 5952 5944
12094 2 2 54 68 5944 5952 5953
12095 2 2 54 68 5944 5953 5945
12096 2 2 54 68 5945 5953 5954
12097 2 2 54 68 5945 5954 5946
12098 2 2 54 68 5946 5954 5955
12099 2 2 54 68 5946 5955 5947
12100 2 2 54 68 5947 5955 5956
12101 2 2 54 68 5947 5956 5948
12102 2 2 54 68 5948 5956 5957
12103 2 2 54 68 5948 5957 5949
12104 2 2 54 68 5949 5957 5958
12105 2 2 54 68 5949 5958 5950
12106 2 2 54 68 5950 5958 5959
12107 2 2 54 68 5950 5959 5951
12108 2 2 54 68 5951 5959 5960
12109 2 2 54 68 5951 5960 655
12110 2 2 54 68 655 5960 656
12111 2 2 54 68 301 302 5952
12112 2 2 54 68 5952 302 5961
12113 2 2 54 68 5952 5961 5953
12114 2 2 54 68 5953 5961 5962
12115 2 2 54 68 5953 5962 5954
12116 2 2 54 68 5954 5962 5963
12117 2 2 54 68 5954 5963 5955
12118 2 2 54 68 5955 5963 5964
12119 2 2 54 68 5955 5964 5956
12120 2 2 54 68 5956 5964 5965
12121 2 2 54 68 5956 5965 5957
12122 2 2 54 68 5957 5965 5966
12123 2 2 54 68 5957 5966 5958
12124 2 2 54 68 5958 5966 5967
12125 2 2 54 68 5958 5967 5959
12126 2 2 54 68 5959 5967 5968
12127 2 2 54 68 5959 5968 5960
12128 2 2 54 68 5960 5968 5969
12129 2 2 54 68 5960 5969 656
12130 2 2 54 68 656 5969 657
12131 2 2 54 68 302 303 5961
12132 2 2 54 68 5961 303 5970
12133 2 2 54 68 5961 5970 5962
12134 2 2 54 68 5962 5970 5971
12135 2 2 54 68 5962 5971 5963
12136 2 2 54 68 5963 5971 5972
12137 2 2 54 68 5963 5972 5964
12138 2 2 54 68 5964 5972 5973
12139 2 2 54 68 5964 5973 5965
12140 2 2 54 68 5965 5973 5974
12141 2 2 54 68 5965 5974 5966
12142 2 2 54 68 5966 5974 5975
12143 2 2 54 68 5966 5975 5967
12144 2 2 54 68 5967 5975 5976
12145 2 2 54 68 5967 5976 5968
12146 2 2 54 68 5968 5976 5977
12147 2 2 54 68 5968 5977 5969
12148 2 2 54 68 5969 5977 5978
12149 2 2 54 68 5969 5978 657
12150 2 2 54 68 657 5978 658
12151 2 2 54 68 303 304 5970
12152 2 2 54 68 5970 304 5979
12153 2 2 54 68 5970 5979 5971
12154 2 2 54 68 5971 5979 5980
12155 2 2 54 68 5971 5980 5972
12156 2 2 54 68 5972 5980 5981
12157 2 2 54 68 5972 5981 5973
12158 2 2 54 68 5973 5981 5982
12159 2 2 54 68 5973 5982 5974
12160 2 2 54 68 5974 5982 5983
12161 2 2 54 68 5974 5983 5975
12162 2 2 54 68 5975 5983 5984
12163 2 2 54 68 5975 5984 5976
12164 2 2 54 68 5976 5984 5985
12165 2 2 54 68 5976 5985 5977
12166 2 2 54 68 5977 5985 5986
12167 2 2 54 68 5977 5986 5978
12168 2 2 54 68 5978 5986 5987
12169 2 2 54 68 5978 5987 658
12170 2 2 54 68 658 5987 659
12171 2 2 54 68 304 305 5979
12172 2 2 54 68 5979 305 5988
12173 2 2 54 68 5979 5988 5980
12174 2 2 54 68 5980 5988 5989
12175 2 2 54 68 5980 5989 5981
12176 2 2 54 68 5981 5989 5990
12177 2 2 54 68 5981 5990 5982
12178 2 2 54 68 5982 5990 5991
12179 2 2 54 68 5982 5991 5983
12180 2 2 54 68 5983 5991 5992
12181 2 2 54 68 5983 5992 5984
12182 2 2 54 68 5984 5992 5993
12183 2 2 54 68 5984 5993 5985
12184 2 2 54 68 5985 5993 5994
12185 2 2 54 68 5985 5994 5986
12186 2 2 54 68 5986 5994 5995
12187 2 2 54 68 5986 5995 5987
12188 2 2 54 68 5987 5995 5996
12189 2 2 54 68 5987 5996 659
12190 2 2 54 68 659 5996 660
12191 2 2 54 68 305 306 5988
12192 2 2 54 68 5988 306 5997
12193 2 2 54 68 5988 5997 5989
12194 2 2 54 68 5989 5997 5998
12195 2 2 54 68 5989 5998 5990
12196 2 2 54 68 5990 5998 5999
12197 2 2 54 68 5990 5999 5991
12198 2 2 54 68 5991 5999 6000
12199 2 2 54 68 5991 6000 5992
12200 2 2 54 68 5992 6000 6001
12201 2 2 54 68 5992 6001 5993
12202 2 2 54 68 5993 6001 6002
12203 2 2 54 68 5993 6002 5994
12204 2 2 54 68 5994 6002 6003
12205 2 2 54 68 5994 6003 5995
12206 2 2 54 68 5995 6003 6004
12207 2 2 54 68 5995 6004 5996
12208 2 2 54 68 5996 6004 6005
12209 2 2 54 68 5996 6005 660
12210 2 2 54 68 660 6005 661
12211 2 2 54 68 306 307 5997
12212 2 2 54 68 5997 307 6006
12213 2 2 54 68 5997 6006 5998
12214 2 2 54 68 5998 6006 6007
12215 2 2 54 68 5998 6007 5999
12216 2 2 54 68 5999 6007 6008
12217 2 2 54 68 5999 6008 6000
12218 2 2 54 68 6000 6008 6009
12219 2 2 54 68 6000 6009 6001
12220 2 2 54 68 6001 6009 6010
12221 2 2 54 68 6001 6010 6002
12222 2 2 54 68 6002 6010 6011
12223 2 2 54 68 6002 6011 6003
12224 2 2 54 68 6003 6011 6012
12225 2 2 54 68 6003 6012 6004
12226 2 2 54 68 6004 6012 6013
12227 2 2 54 68 6004 6013 6005
12228 2 2 54 68 6005 6013 6014
12229 2 2 54 68 6005 6014 661
12230 2 2 54 68 661 6014 662
12231 2 2 54 68 307 4 6006
12232 2 2 54 68 6006 4 622
12233 2 2 54 68 6006 622 6007
12234 2 2 54 68 6007 622 623
12235 2 2 54 68 6007 623 6008
12236 2 2 54 68 6008 623 624
12237 2 2 54 68 6008 624 6009
12238 2 2 54 68 6009 624 625
12239 2 2 54 68 6009 625 6010
12240 2 2 54 68 6010 625 626
12241 2 2 54 68 6010 626 6011
12242 2 2 54 68 6011 626 627
12243 2 2 54 68 6011 627 6012
12244 2 2 54 68 6012 627 628
12245 2 2 54 68 6012 628 6013
12246 2 2 54 68 6013 628 629
12247 2 2 54 68 6013 629 6014
12248 2 2 54 68 6014 629 630
12249 2 2 54 68 6014 630 662
12250 2 2 54 68 662 630 18
12251 2 2 55 69 4 308 622
12252 2 2 55 69 622 308 6015
12253 2 2 55 69 622 6015 623
12254 2 2 55 69 623 6015 6016
12255 2 2 55 69 623 6016 624
12256 2 2 55 69 624 6016 6017
12257 2 2 55 69 624 6017 625
12258 2 2 55 69 625 6017 6018
12259 2 2 55 69 625 6018 626
12260 2 2 55 69 626 6018 6019
12261 2 2 55 69 626 6019 627
12262 2 2 55 69 627 6019 6020
12263 2 2 55 69 627 6020 628
12264 2 2 55 69 628 6020 6021
12265 2 2 55 69 628 6021 629
12266 2 2 55 69 629 6021 6022
12267 2 2 55 69 629 6022 630
12268 2 2 55 69 630 6022 6023
12269 2 2 55 69 630 6023 18
12270 2 2 55 69 18 6023 663
12271 2 2 55 69 308 309 6015
12272 2 2 55 69 6015 309 6024
12273 2 2 55 69 6015 6024 6016
12274 2 2 55 69 6016 6024 6025
12275 2 2 55 69 6016 6025 6017
12276 2 2 55 69 6017 6025 6026
12277 2 2 55 69 6017 6026 6018
12278 2 2 55 69 6018 6026 6027
12279 2 2 55 69 6018 6027 6019
12280 2 2 55 69 6019 6027 6028
12281 2 2 55 69 6019 6028 6020
12282 2 2 55 69 6020 6028 6029
12283 2 2 55 69 6020 6029 6021
12284 2 2 55 69 6021 6029 6030
12285 2 2 55 69 6021 6030 6022
12286 2 2 55 69 6022 6030 6031
12287 2 2 55 69 6022 6031 6023
12288 2 2 55 69 6023 6031 6032
12289 2 2 55 69 6023 6032 663
12290 2 2 55 69 663 6032 664
12291 2 2 55 69 309 310 6024
12292 2 2 55 69 6024 310 6033
12293 2 2 55 69 6024 6033 6025
12294 2 2 55 69 6025 6033 6034
12295 2 2 55 69 6025 6034 6026
12296 2 2 55 69 6026 6034 6035
12297 2 2 55 69 6026 6035 6027
12298 2 2 55 69 6027 6035 6036
12299 2 2 55 69 6027 6036 6028
12300 2 2 55 69 6028 6036 6037
12301 2 2 55 69 6028 6037 6029
12302 2 2 55 69 6029 6037 6038
12303 2 2 55 69 6029 6038 6030
12304 2 2 55 69 6030 6038 6039
12305 2 2 55 69 6030 6039 6031
12306 2 2 55 69 6031 6039 6040
12307 2 2 55 69 6031 6040 6032
12308 2 2 55 69 6032 6040 6041
12309 2 2 55 69 6032 6041 664
12310 2 2 55 69 664 6041 665
12311 2 2 55 69 310 311 6033
12312 2 2 55 69 6033 311 6042
12313 2 2 55 69 6033 6042 6034
12314 2 2 55 69 6034 6042 6043
12315 2 2 55 69 6034 6043 6035
12316 2 2 55 69 6035 6043 6044
12317 2 2 55 69 6035 6044 6036
12318 2 2 55 69 6036 6044 6045
12319 2 2 55 69 6036 6045 6037
12320 2 2 55 69 6037 6045 6046
12321 2 2 55 69 6037 6046 6038
12322 2 2 55 69 6038 6046 6047
12323 2 2 55 69 6038 6047 6039
12324 2 2 55 69 6039 6047 6048
12325 2 2 55 69 6039 6048 6040
12326 2 2 55 69 6040 6048 6049
12327 2 2 55 69 6040 6049 6041
12328 2 2 55 69 6041 6049 6050
12329 2 2 55 69 6041 6050 665
12330 2 2 55 69 665 6050 666
12331 2 2 55 69 311 312 6042
12332 2 2 55 69 6042 312 6051
12333 2 2 55 69 6042 6051 6043
12334 2 2 55 69 6043 6051 6052
12335 2 2 55 69 6043 6052 6044
12336 2 2 55 69 6044 6052 6053
12337 2 2 55 69 6044 6053 6045
12338 2 2 55 69 6045 6053 6054
12339 2 2 55 69 6045 6054 6046
12340 2 2 55 69 6046 6054 6055
12341 2 2 55 69 6046 6055 6047
12342 2 2 55 69 6047 6055 6056
12343 2 2 55 69 6047 6056 6048
12344 2 2 55 69 6048 6056 6057
12345 2 2 55 69 6048 6057 6049
12346 2 2 55 69 6049 6057 6058
12347 2 2 55 69 6049 6058 6050
12348 2 2 55 69 6050 6058 6059
12349 2 2 55 69 6050 6059 666
12350 2 2 55 69 666 6059 667
12351 2 2 55 69 312 313 6051
12352 2 2 55 69 6051 313 6060
12353 2 2 55 69 6051 6060 6052
12354 2 2 55 69 6052 6060 6061
12355 2 2 55 69 6052 6061 6053
12356 2 2 55 69 6053 6061 6062
12357 2 2 55 69 6053 6062 6054
12358 2 2 55 69 6054 6062 6063
12359 2 2 55 69 6054 6063 6055
12360 2 2 55 69 6055 6063 6064
12361 2 2 55 69 6055 6064 6056
12362 2 2 55 69 6056 6064 6065
12363 2 2 55 69 6056 6065 6057
12364 2 2 55 69 6057 6065 6066
12365 2 2 55 69 6057 6066 6058
12366 2 2 55 69 6058 6066 6067
12367 2 2 55 69 6058 6067 6059
12368 2 2 55 69 6059 6067 6068
12369 2 2 55 69 6059 6068 667
12370 2 2 55 69 667 6068 668
12371 2 2 55 69 313 314 6060
12372 2 2 55 69 6060 314 6069
12373 2 2 55 69 6060 6069 6061
12374 2 2 55 69 6061 6069 6070
12375 2 2 55 69 6061 6070 6062
12376 2 2 55 69 6062 6070 6071
12377 2 2 55 69 6062 6071 6063
12378 2 2 55 69 6063 6071 6072
12379 2 2 55 69 6063 6072 6064
12380 2 2 55 69 6064 6072 6073
12381 2 2 55 69 6064 6073 6065
12382 2 2 55 69 6065 6073 6074
12383 2 2 55 69 6065 6074 6066
12384 2 2 55 69 6066 6074 6075
12385 2 2 55 69 6066 6075 6067
12386 2 2 55 69 6067 6075 6076
12387 2 2 55 69 6067 6076 6068
12388 2 2 55 69 6068 6076 6077
12389 2 2 55 69 6068 6077 668
12390 2 2 55 69 668 6077 669
12391 2 2 55 69 314 315 6069
12392 2 2 55 69 6069 315 6078
12393 2 2 55 69 6069 6078 6070
12394 2 2 55 69 6070 6078 6079
12395 2 2 55 69 6070 6079 6071
12396 2 2 55 69 6071 6079 6080
12397 2 2 55 69 6071 6080 6072
12398 2 2 55 69 6072 6080 6081
12399 2 2 55 69 6072 6081 6073
12400 2 2 55 69 6073 6081 6082
12401 2 2 55 69 6073 6082 6074
12402 2 2 55 69 6074 6082 6083
12403 2 2 55 69 6074 6083 6075
12404 2 2 55 69 6075 6083 6084
12405 2 2 55 69 6075 6084 6076
12406 2 2 55 69 6076 6084 6085
12407 2 2 55 69 6076 6085 6077
12408 2 2 55 69 6077 6085 6086
12409 2 2 55 69 6077 6086 669
12410 2 2 55 69 669 6086 670
12411 2 2 55 69 315 316 6078
12412 2 2 55 69 6078 316 6087
12413 2 2 55 69 6078 6087 6079
12414 2 2 55 69 6079 6087 6088
12415 2 2 55 69 6079 6088 6080
12416 2 2 55 69 6080 6088 6089
12417 2 2 55 69 6080 6089 6081
12418 2 2 55 69 6081 6089 6090
12419 2 2 55 69 6081 6090 6082
12420 2 2 55 69 6082 6090 6091
12421 2 2 55 69 6082 6091 6083
12422 2 2 55 69 6083 6091 6092
12423 2 2 55 69 6083 6092 6084
12424 2 2 55 69 6084 6092 6093
12425 2 2 55 69 6084 6093 6085
12426 2 2 55 69 6085 6093 6094
12427 2 2 55 69 6085 6094 6086
12428 2 2 55 69 6086 6094 6095
12429 2 2 55 69 6086 6095 670
12430 2 2 55 69 670 6095 671
12431 2 2 55 69 316 317 6087
12432 2 2 55 69 6087 317 6096
12433 2 2 55 69 6087 6096 6088
12434 2 2 55 69 6088 6096 6097
12435 2 2 55 69 6088 6097 6089
12436 2 2 55 69 6089 6097 6098
12437 2 2 55 69 6089 6098 6090
12438 2 2 55 69 6090 6098 6099
12439 2 2 55 69 6090 6099 6091
12440 2 2 55 69 6091 6099 6100
12441 2 2 55 69 6091 6100 6092
12442 2 2 55 69 6092 6100 6101
12443 2 2 55 69 6092 6101 6093
12444 2 2 55 69 6093 6101 6102
12445 2 2 55 69 6093 6102 6094
12446 2 2 55 69 6094 6102 6103
12447 2 2 55 69 6094 6103 6095
12448 2 2 55 69 6095 6103 6104
12449 2 2 55 69 6095 6104 671
12450 2 2 55 69 671 6104 672
12451 2 2 55 69 317 318 6096
12452 2 2 55 69 6096 318 6105
12453 2 2 55 69 6096 6105 6097
12454 2 2 55 69 6097 6105 6106
12455 2 2 55 69 6097 6106 6098
12456 2 2 55 69 6098 6106 6107
12457 2 2 55 69 6098 6107 6099
12458 2 2 55 69 6099 6107 6108
12459 2 2 55 69 6099 6108 6100
12460 2 2 55 69 6100 6108 6109
12461 2 2 55 69 6100 6109 6101
12462 2 2 55 69 6101 6109 6110
12463 2 2 55 69 6101 6110 6102
12464 2 2 55 69 6102 6110 6111
12465 2 2 55 69 6102 6111 6103
12466 2 2 55 69 6103 6111 6112
12467 2 2 55 69 6103 6112 6104
12468 2 2 55 69 6104 6112 6113
12469 2 2 55 69 6104 6113 672
12470 2 2 55 69 672 6113 673
12471 2 2 55 69 318 319 6105
12472 2 2 55 69 6105 319 6114
12473 2 2 55 69 6105 6114 6106
12474 2 2 55 69 6106 6114 6115
12475 2 2 55 69 6106 6115 6107
12476 2 2 55 69 6107 6115 6116
12477 2 2 55 69 6107 6116 6108
12478 2 2 55 69 6108 6116 6117
12479 2 2 55 69 6108 6117 6109
12480 2 2 55 69 6109 6117 6118
12481 2 2 55 69 6109 6118 6110
12482 2 2 55 69 6110 6118 6119
12483 2 2 55 69 6110 6119 6111
12484 2 2 55 69 6111 6119 6120
12485 2 2 55 69 6111 6120 6112
12486 2 2 55 69 6112 6120 6121
12487 2 2 55 69 6112 6121 6113
12488 2 2 55 69 6113 6121 6122
12489 2 2 55 69 6113 6122 673
12490 2 2 55 69 673 6122 674
12491 2 2 55 69 319 320 6114
12492 2 2 55 69 6114 320 6123
12493 2 2 55 69 6114 6123 6115
12494 2 2 55 69 6115 6123 6124
12495 2 2 55 69 6115 6124 6116
12496 2 2 55 69 6116 6124 6125
12497 2 2 55 69 6116 6125 6117
12498 2 2 55 69 6117 6125 6126
12499 2 2 55 69 6117 6126 6118
12500 2 2 55 69 6118 6126 6127
12501 2 2 55 69 6118 6127 6119
12502 2 2 55 69 6119 6127 6128
12503 2 2 55 69 6119 6128 6120
12504 2 2 55 69 6120 6128 6129
12505 2 2 55 69 6120 6129 6121
12506 2 2 55 69 6121 6129 6130
12507 2 2 55 69 6121 6130 6122
12508 2 2 55 69 6122 6130 6131
12509 2 2 55 69 6122 6131 674
12510 2 2 55 69 674 6131 675
12511 2 2 55 69 320 321 6123
12512 2 2 55 69 6123 321 6132
12513 2 2 55 69 6123 6132 6124
12514 2 2 55 69 6124 6132 6133
12515 2 2 55 69 6124 6133 6125
12516 2 2 55 69 6125 6133 6134
12517 2 2 55 69 6125 6134 6126
12518 2 2 55 69 6126 6134 6135
12519 2 2 55 69 6126 6135 6127
12520 2 2 55 69 6127 6135 6136
12521 2 2 55 69 6127 6136 6128
12522 2 2 55 69 6128 6136 6137
12523 2 2 55 69 6128 6137 6129
12524 2 2 55 69 6129 6137 6138
12525 2 2 55 69 6129 6138 6130
12526 2 2 55 69 6130 6138 6139
12527 2 2 55 69 6130 6139 6131
12528 2 2 55 69 6131 6139 6140
12529 2 2 55 69 6131 6140 675
12530 2 2 55 69 675 6140 676
12531 2 2 55 69 321 5 6132
12532 2 2 55 69 6132 5 631
12533 2 2 55 69 6132 631 6133
12534 2 2 55 69 6133 631 632
12535 2 2 55 69 6133 632 6134
12536 2 2 55 69 6134 632 633
12537 2 2 55 69 6134 633 6135
12538 2 2 55 69 6135 633 634
12539 2 2 55 69 6135 634 6136
12540 2 2 55 69 6136 634 635
12541 2 2 55 69 6136 635 6137
12542 2 2 55 69 6137 635 636
12543 2 2 55 69 6137 636 6138
12544 2 2 55 69 6138 636 637
12545 2 2 55 69 6138 637 6139
12546 2 2 55 69 6139 637 638
12547 2 2 55 69 6139 638 6140
12548 2 2 55 69 6140 638 639
12549 2 2 55 69 6140 639 676
12550 2 2 55 69 676 639 19
12551 2 2 56 70 6143 6283 6288
12552 2 2 56 70 6241 6300 6259
12553 2 2 56 70 6211 6352 6345
12554 2 2 56 70 6309 6345 6352
12555 2 2 56 70 6165 6442 6267
12556 2 2 56 70 6210 6334 6344
12557 2 2 56 70 6209 6343 6333
12558 2 2 56 70 6165 6267 6439
12559 2 2 56 70 6167 6279 6302
12560 2 2 56 70 6215 6346 6217
12561 2 2 56 70 6218 6220 6347
12562 2 2 56 70 6274 6395 6398
12563 2 2 56 70 6215 6429 6346
12564 2 2 56 70 6218 6347 6430
12565 2 2 56 70 6159 6357 6293
12566 2 2 56 70 6259 6300 6264
12567 2 2 56 70 6427 6422 6149
12568 2 2 56 70 6198 6210 6344
12569 2 2 56 70 6197 6343 6209
12570 2 2 56 70 6176 6314 6306
12571 2 2 56 70 6264 6440 6436
12572 2 2 56 70 6306 6314 6363
12573 2 2 56 70 6257 6293 6357
12574 2 2 56 70 6267 6442 6355
12575 2 2 56 70 6240 6291 6412
12576 2 2 56 70 6291 6348 6412
12577 2 2 56 70 6266 6422 6427
12578 2 2 56 70 6298 6436 6440
12579 2 2 56 70 6144 6431 6437
12580 2 2 56 70 6167 6358 6279
12581 2 2 56 70 6176 6302 6354
12582 2 2 56 70 6143 6288 6289
12583 2 2 56 70 6146 6408 6409
12584 2 2 56 70 6282 6437 6431
12585 2 2 56 70 6265 6409 6408
12586 2 2 56 70 6276 6378 6289
12587 2 2 56 70 6159 6309 6290
12588 2 2 56 70 28 6453 6351
12589 2 2 56 70 755 6289 756
12590 2 2 56 70 6216 6392 6311
12591 2 2 56 70 6219 6313 6393
12592 2 2 56 70 6155 6375 6303
12593 2 2 56 70 6156 6304 6374
12594 2 2 56 70 6143 6305 6283
12595 2 2 56 70 6146 6281 6408
12596 2 2 56 70 6304 6417 6374
12597 2 2 56 70 6303 6375 6418
12598 2 2 56 70 6284 6349 6428
12599 2 2 56 70 28 6351 1049
12600 2 2 56 70 6253 6284 6428
12601 2 2 56 70 6162 6398 6395
12602 2 2 56 70 598 6256 599
12603 2 2 56 70 6216 6311 6310
12604 2 2 56 70 6219 6312 6313
12605 2 2 56 70 6279 6354 6302
12606 2 2 56 70 755 6143 6289
12607 2 2 56 70 6176 6354 6314
12608 2 2 56 70 6290 6309 6352
12609 2 2 56 70 6203 6285 6286
12610 2 2 56 70 6159 6290 6357
12611 2 2 56 70 6146 6400 6281
12612 2 2 56 70 6276 6433 6378
12613 2 2 56 70 6274 6278 6395
12614 2 2 56 70 600 6203 601
12615 2 2 56 70 6273 6288 6283
12616 2 2 56 70 6330 6415 6414
12617 2 2 56 70 6276 6289 6288
12618 2 2 56 70 599 6415 6368
12619 2 2 56 70 25 754 6305
12620 2 2 56 70 6216 6217 6392
12621 2 2 56 70 6219 6393 6220
12622 2 2 56 70 6203 6286 6287
12623 2 2 56 70 6241 6379 6300
12624 2 2 56 70 6209 6333 6429
12625 2 2 56 70 6210 6430 6334
12626 2 2 56 70 6153 6187 6308
12627 2 2 56 70 6154 6307 6179
12628 2 2 56 70 6237 6406 6420
12629 2 2 56 70 1040 1041 6404
12630 2 2 56 70 1044 1045 6407
12631 2 2 56 70 6275 6315 6423
12632 2 2 56 70 6142 6153 6308
12633 2 2 56 70 598 6445 6256
12634 2 2 56 70 6141 6307 6154
12635 2 2 56 70 6149 6284 6427
12636 2 2 56 70 6390 6391 6416
12637 2 2 56 70 26 6344 723
12638 2 2 56 70 24 705 6343
12639 2 2 56 70 6277 6423 6315
12640 2 2 56 70 6253 6292 6254
12641 2 2 56 70 25 6305 6143
12642 2 2 56 70 6226 6402 6228
12643 2 2 56 70 6264 6300 6440
12644 2 2 56 70 6144 6291 6431
12645 2 2 56 70 773 6163 6296
12646 2 2 56 70 784 6293 6166
12647 2 2 56 70 779 6164 6295
12648 2 2 56 70 781 6165 6294
12649 2 2 56 70 775 6161 6299
12650 2 2 56 70 777 6162 6297
12651 2 2 56 70 782 6301 6165
12652 2 2 56 70 771 6167 6302
12653 2 2 56 70 6300 6379 6425
12654 2 2 56 70 6226 6449 6402
12655 2 2 56 70 6255 6442 6441
12656 2 2 56 70 6285 6435 6286
12657 2 2 56 70 769 6176 6306
12658 2 2 56 70 601 6203 6448
12659 2 2 56 70 6161 6297 6298
12660 2 2 56 70 6163 6299 6300
12661 2 2 56 70 6163 6300 6425
12662 2 2 56 70 6327 6392 6367
12663 2 2 56 70 6271 6288 6273
12664 2 2 56 70 6248 6390 6416
12665 2 2 56 70 6273 6283 6275
12666 2 2 56 70 6269 6276 6271
12667 2 2 56 70 6205 6230 6281
12668 2 2 56 70 6201 6280 6226
12669 2 2 56 70 6232 6234 6265
12670 2 2 56 70 6245 6266 6249
12671 2 2 56 70 6240 6258 6291
12672 2 2 56 70 6251 6284 6253
12673 2 2 56 70 6260 6262 6282
12674 2 2 56 70 6415 6256 6414
12675 2 2 56 70 6254 6292 6269
12676 2 2 56 70 6275 6283 6315
12677 2 2 56 70 6161 6298 6440
12678 2 2 56 70 6280 6307 6376
12679 2 2 56 70 6281 6377 6308
12680 2 2 56 70 6225 6368 6415
12681 2 2 56 70 6187 6205 6308
12682 2 2 56 70 6179 6307 6201
12683 2 2 56 70 787 6345 6309
12684 2 2 56 70 6271 6276 6288
12685 2 2 56 70 28 6306 6453
12686 2 2 56 70 6298 6395 6447
12687 2 2 56 70 6269 6292 6276
12688 2 2 56 70 6165 6439 6294
12689 2 2 56 70 6342 6370 6393
12690 2 2 56 70 772 6296 6167
12691 2 2 56 70 778 6295 6162
12692 2 2 56 70 785 6159 6293
12693 2 2 56 70 776 6297 6161
12694 2 2 56 70 774 6299 6163
12695 2 2 56 70 780 6294 6164
12696 2 2 56 70 783 6166 6301
12697 2 2 56 70 786 6309 6159
12698 2 2 56 70 770 6302 6176
12699 2 2 56 70 6172 6455 6287
12700 2 2 56 70 28 769 6306
12701 2 2 56 70 6209 6429 6215
12702 2 2 56 70 6210 6218 6430
12703 2 2 56 70 698 6311 6183
12704 2 2 56 70 734 6182 6313
12705 2 2 56 70 6236 6426 6403
12706 2 2 56 70 6172 6287 6413
12707 2 2 56 70 23 6155 696
12708 2 2 56 70 27 732 6156
12709 2 2 56 70 6297 6395 6298
12710 2 2 56 70 6201 6307 6280
12711 2 2 56 70 6205 6281 6308
12712 2 2 56 70 6245 6372 6266
12713 2 2 56 70 771 772 6167
12714 2 2 56 70 785 786 6159
12715 2 2 56 70 783 784 6166
12716 2 2 56 70 773 774 6163
12717 2 2 56 70 775 776 6161
12718 2 2 56 70 777 778 6162
12719 2 2 56 70 781 782 6165
12720 2 2 56 70 779 780 6164
12721 2 2 56 70 769 770 6176
12722 2 2 56 70 1036 1037 6248
12723 2 2 56 70 1041 6222 6404
12724 2 2 56 70 1044 6407 6221
12725 2 2 56 70 1038 1039 6200
12726 2 2 56 70 1046 1047 6199
12727 2 2 56 70 1041 1042 6222
12728 2 2 56 70 1043 1044 6221
12729 2 2 56 70 6281 6400 6377
12730 2 2 56 70 6280 6376 6399
12731 2 2 56 70 6211 6345 6353
12732 2 2 56 70 6299 6440 6300
12733 2 2 56 70 6149 6438 6284
12734 2 2 56 70 6230 6408 6281
12735 2 2 56 70 6273 6275 6274
12736 2 2 56 70 6271 6273 6272
12737 2 2 56 70 772 773 6296
12738 2 2 56 70 778 779 6295
12739 2 2 56 70 784 785 6293
12740 2 2 56 70 774 775 6299
12741 2 2 56 70 780 781 6294
12742 2 2 56 70 776 777 6297
12743 2 2 56 70 782 783 6301
12744 2 2 56 70 770 771 6302
12745 2 2 56 70 786 787 6309
12746 2 2 56 70 6269 6271 6270
12747 2 2 56 70 6232 6265 6408
12748 2 2 56 70 6230 6231 6232
12749 2 2 56 70 6226 6228 6227
12750 2 2 56 70 6232 6233 6234
12751 2 2 56 70 6228 6243 6229
12752 2 2 56 70 6234 6235 6238
12753 2 2 56 70 6243 6245 6244
12754 2 2 56 70 6205 6206 6230
12755 2 2 56 70 6238 6239 6240
12756 2 2 56 70 6245 6249 6246
12757 2 2 56 70 6249 6251 6250
12758 2 2 56 70 6240 6241 6258
12759 2 2 56 70 6251 6253 6252
12760 2 2 56 70 6258 6259 6260
12761 2 2 56 70 6260 6261 6262
12762 2 2 56 70 6262 6263 6277
12763 2 2 56 70 6201 6226 6202
12764 2 2 56 70 732 6312 6156
12765 2 2 56 70 696 6155 6310
12766 2 2 56 70 6182 6335 6342
12767 2 2 56 70 697 6311 698
12768 2 2 56 70 733 734 6313
12769 2 2 56 70 705 706 6333
12770 2 2 56 70 706 6168 6333
12771 2 2 56 70 724 6334 6169
12772 2 2 56 70 723 6334 724
12773 2 2 56 70 6254 6269 6268
12774 2 2 56 70 6167 6454 6358
12775 2 2 56 70 697 6310 6311
12776 2 2 56 70 733 6313 6312
12777 2 2 56 70 6301 6441 6442
12778 2 2 56 70 6179 6201 6196
12779 2 2 56 70 6187 6204 6205
12780 2 2 56 70 6217 6367 6392
12781 2 2 56 70 6318 6319 6320
12782 2 2 56 70 756 6289 6378
12783 2 2 56 70 6199 6420 6406
12784 2 2 56 70 6249 6266 6427
12785 2 2 56 70 6258 6431 6291
12786 2 2 56 70 6257 6456 6293
12787 2 2 56 70 6251 6427 6284
12788 2 2 56 70 600 6285 6203
12789 2 2 56 70 6318 6342 6335
12790 2 2 56 70 6260 6282 6431
12791 2 2 56 70 6266 6372 6366
12792 2 2 56 70 699 6328 700
12793 2 2 56 70 6318 6320 6342
12794 2 2 56 70 6184 6323 6322
12795 2 2 56 70 6323 6325 6324
12796 2 2 56 70 699 6183 6328
12797 2 2 56 70 700 6328 6184
12798 2 2 56 70 732 733 6312
12799 2 2 56 70 696 6310 697
12800 2 2 56 70 6183 6327 6328
12801 2 2 56 70 6220 6393 6370
12802 2 2 56 70 6323 6327 6325
12803 2 2 56 70 705 6333 6343
12804 2 2 56 70 723 6344 6334
12805 2 2 56 70 6322 6323 6324
12806 2 2 56 70 6184 6328 6323
12807 2 2 56 70 700 6184 701
12808 2 2 56 70 702 6321 6186
12809 2 2 56 70 736 737 6316
12810 2 2 56 70 710 6173 6331
12811 2 2 56 70 735 736 6335
12812 2 2 56 70 735 6335 6182
12813 2 2 56 70 736 6316 6335
12814 2 2 56 70 6184 6322 6321
12815 2 2 56 70 707 708 6339
12816 2 2 56 70 710 711 6173
12817 2 2 56 70 708 709 6171
12818 2 2 56 70 726 6170 727
12819 2 2 56 70 707 6339 6168
12820 2 2 56 70 737 738 6172
12821 2 2 56 70 708 6171 6339
12822 2 2 56 70 725 6169 6338
12823 2 2 56 70 725 6338 726
12824 2 2 56 70 709 710 6331
12825 2 2 56 70 726 6338 6170
12826 2 2 56 70 729 6185 730
12827 2 2 56 70 702 6186 703
12828 2 2 56 70 706 707 6168
12829 2 2 56 70 724 6169 725
12830 2 2 56 70 734 735 6182
12831 2 2 56 70 698 6183 699
12832 2 2 56 70 701 6321 702
12833 2 2 56 70 737 6172 6316
12834 2 2 56 70 701 6184 6321
12835 2 2 56 70 709 6331 6171
12836 2 2 56 70 728 6336 729
12837 2 2 56 70 729 6336 6185
12838 2 2 56 70 6323 6328 6327
12839 2 2 56 70 6316 6318 6335
12840 2 2 56 70 727 6332 728
12841 2 2 56 70 727 6170 6332
12842 2 2 56 70 728 6332 6336
12843 2 2 56 70 6216 6310 6410
12844 2 2 56 70 6219 6411 6312
12845 2 2 56 70 6262 6419 6282
12846 2 2 56 70 6234 6382 6265
12847 2 2 56 70 6317 6319 6318
12848 2 2 56 70 6144 6434 6291
12849 2 2 56 70 6186 6321 6329
12850 2 2 56 70 6321 6322 6329
12851 2 2 56 70 6274 6275 6278
12852 2 2 56 70 6272 6273 6274
12853 2 2 56 70 6270 6271 6272
12854 2 2 56 70 600 6359 6285
12855 2 2 56 70 6206 6231 6230
12856 2 2 56 70 6202 6226 6227
12857 2 2 56 70 6231 6233 6232
12858 2 2 56 70 6227 6228 6229
12859 2 2 56 70 6233 6235 6234
12860 2 2 56 70 6229 6243 6244
12861 2 2 56 70 6235 6239 6238
12862 2 2 56 70 6244 6245 6246
12863 2 2 56 70 6246 6249 6250
12864 2 2 56 70 6239 6241 6240
12865 2 2 56 70 6250 6251 6252
12866 2 2 56 70 6241 6259 6258
12867 2 2 56 70 6252 6253 6254
12868 2 2 56 70 6259 6261 6260
12869 2 2 56 70 6261 6263 6262
12870 2 2 56 70 6268 6269 6270
12871 2 2 56 70 6316 6317 6318
12872 2 2 56 70 6168 6339 6346
12873 2 2 56 70 6169 6347 6338
12874 2 2 56 70 6196 6201 6202
12875 2 2 56 70 29 6345 787
12876 2 2 56 70 6204 6206 6205
12877 2 2 56 70 6207 6213 6303
12878 2 2 56 70 6208 6304 6214
12879 2 2 56 70 6286 6413 6287
12880 2 2 56 70 6188 6364 6194
12881 2 2 56 70 6189 6195 6365
12882 2 2 56 70 6283 6305 6315
12883 2 2 56 70 6172 6317 6316
12884 2 2 56 70 6322 6324 6326
12885 2 2 56 70 6278 6447 6395
12886 2 2 56 70 6317 6341 6319
12887 2 2 56 70 6188 6207 6364
12888 2 2 56 70 6189 6365 6208
12889 2 2 56 70 754 6369 6305
12890 2 2 56 70 599 6256 6415
12891 2 2 56 70 6218 6219 6220
12892 2 2 56 70 6215 6217 6216
12893 2 2 56 70 26 768 6141
12894 2 2 56 70 24 6142 741
12895 2 2 56 70 6322 6326 6329
12896 2 2 56 70 752 6145 753
12897 2 2 56 70 760 6149 761
12898 2 2 56 70 743 6146 744
12899 2 2 56 70 746 6147 747
12900 2 2 56 70 757 6148 758
12901 2 2 56 70 763 6150 764
12902 2 2 56 70 765 6160 766
12903 2 2 56 70 25 6143 755
12904 2 2 56 70 749 6144 750
12905 2 2 56 70 764 6350 765
12906 2 2 56 70 758 6349 759
12907 2 2 56 70 747 6348 748
12908 2 2 56 70 6238 6240 6412
12909 2 2 56 70 6228 6389 6243
12910 2 2 56 70 6200 6403 6426
12911 2 2 56 70 6183 6392 6327
12912 2 2 56 70 6162 6295 6398
12913 2 2 56 70 6153 6177 6187
12914 2 2 56 70 6154 6179 6178
12915 2 2 56 70 6151 6174 6157
12916 2 2 56 70 6152 6158 6175
12917 2 2 56 70 6214 6219 6218
12918 2 2 56 70 6213 6215 6216
12919 2 2 56 70 6170 6384 6386
12920 2 2 56 70 6253 6428 6292
12921 2 2 56 70 6265 6382 6360
12922 2 2 56 70 6179 6196 6192
12923 2 2 56 70 6254 6268 6267
12924 2 2 56 70 6282 6419 6396
12925 2 2 56 70 6187 6190 6204
12926 2 2 56 70 6181 6224 6195
12927 2 2 56 70 6180 6194 6223
12928 2 2 56 70 745 6360 746
12929 2 2 56 70 6256 6445 6340
12930 2 2 56 70 1043 6221 6375
12931 2 2 56 70 1042 6374 6222
12932 2 2 56 70 6178 6192 6193
12933 2 2 56 70 6177 6191 6190
12934 2 2 56 70 6162 6395 6297
12935 2 2 56 70 6174 6188 6180
12936 2 2 56 70 6175 6181 6189
12937 2 2 56 70 753 6369 754
12938 2 2 56 70 6182 6342 6393
12939 2 2 56 70 6210 6214 6218
12940 2 2 56 70 6209 6215 6213
12941 2 2 56 70 24 6151 6142
12942 2 2 56 70 26 6141 6152
12943 2 2 56 70 6141 6376 6307
12944 2 2 56 70 6142 6308 6377
12945 2 2 56 70 6208 6214 6210
12946 2 2 56 70 6207 6209 6213
12947 2 2 56 70 6164 6388 6295
12948 2 2 56 70 6202 6227 6290
12949 2 2 56 70 6231 6279 6233
12950 2 2 56 70 703 6340 704
12951 2 2 56 70 703 6186 6340
12952 2 2 56 70 6229 6244 6257
12953 2 2 56 70 6235 6242 6239
12954 2 2 56 70 6246 6250 6255
12955 2 2 56 70 6252 6254 6267
12956 2 2 56 70 6259 6264 6261
12957 2 2 56 70 6204 6314 6206
12958 2 2 56 70 756 6378 757
12959 2 2 56 70 6177 6190 6187
12960 2 2 56 70 6180 6188 6194
12961 2 2 56 70 6181 6195 6189
12962 2 2 56 70 6191 6247 6212
12963 2 2 56 70 6178 6179 6192
12964 2 2 56 70 711 712 6337
12965 2 2 56 70 711 6337 6173
12966 2 2 56 70 6192 6196 6211
12967 2 2 56 70 6157 6174 6180
12968 2 2 56 70 6158 6181 6175
12969 2 2 56 70 6190 6191 6212
12970 2 2 56 70 6207 6303 6364
12971 2 2 56 70 6208 6365 6304
12972 2 2 56 70 6200 6391 6390
12973 2 2 56 70 6195 6224 6236
12974 2 2 56 70 6194 6237 6223
12975 2 2 56 70 6339 6371 6346
12976 2 2 56 70 6325 6327 6367
12977 2 2 56 70 6151 6157 6153
12978 2 2 56 70 6152 6154 6158
12979 2 2 56 70 6171 6373 6371
12980 2 2 56 70 6236 6403 6404
12981 2 2 56 70 6237 6407 6406
12982 2 2 56 70 6164 6294 6424
12983 2 2 56 70 6154 6178 6158
12984 2 2 56 70 6153 6157 6177
12985 2 2 56 70 762 6366 763
12986 2 2 56 70 1040 6404 6403
12987 2 2 56 70 1045 6406 6407
12988 2 2 56 70 6212 6247 6351
12989 2 2 56 70 6248 6416 6353
12990 2 2 56 70 765 6350 6160
12991 2 2 56 70 764 6150 6350
12992 2 2 56 70 758 6148 6349
12993 2 2 56 70 747 6147 6348
12994 2 2 56 70 6142 6151 6153
12995 2 2 56 70 6141 6154 6152
12996 2 2 56 70 6320 6386 6384
12997 2 2 56 70 6175 6189 6198
12998 2 2 56 70 6174 6197 6188
12999 2 2 56 70 751 6396 752
13000 2 2 56 70 6325 6371 6373
13001 2 2 56 70 746 6360 6147
13002 2 2 56 70 6305 6369 6315
13003 2 2 56 70 23 6375 6155
13004 2 2 56 70 27 6156 6374
13005 2 2 56 70 6217 6346 6367
13006 2 2 56 70 751 6437 6396
13007 2 2 56 70 6203 6385 6448
13008 2 2 56 70 6320 6370 6342
13009 2 2 56 70 23 1043 6375
13010 2 2 56 70 27 6374 1042
13011 2 2 56 70 6198 6208 6210
13012 2 2 56 70 6197 6209 6207
13013 2 2 56 70 6196 6202 6352
13014 2 2 56 70 6170 6338 6384
13015 2 2 56 70 6166 6293 6456
13016 2 2 56 70 6169 6430 6347
13017 2 2 56 70 6168 6346 6429
13018 2 2 56 70 6171 6371 6339
13019 2 2 56 70 763 6366 6150
13020 2 2 56 70 6206 6354 6231
13021 2 2 56 70 6250 6252 6355
13022 2 2 56 70 6244 6246 6356
13023 2 2 56 70 6227 6229 6357
13024 2 2 56 70 6233 6358 6235
13025 2 2 56 70 6165 6301 6442
13026 2 2 56 70 6189 6208 6198
13027 2 2 56 70 6188 6197 6207
13028 2 2 56 70 6161 6440 6299
13029 2 2 56 70 6234 6238 6382
13030 2 2 56 70 6196 6352 6211
13031 2 2 56 70 6178 6193 6362
13032 2 2 56 70 6177 6361 6191
13033 2 2 56 70 6181 6362 6224
13034 2 2 56 70 6180 6223 6361
13035 2 2 56 70 6163 6425 6296
13036 2 2 56 70 768 6376 6141
13037 2 2 56 70 741 6142 6377
13038 2 2 56 70 6190 6363 6204
13039 2 2 56 70 6326 6330 6329
13040 2 2 56 70 6220 6370 6347
13041 2 2 56 70 767 6376 768
13042 2 2 56 70 6324 6325 6373
13043 2 2 56 70 741 6377 742
13044 2 2 56 70 6346 6371 6367
13045 2 2 56 70 6338 6347 6384
13046 2 2 56 70 6171 6331 6373
13047 2 2 56 70 6243 6372 6245
13048 2 2 56 70 6204 6363 6314
13049 2 2 56 70 15 6445 598
13050 2 2 56 70 6202 6290 6352
13051 2 2 56 70 6183 6311 6392
13052 2 2 56 70 6182 6393 6313
13053 2 2 56 70 6191 6361 6397
13054 2 2 56 70 6158 6362 6181
13055 2 2 56 70 6157 6180 6361
13056 2 2 56 70 6158 6178 6362
13057 2 2 56 70 6157 6361 6177
13058 2 2 56 70 6206 6314 6354
13059 2 2 56 70 6155 6303 6410
13060 2 2 56 70 6156 6411 6304
13061 2 2 56 70 6227 6357 6290
13062 2 2 56 70 6233 6279 6358
13063 2 2 56 70 6244 6356 6257
13064 2 2 56 70 6250 6355 6255
13065 2 2 56 70 6231 6354 6279
13066 2 2 56 70 6252 6267 6355
13067 2 2 56 70 6246 6255 6356
13068 2 2 56 70 6229 6257 6357
13069 2 2 56 70 6235 6358 6242
13070 2 2 56 70 6213 6216 6410
13071 2 2 56 70 6214 6411 6219
13072 2 2 56 70 6203 6287 6385
13073 2 2 56 70 7 731 6359
13074 2 2 56 70 6345 6451 6353
13075 2 2 56 70 14 601 6448
13076 2 2 56 70 6190 6212 6363
13077 2 2 56 70 1037 6390 6248
13078 2 2 56 70 6324 6373 6383
13079 2 2 56 70 6223 6397 6361
13080 2 2 56 70 6173 6383 6331
13081 2 2 56 70 753 6145 6369
13082 2 2 56 70 6331 6383 6373
13083 2 2 56 70 1038 6200 6390
13084 2 2 56 70 6319 6386 6320
13085 2 2 56 70 1047 6405 6199
13086 2 2 56 70 1039 6403 6200
13087 2 2 56 70 1046 6199 6406
13088 2 2 56 70 766 6160 6399
13089 2 2 56 70 743 6400 6146
13090 2 2 56 70 6224 6452 6426
13091 2 2 56 70 6286 6341 6413
13092 2 2 56 70 744 6146 6409
13093 2 2 56 70 6230 6232 6408
13094 2 2 56 70 6170 6386 6332
13095 2 2 56 70 712 713 6225
13096 2 2 56 70 6286 6394 6341
13097 2 2 56 70 6325 6367 6371
13098 2 2 56 70 6239 6242 6379
13099 2 2 56 70 6332 6387 6336
13100 2 2 56 70 6150 6366 6372
13101 2 2 56 70 6228 6402 6389
13102 2 2 56 70 757 6378 6148
13103 2 2 56 70 6172 6413 6317
13104 2 2 56 70 6255 6355 6442
13105 2 2 56 70 29 6451 6345
13106 2 2 56 70 745 6409 6360
13107 2 2 56 70 6332 6386 6387
13108 2 2 56 70 6291 6434 6348
13109 2 2 56 70 6239 6379 6241
13110 2 2 56 70 24 6343 6443
13111 2 2 56 70 26 6444 6344
13112 2 2 56 70 9 6368 713
13113 2 2 56 70 6324 6383 6326
13114 2 2 56 70 761 6149 6422
13115 2 2 56 70 738 6455 6172
13116 2 2 56 70 739 740 6385
13117 2 2 56 70 6226 6280 6449
13118 2 2 56 70 730 6185 6421
13119 2 2 56 70 6185 6336 6394
13120 2 2 56 70 6319 6341 6387
13121 2 2 56 70 6319 6387 6386
13122 2 2 56 70 15 704 6445
13123 2 2 56 70 1036 6248 6451
13124 2 2 56 70 766 6399 767
13125 2 2 56 70 742 6400 743
13126 2 2 56 70 6211 6353 6432
13127 2 2 56 70 6160 6449 6399
13128 2 2 56 70 6336 6387 6394
13129 2 2 56 70 749 6434 6144
13130 2 2 56 70 748 6348 6434
13131 2 2 56 70 1037 1038 6390
13132 2 2 56 70 1047 1048 6405
13133 2 2 56 70 1039 1040 6403
13134 2 2 56 70 1045 1046 6406
13135 2 2 56 70 750 6144 6437
13136 2 2 56 70 760 6438 6149
13137 2 2 56 70 759 6349 6438
13138 2 2 56 70 6347 6370 6384
13139 2 2 56 70 6270 6272 6388
13140 2 2 56 70 6147 6360 6382
13141 2 2 56 70 6195 6380 6365
13142 2 2 56 70 6194 6364 6381
13143 2 2 56 70 6155 6410 6310
13144 2 2 56 70 6156 6312 6411
13145 2 2 56 70 6247 6405 6457
13146 2 2 56 70 767 6399 6376
13147 2 2 56 70 742 6377 6400
13148 2 2 56 70 6185 6435 6421
13149 2 2 56 70 6353 6416 6432
13150 2 2 56 70 14 6448 740
13151 2 2 56 70 6222 6380 6404
13152 2 2 56 70 6221 6407 6381
13153 2 2 56 70 6194 6381 6237
13154 2 2 56 70 6195 6236 6380
13155 2 2 56 70 6294 6439 6424
13156 2 2 56 70 6173 6401 6383
13157 2 2 56 70 6391 6426 6452
13158 2 2 56 70 6276 6292 6433
13159 2 2 56 70 762 6422 6366
13160 2 2 56 70 6248 6353 6451
13161 2 2 56 70 744 6409 745
13162 2 2 56 70 6320 6384 6370
13163 2 2 56 70 6167 6296 6454
13164 2 2 56 70 6150 6372 6389
13165 2 2 56 70 6306 6363 6453
13166 2 2 56 70 752 6396 6145
13167 2 2 56 70 6272 6274 6398
13168 2 2 56 70 6166 6441 6301
13169 2 2 56 70 6341 6394 6387
13170 2 2 56 70 6262 6277 6419
13171 2 2 56 70 6150 6389 6350
13172 2 2 56 70 6261 6264 6436
13173 2 2 56 70 6236 6404 6380
13174 2 2 56 70 6237 6381 6407
13175 2 2 56 70 6282 6396 6437
13176 2 2 56 70 6192 6211 6432
13177 2 2 56 70 6191 6397 6247
13178 2 2 56 70 6249 6427 6251
13179 2 2 56 70 6326 6383 6401
13180 2 2 56 70 6263 6423 6277
13181 2 2 56 70 24 6443 6151
13182 2 2 56 70 26 6152 6444
13183 2 2 56 70 6258 6260 6431
13184 2 2 56 70 712 6225 6337
13185 2 2 56 70 1048 1049 6457
13186 2 2 56 70 6272 6398 6388
13187 2 2 56 70 6160 6350 6402
13188 2 2 56 70 6284 6438 6349
13189 2 2 56 70 6304 6365 6417
13190 2 2 56 70 6303 6418 6364
13191 2 2 56 70 6247 6450 6405
13192 2 2 56 70 6265 6360 6409
13193 2 2 56 70 6186 6414 6340
13194 2 2 56 70 6175 6198 6444
13195 2 2 56 70 6174 6443 6197
13196 2 2 56 70 6186 6329 6414
13197 2 2 56 70 6223 6237 6420
13198 2 2 56 70 6213 6410 6303
13199 2 2 56 70 6214 6304 6411
13200 2 2 56 70 6147 6382 6412
13201 2 2 56 70 6173 6337 6401
13202 2 2 56 70 730 6421 731
13203 2 2 56 70 6275 6423 6278
13204 2 2 56 70 6317 6413 6341
13205 2 2 56 70 6200 6426 6391
13206 2 2 56 70 6350 6389 6402
13207 2 2 56 70 761 6422 762
13208 2 2 56 70 6168 6429 6333
13209 2 2 56 70 6169 6334 6430
13210 2 2 56 70 6212 6453 6363
13211 2 2 56 70 6247 6457 6351
13212 2 2 56 70 6266 6366 6422
13213 2 2 56 70 6329 6330 6414
13214 2 2 56 70 6280 6399 6449
13215 2 2 56 70 6270 6388 6424
13216 2 2 56 70 6263 6447 6423
13217 2 2 56 70 6147 6412 6348
13218 2 2 56 70 6243 6389 6372
13219 2 2 56 70 6238 6412 6382
13220 2 2 56 70 6193 6416 6452
13221 2 2 56 70 6277 6315 6446
13222 2 2 56 70 6326 6401 6330
13223 2 2 56 70 6198 6344 6444
13224 2 2 56 70 6197 6443 6343
13225 2 2 56 70 731 6421 6359
13226 2 2 56 70 748 6434 749
13227 2 2 56 70 6295 6388 6398
13228 2 2 56 70 1049 6351 6457
13229 2 2 56 70 29 1036 6451
13230 2 2 56 70 6268 6270 6424
13231 2 2 56 70 713 6368 6225
13232 2 2 56 70 6222 6417 6380
13233 2 2 56 70 6221 6381 6418
13234 2 2 56 70 750 6437 751
13235 2 2 56 70 739 6385 6455
13236 2 2 56 70 759 6438 760
13237 2 2 56 70 6256 6340 6414
13238 2 2 56 70 6164 6424 6388
13239 2 2 56 70 6391 6452 6416
13240 2 2 56 70 6278 6423 6447
13241 2 2 56 70 6222 6374 6417
13242 2 2 56 70 6221 6418 6375
13243 2 2 56 70 6224 6426 6236
13244 2 2 56 70 6261 6436 6263
13245 2 2 56 70 6192 6432 6193
13246 2 2 56 70 6268 6424 6439
13247 2 2 56 70 6151 6443 6174
13248 2 2 56 70 6152 6175 6444
13249 2 2 56 70 6148 6428 6349
13250 2 2 56 70 738 739 6455
13251 2 2 56 70 6365 6380 6417
13252 2 2 56 70 6364 6418 6381
13253 2 2 56 70 6267 6268 6439
13254 2 2 56 70 6242 6454 6425
13255 2 2 56 70 6242 6425 6379
13256 2 2 56 70 6224 6362 6452
13257 2 2 56 70 6212 6351 6453
13258 2 2 56 70 6223 6420 6397
13259 2 2 56 70 6145 6396 6419
13260 2 2 56 70 6148 6433 6428
13261 2 2 56 70 6285 6421 6435
13262 2 2 56 70 6145 6419 6446
13263 2 2 56 70 704 6340 6445
13264 2 2 56 70 6285 6359 6421
13265 2 2 56 70 6277 6446 6419
13266 2 2 56 70 6315 6369 6446
13267 2 2 56 70 6148 6378 6433
13268 2 2 56 70 6225 6415 6458
13269 2 2 56 70 6296 6425 6454
13270 2 2 56 70 6193 6432 6416
13271 2 2 56 70 6287 6455 6385
13272 2 2 56 70 6225 6458 6337
13273 2 2 56 70 6255 6441 6356
13274 2 2 56 70 6286 6435 6394
13275 2 2 56 70 6193 6452 6362
13276 2 2 56 70 6292 6428 6433
13277 2 2 56 70 6242 6358 6454
13278 2 2 56 70 6145 6446 6369
13279 2 2 56 70 6330 6458 6415
13280 2 2 56 70 6185 6394 6435
13281 2 2 56 70 6257 6356 6456
13282 2 2 56 70 6247 6397 6450
13283 2 2 56 70 6199 6405 6450
13284 2 2 56 70 740 6448 6385
13285 2 2 56 70 6160 6402 6449
13286 2 2 56 70 6356 6441 6456
13287 2 2 56 70 1048 6457 6405
13288 2 2 56 70 6166 6456 6441
13289 2 2 56 70 6397 6420 6450
13290 2 2 56 70 6337 6458 6401
13291 2 2 56 70 6199 6450 6420
13292 2 2 56 70 6263 6436 6447
13293 2 2 56 70 6330 6401 6458
13294 2 2 56 70 6298 6447 6436
13295 2 2 56 70 7 6359 600
13296 2 2 56 70 9 599 6368
13297 2 2 57 71 8 349 6459
13298 2 2 57 71 6459 722 8
13299 2 2 57 71 722 6459 6460
13300 2 2 57 71 6460 721 722
13301 2 2 57 71 721 6460 6461
13302 2 2 57 71 6461 720 721
13303 2 2 57 71 720 6461 6462
13304 2 2 57 71 6462 719 720
13305 2 2 57 71 719 6462 6463
13306 2 2 57 71 6463 718 719
13307 2 2 57 71 718 6463 6464
13308 2 2 57 71 6464 717 718
13309 2 2 57 71 717 6464 6465
13310 2 2 57 71 6465 716 717
13311 2 2 57 71 716 6465 6466
13312 2 2 57 71 6466 715 716
13313 2 2 57 71 715 6466 6467
13314 2 2 57 71 6467 714 715
13315 2 2 57 71 714 6467 754
13316 2 2 57 71 754 25 714
13317 2 2 57 71 349 348 6468
13318 2 2 57 71 6468 6459 349
13319 2 2 57 71 6459 6468 6469
13320 2 2 57 71 6469 6460 6459
13321 2 2 57 71 6460 6469 6470
13322 2 2 57 71 6470 6461 6460
13323 2 2 57 71 6461 6470 6471
13324 2 2 57 71 6471 6462 6461
13325 2 2 57 71 6462 6471 6472
13326 2 2 57 71 6472 6463 6462
13327 2 2 57 71 6463 6472 6473
13328 2 2 57 71 6473 6464 6463
13329 2 2 57 71 6464 6473 6474
13330 2 2 57 71 6474 6465 6464
13331 2 2 57 71 6465 6474 6475
13332 2 2 57 71 6475 6466 6465
13333 2 2 57 71 6466 6475 6476
13334 2 2 57 71 6476 6467 6466
13335 2 2 57 71 6467 6476 753
13336 2 2 57 71 753 754 6467
13337 2 2 57 71 348 347 6477
13338 2 2 57 71 6477 6468 348
13339 2 2 57 71 6468 6477 6478
13340 2 2 57 71 6478 6469 6468
13341 2 2 57 71 6469 6478 6479
13342 2 2 57 71 6479 6470 6469
13343 2 2 57 71 6470 6479 6480
13344 2 2 57 71 6480 6471 6470
13345 2 2 57 71 6471 6480 6481
13346 2 2 57 71 6481 6472 6471
13347 2 2 57 71 6472 6481 6482
13348 2 2 57 71 6482 6473 6472
13349 2 2 57 71 6473 6482 6483
13350 2 2 57 71 6483 6474 6473
13351 2 2 57 71 6474 6483 6484
13352 2 2 57 71 6484 6475 6474
13353 2 2 57 71 6475 6484 6485
13354 2 2 57 71 6485 6476 6475
13355 2 2 57 71 6476 6485 752
13356 2 2 57 71 752 753 6476
13357 2 2 57 71 347 346 6486
13358 2 2 57 71 6486 6477 347
13359 2 2 57 71 6477 6486 6487
13360 2 2 57 71 6487 6478 6477
13361 2 2 57 71 6478 6487 6488
13362 2 2 57 71 6488 6479 6478
13363 2 2 57 71 6479 6488 6489
13364 2 2 57 71 6489 6480 6479
13365 2 2 57 71 6480 6489 6490
13366 2 2 57 71 6490 6481 6480
13367 2 2 57 71 6481 6490 6491
13368 2 2 57 71 6491 6482 6481
13369 2 2 57 71 6482 6491 6492
13370 2 2 57 71 6492 6483 6482
13371 2 2 57 71 6483 6492 6493
13372 2 2 57 71 6493 6484 6483
13373 2 2 57 71 6484 6493 6494
13374 2 2 57 71 6494 6485 6484
13375 2 2 57 71 6485 6494 751
13376 2 2 57 71 751 752 6485
13377 2 2 57 71 346 345 6495
13378 2 2 57 71 6495 6486 346
13379 2 2 57 71 6486 6495 6496
13380 2 2 57 71 6496 6487 6486
13381 2 2 57 71 6487 6496 6497
13382 2 2 57 71 6497 6488 6487
13383 2 2 57 71 6488 6497 6498
13384 2 2 57 71 6498 6489 6488
13385 2 2 57 71 6489 6498 6499
13386 2 2 57 71 6499 6490 6489
13387 2 2 57 71 6490 6499 6500
13388 2 2 57 71 6500 6491 6490
13389 2 2 57 71 6491 6500 6501
13390 2 2 57 71 6501 6492 6491
13391 2 2 57 71 6492 6501 6502
13392 2 2 57 71 6502 6493 6492
13393 2 2 57 71 6493 6502 6503
13394 2 2 57 71 6503 6494 6493
13395 2 2 57 71 6494 6503 750
13396 2 2 57 71 750 751 6494
13397 2 2 57 71 345 344 6504
13398 2 2 57 71 6504 6495 345
13399 2 2 57 71 6495 6504 6505
13400 2 2 57 71 6505 6496 6495
13401 2 2 57 71 6496 6505 6506
13402 2 2 57 71 6506 6497 6496
13403 2 2 57 71 6497 6506 6507
13404 2 2 57 71 6507 6498 6497
13405 2 2 57 71 6498 6507 6508
13406 2 2 57 71 6508 6499 6498
13407 2 2 57 71 6499 6508 6509
13408 2 2 57 71 6509 6500 6499
13409 2 2 57 71 6500 6509 6510
13410 2 2 57 71 6510 6501 6500
13411 2 2 57 71 6501 6510 6511
13412 2 2 57 71 6511 6502 6501
13413 2 2 57 71 6502 6511 6512
13414 2 2 57 71 6512 6503 6502
13415 2 2 57 71 6503 6512 749
13416 2 2 57 71 749 750 6503
13417 2 2 57 71 344 343 6513
13418 2 2 57 71 6513 6504 344
13419 2 2 57 71 6504 6513 6514
13420 2 2 57 71 6514 6505 6504
13421 2 2 57 71 6505 6514 6515
13422 2 2 57 71 6515 6506 6505
13423 2 2 57 71 6506 6515 6516
13424 2 2 57 71 6516 6507 6506
13425 2 2 57 71 6507 6516 6517
13426 2 2 57 71 6517 6508 6507
13427 2 2 57 71 6508 6517 6518
13428 2 2 57 71 6518 6509 6508
13429 2 2 57 71 6509 6518 6519
13430 2 2 57 71 6519 6510 6509
13431 2 2 57 71 6510 6519 6520
13432 2 2 57 71 6520 6511 6510
13433 2 2 57 71 6511 6520 6521
13434 2 2 57 71 6521 6512 6511
13435 2 2 57 71 6512 6521 748
13436 2 2 57 71 748 749 6512
13437 2 2 57 71 343 342 6522
13438 2 2 57 71 6522 6513 343
13439 2 2 57 71 6513 6522 6523
13440 2 2 57 71 6523 6514 6513
13441 2 2 57 71 6514 6523 6524
13442 2 2 57 71 6524 6515 6514
13443 2 2 57 71 6515 6524 6525
13444 2 2 57 71 6525 6516 6515
13445 2 2 57 71 6516 6525 6526
13446 2 2 57 71 6526 6517 6516
13447 2 2 57 71 6517 6526 6527
13448 2 2 57 71 6527 6518 6517
13449 2 2 57 71 6518 6527 6528
13450 2 2 57 71 6528 6519 6518
13451 2 2 57 71 6519 6528 6529
13452 2 2 57 71 6529 6520 6519
13453 2 2 57 71 6520 6529 6530
13454 2 2 57 71 6530 6521 6520
13455 2 2 57 71 6521 6530 747
13456 2 2 57 71 747 748 6521
13457 2 2 57 71 342 341 6531
13458 2 2 57 71 6531 6522 342
13459 2 2 57 71 6522 6531 6532
13460 2 2 57 71 6532 6523 6522
13461 2 2 57 71 6523 6532 6533
13462 2 2 57 71 6533 6524 6523
13463 2 2 57 71 6524 6533 6534
13464 2 2 57 71 6534 6525 6524
13465 2 2 57 71 6525 6534 6535
13466 2 2 57 71 6535 6526 6525
13467 2 2 57 71 6526 6535 6536
13468 2 2 57 71 6536 6527 6526
13469 2 2 57 71 6527 6536 6537
13470 2 2 57 71 6537 6528 6527
13471 2 2 57 71 6528 6537 6538
13472 2 2 57 71 6538 6529 6528
13473 2 2 57 71 6529 6538 6539
13474 2 2 57 71 6539 6530 6529
13475 2 2 57 71 6530 6539 746
13476 2 2 57 71 746 747 6530
13477 2 2 57 71 341 340 6540
13478 2 2 57 71 6540 6531 341
13479 2 2 57 71 6531 6540 6541
13480 2 2 57 71 6541 6532 6531
13481 2 2 57 71 6532 6541 6542
13482 2 2 57 71 6542 6533 6532
13483 2 2 57 71 6533 6542 6543
13484 2 2 57 71 6543 6534 6533
13485 2 2 57 71 6534 6543 6544
13486 2 2 57 71 6544 6535 6534
13487 2 2 57 71 6535 6544 6545
13488 2 2 57 71 6545 6536 6535
13489 2 2 57 71 6536 6545 6546
13490 2 2 57 71 6546 6537 6536
13491 2 2 57 71 6537 6546 6547
13492 2 2 57 71 6547 6538 6537
13493 2 2 57 71 6538 6547 6548
13494 2 2 57 71 6548 6539 6538
13495 2 2 57 71 6539 6548 745
13496 2 2 57 71 745 746 6539
13497 2 2 57 71 340 339 6549
13498 2 2 57 71 6549 6540 340
13499 2 2 57 71 6540 6549 6550
13500 2 2 57 71 6550 6541 6540
13501 2 2 57 71 6541 6550 6551
13502 2 2 57 71 6551 6542 6541
13503 2 2 57 71 6542 6551 6552
13504 2 2 57 71 6552 6543 6542
13505 2 2 57 71 6543 6552 6553
13506 2 2 57 71 6553 6544 6543
13507 2 2 57 71 6544 6553 6554
13508 2 2 57 71 6554 6545 6544
13509 2 2 57 71 6545 6554 6555
13510 2 2 57 71 6555 6546 6545
13511 2 2 57 71 6546 6555 6556
13512 2 2 57 71 6556 6547 6546
13513 2 2 57 71 6547 6556 6557
13514 2 2 57 71 6557 6548 6547
13515 2 2 57 71 6548 6557 744
13516 2 2 57 71 744 745 6548
13517 2 2 57 71 339 338 6558
13518 2 2 57 71 6558 6549 339
13519 2 2 57 71 6549 6558 6559
13520 2 2 57 71 6559 6550 6549
13521 2 2 57 71 6550 6559 6560
13522 2 2 57 71 6560 6551 6550
13523 2 2 57 71 6551 6560 6561
13524 2 2 57 71 6561 6552 6551
13525 2 2 57 71 6552 6561 6562
13526 2 2 57 71 6562 6553 6552
13527 2 2 57 71 6553 6562 6563
13528 2 2 57 71 6563 6554 6553
13529 2 2 57 71 6554 6563 6564
13530 2 2 57 71 6564 6555 6554
13531 2 2 57 71 6555 6564 6565
13532 2 2 57 71 6565 6556 6555
13533 2 2 57 71 6556 6565 6566
13534 2 2 57 71 6566 6557 6556
13535 2 2 57 71 6557 6566 743
13536 2 2 57 71 743 744 6557
13537 2 2 57 71 338 337 6567
13538 2 2 57 71 6567 6558 338
13539 2 2 57 71 6558 6567 6568
13540 2 2 57 71 6568 6559 6558
13541 2 2 57 71 6559 6568 6569
13542 2 2 57 71 6569 6560 6559
13543 2 2 57 71 6560 6569 6570
13544 2 2 57 71 6570 6561 6560
13545 2 2 57 71 6561 6570 6571
13546 2 2 57 71 6571 6562 6561
13547 2 2 57 71 6562 6571 6572
13548 2 2 57 71 6572 6563 6562
13549 2 2 57 71 6563 6572 6573
13550 2 2 57 71 6573 6564 6563
13551 2 2 57 71 6564 6573 6574
13552 2 2 57 71 6574 6565 6564
13553 2 2 57 71 6565 6574 6575
13554 2 2 57 71 6575 6566 6565
13555 2 2 57 71 6566 6575 742
13556 2 2 57 71 742 743 6566
13557 2 2 57 71 337 336 6576
13558 2 2 57 71 6576 6567 337
13559 2 2 57 71 6567 6576 6577
13560 2 2 57 71 6577 6568 6567
13561 2 2 57 71 6568 6577 6578
13562 2 2 57 71 6578 6569 6568
13563 2 2 57 71 6569 6578 6579
13564 2 2 57 71 6579 6570 6569
13565 2 2 57 71 6570 6579 6580
13566 2 2 57 71 6580 6571 6570
13567 2 2 57 71 6571 6580 6581
13568 2 2 57 71 6581 6572 6571
13569 2 2 57 71 6572 6581 6582
13570 2 2 57 71 6582 6573 6572
13571 2 2 57 71 6573 6582 6583
13572 2 2 57 71 6583 6574 6573
13573 2 2 57 71 6574 6583 6584
13574 2 2 57 71 6584 6575 6574
13575 2 2 57 71 6575 6584 741
13576 2 2 57 71 741 742 6575
13577 2 2 57 71 336 9 713
13578 2 2 57 71 713 6576 336
13579 2 2 57 71 6576 713 712
13580 2 2 57 71 712 6577 6576
13581 2 2 57 71 6577 712 711
13582 2 2 57 71 711 6578 6577
13583 2 2 57 71 6578 711 710
13584 2 2 57 71 710 6579 6578
13585 2 2 57 71 6579 710 709
13586 2 2 57 71 709 6580 6579
13587 2 2 57 71 6580 709 708
13588 2 2 57 71 708 6581 6580
13589 2 2 57 71 6581 708 707
13590 2 2 57 71 707 6582 6581
13591 2 2 57 71 6582 707 706
13592 2 2 57 71 706 6583 6582
13593 2 2 57 71 6583 706 705
13594 2 2 57 71 705 6584 6583
13595 2 2 57 71 6584 705 24
13596 2 2 57 71 24 741 6584
13597 2 2 58 72 7 335 6585
13598 2 2 58 72 6585 731 7
13599 2 2 58 72 731 6585 6586
13600 2 2 58 72 6586 730 731
13601 2 2 58 72 730 6586 6587
13602 2 2 58 72 6587 729 730
13603 2 2 58 72 729 6587 6588
13604 2 2 58 72 6588 728 729
13605 2 2 58 72 728 6588 6589
13606 2 2 58 72 6589 727 728
13607 2 2 58 72 727 6589 6590
13608 2 2 58 72 6590 726 727
13609 2 2 58 72 726 6590 6591
13610 2 2 58 72 6591 725 726
13611 2 2 58 72 725 6591 6592
13612 2 2 58 72 6592 724 725
13613 2 2 58 72 724 6592 6593
13614 2 2 58 72 6593 723 724
13615 2 2 58 72 723 6593 768
13616 2 2 58 72 768 26 723
13617 2 2 58 72 335 334 6594
13618 2 2 58 72 6594 6585 335
13619 2 2 58 72 6585 6594 6595
13620 2 2 58 72 6595 6586 6585
13621 2 2 58 72 6586 6595 6596
13622 2 2 58 72 6596 6587 6586
13623 2 2 58 72 6587 6596 6597
13624 2 2 58 72 6597 6588 6587
13625 2 2 58 72 6588 6597 6598
13626 2 2 58 72 6598 6589 6588
13627 2 2 58 72 6589 6598 6599
13628 2 2 58 72 6599 6590 6589
13629 2 2 58 72 6590 6599 6600
13630 2 2 58 72 6600 6591 6590
13631 2 2 58 72 6591 6600 6601
13632 2 2 58 72 6601 6592 6591
13633 2 2 58 72 6592 6601 6602
13634 2 2 58 72 6602 6593 6592
13635 2 2 58 72 6593 6602 767
13636 2 2 58 72 767 768 6593
13637 2 2 58 72 334 333 6603
13638 2 2 58 72 6603 6594 334
13639 2 2 58 72 6594 6603 6604
13640 2 2 58 72 6604 6595 6594
13641 2 2 58 72 6595 6604 6605
13642 2 2 58 72 6605 6596 6595
13643 2 2 58 72 6596 6605 6606
13644 2 2 58 72 6606 6597 6596
13645 2 2 58 72 6597 6606 6607
13646 2 2 58 72 6607 6598 6597
13647 2 2 58 72 6598 6607 6608
13648 2 2 58 72 6608 6599 6598
13649 2 2 58 72 6599 6608 6609
13650 2 2 58 72 6609 6600 6599
13651 2 2 58 72 6600 6609 6610
13652 2 2 58 72 6610 6601 6600
13653 2 2 58 72 6601 6610 6611
13654 2 2 58 72 6611 6602 6601
13655 2 2 58 72 6602 6611 766
13656 2 2 58 72 766 767 6602
13657 2 2 58 72 333 332 6612
13658 2 2 58 72 6612 6603 333
13659 2 2 58 72 6603 6612 6613
13660 2 2 58 72 6613 6604 6603
13661 2 2 58 72 6604 6613 6614
13662 2 2 58 72 6614 6605 6604
13663 2 2 58 72 6605 6614 6615
13664 2 2 58 72 6615 6606 6605
13665 2 2 58 72 6606 6615 6616
13666 2 2 58 72 6616 6607 6606
13667 2 2 58 72 6607 6616 6617
13668 2 2 58 72 6617 6608 6607
13669 2 2 58 72 6608 6617 6618
13670 2 2 58 72 6618 6609 6608
13671 2 2 58 72 6609 6618 6619
13672 2 2 58 72 6619 6610 6609
13673 2 2 58 72 6610 6619 6620
13674 2 2 58 72 6620 6611 6610
13675 2 2 58 72 6611 6620 765
13676 2 2 58 72 765 766 6611
13677 2 2 58 72 332 331 6621
13678 2 2 58 72 6621 6612 332
13679 2 2 58 72 6612 6621 6622
13680 2 2 58 72 6622 6613 6612
13681 2 2 58 72 6613 6622 6623
13682 2 2 58 72 6623 6614 6613
13683 2 2 58 72 6614 6623 6624
13684 2 2 58 72 6624 6615 6614
13685 2 2 58 72 6615 6624 6625
13686 2 2 58 72 6625 6616 6615
13687 2 2 58 72 6616 6625 6626
13688 2 2 58 72 6626 6617 6616
13689 2 2 58 72 6617 6626 6627
13690 2 2 58 72 6627 6618 6617
13691 2 2 58 72 6618 6627 6628
13692 2 2 58 72 6628 6619 6618
13693 2 2 58 72 6619 6628 6629
13694 2 2 58 72 6629 6620 6619
13695 2 2 58 72 6620 6629 764
13696 2 2 58 72 764 765 6620
13697 2 2 58 72 331 330 6630
13698 2 2 58 72 6630 6621 331
13699 2 2 58 72 6621 6630 6631
13700 2 2 58 72 6631 6622 6621
13701 2 2 58 72 6622 6631 6632
13702 2 2 58 72 6632 6623 6622
13703 2 2 58 72 6623 6632 6633
13704 2 2 58 72 6633 6624 6623
13705 2 2 58 72 6624 6633 6634
13706 2 2 58 72 6634 6625 6624
13707 2 2 58 72 6625 6634 6635
13708 2 2 58 72 6635 6626 6625
13709 2 2 58 72 6626 6635 6636
13710 2 2 58 72 6636 6627 6626
13711 2 2 58 72 6627 6636 6637
13712 2 2 58 72 6637 6628 6627
13713 2 2 58 72 6628 6637 6638
13714 2 2 58 72 6638 6629 6628
13715 2 2 58 72 6629 6638 763
13716 2 2 58 72 763 764 6629
13717 2 2 58 72 330 329 6639
13718 2 2 58 72 6639 6630 330
13719 2 2 58 72 6630 6639 6640
13720 2 2 58 72 6640 6631 6630
13721 2 2 58 72 6631 6640 6641
13722 2 2 58 72 6641 6632 6631
13723 2 2 58 72 6632 6641 6642
13724 2 2 58 72 6642 6633 6632
13725 2 2 58 72 6633 6642 6643
13726 2 2 58 72 6643 6634 6633
13727 2 2 58 72 6634 6643 6644
13728 2 2 58 72 6644 6635 6634
13729 2 2 58 72 6635 6644 6645
13730 2 2 58 72 6645 6636 6635
13731 2 2 58 72 6636 6645 6646
13732 2 2 58 72 6646 6637 6636
13733 2 2 58 72 6637 6646 6647
13734 2 2 58 72 6647 6638 6637
13735 2 2 58 72 6638 6647 762
13736 2 2 58 72 762 763 6638
13737 2 2 58 72 329 328 6648
13738 2 2 58 72 6648 6639 329
13739 2 2 58 72 6639 6648 6649
13740 2 2 58 72 6649 6640 6639
13741 2 2 58 72 6640 6649 6650
13742 2 2 58 72 6650 6641 6640
13743 2 2 58 72 6641 6650 6651
13744 2 2 58 72 6651 6642 6641
13745 2 2 58 72 6642 6651 6652
13746 2 2 58 72 6652 6643 6642
13747 2 2 58 72 6643 6652 6653
13748 2 2 58 72 6653 6644 6643
13749 2 2 58 72 6644 6653 6654
13750 2 2 58 72 6654 6645 6644
13751 2 2 58 72 6645 6654 6655
13752 2 2 58 72 6655 6646 6645
13753 2 2 58 72 6646 6655 6656
13754 2 2 58 72 6656 6647 6646
13755 2 2 58 72 6647 6656 761
13756 2 2 58 72 761 762 6647
13757 2 2 58 72 328 327 6657
13758 2 2 58 72 6657 6648 328
13759 2 2 58 72 6648 6657 6658
13760 2 2 58 72 6658 6649 6648
13761 2 2 58 72 6649 6658 6659
13762 2 2 58 72 6659 6650 6649
13763 2 2 58 72 6650 6659 6660
13764 2 2 58 72 6660 6651 6650
13765 2 2 58 72 6651 6660 6661
13766 2 2 58 72 6661 6652 6651
13767 2 2 58 72 6652 6661 6662
13768 2 2 58 72 6662 6653 6652
13769 2 2 58 72 6653 6662 6663
13770 2 2 58 72 6663 6654 6653
13771 2 2 58 72 6654 6663 6664
13772 2 2 58 72 6664 6655 6654
13773 2 2 58 72 6655 6664 6665
13774 2 2 58 72 6665 6656 6655
13775 2 2 58 72 6656 6665 760
13776 2 2 58 72 760 761 6656
13777 2 2 58 72 327 326 6666
13778 2 2 58 72 6666 6657 327
13779 2 2 58 72 6657 6666 6667
13780 2 2 58 72 6667 6658 6657
13781 2 2 58 72 6658 6667 6668
13782 2 2 58 72 6668 6659 6658
13783 2 2 58 72 6659 6668 6669
13784 2 2 58 72 6669 6660 6659
13785 2 2 58 72 6660 6669 6670
13786 2 2 58 72 6670 6661 6660
13787 2 2 58 72 6661 6670 6671
13788 2 2 58 72 6671 6662 6661
13789 2 2 58 72 6662 6671 6672
13790 2 2 58 72 6672 6663 6662
13791 2 2 58 72 6663 6672 6673
13792 2 2 58 72 6673 6664 6663
13793 2 2 58 72 6664 6673 6674
13794 2 2 58 72 6674 6665 6664
13795 2 2 58 72 6665 6674 759
13796 2 2 58 72 759 760 6665
13797 2 2 58 72 326 325 6675
13798 2 2 58 72 6675 6666 326
13799 2 2 58 72 6666 6675 6676
13800 2 2 58 72 6676 6667 6666
13801 2 2 58 72 6667 6676 6677
13802 2 2 58 72 6677 6668 6667
13803 2 2 58 72 6668 6677 6678
13804 2 2 58 72 6678 6669 6668
13805 2 2 58 72 6669 6678 6679
13806 2 2 58 72 6679 6670 6669
13807 2 2 58 72 6670 6679 6680
13808 2 2 58 72 6680 6671 6670
13809 2 2 58 72 6671 6680 6681
13810 2 2 58 72 6681 6672 6671
13811 2 2 58 72 6672 6681 6682
13812 2 2 58 72 6682 6673 6672
13813 2 2 58 72 6673 6682 6683
13814 2 2 58 72 6683 6674 6673
13815 2 2 58 72 6674 6683 758
13816 2 2 58 72 758 759 6674
13817 2 2 58 72 325 324 6684
13818 2 2 58 72 6684 6675 325
13819 2 2 58 72 6675 6684 6685
13820 2 2 58 72 6685 6676 6675
13821 2 2 58 72 6676 6685 6686
13822 2 2 58 72 6686 6677 6676
13823 2 2 58 72 6677 6686 6687
13824 2 2 58 72 6687 6678 6677
13825 2 2 58 72 6678 6687 6688
13826 2 2 58 72 6688 6679 6678
13827 2 2 58 72 6679 6688 6689
13828 2 2 58 72 6689 6680 6679
13829 2 2 58 72 6680 6689 6690
13830 2 2 58 72 6690 6681 6680
13831 2 2 58 72 6681 6690 6691
13832 2 2 58 72 6691 6682 6681
13833 2 2 58 72 6682 6691 6692
13834 2 2 58 72 6692 6683 6682
13835 2 2 58 72 6683 6692 757
13836 2 2 58 72 757 758 6683
13837 2 2 58 72 324 323 6693
13838 2 2 58 72 6693 6684 324
13839 2 2 58 72 6684 6693 6694
13840 2 2 58 72 6694 6685 6684
13841 2 2 58 72 6685 6694 6695
13842 2 2 58 72 6695 6686 6685
13843 2 2 58 72 6686 6695 6696
13844 2 2 58 72 6696 6687 6686
13845 2 2 58 72 6687 6696 6697
13846 2 2 58 72 6697 6688 6687
13847 2 2 58 72 6688 6697 6698
13848 2 2 58 72 6698 6689 6688
13849 2 2 58 72 6689 6698 6699
13850 2 2 58 72 6699 6690 6689
13851 2 2 58 72 6690 6699 6700
13852 2 2 58 72 6700 6691 6690
13853 2 2 58 72 6691 6700 6701
13854 2 2 58 72 6701 6692 6691
13855 2 2 58 72 6692 6701 756
13856 2 2 58 72 756 757 6692
13857 2 2 58 72 323 322 6702
13858 2 2 58 72 6702 6693 323
13859 2 2 58 72 6693 6702 6703
13860 2 2 58 72 6703 6694 6693
13861 2 2 58 72 6694 6703 6704
13862 2 2 58 72 6704 6695 6694
13863 2 2 58 72 6695 6704 6705
13864 2 2 58 72 6705 6696 6695
13865 2 2 58 72 6696 6705 6706
13866 2 2 58 72 6706 6697 6696
13867 2 2 58 72 6697 6706 6707
13868 2 2 58 72 6707 6698 6697
13869 2 2 58 72 6698 6707 6708
13870 2 2 58 72 6708 6699 6698
13871 2 2 58 72 6699 6708 6709
13872 2 2 58 72 6709 6700 6699
13873 2 2 58 72 6700 6709 6710
13874 2 2 58 72 6710 6701 6700
13875 2 2 58 72 6701 6710 755
13876 2 2 58 72 755 756 6701
13877 2 2 58 72 322 8 722
13878 2 2 58 72 722 6702 322
13879 2 2 58 72 6702 722 721
13880 2 2 58 72 721 6703 6702
13881 2 2 58 72 6703 721 720
13882 2 2 58 72 720 6704 6703
13883 2 2 58 72 6704 720 719
13884 2 2 58 72 719 6705 6704
13885 2 2 58 72 6705 719 718
13886 2 2 58 72 718 6706 6705
13887 2 2 58 72 6706 718 717
13888 2 2 58 72 717 6707 6706
13889 2 2 58 72 6707 717 716
13890 2 2 58 72 716 6708 6707
13891 2 2 58 72 6708 716 715
13892 2 2 58 72 715 6709 6708
13893 2 2 58 72 6709 715 714
13894 2 2 58 72 714 6710 6709
13895 2 2 58 72 6710 714 25
13896 2 2 58 72 25 755 6710
$EndElements
