--------------------------------------------------------------------------------
ELEMENTS        NODES        TIME STEPS     PRINTING FREQ
--------------------------------------------------------------------------------
2184            4485         1              1

--------------------------------------------------------------------------------
UNDISTURBED VELOCITY AND PRESSURE
Ux      Uy      Uz      P
--------------------------------------------------------------------------------
0.0     0.0     0.0     0.0

--------------------------------------------------------------------------------
DENSITY      TEMPERATURE      VISCOSITY      THERMAL CONDITIVITY
--------------------------------------------------------------------------------
1.E0         300              0.01           0.0

--------------------------------------------------------------------------------
TIME STEP       TIME INTEGRATION SCHEME (1- Implicit Euler, 2- Adams-Bashforth)
--------------------------------------------------------------------------------
0.1             0.5

--------------------------------------------------------------------------------
EXTERNAL FIELD FORCES CONSTANTS
Gx       Gy       Gz
--------------------------------------------------------------------------------
0.0      0.0      0.0

--------------------------------------------------------------------------------
NODAL COORDINATES
--------------------------------------------------------------------------------
0	0
1	0
1	0.9
1	1
0	1
0	0.9
0	0.8653846153846537
0	0.8307692307693073
0	0.796153846153961
0	0.7615384615386147
0	0.7269230769233117
0	0.6923076923080087
0	0.6576923076927058
0	0.6230769230774329
0	0.5884615384621716
0	0.5538461538469106
0	0.5192307692316493
0	0.484615384616419
0	0.4500000000011378
0	0.4153846153856747
0	0.3807692307702023
0	0.3461538461547292
0	0.3115384615392564
0	0.2769230769237833
0	0.2423076923083105
0	0.2076923076928375
0	0.1730769230773646
0	0.1384615384618917
0	0.1038461538464188
0	0.06923076923094573
0	0.03461538461547298
0	0.8826923076923019
0	0.8480769230769953
0	0.8134615384616418
0	0.7788461538462612
0	0.7442307692309893
0	0.7096153846156392
0	0.675000000000344
0	0.640384615385053
0	0.6057692307697904
0	0.5711538461545133
0	0.5365384615392941
0	0.5019230769240401
0	0.4673076923087783
0	0.4326923076934105
0	0.3980769230779223
0	0.3634615384624751
0	0.3288461538469966
0	0.2942307692315201
0	0.2596153846160376
0	0.2250000000005814
0	0.1903846153850899
0	0.1557692307696301
0	0.1211538461541478
0	0.08653846153868439
0	0.0519230769231942
0	0.01730769230774265
0.0344827586206232	0
0.06896551724124125	0
0.1034482758618779	0
0.1379310344824968	0
0.1724137931030859	0
0.2068965517236749	0
0.241379310344264	0
0.275862068964853	0
0.310344827585442	0
0.344827586206031	0
0.3793103448266201	0
0.4137931034472092	0
0.4482758620677982	0
0.4827586206883873	0
0.5172413793090719	0
0.5517241379298523	0
0.5862068965506328	0
0.6206896551714135	0
0.6551724137921939	0
0.6896551724129746	0
0.7241379310337552	0
0.7586206896545358	0
0.7931034482753164	0
0.8275862068960971	0
0.8620689655168775	0
0.8965517241376582	0
0.9310344827584388	0
0.9655172413792193	0
0.01724137931031217	0
0.05172413793093011	0
0.08620689655155958	0
0.1206896551721967	0
0.1551724137927913	0
0.1896551724133804	0
0.2241379310339695	0
0.2586206896545585	0
0.2931034482751475	0
0.3275862068957365	0
0.3620689655163256	0
0.3965517241369146	0
0.4310344827575037	0
0.4655172413780927	0
0.4999999999986817	0
0.534482758619462	0
0.5689655172402426	0
0.6034482758610231	0
0.6379310344818037	0
0.6724137931025842	0
0.706896551723365	0
0.7413793103441455	0
0.775862068964926	0
0.8103448275857068	0
0.8448275862064873	0
0.8793103448272679	0
0.9137931034480484	0
0.9482758620688291	0
0.9827586206896097	0
1	0.03461538461531768
1	0.06923076923063858
1	0.1038461538459707
1	0.1384615384612682
1	0.1730769230765523
1	0.2076923076918363
1	0.2423076923071204
1	0.2769230769224045
1	0.3115384615376886
1	0.3461538461529727
1	0.3807692307682568
1	0.4153846153835408
1	0.449999999998825
1	0.4846153846142909
1	0.519230769229766
1	0.5538461538452422
1	0.5884615384607178
1	0.6230769230761938
1	0.6576923076916695
1	0.6923076923071453
1	0.726923076922621
1	0.7615384615380968
1	0.7961538461535727
1	0.8307692307690484
1	0.8653846153845242
1	0.01730769230765961
1	0.05192307692297569
1	0.0865384615383039
1	0.1211538461536242
1	0.1557692307689102
1	0.1903846153841943
1	0.2249999999994783
1	0.2596153846147625
1	0.2942307692300466
1	0.3288461538453307
1	0.3634615384606147
1	0.3980769230758988
1	0.4326923076911829
1	0.4673076923065482
1	0.5019230769220162
1	0.5365384615375041
1	0.5711538461529603
1	0.6057692307684559
1	0.6403846153839352
1	0.6749999999994056
1	0.7096153846148975
1	0.744230769230375
1	0.7788461538458293
1	0.8134615384613156
1	0.8480769230767942
1	0.8826923076922706
1	0.9333333333333406
1	0.9666666666668331
1	0.9166666666667003
1	0.9500000000001491
1	0.983333333333528
0.9655172413791668	1
0.9310344827583337	1
0.8965517241375005	1
0.862068965516811	1
0.8275862068963606	1
0.7931034482759104	1
0.7586206896554601	1
0.7241379310350099	1
0.6896551724145596	1
0.6551724137941093	1
0.6206896551736591	1
0.5862068965532088	1
0.5517241379327587	1
0.5172413793123083	1
0.4827586206916665	1
0.4482758620708335	1
0.4137931034500002	1
0.3793103448291668	1
0.3448275862083335	1
0.3103448275875001	1
0.2758620689666669	1
0.2413793103458335	1
0.2068965517250001	1
0.1724137931041668	1
0.1379310344833334	1
0.1034482758625002	1
0.06896551724166666	1
0.03448275862083339	1
0.9827586206895834	1
0.9482758620687503	1
0.9137931034479071	1
0.8793103448271558	1
0.8448275862065897	1
0.8103448275861364	1
0.7758620689657004	1
0.74137931034522	1
0.7068965517247827	1
0.6724137931043512	1
0.6379310344838844	1
0.6034482758634307	1
0.5689655172429756	1
0.5344827586225298	1
0.5000000000020407	1
0.4655172413812501	1
0.4310344827604169	1
0.3965517241395835	1
0.3620689655187501	1
0.3275862068979168	1
0.2931034482770836	1
0.2586206896562502	1
0.2241379310354168	1
0.1896551724145834	1
0.1551724137937501	1
0.1206896551729169	1
0.08620689655208347	1
0.05172413793125008	1
0.01724137931041669	1
0	0.9666666666670136
0	0.9333333333337163
0	0.9833333333334914
0	0.950000000000458
0	0.9166666666668581
0.5011645327011178	0.5031154010655815
0.2931034482751474	0.2925333072318517
0.710666001624552	0.2948995705401253
0.7068965517247846	0.7075154701470566
0.2928194400835885	0.7074811640939725
0.7804107327518938	0.5000243886880712
0.2195892672470906	0.5000243886893648
0.5020266584601965	0.2164282670905021
0.4981322070543015	0.7828160244372326
0.174196969241207	0.1707767390974704
0.8258030307588565	0.1707767390973008
0.17532434219582	0.8319984296990196
0.8246756578050594	0.8319984297000461
0.435520163417099	0.3593089338442476
0.4334381223157546	0.6405739225534236
0.6398894321871343	0.4293217110042517
0.1565314770369212	0.6402196139634457
0.8398505630532183	0.6398476607407296
0.844794916364628	0.3605468165519821
0.1539921261633293	0.3600146988809848
0.360201272582621	0.1535577341331436
0.6397987274139119	0.1535577341324336
0.6397767005375136	0.8464615433076458
0.3602232994654204	0.8464615433070165
0.6218699648981351	0.5825611355525935
0.3568855869425271	0.4797904835973609
0.5794348933325556	0.3193858353590218
0.5882849476722607	0.6944164630306946
0.30326908428605	0.5871451868607293
0.4678632384593755	0.1111521605243497
0.5369036054539851	0.8871472793443002
0.1120128161795106	0.5349883740885822
0.8932815031367907	0.5368786551237958
0.277593125819319	0.4038065871883373
0.7319325579994809	0.6007633443616682
0.2585853996574383	0.8903734346067004
0.7393042953886604	0.8917216509501621
0.7413715076887215	0.1095870261287593
0.2606935028280789	0.1082709664306172
0.3973260774800825	0.2535786449749214
0.1045065335779002	0.2550033094847619
0.895493466422504	0.2550033094837636
0.3973369212905608	0.7436977442617581
0.7428055190311934	0.3956358810128691
0.8873284227304629	0.737966978335896
0.1126715772694169	0.7379669783371545
0.8995188268426949	0.8995616876969742
0.1004811731577673	0.8995616876964961
0.5257956435528289	0.5996356588553404
0.5229042269252702	0.3998920690342012
0.09827242064874961	0.1004097824506158
0.9017275793512497	0.1004097824504594
0.09674428966069802	0.4388025511129423
0.9054522548804075	0.4371374087648416
0.5613486086574944	0.09651668988040622
0.435217937091384	0.9071376969800153
0.7967079835950931	0.2611915402466365
0.2007326984755567	0.2635796739392796
0.2019292285648469	0.7392271452248252
0.7965420490743707	0.7390019781340325
0.2789904072782731	0.2000341864793328
0.7210095927168042	0.2000341864780911
0.7224369645320116	0.7990393978461415
0.2790377491304266	0.7999947333340726
0.6880753296417073	0.5129346613118181
0.4183794034182054	0.5494048862497662
0.5833354680722992	0.2313993444808936
0.5864770508484729	0.5023682465850263
0.500288811586967	0.6949295436306179
0.5850049733233782	0.7814535726720829
0.3485160671376864	0.3569748699948361
0.2404684142249859	0.6436257471853554
0.497481785614419	0.3037599953132599
0.4363625208752949	0.4441499853879999
0.1797488557781058	0.9162350792268062
0.8202511442231061	0.9162350792273902
0.9177212266585483	0.8183691281304355
0.0822787733408447	0.8183691281308333
0.8214119686826111	0.08425762852820323
0.1785880313164606	0.08425762852754876
0.08198954492226887	0.1827531268040343
0.9180104550780882	0.1827531268034492
0.3527247655220925	0.6519362704072412
0.6593863742634126	0.3505345485554034
0.08641667185124377	0.6082014724490106
0.9146102509026376	0.6081530901455586
0.3916848887001559	0.07950777145061133
0.6056628546652875	0.9218156655535742
0.921334471110566	0.334536741976628
0.07866552888919896	0.3345367419772428
0.6657471991846855	0.07860716019750626
0.3342457197529524	0.9213978147443361
0.2346300943178806	0.3457315755036695
0.2011274739023943	0.4233024972880552
0.824939544585415	0.4355153797788629
0.1979700361575531	0.5753537071470199
0.4355258566534949	0.8253517416129694
0.8088824641673839	0.5747037833506553
0.4323709207085662	0.1813849523907877
0.6481010608386454	0.6544507109776926
0.7741116793635661	0.6658298850627683
0.2957345809618382	0.5129028593122272
0.6611339851800857	0.7626964314598899
0.7804006677419819	0.3344573148688008
0.5510853217115981	0.1679496898467529
0.6606198255311991	0.2381464338640704
0.6789573108740632	0.929572646308063
0.3210364632755229	0.07042314517172306
0.9299609762694712	0.6794082673789846
0.07003902372997003	0.6794082673807831
0.1494321402910773	0.4759592227585766
0.5926575816987489	0.3828035274543482
0.3329503573937769	0.2391274623450539
0.3329728016604405	0.7608887255749582
0.3556763830507783	0.5456935927496025
0.7279125484073973	0.4601487345949391
0.3798161372932789	0.4170771576785812
0.5842889817375667	0.6296744026720746
0.5047611119737021	0.05840543946332182
0.494850479331957	0.9380036845772365
0.06220096682675089	0.4954980506457252
0.9376639001201422	0.4952548643021072
0.577470833114361	0.8417475967780931
0.3877274797938461	0.6017054268959334
0.5676967588030112	0.4472465831151065
0.8385730049827886	0.4923470956766647
0.4944619281364912	0.8421108605022094
0.6418767910973817	0.2955258784717698
0.2327500986698044	0.8384221447174952
0.7671262079534354	0.8383640575161723
0.7672557991374978	0.1615790986866735
0.2328653065016903	0.16163737152525
0.1547390653288009	0.2983935113364954
0.8444681676867812	0.2990741190684784
0.8436456187342348	0.7043230320284573
0.1548354330765295	0.7021333425664736
0.4612926295252421	0.7398734194868593
0.5426870352158253	0.7382325575700839
0.3901608348240556	0.9431733957306329
0.6098377475531676	0.05682774076964384
0.06135889378898981	0.944457189529634
0.9386411062112631	0.9444571895298188
0.05928248274113764	0.3915978416467247
0.9407175172594656	0.3915978416452966
0.4657930240221118	0.589853164801922
0.352104547545401	0.2960060810673743
0.5406353542915339	0.2625851513704356
0.4568464313212285	0.2600980411107088
0.05980535911648031	0.06166012634900574
0.9401946408834758	0.06166012634888853
0.5702928148045022	0.5598183607457455
0.2652758600560288	0.4568738105780171
0.7391961409400075	0.5419046006832263
0.6822116491944148	0.5726369231873402
0.2541828577506908	0.5521442920161683
0.8428342856636792	0.2246594686914368
0.1571657143361767	0.2246594686918917
0.1547934854984556	0.7744898001615252
0.8452065145022755	0.7744898001620262
0.7664184497079757	0.9427467573879114
0.2335815502936801	0.9427467573874103
0.7659924822425622	0.05833891854053069
0.2335578273395044	0.0572534441520485
0.44503090343934	0.05758401402800905
0.5538289825653683	0.9448278636994688
0.05642411405805425	0.2363087925562054
0.943575885942201	0.2363087925554309
0.05422385699536008	0.5545660280698707
0.9460702333165474	0.5545585928311878
0.3027493065085898	0.1437521893612357
0.699703108974165	0.1470959519122632
0.9425373046457837	0.7663210997440332
0.05746269535381072	0.7663210997447625
0.6978100981643333	0.8562918940708575
0.3004559141069689	0.8528529443847334
0.4938320541071821	0.1616562770529163
0.3975062984399292	0.6881233950945805
0.2936030180359144	0.6500411680931685
0.1402612689189782	0.5840475232009552
0.7077235261683742	0.6506892773895333
0.8623556632833355	0.5856614113270866
0.7107505827054145	0.3490042509174919
0.2924304793627304	0.3491571301757672
0.3223778481534972	0.438345755674167
0.6845508290135932	0.3989218599539213
0.8668694227176107	0.9445889047543709
0.133130577283344	0.9445889047539574
0.5328164417581222	0.3470560376181661
0.9462198945095861	0.869618518813954
0.05378010549033248	0.8696185188142981
0.8666544957122108	0.05459974394459941
0.1336129992724775	0.05461578119557056
0.6423868257496665	0.7080776330418842
0.48711277442875	0.6423648071314866
0.05538833121110067	0.1331106118481693
0.9446116687890614	0.1331106118476679
0.7964952841632533	0.3881067484384794
0.4241484780708769	0.3048530629660761
0.3841763708868938	0.7981225811881546
0.1482080280491681	0.4145024326652834
0.4132642136441199	0.4943511219881481
0.7426595993568986	0.2506636413973738
0.2596915589350812	0.2482770717753622
0.3454581582790402	0.7075359373766409
0.2590223085222346	0.7512738763847397
0.7448838505077281	0.750511682997581
0.413760374807456	0.1297544765208716
0.2406712479746551	0.6973922193202687
0.4669472710136543	0.4002301183160862
0.3823301937778668	0.2036658557683333
0.6332786638009119	0.5295419299523747
0.1679522856308579	0.5325016678218499
0.2863396013574666	0.945368271573424
0.7136688398249826	0.05463849581038841
0.9483180719358211	0.2903509801802989
0.05168192806435074	0.2903509801810224
0.1236845402746924	0.8517231107369988
0.8763154597258866	0.8517231107376886
0.4941568769128322	0.4469857802386212
0.1496269078547657	0.1237043316773505
0.8503730921451736	0.1237043316773521
0.2106683545283255	0.2097583588947955
0.7893316454724117	0.2097583588938433
0.210610497790569	0.7904015232752073
0.7893137704624154	0.7903323627610079
0.5360873125825895	0.6602571366793216
0.4983460014853487	0.5527987310081213
0.8864506644729162	0.3921381503520044
0.611002594800549	0.1106940218714486
0.3918853326287187	0.8869625986771662
0.7735734706523044	0.4367871144502427
0.197121493228806	0.6707283191635116
0.4503913236174251	0.68801043152698
0.1086068233871576	0.3817123460911866
0.5171845188427556	0.1206192866113888
0.5418448140550394	0.8095574547623556
0.4809739172113796	0.3528727305855395
0.7864826817034679	0.615150936304413
0.6806998419559479	0.4631713130501358
0.6728641193854308	0.8111137647824227
0.6732645238093661	0.1889362146815183
0.3282197565329589	0.8103899019250183
0.3291427937843078	0.189557699731696
0.5973014016236812	0.1779259110732611
0.04693307909980825	0.4407193557785331
0.953064694287691	0.4409928786816214
0.560550194617195	0.04588011309132203
0.4393933045196014	0.9541807583325244
0.1956842866625173	0.8716113311004893
0.8043141426293361	0.8716105934861083
0.8007616647201563	0.1241396700317261
0.1992383352791568	0.1241396700305913
0.6303210023032787	0.4803068695150123
0.4868428613578718	0.8879748269750706
0.8875418458840895	0.4870505910647987
0.8824358208600118	0.6717708473020126
0.1175641791391558	0.6717708473028287
0.4310404900834385	0.777692180709521
0.3523077583057964	0.1064837887104477
0.6476734658776598	0.8935297159970894
0.5431479402495631	0.5205004520163763
0.2328314540454443	0.3879475072761392
0.7267525662109876	0.9481594211953764
0.2732388463027567	0.05184147009694798
0.2376797106749529	0.2937305180166417
0.4554064716048458	0.5158302058410446
0.6429369113991358	0.9538379013908896
0.3570565068385653	0.04616423900594072
0.04626161130615367	0.6438160661375988
0.9537383886938213	0.6438160661356006
0.9509234695555978	0.7188071256392923
0.04907653044410328	0.7188071256406132
0.3915761230495532	0.3385231625992733
0.8438041856579811	0.5413443530105787
0.6024921908227833	0.7452018311230044
0.871420299098742	0.1897246196776262
0.1285797009015597	0.1897246196775459
0.1988568390593731	0.6172465224091428
0.6266187173901897	0.80197001892723
0.5440425302562971	0.2114826483726129
0.5935814860433455	0.2680243899274247
0.679873521017215	0.6119552424415424
0.2549203950623773	0.6011937948667281
0.1137730075931359	0.4890982577563063
0.1259453801399835	0.8007508959949371
0.8740546198598073	0.8007508959956811
0.1465902508228249	0.891990666446192
0.8534097491780308	0.8919906664467167
0.7481381995073141	0.2943875388896874
0.7503085704954345	0.7040560630139445
0.4139785876559159	0.3991517254748862
0.5418882312094592	0.4742779498122341
0.10761549183843	0.145076832821509
0.8923845081616733	0.1450768328211916
0.3254227743211071	0.3885591734615046
0.3426351451462493	0.6083672289094367
0.1848303615465628	0.3230810169294675
0.5809002010443229	0.8912376564837078
0.4293873797509948	0.2320556874771279
0.1145211135335948	0.3079845313667514
0.8855917002007393	0.3081166042639563
0.696561265802929	0.7590461660299276
0.8119919385780778	0.966250960916561
0.188541480716425	0.9664995807750422
0.811732701484378	0.03349170407767284
0.1880003501301602	0.03375661617274234
0.03319505097240445	0.1896917623529278
0.9668049490277608	0.1896917623520478
0.9666797708232203	0.8142330813434936
0.03332022917658822	0.8142330813439174
0.3961225324530078	0.4582967751915862
0.1933143416553784	0.4692712452818691
0.6070327937431093	0.345220853946368
0.6314073762363395	0.3956569614534451
0.1878975683436571	0.3807198014453644
0.632911316359931	0.2057797366204802
0.5406455710836766	0.3051834127642171
0.5008914594767206	0.7338154022899543
0.3178311623700798	0.4829345572040722
0.8022216935394931	0.6972369452942747
0.3533317867974676	0.9588417291867408
0.6466689178819373	0.04115882696200466
0.7026426081887921	0.2378318990252802
0.953199983037748	0.3519429623674992
0.04641135765431075	0.3518109389526051
0.4977962749665119	0.2601921016042401
0.5768587895494148	0.133247591690609
0.6925420165652335	0.1037504082657481
0.3074515658120661	0.8962602353157804
0.4511012482453746	0.8634380568513865
0.4647707361459802	0.4695325294882328
0.8630773719364888	0.4511250601145747
0.1025717849778293	0.2142018409060945
0.8974282150225532	0.2142018409054962
0.61052159914468	0.6624907921254226
0.3964905689406337	0.853070185496785
0.8524915708735703	0.3970025639377734
0.7414135149202206	0.500157077203677
0.959459241719282	0.9050221143815859
0.04054075828046482	0.9050221143818292
0.6729084194432717	0.3152965652959023
0.4111638589175403	0.03971835462157711
0.5900340787751388	0.9554717569753014
0.7763763255264881	0.9037354150598522
0.2210042420791328	0.903346692557858
0.04114167987505913	0.5930608596977135
0.9588583201248446	0.5930608596948012
0.7645799506123345	0.5684264507377527
0.6242570990116496	0.6218378837536759
0.09573226081652403	0.9601555021836847
0.9042677391840238	0.9601555021840014
0.3940197478281918	0.6401339756604985
0.3016696539385894	0.1065735646538007
0.6983407463779462	0.8934442354255613
0.9022448089843571	0.04422580097993963
0.0977806667280694	0.04422732833700923
0.7785255598048005	0.09640581798472045
0.2214744401943352	0.09640581798353788
0.04012670371613386	0.09765975506789107
0.959873296283949	0.0976597550675188
0.8899820530614881	0.6349067592824825
0.1109990234442255	0.6348290568737308
0.3130430397570221	0.5473950874302563
0.1054608834318853	0.5738412110694661
0.9035651572627584	0.7783650641076373
0.09643484273626708	0.778365064107844
0.5311456430966061	0.8462087886621064
0.2360296172121203	0.4263251571393231
0.8975531577786474	0.5740258081395322
0.4269303865709244	0.6007426048528833
0.3406002288137932	0.8812042588058469
0.6593261870019348	0.1183512241913213
0.8041865325888472	0.300810955062893
0.5496456526428201	0.6980474562001779
0.2191266484638505	0.5403404532429172
0.322448084352305	0.3220126756017545
0.800742006236818	0.5287969281540217
0.3864149851601936	0.3825617943242685
0.8080837053901985	0.4728475790587527
0.8826801252305209	0.3443456496682869
0.4719398763568716	0.8093046584636392
0.7435255855670087	0.6369548874671105
0.3917943078002335	0.5253764164351825
0.4561480432522844	0.1498584122927747
0.4700549315634636	0.1931828171509294
0.461032280308059	0.3188749002332312
0.8224744299182939	0.6053378968051741
0.4250108896306499	0.09355096560957479
0.6715796539733513	0.6866396599083477
0.1175798409224796	0.3494108300568882
0.2938380271820925	0.2363269595055642
0.2939085540595724	0.7637579169643856
0.674164503719648	0.2755127330976672
0.3266410540592422	0.6755440574781608
0.7486590533058	0.3570362627570478
0.2634184899011947	0.3201390034895183
0.8125565400542347	0.6597039562776515
0.333899868309407	0.5140650828064334
0.2557934293523719	0.5167908358995227
0.3964862782778773	0.1660957871697803
0.6020254149519074	0.4248457099454485
0.621382696846829	0.2445604584577747
0.6756276741469855	0.7287291236411041
0.4262295405646062	0.7140727109830159
0.4780317845492548	0.03922505417504029
0.5219222511146507	0.9603795995424167
0.5642035222354841	0.5947257684110626
0.03976371439177269	0.5224330171567145
0.9602212708245885	0.5224059964496386
0.7141367340106439	0.4223252372055024
0.6145481315605945	0.8748907323795815
0.816134236590688	0.3367442388295443
0.5695917514925043	0.35212265974764
0.2664954084970527	0.8538844784722279
0.7334584943370273	0.8539738759693725
0.7337582084198234	0.1460621080126897
0.2665054869358947	0.1460078980448885
0.4638838512606608	0.5523808754176813
0.2450811166663315	0.7845799366477073
0.7531089970912107	0.7857595965828158
0.5292354815165957	0.4383113452415171
0.7529482446705587	0.2142309150836807
0.2450987747531647	0.2154852352531939
0.164022203545835	0.2607394753477285
0.8349477814252063	0.2598174112778829
0.8331633841290457	0.7389659266807145
0.1670811971565222	0.7373408842330264
0.9016980982835303	0.7035934471486113
0.09830190171633607	0.7035934471496548
0.9689116417806412	0.6738278195157288
0.03108835821923381	0.6738278195172391
0.2686424754183076	0.6811903214565371
0.5199321497786286	0.1877877404412928
0.6733866475076153	0.9683862409424858
0.3266101875742103	0.0316135041411609
0.560415303690101	0.4105250924288738
0.1315446553311247	0.4442223630260327
0.6055076036499462	0.550808446286583
0.3892413684865921	0.2908642424123397
0.3879797224785984	0.5634274905909337
0.3695277892546963	0.7667639638615391
0.3617861675905973	0.2636839287566535
0.3246013694085461	0.2744662694683364
0.2622272911169781	0.3676479459851511
0.2071229124747641	0.2934130630446072
0.1834881071209769	0.5001252252630563
0.07800841934343167	0.6426819396265766
0.9194265595945734	0.644887087767463
0.03296763368727932	0.4684850694024587
0.9670192844397759	0.4684879585970942
0.1907273156103039	0.7055878243685786
0.7387488379325563	0.6744673921290355
0.4675946177116875	0.9671419717337864
0.5323607644904441	0.03252389102049483
0.5965230643283621	0.468151401371062
0.2589567947153721	0.9668770498821351
0.7410104459387485	0.03323015943997193
0.6820067387689805	0.03779755509124445
0.3179972640706853	0.9622085821141434
0.03203065634145982	0.3182853678823353
0.9679261592911759	0.3183000371496394
0.09006694453116622	0.8616794987067773
0.90993305546897	0.861679498707054
0.2240817308399935	0.5973029565914907
0.5515660778489261	0.7761961330163406
0.5332550402843561	0.5648353470486696
0.9671313300937643	0.2599399866183721
0.03286866990638001	0.2599399866192688
0.1477601878956308	0.08968300136957541
0.8522652878165377	0.08968147401253972
0.4747348819349198	0.07548702553663605
0.5271191823276017	0.923340559656832
0.07624782646782333	0.5278130623697708
0.92440842426364	0.527596215324094
0.2287203979703868	0.4631991883687923
0.7657737446403781	0.4663315062354211
0.4622949618293835	0.7733106707505699
0.1377003769424875	0.5129605006070564
0.1707301914099585	0.4412474696785263
0.03428412912497121	0.9657029024906072
0.9657158708752008	0.9657029024907916
0.5700920555665608	0.662701702520924
0.7180196860234309	0.5696195131937588
0.3565433914412203	0.4454428723318895
0.288826388911975	0.436697751701401
0.1566692630757122	0.8630782393593679
0.843330587333861	0.8630781691110185
0.31870033901603	0.7302230187482635
0.7382108133078322	0.323240969858448
0.02924847033972076	0.1551517839532092
0.9707515296603977	0.1551517839525082
0.8459018604489512	0.9703504406090985
0.1541574083621881	0.9703780650376488
0.1541274771718408	0.02956488609181714
0.8457458022742967	0.03033627695707844
0.6681515915704018	0.5373104902722422
0.1395617952274698	0.1569218918776298
0.86043820477272	0.1569218918774296
0.4667679375229206	0.227295227473423
0.3359175594392662	0.5741664716927648
0.03423674861035508	0.03423794525023269
0.9657632513896933	0.03423794525018183
0.3689047245553396	0.9128888564871543
0.6313629934206604	0.08684698865086361
0.6232626245096137	0.7726808804063926
0.6089822974124283	0.8325613875581935
0.1706410986856439	0.5967661274138057
0.9119555422971801	0.3695911885695186
0.3583213620424581	0.3879614466698739
0.3800373520338505	0.1260327770181509
0.5479216030635456	0.6279414852568183
0.3108890774792705	0.620132671796328
0.5973648870497246	0.6009209986975725
0.7682068918496582	0.1304035037302292
0.2316473553463564	0.1301796240373691
0.2313973231662571	0.8689990750007426
0.7683473258729536	0.8691514132307107
0.5115688016416815	0.3672701576554055
0.5439149527198972	0.1312469289131571
0.7167680208543625	0.9208936378430936
0.2832393973558884	0.07910715702963562
0.6535494283697418	0.5020600594539598
0.2621065604205677	0.9251879914829668
0.7379174462912953	0.0748067958978724
0.6749381517046158	0.432132882098417
0.02925372029103789	0.8479442033152113
0.9707462797088799	0.8479442033148359
0.3809054977349563	0.7145868941303406
0.9270225523234488	0.2650470481640697
0.07297744767688931	0.2650470481648567
0.3355744774665193	0.1299206444374595
0.6667623181651838	0.8698309534569397
0.9249080180859029	0.7379736517777756
0.07509198191362199	0.7379736517787047
0.7049372356054624	0.4841938224967205
0.5771814187540257	0.7255677358417292
0.4585004382427646	0.9288561556851915
0.538857151287398	0.07045847280985565
0.07268242118429022	0.4603234509084555
0.9275650938808937	0.4599524711042839
0.5096848645256945	0.8127302294157842
0.4612388737129952	0.6226280769630206
0.4932790521711679	0.6094683190832195
0.6079239106071773	0.1487466843779398
0.4246858758418876	0.2718591080204135
0.8784747888793222	0.4237236964888764
0.5457791651307632	0.3772049539991779
0.6845396548953171	0.3670926487428168
0.6525660705487897	0.5940486965507907
0.03265426596234281	0.410326740688706
0.9673439315419495	0.4105481639910092
0.08861897917709771	0.4050572873537499
0.4234956490472123	0.878961958183055
0.9674308877492117	0.7444063104630089
0.0325691122505694	0.7444063104639269
0.5877744651374263	0.03504106909991905
0.412171352772142	0.9650136605192804
0.7132581653551295	0.381667049071562
0.7691401575797766	0.5319356314152373
0.167260455089909	0.5643198093950373
0.4575859332859262	0.6573445118644879
0.3655333382279533	0.6830518867815313
0.7447390230294864	0.9716220881307708
0.2552497991678658	0.02838010656933163
0.3511069346404692	0.2122990648395502
0.9694519910258622	0.780675318651893
0.03054800897393279	0.7806753186524689
0.4667105167666631	0.4328585099879783
0.6132911990955481	0.3164414651556787
0.7035896175436549	0.5407776059345676
0.9089501859846763	0.9263979215546937
0.09104981401566838	0.9263979215544372
0.3566351295182814	0.8171566502014194
0.08211795598839758	0.3682809968918021
0.7952472484801734	0.1796671268870939
0.2043211147319254	0.1796149452025752
0.2048454851738475	0.820611066177244
0.7951007564095069	0.820611658283992
0.179842302445209	0.2020551263527144
0.8201097379119737	0.202060924317193
0.5681477956021914	0.2838783240853927
0.2852098517462382	0.5606249992961793
0.8204420851431663	0.7978342549063502
0.1795435270614572	0.7978418736174894
0.5741462747724027	0.8115441223135483
0.8104834119327161	0.2332321742197869
0.1873688236739346	0.2334214536017488
0.1892876077227926	0.7665405577030291
0.8104839649057465	0.7666184078695718
0.7045878293684608	0.5962527844114842
0.2229925396598665	0.9700888619558933
0.08859368581111074	0.07595065860671363
0.9114097109505424	0.07595045495906948
0.7769889313273164	0.03004357845918758
0.3660929116510055	0.3260443236526123
0.2647989483195581	0.6303994723059441
0.5912760922425799	0.08574165024760315
0.4063911464589138	0.9120431600966393
0.8513679661490527	0.3278467432700172
0.9102881956918467	0.4079094339194704
0.2631246762314057	0.7181147411036497
0.5763046174199487	0.9229951582035028
0.1641603884736461	0.6703829326270351
0.7790776334485355	0.969842604423425
0.9734158437960267	0.2249999999994784
0.02658415620400549	0.2250000000005741
0.2209125837066617	0.03016013463985547
0.2298431656281749	0.7251972974739418
0.3590984864925366	0.07792433226494425
0.6407196912461438	0.9219750728705138
0.1493110700512755	0.331250212589113
0.5743233618048806	0.1931103062209766
0.4727389510837965	0.7102280562789676
0.07948725893031644	0.3009742791144247
0.9205252759292853	0.3009889538802466
0.866896205394283	0.5132745169192898
0.1379233293719571	0.5528812139319965
0.1253282837163309	0.7659250868671809
0.8746717162836285	0.7659250868660028
0.4712590339291858	0.2871809173409262
0.07186753895808023	0.8959437526418164
0.9281324610419563	0.8959437526416529
0.5072944046670298	0.870730310919877
0.8697329271788468	0.2737233096356617
0.1300770763458333	0.2737354633523034
0.1397663152517365	0.7259078720468093
0.8600760421680003	0.7260275263742811
0.3566511388581667	0.7377127713136195
0.811544757199149	0.5033454480633222
0.7753837245872448	0.2404094578345415
0.224651927574012	0.2401582312148169
0.9289658178070037	0.1011597246556394
0.07102544441115737	0.1011426471716146
0.7755570153260628	0.7597506047621154
0.7985226323589857	0.4193683728265027
0.5682295777645455	0.2556807398710527
0.2590430691528137	0.1797454506856886
0.740753049198263	0.1795873225612187
0.2590301774834609	0.820264744784148
0.7408582265571949	0.8202970431609481
0.3727191156517782	0.2335540867847576
0.2240826974555929	0.7594599613314785
0.4352642176116461	0.02815020789107012
0.5647224204033737	0.9718495390281287
0.8500614756354591	0.6719620287852128
0.4954231526461843	0.4165990841655874
0.2824459892555923	0.4851339590521303
0.6358555153490705	0.739744442217007
0.4222608977132437	0.6704932203112562
0.8738837657209543	0.2355866300508923
0.1261162342792957	0.2355866300519762
0.2495008650374965	0.4854179222974
0.5069523692670734	0.6651514388851267
0.8758369132175353	0.9744797882953216
0.1241709892910866	0.9744834715522246
0.7789267983505256	0.3627477283450039
0.02544512115086632	0.1246640079675619
0.9745548788491972	0.1246640079670591
0.8755647540460197	0.02608325627312273
0.124457412639381	0.02598274610542461
0.4844760284320951	0.525322109905078
0.02513660721115659	0.5657702192382813
0.974902604830384	0.5657692278710035
0.6393478615586923	0.3291737854230998
0.02997119342439665	0.9330689790413222
0.9700288065756589	0.9330689790409019
0.4887153745698578	0.1314737139499267
0.2639635722087441	0.2807193748951544
0.5251482889798614	0.2362584152739392
0.439089281688288	0.5696595711926604
0.7032161387750693	0.8234209828111295
0.4275440638480561	0.7474538771913922
0.5700467579682656	0.4792624941732257
0.5736850771127424	0.5293632535634278
0.7031253991944328	0.176598447246512
0.7708695663796599	0.4075378495951105
0.6712062776833777	0.1573735897342514
0.2996761732966263	0.1777814633190833
0.2970495493244071	0.8233565953491032
0.8751176721434989	0.911509015110748
0.1248823278571656	0.9115090151102991
0.3292333258955471	0.842368568318715
0.2307045894317617	0.6696713943043214
0.9743875426917358	0.8776971149687955
0.02561245730815941	0.8776971149690324
0.5193561163460845	0.7623123185114363
0.522890101864433	0.7122324694805561
0.8862807823922348	0.6026556211270802
0.5063226964162081	0.3326114097232799
0.6161800676245175	0.6915354834816809
0.9411587305663742	0.8371571338938303
0.05884126943347456	0.8371571338945278
0.1167344640855717	0.6017680675758392
0.06722272265843005	0.9702113714862062
0.9327772773421494	0.970211371486402
0.9183435800221249	0.153521888957667
0.08164730477816848	0.1535047888463053
0.3637522033849732	0.5102259430560284
0.1384318160121586	0.3857823504771757
0.3599761507694733	0.1835975392042156
0.2061870888892502	0.3570610553198555
0.6436085275631586	0.5599569904410667
0.4610077052595484	0.3713067883807991
0.166992712010274	0.9410843248717305
0.8330731422245918	0.9410536310623482
0.06700783889465652	0.02983097523500169
0.9329921611047066	0.02983097523504669
0.1179947718535048	0.4132413426370782
0.9701999188062287	0.06703286469235961
0.0298000811938194	0.0670328646926916
0.1787168011581157	0.4073572679047576
0.5205082827633416	0.1524543279680143
0.8338764837371014	0.0595928384152985
0.1661123275686852	0.05953851461925356
0.5193406399934478	0.2832498749302031
0.3191757959772684	0.3623742883069155
0.2940817422530433	0.3789443516095085
0.9350847088063909	0.7982957147243921
0.06491529119315942	0.798295714724871
0.7159710636356599	0.73590044678001
0.3466219785642553	0.7893700262053109
0.5608979264659228	0.8625700197055904
0.4314368329912617	0.4732586047960497
0.712811164940953	0.2607767284964407
0.8366280869899968	0.5707842538297951
0.8673383739770962	0.5563627664561875
0.3684201561289135	0.6256056612777382
0.6194518930543015	0.02955967895470067
0.380542667170394	0.9704443772711792
0.743971690367501	0.4352181451251392
0.6948385318648623	0.07438426545732627
0.3051597437546584	0.9256217880377401
0.2331346092006971	0.5726371232117691
0.202650178648688	0.9343646279295372
0.7973545846134226	0.9343515947204389
0.9704170471185593	0.3808304066539761
0.02958295288126651	0.3808304066551961
0.4065415254930427	0.8238433592021166
0.82677398354359	0.3824100225537711
0.7688332937027719	0.2737478486554126
0.5160011402558677	0.6318736094962101
0.7974566067670437	0.06584196814908018
0.202274220616762	0.06576974625253304
0.4102944056502099	0.4304099617143808
0.7689287846566015	0.7258782233553672
0.4020569338516033	0.7727229308639968
0.8400597783256513	0.4617921191332051
0.8616461832113116	0.6181659133744276
0.06357390949942678	0.2068696007442782
0.9364260905008934	0.206869600743522
0.4618906253410848	0.8409017989370512
0.4115987575284159	0.2020664458773911
0.502611293156375	0.09391315688655279
0.5178743129232872	0.528615552025213
0.3427777462345027	0.4162405759713156
0.6166466051038793	0.5062079648812947
0.072054107560983	0.5819521013142123
0.7464623233186548	0.9207049754267781
0.253252358199116	0.07930642230010361
0.6579725670086984	0.4069751250488556
0.702612270161207	0.3235336855808251
0.6789209395925546	0.6459468160189402
0.3628543816479013	0.5794044833948256
0.1705776945544572	0.1424176220195904
0.8271042152112146	0.1405567590550592
0.4266061520879221	0.5202554420611019
0.3249443642300099	0.6428007622114862
0.691706990619722	0.7887242305096054
0.704030786283019	0.6776698876003935
0.1424876785068925	0.6168263923010608
0.2857499497037644	0.7346937609776166
0.4235516481292987	0.3342715435116354
0.6930973323675742	0.2106013683492805
0.3062169160643787	0.210079154422216
0.1723112289226088	0.891754926401556
0.8276885799339593	0.8917548366396267
0.929199200039487	0.5821669683866231
0.3062391578238162	0.7899878661813737
0.8259148076218779	0.1106420024372937
0.1738195925525641	0.1104763783599583
0.1411473028785388	0.8301581364659715
0.857312283969354	0.830006020621553
0.7162012684514071	0.6230252490485547
0.506133884640433	0.4747560648530722
0.2914774498492803	0.9758483395878758
0.708534765052776	0.02416279984395857
0.2303751078423916	0.1888479210749552
0.7693806421670898	0.1886729086740079
0.7693946422300396	0.8113475194923792
0.2303374495881328	0.8112071978623854
0.126808318240074	0.7019689950252864
0.8716774073712173	0.7014220968577294
0.6723258907139464	0.8380240758973062
0.9762618207474373	0.2915142100431216
0.02373242133698601	0.2915122541418507
0.701830969217257	0.4479130195071651
0.6528008869369512	0.4627894553230413
0.5028471684978711	0.5805433320657885
0.331853309877625	0.1627999387543274
0.2905557182558114	0.2642054827748823
0.5721835390686021	0.7541112831656077
0.6439623141638049	0.2662783378278704
0.4408544626482371	0.4150207549087866
0.2929564759078059	0.02665623865924387
0.7070375641303283	0.9733451708825002
0.4137558352099923	0.06559233126981005
0.6231534686222299	0.4532598392989128
0.5553898777481604	0.3304651915857904
0.189858874724873	0.5470049843194114
0.5021070771662529	0.02365504146173692
0.4978882724103787	0.9763434060100885
0.6486293901433037	0.1813754992349234
0.7226449172684908	0.7706898671001809
0.1223848788731553	0.8797275571540393
0.8776151045061931	0.8797275493491132
0.1099995901709717	0.8277859570910969
0.8898292528120533	0.8277690553309458
0.8838347972600629	0.08053663238214687
0.1162009630920412	0.08053877633902912
0.6532088220184115	0.791944190263113
0.639257439513645	0.6808228477187783
0.3852712212099144	0.4921926865311085
0.4409886340121981	0.122863056108184
0.4283877570125586	0.1536513250374939
0.8044948987525978	0.632842315810656
0.9726912324375613	0.6174545066888124
0.02731324448898443	0.6174184271289401
0.6167749072179104	0.9724373279508547
0.3836247188566038	0.0270156079957613
0.2136036925263644	0.6446767476416375
0.1828169758330057	0.6446138733829659
0.4121747030850737	0.5769380590628067
0.1205946156700462	0.119708473308937
0.8794053843300792	0.119708473308728
0.9436576718543036	0.1678508087652308
0.05634232814591494	0.1678508087660406
0.7282148232199867	0.2268967896880391
0.3979319627541172	0.1056868919832316
0.02405127183980291	0.4984147263474832
0.9759487281605419	0.4984147263453775
0.9116235380874083	0.1258086865992154
0.08829442511378705	0.1256547855928491
0.974158552978435	0.7022193618511474
0.02584144702124851	0.702219361852471
0.4784199912361581	0.6776244238899811
0.06922535880978083	0.7068871651216561
0.9307746411899842	0.7068871651201494
0.5534535830181367	0.912943649654416
0.2930833105340913	0.320673470043964
0.08441559686523918	0.5538765321539885
0.795953104722083	0.4461366121476899
0.6549511567563265	0.6260990055830044
0.3700123320236183	0.875127410583344
0.6309905630665784	0.1247203036026712
0.2791111363176361	0.5369147987523647
0.3067937994167981	0.4114122600511596
0.6471999618620191	0.8200747360481936
0.7896995464123099	0.5568207642793438
0.5803055086942468	0.1636615052729166
0.9025503206926003	0.5081429509737909
0.5072105009625908	0.9025102670610257
0.443918388201447	0.7976346864718172
0.2864790536678792	0.8779253733701754
0.7135621629405632	0.1220592124355319
0.6057117097818512	0.2067471349530847
0.2836936713122624	0.6102100457913519
0.3997913137371458	0.2258245984484545
0.8926555974586076	0.1731035796201289
0.1073433897416278	0.1731016796079971
0.6686682598273145	0.9021553626211087
0.3269715745894158	0.09686563876423067
0.7711084512308121	0.3051839205946162
0.7157977220152542	0.5149479426421515
0.5932756364371787	0.5741870852840688
0.4537512872060825	0.3466864688468448
0.8085479633207854	0.3625841553021948
0.233499499209359	0.2689496957253545
0.6593724753169101	0.3797500837946
0.3809513476745622	0.8284071477514854
0.7757504461011927	0.6926462251545913
0.6023504595586523	0.8012991834132851
0.1092082798826153	0.4625925349592434
0.8714023287469744	0.3686996720346524
0.4432910601731858	0.2063212357686195
0.2220913486320623	0.3198644555838402
0.6851176526707692	0.3410262998854157
0.41128249074656	0.6216927360631107
0.8630242894318138	0.47858844880846
0.7175203739753634	0.8744064627895577
0.4784940643999551	0.863495183043631
0.2825658191569133	0.1255965333849637
0.761031543362289	0.6020142604801628
0.7880972853820741	0.5880924707859605
0.06815918333798873	0.4258380844875039
0.5334816340202256	0.1011762356602117
0.8236154285386591	0.4088126755518299
0.2698772711660903	0.775065735113726
0.5280206136667283	0.5004953167847499
0.4083407716035536	0.363439866765026
0.269879337689837	0.2249451044982955
0.02221319502398233	0.4361786811066202
0.977784523511727	0.4362450591589723
0.2970561757645503	0.6813171456630799
0.9173867489225195	0.5538796845554868
0.5246509855695705	0.7882085066089216
0.824642302000004	0.683221178762515
0.435512638732677	0.977511548375592
0.5659421574086019	0.02200640981300076
0.8504009713096358	0.429052167827766
0.6179212172776737	0.9455563565420694
0.3845228222781513	0.05433198111137285
0.8456700311659953	0.9159614083618577
0.1543299688350055	0.9159614083613656
0.152178046332932	0.8056104567785327
0.8478219536670215	0.8056104567805622
0.4291272876613357	0.850744013452831
0.942854952420359	0.6151011312376949
0.05718533991929272	0.6147764151823911
0.1976418158208997	0.5221872758359202
0.5559305143438584	0.8335923744720105
0.6603101583464868	0.2072455947382625
0.1640512781777568	0.3839434022248756
0.3355153263045713	0.4600049312854707
0.1781693945663219	0.2863478075423738
0.7730453332415556	0.6334259980911747
0.9319849396164288	0.4266675551502983
0.3011325647128637	0.4601145148316712
0.488461223860243	0.3831284695793673
0.4383774146546597	0.3848844147822558
0.5234469351323273	0.6862411842359439
0.5845207936476876	0.108097334698625
0.2041237925393065	0.1510360339903801
0.7921146207192099	0.1517389543922509
0.1543194431420838	0.1906987105618511
0.8456805568583539	0.1906987105612062
0.2080075963938939	0.8475765517141112
0.7919759111570547	0.84756880675487
0.5779782452487077	0.06395654113698307
0.4216385257804399	0.9364576772768368
0.8140363667354248	0.7201123327402329
0.318443370731376	0.7030126364846265
0.3014049187336344	0.05170202019138111
0.6226563017705582	0.8992356163261814
0.6985912005344633	0.9482963250611136
0.6022259983347982	0.5240705412907348
0.2097025781405337	0.3990995798767412
0.6313995473549534	0.3643094814061926
0.4593687816135305	0.890791359639641
0.9007705463189272	0.2816448956402214
0.09922083396389345	0.281626949781271
0.8901947406188315	0.4598092799598372
0.2165276171146042	0.6933220340554207
0.5893466488266063	0.8621073844760702
0.4158102465668387	0.7980993499151867
0.7168736088164259	0.0906939015305686
0.4744262908309496	0.4986789688657074
0.2831249034025862	0.9092961008070345
0.681739230580326	0.2524201182303492
0.2521426879268619	0.4045408863835769
0.9075161596005107	0.667389563443831
0.09248384039887647	0.6673895634467563
0.1787761209376793	0.354363843647483
0.4465834294623067	0.2891637174320172
0.3756664246630013	0.358424081486323
0.4958455978350567	0.1888343461614989
0.3995866918566797	0.317596894810621
0.6218294000007965	0.1766188876839246
0.8663530528357236	0.6482316565253564
0.1358648262910524	0.6514801464481005
0.09953998066517698	0.5129725231681876
0.6124341893782697	0.7172179738125039
0.6859155616811722	0.1286549550861336
0.5622779461403469	0.5039662880059396
0.6189704104642558	0.2791439907433205
0.8320928764654297	0.5180679540217006
0.3141558882712098	0.8712567429040168
0.6768288308995357	0.4865557885710025
0.1415534862114941	0.748854495064652
0.8584581056165937	0.7490871213002339
0.08196275033070036	0.2377959407485462
0.9180372496697303	0.2377959407479277
0.9797386285550433	0.642494145895958
0.02026196836851396	0.642489335289385
0.482271274978208	0.9143460864281131
0.9107300088716443	0.4822136040254705
0.2683194808818897	0.5796631914241905
0.3866731819020122	0.6658806438499865
0.5515382562183434	0.239200243423165
0.978513731450641	0.5409487983727705
0.02148626854982658	0.5409487983755571
0.5507278113208649	0.5443198898402598
0.2597062443444089	0.6551679445815672
0.8041346869064794	0.09817461946681544
0.195794010100705	0.0981429066695578
0.4531654198059148	0.08991547366013486
0.9414738579926841	0.3187812625343895
0.05847023416529702	0.3187597468749145
0.04919075420242548	0.6955901377894069
0.9508092457973386	0.6955901377878675
0.09777330134062021	0.8040291488368791
0.902203877723243	0.8040268952687494
0.2664112734248718	0.4259893268991006
0.3123073611572815	0.2529060914702734
0.3760566393142371	0.09890768632982569
0.195151065327776	0.9016287761428423
0.8045000772083449	0.9016787577321043
0.4880454074691767	0.7588749349765664
0.2355156911584171	0.6208296615640946
0.9402079356636642	0.9197995734415553
0.0597920643362112	0.9197995734416046
0.4591548921654621	0.02211076457939461
0.5408381846971799	0.9778973212624458
0.4417132939134208	0.5403381584600652
0.171261350684026	0.6226529273927359
0.4422067985780116	0.4963351214229677
0.8187949883040803	0.5494618863162521
0.8143675325459327	0.2783736607761277
0.6414535121048337	0.9793192258125573
0.3585953143738111	0.02060939195463458
0.01720827439443967	0.9831727059707723
0.982791725605589	0.9831727059707434
0.7289681943633916	0.6967323417267918
0.7660794588138274	0.3813531629128292
0.1360208571887818	0.2131214869992313
0.8639791428104776	0.2131214869987859
0.08939885433811418	0.4836684398853696
0.74140597990074	0.5769888636667861
0.73764708206452	0.2749094386070913
0.824927756824115	0.3138674920560912
0.5948129670071611	0.2948584773721575
0.4805806809580281	0.5703149697777261
0.2092608504128393	0.4464122512254458
0.738053960339114	0.7253398298515842
0.1394468505543114	0.6791914176140202
0.6386278871240341	0.8708508011847338
0.114431419049934	0.9523722034688211
0.0933910374160962	0.943276711869061
0.1120901956495062	0.9354934131541973
0.8879098043511435	0.9354934131545323
0.9066089625843501	0.9432767118693475
0.8855685809508173	0.9523722034691862
0.4133567286155386	0.2428171662260246
0.4270366277964411	0.2519573977487707
0.411005976660985	0.2627188764976675
0.440766153581558	0.2659785745655612
0.4431169055361117	0.2460768642939183
0.8544157735730803	0.2477020206643876
0.8718083464499005	0.254654969843277
0.8523403543020265	0.2667703604567723
0.1470496399458341	0.2672374693500159
0.1280966553125645	0.2546610467021398
0.1450692189125654	0.2481630526998523
0.6562080585333114	0.05988299357975546
0.6643378283254588	0.03947819102662455
0.673876968976833	0.05820235764437535
0.34378875327521	0.9401197719655385
0.3356645254340764	0.9605251556504422
0.3261214919118188	0.9418031984292398
0.9294399786124612	0.8277631310121329
0.9255458930176721	0.8494183163004421
0.9138271410637591	0.8400243134187447
0.08617285893600546	0.8400243134188052
0.07445410698232038	0.8494183163006526
0.07056002138715962	0.8277631310126805
0.1855043144291686	0.8518048803997544
0.1761767748691147	0.8673447852299285
0.165996802635766	0.8475383345291938
0.8340031225694602	0.8475382994055323
0.8238223649815986	0.8673443812985634
0.8144949002171977	0.8518045115930772
0.1916659692948569	0.8397874907065654
0.2018459415282056	0.8595939414073002
0.7981450268931953	0.8595897001204891
0.808325784481057	0.8397836182274581
0.6120324789675442	0.3892302444538966
0.6167163955941235	0.4102513356994468
0.5973414983253282	0.4038246186998983
0.6209574235695209	0.4270837104748501
0.635648404211737	0.4124893362288484
0.1155757429396945	0.2019632302918202
0.1049575873597285	0.1936517602570458
0.1179615453215938	0.1814131496427715
0.8820379482786748	0.1814140996488775
0.8950419062405803	0.1936527102628126
0.8844242570606475	0.2019632302915612
0.09466646733194833	0.1779274032060157
0.09228066495004908	0.1984774838550644
0.9077193350503208	0.1984774838544727
0.9053330262683479	0.177928353211789
0.7366074447648212	0.9344321983110773
0.7564403865133152	0.9317258664073447
0.7465855079594816	0.945453089291644
0.8583590256923168	0.2301230493711646
0.8388910335444428	0.2422384399846599
0.1605939589410059	0.2426994720198101
0.1416409743077362	0.230123049371934
0.2632456022509364	0.0655739461985258
0.2434050927693102	0.06827993322607606
0.2533983368211306	0.05454745712449824
0.8424150466008147	0.5954996540661304
0.8295512584541453	0.5880610753174846
0.8494918751366661	0.5782228325784409
0.107966070936417	0.9189534683323681
0.1290064525702548	0.9280489599321282
0.8709935474305548	0.9280489599325594
0.8920339290640875	0.9189534683327208
0.06541540176381884	0.0814013867603102
0.05557607406364561	0.09940120111975285
0.04996603141630709	0.0796599407084484
0.9500339685837125	0.07965994070820366
0.9444195570454763	0.09940973986157911
0.9345802293452398	0.08140992550226399
0.2337307741816625	0.3668395413899044
0.2195092714673473	0.3725042812979974
0.2204085916035654	0.3513963154117625
0.03435975361548914	0.01711897262511635
0.01711837430517754	0.01711897262511635
0.9828816256948467	0.01711897262509091
0.9656402463844563	0.01711897262509091
0.1316025739421066	0.4825287402574414
0.1114906437378756	0.4758453963577748
0.1293202100868463	0.46927587885891
0.01711837430517754	0.03442666493285283
0.9828816256948467	0.03442666493274976
0.6042730403746082	0.6257561432128753
0.6173893490781648	0.6421643379395492
0.5974052904411233	0.6460825973987486
0.337276315948853	0.3090093783345644
0.3235247268804256	0.2982394725350455
0.3383529584769736	0.2852361752678554
0.3088524088418467	0.283499788350094
0.3077757663137262	0.3072729914168031
0.3831155612267363	0.3998194760014249
0.4001967864080548	0.3908567598995774
0.3968973624745974	0.4081144415767337
0.8620009232473236	0.6019136623507571
0.8420603065648027	0.6117519050898008
0.4819434928353228	0.1774195471019228
0.463101487407874	0.171520614721852
0.4749900486797333	0.1557573446728455
0.4442594819804253	0.1656216823417812
0.4512129261360149	0.1872838847708585
0.7869287250152883	0.4695895426470869
0.7808634246812305	0.4562340591915555
0.8020184050561407	0.4594920956032214
0.7730922386961359	0.4831779474617461
0.7942472190710461	0.486435983873412
0.07419952246379552	0.06880539247785969
0.07980956511113405	0.08854665288916413
0.920187764378773	0.08855508980735446
0.9258021759170091	0.068805290653979
0.6023590824595642	0.2379799014693341
0.6074820914450872	0.2562924241925997
0.5884584770578223	0.2497118672041591
0.6683808296635356	0.745712777550497
0.6860944699749573	0.7438876448355158
0.6788476254915073	0.7608712987449087
0.4999114667133542	0.2383101843473711
0.4822821062447162	0.2437436645388315
0.4843972979915585	0.2218617472819625
0.4618071844220746	0.2436966342920659
0.4773213531438703	0.2601450713574744
0.8998811541405116	0.8447242770189999
0.9037752397353007	0.8230690917306906
0.09613918175590822	0.8230775426109651
0.100033267351069	0.8447327278989372
0.729402100565933	0.2946435547149063
0.7431745064075732	0.3088142543740677
0.724438407466192	0.3090702701992866
0.4437610850449241	0.7269730652349375
0.4494842458242013	0.7121503836309917
0.4670157903045193	0.7250507378829134
0.4383104320910156	0.701041571254998
0.4615651373506108	0.6991192439029739
0.2036274663624541	0.6994549292119996
0.2231853913713896	0.7092596657646812
0.2102852406192394	0.7153925609212601
0.6410012611890141	0.2413534461609225
0.62714700660338	0.2251700975391275
0.6467655709455651	0.2219630852422753
0.1963282720875754	0.7224074847967019
0.2158861970965109	0.7322122213493836
0.2272928961864065	0.9230467249726342
0.2415554012498503	0.9142673420204124
0.2478440553571239	0.9339673744351886
0.260345980039003	0.9077807130448337
0.2397948208682856	0.8968600635822792
0.9418496824816462	0.6616121667572926
0.9613250152372312	0.6588219428256648
0.9494363090250562	0.6766180434473568
0.05056369097460192	0.6766180434490111
0.03867498476269374	0.6588219428274189
0.05815031751806185	0.661612166759191
0.3115785039126718	0.9439151850759417
0.3197027317538054	0.9235098013910381
0.6884226353169214	0.05609091027428535
0.680292865524774	0.07649571282741627
0.09659332121139687	0.3212606366719971
0.1160504772280372	0.3286976807118198
0.09812268490583931	0.3419737860170655
0.6761719791908393	0.9489794436252744
0.6581617794533756	0.9611120711666877
0.6609471111365994	0.9417052738494763
0.3238233254248666	0.05101832465644197
0.3418333472063878	0.03888887157355081
0.339046485057044	0.05829369208883189
0.2484286927174293	0.3566897607444103
0.2475293725812112	0.3777977266306451
0.9020072981705434	0.3394411958224575
0.8841359127156301	0.3262311269661216
0.9034630856556527	0.3213266731202922
0.5937485820730808	0.7633277018975437
0.6128774076661985	0.7589413557646985
0.6041337989164959	0.7770672265392378
0.5771905186520638	0.6461880525964994
0.5590068293150532	0.6453215938888711
0.5661052924005562	0.6288079439644465
0.7183373165560483	0.8386974293902509
0.722037182666132	0.8218590129860388
0.737158360447111	0.8371354595651603
0.6293113299916626	0.6584707515515575
0.6361790799251474	0.6381442973656842
0.06213501532479267	0.6432490028820876
0.07402372153670085	0.6610451035036798
0.9246937679320223	0.6621476775732238
0.9365824741441974	0.6443515769515318
0.9799366481419745	0.1007529544567447
0.9650366075450889	0.08234630987993921
0.9850999594031143	0.08543950926916513
0.0149000405969097	0.08543950926955521
0.03496339245497663	0.08234630988029133
0.02006335185806693	0.1007529544571549
0.9004097316607622	0.9800777510920007
0.9185225082630866	0.9651834368352017
0.914664500739825	0.985105685743201
0.0853354992604651	0.9851056857431031
0.08147749173747704	0.9651834368349455
0.09959026833951209	0.9800777510918424
0.3453927276259671	0.4969277832018971
0.3258655153397434	0.4984998200052528
0.3373583746563035	0.4813625204007165
0.7372556288090433	0.1628247152869542
0.7219392241963479	0.1780928849038654
0.7184418038071281	0.1613302776296008
0.2526471471949342	0.5011043790984613
0.2659734271465444	0.4852759406747651
0.2691197093039821	0.5009623974758265
0.01601532817072991	0.3322196070185323
0.03922100699788528	0.3350481534174702
0.02320567882715538	0.3489823925536671
0.976599991518874	0.349048404260236
0.9605630711644619	0.3351214997585693
0.9839630796455879	0.3322269416513061
0.1006144712949736	0.02211366416850461
0.08239425281136295	0.03702915178600546
0.08522805737826721	0.01491548761750084
0.9147719426211824	0.01491548761752334
0.9176184850445319	0.03702838810749316
0.8993982665610076	0.02211290048996982
0.2830908301162605	0.1618946806819859
0.27935962122472	0.1787634570023859
0.2627742780443542	0.1628766743652886
0.2627627929902568	0.837074611628188
0.278039863403934	0.8218106700666257
0.2817724789107299	0.8386205369106656
0.2757640051571051	0.514846847605875
0.2890902851087153	0.4990184091821788
0.6418283013226398	0.9379064871307017
0.6598385010601036	0.9257738595892884
0.855350195526132	0.5273094349649343
0.8671172896856896	0.5348186416877387
0.8555712798175387	0.5488535597333831
0.3580774966655509	0.06204428563544248
0.3400674748840298	0.07417373871833366
0.7593057405249071	0.3288491423636244
0.7546596322693222	0.3142124452265321
0.775754559486397	0.3198206177317085
0.3611182556764035	0.9358652928369475
0.3795327796896976	0.9280311261088936
0.3717463108107616	0.9510075624586869
0.3515752221541459	0.9171433356157452
0.6282533327175523	0.04899328386582424
0.6390159556512989	0.06400290780643414
0.620600370486914	0.07183736471025373
0.6485550963026729	0.08272707442418493
0.7722590210236814	0.07737236826262557
0.7582215030480479	0.08560630694129642
0.7519549642669288	0.06657285721920154
0.7396444769900083	0.09219691101331587
0.7599485337467611	0.1029964220567399
0.755578736368731	0.9571844227593411
0.735745794620237	0.9598907546630736
0.1664601237060271	0.4880422240108164
0.1605942420317322	0.5065428629350563
0.1435662586167824	0.4944598616828165
0.5019022410153136	0.3181857025182699
0.4836774883621335	0.3257431549782556
0.479257032961239	0.3113174477732455
0.2444038132536852	0.04281677536069006
0.2642443227353113	0.04011078833313981
0.4710030987597194	0.3358738154093853
0.4936483068137938	0.3427420701544097
0.5420044578230676	0.6440993109680699
0.5530896840745751	0.6614794196001228
0.6941341282113255	0.7738851982697665
0.6764204878999038	0.7757103309847476
0.8025476934269942	0.9831254804582805
0.8197890727372192	0.9831254804582805
0.1804776369102959	0.983249790387521
0.1977190162207126	0.983249790387521
0.3661725551698234	0.1162582828642993
0.3578059147501849	0.1279767107278052
0.3439411178861578	0.1182022165739536
0.3478878750245702	0.1417391892853015
0.3701193123082358	0.1397952555756473
0.8196594541902376	0.01674585203883642
0.8024180748798473	0.01674585203883642
0.1974484509269175	0.01687830808637117
0.180207071616623	0.01687830808637117
0.4118679195022677	0.7010980530387982
0.4098835980765865	0.6793083077029184
0.4242452191389249	0.6922829656471361
0.9850999594031143	0.06813181696149909
0.0149000405969097	0.06813181696181866
0.1528263312866727	0.5227310842144532
0.1757201963759174	0.516313446542453
0.8803099385569435	0.5466207107899916
0.8800888542655368	0.5250765860215428
0.937267227074157	0.3432398521720637
0.9325777626674641	0.3607670754685089
0.9166450067038731	0.3520639652730733
0.9263365297783228	0.3805945151074076
0.9469587501486068	0.3717704020063979
0.5109794041194125	0.2021080037658974
0.5319873400174628	0.1996351944069529
0.5230345943582468	0.2139554577315575
0.5475639259839475	0.1897161691096829
0.5355087357451134	0.1778687151440229
0.01659752548620222	0.1813843427151462
0.01659752548620222	0.1986920350228827
0.9834024745138804	0.198692035021942
0.9834024745138804	0.1813843427143
0.6509206658370656	0.02057941348100233
0.6330604054681194	0.03535925295835266
0.6373121534232478	0.01477983947735033
0.6372180177234623	0.5883049160516921
0.6384115847802196	0.6079432901522333
0.6230635319548923	0.6021995096531347
0.3490796865029006	0.9794208645933704
0.3669372269839308	0.96464305322896
0.3626851266893638	0.9852221886355896
0.7827354168654861	0.7324401007446999
0.7855752390980473	0.711557584324821
0.7993818713069318	0.7181194617141535
0.7156342962506803	0.855132885020115
0.7005131184697013	0.8398564384409934
0.6685895762805872	0.01889877754562222
0.3314124251395094	0.9811042910570718
0.5932338435378324	0.3323033446526949
0.5883122726178067	0.348671756847004
0.5745133224125299	0.3357542475533309
0.5811246665956267	0.3674630936009941
0.5998451877209291	0.3640121907003581
0.2376913482997313	0.5084076122944438
0.2374600389081112	0.5285656445712199
0.2193579578554705	0.520182420966141
0.2366547531072706	0.5462423726295428
0.2549881435515314	0.5344675639578456
0.4468591876670743	0.9179969263326034
0.4400694820116022	0.9326569164810141
0.428428231435912	0.9217976871284261
0.8844496523482839	0.04941277246226952
0.89303980312221	0.06238121668104325
0.8752446464861368	0.06756818816337314
0.1249069811822593	0.06757727876729984
0.1069908149100553	0.06238305233801918
0.1156968330002735	0.0494215547662899
0.5501028799724461	0.08348758134513093
0.5584176982680529	0.06720750697341936
0.569663426953101	0.08023661550869465
0.06798667806794889	0.01491548761750084
0.9320133219315727	0.01491548761752334
0.7155877475826691	0.9866725854412501
0.7258882935799074	0.9724836295066355
0.7344384770322481	0.9858110440653853
0.2844092724363295	0.01332811932962193
0.2741031375378359	0.02751817261428775
0.2655559340663594	0.01419005328466581
0.5636889991642982	0.2214409964267532
0.5591829460305888	0.2022964772967948
0.57882941493859	0.2122548253509351
0.9837154438746059	0.735664693692815
0.9707947203638234	0.7233128361570782
0.9870792764892176	0.7145712193868843
0.01292072351062426	0.7145712193878914
0.02920527963590896	0.723312836158199
0.0162845561252847	0.7356646936936193
0.9230512309542711	0.7723430819258352
0.9142365876743307	0.7581693579427065
0.9337226613658434	0.7521473757609044
0.06627733863371635	0.7521473757617336
0.08576341232494453	0.7581693579432743
0.0769487690450389	0.7723430819263033
0.9061182204081829	0.7379703150568357
0.8954467899966106	0.7581660212217667
0.104553210002842	0.7581660212224992
0.09388177959151947	0.7379703150579295
0.9625410112670164	0.7105132437452198
0.9591771786524048	0.7316067180511505
0.04082282134733634	0.7316067180522701
0.0374589887326759	0.7105132437465421
0.7167306586969941	0.1465790299624764
0.7014142540842989	0.1618471995793876
0.9319058800502416	0.985105685743201
0.06809411995004835	0.9851056857431031
0.12037646760687	0.4534074489926381
0.140488397811101	0.4600907928923046
0.2846273967222422	0.1448800437030621
0.3012127399026081	0.1607668263401595
0.6791446078749594	0.09117878423162717
0.6759341017835842	0.1110508162285347
0.6625366930933101	0.09847919219441376
0.3208486427825092	0.9088290250300582
0.3240258973129296	0.8887322470608137
0.3374229742833728	0.9013010367750915
0.298752731715688	0.8381047698669183
0.2834756613020109	0.8533687114284807
0.9850144032878294	0.916534489520451
0.9647440241474705	0.9190455467112439
0.979729620859641	0.9025110571907929
0.02027037914023241	0.9025110571909146
0.03525597585243074	0.9190455467115757
0.01498559671219833	0.9165344895206611
0.7596233253690631	0.2997857297421518
0.306782871665959	0.4979187082581497
0.3148172246356226	0.5134839710593303
0.2110258834987733	0.5863283318692554
0.2114692849496833	0.6072747395003167
0.1984134376084631	0.5963001147780813
0.5848610868774593	0.4360461465302775
0.5992742396401347	0.4464985556582552
0.5821099115656867	0.4576989922430842
0.4363261106653344	0.6792518259191181
0.9068272599674497	0.06008812796950455
0.8976222541053026	0.07824354367060818
0.102397324451576	0.07824471747287137
0.09318717626959007	0.06008899347186143
0.9833398854116102	0.8225011560562709
0.9833398854116102	0.8051934637485332
0.01666011458829411	0.8051934637489392
0.01666011458829411	0.8225011560566123
0.8004472580919701	0.2810012476547648
0.7865099131458095	0.2872794018591528
0.7827706386489325	0.2674696944510245
0.1462119710877439	0.3728985246790802
0.1280058284673191	0.367596590267032
0.1357859835429045	0.3547127644689365
0.1130933321548186	0.3655615880740374
0.1235193196996581	0.3837473482841812
0.7168950651706579	0.9607522960389383
0.2830976611052813	0.03924885437809593
0.5932815278548051	0.906526661018641
0.6017782514074406	0.8952366364049447
0.6141595782179228	0.9105256409398779
0.5345954096180793	0.223870531823276
0.513587473720029	0.2263433411822206
0.5547924950062352	0.4607622664636703
0.5355618563630274	0.4562946475268757
0.5484661201598034	0.4427789641783118
0.7876474919098296	0.3029974378287546
0.769970872466792	0.2894658846250144
0.6580206474085148	0.2855193057847185
0.6735364615814599	0.2954046491967848
0.6573926052703267	0.3054112218838361
0.6917872105339118	0.3050980679180137
0.6924152526720999	0.2852061518188962
0.9852085235592796	0.3634921264034744
0.9618085150781537	0.3663866845107376
0.03799715526778863	0.3663206728039006
0.01479147644063325	0.3634921264049626
0.5785942561959901	0.7677824279188453
0.5873378649456926	0.7496565571443061
0.1664542299475614	0.2923706594394346
0.1814998780564424	0.3047144122359207
0.1697847134376818	0.3107372641329815
0.6724579063190668	0.7903342103863592
0.6571714035992486	0.7773203108615014
0.1847489688725085	0.6070063249114743
0.1843055674215985	0.5860599172804128
0.1520250676900382	0.3148218619628043
0.1319160917924351	0.3196173719779322
0.1346300894311978	0.3031890213516234
0.3354820757449957	0.3394937727982953
0.3442704980016553	0.3240284996271834
0.357304489394346	0.3415095968237242
0.5765364426944249	0.396664309941611
0.5530972344104321	0.3938650232140258
0.569218373414756	0.3800042407267631
0.9540307244007076	0.4010730028181529
0.9496644355791892	0.4186078595706538
0.9363512284379472	0.4091326983977974
0.859939115392952	0.7702074435140145
0.8743631680717179	0.7833379914308419
0.8596305671810414	0.7876203480788536
0.1403694328192196	0.7876203480782311
0.1256368319281572	0.783337991431059
0.1400608846073932	0.7702074435143531
0.5812203593210041	0.4176854011871611
0.5640560312465561	0.4288858377719901
0.1401769016752023	0.8574006750481833
0.1395270709744337	0.8714028982567036
0.1230347095739238	0.8657253339455191
0.8769652821160399	0.8657253300434009
0.860472845920027	0.8714028592300659
0.8598230235298738	0.8574006399243536
0.9850144032878294	0.9498678228538675
0.9850144032878294	0.9332011561871212
0.01498559671219833	0.9332011561875193
0.01498559671219833	0.9498678228541679
0.6934878343303005	0.268144730797054
0.7117385832827525	0.277838149518283
0.6135472033143401	0.2256537967054297
0.6193115130708911	0.2062634357867825
0.6200707741128575	0.01477983947735033
0.7723396153788971	0.7092622242549793
0.7889860698203429	0.6949415852244329
0.3799265059997804	0.9852221886355896
0.9828579354376004	0.9661847845788123
0.9678723387254299	0.9493859407658467
0.03212766127468393	0.9493859407659647
0.01714206456248561	0.9661847845788104
0.3234714540332146	0.5307300851183449
0.3043888103594302	0.5301489733712418
0.5576854583116337	0.3646638068734089
0.5627043417582394	0.1805299980338648
0.2490242921095376	0.3329352894965939
0.2628228905090864	0.3438934747373347
0.5674368621453213	0.2352997939520293
0.5477903932373203	0.225341445897889
0.5190636783490478	0.3044717040387385
0.5234841337499423	0.3188974112437485
0.1344875648479901	0.8858591118001156
0.1516297569492685	0.87753445290278
0.8483701682559459	0.8775344177788675
0.8655124268421119	0.885859107897915
0.4305159151500206	0.9453192178046805
0.448946871381183	0.9415184570088579
0.4035675191497812	0.7143298025566782
0.3892058980874428	0.7013551446124606
0.8650299339437603	0.3035953616662174
0.868479833174896	0.3179816737669867
0.8479180669179169	0.3134604311692478
0.5692642199329514	0.05491832711415255
0.5497036729522965	0.05816929295058884
0.09984889845543861	0.3588459134743451
0.08039174243879826	0.3514088694345224
0.4338996769332784	0.4587042950920248
0.4137796827221348	0.465777689993818
0.4162425266641514	0.451223380289793
0.1257366922678117	0.5010293791816813
0.5809055319039456	0.2618525648992387
0.5757825229184224	0.2435400421759731
0.677951867149987	0.2639664256640082
0.6972751977606395	0.256598423363395
0.4046933730485639	0.4763239485898672
0.4223505233176909	0.4838048633920989
0.3547524766845664	0.8970465576465005
0.6453445902112975	0.1025991064210924
0.9461694529175573	0.7411899811203922
0.9549840961974977	0.755363705103521
0.04501590380219006	0.7553637051043447
0.0538305470820957	0.7411899811213158
0.7403048279301141	0.5210308389434517
0.7552768362499986	0.5160463543094571
0.7541681492598921	0.5369201160492318
0.7933341097089004	0.6627669206702099
0.8073891167968639	0.6784704507859631
0.7881666864515295	0.6815334151785215
0.7747754451658352	0.5159800100516543
0.7609121238360572	0.5000907329458741
0.3338459315574774	0.3596745791508759
0.3208119401647866	0.342193481954335
0.9379157438207504	0.7283903887085339
0.06208425617886264	0.728390388709659
0.6192161705490313	0.3547651676762803
0.6120285645268512	0.3735565044302704
0.6314034617956464	0.3799832214298188
0.3195836367290778	0.224603308383635
0.3286619253524239	0.2111891096308831
0.342028646017123	0.2257132635923021
0.5195695690871651	0.339833723670723
0.5367310064208994	0.3261197251911916
0.3388345648760512	0.6473685163093637
0.3337897546881297	0.6255839955604614
0.3476799553341709	0.630151749658339
0.2171160988424579	0.266264684832317
0.2203112058420615	0.2811813793849809
0.2039278054751604	0.2784963684919434
0.5295253419185926	0.582235502952005
0.54872928125992	0.579780557729866
0.5449995828941565	0.5971807136332015
0.5672481685199932	0.5772720645784041
0.5517739275444291	0.5623268538972075
0.5691036991034546	0.1148821407855076
0.560386871134656	0.1322472603018831
0.5526317806886958	0.1138818093967817
0.1670707157989191	0.3271656147592903
0.2064518044512345	0.484647816985617
0.2110173698128827	0.4662352168253306
0.2241548326087387	0.4816117885290785
0.3134406778600065	0.7623233212696718
0.3063044465378012	0.7469904678563245
0.3258365703382352	0.7455558721616109
0.4854523103932066	0.4721442971706525
0.4902800877356913	0.4867175168593898
0.4695985134884649	0.4841057491769701
0.5001453807766325	0.4608709225458467
0.4794638065294062	0.458259154863427
0.0953623896877776	0.3749966714914944
0.6537586136525582	0.6100738510668975
0.6396041278839881	0.6239684446683401
0.2440275021315372	0.5869154590392486
0.2507270450412934	0.5761501573179798
0.2616199379721336	0.5904284931454593
0.221267016092989	0.3935235435764402
0.207944833514892	0.3780803175982983
0.6451583750342567	0.1215357638969962
0.6311767782436194	0.1057836461267674
0.1534857659156938	0.790050128470029
0.1390617132364578	0.8031806763867348
0.8609382867634143	0.8031806763881216
0.8465142340846485	0.7900501284712942
0.3553062804187058	0.8781658346945954
0.3694585282894789	0.8940081335352492
0.4278495100144992	0.6555335714323399
0.4081403227707178	0.6553135979858773
0.4137289350719732	0.640353949106961
0.1970423286164537	0.3688904283826099
0.1988000732420954	0.3899096906610527
0.656983239861509	0.697358646475116
0.6736036640601684	0.707684391774726
0.659007249948326	0.7184033783414941
0.7645298605238909	0.3457467888129243
0.7434349333068161	0.3401386163077479
0.6912621129358851	0.7181222968940804
0.6892381028490679	0.6970775650277021
0.2773288852398542	0.3584025380804591
0.2779244846319625	0.3346480668326428
0.2648679068730905	0.4041737367859571
0.25718498952192	0.386094416184364
0.2699102084681485	0.3857272665867442
0.2356879187032084	0.6835318068122951
0.2496735324250346	0.6754308578804293
0.2546568616964813	0.6892912703884029
0.2395010629511855	0.5992483757291094
0.2286081700203453	0.5849700399016299
0.5020733963310928	0.8274205449589969
0.5204152538111503	0.8294695090389452
0.5128037856165486	0.8441598245821579
0.5364952285758227	0.827883121712231
0.5257648392903669	0.81114384208907
0.3891212095127585	0.7291423191960493
0.4117832309275835	0.7288852276223869
0.6810425851058148	0.5922960828144412
0.6662197957830023	0.6030019694961666
0.6673888598716022	0.5833428098690654
0.2224013115748585	0.2935717905306244
0.2355896049421559	0.2813401068709981
0.3944140301716359	0.3042305686114803
0.3828398017538426	0.3218206092316167
0.3776671400687988	0.308454283032476
0.6933997392814377	0.5844448537994122
0.6922306751928379	0.6041040134265133
0.4617937956773128	0.7565920451187146
0.4449195128387198	0.7603822739709811
0.4444183466866491	0.7436636483391257
0.5650667999926584	0.9339115109514857
0.5831693480975437	0.9392334575894021
0.5719315306702535	0.9501498103373851
0.5978484667202131	0.9386437112644378
0.590983736042618	0.9224054118785385
0.3343597114039002	0.5465443400899295
0.3447881256800926	0.529879337778018
0.4480776586369577	0.2296754574752754
0.5091636897857272	0.4082455765998943
0.4919421882532137	0.3998637768724774
0.5056827253927566	0.3915102693067842
0.5689653001575403	0.6962319596154363
0.5598688541046904	0.6803745793605509
0.5791885016194107	0.6785590827758092
0.3706729580159965	0.293435161739857
0.3590987295982033	0.3110252023599933
0.5428664826127048	0.6791522964397498
0.7668600540960555	0.5501810410764949
0.751888045776171	0.5551655257104895
0.4292922769657473	0.7625730289504566
0.446667725956411	0.7755014257300454
0.2452054168880853	0.6624196694429443
0.2641743598813583	0.6681791330190522
0.8571005474328139	0.2863987143520701
0.877662313689793	0.290919956949809
0.122299094939714	0.2908599973595274
0.1424080708373171	0.2860644873443994
0.6886490286260047	0.9115084408668122
0.7075543836161544	0.9071689366343274
0.6978626658642129	0.9252331420755784
0.5000150127509623	0.3751993136173865
0.5172365142834758	0.3835811133448034
0.01601532817072991	0.3149119147107958
0.9839630796455879	0.314919249343664
0.3113530586070561	0.08849835491276187
0.2924545256472388	0.09284036084171815
0.3021379303157056	0.07476515110067934
0.5467054459519827	0.7928767938893482
0.5628561763106643	0.7938701276649445
0.557995544413721	0.8105507885379519
0.5795756240478904	0.7964988474928156
0.5682855255861521	0.7788248528442118
0.6271624160490541	0.8606761378436136
0.6117652144865113	0.8537260599688875
0.6243794989749709	0.8395114654329197
0.3985586956086141	0.2397016217116879
0.4145893467440703	0.2289401429627912
0.7241565418445359	0.2849045045736083
0.7428926407859171	0.2846484887483893
0.2781545166850107	0.3732961487973298
0.2858374340361812	0.3913754693989229
0.6186022166655764	0.8870631743528814
0.5977241663024587	0.8830641944316446
0.9852085235592796	0.3807998187111164
0.01479147644063325	0.3807998187126992
0.2171862651088951	0.6190380919866187
0.2245596918423908	0.6327532046028661
0.2062302657928687	0.6309616350253902
0.451536518820979	0.4385042476879891
0.4657406264563216	0.4511955197381056
0.4505666285106376	0.4568412574381163
0.4804336968397477	0.4399221451132997
0.6768585789493866	0.2243739011066754
0.6978699702781832	0.2242166336872803
0.6816312168599956	0.2379891664446753
0.6125894417870686	0.4390527746221806
0.6098382664752959	0.4607056203349874
0.5188464008030487	0.1365368072897016
0.5046118286665997	0.1419640209589705
0.5029499467063067	0.1260465002806578
0.06372083303956319	0.4087179630671143
0.05040672465016577	0.418082412588105
0.04596837435174023	0.4009622911677154
0.3879693348731433	0.4376869664350837
0.3763329619471141	0.4518698237617379
0.3681797643672496	0.4312600150052354
0.3567144891918738	0.4626166779646252
0.3765040596977675	0.4690436293944735
0.3195933218626581	0.580655829276747
0.3392763522927578	0.5912668503011007
0.3229521147161497	0.597756207885083
0.2283607214749715	0.3327980155437549
0.2427549192666285	0.3200017295366793
0.6957993688913227	0.732314785210557
0.7062661647192945	0.7474733064049688
0.8973178337638505	0.3569684191189028
0.8916789355220773	0.3691454303020855
0.8770412269887476	0.3565226608514697
0.6945374428576299	0.4272290596519597
0.6797444903591046	0.4155273710261691
0.6993437815121186	0.4106235485797118
0.6980754222711397	0.8748680647482094
0.682551532271565	0.8816375944412504
0.6822862081647585	0.8630614237638986
0.3022094802235896	0.1251628770075182
0.3186220657025544	0.1182471045456301
0.3191618919875546	0.1368364168993476
0.4121364966530629	0.4147808435946335
0.3950552714717444	0.423743559696481
0.789303289058082	0.6493361004367122
0.8085257194034163	0.6462731360441538
0.1600811658505179	0.4586033462185515
0.1820222665326685	0.4552593574801977
0.1713732409732279	0.4726152340202229
0.5945235889270752	0.2190732397169892
0.3360496061691412	0.6915399974274008
0.3460871961435977	0.679297972129846
0.3554957482534967	0.6952939120790861
0.3591290518750229	0.6674940785943863
0.3396829097906673	0.663740163942701
0.9425248169520599	0.4338302169159599
0.9602043129148203	0.4257705213363153
0.6466107373532088	0.2065126656793714
0.660464991938843	0.2226960143011665
0.0343834438729023	0.9828514512453036
0.05075342589170063	0.9679571369884067
0.05085274063963172	0.9851056857431031
0.9491472593606581	0.985105685743201
0.9492465741086751	0.9679571369885969
0.9656165561271839	0.9828514512453959
0.3534187145900722	0.372468158332355
0.3418720681817826	0.3882603100656893
0.3369694207293967	0.3727670217281704
0.5005901355318438	0.7143724729602861
0.4868152052802586	0.722021729284461
0.4865138813353818	0.7025787999547928
0.5688717583856384	0.4632545386441661
0.5559674945888624	0.4767702219927299
0.3222992851491877	0.3754667308842101
0.3555276506375814	0.6169864450935875
0.360572460825503	0.6387709658424897
0.6858309555909776	0.01889877754562222
0.7735785063025609	0.6496279415769715
0.7887701159970767	0.6331341569509153
0.3141710458290927	0.9811042910570718
0.3401248642123885	0.2009283822856231
0.3176798549243433	0.199818427076956
0.3267621113127599	0.6142499503528824
0.3070790808826603	0.6036389293285287
0.692190919384559	0.2451260086278147
0.6711795280557626	0.2452832760472098
0.1884012243881776	0.4846982352724627
0.4843704097718024	0.295470456327093
0.4845276544478488	0.2736865094725831
0.4976390302904654	0.28197604845875
0.4877954117660337	0.5008971849656445
0.5036492086707753	0.4889357329593269
0.7297048180056072	0.3530202568372698
0.7309586093304647	0.3693516559143049
0.7120043740302719	0.3653356499945269
0.7280318421931615	0.3886514650422156
0.7457322861684967	0.3763360718849584
0.3882618151558639	0.1460642820939656
0.3968988634206533	0.1278936267695113
0.4051233265426666	0.147925131845326
0.2505491002880738	0.30693476075308
0.2298855296535076	0.306797486800241
0.3783437754302492	0.159826760651462
0.06426465682135417	0.3600459679222036
0.06253844327175485	0.3431738404649239
0.1939244044195549	0.6881580717660452
0.177443852041975	0.6879853784978068
0.1806409408512261	0.6705556258952734
0.1594979107750878	0.6862581375967544
0.1727813743434167	0.7038605834675261
0.0528469201977242	0.371704390299665
0.07070021936476761	0.3799394192692634
0.192646153520543	0.2898804352934905
0.1959766370106635	0.3082470399870374
0.1228610761754318	0.5789443671352106
0.1216921064019212	0.5633612125007312
0.1390922991454676	0.5684643685664759
0.1249680727757339	0.5439347940102894
0.1087368498056979	0.5544147925790242
0.6652662323426562	0.1378624069627863
0.6555025025486447	0.1554656619333425
0.6495624572079233	0.1359544791618774
0.698037394734311	0.6174902457450486
0.6975611040219809	0.6344860325337475
0.6793972303048847	0.6289510292302414
0.2015386871840337	0.5000748069762105
0.3504117641396068	0.8638329010564316
0.3349167773546702	0.8617864135622809
0.3447283126804838	0.8444150558128658
0.808129030137459	0.7086746390172538
0.8052892079048977	0.7295571554371327
0.7749310627323793	0.6792380551086799
0.7572496420168745	0.6835568086418133
0.7564302586480611	0.6701486385959019
0.7847632876871937	0.4414618632989663
0.7696736076463413	0.4515593103428319
0.5416597653076856	0.4052085807315375
0.5448253926033484	0.4244182188351955
0.526069854220933	0.4191017071378591
0.6003595685252652	0.7058172184215992
0.5948078040661477	0.7213928548271165
0.5827331832131433	0.7099920994362119
0.3651813124700477	0.6050363279026851
0.3527447633970753	0.5938858561521312
0.3752909307208737	0.5905549551453795
0.3780738179613798	0.6136555440868359
0.389408236027872	0.1848808214690568
0.3711531722736701	0.1936316974862745
0.3782312145236753	0.174846663186998
0.7922936001654146	0.3176341349658469
0.8101603845897676	0.3187775969462187
0.7982674521663349	0.3356007768491726
0.9493777062472	0.03203446024261426
0.949254701241963	0.01491548761752334
0.05074529875763986	0.01491548761750084
0.0506222937525058	0.03203446024261719
0.3971678853101971	0.9852221886355896
0.6028293948024672	0.01477983947735033
0.2605316775679699	0.9460325206825509
0.2462691725045261	0.9548119036347726
0.2726481980364194	0.9561226607277795
0.2742230808890171	0.9352781315281954
0.3973778783818736	0.3730008305446473
0.4111596796297348	0.3812957961199561
0.396357009971268	0.9677290188952298
0.4129822281110711	0.9825068302596403
0.6036131790958639	0.03230037402730986
0.5869906808440295	0.01752053454995952
0.7273396428818656	0.04393432762518017
0.7394639461150219	0.05401847766892216
0.725793143058139	0.0647226458541304
0.7535014640906554	0.04578453899025131
0.8789264966099453	0.3804189111933284
0.8992031033850482	0.3808646694607615
0.1054867394928765	0.7207802127434046
0.112555109978205	0.7027812210874707
0.1197399477547455	0.7199679866812205
0.8795029150508401	0.7196945375968127
0.8866877528273738	0.7025077720031703
0.8945132605069965	0.7207802127422536
0.4810920445009814	0.7368444108884068
0.2057670101881458	0.9682942213654677
0.2149445456924333	0.9850444309779467
0.442590379189468	0.3118639815996537
0.4422919642186789	0.3265732218724333
0.4238500631000878	0.3195623032388558
0.7535936297802993	0.483244291719549
0.7468431465238876	0.4632401204151801
0.734663031663809	0.480152905899308
0.404467039807628	0.6681869320806213
0.390346464865102	0.6530073097552425
0.7943608164058472	0.03176764126843021
0.7850461898013164	0.01502178922959379
0.4233590931291067	0.3741621407736409
0.4261780011552878	0.392018070128571
0.1334454554868776	0.3403305213230006
0.8289468995135145	0.9683007007628297
0.8367440336726559	0.9851752203045492
0.1632856007331774	0.9851890325188244
0.1713494445393066	0.9684388229063454
0.03201841490208724	0.05063540497146214
0.0149000405969097	0.05082412465408229
0.9850999594031143	0.05082412465383865
0.967981585097961	0.05063540497127072
0.4640527326252072	0.2736394792258174
0.02988960358820497	0.2073458811767509
0.01329207810200275	0.2163461538467058
0.9867079218980134	0.2163461538456574
0.9701103964118938	0.2073458811757631
0.721760293532675	0.9345265295192351
0.7316151720865087	0.9207993066349358
0.3932837229833372	0.2722214436936305
0.3755137680385947	0.2772740855844966
0.3795561225353399	0.2586312868657874
0.3569453575679992	0.2798450049120139
0.2297987109992053	0.6090663090777926
0.7445287042139954	0.6892617275714901
0.7630295082983136	0.6983511440842679
0.01462423516986038	0.1641143535152869
0.0312217606560626	0.1724217731530685
0.9687782393440793	0.172421773152278
0.9853757648301988	0.1641143535145302
0.558901903249154	0.889192467914004
0.5671768920312299	0.9020906530690619
0.545178594236061	0.9000454644993581
0.8366660045851969	0.01516813847853922
0.8287392518793374	0.03191399051737564
0.1710639136510005	0.03166075113227974
0.1632706351374633	0.01478244304590857
0.5600402322081162	0.3122846240616194
0.554396683342934	0.2945308684248049
0.5737913444673735	0.3016320797222072
0.2782391218293225	0.06547431356329181
0.2682458777775022	0.07920678966486962
0.1332873167459052	0.7139384335360479
0.1262189462605767	0.7319374251919819
0.8737022324492316	0.7319972523550886
0.8658767247696089	0.7137248116160053
0.5903068273556205	0.6625962473231732
0.5994032734084703	0.6784536275780586
0.3809488323261685	0.8810450046302551
0.3832514504821261	0.8640987980400645
0.3941879507846762	0.8700163920869757
0.3783569342030271	0.8497658644019008
0.3651178157445193	0.8607944769451803
0.4301842544433395	0.6206582637031535
0.4440846301419598	0.6116853409079519
0.4473384980143749	0.6316009997582221
0.4635159488675535	0.6062406208824713
0.4463617052965181	0.5952978848274026
0.2034608550893126	0.3214727362566538
0.2141392187606563	0.3384627554518479
0.1955087252179065	0.3400710361246615
0.8670240456897869	0.336096196469152
0.5786024092321358	0.9071164073436053
0.548900765959954	0.8748586495249453
0.5708990637551229	0.8769038380946491
0.5255646766038217	0.5467254495369414
0.5343010621220761	0.5364677209327364
0.5419914258026105	0.5545776184444646
0.9836719657709747	0.4129663896872751
0.9836719657709747	0.395658697379633
0.01632713298117141	0.3955479857294542
0.01632713298117141	0.4128556780371904
0.07907639390975771	0.3177555105458337
0.09700418623195561	0.304479405240588
0.9030584880650123	0.3045527790721014
0.9209298735199256	0.3177628479284373
0.4124784811823747	0.01985917731078855
0.3973942888870721	0.03336698130866921
0.3987089111519065	0.01350780399788065
0.5881204876641738	0.9777358784876506
0.6034044929965245	0.963954542463078
0.6014909018855596	0.9862186639754273
0.6019473901936003	0.8684990584278258
0.5991644731195173	0.8473343860171318
0.9553536080179826	0.2481243895869015
0.9470769412086065	0.262493517391221
0.9352992191328249	0.2506779203597503
0.06470078086747177	0.250677920360531
0.05292305879163466	0.2624935173920627
0.04464639198221713	0.2481243895877371
0.9376703121296349	0.2776990141721843
0.9577247010147927	0.2751454833993355
0.04227529898536538	0.2751454834001456
0.06232968787062003	0.2776990141729395
0.7411372117497825	0.6557111397980731
0.7588186324652874	0.6513923862649393
0.5729347011525909	0.1023070122895156
0.5806897915985512	0.120672463194617
0.6933222328804645	0.6483180467042368
0.7119623973098906	0.636857263219044
0.7568375427054266	0.4015868653039898
0.7574206283735805	0.4213779973601248
0.7433886046993472	0.4154270130690041
0.8891184367731935	0.77214507548682
0.8888098885612828	0.7895579800516592
0.1111901114381253	0.7895579800513906
0.110881563226299	0.7721450754875124
0.5461663439293227	0.7181400068851309
0.5634135356984229	0.7118075960209536
0.5599342269849255	0.7319001467059065
0.4852372658078752	0.1025326587054512
0.4956633338631163	0.1126934354182398
0.4782893065146167	0.1213129372371382
0.6094632527038631	0.1297203531246942
0.592391350078296	0.1409971380342744
0.5939306921749818	0.1219708067810288
0.612806542034133	0.7869900319098388
0.5936777164410152	0.791376378042684
0.5116961792147139	0.4426485627400691
0.4947900147795082	0.4317924322021043
0.5123293170813901	0.4274552147035523
0.2898292518816684	0.7492258389710011
0.3022251443598972	0.73245838986294
0.6989044971843614	0.3902944545127416
0.7136974496828867	0.4019961431385322
0.7284711265209187	0.4089805591091857
0.2344305356287823	0.4071363322077312
0.222866097676327	0.4127123685080322
0.205415026021464	0.4112010385823982
0.2185785455572573	0.4248138272136892
0.790345234077912	0.8876730042729802
0.7723618256997209	0.8864434141452815
0.7863307342511449	0.8703810033584094
0.2135408049143872	0.870305203050616
0.226200782622695	0.8861728837793004
0.2083442643708251	0.8874790118291737
0.5898368047884045	0.7353847834823668
0.6074631901005265	0.7312099024677541
0.8227552755786903	0.5727440185902253
0.8156784470428389	0.5900208400779148
0.1845052128606846	0.7382840147289258
0.1789042563834131	0.7214643543008025
0.1609583151165259	0.71973711339975
0.04838448023591561	0.198280681548603
0.04507903285171613	0.2159348003724261
0.9549209671484601	0.2159348003715001
0.9516155197643271	0.1982806815477849
0.9688804893302544	0.3956892853224926
0.03111860942180466	0.395578573671951
0.2957496725560625	0.935495029805582
0.302168432714076	0.9537884268437837
0.6751816203824084	0.5549737067297912
0.6858706045570284	0.5390440481034049
0.6929006333690348	0.5567072645609539
0.7042536858449224	0.06451138063385733
0.6978377892969816	0.04621802545081643
0.1529378075014075	0.5426914408769232
0.1378118531572223	0.5329208572695265
0.03979367253107553	0.4255230482336195
0.05754613121889849	0.4332787201330185
0.5908269343936456	0.6152977006848236
0.6108109930306871	0.6113794412256242
0.3769940300743638	0.7407052577876887
0.3687783182965615	0.72614983272198
0.3528347365227775	0.2363407745649058
0.3672526416211878	0.2486190077707056
0.3473682624921871	0.2514056955508537
0.4573917837570708	0.332780684540038
0.4386514676676906	0.3404790061792401
0.6531751576533464	0.4824247573885005
0.6648148589182434	0.4746726219470219
0.6651891296346388	0.4943079240124811
0.7114338076802222	0.7217079584635333
0.3737353454255059	0.5355350045923926
0.3898870151394159	0.5444019535130581
0.3718280527646883	0.5545605416702681
0.6480872990559741	0.5770028434959287
0.6629100883787866	0.5662969568142034
0.4031795629484018	0.55641618842035
0.4050868556092194	0.5373906513424744
0.9170184052486055	0.6265200889565108
0.9047043063280308	0.6398969235249727
0.9022961519820629	0.6215299247140206
0.09870784764773462	0.6215152646613706
0.09450372139382857	0.6387554982501538
0.08221254559733772	0.6254417060377936
0.7079838516139505	0.4351191283563337
0.6883845604609364	0.440022950802791
0.7522785644646488	0.6194845739736367
0.7670384383019222	0.6177201292856688
0.758285459404282	0.6351904427791426
0.06922439664728711	0.511655556507748
0.05800577042979801	0.5251230397632427
0.05098234060926179	0.5089655339012199
0.9489425854723654	0.5088304303758728
0.9423148475441143	0.5250011058868662
0.9310361621918911	0.5114255398131006
0.06523584173159171	0.5411895452198208
0.04699378569356638	0.5384995226132926
0.953145752070568	0.5384822946404132
0.9352393287900937	0.5410774040776409
0.7231753752628415	0.4921754498501987
0.7164248920064298	0.4721712785458298
0.4040425179031466	0.1840811165235857
0.3969644756531413	0.2028661508228622
0.4763833332420873	0.05735603985583818
0.4598828926871299	0.06653551978232256
0.4615313439942974	0.04840453410152467
0.4897479969543109	0.06694623249997894
0.4913964482614784	0.04881524681918106
0.5245207167211262	0.9418600795996244
0.540474082446485	0.9340842116781505
0.5378756168400095	0.9526037316209428
0.5109848308297793	0.9306721221170342
0.5083863652233038	0.9491916420598265
0.98537313985444	0.8393567170419421
0.9687130252660501	0.8310886423291648
0.03128697473381305	0.8310886423295643
0.01462686014551895	0.8393567170422593
0.3074392818575177	0.3355849028887609
0.3058031376699993	0.3557657092413413
0.1050240097690161	0.6695802053747925
0.101741431921551	0.6511093101602435
0.1142816012916906	0.6532999520882797
0.88620893696075	0.6533388032922476
0.8987491063309994	0.6511481613631568
0.8949759902302612	0.6695802053729218
0.3834323552726285	0.7552308540616486
0.3630894640564315	0.7522383675875792
0.508110157204318	0.5407071415166671
0.5158005208848524	0.5588170390283954
0.8221727309029081	0.6363449882756929
0.8134846643354459	0.6190901063079151
0.831162496485756	0.6225927787729519
0.4069636221642398	0.2813616752163766
0.4066949232787345	0.2978586526892079
0.4244171769563823	0.2883560854932448
0.08669694181497903	0.7207835494641797
0.9133030581847166	0.7207835494631935
0.3906968768314611	0.4752447308613474
0.3710784040762207	0.4859915850642347
0.3992677174270172	0.4932719042596283
0.786090540862223	0.9849213022117125
0.7955347860133066	0.968046782669993
0.9028845174930007	0.7911959796881933
0.8881292487915251	0.8023888956322152
0.1118593407403019	0.8023900224159082
0.09710407203844365	0.7911971064723615
0.5420424512101483	0.01626194551024742
0.524801071899758	0.01626194551024742
0.4579352398912605	0.9835709858668932
0.475176619201677	0.9835709858668932
0.5115894567257	0.703581006555587
0.5118907806705768	0.7230239358852553
0.2139045677151683	0.01508006731992773
0.204456466918411	0.03195837540629891
0.675250296782953	0.6662932379636439
0.6914758629377868	0.6618083518096669
0.6878052201281851	0.6821547737543706
0.3600887116760472	0.1685776366686796
0.3341002602778049	0.4023998747164101
0.3247857728256505	0.4138264180112376
0.3161082868689526	0.3999857167563321
0.4850360417055866	0.7960603414504359
0.4671174190931275	0.7913076646071046
0.4802135844418425	0.7780633475939013
0.4032084690516089	0.4443533684529836
0.1955958296825565	0.9504321043522896
0.2128213591542773	0.9522267449427153
0.8262035515537265	0.6497758085091906
0.7844842782849073	0.1272715868809777
0.7733662258272294	0.1134046608574748
0.7896436122624784	0.1102727440082233
0.210356387736746	0.1102727440070646
0.2265608977703458	0.1132927210104535
0.2154428453127566	0.1271596470339802
0.928076474989278	0.865649008760504
0.9436893125379802	0.8533878263538921
0.05631068746190352	0.853387826354413
0.07192352501074935	0.8656490087605377
0.3397973901123479	0.7751293758901345
0.3264305681940357	0.7896789461933423
0.3196059797421283	0.775438295878166
0.2960770880373291	0.5421549430913105
0.2874228586397372	0.524908829032296
0.6635110002155999	0.6501987634983164
0.6598403574059983	0.6705451854430202
0.8045946541257109	0.04966683611337651
0.78722276904718	0.04794277330413388
0.6767037453570305	0.2089234815437715
0.623483803703579	0.4932574171981535
0.6065848347161207	0.4871796831261783
0.6134220333158205	0.4742291354430371
0.2620445910157189	0.2077597108662634
0.2520709219529892	0.1976153429694413
0.2690167382155434	0.1898898185825107
0.7308813209575336	0.1898107545196549
0.7468506469344108	0.1969091188224497
0.7369789186936815	0.2071325507808859
0.5915000575884175	0.4852598239780441
0.6015618279761761	0.5042881057331605
0.7377729808116111	0.7923994972144787
0.7469836118242028	0.8030283198718819
0.7316475955446032	0.8096682205035448
0.2690339633069437	0.8101297390591102
0.2520556470748962	0.8024223407159277
0.2620594328983791	0.7922873349908899
0.707679610694413	0.9345949814521036
0.6887742557042633	0.9389344856845883
0.3619130251461237	0.2229265758121539
0.04150413513102987	0.2306543962783897
0.05999901177874051	0.2215891966502418
0.9400009882215472	0.2215891966494764
0.9584958648691139	0.2306543962774547
0.5361693926538118	0.08581735423503364
0.5180464635883003	0.09754469627338222
0.5207342222218865	0.08218581484820423
0.8123410999557367	0.3496641970658695
0.7944743155313836	0.3485207350854977
0.7204115417345196	0.3233873277196365
0.7066391358928794	0.3092166280604752
0.52180913163055	0.06443195613658874
0.5036862025650386	0.0761592981749373
0.2923221580447614	0.06540458861050837
0.3112206910045786	0.06106258268155208
0.9680658809245413	0.7974541999976933
0.9847259955129311	0.7884145824027329
0.0152740044869664	0.7884145824032149
0.0319341190752605	0.7974541999981931
0.3145858237851477	0.4248790078626633
0.3325777971939999	0.4272931658227413
0.02057083993752956	0.5907611990799426
0.03422746218202178	0.6052396434133268
0.01365662224449221	0.6029399827955559
0.9863456162187807	0.6029580225747651
0.965774776281203	0.6052576831918068
0.9794291600624223	0.5907611990777595
0.7794198519960432	0.5443781978472906
0.7771397485123221	0.5626236075085482
0.7824353928942391	0.7750414837615617
0.7930204901159046	0.7631845063158436
0.7998988676840809	0.7784753853152899
0.2469981290132078	0.4600364994734047
0.2323750075912536	0.4447621727540577
0.2506527386340746	0.4415994838586701
0.05244079590980388	0.3352853429137598
0.06856788152724799	0.3266482444260786
0.9314041645516251	0.3266590022555088
0.947336920515216	0.3353621124509444
0.5084112128039334	0.2935049351217315
0.5299931055385623	0.2942166438472101
0.8507483731322649	0.6290067870575786
0.2051941621576168	0.4348573742567505
0.1899955209113989	0.443829860451986
0.1859288326561764	0.4322749834832907
0.01648381684363966	0.4592425347017982
0.01648381684363966	0.4765502270094388
0.9835096422198879	0.4765516716056926
0.9835096422198879	0.4592439792979596
0.2176601410511687	0.2249582950548062
0.2060103756239733	0.2367898424082828
0.1990185891011301	0.2215899062482721
0.7999075287025639	0.2214952665568151
0.7929335682599805	0.2368208160271642
0.7823576850298283	0.2250839083641924
0.8046732615957501	0.9503012778185
0.8152138634190071	0.9377026128913936
0.8225325404013348	0.9536522959894547
0.1777670963633495	0.9537919528233864
0.184821445329481	0.9377244764006338
0.8580986225558012	0.3646232442933173
0.8619469498102723	0.3828511179862129
0.8486432436190992	0.3787746902448778
0.8694711176732433	0.3945703571448889
0.5386982933700615	0.1162115822866844
0.5474151213388601	0.09884646277030894
0.6231903276509008	0.3371973196847339
0.6353737044568228	0.3467416334146462
0.826662143223849	0.9286443551448692
0.8088028644182643	0.9252933369739146
0.1911995172133969	0.9252998535781718
0.1733707838941899	0.9286597020492684
0.7464820506808849	0.6013888024209155
0.7377290717832448	0.6188591159143894
0.4912737143385199	0.1465649955014215
0.5071701684352619	0.1570553025104653
0.6726208743415535	0.1235030896387274
0.6785609196822749	0.1430142724101925
0.4233284632627524	0.4372799735511904
0.8449560193443386	0.6559048447629712
0.8313090078448468	0.6658329925314321
0.6211827941106047	0.09877050526115611
0.6209965789335636	0.1177071627370599
0.7256245558676915	0.6438220824283218
0.7232361820504652	0.6625783347592844
0.1951372853734611	0.04976318121263769
0.1841932740927236	0.0626541304358933
0.1770563388494227	0.04664756539599795
0.8228045926107397	0.04654227124648567
0.8156665452520726	0.06271740328218933
0.5963630462140519	0.3179136502573502
0.6101619964193287	0.3308311595510234
0.8089588257390332	0.1612578467447759
0.8096094179652122	0.146147856723655
0.8264536229850356	0.15566674907618
0.1723873318978321	0.1565971805585304
0.1873507435468819	0.1467268280049853
0.1891603808902567	0.1609063865439253
0.3803950285920291	0.8999257275821603
0.8044071099188406	0.8866446756091062
0.7904382013674165	0.9027070863959783
0.2080776537034544	0.9024877343503501
0.1954176759951467	0.8866200536216657
0.1248565965609991	0.5239744373478193
0.8743944368478678	0.6600012519136845
0.8781675529486059	0.6415692079039195
0.1234319248676389	0.6431546016609156
0.1267145027151041	0.6616254968754646
0.3431937684995717	0.2690750991124949
0.3287758634011615	0.2567968659066951
0.4418942504017552	0.9887557741877959
0.4515536282221823	0.9723267600546892
0.5475001372157476	0.149598309379955
0.5639720556305065	0.150598640768681
0.5588331476692271	0.01100320490650038
0.5491514609495229	0.0272651504167478
0.4832009022466814	0.8257077594829243
0.490812370441283	0.8110174439397118
0.409993108993923	0.86601607183992
0.4076904908379655	0.8829622784301105
0.567412385540358	0.3249255134724061
0.5480177244159186	0.3178243021750037
0.3273780585425015	0.8762305008549318
0.3216946070833784	0.8568126556113659
0.6117920359714806	0.9336860110478218
0.6039776480264063	0.9505140567586854
0.5441031597531413	0.3387606146019783
0.5039085357899979	0.7977731269265085
0.1723501794425729	0.07189807157340115
0.1904311259666113	0.0750136873900409
0.8094342877248274	0.0750497983386417
0.8276442262098562	0.07192523347175087
0.278260969088171	0.306336155360685
0.2636910310549694	0.3004291891923364
0.2785335102419457	0.286626341063503
0.2508216414418485	0.287224946455898
0.8824627266761191	0.4079309234204404
0.8654831798764462	0.4103631302133249
0.5085684574799798	0.2717209882672216
0.6096174259739298	0.591741067125083
0.5114722819731867	0.2482252584390897
0.5192158146290229	0.2613886264873378
0.5328918216356977	0.2494217833221874
0.8680500425383002	0.0851090531973433
0.8816200907950711	0.1001225528454374
0.8658353360733084	0.1046949736606339
0.1341774017828385	0.1046957373392562
0.1183977893810437	0.1001236248239831
0.131980575493836	0.08511088885430226
0.6558800595667802	0.5486337403566545
0.08307284723862803	0.2105357208251863
0.07278172721084783	0.1948113637741562
0.9272182727894909	0.1948113637734856
0.9169271527617233	0.2105357208245091
0.181803241242121	0.3387224302884753
0.1640435954944774	0.342807028118298
0.2779720581574971	0.7127979525988111
0.2658835758248567	0.6996525312800934
0.280730957750948	0.6943357427752548
0.5543915749468626	0.2732317377279141
0.5406404626876052	0.2838842820673263
0.2518979621030304	0.7077534802119592
0.7797640074725117	0.6242884671977939
0.7737571125328784	0.6085825983922879
0.5977616942241183	0.1093956782850368
0.3081560620215361	0.5672701371454928
0.3244802995981442	0.5607807795615105
0.9668804624776144	0.5794150437829023
0.9874513024151921	0.5771153831658606
0.01256830360557829	0.5771158788502264
0.03313914354310786	0.5794155394679974
0.5176846830785143	0.4565337050472946
0.805537758070513	0.2697826005113821
0.8092770325673899	0.2895923079195104
0.6484947502645781	0.7512204368384484
0.6557415947480281	0.7342367829290555
0.7937373808356555	0.3626659418235993
0.7796637330462537	0.3486025216069023
0.6391211705493685	0.7239110376294455
0.2792009831777362	0.6402203201995562
0.2742463098159102	0.6203047590486479
0.2886483446740884	0.6301256069422602
0.2972913743957665	0.6151713587938399
0.3022460477575925	0.6350869199447482
0.6642795306508623	0.9841931204712429
0.6815209099610875	0.9841931204712429
0.3357188868901206	0.01580675207058045
0.3184775075798262	0.01580675207058045
0.9669233922055089	0.8913596146751908
0.9871937713458678	0.8888485574843978
0.0128062286540797	0.8888485574845162
0.03307660779431212	0.8913596146754308
0.8379485310617054	0.5297061535161396
0.8494945409298564	0.5156712354704952
0.2449913614118477	0.8796862548037214
0.753825810630807	0.8804365320904364
0.7578403104575742	0.8977285330050071
0.614484588474421	0.8016346011702575
0.6249406709499017	0.7873254496668113
0.4944684334729487	0.7463451686332604
0.4746690184972094	0.7493741772317128
0.6436792501761452	0.6676367793482354
0.6248895193291625	0.6716568199221005
0.1015755679684077	0.6049847700124249
0.1138667437648986	0.618298562224785
0.2282870449767733	0.9564178096716518
0.2181158644711841	0.9385556926584737
0.644689971622519	0.4013160432511503
0.6489309995979164	0.4181484180265537
0.7714907067849393	0.04419124849985913
0.7817245445048029	0.06209044334480543
0.4245286605294277	0.01407510394553506
0.4232140382645933	0.03393428125632361
0.01110659751199116	0.4430893405538789
0.02759041435563082	0.4523318752545394
0.9724019039757514	0.4523665088780333
0.9888922617558635	0.4431225295788986
0.5754646584782912	0.9859247695140643
0.5773782495892563	0.963660648001715
0.6835045031026303	0.8977997990233351
0.6677152889962492	0.8859931580390242
0.3457969712450222	0.5599300322211836
0.3653991747255745	0.7937463036967327
0.3580748839094758	0.778066995033425
0.3768520800707951	0.7824432725248469
0.09593877764156454	0.5910213417592383
0.1110976737587285	0.5878046393226526
0.3143206142640026	0.1017196017090157
0.3312730260279676	0.1133931416008451
0.5310215757809549	0.7502724380407602
0.5101237879114026	0.7480638604006953
0.521789247346273	0.7360239799300191
0.5299879971424908	0.2729175131503193
0.5240110579249461	0.4745170073326532
0.5327885685401291	0.7252325135253199
0.1445943515411177	0.1403131117774901
0.130078205448758	0.1383151825932834
0.135110761762406	0.1217064024931438
0.8648892382376264	0.12170640249304
0.8699217945513996	0.1383151825930788
0.8554056484589468	0.1403131117773909
0.1141050537542381	0.132392653065223
0.1235886435329499	0.1509993623495694
0.8764113564671967	0.1509993623493106
0.8858949462458763	0.1323926530649598
0.1999490527566808	0.7784710404891182
0.2066851525891928	0.7630002595172538
0.2173465976230809	0.7749307423033429
0.7547891997691898	0.1199952649294943
0.2461704290872176	0.1192252952339932
0.2410839715112071	0.1023383922070776
0.6415609446201149	0.4715481624190269
0.6419352153365103	0.4911834644844861
0.9388110067260873	0.7823084072342126
0.9193249330345747	0.7883303894160147
0.08067506696471324	0.7883303894163576
0.06118899327348507	0.7823084072348168
0.1511374233705416	0.4427349163522795
0.2719664500919836	0.09368906173012644
0.2811815783833341	0.107422265542209
0.7280361581215115	0.9063076443966278
0.7188225208833032	0.8925829431878617
0.5785821491218308	0.1484545484817628
0.5656954152029224	0.1658055975598348
0.79133012335564	0.09729021872576794
0.8024481758133178	0.1111571447492708
0.1975161726899309	0.1111412883500745
0.2086342251475201	0.09727436232654785
0.3603188951637502	0.4950082133266946
0.3488260358471901	0.5121455129312309
0.3266732443373256	0.4714697442447714
0.3462004566235493	0.4698977074414158
0.2012875960341088	0.4578417482536574
0.7274969314776308	0.5284262716626889
0.7286056184677374	0.5075525099229142
0.300138575812836	0.4840342581281012
0.9326144970005179	0.4776036677031956
0.9472921891603348	0.4642202148506891
0.9523415922799591	0.4818714114496007
0.04758430025701511	0.4819915600240919
0.05282502743578477	0.4644042601554571
0.06744169400552055	0.4779107507770903
0.4219848391184911	0.1917256991340894
0.4144285994932217	0.173740369780284
0.9600419893637335	0.4547404186393578
0.9403148940842924	0.4504726748929527
0.05980775014204923	0.4505214033434943
0.03995035639354379	0.4546022125904959
0.2424870709861531	0.3962441968298581
0.2440861525694911	0.41543302176145
0.6781134606060546	0.5251225757920301
0.6608505099700719	0.519685274863101
0.6708123790057245	0.507497360382889
0.885251736748887	0.2776841026379416
0.8931811232598332	0.2948807499520888
0.1068709737487441	0.2948057405740112
0.1146489551548634	0.2776812065667872
0.6434140460853268	0.5158009947031672
0.6507151276856569	0.5334262101123084
0.4970325718479117	0.6537581230083067
0.4926861802516158	0.6713879313875539
0.4827663828324541	0.6599946155107339
0.08524612987115407	0.6550357515366665
0.9134713595975421	0.656138325605647
0.8648470186302158	0.571012088891637
0.8824457658778718	0.5651942872978599
0.8799544105309914	0.5798436097333094
0.8954173304577191	0.555452231631664
0.7587725805099027	0.4360026297876909
0.7722215185159822	0.4221624820226766
0.3133941922879347	0.2377272109253091
0.3000274716232356	0.2232030569638901
0.3000738559416943	0.7768728915728796
0.6453929608091831	0.357422014980798
0.6493671179110525	0.3398541669892516
0.2118272103639104	0.9188556602436977
0.7713973876172319	0.9232410862238818
0.7868654550699553	0.9190435048901455
0.7818865171606991	0.9385491760541751
0.5560625626495148	0.6113336268339404
0.5742462519865255	0.6122000855415686
0.8304645764776579	0.3486455276907632
0.8337511013698704	0.3322954910497807
0.8480814412568404	0.3441967799109996
0.5900175357933659	0.1999287205870307
0.3690687496678685	0.4025193021742275
0.3723681736013259	0.3852616204970712
0.2270360533756751	0.6441512474134965
0.2379920526917015	0.632227704374725
0.535608957888921	0.05149118191517524
0.5464554795538196	0.03920200205590843
0.5185609382320731	0.04546466524190833
0.463047527977226	0.9479990637094889
0.4534939611156444	0.9606613650331554
0.4812225485218222	0.9525728281555115
0.4766754587873608	0.933429920131214
0.3179167208546402	0.6314667170039071
0.3853517509972247	0.956808886500906
0.6146448203037345	0.04319370986217225
0.6546939755367291	0.9120652177458113
0.6738127853506888	0.9158640044645858
0.9344216739325533	0.2956699670302728
0.923773914126367	0.2830180010221581
0.07623235330360287	0.2830106636396407
0.06558459349733359	0.2956626296477236
0.3430350305409762	0.08739498551458746
0.3240040189324693	0.08364439196797686
0.414943397753063	0.8955025591398471
0.3991382395438162	0.8995028793869028
0.381467531841612	0.01350780399788065
0.6187322811957847	0.9862186639754273
0.0155441791096169	0.6657600636049725
0.0155441791096169	0.6830677559126239
0.9844558208903206	0.6830677559114371
0.9844558208903206	0.6657600636036991
0.8807036789165155	0.213661663952141
0.8676997209546098	0.201423053338206
0.1323002790451707	0.2014230533383886
0.1192963210833055	0.2136616639526629
0.3876479355071267	0.9124660082918968
0.3982759906414847	0.9276082779136361
0.07620435390232909	0.9354275555420356
0.07854557730275692	0.9523063458566594
0.9214544226976434	0.9523063458569101
0.9237956460979697	0.9354275555422562
0.6113195428316202	0.08629431944923338
0.6005569198978737	0.07128469550862349
0.2377369412977781	0.2021665781640746
0.2447090884976026	0.1842966858803219
0.7550668456826763	0.1841301156176133
0.7611644434188243	0.2014519118788443
0.6011393435215644	0.09821783605952587
0.7290542121890724	0.4287716911653208
0.5215198409248314	0.6627042877822242
0.5114767547614706	0.6485125241906684
0.5260442264192287	0.6460653730877659
0.4724317089110711	0.1406660631213507
0.46200564085583	0.1305052864085622
0.3705873235699912	0.837434345529251
0.388720958307598	0.8407386666241352
0.09861290128212767	0.3933848167224683
0.08536846758274765	0.386669142122776
0.787991083285922	0.08112389306690032
0.2275161337669198	0.0768296310677932
0.2118743304055486	0.08108778211803547
0.2179160239781333	0.06151159520229077
0.9555672821890124	0.3862141241496363
0.04443271781120207	0.3862141241509605
0.5305497357813265	0.125933107762273
0.5322116177416194	0.1418506284405857
0.07395073095911768	0.3983275645002373
0.7612518196606252	0.7985535580375975
0.7551264343936173	0.8158222813266636
0.2446838135357969	0.8157359713232667
0.2377092831272322	0.7978935672550463
0.06187828031331699	0.8177264243096994
0.07359703226700207	0.8083324214278522
0.9264029677324697	0.8083324214274138
0.9381217196863826	0.8177264243091111
0.04911776018487382	0.8062643980343942
0.04608074930503139	0.8256951076192226
0.9539192506947973	0.8256951076186619
0.9508822398148056	0.8062643980339428
0.5719889459586223	0.5445908071545866
0.5895963403813442	0.5400858499250054
0.5879002092272242	0.5553134035161642
0.88307235626897	0.8397460830343172
0.8931242575974283	0.8567013047223713
0.1068757424029293	0.8567013047218881
0.1168420652228321	0.8397545339140479
0.4684114345431921	0.2102390223121762
0.48604079501183	0.2048055421207157
0.8983694300823815	0.4000237921357374
0.8943814922855844	0.4158165652041734
0.3108037270416379	0.8837584891098986
0.4900694308577538	0.03144004781838861
0.5034340945699776	0.04103024046252937
0.787289983542771	0.6016217035451867
0.805285857650184	0.5967151837955673
0.8044785558108809	0.6102444165547936
0.798489874774729	0.581398127068308
0.5099052617625147	0.9683615027762527
0.4963693758711678	0.9571735452936625
0.1035391592778648	0.2346025751954282
0.1143440096285625	0.2248942354790354
0.115311383928598	0.2452949697683691
0.8846886160717291	0.245294969767328
0.8856559903717538	0.2248942354781943
0.8964608407225286	0.2346025751946299
0.6630364707019212	0.8015289775227679
0.6822855550025764	0.799918997646014
0.7614193244225714	0.9122201952433151
0.6892287891232028	0.1162026816759408
0.6936902742150479	0.08906733686153717
0.06313898227817154	0.5682590646920415
0.05659789371802107	0.5875064805059629
0.0476827684352096	0.5738134438837921
0.3063056547833622	0.9109410116767602
0.7428833093536575	0.9062133131884701
0.7108046517835429	0.5551985595641632
0.7001156676089229	0.5711282181905495
0.7244806980066234	0.3361226103879699
0.9111218689945134	0.3887503112444944
0.9255028564756562	0.3997536377823835
0.448103784568621	0.4713955671421413
0.0932346419543003	0.246399625116654
0.09226726765426482	0.2259988908273203
0.9077327323461417	0.225998890826712
0.9067653580461172	0.2463996251158457
0.5488876641994489	0.8215749146171831
0.5435380787202322	0.8399005815670584
0.4280973811784402	0.04865118432479308
0.4401475605254931	0.04286711095953959
0.1324159215766156	0.8409406236014851
0.1489082829771255	0.8466181879126697
0.8503214356516076	0.8465420948662858
0.8668138718476204	0.8408645656796208
0.5220990050605074	0.8789387951320886
0.5192200238818179	0.8584695497909917
0.5340246242752955	0.8666780340032032
0.559275701484371	0.9583387013637987
0.5008781664017605	0.8564205857110432
0.3704057502025876	0.8076396156947869
0.3516285540412683	0.8032633382033652
0.3597142932178757	0.5279597679028154
0.3777732555926033	0.5178011797456055
0.656128140500982	0.3222351753595011
0.640612326328037	0.3123498319474348
0.6661473968533422	0.3329155569256528
0.4026511192873759	0.6309133558618045
0.4223603065311573	0.6311333293082672
0.2921177365477513	0.1160850490193822
0.2716296609924961	0.1169337499077905
0.6133508333845987	0.6770131378035518
0.6022325076483891	0.6929759732561878
0.5758085539433818	0.8266458595458207
0.5915642860924155	0.8220527549358709
0.5932265652633946	0.8371544921681433
0.4092002299440778	0.5228159292481422
0.4224927777530638	0.5348301641554341
0.1099516250538053	0.9673194868679547
0.1138096325767934	0.9872417357761123
0.8861943186775179	0.9872398941476608
0.8900523262007796	0.9673176452396615
0.4199351828660211	0.507303282024625
0.4025292607221767	0.5098637692116653
0.7079305601766548	0.8839253491075595
0.7284123346820119	0.8830640568698599
0.952839568114434	0.8873203165977699
0.9437958513806192	0.9004829335116193
0.9371761777757712	0.8827811357278035
0.06282382222420636	0.8827811357280573
0.05620414861927253	0.9004829335118227
0.04716043188539865	0.8873203165980637
0.5098979059995653	0.1072662217489708
0.4680029622610422	0.6674844678772345
0.4723493538573381	0.6498546594979873
0.4293933693246662	0.06158817264890955
0.4124598470637663	0.05265534294569358
0.03190749311578781	0.5104238717520989
0.0431261193332769	0.4969563884966042
0.956806314140342	0.4968347953237424
0.9680849994925652	0.5104103613975081
0.8396327772085801	0.3897062932457723
0.8357844499541089	0.3714784195528766
0.9212197249339165	0.05294296366441408
0.07879301292227486	0.05294372734300748
0.7509825501347408	0.1382328058714594
0.7375648580542724	0.1278245670707245
0.2635994948819868	0.1271394322377529
0.2490764211411255	0.1380937610411288
0.2489463658316549	0.8614417767364853
0.2625404040772455	0.8721289565394641
0.7363813948628438	0.8728477634597673
0.7509029101049904	0.8615626446000415
0.6787643364277418	0.4748635508105691
0.6667503644464495	0.4629803841865886
0.7505070037786605	0.1538206033496816
0.7677313454935779	0.1459913012084514
0.2496853967187925	0.1538226347850692
0.2322563309240233	0.1459084977813095
0.8889047815151885	0.03515452862653118
0.886058239091839	0.01304162813656136
0.1139528442506294	0.01299137305271231
0.1111190396837252	0.03510503722121692
0.2496227535834286	0.8461533115948616
0.2320737109180308	0.853710609859119
0.7502923511452313	0.8461689667427723
0.7677367669131945	0.8537577353734415
0.651526108797486	0.6402748582803485
0.6877603448022394	0.3194151254383637
0.6790130360570205	0.328161432590659
0.6722520134670908	0.3457804242204096
0.2942394680161441	0.5738850930784543
0.2991264457516302	0.5540100433632178
0.6040520830513546	0.3056499712639181
0.6068916887357085	0.287001234057739
0.6161308047799019	0.2977927279494996
0.6275839950964649	0.3059836718137242
0.6304236007808188	0.2873349346075451
0.1747234962840371	0.424302368791642
0.189922137530255	0.4153298825964064
0.03968023210325834	0.560168123654076
0.9604864190734657	0.5601639103510956
0.952464276720696	0.5738097262629944
0.8513191899808557	0.1066929028449459
0.1486935478751982	0.1066936665234629
0.4208045417751489	0.9095904285383274
0.4293567930692981	0.8930498275815352
0.9440287600821657	0.5876139140407122
0.9376347166780172	0.5683627806089054
0.3995049852702031	0.611699081479522
0.3908736138110189	0.6209197012782159
0.1900849136848337	0.8263047479381318
0.2064265407838707	0.8340938089456775
0.7935383337832809	0.834090232519431
0.8098882071072832	0.826305043992019
0.9106479111241063	0.291316924760234
0.9138965493211879	0.2733459719021456
0.08609914082039138	0.2733369989730638
0.08935404644710494	0.2913006144478478
0.9872774394245987	0.1142550809065149
0.9672140875665731	0.111161881517289
0.03278591243350009	0.1111618815177265
0.01272256057543316	0.1142550809069904
0.8881314177268615	0.6187811902047813
0.9004455166474362	0.6054043556363193
0.9042345064136856	0.9129798046258339
0.8873182494930969	0.9055353514038611
0.1126817505074665	0.9055353514033977
0.09576549358671786	0.9129798046254667
0.2373633991967256	0.08785612014182075
0.3788345173502794	0.3322837431259428
0.3955814074531164	0.3280600287049472
0.2569729305135975	0.09378869436536043
0.8035130069900586	0.7528101930018021
0.7860495322002168	0.7493762914480739
0.0721586703617014	0.7224304084501804
0.08376363026305844	0.7052403061356554
0.9162363697367573	0.7052403061343804
0.9278413296379435	0.7224304084489626
0.1940507610747457	0.2485005637705142
0.2126923130247843	0.2518689525770482
0.786045854091169	0.250800499040589
0.8035956977639046	0.2472118572332117
0.3812199519785526	0.6328698184691184
0.06429080822370993	0.9573342805079201
0.9357091917767062	0.9573342805081104
0.2226452338124798	0.4363687041823845
0.871353167967573	0.9595343465248463
0.1286507832872153	0.9595361881530911
0.810525139619515	0.1752219329921974
0.7936809345996916	0.1657030406396724
0.2042224536356159	0.1653254895964777
0.1892590419865662	0.1751958421500228
0.7529929652565372	0.5727076572022693
0.7403010604203737	0.5594467321750063
0.4140148361196768	0.9242504186867381
0.9603037186006609	0.8736578168913748
0.03969628139924595	0.8736578168916652
0.5846271687456438	0.07484909569229312
0.5763123504500371	0.09112917006400469
0.04775751746361727	0.1153851834580302
0.06320688781112901	0.117126629509892
0.9367887432980326	0.1171351682516537
0.9522424825365052	0.1153851834575933
0.8919635218798648	0.430430552626859
0.907870225286127	0.422523421342156
0.08087047374596394	0.5042352869069564
0.08789390356650015	0.5203927927689792
0.3733722566751421	0.6460351230338699
0.3696989737120523	0.6589084571286139
0.4712990601971476	0.09331959303049286
0.4886730875456474	0.08470009121159441
0.8810000695070457	0.7519460326009494
0.1189999304928739	0.7519460326021676
0.7712113837768131	0.7880459796719119
0.7643330062086368	0.7727551006724656
0.8711096248791153	0.04034150010886107
0.1290352059559292	0.04029926365049759
0.5460217847812645	0.8543894041838485
0.7905763694943559	0.5144106584210464
0.7849410819082974	0.5303662797846295
0.546937875785214	0.532410170928318
0.5305111265864252	0.5245580020207947
0.9134793724781202	0.5178695831489424
0.9201071104063713	0.501698907637949
0.04041672618098349	0.1288873099078656
0.9595832738191293	0.1288873099073635
0.235257206801415	0.7112947583971052
0.2285994325446297	0.6953571266878447
0.1594691097295633	0.4278749511719049
0.1398763416901463	0.4293623978456581
0.2348753511635883	0.2278217332340054
0.2278835646407451	0.2126217970739947
0.7641659846289017	0.2273201864591111
0.7711399450714852	0.211994636988762
0.5010304901472739	0.920256975819131
0.5171648416450962	0.9129254133589289
0.3172294571783876	0.800188884053196
0.3374208675486071	0.7998799640651646
0.2483145547560649	0.01419005328466581
0.6958324735926811	0.5268561336231928
0.7516798563424733	0.9858110440653853
0.8919169700854411	0.5883407146333062
0.9060817043406425	0.5910894491425454
0.01643433495319	0.2511238394637897
0.01643433495319	0.268431531771526
0.9835656650468821	0.2684315317703883
0.9835656650468821	0.2511238394627463
0.2821604940319371	0.548769899024272
0.9365934009940913	0.04574555079196761
0.06340659900556841	0.04574555079200371
0.07579991058243253	0.4895832452655474
0.09446941750164559	0.4983204815267786
0.5368586233081873	0.6137885720560794
0.2391106315039417	0.4743085553330961
0.2345450661422935	0.4927211554933824
0.9211365676541378	0.4172884945348844
0.2926575628327516	0.1346743613730997
0.04480272015514986	0.06434649552084867
0.9551972798448523	0.06434649552062408
0.3999510914394599	0.58932174297937
0.4195525448279991	0.588840331957845
0.4073289331823853	0.6012240158744084
0.7076652360698483	0.8653491784302076
0.7128265516535404	0.8112301903286355
0.2512204453184961	0.4261572420192119
0.2658435667404503	0.4414315687385589
0.5807842046426044	0.5978233835543176
0.827845239704011	0.770554104015799
0.8218236745173961	0.7527921672751432
0.8391849493156606	0.7567278634213703
0.1609373413274889	0.7559153421972757
0.1781844024396574	0.7519407209680278
0.1720405466106241	0.7705151789322772
0.8148527166017081	0.7389839524073735
0.1956084181438198	0.7528838514639271
0.5172339208283485	0.02808946624111588
0.1722672690050557	0.2290404611468203
0.1756955136098848	0.2470804644747386
0.8227155966789612	0.2465247927488349
0.8266588487981976	0.2289458214556119
0.1823774510106959	0.262159574643504
0.8158278825101497	0.2605044757622597
0.7498155677966422	0.01661507971998596
0.7325741884862519	0.01661507971998596
0.5598839169914445	0.2474404916471089
0.2501680525306028	0.9834385249410675
0.2674094318410195	0.9834385249410675
0.4827414450610331	0.9717426888719374
0.1284978665022749	0.5929077953883972
0.4191064386587422	0.611217670457997
0.09493824014856225	0.5638588716117272
0.09821420652237489	0.5444324531212854
0.2932561108078868	0.3640507408926378
0.02850945276354112	0.4834498978749709
0.9714840063001589	0.4834513424712359
0.2130059630102199	0.7493435532781518
0.2345819070609622	0.7720199489895929
0.2278458072284502	0.7874907299614573
0.1516515981073024	0.3456324557350489
0.1663841235505043	0.3571892712642339
0.2880436492274169	0.8116756643415879
0.7120674959556186	0.1883163168623015
0.04525044525337842	0.3185225573786249
0.9547000086419299	0.3185406498420145
0.07923538970611338	0.5950767868816114
0.08875749549643416	0.5778966561918392
0.9693675011376148	0.5316773974112046
0.9622919823835943	0.5477536956019792
0.03785506277259333	0.5477574132227139
0.03062499147079963	0.5316909077661358
0.8637375207975744	0.3524462331101345
0.2893332902874497	0.188907824899208
0.03457313706189528	0.4384490184425766
0.9654246088997089	0.4386189689202968
0.7359421193874491	0.4476834398600391
0.7548727175039396	0.4507748256802802
0.6249626344523955	0.5178749474168347
0.6350980167368105	0.5041340121676272
0.8981320063707157	0.2683241025619925
0.8826131968006754	0.2643633095597127
0.1172918049618668	0.2643693864185326
0.1018636837708968	0.2683151296330164
0.01365662224449221	0.6202476751031865
0.9863456162187807	0.620265714882503
0.2612511693162903	0.5659037417201794
0.243658733475694	0.5623907076139687
0.5221926216999018	0.3571630976367858
0.5089457490289448	0.3499407836893427
0.4962713594265306	0.3600714441204725
0.8743182228377852	0.5941585162270834
0.4374529716261392	0.9658461533540581
0.5632461760128984	0.03394326145216139
0.4330098341296062	0.5852010880227718
0.4524411528551999	0.5797563679972912
0.7959777449755214	0.5016849183756966
0.8061433817179835	0.5160711881086719
0.0517234756127232	0.6292962406599949
0.0675968796313622	0.6287291774044839
0.9311407560074663	0.6299941095025789
0.9482966705570901	0.6294585986866478
0.8098142312946737	0.4880965135610374
0.6136887842740406	0.5666847909195882
0.6245580656065524	0.5553827183638249
0.6327392462306468	0.5712590629968302
0.6384435956820352	0.5447494601967207
0.619393133725429	0.5401751881194788
0.8250588810909688	0.4978462718699934
0.8233283551864936	0.4825973373677087
0.5817842256208405	0.5670027230149072
0.5787395793363315	0.5844564268475657
0.419385632219053	0.1116527210652232
0.432999761821424	0.1082070108588794
0.427374504409827	0.1263087663145278
0.905334126029655	0.5453791698396413
0.9074699533505834	0.5639527463475095
0.06461972374013786	0.5983642582483018
0.04916350989717592	0.6039186374400523
0.272615731911577	0.9172420461450006
0.2847322523800264	0.9273321861902293
0.9066401647821223	0.4951782774996307
0.9241969544958932	0.4887342341637888
0.4369487890358794	0.3720966743132517
0.4219304675103263	0.3613744003046368
0.5362678772536265	0.705139962840367
0.7273955275538606	0.08275034871422049
0.7152712243207042	0.07266619867047851
0.9186442932648169	0.8011613049965707
0.08134429626688981	0.8011624317808751
0.452092897802401	0.03984738930370182
0.4685933383573584	0.03066790937721745
0.3226288592755292	0.2460167769076637
0.303072694169687	0.2446165254879188
0.547333583631274	0.9613625924809572
0.5313802179059153	0.9691384604024312
0.9133761789090672	0.5780963882630776
0.9219047254710623	0.5951600292660908
0.8324996614555331	0.448653749456034
0.8240717418579249	0.4673198490959789
0.8165116249878067	0.4541814794188078
0.2261306288322738	0.5564887882273432
0.2085483423107018	0.5578470801949686
0.2155523226791251	0.5739954151793945
0.4948388259711194	0.1752453116072076
0.4829502646992601	0.1910085816562141
0.9138256439423256	0.8977527201693136
0.9185413235133163	0.9111708370981733
0.0814586764868743	0.9111708370981269
0.08617435605792378	0.8977527201691562
0.6263195303271202	0.3228076252893892
0.4885608771550825	0.9261748855026748
0.4947408879703994	0.9084281767445694
0.4537328665051832	0.8173282000383043
0.4669152508489782	0.8251032287003452
0.4487082409972898	0.8331267702750103
0.2941423235786223	0.9174589444223873
0.6483129629494715	0.9896596129062787
0.6574200798062245	0.9738527333775215
0.3517114502899211	0.01030469597731729
0.3426027509740107	0.02611144804789774
0.6353946452402451	0.1391390188675524
0.5882483671655274	0.8064216528634167
0.6056663784855403	0.8169302854857393
0.8539854129828811	0.9851752203045492
0.1460442214227607	0.9851890325188244
0.01462423516986038	0.1468066612075505
0.9853757648301988	0.1468066612068882
0.7058560703406441	0.08253908349394742
0.07180100588526825	0.6114889438157008
0.9287326016614983	0.6116271106916268
0.3885327645050739	0.5087845514831455
0.4661456571186224	0.3030279087870786
0.6315214504046821	0.4412907751515822
0.8539073838955871	0.01516813847853922
0.1460292558271688	0.01478244304590857
0.8373518888177316	0.6775916037738638
0.8185994210271194	0.6714625675200833
0.8266714398427066	0.3615654859270885
0.7298634270092079	0.6299900682578325
0.724066913225444	0.6118942967051115
0.2767647930585868	0.2423020156404632
0.2921968727189519	0.2502662211402232
0.2751236385954463	0.2562412772751222
0.5343416960280167	0.3885485115166896
0.5365462938875737	0.6921443202180609
0.5297671238574584	0.6732491604576327
0.0162845561252847	0.7529723860012708
0.9837154438746059	0.7529723860005528
0.6280911296372237	0.8263180618031936
0.6434883311997663	0.8332681396779197
0.6369093396261044	0.8110223774877118
0.617800507401309	0.8172657032427117
0.5879555377237703	0.5267168974270813
0.6038668009923722	0.5374394937886589
0.7103945489099339	0.6096390167300194
0.8707760804079054	0.4374243783017255
0.8843347647490769	0.4417664882243568
0.8766360562776602	0.4554671700372059
0.8978234977496196	0.4484733443623394
0.1282132939328317	0.399511846557127
0.1133007976203312	0.3974768443641324
0.4589346099281476	0.9098237576624162
0.4708200282958692	0.902568723033877
0.4703858566104863	0.9216011210566524
0.3077656974431981	0.3213430728228592
0.2930933794046193	0.3066033886379079
0.08096724174462322	0.8788116256742968
0.09527405884446678	0.8806205932016367
0.9047259411558324	0.8806205932020141
0.9190327582554632	0.8788116256743534
0.5392978034444427	0.362130495808672
0.5512040966253132	0.349589348682903
0.4414322153303714	0.8848766589113479
0.4472933593524573	0.8989645283098282
0.919147551376269	0.4710830375648772
0.9004623747452379	0.4710114419926539
0.9088799172498626	0.4598808755320606
0.4552350149294525	0.8771147082455137
0.4372984486462934	0.8712000075172208
0.2083842321423751	0.5312638645394188
0.2086155415339951	0.5111058322626425
0.1939144554412131	0.5611793457332157
0.2044927615943617	0.5436727187811643
0.98537313985444	0.85666440934968
0.01462686014551895	0.8566644093499325
0.7126718833727255	0.948227873128245
0.2927568949484108	0.3349153001098656
0.2873218825181956	0.05177174514416455
0.6137705548913238	0.1916830113185047
0.6273703581803638	0.1911993121522024
0.5319613716597067	0.6299075473765141
0.2738609246558105	0.4710038848150737
0.2573883625467627	0.4711458664377086
0.8393163916542199	0.4770696074049349
0.1247697135923147	0.4287318528315555
0.1331013999513364	0.4138718876511808
0.1073695307571014	0.4260219468750102
0.1141444724959113	0.4415124570694875
0.6673921646254235	0.2568295834808688
0.6590634089417264	0.2708955354627688
0.652291069847502	0.2522123858459704
0.478176276738788	0.8415063297196304
0.08464893252995348	0.1007762148111152
0.09343305322993017	0.08818022052866473
0.9065686451508961	0.08818011870476444
0.9153466985791268	0.1007847535530494
0.7058771562256966	0.6641795824949634
0.4397221224274709	0.8114932140423934
0.4579291322791593	0.8034696724677282
0.810446324653749	0.4408259959632764
0.4399234154995849	0.6639188660878721
0.4539886284516756	0.672677471695734
0.4455120278008404	0.6489592172089558
0.2918295832654794	0.278369395003367
0.3075785438321788	0.2693358761216094
0.3920897401709708	0.6770020194722834
0.9165086743806505	0.4485449399345628
0.2934813777991562	0.5986776163260406
0.2760065760970761	0.5949366186077711
0.2857942825839699	0.58340418914246
0.9847259955129311	0.7711068900949949
0.0152740044869664	0.7711068900955418
0.3429342277069142	0.8297626092600672
0.3584292144918508	0.831809096754218
0.3424274430256201	0.8137732760632188
0.328726541214253	0.8263792351218666
0.7637929258281628	0.3598919955510259
0.8288409927348298	0.7122176823843451
0.8193393343677144	0.7016667557513739
0.8341439603671195	0.6937721053954862
0.2723861291129995	0.7429838186811781
0.2764654312909035	0.7575158966745626
0.4353659537665918	0.2970083901990467
0.4538078548851828	0.3040193088326242
0.7688491615519979	0.9849213022117125
0.4083478891654029	0.08652936853009306
0.4114714261923835	0.0996189287964032
0.3948084257271365	0.09259733171692147
0.2311459470254628	0.01508006731992773
0.4058461687807866	0.1177206842520516
0.9684414393875369	0.7625408145574509
0.0315585606122511	0.7625408145581979
0.3257927091446261	0.6591724098448235
0.3092736911329622	0.6464209651523274
0.3101220360475783	0.6627926127856647
0.6408221326316558	0.6944502403803312
0.6554185467434981	0.683731253813563
0.9874513024151921	0.5598076908581229
0.01256830360557829	0.5598081865425959
0.9743251351678422	0.6581609827058434
0.9898693142775217	0.6500932267938138
0.01013098418425698	0.6500908214910455
0.02567516329387388	0.6581585774033121
0.6581708628524872	0.8978425393090991
0.6441965785619018	0.9077523944338016
0.4566729958683247	0.1997520264597744
0.437830990440876	0.1938530940797036
0.1072366918703954	0.09047427939482247
0.1094335181593979	0.1100591278797764
0.8905664818406644	0.1100591278795937
0.8927811883056562	0.09047320741630313
0.5286739833862224	0.3722375558272917
0.4490981616226274	0.07374974384407196
0.4390881547182824	0.09173321963485483
0.435020896534995	0.07556748981879192
0.3396396664476061	0.1016747137373392
0.3557031223991665	0.09220406048769599
0.2146071305534132	0.3066387593142237
0.4989361281476266	0.2026313066260005
0.4210740659100073	0.1417029007791828
0.412437017645218	0.1598735561036371
0.4303793388605624	0.1675181387141408
0.632672505505317	0.2554193981428226
0.4268868022063311	0.7307632940872041
0.4485683386322412	0.1363607342004793
0.4544259362357868	0.1170076083162668
0.2409746671876193	0.9684829559190142
0.23218592500285	0.9850444309779467
0.4422679001324215	0.1517548686651343
0.7054636690039018	0.6925926788737251
0.467362602208731	0.3497795997161921
0.7678048104909261	0.01502178922959379
0.7589996886330325	0.03163686894957975
0.07838908125754322	0.4154476859206269
0.7882161090309791	0.952097099571932
0.4027203619550741	0.0725500513602107
0.4193833624203211	0.07957164843969242
0.3669938933527297	0.3731927640780984
0.3810407049115975	0.3704929379052957
0.7727480415782556	0.9562946809056682
0.3754170520632498	0.5714159869928797
0.3592653823493398	0.562549038072214
0.2115934021617119	0.04796494044619425
0.2272352055230831	0.04370678939595198
0.3732194179814548	0.6988193904559359
0.3631818280069983	0.7110614157534907
0.3815198183339413	0.6855876409380559
0.1186201788038323	0.5129665118876221
0.1066564941291565	0.501035390462247
0.9667385086244323	0.6431551060157793
0.03326178983733381	0.6431527007134918
0.5832849111483138	0.4737069477721438
0.1634624146036419	0.4109298502850205
0.7954887902280329	0.6239966260575345
0.8229563843354151	0.1864188317072469
0.8076784931960735	0.1908640256021435
0.1920817085885672	0.1908350357776448
0.177019635843208	0.1864159327250924
0.474179939846378	0.5388514926613797
0.4914110149587219	0.5390604204565996
0.4811149263730047	0.5525898032129013
0.7922894469762926	0.1947127428904686
0.8047206916921927	0.2059096416055182
0.1952553284867672	0.2059067426237549
0.2074947346301254	0.1946866520486853
0.4596451614327533	0.5341055406293629
0.4699412500184704	0.5205761578730612
0.3376757389370983	0.7339678950309414
0.3448119702593037	0.7493007484442888
0.9341701983528103	0.9078716630416042
0.9245790608241702	0.9230987474981245
0.07542093917593978	0.9230987474980209
0.06582980164714572	0.9078716630417105
0.7619083282390109	0.9707323462770978
0.3510546485686035	0.7226243543451302
0.3320792486475351	0.7188794780624521
0.1582358225371794	0.8310782830824955
0.8409939708872067	0.8310022251607996
0.8205309967074015	0.3253058654428178
0.8381478614865838	0.3208571176630542
0.7154287157043894	0.2323643443566596
0.7205129940804698	0.24383675909224
0.7077268865648725	0.2493043137608605
0.2380811914372638	0.02927012060459355
0.7277353821489259	0.2557201849469073
0.7354372112884426	0.2387802155427065
0.6194572368368778	0.1367334939903055
0.8077714207763367	0.8092229565951711
0.8225588714741128	0.8149163423031982
0.1774339346286386	0.8149201516582545
0.1921945061176523	0.8092264698973667
0.8048779278027909	0.7940833088336791
0.7922072634359612	0.8054720105224999
0.2077279914822082	0.8055062947262257
0.1950770124260131	0.7941216984463484
0.198900621988232	0.9179967020361898
0.8009273309108838	0.9180151762262716
0.2744575101482585	0.7875302342238992
0.2880582144949533	0.7825268006475499
0.2926384534771214	0.7949912997577231
0.9046071289420206	0.6854915052962212
0.8920669595717711	0.687682147225312
0.1079330404277459	0.6876821472262418
0.09539287105760627	0.6854915052982056
0.2818929126128313	0.7694118260390558
0.4843200962599915	0.5851982484338552
0.4980631103345195	0.595005825574504
0.4795360380966398	0.5996607419425708
0.9158295372765007	0.691500857263798
0.9187385679349909	0.6733989154114078
0.08126143206442325	0.6733989154137696
0.08417046272315305	0.6915008572652189
0.4741758240708726	0.6324964420472536
0.4772589629420815	0.6160481980231201
0.4901959132999589	0.6259165631073531
0.4124404925693085	0.7455758107265751
0.3620912459003438	0.3576994757405796
0.5520830886749031	0.4891221189090869
0.5451492799035376	0.5022308023953448
0.5349544224380938	0.487386633298492
0.1057763984223438	0.523980448628385
0.5814803813046763	0.2893684007287751
0.5871239301698583	0.3071221563655896
0.2926036616713259	0.2050566704507744
0.2880481268771078	0.2175121294602557
0.2744348724840551	0.2124896454888142
0.2818586824359647	0.2306360320019298
0.5834087409704836	0.8519274906270816
0.3118486149118963	0.6784306015706203
0.2953295969002324	0.6656791568781242
0.07276832991506357	0.2223327707464122
0.9272316700853118	0.2223327707457248
0.7573692560598138	0.3691947128349385
0.7544424889225104	0.3884945219628492
0.3173013081931074	0.1532760640577815
0.3157647415871256	0.1702907010367053
0.9871937713458678	0.8715408651766599
0.0128062286540797	0.871540865176843
0.126743350975559	0.6258277245873958
0.1391762523989725	0.6341532693745806
0.2647854483124591	0.2366110881368289
0.6429195526305933	0.2809021081498201
0.8007956468367615	0.0820082938079478
0.1990341153587335	0.08195632646104542
0.6421952117519847	0.9665785636017235
0.01272256057543316	0.1315627732147268
0.02734679574529354	0.1399078959603856
0.9726532042547975	0.1399078959597836
0.9872774394245987	0.1315627732141636
0.3578259106061882	0.03338681548028765
0.2644497898441625	0.7631698057492329
0.51432140602535	0.5900894954605644
0.5180511043911136	0.572689339557229
0.267452282835004	0.5268528173259437
0.2666469970341634	0.5445295453842665
0.5005965849916099	0.5666710315369549
0.5015569573423089	0.6371192083138484
0.3319507645052081	0.7052742869306337
0.3225422123953091	0.6892783469813937
0.8294178501163569	0.2887238899223031
0.8246576569855695	0.2690955360270053
0.8397079745559938	0.2794457651731806
0.2415525029889137	0.7553669188581091
0.2520517125942831	0.7679269065162235
0.8376702579475254	0.4322837738033144
0.8452303748176435	0.4454221434804855
0.4531066750154152	0.7854726786111936
0.4731868524900699	0.580084067289824
0.4917139247279496	0.5754291509217573
0.5582232791680661	0.9859247695140643
0.4417700398397222	0.01407510394553506
0.7801616185150042	0.8583601099927903
0.2197024597800755	0.8582878133574269
0.8608693868332433	0.97241511445221
0.8689529393671731	0.9872398941476608
0.13105101188721	0.9872417357761123
0.1391641988266373	0.9724307682949367
0.4470770269090565	0.1063892648841594
0.9702735869448955	0.2424699933089253
0.02972641305519275	0.2424699933099214
0.8688168597814486	0.01304162813656136
0.8606552781601582	0.02820976661510059
0.1392924449056109	0.02777381609862088
0.1311942235609389	0.01299137305271231
0.9867079218980134	0.2336538461532994
0.01329207810200275	0.2336538461544423
0.8134319977697486	0.6902290620283948
0.9099625521908956	0.8111980116995925
0.09002603734073245	0.8111991384838562
0.1603459327552837	0.6553012732952403
0.1500126073823492	0.6609315395375678
0.1461981516639868	0.6458498802057731
0.2458901380766326	0.8293434447508217
0.7539922172553152	0.8293305503385602
0.278250900217643	0.3204062367667412
0.1894510465209393	0.2749637407408266
0.1710957990560784	0.2735436414450511
0.7540044241678804	0.1705832106239461
0.245954187827252	0.1706914111054693
0.4455089565012103	0.8458229061949412
0.4323265721574153	0.8380478775329002
0.8384045014316402	0.7216444793545859
0.8235998754322352	0.7295391297104736
0.9508566362726019	0.604080995466248
0.936027076229923	0.598634049812159
0.617752331067855	0.5268062356215548
0.8346979622554481	0.3064708055622848
0.8196476446850238	0.2961205764161094
0.9767081681405125	0.5533590131218871
0.02331143788049158	0.5533595088069192
0.1593806344373179	0.2795664933421119
0.7213898121077876	0.6760686398647144
0.8518608304511175	0.7151752792013693
0.8466197131485229	0.7324967265274978
0.1534237562041293	0.7316243781399179
0.147300874164133	0.7140206073066415
0.4514865664744744	0.5610202233051709
0.4648384376413863	0.5711170201098017
0.4255744341492235	0.4227153583115837
0.438608491761766	0.4295853701483933
0.7590216619720718	0.2455365496159576
0.7478039220137287	0.2324472782405272
0.2523951668441229	0.2318811535142781
0.2421717432545466	0.2442176514950896
0.6392022938307738	0.8586561722461898
0.6265880093423143	0.8728707667821576
0.3505495541384804	0.4021010113205947
0.7602204329168954	0.7551311438798483
0.7489964237994694	0.7681356397901984
0.9308340634661959	0.17530196778434
0.9400418811775986	0.1873602047543764
0.05995811882267085	0.1873602047551594
0.06916593653409191	0.1753019677850375
0.1518036195139787	0.6747871751205277
0.1376558384226819	0.6653357820310604
0.281122746727111	0.6656157447748527
0.2766546311901616	0.6526045563373679
0.01202563591990146	0.5088227477895663
0.01988185719588634	0.520831893194182
0.9801106354122943	0.5208183828397023
0.987974364080271	0.5088227477875717
0.3878536011362222	0.5825664587434336
0.4000772127818361	0.5701827748268702
0.4924328489273201	0.01182752073086846
0.480395202618821	0.01961252708752015
0.5953202617434517	0.5875540419908207
0.5075648258613434	0.9881717030050443
0.5195818152134795	0.9801897997712083
0.5253330764314906	0.1108977611358002
0.6015065557027661	0.1923365230131729
0.5858123817142808	0.1855181086471189
0.1689507768877764	0.5805429684044215
0.182615245623731	0.5698367582710286
0.1537608620044436	0.5741836662979962
0.155451183802311	0.5904068253073804
0.8368386282495743	0.08696955127037148
0.8390900477192078	0.1001617382249167
0.8236633881522445	0.09744981548274849
0.1762038119345124	0.09736700344375354
0.1607898902240975	0.1000796898647669
0.1631741096060457	0.08697031494856208
0.8381439498835257	0.1171731670573229
0.1617232502036649	0.1170903550186544
0.3857923615531498	0.769743447362768
0.3931166523692486	0.7854227560260757
0.6095654008122389	0.1772723993785928
0.3996969275710821	0.7582103375628775
0.6572178920214218	0.8816803347270146
0.02830054562168301	0.2757261203805598
0.011866210668493	0.284217665532817
0.9881309103737186	0.284218643482763
0.9716965754206008	0.2757270983307469
0.6201765536555424	0.2618522246005476
0.6062759482538007	0.2735841903353726
0.85156857513107	0.4564585896238899
0.8567391716230623	0.4400886139711703
0.2189906241916131	0.454805719797119
0.7210246412090207	0.4412369859002208
0.1495095777719069	0.6285230031322533
0.4709567564269247	0.0110553822896973
0.4594124034994607	0.6399862944137542
0.5290397820047441	0.9889486606312229
0.6638695193207835	0.4474611687107292
0.6778189968302819	0.4476520975742764
0.6574137919458751	0.4307272965513343
0.6463451595620427	0.4460555831636465
0.9552313104410322	0.1787712855586393
0.04476868955915969	0.1787712855594842
0.04231840077541071	0.1441311979006893
0.9576815992247296	0.144131197900088
0.4401142679533552	0.8570910351521088
0.4564959367932296	0.8521699278942189
0.7964381427196832	0.1379393122119885
0.780160756284434	0.14107122906124
0.2178855739428315	0.1406078290138746
0.2016810639092317	0.1375878520104857
0.8145571447064811	0.3073392235594921
0.5574352871422137	0.7461719203678459
0.5618748084587641	0.7651537080909742
0.5471265565323757	0.7572143452932123
0.3512502954575684	0.7638263447182487
0.4256680516101668	0.8117255457640781
0.4298643173841428	0.7978670181935019
0.7247726054957623	0.02869647964196525
0.7163363480432656	0.01208139992197929
0.2752171222823262	0.9713626947350054
0.2836697594079736	0.9879241697939378
0.4751701846492801	0.7660928028635682
0.8139329399656854	0.1323482145433926
0.184908014916807	0.1332786460250908
0.4274165251520765	0.4070862401918364
0.8563856415832809	0.9574696726817347
0.143643992822766	0.9574834848958031
0.4583165447044806	0.4975070451443375
0.4534887673619959	0.4829338254556003
0.1433199220306633	0.4001423915712295
0.6382357232640126	0.7823125353347529
0.6399137697043006	0.7969571045951716
0.3493859705435837	0.5767854775437953
0.6421983048448496	0.7676886559331413
0.7246122079683954	0.2134654880830651
0.7106560777937805	0.2187490790186598
0.7070534625421891	0.2053177774136858
0.7033841024113596	0.4660534210019428
0.7148717588123271	0.4540308770510521
0.6912654055866024	0.4555421662786504
0.6928185387807051	0.4736825677734282
0.8562001489932538	0.04246801045083893
0.1438702382221592	0.04209033364369385
0.7286079134817192	0.5557620569384926
0.7213928792418312	0.541341103308897
0.8527346051885358	0.5028108062979773
0.8353329407241092	0.5052075248491826
0.2889085256033734	0.9606083055806498
0.7111018024388793	0.03940064782717349
0.9725669112003079	0.8628206591418157
0.02743308879959865	0.8628206591421218
0.5527803025502769	0.9748734301452873
0.4472095548885541	0.02513048623523236
0.7193079904520754	0.7532951569400954
0.7096030915357099	0.7648680165650543
0.7337643838881094	0.760600775048881
0.730427457071694	0.7432060648887955
0.954334956393461	0.9387630842853604
0.9521784885432319	0.9550800460103053
0.04782151145698051	0.9550800460101205
0.04566504360669323	0.9387630842854782
0.01074313427491329	0.5300897838036032
0.9892568657253205	0.5300897838012683
0.1676063703603834	0.5484107386084436
0.1525918922309331	0.5586005116635169
0.3850225965659303	0.2435663658798395
0.8562697269418029	0.9302751565581142
0.8603938516547471	0.9137352117363029
0.1396061483460856	0.9137352117358324
0.1437302730591747	0.9302751565576615
0.7113037576959458	0.5829361488026215
0.520220216270985	0.1701210342046536
0.5068821019429053	0.1747220087471046
0.5357968022374698	0.1602020089073836
0.5851234249354647	0.876672520479889
0.3057598895498093	0.7188520914211181
0.2892846948936765	0.7210874625357946
0.9522683499161266	0.7894855166881425
0.0477316500835461	0.78948551668867
0.955994647835823	0.7734982091979631
0.04400535216387175	0.7734982091986157
0.9870792764892176	0.6972635270791463
0.01292072351062426	0.6972635270802399
0.1874499605529409	0.9089319276848242
0.8123756107157255	0.9089569184797472
0.7096936697794545	0.5278627742883595
0.03770717470066837	0.2909316171614366
0.9622899463416292	0.2909325951117103
0.4295359057731988	0.3467902386779415
0.4446357253115908	0.3529977013455462
0.6075728006676568	0.5783741104183311
0.5993916200435625	0.5624977657853258
0.4363392199620903	0.2191884616228737
0.4550294988480532	0.2168082316210212
0.7225409409002512	0.7848646324731612
0.7378769571798507	0.7782247318414983
0.7182601936839708	0.5985080643865762
0.7249761220114559	0.5851914287777136
0.1498626634205814	0.05707714790741206
0.156936257732158	0.07461075799441448
0.1406865935840541	0.07214939128257299
0.8594598917643742	0.07214060897856957
0.8430708857768195	0.07463715621391911
0.8502654897246561	0.05709629117994895
0.1271125317404555	0.7434107367009033
0.1334408849639125	0.7573897909659164
0.8665649109501111	0.7575061040831184
0.8728932641735283	0.7435270498180649
0.1406599007316153	0.7373811835557307
0.859267073892297	0.7375573238372575
0.1029762847716566	0.4506975430360928
0.09094535053345273	0.4614579929338495
0.08471335542249411	0.4495630010106989
0.5624908146203323	0.3412939256667152
0.2934674838874241	0.8653891588774544
0.276487231082466	0.8659049259212017
0.7254894341561953	0.8641901693794651
0.706632635957364	0.1345775821738975
0.7236601856801933	0.1340606602241108
0.6277187535690812	0.6861791656002296
0.274535653046404	0.1358022157149261
0.1033068755153013	0.4091493149954141
0.4777042474369486	0.3916792939477267
0.4811852118299193	0.4084146012408368
0.4015160472168382	0.8384567723494508
0.4178344065771892	0.8372936863274738
0.4128089283009847	0.851907099474808
0.2767646663140639	0.5701440953601848
0.4722322661093444	0.5613479225977037
0.1340707480645147	0.1733232557775878
0.1469406191847768	0.1738103012197404
0.1414495720218217	0.1902116651196985
0.8585504279785479	0.1902116651194162
0.8530593808155369	0.1738103012193179
0.865929251935731	0.1733232557775279
0.5746824789113139	0.7398395095036685
0.8127733277945453	0.09121612399750934
0.1871910207085828	0.09120026759855328
0.1642582061916454	0.1807377248296608
0.1568793822343384	0.1638493154875501
0.8431206177657883	0.1638493154873653
0.8357417938086051	0.1807377248292535
0.8765469011156638	0.1650127357487793
0.1234525924845488	0.1650117857428134
0.4605143291326452	0.1005338170922423
0.6674123388867708	0.6190271240122733
0.4210336910732688	0.824597550407543
0.8394875013367715	0.9557020358357233
0.160575060186231	0.9557311949546896
0.5648791002190428	0.9179694039289594
0.7066814264333108	0.3362689682491585
0.8925200528101405	0.1590902062206603
0.1074794407900289	0.159089256214753
0.6988989101252233	0.3743798489071894
0.6976451188003658	0.3580484498301544
0.6845452419544551	0.383007254348369
0.4374794391424427	0.7876634335906691
0.4527985725870408	0.5463595169388733
0.4485598827591333	0.5280841821505549
0.160119902370263	0.04455170035553535
0.8398111430056991	0.04496455768618847
0.7103674788103582	0.499570882569436
0.0558653296785078	0.150480710307105
0.04279539924281785	0.161501296359625
0.9572046007573507	0.1615012963588695
0.9441346703216825	0.1504807103064493
0.3289465872290342	0.4491753434798188
0.3183239455087175	0.4600597230585709
0.3117552064331804	0.4492301352529191
0.2204739736893509	0.8008043605687963
0.7793542063462275	0.8008399411266935
0.8176609734321877	0.3724970889279829
0.4810668347064238	0.4247287970767829
0.4668288938901587	0.4165443141520322
0.314409483540467	0.1836695815253896
0.3304980518309664	0.1761788192430117
0.7793561438197507	0.1992156337839256
0.2205217311853585	0.1993031399848754
0.7596186775760181	0.7149671431846558
0.5078888738068426	0.1883110433013958
0.5782619044083692	0.490815370379126
0.876366388324846	0.8956182822299306
0.8885669656744439	0.8896446185230438
0.1114330260154613	0.8896446224252677
0.1236336033651605	0.8956182861321692
0.1221862486896149	0.6868699211640575
0.8770566141156146	0.686596472079871
0.1601023012046114	0.1330609768484705
0.1550697448909635	0.1496697569486101
0.8437712099919673	0.1487393254662444
0.8387386536781941	0.1321305453662056
0.2828493255914289	0.6812537335598086
0.7405815339452726	0.2205638523858599
0.8314720117878265	0.2133601965043149
0.8328951473851638	0.1963798174391996
0.8442574212610165	0.2076790896263215
0.1557425787391302	0.2076790896268714
0.1670808727936464	0.1963769184572828
0.1685040083906928	0.213357297522303
0.8642637106607649	0.9017498407787323
0.1357362893399953	0.9017498407782456
0.2725322266626587	0.8841494039884379
0.9529789461365845	0.04794903579953518
0.0470210538634177	0.04794903579961922
0.7274668353146423	0.1158231192821456
0.698346368272444	0.9866725854412501
0.301650651746624	0.01332811932962193
0.2776188311684233	0.4313435393002508
0.2770511244840019	0.4467857811397091
0.8499712824711012	0.9428212679083595
0.8393715866952935	0.9285075197121029
0.1606613404226397	0.9285228666165481
0.150061644646809	0.942836614812844
0.1062259117021607	0.8707035279304083
0.8937740799875815	0.8707035240280836
0.1905649614709383	0.5111562505494882
0.1827970507258788	0.5273444718288851
0.3131414376099771	0.832862581833909
0.314844620001258	0.8476107563517241
0.4894633412216884	0.5615568503929237
0.312634652928683	0.8168732486370607
0.6871658384389052	0.1669860184903817
0.6854546933287713	0.1522347708232573
0.5661623520543062	0.4916143910895826
0.6722354007463719	0.1731549022078848
0.6881949615018994	0.1827673309640152
0.2949794768124193	0.4484061332665361
0.2832042123844463	0.4584941627048442
0.5354610970975053	0.7692542257638885
0.011866210668493	0.3015253578405535
0.02788153883922291	0.304898811012093
0.9720939900193066	0.3049071235963805
0.9881309103737186	0.3015263357904051
0.846853547184847	0.688142530406835
0.8608694415033382	0.6866920628214711
0.8576615130527261	0.7028725644430933
0.1565643885962682	0.6067962598574332
0.1413744737129354	0.600436957751008
0.2574791939162109	0.7798228358807167
0.7070719775758667	0.7938818141778734
0.7071759539441064	0.7797070488048932
0.4165487119675209	0.7752075557867588
0.4148004988498297	0.7600884040276945
0.2574890562215009	0.2202151698757447
0.7297128329620854	0.5733041884302725
0.6902121058189719	0.970865705912493
0.3097833317410081	0.02913487140020238
0.8458107448728197	0.7440265239904742
0.8518323100594346	0.76178846073113
0.1481734858549749	0.7616721476130885
0.1543173416840082	0.7430976896488392
0.8662486482477354	0.6718664380436128
0.9303678087297277	0.6931477162495669
0.06963219126987544	0.6931477162512196
0.4111758860299407	0.8109713545586517
0.8689314542657159	0.2243540585248391
0.1310685457340388	0.2243540585256038
0.3014315397065465	0.2585557871225779
0.3184543652829138	0.2636861804693049
0.6990949687328754	0.01208139992197929
0.6952707519108783	0.03098017746760151
0.3009111387183902	0.9879241697939378
0.3047373569599828	0.9690284608510096
0.971535097379538	0.6880235906834381
0.02846490262024116	0.6880235906848551
0.3459147303235491	0.1731987389792715
0.3445594722768905	0.1865776194679558
0.4152770532516395	0.5631714726562864
0.9598604437889899	0.6847089786517981
0.9403851110334049	0.6874992025834261
0.05961488896619775	0.687499202585095
0.04013955621082964	0.684708978653323
0.958483087109233	0.858781361064395
0.04151691289068519	0.8587813610647547
0.8164174413511238	0.5234324410878611
0.825443932384755	0.5337649201689764
0.8097684972704491	0.5391294072351369
0.1836055630595718	0.2177382899772316
0.8152965749223449	0.2176465492684899
0.5402863826728692	0.918142104655624
0.5536412827917525	0.9288857566769424
0.09930356711036473	0.4731304874223065
0.0810406377612022	0.4719959453969125
0.3775246547148224	0.2186099712765455
0.3667185642091679	0.2079824603039417
0.2500873292846974	0.6493968458834614
0.2355865018283738	0.6566485707448384
0.6560512956257301	0.842242809602476
0.6695441044395651	0.853927514677123
0.6532695093513488	0.8581462483822928
0.6295590699293421	0.7562126613116997
0.08033171166653125	0.5408447972618796
0.09413032132366697	0.5314007182291764
0.6191738530859269	0.7424731366700057
0.5808646408227685	0.2759513570064087
0.5681886866833685	0.2697795319782227
0.2949378079240694	0.6943991548785262
0.3337138936720722	0.1463602915958934
0.4639501508704173	0.08270124959838546
0.2184945495204984	0.156336702757815
0.7796852099283538	0.1566590265394622
0.9088449637002154	0.532237435223945
0.9208975865930797	0.5407379499397904
0.8154630250244563	0.7822263313879609
0.1844155673921249	0.7821912156602593
0.3056021185327361	0.437521753687784
0.2203788475318491	0.8429993482158031
0.7795510595552451	0.8429664321355211
0.3555415427049712	0.1979483020218829
0.1671685062799564	0.7861658368895073
0.8328242998227209	0.7861620275341882
0.6859889240210393	0.9583412830017997
0.3140075531539224	0.041657762166271
0.8548298498344158	0.201910098779996
0.8534067142370785	0.2188904778451113
0.1465932857624793	0.2188904778455615
0.1451701501654328	0.2019100987805412
0.2622525963319835	0.6427837084437557
0.4118675849637783	0.3112249788883485
0.6928093353276685	0.1378754534991984
0.2464839209297903	0.7216560192887957
0.3073059011890893	0.8620548436443751
0.9308065678059656	0.2370523666516793
0.06919343219437731	0.2370523666523758
0.6143071285013936	0.7043767286470923
0.08874199062739477	0.2600251788248093
0.07747009900379484	0.2514214944567014
0.9225299009965895	0.2514214944559987
0.9112580093729764	0.2600251788239166
0.6238613190105446	0.1511522092551867
0.04185629220290528	0.3043181740316788
0.9581221156134985	0.3043255086649692
0.3761032600649827	0.6744662653157589
0.4539008668309457	0.4076254366124364
0.4396159386514484	0.3999525848455212
0.452662342834157	0.392557266549171
0.3496605688378616	0.4308417241516025
0.3612969417638908	0.4166588668249483
0.7338585161479739	0.6855998669279136
0.7164994903232053	0.6872011146635926
0.01202563591990146	0.4915150554819511
0.987974364080271	0.4915150554798342
0.9448959649642525	0.3045661213573442
0.05507608111482388	0.3045553635279685
0.3881038554891536	0.06691987628099209
0.3991393287440718	0.05996215619059145
0.3004377708349207	0.395178305830334
0.2921934626180586	0.4076094236197485
0.3097522582870752	0.3837517625355066
0.6267372354627543	0.4667833544069626
0.840549164555995	0.8918727515431717
0.8355095836339101	0.8774165028753227
0.1644902459991605	0.8774165828804619
0.1594507398727169	0.891872796423874
0.2444327370752047	0.7382355869293408
0.2610734923768201	0.7346943087441947
0.4903234465510226	0.9881717030050443
0.5096742282376624	0.01182752073086846
0.8160013612816477	0.8816827150628674
0.1839977577925631	0.8816831287510226
0.7846960993693228	0.4134531112108066
0.7860480515056451	0.4280777436383727
0.6094363017193387	0.5151392530860148
0.6719616521652516	0.3893359718742606
0.6719560651061136	0.3734213662687084
0.6664553593566571	0.4195540035736363
0.2269629315418839	0.7423286294027102
0.5208983919043484	0.6157546341757753
0.2068245551717051	0.6820251766094662
0.4488066350914287	0.5060826636320062
0.4649163812178977	0.507254587353376
0.2693070331873199	0.6057019203290399
0.9053640440918991	0.1492993608894293
0.9054995887403663	0.163312734288898
0.09449534725989814	0.1633032342271512
0.09463139830829924	0.1492908108339072
0.9551183711196616	0.9264342762412285
0.9498335886914731	0.9124108439115706
0.05016641130833802	0.9124108439117169
0.04488162888030393	0.9264342762414635
0.9181770175501065	0.1681375078805581
0.08181842485021867	0.1681289578251698
0.3978433405978458	0.04702516786647498
0.7252291235027365	0.267843083551766
0.04404749486225622	0.8425506686048696
0.9559525051376271	0.8425506686043331
0.3394606197973588	0.4418943140030283
0.2978100941643865	0.4240550058762803
0.9394245209374636	0.9321283814856871
0.06057547906260051	0.9321283814856193
0.5544324660280397	0.2591329456207441
0.5037007619076306	0.7605936267440014
0.4404012878008544	0.5549988648263628
0.1512415470949577	0.3848628763510257
0.1561296531134624	0.3992229174450795
0.3460293588728958	0.4527239018086801
0.2772596452322778	0.2724624288350184
0.2618275655719126	0.2644982233352583
0.7179323730440881	0.7021239059369242
0.7335110773512528	0.711036085789188
0.7224752560319493	0.7164276499993204
0.1713840396679362	0.3956503350648166
0.8639996180235177	0.633198784949892
0.853101807944471	0.644039658633043
0.8758141181363999	0.6265363363284551
0.758485746605043	0.28406769377255
0.7270125119873869	0.7306201383157971
0.5584142204048906	0.8480811970888005
0.5691843797901419	0.8521588082418418
0.5667006737291097	0.8376699856250518
0.06851781799463458	0.1433077003472373
0.06899481646204171	0.160677798806173
0.9310006259382142	0.1606863488614489
0.9314776244055931	0.1433162504026674
0.4011660937980988	0.9540935281249566
0.598806106345297	0.04593440493478144
0.3094818635414718	0.4715245360178717
0.7812873714885404	0.3847299556756543
0.7725031285821765	0.3720504456289165
0.7877110412568895	0.3754272383917416
0.8519832304835465	0.5635735101429913
0.8402161363239889	0.5560643034201869
0.4893544014115626	0.6862769837602996
0.5036205904270202	0.6800404912578724
0.6831809280884702	0.1997687915153994
0.6667873410779264	0.1980909047098904
0.7721085091450084	0.257078653244977
0.7557464465298352	0.2622057450263932
0.4537153771166301	0.0110553822896973
0.346027291230123	0.1581788364437355
0.5462811613149693	0.9889486606312229
0.7569063175821649	0.7381949531764741
0.7722428999913322	0.7428144140587414
0.5941972265252533	0.2814414336497911
0.5332478998123049	0.7988829806856386
0.5381085317092482	0.7822023198126311
0.7836824252714566	0.3978222990167949
0.7684745125967436	0.3944455062539699
0.07042080226113948	0.4430807676979797
0.08245173649934337	0.4323203178002231
0.291789276984228	0.4726242369419008
0.5046400962135178	0.6206709642897148
0.5095373478619984	0.60455198896928
0.4300463486658131	0.5448715223549156
0.4287343425532467	0.5595322287212133
0.594114709650712	0.1562040948254282
0.739638382429413	0.7003942023703682
0.588803455158964	0.1707937081730889
0.6026126561154292	0.1633362977256005
0.5320113938907933	0.9052439195005662
0.1296110712962321	0.60929722993845
0.9281176034382348	0.1294596492234416
0.920294677947206	0.1134842056274274
0.07965993476247221	0.1133987163822319
0.07184137816244386	0.1293826987205092
0.4496925599571041	0.3780956015815274
0.4639774881366013	0.3857684533484427
0.06931972693029963	0.5542212801119295
0.4930888072617391	0.7708454797068995
0.508744161700193	0.7725641714743345
0.522057053208288	0.894828773202663
0.5355842769581457	0.5104978844005631
0.552712943194955	0.5122333700111579
0.1942096896493247	0.4032284238907494
0.1833071847508864	0.394038534675061
0.4368218157846366	0.4847968631095086
0.8979159119146956	0.5225108030487934
0.8312995869810307	0.5454031196634155
0.3745117122974437	0.5012093147935685
0.6974615646973956	0.8060726066603674
0.68804012908025	0.8172673737967762
0.9408490553727911	0.7128471453797208
0.05915094462694205	0.7128471453811347
0.6597629262879827	0.8290494059727499
0.6981113657810035	0.1935999077978963
0.1255734465247552	0.8289720467785342
0.8735707683907037	0.8288875379762495
0.2744373129675851	0.7264042510406332
0.09268163441889787	0.4219299192333461
0.3029465446805025	0.1939303088706496
0.1335463415092611	0.8154545162304543
0.1179724851554776	0.814268426543017
0.8819419363359302	0.8142599756633134
0.8656834519145806	0.815378458308617
0.3016443535741117	0.8066722307652385
0.8100553563509563	0.3984597119951546
0.8110690304488224	0.4140905241891663
0.7975089582611194	0.403737560632491
0.5760745269796174	0.01100320490650038
0.8341320194050938	0.8017223558434562
0.1658607866971946	0.801726165198011
0.4246528710913386	0.9887557741877959
0.63522939507205	0.178997193459424
0.6407703532516174	0.1935776179277018
0.2452180431103972	0.6110117282154113
0.6712616980111459	0.4029484925013884
0.5605103130626836	0.5520691252930027
0.318571854873703	0.716617827616445
0.9317284911195334	0.5542191386933373
0.9149835590547666	0.1396652877784412
0.08497086494597776	0.1395797872195772
0.01074313427491329	0.5473974761112339
0.9892568657253205	0.5473974761090064
0.7683182206522938	0.1751260036803407
0.231620207172041	0.1752426463001026
0.6997388623108677	0.1253570837608328
0.2315437741289686	0.8248146712899402
0.7682604250917375	0.8248557885042758
0.6848286537830431	0.3540594743141162
0.6719630145793649	0.3588135986491101
0.3003174709695445	0.8745910581370961
0.4274449088508009	0.2041938408230053
0.4204930686397054	0.2170610666772595
0.2290757133916855	0.2545539634700857
0.9888922617558635	0.4258148372712566
0.01110659751199116	0.4257816482461474
0.382563859280728	0.8132648644698199
0.3687932385964218	0.8227818989764524
0.283209757365647	0.4202521694448692
0.4537824897074502	0.4239396324483825
0.6965062826235848	0.4985642419042693
0.7019365258284807	0.5139413019769847
0.4589212316957463	0.2881723173864717
0.2173481112871585	0.1842314331387652
0.2185932106168078	0.1706261583639126
0.7812515238088356	0.1706231127868837
0.7823139453236316	0.1841700177805509
0.7822476993197733	0.8159795888881856
0.7811134821814711	0.8294878579000822
0.2187977919218259	0.8295166054473696
0.2175914673809901	0.8159091320198146
0.788898415897192	0.5724566175326522
0.7763386179972043	0.5782594607618565
0.7992910052898469	0.5657622738149996
0.4517149303917676	0.274630879271363
0.4356346526520971	0.2805114127262154
0.6850679944391398	0.8471579849840818
0.6586725211628043	0.3933626044217278
0.6877710147445079	0.8307225293542179
0.6725950050496886	0.8245689203398645
0.008604137197219837	0.9915863529853861
0.02584551650763653	0.9915863529853861
0.9741544834923779	0.9915863529853717
0.9913958628027946	0.9915863529853717
0.8218188168322893	0.5107067010425114
0.02574620175970544	0.9744378042306898
0.008604137197219837	0.9749196863188929
0.9913958628027946	0.9749196863187882
0.9742537982403949	0.9744378042307675
0.8116346338534217	0.3852583854961252
0.8251947060411245	0.3956113490528005
0.3707896645583583	0.05024811005865679
0.371810654385344	0.06612815668815855
0.6304290643384047	0.9496971289664795
0.6293204542619087	0.9337657147062917
0.3753916875963462	0.07871605185777779
0.6231912729557156	0.921895369212044
0.5773144352495637	0.1783859057469466
0.6669360481744406	0.6360229108009723
0.2696963547484645	0.5563846456561738
0.3889846573939839	0.1158598345006913
0.9187185972484182	0.43190248195757
0.9297750167486613	0.4433100131272911
0.3689528296002156	0.01030469597731729
0.6310715836392464	0.9896596129062787
0.5171679250476324	0.8004693680123529
0.511391596311936	0.7855122655230771
0.178559664907391	0.5556623968572243
0.1721986435535107	0.1264470001897744
0.1865289639158605	0.1173080241952748
0.8133382361710171	0.1173908362345099
0.8265095114165462	0.1255993807461765
0.7366692689501104	0.5888761040142272
0.1734886821533259	0.6574984030050005
0.1899692345309059	0.6576710962732388
0.1696742264349635	0.6424167436732058
0.4845570681680399	0.9011604567015918
0.4731058214857011	0.8893830933073558
0.8888682932514604	0.4734299355123179
0.899135927377867	0.4846320975451346
0.8507986472073013	0.4854677722425624
0.8649602474130484	0.4959314828638749
0.8772190256391863	0.5001625539920442
0.8752830676579516	0.4828195199366294
0.1709512246848349	0.6097095274032709
0.1568745145954593	0.6197396598468984
0.4826684628789135	0.8757350050093509
0.4928942345334925	0.867112746981754
0.4970686330124508	0.8793525689474737
0.2720021996220954	0.414897957043719
0.4864779962682232	0.8528030217729202
0.1759744232607069	0.38233160183512
0.171413699557718	0.3691536229361793
0.1833368446406682	0.3675418225464237
0.2487315357090515	0.2748345353102545
0.2465955290722201	0.2586133837503584
0.3056314054074822	0.7052469002892996
0.01013098418425698	0.632783129183409
0.9898693142775217	0.6327855344860759
0.6599178339133407	0.1693745444845874
0.6442140587786078	0.1674666166836785
0.6609469569763349	0.1851558569582208
0.7030520897528983	0.11290481035064
0.5011751706776911	0.5269688309651455
0.4847175705358113	0.3680006000824534
0.5095194228122025	0.5158654765453973
0.4928202805666064	0.5142187554853297
0.2969653097399726	0.8870928043429779
0.795220776324564	0.5428088462166827
0.8739634828017733	0.6104107672507539
0.5768583112730141	0.0285237394564599
0.741468905423421	0.7379257564245826
0.7534913724978578	0.7256090266034757
0.4238419957524096	0.9712626044474362
0.3836212738562772	0.3484736220427981
0.3708796681570034	0.3422342025694676
0.5072524528148104	0.8866202889904513
0.4970266811602313	0.8952425470180481
0.4755794711599773	0.6939262400844743
0.4644056574267916	0.6828174277084806
0.1789055801778655	0.5397533260706306
0.1044445203919167	0.1226816294508931
0.09328342288126833	0.1130322840217325
0.9066755587193289	0.1131092345248374
0.8955144612087438	0.1227585799539717
0.3066287691151559	0.370659319958212
0.3910607537575063	0.2147452271083939
0.386255214694462	0.229689342616606
0.7532401878836459	0.274328643631252
0.7401533407107093	0.2627865400022326
0.3641821988100167	0.1026957375201367
0.3780469956740438	0.1124702316739883
0.2501573197389876	0.6256145669350193
0.252633681272272	0.6370126097456497
0.2598596716909677	0.6157966335863361
0.8847232630434416	0.5107087339465404
0.8950460832883449	0.4975967710192948
0.6544697742448953	0.1943105469865929
0.8514462710916031	0.4130273658827697
0.8370081999241474	0.4189324216897979
0.8380534997061146	0.4029076197448017
0.5741623298773106	0.04046059109562054
0.5828763551930669	0.04949880511845106
0.5939079964009376	0.06039214095331345
0.4257823286458717	0.9595972094259024
0.416904939276291	0.9507356688980586
0.4058996803022478	0.9398155365037348
0.09795495847610852	0.1353658092071791
0.9020040231245408	0.1354427597102035
0.1408218756583018	0.70205116879588
0.5751222876462645	0.8623387020908303
0.3953589481899683	0.8109829701951357
0.3937464365838024	0.826125253476801
0.9725642275268382	0.4233966115749908
0.02743373049316257	0.4232527108976631
0.6979341176880918	0.3450152754014538
0.9309995669609847	0.3098851082073181
0.06897874654780672	0.3098670129946696
0.163751194264376	0.8188044432387762
0.8362488057360404	0.8188044432403041
0.1937503452728863	0.5345961300776658
0.824277486562037	0.4221640276653464
0.4234253683251386	0.7878957653123538
0.643150676500847	0.8821902585909116
0.6526951026446089	0.8703408773208368
0.1850590948716995	0.6199497249009394
0.9232929744810032	0.5680233264710549
0.5170772491535807	0.4876256908189111
0.514592573183923	0.5018053589251656
0.6316879965083511	0.9106053445983476
0.6351648838241091	0.8963826661616354
0.5231685184983801	0.6992368268582501
0.5118678733596471	0.6905853639332808
0.864437880094479	0.4263879321583212
0.6308140637073542	0.1650883109081791
0.6148766553039868	0.1626827860309322
0.6593794247901614	0.3651423161750017
0.2708551515300123	0.8998347677068674
0.7291225582525738	0.100140463829664
0.6824520802706215	0.4997452249414103
0.6908830332524991	0.4853748055338615
0.426311468354274	0.864852985817943
0.4256319923866808	0.5732988151277336
0.101585930965625	0.4863833488208379
0.8042472673581951	0.5531413252977979
0.8138387262357321	0.5620828348334537
0.4056950356327809	0.2139455221629228
0.3999584473265534	0.3509815146821497
0.3920035981332775	0.3609319741256745
0.8025216237420194	0.3753454518703371
0.07823485221311109	0.5679143167341003
0.1633205988788072	0.9038581673814607
0.1504601098289152	0.9039760374037789
0.849539890172013	0.9039760374042871
0.8366793055499773	0.9038581225007423
0.660032040623725	0.8155942504153082
0.1670394123065557	0.9160982437940859
0.1760300423503573	0.9039950028141811
0.8239698620785327	0.9039949579335085
0.8329605876945507	0.9160982437946239
0.1590217021705431	0.3719790505529302
0.4346881955123784	0.1382571905728389
0.6241448523636701	0.7284812080147554
0.6274105075639681	0.712647803427194
0.6379771777795905	0.458024647310977
0.7972378685405344	0.4327524924870963
0.8117310884722003	0.4274418763026828
0.6453860113359318	0.3720297826003963
0.6453899257766248	0.3877035226240225
0.5151996521997004	0.6756963115605353
0.5650383945581305	0.8225682483927794
0.5878984429451337	0.0969194924731141
0.2221541409790631	0.6571740709729794
0.2053625928775852	0.6577025334025746
0.2139130413302839	0.6701998567339165
0.7047078126908297	0.09722215489815834
0.7152178858784946	0.1063765569830503
0.2952882346073261	0.9027781680614074
0.2848019785352327	0.8936107370886049
0.4794511596315223	0.5120005393853927
0.629283446687092	0.6998065582617825
0.223616103273183	0.6814967141798711
0.6502043919402153	0.8060094631556534
0.1924816049134648	0.3557124494836693
0.7441812654172743	0.7146979464327643
0.6306420944472961	0.8850432087554576
0.198210334179685	0.6446453105123018
0.1908369074461894	0.6309301978960544
0.5220035509578275	0.775260412560179
0.4075638855894259	0.3363973530554544
0.4159462098664262	0.3488557051383308
0.1466626746057354	0.8178842966222521
0.8525671188181878	0.8178082387010577
0.3838707640071965	0.08920772889021851
0.3675775629033868	0.08841600929738497
0.8766095150253226	0.4691988643841486
0.8630508306841513	0.4648567544615174
0.4689314230067428	0.8771432713416361
0.4647976563226648	0.8634666199475087
0.47019234487052	0.8521984909903411
0.8515420338787325	0.4701902839708326
0.8582072642355913	0.6600968426552847
0.4747344645598957	0.3772176289800832
0.470990811235464	0.3620897594831693
0.5229474632950077	0.5145554344049814
0.1471411418154204	0.6906623800902469
0.1638964138604736	0.6314362706780908
0.4573794962328155	0.358996628613822
0.6938649614159881	0.3322799927331204
0.5943515245916355	0.5132193939378806
0.5800810639806077	0.5158657500742271
0.4482639343383237	0.3653078611125233
0.5679815116265446	0.5166647707846836
0.5743774984944099	0.503167267295483
0.5584165086811528	0.5249318527899021
0.5460868052549386	0.2508926973968003
0.3077497732479632	0.6921648910738532
0.5622064442168037	0.5368415717018438
0.5383432725991024	0.2377293293485521
0.1285055148467336	0.6754811324584244
0.7512187616315145	0.5895015620734745
0.7628057469873117	0.5852203556089577
0.4115691699929892	0.3259342191611282
0.1837311471251925	0.8966918512721991
0.8160943285711522	0.8967167971858655
0.3999933087268662	0.7981109655516707
0.6314663623140304	0.2727111642855954
0.408933590209221	0.7854111403895918
0.3711100166152075	0.02381249997519794
0.629114209661372	0.975878276881706
0.8277115376470385	0.5601230700730236
0.8150247472641786	0.1044083109520546
0.1848068013266346	0.1043096425147581
0.3840737705673776	0.04067379455356707
0.3703406128475845	0.03658992350085101
0.617348062247792	0.9589968422464621
0.6298559093085231	0.9631376146708721
0.03678742789756904	0.6306172466332695
0.04224929220413857	0.6160974211556656
0.9577730924289601	0.6162778189632536
0.9632148105656912	0.6306352864122065
0.3869943010341771	0.1022972891565287
0.1331275843971927	0.6905802063196533
0.7745644143721815	0.5950533656330617
0.4277355061110658	0.4953431217055579
0.7028143823323958	0.9608207479718069
0.2971806973207202	0.03917912942531249
0.8960165652676482	0.8158979752998476
0.103886445755796	0.8159075529639881
0.4341597230006715	0.5302968002605835
0.4410063118463839	0.5180428239510733
0.4344064753329668	0.5082952817420348
0.0237876064287492	0.6299538812091625
0.9762149304963024	0.6299743262923851
0.9508663576764682	0.7071986317135799
0.9624838993878868	0.6989047498195075
0.03751610061183699	0.698904749820939
0.04913364232326438	0.7071986317150101
0.05920805650610315	0.7012386514555315
0.9407919434936614	0.7012386514540084
0.1770391632585158	0.633633400387851
0.2592769806758668	0.4152651066413388

--------------------------------------------------------------------------------
ELEMENT CONNECTIVITY
--------------------------------------------------------------------------------
419	582	804	1268	1269	1270
418	803	583	1271	1272	1273
272	531	777	1274	1275	1276
380	777	531	1277	1275	1278
657	882	856	1279	1280	1281
656	857	883	1282	1283	1284
323	554	690	1285	1286	1287
324	553	691	1288	1289	1290
309	923	695	1291	1292	1293
310	694	924	1294	1295	1296
244	481	718	1297	1298	1299
245	719	482	1300	1301	1302
244	1168	481	1303	1304	1297
245	482	1169	1302	1305	1306
344	546	633	1307	1308	1309
248	633	546	1310	1308	1311
509	565	1101	1312	1313	1314
508	1100	566	1315	1316	1317
313	1101	565	1318	1313	1319
314	566	1100	1320	1316	1321
495	990	392	1322	1323	1324
388	882	657	1325	1279	1326
389	656	883	1327	1284	1328
496	991	395	1329	1330	1331
413	619	957	1332	1333	1334
419	804	913	1270	1335	1336
418	912	803	1337	1338	1271
381	865	591	1339	1340	1341
382	592	864	1342	1343	1344
325	494	933	1345	1346	1347
1	58	733	86	1348	1349
85	2	734	114	1350	1351
343	516	1114	1352	1353	1354
1	733	31	1349	1355	57
2	115	734	140	1356	1350
350	581	567	1357	1358	1359
378	608	675	1360	1361	1362
234	675	608	1363	1361	1364
349	610	523	1365	1366	1367
413	980	619	1368	1369	1332
408	617	616	1370	1371	1372
331	616	617	1373	1371	1374
611	708	1083	1375	1376	1377
238	708	611	1378	1375	1379
381	824	865	1380	1381	1339
382	864	825	1344	1382	1383
299	634	513	1384	1385	1386
335	635	534	1387	1388	1389
240	558	731	1390	1391	1392
380	731	558	1393	1391	1394
309	695	1049	1293	1395	1396
310	1048	694	1397	1398	1294
235	521	721	1399	1400	1401
369	636	845	1402	1403	1404
636	465	845	1405	1406	1403
683	1184	840	1407	1408	1409
338	634	548	1410	1411	1412
291	683	840	1413	1409	1414
393	577	755	1415	1416	1417
268	755	577	1418	1416	1419
341	502	662	1420	1421	1422
342	663	501	1423	1424	1425
324	691	964	1290	1426	1427
323	690	963	1287	1428	1429
322	532	622	1430	1431	1432
339	666	499	1433	1434	1435
340	667	500	1436	1437	1438
325	676	494	1439	1440	1345
321	612	533	1441	1442	1443
302	507	737	1444	1445	1446
350	714	743	1447	1448	1449
647	903	872	1450	1451	1452
332	567	581	1453	1358	1454
342	501	679	1425	1455	1456
341	680	502	1457	1458	1420
117	592	941	1459	1460	1461
29	942	591	1462	1463	1464
173	583	927	1465	1466	1467
196	926	582	1468	1469	1470
258	630	551	1471	1472	1473
648	870	907	1474	1475	1476
631	884	879	1477	1478	1479
22	692	557	1480	1481	1482
124	556	693	1483	1484	1485
60	588	938	1486	1487	1488
83	939	587	1489	1490	1491
649	910	869	1492	1493	1494
646	871	911	1495	1496	1497
334	631	879	1498	1479	1499
339	499	842	1435	1500	1501
506	848	958	1502	1503	1504
340	500	841	1438	1505	1506
336	721	1104	1507	1508	1509
553	735	371	1510	1511	1512
324	735	553	1513	1510	1288
372	554	736	1514	1515	1516
323	736	554	1517	1515	1285
394	589	756	1518	1519	1520
270	756	589	1521	1519	1522
495	392	795	1324	1523	1524
343	678	710	1525	1526	1527
305	921	618	1528	1529	1530
496	395	796	1331	1531	1532
469	618	921	1533	1529	1534
458	743	714	1535	1448	1536
335	534	1000	1389	1537	1538
175	176	535	204	1539	1540
193	194	536	222	1541	1542
491	742	763	1543	1544	1545
253	763	742	1546	1544	1547
81	537	80	1548	1549	109
62	63	538	91	1550	1551
636	409	881	1552	1553	1554
116	117	941	142	1461	1555
29	30	942	55	1556	1462
444	710	678	1557	1526	1558
265	958	848	1559	1503	1560
321	556	740	1561	1562	1563
376	740	556	1564	1562	1565
240	665	512	1566	1567	1568
337	512	665	1569	1567	1570
26	27	539	52	1571	1572
119	120	540	145	1573	1574
76	554	960	1575	1576	1577
257	781	581	1578	1579	1580
189	553	961	1581	1582	1583
292	977	552	1584	1585	1586
647	406	903	1587	1588	1450
76	690	554	1589	1286	1575
189	691	553	1590	1289	1581
259	545	645	1591	1592	1593
344	645	545	1594	1592	1595
239	631	607	1596	1597	1598
387	607	631	1599	1597	1600
288	769	1171	1601	1602	1603
423	587	1050	1604	1605	1606
424	1051	588	1607	1608	1609
287	770	1170	1610	1611	1612
60	938	59	1488	1613	88
83	84	939	112	1614	1489
178	1037	795	1615	1616	1617
65	1036	796	1618	1619	1620
299	512	844	1621	1622	1623
135	786	1075	1624	1625	1626
11	1076	787	1627	1628	1629
404	597	765	1630	1631	1632
405	766	598	1633	1634	1635
277	765	597	1636	1631	1637
278	598	766	1638	1634	1639
503	1075	786	1640	1625	1641
504	787	1076	1642	1628	1643
403	648	907	1644	1476	1645
173	927	172	1467	1646	201
196	197	926	225	1647	1468
343	1114	669	1354	1648	1649
649	402	910	1650	1651	1492
323	560	604	1652	1653	1654
324	561	603	1655	1656	1657
646	911	407	1497	1658	1659
3	898	571	1660	1661	1662
6	572	897	1663	1664	1665
521	1104	721	1666	1508	1400
334	551	630	1667	1472	1668
328	696	510	1669	1670	1671
357	633	687	1672	1673	1674
636	881	465	1554	1675	1405
587	825	1050	1676	1677	1605
588	1051	824	1608	1678	1679
137	138	541	163	1680	1681
8	9	542	34	1682	1683
289	605	972	1684	1685	1686
252	931	622	1687	1688	1689
466	622	931	1690	1688	1691
495	795	1037	1524	1616	1692
496	796	1036	1532	1619	1693
320	530	1175	1694	1695	1696
240	512	901	1568	1697	1698
357	524	653	1699	1700	1701
605	1104	972	1702	1703	1685
360	625	573	1704	1705	1706
235	573	625	1707	1705	1708
124	968	556	1709	1710	1483
22	557	969	1482	1711	1712
302	1033	507	1713	1714	1444
365	1156	529	1715	1716	1717
335	1000	1052	1538	1718	1719
328	510	739	1671	1720	1721
365	843	532	1722	1723	1724
303	608	827	1725	1726	1727
344	668	779	1728	1729	1730
376	783	1158	1731	1732	1733
391	851	518	1734	1735	1736
390	517	850	1737	1738	1739
344	633	668	1309	1740	1728
357	668	633	1741	1740	1672
449	718	1046	1742	1743	1744
450	1047	719	1745	1746	1747
167	898	166	1748	1749	169
228	229	897	231	1750	1751
235	625	956	1708	1752	1753
634	1097	548	1754	1755	1411
75	76	960	104	1577	1756
552	977	1112	1585	1757	1758
188	189	961	217	1583	1759
167	713	898	1760	1761	1748
228	897	712	1751	1762	1763
334	630	595	1668	1764	1765
344	779	645	1730	1766	1594
337	844	512	1767	1622	1569
325	628	676	1768	1769	1439
299	1220	512	1770	1771	1621
305	549	921	1772	1773	1528
519	1046	718	1774	1743	1775
520	719	1047	1776	1746	1777
480	1171	769	1778	1602	1779
636	760	409	1780	1781	1552
366	533	831	1782	1783	1784
479	1170	770	1785	1611	1786
322	622	806	1432	1787	1788
306	955	543	1789	1790	1791
343	710	516	1527	1792	1352
299	513	868	1386	1793	1794
625	1190	956	1795	1796	1752
433	543	955	1797	1790	1798
324	603	735	1657	1799	1513
604	736	323	1800	1517	1654
404	765	786	1632	1801	1802
405	787	766	1803	1804	1633
385	570	791	1805	1806	1807
333	629	552	1808	1809	1810
238	791	570	1811	1806	1812
303	948	608	1813	1814	1725
503	786	765	1641	1801	1815
504	766	787	1816	1804	1642
344	545	1179	1595	1817	1818
344	1179	546	1818	1819	1307
345	1006	797	1820	1821	1822
420	921	549	1823	1773	1824
315	999	528	1825	1826	1827
229	6	897	232	1665	1750
3	166	898	168	1749	1660
290	1109	677	1828	1829	1830
281	698	639	1831	1832	1833
383	639	698	1834	1832	1835
287	559	751	1836	1837	1838
365	529	843	1717	1839	1722
239	544	707	1840	1841	1842
346	624	720	1843	1844	1845
563	1016	1188	1846	1847	1848
451	1016	563	1849	1846	1850
466	806	622	1851	1787	1690
581	781	1084	1579	1852	1853
515	965	1218	1854	1855	1856
494	1178	933	1857	1858	1346
604	1086	736	1859	1860	1800
390	1146	517	1861	1862	1737
391	518	1147	1736	1863	1864
603	1085	735	1865	1866	1799
247	881	584	1867	1868	1869
547	933	1178	1870	1858	1871
425	621	635	1872	1873	1874
336	627	721	1875	1876	1507
236	635	621	1877	1873	1878
415	676	628	1879	1769	1880
266	1191	676	1881	1882	1883
440	915	664	1884	1885	1886
515	696	965	1887	1888	1854
359	773	599	1889	1890	1891
468	599	773	1892	1890	1893
275	760	636	1894	1780	1895
386	514	781	1896	1897	1898
497	677	1109	1899	1829	1900
671	1198	827	1901	1902	1903
386	822	514	1904	1905	1896
369	709	904	1906	1907	1908
397	834	575	1909	1910	1911
320	575	834	1912	1910	1913
347	595	630	1914	1764	1915
380	531	731	1278	1916	1393
282	878	1160	1917	1918	1919
260	606	714	1920	1921	1922
378	671	827	1923	1903	1924
458	714	606	1536	1921	1925
385	791	580	1807	1926	1927
490	904	709	1928	1907	1929
664	915	1224	1885	1930	1931
366	856	533	1932	1933	1782
365	532	857	1724	1934	1935
339	586	752	1936	1937	1938
282	1160	750	1919	1939	1940
23	692	22	1941	1480	48
123	124	693	149	1485	1942
340	585	753	1943	1944	1945
468	697	817	1946	1947	1948
302	817	697	1949	1947	1950
255	643	738	1951	1952	1953
272	1099	531	1954	1955	1274
235	1260	521	1956	1957	1399
266	676	949	1883	1958	1959
643	1175	530	1960	1695	1961
124	125	968	150	1962	1709
21	22	969	47	1712	1963
510	1240	1062	1964	1965	1966
306	800	563	1967	1968	1969
451	563	800	1850	1968	1970
338	1005	555	1971	1972	1973
633	1039	687	1974	1975	1673
467	944	899	1976	1977	1978
375	1126	782	1979	1980	1981
349	543	716	1982	1983	1984
258	716	543	1985	1983	1986
261	732	528	1987	1988	1989
325	1117	628	1990	1991	1768
635	952	534	1992	1993	1388
612	740	1115	1994	1995	1996
642	757	417	1997	1998	1999
406	586	764	2000	2001	2002
402	585	763	2003	2004	2005
349	523	976	1367	2006	2007
333	1057	629	2008	2009	1808
343	711	544	2010	2011	2012
299	1097	634	2013	1754	1384
436	626	794	2014	2015	2016
315	794	626	2017	2015	2018
478	1158	783	2019	1732	2020
338	548	1153	1412	2021	2022
198	712	926	2023	2024	2025
171	927	713	2026	2027	2028
303	741	527	2029	2030	2031
301	550	845	2032	2033	2034
357	905	524	2035	2036	1699
303	527	948	2031	2037	1813
315	528	959	1827	2038	2039
76	77	690	105	2040	1589
333	1157	1057	2041	2042	2008
190	691	189	2043	1590	218
475	797	1006	2044	1821	2045
261	528	744	1989	2046	2047
338	555	1190	1973	2048	2049
343	544	678	2012	2050	1525
305	852	558	2051	2052	2053
233	1188	1016	2054	1847	2055
414	627	790	2056	2057	2058
276	790	627	2059	2057	2060
632	742	439	2061	2062	2063
497	628	1117	2064	1991	2065
253	742	632	1547	2061	2066
322	806	557	1788	2067	2068
464	683	835	2069	2070	2071
368	835	683	2072	2070	2073
375	557	806	2074	2067	2075
529	1156	677	1716	2076	2077
411	596	849	2078	2079	2080
264	849	596	2081	2079	2082
604	909	254	2083	2084	2085
514	1015	994	2086	2087	2088
239	678	544	2089	2050	1840
256	603	914	2090	2091	2092
292	552	1172	1586	2093	2094
333	1112	684	2095	2096	2097
463	1083	708	2098	1376	2099
282	668	653	2100	2101	2102
357	653	668	1701	2101	1741
260	1203	768	2103	2104	2105
356	528	995	2106	2107	2108
356	959	528	2109	2038	2106
632	442	932	2110	2111	2112
336	605	644	2113	2114	2115
85	734	939	1351	2116	2117
58	938	733	2118	2119	1348
187	188	961	216	1759	2120
74	75	960	103	1756	2121
393	755	688	1417	2122	2123
445	688	755	2124	2122	2125
523	610	1131	1366	2126	2127
187	961	789	2120	2128	2129
74	960	788	2121	2130	2131
446	689	756	2132	2133	2134
394	756	689	1520	2133	2135
460	1115	740	2136	1995	2137
278	661	1023	2138	2139	2140
277	1024	660	2141	2142	2143
369	845	550	1404	2033	2144
193	536	823	1542	2145	2146
197	198	926	226	2025	1647
172	927	171	1646	2026	200
430	618	1004	2147	2148	2149
238	570	708	1812	2150	1378
321	740	612	1563	1994	1441
348	708	570	2151	2150	2152
584	881	1219	1868	2153	2154
80	537	826	1549	2155	2156
523	1131	1161	2127	2157	2158
532	843	622	1723	2159	1431
175	535	724	1540	2160	2161
194	725	536	2162	2163	1541
31	733	942	1355	2164	2165
115	941	734	2166	2167	1356
380	558	852	1394	2052	2168
26	539	838	1572	2169	2170
120	837	540	2171	2172	1573
495	752	990	2173	2174	1322
272	671	674	2175	2176	2177
378	674	671	2178	2176	1923
510	696	1240	1670	2179	1964
522	684	1112	2180	2096	2181
27	722	539	2182	2183	1571
119	540	723	1574	2184	2185
263	530	1080	2186	2187	2188
81	727	537	2189	2190	1548
62	538	726	1551	2191	2192
259	549	813	2193	2194	2195
496	753	991	2196	2197	1329
278	1023	858	2140	2198	2199
277	859	1024	2200	2201	2141
260	714	567	1922	2202	2203
350	567	714	1359	2202	1447
462	1085	568	2204	2205	2206
256	568	1085	2207	2205	2208
247	602	774	2209	2210	2211
377	774	602	2212	2210	2213
529	1117	933	2214	2215	2216
533	612	831	1442	2217	1783
320	834	530	1913	2218	1694
84	85	939	113	2117	1614
59	938	58	1613	2118	87
263	954	530	2219	2220	2186
698	986	1223	2221	2222	2223
125	126	783	151	2224	2225
21	782	20	2226	2227	46
322	846	532	2228	2229	1430
321	533	847	1443	2230	2231
69	574	1061	2232	2233	2234
182	575	1060	2235	2236	2237
643	1185	738	2238	2239	1952
325	933	1117	1347	2215	1990
399	699	761	2240	2241	2242
398	762	700	2243	2244	2245
447	761	699	2246	2241	2247
448	700	762	2248	2244	2249
333	684	614	2097	2250	2251
287	1163	559	2252	2253	1836
412	994	1015	2254	2087	2255
276	908	962	2256	2257	2258
518	851	597	1735	2259	2260
517	598	850	2261	2262	1738
370	606	768	2263	2264	2265
260	768	606	2105	2264	1920
262	985	899	2266	2267	2268
461	776	559	2269	2270	2271
115	116	941	141	1555	2166
30	31	942	56	2165	1556
302	737	1113	1446	2272	2273
653	451	878	2274	2275	2276
624	1003	720	2277	2278	1844
378	827	608	1924	1726	1360
642	417	790	1999	2279	2280
276	642	790	2281	2280	2059
494	600	1178	2282	2283	1857
326	1178	600	2284	2283	2285
482	576	749	2286	2287	2288
481	748	577	2289	2290	2291
507	768	1203	2292	2104	2293
330	957	619	2294	1333	2295
291	659	683	2296	2297	1413
368	683	659	2073	2297	2298
539	981	838	2299	2300	2169
540	837	982	2172	2301	2302
125	783	968	2225	2303	1962
21	969	782	1963	2304	2226
445	964	691	2305	1426	2306
386	728	802	2307	2308	2309
446	963	690	2310	1428	2311
444	849	710	2312	2313	1557
477	782	1126	2314	1980	2315
350	745	581	2316	2317	1357
282	653	878	2102	2276	1917
275	860	760	2318	2319	1894
345	873	674	2320	2321	2322
618	1107	1004	2323	2324	2148
754	1029	1209	2325	2326	2327
236	952	635	2328	1992	1877
347	615	672	2329	2330	2331
386	781	934	1898	2332	2333
298	672	615	2334	2330	2335
318	680	593	2336	2337	2338
317	594	679	2339	2340	2341
642	1028	757	2342	2343	1997
614	1124	1157	2344	2345	2346
353	705	640	2347	2348	2349
354	641	706	2350	2351	2352
640	705	400	2348	2353	2354
641	401	706	2355	2356	2351
348	570	767	2152	2357	2358
632	984	442	2359	2360	2110
637	703	396	2361	2362	2363
351	703	637	2364	2361	2365
638	704	397	2366	2367	2368
352	704	638	2369	2366	2370
138	759	541	2371	2372	1680
8	542	758	1683	2373	2374
415	608	948	2375	1814	2376
489	1193	594	2377	2378	2379
488	593	1192	2380	2381	2382
275	673	860	2383	2384	2318
459	986	698	2385	2221	2386
250	1057	619	2387	2388	2389
272	777	671	1276	2390	2175
430	671	777	2391	2390	2392
278	766	661	1639	2393	2138
277	660	765	2143	2394	1636
258	543	1054	1986	2395	2396
433	1054	543	2397	2395	1797
176	836	535	2398	2399	1539
518	597	1233	2260	2400	2401
517	1232	598	2402	2403	2261
72	73	686	101	2404	2405
185	186	685	214	2406	2407
301	919	550	2408	2409	2032
63	839	538	2410	2411	1550
621	994	1001	2412	2413	2414
253	632	932	2066	2112	2415
527	987	1088	2416	2417	2418
241	613	709	2419	2420	2421
349	976	543	2007	2422	1982
536	966	823	2423	2424	2145
250	629	1057	2425	2009	2387
483	746	589	2426	2427	2428
484	590	747	2429	2430	2431
421	695	923	2432	1292	2433
422	924	694	2434	1295	2435
346	953	1010	2436	2437	2438
334	595	1087	1765	2439	2440
332	994	621	2441	2412	2442
537	974	826	2443	2444	2155
338	1153	1005	2022	2445	1971
485	988	687	2446	2447	2448
293	655	869	2449	2450	2451
294	870	654	2452	2453	2454
300	687	988	2455	2447	2456
295	652	872	2457	2458	2459
296	871	651	2460	2461	2462
339	752	1176	1938	2463	2464
345	797	873	1822	2465	2320
398	838	981	2466	2300	2467
399	982	837	2468	2301	2469
770	1127	985	2470	2471	2472
336	644	1108	2115	2473	2474
235	721	993	1401	2475	2476
351	770	985	2477	2472	2478
340	753	1174	1945	2479	2480
137	541	798	1681	2481	2482
9	799	542	2483	2484	1682
416	1088	987	2485	2417	2486
15	578	1059	2487	2488	2489
131	1058	579	2490	2491	2492
333	552	1112	1810	1758	2095
580	791	1090	1926	2493	2494
457	866	821	2495	2496	2497
384	707	600	2498	2499	2500
322	557	1229	2068	2501	2502
321	1228	556	2503	2504	1561
305	947	549	2505	2506	1772
250	619	980	2389	1369	2507
326	1264	711	2508	2509	2510
19	681	18	2511	2512	44
127	128	682	153	2513	2514
454	863	819	2515	2516	2517
455	818	862	2518	2519	2520
535	967	937	2521	2522	2523
536	936	966	2524	2525	2423
251	1115	569	2526	2527	2528
460	569	1115	2529	2527	2136
287	751	1127	1838	2530	2531
545	896	1179	2532	2533	1817
308	937	967	2534	2522	2535
307	966	936	2536	2525	2537
267	1124	614	2538	2344	2539
408	899	944	2540	1977	2541
604	1204	909	2542	2543	2083
306	543	976	1791	2422	2544
250	877	629	2545	2546	2425
461	736	1086	2547	1860	2548
412	614	684	2549	2250	2550
538	975	946	2551	2552	2553
537	945	974	2554	2555	2443
259	801	545	2556	2557	1591
243	1165	997	2558	2559	2560
242	996	1164	2561	2562	2563
462	735	1085	2564	1866	2204
482	1238	576	2565	2566	2286
481	577	1237	2291	2567	2568
264	710	849	2569	2313	2081
488	1200	593	2570	2571	2380
489	594	1201	2379	2572	2573
345	674	675	2322	2574	2575
186	1139	685	2576	2577	2406
337	751	559	2578	1837	2579
73	1140	686	2580	2581	2404
378	675	674	1362	2574	2178
359	613	773	2582	2583	1889
462	568	785	2206	2584	2585
259	1040	549	2586	2587	2193
603	1208	914	2588	2589	2091
320	1142	575	2590	2591	1912
420	549	1040	1824	2587	2592
241	773	613	2593	2583	2419
312	946	975	2594	2552	2595
311	974	945	2596	2555	2597
234	628	900	2598	2599	2600
497	900	628	2601	2599	2064
460	778	569	2602	2603	2529
305	558	947	2053	2604	2505
257	581	745	1580	2317	2605
240	901	558	1698	2606	1390
379	558	901	2607	2606	2608
702	1050	1066	2609	2610	2611
701	1065	1051	2612	2613	2614
386	934	728	2333	2615	2307
313	565	981	1319	2616	2617
314	982	566	2618	2619	1320
529	1194	843	2620	2621	1839
237	833	664	2622	2623	2624
379	813	549	2625	2194	2626
440	664	833	1886	2623	2627
470	1157	1124	2628	2345	2629
461	559	1163	2271	2253	2630
261	595	732	2631	2632	1987
131	579	895	2492	2633	2634
15	894	578	2635	2636	2487
653	1016	451	2637	1849	2274
289	1249	605	2638	2639	1684
335	880	635	2640	2641	1387
336	1108	888	2474	2642	2643
635	880	425	2641	2644	1874
410	828	1098	2645	2646	2647
410	1098	744	2647	2648	2649
179	180	666	208	2650	2651
66	67	667	95	2652	2653
3	571	916	1662	2654	2655
6	917	572	2656	2657	1663
506	1207	848	2658	2659	1502
268	577	748	1419	2290	2660
269	749	576	2661	2287	2662
511	1113	737	2663	2272	2664
369	550	1239	2144	2665	2666
332	1053	567	2667	2668	1453
317	925	594	2669	2670	2339
393	823	966	2671	2424	2672
248	546	992	1311	2673	2674
394	826	974	2675	2444	2676
69	875	574	2677	2678	2232
19	1133	681	2679	2680	2511
127	682	1134	2514	2681	2682
182	876	575	2683	2684	2235
586	1102	764	2685	2686	2001
347	732	595	2687	2632	1914
431	953	673	2688	2689	2690
317	596	925	2691	2692	2669
585	1103	763	2693	2694	2004
370	918	550	2695	2696	2697
379	549	947	2626	2506	2698
653	524	1016	1700	2699	2637
370	550	919	2697	2409	2700
452	729	1065	2701	2702	2703
453	1066	730	2704	2705	2706
525	1065	729	2707	2702	2708
526	730	1066	2709	2705	2710
456	820	874	2711	2712	2713
270	589	746	1522	2427	2714
271	747	590	2715	2430	2716
485	1029	754	2717	2325	2718
404	950	597	2719	2720	1630
405	598	951	1635	2721	2722
343	669	711	1649	2723	2010
271	753	585	2724	1944	2725
269	752	586	2726	1937	2727
337	559	1091	2579	2728	2729
483	589	1225	2428	2730	2731
484	1226	590	2732	2733	2429
258	930	630	2734	2735	1471
258	551	1155	1473	2736	2737
544	711	1264	2011	2509	2738
385	1105	570	2739	2740	1805
334	879	551	1499	2741	1667
354	772	682	2742	2743	2744
353	681	771	2745	2746	2747
331	984	632	2748	2359	2749
478	682	772	2750	2743	2751
477	771	681	2752	2746	2753
494	1191	600	2754	2755	2282
297	728	754	2756	2757	2758
533	856	1181	1933	2759	2760
532	1182	857	2761	2762	1934
443	754	728	2763	2757	2764
494	676	1191	1440	1882	2754
426	885	1077	2765	2766	2767
594	1193	679	2378	2768	2340
593	680	1192	2337	2769	2381
413	958	601	2770	2771	2772
265	601	958	2773	2771	1559
463	962	908	2774	2257	2775
345	623	1006	2776	2777	1820
346	1010	624	2438	2778	1843
316	1179	896	2779	2533	2780
393	966	577	2672	2781	1415
392	576	967	2782	2783	2784
350	743	639	1449	2785	2786
251	644	831	2787	2788	2789
299	844	1097	1623	2790	2013
349	741	610	2791	2792	1365
304	1062	1240	2793	1965	2794
479	770	686	1786	2795	2796
351	686	770	2797	2795	2477
480	769	685	1779	2798	2799
352	685	769	2800	2798	2801
528	999	744	1826	2802	2046
553	371	961	1512	2803	1582
372	960	554	2804	1576	1514
339	842	1102	1501	2805	2806
447	847	761	2807	2808	2246
448	762	846	2249	2809	2810
340	841	1103	1506	2811	2812
462	785	830	2585	2813	2814
68	69	1061	97	2234	2815
181	182	1060	210	2237	2816
12	13	663	38	2817	2818
133	134	662	159	2819	2820
508	566	1257	1317	2821	2822
509	1256	565	2823	2824	1312
371	735	830	1511	2825	2826
373	804	582	2827	1269	2828
374	583	803	2829	1272	2830
462	830	735	2814	2825	2564
372	736	829	1516	2831	2832
655	1019	869	2833	2834	2450
654	870	1020	2453	2835	2836
461	829	736	2837	2831	2547
276	962	642	2258	2838	2281
458	885	973	2839	2840	2841
262	899	616	2268	2842	2843
256	1111	568	2844	2845	2207
408	616	899	1372	2842	2540
466	784	806	2846	2847	1851
394	974	589	2676	2848	1518
395	590	975	2849	2850	2851
376	556	968	1565	1710	2852
375	969	557	2853	1711	2074
467	751	944	2854	2855	1976
375	806	784	2075	2847	2856
652	1021	872	2857	2858	2458
651	871	1022	2461	2859	2860
310	924	951	1296	2861	2862
309	950	923	2863	2864	1291
379	947	558	2698	2604	2607
542	951	924	2865	2861	2866
541	923	950	2867	2864	2868
383	906	670	2869	2870	2871
450	1049	695	2872	1395	2873
449	694	1048	2874	1398	2875
240	731	617	1392	2876	2877
460	832	778	2878	2879	2602
561	1208	603	2880	2588	1656
351	637	1042	2365	2881	2882
470	1125	619	2883	2884	2885
330	619	1125	2295	2884	2886
352	638	1043	2370	2887	2888
273	565	883	2889	2890	2891
274	882	566	2892	2893	2894
472	1052	1000	2895	1718	2896
392	990	576	1323	2897	2782
604	560	1204	1653	2898	2542
323	963	560	1429	2899	1652
400	989	578	2900	2901	2902
324	964	561	1427	2903	1655
269	576	990	2662	2897	2904
386	802	715	2309	2905	2906
414	721	627	2907	1876	2056
460	740	832	2137	2908	2878
376	832	740	2909	2908	1564
306	563	955	1969	2910	1789
273	1212	565	2911	2912	2889
274	566	1213	2894	2913	2914
468	1152	599	2915	2916	1892
396	574	875	2917	2678	2918
449	1013	718	2919	2920	1742
450	719	1014	1747	2921	2922
263	855	599	2923	2924	2925
397	575	876	1911	2684	2926
359	599	855	1891	2924	2927
431	805	953	2928	2929	2688
347	930	615	2930	2931	2329
360	573	896	1706	2932	2933
316	896	573	2780	2932	2934
247	584	1119	1869	2935	2936
271	585	1123	2725	2937	2938
260	567	922	2203	2939	2940
355	817	738	2941	2942	2943
298	615	998	2335	2944	2945
196	582	887	1470	2946	2947
173	886	583	2948	2949	1465
433	998	615	2950	2944	2951
269	586	1121	2727	2952	2953
421	571	854	2954	2955	2956
422	853	572	2957	2958	2959
467	899	985	1978	2267	2960
426	1077	793	2767	2961	2962
396	1038	574	2963	2964	2917
353	640	1071	2349	2965	2966
354	1072	641	2967	2968	2350
251	569	971	2528	2969	2970
382	825	587	1383	1676	2971
381	588	824	2972	1679	1380
270	746	648	2714	2973	2974
271	649	747	2975	2976	2715
268	748	646	2660	2977	2978
269	647	749	2979	2980	2661
471	1209	1029	2981	2326	2982
363	648	746	2983	2973	2984
649	364	747	2985	2986	2976
83	587	891	1491	2987	2988
60	892	588	2989	2990	1486
361	646	748	2991	2977	2992
647	362	749	2993	2994	2980
332	581	1084	1454	1853	2995
235	993	573	2476	2996	1707
316	573	1118	2934	2997	2998
261	814	595	2999	3000	2631
801	1262	1206	3001	3002	3003
360	801	1206	3004	3003	3005
326	711	943	2510	3006	3007
400	578	894	2902	2636	3008
401	895	579	3009	2633	3010
453	702	1066	3011	2611	2704
452	1065	701	2703	2612	3012
288	830	785	3013	2813	3014
401	579	1009	3010	3015	3016
356	1119	584	3017	2935	3018
340	1103	585	2812	2693	1943
244	809	1168	3019	3020	1303
245	1169	810	1306	3021	3022
761	847	1181	2808	3023	3024
762	1182	846	3025	3026	2809
339	1102	586	2806	2685	1936
117	890	592	3027	3028	1459
29	591	889	1464	3029	3030
318	593	920	2338	3031	3032
279	803	912	3033	1338	3034
280	913	804	3035	1335	3036
395	991	590	1330	3037	2849
505	827	1198	3038	1902	3039
271	590	991	2716	3037	3040
292	821	866	3041	2496	3042
661	766	1078	2393	3043	3044
660	1079	765	3045	3046	2394
290	819	863	3047	2516	3048
289	862	818	3049	2519	3050
356	584	959	3018	3051	2109
347	630	930	1915	2735	2930
373	582	926	2828	1469	3052
374	927	583	3053	1466	2829
326	600	1264	2285	3054	2508
418	583	886	1273	2949	3055
419	887	582	3056	2946	1268
243	807	1165	3057	3058	2558
242	1164	808	2563	3059	3060
385	580	1259	1927	3061	3062
288	1171	830	1603	3063	3013
421	916	571	3064	2654	2954
422	572	917	2959	2657	3065
287	1170	829	1612	3066	3067
427	591	865	3068	1340	3069
428	864	592	3070	1343	3071
286	778	832	3072	2879	3073
353	1202	705	3074	3075	2347
315	584	1219	3076	2154	3077
262	703	985	3078	3079	2266
277	597	851	1637	2259	3080
278	850	598	3081	2262	1638
457	652	866	3082	3083	2495
423	891	587	3084	2987	1604
424	588	892	1609	2990	3085
263	599	954	2925	3086	2219
238	609	791	3087	3088	1811
493	1223	986	3089	2222	3090
354	706	1092	2352	3091	3092
427	889	591	3093	3029	3068
428	592	890	3071	3028	3094
440	840	1184	3095	1408	3096
432	711	669	3097	2723	3098
655	863	454	3099	2515	3100
455	862	654	2520	3101	3102
352	1093	704	3103	3104	2369
474	1010	953	3105	2437	3106
64	65	796	93	1620	3107
297	802	728	3108	2308	2756
177	178	795	206	1617	3109
318	920	601	3032	3110	3111
25	700	24	3112	3113	50
121	122	699	147	3114	3115
315	959	584	2039	3051	3076
595	814	1087	3000	3116	2439
382	587	939	2971	1490	3117
381	938	588	3118	1487	2972
353	1258	1202	3119	3120	3074
281	639	743	1833	2785	3121
239	707	884	1842	3122	3123
376	1158	832	1733	3124	2909
402	1123	585	3125	2937	2003
381	591	942	1341	1463	3126
382	941	592	3127	1460	1342
356	1064	602	3128	3129	3130
406	1121	586	3131	2952	2000
295	872	903	2459	1451	3132
384	600	1234	2500	3133	3134
350	639	745	2786	3135	2316
391	821	658	3136	3137	3138
390	659	820	3139	3140	3141
292	658	821	3142	3137	3041
291	820	659	3143	3140	2296
351	1042	686	2882	3144	2797
389	819	656	3145	3146	1327
388	657	818	1326	3147	3148
290	656	819	3149	3146	3047
289	818	657	3050	3147	3150
78	79	689	107	3151	3152
299	868	1220	1794	3153	1770
191	192	688	220	3154	3155
352	1043	685	2888	3156	2800
411	925	596	3157	2692	2078
356	602	1119	3130	3158	3017
264	596	1082	2082	3159	3160
415	949	676	3161	1958	1879
353	1071	681	2966	3162	2745
354	682	1072	2744	3163	2967
291	874	820	3164	2712	3143
456	874	651	2713	3165	3166
252	843	1194	3167	2621	3168
296	911	871	3169	1496	2460
294	907	870	3170	1475	2452
557	692	1229	1481	3171	2501
556	1228	693	2504	3172	1484
317	989	596	3173	3174	2691
641	1221	401	3175	3176	2355
640	400	1222	2354	3177	3178
251	831	612	2789	2217	3179
293	869	910	2451	1493	3180
477	681	1133	2753	2680	3181
478	1134	682	3182	2681	2750
348	962	708	3183	3184	2151
463	708	962	2099	3184	2774
443	988	754	3185	3186	2763
485	754	988	2718	3186	2446
247	1119	602	2936	3158	2209
274	1181	856	3187	2759	3188
273	857	1182	3189	2762	3190
15	1059	14	2489	3191	40
131	132	1058	157	3192	2490
387	1218	965	3193	1855	3194
420	750	921	3195	3196	1823
469	921	750	1534	3196	3197
413	601	920	2772	3110	3198
480	685	1139	2799	2577	3199
479	686	1140	2796	2581	3200
377	602	902	2213	3201	3202
238	861	609	3203	3204	3087
501	1150	679	3205	3206	1455
502	680	1149	1458	3207	3208
238	611	861	1379	3209	3203
257	670	934	3210	3211	3212
443	934	670	3213	3211	3214
358	861	611	3215	3209	3216
383	1106	639	3217	3218	1834
439	620	1055	3219	3220	3221
265	1136	601	3222	3223	2773
578	989	1150	2901	3224	3225
336	1104	605	1509	1702	2113
445	755	1189	2125	3226	3227
354	1092	1217	3092	3228	3229
246	1161	1131	3230	2157	3231
370	919	606	2700	3232	2263
273	883	857	2891	1283	3189
274	856	882	3188	1280	2892
446	756	1187	2134	3233	3234
597	950	1233	2720	3235	2400
598	1232	951	2403	3236	2721
637	396	1243	2363	3237	3238
345	1235	623	3239	3240	2776
638	397	1244	2368	3241	3242
318	601	1009	3111	3243	3244
327	979	611	3245	3246	3247
387	965	607	3194	3248	1599
328	607	965	3249	3248	3250
408	1197	617	3251	3252	1370
279	854	803	3253	3254	3033
280	804	853	3036	3255	3256
545	801	896	2557	3257	2532
352	1216	1093	3258	3259	3103
329	613	983	3260	3261	3262
445	1189	964	3227	3263	2305
180	1250	666	3264	3265	2650
67	1251	667	3266	3267	2652
256	1085	603	2208	1865	2090
604	254	1086	2085	3268	1859
738	817	1113	2942	3269	3270
174	175	724	203	2161	3271
195	725	194	3272	2162	223
27	28	722	53	3273	2182
119	723	118	2185	3274	144
446	1187	963	3234	3275	2310
317	679	1150	2341	3206	3276
318	1149	680	3277	3207	2336
433	615	1054	2951	3278	2397
305	618	852	1530	3279	2051
248	1039	633	3280	1974	1310
81	82	727	110	3281	2189
62	726	61	2192	3282	90
629	877	1138	2546	3283	3284
251	1108	644	3285	2473	2787
412	1015	614	2255	3286	2549
267	614	1015	2539	3286	3287
252	622	843	1689	2159	3167
435	623	1032	3288	3289	3290
282	779	668	3291	1729	2100
458	606	1162	1925	3292	3293
10	11	787	36	1629	3294
135	136	786	161	3295	1624
255	738	1089	1953	3296	3297
511	1089	738	3298	3296	3299
317	1150	989	3276	3224	3173
670	906	1177	2870	3300	3301
514	822	1015	1905	3302	2086
564	778	1183	3303	3304	3305
286	1183	778	3306	3304	3072
333	614	1157	2251	2346	2041
466	931	940	1691	3307	3308
769	1180	1216	3309	3310	3311
234	608	1081	1364	3312	3313
280	853	694	3256	3314	3315
279	695	854	3316	3317	3253
645	779	420	1766	3318	3319
288	785	1180	3014	3320	3321
772	1217	1183	3322	3323	3324
562	1180	785	3325	3320	3326
239	607	1151	1598	3327	3328
328	1041	607	3329	3330	3249
139	759	138	3331	2371	164
8	758	7	2374	3332	33
251	612	1115	3179	1996	2526
495	1176	752	3333	2463	2173
415	1081	608	3334	3312	2375
496	1174	753	3335	2479	2196
422	694	853	2435	3314	2957
421	854	695	2956	3317	2432
548	1097	1199	1755	3336	3337
458	973	743	2841	3338	1535
384	879	884	3339	1478	3340
358	611	979	3216	3246	3341
432	669	940	3098	3342	3343
285	940	669	3344	3342	3345
338	625	1034	3346	3347	3348
359	983	613	3349	3261	2582
283	865	824	3350	1381	3351
284	825	864	3352	1382	3353
412	1001	994	3354	2413	2254
329	1094	613	3355	3356	3260
327	611	1083	3247	1377	3357
465	881	793	1675	3358	3359
247	793	881	3360	3358	1867
234	1032	675	3361	3362	1363
288	1180	769	3321	3309	1601
409	1219	881	3363	2153	1553
286	772	1183	3364	3324	3306
261	1098	1218	3365	3366	3367
136	137	798	162	2482	3368
9	10	799	35	3369	2483
338	1190	625	2049	1795	3346
256	914	805	2092	3370	3371
474	805	914	3372	3370	3373
336	888	627	2643	3374	1875
367	1172	1138	3375	3376	3377
437	1003	624	3378	2277	3379
430	1195	618	3380	3381	2147
176	177	836	205	3382	2398
319	620	1070	3383	3384	3385
63	64	839	92	3386	2410
439	1070	620	3387	3384	3219
136	798	786	3368	3388	3295
10	787	799	3294	3389	3369
315	626	999	2018	3390	1825
410	999	626	3391	3390	3392
239	884	631	3123	1477	1596
425	1053	621	3393	3394	1872
332	621	1053	2442	3394	2667
130	131	895	156	2634	3395
15	16	894	41	3396	2635
133	662	1214	2820	3397	3398
13	1215	663	3399	3400	2817
492	1102	842	3401	2805	3402
331	617	1116	1374	3403	3404
283	1051	1065	3405	2613	3406
284	1066	1050	3407	2610	3408
420	779	750	3318	3409	3195
282	750	779	1940	3409	3291
396	1227	620	3410	3411	3412
491	1103	841	3413	2811	3414
529	677	1117	2077	3415	2214
240	617	1197	2877	3252	3416
632	439	1056	2063	3417	3418
331	632	1056	2749	3418	3419
338	1034	634	3348	3420	1410
369	904	636	1908	3421	1402
262	616	1055	2843	3422	3423
393	688	823	2123	3424	2671
192	823	688	3425	3424	3154
331	1056	616	3419	3426	1373
236	621	1001	1878	2414	3427
469	1107	618	3428	2323	1533
79	826	689	3429	3430	3151
375	784	1126	2856	3431	1979
535	836	967	2399	3432	2521
319	1038	620	3433	3434	3383
610	741	1196	2792	3435	3436
394	689	826	2135	3430	2675
392	967	836	2784	3432	3437
347	672	995	2331	3438	3439
538	839	975	2411	3440	2551
395	975	839	2851	3440	3441
436	794	760	2016	3442	3443
409	760	794	1781	3442	3444
516	710	1202	1792	3445	3446
502	1214	662	3447	3397	1421
501	663	1215	1424	3400	3448
396	620	1038	3412	3434	2963
357	687	905	1674	3449	2035
432	943	711	3450	3006	3097
470	619	1057	2885	2388	3451
243	812	807	3452	3453	3057
242	808	811	3060	3454	3455
650	893	459	3456	3457	3458
455	807	812	3459	3453	3460
454	811	808	3461	3454	3462
650	498	893	3463	3464	3456
346	720	860	1845	3465	3466
803	854	1241	3254	3467	3468
804	1242	853	3469	3470	3255
177	795	836	3109	3471	3382
436	860	720	3472	3465	3473
244	718	1013	1299	2920	3474
245	1014	719	3475	2921	1300
644	1261	831	3476	3477	2788
555	1069	956	3478	3479	3480
64	796	839	3107	3481	3386
434	956	1069	3482	3479	3483
461	1086	776	2548	3484	2269
245	810	815	3022	3485	3486
244	816	809	3487	3488	3019
457	815	810	3489	3485	3490
456	809	816	3491	3488	3492
577	966	1237	2781	3493	2567
576	1238	967	2566	3494	2783
296	1129	1010	3495	3496	3497
488	1192	660	2382	3498	3499
489	661	1193	3500	3501	2377
624	1010	1129	2778	3496	3502
377	1030	775	3503	3504	3505
341	660	1192	3506	3498	3507
342	1193	661	3508	3501	3509
426	774	775	3510	3511	3512
275	636	904	1895	3421	3513
377	775	774	3505	3511	2212
303	1196	741	3514	3435	2029
524	1205	1130	3515	3516	3517
264	1202	710	3518	3445	2569
259	813	1262	2195	3519	3520
293	1006	1132	3521	3522	3523
623	1132	1006	3524	3522	2777
355	738	1185	2943	2239	3525
410	626	1135	3392	3526	3527
565	1212	981	2912	3528	2616
566	982	1213	2619	3529	2913
276	627	1255	2060	3530	3531
402	1031	910	3532	3533	1651
139	3	916	165	2655	3534
7	917	6	3535	2656	32
594	1002	1201	3536	3537	2572
435	1132	623	3538	3524	3288
360	1034	625	3539	3347	1704
589	974	1225	2848	3540	2730
590	1226	975	2733	3541	2850
499	666	1250	1434	3265	3542
28	889	722	3543	3544	3273
118	723	890	3274	3545	3546
500	667	1251	1437	3267	3547
437	624	1129	3379	3502	3548
281	1030	698	3549	3550	1831
631	1087	387	3551	3552	1600
459	698	1030	2386	3550	3553
426	973	885	3554	2840	2765
436	1173	626	3555	3556	2014
366	1249	657	3557	3558	3559
651	874	437	3165	3560	3561
327	1141	979	3562	3563	3245
613	1094	709	3356	3564	2420
377	1263	1030	3565	3566	3503
182	183	876	211	3567	2683
70	875	69	3568	2677	98
482	749	1169	2288	3569	1305
481	1168	748	1304	3570	2289
174	724	886	3271	3571	3572
195	887	725	3573	3574	3272
620	1227	1055	3411	3575	3220
399	837	699	2469	3576	2240
398	700	838	2245	3577	2466
82	891	727	3578	3579	3281
61	726	892	3282	3580	3581
121	699	837	3115	3576	3582
25	838	700	3583	3577	3112
552	629	1138	1809	3284	3584
309	1233	950	3585	3235	2863
310	951	1232	2862	3236	3586
249	835	1201	3587	3588	3589
361	871	646	3590	1495	2991
647	872	362	1452	3591	2993
415	628	1081	1880	3592	3334
290	1156	656	3593	3594	3149
363	870	648	3595	1474	2983
649	869	364	1494	3596	2985
329	983	1148	3262	3597	3598
367	658	1172	3599	3600	3375
579	1149	1009	3601	3602	3015
443	670	1177	3214	3301	3603
366	1261	1249	3604	3605	3557
401	1221	895	3176	3606	3009
400	894	1222	3008	3607	3177
365	857	656	1935	1282	3608
366	657	856	3559	1281	1932
234	1081	628	3313	3592	2598
412	684	1001	2550	3609	3354
367	859	658	3610	3611	3599
368	659	858	2298	3612	3613
377	902	650	3202	3614	3615
306	976	1035	2544	3616	3617
654	862	434	3101	3618	3619
655	435	863	3620	3621	3099
255	1267	643	3622	3623	1951
527	741	987	2030	3624	2416
438	866	652	3625	3083	3626
314	1067	982	3627	3628	2618
313	981	1068	2617	3629	3630
835	1266	1201	3631	3632	3588
410	664	1224	3633	1931	3634
17	1071	640	3635	2965	3636
129	641	1072	3637	2968	3638
334	1087	631	2440	3551	1498
356	672	1064	3639	3640	3128
71	1042	637	3641	2881	3642
639	1106	745	3218	3643	3135
184	1043	638	3644	2887	3645
467	1127	751	3646	2530	2854
476	1097	844	3647	2790	3648
328	739	792	1721	3649	3650
411	792	739	3651	3649	3652
311	702	1011	3653	3654	3655
312	1012	701	3656	3657	3658
453	1011	702	3659	3654	3011
452	701	1012	3012	3657	3660
431	673	978	2690	3661	3662
476	1199	1097	3663	3336	3647
491	763	1103	1545	2694	3413
275	978	673	3664	3661	2383
492	764	1102	3665	2686	3401
24	700	1027	3113	3666	3667
122	1026	699	3668	3669	3114
634	1206	513	3670	3671	1385
564	979	1141	3672	3563	3673
600	707	1264	2499	3674	3054
348	642	962	3675	2838	3183
249	1201	1002	3589	3537	3676
71	637	1243	3642	3238	3677
426	793	774	2962	3678	3510
436	760	860	3443	2319	3472
247	774	793	2211	3678	3360
184	638	1244	3645	3242	3679
318	1009	1149	3244	3602	3277
471	1029	757	2982	3680	3681
248	757	1029	3682	3680	3683
540	982	1067	2302	3628	3684
539	1068	981	3685	3629	2299
427	722	889	3686	3544	3093
428	890	723	3094	3545	3687
562	1148	983	3688	3597	3689
483	1165	746	3690	3691	2426
484	747	1164	2431	3692	3693
644	605	1261	2114	3694	3476
370	1033	697	3695	3696	3697
346	860	673	3466	2384	3698
329	1186	1094	3699	3700	3355
78	689	1018	3152	3701	3702
191	688	1017	3155	3703	3704
369	1239	709	2666	3705	1906
552	1138	1172	3584	3376	2093
483	997	1165	3706	2559	3690
484	1164	996	3693	2562	3707
523	1035	976	3708	3616	2006
418	886	724	3055	3571	3709
419	725	887	3710	3574	3056
563	1188	1247	1848	3711	3712
432	940	931	3343	3307	3713
511	737	1052	2664	3714	3715
347	995	732	3439	3716	2687
335	1052	737	1719	3714	3717
290	677	1156	1830	2076	3593
294	1069	1005	3718	3719	3720
555	1005	1069	1972	3719	3478
257	934	781	3212	2332	1578
348	767	1028	2358	3721	3722
471	1028	767	3723	3721	3724
727	891	423	3579	3084	3725
424	892	726	3085	3580	3726
385	715	802	3727	2905	3728
358	848	1207	3729	2659	3730
445	1017	688	3731	3703	2124
446	1018	689	3732	3701	2132
139	916	759	3534	3733	3331
7	758	917	3332	3734	3535
397	876	1244	2926	3735	3241
396	875	1243	2918	3736	3237
348	1028	642	3722	2342	3675
534	952	1045	1993	3737	3738
438	1045	952	3739	3737	3740
374	898	713	3741	1761	3742
373	712	897	3743	1762	3744
17	640	1222	3636	3178	3745
129	1221	641	3746	3175	3637
444	792	849	3747	3748	2312
272	674	873	2177	2321	3749
418	1144	912	3750	3751	1337
419	913	1145	1336	3752	3753
386	715	822	2906	3754	1904
408	944	665	2541	3755	3756
337	665	944	1570	3755	3757
643	530	1185	1961	3758	2238
528	732	995	1988	3716	2107
237	720	1003	3759	2278	3760
541	950	798	2868	3761	2481
542	799	951	2484	3762	2865
404	798	950	3763	3761	2719
405	951	799	2722	3762	3764
134	135	1075	160	1626	3765
12	1076	11	3766	1627	37
307	1237	966	3767	3493	2536
308	967	1238	2535	3494	3768
385	802	1105	3728	3769	2739
373	926	712	3052	2024	3743
374	713	927	3742	2027	3053
404	786	798	1802	3388	3763
405	799	787	3764	3389	1803
384	884	707	3340	3122	2498
448	1027	700	3770	3666	2248
447	699	1026	2247	3669	3771
246	1004	1107	3772	2324	3773
257	1106	670	3774	3775	3210
531	1116	731	3776	3777	1916
295	1045	652	3778	3779	2457
267	822	715	3780	3754	3781
424	946	701	3782	3783	3784
423	702	945	3785	3786	3787
438	652	1045	3626	3779	3739
312	701	946	3658	3783	2594
311	945	702	2597	3786	3653
278	1210	850	3788	3789	3081
277	851	1211	3080	3790	3791
278	858	1210	2199	3792	3788
277	1211	859	3791	3793	2200
285	1114	771	3794	3795	3796
259	645	1040	1593	3797	2586
645	420	1040	3319	2592	3797
646	407	1095	1659	3798	3799
647	1121	406	3800	3131	1587
403	1096	648	3801	3802	1644
922	567	1053	2939	2668	3803
649	1123	402	3804	3125	1650
466	940	784	3308	3805	2846
441	1160	878	3806	1918	3807
568	970	1148	3808	3809	3810
261	1218	814	3367	3811	2999
377	650	1263	3615	3812	3565
509	729	1166	3813	3814	3815
508	1167	730	3816	3817	3818
507	1033	768	1714	3819	2292
311	1225	974	3820	3540	2596
312	975	1226	2595	3541	3821
242	1166	729	3822	3814	3823
243	730	1167	3824	3817	3825
192	193	823	221	2146	3425
79	80	826	108	2156	3429
195	196	887	224	2947	3573
173	174	886	202	3572	2948
508	730	1100	3818	3826	1315
509	1101	729	1314	3827	3813
262	1055	1227	3423	3575	3828
514	1084	781	3829	1852	1897
329	1148	970	3598	3809	3830
535	937	724	2523	3831	2160
536	725	936	2163	3832	2524
530	834	1080	2218	3833	2187
82	83	891	111	2988	3578
60	61	892	89	3581	2989
414	993	721	3834	2475	2907
526	1100	730	3835	3826	2709
525	729	1101	2708	3827	3836
414	790	780	2058	3837	3838
417	780	790	3839	3837	2279
490	709	1094	1929	3564	3840
650	1245	498	3841	3842	3463
538	946	726	2553	3843	2191
727	945	537	3844	2554	2190
570	1105	767	2740	3845	2357
120	121	837	146	3582	2171
26	838	25	2170	3583	51
427	1068	722	3846	3847	3686
428	723	1067	3687	3848	3849
416	1155	1159	3850	3851	3852
456	651	1022	3166	2860	3853
457	1021	652	3854	2857	3082
251	971	1108	2970	3855	3285
441	878	800	3807	3856	3857
475	910	1031	3858	3533	3859
451	800	878	1970	3856	2275
455	654	1020	3102	2836	3860
655	454	1019	3100	3861	2833
117	118	890	143	3546	3027
29	889	28	3030	3543	54
522	1112	977	2181	1757	3862
240	1197	665	3416	3863	1566
300	905	687	3864	3449	2455
279	912	1047	3034	3865	3866
280	1046	913	3867	3868	3035
489	1023	661	3869	2139	3500
488	660	1024	3499	2142	3870
346	673	953	3698	2689	2436
452	996	729	3871	3872	2701
453	730	997	2706	3873	3874
242	729	996	3823	3872	2561
243	997	730	2560	3873	3824
410	1135	664	3527	3875	3633
294	654	1069	2454	3876	3718
388	812	1167	3877	3878	3879
389	1166	811	3880	3881	3882
654	434	1069	3619	3483	3876
289	657	1249	3150	3558	2638
520	1047	912	1777	3865	3883
519	913	1046	3884	3868	1774
268	646	1095	2978	3799	3885
382	939	734	3117	2116	3886
381	733	938	3887	2119	3118
270	648	1096	2974	3802	3888
381	942	733	3126	2164	3887
382	734	941	3886	2167	3127
178	179	1037	207	3889	1615
65	66	1036	94	3890	1618
384	1234	717	3134	3891	3892
269	1121	647	2953	3800	2979
418	937	1144	3893	3894	3750
419	1145	936	3753	3895	3896
370	768	1033	2265	3819	3695
271	1123	649	2938	3804	2975
280	694	1046	3315	3897	3867
279	1047	695	3866	3898	3316
444	678	1151	1558	3899	3900
407	911	914	1658	3901	3902
650	459	1263	3458	3903	3812
474	914	911	3373	3901	3904
403	907	909	1645	3905	3906
524	905	1205	2036	3907	3515
473	909	907	3908	3905	3909
384	717	1159	3892	3910	3911
356	995	672	2108	3438	3639
449	1046	694	1744	3897	2874
450	695	1047	2873	3898	1745
370	697	918	3697	3912	2695
23	1027	692	3913	3914	1941
123	693	1026	1942	3915	3916
367	877	1024	3917	3918	3919
411	739	1002	3652	3920	3921
651	437	1129	3561	3548	3922
295	1000	1045	3923	3924	3778
490	978	904	3925	3926	1928
275	904	978	3513	3926	3664
534	1045	1000	3738	3924	1537
655	1132	435	3927	3538	3620
385	1259	715	3062	3928	3727
179	666	1037	2651	3929	3889
66	667	1036	2653	3930	3890
391	658	1211	3138	3931	3932
390	1210	659	3933	3934	3139
605	1249	1261	2639	3605	3694
488	1024	877	3870	3918	3935
341	1079	660	3936	3045	3506
342	661	1078	3509	3044	3937
329	970	1186	3830	3938	3699
392	836	795	3437	3471	1523
296	651	1129	2462	3922	3495
566	882	1257	2893	3939	2821
565	1256	883	2824	3940	2890
675	1032	1235	3362	3941	3942
395	839	796	3441	3481	1531
77	1018	690	3943	3944	2040
190	1017	691	3945	3946	2043
134	1075	662	3765	3947	2819
12	663	1076	2818	3948	3766
475	1031	932	3859	3949	3950
293	1132	655	3523	3927	2449
292	1172	658	2094	3600	3142
365	656	1156	3608	3594	1715
298	1064	672	3951	3640	2334
341	662	1231	1422	3952	3953
342	1230	663	3954	3955	1423
421	759	916	3956	3733	3064
422	917	758	3065	3734	3957
609	1207	1248	3958	3959	3960
454	819	811	2517	3961	3461
455	812	818	3460	3962	2518
397	704	1080	2367	3963	3964
771	1114	1258	3795	3965	3966
442	873	797	3967	2465	3968
304	1224	915	3969	1930	3970
255	1025	764	3971	3972	3973
335	737	880	3717	3974	2640
264	1082	705	3160	3975	3976
507	880	737	3977	3974	1445
513	813	868	3978	3979	1793
237	664	1135	2624	3875	3980
402	763	1031	2005	3981	3532
396	703	1227	2362	3982	3410
328	965	696	3250	1888	1669
408	665	1197	3756	3863	3251
364	1164	747	3983	3692	2986
363	746	1165	2984	3691	3984
265	706	1136	3985	3986	3222
457	821	815	2497	3987	3489
456	816	820	3492	3988	2711
416	1159	717	3852	3910	3989
361	748	1168	2992	3570	3990
362	1169	749	3991	3569	2994
388	818	812	3148	3962	3877
389	811	819	3882	3961	3145
239	1151	678	3328	3899	2089
383	670	1106	2871	3775	3217
475	932	797	3950	3992	2044
390	820	816	3141	3988	3993
391	815	821	3994	3987	3136
339	1176	666	2464	3995	1433
340	1174	667	2480	3996	1436
285	669	1114	3345	1648	3794
1167	1257	388	3997	3998	3879
1166	389	1256	3880	3999	4000
410	1224	828	3634	4001	2645
430	1198	671	4002	1901	2391
351	985	703	2478	3079	2364
555	956	1190	3480	1796	2048
403	909	1204	3906	2543	4003
122	123	1026	148	3916	3668
23	24	1027	49	3667	3913
411	849	792	2080	3748	3651
440	833	840	2627	4004	3095
445	691	1017	2306	3946	3731
446	690	1018	2311	3944	3732
407	914	1208	3902	2589	4005
399	1213	982	4006	3529	2468
398	981	1212	2467	3528	4007
260	922	1203	2940	4008	2103
273	762	1212	4009	4010	2911
274	1213	761	2914	4011	4012
254	776	1086	4013	3484	3268
471	757	1028	3681	2343	3723
448	692	1027	4014	3914	3770
447	1026	693	3771	3915	4015
315	1219	794	3077	4016	2017
441	1035	1161	4017	4018	4019
349	716	987	1984	4020	4021
418	724	937	3709	3831	3893
419	936	725	3896	3832	3710
684	1254	1001	4022	4023	3609
18	1071	17	4024	3635	43
129	1072	128	3638	4025	154
447	693	1228	4015	3172	4026
448	1229	692	4027	3171	4014
443	728	934	2764	2615	3213
319	1143	1038	4028	4029	3433
266	949	1088	1959	4030	4031
527	1088	949	2418	4030	4032
485	687	1039	2448	1975	4033
77	78	1018	106	3702	3943
190	191	1017	219	3704	3945
520	1008	719	4034	4035	1776
519	718	1007	1775	4036	4037
437	840	833	4038	4004	4039
185	685	1043	2407	3156	4040
72	686	1042	2405	3144	4041
257	745	1106	2605	3643	3774
482	719	1008	1301	4035	4042
481	1007	718	4043	4036	1298
727	423	945	3725	3787	3844
424	726	946	3726	3843	3782
302	697	1033	1950	3696	1713
463	908	867	2775	4044	4045
443	1177	988	3603	4046	3185
417	1110	780	4047	4048	3839
248	992	757	2674	4049	3682
437	874	840	3560	4050	4038
281	743	973	3121	3338	4051
464	1184	683	4052	1407	2069
498	1247	1188	4053	3711	4054
18	681	1071	2512	3162	4024
128	1072	682	4025	3163	2513
515	1218	1098	1856	3366	4055
526	928	1100	4056	4057	3835
525	1101	929	3836	4058	4059
571	898	1241	1661	4060	4061
572	1242	897	4062	4063	1664
345	675	1235	2575	3942	3239
314	1100	928	1321	4057	4064
313	929	1101	4065	4058	1318
574	1038	1143	2964	4029	4066
235	956	1260	1753	4067	1956
542	924	758	2866	4068	2373
541	759	923	2372	4069	2867
416	987	716	2486	4020	4070
416	717	1088	3989	4071	2485
374	1241	898	4072	4060	3741
373	897	1242	3744	4063	4073
184	185	1043	213	4040	3644
379	868	813	4074	3979	2625
71	72	1042	100	4041	3641
550	918	1239	2696	4075	2665
650	902	1245	3614	4076	3841
432	931	1154	3713	4077	4078
258	1155	716	2737	4079	1985
424	701	1051	3784	2614	1607
423	1050	702	1606	2609	3785
435	1032	900	3290	4080	4081
236	1254	1265	4082	4083	4084
497	1117	677	2065	3415	1899
432	1154	943	4078	4085	3450
250	980	1200	2507	4086	4087
593	1200	980	2571	4086	4088
521	972	1104	4089	1703	1666
421	923	759	2433	4069	3956
422	758	924	3957	4068	2434
236	1265	952	4084	4090	2328
349	987	741	4021	3624	2791
599	1152	954	2916	4091	3086
355	954	1152	4092	4091	4093
427	929	1068	4094	4095	3846
428	1067	928	3849	4096	4097
375	782	969	1981	2304	2853
376	968	783	2852	2303	1731
467	985	1127	2960	2471	3646
371	789	961	4098	2128	2803
372	788	960	4099	2130	2804
551	1159	1155	4100	3851	2736
337	944	751	3757	2855	2578
429	1255	888	4101	4102	4103
506	958	957	1504	4104	4105
413	957	958	1334	4104	2770
301	1077	885	4106	2766	4107
473	1005	1153	4108	2445	4109
284	1050	825	3408	1677	3352
283	824	1051	3351	1678	3405
434	862	972	3618	4110	4111
70	71	1243	99	3677	4112
253	932	1031	2415	3949	4113
183	184	1244	212	3679	4114
360	896	801	2933	3257	3004
438	977	866	4115	4116	3625
513	1262	813	4117	3519	3978
468	1137	697	4118	4119	1946
291	840	874	1414	4050	3164
429	908	1255	4120	4121	4101
285	771	1126	3796	4122	4123
384	1159	879	3911	4124	3339
477	1126	771	2315	4122	2752
281	973	775	4051	4125	4126
342	679	1193	1456	2768	3508
341	1192	680	3507	2769	1457
298	1245	902	4127	4076	4128
559	776	1091	2270	4129	2728
522	1254	684	4130	4022	2180
476	1091	776	4131	4129	4132
263	1080	704	2188	3963	4133
925	1002	594	4134	3536	2670
428	1073	864	4135	4136	3070
427	865	1074	3069	4137	4138
441	1161	935	4019	4139	4140
400	705	1082	2353	3975	4141
241	1239	918	4142	4075	4143
617	731	1116	2876	3777	3403
263	704	1093	4133	3104	4144
493	1130	1205	4145	3516	4146
326	943	1178	3007	4147	2284
547	1178	943	1871	4147	4148
563	1247	955	3712	4149	2910
265	1092	706	4150	3091	3985
506	1248	1207	4151	3959	2658
615	930	1054	2931	4152	3278
472	1000	903	2896	4153	4154
295	903	1000	3132	4153	3923
503	765	1079	1815	3046	4155
504	1078	766	4156	3043	1816
255	1089	1025	3297	4157	3971
473	907	1005	3909	4158	4108
294	1005	907	3720	4158	3170
269	990	752	2904	2174	2726
271	991	753	3040	2197	2724
449	1048	1013	2875	4159	2919
450	1014	1049	2922	4160	2872
410	744	999	2649	2802	3391
437	833	1003	4039	4161	3378
285	784	940	4162	3805	3344
475	1006	910	2045	4163	3858
517	1013	1048	4164	4159	4165
518	1049	1014	4166	4160	4167
293	910	1006	3180	4163	3521
474	911	1010	3904	4168	3105
429	1128	867	4169	4170	4171
296	1010	911	3497	4168	3169
74	1140	73	4172	2580	102
391	1147	815	1864	4173	3994
390	816	1146	3993	4174	1861
186	187	1139	215	4175	2576
442	797	932	3968	3992	2111
548	1199	1044	3337	4176	4177
515	1240	696	4178	2179	1887
417	757	992	1998	4049	4179
383	698	1223	1835	2223	4180
436	720	1173	3473	4181	3555
401	1136	706	4182	3986	2356
426	775	973	3512	4125	3554
428	928	1073	4097	4183	4135
427	1074	929	4138	4184	4094
474	953	805	3106	2929	3372
16	17	1222	42	3745	4185
129	130	1221	155	4186	3746
363	1020	870	4187	2835	3595
364	869	1019	3596	2834	4188
403	1204	1096	4003	4189	3801
361	1022	871	4190	2859	3590
362	872	1021	3591	2858	4191
316	1118	780	2998	4192	4193
407	1208	1095	4005	4194	3798
262	1227	703	3828	3982	3078
331	1116	984	3404	4195	2748
531	984	1116	4196	4195	3776
290	863	1109	3048	4197	1828
126	127	1134	152	2682	4198
19	20	1133	45	4199	2679
431	1111	805	4200	4201	2928
266	1088	717	4031	4071	4202
539	722	1068	2183	3847	3685
540	1067	723	3684	3848	2184
264	705	1202	3976	3075	3518
429	867	908	4171	4044	4120
306	1035	800	3617	4203	1967
297	767	1105	4204	3845	4205
544	1264	707	2738	3674	1841
618	1195	852	3381	4206	3279
364	1019	808	4188	4207	4208
363	807	1020	4209	4210	4187
454	808	1019	3462	4207	3861
455	1020	807	3860	4210	3459
362	1021	810	4191	4211	4212
361	809	1022	4213	4214	4190
457	810	1021	3490	4211	3854
456	1022	809	3853	4214	3491
580	1090	1125	2494	4215	4216
330	1125	1090	2886	4215	4217
241	709	1239	2421	3705	4142
380	1195	777	4218	4219	1277
406	764	1025	2002	3972	4220
397	1080	834	3964	3833	1909
417	992	1110	4179	4221	4047
511	738	1113	3299	3270	2663
273	1182	762	3190	3025	4009
274	761	1181	4012	3024	3187
366	831	1261	1784	3477	3604
406	1025	903	4220	4222	1588
472	903	1025	4154	4222	4223
198	5	1252	227	4224	4225
4	171	1253	199	4226	4227
253	1031	763	4113	3981	1546
609	861	1207	3204	4228	3958
228	712	1252	1763	4229	4230
167	1253	713	4231	4232	1760
429	971	1128	4233	4234	4169
500	1143	841	4235	4236	1505
499	1142	842	4237	4238	1500
319	841	1143	4239	4236	4028
320	842	1142	4240	4238	2590
337	1091	844	2729	4241	1767
476	844	1091	3648	4241	4131
332	1084	994	2995	4242	2441
514	994	1084	2088	4242	3829
387	1087	814	3552	3116	4243
439	742	1070	2062	4244	3387
286	1158	772	4245	4246	3364
478	772	1158	2751	4246	2019
281	775	1030	4126	3504	3549
416	716	1155	4070	4079	3850
67	68	1251	96	4247	3266
180	181	1250	209	4248	3264
468	773	1137	1893	4249	4118
241	1137	773	4250	4249	2593
328	792	1041	3650	4251	3329
484	996	1012	3707	4252	4253
483	1011	997	4254	4255	3706
267	715	1259	3781	3928	4256
452	1012	996	3660	4252	3871
453	997	1011	3874	4255	3659
464	835	1063	2071	4257	4258
249	1063	835	4259	4257	3587
486	1216	1180	4260	3310	4261
487	1183	1217	4262	3323	4263
358	1120	848	4264	4265	3729
487	848	1120	4266	4265	4267
289	972	862	1686	4110	3049
739	1246	1002	4268	4269	3920
198	1252	712	4225	4229	2023
171	713	1253	2028	4232	4226
486	1122	855	4270	4271	4272
266	717	1234	4202	3891	4273
359	855	1122	2927	4271	4274
261	744	1098	2047	2648	3365
547	1154	1194	4275	4276	4277
435	900	1109	4081	4278	4279
497	1109	900	1900	4278	2601
237	1173	720	4280	4181	3759
470	1057	1157	3451	2042	2628
237	1003	833	3760	4161	2622
14	1215	13	4281	3399	39
132	133	1214	158	3398	4282
292	866	977	3042	4116	1584
267	1015	822	3287	3302	3780
254	909	1044	2084	4283	4284
473	1044	909	4285	4283	3908
560	1096	1204	4286	4189	2898
459	893	986	3457	4287	2385
469	750	1160	3197	1939	4288
233	986	893	4289	4287	4290
561	1095	1208	4291	4194	2880
609	1090	791	4292	2493	3088
413	920	980	3198	4293	1368
593	980	920	4088	4293	3031
380	852	1195	2168	4206	4218
74	788	1140	2131	4294	4172
438	1265	977	4295	4296	4115
187	789	1139	2129	4297	4175
505	1196	827	4298	4299	3038
303	827	1196	1727	4299	3514
486	855	1093	4272	4300	4301
263	1093	855	4144	4300	2923
301	845	1077	2034	4302	4106
465	1077	845	4303	4302	1406
441	800	1035	3857	4203	4017
444	1041	792	4304	4251	3747
283	1065	1074	3406	4305	4306
284	1073	1066	4307	4308	3407
415	948	949	2376	4309	3161
527	949	948	4032	4309	2037
442	1099	873	4310	4311	3967
434	972	1260	4111	4312	4313
491	1236	742	4314	4315	1543
304	1240	828	2794	4316	4317
515	828	1240	4318	4316	4178
265	848	1092	1560	4319	4150
487	1092	848	4320	4319	4266
473	1153	1044	4109	4321	4285
548	1044	1153	4177	4321	2021
569	1141	1128	4322	4323	4324
479	788	1170	4325	4326	1785
372	1170	788	4327	4326	4099
480	789	1171	4328	4329	1778
371	1171	789	4330	4329	4098
525	1074	1065	4331	4305	2707
526	1066	1073	2710	4308	4332
367	1024	859	3919	2201	3610
368	858	1023	3613	2198	4333
530	954	1185	2220	4334	3758
355	1185	954	3525	4334	4092
167	4	1253	170	4227	4231
228	1252	5	4230	4224	230
431	970	1111	4335	4336	4200
513	1206	1262	3671	3002	4117
126	1134	783	4198	4337	2224
20	782	1133	2227	4338	4199
515	1098	828	4055	2646	4318
414	780	1118	3838	4192	4339
447	1228	847	4026	4340	2807
448	846	1229	2810	4341	4027
244	1146	816	4342	4174	3487
245	815	1147	3486	4173	4343
444	1151	1041	3900	4344	4304
327	1128	1141	4345	4323	3562
490	1094	1186	3840	3700	4346
465	793	1077	3359	2961	4303
492	1267	764	4347	4348	3665
510	1246	739	4349	4268	1720
255	764	1267	3973	4348	3622
236	1001	1254	3427	4023	4082
601	1136	1009	3223	4350	3243
401	1009	1136	3016	4350	4182
524	1130	1016	3517	4351	2699
233	1016	1130	2055	4351	4352
287	1127	770	2531	2470	1610
411	1002	925	3921	4134	3157
320	1175	842	1696	4353	4240
492	842	1175	3402	4353	4354
606	919	1162	3232	4355	3292
301	1162	919	4356	4355	2408
569	778	1141	2603	4357	4322
254	1199	776	4358	4359	4013
476	776	1199	4132	4359	3663
316	780	1110	4193	4048	4360
268	1189	755	4361	3226	1418
270	1187	756	4362	3233	1521
297	1209	767	4363	4364	4204
471	767	1209	3724	4364	2981
297	754	1209	2758	2327	4363
568	1148	785	3810	4365	2584
272	873	1099	3749	4311	1954
298	902	1064	4128	4366	3951
516	1202	1258	3446	3120	4367
373	1242	804	4073	3469	2827
374	803	1241	2830	3468	4072
609	1248	1090	3960	4368	4292
330	1090	1248	4217	4368	4369
442	984	1099	2360	4370	4310
314	928	1067	4064	4096	3627
313	1068	929	3630	4095	4065
234	900	1032	2600	4080	3361
505	1131	1196	4371	4372	4298
610	1196	1131	3436	4372	2126
429	888	1108	4103	2642	4373
297	1105	802	4205	3769	3108
285	1126	784	4123	3431	4162
477	1133	782	3181	4338	2314
478	783	1134	2020	4337	3182
367	1138	877	3377	3283	3917
596	989	1082	3174	4374	3159
400	1082	989	4141	4374	2900
398	1212	762	4007	4010	2243
399	761	1213	2242	4011	4006
519	1007	1145	4037	4375	4376
520	1144	1008	4377	4378	4034
472	1025	1089	4223	4157	4379
283	1074	865	4306	4137	3350
284	864	1073	3353	4136	4307
307	1145	1007	4380	4375	4381
308	1008	1144	4382	4378	4383
564	1141	778	3673	4357	3303
256	805	1111	3371	4201	2844
562	785	1148	3326	4365	3688
252	1194	1154	3168	4276	4384
480	1139	789	3199	4297	4328
479	1140	788	3200	4294	4325
439	1055	1056	3221	4385	3417
616	1056	1055	3426	4385	3422
880	507	1203	3977	2293	4386
880	1203	425	4386	4387	2644
248	1029	1039	3683	4388	3280
485	1039	1029	4033	4388	2717
352	769	1216	2801	3311	3258
327	1083	867	3357	4389	4390
463	867	1083	4045	4389	2098
302	1113	817	2273	3269	1949
354	1217	772	3229	3322	2742
546	1179	1110	1819	4391	4392
458	1162	885	3293	4393	2839
355	1152	817	4093	4394	2941
468	817	1152	1948	4394	2915
519	1145	913	4376	3752	3884
520	912	1144	3883	3751	4377
461	1163	829	2630	4395	2837
304	915	1062	3970	4396	2793
464	1062	915	4397	4396	4398
602	1064	902	3129	4366	3201
430	777	1195	2392	4219	3380
560	1187	1096	4399	4400	4286
353	771	1258	2747	3966	3119
270	1096	1187	3888	4400	4362
561	1189	1095	4401	4402	4291
268	1095	1189	3885	4402	4361
498	1188	893	4054	4403	3464
922	1053	425	3803	3393	4404
233	893	1188	4290	4403	2054
258	1054	930	2396	4152	2734
464	915	1184	4398	4405	4052
472	1089	1052	4379	4406	2895
511	1052	1089	3715	4406	3298
547	1194	933	4277	4407	1870
435	1109	863	4279	4197	3621
522	977	1265	3862	4296	4408
364	808	1164	4208	3059	3983
363	1165	807	3984	3058	4209
1175	1267	492	4409	4347	4354
1175	643	1267	1960	3623	4409
361	1168	809	3990	3020	4213
362	810	1169	4212	3021	3991
464	1063	1062	4258	4410	4397
510	1062	1063	1966	4410	4411
316	1110	1179	4360	4391	2779
526	1073	928	4332	4183	4056
525	929	1074	4059	4184	4331
697	1137	918	4119	4412	3912
521	1260	972	1957	4312	4089
242	811	1166	3455	3881	3822
243	1167	812	3825	3878	3452
505	1004	1131	4413	4414	4371
246	1131	1004	3231	4414	3772
409	794	1219	3444	4016	3363
244	1013	1146	3474	4415	4342
245	1147	1014	4343	4416	3475
327	867	1128	4390	4170	4345
287	829	1163	3067	4395	2252
286	832	1158	3073	3124	4245
319	1236	841	4417	4418	4239
491	841	1236	3414	4418	4314
568	1111	970	2845	4336	3808
372	829	1170	2832	3066	4327
371	830	1171	2826	3063	4330
523	1161	1035	2158	4018	3708
564	1183	1120	3305	4419	4420
487	1120	1183	4267	4419	4262
486	1180	1122	4261	4421	4270
562	1122	1180	4422	4421	3325
562	983	1122	3689	4423	4422
359	1122	983	4274	4423	3349
358	979	1120	3341	4424	4264
564	1120	979	4420	4424	3672
250	1200	877	4087	4425	2545
488	877	1200	3935	4425	2570
259	1262	801	3520	3001	2556
387	814	1218	4243	3811	3193
469	1160	935	4288	4426	4427
493	986	1130	3090	4428	4145
233	1130	986	4352	4428	4289
487	1217	1092	4263	3228	4320
368	1266	835	4429	3631	2072
561	964	1189	2903	3263	4401
249	1002	1246	3676	4269	4430
560	963	1187	2899	3275	4399
546	1110	992	4392	4221	2673
469	935	1107	4427	4431	3428
486	1093	1216	4301	3259	4260
414	1118	993	4339	4432	3834
300	1177	906	4433	3300	4434
533	1181	847	2760	3023	2230
532	846	1182	2229	3026	2761
304	828	1224	4317	4001	3969
627	888	1255	3374	4102	3530
246	1107	935	3773	4431	4435
531	1099	984	1955	4370	4196
551	879	1159	2741	4124	4100
391	1211	851	3932	3790	1734
390	850	1210	1739	3789	3933
241	918	1137	4143	4412	4250
516	1258	1114	4367	3965	1353
300	906	1205	4434	4436	4437
493	1205	906	4146	4436	4438
659	1210	858	3934	3792	3612
658	859	1211	3611	3793	3931
379	1220	868	4439	3153	4074
301	885	1162	4107	4393	4356
429	1108	971	4373	3855	4233
358	1207	861	3730	4228	3215
237	1135	1173	3980	4440	4280
626	1173	1135	3556	4440	3526
321	847	1228	2231	4340	2503
322	1229	846	2502	4341	2228
571	1241	854	4061	3467	2955
572	853	1242	2958	3470	4062
252	1154	931	4384	4077	1687
573	993	1118	2996	4432	2997
307	936	1145	2537	3895	4380
308	1144	937	4383	3894	2534
569	1128	971	4324	4234	2969
383	1223	906	4180	4441	2869
493	906	1223	4438	4441	3089
547	943	1154	4148	4085	4275
440	1184	915	3096	4405	1884
379	901	1220	2608	4442	4439
70	1243	875	4112	3736	3568
183	1244	876	4114	3735	3567
441	935	1160	4140	4426	3806
246	935	1161	4435	4139	3230
489	1201	1266	2573	3632	4443
16	1222	894	4185	3607	3396
130	895	1221	3395	3606	4186
300	1205	905	4437	3907	3864
267	1259	1124	4256	4444	2538
580	1124	1259	4445	4444	3061
901	512	1220	1697	1771	4442
388	1257	882	3998	3939	1325
389	883	1256	1328	3940	3999
529	933	1194	2216	4407	2620
922	425	1203	4404	4387	4008
517	1146	1013	1862	4415	4164
518	1014	1147	4167	4416	1863
430	1004	1198	2149	4446	4002
505	1198	1004	3039	4446	4413
481	1237	1007	2568	4447	4043
482	1008	1238	4042	4448	2565
431	1186	970	4449	3938	4335
634	1034	1206	3420	4450	3670
431	978	1186	3662	4451	4449
68	1061	1251	2815	4452	4247
181	1060	1250	2816	4453	4248
490	1186	978	4346	4451	3925
330	1248	957	4369	4454	2294
506	957	1248	4105	4454	4151
276	1255	908	3531	4121	2256
459	1030	1263	3553	3566	3903
300	988	1177	2456	4046	4433
483	1225	1011	2731	4455	4254
484	1012	1226	4253	4456	2732
574	1143	1061	4066	4457	2233
500	1061	1143	4458	4457	4235
575	1142	1060	2591	4459	2236
499	1060	1142	4460	4459	4237
501	1059	1150	4461	4462	3205
502	1149	1058	3208	4463	4464
578	1150	1059	3225	4462	2488
579	1058	1149	2491	4463	3601
742	1236	1070	4315	4465	4244
368	1023	1266	4333	4466	4429
607	1041	1151	3330	4344	3327
470	1124	1125	2629	4467	2883
580	1125	1124	4216	4467	4445
433	955	1247	1798	4149	4468
522	1265	1254	4408	4083	4130
495	1037	1176	1692	4469	3333
666	1176	1037	3995	4469	3929
667	1174	1036	3996	4470	3930
496	1036	1174	1693	4470	3335
438	952	1265	3740	4090	4295
434	1260	956	4313	4067	3482
623	1235	1032	3240	3941	3289
1166	1256	509	4000	2823	3815
1167	508	1257	3816	2822	3997
309	1049	1233	1396	4471	3585
310	1232	1048	3586	4472	1397
518	1233	1049	2401	4471	4166
517	1048	1232	4165	4472	2402
498	1245	998	3842	4473	4474
433	1247	998	4468	4475	2950
311	1011	1225	3655	4455	3820
312	1226	1012	3821	4456	3656
307	1007	1237	4381	4447	3767
308	1238	1008	3768	4448	4382
14	1059	1215	3191	4476	4281
132	1214	1058	4282	4477	3192
298	998	1245	2945	4473	4127
360	1206	1034	3005	4450	3539
498	998	1247	4474	4475	4053
254	1044	1199	4284	4176	4358
503	1231	1075	4478	4479	1640
504	1076	1230	1643	4480	4481
504	1230	1078	4481	4482	4156
503	1079	1231	4155	4483	4478
489	1266	1023	4443	4466	3869
502	1058	1214	4464	4477	3447
501	1215	1059	3448	4476	4461
510	1063	1246	4411	4484	4349
341	1231	1079	3953	4483	3936
342	1078	1230	3937	4482	3954
663	1230	1076	3955	4480	3948
662	1075	1231	3947	4479	3952
319	1070	1236	3385	4465	4417
249	1246	1063	4430	4484	4259
499	1250	1060	3542	4453	4460
500	1251	1061	3547	4452	4458
266	1234	1191	4273	4485	1881
600	1191	1234	2755	4485	3133

--------------------------------------------------------------------------------
NUMBER OF BOUNDARY TYPES        TOTAL NUMBER OF ELEMENTS
--------------------------------------------------------------------------------
5                               116

--------------------------------------------------------------------------------
BOUNDARY 1        CONSTRAINS (0-free 1-const 2-glue   VALUES (default = 0.)
NUMB. OF ELEM.    Ux     Uy     Uz      3-interface)  Ux     Uy     Uz  
--------------------------------------------------------------------------------
29                1      1      0                     1.     0.     0.

--------------------------------------------------------------------------------
BOUNDARY 1 - CONNECTIVITY
--------------------------------------------------------------------------------
4	171	199
171	172	200
172	173	201
173	174	202
174	175	203
175	176	204
176	177	205
177	178	206
178	179	207
179	180	208
180	181	209
181	182	210
182	183	211
183	184	212
184	185	213
185	186	214
186	187	215
187	188	216
188	189	217
189	190	218
190	191	219
191	192	220
192	193	221
193	194	222
194	195	223
195	196	224
196	197	225
197	198	226
198	5	227

--------------------------------------------------------------------------------
BOUNDARY 2        CONSTRAINS (0-free 1-const 2-glue   VALUES (default = 0.)
NUMB. OF ELEM.    Ux     Uy     Uz      3-interface)  Ux     Uy     Uz  
--------------------------------------------------------------------------------
52                1      1      0                     0.     0.     0.

--------------------------------------------------------------------------------
BOUNDARY 2 - CONNECTIVITY
--------------------------------------------------------------------------------
6	7	32
7	8	33
8	9	34
9	10	35
10	11	36
11	12	37
12	13	38
13	14	39
14	15	40
15	16	41
16	17	42
17	18	43
18	19	44
19	20	45
20	21	46
21	22	47
22	23	48
23	24	49
24	25	50
25	26	51
26	27	52
27	28	53
28	29	54
29	30	55
30	31	56
31	1	57
2	115	140
115	116	141
116	117	142
117	118	143
118	119	144
119	120	145
120	121	146
121	122	147
122	123	148
123	124	149
124	125	150
125	126	151
126	127	152
127	128	153
128	129	154
129	130	155
130	131	156
131	132	157
132	133	158
133	134	159
134	135	160
135	136	161
136	137	162
137	138	163
138	139	164
139	3	165

--------------------------------------------------------------------------------
BOUNDARY 3        CONSTRAINS (0-free 1-const 2-glue   VALUES (default = 0.)
NUMB. OF ELEM.    Ux     Uy     Uz      3-interface)  Ux     Uy     Uz  
--------------------------------------------------------------------------------
29                3      3      0                     0.     0.     0.

--------------------------------------------------------------------------------
BOUNDARY 3 - CONNECTIVITY
--------------------------------------------------------------------------------
1	58	86
58	59	87
59	60	88
60	61	89
61	62	90
62	63	91
63	64	92
64	65	93
65	66	94
66	67	95
67	68	96
68	69	97
69	70	98
70	71	99
71	72	100
72	73	101
73	74	102
74	75	103
75	76	104
76	77	105
77	78	106
78	79	107
79	80	108
80	81	109
81	82	110
82	83	111
83	84	112
84	85	113
85	2	114

--------------------------------------------------------------------------------
BOUNDARY 3        CONSTRAINS (0-free 1-const 2-glue   VALUES (default = 0.)
NUMB. OF ELEM.    Ux     Uy     Uz      3-interface)  Ux     Uy     Uz  
--------------------------------------------------------------------------------
3                 0      0      0                     0.     0.     0.

--------------------------------------------------------------------------------
BOUNDARY 3 - CONNECTIVITY
--------------------------------------------------------------------------------
5	228	230
228	229	231
229	6	232

--------------------------------------------------------------------------------
BOUNDARY 3        CONSTRAINS (0-free 1-const 2-glue   VALUES (default = 0.)
NUMB. OF ELEM.    Ux     Uy     Uz      3-interface)  Ux     Uy     Uz  
--------------------------------------------------------------------------------
3                 0      0      0                     0.     0.     0.

--------------------------------------------------------------------------------
BOUNDARY 3 - CONNECTIVITY
--------------------------------------------------------------------------------
3	166	168
166	167	169
167	4	170


