--------------------------------------------------------------------------------
ELEMENTS        NODES        TIME STEPS     PRINTING FREQ
--------------------------------------------------------------------------------
5868            12022        1000           1

--------------------------------------------------------------------------------
UNDISTURBED VELOCITY AND PRESSURE
Ux      Uy      Uz      P
--------------------------------------------------------------------------------
31.5    0.0     0.0     0.0

--------------------------------------------------------------------------------
DENSITY      TEMPERATURE      VISCOSITY      THERMAL CONDITIVITY
--------------------------------------------------------------------------------
1.18E-3      300              1.82E-4        0.0

--------------------------------------------------------------------------------
TIME STEP       TIME INTEGRATION SCHEME (1- Implicit Euler, 2- Adams-Bashforth)
--------------------------------------------------------------------------------
1e-3            0.5

--------------------------------------------------------------------------------
EXTERNAL FIELD FORCES CONSTANTS
Gx       Gy       Gz
--------------------------------------------------------------------------------
0.0      0.0      0.0

--------------------------------------------------------------------------------
NODAL COORDINATES
--------------------------------------------------------------------------------
5.5	5.5
6.5	5.5
6.5	6.000001
6.5	5.999999
6.5	6.5
5.5	6.5
10.5	6
12.5	4
12.5	8
4	8
4	4
3	9
3	3
13.5	3
13.5	9
4	7.8
4	7.6
4	7.4
4	7.2
4	7
4	6.8
4	6.6
4	6.4
4	6.2
4	6
4	5.8
4	5.6
4	5.4
4	5.2
4	5
4	4.8
4	4.6
4	4.4
4	4.2
4	7.9
4	7.7
4	7.5
4	7.3
4	7.1
4	6.9
4	6.7
4	6.5
4	6.3
4	6.1
4	5.9
4	5.7
4	5.5
4	5.3
4	5.1
4	4.9
4	4.7
4	4.5
4	4.3
4	4.1
4.197674419	4
4.395348837	4
4.593023256	4
4.790697674	4
4.988372093	4
5.186046512	4
5.38372093	4
5.581395349	4
5.779069767	4
5.976744186	4
6.174418605	4
6.372093023	4
6.569767442	4
6.76744186	4
6.965116279	4
7.162790698	4
7.360465116	4
7.558139535	4
7.755813953	4
7.953488372	4
8.151162791	4
8.348837209	4
8.546511628	4
8.744186046	4
8.941860465	4
9.139534884	4
9.337209302	4
9.534883721	4
9.73255814	4
9.930232558	4
10.12790698	4
10.3255814	4
10.52325581	4
10.72093023	4
10.91860465	4
11.11627907	4
11.31395349	4
11.51162791	4
11.70930233	4
11.90697674	4
12.10465116	4
12.30232558	4
4.098837209	4
4.296511628	4
4.494186047	4
4.691860465	4
4.889534884	4
5.087209302	4
5.284883721	4
5.48255814	4
5.680232558	4
5.877906977	4
6.075581395	4
6.273255814	4
6.470930233	4
6.668604651	4
6.86627907	4
7.063953488	4
7.261627907	4
7.459302326	4
7.656976744	4
7.854651163	4
8.052325581	4
8.25	4
8.447674419	4
8.645348837	4
8.843023256	4
9.040697674	4
9.238372093	4
9.436046512	4
9.63372093	4
9.831395349	4
10.02906977	4
10.22674419	4
10.4244186	4
10.62209302	4
10.81976744	4
11.01744186	4
11.21511628	4
11.4127907	4
11.61046512	4
11.80813953	4
12.00581395	4
12.20348837	4
12.40116279	4
12.5	4.2
12.5	4.4
12.5	4.6
12.5	4.8
12.5	5
12.5	5.2
12.5	5.4
12.5	5.6
12.5	5.8
12.5	6
12.5	6.2
12.5	6.4
12.5	6.6
12.5	6.8
12.5	7
12.5	7.2
12.5	7.4
12.5	7.6
12.5	7.8
12.5	4.1
12.5	4.3
12.5	4.5
12.5	4.7
12.5	4.9
12.5	5.1
12.5	5.3
12.5	5.5
12.5	5.7
12.5	5.9
12.5	6.1
12.5	6.3
12.5	6.5
12.5	6.7
12.5	6.9
12.5	7.1
12.5	7.3
12.5	7.5
12.5	7.7
12.5	7.9
12.30232558	8
12.10465116	8
11.90697674	8
11.70930233	8
11.51162791	8
11.31395349	8
11.11627907	8
10.91860465	8
10.72093023	8
10.52325581	8
10.3255814	8
10.12790698	8
9.930232558	8
9.73255814	8
9.534883721	8
9.337209302	8
9.139534884	8
8.941860465	8
8.744186047	8
8.546511628	8
8.348837209	8
8.151162791	8
7.953488372	8
7.755813954	8
7.558139535	8
7.360465116	8
7.162790698	8
6.965116279	8
6.76744186	8
6.569767442	8
6.372093023	8
6.174418605	8
5.976744186	8
5.779069767	8
5.581395349	8
5.38372093	8
5.186046512	8
4.988372093	8
4.790697674	8
4.593023256	8
4.395348837	8
4.197674419	8
12.40116279	8
12.20348837	8
12.00581395	8
11.80813953	8
11.61046512	8
11.4127907	8
11.21511628	8
11.01744186	8
10.81976744	8
10.62209302	8
10.4244186	8
10.22674419	8
10.02906977	8
9.831395349	8
9.63372093	8
9.436046512	8
9.238372093	8
9.040697674	8
8.843023256	8
8.645348837	8
8.447674419	8
8.25	8
8.052325581	8
7.854651163	8
7.656976744	8
7.459302326	8
7.261627907	8
7.063953488	8
6.86627907	8
6.668604651	8
6.470930233	8
6.273255814	8
6.075581395	8
5.877906977	8
5.680232558	8
5.48255814	8
5.284883721	8
5.087209302	8
4.889534884	8
4.691860465	8
4.494186047	8
4.296511628	8
4.098837209	8
5.5	6.4
5.5	6.3
5.5	6.2
5.5	6.1
5.5	6
5.5	5.9
5.5	5.8
5.5	5.7
5.5	5.6
5.5	6.45
5.5	6.35
5.5	6.25
5.5	6.15
5.5	6.05
5.5	5.95
5.5	5.85
5.5	5.75
5.5	5.65
5.5	5.55
5.6	5.5
5.7	5.5
5.8	5.5
5.9	5.5
6	5.5
6.1	5.5
6.2	5.5
6.3	5.5
6.4	5.5
5.55	5.5
5.65	5.5
5.75	5.5
5.85	5.5
5.95	5.5
6.05	5.5
6.15	5.5
6.25	5.5
6.35	5.5
6.45	5.5
6.5	5.8999992
6.5	5.7999994
6.5	5.6999996
6.5	5.5999998
6.5	5.9499991
6.5	5.8499993
6.5	5.7499995
6.5	5.6499997
6.5	5.5499999
6.6	5.999999025
6.7	5.99999905
6.8	5.999999075
6.9	5.9999991
7	5.999999125
7.1	5.99999915
7.2	5.999999175
7.3	5.9999992
7.4	5.999999225
7.5	5.99999925
7.6	5.999999275
7.7	5.9999993
7.8	5.999999325
7.9	5.99999935
8	5.999999375
8.1	5.9999994
8.2	5.999999425
8.3	5.99999945
8.4	5.999999475
8.5	5.9999995
8.6	5.999999525
8.7	5.99999955
8.8	5.999999575
8.9	5.9999996
9	5.999999625
9.1	5.99999965
9.2	5.999999675
9.3	5.9999997
9.4	5.999999725
9.5	5.99999975
9.6	5.999999775
9.7	5.9999998
9.8	5.999999825
9.9	5.99999985
10	5.999999875
10.1	5.9999999
10.2	5.999999925
10.3	5.99999995
10.4	5.999999975
6.55	5.999999013
6.65	5.999999038
6.75	5.999999063
6.85	5.999999088
6.95	5.999999113
7.05	5.999999138
7.15	5.999999163
7.25	5.999999188
7.35	5.999999213
7.45	5.999999238
7.55	5.999999263
7.65	5.999999288
7.75	5.999999313
7.85	5.999999338
7.95	5.999999363
8.05	5.999999388
8.15	5.999999413
8.25	5.999999438
8.35	5.999999463
8.45	5.999999488
8.55	5.999999513
8.65	5.999999538
8.75	5.999999563
8.85	5.999999588
8.95	5.999999613
9.05	5.999999638
9.15	5.999999663
9.25	5.999999688
9.35	5.999999713
9.45	5.999999738
9.55	5.999999763
9.65	5.999999788
9.75	5.999999813
9.85	5.999999838
9.95	5.999999863
10.05	5.999999888
10.15	5.999999913
10.25	5.999999938
10.35	5.999999963
10.45	5.999999988
10.4	6.000000025
10.3	6.00000005
10.2	6.000000075
10.1	6.0000001
10	6.000000125
9.9	6.00000015
9.8	6.000000175
9.7	6.0000002
9.6	6.000000225
9.5	6.00000025
9.4	6.000000275
9.3	6.0000003
9.2	6.000000325
9.1	6.00000035
9	6.000000375
8.9	6.0000004
8.8	6.000000425
8.7	6.00000045
8.6	6.000000475
8.5	6.0000005
8.4	6.000000525
8.3	6.00000055
8.2	6.000000575
8.1	6.0000006
8	6.000000625
7.9	6.00000065
7.8	6.000000675
7.7	6.0000007
7.6	6.000000725
7.5	6.00000075
7.4	6.000000775
7.3	6.0000008
7.2	6.000000825
7.1	6.00000085
7	6.000000875
6.9	6.0000009
6.8	6.000000925
6.7	6.00000095
6.6	6.000000975
10.45	6.000000013
10.35	6.000000038
10.25	6.000000063
10.15	6.000000088
10.05	6.000000113
9.95	6.000000138
9.85	6.000000163
9.75	6.000000188
9.65	6.000000213
9.55	6.000000238
9.45	6.000000263
9.35	6.000000288
9.25	6.000000313
9.15	6.000000338
9.05	6.000000363
8.95	6.000000388
8.85	6.000000413
8.75	6.000000438
8.65	6.000000463
8.55	6.000000488
8.45	6.000000513
8.35	6.000000538
8.25	6.000000563
8.15	6.000000588
8.05	6.000000613
7.95	6.000000638
7.85	6.000000663
7.75	6.000000688
7.65	6.000000713
7.55	6.000000738
7.45	6.000000763
7.35	6.000000788
7.25	6.000000813
7.15	6.000000838
7.05	6.000000863
6.95	6.000000888
6.85	6.000000913
6.75	6.000000938
6.65	6.000000963
6.55	6.000000988
6.5	6.1000008
6.5	6.2000006
6.5	6.3000004
6.5	6.4000002
6.5	6.0500009
6.5	6.1500007
6.5	6.2500005
6.5	6.3500003
6.5	6.4500001
5.6	6.5
5.7	6.5
5.8	6.5
5.9	6.5
6	6.5
6.1	6.5
6.2	6.5
6.3	6.5
6.4	6.5
5.55	6.5
5.65	6.5
5.75	6.5
5.85	6.5
5.95	6.5
6.05	6.5
6.15	6.5
6.25	6.5
6.35	6.5
6.45	6.5
3	8.8
3	8.6
3	8.4
3	8.2
3	8
3	7.8
3	7.6
3	7.4
3	7.2
3	7
3	6.8
3	6.6
3	6.4
3	6.2
3	6
3	5.8
3	5.6
3	5.4
3	5.2
3	5
3	4.8
3	4.6
3	4.4
3	4.2
3	4
3	3.8
3	3.6
3	3.4
3	3.2
3	8.9
3	8.7
3	8.5
3	8.3
3	8.1
3	7.9
3	7.7
3	7.5
3	7.3
3	7.1
3	6.9
3	6.7
3	6.5
3	6.3
3	6.1
3	5.9
3	5.7
3	5.5
3	5.3
3	5.1
3	4.9
3	4.7
3	4.5
3	4.3
3	4.1
3	3.9
3	3.7
3	3.5
3	3.3
3	3.1
3.198113208	3
3.396226415	3
3.594339623	3
3.79245283	3
3.990566038	3
4.188679245	3
4.386792453	3
4.58490566	3
4.783018868	3
4.981132075	3
5.179245283	3
5.377358491	3
5.575471698	3
5.773584906	3
5.971698113	3
6.169811321	3
6.367924528	3
6.566037736	3
6.764150943	3
6.962264151	3
7.160377358	3
7.358490566	3
7.556603774	3
7.754716981	3
7.952830189	3
8.150943396	3
8.349056604	3
8.547169811	3
8.745283019	3
8.943396226	3
9.141509434	3
9.339622642	3
9.537735849	3
9.735849057	3
9.933962264	3
10.13207547	3
10.33018868	3
10.52830189	3
10.72641509	3
10.9245283	3
11.12264151	3
11.32075472	3
11.51886792	3
11.71698113	3
11.91509434	3
12.11320755	3
12.31132075	3
12.50943396	3
12.70754717	3
12.90566038	3
13.10377358	3
13.30188679	3
3.099056604	3
3.297169811	3
3.495283019	3
3.693396226	3
3.891509434	3
4.089622642	3
4.287735849	3
4.485849057	3
4.683962264	3
4.882075472	3
5.080188679	3
5.278301887	3
5.476415094	3
5.674528302	3
5.872641509	3
6.070754717	3
6.268867925	3
6.466981132	3
6.66509434	3
6.863207547	3
7.061320755	3
7.259433962	3
7.45754717	3
7.655660377	3
7.853773585	3
8.051886792	3
8.25	3
8.448113208	3
8.646226415	3
8.844339623	3
9.04245283	3
9.240566038	3
9.438679245	3
9.636792453	3
9.83490566	3
10.03301887	3
10.23113208	3
10.42924528	3
10.62735849	3
10.8254717	3
11.02358491	3
11.22169811	3
11.41981132	3
11.61792453	3
11.81603774	3
12.01415094	3
12.21226415	3
12.41037736	3
12.60849057	3
12.80660377	3
13.00471698	3
13.20283019	3
13.4009434	3
13.5	3.2
13.5	3.4
13.5	3.6
13.5	3.8
13.5	4
13.5	4.2
13.5	4.4
13.5	4.6
13.5	4.8
13.5	5
13.5	5.2
13.5	5.4
13.5	5.6
13.5	5.8
13.5	6
13.5	6.2
13.5	6.4
13.5	6.6
13.5	6.8
13.5	7
13.5	7.2
13.5	7.4
13.5	7.6
13.5	7.8
13.5	8
13.5	8.2
13.5	8.4
13.5	8.6
13.5	8.8
13.5	3.1
13.5	3.3
13.5	3.5
13.5	3.7
13.5	3.9
13.5	4.1
13.5	4.3
13.5	4.5
13.5	4.7
13.5	4.9
13.5	5.1
13.5	5.3
13.5	5.5
13.5	5.7
13.5	5.9
13.5	6.1
13.5	6.3
13.5	6.5
13.5	6.7
13.5	6.9
13.5	7.1
13.5	7.3
13.5	7.5
13.5	7.7
13.5	7.9
13.5	8.1
13.5	8.3
13.5	8.5
13.5	8.7
13.5	8.9
13.30188679	9
13.10377358	9
12.90566038	9
12.70754717	9
12.50943396	9
12.31132075	9
12.11320755	9
11.91509434	9
11.71698113	9
11.51886792	9
11.32075472	9
11.12264151	9
10.9245283	9
10.72641509	9
10.52830189	9
10.33018868	9
10.13207547	9
9.933962264	9
9.735849057	9
9.537735849	9
9.339622642	9
9.141509434	9
8.943396226	9
8.745283019	9
8.547169811	9
8.349056604	9
8.150943396	9
7.952830189	9
7.754716981	9
7.556603774	9
7.358490566	9
7.160377358	9
6.962264151	9
6.764150943	9
6.566037736	9
6.367924528	9
6.169811321	9
5.971698113	9
5.773584906	9
5.575471698	9
5.377358491	9
5.179245283	9
4.981132075	9
4.783018868	9
4.58490566	9
4.386792453	9
4.188679245	9
3.990566038	9
3.79245283	9
3.594339623	9
3.396226415	9
3.198113208	9
13.4009434	9
13.20283019	9
13.00471698	9
12.80660377	9
12.60849057	9
12.41037736	9
12.21226415	9
12.01415094	9
11.81603774	9
11.61792453	9
11.41981132	9
11.22169811	9
11.02358491	9
10.8254717	9
10.62735849	9
10.42924528	9
10.23113208	9
10.03301887	9
9.83490566	9
9.636792453	9
9.438679245	9
9.240566038	9
9.04245283	9
8.844339623	9
8.646226415	9
8.448113208	9
8.25	9
8.051886792	9
7.853773585	9
7.655660377	9
7.45754717	9
7.259433962	9
7.061320755	9
6.863207547	9
6.66509434	9
6.466981132	9
6.268867925	9
6.070754717	9
5.872641509	9
5.674528302	9
5.476415094	9
5.278301887	9
5.080188679	9
4.882075472	9
4.683962264	9
4.485849057	9
4.287735849	9
4.089622642	9
3.891509434	9
3.693396226	9
3.495283019	9
3.297169811	9
3.099056604	9
12.9483111	3.586466033
3.551688896	3.586466033
3.551688896	8.413533967
12.9483111	8.413533967
8.25	8.500021708
8.25	3.499978292
7.65874082	3.497990423
8.84125918	8.502009577
7.65874082	8.502009577
8.84125918	3.497990423
7.065338922	3.498092423
9.434661078	8.501907577
7.065338922	8.501907577
9.434661078	3.498092423
6.470930233	3.500361678
10.02906977	8.499638322
6.470930233	8.499638322
10.02906977	3.500361678
5.877906977	3.500486008
10.62209302	8.499513992
5.877906977	8.499513992
10.62209302	3.500486008
5.284883721	3.500608605
11.21511628	8.499391395
5.284883721	8.499391395
11.21511628	3.500608605
4.691860465	3.50072947
11.80813953	8.49927053
4.691860465	8.49927053
11.80813953	3.50072947
12.39142764	3.50555241
4.108572361	3.50555241
12.39142764	8.49444759
4.108572361	8.49444759
13.00284709	4.098588097
3.497152907	4.098588097
3.5	7.9
13.04727425	7.892503907
3.481662042	4.922676165
3.501464335	6.891398515
3.5	5.7
3.494875641	6.3
13	7.3
12.99751335	6.702249769
12.99751335	6.102249769
12.99751335	5.502249769
13.02115947	4.902587844
3.482793176	7.401667514
12.92090926	4.50218918
3.579090738	4.50218918
3.420909262	5.30218918
13.14730511	3.335190605
3.352694886	3.335190605
3.352694886	8.664809395
13.14730511	8.664809395
12.10468384	3.338102605
4.395316155	8.661897395
12.10468384	8.661897395
4.395316155	3.338102605
11.51166104	3.338084314
4.988338957	8.661915686
11.51166104	8.661915686
4.988338957	3.338084314
8.546476233	8.337905193
7.953523767	3.662094807
7.953523768	8.337905193
8.546476232	3.662094807
10.91863824	3.338062017
5.581361758	8.661937983
10.91863824	8.661937983
5.581361758	3.338062017
9.139499981	8.337863496
7.360500019	3.662136504
7.360500019	8.337863496
9.139499981	3.662136504
6.767476272	3.662177629
9.732523728	8.337822371
6.767476272	8.337822371
9.732523728	3.662177629
10.32561544	3.338035711
6.174384559	8.661964289
10.32561544	8.661964289
6.174384559	3.338035711
3.656738102	6.002822751
3.66	6.6
13.15681612	5.203590747
13.16	5.8
13.16	6.4
12.84	7.6
13.16	7
3.818078931	3.344439462
12.68192107	3.344439462
3.818078931	8.655560538
12.68192107	8.655560538
3.335038437	3.808269272
13.16496156	3.808269272
3.335038437	8.191730728
13.16496156	8.191730728
9.729504233	8.661302731
6.770495767	3.338697269
6.770495767	8.661302731
9.729504233	3.338697269
6.178938706	3.661714138
10.32106129	8.338285862
6.178938706	8.338285862
10.32106129	3.661714138
5.585899735	3.661737243
10.91410027	8.338262757
5.585899735	8.338262757
10.91410027	3.661737243
4.992860304	3.661758649
11.5071397	8.338241351
4.992860304	8.338241351
11.5071397	3.661758649
4.406686984	3.669050742
12.09331302	8.330949258
12.09331302	3.669050742
4.406686984	8.330949258
9.135911184	8.66141456
7.364088816	3.33858544
7.364088816	8.66141456
9.135911184	3.33858544
7.957681765	3.338473406
8.542318235	8.661526594
8.542318235	3.338473406
7.957681765	8.661526594
3.33465544	5.994083676
3.337975901	6.605420918
13.16201482	7.605486493
12.83798518	7.005486493
12.83798518	6.405486493
12.83798518	5.805486493
12.82676915	5.21317038
3.325396683	4.366804764
13.17460332	4.366804764
3.684782609	5.158695652
12.62962232	3.690745184
3.870377679	3.690745184
3.861510124	8.308805417
12.63848988	8.308805417
3.691730789	7.649144472
3.31	7.65
3.31	7.15
3.685258141	7.140739549
13.18097501	4.660702179
3.30044137	4.66593105
3.680975007	5.460702179
3.640158066	3.86623804
12.85984193	3.86623804
3.634008035	8.141912963
12.86599197	8.141912963
12.77105263	4.255263158
3.728947368	4.255263158
12.77371012	4.744604487
3.728947368	4.744736842
3.277021965	5.543701924
3.308932328	5.015867356
4.089622642	3.240713479
12.41037736	3.240713479
4.089622642	8.759286521
12.41037736	8.759286521
4.687448685	3.275195057
11.81255132	8.724804943
11.81255132	3.275195057
4.687448685	8.724804943
8.25	8.264200561
8.25	3.735799439
5.281141568	3.275148648
11.21885843	3.275148648
5.281141568	8.724851352
11.21885843	8.724851352
7.656976744	3.759824811
8.843023256	8.240175189
7.656976744	8.240175189
8.843023256	3.759824811
10.62516547	3.275101369
5.874834528	8.724898631
5.874834528	3.275101369
10.62516547	8.724898631
7.063953488	3.759891207
9.436046512	8.240108793
7.063953488	8.240108793
9.436046512	3.759891207
10.03154827	3.256905426
6.468451728	8.743094574
10.03154827	8.743094574
6.468451728	3.256905426
6.473102964	3.724696691
10.02689704	8.275303309
6.473102964	8.275303309
10.02689704	3.724696691
9.436038911	8.743128234
9.436038911	3.256871766
7.063961089	3.256871766
7.063961089	8.743128234
5.879316111	3.748101951
10.62068389	8.251898049
5.879316111	8.251898049
10.62068389	3.748101951
8.84262241	8.747950892
8.84262241	3.252049108
7.65737759	3.252049108
7.65737759	8.747950892
5.286287793	3.748158192
11.21371221	8.251841808
5.286287793	8.251841808
11.21371221	3.748158192
4.693259358	3.748213477
11.80674064	8.251786523
4.693259358	8.251786523
11.80674064	3.748213477
8.25	3.274805127
8.25	8.725194873
12.74	7.9
3.759930556	7.900347222
13.31078117	4.09863126
3.189218827	4.09863126
3.76420892	6.3
3.217330899	6.3
13.26	5.5
13.26	6.1
13.26	6.7
12.72229922	7.302690845
13.26	7.3
13.26	7.9
12.73464441	6.701098431
12.73464441	6.101098431
12.73464441	5.501098431
3.194711233	6.894679285
3.188685172	7.902043369
3.805824195	6.892035732
12.34559929	3.795998945
4.154400708	3.795998945
4.148127951	8.207159903
12.35187205	8.207159903
13.25665722	4.916713893
3.756657221	5.716713893
3.57304682	3.248979023
12.92695318	3.248979023
3.57304682	8.751020977
12.92695318	8.751020977
3.24760797	3.584455846
13.25239203	3.584455846
3.24760797	8.415544154
13.25239203	8.415544154
3.287547395	7.398857501
3.775995179	7.401152156
12.74590384	5.010067434
3.204808413	5.776623324
3.776304086	4.034008192
12.72369591	4.034008192
3.779739454	4.978960545
12.63817386	4.5
3.861826137	4.5
3.138173863	5.3
3.175333548	4.871088975
12.97001032	4.702101783
3.526579246	4.703762536
3.467775793	5.501670753
12.97239241	4.310772699
3.527607593	4.310772699
3.485868164	5.131796635
3.912596631	3.507939207
12.58740337	3.507939207
3.907592205	8.48994126
12.5924078	8.48994126
13.30922665	4.51316453
3.188924392	4.507164429
3.810043796	5.314027925
13.30015082	3.199841707
3.199849185	3.199841707
3.199849185	8.800158293
13.30015082	8.800158293
4.26774041	3.172046716
12.23225959	3.172046716
4.26774041	8.827953284
12.23225959	8.827953284
11.63779558	3.177025118
4.86220442	8.822974882
4.86220442	3.177025118
11.63779558	8.822974882
11.04392182	3.177070121
5.456078182	8.822929879
11.04392182	8.822929879
5.456078182	3.177070121
9.853683031	3.172221916
6.646316969	8.827778084
9.853683031	8.827778084
6.646316969	3.172221916
10.45004784	3.17711417
6.049952159	8.82288583
10.45004784	8.82288583
6.049952159	3.17711417
9.259361381	3.172176853
7.240638619	8.827823147
9.259361381	8.827823147
7.240638619	3.172176853
3.821060944	8.091098423
12.6789306	8.091084429
8.665338316	3.171448577
7.834661684	8.828551423
8.665338316	8.828551423
7.834661684	3.171448577
6.056385895	3.828677842
10.4436141	8.171322158
6.056385895	8.171322158
10.4436141	3.828677842
5.463352528	3.828697124
11.03664747	8.171302876
5.463352528	8.171302876
11.03664747	3.828697124
11.629681	3.828715541
4.870319	8.171284459
4.870319	3.828715541
11.629681	8.171284459
13.32051935	7.499977555
3.17768243	6.494485568
3.176341948	6.104839511
12.67902525	6.900070959
12.67902525	6.300070959
12.67902525	5.700070959
9.819529856	3.497747739
6.680470144	8.502252261
9.819529856	8.502252261
6.680470144	3.497747739
9.225970601	3.497287896
9.225970601	8.502712104
7.274029399	8.502712104
7.274029399	3.497287896
8.632578852	3.497189278
8.632578852	8.502810722
7.867421148	8.502810722
7.867421148	3.497189278
10.41201385	3.502528679
6.087986154	8.497471321
10.41201385	8.497471321
6.087986154	3.502528679
11.00512	3.502520032
5.494880001	8.497479968
11.00512	8.497479968
5.494880001	3.502520032
11.59822616	3.502508817
4.901773845	8.497491183
11.59822616	8.497491183
4.901773845	3.502508817
12.18641134	3.503641525
4.313588661	8.496358475
12.18641134	8.496358475
4.313588661	3.503641525
3.494688358	6.087450784
3.495785418	6.512937107
13.00335898	7.512948037
12.99622658	6.913322998
12.99622658	6.313322998
12.99622658	5.713322998
12.96312434	5.07841618
8.667745113	8.17229141
7.832254887	3.82770859
7.832254887	8.17229141
8.667745113	3.82770859
8.42703827	3.825779352
8.07296173	3.825779352
8.07296173	8.174220648
8.42703827	8.174220648
7.239229317	3.827734764
9.260770683	8.172265236
7.239229317	8.172265236
9.260770683	3.827734764
9.020060134	8.170768807
7.479939866	3.829231193
7.479939866	8.170768807
9.020060134	3.829231193
6.646514124	3.822723312
9.853485876	8.177276688
6.646514124	8.177276688
9.853485876	3.822723312
9.613037589	8.171459831
6.886962411	3.828540169
6.886962411	8.171459831
9.613037589	3.828540169
12.67141611	7.722195809
13.31709436	5.701358206
13.31709436	6.301358206
13.31709436	6.901358206
3.817613076	6.501328201
3.816220492	6.095639679
12.67930195	7.498474612
13.31763147	7.099883518
13.31763147	6.499883518
13.31763147	5.899883518
13.31877754	5.300130117
3.823318536	6.693504838
13.32469252	5.079465863
3.825692102	5.879184155
3.509080629	7.694042592
3.50920587	7.103922427
6.291035762	3.174025158
10.20896424	8.825974842
6.291035762	8.825974842
10.20896424	3.174025158
5.697172985	3.176677737
10.80282701	8.823322263
5.697172985	8.823322263
10.80282701	3.176677737
11.39670062	8.823263124
5.103299383	3.176736876
5.103299383	8.823263124
11.39670062	3.176736876
11.99065857	8.82390952
11.99065857	3.17609048
4.509341434	8.82390952
4.509341434	3.17609048
12.18064657	3.825093939
4.318307975	8.175432535
4.319353434	3.825093939
12.18169203	8.175432535
9.628624685	8.499968549
6.871375315	3.500031451
6.871375315	8.499968549
9.628624685	3.500031451
4.489487827	3.50130349
12.01051217	8.49869651
12.01051217	3.50130349
4.489487827	8.49869651
5.092314684	3.500170938
11.40768532	8.499829062
5.092314684	8.499829062
11.40768532	3.500170938
9.035590993	8.499990808
7.464409007	3.500009192
7.464409007	8.499990808
9.035590993	3.500009192
5.68534249	3.500139803
10.81465751	8.499860197
5.68534249	8.499860197
10.81465751	3.500139803
6.278369385	3.500106378
10.22163061	8.499893622
6.278369385	8.499893622
10.22163061	3.500106378
8.057441746	3.499984551
8.442558254	8.500015449
8.442558254	3.499984551
8.057441746	8.500015449
3.169081468	3.901929124
13.33091853	3.901929124
13.32360787	8.090307833
3.168975457	8.098254554
12.57331829	3.173937871
3.926681707	8.826062129
12.57331829	8.826062129
3.926681707	3.173937871
4.524254659	3.827389966
11.97589469	8.172685244
4.524105308	8.172685244
11.97574534	3.827389966
5.110295604	3.826843702
11.3897044	8.173156298
5.110295604	8.173156298
11.3897044	3.826843702
5.703326937	3.826815746
10.79667306	8.173184254
5.703326937	8.173184254
10.79667306	3.826815746
6.296466367	3.823451628
10.20353363	8.176548372
6.296466367	8.176548372
10.20353363	3.823451628
3.501331754	5.907674162
3.5	6.707333333
13.00730747	7.693072932
13.00008806	6.494759736
12.99440788	5.295538837
13	7.107333333
13.00008806	5.894759736
8.073350161	3.174905618
8.426649839	8.825094382
8.073350161	8.825094382
8.426649839	3.174905618
7.481123936	3.173459179
9.018876064	8.826540821
7.481123936	8.826540821
9.018876064	3.173459179
6.887145291	3.174220164
9.612854709	8.825779836
6.887145291	8.825779836
9.612854709	3.174220164
12.68084824	5.904877848
12.68084824	6.504877848
12.68192366	7.097989628
12.67819322	5.311333556
13.31845997	7.704735963
3.177113604	6.695687609
3.41175937	4.51450785
13.08746788	4.511610904
3.590115223	5.313199856
12.95936433	3.417418554
3.540635666	3.417418554
3.540635666	8.582581446
12.95936433	8.582581446
13.08851515	3.646329641
3.411484852	3.646329641
3.411484852	8.353670359
13.08851515	8.353670359
3.150345575	3.738930848
13.34965443	3.738930848
3.150324373	8.261105887
13.34819229	8.259516543
12.76783343	3.168036676
3.732166568	8.831963324
12.76783343	8.831963324
3.732166568	3.168036676
3.410072897	3.177443319
13.0899271	3.177443319
3.410072897	8.822556681
13.0899271	8.822556681
3.481909637	3.922095855
13.01809036	3.922095855
13.31604326	3.419586666
3.183956744	3.419586666
3.487252911	8.079748059
13.02349109	8.077470376
3.183956744	8.580413334
13.31604326	8.580413334
3.169862768	4.29703392
13.32991712	4.297748217
12.65017324	5.146914274
3.832524162	7.252350195
3.156687309	7.244187558
3.162103533	5.934316617
3.850747703	3.872709193
12.6492523	3.872709193
4.191517088	3.354076165
12.30848291	3.354076165
4.191517088	8.645923835
12.30848291	8.645923835
3.833130582	7.741143943
3.169870796	7.715093213
3.725318272	3.501900716
12.77468173	3.501900716
3.723051019	8.492068319
12.77694898	8.492068319
11.67367473	3.358708555
4.826325274	8.641291445
4.826325274	3.358708555
11.67367473	8.641291445
11.08033095	3.358681885
5.419669046	8.641318115
11.08033095	8.641318115
5.419669046	3.358681885
3.168175113	7.068736574
3.825617226	7.080575311
10.48698712	3.358653188
6.013012875	8.641346812
10.48698712	8.641346812
6.013012875	3.358653188
13.14616686	5.643386195
13.14616686	6.243386195
13.14616686	6.843386195
3.645346303	6.157182643
3.646496611	6.442853062
12.84899203	7.442822699
9.892301253	3.64154141
6.607698747	8.35845859
9.892301253	8.35845859
6.607698747	3.64154141
9.299389771	3.649028559
9.299389771	8.350971441
7.200610229	8.350971441
7.200610229	3.649028559
8.706216527	3.648961582
7.793783473	8.351038418
8.706216527	8.351038418
7.793783473	3.648961582
3.853685784	5.126403555
12.50860373	3.359320073
3.990970728	8.640499694
12.50902927	8.640499694
3.991396275	3.359320073
9.892667032	3.353186806
6.607332968	8.646813194
9.892667032	8.646813194
6.607332968	3.353186806
9.298388631	3.352602875
7.201611369	8.647397125
9.298388631	8.647397125
7.201611369	3.352602875
4.830014594	3.648385191
11.66998541	8.351614809
4.830014594	8.351614809
11.66998541	3.648385191
8.704823399	3.351430158
8.704823399	8.648569842
7.795176601	8.648569842
7.795176601	3.351430158
5.423060756	3.648344239
11.07693924	8.351655761
5.423060756	8.351655761
11.07693924	3.648344239
6.016106768	3.648301724
10.48389323	8.351698276
6.016106768	8.351698276
10.48389323	3.648301724
3.698551789	3.708952438
12.80144821	3.708952438
3.695698801	8.28895076
12.80430069	8.28894991
9.568978718	8.350253424
6.931021282	3.649746576
9.568978718	3.649746576
6.931021282	8.350253424
8.975886709	8.350161575
7.524113291	3.649838425
8.975886709	3.649838425
7.524113291	8.350161575
8.116785449	3.644727288
8.383214551	3.644727288
8.383214551	8.355272712
8.116785449	8.355272712
13.33224193	4.760898756
3.831360046	5.558468444
3.13551015	4.7
12.85324398	7.783708861
13.14752629	7.16144337
13.14704658	6.559378605
13.14704658	5.959378605
13.14550298	5.360301894
3.653450654	6.797099801
6.336634333	3.35388687
10.16336567	8.64611313
6.336634334	8.64611313
10.16336567	3.35388687
5.743323748	3.358093387
10.75667625	8.641906613
5.743323748	8.641906613
10.75667625	3.358093387
4.561109859	3.649337429
11.93892001	8.350677613
11.93889014	3.649337429
4.561079988	8.350677613
5.153328421	3.647508017
11.34667158	8.352491983
5.153328421	8.352491983
11.34667158	3.647508017
5.74635845	3.64745615
10.75364155	8.35254385
5.74635845	8.35254385
10.75364155	3.64745615
6.339561531	3.642066103
10.16043847	8.357933897
6.339561531	8.357933897
10.16043847	3.642066103
8.117694734	3.357629399
8.382305266	8.642370601
8.117694734	8.642370601
8.382305266	3.357629399
5.149995663	3.358149876
11.35000434	8.641850124
5.149995663	8.641850124
11.35000434	3.358149876
13.14917863	7.443682417
3.344730058	6.442568719
3.343578457	6.157274794
12.84907896	6.84444573
12.84907896	5.64444573
12.84907896	6.24444573
3.33837905	4.190051302
13.16158426	4.190170352
12.50979798	8.162519015
3.990201507	8.162519865
7.525148034	3.352418668
8.974851966	8.647581332
7.525148034	8.647581332
8.974851966	3.352418668
11.94530909	8.64171578
11.94530909	3.35828422
4.554690913	3.35828422
4.554690913	8.64171578
6.931663277	3.353582614
9.568336723	8.646417386
6.931663277	8.646417386
9.568336723	3.353582614
13.14268105	5.009449821
12.85021585	6.561694455
12.8463056	5.364678195
12.85021585	5.961694455
12.84844161	7.16270006
13.1590113	7.759159859
3.346861369	6.798807675
3.624952057	5.006090146
3.630096857	7.801673611
12.4489011	3.66859845
4.0510989	3.66859845
4.044102266	8.334043181
12.45589765	8.33404304
3.849363539	7.536842298
3.153483638	7.552790143
3.343611578	7.811565025
3.653934866	6.988304127
3.361703394	6.994750888
3.44104641	7.540376945
3.4416597	7.259978938
3.626258556	7.29871828
3.360875127	4.821041201
12.65228992	4.85458992
3.647572307	5.813438867
3.625181183	7.503134894
13.13456308	4.812620893
3.643725211	5.621581462
12.26781384	3.660549034
4.230482009	8.340204175
4.232186158	3.660549034
12.26951798	8.340204158
12.6307987	4.309291806
3.8692013	4.309291806
3.869451522	4.690405996
12.64298732	4.683258609
3.135935299	5.487369614
3.15269829	5.097766515
12.99043871	3.767105304
3.50956129	3.767105304
3.629850438	7.986142616
12.87	7.986059766
3.511599626	8.236023512
12.99131354	8.233236021
13.16889259	3.993336778
3.331103045	3.993322605
13.16386695	8.030402569
3.332595598	8.00714555
3.605408094	4.01468638
12.89459191	4.01468638
12.85436633	4.882061275
3.348898172	5.676379413
3.143058872	5.64984559
13.12113618	3.495470581
3.378863818	3.495470581
3.378863818	8.504529419
13.12113618	8.504529419
4.014296046	3.848905307
12.48570395	3.848905307
3.359771842	5.825832239
12.6343013	4.156314307
3.865698696	4.156314307
12.78784614	4.412979014
3.712153856	4.412979014
3.713008145	4.592345595
12.7889395	4.590855512
3.288927697	5.389095704
3.29375	5.199642756
3.64765157	4.862379574
3.67217998	3.346782555
12.82782002	3.346782555
3.671948628	8.652602041
12.82805137	8.652602041
3.856670654	4.843121679
13.39424527	4.902971601
3.894251398	5.702830409
3.62925467	4.147482323
12.87074533	4.147482323
4.089622642	3.099975225
12.41037736	3.099975225
4.089622642	8.900024775
12.41037736	8.900024775
8.25	8.111391273
8.25	3.888608727
4.684977657	3.11830892
11.81502234	3.11830892
4.684977657	8.88169108
11.81502234	8.88169108
7.656976744	3.900249215
8.843023256	8.099750785
7.656976744	8.099750785
8.843023256	3.900249215
11.22089619	3.118387392
5.279103812	8.881612608
5.279103812	3.118387392
11.22089619	8.881612608
7.063953488	3.900288036
9.436046512	8.099711964
7.063953488	8.099711964
9.436046512	3.900288036
10.62678204	3.118365237
5.873217958	8.881634763
5.873217958	3.118365237
10.62678204	8.881634763
6.471400626	3.881646329
10.02859937	8.118353671
6.471400627	8.118353671
10.02859937	3.881646329
10.03266456	3.107382915
6.467335437	8.892617085
10.03266456	8.892617085
6.467335437	3.107382915
5.878183321	3.895250356
10.62181668	8.104749644
5.878183321	8.104749644
10.62181668	3.895250356
5.285158854	3.8952833
11.21484115	8.1047167
5.285158854	8.1047167
11.21484115	3.8952833
9.438111991	8.892636179
9.438111991	3.107363821
7.061888009	3.107363821
7.061888009	8.892636179
4.692498305	3.895342745
11.80750947	8.10466117
4.692490529	8.10466117
11.8075017	3.895342745
8.844017774	8.895173019
8.844017774	3.104826981
7.655982226	3.104826981
7.655982227	8.895173019
8.25	3.11770553
8.25	8.88229447
3.900792334	7.9
3.099169576	3.099989699
13.40083042	8.900010301
3.099169576	8.900010301
13.40083042	3.099989699
12.59916667	7.9
3.099924592	3.299920854
3.191902964	3.309714187
3.091978372	3.409793333
13.40802163	3.409793333
13.30809704	3.309714187
13.40007541	3.299920854
13.40007541	8.700079146
13.30809704	8.690285813
13.40802163	8.590206667
3.091978372	8.590206667
3.191902964	8.690285813
3.099924592	8.700079146
3.099924592	3.199920854
13.40007541	8.800079146
3.099924592	8.800079146
13.40007541	3.199920854
13.3010188	3.099920854
13.2019622	3.099920854
3.198981196	8.900079146
3.2980378	8.900079146
13.2019622	8.900079146
13.3010188	8.900079146
3.2980378	3.099920854
3.198981196	3.099920854
13.19503896	3.188642513
13.09685034	3.088721659
3.304961041	8.811357487
3.403149656	8.911278341
13.09685034	8.911278341
13.19503896	8.811357487
3.403149656	3.088721659
3.304961041	3.188642513
13.40539059	4.14931563
13.40539059	4.04931563
3.094609414	4.04931563
3.094609414	4.14931563
3.097355616	6.847339642
3.097355616	6.947339642
3.094342586	7.851021684
3.094342586	7.951021684
3.902912097	6.946017866
3.902912097	6.846017866
3.88210446	6.35
3.88210446	6.25
3.10866545	6.25
3.10866545	6.35
13.38	5.55
13.38	5.45
13.38	6.15
13.38	6.05
12.61114961	7.251345423
12.61114961	7.351345423
13.38	6.75
13.38	6.65
13.38	7.35
13.38	7.25
12.61732221	6.650549215
12.61732221	6.750549215
12.61732221	6.050549215
12.61732221	6.150549215
13.38	7.95
13.38	7.85
12.61732221	5.450549215
12.61732221	5.550549215
4.172901185	8.103579952
4.069164729	8.184839884
4.093937963	8.081259933
12.40606178	8.081259508
12.43083501	8.184839459
12.32709882	8.103579952
3.395297185	4.969271761
3.334903727	4.918454279
3.421268584	4.871858683
3.483765103	5.0272364
3.397400246	5.073831996
12.78633649	5.111618907
12.85451409	5.044241807
12.89494674	5.14579328
12.80013508	4.946064354
12.90874533	4.980238727
3.995100753	8.081259933
12.50489899	8.081259508
13.41612096	4.680449378
13.32073429	4.637031643
13.40461333	4.556582265
3.915680023	5.479234222
3.820701921	5.436248184
3.905021898	5.357013962
3.091978372	3.509793333
3.215782357	3.502021256
3.123803985	3.592227923
13.37619602	3.592227923
13.28421764	3.502021256
13.40802163	3.509793333
12.99779374	3.088721659
13.00844014	3.213211171
12.91630678	3.124489512
3.583693221	3.124489512
3.491559859	3.213211171
3.50220626	3.088721659
3.50220626	8.911278341
3.491559859	8.786788829
3.583693221	8.875510488
12.91630678	8.875510488
13.00844014	8.786788829
12.99779374	8.911278341
3.123803985	8.407772077
3.215782357	8.497978744
3.091978372	8.490206667
13.40802163	8.490206667
13.28421764	8.497978744
13.37619602	8.407772077
3.784464734	3.699848811
3.71193503	3.605426577
3.797847975	3.59632295
12.70215202	3.59632295
12.78806497	3.605426577
12.71553527	3.699848811
3.792280572	8.400436868
3.70937491	8.39050954
3.778604462	8.298878088
12.72139528	8.298877663
12.79062483	8.390509115
12.70771943	8.400436868
3.818957451	3.504919961
3.891487155	3.599342195
12.60851285	3.599342195
12.68104255	3.504919961
3.884551164	8.399373338
3.815321612	8.49100479
12.68467839	8.49100479
12.61544884	8.399373338
3.37582985	7.204989469
3.364603547	7.329418219
3.298773697	7.274428751
3.087666774	4.935544487
3.164015919	4.984427745
3.076349145	5.048883257
3.222117352	7.321522529
3.233343654	7.197093779
12.9921419	4.990502012
12.9377629	4.892324559
3.179540798	4.19783259
3.084931384	4.24851696
13.41495856	4.248874109
13.32034915	4.198189739
3.084935398	7.757546607
3.179277984	7.808568291
8.841940795	8.624980235
8.773722904	8.698260367
8.77304129	8.575289709
7.658059205	3.375019765
7.726277096	3.301739633
7.72695871	3.424710291
7.726958711	8.575289709
7.726277096	8.698260367
7.658059205	8.624980235
8.773041289	3.424710291
8.773722904	3.301739633
8.841940795	3.375019765
9.435349994	8.622517906
9.367213771	8.695262679
9.366524854	8.574652351
7.064650005	3.377482094
7.132786229	3.304737321
7.133475146	3.425347649
7.133475146	8.574652351
7.132786229	8.695262679
7.064650006	8.622517906
9.366524854	3.425347649
9.367213771	3.304737321
9.435349994	3.377482094
6.46969098	3.378633552
6.537892348	3.305046116
6.5391316	3.426774242
10.03030902	8.621366448
9.962107652	8.694953884
9.9608684	8.573225758
6.5391316	8.573225758
6.537892348	8.694953884
6.46969098	8.621366448
9.9608684	3.426774242
9.962107652	3.305046116
10.03030902	3.378633552
5.947006873	3.574393866
5.947711439	3.698201837
5.878611544	3.62429398
10.55299313	8.425606134
10.55228856	8.301798163
10.62138846	8.37570602
5.878611544	8.37570602
5.94771144	8.301798163
5.947006873	8.425606134
10.62138846	3.62429398
10.55228856	3.698201837
10.55299313	3.574393866
5.353972238	3.574476422
5.354674275	3.698251216
5.285585757	3.624383399
11.14602776	8.425523578
11.14532573	8.301748784
11.21441424	8.375616601
5.285585757	8.375616601
5.354674275	8.301748784
5.353972238	8.425523578
11.21441424	3.624383399
11.14532573	3.698251216
11.14602776	3.574476422
3.385170286	7.400262508
3.462226438	7.330823226
4.76093753	3.57455733
4.761636976	3.698299334
4.692559912	3.624471473
11.73906247	8.42544267
11.73836302	8.301700666
11.80744009	8.375528527
4.692559912	8.375528527
4.761636976	8.301700666
4.76093753	8.42544267
11.80744009	3.624471473
11.73836302	3.698299334
11.73906247	3.57455733
9.5014989	8.574162481
9.502187817	8.69477281
9.502187817	3.30522719
9.5014989	3.425837519
6.997812183	8.69477281
6.9985011	8.574162481
6.9985011	3.425837519
6.997812183	3.30522719
8.908055573	8.574795454
8.908737188	8.697766112
8.908737188	3.302233888
8.908055573	3.425204546
7.591262812	8.697766112
7.591944427	8.574795454
7.591944427	3.425204546
7.591262812	3.302233888
4.623275689	3.429506845
4.621069799	3.316739639
4.689654575	3.387962264
11.87672431	8.570493155
11.8789302	8.683260361
11.81034543	8.612037736
11.81034543	3.387962264
11.8789302	3.316739639
11.87672431	3.429506845
4.689654575	8.612037736
4.621069799	8.683260361
4.623275689	8.570493155
4.75688698	3.316951806
4.75909287	3.429719013
11.74311302	8.683048194
11.74090713	8.570280987
4.75909287	8.570280987
4.75688698	8.683048194
11.74090713	3.429719013
11.74311302	3.316951806
8.316152633	3.428803845
8.25	3.387391709
8.316152633	3.316217263
8.183847367	3.428803845
8.183847367	3.316217263
8.183847367	8.571196155
8.25	8.612608291
8.183847367	8.683782737
8.316152633	8.571196155
8.316152633	8.683782737
4.105985232	3.924452653
4.084348377	3.822452126
4.176037563	3.897999472
12.32396244	3.897999472
12.41565162	3.822452126
12.39401477	3.924452653
5.217439692	3.429379241
5.215568615	3.316649262
5.283012645	3.387878627
11.28256031	8.570620759
11.28443138	8.683350738
11.21698736	8.612121373
5.283012645	8.612121373
5.215568615	8.683350738
5.217439692	8.570620759
11.21698736	3.387878627
11.28443138	3.316649262
11.28256031	3.429379241
5.350405307	3.316915266
5.352276384	3.429645245
11.14959469	8.683084734
11.14772362	8.570354755
5.352276384	8.570354755
5.350405307	8.683084734
11.14772362	3.429645245
11.14959469	3.316915266
6.405245882	3.571213891
6.472016598	3.612529185
6.406332248	3.683381397
10.09475412	8.428786109
10.0279834	8.387470815
10.09366775	8.316618603
6.406332248	8.316618603
6.472016598	8.387470815
6.405245882	8.428786109
10.09366775	3.683381397
10.0279834	3.612529185
10.09475412	3.571213891
5.810615362	3.429289698
5.809079138	3.316597378
5.876370752	3.387793689
10.68938464	8.570710302
10.69092086	8.683402622
10.62362925	8.612206311
5.876370752	8.612206311
5.809079138	8.683402622
5.810615362	8.570710302
10.62362925	3.387793689
10.69092086	3.316597378
10.68938464	3.429289698
5.81283728	3.69777905
5.812132713	3.573971079
10.68716272	8.30222095
10.68786729	8.426028921
5.812132713	8.426028921
5.81283728	8.30222095
10.68786729	3.573971079
10.68716272	3.69777905
5.943923701	3.316877278
5.945459926	3.429569598
10.5560763	8.683122722
10.55454007	8.570430402
5.945459926	8.570430402
5.943923701	8.683122722
10.55454007	3.429569598
10.5560763	3.316877278
13.41025967	7.449988777
13.29025967	7.399988777
3.088170974	6.152419755
3.196836424	6.202419755
3.197506665	6.397242784
3.088841215	6.447242784
12.70683483	6.800584695
12.58951262	6.850035479
12.70683483	6.200584695
12.58951262	6.250035479
12.70683483	5.600584695
12.58951262	5.650035479
10.09745697	3.305396148
10.09621772	3.427124274
6.403782283	3.427124274
6.402543031	3.305396148
6.402543031	8.694603852
6.403782283	8.572875726
10.09621772	8.572875726
10.09745697	8.694603852
5.219808107	3.697833105
5.219106071	3.574058311
11.28019189	8.302166895
11.28089393	8.425941689
5.219106071	8.425941689
5.219808107	8.302166895
11.28089393	3.574058311
11.28019189	3.697833105
8.25	8.382111135
8.316607276	8.309736637
8.316607276	8.42764721
8.183392724	8.42764721
8.183392724	8.309736637
8.25	3.617888865
8.183392724	3.690263363
8.183392724	3.57235279
8.316607276	3.57235279
8.316607276	3.690263363
4.627184608	3.698775453
4.626485162	3.575033449
11.87283033	8.301232068
11.87352977	8.424974072
4.626470227	8.424974072
4.627169673	8.301232068
11.87351484	3.575033449
11.87281539	3.698775453
7.657858782	3.628907617
7.590545018	3.704831618
7.591427056	3.573914424
8.842141218	8.371092383
8.909454982	8.295168382
8.908572944	8.426085576
7.591427056	8.426085576
7.590545018	8.295168382
7.657858782	8.371092383
8.908572944	3.573914424
8.909454982	3.704831618
8.842141218	3.628907617
7.726262146	3.573476003
7.725380109	3.704393196
8.773737854	8.426523997
8.774619891	8.295606804
7.725380109	8.295606804
7.726262147	8.426523997
8.774619891	3.704393196
8.773737853	3.573476003
7.064646205	3.628991815
6.997487385	3.704818891
6.998180102	3.573919499
9.435353795	8.371008185
9.502512615	8.295181109
9.501819898	8.426080501
6.998180102	8.426080501
6.997487385	8.295181109
7.064646205	8.371008185
9.501819898	3.573919499
9.502512615	3.704818891
9.435353795	3.628991815
7.132974576	3.573560491
7.132281859	3.704459883
9.367025424	8.426439509
9.367718141	8.295540117
7.132281859	8.295540117
7.132974576	8.426439509
9.367718141	3.704459883
9.367025424	3.573560491
6.53931449	3.570951544
6.540400856	3.683119051
9.96068551	8.429048456
9.959599144	8.316880949
6.540400856	8.316880949
6.53931449	8.429048456
9.959599144	3.683119051
9.96068551	3.570951544
13.40854718	5.650679103
13.28854718	5.600679103
13.40854718	6.250679103
13.28854718	6.200679103
13.40854718	6.850679103
13.28854718	6.800679103
3.908806538	6.450664101
3.790910998	6.400664101
3.790214706	6.197819839
3.908110246	6.147819839
12.70080059	7.400582729
12.58965098	7.449237306
13.28881573	7.199941759
13.40881573	7.149941759
13.28881573	6.599941759
13.40881573	6.549941759
13.28881573	5.999941759
13.40881573	5.949941759
13.28938877	5.400065058
13.40938877	5.350065058
3.814571365	6.792770285
3.911659268	6.746752419
3.912808613	7.040287655
3.81572071	6.986305521
3.181443173	6.981707929
3.084087556	7.034368287
13.32084985	4.000280192
13.41545927	3.950964562
3.084540734	3.950964562
3.179150148	4.000280192
13.24510083	4.586933355
13.25660847	4.710800467
12.24148607	3.91254697
12.26312293	3.810546442
4.236877071	3.810546442
4.258513926	3.91254697
4.257991197	8.087716268
4.233217963	8.191296219
12.26678204	8.191296219
12.2420088	8.087716268
13.41180393	8.045153917
13.29180393	7.995153917
3.745509402	5.387365052
3.756167527	5.509585312
3.178830315	8.000148961
3.084487729	8.049127277
13.15363712	7.896251953
13.21193348	7.965201284
13.1055706	7.961453238
3.35610327	6.3
3.280454678	6.228637397
3.419227049	6.228637397
3.419802849	6.371284359
3.281030479	6.371284359
12.92329615	6.773347749
12.79186168	6.77277208
12.86607888	6.7016741
13.13	7.3
13.20458931	7.371841208
13.07458931	7.371841208
12.92329615	6.173347749
12.79186168	6.17277208
12.86607888	6.1016741
12.92329615	5.573347749
12.79186168	5.57277208
12.86607888	5.5016741
12.92422081	7.23135003
12.86114961	7.301345423
12.78537041	7.232695453
13.10314278	7.825831883
13.20950565	7.829579929
12.79243013	6.631396443
12.9238646	6.631972112
12.79243013	6.031396443
12.9238646	6.031972112
12.79047501	5.432888313
12.92190948	5.433463982
12.59096183	7.148994814
12.70211144	7.200340237
12.59042412	6.552438924
12.70774633	6.60298814
12.59042412	5.952438924
12.70774633	6.00298814
12.58909661	5.355666778
12.70641882	5.406215994
13.28922999	7.802367982
13.40922999	7.752367982
3.088556802	6.747843804
3.185912419	6.795183447
13.07150816	5.431275831
13.20275149	5.430150947
13.12875668	5.501124884
13.07227996	6.630814187
13.20352329	6.629689302
13.12875668	6.701124884
13.07227996	6.030814187
13.20352329	6.029689302
13.12875668	6.101124884
13.07376315	7.230721685
13.20376315	7.230721685
3.570686126	6.371426531
3.62954228	6.3
3.705352765	6.371426531
3.570110972	6.228591321
3.704777611	6.228591321
12.92449601	7.371411349
12.78564562	7.372756772
13.20308343	5.571693097
13.07184011	5.572817982
13.20308343	6.171693097
13.07184011	6.172817982
13.20308343	6.771693097
13.07184011	6.772817982
12.75454712	3.869473617
12.72535025	3.790830816
12.83064507	3.787595239
3.669354927	3.787595239
3.774649746	3.790830816
3.745452884	3.869473617
3.087666774	4.835544487
3.461919793	7.47102223
3.364296902	7.469617223
3.298773697	7.524428751
3.375523205	7.595188472
3.230815309	5.056816935
3.242132938	4.943478166
3.663253096	3.084018338
3.652606694	3.20850785
12.84739331	3.20850785
12.8367469	3.084018338
3.652606694	8.79149215
3.663253096	8.915981662
12.8367469	8.915981662
12.84739331	8.79149215
3.078343654	7.322093779
3.143773697	7.399428751
3.887997589	7.400576078
3.80425967	7.326751176
3.916262081	7.326175098
3.268104338	4.846065088
3.198976772	3.661693347
3.075172787	3.669465424
13.42482721	3.669465424
13.30102323	3.661693347
3.075162186	8.330552944
3.198966171	8.33832502
13.30029216	8.337530348
13.42409615	8.329758272
12.34995528	3.429814287
12.40854332	3.356698119
12.45001568	3.432436242
4.049984318	3.432436242
4.091456681	3.356698119
4.150044724	3.429814287
4.150044724	8.570185713
4.091243908	8.643211765
4.049771544	8.567473642
12.45022846	8.567473642
12.40875609	8.643211765
12.34995528	8.570185713
3.695013706	7.851010417
3.731613719	7.771408777
3.796530569	7.820745583
12.62295192	5.005033717
12.69803854	5.078490854
12.57508662	5.073457137
3.256741187	7.763329119
3.266148375	7.856804197
13.40922999	7.652367982
13.31948966	7.602356759
13.41025967	7.549988777
12.58951262	6.350035479
12.67993674	6.402474404
12.59042412	6.452438924
12.58951262	5.750035479
12.67993674	5.802474404
12.59042412	5.852438924
12.58951262	6.950035479
12.68047445	6.999030293
12.59096183	7.048994814
3.088841215	6.547242784
3.177398017	6.595086588
3.088556802	6.647843804
9.794766044	3.086110958
9.73326887	3.17322104
9.674351883	3.087110082
6.705233956	8.913889042
6.76673113	8.82677896
6.825648117	8.912889918
9.674351883	8.912889918
9.73326887	8.82677896
9.794766044	8.913889042
6.825648117	3.087110082
6.76673113	3.17322104
6.705233956	3.086110958
9.200435408	3.086088426
9.139118723	3.172818016
9.080192749	3.08672959
7.299564592	8.913911574
7.360881277	8.827181984
7.419807251	8.91327041
7.419807251	3.08672959
7.360881277	3.172818016
7.299564592	3.086088426
9.080192749	8.91327041
9.139118723	8.827181984
9.200435408	8.913911574
8.606254064	3.085724288
8.545994078	3.173177097
8.486909825	3.087452809
7.893745936	8.914275712
7.954005922	8.826822903
8.013090175	8.912547191
8.013090175	3.087452809
7.954005922	3.173177097
7.893745936	3.085724288
8.486909825	8.912547191
8.545994078	8.826822903
8.606254064	8.914275712
3.462870853	3.292084814
3.556841243	3.333198789
3.446665276	3.376304579
13.05333472	3.376304579
12.94315876	3.333198789
13.03712915	3.292084814
3.446665276	8.623695421
3.556841243	8.666801211
3.462870853	8.707915186
13.03712915	8.707915186
12.94315876	8.666801211
13.05333472	8.623695421
10.26455751	3.911725814
10.32357387	3.826064735
10.38459775	3.914338921
6.235442486	8.088274186
6.176426131	8.173935265
6.11540225	8.085661079
10.38459775	8.085661079
10.32357387	8.173935265
10.26455751	8.088274186
6.11540225	3.914338921
6.176426131	3.826064735
6.235442486	3.911725814
10.85763886	3.913407873
10.91666027	3.827756435
10.97762606	3.914348562
5.642361143	8.086592127
5.583339732	8.172243565
5.522373938	8.085651438
10.97762606	8.085651438
10.91666027	8.172243565
10.85763886	8.086592127
5.522373938	3.914348562
5.583339732	3.827756435
5.642361143	3.913407873
11.45066615	3.913421851
11.5096927	3.827779622
11.57065445	3.91435777
5.049333848	8.086578149
4.990307302	8.172220378
4.929345546	8.08564223
11.57065445	8.08564223
11.5096927	8.172220378
11.45066615	8.086578149
4.929345546	3.91435777
4.990307302	3.827779622
5.049333848	3.913421851
12.45949054	3.300016776
12.35943014	3.297394822
4.040296685	8.699893107
4.140569865	8.702605178
4.140569865	3.297394822
4.040509458	3.300016776
12.35943014	8.702605178
12.45970332	8.699893107
3.381383892	3.256316962
13.11861611	3.256316962
3.381383892	8.743683038
13.11861611	8.743683038
3.813525895	3.953358692
3.708231076	3.950123116
12.79176892	3.950123116
12.68647411	3.953358692
3.291323203	3.696362559
3.329546411	3.615392744
3.373261645	3.727299457
13.12673836	3.727299457
13.17045359	3.615392744
13.2086768	3.696362559
3.373261645	8.272700543
3.329546411	8.384607256
3.291323203	8.303637441
13.2086768	8.303637441
13.17045359	8.384607256
13.12673836	8.272700543
3.242692006	3.77360006
13.25730799	3.77360006
3.92468177	7.468421149
3.812679359	7.468997227
3.220515517	7.475823822
3.076741819	7.476395071
3.242681405	8.226418308
13.25657693	8.225623636
13.24575069	4.243959285
13.23618272	4.144400806
3.263798939	4.144341281
3.254120909	4.243542611
3.231741819	7.601395071
3.762430685	7.695144208
3.660913823	7.725409042
3.326805789	7.730782513
3.239935398	7.682546607
4.448066944	3.08804524
4.388540922	3.174068598
4.327266432	3.086023358
12.05193306	8.91195476
12.11145908	8.825931402
12.17273357	8.913976642
12.17273357	3.086023358
12.11145908	3.174068598
12.05193306	3.08804524
4.327266432	8.913976642
4.388540922	8.825931402
4.448066944	8.91195476
5.042215729	3.088368438
4.982751902	3.176880997
4.921668248	3.088512559
11.45778427	8.911631562
11.5172481	8.823119003
11.57833175	8.911487441
4.921668248	8.911487441
4.982751902	8.823119003
5.042215729	8.911631562
11.57833175	3.088512559
11.5172481	3.176880997
11.45778427	3.088368438
5.636322342	3.088338869
5.576625584	3.176873929
5.51577494	3.08853506
10.86367766	8.911661131
10.92337442	8.823126071
10.98422506	8.91146494
5.51577494	8.91146494
5.576625584	8.823126071
5.636322342	8.911661131
10.98422506	3.08853506
10.92337442	3.176873929
10.86367766	3.088338869
6.230423541	3.087012579
6.17049396	3.175569664
6.10988174	3.088557085
10.26957646	8.912987421
10.32950604	8.824430336
10.39011826	8.911442915
6.10988174	8.911442915
6.17049396	8.824430336
6.230423541	8.912987421
10.39011826	3.088557085
10.32950604	3.175569664
10.26957646	3.087012579
3.417765978	4.144319699
3.334741048	4.091686954
3.414127976	4.045955351
13.08586984	4.045962437
13.16523843	4.091753565
13.08221568	4.144379224
8.60712837	8.086145705
8.547391691	8.173256029
8.486774949	8.087110324
7.89287163	3.913854295
7.952608308	3.826743971
8.013225051	3.912889676
8.013225051	8.087110324
7.952608309	8.173256029
7.89287163	8.086145705
8.486774949	3.912889676
8.547391691	3.826743971
8.60712837	3.913854295
9.200152783	8.086132618
9.140415408	8.171517021
9.079797509	8.085384403
7.299847217	3.913867382
7.359584592	3.828482979
7.420202491	3.914615597
7.420202491	8.085384403
7.359584592	8.171517021
7.299847217	8.086132618
9.079797509	3.914615597
9.140415408	3.828482979
9.200152783	3.913867382
9.793022008	8.088638344
9.733261732	8.17436826
9.672797864	8.085729916
6.706977992	3.911361656
6.766738268	3.82563174
6.827202136	3.914270084
6.827202136	8.085729916
6.766738268	8.17436826
6.706977992	8.088638344
9.672797864	3.914270084
9.733261732	3.82563174
9.793022008	3.911361656
12.63943731	3.781727188
3.860562691	3.781727188
12.58965098	7.549237306
12.67535903	7.610335211
12.58570806	7.661097904
13.40881573	7.049941759
13.31736292	7.000620862
13.40854718	6.950679103
13.40881573	5.849941759
13.31736292	5.800620862
13.40854718	5.750679103
13.40881573	6.449941759
13.31736292	6.400620862
13.40854718	6.350679103
3.911659268	6.646752419
3.820465806	6.59741652
3.908806538	6.550664101
12.57614496	4.92729496
12.69909688	4.932328677
12.42016437	3.58707543
12.35835747	3.664573742
12.32962074	3.583050722
4.076337313	8.414245386
4.137292138	8.337123678
4.169527185	8.417325883
12.33047281	8.417325874
12.36270781	8.337123599
12.42366264	8.414245315
4.170379259	3.583050722
4.141642529	3.664573742
4.07983563	3.58707543
3.495425054	4.508348515
3.469683481	4.412640274
3.553349166	4.406480939
12.94665083	4.406480939
13.02993015	4.411191802
13.00418857	4.506900042
3.426502138	4.338788732
3.368578026	4.440656307
13.1310356	4.439207834
13.07349786	4.338788732
3.416297799	7.953572775
3.338103588	7.909355288
3.421805789	7.855782513
3.637448916	5.235947754
3.537991694	5.222498246
3.585325386	5.145246144
3.453388713	5.216992908
3.505512242	5.307694518
3.300341881	4.51083614
3.257160537	4.436984597
13.24191499	4.439984647
13.19834727	4.512387717
3.244682881	4.58654774
3.35610037	4.59021945
13.13422145	4.586156542
12.73847119	5.180042327
3.747413202	5.236361789
3.70007951	5.31361389
3.635545115	5.386951017
12.87186022	4.723353135
12.91218833	4.792081529
12.81403823	4.813332881
3.372398879	5.522686338
3.408336982	5.589025083
3.312960068	5.610040669
13.16809379	4.278487558
13.25226022	4.332276491
3.247629725	4.331919342
3.331887866	4.278428033
13.24126708	7.552732024
13.24023739	7.655111228
12.75941671	6.455182171
12.75850522	6.352778726
12.75995442	7.05173806
12.75850522	6.952778726
12.75941671	5.855182171
12.75850522	5.752778726
3.257544753	6.650554263
3.257829165	6.549953243
9.671179471	3.256458716
9.791593632	3.255459592
9.791593632	8.744540408
9.671179471	8.743541284
6.828820529	8.743541284
6.708406368	8.744540408
6.708406368	3.255459592
6.828820529	3.256458716
9.077393624	3.25602231
9.197636283	3.255381147
7.422606376	8.74397769
7.302363717	8.744618853
7.302363717	3.255381147
7.422606376	3.25602231
9.197636283	8.744618853
9.077393624	8.74397769
8.484484037	3.256689512
8.603828275	3.254960991
8.015515963	8.743310488
7.896171725	8.745039009
7.896171725	3.254960991
8.015515963	3.256689512
8.603828275	8.745039009
8.484484037	8.743310488
10.3823377	3.74519599
10.26229746	3.742582883
6.117662301	8.25480401
6.237702537	8.257417117
10.26229746	8.257417117
10.3823377	8.25480401
6.237702536	3.742582883
6.117662301	3.74519599
10.97537387	3.745217183
10.85538666	3.744276495
5.524626131	8.254782817
5.644613336	8.255723505
10.85538666	8.255723505
10.97537387	8.254782817
5.644613336	3.744276495
5.524626131	3.745217183
11.56841035	3.745237095
11.44842205	3.744301176
4.931589652	8.254762905
5.051577954	8.255698824
11.44842205	8.255698824
11.56841035	8.254762905
5.051577954	3.744301176
4.931589652	3.745237095
3.102404206	5.788311662
3.183455973	5.85546997
3.081051766	5.867158309
3.758379872	8.190024591
3.841285534	8.19995192
12.65871024	8.199944923
12.74161564	8.190017169
3.655758348	7.219728915
3.567732213	7.201320354
3.597232006	7.122330988
3.260160936	4.045976933
13.23983688	4.045984019
3.72753449	8.116505693
3.664853418	8.215431861
12.83514633	8.215431436
12.77246128	8.116498696
3.533959128	7.279348609
3.475432785	7.181950683
4.331528283	3.25507466
4.452328795	3.257096542
12.16847172	8.74492534
12.04767121	8.742903458
12.04767121	3.257096542
12.16847172	3.25507466
4.452328795	8.742903458
4.331528283	8.74492534
4.925271688	3.257554716
5.04581917	3.257410595
11.57472831	8.742445284
11.45418083	8.742589405
5.04581917	8.742589405
4.925271689	8.742445284
11.45418083	3.257410595
11.57472831	3.257554716
5.51871997	3.257566069
5.639267372	3.257369877
10.98128003	8.742433931
10.86073263	8.742630123
5.639267372	8.742630123
5.51871997	8.742433931
10.86073263	3.257369877
10.98128003	3.257566069
6.112168359	3.25757494
6.232710161	3.256030434
10.38783164	8.74242506
10.26728984	8.743969566
6.232710161	8.743969566
6.112168359	8.74242506
10.26728984	3.256030434
10.38783164	3.25757494
12.56908693	4.45
12.56908693	4.55
3.930913068	4.55
3.930913068	4.45
3.069086932	5.25
3.069086932	5.35
4.18930498	8.273682039
4.096115109	8.270601542
12.30670657	3.728273989
12.3972502	3.732298697
12.40388485	8.270601471
12.31069501	8.273682031
4.102749804	3.732298697
4.193293433	3.728273989
7.892889327	8.255098301
8.013242749	8.256062921
8.607110672	3.744901699
8.486757251	3.743937079
8.486757251	8.256062921
8.607110673	8.255098301
8.013242749	3.743937079
7.892889327	3.744901699
9.079780057	8.254316151
9.200135332	8.255064366
7.420219943	3.745683849
7.299864668	3.744935634
7.299864668	8.255064366
7.420219943	8.254316151
9.200135332	3.744935634
9.079780057	3.745683849
9.672780658	8.254641101
9.793004802	8.25754953
6.827219342	3.745358899
6.706995198	3.74245047
9.793004802	3.74245047
9.672780658	3.745358899
6.706995198	8.25754953
6.827219342	8.254641101
4.007148023	3.924452653
12.49285198	3.924452653
12.75570806	7.661097904
12.75965098	7.549237306
13.23854718	6.950679103
13.23881573	7.049941759
13.23854718	5.750679103
13.23881573	5.849941759
13.23854718	6.350679103
13.23881573	6.449941759
3.738806538	6.550664101
3.741659268	6.646752419
12.04019825	3.913694983
12.07819595	3.826241953
12.14264886	3.91254697
4.459727073	8.086342622
4.421206642	8.17405889
4.356828406	8.087716268
12.14317159	8.087716268
12.07879336	8.17405889
12.04027293	8.086342622
4.357351136	3.91254697
4.421804047	3.826241953
4.459801748	3.913694983
13.41612096	4.780449378
3.915680023	5.579234222
12.99558489	4.802344813
13.40938877	5.250065058
13.32173503	5.18979799
13.41234626	5.139732931
3.908110246	6.047819839
3.820956297	5.987411917
3.912846051	5.939592077
3.424449086	5.688189707
3.483887896	5.600835377
3.577457494	6.844249158
3.65369276	6.892701964
3.577699601	6.939851321
3.260640385	7.954594459
3.071529436	5.724922795
3.173933643	5.713234457
3.282290127	5.801227781
3.260937687	5.880074428
3.481586874	3.616397837
3.395174335	3.570900111
3.465276357	3.540968307
13.03472364	3.540968307
13.10482566	3.570900111
13.01841313	3.616397837
3.465276357	8.459031693
3.395174335	8.429099889
3.481586874	8.383602163
13.01841313	8.383602163
13.10482566	8.429099889
13.03472364	8.459031693
3.347213641	5.909957957
3.248379486	5.964200147
3.600405709	7.671593532
3.567130906	7.598588743
3.658455986	7.576139683
3.459749742	3.456444567
3.546162281	3.501942293
12.95383772	3.501942293
13.04025026	3.456444567
3.546162281	8.498057707
3.459749742	8.543555433
13.04025026	8.543555433
12.95383772	8.498057707
3.632976969	3.459659635
3.638503584	3.544183375
12.86149642	3.544183375
12.86702303	3.459659635
3.637369958	8.452801143
3.631843343	8.537324883
12.86815666	8.537324883
12.86263004	8.452801143
4.228209828	3.086023358
12.27179017	3.086023358
4.228209828	8.913976642
12.27179017	8.913976642
11.67738836	3.088512559
4.822611644	8.911487441
4.822611644	3.088512559
11.67738836	8.911487441
11.08328166	3.08853506
5.416718336	8.91146494
11.08328166	8.91146494
5.416718336	3.08853506
9.893822648	3.086110958
6.606177352	8.913889042
9.893822648	8.913889042
6.606177352	3.086110958
3.627763307	4.724249689
3.619793695	4.648054066
3.720977757	4.668541218
12.78132481	4.66773
12.87947491	4.646478647
10.48917486	3.088557085
6.010825136	8.911442915
10.48917486	8.911442915
6.010825136	3.088557085
9.299492011	3.086088426
7.200507989	8.913911574
9.299492011	8.913911574
7.200507989	3.086088426
8.705310667	3.085724288
7.794689333	8.914275712
8.705310667	8.914275712
7.794689333	3.085724288
3.282974831	5.466398814
3.378351745	5.445383229
3.47506352	7.617209769
3.533113796	7.521755919
6.016565041	3.914338921
10.48343496	8.085661079
6.016565041	8.085661079
10.48343496	3.914338921
5.423536729	3.914348562
11.07646327	8.085651438
5.423536729	8.085651438
11.07646327	3.914348562
4.830508337	3.91435777
11.66949166	8.08564223
4.830508337	8.08564223
11.66949166	3.91435777
3.688299469	4.803558208
3.587115408	4.783071055
8.11206226	8.087110324
8.11206226	3.912889676
8.38793774	8.087110324
8.38793774	3.912889676
7.79403442	3.913854295
8.70596558	8.086145705
7.79403442	8.086145705
8.70596558	3.913854295
7.519039701	3.914615597
8.980960299	8.085384403
7.519039701	8.085384403
8.980960299	3.914615597
7.201010007	3.913867382
9.298989993	8.086132618
7.201010007	8.086132618
9.298989993	3.913867382
6.926039345	3.914270084
9.573960655	8.085729916
6.926039345	8.085729916
9.573960655	3.914270084
6.608140783	3.911361656
9.891859217	8.088638344
6.608140783	8.088638344
9.891859217	3.911361656
3.571862605	5.660790731
3.645648759	5.717510164
3.573786154	5.756719433
3.088170974	6.052419755
13.40461333	4.456582265
3.094462196	4.453582215
3.094462196	4.553582215
13.24075432	5.141528305
13.23779683	5.251860432
3.741215102	5.941003453
3.736479297	6.049231215
6.329480145	3.087012579
10.17051985	8.912987421
6.329480145	8.912987421
10.17051985	3.087012579
3.905021898	5.257013962
5.735378946	3.088338869
10.76462105	8.911661131
5.735378946	8.911661131
10.76462105	3.088338869
11.35872767	8.911631562
5.141272333	3.088368438
11.35872767	3.088368438
5.141272333	8.911631562
12.58570806	7.761097904
11.95287645	8.91195476
11.95287645	3.08804524
4.547123547	8.91195476
4.547123547	3.08804524
12.57508662	5.173457137
3.078343654	7.222093779
3.916262081	7.226175098
3.932849348	4.078157153
3.821001391	4.095161249
3.888152043	4.017004096
12.61184796	4.017004096
12.67899861	4.095161249
12.56715065	4.078157153
3.958623872	3.086968936
3.859567268	3.086968936
12.64043273	3.086968936
12.54137613	3.086968936
12.54137613	8.913031064
12.64043273	8.913031064
3.859567268	8.913031064
3.958623872	8.913031064
3.737272361	7.519988596
3.770547164	7.592993385
13.41545927	3.850964562
3.084540734	3.850964562
6.334279695	3.911725814
10.1657203	8.088274186
6.334279695	8.088274186
10.1657203	3.911725814
5.741198352	3.913407873
10.75880165	8.086592127
5.741198352	8.086592127
10.75880165	3.913407873
5.148171058	3.913421851
11.35182894	8.086578149
5.148171058	8.086578149
11.35182894	3.913421851
11.94136104	3.913694983
4.558638958	3.913694983
4.558564282	8.086342622
11.94143572	8.086342622
13.41180393	8.145153917
8.112146779	3.087452809
8.387853221	8.912547191
8.112146779	8.912547191
8.387853221	3.087452809
3.606407823	3.382100554
3.698749126	3.424341636
12.80125087	3.424341636
12.89359218	3.382100554
3.697499823	8.57233518
3.606292147	8.617591743
12.89370785	8.617591743
12.80250018	8.57233518
7.518863855	3.08672959
8.981136145	8.91327041
7.518863855	8.91327041
8.981136145	3.08672959
3.084487729	8.149127277
9.575295279	8.912889918
6.924704721	3.087110082
6.924704721	8.912889918
9.575295279	3.087110082
3.762309699	3.084018338
12.7376903	3.084018338
12.7376903	8.915981662
3.762309699	8.915981662
12.13697979	3.74707234
12.03452918	3.748220354
4.362497479	8.253190897
4.465396146	8.251817251
12.03460385	8.251817251
12.13750252	8.253190897
4.465470822	3.748220354
4.363020209	3.74707234
12.58909661	5.255666778
13.42482721	3.769465424
3.075172787	3.769465424
3.075162186	8.230552944
13.42409615	8.229758272
3.72987953	6.94016993
3.729637424	6.844567767
3.417993597	5.950878919
3.498010056	5.997562473
3.414671899	6.04076723
3.416880659	6.559179012
3.497892709	6.61013522
3.41898795	6.656377125
3.57571323	6.045136767
3.579034928	5.955248457
3.58	6.653666667
3.577892709	6.556468554
12.91710588	6.359404746
12.99815732	6.404041367
12.91903662	6.450123114
12.92167949	7.556474018
13.00533322	7.603010484
12.92365373	7.646536466
13.08466114	7.649279713
13.0826869	7.559217265
12.91710588	5.759404746
12.99815732	5.804041367
12.91903662	5.850123114
12.91710588	6.959404746
12.99811329	7.010328166
12.91899259	7.056409913
12.97876611	5.186977509
12.91058851	5.254354609
13.08004403	6.447379868
13.07811329	6.356661499
13.075612	5.249564792
13.05997023	5.141003464
13.08004403	5.847379868
13.07811329	5.756661499
13.08	7.053666667
13.07811329	6.956661499
3.79049575	7.995722822
3.725455691	8.038620519
3.694890497	7.943244919
12.805	7.943029883
12.7744653	8.038572097
12.7094653	7.995542214
9.680574206	3.58110454
9.72407727	3.498889595
9.776026792	3.579962684
6.819425794	8.41889546
6.77592273	8.501110405
6.723973208	8.420037316
9.776026792	8.420037316
9.72407727	8.501110405
9.680574206	8.41889546
6.723973208	3.579962684
6.77592273	3.498889595
6.819425794	3.58110454
9.087545487	3.581072848
9.130780797	3.498648544
9.182735291	3.5797122
9.182735291	8.4202878
9.130780797	8.501351456
9.087545487	8.418927152
7.412454513	8.418927152
7.369219203	8.501351456
7.317264709	8.4202878
7.317264709	3.5797122
7.369219203	3.498648544
7.412454513	3.581072848
8.494517243	3.581039679
8.537568553	3.498586915
8.589527542	3.579642042
8.005482757	8.418960321
7.962431447	8.501413085
7.910472458	8.420357958
8.589527542	8.420357958
8.537568553	8.501413085
8.494517243	8.418960321
7.910472458	3.579642042
7.962431447	3.498586915
8.005482757	3.581039679
10.27134595	3.580910258
10.31682223	3.501317529
10.36653757	3.582121409
6.228654046	8.419089742
6.183177769	8.498682471
6.13346243	8.417878591
10.36653757	8.417878591
10.31682223	8.498682471
10.27134595	8.419089742
6.13346243	3.582121409
6.183177769	3.501317529
6.228654046	3.580910258
10.86437889	3.580938523
10.90988875	3.501329917
10.95961013	3.582128637
5.635621112	8.419061477
5.590111246	8.498670083
5.540389868	8.417871363
10.95961013	8.417871363
10.90988875	8.498670083
10.86437889	8.419061477
5.540389868	3.582128637
5.590111245	3.501329917
5.635621112	3.580938523
11.45741251	3.580964794
11.50295574	3.501339878
11.55268293	3.582133733
5.042587494	8.419035206
4.997044264	8.498660122
4.947317074	8.417866267
11.55268293	8.417866267
11.50295574	8.498660122
11.45741251	8.419035206
4.947317074	3.582133733
4.997044264	3.501339878
5.042587494	3.580964794
12.05191259	3.585177116
12.09846176	3.502472507
12.13986218	3.586346133
4.448087405	8.414822884
4.401538244	8.497527493
4.360137823	8.413653867
12.13986218	8.413653867
12.09846176	8.497527493
12.05191259	8.414822884
4.360137823	3.586346133
4.401538244	3.502472507
4.448087405	3.585177116
9.774517045	3.418222504
9.679064459	3.41936436
6.725482955	8.581777496
6.820935541	8.58063564
9.679064459	8.58063564
9.774517045	8.581777496
6.820935541	3.41936436
6.725482955	3.418222504
9.180940893	3.417936668
9.085751089	3.419297316
9.085751089	8.580702684
9.180940893	8.582063332
7.319059107	8.582063332
7.414248911	8.580702684
7.414248911	3.419297316
7.319059107	3.417936668
8.587448544	3.417831342
8.492438244	3.419228979
7.912551456	8.582168658
8.007561756	8.580771021
8.492438244	8.580771021
8.587448544	8.582168658
8.007561756	3.419228979
7.912551456	3.417831342
10.36881464	3.420282195
10.27362303	3.419071044
6.131185356	8.579717805
6.226376972	8.580928956
10.27362303	8.580928956
10.36881464	8.579717805
6.226376972	3.419071044
6.131185356	3.420282195
10.96187912	3.420291024
10.86664788	3.41910091
5.53812088	8.579708976
5.633352124	8.58089909
10.86664788	8.58089909
10.96187912	8.579708976
5.633352124	3.41910091
5.538120879	3.420291024
11.5549436	3.420296566
11.45967318	3.419127626
4.945056401	8.579703434
5.04032682	8.580872374
11.45967318	8.580872374
11.5549436	8.579703434
5.04032682	3.419127626
4.945056401	3.420296566
12.14554759	3.420872065
12.05759801	3.419703047
4.354452408	8.579127935
4.442401991	8.580296953
12.05759801	8.580296953
12.14554759	8.579127935
4.442401991	3.419703047
4.354452408	3.420872065
3.912808613	7.140287655
3.084087556	7.134368287
3.925373851	3.936354597
12.57462615	3.936354597
3.829070694	7.166462753
3.162431211	7.156462066
13.31957189	4.405456374
13.41495856	4.348874109
3.084931384	4.34851696
3.17939358	4.402099175
13.0287391	4.606856344
12.94545979	4.602145481
3.552834992	4.602975858
3.469169308	4.609135193
13.07549266	4.681401981
3.413510308	4.684846793
13.22372796	3.267516156
3.276272035	3.267516156
3.276272035	8.732483844
13.22372796	8.732483844
3.268325815	3.377388635
13.23167418	3.377388635
3.268325815	8.622611365
13.23167418	8.622611365
3.631929237	8.064027789
3.5743754	5.481186466
3.528945508	5.407435304
3.444342527	5.401929966
12.86799598	8.063986364
3.700588181	7.452143525
13.07786128	4.857604368
13.13862206	4.911035357
13.08192026	4.956018832
12.95863712	7.939281836
12.86162199	7.884884313
12.95025911	7.838106384
13.41234626	5.039732931
3.912846051	5.839592077
3.889869727	4.989480273
3.818205054	4.911041112
3.928335327	4.92156084
3.625120343	3.647709236
3.604056539	3.738028871
3.530625093	3.676785669
12.96937491	3.676785669
12.89594346	3.738028871
12.87487966	3.647709236
3.69085609	4.024347286
3.62278308	3.94046221
12.87721692	3.94046221
12.80914391	4.024347286
3.926842892	5.063201777
3.816712619	5.05268205
3.531644261	8.324778739
3.603649213	8.262487136
3.623693848	8.351242363
12.87630589	8.351241938
12.89780711	8.261092966
12.96981232	8.323384994
3.866961458	7.820571972
3.830361445	7.900173611
3.720550612	4.334121086
3.619880724	4.361875857
3.62827748	4.283017929
12.87172252	4.283017929
12.88011928	4.361875857
12.77944939	4.334121086
12.56539935	4.354645903
12.63448628	4.404645903
3.865513718	4.404645903
3.93460065	4.354645903
12.64058059	4.591629304
12.57149366	4.641629304
3.934725761	4.645202998
3.86563883	4.595202998
3.679101019	4.20137274
3.702779378	4.090745257
3.752625727	4.144635675
12.74737427	4.144635675
12.79722062	4.090745257
12.82089898	4.20137274
4.272035335	8.418281325
4.211080511	8.495403033
12.22711259	3.582095279
12.28891949	3.504596967
12.28891949	8.495403033
12.22796466	8.418281316
4.211080511	3.504596967
4.27288741	3.582095279
3.137054581	5.393684807
3.06796765	5.443684807
3.076349145	5.148883257
3.145436076	5.198883257
3.389809082	5.165719696
3.301341164	5.107755056
5.982946565	3.501507344
6.052046461	3.575415201
10.51705343	8.498492656
10.44795354	8.424584799
6.052046461	8.424584799
5.982946565	8.498492656
10.44795354	3.575415201
10.51705343	3.501507344
3.646049442	4.547267387
12.85492438	4.546522346
12.55766314	3.769825245
12.46730253	3.758751878
12.53926171	3.679671817
3.960738289	3.679671817
4.032697473	3.758751878
3.942336862	3.769825245
5.389881861	3.501564319
5.458970378	3.575432135
11.11011814	8.498435681
11.04102962	8.424567865
5.458970378	8.424567865
5.389881861	8.498435681
11.04102962	3.575432135
11.11011814	3.501564319
3.797323032	4.205788732
12.70267697	4.205788732
4.796817155	3.501619143
4.865894219	3.575447004
11.70318285	8.498380857
11.63410578	8.424552996
4.865894219	8.424552996
4.796817155	8.498380857
11.63410578	3.575447004
11.70318285	3.501619143
7.831298874	3.424309718
7.763080984	3.497589851
8.668701126	8.575690282
8.736919016	8.502410149
7.763080984	8.502410149
7.831298874	8.575690282
8.736919016	3.497589851
8.668701125	3.424309718
3.354918479	5.345642442
3.702114764	5.76507638
3.700191216	5.669147677
3.081051766	5.967158309
3.504120644	4.813219351
3.564656806	4.892527869
7.237820384	3.424945386
7.16968416	3.497690159
9.262179616	8.575054614
9.33031584	8.502309841
7.16968416	8.502309841
7.237820384	8.575054614
9.33031584	3.497690159
9.262179616	3.424945386
6.643901556	3.425467272
6.575700188	3.499054709
9.856098444	8.574532728
9.924299812	8.500945291
6.575700188	8.500945291
6.643901556	8.574532728
9.924299812	3.499054709
9.856098444	3.425467272
3.431583864	6.943074702
3.354282382	6.896779282
3.424162852	6.845103095
3.419133408	6.122362789
3.494781999	6.193725392
3.495330529	6.406468554
3.420257738	6.477752913
12.99686997	6.807786383
12.92265277	6.878884364
12.99686997	5.607786383
12.92265277	5.678884364
12.99686997	6.207786383
12.92265277	6.278884364
13.0762688	7.478315227
13.00167949	7.406474018
3.406506341	3.95770923
3.489531272	4.010341976
13.01046873	4.010341976
13.09349148	3.957716316
3.732261032	5.068828099
3.769234196	5.142549603
3.493626455	7.989874029
3.409924255	8.043446805
12.8543777	4.457584097
3.645622297	4.457584097
13.09367902	8.053936473
13.03538267	7.984987141
13.19966913	4.963081857
13.19561015	4.864667393
12.57614496	4.82729496
3.752161112	4.852750627
3.792809011	4.793929261
3.713695512	4.92067006
3.357329631	5.250915968
13.34028648	3.820429986
3.159713522	3.820429986
13.33590008	8.174912188
3.159649915	8.179680221
3.829424138	3.170987274
12.67057586	3.170987274
12.67057586	8.829012726
3.829424138	8.829012726
3.654867333	5.082392899
3.702345755	4.992525346
3.578431131	4.229127511
12.92156887	4.229127511
3.443727187	4.762401869
3.330658249	4.743486125
3.83186479	5.22021574
3.926842892	5.163201777
12.79662199	7.84185443
12.66418323	5.229123915
3.92468177	7.568421149
3.076741819	7.576395071
3.270786301	6.84674348
3.278207313	6.944715086
3.21797576	4.682965525
3.162217271	4.603582215
3.067755075	4.65
12.24744713	3.428858845
4.252552875	3.428858845
4.252552875	8.571141155
12.24744713	8.571141155
3.786989997	4.456489507
3.790677578	4.36113541
12.70932242	4.36113541
12.71301	4.456489507
11.63595044	3.430608686
4.864049559	8.569391314
4.864049559	3.430608686
11.63595044	8.569391314
12.71355668	4.545427756
12.71596341	4.63705706
3.791229834	4.641375796
3.787417141	4.546172797
8.153720873	8.500018578
8.087113597	8.42764408
8.346279127	3.499981422
8.412886403	3.57235592
8.412886403	8.42764408
8.346279127	8.500018578
8.087113597	3.57235592
8.153720873	3.499981422
11.04272548	3.430600958
5.457274524	8.569399042
11.04272548	8.569399042
5.457274524	3.430600958
9.005738851	8.425076192
8.938425087	8.501000192
7.494261149	3.574923808
7.561574913	3.498999808
7.561574913	8.501000192
7.494261149	8.425076192
8.938425087	3.498999808
9.005738851	3.574923808
9.598801701	8.425110987
9.531642881	8.500938063
6.901198299	3.574889013
6.968357119	3.499061937
6.968357119	8.500938063
6.901198299	8.425110987
9.531642881	3.499061937
9.598801701	3.574889013
3.21355078	5.344547852
3.212431498	5.438232659
3.223224145	5.148704635
3.215961932	5.249821378
10.44950049	3.430590933
6.050499514	8.569409067
10.44950049	8.569409067
6.050499514	3.430590933
3.932849348	4.178157153
12.56715065	4.178157153
6.374649809	3.500234028
6.307501859	3.426996624
10.12535019	8.499765972
10.19249814	8.573003376
6.307501859	8.573003376
6.374649809	8.499765972
10.19249814	3.426996624
10.12535019	3.500234028
10.71837527	8.499687094
10.78566688	8.570883405
5.781624733	3.500312906
5.714333119	3.429116595
5.714333119	8.570883405
5.781624733	8.499687094
10.78566688	3.429116595
10.71837527	3.500312906
11.37884483	3.429160407
11.3114008	3.500389772
5.121155173	8.570839593
5.188599202	8.499610228
11.3114008	8.499610228
11.37884483	8.570839593
5.188599202	3.500389772
5.121155173	3.429160407
11.97791063	3.429793855
11.90932585	3.50101648
4.52208937	8.570206145
4.590674146	8.49898352
11.90932585	8.49898352
11.97791063	8.570206145
4.590674146	3.50101648
4.52208937	3.429793855
12.93027572	7.738390896
13.02729086	7.792788419
3.959038991	3.266628972
4.008152174	3.207325675
12.49184783	3.207325675
12.54096101	3.266628972
4.008152174	8.792674325
3.958826217	8.733280911
12.54117378	8.733280911
12.49184783	8.792674325
3.860926639	7.995549211
3.872380319	3.259188667
3.904737603	3.351879768
12.5952624	3.351879768
12.62761968	3.259188667
3.90452483	8.648030116
3.872380319	8.740811333
12.62761968	8.740811333
12.59547517	8.648030116
12.9988007	6.598504752
13.07356732	6.52706917
13	7.203666667
13.07376315	7.134388352
12.99596062	5.398894303
13.06995543	5.327920366
12.9988007	5.998504752
13.07356732	5.92706917
8.66939769	8.42692457
7.83060231	3.57307543
7.830602311	8.42692457
8.669397689	3.57307543
3.500732167	6.799365924
3.576725327	6.752216567
9.262680186	8.426841773
7.237319814	3.573158227
7.237319814	8.426841773
9.262680186	3.573158227
3.071529436	5.624922795
12.63904863	7.995542214
12.66958333	7.9
6.644084446	3.569644574
9.855915554	8.430355426
6.644084446	8.430355426
9.855915554	3.569644574
13.15776904	4.736661536
13.0522867	4.757361338
3.555750502	5.561626108
3.662350109	5.541141821
3.169222741	6.019578064
13.07119672	5.678354596
13.07119672	6.278354596
13.07119672	6.878354596
3.571141014	6.477895085
3.57001733	6.122316713
12.9261755	7.477885368
13.32545125	4.909842747
13.3594689	4.991218732
13.29067487	4.998089878
13.44712264	4.9514858
3.82545431	5.709772151
3.85997175	5.791007282
3.791174662	5.797949024
3.947125699	5.751415204
3.928335327	4.82156084
13.06698834	4.250471526
12.98761975	4.204680398
3.51238025	4.204680398
3.432993321	4.250412001
3.57445203	5.860556514
3.500665877	5.803837081
3.910530472	8.045549211
3.950396167	7.95
12.54958333	7.95
12.5894653	8.045542214
3.264939253	7.031743731
3.239087556	7.109368287
3.335851697	7.072375444
3.669596503	7.064521838
3.739776046	7.034439719
3.755437683	7.11065743
4.010584496	3.506745808
3.951996453	3.43362964
12.54800355	3.43362964
12.4894155	3.506745808
3.949281466	8.565220477
4.008082283	8.492194425
12.49191772	8.492194425
12.55071853	8.565220477
13.23368678	5.044457842
13.14974858	5.106520284
13.05290269	5.043933
4.089622642	3.170344352
4.178681526	3.13601097
4.178681526	3.206380098
12.32131847	3.206380098
12.32131847	3.13601097
12.41037736	3.170344352
4.178681526	8.793619902
4.178681526	8.86398903
4.089622642	8.829655648
12.41037736	8.829655648
12.32131847	8.86398903
12.32131847	8.793619902
4.139150943	3.049987612
12.36084906	3.049987612
4.139150943	8.950012388
12.36084906	8.950012388
11.72517345	3.226110088
11.72640896	3.147667019
11.81378683	3.196751989
4.774826553	8.773889912
4.773591039	8.852332981
4.686213171	8.803248011
4.686213171	3.196751989
4.773591039	3.147667019
4.774826553	3.226110088
11.81378683	8.803248011
11.72640896	8.852332981
11.72517345	8.773889912
3.237887459	4.768510012
3.155421849	4.785544487
11.76600174	3.05915446
4.733998262	8.94084554
4.733998262	3.05915446
11.76600174	8.94084554
3.067755075	4.75
3.563203788	4.12303521
12.93679621	4.12303521
11.13139012	3.226109384
11.132409	3.147728756
11.21987731	3.19676802
5.368609875	8.773890616
5.367590997	8.852271244
5.28012269	8.80323198
11.21987731	8.80323198
11.132409	8.852271244
11.13139012	8.773890616
5.28012269	3.19676802
5.367590997	3.147728756
5.368609875	3.226109384
11.17176885	3.059193696
5.328231151	8.940806304
11.17176885	8.940806304
5.328231151	3.059193696
9.942615652	3.214563671
9.943173797	3.139802415
10.03210642	3.18214417
6.557384348	8.785436329
6.556826203	8.860197585
6.467893583	8.81785583
10.03210642	8.81785583
9.943173797	8.860197585
9.942615652	8.785436329
6.467893583	3.18214417
6.556826203	3.139802415
6.557384348	3.214563671
9.983313414	3.053691457
6.516686586	8.946308543
9.983313414	8.946308543
6.516686586	3.053691457
12.27037125	3.263061441
12.20658338	3.346089385
4.229628749	8.736938559
4.293416622	8.653910615
4.293416622	3.346089385
4.229628749	3.263061441
12.20658338	8.653910615
12.27037125	8.736938559
11.65573515	3.267866837
11.59266788	3.348396435
4.844264847	8.732133163
4.907332115	8.651603565
11.59266788	8.651603565
11.65573515	8.732133163
4.907332115	3.348396435
4.844264847	3.267866837
11.06212639	3.267876003
10.9994846	3.348371951
5.437873614	8.732123997
5.500515402	8.651628049
10.9994846	8.651628049
11.06212639	8.732123997
5.500515402	3.348371951
5.437873614	3.267876003
10.53760666	3.22610777
10.53841494	3.147739703
10.62597376	3.196733303
5.962393343	8.77389223
5.961585059	8.852260297
5.874026243	8.803266697
10.62597376	8.803266697
10.53841494	8.852260297
10.53760666	8.77389223
5.874026243	3.196733303
5.961585059	3.147739703
5.962393343	3.22610777
10.57754196	3.059182618
5.922458036	8.940817382
10.57754196	8.940817382
5.922458036	3.059182618
9.347700146	3.214524309
9.348736686	3.139770337
9.437075451	3.182117793
7.152299854	8.785475691
7.151263314	8.860229663
7.062924549	8.817882207
9.437075451	8.817882207
9.348736686	8.860229663
9.347700146	8.785475691
7.062924549	3.182117793
7.151263314	3.139770337
7.152299854	3.214524309
10.46851748	3.267883679
10.40630128	3.348344449
6.031482517	8.732116321
6.093698717	8.651655551
10.40630128	8.651655551
10.46851748	8.732116321
6.093698717	3.348344449
6.031482517	3.267883679
9.388867316	3.05368191
7.111132684	8.94631809
9.388867316	8.94631809
7.111132684	3.05368191
3.758891151	7.196544872
3.729391359	7.275534238
3.701126867	7.349935218
7.81301918	3.738335086
7.744615816	3.793766701
8.68698082	8.261664914
8.755384184	8.206233299
7.744615816	8.206233299
7.81301918	8.261664914
8.755384184	3.793766701
8.68698082	3.738335086
6.627106436	3.732132361
6.559808544	3.773710001
9.872893564	8.267867639
9.940191456	8.226289999
6.559808544	8.226289999
6.627106436	8.267867639
9.940191456	3.773710001
9.872893564	3.732132361
9.280080227	8.261618338
9.348408597	8.206187014
7.219919773	3.738381662
7.151591403	3.793812986
7.151591403	8.206187014
7.219919773	8.261618338
9.348408597	3.793812986
9.280080227	3.738381662
7.87365362	3.655528194
8.62634638	8.344471806
7.87365362	8.344471806
8.62634638	3.655528194
6.68758751	3.651859519
9.81241249	8.348140481
6.68758751	8.348140481
9.81241249	3.651859519
9.219444876	8.344417468
7.280555124	3.655582532
7.280555124	8.344417468
9.219444876	3.655582532
8.753980363	3.211748842
8.754678045	3.138137779
8.843320092	3.178438044
7.746019637	8.788251158
7.745321955	8.861862221
7.656679908	8.821561956
8.843320092	8.821561956
8.754678045	8.861862221
8.753980363	8.788251158
7.656679908	3.178438044
7.745321955	3.138137779
7.746019637	3.211748842
8.794650396	3.05241349
7.705349604	8.94758651
8.794650396	8.94758651
7.705349604	3.05241349
3.55541011	5.068943391
3.553307049	4.964383155
5.927463753	3.947625178
5.967284608	3.861964099
10.57253625	8.052374822
10.53271539	8.138035901
5.967284608	8.138035901
5.927463753	8.052374822
10.53271539	3.861964099
10.57253625	3.947625178
11.16556011	8.05235835
11.12574431	8.138009788
5.334439892	3.94764165
5.374255691	3.861990212
5.374255691	8.138009788
5.334439892	8.05235835
11.12574431	3.861990212
11.16556011	3.94764165
11.71859135	3.862029143
11.75840201	3.947671373
4.781404764	8.137972815
4.741594102	8.052330585
4.74159799	3.947671373
4.781408652	3.862029143
11.7584059	8.052330585
11.71859524	8.137972815
10.62125028	3.821676154
10.532149	3.788389897
5.878749716	8.178323846
5.967851003	8.211610103
10.532149	8.211610103
10.62125028	8.178323846
5.967851003	3.788389897
5.878749716	3.821676154
11.21427668	3.821720746
11.12517984	3.788427658
5.285723324	8.178279254
5.374820161	8.211572342
11.12517984	8.211572342
11.21427668	8.178279254
5.374820161	3.788427658
5.285723324	3.821720746
11.80712117	3.821778111
11.71821082	3.788464509
4.692874944	8.178223847
4.781789179	8.211535491
11.71821082	8.211535491
11.80712506	8.178223847
4.781789179	3.788464509
4.692878831	3.821778111
6.308965458	3.57108624
10.19103454	8.42891376
6.308965458	8.42891376
10.19103454	3.57108624
8.08756824	3.428806975
8.41243176	8.571193025
8.08756824	8.571193025
8.41243176	3.428806975
5.71585047	3.573797977
10.78414953	8.426202023
5.71585047	8.426202023
10.78414953	3.573797977
5.122821553	3.573839478
11.37717845	8.426160522
5.122821553	8.426160522
11.37717845	3.573839478
13.21858972	3.457528623
13.13422065	3.415330593
3.365779352	3.415330593
3.281410281	3.457528623
4.525298843	3.575320459
11.97471609	8.424687062
11.97470116	3.575320459
4.525283907	8.424687062
3.77512275	3.256238069
12.72487725	3.256238069
3.77512275	8.743761931
12.72487725	8.743761931
3.281410281	8.542471377
3.365779352	8.584669407
13.13422065	8.584669407
13.21858972	8.542471377
7.49477852	3.42621393
9.00522148	8.57378607
7.49477852	8.57378607
9.00522148	3.42621393
3.252059953	3.855099198
13.24794005	3.855099198
6.901519296	3.426807032
9.598480704	8.573192968
6.901519296	8.573192968
9.598480704	3.426807032
13.18676411	3.539963214
3.313235894	3.539963214
3.574859678	3.816671672
12.92514032	3.816671672
12.63529139	7.811097904
12.70570806	7.811097904
3.313235894	8.460036786
13.18676411	8.460036786
13.15308343	5.721693097
13.23163061	5.6723722
13.23163061	6.2723722
13.15308343	6.321693097
3.732054843	6.472090631
3.730783397	6.126411161
3.651042203	6.080002697
3.653248305	6.521426531
13.23163061	6.8723722
13.15308343	6.921693097
12.76414699	7.470648656
12.84449601	7.521411349
13.24428472	8.141019281
8.793604651	8.049875393
8.755384184	8.136021097
7.744615816	8.136021097
7.706395349	8.049875393
7.706395349	3.950124607
7.744615816	3.863978903
8.755384184	3.863978903
8.793604651	3.950124607
7.113372093	3.950144018
7.151591403	3.8640114
9.386627907	8.049855982
9.348408597	8.1359886
7.151591403	8.1359886
7.113372093	8.049855982
9.348408597	3.8640114
9.386627907	3.950144018
6.520584034	3.940823164
6.558957375	3.85218482
9.979415966	8.059176836
9.941042625	8.14781518
6.558957375	8.14781518
6.520584034	8.059176836
9.941042625	3.85218482
9.979415966	3.940823164
8.299418605	3.944304363
8.338519135	3.857194039
8.161480865	3.857194039
8.200581395	3.944304363
8.200581395	8.055695637
8.161480865	8.142805961
8.338519135	8.142805961
8.299418605	8.055695637
8.843023256	8.169962987
7.656976744	8.169962987
7.656976744	3.830037013
8.843023256	3.830037013
8.931541695	8.135259796
8.89244186	8.049875393
7.568458305	3.864740204
7.60755814	3.950124607
7.60755814	8.049875393
7.568458305	8.135259796
8.89244186	3.950124607
8.931541695	3.864740204
9.52454205	8.135585897
9.485465116	8.049855982
6.97545795	3.864414103
7.014534884	3.950144018
7.014534884	8.049855982
6.97545795	8.135585897
9.485465116	3.950144018
9.52454205	3.864414103
9.436046512	8.169910378
7.063953488	3.830089622
7.063953488	8.169910378
9.436046512	3.830089622
6.472251795	3.80317151
10.0277482	8.19682849
6.472251795	8.19682849
10.0277482	3.80317151
8.338519135	3.780789395
8.25	3.812204083
8.161480865	8.219210605
8.25	8.187795917
8.161480865	3.780789395
8.338519135	8.219210605
3.252006947	8.144992641
8.931541695	8.205471998
7.568458305	3.794528002
7.568458305	8.205471998
8.931541695	3.794528002
9.52454205	8.205784312
6.97545795	3.794215688
6.97545795	8.205784312
9.52454205	3.794215688
12.54958333	7.85
3.865337781	3.426189334
3.771698601	3.423170089
12.7283014	3.423170089
12.63466222	3.426189334
3.770564975	8.573814428
3.862835568	8.572750899
12.63716443	8.572750899
12.72943502	8.573814428
3.57280383	8.188968237
12.92865275	8.187574492
3.460523071	3.706717473
13.03947693	3.706717473
3.461542239	8.294846935
13.03991435	8.29345319
3.255498694	6.049461593
6.379743745	3.215465292
6.3791856	3.140704036
10.12025625	8.784534708
10.1208144	8.859295964
6.3791856	8.859295964
6.379743745	8.784534708
10.1208144	3.140704036
10.12025625	3.215465292
6.417629983	3.053691457
10.08237002	8.946308543
6.417629983	8.946308543
10.08237002	3.053691457
3.916565291	7.770571972
3.916565291	7.670571972
3.084935398	7.657546607
5.786003757	3.225889553
5.785195472	3.147521487
10.71399624	8.774110447
10.71480453	8.852478513
5.785195472	8.852478513
5.786003757	8.774110447
10.71480453	3.147521487
10.71399624	3.225889553
5.823401432	3.059182618
10.67659857	8.940817382
5.823401432	8.940817382
10.67659857	3.059182618
11.30777952	8.774057238
11.3087984	8.852437866
5.192220476	3.225942762
5.191201597	3.147562134
5.191201597	8.852437866
5.192220476	8.774057238
11.3087984	3.147562134
11.30777952	3.225942762
11.27082545	8.940806304
5.229174547	3.059193696
5.229174547	8.940806304
11.27082545	3.059193696
3.736632205	5.846311511
3.652155205	5.908130809
8.094873589	3.73525332
8.405126411	8.26474668
8.405126411	3.73525332
8.094873589	8.26474668
7.502026579	3.739534809
8.997973421	8.260465191
7.502026579	8.260465191
8.997973421	3.739534809
6.908991847	3.739143372
9.591008153	8.260856628
6.908991847	8.260856628
9.591008153	3.739143372
8.035154608	3.653411047
8.464845392	8.346588953
8.035154608	8.346588953
8.464845392	3.653411047
7.442306655	3.655987465
9.057693345	8.344012535
7.442306655	8.344012535
9.057693345	3.655987465
6.849248777	3.655962102
9.650751223	8.344037898
6.849248777	8.344037898
9.650751223	3.655962102
9.873175032	3.262704361
9.811085632	3.345942037
6.626824968	8.737295639
6.688914367	8.654057963
9.811085633	8.654057963
9.873175032	8.737295639
6.688914367	3.345942037
6.626824968	3.262704361
12.92515195	6.528227096
12.92035674	5.330108516
12.92422081	7.135016697
12.92515195	5.928227096
13.08315939	7.726116395
6.384784666	3.77407416
6.318013949	3.732758866
10.11521533	8.22592584
10.18198605	8.267241134
6.318013949	8.267241134
6.384784666	8.22592584
10.18198605	3.732758866
10.11521533	3.77407416
3.423430685	6.753070504
5.791321524	3.787458849
5.724842693	3.737135948
10.70867848	8.212541151
10.77515731	8.262864052
5.724842693	8.262864052
5.791321524	8.212541151
10.77515731	3.737135948
10.70867848	3.787458849
6.259250119	3.65189012
10.24074988	8.34810988
6.259250119	8.34810988
10.24074988	3.65189012
5.198291699	3.787500947
5.131812013	3.73717586
11.3017083	8.212499053
11.36818799	8.26282414
5.131812013	8.26282414
5.198291699	8.212499053
11.36818799	3.73717586
11.3017083	3.787500947
5.666129092	3.654596696
10.83387091	8.345403304
5.666129092	8.345403304
10.83387091	3.654596696
4.608757009	3.787801722
4.542682259	3.738363698
11.89131767	8.212235884
11.95740735	8.261681429
4.542592648	8.261681429
4.608682333	8.212235884
11.95731774	3.738363698
11.89124299	3.787801722
11.90160494	8.774357231
11.90284045	8.8528003
4.597159546	8.8528003
4.59839506	8.774357231
11.90284045	3.1471997
11.90160494	3.225642769
4.59839506	3.225642769
4.597159546	3.1471997
5.073094363	3.654633333
11.42690564	8.345366667
5.073094363	8.345366667
11.42690564	3.654633333
4.483898421	3.659194085
12.01611651	8.340813436
12.01610158	3.659194085
4.483883486	8.340813436
11.86505834	8.94084554
11.86505834	3.05915446
4.634941658	8.94084554
4.634941658	3.05915446
8.095522448	3.266267508
8.03768825	3.348051403
8.404477552	8.733732492
8.46231175	8.651948597
8.03768825	8.651948597
8.095522448	8.733732492
8.46231175	3.348051403
8.404477552	3.266267508
8.16167508	3.224855372
8.33832492	8.775144628
8.16167508	8.775144628
8.33832492	3.224855372
8.996864015	8.737061076
9.055381575	8.654497946
7.503135985	3.262938924
7.444618425	3.345502054
7.444618425	8.654497946
7.503135985	8.737061076
9.055381575	3.345502054
8.996864015	3.262938924
8.930749237	8.787245857
7.569250763	3.212754143
7.569250763	8.787245857
8.930749237	3.212754143
9.590595716	8.736098611
9.648920478	8.653860058
6.909404284	3.263901389
6.851079522	3.346139942
6.851079522	8.653860058
6.909404284	8.736098611
9.648920478	3.346139942
9.590595716	3.263901389
13.15559672	7.524584455
13.23484899	7.471829986
3.261206244	6.468527143
3.341352979	6.523994818
3.339116948	6.075679235
3.259960203	6.131057152
12.7640521	6.272258344
12.84353207	6.324966111
12.7640521	6.872258344
12.84353207	6.924966111
12.7640521	5.672258344
12.84353207	5.724966111
9.52444681	8.784454035
6.97555319	3.215545965
6.97555319	8.784454035
9.52444681	3.215545965
6.313835048	3.263956014
6.255509446	3.34596129
10.18616495	8.736043986
10.24449055	8.65403871
6.255509446	8.65403871
6.313835048	8.736043986
10.24449055	3.34596129
10.18616495	3.263956014
5.720248366	3.267385562
5.662342753	3.348077702
10.77975163	8.732614438
10.83765725	8.651922298
5.662342753	8.651922298
5.720248366	8.732614438
10.83765725	3.348077702
10.77975163	3.267385562
5.126647523	3.267443376
5.06916731	3.348117095
11.37335248	8.732556624
11.43083269	8.651882905
5.06916731	8.651882905
5.126647523	8.732556624
11.43083269	3.348117095
11.37335248	3.267443376
9.278875006	3.262389864
9.217149908	3.345594158
7.221124994	8.737610136
7.282850092	8.654405842
9.217149908	8.654405842
9.278875006	8.737610136
7.282850092	3.345594158
7.221124994	3.262389864
4.532016174	3.26718735
4.475003534	3.348193413
11.96798383	8.73281265
12.02499647	8.651806587
12.02499647	3.348193413
11.96798383	3.26718735
4.475003534	8.651806587
4.532016174	8.73281265
8.685080857	3.261439367
8.623570817	3.344951782
7.814919143	8.738560633
7.876429183	8.655048218
8.623570817	8.655048218
8.685080857	8.738560633
7.876429183	3.344951782
7.814919143	3.261439367
13.23340251	4.786759824
13.29444958	4.838806324
3.737542629	5.590024953
3.794008634	5.637591168
3.981847765	3.588268828
12.51815223	3.588268828
3.975847235	8.411992221
12.52415272	8.41199215
3.952806195	8.321424299
12.54719376	8.321424228
10.40247726	3.655007931
10.46375367	3.738489783
6.097522737	8.344992069
6.036246332	8.261510217
10.46375367	8.261510217
10.40247726	8.344992069
6.036246332	3.738489783
6.097522737	3.655007931
10.99551975	3.655040741
11.05679336	3.738520681
5.504480245	8.344959259
5.443206642	8.261479319
11.05679336	8.261479319
10.99551975	8.344959259
5.443206642	3.738520681
5.504480245	3.655040741
11.58856255	3.65507192
11.6498332	3.738550366
4.911437449	8.34492808
4.850166797	8.261449634
11.6498332	8.261449634
11.58856255	8.34492808
4.850166797	3.738550366
4.911437449	3.65507192
12.76233005	7.752952335
12.84662199	7.69185443
3.245978522	5.663112501
3.210040419	5.596773757
3.745129456	3.345611009
3.702173274	3.257409616
12.79782673	3.257409616
12.75487054	3.345611009
3.702057598	8.742282682
3.745013779	8.654081289
12.75498622	8.654081289
12.7979424	8.742282682
3.738384595	6.74530232
3.656725327	6.698549901
13.23257888	7.130663444
13.15376315	7.080721685
13.23233902	6.529631061
13.15352329	6.479689302
13.23233902	5.929631061
13.15352329	5.879689302
13.23214026	5.330216005
13.15115955	5.28194632
4.017151886	8.248281523
12.48284781	8.248281028
3.261987487	6.747247642
3.342418635	6.702114296
12.57414393	8.235662216
3.925855815	8.235662641
12.76518263	7.130344844
12.76553205	6.533286152
12.8432134	7.084093276
12.76553205	5.933286152
12.84410052	6.483590474
12.84410052	5.883590474
12.76224941	5.338005875
12.83653737	5.288924287
12.75248118	5.262251968
13.23873564	7.731947911
13.16051306	7.682323176
12.59436429	8.126801722
3.905631225	8.126809144
4.275769796	3.742821487
12.225605	8.257818347
12.2242302	3.742821487
4.274394992	8.257818355
4.319436571	3.664799888
12.1814155	8.335576708
12.18056343	3.664799888
4.318584496	8.335576717
12.49184783	3.136956548
4.008152174	8.863043452
12.49184783	8.863043452
4.008152174	3.136956548
12.45990566	3.049987612
12.45990566	8.950012388
4.04009434	8.950012388
4.04009434	3.049987612
3.554525866	7.350192897
3.625719869	7.400926587
3.553987179	7.452401204
12.8773866	3.297880789
3.6226134	3.297880789
3.622497724	8.701811509
12.87750228	8.701811509
4.608376482	3.861366356
4.64276078	3.947671373
11.89170208	8.138673207
11.85724311	8.052330585
4.642756892	8.052330585
4.608297919	8.138673207
11.85723922	3.947671373
11.89162352	3.861366356
5.197727229	3.861063501
5.235602683	3.94764165
11.30227277	8.138936499
11.26439732	8.05235835
5.235602683	8.05235835
5.197727229	8.138936499
11.26439732	3.94764165
11.30227277	3.861063501
5.790755129	3.861033051
5.828626544	3.947625178
10.70924487	8.138966949
10.67137346	8.052374822
5.828626544	8.052374822
5.790755129	8.138966949
10.67137346	3.947625178
10.70924487	3.861033051
6.383933497	3.852548979
6.421746825	3.940823164
10.1160665	8.147451021
10.07825318	8.059176836
6.421746825	8.059176836
6.383933497	8.147451021
10.07825318	3.940823164
10.1160665	3.852548979
3.950396167	7.85
8.16167508	3.146305574
8.25	3.196255328
8.33832492	8.853694426
8.25	8.803744672
8.16167508	8.853694426
8.33832492	3.146305574
3.276853292	5.726501369
8.200471698	3.058852765
8.299528302	8.941147235
8.200471698	8.941147235
8.299528302	3.058852765
7.568553081	3.13914308
8.931446919	8.86085692
7.568553081	8.86085692
8.931446919	3.13914308
7.606293	3.05241349
8.893707	8.94758651
7.606293	8.94758651
8.893707	3.05241349
6.97451665	3.140791992
9.52548335	8.859208008
6.97451665	8.859208008
9.52548335	3.140791992
7.01207608	3.05368191
9.48792392	8.94631809
7.01207608	8.94631809
9.48792392	3.05368191
3.161677217	7.633941678
3.841247061	7.638993121
12.56747813	3.86080725
3.932521874	3.86080725
3.504540315	7.797021296
3.569588743	7.747858102
3.565048428	7.850836806
3.581570368	7.046113277
3.426346104	7.752803809
3.505335103	6.997660471
3.409540315	7.672021296
3.435454632	7.049336658
3.409602935	7.126961214
12.56539935	4.254645903
3.93460065	4.254645903
3.934725761	4.745202998
12.57149366	4.741629304
3.06796765	5.543684807
3.430551798	5.8667532
3.429885921	5.762916119
12.75332813	4.868325598
12.71300002	4.799597204
3.799074334	4.282277482
12.70092567	4.282277482
12.70834872	4.713931548
3.799199445	4.717571419
3.206478632	5.515535769
3.712581	4.502662305
12.78839282	4.501917263
3.14950938	3.149915703
3.148641392	3.049994849
13.35135861	3.049994849
13.35049062	3.149915703
3.148641392	8.950005151
3.14950938	8.850084297
13.35049062	8.850084297
13.35135861	8.950005151
12.94674555	8.031765071
12.94474153	8.109691669
3.560630473	8.110830511
3.558551674	8.032945337
3.291338848	5.29436923
3.049584788	3.049994849
3.049584788	3.149994849
13.45041521	8.950005151
13.45041521	8.850005151
3.049584788	8.850005151
3.049584788	8.950005151
13.45041521	3.149994849
13.45041521	3.049994849
3.564925219	7.943071308
3.333070741	3.900795939
3.250092257	3.947625865
13.24990556	3.947632951
13.16692708	3.900803025
13.16441426	8.111066649
13.24373741	8.060355201
13.44712264	4.8514858
3.947125699	5.651415204
3.250785528	8.052700052
3.333817018	8.099438139
12.93896615	3.894166947
12.95634113	3.968391117
3.543658866	3.968391117
3.561033852	3.894166947
12.9487195	4.056637238
3.551280501	4.056637238
13.07770014	3.787687288
3.422299863	3.787687288
3.423319031	8.21387712
13.07813755	8.212483375
13.09152596	3.865182563
13.00426454	3.844600579
3.495735463	3.844600579
3.408474037	3.865182563
3.629973647	7.893908114
3.411145674	8.135739394
3.499426268	8.157885785
13.00740232	8.155353199
13.09422633	8.134600552
12.88266862	4.081084352
3.617331382	4.081084352
3.636301813	4.93423486
3.354335007	5.751105826
12.64763862	4.768924265
3.139497086	5.568607602
12.63255	4.232803056
3.867449998	4.232803056
3.863061088	4.766763838
13.3632436	4.831935178
3.862805722	5.630649426
7.351704402	6.973722658
7.351704402	5.026277342
8.347527531	4.994321372
8.347527531	7.005678628
9.338232174	7.009329134
10.35425112	6.997045531
9.338232174	4.990670866
10.35425112	5.002954469
11.4185096	6.656450694
11.39967023	5.353578591
6.454018433	4.747229403
5.744587654	4.830547509
4.902938956	4.889359031
6.454018433	7.252770597
5.747782549	7.177024836
4.875003763	7.117865207
4.756002587	5.846707898
8.850000156	6.623280034
8.850000156	5.376719966
9.850000156	6.62327975
9.850000156	5.37672025
7.839530267	5.379550526
7.839530267	6.620449474
4.869084254	6.452176058
11.1805891	5.997378162
7.035379151	5.464619912
7.035379151	6.535380088
10.80289656	6.554219055
10.79156601	5.452368034
10.99602776	7.218725817
10.99602776	4.781274183
8.350000125	6.498337117
8.350000125	5.501662883
9.350000125	6.498123376
9.350000125	5.501876624
7.450000106	5.574094148
7.450000106	6.425905852
11.70682626	7.287075568
11.67848661	4.70045374
10.25558815	6.418856859
10.2556418	5.581157726
11.87211472	6.127256043
7.828345493	4.630091742
7.828345493	7.369908258
8.856245932	7.371839279
8.856245932	4.628160721
9.833413425	7.401394672
9.833413425	4.598605328
6.750158783	5.105121076
6.988243536	4.606962739
6.750158783	6.894878924
6.988243536	7.393037261
6.158957678	5.067557179
6.158957678	6.932442821
5.003685508	5.395640982
5.318654938	5.047921325
5.345369135	6.981181911
5.104385098	6.047681968
5.27912617	7.447863478
5.27863886	4.552622628
11.9350933	5.580088379
8.650000084	6.336960823
8.650000084	5.663039177
9.650000084	6.336891454
9.044619211	6.33113016
9.650000084	5.663108546
9.044619211	5.66886984
8.045239472	5.662569477
8.045239472	6.337430523
11.9468319	6.718349979
5.743212959	5.149149526
5.75	6.84825456
10.55904062	7.478192458
10.55904062	4.521807542
4.507405537	5.403962842
10.84022596	6.174899007
10.82418882	5.817235049
6.813159978	5.68924362
6.813159978	6.31075638
8.323374979	7.499557615
8.323374979	4.500442385
9.364418987	7.491622053
9.364418987	4.508377947
4.49616752	6.777611919
6.07711461	4.460925976
6.07711461	7.539074024
7.750000075	6.298310863
7.750000075	5.701689137
9.938001867	6.282343703
9.938001867	5.717656297
5.18442184	6.349364056
5.194257237	5.747898953
4.455455139	6.256042377
4.521015741	4.511190588
4.511275904	7.487732982
6.45	5.197464916
6.45	6.802535084
10.55154855	6.304509596
7.414723285	4.602331521
7.414723285	7.397668479
7.954442994	5.005868607
7.954442994	6.994131393
7.139538916	5.748340558
7.139538916	6.251659442
8.745337183	7.006596339
8.745337183	4.993403661
9.742301757	7.000512617
9.742301757	4.999487383
11.54179754	5.762370906
11.99359751	5.071563891
5.231808484	6.646805104
10.52792837	5.693715902
11.12337205	5.602160588
6.763196436	5.414318802
6.763196436	6.585681198
11.29780595	7.518310743
11.30842086	4.468312403
11.13046887	6.38858844
10.72586516	6.921140495
10.7284355	5.081798865
4.453354713	4.988607093
5.702890001	7.58811953
5.684495478	4.409388047
11.47086062	6.254487664
10.48563859	6.671609562
10.47600984	5.313655719
7.545832821	5.28594499
7.545832821	6.71405501
10.12061472	6.738167197
10.12061472	5.261832803
9.144362192	6.755115266
9.144362192	5.244884734
11.07209159	6.776736837
11.36748489	7.042807332
11.0699991	5.226110317
11.36748489	4.957192668
8.554359644	6.743453981
8.554359644	5.256546019
9.554399285	6.742877097
9.554399285	5.257122903
7.053340363	5.135295548
7.053340363	6.864704452
8.141664878	5.26218813
8.141664878	6.73781187
6.644831201	4.395989078
6.644831201	7.604010922
8.350005528	6.259863829
8.350005528	5.740136171
9.350000065	6.259990305
9.350000065	5.740009695
12.06386061	7.550666437
12.04274251	4.444160776
4.878140426	7.49361146
4.889668012	4.496583603
12.0886906	7.082912224
10.21719114	7.35225021
10.21719114	4.64774979
4.941625324	6.785904797
7.286547954	5.356094511
7.286547954	6.643905489
5.284356753	5.315897585
10.93200309	7.57600859
10.93200309	4.42399141
4.348127487	5.801336629
8.85128098	6.219081574
8.85128098	5.780918426
5.551429349	5.251684852
5.937275822	5.260228378
5.561726395	6.734000462
5.937275822	6.739771622
4.814895779	6.150689543
7.667687478	4.914314636
7.667687478	7.085685364
9.046503681	7.037412186
9.046503681	4.962587814
10.07340116	7.004329247
10.07340116	4.995670753
6.055782883	4.80398527
6.055782883	7.19601473
4.757043107	5.173257947
7.550000053	5.787990134
7.550000053	6.212009866
8.544956209	7.238011605
8.544956209	4.761988395
10.14417208	6.200676057
10.14416506	5.799342854
12.13016336	5.897686787
6.751502057	4.80075425
6.751502057	7.19924575
5.302021561	5.544189939
6.25	5.286756175
6.25	6.713243825
4.373741811	7.134006445
11.65627673	5.14441898
8.149126155	7.23938656
8.149126155	4.76061344
9.552356675	7.28168706
9.552356675	4.71831294
12.13184311	6.360231132
7.616593197	4.331539385
7.616593197	7.668460615
10.05968674	7.668178837
10.05968674	4.331821163
11.64288642	6.842554998
5.294817064	6.157229283
8.677680892	4.380461679
8.677680892	7.619538321
5.448053869	7.230897268
7.359178576	5.814811099
7.359178576	6.185188901
4.966467395	5.6200266
9.067270661	7.681770634
9.067270661	4.318229366
7.196705855	4.339854237
7.196705855	7.660145763
5.178610141	7.185895646
10.34266675	6.204566934
10.3417705	5.797221537
7.123024355	4.893151315
7.123024355	7.106848685
7.999903123	4.3458266
7.999903123	7.6541734
11.65611339	6.489820745
5.314920993	5.968561468
5.439223695	4.779942254
9.658041414	7.678867897
9.658041414	4.321132103
5.070775287	5.143929378
11.6976836	7.658089216
11.66587181	4.330544599
5.160515121	4.805297635
5.933732039	4.981586875
5.933732039	7.018413125
6.977952151	5.804922708
6.977952151	6.195077292
10.53565688	7.180685375
10.53565688	4.819314625
7.665105886	5.515426013
7.665105886	6.484573987
10.03814043	6.486572866
10.03814043	5.513427134
6.674630978	5.823771203
6.674630978	6.176228797
12.18229928	4.805721278
9.228151153	7.252785827
9.228151153	4.747214173
6.364749055	4.977117156
6.364749055	7.022882844
7.933283239	5.827007767
7.933283239	6.172992233
4.31667772	6.531957722
6.363178314	4.500692973
6.363178314	7.499307027
8.143230223	6.184218371
8.143230223	5.815781629
8.539490749	6.184378494
8.539490749	5.815621506
9.160510451	6.184335858
9.160510451	5.815664142
9.757040591	6.184857439
9.550420013	6.180422846
9.757040591	5.815142561
9.550420013	5.819577154
7.753884193	5.138654935
7.753884193	6.861345065
10.71635149	5.995373885
5.566677224	7.013216012
5.556917656	5.033973739
6.587355123	5.346119369
6.587355123	6.653880631
9.157079819	6.539047631
9.157079819	5.460952369
4.600531632	6.486689761
12.17751448	5.394870455
4.756520296	5.483567935
8.542136767	6.536404191
8.542136767	5.463595809
9.56450298	6.527493825
9.56450298	5.472506175
11.64917668	5.494328983
7.244149018	5.544862167
7.244149018	6.455137833
11.82318217	5.862203277
8.859237693	6.429646987
8.859237693	5.570353013
8.141140314	5.473004304
8.141140314	6.526995696
6.666207075	5.56476791
6.666207075	6.43523209
5.733796683	5.333211468
5.75177771	6.677172261
8.939304417	6.835397343
8.939304417	5.164602657
6.918607642	4.313916342
6.918607642	7.686083658
4.988268792	5.864683824
9.941039292	6.84221556
9.941039292	5.15778444
10.36275058	7.713587211
10.36275058	4.286412789
11.4187321	5.996667413
10.94760317	5.988827117
5.115679858	7.70314697
6.916034592	5.285624706
6.916034592	6.714375294
5.341533895	6.473854568
5.077174073	6.957348788
5.115331786	4.296988222
5.013853655	6.248246821
11.2931018	5.784005787
4.291993254	4.720733644
4.304534944	4.283965488
4.31362405	7.704697054
9.820936343	6.429613603
9.820936343	5.570386397
8.348467104	6.707363259
8.348467104	5.292636741
11.06020409	6.183926933
4.695102921	7.719802854
6.58855625	4.949182419
6.58855625	7.050817581
4.698154133	4.274172591
9.350151048	6.705723291
9.350151048	5.294276709
6.987889588	5.637033349
6.987889588	6.362966651
7.88578147	5.571851032
7.88578147	6.428148968
6.920915949	4.980488751
6.920915949	7.019511249
4.280516815	5.226602938
4.603392261	4.769910726
5.43949298	7.725549408
10.58830557	6.140876683
5.860675078	4.599253731
5.860783754	7.400738766
10.79395502	7.346818802
10.79395502	4.653181198
10.60814769	5.855446029
5.438982306	4.274582358
4.621026748	7.022025448
10.90613707	6.378487526
10.43922828	6.485872905
12.21485483	6.823904906
4.567872304	5.987092681
10.4459583	5.516703638
4.609983546	5.670574029
4.269145911	6.043753184
8.468438642	6.356519491
8.468438642	5.643480509
9.231217589	6.356864647
9.231217589	5.643135353
9.47133923	6.35904785
9.47133923	5.64095215
10.68163034	7.717656088
10.68163034	4.282343912
10.92077344	5.62867029
10.98979707	5.426159159
5.078854385	6.522217243
8.228688984	5.642096706
8.228688984	6.357903294
11.25052598	7.279893309
11.25052598	4.720106691
5.904215988	7.742815158
4.660769356	7.263604104
5.90416547	4.257195843
8.710353894	6.163213498
8.710353894	5.836786502
8.993476509	6.157885156
8.993476509	5.842114844
11.8574139	5.32979193
5.330379307	5.749378988
6.095062491	5.336506634
6.095062491	6.663493366
7.741904422	5.854052988
7.741904422	6.145947012
5.40158601	6.639585559
4.258685722	5.536296256
9.950676666	6.168282892
9.950676666	5.831717108
9.74558758	6.794128233
9.74558758	5.205871767
6.204290128	4.230856088
6.204300452	7.769149409
6.828879972	5.852830634
6.828879972	6.147169366
12.22985542	7.324077647
11.05876826	5.808336332
4.257927324	6.871810264
8.746617387	6.781852131
8.746617387	5.218147869
7.950160748	5.225193348
7.950160748	6.774806652
10.99238523	6.580227802
10.66974054	6.711209349
10.6730986	5.276600251
10.70740252	5.638704567
12.22601391	5.61370193
6.248706788	4.658893479
6.248706788	7.341106521
10.29299531	6.61618617
10.29308979	5.38383746
8.146517943	5.043612068
8.146517943	6.956387932
7.326061467	4.811243235
7.326061467	7.188756765
5.62580441	7.376890818
8.26087995	7.748228047
8.26087995	4.251771953
5.092638739	5.594778557
9.419187018	4.241420014
9.419187018	7.758579986
5.339846729	6.291734437
8.559343434	6.957989474
8.559343434	5.042010526
9.546957896	6.94796228
9.546957896	5.05203772
11.14863684	7.729701
11.14863684	4.270299
6.627956	4.616874807
6.627956	7.383125193
5.61469422	4.587701365
7.54897141	5.070785965
7.54897141	6.929214035
10.52384415	6.887612158
10.52384415	5.112387842
4.253730837	7.391724999
11.40857783	5.578095781
11.35888427	6.43851143
11.83503417	7.04253619
10.94438712	6.979263296
10.94438712	5.020736704
6.407347363	5.334085695
6.407347363	6.665914305
7.151814916	5.849715333
7.151814916	6.150284667
4.764457886	6.631017383
6.855455108	5.538008153
6.855455108	6.461991847
9.87272818	7.170501331
9.87272818	4.829498669
10.73371669	6.314075866
8.874233292	7.212629946
8.874233292	4.787370054
11.27175329	6.18634603
9.09453445	7.430543268
9.09453445	4.569456732
11.85275882	4.958691049
11.96117425	7.299465203
6.203456148	4.915774788
6.203456148	7.084225212
12.24994641	6.128527012
10.32859833	6.81019878
10.32859833	5.18980122
7.634732033	4.670794986
7.634732033	7.329205014
7.114792447	5.308846833
7.237434521	5.169001038
7.114792447	6.691153167
7.237434521	6.830998962
11.91843945	6.382356292
8.717942952	6.485689301
8.717942952	5.514310699
10.87073689	5.252237955
11.29332884	6.843000578
11.29467436	5.157676961
4.225938986	6.292852255
6.297207586	5.115982656
6.297207586	6.884017344
7.604768244	5.61419848
7.604768244	6.38580152
12.22852091	4.246867737
12.24354312	7.744213116
7.463607823	5.400388471
7.463607823	6.599611529
10.62056101	6.481840953
11.20390642	6.612541206
6.462698129	7.783562805
6.482214972	4.218486182
11.4650941	7.741513884
11.45833032	4.251924944
8.070260427	4.565438114
8.070260427	7.434561886
7.163227053	4.627696353
7.163227053	7.372303647
10.09563614	6.390002043
10.09563951	5.610004486
11.49111831	7.36130848
11.51742803	4.646077185
7.843638182	4.832927693
7.843638182	7.167072307
5.414360244	6.805462131
11.23099106	5.388146453
5.749292959	4.9667799
5.747209549	7.034132555
11.91215518	7.767997938
11.88970063	4.252481606
10.79558149	7.132170929
10.79558149	4.867829071
9.643027742	7.430505913
9.643027742	4.569494087
10.86878543	6.752672186
5.408689264	5.376831138
11.67503249	5.982799173
7.420462464	4.234588745
7.420462464	7.765411255
10.37363188	7.214640904
10.37363188	4.785359096
10.61575889	5.45281159
8.365376201	7.191896425
8.365376201	4.808103575
11.59217989	7.099545836
5.102300744	7.398324407
5.618145555	5.338061946
12.27399041	6.584909737
8.839086212	7.784675214
8.839086212	4.215324786
12.25101788	5.003473174
4.932961393	6.02996337
5.155822955	5.903175033
11.59272544	4.902145467
5.98661489	5.154832942
5.98661489	6.845167058
11.94336566	4.632459349
11.17254749	7.051410008
11.17254749	4.948589992
6.735911843	5.294957791
6.735911843	6.705042209
4.716221904	6.840565838
6.630916182	5.701491544
6.630916182	6.298508456
4.478268545	5.20796411
5.101894738	4.586643652
9.015112784	6.646428151
9.015112784	5.353571849
6.566882286	5.173654438
6.566882286	6.826345562
4.727012555	6.344325436
8.246460585	6.137790809
8.246460585	5.862209191
8.442729129	6.14013951
8.442729129	5.85986049
9.257266352	6.140084525
9.257266352	5.859915475
9.452548087	6.137334819
9.452548087	5.862665181
10.36518147	6.364879098
4.692379953	4.994496624
10.17926194	6.920173157
10.17926194	5.079826843
10.36456269	5.637481889
11.67804787	6.283781969
9.685569008	6.637783451
9.685569008	5.362216549
8.639113026	4.531822941
8.639113026	7.468177059
7.336927742	5.662574918
7.336927742	6.337425082
8.027966086	6.594490954
8.027966086	5.405509046
8.676990787	6.640489306
8.676990787	5.359510694
9.994456945	6.641929309
9.994456945	5.358070691
7.143161227	5.585554874
7.143161227	6.414445126
11.06734935	7.398127944
11.06734935	4.601872056
8.039413882	6.135905195
8.039413882	5.864094805
7.422461691	5.21583278
7.422461691	6.78416722
9.893386612	7.770602582
9.893386612	4.229397418
9.183263408	6.930119103
9.183263408	5.069880897
7.704950579	5.36451318
7.704950579	6.63548682
7.44379862	5.895735587
7.44379862	6.104264413
5.167156566	5.448838093
5.192217362	6.854711905
6.92135723	4.770041184
6.92135723	7.229958816
4.917302901	5.178133624
10.0907026	7.234359805
10.0907026	4.765640195
12.25787885	4.563198842
7.801713843	4.233746648
7.801713843	7.766253352
6.820320564	4.54482149
6.820320564	7.45517851
4.823268619	4.676947064
10.46671117	6.149243437
10.25766793	6.106841382
10.47273239	5.858219157
5.39889657	6.044283017
10.25758871	5.893313853
6.906016021	5.137890683
6.906016021	6.862109317
10.0009438	7.467411814
10.0009438	4.532588186
9.00500846	6.474803516
9.00500846	5.525196484
5.111717229	6.181729083
10.20744981	7.122276765
10.20744981	4.877723235
6.626884841	5.455717033
6.626884841	6.544282967
4.17556929	4.897864155
5.05657263	6.678156799
5.865883945	5.368488561
5.867194515	6.632268271
11.81393184	7.483005781
4.907822366	7.792608318
4.194321706	4.521100858
4.907778419	4.207098277
6.140501805	5.211356642
6.140501805	6.788643358
5.454687063	7.558310545
9.650761304	6.107768567
9.650761304	5.892231433
5.633959781	6.63371509
5.602245131	6.859648807
10.35622746	7.49899752
10.35622746	4.50100248
9.814345999	6.29900105
9.814345999	5.70099895
7.162470907	5.043420692
7.162470907	6.956579308
11.98311795	6.9329945
5.342860043	5.189390688
5.053388546	4.950383459
11.59464612	6.674767029
4.924440754	7.322208797
5.489253186	4.459073219
7.649190926	5.894916872
7.649190926	6.105083128
11.44853374	5.194074619
5.125247538	5.295545198
9.053876008	7.212509659
9.053876008	4.787490341
7.807679809	4.428447308
7.807679809	7.571552692
7.477222988	4.915084857
7.477222988	7.084915143
6.745342602	7.758850093
6.745342602	4.241149907
5.72267674	7.837019879
12.03361409	6.067316866
10.04891673	6.106654366
10.04891573	5.893348336
11.69911487	5.680157997
5.72254055	4.163019122
4.754796807	5.692377311
11.44788073	6.803186008
10.23410303	6.290140493
8.715225618	7.157537818
8.715225618	4.842462182
7.807418975	4.96353161
7.807418975	7.03646839
8.420809266	7.829384128
8.420809266	4.170615872
10.2338906	5.710467033
8.014838962	6.456455247
8.014838962	5.543544753
8.850000027	6.106473367
8.850000027	5.893526633
10.90913747	7.812968859
10.90913747	4.187031141
8.827099092	7.592431135
8.827099092	4.407568865
5.345382138	7.127060281
4.500982123	7.817556407
9.887880487	7.586259729
9.887880487	4.413740271
4.503832051	4.196652811
8.409964199	6.80945542
8.409964199	5.19054458
9.418796901	6.81551634
9.418796901	5.18448366
7.251812565	5.899990145
7.251812565	6.100009855
11.83030909	4.467651425
9.682946183	6.469480438
9.682946183	5.530519562
9.235365839	4.201318299
9.235365839	7.798681701
5.586086102	4.840388178
9.703753053	7.170907469
9.703753053	4.829092531
9.375161651	7.177376765
9.375161651	4.822623235
7.065570667	7.808072023
7.065570667	4.191927977
12.29150357	7.132349128
5.395304187	5.651378505
7.435633603	5.726560299
7.435633603	6.273439701
4.577567315	6.14806458
7.164000096	5.415943329
7.164000096	6.584056671
10.15016472	6.597781206
10.15016472	5.402218794
5.907379462	4.818045079
5.907379462	7.181954921
8.304899038	5.150047101
8.304899038	6.849952899
8.782752446	6.329439252
8.782752446	5.670560748
4.168072183	6.703193748
4.698550465	7.5182288
8.480545539	4.923298234
8.480545539	7.076701766
6.066351552	4.943618579
6.066351552	7.056381421
11.50938664	6.41819566
5.310643787	7.281800454
6.491910348	5.054150894
6.491910348	6.945849106
5.330314948	4.884878924
4.710262873	4.507644059
5.394831273	5.851857002
5.66643647	5.239806808
9.853597695	6.100927065
9.853597695	5.899072935
12.29077827	7.532222609
9.208123366	7.093571207
9.208123366	4.906428793
10.74375993	7.533818563
10.74375993	4.466181437
5.990949359	5.366612018
5.991136583	6.6334961
7.054180592	5.900334794
7.054180592	6.099665206
8.441752946	6.603528735
8.441752946	5.396471265
7.454003197	4.425079033
7.454003197	7.574920967
5.026461337	4.743268322
8.257852774	6.602179991
8.257852774	5.397820009
9.350042764	6.379458747
9.350042764	5.620541253
11.59081332	5.322879204
9.441928996	6.601856557
9.441928996	5.398143443
5.220723952	5.169422873
4.211880499	5.852963991
9.258187028	6.601990136
9.258187028	5.398009864
4.839930865	5.039337108
5.055760887	6.375807085
7.841001909	5.901665528
7.841001909	6.098334472
11.98426703	5.74728056
6.735170787	4.956072182
6.735170787	7.043927818
5.303390328	4.720813474
5.592612221	7.165852283
6.25	5.399239922
6.25	6.600760078
8.085322649	7.090136507
8.085322649	4.909863493
4.924666058	6.601981652
7.980055167	4.728267166
7.980055167	7.271732834
9.897855865	6.983198439
9.897855865	5.016801561
4.853187926	6.928223831
10.20222002	4.183228493
10.20222002	7.816771507
8.349560268	6.379445357
8.349560268	5.620554643
6.91977539	5.421982288
6.91977539	6.578017712
5.857541405	5.173925036
5.858510982	6.825704119
6.607492283	5.890635154
6.607492283	6.109364846
8.90275132	6.986905899
8.902751319	5.013094101
7.857271431	5.673842248
7.857271431	6.326157752
7.759557188	5.575766302
7.759557188	6.424233698
4.650057575	5.324918266
4.442649016	6.957145382
5.220289067	6.520842432
5.376612744	5.473341778
8.909383961	6.321328575
8.909383961	5.678671425
4.482913259	7.299702924
6.59926405	4.802566229
6.59926405	7.197433771
4.735052546	6.026204424
12.30039242	5.201086876
5.506754188	6.617964251
5.245950625	5.85603197
5.224468775	6.044420851
10.49659949	7.008958996
10.49659949	4.991041004
5.669558806	6.757479081
4.184184287	7.074496158
5.891303906	7.570829172
10.57538154	5.570980981
9.937552642	6.429432793
9.937552642	5.570567207
12.29302077	5.792451457
7.674144631	5.770235819
7.674144631	6.229764181
5.054094286	5.728367817
4.904861089	5.493819273
5.888910932	4.428839459
8.496018855	4.478185835
8.496018855	7.521814165
11.77170367	6.719800271
4.587455286	5.828279872
10.94386579	5.757398374
12.32393045	6.295744706
5.272591512	7.829774729
4.436112304	5.580465232
12.35202978	5.501587682
12.01965693	6.523320592
9.395490017	7.338804969
9.395490017	4.661195031
8.450227297	6.248422831
8.450227297	5.751577169
9.249750926	6.248372901
9.249750926	5.751627099
9.448676323	6.241891344
9.448676323	5.758108656
10.52073916	7.806874866
10.52073916	4.193125134
7.111603925	4.486434562
7.111603925	7.513565438
5.272369969	4.170284553
7.240506707	5.783791016
7.240506707	6.216208984
12.00738087	4.898576184
8.250296646	5.757624731
8.250296646	6.242375269
7.285080604	4.503945804
7.285080604	7.496054196
4.856692656	5.332547125
10.03171361	6.233479143
10.03171227	5.76652446
6.499512309	5.389858469
6.499512309	6.610141531
4.886238484	5.761918881
10.48743943	7.326303959
10.48743943	4.673696041
6.923199216	5.898019123
6.923199216	6.101980877
4.47073227	6.596821321
7.365634453	5.472334028
7.365634453	6.527665972
6.746706052	5.907489823
6.746706052	6.092510177
8.38999358	7.359129541
8.38999358	4.640870459
5.394504999	6.147740596
10.83746504	6.050954417
9.184155428	7.569858663
9.184155428	4.430141337
6.327723792	4.800612169
6.327723792	7.199387831
10.36393404	6.087658099
7.571884743	5.424086358
7.571884743	6.575913642
5.465329951	5.134370731
7.47523862	4.756030293
7.47523862	7.243969707
10.3703486	5.914914652
6.100896433	4.627085274
6.100896433	7.372914726
11.66510117	4.529733786
5.4616456	6.910399055
11.60388869	7.845534006
11.58817246	4.138325057
11.46053752	7.541153137
4.456765101	6.431192783
6.488202566	4.619766339
6.488202566	7.380233661
5.267842062	5.664576213
5.467304256	7.383684231
10.45775252	6.272540137
7.686450816	4.523610233
7.686450816	7.476389767
6.040447715	7.844543044
6.040425515	4.155469192
9.297441547	6.835473137
9.297441547	5.164526863
5.176418751	5.038632162
10.59225	6.622764593
7.034640247	5.726860706
7.034640247	6.273139294
9.649920214	6.226645108
9.649920214	5.773354892
10.71189538	6.124703999
5.443420579	7.031808985
8.230350054	4.897651233
8.230350054	7.102348767
4.887030165	6.305211811
8.182307979	4.423998677
8.182307979	7.576001323
8.635232737	6.107611282
8.635232737	5.892388718
9.065313144	6.106833844
9.065313144	5.893166156
6.838624675	4.676768851
6.838624675	7.323231149
10.60526432	6.043507079
7.255714813	4.180328876
7.255714813	7.819671124
9.51565842	7.094866633
9.51565842	4.905133367
12.02341685	5.274781795
9.538695311	7.560027002
9.538695311	4.439972998
11.83083768	5.14832202
4.177123251	7.554725376
11.55465249	6.12727553
5.840996248	5.269391444
5.840996248	6.730608556
7.653850001	4.157307222
7.653850001	7.842692778
5.432250976	4.616785147
10.15868347	7.500697983
10.15868347	4.499302017
8.033088288	6.231726917
8.033088288	5.768273083
5.498113421	4.919366608
5.042726674	7.100402956
4.191448708	5.381622025
6.931153583	5.713084171
6.931153583	6.286915829
8.622894921	7.817963638
8.622894921	4.182036362
12.08066509	4.205973564
12.07738689	7.837908824
9.027312719	4.171661811
9.027312719	7.828338189
5.623146053	5.133828454
11.46314497	4.452249687
11.84551736	6.536814712
4.450831229	4.810024256
8.110025859	7.819893298
8.110025859	4.180106702
11.42916425	4.814506776
5.287465009	7.635795858
11.42384231	7.192064239
9.068301591	6.858240617
9.068301591	5.141759383
8.222306611	7.39643044
8.222306611	4.60356956
10.94254962	6.241803428
9.562034159	4.18267103
9.562034159	7.81732897
6.470432092	4.882773042
6.470432092	7.117226958
10.951272	6.114750511
5.411276813	6.542127905
9.862732564	6.20708243
9.862732564	5.79291757
11.30434056	5.925778092
5.212962137	7.008338658
11.23680324	6.327492583
10.71800453	5.764010887
5.29280044	4.367282112
11.27624392	5.627888863
10.07751952	6.86012745
10.07751952	5.13987255
7.625549983	5.160189533
7.625549983	6.839810467
11.13609998	7.575184836
11.13761639	4.422904185
6.582514162	5.5499999
6.582514162	6.4500001
11.9074071	5.989451314
8.054597811	5.161544595
8.054597811	6.838455405
8.14701496	6.081973879
8.14701496	5.918026121
9.533954903	6.080892685
9.533954903	5.919107315
6.342901984	5.234543066
6.342901984	6.765456934
10.65663004	7.05700884
10.65676386	4.943144188
4.152557221	5.105859526
9.105668836	6.428810338
9.105668836	5.571189662
7.353084629	5.919551919
7.353084629	6.080448081
6.585447703	5.78870559
6.585447703	6.21129441
7.552370004	5.544967154
7.552370004	6.455032846
6.727590541	5.739763034
6.727590541	6.260236966
7.225299224	5.660892052
7.225299224	6.339107948
8.641488836	6.221287156
8.641488836	5.778712844
9.75000002	6.080457807
9.75000002	5.919542193
9.058983915	6.222349651
9.058983915	5.777650349
4.15330318	5.677104963
7.065944866	4.759114678
7.065944866	7.240885322
12.35265026	4.731321642
10.84892595	6.889057795
8.595628309	6.430218378
8.595628309	5.569781622
9.568580477	6.412398816
9.568580477	5.587601184
6.19503405	4.525512696
6.19503405	7.474487304
5.817510842	6.953649019
5.821235637	5.050510628
10.71238854	5.883870094
6.15	5.418363368
6.15	6.581636632
7.818830162	5.779272024
7.818830162	6.220727976
5.747811296	7.328115607
7.535336864	5.896992437
7.535336864	6.103007563
5.525075013	5.388827897
5.419111044	5.954087115
11.6528434	7.420074189
8.645543741	6.843343432
8.645543741	5.156656568
7.960616507	6.077212254
7.960616507	5.922787746
9.626418681	6.856489132
9.626418681	5.143510868
5.403763305	6.362009336
6.256092617	5.019107945
6.256092617	6.980892055
5.067684534	6.822563177
8.131607666	5.590098445
8.131607666	6.409901555
5.743032943	4.668958638
10.85425196	5.131511184
10.51423328	7.639543889
10.51423328	4.360456111
9.241033632	6.472075782
9.241033632	5.527924218
4.627552859	6.696565558
9.234855934	7.403978716
9.234855934	4.596021284
7.827012109	5.25743807
7.827012109	6.74256193
5.015004188	6.138795169
5.16321247	7.550130016
9.918240486	6.533301387
9.918240486	5.466698613
8.13869188	6.293925988
8.13869188	5.706074012
6.777322032	5.595699843
6.777322032	6.404300157
11.50012895	5.465574038
11.53847544	5.613712939
7.787797981	5.474588543
7.787797981	6.525411457
5.24268553	6.248664793
9.77029993	6.551436855
9.77029993	5.448563145
10.16478746	6.103031169
4.750301183	6.482056974
10.16476702	5.897004487
9.55648939	6.292882903
9.55648939	5.707117097
10.04268658	4.148889415
10.04268658	7.851110585
11.99778285	6.247000919
5.307767378	5.431819706
8.616088359	7.064575254
8.616088359	4.935424746
8.458562134	6.471772889
8.458562134	5.528227111
9.458870035	6.472534504
9.458870035	5.527465496
10.16074766	6.465491255
10.16078918	5.534499451
11.65605257	5.838845631
10.76494246	6.432215821
7.034733558	5.018869951
7.034733558	6.981130049
5.165144251	4.456997178
8.241809378	6.473411296
8.241809378	5.526588704
9.352456018	6.080651375
9.352456018	5.919348625
8.347396571	6.080750688
8.347396571	5.919249312
8.526672584	6.082213635
8.526672584	5.917786365
9.173411262	6.082061848
9.173411262	5.917938152
7.25601446	4.934380091
7.25601446	7.065619909
12.31803345	5.964069575
4.607760756	5.51844788
4.35027965	6.720209065
4.405624049	5.915575669
8.748210925	6.086351929
8.748210925	5.913648071
8.951526748	6.080434227
8.951526748	5.919565773
7.905640297	5.114293372
7.905640297	6.885706628
9.710267109	7.310024155
9.710267109	4.689975845
11.97697446	5.438118194
11.41695436	5.847743735
10.82815072	5.934669028
5.766613438	5.429521646
5.750418858	6.578946728
6.635852946	5.067442051
6.635852946	6.932557949
10.63668619	7.339541965
10.63668619	4.660458035
6.832756576	5.34847467
6.832756576	6.65152533
8.930006537	6.563455487
8.930006537	5.436544513
12.14676791	6.667359069
10.89419184	6.501184634
5.316920085	6.727906843
6.496891761	7.630032686
6.49014403	4.378267338
4.161000253	6.458898558
7.913620591	5.449146981
7.913620591	6.550853019
9.141791821	6.295310593
9.141791821	5.704689407
10.44860222	5.755031482
8.557864821	6.29630872
8.557864821	5.70369128
10.64382719	6.251156866
6.957316625	5.530487718
6.957316625	6.469512282
8.841989269	6.749502763
8.841989269	5.250497237
8.704676124	4.670610912
8.704676124	7.329389088
11.18931779	5.247318338
4.709553674	7.126419682
9.87849181	6.748349956
9.87849181	5.251650044
4.431676259	6.089288806
11.06072086	6.055657924
12.34694754	6.721552771
7.073913926	5.806770595
7.073913926	6.193229405
8.781809355	6.879173204
8.781809355	5.120826796
11.39519695	6.145551337
4.171207355	4.171528633
4.168112114	7.832083039
6.349550358	5.417224534
6.349550358	6.582775466
12.34105827	6.909260182
4.363343248	7.537690306
4.34720805	5.378873492
4.583294207	6.322459491
6.89241581	4.149398845
6.89241581	7.850601155
11.2543442	7.844681104
11.25337795	4.154381586
11.81502718	6.874407157
11.81244186	5.516242915
7.020795066	5.356883644
7.020795066	6.643116356
7.662308239	6.964327448
7.662308239	5.035672552
5.418407656	6.251326347
8.365414418	7.64152824
8.365414418	4.35847176
10.33295266	6.503390266
6.507694485	5.285809728
6.507694485	6.714190272
10.33409157	5.49746312
7.71845002	4.774790248
7.71845002	7.225209752
4.453840659	4.365115006
4.561174228	7.1662555
6.041953534	5.245541578
6.041975823	6.754471293
4.184546403	7.244204223
12.09293622	4.631066451
10.93563454	7.333851356
10.93563454	4.666148644
11.11712413	6.909913
11.11720878	5.088401032
12.34089996	4.388898894
10.89771295	5.499385845
4.534698538	7.642126836
8.96227177	7.515019817
8.96227177	4.484980183
4.859610501	5.910159889
9.827717556	6.882716953
9.827717556	5.117283047
11.50363547	6.977371976
5.02257206	5.50879884
4.369369485	4.570347202
8.737543551	6.238867934
8.737543551	5.761132066
5.314214122	6.590936244
11.18042942	6.75378828
4.309267478	5.067923413
11.7285418	6.135077606
6.744173539	5.506065662
6.744173539	6.493934338
11.01376485	5.555315262
7.515416133	5.660040368
7.515416133	6.339959632
6.885113341	5.626562591
6.885113341	6.373437409
6.672958608	5.364182433
6.672958608	6.635817567
4.598388129	5.097903796
5.54808088	7.824470403
10.56170027	6.760594334
10.56070808	5.229446217
11.86015996	4.773107639
6.044398381	7.686543512
11.17814044	5.860603686
7.544903548	4.557177745
7.544903548	7.442822255
5.547773912	4.175593075
10.70025263	5.521670177
10.8188209	5.695044748
6.185114835	4.762899061
6.185114835	7.237100939
10.57684034	5.944755707
11.54308898	5.920449371
11.012371	6.448210223
6.044339455	4.313474782
5.68836748	6.955347267
5.089721389	7.868704074
7.436724001	5.112646627
7.436724001	6.887353373
11.50137311	5.023460562
11.84240865	7.213271415
11.16310923	5.730112387
5.089676669	4.131265867
4.968356912	7.640334192
10.83986309	6.287301607
11.29140052	6.060926316
7.201371666	4.768692792
7.201371666	7.231307208
11.32998826	5.477333138
10.40860304	6.586706565
7.954585308	5.641421566
7.954585308	6.358578434
9.742353978	6.365537922
9.742353978	5.634462078
11.16726952	6.12007238
11.03685823	6.312820557
4.507916066	4.66516217
9.350998758	4.355805456
9.350998758	7.644194544
4.96923969	4.358843697
6.945373711	4.45508709
6.945373711	7.54491291
10.40358555	5.406419404
6.850891377	4.895557669
6.850891377	7.104442331
4.152834433	6.14582156
6.347072654	4.314612397
6.345553751	7.686620283
4.829594618	7.632917125
7.947828952	7.116348303
7.947828952	4.883651697
7.022546534	5.24435914
7.022546534	6.75564086
11.13209283	7.192529123
11.13209283	4.807470877
11.05945485	5.930426138
9.144406093	6.634651176
9.144406093	5.365348824
4.129609063	4.7
11.05895697	7.847275393
11.05879592	4.152568388
9.725780659	6.272607215
9.725780659	5.727392785
5.059394287	5.950537233
4.821253038	4.359140814
6.805221418	5.225898636
6.805221418	6.774101364
10.94002488	5.872511988
11.48551947	6.546170233
9.57490297	6.640589966
9.57490297	5.359410034
5.839221387	7.091434378
5.849452098	4.917703202
8.994129692	7.343182956
8.994129692	4.656817044
5.65519413	5.419288139
11.21701166	7.424759982
11.22152436	4.567086885
8.131090416	5.359073739
8.131090416	6.640926261
10.34699192	7.333584319
10.34699192	4.666415681
9.632114476	7.023273197
9.632114476	4.976726803
8.568140737	6.646191612
8.568140737	5.353808388
9.734908061	7.549116875
9.734908061	4.450883125
10.44380015	6.792473923
10.44158036	5.206712571
9.957460169	7.288045799
9.957460169	4.711954201
7.26508288	5.447308509
7.26508288	6.552691491
12.365004	4.8888821
6.06720237	5.424296404
6.067239815	6.57572522
5.642293635	4.734337409
5.608671267	7.673263697
6.793382598	4.41045705
6.793382598	7.58954295
4.728702333	4.844445359
10.51566966	6.403238667
4.970136022	5.054328962
5.050465452	7.24005574
6.800805737	5.77673513
6.800805737	6.22326487
5.739565728	7.460414691
11.76600131	7.854324232
11.75200479	4.144270252
11.40519717	5.708694238
9.015971346	6.758796982
9.015971346	5.241203018
6.576427182	5.633040594
6.576427182	6.366959406
6.619002136	4.148324422
6.606515899	7.850860539
10.80415249	5.5755792
5.594796768	4.299282152
11.85455037	5.692422423
5.958288983	7.306681588
5.273022664	6.379878111
6.839757048	5.931667551
6.839757048	6.068332449
5.9582758	4.693319651
10.63837759	6.364506295
11.04063369	5.685288452
5.760130091	4.527874406
4.976093614	6.905185081
4.579665277	4.912025813
12.10002053	7.238542687
6.329964448	7.850239971
6.340372508	4.148399094
4.16694411	4.335023954
12.14361543	5.173700461
6.400337329	5.107630465
6.400337329	6.892369535
5.428861327	5.546064453
7.054057095	4.35650564
7.054057095	7.64349436
12.18587677	6.970063431
12.10008241	7.400823354
10.3747038	4.145529042
10.3747038	7.854470958
4.693335164	7.874367679
4.691860465	4.122683375
6.836325461	5.039996366
6.836325461	6.960003634
5.424102954	5.750522899
10.17577795	6.366186807
10.17576648	5.633910998
11.22462977	6.474824494
4.587767964	6.8874228
8.962348512	6.233166893
8.962348512	5.766833107
9.498797746	7.420529399
9.498797746	4.579470601
10.24629503	6.715273747
10.24631078	5.284730191
12.33524047	6.45948814
10.36765508	6.698741458
10.36486244	5.297526094
6.566325082	4.501078857
6.566325082	7.498921143
4.318859036	4.134218658
4.321236753	7.864185579
11.28591258	7.676664976
11.28315338	4.316915803
5.112201504	5.820045094
10.47069004	5.616318389
8.787174755	6.55838151
8.787174755	5.44161849
8.459878109	6.712930085
8.459878109	5.287069915
7.74744247	5.931844769
7.74744247	6.068155231
7.921642065	4.519909002
7.921642065	7.480090998
8.236532396	6.715094544
8.236532396	5.284905456
10.78061785	5.329338045
10.23736983	5.474449064
10.2361587	6.529434642
9.244330432	6.706906279
9.244330432	5.293093721
5.453436312	6.722940011
4.763212949	7.370506581
12.3534662	5.347736959
11.10912913	6.52735054
4.608219901	4.400217396
5.153162985	6.439142802
9.950638218	6.07517292
9.950638017	5.924827621
12.37944616	7.3
9.461510881	6.711042275
9.461510881	5.288957725
7.213257048	5.278427901
7.213257048	6.721572099
7.33530372	7.646400078
7.33530372	4.353599922
11.27112728	7.132191644
11.27157982	4.868367115
6.205171535	4.391012485
6.204929926	7.609196926
11.0910135	6.659711073
10.76403324	4.144281943
10.76403324	7.855718057
12.36013743	5.655385498
11.9225307	7.599910941
9.73209625	7.848975038
9.73209625	4.151024962
6.885830078	5.792647455
6.885830078	6.207352545
5.500918999	6.810962451
6.234395865	5.188746171
6.234395865	6.811253829
12.34587247	4.157950112
12.35407488	7.853459627
10.23458299	6.195646292
11.08954642	5.342970055
10.2330876	5.807985267
6.376365978	4.665438872
6.376365978	7.334561128
11.34902457	6.280379945
5.434949125	6.452040219
10.53708014	5.771080193
5.116875599	6.285015048
10.82280813	7.009806512
10.81612217	4.990540635
5.651604793	7.268023268
10.75251578	6.226593334
10.54716053	6.223061153
10.88714488	7.442361544
10.88714488	4.557638456
11.79835524	4.616250574
10.77655586	6.666635357
6.986144556	4.886203925
6.986144556	7.113796075
8.765683992	5.314143787
8.765683992	6.685856213
10.64769463	6.840517116
10.646377	5.161248093
11.1019047	5.477836623
6.699823153	5.649551118
6.699823153	6.350448882
10.8801923	5.382237101
10.8834903	6.621979487
6.180589267	5.33608894
6.180589267	6.66391106
4.963825016	4.608893161
10.52552497	6.078032159
7.385210396	5.325495126
7.385210396	6.674504874
11.70249424	6.997259348
11.26511988	6.974126832
11.26607769	5.022324717
5.202111723	5.598501378
5.877906977	7.8890537
4.671792507	4.648006342
5.877906977	4.110947392
4.116350042	5.508927357
4.317277248	6.199707548
7.313156203	4.682425483
7.313156203	7.317574517
8.534628855	7.388003686
8.534628855	4.611996314
5.784070204	7.681581859
5.314596905	6.86254328
10.9805087	6.703906182
5.148175667	6.607369306
8.782308502	6.162919843
8.782308502	5.837080157
7.135424307	5.206177819
7.135424307	6.793822181
11.72948252	5.263202394
5.756666487	5.240603745
5.763044862	6.762474776
7.933004941	6.668200504
7.933004941	5.331799496
5.783952734	4.318313004
10.83955061	7.698745259
10.83955061	4.301254741
11.71923218	7.147970851
5.000930495	5.273730323
9.657726572	6.737437436
9.657726572	5.262562564
8.249334712	6.059949464
8.249334712	5.940050536
11.78086684	6.391811606
11.32850199	6.56847282
7.956626026	4.145951234
7.956626026	7.854048766
9.447791801	6.059775881
9.447791801	5.940224119
8.039739849	5.273959002
8.039739849	6.726040998
4.922636968	6.180347838
10.40617751	6.900584463
10.40580754	5.099279953
9.772881948	6.688321384
9.772881948	5.311678616
11.1597967	6.244733846
4.804618659	6.74737651
10.62391208	5.69888907
11.70232366	5.001969286
10.70419155	7.213460014
10.70419736	4.786546625
7.466867278	5.814081058
7.466867278	6.185918942
9.997453958	6.922467674
9.997453958	5.077532326
12.38745685	7.7
4.128757694	7.695227799
10.22791365	4.360353389
10.22791365	7.639646611
12.20803871	4.117150491
12.21007406	7.887581446
5.652391511	7.072864821
11.00406416	7.706647323
11.00429006	4.293008144
10.9116125	7.10443401
10.91049817	4.895623847
10.75891963	5.205455732
11.71336423	4.850711968
10.52807243	6.537686165
11.37548996	6.928098545
12.14440613	6.211471961
9.887937037	6.357309678
9.887937037	5.642690322
4.678048065	5.765786462
5.424444112	5.274196246
7.483191266	5.486884146
7.483191266	6.513115854
7.687156089	5.639995286
7.687156089	6.360004714
10.58803232	5.350400497
8.716968571	6.396251187
8.716968571	5.603748813
4.108842744	6.9
5.641194768	4.946008248
11.37562876	5.070945905
5.98274126	7.441299538
10.75626126	6.79687205
5.982381998	4.558652229
6.317638873	5.33683507
6.317638873	6.66316493
7.151115443	5.933477255
7.151115443	6.066522745
12.37660931	5.080619198
7.33564434	5.142709544
7.33564434	6.857290456
5.164552937	6.729899304
8.656844977	6.735615834
8.656844977	5.264384166
7.515907981	5.169079979
7.515907981	6.830920021
11.58192681	7.257616189
7.590611422	4.832928942
7.590611422	7.167071058
11.21150873	5.526892131
5.839414742	7.271489441
6.033421285	5.054317482
6.033421285	6.945682518
4.786596099	7.240120874
11.58623371	4.782779027
11.35039173	7.382091219
11.36503474	4.611389938
9.121825806	7.325158851
9.121825806	4.674841149
11.80621611	6.266284315
11.95000254	7.450769185
5.84027502	4.726488207
5.694805595	5.051869608
8.979348717	6.390137557
8.979348717	5.609862443
8.988291608	6.929834514
8.988291608	5.070165486
12.38767751	6.107182038
10.25044843	7.239959843
10.25044843	4.760040157
5.202581468	6.131651929
4.321226039	5.66221531
6.720923882	4.687855138
6.720923882	7.312144862
7.701817199	5.242370915
7.701817199	6.757629085
6.667917988	4.87674115
6.667917988	7.12325885
8.190331102	5.158904284
8.190331102	6.841095716
9.989737073	7.124397033
9.989737073	4.875602967
4.464178639	5.743340078
6.428118579	5.427023536
6.428118579	6.572976464
4.657952264	5.919778547
9.350000042	6.166194121
9.350000042	5.833805879
8.35000338	6.166310618
8.35000338	5.833689382
8.268394759	7.265337009
8.268394759	4.734662991
10.00680581	6.766072353
10.00680581	5.233927647
9.71482801	6.911424027
9.71482801	5.088575973
7.362478801	5.578737668
7.362478801	6.421262332
8.252171755	4.108300208
8.252171755	7.891699792
9.431280137	7.890516631
9.431280137	4.109483369
10.20704356	6.825192953
10.20704618	5.174807703
10.69302227	6.57109815
5.184229259	7.310787945
10.00441436	6.35090031
10.00441465	5.649101137
10.97178534	5.154197678
10.45000001	5.940733438
12.06777885	5.581404447
11.94980731	7.124053945
10.97206397	6.843771763
4.713558228	6.217178879
5.978689372	4.891182558
5.978689372	7.108817442
9.056066292	6.550881349
9.056066292	5.449118651
10.45032124	6.059755736
8.920189396	6.155927672
8.920189396	5.844072328
5.025355194	7.517959307
4.83907936	5.602622278
4.727126996	6.987087134
4.126772169	5.968507747
8.929744423	7.673437232
8.929744423	4.326562768
8.050000014	6.056040352
8.050000014	5.943959648
4.331600657	4.433548748
5.207188309	4.928592954
9.792028387	7.671204787
9.792028387	4.328795213
10.51414697	5.434793082
8.648002385	6.549562383
8.648002385	5.450437617
6.670189792	5.932057429
6.670189792	6.067942571
6.578072986	4.694858383
6.578072986	7.305141617
4.317777373	7.010347953
10.61012669	6.943047521
10.610404	5.057923998
4.976251354	6.459039893
4.95987695	7.008268965
5.916854769	6.918358235
5.91699821	5.081839016
7.516372687	7.866817607
7.516372687	4.133182393
11.04563197	7.076045876
11.04546036	4.923682773
10.08796927	7.361073663
10.08796927	4.638926337
11.99704516	5.890795536
12.12474254	5.758893182
5.179398366	4.685354254
11.72786566	5.385289085
5.410807042	7.858461052
5.339319179	6.216779606
4.124904549	5.262816898
5.924729016	5.429968046
5.924806994	6.570076985
6.63607198	5.263188156
6.63607198	6.736811844
6.695623221	4.526179403
6.695623221	7.473820597
11.80125566	6.019357483
10.85616714	7.224910155
10.85598239	4.775100595
6.829485015	5.450850965
6.829485015	6.549149035
5.035004349	4.471479497
9.440821089	6.944916102
9.440821089	5.055083898
8.438857857	6.923344274
8.438857857	5.076655726
4.614865519	7.391616124
8.349518237	6.602852276
8.349518237	5.397147724
12.18969399	4.37454877
6.082933644	5.134558874
6.082934804	6.865441796
5.41054082	4.141490376
12.11351565	4.992065859
4.340325658	7.287626251
5.55067799	7.288578092
5.493135109	7.123694149
9.350066799	6.60192334
9.350066799	5.39807666
7.942157985	5.727706949
7.942157985	6.272293051
7.055353185	5.563589585
7.055353185	6.436410415
4.397101741	7.407515844
9.828561735	7.068067842
9.828561735	4.931932158
4.708155396	5.58769121
10.37829581	7.091739924
10.37829581	4.908260076
10.63426413	7.88757573
10.63426413	4.11242427
8.257774544	6.948871648
8.257774544	5.051128352
11.82690868	7.34867214
10.24388733	7.011820401
10.24388733	4.988179599
7.3734593	4.905802388
7.3734593	7.094197612
11.4127907	7.899044539
11.4127907	4.100955461
10.28653663	6.910835881
10.28647541	5.089141631
7.261854647	5.070148532
7.261854647	6.929851468
11.30765608	6.715511005
5.85144528	5.445595651
5.85	6.554735739
8.048396188	5.051977686
8.048396188	6.948022314
10.97867619	5.297318711
9.650463475	6.55709462
9.650463475	5.44290538
8.146885076	7.699166639
8.146885076	4.300833361
5.433581728	5.022582901
5.65	6.554735739
5.576976994	6.56892231
5.304170194	6.075576828
9.505791332	4.30820032
9.505791332	7.69179968
8.940808507	7.103977533
8.940808507	4.896022467
8.833101769	7.086929641
8.833101769	4.913070359
7.309936847	5.737130281
7.309936847	6.262869719
12.16403635	6.035202337
8.66056209	6.950472184
8.66056209	5.049527816
8.443359657	6.060620972
8.443359657	5.939379028
9.256626726	6.060559674
9.256626726	5.939440326
4.336203193	4.897030512
11.30917699	5.274352917
5.146374741	5.670460141
4.837035168	6.548317471
12.07947731	6.811660325
8.397075533	6.310028535
8.397075533	5.689971465
12.11781318	7.684332256
8.297623343	6.309376368
8.297623343	5.690623632
9.815524387	7.268174685
9.815524387	4.731825315
7.604004437	5.702988318
7.604004437	6.297011682
6.596306988	4.276443385
6.591255918	7.725463409
8.52374535	6.837177152
8.52374535	5.162822848
9.298019153	6.30941448
9.298019153	5.69058552
9.401981001	6.309414454
9.401981001	5.690585546
6.755753597	5.828875862
6.755753597	6.171124138
4.319303237	6.384286178
11.5657887	6.319837937
5.220682733	5.958956948
5.449228538	5.444707501
8.930427917	6.691306253
8.930427917	5.308693747
9.519205607	6.837937225
9.519205607	5.162062775
4.097009645	6.3
7.313425992	5.247926817
7.313425992	6.752073183
5.599820454	7.506780585
7.096228219	5.663282726
7.096228219	6.336717274
8.771798549	7.474337715
8.771798549	4.525662285
8.516563671	7.686045698
8.516563671	4.313954302
6.555464745	5.939256536
6.555464745	6.060743464
5.536757076	4.700023414
10.69674012	5.396018346
4.387118402	6.847034942
12.01808641	4.753186457
7.589360307	4.95375739
7.589360307	7.04624261
12.1728574	6.511227499
10.62622711	7.588333545
10.62622711	4.411666455
6.689378849	5.18590153
6.689378849	6.81409847
10.11076455	6.297211133
10.11073734	5.702876464
7.41770702	5.646202006
7.41770702	6.353797994
7.116378015	5.504295667
7.116378015	6.495704333
6.550495178	5.8499993
6.550495178	6.1500007
5.32998302	6.921862596
5.279165636	6.994760285
5.263779521	6.935440969
7.762934498	4.869160929
7.737553227	4.938923123
7.693068749	4.844552442
7.693068749	7.155447558
7.737553227	7.061076877
7.762934498	7.130839071
7.825528579	4.898229652
7.781044101	4.80385897
7.781044101	7.19614103
7.825528579	7.101770348
6.489304461	7.92543027
6.58814167	7.92543027
6.417395576	7.891781403
6.534607014	7.817211672
6.455069975	4.074199547
6.525991207	4.109243091
6.41129374	4.183442638
5.253407134	6.858627593
5.20258975	6.931525282
4.677715618	5.135580872
4.703550341	5.249088106
4.624222852	5.211411031
6.356232766	4.074199547
5.01600612	6.417423489
4.931640759	6.382125852
4.971395526	6.340509448
10.03156912	7.06436314
10.14042548	7.063303006
10.09859344	7.123336899
10.09859344	4.876663101
10.14042548	4.936696994
10.03156912	4.93563686
4.815820644	4.866902195
4.87143491	4.96434807
4.784316599	4.941891234
7.780367292	6.183337494
7.746487396	6.225246078
7.708024527	6.187855596
7.708024527	5.812144404
7.746487396	5.774753922
7.780367292	5.816662506
4.922667804	6.455607976
4.87805721	6.378693935
11.71390853	6.604810508
11.68317489	6.69728365
11.62537975	6.582293887
6.112654615	5.005587879
6.13490385	4.929696683
6.181206913	4.991665983
6.181206913	7.008334017
6.13490385	7.070303317
6.112654615	6.994412121
8.780461028	7.350614183
8.789454708	7.271009517
8.865239612	7.292234613
8.865239612	4.707765387
8.789454708	4.728990483
8.780461028	4.649385817
11.96622157	4.348321191
11.98518286	4.229227585
12.0617038	4.32506717
4.496539668	5.871927771
4.434901344	5.829457873
4.525816962	5.785809975
4.126865419	7.3958625
4.215427044	7.473225188
4.088561625	7.477362688
12.20176419	5.504286192
12.14689638	5.597553189
12.12264666	5.488137451
11.29185926	7.59748786
11.37917174	7.52973194
11.37322505	7.608909056
11.35395442	6.359445687
11.42920561	6.349287802
11.43413545	6.428353545
9.050189845	4.875039078
9.130999687	4.846959567
9.127313524	4.934508304
9.127313524	7.065491696
9.130999687	7.153040433
9.050189845	7.124960922
5.649594849	4.498544706
5.551973703	4.523387292
5.586874332	4.434230633
7.754778631	5.638727719
7.808414309	5.624804275
7.803635753	5.687765692
7.803635753	6.312234308
7.808414309	6.375195725
7.754778631	6.361272281
6.470955174	5.125807905
6.529396317	5.113902666
6.508441143	5.185559677
6.508441143	6.814440323
6.529396317	6.886097334
6.470955174	6.874192095
4.710541143	4.919470991
4.766155409	5.016916866
8.0845532	6.560743325
8.021402524	6.5254731
8.077989638	6.491725471
8.077989638	5.508274529
8.021402524	5.4745269
8.0845532	5.439256675
4.427306794	5.391418167
4.412738298	5.293418801
4.492837041	5.305963476
5.587287701	5.192756653
5.644791261	5.186817631
5.60893291	5.24574583
10.31038481	6.391867979
10.34906706	6.434134682
10.29427041	6.461123563
5.106951834	4.877840547
5.039924941	4.84682589
5.093488229	4.774282979
5.366906617	7.503087011
5.371076036	7.597053201
5.28329559	7.541829668
5.108051164	6.114705526
5.063360708	6.160262126
5.059694643	6.093238569
5.064466523	5.34559309
5.146202052	5.372191645
5.085421037	5.422239537
10.04021984	7.179378419
10.1490762	7.178318285
10.1490762	4.821681715
10.04021984	4.820621581
7.028087108	5.410751778
7.092397581	5.386413486
7.099689623	5.44028162
7.099689623	6.55971838
7.092397581	6.613586514
7.028087108	6.589248222
6.129619516	4.859880029
6.061067218	4.873801924
6.061067218	7.126198076
6.129619516	7.140119971
4.774974163	6.088446983
4.83400697	6.028083897
4.873928586	6.090326457
4.538328337	5.152933953
4.56416306	5.266441188
10.29486669	5.539310423
10.34932713	5.567472504
10.31010224	5.609319807
8.696080564	5.187402219
8.713676548	5.138741682
8.764213371	5.169487332
8.764213371	6.830512668
8.713676548	6.861258318
8.696080564	6.812597781
5.50837965	5.193027791
5.544238002	5.134099592
7.674595463	6.052541914
7.624595463	6.052541926
7.624595463	5.947458074
7.674595463	5.947458086
7.784415118	6.259519419
7.712072353	6.264037522
7.712072353	5.735962478
7.784415118	5.740480581
6.229774382	4.967441366
6.207525147	5.043332562
6.207525147	6.956667438
6.229774382	7.032558634
5.280911481	6.4973485
5.246655866	6.450360271
5.30727828	6.426866339
11.49012363	6.336341662
11.4099426	6.267433805
8.064590661	4.744440303
8.025157797	4.64685264
8.109693291	4.663025777
8.109693291	7.336974223
8.025157797	7.35314736
8.064590661	7.255559697
12.26477213	5.448229068
12.28902184	5.557644806
10.07445836	6.053327233
10.02445836	6.053327246
10.02445786	5.946674105
10.07445786	5.946674118
4.964700146	4.816313677
4.978163751	4.919871245
5.438002922	6.857930593
5.388121252	6.886471168
5.364478575	6.834002706
11.81010715	7.629000079
11.91734294	7.68395444
11.80491939	7.713043577
11.37550334	7.70908943
11.46281581	7.64133351
11.77778622	4.291513102
11.86000486	4.360066515
11.74809045	4.399098012
6.499756155	5.444929234
6.563198575	5.422787751
6.563442421	5.477858516
6.563442421	6.522141484
6.563198575	6.577212249
6.499756155	6.555070766
8.088159255	6.207972644
8.036251085	6.183816056
8.091322052	6.160061783
8.091322052	5.839938217
8.036251085	5.816183944
8.088159255	5.792027356
5.416566688	5.325513692
5.474759562	5.331512071
5.466882138	5.382829518
7.880930985	4.984700108
7.877623964	4.923591653
7.951135973	4.944760152
7.951135973	7.055239848
7.877623964	7.076408347
7.880930985	7.015299892
10.24484559	6.354498676
10.29964225	6.327509795
10.35392411	6.284723016
10.28838489	6.247353713
5.447652094	5.675689253
5.447652094	5.625689253
11.9365258	4.4559061
4.486748177	5.951334175
4.577663795	5.907686277
10.09415258	6.542177036
10.07231083	6.619855257
10.01629869	6.564251087
10.01629869	5.435748913
10.07231083	5.380144743
10.09415258	5.457822964
12.42044998	4.294449447
12.34338621	4.273424503
12.42293624	4.178975056
5.034807271	6.312026953
4.95044191	6.276729316
10.29922665	5.673974461
10.2447662	5.645812379
6.312536383	4.662166176
6.305942551	4.579793226
6.369772146	4.583065923
6.369772146	7.416934077
6.305942551	7.420206774
6.312536383	7.337833824
8.752389992	7.605984728
8.833092652	7.688553175
8.758383552	7.702106768
8.758383552	4.297893232
8.833092652	4.311446825
8.752389992	4.394015272
7.504720322	5.34316673
7.42440911	5.362941798
7.465521609	5.305720058
7.465521609	6.694279942
7.42440911	6.637058202
7.504720322	6.65683327
8.794729455	4.814916118
8.709950871	4.756536547
8.709950871	7.243463453
8.794729455	7.185083882
7.492847706	5.091716296
7.456973495	5.013865742
7.513097199	4.992935411
7.513097199	7.007064589
7.456973495	6.986134258
7.492847706	6.908283704
9.944339267	6.225313297
9.991195138	6.200881017
9.984857739	6.257911423
9.98485707	5.742090379
9.99119447	5.799120784
9.944339267	5.774686703
11.58138885	7.69980155
11.57911056	7.599621177
11.75081537	6.513317728
11.80861051	6.628307491
7.836789726	5.523219788
7.850709286	5.461867762
7.89970103	5.510499007
7.89970103	6.489500993
7.850709286	6.538132238
7.836789726	6.476780212
10.38609047	6.494631585
10.40220487	6.425376001
7.723721235	6.034077965
7.698316698	6.086619179
7.698316698	5.913380821
7.723721235	5.965922035
9.900367215	6.244713066
9.906704615	6.187682661
9.906704615	5.812317339
9.900367215	5.755286934
7.731538763	4.650443364
7.660591425	4.59720261
7.757398155	4.576850988
7.757398155	7.423149012
7.660591425	7.40279739
7.731538763	7.349556636
11.9122176	5.109942955
11.84179825	5.053506534
11.92317817	5.01512747
5.28571965	4.45995237
5.391026813	4.413177665
5.383946023	4.505847923
4.064804532	4.75
4.152589177	4.798932078
4.087784645	4.848932078
10.5978634	7.408867212
10.69022306	7.436680264
10.65140028	7.506005511
10.65140028	4.493994489
10.69022306	4.563319736
10.5978634	4.591132788
7.87152645	5.62284664
7.822669329	5.573808667
7.822669329	6.426191333
7.87152645	6.37715336
4.806867881	5.252902536
4.753375115	5.328732695
10.28783055	5.753844285
10.3531666	5.717351713
11.75577836	5.598200456
11.83349611	5.604332669
11.77683262	5.68629021
11.90956596	7.883998969
11.99477103	7.802953381
11.99218181	7.918954412
11.99382092	4.102986782
11.89833869	4.126240803
8.880332471	6.270205075
8.846068204	6.325383914
8.817016713	6.274260413
8.817016713	5.725739587
8.846068204	5.674616086
8.880332471	5.729794925
7.186429414	5.187589428
7.148947607	5.124799255
7.199952714	5.106210865
7.199952714	6.893789135
7.148947607	6.875200745
7.186429414	6.812410572
7.414463695	4.970681099
7.394214201	5.069461985
7.394214201	6.930538015
7.414463695	7.029318901
7.190022811	5.766065787
7.196160811	5.816753174
7.145676916	5.799027945
7.145676916	6.200972055
7.196160811	6.183246826
7.190022811	6.233934213
4.092273201	7.322102112
4.21913862	7.317964611
9.003483862	6.282148527
9.010666214	6.227758272
9.051801563	6.276739906
9.051801563	5.723260094
9.010666214	5.772241728
9.003483862	5.717851473
7.107905635	5.08935812
7.094382335	5.170736684
7.094382335	6.829263316
7.107905635	6.91064188
9.15131825	4.259773832
9.209760634	4.315729818
9.125713044	4.374185351
9.125713044	7.625814649
9.209760634	7.684270182
9.15131825	7.740226168
10.4052605	5.577092764
10.39002494	5.507083379
6.10743316	7.922271522
6.122374084	7.806846227
6.189359529	7.884574704
6.189354366	4.115428044
6.122357822	4.19316264
6.10742206	4.077734596
5.961945356	5.20753066
6.014284212	5.20018726
5.989614678	5.252884978
5.989625822	6.747121458
6.014295356	6.799819176
5.961945356	6.79246934
6.310420836	4.99811255
6.284102601	4.946445972
6.284102601	7.053554028
6.310420836	7.00188745
4.61490073	7.680964845
4.616624502	7.580177818
4.696826693	7.619015827
9.999777473	6.090913643
9.975319109	6.037586522
9.975319009	5.962413748
9.999776872	5.909087978
8.788590323	6.457668144
8.717455761	6.440970244
8.788103132	6.412949087
8.788103132	5.587050913
8.717455761	5.559029756
8.788590323	5.542331856
4.465811629	5.098285601
4.393768012	5.137943761
4.381311096	5.028265253
8.414036535	7.041190197
8.42296087	7.134299096
8.356451866	7.098787527
8.356451866	4.901212473
8.42296087	4.865700904
8.414036535	4.958809803
5.584787452	5.294873399
5.571610284	5.363444922
5.538252181	5.320256375
7.903791466	4.387136954
7.804696826	4.331096978
7.900808483	4.289786624
7.900808483	7.710213376
7.804696826	7.668903022
7.903791466	7.612863046
6.257395556	4.074199547
6.272331318	4.189627591
6.26713245	7.80969469
6.252191526	7.925119985
7.535298197	4.378309209
7.43723283	4.329833889
7.518527831	4.283064065
7.518527831	7.716935935
7.43723283	7.670166111
7.535298197	7.621690791
10.56811533	6.44253981
10.57702363	6.383872481
10.6294693	6.423173624
8.512750874	7.157356685
8.548316949	7.07063851
8.580522284	7.151293429
8.580522284	4.848706571
8.548316949	4.92936149
8.512750874	4.842643315
5.363478994	7.680672633
5.447090022	7.641929977
7.139396271	5.362395081
7.067793756	5.332865239
7.067793756	6.667134761
7.139396271	6.637604919
5.063827969	7.458141857
4.974897974	7.420084052
5.013370749	7.360266602
8.721185723	6.914822694
8.653052916	6.896907808
8.653052916	5.103092192
8.721185723	5.085177306
5.897408614	5.217076707
5.922078147	5.164378989
5.922562936	6.835435589
5.897893402	6.782737871
10.64659591	5.970064796
10.64461444	5.9143129
10.71437001	5.939621989
5.029553067	5.607402578
5.073366513	5.661573187
5.010280841	5.674197209
5.746940306	4.898663704
5.695243863	4.956394074
5.692891211	4.888277878
10.95822555	6.911517529
11.04459405	6.876842381
11.03075563	6.944588148
11.03079795	5.054568868
11.04449706	5.121299355
10.95808623	5.087467191
4.37939268	5.217283524
4.313862433	5.302738215
11.06406029	7.20562747
11.09972109	7.295328533
11.03168855	7.308426881
11.03168855	4.691573119
11.09972109	4.704671467
11.06406029	4.79437253
8.724105463	6.04317619
8.691721831	6.096981606
8.667616369	6.053805866
8.667616369	5.946194134
8.691721831	5.903018394
8.724105463	5.95682381
9.032656572	6.05341711
9.008419946	6.093634035
8.975763374	6.040217301
8.975763374	5.959782699
9.008419946	5.906365965
9.032656572	5.94658289
9.14101358	7.232647743
9.21813726	7.173178517
9.21813726	4.826821483
9.14101358	4.767352257
10.76885748	7.440318683
10.7153206	7.343180384
10.7153206	4.656819616
10.76885748	4.559681317
5.694495406	5.376249803
5.636669842	5.378675042
5.675971119	5.335636707
5.186726026	6.479992617
5.213092825	6.409510456
8.145122591	6.133096125
8.196737773	6.109882344
8.194845404	6.16100459
8.194845404	5.83899541
8.196737773	5.890117656
8.145122591	5.866903875
11.99305408	4.538310062
11.88683737	4.550055387
9.50148405	6.158878832
9.493251495	6.109113752
9.542187458	6.130657765
9.542187458	5.869342235
9.493251495	5.890886248
9.50148405	5.841121168
4.087784645	4.948932078
6.979678192	5.136593115
6.970374789	5.078380317
7.04403696	5.07708275
7.04403696	6.92291725
6.970374789	6.921619683
6.979678192	6.863406885
8.890473338	4.107662393
8.791636129	4.107662393
8.791636129	7.892337607
8.890473338	7.892337607
7.895733567	4.858289695
7.895733567	7.141710305
5.094864313	5.478818467
5.013128784	5.452219911
7.615677182	4.540393989
7.580748373	4.444358565
7.651522007	4.427574809
7.651522007	7.572425191
7.580748373	7.555641435
7.615677182	7.459606011
7.70915352	4.282643017
7.712136503	4.379993346
7.712136503	7.620006653
7.70915352	7.717356983
4.994519728	5.56441272
5.0576054	5.551788699
11.42410199	5.273826605
11.51967353	5.258476911
11.49524177	5.338228897
8.117224402	4.835238466
8.032688908	4.81906533
8.032688908	7.18093467
8.117224402	7.164761534
6.565458091	5.700745572
6.608181943	5.745098567
6.542723852	5.744352595
6.542723852	6.255647405
6.608181943	6.254901433
6.565458091	6.299254428
8.424411028	6.866399847
8.371878447	6.886648586
8.357431618	6.829704159
8.357431618	5.170295841
8.371878447	5.113351414
8.424411028	5.133600153
8.665656989	7.111056536
8.630090914	7.197774711
8.630090914	4.802225289
8.665656989	4.888943464
10.69275173	6.457028387
10.72898237	6.501656985
10.65679164	6.526469551
8.0165758	4.896757595
7.963942059	4.805959432
7.963942059	7.194040568
8.0165758	7.103242405
10.17243379	6.293675813
10.12746832	6.248943595
10.18913755	6.245408275
6.221870419	4.592203087
6.279106182	4.513102834
6.279106182	7.486897166
6.221870419	7.407796913
11.87376758	5.548165647
11.89482183	5.636255401
6.977824753	4.999679351
6.913465985	5.059189717
6.913465985	6.940810283
6.977824753	7.000320649
9.976536676	7.71939071
9.89063355	7.678431155
9.973783614	7.627219283
9.973783614	4.372780717
9.89063355	4.321568845
9.976536676	4.28060929
10.18902783	5.754904944
10.1274512	5.751109659
10.17231397	5.706671749
7.773397757	4.702440995
7.676591027	4.722792617
7.676591027	7.277207383
7.773397757	7.297559005
4.837173004	5.175695785
4.886997779	5.255340374
5.642291012	5.288934377
7.566482942	7.767639111
7.468417575	7.816114431
7.468417575	4.183885569
7.566482942	4.232360889
8.977001586	6.326229368
8.935866237	6.277247734
8.935866237	5.722752266
8.977001586	5.673770632
7.42189931	5.947867406
7.47189931	5.947867419
7.47189931	6.052132581
7.42189931	6.052132594
11.08137805	6.992979438
10.99500955	7.027654586
10.99492374	4.972209738
11.08133457	5.006041902
5.599056212	4.989990993
5.527515539	4.976670173
5.569654095	4.932687428
5.462051477	5.725261449
5.40970357	5.700950702
10.70166003	6.398361058
5.487936731	5.262940549
5.262318272	5.74863897
5.288164966	5.802705479
5.220103931	5.801965461
5.134695718	6.906030347
5.145068105	6.982843723
4.406153063	5.772338354
4.376875768	5.858456149
11.93006985	4.928633616
12.00048919	4.985070037
11.75580772	7.570547498
11.86823127	7.541458361
7.335879175	5.340794818
7.375422425	5.398914577
7.326091203	5.41421427
7.326091203	6.58578573
7.375422425	6.601085423
7.335879175	6.659205182
4.338483649	7.62119368
4.449020893	7.589908571
4.424161294	7.673411945
12.28719669	4.202408925
12.28471043	4.317883316
9.356696913	7.09335295
9.291642509	7.135473986
9.27317777	7.05145017
9.27317777	4.94854983
9.291642509	4.864526014
9.356696913	4.90664705
6.961599608	5.949009124
6.988689904	5.899176959
7.027090296	5.95016696
7.027090296	6.04983304
6.988689904	6.100823041
6.961599608	6.050990876
6.351028736	7.925119985
6.396331288	7.816901388
4.937253638	5.813301352
4.970166385	5.745143349
5.021181539	5.796525821
5.464117746	4.366827788
5.365891373	4.320932235
8.494859023	6.216400662
8.446478213	6.19428117
8.491109939	6.162259002
8.491109939	5.837740998
8.446478213	5.80571883
8.494859023	5.783599338
8.400115338	6.207366725
8.396366254	6.153225064
8.396366254	5.846774936
8.400115338	5.792633275
5.346523009	5.346364361
5.358228321	5.404325422
5.296062066	5.373858645
4.578731556	5.364440554
9.208888402	6.162210191
9.253508639	6.194228713
9.205130688	6.21635438
9.205130688	5.78364562
9.253508639	5.805771287
9.208888402	5.837789809
9.303633197	6.153139323
9.299875484	6.207283511
9.299875484	5.792716489
9.303633197	5.846860677
9.450612205	6.189613081
9.399338182	6.204042732
9.401274064	6.15176447
9.401274064	5.84823553
9.399338182	5.795957268
9.450612205	5.810386919
9.499548168	6.211157095
9.499548168	5.788842905
9.631311892	7.295855607
9.676647425	7.370265034
9.597692208	7.356096486
9.597692208	4.643903514
9.676647425	4.629734966
9.631311892	4.704144393
12.37893943	4.581599421
12.29938941	4.476048868
12.42044998	4.494449447
7.499453372	4.491128389
7.499453372	7.508871611
4.294892146	5.147263176
5.330757491	5.118656007
5.281791998	5.179406781
5.269689445	5.108672099
9.22090187	6.795294202
9.240352477	6.88279612
9.1638128	6.842617185
9.1638128	5.157382815
9.240352477	5.11720388
9.22090187	5.204705798
5.22575666	5.382367839
5.204802146	5.305721391
11.15893767	7.339010626
11.19130941	7.236211216
11.19130941	4.763788784
11.15893767	4.660989374
11.42220187	6.492340831
11.40701073	6.557321526
11.34369313	6.503492125
6.060756495	7.612808768
5.967851143	7.628686342
5.984209258	7.554951598
5.983012771	4.444882717
5.966625193	4.371157121
6.060727032	4.387200379
8.146283519	4.584503837
8.185716383	4.6820915
8.185716383	7.3179085
8.146283519	7.415496163
6.26558997	4.858193479
6.346236423	4.888864662
6.346236423	7.111135338
6.26558997	7.141806521
4.517840331	7.729841621
4.407303087	7.761126731
10.59496307	6.334507946
10.5336091	6.353874132
11.83907825	7.811161085
11.73184246	7.756206724
11.7089383	4.237407426
11.82085271	4.198375929
4.72471153	5.083877285
4.798486986	5.106297528
4.591100488	7.094140474
4.501911622	7.061700441
4.531837882	6.989585415
4.90129059	7.407910129
4.95174781	7.505785384
9.922228551	6.632604529
9.936474378	6.695139632
9.864245983	6.685814853
9.864245983	5.314185147
9.936474378	5.304860368
9.922228551	5.367395471
10.05753583	6.690048253
10.13538972	6.667974201
10.13538972	5.332025799
10.05753583	5.309951747
8.196763434	5.78670318
8.248378616	5.809916961
8.248378616	6.190083039
8.196763434	6.21329682
5.700116577	5.286509138
4.408195413	7.045575913
4.467458019	7.150130972
6.753684988	5.460192232
6.68552919	5.480891348
6.695040639	5.435017918
6.695040639	6.564982082
6.68552919	6.519108652
6.753684988	6.539807768
4.797331524	5.968182156
4.896285947	5.97006163
5.014428921	6.193520995
5.062785442	6.214987952
10.27883397	6.053420716
10.22883397	6.053420728
4.675416408	6.484373367
4.757379534	6.556537179
4.682494759	6.558853572
4.724305387	6.121691651
4.764227003	6.183934211
5.231049649	5.706237583
5.299110685	5.7069776
9.293182299	4.278561877
9.267577093	4.392973396
9.267577093	7.607026604
9.293182299	7.721438123
7.403836044	5.270663953
7.484147256	5.250888885
7.484147256	6.749111115
7.403836044	6.729336047
10.22879436	5.946656889
10.27879436	5.946656901
8.300150013	5.795657056
8.298231983	5.847949286
8.298231983	6.152050714
8.300150013	6.204342944
8.140961051	6.239072179
8.085890084	6.262826453
8.085890084	5.737173547
8.140961051	5.760927821
7.225906282	5.94999466
7.275906282	5.949994672
7.275906282	6.050005328
7.225906282	6.05000534
8.455166205	7.214954015
8.455166205	4.785045985
5.449448285	6.072141509
5.449448285	6.022141509
8.934181492	7.277906451
8.925187812	7.357511117
8.925187812	4.642488883
8.934181492	4.722093549
5.562537506	5.444413949
5.590134571	5.404058018
5.627597065	5.459644069
11.56450839	4.391397143
11.46073764	4.352087315
11.56210106	4.291234772
4.873121991	6.766640654
4.864642359	6.674679081
4.933145691	6.693943224
4.233781272	4.8092989
4.210801159	4.710366822
8.82099507	6.379543119
8.884310827	6.375487781
8.884310827	5.624512219
8.82099507	5.620456881
9.570912744	7.425517656
9.525577211	7.351108229
9.525577211	4.648891771
9.570912744	4.574482344
9.917178614	7.434403243
9.944412145	7.526835771
9.860646956	7.4938272
9.860646956	4.5061728
9.944412145	4.473164229
9.917178614	4.565596757
12.16493797	7.281310167
12.19576205	7.185445907
12.26067949	7.228213387
8.326213284	6.927815763
8.393192694	6.964511451
8.393192694	5.035488549
8.326213284	5.072184237
10.12633155	6.962251202
10.21157464	6.965996779
10.15864425	7.008074824
10.15864425	4.991925176
10.21157464	5.034003221
10.12633155	5.037748798
4.651994934	6.863994319
4.607660412	6.791994179
4.671887381	6.768565698
5.198571352	5.104027517
5.247536845	5.043276744
5.710668258	6.717325671
5.651759294	6.695597085
5.692868746	6.655443675
8.662496586	6.595025844
8.71758857	6.553971947
8.732082771	6.599435408
8.732082771	5.400564592
8.71758857	5.446028053
8.662496586	5.404974156
9.629266578	6.939881165
9.670623346	6.883956579
9.673471243	6.967348612
9.673471243	5.032651388
9.670623346	5.116043421
9.629266578	5.060118835
10.45763404	7.488594989
10.42183345	7.412650739
10.52324003	7.402248209
10.52324003	4.597751791
10.42183345	4.587349261
10.45763404	4.511405011
11.49745306	6.482182946
9.260747791	6.969724118
9.31783686	6.922401136
9.31783686	5.077598864
9.260747791	5.030275882
9.586688289	6.902225706
9.589536186	6.985617739
9.589536186	5.014382261
9.586688289	5.097774294
12.42044998	4.394449447
5.153229371	5.783972023
5.179076065	5.838038532
8.724739721	4.453061982
8.705455788	4.528742613
8.658396959	4.45614231
8.658396959	7.54385769
8.705455788	7.471257387
8.724739721	7.546938018
8.776429373	6.622118862
8.721337389	6.663172759
8.721337389	5.336827241
8.776429373	5.377881138
7.773677584	5.525177422
7.773677584	6.474822578
5.403507367	6.945790483
9.738220584	7.415950293
9.771840267	7.355709414
9.771840267	4.644290586
9.738220584	4.584049707
7.414621138	5.436361249
7.414621138	6.563638751
7.112864421	5.828242964
7.106726421	5.777555576
7.106726421	6.222444424
7.112864421	6.171757036
12.07575002	6.441775862
11.96904819	6.452838442
12.02514128	6.371293712
4.926352939	5.69097274
4.84926002	7.896304159
4.94809723	7.896304159
11.44123139	4.628733561
11.41408986	4.531819812
11.4902865	4.549163436
7.225274025	5.38601892
7.188628572	5.347185615
7.249902501	5.317261206
7.249902501	6.682738794
7.188628572	6.652814385
7.225274025	6.61398108
12.27365164	4.847301689
12.30801094	4.946177637
12.21665858	4.904597226
10.57431672	6.509763559
10.52187105	6.470462416
9.114883545	6.983765645
9.195693387	7.011845155
9.195693387	4.988154845
9.114883545	5.016234355
8.297863128	7.147122596
8.288938793	7.054013697
8.288938793	4.945986303
8.297863128	4.852877404
9.057402636	6.947826402
9.125782499	6.89417986
9.125782499	5.10582014
9.057402636	5.052173598
5.018673246	6.038822669
4.99617784	5.990250301
5.081889692	5.9991096
11.65078615	7.751811611
11.5344914	7.793523945
11.52325139	4.195125
11.62702213	4.234434828
4.990619344	6.640069225
4.999098977	6.732030798
6.228082632	5.091769917
6.265801725	5.152364413
6.196676771	5.128151675
6.196676771	6.871848325
6.265801725	6.847635587
6.228082632	6.908230083
4.948075256	4.103549139
4.849238047	4.103549139
6.457520924	5.309947712
6.428673682	5.265775306
6.478847242	5.241637322
6.478847242	6.758362678
6.428673682	6.734224694
6.457520924	6.690052288
6.594384789	4.074162211
6.550608554	4.183405302
12.13517954	4.290261167
12.11621825	4.409354773
4.696005372	6.663791471
4.614042246	6.59162766
5.722312785	4.468631226
5.687412156	4.557787885
8.350004454	6.213087224
8.400116412	6.25414333
8.400116412	5.74585667
8.350004454	5.786912776
9.299875495	6.254181603
9.350000053	6.213092213
9.350000053	5.786907787
9.299875495	5.745818397
9.399338194	6.250940825
9.399338194	5.749059175
5.392651004	5.425086458
5.342190061	5.452580742
9.534007547	7.188276847
9.609705737	7.132887051
9.628054864	7.226297264
9.628054864	4.773702736
9.609705737	4.867112949
9.534007547	4.811723153
6.28821529	4.729752824
6.256419314	4.781755615
6.216910811	4.71089627
6.216910811	7.28910373
6.256419314	7.218244385
6.28821529	7.270247176
10.07546034	6.932228348
10.12839073	6.890150303
10.12839073	5.109849697
10.07546034	5.067771652
11.50657786	6.665608861
11.52126342	6.738976519
11.43319516	6.729818351
8.730990566	7.801319426
8.650287907	7.718750979
8.650287907	4.281249021
8.730990566	4.198680574
6.348772457	5.11180656
6.33097832	5.046549906
6.382543192	5.04237381
6.382543192	6.95762619
6.33097832	6.953450094
6.348772457	6.88819344
5.354400433	5.295046915
6.649921725	5.409949733
6.718077522	5.389250618
6.718077522	6.610749382
6.649921725	6.590050267
7.90420033	4.679179454
7.911846675	4.78059743
7.835991837	4.731509718
7.835991837	7.268490282
7.911846675	7.21940257
7.90420033	7.320820546
10.40020963	6.238553536
10.41146699	6.318709618
9.02840311	4.527218458
9.073213599	4.45756076
9.139344939	4.499799034
9.139344939	7.500200966
9.073213599	7.54243924
9.02840311	7.472781542
5.13401223	5.861610064
5.20088679	5.879603502
5.190713457	7.423093942
5.143265002	7.354556176
5.231677715	7.379325712
10.14327125	6.33169897
10.20494049	6.32816365
6.537288385	5.229732083
6.537288385	6.770267917
11.63236016	4.741616384
11.55183087	4.714428106
11.59795732	4.673265463
4.863103787	4.783153048
4.924864978	4.710107693
8.823206224	6.494014248
8.752558854	6.522035406
8.752558854	5.477964594
8.823206224	5.505985752
5.750205061	5.381366557
5.710903784	5.424404892
10.20482854	5.672189016
10.14325191	5.668393731
9.869588415	6.481457495
9.844270208	6.542369121
9.795618136	6.490525229
9.795618136	5.509474771
9.844270208	5.457630879
9.869588415	5.518542505
6.375124674	5.28431438
6.396450992	5.216003991
6.396450992	6.783996009
6.375124674	6.71568562
10.24612546	6.151243837
10.19968523	6.149338731
10.2112277	6.104936275
11.38578292	4.460281045
11.3367278	4.539851171
9.290630176	6.368161697
9.295538198	6.425767265
9.23612561	6.414470214
9.23612561	5.585529786
9.295538198	5.574232735
9.290630176	5.631838303
4.764072542	7.575572963
4.76234877	7.676359989
9.831164404	7.924487519
9.812741431	7.80978881
9.911809585	7.885301291
9.911809585	4.114698709
9.812741431	4.19021119
9.831164404	4.075512481
5.447415637	5.875928501
5.447415637	5.825928501
6.704435225	5.329570112
6.74955414	5.354638297
6.74955414	6.645361703
6.704435225	6.670429888
9.573886448	7.059069915
9.667933764	7.097090333
9.667933764	4.902909667
9.573886448	4.940930085
9.426945297	7.052097884
9.445410036	7.136121699
9.445410036	4.863878301
9.426945297	4.947902116
7.049923731	4.54669865
7.137415489	4.557065457
7.075735295	4.617329546
7.075735295	7.382670454
7.137415489	7.442934543
7.049923731	7.45330135
7.175557722	5.966738215
7.201464004	5.9167337
7.201464004	6.0832663
7.175557722	6.033261785
6.352044885	4.733025521
6.352044885	7.266974479
6.607119982	5.400918201
6.543433716	5.367988919
6.543433716	6.632011081
6.607119982	6.599081799
9.429808995	6.880216221
9.369131318	6.89019462
9.358119224	6.825494739
9.358119224	5.174505261
9.369131318	5.10980538
9.429808995	5.119783779
11.5912646	4.587905486
11.67179389	4.615093763
10.21117787	5.89515917
10.19892731	5.852494877
10.24533816	5.85064956
7.164024747	5.293637367
7.164024747	6.706362633
7.11458596	4.693405516
7.027094201	4.683038709
7.027094201	7.316961291
7.11458596	7.306594484
10.45464438	7.19766314
10.37596384	7.153190414
10.45697634	7.13621265
10.45697634	4.86378735
10.37596384	4.846809586
10.45464438	4.80233686
5.613640435	4.893198213
5.542099762	4.879877393
8.093214421	6.108939537
8.093214421	5.891060463
5.503377094	6.558982125
5.459015501	6.580046078
5.455638407	6.521063952
12.39538913	7.466111304
12.33511221	7.416111304
12.43972308	7.35
4.471758921	5.492214037
4.391660177	5.479669362
11.95811115	6.314678605
12.06481298	6.303616025
9.784160743	7.475255774
9.688967901	7.489811394
9.688967901	4.510188606
9.784160743	4.524744226
9.301656402	7.215081296
9.301656402	4.784918704
10.22566857	7.067048583
10.22566857	4.932951417
11.30778036	4.665748314
11.3970995	4.712948357
11.33984512	4.767306733
8.300151087	5.748880451
8.300151087	6.251119549
6.417590573	4.929945099
6.48117122	4.968461968
6.428329701	5.015634025
6.428329701	6.984365975
6.48117122	7.031538032
6.417590573	7.070054901
8.198174836	6.070961672
8.247897649	6.098870136
8.247897649	5.901129864
8.198174836	5.929038328
6.276650101	5.0675453
6.276650101	6.9324547
9.450169944	6.09855535
9.490873352	6.070334283
9.490873352	5.929665717
9.450169944	5.90144465
7.558858782	5.355015674
7.517746283	5.412237414
7.517746283	6.587762586
7.558858782	6.644984326
7.85621999	4.072975617
7.879169935	4.189848941
7.778763898	4.116873324
7.778763898	7.883126676
7.879169935	7.810151059
7.85621999	7.927024383
4.742016419	7.937183839
4.800578765	7.833487998
8.463500388	6.41414619
8.404061201	6.425609123
8.408999455	6.367982424
8.408999455	5.632017576
8.404061201	5.574390877
8.463500388	5.58585381
4.561860189	6.737088739
4.541967742	6.83251736
6.911025306	5.211757694
6.964281277	5.191124912
6.969290563	5.264991923
6.969290563	6.735008077
6.964281277	6.808875088
6.911025306	6.788242306
5.597843088	6.683857776
5.615642601	6.745739771
8.002379279	6.806631029
7.980119054	6.862081016
7.927900522	6.83025664
7.927900522	5.16974336
7.980119054	5.137918984
8.002379279	5.193368971
4.656309931	6.087134502
4.645562772	6.182621729
8.035081775	4.455632357
7.995951246	4.542673558
7.960772594	4.432867801
7.960772594	7.567132199
7.995951246	7.457326442
8.035081775	7.544367643
10.40658246	5.696256685
10.39518636	5.77612651
8.384823238	4.085307936
8.336490511	4.13945804
8.300504482	4.054150104
8.300504482	7.945849896
8.336490511	7.86054196
8.384823238	7.914692064
8.051496999	6.893238859
7.977018242	6.916864471
7.977018242	5.083135529
8.051496999	5.106761141
5.665336878	4.835467844
7.772240423	5.372031853
7.765981344	5.310975625
7.833271188	5.318494298
7.833271188	6.681505702
7.765981344	6.689024375
7.772240423	6.627968147
11.62191829	6.301809953
11.5602206	6.223556733
11.61635018	6.205528749
4.302946886	5.457584874
4.347399013	5.558380744
4.799819442	4.164890826
4.74127907	4.061341688
4.902773377	5.611324439
4.862658922	5.682270579
9.956348716	6.587615348
9.978190459	6.509937127
9.978190459	5.490062873
9.956348716	5.412384652
4.844561972	6.616499517
4.784538272	6.689196947
4.525871421	5.043255445
4.97398279	6.08437927
9.389526631	6.977122618
9.389526631	5.022877382
9.465104633	6.415791177
9.404456399	6.425996625
9.410690997	6.369253299
9.410690997	5.630746701
9.404456399	5.574003375
9.465104633	5.584208823
8.682972668	5.482374158
8.682972668	6.517625842
5.937022583	7.506064355
6.029927935	7.490186781
7.676130988	5.577710649
7.645962167	5.627096883
7.634937065	5.564812247
7.634937065	6.435187753
7.645962167	6.372903117
7.676130988	6.422289351
6.029748304	4.509789102
5.935646465	4.493745844
5.252066642	5.571345659
5.184634144	5.523669735
5.234589063	5.496514016
5.365441444	5.545127196
5.412082757	5.598721479
5.348662874	5.597784222
4.651462425	6.006648552
4.57271981	6.067578631
11.33718414	7.235978774
11.38711702	7.287077729
11.30045886	7.330992264
4.798048405	6.398250747
4.80702136	6.324768624
8.617616369	6.053805879
8.58095266	6.094912459
8.563336292	6.041107055
8.563336292	5.958892945
8.58095266	5.905087541
8.617616369	5.946194121
9.675380652	6.053884384
9.625380652	6.053884396
9.625380652	5.946115604
9.675380652	5.946115616
11.66708063	6.386801357
11.61095105	6.404829341
9.136705631	6.041031099
9.119362203	6.094447846
9.082656572	6.053417097
9.082656572	5.946582903
9.119362203	5.905552154
9.136705631	5.958968901
8.799448821	4.466615575
8.799448821	7.533384425
6.043005925	5.351559326
6.016451446	5.306076798
6.068508013	5.291024106
6.068519157	6.70898233
6.016556203	6.693983697
6.043099537	6.648494733
12.23354179	6.409859636
12.25404893	6.485357819
12.15235025	6.435729315
4.856468316	4.586765333
4.766765746	4.592295561
4.799965443	4.502113831
5.011762284	5.00235621
4.936537489	4.971843997
5.023831539	5.907610528
4.960615092	5.947323597
11.96497492	6.825672239
11.89907256	6.903700828
11.88092954	6.796378568
7.315358666	5.459821268
7.275815417	5.40170151
7.275815417	6.59829849
7.315358666	6.540178732
12.08197151	7.475744896
12.19543034	7.466522981
12.17731944	7.541444523
4.280003993	5.82715031
4.266553269	5.75758965
4.334676763	5.731775969
12.19009708	7.107630676
12.09435557	7.160727456
5.229018613	4.618988441
5.140646552	4.635998953
5.190266799	4.56963314
5.110668407	7.143149301
5.127844405	7.054370807
5.195786139	7.097117152
10.51154816	7.253494667
10.43053566	7.270472432
10.43053566	4.729527568
10.51154816	4.746505333
8.256525852	4.18003608
8.340844608	4.211193913
8.340844608	7.788806087
8.256525852	7.81996392
7.747065313	4.476028771
7.818012651	4.529269525
7.818012651	7.470730475
7.747065313	7.523971229
10.18937753	6.198161175
10.15447977	6.151853613
10.18793731	7.426474096
10.12332637	7.430885823
10.15258021	7.356661937
10.15258021	4.643338063
10.12332637	4.569114177
10.18793731	4.573525904
8.656785631	6.457953839
8.65629844	6.413234783
8.65629844	5.586765217
8.656785631	5.542046161
10.03031527	7.567795326
10.03031527	4.432204674
8.749860509	6.36284522
8.749860509	5.63715478
8.621815347	6.48989038
8.621815347	5.51010962
9.54845894	4.091335515
9.633489985	4.075512481
9.647065204	4.166847996
9.633489985	7.924487519
9.54845894	7.908664485
9.647065204	7.833152004
11.18482851	4.077190793
11.15608694	4.153474987
11.0875375	4.076284194
11.08761802	7.923637697
11.15665059	7.845978248
11.18531164	7.922340552
10.15446604	5.84817367
10.18862633	5.803664061
9.295516878	6.485099579
9.350021444	6.438791062
9.350021444	5.561208938
9.295516878	5.514900421
4.80106538	7.052476171
4.790157461	6.957655483
4.864095844	7.023044519
9.385325834	7.258090867
9.311820585	7.295795398
9.311820585	4.704204602
9.385325834	4.741909133
6.540233299	5.001666657
6.529494171	4.915977731
6.529494171	7.084022269
6.540233299	6.998333343
12.18226676	4.997769516
12.14790746	4.898893568
4.097160853	4.460550429
4.097160853	4.560550429
11.73080927	5.505285949
11.67414578	5.58724349
10.2867093	7.425623865
10.25745546	7.499847751
10.25745546	4.500152249
10.2867093	4.574376135
8.379215651	6.75840934
8.326683071	6.778658079
8.326683071	5.221341921
8.379215651	5.24159066
5.153483283	6.089666949
5.157149348	6.156690506
5.451881653	6.331004668
5.411085481	6.306667842
5.459203828	6.275663174
6.78433421	5.321716231
6.797976506	5.381396736
6.797976506	6.618603264
6.78433421	6.678283769
10.57261392	5.813263111
10.58049611	5.734984631
10.61602988	5.777167549
4.604913185	7.502980891
4.522987221	7.564929909
9.014771216	4.401604775
9.014771216	7.598395225
10.53663695	7.558868174
10.43523037	7.569270704
10.43523037	4.430729296
10.53663695	4.441131826
9.884120321	6.578290568
9.884120321	5.421709432
6.117782148	5.273931638
6.160545536	5.273722791
6.137825879	5.336297787
6.137825879	6.663702213
6.160545536	6.726277209
6.117782148	6.726068362
10.99967622	7.487068267
11.10172466	7.48665639
11.03405154	7.575596713
11.03480974	4.423447797
11.10248287	4.512388121
10.99967622	4.512931733
8.467474895	7.298570573
8.377684891	7.275512983
8.377684891	4.724487017
8.467474895	4.701429427
8.483660447	4.085307936
8.483660447	7.914692064
11.91719418	5.383955062
11.89470816	5.477180555
11.83492788	5.423017423
11.74910733	5.922501225
11.66554253	5.910822402
11.73961737	5.850524454
11.54547114	5.394226621
11.44989959	5.409576314
11.54538357	6.822870503
11.61876627	6.758661014
12.39538913	7.566111304
4.504621787	6.118676693
4.499774281	6.038190744
9.286287571	7.89934085
9.333322988	7.844599166
9.38424472	7.945258316
9.38424472	4.054741684
9.333322988	4.155400834
9.286287571	4.10065915
6.911599608	5.949009111
6.911599608	6.050990889
12.22788678	6.327987919
12.32958546	6.377616423
8.683540484	4.091018181
8.683540484	7.908981819
7.618495314	5.469756186
7.638417661	5.394299769
7.685028232	5.439969597
7.685028232	6.560030403
7.638417661	6.605700231
7.618495314	6.530243814
4.716085759	6.721971034
4.760420281	6.793971174
10.00063138	6.704000831
9.942648811	6.757211154
9.942648811	5.242788846
10.00063138	5.295999169
11.83648903	7.927162116
11.82949077	4.072135126
10.02127739	6.418736588
10.05002525	6.370451177
10.06688829	6.438287455
10.06688997	5.56171581
10.05002708	5.629552811
10.02127754	5.581264136
6.120448859	4.783442166
6.194285491	4.839336925
6.194285491	7.160663075
6.120448859	7.216557834
5.4472525	6.123870298
5.396700785	6.096011807
8.513336292	6.041107068
8.513336292	5.958892932
10.66026812	5.869658062
10.59249401	5.900100868
9.876798848	6.050463607
9.826798848	6.05046362
9.826798848	5.94953638
9.876798848	5.949536393
9.186705631	5.958968914
9.186705631	6.041031086
6.538213591	5.666520097
6.603671682	5.667266069
6.603671682	6.332733931
6.538213591	6.333479903
5.96411259	5.313420198
5.964206203	6.686633861
7.308089965	7.909835562
7.338088638	7.792541189
7.39046379	7.882705627
7.39046379	4.117294373
7.338088638	4.207458811
7.308089965	4.090164438
8.349780196	6.438891237
8.404281129	6.485055003
8.404281129	5.514944997
8.349780196	5.561108763
11.72945735	6.337796788
11.71849011	6.440816176
8.235249181	5.584342705
8.295684823	5.573571674
8.289124626	5.631325675
8.289124626	6.368674325
8.295684823	6.426428326
8.235249181	6.415657295
11.35037204	4.841436946
11.2610529	4.794236903
4.792278719	7.122142445
4.718340335	7.056753408
10.35330039	6.146112516
10.41532261	6.118450768
10.40468896	6.176905185
7.635221599	7.755576697
7.585111344	7.854755193
7.585111344	4.145244807
7.635221599	4.244423303
4.923939646	5.887421857
7.246159636	5.84189058
7.20181374	5.874852739
7.20181374	6.125147261
7.246159636	6.15810942
10.74795942	6.562658603
10.78391951	6.493217438
8.64574446	6.279123989
8.689516193	6.230077545
8.693771818	6.287914378
8.693771818	5.712085622
8.689516193	5.769922455
8.64574446	5.720876011
7.234724121	5.60287711
7.184230226	5.623223463
7.193655123	5.565208521
7.193655123	6.434791479
7.184230226	6.376776537
7.234724121	6.39712289
4.703288935	5.404243101
4.806606476	5.40805753
7.492816828	5.757275216
7.475524868	5.693300334
7.532708093	5.724015251
7.532708093	6.275984749
7.475524868	6.306699666
7.492816828	6.242724784
9.425233578	7.824548308
9.327276429	7.778630843
9.327276429	4.221369157
9.425233578	4.175451692
9.636801686	7.554571938
9.590861527	7.495266457
9.590861527	4.504733543
9.636801686	4.445428062
7.874993779	4.575000372
7.950848616	4.624088084
7.950848616	7.375911916
7.874993779	7.424999628
5.612812432	7.441835702
5.533562355	7.445232408
5.546554333	7.380287524
5.130104027	5.975428501
5.188252844	5.931065991
5.162533915	6.003319458
9.40443508	6.48532894
9.40443508	5.51467106
10.40725145	5.827720347
10.4215405	5.886566904
10.35605955	5.856068095
8.221593964	7.662114685
8.273861199	7.608764782
8.313147184	7.694878143
8.313147184	4.305121857
8.273861199	4.391235218
8.221593964	4.337885315
7.425341144	4.910443622
7.42434896	4.83091634
7.476230804	4.835557575
7.476230804	7.164442425
7.42434896	7.16908366
7.425341144	7.089556378
7.554985326	4.71341264
7.510071084	4.656604019
7.58981779	4.613986366
7.58981779	7.386013634
7.510071084	7.343395981
7.554985326	7.28658736
10.48005264	5.47574836
10.54476425	5.502887031
10.51066992	5.54384231
8.091105551	4.384912638
8.126284203	4.494718395
8.126284203	7.505281605
8.091105551	7.615087362
4.878616883	5.108735366
4.801462644	7.756205586
4.694219043	7.797085266
10.03542756	6.96339846
10.03748674	6.891297562
10.03748674	5.108702438
10.03542756	5.03660154
10.31109157	7.051780163
10.29287281	7.107008344
10.29287281	4.892991656
10.31109157	4.948219837
5.129897652	5.521808325
7.695547674	6.12551507
7.744673446	6.107051121
7.744673446	5.892948879
7.695547674	5.87448493
5.339317153	5.508765858
5.402737035	5.509703115
11.73814407	6.001078328
11.81221892	5.94078038
7.578569124	5.579582817
7.608737945	5.530196584
7.608737945	6.469803416
7.578569124	6.420417183
6.601477133	5.218421297
6.571883232	5.274498942
6.571883232	6.725501058
6.601477133	6.781578703
8.933199465	7.806506701
8.984586592	7.914169094
8.984586592	4.085830906
8.933199465	4.193493299
7.74637428	5.419550862
7.726451934	5.495007278
7.726451934	6.504992722
7.74637428	6.580449138
4.695007299	4.198427983
4.802966276	4.240635434
10.04445653	7.414242739
10.07981363	7.484054898
10.07981363	4.515945102
10.04445653	4.585757261
9.478239754	7.019891368
9.478239754	4.980108632
6.563881647	5.060796473
6.601367616	5.120548245
6.601367616	6.879451755
6.563881647	6.939203527
12.30465079	7.312038823
12.26031684	7.428150128
5.228722252	6.364621084
5.168792412	6.394253429
5.799840314	5.350850014
5.816248691	5.399005103
5.751098284	6.628059495
5.808806687	6.6056075
5.809486113	6.654720266
4.905033443	5.046833035
6.646545958	5.510242472
6.705190307	5.535416786
6.705190307	6.464583214
6.646545958	6.489757528
9.187450362	7.89934085
9.187450362	4.10065915
6.215294633	5.311422558
6.195250902	5.249056409
6.195250902	6.750943591
6.215294633	6.688577442
7.077090296	5.950166972
7.077090296	6.049833028
9.106331892	6.806677942
9.106331892	5.193322058
8.760147999	6.284153593
8.716376265	6.333200037
8.716376265	5.666799963
8.760147999	5.715846407
11.26082663	7.206042477
11.34748479	7.162127942
6.630039341	5.806238397
6.65277358	5.762631373
6.65277358	6.237368627
6.630039341	6.193761603
5.067713507	6.600187021
5.001760221	6.562099447
5.652036044	7.918509939
5.750873254	7.918509939
5.69218932	6.606330909
11.74770513	4.498692606
11.66548649	4.430139193
10.6608079	6.019440482
10.59105233	5.994131393
10.05118666	7.759644711
9.968036597	7.810856584
9.968036597	4.189143416
10.05118666	4.240355289
4.443565699	6.172665592
4.516511227	6.202053478
9.462489175	7.725189833
9.385092888	7.701387265
9.428395045	7.667997112
9.428395045	4.332002888
9.385092888	4.298612735
9.462489175	4.274810167
7.661667778	6.167423654
7.661667778	5.832576346
5.70008703	7.124944828
5.69980053	7.053498688
5.747496049	7.105578695
11.48091054	5.958558392
11.54887074	6.023862451
11.48669229	6.061971471
8.136115365	6.583960978
8.079528251	6.617708607
8.079528251	5.382291393
8.136115365	5.416039022
5.750805159	4.081509561
5.65196795	4.081509561
11.64159715	6.131176568
11.70329484	6.209429787
11.36482924	5.415455864
11.28048966	5.432739795
11.31533064	5.370862522
5.409467113	5.80118995
5.462051477	5.775261449
11.79336542	6.797103714
11.85926778	6.719075125
9.895436797	7.344720236
9.979201986	7.377728807
9.979201986	4.622271193
9.895436797	4.655279764
5.635901968	6.808563944
5.581985763	6.796824634
7.479813417	4.579754633
7.444980953	4.679180907
7.444980953	7.320819093
7.479813417	7.420245367
10.59678494	6.092191881
10.65857985	6.084105539
10.65010047	6.132790341
8.875000013	6.053236883
8.825000013	6.053236896
8.825000013	5.946763104
8.875000013	5.946763117
5.252540353	5.242660229
5.313608398	5.252644136
10.71412343	6.060038942
7.037943448	5.189827344
7.037943448	6.810172656
10.35160969	7.416290919
10.41721568	7.329944139
10.41721568	4.670055861
10.35160969	4.583709081
5.512537506	5.444413949
12.42347377	6.660776386
12.31046897	6.653231254
12.3869952	6.592454869
9.444847035	4.397889227
9.522243321	4.374086659
9.522243321	7.625913341
9.444847035	7.602110773
5.383652078	5.231793467
10.36627346	7.044392727
10.29906923	7.004432966
10.29906923	4.995567034
10.36627346	4.955607273
4.796938084	5.647499795
4.820517646	5.727148096
5.059950373	7.028875872
5.324484943	4.966400125
5.381948338	4.953730913
5.376118333	5.035252113
5.928416652	5.36755029
5.901579883	5.314358469
5.902235169	6.686019947
5.929165549	6.632882186
9.950657442	6.121727906
9.999796697	6.137468629
9.999796196	5.862532722
9.950657342	5.878272364
10.35948902	7.606292365
10.43849193	7.67656555
10.43849193	4.32343445
10.35948902	4.393707635
7.129769621	5.544925271
7.180263517	5.524578917
7.180263517	6.475421083
7.129769621	6.455074729
5.22116932	7.498996747
5.132756607	7.474227212
10.6709583	5.731449978
10.66307611	5.809728458
9.732327195	4.075512481
9.732327195	7.924487519
4.809692719	6.467116516
4.738656869	6.413191205
5.379348828	7.256348861
5.328012962	7.204430368
5.396718003	7.178978775
8.344394699	7.570542928
8.252841479	7.537779469
8.252841479	4.462220531
8.344394699	4.429457072
7.349760383	4.858522811
7.400650043	4.783636764
7.400650043	7.216363236
7.349760383	7.141477189
11.37314918	4.384582745
11.37074185	4.284420374
7.639074534	5.736612068
7.645580263	5.671491802
7.68065036	5.705115552
7.68065036	6.294884448
7.645580263	6.328508198
7.639074534	6.263387932
4.182591839	5.765034477
4.237264609	5.669660137
5.414214185	4.902122766
5.465847575	4.970974754
5.147375231	5.596639968
4.897406625	6.857064314
4.828903292	6.83780017
12.30461544	6.522198939
12.41762023	6.52974407
11.58275002	6.454008202
11.53758767	6.369016798
7.955057199	4.072975617
7.955057199	7.927024383
4.962734607	7.178960473
4.987453103	7.281132269
4.899722259	7.220037002
8.567565941	4.505004388
8.586849874	4.429323757
8.586849874	7.570676243
8.567565941	7.494995612
6.679253361	5.720627289
6.701110759	5.781767118
6.701110759	6.218232882
6.679253361	6.279372711
12.06783936	4.537613613
12.01815094	4.6317629
12.09101902	7.918954412
12.09265813	4.102986782
9.0282966	5.105962434
9.017397645	5.01637665
9.017397645	6.98362335
9.0282966	6.894037566
11.29578712	4.392614103
7.542668459	5.842491285
7.501102071	5.855536747
7.508433666	5.801035596
7.508433666	6.198964404
7.501102071	6.144463253
7.542668459	6.157508715
8.130594325	7.909946649
8.053894408	7.927024383
8.033325943	7.836971032
8.053894408	4.072975617
8.130594325	4.090053351
8.033325943	4.163028968
8.295904751	5.514125793
8.295904751	6.485874207
7.59959549	5.841453503
7.592263895	5.895954654
7.592263895	6.104045346
7.59959549	6.158546497
11.20149052	7.787191052
11.10379691	7.788488196
11.10371638	4.211433694
11.2010074	4.212340293
8.188433999	7.029368349
8.157836352	7.096242637
8.115920296	7.023262219
8.115920296	4.976737781
8.157836352	4.903757363
8.188433999	4.970631651
10.29054084	7.168458835
10.29054084	4.831541165
11.43556018	7.010089654
11.46373889	7.084718108
11.3956636	7.117435786
11.62354502	5.233649092
11.55240524	5.1692468
9.809886577	6.195969934
9.838539281	6.25304174
9.785693295	6.241929245
9.785693295	5.758070755
9.838539281	5.74695826
9.809886577	5.804030066
8.672793315	6.13541239
8.729282409	6.124782713
8.729282409	5.875217287
8.672793315	5.86458761
8.972501628	6.119159691
9.029394826	6.1323595
9.029394826	5.8676405
8.972501628	5.880840309
5.523472598	4.602243256
5.460752081	4.537929183
8.484700856	6.111176573
8.533081666	6.133296065
8.533081666	5.866703935
8.484700856	5.888823427
9.166960857	6.133198853
9.215338807	6.111073186
9.215338807	5.888926814
9.166960857	5.866801147
8.96405465	7.212569803
9.02400285	7.277846307
9.02400285	4.722153693
8.96405465	4.787430197
7.438418902	4.066591196
7.438418902	7.933408804
4.645384041	5.04620021
12.03590428	7.007953362
12.08449736	6.951528965
12.13728369	7.026487827
10.26964517	6.665729959
10.19822988	6.656527477
10.22158002	6.606983688
10.22162725	5.393028127
10.19823775	5.343474493
10.26970028	5.334283825
5.247436523	7.2962942
5.294884979	7.364831966
9.080867564	6.489845843
9.131374327	6.483928984
9.106573056	6.54496449
9.106573056	5.45503551
9.131374327	5.516071016
9.080867564	5.510154157
7.98634856	5.845551286
8.000015195	5.893441275
7.946949873	5.874897756
7.946949873	6.125102244
8.000015195	6.106558725
7.98634856	6.154448714
12.20429573	7.608277432
12.09083689	7.617499347
8.807842074	6.654568123
8.818587455	6.590830772
8.818587455	5.409169228
8.807842074	5.345431877
6.542723852	5.794352495
6.542723852	6.205647505
11.95286441	6.097286455
12.01569847	6.157158893
11.93494879	6.187128481
9.055338648	6.451806927
9.030537376	6.512842433
9.030537376	5.487157567
9.055338648	5.548193073
11.61484249	6.055037352
11.60906074	5.951624272
9.315172975	7.371391842
9.231503543	7.328382271
9.231503543	4.671617729
9.315172975	4.628608158
4.272621112	6.338569217
4.240151745	6.421592368
4.19346962	6.375875406
10.1281919	6.427746649
10.09944405	6.47603206
10.09946481	5.523963293
10.12821434	5.572251968
9.079737488	6.700771709
9.079759439	6.640539664
9.144384143	6.694883221
9.144384143	5.305116779
9.079759439	5.359460336
9.079737488	5.299228291
7.559710285	5.681514343
7.577002245	5.745489226
7.577002245	6.254510774
7.559710285	6.318485657
7.813664124	5.427069535
7.813664124	6.572930465
9.598368362	7.619447449
9.696474737	7.613992386
9.696474737	4.386007614
9.598368362	4.380552551
12.02017194	7.642121599
12.01498418	7.726165097
12.16496891	7.3624505
8.972770351	6.668867202
8.930217227	6.62738087
8.972559661	6.604941819
8.972559661	5.395058181
8.930217227	5.37261913
8.972770351	5.331132798
12.33547487	7.216174564
10.04031517	6.170066754
10.040314	5.829936398
4.653187017	4.337194993
4.556025976	4.298435103
4.600993092	4.235412701
10.1650635	7.908385753
10.26390071	7.908385753
10.26390071	4.091614247
10.1650635	4.091614247
5.793215468	7.062783467
5.793501968	7.134229607
7.727781922	4.195526935
7.727781922	7.804473065
5.797019876	4.874125355
5.799372528	4.942241551
9.879244493	6.429523198
9.927896564	6.48136709
9.927896564	5.51863291
9.879244493	5.570476802
10.29533212	7.676616911
10.29207056	7.569322065
10.29207056	4.430677935
10.29533212	4.323383089
6.913434105	4.641865795
6.829472619	4.610795171
6.90428205	4.575892115
6.90428205	7.424107885
6.829472619	7.389204829
6.913434105	7.358134205
6.187448835	5.200051407
6.149729742	5.13945691
6.149729742	6.86054309
6.187448835	6.799948593
5.172985745	5.232484035
8.409696917	4.48931411
8.443006218	4.559528147
8.35668428	4.570656422
8.35668428	7.429343578
8.443006218	7.440471853
8.409696917	7.51068589
7.964229776	5.496345867
7.970793338	5.427328014
7.970793338	6.572671986
7.964229776	6.503654133
8.993036415	6.557168418
9.035589538	6.59865475
9.035589538	5.40134525
8.993036415	5.442831582
4.92779918	6.105155604
4.868766373	6.165518691
5.46099566	7.470997388
5.527253759	7.532545565
12.40901673	5.882034787
12.30552711	5.878260516
12.39651038	5.796225729
11.35442361	5.313965754
11.27008402	5.331249685
6.547524804	5.315964549
6.611713552	5.304653762
6.611713552	6.695346238
6.547524804	6.684035451
10.90957398	7.509185067
10.97724711	7.420244744
10.97724711	4.579755256
10.90957398	4.490814933
5.676122565	6.853951683
5.709779403	6.80286682
4.612912284	5.953435614
4.696502405	5.972991485
12.42632513	4.665660821
12.30526456	4.647260242
4.775985476	4.760696211
11.51275656	6.190881597
11.51832466	6.2871628
6.795063366	4.738761551
6.879990953	4.723405018
6.836429644	4.785397717
6.836429644	7.214602283
6.879990952	7.276594982
6.795063366	7.261238449
7.6253917	5.325229085
7.6253917	6.674770915
11.00149195	7.36598965
10.96583115	7.276288586
10.96583115	4.723711414
11.00149195	4.63401035
7.864660937	4.474178155
7.864660937	7.525821845
8.306150096	7.377779991
8.245350685	7.330883725
8.32919417	7.312233275
8.32919417	4.687766725
8.245350685	4.669116275
8.306150096	4.622220009
5.133519495	4.521820415
5.221891556	4.504809903
11.90907606	6.987765345
11.96646263	7.028524222
11.89242074	7.083295067
10.18345488	6.726720472
10.18346275	5.273281497
4.279144107	7.189105334
4.184365345	7.159350191
4.278963049	7.104251301
5.327874009	6.532395406
5.267251595	6.555889338
9.51391431	6.325965377
9.562534934	6.352640859
9.519959854	6.385723333
9.519959854	5.614276667
9.562534934	5.647359141
9.51391431	5.674034623
8.675921365	6.192250327
8.638360786	6.164449219
8.638360786	5.835550781
8.675921365	5.807749673
10.67786128	6.187930432
10.61606638	6.196016774
11.5080111	7.145805037
11.54790768	7.038458906
8.978200731	7.429101386
8.909258851	7.443429548
8.909258851	4.556570452
8.978200731	4.570898614
9.062148529	6.164591748
9.026230212	6.190117403
9.026230212	5.809882597
9.062148529	5.835408252
8.86703516	7.494678766
8.814022241	7.423088497
8.814022241	4.576911503
8.86703516	4.505321234
7.876575429	5.414348753
7.876575429	6.585651247
5.444887031	5.204283488
8.272840795	7.447994028
8.272840795	4.552005972
11.39832457	4.885849722
11.46526868	4.918983669
11.434429	4.990326615
12.02237665	5.509761321
12.07724447	5.416494325
11.32409884	7.450200981
11.40546463	7.461622178
7.151465179	5.891596294
7.151465179	6.108403706
5.261996139	7.156477964
5.244626964	7.23384805
10.51022182	6.948285577
10.4513885	6.95477173
10.46501083	6.89409831
10.46482585	5.105833898
10.45120352	5.045160478
10.51022182	5.051714423
4.44816548	7.908778204
4.54700269	7.908778204
7.718578082	5.670842211
7.718578082	6.329157789
10.41762636	5.626900139
10.45964613	5.685674936
4.548427654	4.098326405
4.449590444	4.098326405
8.587361743	6.145994888
8.590489792	6.202832825
8.590489792	5.797167175
8.587361743	5.854005112
9.109747183	6.203342755
9.112911797	6.145584851
9.112911797	5.854415149
9.109747183	5.796657245
10.19329856	7.570172297
10.19329856	4.429827703
5.062081916	5.047156419
5.114903648	4.99450781
5.123597019	5.09128077
10.22894912	7.181118304
10.17057551	7.237159824
10.17057551	4.762840176
10.22894912	4.818881696
4.088561625	7.577362688
7.62382501	5.264157953
7.703383889	5.303442048
7.703383889	6.696557952
7.62382501	6.735842047
7.142747631	4.968286003
7.098602232	5.031145321
7.078878956	4.956010633
7.078878956	7.043989367
7.098602232	6.968854679
7.142747631	7.031713997
10.0965444	6.153665212
10.1068521	6.104842767
4.357033734	7.210816348
4.26243603	7.265915237
5.237461972	5.4403289
5.304894469	5.488004823
10.10684137	5.895176411
10.09654039	5.846345595
4.994039094	5.161031501
4.943719462	5.116231293
5.020455655	5.09912917
7.455332949	5.854908322
7.489567742	5.896364012
7.489567742	6.103635988
7.455332949	6.145091678
6.604699502	5.502858466
6.541257081	5.52499995
6.541257081	6.47500005
6.604699502	6.497141534
10.33196702	6.043829074
10.31080099	6.09724974
5.17838515	6.792305604
5.240736511	6.728903073
5.254568724	6.791309374
7.983185763	6.202359575
7.983185763	5.797640425
4.755399697	5.769542605
4.821120536	5.804313389
11.47582792	7.451230808
11.42075502	7.37169985
5.035852891	5.208829851
4.959116698	5.225931973
10.15394687	7.293305007
10.23381979	7.296105026
10.23381979	4.703894974
10.15394687	4.706694993
5.291014594	4.636718051
5.241394347	4.703083864
12.40901673	5.982034787
12.39575178	7.166174564
12.39575178	7.066174564
9.075144024	6.379970249
9.042508777	6.409473947
9.011983964	6.360633858
9.011983964	5.639366142
9.042508777	5.590526053
9.075144024	5.620029751
8.302651038	6.977275138
8.281336791	6.899412273
8.281336791	5.100587727
8.302651038	5.022724862
9.925319109	6.037586535
9.902117957	6.088049992
9.902117856	5.911950278
9.925319009	5.962413735
6.886124304	4.832799427
6.801196717	4.848155959
6.801196717	7.151844041
6.886124304	7.167200573
10.31396866	5.904114252
10.3351743	5.957457301
7.8760567	6.196860104
7.829916036	6.159531224
7.887142574	6.135663352
7.887142574	5.864336648
7.829916036	5.840468776
7.8760567	5.803139896
5.451881653	6.381004668
7.29053838	5.603718543
7.281113483	5.661733485
7.281113483	6.338266515
7.29053838	6.396281457
7.102648017	5.916906025
7.125557722	5.966738203
7.125557722	6.033261797
7.102648017	6.083093975
5.394401358	7.079434633
5.468277844	7.077751567
5.419258623	7.125377215
4.535631951	6.541755541
4.463748685	6.514007052
4.528648367	6.458941272
4.784704915	6.884394835
7.376542314	5.959775572
7.398441624	5.907643753
7.398441624	6.092356247
7.376542314	6.040224428
4.084036091	6.651596874
4.084036091	6.751596874
10.46223185	6.210891787
5.534240292	6.675982356
5.570356985	6.62583967
10.07123908	6.265345138
10.05758946	6.324055722
10.01806398	6.292189726
10.01806346	5.707812798
10.05757599	5.675988801
10.07122481	5.734700462
5.384769322	4.832410589
5.316852638	4.802846199
5.371307011	4.750377864
4.580430761	6.235262035
4.519374673	6.289250934
9.876173933	6.290672377
9.876173933	5.709327623
5.406431411	6.590856732
5.454170099	6.628774905
7.612072342	5.779112976
7.612072342	6.220887024
11.08366355	6.350704498
11.09832747	6.278777201
11.14513279	6.316661143
5.470594489	7.177295709
4.184440887	4.085764316
4.085603678	4.085764316
4.084056057	7.91604152
4.182893266	7.91604152
10.43744765	7.05034946
10.51612819	7.094822186
10.51612819	4.905177814
10.43744765	4.94965054
7.349901945	4.553138663
7.369541901	4.464512418
7.434363241	4.513705277
7.434363241	7.486294723
7.369541901	7.535487582
7.349901945	7.446861337
5.362841747	5.700378746
5.37724113	5.749950943
11.95603388	5.509103287
12.01924895	7.103483084
5.391992445	5.091146028
5.404094997	5.16188071
11.37885536	5.234213768
7.978264574	4.245888917
7.978264574	7.754111083
7.016066372	5.852628751
6.950575684	5.851470915
6.950575684	6.148529085
7.016066372	6.147371249
7.517668432	5.948495843
7.517668432	6.051504157
11.70729504	6.781177635
11.54704928	4.962803014
11.51094485	4.858326121
12.03129763	6.872327412
12.13267704	6.890861878
4.085603678	4.185764316
4.084056057	7.81604152
10.52303579	5.593649685
10.45832417	5.566511014
5.897759947	7.656822165
5.974307184	7.714679335
8.763573269	5.057115228
8.702949637	5.021465738
8.702949637	6.978534262
8.763573269	6.942884772
10.21568305	6.392521833
7.334557712	5.77597069
7.372785225	5.73184529
7.39740609	5.770685699
7.39740609	6.229314301
7.372785225	6.26815471
7.334557712	6.22402931
6.954800383	4.688501961
6.954800383	7.311498039
8.044706948	6.095972773
8.098507487	6.069007116
8.098507487	5.930992884
8.044706948	5.904027227
10.21570414	5.607534362
11.37160405	5.17587579
11.30192567	5.216014939
11.684945	7.849929119
11.67008862	4.141297655
8.183690432	5.674085359
8.135149773	5.648086228
8.180148325	5.616097575
8.180148325	6.383902425
8.135149773	6.351913772
8.183690432	6.325914641
4.648426218	6.269819185
9.080166769	6.756956124
9.015542065	6.702612566
9.015542065	5.297387434
9.080166769	5.243043876
5.974252462	4.285335313
5.896538201	4.343017651
7.160763722	5.662087389
7.119694723	5.6244188
7.119694723	6.3755812
7.160763722	6.337912611
12.22008907	4.68446006
12.26747477	4.76852146
7.791453166	5.877859258
7.791453166	6.122140742
7.401488598	5.855273343
7.356131602	5.867181509
7.356131602	6.132818491
7.401488598	6.144726657
11.47495343	5.10876759
11.57882492	5.083939771
4.516509995	4.950316453
4.589026703	5.004964805
5.858664612	5.407042106
5.809029359	5.437558648
5.800209429	6.566841234
5.858597258	6.593502005
7.140189055	5.460119498
7.204074557	5.480402748
7.204074557	6.519597252
7.140189055	6.539880502
10.47744897	6.444555786
10.48365035	6.511779535
12.13761775	4.718393864
12.17540754	4.597132647
4.930189082	5.364094053
4.928811576	5.303138724
5.002308001	5.334685652
4.129004949	6.379449279
4.161474316	6.296426128
12.15031068	4.503679809
5.262921624	4.98825714
5.268751628	4.906735939
7.212162777	5.056784612
7.249644584	5.119574785
7.249644584	6.880425215
7.212162777	6.943215388
6.860628005	5.255761671
6.85561872	5.181894659
6.85561872	6.818105341
6.860628005	6.744238329
4.663772094	6.415507598
11.84412579	5.239056975
11.92712726	5.211551907
11.94041538	5.302286863
11.23376882	7.352326645
11.14218051	7.411443963
11.14443685	4.58447947
11.23602517	4.643596788
7.780651584	5.051093273
7.856529636	5.038912491
7.829762245	5.126474154
7.829762245	6.873525846
7.856529636	6.961087509
7.780651584	6.948906727
4.308752274	5.88426983
4.161965385	4.610550429
4.24315748	4.620917251
10.44042557	6.384058883
5.641979891	6.594225414
5.700209429	6.566841234
7.567668432	5.948495856
7.567668432	6.051504144
11.60184839	5.012714924
11.6793002	5.073194133
11.10908973	7.063727942
11.14483581	6.980661504
11.14487814	5.018495512
11.10900393	4.936136382
6.017236128	7.152416086
6.022520462	7.082599432
6.022520462	4.917400568
6.017236128	4.847583914
5.222575754	6.0016889
5.164426937	6.046051409
4.387379188	6.320164278
4.318290242	6.291996863
4.386366193	6.227874962
9.707010081	7.240465812
9.707010081	4.759534188
5.394394857	7.006495448
5.345375637	7.054121096
8.992178589	6.432470537
8.992178589	5.567529463
5.274364285	6.687355974
5.198180711	6.688352204
4.958865219	7.109134081
5.046596063	7.170229348
6.464751698	4.500885915
6.527263824	4.560422598
6.42569044	4.560229656
6.42569044	7.439770344
6.527263824	7.439577402
6.464751698	7.499114085
6.871170741	5.088943524
6.878620705	5.010242558
6.878620705	6.989757442
6.871170741	6.911056476
12.22378642	4.468873806
4.53103028	4.382666201
4.478836355	4.280883908
5.4472525	6.173870298
10.4882653	5.724373692
10.4993092	5.655017146
4.659241387	4.453930727
4.714736469	4.379679105
4.765757955	4.433392436
11.47329614	4.73029198
6.806982857	5.732989375
6.849495028	5.740945537
6.843317907	5.784691292
6.843317907	6.215308708
6.849495028	6.259054463
6.806982857	6.267010625
10.38021431	6.948814997
10.42542531	7.003002263
10.42542531	4.996997737
10.38002933	5.051117211
7.704831977	7.921346389
7.704831977	4.078653611
8.894685431	7.553725476
8.894685431	4.446274524
4.105940249	5.826481995
4.169326334	5.910735869
4.063386084	5.884253873
6.225	5.449619961
6.275	5.449619961
6.275	6.550380039
6.225	6.550380039
12.35882713	4.810101871
11.6752635	7.539081703
11.73338762	7.451539985
5.231952725	4.763055554
5.245415035	4.84508828
5.107608621	5.926856133
6.683015114	5.607159514
6.638125167	5.641295856
6.621317128	5.598904252
6.621317128	6.401095748
6.638125167	6.358704144
6.683015114	6.392840486
11.54013649	5.688041923
11.61879515	5.646935468
11.62045621	5.721264451
7.30331391	5.561799918
7.349703271	5.620656293
7.349703271	6.379343707
7.30331391	6.438200082
4.333478685	6.626083393
4.259175917	6.711701407
4.242374952	6.617575735
5.590031854	5.083901096
5.511123804	5.084172235
4.59191292	6.404574626
4.655153381	6.333392463
11.54008279	6.610468631
11.57081643	6.517995489
5.102700624	7.785925522
4.998771878	7.830656196
5.011751112	7.747877644
5.279172137	7.06769947
4.45611012	6.34361758
4.388034169	6.407739481
8.993656094	4.92930514
8.997342257	4.841756404
8.997342257	7.158243596
8.993656094	7.07069486
6.829928835	4.074699423
6.818879206	4.195274376
6.756392231	4.120574954
6.756392231	7.879425046
6.818879206	7.804725624
6.829928835	7.925300577
9.971208113	6.316622006
9.971208258	5.683378717
4.183385034	6.885905132
4.138457464	6.801596874
4.212999753	6.787502006
7.937720612	5.777357358
7.880494073	5.753489487
7.880494073	6.246510513
7.937720612	6.222642642
8.624816167	7.283700346
8.619652489	7.358696387
8.539792532	7.313007645
8.539792532	4.686992355
8.619652489	4.641303613
8.624816167	4.716299654
4.800746527	6.589667427
4.880850613	6.575149561
5.14574962	5.156676126
4.054421372	6.85
10.59557022	5.511896285
10.56495293	5.443802336
10.08933593	7.297716734
10.08933593	4.702283266
10.18239373	6.051515622
4.682140526	5.501007908
4.628909165	5.421683073
9.473923346	7.310246014
9.463759163	7.229531913
9.463759163	4.770468087
9.473923346	4.689753986
7.413022927	5.814446078
7.413022927	6.185553922
6.954552867	5.759003439
6.982896915	5.719972438
7.006296199	5.765891707
7.006296199	6.234108293
6.982896915	6.280027562
6.954552867	6.240996561
5.373215213	7.415773854
9.592358103	6.094330626
9.566977452	6.040446455
9.566977452	5.959553545
9.592358103	5.905669374
7.562127373	5.484526756
7.562127373	6.515473244
9.194346312	6.731010773
9.27088599	6.771189708
9.27088599	5.228810292
9.194346312	5.268989227
10.18238351	5.948502206
6.624360618	5.557383905
6.624360618	6.442616095
10.08794284	6.2170776
10.08793867	5.782933657
9.811394274	7.567688302
9.811394274	4.432311698
5.409003807	5.999185066
5.459555522	5.977043557
11.45748031	7.276686359
5.925293404	6.96838568
5.975138027	6.932020377
5.983576662	6.982047821
5.983576662	5.017952179
5.975209747	5.068078249
5.925365124	5.031712946
10.13239373	6.051515634
10.15545619	6.53163623
10.15547695	5.468359123
8.515323855	4.545091075
8.462311217	4.626433386
8.462311217	7.373566614
8.515323855	7.454908925
9.943796469	7.053797736
9.909149404	7.096232437
9.8632088	7.025633141
9.8632088	4.974366859
9.909149404	4.903767563
9.943796469	4.946202264
10.13238351	5.948502193
7.114180682	4.095963989
7.015343473	4.095963989
7.015343473	7.904036011
7.114180682	7.904036011
10.52478636	5.901487432
10.54044004	5.856832593
4.935664242	5.556922936
4.963716575	5.501309057
5.011555103	4.25204325
4.998727544	4.169182072
5.102504227	4.214127044
7.820500955	5.950832427
7.870500955	5.950832439
7.870500955	6.049167561
7.820500955	6.049167573
4.938089639	7.716471255
5.042018385	7.671740581
9.72500001	6.040229003
9.700380662	6.094113187
9.700380662	5.905886813
9.72500001	5.959770997
11.28366572	4.077190793
11.28414885	7.922340552
6.723353026	5.953744437
6.773353026	5.953744449
6.773353026	6.046255551
6.723353026	6.046255563
11.19829997	6.286113215
11.18363605	6.358040512
5.113515026	6.564793274
5.102374148	6.642763053
4.954273298	5.444730127
4.880776872	5.413183199
9.805319143	6.142892252
9.85816513	6.154004747
9.85816513	5.845995253
9.805319143	5.857107748
11.3777684	6.759348506
11.36308284	6.685980849
12.00850718	5.173172843
6.828087402	5.121505879
6.777690101	5.165509856
6.777690101	6.834490144
6.828087402	6.878494121
11.67758372	5.759501814
11.59892506	5.800608269
9.810150043	6.587358302
9.810150043	5.412641698
5.376405354	6.507991236
5.362745468	6.566532074
10.28846191	7.835621232
10.3501426	7.927235479
10.3501426	4.072764521
10.28846191	4.164378768
10.1091851	7.58443841
10.1091851	4.41556159
12.09760003	7.76112054
9.384473975	6.760619816
9.323796298	6.770598214
9.323796298	5.229401786
9.384473975	5.239380184
5.098011413	5.219737288
7.386280673	5.694567608
7.323432295	5.699852599
7.323432295	6.300147401
7.386280673	6.305432392
8.568882538	6.483311285
8.595069576	6.542983287
8.595069576	5.457016713
8.568882538	5.516688715
4.092092143	7.037248079
4.092092143	7.137248079
10.28209153	7.342917264
10.28209153	4.657082736
11.56412307	4.490991737
10.73220558	6.175648667
10.69817149	6.2388751
7.469184836	5.19245638
7.530870401	5.227512485
7.530870401	6.772487515
7.469184836	6.80754362
6.87215678	5.701163895
6.90849183	5.752865813
6.90849183	6.247134187
6.87215678	6.298836105
4.820676688	7.432059021
4.843826852	7.346357689
6.874630202	5.436416627
6.831120795	5.399662817
6.876265983	5.385228479
6.876265983	6.614771521
6.831120795	6.600337183
6.874630202	6.563583373
11.76658067	5.075145653
11.77754124	4.980330168
5.19180353	4.983612558
7.30549557	5.857400622
7.299842641	5.799301058
7.299842641	6.200698942
7.30549557	6.142599378
5.787396466	5.301301456
5.853440096	5.318940002
5.854095382	6.681438413
5.796386979	6.703890408
9.98645957	7.925555293
9.98645957	4.074444707
11.30049246	6.779255791
11.37060478	6.823093293
9.357708873	4.432091702
9.451557149	4.474175473
9.451557149	7.525824527
9.357708873	7.567908298
4.064804532	4.65
4.240513205	5.948358587
4.33738498	5.979664426
11.82503067	6.958471673
12.18081137	6.745631988
12.24685772	6.69445592
12.28090118	6.772728839
6.68697888	7.92543027
6.67592925	7.804855316
6.682172369	4.194737164
6.693221998	4.074162211
12.21037916	6.626134403
4.70024742	4.74622585
4.747530563	4.662476703
11.88976091	6.058353678
11.9705106	6.02838409
7.224153829	4.565821079
7.299118404	4.593185644
7.238191628	4.655060918
7.238191628	7.344939082
7.299118404	7.406814356
7.224153829	7.434178921
6.79323155	5.919578687
6.819878524	5.965833313
6.819878524	6.034166687
6.79323155	6.080421313
10.51342018	5.942744572
10.4613662	5.899476298
5.042285738	4.327915959
4.938509054	4.282970987
4.853867522	7.563264293
4.788345446	7.50592013
6.693005865	5.086281564
6.685511867	5.011757117
6.742664785	5.030596629
6.742664785	6.969403371
6.685511867	6.988242883
6.693005865	6.913718436
5.102929851	4.714311288
5.169956743	4.745325944
4.968820578	6.159571504
9.770063329	6.285804133
9.741410625	6.228732327
9.741410625	5.771267673
9.770063329	5.714195867
7.930041645	5.060080989
7.930041645	6.939919011
5.849268827	5.22165824
5.798831367	5.254997594
5.807103946	5.20726439
5.810777922	6.794089447
5.802020555	6.746541666
5.849753615	6.778156337
8.202146244	6.95262979
8.244062299	7.025610207
8.244062299	4.974389793
8.202146244	5.04737021
7.226210334	7.739908443
7.16064274	7.813871573
7.131138261	7.734108893
7.131138261	4.265891107
7.16064274	4.186128427
7.226210334	4.260091557
11.59382606	5.554020961
5.564738114	7.912235201
5.63537881	7.830745141
4.759703585	4.316656703
8.907520899	4.84169626
8.907520899	7.15830374
12.18067815	7.714272686
12.26716069	7.638217862
10.44712081	6.629158064
10.46833774	6.562196365
10.50685551	6.604647864
6.390871113	4.773920786
6.415192206	4.706334138
6.415192206	7.293665862
6.390871113	7.226079214
7.302448597	5.909771032
7.326542314	5.95977556
7.326542314	6.04022444
7.302448597	6.090228968
10.77690826	6.023164151
10.77468021	6.087829208
9.609290281	6.374645135
9.603244737	6.314887179
9.603244737	5.685112821
9.609290281	5.625354865
6.091227669	5.22844911
6.091238814	6.771557325
9.687208117	7.011892907
9.728564884	6.955968322
9.728564884	5.044031678
9.687208117	4.988107093
4.386721411	6.481575252
4.393704995	6.564389522
7.569165859	6.987728322
7.533291648	7.065578876
7.533291648	4.934421124
7.569165859	5.012271678
6.882847138	4.49995429
6.966808624	4.531024914
6.966808624	7.468975086
6.882847138	7.50004571
7.18241907	5.704616305
7.232902965	5.722341534
7.232902965	6.277658466
7.18241907	6.295383695
5.150648719	6.317189552
5.179780564	6.266839921
5.213553685	6.299014425
6.665369667	5.675521331
6.665369667	6.324478669
11.90199948	6.256642617
11.83916542	6.196770179
7.363939744	4.642378502
7.363939744	7.357621498
7.189519407	4.913765703
7.209242684	4.988900391
7.209242684	7.011099609
7.189519407	7.086234297
10.74932958	6.373145843
10.68604714	6.33929108
5.635157231	4.169306098
5.56458463	4.087796538
5.076383098	7.319190073
7.899714708	5.700774598
7.838050796	5.726557136
7.838050796	6.273442864
7.899714708	6.299225402
5.604245861	7.590022141
5.531679165	7.615787121
6.284174924	4.445852729
6.276122095	4.352812441
6.355125484	4.407652685
6.354366032	7.592963655
6.275241839	7.647908605
6.28405412	7.554251977
4.850962972	6.227950677
4.800294197	6.261195345
5.36260529	5.800617995
5.320390949	5.853944486
7.62914945	4.873621789
7.628523893	4.934036013
7.589985865	4.893343166
7.589985865	7.106656834
7.628523893	7.065963987
7.62914945	7.126378211
6.200102792	4.458262591
6.199981988	7.541842115
5.800377182	5.161537281
5.749939723	5.194876635
5.756522431	6.805364668
5.804255491	6.836979339
5.551582065	6.835305629
5.531322697	6.772481456
4.926746514	4.552738382
4.893546817	4.642920112
8.030039217	6.396942885
7.984712135	6.40751684
7.99991239	6.348004478
7.99991239	5.651995522
7.984712135	5.59248316
8.030039217	5.603057115
9.04729169	4.244945589
9.131339279	4.186490055
9.131339279	7.813509945
9.04729169	7.755054411
4.523047925	5.62551963
4.52193653	5.549456556
4.608872151	5.594510954
8.683484327	6.366606005
8.622814197	6.3835896
8.622814197	5.6164104
8.683484327	5.633393995
5.177201379	6.215196938
5.114296414	6.233372066
5.331573125	5.657977359
10.06371027	6.752119775
10.06371027	5.247880225
4.314098223	4.808882078
4.255886241	4.897447334
6.917904991	5.353803497
6.874395584	5.317049688
6.874395584	6.682950312
6.917904991	6.646196503
5.514161412	6.961807534
5.531945365	6.885023931
5.584461177	6.936432409
4.063386084	5.984253873
8.001419591	6.971076854
8.001419591	5.028923146
4.637592384	4.708958534
4.666047297	4.807178042
5.889136035	5.264809911
5.889136035	6.735190089
9.447143882	7.379667184
9.447143882	4.620332816
4.597158644	7.845962043
4.598042522	7.768679631
10.92126112	5.203217817
10.97523077	5.225758195
10.92470654	5.274778333
9.600590659	6.144095707
9.650340759	6.167206838
9.600170114	6.203533977
9.600170114	5.796466023
9.650340759	5.832793162
9.600590659	5.855904293
6.928766045	4.074699423
6.928766045	7.925300577
6.426661172	4.439480156
6.528234556	4.439673097
6.531608421	7.564476915
6.430035038	7.564669857
4.281845595	4.54572403
4.330681369	4.645540423
5.388974021	7.332742343
4.164063255	5.001861841
4.07627861	5.052929763
7.117883568	5.705811642
7.117883568	6.294188358
9.703480402	6.205751273
9.703900947	6.146313003
9.703900947	5.853686997
9.703480402	5.794248727
4.868708492	7.712762721
4.39995466	4.692947907
4.479373647	4.737593213
4.371412241	4.76537895
11.67269033	6.919907173
11.60306485	6.987315662
11.57326094	6.909963487
12.20910745	4.310708254
12.154593	4.226420651
8.919293205	6.409892272
8.932123077	6.452225252
8.932123077	5.547774748
8.919293205	5.590107728
5.355444918	4.584703888
4.597846258	4.159668093
4.083472055	4.367511977
4.180632908	4.428062406
12.08188872	5.982501827
12.01532963	5.979056201
12.06360426	5.894241162
12.00019565	5.356449995
5.039046741	7.934352037
11.57465282	5.47995151
11.619995	5.408604093
7.734863607	4.999602081
7.664997858	4.974993594
7.664997858	7.025006406
7.734863607	7.000397919
8.569729296	7.752004668
8.597122281	7.65279201
8.597122281	4.34720799
8.569729296	4.247995332
5.062128582	6.750359988
5.004654929	6.804233987
6.010018087	6.895424788
5.951734829	6.881762647
5.95180655	5.118335979
6.010018087	5.104575212
11.4757581	6.890278992
7.011264917	5.681947028
6.959521585	5.67505876
6.959521585	6.32494124
7.011264917	6.318052972
7.533917205	4.8740069
7.533917205	7.1259931
5.512654899	4.810165216
5.468668558	4.849654431
8.088423569	6.373666039
8.073223314	6.433178401
8.073223314	5.566821599
8.088423569	5.626333961
7.900809208	6.087773363
7.900809208	5.912226637
5.349337597	6.111658712
5.351533382	6.059929923
5.457679062	7.30729075
4.615639307	4.509417324
4.69102769	4.5778252
4.596404124	4.579598465
6.993651048	4.764577931
6.993651048	7.235422069
7.708096216	5.087163744
7.708096216	6.912836256
5.886476713	7.054923751
5.828366114	7.022541699
5.87562144	6.986031072
6.719106899	7.596776936
6.7693626	7.674196521
6.695086901	7.681430507
6.695086901	4.318569493
6.7693626	4.325803479
6.719106899	4.403223064
6.534848071	4.842669636
6.59391015	4.875874324
6.59391015	7.124125676
6.534848071	7.157330364
5.877483838	5.016048752
5.835343867	4.984106915
5.891592068	4.949645038
7.295509267	4.266964399
7.266004787	4.346727079
7.266004787	7.653272921
7.295509267	7.733035601
9.753520305	6.132657623
9.753520305	5.867342377
4.864515728	4.283119546
10.30016734	6.155704158
5.039024381	4.065632933
5.280435809	5.912296719
5.354876133	5.910209235
8.091965676	5.684321745
8.091965676	6.315678255
6.661863519	4.952627301
6.612204598	5.008312235
6.612204598	6.991687765
6.661863518	7.047372699
8.203882513	7.723697343
8.164596528	7.637583981
8.164596527	4.362416019
8.203882513	4.276302657
5.655780634	7.630691613
5.651355227	7.547450058
4.636022615	4.953261218
11.45201453	6.601310463
7.764414654	5.249904493
7.764414654	6.750095507
5.379127193	6.271530392
5.371805017	6.326871886
4.438642775	4.617754686
5.452533089	6.97110402
4.855518427	7.281164836
4.830799931	7.17899304
4.164536218	6.581046153
4.238838987	6.49542814
11.76114852	5.771180637
11.89617463	6.627582345
11.81433216	4.541951
11.7317282	4.57299218
8.799105476	6.096412648
8.774105463	6.043176177
8.774105463	5.956823823
8.799105476	5.903587352
8.925763374	6.040217313
8.900763387	6.093453797
8.900763387	5.906546203
8.925763374	5.959782687
10.47500001	5.970366719
10.53842017	5.972377853
5.072429303	6.889955982
5.129950948	6.838637541
4.730881707	7.44436769
7.102997754	5.875025063
7.102997754	6.124974937
9.985628512	6.993763843
9.985628512	5.006236157
4.41050596	6.658515193
9.8427075	7.720903685
9.839954437	7.628732258
9.839954437	4.371267742
9.8427075	4.279096315
8.967507498	6.519129502
8.894622115	6.496551237
8.894622115	5.503448763
8.967507498	5.480870498
7.377883092	4.294094334
7.377883092	7.705905666
6.770622223	4.616338314
6.708273552	4.60701727
6.757971893	4.535500447
6.757971893	7.464499553
6.708273552	7.39298273
6.770622223	7.383661686
5.459555522	5.927043557
5.406971159	5.902972058
10.1224533	4.166058954
10.13095338	4.257524828
10.13095338	7.742475172
10.1224533	7.833941046
7.920183389	6.393363701
7.950310216	6.442302107
7.950310216	5.557697893
7.920183389	5.606636299
10.29967961	5.845267695
7.517780635	5.51592565
7.527538004	5.455485252
7.527538004	6.544514748
7.517780635	6.48407435
9.666473133	6.403185946
9.62576333	6.440939627
9.62576333	5.559060373
9.666473133	5.596814054
5.542024977	4.379177685
5.639646123	4.354335099
10.56016122	6.580225379
10.5389443	6.647187077
4.64317921	7.937183839
4.304103487	6.796009665
6.371619656	5.171086765
6.320054785	5.175262861
6.320054785	6.824737139
6.371619656	6.828913235
7.198342265	4.495190183
7.198342265	7.504809817
8.521852094	7.823673883
8.584703275	7.908981819
8.584703274	4.091018181
8.521852094	4.176326117
5.891061482	7.815934429
5.800291858	7.86303679
5.813446364	7.789917518
5.645306305	6.907498037
5.627522352	6.984281639
4.64244186	4.061341688
6.034774267	5.144695908
6.062443589	5.190050226
6.062455313	6.809956545
6.034774847	6.855304427
9.044332071	7.386863112
9.044332071	4.613136888
6.641061631	5.857203178
6.596469993	5.839670372
6.596469993	6.160329628
6.641061631	6.142796822
10.63099527	6.666986971
10.64263614	6.596931371
10.6813814	6.641153749
10.92464707	6.728289184
10.97628633	6.773838973
10.9204247	6.798221974
5.367016018	5.961324291
5.356908781	6.006422243
5.064178038	4.664955987
4.807806544	5.878433894
4.745527567	5.936456161
4.557583146	5.461205361
12.21159206	5.845069122
12.2240984	5.930878181
4.830690693	5.488693604
8.789219476	7.04676299
8.774163694	7.122233729
8.730281401	7.082067078
8.730281401	4.917932922
8.774163694	4.877766271
8.789219476	4.95323701
10.41017431	5.927824045
6.831975122	7.722466875
6.85599512	7.637813304
6.85599512	4.362186696
6.831975122	4.277533125
5.524082124	7.699406553
4.092273201	7.222102112
8.189738105	7.170867663
8.189738105	4.829132337
7.362581851	4.966039865
7.362581851	7.033960135
5.183851715	4.866945295
5.130288427	4.939488206
10.96726914	5.591992776
11.02719927	5.620301857
10.98070356	5.656979371
5.81335301	4.210107482
5.800223763	4.136983257
5.891036223	4.184071618
7.16219801	4.830922054
7.228693063	4.851536441
7.228693063	7.148463559
7.16219801	7.169077946
10.46066731	5.80662532
6.242197932	5.237751173
6.242197932	6.762248827
10.02271472	7.324559731
10.02271472	4.675440269
8.468686468	7.757714913
8.468686468	4.242285087
8.249372406	7.183842888
8.208760457	7.252361785
8.208760457	4.747638215
8.249372406	4.816157112
8.393111842	7.735456184
8.393111842	4.264543816
7.075878583	5.48445779
7.075878583	6.51554221
10.31204015	7.227300374
10.31204015	4.772699626
12.14709985	5.966444562
12.09882522	6.051259602
7.712331537	5.545596158
7.723356638	5.607880794
7.723356638	6.392119206
7.712331537	6.454403842
9.912969452	6.31982669
9.851141518	6.328155364
9.851141518	5.671844636
9.912969452	5.68017331
5.782360195	6.993890787
10.40712764	6.073706917
10.45851621	6.104499586
5.785264298	5.008645264
12.41196523	6.347872353
12.41196523	6.247872353
5.070517526	7.610553138
5.094283832	7.534044662
5.139446164	7.626638493
7.451250441	5.770320678
7.451250441	6.229679322
5.315758495	6.795225062
7.214541488	5.431625919
7.214541488	6.568374081
8.194471595	5.378446874
8.199496544	5.435412157
8.199496544	6.564587843
8.194471595	6.621553126
5.753373472	7.759300869
5.844143096	7.712198508
6.000041795	4.962602727
6.049886418	4.99896803
6.049886418	7.00103197
6.000041795	7.037397273
9.902137181	6.134604978
9.902137181	5.865395022
10.52750837	6.14506006
10.49611807	6.113637798
10.55691527	6.109454421
10.77606067	6.149801503
10.8388455	6.112926712
6.078339658	4.715535272
6.143005634	4.694992168
6.143005634	7.305007832
6.078339658	7.284464728
12.43972308	7.25
8.890003346	6.59336776
8.890214037	6.657293143
8.890214037	5.342706857
8.890003346	5.40663224
6.66829926	7.742156751
6.618043559	7.664737165
6.620569094	4.336216232
6.670824795	4.258796646
11.33515156	5.114311433
11.41208125	5.132510262
10.84131895	7.927859028
10.83658536	7.834343458
10.91387106	7.90648443
10.91387106	4.09351557
10.83658536	4.165656542
10.84131895	4.072140972
9.083423802	7.914169094
9.083423801	4.085830906
6.425168664	5.152547691
6.425168664	6.847452309
8.680712771	7.035585796
8.680712771	4.964414204
10.23434301	6.242893393
5.367820652	4.668799311
5.140238019	4.3769927
5.1000743	4.464238338
5.075168068	4.38423386
11.37350579	6.612461757
5.284931812	5.604383076
11.07008207	7.640916079
10.96803363	7.641327957
10.96814657	4.358499777
11.07095322	4.357956165
11.99319565	7.575288689
6.793031082	4.925814925
6.843608419	4.967777017
6.785748124	4.998034274
6.785748124	7.001965726
6.843608419	7.032222983
6.793031082	7.074185075
5.71918374	6.901800913
8.29249975	5.288771098
8.270715717	5.217476279
8.270715717	6.782523721
8.29249975	6.711228902
9.696177031	6.351214688
9.71265008	6.41750918
9.71265008	5.58249082
9.696177031	5.648785312
9.909765551	6.795282758
9.973922551	6.804143957
9.973922551	5.195856043
9.909765551	5.204717242
5.063089017	5.28463776
12.0131546	6.765005152
10.2334891	5.75922615
12.06044826	4.945321022
12.09484008	4.852148731
10.73478906	6.618866754
10.7231482	6.688922353
5.844059102	4.287754423
5.753246642	4.240666063
10.97149765	6.345654042
11.02461462	6.38051539
10.95925403	6.413348875
9.569702975	6.584041895
9.508415983	6.621223261
9.503215988	6.564675191
9.503215988	5.435324809
9.508415983	5.378776739
9.569702975	5.415958105
5.299493629	6.116403056
5.344661031	6.15248494
9.723027405	7.085710043
9.723027405	4.914289957
10.99939657	5.84042416
10.94194534	5.814955181
11.00131702	5.782867353
7.888586428	5.241315709
7.866326203	5.185865721
7.866326203	6.814134279
7.888586428	6.758684291
8.31688548	7.228616717
8.31688548	4.771383283
4.589854287	4.656584256
4.514465903	4.588176379
6.526641241	4.774897816
6.462225262	4.815001223
6.462225262	7.184998777
6.526641241	7.225102184
11.64752455	4.952057376
7.604386341	5.658593399
7.604386341	6.341406601
7.209252755	7.909835562
7.209252755	4.090164438
9.785431746	7.03429023
9.766157394	7.119487656
9.766157394	4.880512344
9.785431746	4.96570977
9.460007777	6.300469597
9.502582857	6.267387123
9.502582857	5.732612877
9.460007777	5.699530403
5.516889537	4.286932255
8.03916388	6.28457872
8.03916388	5.71542128
6.779774278	4.682311994
6.779774278	7.317688006
5.435737336	4.698363701
7.010439057	4.952536938
7.054584455	4.88967762
7.054584455	7.11032238
7.010439057	7.047463062
5.670197385	7.171438559
5.622501866	7.119358552
7.267618036	5.699011166
7.275221777	5.760460648
7.275221777	6.239539352
7.267618036	6.300988834
5.464430663	5.573032227
11.05911155	5.869381235
10.99973986	5.901469063
10.48671109	6.337889402
6.793242122	5.072558721
6.793242122	6.927441279
6.588668518	4.748712306
6.649498434	4.69135676
6.660093966	4.745210683
6.660093966	7.254789317
6.649498434	7.30864324
6.588668518	7.251287694
10.7722511	5.965021457
10.83280788	5.992811723
6.672410385	5.877914316
6.638841037	5.911346292
6.638841037	6.088653708
6.672410385	6.122085684
7.923312766	5.390473238
7.980485514	5.368654271
7.980485514	6.631345729
7.923312766	6.609526762
10.91138971	7.38810645
10.91138971	4.61189355
10.99224974	5.721343413
10.93231961	5.693034332
12.35580398	6.201463372
12.44383875	6.153591019
10.28862487	6.200106613
5.229319012	7.914887365
5.328156221	7.914887365
12.31881196	6.117854525
12.28693843	6.212135859
8.499100645	5.059333126
8.459701698	4.99997698
8.519944487	4.98265438
8.519944487	7.01734562
8.459701698	7.00002302
8.499100645	6.940666874
4.872924492	5.836039385
8.58687094	7.428090373
8.671894575	7.398783073
8.671894575	4.601216927
8.58687094	4.571909627
8.247192585	6.658637267
8.183811406	6.678010403
8.183811406	5.321989597
8.247192585	5.341362733
8.13637399	6.468448625
8.13637399	5.531551374
5.328045449	4.085142276
5.22920824	4.085142276
10.60118475	7.762265477
10.51748622	7.723209377
10.59793181	7.678599989
10.59793181	4.321400012
10.51748622	4.276790623
10.60118475	4.237734523
8.666917882	6.68805257
8.612492857	6.690903723
8.622565762	6.643340459
8.622565762	5.356659541
8.612492857	5.309096277
8.666917882	5.31194743
6.83431851	5.892249092
6.787793012	5.880160229
6.787793012	6.119839771
6.83431851	6.107750908
10.56773305	6.181968918
10.50693585	6.186152295
5.625861626	5.042921673
5.658975824	5.092849031
7.790448151	5.198046503
7.790448151	6.801953497
6.432284272	4.642602606
6.432284272	7.357397394
8.202307295	4.513784118
8.202307295	7.486215882
4.996856053	7.57914675
9.987846536	6.45800283
9.970983501	6.390166552
9.970983645	5.609834172
9.987846536	5.54199717
8.853667531	7.149779794
8.853667531	4.850220206
9.405830965	6.708382783
9.440153891	6.763279308
9.440153891	5.236720692
9.405830965	5.291617217
5.921762507	7.421019152
5.87604383	7.485783969
10.57697513	6.691679464
10.52366943	6.716101948
4.855460525	4.427862208
6.905511726	4.231657594
6.905511726	7.768342406
10.89436852	6.082852464
10.89574898	6.144824759
4.720285392	6.280752157
10.28742905	5.802603402
5.874793005	4.514046595
5.921528538	4.57895298
8.404172606	6.710146672
8.434921154	6.761192752
8.434921154	5.238807248
8.404172606	5.289853328
5.496101196	7.929230526
5.479443961	7.841465727
8.884415317	7.729056223
8.978528571	7.75088771
8.978528571	4.24911229
8.884415317	4.270943777
5.309545594	6.022069148
5.002122019	4.415161597
12.42052914	6.854630091
12.3440029	6.815406477
12.42347377	6.760776386
8.239492815	5.699860719
8.194494263	5.731849371
8.194494263	6.268150629
8.239492815	6.300139281
10.92434334	6.310145477
10.98970392	6.277311992
5.479157366	4.158541726
5.495968084	4.070745188
6.17480161	4.642989376
6.17480161	7.357010624
8.587715896	7.011282364
8.587715896	4.988717636
9.727934469	6.594610153
9.771590939	6.61987912
9.729225478	6.663052418
9.729225478	5.336947582
9.771590939	5.38012088
9.727934469	5.405389847
12.42601489	5.550793841
12.42601489	5.450793841
5.233316679	5.907494459
8.45015754	6.537650812
8.395876535	6.550932926
8.395876535	5.449067074
8.45015754	5.462349188
12.42632513	4.765660821
11.74355721	5.1463705
10.72610576	7.094589885
10.73971908	7.033407676
10.80919481	7.07098872
10.80585183	4.929184853
10.73644301	4.966842411
10.72617267	4.905486629
8.303926449	6.550258554
8.249831076	6.537795644
8.249831076	5.462204356
8.303926449	5.449741446
9.566541729	6.46994632
9.623724581	6.498487131
9.623724581	5.501512869
9.566541729	5.53005368
4.080500127	6.529449279
9.29963746	7.447800384
9.379954502	7.415213511
9.379954502	4.584786489
9.29963746	4.552199616
7.585691402	5.223067262
7.663683591	5.201280224
7.663683591	6.798719776
7.585691402	6.776932738
11.98324441	6.620835285
12.08321242	6.595339831
12.0467999	6.692854524
6.986332369	7.664789009
7.059813881	7.725783191
6.992089155	7.74707784
6.992089155	4.25292216
7.059813881	4.274216809
6.986332369	4.335210991
9.751941263	6.449547021
9.78164516	6.397575763
9.78164516	5.602424237
9.751941263	5.550452979
9.801798858	6.090692436
9.77500001	6.040228991
9.77500001	5.959771009
9.801798858	5.909307564
6.446123838	5.08089068
6.446123838	6.91910932
7.026044711	4.822659302
7.09448461	4.826132997
7.09448461	7.173867003
7.026044711	7.177340698
4.437309576	7.512711644
4.549142564	6.64669344
5.397263986	7.929230526
5.487990386	4.739982834
5.561421589	4.770205796
5.704824715	5.194478167
5.683179506	5.14148899
5.397130875	4.070745188
9.168443212	6.392837492
9.123730329	6.362060465
9.186504705	6.32608762
9.186504705	5.67391238
9.123730329	5.637939535
9.168443212	5.607162508
10.38196702	6.043829062
7.125381475	7.651820061
7.125381475	4.348179939
6.399077942	4.841692606
6.399077942	7.158307394
6.710668515	5.865630513
6.708447922	5.919773626
6.708447922	6.080226374
6.710668515	6.134369487
10.91049496	6.866414779
10.85885569	6.820864991
10.77433664	6.965473503
10.6912476	6.989074668
10.69259968	5.012471526
10.77227883	5.03616975
8.890646843	6.792450053
8.886208593	6.720404508
8.934866167	6.763351798
8.934866167	5.236648202
8.886208593	5.279595492
8.890646843	5.207549947
8.191474846	6.500203496
8.191474846	5.499796504
8.973199632	6.725051617
8.977637882	6.797097162
8.977637882	5.202902838
8.973199632	5.274948383
5.828488372	7.94452685
10.3851743	5.957457313
5.995474679	5.433306009
6.029075864	5.395454211
6.033601185	5.462148202
6.033619907	6.53786261
6.029188199	6.60461066
5.995568291	6.56674805
8.491944856	6.569966463
8.50034945	6.50408854
8.50034945	5.49591146
8.491944856	5.430033537
6.175	5.459181684
6.2	5.408801645
6.2	6.591198355
6.175	6.540818316
6.885903663	4.93802321
6.885903663	7.06197679
11.64733706	7.048402592
8.867926544	4.96308223
8.886955138	4.904546413
8.921779913	4.954558284
8.921779913	7.045441716
8.886955138	7.095453587
8.867926544	7.03691777
6.029592708	7.339798157
6.007035933	7.251348159
6.953750893	4.828122554
6.953750893	7.171877446
6.007029342	4.74865246
6.029586116	4.660202462
6.008595951	7.922271522
11.5577583	7.922767003
11.65659551	7.922767003
11.64873739	4.069162528
11.54990018	4.069162528
6.008584851	4.077734596
9.931232627	4.852550818
9.850644957	4.880715413
9.850644957	7.119284587
9.931232627	7.147449182
7.240893229	4.421900021
7.15415489	4.413144399
7.15415489	7.586855601
7.240893229	7.578099979
6.887615249	5.479995221
6.938546008	5.476235003
6.906385867	5.534247935
6.906385867	6.465752065
6.938546008	6.523764997
6.887615249	6.520004779
8.548677785	6.240343607
8.504046059	6.272365775
8.504046059	5.727634225
8.548677785	5.759656393
9.195771373	6.271841747
9.151151136	6.239823225
9.151151136	5.760176775
9.195771373	5.728158253
6.97757727	5.4433011
6.970285228	5.389432966
6.970285228	6.610567034
6.97757727	6.5566989
5.828488372	4.055473696
11.85645939	4.865899344
11.93377041	4.835841912
9.450399516	6.53719553
9.39596456	6.549989967
9.39596456	5.450010033
9.450399516	5.46280447
9.304093576	6.550056756
9.24961033	6.537032959
9.24961033	5.462967041
9.304093576	5.449943244
9.788240616	7.1707044
9.788240616	4.8292956
6.796340726	5.432584884
6.796340726	6.567415116
5.508991123	7.336131161
5.5882412	7.332734455
9.726623056	6.510458646
9.726623056	5.489541354
7.886267604	5.355675011
7.886267604	6.644324989
9.531308158	7.021414457
9.493889492	6.946439191
9.493889492	5.053560809
9.531308158	4.978585543
12.27570515	5.102280025
12.22200393	5.187393668
12.19731665	5.088586817
4.404183497	4.240309149
4.379187801	4.324540247
7.025933038	5.805846651
7.064047259	5.853552694
7.064047259	6.146447306
7.025933038	6.194153349
10.6157204	6.735901842
9.778349988	6.332269486
9.817641171	6.364307327
9.817641171	5.635692673
9.778349988	5.667730514
11.02433764	5.261714514
11.02089222	5.190153998
5.11950674	5.632619349
5.100234514	5.699413979
9.518206926	6.67581612
9.451719939	6.656449416
9.451719939	5.343550584
9.518206926	5.32418388
5.356042246	7.777662069
5.280028261	7.732785293
6.111717724	5.172957758
6.120945661	5.101058026
6.120946241	6.898942309
6.111718305	6.827042577
5.668000181	4.998938928
9.85443669	6.39346164
9.85443669	5.60653836
9.511686507	6.500014164
9.511686507	5.499985836
5.962364508	5.464984023
5.957839187	5.398290032
5.957971789	6.601786543
5.962403497	6.535038492
8.794412266	6.228974754
8.794412266	5.771025246
8.513151731	6.326414105
8.576746565	6.363263549
8.532033476	6.393368934
8.532033476	5.606631066
8.576746565	5.636736451
8.513151731	5.673585895
9.199056725	6.505561706
9.207633424	6.570518884
9.207633424	5.429481116
9.199056725	5.494438294
5.085797895	5.885291163
6.299775179	5.408232228
6.324775179	5.458612267
6.324775179	6.541387733
6.299775179	6.591767772
6.978993239	7.829336589
6.978993239	4.170663411
8.998507542	4.322396067
8.998507542	7.677603933
4.062452274	5.231408449
4.062452274	5.331408449
12.00143608	5.580746413
12.02602294	5.664342504
11.95968016	5.66368447
12.23869017	7.051206279
8.527095222	6.450995634
8.527095222	5.549004366
4.522043744	7.232979212
4.428327535	7.216854684
4.317990479	6.45812195
9.173351234	6.45044306
9.173351234	5.54955694
9.513725256	6.44246666
9.513725256	5.55753334
6.579470672	5.591520247
6.579470672	6.408479753
6.096189481	5.06093733
6.096189481	6.93906267
6.042423048	7.765543278
6.124349417	7.72784646
5.065364627	6.266630934
6.147965241	4.576298985
6.147965241	7.423701015
4.07665159	5.738552482
6.124314791	4.272165435
6.042382485	4.234471987
5.201572434	7.669471414
5.194135685	7.766460849
4.717025326	5.80624718
4.716422436	5.729081887
10.94691081	6.17827697
10.89138779	6.208351217
8.97791251	6.195526024
8.97791251	5.804473976
8.186708522	5.558343574
8.186708522	6.441656426
5.575725648	4.643862389
5.484504026	4.658404281
11.57198086	7.390691334
11.55669046	7.480613663
12.09626069	5.670148815
12.05450478	5.753086871
10.77026963	5.909269561
4.411109438	7.840870993
4.317430402	7.784441316
10.82150486	5.756139899
10.88134335	5.726221561
10.88402731	5.787316711
4.31169699	4.209092073
4.411345544	4.165435734
4.076417217	6.07291078
4.076417217	6.17291078
9.811441052	6.655800567
9.811441052	5.344199433
11.41168534	6.865642277
11.3344094	6.885549562
11.87086045	4.624354961
10.98404722	7.830122126
10.98878081	7.923637697
10.98870029	4.076284194
10.9839667	4.169799765
10.94943758	6.051788814
10.8925341	6.019890767
5.267801863	5.963759208
10.50465053	6.288524867
7.773721235	5.965922047
7.794222189	5.916755149
7.794222189	6.083244851
7.773721235	6.034077953
12.31628092	7.020804655
12.42052914	6.954630091
5.282585204	4.268783333
5.355676138	4.222433456
9.100236193	6.592766263
9.100236193	5.407233737
7.930308254	6.038606452
7.930308254	5.961393548
6.968414829	5.321254175
6.968414829	6.678745825
6.630156866	5.355150901
6.630156866	6.644849099
11.53652256	7.309462334
11.6173851	7.338845189
11.93258714	6.530067652
11.8819784	6.459585502
8.561250191	6.694822796
8.60560231	6.739534907
8.60560231	5.260465093
8.561250191	5.305177204
6.756491565	5.669397369
6.738572593	5.62262548
6.795241005	5.642471731
6.795241005	6.357528269
6.738572593	6.37737452
6.756491565	6.330602631
7.319608835	4.746834359
7.394197412	4.719227888
7.394197412	7.280772112
7.319608835	7.253165641
10.50490627	5.814649675
9.093205516	6.313220376
9.093205516	5.686779624
5.507581354	6.728470236
5.48009525	6.670452131
5.181156451	7.849239401
11.95222613	5.940123425
12.4267331	5.27386848
12.32692931	5.274411917
12.40019621	5.200543438
11.47349736	5.735532572
11.4718363	5.661203589
8.213431749	5.22190487
8.24761507	5.154475693
8.24761507	6.845524307
8.213431749	6.77809513
5.193850877	4.233636387
5.204066113	4.332135167
4.249272384	4.384286351
4.262961182	4.477324803
4.450145472	5.661902655
4.392702339	5.702777694
4.378669172	5.621340271
11.86232778	6.324320303
4.358292795	7.932092789
11.09360394	5.157255675
4.357103937	4.067109329
8.9746275	7.012159042
8.9746275	4.987840958
10.78678989	6.300688736
10.80240277	6.359758714
12.13812462	6.285851546
12.23416829	6.253608333
11.34241088	5.602992322
11.30311609	5.552611
11.36928304	5.527714459
12.16056495	5.284285458
12.23895345	5.297978665
10.44897981	7.927235479
10.44772148	7.830672912
10.52199749	7.903437433
10.52199749	4.096562567
10.44772148	4.169327088
10.44897981	4.072764521
6.747300134	5.205900083
6.719768816	5.145511303
6.719768816	6.854488697
6.747300134	6.794099917
9.785009657	6.941614785
9.862786711	6.932957696
9.820078811	6.991855528
9.820078811	5.008144472
9.862786711	5.067042304
9.785009657	5.058385215
10.2824853	4.234820641
10.36872719	4.215970915
10.36872719	7.784029085
10.2824853	7.765179359
11.09460786	6.843324918
11.02207778	6.8102543
6.996347888	5.497553815
6.996347888	6.502446185
7.532925021	4.794479618
7.532925021	7.205520382
9.695068832	4.236078532
9.762062319	4.239910087
9.725034901	4.324963658
9.725034901	7.675036342
9.762062319	7.760089913
9.695068832	7.763921468
5.873300425	7.13669465
5.827581005	7.179489878
6.770375259	5.714503327
6.713706847	5.694657076
6.713706847	6.305342924
6.770375259	6.285496673
5.825983558	4.824296294
5.87841578	4.86787414
6.503603397	5.337834098
6.453429836	5.361972082
6.453429836	6.638027918
6.503603397	6.662165902
10.74248174	7.927859028
10.74248174	4.072140972
7.980308254	6.03860644
7.980308254	5.96139356
5.943034417	4.854613818
5.981581173	4.811015174
5.981581173	7.188984826
5.943034417	7.145386182
6.675383053	4.801660239
6.736212969	4.744304694
6.736212969	7.255695306
6.675383053	7.198339761
5.181023319	4.15077521
4.158176629	5.322219462
4.095724354	5.390811013
11.9037246	5.804741919
11.99065609	5.819038048
11.91011367	5.876499407
6.661789611	4.571527105
6.674439941	4.652364972
6.674439941	7.347635028
6.661789611	7.428472895
11.43556051	4.176440202
11.50048158	4.119640259
11.50833969	7.872289273
11.4389424	7.820279212
7.605994768	7.921346389
7.605994768	4.078653611
5.505048901	7.022512499
5.838010912	6.889676569
5.783755421	6.900951789
5.782224298	5.099830077
5.839388521	5.112217832
11.15326329	5.167859685
11.12965844	5.236714327
9.087850907	4.731165745
9.174988479	4.711027661
9.174988479	7.288972339
9.087850907	7.268834255
5.752939161	6.954498143
5.050235148	5.842364459
7.028488818	4.470760826
7.028488818	7.529239174
5.670379495	7.014106044
5.609534367	7.043040416
7.291037964	4.872811663
7.263716567	4.789968014
7.263716567	7.210031986
7.291037964	7.127188337
10.10320035	6.343606588
10.10318842	5.656440475
6.041818846	7.407107132
5.970515122	7.373990563
8.723948722	6.201040716
8.723948722	5.798959284
11.2662042	6.590507013
11.31807903	6.641991912
11.25578125	6.664026106
5.686807853	7.352503212
5.743688512	7.394265149
5.682685069	7.418652755
5.970328899	4.62598594
6.041639216	4.592868751
8.603932452	6.316634771
8.603932452	5.683365229
7.254615949	5.496085338
7.254615949	6.503914662
5.743480103	7.634850695
5.696370736	7.677422778
12.19717627	6.169999486
7.054277086	5.76681565
7.087089581	5.737600632
7.087089581	6.262399368
7.054277086	6.23318435
8.878421758	7.632934184
8.878421758	4.367065816
10.86979717	5.661857519
11.31953236	4.912779892
6.288648924	5.211644618
6.288648924	6.788355382
11.83886627	5.77731285
9.536802446	6.790407161
9.490358244	6.77448975
9.507955083	6.726959686
9.507955083	5.273040314
9.490358244	5.22551025
9.536802446	5.209592839
10.19316171	6.563607924
10.264577	6.572810406
10.74907329	7.280139408
10.78017935	7.219185084
10.82506108	7.285864479
10.82496871	4.714140896
10.78008988	4.78082361
10.74907619	4.719863911
10.26522981	5.429143262
10.19376727	5.438333929
12.27795655	6.866582544
9.469001254	6.826726783
9.469001254	5.173273217
4.3180678	4.358757118
4.235739527	4.309494721
6.296450992	5.26064962
6.296450992	6.73935038
9.603204802	6.259764005
9.649960149	6.281768281
9.649960149	5.718231719
9.603204802	5.740235995
5.614189869	4.787362794
5.693440644	4.782442459
12.33911756	7.616111304
12.31549998	7.722106558
11.47352663	5.59590436
11.4068875	5.64339501
11.4622093	4.05047773
11.4622093	7.94952227
11.76686747	7.317873854
11.73987604	7.384373164
11.67983483	7.353574879
6.857355025	5.822739044
6.904514647	5.845333289
6.876039594	5.875424878
6.876039594	6.124575122
6.904514647	6.154666711
6.857355025	6.177260956
10.08529678	7.925555293
10.08529678	4.074444707
12.3265791	5.723918477
12.43006871	5.727692749
5.589525356	4.717180412
7.021621387	5.600311467
7.075790702	5.613436156
7.042058904	5.650158038
7.042058904	6.349841962
7.075790702	6.386563844
7.021621387	6.399688533
12.2410349	5.999635956
8.066859418	7.01907941
8.097457065	6.952205123
8.097457065	5.047794877
8.066859418	4.98092059
5.689374751	4.308797578
5.734224106	4.363850525
5.579644723	7.089534147
11.24387633	5.577390497
11.27074849	5.502112634
11.31930608	7.087499488
5.895306481	5.399228303
5.896000755	6.601172628
4.225067215	5.458959141
4.269328379	5.380247758
7.987623136	5.747990016
7.993698728	5.695138213
7.993698728	6.304861787
7.987623136	6.252009984
10.56206281	7.332922962
10.56206281	4.667077038
6.541257081	5.57499985
6.541257081	6.42500015
6.603014493	4.655866595
6.603014493	7.344133405
4.07665159	5.638552482
8.599676828	6.258797938
8.599676828	5.741202062
9.100387868	6.258830122
9.100387868	5.741169878
10.88787694	5.961748072
8.17350748	6.040987227
8.12350748	6.04098724
8.12350748	5.95901276
8.17350748	5.959012773
9.516977452	6.040446467
9.516977452	5.959553533
8.054964491	7.737033349
8.054964491	4.262966651
10.55165495	5.632348441
10.72283179	4.213312928
10.80179192	4.222768342
10.76059047	4.291799327
10.76059047	7.708200673
10.80179192	7.777231658
10.72283179	7.786687072
10.83553977	6.405351674
10.87300008	6.332894567
8.794303328	6.765677447
8.811899312	6.814337984
8.811899312	5.185662016
8.794303328	5.234322553
5.542873665	7.144773216
5.529906166	7.068455081
5.264319485	6.059998839
5.269694884	6.006491159
8.539052497	6.790315566
8.491811729	6.775053618
8.507118876	6.728192033
8.507118876	5.271807967
8.491811729	5.224946382
8.539052497	5.209684434
5.104461936	6.407474943
5.120091363	6.362585571
9.844126283	7.219338008
9.75963872	7.219541077
9.75963872	4.780458923
9.844126283	4.780661992
9.164695192	7.417260992
9.209505681	7.486918689
9.209505681	4.513081311
9.164695192	4.582739008
8.466854774	6.823316286
8.466854774	5.176683714
6.13607433	4.493219336
6.089005521	4.544005625
6.089005521	7.455994375
6.13607433	7.506780664
10.65800576	5.487240884
10.63781708	5.546325579
8.921027868	6.911151621
8.842280337	6.933039551
8.860556886	6.857285273
8.860556886	5.142714727
8.842280337	5.066960449
8.921027868	5.088848379
5.751581517	4.598416522
5.678863581	4.628330002
12.4267331	5.37386848
5.972331852	7.793679101
5.959177346	7.866798372
8.824044251	6.996751119
8.824044251	5.003248881
5.427511161	6.681262785
10.1990795	5.504474258
5.359253047	6.683746201
5.315567104	6.659421543
5.357900066	6.615260901
8.608071561	6.597876998
8.608071561	5.402123002
10.77109668	5.790622968
10.76841272	5.729527818
10.19845318	6.497462948
12.44372842	7.65
8.019882821	7.04213395
8.019882821	4.95786605
7.065434233	5.695071716
7.065434233	6.304928284
5.449455839	5.078476816
10.87434404	7.755857059
10.87434404	4.244142941
10.86249442	5.191874569
10.91301865	5.142854431
12.09625716	6.517274045
12.15981265	6.589293284
5.959166246	4.133208292
5.972295492	4.206332518
5.213525121	6.08803639
10.76311171	5.666874658
10.71270353	5.701357727
4.995143177	4.676080741
12.42293624	4.078975056
12.42703744	7.926729814
12.42703744	7.826729814
6.931891114	5.798785081
6.931891114	6.201214919
9.553454702	6.236652875
9.553454702	5.763347125
12.32409903	4.078975056
12.32820023	7.926729814
12.12856554	5.08288316
5.538488497	6.534461155
5.541865591	6.59344328
11.24199608	5.20249765
11.20594157	5.123038997
6.842470061	5.494429559
6.842470061	6.505570441
6.654515294	5.313685294
6.685991912	5.279072974
6.685991912	6.720927026
6.654515294	6.686314706
5.13788395	7.934352037
11.95549078	7.211759574
12.02491392	7.181298316
12.03059739	7.269003945
5.815434817	7.515621932
5.800174741	7.430576729
10.44174487	7.760231038
10.44174487	4.239768962
8.005308261	5.933373697
8.025000007	5.971979512
8.025000007	6.028020488
8.005308261	6.066626303
12.43006871	5.627692749
5.306434697	6.335806274
5.257854097	6.314271452
5.29126613	6.270199615
6.204730832	4.310934287
6.124755495	4.352243634
6.124664153	7.647870219
6.204615189	7.689173168
4.904833566	6.242779825
11.00137686	6.21286518
11.00573805	6.149338722
11.41505861	5.471453588
11.45435339	5.521834909
4.308537043	7.464707653
4.27023325	7.546207841
11.82042026	7.41583896
9.919447579	6.912707
9.884378424	6.862466257
9.884378424	5.137533743
9.919447579	5.087293
9.610037786	4.251901566
9.610037786	7.748098434
8.850640503	6.16277747
8.885094711	6.131200519
8.885735188	6.187504623
8.885735188	5.812495377
8.885094711	5.868799481
8.850640503	5.83722253
4.659069471	5.62913262
4.731476102	5.640034261
4.682390176	5.68147567
10.57661477	7.032983918
10.59614346	7.118847108
10.59621037	4.881229406
10.57668168	4.967092596
8.395635591	6.603190506
8.349759181	6.550594697
8.349759181	5.449405303
8.395635591	5.396809494
5.665674004	7.755141788
4.563070712	7.439674553
4.656707992	7.454922462
5.810402585	4.563564068
5.824520512	4.478356933
11.64437653	7.272345879
4.644015805	5.718180246
4.07627861	5.152929763
5.13786159	4.065632933
10.88210685	5.844873518
4.958859469	6.845544939
4.91464077	6.916704456
8.459332969	6.302471161
8.459332969	5.697528839
6.125	5.459181684
6.125	6.540818316
7.40781728	5.523214088
7.424412859	5.479609087
7.466595686	5.530489147
7.466595686	6.469510853
7.424412859	6.520390913
7.40781728	6.476785912
4.537081092	5.706957053
9.240484257	6.302618774
9.240484257	5.697381226
6.831217687	5.611131217
6.849136659	5.657903106
6.849136659	6.342096894
6.831217687	6.388868783
4.139803301	6.057164653
11.73765182	7.927162116
11.73065356	4.072135126
5.086318243	6.330411067
7.377317381	5.654388462
7.426670312	5.686381153
7.426670312	6.313618847
7.377317381	6.345611538
5.459203828	6.225663174
5.406456328	6.199533472
4.571841308	7.281653514
4.610971792	7.214929802
5.658668659	4.231150637
10.16382914	6.781680075
10.14228154	6.842660201
10.09906712	6.799147323
10.09906712	5.200852677
10.14228285	5.157340127
10.16383045	5.218320253
8.16599799	5.210546207
8.189098637	5.273546793
8.189098637	6.726453207
8.16599799	6.789453793
7.537256111	4.066591196
7.537256111	7.933408804
10.68499352	7.561076054
10.59263387	7.533263002
10.59263387	4.466736998
10.68499352	4.438923946
10.71519654	5.82394049
10.74988652	7.172815471
10.6804108	7.135234427
10.68048061	4.864845406
10.74988942	4.827187848
6.603746142	5.945317089
6.635094896	5.966028227
6.635094896	6.033971773
6.603746142	6.054682911
6.712645346	5.240429661
6.770566631	5.260428214
6.770566631	6.739571786
6.712645346	6.759570339
6.538213591	5.616520197
6.538213591	6.383479803
11.00599643	6.085204218
11.06046248	6.119792428
9.666704829	6.513287529
9.607483227	6.542294223
9.607483227	5.457705777
9.666704829	5.486712471
11.9194087	5.719851492
8.555138752	6.591297902
8.504946841	6.624860174
8.504946841	5.375139826
8.555138752	5.408702098
8.303685506	6.602516133
8.303685506	5.397483867
7.643929111	6.902068957
7.689717088	6.850577766
7.689717088	5.149422234
7.643929111	5.097931043
4.51520849	6.922284091
4.604397356	6.954724124
10.84054995	7.394590173
10.8154524	7.488090054
10.8154524	4.511909946
10.84054995	4.605409827
10.56698542	6.915329839
10.55336309	6.976003259
10.55350175	5.024482501
10.56712407	5.08515592
4.520029654	6.376826137
6.936501464	5.63179797
6.921214983	5.578525154
6.972603107	5.583760533
6.972603107	6.416239467
6.921214983	6.421474846
6.936501464	6.36820203
6.081132431	5.380401519
6.081151153	6.619609293
4.950458706	6.530510773
5.027552869	6.490628568
12.10046566	5.334826125
12.08351614	5.224241128
9.350033462	6.550023358
9.304126914	6.601956738
9.304126914	5.398043262
9.350033462	5.449976642
9.395997898	6.601889949
9.395997898	5.398110051
11.36153633	5.961222752
11.36064746	5.886760913
11.41784323	5.922205574
6.870284224	5.582285372
6.870284224	6.417714628
4.469408268	6.867378651
10.1438002	7.653912724
10.21506684	7.728209059
10.21506684	4.271790941
10.1438002	4.346087276
9.201296561	6.618320656
9.150742956	6.586849404
9.150742956	5.413150596
9.201296561	5.381679344
6.567971441	6.180647555
6.578993731	6.129682773
6.578993731	5.870317227
6.567971441	5.819352445
6.464059289	5.463511768
6.463815444	5.408441003
6.463815444	6.591558997
6.464059289	6.536488232
5.669693091	7.483597638
5.711551479	5.240205276
5.745231585	5.286907606
4.483449895	6.68721662
9.274287207	7.530740358
9.274287207	4.469259642
4.221055805	6.973153211
4.146513516	6.987248079
5.226048776	6.583823768
5.273011303	6.618870674
6.083601185	5.462148202
6.083619907	6.53786261
4.871970224	5.548220775
4.797799828	5.543095107
11.23562112	5.822304737
11.17062483	5.795358037
11.22810551	5.757059087
7.948371646	5.684564258
7.948371646	6.315435742
12.26549034	5.371303707
5.338392985	6.370943724
5.717788514	6.994739911
10.57592022	5.696302486
10.53250426	5.732398048
8.816794741	6.191000708
8.816154264	6.134696605
8.816154264	5.865303395
8.816794741	5.808999292
7.473399545	5.443636308
7.473399545	6.556363692
10.59964681	5.634935025
11.21883369	7.01276842
11.26812358	7.053159238
11.22183739	7.091800826
11.22206366	4.908478554
11.26882876	4.945345916
11.21931259	4.985457355
5.117347355	7.275421843
9.29724074	6.706314785
9.29724074	5.293685215
8.906814746	6.226124234
8.906814746	5.773875766
12.2003658	6.896984168
12.14716607	6.817782615
12.2234239	6.548068618
12.41762023	6.42974407
10.50245653	6.247800645
4.423223585	6.748910492
6.81638857	5.566853998
6.81638857	6.433146002
6.760747786	5.550882753
6.799814323	5.522036908
6.799814323	6.477963092
6.760747786	6.449117247
5.956210705	4.936384717
5.956210705	7.063615283
6.999715403	4.405796365
7.08283051	4.421470101
7.08283051	7.578529899
6.999715403	7.594203635
9.687850436	6.249626161
9.687890372	6.304749335
9.687890372	5.695250665
9.687850436	5.750373839
11.21015442	5.317732395
11.24924739	5.260835628
10.58617153	7.26011367
10.58617153	4.73988633
11.65933949	5.354084145
11.68852117	5.439809034
4.654183805	4.878235586
10.5702302	7.613938717
10.65392872	7.652994816
10.65392872	4.347005184
10.5702302	4.386061283
11.35506631	6.028796865
11.29787054	5.993352204
5.932834223	7.244318255
5.932827631	4.755682365
4.29321158	6.121730366
4.23505584	6.172764554
4.210990172	6.094787372
11.65570603	7.123758343
11.65057949	7.20279352
11.58705335	7.178581012
5.3726486	6.417931952
8.430716637	7.581671202
8.430716637	4.418328798
11.93912319	4.763147048
12.01273364	4.82588132
8.944366339	6.355733066
8.944366339	5.644266934
9.376228009	6.040325825
9.326228009	6.040325837
9.326228009	5.959674163
9.376228009	5.959674175
8.373698285	6.040375607
8.323698285	6.040375619
8.323698285	5.959624381
8.373698285	5.959624393
11.8131921	6.464313159
6.918517967	4.890880797
6.953530252	4.933346338
6.953530252	7.066653662
6.918517967	7.109119203
5.912364508	5.464984023
5.912403497	6.535038492
5.733306719	5.464760823
5.783306719	5.464760823
5.775209429	6.539473364
5.725209429	6.539473364
11.7289568	6.858481078
9.969246625	6.882341617
9.947654912	6.952833057
9.947654912	5.047166943
9.969246625	5.117658383
5.927325581	7.94452685
11.1262605	6.765262558
11.14877677	6.83185064
5.927325581	4.055473696
11.73842092	4.658352157
6.577732372	5.969627781
6.581478514	5.914945845
6.581478514	6.085054155
6.577732372	6.030372219
8.963798013	6.882615929
8.945521464	6.958370207
8.945521464	5.041629793
8.963798013	5.117384071
5.268751297	6.202947038
5.222633499	6.190158361
5.248699266	6.144440606
7.560092189	5.637119424
7.533893069	5.602503761
7.533893069	6.397496239
7.560092189	6.362880576
5.588488497	6.534461155
8.136377647	6.689369066
8.136377647	5.310630934
5.873397102	7.226722181
5.793598645	7.224257138
10.55263216	6.021753539
10.83788151	7.554913577
10.83788151	4.445086423
10.19315275	6.872683055
10.19315406	5.127317273
5.792431337	4.778517858
5.873827241	4.772266643
5.124175762	5.738133385
5.170315989	5.709179547
8.3733179	6.344736946
8.432757088	6.333274013
8.432757088	5.666725987
8.3733179	5.655263054
4.637817438	7.327610114
4.548889389	7.345659524
7.394653459	4.389339477
7.394653459	7.610660523
10.42516062	6.029877881
4.083472055	4.267511977
11.11093874	5.76922436
11.11845435	5.834470009
5.225338739	7.592962937
6.414059289	5.463511768
6.414059289	6.536488232
11.76876421	7.019897769
11.75876071	6.935833252
5.083147895	5.774206456
11.23071651	6.401158539
11.17754932	6.431706467
10.82587432	7.178540542
10.82578194	4.821464833
11.28467286	5.705947325
11.34072055	5.668291551
11.34914949	5.746350013
11.47492472	6.136413434
11.40696452	6.071109375
7.304891735	5.508598098
7.364056627	5.525535848
7.364056627	6.474464152
7.304891735	6.491401902
8.263156164	6.333639831
8.323591806	6.344410862
8.323591806	5.655589138
8.263156164	5.666360169
9.812039695	6.771239094
9.853104683	6.815533455
9.786652568	6.838422593
9.786652568	5.161577407
9.853104683	5.184466545
9.812039695	5.228760906
8.34899267	6.655107768
8.395110025	6.655445997
8.395110025	5.344554003
8.34899267	5.344892232
6.806851581	4.47763927
6.869378154	4.43277207
6.869378154	7.56722793
6.806851581	7.52236073
12.12745295	5.828289985
12.20888165	5.77567232
4.19795904	6.006130465
11.43302879	6.200019501
10.42500001	5.970366707
9.264618371	6.333139563
9.324030959	6.344436614
9.324030959	5.655563386
9.264618371	5.666860437
9.376011883	6.344436601
9.436660116	6.334231152
9.436660116	5.665768848
9.376011883	5.655563399
4.080500127	6.429449279
4.564617821	4.455703992
10.71269513	7.625737325
10.71269513	4.374262675
4.054421372	6.95
7.501185055	5.559530651
7.48270812	5.617067258
7.48270812	6.382932742
7.501185055	6.440469349
6.628237119	4.912961785
6.701544388	4.916406666
6.701544388	7.083593334
6.628237119	7.087038215
10.65794723	7.802615909
10.57750165	7.847225298
10.57750165	4.152774702
10.65794723	4.197384091
6.374775179	5.458612267
6.374775179	6.541387733
10.6656573	5.668796818
10.64139203	5.604842774
5.067307636	6.449012164
5.116008685	6.480680022
6.741672069	5.784319448
6.715192288	5.826323532
6.715192288	6.173676468
6.741672069	6.215680552
5.385178199	6.725423427
7.625834273	4.994714971
7.625834273	7.005285029
4.591528769	4.840968269
8.303159939	6.654771625
8.303159939	5.345228375
12.35274799	5.424662321
4.258266727	4.067109329
4.259455586	7.932092789
12.25951734	5.703076694
12.17537822	5.686297556
4.896875156	6.527078855
11.84965314	6.387083949
5.605468388	6.6013187
6.818988997	5.287186653
6.818988997	6.712813347
11.69287963	5.203810687
11.66014792	5.293040799
9.304169038	6.653856714
9.350108924	6.653823316
9.350108924	5.346176684
9.304169038	5.346143286
9.396040022	6.653789924
9.396040022	5.346210076
12.29307567	5.634543714
5.520333045	7.198374775
5.571645106	7.227215187
5.49936593	7.25973768
6.633591019	4.839653689
6.633591019	7.160346311
9.668016242	6.597439035
9.710381702	6.554265737
9.710381702	5.445734263
9.668016242	5.402560965
10.76828868	5.850552571
11.20522648	6.876456789
11.23687913	6.798394429
10.70382757	5.580187372
11.0763505	7.718174161
11.14236841	7.652442918
11.14312662	4.346601593
11.07646345	4.281653572
4.906532438	6.968246398
4.917440357	7.063067086
11.86529464	5.925827296
10.79165527	7.616281911
10.79165527	4.383718089
5.699693671	7.222524052
5.622108507	7.216937775
6.743336422	4.878413216
6.743336422	7.121586784
5.908955379	7.10012591
5.914070735	4.90444288
11.21100628	7.625924906
11.21695297	7.54674779
11.22301863	4.445608294
11.21038489	4.369909994
7.310192162	7.571227137
7.310192162	4.428772863
6.685094896	6.03397176
6.685094896	5.96602824
11.85433138	6.004404398
7.90592837	5.657631907
7.90592837	6.342368093
12.3560836	5.57848659
10.88577685	7.637376925
10.88577685	4.362623075
10.61992422	7.197072694
10.61992712	4.802930625
11.50769898	4.798642901
5.228972346	4.412139645
9.042136469	6.808518799
9.042136469	5.191481201
4.414883709	6.902090162
4.441642961	6.812323431
4.245373651	7.629711215
8.224667356	5.97002498
8.224667356	6.02997502
9.473895901	6.029888065
9.473895901	5.970111935
4.668000164	5.842782505
4.706977426	5.883243223
5.428958901	5.41076932
5.412920641	5.459024639
11.5193022	5.539643488
10.92180738	7.702696291
10.92192033	4.297131443
6.786829277	5.478458314
6.786829277	6.521541686
8.450815527	6.65822941
8.450815527	5.34177059
4.368699026	6.783622004
4.322522863	6.859422603
11.08200287	5.64372452
11.06856845	5.578737925
8.075000007	6.028020476
8.075000007	5.971979524
6.662615898	5.126671791
6.628130568	5.179777984
6.628130568	6.820222016
6.662615898	6.873328209
4.048504823	6.35
5.032859877	4.597768406
8.858590646	6.560918499
8.858590646	5.439081501
4.497094582	7.393717953
11.35502808	5.815874761
11.29872118	5.85489194
11.12002198	5.96390215
11.11879764	5.895514912
11.17936477	5.928990924
12.33850087	5.140853037
12.43830466	5.140309599
4.235982762	5.304112482
5.721227864	7.524267111
5.797096953	7.579474351
9.946175698	6.354104994
9.946175843	5.64589573
10.95660082	7.759808091
10.95671376	4.240019642
9.564651127	6.691733531
9.564651127	5.308266469
7.612671728	4.751861964
7.612671728	7.248138036
5.757411286	6.719823518
5.716301834	6.759976928
5.021889074	6.863874129
11.21727471	7.703182988
11.21589511	4.293607402
9.25125873	6.654448207
9.25125873	5.345551793
9.91274484	6.393371236
9.91274484	5.606628764
11.50288456	7.224840214
4.426308199	4.472369668
4.392720658	4.399331877
4.4874282	4.438152797
11.00416202	6.02224252
5.464430663	5.523032227
5.439044932	5.495385977
5.474614269	5.47235375
5.1814197	7.248341796
12.432502	4.94444105
12.432502	4.84444105
6.931990677	4.384501716
6.931990677	7.615498284
5.38824151	6.462947393
5.423112969	6.497084062
4.25098083	7.042422056
4.345759592	7.072177199
4.773617378	5.595156744
4.732337846	5.535629573
5.001301812	7.05433596
5.018525511	6.982808876
11.29175702	6.456667962
11.29784375	6.383002007
12.3138136	5.042046186
12.15422124	6.123337149
12.08901011	6.139394413
4.968245311	6.21429733
5.481282299	6.860680753
5.786703205	4.419113753
10.65624951	5.424414968
10.69849638	5.458844261
10.94381402	5.930669552
11.00352901	5.959626627
9.431608367	7.456075726
9.431608367	4.543924274
4.445192613	4.540768895
4.350485071	4.501947975
4.674076872	7.004556291
4.665290211	7.074222565
11.33347512	6.165948684
11.37211076	6.212965641
11.31038893	6.233362987
11.29291391	6.303936264
5.365640165	6.766684487
5.433898278	6.764201071
5.207108402	5.667518177
11.34329873	6.103238827
6.869878524	5.965833325
6.881478132	5.914843337
6.881478132	6.085156663
6.869878524	6.034166675
6.709710023	4.8387477
6.709710023	7.1612523
4.287852348	6.941079109
10.3603119	7.274112612
10.3603119	4.725887388
4.72167445	6.913826486
10.79134373	5.106655024
10.80658579	5.168483458
10.74367757	5.143627299
4.18938671	6.219336908
4.271608117	6.246279901
5.692663289	4.701648024
5.743810298	4.749753074
11.48002167	5.884096553
10.70264831	5.183351913
10.68740625	5.121523479
11.31630238	7.008467082
11.31678129	4.989758693
5.495249692	5.02827832
10.63337837	7.000028181
10.63358393	5.000534093
10.8840878	5.903590508
10.56539464	6.060769619
10.51276249	6.03901608
11.90179145	7.256368309
11.89610798	7.16866268
10.42391566	6.536289735
10.82616977	5.875952038
11.07141993	6.418399332
5.341699277	7.844117891
11.11399519	6.087865152
11.11373681	6.151999656
5.677597065	5.459644069
8.765259713	6.124635886
8.765259713	5.875364114
6.764198139	5.758249082
6.778279667	5.802805496
6.778279667	6.197194504
6.764198139	6.241750918
11.7801601	5.205762207
4.205994451	5.60670061
4.134826611	5.59301616
4.187517882	5.522611806
9.518746529	7.4902782
9.518746529	4.5097218
5.341455394	4.155887464
8.298365641	6.070350076
8.274667356	6.029975007
8.274667356	5.970024993
8.298365641	5.929649924
9.423895901	6.029888078
9.400123909	6.070213628
9.400123909	5.929786372
9.423895901	5.970111922
10.04216266	6.813099901
10.04216266	5.186900099
11.24246483	5.961578127
11.23599481	6.029152239
6.471110499	4.683497871
6.533137776	4.657312361
6.51604571	4.721043893
6.51604571	7.278956107
6.533137776	7.342687639
6.471110499	7.316502129
4.635363951	7.146337591
5.149571726	6.521529837
6.337759099	7.768430127
6.40412594	7.735091544
6.414643813	4.26654929
6.343722581	4.231505745
11.02630014	6.740321509
10.13570705	6.378094425
10.135703	5.621957742
7.18229936	4.698194573
7.133658266	4.763903735
7.133658266	7.236096265
7.18229936	7.301805427
7.258934554	5.002264311
7.258934554	6.997735689
4.711991153	7.317055343
4.689039234	7.381061353
6.908133462	5.669823381
6.908133462	6.330176619
4.411619458	7.293664588
11.2412405	5.893190889
5.804297525	7.364427186
4.221190872	7.699962427
4.152940473	7.624976588
4.685161515	7.195011893
7.587260697	6.884512251
7.605639825	6.946770741
7.605639825	5.053229259
7.587260697	5.115487749
5.189992075	6.627087205
5.184232367	6.564105869
4.454188823	7.447624413
4.4400075	7.353609384
11.79344821	5.296497162
5.467474563	6.47602011
10.84463948	5.475876939
10.85093272	5.537482522
10.79785925	5.513973617
11.04970097	5.746812392
11.21967657	5.679000625
5.82572264	5.472797825
5.825	6.52736787
11.24404275	6.734649642
11.19216792	6.683164743
4.632751675	5.797033167
4.622703775	5.87402921
10.68491936	5.336309299
10.64238622	5.373209421
10.63056546	5.313500374
10.20821549	5.557828588
10.24650581	5.527803395
5.887682875	6.872031177
5.887269807	5.127882026
5.425150011	7.79200523
5.675	6.52736787
5.801854011	4.634106185
10.24587342	6.474145751
10.20816791	6.442174057
12.43830466	5.040309599
6.25	5.342998048
6.215294633	5.367664431
6.215294633	6.632335569
6.25	6.657001952
10.78739556	6.905099145
10.83586704	6.949432153
4.418650154	6.002432238
10.89120635	6.264552518
10.84004452	6.231100307
7.306779524	5.048212937
7.303859431	4.980328716
7.303859431	7.019671284
7.306779524	6.951787063
6.362493118	5.335460383
6.330270429	5.285689068
6.330270429	6.714310932
6.362493118	6.664539617
4.527111745	4.789967491
4.555654163	4.717536448
5.837687055	7.626205516
5.909536369	7.353710177
7.406239454	5.576415908
7.406239454	6.423584092
10.59768787	6.277833231
10.64110239	6.30783158
4.169075733	4.253276294
4.380213194	6.983746668
11.70178715	6.058938389
11.16644788	5.432991538
11.09572556	5.410403339
11.16026874	5.365558254
5.909475439	4.646286691
4.216537018	5.166231232
4.230912349	5.08689147
11.21951141	6.153209205
11.22933502	6.090499348
11.2815769	6.123636173
11.76737896	6.20068096
11.74213199	6.275033142
10.94328854	6.540706218
10.95328142	6.474697429
11.00237811	6.514219013
5.424761563	4.208036367
7.429592846	5.164239704
7.476315991	5.140863303
7.476315991	6.859136697
7.429592846	6.835760296
6.417732971	5.380554616
6.417732971	6.619445384
4.393517211	4.853527384
4.064378847	7.6476139
4.064378847	7.7476139
4.598719416	5.749426951
11.17655582	7.499972409
11.17957038	4.494995535
10.02408138	4.738797198
10.02408138	7.261202802
6.274927102	7.727884846
6.275681391	4.272734242
4.058175021	5.454463678
4.058175021	5.554463678
5.457639622	6.808212291
11.19980798	5.615024725
11.14324064	5.666136488
4.853059711	6.500246764
10.60640551	6.552302773
10.90016446	6.43983608
10.82956715	6.466700227
5.836431833	4.373576231
10.81252335	6.774772118
10.76640856	6.731753704
10.82267065	6.709653772
11.59957078	5.879647501
11.80032826	6.131166824
10.8485442	6.527701845
11.17392931	6.058725271
10.83518706	5.061025909
6.283819437	5.311795622
6.283819437	6.688204378
8.423651415	6.279225683
8.373540531	6.284946182
8.373540531	5.715053818
8.423651415	5.720774317
9.324009609	6.284702393
9.273885039	6.278893691
9.273885039	5.721106309
9.324009609	5.715297607
9.425328662	6.275652899
9.375990533	6.28470238
9.375990533	5.71529762
9.425328662	5.724347101
5.156364302	6.668634305
5.110562783	6.704028051
11.02082986	7.147385846
11.0888624	7.134287499
11.08877659	4.865576825
11.02074406	4.852478478
10.16826281	6.415839031
10.16827783	5.584205225
12.20699138	6.081864675
8.296928578	6.109270749
8.296928578	5.890729251
9.402502052	6.108993097
9.402502052	5.891006903
4.245033196	4.152873645
4.244674433	7.848134309
6.283819437	5.368037496
6.283819437	6.631962504
12.37080665	4.984750649
11.71302922	7.217523209
5.253375831	6.103614379
6.558079283	4.618320573
6.597140541	4.558976832
6.597140541	7.441023168
6.558079283	7.381679427
11.8292576	4.694679107
11.76932329	4.73678069
10.68877194	6.282616366
5.114537796	7.212975693
4.242418384	4.982893784
8.273959995	5.724124182
8.323814436	5.715379901
8.323814436	6.284620099
8.273959995	6.275875818
12.05355658	5.031814875
12.10019285	4.779453867
12.05551132	4.692126454
11.12065498	6.026518043
11.06008785	5.993042031
12.06860647	5.122632176
6.721764553	5.580233876
6.721764553	6.419766124
4.289955881	5.599255783
11.54244326	5.841410139
4.352447887	6.928691448
4.515248253	4.861025035
5.419356215	6.407024778
10.88359762	6.994534904
10.89665654	6.934160546
11.25740881	7.471535363
11.26497261	4.517699644
8.471679828	6.030310736
8.421679828	6.030310748
8.421679828	5.969689252
8.471679828	5.969689264
9.228313363	5.96972
9.278313363	5.969720013
9.278313363	6.030279987
9.228313363	6.03028
4.350411085	6.066520995
12.26529698	4.381723832
10.67759718	4.056212135
10.57875997	4.056212135
10.57875997	7.943787865
10.67759718	7.943787865
8.181098807	7.855796545
8.185452904	7.784060672
8.185452904	4.215939328
8.181098807	4.144203455
7.099257206	5.57457223
7.099257206	6.42542777
11.04853116	6.248373745
8.090702363	5.268073566
8.04716883	5.217751799
8.098131344	5.211866363
8.098131344	6.788133637
8.04716883	6.782248201
8.090702363	6.731926434
12.44372842	7.75
8.201667273	4.054150104
8.201667273	7.945849896
9.483081929	7.945258316
9.483081929	4.054741684
4.048504823	6.25
9.17834087	4.635431217
9.108180128	4.62214894
9.108180128	7.37785106
9.17834087	7.364568783
5.628493928	4.661019387
12.15736261	7.943790723
12.25619982	7.943790723
12.25518215	4.058575245
12.15634494	4.058575245
12.44383875	6.053591019
6.527732372	6.030372232
6.527732372	5.969627768
6.527732372	6.080372132
6.527732372	5.919627868
4.325416289	7.399620422
4.380222494	7.472603075
5.867182805	6.936003627
5.869116923	5.066174822
11.13943211	5.295144196
12.06089385	5.824844359
11.90176281	4.702783494
7.727850696	5.190512925
7.727850696	6.809487075
5.467474563	6.42602011
4.452092971	4.899315675
7.994950298	5.249576175
7.994950298	6.750423825
9.973598621	7.206221416
9.915094174	7.229273565
9.915094174	4.770726435
9.973598621	4.793778584
9.003803004	6.84681898
9.003803004	5.15318102
8.506291263	7.603929931
8.506291263	4.396070069
9.496657148	4.146077199
9.490610589	4.212045522
9.490610589	7.787954478
9.496657148	7.853922801
11.36337209	4.05047773
11.36337209	7.94952227
10.80259361	6.842964923
6.751229824	5.868182842
6.751229824	6.131817158
9.771272783	6.89707049
9.771272783	5.10292951
9.67164779	6.687610444
9.616314771	6.689013701
9.630235989	6.639186708
9.630235989	5.360813292
9.616314771	5.310986299
9.67164779	5.312389556
5.719009277	5.100509567
5.758020616	5.051190118
6.792316784	5.840853248
6.792316784	6.159146752
11.1100004	6.214330389
12.11312261	6.739509697
5.174243232	5.634480759
5.234976892	5.631538796
7.06866949	5.276602987
7.078985421	5.22526848
7.125108377	5.257512326
7.125108377	6.742487674
7.078985421	6.77473152
7.06866949	6.723397013
10.89931954	5.076123944
10.88025464	5.00563867
11.47937595	5.80505732
4.322735335	4.982476963
4.394778953	4.942818803
10.75220256	5.548624689
10.74590932	5.487019106
9.762895748	7.28909942
9.762895748	4.71090058
7.0216708	5.300621392
7.0216708	6.699378608
6.165294633	5.377226154
6.165294633	6.622773846
11.15232016	7.121969566
11.15232016	4.878030434
10.34833767	5.395128432
10.36883856	5.451941262
10.31359068	5.44065029
6.744502909	4.468318227
6.744502909	7.531681773
11.98072603	4.692822903
10.31297399	6.559788218
10.37077785	6.545048415
10.35079918	6.601446368
4.153899375	5.445274691
8.738237337	7.401863401
8.738237337	4.598136599
6.525247589	5.82499935
6.525247589	5.87499925
6.525247589	6.12500075
6.525247589	6.17500065
12.28398993	6.046298293
6.108601185	5.421329886
6.108619907	6.578680926
9.734067318	6.319072569
9.734067318	5.680927431
10.53202108	5.332028108
10.55108964	5.392596789
10.4950784	5.3742244
6.333594616	5.377029802
6.333594616	6.622970198
5.747796922	7.252570221
5.699708045	7.298069438
10.32897611	5.340681777
10.38422399	5.351972749
6.418608342	4.346439868
6.421222756	7.658326484
8.935858072	6.118180949
8.935858072	5.881819051
4.297028248	7.339675625
5.116118735	6.77623124
4.967985282	6.956727023
5.026633843	6.931266934
10.79637087	6.200746171
7.570728982	6.835365244
7.570728982	5.164634756
11.41107576	5.778218987
10.47516062	6.029877868
9.304541372	6.070605525
9.304541372	5.929394475
10.38812906	6.642724011
10.33032519	6.657463814
8.395378114	6.07068583
8.395378114	5.92931417
11.20161005	7.162360384
11.20183633	4.837918996
5.87572264	5.472797825
5.875	6.52736787
12.07109449	6.22923644
12.1443519	4.161562027
12.21827981	4.182009114
12.22680859	7.815897281
12.14373047	7.862745135
12.160465	7.79106097
4.374476753	6.144498177
9.606062928	6.740157267
9.606062928	5.259842733
5.625	6.52736787
10.90924319	5.564028067
10.9557389	5.527350553
6.670227211	4.461084241
6.670227211	7.538915759
11.03967175	5.384564607
11.04585088	5.451997891
6.479794945	7.706797746
6.486179501	4.29837676
11.06075006	6.487780381
11.05075718	6.553789171
10.7130009	6.754040699
8.224052823	6.894983682
8.224052823	5.105016318
11.35971915	7.793097494
11.27012839	7.76067304
11.26826567	4.235648695
11.35585413	4.203153265
10.67043887	7.276500989
10.67044177	4.72350233
4.793668176	6.515187223
6.141022268	7.574135475
6.141143072	4.42596923
8.440989045	7.663786969
8.440989045	4.336213031
4.240868082	7.768390047
4.148434904	7.763655419
10.74415306	5.42419319
10.54277221	6.824103246
10.60469745	6.800555725
10.58576939	6.864064637
10.58511057	5.136817968
10.60354254	5.195347155
10.54227611	5.170917029
11.25427826	6.256919307
10.69914869	7.871646893
10.69914869	4.128353107
10.54935454	6.263785375
8.073394099	7.67667002
8.128455468	7.759529968
8.128455468	4.240470032
8.073394099	4.32332998
5.366912089	6.182260101
5.317068121	6.187004445
10.74106321	6.859006273
5.291002354	6.2327222
5.339582954	6.254257021
8.085415133	6.683483629
8.033852967	6.660265976
8.033852967	5.339734024
8.085415133	5.316516371
5.793613019	7.299802524
5.850099248	7.336114104
9.581916373	4.314666212
9.533912745	4.245435675
9.533912745	7.754564325
9.581916373	7.685333788
11.00178096	5.490737211
10.94375501	5.462772502
9.642072627	6.796963284
9.590408983	6.799683115
9.590408983	5.200316885
9.642072627	5.203036716
10.42477193	5.461561521
4.202710682	5.244709918
8.168424522	6.898741824
8.168424522	5.101258176
8.746331198	6.16306667
8.746331198	5.83693333
10.86246296	5.602124745
7.880008525	6.705381217
7.880008525	5.294618783
5.850475049	4.662870969
5.791653981	4.697723423
10.75577751	5.607141883
10.8114867	5.635311974
11.215775	6.215539938
6.122531246	5.377435001
6.122531246	6.622564999
12.26346752	6.939661806
11.16744039	5.564526359
6.570861481	7.617021804
6.605578141	7.551466033
6.605578141	4.448533967
6.567487615	4.387128208
10.50275021	6.776534129
10.46471937	6.732041743
10.4587951	5.260184145
10.50114422	5.218079394
10.51835896	5.271550968
8.941268954	6.194547282
8.941268954	5.805452718
10.60189561	5.401606043
9.480013348	6.891426664
9.480013348	5.108573336
5.722049277	5.009324754
11.58947958	4.842462247
8.481301603	5.119739287
8.481301603	6.880260713
9.686003131	6.825308683
9.701657076	6.765782835
9.701657076	5.234217165
9.686003131	5.174691317
10.78972621	6.610427206
9.256946539	6.1003221
9.304861185	6.11036795
9.304861185	5.88963205
9.256946539	5.8996779
4.923248669	7.566972826
4.898975765	7.636625659
8.39506285	6.110445099
8.443044393	6.100380241
8.443044393	5.899619759
8.39506285	5.889554901
8.651194359	6.789479633
8.599951693	6.793398706
8.599951693	5.206601294
8.651194359	5.210520367
9.533081751	6.892949753
9.533081751	5.107050247
10.98644696	6.642066992
10.9319995	6.662942835
10.93793776	6.601103645
10.74311624	6.2703346
10.59549386	6.237109009
8.541544392	5.102416687
8.541544392	6.897583313
4.23787115	4.22774706
7.532439696	5.119932972
7.532439696	6.880067028
4.895246364	4.358992255
10.89590084	7.279380755
10.86479478	7.340335079
10.86479478	4.659664921
10.89580847	4.72062462
9.71530426	6.71287941
9.71530426	5.28712059
8.122464456	5.16022444
8.122464456	6.83977556
7.257263935	4.725559138
7.257263935	7.274440862
8.701731182	6.758733983
8.701731182	5.241266017
8.711264484	6.710736024
8.711264484	5.289263976
4.657958076	5.553069545
10.29872018	7.286772081
10.29872018	4.713227919
10.0092794	6.851171505
10.0092794	5.148828495
4.65744748	6.937254967
4.929453851	4.42771365
8.48501612	6.071417304
8.48501612	5.928582696
5.638704602	7.322457043
9.215018994	6.071310761
9.215018994	5.928689239
6.607654562	4.212383903
6.598885909	7.788161974
10.40572761	6.745607691
10.42664683	6.68517551
10.42043614	5.305590906
10.4032214	5.252119333
4.748074887	7.183270278
4.723682728	7.251862489
5.487151775	5.416767699
7.986372395	5.302879249
7.986372395	6.697120751
6.814842854	5.814782882
6.814842854	6.185217118
9.057977749	7.334170904
9.057977749	4.665829096
8.514009423	6.679560848
8.514009423	5.320439152
10.43979769	5.360037561
11.16687945	6.501087517
11.119799	6.45796949
11.76489873	6.077217544
9.759234764	6.741224809
9.759234764	5.258775191
11.83668519	6.073306763
10.45886626	5.420606243
5.578376074	7.74886705
5.601141392	7.27830068
10.81482826	5.228846844
10.66799593	6.932094008
10.66941975	5.069861432
7.941582845	6.721503578
7.941582845	5.278496422
5.49378693	7.775009906
10.2857307	5.485956092
10.28455568	6.516412454
10.3481267	6.754470119
10.38619924	6.801336352
10.38508935	5.198256895
10.34673039	5.243663657
8.80383663	5.282320512
8.845994712	5.313608601
8.845994712	6.686391399
8.80383663	6.717679488
10.88884107	6.561582061
12.10005147	7.319683021
12.03062833	7.350144279
4.138730885	5.184338212
10.88895263	5.440811473
10.93499468	5.40419813
5.57128534	4.237437614
5.477177656	6.766951231
11.10187146	5.70770042
10.6597378	5.218924172
10.71600912	5.241027992
10.48382215	6.84004304
10.48271225	5.159550207
5.378863417	6.234052977
11.03151056	7.776961358
11.03154299	4.222788266
10.87613787	6.687325836
10.42498883	6.846529193
10.42369395	5.152996262
11.08155254	6.718223955
11.13572146	6.706749676
7.045366168	5.514104749
7.006334905	5.547038651
7.006334905	6.452961349
7.045366168	6.485895251
7.654530721	4.803859595
7.654530721	7.196140405
5.493378109	4.225087717
8.348699976	6.123530653
8.348699976	5.876469347
9.35122803	6.123422748
9.35122803	5.876577252
5.898851863	7.289085515
7.0858656	5.533942626
7.0858656	6.466057374
11.07977276	5.284540186
5.89927541	4.709903929
10.49284118	5.763055838
7.28653943	5.155855291
7.324535166	5.195318181
7.275430257	5.208463927
7.275430257	6.791536073
7.324535166	6.804681819
7.28653943	6.844144709
11.77015376	5.450766
11.79263978	5.357540508
8.756150689	6.733854172
8.756150689	5.266145828
9.194368263	6.670778727
9.194368263	5.329221273
8.609952762	6.954230829
8.638325224	7.007523719
8.638325224	4.992476281
8.609952762	5.045769171
11.10007132	6.593530806
11.04169936	6.619969437
10.79618943	6.256947471
11.2837017	7.4034256
11.29327955	4.589238411
8.100557877	5.102578332
8.100557877	6.897421668
9.825686879	6.71833567
9.825686879	5.28166433
11.15651777	6.569945873
11.2142681	6.54368285
11.05783478	5.516575943
11.11263837	5.539998606
6.543225509	4.327355362
6.54407384	7.677748048
12.35285548	6.035625807
10.83587915	5.417302567
9.730207795	6.85277613
9.730207795	5.14722387
6.552979961	5.894627918
6.552979961	6.105372082
11.191122	6.942019916
11.19164324	5.055362875
10.84319343	6.588099271
8.584644545	6.840260292
8.584644545	5.159739708
11.14745996	6.63612614
11.78676209	4.811909804
11.69592542	4.775582854
11.78306152	4.904701508
9.572812144	6.847213179
9.572812144	5.152786821
10.62891066	6.891782319
10.6283905	5.109586046
9.612683222	6.598842293
9.612683222	5.401157707
10.72685822	5.302969148
10.73867898	5.362678196
11.27922436	6.908563705
11.28037603	5.090000839
11.9555884	7.375117194
11.88845561	7.399720662
11.89404147	7.324068671
11.22124989	5.457519292
10.30697505	6.707007603
10.30558661	5.291128143
8.347349438	6.309702452
8.347349438	5.690297548
6.388834468	5.422124035
6.378448861	5.375655114
6.378448861	6.624344886
6.388834468	6.577875965
10.83002308	6.644307422
8.759926026	6.200893888
8.759926026	5.799106112
10.5743702	5.289923357
10.61690334	5.253023234
8.946008097	7.594228524
8.946008097	4.405771476
8.602443588	6.900666453
8.602443588	5.099333547
9.350000077	6.309414467
9.350000077	5.690585533
7.31473688	4.920091239
7.31473688	7.079908761
10.65871758	6.775863233
4.774904524	7.305313728
11.88196719	7.466887483
5.068449544	4.529061575
6.53926098	4.247464784
6.526977024	7.754513107
7.466561576	5.653121187
7.466561576	6.346878813
11.16353311	6.182403113
4.124922039	6.22291078
11.33356745	7.871862822
11.33308432	4.127668523
7.367943841	5.231879798
7.379053015	5.179271162
7.379053015	6.820728838
7.367943841	6.768120202
11.78082041	7.180621133
11.77461746	7.250173492
11.83872141	7.127903803
11.77713318	7.09525352
10.92943424	5.339777906
10.98423663	5.361738935
10.78609193	5.39085304
10.83040507	5.355787573
11.71086321	7.072615099
11.03411131	5.320144383
11.27656588	6.521648657
11.43956271	6.952735261
11.15670672	5.502364377
10.28744668	6.762736264
10.28745455	5.237265705
11.37148742	6.985452939
9.824468906	7.334784679
9.824468906	4.665215321
11.43850093	5.047203234
10.76976874	5.267396889
7.38618417	5.127678086
7.38618417	6.872321914
10.68677989	6.880828806
10.70197794	6.818694583
11.65304483	4.876428717
11.70784394	4.926340627
10.92609745	7.221817986
10.92600507	4.778187389
11.0357611	6.681808628
4.962336181	4.48403155
8.956832952	6.156906414
8.956832952	5.843093586
10.36738792	6.855391621
10.36720294	5.144540586
7.433853563	5.610148077
7.433853563	6.389851923
10.92799981	7.041848653
10.86721031	7.057120261
10.86331017	4.943082241
10.92744265	4.958180276
7.343674371	5.084493443
7.343674371	6.915506557
4.999414683	4.540186329
11.37155682	5.014069287
12.37076587	7.776729814
12.298809	7.798836372
10.48792311	6.068893948
10.85359699	7.11830247
10.85303983	4.881726459
10.82567737	5.290788
7.225345785	5.22371447
7.174340677	5.24230286
7.174340677	6.75769714
7.225345785	6.77628553
9.886492278	7.278110242
9.886492278	4.721889758
12.28207447	7.870520537
12.27695559	4.137550301
12.02504247	7.42579627
10.87546459	5.317237528
11.72867409	5.32424574
12.00693157	7.500717811
11.83465867	7.280971777
10.26782094	6.817695867
10.2266693	6.77023335
10.22667848	5.229768947
10.26782226	5.182304461
9.763468224	7.610160831
9.763468224	4.389839169
11.32030492	6.951112689
7.26334152	5.263177359
7.26334152	6.736822641
11.93626662	7.525340063
10.95382013	7.161579914
10.97862224	7.090239943
10.97797927	4.90965331
10.95326297	4.838449015
11.32085323	5.046635311
4.368713699	7.347571048
7.299986973	5.302010664
7.349318194	5.286710971
7.349318194	6.713289029
7.299986973	6.697989336
11.64979897	4.816745497
10.30756748	6.86051733
10.2467901	6.868014417
10.2467608	5.131974667
10.30753687	5.139471426
11.79354147	6.329047961
6.630974151	4.51362913
6.630974151	7.48637087
10.88388982	7.164672083
10.88324028	4.835362221
10.26521198	6.961328141
10.32039388	6.953940706
10.32036326	5.04604805
10.26518137	5.038660615
10.23289929	6.915504519
10.23286868	5.084484237
6.058177464	5.094438178
6.058178044	6.905562157
5.888087148	5.437781848
5.887403497	6.562406362
7.390092911	5.612469837
7.390092911	6.387530163
10.34635707	6.905710172
10.34614148	5.094210792
7.298749493	5.106429038
7.298749493	6.893570962
5.613488497	6.561829025
6.662725414	5.224544843
6.662725414	6.775455157

--------------------------------------------------------------------------------
ELEMENT CONNECTIVITY
--------------------------------------------------------------------------------
524	1095	1344	1646	1647	1648
662	1343	1094	1649	1650	1651
688	1097	1348	1652	1653	1654
498	1347	1096	1655	1656	1657
525	1095	524	1658	1646	554
689	1097	688	1659	1652	718
497	498	1096	527	1657	1660
661	662	1094	691	1651	1661
607	1094	606	1662	1663	659
771	1096	770	1664	1665	823
720	721	1097	773	1666	1667
556	557	1095	609	1668	1669
606	1094	1338	1663	1670	1671
770	1096	1339	1665	1672	1673
721	1340	1097	1674	1675	1666
557	1337	1095	1676	1677	1668
665	666	1040	695	1678	1679
520	521	1041	550	1680	1681
506	507	1053	536	1682	1683
501	502	1054	531	1684	1685
20	1055	21	1686	1687	40
23	1042	24	1688	1689	43
509	510	1043	539	1690	1691
672	673	1044	702	1692	1693
675	676	1045	705	1694	1695
155	1047	156	1696	1697	175
678	679	1046	708	1698	1699
681	682	1048	711	1700	1701
152	1050	153	1702	1703	172
149	1051	150	1704	1705	169
684	685	1049	714	1706	1707
146	1052	147	1708	1709	166
220	1058	1494	1710	1711	1712
179	1493	1059	1713	1714	1715
863	981	1528	1716	1717	1718
863	1086	981	1719	1720	1716
957	1072	1180	1721	1722	1723
1072	1556	1180	1724	1725	1722
10	220	1494	263	1712	1726
9	1493	179	1727	1713	221
668	1444	1091	1728	1729	1730
28	1445	1093	1731	1732	1733
523	1344	1066	1734	1735	1736
663	1067	1343	1737	1738	1739
605	1338	1063	1740	1741	1742
558	1062	1337	1743	1744	1745
769	1339	1064	1746	1747	1748
722	1065	1340	1749	1750	1751
499	1068	1347	1752	1753	1754
687	1348	1069	1755	1756	1757
962	1428	1363	1758	1759	1760
961	1364	1429	1761	1762	1763
963	1365	1430	1764	1765	1766
964	1431	1366	1767	1768	1769
962	1363	1087	1760	1770	1771
961	1088	1364	1772	1773	1761
963	1089	1365	1774	1775	1764
964	1366	1090	1769	1776	1777
967	1526	1070	1778	1779	1780
516	1080	1543	1781	1782	1783
967	1070	1353	1780	1784	1785
871	1180	1556	1786	1725	1787
520	1041	1349	1681	1788	1789
666	1350	1040	1790	1791	1678
502	1362	1054	1792	1793	1684
832	1024	1417	1794	1795	1796
831	1026	1419	1797	1798	1799
833	1418	1027	1800	1801	1802
834	1416	1025	1803	1804	1805
836	1016	1410	1806	1807	1808
835	1018	1411	1809	1810	1811
837	1409	1019	1812	1813	1814
838	1408	1017	1815	1816	1817
839	1011	1407	1818	1819	1820
840	1010	1406	1821	1822	1823
841	1405	1009	1824	1825	1826
842	1404	1008	1827	1828	1829
843	1424	1020	1830	1831	1832
844	1425	1021	1833	1834	1835
845	1022	1426	1836	1837	1838
846	1023	1427	1839	1840	1841
847	1420	1028	1842	1843	1844
848	1421	1029	1845	1846	1847
849	1030	1422	1848	1849	1850
850	1031	1423	1851	1852	1853
872	1070	1526	1854	1779	1855
851	1412	1032	1856	1857	1858
852	1413	1033	1859	1860	1861
853	1034	1414	1862	1863	1864
854	1035	1415	1865	1866	1867
836	1504	1016	1868	1869	1806
838	1017	1506	1817	1870	1871
837	1019	1505	1814	1872	1873
835	1503	1018	1874	1875	1809
832	1496	1024	1876	1877	1794
834	1025	1498	1805	1878	1879
833	1027	1497	1802	1880	1881
831	1495	1026	1882	1883	1797
851	1501	986	1884	1885	1886
852	1499	987	1887	1888	1889
854	988	1500	1890	1891	1892
853	989	1502	1893	1894	1895
851	986	1369	1886	1896	1897
852	987	1370	1889	1898	1899
853	1368	989	1900	1901	1893
854	1367	988	1902	1903	1890
1480	830	1036	1904	1905	1906
1036	830	1477	1905	1907	1908
1479	829	1037	1909	1910	1911
1037	829	1478	1910	1912	1913
55	1563	1057	1914	1915	1916
96	1056	1564	1917	1918	1919
847	1481	992	1920	1921	1922
848	1482	995	1923	1924	1925
849	994	1483	1926	1927	1928
850	993	1484	1929	1930	1931
847	992	1374	1922	1932	1933
848	995	1373	1925	1934	1935
849	1372	994	1936	1937	1926
850	1371	993	1938	1939	1929
1473	839	1012	1940	1941	1942
1474	840	1013	1943	1944	1945
1475	1014	841	1946	1947	1948
1476	1015	842	1949	1950	1951
843	1457	1002	1952	1953	1954
844	1458	1003	1955	1956	1957
845	1001	1459	1958	1959	1960
846	1000	1460	1961	1962	1963
843	1020	1469	1832	1964	1965
844	1021	1470	1835	1966	1967
845	1471	1022	1968	1969	1836
846	1472	1023	1970	1971	1839
843	1002	1380	1954	1972	1973
844	1003	1379	1957	1974	1975
845	1378	1001	1976	1977	1958
846	1377	1000	1978	1979	1961
682	1140	1048	1980	1981	1700
510	1142	1043	1982	1983	1690
509	1043	1141	1691	1984	1985
153	1050	1143	1703	1986	1987
150	1051	1144	1705	1988	1989
147	1052	1145	1709	1990	1991
842	1008	1456	1829	1992	1993
839	1453	1011	1994	1995	1818
841	1009	1455	1826	1996	1997
840	1454	1010	1998	1999	1821
847	1028	1465	1844	2000	2001
848	1029	1466	1847	2002	2003
849	1467	1030	2004	2005	1848
850	1468	1031	2006	2007	1851
829	990	1442	2008	2009	2010
829	1443	990	2011	2012	2008
830	991	1440	2013	2014	2015
830	1441	991	2016	2017	2013
851	1032	1461	1858	2018	2019
852	1033	1462	1861	2020	2021
853	1464	1034	2022	2023	1862
854	1463	1035	2024	2025	1865
831	996	1437	2026	2027	2028
832	997	1436	2029	2030	2031
833	1439	998	2032	2033	2034
834	1438	999	2035	2036	2037
831	1398	996	2038	2039	2026
832	1397	997	2040	2041	2029
833	998	1396	2034	2042	2043
834	999	1395	2037	2044	2045
835	1004	1433	2046	2047	2048
836	1005	1432	2049	2050	2051
837	1435	1006	2052	2053	2054
838	1434	1007	2055	2056	2057
835	1394	1004	2058	2059	2046
836	1392	1005	2060	2061	2049
837	1006	1393	2054	2062	2063
838	1007	1391	2057	2064	2065
1012	839	1390	1941	2066	2067
1013	840	1389	1944	2068	2069
1014	1388	841	2070	2071	1947
1015	1387	842	2072	2073	1950
673	1206	1044	2074	2075	1692
676	1207	1045	2076	2077	1694
679	1208	1046	2078	2079	1698
23	1209	1042	2080	2081	1688
24	1042	1210	1689	2082	2083
156	1047	1211	1697	2084	2085
681	1048	1212	1701	2086	2087
678	1046	1213	1699	2088	2089
675	1045	1214	1695	2090	2091
672	1044	1215	1693	2092	2093
21	1055	1216	1687	2094	2095
20	1376	1055	2096	2097	1686
506	1053	1375	1683	2098	2099
665	1040	1270	1679	2100	2101
521	1269	1041	2102	2103	1680
969	1091	1444	2104	1729	2105
96	1237	1056	2106	2107	1917
55	1057	1239	1916	2108	2109
220	1238	1058	2110	2111	1710
179	1059	1240	1715	2112	2113
685	1271	1049	2114	2115	1706
971	1093	1445	2116	1732	2117
501	1054	1272	1685	2118	2119
862	1049	1552	2120	2121	2122
866	1043	1487	2123	2124	2125
866	1486	1043	2126	2127	2123
868	1488	1050	2128	2129	2130
867	1048	1485	2131	2132	2133
869	1490	1051	2134	2135	2136
870	1489	1052	2137	2138	2139
1511	867	1047	2140	2141	2142
862	1512	1049	2143	2144	2120
868	1050	1508	2130	2145	2146
869	1051	1510	2136	2147	2148
870	1052	1509	2139	2149	2150
155	1314	1047	2151	2152	1696
152	1313	1050	2153	2154	1702
149	1312	1051	2155	2156	1704
146	1315	1052	2157	2158	1708
684	1049	1316	1707	2159	2160
507	1317	1053	2161	2162	1682
870	1451	1044	2163	2164	2165
868	1449	1046	2166	2167	2168
869	1450	1045	2169	2170	2171
867	1448	1048	2172	2173	2131
1385	866	1042	2174	2175	2176
1042	866	1384	2175	2177	2178
1047	867	1386	2141	2179	2180
870	1044	1381	2165	2181	2182
869	1045	1382	2171	2183	2184
868	1046	1383	2168	2185	2186
662	663	1343	692	1739	1649
523	524	1344	553	1648	1734
687	688	1348	717	1654	1755
498	499	1347	528	1754	1655
973	1356	1429	2187	2188	2189
972	1428	1355	2190	2191	2192
516	517	1080	546	2193	1781
872	1525	1070	2194	2195	1854
966	1070	1525	2196	2195	2197
981	1543	1080	2198	1782	2199
769	770	1339	822	1673	1746
721	722	1340	774	1751	1674
605	606	1338	658	1671	1740
557	558	1337	610	1745	1676
558	1336	1062	2200	2201	1743
605	1063	1333	1742	2202	2203
769	1064	1334	1748	2204	2205
722	1335	1065	2206	2207	1749
504	1353	1070	2208	1784	2209
18	1071	1352	2210	2211	2212
981	1080	1528	2199	2213	1717
523	1066	1329	1736	2214	2215
663	1330	1067	2216	2217	1737
499	1331	1068	2218	2219	1752
687	1069	1332	1757	2220	2221
855	1358	1400	2222	2223	2224
856	1403	1357	2225	2226	2227
858	1359	1401	2228	2229	2230
857	1402	1360	2231	2232	2233
1039	1515	1361	2234	2235	2236
144	1072	1351	2237	2238	2239
1054	1362	1522	1793	2240	2241
683	1316	1140	2242	2243	2244
151	1144	1313	2245	2246	2247
148	1145	1312	2248	2249	2250
154	1143	1314	2251	2252	2253
508	1141	1317	2254	2255	2256
589	1110	1311	2257	2258	2259
753	1111	1310	2260	2261	2262
738	1309	1112	2263	2264	2265
574	1308	1113	2266	2267	2268
586	1118	1307	2269	2270	2271
750	1119	1306	2272	2273	2274
577	1304	1121	2275	2276	2277
741	1305	1120	2278	2279	2280
583	1124	1303	2281	2282	2283
747	1125	1302	2284	2285	2286
580	1300	1127	2287	2288	2289
744	1301	1126	2290	2291	2292
877	1062	1322	2293	2294	2295
876	1321	1063	2296	2297	2298
878	1323	1064	2299	2300	2301
879	1065	1324	2302	2303	2304
86	1292	1131	2305	2306	2307
210	1291	1130	2308	2309	2310
189	1129	1290	2311	2312	2313
65	1128	1289	2314	2315	2316
89	1288	1135	2317	2318	2319
213	1287	1134	2320	2321	2322
186	1133	1286	2323	2324	2325
62	1132	1285	2326	2327	2328
92	1284	1136	2329	2330	2331
216	1283	1137	2332	2333	2334
183	1139	1282	2335	2336	2337
59	1138	1281	2338	2339	2340
983	1400	1358	2341	2223	2342
984	1401	1359	2343	2229	2344
982	1357	1403	2345	2226	2346
985	1360	1402	2347	2232	2348
877	1337	1062	2349	1744	2293
876	1063	1338	2298	1741	2350
878	1064	1339	2301	1747	2351
879	1340	1065	2352	1750	2302
972	1355	1074	2192	2353	2354
973	1075	1356	2355	2356	2187
919	1066	1326	2357	2358	2359
920	1325	1067	2360	2361	2362
921	1327	1068	2363	2364	2365
922	1069	1328	2366	2367	2368
919	1329	1066	2369	2214	2357
920	1067	1330	2362	2217	2370
18	1520	1071	2371	2372	2210
504	1070	1521	2209	2373	2374
921	1068	1331	2365	2219	2375
922	1332	1069	2376	2220	2366
1040	1350	1492	1791	2377	2378
1041	1491	1349	2379	2380	1788
966	1521	1070	2381	2373	2196
965	1361	1515	2382	2235	2383
966	1522	1362	2384	2240	2385
562	1236	1098	2386	2387	2388
726	1233	1101	2389	2390	2391
601	1099	1234	2392	2393	2394
765	1100	1235	2395	2396	2397
565	1230	1104	2398	2399	2400
729	1229	1105	2401	2402	2403
762	1103	1231	2404	2405	2406
598	1102	1232	2407	2408	2409
568	1225	1109	2410	2411	2412
732	1226	1108	2413	2414	2415
759	1107	1227	2416	2417	2418
595	1106	1228	2419	2420	2421
571	1221	1117	2422	2423	2424
735	1222	1116	2425	2426	2427
756	1115	1223	2428	2429	2430
592	1114	1224	2431	2432	2433
860	1491	1551	2434	2435	2436
859	1550	1492	2437	2438	2439
198	1181	1188	2440	2441	2442
74	1182	1186	2443	2444	2445
201	1187	1183	2446	2447	2448
77	1185	1184	2449	2450	2451
195	1190	1193	2452	2453	2454
71	1189	1194	2455	2456	2457
204	1195	1191	2458	2459	2460
80	1196	1192	2461	2462	2463
192	1198	1201	2464	2465	2466
68	1197	1202	2467	2468	2469
207	1203	1199	2470	2471	2472
83	1204	1200	2473	2474	2475
961	1429	1356	1763	2188	2476
962	1355	1428	2477	2191	1758
157	1211	1205	2478	2479	2480
680	1212	1208	2481	2482	2483
674	1214	1206	2484	2485	2486
677	1213	1207	2487	2488	2489
22	1216	1209	2490	2491	2492
144	1529	1072	2493	2494	2237
855	1516	1534	2495	2496	2497
858	1518	1535	2498	2499	2500
857	1537	1519	2501	2502	2503
856	1536	1517	2504	2505	2506
874	1318	1085	2507	2508	2509
873	1084	1319	2510	2511	2512
958	1085	1318	2513	2508	2514
959	1319	1084	2515	2511	2516
861	1553	1522	2517	2518	2519
960	1320	1086	2520	2521	2522
875	1086	1320	2523	2521	2524
958	1318	1092	2514	2525	2526
959	1091	1319	2527	2528	2515
970	1092	1318	2529	2525	2530
969	1319	1091	2531	2528	2104
957	1351	1072	2532	2238	1721
960	1093	1320	2533	2534	2520
971	1320	1093	2535	2534	2116
978	1081	1556	2536	2537	2538
980	1083	1557	2539	2540	2541
959	1492	1350	2542	2377	2543
958	1349	1491	2544	2380	2545
953	1140	1316	2546	2243	2547
955	1313	1144	2548	2246	2549
954	1314	1143	2550	2252	2551
956	1312	1145	2552	2249	2553
952	1317	1141	2554	2255	2555
926	1311	1110	2556	2258	2557
923	1112	1309	2558	2264	2559
925	1310	1111	2560	2261	2561
924	1113	1308	2562	2267	2563
946	1307	1118	2564	2270	2565
945	1306	1119	2566	2273	2567
944	1121	1304	2568	2276	2569
943	1120	1305	2570	2279	2571
949	1303	1124	2572	2282	2573
950	1302	1125	2574	2285	2575
947	1127	1300	2576	2288	2577
948	1126	1301	2578	2291	2579
930	1131	1292	2580	2306	2581
929	1130	1291	2582	2309	2583
928	1290	1129	2584	2312	2585
927	1289	1128	2586	2315	2587
934	1135	1288	2588	2318	2589
933	1134	1287	2590	2321	2591
932	1286	1133	2592	2324	2593
931	1285	1132	2594	2327	2595
938	1136	1284	2596	2330	2597
937	1137	1283	2598	2333	2599
936	1282	1139	2600	2336	2601
935	1281	1138	2602	2339	2603
512	1073	1354	2604	2605	2606
963	1430	1122	1766	2607	2608
964	1123	1431	2609	2610	1767
968	1527	1220	2611	2612	2613
1041	1551	1491	2614	2435	2379
1040	1492	1550	2378	2438	2615
974	1122	1430	2616	2607	2617
975	1431	1123	2618	2610	2619
1220	1527	1526	2612	2620	2621
883	1098	1236	2622	2387	2623
882	1101	1233	2624	2390	2625
880	1234	1099	2626	2393	2627
881	1235	1100	2628	2396	2629
887	1104	1230	2630	2399	2631
886	1105	1229	2632	2402	2633
885	1231	1103	2634	2405	2635
884	1232	1102	2636	2408	2637
895	1109	1225	2638	2411	2639
894	1108	1226	2640	2414	2641
893	1227	1107	2642	2417	2643
892	1228	1106	2644	2420	2645
907	1117	1221	2646	2423	2647
906	1116	1222	2648	2426	2649
905	1223	1115	2650	2429	2651
904	1224	1114	2652	2432	2653
141	1077	142	2654	2655	161
32	1078	33	2656	2657	52
514	515	1079	544	2658	2659
1058	1535	1518	2660	2499	2661
1056	1534	1516	2662	2496	2663
1059	1519	1537	2664	2502	2665
1057	1517	1536	2666	2505	2667
890	1183	1187	2668	2447	2669
891	1184	1185	2670	2450	2671
888	1188	1181	2672	2441	2673
889	1186	1182	2674	2444	2675
896	1193	1190	2676	2453	2677
897	1194	1189	2678	2456	2679
898	1191	1195	2680	2459	2681
899	1192	1196	2682	2462	2683
901	1201	1198	2684	2465	2685
900	1202	1197	2686	2468	2687
903	1200	1204	2688	2474	2689
902	1199	1203	2690	2471	2691
11	1563	55	2692	1914	97
8	96	1564	139	1919	2693
913	1205	1211	2694	2479	2695
914	1208	1212	2696	2482	2697
911	1206	1214	2698	2485	2699
912	1207	1213	2700	2488	2701
909	1209	1216	2702	2491	2703
95	1280	1237	2704	2705	2706
219	1279	1238	2707	2708	2709
180	1240	1278	2710	2711	2712
56	1239	1277	2713	2714	2715
668	669	1444	698	2716	1728
27	1445	28	2717	1731	47
871	1556	1081	1787	2537	2718
671	1215	1217	2719	2720	2721
25	1210	1218	2722	2723	2724
865	1557	1083	2725	2540	2726
864	1452	1523	2727	2728	2729
1054	1522	1553	2241	2518	2730
512	1558	1073	2731	2732	2604
1073	1565	1354	2733	2734	2605
826	1326	1560	2735	2736	2737
825	1559	1325	2738	2739	2740
827	1561	1327	2741	2742	2743
828	1328	1562	2744	2745	2746
1565	951	1354	2747	2748	2734
965	1219	1531	2749	2750	2751
826	1560	1322	2737	2752	2753
825	1321	1559	2754	2755	2738
827	1323	1561	2756	2757	2741
828	1562	1324	2746	2758	2759
826	1322	1363	2753	2760	2761
825	1364	1321	2762	2763	2754
827	1365	1323	2764	2765	2756
828	1324	1366	2759	2766	2767
561	562	1098	614	2388	2768
601	602	1099	654	2769	2392
765	766	1100	818	2770	2395
725	726	1101	778	2391	2771
598	599	1102	651	2772	2407
762	763	1103	815	2773	2404
564	565	1104	617	2400	2774
728	729	1105	781	2403	2775
595	596	1106	648	2776	2419
759	760	1107	812	2777	2416
731	732	1108	784	2415	2778
567	568	1109	620	2412	2779
589	590	1110	642	2780	2257
753	754	1111	806	2781	2260
737	738	1112	790	2265	2782
573	574	1113	626	2268	2783
979	1082	1570	2784	2785	2786
978	1571	1081	2787	2788	2536
592	593	1114	645	2789	2431
756	757	1115	809	2790	2428
734	735	1116	787	2427	2791
570	571	1117	623	2424	2792
586	587	1118	639	2793	2269
750	751	1119	803	2794	2272
740	741	1120	793	2280	2795
576	577	1121	629	2277	2796
583	584	1124	636	2797	2281
747	748	1125	800	2798	2284
743	744	1126	796	2292	2799
579	580	1127	632	2289	2800
980	1572	1083	2801	2802	2539
1219	1525	1531	2803	2804	2750
64	1128	65	2805	2314	107
188	1129	189	2806	2311	231
210	1130	211	2310	2807	253
86	1131	87	2307	2808	129
61	1132	62	2809	2326	104
185	1133	186	2810	2323	228
213	1134	214	2322	2811	256
89	1135	90	2319	2812	132
58	1138	59	2813	2338	101
182	1139	183	2814	2335	225
216	1137	217	2334	2815	259
92	1136	93	2331	2816	135
979	1574	1082	2817	2818	2784
200	1187	201	2819	2446	243
74	1186	75	2445	2820	117
198	1188	199	2442	2821	241
76	1185	77	2822	2449	119
73	1182	74	2823	2443	116
197	1181	198	2824	2440	240
201	1183	202	2448	2825	244
77	1184	78	2451	2826	120
71	1194	72	2457	2827	114
195	1193	196	2454	2828	238
203	1195	204	2829	2458	246
79	1196	80	2830	2461	122
70	1189	71	2831	2455	113
194	1190	195	2832	2452	237
204	1191	205	2460	2833	247
80	1192	81	2463	2834	123
68	1202	69	2469	2835	111
192	1201	193	2466	2836	235
206	1203	207	2837	2470	249
82	1204	83	2838	2473	125
67	1197	68	2839	2467	110
191	1198	192	2840	2464	234
207	1199	208	2472	2841	250
83	1200	84	2475	2842	126
865	1533	1530	2843	2844	2845
682	683	1140	712	2244	1980
508	509	1141	538	1985	2254
510	511	1142	540	2846	1982
150	1144	151	1989	2245	170
153	1143	154	1987	2251	173
147	1145	148	1991	2248	167
667	668	1091	697	1730	2847
518	519	1092	548	2848	2849
910	1217	1215	2850	2720	2851
908	1218	1210	2852	2723	2853
571	572	1221	624	2854	2422
735	736	1222	788	2855	2425
755	756	1223	808	2430	2856
591	592	1224	644	2433	2857
28	1093	29	1733	2858	48
568	569	1225	621	2859	2410
732	733	1226	785	2860	2413
758	759	1227	811	2418	2861
594	595	1228	647	2421	2862
729	730	1229	782	2863	2401
565	566	1230	618	2864	2398
597	598	1232	650	2409	2865
761	762	1231	814	2406	2866
157	1205	158	2480	2867	177
673	674	1206	703	2486	2074
676	677	1207	706	2489	2076
679	680	1208	709	2483	2078
22	1209	23	2492	2080	42
24	1210	25	2083	2722	44
156	1211	157	2085	2478	176
680	681	1212	710	2087	2481
677	678	1213	707	2089	2487
674	675	1214	704	2091	2484
671	672	1215	701	2093	2719
726	727	1233	779	2868	2389
600	601	1234	653	2394	2869
764	765	1235	817	2397	2870
562	563	1236	615	2871	2386
21	1216	22	2095	2490	41
144	1351	145	2239	2872	164
504	505	1353	534	2873	2208
18	1352	19	2212	2874	38
11	1567	1074	2875	2876	2877
8	1075	1566	2878	2879	2880
559	560	1276	612	2881	2882
603	604	1273	656	2883	2884
723	724	1275	776	2885	2886
767	768	1274	820	2887	2888
965	1531	1520	2751	2889	2890
664	665	1270	694	2101	2891
521	522	1269	551	2892	2102
65	1289	66	2316	2893	108
189	1290	190	2313	2894	232
209	1291	210	2895	2308	252
85	1292	86	2896	2305	128
62	1285	63	2328	2897	105
186	1286	187	2325	2898	229
212	1287	213	2899	2320	255
88	1288	89	2900	2317	131
59	1281	60	2340	2901	102
183	1282	184	2337	2902	226
215	1283	216	2903	2332	258
91	1284	92	2904	2329	134
94	1280	95	2905	2704	137
56	1277	57	2715	2906	99
218	1279	219	2907	2707	261
180	1278	181	2712	2908	223
685	686	1271	715	2909	2114
580	581	1300	633	2910	2287
744	745	1301	797	2911	2290
746	747	1302	799	2286	2912
582	583	1303	635	2283	2913
1322	1575	1363	2914	2915	2760
1321	1364	1576	2763	2916	2917
1323	1365	1577	2765	2918	2919
1324	1578	1366	2920	2921	2766
577	578	1304	630	2922	2275
741	742	1305	794	2923	2278
749	750	1306	802	2274	2924
585	586	1307	638	2271	2925
500	501	1272	530	2119	2926
738	739	1309	791	2927	2263
574	575	1308	627	2928	2266
752	753	1310	805	2262	2929
588	589	1311	641	2259	2930
558	559	1336	611	2931	2200
604	605	1333	657	2203	2932
722	723	1335	775	2933	2206
768	769	1334	821	2205	2934
941	1237	1280	2935	2705	2936
942	1238	1279	2937	2708	2938
940	1278	1240	2939	2711	2940
939	1277	1239	2941	2714	2942
154	1314	155	2253	2151	174
148	1312	149	2250	2155	168
151	1313	152	2247	2153	171
145	1315	146	2943	2157	165
683	684	1316	713	2160	2242
663	664	1330	693	2944	2216
522	523	1329	552	2215	2945
499	500	1331	529	2946	2218
686	687	1332	716	2221	2947
507	508	1317	537	2256	2161
1055	1523	1452	2948	2728	2949
951	1293	1174	2950	2951	2952
952	1175	1294	2953	2954	2955
908	1174	1293	2956	2951	2957
909	1294	1175	2958	2954	2959
955	1178	1296	2960	2961	2962
913	1176	1295	2963	2964	2965
953	1295	1176	2966	2964	2967
956	1179	1299	2968	2969	2970
954	1177	1298	2971	2972	2973
957	1180	1297	1723	2974	2975
912	1296	1178	2976	2961	2977
910	1297	1180	2978	2974	2979
911	1299	1179	2980	2969	2981
914	1298	1177	2982	2972	2983
1039	1122	1546	2984	2985	2986
1038	1547	1123	2987	2988	2989
903	1244	1146	2990	2991	2992
902	1243	1147	2993	2994	2995
901	1148	1241	2996	2997	2998
900	1149	1242	2999	3000	3001
899	1256	1150	3002	3003	3004
896	1151	1253	3005	3006	3007
898	1255	1152	3008	3009	3010
897	1153	1254	3011	3012	3013
891	1267	1154	3014	3015	3016
890	1268	1156	3017	3018	3019
888	1155	1266	3020	3021	3022
889	1157	1265	3023	3024	3025
930	1264	1158	3026	3027	3028
929	1263	1159	3029	3030	3031
928	1160	1262	3032	3033	3034
927	1161	1261	3035	3036	3037
934	1260	1162	3038	3039	3040
933	1259	1163	3041	3042	3043
932	1164	1258	3044	3045	3046
931	1165	1257	3047	3048	3049
938	1252	1166	3050	3051	3052
937	1251	1167	3053	3054	3055
936	1168	1250	3056	3057	3058
935	1169	1249	3059	3060	3061
941	1247	1170	3062	3063	3064
942	1248	1171	3065	3066	3067
940	1172	1246	3068	3069	3070
939	1173	1245	3071	3072	3073
926	1146	1244	3074	2991	3075
925	1147	1243	3076	2994	3077
923	1241	1148	3078	2997	3079
924	1242	1149	3080	3000	3081
946	1150	1256	3082	3003	3083
943	1253	1151	3084	3006	3085
945	1152	1255	3086	3009	3087
944	1254	1153	3088	3012	3089
949	1154	1267	3090	3015	3091
950	1156	1268	3092	3018	3093
948	1266	1155	3094	3021	3095
947	1265	1157	3096	3024	3097
904	1158	1264	3098	3027	3099
905	1159	1263	3100	3030	3101
906	1262	1160	3102	3033	3103
907	1261	1161	3104	3036	3105
892	1162	1260	3106	3039	3107
893	1163	1259	3108	3042	3109
894	1258	1164	3110	3045	3111
895	1257	1165	3112	3048	3113
884	1166	1252	3114	3051	3115
885	1167	1251	3116	3054	3117
886	1250	1168	3118	3057	3119
887	1249	1169	3120	3060	3121
880	1170	1247	3122	3063	3123
881	1171	1248	3124	3066	3125
882	1246	1172	3126	3069	3127
883	1245	1173	3128	3072	3129
19	1376	20	3130	2096	39
505	506	1375	535	2099	3131
11	1074	1355	2877	2353	3132
8	1356	1075	3133	2356	2878
19	1352	1376	2874	3134	3130
505	1375	1353	3131	3135	2873
667	1091	1350	2847	3136	3137
519	1349	1092	3138	3139	2848
873	1319	1081	2512	3140	3141
874	1082	1318	3142	3143	2507
969	1081	1319	3144	3140	2531
970	1318	1082	2530	3143	3145
876	1338	1094	2350	1670	3146
877	1095	1337	3147	1677	2349
878	1339	1096	2351	1672	3148
879	1097	1340	3149	1675	2352
877	1344	1095	3150	1647	3147
876	1094	1343	3146	1650	3151
878	1096	1347	3148	1656	3152
879	1348	1097	3153	1653	3149
974	1546	1122	3154	2985	2616
971	1083	1320	3155	3156	2535
875	1320	1083	2524	3156	3157
975	1123	1547	2619	2988	3158
1071	1520	1531	2372	2889	3159
871	1532	1507	3160	3161	3162
95	1237	96	2706	2106	138
219	1238	220	2709	2110	262
55	1239	56	2109	2713	98
179	1240	180	2113	2710	222
862	1547	1447	3163	3164	3165
670	671	1217	700	2721	3166
25	1218	26	2724	3167	45
30	1076	1579	3168	3169	3170
826	1428	1545	3171	3172	3173
825	1544	1429	3174	3175	3176
972	1074	1554	2354	3177	3178
973	1555	1075	3179	3180	2355
30	1399	1076	3181	3182	3168
827	1548	1430	3183	3184	3185
828	1431	1549	3186	3187	3188
1039	1361	1640	2236	3189	3190
977	1569	1085	3191	3192	3193
976	1084	1568	3194	3195	3196
141	1538	1077	3197	3198	2654
33	1078	1539	2657	3199	3200
142	1077	1541	2655	3201	3202
32	1540	1078	3203	3204	2656
977	1582	1074	3205	3206	3207
976	1075	1583	3208	3209	3210
858	1535	1171	2500	3211	3212
855	1534	1170	2497	3213	3214
857	1172	1537	3215	3216	2501
856	1173	1536	3217	3218	2504
514	1079	1542	2659	3219	3220
515	1543	1079	3221	3222	2658
959	1350	1091	2543	3136	2527
958	1092	1349	2526	3139	2544
981	1086	1573	1720	3223	3224
843	1161	1424	3225	3226	1830
844	1160	1425	3227	3228	1833
845	1426	1159	1838	3229	3230
846	1427	1158	1841	3231	3232
874	1570	1082	3233	2785	3142
873	1081	1571	3141	2788	3234
961	1564	1516	3235	3236	3237
962	1517	1563	3238	3239	3240
847	1165	1420	3241	3242	1842
848	1164	1421	3243	3244	1845
849	1422	1163	1850	3245	3246
850	1423	1162	1853	3247	3248
977	1074	1567	3207	2876	3249
976	1566	1075	3250	2879	3208
851	1169	1412	3251	3252	1856
852	1168	1413	3253	3254	1859
853	1414	1167	1864	3255	3256
854	1415	1166	1867	3257	3258
831	1419	1157	1799	3259	3260
832	1417	1155	1796	3261	3262
833	1156	1418	3263	3264	1800
834	1154	1416	3265	3266	1803
875	1083	1572	3157	2802	3267
1061	1530	1533	3268	2844	3269
511	512	1354	541	2606	3270
863	1082	1574	3271	2818	3272
835	1411	1153	1811	3273	3274
836	1410	1151	1808	3275	3276
837	1152	1409	3277	3278	1812
838	1150	1408	3279	3280	1815
839	1407	1149	1820	3281	3282
840	1406	1148	1823	3283	3284
841	1147	1405	3285	3286	1824
842	1146	1404	3287	3288	1827
864	1524	1513	3289	3290	3291
866	1487	1174	2125	3292	3293
866	1175	1486	3294	3295	2126
868	1177	1488	3296	3297	2128
870	1179	1489	3298	3299	2137
869	1178	1490	3300	3301	2134
867	1485	1176	2133	3302	3303
860	1551	1341	2436	3304	3305
859	1342	1550	3306	3307	2437
960	1076	1399	3308	3182	3309
826	1363	1428	2761	1759	3171
825	1429	1364	3176	1762	2762
827	1430	1365	3185	1765	2764
828	1366	1431	2767	1768	3186
861	1345	1553	3310	3311	2517
873	1568	1084	3312	3195	2510
874	1085	1569	2509	3192	3313
862	1552	1346	2122	3314	3315
1060	1507	1532	3316	3161	3317
143	1529	144	3318	2493	163
1579	1574	979	3319	2817	3320
1076	1574	1579	3321	3319	3169
875	1573	1086	3322	3223	2523
664	1270	1330	2891	3323	2944
522	1329	1269	2945	3324	2892
686	1332	1271	2947	3325	2909
500	1272	1331	2926	3326	2946
559	1276	1336	2882	3327	2931
604	1333	1273	2932	3328	2883
723	1275	1335	2886	3329	2933
768	1334	1274	2934	3330	2887
960	1514	1076	3331	3332	3308
977	1085	1582	3193	3333	3205
976	1583	1084	3210	3334	3194
970	1082	1528	3145	3335	3336
863	1528	1082	1718	3335	3271
29	1093	1399	2858	3337	3338
1038	1447	1547	3339	3164	2987
145	1351	1315	2872	3340	2943
17	1520	18	3341	2371	37
503	504	1521	533	2374	3342
1053	1513	1524	3343	3290	3344
970	1446	1092	3345	3346	2529
518	1092	1446	2849	3346	3347
855	1170	1358	3214	3348	2222
856	1357	1173	2227	3349	3217
858	1171	1359	3212	3350	2228
857	1360	1172	2233	3351	3215
1078	1569	1539	3352	3353	3199
1077	1538	1568	3198	3354	3355
854	1166	1367	3258	3356	1902
853	1167	1368	3256	3357	1900
851	1369	1169	1897	3358	3251
852	1370	1168	1899	3359	3253
1077	1571	1541	3360	3361	3201
1078	1540	1570	3204	3362	3363
829	1268	1443	3364	3365	2011
830	1267	1441	3366	3367	2016
829	1442	1266	2010	3368	3369
830	1440	1265	2015	3370	3371
850	1162	1371	3248	3372	1938
849	1163	1372	3246	3373	1936
848	1373	1164	1935	3374	3243
847	1374	1165	1933	3375	3241
832	1436	1253	2031	3376	3377
831	1437	1254	2028	3378	3379
833	1255	1439	3380	3381	2032
834	1256	1438	3382	3383	2035
836	1432	1241	2051	3384	3385
835	1433	1242	2048	3386	3387
837	1243	1435	3388	3389	2052
838	1244	1434	3390	3391	2055
1079	1572	1542	3392	3393	3219
1079	1543	1573	3222	3394	3395
846	1158	1377	3232	3396	1978
845	1159	1378	3230	3397	1976
844	1379	1160	1975	3398	3227
843	1380	1161	1973	3399	3225
11	34	1567	54	3400	2875
8	1566	140	2880	3401	159
839	1261	1453	3402	3403	1994
840	1262	1454	3404	3405	1998
841	1455	1263	1997	3406	3407
842	1456	1264	1993	3408	3409
844	1258	1458	3410	3411	1955
843	1257	1457	3412	3413	1952
845	1459	1259	1960	3414	3415
846	1460	1260	1963	3416	3417
850	1484	1252	1931	3418	3419
849	1483	1251	1928	3420	3421
848	1250	1482	3422	3423	1923
847	1249	1481	3424	3425	1920
854	1500	1247	1892	3426	3427
853	1502	1248	1895	3428	3429
852	1246	1499	3430	3431	1887
851	1245	1501	3432	3433	1884
862	1447	1295	3165	3434	3435
982	1403	1276	2346	3436	3437
983	1273	1400	3438	3439	2341
984	1274	1401	3440	3441	2343
985	1402	1275	2348	3442	3443
1039	1640	1122	3190	3444	2984
915	1276	1403	3445	3436	3446
916	1400	1273	3447	3439	3448
917	1401	1274	3449	3441	3450
918	1275	1402	3451	3442	3452
868	1296	1449	3453	3454	2166
867	1298	1448	3455	3456	2172
870	1297	1451	3457	3458	2163
869	1299	1450	3459	3460	2169
832	1155	1397	3262	3461	2040
831	1157	1398	3260	3462	2038
833	1396	1156	2043	3463	3263
834	1395	1154	2045	3464	3265
864	1294	1452	3465	3466	2727
836	1151	1392	3276	3467	2060
835	1153	1394	3274	3468	2058
837	1393	1152	2063	3469	3277
838	1391	1150	2065	3470	3279
512	513	1558	542	3471	2731
1038	1123	1645	2989	3472	3473
839	1149	1390	3282	3474	2066
840	1148	1389	3284	3475	2068
841	1388	1147	2071	3476	3285
842	1387	1146	2073	3477	3287
969	1532	1081	3478	3479	3144
871	1081	1532	2718	3479	3160
865	1083	1533	2726	3480	2843
971	1533	1083	3481	3480	3155
511	1354	1142	3270	3482	2846
870	1381	1179	2182	3483	3298
869	1382	1178	2184	3484	3300
868	1383	1177	2186	3485	3296
866	1385	1175	2174	3486	3294
866	1174	1384	3293	3487	2177
867	1176	1386	3303	3488	2179
1060	1580	1217	3489	3490	3491
670	1217	1580	3166	3490	3492
1061	1581	1218	3493	3494	3495
26	1218	1581	3167	3494	3496
30	1579	31	3170	3497	50
960	1399	1093	3309	3337	2533
859	1492	1084	2439	3498	3499
860	1085	1491	3500	3501	2434
865	1530	1293	2845	3502	3503
959	1084	1492	2516	3498	2542
958	1491	1085	2545	3501	2513
10	1122	1640	3504	3444	3505
9	1645	1123	3506	3472	3507
1053	1524	1375	3344	3508	2098
967	1375	1524	3509	3508	3510
968	1523	1376	3511	3512	3513
1055	1376	1523	2097	3512	2948
856	1087	1403	3514	3515	2225
855	1400	1088	2224	3516	3517
858	1401	1089	2230	3518	3519
857	1090	1402	3520	3521	2231
1056	1516	1564	2663	3236	1918
1057	1563	1517	1915	3239	2666
1060	1217	1507	3491	3522	3316
910	1507	1217	3523	3522	2850
871	1507	1180	3162	3524	1786
982	1584	1098	3525	3526	3527
983	1099	1585	3528	3529	3530
984	1100	1586	3531	3532	3533
985	1587	1101	3534	3535	3536
561	1098	1584	2768	3526	3537
602	1585	1099	3538	3529	2769
766	1586	1100	3539	3532	2770
725	1101	1587	2771	3535	3540
29	1399	30	3338	3181	49
988	1102	1591	3541	3542	3543
989	1103	1592	3544	3545	3546
986	1590	1104	3547	3548	3549
987	1593	1105	3550	3551	3552
970	1080	1446	3553	3554	3345
599	1591	1102	3555	3542	2772
763	1592	1103	3556	3545	2773
564	1104	1590	2774	3548	3557
728	1105	1593	2775	3551	3558
517	1446	1080	3559	3554	2193
860	1582	1085	3560	3333	3500
859	1084	1583	3499	3334	3561
993	1106	1598	3562	3563	3564
994	1107	1599	3565	3566	3567
995	1601	1108	3568	3569	3570
992	1600	1109	3571	3572	3573
596	1598	1106	3574	3563	2776
760	1599	1107	3575	3566	2777
731	1108	1601	2778	3569	3576
567	1109	1600	2779	3572	3577
1008	1110	1614	3578	3579	3580
1009	1111	1615	3581	3582	3583
1010	1616	1112	3584	3585	3586
1011	1617	1113	3587	3588	3589
590	1614	1110	3590	3579	2780
754	1615	1111	3591	3582	2781
737	1112	1616	2782	3585	3592
573	1113	1617	2783	3588	3593
880	1099	1358	2627	3594	3595
881	1100	1359	2629	3596	3597
883	1357	1098	3598	3599	2622
882	1360	1101	3600	3601	2624
983	1358	1099	2342	3594	3528
984	1359	1100	2344	3596	3531
982	1098	1357	3527	3599	2345
985	1101	1360	3536	3601	2347
884	1102	1367	2637	3602	3603
885	1103	1368	2635	3604	3605
886	1370	1105	3606	3607	2632
887	1369	1104	3608	3609	2630
988	1367	1102	1903	3602	3541
989	1368	1103	1901	3604	3544
987	1105	1370	3552	3607	1898
986	1104	1369	3549	3609	1896
892	1106	1371	2645	3610	3611
893	1107	1372	2643	3612	3613
894	1373	1108	3614	3615	2640
895	1374	1109	3616	3617	2638
993	1371	1106	1939	3610	3562
994	1372	1107	1937	3612	3565
995	1108	1373	3570	3615	1934
992	1109	1374	3573	3617	1932
1000	1114	1606	3618	3619	3620
1001	1115	1607	3621	3622	3623
1003	1609	1116	3624	3625	3626
1002	1608	1117	3627	3628	3629
593	1606	1114	3630	3619	2789
757	1607	1115	3631	3622	2790
734	1116	1609	2791	3625	3632
570	1117	1608	2792	3628	3633
1017	1118	1627	3634	3635	3636
1019	1119	1629	3637	3638	3639
1016	1626	1120	3640	3641	3642
1018	1628	1121	3643	3644	3645
904	1114	1377	2653	3646	3647
905	1115	1378	2651	3648	3649
906	1379	1116	3650	3651	2648
907	1380	1117	3652	3653	2646
1000	1377	1114	1979	3646	3618
1001	1378	1115	1977	3648	3621
1003	1116	1379	3626	3651	1974
1002	1117	1380	3629	3653	1972
587	1627	1118	3654	3635	2793
751	1629	1119	3655	3638	2794
740	1120	1626	2795	3641	3656
576	1121	1628	2796	3644	3657
968	1352	1527	3658	3659	2611
1071	1527	1352	3660	3659	2211
996	1398	1182	2039	3661	3662
997	1397	1181	2041	3663	3664
998	1183	1396	3665	3666	2042
999	1184	1395	3667	3668	2044
1012	1390	1197	2067	3669	3670
1013	1389	1198	2069	3671	3672
1014	1199	1388	3673	3674	2070
1015	1200	1387	3675	3676	2072
1005	1392	1190	2061	3677	3678
1004	1394	1189	2059	3679	3680
1006	1191	1393	3681	3682	2062
1007	1192	1391	3683	3684	2064
889	1182	1398	2675	3661	3685
888	1181	1397	2673	3663	3686
890	1396	1183	3687	3666	2668
891	1395	1184	3688	3668	2670
900	1197	1390	2687	3669	3689
901	1198	1389	2685	3671	3690
902	1388	1199	3691	3674	2690
903	1387	1200	3692	3676	2688
896	1190	1392	2677	3677	3693
897	1189	1394	2679	3679	3694
898	1393	1191	3695	3682	2680
899	1391	1192	3696	3684	2682
1025	1124	1635	3697	3698	3699
1027	1125	1637	3700	3701	3702
1024	1634	1126	3703	3704	3705
1026	1636	1127	3706	3707	3708
584	1635	1124	3709	3698	2797
748	1637	1125	3710	3701	2798
743	1126	1634	2799	3704	3711
579	1127	1636	2800	3707	3712
960	1086	1514	2522	3713	3331
863	1514	1086	3714	3713	1719
64	1618	1128	3715	3716	2805
188	1619	1129	3717	3718	2806
211	1130	1620	2807	3719	3720
87	1131	1621	2808	3721	3722
185	1623	1133	3723	3724	2810
61	1622	1132	3725	3726	2809
214	1134	1624	2811	3727	3728
90	1135	1625	2812	3729	3730
93	1136	1633	2816	3731	3732
217	1137	1632	2815	3733	3734
58	1630	1138	3735	3736	2813
182	1631	1139	3737	3738	2814
1023	1621	1131	3739	3721	3740
1022	1620	1130	3741	3719	3742
1021	1129	1619	3743	3718	3744
1020	1128	1618	3745	3716	3746
1031	1625	1135	3747	3729	3748
1030	1624	1134	3749	3727	3750
1029	1133	1623	3751	3724	3752
1028	1132	1622	3753	3726	3754
1035	1633	1136	3755	3731	3756
1034	1632	1137	3757	3733	3758
1033	1139	1631	3759	3738	3760
1032	1138	1630	3761	3736	3762
519	520	1349	549	1789	3138
666	667	1350	696	3137	1790
839	1473	1261	1940	3763	3402
840	1474	1262	1943	3764	3404
841	1263	1475	3407	3765	1948
842	1264	1476	3409	3766	1951
830	1265	1477	3371	3767	1907
829	1266	1478	3369	3768	1912
829	1479	1268	1909	3769	3364
830	1480	1267	1904	3770	3366
843	1469	1257	1965	3771	3412
844	1470	1258	1967	3772	3410
845	1259	1471	3415	3773	1968
846	1260	1472	3417	3774	1970
847	1465	1249	2001	3775	3424
848	1466	1250	2003	3776	3422
849	1251	1467	3421	3777	2004
850	1252	1468	3419	3778	2006
876	1343	1559	3151	3779	3780
877	1560	1344	3781	3782	3150
851	1461	1245	2019	3783	3432
852	1462	1246	2021	3784	3430
854	1247	1463	3427	3785	2024
853	1248	1464	3429	3786	2022
915	1336	1276	3787	3327	3445
916	1273	1333	3448	3328	3788
917	1274	1334	3450	3330	3789
918	1335	1275	3790	3329	3451
878	1347	1561	3152	3791	3792
879	1562	1348	3793	3794	3153
831	1254	1495	3379	3795	1882
832	1253	1496	3377	3796	1876
833	1497	1255	1881	3797	3380
834	1498	1256	1879	3798	3382
919	1269	1329	3799	3324	2369
920	1330	1270	2370	3323	3800
835	1242	1503	3387	3801	1874
836	1241	1504	3385	3802	1868
837	1505	1243	1873	3803	3388
838	1506	1244	1871	3804	3390
1067	1559	1343	3805	3779	1738
1066	1344	1560	1735	3782	3806
972	1545	1428	3807	3172	2190
973	1429	1544	2189	3175	3808
1038	1645	1205	3473	3809	3810
1068	1561	1347	3811	3791	1753
1069	1348	1562	1756	3794	3812
911	1381	1206	3813	3814	2698
1044	1206	1381	2075	3814	2181
1045	1207	1382	2077	3815	2183
912	1382	1207	3816	3815	2700
1042	1209	1385	2081	3817	2176
1042	1384	1210	2178	3818	2082
908	1210	1384	2853	3818	3819
909	1385	1209	3820	3817	2702
1046	1208	1383	2079	3821	2185
914	1383	1208	3822	3821	2696
1047	1386	1211	2180	3823	2084
913	1211	1386	2695	3823	3824
922	1271	1332	3825	3325	2376
197	1595	1181	3826	3827	2824
202	1183	1596	2825	3828	3829
73	1594	1182	3830	3831	2823
78	1184	1597	2826	3832	3833
70	1602	1189	3834	3835	2831
194	1603	1190	3836	3837	2832
205	1191	1604	2833	3838	3839
81	1192	1605	2834	3840	3841
67	1610	1197	3842	3843	2839
191	1611	1198	3844	3845	2840
208	1199	1612	2841	3846	3847
84	1200	1613	2842	3848	3849
76	1589	1185	3850	3851	2822
75	1186	1589	2820	3852	3853
200	1588	1187	3854	3855	2819
199	1188	1588	2821	3856	3857
997	1181	1595	3664	3827	3858
998	1596	1183	3859	3828	3665
996	1182	1594	3662	3831	3860
999	1597	1184	3861	3832	3667
196	1193	1595	2828	3862	3863
72	1194	1594	2827	3864	3865
203	1596	1195	3866	3867	2829
79	1597	1196	3868	3869	2830
193	1201	1603	2836	3870	3871
69	1202	1602	2835	3872	3873
206	1604	1203	3874	3875	2837
82	1605	1204	3876	3877	2838
1005	1190	1603	3678	3837	3878
1004	1189	1602	3680	3835	3879
1006	1604	1191	3880	3838	3681
1007	1605	1192	3881	3840	3683
1012	1197	1610	3670	3843	3882
1013	1198	1611	3672	3845	3883
1014	1612	1199	3884	3846	3673
1015	1613	1200	3885	3848	3675
991	1185	1589	3886	3851	3887
990	1187	1588	3888	3855	3889
991	1589	1186	3887	3852	3890
990	1588	1188	3889	3856	3891
921	1331	1272	2375	3326	3892
997	1595	1193	3858	3862	3893
996	1594	1194	3860	3864	3894
998	1195	1596	3895	3867	3859
999	1196	1597	3896	3869	3861
1005	1603	1201	3878	3870	3897
1004	1602	1202	3879	3872	3898
1006	1203	1604	3899	3875	3880
1007	1204	1605	3900	3877	3881
158	1205	1645	2867	3809	3901
915	1087	1363	3902	1770	3903
916	1364	1088	3904	1773	3905
917	1365	1089	3906	1775	3907
918	1090	1366	3908	1776	3909
974	1430	1548	2617	3184	3910
975	1549	1431	3911	3187	2618
970	1528	1080	3336	2213	3553
826	1545	1326	3173	3912	2735
825	1325	1544	2740	3913	3174
827	1327	1548	2743	3914	3183
828	1549	1328	3188	3915	2744
951	1142	1354	3916	3482	2748
1011	1221	1617	3917	3918	3587
1010	1222	1616	3919	3920	3584
1009	1615	1223	3583	3921	3922
1008	1614	1224	3580	3923	3924
572	1617	1221	3925	3918	2854
736	1616	1222	3926	3920	2855
755	1223	1615	2856	3921	3927
591	1224	1614	2857	3923	3928
16	1361	17	3929	3930	36
502	503	1362	532	3931	1792
1002	1225	1608	3932	3933	3627
1003	1226	1609	3934	3935	3624
1001	1607	1227	3623	3936	3937
1000	1606	1228	3620	3938	3939
569	1608	1225	3940	3933	2859
733	1609	1226	3941	3935	2860
758	1227	1607	2861	3936	3942
594	1228	1606	2862	3938	3943
916	1088	1400	3905	3516	3447
915	1403	1087	3446	3515	3902
917	1089	1401	3907	3518	3449
918	1402	1090	3452	3521	3908
995	1229	1601	3944	3945	3568
992	1230	1600	3946	3947	3571
994	1599	1231	3567	3948	3949
993	1598	1232	3564	3950	3951
730	1601	1229	3952	3945	2863
566	1600	1230	3953	3947	2864
761	1231	1599	2866	3948	3954
597	1232	1598	2865	3950	3955
1061	1218	1530	3495	3956	3268
908	1530	1218	3957	3956	2852
991	1186	1440	3890	3958	2014
990	1188	1442	3891	3959	2009
991	1441	1185	2017	3960	3886
990	1443	1187	2012	3961	3888
996	1194	1437	3894	3962	2027
997	1193	1436	3893	3963	2030
998	1439	1195	2033	3964	3895
999	1438	1196	2036	3965	3896
1004	1202	1433	3898	3966	2047
1005	1201	1432	3897	3967	2050
1006	1435	1203	2053	3968	3899
1007	1434	1204	2056	3969	3900
889	1440	1186	3970	3958	2674
888	1442	1188	3971	3959	2672
890	1187	1443	2669	3961	3972
891	1185	1441	2671	3960	3973
897	1437	1194	3974	3962	2678
896	1436	1193	3975	3963	2676
898	1195	1439	2681	3964	3976
899	1196	1438	2683	3965	3977
900	1433	1202	3978	3966	2686
901	1432	1201	3979	3967	2684
902	1203	1435	2691	3968	3980
903	1204	1434	2689	3969	3981
926	1110	1404	2557	3982	3983
925	1111	1405	2561	3984	3985
923	1406	1112	3986	3987	2558
924	1407	1113	3988	3989	2562
880	1358	1170	3595	3348	3122
881	1359	1171	3597	3350	3124
883	1173	1357	3129	3349	3598
882	1172	1360	3127	3351	3600
868	1508	1296	2146	3990	3453
870	1509	1297	2150	3991	3457
867	1511	1298	2140	3992	3455
869	1510	1299	2148	3993	3459
862	1295	1512	3435	3994	2143
1012	1289	1473	3995	3996	1942
1013	1290	1474	3997	3998	1945
1014	1475	1291	1946	3999	4000
1015	1476	1292	1949	4001	4002
864	1513	1294	3291	4003	3465
1020	1285	1469	4004	4005	1964
1021	1286	1470	4006	4007	1966
1022	1471	1287	1969	4008	4009
1023	1472	1288	1971	4010	4011
927	1473	1289	4012	3996	2586
928	1474	1290	4013	3998	2584
929	1291	1475	2583	3999	4014
930	1292	1476	2581	4001	4015
1028	1281	1465	4016	4017	2000
1029	1282	1466	4018	4019	2002
1030	1467	1283	2005	4020	4021
1031	1468	1284	2007	4022	4023
931	1469	1285	4024	4005	2594
932	1470	1286	4025	4007	2592
933	1287	1471	2591	4008	4026
934	1288	1472	2589	4010	4027
1032	1277	1461	4028	4029	2018
1033	1278	1462	4030	4031	2020
1034	1464	1279	2023	4032	4033
1035	1463	1280	2025	4034	4035
987	1233	1593	4036	4037	3550
989	1592	1235	3546	4038	4039
988	1591	1234	3543	4040	4041
986	1236	1590	4042	4043	3547
935	1465	1281	4044	4017	2602
936	1466	1282	4045	4019	2600
937	1283	1467	2599	4020	4046
938	1284	1468	2597	4022	4047
939	1461	1277	4048	4029	2941
940	1462	1278	4049	4031	2939
941	1280	1463	2936	4034	4050
942	1279	1464	2938	4032	4051
727	1593	1233	4052	4037	2868
600	1234	1591	2869	4040	4053
764	1235	1592	2870	4038	4054
563	1590	1236	4055	4043	2871
947	1300	1477	2577	4056	4057
948	1301	1478	2579	4058	4059
950	1479	1302	4060	4061	2574
949	1480	1303	4062	4063	2572
1036	1477	1300	1908	4056	4064
1037	1478	1301	1913	4058	4065
1037	1302	1479	4066	4061	1911
1036	1303	1480	4067	4063	1906
884	1367	1166	3603	3356	3114
885	1368	1167	3605	3357	3116
887	1169	1369	3121	3358	3608
886	1168	1370	3119	3359	3606
943	1305	1496	2571	4068	4069
944	1304	1495	2569	4070	4071
945	1497	1306	4072	4073	2566
946	1498	1307	4074	4075	2564
1024	1496	1305	1877	4068	4076
1026	1495	1304	1883	4070	4077
1027	1306	1497	4078	4073	1880
1025	1307	1498	4079	4075	1878
923	1309	1504	2559	4080	4081
924	1308	1503	2563	4082	4083
925	1505	1310	4084	4085	2560
926	1506	1311	4086	4087	2556
953	1485	1140	4088	4089	2546
952	1141	1486	2555	4090	4091
951	1487	1142	4092	4093	3916
955	1144	1490	2549	4094	4095
954	1143	1488	2551	4096	4097
956	1145	1489	2553	4098	4099
1016	1504	1309	1869	4080	4100
1018	1503	1308	1875	4082	4101
1019	1310	1505	4102	4085	1872
1017	1311	1506	4103	4087	1870
953	1176	1485	2967	3302	4088
952	1486	1175	4091	3295	2953
951	1174	1487	2952	3292	4092
955	1490	1178	4095	3301	2960
954	1488	1177	4097	3297	2971
956	1489	1179	4099	3299	2968
907	1221	1453	2647	4104	4105
906	1222	1454	2649	4106	4107
905	1455	1223	4108	4109	2650
904	1456	1224	4110	4111	2652
1011	1453	1221	1995	4104	3917
1010	1454	1222	1999	4106	3919
1009	1223	1455	3922	4109	1996
1008	1224	1456	3924	4111	1992
892	1371	1162	3611	3372	3106
893	1372	1163	3613	3373	3108
894	1164	1373	3111	3374	3614
895	1165	1374	3113	3375	3616
895	1225	1457	2639	4112	4113
894	1226	1458	2641	4114	4115
893	1459	1227	4116	4117	2642
892	1460	1228	4118	4119	2644
1002	1457	1225	1953	4112	3932
1003	1458	1226	1956	4114	3934
1001	1227	1459	3937	4117	1959
1000	1228	1460	3939	4119	1962
887	1230	1481	2631	4120	4121
886	1229	1482	2633	4122	4123
885	1483	1231	4124	4125	2634
884	1484	1232	4126	4127	2636
926	1404	1146	3983	3288	3074
925	1405	1147	3985	3286	3076
923	1148	1406	3079	3283	3986
924	1149	1407	3081	3281	3988
992	1481	1230	1921	4120	3946
995	1482	1229	1924	4122	3944
994	1231	1483	3949	4125	1927
993	1232	1484	3951	4127	1930
946	1118	1408	2565	4128	4129
945	1119	1409	2567	4130	4131
943	1410	1120	4132	4133	2570
944	1411	1121	4134	4135	2568
883	1236	1501	2623	4136	4137
882	1233	1499	2625	4138	4139
880	1500	1234	4140	4141	2626
881	1502	1235	4142	4143	2628
986	1501	1236	1885	4136	4042
987	1499	1233	1888	4138	4036
988	1234	1500	4041	4141	1891
989	1235	1502	4039	4143	1894
904	1377	1158	3647	3396	3098
905	1378	1159	3649	3397	3100
906	1160	1379	3103	3398	3650
907	1161	1380	3105	3399	3652
968	1376	1352	3513	3134	3658
967	1353	1375	1785	3135	3509
946	1408	1150	4129	3280	3082
945	1409	1152	4131	3278	3086
943	1151	1410	3085	3275	4132
944	1153	1411	3089	3273	4134
949	1124	1416	2573	4144	4145
950	1125	1418	2575	4146	4147
948	1417	1126	4148	4149	2578
947	1419	1127	4150	4151	2576
949	1416	1154	4145	3266	3090
950	1418	1156	4147	3264	3092
948	1155	1417	3095	3261	4148
947	1157	1419	3097	3259	4150
969	1444	1532	2105	4152	3478
1060	1532	1444	3317	4152	4153
903	1146	1387	2992	3477	3692
902	1147	1388	2995	3476	3691
901	1389	1148	3690	3475	2996
900	1390	1149	3689	3474	2999
911	1179	1381	2981	3483	3813
912	1178	1382	2977	3484	3816
914	1177	1383	2983	3485	3822
908	1384	1174	3819	3487	2956
909	1175	1385	2959	3486	3820
913	1386	1176	3824	3488	2963
1061	1533	1445	3269	4154	4155
971	1445	1533	2117	4154	3481
856	1517	1087	2506	4156	3514
855	1088	1516	3517	4157	2495
858	1089	1518	3519	4158	2498
857	1519	1090	2503	4159	3520
899	1150	1391	3004	3470	3696
896	1392	1151	3693	3467	3005
898	1152	1393	3010	3469	3695
897	1394	1153	3694	3468	3011
891	1154	1395	3016	3464	3688
890	1156	1396	3019	3463	3687
888	1397	1155	3686	3461	3020
889	1398	1157	3685	3462	3023
962	1087	1517	1771	4156	3238
961	1516	1088	3237	4157	1772
963	1518	1089	4160	4158	1774
964	1090	1519	1777	4159	4161
930	1427	1131	4162	4163	2580
929	1426	1130	4164	4165	2582
928	1129	1425	2585	4166	4167
927	1128	1424	2587	4168	4169
934	1423	1135	4170	4171	2588
933	1422	1134	4172	4173	2590
932	1133	1421	2593	4174	4175
931	1132	1420	2595	4176	4177
938	1415	1136	4178	4179	2596
937	1414	1137	4180	4181	2598
936	1139	1413	2601	4182	4183
935	1138	1412	2603	4184	4185
1038	1205	1447	3810	4186	3339
930	1158	1427	3028	3231	4162
929	1159	1426	3031	3229	4164
928	1425	1160	4167	3228	3032
927	1424	1161	4169	3226	3035
934	1162	1423	3040	3247	4170
933	1163	1422	3043	3245	4172
932	1421	1164	4175	3244	3044
931	1420	1165	4177	3242	3047
938	1166	1415	3052	3257	4178
937	1167	1414	3055	3255	4180
936	1413	1168	4183	3254	3056
935	1412	1169	4185	3252	3059
913	1447	1205	4187	4186	2694
980	1557	1558	2541	4188	4189
1008	1404	1110	1828	3982	3578
1009	1405	1111	1825	3984	3581
1010	1112	1406	3586	3987	1822
1011	1113	1407	3589	3989	1819
915	1575	1336	4190	4191	3787
916	1333	1576	3788	4192	4193
917	1334	1577	3789	4194	4195
918	1578	1335	4196	4197	3790
1055	1452	1216	2949	4198	2094
909	1216	1452	2703	4198	4199
914	1212	1448	2697	4200	4201
1048	1448	1212	2173	4200	2086
1046	1449	1213	2167	4202	2088
912	1213	1449	2701	4202	4203
1045	1450	1214	2170	4204	2090
911	1214	1450	2699	4204	4205
910	1215	1451	2851	4206	4207
1044	1451	1215	2164	4206	2092
1058	1518	1494	2661	4208	1711
1059	1493	1519	1714	4209	2664
1053	1317	1513	2162	4210	3343
952	1513	1317	4211	4210	2554
964	1519	1493	4161	4209	4212
963	1494	1518	4213	4208	4160
1047	1314	1511	2152	4214	2142
1050	1313	1508	2154	4215	2145
954	1511	1314	4216	4214	2550
1051	1312	1510	2156	4217	2147
955	1508	1313	4218	4215	2548
956	1510	1312	4219	4217	2552
1052	1315	1509	2158	4220	2149
957	1509	1315	4221	4220	4222
953	1316	1512	2547	4223	4224
1049	1512	1316	2144	4223	2159
1017	1408	1118	1816	4128	3634
1019	1409	1119	1813	4130	3637
1016	1120	1410	3642	4133	1807
1018	1121	1411	3645	4135	1810
9	1123	1493	3507	4225	1727
10	1494	1122	1726	4226	3504
964	1493	1123	4212	4225	2609
963	1122	1494	2608	4226	4213
1025	1416	1124	1804	4144	3697
1027	1418	1125	1801	4146	3700
1024	1126	1417	3705	4149	1795
1026	1127	1419	3708	4151	1798
517	518	1446	547	3347	3559
1020	1424	1128	1831	4168	3745
1021	1425	1129	1834	4166	3743
1022	1130	1426	3742	4165	1837
1023	1131	1427	3740	4163	1840
1028	1420	1132	1843	4176	3753
1029	1421	1133	1846	4174	3751
1030	1134	1422	3750	4173	1849
1031	1135	1423	3748	4171	1852
1032	1412	1138	1857	4184	3761
1033	1413	1139	1860	4182	3759
1034	1137	1414	3758	4181	1863
1035	1136	1415	3756	4179	1866
957	1315	1351	4222	3340	2532
1057	1536	1239	2667	4227	2108
1059	1537	1240	2665	4228	2112
1056	1237	1534	2107	4229	2662
1058	1238	1535	2111	4230	2660
939	1239	1536	2942	4227	4231
940	1240	1537	2940	4228	4232
941	1534	1237	4233	4229	2935
942	1535	1238	4234	4230	2937
983	1585	1273	3530	4235	3438
984	1586	1274	3533	4236	3440
985	1275	1587	3443	4237	3534
982	1276	1584	3437	4238	3525
603	1273	1585	2884	4235	4239
724	1587	1275	4240	4237	2885
767	1274	1586	2888	4236	4241
560	1584	1276	4242	4238	2881
872	1527	1531	4243	4244	4245
1071	1531	1527	3159	4244	3660
1063	1576	1333	4246	4192	2202
1062	1336	1575	2201	4191	4247
1064	1577	1334	4248	4194	2204
1065	1335	1578	2207	4197	4249
57	1277	1630	2906	4250	4251
181	1278	1631	2908	4252	4253
218	1632	1279	4254	4255	2907
94	1633	1280	4256	4257	2905
60	1281	1622	2901	4258	4259
184	1282	1623	2902	4260	4261
215	1624	1283	4262	4263	2903
91	1625	1284	4264	4265	2904
63	1285	1618	2897	4266	4267
187	1286	1619	2898	4268	4269
212	1620	1287	4270	4271	2899
88	1621	1288	4272	4273	2900
1032	1630	1277	3762	4250	4028
1033	1631	1278	3760	4252	4030
1034	1279	1632	4033	4255	3757
1035	1280	1633	4035	4257	3755
66	1289	1610	2893	4274	4275
190	1290	1611	2894	4276	4277
209	1612	1291	4278	4279	2895
85	1613	1292	4280	4281	2896
1028	1622	1281	3754	4258	4016
1029	1623	1282	3752	4260	4018
1030	1283	1624	4021	4263	3749
1031	1284	1625	4023	4265	3747
1020	1618	1285	3746	4266	4004
1021	1619	1286	3744	4268	4006
1022	1287	1620	4009	4271	3741
1023	1288	1621	4011	4273	3739
1012	1610	1289	3882	4274	3995
1013	1611	1290	3883	4276	3997
1014	1291	1612	4000	4279	3884
1015	1292	1613	4002	4281	3885
16	1640	1361	4282	3189	3929
1036	1300	1638	4064	4283	4284
1037	1301	1639	4065	4285	4286
1037	1639	1302	4286	4287	4066
1036	1638	1303	4284	4288	4067
1073	1558	1557	2732	4188	4289
581	1638	1300	4290	4283	2910
745	1639	1301	4291	4285	2911
746	1302	1639	2912	4287	4292
582	1303	1638	2913	4288	4293
1026	1304	1636	4077	4294	3706
1024	1305	1634	4076	4295	3703
1027	1637	1306	3702	4296	4078
1025	1635	1307	3699	4297	4079
578	1636	1304	4298	4294	2922
742	1634	1305	4299	4295	2923
749	1306	1637	2924	4296	4300
585	1307	1635	2925	4297	4301
1048	1140	1485	1981	4089	2132
1043	1486	1141	2127	4090	1984
1043	1142	1487	1983	4093	2124
1050	1488	1143	2129	4096	1986
1052	1489	1145	2138	4098	1990
1051	1490	1144	2135	4094	1988
1018	1308	1628	4101	4302	3643
1016	1309	1626	4100	4303	3640
1019	1629	1310	3639	4304	4102
1017	1627	1311	3636	4305	4103
575	1628	1308	4306	4302	2928
739	1626	1309	4307	4303	2927
752	1310	1629	2929	4304	4308
588	1311	1627	2930	4305	4309
966	1362	1521	2385	4310	2381
965	1520	1361	2890	4311	2382
910	1180	1507	2979	3524	3523
901	1241	1432	2998	3384	3979
900	1242	1433	3001	3386	3978
902	1435	1243	3980	3389	2993
903	1434	1244	3981	3391	2990
896	1253	1436	3007	3376	3975
897	1254	1437	3013	3378	3974
898	1439	1255	3976	3381	3008
899	1438	1256	3977	3383	3002
889	1265	1440	3025	3370	3970
888	1266	1442	3022	3368	3971
891	1441	1267	3973	3367	3014
890	1443	1268	3972	3365	3017
961	1356	1564	2476	4312	3235
962	1563	1355	3240	4313	2477
907	1453	1261	4105	3403	3104
906	1454	1262	4107	3405	3102
905	1263	1455	3101	3406	4108
904	1264	1456	3099	3408	4110
895	1457	1257	4113	3413	3112
894	1458	1258	4115	3411	3110
893	1259	1459	3109	3414	4116
892	1260	1460	3107	3416	4118
939	1245	1461	3073	3783	4048
941	1463	1247	4050	3785	3062
940	1246	1462	3070	3784	4049
942	1464	1248	4051	3786	3065
935	1249	1465	3061	3775	4044
936	1250	1466	3058	3776	4045
937	1467	1251	4046	3777	3053
938	1468	1252	4047	3778	3050
931	1257	1469	3049	3771	4024
932	1258	1470	3046	3772	4025
933	1471	1259	4026	3773	3041
934	1472	1260	4027	3774	3038
927	1261	1473	3037	3763	4012
928	1262	1474	3034	3764	4013
929	1475	1263	4014	3765	3029
930	1476	1264	4015	3766	3026
947	1477	1265	4057	3767	3096
948	1478	1266	4059	3768	3094
950	1268	1479	3093	3769	4060
949	1267	1480	3091	3770	4062
887	1481	1249	4121	3425	3120
886	1482	1250	4123	3423	3118
885	1251	1483	3117	3420	4124
884	1252	1484	3115	3418	4126
913	1295	1447	2965	3434	4187
914	1448	1298	4201	3456	2982
912	1449	1296	4203	3454	2976
911	1450	1299	4205	3460	2980
910	1451	1297	4207	3458	2978
861	1219	1515	4314	4315	4316
965	1515	1219	2383	4315	2749
909	1452	1294	4199	3466	2958
944	1495	1254	4071	3795	3088
943	1496	1253	4069	3796	3084
945	1255	1497	3087	3797	4072
946	1256	1498	3083	3798	4074
968	1220	1523	2613	4317	3511
861	1522	1219	2519	4318	4314
864	1523	1220	2729	4317	4319
966	1219	1522	4320	4318	2384
864	1220	1524	4319	4321	3289
967	1524	1220	3510	4321	4322
882	1499	1246	4139	3431	3126
883	1501	1245	4137	3433	3128
880	1247	1500	3123	3426	4140
881	1248	1502	3125	3428	4142
966	1525	1219	2197	2803	4320
967	1220	1526	4322	2621	1778
924	1503	1242	4083	3801	3080
923	1504	1241	4081	3802	3078
925	1243	1505	3077	3803	4084
926	1244	1506	3075	3804	4086
941	1170	1534	3064	3213	4233
942	1171	1535	3067	3211	4234
940	1537	1172	4232	3216	3068
939	1536	1173	4231	3218	3071
140	1538	141	4323	3197	160
33	1539	34	3200	4324	53
31	1540	32	4325	3203	51
142	1541	143	3202	4326	162
513	514	1542	543	3220	4327
515	516	1543	545	1783	3221
872	1526	1527	1855	2620	4243
865	1293	1565	3503	4328	4329
955	1296	1508	2962	3990	4218
956	1299	1510	2970	3993	4219
957	1297	1509	2975	3991	4221
954	1298	1511	2973	3992	4216
953	1512	1295	4224	3994	2966
952	1294	1513	2955	4003	4211
978	1556	1529	2538	4330	4331
1072	1529	1556	2494	4330	1724
977	1539	1569	4332	3353	3191
976	1568	1538	3196	3354	4333
978	1541	1571	4334	3361	2787
979	1570	1540	2786	3362	4335
981	1573	1543	3224	3394	2198
980	1542	1572	4336	3393	2801
874	1569	1570	3313	4337	3233
873	1571	1568	3234	4338	3312
1078	1570	1569	3363	4337	3352
1077	1568	1571	3355	4338	3360
10	1640	16	3505	4282	35
556	1095	1641	1669	4339	4340
607	1644	1094	4341	4342	1662
771	1643	1096	4343	4344	1664
720	1097	1642	1667	4345	4346
975	1547	1346	3158	4347	4348
9	158	1645	178	3901	3506
974	1345	1546	4349	4350	3154
875	1572	1573	3267	4351	3322
1079	1573	1572	3395	4351	3392
908	1293	1530	2957	3502	3957
13	1641	525	4352	4353	555
15	1642	689	4354	4355	719
12	497	1643	526	4356	4357
14	661	1644	690	4358	4359
862	1346	1547	3315	4347	3163
861	1546	1345	4360	4350	3310
661	1094	1644	1661	4342	4358
525	1641	1095	4353	4339	1658
497	1096	1643	1660	4344	4356
689	1642	1097	4355	4345	1659
919	1551	1269	4361	4362	3799
920	1270	1550	3800	4363	4364
922	1552	1271	4365	4366	3825
669	670	1580	699	3492	4367
26	1581	27	3496	4368	46
560	561	1584	613	3537	4242
602	603	1585	655	4239	3538
766	767	1586	819	4241	3539
724	725	1587	777	3540	4240
563	564	1590	616	3557	4055
727	728	1593	780	3558	4052
763	764	1592	816	4054	3556
599	600	1591	652	4053	3555
566	567	1600	619	3577	3953
730	731	1601	783	3576	3952
760	761	1599	813	3954	3575
596	597	1598	649	3955	3574
569	570	1608	622	3633	3940
733	734	1609	786	3632	3941
757	758	1607	810	3942	3631
593	594	1606	646	3943	3630
572	573	1617	625	3593	3925
736	737	1616	789	3592	3926
754	755	1615	807	3927	3591
590	591	1614	643	3928	3590
739	740	1626	792	3656	4307
575	576	1628	628	3657	4306
751	752	1629	804	4308	3655
587	588	1627	640	4309	3654
578	579	1636	631	3712	4298
748	749	1637	801	4300	3710
742	743	1634	795	3711	4299
584	585	1635	637	4301	3709
745	746	1639	798	4292	4291
581	582	1638	634	4293	4290
921	1272	1553	3892	4369	4370
199	1588	200	3857	3854	242
75	1589	76	3853	3850	118
196	1595	197	3863	3826	239
72	1594	73	3865	3830	115
78	1597	79	3833	3868	121
202	1596	203	3829	3866	245
193	1603	194	3871	3836	236
81	1605	82	3841	3876	124
69	1602	70	3873	3834	112
205	1604	206	3839	3874	248
84	1613	85	3849	4280	127
208	1612	209	3847	4278	251
190	1611	191	4277	3844	233
66	1610	67	4275	3842	109
87	1621	88	3722	4272	130
211	1620	212	3720	4270	254
187	1619	188	4269	3717	230
63	1618	64	4267	3715	106
90	1625	91	3730	4264	133
214	1624	215	3728	4262	257
184	1623	185	4261	3723	227
60	1622	61	4259	3725	103
93	1633	94	3732	4256	136
217	1632	218	3734	4254	260
181	1631	182	4253	3737	224
57	1630	58	4251	3735	100
14	1644	607	4359	4341	660
12	1643	771	4357	4343	824
15	720	1642	772	4346	4354
13	556	1641	608	4340	4352
872	1531	1525	4245	2804	2194
951	1565	1293	2747	4328	2950
1041	1269	1551	2103	4362	2614
1040	1550	1270	2615	4363	2100
1049	1271	1552	2115	4366	2121
1054	1553	1272	2730	4369	2118
973	1342	1555	4371	4372	3179
972	1554	1341	3178	4373	4374
859	1555	1342	4375	4372	3306
860	1341	1554	3305	4373	4376
920	1544	1325	4377	3913	2360
919	1326	1545	2359	3912	4378
921	1548	1327	4379	3914	2363
922	1328	1549	2368	3915	4380
920	1342	1544	4381	4382	4377
919	1545	1341	4378	4383	4384
1039	1546	1515	2986	4385	2234
921	1345	1548	4386	4387	4379
922	1549	1346	4380	4388	4389
1062	1575	1322	4247	2914	2294
1063	1321	1576	2297	2917	4246
1064	1323	1577	2300	2919	4248
1065	1578	1324	4249	2920	2303
861	1515	1546	4316	4385	4360
17	1361	1520	3930	4311	3341
503	1521	1362	3342	4310	3931
1066	1560	1326	3806	2736	2358
1067	1325	1559	2361	2739	3805
1068	1327	1561	2364	2742	3811
1069	1562	1328	3812	2745	2367
1075	1555	1583	3180	4390	3209
1074	1582	1554	3206	4391	3177
919	1341	1551	4384	3304	4361
920	1550	1342	4364	3307	4381
922	1346	1552	4389	3314	4365
921	1553	1345	4370	3311	4386
876	1559	1321	3780	2755	2296
877	1322	1560	2295	2752	3781
878	1561	1323	3792	2757	2299
879	1324	1562	2304	2758	3793
973	1544	1342	3808	4382	4371
972	1341	1545	4374	4383	3807
974	1548	1345	3910	4387	4349
975	1346	1549	4348	4388	3911
1076	1514	1574	3332	4392	3321
865	1565	1557	4329	4393	2725
11	1355	1563	3132	4313	2692
8	1564	1356	2693	4312	3133
978	1529	1541	4331	4394	4334
143	1541	1529	4326	4394	3318
980	1558	1542	4189	4395	4336
976	1538	1566	4333	4396	3250
977	1567	1539	3249	4397	4332
915	1363	1575	3903	2915	4190
916	1576	1364	4193	2916	3904
917	1577	1365	4195	2918	3906
918	1366	1578	3909	2921	4196
979	1540	1579	4335	4398	3320
1060	1444	1580	4153	4399	3489
669	1580	1444	4367	4399	2716
1061	1445	1581	4155	4400	3493
27	1581	1445	4368	4400	2717
513	1542	1558	4327	4395	3471
863	1574	1514	3272	4392	3714
140	1566	1538	3401	4396	4323
34	1539	1567	4324	4397	3400
1073	1557	1565	4289	4393	2733
31	1579	1540	3497	4398	4325
860	1554	1582	4376	4391	3560
859	1583	1555	3561	4390	4375
5896	4457	5367	6245	6246	6247
5588	5060	4572	6248	6249	6250
5589	4573	5061	6251	6252	6253
4890	5060	5588	6254	6248	6255
4891	5589	5061	6256	6253	6257
208	209	5745	251	6258	6259
5745	209	4878	6258	6260	6261
5761	67	4879	6262	6263	6264
4982	5896	5367	6265	6247	6266
5626	4580	5187	6267	6268	6269
66	67	5761	109	6262	6270
5153	6082	5304	6271	6272	6273
6019	4576	5006	6274	6275	6276
6020	5007	4577	6277	6278	6279
5730	4413	5152	6280	6281	6282
4776	5427	5211	6283	6284	6285
4775	5210	5426	6286	6287	6288
6082	4424	5304	6289	6290	6272
4623	5217	5034	6291	6292	6293
4453	5115	4850	6294	6295	6296
4454	4851	5116	6297	6298	6299
4445	5550	4843	6300	6301	6302
4446	4844	5549	6303	6304	6305
4552	4897	5340	6306	6307	6308
5218	5509	6021	6309	6310	6311
18	4827	5322	6312	6313	6314
4674	4798	6049	6315	6316	6317
5795	4516	5281	6318	6319	6320
4829	5852	5117	6321	6322	6323
4575	5042	5129	6324	6325	6326
4574	5128	5041	6327	6328	6329
4523	4822	5036	6330	6331	6332
4488	5185	5183	6333	6334	6335
4487	5184	5186	6336	6337	6338
4496	5119	4936	6339	6340	6341
4497	4937	5120	6342	6343	6344
4948	5730	5152	6345	6282	6346
4687	4959	5065	6347	6348	6349
4686	5066	4960	6350	6351	6352
4475	5569	4932	6353	6354	6355
4567	5344	5124	6356	6357	6358
4440	4947	5584	6359	6360	6361
4631	5033	5140	6362	6363	6364
4459	5020	5351	6365	6366	6367
4458	5005	5457	6368	6369	6370
4455	5040	4981	6371	6372	6373
4986	6019	5006	6374	6276	6375
4987	5007	6020	6376	6277	6377
4426	5577	5101	6378	6379	6380
4427	5102	5578	6381	6382	6383
4578	4850	5115	6384	6295	6385
4579	5116	4851	6386	6298	6387
4571	5196	4919	6388	6389	6390
4932	5626	5187	6391	6269	6392
4441	5587	4951	6393	6394	6395
4791	5435	5561	6396	6397	6398
4790	5560	5434	6399	6400	6401
4567	5271	5344	6402	6403	6356
417	5038	418	6404	6405	457
321	5037	322	6406	6407	361
5427	4487	5211	6408	6409	6284
5426	5210	4488	6287	6410	6411
4453	4850	5441	6296	6412	6413
4454	5442	4851	6414	6415	6297
4706	5189	5750	6416	6417	6418
4524	5117	5852	6419	6322	6420
4596	5166	4882	6421	6422	6423
4595	4883	5167	6424	6425	6426
4674	5223	4798	6427	6428	6315
393	5051	394	6429	6430	433
345	5052	346	6431	6432	385
4413	5140	5033	6433	6363	6434
4892	5278	5896	6435	6436	6437
4629	5837	4896	6438	6439	6440
4880	5795	5281	6441	6320	6442
4630	4897	5084	6443	6444	6445
2	5248	5008	6446	6447	6448
5	5009	5249	6449	6450	6451
4654	5331	4969	6452	6453	6454
4655	4970	5332	6455	6456	6457
4903	5959	5431	6458	6459	6460
4501	5060	5679	6461	6462	6463
4502	5678	5061	6464	6465	6466
4440	5057	4947	6467	6468	6359
4617	4947	5057	6469	6468	6470
271	5097	272	6471	6472	281
4552	5084	4897	6473	6444	6306
4745	5509	5218	6474	6309	6475
4640	5103	4963	6476	6477	6478
4641	4964	5104	6479	6480	6481
140	5600	5845	6482	6483	6484
4709	5153	5304	6485	6273	6486
4441	4951	5064	6395	6487	6488
5850	4799	4652	6489	6490	6491
5851	4653	4800	6492	6493	6494
4607	5071	4916	6495	6496	6497
4606	4917	5072	6498	6499	6500
4527	4874	5880	6501	6502	6503
4528	5881	4875	6504	6505	6506
4844	5059	5549	6507	6508	6304
4843	5550	5058	6301	6509	6510
4823	5646	5045	6511	6512	6513
4824	5046	5647	6514	6515	6516
4489	4779	5246	6517	6518	6519
4490	5247	4780	6520	6521	6522
4629	4880	5281	6523	6442	6524
4623	5346	5217	6525	6526	6291
4727	5467	5537	6527	6528	6529
4728	5538	5468	6530	6531	6532
4743	5584	4947	6533	6360	6534
417	5804	5038	6535	6536	6404
322	5037	5803	6407	6537	6538
4489	5364	4779	6539	6540	6517
4490	4780	5365	6522	6541	6542
4443	4855	5288	6543	6544	6545
4444	5289	4856	6546	6547	6548
4510	5321	4848	6549	6550	6551
4460	5370	5036	6552	6553	6554
31	5687	5010	6555	6556	6557
4473	5525	5130	6558	6559	6560
4474	5131	5526	6561	6562	6563
4727	5183	5185	6564	6334	6565
4728	5186	5184	6566	6337	6567
4580	5245	5187	6568	6569	6268
4618	5064	4951	6570	6487	6571
5053	5576	5748	6572	6573	6574
181	4896	5341	6575	6576	6577
94	5340	4897	6578	6307	6579
4565	5191	5109	6580	6581	6582
4566	5110	5192	6583	6584	6585
4858	5901	5029	6586	6587	6588
4860	5030	5902	6589	6590	6591
4402	5045	5646	6592	6512	6593
4401	5647	5046	6594	6515	6595
4503	5238	4835	6596	6597	6598
4504	4836	5239	6599	6600	6601
18	5594	4827	6602	6603	6312
4465	5782	5408	6604	6605	6606
4467	5409	5783	6607	6608	6609
4541	5029	5901	6610	6587	6611
4542	5902	5030	6612	6590	6613
4613	5087	5265	6614	6615	6616
4612	5264	5088	6617	6618	6619
4746	4951	5587	6620	6394	6621
210	5290	4784	6622	6623	6624
65	4783	5291	6625	6626	6627
4568	4922	5592	6628	6629	6630
4570	5593	4923	6631	6632	6633
4647	5441	4850	6634	6412	6635
4648	4851	5442	6636	6415	6637
4719	5602	5112	6638	6639	6640
394	5051	5820	6430	6641	6642
345	5821	5052	6643	6644	6431
4684	4862	5965	6645	6646	6647
4685	5966	4863	6648	6649	6650
4521	4932	5615	6651	6652	6653
4404	5114	4910	6654	6655	6656
4403	4911	5113	6657	6658	6659
4567	4914	5431	6660	6661	6662
4621	5043	4989	6663	6664	6665
4622	4990	5044	6666	6667	6668
65	5761	4783	6669	6670	6625
210	4784	5760	6624	6671	6672
4600	5138	4905	6673	6674	6675
4601	4906	5139	6676	6677	6678
4876	5731	5754	6679	6680	6681
4583	5114	5481	6682	6683	6684
4584	5482	5113	6685	6686	6687
4733	5351	5020	6688	6366	6689
4857	5101	5577	6690	6379	6691
4859	5578	5102	6692	6382	6693
4913	6060	5035	6694	6695	6696
5434	5560	6176	6400	6697	6698
5435	6177	5561	6699	6700	6397
4568	5177	4922	6701	6702	6628
4570	4923	5178	6633	6703	6704
4666	5640	5423	6705	6706	6707
4611	4810	5212	6708	6709	6710
4412	4894	5968	6711	6712	6713
4831	6051	5598	6714	6715	6716
4832	5599	6047	6717	6718	6719
4731	4932	5569	6720	6354	6721
4430	5682	4967	6722	6723	6724
4431	4968	5683	6725	6726	6727
407	5510	5307	6728	6729	6730
332	5308	5511	6731	6732	6733
404	5309	5512	6734	6735	6736
335	5513	5310	6737	6738	6739
4645	5041	5128	6740	6328	6741
4646	5129	5042	6742	6325	6743
4737	5130	5525	6744	6559	6745
4738	5526	5131	6746	6562	6747
4690	5704	4914	6748	6749	6750
5189	5819	5750	6751	6752	6417
4654	5383	4939	6753	6754	6755
4655	4940	5384	6756	6757	6758
4552	4924	5084	6759	6760	6473
4661	4945	5385	6761	6762	6763
4663	5386	4946	6764	6765	6766
30	31	5010	50	6557	6767
4541	4999	5491	6768	6769	6770
4542	5492	5000	6771	6772	6773
78	79	4917	121	6774	6775
196	197	4916	239	6776	6777
4890	5679	5060	6778	6462	6254
4891	5061	5678	6257	6465	6779
4455	4981	5609	6373	6780	6781
5288	5633	4600	6782	6783	6784
5289	4601	5634	6785	6786	6787
4600	4989	5043	6788	6664	6789
4601	5044	4990	6790	6667	6791
4611	5609	4810	6792	6793	6708
4410	5039	5145	6794	6795	6796
4596	5164	5166	6797	6798	6421
4595	5167	5163	6426	6799	6800
304	4930	5396	6801	6802	6803
471	5397	4931	6804	6805	6806
5078	6113	5108	6807	6808	6809
5079	5107	6114	6810	6811	6812
4583	5481	5058	6684	6813	6814
4584	5059	5482	6815	6816	6685
4876	5490	6043	6817	6818	6819
5164	5679	5166	6820	6821	6798
5163	5167	5678	6799	6822	6823
5057	6237	4585	6824	6825	6826
4652	4799	5419	6490	6827	6828
4653	5420	4800	6829	6830	6493
5748	5576	4461	6573	6831	6832
4729	5491	4999	6833	6769	6834
4730	5000	5492	6835	6772	6836
4602	4973	5075	6837	6838	6839
4603	5076	4974	6840	6841	6842
5064	4586	6238	6843	6844	6845
4443	5588	4855	6846	6847	6543
4444	4856	5589	6548	6848	6849
4580	4985	5245	6850	6851	6568
4567	5124	4914	6358	6852	6660
4601	6086	4906	6853	6854	6676
4600	4905	6087	6675	6855	6856
4465	5191	5782	6857	6858	6604
4467	5783	5192	6609	6859	6860
319	4979	320	6861	6862	359
419	4980	420	6863	6864	459
4831	5598	6088	6716	6865	6866
4832	6089	5599	6867	6868	6717
5968	4668	5333	6869	6870	6871
271	5777	5097	6872	6873	6471
4876	5754	5490	6681	6874	6817
5959	4567	5431	6875	6662	6459
4492	4772	5199	6876	6877	6878
4707	4982	5367	6879	6266	6880
4564	6021	5509	6881	6310	6882
4510	4848	5240	6551	6883	6884
4629	5014	5837	6885	6886	6438
4559	5880	5256	6887	6888	6889
4560	5257	5881	6890	6891	6892
4713	5568	5602	6893	6894	6895
4872	5845	5600	6896	6483	6897
4405	5092	5128	6898	6899	6900
4407	5129	5093	6901	6902	6903
315	5253	5134	6904	6905	6906
424	5135	5254	6907	6908	6909
209	5760	4878	6910	6911	6260
4696	5250	5212	6912	6913	6914
4740	5036	5370	6915	6553	6916
4656	5227	4941	6917	6918	6919
4657	4942	5228	6920	6921	6922
4941	5227	6027	6918	6923	6924
4942	6028	5228	6925	6926	6921
4561	4903	5480	6927	6928	6929
4475	4932	5187	6355	6392	6930
4658	4943	5229	6931	6932	6933
4659	5230	4944	6934	6935	6936
4943	6025	5229	6937	6938	6932
4944	5230	6026	6935	6939	6940
4945	5231	6025	6941	6942	6943
4946	6026	5232	6944	6945	6946
4661	5231	4945	6947	6941	6761
4663	4946	5232	6766	6946	6948
4597	5516	4900	6949	6950	6951
4598	4901	5517	6952	6953	6954
142	4988	5600	6955	6956	6957
4600	5633	5138	6783	6958	6673
4601	5139	5634	6678	6959	6786
4731	5615	4932	6960	6652	6720
4456	5032	5148	6961	6962	6963
4531	5292	4975	6964	6965	6966
4532	4976	5293	6967	6968	6969
4561	4981	5040	6970	6372	6971
4762	4967	5682	6972	6723	6973
4763	5683	4968	6974	6726	6975
4829	5697	5918	6976	6977	6978
4486	5631	5205	6979	6980	6981
4485	5214	5643	6982	6983	6984
4596	4882	5356	6423	6985	6986
4595	5355	4883	6987	6988	6424
4647	4850	5266	6635	6989	6990
4648	5267	4851	6991	6992	6636
4713	5602	5074	6895	6993	6994
4498	5754	5731	6995	6680	6996
4629	4896	5737	6440	6997	6998
4630	5738	4897	6999	7000	6443
4580	4948	5152	7001	6346	7002
4741	5591	5188	7003	7004	7005
4553	5035	6060	7006	6695	7007
4420	4963	5553	7008	7009	7010
4421	5554	4964	7011	7012	7013
4529	4963	5103	7014	6477	7015
4530	5104	4964	7016	6480	7017
4655	5241	4940	7018	7019	6756
4654	4939	5242	6755	7020	7021
4690	4914	5124	6750	6852	7022
4593	5188	5591	7023	7004	7024
4514	5617	5008	7025	7026	7027
4515	5009	5618	7028	7029	7030
4919	5196	5605	6389	7031	7032
4709	5457	5005	7033	6369	7034
391	4995	392	7035	7036	431
4673	5473	4837	7037	7038	7039
6052	5196	4571	7040	6388	7041
4492	5285	4772	7042	7043	6876
5087	5666	5265	7044	7045	6615
5088	5264	5667	6618	7046	7047
4527	5880	4971	6503	7048	7049
4528	4972	5881	7050	7051	6504
347	4998	348	7052	7053	387
4940	5241	6028	7019	7054	7055
4939	6027	5242	7056	7057	7020
4654	5461	5331	7058	7059	6452
4655	5332	5462	6457	7060	7061
317	5082	318	7062	7063	357
421	5083	422	7064	7065	461
4583	4910	5114	7066	6655	6682
4584	5113	4911	6687	6658	7067
267	4997	268	7068	7069	277
4445	4843	5702	6302	7070	7071
4446	5703	4844	7072	7073	6303
283	5431	5704	7074	7075	7076
4630	5345	4881	7077	7078	7079
4558	5931	5165	7080	7081	7082
4711	5010	5687	7083	6556	7084
4684	5109	5191	7085	6581	7086
4685	5192	5110	7087	6584	7088
4597	4900	5784	6951	7089	7090
4598	5785	4901	7091	7092	6952
4447	5001	5075	7093	7094	7095
4448	5076	5002	7096	7097	7098
4787	5759	5096	7099	7100	7101
4404	5108	6113	7102	6808	7103
4403	6114	5107	7104	6811	7105
4576	4949	6143	7106	7107	7108
4577	6144	4950	7109	7110	7111
4929	5781	5452	7112	7113	7114
4456	5148	5294	6963	7115	7116
4691	5203	5023	7117	7118	7119
4961	6073	5799	7120	7121	7122
4962	5800	6074	7123	7124	7125
5711	5438	6033	7126	7127	7128
5712	6034	5439	7129	7130	7131
4473	5025	5251	7132	7133	7134
4474	5252	5026	7135	7136	7137
4829	5117	5697	6323	7138	6976
4405	4975	5292	7139	6965	7140
4407	5293	4976	7141	6968	7142
4816	5438	5711	7143	7126	7144
4817	5712	5439	7145	7131	7146
140	141	5600	160	7147	6482
5797	4492	5199	7148	6878	7149
4606	6221	4955	7150	7151	7152
4607	4956	6220	7153	7154	7155
4961	5799	5868	7122	7156	7157
4962	5867	5800	7158	7159	7123
4727	5185	5467	6565	7160	6527
4728	5468	5186	6532	7161	6566
5896	5278	4457	6436	7162	6245
4447	4900	5516	7163	6950	7164
4448	5517	4901	7165	6953	7166
4874	5256	5880	7167	6888	6502
4875	5881	5257	6505	6891	7168
4503	4835	5558	6598	7169	7170
4504	5559	4836	7171	7172	6599
4599	5224	4861	7173	7174	7175
4611	5212	5250	6710	6913	7176
216	217	5015	259	7177	7178
4889	5995	5345	7179	7180	7181
4559	5101	5825	7182	7183	7184
4560	5826	5102	7185	7186	7187
4644	5723	4918	7188	7189	7190
4876	5953	5731	7191	7192	6679
4574	4975	5128	7193	7194	6327
4575	5129	4976	6326	7195	7196
4404	4910	5303	6656	7197	7198
4403	5302	4911	7199	7200	6657
4574	5353	4975	7201	7202	7193
4575	4976	5354	7196	7203	7204
4458	4919	5692	7205	7206	7207
4629	5279	4880	7208	7209	6523
4630	4881	5280	7079	7210	7211
4558	5165	5011	7082	7212	7213
4453	4868	5843	7214	7215	7216
4454	5844	4869	7217	7218	7219
58	59	5017	101	7220	7221
5585	4833	4496	7222	7223	7224
5586	4497	4834	7225	7226	7227
67	5744	4879	7228	7229	6263
4552	5340	6118	6308	7230	7231
4673	4837	5452	7039	7232	7233
4523	5756	4822	7234	7235	6330
4547	6027	5227	7236	6923	7237
4548	5228	6028	7238	6926	7239
4549	5229	6025	7240	6938	7241
4550	6026	5230	7242	6939	7243
4549	6025	5231	7241	6942	7244
4550	5232	6026	7245	6945	7242
4903	5190	5480	7246	7247	6928
4597	5316	5090	7248	7249	7250
4598	5091	5317	7251	7252	7253
4799	5266	5638	7254	7255	7256
4800	5639	5267	7257	7258	7259
4576	5372	4949	7260	7261	7106
4577	4950	5373	7111	7262	7263
4409	5034	5056	7264	7265	7266
4607	4916	5338	6497	7267	7268
4606	5339	4917	7269	7270	6498
5764	4868	4647	7271	7272	7273
5765	4648	4869	7274	7275	7276
4561	5959	4903	7277	6458	6927
4514	5008	5624	7027	7278	7279
4515	5625	5009	7280	7281	7028
4443	5166	4890	7282	7283	7284
4444	4891	5167	7285	7286	7287
4617	5287	4947	7288	7289	6469
4847	5604	5265	7290	7291	7292
4846	5264	5603	7293	7294	7295
4920	5797	5199	7296	7149	7297
4459	4913	6044	7298	7299	7300
5778	6237	5057	7301	6824	7302
4496	4936	5585	6341	7303	7224
4497	5586	4937	7225	7304	6342
4439	5993	4889	7305	7306	7307
4413	4993	5140	7308	7309	6433
4684	5799	4862	7310	7311	6645
4685	4863	5800	6650	7312	7313
4690	5521	5704	7314	7315	6748
5779	5064	6238	7316	6845	7317
4714	5459	5470	7318	7319	7320
4715	5471	5460	7321	7322	7323
4496	4833	5387	7223	7324	7325
4497	5388	4834	7326	7327	7226
4995	5847	5472	7328	7329	7330
4517	5345	5995	7331	7180	7332
4751	5143	5450	7333	7334	7335
4752	5451	5144	7336	7337	7338
4405	5128	4975	6900	7194	7139
4407	4976	5129	7142	7195	6901
4719	5112	5677	6640	7339	7340
191	5838	4973	7341	7342	7343
84	4974	5839	7344	7345	7346
269	5123	270	7347	7348	279
5624	4927	4514	7349	7350	7279
5625	4515	4928	7280	7351	7352
5090	5316	5711	7249	7353	7354
5091	5712	5317	7355	7356	7252
4405	5316	5092	7357	7358	6898
4407	5093	5317	6903	7359	7360
4450	5235	4884	7361	7362	7363
4452	4885	5236	7364	7365	7366
317	5975	5082	7367	7368	7062
422	5083	5976	7065	7369	7370
4799	5850	5266	6489	7371	7254
4800	5267	5851	7259	7372	6494
4669	5008	5248	7373	6447	7374
4670	5249	5009	7375	6450	7376
5080	6111	5292	7377	7378	7379
5081	5293	6112	7380	7381	7382
4439	4889	5277	7307	7383	7384
4998	5474	5849	7385	7386	7387
4857	5825	5101	7388	7183	6690
4859	5102	5826	6693	7186	7389
4450	4884	5411	7363	7390	7391
4452	5412	4885	7392	7393	7364
4636	4907	6136	7394	7395	7396
4637	6137	4908	7397	7398	7399
5089	5968	5333	7400	6871	7401
4654	4969	5383	6454	7402	6753
4655	5384	4970	6758	7403	6455
6	5198	5363	7404	7405	7406
156	5127	5822	7407	7408	7409
4475	5222	5569	7410	7411	6353
4599	4861	5479	7175	7412	7413
4447	5715	4900	7414	7415	7163
4448	4901	5716	7166	7416	7417
4645	5128	5092	6741	6899	7418
4646	5093	5129	7419	6902	6742
4576	6143	5006	7108	7420	6275
4577	5007	6144	6278	7421	7109
4763	5995	5350	7422	7423	7424
4548	6028	5241	7239	7054	7425
4547	5242	6027	7426	7057	7236
4443	4890	5588	7284	6255	6846
4444	5589	4891	6849	6256	7285
4647	5360	5119	7427	7428	7429
4648	5120	5361	7430	7431	7432
4939	5383	5915	6754	7433	7434
4940	5916	5384	7435	7436	6757
4647	4868	5441	7272	7437	6634
4648	5442	4869	6637	7438	7275
4945	5921	5385	7439	7440	6762
4946	5386	5922	6765	7441	7442
4527	5269	4874	7443	7444	6501
4528	4875	5270	6506	7445	7446
73	5919	4989	7447	7448	7449
202	4990	5920	7450	7451	7452
217	5773	5015	7453	7454	7177
4749	5483	5173	7455	7456	7457
4750	5174	5484	7458	7459	7460
4484	5452	5781	7461	7113	7462
4704	4999	5680	7463	7464	7465
4705	5681	5000	7466	7467	7468
4569	5023	5203	7469	7118	7470
4793	5382	5515	7471	7472	7473
4792	5514	5381	7474	7475	7476
5100	5196	6052	7477	7040	7478
4621	4882	5805	7479	7480	7481
4622	5806	4883	7482	7483	7484
4618	4951	5541	6571	7485	7486
76	5063	6037	7487	7488	7489
199	6038	5062	7490	7491	7492
5382	6157	5515	7493	7494	7472
5381	5514	6156	7475	7495	7496
4412	5968	5089	6713	7400	7497
4422	4977	5455	7498	7499	7500
4423	5456	4978	7501	7502	7503
4952	6207	5323	7504	7505	7506
4778	5569	5222	7507	7411	7508
58	5017	5774	7221	7509	7510
6061	4611	5250	7511	7176	7512
4640	4963	5459	6478	7513	7514
4641	5460	4964	7515	7516	6479
4837	5165	5931	7517	7081	7518
4521	5626	4932	7519	6391	6651
4458	5457	4919	6370	7520	7205
4405	5292	6111	7140	7378	7521
4407	6112	5293	7522	7381	7141
4753	5485	5143	7523	7524	7525
4754	5144	5486	7526	7527	7528
4863	6074	5800	7529	7124	7312
4862	5799	6073	7311	7121	7530
4486	5205	5970	6981	7531	7532
4638	5962	4870	7533	7534	7535
4639	4871	5963	7536	7537	7538
4485	5972	5214	7539	7540	6982
4590	5885	4981	7541	7542	7543
4590	5766	5097	7544	7545	7546
4745	5196	5100	7547	7477	7548
4762	5352	5994	7549	7550	7551
4424	4938	5304	7552	7553	6290
408	5307	5500	7554	7555	7556
331	5501	5308	7557	7558	7559
397	5021	398	7560	7561	437
341	5022	342	7562	7563	381
6207	4952	4623	7504	7564	7565
403	5502	5309	7566	7567	7568
336	5310	5503	7569	7570	7571
4606	5072	6221	6500	7572	7150
4607	6220	5071	7155	7573	6495
4773	5132	5592	7574	7575	7576
4774	5593	5133	7577	7578	7579
4599	5788	6232	7580	7581	7582
4554	4993	5122	7583	7584	7585
141	142	5600	161	6957	7147
4413	5033	5732	6434	7586	7587
4696	5692	4919	7588	7206	7589
4470	5031	5575	7590	7591	7592
4559	5256	5721	6889	7593	7594
4560	5722	5257	7595	7596	6890
4551	5770	5127	7597	7598	7599
4564	5149	6010	7600	7601	7602
4555	5096	5759	7603	7100	7604
4460	6094	4933	7605	7606	7607
4616	5334	5367	7608	7609	7610
4636	5251	4907	7611	7612	7394
4637	4908	5252	7399	7613	7614
4809	6037	5063	7615	7488	7616
4808	5062	6038	7617	7491	7618
4443	5288	5043	6545	7619	7620
4444	5044	5289	7621	7622	6546
5847	4585	5472	7623	7624	7329
4556	5329	6090	7625	7626	7627
4557	6091	5330	7628	7629	7630
4862	5415	5965	7631	7632	6646
4863	5966	5416	6649	7633	7634
4602	5075	5001	6839	7094	7635
4603	5002	5076	7636	7097	6840
4684	5965	5109	6647	7637	7085
4685	5110	5966	7088	7638	6648
407	5307	408	6730	7554	447
331	5308	332	7559	6731	371
4862	6073	5415	7530	7639	7631
4863	5416	6074	7634	7640	7529
403	5309	404	7568	6734	443
335	5310	336	6739	7569	375
5358	82	5839	7641	7642	7643
5838	193	5359	7644	7645	7646
90	5574	5689	7647	7648	7649
185	5688	5573	7650	7651	7652
5849	5474	4586	7386	7653	7654
4434	5450	5143	7655	7334	7656
4435	5144	5451	7657	7337	7658
4416	6062	5170	7659	7660	7661
4645	5092	5225	7418	7662	7663
4646	5226	5093	7664	7665	7419
4720	5119	5360	7666	7428	7667
4721	5361	5120	7668	7431	7669
4644	4918	6122	7190	7670	7671
32	33	5016	52	7672	7673
4680	5576	5053	7674	6572	7675
4556	5025	5329	7676	7677	7625
4557	5330	5026	7630	7678	7679
4716	5078	5108	7680	6809	7681
4717	5107	5079	7682	6810	7683
4458	6009	5005	7684	7685	6368
265	5440	5581	7686	7687	7688
4927	5527	4514	7689	7690	7350
4928	4515	5528	7351	7691	7692
4739	5854	5932	7693	7694	7695
4495	5112	5602	7696	6639	7697
4613	5265	5604	6616	7291	7698
4612	5603	5264	7699	7294	6617
4473	5448	5025	7700	7701	7132
4474	5026	5449	7137	7702	7703
4420	5459	4963	7704	7513	7008
4421	4964	5460	7013	7516	7705
4773	5018	5876	7706	7707	7708
4774	5877	5019	7709	7710	7711
4562	4967	5376	7712	7713	7714
4563	5377	4968	7715	7716	7717
4583	5260	4910	7718	7719	7066
4584	4911	5261	7067	7720	7721
76	77	5063	119	7722	7487
198	199	5062	241	7492	7723
4771	5518	5576	7724	7725	7726
4683	4904	5489	7727	7728	7729
4410	5145	5465	6796	7730	7731
4604	5056	5034	7732	7265	7733
156	157	5127	176	7734	7407
4745	5100	5555	7548	7735	7736
194	5088	6039	7737	7738	7739
81	6040	5087	7740	7741	7742
314	5253	315	7743	6904	354
424	5254	425	6909	7744	464
4599	5220	5788	7745	7746	7580
78	4917	5339	6775	7270	7747
197	5338	4916	7748	7267	6776
4638	5269	4977	7749	7750	7751
4639	4978	5270	7752	7753	7754
4929	5452	5931	7114	7755	7756
4963	6031	5553	7757	7758	7009
4964	5554	6032	7012	7759	7760
181	5737	4896	7761	6997	6575
94	4897	5738	6579	7000	7762
4640	6045	4886	7763	7764	7765
4641	4887	6046	7766	7767	7768
4578	5638	4850	7769	7770	6384
4579	4851	5639	6387	7771	7772
267	5262	4997	7773	7774	7068
408	5500	409	7556	7775	448
330	5501	331	7776	7557	370
4739	5423	5640	7777	6706	7778
395	5125	396	7779	7780	435
343	5126	344	7781	7782	383
336	5503	337	7571	7783	376
402	5502	403	7784	7566	442
304	5742	4930	7785	7786	6801
471	4931	5743	6806	7787	7788
4568	5592	5132	6630	7575	7789
4570	5133	5593	7790	7578	6631
204	5315	4906	7791	7792	7793
71	4905	5314	7794	7795	7796
4432	5173	5483	7797	7456	7798
4433	5484	5174	7799	7459	7800
4623	4952	5917	7564	7801	7802
4760	5495	5174	7803	7804	7805
4761	5173	5494	7806	7807	7808
4763	5350	5830	7424	7809	7810
4416	5552	6062	7811	7812	7659
4617	5268	4994	7813	7814	7815
4601	5327	6086	7816	7817	6853
4600	6087	5326	6856	7818	7819
4696	4919	5605	7589	7032	7820
4835	5238	5082	6597	7821	7822
4836	5083	5239	7823	7824	6600
4428	6043	5490	7825	6818	7826
4462	5404	5611	7827	7828	7829
4463	5612	5405	7830	7831	7832
4681	5402	4965	7833	7834	7835
4682	4966	5403	7836	7837	7838
4675	5187	5245	7839	6569	7840
4581	5098	5620	7841	7842	7843
4582	5621	5099	7844	7845	7846
4812	6039	5088	7847	7738	7848
4811	5087	6040	7849	7741	7850
4900	5715	5319	7415	7851	7852
4901	5320	5716	7853	7854	7416
4443	5805	5166	7855	7856	7282
4444	5167	5806	7287	7857	7858
4807	6217	5286	7859	7860	7861
4458	4920	6208	7862	7863	7864
4434	5143	5485	7656	7524	7865
4435	5486	5144	7866	7527	7657
4618	4996	5274	7867	7868	7869
4808	5306	5582	7870	7871	7872
4809	5583	5305	7873	7874	7875
5045	6145	5272	7876	7877	7878
5046	5273	6146	7879	7880	7881
4855	5272	5633	7882	7883	7884
4856	5634	5273	7885	7886	7887
4746	6072	5206	7888	7889	7890
4621	5305	4882	7891	7892	7479
4622	4883	5306	7484	7893	7894
4580	5152	4985	7002	7895	6850
4719	5015	5773	7896	7454	7897
4882	5166	5805	6422	7856	7480
4883	5806	5167	7483	7857	6425
4576	5938	5372	7898	7899	7260
4577	5373	5939	7263	7900	7901
5006	6143	6136	7420	7902	7903
5007	6137	6144	7904	7905	7421
4810	5609	4981	6793	6780	7906
4776	5038	5804	7907	6536	7908
4775	5803	5037	7909	6537	7910
4590	5190	5766	7911	7912	7544
6105	4904	4683	7913	7727	7914
4638	4870	5398	7535	7915	7916
4639	5399	4871	7917	7918	7536
4936	6101	5585	7919	7920	7303
4937	5586	6102	7304	7921	7922
196	4916	5343	6777	7923	7924
79	5342	4917	7925	7926	6774
4638	4977	5467	7751	7927	7928
4639	5468	4978	7929	7930	7752
4722	5774	5017	7931	7509	7932
5001	6090	5329	7933	7626	7934
5002	5330	6091	7935	7629	7936
4405	6111	5316	7521	7937	7357
4407	5317	6112	7360	7938	7522
4936	5119	5523	6340	7939	7940
4937	5524	5120	7941	7942	6343
4787	5822	5127	7943	7408	7944
4491	5750	5819	7945	6752	7946
4690	5012	5521	7947	7948	7314
4691	5522	5013	7949	7950	7951
4413	5732	5152	7587	7952	6281
4688	5008	5617	7953	7026	7954
4689	5618	5009	7955	7029	7956
194	195	5088	237	7957	7737
80	81	5087	123	7742	7958
4591	5876	5018	7959	7707	7960
4592	5019	5877	7961	7710	7962
315	5134	316	6906	7963	355
423	5135	424	7964	6907	463
4531	4975	5353	6966	7202	7965
4532	5354	4976	7966	7203	6967
4462	5611	5109	7829	7967	7968
4463	5110	5612	7969	7970	7830
4762	5829	5352	7971	7972	7549
4642	5396	4930	7973	6802	7974
4643	4931	5397	7975	6805	7976
4759	5011	5165	7977	7212	7978
212	213	5049	255	7979	7980
4691	5023	5522	7119	7981	7949
4630	5084	5277	6445	7982	7983
4666	5313	5640	7984	7985	6705
4602	5478	4973	7986	7987	6837
4603	4974	5477	6842	7988	7989
4493	5555	5100	7990	7735	7991
6168	4812	5667	7992	7993	7994
6167	5666	4811	7995	7996	7997
4776	5211	5038	6285	7998	7907
4775	5037	5210	7910	7999	6286
4837	5931	5452	7518	7755	7232
4415	5946	4895	8000	8001	8002
4701	5641	5323	8003	8004	8005
4687	5708	4959	8006	8007	6347
4686	4960	5707	6352	8008	8009
62	63	5054	105	8010	8011
4952	5323	5616	7506	8012	8013
4410	5657	4893	8014	8015	8016
270	5123	5777	7348	8017	8018
4470	5575	5217	7592	8019	8020
4447	5719	5001	8021	8022	7093
4448	5002	5720	7098	8023	8024
4569	5203	5024	7470	8025	8026
4499	5633	5272	8027	7883	8028
4500	5273	5634	8029	7886	8030
4734	5313	5300	8031	8032	8033
405	5067	406	8034	8035	445
333	5068	334	8036	8037	373
4561	5148	5032	8038	6962	8039
4666	5300	5313	8040	8032	7984
4541	5680	4999	8041	7464	6768
4542	5000	5681	6773	7467	8042
5025	5709	5251	8043	8044	7133
5026	5252	5710	7136	8045	8046
1	5431	283	8047	7074	292
152	5557	4915	8048	8049	8050
5320	5666	6167	8051	7995	8052
5319	6168	5667	8053	7994	8054
4561	5032	5959	8039	8055	7277
4406	6136	6143	8056	7902	8057
4408	6144	6137	8058	7905	8059
5055	6061	5250	8060	7512	8061
4707	5367	5334	6880	7609	8062
4456	5121	6163	8063	8064	8065
4568	5132	5012	7789	8066	8067
4570	5013	5133	8068	8069	7790
4779	5820	5051	8070	6641	8071
4780	5052	5821	8072	6644	8073
4699	5025	5448	8074	7701	8075
4700	5449	5026	8076	7702	8077
4681	4965	6241	7835	8078	8079
4682	6242	4966	8080	8081	7836
4453	5441	4868	6413	7437	7214
4454	4869	5442	7219	7438	6414
4459	5458	4913	8082	8083	7298
4739	5932	5369	7695	8084	8085
5839	82	83	7642	125	8086
192	193	5838	235	7644	8087
4424	5473	4938	8088	8089	7552
4608	5118	5073	8090	8091	8092
4480	5582	5306	8093	7871	8094
4481	5305	5583	8095	7874	8096
5272	6145	4805	7877	8097	8098
5273	4806	6146	8099	8100	7880
4881	5345	5796	7078	8101	8102
5210	6194	5962	8103	8104	8105
5211	5963	6195	8106	8107	8108
5149	5410	6010	8109	8110	7601
5121	5333	6163	8111	8112	8064
4810	4981	5885	7906	7542	8113
4558	5170	5931	8114	8115	7080
152	4915	5788	8050	8116	8117
4623	5117	6207	8118	8119	7565
73	74	5919	116	8120	7447
201	202	5920	244	7452	8121
4416	5733	5035	8122	8123	8124
4606	4955	5215	7152	8125	8126
4607	5216	4956	8127	8128	7153
4642	4930	5400	7974	8129	8130
4643	5401	4931	8131	8132	7975
4552	5595	4924	8133	8134	6759
180	181	5341	223	6577	8135
94	95	5340	137	8136	6578
4575	5354	6005	7204	8137	8138
4574	6004	5353	8139	8140	7201
191	192	5838	234	8087	7341
83	84	5839	126	7346	8086
4517	5796	5345	8141	8101	7331
4581	5429	5936	8142	8143	8144
4582	5937	5430	8145	8146	8147
5348	200	5920	8148	8149	8150
5919	75	5349	8151	8152	8153
4433	5174	5495	7800	7804	8154
4432	5494	5173	8155	7807	7797
4581	5037	5429	8156	8157	8142
4582	5430	5038	8147	8158	8159
4818	5573	5688	8160	7651	8161
4819	5689	5574	8162	7648	8163
4804	5303	5163	8164	8165	8166
4803	5164	5302	8167	8168	8169
4907	5006	6136	8170	7903	7395
4908	6137	5007	7398	7904	8171
4534	5608	5352	8172	8173	8174
4594	5145	5039	8175	6795	8176
4660	5364	5027	8177	8178	8179
4662	5028	5365	8180	8181	8182
4767	5307	5510	8183	6729	8184
4768	5511	5308	8185	6732	8186
4769	5512	5309	8187	6735	8188
4770	5310	5513	8189	6738	8190
4822	5328	5036	8191	8192	6331
4656	4941	5500	6919	8193	8194
4657	5501	4942	8195	8196	6920
4658	5502	4943	8197	8198	6931
4659	4944	5503	6936	8199	8200
4843	5041	5702	8201	8202	7070
4844	5703	5042	7073	8203	8204
71	6087	4905	8205	6855	7794
204	4906	6086	7793	6854	8206
4580	5626	4948	6267	8207	7001
4555	5031	5769	8208	8209	8210
4801	5786	5103	8211	8212	8213
4802	5104	5787	8214	8215	8216
4459	6044	5118	7300	8217	8218
6055	5392	4671	8219	8220	8221
6056	4672	5393	8222	8223	8224
4649	4970	5437	8225	8226	8227
4650	5436	4969	8228	8229	8230
4551	5127	6189	7599	8231	8232
4418	5868	5799	8233	7156	8234
4419	5800	5867	8235	7159	8236
303	304	5396	308	6803	8237
470	5397	471	8238	6804	475
4442	5050	5479	8239	8240	8241
5003	5392	6055	8242	8219	8243
5004	6056	5393	8244	8224	8245
4904	5323	5641	8246	8004	8247
4645	5225	5453	7663	8248	8249
4646	5454	5226	8250	8251	7664
4867	6206	5536	8252	8253	8254
4640	4886	5487	7765	8255	8256
4641	5488	4887	8257	8258	7766
4531	4934	5685	8259	8260	8261
4532	5686	4935	8262	8263	8264
4581	5620	6194	7843	8265	8266
4582	6195	5621	8267	8268	7844
4422	5467	4977	8269	7927	7498
4423	4978	5468	7503	7930	8270
4626	5319	5715	8271	7851	8272
4627	5716	5320	8273	7854	8274
4896	5837	6189	6439	8275	8276
4787	5127	5770	7944	7598	8277
4934	6210	5529	8278	8279	8280
4935	5530	6211	8281	8282	8283
4787	5096	5822	7101	8284	7943
4779	5051	5246	8071	8285	6518
4780	5247	5052	6521	8286	8072
4722	5818	5077	8287	8288	8289
189	190	5172	232	8290	8291
85	86	5171	128	8292	8293
4415	4895	5700	8002	8294	8295
4600	5326	4989	7819	8296	6788
4601	4990	5327	6791	8297	7816
4412	5701	4894	8298	8299	6711
4714	5207	5459	8300	8301	7318
4715	5460	5208	7323	8302	8303
4699	5943	5025	8304	8305	8074
4700	5026	5942	8077	8306	8307
4450	5311	4991	8308	8309	8310
4452	4992	5312	8311	8312	8313
4453	5843	5018	7216	8314	8315
4454	5019	5844	8316	8317	7217
4561	5040	5148	6971	8318	8038
4481	5215	5261	8319	8320	8321
4480	5260	5216	8322	8323	8324
4960	5066	5537	6351	8325	8326
4959	5538	5065	8327	8328	6348
4934	5529	6055	8280	8329	8330
4935	6056	5530	8331	8332	8281
4571	4919	5925	6390	8333	8334
5020	5286	6217	8335	7860	8336
148	5506	5209	8337	8338	8339
6183	4410	4893	8340	8016	8341
4669	5585	6101	8342	7920	8343
4670	6102	5586	8344	7921	8345
4562	5861	4967	8346	8347	7712
4563	4968	5862	7717	8348	8349
4472	5024	5203	8350	8025	8351
4745	6024	5196	8352	8353	7547
142	5413	4988	8354	8355	6955
4413	5730	4993	6280	8356	7308
4524	5323	6207	8357	7505	8358
4588	5311	4983	8359	8360	8361
4589	4984	5312	8362	8363	8364
4527	4977	5269	8365	7750	7443
4528	5270	4978	7446	7753	8366
4430	4967	5596	6724	8367	8368
4431	5597	4968	8369	8370	6725
4621	5805	5043	7481	8371	6663
4622	5044	5806	6668	8372	7482
5260	5355	6029	8373	8374	8375
5261	6030	5356	8376	8377	8378
4460	4933	5493	7607	8379	8380
4830	5031	6050	8381	8382	8383
4529	5103	5786	7015	8212	8384
4530	5787	5104	8385	8215	7016
4593	5594	5204	8386	8387	8388
4706	5613	5189	8389	8390	6416
4753	5475	5417	8391	8392	8393
4754	5418	5476	8394	8395	8396
4767	5404	5307	8397	8398	8183
4768	5308	5405	8186	8399	8400
4734	5300	5544	8033	8401	8402
4912	5352	5608	8403	8173	8404
4445	5702	5603	7071	8405	8406
4446	5604	5703	8407	8408	7072
4769	5309	5408	8188	8409	8410
4770	5409	5310	8411	8412	8189
4445	5603	6220	8406	8413	8414
4446	6221	5604	8415	8416	8407
4422	5537	5467	8417	6528	8269
4423	5468	5538	8270	6531	8418
4567	5959	5271	6875	8419	6402
4480	5355	5260	8420	8373	8322
4481	5261	5356	8321	8378	8421
4536	5350	5648	8422	8423	8424
4674	6049	5518	6317	8425	8426
4516	5994	5281	8427	8428	6319
4835	5082	5975	7822	7368	8429
4836	5976	5083	8430	7369	7823
4616	5073	5118	8431	8091	8432
4825	5201	5926	8433	8434	8435
4826	5927	5202	8436	8437	8438
218	219	5074	261	8439	8440
4488	5210	5962	6410	8105	8441
4487	5963	5211	8442	8106	6409
4951	5798	5541	8443	8444	7485
56	57	5077	99	8445	8446
4656	5307	5404	8447	8398	8448
4657	5405	5308	8449	8399	8450
4658	5408	5309	8451	8409	8452
4659	5310	5409	8453	8412	8454
5025	5943	5329	8305	8455	7677
5026	5330	5942	7678	8456	8306
4914	5704	5431	6749	7075	6661
4628	5033	5294	8457	8458	8459
4986	5006	6007	6375	8460	8461
4987	6008	5007	8462	8463	6376
17	18	5322	37	6314	8464
4527	6013	4977	8465	8466	8365
4528	4978	6014	8366	8467	8468
4619	5029	5491	8469	8470	8471
4620	5492	5030	8472	8473	8474
4585	5051	5472	8475	8476	7624
4593	6123	5594	8477	8478	8386
4590	4981	5480	7543	8479	8480
4586	5474	5052	7653	8481	8482
4628	4985	5732	8483	8484	8485
4979	5936	5429	8486	8143	8487
4980	5430	5937	8488	8146	8489
2	5008	5378	6448	8490	8491
5	5379	5009	8492	8493	6449
391	5268	4995	8494	8495	7035
4982	5980	5533	8496	8497	8498
4650	4969	5331	8230	6453	8499
4649	5332	4970	8500	6456	8225
4417	5055	5250	8501	8061	8502
4888	5281	5994	8503	8428	8504
4628	5912	4985	8505	8506	8483
4556	4986	6007	8507	8461	8508
4557	6008	4987	8509	8462	8510
4460	5159	6094	8511	8512	7605
148	149	5506	168	8513	8337
154	155	5096	174	8514	8515
4465	5392	6002	8516	8517	8518
4467	6003	5393	8519	8520	8521
4404	6140	5108	8522	8523	7102
4403	5107	6141	7105	8524	8525
395	5820	5125	8526	8527	7779
344	5126	5821	7782	8528	8529
5920	200	201	8149	243	8121
74	75	5919	117	8151	8120
4588	4983	5672	8361	8530	8531
4589	5673	4984	8532	8533	8362
348	4998	5274	7053	8534	8535
4650	5427	5155	8536	8537	8538
4649	5154	5426	8539	8540	8541
264	5440	265	8542	7686	274
4681	4957	5402	8543	8544	7833
4682	5403	4958	7838	8545	8546
316	5134	5975	7963	8547	8548
423	5976	5135	8549	8550	7964
5073	5301	6125	8551	8552	8553
4673	5255	5282	8554	8555	8556
4929	5931	5170	7756	8115	8557
319	5394	4979	8558	8559	6861
420	4980	5395	6864	8560	8561
21	22	5111	41	8562	8563
4617	4994	5287	7815	8564	7288
4569	5198	5023	8565	8566	7469
5246	6237	6045	8567	8568	8569
5247	6046	6238	8570	8571	8572
4625	5121	5159	8573	8574	8575
4493	5100	5570	7991	8576	8577
4489	5027	5364	8578	8178	6539
4490	5365	5028	6542	8181	8579
4777	5363	5198	8580	7405	8581
4581	5210	5037	8582	7999	8156
4582	5038	5211	8159	7998	8583
4518	5664	5930	8584	8585	8586
4608	5073	6125	8092	8553	8587
11	55	5563	97	8588	8589
10	5564	220	8590	8591	263
4636	6136	5201	7396	8592	8593
4637	5202	6137	8594	8595	7397
4499	5243	5138	8596	8597	8598
4500	5139	5244	8599	8600	8601
4772	5097	5777	8602	6873	8603
4461	5576	5518	6831	7725	8604
4555	6050	5031	8605	8382	8208
4456	5271	5032	8606	8607	6961
4410	6183	5039	8340	8608	6794
4621	4989	5919	6665	7448	8609
4622	5920	4990	8610	7451	6666
4634	5134	5253	8611	6905	8612
4635	5254	5135	8613	6908	8614
320	4979	5429	6862	8487	8615
419	5430	4980	8616	8488	6863
4604	5034	5217	7733	6292	8617
4921	5648	5350	8618	8423	8619
5031	6186	5769	8620	8621	8209
11	5563	34	8589	8622	54
10	16	5564	35	8623	8590
4746	5206	5798	7890	8624	8625
4764	5205	5631	8626	6980	8627
4506	5561	6177	8628	6700	8629
4505	6176	5560	8630	6697	8631
4440	5778	5057	8632	7302	6467
4609	6173	5098	8633	8634	8635
4610	5099	6174	8636	8637	8638
4450	4983	5311	8639	8360	8308
4452	5312	4984	8313	8363	8640
4969	6066	5383	8641	8642	7402
4970	5384	6067	7403	8643	8644
4441	5064	5779	6488	7316	8645
4866	5039	6183	8646	8608	8647
4629	5737	5279	6998	8648	7208
4630	5280	5738	7211	8649	6999
4760	5462	5444	8650	8651	8652
4761	5445	5461	8653	8654	8655
5100	6052	5570	7478	8656	8576
4531	5740	4934	8657	8658	8259
4532	4935	5741	8264	8659	8660
4766	5643	5214	8661	6983	8662
4965	5402	6218	7834	8663	8664
4966	6219	5403	8665	8666	7837
4644	4988	5413	8667	8355	8668
4775	5426	5154	6288	8540	8669
4776	5155	5427	8670	8537	6283
4609	4979	5394	8671	8559	8672
4610	5395	4980	8673	8560	8674
4594	5039	5648	8176	8675	8676
4521	5758	5626	8677	8678	7519
5012	6154	5521	8679	8680	7948
5013	5522	6155	7950	8681	8682
4681	6241	5101	8079	8683	8684
4682	5102	6242	8685	8686	8080
4743	5731	5953	8687	7192	8688
4644	5595	4988	8689	8690	8667
4455	5245	5912	8691	8692	8693
4867	5536	6214	8254	8694	8695
4988	5595	4552	8690	8133	8696
4456	6069	5121	8697	8698	8063
4858	5029	6151	6588	8699	8700
4860	6152	5030	8701	8702	6589
4704	5694	4999	8703	8704	7463
4705	5000	5695	7468	8705	8706
4673	4938	5473	8707	8089	7037
4771	5321	5318	8708	8709	8710
4762	5705	4967	8711	8712	6972
4763	4968	5706	6975	8713	8714
4664	5060	5514	8715	8716	8717
4665	5515	5061	8718	8719	8720
4564	5509	5149	6882	8721	7600
4746	5798	4951	8625	8443	6620
4711	5687	5016	7084	8722	8723
4743	4947	5731	6534	8724	8687
5023	6164	5522	8725	8726	7981
321	5429	5037	8727	8157	6406
418	5038	5430	6405	8158	8728
4594	5648	5933	8676	8729	8730
4925	6088	5598	8731	6865	8732
4926	5599	6089	8733	6868	8734
4579	6054	5116	8735	8736	6386
4578	5115	6053	6385	8737	8738
4458	6208	5200	7864	8739	8740
4493	6206	5890	8741	8742	8743
4597	5090	5516	7250	8744	6949
4598	5517	5091	6954	8745	7251
4457	5301	5073	8746	8551	8747
5003	6002	5392	8748	8517	8242
5004	5393	6003	8245	8520	8749
4511	5533	5980	8750	8497	8751
4416	5334	5733	8752	8753	8122
4652	5791	5283	8754	8755	8756
4653	5284	5792	8757	8758	8759
4729	4999	5775	6834	8760	8761
4730	5776	5000	8762	8763	6835
6118	4988	4552	8764	8696	7231
5077	5818	5590	8288	8765	8766
266	5262	267	8767	7773	276
4512	5541	5798	8768	8444	8769
5122	5818	5693	8770	8771	8772
4889	5350	5995	8773	7423	7179
5734	4478	5840	8774	8775	8776
5735	5841	4479	8777	8778	8779
4406	5926	5201	8780	8434	8781
4408	5202	5927	8782	8437	8783
202	5327	4990	8784	8297	7450
73	4989	5326	7449	8296	8785
5071	6220	5603	7573	8413	8786
5072	5604	6221	8787	8416	7572
26	5149	6063	8788	8789	8790
289	5161	290	8791	8792	299
484	485	5162	494	8793	8794
4644	5413	5723	8668	8795	7188
4629	5433	5014	8796	8797	6885
4631	5159	5121	8798	8574	8799
4458	5692	4920	7207	8800	7862
4688	5872	5742	8801	8802	8803
4689	5743	5873	8804	8805	8806
4509	5466	5053	8807	8808	8809
4681	6035	4957	8810	8811	8543
4682	4958	6036	8546	8812	8813
4651	5508	5111	8814	8815	8816
4668	5344	5271	8817	6403	8818
4673	5570	4938	8819	8820	8707
4623	5034	5697	6293	8821	8822
4703	5645	5015	8823	8824	8825
4616	5367	5073	7610	8826	8431
4493	5282	6206	8827	8828	8741
4575	6170	5042	8829	8830	6324
4574	5041	6169	6329	8831	8832
68	5571	5048	8833	8834	8835
207	5047	5572	8836	8837	8838
4489	5246	6045	6519	8569	8839
4490	6046	5247	8840	8570	6520
4789	5967	5111	8841	8842	8843
6128	4649	5426	8844	8541	8845
6129	5427	4650	8846	8536	8847
4583	5550	5893	8848	8849	8850
4584	5894	5549	8851	8852	8853
4837	6185	5165	8854	8855	7517
4628	5294	5148	8459	7115	8856
5032	5271	5959	8607	8419	8055
21	5111	5967	8563	8842	8857
4909	5206	6072	8858	7889	8859
4556	6090	4986	7627	8860	8507
4557	4987	6091	8510	8861	7628
392	4995	5472	7036	7330	8862
4675	5507	5187	8863	8864	7839
4597	5225	5092	8865	7662	8866
4598	5093	5226	8867	7665	8868
4609	5936	4979	8869	8486	8671
4610	4980	5937	8674	8489	8870
4634	5336	5296	8871	8872	8873
4635	5297	5337	8874	8875	8876
4459	5286	5020	8877	8335	6365
398	5021	5385	7561	8878	8879
341	5386	5022	8880	8881	7562
4638	5398	5269	7916	8882	7749
4639	5270	5399	7754	8883	7917
4531	5812	5292	8884	8885	6964
4532	5293	5813	6969	8886	8887
347	5474	4998	8888	7385	7052
4561	5480	4981	6929	8479	6970
4688	5378	5008	8889	8490	7953
4689	5009	5379	7956	8493	8890
4600	5043	5288	6789	7619	6784
4601	5289	5044	6785	7622	6790
4585	5246	5051	8891	8285	8475
4586	5052	5247	8482	8286	8892
4447	5075	5715	7095	8893	7414
4448	5716	5076	7417	8894	7096
268	4997	5432	7069	8895	8896
4583	5058	5550	6814	6509	8848
4584	5549	5059	8853	6508	6815
4888	5994	5352	8504	7550	8897
4633	6084	5991	8898	8899	8900
4632	5990	6085	8901	8902	8903
393	5472	5051	8904	8476	6429
4640	5487	5103	8256	8905	6476
4641	5104	5488	6481	8906	8257
5215	5894	5261	8907	8908	8320
5216	5260	5893	8323	8909	8910
5168	6019	6133	8911	8912	8913
5169	6134	6020	8914	8915	8916
346	5052	5474	6432	8481	8917
69	70	5095	112	8918	8919
205	206	5094	248	8920	8921
4739	5640	4996	7778	8922	8923
4611	5213	5609	8924	8925	6792
4708	5017	5651	8926	8927	8928
323	5154	324	8929	8930	363
415	5155	416	8931	8932	455
4703	5015	5652	8825	8933	8934
397	5406	5021	8935	8936	7560
342	5022	5407	7563	8937	8938
90	91	5574	133	8939	7647
184	185	5573	227	7652	8940
312	5258	313	8941	8942	352
426	5259	427	8943	8944	466
4518	5930	5368	8586	8945	8946
4759	5898	5011	8947	8948	7977
4455	5213	5245	8949	8950	8691
4660	5125	5364	8951	8952	8177
4662	5365	5126	8182	8953	8954
4409	5056	6153	7266	8955	8956
4510	5318	5321	8957	8709	6549
4449	4999	5694	8958	8704	8959
4451	5695	5000	8960	8705	8961
4509	5053	5489	8809	8962	8963
4420	5470	5459	8964	7319	7704
4421	5460	5471	7705	7322	8965
4706	5363	5613	8966	8967	8389
189	5172	5772	8291	8968	8969
86	5771	5171	8970	8971	8292
4602	5001	5329	7635	7934	8972
4603	5330	5002	8973	7935	7636
4896	6189	5341	8276	8974	6576
4723	5080	5292	8975	7379	8976
4724	5293	5081	8977	7380	8978
4628	5148	5040	8856	8318	8979
4957	5098	6173	8980	8634	8981
4958	6174	5099	8982	8637	8983
4676	5415	6073	8984	7639	8985
4677	6074	5416	8986	7640	8987
19	20	5204	39	8988	8989
4556	5709	5025	8990	8043	7676
4557	5026	5710	7679	8046	8991
4889	5345	5277	7181	8992	7383
5300	5859	5544	8993	8994	8401
4527	4971	5983	7049	8995	8996
4528	5984	4972	8997	8998	7050
4478	5336	5840	8999	9000	8775
4479	5841	5337	8778	9001	9002
4553	5815	5035	9003	9004	7006
5175	6108	5527	9005	9006	9007
5176	5528	6109	9008	9009	9010
4848	5321	5933	6550	9011	9012
4456	5294	6069	7116	9013	8697
4609	5082	5238	9014	7821	9015
4610	5239	5083	9016	7824	9017
4690	5324	5012	9018	9019	7947
4691	5013	5325	7951	9020	9021
191	4973	5478	7343	7987	9022
84	5477	4974	9023	7988	7344
4865	6153	5056	9024	8955	9025
4483	5666	5320	9026	8051	9027
4482	5319	5667	9028	8054	9029
32	5016	5687	7673	8722	9030
4748	5149	5509	9031	8721	9032
4830	5575	5031	9033	7591	8381
4744	5531	5557	9034	9035	9036
207	5745	5047	9037	9038	8836
68	5048	5744	8835	9039	9040
4915	5557	5531	8049	9035	9041
4443	5043	5805	7620	8371	7855
4444	5806	5044	7858	8372	7621
4993	5730	5887	8356	9042	9043
4442	5380	5050	9044	9045	8239
4884	5243	5891	9046	9047	9048
4885	5892	5244	9049	9050	9051
313	5258	5751	8942	9052	9053
426	5752	5259	9054	9055	8943
4996	5640	6048	8922	9056	9057
4708	5668	5017	9058	9059	8926
4553	5677	5112	9060	7339	9061
4449	5523	5157	9062	9063	9064
4451	5158	5524	9065	9066	9067
4631	5140	6094	6364	9068	9069
4919	5457	5925	7520	9070	8333
4660	5027	5690	8179	9071	9072
4662	5691	5028	9073	9074	8180
4501	5514	5060	9075	8716	6461
4502	5061	5515	6466	8719	9076
5177	5324	5904	9077	9078	9079
5178	5905	5325	9080	9081	9082
4804	6140	5303	9083	9084	8164
4803	5302	6141	8169	9085	9086
4615	5315	5094	9087	9088	9089
4614	5095	5314	9090	9091	9092
4680	5053	5466	7675	8808	9093
213	5627	5049	9094	9095	7979
4722	5693	5818	9096	8771	8287
4844	5042	6170	8204	8830	9097
4843	6169	5041	9098	8831	8201
4873	6189	5127	9099	8231	9100
4525	5658	5953	9101	9102	9103
4411	5266	5850	9104	7371	9105
4414	5851	5267	9106	7372	9107
318	5082	5394	7063	9108	9109
421	5395	5083	9110	9111	7064
4666	5263	5300	9112	9113	8040
4464	5417	5475	9114	8392	9115
4466	5476	5418	9116	8395	9117
4773	5592	5018	7576	9118	7706
4774	5019	5593	7711	9119	7577
4507	5711	6033	9120	7128	9121
4508	6034	5712	9122	7129	9123
4651	5282	5255	9124	8555	9125
4824	6231	5046	9126	9127	6514
4823	5045	6230	6513	9128	9129
4450	4991	5669	8310	9130	9131
4452	5670	4992	9132	9133	8311
4503	5402	5238	9134	9135	6596
4504	5239	5403	6601	9136	9137
4491	5855	5469	9138	9139	9140
4930	5742	5872	7786	8802	9141
4931	5873	5743	9142	8805	7787
4442	5479	5998	8241	9143	9144
4499	5891	5243	9145	9047	8596
4500	5244	5892	8601	9050	9146
4619	5504	5029	9147	9148	8469
4620	5030	5505	8474	9149	9150
4842	5490	5754	9151	6874	9152
62	5054	5635	8011	9153	9154
4913	5035	5733	6696	8123	9155
5183	6128	5426	9156	8845	9157
5184	5427	6129	9158	8846	9159
5020	6217	5727	8336	9160	9161
4652	5831	5675	9162	9163	9164
4653	5676	5832	9165	9166	9167
4571	5304	6052	9168	9169	7041
4772	5123	5199	9170	9171	6877
5986	4572	6230	9172	9173	9174
5987	6231	4573	9175	9176	9177
4652	5419	5831	6828	9178	9162
4653	5832	5420	9167	9179	6829
4471	5177	5904	9180	9079	9181
4472	5905	5178	9182	9080	9183
4569	5024	5842	8026	9184	9185
4554	5878	4993	9186	9187	7583
4457	5073	5367	8747	8826	6246
4985	5912	5245	8506	8692	6851
4469	5065	5660	9188	9189	9190
4468	5659	5066	9191	9192	9193
4613	5342	5087	9194	9195	6614
4612	5088	5343	6619	9196	9197
4747	5222	5507	9198	9199	9200
4462	5965	5415	9201	7632	9202
4463	5416	5966	9203	7633	9204
5005	5469	5855	9205	9139	9206
4772	5285	5097	7043	9207	8602
4529	6031	4963	9208	7757	7014
4530	4964	6032	7017	7760	9209
4711	6182	5010	9210	9211	7083
4704	5175	5527	9212	9007	9213
4705	5528	5176	9214	9008	9215
4667	5278	5024	9216	9217	9218
25	26	6063	45	8790	9219
4502	5515	6157	9076	7494	9220
4501	6156	5514	9221	7495	9075
4732	5887	5730	9222	9042	9223
4628	5732	5033	8485	7586	8457
4568	5012	5324	8067	9019	9224
4570	5325	5013	9225	9020	8068
4597	5784	5225	7090	9226	8865
4598	5226	5785	8868	9227	7091
4719	5773	5074	7897	9228	9229
4864	6047	6158	9230	9231	9232
4661	5021	5298	9233	9234	9235
4663	5299	5022	9236	9237	9238
68	69	5571	111	9239	8833
206	207	5572	249	8838	9240
4652	5535	5791	9241	9242	8754
4653	5792	5534	8759	9243	9244
4711	5016	5610	8723	9245	9246
4459	5118	5286	8218	9247	8877
30	5010	5391	6767	9248	9249
4503	6218	5402	9250	8663	9134
4504	5403	6219	9137	8666	9251
4660	5298	5021	9252	9234	9253
4662	5022	5299	9254	9237	9255
4719	5677	5015	7340	9256	7896
4711	5665	5347	9257	9258	9259
4604	5882	5608	9260	9261	9262
4872	6118	5340	9263	7230	9264
4684	6002	5003	9265	8748	9266
4685	5004	6003	9267	8749	9268
4460	5036	5328	6554	8192	9269
4722	5077	5774	8289	9270	7931
33	5762	5016	9271	9272	7672
4587	5050	6092	9273	9274	9275
4771	5318	5518	8710	9276	7724
216	5015	5645	7178	8824	9277
4680	5465	5145	9278	7730	9279
4572	5060	5580	6249	9280	9281
4573	5579	5061	9282	9283	6252
4607	5338	6222	7268	9284	9285
4606	6223	5339	9286	9287	7269
4558	5011	5443	7213	9288	9289
4923	5991	6084	9290	8899	9291
4922	6085	5990	9292	8902	9293
4604	5608	5056	9262	9294	7732
4725	5296	5336	9295	8872	9296
4726	5337	5297	9297	8875	9298
5045	5986	6230	9299	9174	9128
5046	6231	5987	9127	9175	9300
4625	5089	5333	9301	7401	9302
4469	5445	5065	9303	9304	9188
4468	5066	5444	9193	9305	9306
4650	5155	5436	8538	9307	8228
4649	5437	5154	8227	9308	8539
4997	5262	6166	7774	9309	9310
4608	5286	5118	9311	9247	8090
4494	5122	5887	9312	9313	9314
4450	5411	4983	7391	9315	8639
4452	4984	5412	8640	9316	7392
4850	5638	5266	7770	7255	6989
4851	5267	5639	6992	7258	7771
4664	5580	5060	9317	9280	8715
4665	5061	5579	8720	9283	9318
4633	5700	5421	9319	9320	9321
4546	5729	5047	9322	9323	9324
4545	5048	5728	9325	9326	9327
4720	5360	5194	7667	9328	9329
4721	5195	5361	9330	9331	7668
4632	5422	5701	9332	9333	9334
4614	5314	5828	9092	9335	9336
4615	5827	5315	9337	9338	9087
4660	5021	5406	9253	8936	9339
4662	5407	5022	9340	8937	9254
4722	5017	5693	7932	9341	9096
4617	4995	5268	9342	8495	7813
59	5651	5017	9343	8927	7220
4624	5199	5123	9344	9171	9345
4468	5444	5462	9306	8651	9346
4469	5461	5445	9347	8654	9303
4720	5157	5523	9348	9063	9349
4721	5524	5158	9350	9066	9351
4808	6161	5306	9352	9353	7870
4809	5305	6162	7875	9354	9355
4522	5727	6217	9356	9160	9357
4948	5626	5758	8207	8678	9358
4409	5697	5034	9359	8821	7264
4977	6013	5455	8466	9360	7499
4978	5456	6014	7502	9361	8467
4813	5581	5440	9362	7687	9363
4711	5610	5665	9246	9364	9257
4457	5278	5301	7162	9365	8746
4416	5035	5992	8124	9366	9367
4651	5111	5536	8816	9368	9369
4683	5489	5053	7729	8962	9370
4470	5217	5346	8020	6526	9371
5084	5863	5277	9372	9373	7982
406	5067	5510	8035	9374	9375
333	5511	5068	9376	9377	8036
405	5512	5067	9378	9379	8034
334	5068	5513	8037	9380	9381
7	6048	5640	9382	9056	9383
4707	5443	4982	9384	9385	6879
4553	5112	5815	9061	9386	9003
4541	5491	5029	6770	8470	6610
4542	5030	5492	6613	8473	6771
4835	5975	5134	8429	8547	9387
4836	5135	5976	9388	8550	8430
4576	6019	5168	6274	8911	9389
4577	5169	6020	9390	8916	6279
4651	5255	5508	9125	9391	8814
4973	6070	5075	9392	9393	6838
4974	5076	6071	6841	9394	9395
4684	5003	5529	9266	9396	9397
4685	5530	5004	9398	9399	9267
4905	5828	5314	9400	9335	7795
4906	5315	5827	7792	9338	9401
4991	6011	6103	9402	9403	9404
4992	6104	6012	9405	9406	9407
269	5432	5123	9408	9409	7347
4603	5477	5171	7989	9410	9411
4602	5172	5478	9412	9413	7986
4728	5660	5065	9414	9189	9415
4727	5066	5659	9416	9192	9417
4618	5274	4998	7869	8534	9418
5269	5398	5960	8882	9419	9420
5270	5961	5399	9421	9422	8883
4464	5085	5417	9423	9424	9114
4466	5418	5086	9117	9425	9426
4661	5385	5021	6763	8878	9233
4663	5022	5386	9238	8881	6764
4523	5036	5747	6332	9427	9428
4525	5953	5295	9103	9429	9430
4623	5697	5117	8822	7138	8118
4609	5394	5082	8672	9108	9014
4610	5083	5395	9017	9111	8673
218	5074	5773	8440	9228	9431
4789	5111	5508	8843	8815	9432
4868	5764	5387	7271	9433	9434
4869	5388	5765	9435	9436	7276
4884	5235	5243	7362	9437	9046
4885	5244	5236	9051	9438	7365
198	5062	5338	7723	9439	9440
77	5339	5063	9441	9442	7722
4764	5886	5049	9443	9444	9445
4667	5024	5644	9218	9446	9447
57	5774	5077	9448	9270	8445
4922	6119	5592	9449	9450	6629
4923	5593	6120	6632	9451	9452
4846	5603	5702	7295	8405	9453
4847	5703	5604	9454	8408	7290
4642	5179	5396	9455	9456	7973
4643	5397	5180	7976	9457	9458
4795	5295	6043	9459	9460	9461
4597	5092	5316	8866	7358	7248
4598	5317	5093	7253	7359	8867
4902	5897	6051	9462	9463	9464
4624	5432	4997	9465	8895	9466
4933	6094	5140	7606	9068	9467
4417	5605	5196	9468	7031	9469
4475	5187	5507	6930	8864	9470
4587	5209	5506	9471	8338	9472
4675	5245	5213	7840	8950	9473
4505	6171	5058	9474	9475	9476
4506	5059	6172	9477	9478	9479
4996	6048	5274	9057	9480	7868
4772	5777	5123	8603	8017	9170
4695	5047	5729	9481	9323	9482
4694	5728	5048	9483	9326	9484
4733	5020	5727	6689	9161	9485
4811	5666	5087	7996	7044	7849
4812	5088	5667	7848	7047	7993
18	19	5594	38	9486	6602
4595	5163	5303	6800	8165	9487
4596	5302	5164	9488	8168	6797
4402	6145	5045	9489	7876	6592
4401	5046	6146	6595	7881	9490
4631	6069	5033	9491	9492	6362
4757	5619	5755	9493	9494	9495
4766	5054	5888	9496	9497	9498
4475	5507	5222	9470	9199	7410
4619	5655	5504	9499	9500	9147
4620	5505	5656	9150	9501	9502
4618	5541	4996	7486	9503	7867
4591	5018	5843	7960	8314	9504
4592	5844	5019	9505	8317	7961
5001	5719	6090	8022	9506	7933
5002	6091	5720	7936	9507	8023
5062	6222	5338	9508	9284	9439
5063	5339	6223	9442	9287	9509
4595	5303	6029	9487	9510	9511
4596	6030	5302	9512	9513	9488
4808	5582	5062	7872	9514	7617
4809	5063	5583	7616	9515	7873
4426	5101	6241	6380	8683	9516
4427	6242	5102	9517	8686	6381
4907	6007	5006	9518	8460	8170
4908	5007	6008	8171	8463	9519
4587	6175	5050	9520	9521	9273
4638	5185	5962	9522	9523	7533
4639	5963	5186	7538	9524	9525
4489	5956	5027	9526	9527	8578
4490	5028	5957	8579	9528	9529
4895	5421	5700	9530	9320	8294
4994	5268	6057	7814	9531	9532
4894	5701	5422	8299	9333	9533
150	151	5220	170	9534	9535
4703	6060	5458	9536	9537	9538
4609	5098	5936	8635	9539	8869
4610	5937	5099	8870	9540	8636
4982	5533	5896	8498	9541	6265
4559	5721	5101	7594	9542	7182
4560	5102	5722	7187	9543	7595
4686	5707	5142	8009	9544	9545
4687	5141	5708	9546	9547	8006
4764	5049	5895	9445	9548	9549
4632	5115	5990	9550	9551	8901
4633	5991	5116	8900	9552	9553
4779	5125	5820	9554	8527	8070
4780	5821	5126	8073	8528	9555
4734	4994	5879	9556	9557	9558
4476	5300	5263	9559	9113	9560
4578	5275	5638	9561	9562	7769
4579	5639	5276	7772	9563	9564
155	5822	5096	9565	8284	8514
4418	5529	6210	9566	8279	9567
4419	6211	5530	9568	8282	9569
4546	5047	6197	9324	9570	9571
4545	6196	5048	9572	9573	9325
4866	5969	5039	9574	9575	8646
186	5835	5069	9576	9577	9578
89	5070	5834	9579	9580	9581
195	5343	5088	9582	9196	7957
80	5087	5342	7958	9195	9583
4496	5387	5764	7325	9433	9584
4497	5765	5388	9585	9436	7326
4505	5058	5481	9476	6813	9586
4506	5482	5059	9587	6816	9477
4585	5847	5057	7623	9588	6826
4460	5328	5159	9269	9589	8511
4708	5493	6110	9590	9591	9592
4409	5918	5697	9593	6977	9359
4590	5097	5285	7546	9207	9594
4625	5333	5121	9302	8111	8573
4562	5376	5947	7714	9595	9596
4563	5948	5377	9597	9598	7715
4551	6189	5837	8232	8275	9599
5157	5672	5775	9600	9601	9602
5158	5776	5673	9603	9604	9605
4472	5644	5024	9606	9446	8350
4717	5808	5107	9607	9608	7682
4716	5108	5807	7681	9609	9610
4464	5661	5085	9611	9612	9423
4466	5086	5662	9426	9613	9614
4697	5553	6031	9615	7758	9616
4698	6032	5554	9617	7759	9618
4628	5040	5912	8979	9619	8505
4470	6186	5031	9620	8620	7590
4586	5064	5849	6843	9621	7654
4644	6122	5240	7671	9622	9623
4795	6043	5864	9461	9624	9625
4766	5908	5054	9626	9627	9496
4742	5664	5642	9628	9629	9630
4678	5698	5146	9631	9632	9633
4679	5147	5699	9634	9635	9636
4605	6166	5262	9637	9309	9638
4507	5090	5711	9639	7354	9120
4508	5712	5091	9123	7355	9640
4788	5696	5219	9641	9642	9643
4985	5152	5732	7895	7952	8484
4792	5455	5514	9644	9645	7474
4793	5515	5456	7473	9646	9647
4910	6029	5303	9648	9510	7197
4911	5302	6030	7200	9513	9649
4494	5887	5665	9314	9650	9651
4411	5194	5360	9652	9328	9653
4414	5361	5195	9654	9331	9655
4921	5933	5648	9656	8729	8618
4870	5962	6194	7534	8104	9657
4871	6195	5963	9658	8107	7537
205	5094	5315	8921	9088	9659
70	5314	5095	9660	9091	8918
4507	6133	5090	9661	9662	9639
4508	5091	6134	9640	9663	9664
4753	5231	5475	9665	9666	8391
4754	5476	5232	8396	9667	9668
4740	5747	5036	9669	9427	6915
4720	5523	5119	9349	7939	7666
4721	5120	5524	7669	7942	9350
65	66	5761	108	6270	6669
209	210	5760	252	6672	6910
4469	5331	5461	9670	7059	9347
4468	5462	5332	9346	7060	9671
4991	5311	6011	8309	9672	9402
4992	6012	5312	9407	9673	8312
4625	5159	5328	8575	9589	9674
4619	5491	5865	8471	9675	9676
4620	5866	5492	9677	9678	8472
4415	5160	5946	9679	9680	8000
5238	5402	6173	9135	9681	9682
5239	6174	5403	9683	9684	9136
272	5097	5766	6472	7545	9685
4788	5684	5696	9686	9687	9641
4947	5287	5731	7289	9688	8724
4449	5775	4999	9689	8760	8958
4451	5000	5776	8961	8763	9690
5194	6077	6011	9691	9692	9693
5195	6012	6078	9694	9695	9696
4666	5520	5263	9697	9698	9112
4642	6075	5179	9699	9700	9455
4643	5180	6076	9458	9701	9702
4960	5537	5907	8326	9703	9704
4959	5906	5538	9705	9706	8327
4967	5861	5596	8347	9707	8367
4968	5597	5862	8370	9708	8348
4757	5755	5219	9495	9709	9710
150	5220	6006	9535	9711	9712
4617	5057	5847	6470	9588	9713
214	215	5221	257	9714	9715
4852	6006	5220	9716	9711	9717
4815	6114	5113	9718	9719	9720
4814	5114	6113	9721	9722	9723
4696	5605	5250	7820	9724	6912
4956	5893	5550	9725	8849	9726
4955	5549	5894	9727	8852	9728
5141	5807	5708	9729	9730	9547
5142	5707	5808	9544	9731	9732
4687	5065	5445	6349	9304	9733
4686	5444	5066	9734	9305	6350
60	61	5237	103	9735	9736
4755	5233	5448	9737	9738	9739
4756	5449	5234	9740	9741	9742
4961	5981	5713	9743	9744	9745
4962	5714	5982	9746	9747	9748
4785	5751	5258	9749	9052	9750
4786	5259	5752	9751	9055	9752
4734	5860	4994	9753	9754	9556
4668	6001	5344	9755	9756	8817
4664	5514	5455	8717	9645	9757
4665	5456	5515	9758	9646	8718
4652	5283	5850	8756	9759	6491
4653	5851	5284	6492	9760	8757
4882	5305	5356	7892	9761	6985
4883	5355	5306	6988	9762	7893
5652	6060	4703	9763	9536	8934
4640	5207	6045	9764	9765	7763
4641	6046	5208	7768	9766	9767
4843	5058	6171	6510	9475	9768
4844	6172	5059	9769	9478	6507
4723	5823	5080	9770	9771	8975
4724	5081	5824	8978	9772	9773
4736	5970	5205	9774	7531	9775
4617	5847	4995	9713	7328	9342
4525	5295	5628	9430	9776	9777
4554	5122	5693	7585	8772	9778
4694	5048	5571	9484	8834	9779
4695	5572	5047	9780	8837	9481
4476	5263	5362	9560	9781	9782
4938	6052	5304	9783	9169	7553
4618	5849	5064	9784	9621	6570
4735	5214	5972	9785	7540	9786
4716	5801	5078	9787	9788	7680
4717	5079	5802	7683	9789	9790
213	6096	5627	9791	9792	9094
4916	6064	5343	9793	9794	7923
4917	5342	6065	7926	9795	9796
4624	4997	6166	9466	9310	9797
5668	4708	6110	9058	9592	9798
153	5567	5557	9799	9800	9801
207	208	5745	250	6259	9037
67	68	5744	110	9040	7228
4403	5113	6114	6659	9719	7104
4404	6113	5114	7103	9722	6654
4760	5241	5462	9802	9803	8650
4761	5461	5242	8655	9804	9805
4779	5364	5125	6540	8952	9554
4780	5126	5365	9555	8953	6541
4742	5357	5664	9806	9807	9628
62	5635	6121	9154	9808	9809
4799	5638	5275	7256	9562	9810
4800	5276	5639	9811	9563	7257
4814	5481	5114	9812	6683	9721
4815	5113	5482	9720	6686	9813
4953	5470	5928	9814	9815	9816
4954	5929	5471	9817	9818	9819
146	147	5223	166	9820	9821
4920	5199	6208	7297	9822	7863
4432	5483	5136	7798	9823	9824
4433	5137	5484	9825	9826	7799
142	143	5413	162	9827	8354
4618	4998	5849	9418	7387	9784
4594	5933	5321	8730	9011	9828
4898	5389	5856	9829	9830	9831
4899	5857	5390	9832	9833	9834
4432	5141	5494	9835	9836	8155
4433	5495	5142	8154	9837	9838
4678	5417	5085	9839	9424	9840
4679	5086	5418	9841	9425	9842
4481	5356	5305	8421	9761	8095
4480	5306	5355	8094	9762	8420
22	5536	5111	9843	9368	8562
4482	5453	5225	9844	8248	9845
4483	5226	5454	9846	8251	9847
4527	5374	6013	9848	9849	8465
4528	6014	5375	8468	9850	9851
4470	5224	5531	9852	9853	9854
4695	5768	5094	9855	9856	9857
4694	5095	5767	9858	9859	9860
4714	5085	5661	9861	9612	9862
4715	5662	5086	9863	9613	9864
396	5125	5406	7780	9865	9866
343	5407	5126	9867	9868	7781
4647	5119	5764	7429	9869	7273
4648	5765	5120	7274	9870	7430
4619	5865	5411	9676	9871	9872
4620	5412	5866	9873	9874	9677
4495	5602	5568	7697	6894	9875
4673	5452	5255	7233	9876	8554
213	214	6096	256	9877	9791
4625	6226	5089	9878	9879	9301
4471	5124	5344	9880	6357	9881
61	62	6121	104	9809	9882
4751	5392	5539	9883	9884	9885
4752	5540	5393	9886	9887	9888
390	5268	391	9889	8494	430
4615	5094	5768	9089	9856	9890
4614	5767	5095	9891	9859	9090
4647	5266	5360	6990	9892	7427
4648	5361	5267	7432	9893	6991
4642	5258	6075	9894	9895	9699
4643	6076	5259	9702	9896	9897
4568	5324	5177	9224	9077	6701
4570	5178	5325	6704	9082	9225
4902	6051	5414	9464	9898	9899
4519	5856	5389	9900	9830	9901
4520	5390	5857	9902	9833	9903
4692	5547	6210	9904	9905	9906
4693	6211	5548	9907	9908	9909
4687	5494	5141	9910	9836	9546
4686	5142	5495	9545	9837	9911
4692	6210	5740	9906	9912	9913
4693	5741	6211	9914	9915	9907
212	5049	5886	7980	9444	9916
348	5274	349	8535	9917	388
287	5132	5724	9918	9919	9920
482	5725	5133	9921	9922	9923
4676	5136	5483	9924	9823	9925
4677	5484	5137	9926	9826	9927
289	5424	5161	9928	9929	8791
484	5162	5425	8794	9930	9931
4729	5775	5672	8761	9601	9932
4730	5673	5776	9933	9604	8762
4912	5608	5882	8404	9261	9934
5182	6172	6170	9935	9936	9937
5181	6169	6171	9938	9939	9940
4579	5276	5749	9564	9941	9942
4983	5411	5865	9315	9871	9943
4984	5866	5412	9944	9874	9316
4578	5753	5275	9945	9946	9561
210	211	5290	253	9947	6622
182	183	5279	225	9948	9949
92	93	5280	135	9950	9951
64	65	5291	107	6627	9952
4841	6020	6134	9953	8915	9954
4840	6133	6019	9955	8912	9956
4614	5243	5235	9957	9437	9958
4615	5236	5244	9959	9438	9960
4838	5175	5545	9961	9962	9963
4839	5546	5176	9964	9965	9966
4656	5542	5227	9967	9968	6917
4657	5228	5543	6922	9969	9970
4658	5229	5539	6933	9971	9972
4659	5540	5230	9973	9974	6934
4426	5175	5577	9975	9976	6378
4427	5578	5176	6383	9977	9978
63	5888	5054	9979	9497	8010
4719	5074	5602	9229	6993	6638
4848	5630	5240	9980	9981	6883
4434	5485	5146	7865	9982	9983
4435	5147	5486	9984	9985	7866
4434	5150	5450	9986	9987	7655
4435	5451	5151	7658	9988	9989
4840	5090	6133	9990	9662	9955
4841	6134	5091	9954	9663	9991
4514	5527	6108	7690	9006	9992
4515	6109	5528	9993	9009	7691
4807	5286	6124	7861	9994	9995
4714	5470	5085	7320	9996	9861
4715	5086	5471	9864	9997	7321
4422	5907	5537	9998	9703	8417
4423	5538	5906	8418	9706	9999
4816	5316	6111	10000	7937	10001
4817	6112	5317	10002	7938	10003
4499	5138	5633	8598	6958	8027
4500	5634	5139	8030	6959	8599
19	5204	5594	8989	8387	9486
4918	5197	5763	10004	10005	10006
4712	5077	5590	10007	8766	10008
4634	5558	5134	10009	10010	8611
4635	5135	5559	8614	10011	10012
4795	5628	5295	10013	9776	9459
4714	5661	5027	9862	10014	10015
4715	5028	5662	10016	10017	9863
4535	6158	6047	10018	9231	10019
4810	6184	5212	10020	10021	6709
5146	5698	5823	9632	10022	10023
5147	5824	5699	10024	10025	9635
4733	5221	5351	10026	10027	6688
4453	5018	6119	8315	10028	10029
4454	6120	5019	10030	10031	8316
318	5394	319	9109	8558	358
420	5395	421	8561	9110	460
4668	5968	6001	6869	10032	9755
4714	5027	5956	10015	9527	10033
4715	5957	5028	10034	9528	10016
4678	5146	5485	9633	9982	10035
4679	5486	5147	10036	9985	9634
287	6099	5132	10037	10038	9918
482	5133	6100	9923	10039	10040
4565	5109	5611	6582	7967	10041
4566	5612	5110	10042	7970	6583
4749	5542	5415	10043	10044	10045
4750	5416	5543	10046	10047	10048
4671	5450	5150	10049	9987	10050
4672	5151	5451	10051	9988	10052
4728	5065	5538	9415	8328	6530
4727	5537	5066	6529	8325	9416
4920	5692	5797	8800	10053	7296
290	5161	5565	8792	10054	10055
485	5566	5162	10056	10057	8793
4624	5123	5432	9345	9409	9465
4695	5094	5572	9857	10058	9780
4694	5571	5095	9779	10059	9858
4613	6065	5342	10060	9795	9194
4612	5343	6064	9197	9794	10061
28	29	6098	48	10062	10063
4461	6049	5156	10064	10065	10066
320	5429	321	8615	8727	360
418	5430	419	8728	8616	458
4555	5769	5096	8210	10067	7603
4749	5415	5483	10045	10068	7455
4750	5484	5416	7460	10069	10046
4593	5591	5193	7024	10070	10071
4651	5536	6206	9369	8253	10072
4751	5450	5392	7335	10073	9883
4752	5393	5451	9888	10074	7336
4496	5764	5119	9584	9869	6339
4497	5120	5765	6344	9870	9585
4753	5417	5485	8393	10075	7523
4754	5486	5418	7528	10076	8394
4688	5742	5378	8803	10077	8889
4689	5379	5743	8890	10078	8804
4453	5990	5115	10079	9551	6294
4454	5116	5991	6299	9552	10080
4784	5290	5631	6623	10081	10082
4709	5005	5855	7034	9206	10083
4799	5275	5419	9810	10084	6827
4800	5420	5276	6830	10085	9811
204	205	5315	247	9659	7791
70	71	5314	113	7796	9660
26	5410	5149	10086	8109	8788
4783	5643	5291	10087	10088	6626
4703	5351	5221	10089	10027	10090
4417	5958	5055	10091	10092	8501
4476	5362	5357	9782	10093	10094
5003	6055	5529	8243	8329	9396
5004	5530	6056	9399	8332	8244
4769	5408	5782	8410	6605	10095
4770	5783	5409	10096	6608	8411
4760	5444	5495	8652	10097	7803
4761	5494	5445	7808	10098	8653
4822	6226	5328	10099	10100	8191
4888	5433	5281	10101	10102	8503
5156	6049	6093	10065	10103	10104
4666	5423	5520	6707	10105	9697
4713	5074	5794	6994	10106	10107
4629	5281	5433	6524	10102	8796
4477	5637	5219	10108	10109	10110
4712	5793	5077	10111	10112	10007
24	25	5674	44	10113	10114
4420	5928	5470	10115	9815	8964
4421	5471	5929	8965	9818	10116
4865	5056	5954	9025	10117	10118
4924	5863	5084	10119	9372	6760
186	5069	5688	9578	10120	10121
89	5689	5070	10122	10123	9579
4702	5362	5263	10124	9781	10125
4624	6208	5199	10126	9822	9344
4498	5731	5287	6996	9688	10127
323	5803	5154	10128	10129	8929
416	5155	5804	8932	10130	10131
392	5472	393	8862	8904	432
346	5474	347	8917	8888	386
268	5432	269	8896	9408	278
154	5096	5567	8515	10132	10133
4740	5370	5237	6916	10134	10135
4934	6055	5685	8330	10136	8260
4935	5686	6056	8263	10137	8331
4449	5157	5775	9064	9602	9689
4451	5776	5158	9690	9603	9065
69	5095	5571	8919	10059	9239
206	5572	5094	9240	10058	8920
4660	5406	5125	9339	9865	8951
4662	5126	5407	8954	9868	9340
415	5436	5155	10138	9307	8931
324	5154	5437	8930	9308	10139
4704	5577	5175	10140	9976	9212
4705	5176	5578	9215	9977	10141
4669	5624	5008	10142	7278	7373
4670	5009	5625	7376	7281	10143
4888	5985	5433	10144	10145	10101
4861	5224	5346	7174	10146	10147
4537	5713	5981	10148	9744	10149
4538	5982	5714	10150	9747	10151
4478	5872	5463	10152	10153	10154
4479	5464	5873	10155	10156	10157
4805	5891	5272	10158	10159	8098
4806	5273	5892	8099	10160	10161
4739	4996	5854	8923	10162	7693
4465	5539	5392	10163	9884	8516
4467	5393	5540	8521	9887	10164
4581	5936	5098	8144	9539	7841
4582	5099	5937	7846	9540	8145
4569	5814	5198	10165	10166	8565
4703	5221	5645	10090	10167	8823
5050	5380	6092	9045	10168	9274
145	5816	5197	10169	10170	10171
4509	5739	5466	10172	10173	8807
4470	5346	5224	9371	10146	9852
5107	5808	6017	9608	10174	10175
5108	6018	5807	10176	10177	9609
4708	5237	5370	10178	10134	10179
5016	5762	6068	9272	10180	10181
5222	6021	6010	10182	10183	10184
4861	5998	5479	10185	9143	7412
219	5794	5074	10186	10106	8439
4535	6047	5599	10019	6718	10187
56	5077	5793	8446	10112	10188
4574	6169	5181	8832	9938	10189
4575	5182	6170	10190	9937	8829
4842	5653	5490	10191	10192	9151
4890	5166	5679	7283	6821	6778
4891	5678	5167	6779	6822	7286
4599	5955	5220	10193	10194	7745
4828	5371	5657	10195	10196	10197
4674	5763	5197	10198	10005	10199
188	5772	5233	10200	10201	10202
87	5234	5771	10203	10204	10205
4449	5694	6235	8959	10206	10207
4451	6236	5695	10208	10209	8960
153	154	5567	173	10133	9799
4507	5606	5168	10210	10211	10212
4508	5169	5607	10213	10214	10215
4700	5171	5771	10216	8971	10217
4699	5772	5172	10218	8968	10219
4533	5598	6051	10220	6715	10221
4426	5545	5175	10222	9962	9975
4427	5176	5546	9978	9965	10223
5045	5272	5986	7878	10224	9299
5046	5987	5273	9300	10225	7879
4627	5839	6071	10226	10227	10228
4626	6070	5838	10229	10230	10231
77	78	5339	120	7747	9441
197	198	5338	240	9440	7748
4415	5700	5106	8295	10232	10233
4478	5400	5872	10234	10235	10152
4479	5873	5401	10157	10236	10237
4412	5105	5701	10238	10239	8298
4833	5585	5248	7222	10240	10241
4834	5249	5586	10242	10243	7227
186	187	5835	229	10244	9576
88	89	5834	131	9581	10245
414	5436	415	10246	10138	454
324	5437	325	10139	10247	364
4578	6053	5105	8738	10248	10249
4579	5106	6054	10250	10251	8735
4588	5194	6011	10252	9693	10253
4589	6012	5195	10254	9694	10255
4708	5651	5237	8928	10256	10178
28	6098	5335	10063	10257	10258
4683	5156	6092	10259	10260	10261
4488	5183	5426	6335	9157	6411
4487	5427	5184	6408	9158	6336
4820	6103	6011	10262	9403	10263
4821	6012	6104	10264	9406	10265
4881	6148	5280	10266	10267	7210
4880	5279	6147	7209	10268	10269
202	203	5327	245	10270	8784
72	73	5326	115	8785	10271
4667	5301	5278	10272	9365	9216
4472	5178	5421	9183	10273	10274
4471	5422	5177	10275	10276	9180
4656	5500	5307	8194	7555	8447
4657	5308	5501	8450	7558	8195
4535	5599	5551	10187	10277	10278
4646	5042	5997	6743	10279	10280
4645	5996	5041	10281	10282	6740
4658	5309	5502	8452	7567	8197
4659	5503	5310	8200	7570	8453
4472	5421	5644	10274	10283	9606
4696	5797	5692	10284	10053	7588
4450	5669	5235	9131	10285	7361
4452	5236	5670	7366	10286	9132
4667	5644	5946	9447	10287	10288
4805	5504	5655	10289	9500	10290
4806	5656	5505	10291	9501	10292
4886	6045	6237	7764	8568	10293
4887	6238	6046	10294	8571	7767
195	196	5343	238	7924	9582
79	80	5342	122	9583	7925
5276	5970	5749	10295	10296	9941
4767	5611	5404	10297	7828	8397
4768	5405	5612	8400	7831	10298
4877	5918	6153	10299	10300	10301
4807	5428	5736	10302	10303	10304
5275	5753	5972	9946	10305	10306
4462	5415	5542	9202	10044	10307
4463	5543	5416	10308	10047	9203
4681	5101	5721	8684	9542	10309
4682	5722	5102	10310	9543	8685
4522	5895	5727	10311	10312	9356
188	189	5772	231	8969	10200
86	87	5771	129	10205	8970
4852	5220	5955	9717	10194	10313
4503	5558	5296	7170	10314	10315
4504	5297	5559	10316	10317	7171
4916	5071	6064	6496	10318	9793
4917	6065	5072	9796	10319	6499
4757	5219	5637	9710	10109	10320
4536	5830	5350	10321	7809	8422
4630	5277	5345	7983	8992	7077
4868	5387	5843	9434	10322	7215
4869	5844	5388	7218	10323	9435
4683	5053	5748	9370	6574	10324
4539	6212	5823	10325	10326	10327
4540	5824	6213	10328	10329	10330
4801	5103	5811	8213	10331	10332
4737	5934	6106	10333	10334	10335
4738	6107	5935	10336	10337	10338
4802	5810	5104	10339	10340	8214
4744	5557	5567	9036	9800	10341
5080	5823	6212	9771	10326	10342
5081	6213	5824	10343	10329	9772
4712	6068	5762	10344	10180	10345
4676	5483	5415	9925	10068	8984
4677	5416	5484	8987	10069	9926
4591	5843	5387	9504	10322	10346
4592	5388	5844	10347	10323	9505
4678	5485	5417	10035	10075	9839
4679	5418	5486	9842	10076	10036
4411	5360	5266	9653	9892	9104
4414	5267	5361	9107	9893	9654
4671	5392	5450	8220	10073	10049
4672	5451	5393	10052	10074	8223
4464	5475	5298	9115	10348	10349
4466	5299	5476	10350	10351	9116
4524	6207	5117	8358	8119	6419
4412	5089	5726	7497	10352	10353
4873	5127	5940	9100	10354	10355
4828	5466	5739	10356	10173	10357
92	5280	6148	9951	10267	10358
183	6147	5279	10359	10268	9948
4438	6142	5433	10360	10361	10362
4686	5495	5444	9911	10097	9734
4687	5445	5494	9733	10098	9910
4835	5134	5558	9387	10010	7169
4836	5559	5135	7172	10011	9388
4785	5840	5253	10363	10364	10365
4786	5254	5841	10366	10367	10368
190	5478	5172	10369	9413	8290
85	5171	5477	8293	9410	10370
148	5209	5836	8339	10371	10372
5089	6226	5726	9879	10373	10352
4725	6130	6218	10374	10375	10376
4726	6219	6131	10377	10378	10379
4587	5506	6175	9472	10380	9520
4804	5163	6157	8166	10381	10382
4803	6156	5164	10383	10384	8167
4523	5747	5908	9428	10385	10386
4667	5946	5160	10288	9680	10387
5371	5988	5657	10388	10389	10196
4534	5352	5829	8174	7972	10390
5012	5132	6099	8066	10038	10391
5013	6100	5133	10392	10039	8069
4778	5335	5569	10393	10394	7507
4468	5332	6128	9671	10395	10396
4469	6129	5331	10397	10398	9670
4473	5251	5525	7134	10399	6558
4474	5526	5252	6563	10400	7135
2	5378	305	8491	10401	310
5	472	5379	477	10402	8492
4820	6011	6077	10263	9692	10403
4821	6078	6012	10404	9695	10264
26	27	5410	46	10405	10086
4656	5404	5542	8448	10406	9967
4657	5543	5405	9970	10407	8449
4658	5539	5408	9972	10408	8451
4659	5409	5540	8454	10409	9973
4702	5263	5520	10125	9698	10410
412	5383	413	10411	10412	452
326	5384	327	10413	10414	366
398	5385	399	8879	10415	438
340	5386	341	10416	8880	380
4564	6010	6021	7602	10183	6881
4622	5348	5920	10417	8150	8610
4621	5919	5349	8609	8153	10418
4512	5798	5206	8769	8624	10419
4775	5154	5803	8669	10129	7909
4776	5804	5155	7908	10130	8670
4756	5834	5910	10420	10421	10422
4755	5909	5835	10423	10424	10425
4742	5490	5653	10426	10192	10427
4790	5547	5560	10428	10429	6399
4791	5561	5548	6398	10430	10431
4667	5160	6125	10387	10432	10433
4624	6166	5200	9797	10434	10435
4537	6198	5801	10436	10437	10438
4538	5802	6199	10439	10440	10441
4491	5819	5153	7946	10442	10443
4840	6192	5090	10444	10445	9990
4841	5091	6193	9991	10446	10447
4846	5453	5264	10448	10449	7293
4847	5265	5454	7292	10450	10451
5078	5801	6198	9788	10437	10452
5079	6199	5802	10453	10440	9789
4485	5419	5275	10454	10084	10455
4486	5276	5420	10456	10085	10457
4909	5636	5206	10458	10459	8858
4692	5181	5560	10460	10461	10462
4693	5561	5182	10463	10464	10465
4822	5756	5446	7235	10466	10467
145	146	5816	165	10468	10169
4764	5290	5886	10469	10470	9443
4499	5272	5891	8028	10159	9145
4500	5892	5273	9146	10160	8029
4505	5560	5181	8631	10461	10471
4506	5182	5561	10472	10464	8628
4777	5198	5814	8581	10166	10473
5104	5810	5488	10340	10474	8906
4777	5533	5613	10475	10476	10477
4961	5713	6073	9745	10478	7120
4962	6074	5714	7125	10479	9746
4477	5369	5637	10480	10481	10108
5103	5487	5811	8905	10482	10331
157	5940	5127	10483	10354	7734
4502	6157	5163	9220	10381	10484
4501	5164	6156	10485	10384	9221
4725	6218	5296	10376	10486	9295
4726	5297	6219	9298	10487	10377
4456	6163	5271	8065	10488	8606
5069	5835	5909	9577	10424	10489
5070	5910	5834	10490	10421	9580
4638	5467	5185	7928	7160	9522
4639	5186	5468	9525	7161	7929
4864	5447	6047	10491	10492	9230
5224	6232	5531	10493	10494	9853
4766	5888	5291	9498	10495	10496
4458	5200	6009	8740	10497	7684
4797	5637	5369	10498	10481	10499
4993	5878	5140	9187	10500	7309
8	140	5845	159	6484	10501
9	5846	158	10502	10503	178
4634	5253	5840	8612	10364	10504
4635	5841	5254	10505	10367	8613
4938	5570	6052	8820	8656	9783
4661	5475	5231	10506	9666	6947
4663	5232	5476	6948	9667	10507
4634	5296	5558	8873	10314	10009
4635	5559	5297	10012	10317	8874
8	5845	96	10501	10508	139
9	179	5846	221	10509	10502
4655	5462	5241	7061	9803	7018
4654	5242	5461	7021	9804	7058
4918	5763	6122	10006	10510	7670
6	6165	5198	10511	10512	7404
4866	5551	5599	10513	10277	10514
4838	6108	5175	10515	9005	9961
4839	5176	6109	9966	9010	10516
4927	5624	6101	7349	10517	10518
4928	6102	5625	10519	10520	7352
4692	5560	5547	10462	10429	9904
4693	5548	5561	9909	10430	10463
215	5645	5221	10521	10167	9714
4849	6050	5759	10522	10523	10524
4736	5205	5736	9775	10525	10526
4699	5448	5233	8075	9738	10527
4700	5234	5449	10528	9741	8076
325	5437	6067	10247	10529	10530
414	6066	5436	10531	10532	10246
147	148	5836	167	10372	10533
4813	5750	5469	10534	10535	10536
4783	5831	5643	10537	10538	10087
4784	5631	5832	10082	10539	10540
152	153	5557	172	9801	8048
4571	5925	5304	8334	10541	9168
4718	5357	5362	10542	10093	10543
4828	5657	5465	10197	10544	10545
4827	5568	5322	10546	10547	6313
5014	5433	6142	8797	10361	10548
4697	5168	5606	10549	10211	10550
4698	5607	5169	10551	10214	10552
4627	5358	5839	10553	7643	10226
4626	5838	5359	10231	7646	10554
4565	5067	6058	10555	10556	10557
4566	6059	5068	10558	10559	10560
4747	6135	5055	10561	10562	10563
4636	5201	5389	8593	10564	10565
4637	5390	5202	10566	10567	8594
4993	5887	5122	9043	9313	7584
4432	5136	6116	9824	10568	10569
4433	6117	5137	10570	10571	9825
5049	5727	5895	10572	10312	9548
4495	6115	5112	10573	10574	7696
4735	5756	5214	10575	10576	9785
4438	5433	5985	10362	10145	10577
4747	5055	5958	10563	10092	10578
29	30	5391	49	9249	10579
60	5237	5651	9736	10256	10580
4477	5219	5696	10110	9642	10581
4558	5757	5170	10582	10583	8114
4749	5227	5542	10584	9968	10043
4750	5543	5228	10048	9969	10585
288	5424	289	10586	9928	298
483	484	5425	493	9931	10587
4436	5256	5960	10588	10589	10590
4437	5961	5257	10591	10592	10593
4747	6021	5222	10594	10182	9198
4751	5539	5229	9885	9971	10595
4752	5230	5540	10596	9974	9886
4478	5463	5622	10154	10597	10598
4479	5623	5464	10599	10600	10155
25	6063	5674	9219	10601	10113
181	182	5737	224	10602	7761
93	94	5738	136	7762	10603
4491	5153	5855	10443	10604	9138
4957	6239	5098	10605	10606	8980
4958	5099	6240	8983	10607	10608
266	5581	5262	10609	10610	8767
396	5406	397	9866	8935	436
342	5407	343	8938	9867	382
4765	5193	5591	10611	10070	10612
4410	5465	5657	7731	10544	8014
5054	5908	5747	9627	10385	10613
4529	6041	5372	10614	10615	10616
4530	5373	6042	10617	10618	10619
4462	5109	5965	7968	7637	9201
4463	5966	5110	9204	7638	7969
4543	6017	5808	10620	10174	10621
4544	5807	6018	10622	10177	10623
71	72	6087	114	10624	8205
203	204	6086	246	8206	10625
4590	5480	5190	8480	7247	7911
4473	5130	6233	6560	10626	10627
4474	6234	5131	10628	10629	6561
4739	5369	5423	8085	10630	7777
4898	5934	5389	10631	10632	9829
4899	5390	5935	9834	10633	10634
311	5179	6075	10635	9700	10636
428	6076	5180	10637	9701	10638
4927	6235	5694	10639	10206	10640
4928	5695	6236	10641	10209	10642
4910	5260	6029	7719	8375	9648
4911	6030	5261	9649	8376	7720
304	305	5742	309	10643	7785
471	5743	472	7788	10644	476
4640	5459	5207	7514	8301	9764
4641	5208	5460	9767	8302	7515
4718	5362	5556	10543	10645	10646
4678	5085	6159	9840	10647	10648
4679	6160	5086	10649	10650	9841
4683	5748	5156	10324	10651	10259
4676	5713	5136	10652	10653	9924
4677	5137	5714	9927	10654	10655
4432	6116	5141	10569	10656	9835
4433	5142	6117	9838	10657	10570
4665	5579	5375	9318	10658	10659
4664	5374	5580	10660	10661	9317
4741	5188	5781	7005	10662	10663
4737	5861	5130	10664	10665	6744
4738	5131	5862	6747	10666	10667
4825	6080	5201	10668	10669	8433
4826	5202	6081	8438	10670	10671
4673	5282	5570	8556	10672	8819
4725	5622	5545	10673	10674	10675
4726	5546	5623	10676	10677	10678
4773	5724	5132	10679	9919	7574
4774	5133	5725	7579	9922	10680
4759	5165	6082	7978	10681	10682
4674	5318	5763	10683	10684	10198
4434	6126	5150	10685	10686	9986
4435	5151	6127	9989	10687	10688
4434	5146	6126	9983	10689	10685
4435	6127	5147	10688	10690	9984
4701	5366	5519	10691	10692	10693
4838	5545	5622	9963	10674	10694
4839	5623	5546	10695	10677	9964
4661	5298	5475	9235	10348	10506
4663	5476	5299	10507	10351	9236
4484	5781	5188	7462	10662	10696
4602	5943	5172	10697	10698	9412
4603	5171	5942	9411	10699	10700
4671	5150	5685	10050	10701	10702
4672	5686	5151	10703	10704	10051
5180	5397	6244	9457	10705	10706
5179	6243	5396	10707	10708	9456
190	191	5478	233	9022	10369
84	85	5477	127	10370	9023
2	6022	5248	10709	10710	6446
5	5249	6023	6451	10711	10712
4807	5736	6217	10304	10713	7859
4690	5124	5904	7022	10714	10715
4484	5255	5452	10716	9876	7461
4482	5264	5453	10717	10449	9844
4483	5454	5265	9847	10450	10718
4491	5469	5750	9140	10535	7945
5033	6069	5294	9492	9013	8458
4789	5204	5967	10719	10720	8841
4511	5189	5613	10721	8390	10722
287	5724	288	9920	10723	297
482	483	5725	492	10724	9921
4675	5213	6061	9473	10725	10726
4710	5632	5650	10727	10728	10729
4468	6128	5659	10396	10730	9191
4469	5660	6129	9190	10731	10397
4674	5197	5816	10199	10170	10732
4813	5440	5750	9363	10733	10534
4895	5644	5421	10734	10283	9530
4455	5912	5040	8693	9619	6371
4461	5156	5748	10066	10651	6832
4512	5932	5854	10735	7694	10736
4565	5899	5067	10737	10738	10555
4566	5068	5900	10560	10739	10740
4874	5269	5960	7444	9420	10741
4875	5961	5270	10742	9421	7445
4512	5206	5932	10419	10743	10735
4925	5883	5829	10744	10745	10746
4926	5830	5884	10747	10748	10749
4913	5733	6044	9155	10750	7299
4723	5292	5812	8976	8885	10751
4724	5813	5293	10752	8886	8977
4565	5782	5191	10753	6858	6580
4566	5192	5783	6585	6859	10754
4744	5769	6186	10755	8621	10756
4915	6232	5788	10757	7581	8116
151	152	5788	171	8117	10758
4404	5303	6140	7198	9084	8522
4403	6141	5302	8525	9085	7199
4994	5860	5287	9754	10759	8564
4484	5508	5255	10760	9391	10716
4838	5622	5463	10694	10597	10761
4839	5464	5623	10762	10600	10695
4502	5163	5678	10484	6823	6464
4501	5679	5164	6463	6820	10485
4838	5463	5617	10761	10763	10764
4839	5618	5464	10765	10766	10762
4632	6053	5115	10767	8737	9550
4633	5116	6054	9553	8736	10768
5235	5669	5767	10285	10769	10770
5236	5768	5670	10771	10772	10286
4464	5298	5690	10349	10773	10774
4466	5691	5299	10775	10776	10350
4893	5551	6183	10777	10778	8341
4636	5525	5251	10779	10399	7611
4637	5252	5526	7614	10400	10780
4844	6170	6172	9097	9936	9769
4843	6171	6169	9768	9939	9098
4680	5145	6095	9279	10781	10782
4948	5758	5730	9358	10783	6345
4955	5894	5215	9728	8907	8125
4956	5216	5893	8128	8910	9725
4755	5448	6233	9739	10784	10785
4756	6234	5449	10786	10787	9740
4631	5121	6069	8799	8698	9491
4701	5654	5366	10788	10789	10691
4579	5749	5106	9942	10790	10250
4455	5609	5213	6781	8925	8949
4578	5105	5753	10249	10791	9945
4748	5890	5674	10792	10793	10794
4912	5911	5985	10795	10796	10797
4706	5750	5440	6418	10733	10798
4480	5216	5582	8324	10799	8093
4481	5583	5215	8096	10800	8319
5240	5630	6229	9981	10801	10802
4684	5191	6002	7086	10803	9265
4685	6003	5192	9268	10804	7087
400	5496	401	10805	10806	440
338	5497	339	10807	10808	378
410	5498	411	10809	10810	450
328	5499	329	10811	10812	368
4488	5962	5185	8441	9523	6333
4487	5186	5963	6338	9524	8442
4623	5917	5346	7802	10813	6525
4729	5672	5865	9932	10814	10815
4730	5866	5673	10816	10817	9933
286	6099	287	10818	10037	296
481	482	6100	491	10040	10819
284	5521	285	10820	10821	294
479	480	5522	489	10822	10823
4604	5217	5575	8617	8019	10824
4697	5938	5168	10825	10826	10549
4698	5169	5939	10552	10827	10828
4700	5942	5171	8307	10699	10216
4699	5172	5943	10219	10698	8304
406	5510	407	9375	6728	446
332	5511	333	6733	9376	372
404	5512	405	6736	9378	444
334	5513	335	9381	6737	374
211	5886	5290	10829	10470	9947
4533	5614	5598	10830	10831	10220
64	5291	5888	9952	10495	10832
4439	5277	5863	7384	9373	10833
311	6224	5179	10834	10835	10635
428	5180	6225	10638	10836	10837
4692	6004	5181	10838	10839	10460
4693	5182	6005	10465	10840	10841
4605	5469	6009	10842	10843	10844
4870	5620	5398	10845	10846	7915
4871	5399	5621	7918	10847	10848
6	478	6165	487	10849	10511
4983	5865	5672	9943	10814	8530
4984	5673	5866	8533	10817	9944
4544	5708	5807	10850	9730	10622
4543	5808	5707	10621	9731	10851
4415	5106	5989	10233	10852	10853
7	5640	5313	9383	7985	10854
4562	5130	5861	10855	10665	8346
4563	5862	5131	8349	10666	10856
89	90	5689	132	7649	10122
185	186	5688	228	10121	7650
4949	5372	6041	7261	10615	10857
4950	6042	5373	10858	10618	7262
4412	6000	5105	10859	10860	10238
4492	5212	6184	10861	10021	10862
4874	5960	5256	10741	10589	7167
4875	5257	5961	7168	10592	10742
4749	5173	6187	7457	10863	10864
4750	6188	5174	10865	10866	7458
4765	6115	5193	10867	10868	10611
4905	5138	5828	6674	10869	9400
4906	5827	5139	9401	10870	6677
4676	6073	5713	8985	10478	10652
4677	5714	6074	10655	10479	8986
390	6057	5268	10871	9531	9889
33	34	5762	53	10872	9271
4788	5650	5632	10873	10728	10874
4459	5351	5458	6367	10875	8082
2	291	6022	301	10876	10709
5	6023	486	10712	10877	496
4830	5882	5575	10878	10879	9033
4492	5797	5212	7148	10880	10861
4518	5368	5780	8946	10881	10882
4898	6106	5934	10883	10334	10631
4899	5935	6107	10634	10337	10884
4710	5371	5739	10885	10886	10887
4701	5323	5562	8005	10888	10889
4681	5256	6035	10890	10891	8810
4682	6036	5257	8813	10892	10893
4761	6190	5173	10894	10895	7806
4760	5174	6191	7805	10896	10897
4781	5553	5606	10898	10899	10900
4782	5607	5554	10901	10902	10903
4716	6116	5136	10904	10568	10905
4717	5137	6117	10906	10571	10907
4991	5728	5669	10908	10909	9130
4992	5670	5729	9133	10910	10911
4587	6093	5209	10912	10913	9471
4748	6063	5149	10914	8789	9031
4524	5562	5323	10915	10888	8357
349	5274	6048	9917	9480	10916
4751	6200	5143	10917	10918	7333
4752	5144	6201	7338	10919	10920
4753	5143	6202	7525	10921	10922
4754	6203	5144	10923	10924	7526
22	23	5536	42	10925	9843
4494	5818	5122	10926	8770	9312
4755	6233	5130	10785	10626	10927
4756	5131	6234	10928	10629	10786
20	5967	5204	10929	10720	8988
4436	5398	5620	10930	10846	10931
4437	5621	5399	10932	10847	10933
4720	6015	5157	10934	10935	9348
4721	5158	6016	9351	10936	10937
4755	6138	5233	10938	10939	9737
4756	5234	6139	9742	10940	10941
290	5565	291	10055	10942	300
485	486	5566	495	10943	10056
4797	5932	5206	10944	10743	10945
4759	5153	5819	10946	10442	10947
4709	5855	5153	10083	10604	6485
4642	5400	6204	8130	10948	10949
4643	6205	5401	10950	10951	8131
4777	5814	5533	10473	10952	10475
4572	5580	6230	9281	10953	9173
4573	6231	5579	9176	10954	9282
4732	5730	5758	9223	10783	10955
4716	5141	6116	10956	10656	10904
4717	6117	5142	10907	10657	10957
4511	5613	5533	10722	10476	8750
4671	5685	6055	10702	10136	8221
4672	6056	5686	8222	10137	10703
4493	5570	5282	8577	10672	8827
4674	5816	5223	10732	10958	6427
4697	5606	5553	10550	10899	9615
4698	5554	5607	9618	10902	10551
4970	6067	5437	8644	10529	8226
4969	5436	6066	8229	10532	8641
55	56	5793	98	10188	10959
219	220	5794	262	10960	10186
4798	5209	6093	10961	10913	10962
4424	6082	5165	6289	10681	10963
4861	5346	5917	10147	10813	10964
265	5581	266	7688	10609	275
5023	5198	6165	8566	10512	10965
4798	6093	6049	10962	10103	6316
4704	5527	5694	9213	10966	8703
4705	5695	5528	8706	10967	9214
4594	5903	5145	10968	10969	8175
4723	5150	6126	10970	10686	10971
4724	6127	5151	10972	10687	10973
4723	6126	5146	10971	10689	10974
4724	5147	6127	10975	10690	10972
4798	5836	5209	10976	10371	10961
4608	5160	6124	10977	10978	10979
4720	5194	6015	9329	10980	10934
4721	6016	5195	10937	10981	9330
4953	6159	5470	10982	10983	9814
4954	5471	6160	9819	10984	10985
4477	5423	5369	10986	10630	10480
4865	5598	5614	10987	10831	10988
4895	5946	5644	8001	10287	10734
4797	5206	5636	10945	10459	10989
4818	5947	5376	10990	9595	10991
4819	5377	5948	10992	9598	10993
4416	5170	6083	7661	10994	10995
5018	5592	6119	9118	9450	10028
5019	6120	5593	10031	9451	9119
4683	6092	5380	10261	10168	10996
4755	5130	5909	10927	10997	10423
4756	5910	5131	10422	10998	10928
4415	5858	5160	10999	11000	9679
4588	5672	5157	8531	9600	11001
4589	5158	5673	11002	9605	8532
4633	6054	5700	10768	11003	9319
4632	5701	6053	9334	11004	10767
4516	5795	5376	6318	11005	11006
4517	5377	5796	11007	11008	8141
4703	5458	5351	9538	10875	10089
5139	5827	5244	10870	11009	8600
5138	5243	5828	8597	11010	10869
427	6076	428	11011	10637	467
311	6075	312	10636	11012	351
4683	5380	6105	10996	11013	7914
4855	5633	5288	7884	6782	6544
4856	5289	5634	6547	6787	7885
4727	5659	5183	9417	11014	6564
4728	5184	5660	6567	11015	9414
4674	5518	5318	8426	9276	10683
4798	5223	5836	6428	11016	10976
4562	5909	5130	11017	10997	10855
4563	5131	5910	10856	10998	11018
4636	5389	5934	10565	10632	11019
4637	5935	5390	11020	10633	10566
4889	5993	5350	7306	11021	8773
4460	5493	5370	8380	11022	6552
4531	5353	5740	7965	11023	8657
4532	5741	5354	8660	11024	7966
4484	5188	6228	10696	11025	11026
4713	5322	5568	11027	10547	6893
327	5384	5916	10414	7436	11028
412	5915	5383	11029	7433	10411
399	5385	5921	10415	7440	11030
340	5922	5386	11031	7441	10416
6024	5958	4417	11032	10091	11033
4903	6209	5190	11034	11035	7246
4828	5465	5466	10545	11036	10356
4828	5739	5371	10357	10886	10195
4696	5212	5797	6914	10880	10284
4562	5947	5909	9596	11037	11017
4563	5910	5948	11018	11038	9597
4838	5617	6108	10764	11039	10515
4839	6109	5618	10516	11040	10765
4716	5136	5801	10905	11041	9787
4717	5802	5137	9790	11042	10906
4789	5508	6228	9432	11043	11044
4669	5248	5585	7374	10240	8342
4670	5586	5249	8345	10243	7375
4513	5755	5619	11045	9494	11046
413	5383	6066	10412	8642	11047
326	6067	5384	11048	8643	10413
4936	5523	6235	7940	11049	11050
4937	6236	5524	11051	11052	7941
23	6214	5536	11053	8694	10925
4933	5140	5878	9467	10500	11054
4684	5529	5799	9397	11055	7310
4685	5800	5530	7313	11056	9398
4576	5168	5938	9389	10826	7898
4577	5939	5169	7901	10827	9390
4471	5904	5124	9181	10714	9880
4495	5193	6115	11057	10868	10573
4710	5519	5366	11058	10692	11059
4608	6125	5160	8587	10432	10977
4425	5684	5632	11060	11061	11062
4957	6173	5402	8981	9681	8544
4958	5403	6174	8545	9684	8982
4574	5181	6004	10189	10839	8139
4575	6005	5182	8138	10840	10190
145	5197	5977	10171	11063	11064
4731	5569	5335	6721	10394	11065
4522	5736	5205	11066	10525	11067
4489	6045	5956	8839	11068	9526
4490	5957	6046	9529	11069	8840
5069	5909	5947	10489	11037	11070
5070	5948	5910	11071	11038	10490
4539	5823	5698	10327	10022	11072
4540	5699	5824	11073	10025	10328
4855	5986	5272	11074	10224	7882
4856	5273	5987	7887	10225	11075
4691	5905	5203	11076	11077	7117
4716	5807	5141	9610	9729	10956
4717	5142	5808	10957	9732	9607
4558	5443	5757	9289	11078	10582
4624	5200	6208	10435	8739	10126
4818	5376	5795	10991	11005	11079
4819	5796	5377	11080	11008	10992
4417	5196	6024	9469	8353	11033
4723	5812	5150	10751	11081	10970
4724	5151	5813	10973	11082	10752
4764	5631	5290	8627	10081	10469
4714	5956	5207	10033	11083	8300
4715	5208	5957	8303	11084	10034
4723	5146	5823	10974	10023	9770
4724	5824	5147	9773	10024	10975
4608	6124	5286	10979	9994	9311
4912	5985	5352	10797	11085	8403
4494	6068	5590	11086	11087	11088
4702	5556	5362	11089	10645	10124
4708	5370	5493	10179	11022	9590
1	5766	6209	11090	11091	11092
4766	5291	5643	10496	10088	8661
4616	5118	6044	8432	8217	11093
143	144	5723	163	11094	11095
4669	6101	5624	8343	10517	10142
4670	5625	6102	10143	10520	8344
4694	5669	5728	11096	10909	9483
4695	5729	5670	9482	10910	11097
4706	5853	5363	11098	11099	8966
4593	5204	6079	8388	11100	11101
4675	6061	6135	10726	11102	11103
4707	5334	6083	8062	11104	11105
4829	5780	5368	11106	10881	11107
4918	5977	5197	11108	11063	10004
5050	6175	5955	9521	11109	11110
4709	5304	5925	6486	10541	11111
5024	5278	5842	9217	11112	9184
4523	5214	5756	11113	10576	7234
4909	6227	5636	11114	11115	10458
4702	5696	5684	11116	9687	11117
4699	5233	5772	10527	10201	10218
4700	5771	5234	10217	10204	10528
4482	5225	5784	9845	9226	11118
4483	5785	5226	11119	9227	9846
4494	5610	6068	11120	11121	11086
4741	6062	5552	11122	7812	11123
4845	5562	5852	11124	11125	11126
4829	5368	5852	11107	11127	6321
4892	5533	5814	11128	10952	11129
4492	6184	5285	10862	11130	7042
4701	5562	5654	10889	11131	10788
4417	5250	5605	8502	9724	9468
314	5751	5253	11132	11133	7743
425	5254	5752	7744	11134	11135
4588	5157	6015	11001	10935	11136
4589	6016	5158	11137	10936	11002
5005	6009	5469	7685	10843	9205
4789	6079	5204	11138	11100	10719
215	216	5645	258	9277	10521
4907	5251	5709	7612	8044	11139
4908	5710	5252	11140	8045	7613
4929	5170	6062	8557	7660	11141
4449	6235	5523	10207	11049	9062
4451	5524	6236	9067	11052	10208
4482	5667	5264	9029	7046	10717
4483	5265	5666	10718	7045	9026
4465	6002	5191	8518	10803	6857
4467	5192	6003	6860	10804	8519
4520	5447	5951	11142	11143	11144
4867	5674	5890	11145	10793	11146
4412	5726	5446	10353	11147	11148
4507	5168	6133	10212	8913	9661
4508	6134	5169	9664	8914	10213
4701	5519	5641	10693	11149	8003
4867	5890	6206	11146	8742	8252
59	60	5651	102	10580	9343
4520	5951	5870	11144	11150	11151
4974	6071	5839	9395	10227	7345
4973	5838	6070	7342	10230	9392
4534	5829	5883	10390	10745	11152
4536	5884	5830	11153	10748	10321
4668	6163	5333	11154	8112	6870
5201	6080	5389	10669	11155	10564
5202	5390	6081	10567	11156	10670
4667	6125	5301	10433	8552	10272
4702	5520	5696	10410	11157	11116
7	5313	5879	10854	11158	11159
4505	5181	6171	10471	9940	9474
4506	6172	5182	9479	9935	10472
4849	5649	6050	11160	11161	10522
4681	5721	5256	10309	7593	10890
4682	5257	5722	10893	7596	10310
4816	5711	5316	7144	7353	10000
4817	5317	5712	10003	7356	7145
4743	5953	5658	8688	9102	11162
4477	5696	5520	10581	11157	11163
4611	6061	5213	7511	10725	8924
4518	5642	5664	11164	9629	8584
214	5221	6096	9715	11165	9877
4718	5556	5663	10646	11166	11167
284	5704	5521	11168	7315	10820
5067	5899	5510	10738	11169	9374
5068	5511	5900	9377	11170	10739
4588	6015	5194	11136	10980	10252
4589	5195	6016	10255	10981	11137
5400	5734	6204	11171	11172	10948
5401	6205	5735	10951	11173	11174
31	32	5687	51	9030	6555
4785	5253	5751	10365	11133	9749
4786	5752	5254	9752	11134	10366
4594	5321	5903	9828	11175	10968
4406	5201	6136	8781	8592	8056
4408	6137	5202	8059	8595	8782
4778	5410	5889	11176	11177	11178
4482	5784	5319	11118	11179	9028
4483	5320	5785	9027	11180	11119
61	6121	5237	9882	11181	9735
411	5498	5915	10810	11182	11183
328	5916	5499	11184	11185	10811
400	5921	5496	11186	11187	10805
339	5497	5922	10808	11188	11189
4529	5372	6031	10616	11190	9208
4530	6032	5373	9209	11191	10617
4680	5466	5465	9093	11036	9278
4425	5366	5654	11192	10789	11193
5207	5956	6045	11083	11068	9765
5208	6046	5957	9766	11069	11084
4411	5283	6077	11194	11195	11196
4414	6078	5284	11197	11198	11199
4741	5552	5591	11123	11200	7003
4759	5819	5189	10947	6751	11201
5106	5700	6054	10232	11003	10251
4878	5760	5676	6911	11202	11203
4879	5675	5761	11204	11205	6264
4533	6051	5897	10221	9463	11206
5105	6053	5701	10248	11004	10239
4886	6237	5778	10293	7301	11207
4887	5779	6238	11208	7317	10294
4411	5850	5283	9105	9759	11194
4414	5284	5851	11199	9760	9106
4884	5655	5411	11209	11210	7390
4885	5412	5656	7393	11211	11212
4631	6094	5159	9069	8512	8798
5029	5504	6151	9148	11213	8699
5030	6152	5505	8702	11214	9149
4765	5815	6115	11215	11216	10867
4478	5622	5336	10598	11217	8999
4479	5337	5623	9002	11218	10599
4593	5193	6123	10071	11219	8477
4710	5366	5632	11059	11220	10727
4409	6153	5918	8956	10300	9593
283	5704	284	7076	11168	293
4736	5736	5428	10526	10303	11221
4713	5941	5322	11222	11223	11027
4765	5591	5552	10612	11200	11224
4824	5375	5579	11225	10658	11226
4823	5580	5374	11227	10661	11228
4915	5531	6232	9041	10494	10757
4511	5898	5189	11229	11230	10721
4495	6132	5193	11231	11232	11057
4771	5903	5321	11233	11175	8708
6	5363	5853	7406	11099	11234
4429	5601	5746	11235	11236	11237
4788	5219	5755	9643	9709	11238
4710	5650	5371	10729	11239	10885
285	5521	6154	10821	8680	11240
480	6155	5522	11241	8681	10822
4877	6153	5614	10301	11242	11243
5218	5958	6024	11244	11032	11245
4796	6227	5964	11246	11247	11248
4441	5488	5810	11249	10474	11250
4923	6084	5178	9291	11251	6703
5085	5470	6159	9996	10983	10647
5086	6160	5471	10650	10984	9997
4922	5177	6085	6702	11252	9292
4733	6096	5221	11253	11165	10026
479	5522	6164	10823	8726	11254
4735	5446	5756	11255	10466	10575
4440	5811	5487	11256	10482	11257
144	145	5977	164	11064	11258
4591	5161	5876	11259	11260	7959
4592	5877	5162	7962	11261	11262
4519	5414	5856	11263	11264	9900
4524	5852	5562	6420	11125	10915
4745	5555	5509	7736	11265	6474
4476	5357	5653	10094	11266	11267
146	5223	5816	9821	10958	10468
217	218	5773	260	9431	7453
4425	5632	5366	11062	11220	11192
57	58	5774	100	7510	9448
4402	6151	5504	11268	11213	11269
4401	5505	6152	11270	11214	11271
4833	5973	5387	11272	11273	7324
4834	5388	5974	7327	11274	11275
4732	5347	5665	11276	9258	11277
4759	6082	5153	10682	6271	10946
313	5751	314	9053	11132	353
425	5752	426	11135	9054	465
4522	5205	5895	11067	11278	10311
4465	5408	5539	6606	10408	10163
4467	5540	5409	10164	10409	6607
4745	5218	6024	6475	11245	8352
4462	5542	5404	10307	10406	7827
4463	5405	5543	7832	10407	10308
4736	5749	5970	11279	10296	9774
4436	6035	5256	11280	10891	10588
4437	5257	6036	10593	10892	11281
4498	5544	5754	11282	11283	6995
34	5563	5762	8622	11284	10872
4593	6079	5188	11101	11285	7023
4411	6077	5194	11196	9691	9652
4414	5195	6078	9655	9696	11197
4904	5616	5323	11286	8012	8246
4893	5871	5848	11287	11288	11289
4735	5972	5753	9786	10305	11290
4731	5391	5615	11291	11292	6960
5112	6115	5815	10574	11216	9386
4845	5663	5654	11293	11294	11295
4729	5865	5491	10815	9675	6833
4730	5492	5866	6836	9678	10816
151	5788	5220	10758	7746	9534
270	5777	271	8018	6872	280
4952	5616	5998	8013	11296	11297
4794	5532	5642	11298	11299	11300
4740	5237	6121	10135	11181	11301
4477	5520	5423	11163	10105	10986
312	6075	5258	11012	9895	8941
427	5259	6076	8944	9896	11011
4971	5646	5983	11302	11303	8995
4972	5984	5647	8998	11304	11305
182	5279	5737	9949	8648	10602
93	5738	5280	10603	8649	9950
4833	5248	6022	10241	10710	11306
4834	6023	5249	11307	10711	10242
4711	5347	6182	9259	11308	9210
16	17	5941	36	11309	11310
4747	5958	5218	10578	11244	11311
4668	5271	6163	8818	10488	11154
4725	5336	5622	9296	11217	10673
4726	5623	5337	10678	11218	9297
4892	5896	5533	6437	9541	11128
4967	5705	5376	8712	11312	7713
4968	5377	5706	7716	11313	8713
4987	5720	6091	11314	9507	8861
4986	6090	5719	8860	9506	11315
4784	5676	5760	11316	11202	6671
4783	5761	5675	6670	11205	11317
4619	5411	5655	9872	11210	9499
4620	5656	5412	9502	11211	9873
27	28	5889	47	11318	11319
4892	5842	5278	11320	11112	6435
147	5836	5223	10533	11016	9820
4513	5371	5650	11321	11239	11322
4424	5165	6185	10963	8855	11323
1	272	5766	282	9685	11090
4876	5295	5953	11324	9429	7191
4472	5203	5905	8351	11077	9182
4742	5532	5490	11325	11326	10426
4523	5908	5214	10386	11327	11113
4902	5971	5864	11328	11329	11330
4904	5641	5489	8247	11331	7728
4788	5632	5684	10874	11061	9686
155	156	5822	175	7409	9565
4660	5690	5298	9072	10773	9252
4662	5299	5691	9255	10776	9073
4581	6194	5210	8266	8103	8582
4582	5211	6195	8583	8108	8267
4442	5998	5616	9144	11296	11332
4428	5490	5532	7826	11326	11333
4425	5654	5663	11193	11294	11334
4759	5189	5898	11201	11230	8947
4520	5857	5447	9903	11335	11142
4777	5613	5363	10477	8967	8580
322	5803	323	6538	10128	362
416	5804	417	10131	6535	456
4602	5329	5943	8972	8455	10697
4603	5942	5330	10700	8456	8973
4783	5675	5831	11317	9163	10537
4784	5832	5676	10540	9166	11316
4591	5387	5973	10346	11273	11336
4592	5974	5388	11337	11274	10347
4547	5227	6187	7237	11338	11339
4548	6188	5228	11340	11341	7238
4583	5893	5260	8850	8909	7718
4584	5261	5894	7721	8908	8851
4549	6200	5229	11342	11343	7240
4550	5230	6201	7243	11344	11345
4549	5231	6202	7244	11346	11347
4550	6203	5232	11348	11349	7245
5011	5898	5980	8948	11350	11351
4430	6088	5682	11352	11353	6722
4431	5683	6089	6727	11354	11355
4886	5778	5487	11207	11356	8255
211	212	5886	254	9916	10829
394	5820	395	6642	8526	434
344	5821	345	8529	6643	384
4900	5319	5784	7852	11179	7089
4901	5785	5320	7092	11180	7853
4887	5488	5779	8258	11357	11208
63	64	5888	106	10832	9979
4852	5955	6175	10313	11109	11358
4939	5915	5498	7434	11182	11359
4940	5499	5916	11360	11185	7435
4945	5496	5921	11361	11187	7439
4946	5922	5497	7442	11188	11362
55	5793	5563	10959	11363	8588
220	5564	5794	8591	11364	10960
4591	5973	5161	11336	11365	11259
4592	5162	5974	11262	11366	11337
144	5977	5723	11258	11367	11094
4438	5985	5911	10577	10796	11368
4870	6194	5620	9657	8265	10845
4871	5621	6195	10848	8268	9658
4749	6187	5227	10864	11338	10584
4750	5228	6188	10585	11341	10865
4605	6009	6166	10844	11369	9637
4820	5283	5791	11370	8755	11371
4821	5792	5284	11372	8758	11373
4751	5229	6200	10595	11343	10917
4752	6201	5230	10920	11344	10596
4753	6202	5231	10922	11346	9665
4754	5232	6203	9668	11349	10923
4439	5863	5630	10833	11374	11375
4494	5665	5610	9651	9364	11120
4614	5235	5767	9958	10770	9891
4615	5768	5236	9890	10771	9959
4842	5754	5544	9152	11283	11376
4616	5733	5334	11377	8753	7608
5010	5615	5391	11378	11292	9248
4555	5759	6050	7604	10523	8605
4548	5241	6191	7425	11379	11380
4547	6190	5242	11381	11382	7426
4820	6077	5283	10403	11195	11370
4821	5284	6078	11373	11198	10404
4510	5240	6122	6884	9622	11383
4644	6229	5595	11384	11385	8689
4425	5556	5684	11386	11387	11060
4510	5763	5318	11388	10684	8957
4688	5617	5463	7954	10763	11389
4689	5464	5618	11390	10766	7955
4778	6010	5410	11391	8110	11176
4510	6122	5763	11383	10510	11388
4876	6043	5295	6819	9460	11324
4509	5489	5641	8963	11331	11392
5188	6079	6228	11285	11393	11025
4732	5758	5347	10955	11394	11276
4706	5440	5853	10798	11395	11098
4831	5856	5414	11396	11264	11397
27	5889	5410	11319	11177	10405
4625	5328	6226	9674	10100	9878
4604	5575	5882	10824	10879	9260
4616	6044	5733	11093	10750	11377
4516	5376	5705	11006	11312	11398
4517	5706	5377	11399	11313	11007
4760	6191	5241	10897	11379	9802
4761	5242	6190	9805	11382	10894
409	6178	410	11400	11401	449
329	6179	330	11402	11403	369
337	6181	338	11404	11405	377
401	6180	402	11406	11407	441
4764	5895	5205	9549	11278	8626
20	21	5967	40	8857	10929
4748	5509	5555	9032	11265	11408
4988	6118	5600	8764	11409	6956
87	88	6139	130	11410	11411
187	188	6138	230	11412	11413
4808	6038	5348	7618	11414	11415
4809	5349	6037	11416	11417	7615
4965	6218	6130	8664	10375	11418
4966	6131	6219	11419	10378	8665
4718	5664	5357	11420	9807	10542
4543	5923	5381	11421	11422	11423
4544	5382	5924	11424	11425	11426
157	158	5940	177	11427	10483
75	76	6037	118	7489	11428
199	200	6038	242	11429	7490
193	194	6039	236	7739	11430
81	82	6040	124	11431	7740
23	24	6214	43	11432	11053
4734	5879	5313	9558	11158	8031
4847	5454	5997	10451	11433	11434
4846	5996	5453	11435	11436	10448
4742	5653	5357	10427	11266	9806
4822	5446	5726	10467	11147	11437
4634	5840	5336	10504	9000	8871
4635	5337	5841	8876	9001	10505
179	180	5945	222	11438	11439
95	96	5944	138	11440	11441
149	150	6006	169	9712	11442
3	428	6225	468	10837	11443
4	6224	311	11444	10834	350
3	6225	469	11443	11445	473
4	302	6224	306	11446	11444
4827	6132	5568	11447	11448	10546
4633	5421	6084	9321	11449	8898
4632	6085	5422	8903	11450	9332
5190	6209	5766	11035	11091	7912
4918	5723	5977	7189	11367	11108
4511	5980	5898	8751	11350	11229
4766	5214	5908	8662	11327	9626
4893	5848	5551	11289	11451	10777
5156	6093	6092	10104	11452	10260
4644	5240	6229	9623	10802	11384
4924	5630	5863	11453	11374	10119
4664	5455	6013	9757	9360	11454
4665	6014	5456	11455	9361	9758
411	5915	412	11183	11029	451
327	5916	328	11028	11184	367
399	5921	400	11030	11186	439
339	5922	340	11189	11031	379
6	5853	264	11234	11456	273
4521	5347	5758	11457	11394	8677
4609	5238	6173	9015	9682	8633
4610	6174	5239	8638	9683	9016
4789	6228	6079	11044	11393	11138
4792	5381	5923	7476	11422	11458
4793	5924	5382	11459	11425	7471
4840	6019	5719	9956	11460	11461
4841	5720	6020	11462	11463	9953
188	5233	6138	10202	10939	11412
87	6139	5234	11411	10940	10203
4645	5453	5996	8249	11436	10281
4646	5997	5454	10280	11433	8250
4692	5740	5353	9913	11023	11464
4693	5354	5741	11465	11024	9914
4607	6222	5216	9285	11466	8127
4606	5215	6223	8126	11467	9286
4811	6040	5358	7850	11468	11469
4812	5359	6039	11470	11471	7847
91	92	6148	134	10358	11472
183	184	6147	226	11473	10359
4902	5414	5971	9899	11474	11328
4642	6204	5258	10949	11475	9894
4643	5259	6205	9897	11476	10950
4507	6033	5606	9121	11477	10210
4508	5607	6034	10215	11478	9122
4694	5767	5669	9860	10769	11096
4695	5670	5768	11097	10772	9855
4953	5913	5698	11479	11480	11481
4954	5699	5914	11482	11483	11484
4471	6001	5422	11485	11486	10275
4785	5258	6204	9750	11475	11487
4786	6205	5259	11488	11476	9751
4718	5930	5664	11489	8585	11420
4747	5218	6021	11311	6311	10594
4470	5531	6186	9854	11490	9620
5285	6184	5885	11130	11491	11492
316	5975	317	8548	7367	356
422	5976	423	7370	8549	462
4588	6011	5311	10253	9672	8359
4589	5312	6012	8364	9673	10254
4599	6232	5224	7582	10493	7173
4857	5680	5901	11493	11494	11495
4859	5902	5681	11496	11497	11498
5200	6166	6009	10434	11369	10497
305	5378	5742	10401	10077	10643
472	5743	5379	10644	10078	10402
4832	5447	5857	11499	11335	11500
4509	5641	5519	11392	11149	11501
4521	5615	6182	6653	11502	11503
4429	5746	5636	11237	11504	11505
4614	5828	5243	9336	11010	9957
4615	5244	5827	9960	11009	9337
4440	5487	5778	11257	11356	8632
4441	5779	5488	8645	11357	11249
4732	5665	5887	11277	9650	9222
5090	6192	5516	10445	11506	8744
5091	5517	6193	8745	11507	10446
4857	5577	5680	6691	11508	11493
4859	5681	5578	11498	11509	6692
5161	5424	5876	9929	11510	11260
5162	5877	5425	11261	11511	9930
4587	6092	6093	9275	11452	10912
4585	6237	5246	6825	8567	8891
4586	5247	6238	8892	8572	6844
4925	5682	6088	11512	11353	8731
4926	6089	5683	8734	11354	11513
4802	5671	5587	11514	11515	11516
4991	6103	5728	9404	11517	10908
4992	5729	6104	10911	11518	9405
4924	5595	6229	8134	11385	11519
4986	5719	6019	11315	11460	6374
4987	6020	5720	6377	11463	11314
4801	5584	5658	11520	11521	11522
4778	5889	5335	11178	11523	10393
4445	6220	5550	8414	11524	6300
4446	5549	6221	6305	11525	8415
302	303	6243	307	11526	11527
469	6244	470	11528	11529	474
4852	6175	5506	11358	10380	11530
413	6066	414	11047	10531	453
325	6067	326	10530	11048	365
288	5724	5424	10723	11531	10586
483	5425	5725	10587	11532	10724
4464	5690	5661	10774	11533	9611
4466	5662	5691	9614	11534	10775
4526	5964	6072	11535	11536	11537
5161	5973	5565	11365	11538	10054
5162	5566	5974	10057	11539	11366
4415	5428	5858	11540	11541	10999
4802	5790	5671	11542	11543	11514
4652	5675	5535	9164	11544	9241
4653	5534	5676	9244	11545	9165
5067	5512	6058	9379	11546	10556
5068	6059	5513	10559	11547	9380
4827	5594	6123	6603	8478	11548
4778	5222	6010	7508	10184	11391
4982	5443	5980	9385	11549	8496
4707	6083	5757	11105	11550	11551
4590	5285	5885	9594	11492	7541
4476	5859	5300	11552	8993	9559
4528	5375	5984	9851	11553	8997
4527	5983	5374	8996	11554	9848
4509	5519	5739	11501	11555	10172
7	6057	390	11556	10871	429
401	5496	6180	10806	11557	11406
338	6181	5497	11405	11558	10807
7	349	6048	389	10916	9382
4801	5658	5789	11522	11559	11560
410	6178	5498	11401	11561	10809
329	5499	6179	10812	11562	11402
4925	5829	5682	10746	11563	11512
4926	5683	5830	11513	11564	10747
285	6154	286	11240	11565	295
480	481	6155	490	11566	11241
5050	5955	5479	11110	11567	8240
4872	5340	5944	9264	11568	11569
4873	5945	5341	11570	11571	11572
4748	5555	5890	11408	11573	10792
4956	5550	6220	9726	11524	7154
4955	6221	5549	7151	11525	9727
4539	5698	5913	11072	11480	11574
4540	5914	5699	11575	11483	11073
478	479	6164	488	11254	11576
4757	5601	5619	11577	11578	9493
4545	5728	6103	9327	11517	11579
4546	6104	5729	11580	11518	9322
4758	5848	5871	11581	11288	11582
4878	5676	5534	11203	11545	11583
4879	5535	5675	11584	11544	11204
4794	5642	5817	11300	11585	11586
4795	5864	5971	9625	11329	11587
5108	6140	6018	8523	11588	10176
5107	6017	6141	10175	11589	8524
4595	6029	5355	9511	8374	6987
4596	5356	6030	6986	8377	9512
4880	5573	5795	11590	11591	6441
4881	5796	5574	8102	11592	11593
4737	5525	5934	6745	11594	10333
4738	5935	5526	10338	11595	6746
4837	5473	6185	7038	11596	8854
4486	5832	5631	11597	10539	6979
4485	5643	5831	6984	10538	11598
5062	5582	6222	9514	11599	9508
5063	6223	5583	9509	11600	9515
200	5348	6038	8148	11414	11429
75	6037	5349	11428	11417	8152
95	5944	5340	11441	11568	8136
180	5341	5945	8135	11571	11438
4713	5564	5941	11601	11602	11222
143	5723	5413	11095	8795	9827
4742	5642	5532	9630	11299	11325
4429	5636	6227	11505	11115	11603
4688	5463	5872	11389	10153	8801
4689	5873	5464	8806	10156	11390
5011	5980	5443	11351	11549	9288
28	5335	5889	10258	11523	11318
4503	5296	6218	10315	10486	9250
4504	6219	5297	9251	10487	10316
4845	5654	5562	11295	11131	11124
4825	5628	5869	11604	11605	11606
4826	5870	5629	11607	11608	11609
5010	6182	5615	9211	11502	11378
4845	5852	5368	11126	11127	11610
17	5322	5941	8464	11223	11309
4690	5904	5324	10715	9078	9018
4691	5325	5905	9021	9081	11076
4755	5835	6138	10425	11611	10938
4756	6139	5834	10941	11612	10420
4478	5734	5400	8774	11171	10234
4479	5401	5735	10237	11174	8779
4498	5287	5860	10127	10759	11613
4622	6161	5348	11614	11615	10417
4621	5349	6162	10418	11616	11617
82	5358	6040	7641	11468	11431
193	6039	5359	11430	11471	7645
4702	5684	5556	11117	11387	11089
4605	5262	6097	9638	11618	11619
4519	5971	5414	11620	11474	11263
4704	5680	5577	7465	11508	10140
4705	5578	5681	10141	11509	7466
4813	5469	6097	10536	11621	11622
4486	5970	5276	7532	10295	10456
4485	5275	5972	10455	10306	7539
4743	5658	5584	11162	11521	6533
4959	5708	5924	8007	11623	11624
4960	5923	5707	11625	11626	8008
4471	5344	6001	9881	9756	11485
264	5853	5440	11456	11395	8542
4736	5428	5989	11221	11627	11628
4627	6167	5358	11629	11630	10553
4626	5359	6168	10554	11631	11632
4927	5694	5527	10640	10966	7689
4928	5528	5695	7692	10967	10641
4494	5590	5818	11088	8765	10926
4758	5619	5601	11633	11578	11634
4539	5913	5438	11574	11635	11636
4540	5439	5914	11637	11638	11575
4746	5587	5671	6621	11515	11639
4731	5335	6098	11065	10257	11640
4804	6018	6140	11641	11588	9083
4803	6141	6017	9086	11589	11642
4767	5510	5899	8184	11169	11643
4768	5900	5511	11644	11170	8185
4757	5746	5601	11645	11236	11577
4423	5906	5456	9999	11646	7501
4422	5455	5907	7500	11647	9998
4735	6000	5446	11648	11649	11255
4797	5746	5637	11650	11651	10498
4845	5368	5930	11610	8945	11652
4773	5424	5724	11653	11531	10679
4774	5725	5425	10680	11532	11654
5096	5769	5567	10067	11655	10132
4808	5348	6161	11415	11615	9352
4809	6162	5349	9355	11616	11416
4513	5988	5371	11656	10388	11321
4546	5534	5792	11657	9243	11658
4545	5791	5535	11659	9242	11660
4525	5628	5717	9777	11661	11662
4526	5718	5629	11663	11664	11665
4565	6058	5782	10557	11666	10753
4566	5783	6059	10754	11667	10558
4710	5739	5519	10887	11555	11058
4605	6097	5469	11619	11621	10842
4909	5964	6227	11668	11247	11114
5080	6212	6111	10342	11669	7377
5081	6112	6213	7382	11670	10343
4649	6128	5332	8844	10395	8500
4650	5331	6129	8499	10398	8847
4894	5422	6001	9533	11486	11671
4921	5350	5993	8619	11021	11672
5079	6114	6199	6812	11673	10453
5078	6198	6113	10452	11674	6807
4894	6001	5968	11671	10032	6712
4781	5438	5913	11675	11635	11676
4782	5914	5439	11677	11638	11678
4428	5864	6043	11679	9624	7825
4873	5341	6189	11572	8974	9099
4811	5358	6167	11469	11630	7997
4812	6168	5359	7992	11631	11470
4651	6206	5282	10072	8828	9124
4943	6180	5496	11680	11557	11681
4944	5497	6181	11682	11558	11683
4707	5757	5443	11551	11078	9384
4553	5652	5677	11684	11685	9060
4941	5498	6178	11686	11561	11687
4942	6179	5499	11688	11562	11689
5015	5677	5652	9256	11685	8933
4537	5981	5434	10149	11690	11691
4538	5435	5982	11692	11693	10150
4930	5872	5400	9141	10235	8129
4931	5401	5873	8132	10236	9142
4816	6111	6212	10001	11669	11694
4817	6213	6112	11695	11670	10002
4794	5897	5875	11696	11697	11698
4842	5544	5859	11376	8994	11699
4734	5544	5860	8402	11700	9753
4815	6199	6114	11701	11673	9718
4814	6113	6198	9723	11674	11702
4712	5762	5563	10345	11284	11703
4823	6230	5580	9129	10953	11227
4824	5579	6231	11226	10954	9126
4823	5374	5983	11228	11554	11704
4824	5984	5375	11705	11553	11225
4514	6108	5617	9992	11039	7025
4515	5618	6109	7030	11040	9993
4544	5924	5708	11426	11623	10850
4543	5707	5923	10851	11626	11421
5017	5668	5693	9059	11706	9341
5027	5661	5690	10014	11533	9071
5028	5691	5662	9074	11534	10017
4737	6106	5596	10335	11707	11708
4738	5597	6107	11709	11710	10336
4888	5352	5985	8897	11085	10144
4692	5353	6004	11464	8140	10838
4693	6005	5354	10841	8137	11465
4953	5928	5913	9816	11711	11479
4954	5914	5929	11484	11712	9817
4543	5381	6017	11423	11713	10620
4544	6018	5382	10623	11714	11424
303	5396	6243	8237	10708	11526
470	6244	5397	11529	10705	8238
4805	5655	5891	10290	11715	10158
4806	5892	5656	10161	11716	10291
4485	5831	5419	11598	9178	10454
4486	5420	5832	10457	9179	11597
4521	6182	5347	11503	11308	11457
4790	5434	5981	6401	11690	11717
4791	5982	5435	11718	11693	6396
4744	5567	5769	10341	11655	10755
4961	5868	5981	7157	11719	9743
4962	5982	5867	9748	11720	7158
4747	5507	6135	9200	11721	10561
4425	5663	5556	11334	11166	11386
4907	5709	6007	11139	11722	9518
4908	6008	5710	9519	11723	11140
4697	5372	5938	11724	7899	10825
4698	5939	5373	10828	7900	11725
4416	6083	5334	10995	11104	8752
4929	6062	5781	11141	11726	7112
4554	5693	5668	9778	11706	11727
4797	5369	5932	10499	8084	10944
409	5500	6178	7775	11728	11400
330	6179	5501	11403	11729	7776
4664	6013	5374	11454	9849	10660
4665	5375	6014	10659	9850	11455
4807	5858	5428	11730	11541	10302
402	6180	5502	11407	11731	7784
337	5503	6181	7783	11732	11404
5048	6196	5744	9573	11733	9039
5047	5745	6197	9038	11734	9570
4697	6031	5372	9616	11190	11724
4698	5373	6032	11725	11191	9617
4525	5717	5789	11662	11735	11736
4526	5790	5718	11737	11738	11663
4621	6162	5305	11617	9354	7891
4622	5306	6161	7894	9353	11614
72	5326	6087	10271	7818	10624
203	6086	5327	10625	7817	10270
4765	5552	5992	11224	11739	11740
4757	5637	5746	10320	11651	11645
4924	6229	5630	11519	10801	11453
4415	5989	5428	10853	11627	11540
1	6209	5431	11092	11741	8047
4960	5907	5923	9704	11742	11625
4959	5924	5906	11624	11743	9705
4785	5734	5840	11744	8776	10363
4786	5841	5735	10368	8777	11745
5041	5996	5702	10282	11746	8202
5042	5703	5997	8203	11747	10279
5136	5713	5801	10653	11748	11041
5137	5802	5714	11042	11749	10654
4526	5671	5790	11750	11543	11737
4541	5901	5680	6611	11494	8041
4542	5681	5902	8042	11497	6612
4518	5780	5817	10882	11751	11752
4904	6105	5616	7913	11753	11286
4626	6168	5319	11632	8053	8271
4627	5320	6167	8274	8052	11629
4781	5913	5928	11676	11711	11754
4782	5929	5914	11755	11712	11677
4442	6105	5380	11756	11013	9044
4526	6072	5671	11537	11757	11750
4525	5789	5658	11736	11559	9101
4712	5563	5793	11703	11363	10111
4713	5794	5564	10107	11364	11601
5049	5627	5727	9095	11758	10572
5160	5858	6124	11000	11759	10978
4412	5446	6000	11148	11649	10859
4864	5951	5447	11760	11143	10491
4442	5616	6105	11332	11753	11756
4519	5389	6080	9901	11155	11761
4520	6081	5390	11762	11156	9902
4793	5456	5906	9647	11646	11763
4792	5907	5455	11764	11647	9644
4733	5727	5627	9485	11758	11765
4441	5810	5587	11250	11766	6393
4440	5584	5811	6361	11767	11256
4853	5789	5717	11768	11735	11769
4854	5718	5790	11770	11738	11771
4419	5867	5548	8236	11772	11773
4418	5547	5868	11774	11775	8233
4794	5875	5532	11698	11776	11298
4849	5759	5770	10524	11777	11778
4731	6098	5391	11640	11779	11291
4436	5960	5398	10590	9419	10930
4437	5399	5961	10933	9422	10591
4758	5601	5874	11634	11780	11781
5054	5747	5635	10613	11782	9153
4569	5842	5814	9185	11783	10165
4788	5755	5650	11238	11784	10873
4818	5795	5573	11079	11591	8160
4819	5574	5796	8163	11592	11080
4796	5870	5951	11785	11150	11786
4825	5717	5628	11787	11661	11604
4826	5629	5718	11609	11664	11788
4424	6185	5473	11323	11596	8088
5262	5581	6097	10610	11789	11618
16	5941	5564	11310	11602	8623
4818	5688	5947	8161	11790	10990
4819	5948	5689	10993	11791	8162
4556	6007	5709	8508	11722	8990
4557	5710	6008	8991	11723	8509
29	5391	6098	10579	11779	10062
5069	5947	5688	11070	11790	10120
5070	5689	5948	10123	11791	11071
4902	5875	5897	11792	11697	9462
4825	5926	5717	8435	11793	11787
4826	5718	5927	11788	11794	8436
4533	5833	5614	11795	11796	10830
4426	6130	5545	11797	11798	10222
4427	5546	6131	10223	11799	11800
4572	5986	5588	9172	11801	6250
4573	5589	5987	6251	11802	9177
4498	5860	5544	11613	11700	11282
4740	5635	5747	11803	11782	9669
4939	5498	6027	11359	11804	7056
4940	6028	5499	7055	11805	11360
4941	6027	5498	6924	11804	11686
4942	5499	6028	11689	11805	6925
4797	5636	5746	10989	11504	11650
4943	5496	6025	11681	11806	6937
4944	6026	5497	6940	11807	11682
4945	6025	5496	6943	11806	11361
4946	5497	6026	11362	11807	6944
4884	5891	5655	9048	11715	11209
4885	5656	5892	11212	11716	9049
4934	5740	6210	8658	9912	8278
4935	6211	5741	8283	9915	8659
4518	5817	5642	11752	11585	11164
4736	5989	5749	11628	11808	11279
4741	5781	6062	10663	11726	11122
4522	6217	5736	9357	10713	11066
4426	6241	6130	9516	11809	11797
4427	6131	6242	11800	11810	9517
4535	5551	5848	10278	11451	11811
4735	5753	6000	11290	11812	11648
4996	5541	5854	9503	11813	10162
4858	5978	6215	11814	11815	11816
4860	6216	5979	11817	11818	11819
4787	5770	5759	8277	11777	7099
4771	5576	6095	7726	11820	11821
4790	5981	5868	11717	11719	11822
4791	5867	5982	11823	11720	11718
5150	5812	5685	11081	11824	10701
5151	5686	5813	10704	11825	11082
4513	5650	5755	11322	11784	11045
4814	6176	5481	11826	11827	9812
4815	5482	6177	9813	11828	11829
4794	5817	5833	11586	11830	11831
4418	5799	5529	8234	11055	9566
4419	5530	5800	9569	11056	8235
4709	5925	5457	11111	9070	7033
4773	5876	5424	7708	11510	11653
4774	5425	5877	11654	11511	7709
4476	5653	5859	11267	11832	11552
4537	5801	5713	10438	11748	10148
4538	5714	5802	10151	11749	10439
5055	6135	6061	10562	11102	8060
4516	5705	5994	11398	11833	8427
4517	5995	5706	7332	11834	11399
4803	6017	5381	11642	11713	11835
4804	5382	6018	11836	11714	11641
4792	5923	5907	11458	11742	11764
4793	5906	5924	11763	11743	11459
4748	5674	6063	10794	10601	10914
4420	5553	5928	7010	11837	10115
4421	5929	5554	10116	11838	7011
5178	6084	5421	11251	11449	10273
4877	5817	5780	11839	11751	11840
5177	5422	6085	10276	11450	11252
4801	5811	5584	10332	11767	11520
4473	6233	5448	10627	10784	7700
4474	5449	6234	7703	10787	10628
4505	5481	6176	9586	11827	8630
4506	6177	5482	8629	11828	9587
4513	5619	5871	11046	11841	11842
4802	5587	5810	11516	11766	10339
4846	5702	5996	9453	11746	11435
4847	5997	5703	11434	11747	9454
4545	5535	6196	11660	11843	9572
4546	6197	5534	9571	11844	11657
4852	5506	6006	11530	11845	9716
4636	5934	5525	11019	11594	10779
4637	5526	5935	10780	11595	11020
4429	5874	5601	11846	11780	11235
4781	6033	5438	11847	7127	11675
4782	5439	6034	11678	7130	11848
302	6243	6224	11527	11849	11446
469	6225	6244	11445	11850	11528
4737	5596	5861	11708	9707	10664
4738	5862	5597	10667	9708	11709
4599	5479	5955	7413	11567	10193
4842	5859	5653	11699	11832	10191
4925	5598	5883	8732	11851	10744
4926	5884	5599	10749	11852	8733
4512	5854	5541	10736	11813	8768
4416	5992	5552	9367	11739	7811
4791	5548	5867	10431	11772	11823
4790	5868	5547	11822	11775	10428
4909	6072	5964	8859	11536	11668
4428	5532	5875	11333	11776	11853
4537	5434	6198	11691	11854	10436
4538	6199	5435	10441	11855	11692
4877	5614	5833	11243	11796	11856
4675	6135	5507	11103	11721	8863
4439	5630	5952	11375	11857	11858
4781	5928	5553	11754	11837	10898
4782	5554	5929	10903	11838	11755
4493	5890	5555	8743	11573	7990
4848	5952	5630	11859	11857	9980
4539	5438	6212	11636	11860	10325
4540	6213	5439	10330	11861	11637
4825	5869	6080	11606	11862	10668
4826	6081	5870	10671	11863	11607
4678	6159	5698	10648	11864	9631
4679	5699	6160	9636	11865	10649
4461	5518	6049	8604	8425	10064
5179	6224	6243	10835	11849	10707
5180	6244	6225	10706	11850	10836
4831	5414	6051	11397	9898	6714
4913	5458	6060	8083	9537	6694
4796	5809	6227	11866	11867	11246
4495	5568	6132	9875	11448	11231
4865	5883	5598	11868	11851	10987
4866	5599	5884	10514	11852	11869
4849	5999	6142	11870	11871	11872
4893	5657	5988	8015	10389	11873
4877	5833	5817	11856	11830	11839
4801	5789	5786	11560	11874	8211
4802	5787	5790	8216	11875	11542
4855	5588	5986	6847	11801	11074
4856	5987	5589	11075	11802	6848
4803	5381	6156	11835	7496	10383
4804	6157	5382	10382	7493	11836
4531	5685	5812	8261	11824	8884
4532	5813	5686	8887	11825	8262
4758	5871	5619	11582	11841	11633
4547	6187	6190	11339	11876	11381
4548	6191	6188	11380	11877	11340
4832	6047	5447	6719	10492	11499
4833	6022	5565	11306	11878	11879
4834	5566	6023	11880	11881	11307
4428	5875	5864	11853	11882	11679
4833	5565	5973	11879	11538	11272
4834	5974	5566	11275	11539	11880
149	6006	5506	11442	11845	8513
4767	5899	5611	11643	11883	10297
4768	5612	5900	10298	11884	11644
4796	5964	5629	11248	11885	11886
5071	5603	6064	8786	11887	10318
5072	6065	5604	10319	11888	8787
4814	6198	5434	11702	11854	11889
4815	5435	6199	11890	11855	11701
4565	5611	5899	10041	11883	10737
4566	5900	5612	10740	11884	10042
291	5565	6022	10942	11878	10876
486	6023	5566	10877	11881	10943
4549	6202	6200	11347	11891	11342
4550	6201	6203	11345	11892	11348
4805	6145	5504	8097	11893	10289
4806	5505	6146	10292	11894	8100
4892	5814	5842	11129	11783	11320
4816	6212	5438	11694	11860	7143
4817	5439	6213	7146	11861	11695
4795	5869	5628	11895	11605	10013
4796	5629	5870	11886	11608	11785
4680	6095	5576	10782	11820	7674
4765	5992	5815	11740	11896	11215
5014	6142	5999	10548	11871	11897
4933	6110	5493	11898	9591	8379
4402	5504	6145	11269	11893	9489
4401	6146	5505	9490	11894	11270
4879	6196	5535	11899	11843	11584
4878	5534	6197	11583	11844	11900
4953	5698	6159	11481	11864	10982
4954	6160	5699	10985	11865	11482
5098	6239	5620	10606	11901	7842
5099	5621	6240	7845	11902	10607
4845	5930	5663	11652	11903	11293
4813	6097	5581	11622	11789	9362
4867	6214	5674	8695	11904	11145
4880	6147	5573	10269	11905	11590
4881	5574	6148	11593	11906	10266
4418	6210	5547	9567	9905	11774
4419	5548	6211	11773	9908	9568
4971	6215	5978	11907	11815	11908
4972	5979	6216	11909	11818	11910
4762	5682	5829	6973	11563	7971
4763	5830	5683	7810	11564	6974
4718	5663	5930	11167	11903	11489
4612	6064	5603	10061	11887	7699
4613	5604	6065	7698	11888	10060
4941	6178	5500	11687	11728	8193
4942	5501	6179	8196	11729	11688
4943	5502	6180	8198	11731	11680
4944	6181	5503	11683	11732	8199
4438	5911	5649	11368	11911	11912
4830	5649	5911	11913	11911	11914
4758	5874	6158	11781	11915	11916
4814	5434	6176	11889	6698	11826
4815	6177	5435	11829	6699	11890
4429	5809	5874	11917	11918	11846
4912	5882	5911	9934	11919	10795
4535	5848	6158	11811	11920	10018
4712	5590	6068	10008	11087	10344
4877	5780	5918	11840	11921	10299
5056	5608	5954	9294	11922	10117
4725	5545	6130	10675	11798	10374
4726	6131	5546	10379	11799	10676
4553	6060	5652	7007	9763	11684
4484	6228	5508	11026	11043	10760
4513	5871	5988	11842	11923	11656
4853	5786	5789	11924	11874	11768
4854	5790	5787	11771	11875	11925
4534	5954	5608	11926	11922	8172
4447	5516	6192	7164	11506	11927
4448	6193	5517	11928	11507	7165
4526	5629	5964	11665	11885	11535
5106	5749	5989	10790	11808	10852
5173	6190	6187	10895	11876	10863
5174	6188	6191	10866	11877	10896
5039	5969	5648	9575	11929	8675
5105	6000	5753	10860	11812	10791
4796	5951	5809	11786	11930	11866
4971	5978	5646	11908	11931	11302
4972	5647	5979	11305	11932	11909
184	5573	6147	8940	11905	11473
91	6148	5574	11472	11906	8939
4519	5869	5971	11933	11934	11620
4903	5431	6209	6460	11741	11034
4744	6186	5531	10756	11490	9034
5143	6200	6202	10918	11891	10921
5144	6203	6201	10924	11892	10919
5216	6222	5582	11466	11599	10799
5215	5583	6223	10800	11600	11467
4921	5952	5933	11935	11936	9656
4430	5596	6106	8368	11707	11937
4431	6107	5597	11938	11710	8369
4533	5897	5833	11206	11939	11795
4830	5911	5882	11914	11919	10878
4554	5668	6110	11727	9798	11940
4781	5606	6033	10900	11477	11847
4782	6034	5607	11848	11478	10901
4965	6130	6241	11418	11809	8078
4966	6242	6131	8081	11810	11419
4769	6058	5512	11941	11546	8187
4770	5513	6059	8190	11547	11942
4902	5864	5875	11330	11882	11792
4853	5717	5926	11769	11793	11943
4854	5927	5718	11944	11794	11770
4872	5600	6118	6897	11409	9263
4436	5620	6239	10931	11901	11945
4437	6240	5621	11946	11902	10932
4831	5949	5856	11947	11948	11396
4832	5857	5950	11500	11949	11950
4402	5646	5978	6593	11931	11951
4401	5979	5647	11952	11932	6594
4933	5878	6110	11054	11953	11898
4794	5833	5897	11831	11939	11696
4536	5648	5969	8424	11929	11954
5183	5659	6128	11014	10730	9156
5184	6129	5660	9159	10731	11015
4873	5940	5846	10355	11955	11956
5035	5815	5992	9004	11896	9366
4848	5933	5952	9012	11936	11859
4866	6183	5551	8647	10778	10513
24	5674	6214	10114	11904	11432
7	5879	6057	11159	11957	11556
4823	5983	5646	11704	11303	6511
4824	5647	5984	6516	11304	11705
4898	5856	5949	9831	11948	11958
4899	5950	5857	11959	11949	9832
4830	6050	5649	8383	11161	11913
4864	5809	5951	11960	11930	11760
4858	5825	5901	11961	11962	6586
4860	5902	5826	6591	11963	11964
4840	5719	6192	11461	11965	10444
4841	6193	5720	10447	11966	11462
4762	5994	5705	7551	11833	8711
4763	5706	5995	8714	11834	7422
4733	5627	6096	11765	9792	11253
5016	6068	5610	10181	11121	9245
4857	5901	5825	11495	11962	7388
4859	5826	5902	7389	11963	11496
4873	5846	5945	11956	11967	11570
4872	5944	5845	11569	11968	6896
158	5846	5940	10503	11955	11427
4829	5918	5780	6978	11921	11106
4849	5770	5999	11778	11969	11870
179	5945	5846	11439	11967	10509
96	5845	5944	10508	11968	11440
4864	5874	5809	11970	11918	11960
4769	5782	6058	10095	11666	11941
4770	6059	5783	11942	11667	10096
4740	6121	5635	11301	9808	11803
4771	6095	5903	11821	11971	11233
4746	5671	6072	11639	11757	7888
4551	5999	5770	11972	11969	7597
4554	6110	5878	11940	11953	9186
4849	6142	5649	11872	11973	11160
4438	5649	6142	11912	11973	10360
4853	6041	5786	11974	11975	11924
4854	5787	6042	11925	11976	11977
5075	6070	5715	9393	11978	8893
5076	5716	6071	8894	11979	9394
4865	5614	6153	10988	11242	9024
5170	5757	6083	10583	11550	10994
4865	5954	5883	10118	11980	11868
4858	6215	5825	11816	11981	11961
4860	5826	6216	11964	11982	11817
5014	5999	5837	11897	11983	6886
4795	5971	5869	11587	11934	11895
4430	5949	6088	11984	11985	11352
4431	6089	5950	11355	11986	11987
4893	5988	5871	11873	11923	11287
4529	5786	6041	8384	11975	10614
4530	6042	5787	10619	11976	8385
4551	5837	5999	9599	11983	11972
4626	5715	6070	8272	11978	10229
4627	6071	5716	10228	11979	8273
4447	6192	5719	11927	11965	8021
4448	5720	6193	8024	11966	11928
4866	5884	5969	11869	11988	9574
4785	6204	5734	11487	11172	11744
4786	5735	6205	11745	11173	11488
5193	6132	6123	11232	11989	11219
4559	6215	5880	11990	11991	6887
4560	5881	6216	6892	11992	11993
4921	5993	5952	11672	11994	11935
4864	6158	5874	9232	11915	11970
4853	6149	6041	11995	11996	11974
4854	6042	6150	11977	11997	11998
4861	5917	5998	10964	11999	10185
4879	5744	6196	7229	11733	11899
4878	6197	5745	11900	11734	6261
4534	5883	5954	11152	11980	11926
4952	5998	5917	11297	11999	7801
4820	5791	6103	11371	12000	10262
4821	6104	5792	10265	12001	11372
4898	5949	6106	11958	12002	10883
4899	6107	5950	10884	12003	11959
4406	6143	6149	8057	12004	12005
4408	6150	6144	12006	12007	8058
4439	5952	5993	11858	11994	7305
4536	5969	5884	11954	11988	11153
4827	6123	6132	11548	11989	11447
4758	6158	5848	11916	11920	11581
4994	6057	5879	9532	11957	9557
4949	6149	6143	12008	12004	7107
4950	6144	6150	7110	12007	12009
4429	6227	5809	11603	11867	11917
4922	5990	6119	9293	12010	9449
4923	6120	5991	9452	12011	9290
4971	5880	6215	7048	11991	11907
4972	6216	5881	11910	11992	7051
4559	5825	6215	7184	11981	11990
4560	6216	5826	11993	11982	7185
4430	6106	5949	11937	12002	11984
4431	5950	6107	11987	12003	11938
286	6154	6099	11565	12012	10818
481	6100	6155	10819	12013	11566
4831	6088	5949	6866	11985	11947
4832	5950	6089	11950	11986	6867
5145	5903	6095	10969	11971	10781
4957	6035	6239	8811	12014	10605
4958	6240	6036	10608	12015	8812
4453	6119	5990	10029	12010	10079
4454	5991	6120	10080	12011	10030
187	6138	5835	11413	11611	10244
88	5834	6139	10245	11612	11410
4545	6103	5791	11579	12000	11659
4546	5792	6104	11658	12001	11580
4949	6041	6149	10857	11996	12008
4950	6150	6042	12009	11997	10858
4853	5926	6149	11943	12016	11995
4854	6150	5927	11998	12017	11944
4406	6149	5926	12005	12016	8780
4408	5927	6150	8783	12017	12006
4822	5726	6226	11437	10373	10099
4519	6080	5869	11761	11862	11933
4520	5870	6081	11151	11863	11762
4402	5978	6151	11951	12018	11268
4401	6152	5979	11271	12019	11952
4858	6151	5978	8700	12018	11814
4860	5979	6152	11819	12019	8701
4436	6239	6035	11945	12014	11280
4437	6036	6240	11281	12015	11946
4807	6124	5858	9995	11759	11730
478	6164	6165	11576	12020	10849
5012	6099	6154	10391	12012	8679
5013	6155	6100	8682	12013	10392
4810	5885	6184	8113	11491	10020
4927	6101	6235	10518	12021	10639
4928	6236	6102	10642	12022	10519
5023	6165	6164	10965	12020	8725
4936	6235	6101	11050	12021	7919
4937	6102	6236	7922	12022	11051

--------------------------------------------------------------------------------
NUMBER OF BOUNDARY TYPES        TOTAL NUMBER OF ELEMENTS
--------------------------------------------------------------------------------
4                               286

--------------------------------------------------------------------------------
BOUNDARY 1        CONSTRAINS (0-free 1-const 2-glue)  VALUES (default = 0.)
NUMB. OF ELEM.    Ux     Uy     Uz                    Ux     Uy     Uz  
--------------------------------------------------------------------------------
40                1      1      0                     0.     0.     0.

--------------------------------------------------------------------------------
BOUNDARY 1 - CONNECTIVITY
--------------------------------------------------------------------------------
6	264	273
264	265	274
265	266	275
266	267	276
267	268	277
268	269	278
269	270	279
270	271	280
271	272	281
272	1	282
1	283	292
283	284	293
284	285	294
285	286	295
286	287	296
287	288	297
288	289	298
289	290	299
290	291	300
291	2	301
4	302	306
302	303	307
303	304	308
304	305	309
305	2	310
3	469	473
469	470	474
470	471	475
471	472	476
472	5	477
6	478	487
478	479	488
479	480	489
480	481	490
481	482	491
482	483	492
483	484	493
484	485	494
485	486	495
486	5	496

--------------------------------------------------------------------------------
BOUNDARY 2        CONSTRAINS (0-free 1-const 2-glue)  VALUES (default = 0.)
NUMB. OF ELEM.    Ux     Uy     Uz                    Ux     Uy     Uz  
--------------------------------------------------------------------------------
166               2      2      0                     0.     0.     0.

--------------------------------------------------------------------------------
BOUNDARY 2 - CONNECTIVITY
--------------------------------------------------------------------------------
12	497	526
497	498	527
498	499	528
499	500	529
500	501	530
501	502	531
502	503	532
503	504	533
504	505	534
505	506	535
506	507	536
507	508	537
508	509	538
509	510	539
510	511	540
511	512	541
512	513	542
513	514	543
514	515	544
515	516	545
516	517	546
517	518	547
518	519	548
519	520	549
520	521	550
521	522	551
522	523	552
523	524	553
524	525	554
525	13	555
13	556	608
556	557	609
557	558	610
558	559	611
559	560	612
560	561	613
561	562	614
562	563	615
563	564	616
564	565	617
565	566	618
566	567	619
567	568	620
568	569	621
569	570	622
570	571	623
571	572	624
572	573	625
573	574	626
574	575	627
575	576	628
576	577	629
577	578	630
578	579	631
579	580	632
580	581	633
581	582	634
582	583	635
583	584	636
584	585	637
585	586	638
586	587	639
587	588	640
588	589	641
589	590	642
590	591	643
591	592	644
592	593	645
593	594	646
594	595	647
595	596	648
596	597	649
597	598	650
598	599	651
599	600	652
600	601	653
601	602	654
602	603	655
603	604	656
604	605	657
605	606	658
606	607	659
607	14	660
14	661	690
661	662	691
662	663	692
663	664	693
664	665	694
665	666	695
666	667	696
667	668	697
668	669	698
669	670	699
670	671	700
671	672	701
672	673	702
673	674	703
674	675	704
675	676	705
676	677	706
677	678	707
678	679	708
679	680	709
680	681	710
681	682	711
682	683	712
683	684	713
684	685	714
685	686	715
686	687	716
687	688	717
688	689	718
689	15	719
15	720	772
720	721	773
721	722	774
722	723	775
723	724	776
724	725	777
725	726	778
726	727	779
727	728	780
728	729	781
729	730	782
730	731	783
731	732	784
732	733	785
733	734	786
734	735	787
735	736	788
736	737	789
737	738	790
738	739	791
739	740	792
740	741	793
741	742	794
742	743	795
743	744	796
744	745	797
745	746	798
746	747	799
747	748	800
748	749	801
749	750	802
750	751	803
751	752	804
752	753	805
753	754	806
754	755	807
755	756	808
756	757	809
757	758	810
758	759	811
759	760	812
760	761	813
761	762	814
762	763	815
763	764	816
764	765	817
765	766	818
766	767	819
767	768	820
768	769	821
769	770	822
770	771	823
771	12	824

--------------------------------------------------------------------------------
BOUNDARY 3        CONSTRAINS (0-free 1-const 2-glue)  VALUES (default = 0.)
NUMB. OF ELEM.    Ux     Uy     Uz                    Ux     Uy     Uz  
--------------------------------------------------------------------------------
40                3      3      0                     0.     0.     0.

--------------------------------------------------------------------------------
BOUNDARY 3 - CONNECTIVITY
--------------------------------------------------------------------------------
4	311	350
311	312	351
312	313	352
313	314	353
314	315	354
315	316	355
316	317	356
317	318	357
318	319	358
319	320	359
320	321	360
321	322	361
322	323	362
323	324	363
324	325	364
325	326	365
326	327	366
327	328	367
328	329	368
329	330	369
330	331	370
331	332	371
332	333	372
333	334	373
334	335	374
335	336	375
336	337	376
337	338	377
338	339	378
339	340	379
340	341	380
341	342	381
342	343	382
343	344	383
344	345	384
345	346	385
346	347	386
347	348	387
348	349	388
349	7	389

--------------------------------------------------------------------------------
BOUNDARY 4        CONSTRAINS (0-free 1-const 2-glue)  VALUES (default = 0.)
NUMB. OF ELEM.    Ux     Uy     Uz                    Ux     Uy     Uz  
--------------------------------------------------------------------------------
40                3      3      0                     0.     0.     0.

--------------------------------------------------------------------------------
BOUNDARY 4 - CONNECTIVITY
--------------------------------------------------------------------------------
7	390	429
390	391	430
391	392	431
392	393	432
393	394	433
394	395	434
395	396	435
396	397	436
397	398	437
398	399	438
399	400	439
400	401	440
401	402	441
402	403	442
403	404	443
404	405	444
405	406	445
406	407	446
407	408	447
408	409	448
409	410	449
410	411	450
411	412	451
412	413	452
413	414	453
414	415	454
415	416	455
416	417	456
417	418	457
418	419	458
419	420	459
420	421	460
421	422	461
422	423	462
423	424	463
424	425	464
425	426	465
426	427	466
427	428	467
428	3	468

