0 0 -0.162029
0 0 -0.00843991
0 0 0.138768
0 0 -0.253348
0 0 0
0 0 0.0554758
0 0 -0.0869469
0 0 -0.1046
0 0 0.0272287
0 0 -0.0560137
0 0 0.0884661
0 0 0.0678202
0 0 0.0423976
0 0 -0.0761181
0 0 -0.0975166
0 0 -0.0216587
0 0 -0.0433146
0 0 -0.160329
0 0 -0.157546
0 0 -0.154816
0 0 -0.15242
0 0 -0.149605
0 0 -0.147059
0 0 -0.144775
0 0 -0.142427
0 0 -0.139719
0 0 -0.137366
0 0 -0.13473
0 0 -0.132487
0 0 -0.130259
0 0 -0.127838
0 0 -0.125629
0 0 -0.123262
0 0 -0.121115
0 0 -0.118757
0 0 -0.116603
0 0 -0.114282
0 0 -0.112155
0 0 -0.109789
0 0 -0.10761
0 0 -0.105566
0 0 -0.103193
0 0 -0.101031
0 0 -0.0986712
0 0 -0.096312
0 0 -0.094089
0 0 -0.0917939
0 0 -0.0892255
0 0 -0.0868222
0 0 -0.0840886
0 0 -0.0813652
0 0 -0.0787362
0 0 -0.0759928
0 0 -0.0728007
0 0 -0.0697334
0 0 -0.0661695
0 0 -0.0625784
0 0 -0.058395
0 0 -0.0541365
0 0 -0.0493889
0 0 -0.0445802
0 0 -0.0389805
0 0 -0.0322006
0 0 -0.0254396
0 0 -0.0175126
0 0 -0.161649
0 0 -0.158783
0 0 -0.156159
0 0 -0.153581
0 0 -0.151046
0 0 -0.148492
0 0 -0.145888
0 0 -0.143417
0 0 -0.141037
0 0 -0.138585
0 0 -0.136113
0 0 -0.133718
0 0 -0.131344
0 0 -0.129029
0 0 -0.126705
0 0 -0.124443
0 0 -0.122149
0 0 -0.11992
0 0 -0.117653
0 0 -0.115464
0 0 -0.113218
0 0 -0.111021
0 0 -0.108793
0 0 -0.106556
0 0 -0.104379
0 0 -0.102116
0 0 -0.0998639
0 0 -0.0975316
0 0 -0.0951998
0 0 -0.0928611
0 0 -0.0905112
0 0 -0.0879934
0 0 -0.0855234
0 0 -0.0828652
0 0 -0.0800882
0 0 -0.0772895
0 0 -0.0744017
0 0 -0.0712475
0 0 -0.0680294
0 0 -0.0644734
0 0 -0.0606966
0 0 -0.0565187
0 0 -0.0519822
0 0 -0.04715
0 0 -0.04173
0 0 -0.0356915
0 0 -0.0291393
0 0 -0.0214899
0 0 -0.0130165
0 0 -0.000548727
0 0 0.0070469
0 0 0.0165121
0 0 0.0256489
0 0 0.0352637
0 0 0.0470248
0 0 0.0591768
0 0 0.0737019
0 0 0.0878463
0 0 0.105974
0 0 0.124498
0 0 0.146794
0 0 0.169419
0 0 0.197754
0 0 0.227567
0 0 0.266392
0 0 0.305669
0 0 0.356012
0 0 0.40877
0 0 0.464141
0 0 0.50776
0 0 0.503724
0 0 0.39541
0 0 -0.00473806
0 0 0.00307256
0 0 0.0114298
0 0 0.0207406
0 0 0.030511
0 0 0.0410887
0 0 0.0529023
0 0 0.0659978
0 0 0.0805271
0 0 0.0963561
0 0 0.114617
0 0 0.134903
0 0 0.157211
0 0 0.182825
0 0 0.212115
0 0 0.245558
0 0 0.285202
0 0 0.329854
0 0 0.381606
0 0 0.4396
0 0 0.497031
0 0 0.527858
0 0 0.479819
0 0 0.28278
0 0 -0.190745
0 0 -0.426623
0 0 -0.534634
0 0 -0.554966
0 0 -0.553412
0 0 -0.537566
0 0 -0.517689
0 0 -0.493106
0 0 -0.471443
0 0 -0.448746
0 0 -0.429166
0 0 -0.409185
0 0 -0.39054
0 0 -0.374033
0 0 -0.357148
0 0 -0.342967
0 0 -0.328354
0 0 -0.316139
0 0 -0.304506
0 0 -0.292605
0 0 -0.281862
0 0 -0.271356
0 0 -0.261976
0 0 -0.0278031
0 0 -0.322531
0 0 -0.49735
0 0 -0.553072
0 0 -0.560893
0 0 -0.549258
0 0 -0.529517
0 0 -0.505694
0 0 -0.482559
0 0 -0.459948
0 0 -0.438722
0 0 -0.418821
0 0 -0.3997
0 0 -0.381475
0 0 -0.365087
0 0 -0.349581
0 0 -0.335313
0 0 -0.321869
0 0 -0.309398
0 0 -0.297717
0 0 -0.286626
0 0 -0.276428
0 0 -0.266772
0 0 -0.257621
0 0 -0.242651
0 0 -0.233122
0 0 -0.224554
0 0 -0.216624
0 0 -0.209846
0 0 -0.203927
0 0 -0.198347
0 0 -0.193215
0 0 -0.188788
0 0 -0.184561
0 0 -0.180915
0 0 -0.177276
0 0 -0.174236
0 0 -0.171352
0 0 -0.168682
0 0 -0.166186
0 0 -0.163935
0 0 -0.161845
0 0 -0.160063
0 0 -0.158263
0 0 -0.156691
0 0 -0.155246
0 0 -0.153837
0 0 -0.152609
0 0 -0.151393
0 0 -0.150352
0 0 -0.149322
0 0 -0.148396
0 0 -0.147489
0 0 -0.146687
0 0 -0.145907
0 0 -0.145205
0 0 -0.144525
0 0 -0.143951
0 0 -0.143426
0 0 -0.14288
0 0 -0.142391
0 0 -0.14198
0 0 -0.141565
0 0 -0.141183
0 0 -0.140857
0 0 -0.140605
0 0 -0.140467
0 0 -0.140543
0 0 -0.141012
0 0 -0.141898
0 0 -0.144037
0 0 -0.146062
0 0 -0.247897
0 0 -0.237699
0 0 -0.228591
0 0 -0.220672
0 0 -0.213263
0 0 -0.206802
0 0 -0.201049
0 0 -0.195774
0 0 -0.190956
0 0 -0.186638
0 0 -0.182666
0 0 -0.179073
0 0 -0.175722
0 0 -0.172695
0 0 -0.169915
0 0 -0.167381
0 0 -0.165047
0 0 -0.162901
0 0 -0.160903
0 0 -0.159122
0 0 -0.157436
0 0 -0.1559
0 0 -0.154506
0 0 -0.153198
0 0 -0.151995
0 0 -0.150868
0 0 -0.149827
0 0 -0.148846
0 0 -0.14793
0 0 -0.147075
0 0 -0.146282
0 0 -0.145542
0 0 -0.144855
0 0 -0.144223
0 0 -0.143634
0 0 -0.143115
0 0 -0.142626
0 0 -0.142172
0 0 -0.141747
0 0 -0.141353
0 0 -0.140996
0 0 -0.140708
0 0 -0.140484
0 0 -0.140466
0 0 -0.140616
0 0 -0.141205
0 0 -0.142238
0 0 -0.144124
0 0 -0.148777
0 0 0.0927318
0 0 0.0947513
0 0 0.094428
0 0 0.092253
0 0 0.0881414
0 0 0.0823872
0 0 0.0749017
0 0 0.06583
0 0 0.0909342
0 0 0.0940388
0 0 0.0948676
0 0 0.0935079
0 0 0.0903477
0 0 0.0854148
0 0 0.0787836
0 0 0.0704749
0 0 0.0608428
0 0 0.0437323
0 0 0.030849
0 0 0.0168313
0 0 0.00173768
0 0 -0.0143676
0 0 -0.0313631
0 0 -0.0492106
0 0 -0.0677576
0 0 0.0497396
0 0 0.0374111
0 0 0.0239379
0 0 0.00937628
0 0 -0.00623649
0 0 -0.0227997
0 0 -0.0402414
0 0 -0.0584322
0 0 -0.0773324
0 0 -0.10028
0 0 -0.0994814
0 0 -0.102515
0 0 -0.110442
0 0 -0.122083
0 0 -0.132308
0 0 -0.133526
0 0 -0.119148
0 0 -0.0852382
0 0 -0.0361502
0 0 0.0070108
0 0 0.027093
0 0 -0.101954
0 0 -0.099195
0 0 -0.0998064
0 0 -0.105249
0 0 -0.115427
0 0 -0.127383
0 0 -0.134475
0 0 -0.128732
0 0 -0.104789
0 0 -0.0619345
0 0 -0.0128114
0 0 0.0198882
0 0 0.0289623
0 0 0.0175121
0 0 0.00398551
0 0 -0.00993383
0 0 -0.0221674
0 0 -0.0316962
0 0 -0.0384891
0 0 -0.0434876
0 0 -0.04723
0 0 -0.0501493
0 0 -0.0524186
0 0 -0.0540269
0 0 -0.055118
0 0 0.0231137
0 0 0.0109179
0 0 -0.00313082
0 0 -0.0164664
0 0 -0.0274325
0 0 -0.035483
0 0 -0.0412182
0 0 -0.0455285
0 0 -0.0488113
0 0 -0.0514032
0 0 -0.0533226
0 0 -0.0546321
0 0 -0.0556075
0 0 -0.10539
0 0 -0.119923
0 0 -0.129615
0 0 -0.134996
0 0 -0.136828
0 0 -0.136204
0 0 -0.133943
0 0 -0.130897
0 0 -0.127407
0 0 -0.123533
0 0 -0.119563
0 0 -0.115314
0 0 -0.110411
0 0 -0.0965569
0 0 -0.113335
0 0 -0.125395
0 0 -0.132819
0 0 -0.13634
0 0 -0.136784
0 0 -0.135196
0 0 -0.132524
0 0 -0.129184
0 0 -0.125452
0 0 -0.121565
0 0 -0.117509
0 0 -0.112918
0 0 -0.107572
0 0 -0.0556064
0 0 -0.0529653
0 0 -0.048289
0 0 -0.0418703
0 0 -0.0336551
0 0 -0.0237833
0 0 -0.0121065
0 0 0.0013363
0 0 0.0164935
0 0 0.0330304
0 0 0.0502277
0 0 0.0664934
0 0 0.0800499
0 0 -0.0561498
0 0 -0.0545878
0 0 -0.0509105
0 0 -0.0453588
0 0 -0.0379915
0 0 -0.0289862
0 0 -0.0181874
0 0 -0.00565674
0 0 0.00868114
0 0 0.0245652
0 0 0.0416403
0 0 0.0585991
0 0 0.07379
0 0 0.0849707
0 0 0
0 0 0
0 0 0
0 0 0
0 0 0
0 0 0
0 0 0
0 0 0
0 0 0.0718404
0 0 0.073358
0 0 0.0744842
0 0 0.0740963
0 0 0.0729887
0 0 0.0718782
0 0 0.0685527
0 0 0.0653116
0 0 0.0625391
0 0 0.0581113
0 0 0.0535069
0 0 0.048339
0 0 0.0700814
0 0 0.0728395
0 0 0.0739597
0 0 0.0746064
0 0 0.0736035
0 0 0.0723112
0 0 0.0705449
0 0 0.0667035
0 0 0.0638748
0 0 0.0610945
0 0 0.0553379
0 0 0.05164
0 0 0.0451792
0 0 0.0365412
0 0 0.0296466
0 0 0.0223295
0 0 0.014833
0 0 0.00674783
0 0 -0.00190661
0 0 -0.0113562
0 0 -0.0209632
0 0 -0.0311522
0 0 -0.0420465
0 0 -0.0531166
0 0 -0.0653355
0 0 0.0399129
0 0 0.0331975
0 0 0.0258355
0 0 0.0188308
0 0 0.0109534
0 0 0.00275835
0 0 -0.00641326
0 0 -0.0159686
0 0 -0.0257515
0 0 -0.0365257
0 0 -0.0473386
0 0 -0.0590835
0 0 -0.0707593
0 0 -0.0888622
0 0 -0.100414
0 0 -0.108301
0 0 -0.114732
0 0 -0.117532
0 0 -0.119712
0 0 -0.118374
0 0 -0.117524
0 0 -0.11387
0 0 -0.111886
0 0 -0.107354
0 0 -0.104708
0 0 -0.0993141
0 0 -0.0823337
0 0 -0.0952814
0 0 -0.104837
0 0 -0.111833
0 0 -0.116394
0 0 -0.118751
0 0 -0.119064
0 0 -0.117879
0 0 -0.115649
0 0 -0.112828
0 0 -0.109571
0 0 -0.106072
0 0 -0.102135
0 0 -0.0984957
0 0 -0.0919216
0 0 -0.0882405
0 0 -0.0874155
0 0 -0.0872533
0 0 -0.0878301
0 0 -0.0890612
0 0 -0.0875409
0 0 -0.0837014
0 0 -0.0765299
0 0 -0.0677654
0 0 -0.0529942
0 0 -0.043729
0 0 -0.0949792
0 0 -0.0892907
0 0 -0.0874077
0 0 -0.0874266
0 0 -0.0873951
0 0 -0.0885797
0 0 -0.0895354
0 0 -0.0879788
0 0 -0.0807356
0 0 -0.0736215
0 0 -0.0638835
0 0 -0.0462897
0 0 -0.0341236
0 0 -0.0194764
0 0 -0.0244442
0 0 -0.0266524
0 0 -0.0306626
0 0 -0.0347007
0 0 -0.0381149
0 0 -0.039709
0 0 -0.0408442
0 0 -0.0417863
0 0 -0.0416408
0 0 -0.0417019
0 0 -0.0421676
0 0 -0.0179506
0 0 -0.0219305
0 0 -0.0248922
0 0 -0.0280226
0 0 -0.0328324
0 0 -0.0369258
0 0 -0.0390023
0 0 -0.040275
0 0 -0.0416344
0 0 -0.0417952
0 0 -0.0416176
0 0 -0.0416291
0 0 -0.0425584
0 0 -0.041201
0 0 -0.038355
0 0 -0.0343561
0 0 -0.0285627
0 0 -0.0214676
0 0 -0.0129468
0 0 -0.00314515
0 0 0.00770505
0 0 0.0200305
0 0 0.0323967
0 0 0.0449804
0 0 0.0563697
0 0 0.0636833
0 0 -0.0423904
0 0 -0.0400834
0 0 -0.036615
0 0 -0.031689
0 0 -0.0252764
0 0 -0.0173319
0 0 -0.00824362
0 0 0.00228728
0 0 0.0136339
0 0 0.0263664
0 0 0.0386241
0 0 0.0511211
0 0 0.0611172
0 0 0.0664327
0 0 -0.122081
0 0 0.0761685
0 0 -0.0490874
0 0 -0.171875
0 0 0.17877
0 0 0.171469
0 0 0.083848
0 0 -0.119282
0 0 -0.140637
0 0 -0.151127
0 0 -0.0993596
0 0 -0.0887492
0 0 -0.0669274
0 0 0.115772
0 0 -0.199337
0 0 -0.176083
0 0 -0.148143
0 0 -0.141834
0 0 -0.140569
0 0 -0.0423512
0 0 -0.135994
0 0 -0.136643
0 0 -0.121466
0 0 0.0118427
0 0 -0.0292268
0 0 -0.219896
0 0 0.265249
0 0 -0.110309
0 0 -0.144865
0 0 0.233043
0 0 0.225738
0 0 0.122779
0 0 -0.272962
0 0 -0.167864
0 0 -0.102747
0 0 -0.0710012
0 0 -0.0983324
0 0 -0.150159
0 0 -0.184765
0 0 0.0333289
0 0 -0.141422
0 0 0.361618
0 0 -0.278008
0 0 -0.242218
0 0 -0.0721303
0 0 -0.156889
0 0 -0.143594
0 0 -0.0256032
0 0 -0.0318114
0 0 -0.105233
0 0 -0.155505
0 0 -0.212464
0 0 -0.146981
0 0 0.332089
0 0 0.0246271
0 0 -0.191873
0 0 -0.142961
0 0 -0.088792
0 0 -0.240572
0 0 0.0633438
0 0 -0.141456
0 0 -0.136331
0 0 -0.126374
0 0 -0.0643788
0 0 -0.0120633
0 0 -0.163985
0 0 -0.0591211
0 0 -0.0889363
0 0 -0.337459
0 0 0.176445
0 0 -0.168394
0 0 0.13433
0 0 -0.166805
0 0 -0.373731
0 0 -0.144732
0 0 -0.111705
0 0 -0.148029
0 0 -0.11058
0 0 0.101078
0 0 0.278508
0 0 -0.177374
0 0 0.253565
0 0 -0.0899864
0 0 -0.056819
0 0 -0.142678
0 0 0.00923359
0 0 -0.144832
0 0 -0.347147
0 0 -0.319358
0 0 0.0185758
0 0 0.113489
0 0 -0.098866
0 0 0.0229811
0 0 -0.118657
0 0 -0.0561484
0 0 -0.131936
0 0 -0.0888981
0 0 -0.159017
0 0 -0.0129605
0 0 -0.153153
0 0 -0.00335635
0 0 -0.151291
0 0 -0.15258
0 0 -0.100624
0 0 -0.137743
0 0 -0.0847809
0 0 -0.117598
0 0 -0.0813893
0 0 -0.145979
0 0 0.175318
0 0 0.251153
0 0 -0.276624
0 0 -0.123507
0 0 -0.0103924
0 0 -0.152339
0 0 0.128315
0 0 -0.141073
0 0 -0.215298
0 0 0.107707
0 0 -0.0703589
0 0 -0.0747781
0 0 0.153984
0 0 -0.182642
0 0 -0.0375624
0 0 -0.148253
0 0 -0.181136
0 0 -0.109567
0 0 0.132706
0 0 -0.159273
0 0 -0.1144
0 0 -0.0633673
0 0 -0.120817
0 0 -0.145649
0 0 -0.125452
0 0 -0.149959
0 0 0.0454556
0 0 -0.038484
0 0 -0.119412
0 0 -0.0771837
0 0 0.422433
0 0 -0.0662922
0 0 -0.0427519
0 0 0.423836
0 0 -0.204946
0 0 -0.121285
0 0 -0.12872
0 0 -0.187977
0 0 -0.160774
0 0 -0.0407045
0 0 -0.151179
0 0 -0.234584
0 0 -0.142183
0 0 -0.172398
0 0 -0.133303
0 0 -0.175976
0 0 0.121043
0 0 -0.178665
0 0 -0.185778
0 0 -0.149765
0 0 -0.107925
0 0 -0.158936
0 0 0.128386
0 0 0.18337
0 0 -0.424673
0 0 -0.0756181
0 0 -0.126676
0 0 -0.132136
0 0 -0.0659801
0 0 0.0695489
0 0 -0.103741
0 0 -0.16098
0 0 -0.253045
0 0 -0.143674
0 0 -0.168382
0 0 -0.124041
0 0 -0.0915923
0 0 -0.107696
0 0 -0.0917479
0 0 -0.146282
0 0 -0.429703
0 0 -0.130459
0 0 0.044949
0 0 0.0697879
0 0 -0.114719
0 0 -0.156186
0 0 -0.304228
0 0 0.220671
0 0 0.0742643
0 0 -0.105833
0 0 -0.0526482
0 0 -0.141218
0 0 -0.0840579
0 0 -0.0311191
0 0 -0.399624
0 0 0.0379859
0 0 -0.1588
0 0 -0.196206
0 0 -0.218608
0 0 -0.141084
0 0 -0.0723675
0 0 -0.152532
0 0 0.00198144
0 0 -0.194798
0 0 -0.0970138
0 0 0.193467
0 0 0.142485
0 0 -0.0538834
0 0 0.332276
0 0 -0.142427
0 0 -0.16129
0 0 -0.159578
0 0 0.0739378
0 0 0.0287102
0 0 0.0126134
0 0 0.0667052
0 0 -0.139057
0 0 -0.166955
0 0 -0.0954099
0 0 -0.147141
0 0 -0.115107
0 0 -0.140704
0 0 -0.0401875
0 0 -0.11299
0 0 -0.122294
0 0 -0.0247225
0 0 0.218051
0 0 -0.137572
0 0 -0.131278
0 0 -0.0536306
0 0 -0.0538331
0 0 0.132425
0 0 0.0953358
0 0 0.0268773
0 0 -0.233509
0 0 -0.0315233
0 0 0.294643
0 0 -0.133122
0 0 -0.0407285
0 0 -0.128766
0 0 -0.160842
0 0 0.0689633
0 0 -0.127659
0 0 -0.109949
0 0 -0.178615
0 0 -0.138071
0 0 -0.147928
0 0 -0.147023
0 0 -0.142653
0 0 -0.116759
0 0 -0.156279
0 0 -0.074943
0 0 -0.143844
0 0 -0.135884
0 0 0.109043
0 0 -0.215014
0 0 -0.160497
0 0 -0.119211
0 0 0.170082
0 0 -0.145673
0 0 0.156343
0 0 -0.110613
0 0 0.151919
0 0 -0.112859
0 0 -0.0439148
0 0 -0.0150298
0 0 -0.151085
0 0 -0.0706917
0 0 -0.0574405
0 0 -0.141434
0 0 -0.120135
0 0 -0.151951
0 0 -0.103974
0 0 0.262605
0 0 0.0901618
0 0 -0.0821417
0 0 -0.135768
0 0 -0.157596
0 0 -0.157001
0 0 -0.0233948
0 0 -0.146116
0 0 -0.0663543
0 0 -0.358504
0 0 -0.1068
0 0 -0.0704506
0 0 -0.0823763
0 0 -0.0845519
0 0 -0.160838
0 0 0.153464
0 0 -0.11343
0 0 -0.391404
0 0 -0.00239248
0 0 -0.169076
0 0 -0.137478
0 0 -0.152959
0 0 -0.280508
0 0 -0.194272
0 0 -0.115281
0 0 0.0221023
0 0 -0.141635
0 0 -0.155994
0 0 -0.128058
0 0 0.116736
0 0 -0.0997729
0 0 -0.143276
0 0 -0.468582
0 0 -0.148783
0 0 -0.135567
0 0 -0.128467
0 0 -0.122835
0 0 -0.240762
0 0 0.0161459
0 0 -0.0841401
0 0 0.474038
0 0 -0.0107577
0 0 0.184768
0 0 0.343998
0 0 -0.274538
0 0 -0.14488
0 0 -0.0996057
0 0 0.251957
0 0 -0.0915456
0 0 0.390594
0 0 -0.0579832
0 0 -0.100735
0 0 -0.174392
0 0 -0.0932063
0 0 -0.119689
0 0 -0.0193063
0 0 0.137244
0 0 -0.184037
0 0 -0.146985
0 0 0.0152076
0 0 -0.119244
0 0 -0.130338
0 0 0.172295
0 0 -0.178396
0 0 -0.0884524
0 0 0.102637
0 0 0.110407
0 0 -0.0887917
0 0 0.219948
0 0 0.0879356
0 0 0.0474969
0 0 0.185
0 0 0.264903
0 0 -0.141682
0 0 -0.171138
0 0 -0.18866
0 0 0.322039
0 0 -0.136954
0 0 -0.144087
0 0 -0.251975
0 0 -0.158417
0 0 -0.142937
0 0 -0.141183
0 0 -0.140631
0 0 0.105644
0 0 -0.163492
0 0 -0.0850492
0 0 -0.160697
0 0 0.0686699
0 0 0.265226
0 0 -0.110777
0 0 -0.0825389
0 0 -0.330207
0 0 -0.135372
0 0 -0.0238792
0 0 -0.069554
0 0 -0.103018
0 0 -0.0602146
0 0 -0.215577
0 0 0.0495799
0 0 -0.154323
0 0 -0.0893264
0 0 -0.139865
0 0 -0.38276
0 0 -0.0531849
0 0 -0.158144
0 0 -0.0998737
0 0 -0.0150232
0 0 -0.160488
0 0 0.0976335
0 0 0.129391
0 0 -0.149196
0 0 -0.15595
0 0 -0.0332142
0 0 -0.0808104
0 0 -0.181366
0 0 -0.146302
0 0 -0.0829042
0 0 -0.255068
0 0 -0.0887835
0 0 -0.0558345
0 0 -0.166015
0 0 -0.140899
0 0 -0.164106
0 0 -0.0471039
0 0 -0.0400262
0 0 0.286278
0 0 -0.143223
0 0 -0.160989
0 0 -0.0665208
0 0 -0.35108
0 0 0.00819691
0 0 0.0790415
0 0 0.137154
0 0 0.108599
0 0 -0.248128
0 0 -0.143529
0 0 -0.143854
0 0 -0.281881
0 0 -0.0954491
0 0 -0.153277
0 0 -0.219727
0 0 -0.11262
0 0 -0.149554
0 0 -0.0976209
0 0 -0.0890248
0 0 -0.112638
0 0 0.16322
0 0 -0.133079
0 0 -0.187629
0 0 -0.113228
0 0 -0.130651
0 0 -0.184593
0 0 -0.143915
0 0 -0.139908
0 0 -0.149601
0 0 -0.150659
0 0 -0.13623
0 0 0.0203981
0 0 -0.102438
0 0 0.0391592
0 0 0.41769
0 0 -0.0453926
0 0 -0.0770634
0 0 -0.145931
0 0 -0.107207
0 0 0.137929
0 0 -0.163249
0 0 -0.180961
0 0 -0.0249723
0 0 -0.00627817
0 0 -0.0643401
0 0 -0.169635
0 0 -0.107674
0 0 0.0483608
0 0 0.212851
0 0 -0.124676
0 0 0.046699
0 0 -0.059669
0 0 -0.0503446
0 0 -0.139373
0 0 -0.0532003
0 0 0.00684803
0 0 -0.00823597
0 0 -0.259358
0 0 -0.311438
0 0 -0.155552
0 0 -0.234861
0 0 -0.0795053
0 0 0.0207595
0 0 0.00756942
0 0 -0.213166
0 0 -0.122594
0 0 -0.290815
0 0 -0.0596723
0 0 -0.145278
0 0 -0.122531
0 0 -0.155548
0 0 -0.430381
0 0 -0.141988
0 0 -0.0869767
0 0 -0.00698238
0 0 -0.15623
0 0 -0.140821
0 0 -0.158682
0 0 0.0180164
0 0 0.160981
0 0 -0.227261
0 0 -0.067345
0 0 -0.040097
0 0 -0.169565
0 0 -0.154561
0 0 -0.190639
0 0 -0.150379
0 0 -0.127391
0 0 -0.0948727
0 0 -0.168062
0 0 -0.141456
0 0 -0.138074
0 0 -0.309581
0 0 0.041263
0 0 0.0654452
0 0 -0.160695
0 0 -0.142662
0 0 0.153063
0 0 -0.220374
0 0 -0.0256734
0 0 -0.200354
0 0 -0.0564036
0 0 -0.116215
0 0 -0.103259
0 0 -0.107034
0 0 0.00869366
0 0 -0.123175
0 0 -0.131361
0 0 -0.0660304
0 0 -0.0629821
0 0 -0.115982
0 0 -0.176096
0 0 -0.200768
0 0 -0.15835
0 0 -0.319304
0 0 -0.175632
0 0 -0.249133
0 0 -0.126651
0 0 0.482632
0 0 -0.147097
0 0 -0.0945192
0 0 -0.181651
0 0 -0.0746113
0 0 -0.148192
0 0 -0.0771678
0 0 -0.00984954
0 0 -0.07369
0 0 -0.066624
0 0 -0.111053
0 0 -0.505349
0 0 0.0834994
0 0 -0.18242
0 0 -0.0413521
0 0 -0.157041
0 0 -0.136675
0 0 -0.0773123
0 0 -0.0645517
0 0 -0.148869
0 0 -0.128264
0 0 -0.0881891
0 0 -0.142201
0 0 0.188878
0 0 -0.085709
0 0 0.437425
0 0 -0.17402
0 0 -0.486905
0 0 0.113309
0 0 -0.121093
0 0 0.226876
0 0 -0.22956
0 0 -0.0549574
0 0 -0.153714
0 0 0.0460724
0 0 -0.142011
0 0 -0.0100898
0 0 -0.182624
0 0 -0.143839
0 0 0.286764
0 0 -0.109179
0 0 -0.169573
0 0 -0.135023
0 0 -0.0136197
0 0 -0.146858
0 0 0.0689506
0 0 -0.150877
0 0 -0.106438
0 0 -0.0847018
0 0 -0.0134547
0 0 -0.471236
0 0 0.0218958
0 0 -0.133995
0 0 -0.0232301
0 0 -0.149099
0 0 -0.262961
0 0 -0.104163
0 0 0.0105525
0 0 -0.128513
0 0 -0.070737
0 0 -0.039393
0 0 -0.0658371
0 0 -0.139821
0 0 0.189575
0 0 -0.168219
0 0 -0.0699832
0 0 -0.0527984
0 0 -0.140279
0 0 -0.123156
0 0 -0.157016
0 0 0.0550943
0 0 -0.109859
0 0 -0.0326316
0 0 -0.203384
0 0 0.141465
0 0 -0.112856
0 0 -0.108427
0 0 0.093376
0 0 -0.139532
0 0 -0.148191
0 0 0.0683088
0 0 0.214696
0 0 -0.148224
0 0 0.101834
0 0 -0.162866
0 0 -0.144227
0 0 0.0683159
0 0 0.11687
0 0 0.0437201
0 0 -0.122062
0 0 -0.201386
0 0 -0.523948
0 0 -0.0363296
0 0 0.087366
0 0 0.431516
0 0 -0.145577
0 0 -0.151884
0 0 -0.303112
0 0 0.0224698
0 0 0.0407438
0 0 -0.142272
0 0 -0.155019
0 0 -0.13241
0 0 -0.109222
0 0 0.15725
0 0 -0.0585792
0 0 -0.117557
0 0 0.0822079
0 0 -0.347165
0 0 0.222481
0 0 0.00416883
0 0 -0.0749167
0 0 -0.0431697
0 0 -0.0519017
0 0 -0.140886
0 0 -0.174296
0 0 -0.147208
0 0 0.0725511
0 0 -0.0842047
0 0 -0.0395947
0 0 -0.134106
0 0 -0.133053
0 0 -0.172758
0 0 -0.0871317
0 0 -0.319258
0 0 0.0266988
0 0 -0.143099
0 0 -0.0529646
0 0 -0.158764
0 0 0.365245
0 0 -0.14081
0 0 -0.139416
0 0 0.297421
0 0 -0.122002
0 0 -0.0761985
0 0 0.130996
0 0 0.0222069
0 0 -0.109952
0 0 -0.525026
0 0 0.254357
0 0 0.375688
0 0 0.243697
0 0 -0.108984
0 0 0.283528
0 0 -0.140757
0 0 -0.140779
0 0 -0.155737
0 0 -0.148844
0 0 -0.132243
0 0 0.129873
0 0 -0.113618
0 0 -0.159054
0 0 -0.236974
0 0 -0.358733
0 0 -0.148464
0 0 -0.231055
0 0 0.121131
0 0 0.109949
0 0 -0.00327376
0 0 -0.145777
0 0 0.329432
0 0 -0.091656
0 0 -0.0358636
0 0 -0.104473
0 0 -0.0828584
0 0 -0.222001
0 0 0.150191
0 0 -0.189767
0 0 -0.156076
0 0 -0.415214
0 0 -0.125399
0 0 -0.208255
0 0 -0.115596
0 0 -0.162046
0 0 -0.339782
0 0 -0.157926
0 0 -0.220165
0 0 0.15279
0 0 -0.0197193
0 0 -0.0929343
0 0 -0.168877
0 0 0.21568
0 0 -0.101753
0 0 -0.243534
0 0 -0.167342
0 0 0.106196
0 0 0.145238
0 0 -0.0177339
0 0 -0.143475
0 0 -0.144795
0 0 -0.00641904
0 0 -0.195569
0 0 -0.0973457
0 0 0.136982
0 0 -0.121851
0 0 -0.454265
0 0 -0.206229
0 0 -0.172246
0 0 -0.145164
0 0 -0.161992
0 0 0.18523
0 0 -0.149806
0 0 -0.0922982
0 0 -0.115115
0 0 -0.172498
0 0 -0.107762
0 0 0.147567
0 0 0.161959
0 0 -0.0625053
0 0 -0.116283
0 0 -0.186497
0 0 0.0336434
0 0 -0.3593
0 0 0.0314599
0 0 -0.149841
0 0 -0.211007
0 0 0.0667435
0 0 -0.0981281
0 0 -0.112964
0 0 -0.193126
0 0 -0.146316
0 0 -0.157359
0 0 -0.115428
0 0 -0.141164
0 0 -0.14113
0 0 -0.103267
0 0 -0.0278778
0 0 -0.0971977
0 0 -0.197388
0 0 -0.156438
0 0 0.30046
0 0 -0.141405
0 0 -0.14715
0 0 -0.011706
0 0 -0.0421344
0 0 -0.0853599
0 0 -0.163395
0 0 -0.0654109
0 0 0.000696597
0 0 -0.141358
0 0 -0.165139
0 0 0.111615
0 0 -0.11654
0 0 -0.13882
0 0 -0.188862
0 0 -0.141742
0 0 -0.0840586
0 0 0.0310958
0 0 -0.107769
0 0 0.195176
0 0 -0.151976
0 0 -0.0317356
0 0 -0.0571091
0 0 -0.129028
0 0 -0.0288709
0 0 -0.090865
0 0 -0.0717641
0 0 -0.263674
0 0 -0.151098
0 0 -0.126188
0 0 -0.098927
0 0 -0.140812
0 0 0.118581
0 0 -0.142263
0 0 -0.106009
0 0 0.182488
0 0 -0.136211
0 0 0.0933539
0 0 -0.130011
0 0 -0.145426
0 0 -0.162115
0 0 -0.0759698
0 0 -0.0040269
0 0 -0.109364
0 0 -0.160873
0 0 0.0664744
0 0 -0.0729239
0 0 -0.408104
0 0 -0.151075
0 0 -0.141864
0 0 -0.179004
0 0 -0.0621238
0 0 -0.304831
0 0 -0.121317
0 0 -0.137516
0 0 0.0895491
0 0 -0.290017
0 0 0.0872539
0 0 -0.147949
0 0 0.00370168
0 0 -0.195824
0 0 -0.179235
0 0 0.0198394
0 0 0.211854
0 0 0.0857796
0 0 0.123315
0 0 -0.143653
0 0 -0.113177
0 0 0.0286208
0 0 0.286293
0 0 0.111516
0 0 0.190148
0 0 -0.145245
0 0 0.0113777
0 0 -0.144295
0 0 0.225424
0 0 -0.156317
0 0 -0.165114
0 0 -0.389467
0 0 -0.076037
0 0 -0.180761
0 0 -0.0234335
0 0 0.115631
0 0 0.091825
0 0 -0.0491607
0 0 -0.135861
0 0 0.0954545
0 0 -0.331246
0 0 -0.142643
0 0 0.0543133
0 0 -0.237295
0 0 -0.148219
0 0 -0.11719
0 0 -0.148601
0 0 -0.0622324
0 0 -0.109959
0 0 -0.122277
0 0 -0.0810412
0 0 0.224093
0 0 -0.0719685
0 0 0.064427
0 0 -0.426757
0 0 -0.150607
0 0 -0.0348628
0 0 0.0906689
0 0 -0.158713
0 0 -0.064155
0 0 0.126381
0 0 -0.138344
0 0 -0.0144582
0 0 -0.153159
0 0 -0.11902
0 0 -0.138647
0 0 -0.148846
0 0 -0.261329
0 0 -0.12168
0 0 0.0695896
0 0 -0.105075
0 0 -0.0798224
0 0 -0.0214379
0 0 0.0426454
0 0 -0.0646283
0 0 0.229827
0 0 -0.175676
0 0 -0.145723
0 0 -0.117393
0 0 -0.162989
0 0 -0.0457775
0 0 -0.128824
0 0 -0.154482
0 0 0.11154
0 0 -0.044072
0 0 -0.10206
0 0 0.153074
0 0 -0.145023
0 0 -0.142112
0 0 -0.103876
0 0 -0.102063
0 0 -0.145462
0 0 -0.165366
0 0 -0.0875676
0 0 -0.106902
0 0 -0.254902
0 0 -0.124387
0 0 -0.154923
0 0 -0.311374
0 0 0.0910207
0 0 -0.159139
0 0 -0.397654
0 0 -0.158659
0 0 -0.151175
0 0 -0.104598
0 0 -0.148535
0 0 0.119932
0 0 -0.0902929
0 0 0.0795417
0 0 0.235495
0 0 -0.290296
0 0 -0.0974527
0 0 -0.0738688
0 0 -0.114408
0 0 -0.285296
0 0 -0.110987
0 0 -0.141759
0 0 -0.142951
0 0 -0.136197
0 0 -0.04741
0 0 -0.10349
0 0 -0.10361
0 0 -0.127569
0 0 -0.158442
0 0 0.0270809
0 0 -0.140642
0 0 -0.169502
0 0 -0.141184
0 0 -0.139881
0 0 0.171047
0 0 -0.151999
0 0 -0.00414798
0 0 -0.104318
0 0 -0.377009
0 0 -0.135215
0 0 -0.138589
0 0 -0.214241
0 0 -0.0389343
0 0 -0.160912
0 0 -0.0925161
0 0 -0.162647
0 0 -0.249155
0 0 -0.0739129
0 0 -0.104876
0 0 -0.103095
0 0 0.049896
0 0 -0.146973
0 0 -0.159703
0 0 0.0953838
0 0 -0.141671
0 0 0.0819233
0 0 -0.0985756
0 0 -0.151207
0 0 -0.49722
0 0 -0.0676872
0 0 0.354393
0 0 -0.119045
0 0 -0.153883
0 0 -0.29457
0 0 -0.14492
0 0 0.355395
0 0 -0.141045
0 0 -0.146205
0 0 0.103344
0 0 -0.110253
0 0 -0.145315
0 0 -0.117364
0 0 0.00773987
0 0 -0.363036
0 0 -0.142489
0 0 -0.13196
0 0 -0.154458
0 0 -0.0541884
0 0 -0.0623033
0 0 -0.125545
0 0 -0.0997531
0 0 0.0389509
0 0 0.159684
0 0 -0.294089
0 0 -0.0568012
0 0 -0.130513
0 0 0.244935
0 0 -0.0902494
0 0 -0.148476
0 0 -0.0853628
0 0 0.194786
0 0 0.180231
0 0 -0.316124
0 0 -0.0438646
0 0 -0.154166
0 0 -0.153032
0 0 -0.344167
0 0 -0.090332
0 0 -0.161338
0 0 0.0542066
0 0 -0.256937
0 0 0.312823
0 0 -0.0955993
0 0 -0.161945
0 0 0.0225617
0 0 -0.0372142
0 0 0.201787
0 0 -0.109263
0 0 -0.137094
0 0 -0.148624
0 0 -0.186263
0 0 -0.140851
0 0 -0.12628
0 0 0.389033
0 0 -0.0958404
0 0 -0.0348577
0 0 -0.0556264
0 0 0.00916376
0 0 -0.0215082
0 0 -0.0807464
0 0 -0.0883271
0 0 -0.110765
0 0 0.238769
0 0 -0.0770559
0 0 -0.0203229
0 0 0.00149571
0 0 -0.154212
0 0 -0.14081
0 0 -0.113753
0 0 -0.150401
0 0 -0.141584
0 0 -0.169868
0 0 -0.27299
0 0 -0.1063
0 0 -0.142398
0 0 -0.117205
0 0 -0.115888
0 0 -0.141042
0 0 -0.145882
0 0 -0.202743
0 0 -0.149458
0 0 0.247199
0 0 -0.122451
0 0 0.3878
0 0 0.351273
0 0 -0.17228
0 0 -0.020208
0 0 0.101381
0 0 -0.159068
0 0 -0.10669
0 0 -0.0696172
0 0 -0.143118
0 0 -0.143509
0 0 -0.121811
0 0 0.283834
0 0 -0.0608829
0 0 -0.0561747
0 0 -0.149536
0 0 -0.178656
0 0 -0.193876
0 0 -0.125683
0 0 -0.0607928
0 0 -0.190366
0 0 -0.0808283
0 0 -0.1566
0 0 -0.0489572
0 0 -0.154888
0 0 -0.135802
0 0 0.0300126
0 0 -0.145843
0 0 -0.112207
0 0 -0.0130823
0 0 -0.0824645
0 0 -0.186897
0 0 -0.125944
0 0 -0.165468
0 0 -0.169858
0 0 -0.0823396
0 0 -0.0996391
0 0 -0.144878
0 0 -0.0592572
0 0 -0.141415
0 0 -0.110523
0 0 -0.0310942
0 0 0.244686
0 0 -0.0301889
0 0 -0.14078
0 0 -0.130022
0 0 -0.139435
0 0 -0.063533
0 0 -0.162528
0 0 -0.164866
0 0 -0.129038
0 0 0.0981611
0 0 -0.166738
0 0 -0.136518
0 0 -0.0881356
0 0 -0.145031
0 0 -0.0816968
0 0 -0.120352
0 0 -0.147144
0 0 -0.227932
0 0 -0.140811
0 0 -0.275778
0 0 -0.142784
0 0 -0.160527
0 0 -0.143273
0 0 -0.141509
0 0 -0.180845
0 0 0.0793553
0 0 0.191147
0 0 -0.0104949
0 0 -0.142256
0 0 0.0294724
0 0 -0.0468856
0 0 -0.119883
0 0 -0.169704
0 0 0.435973
0 0 -0.0510247
0 0 0.102598
0 0 -0.324777
0 0 -0.0679806
0 0 -0.132726
0 0 -0.00306867
0 0 0.0122225
0 0 -0.287166
0 0 -0.127465
0 0 -0.192136
0 0 -0.0897266
0 0 0.0996594
0 0 -0.157986
0 0 -0.0691524
0 0 -0.074681
0 0 -0.151618
0 0 0.110463
0 0 -0.079764
0 0 0.343474
0 0 -0.0605957
0 0 -0.0193046
0 0 0.0749624
0 0 -0.141061
0 0 -0.295423
0 0 -0.131729
0 0 -0.115004
0 0 -0.074722
0 0 -0.152258
0 0 -0.107767
0 0 -0.252485
0 0 -0.132249
0 0 -0.147011
0 0 -0.141091
0 0 -0.106764
0 0 0.148174
0 0 0.0976376
0 0 -0.172563
0 0 -0.122185
0 0 -0.0625166
0 0 -0.0421089
0 0 -0.0738048
0 0 -0.0171393
0 0 0.115081
0 0 -0.178441
0 0 -0.129068
0 0 -0.0189902
0 0 -0.0941836
0 0 -0.162274
0 0 0.127095
0 0 -0.125344
0 0 -0.141524
0 0 -0.143063
0 0 -0.127525
0 0 -0.0676542
0 0 -0.143309
0 0 -0.00067691
0 0 -0.173916
0 0 -0.128155
0 0 -0.14392
0 0 0.221785
0 0 -0.143687
0 0 -0.0343492
0 0 -0.0285726
0 0 -0.376887
0 0 -0.0338994
0 0 -0.0901447
0 0 -0.143611
0 0 -0.106699
0 0 0.503713
0 0 -0.0214015
0 0 -0.0850927
0 0 -0.112561
0 0 -0.145952
0 0 0.149224
0 0 -0.16292
0 0 -0.124326
0 0 -0.0346795
0 0 0.0523514
0 0 -0.1047
0 0 0.0163309
0 0 0.0581091
0 0 -0.0755703
0 0 0.197604
0 0 0.19397
0 0 -0.0608442
0 0 -0.186668
0 0 -0.165846
0 0 -0.162243
0 0 -0.065762
0 0 -0.075725
0 0 -0.141164
0 0 0.279333
0 0 0.139391
0 0 -0.0506448
0 0 0.0843741
0 0 -0.167624
0 0 -0.33356
0 0 -0.131913
0 0 -0.170383
0 0 -0.140274
0 0 -0.0683134
0 0 0.121091
0 0 -0.0596659
0 0 -0.218454
0 0 -0.135083
0 0 -0.132186
0 0 -0.243457
0 0 -0.0220528
0 0 -0.268017
0 0 -0.0814222
0 0 0.0784013
0 0 0.0162806
0 0 -0.141128
0 0 -0.103343
0 0 -0.294655
0 0 -0.215561
0 0 -0.0910286
0 0 -0.236947
0 0 0.13552
0 0 0.207998
0 0 0.0678881
0 0 -0.00583504
0 0 -0.0789774
0 0 0.0565044
0 0 -0.0740231
0 0 -0.149764
0 0 0.055054
0 0 0.170681
0 0 -0.141251
0 0 -0.165277
0 0 -0.0736862
0 0 -0.0469986
0 0 -0.110509
0 0 0.0194899
0 0 -0.111057
0 0 -0.123744
0 0 -0.0906879
0 0 -0.0935408
0 0 0.141895
0 0 -0.0455561
0 0 -0.148954
0 0 -0.16041
0 0 -0.267102
0 0 0.00904822
0 0 -0.0905206
0 0 -0.158797
0 0 -0.189974
0 0 -0.177897
0 0 0.155978
0 0 -0.139069
0 0 -0.0437611
0 0 -0.0828035
0 0 -0.183415
0 0 0.0452192
0 0 -0.227165
0 0 -0.123253
0 0 -0.210877
0 0 0.0177964
0 0 0.122285
0 0 -0.147895
0 0 0.1372
0 0 -0.186684
0 0 -0.200713
0 0 -0.243236
0 0 0.137278
0 0 -0.0705405
0 0 -0.44942
0 0 -0.150772
0 0 -0.218358
0 0 -0.117746
0 0 -0.145466
0 0 -0.0723677
0 0 -0.253271
0 0 -0.0963649
0 0 -0.131508
0 0 -0.16377
0 0 -0.0819174
0 0 -0.20308
0 0 -0.152883
0 0 -0.12273
0 0 -0.121264
0 0 -0.140696
0 0 -0.101559
0 0 -0.127608
0 0 -0.137034
0 0 -0.0300354
0 0 0.458898
0 0 -0.186606
0 0 -0.0666106
0 0 0.100879
0 0 0.0908075
0 0 0.000994147
0 0 -0.0841502
0 0 -0.165169
0 0 -0.139492
0 0 -0.105859
0 0 -0.0499906
0 0 -0.151241
0 0 -0.161917
0 0 0.0375203
0 0 -0.0860946
0 0 -0.149097
0 0 -0.0329668
0 0 -0.0958949
0 0 -0.0940726
0 0 0.322745
0 0 0.298954
0 0 -0.17725
0 0 0.169144
0 0 -0.0667628
0 0 0.00780977
0 0 -0.137897
0 0 -0.120499
0 0 -0.0628622
0 0 -0.17037
0 0 -0.169462
0 0 -0.0319795
0 0 0.0398084
0 0 -0.0306638
0 0 0.0230875
0 0 0.0143143
0 0 0.119294
0 0 -0.108793
0 0 -0.13015
0 0 0.121844
0 0 -0.366932
0 0 -0.107713
0 0 -0.00409656
0 0 0.00229443
0 0 -0.07567
0 0 0.297317
0 0 -0.14315
0 0 -0.138519
0 0 0.117311
0 0 -0.00169995
0 0 -0.130191
0 0 -0.141149
0 0 0.00862861
0 0 -0.0943026
0 0 -0.15654
0 0 -0.185675
0 0 0.160631
0 0 -0.110925
0 0 -0.0924403
0 0 0.061561
0 0 -0.0601431
0 0 -0.0995705
0 0 -0.0512157
0 0 -0.0844372
0 0 -0.148411
0 0 -0.142267
0 0 -0.142493
0 0 -0.170304
0 0 0.00750788
0 0 -0.12589
0 0 -0.158225
0 0 -0.17037
0 0 -0.14648
0 0 0.0540125
0 0 -0.0620032
0 0 -0.173291
0 0 -0.0251071
0 0 0.00239873
0 0 0.328318
0 0 -0.158636
0 0 -0.157293
0 0 -0.157436
0 0 -0.0572018
0 0 -0.0510254
0 0 -0.0509898
0 0 -0.147653
0 0 -0.155142
0 0 -0.14922
0 0 -0.0965404
0 0 -0.0980934
0 0 -0.094049
0 0 -0.09312
0 0 -0.0749805
0 0 -0.0763741
0 0 -0.157933
0 0 -0.156625
0 0 -0.0326617
0 0 -0.00778588
0 0 -0.0567119
0 0 -0.0495726
0 0 -0.0433047
0 0 -0.0306046
0 0 -0.0379888
0 0 -0.0433956
0 0 -0.0797763
0 0 -0.0850254
0 0 -0.0795608
0 0 -0.162888
0 0 -0.169121
0 0 -0.164351
0 0 -0.0765883
0 0 -0.0776027
0 0 -0.0729141
0 0 -0.142583
0 0 -0.143879
0 0 -0.143497
0 0 -0.010993
0 0 -0.0136229
0 0 -0.0217864
0 0 -0.0324028
0 0 -0.036848
0 0 -0.028584
0 0 0.241503
0 0 0.247357
0 0 0.225844
0 0 -0.144304
0 0 -0.139498
0 0 -0.0896971
0 0 -0.0911726
0 0 -0.0688662
0 0 -0.0522858
0 0 -0.0391754
0 0 -0.0373228
0 0 -0.0442871
0 0 -0.0386897
0 0 -0.0519161
0 0 -0.186254
0 0 -0.186696
0 0 -0.188206
0 0 -0.16845
0 0 -0.162629
0 0 -0.161897
0 0 0.0265189
0 0 0.0228405
0 0 0.0240695
0 0 -0.0915369
0 0 -0.0716159
0 0 -0.174261
0 0 -0.176286
0 0 -0.130058
0 0 -0.131903
0 0 -0.12851
0 0 -0.143434
0 0 -0.143704
0 0 -0.155719
0 0 -0.154561
0 0 -0.155634
0 0 -0.257962
0 0 -0.259904
0 0 -0.255329
0 0 0.0549045
0 0 0.0445543
0 0 0.0518579
0 0 0.0469395
0 0 0.0517015
0 0 0.0741505
0 0 -0.131612
0 0 -0.121649
0 0 -0.125091
0 0 -0.0747317
0 0 -0.0734146
0 0 -0.0710145
0 0 -0.0477508
0 0 -0.0609283
0 0 -0.0675479
0 0 -0.152303
0 0 -0.153195
0 0 -0.153533
0 0 -0.118878
0 0 -0.130082
0 0 -0.04527
0 0 -0.0478551
0 0 -0.142279
0 0 -0.143742
0 0 -0.142129
0 0 -0.0667212
0 0 -0.0616479
0 0 -0.064968
0 0 -0.141431
0 0 -0.141658
0 0 -0.141656
0 0 -0.157877
0 0 -0.156775
0 0 -0.145343
0 0 -0.146529
0 0 -0.24561
0 0 -0.250834
0 0 0.132883
0 0 0.121665
0 0 0.123004
0 0 -0.0522409
0 0 -0.0446419
0 0 -0.0466293
0 0 0.352567
0 0 0.385514
0 0 0.360881
0 0 -0.0446847
0 0 -0.0399538
0 0 -0.012003
0 0 -0.0496942
0 0 -0.190522
0 0 -0.184941
0 0 -0.193094
0 0 -0.133176
0 0 -0.13023
0 0 -0.134825
0 0 -0.136455
0 0 -0.135305
0 0 -0.134516
0 0 -0.0266862
0 0 -0.0158638
0 0 -0.0193273
0 0 -0.1537
0 0 -0.15379
0 0 -0.132365
0 0 -0.130881
0 0 -0.131688
0 0 -0.19863
0 0 -0.175003
0 0 -0.191265
0 0 -0.187727
0 0 -0.188843
0 0 0.0252811
0 0 -0.200677
0 0 -0.200935
0 0 -0.204515
0 0 -0.149048
0 0 -0.148693
0 0 -0.152095
0 0 -0.183464
0 0 -0.18026
0 0 -0.181835
0 0 -0.0317562
0 0 -0.037641
0 0 -0.0361221
0 0 -0.0368106
0 0 -0.0258499
0 0 -0.0250291
0 0 -0.0697494
0 0 -0.069225
0 0 -0.0721475
0 0 -0.0797427
0 0 -0.0748927
0 0 -0.160629
0 0 0.0657734
0 0 0.0793919
0 0 0.076097
0 0 -0.169707
0 0 -0.171036
0 0 -0.170801
0 0 -0.141223
0 0 -0.141258
0 0 -0.140701
0 0 -0.361055
0 0 -0.322573
0 0 -0.383889
0 0 -0.159767
0 0 -0.152461
0 0 -0.106766
0 0 -0.109878
0 0 -0.127871
0 0 -0.142084
0 0 -0.142306
0 0 -0.142403
0 0 -0.137568
0 0 -0.140373
0 0 -0.165519
0 0 -0.158236
0 0 -0.154585
0 0 0.17498
0 0 0.162561
0 0 0.163724
0 0 0.0909904
0 0 0.100954
0 0 0.0969326
0 0 -0.151974
0 0 -0.153032
0 0 -0.15444
0 0 -0.127678
0 0 -0.12583
0 0 -0.130178
0 0 0.258908
0 0 0.237694
0 0 -0.0237197
0 0 -0.0248658
0 0 -0.0270919
0 0 -0.0793276
0 0 -0.0819264
0 0 -0.0842183
0 0 -0.143835
0 0 -0.144088
0 0 -0.0555766
0 0 -0.0571013
0 0 -0.141291
0 0 -0.141193
0 0 -0.141255
0 0 -0.0984813
0 0 -0.0985594
0 0 -0.0972322
0 0 -0.17407
0 0 -0.173857
0 0 -0.172338
0 0 -0.125602
0 0 -0.120711
0 0 -0.121813
0 0 -0.162084
0 0 -0.16203
0 0 -0.160759
0 0 -0.169324
0 0 -0.168438
0 0 -0.17537
0 0 0.139698
0 0 0.155109
0 0 0.145453
0 0 -0.15993
0 0 -0.160564
0 0 -0.161491
0 0 -0.101054
0 0 -0.106318
0 0 -0.104802
0 0 -0.152978
0 0 -0.153378
0 0 -0.156219
0 0 0.269721
0 0 0.275905
0 0 0.295309
0 0 -0.144369
0 0 -0.0792151
0 0 -0.0806192
0 0 -0.25263
0 0 -0.250913
0 0 -0.148626
0 0 -0.151093
0 0 -0.149047
0 0 -0.283315
0 0 -0.282763
0 0 -0.275993
0 0 -0.0692943
0 0 -0.0700471
0 0 0.268078
0 0 0.277874
0 0 -0.110108
0 0 -0.113972
0 0 -0.108017
0 0 -0.143129
0 0 -0.14465
0 0 -0.0358045
0 0 -0.027105
0 0 -0.0322121
0 0 -0.123855
0 0 -0.123792
0 0 -0.121928
0 0 -0.166009
0 0 -0.164353
0 0 -0.165171
0 0 -0.115913
0 0 -0.106583
0 0 -0.112194
0 0 -0.143473
0 0 -0.147404
0 0 -0.15274
0 0 -0.268967
0 0 -0.270484
0 0 -0.0733224
0 0 -0.0731767
0 0 -0.0830675
0 0 -0.0115211
0 0 -0.0165429
0 0 -0.0091123
0 0 -0.130946
0 0 -0.135399
0 0 -0.132105
0 0 -0.183277
0 0 -0.183211
0 0 -0.177018
0 0 -0.166803
0 0 -0.161613
0 0 -0.144323
0 0 -0.144397
0 0 -0.144962
0 0 -0.0790226
0 0 -0.0830877
0 0 -0.0798756
0 0 -0.141049
0 0 -0.141572
0 0 -0.117493
0 0 -0.117941
0 0 -0.116697
0 0 -0.122006
0 0 -0.154007
0 0 -0.153682
0 0 -0.121617
0 0 -0.12265
0 0 -0.141416
0 0 -0.141547
0 0 -0.141295
0 0 -0.0136346
0 0 -0.0249417
0 0 -0.0423133
0 0 -0.0425024
0 0 0.0947081
0 0 0.0831129
0 0 0.0892216
0 0 -0.127685
0 0 -0.154419
0 0 -0.164104
0 0 -0.107584
0 0 -0.104943
0 0 -0.103309
0 0 -0.145683
0 0 -0.140046
0 0 -0.142537
0 0 -0.148248
0 0 -0.149648
0 0 -0.146988
0 0 -0.0948845
0 0 -0.0956476
0 0 -0.145244
0 0 -0.146265
0 0 -0.0597303
0 0 -0.0541672
0 0 -0.0588169
0 0 -0.0850041
0 0 -0.0801608
0 0 -0.0678221
0 0 -0.00880186
0 0 -0.0165636
0 0 0.111951
0 0 0.118654
0 0 -0.143954
0 0 -0.144501
0 0 -0.129411
0 0 -0.130092
0 0 -0.227656
0 0 -0.226422
0 0 -0.232945
0 0 0.332265
0 0 0.352488
0 0 -0.181522
0 0 -0.181235
0 0 -0.17884
0 0 0.42363
0 0 0.47377
0 0 -0.0487912
0 0 -0.0508242
0 0 -0.331291
0 0 -0.34314
0 0 -0.332257
0 0 0.387103
0 0 0.395237
0 0 0.426816
0 0 -0.0558319
0 0 -0.0580067
0 0 -0.0833574
0 0 -0.0656583
0 0 -0.145423
0 0 -0.15332
0 0 -0.139599
0 0 -0.109292
0 0 -0.104597
0 0 -0.103189
0 0 -0.156061
0 0 -0.154418
0 0 -0.169082
0 0 -0.164403
0 0 -0.167971
0 0 -0.209622
0 0 -0.208572
0 0 -0.212143
0 0 -0.102024
0 0 -0.0992644
0 0 -0.470104
0 0 -0.415186
0 0 -0.0499464
0 0 -0.0513777
0 0 -0.0544416
0 0 -0.132498
0 0 -0.134162
0 0 -0.149275
0 0 -0.147618
0 0 -0.146145
0 0 -0.187804
0 0 -0.187904
0 0 -0.242373
0 0 -0.240391
0 0 -0.246044
0 0 -0.15273
0 0 -0.152005
0 0 -0.151846
0 0 -0.102594
0 0 -0.103025
0 0 -0.101247
0 0 0.299742
0 0 0.287466
0 0 -0.0755287
0 0 -0.0721145
0 0 -0.0788828
0 0 -0.116918
0 0 -0.115975
0 0 -0.11783
0 0 -0.150924
0 0 -0.151598
0 0 0.0170051
0 0 0.00936287
0 0 0.0190594
0 0 0.0594295
0 0 0.0519067
0 0 0.0613521
0 0 -0.101566
0 0 -0.103715
0 0 -0.117781
0 0 -0.122169
0 0 -0.035142
0 0 -0.044964
0 0 -0.0521182
0 0 -0.162559
0 0 -0.160393
0 0 -0.158628
0 0 -0.157844
0 0 -0.159602
0 0 -0.158619
0 0 -0.0399251
0 0 -0.0347342
0 0 -0.14193
0 0 -0.141919
0 0 -0.0637983
0 0 -0.0671571
0 0 -0.0703689
0 0 -0.141092
0 0 -0.13941
0 0 -0.141971
0 0 -0.0533105
0 0 -0.0546645
0 0 -0.297098
0 0 -0.262987
0 0 -0.362191
0 0 -0.141504
0 0 -0.141886
0 0 -0.141817
0 0 -0.0432215
0 0 -0.157839
0 0 -0.158981
0 0 -0.16066
0 0 -0.0726503
0 0 -0.0578854
0 0 0.105892
0 0 0.104091
0 0 0.112368
0 0 -0.0985247
0 0 -0.0998339
0 0 -0.32112
0 0 -0.32889
0 0 0.140825
0 0 0.142757
0 0 0.129599
0 0 -0.298102
0 0 -0.291549
0 0 -0.296932
0 0 -0.00498278
0 0 -0.012976
0 0 -0.0181812
0 0 -0.0155477
0 0 -0.0100984
0 0 -0.184159
0 0 -0.18164
0 0 -0.183206
0 0 -0.0510228
0 0 -0.0602124
0 0 -0.0478095
0 0 -0.432055
0 0 -0.441362
0 0 -0.142186
0 0 -0.141947
0 0 -0.141925
0 0 0.239992
0 0 0.255387
0 0 0.232791
0 0 0.0473172
0 0 0.0221943
0 0 -0.105117
0 0 -0.100964
0 0 -0.130227
0 0 -0.174034
0 0 -0.175768
0 0 -0.115672
0 0 -0.109607
0 0 -0.108764
0 0 -0.0652102
0 0 -0.0669891
0 0 -0.318199
0 0 -0.324084
0 0 -0.123165
0 0 -0.136499
0 0 -0.134007
0 0 -0.225551
0 0 -0.220626
0 0 -0.212233
0 0 -0.131854
0 0 -0.129507
0 0 -0.134144
0 0 -0.125085
0 0 -0.126556
0 0 -0.125397
0 0 -0.141779
0 0 -0.141119
0 0 -0.141769
0 0 -0.147847
0 0 -0.150769
0 0 -0.0655517
0 0 -0.060767
0 0 0.222974
0 0 0.24155
0 0 -0.147299
0 0 -0.145827
0 0 -0.14798
0 0 0.44513
0 0 0.453594
0 0 -0.141945
0 0 -0.141888
0 0 -0.103469
0 0 -0.101428
0 0 -0.110157
0 0 -0.12854
0 0 -0.133992
0 0 -0.0281584
0 0 -0.0198163
0 0 -0.075987
0 0 -0.0734341
0 0 -0.0692399
0 0 -0.134315
0 0 0.00496715
0 0 0.005003
0 0 0.0112471
0 0 -0.146698
0 0 -0.14713
0 0 -0.146702
0 0 -0.144383
0 0 -0.151858
0 0 -0.153525
0 0 -0.15278
0 0 -0.267697
0 0 -0.26628
0 0 -0.276218
0 0 0.123796
0 0 0.132291
0 0 -0.0758677
0 0 -0.0786948
0 0 -0.0776273
0 0 -0.0778504
0 0 -0.186198
0 0 -0.184418
0 0 0.164175
0 0 0.153083
0 0 -0.0433212
0 0 -0.0454579
0 0 -0.0520416
0 0 -0.133344
0 0 -0.13447
0 0 -0.149294
0 0 -0.148745
0 0 -0.149153
0 0 -0.096839
0 0 -0.0934414
0 0 -0.0921058
0 0 -0.0303606
0 0 -0.135208
0 0 -0.140842
0 0 -0.135083
0 0 -0.211739
0 0 -0.215041
0 0 -0.238648
0 0 -0.235908
0 0 -0.139321
0 0 -0.136841
0 0 -0.138127
0 0 -0.255291
0 0 -0.124727
0 0 -0.128373
0 0 -0.125032
0 0 -0.156325
0 0 -0.157047
0 0 -0.134364
0 0 -0.132553
0 0 -0.134468
0 0 -0.250783
0 0 -0.208996
0 0 0.101718
0 0 0.1014
0 0 -0.155119
0 0 -0.15606
0 0 -0.12772
0 0 -0.127566
0 0 -0.184481
0 0 -0.184388
0 0 -0.151915
0 0 -0.151864
0 0 0.0751302
0 0 0.0781823
0 0 0.387751
0 0 0.381615
0 0 0.358169
0 0 -0.155054
0 0 -0.155057
0 0 -0.154397
0 0 -0.0163828
0 0 -0.03252
0 0 -0.0126105
0 0 -0.116561
0 0 -0.112763
0 0 -0.115247
0 0 -0.230376
0 0 -0.268974
0 0 -0.251451
0 0 -0.106202
0 0 -0.106136
0 0 -0.105262
0 0 -0.204542
0 0 -0.208822
0 0 -0.14072
0 0 -0.140829
0 0 -0.0395665
0 0 -0.262161
0 0 -0.131958
0 0 -0.132731
0 0 -0.029508
0 0 -0.0377004
0 0 -0.149807
0 0 -0.149365
0 0 -0.0847093
0 0 -0.0885498
0 0 -0.0850566
0 0 -0.156527
0 0 -0.155994
0 0 -0.105165
0 0 -0.106137
0 0 -0.106401
0 0 0.0602644
0 0 0.0677827
0 0 -0.160401
0 0 -0.161269
0 0 -0.00443897
0 0 0.0019313
0 0 -0.14146
0 0 -0.141577
0 0 -0.141643
0 0 -0.112945
0 0 -0.111816
0 0 -0.11562
0 0 -0.120902
0 0 -0.119997
0 0 -0.118723
0 0 0.182457
0 0 0.190856
0 0 0.178882
0 0 -0.159775
0 0 -0.159487
0 0 -0.146531
0 0 -0.146254
0 0 -0.146714
0 0 -0.177064
0 0 -0.175955
0 0 -0.107185
0 0 -0.101443
0 0 -0.144984
0 0 -0.144567
0 0 -0.144449
0 0 -0.155398
0 0 -0.155812
0 0 -0.0990035
0 0 -0.101327
0 0 -0.106755
0 0 -0.0817616
0 0 -0.0852656
0 0 -0.131258
0 0 -0.124465
0 0 -0.0394696
0 0 -0.0935678
0 0 -0.112269
0 0 -0.105196
0 0 -0.130403
0 0 -0.130112
0 0 -0.112751
0 0 -0.108313
0 0 -0.14789
0 0 -0.137076
0 0 -0.153336
0 0 -0.153521
0 0 -0.150352
0 0 -0.150332
0 0 -0.126631
0 0 -0.126227
0 0 -0.147495
0 0 -0.147505
0 0 0.015981
0 0 0.0240386
0 0 0.019095
0 0 -0.135249
0 0 -0.148674
0 0 0.0779202
0 0 0.0905478
0 0 0.0806744
0 0 -0.0392379
0 0 -0.0448982
0 0 -0.0369561
0 0 -0.167164
0 0 -0.166222
0 0 -0.142708
0 0 -0.142612
0 0 -0.142797
0 0 -0.166488
0 0 -0.158742
0 0 -0.168239
0 0 -0.141073
0 0 -0.141316
0 0 -0.141245
0 0 -0.155236
0 0 -0.20765
0 0 -0.205663
0 0 0.0688949
0 0 0.0587054
0 0 -0.0934437
0 0 -0.0987193
0 0 -0.257734
0 0 -0.24885
0 0 -0.246437
0 0 -0.110455
0 0 -0.110888
0 0 -0.10931
0 0 -0.0515873
0 0 -0.0560007
0 0 -0.101304
0 0 -0.102373
0 0 -0.105503
0 0 -0.14278
0 0 -0.143035
0 0 -0.144819
0 0 -0.145473
0 0 -0.145634
0 0 -0.141182
0 0 -0.141301
0 0 -0.141281
0 0 0.203337
0 0 0.182437
0 0 0.0968399
0 0 -0.00971823
0 0 -0.00180269
0 0 -0.00126922
0 0 0.0800566
0 0 0.0696165
0 0 -0.160907
0 0 -0.161047
0 0 -0.161684
0 0 -0.141431
0 0 -0.141291
0 0 -0.141314
0 0 -0.141562
0 0 -0.182181
0 0 -0.185292
0 0 -0.00397188
0 0 -0.00368108
0 0 -0.00950022
0 0 -0.226203
0 0 -0.230378
0 0 -0.189851
0 0 -0.192016
0 0 -0.146282
0 0 -0.144705
0 0 -0.071601
0 0 -0.0772965
0 0 -0.0713687
0 0 -0.181024
0 0 -0.184421
0 0 -0.126232
0 0 -0.11602
0 0 -0.111945
0 0 -0.138494
0 0 -0.140071
0 0 -0.138029
0 0 -0.120851
0 0 -0.121578
0 0 -0.126574
0 0 0.0232394
0 0 0.0262173
0 0 0.018325
0 0 -0.0830065
0 0 -0.0806789
0 0 -0.0904253
0 0 -0.135334
0 0 -0.134444
0 0 -0.143843
0 0 -0.163034
0 0 -0.161316
0 0 -0.162151
0 0 -0.169153
0 0 -0.170482
0 0 -0.127287
0 0 -0.125498
0 0 -0.152191
0 0 0.346474
0 0 0.324607
0 0 0.314753
0 0 -0.136853
0 0 -0.137486
0 0 -0.13812
0 0 -0.159814
0 0 -0.108363
0 0 -0.109451
0 0 0.0760125
0 0 0.0695909
0 0 0.0769976
0 0 -0.196287
0 0 -0.198346
0 0 -0.0475842
0 0 0.261587
0 0 0.281246
0 0 0.0653198
0 0 0.0569587
0 0 -0.0761973
0 0 -0.107423
0 0 -0.109044
0 0 -0.190974
0 0 -0.186809
0 0 -0.187927
0 0 -0.140613
0 0 -0.140759
0 0 -0.074582
0 0 -0.0817822
0 0 -0.17109
0 0 -0.0400522
0 0 -0.0456028
0 0 -0.0950436
0 0 -0.0897198
0 0 -0.144414
0 0 -0.146201
0 0 -0.447683
0 0 -0.463737
0 0 -0.443275
0 0 -0.177473
0 0 -0.173617
0 0 -0.4012
0 0 -0.390057
0 0 -0.39269
0 0 -0.152777
0 0 -0.156094
0 0 -0.156875
0 0 -0.156774
0 0 -0.15829
0 0 -0.117324
0 0 -0.109135
0 0 -0.119422
0 0 -0.179816
0 0 -0.180465
0 0 -0.0745787
0 0 -0.0689828
0 0 -0.144566
0 0 -0.144682
0 0 -0.159109
0 0 -0.167014
0 0 -0.112627
0 0 -0.112077
0 0 -0.109235
0 0 -0.288395
0 0 -0.279926
0 0 0.00335333
0 0 -0.146933
0 0 -0.149372
0 0 -0.160531
0 0 -0.09563
0 0 -0.0980398
0 0 -0.102249
0 0 -0.325822
0 0 -0.346814
0 0 -0.214679
0 0 -0.208759
0 0 -0.193786
0 0 -0.131129
0 0 -0.134378
0 0 -0.0628079
0 0 -0.0597949
0 0 -0.326516
0 0 -0.331126
0 0 -0.142377
0 0 -0.138337
0 0 -0.139215
0 0 -0.15434
0 0 -0.159191
0 0 -0.1659
0 0 -0.0654184
0 0 -0.070683
0 0 -0.0723467
0 0 -0.0796233
0 0 -0.0920271
0 0 -0.0909033
0 0 -0.0905064
0 0 0.160684
0 0 -0.172345
0 0 -0.171088
0 0 -0.175659
0 0 -0.279828
0 0 -0.247652
0 0 -0.215432
0 0 -0.00516837
0 0 -0.0131493
0 0 -0.239772
0 0 -0.250819
0 0 -0.0994036
0 0 -0.100303
0 0 -0.152449
0 0 -0.0825044
0 0 -0.0834823
0 0 -0.0859374
0 0 -0.13686
0 0 -0.112654
0 0 -0.0947996
0 0 -0.0996973
0 0 -0.163425
0 0 -0.157095
0 0 -0.0945481
0 0 -0.0956991
0 0 -0.148299
0 0 -0.14841
0 0 -0.178118
0 0 -0.0670905
0 0 -0.0709341
0 0 -0.0684767
0 0 -0.177658
0 0 -0.17646
0 0 -0.120554
0 0 -0.120941
0 0 -0.20105
0 0 -0.203021
0 0 -0.145058
0 0 -0.142228
0 0 -0.143222
0 0 0.0414658
0 0 0.0492959
0 0 0.0415105
0 0 0.0950779
0 0 0.0992911
0 0 0.106083
0 0 -0.130829
0 0 0.12887
0 0 0.141636
0 0 0.126832
0 0 -0.165723
0 0 -0.1595
0 0 -0.155243
0 0 -0.135495
0 0 0.000194714
0 0 -0.0212695
0 0 -0.170323
0 0 -0.170328
0 0 -0.172473
0 0 0.161248
0 0 0.17795
0 0 0.16916
0 0 -0.0771813
0 0 -0.0308147
0 0 -0.0449183
0 0 0.225754
0 0 0.210095
0 0 0.209519
0 0 -0.100092
0 0 -0.12549
0 0 -0.124244
0 0 -0.0209533
0 0 -0.0121031
0 0 -0.165291
0 0 -0.161542
0 0 -0.155198
0 0 -0.142889
0 0 -0.0637122
0 0 -0.145861
0 0 -0.142799
0 0 -0.150363
0 0 -0.147779
0 0 0.0374975
0 0 0.0317623
0 0 -0.0638609
0 0 -0.062404
0 0 0.295485
0 0 0.365976
0 0 -0.188194
0 0 -0.18848
0 0 -0.144306
0 0 -0.142351
0 0 -0.0428558
0 0 -0.199458
0 0 -0.202081
0 0 0.140054
0 0 0.153306
0 0 0.171987
0 0 -0.0524676
0 0 -0.0507323
0 0 -0.517557
0 0 -0.526307
0 0 0.0375793
0 0 0.0386744
0 0 0.0309699
0 0 -0.0443724
0 0 -0.049548
0 0 -0.0476322
0 0 0.184525
0 0 0.17521
0 0 0.172137
0 0 -0.270321
0 0 -0.277483
0 0 -0.286131
0 0 -0.132768
0 0 -0.131023
0 0 -0.133786
0 0 -0.20339
0 0 -0.223087
0 0 -0.152272
0 0 -0.153421
0 0 -0.14914
0 0 -0.137698
0 0 -0.132949
0 0 -0.151538
0 0 -0.152457
0 0 0.0846706
0 0 -0.150439
0 0 -0.151043
0 0 -0.270892
0 0 -0.256473
0 0 -0.265126
0 0 0.133758
0 0 0.134684
0 0 0.152333
0 0 -0.108813
0 0 -0.109591
0 0 -0.11157
0 0 0.203655
0 0 0.191552
0 0 0.181417
0 0 -0.431534
0 0 -0.414823
0 0 -0.406221
0 0 -0.165694
0 0 -0.167343
0 0 -0.331287
0 0 -0.333737
0 0 -0.353233
0 0 -0.171409
0 0 -0.165144
0 0 -0.170708
0 0 -0.171118
0 0 -0.1072
0 0 -0.105689
0 0 -0.106305
0 0 -0.148045
0 0 0.110515
0 0 0.0951492
0 0 0.109966
0 0 -0.129187
0 0 -0.123148
0 0 -0.207276
0 0 -0.207824
0 0 -0.213759
0 0 0.117161
0 0 0.116967
0 0 0.109432
0 0 -0.157209
0 0 -0.160592
0 0 -0.165402
0 0 -0.175007
0 0 -0.176582
0 0 -0.124829
0 0 -0.121749
0 0 -0.1772
0 0 -0.177152
0 0 0.329633
0 0 0.383904
0 0 0.366244
0 0 -0.14402
0 0 -0.143791
0 0 -0.145557
0 0 -0.10707
0 0 -0.107715
0 0 -0.0194721
0 0 -0.0248107
0 0 -0.141574
0 0 -0.203412
0 0 -0.202988
0 0 -0.102832
0 0 -0.104324
0 0 0.110222
0 0 0.102971
0 0 -0.160091
0 0 -0.169826
0 0 -0.114891
0 0 -0.11583
0 0 -0.144589
0 0 -0.142931
0 0 -0.142193
0 0 -0.143943
0 0 -0.142088
0 0 -0.142287
0 0 -0.138842
0 0 -0.139102
0 0 -0.137821
0 0 -0.144553
0 0 -0.150244
0 0 -0.11403
0 0 -0.112809
0 0 -0.123616
0 0 -0.120879
0 0 0.187763
0 0 0.186667
0 0 -0.107699
0 0 -0.106131
0 0 -0.0949399
0 0 -0.206626
0 0 -0.236188
0 0 -0.221348
0 0 -0.18005
0 0 -0.135187
0 0 -0.135511
0 0 -0.133828
0 0 -0.266934
0 0 -0.283906
0 0 -0.141851
0 0 -0.141478
0 0 -0.157584
0 0 -0.157149
0 0 -0.158898
0 0 -0.155113
0 0 -0.0368969
0 0 -0.0186195
0 0 -0.159158
0 0 -0.149775
0 0 -0.149402
0 0 0.304209
0 0 0.320763
0 0 -0.284144
0 0 -0.1086
0 0 -0.279895
0 0 -0.114163
0 0 -0.112957
0 0 -0.113874
0 0 -0.0767453
0 0 -0.0873665
0 0 0.153125
0 0 0.141467
0 0 0.140857
0 0 -0.141715
0 0 -0.142313
0 0 -0.00711484
0 0 0.020616
0 0 0.0510638
0 0 -0.146906
0 0 -0.147287
0 0 -0.131269
0 0 -0.133051
0 0 0.107496
0 0 -0.00296818
0 0 0.00402825
0 0 0.0039972
0 0 -0.203569
0 0 -0.192969
0 0 -0.171551
0 0 -0.160657
0 0 -0.141375
0 0 -0.141561
0 0 0.0432499
0 0 0.0508389
0 0 0.0450997
0 0 -0.17993
0 0 -0.182785
0 0 -0.153084
0 0 -0.149404
0 0 -0.119158
0 0 -0.119403
0 0 -0.0672012
0 0 -0.0773723
0 0 -0.0777437
0 0 -0.0749224
0 0 0.057983
0 0 0.0594072
0 0 -0.109063
0 0 -0.110629
0 0 -0.11091
0 0 -0.16067
0 0 -0.161195
0 0 -0.0367742
0 0 -0.0320364
0 0 -0.147684
0 0 -0.149535
0 0 -0.155837
0 0 -0.0543381
0 0 0.0447994
0 0 -0.165246
0 0 -0.170063
0 0 -0.142109
0 0 -0.1425
0 0 -0.210181
0 0 -0.208338
0 0 -0.217597
0 0 -0.152526
0 0 -0.155838
0 0 -0.089778
0 0 -0.09007
0 0 -0.0922226
0 0 -0.0695238
0 0 -0.0688828
0 0 -0.0746374
0 0 0.193043
0 0 0.213425
0 0 0.195251
0 0 -0.138721
0 0 -0.14043
0 0 -0.14163
0 0 -0.40856
0 0 -0.406541
0 0 0.198269
0 0 0.181581
0 0 -0.115346
0 0 -0.114331
0 0 -0.143943
0 0 -0.14583
0 0 -0.143122
0 0 -0.0826274
0 0 -0.0878388
0 0 -0.0804078
0 0 -0.288531
0 0 -0.249609
0 0 -0.227258
0 0 -0.231818
0 0 -0.23201
0 0 -0.109443
0 0 -0.109883
0 0 -0.154252
0 0 -0.124221
0 0 -0.126187
0 0 -0.127266
0 0 -0.00799015
0 0 -0.143051
0 0 -0.143518
0 0 -0.143393
0 0 -0.157139
0 0 -0.154553
0 0 0.0638179
0 0 0.0636027
0 0 0.0356653
0 0 0.0409829
0 0 -0.163283
0 0 -0.161845
0 0 -0.0637018
0 0 -0.0705252
0 0 0.167531
0 0 0.173141
0 0 0.186257
0 0 -0.378018
0 0 -0.3953
0 0 -0.350003
0 0 -0.32471
0 0 -0.0683968
0 0 -0.146569
0 0 -0.147096
0 0 -0.146636
0 0 0.124277
0 0 0.174613
0 0 0.192441
0 0 -0.150634
0 0 -0.151499
0 0 -0.15104
0 0 -0.138487
0 0 -0.137815
0 0 -0.139015
0 0 0.091331
0 0 0.0985461
0 0 0.103976
0 0 -0.0495457
0 0 0.174608
0 0 -0.149502
0 0 -0.139404
0 0 0.0121565
0 0 0.0135377
0 0 0.0177674
0 0 -0.214699
0 0 -0.216812
0 0 -0.220725
0 0 -0.0700041
0 0 -0.062608
0 0 -0.0677508
0 0 -0.063283
0 0 -0.0706253
0 0 -0.0776376
0 0 -0.0780718
0 0 -0.111673
0 0 -0.112026
0 0 0.0968496
0 0 0.102023
0 0 -0.140639
0 0 -0.140125
0 0 -0.146281
0 0 -0.145954
0 0 -0.145901
0 0 -0.398101
0 0 -0.414439
0 0 -0.280338
0 0 -0.260557
0 0 -0.304854
0 0 -0.310674
0 0 0.133638
0 0 0.143239
0 0 -0.0648744
0 0 -0.0593917
0 0 -0.120933
0 0 0.202916
0 0 0.195932
0 0 -0.189022
0 0 -0.189927
0 0 -0.193577
0 0 -0.0877696
0 0 -0.0877386
0 0 -0.0844042
0 0 -0.160864
0 0 -0.162622
0 0 -0.160526
0 0 0.31562
0 0 0.284029
0 0 0.308733
0 0 -0.162768
0 0 -0.0932494
0 0 -0.0935657
0 0 0.0389551
0 0 0.0313358
0 0 -0.0979624
0 0 -0.0942446
0 0 -0.094368
0 0 -0.181718
0 0 -0.183535
0 0 -0.0576796
0 0 -0.0635811
0 0 -0.148168
0 0 -0.149173
0 0 -0.148123
0 0 -0.159772
0 0 -0.114537
0 0 -0.147426
0 0 -0.147965
0 0 0.0859653
0 0 0.0729009
0 0 0.189005
0 0 0.199798
0 0 0.203373
0 0 -0.148004
0 0 -0.140117
0 0 -0.112568
0 0 -0.108252
0 0 -0.109809
0 0 0.106293
0 0 0.0952745
0 0 0.0171211
0 0 0.0185749
0 0 -0.0872654
0 0 -0.0915188
0 0 -0.140014
0 0 -0.15285
0 0 -0.231117
0 0 -0.0960262
0 0 -0.0914533
0 0 -0.0771689
0 0 -0.0794693
0 0 -0.0792136
0 0 -0.148266
0 0 -0.136022
0 0 0.0864698
0 0 0.0860687
0 0 0.0724039
0 0 -0.160217
0 0 -0.158972
0 0 -0.148642
0 0 -0.149081
0 0 0.204182
0 0 0.210272
0 0 -0.158043
0 0 -0.156219
0 0 0.0859013
0 0 0.0617596
0 0 0.0632104
0 0 0.056027
0 0 -0.107465
0 0 -0.172888
0 0 -0.166359
0 0 0.168508
0 0 0.173102
0 0 0.188045
0 0 -0.16041
0 0 -0.151971
0 0 -0.072663
0 0 -0.0984584
0 0 0.285283
0 0 0.315124
0 0 0.318561
0 0 0.0360683
0 0 0.0474386
0 0 0.0417117
0 0 -0.0766723
0 0 -0.0801312
0 0 -0.0875177
0 0 -0.154129
0 0 -0.155241
0 0 -0.0866216
0 0 -0.0808553
0 0 -0.0828737
0 0 -0.163069
0 0 -0.0695038
0 0 -0.0695756
0 0 -0.115005
0 0 -0.118022
0 0 0.295289
0 0 0.276993
0 0 -0.0833319
0 0 -0.0970029
0 0 -0.091918
0 0 -0.123485
0 0 -0.127043
0 0 -0.122846
0 0 -0.0921114
0 0 -0.0965709
0 0 -0.0930331
0 0 -0.139267
0 0 0.074202
0 0 0.0758585
0 0 -0.219835
0 0 -0.199276
0 0 -0.144694
0 0 -0.144378
0 0 -0.0756105
0 0 -0.0800634
0 0 -0.0794521
0 0 -0.146849
0 0 0.351807
0 0 -0.0558173
0 0 -0.0593707
0 0 0.0341091
0 0 0.0292049
0 0 -0.142062
0 0 -0.140858
0 0 -0.0470556
0 0 -0.0477812
0 0 -0.0725144
0 0 -0.0681886
0 0 -0.173197
0 0 -0.195691
0 0 -0.198693
0 0 -0.1914
0 0 -0.219301
0 0 -0.221809
0 0 -0.0592503
0 0 -0.0597584
0 0 -0.126913
0 0 -0.12524
0 0 -0.102568
0 0 -0.0956318
0 0 -0.130469
0 0 -0.126063
0 0 0.105956
0 0 0.0973829
0 0 -0.174799
0 0 -0.175344
0 0 -0.177979
0 0 -0.0651602
0 0 -0.066489
0 0 -0.287826
0 0 0.0319851
0 0 0.0388087
0 0 0.0399195
0 0 -0.142912
0 0 -0.14304
0 0 -0.0541244
0 0 -0.0795542
0 0 -0.110056
0 0 -0.312204
0 0 -0.0920722
0 0 0.133142
0 0 0.0802666
0 0 0.232016
0 0 0.250605
0 0 0.258127
0 0 -0.475587
0 0 -0.459481
0 0 -0.420627
0 0 -0.0616864
0 0 -0.057042
0 0 -0.0584606
0 0 -0.148389
0 0 0.232024
0 0 0.220577
0 0 -0.130474
0 0 -0.0534819
0 0 0.0166553
0 0 -0.0741493
0 0 -0.0993531
0 0 -0.1004
0 0 -0.0991596
0 0 -0.10158
0 0 -0.0983325
0 0 -0.101126
0 0 -0.164334
0 0 -0.166109
0 0 -0.182751
0 0 -0.109124
0 0 -0.105807
0 0 -0.156488
0 0 -0.16152
0 0 -0.156605
0 0 -0.140016
0 0 -0.139704
0 0 -0.208241
0 0 -0.20148
0 0 -0.13763
0 0 -0.145508
0 0 -0.113032
0 0 -0.115985
0 0 -0.143592
0 0 0.0924422
0 0 0.107253
0 0 -0.102924
0 0 -0.105249
0 0 0.0670928
0 0 0.0715355
0 0 -0.113756
0 0 -0.115235
0 0 0.0058939
0 0 0.0028706
0 0 -0.0580863
0 0 -0.0607023
0 0 -0.0546907
0 0 -0.0234671
0 0 -0.0209588
0 0 -0.156886
0 0 -0.152375
0 0 0.266203
0 0 0.280944
0 0 0.279556
0 0 0.00615326
0 0 0.0123557
0 0 -0.118473
0 0 0.254522
0 0 -0.112887
0 0 -0.116317
0 0 -0.11365
0 0 0.0141798
0 0 0.0204197
0 0 0.0100706
0 0 -0.481481
0 0 -0.516952
0 0 -0.1402
0 0 -0.140295
0 0 -0.140748
0 0 0.172704
0 0 0.159495
0 0 -0.153111
0 0 -0.154215
0 0 -0.132081
0 0 -0.0475186
0 0 -0.0517521
0 0 0.0295319
0 0 0.0277972
0 0 -0.0995775
0 0 -0.0973026
0 0 -0.1753
0 0 -0.157444
0 0 -0.174749
0 0 -0.0959106
0 0 -0.0821148
0 0 0.499378
0 0 0.478958
0 0 -0.194683
0 0 -0.195091
0 0 -0.188548
0 0 -0.0716266
0 0 -0.0831938
0 0 -0.0332998
0 0 0.0523359
0 0 0.0516513
0 0 0.0438455
0 0 -0.156935
0 0 -0.147828
0 0 -0.141725
0 0 -0.141307
0 0 -0.0468126
0 0 -0.0446463
0 0 -0.0512273
0 0 0.132172
0 0 0.116391
0 0 -0.0917176
0 0 -0.130455
0 0 -0.130719
0 0 -0.159845
0 0 -0.1596
0 0 -0.159733
0 0 -0.107567
0 0 -0.105831
0 0 -0.150647
0 0 -0.15114
0 0 -0.0881732
0 0 -0.0850469
0 0 -0.0854852
0 0 0.0193873
0 0 0.0181504
0 0 -0.118383
0 0 -0.118107
0 0 -0.185991
0 0 -0.191878
0 0 -0.194506
0 0 -0.106019
0 0 -0.0941538
0 0 0.0594923
0 0 0.097777
0 0 0.0958043
0 0 0.107508
0 0 -0.200531
0 0 -0.203216
0 0 -0.153046
0 0 -0.155172
0 0 -0.00429261
0 0 -0.0069225
0 0 -0.0122583
0 0 -0.14164
0 0 -0.140843
0 0 -0.157989
0 0 -0.141963
0 0 -0.141706
0 0 -0.236167
0 0 -0.239349
0 0 -0.0535643
0 0 -0.0494848
0 0 -0.349198
0 0 -0.362645
0 0 0.162586
0 0 -0.181837
0 0 -0.183917
0 0 -0.177984
0 0 -0.275953
0 0 -0.264885
0 0 -0.266196
0 0 0.124403
0 0 0.112683
0 0 0.0802908
0 0 0.0793003
0 0 -0.144602
0 0 -0.145633
0 0 -0.147185
0 0 -0.0812814
0 0 -0.0822086
0 0 -0.104195
0 0 -0.115462
0 0 -0.0417741
0 0 -0.0486921
0 0 -0.150394
0 0 -0.149858
0 0 -0.149626
0 0 -0.0566093
0 0 -0.0586533
0 0 -0.055218
0 0 -0.143774
0 0 -0.144057
0 0 -0.14398
0 0 0.0357249
0 0 0.0290274
0 0 0.0389001
0 0 -0.103417
0 0 -0.100535
0 0 -0.105791
0 0 -0.103715
0 0 -0.070322
0 0 -0.0718759
0 0 0.157149
0 0 0.157086
0 0 0.144368
0 0 -0.0604147
0 0 -0.0578388
0 0 0.0998116
0 0 0.108906
0 0 -0.0579065
0 0 0.0508821
0 0 0.0510113
0 0 -0.130287
0 0 -0.123223
0 0 -0.130274
0 0 0.0599136
0 0 -0.0943707
0 0 -0.0909686
0 0 -0.055594
0 0 -0.0543283
0 0 -0.0231576
0 0 -0.0264916
0 0 -0.028526
0 0 -0.0669371
0 0 -0.0641668
0 0 -0.111805
0 0 -0.14642
0 0 -0.14598
0 0 0.0680591
0 0 0.0771782
0 0 -0.15108
0 0 -0.153808
0 0 -0.346763
0 0 -0.332345
0 0 0.0664606
0 0 0.0594284
0 0 0.0683309
0 0 -0.107929
0 0 -0.108869
0 0 -0.136612
0 0 -0.138572
0 0 -0.142806
0 0 -0.142598
0 0 0.0714484
0 0 0.0653839
0 0 -0.105003
0 0 -0.100543
0 0 -0.184928
0 0 -0.185053
0 0 -0.112507
0 0 -0.0967608
0 0 0.31638
0 0 0.344243
0 0 -0.145534
0 0 -0.145841
0 0 0.0246406
0 0 0.0155589
0 0 -0.147569
0 0 -0.147532
0 0 -0.171414
0 0 -0.147888
0 0 -0.155145
0 0 -0.154429
0 0 -0.138923
0 0 -0.135363
0 0 -0.00116045
0 0 -0.00280881
0 0 -0.14324
0 0 -0.144686
0 0 -0.264728
0 0 -0.128074
0 0 -0.141708
0 0 -0.018841
0 0 -0.0173839
0 0 -0.111636
0 0 -0.171509
0 0 0.471862
0 0 0.434123
0 0 -0.162857
0 0 0.0226801
0 0 0.0244772
0 0 -0.208376
0 0 -0.217342
0 0 -0.106893
0 0 -0.119336
0 0 -0.120242
0 0 -0.05146
0 0 -0.0444549
0 0 -0.113561
0 0 0.106212
0 0 -0.0991122
0 0 -0.0996914
0 0 -0.0369152
0 0 -0.0300772
0 0 -0.0315894
0 0 0.0703889
0 0 0.0549676
0 0 0.0640378
0 0 -0.144322
0 0 -0.141566
0 0 -0.203884
0 0 -0.212535
0 0 -0.207248
0 0 -0.241072
0 0 -0.0378318
0 0 -0.0250904
0 0 -0.0359236
0 0 0.0946402
0 0 0.0856193
0 0 -0.0532113
0 0 -0.0556941
0 0 -0.0598956
0 0 -0.111517
0 0 -0.114718
0 0 0.103527
0 0 0.094229
0 0 -0.0656733
0 0 -0.0634351
0 0 -0.181476
0 0 -0.180912
0 0 -0.159334
0 0 -0.155842
0 0 -0.0667056
0 0 -0.072239
0 0 -0.426232
0 0 -0.453989
0 0 -0.474425
0 0 -0.484501
0 0 -0.171222
0 0 -0.163637
0 0 -0.166654
0 0 -0.106208
0 0 -0.0311965
0 0 -0.0357964
0 0 -0.027471
0 0 -0.220921
0 0 -0.234612
0 0 -0.162092
0 0 -0.125156
0 0 -0.122972
0 0 -0.09835
0 0 -0.0914958
0 0 -0.0830182
0 0 -0.135118
0 0 -0.136233
0 0 0.298808
0 0 0.329205
0 0 0.0728252
0 0 0.0351201
0 0 0.0451452
0 0 -0.10731
0 0 -0.110156
0 0 -0.220825
0 0 -0.271017
0 0 -0.174616
0 0 -0.133681
0 0 -0.116319
0 0 -0.122395
0 0 -0.142732
0 0 -0.144612
0 0 -0.0647585
0 0 -0.0669061
0 0 -0.0361517
0 0 -0.304834
0 0 -0.297596
0 0 -0.12793
0 0 -0.132357
0 0 -0.0147846
0 0 -0.0142719
0 0 -0.117789
0 0 -0.112793
0 0 -0.116215
0 0 -0.10779
0 0 -0.0838663
0 0 -0.0804138
0 0 -0.151308
0 0 -0.148644
0 0 -0.147684
0 0 0.169848
0 0 0.144691
0 0 0.161131
0 0 -0.134849
0 0 -0.136645
0 0 0.171617
0 0 0.165764
0 0 -0.06592
0 0 -0.329732
0 0 -0.312128
0 0 -0.00622216
0 0 0.00125403
0 0 -0.517274
0 0 -0.440821
0 0 0.0372329
0 0 0.0132601
0 0 0.00463958
0 0 0.0104778
0 0 -0.104644
0 0 -0.112435
0 0 -0.111079
0 0 -0.103476
0 0 -0.154894
0 0 -0.290414
0 0 -0.296765
0 0 -0.285521
0 0 -0.0909529
0 0 -0.10893
0 0 -0.110774
0 0 -0.196715
0 0 -0.164603
0 0 0.207272
0 0 0.208124
0 0 -0.316199
0 0 -0.323751
0 0 -0.200746
0 0 0.0236845
0 0 0.10022
0 0 0.0581546
0 0 0.0502651
0 0 0.0634593
0 0 -0.421632
0 0 -0.447996
0 0 -0.401427
0 0 0.0193148
0 0 0.0137351
0 0 0.235487
0 0 0.256307
0 0 0.244289
0 0 -0.139448
0 0 -0.142089
0 0 -0.134939
0 0 -0.129714
0 0 -0.151416
0 0 0.388442
0 0 0.264064
0 0 0.20933
0 0 0.234221
0 0 -0.147864
0 0 -0.152408
0 0 0.276601
0 0 0.269112
0 0 0.250465
0 0 -0.281287
0 0 -0.133409
0 0 -0.114909
0 0 -0.127423
0 0 0.0247927
0 0 0.0226959
0 0 -0.441814
0 0 -0.45304
0 0 -0.155696
0 0 -0.153638
0 0 -0.208249
0 0 -0.105196
0 0 -0.0066943
0 0 0.00323352
0 0 -0.0012725
0 0 -0.176055
0 0 -0.176523
0 0 -0.139862
0 0 -0.32997
0 0 -0.303652
0 0 -0.346438
0 0 0.0907559
0 0 -0.0382281
0 0 -0.0417476
0 0 -0.0458441
0 0 -0.0690711
0 0 -0.0702614
0 0 -0.0735802
0 0 -0.0537049
0 0 -0.0579315
0 0 -0.0184327
0 0 -0.115933
0 0 -0.112289
0 0 -0.0807089
0 0 -0.0869762
0 0 -0.0861059
0 0 -0.187997
0 0 -0.154571
0 0 -0.111864
0 0 -0.105576
0 0 -0.175857
0 0 -0.176281
0 0 -0.0714078
0 0 0.176952
0 0 0.172269
0 0 0.00201825
0 0 -0.155273
0 0 -0.153673
0 0 0.214861
0 0 -0.23537
0 0 -0.0578153
0 0 -0.189314
0 0 -0.18569
0 0 0.00943524
0 0 0.00222198
0 0 -0.307342
0 0 -0.306299
0 0 -0.143298
0 0 -0.14381
0 0 -0.0704852
0 0 -0.0777507
0 0 -0.159639
0 0 -0.192337
0 0 -0.193769
0 0 -0.19628
0 0 -0.190255
0 0 0.0851525
0 0 0.101245
0 0 -0.144876
0 0 -0.144595
0 0 -0.144574
0 0 -0.0993219
0 0 -0.132125
0 0 0.0590222
0 0 0.00729668
0 0 0.483601
0 0 0.505676
0 0 -0.146678
0 0 -0.145419
0 0 0.167025
0 0 0.157003
0 0 0.171969
0 0 -0.0857575
0 0 0.202644
0 0 0.191494
0 0 0.120037
0 0 0.110917
0 0 -0.538464
0 0 -0.155064
0 0 -0.156575
0 0 -0.108321
0 0 -0.105183
0 0 0.00463311
0 0 -0.00444333
0 0 0.108361
0 0 0.119434
0 0 0.128888
0 0 -0.216618
0 0 -0.218642
0 0 -0.0681134
0 0 -0.0693364
0 0 0.039408
0 0 0.0338216
0 0 0.0321792
0 0 0.372308
0 0 -0.183106
0 0 -0.180525
0 0 0.153772
0 0 0.163596
0 0 -0.141202
0 0 0.11292
0 0 -0.00457274
0 0 0.00695423
0 0 -0.0529613
0 0 -0.0120247
0 0 -0.0180729
0 0 -0.145054
0 0 -0.145838
0 0 -0.0912574
0 0 -0.0898561
0 0 0.0171291
0 0 0.0094814
0 0 0.00810659
0 0 -0.079838
0 0 -0.0818809
0 0 -0.0703544
0 0 -0.0674866
0 0 -0.222435
0 0 -0.223533
0 0 0.0246648
0 0 0.0317477
0 0 0.273395
0 0 -0.116436
0 0 -0.116476
0 0 -0.159898
0 0 -0.158762
0 0 -0.138728
0 0 -0.380239
0 0 -0.373798
0 0 -0.0693158
0 0 0.232446
0 0 0.200071
0 0 0.207226
0 0 0.0106953
0 0 0.0883702
0 0 0.0888525
0 0 -0.254748
0 0 0.220453
0 0 0.206248
0 0 0.166073
0 0 -0.119292
0 0 -0.118559
0 0 -0.118032
0 0 0.00747062
0 0 -0.143826
0 0 -0.144162
0 0 -0.137717
0 0 -0.133514
0 0 -0.0653707
0 0 -0.0701382
0 0 -0.144837
0 0 0.00677336
0 0 0.0147199
0 0 -0.24372
0 0 -0.235675
0 0 -0.0818483
0 0 -0.0951581
0 0 -0.0938128
0 0 -0.0960139
0 0 -0.087803
0 0 -0.103389
0 0 -0.10331
0 0 -0.10896
0 0 -0.0933376
0 0 -0.159636
0 0 -0.109802
0 0 0.0353948
0 0 0.0304927
0 0 0.0237798
0 0 -0.139794
0 0 -0.150264
0 0 0.0274221
0 0 0.0250481
0 0 0.0310517
0 0 0.053103
0 0 0.112596
0 0 0.10687
0 0 0.196811
0 0 0.180609
0 0 0.0564328
0 0 0.0501814
0 0 0.060835
0 0 -0.12343
0 0 -0.127324
0 0 -0.11489
0 0 -0.119289
0 0 -0.254446
0 0 -0.209946
0 0 -0.125049
0 0 0.202936
0 0 0.210015
0 0 0.188201
0 0 -0.237825
0 0 -0.22855
0 0 -0.153409
0 0 -0.125351
0 0 -0.121119
0 0 -0.110506
0 0 -0.0267925
0 0 -0.0876018
0 0 0.166342
0 0 0.177237
0 0 -0.178139
0 0 -0.114014
0 0 -0.117684
0 0 -0.357739
0 0 -0.108565
0 0 -0.105636
0 0 -0.107319
0 0 0.14307
0 0 0.155435
0 0 0.148134
0 0 -0.157025
0 0 0.113416
0 0 0.11407
0 0 -0.139315
0 0 0.253917
0 0 0.269763
0 0 0.268666
0 0 -0.0011623
0 0 -0.152948
0 0 -0.0970471
0 0 -0.0485483
0 0 -0.0535089
0 0 -0.391972
0 0 -0.441984
0 0 -0.422778
0 0 -0.42369
0 0 0.168848
0 0 -0.195151
0 0 -0.170716
0 0 -0.168653
0 0 0.178125
0 0 -0.109002
0 0 -0.110439
0 0 -0.0836874
0 0 -0.0812225
0 0 -0.154107
0 0 0.190309
0 0 -0.146679
0 0 -0.130913
0 0 -0.181562
0 0 -0.0497052
0 0 -0.0447359
0 0 -0.0764504
0 0 -0.145135
0 0 -0.145171
0 0 0.220116
0 0 0.208818
0 0 0.203858
0 0 0.20393
0 0 0.0190931
0 0 -0.187717
0 0 -0.0131293
0 0 -0.00310417
0 0 -0.00297429
0 0 -0.487595
0 0 -0.24509
0 0 -0.244183
0 0 -0.168039
0 0 -0.168409
0 0 -0.0349585
0 0 -0.206883
0 0 -0.208275
0 0 -0.111051
0 0 -0.0253211
0 0 -0.0600302
0 0 -0.0572181
0 0 -0.12796
0 0 -0.118321
0 0 -0.0966472
0 0 -0.0978203
0 0 -0.0871091
0 0 -0.0902806
0 0 0.0859689
0 0 0.0804826
0 0 -0.140553
0 0 -0.13763
0 0 0.148462
0 0 0.141421
0 0 -0.0749205
0 0 -0.0704904
0 0 -0.152065
0 0 -0.152499
0 0 -0.123234
0 0 -0.123032
0 0 -0.105415
0 0 -0.106813
0 0 -0.174344
0 0 -0.110232
0 0 -0.108428
0 0 -0.145398
0 0 -0.145732
0 0 -0.299934
0 0 0.111943
0 0 0.111928
0 0 0.12194
0 0 -0.368258
0 0 -0.329131
0 0 -0.000515236
0 0 -0.0222778
0 0 -0.0275769
0 0 -0.0193169
0 0 -0.155881
0 0 -0.156609
0 0 -0.148582
0 0 -0.149264
0 0 -0.148753
0 0 -0.363629
0 0 -0.37298
0 0 -0.367076
0 0 0.0908033
0 0 0.0834052
0 0 -0.162411
0 0 -0.0647238
0 0 -0.0630443
0 0 -0.0568089
0 0 -0.194196
0 0 0.51281
0 0 0.499434
0 0 -0.0356209
0 0 -0.0371871
0 0 -0.0333657
0 0 -0.0722332
0 0 -0.0130744
0 0 0.160925
0 0 -0.127743
0 0 -0.129542
0 0 -0.131728
0 0 -0.133802
0 0 -0.13565
0 0 -0.131967
0 0 -0.108792
0 0 -0.102197
0 0 -0.345715
0 0 -0.352308
0 0 -0.0777958
0 0 -0.0706901
0 0 0.151512
0 0 0.138715
0 0 0.140772
0 0 -0.160298
0 0 -0.193036
0 0 -0.19441
0 0 -0.120088
0 0 -0.120518
0 0 -0.130827
0 0 -0.0284897
0 0 -0.0260706
0 0 -0.0209125
0 0 0.0972264
0 0 0.0791317
0 0 -0.537795
0 0 -0.140685
0 0 0.0877912
0 0 -0.14088
0 0 -0.140798
0 0 0.442099
0 0 0.469373
0 0 0.267174
0 0 0.405725
0 0 0.378226
0 0 0.392142
0 0 -0.161708
0 0 -0.161068
0 0 -0.160701
0 0 0.24001
0 0 0.236791
0 0 -0.240008
0 0 -0.12232
0 0 -0.130679
0 0 -0.21702
0 0 -0.212091
0 0 -0.13595
0 0 -0.136216
0 0 -0.0662756
0 0 -0.0629849
0 0 -0.155496
0 0 -0.156209
0 0 -0.187995
0 0 -0.190432
0 0 -0.0733179
0 0 -0.072379
0 0 -0.0715858
0 0 -0.174883
0 0 -0.172469
0 0 -0.0301132
0 0 -0.147196
0 0 -0.148137
0 0 0.00478458
0 0 -0.0019446
0 0 0.000802411
0 0 -0.0915197
0 0 -0.0890259
0 0 -0.0962945
0 0 -0.0334526
0 0 -0.0276042
0 0 -0.0264719
0 0 -0.096176
0 0 -0.0968686
0 0 -0.114098
0 0 -0.119663
0 0 0.0348013
0 0 0.0266119
0 0 0.260227
0 0 -0.302005
0 0 -0.312316
0 0 -0.1331
0 0 0.150437
0 0 0.161349
0 0 -0.171795
0 0 -0.117143
0 0 -0.118178
0 0 -0.184165
0 0 -0.0597955
0 0 -0.0601306
0 0 -0.0889407
0 0 -0.089977
0 0 -0.166647
0 0 -0.167692
0 0 0.067732
0 0 0.0770551
0 0 0.0768422
0 0 -0.20147
0 0 -0.208752
0 0 -0.147743
0 0 -0.148474
0 0 -0.116764
0 0 -0.115799
0 0 -0.197031
0 0 -0.197744
0 0 -0.381295
0 0 -0.388255
0 0 -0.36059
0 0 -0.28045
0 0 -0.129651
0 0 -0.130677
0 0 0.159932
0 0 -0.0820225
0 0 -0.0859772
0 0 -0.0847011
0 0 -0.116926
0 0 -0.112923
0 0 -0.108304
0 0 -0.110209
0 0 -0.15103
0 0 -0.149702
0 0 -0.140626
0 0 -0.140584
0 0 -0.0671203
0 0 -0.0641846
0 0 -0.107794
0 0 -0.107044
0 0 0.0381246
0 0 0.0455467
0 0 -0.128517
0 0 -0.0598411
0 0 -0.0553799
0 0 -0.104648
0 0 0.0846213
0 0 0.0776572
0 0 -0.380435
0 0 -0.374265
0 0 -0.123151
0 0 -0.124061
0 0 0.190464
0 0 -0.157793
0 0 0.310995
0 0 0.306994
0 0 -0.157064
0 0 0.0577354
0 0 0.0489775
0 0 0.131812
0 0 0.12494
0 0 0.129248
0 0 0.018636
0 0 0.0210169
0 0 0.0680715
0 0 0.0774712
0 0 0.0755403
0 0 -0.39013
0 0 0.00411589
0 0 0.00476613
0 0 -0.180852
0 0 -0.181328
0 0 -0.185081
0 0 0.0740571
0 0 0.0815881
0 0 -0.0564613
0 0 -0.133436
0 0 -0.131434
0 0 -0.0592346
0 0 -0.0644479
0 0 -0.15244
0 0 -0.153763
0 0 -0.132988
0 0 -0.135884
0 0 -0.102997
0 0 -0.101921
0 0 -0.00471946
0 0 -0.00972479
0 0 -0.118743
0 0 -0.0749825
0 0 -0.0747981
0 0 0.024316
0 0 0.149462
0 0 -0.173236
0 0 0.0889805
0 0 -0.158637
0 0 -0.0924794
0 0 -0.0979226
0 0 -0.0888173
0 0 0.107954
0 0 0.113068
0 0 0.118156
0 0 -0.271145
0 0 -0.265274
0 0 -0.268605
0 0 -0.180828
0 0 -0.176804
0 0 0.00529063
0 0 0.00159697
0 0 -0.317307
0 0 -0.289377
0 0 -0.157682
0 0 -0.156944
0 0 -0.157723
0 0 -0.157604
0 0 -0.156401
0 0 -0.143036
0 0 -0.129684
0 0 -0.130152
0 0 -0.205326
0 0 -0.144309
0 0 -0.144405
0 0 -0.0552152
0 0 -0.0598006
0 0 -0.0813173
0 0 -0.224048
0 0 -0.221672
0 0 -0.175452
0 0 -0.161253
0 0 -0.162957
0 0 0.110916
0 0 -0.148636
0 0 -0.149127
0 0 -0.141149
0 0 -0.140979
0 0 -0.141052
0 0 -0.275276
0 0 -0.271715
0 0 -0.141871
0 0 0.251418
0 0 0.24307
0 0 0.255046
0 0 -0.145422
0 0 -0.145301
0 0 0.0164725
0 0 -0.0055526
0 0 0.0143119
0 0 0.0164871
0 0 -0.248929
0 0 -0.243011
0 0 -0.178207
0 0 -0.0561864
0 0 -0.0622084
0 0 -0.0598038
0 0 -0.0853645
0 0 -0.0870258
0 0 -0.086163
0 0 -0.146347
0 0 0.294488
0 0 0.307541
0 0 -0.0581054
0 0 0.275106
0 0 0.262225
0 0 -0.0313268
0 0 -0.0298804
0 0 0.378645
0 0 0.407139
0 0 0.254429
0 0 0.254776
0 0 -0.00965505
0 0 -0.0142521
0 0 -0.173385
0 0 -0.0587728
0 0 -0.0502387
0 0 -0.0505271
0 0 -0.117279
0 0 -0.0670852
0 0 -0.0713934
0 0 -0.146516
0 0 -0.089751
0 0 -0.0825281
0 0 0.230589
0 0 0.231608
0 0 0.0611587
0 0 -0.159406
0 0 -0.160128
0 0 -0.161707
0 0 -0.092883
0 0 -0.0944694
0 0 0.147683
0 0 0.137786
0 0 0.056095
0 0 0.0609705
0 0 -0.00523974
0 0 -0.00600835
0 0 -0.19428
0 0 -0.190155
0 0 -0.190028
0 0 -0.112274
0 0 -0.113473
0 0 -0.109888
0 0 0.221243
0 0 0.228409
0 0 -0.140574
0 0 -0.315983
0 0 -0.127866
0 0 -0.128418
0 0 -0.134452
0 0 -0.0169676
0 0 -0.110633
0 0 -0.0205237
0 0 -0.113122
0 0 -0.110916
0 0 -0.113177
0 0 -0.11737
0 0 -0.00292318
0 0 -0.104165
0 0 -0.109708
0 0 -0.153043
0 0 -0.152579
0 0 0.0851924
0 0 -0.149252
0 0 0.209415
0 0 -0.177338
0 0 -0.178172
0 0 -0.173317
0 0 -0.119734
0 0 -0.113046
0 0 -0.0373306
0 0 0.170131
0 0 0.155438
0 0 0.154891
0 0 -0.137306
0 0 -0.104188
0 0 -0.0952767
0 0 0.130021
0 0 0.137825
0 0 -0.154265
0 0 -0.141563
0 0 0.102354
0 0 0.0960944
0 0 -0.135592
0 0 -0.137327
0 0 -0.157636
0 0 -0.159006
0 0 0.134941
0 0 0.144646
0 0 -0.180938
0 0 -0.180311
0 0 -0.304677
0 0 -0.309894
0 0 -0.310573
0 0 -0.149647
0 0 -0.142422
0 0 -0.142515
0 0 -0.370394
0 0 -0.361086
0 0 0.0160341
0 0 0.0119269
0 0 -0.141273
0 0 -0.141155
0 0 -0.0820707
0 0 -0.0780147
0 0 -0.150718
0 0 -0.250311
0 0 -0.119097
0 0 -0.118681
0 0 -0.00168222
0 0 0.195903
0 0 -0.0285974
0 0 -0.0189036
0 0 -0.147537
0 0 -0.147704
0 0 -0.0404371
0 0 -0.107517
0 0 -0.103296
0 0 -0.168989
0 0 -0.168387
0 0 -0.149031
0 0 -0.148318
0 0 0.03295
0 0 0.0435444
0 0 0.0366179
0 0 -0.150487
0 0 -0.149967
0 0 0.159489
0 0 -0.151049
0 0 -0.190577
0 0 -0.198276
0 0 -0.244407
0 0 0.00899488
0 0 0.00443097
0 0 0.0127934
0 0 -0.235224
0 0 -0.226202
0 0 -0.224434
0 0 -0.099329
0 0 -0.332098
0 0 -0.325287
0 0 -0.118201
0 0 0.0460612
0 0 0.051403
0 0 -0.180019
0 0 -0.180674
0 0 0.113272
0 0 0.105288
0 0 0.448738
0 0 0.42229
0 0 -0.0119169
0 0 -0.00669718
0 0 0.102689
0 0 -0.170992
0 0 -0.235729
0 0 -0.113498
0 0 -0.109025
0 0 -0.130566
0 0 -0.11874
0 0 -0.121093
0 0 -0.138802
0 0 -0.137315
0 0 -0.137558
0 0 0.0256585
0 0 0.0321626
0 0 -0.12259
0 0 -0.123343
0 0 -0.13283
0 0 0.280999
0 0 -0.137912
0 0 -0.136645
0 0 -0.548573
0 0 -0.545344
0 0 -0.116331
0 0 -0.112532
0 0 -0.101194
0 0 -0.159115
0 0 -0.122074
0 0 -0.132206
0 0 -0.0598506
0 0 -0.165991
0 0 -0.164587
0 0 0.358769
0 0 0.351204
0 0 0.373131
0 0 0.317544
0 0 -0.053755
0 0 -0.0846976
0 0 -0.0786077
0 0 -0.18213
0 0 -0.179048
0 0 0.154026
0 0 -0.131198
0 0 -0.14627
0 0 -0.14704
0 0 -0.0161107
0 0 -0.148192
0 0 -0.148379
0 0 -0.0945715
0 0 0.133514
0 0 0.126374
0 0 0.117004
0 0 -0.0584107
0 0 -0.0636405
0 0 -0.146792
0 0 -0.14616
0 0 -0.0247339
0 0 -0.140992
0 0 -0.140991
0 0 -0.143112
0 0 -0.132675
0 0 -0.149176
0 0 -0.134915
0 0 -0.061718
0 0 -0.0571126
0 0 -0.121114
0 0 -0.0510587
0 0 -0.0440196
0 0 -0.0580604
0 0 -0.0643075
0 0 0.106008
0 0 -0.101958
0 0 -0.0206875
0 0 -0.0249603
0 0 -0.185559
0 0 -0.0475497
0 0 -0.155057
0 0 -0.155486
0 0 -0.0753313
0 0 -0.15742
0 0 -0.235037
0 0 -0.232698
0 0 -0.149619
0 0 -0.150296
0 0 -0.0285847
0 0 -0.0330644
0 0 -0.147627
0 0 -0.146081
0 0 -0.0387033
0 0 -0.0345705
0 0 -0.146803
0 0 -0.148585
0 0 -0.0578359
0 0 -0.149989
0 0 -0.141052
0 0 -0.140962
0 0 -0.198045
0 0 -0.183479
0 0 -0.235519
0 0 -0.128232
0 0 -0.126509
0 0 -0.158333
0 0 -0.159603
0 0 -0.14237
0 0 -0.144858
0 0 -0.50804
0 0 -0.504547
0 0 -0.142052
0 0 -0.142114
0 0 -0.159551
0 0 0.0594244
0 0 -0.125065
0 0 -0.1421
0 0 -0.142069
0 0 -0.141132
0 0 -0.0899182
0 0 -0.0893597
0 0 -0.144556
0 0 -0.154313
0 0 -0.147118
0 0 -0.147302
0 0 -0.145944
0 0 -0.0233715
0 0 -0.0174368
0 0 -0.0785229
0 0 -0.0779246
0 0 0.203663
0 0 -0.144884
0 0 -0.144543
0 0 0.00864345
0 0 -0.116293
0 0 -0.117558
0 0 0.0193287
0 0 0.0209488
0 0 0.0168792
0 0 -0.0377529
0 0 -0.0402973
0 0 0.0758329
0 0 -0.270802
0 0 -0.278726
0 0 -0.2614
0 0 -0.158036
0 0 -0.149564
0 0 -0.109868
0 0 0.235811
0 0 -0.145602
0 0 -0.146066
0 0 -0.142253
0 0 -0.142457
0 0 -0.0521721
0 0 -0.141147
0 0 -0.141075
0 0 -0.136649
0 0 -0.136542
0 0 0.459584
0 0 -0.141022
0 0 -0.0835762
0 0 -0.143531
0 0 -0.143544
0 0 -0.14844
0 0 -0.148085
0 0 -0.120891
0 0 -0.11982
0 0 -0.140247
0 0 -0.141914
0 0 0.376629
0 0 0.404813
0 0 -0.104164
0 0 -0.103205
0 0 -0.214176
0 0 -0.209316
0 0 0.14343
0 0 -0.228675
0 0 -0.118837
0 0 -0.123997
0 0 -0.111761
0 0 -0.104972
0 0 -0.0962704
0 0 -0.141224
0 0 -0.109428
0 0 -0.106775
0 0 -0.0407351
0 0 0.0599684
0 0 0.139706
0 0 0.126404
0 0 -0.125156
0 0 -0.115886
0 0 -0.335639
0 0 -0.325942
0 0 -0.170776
0 0 -0.170183
0 0 -0.258463
0 0 -0.116403
0 0 -0.12381
0 0 -0.122162
0 0 -0.117744
0 0 -0.0930041
0 0 -0.0946877
0 0 0.168242
0 0 0.154069
0 0 0.0922852
0 0 0.0975015
0 0 -0.108342
0 0 -0.172015
0 0 -0.0593369
0 0 -0.0659814
0 0 -0.150121
0 0 0.162131
0 0 0.17633
0 0 -0.137999
0 0 -0.134451
0 0 -0.291217
0 0 -0.291751
0 0 -0.133963
0 0 -0.13955
0 0 -0.0722909
0 0 -0.0680086
0 0 -0.166548
0 0 -0.0892275
0 0 -0.140345
0 0 -0.139659
0 0 -0.102076
0 0 0.101875
0 0 0.101795
0 0 -0.0503354
0 0 -0.0469825
0 0 0.119394
0 0 0.120471
0 0 0.117943
0 0 0.128205
0 0 0.0270212
0 0 -0.0864394
0 0 -0.0850373
0 0 -0.0217879
0 0 -0.140971
0 0 -0.13898
0 0 -0.139839
0 0 -0.042657
0 0 0.137339
0 0 0.147455
0 0 -0.0265626
0 0 -0.0190127
0 0 -0.160508
0 0 -0.161106
0 0 -0.160129
0 0 -0.14397
0 0 -0.143571
0 0 0.0113724
0 0 0.0182846
0 0 -0.145242
0 0 -0.10531
0 0 0.093391
0 0 0.0979757
0 0 0.0913211
0 0 -0.319097
0 0 -0.311213
0 0 -0.0438689
0 0 -0.0417905
0 0 -0.123966
0 0 -0.130326
0 0 -0.118976
0 0 -0.158396
0 0 -0.16043
0 0 -0.152551
0 0 -0.151993
0 0 -0.145993
0 0 -0.0386143
0 0 -0.138283
0 0 -0.147584
0 0 -0.147477
0 0 -0.125298
0 0 -0.122455
0 0 0.0870194
0 0 -0.0884424
0 0 -0.087854
0 0 -0.514937
0 0 -0.225646
0 0 -0.236217
0 0 0.0161033
0 0 -0.10886
0 0 -0.138688
0 0 -0.166776
0 0 0.181631
0 0 -0.0423321
0 0 -0.163314
0 0 -0.0912444
0 0 -0.543488
0 0 -0.150064
0 0 0.167813
0 0 0.490084
0 0 -0.130077
0 0 0.337141
0 0 -0.413159
0 0 -0.1145
0 0 0.0394693
0 0 0.0470962
0 0 -0.122399
0 0 -0.131354
0 0 -0.130882
0 0 -0.208056
0 0 -0.0776666
0 0 -0.0293562
0 0 -0.0301275
0 0 -0.0251527
0 0 -0.0558182
0 0 0.300538
0 0 0.280505
0 0 -0.0255337
0 0 0.129269
0 0 0.126328
0 0 0.139079
0 0 -0.105672
0 0 -0.107423
0 0 0.149007
0 0 -0.140544
0 0 -0.141303
0 0 -0.139986
0 0 0.117961
0 0 0.130049
0 0 -0.142815
0 0 -0.142704
0 0 -0.142362
0 0 -0.0186917
0 0 -0.0251649
0 0 -0.018345
0 0 -0.139716
0 0 -0.104575
0 0 -0.107999
0 0 -0.483882
0 0 -0.497363
0 0 -0.160703
0 0 -0.156276
0 0 -0.186522
0 0 -0.18378
0 0 -0.163846
0 0 -0.0720513
0 0 0.391926
0 0 0.367352
0 0 -0.176612
0 0 -0.122879
0 0 -0.125057
0 0 -0.098049
0 0 -0.0734152
0 0 -0.127058
0 0 -0.147231
0 0 -0.0154881
0 0 -0.0147694
0 0 -0.100729
0 0 -0.101038
0 0 -0.182506
0 0 -0.145402
0 0 -0.138674
0 0 0.0519528
0 0 0.0611895
0 0 0.0582051
0 0 0.00182191
0 0 -0.0103467
0 0 0.00804651
0 0 -0.141978
0 0 -0.0210411
0 0 -0.0322927
0 0 -0.222826
0 0 -0.219429
0 0 -0.134154
0 0 0.266543
0 0 0.256453
0 0 0.000705391
0 0 0.0708768
0 0 0.0538023
0 0 -0.165537
0 0 -0.166273
0 0 -0.169003
0 0 0.255889
0 0 0.256425
0 0 -0.0573908
0 0 -0.059352
0 0 -0.147991
0 0 -0.0427417
0 0 -0.0465566
0 0 -0.202347
0 0 -0.195423
0 0 -0.144559
0 0 0.0742535
0 0 0.0726641
0 0 0.0682734
0 0 -0.0671615
0 0 -0.0659861
0 0 -0.0652929
0 0 0.0716596
0 0 0.0790396
0 0 -0.322631
0 0 -0.121583
0 0 -0.11529
0 0 -0.141239
0 0 -0.140989
0 0 -0.141081
0 0 -0.163624
0 0 -0.21607
0 0 -0.151456
0 0 -0.151673
0 0 -0.172189
0 0 -0.174112
0 0 -0.115818
0 0 -0.111815
0 0 -0.104992
0 0 -0.105334
0 0 0.130161
0 0 -0.108471
0 0 -0.167034
0 0 -0.163237
0 0 -0.246971
0 0 -0.257582
0 0 -0.151867
0 0 -0.1524
0 0 -0.136423
0 0 -0.152966
0 0 -0.148433
0 0 0.235541
0 0 -0.187876
0 0 -0.0917042
0 0 -0.141313
0 0 -0.178241
0 0 -0.141356
0 0 -0.140952
0 0 -0.0688278
0 0 -0.0691636
0 0 -0.155462
0 0 -0.156675
0 0 -0.142298
0 0 -0.142641
0 0 -0.142379
0 0 -0.14287
0 0 -0.0960688
0 0 -0.24844
0 0 -0.0525066
0 0 -0.263521
0 0 0.0647195
0 0 0.0748171
0 0 -0.146053
0 0 0.342414
0 0 -0.0654386
0 0 -0.0681642
0 0 0.124839
0 0 0.11488
0 0 0.118825
0 0 -0.126904
0 0 -0.156967
0 0 -0.021241
0 0 -0.463612
0 0 0.224527
0 0 -0.150325
0 0 -0.0210574
0 0 -0.0133623
0 0 -0.0172929
0 0 0.218703
0 0 0.228994
0 0 -0.135165
0 0 -0.135435
0 0 0.0449849
0 0 0.0464187
0 0 0.172561
0 0 -0.0496639
0 0 0.128685
0 0 0.126662
0 0 -0.171542
0 0 -0.169688
0 0 -0.139976
0 0 -0.13998
0 0 -0.0355206
0 0 -0.0428579
0 0 0.213156
0 0 0.248949
0 0 0.104353
0 0 -0.147546
0 0 -0.127631
0 0 0.011976
0 0 -0.167961
0 0 -0.169367
0 0 -0.170745
0 0 -0.160028
0 0 -0.164555
0 0 -0.0518789
0 0 -0.109014
0 0 -0.180659
0 0 0.0600796
0 0 0.0508139
0 0 0.13423
0 0 0.116474
0 0 -0.0812938
0 0 -0.0854421
0 0 -0.167484
0 0 0.0391565
0 0 0.185875
0 0 -0.0634367
0 0 -0.0642839
0 0 -0.170947
0 0 -0.159547
0 0 -0.159084
0 0 -0.29931
0 0 -0.0516126
0 0 -0.0537266
0 0 -0.143418
0 0 -0.144857
0 0 -0.0760062
0 0 -0.0776475
0 0 -0.12261
0 0 -0.124415
0 0 -0.146947
0 0 -0.256438
0 0 -0.247697
0 0 0.0670886
0 0 -0.086341
0 0 0.0357203
0 0 -0.144689
0 0 0.19096
0 0 -0.137329
0 0 -0.109579
0 0 -0.114503
0 0 -0.108003
0 0 -0.115313
0 0 -0.140854
0 0 -0.153708
0 0 -0.153577
0 0 -0.101166
0 0 -0.142782
0 0 -0.143415
0 0 -0.0422993
0 0 -0.0484233
0 0 -0.040082
0 0 -0.126349
0 0 -0.123781
0 0 0.0426184
0 0 0.0334383
0 0 0.214479
0 0 0.231561
0 0 0.134775
0 0 0.132098
0 0 -0.0727583
0 0 -0.0755157
0 0 -0.171342
0 0 -0.158253
0 0 -0.135821
0 0 -0.0877438
0 0 -0.114024
0 0 -0.110994
0 0 -0.0615082
0 0 -0.165362
0 0 -0.137651
0 0 0.0954885
0 0 0.119695
0 0 0.111893
0 0 0.109331
0 0 -0.143332
0 0 -0.143195
0 0 -0.168342
0 0 -0.0463875
0 0 -0.0530991
0 0 -0.369686
0 0 -0.162053
0 0 -0.158772
0 0 -0.253322
0 0 -0.257668
0 0 -0.258648
0 0 0.236807
0 0 0.230209
0 0 -0.169122
0 0 -0.0623741
0 0 -0.0686328
0 0 -0.0492926
0 0 -0.109623
0 0 -0.103119
0 0 -0.0178074
0 0 -0.019472
0 0 -0.146293
0 0 -0.159735
0 0 0.146546
0 0 0.14332
0 0 0.153302
0 0 -0.00123653
0 0 0.000167895
0 0 0.0174241
0 0 0.070099
0 0 0.062592
0 0 -0.141232
0 0 -0.14177
0 0 0.275382
0 0 -0.15223
0 0 -0.150261
0 0 -0.148471
0 0 -0.110829
0 0 0.0870281
0 0 0.0839459
0 0 -0.141671
0 0 -0.142193
0 0 -0.126202
0 0 -0.132283
0 0 -0.144104
0 0 -0.139043
0 0 -0.166949
0 0 -0.169206
0 0 0.287692
0 0 -0.159177
0 0 -0.157623
0 0 -0.0911293
0 0 -0.0826346
0 0 -0.0826586
0 0 -0.169813
0 0 -0.172239
0 0 -0.16852
0 0 -0.150532
0 0 -0.143437
0 0 -0.146097
0 0 -0.136468
0 0 -0.138423
0 0 -0.0362005
0 0 -0.12704
0 0 -0.0771191
0 0 -0.11003
0 0 -0.110391
0 0 0.115131
0 0 -0.157044
0 0 -0.157823
0 0 -0.107481
0 0 -0.00428212
0 0 0.00139737
0 0 -0.0113642
0 0 -0.11484
0 0 -0.116081
0 0 -0.159831
0 0 -0.151149
0 0 -0.166307
0 0 -0.174711
0 0 -0.0803571
0 0 -0.0786283
0 0 -0.166964
0 0 -0.0370195
0 0 -0.0763145
0 0 -0.0743203
0 0 -0.0688424
0 0 -0.124442
0 0 -0.074589
0 0 0.178153
0 0 0.166162
0 0 -0.0785255
0 0 0.119954
0 0 -0.528916
0 0 -0.125528
0 0 -0.126636
0 0 0.203142
0 0 -0.229013
0 0 -0.140946
0 0 0.0143472
0 0 0.0132833
0 0 -0.266796
0 0 -0.23777
0 0 -0.167232
0 0 -0.16617
0 0 -0.0571455
0 0 -0.0460696
0 0 -0.156968
0 0 0.34138
0 0 0.146296
0 0 -0.0211106
0 0 -0.141966
0 0 -0.145679
0 0 -0.0324354
0 0 0.0606633
0 0 -0.353286
0 0 -0.344238
0 0 -0.348342
0 0 -0.140694
0 0 -0.140842
0 0 -0.162567
0 0 0.0445901
0 0 -0.318468
0 0 -0.150101
0 0 -0.155492
0 0 -0.112153
0 0 0.0861427
0 0 0.0840509
0 0 -0.160161
0 0 0.403588
0 0 -0.0511845
0 0 -0.132484
0 0 -0.135973
0 0 -0.143132
0 0 -0.142988
0 0 -0.12925
0 0 -0.151936
0 0 -0.150127
0 0 -0.141182
0 0 0.0460438
0 0 -0.14677
0 0 -0.0959905
0 0 -0.145056
0 0 -0.145202
0 0 -0.145089
0 0 -0.148835
0 0 -0.195192
0 0 -0.192806
0 0 -0.197544
0 0 -0.122271
0 0 -0.114297
0 0 -0.135824
0 0 -0.135034
0 0 -0.0769113
0 0 -0.0865008
0 0 0.106744
0 0 0.101735
0 0 -0.0865576
0 0 -0.0874916
0 0 -0.090092
0 0 -0.0745219
0 0 -0.0750543
0 0 -0.112705
0 0 -0.113734
0 0 0.00765202
0 0 -0.354983
0 0 -0.360381
0 0 -0.143022
0 0 -0.143327
0 0 0.229522
0 0 0.211388
0 0 -0.149693
0 0 0.0955012
0 0 -0.05035
0 0 0.121423
0 0 -0.154878
0 0 -0.0212659
0 0 -0.14184
0 0 0.440311
0 0 0.426904
0 0 0.0169857
0 0 0.0141996
0 0 -0.1606
0 0 -0.129415
0 0 -0.128992
0 0 -0.133063
0 0 -0.280298
0 0 -0.144282
0 0 -0.143553
0 0 -0.110938
0 0 -0.116293
0 0 -0.117334
0 0 -0.148805
0 0 -0.143257
0 0 -0.143269
0 0 0.0988187
0 0 0.0344729
0 0 0.183185
0 0 0.197038
0 0 0.183304
0 0 -0.0931999
0 0 -0.141649
0 0 -0.164493
0 0 -0.165014
0 0 0.156207
0 0 -0.164335
0 0 0.0738414
0 0 0.0853126
0 0 -0.14714
0 0 -0.109553
0 0 -0.343219
0 0 -0.124431
0 0 -0.0673556
0 0 -0.0900322
0 0 -0.150068
0 0 -0.15034
0 0 -0.118766
0 0 -0.119299
0 0 -0.184709
0 0 -0.187807
0 0 -0.0749718
0 0 -0.140712
0 0 -0.140424
0 0 -0.0297882
0 0 -0.0750458
0 0 -0.109269
0 0 -0.0550216
0 0 -0.0612643
0 0 -0.164744
0 0 -0.16686
0 0 0.0306427
0 0 -0.164577
0 0 -0.165679
0 0 -0.0821288
0 0 -0.142752
0 0 -0.0720052
0 0 -0.00982186
0 0 -0.0143794
0 0 -0.338831
0 0 -0.340527
0 0 0.486337
0 0 0.313781
0 0 0.299602
0 0 0.0922167
0 0 0.0897317
0 0 -0.0502362
0 0 0.0840808
0 0 -0.0542117
0 0 -0.150886
0 0 -0.155359
0 0 0.218291
0 0 0.106129
0 0 0.095867
0 0 -0.0128019
0 0 0.0563099
0 0 0.0504706
0 0 -0.00364472
0 0 0.0991283
0 0 -0.0837225
0 0 -0.0829163
0 0 0.00937525
0 0 0.00814908
0 0 -0.128939
0 0 -0.121786
0 0 0.233164
0 0 -0.121249
0 0 -0.0281347
0 0 -0.0125863
0 0 -0.222985
0 0 -0.121629
0 0 0.033513
0 0 -0.105253
0 0 -0.105612
0 0 0.116205
0 0 -0.0430863
0 0 -0.148791
0 0 -0.148276
0 0 -0.0661618
0 0 -0.140623
0 0 0.148866
0 0 0.155697
0 0 0.143777
0 0 -0.338051
0 0 -0.155074
0 0 -0.163612
0 0 -0.162806
0 0 -0.161973
0 0 -0.141172
0 0 -0.140702
0 0 -0.14054
0 0 0.0387178
0 0 0.100596
0 0 0.106368
0 0 0.0963579
0 0 -0.17393
0 0 0.149046
0 0 -0.0635313
0 0 -0.0652777
0 0 -0.0276266
0 0 -0.0407137
0 0 -0.0456041
0 0 -0.0369238
0 0 0.211681
0 0 0.205196
0 0 -0.166718
0 0 -0.0908375
0 0 -0.0973917
0 0 -0.144276
0 0 -0.152905
0 0 -0.153481
0 0 -0.116661
0 0 -0.153744
0 0 -0.0863978
0 0 -0.0873622
0 0 -0.143407
0 0 -0.143619
0 0 0.12268
0 0 -0.19338
0 0 -0.20503
0 0 -0.111066
0 0 -0.0914252
0 0 -0.174111
0 0 -0.0709831
0 0 -0.128933
0 0 -0.124313
0 0 -0.151182
0 0 -0.150027
0 0 -0.142806
0 0 -0.142991
0 0 -0.141177
0 0 0.170866
0 0 0.141465
0 0 -0.442395
0 0 -0.495321
0 0 0.0911712
0 0 -0.164411
0 0 -0.163513
0 0 -0.112472
0 0 -0.139706
0 0 -0.178812
0 0 0.160984
0 0 -0.140032
0 0 -0.141422
0 0 -0.102081
0 0 -0.137046
0 0 -0.139204
0 0 0.293144
0 0 0.0980665
0 0 0.104105
0 0 -0.000188778
0 0 -0.00251689
0 0 0.00931264
0 0 0.0227219
0 0 0.137199
0 0 -0.0554413
0 0 -0.155822
0 0 -0.1605
0 0 -0.161133
0 0 -0.159594
0 0 -0.170998
0 0 -0.214665
0 0 -0.113432
0 0 -0.114737
0 0 -0.00685584
0 0 -0.149837
0 0 0.110106
0 0 -0.147946
0 0 -0.144162
0 0 -0.143388
0 0 0.0973469
0 0 -0.174456
0 0 -0.101606
0 0 -0.102667
0 0 -0.148174
0 0 -0.153689
0 0 -0.141909
0 0 -0.15249
0 0 -0.248282
0 0 -0.092343
0 0 -0.0866433
0 0 -0.140805
0 0 -0.114319
0 0 -0.0841914
0 0 -0.0847519
0 0 -0.139283
0 0 -0.13912
0 0 -0.14113
0 0 0.0957238
0 0 -0.20317
0 0 -0.247425
0 0 -0.125091
0 0 -0.122953
0 0 -0.124284
0 0 -0.128686
0 0 -0.141244
0 0 -0.222607
0 0 -0.134456
0 0 -0.142959
0 0 0.0280824
0 0 -0.142572
0 0 -0.127308
0 0 -0.150729
0 0 -0.146409
0 0 -0.145343
0 0 -0.158683
0 0 -0.0334098
0 0 -0.0436998
0 0 0.0758514
0 0 -0.394807
0 0 -0.404085
0 0 -0.0597372
0 0 -0.0618414
0 0 -0.122647
0 0 0.0997384
0 0 0.101059
0 0 -0.0872741
0 0 -0.0884619
0 0 0.0446255
0 0 0.0262777
0 0 0.0201135
0 0 -0.142647
0 0 -0.0538296
0 0 -0.0456225
0 0 -0.0248034
0 0 -0.361256
0 0 -0.0911118
0 0 -0.254934
0 0 -0.271163
0 0 -0.152473
0 0 -0.069773
0 0 -0.113402
0 0 -0.116882
0 0 -0.00646841
0 0 -0.141653
0 0 -0.034943
0 0 -0.0355094
0 0 0.144808
0 0 -0.137153
0 0 -0.141249
0 0 -0.0836311
0 0 -0.105153
0 0 -0.0902909
0 0 -0.0073912
0 0 -0.00349449
0 0 -0.152131
0 0 -0.152335
0 0 -0.141908
0 0 -0.142005
0 0 -0.141571
0 0 -0.103751
0 0 -0.159965
0 0 -0.158155
0 0 -0.122517
0 0 -0.120324
0 0 -0.12041
0 0 -0.12983
0 0 0.107249
0 0 0.111856
0 0 0.114784
0 0 0.128293
0 0 -0.142309
0 0 0.247235
0 0 0.218627
0 0 -0.288684
0 0 -0.152568
0 0 -0.153862
0 0 -0.181283
0 0 -0.181725
0 0 -0.147307
0 0 -0.120779
0 0 -0.125562
0 0 -0.0371088
0 0 -0.376359
0 0 -0.384177
0 0 0.144691
0 0 0.138736
0 0 -0.0996268
0 0 -0.0974373
0 0 -0.0982745
0 0 -0.0632247
0 0 -0.0530085
0 0 -0.0532859
0 0 -0.138699
0 0 -0.300301
0 0 -0.293011
0 0 -0.0200894
0 0 -0.0343506
0 0 -0.0786589
0 0 0.234721
0 0 0.0090045
0 0 -0.197731
0 0 -0.14505
0 0 -0.085986
0 0 -0.0992172
0 0 0.0930663
0 0 0.0936536
0 0 -0.0275044
0 0 -0.224686
0 0 -0.283874
0 0 -0.288909
0 0 -0.142633
0 0 -0.0591307
0 0 -0.0578743
0 0 -0.149588
0 0 -0.311758
0 0 -0.0669899
0 0 -0.0281619
0 0 -0.0332346
0 0 -0.128608
0 0 -0.124791
0 0 -0.131746
0 0 -0.094206
0 0 -0.14305
0 0 -0.0434629
0 0 -0.0586137
0 0 -0.0977989
0 0 -0.111625
0 0 -0.0453563
0 0 0.106436
0 0 0.132891
0 0 0.128257
0 0 -0.169986
0 0 -0.174365
0 0 0.0305889
0 0 -0.064504
0 0 -0.16166
0 0 -0.160586
0 0 -0.36914
0 0 0.0537218
0 0 0.0515354
0 0 0.187561
0 0 -0.13249
0 0 -0.135024
0 0 -0.138302
0 0 0.165684
0 0 0.142589
0 0 -0.0385309
0 0 -0.124432
0 0 -0.120601
0 0 -0.119893
0 0 -0.0390352
0 0 -0.0386894
0 0 -0.0891042
0 0 -0.128897
0 0 -0.128231
0 0 -0.131095
0 0 -0.0814132
0 0 -0.0770208
0 0 -0.0782991
0 0 -0.13286
0 0 -0.164771
0 0 0.12624
0 0 0.127998
0 0 -0.107117
0 0 -0.0768113
0 0 0.190551
0 0 -0.0151478
0 0 -0.122292
0 0 -0.120297
0 0 -0.150767
0 0 -0.137879
0 0 -0.139026
0 0 -0.137463
0 0 -0.0897722
0 0 -0.12617
0 0 -0.0748904
0 0 -0.472471
0 0 0.0020993
0 0 -0.00245175
0 0 -0.0861724
0 0 -0.243749
0 0 -0.248229
0 0 -0.154124
0 0 0.132183
0 0 -0.129166
0 0 -0.141253
0 0 -0.141191
0 0 -0.158243
0 0 -0.15962
0 0 -0.0160474
0 0 -0.0129154
0 0 -0.0581751
0 0 -0.0507833
0 0 -0.0587514
0 0 -0.0659361
0 0 -0.0584565
0 0 -0.441602
0 0 -0.467579
0 0 0.00091803
0 0 0.0868577
0 0 0.0877226
0 0 -0.132083
0 0 -0.125798
0 0 -0.117365
0 0 -0.100454
0 0 -0.486164
0 0 -0.110268
0 0 -0.0926209
0 0 -0.14524
0 0 -0.232752
0 0 -0.100976
0 0 -0.0686343
0 0 -0.1623
0 0 -0.125582
0 0 -0.192248
0 0 -0.189936
0 0 0.00445863
0 0 -0.14436
0 0 -0.0952848
0 0 -0.16403
0 0 -0.108086
0 0 -0.141004
0 0 -0.141085
0 0 -0.140988
0 0 0.0062089
0 0 0.00354108
0 0 -0.0982475
0 0 0.267594
0 0 -0.115499
0 0 -0.109182
0 0 -0.112124
0 0 -0.303208
0 0 -0.0931364
0 0 -0.104147
0 0 -0.137583
0 0 0.233736
0 0 0.119442
0 0 0.111673
0 0 0.0294954
0 0 0.032475
0 0 -0.12205
0 0 0.108913
0 0 -0.146866
0 0 -0.160306
0 0 -0.141119
0 0 -0.112041
0 0 -0.119852
0 0 -0.00146685
0 0 -0.0231827
0 0 -0.0620272
0 0 0.0242167
0 0 -0.130614
0 0 -0.126861
0 0 -0.174382
0 0 -0.161855
0 0 -0.248206
0 0 -0.144965
0 0 -0.143981
0 0 0.139902
0 0 0.152154
0 0 -0.140958
0 0 -0.0266764
0 0 -0.0194569
0 0 -0.0245924
0 0 0.0124018
0 0 0.0482385
0 0 -0.141728
0 0 -0.14064
0 0 0.336612
0 0 0.33767
0 0 0.32576
0 0 0.042541
0 0 -0.144593
0 0 -0.105607
0 0 -0.10667
0 0 0.092275
0 0 -0.0365421
0 0 -0.0525147
0 0 -0.106934
0 0 -0.0336077
0 0 0.0791083
0 0 0.104763
0 0 0.11296
0 0 -0.138628
0 0 -0.139488
0 0 -0.10871
0 0 -0.0611432
0 0 -0.0623417
0 0 -0.0160744
0 0 -0.0118474
0 0 -0.166997
0 0 -0.114691
0 0 -0.11524
0 0 -0.141084
0 0 -0.141116
0 0 -0.100497
0 0 -0.0980029
0 0 -0.118657
0 0 -0.149934
0 0 -0.151231
0 0 -0.141424
0 0 -0.140959
0 0 -0.141127
0 0 -0.211081
0 0 0.249469
0 0 -0.140322
0 0 -0.137243
0 0 -0.136822
0 0 0.0763985
0 0 0.0943538
0 0 -0.42586
0 0 -0.387979
0 0 -0.129905
0 0 -0.126678
0 0 0.115261
0 0 0.121511
0 0 -0.25971
0 0 -0.141561
0 0 -0.199062
0 0 -0.162047
0 0 -0.162411
0 0 -0.154238
0 0 -0.19914
0 0 0.147805
0 0 0.139575
0 0 -0.273577
0 0 -0.279158
0 0 -0.153014
0 0 0.0579305
0 0 0.0829591
0 0 -0.147744
0 0 -0.153828
0 0 -0.387273
0 0 -0.0674695
0 0 -0.0231502
0 0 -0.147061
0 0 -0.149153
0 0 -0.121288
0 0 -0.123447
0 0 -0.00168659
0 0 -0.0104407
0 0 0.0218162
0 0 -0.0232269
0 0 -0.0109087
0 0 -0.0178441
0 0 -0.0270354
0 0 -0.0930742
0 0 -0.142413
0 0 -0.122301
0 0 0.116398
0 0 0.00508451
0 0 0.0553274
0 0 0.0488371
0 0 -0.100908
0 0 -0.0889748
0 0 0.0104439
0 0 -0.103964
0 0 -0.078578
0 0 -0.0774613
0 0 0.161539
0 0 0.173967
0 0 0.0961009
0 0 -0.112357
0 0 -0.117696
0 0 0.0797863
0 0 -0.101901
0 0 -0.105862
0 0 -0.104773
0 0 -0.0740772
0 0 -0.11774
0 0 -0.0956204
0 0 -0.0937181
0 0 0.12602
0 0 -0.105791
0 0 -0.105434
0 0 -0.0928419
0 0 -0.140458
0 0 -0.0589935
0 0 -0.0289178
0 0 0.0996439
0 0 0.123928
0 0 -0.0598192
0 0 -0.138524
0 0 -0.06734
0 0 0.121201
0 0 -0.164881
0 0 -0.163346
0 0 -0.166781
0 0 -0.0139063
0 0 -0.0099817
0 0 0.126826
0 0 -0.0808629
0 0 -0.141147
0 0 -0.372747
0 0 -0.358912
0 0 -0.142991
0 0 -0.138692
0 0 -0.14015
0 0 -0.170059
0 0 -0.174627
0 0 -0.165531
0 0 -0.163283
0 0 0.00949275
0 0 -0.0499272
0 0 -0.161587
0 0 0.0133957
0 0 -0.0571938
0 0 -0.0675466
0 0 -0.142637
0 0 0.114044
0 0 -0.119975
0 0 -0.121427
0 0 -0.172316
0 0 -0.0648932
0 0 -0.065653
0 0 -0.117525
0 0 0.0262786
0 0 -0.0593871
0 0 0.0183181
0 0 0.0655264
0 0 -0.137769
0 0 -0.148039
0 0 -0.140404
0 0 -0.14176
0 0 -0.141406
0 0 -0.143034
0 0 -0.0954824
0 0 -0.0242414
0 0 -0.0313345
0 0 -0.0917266
0 0 -0.0531641
0 0 -0.00531315
0 0 -0.00604933
0 0 -0.138765
0 0 -0.294078
0 0 -0.300372
0 0 0.3685
0 0 0.359956
0 0 0.414194
0 0 0.4114
0 0 0.39303
0 0 -0.0740413
0 0 -0.139763
0 0 -0.0446572
0 0 -0.150205
0 0 -0.107705
0 0 -0.114088
0 0 -0.134763
0 0 -0.138639
0 0 0.331657
0 0 0.313793
0 0 -0.17814
0 0 -0.175996
0 0 -0.489206
0 0 -0.299249
0 0 0.354013
0 0 0.306998
0 0 -0.0738712
0 0 0.410062
0 0 -0.0874119
0 0 -0.290449
0 0 -0.407776
0 0 -0.187137
0 0 -0.232918
0 0 -0.217451
0 0 -0.100194
0 0 0.124777
0 0 0.301794
0 0 0.312615
0 0 -0.07077
0 0 -0.080085
0 0 -0.0751142
0 0 -0.142319
0 0 -0.122883
0 0 -0.127441
0 0 0.131612
0 0 0.130823
0 0 0.121675
0 0 -0.0917562
0 0 -0.35276
0 0 -0.00708308
0 0 -0.0013261
0 0 -0.0773835
0 0 -0.0820779
0 0 -0.0311322
0 0 -0.069272
0 0 -0.155304
0 0 0.346253
0 0 -0.264819
0 0 -0.26941
0 0 -0.0883117
0 0 -0.0820411
0 0 -0.134148
0 0 0.129086
0 0 0.00138872
0 0 -0.20529
0 0 -0.0287016
0 0 -0.106081
0 0 -0.107183
0 0 -0.142608
0 0 0.3137
0 0 0.326884
0 0 -0.149663
0 0 -0.0473794
0 0 0.31116
0 0 0.311102
0 0 -0.079722
0 0 -0.159223
0 0 -0.163378
0 0 -0.111289
0 0 -0.143167
0 0 -0.074549
0 0 -0.0592736
0 0 -0.150076
0 0 -0.00829372
0 0 -0.010682
0 0 -0.181226
0 0 -0.118267
0 0 -0.153519
0 0 -0.14616
0 0 -0.10892
0 0 -0.114471
0 0 0.342645
0 0 -0.109321
0 0 -0.262159
0 0 -0.0835877
0 0 -0.133556
0 0 -0.128579
0 0 -0.130364
0 0 -0.105806
0 0 -0.14484
0 0 -0.0854425
0 0 -0.125802
0 0 -0.164985
0 0 -0.16685
0 0 -0.168301
0 0 -0.0684637
0 0 -0.0872449
0 0 0.432032
0 0 0.0783135
0 0 -0.0966708
0 0 -0.141153
0 0 -0.0962137
0 0 -0.0875439
0 0 -0.0630999
0 0 -0.0359997
0 0 -0.141056
0 0 -0.0495612
0 0 0.458771
0 0 0.437102
0 0 -0.135555
0 0 0.289785
0 0 -0.0393007
0 0 -0.142959
0 0 -0.104581
0 0 -0.140925
0 0 -0.141805
0 0 -0.217115
0 0 0.472113
0 0 -0.228236
0 0 -0.0758443
0 0 -0.18183
0 0 -0.142864
0 0 -0.142587
0 0 0.292774
0 0 0.0914728
0 0 -0.145677
0 0 -0.125835
0 0 -0.125545
0 0 -0.127908
0 0 -0.0827778
0 0 -0.0782733
0 0 -0.0938167
0 0 -0.0934493
0 0 0.119955
0 0 -0.0643665
0 0 -0.0607144
0 0 0.129636
0 0 0.135487
0 0 -0.163247
0 0 -0.140271
0 0 -0.142844
0 0 -0.138355
0 0 0.0560941
0 0 0.015605
0 0 -0.11894
0 0 -0.116017
0 0 0.00769257
0 0 -0.159607
0 0 -0.159985
0 0 -0.165487
0 0 -0.0924648
0 0 -0.132689
0 0 -0.133757
0 0 -0.0865907
0 0 -0.0813489
0 0 -0.0624946
0 0 0.0500205
0 0 -0.0942215
0 0 -0.109486
0 0 -0.16098
0 0 -0.124877
0 0 -0.136142
0 0 0.0172364
0 0 -0.14325
0 0 -0.139002
0 0 -0.0843876
0 0 -0.0607557
0 0 -0.133934
0 0 -0.119886
0 0 -0.0991377
0 0 -0.0986025
0 0 -0.129887
0 0 -0.128149
0 0 0.181712
0 0 0.184806
0 0 -0.132085
0 0 -0.101183
0 0 0.0871426
0 0 -0.0469375
0 0 -0.125415
0 0 -0.0430303
0 0 -0.292972
0 0 0.0837491
0 0 -0.16879
0 0 -0.354967
0 0 -0.146288
0 0 0.190419
0 0 -0.271468
0 0 -0.0760207
0 0 -0.0461465
0 0 -0.137839
0 0 0.0707164
0 0 0.0157463
0 0 0.0718867
0 0 -0.103674
0 0 -0.00147245
0 0 -0.142804
0 0 -0.12773
0 0 -0.0507547
0 0 -0.171633
0 0 -0.169455
0 0 0.450439
0 0 -0.0906666
0 0 -0.0883853
0 0 0.198734
0 0 0.206143
0 0 0.0421758
0 0 -0.0958102
0 0 0.0173322
0 0 0.00671244
0 0 -0.0855443
0 0 -0.0949587
0 0 -0.163135
0 0 -0.114847
0 0 -0.134282
0 0 -0.0856851
0 0 -0.127192
0 0 -0.162873
0 0 -0.146529
0 0 -0.158982
0 0 -0.164853
0 0 -0.164369
0 0 -0.180194
0 0 0.358807
0 0 -0.253246
0 0 -0.273712
0 0 -0.0854742
0 0 -0.0998204
0 0 0.0017739
0 0 -0.152557
0 0 -0.116209
0 0 -0.0403974
0 0 0.106899
0 0 0.0656377
0 0 -0.079323
0 0 -0.159619
0 0 -0.0862459
0 0 -0.0874652
0 0 -0.12315
0 0 -0.162905
0 0 -0.0875005
0 0 -0.0904906
0 0 -0.124204
0 0 -0.147017
0 0 0.0272426
0 0 0.0816334
0 0 -0.104574
0 0 -0.173834
0 0 -0.146169
0 0 -0.147446
0 0 0.10069
0 0 -0.180399
0 0 -0.158426
0 0 -0.164145
0 0 0.0139539
0 0 -0.234751
0 0 0.0762305
0 0 0.20135
0 0 -0.14564
0 0 -0.141819
0 0 -0.0854483
0 0 -0.14325
0 0 -0.144635
0 0 -0.17809
0 0 -0.178491
0 0 -0.183131
0 0 0.0156547
0 0 -0.0332802
0 0 -0.0950266
0 0 -0.106211
0 0 -0.170211
0 0 -0.179642
0 0 -0.180625
0 0 -0.0626436
0 0 0.046727
0 0 -0.0760789
0 0 0.0037882
0 0 -0.0222037
0 0 -0.104288
0 0 -0.0127179
0 0 -0.0300497
0 0 -0.114598
0 0 -0.0387542
0 0 -0.0997145
0 0 -0.0445597
0 0 -0.0910215
0 0 -0.0471042
0 0 0.0263677
0 0 0.00744168
0 0 0.0800136
0 0 -0.00662162
0 0 -0.0882094
0 0 0.0744818
0 0 -0.0955714
0 0 0.0839111
0 0 0.0212668
0 0 -0.0374074
0 0 0.0702082
0 0 -0.0482095
0 0 -0.0430557
0 0 -0.0308099
0 0 -0.0121721
0 0 -0.124019
0 0 -0.112153
0 0 -0.125744
0 0 -0.121725
0 0 -0.107584
0 0 -0.115249
0 0 0.0108107
0 0 0.0551155
0 0 0.0434433
0 0 0.0810401
0 0 0.0588768
0 0 -0.0613567
0 0 -0.024142
0 0 0.0324012
0 0 -0.0811071
0 0 -0.00871078
0 0 -0.0367296
0 0 -0.114907
0 0 -0.126215
0 0 -0.0444556
0 0 -0.00339622
0 0 -0.0975841
0 0 -0.0939152
0 0 -0.0479795
0 0 0.0323895
0 0 0.0784192
0 0 -0.0219362
0 0 0.00811096
0 0 0.0857784
0 0 0.00701173
0 0 -0.0500543
0 0 -0.0065507
0 0 -0.0347821
0 0 0.0226423
0 0 -0.100618
0 0 -0.0675185
0 0 -0.032455
0 0 -0.110878
0 0 -0.132338
0 0 -0.0986369
0 0 -0.0990413
0 0 -0.100409
0 0 -0.0489178
0 0 -0.00234195
0 0 -0.0398423
0 0 -0.0241168
0 0 -0.126692
0 0 -0.116335
0 0 -0.129005
0 0 -0.116504
0 0 -0.109706
0 0 0.0685408
0 0 -0.0881041
0 0 -0.0412666
0 0 -0.026195
0 0 0.0505253
0 0 0.0800311
0 0 -0.0485543
0 0 0.0622534
0 0 -0.071908
0 0 0.0753367
0 0 -0.0881928
0 0 -0.0423389
0 0 -0.0437173
0 0 -0.105659
0 0 -0.0756934
0 0 0.0826989
0 0 -0.0353631
0 0 -0.0202255
0 0 -0.0442228
0 0 -0.124137
0 0 -0.122323
0 0 0.000436937
0 0 -0.121159
0 0 -0.121233
0 0 -0.113889
0 0 0.0640143
0 0 0.0802024
0 0 0.0120527
0 0 0.0709303
0 0 -0.0269858
0 0 0.0549212
0 0 0.0861564
0 0 0.0671117
0 0 -0.0498724
0 0 -0.045796
0 0 -0.111813
0 0 0.0789155
0 0 0.00213658
0 0 0.0745396
0 0 -0.0157473
0 0 -0.104263
0 0 0.045256
0 0 0.0439865
0 0 -0.0901146
0 0 -0.0457428
0 0 -0.0478937
0 0 -0.0297255
0 0 -0.00814299
0 0 -0.0962487
0 0 -0.0155468
0 0 -0.0111716
0 0 0.0219285
0 0 0.0207909
0 0 -0.0448601
0 0 0.0348007
0 0 -0.03891
0 0 0.0232043
0 0 -0.0869131
0 0 -0.0895792
0 0 -0.0190741
0 0 0.030719
0 0 -0.0096357
0 0 0.0378347
0 0 0.0110226
0 0 -0.0309777
0 0 -0.00123014
0 0 -0.0509814
0 0 0.025537
0 0 -0.0957507
0 0 -0.0935692
0 0 -0.0922435
0 0 -0.0663485
0 0 0.0434354
0 0 -0.0866035
0 0 0.0854547
0 0 -0.00644007
0 0 -0.042176
0 0 -0.0991397
0 0 -0.0165283
0 0 -0.0927229
0 0 0.0799188
0 0 0.0895703
0 0 0.0224282
0 0 -0.0389606
0 0 0.0746055
0 0 0.079166
0 0 0.0658497
0 0 -0.0374585
0 0 -0.0848162
0 0 0.0466975
0 0 -0.0523422
0 0 -0.0471004
0 0 -0.0344855
0 0 -0.0395877
0 0 -0.0276927
0 0 -0.0151829
0 0 -0.0098267
0 0 -0.130405
0 0 -0.118877
0 0 -0.118795
0 0 -0.107121
0 0 -0.12136
0 0 -0.130817
0 0 -0.0451161
0 0 -0.125853
0 0 -0.117935
0 0 -0.118741
0 0 -0.111834
0 0 -0.110553
0 0 -0.104472
0 0 0.0570345
0 0 0.0532799
0 0 0.0703868
0 0 0.0759589
0 0 -0.00666606
0 0 -0.00270289
0 0 -0.0625242
0 0 0.0121609
0 0 0.00933602
0 0 -0.0254376
0 0 0.0126723
0 0 0.0764213
0 0 -0.0592068
0 0 0.0556549
0 0 -0.0390505
0 0 0.011277
0 0 -0.0442698
0 0 0.0150899
0 0 0.00205703
0 0 -0.0219938
0 0 0.0873051
0 0 0.0623797
0 0 -0.0616521
0 0 -0.0365933
0 0 -0.0391797
0 0 -0.0227227
0 0 -0.131079
0 0 0.0194365
0 0 -0.125199
0 0 -0.0411847
0 0 -0.0154226
0 0 -0.11845
0 0 0.0396045
0 0 0.0387084
0 0 0.0328253
0 0 0.0327658
0 0 0.0383637
0 0 0.0382641
0 0 0.0267147
0 0 0.026632
0 0 0.0274364
0 0 0.0271153
0 0 -0.0469943
0 0 -0.0456971
0 0 -0.0938251
0 0 -0.0939727
0 0 -0.0989791
0 0 -0.103791
0 0 -0.100603
0 0 0.0272293
0 0 0.0335181
0 0 0.0277689
0 0 0.0394888
0 0 0.0378885
0 0 -0.0161423
0 0 -0.0143039
0 0 -0.0101336
0 0 -0.0964684
0 0 -0.0969342
0 0 -0.050705
0 0 -0.0499709
0 0 -0.106693
0 0 -0.106663
0 0 -0.100016
0 0 -0.0238701
0 0 -0.0458262
0 0 -0.0493462
0 0 -0.0527789
0 0 -0.0523049
0 0 0.0801837
0 0 0.0826945
0 0 -0.0261047
0 0 -0.0186228
0 0 0.0887392
0 0 0.0895655
0 0 0.00528754
0 0 0.0119435
0 0 -0.0895862
0 0 -0.0988754
0 0 -0.0902309
0 0 0.0289008
0 0 0.0218038
0 0 -0.0888712
0 0 -0.0925057
0 0 0.0448994
0 0 0.0407885
0 0 -0.0979426
0 0 -0.0945537
0 0 -0.043658
0 0 -0.0446161
0 0 -0.11159
0 0 -0.103314
0 0 -0.0481819
0 0 -0.0499944
0 0 -0.087432
0 0 -0.0506114
0 0 -0.0529261
0 0 -0.0922851
0 0 -0.0936358
0 0 -0.0936043
0 0 -0.0895825
0 0 -0.10635
0 0 -0.11634
0 0 -0.0489116
0 0 -0.0484836
0 0 -0.0354168
0 0 -0.0299875
0 0 0.0782615
0 0 0.0769568
0 0 0.0878247
0 0 0.0919637
0 0 0.0151006
0 0 0.0198498
0 0 0.0820396
0 0 0.0868264
0 0 -0.0144232
0 0 -0.0101079
0 0 0.0886796
0 0 0.0860117
0 0 -0.00261632
0 0 0.00127605
0 0 0.0314231
0 0 0.0288943
0 0 0.0278798
0 0 -0.0368437
0 0 -0.0356546
0 0 -0.0379177
0 0 -0.0335401
0 0 -0.032861
0 0 0.0825323
0 0 0.079629
0 0 -0.00655725
0 0 -0.0138274
0 0 0.0831089
0 0 0.000545916
0 0 -0.096096
0 0 -0.0995551
0 0 -0.0298884
0 0 -0.0381447
0 0 0.0744402
0 0 0.072188
0 0 0.0865138
0 0 0.0851219
0 0 0.0150903
0 0 -0.0973118
0 0 -0.0942495
0 0 -0.0450488
0 0 -0.0440993
0 0 -0.0433635
0 0 -0.042911
0 0 -0.0427463
0 0 -0.0447151
0 0 -0.0965081
0 0 -0.0991671
0 0 -0.09778
0 0 -0.102405
0 0 -0.0997132
0 0 -0.048953
0 0 -0.0462529
0 0 -0.0524177
0 0 -0.0495802
0 0 0.0217116
0 0 0.0157991
0 0 0.0275148
0 0 -0.0459064
0 0 -0.0464021
0 0 -0.0476798
0 0 -0.0165827
0 0 -0.0120569
0 0 -0.100527
0 0 -0.0980133
0 0 -0.0919467
0 0 -0.0925374
0 0 -0.054074
0 0 -0.0513881
0 0 -0.0432632
0 0 -0.056842
0 0 -0.0439451
0 0 -0.0460962
0 0 -0.0462838
0 0 0.0213721
0 0 0.0263623
0 0 -0.0492035
0 0 -0.0501347
0 0 -0.105737
0 0 0.00391739
0 0 -0.00391101
0 0 0.0002971
0 0 -0.0892666
0 0 -0.091039
0 0 -0.106176
0 0 -0.104233
0 0 0.023493
0 0 -0.0311497
0 0 -0.0350018
0 0 -0.101505
0 0 -0.124846
0 0 -0.124368
0 0 -0.109448
0 0 -0.104933
0 0 0.0102428
0 0 0.0164416
0 0 0.0828355
0 0 0.0819855
0 0 -0.0318318
0 0 -0.0246978
0 0 0.0706114
0 0 0.074296
0 0 -0.11399
0 0 -0.0396339
0 0 -0.0403033
0 0 -0.027621
0 0 -0.0285353
0 0 -0.0970256
0 0 -0.102141
0 0 -0.0942065
0 0 0.0352785
0 0 0.0402959
0 0 -0.0477215
0 0 -0.0464491
0 0 -0.102194
0 0 -0.102763
0 0 -0.0425059
0 0 -0.042862
0 0 0.0794668
0 0 0.0819039
0 0 -0.00192699
0 0 0.00484915
0 0 0.0762781
0 0 0.0771199
0 0 -0.0185329
0 0 -0.01139
0 0 0.0337212
0 0 -0.00579575
0 0 -0.00791741
0 0 -0.105957
0 0 -0.10933
0 0 -0.0456415
0 0 -0.0442446
0 0 -0.0163949
0 0 -0.0219996
0 0 -0.0182242
0 0 -0.0332247
0 0 -0.0374367
0 0 -0.0353918
0 0 -0.0415552
0 0 -0.0393139
0 0 -0.0275856
0 0 -0.0256121
0 0 -0.0486852
0 0 -0.0464209
0 0 -0.0464553
0 0 -0.00743136
0 0 -0.000787554
0 0 -0.0059256
0 0 -0.0437875
0 0 -0.0461217
0 0 0.00546692
0 0 0.00425513
0 0 -0.124343
0 0 -0.125481
0 0 -0.127394
0 0 -0.120575
0 0 -0.119974
0 0 -0.124206
0 0 -0.118444
0 0 -0.114648
0 0 -0.12685
0 0 -0.12335
0 0 -0.126398
0 0 -0.123868
0 0 -0.123521
0 0 -0.12162
0 0 -0.124143
0 0 -0.121613
0 0 -0.118906
0 0 -0.119127
0 0 -0.115981
0 0 -0.118134
0 0 -0.108799
0 0 -0.111865
0 0 -0.110708
0 0 -0.114665
0 0 -0.112477
0 0 0.0694681
0 0 0.0660614
0 0 0.0721838
0 0 0.0618114
0 0 0.0600253
0 0 -0.114664
0 0 -0.123535
0 0 -0.116603
0 0 0.0239247
0 0 -0.0353961
0 0 -0.0321631
0 0 -0.0427611
0 0 -0.0418048
0 0 0.0500232
0 0 0.0467593
0 0 -0.121618
0 0 -0.109366
0 0 -0.0401041
0 0 -0.0409017
0 0 -0.10004
0 0 -0.115957
0 0 0.0473162
0 0 0.0523618
0 0 0.0491208
0 0 -0.0971216
0 0 -0.096242
0 0 -0.0443715
0 0 -0.0431307
0 0 -0.0940141
0 0 -0.0995226
0 0 -0.13503
0 0 -0.133438
0 0 -0.0406437
0 0 -0.0438085
0 0 -0.0237588
0 0 -0.0286041
0 0 -0.000430017
0 0 -0.00694913
0 0 -0.0506837
0 0 -0.0520181
0 0 -0.112198
0 0 -0.115175
0 0 -0.132503
0 0 -0.132521
0 0 -0.128735
0 0 -0.130054
0 0 -0.11528
0 0 -0.113909
0 0 -0.108757
0 0 -0.107099
0 0 0.0738538
0 0 0.0676502
0 0 -0.0400817
0 0 -0.0809497
0 0 -0.0721677
0 0 0.0873882
0 0 0.0853303
0 0 -0.046958
0 0 -0.0476651
0 0 -0.106077
0 0 -0.0676178
0 0 -0.0441335
0 0 0.0911087
0 0 0.0897475
0 0 0.063898
0 0 0.0683488
0 0 -0.0645244
0 0 -0.0559608
0 0 -0.0255525
0 0 -0.0281037
0 0 -0.117435
0 0 -0.109838
0 0 0.0901035
0 0 0.0868663
0 0 0.0649636
0 0 0.0705372
0 0 -0.0555208
0 0 -0.0497075
0 0 -0.00409014
0 0 -0.00976194
0 0 -0.106048
0 0 -0.0418134
0 0 -0.0413967
0 0 -0.00222935
0 0 0.00557941
0 0 -0.00743861
0 0 0.0210571
0 0 0.0188766
0 0 -0.0266109
0 0 -0.0233004
0 0 -0.0287198
0 0 -0.0303251
0 0 0.0446564
0 0 0.047594
0 0 0.0521633
0 0 0.0532641
0 0 0.0772709
0 0 0.0776678
0 0 -0.0451128
0 0 -0.0509202
0 0 0.0608964
0 0 0.0582539
0 0 -0.00796589
0 0 0.0122034
0 0 -0.0428444
0 0 0.00957108
0 0 0.00475771
0 0 0.0552154
0 0 0.0599295
0 0 -0.0679428
0 0 -0.074404
0 0 0.0724256
0 0 0.0737467
0 0 -0.030513
0 0 -0.0278521
0 0 -0.109053
0 0 -0.107585
0 0 0.0511632
0 0 -0.0902999
0 0 -0.0997032
0 0 0.0291578
0 0 0.0291248
0 0 -0.0441096
0 0 -0.0444493
0 0 -0.0889928
0 0 -0.0867812
0 0 -0.0872244
0 0 -0.095166
0 0 -0.0961178
0 0 -0.0885647
0 0 -0.0860841
0 0 0.0206224
0 0 -0.132895
0 0 -0.134271
0 0 -0.0798439
0 0 -0.0737175
0 0 -0.082219
0 0 -0.112701
0 0 -0.115211
0 0 -0.00484427
0 0 -0.010945
0 0 -0.0412636
0 0 -0.0420594
0 0 -0.121364
0 0 -0.123492
0 0 -0.0151464
0 0 -0.0291733
0 0 -0.031646
0 0 -0.0376158
0 0 -0.0241297
0 0 -0.0448583
0 0 -0.0466242
0 0 -0.121997
0 0 -0.121859
0 0 -0.127758
0 0 -0.127025
0 0 -0.120831
0 0 -0.121325
0 0 -0.119809
0 0 -0.119589
0 0 -0.123759
0 0 -0.123566
0 0 -0.120091
0 0 -0.116955
0 0 -0.112367
0 0 -0.116316
0 0 0.0723648
0 0 0.0679616
0 0 0.0589032
0 0 0.0541378
0 0 -0.0180826
0 0 -0.0202974
0 0 -0.127064
0 0 -0.131482
0 0 -0.0294428
0 0 -0.0285897
0 0 0.0786966
0 0 0.0786872
0 0 0.0754204
0 0 0.0820565
0 0 0.0828048
0 0 0.0851342
0 0 -0.0433239
0 0 -0.0491534
0 0 -0.0432179
0 0 0.0689267
0 0 0.064314
0 0 0.0660739
0 0 -0.0170431
0 0 -0.0456718
0 0 -0.070866
0 0 -0.043297
0 0 -0.0922723
0 0 -0.0864525
0 0 -0.0746098
0 0 -0.0901308
0 0 -0.0737367
0 0 0.0115434
0 0 0.00622543
0 0 -0.0872551
0 0 0.0020422
0 0 0.0746778
0 0 0.0769498
0 0 0.0800829
0 0 0.0703066
0 0 0.0728475
0 0 0.0689088
0 0 -0.0186091
0 0 -0.0212805
0 0 -0.0237953
0 0 0.0771034
0 0 0.0797785
0 0 0.0766061
0 0 0.00932047
0 0 0.00716374
0 0 0.00478624
0 0 -0.103417
0 0 -0.103667
0 0 -0.10948
0 0 -0.041047
0 0 -0.0413012
0 0 -0.020333
0 0 -0.0207977
0 0 -0.0247041
0 0 -0.0508786
0 0 -0.0539335
0 0 0.0144746
0 0 0.017478
0 0 -0.0135873
0 0 -0.0089326
0 0 -0.0136242
0 0 -0.049925
0 0 -0.0482224
0 0 -0.0449867
0 0 -0.0198625
0 0 -0.0380485
0 0 -0.0373547
0 0 -0.0325586
0 0 -0.0436338
0 0 -0.0476265
0 0 -0.0193421
0 0 -0.0294651
0 0 -0.0340184
0 0 -0.128195
0 0 -0.128752
0 0 -0.132466
0 0 -0.130259
0 0 -0.117844
0 0 -0.107791
0 0 -0.112008
0 0 -0.133349
0 0 -0.116692
0 0 -0.12987
0 0 -0.133664
0 0 -0.126444
0 0 -0.117204
0 0 -0.115958
0 0 -0.114125
0 0 -0.111679
0 0 -0.113547
0 0 -0.110744
0 0 -0.10712
0 0 -0.104497
0 0 -0.109732
0 0 -0.128237
0 0 0.055982
0 0 0.0632379
0 0 0.0615446
0 0 -0.0945015
0 0 -0.0969993
0 0 0.0545215
0 0 0.0569589
0 0 -0.0877044
0 0 -0.0870638
0 0 0.0279413
0 0 0.0295341
0 0 -0.0947741
0 0 -0.0902406
0 0 -0.0918088
0 0 -0.0687856
0 0 0.0852885
0 0 -0.118514
0 0 -0.120444
0 0 -0.0820276
0 0 -0.0769039
0 0 -0.129707
0 0 -0.12968
0 0 -0.0680056
0 0 -0.0667338
0 0 0.0756016
0 0 -7.46494e-06
0 0 0.0720628
0 0 -0.0133659
0 0 0.0571533
0 0 -0.0429234
0 0 0.0781117
0 0 0.0819555
0 0 -0.0949674
0 0 -0.117067
0 0 -0.0446275
0 0 -0.0389319
0 0 -0.0360752
0 0 -0.112261
0 0 -0.105521
0 0 -0.0210307
0 0 -0.0166269
0 0 -0.0350846
0 0 -0.0321242
0 0 -0.0431104
0 0 -0.0416135
0 0 -0.00144523
0 0 0.00423067
0 0 -0.129321
0 0 -0.126527
0 0 -0.1199
0 0 -0.120617
0 0 -0.119773
0 0 -0.119
0 0 -0.122366
0 0 -0.124193
0 0 -0.114575
0 0 -0.116611
0 0 0.0600701
0 0 0.0644078
0 0 -0.123855
0 0 -0.041377
0 0 0.00329966
0 0 0.0101552
0 0 0.00551062
0 0 0.0837547
0 0 0.0806141
0 0 0.0606848
0 0 0.0629952
0 0 -0.054514
0 0 -0.0558653
0 0 0.0755039
0 0 0.0783682
0 0 -0.0538932
0 0 -0.0560494
0 0 0.058989
0 0 0.0551116
0 0 -0.0326888
0 0 -0.0329538
0 0 -0.0342373
0 0 -0.123164
0 0 -0.126471
0 0 -0.0378602
0 0 -0.0807545
0 0 -0.0964776
0 0 0.0777826
0 0 0.0138218
0 0 0.0670197
0 0 -0.0293427
0 0 -0.0894717
0 0 -0.024719
0 0 -0.0980885
0 0 -0.0905255
0 0 -0.0888262
0 0 -0.022934
0 0 -0.0871406
0 0 -0.0887106
0 0 0.0263684
0 0 0.0330019
0 0 0.0388748
0 0 0.0453299
0 0 -0.0903793
0 0 -0.101851
0 0 -0.104319
0 0 -0.107403
0 0 -0.0621265
0 0 -0.0652218
0 0 0.0445719
0 0 0.0494882
0 0 0.0504451
0 0 0.0759777
0 0 0.0742889
0 0 -0.0289457
0 0 -0.0141949
0 0 0.0784566
0 0 -0.0601778
0 0 0.0156978
0 0 0.0214608
0 0 0.0163566
0 0 -0.129438
0 0 -0.035877
0 0 -0.0354595
0 0 0.00361396
0 0 -0.00274557
0 0 -0.00283325
0 0 -0.0204205
0 0 -0.0158736
0 0 -0.0140643
0 0 -0.0136122
0 0 -0.0253166
0 0 -0.0504765
0 0 -0.0366737
0 0 -0.035473
0 0 -0.087824
0 0 -0.088919
0 0 0.0373388
0 0 -0.0987992
0 0 0.0587736
0 0 -0.119308
0 0 0.0257796
0 0 0.016476
0 0 -0.0064503
0 0 -0.0392048
0 0 -0.01151
0 0 -0.0283175
0 0 -0.0246735
0 0 -0.0371274
0 0 -0.119874
0 0 -0.120339
0 0 -0.132503
0 0 -0.124054
0 0 -0.118229
0 0 -0.0434747
0 0 -0.11752
0 0 -0.126659
0 0 -0.121066
0 0 -0.112895
0 0 -0.119129
0 0 0.0548782
0 0 0.0673395
0 0 0.0508759
0 0 -0.0842646
0 0 -0.0375681
0 0 -0.0783319
0 0 -0.0446507
0 0 0.0708698
0 0 0.0880228
0 0 -0.072689
0 0 -0.00142645
0 0 -0.0233852
0 0 0.0818334
0 0 -0.0186401
0 0 -0.0129451
0 0 -0.0806451
0 0 -0.00718888
0 0 -0.00353741
0 0 -0.0864554
0 0 -0.011931
0 0 -0.0143209
0 0 0.0731767
0 0 0.0700559
0 0 -0.110454
0 0 -0.0872528
0 0 0.0080498
0 0 -0.0392092
0 0 -0.0401888
0 0 -0.0921049
0 0 -0.0913277
0 0 0.0299486
0 0 0.00994661
0 0 0.043303
0 0 0.0469751
0 0 0.0122849
0 0 0.0196481
0 0 0.0150649
0 0 0.0812627
0 0 0.0798041
0 0 -0.042836
0 0 -0.0374341
0 0 0.0642291
0 0 0.0676431
0 0 -0.0900489
0 0 -0.00516954
0 0 0.00143993
0 0 0.00914678
0 0 -0.0380944
0 0 0.0840158
0 0 0.0433315
0 0 0.0212472
0 0 0.0169915
0 0 0.0771066
0 0 -0.0399362
0 0 0.0623129
0 0 -0.01789
0 0 -0.00793203
0 0 -0.00889507
0 0 -0.0370391
0 0 0.0799462
0 0 -0.0322537
0 0 0.0685196
0 0 -0.054309
0 0 -0.0612319
0 0 0.0919696
0 0 0.0747992
0 0 -0.0437097
0 0 0.0770802
0 0 -0.0342266
0 0 0.0646198
0 0 -0.0338695
0 0 -0.024439
0 0 -0.0419732
0 0 -0.023949
0 0 -0.0203166
0 0 -0.0229149
0 0 -0.0496631
0 0 -0.0864778
0 0 0.0263944
0 0 -0.0159238
0 0 -0.0202976
0 0 0.0054498
0 0 0.00839315
0 0 -0.0911544
0 0 0.0399336
0 0 -0.0429949
0 0 0.0161592
0 0 0.0128577
0 0 -0.0441434
0 0 0.0538642
0 0 0.0491614
0 0 0.0741316
0 0 0.0725759
0 0 -0.00405836
0 0 -0.00917164
0 0 -0.0615654
0 0 0.0839542
0 0 -0.00206648
0 0 0.000673719
0 0 0.0078257
0 0 0.0776238
0 0 0.077658
0 0 -0.0066495
0 0 -0.002237
0 0 0.0754364
0 0 -0.0110957
0 0 -0.0389532
0 0 -0.0378863
0 0 -0.0114015
0 0 0.0511276
0 0 0.0487218
0 0 0.0225296
0 0 -0.0456525
0 0 0.0604532
0 0 0.00505773
0 0 -0.00584545
0 0 -0.0151187
0 0 0.0158642
0 0 0.0202266
0 0 -0.000576397
0 0 -0.0106825
0 0 -0.0455551
0 0 0.0221585
0 0 0.0149929
0 0 0.0169703
0 0 0.0407783
0 0 -0.0399674
0 0 0.00997926
0 0 -0.0120298
0 0 -0.0243378
0 0 -0.0199764
0 0 0.0198905
0 0 0.0137743
0 0 0.000152491
0 0 0.01458220 0 -0.1342
0 0 -0.00520955
0 0 0.152005
0 0 -0.244987
0 0 0
0 0 0.0547456
0 0 -0.0811282
0 0 -0.106562
0 0 -0.0888203
0 0 -0.0515182
0 0 0.0887496
0 0 0.0701349
0 0 0.0476061
0 0 -0.0678048
0 0 -0.10345
0 0 -0.0111994
0 0 -0.0417542
0 0 -0.128307
0 0 -0.126135
0 0 -0.124167
0 0 -0.122527
0 0 -0.120651
0 0 -0.118989
0 0 -0.117511
0 0 -0.115993
0 0 -0.114242
0 0 -0.11271
0 0 -0.110983
0 0 -0.109506
0 0 -0.108026
0 0 -0.106395
0 0 -0.10489
0 0 -0.103253
0 0 -0.101762
0 0 -0.100096
0 0 -0.0985632
0 0 -0.0968839
0 0 -0.0953348
0 0 -0.0935841
0 0 -0.0919569
0 0 -0.0904203
0 0 -0.0885996
0 0 -0.0869367
0 0 -0.0850919
0 0 -0.0832272
0 0 -0.0814612
0 0 -0.0796156
0 0 -0.0775185
0 0 -0.0755521
0 0 -0.0732798
0 0 -0.0709956
0 0 -0.0687789
0 0 -0.0664443
0 0 -0.0636879
0 0 -0.0610311
0 0 -0.0579082
0 0 -0.0547485
0 0 -0.0510332
0 0 -0.0472255
0 0 -0.0429381
0 0 -0.0385952
0 0 -0.0334888
0 0 -0.0272532
0 0 -0.0210273
0 0 -0.0136722
0 0 -0.12928
0 0 -0.127043
0 0 -0.125111
0 0 -0.123312
0 0 -0.121604
0 0 -0.119921
0 0 -0.118229
0 0 -0.116632
0 0 -0.115098
0 0 -0.113507
0 0 -0.111892
0 0 -0.110325
0 0 -0.108747
0 0 -0.107197
0 0 -0.105625
0 0 -0.104077
0 0 -0.102482
0 0 -0.100918
0 0 -0.0993106
0 0 -0.0977452
0 0 -0.096112
0 0 -0.094501
0 0 -0.0928493
0 0 -0.0911631
0 0 -0.0895088
0 0 -0.0877725
0 0 -0.0860252
0 0 -0.0841952
0 0 -0.0823446
0 0 -0.080471
0 0 -0.0785693
0 0 -0.0765106
0 0 -0.0744761
0 0 -0.0722624
0 0 -0.0699191
0 0 -0.0675416
0 0 -0.0650712
0 0 -0.0623399
0 0 -0.0595419
0 0 -0.0564203
0 0 -0.0530821
0 0 -0.0493643
0 0 -0.0452855
0 0 -0.0409166
0 0 -0.0359919
0 0 -0.0304693
0 0 -0.0244415
0 0 -0.0173614
0 0 -0.00948769
0 0 0.00218599
0 0 0.00932465
0 0 0.0182548
0 0 0.0269007
0 0 0.0360207
0 0 0.0472144
0 0 0.0588161
0 0 0.0727211
0 0 0.086301
0 0 0.103744
0 0 0.121626
0 0 0.143194
0 0 0.16513
0 0 0.192663
0 0 0.221714
0 0 0.259637
0 0 0.298127
0 0 0.347637
0 0 0.39981
0 0 0.455032
0 0 0.499523
0 0 0.499277
0 0 0.398279
0 0 -0.00174605
0 0 0.00558573
0 0 0.0134522
0 0 0.0222504
0 0 0.0315102
0 0 0.0415589
0 0 0.0528194
0 0 0.0653369
0 0 0.0792676
0 0 0.0944769
0 0 0.112074
0 0 0.131675
0 0 0.153275
0 0 0.178134
0 0 0.206635
0 0 0.239252
0 0 0.27803
0 0 0.321839
0 0 0.372831
0 0 0.430319
0 0 0.488195
0 0 0.521965
0 0 0.478158
0 0 0.291142
0 0 -0.168835
0 0 -0.401338
0 0 -0.509345
0 0 -0.531865
0 0 -0.532204
0 0 -0.518047
0 0 -0.499513
0 0 -0.476286
0 0 -0.455633
0 0 -0.433898
0 0 -0.415046
0 0 -0.395782
0 0 -0.377771
0 0 -0.361794
0 0 -0.345444
0 0 -0.331696
0 0 -0.317529
0 0 -0.305684
0 0 -0.29441
0 0 -0.282886
0 0 -0.272498
0 0 -0.26235
0 0 -0.2533
0 0 -0.00928328
0 0 -0.298039
0 0 -0.471383
0 0 -0.528767
0 0 -0.538669
0 0 -0.528864
0 0 -0.510685
0 0 -0.488234
0 0 -0.466281
0 0 -0.444645
0 0 -0.424273
0 0 -0.405087
0 0 -0.38663
0 0 -0.369005
0 0 -0.353137
0 0 -0.338112
0 0 -0.324279
0 0 -0.311241
0 0 -0.299158
0 0 -0.287842
0 0 -0.277108
0 0 -0.267256
0 0 -0.257933
0 0 -0.249113
0 0 -0.234638
0 0 -0.225615
0 0 -0.217539
0 0 -0.209978
0 0 -0.203603
0 0 -0.197997
0 0 -0.192819
0 0 -0.188075
0 0 -0.183999
0 0 -0.180156
0 0 -0.176845
0 0 -0.173554
0 0 -0.170853
0 0 -0.168276
0 0 -0.165907
0 0 -0.163695
0 0 -0.1617
0 0 -0.159843
0 0 -0.158254
0 0 -0.156639
0 0 -0.155219
0 0 -0.153906
0 0 -0.152617
0 0 -0.15149
0 0 -0.150369
0 0 -0.14941
0 0 -0.148458
0 0 -0.147604
0 0 -0.14676
0 0 -0.146011
0 0 -0.145266
0 0 -0.144577
0 0 -0.143871
0 0 -0.143238
0 0 -0.142598
0 0 -0.141852
0 0 -0.141074
0 0 -0.140307
0 0 -0.139392
0 0 -0.138349
0 0 -0.137188
0 0 -0.135944
0 0 -0.134496
0 0 -0.133024
0 0 -0.131406
0 0 -0.12991
0 0 -0.128562
0 0 -0.127857
0 0 -0.239792
0 0 -0.229938
0 0 -0.221341
0 0 -0.213662
0 0 -0.206756
0 0 -0.200687
0 0 -0.195323
0 0 -0.190446
0 0 -0.186001
0 0 -0.182046
0 0 -0.178429
0 0 -0.175185
0 0 -0.17217
0 0 -0.169471
0 0 -0.166998
0 0 -0.164754
0 0 -0.162686
0 0 -0.160783
0 0 -0.159004
0 0 -0.157411
0 0 -0.155892
0 0 -0.154501
0 0 -0.15323
0 0 -0.152031
0 0 -0.150924
0 0 -0.149886
0 0 -0.148925
0 0 -0.14802
0 0 -0.147172
0 0 -0.146376
0 0 -0.14563
0 0 -0.144915
0 0 -0.144225
0 0 -0.14355
0 0 -0.142863
0 0 -0.142198
0 0 -0.141477
0 0 -0.140696
0 0 -0.139838
0 0 -0.13887
0 0 -0.137795
0 0 -0.136592
0 0 -0.135242
0 0 -0.133774
0 0 -0.132183
0 0 -0.130576
0 0 -0.129002
0 0 -0.12791
0 0 -0.127998
0 0 0.0917026
0 0 0.0925033
0 0 0.0915014
0 0 0.089158
0 0 0.0853645
0 0 0.0800129
0 0 0.0728231
0 0 0.064362
0 0 0.0905084
0 0 0.0923212
0 0 0.0922354
0 0 0.0903938
0 0 0.0873583
0 0 0.0828807
0 0 0.0764982
0 0 0.0686702
0 0 0.0597578
0 0 0.0435772
0 0 0.031106
0 0 0.0176411
0 0 0.00301887
0 0 -0.0126025
0 0 -0.0291766
0 0 -0.0470064
0 0 -0.0640159
0 0 0.0493428
0 0 0.0374625
0 0 0.0244818
0 0 0.0104161
0 0 -0.00470535
0 0 -0.0207783
0 0 -0.0381719
0 0 -0.055581
0 0 -0.0725226
0 0 -0.0976759
0 0 -0.0884181
0 0 -0.077641
0 0 -0.0649526
0 0 -0.0517131
0 0 -0.0443285
0 0 -0.0471716
0 0 -0.0698264
0 0 -0.0961745
0 0 -0.10711
0 0 -0.103674
0 0 -0.095793
0 0 -0.102079
0 0 -0.0929695
0 0 -0.0829523
0 0 -0.0712749
0 0 -0.058083
0 0 -0.0473495
0 0 -0.0442215
0 0 -0.0565763
0 0 -0.0834368
0 0 -0.10364
0 0 -0.106515
0 0 -0.0996813
0 0 -0.0918163
0 0 -0.0839173
0 0 -0.0763478
0 0 -0.0690918
0 0 -0.0637786
0 0 -0.0609092
0 0 -0.060562
0 0 -0.0601679
0 0 -0.0594518
0 0 -0.0582435
0 0 -0.0566166
0 0 -0.0548372
0 0 -0.0530385
0 0 -0.0858923
0 0 -0.0793063
0 0 -0.0720283
0 0 -0.0657436
0 0 -0.0616412
0 0 -0.060516
0 0 -0.060207
0 0 -0.059811
0 0 -0.058854
0 0 -0.0574324
0 0 -0.0557192
0 0 -0.0538931
0 0 -0.0522596
0 0 -0.098324
0 0 -0.112024
0 0 -0.121815
0 0 -0.127773
0 0 -0.130605
0 0 -0.131503
0 0 -0.130858
0 0 -0.129278
0 0 -0.127214
0 0 -0.124793
0 0 -0.122002
0 0 -0.118622
0 0 -0.113909
0 0 -0.0900896
0 0 -0.105824
0 0 -0.117472
0 0 -0.125349
0 0 -0.129611
0 0 -0.131303
0 0 -0.131289
0 0 -0.130171
0 0 -0.128273
0 0 -0.126011
0 0 -0.123448
0 0 -0.120422
0 0 -0.11645
0 0 -0.110591
0 0 -0.0492769
0 0 -0.0454094
0 0 -0.0403596
0 0 -0.0342737
0 0 -0.0266581
0 0 -0.0172273
0 0 -0.00570137
0 0 0.00730093
0 0 0.0220303
0 0 0.0377306
0 0 0.0540247
0 0 0.0696686
0 0 0.0818195
0 0 -0.0506611
0 0 -0.0475806
0 0 -0.0430964
0 0 -0.0375502
0 0 -0.0307082
0 0 -0.0222846
0 0 -0.0117578
0 0 0.000504281
0 0 0.0144418
0 0 0.0296632
0 0 0.0458784
0 0 0.0621266
0 0 0.0763142
0 0 0.0860065
0 0 0
0 0 0
0 0 0
0 0 0
0 0 0
0 0 0
0 0 0
0 0 0
0 0 0.0741771
0 0 0.0744031
0 0 0.0731997
0 0 0.0699708
0 0 0.0714751
0 0 0.074909
0 0 0.0675191
0 0 0.0687272
0 0 0.068047
0 0 0.0604773
0 0 0.0557139
0 0 0.0510701
0 0 0.0729675
0 0 0.0755259
0 0 0.0750797
0 0 0.0713994
0 0 0.070558
0 0 0.0750284
0 0 0.0714542
0 0 0.0660419
0 0 0.072009
0 0 0.0630475
0 0 0.0600772
0 0 0.051568
0 0 0.0481097
0 0 0.0401718
0 0 0.0343139
0 0 0.0281036
0 0 0.0173784
0 0 0.00951232
0 0 -0.000550481
0 0 -0.0111025
0 0 -0.0208499
0 0 -0.0325945
0 0 -0.0443195
0 0 -0.0504062
0 0 -0.0599369
0 0 0.0441952
0 0 0.0387025
0 0 0.030199
0 0 0.0250948
0 0 0.0137663
0 0 0.00612444
0 0 -0.00347977
0 0 -0.0160744
0 0 -0.025047
0 0 -0.0381769
0 0 -0.047464
0 0 -0.0545287
0 0 -0.0614501
0 0 -0.0787684
0 0 -0.0912167
0 0 -0.0996536
0 0 -0.106942
0 0 -0.112114
0 0 -0.118127
0 0 -0.117289
0 0 -0.117338
0 0 -0.114956
0 0 -0.114512
0 0 -0.112003
0 0 -0.109196
0 0 -0.104565
0 0 -0.0749532
0 0 -0.0835051
0 0 -0.0972819
0 0 -0.102739
0 0 -0.11027
0 0 -0.115255
0 0 -0.118377
0 0 -0.116918
0 0 -0.116253
0 0 -0.114729
0 0 -0.113036
0 0 -0.110679
0 0 -0.107215
0 0 -0.104808
0 0 -0.0959066
0 0 -0.0853452
0 0 -0.0753535
0 0 -0.0689874
0 0 -0.0669513
0 0 -0.0701676
0 0 -0.0752405
0 0 -0.0876345
0 0 -0.100176
0 0 -0.0885704
0 0 -0.0270126
0 0 0.0136193
0 0 -0.101011
0 0 -0.0903891
0 0 -0.0804463
0 0 -0.0719559
0 0 -0.0664378
0 0 -0.0671151
0 0 -0.0727022
0 0 -0.079555
0 0 -0.0928069
0 0 -0.102155
0 0 -0.0607126
0 0 0.00577324
0 0 0.00213389
0 0 -0.0236333
0 0 -0.0322574
0 0 -0.0434246
0 0 -0.0515637
0 0 -0.0536365
0 0 -0.0546058
0 0 -0.0504629
0 0 -0.0488951
0 0 -0.0458897
0 0 -0.0458969
0 0 -0.0437536
0 0 -0.0431453
0 0 -0.0195492
0 0 -0.0274618
0 0 -0.036503
0 0 -0.0490138
0 0 -0.053969
0 0 -0.0552986
0 0 -0.0534785
0 0 -0.0499437
0 0 -0.0479724
0 0 -0.0461819
0 0 -0.0445387
0 0 -0.0428486
0 0 -0.0424188
0 0 -0.0379737
0 0 -0.0312882
0 0 -0.0283243
0 0 -0.0220849
0 0 -0.0184674
0 0 -0.00875329
0 0 0.00142006
0 0 0.0156709
0 0 0.0274337
0 0 0.0417384
0 0 0.0511719
0 0 0.0661544
0 0 0.0694148
0 0 -0.0402542
0 0 -0.0342274
0 0 -0.0294192
0 0 -0.0261078
0 0 -0.0191541
0 0 -0.0143787
0 0 -0.00393926
0 0 0.00943508
0 0 0.018836
0 0 0.0359296
0 0 0.0462696
0 0 0.0602391
0 0 0.0691097
0 0 0.0714059
0 0 -0.143852
0 0 0.0767642
0 0 -0.044769
0 0 -0.164561
0 0 0.177173
0 0 0.169036
0 0 0.0845975
0 0 -0.138389
0 0 -0.142735
0 0 -0.150161
0 0 -0.0866935
0 0 -0.075165
0 0 -0.0564139
0 0 0.117216
0 0 -0.191898
0 0 -0.171048
0 0 -0.127789
0 0 -0.135342
0 0 -0.14198
0 0 -0.0345314
0 0 -0.111126
0 0 -0.109411
0 0 -0.100538
0 0 0.0160851
0 0 -0.0232517
0 0 -0.210566
0 0 0.261378
0 0 -0.0928244
0 0 -0.144475
0 0 0.23279
0 0 0.221519
0 0 0.121216
0 0 -0.263087
0 0 -0.164884
0 0 -0.122767
0 0 -0.0951764
0 0 -0.083814
0 0 -0.149298
0 0 -0.116908
0 0 0.03561
0 0 -0.136378
0 0 0.35692
0 0 -0.268336
0 0 -0.233924
0 0 -0.0618386
0 0 -0.155514
0 0 -0.115701
0 0 -0.156939
0 0 -0.0255503
0 0 -0.111677
0 0 -0.121034
0 0 -0.205673
0 0 -0.130848
0 0 0.325749
0 0 0.0315067
0 0 -0.18662
0 0 -0.142338
0 0 -0.0764001
0 0 -0.22866
0 0 0.0636438
0 0 -0.13933
0 0 -0.111559
0 0 -0.104963
0 0 -0.055407
0 0 -0.00755486
0 0 -0.161745
0 0 -0.124129
0 0 -0.087788
0 0 -0.325405
0 0 0.172787
0 0 -0.122045
0 0 0.132163
0 0 -0.119746
0 0 -0.35965
0 0 -0.135406
0 0 -0.117436
0 0 -0.147245
0 0 -0.0937723
0 0 0.0998596
0 0 0.279225
0 0 -0.173519
0 0 0.24787
0 0 -0.159031
0 0 -0.148226
0 0 -0.132305
0 0 0.0110513
0 0 -0.144181
0 0 -0.335257
0 0 -0.308507
0 0 0.0216638
0 0 0.111496
0 0 -0.0838069
0 0 0.0248116
0 0 -0.0997824
0 0 -0.0484189
0 0 -0.141293
0 0 -0.0840329
0 0 -0.125066
0 0 -0.00695797
0 0 -0.122216
0 0 -1.51416e-05
0 0 -0.114368
0 0 -0.151506
0 0 -0.0862656
0 0 -0.141244
0 0 -0.073466
0 0 -0.099301
0 0 -0.0688633
0 0 -0.145896
0 0 0.172899
0 0 0.248489
0 0 -0.267262
0 0 -0.136232
0 0 -0.111025
0 0 -0.129401
0 0 0.128192
0 0 -0.135876
0 0 -0.207099
0 0 0.107722
0 0 -0.0680994
0 0 -0.0667202
0 0 0.151939
0 0 -0.169052
0 0 -0.0345113
0 0 -0.146411
0 0 -0.125413
0 0 -0.111605
0 0 0.140198
0 0 -0.126129
0 0 -0.122964
0 0 -0.0743052
0 0 -0.11476
0 0 -0.11782
0 0 -0.102885
0 0 -0.129134
0 0 0.0481075
0 0 -0.0324986
0 0 -0.129413
0 0 -0.0671617
0 0 0.41546
0 0 -0.153736
0 0 -0.0868543
0 0 0.420435
0 0 -0.198843
0 0 -0.0725148
0 0 -0.121101
0 0 -0.181541
0 0 -0.158903
0 0 -0.0326742
0 0 -0.143896
0 0 -0.226833
0 0 -0.140651
0 0 -0.16915
0 0 -0.109883
0 0 -0.121807
0 0 0.119604
0 0 -0.174418
0 0 -0.18118
0 0 -0.14887
0 0 -0.0920254
0 0 -0.157261
0 0 0.126577
0 0 0.182879
0 0 -0.409997
0 0 -0.0651664
0 0 -0.132301
0 0 -0.134359
0 0 -0.0558361
0 0 0.0691234
0 0 -0.10232
0 0 -0.15737
0 0 -0.244598
0 0 -0.142866
0 0 -0.116765
0 0 -0.1037
0 0 -0.0792798
0 0 -0.0987484
0 0 -0.130716
0 0 -0.145598
0 0 -0.412677
0 0 -0.140856
0 0 0.0455932
0 0 0.0691352
0 0 -0.0958248
0 0 -0.154788
0 0 -0.294013
0 0 0.21713
0 0 0.0777591
0 0 -0.0887923
0 0 -0.0456255
0 0 -0.137962
0 0 -0.071656
0 0 -0.0260129
0 0 -0.386182
0 0 0.0388544
0 0 -0.126233
0 0 -0.188113
0 0 -0.2117
0 0 -0.114999
0 0 -0.063125
0 0 -0.151618
0 0 -0.141028
0 0 -0.189476
0 0 -0.0836556
0 0 0.188804
0 0 0.139258
0 0 -0.07708
0 0 0.324847
0 0 -0.142895
0 0 -0.154498
0 0 -0.15403
0 0 0.075351
0 0 0.0306814
0 0 -0.123603
0 0 0.0688464
0 0 -0.142834
0 0 -0.164357
0 0 -0.0806955
0 0 -0.146623
0 0 -0.0973759
0 0 -0.140216
0 0 -0.0352271
0 0 -0.0844524
0 0 -0.115956
0 0 -0.0178058
0 0 0.215336
0 0 -0.137762
0 0 -0.146716
0 0 -0.0446443
0 0 -0.0447298
0 0 0.131238
0 0 0.0949838
0 0 0.0310459
0 0 -0.225179
0 0 -0.138316
0 0 0.298429
0 0 -0.108749
0 0 -0.0334555
0 0 -0.106916
0 0 -0.124651
0 0 0.0698313
0 0 -0.130243
0 0 -0.130194
0 0 -0.174735
0 0 -0.11754
0 0 -0.147156
0 0 -0.13074
0 0 -0.135065
0 0 -0.0974461
0 0 -0.125014
0 0 -0.0638745
0 0 -0.130228
0 0 -0.142817
0 0 0.106745
0 0 -0.207698
0 0 -0.132739
0 0 -0.12977
0 0 0.167224
0 0 -0.115764
0 0 0.159179
0 0 -0.092416
0 0 0.1498
0 0 -0.103468
0 0 -0.162996
0 0 -0.012075
0 0 -0.121499
0 0 -0.0732897
0 0 -0.0485416
0 0 -0.132766
0 0 -0.100459
0 0 -0.150894
0 0 -0.089122
0 0 0.25803
0 0 0.0893718
0 0 -0.111745
0 0 -0.12895
0 0 -0.127479
0 0 -0.127059
0 0 -0.0864926
0 0 -0.145456
0 0 -0.0579349
0 0 -0.346605
0 0 -0.105368
0 0 -0.0660228
0 0 -0.0912077
0 0 -0.0735569
0 0 -0.122685
0 0 0.154776
0 0 -0.142962
0 0 -0.37336
0 0 0.000591743
0 0 -0.166154
0 0 -0.134888
0 0 -0.151944
0 0 -0.270634
0 0 -0.18848
0 0 -0.101304
0 0 0.0259176
0 0 -0.141355
0 0 -0.153942
0 0 -0.105723
0 0 0.115911
0 0 -0.0903583
0 0 -0.143964
0 0 -0.451848
0 0 -0.115331
0 0 -0.108136
0 0 -0.142013
0 0 -0.116762
0 0 -0.230212
0 0 0.0195542
0 0 -0.147463
0 0 0.468103
0 0 -0.00566857
0 0 0.181848
0 0 0.340988
0 0 -0.265369
0 0 -0.144201
0 0 -0.154026
0 0 0.245826
0 0 -0.0783488
0 0 0.382546
0 0 -0.102577
0 0 -0.0848642
0 0 -0.118959
0 0 -0.104486
0 0 -0.100673
0 0 -0.0151028
0 0 0.135935
0 0 -0.179474
0 0 -0.146304
0 0 0.0171512
0 0 -0.127589
0 0 -0.121944
0 0 0.170121
0 0 -0.117164
0 0 -0.142863
0 0 0.100687
0 0 0.108288
0 0 -0.0753813
0 0 0.21676
0 0 0.0878202
0 0 0.0487841
0 0 0.182284
0 0 0.262518
0 0 -0.13949
0 0 -0.163749
0 0 -0.181094
0 0 0.316888
0 0 -0.112348
0 0 -0.143662
0 0 -0.242346
0 0 -0.15679
0 0 -0.141862
0 0 -0.137988
0 0 -0.114251
0 0 0.105673
0 0 -0.161306
0 0 -0.0744938
0 0 -0.118043
0 0 0.0708001
0 0 0.260121
0 0 -0.0942258
0 0 -0.0750291
0 0 -0.319204
0 0 -0.108507
0 0 -0.0174786
0 0 -0.0598531
0 0 -0.0871864
0 0 -0.052516
0 0 -0.207222
0 0 0.0498353
0 0 -0.153077
0 0 -0.0775015
0 0 -0.139179
0 0 -0.370055
0 0 -0.162722
0 0 -0.136344
0 0 -0.0859367
0 0 -0.012874
0 0 -0.158691
0 0 0.0956524
0 0 0.129752
0 0 -0.148535
0 0 -0.127363
0 0 -0.106292
0 0 -0.0695141
0 0 -0.122533
0 0 -0.132392
0 0 -0.0792758
0 0 -0.246209
0 0 -0.112507
0 0 -0.0525013
0 0 -0.121081
0 0 -0.135539
0 0 -0.160873
0 0 -0.0400599
0 0 -0.136976
0 0 0.282841
0 0 -0.14235
0 0 -0.128684
0 0 -0.0559821
0 0 -0.330168
0 0 0.0134661
0 0 0.0779447
0 0 0.135681
0 0 0.108185
0 0 -0.239944
0 0 -0.143493
0 0 -0.144388
0 0 -0.270962
0 0 -0.0807153
0 0 -0.115924
0 0 -0.212045
0 0 -0.0950141
0 0 -0.129215
0 0 -0.0916418
0 0 -0.083627
0 0 -0.128401
0 0 0.162316
0 0 -0.138682
0 0 -0.120048
0 0 -0.089894
0 0 -0.0573225
0 0 -0.179636
0 0 -0.132905
0 0 -0.112653
0 0 -0.145063
0 0 -0.149725
0 0 -0.127351
0 0 0.021425
0 0 -0.0874855
0 0 0.051938
0 0 0.412478
0 0 -0.0392123
0 0 -0.0652625
0 0 -0.11819
0 0 -0.112242
0 0 0.135569
0 0 -0.161043
0 0 -0.118325
0 0 -0.0196516
0 0 -0.00315608
0 0 -0.0598616
0 0 -0.162527
0 0 -0.109201
0 0 0.0504046
0 0 0.208533
0 0 -0.133078
0 0 0.0498771
0 0 -0.137133
0 0 -0.041501
0 0 -0.131359
0 0 -0.0448952
0 0 -0.102391
0 0 -0.12994
0 0 -0.250461
0 0 -0.300383
0 0 -0.154337
0 0 -0.226333
0 0 -0.069357
0 0 0.0232476
0 0 0.0109712
0 0 -0.206636
0 0 -0.136753
0 0 -0.281082
0 0 -0.0658709
0 0 -0.130813
0 0 -0.100945
0 0 -0.12291
0 0 -0.41601
0 0 -0.140748
0 0 -0.0735681
0 0 -0.00150909
0 0 -0.115172
0 0 -0.138015
0 0 -0.151711
0 0 0.0265231
0 0 0.15705
0 0 -0.219979
0 0 -0.0840389
0 0 -0.0321497
0 0 -0.166679
0 0 -0.153364
0 0 -0.185702
0 0 -0.119596
0 0 -0.103898
0 0 -0.0820254
0 0 -0.123576
0 0 -0.134831
0 0 -0.139728
0 0 -0.296542
0 0 0.0425238
0 0 0.0656181
0 0 -0.158822
0 0 -0.141601
0 0 0.150895
0 0 -0.207512
0 0 -0.0188671
0 0 -0.19467
0 0 -0.091409
0 0 -0.0965157
0 0 -0.0876626
0 0 -0.0919475
0 0 0.0142482
0 0 -0.110075
0 0 -0.108711
0 0 -0.0559324
0 0 -0.0643262
0 0 -0.121225
0 0 -0.123016
0 0 -0.19428
0 0 -0.128336
0 0 -0.308299
0 0 -0.172063
0 0 -0.239999
0 0 -0.105541
0 0 0.474388
0 0 -0.146382
0 0 -0.0813621
0 0 -0.173694
0 0 -0.0803393
0 0 -0.11933
0 0 -0.0668247
0 0 -0.00370439
0 0 -0.0622781
0 0 -0.0578265
0 0 -0.0927153
0 0 -0.486936
0 0 0.0849854
0 0 -0.178171
0 0 -0.0703648
0 0 -0.155595
0 0 -0.135633
0 0 -0.0657633
0 0 -0.0552804
0 0 -0.148038
0 0 -0.121189
0 0 -0.0831384
0 0 -0.140635
0 0 0.187626
0 0 -0.132073
0 0 0.435835
0 0 -0.170376
0 0 -0.464594
0 0 0.110944
0 0 -0.0653755
0 0 0.225788
0 0 -0.221834
0 0 -0.0469343
0 0 -0.123349
0 0 0.0461979
0 0 -0.13105
0 0 -0.089408
0 0 -0.175687
0 0 -0.143204
0 0 0.279731
0 0 -0.095164
0 0 -0.165242
0 0 -0.138193
0 0 -0.156561
0 0 -0.139855
0 0 0.0705807
0 0 -0.149898
0 0 -0.0910287
0 0 -0.073161
0 0 -0.00979434
0 0 -0.455115
0 0 -0.119823
0 0 -0.138309
0 0 -0.0164098
0 0 -0.148261
0 0 -0.254202
0 0 -0.088616
0 0 0.0152849
0 0 -0.13
0 0 -0.0618447
0 0 -0.0316124
0 0 -0.0578947
0 0 -0.123763
0 0 0.192845
0 0 -0.165449
0 0 -0.0638644
0 0 -0.0679796
0 0 -0.141442
0 0 -0.126076
0 0 -0.119416
0 0 0.0564636
0 0 -0.138277
0 0 -0.076707
0 0 -0.19722
0 0 0.139608
0 0 -0.0954149
0 0 -0.122966
0 0 0.0939726
0 0 -0.141574
0 0 -0.147448
0 0 0.068051
0 0 0.209261
0 0 -0.147734
0 0 0.103002
0 0 -0.158222
0 0 -0.143504
0 0 0.0730993
0 0 0.11433
0 0 0.0457024
0 0 -0.102381
0 0 -0.19422
0 0 -0.502569
0 0 -0.1511
0 0 0.0866577
0 0 0.422654
0 0 -0.144922
0 0 -0.144625
0 0 -0.292782
0 0 0.0239509
0 0 0.0418513
0 0 -0.14227
0 0 -0.127718
0 0 -0.109043
0 0 -0.0916411
0 0 0.155571
0 0 -0.0490006
0 0 -0.099199
0 0 0.0809447
0 0 -0.335708
0 0 0.218665
0 0 0.00666851
0 0 -0.119269
0 0 -0.0394439
0 0 -0.0451332
0 0 -0.13665
0 0 -0.168647
0 0 -0.140279
0 0 0.0752049
0 0 -0.0720449
0 0 -0.0339721
0 0 -0.110523
0 0 -0.142432
0 0 -0.117398
0 0 -0.0752634
0 0 -0.30866
0 0 0.030356
0 0 -0.116369
0 0 -0.0442461
0 0 -0.127762
0 0 0.359048
0 0 -0.133991
0 0 -0.136102
0 0 0.291229
0 0 -0.139537
0 0 -0.0665477
0 0 0.129039
0 0 0.0266952
0 0 -0.109758
0 0 -0.505088
0 0 0.251117
0 0 0.367213
0 0 0.239939
0 0 -0.0929454
0 0 0.282602
0 0 -0.142701
0 0 -0.129821
0 0 -0.154358
0 0 -0.120108
0 0 -0.108482
0 0 0.12778
0 0 -0.151047
0 0 -0.12727
0 0 -0.229228
0 0 -0.346336
0 0 -0.142115
0 0 -0.222161
0 0 0.120363
0 0 0.108267
0 0 -0.144568
0 0 -0.12922
0 0 0.321559
0 0 -0.0831379
0 0 -0.0332976
0 0 -0.0991705
0 0 -0.072206
0 0 -0.214768
0 0 0.151049
0 0 -0.184773
0 0 -0.154468
0 0 -0.401499
0 0 -0.103115
0 0 -0.200341
0 0 -0.0967899
0 0 -0.15978
0 0 -0.328414
0 0 -0.119762
0 0 -0.213232
0 0 0.150571
0 0 -0.0157739
0 0 -0.0801798
0 0 -0.162601
0 0 0.213468
0 0 -0.0953246
0 0 -0.235353
0 0 -0.164714
0 0 0.104658
0 0 0.142299
0 0 -0.0119901
0 0 -0.142605
0 0 -0.13286
0 0 -0.00255079
0 0 -0.190228
0 0 -0.0840124
0 0 0.13375
0 0 -0.101482
0 0 -0.439017
0 0 -0.200119
0 0 -0.169064
0 0 -0.144956
0 0 -0.116572
0 0 0.180547
0 0 -0.117283
0 0 -0.079976
0 0 -0.0971917
0 0 -0.169192
0 0 -0.125699
0 0 0.146542
0 0 0.159785
0 0 -0.0607696
0 0 -0.133131
0 0 -0.181905
0 0 0.034549
0 0 -0.346205
0 0 0.0344937
0 0 -0.148939
0 0 -0.204436
0 0 0.0660922
0 0 -0.0833154
0 0 -0.121333
0 0 -0.18531
0 0 -0.145644
0 0 -0.155827
0 0 -0.0976927
0 0 -0.137599
0 0 -0.134425
0 0 -0.0871531
0 0 -0.0231952
0 0 -0.0831435
0 0 -0.191768
0 0 -0.153813
0 0 0.295225
0 0 -0.138799
0 0 -0.146424
0 0 -0.00934172
0 0 -0.035685
0 0 -0.0726904
0 0 -0.15552
0 0 -0.0613823
0 0 0.00502342
0 0 -0.140257
0 0 -0.130945
0 0 0.110089
0 0 -0.0979215
0 0 -0.113613
0 0 -0.182994
0 0 -0.139822
0 0 -0.0743638
0 0 0.031624
0 0 -0.11898
0 0 0.191793
0 0 -0.150986
0 0 -0.0258153
0 0 -0.0498203
0 0 -0.107164
0 0 -0.154893
0 0 -0.0774495
0 0 -0.062356
0 0 -0.254792
0 0 -0.129503
0 0 -0.105057
0 0 -0.0936106
0 0 -0.138753
0 0 0.118
0 0 -0.115586
0 0 -0.11371
0 0 0.179035
0 0 -0.111702
0 0 0.0940162
0 0 -0.107632
0 0 -0.132527
0 0 -0.1601
0 0 -0.159787
0 0 -0.124927
0 0 -0.0977912
0 0 -0.127155
0 0 0.0670851
0 0 -0.159913
0 0 -0.392516
0 0 -0.150227
0 0 -0.143217
0 0 -0.175119
0 0 -0.0522074
0 0 -0.294686
0 0 -0.101763
0 0 -0.138426
0 0 0.0879688
0 0 -0.280139
0 0 0.0883575
0 0 -0.147184
0 0 0.00529009
0 0 -0.185942
0 0 -0.116872
0 0 -0.102929
0 0 0.207141
0 0 0.0867007
0 0 0.120759
0 0 -0.143799
0 0 -0.0960431
0 0 0.0298814
0 0 0.279712
0 0 0.11061
0 0 0.190361
0 0 -0.117238
0 0 0.0139162
0 0 -0.143577
0 0 0.226484
0 0 -0.125214
0 0 -0.162738
0 0 -0.375976
0 0 -0.0645725
0 0 -0.176623
0 0 -0.119458
0 0 0.117665
0 0 0.0919433
0 0 -0.0406929
0 0 -0.128407
0 0 0.0955132
0 0 -0.316262
0 0 -0.141425
0 0 0.0542197
0 0 -0.229021
0 0 -0.130536
0 0 -0.0806948
0 0 -0.147786
0 0 -0.0526992
0 0 -0.0934802
0 0 -0.14775
0 0 -0.0705431
0 0 0.218728
0 0 -0.0607845
0 0 0.0636089
0 0 -0.411587
0 0 -0.129095
0 0 -0.0276604
0 0 0.0892618
0 0 -0.126648
0 0 -0.0560893
0 0 0.125446
0 0 -0.110973
0 0 -0.00800666
0 0 -0.152003
0 0 -0.123153
0 0 -0.11249
0 0 -0.119305
0 0 -0.252032
0 0 -0.101056
0 0 0.0708043
0 0 -0.0918862
0 0 -0.0689288
0 0 -0.0163337
0 0 0.0430788
0 0 -0.0581214
0 0 0.238504
0 0 -0.172049
0 0 -0.140318
0 0 -0.098992
0 0 -0.160859
0 0 -0.067172
0 0 -0.0546116
0 0 -0.153368
0 0 0.11065
0 0 -0.0989865
0 0 -0.148879
0 0 0.150532
0 0 -0.144443
0 0 -0.135197
0 0 -0.0873432
0 0 -0.0876905
0 0 -0.144794
0 0 -0.124886
0 0 -0.0761151
0 0 -0.154521
0 0 -0.245909
0 0 -0.104007
0 0 -0.153665
0 0 -0.300485
0 0 0.089878
0 0 -0.157428
0 0 -0.384575
0 0 -0.157088
0 0 -0.150184
0 0 -0.0894737
0 0 -0.119775
0 0 0.11852
0 0 -0.0783625
0 0 0.0792929
0 0 0.238964
0 0 -0.279686
0 0 -0.0821589
0 0 -0.134
0 0 -0.0954001
0 0 -0.275794
0 0 -0.0944493
0 0 -0.139737
0 0 -0.129627
0 0 -0.111916
0 0 -0.0400499
0 0 -0.110124
0 0 -0.0981311
0 0 -0.10643
0 0 -0.123488
0 0 0.0285199
0 0 -0.137216
0 0 -0.126354
0 0 -0.136484
0 0 -0.140286
0 0 0.167159
0 0 -0.150932
0 0 -0.00115908
0 0 -0.0894355
0 0 -0.364602
0 0 -0.141571
0 0 -0.142645
0 0 -0.207157
0 0 -0.0320825
0 0 -0.124414
0 0 -0.0942202
0 0 -0.159925
0 0 -0.227567
0 0 -0.0646126
0 0 -0.0895297
0 0 -0.0969583
0 0 0.0514729
0 0 -0.13948
0 0 -0.126466
0 0 0.0929519
0 0 -0.133497
0 0 0.0817374
0 0 -0.0847453
0 0 -0.12168
0 0 -0.479881
0 0 -0.0592088
0 0 0.352475
0 0 -0.0985064
0 0 -0.123229
0 0 -0.284355
0 0 -0.112508
0 0 0.348209
0 0 -0.132427
0 0 -0.129732
0 0 0.102571
0 0 -0.0967628
0 0 -0.144761
0 0 -0.0973651
0 0 0.00990761
0 0 -0.351109
0 0 -0.131613
0 0 -0.131956
0 0 -0.15319
0 0 -0.0645564
0 0 -0.0532384
0 0 -0.141354
0 0 -0.0859105
0 0 0.0428632
0 0 0.157508
0 0 -0.282411
0 0 -0.0480389
0 0 -0.12962
0 0 0.239929
0 0 -0.0769632
0 0 -0.141369
0 0 -0.0743145
0 0 0.191765
0 0 0.181507
0 0 -0.305507
0 0 -0.0358954
0 0 -0.12875
0 0 -0.116134
0 0 -0.332527
0 0 -0.119929
0 0 -0.125099
0 0 0.0572882
0 0 -0.248437
0 0 0.309446
0 0 -0.152117
0 0 -0.159964
0 0 0.027339
0 0 -0.163228
0 0 0.199099
0 0 -0.100054
0 0 -0.14235
0 0 -0.129878
0 0 -0.181388
0 0 -0.141074
0 0 -0.135804
0 0 0.381809
0 0 -0.112454
0 0 -0.0293568
0 0 -0.04818
0 0 0.011533
0 0 -0.0173297
0 0 -0.09603
0 0 -0.0765379
0 0 -0.131836
0 0 0.235469
0 0 -0.0727268
0 0 -0.015807
0 0 -0.116702
0 0 -0.152997
0 0 -0.143053
0 0 -0.134429
0 0 -0.149045
0 0 -0.114862
0 0 -0.166414
0 0 -0.26359
0 0 -0.122959
0 0 -0.133596
0 0 -0.133503
0 0 -0.0807165
0 0 -0.136824
0 0 -0.116735
0 0 -0.196427
0 0 -0.148587
0 0 0.240942
0 0 -0.115911
0 0 0.381945
0 0 0.345922
0 0 -0.168926
0 0 -0.0994947
0 0 0.100521
0 0 -0.157416
0 0 -0.0908868
0 0 -0.103757
0 0 -0.142819
0 0 -0.143409
0 0 -0.10194
0 0 0.2793
0 0 -0.156315
0 0 -0.0512595
0 0 -0.146793
0 0 -0.124212
0 0 -0.188324
0 0 -0.10422
0 0 -0.0508964
0 0 -0.182586
0 0 -0.0809517
0 0 -0.124724
0 0 -0.0402528
0 0 -0.147891
0 0 -0.142678
0 0 0.0319149
0 0 -0.145188
0 0 -0.117214
0 0 -0.00818062
0 0 -0.070771
0 0 -0.118485
0 0 -0.133022
0 0 -0.163013
0 0 -0.166925
0 0 -0.0714867
0 0 -0.139297
0 0 -0.144217
0 0 -0.0756928
0 0 -0.138798
0 0 -0.0752902
0 0 -0.0236974
0 0 0.240235
0 0 -0.0228808
0 0 -0.13881
0 0 -0.0606152
0 0 -0.113782
0 0 -0.0590706
0 0 -0.131075
0 0 -0.122758
0 0 -0.105224
0 0 0.103487
0 0 -0.164047
0 0 -0.111431
0 0 -0.0746455
0 0 -0.137991
0 0 -0.103434
0 0 -0.12688
0 0 -0.146783
0 0 -0.220107
0 0 -0.111196
0 0 -0.266611
0 0 -0.143122
0 0 -0.126225
0 0 -0.134596
0 0 -0.142274
0 0 -0.171993
0 0 0.0794774
0 0 0.188965
0 0 -0.0070951
0 0 -0.141636
0 0 0.0322521
0 0 -0.0404003
0 0 -0.100867
0 0 -0.131175
0 0 0.427936
0 0 -0.147051
0 0 0.10255
0 0 -0.307378
0 0 -0.0575206
0 0 -0.108075
0 0 0.000874359
0 0 0.0142355
0 0 -0.277026
0 0 -0.140577
0 0 -0.184389
0 0 -0.0793812
0 0 0.0970177
0 0 -0.148191
0 0 -0.115132
0 0 -0.0638937
0 0 -0.119423
0 0 0.11099
0 0 -0.0748509
0 0 0.343517
0 0 -0.0525489
0 0 -0.145709
0 0 0.0759254
0 0 -0.115083
0 0 -0.285597
0 0 -0.106922
0 0 -0.103975
0 0 -0.0654697
0 0 -0.15135
0 0 -0.0905531
0 0 -0.243934
0 0 -0.142542
0 0 -0.146296
0 0 -0.137776
0 0 -0.106201
0 0 0.146236
0 0 0.0957552
0 0 -0.119433
0 0 -0.102815
0 0 -0.0868462
0 0 -0.126579
0 0 -0.0683914
0 0 -0.0107059
0 0 0.113106
0 0 -0.174405
0 0 -0.106773
0 0 -0.0751336
0 0 -0.13095
0 0 -0.125629
0 0 0.129633
0 0 -0.102882
0 0 -0.137821
0 0 -0.142067
0 0 -0.138172
0 0 -0.0739744
0 0 -0.142505
0 0 0.00471146
0 0 -0.122058
0 0 -0.105353
0 0 -0.130827
0 0 0.220099
0 0 -0.116662
0 0 -0.0269165
0 0 -0.0250492
0 0 -0.36417
0 0 -0.0907097
0 0 -0.0854505
0 0 -0.113532
0 0 -0.0904337
0 0 0.497441
0 0 -0.0158038
0 0 -0.0790225
0 0 -0.095479
0 0 -0.145348
0 0 0.147443
0 0 -0.120283
0 0 -0.126302
0 0 -0.0294945
0 0 0.0527842
0 0 -0.091843
0 0 -0.117293
0 0 0.0600355
0 0 -0.0658867
0 0 0.193937
0 0 0.191196
0 0 -0.0531755
0 0 -0.118178
0 0 -0.118496
0 0 -0.12314
0 0 -0.163413
0 0 -0.0680659
0 0 -0.110554
0 0 0.277426
0 0 0.139935
0 0 -0.0469787
0 0 0.0823942
0 0 -0.117386
0 0 -0.322547
0 0 -0.142489
0 0 -0.118775
0 0 -0.14195
0 0 -0.0595792
0 0 0.120449
0 0 -0.112623
0 0 -0.209542
0 0 -0.141069
0 0 -0.125894
0 0 -0.235384
0 0 -0.0199276
0 0 -0.258147
0 0 -0.0729022
0 0 0.0767432
0 0 0.0190423
0 0 -0.139143
0 0 -0.0868431
0 0 -0.283678
0 0 -0.207772
0 0 -0.0781442
0 0 -0.228241
0 0 0.134076
0 0 0.20486
0 0 0.0703486
0 0 -0.00414756
0 0 -0.129253
0 0 0.0565222
0 0 -0.0729971
0 0 -0.149118
0 0 0.0547077
0 0 0.168244
0 0 -0.137165
0 0 -0.16288
0 0 -0.083915
0 0 -0.110758
0 0 -0.11947
0 0 0.0223948
0 0 -0.0925349
0 0 -0.103172
0 0 -0.0855308
0 0 -0.0804387
0 0 0.140361
0 0 -0.0806324
0 0 -0.142224
0 0 -0.124821
0 0 -0.258232
0 0 0.0102489
0 0 -0.0976554
0 0 -0.15715
0 0 -0.185026
0 0 -0.126147
0 0 0.155673
0 0 -0.13601
0 0 -0.0360698
0 0 -0.0868272
0 0 -0.178971
0 0 0.0475774
0 0 -0.219798
0 0 -0.139684
0 0 -0.20442
0 0 0.0215128
0 0 0.120112
0 0 -0.147131
0 0 0.13559
0 0 -0.121989
0 0 -0.19494
0 0 -0.234148
0 0 0.135578
0 0 -0.146099
0 0 -0.430845
0 0 -0.147105
0 0 -0.210012
0 0 -0.136467
0 0 -0.145377
0 0 -0.062681
0 0 -0.243327
0 0 -0.0832944
0 0 -0.106156
0 0 -0.12176
0 0 -0.0695275
0 0 -0.196238
0 0 -0.151762
0 0 -0.115874
0 0 -0.123822
0 0 -0.135329
0 0 -0.0871862
0 0 -0.131221
0 0 -0.138723
0 0 -0.0269276
0 0 0.451721
0 0 -0.179236
0 0 -0.0569324
0 0 0.0981539
0 0 0.0926241
0 0 0.00678619
0 0 -0.152962
0 0 -0.124265
0 0 -0.139964
0 0 -0.0891125
0 0 -0.041703
0 0 -0.121398
0 0 -0.12984
0 0 0.0405109
0 0 -0.074757
0 0 -0.148354
0 0 -0.0155226
0 0 -0.082299
0 0 -0.0800356
0 0 0.318353
0 0 0.294611
0 0 -0.172705
0 0 0.166513
0 0 -0.0631043
0 0 0.0109024
0 0 -0.141833
0 0 -0.0781895
0 0 -0.0545991
0 0 -0.163001
0 0 -0.162161
0 0 -0.0246823
0 0 0.0430225
0 0 -0.0241676
0 0 0.0247623
0 0 0.0247653
0 0 0.125601
0 0 -0.124639
0 0 -0.135091
0 0 0.120776
0 0 -0.354667
0 0 -0.0909621
0 0 0.00166524
0 0 0.00619404
0 0 -0.0688906
0 0 0.291688
0 0 -0.142198
0 0 -0.113309
0 0 0.115542
0 0 0.00322381
0 0 -0.138213
0 0 -0.137827
0 0 -0.139853
0 0 -0.0814793
0 0 -0.131483
0 0 -0.180361
0 0 0.157603
0 0 -0.12804
0 0 -0.0780685
0 0 0.0622235
0 0 -0.0500766
0 0 -0.0943515
0 0 -0.157527
0 0 -0.0715035
0 0 -0.113096
0 0 -0.111549
0 0 -0.141157
0 0 -0.163004
0 0 0.0100138
0 0 -0.137046
0 0 -0.121823
0 0 -0.166478
0 0 -0.145924
0 0 0.056514
0 0 -0.0540078
0 0 -0.121085
0 0 -0.0201354
0 0 -0.0873788
0 0 0.322525
0 0 -0.156995
0 0 -0.155782
0 0 -0.155921
0 0 -0.0965327
0 0 -0.0950941
0 0 -0.100982
0 0 -0.11371
0 0 -0.115441
0 0 -0.113546
0 0 -0.0814348
0 0 -0.0828389
0 0 -0.0794832
0 0 -0.087444
0 0 -0.0697995
0 0 -0.0709385
0 0 -0.156388
0 0 -0.155201
0 0 -0.0260472
0 0 -0.00143263
0 0 -0.0491302
0 0 -0.0893907
0 0 -0.0926615
0 0 -0.154534
0 0 -0.157919
0 0 -0.154687
0 0 -0.0699219
0 0 -0.0739083
0 0 -0.0692127
0 0 -0.133562
0 0 -0.131142
0 0 -0.133609
0 0 -0.064741
0 0 -0.0656757
0 0 -0.0615778
0 0 -0.132918
0 0 -0.131581
0 0 -0.132165
0 0 -0.145505
0 0 -0.151405
0 0 -0.151914
0 0 -0.123433
0 0 -0.116213
0 0 -0.112475
0 0 0.239528
0 0 0.245614
0 0 0.224404
0 0 -0.113728
0 0 -0.111384
0 0 -0.0758333
0 0 -0.0770926
0 0 -0.0640211
0 0 -0.0476957
0 0 -0.0789481
0 0 -0.0819281
0 0 -0.0835945
0 0 -0.160974
0 0 -0.160633
0 0 -0.117368
0 0 -0.117299
0 0 -0.117891
0 0 -0.116923
0 0 -0.116182
0 0 -0.116355
0 0 -0.103307
0 0 -0.111358
0 0 -0.0957939
0 0 -0.0831079
0 0 -0.063189
0 0 -0.128347
0 0 -0.127961
0 0 -0.135813
0 0 -0.138673
0 0 -0.135291
0 0 -0.142585
0 0 -0.142914
0 0 -0.154441
0 0 -0.153406
0 0 -0.154397
0 0 -0.249358
0 0 -0.251281
0 0 -0.246852
0 0 0.0556994
0 0 0.0457421
0 0 0.0525559
0 0 0.0509609
0 0 0.0551439
0 0 0.0771488
0 0 -0.108723
0 0 -0.105337
0 0 -0.107743
0 0 -0.0643999
0 0 -0.0634014
0 0 -0.0610183
0 0 -0.14381
0 0 -0.135478
0 0 -0.139594
0 0 -0.151268
0 0 -0.152111
0 0 -0.152399
0 0 -0.106811
0 0 -0.110801
0 0 -0.0391805
0 0 -0.0415244
0 0 -0.143473
0 0 -0.144344
0 0 -0.143481
0 0 -0.0686422
0 0 -0.0652354
0 0 -0.0695761
0 0 -0.139773
0 0 -0.140438
0 0 -0.140025
0 0 -0.156298
0 0 -0.155307
0 0 -0.117858
0 0 -0.118623
0 0 -0.237541
0 0 -0.242568
0 0 0.130717
0 0 0.119432
0 0 0.120785
0 0 -0.0432545
0 0 -0.036353
0 0 -0.0382403
0 0 0.34462
0 0 0.37719
0 0 0.353081
0 0 -0.118246
0 0 -0.108703
0 0 -0.00620184
0 0 -0.0429441
0 0 -0.183351
0 0 -0.17777
0 0 -0.185688
0 0 -0.134004
0 0 -0.130983
0 0 -0.134939
0 0 -0.142668
0 0 -0.142434
0 0 -0.142743
0 0 -0.128784
0 0 -0.124564
0 0 -0.134794
0 0 -0.152643
0 0 -0.152685
0 0 -0.109316
0 0 -0.108327
0 0 -0.108805
0 0 -0.190069
0 0 -0.16707
0 0 -0.182665
0 0 -0.119
0 0 -0.119031
0 0 -0.107636
0 0 -0.194825
0 0 -0.195032
0 0 -0.198367
0 0 -0.130936
0 0 -0.130849
0 0 -0.129437
0 0 -0.117507
0 0 -0.117594
0 0 -0.11691
0 0 -0.0680073
0 0 -0.0732387
0 0 -0.0657777
0 0 -0.0339996
0 0 -0.0234376
0 0 -0.022467
0 0 -0.0607288
0 0 -0.0601273
0 0 -0.0628208
0 0 -0.0705211
0 0 -0.0661575
0 0 -0.116871
0 0 0.065798
0 0 0.0788479
0 0 0.0758566
0 0 -0.166793
0 0 -0.167972
0 0 -0.167769
0 0 -0.141669
0 0 -0.141191
0 0 -0.141561
0 0 -0.34627
0 0 -0.30861
0 0 -0.367759
0 0 -0.134166
0 0 -0.130318
0 0 -0.101038
0 0 -0.103862
0 0 -0.121484
0 0 -0.14066
0 0 -0.141157
0 0 -0.14113
0 0 -0.137123
0 0 -0.140012
0 0 -0.158978
0 0 -0.151963
0 0 -0.148007
0 0 0.172658
0 0 0.160381
0 0 0.161452
0 0 0.0915263
0 0 0.101048
0 0 0.0969156
0 0 -0.121037
0 0 -0.121284
0 0 -0.12271
0 0 -0.130309
0 0 -0.128051
0 0 -0.132
0 0 0.256338
0 0 0.235515
0 0 -0.0194188
0 0 -0.0204242
0 0 -0.0225278
0 0 -0.0671175
0 0 -0.069304
0 0 -0.0712783
0 0 -0.143056
0 0 -0.143369
0 0 -0.0606882
0 0 -0.0600727
0 0 -0.138456
0 0 -0.137743
0 0 -0.138612
0 0 -0.0848747
0 0 -0.0849724
0 0 -0.083878
0 0 -0.170676
0 0 -0.170482
0 0 -0.169118
0 0 -0.132505
0 0 -0.127553
0 0 -0.127591
0 0 -0.160063
0 0 -0.160009
0 0 -0.158884
0 0 -0.164495
0 0 -0.163298
0 0 -0.170034
0 0 0.13909
0 0 0.154148
0 0 0.14497
0 0 -0.158176
0 0 -0.158735
0 0 -0.159553
0 0 -0.0927767
0 0 -0.096117
0 0 -0.0935098
0 0 -0.119306
0 0 -0.118571
0 0 -0.120237
0 0 0.266378
0 0 0.27217
0 0 0.29137
0 0 -0.143682
0 0 -0.069159
0 0 -0.0703442
0 0 -0.244276
0 0 -0.242592
0 0 -0.129875
0 0 -0.129154
0 0 -0.130229
0 0 -0.273776
0 0 -0.273306
0 0 -0.266723
0 0 -0.0584222
0 0 -0.0590813
0 0 0.26506
0 0 0.274924
0 0 -0.113818
0 0 -0.119327
0 0 -0.111101
0 0 -0.133215
0 0 -0.131793
0 0 -0.02893
0 0 -0.020655
0 0 -0.025412
0 0 -0.102763
0 0 -0.102884
0 0 -0.101395
0 0 -0.163526
0 0 -0.162071
0 0 -0.162785
0 0 -0.14139
0 0 -0.143735
0 0 -0.146494
0 0 -0.129357
0 0 -0.129429
0 0 -0.127592
0 0 -0.259944
0 0 -0.261358
0 0 -0.152384
0 0 -0.146055
0 0 -0.14119
0 0 -0.00777033
0 0 -0.0126007
0 0 -0.00560813
0 0 -0.138326
0 0 -0.136748
0 0 -0.136834
0 0 -0.120328
0 0 -0.121541
0 0 -0.122068
0 0 -0.16123
0 0 -0.156521
0 0 -0.143668
0 0 -0.1438
0 0 -0.144337
0 0 -0.0671053
0 0 -0.070685
0 0 -0.0679372
0 0 -0.142102
0 0 -0.141844
0 0 -0.111081
0 0 -0.0798086
0 0 -0.0840884
0 0 -0.0735786
0 0 -0.128265
0 0 -0.128182
0 0 -0.102099
0 0 -0.102816
0 0 -0.13874
0 0 -0.139134
0 0 -0.138327
0 0 -0.0113874
0 0 -0.0222023
0 0 -0.0365096
0 0 -0.0366086
0 0 0.0937424
0 0 0.0821824
0 0 0.0880416
0 0 -0.136039
0 0 -0.14845
0 0 -0.1582
0 0 -0.0902516
0 0 -0.0882673
0 0 -0.0868863
0 0 -0.144327
0 0 -0.139092
0 0 -0.141075
0 0 -0.147468
0 0 -0.148938
0 0 -0.146488
0 0 -0.08792
0 0 -0.0902453
0 0 -0.131868
0 0 -0.130895
0 0 -0.0512508
0 0 -0.0460072
0 0 -0.0501988
0 0 -0.0801482
0 0 -0.0755436
0 0 -0.0635982
0 0 -0.120138
0 0 -0.115482
0 0 0.109584
0 0 0.11648
0 0 -0.116964
0 0 -0.117271
0 0 -0.10729
0 0 -0.107843
0 0 -0.220175
0 0 -0.218936
0 0 -0.225176
0 0 0.324551
0 0 0.344286
0 0 -0.177106
0 0 -0.176932
0 0 -0.174691
0 0 0.424125
0 0 0.471257
0 0 -0.0423303
0 0 -0.0442099
0 0 -0.319969
0 0 -0.331583
0 0 -0.320977
0 0 0.384578
0 0 0.39154
0 0 0.422222
0 0 -0.0487232
0 0 -0.0506636
0 0 -0.121339
0 0 -0.127255
0 0 -0.141551
0 0 -0.1381
0 0 -0.143686
0 0 -0.091533
0 0 -0.0880064
0 0 -0.0871254
0 0 -0.151498
0 0 -0.149367
0 0 -0.117952
0 0 -0.117443
0 0 -0.1173
0 0 -0.203304
0 0 -0.202288
0 0 -0.205645
0 0 -0.0860167
0 0 -0.0838994
0 0 -0.445672
0 0 -0.391071
0 0 -0.0429138
0 0 -0.0441481
0 0 -0.0471913
0 0 -0.142727
0 0 -0.142798
0 0 -0.1294
0 0 -0.129229
0 0 -0.128537
0 0 -0.119983
0 0 -0.120687
0 0 -0.234401
0 0 -0.232478
0 0 -0.237908
0 0 -0.151633
0 0 -0.150955
0 0 -0.150815
0 0 -0.0878616
0 0 -0.0882849
0 0 -0.0868651
0 0 0.296293
0 0 0.284646
0 0 -0.107857
0 0 -0.111053
0 0 -0.11522
0 0 -0.0985332
0 0 -0.0976823
0 0 -0.0990402
0 0 -0.149961
0 0 -0.150599
0 0 0.0217385
0 0 0.0143853
0 0 0.0234506
0 0 0.0592316
0 0 0.0519816
0 0 0.0609854
0 0 -0.0869081
0 0 -0.0886549
0 0 -0.124831
0 0 -0.131574
0 0 -0.160169
0 0 -0.157368
0 0 -0.160803
0 0 -0.15915
0 0 -0.157454
0 0 -0.155521
0 0 -0.156379
0 0 -0.157921
0 0 -0.157045
0 0 -0.0328598
0 0 -0.0280662
0 0 -0.142266
0 0 -0.141828
0 0 -0.0535852
0 0 -0.0565514
0 0 -0.0594306
0 0 -0.114079
0 0 -0.112703
0 0 -0.114312
0 0 -0.0464549
0 0 -0.047643
0 0 -0.281854
0 0 -0.248233
0 0 -0.344359
0 0 -0.13555
0 0 -0.134283
0 0 -0.134979
0 0 -0.0752729
0 0 -0.156188
0 0 -0.157048
0 0 -0.158697
0 0 -0.141298
0 0 -0.152769
0 0 0.103877
0 0 0.101911
0 0 0.110227
0 0 -0.0848796
0 0 -0.0859377
0 0 -0.310159
0 0 -0.317811
0 0 0.140613
0 0 0.142798
0 0 0.129675
0 0 -0.288103
0 0 -0.281718
0 0 -0.286882
0 0 -0.137833
0 0 -0.137998
0 0 -0.0119921
0 0 -0.00963843
0 0 -0.00435387
0 0 -0.179735
0 0 -0.177442
0 0 -0.178838
0 0 -0.0475213
0 0 -0.0565253
0 0 -0.0445845
0 0 -0.417776
0 0 -0.426736
0 0 -0.14061
0 0 -0.140093
0 0 -0.140096
0 0 0.235986
0 0 0.251214
0 0 0.2291
0 0 0.0505797
0 0 0.0263191
0 0 -0.0978271
0 0 -0.0934177
0 0 -0.122231
0 0 -0.170598
0 0 -0.172164
0 0 -0.0962955
0 0 -0.0919877
0 0 -0.0917048
0 0 -0.107882
0 0 -0.116165
0 0 -0.307669
0 0 -0.313376
0 0 -0.117011
0 0 -0.130019
0 0 -0.127379
0 0 -0.217192
0 0 -0.212453
0 0 -0.204205
0 0 -0.106603
0 0 -0.105114
0 0 -0.107774
0 0 -0.104359
0 0 -0.105409
0 0 -0.104669
0 0 -0.136077
0 0 -0.137147
0 0 -0.136089
0 0 -0.146887
0 0 -0.149626
0 0 -0.0566712
0 0 -0.0523828
0 0 0.21927
0 0 0.237353
0 0 -0.129777
0 0 -0.130238
0 0 -0.12952
0 0 0.439574
0 0 0.448935
0 0 -0.140228
0 0 -0.140283
0 0 -0.115137
0 0 -0.118959
0 0 -0.12126
0 0 -0.13667
0 0 -0.135169
0 0 -0.161271
0 0 -0.157206
0 0 -0.0957014
0 0 -0.0898164
0 0 -0.0891985
0 0 -0.133783
0 0 0.00977371
0 0 0.00958497
0 0 0.0157529
0 0 -0.145989
0 0 -0.146407
0 0 -0.146005
0 0 -0.131021
0 0 -0.128884
0 0 -0.152512
0 0 -0.151818
0 0 -0.258579
0 0 -0.257142
0 0 -0.266797
0 0 0.123404
0 0 0.131516
0 0 -0.0652733
0 0 -0.0680701
0 0 -0.0678178
0 0 -0.0679564
0 0 -0.181605
0 0 -0.180002
0 0 0.160067
0 0 0.149317
0 0 -0.0408237
0 0 -0.0425202
0 0 -0.0492549
0 0 -0.110058
0 0 -0.110794
0 0 -0.148431
0 0 -0.147921
0 0 -0.1483
0 0 -0.0820631
0 0 -0.079363
0 0 -0.0780844
0 0 -0.0255374
0 0 -0.132989
0 0 -0.138465
0 0 -0.133307
0 0 -0.20533
0 0 -0.208428
0 0 -0.23074
0 0 -0.22816
0 0 -0.14225
0 0 -0.140411
0 0 -0.140876
0 0 -0.246862
0 0 -0.102888
0 0 -0.105758
0 0 -0.103313
0 0 -0.155032
0 0 -0.155662
0 0 -0.110314
0 0 -0.10894
0 0 -0.11015
0 0 -0.235278
0 0 -0.195644
0 0 0.0995104
0 0 0.0988396
0 0 -0.128055
0 0 -0.127896
0 0 -0.106223
0 0 -0.106071
0 0 -0.12295
0 0 -0.122077
0 0 -0.150988
0 0 -0.150992
0 0 0.0743512
0 0 0.0776252
0 0 0.382778
0 0 0.377616
0 0 0.354167
0 0 -0.153742
0 0 -0.153737
0 0 -0.153139
0 0 -0.141707
0 0 -0.14717
0 0 -0.149744
0 0 -0.136674
0 0 -0.131711
0 0 -0.133989
0 0 -0.220496
0 0 -0.257803
0 0 -0.241105
0 0 -0.112161
0 0 -0.11799
0 0 -0.117592
0 0 -0.195388
0 0 -0.199173
0 0 -0.136303
0 0 -0.136864
0 0 -0.0648452
0 0 -0.253248
0 0 -0.109139
0 0 -0.109626
0 0 -0.0227285
0 0 -0.0304641
0 0 -0.148908
0 0 -0.148499
0 0 -0.0717173
0 0 -0.0750719
0 0 -0.0720632
0 0 -0.155075
0 0 -0.154602
0 0 -0.112362
0 0 -0.104939
0 0 -0.103666
0 0 0.0599009
0 0 0.0671419
0 0 -0.158557
0 0 -0.15933
0 0 0.00076531
0 0 0.00698531
0 0 -0.139068
0 0 -0.139302
0 0 -0.139539
0 0 -0.0945284
0 0 -0.0935419
0 0 -0.0964318
0 0 -0.133159
0 0 -0.135376
0 0 -0.131648
0 0 0.17975
0 0 0.18798
0 0 0.17627
0 0 -0.158011
0 0 -0.157744
0 0 -0.145885
0 0 -0.145665
0 0 -0.146095
0 0 -0.118734
0 0 -0.118161
0 0 -0.0898362
0 0 -0.0855999
0 0 -0.144482
0 0 -0.14405
0 0 -0.144051
0 0 -0.154097
0 0 -0.154497
0 0 -0.103464
0 0 -0.107266
0 0 -0.105886
0 0 -0.0692957
0 0 -0.0723786
0 0 -0.140027
0 0 -0.137751
0 0 -0.0339102
0 0 -0.0885019
0 0 -0.106605
0 0 -0.0997246
0 0 -0.107072
0 0 -0.107091
0 0 -0.0989809
0 0 -0.098327
0 0 -0.140954
0 0 -0.130566
0 0 -0.151851
0 0 -0.152243
0 0 -0.149415
0 0 -0.149393
0 0 -0.0663341
0 0 -0.0648045
0 0 -0.146753
0 0 -0.146759
0 0 0.0173415
0 0 0.0251614
0 0 0.0206271
0 0 -0.128881
0 0 -0.141859
0 0 0.0783064
0 0 0.0905345
0 0 0.0811465
0 0 -0.0326102
0 0 -0.0381556
0 0 -0.030602
0 0 -0.164549
0 0 -0.163722
0 0 -0.141521
0 0 -0.141418
0 0 -0.141705
0 0 -0.12458
0 0 -0.12672
0 0 -0.123984
0 0 -0.13515
0 0 -0.134551
0 0 -0.135348
0 0 -0.153916
0 0 -0.201374
0 0 -0.199555
0 0 0.0684369
0 0 0.0586907
0 0 -0.115953
0 0 -0.123145
0 0 -0.248835
0 0 -0.240246
0 0 -0.237854
0 0 -0.11992
0 0 -0.126968
0 0 -0.118105
0 0 -0.0442205
0 0 -0.0484026
0 0 -0.0860934
0 0 -0.0868402
0 0 -0.0895991
0 0 -0.116204
0 0 -0.11478
0 0 -0.116307
0 0 -0.144961
0 0 -0.145161
0 0 -0.138535
0 0 -0.139117
0 0 -0.13858
0 0 0.209528
0 0 0.190577
0 0 0.106484
0 0 -0.0997093
0 0 -0.0952442
0 0 -0.107043
0 0 0.0807314
0 0 0.0706572
0 0 -0.126222
0 0 -0.124898
0 0 -0.123862
0 0 -0.139025
0 0 -0.138237
0 0 -0.138351
0 0 -0.139162
0 0 -0.177625
0 0 -0.180568
0 0 -0.077262
0 0 -0.088469
0 0 -0.0781767
0 0 -0.219004
0 0 -0.222974
0 0 -0.184988
0 0 -0.186973
0 0 -0.13164
0 0 -0.132716
0 0 -0.0608148
0 0 -0.06558
0 0 -0.0604288
0 0 -0.124698
0 0 -0.123479
0 0 -0.119523
0 0 -0.109343
0 0 -0.105772
0 0 -0.112937
0 0 -0.114045
0 0 -0.112783
0 0 -0.0996887
0 0 -0.100165
0 0 -0.103533
0 0 0.0238996
0 0 0.0269646
0 0 0.0192123
0 0 -0.132516
0 0 -0.138754
0 0 -0.136741
0 0 -0.136201
0 0 -0.132357
0 0 -0.132375
0 0 -0.160913
0 0 -0.159409
0 0 -0.160141
0 0 -0.166323
0 0 -0.167502
0 0 -0.127917
0 0 -0.126878
0 0 -0.130001
0 0 0.339101
0 0 0.3179
0 0 0.307965
0 0 -0.112366
0 0 -0.112749
0 0 -0.113188
0 0 -0.158092
0 0 -0.0925087
0 0 -0.0933166
0 0 0.0772186
0 0 0.0710271
0 0 0.0779819
0 0 -0.19067
0 0 -0.192502
0 0 -0.0408528
0 0 0.258
0 0 0.277139
0 0 0.0657661
0 0 0.0579036
0 0 -0.0665951
0 0 -0.118667
0 0 -0.112387
0 0 -0.185844
0 0 -0.182027
0 0 -0.183008
0 0 -0.135655
0 0 -0.135949
0 0 -0.0877854
0 0 -0.0935559
0 0 -0.167993
0 0 -0.0321139
0 0 -0.0371754
0 0 -0.0915161
0 0 -0.0866223
0 0 -0.144129
0 0 -0.145916
0 0 -0.432301
0 0 -0.448037
0 0 -0.428208
0 0 -0.119704
0 0 -0.120269
0 0 -0.387895
0 0 -0.377161
0 0 -0.379608
0 0 -0.128397
0 0 -0.127185
0 0 -0.127916
0 0 -0.128794
0 0 -0.126989
0 0 -0.128318
0 0 -0.131968
0 0 -0.134167
0 0 -0.175784
0 0 -0.176424
0 0 -0.0630779
0 0 -0.0582789
0 0 -0.143884
0 0 -0.144025
0 0 -0.151741
0 0 -0.159589
0 0 -0.0874745
0 0 -0.0894535
0 0 -0.096067
0 0 -0.278771
0 0 -0.270591
0 0 -0.0815227
0 0 -0.12744
0 0 -0.127043
0 0 -0.126387
0 0 -0.0849763
0 0 -0.0874108
0 0 -0.0892725
0 0 -0.303903
0 0 -0.322707
0 0 -0.206185
0 0 -0.200474
0 0 -0.185877
0 0 -0.135589
0 0 -0.138607
0 0 -0.0527805
0 0 -0.0500404
0 0 -0.315696
0 0 -0.320212
0 0 -0.132822
0 0 -0.133135
0 0 -0.113902
0 0 -0.136386
0 0 -0.135483
0 0 -0.131883
0 0 -0.0556326
0 0 -0.0603363
0 0 -0.14003
0 0 -0.144609
0 0 -0.0797053
0 0 -0.0788278
0 0 -0.0784304
0 0 0.160063
0 0 -0.122743
0 0 -0.122422
0 0 -0.12115
0 0 -0.267236
0 0 -0.236297
0 0 -0.204648
0 0 -0.0015609
0 0 -0.0091255
0 0 -0.231491
0 0 -0.242231
0 0 -0.140671
0 0 -0.134889
0 0 -0.151448
0 0 -0.0713868
0 0 -0.0721203
0 0 -0.0743494
0 0 -0.133936
0 0 -0.116795
0 0 -0.114525
0 0 -0.106007
0 0 -0.154249
0 0 -0.148472
0 0 -0.0818092
0 0 -0.0827228
0 0 -0.1475
0 0 -0.14761
0 0 -0.123509
0 0 -0.0577695
0 0 -0.0612399
0 0 -0.0591625
0 0 -0.17046
0 0 -0.169411
0 0 -0.101359
0 0 -0.101597
0 0 -0.193236
0 0 -0.195096
0 0 -0.145234
0 0 -0.143088
0 0 -0.143688
0 0 0.0433909
0 0 0.0511127
0 0 0.0436522
0 0 0.0936739
0 0 0.097681
0 0 0.104614
0 0 -0.108387
0 0 0.12641
0 0 0.138985
0 0 0.124621
0 0 -0.129571
0 0 -0.128293
0 0 -0.131686
0 0 -0.140341
0 0 -0.133671
0 0 -0.133208
0 0 -0.167312
0 0 -0.167293
0 0 -0.169195
0 0 0.158918
0 0 0.175147
0 0 0.166657
0 0 -0.0727527
0 0 -0.160722
0 0 -0.163391
0 0 0.221723
0 0 0.206446
0 0 0.205733
0 0 -0.128171
0 0 -0.104748
0 0 -0.103874
0 0 -0.0148824
0 0 -0.00651162
0 0 -0.134535
0 0 -0.131612
0 0 -0.126494
0 0 -0.127624
0 0 -0.0534972
0 0 -0.116319
0 0 -0.114301
0 0 -0.129026
0 0 -0.129959
0 0 0.0384143
0 0 0.0326352
0 0 -0.103273
0 0 -0.0975019
0 0 0.302578
0 0 0.36862
0 0 -0.183424
0 0 -0.183695
0 0 -0.128718
0 0 -0.1409
0 0 -0.152882
0 0 -0.193861
0 0 -0.196285
0 0 0.142727
0 0 0.155266
0 0 0.173921
0 0 -0.117397
0 0 -0.125428
0 0 -0.49913
0 0 -0.507253
0 0 0.0377158
0 0 0.0390017
0 0 0.031275
0 0 -0.0631587
0 0 -0.0677992
0 0 -0.0639114
0 0 0.183074
0 0 0.174165
0 0 0.170863
0 0 -0.260848
0 0 -0.267748
0 0 -0.276223
0 0 -0.0485887
0 0 -0.0581721
0 0 -0.048215
0 0 -0.195318
0 0 -0.21449
0 0 -0.150315
0 0 -0.151707
0 0 -0.147552
0 0 -0.110326
0 0 -0.107448
0 0 -0.150517
0 0 -0.151366
0 0 0.0833227
0 0 -0.149497
0 0 -0.150056
0 0 -0.261305
0 0 -0.247247
0 0 -0.255618
0 0 0.135476
0 0 0.136115
0 0 0.153406
0 0 -0.0922537
0 0 -0.0926822
0 0 -0.0943733
0 0 0.198938
0 0 0.187236
0 0 0.177168
0 0 -0.4169
0 0 -0.400727
0 0 -0.392189
0 0 -0.161946
0 0 -0.163771
0 0 -0.319749
0 0 -0.322049
0 0 -0.3411
0 0 -0.117
0 0 -0.116687
0 0 -0.120808
0 0 -0.12162
0 0 -0.0915469
0 0 -0.0904049
0 0 -0.0908077
0 0 -0.140757
0 0 0.11078
0 0 0.0954574
0 0 0.109963
0 0 -0.129461
0 0 -0.131668
0 0 -0.200611
0 0 -0.201029
0 0 -0.206815
0 0 0.116675
0 0 0.116342
0 0 0.109254
0 0 -0.150157
0 0 -0.153411
0 0 -0.15844
0 0 -0.171515
0 0 -0.172954
0 0 -0.103354
0 0 -0.100941
0 0 -0.17346
0 0 -0.173399
0 0 0.331082
0 0 0.383579
0 0 0.367749
0 0 -0.116754
0 0 -0.116459
0 0 -0.117616
0 0 -0.0915358
0 0 -0.0920016
0 0 -0.0130721
0 0 -0.0182093
0 0 -0.1395
0 0 -0.19747
0 0 -0.197043
0 0 -0.0882156
0 0 -0.0893291
0 0 0.114149
0 0 0.106503
0 0 -0.152837
0 0 -0.16258
0 0 -0.127501
0 0 -0.125663
0 0 -0.116593
0 0 -0.115755
0 0 -0.115074
0 0 -0.143406
0 0 -0.140479
0 0 -0.140846
0 0 -0.140283
0 0 -0.139466
0 0 -0.140521
0 0 -0.132922
0 0 -0.134578
0 0 -0.0962386
0 0 -0.0954728
0 0 -0.125622
0 0 -0.123515
0 0 0.185214
0 0 0.184262
0 0 -0.0997677
0 0 -0.10959
0 0 -0.146411
0 0 -0.198156
0 0 -0.226861
0 0 -0.212554
0 0 -0.119954
0 0 -0.111175
0 0 -0.111414
0 0 -0.110288
0 0 -0.257324
0 0 -0.273899
0 0 -0.141031
0 0 -0.140841
0 0 -0.124555
0 0 -0.123455
0 0 -0.124847
0 0 -0.153956
0 0 -0.122637
0 0 -0.116241
0 0 -0.1223
0 0 -0.121701
0 0 -0.124799
0 0 0.300335
0 0 0.316808
0 0 -0.274506
0 0 -0.0926058
0 0 -0.266624
0 0 -0.0967204
0 0 -0.0958328
0 0 -0.0964688
0 0 -0.0723236
0 0 -0.0820264
0 0 0.150926
0 0 0.139361
0 0 0.138858
0 0 -0.135726
0 0 -0.134328
0 0 0.000112817
0 0 0.0267067
0 0 0.0567336
0 0 -0.146211
0 0 -0.146568
0 0 -0.108388
0 0 -0.109606
0 0 0.10724
0 0 0.000197053
0 0 0.00677582
0 0 0.00692699
0 0 -0.195522
0 0 -0.185169
0 0 -0.123458
0 0 -0.12595
0 0 -0.133882
0 0 -0.134134
0 0 0.0438238
0 0 0.0511802
0 0 0.0457448
0 0 -0.116685
0 0 -0.116657
0 0 -0.117447
0 0 -0.116344
0 0 -0.099186
0 0 -0.0995333
0 0 -0.06354
0 0 -0.0729665
0 0 -0.0658562
0 0 -0.0634677
0 0 0.0594485
0 0 0.0606234
0 0 -0.110661
0 0 -0.115057
0 0 -0.116943
0 0 -0.125916
0 0 -0.124114
0 0 -0.0305795
0 0 -0.0259386
0 0 -0.115575
0 0 -0.117543
0 0 -0.117629
0 0 -0.0616372
0 0 0.0446583
0 0 -0.161266
0 0 -0.165946
0 0 -0.141198
0 0 -0.14159
0 0 -0.202772
0 0 -0.200871
0 0 -0.209866
0 0 -0.150282
0 0 -0.153518
0 0 -0.0776682
0 0 -0.0777911
0 0 -0.0796938
0 0 -0.0633007
0 0 -0.064002
0 0 -0.0677281
0 0 0.188873
0 0 0.2089
0 0 0.191226
0 0 -0.139773
0 0 -0.141069
0 0 -0.142343
0 0 -0.394963
0 0 -0.393149
0 0 0.195807
0 0 0.179397
0 0 -0.0975963
0 0 -0.0968998
0 0 -0.133869
0 0 -0.132563
0 0 -0.134141
0 0 -0.0708784
0 0 -0.0748512
0 0 -0.0688416
0 0 -0.277222
0 0 -0.239511
0 0 -0.219935
0 0 -0.224271
0 0 -0.2245
0 0 -0.0932173
0 0 -0.0935775
0 0 -0.142843
0 0 -0.112871
0 0 -0.105255
0 0 -0.105992
0 0 -0.00467281
0 0 -0.142597
0 0 -0.142992
0 0 -0.14275
0 0 -0.127194
0 0 -0.127984
0 0 0.0656017
0 0 0.0651782
0 0 0.0365465
0 0 0.0415646
0 0 -0.161118
0 0 -0.159846
0 0 -0.0935145
0 0 -0.099272
0 0 0.165894
0 0 0.171253
0 0 0.184339
0 0 -0.364654
0 0 -0.381281
0 0 -0.337743
0 0 -0.313194
0 0 -0.059197
0 0 -0.145882
0 0 -0.146371
0 0 -0.145935
0 0 0.131167
0 0 0.179689
0 0 0.197722
0 0 -0.149778
0 0 -0.150577
0 0 -0.150114
0 0 -0.142004
0 0 -0.142502
0 0 -0.142232
0 0 0.0907814
0 0 0.0977408
0 0 0.103342
0 0 -0.0631167
0 0 0.170823
0 0 -0.128809
0 0 -0.127792
0 0 0.0155658
0 0 0.0167027
0 0 0.0209273
0 0 -0.207957
0 0 -0.20991
0 0 -0.213652
0 0 -0.060177
0 0 -0.0538902
0 0 -0.0586539
0 0 -0.0552347
0 0 -0.061437
0 0 -0.0706687
0 0 -0.0698014
0 0 -0.0948487
0 0 -0.0951856
0 0 0.0946431
0 0 0.0996478
0 0 -0.138186
0 0 -0.138294
0 0 -0.145604
0 0 -0.145294
0 0 -0.14523
0 0 -0.384543
0 0 -0.400581
0 0 -0.270315
0 0 -0.251085
0 0 -0.294737
0 0 -0.300377
0 0 0.131526
0 0 0.14107
0 0 -0.0563446
0 0 -0.0512319
0 0 -0.0997757
0 0 0.199783
0 0 0.193008
0 0 -0.183955
0 0 -0.184728
0 0 -0.188156
0 0 -0.074964
0 0 -0.0750787
0 0 -0.0721001
0 0 -0.158935
0 0 -0.160534
0 0 -0.158701
0 0 0.313674
0 0 0.282507
0 0 0.306367
0 0 -0.160535
0 0 -0.0807757
0 0 -0.0809882
0 0 0.04135
0 0 0.0338629
0 0 -0.0836676
0 0 -0.0804747
0 0 -0.0804047
0 0 -0.177567
0 0 -0.179213
0 0 -0.0490108
0 0 -0.0545582
0 0 -0.147573
0 0 -0.148469
0 0 -0.147474
0 0 -0.158017
0 0 -0.0964472
0 0 -0.119177
0 0 -0.119565
0 0 0.0854787
0 0 0.0729513
0 0 0.18432
0 0 0.194727
0 0 0.198337
0 0 -0.119019
0 0 -0.116097
0 0 -0.079351
0 0 -0.083981
0 0 -0.0885749
0 0 0.105738
0 0 0.0949744
0 0 -0.113042
0 0 -0.122321
0 0 -0.0743448
0 0 -0.0781953
0 0 -0.142966
0 0 -0.138083
0 0 -0.223549
0 0 -0.081597
0 0 -0.0777106
0 0 -0.0669825
0 0 -0.0690201
0 0 -0.0689559
0 0 -0.14128
0 0 -0.129249
0 0 0.0877879
0 0 0.0877184
0 0 0.0741103
0 0 -0.158448
0 0 -0.157354
0 0 -0.14783
0 0 -0.148236
0 0 0.201766
0 0 0.207551
0 0 -0.12556
0 0 -0.123955
0 0 0.0870906
0 0 0.061349
0 0 0.0630156
0 0 0.0558347
0 0 -0.124117
0 0 -0.168198
0 0 -0.161887
0 0 0.168123
0 0 0.172329
0 0 0.187115
0 0 -0.153101
0 0 -0.14467
0 0 -0.0662348
0 0 -0.0915724
0 0 0.284979
0 0 0.313808
0 0 0.317985
0 0 0.0376242
0 0 0.0487339
0 0 0.0433938
0 0 -0.0655887
0 0 -0.0691821
0 0 -0.0750643
0 0 -0.130906
0 0 -0.133438
0 0 -0.0733504
0 0 -0.068584
0 0 -0.0703588
0 0 -0.128764
0 0 -0.062306
0 0 -0.0617175
0 0 -0.131362
0 0 -0.136219
0 0 0.287976
0 0 0.270057
0 0 -0.0737116
0 0 -0.100078
0 0 -0.100931
0 0 -0.127477
0 0 -0.131552
0 0 -0.127667
0 0 -0.0779729
0 0 -0.0815124
0 0 -0.0786059
0 0 -0.120369
0 0 0.0732423
0 0 0.0749118
0 0 -0.210707
0 0 -0.190864
0 0 -0.144892
0 0 -0.144615
0 0 -0.0643423
0 0 -0.068226
0 0 -0.0678631
0 0 -0.145721
0 0 0.349201
0 0 -0.0479221
0 0 -0.0513839
0 0 0.0349444
0 0 0.0302901
0 0 -0.143439
0 0 -0.143043
0 0 -0.0393023
0 0 -0.0401587
0 0 -0.0731938
0 0 -0.0685067
0 0 -0.127265
0 0 -0.189608
0 0 -0.192612
0 0 -0.185595
0 0 -0.212096
0 0 -0.214416
0 0 -0.0561113
0 0 -0.0553094
0 0 -0.103522
0 0 -0.102549
0 0 -0.0911447
0 0 -0.0867034
0 0 -0.0551198
0 0 -0.0621098
0 0 0.103499
0 0 0.0944975
0 0 -0.17119
0 0 -0.171646
0 0 -0.174029
0 0 -0.0855045
0 0 -0.0909448
0 0 -0.277765
0 0 0.0340793
0 0 0.0403976
0 0 0.0417086
0 0 -0.141882
0 0 -0.142026
0 0 -0.126653
0 0 -0.114678
0 0 -0.0920792
0 0 -0.301829
0 0 -0.0798225
0 0 0.137066
0 0 0.0853522
0 0 0.231253
0 0 0.249178
0 0 0.257034
0 0 -0.457567
0 0 -0.442332
0 0 -0.404309
0 0 -0.0699453
0 0 -0.0653368
0 0 -0.0692287
0 0 -0.131115
0 0 0.229624
0 0 0.218569
0 0 -0.107565
0 0 -0.0404577
0 0 0.0283741
0 0 -0.0589113
0 0 -0.0837349
0 0 -0.0845145
0 0 -0.083549
0 0 -0.0854464
0 0 -0.0836419
0 0 -0.0861091
0 0 -0.16205
0 0 -0.163613
0 0 -0.119672
0 0 -0.0937028
0 0 -0.0909512
0 0 -0.115638
0 0 -0.117204
0 0 -0.116376
0 0 -0.141762
0 0 -0.142333
0 0 -0.20165
0 0 -0.195089
0 0 -0.130574
0 0 -0.144923
0 0 -0.119334
0 0 -0.123375
0 0 -0.143225
0 0 0.0934425
0 0 0.108094
0 0 -0.0895034
0 0 -0.0841136
0 0 0.0664454
0 0 0.0705598
0 0 -0.0962692
0 0 -0.0973854
0 0 -0.134476
0 0 -0.127406
0 0 -0.0497838
0 0 -0.0516721
0 0 -0.0465053
0 0 -0.0190538
0 0 -0.0167548
0 0 -0.117232
0 0 -0.115236
0 0 0.261337
0 0 0.275565
0 0 0.274497
0 0 0.00783892
0 0 0.0136775
0 0 -0.098343
0 0 0.251519
0 0 -0.0947717
0 0 -0.0975647
0 0 -0.0955654
0 0 -0.131495
0 0 -0.118918
0 0 -0.12985
0 0 -0.462814
0 0 -0.497807
0 0 -0.140889
0 0 -0.141277
0 0 -0.140675
0 0 0.170173
0 0 0.157349
0 0 -0.122983
0 0 -0.123746
0 0 -0.0525378
0 0 -0.0403075
0 0 -0.0442164
0 0 0.0307089
0 0 0.0289922
0 0 -0.0840002
0 0 -0.0823718
0 0 -0.167844
0 0 -0.150437
0 0 -0.167207
0 0 -0.116248
0 0 -0.13117
0 0 0.491176
0 0 0.470243
0 0 -0.188236
0 0 -0.188909
0 0 -0.18242
0 0 -0.0676169
0 0 -0.0785146
0 0 -0.0309673
0 0 0.0529726
0 0 0.0526161
0 0 0.0447166
0 0 -0.126484
0 0 -0.147056
0 0 -0.130406
0 0 -0.131072
0 0 -0.0383793
0 0 -0.0363418
0 0 -0.0423827
0 0 0.133365
0 0 0.118103
0 0 -0.0776216
0 0 -0.142344
0 0 -0.142524
0 0 -0.129349
0 0 -0.126209
0 0 -0.126331
0 0 -0.104876
0 0 -0.104422
0 0 -0.149683
0 0 -0.150138
0 0 -0.0760512
0 0 -0.0732379
0 0 -0.0734472
0 0 0.0233252
0 0 0.0223527
0 0 -0.099246
0 0 -0.0988253
0 0 -0.179303
0 0 -0.184854
0 0 -0.18773
0 0 -0.0907418
0 0 -0.0805444
0 0 0.0657031
0 0 0.0983152
0 0 0.0963799
0 0 0.10753
0 0 -0.194801
0 0 -0.197319
0 0 -0.150365
0 0 -0.151993
0 0 0.00163713
0 0 -0.00081654
0 0 -0.00593439
0 0 -0.11506
0 0 -0.114683
0 0 -0.156476
0 0 -0.140172
0 0 -0.139563
0 0 -0.22821
0 0 -0.231363
0 0 -0.0722486
0 0 -0.0720021
0 0 -0.33665
0 0 -0.349887
0 0 0.161301
0 0 -0.118872
0 0 -0.117478
0 0 -0.117589
0 0 -0.266408
0 0 -0.255655
0 0 -0.256881
0 0 0.12246
0 0 0.110923
0 0 0.0793667
0 0 0.0786048
0 0 -0.144722
0 0 -0.145506
0 0 -0.146894
0 0 -0.0708861
0 0 -0.0716895
0 0 -0.0976083
0 0 -0.108432
0 0 -0.033893
0 0 -0.0401768
0 0 -0.149496
0 0 -0.148974
0 0 -0.14877
0 0 -0.0492528
0 0 -0.0511544
0 0 -0.048048
0 0 -0.143024
0 0 -0.143376
0 0 -0.143235
0 0 0.0388897
0 0 0.0323856
0 0 0.0417147
0 0 -0.0881591
0 0 -0.0857779
0 0 -0.10744
0 0 -0.102815
0 0 -0.0615222
0 0 -0.0628709
0 0 0.153571
0 0 0.153694
0 0 0.141266
0 0 -0.0807799
0 0 -0.0818157
0 0 0.0979212
0 0 0.107022
0 0 -0.0590138
0 0 0.0507608
0 0 0.0510634
0 0 -0.113858
0 0 -0.112754
0 0 -0.116965
0 0 0.0600125
0 0 -0.0829798
0 0 -0.0813538
0 0 -0.0462592
0 0 -0.0451176
0 0 -0.0176967
0 0 -0.0207352
0 0 -0.0229146
0 0 -0.0564129
0 0 -0.0541242
0 0 -0.0948286
0 0 -0.145729
0 0 -0.145318
0 0 0.0687953
0 0 0.0774219
0 0 -0.119612
0 0 -0.121248
0 0 -0.33497
0 0 -0.320947
0 0 0.0674383
0 0 0.060392
0 0 0.0689555
0 0 -0.126776
0 0 -0.127597
0 0 -0.111637
0 0 -0.11284
0 0 -0.141987
0 0 -0.141978
0 0 0.0701097
0 0 0.0641874
0 0 -0.088936
0 0 -0.085215
0 0 -0.122069
0 0 -0.120112
0 0 -0.106751
0 0 -0.0915731
0 0 0.310045
0 0 0.337493
0 0 -0.144868
0 0 -0.145172
0 0 0.029106
0 0 0.0205744
0 0 -0.146814
0 0 -0.146779
0 0 -0.164592
0 0 -0.131117
0 0 -0.153844
0 0 -0.15322
0 0 -0.128919
0 0 -0.130632
0 0 0.000924555
0 0 -0.000840256
0 0 -0.131563
0 0 -0.13072
0 0 -0.255574
0 0 -0.106345
0 0 -0.139606
0 0 -0.0137393
0 0 -0.0121306
0 0 -0.094046
0 0 -0.163184
0 0 0.467462
0 0 0.431396
0 0 -0.160747
0 0 0.0263744
0 0 0.0278439
0 0 -0.201136
0 0 -0.20982
0 0 -0.104763
0 0 -0.100084
0 0 -0.100879
0 0 -0.0427366
0 0 -0.0362456
0 0 -0.107629
0 0 0.105129
0 0 -0.0848848
0 0 -0.0852024
0 0 -0.0311629
0 0 -0.0246736
0 0 -0.0259713
0 0 0.0795678
0 0 0.0554108
0 0 0.0644356
0 0 -0.143622
0 0 -0.141363
0 0 -0.196247
0 0 -0.204701
0 0 -0.19965
0 0 -0.23186
0 0 -0.0339391
0 0 -0.0213533
0 0 -0.0317755
0 0 0.0953954
0 0 0.0869254
0 0 -0.0445225
0 0 -0.0467322
0 0 -0.0507003
0 0 -0.0906791
0 0 -0.0823587
0 0 0.101643
0 0 0.0924226
0 0 -0.0741898
0 0 -0.0697339
0 0 -0.175739
0 0 -0.17489
0 0 -0.157173
0 0 -0.154032
0 0 -0.0662824
0 0 -0.0705048
0 0 -0.411288
0 0 -0.438162
0 0 -0.458397
0 0 -0.468
0 0 -0.118223
0 0 -0.118404
0 0 -0.119541
0 0 -0.0761796
0 0 -0.0241403
0 0 -0.0282518
0 0 -0.02054
0 0 -0.212819
0 0 -0.226148
0 0 -0.157975
0 0 -0.0599098
0 0 -0.067152
0 0 -0.157328
0 0 -0.157987
0 0 -0.160487
0 0 -0.136651
0 0 -0.137988
0 0 0.296125
0 0 0.325911
0 0 0.0768563
0 0 0.0403639
0 0 0.0495998
0 0 -0.0907825
0 0 -0.0929774
0 0 -0.210555
0 0 -0.25937
0 0 -0.167239
0 0 -0.133528
0 0 -0.0636644
0 0 -0.0570755
0 0 -0.134886
0 0 -0.133448
0 0 -0.141855
0 0 -0.135671
0 0 -0.0287683
0 0 -0.294648
0 0 -0.287649
0 0 -0.131246
0 0 -0.13246
0 0 -0.0819088
0 0 -0.0718831
0 0 -0.0978665
0 0 -0.0940986
0 0 -0.0965979
0 0 -0.10544
0 0 -0.072294
0 0 -0.0693188
0 0 -0.150343
0 0 -0.1479
0 0 -0.147034
0 0 0.169974
0 0 0.145383
0 0 0.161202
0 0 -0.110869
0 0 -0.112077
0 0 0.169174
0 0 0.163479
0 0 -0.0565452
0 0 -0.318326
0 0 -0.301156
0 0 -6.95207e-05
0 0 0.00715807
0 0 -0.493368
0 0 -0.418459
0 0 0.0378389
0 0 -0.0922084
0 0 -0.095093
0 0 -0.0853472
0 0 -0.0964671
0 0 -0.0896915
0 0 -0.11342
0 0 -0.111129
0 0 -0.12346
0 0 -0.280409
0 0 -0.286654
0 0 -0.275692
0 0 -0.0783722
0 0 -0.0958078
0 0 -0.0926049
0 0 -0.189143
0 0 -0.124902
0 0 0.203981
0 0 0.204736
0 0 -0.30467
0 0 -0.311835
0 0 -0.193435
0 0 0.0250594
0 0 0.100585
0 0 0.0598613
0 0 0.051894
0 0 0.064837
0 0 -0.40615
0 0 -0.432064
0 0 -0.386744
0 0 -0.0921052
0 0 -0.102801
0 0 0.230886
0 0 0.251216
0 0 0.239633
0 0 -0.112056
0 0 -0.113388
0 0 -0.108881
0 0 -0.10549
0 0 -0.150397
0 0 0.38678
0 0 0.265902
0 0 0.21273
0 0 0.236296
0 0 -0.142889
0 0 -0.146946
0 0 0.270605
0 0 0.263531
0 0 0.245107
0 0 -0.271651
0 0 -0.128069
0 0 -0.109161
0 0 -0.121247
0 0 0.0276233
0 0 0.025789
0 0 -0.427045
0 0 -0.437968
0 0 -0.122139
0 0 -0.12035
0 0 -0.202052
0 0 -0.0900711
0 0 -0.151953
0 0 -0.142784
0 0 -0.149282
0 0 -0.172217
0 0 -0.172578
0 0 -0.113529
0 0 -0.317194
0 0 -0.291324
0 0 -0.332783
0 0 0.0897878
0 0 -0.0305986
0 0 -0.0338298
0 0 -0.0377093
0 0 -0.0588624
0 0 -0.0598094
0 0 -0.0630376
0 0 -0.0662494
0 0 -0.0712993
0 0 -0.157962
0 0 -0.0822443
0 0 -0.090917
0 0 -0.0683509
0 0 -0.0790081
0 0 -0.0771772
0 0 -0.178662
0 0 -0.146315
0 0 -0.0934442
0 0 -0.0891366
0 0 -0.117128
0 0 -0.116975
0 0 -0.0604239
0 0 0.172455
0 0 0.167979
0 0 -0.114171
0 0 -0.124033
0 0 -0.122856
0 0 0.211533
0 0 -0.227745
0 0 -0.0485533
0 0 -0.184059
0 0 -0.180767
0 0 0.0122493
0 0 0.00542805
0 0 -0.296782
0 0 -0.29574
0 0 -0.133892
0 0 -0.133798
0 0 -0.162479
0 0 -0.161894
0 0 -0.115817
0 0 -0.18717
0 0 -0.188457
0 0 -0.190802
0 0 -0.182231
0 0 0.0861235
0 0 0.101819
0 0 -0.144203
0 0 -0.143901
0 0 -0.143889
0 0 -0.0840285
0 0 -0.112688
0 0 0.0606476
0 0 -0.121769
0 0 0.479729
0 0 0.50071
0 0 -0.146448
0 0 -0.145423
0 0 0.164036
0 0 0.154223
0 0 0.16872
0 0 -0.072539
0 0 0.19927
0 0 0.188474
0 0 0.117337
0 0 0.108535
0 0 -0.51513
0 0 -0.124098
0 0 -0.125012
0 0 -0.101776
0 0 -0.095934
0 0 -0.109447
0 0 -0.114067
0 0 0.109671
0 0 0.120351
0 0 0.129868
0 0 -0.209896
0 0 -0.211841
0 0 -0.0584205
0 0 -0.059342
0 0 0.0403892
0 0 0.0350827
0 0 0.0333403
0 0 0.364698
0 0 -0.175519
0 0 -0.173018
0 0 0.151547
0 0 0.161266
0 0 -0.139694
0 0 0.111089
0 0 -0.150051
0 0 -0.141205
0 0 -0.112742
0 0 -0.00850644
0 0 -0.0146804
0 0 -0.144748
0 0 -0.14543
0 0 -0.0791316
0 0 -0.0779742
0 0 0.0206886
0 0 0.0135077
0 0 0.0119709
0 0 -0.06925
0 0 -0.071186
0 0 -0.0613735
0 0 -0.0587192
0 0 -0.215437
0 0 -0.216464
0 0 0.0263147
0 0 0.0332111
0 0 0.271186
0 0 -0.098381
0 0 -0.0984311
0 0 -0.158107
0 0 -0.157093
0 0 -0.112849
0 0 -0.367251
0 0 -0.3609
0 0 -0.0736869
0 0 0.232716
0 0 0.201276
0 0 0.207766
0 0 -0.112807
0 0 0.0858997
0 0 0.0865687
0 0 -0.245825
0 0 0.214799
0 0 0.200963
0 0 0.164132
0 0 -0.100319
0 0 -0.0998489
0 0 -0.0993884
0 0 -0.120218
0 0 -0.143537
0 0 -0.143911
0 0 -0.139762
0 0 -0.136161
0 0 -0.0580781
0 0 -0.0615686
0 0 -0.130234
0 0 0.0110517
0 0 0.0187089
0 0 -0.235457
0 0 -0.22768
0 0 -0.0703442
0 0 -0.0821026
0 0 -0.0808557
0 0 -0.0827366
0 0 -0.157225
0 0 -0.154895
0 0 -0.0873154
0 0 -0.106444
0 0 -0.0807495
0 0 -0.157874
0 0 -0.113412
0 0 0.0373797
0 0 0.0328554
0 0 0.0260756
0 0 -0.132578
0 0 -0.143055
0 0 0.0298017
0 0 0.0272509
0 0 0.0344235
0 0 0.0559654
0 0 0.1103
0 0 0.104343
0 0 0.192933
0 0 0.177039
0 0 0.0590905
0 0 0.0530378
0 0 0.0631233
0 0 -0.116019
0 0 -0.147689
0 0 -0.151665
0 0 -0.150824
0 0 -0.235454
0 0 -0.193469
0 0 -0.110637
0 0 0.202191
0 0 0.209565
0 0 0.187972
0 0 -0.228822
0 0 -0.219849
0 0 -0.152266
0 0 -0.128587
0 0 -0.124671
0 0 -0.129743
0 0 -0.0700948
0 0 -0.0741284
0 0 0.162398
0 0 0.172913
0 0 -0.174257
0 0 -0.0957267
0 0 -0.0981489
0 0 -0.343423
0 0 -0.0922781
0 0 -0.0899354
0 0 -0.0911597
0 0 0.141464
0 0 0.153425
0 0 0.146298
0 0 -0.15561
0 0 0.113105
0 0 0.113771
0 0 -0.138546
0 0 0.247979
0 0 0.263371
0 0 0.262541
0 0 0.014227
0 0 -0.13269
0 0 -0.0797765
0 0 -0.0401822
0 0 -0.0445768
0 0 -0.377143
0 0 -0.425649
0 0 -0.40885
0 0 -0.409639
0 0 0.169434
0 0 -0.176334
0 0 -0.167602
0 0 -0.165808
0 0 0.175488
0 0 -0.092802
0 0 -0.0939123
0 0 -0.0725911
0 0 -0.0703327
0 0 -0.153054
0 0 0.187162
0 0 -0.145988
0 0 -0.0482536
0 0 -0.176958
0 0 -0.0409145
0 0 -0.0363818
0 0 -0.0656832
0 0 -0.144465
0 0 -0.144504
0 0 0.214683
0 0 0.203806
0 0 0.202109
0 0 0.202502
0 0 0.0207172
0 0 -0.183048
0 0 -0.0104818
0 0 -0.000787152
0 0 -0.000432489
0 0 -0.470069
0 0 -0.236333
0 0 -0.235529
0 0 -0.165337
0 0 -0.165654
0 0 -0.0290096
0 0 -0.20052
0 0 -0.201933
0 0 -0.151117
0 0 -0.142297
0 0 -0.0502575
0 0 -0.0477162
0 0 -0.060292
0 0 -0.0737138
0 0 -0.0831556
0 0 -0.0842231
0 0 -0.0739441
0 0 -0.0766275
0 0 0.0846272
0 0 0.0794389
0 0 -0.141959
0 0 -0.140044
0 0 0.144875
0 0 0.138022
0 0 -0.0639862
0 0 -0.0599329
0 0 -0.128908
0 0 -0.128577
0 0 -0.103209
0 0 -0.103018
0 0 -0.117905
0 0 -0.118514
0 0 -0.117184
0 0 -0.0935835
0 0 -0.0922802
0 0 -0.144759
0 0 -0.145087
0 0 -0.289623
0 0 0.110822
0 0 0.11105
0 0 0.120679
0 0 -0.354666
0 0 -0.31666
0 0 0.00411129
0 0 -0.0154613
0 0 -0.020448
0 0 -0.0126459
0 0 -0.152247
0 0 -0.152455
0 0 -0.147768
0 0 -0.14841
0 0 -0.147925
0 0 -0.35152
0 0 -0.360627
0 0 -0.354943
0 0 0.0888268
0 0 0.081105
0 0 -0.160345
0 0 -0.059127
0 0 -0.0797643
0 0 -0.07639
0 0 -0.188765
0 0 0.504931
0 0 0.491783
0 0 -0.0302672
0 0 -0.0317746
0 0 -0.0282052
0 0 -0.0626763
0 0 -0.00664818
0 0 0.157615
0 0 -0.141409
0 0 -0.142163
0 0 -0.14186
0 0 -0.140019
0 0 -0.138606
0 0 -0.139729
0 0 -0.0924549
0 0 -0.0881379
0 0 -0.334347
0 0 -0.340737
0 0 -0.0875222
0 0 -0.0840188
0 0 0.149443
0 0 0.136703
0 0 0.138663
0 0 -0.125551
0 0 -0.187888
0 0 -0.189179
0 0 -0.100865
0 0 -0.101223
0 0 -0.120067
0 0 -0.0813481
0 0 -0.0760359
0 0 -0.0807577
0 0 0.0987135
0 0 0.0811219
0 0 -0.517886
0 0 -0.140793
0 0 0.0882355
0 0 -0.136102
0 0 -0.13539
0 0 0.435954
0 0 0.46264
0 0 0.273034
0 0 0.399342
0 0 0.372113
0 0 0.385531
0 0 -0.130343
0 0 -0.128692
0 0 -0.128051
0 0 0.234448
0 0 0.23106
0 0 -0.232175
0 0 -0.119554
0 0 -0.124086
0 0 -0.21001
0 0 -0.205401
0 0 -0.110452
0 0 -0.110327
0 0 -0.0643159
0 0 -0.0626073
0 0 -0.154135
0 0 -0.154784
0 0 -0.183212
0 0 -0.185476
0 0 -0.0640345
0 0 -0.0632859
0 0 -0.0625194
0 0 -0.171302
0 0 -0.169134
0 0 -0.0231141
0 0 -0.146753
0 0 -0.147606
0 0 0.0084438
0 0 0.00193883
0 0 0.00444045
0 0 -0.0783258
0 0 -0.0767821
0 0 -0.0821461
0 0 -0.0980384
0 0 -0.0947923
0 0 -0.103137
0 0 -0.0830842
0 0 -0.0836543
0 0 -0.0949711
0 0 -0.0991515
0 0 0.0363115
0 0 0.0284684
0 0 0.263896
0 0 -0.291143
0 0 -0.301031
0 0 -0.134341
0 0 0.146884
0 0 0.165942
0 0 -0.168667
0 0 -0.0989362
0 0 -0.099672
0 0 -0.11809
0 0 -0.0534188
0 0 -0.053072
0 0 -0.077125
0 0 -0.0779228
0 0 -0.164074
0 0 -0.165
0 0 0.070016
0 0 0.0786622
0 0 0.0786285
0 0 -0.194798
0 0 -0.201791
0 0 -0.147335
0 0 -0.147964
0 0 -0.0750909
0 0 -0.0704208
0 0 -0.191599
0 0 -0.192232
0 0 -0.368541
0 0 -0.375187
0 0 -0.344178
0 0 -0.266384
0 0 -0.107281
0 0 -0.107862
0 0 0.157818
0 0 -0.0838434
0 0 -0.0873587
0 0 -0.0842472
0 0 -0.110021
0 0 -0.106315
0 0 -0.0990998
0 0 -0.0933081
0 0 -0.120777
0 0 -0.119556
0 0 -0.133485
0 0 -0.134151
0 0 -0.0572236
0 0 -0.0543951
0 0 -0.116234
0 0 -0.113127
0 0 0.0387991
0 0 0.0459047
0 0 -0.104876
0 0 -0.0508527
0 0 -0.0467879
0 0 -0.0878515
0 0 0.0832203
0 0 0.0765371
0 0 -0.36787
0 0 -0.361786
0 0 -0.103007
0 0 -0.103577
0 0 0.192479
0 0 -0.130086
0 0 0.303671
0 0 0.29955
0 0 -0.122244
0 0 0.058841
0 0 0.0504043
0 0 0.130697
0 0 0.124145
0 0 0.128263
0 0 0.0205229
0 0 0.0227052
0 0 0.0699546
0 0 0.0787458
0 0 0.0770885
0 0 -0.376072
0 0 0.00944462
0 0 0.00982333
0 0 -0.176097
0 0 -0.1764
0 0 -0.179963
0 0 0.0763664
0 0 0.0832566
0 0 -0.0487234
0 0 -0.13213
0 0 -0.130817
0 0 -0.164002
0 0 -0.161608
0 0 -0.151533
0 0 -0.152708
0 0 -0.141004
0 0 -0.140062
0 0 -0.0883795
0 0 -0.0875349
0 0 -0.000509286
0 0 -0.00553819
0 0 -0.121937
0 0 -0.0651236
0 0 -0.064788
0 0 0.0257804
0 0 0.149559
0 0 -0.16995
0 0 0.0900605
0 0 -0.126637
0 0 -0.143547
0 0 -0.146328
0 0 -0.150594
0 0 0.105967
0 0 0.110805
0 0 0.115897
0 0 -0.262114
0 0 -0.256452
0 0 -0.259644
0 0 -0.175663
0 0 -0.172015
0 0 0.00768611
0 0 0.00421817
0 0 -0.305382
0 0 -0.278399
0 0 -0.12057
0 0 -0.121526
0 0 -0.126172
0 0 -0.126155
0 0 -0.125213
0 0 -0.1432
0 0 -0.107628
0 0 -0.107901
0 0 -0.199308
0 0 -0.144147
0 0 -0.144356
0 0 -0.0836509
0 0 -0.0889572
0 0 -0.0692533
0 0 -0.216291
0 0 -0.214083
0 0 -0.168859
0 0 -0.159368
0 0 -0.160846
0 0 0.122704
0 0 -0.147845
0 0 -0.148323
0 0 -0.137835
0 0 -0.137267
0 0 -0.137289
0 0 -0.266107
0 0 -0.26268
0 0 -0.140046
0 0 0.247862
0 0 0.239508
0 0 0.251198
0 0 -0.144784
0 0 -0.144644
0 0 0.0214353
0 0 -0.0036552
0 0 0.0171131
0 0 0.0189915
0 0 -0.239936
0 0 -0.234105
0 0 -0.171893
0 0 -0.0469006
0 0 -0.0523653
0 0 -0.0502868
0 0 -0.0741903
0 0 -0.0756185
0 0 -0.0749385
0 0 -0.146105
0 0 0.288058
0 0 0.30053
0 0 -0.0505301
0 0 0.27049
0 0 0.258115
0 0 -0.026402
0 0 -0.0249649
0 0 0.371941
0 0 0.399946
0 0 0.249891
0 0 0.250017
0 0 -0.00633586
0 0 -0.0106343
0 0 -0.168953
0 0 -0.107343
0 0 -0.0788949
0 0 -0.0860011
0 0 -0.121995
0 0 -0.0567893
0 0 -0.0606216
0 0 -0.145843
0 0 -0.0848358
0 0 -0.0779192
0 0 0.225664
0 0 0.226408
0 0 0.0632365
0 0 -0.121156
0 0 -0.120147
0 0 -0.12138
0 0 -0.0788403
0 0 -0.0803261
0 0 0.145771
0 0 0.136179
0 0 0.0583589
0 0 0.0628347
0 0 -0.00053283
0 0 -0.000998275
0 0 -0.1886
0 0 -0.184726
0 0 -0.184451
0 0 -0.132115
0 0 -0.130788
0 0 -0.129265
0 0 0.216933
0 0 0.22374
0 0 -0.14245
0 0 -0.305021
0 0 -0.106383
0 0 -0.106771
0 0 -0.110491
0 0 -0.0879217
0 0 -0.0696254
0 0 -0.0687757
0 0 -0.124946
0 0 -0.122581
0 0 -0.125303
0 0 -0.124984
0 0 -0.123485
0 0 -0.0886397
0 0 -0.0926356
0 0 -0.151902
0 0 -0.151471
0 0 0.0860194
0 0 -0.120407
0 0 0.209438
0 0 -0.173611
0 0 -0.174367
0 0 -0.169813
0 0 -0.128179
0 0 -0.127057
0 0 -0.0296408
0 0 0.167384
0 0 0.153174
0 0 0.152549
0 0 -0.137863
0 0 -0.0984372
0 0 -0.0900117
0 0 0.128047
0 0 0.135963
0 0 -0.153035
0 0 -0.139317
0 0 0.10063
0 0 0.0944334
0 0 -0.141978
0 0 -0.141896
0 0 -0.125937
0 0 -0.127125
0 0 0.133086
0 0 0.142717
0 0 -0.176695
0 0 -0.176162
0 0 -0.294369
0 0 -0.299399
0 0 -0.300136
0 0 -0.148999
0 0 -0.141054
0 0 -0.141249
0 0 -0.358218
0 0 -0.349171
0 0 0.0181137
0 0 0.0140996
0 0 -0.135698
0 0 -0.136156
0 0 -0.0739673
0 0 -0.0716026
0 0 -0.13729
0 0 -0.233712
0 0 -0.0722557
0 0 -0.0761907
0 0 0.00350358
0 0 0.194049
0 0 -0.0262261
0 0 -0.0167521
0 0 -0.146798
0 0 -0.146959
0 0 -0.0324243
0 0 -0.0903561
0 0 -0.0869612
0 0 -0.166142
0 0 -0.165621
0 0 -0.148185
0 0 -0.147516
0 0 0.0366705
0 0 0.04673
0 0 0.0402801
0 0 -0.149733
0 0 -0.149213
0 0 0.157461
0 0 -0.150263
0 0 -0.182935
0 0 -0.190547
0 0 -0.235803
0 0 0.0145852
0 0 0.00998776
0 0 0.0181381
0 0 -0.226924
0 0 -0.218185
0 0 -0.216375
0 0 -0.0854337
0 0 -0.321089
0 0 -0.314472
0 0 -0.0983431
0 0 0.0463597
0 0 0.0517261
0 0 -0.176037
0 0 -0.176606
0 0 0.111812
0 0 0.104097
0 0 0.439689
0 0 0.413294
0 0 -0.00838757
0 0 -0.00349938
0 0 0.104338
0 0 -0.123814
0 0 -0.21322
0 0 -0.0933769
0 0 -0.10264
0 0 -0.123706
0 0 -0.0991717
0 0 -0.101058
0 0 -0.14283
0 0 -0.142831
0 0 -0.142755
0 0 0.0274905
0 0 0.0336301
0 0 -0.149404
0 0 -0.146807
0 0 -0.145099
0 0 0.27539
0 0 -0.11301
0 0 -0.112183
0 0 -0.526985
0 0 -0.522993
0 0 -0.0972528
0 0 -0.0943132
0 0 -0.0916185
0 0 -0.148163
0 0 -0.126676
0 0 -0.128231
0 0 -0.0544288
0 0 -0.163493
0 0 -0.16227
0 0 0.351962
0 0 0.344821
0 0 0.365862
0 0 0.309803
0 0 -0.0446167
0 0 -0.156467
0 0 -0.154749
0 0 -0.177833
0 0 -0.175048
0 0 0.152634
0 0 -0.134688
0 0 -0.117522
0 0 -0.118291
0 0 -0.0123325
0 0 -0.147412
0 0 -0.147582
0 0 -0.108264
0 0 0.131764
0 0 0.124979
0 0 0.115787
0 0 -0.0565299
0 0 -0.0604155
0 0 -0.115427
0 0 -0.114511
0 0 -0.160955
0 0 -0.135662
0 0 -0.134941
0 0 -0.135783
0 0 -0.125389
0 0 -0.148604
0 0 -0.143878
0 0 -0.0582095
0 0 -0.0542174
0 0 -0.101313
0 0 -0.043367
0 0 -0.036695
0 0 -0.0485739
0 0 -0.0540737
0 0 0.11921
0 0 -0.0933431
0 0 -0.0162855
0 0 -0.0203527
0 0 -0.181035
0 0 -0.0741169
0 0 -0.124298
0 0 -0.124646
0 0 -0.0653934
0 0 -0.155987
0 0 -0.226986
0 0 -0.224646
0 0 -0.148735
0 0 -0.14937
0 0 -0.0887739
0 0 -0.0833066
0 0 -0.129353
0 0 -0.129503
0 0 -0.0312013
0 0 -0.0272402
0 0 -0.11834
0 0 -0.119383
0 0 -0.0574942
0 0 -0.129264
0 0 -0.136314
0 0 -0.136191
0 0 -0.187194
0 0 -0.172396
0 0 -0.223093
0 0 -0.106332
0 0 -0.105193
0 0 -0.126732
0 0 -0.127726
0 0 -0.112407
0 0 -0.113302
0 0 -0.490272
0 0 -0.486627
0 0 -0.13343
0 0 -0.132789
0 0 -0.12229
0 0 0.0585685
0 0 -0.104495
0 0 -0.115694
0 0 -0.115714
0 0 -0.115088
0 0 -0.131451
0 0 -0.139678
0 0 -0.126926
0 0 -0.127433
0 0 -0.11882
0 0 -0.119027
0 0 -0.118121
0 0 -0.0166485
0 0 -0.0108865
0 0 -0.083556
0 0 -0.0807404
0 0 0.202588
0 0 -0.144214
0 0 -0.143847
0 0 0.0106136
0 0 -0.0982184
0 0 -0.0991664
0 0 0.0245075
0 0 0.023161
0 0 0.0190714
0 0 -0.0321841
0 0 -0.0344691
0 0 0.077839
0 0 -0.260677
0 0 -0.2685
0 0 -0.251619
0 0 -0.156496
0 0 -0.148683
0 0 -0.0922978
0 0 0.231448
0 0 -0.144978
0 0 -0.145426
0 0 -0.129714
0 0 -0.130288
0 0 -0.0438761
0 0 -0.137024
0 0 -0.136737
0 0 -0.140431
0 0 -0.141215
0 0 0.450879
0 0 -0.14142
0 0 -0.0728339
0 0 -0.142707
0 0 -0.142804
0 0 -0.147641
0 0 -0.147323
0 0 -0.101545
0 0 -0.100795
0 0 -0.135154
0 0 -0.137341
0 0 0.371342
0 0 0.399121
0 0 -0.0892937
0 0 -0.0885827
0 0 -0.206987
0 0 -0.202217
0 0 0.14126
0 0 -0.220689
0 0 -0.0990996
0 0 -0.101928
0 0 -0.132479
0 0 -0.104982
0 0 -0.12078
0 0 -0.138266
0 0 -0.118948
0 0 -0.111764
0 0 -0.0345026
0 0 0.0593959
0 0 0.138598
0 0 0.125513
0 0 -0.0694325
0 0 -0.112838
0 0 -0.324426
0 0 -0.314977
0 0 -0.167462
0 0 -0.167014
0 0 -0.249332
0 0 -0.0982257
0 0 -0.103624
0 0 -0.100639
0 0 -0.0975767
0 0 -0.0804286
0 0 -0.0818416
0 0 0.164903
0 0 0.151062
0 0 0.0946937
0 0 0.100218
0 0 -0.105945
0 0 -0.166051
0 0 -0.130621
0 0 -0.129331
0 0 -0.149197
0 0 0.159421
0 0 0.173187
0 0 -0.130423
0 0 -0.126799
0 0 -0.280807
0 0 -0.281368
0 0 -0.14189
0 0 -0.141405
0 0 -0.0683375
0 0 -0.0645605
0 0 -0.159386
0 0 -0.077422
0 0 -0.140233
0 0 -0.140964
0 0 -0.0981269
0 0 0.100519
0 0 0.100239
0 0 -0.0420194
0 0 -0.0388829
0 0 0.119852
0 0 0.120675
0 0 0.115676
0 0 0.126046
0 0 0.030929
0 0 -0.0751902
0 0 -0.0740078
0 0 -0.0928659
0 0 -0.136687
0 0 -0.140725
0 0 -0.139803
0 0 -0.0348877
0 0 0.135284
0 0 0.145262
0 0 -0.0195074
0 0 -0.0123688
0 0 -0.127014
0 0 -0.128356
0 0 -0.127409
0 0 -0.1432
0 0 -0.142717
0 0 0.0140115
0 0 0.0205344
0 0 -0.144577
0 0 -0.0890041
0 0 0.0905756
0 0 0.0954417
0 0 0.0886281
0 0 -0.308328
0 0 -0.300626
0 0 -0.0686634
0 0 -0.0637633
0 0 -0.126086
0 0 -0.126959
0 0 -0.124493
0 0 -0.151319
0 0 -0.153392
0 0 -0.151441
0 0 -0.150929
0 0 -0.132441
0 0 -0.0887592
0 0 -0.128614
0 0 -0.146872
0 0 -0.146752
0 0 -0.135037
0 0 -0.133415
0 0 0.0880175
0 0 -0.0767991
0 0 -0.076269
0 0 -0.492888
0 0 -0.217203
0 0 -0.227579
0 0 -0.130384
0 0 -0.118864
0 0 -0.13718
0 0 -0.164216
0 0 0.178627
0 0 -0.0362596
0 0 -0.118373
0 0 -0.084376
0 0 -0.522815
0 0 -0.149159
0 0 0.165478
0 0 0.484014
0 0 -0.132983
0 0 0.333155
0 0 -0.399586
0 0 -0.0837671
0 0 0.0420011
0 0 0.049445
0 0 -0.146136
0 0 -0.143998
0 0 -0.14193
0 0 -0.201572
0 0 -0.0666221
0 0 -0.0221862
0 0 -0.0230206
0 0 -0.0182565
0 0 -0.0716839
0 0 0.295075
0 0 0.275605
0 0 -0.0207573
0 0 0.126367
0 0 0.123455
0 0 0.135849
0 0 -0.0902106
0 0 -0.091553
0 0 0.147025
0 0 -0.14297
0 0 -0.142959
0 0 -0.142838
0 0 0.116397
0 0 0.1281
0 0 -0.142828
0 0 -0.142534
0 0 -0.142626
0 0 -0.0137844
0 0 -0.0200064
0 0 -0.013621
0 0 -0.14261
0 0 -0.0892056
0 0 -0.125835
0 0 -0.467188
0 0 -0.48025
0 0 -0.126287
0 0 -0.127916
0 0 -0.181805
0 0 -0.179271
0 0 -0.125027
0 0 -0.0678856
0 0 0.383165
0 0 0.358865
0 0 -0.172866
0 0 -0.10264
0 0 -0.104192
0 0 -0.0845871
0 0 -0.0642038
0 0 -0.141811
0 0 -0.141328
0 0 -0.104966
0 0 -0.0945613
0 0 -0.0865681
0 0 -0.086878
0 0 -0.177067
0 0 -0.14128
0 0 -0.134476
0 0 0.0553668
0 0 0.0639915
0 0 0.0613937
0 0 0.00626246
0 0 -0.00589106
0 0 0.0119658
0 0 -0.143057
0 0 -0.0165994
0 0 -0.0272471
0 0 -0.215726
0 0 -0.21252
0 0 -0.133325
0 0 0.259874
0 0 0.249954
0 0 0.00418782
0 0 0.0732306
0 0 0.0563591
0 0 -0.162686
0 0 -0.163183
0 0 -0.165786
0 0 0.255363
0 0 0.256488
0 0 -0.0480793
0 0 -0.0499695
0 0 -0.147213
0 0 -0.0365301
0 0 -0.0401975
0 0 -0.195358
0 0 -0.188781
0 0 -0.142651
0 0 0.0738996
0 0 0.0726442
0 0 0.0681237
0 0 -0.0587044
0 0 -0.0577164
0 0 -0.0570441
0 0 0.0700031
0 0 0.0776652
0 0 -0.311834
0 0 -0.101124
0 0 -0.0973707
0 0 -0.13362
0 0 -0.134145
0 0 -0.133395
0 0 -0.161426
0 0 -0.209343
0 0 -0.150432
0 0 -0.150629
0 0 -0.168635
0 0 -0.170266
0 0 -0.0871034
0 0 -0.0939197
0 0 -0.0899738
0 0 -0.0901922
0 0 0.127111
0 0 -0.0908065
0 0 -0.163701
0 0 -0.160262
0 0 -0.237843
0 0 -0.248118
0 0 -0.122146
0 0 -0.12247
0 0 -0.111747
0 0 -0.146056
0 0 -0.141279
0 0 0.232844
0 0 -0.180397
0 0 -0.0789346
0 0 -0.136361
0 0 -0.173845
0 0 -0.131744
0 0 -0.131811
0 0 -0.0602325
0 0 -0.0604796
0 0 -0.154224
0 0 -0.155221
0 0 -0.141986
0 0 -0.142266
0 0 -0.135098
0 0 -0.134107
0 0 -0.0904299
0 0 -0.239082
0 0 -0.045601
0 0 -0.254697
0 0 0.0659116
0 0 0.076008
0 0 -0.145374
0 0 0.334277
0 0 -0.0788649
0 0 -0.0789401
0 0 0.123217
0 0 0.113314
0 0 0.117078
0 0 -0.105005
0 0 -0.134899
0 0 -0.109151
0 0 -0.448072
0 0 0.221103
0 0 -0.146218
0 0 -0.0143714
0 0 -0.0070763
0 0 -0.0107622
0 0 0.215746
0 0 0.225991
0 0 -0.111234
0 0 -0.111431
0 0 0.0487866
0 0 0.0499386
0 0 0.173344
0 0 -0.0430336
0 0 0.127129
0 0 0.124906
0 0 -0.124804
0 0 -0.124369
0 0 -0.11438
0 0 -0.114325
0 0 -0.028969
0 0 -0.0359111
0 0 0.215132
0 0 0.249888
0 0 0.101877
0 0 -0.118129
0 0 -0.127153
0 0 -0.132112
0 0 -0.165151
0 0 -0.166346
0 0 -0.167606
0 0 -0.12629
0 0 -0.125934
0 0 -0.0609757
0 0 -0.0918931
0 0 -0.170741
0 0 0.0626984
0 0 0.053955
0 0 0.134676
0 0 0.117236
0 0 -0.0749921
0 0 -0.0789239
0 0 -0.164643
0 0 0.055376
0 0 0.19724
0 0 -0.0553895
0 0 -0.0560759
0 0 -0.16355
0 0 -0.152291
0 0 -0.15185
0 0 -0.288899
0 0 -0.0433126
0 0 -0.0451141
0 0 -0.116538
0 0 -0.117463
0 0 -0.0663356
0 0 -0.0677274
0 0 -0.131568
0 0 -0.129886
0 0 -0.118594
0 0 -0.247705
0 0 -0.239249
0 0 0.069858
0 0 -0.0734177
0 0 0.040016
0 0 -0.117259
0 0 0.186085
0 0 -0.142746
0 0 -0.12553
0 0 -0.129152
0 0 -0.0995691
0 0 -0.102554
0 0 -0.134734
0 0 -0.152508
0 0 -0.152399
0 0 -0.0858197
0 0 -0.130629
0 0 -0.129911
0 0 -0.03481
0 0 -0.0404374
0 0 -0.163943
0 0 -0.140529
0 0 -0.140588
0 0 0.0461683
0 0 0.0374513
0 0 0.211297
0 0 0.228119
0 0 0.132004
0 0 0.129219
0 0 -0.0766924
0 0 -0.0770241
0 0 -0.163998
0 0 -0.151166
0 0 -0.142827
0 0 -0.0759042
0 0 -0.094888
0 0 -0.0926824
0 0 -0.0750946
0 0 -0.133334
0 0 -0.11202
0 0 0.097546
0 0 0.118887
0 0 0.111474
0 0 0.108904
0 0 -0.142411
0 0 -0.14223
0 0 -0.165599
0 0 -0.040737
0 0 -0.0476295
0 0 -0.357051
0 0 -0.119096
0 0 -0.118771
0 0 -0.244807
0 0 -0.248961
0 0 -0.249977
0 0 0.230738
0 0 0.224374
0 0 -0.126133
0 0 -0.0568684
0 0 -0.0632089
0 0 -0.0443452
0 0 -0.103348
0 0 -0.0986692
0 0 -0.0138862
0 0 -0.0154573
0 0 -0.145958
0 0 -0.157072
0 0 0.144928
0 0 0.141541
0 0 0.151474
0 0 0.00231012
0 0 0.00343714
0 0 0.0203064
0 0 0.0692902
0 0 0.0620902
0 0 -0.134453
0 0 -0.13548
0 0 0.271181
0 0 -0.121858
0 0 -0.120505
0 0 -0.119633
0 0 -0.15337
0 0 0.0867413
0 0 0.0834546
0 0 -0.14277
0 0 -0.143088
0 0 -0.0517368
0 0 -0.124623
0 0 -0.136733
0 0 -0.1316
0 0 -0.123782
0 0 -0.122606
0 0 0.280861
0 0 -0.126626
0 0 -0.125643
0 0 -0.125215
0 0 -0.119776
0 0 -0.125173
0 0 -0.118339
0 0 -0.117937
0 0 -0.119212
0 0 -0.136267
0 0 -0.140081
0 0 -0.145443
0 0 -0.137219
0 0 -0.135507
0 0 -0.0285292
0 0 -0.11937
0 0 -0.104813
0 0 -0.0937391
0 0 -0.0940203
0 0 0.11438
0 0 -0.15554
0 0 -0.156243
0 0 -0.0900199
0 0 -0.0015357
0 0 0.00421224
0 0 -0.00828831
0 0 -0.0972785
0 0 -0.098183
0 0 -0.12759
0 0 -0.15038
0 0 -0.121105
0 0 -0.12044
0 0 -0.070023
0 0 -0.0685243
0 0 -0.123479
0 0 -0.0316778
0 0 -0.0664609
0 0 -0.0821155
0 0 -0.0774274
0 0 -0.137087
0 0 -0.12632
0 0 0.175585
0 0 0.163812
0 0 -0.0672728
0 0 0.117396
0 0 -0.5082
0 0 -0.137319
0 0 -0.135793
0 0 0.200935
0 0 -0.221225
0 0 -0.137445
0 0 0.0154688
0 0 0.0142566
0 0 -0.256393
0 0 -0.228118
0 0 -0.164544
0 0 -0.163596
0 0 -0.0527486
0 0 -0.0420606
0 0 -0.125706
0 0 0.336816
0 0 0.14383
0 0 -0.017906
0 0 -0.141475
0 0 -0.145016
0 0 -0.025033
0 0 0.0607607
0 0 -0.34161
0 0 -0.332811
0 0 -0.336736
0 0 -0.132708
0 0 -0.133144
0 0 -0.125311
0 0 0.0467497
0 0 -0.307845
0 0 -0.113747
0 0 -0.115048
0 0 -0.148841
0 0 0.0864645
0 0 0.0846803
0 0 -0.152857
0 0 0.394867
0 0 -0.164369
0 0 -0.107689
0 0 -0.109838
0 0 -0.142379
0 0 -0.142074
0 0 -0.129185
0 0 -0.151002
0 0 -0.149409
0 0 -0.137717
0 0 0.0468243
0 0 -0.137611
0 0 -0.0828803
0 0 -0.144415
0 0 -0.144548
0 0 -0.142721
0 0 -0.146544
0 0 -0.189862
0 0 -0.187652
0 0 -0.192027
0 0 -0.143387
0 0 -0.147628
0 0 -0.110566
0 0 -0.110238
0 0 -0.150222
0 0 -0.148232
0 0 0.104533
0 0 0.0996866
0 0 -0.0742628
0 0 -0.0749661
0 0 -0.0774531
0 0 -0.0650697
0 0 -0.0655762
0 0 -0.0957244
0 0 -0.0964746
0 0 0.0108948
0 0 -0.343291
0 0 -0.348568
0 0 -0.143155
0 0 -0.143139
0 0 0.226264
0 0 0.208452
0 0 -0.120338
0 0 0.0925901
0 0 -0.0617871
0 0 0.119533
0 0 -0.153571
0 0 -0.0146549
0 0 -0.115609
0 0 0.433194
0 0 0.420646
0 0 0.0187368
0 0 0.0160853
0 0 -0.124338
0 0 -0.106036
0 0 -0.105587
0 0 -0.108519
0 0 -0.270973
0 0 -0.144452
0 0 -0.143954
0 0 -0.0943831
0 0 -0.12062
0 0 -0.116728
0 0 -0.120028
0 0 -0.142362
0 0 -0.142339
0 0 0.0974565
0 0 0.0357547
0 0 0.179932
0 0 0.193514
0 0 0.180159
0 0 -0.151074
0 0 -0.136132
0 0 -0.162013
0 0 -0.162565
0 0 0.154066
0 0 -0.162007
0 0 0.0740669
0 0 0.0851565
0 0 -0.140404
0 0 -0.0989732
0 0 -0.324151
0 0 -0.127144
0 0 -0.121652
0 0 -0.0765971
0 0 -0.120921
0 0 -0.121131
0 0 -0.100077
0 0 -0.100468
0 0 -0.180184
0 0 -0.183011
0 0 -0.0700687
0 0 -0.139534
0 0 -0.139534
0 0 -0.024547
0 0 -0.0656171
0 0 -0.0988605
0 0 -0.0462354
0 0 -0.051848
0 0 -0.162399
0 0 -0.164244
0 0 0.0335524
0 0 -0.162269
0 0 -0.163246
0 0 -0.0715376
0 0 -0.141634
0 0 -0.0610247
0 0 -0.00449858
0 0 -0.00895998
0 0 -0.327672
0 0 -0.329293
0 0 0.479186
0 0 0.307804
0 0 0.293664
0 0 0.0905062
0 0 0.0881685
0 0 -0.132324
0 0 0.0848697
0 0 -0.164129
0 0 -0.115799
0 0 -0.1178
0 0 0.213258
0 0 0.105683
0 0 0.0957044
0 0 -0.0081047
0 0 0.05609
0 0 0.050517
0 0 0.00178507
0 0 0.102205
0 0 -0.0728888
0 0 -0.0721684
0 0 0.0115253
0 0 0.0104115
0 0 -0.107071
0 0 -0.102151
0 0 0.229048
0 0 -0.103919
0 0 -0.0237867
0 0 -0.00862051
0 0 -0.215843
0 0 -0.101904
0 0 0.0369655
0 0 -0.147542
0 0 -0.141908
0 0 0.114047
0 0 -0.0359594
0 0 -0.117694
0 0 -0.117791
0 0 -0.0623496
0 0 -0.142388
0 0 0.147132
0 0 0.153734
0 0 0.14221
0 0 -0.326838
0 0 -0.124241
0 0 -0.1614
0 0 -0.123608
0 0 -0.12474
0 0 -0.137264
0 0 -0.134691
0 0 -0.134849
0 0 0.0393126
0 0 0.0994414
0 0 0.105184
0 0 0.0955244
0 0 -0.116932
0 0 0.146353
0 0 -0.0555754
0 0 -0.0571115
0 0 -0.0205401
0 0 -0.143143
0 0 -0.137054
0 0 -0.132314
0 0 0.207717
0 0 0.201219
0 0 -0.119098
0 0 -0.090886
0 0 -0.0948294
0 0 -0.143548
0 0 -0.151764
0 0 -0.152293
0 0 -0.1203
0 0 -0.152667
0 0 -0.0823032
0 0 -0.0812421
0 0 -0.142537
0 0 -0.143633
0 0 0.120633
0 0 -0.18564
0 0 -0.19703
0 0 -0.0955212
0 0 -0.0783761
0 0 -0.170642
0 0 -0.077117
0 0 -0.139703
0 0 -0.139159
0 0 -0.121623
0 0 -0.120843
0 0 -0.143467
0 0 -0.143312
0 0 -0.142507
0 0 0.173909
0 0 0.145892
0 0 -0.424552
0 0 -0.475728
0 0 0.089893
0 0 -0.125182
0 0 -0.161326
0 0 -0.121223
0 0 -0.138058
0 0 -0.174917
0 0 0.158701
0 0 -0.142982
0 0 -0.143221
0 0 -0.155262
0 0 -0.129655
0 0 -0.132078
0 0 0.288264
0 0 0.098075
0 0 0.103742
0 0 0.00255577
0 0 0.000352772
0 0 0.0129533
0 0 -0.106028
0 0 0.135846
0 0 -0.141995
0 0 -0.154396
0 0 -0.128436
0 0 -0.129007
0 0 -0.152461
0 0 -0.163634
0 0 -0.207981
0 0 -0.0945077
0 0 -0.0954032
0 0 -0.00114737
0 0 -0.120653
0 0 0.108786
0 0 -0.147178
0 0 -0.129302
0 0 -0.128984
0 0 0.096463
0 0 -0.117942
0 0 -0.0873675
0 0 -0.088183
0 0 -0.118188
0 0 -0.146859
0 0 -0.142544
0 0 -0.129493
0 0 -0.240021
0 0 -0.0863143
0 0 -0.0750783
0 0 -0.135011
0 0 -0.118253
0 0 -0.0733393
0 0 -0.0738208
0 0 -0.137134
0 0 -0.137965
0 0 -0.136367
0 0 0.0961972
0 0 -0.196928
0 0 -0.238542
0 0 -0.104095
0 0 -0.102445
0 0 -0.103362
0 0 -0.106326
0 0 -0.132536
0 0 -0.215083
0 0 -0.110023
0 0 -0.141948
0 0 0.0327523
0 0 -0.135955
0 0 -0.121142
0 0 -0.129888
0 0 -0.131726
0 0 -0.145191
0 0 -0.157017
0 0 -0.144863
0 0 -0.149311
0 0 0.0766462
0 0 -0.381877
0 0 -0.390831
0 0 -0.0522127
0 0 -0.0540851
0 0 -0.102711
0 0 0.0992242
0 0 0.100688
0 0 -0.0759083
0 0 -0.0768817
0 0 0.0449434
0 0 0.0288713
0 0 0.0228116
0 0 -0.14364
0 0 -0.0473892
0 0 -0.0397358
0 0 -0.0192954
0 0 -0.348972
0 0 -0.0790527
0 0 -0.245479
0 0 -0.261285
0 0 -0.12247
0 0 -0.0609523
0 0 -0.133821
0 0 -0.134913
0 0 -0.00335528
0 0 -0.131912
0 0 -0.02734
0 0 -0.0278661
0 0 0.14339
0 0 -0.133719
0 0 -0.137985
0 0 -0.0716901
0 0 -0.0995332
0 0 -0.0850387
0 0 -0.00418987
0 0 -0.000498496
0 0 -0.114086
0 0 -0.151239
0 0 -0.132174
0 0 -0.132524
0 0 -0.133055
0 0 -0.0890163
0 0 -0.125479
0 0 -0.126586
0 0 -0.137735
0 0 -0.13654
0 0 -0.139247
0 0 -0.139466
0 0 0.106357
0 0 0.110642
0 0 0.113912
0 0 0.126963
0 0 -0.131328
0 0 0.243938
0 0 0.216122
0 0 -0.278249
0 0 -0.122431
0 0 -0.123365
0 0 -0.173751
0 0 -0.174181
0 0 -0.146645
0 0 -0.0780199
0 0 -0.0692431
0 0 -0.0327315
0 0 -0.364025
0 0 -0.371592
0 0 0.142939
0 0 0.137091
0 0 -0.0855259
0 0 -0.0837053
0 0 -0.084297
0 0 -0.0531933
0 0 -0.106472
0 0 -0.111808
0 0 -0.141396
0 0 -0.290309
0 0 -0.283236
0 0 -0.01738
0 0 -0.0312372
0 0 -0.0672715
0 0 0.231787
0 0 0.012524
0 0 -0.192179
0 0 -0.138437
0 0 -0.115792
0 0 -0.0855065
0 0 0.0934174
0 0 0.0941079
0 0 -0.148787
0 0 -0.217379
0 0 -0.274441
0 0 -0.27931
0 0 -0.133604
0 0 -0.05165
0 0 -0.0506601
0 0 -0.141765
0 0 -0.301344
0 0 -0.0586162
0 0 -0.0231282
0 0 -0.0279109
0 0 -0.105702
0 0 -0.104544
0 0 -0.107578
0 0 -0.0882653
0 0 -0.130901
0 0 -0.0401308
0 0 -0.0547332
0 0 -0.0982394
0 0 -0.094938
0 0 -0.10465
0 0 0.103906
0 0 0.131185
0 0 0.126759
0 0 -0.129284
0 0 -0.126238
0 0 0.0349437
0 0 -0.0551278
0 0 -0.122985
0 0 -0.123705
0 0 -0.357036
0 0 0.0557068
0 0 0.053852
0 0 0.188217
0 0 -0.106726
0 0 -0.107941
0 0 -0.109346
0 0 0.166991
0 0 0.144479
0 0 -0.0310694
0 0 -0.13471
0 0 -0.133366
0 0 -0.134884
0 0 -0.102465
0 0 -0.0949831
0 0 -0.112245
0 0 -0.139457
0 0 -0.1378
0 0 -0.139899
0 0 -0.0770633
0 0 -0.0739931
0 0 -0.076058
0 0 -0.108758
0 0 -0.162151
0 0 0.125101
0 0 0.1269
0 0 -0.0897269
0 0 -0.0716155
0 0 0.186982
0 0 -0.00891794
0 0 -0.140101
0 0 -0.139206
0 0 -0.11835
0 0 -0.112784
0 0 -0.113585
0 0 -0.112577
0 0 -0.0779531
0 0 -0.104697
0 0 -0.0714219
0 0 -0.455963
0 0 0.00760189
0 0 0.00314191
0 0 -0.0750069
0 0 -0.23561
0 0 -0.239907
0 0 -0.152882
0 0 0.130961
0 0 -0.1055
0 0 -0.137137
0 0 -0.137162
0 0 -0.156624
0 0 -0.157219
0 0 -0.0115355
0 0 -0.00875739
0 0 -0.150861
0 0 -0.15273
0 0 -0.155823
0 0 -0.158918
0 0 -0.162461
0 0 -0.421414
0 0 -0.447405
0 0 0.00366546
0 0 0.0869695
0 0 0.0876073
0 0 -0.106792
0 0 -0.104079
0 0 -0.131444
0 0 -0.0864795
0 0 -0.469035
0 0 -0.0811222
0 0 -0.0951267
0 0 -0.142457
0 0 -0.223989
0 0 -0.151762
0 0 -0.0599808
0 0 -0.159813
0 0 -0.103121
0 0 -0.187117
0 0 -0.18496
0 0 0.0074199
0 0 -0.1335
0 0 -0.0818972
0 0 -0.161781
0 0 -0.0909627
0 0 -0.138935
0 0 -0.1385
0 0 -0.13821
0 0 0.00864685
0 0 0.00620515
0 0 -0.0839845
0 0 0.261028
0 0 -0.129364
0 0 -0.125282
0 0 -0.124057
0 0 -0.292629
0 0 -0.156364
0 0 -0.152334
0 0 -0.139273
0 0 0.227916
0 0 0.117837
0 0 0.110016
0 0 0.0320957
0 0 0.0352158
0 0 -0.101907
0 0 0.106694
0 0 -0.146322
0 0 -0.128258
0 0 -0.138077
0 0 -0.0952102
0 0 -0.138147
0 0 0.00336642
0 0 -0.0201512
0 0 -0.0527459
0 0 0.0274229
0 0 -0.107031
0 0 -0.104283
0 0 -0.128644
0 0 -0.12966
0 0 -0.239826
0 0 -0.12997
0 0 -0.130542
0 0 0.138492
0 0 0.150275
0 0 -0.13965
0 0 -0.0207479
0 0 -0.0137798
0 0 -0.0185964
0 0 -0.110298
0 0 0.0484105
0 0 -0.13448
0 0 -0.135702
0 0 0.331335
0 0 0.332814
0 0 0.320907
0 0 0.0454888
0 0 -0.129624
0 0 -0.0891496
0 0 -0.0898845
0 0 0.0906578
0 0 -0.0328991
0 0 -0.0484452
0 0 -0.123035
0 0 -0.0285303
0 0 0.0769927
0 0 0.104737
0 0 0.112603
0 0 -0.142565
0 0 -0.142567
0 0 -0.103074
0 0 -0.0532842
0 0 -0.0544601
0 0 -0.0107237
0 0 -0.00685003
0 0 -0.123198
0 0 -0.124905
0 0 -0.135769
0 0 -0.137331
0 0 -0.137218
0 0 -0.086358
0 0 -0.0850338
0 0 -0.0999555
0 0 -0.120615
0 0 -0.121505
0 0 -0.136719
0 0 -0.137961
0 0 -0.137578
0 0 -0.204563
0 0 0.243253
0 0 -0.114621
0 0 -0.142373
0 0 -0.141867
0 0 0.0744373
0 0 0.0938764
0 0 -0.407368
0 0 -0.371208
0 0 -0.141093
0 0 -0.138982
0 0 0.11451
0 0 0.12047
0 0 -0.251118
0 0 -0.135051
0 0 -0.193364
0 0 -0.123155
0 0 -0.123003
0 0 -0.128447
0 0 -0.193149
0 0 0.146024
0 0 0.138082
0 0 -0.264496
0 0 -0.269883
0 0 -0.151893
0 0 0.058287
0 0 0.0851792
0 0 -0.116622
0 0 -0.152615
0 0 -0.374538
0 0 -0.0569724
0 0 -0.0183873
0 0 -0.113925
0 0 -0.114407
0 0 -0.100184
0 0 -0.101869
0 0 -0.000251833
0 0 -0.00868105
0 0 0.0294276
0 0 -0.0138354
0 0 -0.00262129
0 0 -0.015905
0 0 -0.0248383
0 0 -0.0813385
0 0 -0.115849
0 0 -0.100852
0 0 0.115224
0 0 0.00633885
0 0 0.0546884
0 0 0.0485404
0 0 -0.0868022
0 0 -0.077286
0 0 0.0128955
0 0 -0.0971956
0 0 -0.0724717
0 0 -0.0726461
0 0 0.159231
0 0 0.171503
0 0 0.0931094
0 0 -0.1376
0 0 -0.134518
0 0 0.0797333
0 0 -0.117132
0 0 -0.107644
0 0 -0.114215
0 0 -0.0641672
0 0 -0.105924
0 0 -0.0825309
0 0 -0.0809195
0 0 0.124714
0 0 -0.120547
0 0 -0.128044
0 0 -0.0798134
0 0 -0.138916
0 0 -0.0512628
0 0 -0.0255998
0 0 0.0977353
0 0 0.122084
0 0 -0.055731
0 0 -0.109607
0 0 -0.0587573
0 0 0.123463
0 0 -0.123796
0 0 -0.124028
0 0 -0.122408
0 0 -0.0119679
0 0 -0.00808286
0 0 0.124768
0 0 -0.160057
0 0 -0.137861
0 0 -0.360216
0 0 -0.346765
0 0 -0.141945
0 0 -0.11032
0 0 -0.111473
0 0 -0.16639
0 0 -0.170565
0 0 -0.121851
0 0 -0.12246
0 0 0.0117122
0 0 -0.0431711
0 0 -0.129448
0 0 0.0153832
0 0 -0.05311
0 0 -0.0630818
0 0 -0.131932
0 0 0.112074
0 0 -0.136888
0 0 -0.139239
0 0 -0.124048
0 0 -0.0565363
0 0 -0.0571593
0 0 -0.13749
0 0 0.027739
0 0 -0.118156
0 0 0.0200576
0 0 0.0722431
0 0 -0.112843
0 0 -0.113502
0 0 -0.114495
0 0 -0.115358
0 0 -0.133874
0 0 -0.116162
0 0 -0.0902293
0 0 -0.0181286
0 0 -0.0249527
0 0 -0.0958966
0 0 -0.044757
0 0 -0.00089567
0 0 -0.00144657
0 0 -0.113532
0 0 -0.28431
0 0 -0.290397
0 0 0.362909
0 0 0.354166
0 0 0.406056
0 0 0.403756
0 0 0.385359
0 0 -0.0645738
0 0 -0.114132
0 0 -0.0381875
0 0 -0.147
0 0 -0.0942796
0 0 -0.0980786
0 0 -0.109077
0 0 -0.109931
0 0 0.325575
0 0 0.308031
0 0 -0.122237
0 0 -0.124307
0 0 -0.469148
0 0 -0.288715
0 0 0.352854
0 0 0.3075
0 0 -0.0643081
0 0 0.401613
0 0 -0.0904874
0 0 -0.280778
0 0 -0.387718
0 0 -0.181563
0 0 -0.224219
0 0 -0.209077
0 0 -0.0860849
0 0 0.123786
0 0 0.296959
0 0 0.307366
0 0 -0.157659
0 0 -0.15693
0 0 -0.153541
0 0 -0.140862
0 0 -0.138372
0 0 -0.105546
0 0 0.130448
0 0 0.129748
0 0 0.120963
0 0 -0.153989
0 0 -0.340947
0 0 -0.00110433
0 0 0.00447201
0 0 -0.0768432
0 0 -0.0801451
0 0 -0.0237939
0 0 -0.162407
0 0 -0.129601
0 0 0.340236
0 0 -0.256043
0 0 -0.260473
0 0 -0.107957
0 0 -0.107385
0 0 -0.142659
0 0 0.127832
0 0 0.00551403
0 0 -0.197211
0 0 -0.0203642
0 0 -0.113024
0 0 -0.105298
0 0 -0.13521
0 0 0.308201
0 0 0.321387
0 0 -0.148854
0 0 -0.0436778
0 0 0.306764
0 0 0.306367
0 0 -0.0749461
0 0 -0.126141
0 0 -0.131304
0 0 -0.0945013
0 0 -0.131225
0 0 -0.0648342
0 0 -0.0514111
0 0 -0.149283
0 0 -0.00241938
0 0 -0.00459164
0 0 -0.173677
0 0 -0.0979746
0 0 -0.152353
0 0 -0.14577
0 0 -0.098753
0 0 -0.12343
0 0 0.33701
0 0 -0.0982171
0 0 -0.253462
0 0 -0.0726546
0 0 -0.10719
0 0 -0.10454
0 0 -0.105527
0 0 -0.135325
0 0 -0.114755
0 0 -0.0832347
0 0 -0.1186
0 0 -0.121561
0 0 -0.120141
0 0 -0.119734
0 0 -0.150187
0 0 -0.0756729
0 0 0.424513
0 0 0.0786779
0 0 -0.0828356
0 0 -0.140659
0 0 -0.0819326
0 0 -0.104095
0 0 -0.159414
0 0 -0.0325892
0 0 -0.140182
0 0 -0.041161
0 0 0.450553
0 0 0.428598
0 0 -0.142268
0 0 0.291691
0 0 -0.0318511
0 0 -0.134784
0 0 -0.088131
0 0 -0.112274
0 0 -0.135901
0 0 -0.20884
0 0 0.464404
0 0 -0.219682
0 0 -0.103694
0 0 -0.119808
0 0 -0.14178
0 0 -0.141313
0 0 0.28829
0 0 0.0909553
0 0 -0.142428
0 0 -0.141043
0 0 -0.140316
0 0 -0.141457
0 0 -0.088977
0 0 -0.0854655
0 0 -0.080407
0 0 -0.080205
0 0 0.117937
0 0 -0.0547507
0 0 -0.0530198
0 0 0.12823
0 0 0.134076
0 0 -0.124586
0 0 -0.110374
0 0 -0.111888
0 0 -0.10967
0 0 0.0583239
0 0 0.0173794
0 0 -0.102114
0 0 -0.0997725
0 0 0.0100121
0 0 -0.124236
0 0 -0.125787
0 0 -0.120636
0 0 -0.0787183
0 0 -0.140043
0 0 -0.141537
0 0 -0.10025
0 0 -0.0995164
0 0 -0.0546265
0 0 0.0525893
0 0 -0.103492
0 0 -0.0878673
0 0 -0.125635
0 0 -0.1388
0 0 -0.10871
0 0 0.0207291
0 0 -0.111558
0 0 -0.13874
0 0 -0.0732884
0 0 -0.146858
0 0 -0.142172
0 0 -0.101009
0 0 -0.126631
0 0 -0.120941
0 0 -0.141804
0 0 -0.134104
0 0 0.179104
0 0 0.182216
0 0 -0.142057
0 0 -0.131343
0 0 0.0853367
0 0 -0.0389275
0 0 -0.128472
0 0 -0.0352718
0 0 -0.282161
0 0 0.0821299
0 0 -0.121144
0 0 -0.343023
0 0 -0.112538
0 0 0.187638
0 0 -0.26121
0 0 -0.0992543
0 0 -0.0380937
0 0 -0.137425
0 0 0.0711254
0 0 0.0177032
0 0 0.0720455
0 0 -0.08711
0 0 0.000183275
0 0 -0.141659
0 0 -0.105871
0 0 -0.0388584
0 0 -0.118894
0 0 -0.120278
0 0 0.442725
0 0 -0.0766583
0 0 -0.0747439
0 0 0.195975
0 0 0.203175
0 0 0.0448352
0 0 -0.135746
0 0 0.0194462
0 0 0.00809868
0 0 -0.0742094
0 0 -0.0801481
0 0 -0.131301
0 0 -0.106152
0 0 -0.140338
0 0 -0.0969323
0 0 -0.104008
0 0 -0.121618
0 0 -0.14586
0 0 -0.15732
0 0 -0.120131
0 0 -0.119307
0 0 -0.124295
0 0 0.353694
0 0 -0.243447
0 0 -0.263252
0 0 -0.105537
0 0 -0.0854693
0 0 0.00322083
0 0 -0.122302
0 0 -0.123543
0 0 -0.0369911
0 0 0.112696
0 0 0.0731997
0 0 -0.0680193
0 0 -0.123226
0 0 -0.0943774
0 0 -0.0928165
0 0 -0.102256
0 0 -0.122501
0 0 -0.0769959
0 0 -0.0787906
0 0 -0.140771
0 0 -0.146314
0 0 0.0302978
0 0 0.0798107
0 0 -0.0980837
0 0 -0.169611
0 0 -0.142475
0 0 -0.146707
0 0 0.0979726
0 0 -0.1257
0 0 -0.122685
0 0 -0.121248
0 0 0.0169498
0 0 -0.22535
0 0 0.0843512
0 0 0.198397
0 0 -0.112405
0 0 -0.110887
0 0 -0.0760918
0 0 -0.142373
0 0 -0.111803
0 0 -0.170734
0 0 -0.171087
0 0 -0.123725
0 0 0.0250555
0 0 -0.0228515
0 0 -0.0818908
0 0 -0.0981176
0 0 -0.162838
0 0 -0.172167
0 0 -0.173091
0 0 -0.0544903
0 0 0.0496041
0 0 -0.0688847
0 0 -0.0378953
0 0 -0.0473709
0 0 -0.0663645
0 0 -0.0443735
0 0 -0.049095
0 0 -0.0621236
0 0 -0.0521071
0 0 -0.0657549
0 0 -0.0503107
0 0 -0.0766167
0 0 -0.0471476
0 0 -0.0621666
0 0 -0.0570978
0 0 0.0784861
0 0 -0.00525271
0 0 -0.0809569
0 0 0.0776206
0 0 -0.0950046
0 0 0.0820866
0 0 0.0234321
0 0 -0.0373395
0 0 0.0704784
0 0 -0.0441551
0 0 -0.0365678
0 0 -0.0245638
0 0 -0.00676257
0 0 -0.117427
0 0 -0.104285
0 0 -0.122289
0 0 -0.121237
0 0 -0.110503
0 0 -0.117385
0 0 0.0162392
0 0 0.0609987
0 0 0.0446809
0 0 0.0813963
0 0 0.0590059
0 0 -0.0570889
0 0 -0.0506199
0 0 0.0384718
0 0 -0.0760728
0 0 -0.0385153
0 0 -0.0526732
0 0 -0.0586859
0 0 -0.058995
0 0 -0.053538
0 0 -0.0267456
0 0 -0.0700842
0 0 -0.087742
0 0 -0.0505933
0 0 0.0352564
0 0 0.077099
0 0 -0.0207811
0 0 0.00980622
0 0 0.0830114
0 0 -0.0710844
0 0 -0.0474347
0 0 -0.052676
0 0 -0.0509981
0 0 -0.0669912
0 0 -0.103259
0 0 -0.0548799
0 0 -0.0537734
0 0 -0.0737481
0 0 -0.0503819
0 0 -0.0680477
0 0 -0.0904747
0 0 -0.0726838
0 0 -0.0430517
0 0 0.00337715
0 0 -0.0328616
0 0 -0.0179869
0 0 -0.124542
0 0 -0.108868
0 0 -0.123548
0 0 -0.117674
0 0 -0.112837
0 0 0.0723509
0 0 -0.0687932
0 0 -0.0499283
0 0 -0.0440453
0 0 0.0518321
0 0 0.0802448
0 0 -0.0468417
0 0 0.0634458
0 0 -0.0648774
0 0 0.0776186
0 0 -0.0801393
0 0 -0.0552213
0 0 -0.047355
0 0 -0.0978408
0 0 -0.0698108
0 0 0.0834013
0 0 -0.0291137
0 0 -0.0153814
0 0 -0.0391226
0 0 -0.116595
0 0 -0.117626
0 0 0.00602128
0 0 -0.119702
0 0 -0.121948
0 0 -0.11659
0 0 0.0702226
0 0 0.0779153
0 0 0.015509
0 0 0.0738446
0 0 -0.0274591
0 0 0.054329
0 0 0.0847418
0 0 0.0660745
0 0 -0.0477558
0 0 -0.0448792
0 0 -0.0594203
0 0 0.0789173
0 0 0.00479579
0 0 0.0749264
0 0 -0.0151431
0 0 -0.106225
0 0 0.0501825
0 0 0.0505403
0 0 -0.087944
0 0 -0.0437102
0 0 -0.0537573
0 0 -0.0133203
0 0 -0.0301172
0 0 -0.0803091
0 0 -0.0562251
0 0 -0.0911765
0 0 0.0284736
0 0 0.0261927
0 0 -0.0470005
0 0 0.0355095
0 0 -0.0514218
0 0 -0.0823859
0 0 -0.0748621
0 0 -0.067374
0 0 -0.0377654
0 0 -0.0774712
0 0 -0.0225893
0 0 0.0417574
0 0 -0.0688004
0 0 -0.048611
0 0 -0.062684
0 0 -0.0505674
0 0 0.0298739
0 0 -0.0739526
0 0 -0.0953769
0 0 -0.0681224
0 0 -0.0624658
0 0 0.0460429
0 0 -0.0719981
0 0 0.0828289
0 0 -0.00492873
0 0 -0.0477487
0 0 -0.0984436
0 0 -0.0496157
0 0 -0.0859145
0 0 0.0816716
0 0 0.0871544
0 0 0.0234092
0 0 -0.0377963
0 0 0.0730686
0 0 0.0785801
0 0 0.0687776
0 0 -0.0382593
0 0 -0.0772564
0 0 0.0466629
0 0 -0.0475091
0 0 -0.0399351
0 0 -0.0277061
0 0 -0.0334322
0 0 -0.0218093
0 0 -0.00917844
0 0 -0.00520705
0 0 -0.123653
0 0 -0.112651
0 0 -0.110909
0 0 -0.0996353
0 0 -0.118851
0 0 -0.127061
0 0 -0.0420161
0 0 -0.125052
0 0 -0.118056
0 0 -0.120704
0 0 -0.114702
0 0 -0.113522
0 0 -0.10836
0 0 0.0612436
0 0 0.061431
0 0 0.0748602
0 0 0.0766157
0 0 -0.00457333
0 0 -0.0471888
0 0 -0.0931061
0 0 0.0182852
0 0 0.0148393
0 0 -0.055514
0 0 -0.0491362
0 0 0.0780967
0 0 -0.0546911
0 0 0.0576558
0 0 -0.0757996
0 0 -0.0406566
0 0 -0.0451485
0 0 -0.0516409
0 0 -0.0432148
0 0 -0.00865385
0 0 0.0865858
0 0 0.0612828
0 0 -0.0580232
0 0 -0.0519049
0 0 -0.0563809
0 0 -0.0458854
0 0 -0.0577008
0 0 0.0238019
0 0 -0.0504575
0 0 -0.0520597
0 0 -0.0301411
0 0 -0.060846
0 0 0.0443944
0 0 0.0442837
0 0 0.0381975
0 0 0.0402393
0 0 0.0445413
0 0 0.0453757
0 0 0.0323938
0 0 0.0318847
0 0 0.0354787
0 0 0.0335387
0 0 -0.0556365
0 0 -0.0561553
0 0 -0.0673182
0 0 -0.0687343
0 0 -0.0668382
0 0 -0.0680847
0 0 -0.0732656
0 0 0.0295904
0 0 0.0349733
0 0 0.0290243
0 0 0.040474
0 0 0.0399201
0 0 -0.0407667
0 0 -0.0380848
0 0 -0.0419993
0 0 -0.0882135
0 0 -0.0923051
0 0 -0.0524663
0 0 -0.0532234
0 0 -0.0628076
0 0 -0.0636545
0 0 -0.0655867
0 0 -0.0304692
0 0 -0.0345401
0 0 -0.0472475
0 0 -0.0492569
0 0 -0.0498404
0 0 0.078328
0 0 0.0803291
0 0 -0.024437
0 0 -0.0170004
0 0 0.0855021
0 0 0.0864172
0 0 0.00657937
0 0 0.0131465
0 0 -0.0803652
0 0 -0.0742751
0 0 -0.0810026
0 0 0.0296058
0 0 0.023194
0 0 -0.0677768
0 0 -0.0704565
0 0 0.0452774
0 0 0.0410879
0 0 -0.0843453
0 0 -0.0841743
0 0 -0.0545873
0 0 -0.0572105
0 0 -0.0607203
0 0 -0.0657242
0 0 -0.0522512
0 0 -0.0550644
0 0 -0.0836705
0 0 -0.0489388
0 0 -0.0517005
0 0 -0.0821085
0 0 -0.0785113
0 0 -0.0734939
0 0 -0.0721812
0 0 -0.066074
0 0 -0.0596313
0 0 -0.0486863
0 0 -0.0471628
0 0 -0.0336856
0 0 -0.028805
0 0 0.0761799
0 0 0.0755885
0 0 0.084912
0 0 0.0891861
0 0 0.016461
0 0 0.0207296
0 0 0.0796472
0 0 0.0840551
0 0 -0.0130778
0 0 -0.00854749
0 0 0.0855671
0 0 0.0831388
0 0 -0.00119183
0 0 0.00267803
0 0 0.0364873
0 0 0.0321687
0 0 0.0342401
0 0 -0.051765
0 0 -0.0514759
0 0 -0.052272
0 0 -0.0512053
0 0 -0.0498388
0 0 0.0801772
0 0 0.0778842
0 0 -0.00513545
0 0 -0.0127993
0 0 0.0806736
0 0 0.00211185
0 0 -0.0928804
0 0 -0.0980202
0 0 -0.0293261
0 0 -0.0374393
0 0 0.0741796
0 0 0.0713374
0 0 0.0843011
0 0 0.0823699
0 0 0.0170166
0 0 -0.0965376
0 0 -0.0912456
0 0 -0.0448551
0 0 -0.0436085
0 0 -0.0435935
0 0 -0.0500754
0 0 -0.0514778
0 0 -0.0520143
0 0 -0.0746784
0 0 -0.0792758
0 0 -0.0990804
0 0 -0.104476
0 0 -0.100638
0 0 -0.0558671
0 0 -0.053773
0 0 -0.0525452
0 0 -0.0506843
0 0 -0.0657797
0 0 -0.0766352
0 0 -0.0713809
0 0 -0.0469725
0 0 -0.0486079
0 0 -0.0488519
0 0 -0.0347293
0 0 -0.0342604
0 0 -0.104423
0 0 -0.101583
0 0 -0.0876404
0 0 -0.0911782
0 0 -0.0493481
0 0 -0.0476112
0 0 -0.0446173
0 0 -0.0434108
0 0 -0.0141629
0 0 -0.0518728
0 0 -0.0504348
0 0 -0.0749706
0 0 -0.076815
0 0 -0.0457166
0 0 -0.0456779
0 0 -0.0630525
0 0 -0.060362
0 0 -0.057353
0 0 -0.0547849
0 0 -0.078193
0 0 -0.0841776
0 0 -0.108745
0 0 -0.107199
0 0 0.0265404
0 0 -0.0510678
0 0 -0.0532287
0 0 -0.102433
0 0 -0.0534596
0 0 -0.0552641
0 0 -0.0672818
0 0 -0.0682632
0 0 0.0125799
0 0 0.019376
0 0 0.0803129
0 0 0.0798148
0 0 -0.0321351
0 0 -0.0242893
0 0 0.0722485
0 0 0.0743636
0 0 -0.0578849
0 0 -0.0541392
0 0 -0.0533315
0 0 -0.0494865
0 0 -0.0523727
0 0 -0.0894665
0 0 -0.0940444
0 0 -0.0863166
0 0 0.0390286
0 0 0.0423389
0 0 -0.045931
0 0 -0.0458663
0 0 -0.1069
0 0 -0.106361
0 0 -0.0466776
0 0 -0.046418
0 0 0.0785412
0 0 0.0799396
0 0 -0.000410218
0 0 0.00676517
0 0 0.0753829
0 0 0.0758586
0 0 -0.0178201
0 0 -0.0101839
0 0 0.0387068
0 0 -0.04235
0 0 -0.0459613
0 0 -0.0979508
0 0 -0.101349
0 0 -0.0488394
0 0 -0.0487443
0 0 -0.0111743
0 0 -0.0164652
0 0 -0.0125196
0 0 -0.0268552
0 0 -0.0308305
0 0 -0.0287485
0 0 -0.0347738
0 0 -0.0328996
0 0 -0.0215358
0 0 -0.0200392
0 0 -0.0437017
0 0 -0.0410011
0 0 -0.0419394
0 0 -0.00169871
0 0 0.00475965
0 0 -0.000584822
0 0 -0.0378526
0 0 -0.039801
0 0 0.0109243
0 0 0.00970861
0 0 -0.120261
0 0 -0.12036
0 0 -0.123002
0 0 -0.113605
0 0 -0.112476
0 0 -0.117138
0 0 -0.110675
0 0 -0.106963
0 0 -0.120807
0 0 -0.11756
0 0 -0.123655
0 0 -0.12199
0 0 -0.121146
0 0 -0.120665
0 0 -0.122892
0 0 -0.121722
0 0 -0.119811
0 0 -0.119515
0 0 -0.117708
0 0 -0.119634
0 0 -0.111846
0 0 -0.114674
0 0 -0.113624
0 0 -0.117132
0 0 -0.115266
0 0 0.0739375
0 0 0.0709032
0 0 0.0756627
0 0 0.0667415
0 0 0.0661879
0 0 -0.0635317
0 0 -0.0587572
0 0 -0.0634973
0 0 0.0302959
0 0 -0.0568242
0 0 -0.0565146
0 0 -0.0527475
0 0 -0.0534672
0 0 0.0516285
0 0 0.0497665
0 0 -0.0644618
0 0 -0.0676822
0 0 -0.0501755
0 0 -0.0489418
0 0 -0.0845897
0 0 -0.0731068
0 0 0.0481533
0 0 0.0523815
0 0 0.0491259
0 0 -0.077031
0 0 -0.0694353
0 0 -0.0471446
0 0 -0.0458746
0 0 -0.0850336
0 0 -0.090817
0 0 -0.04685
0 0 -0.0458633
0 0 -0.0333371
0 0 -0.0363664
0 0 -0.0174253
0 0 -0.0220742
0 0 0.00541634
0 0 -0.000920324
0 0 -0.043949
0 0 -0.0459064
0 0 -0.104595
0 0 -0.107779
0 0 -0.127396
0 0 -0.126684
0 0 -0.12686
0 0 -0.127438
0 0 -0.116615
0 0 -0.11589
0 0 -0.112507
0 0 -0.11071
0 0 0.0765893
0 0 0.0711438
0 0 -0.0523408
0 0 -0.0750897
0 0 -0.067415
0 0 0.0871716
0 0 0.0857342
0 0 -0.0438741
0 0 -0.0452442
0 0 -0.109372
0 0 -0.0570016
0 0 -0.0557479
0 0 0.0894388
0 0 0.0888315
0 0 0.0624992
0 0 0.0666237
0 0 -0.0608138
0 0 -0.0532711
0 0 -0.0432568
0 0 -0.0466279
0 0 -0.061358
0 0 -0.0661034
0 0 0.0881182
0 0 0.085716
0 0 0.0638414
0 0 0.0687768
0 0 -0.0526604
0 0 -0.0475503
0 0 -0.0500591
0 0 -0.0480175
0 0 -0.0669359
0 0 -0.0489309
0 0 -0.048033
0 0 -0.0471324
0 0 -0.0376173
0 0 -0.035186
0 0 0.0281081
0 0 0.0243422
0 0 -0.0476558
0 0 -0.0481403
0 0 -0.0466517
0 0 -0.0489837
0 0 0.0512609
0 0 0.0519337
0 0 0.0556056
0 0 0.0549066
0 0 0.0784414
0 0 0.0780873
0 0 -0.0445138
0 0 -0.0486354
0 0 0.0638512
0 0 0.062746
0 0 -0.0591347
0 0 -0.0596726
0 0 -0.0573571
0 0 -0.0623228
0 0 -0.0664137
0 0 0.0543944
0 0 0.0588015
0 0 -0.0607354
0 0 -0.0664585
0 0 0.0752308
0 0 0.0763494
0 0 -0.0484398
0 0 -0.046694
0 0 -0.111925
0 0 -0.110255
0 0 0.0508209
0 0 -0.0832292
0 0 -0.0923336
0 0 -0.079622
0 0 -0.0694953
0 0 -0.0434695
0 0 -0.0427553
0 0 -0.0846069
0 0 -0.0679862
0 0 -0.0672895
0 0 -0.0681716
0 0 -0.0672508
0 0 -0.0666094
0 0 -0.0643578
0 0 -0.0560301
0 0 -0.0515002
0 0 -0.0513051
0 0 -0.0726668
0 0 -0.0674045
0 0 -0.0755246
0 0 -0.104788
0 0 -0.107348
0 0 0.00029524
0 0 -0.00592134
0 0 -0.0350138
0 0 -0.0362546
0 0 -0.119357
0 0 -0.120375
0 0 -0.0104724
0 0 -0.0230629
0 0 -0.0254189
0 0 -0.0315607
0 0 -0.0190077
0 0 -0.0407059
0 0 -0.043023
0 0 -0.118459
0 0 -0.114045
0 0 -0.120603
0 0 -0.120325
0 0 -0.115266
0 0 -0.114946
0 0 -0.119636
0 0 -0.118903
0 0 -0.123079
0 0 -0.12354
0 0 -0.121459
0 0 -0.118974
0 0 -0.115244
0 0 -0.118757
0 0 0.0761698
0 0 0.0734597
0 0 0.0662417
0 0 0.0611222
0 0 -0.0451462
0 0 -0.0423592
0 0 -0.0553905
0 0 -0.0538806
0 0 -0.054663
0 0 -0.0580418
0 0 0.0804208
0 0 0.0800304
0 0 0.0779613
0 0 0.0811201
0 0 0.0820221
0 0 0.0834803
0 0 -0.0421876
0 0 -0.0473234
0 0 -0.0425971
0 0 0.0681007
0 0 0.0642892
0 0 0.0666189
0 0 -0.0186239
0 0 -0.0441692
0 0 -0.0660178
0 0 -0.0489922
0 0 -0.0839566
0 0 -0.0790177
0 0 -0.0960303
0 0 -0.0855002
0 0 -0.0694762
0 0 0.0171092
0 0 0.0118798
0 0 -0.0790048
0 0 -0.052078
0 0 0.0774956
0 0 0.079273
0 0 0.0818453
0 0 0.0720333
0 0 0.0745921
0 0 0.0735924
0 0 -0.0193464
0 0 -0.0212568
0 0 -0.0241707
0 0 0.0762649
0 0 0.0782616
0 0 0.0768066
0 0 0.0125512
0 0 0.0102366
0 0 0.00808673
0 0 -0.0953432
0 0 -0.0955393
0 0 -0.101781
0 0 -0.0560136
0 0 -0.0582547
0 0 -0.05269
0 0 -0.0560545
0 0 -0.0528666
0 0 -0.0454814
0 0 -0.0483466
0 0 -0.0766112
0 0 -0.0683645
0 0 -0.00790605
0 0 -0.00303399
0 0 -0.00739663
0 0 -0.0425222
0 0 -0.0415809
0 0 -0.0381864
0 0 -0.0138046
0 0 -0.0308595
0 0 -0.0304556
0 0 -0.0260632
0 0 -0.0364983
0 0 -0.0400424
0 0 -0.0130187
0 0 -0.0230436
0 0 -0.0271054
0 0 -0.124556
0 0 -0.125854
0 0 -0.129043
0 0 -0.125637
0 0 -0.110831
0 0 -0.100334
0 0 -0.104438
0 0 -0.129082
0 0 -0.109765
0 0 -0.123734
0 0 -0.127151
0 0 -0.124998
0 0 -0.11789
0 0 -0.11665
0 0 -0.116087
0 0 -0.114487
0 0 -0.116016
0 0 -0.114009
0 0 -0.110606
0 0 -0.108717
0 0 -0.11362
0 0 -0.127036
0 0 0.0609866
0 0 0.0674534
0 0 0.0652301
0 0 -0.0948672
0 0 -0.0994308
0 0 0.0549545
0 0 0.0578109
0 0 -0.0813306
0 0 -0.0771151
0 0 -0.0723885
0 0 -0.0832248
0 0 -0.0984942
0 0 -0.0703617
0 0 -0.0719929
0 0 -0.0640865
0 0 0.0852665
0 0 -0.0549878
0 0 -0.0542233
0 0 -0.0868999
0 0 -0.080797
0 0 -0.0492916
0 0 -0.0465295
0 0 -0.0628839
0 0 -0.0610417
0 0 0.0780052
0 0 0.00261698
0 0 0.0732369
0 0 -0.0135212
0 0 0.056686
0 0 -0.0451872
0 0 0.0792791
0 0 0.0823526
0 0 -0.074998
0 0 -0.054958
0 0 -0.04614
0 0 -0.0583431
0 0 -0.0553036
0 0 -0.104453
0 0 -0.0980796
0 0 -0.0167216
0 0 -0.0125118
0 0 -0.029269
0 0 -0.0260583
0 0 -0.0388122
0 0 -0.0359322
0 0 0.00367177
0 0 0.00994637
0 0 -0.121959
0 0 -0.118887
0 0 -0.114949
0 0 -0.116912
0 0 -0.118445
0 0 -0.118302
0 0 -0.123407
0 0 -0.124503
0 0 -0.117563
0 0 -0.11931
0 0 0.0683245
0 0 0.0712417
0 0 -0.0500721
0 0 -0.0513115
0 0 0.00888144
0 0 0.0155897
0 0 0.0113076
0 0 0.0831352
0 0 0.0806179
0 0 0.0611961
0 0 0.0623915
0 0 -0.0513995
0 0 -0.0528648
0 0 0.0769492
0 0 0.0790404
0 0 -0.0506874
0 0 -0.0522201
0 0 0.0610126
0 0 0.0563395
0 0 -0.0504957
0 0 -0.0502477
0 0 -0.0516267
0 0 -0.0661885
0 0 -0.0623118
0 0 -0.0542114
0 0 -0.0661802
0 0 -0.0678598
0 0 0.0757013
0 0 0.0170765
0 0 0.0733094
0 0 -0.0309468
0 0 -0.0691841
0 0 -0.0445277
0 0 -0.0706607
0 0 -0.0749965
0 0 -0.0871436
0 0 -0.0410846
0 0 -0.0700474
0 0 -0.0745421
0 0 0.0268766
0 0 0.0333201
0 0 0.0390616
0 0 0.0451789
0 0 -0.0905805
0 0 -0.102545
0 0 -0.106223
0 0 -0.110154
0 0 -0.0571314
0 0 -0.0591665
0 0 0.050262
0 0 0.055725
0 0 0.0556255
0 0 0.0779045
0 0 0.0767688
0 0 -0.0619289
0 0 -0.0742887
0 0 0.0792021
0 0 -0.0557021
0 0 0.021179
0 0 0.0272383
0 0 0.0221527
0 0 -0.05826
0 0 -0.0515846
0 0 -0.0527645
0 0 -0.0411385
0 0 -0.0362957
0 0 -0.0331934
0 0 -0.0501867
0 0 -0.0528742
0 0 -0.0213604
0 0 -0.0266441
0 0 -0.0843028
0 0 -0.0853685
0 0 -0.0939211
0 0 0.00155104
0 0 -0.0672107
0 0 -0.0681108
0 0 0.0414946
0 0 -0.0918868
0 0 0.0577996
0 0 -0.111355
0 0 -0.0885371
0 0 -0.0923085
0 0 -0.00154201
0 0 -0.0329751
0 0 -0.00716853
0 0 -0.0221381
0 0 -0.0194923
0 0 -0.0310899
0 0 -0.118004
0 0 -0.117866
0 0 -0.125504
0 0 -0.116165
0 0 -0.112528
0 0 -0.0404281
0 0 -0.117556
0 0 -0.126181
0 0 -0.122744
0 0 -0.116111
0 0 -0.121369
0 0 0.0641767
0 0 0.0727237
0 0 0.0503502
0 0 -0.0778344
0 0 -0.0519332
0 0 -0.0708394
0 0 -0.0431203
0 0 0.069465
0 0 0.086027
0 0 -0.0842084
0 0 -0.0966403
0 0 -0.0996492
0 0 0.0830214
0 0 -0.0598412
0 0 -0.0621391
0 0 -0.0725589
0 0 -0.0348901
0 0 -0.040918
0 0 -0.0697217
0 0 -0.0506108
0 0 -0.0472481
0 0 0.0762165
0 0 0.0740117
0 0 -0.11366
0 0 -0.0763525
0 0 -0.0727073
0 0 -0.0513112
0 0 -0.0507458
0 0 -0.0948092
0 0 -0.091329
0 0 -0.0860025
0 0 0.0166908
0 0 0.0449996
0 0 0.0486816
0 0 -0.0545232
0 0 -0.05892
0 0 -0.062049
0 0 0.0800152
0 0 0.0797287
0 0 -0.0425055
0 0 -0.0379591
0 0 0.0663373
0 0 0.0689791
0 0 -0.0836477
0 0 -0.0659409
0 0 -0.0686998
0 0 -0.0870677
0 0 -0.052691
0 0 0.0849802
0 0 0.0465399
0 0 0.026853
0 0 0.0212208
0 0 0.076974
0 0 -0.0412101
0 0 0.0655779
0 0 -0.0153584
0 0 -0.0275457
0 0 -0.0596289
0 0 -0.0527552
0 0 0.0777924
0 0 -0.0332764
0 0 0.0722741
0 0 -0.067897
0 0 -0.0772551
0 0 0.0895361
0 0 0.0728654
0 0 -0.0419888
0 0 0.075868
0 0 -0.0352582
0 0 0.0683969
0 0 0.000768767
0 0 -0.00758459
0 0 -0.0471432
0 0 -0.0592254
0 0 -0.0347152
0 0 -0.0386598
0 0 -0.099738
0 0 -0.0727058
0 0 -0.0645898
0 0 -0.0265332
0 0 -0.030415
0 0 -0.0499835
0 0 -0.0467797
0 0 -0.0674561
0 0 0.0440686
0 0 -0.0474445
0 0 0.0227732
0 0 0.0184549
0 0 -0.0420595
0 0 0.057878
0 0 0.0571714
0 0 0.0761221
0 0 0.0737681
0 0 -0.00179692
0 0 -0.00741475
0 0 -0.0577945
0 0 0.0836333
0 0 -0.0306139
0 0 -0.0304116
0 0 -0.0389957
0 0 0.0768766
0 0 0.0783107
0 0 -0.00516933
0 0 -0.000176379
0 0 0.0756706
0 0 -0.0101725
0 0 -0.051914
0 0 -0.0521435
0 0 -0.0298601
0 0 0.0557083
0 0 0.0559558
0 0 0.0268505
0 0 -0.0460444
0 0 0.0598246
0 0 -0.0338347
0 0 -0.0232763
0 0 -0.0162553
0 0 0.0196745
0 0 0.0231955
0 0 -0.0812399
0 0 -0.054634
0 0 -0.0429711
0 0 -0.0562614
0 0 0.0203763
0 0 0.0229635
0 0 0.0438487
0 0 -0.0514653
0 0 -0.0445552
0 0 -0.0168284
0 0 -0.00849804
0 0 -0.0473359
0 0 -0.0507492
0 0 -0.044022
0 0 -0.045691
0 0 -0.0465417