0 0 0.00739987
0 0 0.00638507
0 0 0.00548056
0 0 4.59163e-05
0 0 0.00567247
0 0 0.0338819
0 0 -0.0145371
0 0 -4.77013e-05
0 0 0.00441139
0 0 -0.00444832
0 0 -0.0337033
0 0 0.000292383
0 0 -0.000474183
0 0 -0.00381054
0 0 -0.00442685
0 0 -0.000110471
0 0 0.00740475
0 0 0.00740398
0 0 0.00739626
0 0 0.00735321
0 0 0.00728935
0 0 0.0071936
0 0 0.00707399
0 0 0.00693956
0 0 0.00678837
0 0 0.00663615
0 0 0.0065521
0 0 0.00740872
0 0 0.00741143
0 0 0.00740586
0 0 0.00738231
0 0 0.00734082
0 0 0.00727399
0 0 0.00716541
0 0 0.00703733
0 0 0.00691025
0 0 0.00676523
0 0 0.00663094
0 0 0.00643629
0 0 0.00596282
0 0 0.0056249
0 0 0.00604346
0 0 0.00582197
0 0 0.00549403
0 0 0.00485553
0 0 0.00483139
0 0 0.00472201
0 0 0.00461729
0 0 0.00428403
0 0 0.0040956
0 0 0.00398202
0 0 0.00353821
0 0 0.00336456
0 0 0.00322579
0 0 0.00279574
0 0 0.00266111
0 0 0.00232402
0 0 0.00210508
0 0 0.00176489
0 0 0.001652
0 0 0.00138291
0 0 0.00137987
0 0 0.000883563
0 0 0.00079926
0 0 0.000899446
0 0 0.000306337
0 0 0.000309127
0 0 0.00511972
0 0 0.00494805
0 0 0.00481429
0 0 0.00461747
0 0 0.00436541
0 0 0.00421571
0 0 0.00396687
0 0 0.00364968
0 0 0.00349846
0 0 0.00323574
0 0 0.00290458
0 0 0.00270539
0 0 0.00243032
0 0 0.00221609
0 0 0.00193846
0 0 0.00173868
0 0 0.0013822
0 0 0.00128052
0 0 0.000774491
0 0 0.000865833
0 0 0.000494913
0 0 0.000196785
0 0 0.000128939
0 0 4.17498e-05
0 0 0.00740331
0 0 0.00739444
0 0 0.00737426
0 0 0.00733183
0 0 0.00725501
0 0 0.00714162
0 0 0.00698606
0 0 0.00679054
0 0 0.00655369
0 0 0.00628028
0 0 0.00598966
0 0 0.00740649
0 0 0.00740163
0 0 0.00738826
0 0 0.00735765
0 0 0.00729788
0 0 0.00720382
0 0 0.00707036
0 0 0.0068949
0 0 0.00667707
0 0 0.00642349
0 0 0.00613906
0 0 0.00583323
0 0 0.00636251
0 0 0.00643054
0 0 0.00660915
0 0 0.00688918
0 0 0.0072713
0 0 0.00782022
0 0 0.0085917
0 0 0.009803
0 0 0.0118159
0 0 0.0152798
0 0 0.0217472
0 0 0.00625109
0 0 0.00635975
0 0 0.00650826
0 0 0.00673633
0 0 0.00705736
0 0 0.00752011
0 0 0.00815234
0 0 0.00912645
0 0 0.0106789
0 0 0.0132234
0 0 0.0180185
0 0 0.0268631
0 0 0.00527227
0 0 0.00530662
0 0 0.00530219
0 0 0.00529344
0 0 0.00524141
0 0 0.00508635
0 0 0.00471689
0 0 0.00396865
0 0 0.00242222
0 0 -0.000432182
0 0 -0.00567969
0 0 0.00523665
0 0 0.00521751
0 0 0.00526829
0 0 0.00527478
0 0 0.00526185
0 0 0.0051576
0 0 0.0049199
0 0 0.00439592
0 0 0.00330991
0 0 0.00132984
0 0 -0.00263517
0 0 -0.00967344
0 0 6.40671e-05
0 0 0.000104912
0 0 8.64086e-05
0 0 9.49358e-05
0 0 9.69455e-05
0 0 0.000109934
0 0 7.7648e-05
0 0 1.98634e-05
0 0 -0.000102854
0 0 -0.000228715
0 0 -0.00068249
0 0 -0.000105532
0 0 -2.28227e-05
0 0 -5.09672e-05
0 0 2.59933e-05
0 0 -3.50963e-05
0 0 -8.54007e-06
0 0 -2.42879e-05
0 0 -3.51206e-05
0 0 5.01229e-05
0 0 -1.95662e-05
0 0 -0.000106323
0 0 -2.19327e-05
0 0 0.00576585
0 0 0.00603195
0 0 0.00647375
0 0 0.00712531
0 0 0.00805219
0 0 0.00934115
0 0 0.0111232
0 0 0.0136535
0 0 0.0171763
0 0 0.0220483
0 0 0.0280722
0 0 0.0056957
0 0 0.00587218
0 0 0.00622435
0 0 0.00676814
0 0 0.0075312
0 0 0.00862879
0 0 0.0101328
0 0 0.0122433
0 0 0.0151985
0 0 0.019326
0 0 0.024967
0 0 0.031361
0 0 0.0346118
0 0 0.0349464
0 0 0.0346582
0 0 0.0336219
0 0 0.0317285
0 0 0.0288727
0 0 0.0250698
0 0 0.020417
0 0 0.0151039
0 0 0.0093847
0 0 0.0035403
0 0 -0.00217323
0 0 -0.0075097
0 0 -0.01228
0 0 -0.0163258
0 0 -0.0195256
0 0 -0.0218083
0 0 -0.0231623
0 0 -0.0235752
0 0 -0.0231447
0 0 -0.0218902
0 0 -0.0199294
0 0 -0.0174338
0 0 0.0343369
0 0 0.0348554
0 0 0.0348959
0 0 0.0342456
0 0 0.0328001
0 0 0.0304256
0 0 0.0270888
0 0 0.0228403
0 0 0.0178251
0 0 0.0122767
0 0 0.00645704
0 0 0.000641113
0 0 -0.00490953
0 0 -0.00998376
0 0 -0.0144086
0 0 -0.0180327
0 0 -0.0207767
0 0 -0.0226045
0 0 -0.0234661
0 0 -0.0234613
0 0 -0.022605
0 0 -0.0209828
0 0 -0.0187422
0 0 -0.0160597
0 0 -0.0104765
0 0 -0.00660192
0 0 -0.00344353
0 0 -0.00107408
0 0 0.000846396
0 0 0.00261129
0 0 0.00421921
0 0 0.00538158
0 0 0.00553894
0 0 0.00496941
0 0 0.00438737
0 0 0.00440261
0 0 0.00458754
0 0 0.0042796
0 0 0.00345386
0 0 0.00249823
0 0 0.00265444
0 0 0.00287858
0 0 0.00249222
0 0 0.00146263
0 0 0.001233
0 0 0.00156405
0 0 0.00108257
0 0 0.000775413
0 0 0.00131801
0 0 0.00123784
0 0 0.000629228
0 0 0.000241649
0 0 0.000604471
0 0 0.000109432
0 0 -2.25638e-05
0 0 0.000516586
0 0 0.00020729
0 0 0.000192656
0 0 -2.29511e-05
0 0 -0.000138571
0 0 0.000137345
0 0 -0.000418672
0 0 0.000328112
0 0 9.09461e-05
0 0 0.000608671
0 0 -0.000245578
0 0 0.00098448
0 0 0.000833595
0 0 6.72334e-05
0 0 -0.000311714
0 0 0.000148191
0 0 -5.87971e-05
0 0 -0.0124868
0 0 -0.00848211
0 0 -0.00491076
0 0 -0.00217521
0 0 -5.86446e-05
0 0 0.00178968
0 0 0.00350408
0 0 0.0049364
0 0 0.00555722
0 0 0.00531091
0 0 0.0047203
0 0 0.00438137
0 0 0.00459305
0 0 0.00457421
0 0 0.00410478
0 0 0.00303758
0 0 0.00252312
0 0 0.00260637
0 0 0.00261652
0 0 0.00162384
0 0 0.00151635
0 0 0.00194872
0 0 0.00159431
0 0 0.000650682
0 0 0.000763202
0 0 0.000831497
0 0 0.000878092
0 0 0.000414219
0 0 0.000689424
0 0 0.000247663
0 0 0.000213226
0 0 0.000538153
0 0 0.000164188
0 0 0.000152243
0 0 0.000285006
0 0 0.000171112
0 0 -1.51806e-05
0 0 0.00012133
0 0 0.000131455
0 0 0.000131248
0 0 -0.000264718
0 0 0.000314364
0 0 -0.000114921
0 0 -0.000815751
0 0 -0.0016338
0 0 0.000351297
0 0 0.000559543
0 0 -0.000262344
0 0 -4.23319e-05
0 0 0.00528337
0 0 0.00486298
0 0 0.0054828
0 0 0.0050799
0 0 0.00463867
0 0 0.037952
0 0 0.0424673
0 0 0.047028
0 0 0.051177
0 0 0.0538165
0 0 0.0547237
0 0 0.0519063
0 0 0.044232
0 0 0.0344564
0 0 0.0233786
0 0 0.0138605
0 0 0.00599797
0 0 -6.70776e-06
0 0 0.0358969
0 0 0.0401678
0 0 0.0447427
0 0 0.0492796
0 0 0.0529988
0 0 0.0544073
0 0 0.0538378
0 0 0.0482103
0 0 0.0394087
0 0 0.0287517
0 0 0.0185419
0 0 0.00972846
0 0 0.00279785
0 0 -0.00245649
0 0 -0.0173054
0 0 -0.0203164
0 0 -0.0239286
0 0 -0.0288786
0 0 -0.0409725
0 0 -0.0647583
0 0 -0.0424354
0 0 0.00825729
0 0 -0.0164919
0 0 -0.0294243
0 0 -0.0336615
0 0 -0.0348706
0 0 -0.0346119
0 0 -0.0159906
0 0 -0.0187932
0 0 -0.0219777
0 0 -0.0261668
0 0 -0.0326659
0 0 -0.0507569
0 0 -0.0669947
0 0 0.00149171
0 0 -0.00419006
0 0 -0.0244207
0 0 -0.0322661
0 0 -0.0345538
0 0 -0.0348609
0 0 -0.0342183
0 0 0.000758563
0 0 0.000960293
0 0 0.00072324
0 0 0.00164257
0 0 0.000257286
0 0 0.00445358
0 0 0.00457611
0 0 0.00477156
0 0 0.005049
0 0 0.00540754
0 0 0.0058687
0 0 0.00642227
0 0 0.00698459
0 0 0.00737302
0 0 0.0071232
0 0 0.00443417
0 0 0.00442172
0 0 0.00449998
0 0 0.00465934
0 0 0.00489277
0 0 0.00521729
0 0 0.00562279
0 0 0.00612222
0 0 0.00664882
0 0 0.00724684
0 0 0.00740645
0 0 0.0063966
0 0 0.00135413
0 0 -0.008152
0 0 -0.0126797
0 0 -0.0181691
0 0 -0.0245753
0 0 -0.0317334
0 0 -0.03928
0 0 -0.0467701
0 0 -0.0536916
0 0 -0.059607
0 0 -0.0642549
0 0 -0.0675226
0 0 -0.0694235
0 0 -0.0701071
0 0 -0.0697289
0 0 -0.0684205
0 0 -0.0663168
0 0 -0.0635281
0 0 -0.0601279
0 0 -0.0562242
0 0 -0.051915
0 0 -0.0473709
0 0 -0.0427211
0 0 -0.0381307
0 0 -0.00613142
0 0 -0.0102886
0 0 -0.0152953
0 0 -0.0212598
0 0 -0.0280719
0 0 -0.0354876
0 0 -0.0430661
0 0 -0.0503075
0 0 -0.0567804
0 0 -0.0620931
0 0 -0.0660501
0 0 -0.0686169
0 0 -0.0698972
0 0 -0.0700245
0 0 -0.0691779
0 0 -0.0674591
0 0 -0.0650056
0 0 -0.0618981
0 0 -0.0582307
0 0 -0.0540996
0 0 -0.0496605
0 0 -0.0450433
0 0 -0.0404154
0 0 -0.0358973
0 0 -0.0278066
0 0 -0.0221607
0 0 -0.0168627
0 0 -0.0120742
0 0 -0.0081335
0 0 -0.00532397
0 0 -0.00350314
0 0 -0.0023366
0 0 -0.00123578
0 0 -0.000151939
0 0 0.000607224
0 0 0.000740087
0 0 0.000488878
0 0 0.000249359
0 0 0.000458786
0 0 0.00076682
0 0 0.000563915
0 0 0.000153709
0 0 -0.000116331
0 0 0.000274187
0 0 0.00057569
0 0 1.39923e-05
0 0 -0.000309905
0 0 -0.000469271
0 0 -0.000380631
0 0 -0.000328171
0 0 -0.000174928
0 0 -0.000208057
0 0 -0.000431716
0 0 -0.000305649
0 0 -0.000373222
0 0 -0.000145714
0 0 -0.00025138
0 0 -0.000198007
0 0 -0.000328739
0 0 -6.23754e-05
0 0 -0.00054277
0 0 0.000604146
0 0 -0.000726172
0 0 0.000109699
0 0 -0.0006064
0 0 -3.37343e-05
0 0 -0.000858062
0 0 -0.000201145
0 0 0.000555108
0 0 0.000136489
0 0 6.23801e-05
0 0 4.62329e-05
0 0 -0.0306928
0 0 -0.0249083
0 0 -0.0194063
0 0 -0.0143317
0 0 -0.0099323
0 0 -0.0065341
0 0 -0.00432553
0 0 -0.00287545
0 0 -0.00176067
0 0 -0.000707054
0 0 0.000255343
0 0 0.00069971
0 0 0.000611652
0 0 0.000339404
0 0 0.000294648
0 0 0.000681231
0 0 0.000718725
0 0 0.000349411
0 0 6.04915e-06
0 0 0.000380196
0 0 4.56469e-05
0 0 -0.000152324
0 0 -0.000258857
0 0 0.000237548
0 0 2.66752e-05
0 0 -0.000427818
0 0 -0.000250931
0 0 -0.000143572
0 0 -0.000586819
0 0 -0.000286509
0 0 -3.30488e-05
0 0 -0.000397462
0 0 -0.000688248
0 0 -0.000351408
0 0 -0.000382363
0 0 -0.000385884
0 0 -0.000213302
0 0 -0.000323223
0 0 -0.00027234
0 0 -0.000149401
0 0 -7.19857e-05
0 0 -0.000550254
0 0 0.00012256
0 0 -4.0573e-05
0 0 0.000489622
0 0 -0.000563144
0 0 -0.000174493
0 0 -0.000283789
0 0 -0.000193383
0 0 0.00399052
0 0 0.00352081
0 0 0.00303002
0 0 0.00250982
0 0 0.00198226
0 0 0.00145968
0 0 0.000964178
0 0 0.000520297
0 0 0.00012879
0 0 -0.000188897
0 0 -0.00036636
0 0 0.0041984
0 0 0.00375364
0 0 0.00327276
0 0 0.00276469
0 0 0.00223998
0 0 0.00171174
0 0 0.00119808
0 0 0.000726351
0 0 0.000300262
0 0 -4.5678e-05
0 0 -0.000297013
0 0 -0.000425549
0 0 -0.0121255
0 0 -0.012767
0 0 -0.0113908
0 0 -0.00972686
0 0 -0.00822401
0 0 -0.00700918
0 0 -0.00606689
0 0 -0.00533087
0 0 -0.00480388
0 0 -0.00442819
0 0 -0.00412241
0 0 -0.00989605
0 0 -0.0128656
0 0 -0.0121838
0 0 -0.0104928
0 0 -0.0089498
0 0 -0.00758642
0 0 -0.00649965
0 0 -0.00566645
0 0 -0.00504755
0 0 -0.00459579
0 0 -0.00431277
0 0 -0.00425931
0 0 -0.0276777
0 0 -0.021676
0 0 -0.0168541
0 0 -0.0131994
0 0 -0.0106134
0 0 -0.00867617
0 0 -0.00729407
0 0 -0.00626743
0 0 -0.00553563
0 0 -0.0050301
0 0 -0.00478874
0 0 -0.0308858
0 0 -0.0244674
0 0 -0.0189535
0 0 -0.0148522
0 0 -0.0117717
0 0 -0.00956938
0 0 -0.00795043
0 0 -0.00677559
0 0 -0.00592361
0 0 -0.00534983
0 0 -0.00492525
0 0 -0.00469663
0 0 -0.000193877
0 0 -9.1539e-05
0 0 -6.15204e-05
0 0 -6.09037e-05
0 0 7.24648e-06
0 0 8.1713e-05
0 0 -1.50214e-05
0 0 -1.43283e-05
0 0 -3.69025e-05
0 0 -2.68916e-05
0 0 -1.36837e-05
0 0 0.0003056
0 0 3.81358e-05
0 0 -2.251e-06
0 0 -4.30107e-05
0 0 -6.318e-06
0 0 -4.37733e-05
0 0 -3.66198e-05
0 0 -8.03987e-06
0 0 -1.40968e-05
0 0 3.68453e-06
0 0 -3.46548e-06
0 0 3.14139e-05
0 0 -0.000523126
0 0 -0.000774753
0 0 -0.0010257
0 0 -0.00144746
0 0 -0.00191563
0 0 -0.00236809
0 0 -0.00274899
0 0 -0.00310476
0 0 -0.00340496
0 0 -0.00366602
0 0 -0.00362315
0 0 -0.000415836
0 0 -0.000564537
0 0 -0.000875587
0 0 -0.00122912
0 0 -0.0016555
0 0 -0.00203838
0 0 -0.00243645
0 0 -0.00286299
0 0 -0.00314821
0 0 -0.00345832
0 0 -0.00358512
0 0 -0.00391482
0 0 -0.00451814
0 0 -0.00478931
0 0 -0.00458212
0 0 -0.00456267
0 0 -0.00461943
0 0 -0.00490127
0 0 -0.00474449
0 0 -0.00462832
0 0 -0.00455261
0 0 -0.00451876
0 0 -0.0044361
0 0 -0.00429591
0 0 -0.00402173
0 0 -0.00387948
0 0 -0.00368983
0 0 -0.00332681
0 0 -0.00312357
0 0 -0.00271668
0 0 -0.00253828
0 0 -0.00215695
0 0 -0.00202203
0 0 -0.00161965
0 0 -0.00149112
0 0 -0.00105741
0 0 -0.000863895
0 0 -0.000793735
0 0 -0.000423508
0 0 -0.000229092
0 0 -0.00475743
0 0 -0.00475714
0 0 -0.00474165
0 0 -0.00469969
0 0 -0.00466272
0 0 -0.00452396
0 0 -0.00437074
0 0 -0.00417888
0 0 -0.0040163
0 0 -0.00378813
0 0 -0.00350252
0 0 -0.00328846
0 0 -0.00296518
0 0 -0.00270279
0 0 -0.00236853
0 0 -0.0021371
0 0 -0.00168144
0 0 -0.00157176
0 0 -0.00113207
0 0 -0.00103941
0 0 -0.000728513
0 0 -0.000490646
0 0 -0.000296342
0 0 -0.000116809
0 0 0.00786299
0 0 0.00956887
0 0 0.00738905
0 0 0.00731302
0 0 0.00745271
0 0 0.00802746
0 0 0.00696271
0 0 0.0124095
0 0 0.00836538
0 0 0.00740595
0 0 0.00742799
0 0 0.0107256
0 0 0.00680395
0 0 0.00911405
0 0 0.00829911
0 0 0.00725648
0 0 0.00720822
0 0 0.00717081
0 0 0.00775598
0 0 0.00771898
0 0 0.00754665
0 0 0.00726002
0 0 0.0165695
0 0 0.00739554
0 0 0.0074095
0 0 0.00852716
0 0 0.00741589
0 0 0.0067346
0 0 0.0105131
0 0 0.00760417
0 0 0.00753598
0 0 0.00794373
0 0 0.0142241
0 0 0.00733409
0 0 0.00883794
0 0 0.00924344
0 0 0.00779914
0 0 0.00647551
0 0 0.00638965
0 0 0.00728859
0 0 0.00806526
0 0 0.00702294
0 0 0.00744773
0 0 0.012829
0 0 0.010691
0 0 0.00754856
0 0 0.00737536
0 0 0.00694096
0 0 0.00746586
0 0 0.00770789
0 0 0.00685377
0 0 0.00739215
0 0 0.00721628
0 0 0.00737275
0 0 0.0115508
0 0 0.00858928
0 0 0.00654408
0 0 0.0069405
0 0 0.0074642
0 0 0.0110507
0 0 0.00769294
0 0 0.00739565
0 0 0.00794665
0 0 0.0208241
0 0 0.00871629
0 0 0.00817254
0 0 0.00923769
0 0 0.00708199
0 0 0.00615471
0 0 0.00941891
0 0 0.00734468
0 0 0.00998575
0 0 0.0171785
0 0 0.00740904
0 0 0.00717061
0 0 0.00668136
0 0 0.00800787
0 0 0.0068695
0 0 0.00680106
0 0 0.0083966
0 0 0.00772923
0 0 0.00711336
0 0 0.0076413
0 0 0.00708936
0 0 0.00667876
0 0 0.00742289
0 0 0.00639148
0 0 0.00741951
0 0 0.00755692
0 0 0.00731367
0 0 0.00766017
0 0 0.00588766
0 0 0.00750205
0 0 0.0099507
0 0 0.00750254
0 0 0.00701078
0 0 0.0125152
0 0 0.00725324
0 0 0.0149646
0 0 0.00755997
0 0 0.00729646
0 0 0.00740538
0 0 0.00786351
0 0 0.0075864
0 0 0.00835718
0 0 0.00744209
0 0 0.00743506
0 0 0.00817497
0 0 0.00705976
0 0 0.0110175
0 0 0.00990737
0 0 0.00739893
0 0 0.0095511
0 0 0.00733183
0 0 0.00745594
0 0 0.00672144
0 0 0.00737153
0 0 0.0143782
0 0 0.00895352
0 0 0.00871078
0 0 0.00795759
0 0 0.00628019
0 0 0.0074019
0 0 0.00739161
0 0 0.00719804
0 0 0.0118812
0 0 0.00658777
0 0 0.00891936
0 0 0.00741709
0 0 0.00730049
0 0 0.00833511
0 0 0.00727393
0 0 0.00689851
0 0 0.00836666
0 0 0.00784762
0 0 0.0074466
0 0 0.0131546
0 0 0.00701988
0 0 0.00971897
0 0 0.00791071
0 0 0.00749187
0 0 0.008108
0 0 0.00758781
0 0 0.00657331
0 0 0.0101337
0 0 0.00737672
0 0 0.00743756
0 0 0.00702512
0 0 0.0151433
0 0 0.00830836
0 0 0.00744476
0 0 0.00671953
0 0 0.00728882
0 0 0.00740328
0 0 0.0261448
0 0 0.017828
0 0 0.00643249
0 0 0.00658677
0 0 0.00823936
0 0 0.00743129
0 0 0.0137926
0 0 0.0088495
0 0 0.00762718
0 0 0.00779328
0 0 0.00710189
0 0 0.00781561
0 0 0.00875169
0 0 0.00754773
0 0 0.00918473
0 0 0.00984242
0 0 0.00953209
0 0 0.00979451
0 0 0.0104297
0 0 0.00997636
0 0 0.00687205
0 0 0.00699741
0 0 0.00695008
0 0 0.00695533
0 0 0.00685716
0 0 0.00810629
0 0 0.00804497
0 0 0.00826694
0 0 0.00741071
0 0 0.0074109
0 0 0.00740647
0 0 0.0219862
0 0 0.0242449
0 0 0.00712875
0 0 0.00706237
0 0 0.0089998
0 0 0.00850347
0 0 0.0117025
0 0 0.0109305
0 0 0.0114757
0 0 0.00747656
0 0 0.00751077
0 0 0.00742531
0 0 0.0105566
0 0 0.0106906
0 0 0.0114573
0 0 0.00773748
0 0 0.00764001
0 0 0.00764603
0 0 0.00797804
0 0 0.00783403
0 0 0.0193889
0 0 0.0190622
0 0 0.00852905
0 0 0.00862831
0 0 0.00884612
0 0 0.00718086
0 0 0.00724393
0 0 0.00723666
0 0 0.0074059
0 0 0.00755295
0 0 0.00761313
0 0 0.0082386
0 0 0.00811093
0 0 0.0085145
0 0 0.00729623
0 0 0.00724349
0 0 0.00799076
0 0 0.00828241
0 0 0.00727288
0 0 0.00719296
0 0 0.00731794
0 0 0.00877578
0 0 0.00817027
0 0 0.00701649
0 0 0.00685778
0 0 0.00717983
0 0 0.00717255
0 0 0.00696072
0 0 0.00723923
0 0 0.00712795
0 0 0.00711596
0 0 0.00697009
0 0 0.00682775
0 0 0.00706788
0 0 0.0112472
0 0 0.0121986
0 0 0.0076812
0 0 0.00776902
0 0 0.00789408
0 0 0.00696852
0 0 0.00704454
0 0 0.00736531
0 0 0.00734355
0 0 0.0134148
0 0 0.0138076
0 0 0.0125473
0 0 0.00974594
0 0 0.00766383
0 0 0.00750701
0 0 0.00757865
0 0 0.00734974
0 0 0.00740423
0 0 0.00726624
0 0 0.00727582
0 0 0.00722384
0 0 0.00721493
0 0 0.00715396
0 0 0.00740968
0 0 0.00741176
0 0 0.0118921
0 0 0.0114208
0 0 0.00745139
0 0 0.00752262
0 0 0.0076318
0 0 0.0115346
0 0 0.0120858
0 0 0.0111427
0 0 0.00835181
0 0 0.00849659
0 0 0.00714802
0 0 0.00718844
0 0 0.00734614
0 0 0.00737768
0 0 0.00736044
0 0 0.00783038
0 0 0.0111711
0 0 0.0106999
0 0 0.00739485
0 0 0.00744958
0 0 0.00608105
0 0 0.0062213
0 0 0.0092211
0 0 0.0097905
0 0 0.00935151
0 0 0.00968024
0 0 0.0103086
0 0 0.00728889
0 0 0.00736242
0 0 0.00709596
0 0 0.00737815
0 0 0.00747291
0 0 0.00681766
0 0 0.00673339
0 0 0.00739647
0 0 0.00738631
0 0 0.0104487
0 0 0.0100747
0 0 0.00737394
0 0 0.00673259
0 0 0.00705269
0 0 0.00711888
0 0 0.00708528
0 0 0.0074135
0 0 0.00748578
0 0 0.00736177
0 0 0.00736159
0 0 0.00738898
0 0 0.00737847
0 0 0.0109614
0 0 0.01175
0 0 0.00718487
0 0 0.00736636
0 0 0.00733284
0 0 0.00724914
0 0 0.00739849
0 0 0.00740501
0 0 0.00792095
0 0 0.00766364
0 0 0.00683077
0 0 0.00786483
0 0 0.00794548
0 0 0.0079636
0 0 0.0080929
0 0 0.00797422
0 0 0.00712582
0 0 0.00714741
0 0 0.00690741
0 0 0.00716384
0 0 0.00603431
0 0 0.00632266
0 0 0.00873363
0 0 0.00845122
0 0 0.00667928
0 0 0.00651552
0 0 0.00674681
0 0 0.00669605
0 0 0.00703522
0 0 0.00701951
0 0 0.00742275
0 0 0.00759801
0 0 0.00649741
0 0 0.00661558
0 0 0.00752655
0 0 0.00748523
0 0 0.00750349
0 0 0.00743882
0 0 0.00747932
0 0 0.00743668
0 0 0.00794288
0 0 0.00764688
0 0 0.0076284
0 0 0.00931989
0 0 0.00897791
0 0 0.00883432
0 0 0.00696641
0 0 0.00702227
0 0 0.00699196
0 0 0.00710772
0 0 0.00707529
0 0 0.0101988
0 0 0.00732384
0 0 0.00664008
0 0 0.00658138
0 0 0.00740783
0 0 0.00751063
0 0 0.00746816
0 0 0.00673554
0 0 0.00685424
0 0 0.00683776
0 0 0.00774961
0 0 0.00768686
0 0 0.00777949
0 0 0.0073861
0 0 0.00737381
0 0 0.0122657
0 0 0.0122141
0 0 0.00731079
0 0 0.00754426
0 0 0.00705025
0 0 0.00691658
0 0 0.00709692
0 0 0.00699805
0 0 0.00581814
0 0 0.00602363
0 0 0.00596556
0 0 0.0143734
0 0 0.0157151
0 0 0.015555
0 0 0.00750737
0 0 0.00752427
0 0 0.00742032
0 0 0.00771375
0 0 0.00752726
0 0 0.00759384
0 0 0.00762609
0 0 0.00764017
0 0 0.00740647
0 0 0.00787362
0 0 0.0079331
0 0 0.00780403
0 0 0.00746761
0 0 0.00747449
0 0 0.00805064
0 0 0.0184834
0 0 0.0170923
0 0 0.00739107
0 0 0.00742037
0 0 0.0074233
0 0 0.00741587
0 0 0.00964119
0 0 0.00985451
0 0 0.00740652
0 0 0.00754574
0 0 0.00757562
0 0 0.0154555
0 0 0.00732135
0 0 0.00736923
0 0 0.0132764
0 0 0.0134559
0 0 0.00980443
0 0 0.01035
0 0 0.00755924
0 0 0.00781302
0 0 0.007454
0 0 0.0133256
0 0 0.012542
0 0 0.00748966
0 0 0.00746299
0 0 0.00740789
0 0 0.00740681
0 0 0.00648687
0 0 0.00716817
0 0 0.00876753
0 0 0.00920883
0 0 0.0134436
0 0 0.0068995
0 0 0.00636548
0 0 0.00735691
0 0 0.00732241
0 0 0.00746143
0 0 0.00748824
0 0 0.00745211
0 0 0.00806005
0 0 0.00752676
0 0 0.0153205
0 0 0.00716338
0 0 0.00805969
0 0 0.00801509
0 0 0.00780542
0 0 0.0076998
0 0 0.0104684
0 0 0.0137459
0 0 0.0129225
0 0 0.00744928
0 0 0.00744345
0 0 0.00948102
0 0 0.00736868
0 0 0.00680977
0 0 0.00691648
0 0 0.00620971
0 0 0.00835273
0 0 0.0174578
0 0 0.0104516
0 0 0.00779397
0 0 0.00791649
0 0 0.00658893
0 0 0.00763863
0 0 0.00766337
0 0 0.00677867
0 0 0.0076997
0 0 0.00771242
0 0 0.00791408
0 0 0.00782756
0 0 0.00957812
0 0 0.00939925
0 0 0.00738334
0 0 0.00739736
0 0 0.00734144
0 0 0.00741781
0 0 0.0087039
0 0 0.00708586
0 0 0.00716795
0 0 0.00744167
0 0 0.00742554
0 0 0.0062148
0 0 0.00606585
0 0 0.00762474
0 0 0.00752906
0 0 0.00741021
0 0 0.00752269
0 0 0.00842625
0 0 0.00855619
0 0 0.00944326
0 0 0.00889351
0 0 0.00773305
0 0 0.00783919
0 0 0.0081303
0 0 0.00795918
0 0 0.00810839
0 0 0.00717336
0 0 0.00729447
0 0 0.00731828
0 0 0.00661306
0 0 0.0123466
0 0 0.0115493
0 0 0.00651995
0 0 0.00644986
0 0 0.00666191
0 0 0.0067031
0 0 0.00743702
0 0 0.00743841
0 0 0.00846245
0 0 0.00818501
0 0 0.00826273
0 0 0.00815378
0 0 0.00849739
0 0 0.0068493
0 0 0.00740042
0 0 0.00711239
0 0 0.00727599
0 0 0.00730579
0 0 0.00729905
0 0 0.00657314
0 0 0.00681197
0 0 0.00713035
0 0 0.00757331
0 0 0.00759857
0 0 0.00923883
0 0 0.00919689
0 0 0.00645639
0 0 0.00656208
0 0 0.00626381
0 0 0.00872915
0 0 0.0127657
0 0 0.0131004
0 0 0.00840387
0 0 0.00720627
0 0 0.00735175
0 0 0.00736153
0 0 0.00733423
0 0 0.0230332
0 0 0.0274055
0 0 0.00803183
0 0 0.00820239
0 0 0.00764432
0 0 0.00776525
0 0 0.00651762
0 0 0.00681088
0 0 0.00670266
0 0 0.00742147
0 0 0.00741646
0 0 0.00741578
0 0 0.0107784
0 0 0.00946312
0 0 0.0101881
0 0 0.00880317
0 0 0.00858672
0 0 0.0294906
0 0 0.0241724
0 0 0.00705103
0 0 0.00742638
0 0 0.00737271
0 0 0.00734276
0 0 0.0074063
0 0 0.00718396
0 0 0.0162105
0 0 0.014705
0 0 0.00722676
0 0 0.00716833
0 0 0.00676934
0 0 0.00683896
0 0 0.00721239
0 0 0.0089649
0 0 0.00923635
0 0 0.00894662
0 0 0.00893591
0 0 0.00814415
0 0 0.00741455
0 0 0.00739898
0 0 0.00668767
0 0 0.00665468
0 0 0.00909942
0 0 0.00939168
0 0 0.00731098
0 0 0.00727048
0 0 0.0173465
0 0 0.0192738
0 0 0.00738826
0 0 0.0068944
0 0 0.00775672
0 0 0.00731833
0 0 0.00718521
0 0 0.00723954
0 0 0.00745228
0 0 0.00743004
0 0 0.0133588
0 0 0.010591
0 0 0.00697575
0 0 0.00696824
0 0 0.00744333
0 0 0.00740477
0 0 0.00740126
0 0 0.00685542
0 0 0.00791593
0 0 0.0077429
0 0 0.00783445
0 0 0.00780562
0 0 0.00753859
0 0 0.00656158
0 0 0.00649183
0 0 0.00809055
0 0 0.00682019
0 0 0.00669324
0 0 0.00741132
0 0 0.00740649
0 0 0.00740074
0 0 0.00814878
0 0 0.00756848
0 0 0.00646646
0 0 0.00758565
0 0 0.00740877
0 0 0.00815933
0 0 0.0080384
0 0 0.00653833
0 0 0.00651056
0 0 0.00729583
0 0 0.0076788
0 0 0.0218007
0 0 0.0196144
0 0 0.00887718
0 0 0.009166
0 0 0.00728711
0 0 0.00854749
0 0 0.00859151
0 0 0.00740443
0 0 0.00915919
0 0 0.00762666
0 0 0.00654865
0 0 0.00737267
0 0 0.0160931
0 0 0.0166305
0 0 0.00822774
0 0 0.00849862
0 0 0.00912494
0 0 0.0144796
0 0 0.0103331
0 0 0.0073961
0 0 0.00740888
0 0 0.00668702
0 0 0.00593421
0 0 0.00577795
0 0 0.00851294
0 0 0.00852468
0 0 0.00635537
0 0 0.00629829
0 0 0.0158776
0 0 0.0162258
0 0 0.00887018
0 0 0.00905805
0 0 0.00724813
0 0 0.00740577
0 0 0.00696293
0 0 0.00740505
0 0 0.00742116
0 0 0.00687194
0 0 0.00978341
0 0 0.00827243
0 0 0.00742341
0 0 0.00868776
0 0 0.0141674
0 0 0.00742631
0 0 0.00644945
0 0 0.00906631
0 0 0.00760068
0 0 0.00668044
0 0 0.00670126
0 0 0.0081244
0 0 0.00815165
0 0 0.0073015
0 0 0.00733591
0 0 0.00740794
0 0 0.0066718
0 0 0.00788231
0 0 0.007435
0 0 0.00749601
0 0 0.0063764
0 0 0.00631986
0 0 0.00740855
0 0 0.00744076
0 0 0.00755375
0 0 0.00853047
0 0 0.00747835
0 0 0.00843875
0 0 0.00864096
0 0 0.0150747
0 0 0.014431
0 0 0.00754316
0 0 0.00752328
0 0 0.00760248
0 0 0.00749633
0 0 0.00830966
0 0 0.00837736
0 0 0.0100999
0 0 0.00820331
0 0 0.00741578
0 0 0.00737519
0 0 0.00735054
0 0 0.00748913
0 0 0.00977936
0 0 0.00829244
0 0 0.00745103
0 0 0.00954988
0 0 0.00760142
0 0 0.014063
0 0 0.00642922
0 0 0.00657112
0 0 0.00528235
0 0 -0.00372192
0 0 0.0152303
0 0 0.00216806
0 0 0.00661073
0 0 -0.0069065
0 0 -0.0110401
0 0 -0.0123584
0 0 0.0105559
0 0 0.0191811
0 0 0.0247236
0 0 0.0065181
0 0 0.00618962
0 0 -0.00367127
0 0 0.00256122
0 0 0.00583145
0 0 0.00592165
0 0 0.0294932
0 0 -0.0130265
0 0 0.00885985
0 0 0.0043485
0 0 -0.0132453
0 0 0.0156509
0 0 0.00591758
0 0 -0.0167766
0 0 0.024894
0 0 0.00627042
0 0 0.00571798
0 0 0.00763275
0 0 0.00683913
0 0 0.00154532
0 0 0.011125
0 0 -0.00993934
0 0 0.00670723
0 0 -0.00251197
0 0 -0.0180156
0 0 0.00866393
0 0 0.0215912
0 0 0.00489414
0 0 0.00574205
0 0 0.0310182
0 0 0.00746647
0 0 -0.0172015
0 0 0.00561858
0 0 0.00571095
0 0 -0.0135914
0 0 -0.00708483
0 0 0.00167375
0 0 0.0123317
0 0 0.00769971
0 0 0.0290857
0 0 -0.0186786
0 0 -0.00693982
0 0 0.00605215
0 0 0.00607609
0 0 0.00560811
0 0 0.00670515
0 0 0.00567325
0 0 -0.00297164
0 0 0.0166382
0 0 0.00175306
0 0 0.00627552
0 0 -0.0170115
0 0 0.0162924
0 0 0.00628569
0 0 0.0055701
0 0 0.00583814
0 0 0.00614063
0 0 0.0100901
0 0 0.00823403
0 0 -0.0198728
0 0 -0.0204437
0 0 0.0126546
0 0 0.0112087
0 0 0.023216
0 0 0.0211699
0 0 0.0105477
0 0 0.00981938
0 0 0.0118112
0 0 0.00730192
0 0 0.00661588
0 0 0.00604501
0 0 0.00191506
0 0 0.00314676
0 0 0.00316438
0 0 0.000118359
0 0 0.0135803
0 0 -0.0199277
0 0 -0.0197901
0 0 0.0168768
0 0 0.0225574
0 0 0.0195774
0 0 0.0280501
0 0 0.0267281
0 0 0.00607653
0 0 0.00637952
0 0 0.00648475
0 0 0.00608121
0 0 0.00630519
0 0 0.00532971
0 0 0.00547512
0 0 0.00482875
0 0 0.00514145
0 0 0.00620779
0 0 0.00701055
0 0 0.0198457
0 0 0.0163086
0 0 0.00825469
0 0 0.00591982
0 0 0.00820949
0 0 0.00866377
0 0 0.00464543
0 0 0.00374583
0 0 0.0100322
0 0 0.00875762
0 0 0.0043375
0 0 0.00538377
0 0 0.0320548
0 0 0.0304598
0 0 0.0330728
0 0 0.00171093
0 0 -0.00154775
0 0 -0.00234346
0 0 0.013731
0 0 0.0150762
0 0 -0.0175453
0 0 -0.0150069
0 0 -0.015112
0 0 0.00803474
0 0 0.00932683
0 0 0.00677275
0 0 0.00646232
0 0 0.00765939
0 0 0.00953132
0 0 0.0113356
0 0 0.00901226
0 0 -0.0193277
0 0 -0.017691
0 0 0.00550945
0 0 0.00556249
0 0 0.0191312
0 0 0.0182439
0 0 -0.000262207
0 0 -0.000649872
0 0 0.00219244
0 0 0.00672912
0 0 0.00618953
0 0 0.00691823
0 0 0.00583472
0 0 0.00582523
0 0 0.00601472
0 0 0.00609622
0 0 0.00623294
0 0 0.00594339
0 0 0.00708935
0 0 0.00731122
0 0 0.00408628
0 0 0.00298249
0 0 -0.00843236
0 0 -0.00985825
0 0 -0.0118859
0 0 -0.0208377
0 0 -0.0175688
0 0 0.00698808
0 0 0.00649905
0 0 0.0075801
0 0 -0.00527953
0 0 -0.00110909
0 0 0.0235393
0 0 0.0251118
0 0 0.00578196
0 0 0.00606315
0 0 0.00646703
0 0 0.00657883
0 0 -0.00947812
0 0 -0.0122573
0 0 -0.00994846
0 0 0.0191567
0 0 0.0234913
0 0 -0.00686617
0 0 0.00568859
0 0 0.00593691
0 0 0.0056367
0 0 0.00517955
0 0 0.00532028
0 0 -0.0110876
0 0 -0.0129056
0 0 0.0141419
0 0 0.0128704
0 0 0.0177879
0 0 0.0328234
0 0 0.032352
0 0 -0.0194235
0 0 -0.018543
0 0 -0.0134972
0 0 0.00647557
0 0 -0.00568098
0 0 0.00130711
0 0 -0.000446141
0 0 0.00550218
0 0 0.00567357
0 0 0.00558687
0 0 0.00576998
0 0 0.00765555
0 0 0.00681437
0 0 0.00545106
0 0 0.0057666
0 0 0.00562065
0 0 -0.0121337
0 0 -0.0145287
0 0 -0.0138561
0 0 0.0218721
0 0 0.0250935
0 0 0.00548683
0 0 0.00443547
0 0 0.02722
0 0 0.0250677
0 0 0.0056734
0 0 0.00626525
0 0 0.00611806
0 0 0.00568653
0 0 0.00588802
0 0 0.00605056
0 0 -0.00068399
0 0 -0.00354309
0 0 0.00646276
0 0 -0.002411
0 0 -0.00481255
0 0 0.00790018
0 0 0.0052898
0 0 0.0070116
0 0 0.00711748
0 0 0.00767434
0 0 0.00563786
0 0 0.00517708
0 0 0.00600553
0 0 0.00617375
0 0 0.00551003
0 0 0.00430932
0 0 0.00384934
0 0 -0.017831
0 0 -0.0207929
0 0 0.0303824
0 0 0.0270728
0 0 0.00551647
0 0 0.00552497
0 0 -0.00469347
0 0 -0.00156975
0 0 0.00801889
0 0 0.00754353
0 0 0.013557
0 0 0.00617871
0 0 0.00599223
0 0 0.00547824
0 0 0.00866518
0 0 -0.0141759
0 0 -0.0156707
0 0 0.0267539
0 0 0.00628634
0 0 0.0277349
0 0 0.0301992
0 0 -0.00665636
0 0 -0.015184
0 0 0.00589127
0 0 0.00580152
0 0 0.0185223
0 0 0.0203305
0 0 -0.0180399
0 0 -0.014711
0 0 0.00540981
0 0 0.0159891
0 0 0.00634854
0 0 0.00543699
0 0 -0.0149427
0 0 -0.016354
0 0 -0.00670935
0 0 -0.00473197
0 0 -0.00319482
0 0 0.000227911
0 0 0.0312825
0 0 -0.00732965
0 0 -0.00953513
0 0 -0.0202653
0 0 0.00251345
0 0 -0.000117683
0 0 0.0136027
0 0 0.0110723
0 0 0.00560272
0 0 0.00606454
0 0 -0.0086243
0 0 -0.0182371
0 0 0.00586206
0 0 0.00561075
0 0 0.00591309
0 0 0.0157816
0 0 -0.00872093
0 0 -0.012897
0 0 -0.00866876
0 0 -0.00890662
0 0 -0.00946329
0 0 0.00577189
0 0 0.00583211
0 0 0.00557754
0 0 -0.00557666
0 0 -0.00481013
0 0 -0.000505016
0 0 0.00422688
0 0 -0.0150253
0 0 0.0159635
0 0 -0.0153263
0 0 0.0142827
0 0 -0.00523409
0 0 0.00213255
0 0 0.0318944
0 0 -0.0140681
0 0 0.0320943
0 0 0.00264405
0 0 0.0012442
0 0 0.00299644
0 0 0.000607272
0 0 0.00158554
0 0 0.00281456
0 0 0.00215071
0 0 0.0035833
0 0 0.000935503
0 0 0.000702763
0 0 0.00205784
0 0 0.00273578
0 0 0.00353613
0 0 0.000123412
0 0 0.00149199
0 0 0.00143682
0 0 0.00435185
0 0 0.00194876
0 0 0.000498251
0 0 0.00276788
0 0 0.00141558
0 0 0.00102709
0 0 0.00259213
0 0 0.00316337
0 0 0.000402747
0 0 0.000883685
0 0 0.00223014
0 0 0.00216136
0 0 0.0032416
0 0 0.00169251
0 0 0.00430356
0 0 0.00356734
0 0 0.00139329
0 0 0.000524397
0 0 0.00320065
0 0 0.000839697
0 0 0.0019329
0 0 0.00320599
0 0 0.000451066
0 0 0.00253437
0 0 0.00281538
0 0 0.00241688
0 0 -0.000493014
0 0 0.000208019
0 0 0.00171564
0 0 0.00305651
0 0 0.00258999
0 0 0.00106817
0 0 0.000897546
0 0 0.00380338
0 0 0.000201243
0 0 0.000731312
0 0 0.00237426
0 0 0.0042365
0 0 0.000477954
0 0 0.00201084
0 0 0.00292178
0 0 4.27247e-05
0 0 0.00124437
0 0 0.000429457
0 0 0.000447973
0 0 0.00304148
0 0 0.00115643
0 0 0.00346745
0 0 0.00182251
0 0 0.00372405
0 0 0.00226185
0 0 0.00135532
0 0 0.00460684
0 0 0.000555894
0 0 0.00244336
0 0 0.00281985
0 0 0.00117534
0 0 0.000997089
0 0 0.00335305
0 0 0.000502732
0 0 0.0022672
0 0 0.00368197
0 0 0.00172668
0 0 0.000161329
0 0 0.00414696
0 0 0.0017467
0 0 0.0031593
0 0 0.000971091
0 0 0.00247837
0 0 0.000220927
0 0 0.00243606
0 0 -0.00349272
0 0 0.00246225
0 0 0.000753306
0 0 0.00275842
0 0 0.00112231
0 0 0.000549437
0 0 0.000259261
0 0 0.00288176
0 0 0.00188246
0 0 0.00121959
0 0 0.00211299
0 0 0.000162497
0 0 0.00164383
0 0 0.00373662
0 0 0.00238177
0 0 0.00310338
0 0 0.000699314
0 0 0.00163324
0 0 0.00291835
0 0 0.00206206
0 0 0.000141275
0 0 0.000794099
0 0 0.000343242
0 0 0.00346724
0 0 0.000714502
0 0 0.00102109
0 0 0.00407603
0 0 0.0040647
0 0 0.00187518
0 0 0.000236344
0 0 0.00296515
0 0 0.000788758
0 0 0.00159765
0 0 0.0022557
0 0 0.000919451
0 0 0.00153066
0 0 0.00279242
0 0 0.0014688
0 0 0.000376074
0 0 0.00254877
0 0 0.000228732
0 0 0.000466207
0 0 0.00292329
0 0 0.00277643
0 0 0.000569217
0 0 0.00475157
0 0 0.00293439
0 0 0.0035059
0 0 0.000220058
0 0 0.00247966
0 0 0.000498282
0 0 0.00204861
0 0 0.00152019
0 0 0.000688789
0 0 0.00253919
0 0 0.000985643
0 0 0.00294103
0 0 0.00199451
0 0 0.00222878
0 0 0.00384496
0 0 0.00474156
0 0 0.00328696
0 0 0.00487016
0 0 0.00367955
0 0 0.00427898
0 0 0.00038075
0 0 0.0028194
0 0 0.00312038
0 0 0.00335485
0 0 0.000746113
0 0 0.000807478
0 0 0.000597418
0 0 0.00351029
0 0 0.000463683
0 0 0.00166943
0 0 0.00066622
0 0 0.00123952
0 0 0.00216474
0 0 -0.000873396
0 0 0.00140452
0 0 0.0011567
0 0 0.000557365
0 0 0.00254051
0 0 0.00197723
0 0 0.0048568
0 0 0.000273238
0 0 0.00255982
0 0 0.000124753
0 0 0.000718942
0 0 0.00283638
0 0 0.00182249
0 0 0.00387442
0 0 0.00304641
0 0 0.00343602
0 0 0.00327263
0 0 0.00209369
0 0 0.00123961
0 0 0.000514996
0 0 0.00155471
0 0 0.00389149
0 0 0.00310911
0 0 0.00136115
0 0 0.00259029
0 0 0.000167625
0 0 0.000118028
0 0 0.00440154
0 0 0.00243189
0 0 0.00384435
0 0 0.00106417
0 0 0.000475499
0 0 0.00238261
0 0 0.000705823
0 0 0.000528461
0 0 0.00218558
0 0 0.00172427
0 0 0.00197801
0 0 0.00383048
0 0 0.00191751
0 0 0.000117428
0 0 0.000155418
0 0 0.00233182
0 0 0.00106918
0 0 0.000290299
0 0 0.00294488
0 0 0.00176318
0 0 0.00262075
0 0 0.00424853
0 0 0.0008423
0 0 0.00381391
0 0 0.00324643
0 0 0.000149432
0 0 0.000538411
0 0 0.00146688
0 0 0.00277327
0 0 0.000905801
0 0 0.00128534
0 0 0.00291223
0 0 0.00205419
0 0 0.000626915
0 0 0.00280921
0 0 -2.03775e-05
0 0 0.00406392
0 0 0.000720101
0 0 0.00102296
0 0 0.000374751
0 0 0.00302117
0 0 0.00290874
0 0 0.00169446
0 0 0.00264409
0 0 0.00040942
0 0 0.00048974
0 0 0.00471344
0 0 0.000938051
0 0 0.00190752
0 0 0.00304976
0 0 0.000416893
0 0 0.00113896
0 0 0.00140976
0 0 0.00183493
0 0 0.00307575
0 0 0.000961057
0 0 0.00307331
0 0 0.00202207
0 0 -0.00754432
0 0 0.00114833
0 0 0.00384618
0 0 0.00195325
0 0 0.00120146
0 0 0.00302901
0 0 0.00339278
0 0 0.00237087
0 0 0.00145008
0 0 0.00054771
0 0 0.00381829
0 0 -4.9524e-05
0 0 0.000569767
0 0 0.00319977
0 0 0.000410525
0 0 0.000908911
0 0 7.95531e-05
0 0 0.00265189
0 0 0.000217802
0 0 0.000201192
0 0 0.00176459
0 0 -0.00251629
0 0 0.00223252
0 0 0.00282415
0 0 0.00415729
0 0 0.00519389
0 0 0.00230668
0 0 0.00289246
0 0 0.0017456
0 0 0.0010066
0 0 0.00109907
0 0 0.00142222
0 0 0.00246927
0 0 0.000912053
0 0 0.00259439
0 0 0.000473657
0 0 0.00299483
0 0 0.000277336
0 0 0.00274903
0 0 0.00123995
0 0 0.00349888
0 0 0.0013536
0 0 0.00276103
0 0 0.000212416
0 0 -0.00034991
0 0 0.000374917
0 0 0.0034533
0 0 0.000361278
0 0 0.002287
0 0 0.00137936
0 0 0.00151423
0 0 -0.000154291
0 0 0.00133345
0 0 0.000819586
0 0 0.000383866
0 0 0.00105506
0 0 0.0027687
0 0 0.000634148
0 0 0.00465155
0 0 0.00107751
0 0 0.004972
0 0 0.000594374
0 0 0.00243436
0 0 0.00326054
0 0 0.00174892
0 0 0.00382819
0 0 0.00204453
0 0 0.000332117
0 0 0.00366795
0 0 0.0022412
0 0 0.00353342
0 0 0.00105829
0 0 0.00213569
0 0 0.000358559
0 0 0.0033795
0 0 0.00115629
0 0 0.00152259
0 0 -0.00212531
0 0 0.000943207
0 0 0.000546252
0 0 0.000469657
0 0 0.000442174
0 0 0.00363638
0 0 0.000440359
0 0 0.00016788
0 0 0.000157182
0 0 0.00417456
0 0 0.000942237
0 0 0.00466605
0 0 0.00288382
0 0 0.00081424
0 0 5.78124e-05
0 0 0.00439747
0 0 0.000427304
0 0 0.000766665
0 0 0.00327583
0 0 0.0018441
0 0 0.00143624
0 0 0.00231225
0 0 0.00293406
0 0 0.00225616
0 0 0.00418955
0 0 0.00311868
0 0 0.00127536
0 0 -0.00475154
0 0 0.00237518
0 0 0.00249237
0 0 0.000341733
0 0 0.00439059
0 0 0.00115454
0 0 0.0020653
0 0 0.00206002
0 0 0.00159738
0 0 0.000491326
0 0 0.00450317
0 0 0.000497925
0 0 0.00298237
0 0 0.0029143
0 0 0.00235156
0 0 0.00261928
0 0 0.00206353
0 0 0.0025816
0 0 0.000392173
0 0 0.00264676
0 0 0.00303875
0 0 0.0018774
0 0 8.4748e-05
0 0 0.00423136
0 0 0.000621268
0 0 0.00463104
0 0 0.00195218
0 0 0.00151343
0 0 0.00176292
0 0 0.000650413
0 0 0.0002821
0 0 0.00399876
0 0 0.000512002
0 0 0.00122276
0 0 7.97696e-05
0 0 0.00240904
0 0 0.00175144
0 0 0.000787196
0 0 0.00118608
0 0 0.000849843
0 0 0.00264756
0 0 0.0028559
0 0 0.00350931
0 0 0.00106755
0 0 0.00268799
0 0 0.00118295
0 0 0.0011103
0 0 0.00216336
0 0 0.00489749
0 0 0.00135516
0 0 0.00300231
0 0 0.00235978
0 0 0.00315351
0 0 0.00332539
0 0 0.00241276
0 0 0.00203815
0 0 0.00353546
0 0 0.00433437
0 0 0.00286093
0 0 0.00357509
0 0 -3.50501e-05
0 0 0.00295462
0 0 0.00158322
0 0 0.00107646
0 0 0.00418618
0 0 0.00173071
0 0 0.00121244
0 0 0.0040953
0 0 0.000849239
0 0 0.00268001
0 0 0.00325788
0 0 0.000604751
0 0 0.00294898
0 0 0.00299023
0 0 0.00290559
0 0 0.00154154
0 0 0.000423955
0 0 0.00259125
0 0 0.000756455
0 0 0.00291681
0 0 0.000673514
0 0 0.000763949
0 0 0.000990618
0 0 9.36698e-05
0 0 0.00168321
0 0 0.00254042
0 0 0.000557726
0 0 0.000305912
0 0 0.000678932
0 0 0.00187149
0 0 0.000127117
0 0 0.00412811
0 0 0.00275541
0 0 3.90663e-06
0 0 0.00341565
0 0 0.00274818
0 0 0.000823262
0 0 0.00229972
0 0 0.00467578
0 0 -6.98455e-05
0 0 0.000677234
0 0 0.00329561
0 0 0.0039986
0 0 0.00384825
0 0 0.000612227
0 0 0.00310526
0 0 0.00159626
0 0 0.000109253
0 0 0.00235633
0 0 0.00435014
0 0 0.00327369
0 0 -0.000201215
0 0 0.00154537
0 0 0.0026105
0 0 0.000109242
0 0 4.38342e-05
0 0 0.000155104
0 0 0.00332432
0 0 0.00167522
0 0 0.0021467
0 0 0.000104817
0 0 0.0015776
0 0 0.00319815
0 0 0.00204459
0 0 0.00185923
0 0 -0.000496442
0 0 0.00372394
0 0 0.00185966
0 0 0.0024832
0 0 0.00273875
0 0 0.000748046
0 0 0.000371762
0 0 0.000321487
0 0 -0.000494999
0 0 0.00152603
0 0 0.00156294
0 0 0.000151477
0 0 0.000753241
0 0 0.00174893
0 0 0.00160551
0 0 0.00364231
0 0 0.00402376
0 0 0.00268312
0 0 0.00135308
0 0 0.00102945
0 0 0.00245836
0 0 0.00225044
0 0 0.000466437
0 0 0.00129338
0 0 0.00351241
0 0 0.000555101
0 0 0.00263688
0 0 0.000722061
0 0 0.00220467
0 0 0.00275897
0 0 0.00358725
0 0 0.000911986
0 0 0.004414
0 0 0.00206327
0 0 0.00322792
0 0 -6.59585e-05
0 0 0.00136836
0 0 0.00374053
0 0 0.00308688
0 0 0.000616742
0 0 0.0046054
0 0 0.00224974
0 0 0.00232591
0 0 0.00172564
0 0 0.000776438
0 0 -0.000147371
0 0 0.0049813
0 0 0.000721371
0 0 0.00381403
0 0 0.000449786
0 0 0.000277657
0 0 0.00288968
0 0 0.00217169
0 0 0.000819723
0 0 0.00249067
0 0 0.00131991
0 0 0.00159834
0 0 0.00222403
0 0 0.00326222
0 0 0.00126421
0 0 0.000988159
0 0 0.0028056
0 0 0.000296867
0 0 0.00309433
0 0 0.0016833
0 0 0.0018345
0 0 0.000490861
0 0 9.79494e-05
0 0 0.00109218
0 0 0.000488236
0 0 0.00276174
0 0 0.00237621
0 0 0.00308875
0 0 0.00287936
0 0 0.00155448
0 0 0.00391867
0 0 0.00290704
0 0 0.00126791
0 0 0.000948183
0 0 0.00187471
0 0 0.00181877
0 0 0.00347851
0 0 -0.000440666
0 0 0.000755724
0 0 0.000510268
0 0 0.000428927
0 0 9.96436e-05
0 0 0.00294077
0 0 0.00140146
0 0 0.000231905
0 0 0.00315059
0 0 0.00285564
0 0 0.00289438
0 0 0.000947993
0 0 0.00089325
0 0 0.00497425
0 0 0.00217293
0 0 0.00266792
0 0 0.0028929
0 0 0.00122227
0 0 0.00195184
0 0 0.00266966
0 0 0.00201831
0 0 0.00212737
0 0 0.000401685
0 0 0.00169858
0 0 0.00194312
0 0 0.0031256
0 0 0.000858394
0 0 0.000885839
0 0 0.00363001
0 0 9.15792e-05
0 0 0.000598365
0 0 0.00413847
0 0 0.004191
0 0 0.00394499
0 0 0.00387792
0 0 0.00402092
0 0 0.00380989
0 0 0.00110984
0 0 0.0011218
0 0 0.00124128
0 0 0.00102607
0 0 0.00115885
0 0 0.000415573
0 0 0.000394512
0 0 0.000434421
0 0 0.00170035
0 0 0.0015957
0 0 0.0014611
0 0 0.00171579
0 0 0.0016153
0 0 0.00233448
0 0 0.00237968
0 0 0.00241191
0 0 0.000836727
0 0 0.00075185
0 0 0.000826163
0 0 0.000501966
0 0 0.00050807
0 0 0.000392631
0 0 0.000472231
0 0 0.000413078
0 0 0.00224252
0 0 0.00219121
0 0 0.00339562
0 0 0.00320351
0 0 0.00320654
0 0 0.000179069
0 0 0.000392401
0 0 0.00140738
0 0 0.00135442
0 0 0.00140279
0 0 0.00127259
0 0 0.00125793
0 0 0.000489934
0 0 0.00054719
0 0 0.000558003
0 0 3.52714e-05
0 0 5.05581e-05
0 0 0.00126308
0 0 0.001431
0 0 0.00144654
0 0 0.00293328
0 0 0.00303122
0 0 0.00301807
0 0 0.000473924
0 0 0.000524789
0 0 0.000352161
0 0 0.000725383
0 0 0.000758787
0 0 0.00073075
0 0 0.000706665
0 0 0.000559039
0 0 0.000691312
0 0 0.00278494
0 0 0.00274139
0 0 0.00268671
0 0 0.0022883
0 0 0.00239519
0 0 0.00237224
0 0 0.0021396
0 0 0.00228383
0 0 0.00208574
0 0 0.00327955
0 0 0.00336786
0 0 0.00335544
0 0 0.00387829
0 0 0.00394438
0 0 0.00375348
0 0 0.0024558
0 0 0.00255119
0 0 -3.44497e-06
0 0 -2.46672e-05
0 0 0.00414043
0 0 0.00377037
0 0 0.00256257
0 0 0.00264431
0 0 0.00256345
0 0 0.00124627
0 0 0.00470458
0 0 0.00482533
0 0 0.000264132
0 0 0.00025306
0 0 0.000263087
0 0 0.00344035
0 0 0.00328433
0 0 0.00337172
0 0 2.95161e-05
0 0 3.86902e-05
0 0 0.0028037
0 0 0.00279901
0 0 0.00223541
0 0 0.00393566
0 0 0.00381777
0 0 0.000407503
0 0 0.00207042
0 0 0.00198271
0 0 0.00205188
0 0 0.0024748
0 0 0.00236833
0 0 0.00196842
0 0 0.0020377
0 0 0.00210028
0 0 0.000593571
0 0 0.000689202
0 0 0.000361077
0 0 0.000145099
0 0 0.000285539
0 0 0.00270294
0 0 0.00261367
0 0 0.00269998
0 0 0.000168979
0 0 8.58474e-05
0 0 3.63549e-05
0 0 0.00214868
0 0 0.00207488
0 0 0.00053292
0 0 0.000580235
0 0 0.0039844
0 0 0.00335099
0 0 0.0036612
0 0 0.00324823
0 0 0.00339542
0 0 0.0023164
0 0 0.00240961
0 0 0.00238462
0 0 0.00129718
0 0 0.00125478
0 0 0.00119163
0 0 0.00270143
0 0 0.00270148
0 0 0.00282452
0 0 0.00286084
0 0 -0.000446292
0 0 0.000229444
0 0 0.000365153
0 0 0.00226328
0 0 0.00234434
0 0 0.00223359
0 0 0.0027991
0 0 0.00271095
0 0 0.000747248
0 0 0.000656146
0 0 0.000470179
0 0 0.000749777
0 0 0.000553846
0 0 0.000743349
0 0 0.00510634
0 0 0.004806
0 0 0.00499249
0 0 0.000678312
0 0 0.000652614
0 0 0.00051721
0 0 0.000170672
0 0 5.04974e-05
0 0 0.00186511
0 0 0.00187372
0 0 0.00433918
0 0 0.0044608
0 0 0.000268917
0 0 0.000331166
0 0 0.0022082
0 0 0.00213425
0 0 0.00288682
0 0 0.00282475
0 0 0.00284864
0 0 0.00146919
0 0 0.00147399
0 0 0.00139237
0 0 0.00312413
0 0 0.00289364
0 0 0.0030538
0 0 -0.000781744
0 0 0.00160886
0 0 0.00150619
0 0 0.00152124
0 0 0.00321242
0 0 0.00310177
0 0 0.000691244
0 0 -0.000382828
0 0 0.000412167
0 0 0.000356148
0 0 0.00126308
0 0 0.000868603
0 0 0.000761775
0 0 0.00342311
0 0 0.00343465
0 0 0.00361663
0 0 0.00265247
0 0 0.00266868
0 0 0.00258302
0 0 0.000108734
0 0 7.45782e-06
0 0 0.00431063
0 0 0.00410487
0 0 0.0049911
0 0 0.00471894
0 0 0.0050064
0 0 0.00282359
0 0 0.00261689
0 0 0.00256984
0 0 0.00268774
0 0 0.00294372
0 0 0.00285712
0 0 0.00296434
0 0 0.00351169
0 0 0.0034214
0 0 0.003663
0 0 0.00387625
0 0 0.00382894
0 0 0.000243531
0 0 0.000192121
0 0 0.000268138
0 0 0.000907389
0 0 0.00296085
0 0 0.00305183
0 0 0.000931281
0 0 0.000780787
0 0 0.000837671
0 0 0.000165222
0 0 0.000320487
0 0 0.000281671
0 0 0.00348058
0 0 0.00336014
0 0 0.00350815
0 0 0.00109836
0 0 0.00115298
0 0 0.00115353
0 0 0.00115585
0 0 0.00123131
0 0 0.000796476
0 0 0.000904711
0 0 0.00170929
0 0 0.00167109
0 0 0.00179989
0 0 0.000731666
0 0 0.000607149
0 0 0.0030739
0 0 0.00294121
0 0 0.00306393
0 0 0.00133545
0 0 0.00142092
0 0 0.00136151
0 0 0.00366211
0 0 0.00364632
0 0 0.00349366
0 0 0.00310481
0 0 0.00318123
0 0 0.00327014
0 0 0.0008242
0 0 0.00105757
0 0 0.00266486
0 0 0.00274272
0 0 0.000161322
0 0 6.78591e-05
0 0 4.85764e-05
0 0 0.00511052
0 0 0.00493415
0 0 0.00275362
0 0 0.0026633
0 0 0.00118728
0 0 0.00124559
0 0 0.00158403
0 0 0.00271618
0 0 0.00279498
0 0 0.00302807
0 0 0.00315687
0 0 0.00182436
0 0 0.00173324
0 0 0.00201445
0 0 0.0021998
0 0 0.00339221
0 0 0.00323949
0 0 0.00325927
0 0 0.00325621
0 0 0.00313669
0 0 0.00059705
0 0 0.000540914
0 0 0.000454977
0 0 0.00463622
0 0 0.0042617
0 0 0.0046673
0 0 0.00350276
0 0 0.00367595
0 0 0.0006732
0 0 0.0006686
0 0 0.000591317
0 0 0.00427349
0 0 0.00406483
0 0 0.00402701
0 0 0.00194958
0 0 0.0020523
0 0 0.000255684
0 0 0.000293548
0 0 0.0036346
0 0 0.00366359
0 0 0.00348738
0 0 0.000301607
0 0 0.000245028
0 0 5.66405e-05
0 0 9.58215e-05
0 0 0.00133818
0 0 0.00134808
0 0 0.00394489
0 0 0.00418454
0 0 0.00183517
0 0 0.00192497
0 0 0.00283535
0 0 0.00263396
0 0 0.00111711
0 0 0.00119056
0 0 0.00112714
0 0 0.00138909
0 0 0.00147757
0 0 0.00143269
0 0 0.00262919
0 0 0.00260924
0 0 0.00176465
0 0 0.00188125
0 0 0.00181989
0 0 0.00243411
0 0 0.00239456
0 0 0.0044533
0 0 0.00396412
0 0 0.000191123
0 0 0.000125514
0 0 0.000168356
0 0 0.00323075
0 0 0.00327334
0 0 0.00258722
0 0 0.00274157
0 0 0.00219904
0 0 0.00224813
0 0 0.00230678
0 0 0.000523828
0 0 0.00285155
0 0 0.00275829
0 0 0.00271939
0 0 0.0027971
0 0 0.000144389
0 0 4.90882e-05
0 0 0.00057433
0 0 0.000578343
0 0 0.000175106
0 0 0.000146094
0 0 0.000236016
0 0 0.000257146
0 0 4.58713e-05
0 0 0.00212624
0 0 0.00202038
0 0 0.00205743
0 0 0.000206568
0 0 0.000573059
0 0 0.00282189
0 0 0.00285452
0 0 0.00274653
0 0 0.00129825
0 0 0.00137135
0 0 0.00143929
0 0 0.00147266
0 0 0.00142543
0 0 0.00223524
0 0 0.00214028
0 0 0.00212126
0 0 0.00217964
0 0 0.00201153
0 0 0.0029333
0 0 0.0029511
0 0 0.00301093
0 0 0.000177733
0 0 -0.000584711
0 0 0.000154393
0 0 0.000251493
0 0 0.000458226
0 0 0.000459936
0 0 0.00212831
0 0 0.00204699
0 0 0.00202405
0 0 0.00173101
0 0 0.00171183
0 0 1.89826e-05
0 0 9.58911e-05
0 0 0.00299089
0 0 0.00304892
0 0 0.00291001
0 0 0.00215467
0 0 0.00209457
0 0 9.88677e-05
0 0 0.000169943
0 0 0.00018025
0 0 0.00188669
0 0 0.00178687
0 0 0.0018564
0 0 0.00137164
0 0 0.000367085
0 0 0.000138713
0 0 0.000298925
0 0 0.00232283
0 0 0.00244039
0 0 0.00259347
0 0 0.00168525
0 0 0.00177304
0 0 0.00151619
0 0 0.00150079
0 0 0.000263252
0 0 7.66724e-07
0 0 0.000251848
0 0 0.00485716
0 0 0.00486294
0 0 0.00131456
0 0 0.00133062
0 0 -0.000263009
0 0 0.000449192
0 0 0.00056521
0 0 0.00104454
0 0 0.00339886
0 0 0.00332442
0 0 0.00178483
0 0 0.00184174
0 0 0.00197372
0 0 0.00245439
0 0 0.00235793
0 0 0.00476709
0 0 0.00504381
0 0 0.00481123
0 0 0.00303471
0 0 0.00312268
0 0 0.00312862
0 0 0.000466764
0 0 -0.000226374
0 0 0.000275437
0 0 0.00332156
0 0 0.00324299
0 0 0.00337698
0 0 0.00252269
0 0 0.00265313
0 0 0.00381965
0 0 0.00372561
0 0 0.0028797
0 0 0.00313734
0 0 0.00046081
0 0 0.000506946
0 0 0.00165138
0 0 0.00038247
0 0 0.000451944
0 0 0.000349462
0 0 0.00338067
0 0 0.00336003
0 0 0.000152206
0 0 7.09349e-05
0 0 0.00279619
0 0 0.00269425
0 0 0.00272276
0 0 0.000363351
0 0 0.000281893
0 0 0.00246715
0 0 0.00221988
0 0 0.00357878
0 0 0.0038735
0 0 0.000407626
0 0 0.000348001
0 0 0.000457322
0 0 0.00311037
0 0 0.00324084
0 0 0.000395209
0 0 0.000221776
0 0 0.00100539
0 0 0.000868731
0 0 0.00092003
0 0 0.00248955
0 0 0.00233348
0 0 0.00194132
0 0 0.0018677
0 0 0.00182121
0 0 0.00383366
0 0 0.00390869
0 0 0.003754
0 0 0.00192387
0 0 0.00202841
0 0 0.00308995
0 0 0.00311933
0 0 0.00302197
0 0 0.00392166
0 0 0.00403901
0 0 0.00136809
0 0 0.00128131
0 0 0.00126658
0 0 6.0094e-05
0 0 -3.2164e-05
0 0 0.00323349
0 0 0.00302587
0 0 9.38712e-05
0 0 9.51539e-06
0 0 0.00030399
0 0 0.000342056
0 0 0.00181423
0 0 0.00288066
0 0 0.00283167
0 0 0.00314519
0 0 0.000765226
0 0 0.00071424
0 0 0.00344184
0 0 0.00331688
0 0 0.00314795
0 0 0.00315693
0 0 0.000137767
0 0 -8.4451e-07
0 0 0.00041903
0 0 0.000176465
0 0 0.000220701
0 0 0.0036362
0 0 0.00284749
0 0 0.00275217
0 0 0.0024856
0 0 0.00256661
0 0 0.00169801
0 0 0.00155996
0 0 0.00150779
0 0 0.00335332
0 0 0.00321835
0 0 0.00409822
0 0 0.00426432
0 0 0.00425094
0 0 0.0026646
0 0 0.0026194
0 0 0.00273918
0 0 0.0027125
0 0 0.00268386
0 0 0.0027097
0 0 0.00261714
0 0 0.00312967
0 0 0.0032387
0 0 0.003209
0 0 0.00240607
0 0 0.00231898
0 0 0.00233718
0 0 0.00346527
0 0 0.00349343
0 0 -0.00041624
0 0 -3.31105e-05
0 0 0.000504695
0 0 0.0011948
0 0 0.00110348
0 0 0.000876095
0 0 0.00196932
0 0 0.0021182
0 0 0.00382667
0 0 -1.87028e-05
0 0 7.74634e-05
0 0 0.00171013
0 0 0.00162584
0 0 0.00166496
0 0 0.00109781
0 0 0.00118489
0 0 0.00153528
0 0 0.00442483
0 0 0.00467175
0 0 0.00446636
0 0 -0.000176902
0 0 0.000527465
0 0 0.000381091
0 0 0.000575069
0 0 0.000476218
0 0 0.0040242
0 0 0.00388726
0 0 0.00393518
0 0 0.00204086
0 0 0.00214415
0 0 0.00419163
0 0 0.00416315
0 0 0.00097205
0 0 0.00104557
0 0 0.000966572
0 0 0.00294546
0 0 0.0029239
0 0 0.004091
0 0 0.00404427
0 0 0.00013615
0 0 0.00194834
0 0 0.00181828
0 0 0.00496328
0 0 0.00253355
0 0 0.00252335
0 0 0.00262856
0 0 0.00268792
0 0 0.00283407
0 0 0.00355025
0 0 0.00345313
0 0 0.00100927
0 0 0.000993786
0 0 0.00113795
0 0 0.00119609
0 0 0.00119413
0 0 0.00209665
0 0 0.00206538
0 0 0.00201693
0 0 0.00167029
0 0 0.00172887
0 0 0.00165384
0 0 0.00367843
0 0 0.000558518
0 0 0.000316812
0 0 0.000405614
0 0 -0.00882154
0 0 -0.00729638
0 0 -0.000693509
0 0 -0.00217322
0 0 -0.00181058
0 0 0.00315386
0 0 0.00314126
0 0 0.00304251
0 0 0.00337282
0 0 0.000920521
0 0 0.000840822
0 0 6.02272e-05
0 0 0.000106455
0 0 0.00181445
0 0 0.00177588
0 0 0.00281211
0 0 0.00274889
0 0 0.00131434
0 0 0.00292271
0 0 0.00289838
0 0 0.00291233
0 0 0.00295355
0 0 0.00294209
0 0 0.00418253
0 0 0.00437731
0 0 0.0022251
0 0 0.00294922
0 0 0.00285944
0 0 0.00110436
0 0 0.00108696
0 0 0.00113676
0 0 0.00126587
0 0 0.0011121
0 0 0.00285169
0 0 0.00101307
0 0 0.000827457
0 0 0.0025248
0 0 0.00263783
0 0 0.00191667
0 0 0.00184833
0 0 0.0018138
0 0 0.00198673
0 0 0.00192812
0 0 0.000580438
0 0 0.000515093
0 0 0.002207
0 0 0.0021734
0 0 0.00279109
0 0 0.00266839
0 0 0.000410575
0 0 0.00168266
0 0 0.000469261
0 0 0.000849932
0 0 0.000783522
0 0 0.000189244
0 0 0.000340487
0 0 2.86384e-05
0 0 7.54569e-05
0 0 0.0025116
0 0 0.00239755
0 0 0.00247534
0 0 0.0050719
0 0 0.00405519
0 0 0.00398589
0 0 0.000950478
0 0 0.000791977
0 0 0.00103062
0 0 0.000190669
0 0 -6.2994e-05
0 0 0.000145746
0 0 -0.000231219
0 0 0.000311132
0 0 0.000546237
0 0 -0.000391564
0 0 -0.000822705
0 0 -0.00157836
0 0 0.000792441
0 0 0.00428228
0 0 0.00437532
0 0 0.00424788
0 0 0.00164442
0 0 0.00159299
0 0 0.000879047
0 0 0.000853634
0 0 0.000861394
0 0 0.00430138
0 0 0.00399008
0 0 0.00133067
0 0 0.00130943
0 0 0.00451479
0 0 0.00448081
0 0 0.00260408
0 0 6.38292e-05
0 0 0.000163015
0 0 0.000187456
0 0 0.00326396
0 0 0.00074652
0 0 0.00085809
0 0 0.00102916
0 0 0.000316383
0 0 0.00028757
0 0 0.000199148
0 0 0.00275425
0 0 0.000461115
0 0 0.000628623
0 0 0.0021645
0 0 0.000353846
0 0 0.000298149
0 0 0.000293851
0 0 5.14485e-05
0 0 0.00484471
0 0 0.00445487
0 0 0.00111648
0 0 0.00107864
0 0 0.00101655
0 0 0.000958153
0 0 0.0010869
0 0 0.00056953
0 0 0.000378487
0 0 0.00106701
0 0 0.00268132
0 0 0.00286848
0 0 0.00128089
0 0 0.00116001
0 0 0.000581691
0 0 0.00050453
0 0 0.00171714
0 0 0.00172367
0 0 -0.00025409
0 0 0.000459107
0 0 9.09603e-05
0 0 8.07262e-05
0 0 0.000877225
0 0 0.00488133
0 0 0.0050979
0 0 0.00071128
0 0 0.0012126
0 0 0.000995681
0 0 0.00123256
0 0 0.00138397
0 0 -0.00160558
0 0 -0.00313429
0 0 0.00110439
0 0 0.00107242
0 0 0.0036474
0 0 0.00353103
0 0 0.00356015
0 0 0.00334078
0 0 0.00292044
0 0 0.00293683
0 0 0.00296505
0 0 0.00124333
0 0 0.00112019
0 0 0.00202246
0 0 0.00195301
0 0 0.000954993
0 0 0.00255584
0 0 0.00217444
0 0 0.00225717
0 0 0.00439418
0 0 0.00422397
0 0 0.00338917
0 0 0.00348543
0 0 0.0017491
0 0 0.00178642
0 0 0.00401758
0 0 0.00222124
0 0 0.00211398
0 0 0.00215421
0 0 0.000341651
0 0 0.000512196
0 0 0.000419082
0 0 0.000112663
0 0 0.00248356
0 0 0.00259613
0 0 0.00252333
0 0 0.000108573
0 0 0.00410722
0 0 0.00417263
0 0 0.00305109
0 0 0.00129281
0 0 -0.00034368
0 0 0.000251392
0 0 0.000286711
0 0 0.00310524
0 0 0.00298534
0 0 0.00122483
0 0 0.00131978
0 0 0.000736926
0 0 0.000450604
0 0 0.000187174
0 0 0.00495789
0 0 0.0048719
0 0 0.00188772
0 0 0.00188611
0 0 0.00369631
0 0 0.00384855
0 0 0.00402784
0 0 0.00107059
0 0 0.00109101
0 0 0.00356129
0 0 0.00219387
0 0 0.00292797
0 0 0.00279653
0 0 0.00450249
0 0 0.00452407
0 0 0.0010745
0 0 0.0010959
0 0 0.000999042
0 0 0.00156278
0 0 0.00167085
0 0 0.00248233
0 0 0.00241758
0 0 0.00249719
0 0 0.000183501
0 0 0.000149872
0 0 0.00323121
0 0 0.00287154
0 0 0.00291375
0 0 0.00293374
0 0 0.000815234
0 0 0.000429722
0 0 0.0028336
0 0 0.00275844
0 0 0.00326041
0 0 0.00327502
0 0 0.00031882
0 0 0.0024942
0 0 0.00246108
0 0 0.00265404
0 0 0.00270872
0 0 0.00256141
0 0 0.000956074
0 0 0.000914042
0 0 0.00265324
0 0 0.00209861
0 0 0.0014405
0 0 0.00195313
0 0 0.000135143
0 0 7.33303e-05
0 0 0.0023162
0 0 0.00228322
0 0 0.00382787
0 0 0.00404617
0 0 0.0012841
0 0 0.00144581
0 0 0.00141913
0 0 0.000633363
0 0 0.000640364
0 0 0.00309918
0 0 0.00327672
0 0 0.00155492
0 0 0.00160368
0 0 0.00164361
0 0 0.00231535
0 0 0.00220098
0 0 0.00206686
0 0 0.00166343
0 0 0.00162892
0 0 0.00173904
0 0 0.00309223
0 0 0.00294614
0 0 0.00234624
0 0 0.00245723
0 0 0.00237542
0 0 0.000761226
0 0 0.000605474
0 0 0.000677782
0 0 0.00262672
0 0 0.00272763
0 0 0.00476079
0 0 0.00466648
0 0 0.00423152
0 0 0.00430752
0 0 0.000954732
0 0 0.000927404
0 0 0.00296127
0 0 0.00290752
0 0 0.000717763
0 0 0.00056045
0 0 0.00133306
0 0 0.000970948
0 0 0.00268976
0 0 0.000964175
0 0 0.000658036
0 0 0.000788861
0 0 0.00239328
0 0 0.00246736
0 0 0.000351593
0 0 0.00025263
0 0 0.00130408
0 0 0.00128361
0 0 0.00140013
0 0 0.000850872
0 0 0.000499748
0 0 0.00233998
0 0 0.000630685
0 0 0.000699675
0 0 0.00148613
0 0 0.00148164
0 0 0.00273165
0 0 0.00278194
0 0 0.00297329
0 0 0.00286188
0 0 0.000606797
0 0 0.000702306
0 0 0.000691857
0 0 0.00130431
0 0 0.000930236
0 0 0.00206404
0 0 0.00193596
0 0 0.00231468
0 0 0.00200158
0 0 0.000936724
0 0 0.00362913
0 0 0.00381813
0 0 0.00223961
0 0 0.00234419
0 0 0.000385419
0 0 0.000398385
0 0 0.00116152
0 0 0.0011735
0 0 0.00109168
0 0 0.00147102
0 0 0.00155025
0 0 0.00272442
0 0 0.00270924
0 0 0.00277944
0 0 0.00241295
0 0 0.00253099
0 0 0.00199525
0 0 0.00206784
0 0 0.00368203
0 0 0.00363563
0 0 0.00503568
0 0 0.00492713
0 0 0.00302904
0 0 0.00297267
0 0 0.00309091
0 0 0.00417229
0 0 0.00411648
0 0 -4.77097e-05
0 0 5.60152e-05
0 0 9.8392e-05
0 0 0.000223692
0 0 0.00240142
0 0 0.00249451
0 0 0.00223705
0 0 0.00234262
0 0 0.00226701
0 0 0.00031822
0 0 0.00312352
0 0 0.00299002
0 0 0.000841072
0 0 0.000800685
0 0 0.000831101
0 0 0.000179108
0 0 0.0047081
0 0 0.00465326
0 0 0.000117808
0 0 7.30375e-05
0 0 0.00231537
0 0 5.07629e-06
0 0 9.59956e-05
0 0 1.59548e-05
0 0 0.00392678
0 0 0.00405057
0 0 0.00267739
0 0 0.00260176
0 0 6.25284e-05
0 0 0.00050366
0 0 0.000281769
0 0 0.00280605
0 0 0.000580171
0 0 0.00027613
0 0 0.000186429
0 0 0.00254657
0 0 0.00242695
0 0 0.000612481
0 0 0.0024294
0 0 0.00256952
0 0 0.00253344
0 0 0.000126142
0 0 4.59331e-05
0 0 0.00190518
0 0 0.00195962
0 0 0.00252104
0 0 0.00401253
0 0 0.00374602
0 0 0.000479061
0 0 0.000109606
0 0 0.000544437
0 0 0.000507541
0 0 2.45773e-05
0 0 5.76316e-05
0 0 0.00293302
0 0 0.000317437
0 0 0.00277149
0 0 0.00271875
0 0 0.00272339
0 0 0.00071372
0 0 -1.02848e-05
0 0 0.00058429
0 0 0.000634783
0 0 0.00306998
0 0 0.00320328
0 0 0.00181389
0 0 0.00171606
0 0 0.00193776
0 0 0.00251134
0 0 0.00180898
0 0 0.00276186
0 0 0.00268334
0 0 0.00173946
0 0 0.00179998
0 0 0.000914886
0 0 0.000870621
0 0 0.00268406
0 0 0.00256673
0 0 0.000802241
0 0 0.00337597
0 0 0.00351043
0 0 0.000299167
0 0 0.00364832
0 0 0.000656352
0 0 0.00081617
0 0 0.000617856
0 0 0.000528862
0 0 0.000450213
0 0 0.000535273
0 0 0.000154512
0 0 0.00308998
0 0 0.00329966
0 0 0.000699317
0 0 0.000692779
0 0 0.000712907
0 0 0.000669144
0 0 0.00229519
0 0 0.00334021
0 0 0.003188
0 0 0.00192107
0 0 0.00178101
0 0 0.00248179
0 0 0.000904636
0 0 0.000936504
0 0 0.001014
0 0 0.00107392
0 0 0.00299946
0 0 0.00304381
0 0 0.00148253
0 0 0.00145145
0 0 0.00514584
0 0 0.00482508
0 0 0.000243659
0 0 0.000212828
0 0 0.00387052
0 0 0.00369548
0 0 0.00396762
0 0 0.00397891
0 0 0.00234457
0 0 0.00237216
0 0 0.0022854
0 0 0.00159198
0 0 0.00381821
0 0 0.00366209
0 0 0.00248943
0 0 0.00256677
0 0 0.00290877
0 0 0.00297334
0 0 0.0014939
0 0 0.00130804
0 0 0.00191064
0 0 0.00187952
0 0 0.00427613
0 0 0.00315477
0 0 0.00129471
0 0 0.00120737
0 0 0.000111989
0 0 0.00101477
0 0 0.00100519
0 0 0.000519166
0 0 0.000260658
0 0 0.000257567
0 0 0.00253604
0 0 0.00274996
0 0 0.000890579
0 0 0.000116465
0 0 4.24956e-05
0 0 0.00203594
0 0 0.00199892
0 0 0.000450042
0 0 0.00439004
0 0 0.00408061
0 0 0.00261577
0 0 0.0027499
0 0 0.00382941
0 0 0.00371373
0 0 0.00377992
0 0 0.00171109
0 0 0.00165221
0 0 0.00160741
0 0 0.00158568
0 0 0.00163702
0 0 -0.00299926
0 0 -0.00184745
0 0 0.00239481
0 0 0.00245568
0 0 0.000573716
0 0 0.000497835
0 0 7.04626e-05
0 0 0.00262764
0 0 0.00162974
0 0 0.00155083
0 0 0.00422098
0 0 0.00139975
0 0 0.00142893
0 0 0.00154669
0 0 0.000364421
0 0 0.000569855
0 0 0.00283024
0 0 0.000184956
0 0 0.00276168
0 0 0.000543044
0 0 0.00115555
0 0 0.0011685
0 0 0.00114139
0 0 0.00438429
0 0 0.00421152
0 0 0.000258261
0 0 0.000455114
0 0 0.000291626
0 0 0.00254417
0 0 0.000970768
0 0 0.00182101
0 0 7.07514e-05
0 0 0.00353749
0 0 0.00387545
0 0 0.00313801
0 0 0.000103683
0 0 3.28494e-06
0 0 0.000771817
0 0 0.00082651
0 0 0.00286689
0 0 0.00189501
0 0 0.00194536
0 0 0.00336932
0 0 0.000152222
0 0 0.000229369
0 0 -5.99867e-06
0 0 0.00242124
0 0 0.00250011
0 0 0.00251258
0 0 0.00459255
0 0 6.334e-05
0 0 0.000876183
0 0 0.000624958
0 0 0.00233224
0 0 0.00232325
0 0 0.000851237
0 0 0.000808673
0 0 0.000585276
0 0 0.000508281
0 0 0.00149951
0 0 0.00139617
0 0 0.00446343
0 0 0.00502134
0 0 0.00302329
0 0 0.00317265
0 0 0.00274915
0 0 0.00255692
0 0 0.000890713
0 0 0.000880056
0 0 0.00290559
0 0 0.00289689
0 0 0.00143086
0 0 0.00146038
0 0 0.00490611
0 0 0.00374392
0 0 0.000530095
0 0 0.000316822
0 0 0.000831522
0 0 0.00422361
0 0 0.00425367
0 0 0.00436291
0 0 8.01727e-05
0 0 -8.31735e-05
0 0 0.00189751
0 0 0.00199713
0 0 0.00180519
0 0 0.00182532
0 0 0.000395853
0 0 0.000130688
0 0 0.000265733
0 0 0.000934357
0 0 0.00348122
0 0 0.000118147
0 0 0.000914023
0 0 0.000993931
0 0 -0.00383085
0 0 0.000385507
0 0 0.000987576
0 0 0.00168581
0 0 0.00166778
0 0 0.000295785
0 0 0.000435936
0 0 -5.41044e-05
0 0 2.52782e-05
0 0 0.00020104
0 0 0.000172723
0 0 0.000403895
0 0 0.000166956
0 0 0.00230426
0 0 0.00219486
0 0 -0.000242628
0 0 0.000398819
0 0 0.000251007
0 0 0.0029894
0 0 0.00450587
0 0 0.00451809
0 0 0.000787091
0 0 0.000759969
0 0 0.00361919
0 0 0.00340059
0 0 0.00288412
0 0 0.00253635
0 0 0.000680605
0 0 0.000634961
0 0 0.00359981
0 0 0.00351348
0 0 0.00349126
0 0 0.00195772
0 0 0.001899
0 0 0.00210845
0 0 0.00151247
0 0 8.22454e-05
0 0 0.00339895
0 0 0.00243426
0 0 0.00190156
0 0 0.00299331
0 0 0.000657215
0 0 0.00131419
0 0 0.00310438
0 0 0.00317327
0 0 0.000535601
0 0 0.00133961
0 0 0.000204396
0 0 0.00301758
0 0 -0.00018808
0 0 0.00033912
0 0 0.00116528
0 0 0.00214251
0 0 0.00220851
0 0 0.00053243
0 0 -7.02981e-05
0 0 0.000481817
0 0 0.00285628
0 0 0.00391578
0 0 0.00281641
0 0 0.00206144
0 0 0.00229922
0 0 0.00250586
0 0 -2.14522e-05
0 0 -0.000368455
0 0 0.00412345
0 0 0.00432711
0 0 0.000243405
0 0 0.000225758
0 0 0.00453159
0 0 0.00434374
0 0 0.00274521
0 0 0.00233885
0 0 0.00280489
0 0 0.00342438
0 0 0.00359688
0 0 0.00408179
0 0 0.00187227
0 0 0.000865014
0 0 0.000840844
0 0 0.000586916
0 0 0.00115712
0 0 1.69725e-06
0 0 0.00226317
0 0 0.00222833
0 0 0.00232372
0 0 0.00285886
0 0 0.00263875
0 0 0.00273491
0 0 0.00116356
0 0 0.00120684
0 0 0.00135241
0 0 0.00137807
0 0 0.00287249
0 0 0.0028566
0 0 0.00041726
0 0 0.000279052
0 0 0.00021612
0 0 0.000511275
0 0 0.000510175
0 0 0.002737
0 0 0.000919015
0 0 0.00077059
0 0 0.00187506
0 0 0.00196403
0 0 0.00232131
0 0 0.00215188
0 0 0.000756713
0 0 0.00089374
0 0 0.00158451
0 0 0.00401885
0 0 0.00409309
0 0 0.0039994
0 0 0.00162829
0 0 0.00162987
0 0 0.00254613
0 0 0.0024308
0 0 0.00366495
0 0 0.00368689
0 0 0.00414695
0 0 0.0012642
0 0 0.00120715
0 0 0.00183433
0 0 0.00175912
0 0 0.00383622
0 0 0.00395827
0 0 0.00401202
0 0 0.00144063
0 0 0.00131638
0 0 0.00206724
0 0 0.00292045
0 0 9.35772e-05
0 0 0.000388572
0 0 0.000103752
0 0 0.00116811
0 0 0.00107504
0 0 0.00158431
0 0 0.00149195
0 0 0.00339107
0 0 0.00208093
0 0 0.00208
0 0 0.000783576
0 0 0.00084563
0 0 0.000389843
0 0 0.000459459
0 0 0.000307334
0 0 0.0031948
0 0 0.00337485
0 0 0.00196139
0 0 0.00199793
0 0 0.00171303
0 0 0.00178052
0 0 0.00179018
0 0 0.00282356
0 0 0.0028118
0 0 0.00292481
0 0 0.00111844
0 0 0.00184344
0 0 0.00157694
0 0 0.00215897
0 0 0.000700133
0 0 0.00210226
0 0 4.19295e-05
0 0 0.00295526
0 0 0.00328935
0 0 0.00339456
0 0 0.00406216
0 0 0.000242926
0 0 0.000274256
0 0 0.00180865
0 0 0.00240124
0 0 0.00473772
0 0 0.00476054
0 0 8.9784e-05
0 0 0.000221439
0 0 0.00155598
0 0 0.00160091
0 0 0.00449512
0 0 0.00446706
0 0 0.00165923
0 0 0.00157644
0 0 0.00235928
0 0 0.00284578
0 0 0.00285626
0 0 0.00102661
0 0 0.000344135
0 0 0.00100922
0 0 0.000823066
0 0 0.00198153
0 0 0.00515893
0 0 0.00397092
0 0 0.000765597
0 0 0.000676702
0 0 0.00492577
0 0 3.54269e-05
0 0 0.00289975
0 0 0.000773109
0 0 0.000579822
0 0 0.000419421
0 0 0.00206339
0 0 0.00198803
0 0 0.00198144
0 0 0.00350727
0 0 0.00303044
0 0 0.00277472
0 0 0.00161046
0 0 0.000411414
0 0 0.000473788
0 0 0.00121283
0 0 0.00221378
0 0 0.00211422
0 0 0.00406496
0 0 0.00447459
0 0 0.00441243
0 0 0.00262173
0 0 0.00254511
0 0 -0.00501992
0 0 -0.00521634
0 0 -0.00711059
0 0 0.000137251
0 0 0.000179568
0 0 0.000305438
0 0 0.00485315
0 0 -0.00286756
0 0 -0.00147263
0 0 0.00118175
0 0 0.00113414
0 0 0.00149573
0 0 0.000152087
0 0 0.000458326
0 0 0.00189763
0 0 0.00197148
0 0 0.00260201
0 0 0.0029431
0 0 0.00171329
0 0 0.00171253
0 0 0.000533123
0 0 0.000355065
0 0 0.00138776
0 0 0.00125497
0 0 0.0010267
0 0 0.00155042
0 0 0.000144309
0 0 -0.000217477
0 0 0.00173562
0 0 8.39824e-05
0 0 0.00125742
0 0 0.003921
0 0 0.00102471
0 0 0.000992224
0 0 0.00493388
0 0 0.0014921
0 0 0.00140192
0 0 9.1711e-05
0 0 0.00129454
0 0 0.0017188
0 0 0.00175724
0 0 0.00166827
0 0 0.00176016
0 0 0.00179614
0 0 0.00288459
0 0 0.00404325
0 0 0.000334833
0 0 0.00158218
0 0 0.00165461
0 0 0.00205056
0 0 0.00427289
0 0 0.000446929
0 0 0.00070745
0 0 0.000588804
0 0 0.00361775
0 0 0.00374537
0 0 -0.000385576
0 0 0.000424303
0 0 0.00144864
0 0 0.000300645
0 0 0.000463705
0 0 0.000487062
0 0 0.00175293
0 0 0.0016682
0 0 0.00138542
0 0 0.00129285
0 0 0.00193619
0 0 0.00185563
0 0 0.00254026
0 0 0.00255419
0 0 0.00249493
0 0 0.0017794
0 0 0.00199257
0 0 0.00142067
0 0 0.00135257
0 0 0.00152403
0 0 0.0014427
0 0 0.00144339
0 0 0.00176099
0 0 0.00207006
0 0 0.00420496
0 0 0.0028324
0 0 0.00178858
0 0 0.00216972
0 0 0.00266949
0 0 0.00159591
0 0 0.00171438
0 0 0.00179063
0 0 8.76382e-05
0 0 0.00012629
0 0 0.000385354
0 0 0.000250138
0 0 -0.000137795
0 0 0.00296898
0 0 0.00296509
0 0 -0.000781048
0 0 0.0013876
0 0 0.00306835
0 0 0.00305845
0 0 0.00284165
0 0 0.00290765
0 0 0.000942346
0 0 0.000961275
0 0 0.0013114
0 0 0.00270615
0 0 0.0028696
0 0 0.00289964
0 0 0.000397264
0 0 0.00468763
0 0 0.00127469
0 0 0.00292059
0 0 0.00293738
0 0 0.000967581
0 0 0.000842532
0 0 0.000965774
0 0 0.00284227
0 0 0.00284175
0 0 0.00278131
0 0 0.00300866
0 0 0.00233313
0 0 0.00218005
0 0 0.000431313
0 0 0.000686536
0 0 0.00012179
0 0 0.00320485
0 0 0.00316027
0 0 0.00171656
0 0 0.00133762
0 0 0.00326067
0 0 0.00297042
0 0 0.000793545
0 0 0.000853303
0 0 0.00360725
0 0 0.0037296
0 0 0.00370518
0 0 0.000780902
0 0 0.000713764
0 0 1.44176e-05
0 0 0.0034836
0 0 0.00023966
0 0 0.00235006
0 0 0.00223983
0 0 0.00511573
0 0 0.00463895
0 0 0.00470437
0 0 0.00319907
0 0 0.00380822
0 0 0.00165567
0 0 0.000919807
0 0 0.00083774
0 0 6.91747e-05
0 0 5.8736e-05
0 0 0.00277742
0 0 0.000753983
0 0 0.00247339
0 0 0.00211268
0 0 0.00214978
0 0 0.00148994
0 0 0.00402119
0 0 0.00094136
0 0 0.000178953
0 0 0.000161458
0 0 0.000127847
0 0 0.00312868
0 0 0.000761989
0 0 0.0036241
0 0 0.00433826
0 0 0.00422069
0 0 0.00424291
0 0 0.00137072
0 0 0.00146116
0 0 0.000665575
0 0 0.0030596
0 0 0.00300411
0 0 0.00305944
0 0 0.00270618
0 0 0.00351165
0 0 0.0033189
0 0 -0.00561389
0 0 -0.00418918
0 0 -0.000167818
0 0 0.000296465
0 0 0.0027441
0 0 0.00226068
0 0 7.01898e-05
0 0 -0.00604459
0 0 0.00217237
0 0 0.00224847
0 0 0.00395361
0 0 5.3233e-05
0 0 0.00121784
0 0 0.000590316
0 0 0.000531089
0 0 0.00147539
0 0 0.00149457
0 0 0.000158211
0 0 0.00234023
0 0 0.00064811
0 0 0.00169639
0 0 0.00165133
0 0 0.00382655
0 0 0.002193
0 0 0.00121311
0 0 0.000989949
0 0 0.00155412
0 0 0.00152887
0 0 0.00259563
0 0 0.0042046
0 0 0.00344944
0 0 0.00317687
0 0 0.00145887
0 0 0.00297293
0 0 0.0028713
0 0 0.00274848
0 0 0.00311269
0 0 0.000286446
0 0 0.00286565
0 0 0.000164455
0 0 0.000365753
0 0 0.00344169
0 0 0.00350109
0 0 0.00195768
0 0 0.0027117
0 0 0.00131733
0 0 0.00342415
0 0 0.00328242
0 0 0.00220878
0 0 0.00218425
0 0 0.00276518
0 0 0.00100654
0 0 0.000124715
0 0 0.000449288
0 0 0.00166667
0 0 0.000819622
0 0 0.00133649
0 0 0.00130525
0 0 -2.28886e-06
0 0 0.00360837
0 0 0.00362784
0 0 0.00197597
0 0 0.00185875
0 0 0.000572824
0 0 0.000918313
0 0 0.000834807
0 0 0.00111348
0 0 0.00111065
0 0 0.00316938
0 0 0.00307701
0 0 0.00184145
0 0 0.00178088
0 0 0.000214113
0 0 0.00330562
0 0 0.00341229
0 0 0.00338056
0 0 0.000751269
0 0 0.000650213
0 0 0.00148573
0 0 0.00239117
0 0 -0.000215375
0 0 0.00041798
0 0 -3.91135e-05
0 0 0.00236905
0 0 0.00242495
0 0 0.000488914
0 0 0.000354797
0 0 0.000833324
0 0 0.00304447
0 0 0.00123799
0 0 0.00330017
0 0 0.0032098
0 0 0.00132117
0 0 0.00228685
0 0 0.00365243
0 0 -1.17985e-05
0 0 0.000117388
0 0 -0.000263548
0 0 0.00298918
0 0 0.000252458
0 0 -0.00147371
0 0 -0.000787877
0 0 0.0031104
0 0 0.00318932
0 0 0.00200436
0 0 0.00180186
0 0 0.00353763
0 0 0.00360753
0 0 0.00298722
0 0 0.00300696
0 0 -2.84596e-05
0 0 0.000227874
0 0 0.000697714
0 0 0.000609231
0 0 0.000782345
0 0 -0.000300174
0 0 0.00286027
0 0 0.00158004
0 0 0.00342996
0 0 0.00292516
0 0 0.000155436
0 0 0.001382
0 0 0.00375382
0 0 0.000916926
0 0 0.00276789
0 0 0.00357013
0 0 0.000601045
0 0 0.00250858
0 0 -0.00353232
0 0 0.00538683
0 0 0.000246913
0 0 0.000123862
0 0 0.00256455
0 0 0.000153873
0 0 0.000510254
0 0 0.00225578
0 0 0.00153237
0 0 0.000611552
0 0 0.00265612
0 0 0.0028176
0 0 0.00354488
0 0 0.00349777
0 0 0.000760579
0 0 0.000822627
0 0 0.00447825
0 0 0.00376008
0 0 0.000317946
0 0 0.000559519
0 0 0.000878587
0 0 0.000828771
0 0 0.000930047
0 0 0.00292168
0 0 0.00286857
0 0 0.000575184
0 0 0.000638566
0 0 0.0021565
0 0 0.00237786
0 0 0.000981069
0 0 0.000741176
0 0 0.000711399
0 0 0.000208084
0 0 0.00155076
0 0 -0.00417598
0 0 0.000238463
0 0 6.22068e-05
0 0 0.000236669
0 0 0.00308197
0 0 0.00313768
0 0 0.00160587
0 0 0.00166228
0 0 0.00357002
0 0 0.000667557
0 0 0.000451012
0 0 0.000359238
0 0 0.00153061
0 0 0.00159896
0 0 0.00455278
0 0 0.000958965
0 0 0.000787829
0 0 0.00298887
0 0 0.000357528
0 0 0.000170555
0 0 0.00476874
0 0 0.000515045
0 0 0.00149699
0 0 0.00197604
0 0 0.00302318
0 0 0.00293664
0 0 0.000739818
0 0 0.000734123
0 0 0.00079507
0 0 0.00283465
0 0 0.0028175
0 0 0.000879879
0 0 0.000781947
0 0 0.00448212
0 0 0.00450796
0 0 0.000831465
0 0 0.00102384
0 0 0.000658297
0 0 0.00160293
0 0 0.00304813
0 0 0.00220337
0 0 0.0020938
0 0 0.00336921
0 0 0.00118765
0 0 0.00281782
0 0 0.00306387
0 0 0.00163216
0 0 0.00352072
0 0 0.0034218
0 0 0.00447881
0 0 0.00224044
0 0 0.00057513
0 0 0.0021668
0 0 0.000293899
0 0 0.00286384
0 0 0.000832761
0 0 0.00321827
0 0 0.000500773
0 0 0.000593424
0 0 0.000509667
0 0 0.000791418
0 0 0.00289022
0 0 0.00482944
0 0 0.00211269
0 0 0.00242442
0 0 0.00457156
0 0 0.00233501
0 0 0.00228411
0 0 0.00457115
0 0 0.00467777
0 0 0.00306791
0 0 0.00213887
0 0 0.000852497
0 0 0.00138447
0 0 0.000300874
0 0 0.00260634
0 0 0.00210757
0 0 0.00187676
0 0 0.00127325
0 0 0.00232548
0 0 0.00313258
0 0 0.000104289
0 0 -0.000714728
0 0 0.00458408
0 0 0.000417219
0 0 0.000842348
0 0 0.000510808
0 0 0.00302979
0 0 0.00201171
0 0 0.00230811
0 0 0.00059842
0 0 0.00480208
0 0 0.00193509
0 0 0.00185606
0 0 0.00180696
0 0 0.00366876
0 0 0.00287002
0 0 0.000817969
0 0 0.000879935
0 0 0.000936489
0 0 0.00322401
0 0 0.00221915
0 0 0.00191404
0 0 0.00194848
0 0 0.00181187
0 0 0.00287291
0 0 0.00336368
0 0 0.00495419
0 0 -0.01054
0 0 0.0201102
0 0 0.0323716
0 0 0.0211583
0 0 0.0136672
0 0 0.0331786
0 0 0.014284
0 0 0.0341062
0 0 0.0390606
0 0 0.00945685
0 0 0.00748413
0 0 0.0051089
0 0 0.0248474
0 0 0.0186288
0 0 0.00637753
0 0 0.0140674
0 0 0.0055151
0 0 0.0416179
0 0 0.03623
0 0 0.0141235
0 0 0.00598045
0 0 0.00523838
0 0 0.0434436
0 0 0.0100791
0 0 0.00597093
0 0 0.0121033
0 0 0.0193073
0 0 0.0336792
0 0 0.028126
0 0 0.00544962
0 0 0.00470455
0 0 0.00887694
0 0 0.00773554
0 0 0.0410406
0 0 0.0467514
0 0 0.0465343
0 0 0.0151049
0 0 0.0407969
0 0 0.0117987
0 0 0.0105295
0 0 0.0281149
0 0 0.0238736
0 0 0.0124064
0 0 0.0175462
0 0 0.0271908
0 0 0.00731273
0 0 0.0063575
0 0 0.00819726
0 0 0.0106274
0 0 0.0106661
0 0 0.00846675
0 0 0.00741929
0 0 0.0082507
0 0 0.00619333
0 0 0.00688314
0 0 0.00680427
0 0 0.00920184
0 0 0.00813832
0 0 0.0051899
0 0 0.00497664
0 0 0.0076304
0 0 0.00676428
0 0 0.00771045
0 0 0.00590676
0 0 0.00556352
0 0 0.00615649
0 0 0.00573186
0 0 0.0053732
0 0 0.0109345
0 0 0.00992736
0 0 0.0365506
0 0 0.0408069
0 0 0.0355633
0 0 0.0153064
0 0 0.0161429
0 0 0.0183217
0 0 0.020707
0 0 0.0180502
0 0 0.0440941
0 0 0.0428422
0 0 0.00968563
0 0 0.0246083
0 0 0.0263246
0 0 0.0234314
0 0 0.020946
0 0 0.00680137
0 0 0.00654191
0 0 0.0145297
0 0 0.0166715
0 0 0.0459238
0 0 0.044533
0 0 0.0120823
0 0 0.013049
0 0 0.0113117
0 0 0.0172542
0 0 0.0143472
0 0 0.0166835
0 0 0.0116802
0 0 0.0111811
0 0 0.0128821
0 0 0.030653
0 0 0.0330607
0 0 0.0367035
0 0 0.0209888
0 0 0.017067
0 0 0.0390962
0 0 0.0372822
0 0 0.00517073
0 0 0.00571579
0 0 0.00723454
0 0 0.00681911
0 0 0.00638321
0 0 0.00563272
0 0 0.0236516
0 0 0.0252884
0 0 0.00777374
0 0 0.00906245
0 0 0.00867274
0 0 0.0265604
0 0 0.00599602
0 0 0.00579062
0 0 0.00503863
0 0 0.00563768
0 0 0.00551513
0 0 0.00624684
0 0 0.0335921
0 0 0.0376558
0 0 0.00326656
0 0 0.0060248
0 0 0.0338093
0 0 0.0289141
0 0 0.029429
0 0 0.00731327
0 0 0.00484375
0 0 0.00492456
0 0 0.00716838
0 0 0.010681
0 0 0.00981326
0 0 0.00911024
0 0 0.00854471
0 0 0.0468774
0 0 0.0485423
0 0 0.0124462
0 0 0.0106449
0 0 0.0120915
0 0 0.00535502
0 0 0.00536418
0 0 0.00528119
0 0 0.00490708
0 0 0.00478327
0 0 0.0159141
0 0 0.0188005
0 0 0.0228557
0 0 0.0140906
0 0 0.0121646
0 0 0.00885474
0 0 0.00903644
0 0 0.00515907
0 0 0.00544233
0 0 0.0143732
0 0 0.0135212
0 0 0.00796857
0 0 0.0162299
0 0 0.0193374
0 0 0.0223979
0 0 0.016442
0 0 0.00479059
0 0 0.0341644
0 0 0.0382558
0 0 0.016931
0 0 0.0211968
0 0 0.0184375
0 0 0.0086759
0 0 0.0103971
0 0 0.00509431
0 0 0.0306855
0 0 0.0413401
0 0 0.0381011
0 0 0.0103988
0 0 0.0205996
0 0 0.0224779
0 0 0.0261634
0 0 0.0274583
0 0 0.00555775
0 0 0.00455572
0 0 0.0164082
0 0 0.0135407
0 0 0.0284397
0 0 0.0105098
0 0 0.0316761
0 0 0.0353719
0 0 0.031097
0 0 0.00847772
0 0 0.0302502
0 0 0.030862
0 0 0.00854496
0 0 0.00835857
0 0 0.00920084
0 0 0.048965
0 0 0.00903825
0 0 0.0503225
0 0 0.0504983
0 0 0.0437556
0 0 0.0417285
0 0 0.0121514
0 0 0.0425257
0 0 0.0456805
0 0 0.0132688
0 0 0.0413377
0 0 0.038498
0 0 0.00913192
0 0 0.0127857
0 0 0.0500524
0 0 0.0100898
0 0 0.0425723
0 0 0.0087173
0 0 0.0453374
0 0 0.0256206
0 0 0.0303746
0 0 0.0365313
0 0 0.0374327
0 0 0.0306321
0 0 0.00891071
0 0 0.023145
0 0 0.00457789
0 0 0.00560011
0 0 0.0154929
0 0 0.0468219
0 0 0.0425267
0 0 0.0134723
0 0 0.00686353
0 0 0.03723
0 0 0.0259792
0 0 0.0353474
0 0 0.000878639
0 0 -0.0528546
0 0 0.0301192
0 0 -0.0304449
0 0 0.0542767
0 0 -0.0347215
0 0 -0.0576189
0 0 -0.0813338
0 0 -0.0265698
0 0 -0.028669
0 0 -0.105775
0 0 -0.0390563
0 0 0.0952749
0 0 -0.0106269
0 0 0.0540534
0 0 -0.00946062
0 0 0.0230916
0 0 -0.0922267
0 0 -0.0282508
0 0 0.0457427
0 0 -0.124325
0 0 0.0589667
0 0 -0.0783917
0 0 -0.0758365
0 0 -0.0453633
0 0 -0.0965088
0 0 -0.0414286
0 0 -0.0227859
0 0 -0.0578118
0 0 -0.0168155
0 0 0.0379912
0 0 -0.0369272
0 0 -0.0969629
0 0 -0.0592283
0 0 -0.0472901
0 0 -0.0404406
0 0 -0.0336612
0 0 -0.000245797
0 0 -0.0762795
0 0 -0.0401198
0 0 -0.00592758
0 0 0.0245069
0 0 0.00360809
0 0 -0.0838038
0 0 -0.097505
0 0 0.0910029
0 0 -0.0355828
0 0 0.0543113
0 0 -0.0539167
0 0 -0.0410779
0 0 -0.0294247
0 0 0.013729
0 0 -0.0345978
0 0 0.0472204
0 0 -0.0248703
0 0 0.0219532
0 0 0.0422721
0 0 0.0428737
0 0 -0.0097636
0 0 0.0646425
0 0 0.014507
0 0 -0.0203887
0 0 -0.0122205
0 0 -0.0838428
0 0 -0.0454708
0 0 0.0264069
0 0 -0.00262936
0 0 0.0694791
0 0 0.0580078
0 0 -0.0972874
0 0 0.0655442
0 0 -0.0179496
0 0 -0.0387261
0 0 -0.0496228
0 0 -0.0455077
0 0 -0.0413168
0 0 0.0287534
0 0 -0.0236035
0 0 -0.0114456
0 0 -0.363456
0 0 -0.0766602
0 0 0.0347234
0 0 -0.0899066
0 0 -0.0629581
0 0 -0.0187361
0 0 -0.0918636
0 0 -0.0703473
0 0 -0.0564382
0 0 -0.016716
0 0 0.0570728
0 0 0.0502012
0 0 0.00384941
0 0 -0.232012
0 0 -0.0707874
0 0 -0.0367137
0 0 -0.0060335
0 0 0.0146025
0 0 -0.0606483
0 0 -0.0831711
0 0 -0.104201
0 0 -0.000569869
0 0 -0.00981671
0 0 0.0532383
0 0 -0.0425038
0 0 -0.0915962
0 0 -0.0375829
0 0 -0.00518732
0 0 -0.0926633
0 0 -0.0236622
0 0 0.0724646
0 0 0.0202367
0 0 -0.099428
0 0 -0.0448922
0 0 -0.00560848
0 0 0.169323
0 0 -0.0294761
0 0 -0.0408944
0 0 -0.0747823
0 0 -0.0561315
0 0 -0.0534177
0 0 -0.0311422
0 0 0.0384347
0 0 0.183614
0 0 -0.0372018
0 0 0.0330336
0 0 -0.065179
0 0 -0.0258406
0 0 -0.0290074
0 0 -0.0171821
0 0 0.0102657
0 0 -0.0296928
0 0 -0.03072
0 0 -0.0293066
0 0 -0.042035
0 0 -0.0808008
0 0 0.0512843
0 0 -0.0371355
0 0 -0.0765777
0 0 -0.0368768
0 0 -0.0334898
0 0 0.034468
0 0 -0.0450618
0 0 0.0585025
0 0 0.0394913
0 0 -0.0569868
0 0 0.0389892
0 0 -0.00714323
0 0 -0.0359295
0 0 -0.0673637
0 0 -0.00524172
0 0 0.0662522
0 0 -0.0967381
0 0 0.0285902
0 0 -0.0239724
0 0 -0.105508
0 0 -0.0274378
0 0 -0.0798357
0 0 0.000237729
0 0 0.0586182
0 0 0.0643932
0 0 -0.00283351
0 0 -0.0260658
0 0 -0.0984894
0 0 -0.0852237
0 0 0.00691707
0 0 -0.0436659
0 0 0.0627561
0 0 -0.0214214
0 0 -0.0748419
0 0 0.0346179
0 0 -0.0629296
0 0 0.0287107
0 0 0.0488278
0 0 0.0807567
0 0 -0.0608927
0 0 -0.0370241
0 0 -0.099998
0 0 0.00804918
0 0 -0.0841919
0 0 -0.149622
0 0 -0.0354926
0 0 -0.0109622
0 0 -0.0739419
0 0 -0.0056374
0 0 0.0623101
0 0 0.0469144
0 0 0.0117983
0 0 -0.0355764
0 0 -0.0480215
0 0 -0.107736
0 0 -0.0697797
0 0 0.116059
0 0 0.0280548
0 0 0.0461372
0 0 -0.0657026
0 0 -0.00441361
0 0 -0.0480907
0 0 -0.0188855
0 0 -0.0200061
0 0 0.0445726
0 0 -0.000800394
0 0 -0.0446028
0 0 -0.0421887
0 0 -0.0279437
0 0 0.0612066
0 0 -0.0125005
0 0 -0.0104689
0 0 -0.0764988
0 0 0.0195934
0 0 -0.0250352
0 0 -0.0587303
0 0 -0.0312755
0 0 -0.0910295
0 0 -0.0368428
0 0 -0.0620737
0 0 -0.0242724
0 0 0.0386349
0 0 -0.014112
0 0 -0.057963
0 0 -0.0483965
0 0 -0.0418936
0 0 0.0683586
0 0 0.011637
0 0 -0.0387961
0 0 0.053462
0 0 0.0149469
0 0 0.0158287
0 0 0.0583674
0 0 0.0264441
0 0 -0.0840288
0 0 -0.0941266
0 0 -0.0377262
0 0 0.00887719
0 0 -0.023073
0 0 -0.0146414
0 0 -0.0402428
0 0 -0.0510059
0 0 -0.0314315
0 0 -0.0023754
0 0 0.0363745
0 0 0.0383901
0 0 -0.0537943
0 0 -0.0261681
0 0 0.0194243
0 0 0.0403405
0 0 -0.0517226
0 0 -0.0934846
0 0 -0.20587
0 0 -0.828314
0 0 -0.0462377
0 0 -0.0241791
0 0 -0.0361477
0 0 -0.0385159
0 0 -0.0329038
0 0 0.0365254
0 0 -0.0383715
0 0 0.0260931
0 0 -0.0166204
0 0 -0.0280308
0 0 0.019917
0 0 0.0504795
0 0 -0.0405445
0 0 -0.0958148
0 0 -0.035191
0 0 0.0433136
0 0 -0.275624
0 0 0.0490281
0 0 0.38483
0 0 -0.0251183
0 0 -0.094767
0 0 -0.0166889
0 0 0.0440429
0 0 -0.0567957
0 0 -0.0391326
0 0 0.0566381
0 0 0.00227791
0 0 -0.0666115
0 0 -0.075397
0 0 -0.043575
0 0 -0.0223334
0 0 0.034109
0 0 -0.0357922
0 0 -0.00461269
0 0 0.0685177
0 0 -0.0699378
0 0 -0.0618275
0 0 -0.0272166
0 0 0.0640543
0 0 -0.00741838
0 0 -0.0169939
0 0 -0.054081
0 0 0.0601096
0 0 -0.00413287
0 0 0.0330526
0 0 -0.0886074
0 0 0.0198312
0 0 -0.0590114
0 0 0.0351935
0 0 -4.1622e-05
0 0 -0.0517306
0 0 -0.0128465
0 0 -0.0926868
0 0 -0.0768907
0 0 -0.0423023
0 0 -0.0841468
0 0 -0.0856524
0 0 0.203978
0 0 -0.0469513
0 0 -0.0845337
0 0 -0.090961
0 0 -0.0740859
0 0 0.0489493
0 0 -0.0848997
0 0 -0.0288676
0 0 -0.0460009
0 0 -0.00500834
0 0 -0.0954203
0 0 0.0677426
0 0 -0.068475
0 0 -0.101132
0 0 0.0384112
0 0 -0.0274758
0 0 0.039002
0 0 -0.0697208
0 0 -0.0646614
0 0 -0.0365718
0 0 0.0611201
0 0 -0.0352576
0 0 0.0595477
0 0 -0.0457023
0 0 -0.0569081
0 0 -0.00915272
0 0 -0.102843
0 0 -0.0257245
0 0 0.0172184
0 0 -0.0718106
0 0 -0.080365
0 0 -0.0333297
0 0 -0.00508565
0 0 0.0129253
0 0 -0.0159092
0 0 -0.0637572
0 0 -0.037372
0 0 0.0577377
0 0 -0.0868653
0 0 -0.0243912
0 0 -0.0632385
0 0 -0.0500564
0 0 0.0678181
0 0 -0.014125
0 0 0.00391741
0 0 0.0285306
0 0 -0.0432115
0 0 -0.0748964
0 0 -0.0263056
0 0 -0.0680454
0 0 -0.0833617
0 0 -0.0393159
0 0 -0.0398437
0 0 -0.0244945
0 0 -0.132088
0 0 0.029647
0 0 -0.0270566
0 0 0.196824
0 0 0.0473681
0 0 0.00751946
0 0 -0.0526827
0 0 -0.0321885
0 0 0.0781476
0 0 0.0481713
0 0 -0.0190455
0 0 0.0107882
0 0 -0.0776196
0 0 -0.0161983
0 0 -0.0186625
0 0 -0.00154012
0 0 -0.0455517
0 0 -0.0195017
0 0 -0.00542519
0 0 -0.0905734
0 0 -0.0272806
0 0 -0.086646
0 0 -0.0696108
0 0 -0.0708862
0 0 -0.0546458
0 0 -0.0918408
0 0 -0.032731
0 0 -0.0455122
0 0 0.00146651
0 0 -0.130933
0 0 -0.00810145
0 0 -0.0954937
0 0 -0.0514836
0 0 -0.027582
0 0 -0.0256105
0 0 -0.0745402
0 0 -0.134957
0 0 -0.03344
0 0 -0.0879641
0 0 -0.0689692
0 0 0.0190854
0 0 0.0371538
0 0 -0.00443206
0 0 -0.0253749
0 0 0.0310045
0 0 0.0532799
0 0 -0.0414574
0 0 0.040465
0 0 -0.00158953
0 0 -0.02416
0 0 -0.0375354
0 0 -0.0421364
0 0 -0.0745987
0 0 -0.0367412
0 0 -0.0380345
0 0 -0.0443373
0 0 -0.00102032
0 0 -0.0381822
0 0 -0.0209539
0 0 0.106289
0 0 -0.188506
0 0 0.0438822
0 0 -0.031676
0 0 0.109758
0 0 -0.0292007
0 0 -0.011365
0 0 -0.0589749
0 0 0.0564046
0 0 0.0298018
0 0 0.0129388
0 0 -0.0659648
0 0 -0.0478668
0 0 -0.0819635
0 0 -0.0117017
0 0 -0.0454844
0 0 -0.00116346
0 0 -0.00933616
0 0 -0.0518759
0 0 -0.0701807
0 0 -0.0107887
0 0 -0.0677766
0 0 -0.0275077
0 0 0.0498263
0 0 0.0295076
0 0 0.00849094
0 0 0.0465832
0 0 0.0473382
0 0 0.0866457
0 0 0.168918
0 0 0.0358415
0 0 -0.022793
0 0 -0.0184837
0 0 -0.0377506
0 0 -0.0364016
0 0 -0.0638967
0 0 -0.0601695
0 0 -0.0595361
0 0 -0.0704485
0 0 -0.0724929
0 0 -0.0681442
0 0 -0.0295165
0 0 -0.0329822
0 0 -0.0331816
0 0 -0.0215028
0 0 -0.0221693
0 0 -0.0244917
0 0 -0.0464327
0 0 -0.0331355
0 0 -0.0991579
0 0 -0.0326206
0 0 -0.0500824
0 0 -0.0314983
0 0 -0.0427039
0 0 -0.0411229
0 0 -0.0407997
0 0 -0.0421911
0 0 -0.0453324
0 0 -0.0241657
0 0 -0.0343395
0 0 -0.0370414
0 0 -0.0456467
0 0 -0.0455112
0 0 -0.0442171
0 0 0.0250242
0 0 0.0274527
0 0 0.0662161
0 0 0.0669813
0 0 0.0698174
0 0 -0.044747
0 0 -0.0448856
0 0 0.0172012
0 0 0.0784722
0 0 0.0581283
0 0 -0.0276518
0 0 -0.0169859
0 0 -0.0642083
0 0 -0.122893
0 0 -0.0792711
0 0 -0.061894
0 0 -0.0493748
0 0 -0.136072
0 0 -0.235917
0 0 -0.64678
0 0 -0.05717
0 0 -0.0612663
0 0 -0.00869157
0 0 0.00238088
0 0 -7.37141e-06
0 0 -0.0447208
0 0 -0.0444952
0 0 0.0664493
0 0 0.0649855
0 0 0.0153181
0 0 0.0104238
0 0 -0.0581406
0 0 -0.0639011
0 0 -0.0622034
0 0 -0.18853
0 0 -0.0304051
0 0 -0.0221063
0 0 -0.0206948
0 0 -0.0174268
0 0 -0.0895337
0 0 -0.0840672
0 0 -0.0513303
0 0 -0.0162794
0 0 -0.0213564
0 0 -0.0979713
0 0 -0.0966463
0 0 -0.0988588
0 0 0.169563
0 0 0.157229
0 0 0.153381
0 0 0.120196
0 0 0.160728
0 0 -0.108146
0 0 -0.101955
0 0 -0.102138
0 0 0.0309301
0 0 0.0178247
0 0 0.0260051
0 0 -0.15122
0 0 -0.19931
0 0 -0.181781
0 0 -0.0627281
0 0 -0.0721611
0 0 -0.0528913
0 0 -0.0616357
0 0 -0.0501236
0 0 0.0854374
0 0 0.100052
0 0 0.0590648
0 0 0.0615972
0 0 0.0601781
0 0 -0.0506466
0 0 -0.0621793
0 0 -0.0522619
0 0 -0.0953058
0 0 -0.094841
0 0 -0.0202245
0 0 -0.0218404
0 0 -0.0160623
0 0 -0.0973033
0 0 -0.100321
0 0 -0.0715871
0 0 0.0364728
0 0 0.0369348
0 0 -0.00454134
0 0 -0.007489
0 0 -0.0141296
0 0 0.0220908
0 0 0.0441755
0 0 0.056251
0 0 0.0606264
0 0 0.0568881
0 0 -0.0374956
0 0 -0.037817
0 0 -0.0348527
0 0 -0.0428907
0 0 -0.033674
0 0 -0.0136743
0 0 -0.00542026
0 0 -0.0994279
0 0 -0.0989978
0 0 -0.096471
0 0 -0.00109643
0 0 -0.00264853
0 0 -0.0247508
0 0 0.0563683
0 0 0.129836
0 0 0.0876026
0 0 -0.0319652
0 0 -0.0264101
0 0 -0.0318246
0 0 -0.0447563
0 0 -0.0423435
0 0 0.0770032
0 0 0.0755242
0 0 -0.0730004
0 0 -0.0920376
0 0 -0.0429689
0 0 -0.0505373
0 0 -0.0180663
0 0 -0.0159221
0 0 -0.0981546
0 0 0.0442104
0 0 0.065006
0 0 0.0689696
0 0 0.0697111
0 0 0.0818952
0 0 -0.0567376
0 0 -0.0418081
0 0 -0.0474397
0 0 0.00179359
0 0 -0.0085157
0 0 0.00508133
0 0 -0.0382688
0 0 -0.0288986
0 0 -0.0444227
0 0 -0.0492201
0 0 0.0575472
0 0 0.0549678
0 0 0.0530165
0 0 -0.079669
0 0 -0.0826533
0 0 -0.0861045
0 0 -0.0383848
0 0 -0.0404087
0 0 -0.0436946
0 0 -0.079078
0 0 -0.0792273
0 0 -0.0839232
0 0 -0.0983825
0 0 -0.106047
0 0 -0.0260867
0 0 -0.0260288
0 0 -0.0343216
0 0 -0.0312205
0 0 -0.0288395
0 0 -0.0321132
0 0 -0.0341619
0 0 -0.0383095
0 0 -0.0729822
0 0 -0.0833437
0 0 0.00694645
0 0 -0.00536772
0 0 0.00662787
0 0 -0.0170979
0 0 -0.0131887
0 0 -0.0305734
0 0 -0.0294543
0 0 -0.0264255
0 0 0.0176573
0 0 0.0104088
0 0 -0.0372461
0 0 -0.0220179
0 0 -0.02532
0 0 -0.0288521
0 0 -0.0343474
0 0 -0.0189654
0 0 -0.0173075
0 0 -0.0495529
0 0 -0.0518176
0 0 -0.0431599
0 0 0.118965
0 0 0.131779
0 0 0.0936399
0 0 0.0104052
0 0 0.0235002
0 0 0.0375318
0 0 0.040752
0 0 0.034401
0 0 -0.0539033
0 0 -0.0491074
0 0 0.039349
0 0 0.0366447
0 0 0.0353686
0 0 -0.0145595
0 0 -0.0213831
0 0 -0.016151
0 0 -0.0434499
0 0 -0.0446424
0 0 -0.0461407
0 0 0.0158911
0 0 0.0151211
0 0 0.0110073
0 0 -0.0100928
0 0 -0.0113312
0 0 0.0828093
0 0 -0.0796154
0 0 -0.0780926
0 0 -0.0826562
0 0 -0.0984905
0 0 -0.096935
0 0 -0.0867512
0 0 -0.101031
0 0 -0.212136
0 0 -0.0383252
0 0 -0.0366021
0 0 -0.029555
0 0 -0.0281351
0 0 0.0179834
0 0 -0.00474153
0 0 -0.0185301
0 0 -0.0210283
0 0 0.0561373
0 0 0.0617619
0 0 0.0599603
0 0 -0.0972352
0 0 -0.0926229
0 0 0.0648846
0 0 0.0659304
0 0 0.0674093
0 0 -0.021968
0 0 -0.0233382
0 0 -0.0261671
0 0 -0.0424395
0 0 -0.0436791
0 0 -0.0195739
0 0 -0.0216801
0 0 -0.0351544
0 0 -0.0332066
0 0 0.0210701
0 0 0.0168279
0 0 0.0343788
0 0 0.0290514
0 0 -0.03049
0 0 -0.024457
0 0 -0.0228692
0 0 0.0507896
0 0 0.0531119
0 0 -0.0227108
0 0 -0.0178227
0 0 0.0159806
0 0 0.00491213
0 0 -0.0315689
0 0 -0.0238955
0 0 -0.0212047
0 0 0.068032
0 0 0.0675955
0 0 0.048309
0 0 -0.0713926
0 0 -0.0675078
0 0 0.0634748
0 0 0.0630276
0 0 -0.0392842
0 0 -0.0731445
0 0 -0.0759726
0 0 -0.0304769
0 0 -0.0331337
0 0 -0.0343693
0 0 -0.0291516
0 0 -0.0230837
0 0 0.0063285
0 0 0.0201877
0 0 -0.0528658
0 0 -0.0372486
0 0 -0.0373826
0 0 -0.0369866
0 0 0.0557461
0 0 0.0499243
0 0 -0.079174
0 0 -0.076443
0 0 -0.0741502
0 0 -0.0317066
0 0 -0.0344957
0 0 -0.00857702
0 0 -0.00942222
0 0 -0.0359469
0 0 0.0088012
0 0 -0.00444968
0 0 -0.00355472
0 0 -0.0277468
0 0 -0.0654632
0 0 -0.0635989
0 0 -0.0539883
0 0 -0.0564054
0 0 0.0665278
0 0 0.0646928
0 0 0.0544307
0 0 -0.00694717
0 0 -0.00414864
0 0 0.0169086
0 0 0.0196053
0 0 0.017274
0 0 -0.0308291
0 0 -0.0222681
0 0 -0.0259518
0 0 -0.0295971
0 0 -0.0337312
0 0 -0.0261731
0 0 0.0321372
0 0 0.0344025
0 0 0.0390253
0 0 0.0365236
0 0 -0.0185242
0 0 0.0116672
0 0 -0.0164505
0 0 0.0542052
0 0 -0.0348973
0 0 -0.056609
0 0 -0.0597238
0 0 -0.0806576
0 0 -0.0845618
0 0 0.0583241
0 0 0.0555608
0 0 0.0607902
0 0 0.0081839
0 0 0.00956887
0 0 0.0149261
0 0 0.0228271
0 0 0.0231806
0 0 -0.0731832
0 0 0.0685812
0 0 0.260351
0 0 0.0952408
0 0 -0.0388866
0 0 0.00763016
0 0 -0.0536573
0 0 -0.0481575
0 0 -0.0372347
0 0 -0.0335587
0 0 0.053291
0 0 0.0520018
0 0 0.00917115
0 0 0.00348006
0 0 0.0369614
0 0 0.0367021
0 0 -0.00767583
0 0 -0.0100682
0 0 0.0343995
0 0 0.0368609
0 0 0.0267159
0 0 0.0689666
0 0 0.0595176
0 0 0.0145178
0 0 0.0196684
0 0 0.0261308
0 0 0.0259861
0 0 0.0215639
0 0 0.0196147
0 0 -0.086663
0 0 -0.087041
0 0 -0.0799518
0 0 -0.0754805
0 0 0.0316296
0 0 0.0331185
0 0 -0.0750429
0 0 -0.0775686
0 0 -0.0324645
0 0 -0.0288201
0 0 -0.0351545
0 0 0.125167
0 0 0.0325051
0 0 0.0412161
0 0 0.0665358
0 0 0.0808352
0 0 -0.0231185
0 0 -0.0168586
0 0 -0.0370611
0 0 -0.0298999
0 0 -0.0378702
0 0 -0.089888
0 0 0.0293072
0 0 0.0396934
0 0 0.0573337
0 0 0.0543511
0 0 0.0560755
0 0 -0.0209891
0 0 -0.0169642
0 0 -0.0193269
0 0 -0.0365522
0 0 -0.0353452
0 0 -0.000607074
0 0 -0.00948933
0 0 0.0413545
0 0 0.0426507
0 0 0.0445209
0 0 -0.0391031
0 0 -0.00880255
0 0 -0.0462132
0 0 -0.0334771
0 0 -0.0355532
0 0 -0.0311954
0 0 -0.078355
0 0 -0.0282476
0 0 -0.0142402
0 0 0.0914956
0 0 -0.0196
0 0 0.00416009
0 0 0.00763425
0 0 0.0292137
0 0 0.0321441
0 0 -0.0232751
0 0 -0.0306235
0 0 -0.0643948
0 0 -0.087308
0 0 0.0216554
0 0 0.0327412
0 0 0.046048
0 0 0.0448201
0 0 0.0449259
0 0 0.0530733
0 0 -0.0528026
0 0 -0.0810045
0 0 -0.0521131
0 0 0.0444416
0 0 0.0409238
0 0 -0.0339257
0 0 -0.0389747
0 0 0.0257935
0 0 -0.0118217
0 0 -0.0143796
0 0 0.00967142
0 0 -0.00476082
0 0 -0.0372254
0 0 -0.0368496
0 0 -0.0332082
0 0 -0.0765063
0 0 -0.0416584
0 0 -0.0424259
0 0 -0.0140901
0 0 -0.0561638
0 0 -0.0289136
0 0 -0.0423884
0 0 -0.0302131
0 0 -0.0344262
0 0 -0.032266
0 0 -0.0348871
0 0 -0.0318681
0 0 -0.0355124
0 0 -0.043748
0 0 -0.050726
0 0 -0.0472091
0 0 -0.0466311
0 0 -0.039125
0 0 -0.0360036
0 0 0.0215073
0 0 0.00997191
0 0 0.015187
0 0 -0.0246265
0 0 -0.0335738
0 0 -0.057286
0 0 -0.0660804
0 0 -0.0373515
0 0 -0.0272944
0 0 -0.00326819
0 0 -0.101043
0 0 -0.102599
0 0 -0.0191822
0 0 -0.0149183
0 0 -0.0351195
0 0 0.0322662
0 0 0.0372785
0 0 0.0340076
0 0 -0.0444661
0 0 -0.0549588
0 0 -0.0300296
0 0 -0.0325303
0 0 -0.0400605
0 0 -0.00821607
0 0 -0.0103357
0 0 -0.00715299
0 0 -0.0408226
0 0 -0.0409642
0 0 -0.0393348
0 0 -0.0475612
0 0 -0.102589
0 0 -0.101846
0 0 -0.0641933
0 0 -0.0583815
0 0 0.0452254
0 0 0.0418559
0 0 -0.0622902
0 0 -0.0646156
0 0 -0.0133451
0 0 -0.0127543
0 0 -0.0198847
0 0 -0.0249931
0 0 9.03486e-05
0 0 -0.0172209
0 0 -0.0199634
0 0 -0.0300104
0 0 -0.0400119
0 0 -0.0748123
0 0 -0.0754991
0 0 -0.0727276
0 0 -0.0376372
0 0 -0.0369912
0 0 -0.0383142
0 0 -0.0380194
0 0 -0.0367665
0 0 -0.0251476
0 0 -0.0195861
0 0 0.0631114
0 0 0.0637591
0 0 0.0577809
0 0 0.00504587
0 0 0.00829355
0 0 0.052653
0 0 -0.041071
0 0 -0.0445118
0 0 0.0458582
0 0 0.0467836
0 0 0.0439231
0 0 -0.0376691
0 0 -0.0366783
0 0 0.389049
0 0 0.323804
0 0 0.14331
0 0 0.060516
0 0 0.0531991
0 0 0.0430289
0 0 -0.0389096
0 0 -0.0390835
0 0 0.0232927
0 0 -0.0381529
0 0 -0.0383308
0 0 -0.0832689
0 0 -0.0373135
0 0 -0.0228768
0 0 -0.0170866
0 0 -0.0374182
0 0 -0.0400403
0 0 -0.0260221
0 0 -0.0547687
0 0 -0.0540214
0 0 0.0106463
0 0 0.00866686
0 0 0.0128138
0 0 -0.0647513
0 0 -0.0611493
0 0 -0.0872501
0 0 -0.0825751
0 0 -0.0800002
0 0 0.0116867
0 0 -0.0656251
0 0 -0.0345241
0 0 -0.0315777
0 0 -0.0179466
0 0 0.0659168
0 0 -0.0359037
0 0 0.102604
0 0 0.108631
0 0 0.0405539
0 0 -0.0380685
0 0 -0.0395759
0 0 -0.0847833
0 0 -0.0862053
0 0 0.0311893
0 0 -0.0407449
0 0 -0.0384366
0 0 -0.0396842
0 0 -0.0252614
0 0 -0.0841123
0 0 -0.0838149
0 0 -0.0831322
0 0 -0.00937451
0 0 -0.00995463
0 0 -0.0177232
0 0 -0.012277
0 0 0.0350308
0 0 0.0381366
0 0 0.0472495
0 0 0.0497935
0 0 -0.0385062
0 0 -0.0389165
0 0 -0.0798014
0 0 -0.078959
0 0 -0.0844394
0 0 0.0482059
0 0 0.0481981
0 0 0.0665946
0 0 -0.042017
0 0 -0.0372521
0 0 -0.0303955
0 0 -0.0265554
0 0 0.00207138
0 0 -0.0733855
0 0 0.059885
0 0 0.00573636
0 0 -0.0666276
0 0 -0.0687646
0 0 0.0392398
0 0 -0.0512871
0 0 -0.0352479
0 0 0.0608206
0 0 0.0508497
0 0 0.0514159
0 0 -0.00617291
0 0 -0.0128013
0 0 0.00569287
0 0 0.00131118
0 0 0.060008
0 0 0.054654
0 0 0.0571267
0 0 -0.0754429
0 0 -0.0787352
0 0 -0.031738
0 0 -0.0326176
0 0 -0.0284982
0 0 -0.0406477
0 0 -0.0427891
0 0 0.0137159
0 0 0.0100675
0 0 0.00800452
0 0 0.00931716
0 0 -0.0445041
0 0 -0.0440473
0 0 -0.0800533
0 0 -0.0856847
0 0 -0.0932032
0 0 -0.08859
0 0 -0.0884206
0 0 -0.0790664
0 0 -0.0802155
0 0 0.0416966
0 0 0.0408747
0 0 -0.0082911
0 0 -0.00424359
0 0 -0.005171
0 0 0.0472864
0 0 -0.0266799
0 0 -0.0272034
0 0 -0.0297254
0 0 -0.0470997
0 0 -0.0320907
0 0 -0.102231
0 0 -0.0907712
0 0 -0.000355158
0 0 0.0730837
0 0 0.0180605
0 0 -0.0110082
0 0 -0.0229688
0 0 0.0604754
0 0 0.0454272
0 0 0.036589
0 0 0.0387978
0 0 0.0415928
0 0 0.0424317
0 0 0.0436646
0 0 0.00297686
0 0 -0.0012408
0 0 0.00220463
0 0 -0.0397966
0 0 -0.0418166
0 0 -0.0756157
0 0 -0.0504
0 0 -0.0441241
0 0 -0.0471763
0 0 -0.0465634
0 0 -0.00159683
0 0 -0.00435508
0 0 -0.0893634
0 0 -0.092054
0 0 -0.07964
0 0 0.0371442
0 0 -0.0341892
0 0 -0.0421994
0 0 0.0435215
0 0 0.0315674
0 0 -0.090604
0 0 -0.0873008
0 0 -0.0771978
0 0 -0.0782117
0 0 -0.0728752
0 0 0.067883
0 0 0.0650383
0 0 0.0622238
0 0 -0.0989939
0 0 -0.110777
0 0 -0.115762
0 0 -0.0841619
0 0 -0.0721309
0 0 -0.0689002
0 0 -0.011518
0 0 0.00339766
0 0 -0.0366714
0 0 -0.0951214
0 0 -0.0911735
0 0 -0.0774775
0 0 -0.0692803
0 0 -0.0635124
0 0 -0.00528103
0 0 0.00228566
0 0 -0.099334
0 0 -0.0395617
0 0 -0.0482505
0 0 0.0355098
0 0 0.00729493
0 0 0.00544616
0 0 -0.0933466
0 0 0.0461087
0 0 0.0447716
0 0 0.00666593
0 0 0.00332998
0 0 -0.101965
0 0 -0.062551
0 0 -0.0336618
0 0 -0.0318488
0 0 -0.0167
0 0 0.0568391
0 0 0.0591961
0 0 -0.087399
0 0 -0.0904024
0 0 -0.0925104
0 0 -0.0733306
0 0 -0.0354609
0 0 0.0427294
0 0 0.0425442
0 0 -0.055651
0 0 -0.0718429
0 0 -0.075302
0 0 0.0614815
0 0 -0.0121978
0 0 0.0659697
0 0 0.0359235
0 0 -0.0482048
0 0 -0.0607177
0 0 -0.0237241
0 0 -0.0128022
0 0 -0.0223606
0 0 -0.0355341
0 0 -0.0361174
0 0 -0.0857099
0 0 -0.0843244
0 0 0.0142662
0 0 0.0500492
0 0 0.0526323
0 0 -0.00310486
0 0 -0.00511134
0 0 -0.00751967
0 0 -0.0254167
0 0 -0.025718
0 0 -0.0383829
0 0 -0.0506386
0 0 -0.0379367
0 0 -0.0429241
0 0 0.0602022
0 0 0.0743644
0 0 -0.075859
0 0 -0.058903
0 0 -0.0560012
0 0 -0.0509679
0 0 0.0712361
0 0 0.0637467
0 0 0.057988
0 0 0.0585955
0 0 -0.0297139
0 0 -0.0816185
0 0 -0.0693212
0 0 -0.0777923
0 0 0.00188784
0 0 0.0666648
0 0 0.0340611
0 0 -0.0983338
0 0 0.000813917
0 0 -0.0843164
0 0 -0.0795209
0 0 0.0694621
0 0 -0.0501891
0 0 -0.0597839
0 0 -0.0820573
0 0 -0.0845863
0 0 -0.0779961
0 0 -0.0141136
0 0 -0.0833769
0 0 -0.0726006
0 0 0.00857617
0 0 -0.027259
0 0 0.0110617
0 0 -0.0219452
0 0 -0.0230583
0 0 0.0325029
0 0 0.00336263
0 0 0.0112868
0 0 0.00698087
0 0 0.035738
0 0 0.0340816
0 0 -0.0570127
0 0 -0.0621388
0 0 -0.0583147
0 0 -0.0895749
0 0 -0.0919164
0 0 0.0638785
0 0 0.00767347
0 0 -0.00092357
0 0 -0.0860049
0 0 -0.090001
0 0 -0.0724108
0 0 -0.0709674
0 0 -0.0370015
0 0 -0.0301548
0 0 -0.035172
0 0 -0.041593
0 0 -0.0443541
0 0 -0.047802
0 0 -0.0452886
0 0 -0.079798
0 0 -0.0758942
0 0 -0.018898
0 0 -0.0242101
0 0 -0.0172757
0 0 -0.00799442
0 0 0.00676986
0 0 0.0033681
0 0 -0.0249167
0 0 -0.0235659
0 0 0.0736005
0 0 -0.0697768
0 0 -0.0686856
0 0 0.0126814
0 0 -0.000535665
0 0 0.0172013
0 0 0.0201054
0 0 -0.0248118
0 0 -0.035588
0 0 -0.0164066
0 0 -0.0195154
0 0 -0.0867428
0 0 0.0335858
0 0 0.0395341
0 0 -0.0373332
0 0 -0.0396534
0 0 -0.0527103
0 0 0.0384254
0 0 -0.00990059
0 0 -0.012764
0 0 0.0429751
0 0 0.0439926
0 0 -0.166484
0 0 -0.0711746
0 0 -0.0608269
0 0 -0.0549556
0 0 -0.225424
0 0 -0.285062
0 0 -0.0542038
0 0 -0.0661258
0 0 -0.0813846
0 0 -0.037393
0 0 -0.0358853
0 0 -0.0343144
0 0 -0.0338984
0 0 0.0606112
0 0 0.000244316
0 0 -0.0483959
0 0 0.0348716
0 0 -0.0310194
0 0 -0.0265803
0 0 -0.0528311
0 0 -0.0462647
0 0 -0.0168833
0 0 -0.0300186
0 0 -0.010686
0 0 -0.0126546
0 0 -0.00914786
0 0 0.00120318
0 0 -0.000951165
0 0 -0.0255239
0 0 -0.0031749
0 0 0.0518337
0 0 0.0538597
0 0 -0.0965555
0 0 -0.0965224
0 0 -0.0341845
0 0 -0.0369588
0 0 -0.0345476
0 0 -0.0590336
0 0 -0.034315
0 0 -0.0397994
0 0 -0.0939681
0 0 -0.0302102
0 0 -0.028344
0 0 -0.0365932
0 0 -0.0158596
0 0 -0.0454344
0 0 -0.046621
0 0 -0.0505147
0 0 -0.024558
0 0 -0.00550083
0 0 0.00241819
0 0 -0.00692397
0 0 -0.00152975
0 0 -0.00342066
0 0 -0.0409943
0 0 0.055531
0 0 0.0378673
0 0 0.0169761
0 0 -0.182595
0 0 -0.0498592
0 0 -0.0445193
0 0 -0.045416
0 0 -0.0141217
0 0 -0.00818752
0 0 0.0891471
0 0 0.0747787
0 0 -0.0959169
0 0 -0.0944099
0 0 0.0231924
0 0 0.0232704
0 0 -0.103078
0 0 -0.104098
0 0 0.0415601
0 0 0.0475513
0 0 0.043455
0 0 0.0482658
0 0 -0.0114333
0 0 -0.0725092
0 0 -0.0934975
0 0 -0.0392848
0 0 0.224866
0 0 -0.0021849
0 0 -0.00442101
0 0 0.0354266
0 0 0.0376053
0 0 0.0340677
0 0 0.0281276
0 0 -0.0156289
0 0 -0.0156229
0 0 0.000384104
0 0 0.0505432
0 0 0.000463455
0 0 -0.274525
0 0 0.0265058
0 0 0.0109923
0 0 -0.00258773
0 0 -0.00760555
0 0 0.0941635
0 0 0.215627
0 0 -0.0451484
0 0 -0.0613972
0 0 -0.0922381
0 0 -0.094703
0 0 -0.018478
0 0 -0.0996187
0 0 -0.351019
0 0 -0.159211
0 0 0.0323842
0 0 0.0362472
0 0 -0.0532931
0 0 -0.0567168
0 0 0.0559223
0 0 -0.0392287
0 0 -0.0408196
0 0 0.0018734
0 0 0.00330847
0 0 -0.0481545
0 0 -0.0441135
0 0 -0.0647726
0 0 -0.0669993
0 0 -0.0869631
0 0 -0.0188872
0 0 -0.0849397
0 0 0.0393999
0 0 0.0460091
0 0 -0.0823756
0 0 -0.0234681
0 0 -0.0204145
0 0 0.0510243
0 0 -0.0661155
0 0 -0.0748366
0 0 -0.0670129
0 0 -0.0789618
0 0 -0.0814101
0 0 -0.0835105
0 0 -0.0850646
0 0 -0.079598
0 0 -0.0733135
0 0 -0.0757023
0 0 -0.0723409
0 0 -0.0673008
0 0 -0.0138785
0 0 -0.0400007
0 0 0.0257503
0 0 -0.0439967
0 0 -0.0429457
0 0 -0.0423605
0 0 -0.0436432
0 0 -0.00728354
0 0 -0.0366626
0 0 0.0673131
0 0 0.0676574
0 0 -0.0343305
0 0 0.0387773
0 0 0.0547379
0 0 0.00541887
0 0 0.0309385
0 0 -0.0544684
0 0 -0.0569369
0 0 0.0682498
0 0 0.0735606
0 0 0.0795915
0 0 -0.0253155
0 0 0.0477889
0 0 0.0156041
0 0 -0.0457288
0 0 -0.0214873
0 0 -0.0452653
0 0 -0.00121696
0 0 0.00186997
0 0 0.00516012
0 0 0.00714844
0 0 -0.0587892
0 0 -0.214783
0 0 -0.0625793
0 0 -0.266984
0 0 0.0380745
0 0 0.0358861
0 0 -0.00636812
0 0 -0.00567199
0 0 0.016214
0 0 -0.0423946
0 0 -0.0399414
0 0 -0.120275
0 0 -0.504587
0 0 -0.0546571
0 0 -0.0608351
0 0 -0.0207366
0 0 -0.0228984
0 0 0.0507448
0 0 0.0477859
0 0 0.0770299
0 0 0.0897462
0 0 -0.0196756
0 0 0.0281258
0 0 0.0297449
0 0 -0.0226494
0 0 -0.05405
0 0 -0.0531689
0 0 -0.0447605
0 0 0.0423459
0 0 -0.0445672
0 0 0.00314298
0 0 -0.0415014
0 0 -0.0275551
0 0 -0.0449573
0 0 -0.0335604
0 0 -0.0276125
0 0 -0.0253019
0 0 0.0703947
0 0 -0.0594659
0 0 -0.0565789
0 0 -0.00814278
0 0 -0.00658339
0 0 0.0141077
0 0 -0.0645634
0 0 -0.0133344
0 0 0.0245137
0 0 -0.02254
0 0 -0.0218409
0 0 0.0116878
0 0 -0.00970865
0 0 -0.0266058
0 0 -0.000482717
0 0 0.00126564
0 0 -0.132945
0 0 -0.140577
0 0 0.0500228
0 0 0.0475148
0 0 0.0555355
0 0 -0.024278
0 0 -0.0874532
0 0 0.0528093
0 0 -0.0285111
0 0 -0.0464992
0 0 -0.027709
0 0 -0.0469848
0 0 -0.0662067
0 0 -0.065175
0 0 -0.0423336
0 0 -0.0439599
0 0 -0.0400252
0 0 -0.044486
0 0 -0.0539409
0 0 -0.0543256
0 0 -0.00971459
0 0 -0.0616146
0 0 -0.0550998
0 0 -0.0730448
0 0 -0.0657258
0 0 -0.0703616
0 0 -0.109625
0 0 -0.110385
0 0 -0.0852008
0 0 -0.0724859
0 0 -0.0707393
0 0 -0.0377117
0 0 0.00588454
0 0 0.0488199
0 0 -0.0495479
0 0 -0.0500663
0 0 -0.0338847
0 0 -0.0350037
0 0 -0.0324111
0 0 -0.0495476
0 0 -0.0451112
0 0 -0.0483583
0 0 0.0515825
0 0 -0.0498971
0 0 -0.0519686
0 0 0.0913347
0 0 -0.184843
0 0 0.0279217
0 0 -0.0486003
0 0 -0.0369653
0 0 -0.0375825
0 0 0.0445996
0 0 0.0439676
0 0 -0.00756594
0 0 0.0191401
0 0 0.0466946
0 0 -0.0625742
0 0 -0.0541791
0 0 -0.0366706
0 0 -0.0483831
0 0 0.0207776
0 0 0.0899713
0 0 0.0670921
0 0 -0.0309347
0 0 -0.0457351
0 0 -0.0265952
0 0 -0.0407819
0 0 -0.0542722
0 0 -0.101392
0 0 -0.000760938
0 0 0.0392032
0 0 -0.0037181
0 0 -0.00280506
0 0 -0.112393
0 0 -0.0927182
0 0 -0.0839126
0 0 -0.0368775
0 0 0.0272354
0 0 -0.0653571
0 0 -0.0660009
0 0 -0.0297345
0 0 -0.0285528
0 0 -0.0407486
0 0 0.0735707
0 0 -0.0947796
0 0 0.0454699
0 0 -0.113117
0 0 0.00580734
0 0 0.0431048
0 0 -0.171803
0 0 0.0285919
0 0 -0.0250563
0 0 -0.024375
0 0 -0.0149079
0 0 -0.0756002
0 0 -0.0127427
0 0 -0.13788
0 0 -0.124711
0 0 -0.0719662
0 0 -0.0682095
0 0 -0.00532969
0 0 -0.0879943
0 0 -0.090013
0 0 -0.0536594
0 0 -0.00716636
0 0 -0.00394632
0 0 0.0674004
0 0 0.0180215
0 0 -0.0723855
0 0 -0.0716898
0 0 -0.0754973
0 0 -0.0710479
0 0 -0.0888408
0 0 -0.0377122
0 0 -0.0257967
0 0 -0.0344875
0 0 -0.0616348
0 0 -0.0933768
0 0 -0.0589118
0 0 -0.0545349
0 0 0.128219
0 0 0.0503127
0 0 0.0107557
0 0 0.0447659
0 0 -0.0178781
0 0 -0.0105099
0 0 -0.0718842
0 0 -0.0103702
0 0 -0.0515575
0 0 0.0241288
0 0 0.0234956
0 0 0.0208042
0 0 -0.0934982
0 0 -0.0940629
0 0 -0.0961608
0 0 -0.0987451
0 0 -0.0511483
0 0 -0.0553988
0 0 -0.00954281
0 0 -0.0159585
0 0 -0.0773422
0 0 -0.0371987
0 0 -0.141255
0 0 -0.101325
0 0 -0.0320749
0 0 -0.0370822
0 0 -0.0251073
0 0 -0.0271999
0 0 -0.118918
0 0 -0.062486
0 0 -0.0630091
0 0 -0.0298173
0 0 -0.0294578
0 0 0.0238611
0 0 0.0275515
0 0 -0.0519508
0 0 -0.0280992
0 0 -0.0300707
0 0 0.0405378
0 0 -0.04606
0 0 -0.0154185
0 0 -0.0784557
0 0 -0.171463
0 0 -0.122886
0 0 -0.0364222
0 0 -0.0669361
0 0 -0.068075
0 0 -0.03393
0 0 -0.0336949
0 0 0.0260956
0 0 -0.0505027
0 0 -0.0691998
0 0 -0.0450368
0 0 -0.0593341
0 0 -0.0482827
0 0 -0.0533102
0 0 -0.0367402
0 0 -0.0500116
0 0 -0.0508053
0 0 -0.070223
0 0 -0.0229582
0 0 -0.0217851
0 0 -0.0291921
0 0 -0.0291004
0 0 0.0473438
0 0 0.0108675
0 0 -0.0497239
0 0 -0.0694386
0 0 -0.09094
0 0 -0.0688787
0 0 -0.0732916
0 0 -0.0949098
0 0 -0.0378863
0 0 0.0552883
0 0 -0.0720613
0 0 0.0315777
0 0 0.0299574
0 0 -0.00424428
0 0 0.0710137
0 0 -0.0176015
0 0 -0.0277887
0 0 -0.00251736
0 0 -0.0646866
0 0 -0.0660188
0 0 -0.0286628
0 0 0.0288286
0 0 -0.0204807
0 0 -0.0225726
0 0 -0.0298261
0 0 0.047042
0 0 -0.0237415
0 0 -0.0313039
0 0 -0.0758747
0 0 -0.0824921
0 0 -0.0853791
0 0 -0.0720664
0 0 -0.0881522
0 0 -0.0744608
0 0 0.0527646
0 0 -0.0444514
0 0 0.0398038
0 0 -0.00434678
0 0 -0.0712423
0 0 -0.0264822
0 0 -0.0257938
0 0 -0.0627711
0 0 -0.0652203
0 0 -0.0307242
0 0 -0.0683974
0 0 -0.0671686
0 0 -0.049524
0 0 -0.087167
0 0 -0.0414403
0 0 -0.0510714
0 0 -0.0468325
0 0 -0.0505656
0 0 -0.0971994
0 0 0.0549546
0 0 -0.0300786
0 0 -0.0375945
0 0 -0.0575092
0 0 -0.0684108
0 0 -0.0191197
0 0 -0.000500121
0 0 -0.0258279
0 0 -0.0330233
0 0 0.0382087
0 0 0.0405496
0 0 0.0357947
0 0 -0.0896493
0 0 -0.0240272
0 0 -0.039875
0 0 -0.0157693
0 0 -0.0642145
0 0 -0.0288329
0 0 -0.0310966
0 0 -0.0878033
0 0 0.0443427
0 0 -0.0373696
0 0 -0.0910585
0 0 -0.0240627
0 0 -0.0222666
0 0 0.026251
0 0 0.0300568
0 0 -0.0257084
0 0 0.0332378
0 0 -0.0606217
0 0 -0.0636909
0 0 -0.0338118
0 0 -0.0376898
0 0 -0.0211129
0 0 -0.025969
0 0 -0.0272703
0 0 -0.0758494
0 0 -0.0160841
0 0 -0.027444
0 0 -0.00125202
0 0 -0.0730209
0 0 -0.0671726
0 0 -0.0379461
0 0 -0.0567227
0 0 -0.0873857
0 0 0.0638231
0 0 0.0919741
0 0 0.0460812
0 0 0.047906
0 0 -0.0711909
0 0 -0.0322412
0 0 -0.0329922
0 0 0.157034
0 0 0.0498369
0 0 -0.0251816
0 0 0.0107483
0 0 0.0678609
0 0 -0.103138
0 0 -0.0451041
0 0 0.0605517
0 0 -0.038506
0 0 0.2213
0 0 -0.0370165
0 0 -0.0203082
0 0 0.0387591
0 0 -0.00310142
0 0 0.0105692
0 0 0.000420283
0 0 -0.0102876
0 0 0.0124852
0 0 -0.00597339
0 0 -0.00756681
0 0 0.0186738
0 0 -0.0022211
0 0 -0.00513022
0 0 -0.000427847
0 0 -0.0538243
0 0 0.00436638
0 0 0.00552252
0 0 0.00751042
0 0 -0.00178831
0 0 0.00199085
0 0 0.00376303
0 0 -0.00133278
0 0 -0.00147356
0 0 -0.0092737
0 0 0.00713381
0 0 0.00628344
0 0 0.000813123
0 0 -0.0217564
0 0 0.00765288
0 0 -0.000401079
0 0 -0.00358309
0 0 0.0382043
0 0 -0.00222148
0 0 0.00126457
0 0 0.00109316
0 0 -0.000409541
0 0 -0.0237709
0 0 -0.000752486
0 0 -0.0347084
0 0 -0.00263845
0 0 0.00416298
0 0 -0.00334408
0 0 0.00856044
0 0 -0.000203744
0 0 0.00519096
0 0 -0.000647411
0 0 0.000837651
0 0 -0.00662168
0 0 0.00739696
0 0 -0.00462413
0 0 0.000969314
0 0 0.00225202
0 0 -0.00110828
0 0 -0.00377915
0 0 -0.000238381
0 0 0.0139781
0 0 0.0093158
0 0 0.00253474
0 0 0.00256698
0 0 0.00228904
0 0 -0.000394582
0 0 0.00125338
0 0 -0.000563511
0 0 0.000917319
0 0 -0.00303648
0 0 0.00185302
0 0 -0.00356325
0 0 0.00431713
0 0 -0.0203685
0 0 0.0120756
0 0 -0.00912561
0 0 0.0134785
0 0 -0.0369016
0 0 -0.000508239
0 0 0.00673801
0 0 0.00118515
0 0 -0.0127178
0 0 0.00242346
0 0 -0.00233078
0 0 0.000909608
0 0 0.00221142
0 0 -0.00146124
0 0 0.00154224
0 0 -0.00287494
0 0 -0.0152309
0 0 0.00107731
0 0 -3.3513e-05
0 0 0.000495971
0 0 0.0025098
0 0 -0.000469112
0 0 -0.00134819
0 0 -0.0238884
0 0 -0.0156159
0 0 0.0014019
0 0 -0.0006706
0 0 -0.00431214
0 0 -0.0256923
0 0 0.00998862
0 0 -0.00446206
0 0 0.00440776
0 0 0.00153816
0 0 -0.00152131
0 0 0.000829305
0 0 -0.00120887
0 0 0.00452532
0 0 -0.0281543
0 0 0.00815804
0 0 -0.0047893
0 0 0.00431683
0 0 0.00198124
0 0 0.00192481
0 0 -0.0111237
0 0 0.0043571
0 0 0.000260493
0 0 -0.000406053
0 0 -0.0170696
0 0 0.00205416
0 0 -0.0114433
0 0 0.00551883
0 0 -0.00618078
0 0 0.0021115
0 0 0.00247079
0 0 -0.000948638
0 0 0.0264151
0 0 -0.0248715
0 0 0.00392291
0 0 -0.00119416
0 0 -0.000182097
0 0 -0.000765199
0 0 0.000220472
0 0 -0.00692098
0 0 -0.00229137
0 0 0.0192551
0 0 0.000357884
0 0 -0.00702992
0 0 0.000387541
0 0 0.00350178
0 0 -0.00833537
0 0 0.00023651
0 0 0.00273973
0 0 -0.000130636
0 0 0.00177171
0 0 -0.0189607
0 0 0.000441844
0 0 0.00985054
0 0 -0.00343305
0 0 -5.26333e-05
0 0 0.000168681
0 0 0.000624163
0 0 -8.87787e-05
0 0 -0.0318822
0 0 0.00177307
0 0 -0.00471883
0 0 0.00019102
0 0 -0.0366904
0 0 0.00405749
0 0 0.000631932
0 0 -0.000980128
0 0 0.0128055
0 0 0.00781496
0 0 -0.00378517
0 0 -0.00051135
0 0 0.00478983
0 0 -0.0111274
0 0 0.0126383
0 0 -0.0284531
0 0 -0.0029888
0 0 0.00213577
0 0 -0.0209028
0 0 -0.0183794
0 0 -0.0173882
0 0 0.00483801
0 0 -0.00185039
0 0 0.000827528
0 0 -0.0136001
0 0 -0.0249153
0 0 -0.000746955
0 0 0.00207293
0 0 0.00839627
0 0 0.00258116
0 0 -0.000483376
0 0 -0.0103761
0 0 0.000826301
0 0 -0.0268148
0 0 -0.000528047
0 0 -0.000451385
0 0 -0.000251047
0 0 0.000201101
0 0 0.000832782
0 0 0.000868368
0 0 0.00465903
0 0 0.000236197
0 0 -0.00031136
0 0 -0.00356718
0 0 0.00147115
0 0 -0.00212627
0 0 0.000965013
0 0 -0.00851617
0 0 -0.00786286
0 0 0.0064179
0 0 -0.0141043
0 0 0.000909961
0 0 -0.000353069
0 0 0.000783389
0 0 0.00576544
0 0 0.000136416
0 0 -0.000525265
0 0 0.000681832
0 0 0.00622418
0 0 0.00985839
0 0 -0.00101312
0 0 0.00419503
0 0 0.00258365
0 0 -0.0084653
0 0 0.0144081
0 0 0.0013991
0 0 -0.00119177
0 0 0.00616187
0 0 -0.0125713
0 0 -0.00351159
0 0 0.00266448
0 0 0.0219045
0 0 0.00346202
0 0 0.000360957
0 0 0.0266983
0 0 -0.00133824
0 0 0.00161012
0 0 0.00166381
0 0 0.00335779
0 0 0.000365918
0 0 -0.00116714
0 0 0.004445
0 0 -7.81608e-05
0 0 0.00079995
0 0 -0.00100365
0 0 0.00652613
0 0 0.00399614
0 0 0.0211291
0 0 -0.000804239
0 0 0.00254654
0 0 0.00321296
0 0 -0.0124437
0 0 0.0143822
0 0 -0.01679
0 0 0.00406716
0 0 -0.00170775
0 0 0.000584891
0 0 0.0371388
0 0 -0.0238803
0 0 0.00326922
0 0 0.00300917
0 0 -0.00414703
0 0 -0.000548092
0 0 0.00263967
0 0 -0.000221684
0 0 -0.000613337
0 0 -0.00851698
0 0 -0.00765469
0 0 -0.000524501
0 0 0.00027268
0 0 -0.000243141
0 0 -0.00964089
0 0 0.0194107
0 0 0.000220318
0 0 0.000249615
0 0 -0.00239233
0 0 0.0011256
0 0 0.0109452
0 0 -0.00111421
0 0 -0.0052367
0 0 -0.0135227
0 0 0.00501087
0 0 0.000887725
0 0 0.0047929
0 0 0.000678964
0 0 0.00840005
0 0 -0.00701842
0 0 -0.0048912
0 0 -0.000767766
0 0 -0.00281168
0 0 -0.00490433
0 0 -0.000448669
0 0 -0.0139057
0 0 0.0190587
0 0 0.00831266
0 0 0.000126237
0 0 -0.000270579
0 0 0.00387873
0 0 -0.00178728
0 0 0.0138139
0 0 -0.00879337
0 0 -0.0282151
0 0 -0.0059685
0 0 0.000380388
0 0 -0.000536854
0 0 0.00534002
0 0 -0.0298062
0 0 0.000703097
0 0 0.000969166
0 0 -0.0143579
0 0 0.00735162
0 0 -0.0122663
0 0 0.00708426
0 0 -9.83215e-05
0 0 -0.000554479
0 0 -0.00146951
0 0 0.0119568
0 0 0.00212619
0 0 9.16565e-05
0 0 -5.752e-05
0 0 -0.0134272
0 0 0.00298316
0 0 0.00347965
0 0 -0.000569287
0 0 -0.0247923
0 0 -0.0129084
0 0 0.00133617
0 0 0.00025335
0 0 0.0133806
0 0 -0.000464828
0 0 0.00338236
0 0 -0.0309866
0 0 0.00269154
0 0 0.00112984
0 0 3.14028e-05
0 0 0.00352697
0 0 -0.0242423
0 0 -0.000941296
0 0 0.00448203
0 0 0.00557456
0 0 0.0023242
0 0 -0.000784936
0 0 1.40071e-05
0 0 0.000267308
0 0 0.0108942
0 0 0.0164183
0 0 -0.000276098
0 0 0.00241585
0 0 -0.000730261
0 0 -0.00690923
0 0 0.00600124
0 0 -0.000302558
0 0 0.00733561
0 0 -0.015936
0 0 0.0177133
0 0 -0.0148898
0 0 -0.0027804
0 0 0.000933924
0 0 -0.00228125
0 0 -0.0106634
0 0 0.00225998
0 0 -0.00231895
0 0 -0.00360567
0 0 0.00227246
0 0 -0.00142088
0 0 -0.00060812
0 0 0.00115888
0 0 -0.000198099
0 0 0.000419736
0 0 0.00105469
0 0 0.0016695
0 0 -0.000293682
0 0 -7.89182e-05
0 0 -0.000664216
0 0 -0.0060866
0 0 -0.00327804
0 0 -0.00190399
0 0 0.00911029
0 0 0.0114762
0 0 0.0100533
0 0 -0.00996411
0 0 -0.00771567
0 0 -0.0103797
0 0 0.0059893
0 0 -0.00147781
0 0 0.000982858
0 0 -0.000503831
0 0 -0.000662552
0 0 -0.00303002
0 0 -0.000440783
0 0 -0.00295772
0 0 -0.00336108
0 0 -0.00730816
0 0 -0.00506542
0 0 -0.00996793
0 0 -0.00548394
0 0 0.00498721
0 0 0.0046234
0 0 0.00588253
0 0 -0.00322389
0 0 -0.00159604
0 0 0.00785359
0 0 0.00138998
0 0 -0.00659496
0 0 -0.00268096
0 0 -0.00283534
0 0 -0.00407442
0 0 0.000873953
0 0 -0.00030234
0 0 0.000103176
0 0 -0.00049249
0 0 0.000325656
0 0 0.000965875
0 0 -0.00042074
0 0 -0.000164612
0 0 0.00379606
0 0 0.000184699
0 0 0.00136819
0 0 -0.00361952
0 0 -0.000618644
0 0 -0.000846307
0 0 0.000885631
0 0 0.00138604
0 0 0.00140952
0 0 0.00715257
0 0 -0.00219549
0 0 0.000969901
0 0 -0.00788378
0 0 -0.000298149
0 0 -0.0348284
0 0 -0.0318583
0 0 0.00606128
0 0 0.00725308
0 0 0.00671452
0 0 -0.0485251
0 0 -0.048331
0 0 -0.0506727
0 0 0.000746536
0 0 0.00244469
0 0 -0.0010057
0 0 -0.0202599
0 0 -0.020893
0 0 -0.0225462
0 0 -0.0109944
0 0 -0.0130962
0 0 0.00203231
0 0 0.000737042
0 0 0.0115099
0 0 0.00824558
0 0 0.00464682
0 0 0.00252004
0 0 0.00133282
0 0 8.23785e-05
0 0 -0.000578645
0 0 -0.00137407
0 0 0.00155607
0 0 9.57121e-05
0 0 0.00236333
0 0 0.00107388
0 0 4.7071e-05
0 0 -0.00189195
0 0 -0.00192648
0 0 -0.00298218
0 0 -0.0227802
0 0 -0.0190811
0 0 -0.00233048
0 0 0.00149628
0 0 0.000968034
0 0 -0.00516103
0 0 -0.00473504
0 0 -0.000419117
0 0 -0.00057724
0 0 0.000484019
0 0 -0.000197474
0 0 -0.00347708
0 0 -0.0020833
0 0 -8.55027e-05
0 0 -0.0160927
0 0 -0.00903621
0 0 0.000423474
0 0 -0.0010656
0 0 0.000294598
0 0 0.00235467
0 0 0.00165127
0 0 0.000908494
0 0 -0.00157602
0 0 0.000818126
0 0 0.000293979
0 0 0.000196318
0 0 -0.000665248
0 0 -0.00311001
0 0 -0.0068044
0 0 0.00579184
0 0 0.0034462
0 0 0.00332388
0 0 0.000638628
0 0 0.00136994
0 0 0.000593704
0 0 -0.00488776
0 0 -0.0163198
0 0 -0.0010518
0 0 0.00351418
0 0 0.0016039
0 0 0.00287442
0 0 -0.00110957
0 0 0.00136844
0 0 -0.0335906
0 0 -0.0257431
0 0 -0.0347951
0 0 0.00337882
0 0 0.00663337
0 0 0.00286702
0 0 0.00240868
0 0 0.00106672
0 0 -0.00405277
0 0 -0.00468183
0 0 0.00249263
0 0 0.00270924
0 0 -0.00241372
0 0 -0.00374864
0 0 0.00316745
0 0 0.00294063
0 0 0.00622018
0 0 -0.00421156
0 0 -0.00554964
0 0 -0.0278715
0 0 -0.0416908
0 0 -0.0202367
0 0 -0.0221766
0 0 -0.0236887
0 0 -0.00454487
0 0 -0.0160278
0 0 -0.000858518
0 0 -0.00305979
0 0 0.00257066
0 0 2.81595e-05
0 0 0.00161551
0 0 0.00180566
0 0 -9.86866e-05
0 0 -0.000448682
0 0 -0.000697693
0 0 0.000758183
0 0 -0.000757758
0 0 0.000977864
0 0 -0.010979
0 0 -0.0144902
0 0 -0.00108907
0 0 -0.00102584
0 0 -0.00196787
0 0 -0.00694054
0 0 -0.00701141
0 0 0.000207789
0 0 4.41581e-05
0 0 0.000354995
0 0 -0.000249329
0 0 -0.000719934
0 0 -5.62985e-05
0 0 0.00222816
0 0 0.00682172
0 0 -0.000289871
0 0 9.54683e-05
0 0 -0.000315337
0 0 0.000186138
0 0 -0.0250961
0 0 -0.0258288
0 0 -0.0131858
0 0 -0.034368
0 0 -0.00144485
0 0 0.000706277
0 0 0.000573293
0 0 2.19735e-05
0 0 0.00274043
0 0 -0.00049344
0 0 0.000829024
0 0 0.0094411
0 0 0.0110611
0 0 -0.00161871
0 0 -0.00118054
0 0 0.00102943
0 0 0.000835087
0 0 -0.00179997
0 0 5.01179e-05
0 0 -0.000561133
0 0 0.00432431
0 0 0.00502312
0 0 -0.0110744
0 0 -0.000897293
0 0 -0.0148236
0 0 -0.0132127
0 0 -0.0161663
0 0 -0.00579631
0 0 -0.00460413
0 0 -0.00999516
0 0 -0.0025948
0 0 0.00308902
0 0 -0.0053365
0 0 -0.000634047
0 0 0.00187986
0 0 -0.00252258
0 0 0.00872548
0 0 0.00777651
0 0 0.000883097
0 0 -0.00375536
0 0 -0.0262683
0 0 -0.0226305
0 0 -0.00119506
0 0 -3.2687e-05
0 0 0.00463857
0 0 0.00244991
0 0 0.00439795
0 0 0.00142775
0 0 -0.000339682
0 0 0.00504926
0 0 0.00177646
0 0 0.00403931
0 0 0.00579462
0 0 -0.0248899
0 0 -0.0249339
0 0 0.00300394
0 0 -0.0133314
0 0 0.00137485
0 0 0.00068624
0 0 0.000371302
0 0 0.000298705
0 0 -4.04955e-05
0 0 0.00240956
0 0 0.00121435
0 0 0.000511539
0 0 -0.00064548
0 0 0.00117285
0 0 -0.00198917
0 0 -0.016309
0 0 -0.0188397
0 0 -0.000683529
0 0 -0.00368653
0 0 -0.01707
0 0 -0.00289937
0 0 0.000237482
0 0 0.00180503
0 0 -0.0270839
0 0 -1.9162e-05
0 0 -0.0104963
0 0 -0.00675189
0 0 -0.0196105
0 0 -0.00689459
0 0 0.000537876
0 0 -0.000524201
0 0 -0.000238911
0 0 -0.0268357
0 0 -0.0147688
0 0 -0.0132024
0 0 0.00415241
0 0 0.00755961
0 0 -0.00449187
0 0 0.00105002
0 0 -0.00366733
0 0 -0.0066426
0 0 -0.0102696
0 0 -0.0184274
0 0 -0.0162067
0 0 -0.0255025
0 0 0.0107378
0 0 0.00664525
0 0 -0.00507278
0 0 0.000195695
0 0 -0.000292149
0 0 0.0343855
0 0 -0.00251784
0 0 0.0268609
0 0 -0.00594997
0 0 0.00795946
0 0 0.00268319
0 0 0.00261579
0 0 0.00259931
0 0 0.000843069
0 0 0.00106196
0 0 0.000816923
0 0 0.0107865
0 0 0.00502565
0 0 0.00637487
0 0 0.00210616
0 0 0.00202571
0 0 -2.49356e-05
0 0 -0.000400709
0 0 -0.00881605
0 0 -0.00626166
0 0 0.00459669
0 0 0.00389095
0 0 0.00561447
0 0 -0.00235298
0 0 -0.0138091
0 0 -0.0136417
0 0 -0.012246
0 0 -0.0363895
0 0 -0.0100582
0 0 -0.0296144
0 0 -0.0238134
0 0 -0.0221573
0 0 -0.000431769
0 0 -9.42075e-05
0 0 0.000325294
0 0 -8.3143e-05
0 0 -0.0264351
0 0 -0.0242442
0 0 -0.0219922
0 0 0.000983552
0 0 0.00055626
0 0 -0.00150688
0 0 -0.00227597
0 0 -0.000126789
0 0 0.000844115
0 0 0.0207237
0 0 -0.00751678
0 0 0.0165087
0 0 -0.0053544
0 0 -0.00174835
0 0 0.000817965
0 0 0.00135393
0 0 -0.000868728
0 0 0.000174082
0 0 -0.000208519
0 0 0.00179472
0 0 0.000494073
0 0 -0.00125991
0 0 -0.000447408
0 0 0.00147205
0 0 -0.00088159
0 0 -0.000575763
0 0 0.00623396
0 0 0.00456758
0 0 -0.00128079
0 0 0.000796621
0 0 -0.00177985
0 0 5.15852e-05
0 0 -0.00203678
0 0 -0.000614425
0 0 0.000132371
0 0 0.000549695
0 0 -0.0147775
0 0 -0.0138578
0 0 0.00410215
0 0 0.000189742
0 0 -0.0178167
0 0 -0.0160622
0 0 -0.0152642
0 0 -0.030717
0 0 -0.0286903
0 0 -0.0309975
0 0 -0.00390597
0 0 0.00165383
0 0 0.00232653
0 0 0.00141369
0 0 -0.0362633
0 0 -0.030021
0 0 -0.000478825
0 0 0.000151624
0 0 -0.00392087
0 0 -0.00559457
0 0 0.00451637
0 0 0.00353432
0 0 -0.00207676
0 0 -0.00937595
0 0 -0.00353644
0 0 -0.00562262
0 0 -0.00190312
0 0 -0.0179071
0 0 -0.012866
0 0 -0.0169502
0 0 -0.0155227
0 0 -0.0141456
0 0 0.00842316
0 0 0.0100433
0 0 0.010785
0 0 -0.000917958
0 0 0.0198653
0 0 -0.00094562
0 0 -0.000164277
0 0 -0.000396872
0 0 -0.0408063
0 0 0.00101761
0 0 -0.00031962
0 0 -0.0159685
0 0 -0.0263166
0 0 -0.00413423
0 0 -0.0206713
0 0 0.00423715
0 0 0.00775046
0 0 0.0108892
0 0 0.0154452
0 0 0.00539863
0 0 0.00560801
0 0 -0.012733
0 0 0.00220556
0 0 0.00265478
0 0 6.26461e-05
0 0 -0.000492423
0 0 3.04117e-05
0 0 -2.75005e-05
0 0 -0.00401703
0 0 -0.00609988
0 0 -0.00914992
0 0 0.000434805
0 0 0.00203033
0 0 -0.00028861
0 0 -0.0103327
0 0 -0.00391972
0 0 -0.00113285
0 0 -0.0315582
0 0 0.00155872
0 0 0.00462814
0 0 -0.0225545
0 0 -0.0223877
0 0 -0.0024658
0 0 -0.00288457
0 0 0.000150211
0 0 0.000432082
0 0 -0.00289967
0 0 0.00557465
0 0 0.00395557
0 0 0.00307588
0 0 0.00340512
0 0 0.00215305
0 0 0.0113333
0 0 -0.0136669
0 0 -0.00687367
0 0 0.0026662
0 0 0.00174647
0 0 -0.000777415
0 0 -0.00281366
0 0 -0.00334197
0 0 0.000153203
0 0 -0.000536202
0 0 -0.00782321
0 0 -0.00475919
0 0 -0.0158944
0 0 -0.000661866
0 0 -0.000107333
0 0 0.000895426
0 0 -0.000222322
0 0 5.61577e-05
0 0 0.00335894
0 0 -0.000123633
0 0 0.000945268
0 0 -0.000413994
0 0 0.000651707
0 0 0.000343625
0 0 0.000738715
0 0 0.00129256
0 0 0.000623215
0 0 -0.00041228
0 0 -0.000533972
0 0 0.000634897
0 0 0.00121442
0 0 0.00309691
0 0 0.000581997
0 0 -0.0016394
0 0 0.000550052
0 0 0.00496013
0 0 -0.000265254
0 0 -0.00138144
0 0 -0.00458995
0 0 -0.00111073
0 0 -0.000727138
0 0 0.000518239
0 0 -0.00569977
0 0 -0.000660285
0 0 -0.00384821
0 0 0.00730314
0 0 -0.00648755
0 0 0.000911411
0 0 0.000608114
0 0 0.00330081
0 0 0.00207912
0 0 0.00159708
0 0 0.00144596
0 0 0.000752087
0 0 0.000883726
0 0 -2.23926e-05
0 0 -0.000570961
0 0 -0.00106506
0 0 0.000267198
0 0 0.00144247
0 0 0.0056738
0 0 0.0043586
0 0 0.00415341
0 0 -0.00427296
0 0 0.000360625
0 0 0.00226904
0 0 0.00317915
0 0 0.00337483
0 0 -2.00909e-05
0 0 -0.000157793
0 0 0.00478464
0 0 0.00293851
0 0 -7.41052e-05
0 0 -0.000931429
0 0 0.00332233
0 0 0.00373506
0 0 -0.00827601
0 0 -0.00923929
0 0 -0.00732701
0 0 0.0035483
0 0 0.00176548
0 0 0.00181025
0 0 0.00118389
0 0 -0.00131625
0 0 0.000406298
0 0 0.00102977
0 0 0.000449086
0 0 -0.000885426
0 0 -0.0260284
0 0 0.000205302
0 0 -0.000304556
0 0 0.000235508
0 0 0.000859847
0 0 -0.000701859
0 0 -0.000378914
0 0 -0.00402362
0 0 -0.00886414
0 0 -0.0082304
0 0 0.00240534
0 0 -0.0260008
0 0 -0.0131553
0 0 0.00388134
0 0 0.00315433
0 0 -0.00219576
0 0 -0.00271262
0 0 0.0100865
0 0 0.00802309
0 0 0.00184072
0 0 -0.00629057
0 0 -0.000593093
0 0 0.00106878
0 0 0.0011435
0 0 -0.00195093
0 0 -0.00245003
0 0 -0.000558851
0 0 0.000270734
0 0 -0.000233097
0 0 -0.000641126
0 0 -0.000137761
0 0 0.00171122
0 0 0.00197853
0 0 0.0012264
0 0 0.00221585
0 0 -0.0116523
0 0 -0.0188782
0 0 -0.00072078
0 0 0.00085466
0 0 0.000746754
0 0 -0.000138903
0 0 0.00160615
0 0 0.0128376
0 0 -0.00446454
0 0 -0.0132076
0 0 -7.52644e-05
0 0 0.000224483
0 0 0.000473066
0 0 0.00022688
0 0 -0.000350655
0 0 -0.000473223
0 0 -0.00241562
0 0 -0.000930726
0 0 0.00363915
0 0 0.00343318
0 0 0.000896989
0 0 0.00185855
0 0 0.00235278
0 0 0.00435915
0 0 0.00314323
0 0 0.000399346
0 0 -0.000758601
0 0 -0.0258463
0 0 -0.00203438
0 0 -0.00770356
0 0 -0.00298108
0 0 0.000105981
0 0 8.07551e-05
0 0 -0.000605019
0 0 0.000635724
0 0 -0.00117685
0 0 -0.000411777
0 0 -0.00142246
0 0 -0.00472574
0 0 -0.000115875
0 0 -7.41052e-05
0 0 0.00325124
0 0 -0.0218937
0 0 -0.0252412
0 0 0.00212241
0 0 -0.00121293
0 0 4.06841e-05
0 0 -0.000751088
0 0 -0.000280339
0 0 -0.000669099
0 0 -0.000653503
0 0 0.00060752
0 0 0.00214387
0 0 0.00385136
0 0 -0.0227425
0 0 -0.0157039
0 0 -0.00349373
0 0 0.00238113
0 0 0.00195599
0 0 0.000390737
0 0 -0.0127782
0 0 -0.00314186
0 0 -0.00483337
0 0 -0.000237332
0 0 0.000604536
0 0 -0.000735058
0 0 -7.78435e-05
0 0 0.000226711
0 0 0.000532952
0 0 0.0266513
0 0 0.0214387
0 0 0.0109949
0 0 0.00909041
0 0 0.00743278
0 0 -0.00668114
0 0 -0.00826093
0 0 0.00457036
0 0 0.000448267
0 0 0.00100223
0 0 -0.00203904
0 0 -0.000133529
0 0 -0.0138896
0 0 0.000529113
0 0 0.00487709
0 0 0.00446866
0 0 0.0271023
0 0 0.0274258
0 0 0.0201817
0 0 -0.000471879
0 0 -0.000543726
0 0 -0.000181073
0 0 -9.33274e-05
0 0 0.00493342
0 0 0.00828794
0 0 0.000895358
0 0 -0.00323974
0 0 -0.0335699
0 0 0.00909914
0 0 0.00902712
0 0 0.00239203
0 0 0.00345457
0 0 -0.00156908
0 0 -0.00019148
0 0 0.00390254
0 0 0.00438041
0 0 0.000714385
0 0 0.000697629
0 0 0.0074731
0 0 0.00544293
0 0 0.00638097
0 0 -0.0114243
0 0 -0.000171053
0 0 0.000351326
0 0 -0.000508488
0 0 0.000351049
0 0 -0.000988419
0 0 0.00734912
0 0 0.0150348
0 0 -0.00268193
0 0 0.00573535
0 0 -0.00262244
0 0 -0.000170849
0 0 -0.000460012
0 0 -0.0161128
0 0 -0.0138069
0 0 0.014858
0 0 0.0295209
0 0 0.0293721
0 0 -0.0111859
0 0 -0.0109524
0 0 -0.00310547
0 0 -8.67044e-05
0 0 -0.00415952
0 0 0.000551365
0 0 -8.09568e-05
0 0 0.0155828
0 0 0.0230588
0 0 0.0185945
0 0 -0.00919319
0 0 -0.00171397
0 0 -0.000272156
0 0 0.00121645
0 0 0.00239546
0 0 0.000213546
0 0 -3.68159e-05
0 0 0.000315193
0 0 0.000147709
0 0 -0.00420551
0 0 0.00428594
0 0 0.00258997
0 0 0.00148517
0 0 0.00147994
0 0 -0.000976019
0 0 0.00133088
0 0 -0.0348671
0 0 0.00636767
0 0 0.00983149
0 0 0.00823453
0 0 0.00988957
0 0 0.0130665
0 0 0.00200632
0 0 0.0044575
0 0 0.000699025
0 0 0.00960618
0 0 0.0118027
0 0 0.00545315
0 0 0.00737509
0 0 -0.000553618
0 0 -0.000786251
0 0 2.66825e-05
0 0 0.000875733
0 0 0.0407803
0 0 0.0382059
0 0 6.60604e-05
0 0 0.00938435
0 0 0.00085141
0 0 0.00172585
0 0 -0.0163763
0 0 0.00112133
0 0 -0.000375562
0 0 0.00596075
0 0 0.00147119
0 0 0.00015279
0 0 -4.384e-05
0 0 0.00883817
0 0 0.00733305
0 0 -0.0157642
0 0 0.00887026
0 0 0.0103678
0 0 0.000589964
0 0 -0.000195092
0 0 0.0142662
0 0 0.0144388
0 0 0.00364851
0 0 -0.000254071
0 0 -0.00156629
0 0 -0.00997611
0 0 0.0201868
0 0 0.0200268
0 0 0.00476719
0 0 0.00535571
0 0 0.0195032
0 0 0.0169679
0 0 0.0176484
0 0 0.000133834
0 0 0.00322781
0 0 -0.000524472
0 0 0.00619156
0 0 -0.00254467
0 0 -0.000313209
0 0 -0.0407464
0 0 -0.0341842
0 0 0.000710867
0 0 -0.000830457
0 0 1.65702e-05
0 0 0.00042522
0 0 0.0123727
0 0 0.0134645
0 0 0.0273688
0 0 -0.000869989
0 0 0.0205276
0 0 0.0123106
0 0 3.94522e-05
0 0 -0.00112512
0 0 0.000479344
0 0 0.00512669
0 0 0.0054745
0 0 0.0114098
0 0 0.0126702
0 0 0.0072235
0 0 0.0058857
0 0 -0.000424746
0 0 -0.00107918
0 0 0.0009888
0 0 0.00106479
0 0 0.00375175
0 0 0.014232
0 0 0.000435383
0 0 0.0246341
0 0 0.00739316
0 0 0.0148969
0 0 0.00237743
0 0 0.00149504
0 0 0.00541623
0 0 0.00637793
0 0 0.00525111
0 0 0.00524136
0 0 0.00027234
0 0 0.000438792
0 0 -0.00107121
0 0 0.00699183
0 0 0.00482524
0 0 0.00490316
0 0 -0.0070951
0 0 -0.0055475
0 0 0.0153483
0 0 0.0300787
0 0 -0.000460128
0 0 0.000294243
0 0 0.000998948
0 0 -0.00786126
0 0 0.00231065
0 0 -6.9491e-06
0 0 0.00189708
0 0 0.0026405
0 0 -0.0227822
0 0 -0.00629781
0 0 -0.0166848
0 0 0.0305476
0 0 0.0312032
0 0 0.00238351
0 0 0.00115316
0 0 0.00518299
0 0 0.0031653
0 0 0.000252369
0 0 -5.19516e-05
0 0 -0.000612036
0 0 0.00882037
0 0 0.00244858
0 0 0.00610812
0 0 -0.00723216
0 0 -0.00305982
0 0 0.00180157
0 0 -0.000959762
0 0 0.0210442
0 0 0.0100411
0 0 0.00311705
0 0 0.000809237
0 0 -0.0264113
0 0 0.00385052
0 0 0.00774881
0 0 0.00856602
0 0 0.00509356
0 0 0.00499178
0 0 0.00659121
0 0 -0.0265809
0 0 0.00484485
0 0 0.00442091
0 0 0.00398972
0 0 0.0219986
0 0 0.000230267
0 0 -0.000669564
0 0 -0.000231188
0 0 -9.94757e-05
0 0 0.00207999
0 0 0.00254326
0 0 0.00306156
0 0 -0.000154186
0 0 0.000405444
0 0 -3.5016e-05
0 0 0.00569477
0 0 0.00415431
0 0 -0.0104193
0 0 -0.00823843
0 0 0.00327234
0 0 -0.00663265
0 0 0.000476543
0 0 0.00160584
0 0 -0.000493422
0 0 -0.000324928
0 0 -0.000680636
0 0 0.00230893
0 0 0.000296917
0 0 -0.00111018
0 0 0.000808199
0 0 -0.000655316
0 0 -0.0214576
0 0 -0.00311028
0 0 0.00421052
0 0 -0.000435459
0 0 0.0106408
0 0 0.00605981
0 0 0.00507135
0 0 -0.00414853
0 0 -0.00501673
0 0 0.00109822
0 0 -0.0234292
0 0 -0.00196287
0 0 0.00416469
0 0 0.0011796
0 0 0.00637491
0 0 0.00589384
0 0 0.000527474
0 0 0.00071302
0 0 -0.00107991
0 0 0.00021366
0 0 -0.000341002
0 0 0.00171297
0 0 0.00413747
0 0 0.00597651
0 0 -0.0318607
0 0 -0.0287829
0 0 0.000513518
0 0 0.00119051
0 0 0.00182958
0 0 -0.000411926
0 0 -0.00102352
0 0 0.00139683
0 0 0.000121267
0 0 0.00189186
0 0 0.000930702
0 0 0.000780347
0 0 0.000670696
0 0 0.000237939
0 0 0.00108996
0 0 -0.015815
0 0 -0.0160989
0 0 -0.0196998
0 0 -0.00149893
0 0 -0.0321243
0 0 0.000116934
0 0 -0.000652047
0 0 -0.000135162
0 0 -0.00275377
0 0 0.00162856
0 0 -0.00108251
0 0 -0.00219881
0 0 -0.00525938
0 0 -0.00666222
0 0 -0.000148434
0 0 -0.0216191
0 0 -0.00184346
0 0 0.00440312
0 0 -0.00314274
0 0 0.00076389
0 0 -0.012728
0 0 -0.000791221
0 0 -7.39489e-05
0 0 -0.00193158
0 0 0.000377975
0 0 -0.00240007
0 0 8.69834e-05
0 0 0.0007816
0 0 -0.00695313
0 0 -0.000315811
0 0 0.000596179
0 0 -0.0174801
0 0 0.0123832
0 0 0.016553
0 0 0.000504903
0 0 -0.019603
0 0 -0.00102805
0 0 0.0155278
0 0 0.0121766
0 0 0.00125788
0 0 -0.000241639
0 0 0.00586851
0 0 -0.00019229
0 0 0.00877305
0 0 0.0017767
0 0 0.000189482
0 0 -0.000322939
0 0 0.000637214
0 0 -0.00045429
0 0 0.000752371
0 0 -0.00032881
0 0 0.0121784
0 0 0.000548765
0 0 -0.000282774
0 0 -0.00880876
0 0 -0.00672258
0 0 -0.00387037
0 0 -0.00995569
0 0 -0.000297257
0 0 0.0021748
0 0 0.00239223
0 0 -0.0074673
0 0 -0.0096373
0 0 -0.0142352
0 0 -0.000451212
0 0 -0.00169334
0 0 0.000614383
0 0 0.0127068
0 0 0.0227385
0 0 0.00254373
0 0 0.000739287
0 0 -0.00412549
0 0 0.00268697
0 0 0.00073036
0 0 0.00513845
0 0 0.0194205
0 0 0.0178706
0 0 -0.0298598
0 0 -0.0328534
0 0 -0.0287607
0 0 0.00772179
0 0 0.0199682
0 0 0.000456428
0 0 0.000199537
0 0 0.00300687
0 0 -4.22863e-05
0 0 0.00314246
0 0 0.0101033
0 0 -0.00670466
0 0 -0.0102206
0 0 -0.0105362
0 0 -0.0263426
0 0 0.00260204
0 0 0.00104577
0 0 0.00206043
0 0 0.00174324
0 0 -0.000390833
0 0 -0.000473232
0 0 -0.0282598
0 0 0.00703168
0 0 0.009454
0 0 -0.0121993
0 0 -0.00237593
0 0 0.000279579
0 0 0.000924081
0 0 -0.00645579
0 0 0.0109012
0 0 -0.00397577
0 0 -0.00676829
0 0 -0.00751788
0 0 -0.0117481
0 0 0.00556497
0 0 0.00666979
0 0 -0.00171245
0 0 -0.0115049
0 0 -0.000948297
0 0 -0.00293537
0 0 -0.00229633
0 0 -0.00314201
0 0 0.00117738
0 0 0.00188603
0 0 0.00484349
0 0 0.00392029
0 0 0.00194431
0 0 -0.0328511
0 0 0.0186034
0 0 -0.0172805
0 0 0.00477195
0 0 0.002695
0 0 0.00491637
0 0 0.00723857
0 0 0.0111936
0 0 -0.0204839
0 0 -0.0168957
0 0 -0.00213508
0 0 0.00116416
0 0 -0.0021449
0 0 -0.0010028
0 0 0.00468955
0 0 -0.000451855
0 0 0.00109604
0 0 -0.00897991
0 0 -0.00259984
0 0 -0.000214086
0 0 0.00188639
0 0 0.0080832
0 0 0.000172269
0 0 -0.000198528
0 0 -0.00103799
0 0 5.8283e-05
0 0 -0.000611542
0 0 -0.00130395
0 0 0.00192508
0 0 0.00121671
0 0 0.00217197
0 0 0.00180161
0 0 -0.0017388
0 0 -0.00516577
0 0 -0.00170381
0 0 0.0126517
0 0 -0.0104055
0 0 -0.00937513
0 0 -0.00499569
0 0 -0.00297828
0 0 -0.00760128
0 0 0.00376747
0 0 -0.00719239
0 0 0.00366388
0 0 -0.00866535
0 0 -0.0011427
0 0 0.00210531
0 0 -0.0115758
0 0 -0.000516335
0 0 -0.00625329
0 0 -0.015517
0 0 -0.0102089
0 0 0.00919651
0 0 -0.000257672
0 0 0.00036324
0 0 0.0165389
0 0 0.0132784
0 0 0.0109172
0 0 0.000388878
0 0 0.00278734
0 0 0.0142325
0 0 -0.00243487
0 0 -0.00280442
0 0 -0.00158953
0 0 0.0038938
0 0 -0.0272228
0 0 -0.027801
0 0 0.0194999
0 0 -0.000593595
0 0 -0.00167238
0 0 -0.00130211
0 0 -0.0304245
0 0 -0.000716358
0 0 -0.000961479
0 0 -0.00242567
0 0 0.00188685
0 0 -0.000427353
0 0 -0.00294076
0 0 -0.00329403
0 0 -0.00148429
0 0 0.00191206
0 0 0.000653612
0 0 -0.00134574
0 0 0.00189775
0 0 0.00271616
0 0 -0.00415781
0 0 9.41935e-05
0 0 -0.00350736
0 0 -0.00245902
0 0 0.00155294
0 0 -0.00189873
0 0 0.000639039
0 0 -0.000802303
0 0 0.0031444
0 0 -0.00283242
0 0 0.000122871
0 0 -0.000406774
0 0 -0.00168628
0 0 -0.000842894
0 0 -0.0035755
0 0 -0.00506033
0 0 -2.80498e-05
0 0 -0.00158645
0 0 -0.00457464
0 0 0.00225686
0 0 -0.0017656
0 0 0.00336059
0 0 0.00108049
0 0 0.00162254
0 0 0.00326239
0 0 0.00376557
0 0 0.000950723
0 0 -0.00122426
0 0 -0.00295288
0 0 0.00107907
0 0 -0.00614059
0 0 -0.00243059
0 0 -0.00297412
0 0 -0.00197474
0 0 0.00219691
0 0 -5.699e-05
0 0 0.00355646
0 0 -0.00387916
0 0 -0.00431068
0 0 -0.00306004
0 0 -0.00143064
0 0 0.00359108
0 0 -0.00299556
0 0 -0.00381854
0 0 0.00286902
0 0 -0.000905267
0 0 -0.000213555
0 0 -0.00124606
0 0 -9.2193e-05
0 0 1.78626e-05
0 0 -0.00271499
0 0 -0.000245165
0 0 0.00126347
0 0 -0.00595187
0 0 0.00210984
0 0 0.00377098
0 0 -0.00238242
0 0 0.000506454
0 0 0.00391262
0 0 0.00220031
0 0 -0.000634765
0 0 -0.00283467
0 0 0.00279748
0 0 -0.00203287
0 0 -0.00328501
0 0 -0.00362
0 0 -0.00522055
0 0 -2.27653e-05
0 0 -0.00265728
0 0 -0.00343944
0 0 0.00169736
0 0 0.00381825
0 0 -0.000571602
0 0 -0.00395123
0 0 -0.00023428
0 0 -0.00204763
0 0 0.00115804
0 0 -0.000624142
0 0 0.00415167
0 0 -0.000500724
0 0 0.000432907
0 0 -0.00124343
0 0 -0.00425825
0 0 0.0014022
0 0 -0.00215365
0 0 -0.00714353
0 0 0.000442493
0 0 -0.00237592
0 0 -0.000433906
0 0 0.00239043
0 0 0.00138895
0 0 -0.000903356
0 0 0.00225459
0 0 -0.00275294
0 0 0.00414863
0 0 0.00401995
0 0 -0.0072577
0 0 -0.00386014
0 0 0.000362248
0 0 0.00210941
0 0 -0.00170996
0 0 -0.00511943
0 0 -0.00355126
0 0 0.000211419
0 0 -0.000552873
0 0 -0.00119422
0 0 0.000862335
0 0 0.000747652
0 0 0.00370415
0 0 -0.000302476
0 0 -0.00115242
0 0 0.00126419
0 0 -0.00408796
0 0 -0.00385907
0 0 0.00456849
0 0 -0.00109162
0 0 -0.00207125
0 0 -0.00233524
0 0 0.00155192
0 0 -0.00329772
0 0 -0.00412908
0 0 -0.00132762
0 0 -0.00201029
0 0 0.00429699
0 0 -0.00292307
0 0 -0.00743296
0 0 -0.00375885
0 0 0.000228886
0 0 -0.000550156
0 0 -0.00113287
0 0 0.00325352
0 0 -0.00113965
0 0 -0.00172418
0 0 -0.000751018
0 0 -0.00340767
0 0 0.0047725
0 0 0.00286217
0 0 -0.00164285
0 0 -0.00433178
0 0 0.000822361
0 0 -0.000903842
0 0 -0.00446684
0 0 -0.0076354
0 0 0.00327449
0 0 -0.00399805
0 0 -0.0016783
0 0 -7.33623e-05
0 0 -0.00363604
0 0 0.00201217
0 0 -0.0024631
0 0 -0.00556478
0 0 -0.00283751
0 0 -0.00263393
0 0 -0.00213032
0 0 -0.000286845
0 0 -1.36943e-05
0 0 -0.00184117
0 0 -0.00167381
0 0 -0.00103415
0 0 -0.00243774
0 0 -0.00172543
0 0 0.00241234
0 0 0.00216354
0 0 0.0024561
0 0 0.00236069
0 0 0.00209778
0 0 0.00156101
0 0 0.00182594
0 0 0.00217782
0 0 -0.000520207
0 0 -0.000482802
0 0 -0.000560589
0 0 -3.22034e-05
0 0 0.00223046
0 0 0.00187219
0 0 0.00182334
0 0 -0.0066489
0 0 -0.00709978
0 0 -0.00209269
0 0 -0.0013426
0 0 -0.000738343
0 0 0.000854108
0 0 0.000749994
0 0 0.000571213
0 0 0.00497417
0 0 0.00380058
0 0 0.00497954
0 0 -0.00200269
0 0 -0.00165257
0 0 -0.00153138
0 0 0.00198613
0 0 0.00146095
0 0 0.000449939
0 0 0.00413113
0 0 -0.000689141
0 0 -0.00103445
0 0 -0.000610464
0 0 0.00123067
0 0 0.00111224
0 0 0.00142069
0 0 -0.000749729
0 0 -0.00142933
0 0 -0.00180251
0 0 -0.00356898
0 0 -0.00395079
0 0 -0.00343802
0 0 0.00136606
0 0 0.00105603
0 0 -0.00297791
0 0 -0.00334275
0 0 -0.00273556
0 0 -0.00294554
0 0 -0.00265631
0 0 -0.00611137
0 0 -0.00558709
0 0 0.00280062
0 0 0.00246936
0 0 -0.00476064
0 0 -0.0043125
0 0 -0.00482312
0 0 -0.00347331
0 0 -0.00322664
0 0 -0.00326961
0 0 0.00299832
0 0 0.00332408
0 0 0.00350031
0 0 -0.00283803
0 0 -0.00309847
0 0 0.00118597
0 0 0.001101
0 0 0.00149855
0 0 -0.00372747
0 0 -0.00360104
0 0 0.000825814
0 0 0.000892492
0 0 -0.00856483
0 0 -0.0066499
0 0 -0.00961594
0 0 0.00491714
0 0 0.000896788
0 0 0.00122397
0 0 0.00100961
0 0 0.00049846
0 0 0.000642944
0 0 -0.00233221
0 0 -0.0021012
0 0 -0.00226302
0 0 -0.00257506
0 0 -0.00231386
0 0 -0.000531815
0 0 -0.000428347
0 0 -0.00906607
0 0 -0.00686506
0 0 0.000321166
0 0 0.000439122
0 0 0.000532028
0 0 0.00266081
0 0 0.00257614
0 0 0.00170396
0 0 -5.25973e-05
0 0 -0.000404458
0 0 0.0020139
0 0 0.00237169
0 0 -0.00162319
0 0 -0.00156165
0 0 -0.00175255
0 0 0.000694987
0 0 -0.00374015
0 0 -0.00465739
0 0 0.00165484
0 0 0.00146533
0 0 0.00416307
0 0 0.00412588
0 0 0.00359971
0 0 0.00294074
0 0 0.00277744
0 0 -0.0031848
0 0 -0.00304295
0 0 0.00132188
0 0 0.00170981
0 0 0.00429186
0 0 0.0037988
0 0 0.00450132
0 0 0.00265905
0 0 0.00248903
0 0 2.97845e-05
0 0 -0.000102095
0 0 0.00202656
0 0 0.00294073
0 0 0.00113716
0 0 0.00276603
0 0 -0.00277352
0 0 -0.00270525
0 0 -0.00290473
0 0 -0.00311506
0 0 -0.00286105
0 0 -0.00325156
0 0 -0.00125295
0 0 -0.00125708
0 0 -0.0014956
0 0 0.000506338
0 0 0.000862295
0 0 0.00268463
0 0 0.00259015
0 0 -0.00258151
0 0 -0.00242655
0 0 -0.0015115
0 0 -0.00140481
0 0 0.0046431
0 0 0.00382218
0 0 -0.00452283
0 0 -0.000936666
0 0 -0.00129733
0 0 -0.00102133
0 0 -0.00064891
0 0 -0.00088958
0 0 0.00147257
0 0 0.00163307
0 0 -0.00385311
0 0 -0.00408269
0 0 0.00373226
0 0 0.00407881
0 0 -0.00127534
0 0 -0.00145941
0 0 0.0037926
0 0 0.00332788
0 0 0.00298367
0 0 0.00306926
0 0 0.00194102
0 0 0.0018419
0 0 -0.0031827
0 0 -0.00349753
0 0 -0.00371764
0 0 -0.00384065
0 0 -0.000863217
0 0 -0.000723958
0 0 -0.000629346
0 0 0.00031256
0 0 0.000168481
0 0 7.12758e-05
0 0 -0.00446078
0 0 -0.00407752
0 0 -0.00414062
0 0 -0.0034977
0 0 -0.00275467
0 0 -0.00328411
0 0 -0.00302135
0 0 -0.00312825
0 0 -0.00307102
0 0 -0.00311522
0 0 -0.00334317
0 0 -0.00438324
0 0 -0.00291772
0 0 0.00302581
0 0 0.00299409
0 0 -0.00226417
0 0 -0.00238786
0 0 -0.00258793
0 0 -0.00338955
0 0 -0.00344112
0 0 -0.00365903
0 0 -0.000988874
0 0 -0.000917053
0 0 -0.000675242
0 0 0.000196072
0 0 4.12266e-05
0 0 0.00557255
0 0 0.00390711
0 0 -0.00386019
0 0 -0.00388222
0 0 -0.00331969
0 0 -0.00303819
0 0 -0.0029949
0 0 -0.0026837
0 0 0.00410679
0 0 0.00396059
0 0 0.00429642
0 0 0.00224358
0 0 0.000648557
0 0 0.00088586
0 0 -3.3745e-05
0 0 -0.000142609
0 0 -0.0048628
0 0 -0.00470647
0 0 -0.00223936
0 0 -0.00262227
0 0 -0.00118088
0 0 -0.000885105
0 0 -0.000431045
0 0 -0.00162441
0 0 -0.00165471
0 0 -0.00196293
0 0 -0.000474208
0 0 -0.00062856
0 0 -0.00161479
0 0 -0.000345403
0 0 -0.00291782
0 0 -0.00114499
0 0 -0.000342014
0 0 -0.000410486
0 0 -0.000438027
0 0 -0.00564596
0 0 -0.00493358
0 0 -0.000377128
0 0 -0.000174966
0 0 0.000118216
0 0 -0.00146988
0 0 0.00045465
0 0 0.000714234
0 0 0.000678258
0 0 0.00171892
0 0 0.00108318
0 0 0.00131444
0 0 0.00332949
0 0 0.00294678
0 0 0.00279881
0 0 -7.54937e-05
0 0 -0.00112216
0 0 -0.000261272
0 0 -0.000265177
0 0 -0.000251322
0 0 -0.000131079
0 0 0.00350917
0 0 -0.00262136
0 0 -0.00499757
0 0 -0.00472632
0 0 0.0056215
0 0 -0.00343641
0 0 0.00420908
0 0 -0.0018235
0 0 -0.00148697
0 0 -0.00111956
0 0 -0.00103561
0 0 -0.00130415
0 0 0.000983337
0 0 -0.0010264
0 0 -0.0095713
0 0 -0.00526763
0 0 0.00322405
0 0 0.00260282
0 0 -0.000341391
0 0 -0.000339369
0 0 -0.008571
0 0 0.00282728
0 0 0.0033888
0 0 -0.000262131
0 0 -4.67528e-05
0 0 -0.00402083
0 0 0.0020593
0 0 -0.00316405
0 0 -0.00336321
0 0 0.00373804
0 0 0.00236122
0 0 0.00486761
0 0 0.000185119
0 0 -0.00234116
0 0 -0.00224458
0 0 0.00427501
0 0 -2.63309e-05
0 0 -0.000320995
0 0 0.00440283
0 0 -0.00255306
0 0 -0.00217312
0 0 -1.0919e-05
0 0 -0.00036102
0 0 0.00156243
0 0 0.000792831
0 0 1.19129e-05
0 0 0.000189918
0 0 -0.00164987
0 0 0.000116504
0 0 -0.00417477
0 0 -0.00247469
0 0 -0.0027187
0 0 -0.00119153
0 0 -0.00100053
0 0 0.00387728
0 0 0.00364869
0 0 0.00180608
0 0 0.0019581
0 0 -7.77601e-05
0 0 -0.000428504
0 0 0.00140115
0 0 0.00108935
0 0 0.00393868
0 0 0.00427258
0 0 0.000356285
0 0 0.000302151
0 0 4.96087e-05
0 0 0.000368647
0 0 0.000455904
0 0 0.00357189
0 0 -0.00198483
0 0 -0.00194099
0 0 0.00291399
0 0 -0.00570182
0 0 -0.00497126
0 0 -0.00408492
0 0 -0.00421831
0 0 -0.00397286
0 0 -0.00415097
0 0 -0.000507176
0 0 -0.00031031
0 0 -0.00265383
0 0 -0.00263763
0 0 0.000670058
0 0 -0.00437564
0 0 0.000436194
0 0 0.00390975
0 0 -0.00123811
0 0 0.00158559
0 0 -0.00182965
0 0 -0.00188621
0 0 -0.00203438
0 0 -0.00407879
0 0 -0.00437012
0 0 -0.00282727
0 0 -0.000733426
0 0 -0.000941627
0 0 -0.00173273
0 0 -0.00108595
0 0 -0.00437719
0 0 -0.0036806
0 0 -0.00399713
0 0 0.000294589
0 0 -0.00239306
0 0 -0.00391052
0 0 -0.00465894
0 0 -0.00227369
0 0 0.000526847
0 0 0.000356273
0 0 0.000365584
0 0 -6.42587e-05
0 0 -0.00339364
0 0 -0.000251053
0 0 -0.000249201
0 0 0.000231907
0 0 -0.00129876
0 0 0.0032617
0 0 -0.00380311
0 0 -0.00376727
0 0 -0.00071788
0 0 -0.00061812
0 0 -0.000703207
0 0 -0.00607653
0 0 -0.00626764
0 0 -0.00663048
0 0 0.00196385
0 0 0.00141069
0 0 -0.00851535
0 0 -0.00452802
0 0 -0.00283084
0 0 -0.00219836
0 0 -0.00219817
0 0 -0.00201003
0 0 -0.00215507
0 0 0.00182142
0 0 0.00340967
0 0 0.00368733
0 0 0.00137042
0 0 0.00112593
0 0 -0.00330307
0 0 -0.00346505
0 0 0.00156239
0 0 0.0009585
0 0 0.000522746
0 0 0.000467762
0 0 -0.000141234
0 0 0.00475454
0 0 0.000238155
0 0 4.40298e-05
0 0 -0.00361332
0 0 -0.00357833
0 0 -0.000454869
0 0 -0.000625714
0 0 0.00089478
0 0 0.000674957
0 0 -0.00538422
0 0 -0.00488145
0 0 -0.0055732
0 0 -0.00354768
0 0 -0.00360126
0 0 0.000654187
0 0 -0.00243773
0 0 -0.00267668
0 0 -0.000909038
0 0 -0.000826097
0 0 -0.0049554
0 0 -0.000729713
0 0 -0.00301513
0 0 -0.00302261
0 0 -0.000633778
0 0 -0.000220011
0 0 -0.000320134
0 0 -0.00430083
0 0 -0.00320792
0 0 -0.0030378
0 0 -0.00278319
0 0 -0.00583754
0 0 -0.00625289
0 0 0.00315417
0 0 0.00303348
0 0 -0.00543136
0 0 -0.00363235
0 0 -0.00338889
0 0 -0.000919369
0 0 -0.000704665
0 0 -0.000225315
0 0 -0.00487862
0 0 -0.00135122
0 0 -0.003927
0 0 0.000199401
0 0 -0.000307704
0 0 -0.00246536
0 0 -0.00216424
0 0 -0.00391101
0 0 -0.00392138
0 0 0.00133746
0 0 -0.00281776
0 0 -0.00950995
0 0 -0.00671859
0 0 0.00206585
0 0 0.00266273
0 0 0.000893722
0 0 0.0024669
0 0 0.00308081
0 0 -0.00112038
0 0 -0.00789762
0 0 0.0023189
0 0 -0.00350399
0 0 0.00029757
0 0 0.00591165
0 0 -0.010304
0 0 -0.000716007
0 0 0.00516641
0 0 0.00502349
0 0 0.00596201
0 0 -0.00742153
0 0 -0.000792447
0 0 -0.00100386
0 0 -0.004554
0 0 0.00427978
0 0 0.0040689
0 0 0.00377725
0 0 0.0043337
0 0 0.00351948
0 0 0.00339845
0 0 -0.00743452
0 0 -0.00513649
0 0 -0.00225516
0 0 -0.00166971
0 0 0.00103436
0 0 -0.000388682
0 0 -0.00306553
0 0 -0.000931426
0 0 -0.00100231
0 0 -0.00330053
0 0 -0.00847854
0 0 0.00347782
0 0 -0.000855194
0 0 -0.00256327
0 0 -0.00207602
0 0 -0.000161279
0 0 0.00327201
0 0 0.00156977
0 0 -0.00269888
0 0 -0.003722
0 0 -0.00368259
0 0 -0.00143448
0 0 -0.00187819
0 0 -0.00224061
0 0 -0.00204258
0 0 -0.000918967
0 0 -0.00361975
0 0 -0.00506479
0 0 -0.000619942
0 0 -0.00203892
0 0 0.00351629
0 0 0.00347843
0 0 -0.00148188
0 0 -0.00167593
0 0 -0.000542769
0 0 -0.00224455
0 0 -0.00142168
0 0 -0.0019011
0 0 -0.00201548
0 0 -0.00507265
0 0 -0.00337897
0 0 -0.00139561
0 0 -0.00118495
0 0 -0.000437737
0 0 -0.00179236
0 0 -0.0016887
0 0 -0.0013059
0 0 -0.000338232
0 0 -0.00108254
0 0 -0.00184494
0 0 -0.00179692
0 0 -0.0018648
0 0 -0.00162216
0 0 -0.000296363
0 0 -0.00199235
0 0 -0.00180091
0 0 0.000190777
0 0 -0.00536355
0 0 0.0045276
0 0 0.00347998
0 0 -0.003991
0 0 -0.026658
0 0 -0.036365
0 0 -0.0280983
0 0 -0.043824
0 0 -0.0151007
0 0 -0.0492142
0 0 -0.0451778
0 0 -0.0395666
0 0 -0.0441446
0 0 -0.0348755
0 0 -0.0221706
0 0 -0.00941463
0 0 -0.00658083
0 0 -0.0556724
0 0 -0.0540518
0 0 -0.00453835
0 0 -0.00514918
0 0 -0.014101
0 0 -0.0361634
0 0 -0.0165447
0 0 -0.0188824
0 0 -0.0540975
0 0 -0.0459679
0 0 -0.00795222
0 0 -0.0480575
0 0 -0.0328072
0 0 -0.00554285
0 0 -0.0119254
0 0 -0.0109249
0 0 -0.00736709
0 0 -0.025186
0 0 -0.020685
0 0 -0.0610899
0 0 -0.0576028
0 0 -0.0616028
0 0 -0.0552277
0 0 -0.0127801
0 0 -0.0434197
0 0 -0.0148382
0 0 -0.00580544
0 0 -0.0199103
0 0 -0.00854514
0 0 -0.0418266
0 0 -0.00971065
0 0 -0.00475752
0 0 -0.0595559
0 0 -0.0635125
0 0 -0.0619248
0 0 -0.0535383
0 0 -0.0325043
0 0 -0.0265744
0 0 -0.0466111
0 0 -0.0354043
0 0 -0.00468236
0 0 -0.00433275
0 0 -0.00444975
0 0 -0.00674755
0 0 -0.00612531
0 0 -0.0292046
0 0 -0.0183453
0 0 -0.0336281
0 0 -0.0203675
0 0 -0.0601627
0 0 -0.0519601
0 0 -0.00481321
0 0 -0.00523716
0 0 -0.0045473
0 0 -0.0243681
0 0 -0.0257119
0 0 -0.0296074
0 0 -0.057601
0 0 -0.0591882
0 0 -0.0311133
0 0 -0.0240105
0 0 -0.0482154
0 0 -0.0450566
0 0 -0.0151234
0 0 -0.0185632
0 0 -0.0141403
0 0 -0.0135128
0 0 -0.0117025
0 0 -0.0127609
0 0 -0.0182251
0 0 -0.0218068
0 0 -0.0205285
0 0 -0.0239341
0 0 -0.0168272
0 0 -0.0500373
0 0 -0.0518973
0 0 -0.0261814
0 0 -0.0286284
0 0 -0.0312349
0 0 -0.035725
0 0 -0.032521
0 0 -0.00694777
0 0 -0.00777161
0 0 -0.0072201
0 0 -0.0039341
0 0 -0.00459103
0 0 -0.00469975
0 0 -0.00474876
0 0 -0.0113403
0 0 -0.0128504
0 0 -0.0101478
0 0 -0.0105897
0 0 -0.0226969
0 0 -0.0203908
0 0 -0.0230997
0 0 -0.02108
0 0 -0.0105434
0 0 -0.00955139
0 0 -0.0160587
0 0 -0.01665
0 0 -0.0144934
0 0 -0.0124747
0 0 -0.0132329
0 0 -0.0141143
0 0 -0.0164175
0 0 -0.0166699
0 0 -0.0135326
0 0 -0.0470492
0 0 -0.0403344
0 0 -0.0383595
0 0 -0.0399471
0 0 -0.035204
0 0 -0.0372361
0 0 -0.0388717
0 0 -0.0401524
0 0 -0.0112838
0 0 -0.0118398
0 0 -0.00638166
0 0 -0.00669812
0 0 -0.0185409
0 0 -0.0503147
0 0 -0.0483877
0 0 -0.0557627
0 0 -0.0577611
0 0 -0.0618678
0 0 -0.00765238
0 0 -0.00841765
0 0 -0.0528744
0 0 -0.0478138
0 0 -0.0486181
0 0 -0.055131
0 0 -0.0492381
0 0 -0.00866152
0 0 -0.00828008
0 0 -0.0445998
0 0 -0.0493486
0 0 -0.00528253
0 0 -0.00573447
0 0 -0.0054804
0 0 -0.00617946
0 0 -0.00600778
0 0 -0.00726996
0 0 -0.00670337
0 0 -0.0266065
0 0 -0.0231193
0 0 -0.0604474
0 0 -0.054056
0 0 -0.0546331
0 0 -0.051637
0 0 -0.0559036
0 0 -0.00611229
0 0 -0.0160124
0 0 -0.0173918
0 0 -0.0354688
0 0 -0.0422208
0 0 -0.0416983
0 0 -0.0379704
0 0 -0.00962511
0 0 -0.00878935
0 0 -0.00545984
0 0 -0.00517155
0 0 -0.0517456
0 0 -0.0494939
0 0 -0.0475427
0 0 -0.0162105
0 0 -0.0158349
0 0 -0.0404654
0 0 -0.0066836
0 0 -0.00628605
0 0 -0.0197415
0 0 -0.0170559
0 0 -0.00921866
0 0 -0.0646556
0 0 -0.0651804
0 0 -0.045336
0 0 -0.0496605
0 0 -0.0401423
0 0 -0.0220201
0 0 -0.0191309
0 0 -0.0423188
0 0 -0.0444673
0 0 -0.0567816
0 0 -0.00581666
0 0 -0.0526523
0 0 -0.0298778
0 0 -0.0292091
0 0 -0.0046822
0 0 -0.00486988
0 0 -0.00478864
0 0 -0.00734268
0 0 -0.0141261
0 0 -0.00572556
0 0 -0.00705601
0 0 -0.00555302
0 0 -0.00515
0 0 -0.0467742
0 0 -0.0436003
0 0 -0.0426122
0 0 -0.0269101
0 0 -0.0340453
0 0 -0.00504324
0 0 -0.0558842
0 0 -0.0130787
0 0 -0.0183439
0 0 -0.0151204
0 0 -0.00500407
0 0 -0.00518051
0 0 -0.00470104
0 0 -0.00453596
0 0 -0.00471352
0 0 -0.0327547
0 0 -0.027569
0 0 -0.00478248
0 0 -0.0657233
0 0 -0.0653359
0 0 -0.0622989
0 0 -0.0607922
0 0 -0.00792671
0 0 -0.0090515
0 0 -0.00775365
0 0 -0.0102234
0 0 -0.0107894
0 0 -0.00450319
0 0 -0.00445495
0 0 -0.0337532
0 0 -0.037712
0 0 -0.029849
0 0 -0.049152
0 0 -0.0474396
0 0 -0.0298342
0 0 -0.0289166
0 0 -0.00567235
0 0 -0.00610579
0 0 -0.0250324
0 0 -0.0290769
0 0 -0.00961155
0 0 -0.00846874
0 0 -0.0202519
0 0 -0.00484838
0 0 -0.00472402
0 0 -0.00650579
0 0 -0.0377619
0 0 -0.0548118
0 0 -0.0497598
0 0 -0.0241718
0 0 -0.00446506
0 0 -0.0231733
0 0 -0.0213985
0 0 -0.0584404
0 0 -0.0428223
0 0 -0.00499101
0 0 -0.00479758
0 0 -0.0387567
0 0 -0.0449377
0 0 -0.0408085
0 0 -0.0442379
0 0 -0.00544621
0 0 -0.0151046
0 0 -0.00467578
0 0 -0.00507941
0 0 -0.0628491
0 0 -0.0637877
0 0 -0.0320747
0 0 -0.0317251
0 0 -0.0577972
0 0 -0.0585889
0 0 -0.0257166
0 0 -0.0665805
0 0 -0.0666901
0 0 -0.0470483
0 0 -0.0655845
0 0 -0.0646317
0 0 -0.058578
0 0 -0.0564211
0 0 -0.00461517
0 0 -0.00419868
0 0 -0.062368
0 0 -0.0631456
0 0 -0.00481242
0 0 -0.00429753
0 0 -0.00460533
0 0 -0.0556223
0 0 -0.0329376
0 0 -0.0380226
0 0 -0.0314696
0 0 -0.037538
0 0 -0.0399472
0 0 -0.00466091
0 0 -0.0044294
0 0 -0.00513316
0 0 -0.0362649
0 0 -0.062665
0 0 -0.0618733
0 0 -0.0599025
0 0 -0.0570316
0 0 -0.0488524
0 0 -0.0599462
0 0 -0.0528493
0 0 -0.0594021
0 0 -0.0578206
0 0 -0.00952761
0 0 -0.0352566
0 0 -0.0113404
0 0 -0.00347411
0 0 -0.00151279
0 0 -0.00509168
0 0 -0.000681241
0 0 -0.00183307
0 0 -0.00717267
0 0 -0.00238872
0 0 -0.00432394
0 0 -0.00105867
0 0 -0.000847051
0 0 -0.00251245
0 0 -0.0031868
0 0 -0.0050105
0 0 -0.000298691
0 0 -0.0112542
0 0 -0.00129191
0 0 -0.00472244
0 0 -0.00241243
0 0 -0.00045714
0 0 -0.00342008
0 0 -0.00171607
0 0 -0.00107809
0 0 -0.00357592
0 0 -0.00338327
0 0 -0.000260527
0 0 -0.00109172
0 0 -0.00147297
0 0 -0.00273621
0 0 -0.00455124
0 0 -0.00113255
0 0 -0.00523453
0 0 -0.00794906
0 0 -0.00166453
0 0 -0.000605683
0 0 -0.00379268
0 0 -0.00100152
0 0 -0.00226069
0 0 -0.00417742
0 0 -0.000485114
0 0 -0.00304438
0 0 -0.00157413
0 0 -0.00303528
0 0 -0.0143444
0 0 -1.50645e-05
0 0 -0.00209188
0 0 -0.00464362
0 0 -0.00349302
0 0 -0.000855727
0 0 -0.00106975
0 0 -0.00429349
0 0 -0.000229919
0 0 -0.000796101
0 0 -0.00775039
0 0 -0.00664176
0 0 -0.000611412
0 0 -0.00240882
0 0 -0.0053159
0 0 -0.000293955
0 0 -0.00141971
0 0 -0.000621988
0 0 -0.000460287
0 0 -0.0042163
0 0 -0.000727124
0 0 -0.00606146
0 0 -0.0022252
0 0 -0.00202064
0 0 -0.00287366
0 0 -0.00142314
0 0 -0.0047076
0 0 -0.000663403
0 0 -0.0114483
0 0 -0.00358953
0 0 -0.00143769
0 0 -0.0012425
0 0 -0.00123232
0 0 -0.000556975
0 0 -0.00285227
0 0 -0.00473569
0 0 -0.00209317
0 0 -0.000430333
0 0 -0.00447947
0 0 -0.00156716
0 0 -0.00390767
0 0 -0.00119338
0 0 -0.00328778
0 0 -0.000226404
0 0 -0.0026173
0 0 -0.0194747
0 0 -0.000902827
0 0 -0.000747111
0 0 -0.00407544
0 0 -0.00133115
0 0 -0.000597879
0 0 -0.000310002
0 0 -0.0034281
0 0 -0.000784582
0 0 -0.00149399
0 0 -0.0026146
0 0 -4.87951e-05
0 0 -0.00199584
0 0 -0.00383118
0 0 -0.00293498
0 0 -0.00740321
0 0 -0.000864026
0 0 -0.00199087
0 0 -0.00453114
0 0 -0.00179365
0 0 -6.58092e-05
0 0 -0.000813104
0 0 -0.000326136
0 0 -0.00400099
0 0 -0.000897464
0 0 -0.000666838
0 0 -0.00475576
0 0 -0.00558426
0 0 -0.00225562
0 0 7.76416e-05
0 0 -0.00535961
0 0 -0.000903113
0 0 -0.00171491
0 0 -0.00288929
0 0 -0.00101215
0 0 -0.00181092
0 0 -0.00388507
0 0 -0.00178289
0 0 -0.000431402
0 0 -0.00201604
0 0 -0.000530556
0 0 -0.000544714
0 0 -0.00352849
0 0 -0.00413665
0 0 -0.00075799
0 0 -0.00508688
0 0 -0.00283879
0 0 -0.00413583
0 0 -0.000325745
0 0 -0.00330128
0 0 -0.000576727
0 0 -0.00798003
0 0 -0.000574841
0 0 -0.00079628
0 0 -0.00763598
0 0 -0.00120348
0 0 -0.00389102
0 0 -0.00220978
0 0 -0.00268308
0 0 -0.00219313
0 0 -0.00594893
0 0 -0.00632666
0 0 -0.00492798
0 0 -0.0101359
0 0 -0.00807917
0 0 -0.000451176
0 0 -0.00068299
0 0 -0.00365856
0 0 -0.00453534
0 0 -0.000838097
0 0 -0.000975439
0 0 -0.000554046
0 0 -0.00558478
0 0 -0.000597623
0 0 -0.00202671
0 0 -0.000791359
0 0 -0.00135239
0 0 -0.00261485
0 0 -0.0135633
0 0 -0.00169474
0 0 -0.00134981
0 0 -0.000475084
0 0 -0.00310956
0 0 -0.000529018
0 0 -0.00461865
0 0 -0.000335698
0 0 -0.00327727
0 0 -7.59194e-05
0 0 -0.000650564
0 0 -0.00415051
0 0 -0.00223767
0 0 -0.00445737
0 0 -0.00491957
0 0 -0.00437381
0 0 -0.00476011
0 0 -0.00262519
0 0 -0.00114039
0 0 -0.00067633
0 0 -0.001219
0 0 -0.00430894
0 0 -0.00376291
0 0 -0.015009
0 0 -0.00306923
0 0 -0.000118469
0 0 -4.34488e-05
0 0 -0.00456495
0 0 -0.00315426
0 0 -0.000821693
0 0 -0.00104302
0 0 -0.000568082
0 0 -0.00282944
0 0 -0.000752058
0 0 -0.000613432
0 0 -0.0027402
0 0 -0.0018072
0 0 -0.00239022
0 0 -0.00578731
0 0 -0.00234368
0 0 -0.000157102
0 0 -0.000418732
0 0 -0.00991409
0 0 -0.00129086
0 0 -0.000389715
0 0 -0.00882103
0 0 -0.00213188
0 0 -0.00328188
0 0 -0.00336857
0 0 -0.000306263
0 0 -0.00715606
0 0 -0.00385335
0 0 -4.96376e-05
0 0 -0.000485529
0 0 -0.00178096
0 0 -0.0042107
0 0 -0.000467465
0 0 -0.00100092
0 0 -0.00584326
0 0 -0.00252279
0 0 -0.000751698
0 0 -0.00381323
0 0 0.000305646
0 0 -0.00448159
0 0 -0.0007519
0 0 -0.00126071
0 0 -0.000326409
0 0 -0.00566393
0 0 -0.00622514
0 0 -0.00193941
0 0 -0.000323547
0 0 -0.000478882
0 0 0.000137723
0 0 -0.00667156
0 0 -0.00107621
0 0 -0.00168445
0 0 -0.00387089
0 0 -0.000480978
0 0 -0.00139021
0 0 -0.00160909
0 0 -0.00222402
0 0 -0.000273633
0 0 -0.00112446
0 0 -0.00201815
0 0 -0.00133909
0 0 -0.0251282
0 0 -0.000627259
0 0 -0.0047008
0 0 -0.00240647
0 0 -0.00146237
0 0 -0.00436102
0 0 -0.00408138
0 0 -0.0028753
0 0 -0.00177033
0 0 -0.000464316
0 0 -0.00515946
0 0 2.71318e-05
0 0 -0.000543026
0 0 -0.00558433
0 0 -0.000320339
0 0 -0.00110753
0 0 2.12412e-06
0 0 -0.0033201
0 0 -0.0152265
0 0 -0.000178478
0 0 -0.000338978
0 0 -0.0159616
0 0 -0.00193498
0 0 -0.0040738
0 0 -0.000721201
0 0 -0.00462398
0 0 -0.00283862
0 0 -0.00362167
0 0 -0.00209273
0 0 -0.00123425
0 0 -0.00908744
0 0 -0.00171213
0 0 -0.00330646
0 0 -0.000805288
0 0 -0.00149951
0 0 -0.000523999
0 0 -0.00452726
0 0 -0.000352638
0 0 -0.00356667
0 0 -0.00151821
0 0 -0.00520428
0 0 -0.00159279
0 0 -0.00237213
0 0 -0.000311664
0 0 -9.4979e-05
0 0 -0.000464636
0 0 -0.00452823
0 0 -0.000419093
0 0 -0.0028381
0 0 -0.00151719
0 0 -0.000896299
0 0 -0.000102379
0 0 -0.00161905
0 0 -0.00101971
0 0 -0.000346915
0 0 -0.00120182
0 0 -0.00332327
0 0 -0.000694682
0 0 -0.00460166
0 0 -0.00118989
0 0 -0.00471834
0 0 -0.000738557
0 0 -0.00322678
0 0 -0.00529173
0 0 -0.00212266
0 0 -0.00641313
0 0 -0.00255198
0 0 -0.000394414
0 0 -0.00415286
0 0 -0.00231941
0 0 -0.00407417
0 0 -0.00122421
0 0 -0.00262344
0 0 -0.000430011
0 0 -0.00231998
0 0 -0.0009191
0 0 -0.00184198
0 0 -0.0198937
0 0 -0.00102509
0 0 -0.000763377
0 0 -0.00044791
0 0 -0.000508401
0 0 -0.000354679
0 0 -0.000589686
0 0 -0.000109308
0 0 -0.000312922
0 0 -0.00449079
0 0 -0.00112571
0 0 -0.00544633
0 0 -0.00482246
0 0 -0.000964653
0 0 -6.57122e-06
0 0 -0.00490273
0 0 -0.000552334
0 0 -0.000868089
0 0 -0.00855964
0 0 -0.00226647
0 0 -0.00141955
0 0 -0.0029942
0 0 -0.0034757
0 0 -0.00288122
0 0 -0.00172502
0 0 -0.00421793
0 0 -0.00152923
0 0 -0.0199432
0 0 -0.0030189
0 0 -0.0032181
0 0 -0.000431815
0 0 -0.00461682
0 0 -0.0112074
0 0 -0.00901643
0 0 -0.00246152
0 0 -0.0014712
0 0 -0.000506066
0 0 -0.00207305
0 0 -0.000438938
0 0 -0.0035561
0 0 -0.00737017
0 0 -0.00038976
0 0 -0.00349525
0 0 -0.00104824
0 0 -0.00262095
0 0 -0.000467168
0 0 -0.00375451
0 0 -0.00116545
0 0 -0.00229289
0 0 -6.54748e-05
0 0 -0.00939924
0 0 -0.000463144
0 0 -0.00748359
0 0 -0.00196714
0 0 -0.00165958
0 0 -0.0021572
0 0 -0.00069127
0 0 -0.000423352
0 0 -0.00509948
0 0 -0.000639037
0 0 -0.00147277
0 0 -8.81949e-05
0 0 -0.00200986
0 0 -0.000223636
0 0 -0.000926048
0 0 -0.00141105
0 0 -0.00103275
0 0 -0.00373619
0 0 -0.00444247
0 0 -0.00689197
0 0 -0.00131948
0 0 -0.00101804
0 0 -0.00122052
0 0 -0.000417498
0 0 -0.0026634
0 0 -0.00474525
0 0 -0.00165018
0 0 -0.00636614
0 0 -0.00307972
0 0 -0.0124386
0 0 -0.00382344
0 0 -0.0014792
0 0 -0.00252262
0 0 -0.00324345
0 0 -0.00609244
0 0 -0.00353616
0 0 -0.00481699
0 0 4.88816e-05
0 0 -0.00362642
0 0 -0.00194309
0 0 -0.00130432
0 0 -0.000626812
0 0 -0.000914504
0 0 -0.00057786
0 0 -0.00464321
0 0 -0.000870923
0 0 -0.00751235
0 0 -0.00410811
0 0 -0.00023091
0 0 -0.00381623
0 0 -0.00361016
0 0 -0.00575188
0 0 -0.00186289
0 0 -0.000463515
0 0 -0.00319847
0 0 -0.000894756
0 0 -0.00594277
0 0 -0.000798128
0 0 -0.000934577
0 0 -0.00117554
0 0 -0.000239351
0 0 -0.00203437
0 0 -0.0031607
0 0 -0.000643458
0 0 -0.000254238
0 0 -0.000825524
0 0 -0.00138296
0 0 -0.000465161
0 0 -0.00500697
0 0 -0.0032514
0 0 -8.6437e-05
0 0 -0.00421071
0 0 -0.00386881
0 0 -0.000945139
0 0 -0.00277873
0 0 -0.00473747
0 0 0.00026733
0 0 -0.0108586
0 0 -0.00392614
0 0 -0.0043842
0 0 -0.00455719
0 0 -0.000756295
0 0 -0.0102572
0 0 -0.00194719
0 0 -0.000142679
0 0 -0.00287922
0 0 -0.00560857
0 0 -0.00381231
0 0 0.000106725
0 0 -0.00188332
0 0 -0.00355695
0 0 -0.0001394
0 0 -0.00013049
0 0 -0.000165001
0 0 -0.0072649
0 0 -0.00201859
0 0 -0.00254868
0 0 4.61854e-05
0 0 -0.00185861
0 0 -0.00556971
0 0 -0.00253636
0 0 -0.00218352
0 0 4.02407e-06
0 0 -0.00419132
0 0 -8.66932e-05
0 0 -0.00323806
0 0 -0.00622438
0 0 -0.000925447
0 0 -0.000459771
0 0 -0.000471171
0 0 -0.0117456
0 0 -0.00182956
0 0 -0.00157132
0 0 -0.000154589
0 0 -0.000913111
0 0 -0.00193979
0 0 -0.00195247
0 0 -0.00429747
0 0 -0.00436802
0 0 -0.00868681
0 0 -0.00102846
0 0 -0.00120307
0 0 -0.00305913
0 0 -0.000977307
0 0 -0.000562055
0 0 -0.000829952
0 0 -0.00398879
0 0 -0.000589486
0 0 -0.00334602
0 0 -0.000659826
0 0 -0.00274797
0 0 -0.00336554
0 0 -0.00361729
0 0 -0.000956951
0 0 -0.00511795
0 0 -0.00203329
0 0 -0.00451682
0 0 -3.41247e-05
0 0 -0.000307952
0 0 -0.00430047
0 0 -0.00367931
0 0 -0.000726916
0 0 -0.00486849
0 0 -0.0027552
0 0 -0.0139518
0 0 -0.00203061
0 0 -0.000833786
0 0 -0.000171981
0 0 -0.00571669
0 0 -0.000906548
0 0 -0.00537787
0 0 -0.000611027
0 0 -0.000316817
0 0 -0.00482112
0 0 -0.00274532
0 0 -0.000895151
0 0 -0.00295275
0 0 -0.00156991
0 0 -0.00195274
0 0 -0.00265133
0 0 -0.00494805
0 0 -0.00149733
0 0 -0.000928067
0 0 -0.0037318
0 0 -0.000332392
0 0 -0.00284284
0 0 -0.0121575
0 0 -0.00221249
0 0 -0.000634745
0 0 -0.000284625
0 0 -0.000713584
0 0 -0.000635157
0 0 -7.9704e-06
0 0 -0.00309037
0 0 -0.00427437
0 0 -0.00435781
0 0 -0.00949472
0 0 -0.00848374
0 0 -0.00403289
0 0 -0.00112471
0 0 -0.00120951
0 0 -0.00208126
0 0 -0.00185193
0 0 -0.00522004
0 0 -0.000175824
0 0 -0.000624623
0 0 -0.000633412
0 0 -0.000419859
0 0 -9.29215e-05
0 0 -0.0039858
0 0 -0.00162991
0 0 -0.000243826
0 0 -0.00650425
0 0 -0.004606
0 0 -0.00219887
0 0 -0.00109155
0 0 -0.00101336
0 0 -0.00540106
0 0 -0.00265889
0 0 -0.00366565
0 0 -0.00417268
0 0 -0.00119705
0 0 -0.00241663
0 0 -0.00319235
0 0 -0.00235491
0 0 -0.00961581
0 0 -0.00053629
0 0 -0.00132268
0 0 -0.00238468
0 0 -0.00576761
0 0 -0.00103356
0 0 -0.00105477
0 0 -0.00448579
0 0 -0.000319887
0 0 -0.000666783
0 0 -0.00722348
0 0 -0.00138258
0 0 -0.00140684
0 0 -0.000655773
0 0 -0.00210132
0 0 -0.00142607
0 0 -0.00116901
0 0 -0.00100818
0 0 -0.00102129
0 0 -0.00111331
0 0 -0.000946499
0 0 -0.000450014
0 0 -0.000608541
0 0 -0.00048419
0 0 -0.000836463
0 0 -0.000920891
0 0 -0.000743
0 0 -0.00101706
0 0 -0.00103465
0 0 -0.00291362
0 0 -0.00293063
0 0 -0.00281512
0 0 -0.000933436
0 0 -0.000859142
0 0 -0.000928684
0 0 -0.00053862
0 0 -0.000634935
0 0 -0.000454736
0 0 -0.000618742
0 0 -0.000567008
0 0 -0.00268149
0 0 -0.00274326
0 0 -0.00166247
0 0 -0.00215051
0 0 -0.00173664
0 0 -2.8714e-05
0 0 -0.000455521
0 0 -0.00170883
0 0 -0.00164987
0 0 -0.00170918
0 0 -0.00154163
0 0 -0.00154659
0 0 -0.000709324
0 0 -0.000660124
0 0 -0.000645252
0 0 -4.52652e-05
0 0 -9.85401e-07
0 0 -0.000505049
0 0 -0.000477673
0 0 -0.000179428
0 0 -0.00364423
0 0 -0.00370555
0 0 -0.00356728
0 0 -0.000492788
0 0 -0.000588549
0 0 -0.000625079
0 0 -0.000883008
0 0 -0.000952029
0 0 -0.000884219
0 0 -0.000248191
0 0 -0.000497181
0 0 -0.000458322
0 0 -0.00326563
0 0 -0.00366872
0 0 -0.00362657
0 0 -0.00306391
0 0 -0.00307052
0 0 -0.00285073
0 0 -0.00257618
0 0 -0.00271529
0 0 -0.00259874
0 0 -0.00395158
0 0 -0.00399175
0 0 -0.00386384
0 0 -0.0042846
0 0 -0.0044181
0 0 -0.00442096
0 0 -0.00307492
0 0 -0.00299298
0 0 4.55477e-05
0 0 -4.99145e-05
0 0 -0.011618
0 0 -0.0105807
0 0 -0.00353435
0 0 -0.00375831
0 0 -0.00351868
0 0 -0.000422763
0 0 -0.00469299
0 0 -0.00469832
0 0 -0.000358593
0 0 -0.000195191
0 0 -0.000409754
0 0 -0.00477571
0 0 -0.0045284
0 0 -0.0047766
0 0 -5.52447e-05
0 0 -6.53232e-05
0 0 -0.00787674
0 0 -0.0065213
0 0 -0.00661371
0 0 -0.00437114
0 0 -0.004497
0 0 -0.000255934
0 0 -0.00217692
0 0 -0.00210576
0 0 -0.00229526
0 0 -0.00307925
0 0 -0.00330826
0 0 -0.00252978
0 0 -0.00250677
0 0 -0.00239609
0 0 -0.000835803
0 0 -0.00074944
0 0 -0.000400042
0 0 -0.000264198
0 0 -0.000467908
0 0 -0.00372408
0 0 -0.00352846
0 0 -0.00368174
0 0 -0.000146828
0 0 -3.57937e-05
0 0 -0.000246322
0 0 -0.00238328
0 0 -0.00248078
0 0 -0.000687171
0 0 -0.000660308
0 0 -0.00452529
0 0 -0.00541603
0 0 -0.00424271
0 0 -0.00490718
0 0 -0.00463235
0 0 -0.000966225
0 0 -0.000655808
0 0 -0.000732214
0 0 -0.00137211
0 0 -0.0014693
0 0 -0.00150798
0 0 -0.00392797
0 0 -0.00390085
0 0 -0.00349545
0 0 -0.00345219
0 0 0.000496361
0 0 -0.00052442
0 0 1.62911e-05
0 0 -0.00261793
0 0 -0.00283906
0 0 -0.00259566
0 0 -0.00365582
0 0 -0.00385044
0 0 -0.000575531
0 0 -0.000657281
0 0 -0.000677744
0 0 -0.000852587
0 0 -0.0006126
0 0 -0.000761634
0 0 -0.00517575
0 0 -0.0049852
0 0 -0.00498843
0 0 -0.000656533
0 0 -0.000799313
0 0 -0.000692759
0 0 -0.000296
0 0 -5.17012e-05
0 0 -0.00226822
0 0 -0.00229173
0 0 -0.00457418
0 0 -0.00454384
0 0 -0.000446284
0 0 -0.000403584
0 0 -0.000766615
0 0 -0.000524672
0 0 -0.00259082
0 0 -0.00293704
0 0 -0.0032111
0 0 -0.00167933
0 0 -0.0017821
0 0 -0.00176616
0 0 -0.00530212
0 0 -0.00609164
0 0 -0.00531206
0 0 -0.000379335
0 0 -0.00184518
0 0 -0.00182887
0 0 -0.0019647
0 0 -0.00242414
0 0 -0.00260584
0 0 0.000160668
0 0 -0.000717721
0 0 -0.000409023
0 0 -0.000511465
0 0 -0.000537025
0 0 -0.000465792
0 0 -0.000402651
0 0 -0.00897043
0 0 -0.00940497
0 0 -0.00826236
0 0 -0.00233663
0 0 -0.00251944
0 0 -0.00218537
0 0 -3.03354e-05
0 0 -0.000102049
0 0 -0.00019299
0 0 -0.000332591
0 0 -0.00652699
0 0 -0.00629848
0 0 -0.00619796
0 0 -0.00662125
0 0 -0.00352545
0 0 -0.00334534
0 0 -0.00339782
0 0 -0.00452466
0 0 -0.00425199
0 0 -0.00440107
0 0 -0.00404735
0 0 -0.00409764
0 0 -0.00427267
0 0 -0.00427069
0 0 -0.00415976
0 0 -0.000367287
0 0 -0.000145841
0 0 -0.000373993
0 0 -0.000352919
0 0 -0.00477728
0 0 -0.00463565
0 0 -0.000695542
0 0 -0.000593787
0 0 -0.000696458
0 0 -0.000328843
0 0 -0.000335562
0 0 -0.000310911
0 0 -0.00216801
0 0 -0.00302832
0 0 -0.00300962
0 0 -0.00130934
0 0 -0.00127029
0 0 -0.0013796
0 0 -0.00125838
0 0 -0.00128973
0 0 -0.00104567
0 0 -0.000916295
0 0 -0.00173471
0 0 -0.00151758
0 0 -0.00166188
0 0 -0.000741901
0 0 -0.000895712
0 0 -0.00404642
0 0 -0.00385033
0 0 -0.00400256
0 0 -0.00164705
0 0 -0.00173259
0 0 -0.00161377
0 0 -0.0053935
0 0 -0.00552136
0 0 -0.00571971
0 0 -0.00376372
0 0 -0.00376189
0 0 -0.0036358
0 0 -0.000459323
0 0 -0.00118202
0 0 -0.00280608
0 0 -0.00289329
0 0 -0.000110874
0 0 -0.00013701
0 0 -0.000104178
0 0 -0.0049025
0 0 -0.0046592
0 0 -0.00702215
0 0 -0.00673824
0 0 -0.00152243
0 0 -0.00143676
0 0 -0.00192567
0 0 -0.00411776
0 0 -0.00372944
0 0 -0.00419677
0 0 -0.00406061
0 0 -0.00210662
0 0 -0.00224228
0 0 -0.000318322
0 0 -0.000390128
0 0 -0.00381214
0 0 -0.00394304
0 0 -0.00383063
0 0 -0.00393521
0 0 -0.00399929
0 0 -0.000592891
0 0 -0.000664619
0 0 -0.000718763
0 0 -0.00913445
0 0 -0.0086678
0 0 -0.00849219
0 0 -0.00538241
0 0 -0.00512214
0 0 -0.000732479
0 0 -0.000670812
0 0 -0.000720626
0 0 -0.00621236
0 0 -0.00599682
0 0 -0.00636951
0 0 -0.00248819
0 0 -0.00233823
0 0 -0.000289181
0 0 -0.000359799
0 0 -0.00581072
0 0 -0.00600097
0 0 -0.00628756
0 0 -0.000418481
0 0 -0.00039602
0 0 -7.62118e-05
0 0 -5.91057e-05
0 0 -0.00160828
0 0 -0.00161282
0 0 -0.00586978
0 0 -0.00569249
0 0 -0.00237363
0 0 -0.00221224
0 0 -9.12475e-06
0 0 -1.72809e-05
0 0 -0.00119491
0 0 -0.00127258
0 0 -0.00113733
0 0 -0.0015329
0 0 -0.00154845
0 0 -0.00142386
0 0 -0.00317043
0 0 -0.00321038
0 0 -0.00223835
0 0 -0.00231724
0 0 -0.0021644
0 0 -0.00302893
0 0 -0.00304403
0 0 -0.00977001
0 0 -0.00999753
0 0 -0.000212421
0 0 -0.000374795
0 0 -2.58499e-05
0 0 -0.00435565
0 0 -0.00439268
0 0 -0.000161895
0 0 0.000318186
0 0 -0.00298254
0 0 -0.00285206
0 0 -0.00276616
0 0 -0.000646845
0 0 -0.00343519
0 0 -0.00345837
0 0 -0.00360275
0 0 -0.0033542
0 0 2.63188e-05
0 0 -7.71125e-05
0 0 -0.000692254
0 0 -0.000751503
0 0 -9.61335e-05
0 0 -0.000129304
0 0 6.55124e-05
0 0 -0.000511642
0 0 -0.000379201
0 0 -0.00256794
0 0 -0.00252093
0 0 -0.00267996
0 0 -0.000444144
0 0 -0.000326671
0 0 -0.00792312
0 0 -0.00730731
0 0 -0.00797657
0 0 -0.00120235
0 0 -0.00104178
0 0 -0.00111515
0 0 -0.000480525
0 0 -0.00055822
0 0 -0.00141903
0 0 -0.00163779
0 0 -0.00171801
0 0 -0.00245131
0 0 -0.0025716
0 0 -0.00536129
0 0 -0.00524528
0 0 -0.00499074
0 0 0.000191195
0 0 -9.17422e-05
0 0 -0.000327991
0 0 -0.000321878
0 0 -0.000533925
0 0 -0.000128308
0 0 -0.00250065
0 0 -0.002529
0 0 -0.00263168
0 0 -0.00209633
0 0 -0.0021194
0 0 -0.000192727
0 0 -7.67196e-05
0 0 -0.00351606
0 0 -0.00361863
0 0 -0.00350592
0 0 -0.00257439
0 0 -0.00270414
0 0 -0.00014841
0 0 -0.000213363
0 0 -0.000216029
0 0 -0.00228492
0 0 -0.00219942
0 0 -0.00232852
0 0 -0.000688065
0 0 -0.000445401
0 0 -0.000219536
0 0 -0.000413898
0 0 -0.00760452
0 0 -0.00847758
0 0 -0.00864171
0 0 -0.00183475
0 0 -0.00165244
0 0 -0.00136464
0 0 -0.00127859
0 0 -0.000220921
0 0 -0.000245802
0 0 -0.000188394
0 0 -0.00231929
0 0 -0.00296245
0 0 -0.00150769
0 0 -0.00146925
0 0 0.000152373
0 0 -0.000717386
0 0 -0.000576749
0 0 -0.00111866
0 0 -0.00435812
0 0 -0.00453481
0 0 -0.00072641
0 0 -0.000378143
0 0 -0.000504096
0 0 -0.00289718
0 0 -0.00302028
0 0 -0.00479788
0 0 -0.00459941
0 0 -0.00478209
0 0 -0.0043703
0 0 -0.00445529
0 0 -0.00428845
0 0 -0.000406308
0 0 8.02243e-05
0 0 -0.00049369
0 0 -0.00621296
0 0 -0.00593911
0 0 -0.00585347
0 0 -0.0034244
0 0 -0.00324804
0 0 -0.00825937
0 0 -0.00925569
0 0 -0.00362817
0 0 -0.00348449
0 0 -0.000412102
0 0 -0.000590872
0 0 -0.00201934
0 0 -0.000482939
0 0 -0.000506035
0 0 -0.000507916
0 0 -0.0056776
0 0 -0.00546677
0 0 -0.000202263
0 0 -0.000351914
0 0 -0.00154126
0 0 -0.00191846
0 0 -0.00200074
0 0 -0.000412639
0 0 -0.000641738
0 0 -0.00981235
0 0 -0.00871961
0 0 -0.00139089
0 0 -0.0016354
0 0 -0.000394216
0 0 -0.000529141
0 0 -0.00050787
0 0 -0.00374027
0 0 -0.00371975
0 0 -0.000302537
0 0 -0.000606958
0 0 -0.00114652
0 0 -0.00105479
0 0 -0.00120932
0 0 -0.0082745
0 0 -0.00761656
0 0 -0.000850624
0 0 -0.00111281
0 0 -0.00108715
0 0 -0.00471832
0 0 -0.00490403
0 0 -0.00492847
0 0 -0.00249543
0 0 -0.00236478
0 0 -0.00500886
0 0 -0.00524368
0 0 -0.00536276
0 0 -0.00437219
0 0 -0.00434343
0 0 -0.00130944
0 0 -0.00136061
0 0 -0.00147
0 0 -5.53941e-05
0 0 4.83141e-05
0 0 0.000159021
0 0 0.000107775
0 0 -6.14577e-05
0 0 -0.000120869
0 0 -0.000496012
0 0 -0.000320945
0 0 -0.00222427
0 0 -0.00449912
0 0 -0.00466414
0 0 -0.00457274
0 0 -0.000873511
0 0 -0.000952586
0 0 -0.00428588
0 0 -0.00445077
0 0 -0.00496363
0 0 -0.00513362
0 0 -0.000153383
0 0 -7.62763e-05
0 0 -0.000601093
0 0 -0.000180368
0 0 -0.00039936
0 0 -0.00106594
0 0 -0.00333651
0 0 -0.00341744
0 0 -0.00314915
0 0 -0.00306924
0 0 -0.00207399
0 0 -0.00157184
0 0 -0.00168649
0 0 -0.0041417
0 0 -0.00424419
0 0 -0.00494681
0 0 -0.00506571
0 0 -0.00487855
0 0 -0.00324401
0 0 -0.00385655
0 0 -0.00395582
0 0 -0.00365531
0 0 -0.00363942
0 0 -0.00396953
0 0 -0.00384122
0 0 -0.00368989
0 0 -0.00360091
0 0 -0.00286172
0 0 -0.0024614
0 0 -0.00257669
0 0 -0.00273999
0 0 -0.0129664
0 0 -0.0111418
0 0 0.000336164
0 0 -0.000418902
0 0 -2.44523e-05
0 0 -0.0011733
0 0 -0.00135209
0 0 -0.00136232
0 0 -0.00259287
0 0 -0.0024289
0 0 -0.00607977
0 0 -7.14355e-06
0 0 -0.000116286
0 0 -0.00197449
0 0 -0.00194048
0 0 -0.00205581
0 0 -0.00103505
0 0 -0.00089017
0 0 -0.00186649
0 0 -0.00670491
0 0 -0.00706334
0 0 -0.00706848
0 0 -0.0126717
0 0 -0.0133917
0 0 -0.0150111
0 0 -0.000594525
0 0 -0.000710702
0 0 -0.00538791
0 0 -0.00515545
0 0 -0.00533682
0 0 -0.0018671
0 0 -0.00158487
0 0 -0.00535844
0 0 -0.00564232
0 0 -0.00112216
0 0 -0.00120375
0 0 -0.00111594
0 0 -0.00475663
0 0 -0.00470367
0 0 -0.00441093
0 0 -0.0044573
0 0 -0.000478751
0 0 -0.00116266
0 0 -0.00138057
0 0 -0.00699631
0 0 -0.00348516
0 0 -0.00332136
0 0 -0.00331921
0 0 -0.0035179
0 0 -0.00335406
0 0 -0.00469245
0 0 -0.00490725
0 0 -0.00112366
0 0 -0.00109541
0 0 -0.00141765
0 0 -0.00140843
0 0 -0.00134135
0 0 -0.00246202
0 0 -0.00251367
0 0 -0.00257788
0 0 -0.00184045
0 0 -0.00194684
0 0 -0.00182485
0 0 -0.00410062
0 0 -0.000341053
0 0 -0.000561143
0 0 -0.000642319
0 0 -0.023834
0 0 -0.0263973
0 0 -0.0166677
0 0 -0.0164335
0 0 -0.0140421
0 0 -0.00449629
0 0 -0.00465157
0 0 -0.00481596
0 0 -0.00498664
0 0 -0.000700642
0 0 -0.000867076
0 0 -0.00013659
0 0 -0.000123822
0 0 -0.00205949
0 0 -0.00207217
0 0 -0.00409913
0 0 -0.00434652
0 0 -0.00142917
0 0 -0.00519195
0 0 -0.00581764
0 0 -0.00509996
0 0 -0.00515184
0 0 -0.00454243
0 0 -0.00741736
0 0 -0.00692397
0 0 -0.00268717
0 0 -0.00346446
0 0 -0.00353846
0 0 -0.00139243
0 0 -0.00135171
0 0 -0.00130718
0 0 -0.00137782
0 0 -0.00152178
0 0 -0.00339289
0 0 -0.00104953
0 0 -0.00121762
0 0 -0.00819515
0 0 -0.00927216
0 0 -0.00217257
0 0 -0.00224855
0 0 -0.00233981
0 0 -0.00237983
0 0 -0.00246682
0 0 -0.000709309
0 0 -0.000698694
0 0 -0.0027531
0 0 -0.00281215
0 0 -0.00373186
0 0 -0.0040056
0 0 -0.000379425
0 0 -0.0180713
0 0 -0.0163143
0 0 -0.000894038
0 0 -0.000989218
0 0 -0.000251836
0 0 -0.000334988
0 0 -0.000115268
0 0 -3.69102e-05
0 0 -0.00332643
0 0 -0.00316063
0 0 -0.00339553
0 0 -0.00488702
0 0 -0.00485537
0 0 -0.00505399
0 0 -0.0011708
0 0 -0.00104613
0 0 -0.0011697
0 0 0.000158305
0 0 -0.00014661
0 0 -0.000392794
0 0 -0.00036866
0 0 -0.000630749
0 0 6.52811e-05
0 0 -0.0213647
0 0 -0.0173492
0 0 -0.0186528
0 0 -0.0152567
0 0 -0.0045842
0 0 -0.00459854
0 0 -0.00456159
0 0 -0.00154114
0 0 -0.0016854
0 0 -0.00101188
0 0 -0.00103933
0 0 -0.00108589
0 0 -0.000743152
0 0 -6.34274e-05
0 0 -0.00130238
0 0 -0.00128324
0 0 -0.00469295
0 0 -0.00463696
0 0 -0.00178474
0 0 7.34115e-05
0 0 -0.000557102
0 0 1.01611e-05
0 0 -0.00485278
0 0 -0.000752402
0 0 -0.000630495
0 0 -0.000878481
0 0 -0.000355354
0 0 -0.000344017
0 0 -0.000333184
0 0 -0.00332698
0 0 -0.000717668
0 0 -0.000417972
0 0 -0.00262883
0 0 -0.000394516
0 0 -0.000439189
0 0 -0.000135518
0 0 -0.000179761
0 0 -0.00779293
0 0 -0.00807397
0 0 -0.000999081
0 0 -0.0010701
0 0 -0.0010979
0 0 -0.00118866
0 0 -0.00126853
0 0 -0.000515296
0 0 -0.000653161
0 0 -0.00126173
0 0 -0.000367479
0 0 -0.000462361
0 0 -0.00143109
0 0 -0.00150658
0 0 -0.000622732
0 0 -0.000751229
0 0 -0.000355315
0 0 -0.000584254
0 0 -0.00027326
0 0 0.000113862
0 0 -6.92272e-07
0 0 -9.74126e-05
0 0 -0.00103826
0 0 -0.00524512
0 0 -0.00522093
0 0 -0.00127285
0 0 -0.000987362
0 0 -0.000698381
0 0 -0.000446352
0 0 -0.000504537
0 0 -0.0179357
0 0 -0.0146589
0 0 -0.000631971
0 0 -0.000643459
0 0 -0.00455356
0 0 -0.00444046
0 0 -0.00460587
0 0 -0.00387245
0 0 -0.00583349
0 0 -0.00616227
0 0 -0.00556771
0 0 -0.00136702
0 0 -0.00149729
0 0 -0.0024142
0 0 -0.00252053
0 0 -0.000977449
0 0 -0.0035221
0 0 -0.00287842
0 0 -0.00275341
0 0 -0.00485254
0 0 -0.00499424
0 0 -0.00645375
0 0 -0.00662712
0 0 -0.00216335
0 0 -0.0021214
0 0 -0.00657886
0 0 -0.00271141
0 0 -0.0026511
0 0 -0.00280688
0 0 -0.000612148
0 0 -0.000459144
0 0 -0.000213716
0 0 -0.000422033
0 0 -0.00319189
0 0 -0.0033115
0 0 -0.0031537
0 0 -6.65373e-05
0 0 -0.00461038
0 0 -0.00447731
0 0 -0.0037644
0 0 -0.00130228
0 0 4.80473e-06
0 0 -3.11967e-05
0 0 -0.000280634
0 0 -0.00361038
0 0 -0.00373179
0 0 -0.00158921
0 0 -0.0014868
0 0 -0.000490009
0 0 -0.000623806
0 0 -0.000650305
0 0 -0.00485024
0 0 -0.00482974
0 0 -0.00232154
0 0 -0.00231524
0 0 -0.00276051
0 0 -0.00273618
0 0 -0.00372524
0 0 -0.00134201
0 0 -0.00128594
0 0 -0.00464038
0 0 -0.00236215
0 0 -0.00882224
0 0 -0.00810676
0 0 -0.00463584
0 0 -0.00467585
0 0 -0.00122044
0 0 -0.00133581
0 0 -0.00130357
0 0 -0.000691727
0 0 -0.000603934
0 0 -0.00175286
0 0 -0.00176685
0 0 -0.00201929
0 0 -0.000222976
0 0 -0.000211616
0 0 -0.00543736
0 0 -0.00139336
0 0 -0.00089632
0 0 -0.001162
0 0 -0.000642639
0 0 -0.000766389
0 0 0.000371839
0 0 -9.24987e-05
0 0 -0.00487589
0 0 -0.00510354
0 0 -0.0005392
0 0 -0.00298552
0 0 -0.00289675
0 0 -0.000952177
0 0 -0.000668713
0 0 -0.000701089
0 0 -0.00111699
0 0 -0.00116122
0 0 -0.00327958
0 0 -0.0130619
0 0 -0.0136373
0 0 -0.01184
0 0 -1.86451e-05
0 0 -0.000178804
0 0 -0.00288043
0 0 -0.00294905
0 0 -0.000106478
0 0 -0.000596245
0 0 -0.000932137
0 0 -0.00102082
0 0 -0.000786781
0 0 -0.000714849
0 0 -0.000607142
0 0 -0.00417804
0 0 -0.00485252
0 0 -0.00188686
0 0 -0.00179747
0 0 -0.00175115
0 0 -0.00273492
0 0 -0.00297353
0 0 -0.00258943
0 0 -0.00148059
0 0 -0.00124599
0 0 -0.00140939
0 0 -0.00562751
0 0 -0.00468365
0 0 -0.00304626
0 0 -0.00318782
0 0 -0.00301152
0 0 -0.000838778
0 0 -0.000760733
0 0 -0.000853399
0 0 -0.00346989
0 0 -0.00331219
0 0 -0.00501299
0 0 -0.00492024
0 0 -0.00456797
0 0 -0.00451143
0 0 -0.00110337
0 0 -0.00117439
0 0 -0.00505597
0 0 -0.00552325
0 0 -0.000704572
0 0 -0.000829249
0 0 -0.000412567
0 0 -0.000714278
0 0 -0.00345466
0 0 -0.000988445
0 0 -0.000627019
0 0 -0.000534196
0 0 -0.00315
0 0 -0.00302787
0 0 -0.000314392
0 0 -0.000437134
0 0 -0.00169333
0 0 -0.00156326
0 0 -0.00160707
0 0 -0.000388184
0 0 -0.000551517
0 0 -0.0030202
0 0 -0.000795061
0 0 -0.000741642
0 0 -0.00179585
0 0 -0.001759
0 0 -0.000860366
0 0 -0.00126993
0 0 -0.00416633
0 0 -0.00440751
0 0 -0.000862862
0 0 -0.000847517
0 0 -0.000774751
0 0 -0.0131114
0 0 -0.0112917
0 0 -0.000891817
0 0 -0.000821427
0 0 -0.0109907
0 0 -0.0107923
0 0 -0.00116272
0 0 -0.00676364
0 0 -0.00661687
0 0 -0.00226985
0 0 -0.00214232
0 0 -0.00048585
0 0 -0.000473604
0 0 -0.00131342
0 0 -0.00140275
0 0 -0.00139499
0 0 -0.00110837
0 0 -0.00112015
0 0 -0.00362358
0 0 -0.00360789
0 0 -0.00358005
0 0 -0.0034509
0 0 -0.00319105
0 0 -0.00257797
0 0 -0.00248214
0 0 -0.00259548
0 0 -0.00275232
0 0 -0.00478016
0 0 -0.00482687
0 0 -0.00388763
0 0 -0.00374316
0 0 -0.00377337
0 0 -0.00447359
0 0 -0.00445129
0 0 3.45067e-06
0 0 -0.000204656
0 0 8.60733e-06
0 0 -0.000282453
0 0 -0.00329361
0 0 -0.00312486
0 0 -0.00291305
0 0 -0.00304629
0 0 -0.0028614
0 0 -0.000295623
0 0 -0.00384299
0 0 -0.00401828
0 0 -0.00105284
0 0 -0.000973965
0 0 -0.000993763
0 0 -0.000211405
0 0 -0.00474875
0 0 -0.0046161
0 0 -0.000182867
0 0 -0.000155501
0 0 -0.00298435
0 0 -1.77505e-05
0 0 -3.8856e-05
0 0 -8.63015e-05
0 0 -0.00448136
0 0 -0.00434849
0 0 -0.00356917
0 0 -0.00371091
0 0 -0.000411958
0 0 -0.000415905
0 0 -0.000377574
0 0 -0.00377307
0 0 -0.000416521
0 0 -0.000477143
0 0 -0.000546365
0 0 -0.00318709
0 0 -0.00339714
0 0 -0.000730702
0 0 -0.00306684
0 0 -0.00303553
0 0 -0.00293157
0 0 -0.00014601
0 0 -0.00014228
0 0 -0.00239516
0 0 -0.00233512
0 0 -0.00339569
0 0 -0.0028793
0 0 -0.00198279
0 0 -1.08742e-05
0 0 -0.000722235
0 0 -0.000326179
0 0 -0.000570971
0 0 -1.61368e-05
0 0 -3.323e-05
0 0 -0.00373726
0 0 -0.000206948
0 0 -0.00389121
0 0 -0.0039521
0 0 -0.0041858
0 0 -0.000808992
0 0 -9.28133e-05
0 0 -0.000736146
0 0 -0.000693602
0 0 -0.00118584
0 0 -0.00159179
0 0 -0.00209973
0 0 -0.00222467
0 0 -0.00230783
0 0 -0.00316314
0 0 -0.00219802
0 0 -0.00331232
0 0 -0.00338992
0 0 -0.00214063
0 0 -0.00206615
0 0 -0.00101175
0 0 -0.00107778
0 0 -0.00121269
0 0 -0.00127562
0 0 -0.000937593
0 0 -0.00403917
0 0 -0.00394107
0 0 -7.21468e-05
0 0 -0.0070596
0 0 -0.000980482
0 0 -0.000866006
0 0 -0.00077229
0 0 -0.000539188
0 0 -0.000636183
0 0 -0.000370108
0 0 -0.000529182
0 0 -0.000754547
0 0 -0.00075363
0 0 -0.000848449
0 0 -0.00085736
0 0 -0.000834334
0 0 -0.000882774
0 0 -0.00289298
0 0 -0.00384331
0 0 -0.00399917
0 0 -0.00214155
0 0 -0.00234725
0 0 -0.00327547
0 0 -0.0012014
0 0 -0.00112565
0 0 -0.00126922
0 0 -0.00122227
0 0 -0.00806445
0 0 -0.00742096
0 0 -0.00158533
0 0 -0.00167146
0 0 -0.00590166
0 0 -0.00596201
0 0 -0.000375887
0 0 -0.000194509
0 0 -0.00755006
0 0 -0.0077764
0 0 -0.00682549
0 0 -0.00723274
0 0 -0.00294642
0 0 -0.00310861
0 0 -0.00305953
0 0 -0.00136435
0 0 -0.00522514
0 0 -0.00558276
0 0 -0.00333954
0 0 -0.00315099
0 0 -0.00683591
0 0 -0.00661328
0 0 -0.000114019
0 0 -0.000222319
0 0 -0.00190856
0 0 -0.0020341
0 0 -0.00371066
0 0 -0.00399879
0 0 -0.00146489
0 0 -0.00156968
0 0 -0.00018152
0 0 -0.00121041
0 0 -0.00120802
0 0 -0.00040629
0 0 -0.000363037
0 0 -0.000511075
0 0 -0.000336807
0 0 -0.000370726
0 0 -0.00107535
0 0 5.7028e-05
0 0 -0.000131982
0 0 -0.00240029
0 0 -0.00243888
0 0 -0.00054666
0 0 -0.00298568
0 0 -0.00190374
0 0 -0.00319532
0 0 -0.00318117
0 0 -0.00424076
0 0 -0.00423554
0 0 -0.00429681
0 0 -0.0019458
0 0 -0.0020118
0 0 -0.00209081
0 0 -0.00195149
0 0 -0.00195573
0 0 -0.0141957
0 0 -0.0163906
0 0 -0.00326083
0 0 -0.0031422
0 0 -0.000629252
0 0 -0.00071164
0 0 -6.07023e-05
0 0 -0.00357791
0 0 -0.00185229
0 0 -0.00198395
0 0 -4.66334e-05
0 0 -0.00171141
0 0 -0.0019043
0 0 -0.00173889
0 0 -0.000579082
0 0 -0.000510805
0 0 -0.00448343
0 0 -0.000156136
0 0 -0.00404542
0 0 -0.000528007
0 0 -0.000838812
0 0 -0.000938284
0 0 -0.000845473
0 0 -0.00463199
0 0 -0.00465869
0 0 -0.000536867
0 0 -0.000520231
0 0 -0.000277141
0 0 -0.00341993
0 0 -0.00729491
0 0 -0.00864436
0 0 -0.000313035
0 0 -0.00739328
0 0 -0.00436213
0 0 -0.00310591
0 0 -0.000322398
0 0 -7.28e-06
0 0 -0.00102686
0 0 -0.000977149
0 0 -0.00440572
0 0 -0.00240981
0 0 -0.00234311
0 0 -0.00359166
0 0 -0.00023919
0 0 -0.000323153
0 0 -4.1748e-05
0 0 -0.00262841
0 0 -0.00230764
0 0 -0.00233545
0 0 -0.00464601
0 0 -5.62917e-05
0 0 -0.000821162
0 0 -0.000801236
0 0 -0.00174014
0 0 -0.00148717
0 0 -0.000535014
0 0 -0.000392401
0 0 -0.000665143
0 0 -0.000733258
0 0 -0.0015626
0 0 -0.00171613
0 0 -0.00171235
0 0 -0.00271302
0 0 -0.00409435
0 0 -0.00480277
0 0 -0.0100249
0 0 -0.00999784
0 0 -0.000803097
0 0 -0.000871769
0 0 -0.00469349
0 0 -0.00530631
0 0 -0.00177953
0 0 -0.00175075
0 0 -0.00470605
0 0 -0.00460937
0 0 -0.000350359
0 0 -0.000522917
0 0 -0.000995685
0 0 -0.00481081
0 0 -0.0047708
0 0 -0.00471585
0 0 5.91353e-05
0 0 0.000127486
0 0 -0.00248719
0 0 -0.00234132
0 0 -0.00162299
0 0 -0.00150561
0 0 -0.000285059
0 0 -0.000369905
0 0 -0.000237861
0 0 -0.00112347
0 0 -0.000776267
0 0 -0.000134246
0 0 -0.000792141
0 0 -0.0005805
0 0 -0.0235428
0 0 -2.83406e-05
0 0 -0.00109772
0 0 -0.00202344
0 0 -0.00206693
0 0 -0.000401815
0 0 -0.0003305
0 0 -8.45478e-05
0 0 -0.000125939
0 0 6.11744e-05
0 0 -0.000410176
0 0 -0.000385866
0 0 -0.000530382
0 0 -0.00274393
0 0 -0.00288835
0 0 -0.000716945
0 0 -0.000127301
0 0 0.000264452
0 0 -0.00342376
0 0 -0.00639226
0 0 -0.00610451
0 0 -0.00077275
0 0 -0.000847516
0 0 -0.000336011
0 0 0.000101972
0 0 -0.0143598
0 0 -0.00336071
0 0 -0.000818845
0 0 -0.000833835
0 0 -0.00420787
0 0 -0.00420932
0 0 -0.00431825
0 0 -0.00222355
0 0 -0.00235346
0 0 -0.00263065
0 0 -0.00144396
0 0 -0.000155431
0 0 -0.00412665
0 0 -0.00311798
0 0 -0.00232241
0 0 -0.000501441
0 0 -0.000773913
0 0 -0.00154817
0 0 -0.00799769
0 0 -0.0087291
0 0 -0.000620385
0 0 -0.00162278
0 0 -0.0002076
0 0 -0.00599724
0 0 0.000706125
0 0 -0.000261396
0 0 -0.00140606
0 0 -0.00270671
0 0 -0.00259439
0 0 -4.33232e-05
0 0 -0.000535664
0 0 -0.000477942
0 0 -0.00353008
0 0 -0.00449197
0 0 -0.00422933
0 0 -0.00121651
0 0 -0.000119339
0 0 -0.0014872
0 0 -0.0001455
0 0 -0.000231174
0 0 -0.00542148
0 0 -0.00521662
0 0 -8.87928e-05
0 0 -0.00058752
0 0 -0.00581719
0 0 -0.00582881
0 0 -0.0153699
0 0 -0.0131924
0 0 -0.0042574
0 0 -0.00422333
0 0 -0.00410632
0 0 -0.00470362
0 0 -0.0144987
0 0 -0.00102599
0 0 -0.00108228
0 0 -0.0127237
0 0 -0.0101189
0 0 -0.0117844
0 0 -0.00288357
0 0 -0.00275283
0 0 -0.00279678
0 0 -0.00330732
0 0 -0.00320051
0 0 -0.00334347
0 0 -0.000860507
0 0 -0.00076738
0 0 -0.00166096
0 0 -0.00164459
0 0 -0.00646868
0 0 -0.00646689
0 0 -0.000369852
0 0 -0.000316125
0 0 -0.000577417
0 0 -0.000637825
0 0 -0.000711371
0 0 -0.00735908
0 0 -0.000721089
0 0 -0.000921885
0 0 -0.00238571
0 0 -0.00222531
0 0 -0.00197833
0 0 -0.00125287
0 0 -0.00110364
0 0 -0.000975025
0 0 -0.00193829
0 0 -0.00831473
0 0 -0.00765323
0 0 -0.00443526
0 0 -0.00199253
0 0 -0.00199222
0 0 -0.00304437
0 0 -0.00317701
0 0 -0.00500814
0 0 -0.00511618
0 0 -0.00443738
0 0 -0.00143566
0 0 -0.00150772
0 0 -0.002146
0 0 -0.00225015
0 0 -0.00456676
0 0 -0.00461327
0 0 -0.00450448
0 0 -0.00160904
0 0 -0.00175776
0 0 -0.00939279
0 0 -0.00361976
0 0 -0.000209552
0 0 -0.000258839
0 0 -0.000516723
0 0 -0.00130418
0 0 -0.00141209
0 0 -0.00172902
0 0 -0.00184605
0 0 -0.00388474
0 0 -0.00244899
0 0 -0.00249588
0 0 -0.00102181
0 0 -0.000942722
0 0 -0.000578293
0 0 -0.000470723
0 0 -0.000413856
0 0 -0.0103058
0 0 -0.00934138
0 0 -0.00247077
0 0 -0.00239608
0 0 -0.00135906
0 0 -0.00127506
0 0 -0.00124011
0 0 -0.00559026
0 0 -0.00655493
0 0 -0.00641129
0 0 -0.00136199
0 0 -0.00209933
0 0 5.79325e-05
0 0 -0.00205369
0 0 -0.00083174
0 0 -0.00263883
0 0 3.29537e-05
0 0 -0.00427833
0 0 -0.00414484
0 0 -0.00406714
0 0 -0.00455337
0 0 -0.000236942
0 0 -0.00043381
0 0 -0.00221085
0 0 -0.00282283
0 0 -0.00467272
0 0 -0.00473586
0 0 -0.000258171
0 0 -0.000202914
0 0 -0.00191592
0 0 -0.0018338
0 0 -0.0053789
0 0 -0.0055392
0 0 -0.0019164
0 0 -0.002032
0 0 -0.0126857
0 0 -0.00392424
0 0 -0.00396206
0 0 -0.00124746
0 0 -0.000462458
0 0 -0.000590536
0 0 -0.000680614
0 0 -0.00245196
0 0 -0.00543989
0 0 -0.00466819
0 0 -0.000848782
0 0 -0.000930083
0 0 -0.00476252
0 0 -0.000229819
0 0 -0.00508989
0 0 -0.00078619
0 0 -0.000900987
0 0 -0.000538875
0 0 -0.00173902
0 0 -0.00185906
0 0 -0.00192665
0 0 -0.00593982
0 0 -0.00465859
0 0 -0.00337396
0 0 -0.00116392
0 0 -0.00040702
0 0 -0.000591707
0 0 -0.000407783
0 0 -0.00263931
0 0 -0.00281669
0 0 -0.00895467
0 0 -0.000638971
0 0 -0.000988879
0 0 -0.00294694
0 0 -0.00298764
0 0 -0.0271053
0 0 -0.0220349
0 0 -0.0239161
0 0 -0.000279594
0 0 -0.000351101
0 0 -0.000315514
0 0 -0.00116247
0 0 -0.0172407
0 0 -0.0198838
0 0 -0.00134761
0 0 -0.00143569
0 0 -0.00181814
0 0 3.31996e-05
0 0 -0.000289714
0 0 -0.00159055
0 0 -0.00155688
0 0 -0.00323803
0 0 -0.00177773
0 0 -0.00208313
0 0 -0.00209744
0 0 -0.000664635
0 0 -0.000635564
0 0 -0.0015608
0 0 -0.00157447
0 0 -0.0117935
0 0 -0.0135736
0 0 -0.000176106
0 0 1.24208e-05
0 0 -0.000432435
0 0 -0.00034004
0 0 -0.00150832
0 0 -0.00553073
0 0 -0.00115979
0 0 -0.00121479
0 0 -0.00745834
0 0 -0.00161679
0 0 -0.00174064
0 0 -0.00019666
0 0 -0.00156263
0 0 -0.00212532
0 0 -0.00212874
0 0 -0.00214791
0 0 -0.00202221
0 0 -0.000496965
0 0 -0.00370093
0 0 -0.00441364
0 0 -0.000557918
0 0 -0.00201656
0 0 -0.00190603
0 0 -0.00253224
0 0 8.89017e-05
0 0 -0.00056572
0 0 -0.000772509
0 0 -0.000844705
0 0 -0.00493395
0 0 -0.00477763
0 0 -8.12305e-05
0 0 -0.000544459
0 0 -0.00176165
0 0 -0.000446583
0 0 -0.000224937
0 0 -0.000500391
0 0 -0.00176844
0 0 -0.00188552
0 0 -0.00107444
0 0 -0.00122526
0 0 -0.00177386
0 0 -0.0018458
0 0 -0.00297519
0 0 -0.0030827
0 0 -0.00309786
0 0 -0.00857074
0 0 -0.00880097
0 0 -0.00128136
0 0 -0.00136039
0 0 -0.0017019
0 0 -0.00171295
0 0 -0.00181792
0 0 -0.00214254
0 0 -0.00256721
0 0 -0.00763154
0 0 -0.0038301
0 0 -0.00210296
0 0 -0.00691279
0 0 -0.00848867
0 0 -0.00165644
0 0 -0.00219715
0 0 -0.00209735
0 0 -0.000621745
0 0 -0.000400501
0 0 -0.000243197
0 0 -0.00045334
0 0 4.96636e-05
0 0 -0.00419611
0 0 -0.00412862
0 0 -6.16322e-05
0 0 0.000215817
0 0 -0.00542067
0 0 -0.00573567
0 0 -0.0041231
0 0 -0.00402527
0 0 -0.00117022
0 0 -0.00112403
0 0 -0.0104384
0 0 -0.00328699
0 0 -0.00401415
0 0 -0.00429136
0 0 -0.000511991
0 0 -0.00569275
0 0 -0.00114485
0 0 -0.00409759
0 0 -0.00357721
0 0 -0.000931209
0 0 -0.000910028
0 0 -0.0010112
0 0 -0.00373183
0 0 -0.00369861
0 0 -0.00958783
0 0 -0.0108562
0 0 -0.00269509
0 0 -0.00285419
0 0 0.000185788
0 0 -0.000453513
0 0 -0.000553663
0 0 -0.00400187
0 0 -0.00568221
0 0 -0.00199161
0 0 9.72777e-05
0 0 -0.0051176
0 0 -0.00321288
0 0 -0.000863333
0 0 -0.000760938
0 0 -0.00445545
0 0 -0.00452833
0 0 -0.00440715
0 0 -0.000894596
0 0 -0.000934256
0 0 -7.19011e-05
0 0 -0.00427962
0 0 -1.42829e-05
0 0 -0.00278963
0 0 -0.00293863
0 0 -0.00569793
0 0 -0.00482088
0 0 -0.00470325
0 0 -0.00605964
0 0 -0.00526633
0 0 -0.00192847
0 0 -0.00104322
0 0 -0.00106366
0 0 -4.83127e-05
0 0 -5.72357e-05
0 0 -0.0036477
0 0 -0.000596534
0 0 -0.00123697
0 0 -0.00217038
0 0 -0.00222148
0 0 -0.00182475
0 0 -0.00365426
0 0 -0.00112758
0 0 -0.000246938
0 0 -0.00018016
0 0 -0.000151353
0 0 -0.00381525
0 0 -0.000966651
0 0 -0.00412311
0 0 -0.00512074
0 0 -0.00520847
0 0 -1.55651e-05
0 0 -0.00174592
0 0 -0.00163197
0 0 -0.000853738
0 0 -0.00351059
0 0 -0.00405396
0 0 -0.00397837
0 0 -0.00314843
0 0 -0.00467343
0 0 -0.00416597
0 0 -0.0185146
0 0 -0.0209953
0 0 -0.00052247
0 0 -0.000138252
0 0 -0.00681644
0 0 -0.00278744
0 0 0.000123509
0 0 -0.0224697
0 0 -0.00125691
0 0 -0.00103557
0 0 -0.00474809
0 0 -9.21876e-05
0 0 -0.00104323
0 0 -0.000737017
0 0 -0.000143296
0 0 -0.00180987
0 0 -0.00179448
0 0 -0.000315351
0 0 -0.00123194
0 0 -0.000877295
0 0 -0.0100384
0 0 -0.00951058
0 0 -0.00462469
0 0 -0.00272706
0 0 -0.000605639
0 0 -0.000756958
0 0 -0.00187345
0 0 -0.00188327
0 0 -0.00324063
0 0 -0.00112718
0 0 -0.00563395
0 0 -0.00483076
0 0 -0.00171504
0 0 -0.00188367
0 0 -0.00211817
0 0 -0.0113311
0 0 -0.0121152
0 0 0.000112389
0 0 -0.00381695
0 0 -0.0102999
0 0 -0.0100218
0 0 -0.00405982
0 0 -0.0039
0 0 -0.00574805
0 0 -0.00753851
0 0 -0.00151754
0 0 -0.0038443
0 0 -0.0039107
0 0 -0.00274372
0 0 -0.00255853
0 0 -0.00327278
0 0 -0.00121736
0 0 -0.000213018
0 0 -7.15328e-05
0 0 -0.00196413
0 0 -0.00111908
0 0 -0.0015938
0 0 -0.00161529
0 0 -8.61447e-05
0 0 -0.00419229
0 0 -0.00422802
0 0 -0.000221025
0 0 -8.64989e-05
0 0 -0.000419312
0 0 -0.000988042
0 0 -0.0010829
0 0 -0.00138309
0 0 -0.00138206
0 0 -0.00421997
0 0 -0.00436759
0 0 -0.0101435
0 0 -0.0103931
0 0 -8.64606e-05
0 0 -0.00708722
0 0 -0.00677379
0 0 -0.00526714
0 0 -0.00078441
0 0 -0.000863565
0 0 -0.00181531
0 0 -0.00297528
0 0 3.97218e-05
0 0 -9.4512e-05
0 0 -0.000647913
0 0 -0.00300151
0 0 -0.00294833
0 0 -0.000644
0 0 0.000355912
0 0 -0.000965698
0 0 -0.00442185
0 0 -0.00090262
0 0 -0.00736298
0 0 -0.0078684
0 0 -0.00157419
0 0 -0.000177781
0 0 -0.00420507
0 0 -0.000171706
0 0 -0.000290102
0 0 -0.000494682
0 0 -0.00492733
0 0 -0.000361716
0 0 -0.0118874
0 0 -0.0137896
0 0 -0.00381338
0 0 -0.00374301
0 0 -0.00200163
0 0 -0.00221295
0 0 -0.00410481
0 0 -0.00410473
0 0 -0.00284532
0 0 -0.00245763
0 0 -0.0121216
0 0 -0.000224452
0 0 -0.000620857
0 0 -0.000667356
0 0 -0.000985432
0 0 -0.000152854
0 0 -0.00443484
0 0 -0.0019129
0 0 -0.00763596
0 0 -0.00251565
0 0 -0.000363274
0 0 -0.00161299
0 0 -0.00442795
0 0 -0.00103141
0 0 -0.00388023
0 0 -0.00408934
0 0 -0.000289836
0 0 -0.0031207
0 0 -0.0178388
0 0 -0.00461174
0 0 -0.000199839
0 0 -0.000243535
0 0 -0.00349776
0 0 -0.000413524
0 0 -0.000525012
0 0 -0.0027598
0 0 -0.00186806
0 0 -0.000512296
0 0 -0.003508
0 0 -0.00229507
0 0 -0.00400349
0 0 -0.00405213
0 0 -0.000877239
0 0 -0.00100352
0 0 -0.00473488
0 0 -0.00440813
0 0 -0.000689092
0 0 -0.000449802
0 0 -0.00101637
0 0 -0.000869344
0 0 -0.000957397
0 0 -0.00390063
0 0 -0.00401197
0 0 -0.00078599
0 0 -0.000720588
0 0 -0.0026792
0 0 -0.00716397
0 0 -0.00105016
0 0 -0.000862438
0 0 -0.00092865
0 0 -0.000200158
0 0 -0.00188627
0 0 -0.0197473
0 0 -0.000270616
0 0 -0.000230541
0 0 -0.000199415
0 0 -0.00611656
0 0 -0.00608165
0 0 -0.00202016
0 0 -0.00197684
0 0 -0.00342186
0 0 -0.000869005
0 0 -0.000604738
0 0 -0.000279571
0 0 -0.00192893
0 0 -0.00184662
0 0 -0.00524912
0 0 -0.000979419
0 0 -0.00113759
0 0 -0.00410025
0 0 -0.000404231
0 0 -0.00046989
0 0 -0.00485798
0 0 -0.000599575
0 0 -0.00149508
0 0 -0.00230831
0 0 -0.00411032
0 0 -0.00393371
0 0 -0.000913142
0 0 -0.000874292
0 0 -0.00071049
0 0 -0.00436154
0 0 -0.00435655
0 0 -0.000862125
0 0 -0.000949559
0 0 -0.00482853
0 0 -0.00489301
0 0 -0.00101371
0 0 -0.000820052
0 0 -0.000815853
0 0 -0.00192229
0 0 -0.00689261
0 0 -0.00260882
0 0 -0.00266891
0 0 -0.00394312
0 0 -0.00120637
0 0 -0.00402768
0 0 -0.00364425
0 0 -0.00846707
0 0 -0.0042917
0 0 -0.00435489
0 0 -0.0047766
0 0 -0.00287187
0 0 -0.000551719
0 0 -0.00274301
0 0 -0.000461806
0 0 -0.00473157
0 0 -0.000791984
0 0 -0.00642878
0 0 -0.00049517
0 0 -0.000541127
0 0 -0.000468326
0 0 -0.000976928
0 0 -0.0049543
0 0 -0.0055795
0 0 -0.00263234
0 0 -0.00287798
0 0 -0.00501855
0 0 -0.00278633
0 0 -0.00282958
0 0 -0.00529133
0 0 -0.00514658
0 0 -0.00646512
0 0 -0.00262867
0 0 -0.0093736
0 0 -0.0100711
0 0 -0.000429705
0 0 -0.00340788
0 0 -0.00263982
0 0 -0.0109053
0 0 -0.00141929
0 0 -0.00276491
0 0 -0.00692807
0 0 -0.0127378
0 0 -0.0112889
0 0 -0.0048217
0 0 -0.000521089
0 0 -0.000984441
0 0 -0.000656747
0 0 -0.00324478
0 0 -0.0022927
0 0 -0.00284193
0 0 -0.000693455
0 0 -0.00543514
0 0 -0.00198222
0 0 -0.00214525
0 0 -0.00194406
0 0 -0.00430325
0 0 -0.00471389
0 0 -0.000998428
0 0 -0.0010601
0 0 -0.00111459
0 0 -0.00689626
0 0 -0.00270608
0 0 -0.00221971
0 0 -0.00217942
0 0 -0.00201266
0 0 -0.00386275
0 0 -0.00510894
0 0 -0.00557873
0 0 -0.0289842