0 0 -0.160826
0 0 -0.00862159
0 0 0.13888
0 0 -0.253563
0 0 0
0 0 0.0553021
0 0 -0.0871418
0 0 -0.104245
0 0 0.0286613
0 0 -0.0563046
0 0 0.0882878
0 0 0.0676502
0 0 0.0422329
0 0 -0.0763259
0 0 -0.0974407
0 0 -0.0140077
0 0 -0.0435631
0 0 -0.159091
0 0 -0.156403
0 0 -0.153772
0 0 -0.151458
0 0 -0.148734
0 0 -0.146266
0 0 -0.144049
0 0 -0.141764
0 0 -0.139124
0 0 -0.136824
0 0 -0.134245
0 0 -0.132048
0 0 -0.129863
0 0 -0.127485
0 0 -0.125312
0 0 -0.122981
0 0 -0.120865
0 0 -0.118539
0 0 -0.116411
0 0 -0.114117
0 0 -0.112014
0 0 -0.109671
0 0 -0.107513
0 0 -0.105487
0 0 -0.103133
0 0 -0.100987
0 0 -0.098644
0 0 -0.0962996
0 0 -0.0940903
0 0 -0.0918081
0 0 -0.0892527
0 0 -0.0868607
0 0 -0.0841385
0 0 -0.0814255
0 0 -0.0788063
0 0 -0.0760725
0 0 -0.0728897
0 0 -0.0698311
0 0 -0.0662759
0 0 -0.0626928
0 0 -0.0585175
0 0 -0.0542666
0 0 -0.0495264
0 0 -0.0447253
0 0 -0.0391329
0 0 -0.0323604
0 0 -0.0256065
0 0 -0.0176868
0 0 -0.160372
0 0 -0.157594
0 0 -0.155067
0 0 -0.15258
0 0 -0.150132
0 0 -0.147658
0 0 -0.14513
0 0 -0.142727
0 0 -0.14041
0 0 -0.138017
0 0 -0.1356
0 0 -0.133256
0 0 -0.130927
0 0 -0.128655
0 0 -0.12637
0 0 -0.124145
0 0 -0.121885
0 0 -0.119686
0 0 -0.117449
0 0 -0.115286
0 0 -0.113066
0 0 -0.110892
0 0 -0.108685
0 0 -0.106468
0 0 -0.10431
0 0 -0.102064
0 0 -0.0998287
0 0 -0.097512
0 0 -0.0951944
0 0 -0.0928692
0 0 -0.0905321
0 0 -0.0880264
0 0 -0.0855678
0 0 -0.0829203
0 0 -0.0801535
0 0 -0.0773645
0 0 -0.0744862
0 0 -0.0713409
0 0 -0.0681315
0 0 -0.0645839
0 0 -0.0608151
0 0 -0.056645
0 0 -0.052116
0 0 -0.0472913
0 0 -0.0418788
0 0 -0.0358477
0 0 -0.0293027
0 0 -0.0216605
0 0 -0.0131947
0 0 -0.000735681
0 0 0.0068549
0 0 0.0163149
0 0 0.0254467
0 0 0.0350566
0 0 0.0468125
0 0 0.0589596
0 0 0.0734795
0 0 0.087619
0 0 0.105741
0 0 0.12426
0 0 0.146552
0 0 0.169171
0 0 0.197502
0 0 0.22731
0 0 0.266132
0 0 0.305407
0 0 0.355751
0 0 0.408516
0 0 0.463903
0 0 0.507555
0 0 0.503594
0 0 0.395395
0 0 -0.00492236
0 0 0.00288311
0 0 0.0112352
0 0 0.0205409
0 0 0.0303063
0 0 0.0408789
0 0 0.0526876
0 0 0.065778
0 0 0.0803022
0 0 0.0961261
0 0 0.114382
0 0 0.134663
0 0 0.156966
0 0 0.182574
0 0 0.21186
0 0 0.245299
0 0 0.284941
0 0 0.329591
0 0 0.381347
0 0 0.43935
0 0 0.496811
0 0 0.527714
0 0 0.479738
0 0 0.282838
0 0 -0.190556
0 0 -0.42643
0 0 -0.534468
0 0 -0.554842
0 0 -0.553321
0 0 -0.537502
0 0 -0.517647
0 0 -0.493085
0 0 -0.471438
0 0 -0.448758
0 0 -0.429191
0 0 -0.409225
0 0 -0.390593
0 0 -0.374099
0 0 -0.357228
0 0 -0.34306
0 0 -0.328461
0 0 -0.31626
0 0 -0.30464
0 0 -0.292755
0 0 -0.282028
0 0 -0.271538
0 0 -0.262175
0 0 -0.0276366
0 0 -0.322327
0 0 -0.497162
0 0 -0.552927
0 0 -0.560785
0 0 -0.549181
0 0 -0.529465
0 0 -0.505663
0 0 -0.482547
0 0 -0.459952
0 0 -0.438741
0 0 -0.418853
0 0 -0.399746
0 0 -0.381535
0 0 -0.36516
0 0 -0.349668
0 0 -0.335413
0 0 -0.321983
0 0 -0.309527
0 0 -0.29786
0 0 -0.286784
0 0 -0.276602
0 0 -0.266962
0 0 -0.257828
0 0 -0.242888
0 0 -0.233383
0 0 -0.224827
0 0 -0.216934
0 0 -0.210182
0 0 -0.204284
0 0 -0.198726
0 0 -0.193615
0 0 -0.189207
0 0 -0.184996
0 0 -0.181368
0 0 -0.177744
0 0 -0.174714
0 0 -0.171843
0 0 -0.169182
0 0 -0.166693
0 0 -0.164447
0 0 -0.162362
0 0 -0.160584
0 0 -0.158788
0 0 -0.157219
0 0 -0.155778
0 0 -0.154374
0 0 -0.153151
0 0 -0.151941
0 0 -0.150905
0 0 -0.149882
0 0 -0.148961
0 0 -0.148059
0 0 -0.14726
0 0 -0.14648
0 0 -0.145775
0 0 -0.145087
0 0 -0.1445
0 0 -0.143957
0 0 -0.143383
0 0 -0.142859
0 0 -0.142406
0 0 -0.141934
0 0 -0.141487
0 0 -0.14108
0 0 -0.140742
0 0 -0.140495
0 0 -0.140453
0 0 -0.140773
0 0 -0.141512
0 0 -0.143456
0 0 -0.145279
0 0 -0.248124
0 0 -0.237948
0 0 -0.228862
0 0 -0.220976
0 0 -0.213588
0 0 -0.207147
0 0 -0.201416
0 0 -0.196163
0 0 -0.191364
0 0 -0.187065
0 0 -0.183111
0 0 -0.179532
0 0 -0.176195
0 0 -0.173181
0 0 -0.170411
0 0 -0.167884
0 0 -0.165556
0 0 -0.163415
0 0 -0.161422
0 0 -0.159644
0 0 -0.157962
0 0 -0.15643
0 0 -0.15504
0 0 -0.153737
0 0 -0.15254
0 0 -0.151419
0 0 -0.150384
0 0 -0.149408
0 0 -0.148498
0 0 -0.147646
0 0 -0.146856
0 0 -0.146114
0 0 -0.145422
0 0 -0.14478
0 0 -0.144174
0 0 -0.143633
0 0 -0.143113
0 0 -0.14262
0 0 -0.142144
0 0 -0.14169
0 0 -0.141262
0 0 -0.14089
0 0 -0.140567
0 0 -0.140434
0 0 -0.14046
0 0 -0.14091
0 0 -0.141783
0 0 -0.143473
0 0 -0.147838
0 0 0.0925545
0 0 0.0945737
0 0 0.0942518
0 0 0.0920768
0 0 0.0879664
0 0 0.0822127
0 0 0.0747279
0 0 0.065657
0 0 0.0907572
0 0 0.0938611
0 0 0.0946904
0 0 0.0933316
0 0 0.0901725
0 0 0.0852404
0 0 0.0786096
0 0 0.0703022
0 0 0.0606697
0 0 0.0435606
0 0 0.0306775
0 0 0.0166589
0 0 0.00156399
0 0 -0.0145429
0 0 -0.031542
0 0 -0.0493929
0 0 -0.0679455
0 0 0.0495664
0 0 0.0372393
0 0 0.0237656
0 0 0.00920266
0 0 -0.00641183
0 0 -0.022977
0 0 -0.0404219
0 0 -0.0586167
0 0 -0.0775235
0 0 -0.0995597
0 0 -0.0983606
0 0 -0.101021
0 0 -0.108686
0 0 -0.120272
0 0 -0.130513
0 0 -0.131845
0 0 -0.117638
0 0 -0.0839406
0 0 -0.0352314
0 0 0.00790389
0 0 0.0282684
0 0 -0.10142
0 0 -0.0982689
0 0 -0.0984829
0 0 -0.103586
0 0 -0.113629
0 0 -0.125578
0 0 -0.132717
0 0 -0.127125
0 0 -0.103384
0 0 -0.0608393
0 0 -0.0119338
0 0 0.0208778
0 0 0.0302774
0 0 0.0188941
0 0 0.00505759
0 0 -0.00928717
0 0 -0.021918
0 0 -0.0317539
0 0 -0.0387663
0 0 -0.0438939
0 0 -0.0477042
0 0 -0.0506377
0 0 -0.0528839
0 0 -0.0544448
0 0 -0.0554746
0 0 0.0245569
0 0 0.0121715
0 0 -0.00227954
0 0 -0.0160295
0 0 -0.0273502
0 0 -0.0356622
0 0 -0.0415719
0 0 -0.0459788
0 0 -0.0493004
0 0 -0.0518866
0 0 -0.0537688
0 0 -0.0550214
0 0 -0.0559319
0 0 -0.105592
0 0 -0.120138
0 0 -0.129846
0 0 -0.135247
0 0 -0.137098
0 0 -0.136491
0 0 -0.134242
0 0 -0.131201
0 0 -0.127705
0 0 -0.123807
0 0 -0.119787
0 0 -0.115436
0 0 -0.110344
0 0 -0.096755
0 0 -0.113543
0 0 -0.125618
0 0 -0.13306
0 0 -0.1366
0 0 -0.137062
0 0 -0.13549
0 0 -0.132828
0 0 -0.129487
0 0 -0.125741
0 0 -0.121819
0 0 -0.11769
0 0 -0.11296
0 0 -0.107374
0 0 -0.0558353
0 0 -0.0531455
0 0 -0.0484383
0 0 -0.0420047
0 0 -0.0337841
0 0 -0.0239139
0 0 -0.0122422
0 0 0.00119265
0 0 0.0163414
0 0 0.0328708
0 0 0.0500614
0 0 0.0663202
0 0 0.0798744
0 0 -0.056409
0 0 -0.0547893
0 0 -0.0510727
0 0 -0.0454978
0 0 -0.0381218
0 0 -0.0291147
0 0 -0.0183197
0 0 -0.00579576
0 0 0.00853432
0 0 0.0244103
0 0 0.0414782
0 0 0.0584297
0 0 0.0736162
0 0 0.0847928
0 0 0
0 0 0
0 0 0
0 0 0
0 0 0
0 0 0
0 0 0
0 0 0
0 0 0.0716678
0 0 0.0731924
0 0 0.0743123
0 0 0.0739274
0 0 0.0728162
0 0 0.0717073
0 0 0.0683852
0 0 0.0651475
0 0 0.0623711
0 0 0.0579468
0 0 0.0533457
0 0 0.0481716
0 0 0.0699081
0 0 0.0726727
0 0 0.0737862
0 0 0.0744318
0 0 0.0734328
0 0 0.0721377
0 0 0.0703756
0 0 0.0665379
0 0 0.0637087
0 0 0.0609259
0 0 0.0551756
0 0 0.0514725
0 0 0.0450142
0 0 0.0363718
0 0 0.0294759
0 0 0.0221614
0 0 0.014664
0 0 0.00657464
0 0 -0.00207828
0 0 -0.0115361
0 0 -0.0211395
0 0 -0.0313359
0 0 -0.0422335
0 0 -0.0533118
0 0 -0.0655374
0 0 0.0397432
0 0 0.0330292
0 0 0.0256702
0 0 0.0186616
0 0 0.010781
0 0 0.00258379
0 0 -0.00658907
0 0 -0.0161469
0 0 -0.0259322
0 0 -0.0367129
0 0 -0.0475296
0 0 -0.0592882
0 0 -0.0709617
0 0 -0.0890789
0 0 -0.100635
0 0 -0.108534
0 0 -0.114976
0 0 -0.117782
0 0 -0.119968
0 0 -0.118635
0 0 -0.117782
0 0 -0.11411
0 0 -0.112106
0 0 -0.107524
0 0 -0.104817
0 0 -0.0993324
0 0 -0.0825469
0 0 -0.0955025
0 0 -0.105063
0 0 -0.112072
0 0 -0.11664
0 0 -0.119005
0 0 -0.119326
0 0 -0.118138
0 0 -0.115902
0 0 -0.113062
0 0 -0.109771
0 0 -0.106215
0 0 -0.102201
0 0 -0.0984694
0 0 -0.0917747
0 0 -0.0880653
0 0 -0.0872915
0 0 -0.0873271
0 0 -0.0882761
0 0 -0.0902172
0 0 -0.0897429
0 0 -0.0875862
0 0 -0.0815565
0 0 -0.0707406
0 0 -0.0510861
0 0 -0.0351849
0 0 -0.0948625
0 0 -0.0891225
0 0 -0.0872406
0 0 -0.0873616
0 0 -0.0876096
0 0 -0.089308
0 0 -0.0911459
0 0 -0.091057
0 0 -0.0853193
0 0 -0.0783282
0 0 -0.0654686
0 0 -0.0400834
0 0 -0.0251695
0 0 -0.0141629
0 0 -0.0216115
0 0 -0.0250223
0 0 -0.0298226
0 0 -0.0343862
0 0 -0.0380811
0 0 -0.0398526
0 0 -0.0410726
0 0 -0.0420595
0 0 -0.0419205
0 0 -0.0419714
0 0 -0.0424284
0 0 -0.0113237
0 0 -0.0180098
0 0 -0.0227785
0 0 -0.0268406
0 0 -0.0322959
0 0 -0.0367696
0 0 -0.0390765
0 0 -0.0404713
0 0 -0.0418937
0 0 -0.0420735
0 0 -0.0418934
0 0 -0.0418937
0 0 -0.0428133
0 0 -0.041424
0 0 -0.0385516
0 0 -0.0345322
0 0 -0.0287264
0 0 -0.0216239
0 0 -0.0130988
0 0 -0.0032983
0 0 0.00754938
0 0 0.0198699
0 0 0.0322308
0 0 0.0448111
0 0 0.0561952
0 0 0.0635115
0 0 -0.042624
0 0 -0.040292
0 0 -0.0367997
0 0 -0.0318567
0 0 -0.0254346
0 0 -0.0174845
0 0 -0.00839471
0 0 0.00213188
0 0 0.0134769
0 0 0.0262016
0 0 0.0384562
0 0 0.0509488
0 0 0.0609433
0 0 0.0662591
0 0 -0.129856
0 0 0.0760052
0 0 -0.0492307
0 0 -0.172037
0 0 0.178595
0 0 0.171274
0 0 0.083664
0 0 -0.119395
0 0 -0.141283
0 0 -0.151587
0 0 -0.0997971
0 0 -0.0887603
0 0 -0.0669745
0 0 0.115628
0 0 -0.199566
0 0 -0.176436
0 0 -0.14971
0 0 -0.142182
0 0 -0.141327
0 0 -0.0424525
0 0 -0.13764
0 0 -0.136386
0 0 -0.121197
0 0 0.0116886
0 0 -0.0293205
0 0 -0.219983
0 0 0.265052
0 0 -0.110146
0 0 -0.145496
0 0 0.232903
0 0 0.22552
0 0 0.122571
0 0 -0.273077
0 0 -0.168342
0 0 -0.102596
0 0 -0.0733244
0 0 -0.0982707
0 0 -0.150705
0 0 -0.184601
0 0 0.0331509
0 0 -0.141634
0 0 0.361434
0 0 -0.278157
0 0 -0.242438
0 0 -0.0721833
0 0 -0.157416
0 0 -0.142919
0 0 -0.0320758
0 0 -0.0319417
0 0 -0.102007
0 0 -0.154504
0 0 -0.212771
0 0 -0.146593
0 0 0.331863
0 0 0.024572
0 0 -0.192267
0 0 -0.143553
0 0 -0.088795
0 0 -0.240595
0 0 0.0631435
0 0 -0.141876
0 0 -0.135807
0 0 -0.126033
0 0 -0.064463
0 0 -0.0122196
0 0 -0.164504
0 0 -0.0638674
0 0 -0.0901831
0 0 -0.337517
0 0 0.176216
0 0 -0.167001
0 0 0.134149
0 0 -0.165369
0 0 -0.373743
0 0 -0.150879
0 0 -0.115571
0 0 -0.148599
0 0 -0.110441
0 0 0.100905
0 0 0.278406
0 0 -0.177841
0 0 0.253324
0 0 -0.0978801
0 0 -0.0586184
0 0 -0.142477
0 0 0.00906862
0 0 -0.145414
0 0 -0.347219
0 0 -0.319465
0 0 0.0184351
0 0 0.113267
0 0 -0.0989281
0 0 0.0227903
0 0 -0.118433
0 0 -0.0562588
0 0 -0.132647
0 0 -0.0890673
0 0 -0.163541
0 0 -0.0130918
0 0 -0.152169
0 0 -0.00353132
0 0 -0.151255
0 0 -0.153121
0 0 -0.100571
0 0 -0.138523
0 0 -0.084815
0 0 -0.118218
0 0 -0.0813935
0 0 -0.146489
0 0 0.175132
0 0 0.250975
0 0 -0.27679
0 0 -0.12394
0 0 -0.0131132
0 0 -0.152232
0 0 0.12815
0 0 -0.141216
0 0 -0.21547
0 0 0.107524
0 0 -0.07093
0 0 -0.0750776
0 0 0.153783
0 0 -0.182611
0 0 -0.0377295
0 0 -0.148643
0 0 -0.185834
0 0 -0.107649
0 0 0.132702
0 0 -0.158006
0 0 -0.114394
0 0 -0.0644188
0 0 -0.120962
0 0 -0.144897
0 0 -0.125223
0 0 -0.149179
0 0 0.0452862
0 0 -0.0386238
0 0 -0.119224
0 0 -0.0772499
0 0 0.422225
0 0 -0.0739031
0 0 -0.0444675
0 0 0.423702
0 0 -0.205292
0 0 -0.11596
0 0 -0.128812
0 0 -0.188265
0 0 -0.161297
0 0 -0.0408035
0 0 -0.151388
0 0 -0.234834
0 0 -0.142651
0 0 -0.172887
0 0 -0.132845
0 0 -0.176295
0 0 0.12086
0 0 -0.179098
0 0 -0.186206
0 0 -0.150322
0 0 -0.10782
0 0 -0.159443
0 0 0.128209
0 0 0.18321
0 0 -0.424684
0 0 -0.0757625
0 0 -0.126974
0 0 -0.132511
0 0 -0.0660697
0 0 0.0693788
0 0 -0.105898
0 0 -0.161361
0 0 -0.253255
0 0 -0.144225
0 0 -0.168618
0 0 -0.123748
0 0 -0.0916019
0 0 -0.10431
0 0 -0.0973774
0 0 -0.146857
0 0 -0.429663
0 0 -0.13121
0 0 0.0447816
0 0 0.0695707
0 0 -0.114848
0 0 -0.156717
0 0 -0.304357
0 0 0.220469
0 0 0.0741496
0 0 -0.105716
0 0 -0.0527739
0 0 -0.141507
0 0 -0.0840564
0 0 -0.0312741
0 0 -0.399661
0 0 0.0377835
0 0 -0.157427
0 0 -0.196332
0 0 -0.218906
0 0 -0.140453
0 0 -0.0724522
0 0 -0.153047
0 0 -0.000662865
0 0 -0.195187
0 0 -0.0969937
0 0 0.193223
0 0 0.142249
0 0 -0.0551264
0 0 0.332028
0 0 -0.143142
0 0 -0.161542
0 0 -0.159876
0 0 0.0737836
0 0 0.0285525
0 0 0.0098048
0 0 0.0665319
0 0 -0.139882
0 0 -0.167461
0 0 -0.0953477
0 0 -0.147711
0 0 -0.11493
0 0 -0.141287
0 0 -0.0403101
0 0 -0.109218
0 0 -0.122478
0 0 -0.0248402
0 0 0.217865
0 0 -0.137949
0 0 -0.139563
0 0 -0.0537089
0 0 -0.0539207
0 0 0.132251
0 0 0.0951665
0 0 0.0267208
0 0 -0.233705
0 0 -0.0369922
0 0 0.294616
0 0 -0.132677
0 0 -0.0408414
0 0 -0.128395
0 0 -0.159225
0 0 0.0687757
0 0 -0.133309
0 0 -0.108908
0 0 -0.179075
0 0 -0.141174
0 0 -0.148497
0 0 -0.146928
0 0 -0.14279
0 0 -0.116531
0 0 -0.155174
0 0 -0.0749761
0 0 -0.143412
0 0 -0.136793
0 0 0.108866
0 0 -0.215274
0 0 -0.167095
0 0 -0.119393
0 0 0.16987
0 0 -0.145022
0 0 0.156242
0 0 -0.110542
0 0 0.151732
0 0 -0.112901
0 0 -0.0498283
0 0 -0.015187
0 0 -0.150165
0 0 -0.0715409
0 0 -0.057522
0 0 -0.141305
0 0 -0.119877
0 0 -0.152496
0 0 -0.103906
0 0 0.262393
0 0 0.0899533
0 0 -0.0857968
0 0 -0.13589
0 0 -0.161436
0 0 -0.156022
0 0 -0.024647
0 0 -0.146707
0 0 -0.0664563
0 0 -0.358578
0 0 -0.103451
0 0 -0.0706077
0 0 -0.0841675
0 0 -0.084597
0 0 -0.159539
0 0 0.153329
0 0 -0.119076
0 0 -0.391334
0 0 -0.00257519
0 0 -0.169578
0 0 -0.138104
0 0 -0.153489
0 0 -0.280637
0 0 -0.194622
0 0 -0.116581
0 0 0.0219778
0 0 -0.14226
0 0 -0.156431
0 0 -0.127686
0 0 0.11654
0 0 -0.100658
0 0 -0.143949
0 0 -0.468558
0 0 -0.148293
0 0 -0.135721
0 0 -0.1292
0 0 -0.123003
0 0 -0.240819
0 0 0.0159804
0 0 -0.0878117
0 0 0.47387
0 0 -0.0109032
0 0 0.184564
0 0 0.343842
0 0 -0.274712
0 0 -0.145449
0 0 -0.108096
0 0 0.251706
0 0 -0.091524
0 0 0.390354
0 0 -0.0609107
0 0 -0.100643
0 0 -0.176547
0 0 -0.0959627
0 0 -0.119457
0 0 -0.0194733
0 0 0.137053
0 0 -0.184468
0 0 -0.147571
0 0 0.0150139
0 0 -0.121607
0 0 -0.130409
0 0 0.172112
0 0 -0.177323
0 0 -0.0954283
0 0 0.102409
0 0 0.110229
0 0 -0.0887643
0 0 0.219753
0 0 0.087739
0 0 0.0473076
0 0 0.184807
0 0 0.264733
0 0 -0.142073
0 0 -0.171324
0 0 -0.188863
0 0 0.321833
0 0 -0.136421
0 0 -0.144714
0 0 -0.252074
0 0 -0.158943
0 0 -0.14345
0 0 -0.141515
0 0 -0.140016
0 0 0.105458
0 0 -0.164007
0 0 -0.0853152
0 0 -0.159971
0 0 0.0685259
0 0 0.265003
0 0 -0.110647
0 0 -0.0830113
0 0 -0.330307
0 0 -0.136113
0 0 -0.0240049
0 0 -0.0696219
0 0 -0.102913
0 0 -0.0603302
0 0 -0.215722
0 0 0.0493708
0 0 -0.154859
0 0 -0.0893501
0 0 -0.14042
0 0 -0.382814
0 0 -0.0608165
0 0 -0.165372
0 0 -0.0998355
0 0 -0.015193
0 0 -0.161013
0 0 0.0974589
0 0 0.129232
0 0 -0.149726
0 0 -0.156708
0 0 -0.0361437
0 0 -0.0808408
0 0 -0.185181
0 0 -0.146319
0 0 -0.0836982
0 0 -0.255253
0 0 -0.0866858
0 0 -0.0560089
0 0 -0.164272
0 0 -0.141006
0 0 -0.164527
0 0 -0.0472249
0 0 -0.0403965
0 0 0.286094
0 0 -0.143613
0 0 -0.159677
0 0 -0.0665749
0 0 -0.350946
0 0 0.00805183
0 0 0.0788694
0 0 0.136967
0 0 0.108418
0 0 -0.248352
0 0 -0.143965
0 0 -0.144431
0 0 -0.281947
0 0 -0.0954536
0 0 -0.155
0 0 -0.219961
0 0 -0.11245
0 0 -0.148756
0 0 -0.0977449
0 0 -0.0891636
0 0 -0.111599
0 0 0.16305
0 0 -0.133625
0 0 -0.189534
0 0 -0.108607
0 0 -0.126173
0 0 -0.184985
0 0 -0.143792
0 0 -0.139366
0 0 -0.149913
0 0 -0.151208
0 0 -0.138387
0 0 0.0202292
0 0 -0.102365
0 0 0.0392374
0 0 0.417516
0 0 -0.0455338
0 0 -0.0771052
0 0 -0.14517
0 0 -0.104336
0 0 0.137711
0 0 -0.163759
0 0 -0.180172
0 0 -0.0251186
0 0 -0.00642778
0 0 -0.0647082
0 0 -0.16987
0 0 -0.106778
0 0 0.0481841
0 0 0.212625
0 0 -0.124898
0 0 0.0465334
0 0 -0.065614
0 0 -0.0504292
0 0 -0.140247
0 0 -0.0532951
0 0 0.00555645
0 0 -0.0124233
0 0 -0.259548
0 0 -0.311523
0 0 -0.156065
0 0 -0.235036
0 0 -0.0795709
0 0 0.0205803
0 0 0.00740105
0 0 -0.213486
0 0 -0.122754
0 0 -0.290963
0 0 -0.0603823
0 0 -0.144875
0 0 -0.122666
0 0 -0.154479
0 0 -0.430401
0 0 -0.142503
0 0 -0.0869624
0 0 -0.00712139
0 0 -0.156984
0 0 -0.141148
0 0 -0.158832
0 0 0.0179956
0 0 0.160737
0 0 -0.227536
0 0 -0.0689146
0 0 -0.0401959
0 0 -0.170062
0 0 -0.155093
0 0 -0.191044
0 0 -0.14952
0 0 -0.127265
0 0 -0.0948677
0 0 -0.167553
0 0 -0.14152
0 0 -0.138732
0 0 -0.309599
0 0 0.0410998
0 0 0.0652773
0 0 -0.161216
0 0 -0.143191
0 0 0.15288
0 0 -0.22037
0 0 -0.0257922
0 0 -0.200725
0 0 -0.0585155
0 0 -0.116166
0 0 -0.103405
0 0 -0.104769
0 0 0.0086028
0 0 -0.125507
0 0 -0.130944
0 0 -0.0660858
0 0 -0.0635776
0 0 -0.115894
0 0 -0.178191
0 0 -0.201073
0 0 -0.157007
0 0 -0.319403
0 0 -0.176106
0 0 -0.249273
0 0 -0.126316
0 0 0.482421
0 0 -0.147669
0 0 -0.0945028
0 0 -0.181767
0 0 -0.0757952
0 0 -0.147369
0 0 -0.0772239
0 0 -0.00998137
0 0 -0.0737184
0 0 -0.066715
0 0 -0.110916
0 0 -0.505299
0 0 0.0833231
0 0 -0.182864
0 0 -0.0421367
0 0 -0.15757
0 0 -0.137017
0 0 -0.0773845
0 0 -0.0646898
0 0 -0.149432
0 0 -0.128465
0 0 -0.088373
0 0 -0.14265
0 0 0.188708
0 0 -0.0855046
0 0 0.437335
0 0 -0.174486
0 0 -0.486779
0 0 0.113131
0 0 -0.117152
0 0 0.226719
0 0 -0.229813
0 0 -0.0550592
0 0 -0.152705
0 0 0.0459029
0 0 -0.141727
0 0 -0.0110446
0 0 -0.182874
0 0 -0.144423
0 0 0.286506
0 0 -0.104547
0 0 -0.169949
0 0 -0.135505
0 0 -0.0187698
0 0 -0.154641
0 0 0.0687734
0 0 -0.151428
0 0 -0.10635
0 0 -0.0848707
0 0 -0.01363
0 0 -0.471225
0 0 0.0203144
0 0 -0.134674
0 0 -0.023353
0 0 -0.149659
0 0 -0.263154
0 0 -0.104068
0 0 0.0104036
0 0 -0.12883
0 0 -0.0708306
0 0 -0.039501
0 0 -0.0660543
0 0 -0.14419
0 0 0.189496
0 0 -0.168724
0 0 -0.0700886
0 0 -0.0536159
0 0 -0.140762
0 0 -0.123405
0 0 -0.156122
0 0 0.0549352
0 0 -0.116573
0 0 -0.0335393
0 0 -0.203728
0 0 0.14126
0 0 -0.113225
0 0 -0.107084
0 0 0.0932147
0 0 -0.140276
0 0 -0.148757
0 0 0.0680999
0 0 0.214443
0 0 -0.148696
0 0 0.101682
0 0 -0.163204
0 0 -0.144784
0 0 0.0682273
0 0 0.116636
0 0 0.0435669
0 0 -0.121799
0 0 -0.201639
0 0 -0.523847
0 0 -0.0429195
0 0 0.0871949
0 0 0.431274
0 0 -0.146149
0 0 -0.152113
0 0 -0.303237
0 0 0.0222703
0 0 0.0405481
0 0 -0.142937
0 0 -0.154042
0 0 -0.131966
0 0 -0.109066
0 0 0.157072
0 0 -0.058646
0 0 -0.117352
0 0 0.0819836
0 0 -0.347251
0 0 0.222272
0 0 0.00397953
0 0 -0.0793086
0 0 -0.0433254
0 0 -0.0520339
0 0 -0.141074
0 0 -0.174608
0 0 -0.147388
0 0 0.0724184
0 0 -0.0842107
0 0 -0.0397448
0 0 -0.133633
0 0 -0.133926
0 0 -0.171921
0 0 -0.0871508
0 0 -0.319372
0 0 0.0265387
0 0 -0.142417
0 0 -0.0530763
0 0 -0.157316
0 0 0.365033
0 0 -0.140789
0 0 -0.146227
0 0 0.297186
0 0 -0.122406
0 0 -0.0762756
0 0 0.130813
0 0 0.0220962
0 0 -0.112822
0 0 -0.524952
0 0 0.25417
0 0 0.375433
0 0 0.243497
0 0 -0.108873
0 0 0.283393
0 0 -0.141557
0 0 -0.144915
0 0 -0.156268
0 0 -0.147994
0 0 -0.131799
0 0 0.129694
0 0 -0.121377
0 0 -0.157853
0 0 -0.237223
0 0 -0.358791
0 0 -0.148731
0 0 -0.231179
0 0 0.120939
0 0 0.109774
0 0 -0.00818748
0 0 -0.14516
0 0 0.329173
0 0 -0.0922972
0 0 -0.0360369
0 0 -0.103082
0 0 -0.0829121
0 0 -0.222283
0 0 0.150046
0 0 -0.190175
0 0 -0.156545
0 0 -0.415246
0 0 -0.125104
0 0 -0.208455
0 0 -0.115381
0 0 -0.16253
0 0 -0.339871
0 0 -0.160848
0 0 -0.220463
0 0 0.152605
0 0 -0.0198583
0 0 -0.0929306
0 0 -0.169155
0 0 0.215502
0 0 -0.103133
0 0 -0.243761
0 0 -0.167845
0 0 0.106017
0 0 0.145011
0 0 -0.0178698
0 0 -0.144009
0 0 -0.145095
0 0 -0.00658503
0 0 -0.195958
0 0 -0.0973262
0 0 0.136743
0 0 -0.121566
0 0 -0.454269
0 0 -0.206574
0 0 -0.172734
0 0 -0.145792
0 0 -0.16183
0 0 0.184981
0 0 -0.1491
0 0 -0.0923086
0 0 -0.114932
0 0 -0.172987
0 0 -0.112787
0 0 0.147395
0 0 0.161762
0 0 -0.0629662
0 0 -0.116167
0 0 -0.186924
0 0 0.0334383
0 0 -0.359333
0 0 0.0312926
0 0 -0.150398
0 0 -0.211328
0 0 0.0665241
0 0 -0.0980567
0 0 -0.111996
0 0 -0.193292
0 0 -0.146889
0 0 -0.157886
0 0 -0.11525
0 0 -0.141446
0 0 -0.141146
0 0 -0.103156
0 0 -0.0280407
0 0 -0.0971515
0 0 -0.197762
0 0 -0.156846
0 0 0.300246
0 0 -0.141741
0 0 -0.147726
0 0 -0.0118709
0 0 -0.0422653
0 0 -0.0854246
0 0 -0.163496
0 0 -0.0655781
0 0 0.000541305
0 0 -0.141894
0 0 -0.17097
0 0 0.111402
0 0 -0.116328
0 0 -0.138246
0 0 -0.189191
0 0 -0.142172
0 0 -0.0840851
0 0 0.0309265
0 0 -0.107287
0 0 0.194965
0 0 -0.152515
0 0 -0.0318728
0 0 -0.0572325
0 0 -0.128654
0 0 -0.0323629
0 0 -0.0908356
0 0 -0.0718425
0 0 -0.263863
0 0 -0.150629
0 0 -0.125857
0 0 -0.0990856
0 0 -0.141266
0 0 0.118411
0 0 -0.141603
0 0 -0.103525
0 0 0.182267
0 0 -0.13569
0 0 0.0931759
0 0 -0.129616
0 0 -0.145315
0 0 -0.162636
0 0 -0.0842275
0 0 -0.0045311
0 0 -0.105336
0 0 -0.159411
0 0 0.0662815
0 0 -0.0792663
0 0 -0.408089
0 0 -0.151604
0 0 -0.142619
0 0 -0.179461
0 0 -0.0622025
0 0 -0.304963
0 0 -0.121061
0 0 -0.137923
0 0 0.0893762
0 0 -0.290161
0 0 0.0870748
0 0 -0.148517
0 0 0.00353284
0 0 -0.195882
0 0 -0.179522
0 0 0.0192061
0 0 0.211618
0 0 0.0855983
0 0 0.123085
0 0 -0.144336
0 0 -0.113024
0 0 0.0284553
0 0 0.286046
0 0 0.111343
0 0 0.190002
0 0 -0.14451
0 0 0.0111948
0 0 -0.144863
0 0 0.225309
0 0 -0.155217
0 0 -0.165624
0 0 -0.3895
0 0 -0.0760601
0 0 -0.181212
0 0 -0.0272013
0 0 0.115499
0 0 0.0916342
0 0 -0.0492496
0 0 -0.136077
0 0 0.0952883
0 0 -0.331226
0 0 -0.143131
0 0 0.0540988
0 0 -0.237507
0 0 -0.148652
0 0 -0.114062
0 0 -0.149167
0 0 -0.0623007
0 0 -0.109832
0 0 -0.13065
0 0 -0.0810974
0 0 0.223847
0 0 -0.0720138
0 0 0.0642562
0 0 -0.426757
0 0 -0.149898
0 0 -0.0349754
0 0 0.0904469
0 0 -0.157505
0 0 -0.0642649
0 0 0.126194
0 0 -0.137926
0 0 -0.0145868
0 0 -0.1537
0 0 -0.119147
0 0 -0.138091
0 0 -0.148013
0 0 -0.261479
0 0 -0.121395
0 0 0.0694076
0 0 -0.10572
0 0 -0.079864
0 0 -0.0215493
0 0 0.0424355
0 0 -0.0649066
0 0 0.22988
0 0 -0.17615
0 0 -0.146009
0 0 -0.117188
0 0 -0.163504
0 0 -0.0464987
0 0 -0.12491
0 0 -0.155006
0 0 0.11134
0 0 -0.0466331
0 0 -0.11004
0 0 0.15286
0 0 -0.145625
0 0 -0.142228
0 0 -0.103837
0 0 -0.102011
0 0 -0.146039
0 0 -0.166751
0 0 -0.0876014
0 0 -0.115422
0 0 -0.255073
0 0 -0.124089
0 0 -0.155411
0 0 -0.311469
0 0 0.0908053
0 0 -0.159663
0 0 -0.3977
0 0 -0.15918
0 0 -0.151724
0 0 -0.104521
0 0 -0.147695
0 0 0.119757
0 0 -0.0903141
0 0 0.0793725
0 0 0.235438
0 0 -0.290381
0 0 -0.0974001
0 0 -0.0797031
0 0 -0.114213
0 0 -0.285455
0 0 -0.110858
0 0 -0.142154
0 0 -0.142508
0 0 -0.135681
0 0 -0.0475233
0 0 -0.100944
0 0 -0.103786
0 0 -0.128783
0 0 -0.157236
0 0 0.0268842
0 0 -0.141058
0 0 -0.174543
0 0 -0.141395
0 0 -0.140512
0 0 0.17081
0 0 -0.152544
0 0 -0.00433214
0 0 -0.104249
0 0 -0.37707
0 0 -0.135946
0 0 -0.139461
0 0 -0.214525
0 0 -0.0390553
0 0 -0.159279
0 0 -0.0942364
0 0 -0.163097
0 0 -0.248984
0 0 -0.0739979
0 0 -0.105146
0 0 -0.103287
0 0 0.0497126
0 0 -0.154359
0 0 -0.159076
0 0 0.0952095
0 0 -0.141595
0 0 0.0817227
0 0 -0.0985399
0 0 -0.150285
0 0 -0.49719
0 0 -0.0677893
0 0 0.354263
0 0 -0.118878
0 0 -0.152867
0 0 -0.294696
0 0 -0.144814
0 0 0.355159
0 0 -0.140891
0 0 -0.145641
0 0 0.103165
0 0 -0.111203
0 0 -0.145737
0 0 -0.117177
0 0 0.00757929
0 0 -0.363109
0 0 -0.142234
0 0 -0.132289
0 0 -0.154993
0 0 -0.0548813
0 0 -0.0623832
0 0 -0.126167
0 0 -0.099718
0 0 0.0387898
0 0 0.159493
0 0 -0.294137
0 0 -0.056931
0 0 -0.131511
0 0 0.244706
0 0 -0.0903308
0 0 -0.148669
0 0 -0.0854071
0 0 0.194586
0 0 0.180104
0 0 -0.316238
0 0 -0.0439779
0 0 -0.153106
0 0 -0.152573
0 0 -0.344247
0 0 -0.0947717
0 0 -0.160046
0 0 0.0540391
0 0 -0.257143
0 0 0.312649
0 0 -0.101817
0 0 -0.162466
0 0 0.0224085
0 0 -0.0439678
0 0 0.201598
0 0 -0.106218
0 0 -0.137963
0 0 -0.154283
0 0 -0.186674
0 0 -0.141505
0 0 -0.13133
0 0 0.388809
0 0 -0.0993969
0 0 -0.0350055
0 0 -0.0557436
0 0 0.0089755
0 0 -0.0216777
0 0 -0.0829835
0 0 -0.0883503
0 0 -0.113583
0 0 0.238577
0 0 -0.0772319
0 0 -0.0204833
0 0 -0.00129919
0 0 -0.154748
0 0 -0.141547
0 0 -0.113263
0 0 -0.150828
0 0 -0.143847
0 0 -0.170316
0 0 -0.273154
0 0 -0.104367
0 0 -0.142339
0 0 -0.116862
0 0 -0.11104
0 0 -0.141252
0 0 -0.145165
0 0 -0.203069
0 0 -0.150017
0 0 0.246942
0 0 -0.125815
0 0 0.387602
0 0 0.351073
0 0 -0.172765
0 0 -0.0223121
0 0 0.101177
0 0 -0.159595
0 0 -0.106587
0 0 -0.0726349
0 0 -0.143756
0 0 -0.144173
0 0 -0.121542
0 0 0.283629
0 0 -0.0650515
0 0 -0.0563061
0 0 -0.149901
0 0 -0.182298
0 0 -0.194251
0 0 -0.125346
0 0 -0.0608572
0 0 -0.190512
0 0 -0.0818448
0 0 -0.155478
0 0 -0.0490421
0 0 -0.155025
0 0 -0.136669
0 0 0.0298267
0 0 -0.146427
0 0 -0.111751
0 0 -0.0132318
0 0 -0.0824831
0 0 -0.188696
0 0 -0.12651
0 0 -0.165982
0 0 -0.170355
0 0 -0.0823861
0 0 -0.102906
0 0 -0.145444
0 0 -0.0604219
0 0 -0.141779
0 0 -0.10787
0 0 -0.0311561
0 0 0.24447
0 0 -0.0303012
0 0 -0.141125
0 0 -0.126195
0 0 -0.138845
0 0 -0.0636823
0 0 -0.161147
0 0 -0.16325
0 0 -0.12957
0 0 0.0980954
0 0 -0.167239
0 0 -0.135994
0 0 -0.0881101
0 0 -0.145276
0 0 -0.0845725
0 0 -0.120854
0 0 -0.147686
0 0 -0.22817
0 0 -0.140598
0 0 -0.275952
0 0 -0.143246
0 0 -0.160594
0 0 -0.143436
0 0 -0.142238
0 0 -0.180924
0 0 0.0791884
0 0 0.190965
0 0 -0.0106745
0 0 -0.142847
0 0 0.029301
0 0 -0.0470197
0 0 -0.11965
0 0 -0.176068
0 0 0.435749
0 0 -0.0576774
0 0 0.102409
0 0 -0.324706
0 0 -0.068027
0 0 -0.132323
0 0 -0.00319941
0 0 0.012028
0 0 -0.287281
0 0 -0.128041
0 0 -0.192323
0 0 -0.0901197
0 0 0.0994841
0 0 -0.158032
0 0 -0.0678458
0 0 -0.0747212
0 0 -0.150757
0 0 0.110304
0 0 -0.0803736
0 0 0.343382
0 0 -0.0607779
0 0 -0.0249853
0 0 0.0748027
0 0 -0.140431
0 0 -0.295568
0 0 -0.131427
0 0 -0.116784
0 0 -0.0749406
0 0 -0.152749
0 0 -0.107792
0 0 -0.252692
0 0 -0.133092
0 0 -0.147595
0 0 -0.141359
0 0 -0.103792
0 0 0.147994
0 0 0.097408
0 0 -0.171023
0 0 -0.123086
0 0 -0.0643193
0 0 -0.0468316
0 0 -0.0742568
0 0 -0.017265
0 0 0.114905
0 0 -0.178898
0 0 -0.128684
0 0 -0.019308
0 0 -0.0947353
0 0 -0.164892
0 0 0.126978
0 0 -0.125656
0 0 -0.141836
0 0 -0.143576
0 0 -0.128121
0 0 -0.0686177
0 0 -0.143867
0 0 -0.00081745
0 0 -0.177405
0 0 -0.127789
0 0 -0.143549
0 0 0.221616
0 0 -0.14299
0 0 -0.0344571
0 0 -0.0287239
0 0 -0.376939
0 0 -0.0357075
0 0 -0.09111
0 0 -0.143143
0 0 -0.106578
0 0 0.503548
0 0 -0.021541
0 0 -0.085207
0 0 -0.112411
0 0 -0.146554
0 0 0.149033
0 0 -0.161726
0 0 -0.126301
0 0 -0.0348358
0 0 0.0521484
0 0 -0.104663
0 0 0.0157183
0 0 0.0579334
0 0 -0.0756451
0 0 0.197386
0 0 0.193778
0 0 -0.0609614
0 0 -0.187063
0 0 -0.164915
0 0 -0.160726
0 0 -0.0732389
0 0 -0.0757957
0 0 -0.14146
0 0 0.279176
0 0 0.139237
0 0 -0.0508067
0 0 0.0842015
0 0 -0.168972
0 0 -0.33366
0 0 -0.138993
0 0 -0.168793
0 0 -0.140828
0 0 -0.0684084
0 0 0.120903
0 0 -0.063419
0 0 -0.218557
0 0 -0.135866
0 0 -0.13234
0 0 -0.243688
0 0 -0.0222258
0 0 -0.268123
0 0 -0.0817913
0 0 0.0782292
0 0 0.0161318
0 0 -0.141578
0 0 -0.103271
0 0 -0.294728
0 0 -0.215781
0 0 -0.091017
0 0 -0.237107
0 0 0.135323
0 0 0.207801
0 0 0.0677162
0 0 -0.00600631
0 0 -0.0780216
0 0 0.0563349
0 0 -0.0747487
0 0 -0.150269
0 0 0.0548833
0 0 0.170492
0 0 -0.141572
0 0 -0.165788
0 0 -0.0751377
0 0 -0.050488
0 0 -0.110002
0 0 0.0193173
0 0 -0.106403
0 0 -0.123443
0 0 -0.0908377
0 0 -0.0937242
0 0 0.1417
0 0 -0.0469331
0 0 -0.149117
0 0 -0.159033
0 0 -0.26729
0 0 0.00887768
0 0 -0.0926551
0 0 -0.159323
0 0 -0.190383
0 0 -0.183017
0 0 0.155816
0 0 -0.139601
0 0 -0.0438653
0 0 -0.0842156
0 0 -0.183853
0 0 0.0450729
0 0 -0.227436
0 0 -0.123624
0 0 -0.211202
0 0 0.0176361
0 0 0.122105
0 0 -0.148469
0 0 0.137023
0 0 -0.1901
0 0 -0.201076
0 0 -0.243365
0 0 0.137092
0 0 -0.0775332
0 0 -0.449354
0 0 -0.151112
0 0 -0.218515
0 0 -0.1178
0 0 -0.146063
0 0 -0.0724385
0 0 -0.253357
0 0 -0.0966348
0 0 -0.131501
0 0 -0.162079
0 0 -0.0819182
0 0 -0.203359
0 0 -0.153424
0 0 -0.122841
0 0 -0.125918
0 0 -0.140784
0 0 -0.101506
0 0 -0.127924
0 0 -0.137673
0 0 -0.0301969
0 0 0.458699
0 0 -0.186828
0 0 -0.0666768
0 0 0.100703
0 0 0.0906642
0 0 0.000853508
0 0 -0.0921467
0 0 -0.164096
0 0 -0.147067
0 0 -0.105729
0 0 -0.0500835
0 0 -0.150319
0 0 -0.160626
0 0 0.0373837
0 0 -0.0861304
0 0 -0.149643
0 0 -0.032819
0 0 -0.0958639
0 0 -0.0940253
0 0 0.322555
0 0 0.298758
0 0 -0.177644
0 0 0.168937
0 0 -0.066943
0 0 0.00763578
0 0 -0.138592
0 0 -0.115726
0 0 -0.0629642
0 0 -0.17057
0 0 -0.169678
0 0 -0.0320933
0 0 0.0396441
0 0 -0.030789
0 0 0.022925
0 0 0.0143359
0 0 0.119259
0 0 -0.107086
0 0 -0.130795
0 0 0.121661
0 0 -0.366996
0 0 -0.107576
0 0 -0.00423316
0 0 0.00213273
0 0 -0.0757608
0 0 0.297094
0 0 -0.143685
0 0 -0.137951
0 0 0.117131
0 0 -0.00184629
0 0 -0.130692
0 0 -0.141495
0 0 0.0049137
0 0 -0.0942977
0 0 -0.155441
0 0 -0.186038
0 0 0.16041
0 0 -0.110109
0 0 -0.0924048
0 0 0.061396
0 0 -0.0601536
0 0 -0.0974866
0 0 -0.0586721
0 0 -0.0844513
0 0 -0.14886
0 0 -0.14325
0 0 -0.142976
0 0 -0.170478
0 0 0.00735208
0 0 -0.126224
0 0 -0.157108
0 0 -0.170782
0 0 -0.147076
0 0 0.053842
0 0 -0.0621121
0 0 -0.172309
0 0 -0.0252603
0 0 0.00221821
0 0 0.328102
0 0 -0.159163
0 0 -0.157821
0 0 -0.157965
0 0 -0.0596878
0 0 -0.0533716
0 0 -0.0537671
0 0 -0.148947
0 0 -0.156364
0 0 -0.150112
0 0 -0.096478
0 0 -0.098016
0 0 -0.0939966
0 0 -0.0932519
0 0 -0.0751149
0 0 -0.0765016
0 0 -0.158461
0 0 -0.157155
0 0 -0.0327417
0 0 -0.00786387
0 0 -0.0567775
0 0 -0.0515278
0 0 -0.0454107
0 0 -0.0372046
0 0 -0.045017
0 0 -0.0504442
0 0 -0.0800151
0 0 -0.0852391
0 0 -0.0797586
0 0 -0.169479
0 0 -0.175321
0 0 -0.171188
0 0 -0.0766137
0 0 -0.0776193
0 0 -0.0729488
0 0 -0.14245
0 0 -0.14358
0 0 -0.143279
0 0 -0.0163406
0 0 -0.0193559
0 0 -0.0279163
0 0 -0.0366975
0 0 -0.0406331
0 0 -0.0319159
0 0 0.241334
0 0 0.247193
0 0 0.225679
0 0 -0.146005
0 0 -0.140816
0 0 -0.0896723
0 0 -0.0911343
0 0 -0.0690068
0 0 -0.0524236
0 0 -0.0403651
0 0 -0.0386492
0 0 -0.0458221
0 0 -0.045795
0 0 -0.0595201
0 0 -0.186341
0 0 -0.187447
0 0 -0.189235
0 0 -0.169215
0 0 -0.163152
0 0 -0.162897
0 0 0.0264051
0 0 0.0216848
0 0 0.0244451
0 0 -0.0915948
0 0 -0.0716671
0 0 -0.179652
0 0 -0.181858
0 0 -0.130479
0 0 -0.132436
0 0 -0.128894
0 0 -0.143966
0 0 -0.144245
0 0 -0.156248
0 0 -0.15509
0 0 -0.15616
0 0 -0.258164
0 0 -0.260104
0 0 -0.255538
0 0 0.0547098
0 0 0.0443619
0 0 0.0516597
0 0 0.0468276
0 0 0.051579
0 0 0.0740256
0 0 -0.133019
0 0 -0.123175
0 0 -0.126854
0 0 -0.0747857
0 0 -0.0734767
0 0 -0.071075
0 0 -0.0488082
0 0 -0.0607775
0 0 -0.0679253
0 0 -0.152843
0 0 -0.15373
0 0 -0.154069
0 0 -0.120907
0 0 -0.132105
0 0 -0.0454132
0 0 -0.0479946
0 0 -0.14289
0 0 -0.144368
0 0 -0.142798
0 0 -0.0674268
0 0 -0.0623073
0 0 -0.0657585
0 0 -0.141907
0 0 -0.14218
0 0 -0.142128
0 0 -0.158404
0 0 -0.157304
0 0 -0.144599
0 0 -0.14575
0 0 -0.245841
0 0 -0.251053
0 0 0.132703
0 0 0.121486
0 0 0.122824
0 0 -0.0523258
0 0 -0.0447391
0 0 -0.0467282
0 0 0.352315
0 0 0.385267
0 0 0.360636
0 0 -0.0487588
0 0 -0.0431941
0 0 -0.0120948
0 0 -0.0497773
0 0 -0.190763
0 0 -0.185178
0 0 -0.19332
0 0 -0.133526
0 0 -0.130555
0 0 -0.135177
0 0 -0.137356
0 0 -0.13619
0 0 -0.135419
0 0 -0.0312967
0 0 -0.0198752
0 0 -0.024221
0 0 -0.154227
0 0 -0.154322
0 0 -0.131926
0 0 -0.130473
0 0 -0.131262
0 0 -0.198734
0 0 -0.175111
0 0 -0.19136
0 0 -0.188851
0 0 -0.190657
0 0 0.0250736
0 0 -0.201037
0 0 -0.201294
0 0 -0.20486
0 0 -0.148986
0 0 -0.148478
0 0 -0.151774
0 0 -0.182934
0 0 -0.179276
0 0 -0.181164
0 0 -0.0321818
0 0 -0.0384902
0 0 -0.0365734
0 0 -0.0369811
0 0 -0.0260212
0 0 -0.0251977
0 0 -0.0698373
0 0 -0.0693099
0 0 -0.0722291
0 0 -0.0800299
0 0 -0.0751495
0 0 -0.162199
0 0 0.0655689
0 0 0.079183
0 0 0.0758925
0 0 -0.170204
0 0 -0.171529
0 0 -0.171294
0 0 -0.141912
0 0 -0.141897
0 0 -0.141412
0 0 -0.361047
0 0 -0.322572
0 0 -0.383857
0 0 -0.158596
0 0 -0.151504
0 0 -0.106906
0 0 -0.110009
0 0 -0.128005
0 0 -0.14257
0 0 -0.142829
0 0 -0.142904
0 0 -0.137928
0 0 -0.140757
0 0 -0.165783
0 0 -0.158508
0 0 -0.154845
0 0 0.174795
0 0 0.162378
0 0 0.163539
0 0 0.0908121
0 0 0.100774
0 0 0.0967538
0 0 -0.151043
0 0 -0.152073
0 0 -0.15341
0 0 -0.12799
0 0 -0.126121
0 0 -0.130518
0 0 0.258733
0 0 0.237521
0 0 -0.023888
0 0 -0.0250319
0 0 -0.027257
0 0 -0.0793477
0 0 -0.081941
0 0 -0.0842131
0 0 -0.144382
0 0 -0.144641
0 0 -0.0561419
0 0 -0.0576351
0 0 -0.141646
0 0 -0.141495
0 0 -0.141635
0 0 -0.0984537
0 0 -0.0985323
0 0 -0.0972121
0 0 -0.17455
0 0 -0.174337
0 0 -0.172826
0 0 -0.125875
0 0 -0.120736
0 0 -0.121918
0 0 -0.162603
0 0 -0.162548
0 0 -0.16128
0 0 -0.16967
0 0 -0.168765
0 0 -0.175702
0 0 0.139529
0 0 0.154938
0 0 0.145286
0 0 -0.160454
0 0 -0.161088
0 0 -0.162013
0 0 -0.10216
0 0 -0.107491
0 0 -0.105724
0 0 -0.152127
0 0 -0.152578
0 0 -0.155253
0 0 0.269535
0 0 0.275714
0 0 0.295119
0 0 -0.144927
0 0 -0.0792828
0 0 -0.080682
0 0 -0.252845
0 0 -0.251129
0 0 -0.148091
0 0 -0.150479
0 0 -0.1486
0 0 -0.283472
0 0 -0.282923
0 0 -0.276162
0 0 -0.0693437
0 0 -0.0700884
0 0 0.267897
0 0 0.277697
0 0 -0.109847
0 0 -0.113722
0 0 -0.107587
0 0 -0.143034
0 0 -0.144383
0 0 -0.0359237
0 0 -0.0272303
0 0 -0.0323317
0 0 -0.123543
0 0 -0.123483
0 0 -0.121641
0 0 -0.166517
0 0 -0.164866
0 0 -0.165682
0 0 -0.123204
0 0 -0.113989
0 0 -0.120113
0 0 -0.144618
0 0 -0.148281
0 0 -0.153964
0 0 -0.269148
0 0 -0.270661
0 0 -0.0771978
0 0 -0.0752228
0 0 -0.0847302
0 0 -0.011692
0 0 -0.0167141
0 0 -0.00928772
0 0 -0.131613
0 0 -0.13604
0 0 -0.132761
0 0 -0.184218
0 0 -0.185224
0 0 -0.178188
0 0 -0.167108
0 0 -0.16193
0 0 -0.144907
0 0 -0.144994
0 0 -0.145555
0 0 -0.0790348
0 0 -0.0830867
0 0 -0.079887
0 0 -0.141791
0 0 -0.142253
0 0 -0.117616
0 0 -0.112732
0 0 -0.111905
0 0 -0.116817
0 0 -0.15329
0 0 -0.15283
0 0 -0.12136
0 0 -0.122378
0 0 -0.14176
0 0 -0.14191
0 0 -0.141606
0 0 -0.0138022
0 0 -0.0251074
0 0 -0.042461
0 0 -0.042648
0 0 0.0945359
0 0 0.0829412
0 0 0.0890491
0 0 -0.128049
0 0 -0.1547
0 0 -0.164392
0 0 -0.107445
0 0 -0.104821
0 0 -0.103204
0 0 -0.146074
0 0 -0.140411
0 0 -0.142903
0 0 -0.148688
0 0 -0.150113
0 0 -0.147434
0 0 -0.0958203
0 0 -0.0967952
0 0 -0.144995
0 0 -0.145858
0 0 -0.0598237
0 0 -0.0542653
0 0 -0.0589063
0 0 -0.0851616
0 0 -0.0803242
0 0 -0.0679846
0 0 -0.0122349
0 0 -0.0198407
0 0 0.111773
0 0 0.118476
0 0 -0.14325
0 0 -0.14378
0 0 -0.129026
0 0 -0.129699
0 0 -0.227922
0 0 -0.22669
0 0 -0.233196
0 0 0.332011
0 0 0.35223
0 0 -0.181957
0 0 -0.181679
0 0 -0.179286
0 0 0.423577
0 0 0.473673
0 0 -0.0489279
0 0 -0.050959
0 0 -0.331381
0 0 -0.343224
0 0 -0.332348
0 0 0.386973
0 0 0.395085
0 0 0.426658
0 0 -0.0559586
0 0 -0.0581296
0 0 -0.0816482
0 0 -0.0647571
0 0 -0.153294
0 0 -0.160897
0 0 -0.147743
0 0 -0.109267
0 0 -0.1046
0 0 -0.103234
0 0 -0.156386
0 0 -0.154724
0 0 -0.168172
0 0 -0.163847
0 0 -0.167488
0 0 -0.209954
0 0 -0.208906
0 0 -0.212465
0 0 -0.101921
0 0 -0.0991794
0 0 -0.469937
0 0 -0.415011
0 0 -0.0500697
0 0 -0.0514966
0 0 -0.0545632
0 0 -0.133377
0 0 -0.135055
0 0 -0.148443
0 0 -0.146904
0 0 -0.145448
0 0 -0.190382
0 0 -0.190546
0 0 -0.24261
0 0 -0.24063
0 0 -0.246271
0 0 -0.153271
0 0 -0.15255
0 0 -0.152391
0 0 -0.102529
0 0 -0.102961
0 0 -0.101194
0 0 0.299563
0 0 0.287295
0 0 -0.0788679
0 0 -0.0757585
0 0 -0.082905
0 0 -0.116715
0 0 -0.115777
0 0 -0.11761
0 0 -0.151473
0 0 -0.152143
0 0 0.0168544
0 0 0.00921632
0 0 0.0189065
0 0 0.0592164
0 0 0.0516948
0 0 0.061136
0 0 -0.101503
0 0 -0.103639
0 0 -0.117636
0 0 -0.122214
0 0 -0.0399041
0 0 -0.0488331
0 0 -0.0572916
0 0 -0.16296
0 0 -0.160808
0 0 -0.159024
0 0 -0.158369
0 0 -0.160126
0 0 -0.159145
0 0 -0.0400419
0 0 -0.0348573
0 0 -0.142627
0 0 -0.142569
0 0 -0.0638538
0 0 -0.067205
0 0 -0.0704068
0 0 -0.140479
0 0 -0.138853
0 0 -0.141354
0 0 -0.0534416
0 0 -0.0547924
0 0 -0.297062
0 0 -0.262954
0 0 -0.36212
0 0 -0.141636
0 0 -0.141889
0 0 -0.141901
0 0 -0.0442836
0 0 -0.158327
0 0 -0.159457
0 0 -0.161156
0 0 -0.0735419
0 0 -0.0608743
0 0 0.105717
0 0 0.103915
0 0 0.112192
0 0 -0.0984957
0 0 -0.0997971
0 0 -0.321222
0 0 -0.328987
0 0 0.140661
0 0 0.142597
0 0 0.129437
0 0 -0.29824
0 0 -0.291694
0 0 -0.297067
0 0 -0.00959799
0 0 -0.0179284
0 0 -0.0183097
0 0 -0.0156804
0 0 -0.0102334
0 0 -0.184595
0 0 -0.182087
0 0 -0.183646
0 0 -0.0511897
0 0 -0.0603836
0 0 -0.0479801
0 0 -0.432077
0 0 -0.441377
0 0 -0.142642
0 0 -0.142368
0 0 -0.142357
0 0 0.239785
0 0 0.255182
0 0 0.232589
0 0 0.0471892
0 0 0.0220761
0 0 -0.105207
0 0 -0.101046
0 0 -0.130309
0 0 -0.174516
0 0 -0.176242
0 0 -0.115702
0 0 -0.109668
0 0 -0.108903
0 0 -0.0685959
0 0 -0.0710803
0 0 -0.318317
0 0 -0.324195
0 0 -0.123341
0 0 -0.136673
0 0 -0.134189
0 0 -0.225725
0 0 -0.220814
0 0 -0.212419
0 0 -0.131668
0 0 -0.129427
0 0 -0.13401
0 0 -0.124772
0 0 -0.126221
0 0 -0.125084
0 0 -0.142059
0 0 -0.141478
0 0 -0.142004
0 0 -0.148271
0 0 -0.151212
0 0 -0.0656392
0 0 -0.0608633
0 0 0.222768
0 0 0.241339
0 0 -0.146719
0 0 -0.145338
0 0 -0.147312
0 0 0.444959
0 0 0.453445
0 0 -0.142394
0 0 -0.14236
0 0 -0.107201
0 0 -0.105662
0 0 -0.114588
0 0 -0.129148
0 0 -0.134664
0 0 -0.0337769
0 0 -0.0243057
0 0 -0.0782855
0 0 -0.0753214
0 0 -0.0711423
0 0 -0.134652
0 0 0.00481962
0 0 0.00485268
0 0 0.0110959
0 0 -0.147274
0 0 -0.147704
0 0 -0.147276
0 0 -0.145089
0 0 -0.152405
0 0 -0.154044
0 0 -0.153303
0 0 -0.267874
0 0 -0.266457
0 0 -0.276381
0 0 0.123628
0 0 0.132121
0 0 -0.0759149
0 0 -0.0787439
0 0 -0.077701
0 0 -0.0779217
0 0 -0.186624
0 0 -0.184854
0 0 0.163929
0 0 0.152839
0 0 -0.0434983
0 0 -0.0456315
0 0 -0.0522198
0 0 -0.132887
0 0 -0.13399
0 0 -0.149854
0 0 -0.149309
0 0 -0.149714
0 0 -0.0967707
0 0 -0.0933932
0 0 -0.0920613
0 0 -0.030522
0 0 -0.135524
0 0 -0.141178
0 0 -0.135405
0 0 -0.212066
0 0 -0.215358
0 0 -0.238888
0 0 -0.236157
0 0 -0.139994
0 0 -0.137423
0 0 -0.138699
0 0 -0.255502
0 0 -0.124412
0 0 -0.127998
0 0 -0.124706
0 0 -0.156848
0 0 -0.157565
0 0 -0.133882
0 0 -0.132104
0 0 -0.133982
0 0 -0.250731
0 0 -0.208978
0 0 0.10154
0 0 0.101223
0 0 -0.154537
0 0 -0.155702
0 0 -0.127366
0 0 -0.127215
0 0 -0.18804
0 0 -0.187203
0 0 -0.152445
0 0 -0.152386
0 0 0.0749591
0 0 0.0780116
0 0 0.38757
0 0 0.381452
0 0 0.357998
0 0 -0.155588
0 0 -0.15559
0 0 -0.154932
0 0 -0.0180861
0 0 -0.0343853
0 0 -0.0157761
0 0 -0.1164
0 0 -0.111964
0 0 -0.114801
0 0 -0.230449
0 0 -0.269026
0 0 -0.251521
0 0 -0.103082
0 0 -0.103605
0 0 -0.102685
0 0 -0.204625
0 0 -0.20889
0 0 -0.140881
0 0 -0.141032
0 0 -0.0400703
0 0 -0.262349
0 0 -0.131529
0 0 -0.132287
0 0 -0.0296272
0 0 -0.0378129
0 0 -0.150365
0 0 -0.149925
0 0 -0.0846994
0 0 -0.0885223
0 0 -0.085044
0 0 -0.157057
0 0 -0.156526
0 0 -0.102137
0 0 -0.102399
0 0 -0.102431
0 0 0.0600474
0 0 0.0675642
0 0 -0.160921
0 0 -0.161787
0 0 -0.00458151
0 0 0.00178707
0 0 -0.141811
0 0 -0.141944
0 0 -0.142023
0 0 -0.112755
0 0 -0.11164
0 0 -0.115406
0 0 -0.120862
0 0 -0.119935
0 0 -0.118457
0 0 0.18226
0 0 0.190659
0 0 0.178688
0 0 -0.160299
0 0 -0.16001
0 0 -0.147126
0 0 -0.146855
0 0 -0.147305
0 0 -0.175832
0 0 -0.174574
0 0 -0.107131
0 0 -0.101453
0 0 -0.145602
0 0 -0.145181
0 0 -0.145081
0 0 -0.15593
0 0 -0.156342
0 0 -0.101478
0 0 -0.104172
0 0 -0.109237
0 0 -0.0817624
0 0 -0.085253
0 0 -0.138602
0 0 -0.131331
0 0 -0.0396209
0 0 -0.0937321
0 0 -0.112431
0 0 -0.105365
0 0 -0.129996
0 0 -0.129705
0 0 -0.113859
0 0 -0.109674
0 0 -0.148019
0 0 -0.137216
0 0 -0.153784
0 0 -0.153985
0 0 -0.150907
0 0 -0.150886
0 0 -0.12178
0 0 -0.12117
0 0 -0.148066
0 0 -0.148077
0 0 0.0158135
0 0 0.0238711
0 0 0.0189299
0 0 -0.135414
0 0 -0.148845
0 0 0.0777281
0 0 0.0903543
0 0 0.080485
0 0 -0.0393637
0 0 -0.0450243
0 0 -0.0370865
0 0 -0.167669
0 0 -0.166729
0 0 -0.143207
0 0 -0.143116
0 0 -0.143314
0 0 -0.167056
0 0 -0.15917
0 0 -0.168345
0 0 -0.141156
0 0 -0.141349
0 0 -0.141346
0 0 -0.155769
0 0 -0.207985
0 0 -0.206007
0 0 0.0686818
0 0 0.0584962
0 0 -0.0974336
0 0 -0.10347
0 0 -0.257921
0 0 -0.249051
0 0 -0.246635
0 0 -0.108869
0 0 -0.109538
0 0 -0.107328
0 0 -0.0517031
0 0 -0.0561147
0 0 -0.10122
0 0 -0.102278
0 0 -0.105395
0 0 -0.142108
0 0 -0.142408
0 0 -0.144121
0 0 -0.146088
0 0 -0.14625
0 0 -0.141575
0 0 -0.14173
0 0 -0.1416
0 0 0.20333
0 0 0.182465
0 0 0.0968704
0 0 -0.0114944
0 0 -0.00292331
0 0 -0.00334915
0 0 0.0798702
0 0 0.0694318
0 0 -0.159367
0 0 -0.15953
0 0 -0.160095
0 0 -0.141819
0 0 -0.141615
0 0 -0.141641
0 0 -0.141938
0 0 -0.182603
0 0 -0.185714
0 0 -0.00363631
0 0 -0.00429263
0 0 -0.00956484
0 0 -0.226481
0 0 -0.230645
0 0 -0.190263
0 0 -0.192419
0 0 -0.14603
0 0 -0.14458
0 0 -0.0716823
0 0 -0.0773514
0 0 -0.0714366
0 0 -0.18519
0 0 -0.188491
0 0 -0.126424
0 0 -0.116216
0 0 -0.112134
0 0 -0.137926
0 0 -0.139464
0 0 -0.137471
0 0 -0.120717
0 0 -0.121495
0 0 -0.126385
0 0 0.0230685
0 0 0.0260481
0 0 0.0181543
0 0 -0.0887794
0 0 -0.0870948
0 0 -0.0967371
0 0 -0.141047
0 0 -0.139109
0 0 -0.148993
0 0 -0.163554
0 0 -0.16184
0 0 -0.162674
0 0 -0.169651
0 0 -0.170975
0 0 -0.12759
0 0 -0.125789
0 0 -0.151244
0 0 0.346232
0 0 0.324372
0 0 0.314512
0 0 -0.136324
0 0 -0.136942
0 0 -0.137562
0 0 -0.16034
0 0 -0.108258
0 0 -0.109336
0 0 0.075832
0 0 0.0694115
0 0 0.0768144
0 0 -0.196663
0 0 -0.198705
0 0 -0.0477125
0 0 0.261395
0 0 0.281049
0 0 0.0651232
0 0 0.0567674
0 0 -0.0762758
0 0 -0.105127
0 0 -0.106624
0 0 -0.191375
0 0 -0.18723
0 0 -0.18834
0 0 -0.140725
0 0 -0.1409
0 0 -0.0762928
0 0 -0.0837856
0 0 -0.171584
0 0 -0.0401552
0 0 -0.0456948
0 0 -0.0963643
0 0 -0.0908208
0 0 -0.144842
0 0 -0.146656
0 0 -0.447682
0 0 -0.463733
0 0 -0.443281
0 0 -0.176518
0 0 -0.172309
0 0 -0.40124
0 0 -0.390107
0 0 -0.392735
0 0 -0.151908
0 0 -0.155055
0 0 -0.155641
0 0 -0.155567
0 0 -0.15693
0 0 -0.122693
0 0 -0.114989
0 0 -0.125653
0 0 -0.180272
0 0 -0.180916
0 0 -0.0746215
0 0 -0.0690492
0 0 -0.145128
0 0 -0.145246
0 0 -0.159228
0 0 -0.167141
0 0 -0.107689
0 0 -0.107565
0 0 -0.104787
0 0 -0.288549
0 0 -0.280092
0 0 0.00383762
0 0 -0.149993
0 0 -0.151952
0 0 -0.163763
0 0 -0.0961747
0 0 -0.0986938
0 0 -0.102776
0 0 -0.325664
0 0 -0.346622
0 0 -0.214804
0 0 -0.208895
0 0 -0.193922
0 0 -0.131543
0 0 -0.134893
0 0 -0.0628652
0 0 -0.0598592
0 0 -0.326623
0 0 -0.33123
0 0 -0.142925
0 0 -0.139043
0 0 -0.138631
0 0 -0.161588
0 0 -0.166372
0 0 -0.172442
0 0 -0.0655303
0 0 -0.0707922
0 0 -0.0787766
0 0 -0.0866439
0 0 -0.092037
0 0 -0.0909206
0 0 -0.0905232
0 0 0.160518
0 0 -0.172157
0 0 -0.170335
0 0 -0.175214
0 0 -0.279846
0 0 -0.24769
0 0 -0.215474
0 0 -0.00533888
0 0 -0.0133159
0 0 -0.239988
0 0 -0.251023
0 0 -0.106304
0 0 -0.106495
0 0 -0.152983
0 0 -0.0825422
0 0 -0.0835131
0 0 -0.0859641
0 0 -0.137172
0 0 -0.112566
0 0 -0.0924861
0 0 -0.0969676
0 0 -0.163488
0 0 -0.157171
0 0 -0.0945461
0 0 -0.0956902
0 0 -0.148867
0 0 -0.148976
0 0 -0.180907
0 0 -0.0671667
0 0 -0.0710033
0 0 -0.0685543
0 0 -0.177887
0 0 -0.176701
0 0 -0.120312
0 0 -0.120692
0 0 -0.201244
0 0 -0.203202
0 0 -0.145596
0 0 -0.14276
0 0 -0.143723
0 0 0.041285
0 0 0.049116
0 0 0.0413331
0 0 0.0949046
0 0 0.099117
0 0 0.105909
0 0 -0.130422
0 0 0.128645
0 0 0.141414
0 0 0.126612
0 0 -0.171567
0 0 -0.164937
0 0 -0.161428
0 0 -0.136127
0 0 -0.0013512
0 0 -0.0218304
0 0 -0.170821
0 0 -0.170827
0 0 -0.172962
0 0 0.161045
0 0 0.177744
0 0 0.168958
0 0 -0.0773492
0 0 -0.03751
0 0 -0.0521552
0 0 0.22554
0 0 0.209884
0 0 0.209304
0 0 -0.105456
0 0 -0.125173
0 0 -0.123948
0 0 -0.021084
0 0 -0.0122405
0 0 -0.163915
0 0 -0.160242
0 0 -0.157235
0 0 -0.144835
0 0 -0.0637713
0 0 -0.145169
0 0 -0.142204
0 0 -0.14961
0 0 -0.147224
0 0 0.037331
0 0 0.0315942
0 0 -0.066858
0 0 -0.0649597
0 0 0.295524
0 0 0.36595
0 0 -0.188611
0 0 -0.188898
0 0 -0.143714
0 0 -0.142826
0 0 -0.0456039
0 0 -0.199835
0 0 -0.202444
0 0 0.139944
0 0 0.153184
0 0 0.171872
0 0 -0.0565733
0 0 -0.0555073
0 0 -0.51751
0 0 -0.52625
0 0 0.0374087
0 0 0.0385049
0 0 0.0307991
0 0 -0.0449153
0 0 -0.0503402
0 0 -0.0482563
0 0 0.184352
0 0 0.175041
0 0 0.171965
0 0 -0.27047
0 0 -0.277622
0 0 -0.286268
0 0 -0.129483
0 0 -0.126815
0 0 -0.130782
0 0 -0.203535
0 0 -0.223222
0 0 -0.152685
0 0 -0.153853
0 0 -0.149548
0 0 -0.137353
0 0 -0.132687
0 0 -0.152085
0 0 -0.153001
0 0 0.0844981
0 0 -0.150992
0 0 -0.151593
0 0 -0.271031
0 0 -0.256617
0 0 -0.26526
0 0 0.133625
0 0 0.134545
0 0 0.152192
0 0 -0.108683
0 0 -0.109447
0 0 -0.111415
0 0 0.203415
0 0 0.191316
0 0 0.181178
0 0 -0.431547
0 0 -0.414846
0 0 -0.406244
0 0 -0.16609
0 0 -0.167761
0 0 -0.331365
0 0 -0.333809
0 0 -0.353298
0 0 -0.171102
0 0 -0.165148
0 0 -0.169216
0 0 -0.169894
0 0 -0.107103
0 0 -0.105606
0 0 -0.106213
0 0 -0.148158
0 0 0.110352
0 0 0.0949852
0 0 0.109801
0 0 -0.132638
0 0 -0.126866
0 0 -0.207584
0 0 -0.208119
0 0 -0.214056
0 0 0.116976
0 0 0.116783
0 0 0.10925
0 0 -0.157449
0 0 -0.160823
0 0 -0.165646
0 0 -0.175485
0 0 -0.177051
0 0 -0.124502
0 0 -0.121468
0 0 -0.177668
0 0 -0.17762
0 0 0.329567
0 0 0.383821
0 0 0.366194
0 0 -0.143315
0 0 -0.143092
0 0 -0.144809
0 0 -0.106977
0 0 -0.107616
0 0 -0.0195974
0 0 -0.0249326
0 0 -0.142
0 0 -0.203766
0 0 -0.203342
0 0 -0.102772
0 0 -0.10425
0 0 0.110129
0 0 0.102867
0 0 -0.160314
0 0 -0.170052
0 0 -0.114172
0 0 -0.11529
0 0 -0.143879
0 0 -0.142258
0 0 -0.141544
0 0 -0.144549
0 0 -0.142524
0 0 -0.142744
0 0 -0.139517
0 0 -0.13971
0 0 -0.138544
0 0 -0.150809
0 0 -0.157036
0 0 -0.113852
0 0 -0.112649
0 0 -0.123886
0 0 -0.121111
0 0 0.187576
0 0 0.186482
0 0 -0.103503
0 0 -0.103209
0 0 -0.102456
0 0 -0.206741
0 0 -0.236289
0 0 -0.221462
0 0 -0.179757
0 0 -0.134693
0 0 -0.135008
0 0 -0.133361
0 0 -0.267062
0 0 -0.284027
0 0 -0.142417
0 0 -0.142062
0 0 -0.156413
0 0 -0.156013
0 0 -0.157647
0 0 -0.155631
0 0 -0.0363658
0 0 -0.0181831
0 0 -0.162839
0 0 -0.153487
0 0 -0.153898
0 0 0.304023
0 0 0.320581
0 0 -0.284299
0 0 -0.108492
0 0 -0.279898
0 0 -0.113998
0 0 -0.112805
0 0 -0.113711
0 0 -0.0769309
0 0 -0.0875556
0 0 0.152939
0 0 0.141283
0 0 0.140672
0 0 -0.141881
0 0 -0.142337
0 0 -0.0071724
0 0 0.0205416
0 0 0.0509899
0 0 -0.147478
0 0 -0.147858
0 0 -0.130849
0 0 -0.132597
0 0 0.107328
0 0 -0.00314705
0 0 0.00384527
0 0 0.00381828
0 0 -0.203726
0 0 -0.193125
0 0 -0.172434
0 0 -0.161677
0 0 -0.141346
0 0 -0.141555
0 0 0.0430441
0 0 0.0506327
0 0 0.0448968
0 0 -0.179472
0 0 -0.182804
0 0 -0.152402
0 0 -0.148792
0 0 -0.118903
0 0 -0.119145
0 0 -0.067385
0 0 -0.0775541
0 0 -0.0777587
0 0 -0.074947
0 0 0.0578009
0 0 0.0592215
0 0 -0.107725
0 0 -0.109652
0 0 -0.109492
0 0 -0.159237
0 0 -0.159746
0 0 -0.0369083
0 0 -0.0321701
0 0 -0.149708
0 0 -0.152107
0 0 -0.158101
0 0 -0.0549358
0 0 0.0446282
0 0 -0.165626
0 0 -0.170456
0 0 -0.142665
0 0 -0.143056
0 0 -0.210426
0 0 -0.208574
0 0 -0.217823
0 0 -0.152926
0 0 -0.156261
0 0 -0.0897923
0 0 -0.0900779
0 0 -0.0922256
0 0 -0.069867
0 0 -0.0692894
0 0 -0.0750086
0 0 0.192811
0 0 0.213193
0 0 0.195023
0 0 -0.139161
0 0 -0.140865
0 0 -0.142102
0 0 -0.408594
0 0 -0.40658
0 0 0.198084
0 0 0.181399
0 0 -0.115168
0 0 -0.114167
0 0 -0.144137
0 0 -0.145979
0 0 -0.143434
0 0 -0.0827469
0 0 -0.0879099
0 0 -0.0805152
0 0 -0.288588
0 0 -0.249686
0 0 -0.227531
0 0 -0.232078
0 0 -0.232272
0 0 -0.109325
0 0 -0.109762
0 0 -0.154261
0 0 -0.124222
0 0 -0.125861
0 0 -0.126922
0 0 -0.00816909
0 0 -0.143668
0 0 -0.144125
0 0 -0.14398
0 0 -0.15596
0 0 -0.153512
0 0 0.0636414
0 0 0.0634239
0 0 0.0354613
0 0 0.0407755
0 0 -0.163798
0 0 -0.162363
0 0 -0.0659597
0 0 -0.0731717
0 0 0.167354
0 0 0.172962
0 0 0.186078
0 0 -0.37805
0 0 -0.39532
0 0 -0.35006
0 0 -0.324781
0 0 -0.0684782
0 0 -0.147156
0 0 -0.147675
0 0 -0.147218
0 0 0.124256
0 0 0.17457
0 0 0.192409
0 0 -0.151172
0 0 -0.152034
0 0 -0.151581
0 0 -0.139302
0 0 -0.138692
0 0 -0.139847
0 0 0.0911606
0 0 0.0983745
0 0 0.103805
0 0 -0.050168
0 0 0.174376
0 0 -0.153606
0 0 -0.142455
0 0 0.0119897
0 0 0.0133671
0 0 0.0175985
0 0 -0.215008
0 0 -0.217113
0 0 -0.221015
0 0 -0.0701443
0 0 -0.0627688
0 0 -0.0679197
0 0 -0.0634806
0 0 -0.0708106
0 0 -0.0780535
0 0 -0.0784023
0 0 -0.111533
0 0 -0.111885
0 0 0.096675
0 0 0.101847
0 0 -0.14108
0 0 -0.140614
0 0 -0.146855
0 0 -0.146527
0 0 -0.146475
0 0 -0.398134
0 0 -0.414467
0 0 -0.280452
0 0 -0.260684
0 0 -0.304988
0 0 -0.3108
0 0 0.133456
0 0 0.143056
0 0 -0.064971
0 0 -0.0594936
0 0 -0.120947
0 0 0.202718
0 0 0.195737
0 0 -0.189425
0 0 -0.19032
0 0 -0.193962
0 0 -0.0877578
0 0 -0.0877314
0 0 -0.0844061
0 0 -0.161373
0 0 -0.163139
0 0 -0.161042
0 0 0.315475
0 0 0.283882
0 0 0.308577
0 0 -0.163267
0 0 -0.0932553
0 0 -0.0935684
0 0 0.0387809
0 0 0.0311612
0 0 -0.0979083
0 0 -0.0942061
0 0 -0.094323
0 0 -0.182165
0 0 -0.183975
0 0 -0.0577671
0 0 -0.063663
0 0 -0.148715
0 0 -0.149711
0 0 -0.148678
0 0 -0.160296
0 0 -0.114346
0 0 -0.146622
0 0 -0.147143
0 0 0.0857609
0 0 0.0727004
0 0 0.188758
0 0 0.199547
0 0 0.203125
0 0 -0.151072
0 0 -0.142793
0 0 -0.109296
0 0 -0.105703
0 0 -0.106837
0 0 0.106113
0 0 0.0950957
0 0 0.0153718
0 0 0.0163081
0 0 -0.0872507
0 0 -0.0914928
0 0 -0.147913
0 0 -0.160217
0 0 -0.231378
0 0 -0.0959672
0 0 -0.0914157
0 0 -0.0772301
0 0 -0.0795253
0 0 -0.0792748
0 0 -0.148452
0 0 -0.13621
0 0 0.0863171
0 0 0.0859211
0 0 0.0722541
0 0 -0.160739
0 0 -0.159488
0 0 -0.149206
0 0 -0.149643
0 0 0.203998
0 0 0.210084
0 0 -0.156851
0 0 -0.155114
0 0 0.0857247
0 0 0.0615888
0 0 0.0630406
0 0 0.0558566
0 0 -0.105599
0 0 -0.173253
0 0 -0.166715
0 0 0.168346
0 0 0.172936
0 0 0.18788
0 0 -0.160623
0 0 -0.152189
0 0 -0.0727615
0 0 -0.0985564
0 0 0.285161
0 0 0.314992
0 0 0.318447
0 0 0.0359075
0 0 0.0472773
0 0 0.0415535
0 0 -0.076777
0 0 -0.0802853
0 0 -0.0876435
0 0 -0.159345
0 0 -0.161396
0 0 -0.0866335
0 0 -0.0808984
0 0 -0.0829186
0 0 -0.167889
0 0 -0.0697932
0 0 -0.0698299
0 0 -0.114343
0 0 -0.117894
0 0 0.295028
0 0 0.276733
0 0 -0.08365
0 0 -0.0991712
0 0 -0.0943401
0 0 -0.123708
0 0 -0.127354
0 0 -0.123037
0 0 -0.0921181
0 0 -0.096543
0 0 -0.0930142
0 0 -0.142964
0 0 0.0739801
0 0 0.0756378
0 0 -0.219931
0 0 -0.199385
0 0 -0.145284
0 0 -0.14501
0 0 -0.0756381
0 0 -0.0800774
0 0 -0.0794724
0 0 -0.147257
0 0 0.351661
0 0 -0.0559235
0 0 -0.0594769
0 0 0.0339028
0 0 0.029001
0 0 -0.142768
0 0 -0.14155
0 0 -0.0471597
0 0 -0.0478887
0 0 -0.0733052
0 0 -0.068852
0 0 -0.177979
0 0 -0.196021
0 0 -0.199032
0 0 -0.19174
0 0 -0.219585
0 0 -0.222077
0 0 -0.0596159
0 0 -0.0600808
0 0 -0.126986
0 0 -0.125238
0 0 -0.103335
0 0 -0.0963803
0 0 -0.126213
0 0 -0.121202
0 0 0.105779
0 0 0.0972063
0 0 -0.175276
0 0 -0.175816
0 0 -0.178441
0 0 -0.0668499
0 0 -0.0685446
0 0 -0.287953
0 0 0.0318033
0 0 0.038621
0 0 0.039736
0 0 -0.143444
0 0 -0.143564
0 0 -0.0534607
0 0 -0.0779261
0 0 -0.109903
0 0 -0.312327
0 0 -0.0920845
0 0 0.133057
0 0 0.0801887
0 0 0.231866
0 0 0.250448
0 0 0.257979
0 0 -0.475539
0 0 -0.459446
0 0 -0.4206
0 0 -0.0625452
0 0 -0.0577562
0 0 -0.0593212
0 0 -0.148501
0 0 0.231846
0 0 0.220402
0 0 -0.130063
0 0 -0.0534261
0 0 0.0167052
0 0 -0.0740531
0 0 -0.0993211
0 0 -0.100337
0 0 -0.0990852
0 0 -0.101498
0 0 -0.0982653
0 0 -0.101048
0 0 -0.164849
0 0 -0.16662
0 0 -0.183016
0 0 -0.109636
0 0 -0.106222
0 0 -0.156389
0 0 -0.161043
0 0 -0.156243
0 0 -0.140776
0 0 -0.140525
0 0 -0.208557
0 0 -0.201796
0 0 -0.137827
0 0 -0.146113
0 0 -0.11235
0 0 -0.115621
0 0 -0.144225
0 0 0.092286
0 0 0.107098
0 0 -0.1013
0 0 -0.103284
0 0 0.0669214
0 0 0.071364
0 0 -0.113589
0 0 -0.115054
0 0 0.00198541
0 0 -0.000723785
0 0 -0.0582487
0 0 -0.060835
0 0 -0.0548463
0 0 -0.0236319
0 0 -0.0211272
0 0 -0.156301
0 0 -0.152113
0 0 0.265986
0 0 0.280721
0 0 0.279339
0 0 0.00598614
0 0 0.0121867
0 0 -0.118605
0 0 0.254339
0 0 -0.1127
0 0 -0.116102
0 0 -0.113462
0 0 0.0119228
0 0 0.0192963
0 0 0.00838119
0 0 -0.481421
0 0 -0.516891
0 0 -0.140871
0 0 -0.140998
0 0 -0.14137
0 0 0.172504
0 0 0.159296
0 0 -0.152126
0 0 -0.15319
0 0 -0.129222
0 0 -0.0476358
0 0 -0.0518639
0 0 0.0293307
0 0 0.0275949
0 0 -0.0995621
0 0 -0.0973292
0 0 -0.175439
0 0 -0.157587
0 0 -0.17488
0 0 -0.0937787
0 0 -0.081503
0 0 0.499172
0 0 0.478734
0 0 -0.194979
0 0 -0.195409
0 0 -0.188855
0 0 -0.0718051
0 0 -0.0833736
0 0 -0.0334753
0 0 0.0521695
0 0 0.0514874
0 0 0.0436797
0 0 -0.158495
0 0 -0.148399
0 0 -0.141392
0 0 -0.141045
0 0 -0.0469019
0 0 -0.0447382
0 0 -0.0513087
0 0 0.132028
0 0 0.116253
0 0 -0.0916746
0 0 -0.131256
0 0 -0.131555
0 0 -0.158425
0 0 -0.158038
0 0 -0.158226
0 0 -0.105866
0 0 -0.104671
0 0 -0.151199
0 0 -0.151689
0 0 -0.0881844
0 0 -0.0850653
0 0 -0.0854959
0 0 0.01923
0 0 0.017996
0 0 -0.11815
0 0 -0.11787
0 0 -0.186258
0 0 -0.192131
0 0 -0.194777
0 0 -0.105935
0 0 -0.0941202
0 0 0.0594331
0 0 0.0975954
0 0 0.095622
0 0 0.107323
0 0 -0.200897
0 0 -0.203572
0 0 -0.153432
0 0 -0.155546
0 0 -0.00442904
0 0 -0.00705724
0 0 -0.0123884
0 0 -0.140999
0 0 -0.140219
0 0 -0.158517
0 0 -0.142387
0 0 -0.142096
0 0 -0.236408
0 0 -0.239587
0 0 -0.0545672
0 0 -0.0504612
0 0 -0.349244
0 0 -0.362691
0 0 0.162412
0 0 -0.183833
0 0 -0.18486
0 0 -0.179188
0 0 -0.276108
0 0 -0.265053
0 0 -0.266356
0 0 0.124187
0 0 0.112465
0 0 0.0800742
0 0 0.0790881
0 0 -0.145089
0 0 -0.1461
0 0 -0.147672
0 0 -0.0813412
0 0 -0.0822654
0 0 -0.104392
0 0 -0.115665
0 0 -0.0418839
0 0 -0.0487935
0 0 -0.150941
0 0 -0.150411
0 0 -0.150178
0 0 -0.05673
0 0 -0.0587729
0 0 -0.0553427
0 0 -0.14434
0 0 -0.14463
0 0 -0.144541
0 0 0.0355601
0 0 0.028864
0 0 0.0387317
0 0 -0.103333
0 0 -0.100466
0 0 -0.105222
0 0 -0.102882
0 0 -0.0704176
0 0 -0.0719672
0 0 0.156913
0 0 0.156854
0 0 0.144137
0 0 -0.0618552
0 0 -0.0593507
0 0 0.0996336
0 0 0.108727
0 0 -0.058398
0 0 0.0507118
0 0 0.0508416
0 0 -0.132975
0 0 -0.126041
0 0 -0.133544
0 0 0.0597075
0 0 -0.0947862
0 0 -0.0914714
0 0 -0.0556692
0 0 -0.0544038
0 0 -0.0233005
0 0 -0.02663
0 0 -0.0286678
0 0 -0.0670004
0 0 -0.0642496
0 0 -0.11166
0 0 -0.147001
0 0 -0.146567
0 0 0.0678689
0 0 0.0769833
0 0 -0.150215
0 0 -0.152835
0 0 -0.346839
0 0 -0.332431
0 0 0.0662994
0 0 0.0592659
0 0 0.0681667
0 0 -0.106459
0 0 -0.107461
0 0 -0.136086
0 0 -0.138003
0 0 -0.143366
0 0 -0.14319
0 0 0.0712768
0 0 0.0652117
0 0 -0.10489
0 0 -0.100456
0 0 -0.188556
0 0 -0.18785
0 0 -0.11268
0 0 -0.0969332
0 0 0.316149
0 0 0.344013
0 0 -0.146107
0 0 -0.146418
0 0 0.024486
0 0 0.0154096
0 0 -0.148144
0 0 -0.148108
0 0 -0.171666
0 0 -0.147606
0 0 -0.155678
0 0 -0.154963
0 0 -0.140282
0 0 -0.136362
0 0 -0.0013253
0 0 -0.00297612
0 0 -0.142959
0 0 -0.144288
0 0 -0.264902
0 0 -0.127712
0 0 -0.142117
0 0 -0.0189889
0 0 -0.0175285
0 0 -0.111468
0 0 -0.171601
0 0 0.471725
0 0 0.434007
0 0 -0.163376
0 0 0.0225199
0 0 0.0243133
0 0 -0.208633
0 0 -0.217589
0 0 -0.103112
0 0 -0.119096
0 0 -0.119996
0 0 -0.0515435
0 0 -0.0445487
0 0 -0.113741
0 0 0.106039
0 0 -0.099062
0 0 -0.0996317
0 0 -0.0370592
0 0 -0.0302243
0 0 -0.0317324
0 0 0.0704006
0 0 0.0548
0 0 0.0638711
0 0 -0.144727
0 0 -0.141966
0 0 -0.204099
0 0 -0.212744
0 0 -0.207473
0 0 -0.241184
0 0 -0.0379793
0 0 -0.025236
0 0 -0.0360644
0 0 0.0944604
0 0 0.0854414
0 0 -0.0532964
0 0 -0.0557732
0 0 -0.0599706
0 0 -0.107479
0 0 -0.110365
0 0 0.103352
0 0 0.0940551
0 0 -0.0666868
0 0 -0.0642624
0 0 -0.181797
0 0 -0.181213
0 0 -0.159795
0 0 -0.156296
0 0 -0.0672977
0 0 -0.0728805
0 0 -0.426237
0 0 -0.45398
0 0 -0.474416
0 0 -0.484485
0 0 -0.172938
0 0 -0.165791
0 0 -0.169254
0 0 -0.1042
0 0 -0.0313174
0 0 -0.035907
0 0 -0.0275934
0 0 -0.22112
0 0 -0.234797
0 0 -0.162452
0 0 -0.12116
0 0 -0.118124
0 0 -0.106645
0 0 -0.0999882
0 0 -0.0912844
0 0 -0.135513
0 0 -0.136665
0 0 0.298643
0 0 0.329038
0 0 0.0727217
0 0 0.0350313
0 0 0.0450421
0 0 -0.107181
0 0 -0.110002
0 0 -0.220882
0 0 -0.271056
0 0 -0.174763
0 0 -0.139934
0 0 -0.113544
0 0 -0.119375
0 0 -0.142986
0 0 -0.144701
0 0 -0.071234
0 0 -0.0728233
0 0 -0.0362704
0 0 -0.304964
0 0 -0.297737
0 0 -0.128655
0 0 -0.133141
0 0 -0.0153714
0 0 -0.0141373
0 0 -0.117559
0 0 -0.112625
0 0 -0.116017
0 0 -0.10432
0 0 -0.0838908
0 0 -0.0804499
0 0 -0.151851
0 0 -0.149199
0 0 -0.148252
0 0 0.169695
0 0 0.144541
0 0 0.160975
0 0 -0.13436
0 0 -0.136115
0 0 0.171425
0 0 0.165571
0 0 -0.065994
0 0 -0.329816
0 0 -0.312217
0 0 -0.00635906
0 0 0.00111196
0 0 -0.517127
0 0 -0.440683
0 0 0.037064
0 0 0.0132563
0 0 0.00394772
0 0 0.011003
0 0 -0.101881
0 0 -0.109001
0 0 -0.114415
0 0 -0.106722
0 0 -0.153842
0 0 -0.29055
0 0 -0.296899
0 0 -0.285666
0 0 -0.0909523
0 0 -0.106218
0 0 -0.107305
0 0 -0.196927
0 0 -0.164387
0 0 0.207071
0 0 0.20792
0 0 -0.316264
0 0 -0.323805
0 0 -0.200986
0 0 0.0234836
0 0 0.100039
0 0 0.0580013
0 0 0.0501087
0 0 0.0633026
0 0 -0.421624
0 0 -0.447984
0 0 -0.401432
0 0 0.0197408
0 0 0.0127361
0 0 0.235264
0 0 0.256081
0 0 0.244068
0 0 -0.138959
0 0 -0.141558
0 0 -0.134583
0 0 -0.129495
0 0 -0.151964
0 0 0.388331
0 0 0.263981
0 0 0.209261
0 0 0.234132
0 0 -0.148163
0 0 -0.1527
0 0 0.276363
0 0 0.26888
0 0 0.25023
0 0 -0.28144
0 0 -0.134877
0 0 -0.115065
0 0 -0.127584
0 0 0.0246207
0 0 0.0225273
0 0 -0.441827
0 0 -0.453048
0 0 -0.154646
0 0 -0.15271
0 0 -0.208589
0 0 -0.105118
0 0 -0.0118855
0 0 -0.00113153
0 0 -0.0057851
0 0 -0.176518
0 0 -0.176973
0 0 -0.13927
0 0 -0.330001
0 0 -0.303684
0 0 -0.346451
0 0 0.090544
0 0 -0.0383327
0 0 -0.0418466
0 0 -0.0459393
0 0 -0.0691247
0 0 -0.0703093
0 0 -0.0736268
0 0 -0.0544586
0 0 -0.0588867
0 0 -0.0243772
0 0 -0.110713
0 0 -0.107621
0 0 -0.0807379
0 0 -0.0875228
0 0 -0.0865436
0 0 -0.188066
0 0 -0.154656
0 0 -0.111856
0 0 -0.10566
0 0 -0.174859
0 0 -0.175927
0 0 -0.0714432
0 0 0.176703
0 0 0.172023
0 0 0.00215161
0 0 -0.154204
0 0 -0.152668
0 0 0.214661
0 0 -0.235625
0 0 -0.0578884
0 0 -0.189699
0 0 -0.186092
0 0 0.00925687
0 0 0.00204748
0 0 -0.307458
0 0 -0.306411
0 0 -0.143307
0 0 -0.14383
0 0 -0.0785158
0 0 -0.0854873
0 0 -0.159935
0 0 -0.192735
0 0 -0.19416
0 0 -0.196661
0 0 -0.190376
0 0 0.0849946
0 0 0.101084
0 0 -0.14545
0 0 -0.145163
0 0 -0.14515
0 0 -0.0992382
0 0 -0.134463
0 0 0.0588426
0 0 0.00665672
0 0 0.483479
0 0 0.505539
0 0 -0.147205
0 0 -0.145977
0 0 0.166808
0 0 0.156786
0 0 0.171748
0 0 -0.085756
0 0 0.202437
0 0 0.191292
0 0 0.119801
0 0 0.110683
0 0 -0.538332
0 0 -0.154005
0 0 -0.155457
0 0 -0.106085
0 0 -0.103393
0 0 0.00258884
0 0 -0.007216
0 0 0.108213
0 0 0.119282
0 0 0.12874
0 0 -0.216927
0 0 -0.218946
0 0 -0.0681803
0 0 -0.0693962
0 0 0.039209
0 0 0.0336252
0 0 0.0319796
0 0 0.37207
0 0 -0.183269
0 0 -0.18068
0 0 0.153588
0 0 0.16341
0 0 -0.141698
0 0 0.112744
0 0 -0.00850939
0 0 0.00366224
0 0 -0.0519542
0 0 -0.0121695
0 0 -0.0182231
0 0 -0.145689
0 0 -0.146448
0 0 -0.0912731
0 0 -0.0898784
0 0 0.0169663
0 0 0.00932341
0 0 0.0079461
0 0 -0.0798891
0 0 -0.0819325
0 0 -0.0704443
0 0 -0.0675795
0 0 -0.222724
0 0 -0.223818
0 0 0.0244709
0 0 0.0315543
0 0 0.273231
0 0 -0.116245
0 0 -0.116285
0 0 -0.16042
0 0 -0.159287
0 0 -0.140655
0 0 -0.380284
0 0 -0.373844
0 0 -0.0702247
0 0 0.232316
0 0 0.19995
0 0 0.207093
0 0 0.00864666
0 0 0.0881958
0 0 0.0886787
0 0 -0.254925
0 0 0.220198
0 0 0.205994
0 0 0.165892
0 0 -0.119063
0 0 -0.118341
0 0 -0.117817
0 0 0.00463125
0 0 -0.144471
0 0 -0.144814
0 0 -0.138206
0 0 -0.133933
0 0 -0.0656182
0 0 -0.0703567
0 0 -0.144375
0 0 0.00661882
0 0 0.0145627
0 0 -0.243943
0 0 -0.235911
0 0 -0.0818729
0 0 -0.0951462
0 0 -0.093803
0 0 -0.0959952
0 0 -0.0962286
0 0 -0.111972
0 0 -0.103202
0 0 -0.106498
0 0 -0.0933399
0 0 -0.160158
0 0 -0.109122
0 0 0.0352393
0 0 0.0303418
0 0 0.0236259
0 0 -0.139999
0 0 -0.150465
0 0 0.0272435
0 0 0.0248655
0 0 0.0309206
0 0 0.0529687
0 0 0.112417
0 0 0.106693
0 0 0.196587
0 0 0.180385
0 0 0.0562632
0 0 0.0500135
0 0 0.0606629
0 0 -0.123639
0 0 -0.135755
0 0 -0.123458
0 0 -0.127759
0 0 -0.254325
0 0 -0.209863
0 0 -0.124985
0 0 0.202777
0 0 0.209863
0 0 0.188047
0 0 -0.237951
0 0 -0.228687
0 0 -0.153947
0 0 -0.125627
0 0 -0.12132
0 0 -0.109421
0 0 -0.0271419
0 0 -0.087581
0 0 0.166102
0 0 0.176994
0 0 -0.178602
0 0 -0.114254
0 0 -0.117946
0 0 -0.35774
0 0 -0.108445
0 0 -0.105537
0 0 -0.107203
0 0 0.142881
0 0 0.155244
0 0 0.147945
0 0 -0.157554
0 0 0.113228
0 0 0.113884
0 0 -0.139865
0 0 0.253671
0 0 0.269513
0 0 0.268422
0 0 -0.00104494
0 0 -0.152779
0 0 -0.0969174
0 0 -0.0486599
0 0 -0.0536074
0 0 -0.391971
0 0 -0.441963
0 0 -0.422807
0 0 -0.423716
0 0 0.168704
0 0 -0.195018
0 0 -0.171212
0 0 -0.169158
0 0 0.177927
0 0 -0.108886
0 0 -0.11031
0 0 -0.0837279
0 0 -0.0812662
0 0 -0.15462
0 0 0.190101
0 0 -0.147252
0 0 -0.127935
0 0 -0.181975
0 0 -0.0497895
0 0 -0.0448282
0 0 -0.0764926
0 0 -0.145714
0 0 -0.145744
0 0 0.219867
0 0 0.208574
0 0 0.203684
0 0 0.20376
0 0 0.0188947
0 0 -0.188138
0 0 -0.0132909
0 0 -0.00326682
0 0 -0.00313315
0 0 -0.487559
0 0 -0.245264
0 0 -0.244367
0 0 -0.16854
0 0 -0.16891
0 0 -0.0350969
0 0 -0.207215
0 0 -0.208608
0 0 -0.119533
0 0 -0.0309367
0 0 -0.0601026
0 0 -0.0572941
0 0 -0.125295
0 0 -0.115928
0 0 -0.0966212
0 0 -0.0977924
0 0 -0.0871458
0 0 -0.0903184
0 0 0.0857454
0 0 0.080263
0 0 -0.141068
0 0 -0.138156
0 0 0.14822
0 0 0.14118
0 0 -0.0749569
0 0 -0.0705351
0 0 -0.15116
0 0 -0.151597
0 0 -0.122954
0 0 -0.122753
0 0 -0.103016
0 0 -0.104924
0 0 -0.1752
0 0 -0.110098
0 0 -0.108314
0 0 -0.145969
0 0 -0.146304
0 0 -0.300058
0 0 0.111763
0 0 0.111747
0 0 0.121757
0 0 -0.368281
0 0 -0.329171
0 0 -0.000665771
0 0 -0.0223991
0 0 -0.0276916
0 0 -0.0194405
0 0 -0.156239
0 0 -0.156949
0 0 -0.149148
0 0 -0.149823
0 0 -0.149318
0 0 -0.363698
0 0 -0.373042
0 0 -0.367143
0 0 0.0906297
0 0 0.0832314
0 0 -0.162927
0 0 -0.0650455
0 0 -0.0644037
0 0 -0.0580212
0 0 -0.19458
0 0 0.512613
0 0 0.49924
0 0 -0.0357734
0 0 -0.0373402
0 0 -0.0335215
0 0 -0.0723079
0 0 -0.0132068
0 0 0.160697
0 0 -0.128459
0 0 -0.130339
0 0 -0.132548
0 0 -0.134536
0 0 -0.136316
0 0 -0.132691
0 0 -0.109104
0 0 -0.102552
0 0 -0.345805
0 0 -0.352391
0 0 -0.0794113
0 0 -0.0722102
0 0 0.15133
0 0 0.138535
0 0 0.140591
0 0 -0.158782
0 0 -0.193436
0 0 -0.194804
0 0 -0.119848
0 0 -0.120274
0 0 -0.134676
0 0 -0.0295529
0 0 -0.0267355
0 0 -0.0216842
0 0 0.0970786
0 0 0.0789882
0 0 -0.537724
0 0 -0.14109
0 0 0.087604
0 0 -0.141027
0 0 -0.140894
0 0 0.441915
0 0 0.469187
0 0 0.267183
0 0 0.405523
0 0 0.37802
0 0 0.391931
0 0 -0.160289
0 0 -0.159634
0 0 -0.159213
0 0 0.239767
0 0 0.236542
0 0 -0.240251
0 0 -0.126298
0 0 -0.135241
0 0 -0.217314
0 0 -0.212405
0 0 -0.135466
0 0 -0.135748
0 0 -0.0667877
0 0 -0.0635108
0 0 -0.156028
0 0 -0.156739
0 0 -0.188413
0 0 -0.19084
0 0 -0.0734028
0 0 -0.0724684
0 0 -0.071675
0 0 -0.175362
0 0 -0.172957
0 0 -0.0302288
0 0 -0.147753
0 0 -0.148672
0 0 0.00461958
0 0 -0.00210839
0 0 0.000635198
0 0 -0.0916446
0 0 -0.0892013
0 0 -0.0964167
0 0 -0.0357748
0 0 -0.0295654
0 0 -0.0290206
0 0 -0.0961639
0 0 -0.0968524
0 0 -0.113937
0 0 -0.119432
0 0 0.0346105
0 0 0.0264236
0 0 0.260184
0 0 -0.302089
0 0 -0.312388
0 0 -0.133461
0 0 0.150197
0 0 0.161289
0 0 -0.172284
0 0 -0.116945
0 0 -0.117966
0 0 -0.183909
0 0 -0.0600438
0 0 -0.060355
0 0 -0.0889641
0 0 -0.0899934
0 0 -0.167158
0 0 -0.168198
0 0 0.0675593
0 0 0.0768786
0 0 0.0766668
0 0 -0.201762
0 0 -0.209034
0 0 -0.148249
0 0 -0.148994
0 0 -0.112768
0 0 -0.112519
0 0 -0.197412
0 0 -0.198122
0 0 -0.381348
0 0 -0.388299
0 0 -0.360547
0 0 -0.280436
0 0 -0.129259
0 0 -0.130264
0 0 0.159739
0 0 -0.0832183
0 0 -0.0873135
0 0 -0.0858269
0 0 -0.119561
0 0 -0.115199
0 0 -0.104234
0 0 -0.105493
0 0 -0.150124
0 0 -0.148851
0 0 -0.140569
0 0 -0.140582
0 0 -0.067181
0 0 -0.0642464
0 0 -0.106145
0 0 -0.105019
0 0 0.0379172
0 0 0.0453369
0 0 -0.128254
0 0 -0.0599217
0 0 -0.055468
0 0 -0.104552
0 0 0.0843954
0 0 0.0774337
0 0 -0.380492
0 0 -0.374324
0 0 -0.122868
0 0 -0.123762
0 0 0.190357
0 0 -0.156552
0 0 0.310741
0 0 0.306734
0 0 -0.155957
0 0 0.0575473
0 0 0.0487913
0 0 0.131623
0 0 0.124752
0 0 0.129058
0 0 0.0184435
0 0 0.0208216
0 0 0.0678964
0 0 0.0772917
0 0 0.0753631
0 0 -0.390148
0 0 0.00397307
0 0 0.00462139
0 0 -0.181246
0 0 -0.181708
0 0 -0.185459
0 0 0.0738833
0 0 0.0814122
0 0 -0.0566427
0 0 -0.133757
0 0 -0.131753
0 0 -0.0668779
0 0 -0.0724319
0 0 -0.152944
0 0 -0.154265
0 0 -0.133771
0 0 -0.1366
0 0 -0.102937
0 0 -0.101869
0 0 -0.00487859
0 0 -0.009886
0 0 -0.118927
0 0 -0.075051
0 0 -0.0748617
0 0 0.0241176
0 0 0.149304
0 0 -0.17372
0 0 0.0888028
0 0 -0.157804
0 0 -0.095888
0 0 -0.102788
0 0 -0.093841
0 0 0.107729
0 0 0.112839
0 0 0.11793
0 0 -0.271326
0 0 -0.265464
0 0 -0.268789
0 0 -0.181186
0 0 -0.177177
0 0 0.00509995
0 0 0.0014088
0 0 -0.317358
0 0 -0.289446
0 0 -0.156663
0 0 -0.155886
0 0 -0.156568
0 0 -0.156456
0 0 -0.155296
0 0 -0.143483
0 0 -0.129299
0 0 -0.129756
0 0 -0.205677
0 0 -0.144965
0 0 -0.145061
0 0 -0.0568329
0 0 -0.0617584
0 0 -0.0813853
0 0 -0.224284
0 0 -0.221921
0 0 -0.175717
0 0 -0.161776
0 0 -0.163478
0 0 0.110997
0 0 -0.149199
0 0 -0.149682
0 0 -0.141425
0 0 -0.141209
0 0 -0.141292
0 0 -0.27545
0 0 -0.271896
0 0 -0.142281
0 0 0.251224
0 0 0.242874
0 0 0.254847
0 0 -0.146014
0 0 -0.145884
0 0 0.0163708
0 0 -0.00572186
0 0 0.0141352
0 0 0.0163061
0 0 -0.249085
0 0 -0.243161
0 0 -0.17849
0 0 -0.0562588
0 0 -0.062269
0 0 -0.0598714
0 0 -0.085405
0 0 -0.0870605
0 0 -0.0862026
0 0 -0.146913
0 0 0.294247
0 0 0.307292
0 0 -0.0582218
0 0 0.274897
0 0 0.262023
0 0 -0.0314864
0 0 -0.0300396
0 0 0.378427
0 0 0.406921
0 0 0.254215
0 0 0.254556
0 0 -0.00983574
0 0 -0.0144292
0 0 -0.17377
0 0 -0.0620904
0 0 -0.0515653
0 0 -0.0522751
0 0 -0.11732
0 0 -0.0671359
0 0 -0.071433
0 0 -0.147089
0 0 -0.0899268
0 0 -0.082701
0 0 0.230356
0 0 0.231369
0 0 0.0609848
0 0 -0.158301
0 0 -0.159086
0 0 -0.160438
0 0 -0.0929255
0 0 -0.0945419
0 0 0.147495
0 0 0.1376
0 0 0.05595
0 0 0.0608203
0 0 -0.00539013
0 0 -0.00615421
0 0 -0.194643
0 0 -0.190526
0 0 -0.190386
0 0 -0.111683
0 0 -0.113037
0 0 -0.108893
0 0 0.22102
0 0 0.228181
0 0 -0.141171
0 0 -0.316079
0 0 -0.127512
0 0 -0.128054
0 0 -0.133969
0 0 -0.0181036
0 0 -0.108372
0 0 -0.0205205
0 0 -0.11207
0 0 -0.110099
0 0 -0.112713
0 0 -0.117652
0 0 -0.0064305
0 0 -0.104366
0 0 -0.109914
0 0 -0.153584
0 0 -0.153121
0 0 0.0850097
0 0 -0.148392
0 0 0.209272
0 0 -0.177805
0 0 -0.178635
0 0 -0.173794
0 0 -0.120032
0 0 -0.112553
0 0 -0.0374339
0 0 0.169922
0 0 0.155232
0 0 0.154683
0 0 -0.137696
0 0 -0.104372
0 0 -0.0954572
0 0 0.129843
0 0 0.137647
0 0 -0.154801
0 0 -0.141962
0 0 0.102132
0 0 0.0958695
0 0 -0.136441
0 0 -0.138156
0 0 -0.156479
0 0 -0.157797
0 0 0.134757
0 0 0.144459
0 0 -0.181387
0 0 -0.180764
0 0 -0.304802
0 0 -0.310013
0 0 -0.310694
0 0 -0.150165
0 0 -0.142892
0 0 -0.142993
0 0 -0.370461
0 0 -0.361159
0 0 0.0158446
0 0 0.0117358
0 0 -0.141412
0 0 -0.141327
0 0 -0.0824882
0 0 -0.0784799
0 0 -0.150682
0 0 -0.250236
0 0 -0.11454
0 0 -0.113506
0 0 -0.00178455
0 0 0.195727
0 0 -0.0287706
0 0 -0.0190751
0 0 -0.148107
0 0 -0.148273
0 0 -0.0405354
0 0 -0.107374
0 0 -0.103185
0 0 -0.16949
0 0 -0.16889
0 0 -0.149594
0 0 -0.148885
0 0 0.0327898
0 0 0.0433794
0 0 0.0364567
0 0 -0.151007
0 0 -0.150496
0 0 0.159308
0 0 -0.151559
0 0 -0.190773
0 0 -0.198479
0 0 -0.244598
0 0 0.00884862
0 0 0.00428838
0 0 0.0126454
0 0 -0.235427
0 0 -0.226418
0 0 -0.224642
0 0 -0.0992918
0 0 -0.332198
0 0 -0.325394
0 0 -0.117961
0 0 0.045892
0 0 0.0512345
0 0 -0.180475
0 0 -0.181127
0 0 0.113091
0 0 0.105109
0 0 0.448497
0 0 0.42204
0 0 -0.0120942
0 0 -0.00687848
0 0 0.102546
0 0 -0.17269
0 0 -0.23554
0 0 -0.113323
0 0 -0.109143
0 0 -0.130682
0 0 -0.118492
0 0 -0.120822
0 0 -0.139665
0 0 -0.138206
0 0 -0.138412
0 0 0.0254982
0 0 0.0319998
0 0 -0.130749
0 0 -0.130841
0 0 -0.140677
0 0 0.280771
0 0 -0.137359
0 0 -0.13612
0 0 -0.548474
0 0 -0.545231
0 0 -0.116108
0 0 -0.112346
0 0 -0.101228
0 0 -0.159137
0 0 -0.124256
0 0 -0.135305
0 0 -0.0601378
0 0 -0.166504
0 0 -0.165103
0 0 0.358542
0 0 0.350983
0 0 0.372901
0 0 0.317282
0 0 -0.0538313
0 0 -0.0910069
0 0 -0.0837508
0 0 -0.182575
0 0 -0.179507
0 0 0.153851
0 0 -0.131595
0 0 -0.145517
0 0 -0.146257
0 0 -0.0162857
0 0 -0.148758
0 0 -0.148944
0 0 -0.0976993
0 0 0.133308
0 0 0.126172
0 0 0.1168
0 0 -0.058811
0 0 -0.0640566
0 0 -0.146209
0 0 -0.145677
0 0 -0.0307223
0 0 -0.141115
0 0 -0.141052
0 0 -0.143325
0 0 -0.132883
0 0 -0.149666
0 0 -0.14307
0 0 -0.0618952
0 0 -0.0572937
0 0 -0.120849
0 0 -0.0511664
0 0 -0.0441325
0 0 -0.0581433
0 0 -0.0643734
0 0 0.106113
0 0 -0.100668
0 0 -0.0208516
0 0 -0.0251222
0 0 -0.185992
0 0 -0.0486073
0 0 -0.154003
0 0 -0.154416
0 0 -0.0755106
0 0 -0.15793
0 0 -0.235266
0 0 -0.232922
0 0 -0.150177
0 0 -0.15085
0 0 -0.0301409
0 0 -0.0343818
0 0 -0.146941
0 0 -0.145481
0 0 -0.0388103
0 0 -0.0346803
0 0 -0.146023
0 0 -0.147753
0 0 -0.058279
0 0 -0.149197
0 0 -0.141229
0 0 -0.141124
0 0 -0.198079
0 0 -0.183504
0 0 -0.235528
0 0 -0.127863
0 0 -0.126171
0 0 -0.157163
0 0 -0.158388
0 0 -0.14202
0 0 -0.144516
0 0 -0.508003
0 0 -0.504507
0 0 -0.141977
0 0 -0.141978
0 0 -0.158345
0 0 0.0592519
0 0 -0.124757
0 0 -0.141444
0 0 -0.141414
0 0 -0.140501
0 0 -0.0901075
0 0 -0.0914631
0 0 -0.149554
0 0 -0.159426
0 0 -0.146323
0 0 -0.1465
0 0 -0.145184
0 0 -0.0234986
0 0 -0.0175665
0 0 -0.0798193
0 0 -0.0790337
0 0 0.203499
0 0 -0.145452
0 0 -0.145107
0 0 0.00848039
0 0 -0.116102
0 0 -0.117353
0 0 0.0191763
0 0 0.0207644
0 0 0.0166923
0 0 -0.037902
0 0 -0.0404418
0 0 0.0756583
0 0 -0.270894
0 0 -0.278821
0 0 -0.261503
0 0 -0.158563
0 0 -0.150123
0 0 -0.109706
0 0 0.235594
0 0 -0.146199
0 0 -0.146662
0 0 -0.141838
0 0 -0.142092
0 0 -0.0523122
0 0 -0.141392
0 0 -0.141292
0 0 -0.137381
0 0 -0.137329
0 0 0.459354
0 0 -0.141444
0 0 -0.0836278
0 0 -0.144085
0 0 -0.144117
0 0 -0.149006
0 0 -0.148655
0 0 -0.120643
0 0 -0.119586
0 0 -0.140534
0 0 -0.142211
0 0 0.376439
0 0 0.404625
0 0 -0.104095
0 0 -0.103145
0 0 -0.214448
0 0 -0.209586
0 0 0.143248
0 0 -0.228899
0 0 -0.119186
0 0 -0.12421
0 0 -0.111008
0 0 -0.10183
0 0 -0.094885
0 0 -0.141528
0 0 -0.108924
0 0 -0.104648
0 0 -0.0408706
0 0 0.0597978
0 0 0.139533
0 0 0.126232
0 0 -0.12163
0 0 -0.119001
0 0 -0.335733
0 0 -0.326044
0 0 -0.171249
0 0 -0.170667
0 0 -0.258623
0 0 -0.116209
0 0 -0.123521
0 0 -0.121966
0 0 -0.117631
0 0 -0.0930066
0 0 -0.0946827
0 0 0.168017
0 0 0.153844
0 0 0.0921533
0 0 0.0973776
0 0 -0.105273
0 0 -0.172309
0 0 -0.0646703
0 0 -0.0712755
0 0 -0.150676
0 0 0.161918
0 0 0.176114
0 0 -0.143713
0 0 -0.139483
0 0 -0.291317
0 0 -0.291855
0 0 -0.134805
0 0 -0.146861
0 0 -0.0728046
0 0 -0.0684756
0 0 -0.166703
0 0 -0.0894564
0 0 -0.14095
0 0 -0.140356
0 0 -0.101075
0 0 0.10166
0 0 0.101576
0 0 -0.0504662
0 0 -0.0471067
0 0 0.119235
0 0 0.120309
0 0 0.117764
0 0 0.128024
0 0 0.0268633
0 0 -0.0864784
0 0 -0.0850819
0 0 -0.0234336
0 0 -0.141167
0 0 -0.139688
0 0 -0.140437
0 0 -0.0427809
0 0 0.137128
0 0 0.147246
0 0 -0.0266805
0 0 -0.0191382
0 0 -0.159145
0 0 -0.159719
0 0 -0.15883
0 0 -0.144523
0 0 -0.144113
0 0 0.0112199
0 0 0.0181279
0 0 -0.145812
0 0 -0.10519
0 0 0.0932157
0 0 0.0978007
0 0 0.0911463
0 0 -0.319206
0 0 -0.311328
0 0 -0.0446228
0 0 -0.0423011
0 0 -0.125202
0 0 -0.132489
0 0 -0.119895
0 0 -0.158568
0 0 -0.160592
0 0 -0.153094
0 0 -0.152538
0 0 -0.145933
0 0 -0.0403883
0 0 -0.138326
0 0 -0.14816
0 0 -0.148057
0 0 -0.125568
0 0 -0.122531
0 0 0.0868392
0 0 -0.0884711
0 0 -0.0878838
0 0 -0.514822
0 0 -0.225812
0 0 -0.236384
0 0 0.013431
0 0 -0.107565
0 0 -0.139032
0 0 -0.167281
0 0 0.181422
0 0 -0.0424726
0 0 -0.162488
0 0 -0.0920377
0 0 -0.543405
0 0 -0.150618
0 0 0.167617
0 0 0.489919
0 0 -0.130429
0 0 0.336963
0 0 -0.413195
0 0 -0.10932
0 0 0.0392973
0 0 0.0469234
0 0 -0.13052
0 0 -0.139396
0 0 -0.138597
0 0 -0.208381
0 0 -0.0777019
0 0 -0.0294691
0 0 -0.0302409
0 0 -0.0252705
0 0 -0.0567999
0 0 0.300319
0 0 0.280291
0 0 -0.0256911
0 0 0.129034
0 0 0.126091
0 0 0.138841
0 0 -0.105582
0 0 -0.107318
0 0 0.148804
0 0 -0.14134
0 0 -0.142084
0 0 -0.140812
0 0 0.11775
0 0 0.129836
0 0 -0.143491
0 0 -0.143355
0 0 -0.143056
0 0 -0.0188432
0 0 -0.0253147
0 0 -0.0184997
0 0 -0.140555
0 0 -0.104487
0 0 -0.106596
0 0 -0.483862
0 0 -0.497337
0 0 -0.160385
0 0 -0.156202
0 0 -0.186945
0 0 -0.184215
0 0 -0.163237
0 0 -0.0722228
0 0 0.391671
0 0 0.367093
0 0 -0.177083
0 0 -0.122595
0 0 -0.124741
0 0 -0.0980255
0 0 -0.0735021
0 0 -0.127744
0 0 -0.147508
0 0 -0.0178848
0 0 -0.0163248
0 0 -0.100684
0 0 -0.100992
0 0 -0.182848
0 0 -0.145715
0 0 -0.138972
0 0 0.0517864
0 0 0.0610196
0 0 0.0580361
0 0 0.00170388
0 0 -0.010469
0 0 0.00791904
0 0 -0.142549
0 0 -0.0211677
0 0 -0.0324098
0 0 -0.223112
0 0 -0.219726
0 0 -0.134896
0 0 0.266285
0 0 0.256194
0 0 0.000535359
0 0 0.0707378
0 0 0.0536621
0 0 -0.166002
0 0 -0.166723
0 0 -0.169466
0 0 0.255752
0 0 0.2563
0 0 -0.0574872
0 0 -0.059454
0 0 -0.148563
0 0 -0.0428784
0 0 -0.0466946
0 0 -0.202613
0 0 -0.195708
0 0 -0.144925
0 0 0.0740834
0 0 0.0724956
0 0 0.0681039
0 0 -0.0672636
0 0 -0.0660922
0 0 -0.065399
0 0 0.0714877
0 0 0.0788673
0 0 -0.322738
0 0 -0.122055
0 0 -0.115768
0 0 -0.141186
0 0 -0.140984
0 0 -0.141006
0 0 -0.164142
0 0 -0.216378
0 0 -0.152004
0 0 -0.15222
0 0 -0.172648
0 0 -0.174555
0 0 -0.111654
0 0 -0.107729
0 0 -0.104918
0 0 -0.105255
0 0 0.129922
0 0 -0.108342
0 0 -0.16747
0 0 -0.163673
0 0 -0.247105
0 0 -0.257704
0 0 -0.150925
0 0 -0.151436
0 0 -0.135899
0 0 -0.153215
0 0 -0.14867
0 0 0.235358
0 0 -0.188089
0 0 -0.0916975
0 0 -0.14152
0 0 -0.178655
0 0 -0.141136
0 0 -0.140752
0 0 -0.0689277
0 0 -0.0692614
0 0 -0.155964
0 0 -0.157173
0 0 -0.142928
0 0 -0.143266
0 0 -0.142502
0 0 -0.142874
0 0 -0.0962563
0 0 -0.248555
0 0 -0.0526356
0 0 -0.263712
0 0 0.0645603
0 0 0.07466
0 0 -0.146632
0 0 0.342153
0 0 -0.0667172
0 0 -0.0694064
0 0 0.124663
0 0 0.114705
0 0 0.118649
0 0 -0.126549
0 0 -0.163683
0 0 -0.0241329
0 0 -0.463612
0 0 0.224329
0 0 -0.150651
0 0 -0.0211791
0 0 -0.0134911
0 0 -0.0174181
0 0 0.218513
0 0 0.228805
0 0 -0.134672
0 0 -0.134934
0 0 0.0448213
0 0 0.0462544
0 0 0.172421
0 0 -0.0497971
0 0 0.128501
0 0 0.12648
0 0 -0.174674
0 0 -0.17212
0 0 -0.139376
0 0 -0.139376
0 0 -0.0356463
0 0 -0.0429788
0 0 0.213057
0 0 0.24884
0 0 0.104177
0 0 -0.146764
0 0 -0.128933
0 0 0.00863526
0 0 -0.168464
0 0 -0.169861
0 0 -0.17124
0 0 -0.158471
0 0 -0.169355
0 0 -0.052453
0 0 -0.108864
0 0 -0.18071
0 0 0.0599094
0 0 0.0506472
0 0 0.134074
0 0 0.116319
0 0 -0.0818351
0 0 -0.0860742
0 0 -0.167974
0 0 0.0392977
0 0 0.185965
0 0 -0.0635463
0 0 -0.0643894
0 0 -0.17114
0 0 -0.159743
0 0 -0.159275
0 0 -0.299425
0 0 -0.0517062
0 0 -0.0538139
0 0 -0.142727
0 0 -0.144128
0 0 -0.0760821
0 0 -0.0777177
0 0 -0.123021
0 0 -0.12502
0 0 -0.14616
0 0 -0.256636
0 0 -0.24791
0 0 0.0669168
0 0 -0.0863266
0 0 0.0355603
0 0 -0.143963
0 0 0.190709
0 0 -0.138226
0 0 -0.108505
0 0 -0.114183
0 0 -0.109568
0 0 -0.11684
0 0 -0.140901
0 0 -0.154246
0 0 -0.154116
0 0 -0.101262
0 0 -0.142425
0 0 -0.142974
0 0 -0.0424077
0 0 -0.0485228
0 0 -0.0465043
0 0 -0.126981
0 0 -0.124303
0 0 0.0424552
0 0 0.0332792
0 0 0.214283
0 0 0.231364
0 0 0.134546
0 0 0.131865
0 0 -0.073756
0 0 -0.0764496
0 0 -0.17151
0 0 -0.15843
0 0 -0.136716
0 0 -0.0877648
0 0 -0.113895
0 0 -0.110885
0 0 -0.0626223
0 0 -0.164014
0 0 -0.137108
0 0 0.0953506
0 0 0.119501
0 0 0.111703
0 0 0.109139
0 0 -0.143865
0 0 -0.143718
0 0 -0.168843
0 0 -0.0464953
0 0 -0.0532139
0 0 -0.36974
0 0 -0.161082
0 0 -0.157933
0 0 -0.25353
0 0 -0.257866
0 0 -0.258847
0 0 0.23655
0 0 0.229954
0 0 -0.173021
0 0 -0.0624922
0 0 -0.0687566
0 0 -0.0494196
0 0 -0.111614
0 0 -0.104845
0 0 -0.01798
0 0 -0.0196437
0 0 -0.146875
0 0 -0.160164
0 0 0.146369
0 0 0.143142
0 0 0.153123
0 0 -0.00137586
0 0 2.38146e-05
0 0 0.0172789
0 0 0.069878
0 0 0.0623735
0 0 -0.141489
0 0 -0.142037
0 0 0.275181
0 0 -0.151274
0 0 -0.149376
0 0 -0.147636
0 0 -0.119071
0 0 0.0868588
0 0 0.0837757
0 0 -0.142428
0 0 -0.142935
0 0 -0.123335
0 0 -0.132506
0 0 -0.144325
0 0 -0.139273
0 0 -0.166132
0 0 -0.168144
0 0 0.28744
0 0 -0.157935
0 0 -0.156456
0 0 -0.09614
0 0 -0.0870814
0 0 -0.087664
0 0 -0.168611
0 0 -0.170967
0 0 -0.166988
0 0 -0.157688
0 0 -0.151156
0 0 -0.14667
0 0 -0.137091
0 0 -0.138998
0 0 -0.0363073
0 0 -0.127256
0 0 -0.0756854
0 0 -0.10991
0 0 -0.110267
0 0 0.114948
0 0 -0.157572
0 0 -0.158348
0 0 -0.107394
0 0 -0.0044384
0 0 0.00124444
0 0 -0.0115179
0 0 -0.114669
0 0 -0.115896
0 0 -0.158573
0 0 -0.151646
0 0 -0.169515
0 0 -0.177511
0 0 -0.0804181
0 0 -0.0786941
0 0 -0.171022
0 0 -0.0371739
0 0 -0.076385
0 0 -0.075632
0 0 -0.0699794
0 0 -0.124704
0 0 -0.0796729
0 0 0.177962
0 0 0.165973
0 0 -0.0785554
0 0 0.119722
0 0 -0.528829
0 0 -0.126059
0 0 -0.127202
0 0 0.202961
0 0 -0.229258
0 0 -0.14119
0 0 0.0141775
0 0 0.0131114
0 0 -0.266873
0 0 -0.237857
0 0 -0.16774
0 0 -0.166679
0 0 -0.0572916
0 0 -0.0462195
0 0 -0.155846
0 0 0.341192
0 0 0.14608
0 0 -0.0212651
0 0 -0.142572
0 0 -0.14626
0 0 -0.0325444
0 0 0.0604944
0 0 -0.353366
0 0 -0.344325
0 0 -0.348423
0 0 -0.140577
0 0 -0.140761
0 0 -0.161721
0 0 0.04444
0 0 -0.318582
0 0 -0.150301
0 0 -0.155672
0 0 -0.120404
0 0 0.085978
0 0 0.0838886
0 0 -0.160365
0 0 0.403338
0 0 -0.0583662
0 0 -0.132121
0 0 -0.13555
0 0 -0.143705
0 0 -0.143533
0 0 -0.129561
0 0 -0.152412
0 0 -0.150608
0 0 -0.141464
0 0 0.0458443
0 0 -0.153611
0 0 -0.0959779
0 0 -0.145623
0 0 -0.145772
0 0 -0.145444
0 0 -0.149213
0 0 -0.19558
0 0 -0.193204
0 0 -0.197922
0 0 -0.128861
0 0 -0.121144
0 0 -0.135326
0 0 -0.134546
0 0 -0.0844402
0 0 -0.0940436
0 0 0.106512
0 0 0.101504
0 0 -0.0865616
0 0 -0.0874887
0 0 -0.0900879
0 0 -0.074603
0 0 -0.0751353
0 0 -0.112558
0 0 -0.113575
0 0 0.00748092
0 0 -0.355063
0 0 -0.360458
0 0 -0.14371
0 0 -0.143982
0 0 0.229328
0 0 0.211197
0 0 -0.148822
0 0 0.0953249
0 0 -0.0509373
0 0 0.121246
0 0 -0.155411
0 0 -0.0213882
0 0 -0.141193
0 0 0.440106
0 0 0.426711
0 0 0.0167886
0 0 0.0140037
0 0 -0.158951
0 0 -0.129046
0 0 -0.128646
0 0 -0.132633
0 0 -0.280464
0 0 -0.144933
0 0 -0.144238
0 0 -0.110808
0 0 -0.120541
0 0 -0.12097
0 0 -0.147958
0 0 -0.143779
0 0 -0.143794
0 0 0.0986407
0 0 0.0343085
0 0 0.18297
0 0 0.196824
0 0 0.183092
0 0 -0.101219
0 0 -0.141871
0 0 -0.164987
0 0 -0.16552
0 0 0.156018
0 0 -0.164848
0 0 0.0736447
0 0 0.0851141
0 0 -0.147395
0 0 -0.105989
0 0 -0.343118
0 0 -0.129569
0 0 -0.0719589
0 0 -0.090003
0 0 -0.149184
0 0 -0.149445
0 0 -0.118548
0 0 -0.119073
0 0 -0.185142
0 0 -0.188225
0 0 -0.0751163
0 0 -0.141236
0 0 -0.14097
0 0 -0.0299387
0 0 -0.0751282
0 0 -0.105508
0 0 -0.0551408
0 0 -0.0613758
0 0 -0.16526
0 0 -0.16737
0 0 0.0304735
0 0 -0.165088
0 0 -0.166187
0 0 -0.0821837
0 0 -0.143247
0 0 -0.0720406
0 0 -0.00996321
0 0 -0.01452
0 0 -0.338927
0 0 -0.340621
0 0 0.486148
0 0 0.313556
0 0 0.299374
0 0 0.0919881
0 0 0.0895049
0 0 -0.0555893
0 0 0.0839205
0 0 -0.0609784
0 0 -0.150403
0 0 -0.154673
0 0 0.21805
0 0 0.10596
0 0 0.095699
0 0 -0.0129547
0 0 0.0560939
0 0 0.050257
0 0 -0.00378444
0 0 0.0990128
0 0 -0.0837718
0 0 -0.0829669
0 0 0.00918191
0 0 0.00795723
0 0 -0.128565
0 0 -0.121526
0 0 0.232952
0 0 -0.122523
0 0 -0.0282665
0 0 -0.0127212
0 0 -0.22327
0 0 -0.121365
0 0 0.0333507
0 0 -0.11118
0 0 -0.110146
0 0 0.116025
0 0 -0.0432035
0 0 -0.14804
0 0 -0.147514
0 0 -0.0663369
0 0 -0.141411
0 0 0.148672
0 0 0.155503
0 0 0.143586
0 0 -0.338145
0 0 -0.154016
0 0 -0.16413
0 0 -0.16115
0 0 -0.16045
0 0 -0.141444
0 0 -0.140739
0 0 -0.140596
0 0 0.0385092
0 0 0.100385
0 0 0.10616
0 0 0.0961515
0 0 -0.174169
0 0 0.148826
0 0 -0.0636435
0 0 -0.0653858
0 0 -0.0277449
0 0 -0.0468091
0 0 -0.0512934
0 0 -0.0420355
0 0 0.211462
0 0 0.204974
0 0 -0.165518
0 0 -0.0922967
0 0 -0.0989562
0 0 -0.144837
0 0 -0.153446
0 0 -0.154019
0 0 -0.11678
0 0 -0.154233
0 0 -0.0872723
0 0 -0.0880914
0 0 -0.14395
0 0 -0.144295
0 0 0.122502
0 0 -0.193557
0 0 -0.205199
0 0 -0.111708
0 0 -0.0914085
0 0 -0.174593
0 0 -0.0720519
0 0 -0.12961
0 0 -0.124825
0 0 -0.15026
0 0 -0.149141
0 0 -0.143524
0 0 -0.143693
0 0 -0.141946
0 0 0.170775
0 0 0.141395
0 0 -0.442342
0 0 -0.495247
0 0 0.0909526
0 0 -0.166401
0 0 -0.164026
0 0 -0.112237
0 0 -0.146922
0 0 -0.179271
0 0 0.160797
0 0 -0.140814
0 0 -0.142175
0 0 -0.109976
0 0 -0.137283
0 0 -0.139451
0 0 0.292935
0 0 0.0978767
0 0 0.103911
0 0 -0.000375542
0 0 -0.00270241
0 0 0.00914896
0 0 0.0229456
0 0 0.13701
0 0 -0.0617648
0 0 -0.156301
0 0 -0.15925
0 0 -0.159875
0 0 -0.159776
0 0 -0.171178
0 0 -0.214976
0 0 -0.113368
0 0 -0.114623
0 0 -0.00699197
0 0 -0.148958
0 0 0.109932
0 0 -0.148514
0 0 -0.143627
0 0 -0.142875
0 0 0.0971689
0 0 -0.17307
0 0 -0.101558
0 0 -0.102611
0 0 -0.147389
0 0 -0.153845
0 0 -0.142633
0 0 -0.151557
0 0 -0.248503
0 0 -0.0924621
0 0 -0.0866721
0 0 -0.141081
0 0 -0.114341
0 0 -0.0842406
0 0 -0.0847988
0 0 -0.139797
0 0 -0.139658
0 0 -0.141508
0 0 0.09554
0 0 -0.203506
0 0 -0.247588
0 0 -0.124771
0 0 -0.122658
0 0 -0.12397
0 0 -0.128304
0 0 -0.141101
0 0 -0.222865
0 0 -0.133974
0 0 -0.143467
0 0 0.0279262
0 0 -0.142719
0 0 -0.127457
0 0 -0.150895
0 0 -0.14675
0 0 -0.145956
0 0 -0.159207
0 0 -0.0394646
0 0 -0.0503549
0 0 0.0756897
0 0 -0.394856
0 0 -0.404127
0 0 -0.059857
0 0 -0.0619573
0 0 -0.122373
0 0 0.0995399
0 0 0.100864
0 0 -0.0873103
0 0 -0.0884923
0 0 0.0444144
0 0 0.0261023
0 0 0.0199377
0 0 -0.143363
0 0 -0.0539212
0 0 -0.0457242
0 0 -0.0249068
0 0 -0.361319
0 0 -0.0911296
0 0 -0.255052
0 0 -0.271273
0 0 -0.151509
0 0 -0.0698674
0 0 -0.112956
0 0 -0.116842
0 0 -0.00665138
0 0 -0.141449
0 0 -0.0350488
0 0 -0.0356153
0 0 0.144632
0 0 -0.137458
0 0 -0.141568
0 0 -0.0836435
0 0 -0.105301
0 0 -0.0904353
0 0 -0.00757304
0 0 -0.00367801
0 0 -0.152708
0 0 -0.152879
0 0 -0.141714
0 0 -0.141841
0 0 -0.141466
0 0 -0.103686
0 0 -0.158639
0 0 -0.157001
0 0 -0.122911
0 0 -0.120573
0 0 -0.125825
0 0 -0.13601
0 0 0.107047
0 0 0.11165
0 0 0.114586
0 0 0.128094
0 0 -0.142034
0 0 0.247045
0 0 0.218444
0 0 -0.28878
0 0 -0.151599
0 0 -0.152847
0 0 -0.18146
0 0 -0.181911
0 0 -0.147887
0 0 -0.116788
0 0 -0.121069
0 0 -0.0372439
0 0 -0.376423
0 0 -0.384234
0 0 0.144492
0 0 0.138535
0 0 -0.0995827
0 0 -0.0974036
0 0 -0.0982326
0 0 -0.0632817
0 0 -0.0562197
0 0 -0.056932
0 0 -0.139455
0 0 -0.300439
0 0 -0.293157
0 0 -0.0202528
0 0 -0.034515
0 0 -0.0786846
0 0 0.234534
0 0 0.00886844
0 0 -0.198107
0 0 -0.145202
0 0 -0.0900201
0 0 -0.0991858
0 0 0.0928798
0 0 0.0934688
0 0 -0.0336632
0 0 -0.224963
0 0 -0.284037
0 0 -0.289064
0 0 -0.142693
0 0 -0.0592513
0 0 -0.0580817
0 0 -0.149684
0 0 -0.311879
0 0 -0.0670941
0 0 -0.028316
0 0 -0.0333862
0 0 -0.129449
0 0 -0.125833
0 0 -0.132734
0 0 -0.0943986
0 0 -0.142708
0 0 -0.0436277
0 0 -0.0587781
0 0 -0.0997272
0 0 -0.11149
0 0 -0.0483575
0 0 0.106259
0 0 0.132714
0 0 0.128081
0 0 -0.175917
0 0 -0.179479
0 0 0.0304316
0 0 -0.0645771
0 0 -0.16025
0 0 -0.159237
0 0 -0.369209
0 0 0.0535456
0 0 0.0513628
0 0 0.187424
0 0 -0.132837
0 0 -0.135457
0 0 -0.138515
0 0 0.165553
0 0 0.142462
0 0 -0.0386523
0 0 -0.124899
0 0 -0.120843
0 0 -0.120096
0 0 -0.0417865
0 0 -0.0408868
0 0 -0.0927408
0 0 -0.129442
0 0 -0.128668
0 0 -0.131701
0 0 -0.0821069
0 0 -0.0776948
0 0 -0.0790631
0 0 -0.132412
0 0 -0.165254
0 0 0.126043
0 0 0.127804
0 0 -0.107015
0 0 -0.0773324
0 0 0.190332
0 0 -0.015276
0 0 -0.122691
0 0 -0.12056
0 0 -0.149976
0 0 -0.137325
0 0 -0.138446
0 0 -0.136919
0 0 -0.0897962
0 0 -0.125829
0 0 -0.0754854
0 0 -0.472452
0 0 0.00195822
0 0 -0.00259014
0 0 -0.0862138
0 0 -0.243977
0 0 -0.248448
0 0 -0.15466
0 0 0.131996
0 0 -0.12885
0 0 -0.141536
0 0 -0.141468
0 0 -0.158768
0 0 -0.160064
0 0 -0.0162057
0 0 -0.0130784
0 0 -0.0653332
0 0 -0.0578952
0 0 -0.0663189
0 0 -0.0712575
0 0 -0.0646449
0 0 -0.441504
0 0 -0.467487
0 0 0.000732062
0 0 0.0866912
0 0 0.0875545
0 0 -0.132707
0 0 -0.12652
0 0 -0.117349
0 0 -0.100414
0 0 -0.486135
0 0 -0.108358
0 0 -0.0909767
0 0 -0.145585
0 0 -0.232894
0 0 -0.109263
0 0 -0.0687321
0 0 -0.162767
0 0 -0.125313
0 0 -0.192647
0 0 -0.190344
0 0 0.00430959
0 0 -0.144391
0 0 -0.0952613
0 0 -0.164542
0 0 -0.10794
0 0 -0.141453
0 0 -0.141485
0 0 -0.141386
0 0 0.00601991
0 0 0.00335568
0 0 -0.0984156
0 0 0.267339
0 0 -0.118076
0 0 -0.11027
0 0 -0.113113
0 0 -0.303315
0 0 -0.100351
0 0 -0.111253
0 0 -0.138231
0 0 0.233483
0 0 0.11926
0 0 0.111493
0 0 0.0293481
0 0 0.0323315
0 0 -0.121771
0 0 0.108682
0 0 -0.14745
0 0 -0.15905
0 0 -0.141404
0 0 -0.1119
0 0 -0.120092
0 0 -0.0015773
0 0 -0.023342
0 0 -0.0621013
0 0 0.0240502
0 0 -0.13021
0 0 -0.126526
0 0 -0.180155
0 0 -0.160503
0 0 -0.248423
0 0 -0.144466
0 0 -0.143576
0 0 0.139709
0 0 0.151958
0 0 -0.141473
0 0 -0.0268115
0 0 -0.0195945
0 0 -0.0247256
0 0 0.0126
0 0 0.0480263
0 0 -0.142155
0 0 -0.141084
0 0 0.336408
0 0 0.337476
0 0 0.325561
0 0 0.0423743
0 0 -0.144079
0 0 -0.105483
0 0 -0.106534
0 0 0.0920488
0 0 -0.0366955
0 0 -0.0526675
0 0 -0.105206
0 0 -0.0337657
0 0 0.078935
0 0 0.104576
0 0 0.112772
0 0 -0.139398
0 0 -0.140213
0 0 -0.108862
0 0 -0.0612556
0 0 -0.0624546
0 0 -0.016217
0 0 -0.0119948
0 0 -0.165763
0 0 -0.119558
0 0 -0.115018
0 0 -0.141335
0 0 -0.14136
0 0 -0.100768
0 0 -0.0983459
0 0 -0.118439
0 0 -0.149053
0 0 -0.150308
0 0 -0.141684
0 0 -0.141351
0 0 -0.141465
0 0 -0.211403
0 0 0.249214
0 0 -0.13971
0 0 -0.138043
0 0 -0.137539
0 0 0.0762258
0 0 0.0941534
0 0 -0.425791
0 0 -0.387935
0 0 -0.130566
0 0 -0.127131
0 0 0.115089
0 0 0.121338
0 0 -0.259912
0 0 -0.141719
0 0 -0.19943
0 0 -0.16038
0 0 -0.160704
0 0 -0.154505
0 0 -0.199488
0 0 0.147607
0 0 0.139378
0 0 -0.273755
0 0 -0.279327
0 0 -0.153488
0 0 0.0577287
0 0 0.0828208
0 0 -0.147063
0 0 -0.154365
0 0 -0.387326
0 0 -0.0675158
0 0 -0.0233071
0 0 -0.146755
0 0 -0.148882
0 0 -0.121051
0 0 -0.123163
0 0 -0.00185958
0 0 -0.0106133
0 0 0.0217764
0 0 -0.0232413
0 0 -0.0109436
0 0 -0.0180181
0 0 -0.0272105
0 0 -0.0934089
0 0 -0.141749
0 0 -0.12207
0 0 0.116224
0 0 0.00491231
0 0 0.0551557
0 0 0.0486659
0 0 -0.100864
0 0 -0.0890026
0 0 0.0102583
0 0 -0.104068
0 0 -0.0786877
0 0 -0.0776105
0 0 0.161352
0 0 0.173779
0 0 0.0959245
0 0 -0.116691
0 0 -0.121711
0 0 0.079618
0 0 -0.100464
0 0 -0.103064
0 0 -0.103088
0 0 -0.0740956
0 0 -0.11773
0 0 -0.095608
0 0 -0.0937137
0 0 0.125845
0 0 -0.105492
0 0 -0.10677
0 0 -0.0928275
0 0 -0.140958
0 0 -0.0591066
0 0 -0.029074
0 0 0.099415
0 0 0.123747
0 0 -0.0599788
0 0 -0.139046
0 0 -0.0674386
0 0 0.121075
0 0 -0.163501
0 0 -0.161879
0 0 -0.16525
0 0 -0.0140785
0 0 -0.0101526
0 0 0.126645
0 0 -0.0881005
0 0 -0.141482
0 0 -0.372805
0 0 -0.358979
0 0 -0.143503
0 0 -0.138449
0 0 -0.139793
0 0 -0.170489
0 0 -0.175051
0 0 -0.163826
0 0 -0.161567
0 0 0.00930118
0 0 -0.0500572
0 0 -0.160282
0 0 0.0132014
0 0 -0.0573499
0 0 -0.0676999
0 0 -0.142403
0 0 0.113864
0 0 -0.12001
0 0 -0.121683
0 0 -0.176574
0 0 -0.0649953
0 0 -0.0657515
0 0 -0.117536
0 0 0.0261145
0 0 -0.0636133
0 0 0.0181214
0 0 0.0654808
0 0 -0.137218
0 0 -0.147958
0 0 -0.139792
0 0 -0.141112
0 0 -0.141903
0 0 -0.142353
0 0 -0.0956365
0 0 -0.0243722
0 0 -0.0314622
0 0 -0.0936474
0 0 -0.0532102
0 0 -0.00546893
0 0 -0.00620182
0 0 -0.138192
0 0 -0.294226
0 0 -0.300512
0 0 0.368301
0 0 0.35975
0 0 0.41396
0 0 0.411175
0 0 0.392798
0 0 -0.0741211
0 0 -0.139164
0 0 -0.0447897
0 0 -0.150557
0 0 -0.108484
0 0 -0.114879
0 0 -0.135891
0 0 -0.139487
0 0 0.331436
0 0 0.313572
0 0 -0.181798
0 0 -0.180466
0 0 -0.489122
0 0 -0.299354
0 0 0.353899
0 0 0.306902
0 0 -0.0739479
0 0 0.409821
0 0 -0.0889735
0 0 -0.290601
0 0 -0.407673
0 0 -0.187482
0 0 -0.233067
0 0 -0.217602
0 0 -0.10015
0 0 0.124592
0 0 0.301588
0 0 0.312405
0 0 -0.0787879
0 0 -0.0882923
0 0 -0.0829423
0 0 -0.142786
0 0 -0.123144
0 0 -0.12708
0 0 0.131418
0 0 0.130631
0 0 0.121485
0 0 -0.100044
0 0 -0.352836
0 0 -0.00721716
0 0 -0.00146462
0 0 -0.0782369
0 0 -0.0829813
0 0 -0.0312449
0 0 -0.0762913
0 0 -0.154218
0 0 0.346038
0 0 -0.265012
0 0 -0.269595
0 0 -0.0915248
0 0 -0.0852821
0 0 -0.135014
0 0 0.128901
0 0 0.0012303
0 0 -0.205452
0 0 -0.0287412
0 0 -0.104294
0 0 -0.103987
0 0 -0.142714
0 0 0.313485
0 0 0.326674
0 0 -0.150208
0 0 -0.0475382
0 0 0.310966
0 0 0.310901
0 0 -0.0798757
0 0 -0.1581
0 0 -0.162075
0 0 -0.111151
0 0 -0.142854
0 0 -0.0746214
0 0 -0.0593832
0 0 -0.150613
0 0 -0.00842772
0 0 -0.0108134
0 0 -0.181397
0 0 -0.118087
0 0 -0.154058
0 0 -0.146756
0 0 -0.104947
0 0 -0.115323
0 0 0.342437
0 0 -0.105383
0 0 -0.262356
0 0 -0.0836333
0 0 -0.133616
0 0 -0.128731
0 0 -0.130608
0 0 -0.108827
0 0 -0.14427
0 0 -0.0864448
0 0 -0.125904
0 0 -0.163253
0 0 -0.165169
0 0 -0.166597
0 0 -0.0757948
0 0 -0.0872745
0 0 0.431817
0 0 0.0781481
0 0 -0.0966323
0 0 -0.141746
0 0 -0.0961589
0 0 -0.0903847
0 0 -0.0710202
0 0 -0.0361585
0 0 -0.141612
0 0 -0.0496518
0 0 0.458551
0 0 0.436869
0 0 -0.136361
0 0 0.289714
0 0 -0.0394091
0 0 -0.143104
0 0 -0.104461
0 0 -0.140481
0 0 -0.142102
0 0 -0.21728
0 0 0.471908
0 0 -0.228394
0 0 -0.0788176
0 0 -0.184527
0 0 -0.143366
0 0 -0.143072
0 0 0.292573
0 0 0.0912702
0 0 -0.146011
0 0 -0.126411
0 0 -0.126034
0 0 -0.128569
0 0 -0.084369
0 0 -0.0797206
0 0 -0.09379
0 0 -0.0934282
0 0 0.119774
0 0 -0.0644336
0 0 -0.0608309
0 0 0.129451
0 0 0.135312
0 0 -0.162026
0 0 -0.140309
0 0 -0.142674
0 0 -0.138321
0 0 0.0559212
0 0 0.0154413
0 0 -0.120047
0 0 -0.116955
0 0 0.00753419
0 0 -0.158315
0 0 -0.158657
0 0 -0.163883
0 0 -0.0924266
0 0 -0.13332
0 0 -0.134487
0 0 -0.0890851
0 0 -0.0838825
0 0 -0.0626082
0 0 0.0498505
0 0 -0.0920242
0 0 -0.106892
0 0 -0.159936
0 0 -0.12526
0 0 -0.136042
0 0 0.0171031
0 0 -0.14334
0 0 -0.145648
0 0 -0.0844287
0 0 -0.0676149
0 0 -0.134742
0 0 -0.120631
0 0 -0.099345
0 0 -0.0974751
0 0 -0.130621
0 0 -0.128766
0 0 0.181522
0 0 0.184617
0 0 -0.132869
0 0 -0.102718
0 0 0.0869691
0 0 -0.0470361
0 0 -0.126242
0 0 -0.0431329
0 0 -0.293051
0 0 0.0835762
0 0 -0.167162
0 0 -0.355039
0 0 -0.146434
0 0 0.190226
0 0 -0.271555
0 0 -0.0786176
0 0 -0.0462437
0 0 -0.138422
0 0 0.0705505
0 0 0.0155848
0 0 0.0717192
0 0 -0.103616
0 0 -0.00164271
0 0 -0.143304
0 0 -0.127368
0 0 -0.0507224
0 0 -0.170014
0 0 -0.167772
0 0 0.450226
0 0 -0.0906523
0 0 -0.0883757
0 0 0.198544
0 0 0.20595
0 0 0.0420338
0 0 -0.0976984
0 0 0.0171732
0 0 0.00654217
0 0 -0.0855791
0 0 -0.0949142
0 0 -0.161804
0 0 -0.114906
0 0 -0.134921
0 0 -0.0878888
0 0 -0.1276
0 0 -0.161484
0 0 -0.14712
0 0 -0.159509
0 0 -0.163534
0 0 -0.16328
0 0 -0.184666
0 0 0.358614
0 0 -0.253339
0 0 -0.273791
0 0 -0.0837272
0 0 -0.100031
0 0 0.00160277
0 0 -0.15159
0 0 -0.116995
0 0 -0.0405589
0 0 0.106847
0 0 0.0656115
0 0 -0.0793124
0 0 -0.158362
0 0 -0.0882046
0 0 -0.0892385
0 0 -0.123739
0 0 -0.161291
0 0 -0.0878214
0 0 -0.0907607
0 0 -0.124712
0 0 -0.147602
0 0 0.0271041
0 0 0.0814609
0 0 -0.104686
0 0 -0.174238
0 0 -0.146494
0 0 -0.148024
0 0 0.100514
0 0 -0.185332
0 0 -0.157258
0 0 -0.16263
0 0 0.0137806
0 0 -0.234846
0 0 0.0762205
0 0 0.201157
0 0 -0.146364
0 0 -0.142438
0 0 -0.0858301
0 0 -0.143797
0 0 -0.144995
0 0 -0.178309
0 0 -0.178702
0 0 -0.187427
0 0 0.0156531
0 0 -0.0332748
0 0 -0.0952485
0 0 -0.106281
0 0 -0.170419
0 0 -0.179843
0 0 -0.180819
0 0 -0.0627493
0 0 0.0465595
0 0 -0.0761604
0 0 0.011018
0 0 -0.0186264
0 0 -0.106952
0 0 -0.0103262
0 0 -0.0294162
0 0 -0.117597
0 0 -0.0387709
0 0 -0.100215
0 0 -0.0448645
0 0 -0.0906246
0 0 -0.0474169
0 0 0.0317085
0 0 0.010877
0 0 0.0798399
0 0 -0.00679896
0 0 -0.0884168
0 0 0.0743058
0 0 -0.0952958
0 0 0.083736
0 0 0.0210922
0 0 -0.037591
0 0 0.070035
0 0 -0.0484546
0 0 -0.0432367
0 0 -0.0309564
0 0 -0.0123153
0 0 -0.12427
0 0 -0.11238
0 0 -0.126017
0 0 -0.121995
0 0 -0.107615
0 0 -0.115459
0 0 0.0106581
0 0 0.0549453
0 0 0.0432697
0 0 0.0808656
0 0 0.0587041
0 0 -0.0615492
0 0 -0.0232333
0 0 0.0322391
0 0 -0.0814038
0 0 -0.00494506
0 0 -0.0366243
0 0 -0.115963
0 0 -0.127888
0 0 -0.0447525
0 0 0.00575083
0 0 -0.0970997
0 0 -0.0933891
0 0 -0.0483343
0 0 0.0322158
0 0 0.0782438
0 0 -0.0221169
0 0 0.00793669
0 0 0.0856042
0 0 0.0107072
0 0 -0.050348
0 0 -0.00430306
0 0 -0.0345199
0 0 0.0263188
0 0 -0.10053
0 0 -0.068973
0 0 -0.0321763
0 0 -0.110934
0 0 -0.13318
0 0 -0.100657
0 0 -0.0992591
0 0 -0.104916
0 0 -0.0491277
0 0 -0.0024863
0 0 -0.0399959
0 0 -0.0242551
0 0 -0.126975
0 0 -0.116573
0 0 -0.129271
0 0 -0.116745
0 0 -0.109843
0 0 0.0683662
0 0 -0.0880973
0 0 -0.0414722
0 0 -0.0250552
0 0 0.0503505
0 0 0.0798563
0 0 -0.0487413
0 0 0.06208
0 0 -0.0721073
0 0 0.0751616
0 0 -0.0879147
0 0 -0.0425666
0 0 -0.0440128
0 0 -0.105873
0 0 -0.07589
0 0 0.0825234
0 0 -0.035527
0 0 -0.0203746
0 0 -0.044434
0 0 -0.124374
0 0 -0.122582
0 0 0.000287044
0 0 -0.121429
0 0 -0.121495
0 0 -0.114038
0 0 0.0638397
0 0 0.0800273
0 0 0.0118773
0 0 0.070757
0 0 -0.0271681
0 0 0.054747
0 0 0.0859801
0 0 0.0669372
0 0 -0.0500585
0 0 -0.0460798
0 0 -0.111376
0 0 0.0787399
0 0 0.00195831
0 0 0.0743662
0 0 -0.0159276
0 0 -0.104109
0 0 0.0450897
0 0 0.0438191
0 0 -0.0898623
0 0 -0.0460042
0 0 -0.0482778
0 0 -0.0227592
0 0 -0.0020843
0 0 -0.0954363
0 0 -0.0144335
0 0 -0.00947187
0 0 0.021772
0 0 0.0206351
0 0 -0.0451651
0 0 0.0346269
0 0 -0.0389845
0 0 0.0259473
0 0 -0.0910041
0 0 -0.090039
0 0 -0.0168154
0 0 0.0337316
0 0 -0.000712231
0 0 0.0376598
0 0 0.0133068
0 0 -0.0303704
0 0 0.000560573
0 0 -0.0513325
0 0 0.0253631
0 0 -0.0991384
0 0 -0.0934063
0 0 -0.0933816
0 0 -0.0667387
0 0 0.0432627
0 0 -0.0864504
0 0 0.0852779
0 0 -0.00662005
0 0 -0.0424432
0 0 -0.0987335
0 0 -0.0149844
0 0 -0.0929266
0 0 0.0797412
0 0 0.0893928
0 0 0.0222546
0 0 -0.0391424
0 0 0.0744305
0 0 0.078992
0 0 0.0656758
0 0 -0.0376441
0 0 -0.0850251
0 0 0.0465245
0 0 -0.0525958
0 0 -0.0472745
0 0 -0.0346237
0 0 -0.0397705
0 0 -0.0278467
0 0 -0.0153215
0 0 -0.00997468
0 0 -0.130661
0 0 -0.119126
0 0 -0.119021
0 0 -0.10735
0 0 -0.121625
0 0 -0.131102
0 0 -0.0453552
0 0 -0.126139
0 0 -0.118194
0 0 -0.118971
0 0 -0.112034
0 0 -0.110582
0 0 -0.10452
0 0 0.0568652
0 0 0.0531103
0 0 0.0702112
0 0 0.0757855
0 0 -0.00684467
0 0 0.000683185
0 0 -0.0616645
0 0 0.0120058
0 0 0.00918581
0 0 -0.0249296
0 0 0.0194665
0 0 0.0762478
0 0 -0.0594029
0 0 0.0554809
0 0 -0.0377418
0 0 0.0193462
0 0 -0.0445596
0 0 0.0208608
0 0 0.00710406
0 0 -0.0119906
0 0 0.0871274
0 0 0.0622061
0 0 -0.0618412
0 0 -0.0365015
0 0 -0.0393093
0 0 -0.0213985
0 0 -0.130776
0 0 0.0192613
0 0 -0.124788
0 0 -0.0413449
0 0 -0.0115731
0 0 -0.121801
0 0 0.039441
0 0 0.0385449
0 0 0.0326652
0 0 0.032604
0 0 0.0382002
0 0 0.0380992
0 0 0.0265572
0 0 0.0264747
0 0 0.027276
0 0 0.0269562
0 0 -0.0473822
0 0 -0.0460587
0 0 -0.0943386
0 0 -0.0940253
0 0 -0.0989034
0 0 -0.102854
0 0 -0.0996347
0 0 0.0270555
0 0 0.0333449
0 0 0.0275948
0 0 0.039316
0 0 0.0377151
0 0 -0.0137749
0 0 -0.011396
0 0 -0.00709054
0 0 -0.095717
0 0 -0.0963013
0 0 -0.0510911
0 0 -0.0503684
0 0 -0.107464
0 0 -0.108337
0 0 -0.101206
0 0 -0.0186207
0 0 -0.043789
0 0 -0.048286
0 0 -0.0530732
0 0 -0.0526234
0 0 0.0800093
0 0 0.0825201
0 0 -0.0262842
0 0 -0.0188007
0 0 0.0885632
0 0 0.089389
0 0 0.00511277
0 0 0.0117695
0 0 -0.093289
0 0 -0.103006
0 0 -0.0946867
0 0 0.0287276
0 0 0.0216301
0 0 -0.089043
0 0 -0.0923307
0 0 0.0447268
0 0 0.0406151
0 0 -0.0969692
0 0 -0.0938785
0 0 -0.0439321
0 0 -0.0449642
0 0 -0.110466
0 0 -0.102812
0 0 -0.0485546
0 0 -0.0504196
0 0 -0.092304
0 0 -0.0509317
0 0 -0.053281
0 0 -0.0917826
0 0 -0.0930568
0 0 -0.0931548
0 0 -0.0893653
0 0 -0.10895
0 0 -0.118327
0 0 -0.0492415
0 0 -0.0487891
0 0 -0.0355969
0 0 -0.030168
0 0 0.0780875
0 0 0.0767819
0 0 0.0876496
0 0 0.0917864
0 0 0.014926
0 0 0.0196769
0 0 0.0818651
0 0 0.0866516
0 0 -0.0146008
0 0 -0.0102845
0 0 0.0885042
0 0 0.0858363
0 0 -0.00279365
0 0 0.00109947
0 0 0.0312514
0 0 0.0287204
0 0 0.0277114
0 0 -0.0367293
0 0 -0.0354551
0 0 -0.0378774
0 0 -0.0332025
0 0 -0.0324369
0 0 0.0823578
0 0 0.0794543
0 0 -0.00673562
0 0 -0.0140067
0 0 0.0829343
0 0 0.000369714
0 0 -0.0956073
0 0 -0.0990144
0 0 -0.0300709
0 0 -0.0383279
0 0 0.0742664
0 0 0.0720141
0 0 0.0863381
0 0 0.0849469
0 0 0.0149164
0 0 -0.0969755
0 0 -0.0938603
0 0 -0.0453363
0 0 -0.0443703
0 0 -0.0436395
0 0 -0.0431691
0 0 -0.0429852
0 0 -0.0450181
0 0 -0.0957877
0 0 -0.0980711
0 0 -0.0976065
0 0 -0.102286
0 0 -0.0994856
0 0 -0.04938
0 0 -0.0466051
0 0 -0.0527978
0 0 -0.0499385
0 0 0.026511
0 0 0.0191354
0 0 0.0315945
0 0 -0.0462164
0 0 -0.0467276
0 0 -0.0480127
0 0 -0.0136091
0 0 -0.00820116
0 0 -0.100495
0 0 -0.0979303
0 0 -0.0915837
0 0 -0.0922672
0 0 -0.0543441
0 0 -0.051664
0 0 -0.0435454
0 0 -0.0569098
0 0 -0.0390839
0 0 -0.0464356
0 0 -0.0466217
0 0 0.023898
0 0 0.0290274
0 0 -0.0494704
0 0 -0.0503822
0 0 -0.105871
0 0 0.0064685
0 0 -0.00184013
0 0 0.0030958
0 0 -0.0889376
0 0 -0.0906459
0 0 -0.106128
0 0 -0.104204
0 0 0.023319
0 0 -0.0306694
0 0 -0.0348169
0 0 -0.101232
0 0 -0.12595
0 0 -0.126482
0 0 -0.113338
0 0 -0.108258
0 0 0.0100697
0 0 0.016267
0 0 0.082661
0 0 0.0818111
0 0 -0.0320151
0 0 -0.0248788
0 0 0.0704394
0 0 0.0741233
0 0 -0.114223
0 0 -0.0397173
0 0 -0.0404119
0 0 -0.0268508
0 0 -0.0279793
0 0 -0.0972363
0 0 -0.102359
0 0 -0.0944197
0 0 0.0351059
0 0 0.0401228
0 0 -0.0480094
0 0 -0.0467459
0 0 -0.102227
0 0 -0.10275
0 0 -0.0427894
0 0 -0.0431515
0 0 0.0792926
0 0 0.0817297
0 0 -0.002106
0 0 0.00467373
0 0 0.0761037
0 0 0.0769458
0 0 -0.0187135
0 0 -0.0115685
0 0 0.0335498
0 0 -0.00215565
0 0 -0.00506679
0 0 -0.106179
0 0 -0.109551
0 0 -0.0459632
0 0 -0.0445459
0 0 -0.0165411
0 0 -0.0221456
0 0 -0.0183665
0 0 -0.03338
0 0 -0.0375963
0 0 -0.0355435
0 0 -0.0417223
0 0 -0.0394857
0 0 -0.0277281
0 0 -0.0257588
0 0 -0.0489134
0 0 -0.0466322
0 0 -0.0466821
0 0 -0.00757495
0 0 -0.000935301
0 0 -0.00607228
0 0 -0.0439833
0 0 -0.046315
0 0 0.00531611
0 0 0.00410682
0 0 -0.12461
0 0 -0.125744
0 0 -0.127666
0 0 -0.12082
0 0 -0.120213
0 0 -0.124452
0 0 -0.118676
0 0 -0.11488
0 0 -0.12711
0 0 -0.123607
0 0 -0.126677
0 0 -0.124146
0 0 -0.123795
0 0 -0.121891
0 0 -0.124422
0 0 -0.121881
0 0 -0.119158
0 0 -0.119386
0 0 -0.11621
0 0 -0.118375
0 0 -0.10889
0 0 -0.112006
0 0 -0.1108
0 0 -0.114849
0 0 -0.112654
0 0 0.0692918
0 0 0.0658869
0 0 0.0720078
0 0 0.0616388
0 0 0.0598534
0 0 -0.117886
0 0 -0.126147
0 0 -0.118907
0 0 0.0237551
0 0 -0.0353881
0 0 -0.0320084
0 0 -0.0429891
0 0 -0.0419865
0 0 0.0498527
0 0 0.0465893
0 0 -0.122473
0 0 -0.110805
0 0 -0.0402722
0 0 -0.041119
0 0 -0.0992672
0 0 -0.115261
0 0 0.0471436
0 0 0.0521903
0 0 0.0489477
0 0 -0.097432
0 0 -0.0977453
0 0 -0.044675
0 0 -0.0434201
0 0 -0.0942317
0 0 -0.0997433
0 0 -0.134661
0 0 -0.132967
0 0 -0.04079
0 0 -0.0439608
0 0 -0.0238941
0 0 -0.028738
0 0 -0.00057434
0 0 -0.00708987
0 0 -0.0508807
0 0 -0.0522354
0 0 -0.112432
0 0 -0.115415
0 0 -0.132779
0 0 -0.132791
0 0 -0.129029
0 0 -0.130346
0 0 -0.115523
0 0 -0.114139
0 0 -0.108913
0 0 -0.107219
0 0 0.0736768
0 0 0.0674772
0 0 -0.0401788
0 0 -0.0811465
0 0 -0.0723601
0 0 0.0872104
0 0 0.0851529
0 0 -0.0472116
0 0 -0.0479393
0 0 -0.106116
0 0 -0.0686206
0 0 -0.042837
0 0 0.0909304
0 0 0.0895708
0 0 0.0637256
0 0 0.0681754
0 0 -0.0647133
0 0 -0.0561466
0 0 -0.0241768
0 0 -0.0271277
0 0 -0.120685
0 0 -0.113858
0 0 0.089926
0 0 0.0866892
0 0 0.0647899
0 0 0.070364
0 0 -0.055708
0 0 -0.0498923
0 0 -0.00129557
0 0 -0.00739729
0 0 -0.109963
0 0 -0.0420567
0 0 -0.041644
0 0 0.00341721
0 0 0.0136201
0 0 -0.000583819
0 0 0.0209011
0 0 0.0187217
0 0 -0.0256757
0 0 -0.0221608
0 0 -0.0278799
0 0 -0.0296062
0 0 0.0444892
0 0 0.0474261
0 0 0.0519933
0 0 0.0530922
0 0 0.0771015
0 0 0.0774957
0 0 -0.0453017
0 0 -0.0511122
0 0 0.0607261
0 0 0.0580844
0 0 -0.00404796
0 0 0.0174268
0 0 -0.0431417
0 0 0.0124908
0 0 0.00679153
0 0 0.0550422
0 0 0.0597571
0 0 -0.0681424
0 0 -0.0746074
0 0 0.0722532
0 0 0.0735746
0 0 -0.0298762
0 0 -0.0269467
0 0 -0.109081
0 0 -0.107523
0 0 0.05099
0 0 -0.0905045
0 0 -0.0999116
0 0 0.0320755
0 0 0.0333
0 0 -0.0443718
0 0 -0.0447029
0 0 -0.0887145
0 0 -0.0868215
0 0 -0.0874442
0 0 -0.0967027
0 0 -0.0969804
0 0 -0.0903192
0 0 -0.0885038
0 0 0.0268094
0 0 -0.131914
0 0 -0.134556
0 0 -0.0800471
0 0 -0.0739153
0 0 -0.0824205
0 0 -0.11292
0 0 -0.115437
0 0 -0.00499353
0 0 -0.0110897
0 0 -0.0414464
0 0 -0.0422572
0 0 -0.121631
0 0 -0.12376
0 0 -0.0152934
0 0 -0.0293249
0 0 -0.0318047
0 0 -0.0377887
0 0 -0.0242795
0 0 -0.0450832
0 0 -0.0468652
0 0 -0.12226
0 0 -0.122091
0 0 -0.128006
0 0 -0.127279
0 0 -0.121085
0 0 -0.121575
0 0 -0.120073
0 0 -0.119855
0 0 -0.124037
0 0 -0.123843
0 0 -0.120341
0 0 -0.117174
0 0 -0.112463
0 0 -0.11651
0 0 0.0721891
0 0 0.0677856
0 0 0.0587302
0 0 0.0539674
0 0 -0.0163007
0 0 -0.0184953
0 0 -0.129261
0 0 -0.132788
0 0 -0.0290639
0 0 -0.0283666
0 0 0.0785201
0 0 0.0785121
0 0 0.0752458
0 0 0.0818819
0 0 0.0826297
0 0 0.0849576
0 0 -0.0435097
0 0 -0.0493428
0 0 -0.0434054
0 0 0.0687523
0 0 0.0641407
0 0 0.0659012
0 0 -0.00850112
0 0 -0.045943
0 0 -0.0730603
0 0 -0.0435796
0 0 -0.0924868
0 0 -0.0866607
0 0 -0.0736135
0 0 -0.0897034
0 0 -0.0741599
0 0 0.0113888
0 0 0.00607222
0 0 -0.0874693
0 0 0.00550818
0 0 0.074501
0 0 0.0767725
0 0 0.0799058
0 0 0.0701376
0 0 0.0726738
0 0 0.0687389
0 0 -0.0187901
0 0 -0.0214621
0 0 -0.0239765
0 0 0.0769315
0 0 0.0796028
0 0 0.0764349
0 0 0.00914689
0 0 0.00698873
0 0 0.00461254
0 0 -0.10364
0 0 -0.103892
0 0 -0.109708
0 0 -0.0412381
0 0 -0.0415735
0 0 -0.0193109
0 0 -0.0200223
0 0 -0.0239772
0 0 -0.051108
0 0 -0.0541769
0 0 0.016385
0 0 0.0204368
0 0 -0.0137274
0 0 -0.00907326
0 0 -0.0137616
0 0 -0.0501017
0 0 -0.0484132
0 0 -0.0451636
0 0 -0.0200001
0 0 -0.0381872
0 0 -0.037502
0 0 -0.0326998
0 0 -0.0437946
0 0 -0.047788
0 0 -0.0194772
0 0 -0.0296014
0 0 -0.0341526
0 0 -0.128474
0 0 -0.129038
0 0 -0.132756
0 0 -0.130535
0 0 -0.118087
0 0 -0.10802
0 0 -0.11224
0 0 -0.133636
0 0 -0.116937
0 0 -0.130133
0 0 -0.133925
0 0 -0.12673
0 0 -0.117457
0 0 -0.116209
0 0 -0.114349
0 0 -0.111888
0 0 -0.113752
0 0 -0.110918
0 0 -0.107216
0 0 -0.104576
0 0 -0.109918
0 0 -0.128532
0 0 0.0558128
0 0 0.0630653
0 0 0.0613736
0 0 -0.094287
0 0 -0.0968719
0 0 0.0543489
0 0 0.0567862
0 0 -0.0874907
0 0 -0.0868672
0 0 0.0314004
0 0 0.0317779
0 0 -0.0946563
0 0 -0.0919259
0 0 -0.093998
0 0 -0.0689782
0 0 0.0851118
0 0 -0.118097
0 0 -0.120861
0 0 -0.0868584
0 0 -0.0805873
0 0 -0.129881
0 0 -0.128644
0 0 -0.0681996
0 0 -0.0669276
0 0 0.07543
0 0 -0.000183655
0 0 0.0718922
0 0 -0.0135448
0 0 0.0569814
0 0 -0.0432085
0 0 0.0779376
0 0 0.0817804
0 0 -0.0994558
0 0 -0.116057
0 0 -0.0449258
0 0 -0.0391209
0 0 -0.0360311
0 0 -0.112478
0 0 -0.105732
0 0 -0.0211827
0 0 -0.0167768
0 0 -0.0352554
0 0 -0.0322866
0 0 -0.0433274
0 0 -0.0418155
0 0 -0.00159568
0 0 0.00407945
0 0 -0.129566
0 0 -0.126763
0 0 -0.120155
0 0 -0.120876
0 0 -0.120039
0 0 -0.119264
0 0 -0.122633
0 0 -0.124474
0 0 -0.11471
0 0 -0.116798
0 0 0.0598963
0 0 0.064234
0 0 -0.122714
0 0 -0.0415641
0 0 0.00315303
0 0 0.0100044
0 0 0.00536346
0 0 0.0835796
0 0 0.0804377
0 0 0.0605115
0 0 0.0628226
0 0 -0.0547048
0 0 -0.056055
0 0 0.0753322
0 0 0.0781938
0 0 -0.054086
0 0 -0.0562479
0 0 0.0588151
0 0 0.0549417
0 0 -0.0322422
0 0 -0.0325259
0 0 -0.0339344
0 0 -0.123089
0 0 -0.125516
0 0 -0.0378605
0 0 -0.0836943
0 0 -0.100056
0 0 0.0776102
0 0 0.013649
0 0 0.0668506
0 0 -0.0295266
0 0 -0.0906252
0 0 -0.023473
0 0 -0.100768
0 0 -0.0933295
0 0 -0.0886161
0 0 -0.0213282
0 0 -0.0870426
0 0 -0.0884508
0 0 0.0261964
0 0 0.0328291
0 0 0.038702
0 0 0.0451565
0 0 -0.0901883
0 0 -0.101464
0 0 -0.10408
0 0 -0.107286
0 0 -0.0623234
0 0 -0.0654169
0 0 0.0444051
0 0 0.0493199
0 0 0.0502763
0 0 0.0758051
0 0 0.0741155
0 0 -0.0267568
0 0 -0.0116909
0 0 0.0782828
0 0 -0.0603713
0 0 0.0155429
0 0 0.0213043
0 0 0.0162005
0 0 -0.13014
0 0 -0.0357052
0 0 -0.0352574
0 0 0.00969199
0 0 0.00297982
0 0 0.00392479
0 0 -0.0192249
0 0 -0.0145176
0 0 -0.00685722
0 0 -0.00804228
0 0 -0.023622
0 0 -0.0495294
0 0 -0.0354304
0 0 -0.0268462
0 0 -0.0882966
0 0 -0.0897233
0 0 0.0371686
0 0 -0.0990033
0 0 0.0586003
0 0 -0.119529
0 0 0.0277867
0 0 0.0182218
0 0 -0.00660081
0 0 -0.0393958
0 0 -0.0116591
0 0 -0.0284762
0 0 -0.0248278
0 0 -0.0373058
0 0 -0.120137
0 0 -0.120601
0 0 -0.132756
0 0 -0.124282
0 0 -0.118479
0 0 -0.0437044
0 0 -0.11778
0 0 -0.126951
0 0 -0.121319
0 0 -0.112969
0 0 -0.119356
0 0 0.0547077
0 0 0.0671648
0 0 0.0507024
0 0 -0.0844647
0 0 -0.0375199
0 0 -0.0785354
0 0 -0.0448345
0 0 0.070695
0 0 0.0878448
0 0 -0.0723287
0 0 1.85943e-05
0 0 -0.0221566
0 0 0.0816571
0 0 -0.0179479
0 0 -0.0119964
0 0 -0.0808536
0 0 -0.00236089
0 0 0.00085769
0 0 -0.0864076
0 0 -0.0100578
0 0 -0.012357
0 0 0.0730026
0 0 0.0698809
0 0 -0.11044
0 0 -0.0870246
0 0 0.00973444
0 0 -0.0393185
0 0 -0.0403372
0 0 -0.0919481
0 0 -0.0911175
0 0 0.0320683
0 0 0.00979101
0 0 0.0431305
0 0 0.0468023
0 0 0.0167897
0 0 0.0244413
0 0 0.018718
0 0 0.081089
0 0 0.0796295
0 0 -0.0430221
0 0 -0.0376184
0 0 0.0640559
0 0 0.0674714
0 0 -0.0902488
0 0 -0.00395509
0 0 0.00295172
0 0 0.0113655
0 0 -0.0381135
0 0 0.083837
0 0 0.0431631
0 0 0.0210762
0 0 0.0168197
0 0 0.0769352
0 0 -0.0401235
0 0 0.0621435
0 0 -0.00941071
0 0 -0.000435794
0 0 -0.00747462
0 0 -0.0369787
0 0 0.0797712
0 0 -0.0324379
0 0 0.0683467
0 0 -0.0537766
0 0 -0.0607942
0 0 0.0917914
0 0 0.0746259
0 0 -0.0438922
0 0 0.0769082
0 0 -0.0344118
0 0 0.06445
0 0 -0.02445
0 0 -0.0152431
0 0 -0.0422445
0 0 -0.0235445
0 0 -0.0177651
0 0 -0.021026
0 0 -0.048593
0 0 -0.0863441
0 0 0.030955
0 0 -0.0113894
0 0 -0.0170105
0 0 0.00976973
0 0 0.013902
0 0 -0.0919007
0 0 0.0397647
0 0 -0.0432791
0 0 0.0160048
0 0 0.0127043
0 0 -0.0443877
0 0 0.0536953
0 0 0.0489922
0 0 0.0739604
0 0 0.0724053
0 0 -0.00423484
0 0 -0.00934965
0 0 -0.0617558
0 0 0.0837779
0 0 0.00611208
0 0 0.00950985
0 0 0.0156335
0 0 0.0774515
0 0 0.0774838
0 0 -0.00682753
0 0 -0.00241605
0 0 0.0752617
0 0 -0.0112739
0 0 -0.0389986
0 0 -0.0378862
0 0 -0.00653272
0 0 0.0509591
0 0 0.0485539
0 0 0.0223536
0 0 -0.0459526
0 0 0.0602808
0 0 0.0138658
0 0 0.0037652
0 0 -0.00540361
0 0 0.0156897
0 0 0.0200522
0 0 0.00198613
0 0 -0.00904208
0 0 -0.0458049
0 0 0.027952
0 0 0.01484
0 0 0.0168139
0 0 0.040604
0 0 -0.0400784
0 0 0.0165703
0 0 -0.00218607
0 0 -0.0151967
0 0 -0.0185323
0 0 0.0267158
0 0 0.021469
0 0 0.00429687
0 0 0.021534