0 0 0.00746169
0 0 0.006446
0 0 0.00553845
0 0 4.63098e-05
0 0 0.00572992
0 0 0.0339656
0 0 -0.014386
0 0 -4.59626e-05
0 0 0.0044667
0 0 -0.00440534
0 0 -0.0337133
0 0 0.00029062
0 0 -0.000425915
0 0 -0.00376883
0 0 -0.00438802
0 0 -0.00011018
0 0 0.00746661
0 0 0.00746594
0 0 0.00745832
0 0 0.00741538
0 0 0.00735158
0 0 0.00725583
0 0 0.00713616
0 0 0.00700159
0 0 0.0068502
0 0 0.00669773
0 0 0.00661336
0 0 0.00747055
0 0 0.00747333
0 0 0.00746788
0 0 0.00744443
0 0 0.00740303
0 0 0.00733623
0 0 0.00722763
0 0 0.00709945
0 0 0.00697219
0 0 0.00682694
0 0 0.00669237
0 0 0.0064974
0 0 0.00602293
0 0 0.00568405
0 0 0.00610403
0 0 0.00588164
0 0 0.00555257
0 0 0.00491274
0 0 0.00488793
0 0 0.00477773
0 0 0.00467213
0 0 0.00433776
0 0 0.00414818
0 0 0.00403326
0 0 0.00358788
0 0 0.0034127
0 0 0.00327201
0 0 0.0028399
0 0 0.00270312
0 0 0.0023635
0 0 0.00214227
0 0 0.00179904
0 0 0.00168322
0 0 0.00141099
0 0 0.00140462
0 0 0.000904836
0 0 0.000816839
0 0 0.000912962
0 0 0.000315726
0 0 0.000313787
0 0 0.00517733
0 0 0.00500495
0 0 0.00487039
0 0 0.00467277
0 0 0.00441974
0 0 0.00426888
0 0 0.00401877
0 0 0.00370023
0 0 0.00354737
0 0 0.00328289
0 0 0.00294983
0 0 0.00274842
0 0 0.00247116
0 0 0.00225438
0 0 0.00197406
0 0 0.00177147
0 0 0.0014119
0 0 0.00130687
0 0 0.000797541
0 0 0.000885203
0 0 0.000510284
0 0 0.000208206
0 0 0.000136004
0 0 4.41531e-05
0 0 0.0074651
0 0 0.00745614
0 0 0.0074358
0 0 0.00739315
0 0 0.00731601
0 0 0.00720224
0 0 0.00704626
0 0 0.0068502
0 0 0.00661285
0 0 0.00633887
0 0 0.0060478
0 0 0.00746832
0 0 0.00746339
0 0 0.0074499
0 0 0.00741909
0 0 0.00735905
0 0 0.00726466
0 0 0.00713079
0 0 0.00695488
0 0 0.00673651
0 0 0.00648239
0 0 0.00619741
0 0 0.00589102
0 0 0.00642362
0 0 0.00649226
0 0 0.00667186
0 0 0.00695323
0 0 0.00733707
0 0 0.00788807
0 0 0.00866205
0 0 0.00987624
0 0 0.0118925
0 0 0.0153599
0 0 0.0218303
0 0 0.00631205
0 0 0.00642112
0 0 0.00657042
0 0 0.00679966
0 0 0.0071222
0 0 0.00758685
0 0 0.00822137
0 0 0.00919818
0 0 0.0107537
0 0 0.0133017
0 0 0.0181002
0 0 0.026947
0 0 0.00533037
0 0 0.0053654
0 0 0.00536207
0 0 0.00535482
0 0 0.00530477
0 0 0.00515223
0 0 0.00478593
0 0 0.00404163
0 0 0.00250031
0 0 -0.000346898
0 0 -0.00558269
0 0 0.0052946
0 0 0.0052759
0 0 0.00532756
0 0 0.00533535
0 0 0.00532416
0 0 0.00522214
0 0 0.00498724
0 0 0.00446681
0 0 0.00338547
0 0 0.00141141
0 0 -0.00254575
0 0 -0.00956283
0 0 6.416e-05
0 0 0.000105019
0 0 8.66188e-05
0 0 9.54012e-05
0 0 9.72906e-05
0 0 0.000110995
0 0 7.7484e-05
0 0 2.07195e-05
0 0 -0.000101928
0 0 -0.000231297
0 0 -0.000685975
0 0 -0.000105354
0 0 -2.28028e-05
0 0 -5.09154e-05
0 0 2.6056e-05
0 0 -3.51641e-05
0 0 -8.58795e-06
0 0 -2.37042e-05
0 0 -3.47652e-05
0 0 4.9857e-05
0 0 -2.08669e-05
0 0 -0.000110173
0 0 -2.38101e-05
0 0 0.00582335
0 0 0.00608972
0 0 0.00653191
0 0 0.00718405
0 0 0.00811171
0 0 0.00940172
0 0 0.0111851
0 0 0.0137174
0 0 0.0172427
0 0 0.0221185
0 0 0.0281478
0 0 0.00575318
0 0 0.00592982
0 0 0.0062823
0 0 0.00682658
0 0 0.0075903
0 0 0.00868879
0 0 0.010194
0 0 0.0123061
0 0 0.0152635
0 0 0.0193941
0 0 0.0250395
0 0 0.0314401
0 0 0.0346979
0 0 0.0350352
0 0 0.0347499
0 0 0.0337168
0 0 0.0318268
0 0 0.0289746
0 0 0.0251755
0 0 0.0205264
0 0 0.0152167
0 0 0.00950038
0 0 0.00365805
0 0 -0.00205469
0 0 -0.00739206
0 0 -0.0121651
0 0 -0.0162157
0 0 -0.0194217
0 0 -0.0217105
0 0 -0.0230685
0 0 -0.0234802
0 0 -0.0230413
0 0 -0.0217716
0 0 -0.0197925
0 0 -0.0172829
0 0 0.0344218
0 0 0.0349428
0 0 0.0349861
0 0 0.0343389
0 0 0.0328966
0 0 0.0305257
0 0 0.0271926
0 0 0.0229478
0 0 0.0179362
0 0 0.012391
0 0 0.00657389
0 0 0.00075944
0 0 -0.00479119
0 0 -0.00986723
0 0 -0.0142958
0 0 -0.0179256
0 0 -0.0206761
0 0 -0.0225092
0 0 -0.0233725
0 0 -0.0233627
0 0 -0.0224944
0 0 -0.0208548
0 0 -0.0185976
0 0 -0.0159079
0 0 -0.0103439
0 0 -0.00651441
0 0 -0.00339802
0 0 -0.00103789
0 0 0.000917143
0 0 0.00273229
0 0 0.00435193
0 0 0.00546692
0 0 0.00556023
0 0 0.00497096
0 0 0.00444422
0 0 0.00452021
0 0 0.00469905
0 0 0.00432154
0 0 0.00344131
0 0 0.0025281
0 0 0.00274532
0 0 0.00294069
0 0 0.00249776
0 0 0.00145145
0 0 0.0013122
0 0 0.00161325
0 0 0.00108732
0 0 0.0008456
0 0 0.00138478
0 0 0.00123334
0 0 0.00063563
0 0 0.000367393
0 0 0.000678077
0 0 0.000131014
0 0 6.13082e-05
0 0 0.00052829
0 0 0.00022897
0 0 0.000234542
0 0 1.1981e-05
0 0 -0.000120151
0 0 0.000186904
0 0 -0.000389874
0 0 0.000339101
0 0 0.000100668
0 0 0.000611083
0 0 -0.000222518
0 0 0.00099992
0 0 0.000861203
0 0 7.71113e-05
0 0 -0.000317395
0 0 0.000150117
0 0 -5.34283e-05
0 0 -0.0123341
0 0 -0.00836942
0 0 -0.00484984
0 0 -0.00213584
0 0 -7.84436e-06
0 0 0.00188973
0 0 0.00363727
0 0 0.00504859
0 0 0.00561113
0 0 0.00531783
0 0 0.00474603
0 0 0.00446934
0 0 0.00471193
0 0 0.00464797
0 0 0.00409919
0 0 0.00305684
0 0 0.00260981
0 0 0.00268841
0 0 0.0026364
0 0 0.00160581
0 0 0.00156998
0 0 0.0020381
0 0 0.00159776
0 0 0.000617474
0 0 0.000802863
0 0 0.000900707
0 0 0.000857194
0 0 0.000454849
0 0 0.000730812
0 0 0.000278495
0 0 0.000252468
0 0 0.000545558
0 0 0.00019576
0 0 0.000181043
0 0 0.000296427
0 0 0.000199003
0 0 7.86799e-06
0 0 0.000165213
0 0 0.000149353
0 0 0.000174972
0 0 -0.000245955
0 0 0.000340818
0 0 -0.000106612
0 0 -0.000810187
0 0 -0.00162924
0 0 0.000361021
0 0 0.000569823
0 0 -0.000257368
0 0 -4.15914e-05
0 0 0.00534001
0 0 0.00491915
0 0 0.00553992
0 0 0.00513631
0 0 0.00469434
0 0 0.038035
0 0 0.0425491
0 0 0.047108
0 0 0.0512542
0 0 0.0538903
0 0 0.0547941
0 0 0.0519729
0 0 0.0442935
0 0 0.0345135
0 0 0.023431
0 0 0.0139098
0 0 0.00604459
0 0 3.78246e-05
0 0 0.0359803
0 0 0.0402503
0 0 0.0448237
0 0 0.0493583
0 0 0.0530747
0 0 0.0544792
0 0 0.0539063
0 0 0.048274
0 0 0.0394678
0 0 0.0288063
0 0 0.0185929
0 0 0.00977636
0 0 0.00284335
0 0 -0.0024128
0 0 -0.0170898
0 0 -0.0199696
0 0 -0.0232838
0 0 -0.0275574
0 0 -0.0380574
0 0 -0.0590709
0 0 -0.0405711
0 0 0.00499561
0 0 -0.0185378
0 0 -0.0302709
0 0 -0.0340335
0 0 -0.0350264
0 0 -0.0346701
0 0 -0.0158091
0 0 -0.018523
0 0 -0.0215128
0 0 -0.0252602
0 0 -0.0307054
0 0 -0.046317
0 0 -0.0624681
0 0 0.000481772
0 0 -0.00711756
0 0 -0.0257702
0 0 -0.0328355
0 0 -0.0347983
0 0 -0.0349602
0 0 -0.0342512
0 0 0.000764689
0 0 0.000954901
0 0 0.000722053
0 0 0.00164303
0 0 0.000259054
0 0 0.00450894
0 0 0.00463148
0 0 0.00482698
0 0 0.00510445
0 0 0.005463
0 0 0.00592411
0 0 0.00647749
0 0 0.00703936
0 0 0.00742688
0 0 0.00717531
0 0 0.00448302
0 0 0.00447703
0 0 0.00455531
0 0 0.00471472
0 0 0.00494819
0 0 0.00527275
0 0 0.00567824
0 0 0.00617755
0 0 0.00670386
0 0 0.00730123
0 0 0.00745958
0 0 0.00644737
0 0 0.00140054
0 0 -0.00811092
0 0 -0.0126407
0 0 -0.0181327
0 0 -0.0245416
0 0 -0.0317028
0 0 -0.0392527
0 0 -0.0467463
0 0 -0.0536713
0 0 -0.0595898
0 0 -0.0642403
0 0 -0.0675096
0 0 -0.0694108
0 0 -0.070093
0 0 -0.0697116
0 0 -0.0683981
0 0 -0.0662882
0 0 -0.0634934
0 0 -0.0600889
0 0 -0.0561853
0 0 -0.051882
0 0 -0.0473496
0 0 -0.0427149
0 0 -0.0381374
0 0 -0.00608934
0 0 -0.0102485
0 0 -0.0152576
0 0 -0.0212247
0 0 -0.0280397
0 0 -0.0354586
0 0 -0.0430406
0 0 -0.0502854
0 0 -0.0567617
0 0 -0.0620773
0 0 -0.0660365
0 0 -0.0686042
0 0 -0.069884
0 0 -0.0700091
0 0 -0.0691583
0 0 -0.0674337
0 0 -0.0649737
0 0 -0.0618608
0 0 -0.0581912
0 0 -0.0540631
0 0 -0.0496329
0 0 -0.0450296
0 0 -0.0404161
0 0 -0.0359062
0 0 -0.027807
0 0 -0.0221304
0 0 -0.0167973
0 0 -0.0119952
0 0 -0.00807602
0 0 -0.00530797
0 0 -0.00350695
0 0 -0.00231912
0 0 -0.00117685
0 0 -7.55885e-05
0 0 0.000657966
0 0 0.000752425
0 0 0.000504177
0 0 0.000300664
0 0 0.000539243
0 0 0.0008308
0 0 0.000588407
0 0 0.000182994
0 0 -4.07927e-05
0 0 0.00033647
0 0 0.000595266
0 0 4.99784e-05
0 0 -0.000261407
0 0 -0.000432818
0 0 -0.000343132
0 0 -0.000272134
0 0 -0.000114228
0 0 -0.000200491
0 0 -0.000415297
0 0 -0.000272149
0 0 -0.000375384
0 0 -0.00010313
0 0 -0.000208058
0 0 -0.000193549
0 0 -0.000301217
0 0 -3.33176e-05
0 0 -0.000543186
0 0 0.000621376
0 0 -0.000708468
0 0 0.000133576
0 0 -0.00058697
0 0 -2.52783e-05
0 0 -0.000843042
0 0 -0.000204483
0 0 0.000564293
0 0 0.00015343
0 0 7.20598e-05
0 0 4.84455e-05
0 0 -0.0307068
0 0 -0.024896
0 0 -0.0193562
0 0 -0.0142555
0 0 -0.0098614
0 0 -0.00650043
0 0 -0.004319
0 0 -0.0028682
0 0 -0.00172265
0 0 -0.000623868
0 0 0.000328182
0 0 0.000733958
0 0 0.000625356
0 0 0.000379495
0 0 0.000366818
0 0 0.000749168
0 0 0.000748182
0 0 0.000380343
0 0 5.47821e-05
0 0 0.000444335
0 0 8.81052e-05
0 0 -0.000130355
0 0 -0.000202366
0 0 0.000303336
0 0 6.0106e-05
0 0 -0.00038353
0 0 -0.000211432
0 0 -0.000111528
0 0 -0.000573799
0 0 -0.000259274
0 0 -3.35806e-06
0 0 -0.000351729
0 0 -0.000673694
0 0 -0.000310654
0 0 -0.00035203
0 0 -0.000356516
0 0 -0.000184662
0 0 -0.000320722
0 0 -0.000238922
0 0 -0.00016026
0 0 -4.62242e-05
0 0 -0.00055503
0 0 0.000146355
0 0 -2.69521e-05
0 0 0.000495957
0 0 -0.00055333
0 0 -0.000171483
0 0 -0.00028436
0 0 -0.000191505
0 0 0.00404504
0 0 0.00357477
0 0 0.00308324
0 0 0.00256232
0 0 0.00203395
0 0 0.00151064
0 0 0.00101444
0 0 0.000569897
0 0 0.00017785
0 0 -0.000140274
0 0 -0.000318005
0 0 0.00425334
0 0 0.00380792
0 0 0.00332633
0 0 0.00281752
0 0 0.00229203
0 0 0.00176305
0 0 0.00124867
0 0 0.000776264
0 0 0.000349571
0 0 3.11743e-06
0 0 -0.000248563
0 0 -0.000377309
0 0 -0.0120851
0 0 -0.0127267
0 0 -0.01135
0 0 -0.00968557
0 0 -0.0081824
0 0 -0.00696736
0 0 -0.006025
0 0 -0.00528898
0 0 -0.00476204
0 0 -0.00438643
0 0 -0.00408071
0 0 -0.00985495
0 0 -0.0128254
0 0 -0.0121432
0 0 -0.0104518
0 0 -0.00890833
0 0 -0.00754468
0 0 -0.00645778
0 0 -0.00562455
0 0 -0.00500569
0 0 -0.004554
0 0 -0.00427103
0 0 -0.0042176
0 0 -0.0276499
0 0 -0.0216429
0 0 -0.0168185
0 0 -0.0131624
0 0 -0.0105756
0 0 -0.00863776
0 0 -0.00725537
0 0 -0.00622859
0 0 -0.00549676
0 0 -0.00499124
0 0 -0.00474991
0 0 -0.0308666
0 0 -0.0244358
0 0 -0.0189191
0 0 -0.014816
0 0 -0.0117342
0 0 -0.0095312
0 0 -0.00791186
0 0 -0.00673681
0 0 -0.00588474
0 0 -0.00531095
0 0 -0.0048864
0 0 -0.0046578
0 0 -0.000189364
0 0 -8.97367e-05
0 0 -6.15571e-05
0 0 -6.16062e-05
0 0 7.69718e-06
0 0 8.08483e-05
0 0 -1.509e-05
0 0 -1.45538e-05
0 0 -3.68247e-05
0 0 -2.68473e-05
0 0 -1.36438e-05
0 0 0.000305638
0 0 3.86247e-05
0 0 -1.07935e-06
0 0 -4.26477e-05
0 0 -6.77828e-06
0 0 -4.43836e-05
0 0 -3.65902e-05
0 0 -7.92729e-06
0 0 -1.41337e-05
0 0 3.67578e-06
0 0 -3.40516e-06
0 0 3.15624e-05
0 0 -0.000474998
0 0 -0.00072698
0 0 -0.00097839
0 0 -0.00140078
0 0 -0.00186959
0 0 -0.00232273
0 0 -0.00270435
0 0 -0.00306075
0 0 -0.00336159
0 0 -0.00362324
0 0 -0.00358094
0 0 -0.000367606
0 0 -0.000516548
0 0 -0.000828027
0 0 -0.0011821
0 0 -0.0016091
0 0 -0.00199265
0 0 -0.00239144
0 0 -0.00281864
0 0 -0.00310451
0 0 -0.00341524
0 0 -0.00354261
0 0 -0.00387285
0 0 -0.00447744
0 0 -0.00474949
0 0 -0.00454087
0 0 -0.00452239
0 0 -0.00458012
0 0 -0.00486292
0 0 -0.00470658
0 0 -0.00459091
0 0 -0.0045157
0 0 -0.00448248
0 0 -0.00440044
0 0 -0.00426092
0 0 -0.00398756
0 0 -0.00384608
0 0 -0.0036574
0 0 -0.00329547
0 0 -0.00309336
0 0 -0.00268786
0 0 -0.00251077
0 0 -0.00213125
0 0 -0.00199817
0 0 -0.00159789
0 0 -0.00147167
0 0 -0.00104043
0 0 -0.000849741
0 0 -0.00078269
0 0 -0.000415787
0 0 -0.000225274
0 0 -0.0047188
0 0 -0.00471899
0 0 -0.00470401
0 0 -0.00466252
0 0 -0.00462611
0 0 -0.00448797
0 0 -0.00433542
0 0 -0.00414425
0 0 -0.0039825
0 0 -0.00375526
0 0 -0.00347059
0 0 -0.00325771
0 0 -0.0029356
0 0 -0.00267464
0 0 -0.00234198
0 0 -0.00211224
0 0 -0.0016586
0 0 -0.00155115
0 0 -0.00111379
0 0 -0.00102389
0 0 -0.000716031
0 0 -0.000481364
0 0 -0.000290537
0 0 -0.000114819
0 0 0.00792563
0 0 0.00963392
0 0 0.00745175
0 0 0.00737364
0 0 0.00751461
0 0 0.00809172
0 0 0.00702494
0 0 0.012478
0 0 0.00842721
0 0 0.0074673
0 0 0.00749023
0 0 0.0107899
0 0 0.00686356
0 0 0.00918096
0 0 0.00836191
0 0 0.0073196
0 0 0.00727055
0 0 0.00723144
0 0 0.00781909
0 0 0.00778074
0 0 0.00760886
0 0 0.00731992
0 0 0.0166425
0 0 0.00745711
0 0 0.00747133
0 0 0.00859135
0 0 0.00747791
0 0 0.00679639
0 0 0.0105826
0 0 0.00766611
0 0 0.00759853
0 0 0.00800918
0 0 0.0142915
0 0 0.00739636
0 0 0.00889945
0 0 0.00930677
0 0 0.00786048
0 0 0.00653445
0 0 0.00644822
0 0 0.00734965
0 0 0.00812848
0 0 0.00708509
0 0 0.00750892
0 0 0.0129016
0 0 0.0107584
0 0 0.00761194
0 0 0.0074378
0 0 0.007001
0 0 0.00752761
0 0 0.00776807
0 0 0.00691618
0 0 0.00745627
0 0 0.00727899
0 0 0.00743493
0 0 0.0116148
0 0 0.00865449
0 0 0.00660553
0 0 0.00700019
0 0 0.00752632
0 0 0.0111168
0 0 0.00775559
0 0 0.00745732
0 0 0.00800903
0 0 0.0208999
0 0 0.00877981
0 0 0.00823453
0 0 0.00930646
0 0 0.00714223
0 0 0.00621299
0 0 0.00948481
0 0 0.00740601
0 0 0.0100481
0 0 0.0172483
0 0 0.00747095
0 0 0.00723306
0 0 0.00674079
0 0 0.00807149
0 0 0.00693147
0 0 0.00686308
0 0 0.00846344
0 0 0.00779133
0 0 0.00717558
0 0 0.0077052
0 0 0.00714979
0 0 0.00673764
0 0 0.00748479
0 0 0.00645264
0 0 0.00748127
0 0 0.00761975
0 0 0.00737467
0 0 0.00772246
0 0 0.00594549
0 0 0.00756405
0 0 0.0100152
0 0 0.00756486
0 0 0.00707395
0 0 0.0125816
0 0 0.0073155
0 0 0.0150397
0 0 0.00762162
0 0 0.00735893
0 0 0.00746721
0 0 0.00792451
0 0 0.00764761
0 0 0.00842064
0 0 0.00750267
0 0 0.00749805
0 0 0.00823533
0 0 0.00711897
0 0 0.0110895
0 0 0.00997504
0 0 0.00746039
0 0 0.00961411
0 0 0.00739405
0 0 0.00752101
0 0 0.00678317
0 0 0.00743302
0 0 0.0144477
0 0 0.00901797
0 0 0.00877363
0 0 0.0080196
0 0 0.00633869
0 0 0.00746365
0 0 0.0074537
0 0 0.00725884
0 0 0.0119512
0 0 0.00664938
0 0 0.00898025
0 0 0.0074792
0 0 0.00736284
0 0 0.00839945
0 0 0.0073347
0 0 0.00696056
0 0 0.00843245
0 0 0.00791057
0 0 0.0075092
0 0 0.0132197
0 0 0.007082
0 0 0.00978976
0 0 0.00797539
0 0 0.00755353
0 0 0.0081709
0 0 0.00765023
0 0 0.00663237
0 0 0.0101995
0 0 0.00743903
0 0 0.00749957
0 0 0.0070876
0 0 0.0152098
0 0 0.00836959
0 0 0.00750717
0 0 0.00678202
0 0 0.00734995
0 0 0.00746529
0 0 0.0262248
0 0 0.0179055
0 0 0.00649139
0 0 0.0066485
0 0 0.00830313
0 0 0.007493
0 0 0.013864
0 0 0.00891182
0 0 0.00769039
0 0 0.00785946
0 0 0.00716417
0 0 0.00787927
0 0 0.0088165
0 0 0.0076097
0 0 0.0092487
0 0 0.00990784
0 0 0.0095976
0 0 0.00986045
0 0 0.0104963
0 0 0.010043
0 0 0.00693187
0 0 0.00705754
0 0 0.00701002
0 0 0.00701542
0 0 0.00691699
0 0 0.0081677
0 0 0.00810648
0 0 0.00832887
0 0 0.0074726
0 0 0.00747276
0 0 0.00746833
0 0 0.0220595
0 0 0.024321
0 0 0.0071892
0 0 0.00712269
0 0 0.00906939
0 0 0.00857194
0 0 0.0117697
0 0 0.0109974
0 0 0.0115437
0 0 0.00753804
0 0 0.00757222
0 0 0.00748657
0 0 0.0106189
0 0 0.0107537
0 0 0.0115204
0 0 0.00780036
0 0 0.00770278
0 0 0.007709
0 0 0.00803969
0 0 0.00789522
0 0 0.019459
0 0 0.0191346
0 0 0.00859257
0 0 0.00869222
0 0 0.0089101
0 0 0.00724155
0 0 0.00730487
0 0 0.00729751
0 0 0.00746784
0 0 0.00761564
0 0 0.00767574
0 0 0.0083036
0 0 0.00817613
0 0 0.00858003
0 0 0.00735724
0 0 0.0073043
0 0 0.00805524
0 0 0.00834712
0 0 0.00733547
0 0 0.00725553
0 0 0.00738067
0 0 0.00884353
0 0 0.00823766
0 0 0.00707648
0 0 0.00691741
0 0 0.00724398
0 0 0.00723618
0 0 0.00702428
0 0 0.00730212
0 0 0.00719056
0 0 0.00717873
0 0 0.00702949
0 0 0.00688706
0 0 0.00712765
0 0 0.0113158
0 0 0.0122679
0 0 0.00774247
0 0 0.00783061
0 0 0.00795577
0 0 0.00703097
0 0 0.00710733
0 0 0.00742649
0 0 0.00740473
0 0 0.0134909
0 0 0.0138814
0 0 0.0126219
0 0 0.00980745
0 0 0.00772534
0 0 0.0075682
0 0 0.0076401
0 0 0.00741102
0 0 0.00746564
0 0 0.00732858
0 0 0.00733812
0 0 0.00728613
0 0 0.00727719
0 0 0.00721623
0 0 0.0074715
0 0 0.00747364
0 0 0.0119645
0 0 0.0114948
0 0 0.00751289
0 0 0.00758427
0 0 0.00769349
0 0 0.0115999
0 0 0.012151
0 0 0.011207
0 0 0.00841496
0 0 0.00855973
0 0 0.00720821
0 0 0.00724887
0 0 0.00740843
0 0 0.00743992
0 0 0.00742267
0 0 0.00789224
0 0 0.0112409
0 0 0.0107683
0 0 0.00745579
0 0 0.00751049
0 0 0.00613914
0 0 0.00627948
0 0 0.00928336
0 0 0.00985325
0 0 0.00941341
0 0 0.00974696
0 0 0.0103762
0 0 0.00734958
0 0 0.00742339
0 0 0.00715495
0 0 0.00743785
0 0 0.00753243
0 0 0.0068774
0 0 0.00679295
0 0 0.00745815
0 0 0.0074479
0 0 0.0105121
0 0 0.0101384
0 0 0.00743502
0 0 0.0067921
0 0 0.00711491
0 0 0.00718112
0 0 0.00714747
0 0 0.00747677
0 0 0.00754896
0 0 0.00742484
0 0 0.00742376
0 0 0.00745112
0 0 0.0074406
0 0 0.0110267
0 0 0.0118163
0 0 0.00724499
0 0 0.00742664
0 0 0.00739542
0 0 0.00731162
0 0 0.0074607
0 0 0.0074673
0 0 0.00798123
0 0 0.00772317
0 0 0.00689374
0 0 0.00792764
0 0 0.00800856
0 0 0.00802652
0 0 0.00815598
0 0 0.00803699
0 0 0.00718636
0 0 0.00720805
0 0 0.00697015
0 0 0.007227
0 0 0.00609234
0 0 0.0063812
0 0 0.00879796
0 0 0.00851504
0 0 0.00673843
0 0 0.00657427
0 0 0.00680619
0 0 0.00675539
0 0 0.00709554
0 0 0.00707978
0 0 0.00748624
0 0 0.00766163
0 0 0.00655876
0 0 0.0066771
0 0 0.00758864
0 0 0.0075473
0 0 0.00756564
0 0 0.00750036
0 0 0.00754102
0 0 0.00749828
0 0 0.00800793
0 0 0.00771132
0 0 0.00769316
0 0 0.00938634
0 0 0.00904349
0 0 0.00890029
0 0 0.00702851
0 0 0.00708445
0 0 0.0070543
0 0 0.00717019
0 0 0.00713765
0 0 0.0102673
0 0 0.0073867
0 0 0.00669937
0 0 0.00664059
0 0 0.00747067
0 0 0.00757355
0 0 0.00753094
0 0 0.00679744
0 0 0.00691626
0 0 0.00689969
0 0 0.00781206
0 0 0.00774934
0 0 0.00784216
0 0 0.0074477
0 0 0.00743531
0 0 0.0123303
0 0 0.0122775
0 0 0.00737434
0 0 0.00760829
0 0 0.00711252
0 0 0.00697872
0 0 0.0071591
0 0 0.00706018
0 0 0.00587571
0 0 0.00608181
0 0 0.00602351
0 0 0.0144418
0 0 0.0157848
0 0 0.0156235
0 0 0.00756922
0 0 0.00758609
0 0 0.00748487
0 0 0.00777905
0 0 0.00759036
0 0 0.00765685
0 0 0.00768847
0 0 0.0077027
0 0 0.00746829
0 0 0.00793697
0 0 0.00799636
0 0 0.00786707
0 0 0.00752961
0 0 0.00753643
0 0 0.00811408
0 0 0.0185577
0 0 0.0171639
0 0 0.00745315
0 0 0.00748222
0 0 0.00748514
0 0 0.00747766
0 0 0.00970949
0 0 0.00992369
0 0 0.00746832
0 0 0.00760752
0 0 0.00763757
0 0 0.0155266
0 0 0.00738255
0 0 0.00743062
0 0 0.0133433
0 0 0.0135238
0 0 0.00986822
0 0 0.0104145
0 0 0.00761967
0 0 0.00787366
0 0 0.00751403
0 0 0.0133946
0 0 0.0126095
0 0 0.00755153
0 0 0.00752482
0 0 0.0074696
0 0 0.00746855
0 0 0.00654571
0 0 0.00723048
0 0 0.00883447
0 0 0.00927662
0 0 0.0135081
0 0 0.00696164
0 0 0.00642382
0 0 0.00741912
0 0 0.00738465
0 0 0.00752372
0 0 0.00755046
0 0 0.0075143
0 0 0.00812205
0 0 0.00758903
0 0 0.0153979
0 0 0.00722798
0 0 0.0081208
0 0 0.0080758
0 0 0.00786779
0 0 0.00776202
0 0 0.0105411
0 0 0.0138121
0 0 0.0129884
0 0 0.007511
0 0 0.00750526
0 0 0.00954831
0 0 0.00742929
0 0 0.00687165
0 0 0.00697847
0 0 0.00626812
0 0 0.0084143
0 0 0.0175261
0 0 0.0105168
0 0 0.00785734
0 0 0.00798015
0 0 0.00664748
0 0 0.00770075
0 0 0.00772538
0 0 0.00683738
0 0 0.00776287
0 0 0.00777584
0 0 0.00797661
0 0 0.00788978
0 0 0.00964201
0 0 0.00946244
0 0 0.00744487
0 0 0.00745897
0 0 0.00740363
0 0 0.00747941
0 0 0.00877024
0 0 0.00714804
0 0 0.00723017
0 0 0.00750379
0 0 0.00748771
0 0 0.00627331
0 0 0.00612402
0 0 0.00768571
0 0 0.00758998
0 0 0.00747189
0 0 0.00758468
0 0 0.00848863
0 0 0.00861854
0 0 0.00950485
0 0 0.00895474
0 0 0.007795
0 0 0.00790125
0 0 0.00819268
0 0 0.00802139
0 0 0.00817096
0 0 0.00723293
0 0 0.00735674
0 0 0.00738058
0 0 0.00667232
0 0 0.0124178
0 0 0.0116204
0 0 0.00658167
0 0 0.00651128
0 0 0.00672403
0 0 0.00676517
0 0 0.00749884
0 0 0.0075003
0 0 0.0085272
0 0 0.00824933
0 0 0.00832516
0 0 0.00821942
0 0 0.00856024
0 0 0.00690835
0 0 0.00746257
0 0 0.00717294
0 0 0.00733823
0 0 0.00736804
0 0 0.00736128
0 0 0.00663525
0 0 0.00687442
0 0 0.00719272
0 0 0.00763561
0 0 0.00766082
0 0 0.00930356
0 0 0.00926201
0 0 0.00651767
0 0 0.00662341
0 0 0.00632491
0 0 0.00879238
0 0 0.0128364
0 0 0.0131702
0 0 0.00847016
0 0 0.00726852
0 0 0.00741316
0 0 0.00742294
0 0 0.00739554
0 0 0.0231109
0 0 0.0274834
0 0 0.00809447
0 0 0.00826526
0 0 0.00770619
0 0 0.00782803
0 0 0.00657664
0 0 0.00687307
0 0 0.00676455
0 0 0.00748344
0 0 0.00747838
0 0 0.00747774
0 0 0.010849
0 0 0.00953283
0 0 0.0102583
0 0 0.0088658
0 0 0.00864879
0 0 0.0295724
0 0 0.0242541
0 0 0.00711317
0 0 0.00748903
0 0 0.00743525
0 0 0.00740522
0 0 0.00746881
0 0 0.00724445
0 0 0.0162785
0 0 0.014772
0 0 0.00728765
0 0 0.00722902
0 0 0.00683112
0 0 0.00690082
0 0 0.00727306
0 0 0.00902829
0 0 0.00930002
0 0 0.0090097
0 0 0.00899965
0 0 0.00820413
0 0 0.00747618
0 0 0.0074605
0 0 0.00674927
0 0 0.00671633
0 0 0.00916367
0 0 0.00945617
0 0 0.00737218
0 0 0.00733153
0 0 0.0174216
0 0 0.0193506
0 0 0.00745367
0 0 0.00695665
0 0 0.00782098
0 0 0.00737957
0 0 0.00724759
0 0 0.00730193
0 0 0.00751434
0 0 0.0074921
0 0 0.0134309
0 0 0.010657
0 0 0.0070378
0 0 0.00703031
0 0 0.0075053
0 0 0.00746655
0 0 0.00746299
0 0 0.00691825
0 0 0.00797988
0 0 0.00780671
0 0 0.00789855
0 0 0.00787258
0 0 0.00760459
0 0 0.00662077
0 0 0.00655088
0 0 0.00815709
0 0 0.00688206
0 0 0.006755
0 0 0.00747328
0 0 0.00746851
0 0 0.00746246
0 0 0.00821489
0 0 0.00763098
0 0 0.00652768
0 0 0.00764744
0 0 0.00747056
0 0 0.00822328
0 0 0.00810234
0 0 0.00659985
0 0 0.00657194
0 0 0.00735671
0 0 0.00774233
0 0 0.0218798
0 0 0.0196944
0 0 0.00893914
0 0 0.00922864
0 0 0.00734817
0 0 0.00860886
0 0 0.00865328
0 0 0.00746654
0 0 0.00922984
0 0 0.00768743
0 0 0.00660971
0 0 0.00743413
0 0 0.0161596
0 0 0.0167094
0 0 0.00829091
0 0 0.00855882
0 0 0.0091857
0 0 0.0145447
0 0 0.0104046
0 0 0.00745814
0 0 0.00747086
0 0 0.00674961
0 0 0.00599213
0 0 0.00583574
0 0 0.00857355
0 0 0.00858561
0 0 0.00641409
0 0 0.00635692
0 0 0.0159518
0 0 0.0163021
0 0 0.00893483
0 0 0.00912337
0 0 0.00730909
0 0 0.00746758
0 0 0.007025
0 0 0.00746711
0 0 0.00748322
0 0 0.00693394
0 0 0.00985537
0 0 0.00833327
0 0 0.00748542
0 0 0.00875278
0 0 0.0142378
0 0 0.00748804
0 0 0.00650836
0 0 0.00912913
0 0 0.00766398
0 0 0.00674214
0 0 0.00676309
0 0 0.0081881
0 0 0.00821513
0 0 0.0073639
0 0 0.0073983
0 0 0.00746999
0 0 0.00673344
0 0 0.00794812
0 0 0.00749695
0 0 0.00755871
0 0 0.00643512
0 0 0.00637855
0 0 0.0074709
0 0 0.00750308
0 0 0.00761584
0 0 0.00859505
0 0 0.00754073
0 0 0.00850303
0 0 0.00870545
0 0 0.0151469
0 0 0.0145041
0 0 0.00760553
0 0 0.00758571
0 0 0.0076646
0 0 0.00755891
0 0 0.00837329
0 0 0.00844133
0 0 0.0101651
0 0 0.00826665
0 0 0.00747821
0 0 0.00743756
0 0 0.00741287
0 0 0.00755161
0 0 0.0098442
0 0 0.00835649
0 0 0.00751353
0 0 0.00961412
0 0 0.00766702
0 0 0.0141287
0 0 0.00648802
0 0 0.00663278
0 0 0.00537059
0 0 -0.00362577
0 0 0.0153223
0 0 0.00226846
0 0 0.00668767
0 0 -0.00680458
0 0 -0.0109387
0 0 -0.0122505
0 0 0.0106581
0 0 0.0192788
0 0 0.0248146
0 0 0.00658722
0 0 0.00625375
0 0 -0.00356426
0 0 0.00266884
0 0 0.00589132
0 0 0.00598274
0 0 0.0295808
0 0 -0.0129075
0 0 0.00893962
0 0 0.00442908
0 0 -0.0131433
0 0 0.0157552
0 0 0.00598348
0 0 -0.0166723
0 0 0.0249917
0 0 0.00633317
0 0 0.00579001
0 0 0.00770519
0 0 0.00690577
0 0 0.00163244
0 0 0.0112097
0 0 -0.00983114
0 0 0.0068181
0 0 -0.0024
0 0 -0.0179162
0 0 0.00873953
0 0 0.0216947
0 0 0.00496977
0 0 0.00580376
0 0 0.0311098
0 0 0.00753571
0 0 -0.0170789
0 0 0.00568698
0 0 0.00577078
0 0 -0.0134869
0 0 -0.00697301
0 0 0.00178702
0 0 0.0124404
0 0 0.007793
0 0 0.0291806
0 0 -0.018568
0 0 -0.00684102
0 0 0.00611298
0 0 0.00613655
0 0 0.00566692
0 0 0.00676981
0 0 0.00573649
0 0 -0.00287931
0 0 0.0167234
0 0 0.00184647
0 0 0.00635809
0 0 -0.0169097
0 0 0.0164005
0 0 0.00634747
0 0 0.00563017
0 0 0.00589783
0 0 0.00623128
0 0 0.0101788
0 0 0.00832092
0 0 -0.0197748
0 0 -0.0203465
0 0 0.0127427
0 0 0.0113019
0 0 0.0233205
0 0 0.0212761
0 0 0.010626
0 0 0.00990155
0 0 0.0118914
0 0 0.00737643
0 0 0.0066884
0 0 0.00611943
0 0 0.00199773
0 0 0.00323034
0 0 0.00324408
0 0 0.000204695
0 0 0.0136628
0 0 -0.0198267
0 0 -0.0196859
0 0 0.0169715
0 0 0.0226518
0 0 0.0196695
0 0 0.0281482
0 0 0.0268278
0 0 0.00614147
0 0 0.00644592
0 0 0.0065501
0 0 0.00614182
0 0 0.00636599
0 0 0.00538814
0 0 0.00553352
0 0 0.00490151
0 0 0.00521209
0 0 0.00627828
0 0 0.00708132
0 0 0.0199337
0 0 0.0163969
0 0 0.00833866
0 0 0.00600503
0 0 0.0082809
0 0 0.00873686
0 0 0.00472341
0 0 0.00382285
0 0 0.0101086
0 0 0.00883519
0 0 0.0044119
0 0 0.00545752
0 0 0.0321431
0 0 0.0305493
0 0 0.0331631
0 0 0.00180739
0 0 -0.00144992
0 0 -0.00224184
0 0 0.0138276
0 0 0.0151765
0 0 -0.0174101
0 0 -0.0148852
0 0 -0.0149804
0 0 0.00810873
0 0 0.00940128
0 0 0.00683833
0 0 0.00652676
0 0 0.00774064
0 0 0.00964122
0 0 0.0114409
0 0 0.00911842
0 0 -0.0192275
0 0 -0.017591
0 0 0.00557542
0 0 0.00562717
0 0 0.019237
0 0 0.0183527
0 0 -0.000158651
0 0 -0.000542324
0 0 0.00229601
0 0 0.0067969
0 0 0.006257
0 0 0.00702332
0 0 0.00593636
0 0 0.00588658
0 0 0.00607701
0 0 0.00615809
0 0 0.0062963
0 0 0.00600627
0 0 0.00715556
0 0 0.00737857
0 0 0.00417123
0 0 0.00307048
0 0 -0.00832797
0 0 -0.00975487
0 0 -0.0117795
0 0 -0.0207405
0 0 -0.0174677
0 0 0.00705332
0 0 0.00657856
0 0 0.00765858
0 0 -0.00518086
0 0 -0.00101404
0 0 0.0236397
0 0 0.0252146
0 0 0.00584904
0 0 0.00613201
0 0 0.00652977
0 0 0.00664229
0 0 -0.00937679
0 0 -0.0121564
0 0 -0.00984626
0 0 0.0192412
0 0 0.0235779
0 0 -0.006767
0 0 0.00575099
0 0 0.00600064
0 0 0.0057154
0 0 0.00526124
0 0 0.00538745
0 0 -0.0109765
0 0 -0.0127963
0 0 0.0142484
0 0 0.0129737
0 0 0.0178887
0 0 0.0329151
0 0 0.0324452
0 0 -0.0193017
0 0 -0.0184142
0 0 -0.0133942
0 0 0.00653923
0 0 -0.00557681
0 0 0.00139725
0 0 -0.000354654
0 0 0.00556115
0 0 0.00573339
0 0 0.00564592
0 0 0.00583448
0 0 0.00773191
0 0 0.00687872
0 0 0.00551437
0 0 0.00582721
0 0 0.00568149
0 0 -0.0120299
0 0 -0.0144224
0 0 -0.0137534
0 0 0.0219699
0 0 0.0251875
0 0 0.00554616
0 0 0.00454478
0 0 0.0273095
0 0 0.0251529
0 0 0.00574981
0 0 0.00632745
0 0 0.00617953
0 0 0.00574592
0 0 0.00594813
0 0 0.00611111
0 0 -0.000594078
0 0 -0.0034487
0 0 0.00652501
0 0 -0.00229592
0 0 -0.00469788
0 0 0.00801344
0 0 0.00540389
0 0 0.00708086
0 0 0.00718537
0 0 0.00774287
0 0 0.00570802
0 0 0.00524586
0 0 0.00606585
0 0 0.00623471
0 0 0.00560675
0 0 0.00440305
0 0 0.00394018
0 0 -0.0177241
0 0 -0.0206853
0 0 0.030479
0 0 0.0271691
0 0 0.00557806
0 0 0.00558578
0 0 -0.00459867
0 0 -0.00148066
0 0 0.00808876
0 0 0.00761426
0 0 0.0136424
0 0 0.00623998
0 0 0.00605314
0 0 0.00554055
0 0 0.00876245
0 0 -0.0140744
0 0 -0.01557
0 0 0.0268468
0 0 0.00634764
0 0 0.0278263
0 0 0.0302924
0 0 -0.00654848
0 0 -0.0150739
0 0 0.00595164
0 0 0.00586194
0 0 0.0186263
0 0 0.0204309
0 0 -0.017923
0 0 -0.0145979
0 0 0.00546979
0 0 0.0160715
0 0 0.00641029
0 0 0.00549642
0 0 -0.0148359
0 0 -0.0162496
0 0 -0.00661092
0 0 -0.00463625
0 0 -0.00308546
0 0 0.000337709
0 0 0.0313774
0 0 -0.00721505
0 0 -0.00942176
0 0 -0.0201516
0 0 0.00262892
0 0 -1.90157e-06
0 0 0.0137135
0 0 0.0111842
0 0 0.00566171
0 0 0.00612478
0 0 -0.00851424
0 0 -0.0181346
0 0 0.00592181
0 0 0.00567003
0 0 0.00597317
0 0 0.015892
0 0 -0.00861681
0 0 -0.0127833
0 0 -0.00856595
0 0 -0.0088064
0 0 -0.00936032
0 0 0.00583128
0 0 0.00589201
0 0 0.00563747
0 0 -0.00547917
0 0 -0.00469807
0 0 -0.000392258
0 0 0.00433906
0 0 -0.0149235
0 0 0.0160696
0 0 -0.015223
0 0 0.0143912
0 0 -0.00512487
0 0 0.00224276
0 0 0.0319802
0 0 -0.0139341
0 0 0.0321813
0 0 0.00269082
0 0 0.00127581
0 0 0.00305263
0 0 0.000624357
0 0 0.00162529
0 0 0.00287912
0 0 0.00219811
0 0 0.00363424
0 0 0.000968254
0 0 0.000729533
0 0 0.00209612
0 0 0.00279075
0 0 0.00359018
0 0 0.000132155
0 0 0.0015672
0 0 0.00147575
0 0 0.00440652
0 0 0.00198858
0 0 0.00050776
0 0 0.00281291
0 0 0.00144588
0 0 0.00106613
0 0 0.0026415
0 0 0.00322322
0 0 0.000416405
0 0 0.000908199
0 0 0.00227838
0 0 0.0022054
0 0 0.00330611
0 0 0.00173712
0 0 0.00435968
0 0 0.00363059
0 0 0.00142847
0 0 0.000549642
0 0 0.00324813
0 0 0.000859876
0 0 0.00197709
0 0 0.00325596
0 0 0.00047458
0 0 0.00257608
0 0 0.00287068
0 0 0.00246006
0 0 -0.000411053
0 0 0.000215487
0 0 0.00175149
0 0 0.00310974
0 0 0.00264224
0 0 0.00110636
0 0 0.000926213
0 0 0.00385467
0 0 0.000206192
0 0 0.000771864
0 0 0.00245082
0 0 0.00429654
0 0 0.000500369
0 0 0.00204739
0 0 0.00298058
0 0 5.25837e-05
0 0 0.00128108
0 0 0.000457842
0 0 0.000459243
0 0 0.00309208
0 0 0.00119476
0 0 0.00352554
0 0 0.00186291
0 0 0.00379168
0 0 0.0023052
0 0 0.00139412
0 0 0.00466226
0 0 0.000571071
0 0 0.00251468
0 0 0.00286639
0 0 0.00120407
0 0 0.00102213
0 0 0.00340422
0 0 0.000534561
0 0 0.00231462
0 0 0.0037349
0 0 0.00176099
0 0 0.000175045
0 0 0.0042001
0 0 0.00179029
0 0 0.00320753
0 0 0.000998854
0 0 0.00252531
0 0 0.000225764
0 0 0.00248721
0 0 -0.00340545
0 0 0.00250852
0 0 0.000804284
0 0 0.00281079
0 0 0.00115484
0 0 0.000560899
0 0 0.000265365
0 0 0.00292627
0 0 0.00192638
0 0 0.00124699
0 0 0.00215297
0 0 0.000172802
0 0 0.00167616
0 0 0.00379652
0 0 0.00242343
0 0 0.00316631
0 0 0.000723216
0 0 0.00166967
0 0 0.00297753
0 0 0.00210894
0 0 0.000146151
0 0 0.000800282
0 0 0.000354375
0 0 0.00351638
0 0 0.000735237
0 0 0.00106051
0 0 0.00412992
0 0 0.00412142
0 0 0.00191766
0 0 0.000236241
0 0 0.00302849
0 0 0.000817801
0 0 0.00163846
0 0 0.00230177
0 0 0.000955372
0 0 0.00156861
0 0 0.00284207
0 0 0.00150099
0 0 0.000393557
0 0 0.00260082
0 0 0.000261059
0 0 0.000482933
0 0 0.00296879
0 0 0.00283182
0 0 0.00058513
0 0 0.0048086
0 0 0.00299067
0 0 0.00355575
0 0 0.000228454
0 0 0.00252965
0 0 0.000539962
0 0 0.00213688
0 0 0.0015586
0 0 0.000716209
0 0 0.00260786
0 0 0.00100831
0 0 0.0029897
0 0 0.00204
0 0 0.00226752
0 0 0.0039106
0 0 0.00480082
0 0 0.00334629
0 0 0.00492721
0 0 0.00374732
0 0 0.0043426
0 0 0.000406726
0 0 0.00287252
0 0 0.00316682
0 0 0.00340673
0 0 0.000772581
0 0 0.000834269
0 0 0.000616956
0 0 0.00356661
0 0 0.00048654
0 0 0.0017075
0 0 0.000687158
0 0 0.00127757
0 0 0.00220325
0 0 -0.000794452
0 0 0.00143862
0 0 0.00119094
0 0 0.000606966
0 0 0.00258308
0 0 0.00201566
0 0 0.00491289
0 0 0.000280534
0 0 0.00260487
0 0 0.000126035
0 0 0.000771681
0 0 0.00288799
0 0 0.00186026
0 0 0.0039266
0 0 0.00310125
0 0 0.00348704
0 0 0.00332571
0 0 0.00213624
0 0 0.00127654
0 0 0.000539918
0 0 0.00159519
0 0 0.00394298
0 0 0.00315637
0 0 0.00143866
0 0 0.0026322
0 0 0.000170828
0 0 0.000125248
0 0 0.00445582
0 0 0.00247726
0 0 0.00390895
0 0 0.00110577
0 0 0.000502464
0 0 0.00243273
0 0 0.000747215
0 0 0.000542563
0 0 0.00222738
0 0 0.00176739
0 0 0.00201477
0 0 0.00388753
0 0 0.00195482
0 0 0.000120797
0 0 0.000164853
0 0 0.00240206
0 0 0.00109967
0 0 0.000311333
0 0 0.00301115
0 0 0.00179731
0 0 0.0026652
0 0 0.00430773
0 0 0.000875641
0 0 0.00387505
0 0 0.00330952
0 0 0.000152614
0 0 0.000546264
0 0 0.00150043
0 0 0.00282763
0 0 0.000939386
0 0 0.00132556
0 0 0.00297353
0 0 0.00209861
0 0 0.000644701
0 0 0.002858
0 0 -7.47635e-07
0 0 0.00411673
0 0 0.00075021
0 0 0.00104911
0 0 0.000410156
0 0 0.0030797
0 0 0.00297587
0 0 0.00173565
0 0 0.00270153
0 0 0.000424416
0 0 0.000489171
0 0 0.00477436
0 0 0.00095805
0 0 0.00195322
0 0 0.00309789
0 0 0.000428398
0 0 0.00116821
0 0 0.00144763
0 0 0.00186949
0 0 0.00311822
0 0 0.000991473
0 0 0.00312988
0 0 0.0020677
0 0 -0.00744074
0 0 0.00120251
0 0 0.00389927
0 0 0.00199533
0 0 0.00122955
0 0 0.00308065
0 0 0.00344217
0 0 0.00241156
0 0 0.00147988
0 0 0.000564293
0 0 0.00387313
0 0 -5.09569e-05
0 0 0.000581067
0 0 0.0032568
0 0 0.00042442
0 0 0.000932278
0 0 8.15957e-05
0 0 0.00270556
0 0 0.000297027
0 0 0.000204255
0 0 0.00181687
0 0 -0.0024451
0 0 0.00228192
0 0 0.00288082
0 0 0.00423932
0 0 0.00525138
0 0 0.00235531
0 0 0.00293895
0 0 0.00178612
0 0 0.00103366
0 0 0.00118774
0 0 0.00145194
0 0 0.00251832
0 0 0.0009579
0 0 0.0026475
0 0 0.000507346
0 0 0.0030558
0 0 0.000287222
0 0 0.00279585
0 0 0.00126774
0 0 0.00358458
0 0 0.00138958
0 0 0.00281563
0 0 0.000219317
0 0 -0.000350731
0 0 0.000401637
0 0 0.0035051
0 0 0.000370225
0 0 0.00232842
0 0 0.00141724
0 0 0.00155044
0 0 -0.000152758
0 0 0.0013649
0 0 0.000844933
0 0 0.000390437
0 0 0.00108905
0 0 0.00281262
0 0 0.000663094
0 0 0.00470683
0 0 0.00111454
0 0 0.0050287
0 0 0.00061914
0 0 0.00248169
0 0 0.00331615
0 0 0.0017841
0 0 0.00388723
0 0 0.00208589
0 0 0.00034167
0 0 0.00371816
0 0 0.00229011
0 0 0.0035829
0 0 0.00108099
0 0 0.00218151
0 0 0.000367928
0 0 0.00344027
0 0 0.00118801
0 0 0.00155453
0 0 -0.00204032
0 0 0.000946273
0 0 0.000563515
0 0 0.000478311
0 0 0.000510268
0 0 0.00367129
0 0 0.000459428
0 0 0.000170231
0 0 0.000166565
0 0 0.00422774
0 0 0.000969868
0 0 0.0047237
0 0 0.00294054
0 0 0.000836354
0 0 6.52994e-05
0 0 0.00445274
0 0 0.000443256
0 0 0.000800722
0 0 0.00334082
0 0 0.00188377
0 0 0.00147502
0 0 0.00235803
0 0 0.00297907
0 0 0.00230029
0 0 0.00424205
0 0 0.00316907
0 0 0.00130923
0 0 -0.00467269
0 0 0.00241881
0 0 0.00253755
0 0 0.000359077
0 0 0.00444497
0 0 0.00123253
0 0 0.00213812
0 0 0.00209682
0 0 0.00163987
0 0 0.000505576
0 0 0.00454375
0 0 0.000518345
0 0 0.00302822
0 0 0.00297812
0 0 0.00238865
0 0 0.00266667
0 0 0.00210837
0 0 0.00263417
0 0 0.000418497
0 0 0.00269881
0 0 0.00309125
0 0 0.00191377
0 0 8.75635e-05
0 0 0.00429775
0 0 0.000685189
0 0 0.00469375
0 0 0.00199824
0 0 0.00155364
0 0 0.00180108
0 0 0.000664164
0 0 0.000305107
0 0 0.00405369
0 0 0.000539677
0 0 0.00125514
0 0 8.47917e-05
0 0 0.0024603
0 0 0.00179656
0 0 0.000816056
0 0 0.00121111
0 0 0.000871768
0 0 0.00269822
0 0 0.00290988
0 0 0.00356989
0 0 0.00109272
0 0 0.00274418
0 0 0.00122218
0 0 0.00112923
0 0 0.00220317
0 0 0.00495427
0 0 0.00138548
0 0 0.00306331
0 0 0.00240732
0 0 0.00322548
0 0 0.00337318
0 0 0.00246225
0 0 0.00207799
0 0 0.00359927
0 0 0.00439307
0 0 0.00291793
0 0 0.0036283
0 0 -2.91881e-05
0 0 0.00300097
0 0 0.00161488
0 0 0.00110571
0 0 0.00425896
0 0 0.00177497
0 0 0.00126607
0 0 0.00414882
0 0 0.000890948
0 0 0.00274678
0 0 0.00330737
0 0 0.000616095
0 0 0.00299698
0 0 0.00304896
0 0 0.00296799
0 0 0.00157786
0 0 0.000448354
0 0 0.00263476
0 0 0.000783649
0 0 0.00298213
0 0 0.000700433
0 0 0.000787227
0 0 0.00102114
0 0 9.94373e-05
0 0 0.00171571
0 0 0.00259252
0 0 0.000571666
0 0 0.000311327
0 0 0.000698553
0 0 0.00191716
0 0 0.000129619
0 0 0.00418297
0 0 0.00279866
0 0 2.55588e-05
0 0 0.0034658
0 0 0.00279825
0 0 0.000851151
0 0 0.00233928
0 0 0.00473148
0 0 -6.37557e-05
0 0 0.000760994
0 0 0.00334395
0 0 0.00405078
0 0 0.00390074
0 0 0.000634335
0 0 0.00317377
0 0 0.00163168
0 0 0.000130738
0 0 0.00239662
0 0 0.00440746
0 0 0.00332137
0 0 -0.00020013
0 0 0.001579
0 0 0.00265896
0 0 0.000112059
0 0 5.24989e-05
0 0 0.000163088
0 0 0.00338622
0 0 0.00171411
0 0 0.00219354
0 0 0.000106183
0 0 0.00161648
0 0 0.00326548
0 0 0.00208821
0 0 0.0019022
0 0 -0.000492598
0 0 0.00377427
0 0 0.00188312
0 0 0.00253388
0 0 0.00284221
0 0 0.000773153
0 0 0.000383623
0 0 0.000341848
0 0 -0.00042607
0 0 0.00156306
0 0 0.00160417
0 0 0.000156638
0 0 0.000772698
0 0 0.0017918
0 0 0.00163818
0 0 0.00369326
0 0 0.00407603
0 0 0.00275025
0 0 0.0013924
0 0 0.00106203
0 0 0.0025012
0 0 0.00229746
0 0 0.000477754
0 0 0.00133315
0 0 0.0035614
0 0 0.000586516
0 0 0.00268201
0 0 0.000772011
0 0 0.00224588
0 0 0.00280345
0 0 0.00364849
0 0 0.000950281
0 0 0.00447002
0 0 0.00211062
0 0 0.00327983
0 0 -5.88607e-05
0 0 0.00138338
0 0 0.00379162
0 0 0.00313359
0 0 0.0006455
0 0 0.00466135
0 0 0.00228984
0 0 0.00240061
0 0 0.00176652
0 0 0.000792772
0 0 -0.000130884
0 0 0.00504059
0 0 0.000739865
0 0 0.0038697
0 0 0.000467108
0 0 0.000284531
0 0 0.0029483
0 0 0.00221655
0 0 0.000854527
0 0 0.00253151
0 0 0.00134683
0 0 0.0016318
0 0 0.00226244
0 0 0.00331627
0 0 0.00129868
0 0 0.00102858
0 0 0.00285365
0 0 0.000303711
0 0 0.00315255
0 0 0.00175735
0 0 0.00186896
0 0 0.000516362
0 0 0.000123031
0 0 0.0011241
0 0 0.000508075
0 0 0.00282438
0 0 0.00242182
0 0 0.00315062
0 0 0.0029322
0 0 0.00163549
0 0 0.00398308
0 0 0.00295702
0 0 0.00130808
0 0 0.000971043
0 0 0.00191884
0 0 0.0018625
0 0 0.00353343
0 0 -0.000418161
0 0 0.000804599
0 0 0.000536036
0 0 0.000457768
0 0 0.000101784
0 0 0.00299017
0 0 0.00143895
0 0 0.000240028
0 0 0.00321099
0 0 0.00291276
0 0 0.00295027
0 0 0.000968826
0 0 0.000923305
0 0 0.00503271
0 0 0.00221201
0 0 0.00272158
0 0 0.00294413
0 0 0.00126128
0 0 0.00199304
0 0 0.00271253
0 0 0.00206348
0 0 0.0021986
0 0 0.000414361
0 0 0.0017434
0 0 0.00198137
0 0 0.0031837
0 0 0.000887128
0 0 0.000912712
0 0 0.00368179
0 0 0.000142111
0 0 0.000626284
0 0 0.00419996
0 0 0.00427214
0 0 0.00401566
0 0 0.00394365
0 0 0.00408652
0 0 0.00387661
0 0 0.0011501
0 0 0.0011602
0 0 0.00128081
0 0 0.0010665
0 0 0.00119529
0 0 0.000447496
0 0 0.000421969
0 0 0.00045667
0 0 0.00174591
0 0 0.00164072
0 0 0.001503
0 0 0.00175976
0 0 0.00166053
0 0 0.0023746
0 0 0.00242089
0 0 0.00245257
0 0 0.00087178
0 0 0.000777382
0 0 0.000860837
0 0 0.000530515
0 0 0.000534816
0 0 0.000415386
0 0 0.000499368
0 0 0.000434552
0 0 0.00228213
0 0 0.00223024
0 0 0.00345426
0 0 0.00325986
0 0 0.00325685
0 0 0.000187674
0 0 0.000417546
0 0 0.00143863
0 0 0.0013854
0 0 0.00143467
0 0 0.00130267
0 0 0.00128749
0 0 0.000509726
0 0 0.000569473
0 0 0.000579639
0 0 3.63055e-05
0 0 5.12913e-05
0 0 0.00131306
0 0 0.0014646
0 0 0.00145039
0 0 0.0029792
0 0 0.00307803
0 0 0.00306445
0 0 0.000489717
0 0 0.000540024
0 0 0.000369278
0 0 0.000752284
0 0 0.00078563
0 0 0.000755542
0 0 0.000758238
0 0 0.000624101
0 0 0.00071837
0 0 0.00284086
0 0 0.0027966
0 0 0.00274095
0 0 0.00233649
0 0 0.00244461
0 0 0.002421
0 0 0.00217771
0 0 0.00232298
0 0 0.00212339
0 0 0.00332746
0 0 0.00341678
0 0 0.00340392
0 0 0.00393026
0 0 0.00399642
0 0 0.00380467
0 0 0.00249744
0 0 0.00259334
0 0 -2.5152e-06
0 0 -2.37218e-05
0 0 0.00420903
0 0 0.00384087
0 0 0.00261364
0 0 0.00269569
0 0 0.00261382
0 0 0.00132722
0 0 0.00476049
0 0 0.00488164
0 0 0.000274305
0 0 0.000262592
0 0 0.000273844
0 0 0.0034933
0 0 0.00333622
0 0 0.00342471
0 0 3.19005e-05
0 0 4.01793e-05
0 0 0.00288211
0 0 0.00288918
0 0 0.00231669
0 0 0.00398816
0 0 0.00386941
0 0 0.000440526
0 0 0.00211742
0 0 0.00202904
0 0 0.00209874
0 0 0.00252437
0 0 0.00241667
0 0 0.00200511
0 0 0.00207537
0 0 0.00213782
0 0 0.000617073
0 0 0.000715576
0 0 0.000390226
0 0 0.000167182
0 0 0.000301919
0 0 0.00275143
0 0 0.00266159
0 0 0.00274904
0 0 0.000175394
0 0 9.30511e-05
0 0 4.11534e-05
0 0 0.00219614
0 0 0.00212128
0 0 0.000549961
0 0 0.000598381
0 0 0.00405394
0 0 0.0034276
0 0 0.00373053
0 0 0.00330071
0 0 0.003449
0 0 0.00236088
0 0 0.00246353
0 0 0.00243145
0 0 0.00133344
0 0 0.00129014
0 0 0.00122625
0 0 0.00275295
0 0 0.00275372
0 0 0.00286953
0 0 0.00290625
0 0 -0.000442507
0 0 0.000234773
0 0 0.000376627
0 0 0.00231219
0 0 0.00239391
0 0 0.00228193
0 0 0.00284831
0 0 0.00275904
0 0 0.0007821
0 0 0.00069511
0 0 0.000496561
0 0 0.000786642
0 0 0.000582069
0 0 0.000774632
0 0 0.00516426
0 0 0.00486302
0 0 0.00505045
0 0 0.000712726
0 0 0.000682156
0 0 0.000543591
0 0 0.000176255
0 0 5.58329e-05
0 0 0.0019005
0 0 0.00190917
0 0 0.00439316
0 0 0.00451535
0 0 0.000283187
0 0 0.000346862
0 0 0.00225118
0 0 0.00217832
0 0 0.00294332
0 0 0.00288034
0 0 0.00290388
0 0 0.00150502
0 0 0.0015092
0 0 0.00142723
0 0 0.00318997
0 0 0.00296036
0 0 0.00311879
0 0 -0.000781478
0 0 0.0016448
0 0 0.00154099
0 0 0.00155659
0 0 0.00326949
0 0 0.00315881
0 0 0.000715582
0 0 -0.000378236
0 0 0.000425457
0 0 0.000369934
0 0 0.00131462
0 0 0.00089452
0 0 0.000789505
0 0 0.00348718
0 0 0.0035012
0 0 0.00368214
0 0 0.00270508
0 0 0.00272232
0 0 0.00263666
0 0 0.000111352
0 0 8.40802e-06
0 0 0.00438206
0 0 0.0041636
0 0 0.00505149
0 0 0.00477899
0 0 0.0050676
0 0 0.00289605
0 0 0.00266289
0 0 0.0026158
0 0 0.00273453
0 0 0.00299616
0 0 0.00290934
0 0 0.00301739
0 0 0.00356134
0 0 0.0034705
0 0 0.00371363
0 0 0.00392711
0 0 0.00388031
0 0 0.000254849
0 0 0.000202936
0 0 0.000278173
0 0 0.000954914
0 0 0.0030147
0 0 0.00310585
0 0 0.000970408
0 0 0.000815624
0 0 0.000881679
0 0 0.000173741
0 0 0.00032887
0 0 0.000290862
0 0 0.00354294
0 0 0.00342253
0 0 0.00357088
0 0 0.00113259
0 0 0.00118905
0 0 0.0011885
0 0 0.00119401
0 0 0.00126792
0 0 0.000827909
0 0 0.000935051
0 0 0.00175384
0 0 0.00171363
0 0 0.00184574
0 0 0.000758869
0 0 0.000633223
0 0 0.00312289
0 0 0.00298953
0 0 0.00311326
0 0 0.00136827
0 0 0.0014549
0 0 0.00139408
0 0 0.00371883
0 0 0.00370234
0 0 0.00354928
0 0 0.00315115
0 0 0.00322832
0 0 0.00331722
0 0 0.000848996
0 0 0.00109227
0 0 0.00271864
0 0 0.00279764
0 0 0.000165201
0 0 7.06832e-05
0 0 5.24912e-05
0 0 0.00516779
0 0 0.00499169
0 0 0.00282072
0 0 0.00273166
0 0 0.00121644
0 0 0.00127601
0 0 0.00162049
0 0 0.00277082
0 0 0.00285104
0 0 0.0030776
0 0 0.00320704
0 0 0.00185994
0 0 0.00176751
0 0 0.00206103
0 0 0.00222521
0 0 0.00344082
0 0 0.00328707
0 0 0.00330809
0 0 0.00330454
0 0 0.00318441
0 0 0.000614288
0 0 0.000556861
0 0 0.000470989
0 0 0.0047011
0 0 0.00432669
0 0 0.00473351
0 0 0.00355724
0 0 0.00373148
0 0 0.000704146
0 0 0.000697793
0 0 0.000627835
0 0 0.00433284
0 0 0.00412276
0 0 0.00408557
0 0 0.0019852
0 0 0.00208928
0 0 0.000266303
0 0 0.000302397
0 0 0.00369321
0 0 0.00372128
0 0 0.00354456
0 0 0.000325756
0 0 0.000260464
0 0 5.8181e-05
0 0 9.74063e-05
0 0 0.00137214
0 0 0.00138256
0 0 0.00400177
0 0 0.00424226
0 0 0.0018696
0 0 0.0019606
0 0 0.00291784
0 0 0.00271356
0 0 0.00115605
0 0 0.00122812
0 0 0.00116303
0 0 0.00143035
0 0 0.00151922
0 0 0.00147119
0 0 0.00267246
0 0 0.00265205
0 0 0.00180148
0 0 0.00191929
0 0 0.00185697
0 0 0.0024846
0 0 0.00244431
0 0 0.00452108
0 0 0.00403126
0 0 0.000199831
0 0 0.0001325
0 0 0.000175086
0 0 0.0032819
0 0 0.00332425
0 0 0.00266133
0 0 0.00280309
0 0 0.00224509
0 0 0.00229492
0 0 0.0023536
0 0 0.000541636
0 0 0.00289807
0 0 0.00280377
0 0 0.00276488
0 0 0.0028527
0 0 0.000150281
0 0 5.16261e-05
0 0 0.000596154
0 0 0.000599103
0 0 0.000182662
0 0 0.000152141
0 0 0.000261838
0 0 0.000293823
0 0 4.86924e-05
0 0 0.00216952
0 0 0.00206271
0 0 0.00210049
0 0 0.00021547
0 0 0.000603721
0 0 0.00288737
0 0 0.00291874
0 0 0.00281248
0 0 0.00134215
0 0 0.00141051
0 0 0.00148283
0 0 0.00150483
0 0 0.0014725
0 0 0.00228517
0 0 0.00218869
0 0 0.00216935
0 0 0.00221746
0 0 0.00204829
0 0 0.00298981
0 0 0.00300878
0 0 0.00306829
0 0 0.00017915
0 0 -0.00056328
0 0 0.000163364
0 0 0.000260674
0 0 0.000508211
0 0 0.000483349
0 0 0.0021682
0 0 0.00208604
0 0 0.00206318
0 0 0.00176819
0 0 0.00174841
0 0 2.18298e-05
0 0 9.98564e-05
0 0 0.00303604
0 0 0.00309506
0 0 0.00295547
0 0 0.00219997
0 0 0.00213982
0 0 0.000104426
0 0 0.000174841
0 0 0.000184094
0 0 0.00192549
0 0 0.00182486
0 0 0.00189542
0 0 0.00142111
0 0 0.000381065
0 0 0.000152227
0 0 0.000312849
0 0 0.00239311
0 0 0.0025092
0 0 0.00266107
0 0 0.001729
0 0 0.00181698
0 0 0.0015596
0 0 0.00154252
0 0 0.00027323
0 0 1.1366e-05
0 0 0.000260122
0 0 0.00492795
0 0 0.00491673
0 0 0.00135174
0 0 0.0013684
0 0 -0.000233062
0 0 0.000464009
0 0 0.000581556
0 0 0.00107971
0 0 0.0034507
0 0 0.00337531
0 0 0.00184004
0 0 0.00188199
0 0 0.00202
0 0 0.00249652
0 0 0.00239911
0 0 0.00482346
0 0 0.00510051
0 0 0.00486765
0 0 0.00308582
0 0 0.00317446
0 0 0.00317988
0 0 0.0004915
0 0 -0.000214388
0 0 0.000290847
0 0 0.00337916
0 0 0.00330114
0 0 0.00343568
0 0 0.0025678
0 0 0.00269907
0 0 0.00388566
0 0 0.00378949
0 0 0.00292517
0 0 0.00318309
0 0 0.000498552
0 0 0.000547246
0 0 0.00168706
0 0 0.000395292
0 0 0.000466296
0 0 0.00036272
0 0 0.00343667
0 0 0.00341686
0 0 0.000163652
0 0 8.26054e-05
0 0 0.00285096
0 0 0.00274905
0 0 0.00277499
0 0 0.00038517
0 0 0.000337229
0 0 0.00253565
0 0 0.00229058
0 0 0.0036332
0 0 0.00394371
0 0 0.000420461
0 0 0.000359419
0 0 0.000484942
0 0 0.00315714
0 0 0.00328794
0 0 0.000422438
0 0 0.000250273
0 0 0.00102888
0 0 0.000891224
0 0 0.000944071
0 0 0.00256061
0 0 0.00240388
0 0 0.001991
0 0 0.0019151
0 0 0.0018692
0 0 0.0038876
0 0 0.00396267
0 0 0.00380701
0 0 0.00196167
0 0 0.00206698
0 0 0.0031466
0 0 0.00317525
0 0 0.0030775
0 0 0.00397353
0 0 0.00409083
0 0 0.00140913
0 0 0.00131943
0 0 0.00130404
0 0 6.05879e-05
0 0 -3.03836e-05
0 0 0.00325434
0 0 0.00306736
0 0 9.69365e-05
0 0 1.09973e-05
0 0 0.000317211
0 0 0.000353921
0 0 0.00185085
0 0 0.00293601
0 0 0.00288721
0 0 0.00319757
0 0 0.000791793
0 0 0.000738628
0 0 0.00349324
0 0 0.00336739
0 0 0.00320321
0 0 0.00321133
0 0 0.000139082
0 0 2.89221e-06
0 0 0.000443629
0 0 0.000195429
0 0 0.000241464
0 0 0.00369201
0 0 0.0028922
0 0 0.00279637
0 0 0.00252819
0 0 0.00260965
0 0 0.00173531
0 0 0.00160044
0 0 0.00154966
0 0 0.00340358
0 0 0.00326807
0 0 0.00415258
0 0 0.00431977
0 0 0.0043059
0 0 0.00270814
0 0 0.00266942
0 0 0.00279033
0 0 0.00276301
0 0 0.00273721
0 0 0.00276293
0 0 0.00266934
0 0 0.00317634
0 0 0.00329672
0 0 0.00327094
0 0 0.0024569
0 0 0.00236881
0 0 0.00238723
0 0 0.00353505
0 0 0.00356595
0 0 -0.000419216
0 0 -2.73827e-05
0 0 0.000508967
0 0 0.00121874
0 0 0.00112858
0 0 0.000899899
0 0 0.00200714
0 0 0.00215724
0 0 0.00388467
0 0 -1.61834e-05
0 0 7.75623e-05
0 0 0.00174993
0 0 0.00166491
0 0 0.00170472
0 0 0.00113468
0 0 0.00122775
0 0 0.00156972
0 0 0.00448623
0 0 0.00473352
0 0 0.00452689
0 0 -9.59786e-05
0 0 0.000606723
0 0 0.000460217
0 0 0.000598198
0 0 0.000500764
0 0 0.00407999
0 0 0.00394215
0 0 0.00399097
0 0 0.00209049
0 0 0.00219189
0 0 0.00424867
0 0 0.00421928
0 0 0.00100497
0 0 0.00107883
0 0 0.000999372
0 0 0.0029999
0 0 0.00297899
0 0 0.00414375
0 0 0.00409659
0 0 0.000161009
0 0 0.00199529
0 0 0.00186484
0 0 0.00502545
0 0 0.00257962
0 0 0.00256972
0 0 0.00267562
0 0 0.00273267
0 0 0.00287982
0 0 0.00360387
0 0 0.00350568
0 0 0.00104628
0 0 0.00102654
0 0 0.001171
0 0 0.00123042
0 0 0.00122743
0 0 0.00213534
0 0 0.00210331
0 0 0.00205446
0 0 0.00171235
0 0 0.00177112
0 0 0.00169626
0 0 0.00372831
0 0 0.000587708
0 0 0.000351329
0 0 0.000428792
0 0 -0.00871049
0 0 -0.00719748
0 0 -0.000610756
0 0 -0.00209408
0 0 -0.00172961
0 0 0.00320752
0 0 0.0031941
0 0 0.00309493
0 0 0.00342683
0 0 0.000960552
0 0 0.000874691
0 0 6.35039e-05
0 0 0.00011014
0 0 0.00185771
0 0 0.00181839
0 0 0.00286632
0 0 0.00280193
0 0 0.00135306
0 0 0.00298345
0 0 0.00296028
0 0 0.00297262
0 0 0.00301348
0 0 0.00300374
0 0 0.00424327
0 0 0.00443946
0 0 0.00227293
0 0 0.00299489
0 0 0.00290433
0 0 0.0011299
0 0 0.00111392
0 0 0.00116337
0 0 0.00129372
0 0 0.00113841
0 0 0.00289634
0 0 0.00103691
0 0 0.000849604
0 0 0.00259347
0 0 0.00270482
0 0 0.00195896
0 0 0.00188973
0 0 0.00185535
0 0 0.00202656
0 0 0.00196694
0 0 0.000599782
0 0 0.000534035
0 0 0.00225105
0 0 0.00221675
0 0 0.00284191
0 0 0.00271812
0 0 0.00042266
0 0 0.00176065
0 0 0.000550226
0 0 0.000879975
0 0 0.000816948
0 0 0.000197087
0 0 0.000347427
0 0 2.97011e-05
0 0 7.81255e-05
0 0 0.00255995
0 0 0.00244501
0 0 0.00252383
0 0 0.00512949
0 0 0.00411007
0 0 0.00403988
0 0 0.000973133
0 0 0.000813287
0 0 0.00105203
0 0 0.000197511
0 0 -5.8875e-05
0 0 0.000158726
0 0 -0.000207171
0 0 0.000326108
0 0 0.000551154
0 0 -0.0003086
0 0 -0.000739986
0 0 -0.00149244
0 0 0.000871003
0 0 0.00433603
0 0 0.00442964
0 0 0.00430157
0 0 0.00168747
0 0 0.00163576
0 0 0.000908378
0 0 0.000880545
0 0 0.000889045
0 0 0.00439043
0 0 0.0040611
0 0 0.00137325
0 0 0.00134764
0 0 0.00456966
0 0 0.0045357
0 0 0.00265691
0 0 7.0314e-05
0 0 0.000176121
0 0 0.000200153
0 0 0.00331752
0 0 0.000785461
0 0 0.000897247
0 0 0.00106285
0 0 0.000323581
0 0 0.000294743
0 0 0.000208155
0 0 0.00279844
0 0 0.000488796
0 0 0.000665503
0 0 0.00220329
0 0 0.000364398
0 0 0.000308629
0 0 0.000301866
0 0 6.67602e-05
0 0 0.004909
0 0 0.00451805
0 0 0.00115416
0 0 0.00111482
0 0 0.00105665
0 0 0.000982974
0 0 0.00112028
0 0 0.000588826
0 0 0.000400363
0 0 0.00109962
0 0 0.00274575
0 0 0.00292664
0 0 0.00130716
0 0 0.00118626
0 0 0.000606353
0 0 0.000527376
0 0 0.00176544
0 0 0.00177776
0 0 -0.000237106
0 0 0.000471371
0 0 0.000101312
0 0 8.70052e-05
0 0 0.000904614
0 0 0.00493906
0 0 0.00515652
0 0 0.000731954
0 0 0.00123462
0 0 0.00106
0 0 0.00126252
0 0 0.00141762
0 0 -0.00153399
0 0 -0.00305542
0 0 0.00115649
0 0 0.00110628
0 0 0.00369974
0 0 0.00358244
0 0 0.00361212
0 0 0.00338876
0 0 0.00298052
0 0 0.00299802
0 0 0.00302498
0 0 0.0012717
0 0 0.00114776
0 0 0.00206434
0 0 0.00199464
0 0 0.0009737
0 0 0.00260573
0 0 0.0022174
0 0 0.0023009
0 0 0.00444981
0 0 0.00427857
0 0 0.00344916
0 0 0.00354471
0 0 0.00178874
0 0 0.0018269
0 0 0.00407718
0 0 0.0022638
0 0 0.00215555
0 0 0.00219657
0 0 0.000369187
0 0 0.000537576
0 0 0.000441146
0 0 0.00014698
0 0 0.00252767
0 0 0.00264122
0 0 0.00256749
0 0 0.000110074
0 0 0.00416018
0 0 0.00422623
0 0 0.00309838
0 0 0.00133259
0 0 -0.000337891
0 0 0.000264071
0 0 0.000296831
0 0 0.0031522
0 0 0.00303146
0 0 0.00125688
0 0 0.00135313
0 0 0.000749609
0 0 0.000464448
0 0 0.000199666
0 0 0.00501503
0 0 0.00492889
0 0 0.00192892
0 0 0.00192693
0 0 0.00375652
0 0 0.00390902
0 0 0.00407903
0 0 0.00109705
0 0 0.00111866
0 0 0.00361367
0 0 0.0022426
0 0 0.00299311
0 0 0.00286323
0 0 0.00455725
0 0 0.00457911
0 0 0.00110278
0 0 0.00112421
0 0 0.00102628
0 0 0.00160915
0 0 0.00172123
0 0 0.00253298
0 0 0.00246831
0 0 0.00255051
0 0 0.000187993
0 0 0.000156185
0 0 0.00328752
0 0 0.00292762
0 0 0.0029698
0 0 0.00298491
0 0 0.000830145
0 0 0.00044466
0 0 0.00288717
0 0 0.00281391
0 0 0.00332691
0 0 0.00333846
0 0 0.00034632
0 0 0.00254597
0 0 0.0025123
0 0 0.00271315
0 0 0.0027677
0 0 0.00261161
0 0 0.000981796
0 0 0.000940707
0 0 0.00269725
0 0 0.00217151
0 0 0.00151616
0 0 0.00202724
0 0 0.000140576
0 0 7.77842e-05
0 0 0.0023597
0 0 0.00232592
0 0 0.00387759
0 0 0.00408134
0 0 0.00132617
0 0 0.00148645
0 0 0.00146744
0 0 0.000679668
0 0 0.000666599
0 0 0.00316318
0 0 0.00334051
0 0 0.00159546
0 0 0.00164474
0 0 0.0016843
0 0 0.00236288
0 0 0.00224774
0 0 0.0021088
0 0 0.00170952
0 0 0.00167002
0 0 0.00178484
0 0 0.00315516
0 0 0.00301068
0 0 0.00239059
0 0 0.00250248
0 0 0.00241969
0 0 0.000789405
0 0 0.000634157
0 0 0.000707572
0 0 0.00267149
0 0 0.00277347
0 0 0.00481729
0 0 0.00472296
0 0 0.00428498
0 0 0.00436129
0 0 0.000979865
0 0 0.000951201
0 0 0.00301999
0 0 0.0029653
0 0 0.000737364
0 0 0.000579004
0 0 0.00137829
0 0 0.000997523
0 0 0.00273571
0 0 0.00100018
0 0 0.000682753
0 0 0.000833451
0 0 0.00243667
0 0 0.00251171
0 0 0.000362275
0 0 0.000265441
0 0 0.00133324
0 0 0.00131283
0 0 0.00143051
0 0 0.000827236
0 0 0.000554833
0 0 0.00238471
0 0 0.000646236
0 0 0.000716401
0 0 0.001515
0 0 0.00151217
0 0 0.00278781
0 0 0.00283563
0 0 0.00302551
0 0 0.00291329
0 0 0.000627209
0 0 0.000724141
0 0 0.000713979
0 0 0.00138031
0 0 0.00100732
0 0 0.00211249
0 0 0.00198227
0 0 0.0023855
0 0 0.0020737
0 0 0.000962638
0 0 0.00368877
0 0 0.00387819
0 0 0.00228928
0 0 0.00239474
0 0 0.000397511
0 0 0.00040932
0 0 0.00119412
0 0 0.00120484
0 0 0.00112315
0 0 0.001513
0 0 0.00159728
0 0 0.00277183
0 0 0.00275696
0 0 0.00282611
0 0 0.00246128
0 0 0.00258024
0 0 0.00203583
0 0 0.00210866
0 0 0.00374644
0 0 0.00370054
0 0 0.00509308
0 0 0.00498396
0 0 0.00307642
0 0 0.00301998
0 0 0.00313909
0 0 0.00422542
0 0 0.00416924
0 0 -4.45617e-05
0 0 5.96496e-05
0 0 0.000100275
0 0 0.000236616
0 0 0.00244689
0 0 0.00254101
0 0 0.00228195
0 0 0.00238831
0 0 0.00231183
0 0 0.000338697
0 0 0.00317255
0 0 0.00303809
0 0 0.00086573
0 0 0.000826105
0 0 0.000857138
0 0 0.000184202
0 0 0.00476359
0 0 0.00470893
0 0 0.000122884
0 0 7.72057e-05
0 0 0.00236025
0 0 6.53588e-06
0 0 9.81646e-05
0 0 1.67031e-05
0 0 0.00397863
0 0 0.0041032
0 0 0.00272664
0 0 0.00265068
0 0 7.76781e-05
0 0 0.000520354
0 0 0.000298469
0 0 0.00285446
0 0 0.000600614
0 0 0.000292363
0 0 0.000205079
0 0 0.00259373
0 0 0.00247321
0 0 0.000637459
0 0 0.00247041
0 0 0.00261064
0 0 0.00257541
0 0 0.000129793
0 0 4.86884e-05
0 0 0.00194178
0 0 0.00199695
0 0 0.00256894
0 0 0.00407001
0 0 0.00380752
0 0 0.000487885
0 0 0.000124142
0 0 0.000573531
0 0 0.00051785
0 0 2.46282e-05
0 0 6.05341e-05
0 0 0.00298036
0 0 0.00034912
0 0 0.00282643
0 0 0.00277278
0 0 0.00277794
0 0 0.000742232
0 0 -7.56675e-06
0 0 0.000609765
0 0 0.000664659
0 0 0.00312553
0 0 0.00325632
0 0 0.00185015
0 0 0.00175163
0 0 0.00197339
0 0 0.00255516
0 0 0.00184433
0 0 0.00280661
0 0 0.00272762
0 0 0.00178047
0 0 0.00184177
0 0 0.00094654
0 0 0.000902686
0 0 0.0027384
0 0 0.00262189
0 0 0.000832954
0 0 0.00342436
0 0 0.00355971
0 0 0.00030709
0 0 0.00370922
0 0 0.000680818
0 0 0.000840213
0 0 0.000636373
0 0 0.000542687
0 0 0.00046373
0 0 0.000547264
0 0 0.000164808
0 0 0.00313633
0 0 0.00334701
0 0 0.000718543
0 0 0.000712597
0 0 0.000735698
0 0 0.000692162
0 0 0.00233768
0 0 0.00338907
0 0 0.00323581
0 0 0.00195657
0 0 0.00181533
0 0 0.00253219
0 0 0.00092727
0 0 0.000960394
0 0 0.00104522
0 0 0.0011049
0 0 0.00306286
0 0 0.00310834
0 0 0.00152182
0 0 0.00149119
0 0 0.00520616
0 0 0.00488436
0 0 0.000258006
0 0 0.000242715
0 0 0.00393324
0 0 0.00375764
0 0 0.00402896
0 0 0.00403919
0 0 0.00239129
0 0 0.00241872
0 0 0.00233133
0 0 0.00163629
0 0 0.00387455
0 0 0.00371696
0 0 0.00254069
0 0 0.00261909
0 0 0.00297143
0 0 0.00303575
0 0 0.00157579
0 0 0.00135021
0 0 0.00195628
0 0 0.00192453
0 0 0.00437101
0 0 0.00320359
0 0 0.0013263
0 0 0.00123786
0 0 0.000116578
0 0 0.00104396
0 0 0.00103435
0 0 0.000529287
0 0 0.000269405
0 0 0.000267575
0 0 0.00257872
0 0 0.0028029
0 0 0.00091542
0 0 0.000120345
0 0 4.4884e-05
0 0 0.00208111
0 0 0.00204334
0 0 0.000470061
0 0 0.00443466
0 0 0.00413657
0 0 0.00265831
0 0 0.0027926
0 0 0.00388079
0 0 0.00376463
0 0 0.00383071
0 0 0.00174923
0 0 0.00168949
0 0 0.00164456
0 0 0.00161673
0 0 0.0016689
0 0 -0.00294636
0 0 -0.00179369
0 0 0.00244117
0 0 0.00250282
0 0 0.000589997
0 0 0.000512454
0 0 7.6095e-05
0 0 0.00268065
0 0 0.0016621
0 0 0.00158195
0 0 0.00431035
0 0 0.00143229
0 0 0.00145865
0 0 0.00157768
0 0 0.000384334
0 0 0.000588031
0 0 0.00288635
0 0 0.000190007
0 0 0.00281346
0 0 0.000589611
0 0 0.00119721
0 0 0.00120781
0 0 0.00118179
0 0 0.0044388
0 0 0.00426527
0 0 0.000281118
0 0 0.000473453
0 0 0.000308404
0 0 0.00259186
0 0 0.00105616
0 0 0.00191619
0 0 7.97757e-05
0 0 0.00359937
0 0 0.00392717
0 0 0.00319765
0 0 0.000117777
0 0 1.00122e-06
0 0 0.000794181
0 0 0.000850028
0 0 0.00292031
0 0 0.00193475
0 0 0.00198587
0 0 0.00343383
0 0 0.000160251
0 0 0.000237493
0 0 -4.86836e-06
0 0 0.0024727
0 0 0.00255201
0 0 0.00256465
0 0 0.00464789
0 0 6.51996e-05
0 0 0.000891284
0 0 0.000641912
0 0 0.00238192
0 0 0.00237365
0 0 0.000901179
0 0 0.000832254
0 0 0.000606045
0 0 0.000526858
0 0 0.00153833
0 0 0.00143534
0 0 0.00451065
0 0 0.00505134
0 0 0.00308609
0 0 0.00323457
0 0 0.00281786
0 0 0.00262631
0 0 0.000928728
0 0 0.000914991
0 0 0.00296556
0 0 0.0029558
0 0 0.00146204
0 0 0.0014915
0 0 0.00496275
0 0 0.00379637
0 0 0.000540235
0 0 0.000325828
0 0 0.000860584
0 0 0.00427771
0 0 0.00430808
0 0 0.00441787
0 0 8.79428e-05
0 0 -7.64096e-05
0 0 0.00193794
0 0 0.00203841
0 0 0.00185088
0 0 0.00187069
0 0 0.000403199
0 0 0.000138033
0 0 0.000281566
0 0 0.000964018
0 0 0.00352651
0 0 0.000122858
0 0 0.000956241
0 0 0.00102523
0 0 -0.00373869
0 0 0.000420636
0 0 0.0010238
0 0 0.00171926
0 0 0.00170129
0 0 0.000354703
0 0 0.000466346
0 0 -4.43488e-05
0 0 3.06228e-05
0 0 0.000202594
0 0 0.000184173
0 0 0.000419552
0 0 0.000182816
0 0 0.00234646
0 0 0.00223635
0 0 -0.000238152
0 0 0.000413457
0 0 0.000271001
0 0 0.00303395
0 0 0.00456489
0 0 0.00457792
0 0 0.000820974
0 0 0.000796197
0 0 0.00365164
0 0 0.00343958
0 0 0.00295907
0 0 0.00258791
0 0 0.000698441
0 0 0.000652128
0 0 0.00365075
0 0 0.00356366
0 0 0.00354143
0 0 0.00200163
0 0 0.00194278
0 0 0.00214925
0 0 0.00155571
0 0 8.88376e-05
0 0 0.00346302
0 0 0.00247865
0 0 0.00193842
0 0 0.0030448
0 0 0.000674668
0 0 0.00134912
0 0 0.00317002
0 0 0.00323729
0 0 0.000566385
0 0 0.0013687
0 0 0.000211587
0 0 0.00307734
0 0 -0.000188852
0 0 0.000342597
0 0 0.0011964
0 0 0.00218899
0 0 0.00225576
0 0 0.00054897
0 0 -4.23608e-05
0 0 0.000517196
0 0 0.00290199
0 0 0.0040193
0 0 0.00286902
0 0 0.0021098
0 0 0.00234449
0 0 0.00255514
0 0 -1.51697e-05
0 0 -0.000370997
0 0 0.00417899
0 0 0.00438381
0 0 0.000272624
0 0 0.000242165
0 0 0.0045899
0 0 0.00440172
0 0 0.00281841
0 0 0.00241545
0 0 0.00285808
0 0 0.003474
0 0 0.00364727
0 0 0.00413549
0 0 0.00194825
0 0 0.000892696
0 0 0.000866235
0 0 0.000668391
0 0 0.00123961
0 0 8.22073e-05
0 0 0.00230391
0 0 0.00226894
0 0 0.00236527
0 0 0.00290278
0 0 0.00268184
0 0 0.00277854
0 0 0.00120338
0 0 0.00124895
0 0 0.00138107
0 0 0.00140656
0 0 0.00293543
0 0 0.00292015
0 0 0.000432311
0 0 0.000302254
0 0 0.000240227
0 0 0.000538778
0 0 0.000534287
0 0 0.00280264
0 0 0.000959126
0 0 0.000802562
0 0 0.00191789
0 0 0.00200757
0 0 0.00237087
0 0 0.00220079
0 0 0.00077705
0 0 0.000915391
0 0 0.00161928
0 0 0.00408131
0 0 0.00415712
0 0 0.0040519
0 0 0.00166275
0 0 0.00166459
0 0 0.00258978
0 0 0.00247381
0 0 0.00371942
0 0 0.00374093
0 0 0.00419981
0 0 0.00129817
0 0 0.00124037
0 0 0.00187433
0 0 0.00179847
0 0 0.00388854
0 0 0.00401129
0 0 0.00406489
0 0 0.00147067
0 0 0.00134503
0 0 0.00213902
0 0 0.00296687
0 0 9.92333e-05
0 0 0.000406113
0 0 0.000127484
0 0 0.00119839
0 0 0.00110531
0 0 0.00162406
0 0 0.00153064
0 0 0.00345418
0 0 0.00212675
0 0 0.00212618
0 0 0.000804585
0 0 0.000867801
0 0 0.000407986
0 0 0.000481823
0 0 0.000322499
0 0 0.00326146
0 0 0.00344305
0 0 0.00200448
0 0 0.00204079
0 0 0.00175775
0 0 0.00182758
0 0 0.00183524
0 0 0.00288847
0 0 0.00287627
0 0 0.00298778
0 0 0.00114814
0 0 0.0018871
0 0 0.00162342
0 0 0.00220805
0 0 0.000722465
0 0 0.00214607
0 0 4.27412e-05
0 0 0.0030067
0 0 0.00333854
0 0 0.00344432
0 0 0.00411531
0 0 0.000288081
0 0 0.000285537
0 0 0.00184317
0 0 0.00244108
0 0 0.00479347
0 0 0.00481658
0 0 9.58865e-05
0 0 0.000226825
0 0 0.00159474
0 0 0.00163927
0 0 0.00455262
0 0 0.00452398
0 0 0.00169354
0 0 0.00161001
0 0 0.00243248
0 0 0.00289559
0 0 0.00290564
0 0 0.00105501
0 0 0.000370018
0 0 0.00103464
0 0 0.000866127
0 0 0.00202057
0 0 0.0052181
0 0 0.00402412
0 0 0.000787741
0 0 0.000697583
0 0 0.00498274
0 0 3.94166e-05
0 0 0.00295849
0 0 0.000793017
0 0 0.000598212
0 0 0.000432694
0 0 0.00211151
0 0 0.00203494
0 0 0.00202851
0 0 0.00356903
0 0 0.00309914
0 0 0.00281881
0 0 0.00165549
0 0 0.000448576
0 0 0.000501748
0 0 0.00129257
0 0 0.00225926
0 0 0.00215894
0 0 0.00413038
0 0 0.00450836
0 0 0.00445979
0 0 0.00267539
0 0 0.0025975
0 0 -0.00493048
0 0 -0.00512408
0 0 -0.00700648
0 0 0.000143544
0 0 0.000187315
0 0 0.000313373
0 0 0.00488123
0 0 -0.00277995
0 0 -0.00138929
0 0 0.00120824
0 0 0.00115923
0 0 0.00152939
0 0 0.000176016
0 0 0.000455881
0 0 0.00194485
0 0 0.00201823
0 0 0.00264599
0 0 0.00299802
0 0 0.00174653
0 0 0.00174594
0 0 0.000546729
0 0 0.000370038
0 0 0.00141375
0 0 0.00128249
0 0 0.00110381
0 0 0.00162487
0 0 0.000149723
0 0 -0.000213439
0 0 0.00178071
0 0 8.7802e-05
0 0 0.00129041
0 0 0.00397722
0 0 0.00105676
0 0 0.00102385
0 0 0.00499699
0 0 0.00153013
0 0 0.00143979
0 0 9.84918e-05
0 0 0.00132209
0 0 0.001752
0 0 0.0017908
0 0 0.00170673
0 0 0.001799
0 0 0.00186032
0 0 0.00293185
0 0 0.0040957
0 0 0.000347439
0 0 0.0016142
0 0 0.00168753
0 0 0.00209459
0 0 0.00435494
0 0 0.000463365
0 0 0.000731486
0 0 0.000612758
0 0 0.00367082
0 0 0.00379923
0 0 -0.000376952
0 0 0.000438599
0 0 0.0014812
0 0 0.00031897
0 0 0.000475953
0 0 0.000521663
0 0 0.00179636
0 0 0.00171104
0 0 0.00142599
0 0 0.001332
0 0 0.00198298
0 0 0.0019012
0 0 0.00258256
0 0 0.00259601
0 0 0.00253621
0 0 0.00186278
0 0 0.0020713
0 0 0.00146284
0 0 0.00139421
0 0 0.00156165
0 0 0.0014793
0 0 0.00148043
0 0 0.00179443
0 0 0.00210997
0 0 0.00426751
0 0 0.00288914
0 0 0.00183066
0 0 0.00224319
0 0 0.00274082
0 0 0.00163853
0 0 0.00174918
0 0 0.00182645
0 0 0.000100829
0 0 0.00014565
0 0 0.0004051
0 0 0.000261094
0 0 -0.000129104
0 0 0.00301928
0 0 0.00301589
0 0 -0.000761757
0 0 0.00138055
0 0 0.0031267
0 0 0.00311562
0 0 0.00289207
0 0 0.00295829
0 0 0.000968579
0 0 0.000989335
0 0 0.00139045
0 0 0.00274988
0 0 0.00292746
0 0 0.00295766
0 0 0.000421846
0 0 0.00474605
0 0 0.00131153
0 0 0.00297779
0 0 0.00299621
0 0 0.00100625
0 0 0.000876164
0 0 0.000999773
0 0 0.00288968
0 0 0.00288948
0 0 0.00285117
0 0 0.00307613
0 0 0.002374
0 0 0.00222001
0 0 0.000446014
0 0 0.000696876
0 0 0.000133934
0 0 0.00325371
0 0 0.00321784
0 0 0.00175822
0 0 0.00139067
0 0 0.00331548
0 0 0.00302816
0 0 0.000832105
0 0 0.000887074
0 0 0.0036586
0 0 0.00378174
0 0 0.00375691
0 0 0.000800155
0 0 0.000732459
0 0 1.58326e-05
0 0 0.00353416
0 0 0.000249861
0 0 0.00239235
0 0 0.00228114
0 0 0.00517534
0 0 0.00469451
0 0 0.00476054
0 0 0.00325783
0 0 0.00386346
0 0 0.00169622
0 0 0.00094071
0 0 0.000859156
0 0 7.25485e-05
0 0 6.08346e-05
0 0 0.00282484
0 0 0.000799028
0 0 0.00252527
0 0 0.00216077
0 0 0.00219755
0 0 0.00152287
0 0 0.00408006
0 0 0.00097261
0 0 0.000184721
0 0 0.000168003
0 0 0.000133773
0 0 0.00318964
0 0 0.000782952
0 0 0.0036743
0 0 0.00439432
0 0 0.00427617
0 0 0.00430927
0 0 0.0014065
0 0 0.00149734
0 0 0.00068669
0 0 0.00311986
0 0 0.00306364
0 0 0.0031183
0 0 0.00274862
0 0 0.00356414
0 0 0.00336873
0 0 -0.00553295
0 0 -0.00412392
0 0 -0.000150127
0 0 0.000324139
0 0 0.00281033
0 0 0.00230109
0 0 7.35485e-05
0 0 -0.00595751
0 0 0.00221957
0 0 0.00229661
0 0 0.00400711
0 0 5.44751e-05
0 0 0.00126103
0 0 0.000612166
0 0 0.000536378
0 0 0.00150638
0 0 0.00152529
0 0 0.00016553
0 0 0.00239043
0 0 0.000666343
0 0 0.00177381
0 0 0.0017268
0 0 0.00387932
0 0 0.00223372
0 0 0.00124851
0 0 0.00104198
0 0 0.00158646
0 0 0.00156042
0 0 0.00264876
0 0 0.00426655
0 0 0.00356668
0 0 0.00327304
0 0 0.00149647
0 0 0.00302687
0 0 0.00292666
0 0 0.00282034
0 0 0.00318293
0 0 0.000289102
0 0 0.00291401
0 0 0.000230485
0 0 0.000444223
0 0 0.0034902
0 0 0.00355045
0 0 0.00205694
0 0 0.00282565
0 0 0.00135377
0 0 0.00347264
0 0 0.00333021
0 0 0.00224648
0 0 0.00222326
0 0 0.00280861
0 0 0.00103515
0 0 0.000142294
0 0 0.000484328
0 0 0.00170697
0 0 0.000843247
0 0 0.00136494
0 0 0.00133249
0 0 6.01159e-07
0 0 0.00365886
0 0 0.00367812
0 0 0.00200678
0 0 0.00188981
0 0 0.000597616
0 0 0.000949086
0 0 0.000865063
0 0 0.0011384
0 0 0.00113658
0 0 0.00322052
0 0 0.0031275
0 0 0.00191436
0 0 0.00185494
0 0 0.000215711
0 0 0.00336621
0 0 0.00347351
0 0 0.00343575
0 0 0.000768715
0 0 0.000666482
0 0 0.00151785
0 0 0.00243253
0 0 -0.000195979
0 0 0.000433317
0 0 -1.38588e-05
0 0 0.00241119
0 0 0.00246719
0 0 0.000512246
0 0 0.000360184
0 0 0.000852486
0 0 0.00310564
0 0 0.0012822
0 0 0.00336359
0 0 0.00327221
0 0 0.00135613
0 0 0.00230513
0 0 0.00370283
0 0 -9.45153e-06
0 0 0.000167193
0 0 -0.000262905
0 0 0.0030511
0 0 0.000266902
0 0 -0.00140713
0 0 -0.000735261
0 0 0.0031575
0 0 0.00323684
0 0 0.00205109
0 0 0.00184075
0 0 0.00358751
0 0 0.00365727
0 0 0.00304294
0 0 0.00306367
0 0 5.14601e-05
0 0 0.000234661
0 0 0.000733576
0 0 0.000635661
0 0 0.000806639
0 0 -0.000285026
0 0 0.00291793
0 0 0.00161222
0 0 0.00349261
0 0 0.00298154
0 0 0.000149945
0 0 0.00141878
0 0 0.00380553
0 0 0.000949695
0 0 0.00281774
0 0 0.00361973
0 0 0.000677043
0 0 0.00255177
0 0 -0.0034596
0 0 0.00544465
0 0 0.000252565
0 0 0.000128055
0 0 0.00261595
0 0 0.000162709
0 0 0.000525809
0 0 0.00229567
0 0 0.00156522
0 0 0.000637832
0 0 0.00270986
0 0 0.00287146
0 0 0.00359446
0 0 0.00354681
0 0 0.000778996
0 0 0.000846028
0 0 0.00453328
0 0 0.00381166
0 0 0.000337359
0 0 0.000579133
0 0 0.000912755
0 0 0.000865045
0 0 0.000963439
0 0 0.00297136
0 0 0.00291767
0 0 0.000600231
0 0 0.000666314
0 0 0.00219708
0 0 0.00247008
0 0 0.00101516
0 0 0.000769956
0 0 0.000740447
0 0 0.000214243
0 0 0.00158345
0 0 -0.0040934
0 0 0.000246865
0 0 7.38283e-05
0 0 0.000240715
0 0 0.00314147
0 0 0.00319693
0 0 0.00163903
0 0 0.00169621
0 0 0.00363358
0 0 0.000687122
0 0 0.000469742
0 0 0.000385378
0 0 0.00156741
0 0 0.00163653
0 0 0.00460961
0 0 0.000980695
0 0 0.000808142
0 0 0.00303886
0 0 0.000368716
0 0 0.000180416
0 0 0.00482512
0 0 0.000534529
0 0 0.00153724
0 0 0.00202091
0 0 0.00307309
0 0 0.00298567
0 0 0.000766768
0 0 0.000762522
0 0 0.000807696
0 0 0.0028916
0 0 0.00287379
0 0 0.000913419
0 0 0.000815184
0 0 0.00453773
0 0 0.00456327
0 0 0.000859975
0 0 0.00107305
0 0 0.000686212
0 0 0.00164099
0 0 0.00311013
0 0 0.00224196
0 0 0.00213141
0 0 0.00341761
0 0 0.00122807
0 0 0.00286848
0 0 0.00311012
0 0 0.00172126
0 0 0.00357168
0 0 0.00347237
0 0 0.004534
0 0 0.00228578
0 0 0.000618615
0 0 0.00221126
0 0 0.000310795
0 0 0.0029208
0 0 0.00087113
0 0 0.00327813
0 0 0.000547922
0 0 0.000626088
0 0 0.000550241
0 0 0.000812169
0 0 0.00294822
0 0 0.00488792
0 0 0.00215323
0 0 0.0024649
0 0 0.00462772
0 0 0.00237483
0 0 0.00232357
0 0 0.0046277
0 0 0.00473508
0 0 0.00312863
0 0 0.00217807
0 0 0.000938446
0 0 0.00147068
0 0 0.000322935
0 0 0.00265922
0 0 0.00215181
0 0 0.00194968
0 0 0.00129723
0 0 0.00236479
0 0 0.00319422
0 0 0.000183734
0 0 -0.00063917
0 0 0.00463989
0 0 0.00043847
0 0 0.000870956
0 0 0.000532199
0 0 0.00308703
0 0 0.00205767
0 0 0.00234826
0 0 0.000623878
0 0 0.00486016
0 0 0.0019801
0 0 0.00190101
0 0 0.0018512
0 0 0.00371978
0 0 0.00292793
0 0 0.00083763
0 0 0.000910066
0 0 0.000965972
0 0 0.00328522
0 0 0.00225874
0 0 0.0019586
0 0 0.00199356
0 0 0.00185565
0 0 0.00292163
0 0 0.00341818
0 0 0.00501305
0 0 -0.01042
0 0 0.020171
0 0 0.0324412
0 0 0.0212161
0 0 0.0137274
0 0 0.0332409
0 0 0.0143364
0 0 0.0341807
0 0 0.0391292
0 0 0.00951561
0 0 0.00754199
0 0 0.00516532
0 0 0.024904
0 0 0.0186933
0 0 0.00643481
0 0 0.0141258
0 0 0.00557182
0 0 0.0416922
0 0 0.0363091
0 0 0.0141797
0 0 0.00602823
0 0 0.0052949
0 0 0.0435103
0 0 0.0101372
0 0 0.00602803
0 0 0.012164
0 0 0.01936
0 0 0.0337386
0 0 0.0281972
0 0 0.00550665
0 0 0.00476032
0 0 0.00893601
0 0 0.00779279
0 0 0.0411037
0 0 0.0468217
0 0 0.0466076
0 0 0.015168
0 0 0.040875
0 0 0.0118485
0 0 0.0105863
0 0 0.028179
0 0 0.0239397
0 0 0.0124599
0 0 0.0176077
0 0 0.0272464
0 0 0.00737099
0 0 0.00641429
0 0 0.00825418
0 0 0.0106879
0 0 0.0107214
0 0 0.00852595
0 0 0.00747738
0 0 0.00831
0 0 0.00624953
0 0 0.00694042
0 0 0.00686097
0 0 0.00926173
0 0 0.00819673
0 0 0.00524653
0 0 0.00503283
0 0 0.00768801
0 0 0.00682056
0 0 0.00776936
0 0 0.00596289
0 0 0.00561985
0 0 0.00621367
0 0 0.00578821
0 0 0.00542944
0 0 0.0109958
0 0 0.00998795
0 0 0.0366223
0 0 0.0408784
0 0 0.0356325
0 0 0.0153672
0 0 0.016205
0 0 0.0183848
0 0 0.0207742
0 0 0.0181158
0 0 0.0441679
0 0 0.0429129
0 0 0.00974537
0 0 0.024679
0 0 0.0263931
0 0 0.0234999
0 0 0.0210112
0 0 0.00685943
0 0 0.0065998
0 0 0.0145915
0 0 0.0167353
0 0 0.0459995
0 0 0.0446099
0 0 0.0121444
0 0 0.0131113
0 0 0.0113723
0 0 0.0173126
0 0 0.0144046
0 0 0.0167429
0 0 0.0117392
0 0 0.0112406
0 0 0.0129426
0 0 0.0307164
0 0 0.0331267
0 0 0.036769
0 0 0.0210484
0 0 0.0171239
0 0 0.0391766
0 0 0.0373632
0 0 0.00522681
0 0 0.00577268
0 0 0.00729308
0 0 0.00687685
0 0 0.00644026
0 0 0.00568878
0 0 0.0237138
0 0 0.0253493
0 0 0.00782971
0 0 0.00911992
0 0 0.00872919
0 0 0.0266201
0 0 0.00605346
0 0 0.00584788
0 0 0.00509467
0 0 0.00569483
0 0 0.00557215
0 0 0.0063045
0 0 0.0336641
0 0 0.0377303
0 0 0.00331281
0 0 0.00607204
0 0 0.0338703
0 0 0.028972
0 0 0.0294885
0 0 0.00736931
0 0 0.00489968
0 0 0.00498051
0 0 0.00722469
0 0 0.0107406
0 0 0.00987175
0 0 0.00916291
0 0 0.00859589
0 0 0.0469434
0 0 0.0486104
0 0 0.0125031
0 0 0.0107011
0 0 0.0121489
0 0 0.00541163
0 0 0.00542111
0 0 0.00533783
0 0 0.00496328
0 0 0.00483914
0 0 0.015974
0 0 0.0188617
0 0 0.022913
0 0 0.0141501
0 0 0.0122231
0 0 0.00890926
0 0 0.00909178
0 0 0.00521553
0 0 0.00549933
0 0 0.0144368
0 0 0.013583
0 0 0.00802569
0 0 0.0162947
0 0 0.0193917
0 0 0.0224526
0 0 0.0164946
0 0 0.00484646
0 0 0.0342224
0 0 0.0383159
0 0 0.016982
0 0 0.0212495
0 0 0.0184928
0 0 0.00872622
0 0 0.0104472
0 0 0.00514269
0 0 0.0307524
0 0 0.0414077
0 0 0.0381653
0 0 0.0104563
0 0 0.0206632
0 0 0.0225414
0 0 0.0262287
0 0 0.0275259
0 0 0.00561487
0 0 0.0046114
0 0 0.0164636
0 0 0.0135957
0 0 0.0285131
0 0 0.0105638
0 0 0.0317533
0 0 0.0354486
0 0 0.0311722
0 0 0.00853337
0 0 0.0303208
0 0 0.0309347
0 0 0.00860291
0 0 0.00841677
0 0 0.00925979
0 0 0.0490402
0 0 0.00909206
0 0 0.0503927
0 0 0.0505705
0 0 0.0438346
0 0 0.0418084
0 0 0.0122071
0 0 0.0425878
0 0 0.0457447
0 0 0.0133218
0 0 0.0414139
0 0 0.0385766
0 0 0.00918014
0 0 0.0128352
0 0 0.050126
0 0 0.0101494
0 0 0.0426373
0 0 0.00876598
0 0 0.0454059
0 0 0.0256748
0 0 0.0304307
0 0 0.0365939
0 0 0.0374938
0 0 0.0306897
0 0 0.00896858
0 0 0.0231991
0 0 0.00463332
0 0 0.0056575
0 0 0.0155441
0 0 0.0468936
0 0 0.0425961
0 0 0.0135235
0 0 0.00692107
0 0 0.0373061
0 0 0.0260353
0 0 0.0354289
0 0 0.000924006
0 0 -0.0528528
0 0 0.0300954
0 0 -0.0304837
0 0 0.0543797
0 0 -0.0347211
0 0 -0.0575138
0 0 -0.0811535
0 0 -0.0265612
0 0 -0.0287482
0 0 -0.105791
0 0 -0.038926
0 0 0.095731
0 0 -0.0106109
0 0 0.0541458
0 0 -0.00942295
0 0 0.0232192
0 0 -0.0922117
0 0 -0.0282572
0 0 0.0458411
0 0 -0.124294
0 0 0.0590387
0 0 -0.0783564
0 0 -0.0758248
0 0 -0.0453671
0 0 -0.0965192
0 0 -0.0414084
0 0 -0.0219301
0 0 -0.0577371
0 0 -0.0166719
0 0 0.0380995
0 0 -0.0368624
0 0 -0.0969507
0 0 -0.0585902
0 0 -0.0472864
0 0 -0.0404135
0 0 -0.0335282
0 0 -0.000257275
0 0 -0.0762115
0 0 -0.0401165
0 0 -0.00591859
0 0 0.02455
0 0 0.00373974
0 0 -0.083801
0 0 -0.0975392
0 0 0.0907989
0 0 -0.0355247
0 0 0.0545036
0 0 -0.0539233
0 0 -0.0407874
0 0 -0.0293116
0 0 0.0137589
0 0 -0.0345949
0 0 0.0472222
0 0 -0.0247667
0 0 0.0219859
0 0 0.0423704
0 0 0.0429638
0 0 -0.00972394
0 0 0.0647271
0 0 0.0145523
0 0 -0.0209
0 0 -0.0120874
0 0 -0.0838341
0 0 -0.0454685
0 0 0.0265216
0 0 -0.00263264
0 0 0.0695523
0 0 0.057908
0 0 -0.0973133
0 0 0.0656373
0 0 -0.0179553
0 0 -0.0387405
0 0 -0.0496153
0 0 -0.0455269
0 0 -0.0413186
0 0 0.0288707
0 0 -0.0235695
0 0 -0.0114398
0 0 -0.363416
0 0 -0.0766269
0 0 0.0347723
0 0 -0.0898527
0 0 -0.0628935
0 0 -0.0186103
0 0 -0.0918553
0 0 -0.0703357
0 0 -0.0564175
0 0 -0.0148173
0 0 0.0571085
0 0 0.0502872
0 0 0.00389391
0 0 -0.231978
0 0 -0.0704907
0 0 -0.0367077
0 0 -0.00600754
0 0 0.0147236
0 0 -0.0606297
0 0 -0.0831684
0 0 -0.104165
0 0 -0.000432172
0 0 -0.00982516
0 0 0.0533386
0 0 -0.0424886
0 0 -0.091595
0 0 -0.0375729
0 0 -0.00505903
0 0 -0.0926796
0 0 -0.0234835
0 0 0.0726639
0 0 0.0202862
0 0 -0.099441
0 0 -0.0448922
0 0 -0.00559768
0 0 0.169311
0 0 -0.0293792
0 0 -0.0408037
0 0 -0.0746394
0 0 -0.0560814
0 0 -0.0527455
0 0 -0.0310667
0 0 0.0385531
0 0 0.182498
0 0 -0.0371967
0 0 0.0331399
0 0 -0.0651736
0 0 -0.0257021
0 0 -0.0290053
0 0 -0.0170376
0 0 0.0108061
0 0 -0.0296668
0 0 -0.0307376
0 0 -0.029201
0 0 -0.0420265
0 0 -0.080794
0 0 0.0513928
0 0 -0.037107
0 0 -0.07614
0 0 -0.0368496
0 0 -0.0331783
0 0 0.0343969
0 0 -0.0450619
0 0 0.0587105
0 0 0.0395852
0 0 -0.0569822
0 0 0.0390765
0 0 -0.00710215
0 0 -0.035893
0 0 -0.0673184
0 0 -0.0052212
0 0 0.066332
0 0 -0.096747
0 0 0.0286117
0 0 -0.0239665
0 0 -0.104724
0 0 -0.0274258
0 0 -0.0796928
0 0 0.000236852
0 0 0.0586824
0 0 0.0644843
0 0 -0.00279611
0 0 -0.0260341
0 0 -0.0984886
0 0 -0.0851771
0 0 0.00704004
0 0 -0.0436646
0 0 0.0628445
0 0 -0.0213963
0 0 -0.0748187
0 0 0.0347193
0 0 -0.0628847
0 0 0.0287632
0 0 0.0488856
0 0 0.0804635
0 0 -0.0608752
0 0 -0.0370121
0 0 -0.100023
0 0 0.00807666
0 0 -0.0840918
0 0 -0.149609
0 0 -0.0354863
0 0 -0.0108365
0 0 -0.0739327
0 0 -0.0054971
0 0 0.0623297
0 0 0.0493677
0 0 0.0119326
0 0 -0.0354877
0 0 -0.048031
0 0 -0.107762
0 0 -0.0698107
0 0 0.116023
0 0 0.0281059
0 0 0.0462308
0 0 -0.0656564
0 0 -0.00291951
0 0 -0.0480754
0 0 -0.0188494
0 0 -0.0198889
0 0 0.0446587
0 0 -0.000757149
0 0 -0.0446014
0 0 -0.0422976
0 0 -0.0278546
0 0 0.0611216
0 0 -0.0124999
0 0 -0.0105011
0 0 -0.0764916
0 0 0.0197084
0 0 -0.0250343
0 0 -0.0587525
0 0 -0.0313101
0 0 -0.0910241
0 0 -0.0368497
0 0 -0.0620245
0 0 -0.0242637
0 0 0.0386556
0 0 -0.014108
0 0 -0.0579436
0 0 -0.0484003
0 0 -0.0419076
0 0 0.0684369
0 0 0.011613
0 0 -0.0387881
0 0 0.0535442
0 0 0.0149961
0 0 0.0158649
0 0 0.058467
0 0 0.0265535
0 0 -0.0840113
0 0 -0.0941307
0 0 -0.0370699
0 0 0.00901019
0 0 -0.0229661
0 0 -0.0146035
0 0 -0.0404956
0 0 -0.0509864
0 0 -0.0313052
0 0 -0.00237931
0 0 0.0367862
0 0 0.0384804
0 0 -0.0537916
0 0 -0.0260236
0 0 0.0195466
0 0 0.0404439
0 0 -0.0516218
0 0 -0.0934293
0 0 -0.205849
0 0 -0.82819
0 0 -0.0462132
0 0 -0.0240432
0 0 -0.036096
0 0 -0.0385426
0 0 -0.0327586
0 0 0.0366226
0 0 -0.0383687
0 0 0.0261239
0 0 -0.0166142
0 0 -0.0279986
0 0 0.0199144
0 0 0.0505342
0 0 -0.0405408
0 0 -0.0958242
0 0 -0.0351926
0 0 0.0433729
0 0 -0.275542
0 0 0.0491177
0 0 0.378558
0 0 -0.0248841
0 0 -0.0948045
0 0 -0.0166552
0 0 0.0441541
0 0 -0.0567507
0 0 -0.0390111
0 0 0.0567262
0 0 0.00231974
0 0 -0.0664551
0 0 -0.075382
0 0 -0.0435657
0 0 -0.0225313
0 0 0.0342224
0 0 -0.0357863
0 0 -0.00459711
0 0 0.0686037
0 0 -0.0699034
0 0 -0.0615202
0 0 -0.0271271
0 0 0.0641297
0 0 -0.00740399
0 0 -0.0169966
0 0 -0.0524601
0 0 0.0602061
0 0 -0.00402978
0 0 0.0331503
0 0 -0.0886081
0 0 0.0199572
0 0 -0.0588766
0 0 0.0352614
0 0 8.18544e-05
0 0 -0.0517021
0 0 -0.0128079
0 0 -0.0926707
0 0 -0.0768825
0 0 -0.0423098
0 0 -0.0841417
0 0 -0.0841729
0 0 0.204089
0 0 -0.0469474
0 0 -0.0844776
0 0 -0.0909636
0 0 -0.0740731
0 0 0.0490466
0 0 -0.0848838
0 0 -0.0288523
0 0 -0.0460008
0 0 -0.00496689
0 0 -0.0954108
0 0 0.0675668
0 0 -0.0684598
0 0 -0.101152
0 0 0.0385238
0 0 -0.0274921
0 0 0.0390575
0 0 -0.0697127
0 0 -0.0645675
0 0 -0.0365612
0 0 0.0614034
0 0 -0.035184
0 0 0.059657
0 0 -0.0456766
0 0 -0.0568853
0 0 -0.0099645
0 0 -0.102849
0 0 -0.0255972
0 0 0.0172318
0 0 -0.0717216
0 0 -0.0803565
0 0 -0.0332987
0 0 -0.00509671
0 0 0.0130427
0 0 -0.0157754
0 0 -0.0637532
0 0 -0.0372592
0 0 0.0578165
0 0 -0.0868653
0 0 -0.0243861
0 0 -0.0632229
0 0 -0.0500578
0 0 0.0679032
0 0 -0.0140042
0 0 0.00391264
0 0 0.0286494
0 0 -0.0432142
0 0 -0.0748494
0 0 -0.0263029
0 0 -0.0675589
0 0 -0.0833314
0 0 -0.0393801
0 0 -0.0397858
0 0 -0.0245056
0 0 -0.132064
0 0 0.0296851
0 0 -0.0269705
0 0 0.197066
0 0 0.0474512
0 0 0.00756597
0 0 -0.0526614
0 0 -0.0322157
0 0 0.0781392
0 0 0.0482763
0 0 -0.0189019
0 0 0.0109152
0 0 -0.0773789
0 0 -0.0161869
0 0 -0.0185245
0 0 -0.00139883
0 0 -0.0455271
0 0 -0.0193189
0 0 -0.00530201
0 0 -0.0905596
0 0 -0.0272674
0 0 -0.0865396
0 0 -0.067159
0 0 -0.0709519
0 0 -0.054638
0 0 -0.0918365
0 0 -0.032743
0 0 -0.0444122
0 0 0.00148014
0 0 -0.130912
0 0 -0.00812711
0 0 -0.0955013
0 0 -0.0512839
0 0 -0.0269785
0 0 -0.0254676
0 0 -0.0745277
0 0 -0.134943
0 0 -0.0333616
0 0 -0.0879566
0 0 -0.0689084
0 0 0.0191007
0 0 0.0372389
0 0 -0.00438952
0 0 -0.025267
0 0 0.0311149
0 0 0.0532642
0 0 -0.0416453
0 0 0.0405499
0 0 -0.00154611
0 0 -0.0240612
0 0 -0.0375653
0 0 -0.0421201
0 0 -0.07459
0 0 -0.0367591
0 0 -0.0380308
0 0 -0.0443315
0 0 -0.000890473
0 0 -0.0381455
0 0 -0.0207968
0 0 0.106241
0 0 -0.188487
0 0 0.0439944
0 0 -0.0316049
0 0 0.109244
0 0 -0.0291921
0 0 -0.0113519
0 0 -0.0589632
0 0 0.0565802
0 0 0.0299257
0 0 0.0129002
0 0 -0.0659511
0 0 -0.0478655
0 0 -0.0817112
0 0 -0.0116981
0 0 -0.0454858
0 0 -0.00112673
0 0 -0.00920067
0 0 -0.0518434
0 0 -0.0701696
0 0 -0.00784057
0 0 -0.0669424
0 0 -0.0273529
0 0 0.0499577
0 0 0.0296125
0 0 0.0084973
0 0 0.0466841
0 0 0.0471684
0 0 0.0866656
0 0 0.168865
0 0 0.0356413
0 0 -0.0229421
0 0 -0.0186309
0 0 -0.0376728
0 0 -0.0363445
0 0 -0.0638201
0 0 -0.060099
0 0 -0.0594762
0 0 -0.070422
0 0 -0.0724639
0 0 -0.0681131
0 0 -0.0294123
0 0 -0.0328884
0 0 -0.0330776
0 0 -0.0213201
0 0 -0.0219622
0 0 -0.0242882
0 0 -0.0464278
0 0 -0.0331309
0 0 -0.0991292
0 0 -0.0324837
0 0 -0.0499855
0 0 -0.0313582
0 0 -0.0427024
0 0 -0.0411217
0 0 -0.040797
0 0 -0.0421894
0 0 -0.0453321
0 0 -0.0241576
0 0 -0.0343359
0 0 -0.0370382
0 0 -0.0456494
0 0 -0.0455122
0 0 -0.0442193
0 0 0.0250681
0 0 0.0274979
0 0 0.0662907
0 0 0.0670595
0 0 0.0698933
0 0 -0.0447473
0 0 -0.0448855
0 0 0.017213
0 0 0.0785096
0 0 0.0582122
0 0 -0.0275103
0 0 -0.0168404
0 0 -0.0642047
0 0 -0.122881
0 0 -0.0792687
0 0 -0.0618945
0 0 -0.0493684
0 0 -0.136053
0 0 -0.235836
0 0 -0.646684
0 0 -0.0571107
0 0 -0.0611776
0 0 -0.00867348
0 0 0.00240376
0 0 1.42584e-05
0 0 -0.0447195
0 0 -0.0444935
0 0 0.0665216
0 0 0.0650528
0 0 0.0153494
0 0 0.0104491
0 0 -0.0581202
0 0 -0.063884
0 0 -0.0621853
0 0 -0.188513
0 0 -0.0303272
0 0 -0.0219745
0 0 -0.0205593
0 0 -0.0172967
0 0 -0.0895338
0 0 -0.0840621
0 0 -0.0513347
0 0 -0.0161397
0 0 -0.0212152
0 0 -0.0979905
0 0 -0.0966562
0 0 -0.0988765
0 0 0.169354
0 0 0.157216
0 0 0.153072
0 0 0.120346
0 0 0.161491
0 0 -0.108168
0 0 -0.101974
0 0 -0.102153
0 0 0.030971
0 0 0.0178608
0 0 0.0260284
0 0 -0.151184
0 0 -0.199264
0 0 -0.181765
0 0 -0.0627136
0 0 -0.0721693
0 0 -0.0528837
0 0 -0.0616265
0 0 -0.0501145
0 0 0.0857456
0 0 0.100229
0 0 0.059137
0 0 0.0616667
0 0 0.060249
0 0 -0.0506516
0 0 -0.0621828
0 0 -0.0522643
0 0 -0.0953076
0 0 -0.094844
0 0 -0.0200778
0 0 -0.021694
0 0 -0.0159176
0 0 -0.0973119
0 0 -0.100331
0 0 -0.0715645
0 0 0.0365672
0 0 0.0370275
0 0 -0.0045364
0 0 -0.00748981
0 0 -0.0141285
0 0 0.0221395
0 0 0.0442399
0 0 0.0563511
0 0 0.0607255
0 0 0.0569866
0 0 -0.037492
0 0 -0.0378126
0 0 -0.0348236
0 0 -0.0428645
0 0 -0.0336443
0 0 -0.0136804
0 0 -0.00542417
0 0 -0.0994452
0 0 -0.0990157
0 0 -0.0964814
0 0 -0.00112854
0 0 -0.00266311
0 0 -0.0247883
0 0 0.0562446
0 0 0.129818
0 0 0.08774
0 0 -0.0319537
0 0 -0.0263997
0 0 -0.0318165
0 0 -0.0443168
0 0 -0.0422891
0 0 0.0775371
0 0 0.0758613
0 0 -0.0730254
0 0 -0.0920419
0 0 -0.0429615
0 0 -0.0505319
0 0 -0.0179532
0 0 -0.0158059
0 0 -0.0981803
0 0 0.0442957
0 0 0.0651412
0 0 0.0691229
0 0 0.0697854
0 0 0.0819746
0 0 -0.0557
0 0 -0.0409483
0 0 -0.04691
0 0 0.00177197
0 0 -0.00852349
0 0 0.00505786
0 0 -0.0382424
0 0 -0.028868
0 0 -0.0438151
0 0 -0.0483181
0 0 0.0576152
0 0 0.0550291
0 0 0.0530812
0 0 -0.0796713
0 0 -0.082644
0 0 -0.0860952
0 0 -0.0383807
0 0 -0.0404071
0 0 -0.0436911
0 0 -0.0789109
0 0 -0.0791028
0 0 -0.0837885
0 0 -0.0983878
0 0 -0.106058
0 0 -0.0259776
0 0 -0.0259265
0 0 -0.0343153
0 0 -0.0311442
0 0 -0.0287458
0 0 -0.0320331
0 0 -0.0341324
0 0 -0.0382818
0 0 -0.0729703
0 0 -0.0833337
0 0 0.00698445
0 0 -0.00533911
0 0 0.00667042
0 0 -0.0169786
0 0 -0.013071
0 0 -0.0305682
0 0 -0.0289687
0 0 -0.0260634
0 0 0.0176569
0 0 0.0104151
0 0 -0.037243
0 0 -0.0218726
0 0 -0.0251752
0 0 -0.0282207
0 0 -0.0323277
0 0 -0.0189533
0 0 -0.0172931
0 0 -0.0495292
0 0 -0.0517946
0 0 -0.0431335
0 0 0.117701
0 0 0.131052
0 0 0.0929062
0 0 0.01037
0 0 0.0234422
0 0 0.0376458
0 0 0.0408679
0 0 0.0345195
0 0 -0.0538999
0 0 -0.0491048
0 0 0.0394547
0 0 0.0367497
0 0 0.0354759
0 0 -0.014549
0 0 -0.0213713
0 0 -0.0161431
0 0 -0.043447
0 0 -0.04464
0 0 -0.0461377
0 0 0.0160182
0 0 0.0152462
0 0 0.0111368
0 0 -0.00994815
0 0 -0.0111884
0 0 0.0828248
0 0 -0.0796031
0 0 -0.0780818
0 0 -0.0826491
0 0 -0.0985251
0 0 -0.0969716
0 0 -0.0867856
0 0 -0.101062
0 0 -0.21211
0 0 -0.0383245
0 0 -0.0366352
0 0 -0.0295458
0 0 -0.0281242
0 0 0.0180292
0 0 -0.00472106
0 0 -0.01833
0 0 -0.0207954
0 0 0.0562134
0 0 0.0618409
0 0 0.0600367
0 0 -0.0972377
0 0 -0.0926245
0 0 0.0649722
0 0 0.0660181
0 0 0.0674949
0 0 -0.0219333
0 0 -0.0233041
0 0 -0.0261341
0 0 -0.0424374
0 0 -0.0436763
0 0 -0.0194649
0 0 -0.0215679
0 0 -0.035149
0 0 -0.0332013
0 0 0.0211948
0 0 0.0169589
0 0 0.0345
0 0 0.0291721
0 0 -0.0303541
0 0 -0.0243413
0 0 -0.0228533
0 0 0.050892
0 0 0.0532136
0 0 -0.0227062
0 0 -0.017818
0 0 0.0159383
0 0 0.00489125
0 0 -0.0321995
0 0 -0.0247865
0 0 -0.0210997
0 0 0.0681131
0 0 0.0676783
0 0 0.0483708
0 0 -0.0713792
0 0 -0.0674919
0 0 0.0635704
0 0 0.0631245
0 0 -0.0392806
0 0 -0.0731102
0 0 -0.0759452
0 0 -0.030357
0 0 -0.033021
0 0 -0.0342495
0 0 -0.0288751
0 0 -0.0227927
0 0 0.00634804
0 0 0.0202116
0 0 -0.0528437
0 0 -0.0372043
0 0 -0.037373
0 0 -0.0369503
0 0 0.0558506
0 0 0.0500305
0 0 -0.0790922
0 0 -0.0763463
0 0 -0.0740708
0 0 -0.0316179
0 0 -0.0344137
0 0 -0.00843412
0 0 -0.00927896
0 0 -0.0358476
0 0 0.00881324
0 0 -0.00443299
0 0 -0.00355565
0 0 -0.0277313
0 0 -0.0654241
0 0 -0.0635566
0 0 -0.0539852
0 0 -0.0564037
0 0 0.0665982
0 0 0.0647651
0 0 0.0545089
0 0 -0.0069507
0 0 -0.00415709
0 0 0.0170303
0 0 0.0197237
0 0 0.017392
0 0 -0.0306943
0 0 -0.022141
0 0 -0.025818
0 0 -0.0294052
0 0 -0.0335375
0 0 -0.0260291
0 0 0.0322455
0 0 0.034512
0 0 0.0391172
0 0 0.0366146
0 0 -0.0184881
0 0 0.0116882
0 0 -0.0164636
0 0 0.0542648
0 0 -0.0349279
0 0 -0.0565614
0 0 -0.0596698
0 0 -0.0805981
0 0 -0.0844923
0 0 0.0584072
0 0 0.055646
0 0 0.0608766
0 0 0.0082272
0 0 0.00961522
0 0 0.0149735
0 0 0.0229422
0 0 0.0232988
0 0 -0.0730725
0 0 0.0666666
0 0 0.256956
0 0 0.0952074
0 0 -0.0388941
0 0 0.00765905
0 0 -0.0536539
0 0 -0.0481563
0 0 -0.0372283
0 0 -0.0335551
0 0 0.053378
0 0 0.0520859
0 0 0.00921761
0 0 0.00352377
0 0 0.0370494
0 0 0.0367888
0 0 -0.00763477
0 0 -0.0100283
0 0 0.0344428
0 0 0.0369205
0 0 0.0267578
0 0 0.0689884
0 0 0.059587
0 0 0.0145469
0 0 0.0197067
0 0 0.0261742
0 0 0.026038
0 0 0.0216148
0 0 0.0196653
0 0 -0.0865826
0 0 -0.0869902
0 0 -0.0797361
0 0 -0.0752981
0 0 0.0317314
0 0 0.0332184
0 0 -0.0750294
0 0 -0.0775587
0 0 -0.0323282
0 0 -0.028687
0 0 -0.0350261
0 0 0.12476
0 0 0.0325362
0 0 0.041255
0 0 0.0662536
0 0 0.0806606
0 0 -0.0231069
0 0 -0.0168427
0 0 -0.0369205
0 0 -0.0297592
0 0 -0.03776
0 0 -0.0898846
0 0 0.0294208
0 0 0.0398028
0 0 0.0575974
0 0 0.0545521
0 0 0.0563466
0 0 -0.0209541
0 0 -0.0169277
0 0 -0.0192909
0 0 -0.0364747
0 0 -0.035273
0 0 -0.000467604
0 0 -0.0093466
0 0 0.0414465
0 0 0.0427445
0 0 0.0446127
0 0 -0.0390959
0 0 -0.00879104
0 0 -0.0461971
0 0 -0.0334838
0 0 -0.0355574
0 0 -0.0311991
0 0 -0.07831
0 0 -0.0282592
0 0 -0.014247
0 0 0.0910585
0 0 -0.0196224
0 0 0.00414114
0 0 0.00761684
0 0 0.029317
0 0 0.0322474
0 0 -0.0232553
0 0 -0.0306126
0 0 -0.0644118
0 0 -0.0872701
0 0 0.0217031
0 0 0.0326909
0 0 0.0459573
0 0 0.0447702
0 0 0.0449776
0 0 0.0531306
0 0 -0.0524656
0 0 -0.0806608
0 0 -0.0518648
0 0 0.0445376
0 0 0.0410197
0 0 -0.0344694
0 0 -0.039151
0 0 0.0258422
0 0 -0.0117831
0 0 -0.0143418
0 0 0.00977881
0 0 -0.00468472
0 0 -0.0371038
0 0 -0.0367537
0 0 -0.0331217
0 0 -0.0765418
0 0 -0.041632
0 0 -0.0424
0 0 -0.0140895
0 0 -0.0561581
0 0 -0.0289073
0 0 -0.0423767
0 0 -0.0302037
0 0 -0.0344393
0 0 -0.0322825
0 0 -0.0349046
0 0 -0.0317751
0 0 -0.0354498
0 0 -0.0437544
0 0 -0.0507321
0 0 -0.0472137
0 0 -0.0464302
0 0 -0.0389965
0 0 -0.0360006
0 0 0.0215059
0 0 0.00997425
0 0 0.0151743
0 0 -0.0246451
0 0 -0.0335888
0 0 -0.0572832
0 0 -0.0660798
0 0 -0.0373474
0 0 -0.02739
0 0 -0.00312731
0 0 -0.101066
0 0 -0.102627
0 0 -0.0191659
0 0 -0.0149017
0 0 -0.0351055
0 0 0.0323183
0 0 0.0373809
0 0 0.0341114
0 0 -0.0443352
0 0 -0.0545324
0 0 -0.0299983
0 0 -0.0324999
0 0 -0.0400566
0 0 -0.00808863
0 0 -0.0102046
0 0 -0.00702112
0 0 -0.0403454
0 0 -0.0401168
0 0 -0.0393577
0 0 -0.0475778
0 0 -0.102612
0 0 -0.101876
0 0 -0.064177
0 0 -0.0583627
0 0 0.0453382
0 0 0.0419719
0 0 -0.0622856
0 0 -0.0646069
0 0 -0.0132151
0 0 -0.0126194
0 0 -0.0198492
0 0 -0.0249597
0 0 9.2686e-05
0 0 -0.0172052
0 0 -0.019945
0 0 -0.0299471
0 0 -0.0399066
0 0 -0.0745347
0 0 -0.0751879
0 0 -0.0723682
0 0 -0.037427
0 0 -0.0368659
0 0 -0.0384585
0 0 -0.0382386
0 0 -0.0367576
0 0 -0.0251446
0 0 -0.0195815
0 0 0.0632093
0 0 0.0638579
0 0 0.0578829
0 0 0.00516625
0 0 0.00841265
0 0 0.052759
0 0 -0.0410828
0 0 -0.0445246
0 0 0.0459482
0 0 0.0468714
0 0 0.0440112
0 0 -0.0376127
0 0 -0.0366036
0 0 0.389873
0 0 0.32241
0 0 0.14078
0 0 0.0603587
0 0 0.0530848
0 0 0.042933
0 0 -0.0387332
0 0 -0.0387734
0 0 0.0232635
0 0 -0.0380924
0 0 -0.0382543
0 0 -0.0830708
0 0 -0.037262
0 0 -0.022846
0 0 -0.0170617
0 0 -0.0373308
0 0 -0.0399668
0 0 -0.0259891
0 0 -0.0547185
0 0 -0.0539792
0 0 0.0107686
0 0 0.0087919
0 0 0.0129377
0 0 -0.0647031
0 0 -0.0611059
0 0 -0.0872501
0 0 -0.0825723
0 0 -0.0799952
0 0 0.0119735
0 0 -0.0650928
0 0 -0.0344278
0 0 -0.0314634
0 0 -0.0179307
0 0 0.0659988
0 0 -0.0354639
0 0 0.102267
0 0 0.108371
0 0 0.0406441
0 0 -0.0380671
0 0 -0.0395734
0 0 -0.0847799
0 0 -0.0862016
0 0 0.0312949
0 0 -0.0407792
0 0 -0.0384827
0 0 -0.0397072
0 0 -0.0252534
0 0 -0.0839702
0 0 -0.0836882
0 0 -0.0829585
0 0 -0.00933852
0 0 -0.0099285
0 0 -0.0176883
0 0 -0.0122388
0 0 0.0351268
0 0 0.0382321
0 0 0.0473356
0 0 0.0498812
0 0 -0.0385081
0 0 -0.0389206
0 0 -0.0797529
0 0 -0.0789191
0 0 -0.0844021
0 0 0.0483156
0 0 0.0483049
0 0 0.0666886
0 0 -0.042161
0 0 -0.0375453
0 0 -0.0302479
0 0 -0.026366
0 0 -0.000517726
0 0 -0.0752341
0 0 0.0599474
0 0 0.00575152
0 0 -0.0665926
0 0 -0.0687247
0 0 0.0393376
0 0 -0.0512638
0 0 -0.0352431
0 0 0.0609843
0 0 0.0509741
0 0 0.0515485
0 0 -0.00613486
0 0 -0.012765
0 0 0.00571468
0 0 0.00133317
0 0 0.0600695
0 0 0.0548168
0 0 0.0573366
0 0 -0.0754349
0 0 -0.078729
0 0 -0.0317307
0 0 -0.0326097
0 0 -0.0283715
0 0 -0.0406524
0 0 -0.0427916
0 0 0.0138351
0 0 0.0101876
0 0 0.00801021
0 0 0.00933452
0 0 -0.0445055
0 0 -0.0440511
0 0 -0.0800484
0 0 -0.0856847
0 0 -0.0931875
0 0 -0.0885566
0 0 -0.0883908
0 0 -0.0790453
0 0 -0.0801896
0 0 0.0417834
0 0 0.0409634
0 0 -0.00825073
0 0 -0.00420154
0 0 -0.00512953
0 0 0.047396
0 0 -0.0265823
0 0 -0.0270962
0 0 -0.0290472
0 0 -0.0471023
0 0 -0.0320342
0 0 -0.102256
0 0 -0.090799
0 0 -0.000351693
0 0 0.0731161
0 0 0.0180418
0 0 -0.0103856
0 0 -0.0232028
0 0 0.0606577
0 0 0.0455137
0 0 0.0366785
0 0 0.0388865
0 0 0.0416762
0 0 0.0425172
0 0 0.0437485
0 0 0.00302189
0 0 -0.00119749
0 0 0.00224964
0 0 -0.0398041
0 0 -0.0418215
0 0 -0.0755596
0 0 -0.0504006
0 0 -0.0441237
0 0 -0.0471745
0 0 -0.046563
0 0 -0.00159845
0 0 -0.00436521
0 0 -0.0893639
0 0 -0.0920579
0 0 -0.0793847
0 0 0.0371929
0 0 -0.034194
0 0 -0.0421384
0 0 0.0422014
0 0 0.0315
0 0 -0.0906035
0 0 -0.0872941
0 0 -0.0771892
0 0 -0.0782047
0 0 -0.0728648
0 0 0.0679729
0 0 0.06513
0 0 0.062317
0 0 -0.0989749
0 0 -0.11076
0 0 -0.115737
0 0 -0.0841582
0 0 -0.071661
0 0 -0.0685267
0 0 -0.0115461
0 0 0.00339691
0 0 -0.0370373
0 0 -0.0951288
0 0 -0.0911411
0 0 -0.0774676
0 0 -0.0692752
0 0 -0.0635115
0 0 -0.00527254
0 0 0.00229558
0 0 -0.0993537
0 0 -0.0395405
0 0 -0.0482295
0 0 0.0355727
0 0 0.00742461
0 0 0.00557329
0 0 -0.0933514
0 0 0.0461934
0 0 0.044854
0 0 0.00671241
0 0 0.0033748
0 0 -0.100636
0 0 -0.0630228
0 0 -0.0336635
0 0 -0.031712
0 0 -0.0165596
0 0 0.0569332
0 0 0.059288
0 0 -0.0829509
0 0 -0.0862746
0 0 -0.092516
0 0 -0.0732273
0 0 -0.0353393
0 0 0.0427818
0 0 0.0426125
0 0 -0.0556579
0 0 -0.0718238
0 0 -0.0752835
0 0 0.0615631
0 0 -0.013728
0 0 0.0660479
0 0 0.0360054
0 0 -0.0482136
0 0 -0.0607342
0 0 -0.0216234
0 0 -0.00995552
0 0 -0.0223272
0 0 -0.035556
0 0 -0.0361614
0 0 -0.0856241
0 0 -0.0842352
0 0 0.0143151
0 0 0.0501302
0 0 0.052712
0 0 -0.00297054
0 0 -0.00497819
0 0 -0.00738233
0 0 -0.0253198
0 0 -0.0256257
0 0 -0.0383816
0 0 -0.050637
0 0 -0.0379215
0 0 -0.0429204
0 0 0.0604541
0 0 0.0747377
0 0 -0.0758523
0 0 -0.0588965
0 0 -0.0559977
0 0 -0.0509651
0 0 0.0711561
0 0 0.0637248
0 0 0.0579399
0 0 0.0586695
0 0 -0.0297121
0 0 -0.081403
0 0 -0.0693143
0 0 -0.0777796
0 0 0.00253583
0 0 0.0673561
0 0 0.0346044
0 0 -0.0983302
0 0 0.000833276
0 0 -0.0843041
0 0 -0.0795045
0 0 0.069541
0 0 -0.0501871
0 0 -0.0597805
0 0 -0.0820489
0 0 -0.0845798
0 0 -0.0779862
0 0 -0.014117
0 0 -0.0810847
0 0 -0.0684212
0 0 0.00804847
0 0 -0.0262498
0 0 0.0111783
0 0 -0.0218077
0 0 -0.0229326
0 0 0.0325579
0 0 0.00349755
0 0 0.0114217
0 0 0.00711774
0 0 0.0358373
0 0 0.0341795
0 0 -0.0569938
0 0 -0.0621224
0 0 -0.0582966
0 0 -0.0895742
0 0 -0.09191
0 0 0.0637399
0 0 0.00769543
0 0 -0.000909392
0 0 -0.0859999
0 0 -0.0899983
0 0 -0.0723712
0 0 -0.0709206
0 0 -0.036956
0 0 -0.0301235
0 0 -0.0351428
0 0 -0.0415899
0 0 -0.0443495
0 0 -0.0477833
0 0 -0.0452798
0 0 -0.0797657
0 0 -0.0758544
0 0 -0.018895
0 0 -0.0242051
0 0 -0.0172684
0 0 -0.00787268
0 0 0.00689297
0 0 0.00349657
0 0 -0.0247967
0 0 -0.0234521
0 0 0.0741219
0 0 -0.0697652
0 0 -0.0686729
0 0 0.0128117
0 0 -0.000403193
0 0 0.0173153
0 0 0.0202174
0 0 -0.024808
0 0 -0.0355859
0 0 -0.016283
0 0 -0.0193934
0 0 -0.0867397
0 0 0.0336389
0 0 0.0395896
0 0 -0.037329
0 0 -0.0396496
0 0 -0.0526884
0 0 0.0385254
0 0 -0.00986073
0 0 -0.0127253
0 0 0.0430822
0 0 0.0440971
0 0 -0.166455
0 0 -0.0711619
0 0 -0.0608079
0 0 -0.054933
0 0 -0.225401
0 0 -0.285013
0 0 -0.0541894
0 0 -0.0661236
0 0 -0.0813707
0 0 -0.0373584
0 0 -0.035834
0 0 -0.0343092
0 0 -0.0338923
0 0 0.0607009
0 0 0.000284988
0 0 -0.0483868
0 0 0.0349121
0 0 -0.0310201
0 0 -0.0265829
0 0 -0.0528313
0 0 -0.0462603
0 0 -0.0167138
0 0 -0.0300167
0 0 -0.0105666
0 0 -0.0125311
0 0 -0.00902632
0 0 0.00133447
0 0 -0.000816229
0 0 -0.0253559
0 0 -0.0030457
0 0 0.0519288
0 0 0.0539562
0 0 -0.0965884
0 0 -0.0965455
0 0 -0.0341789
0 0 -0.0369529
0 0 -0.0345411
0 0 -0.0589897
0 0 -0.0343142
0 0 -0.0397994
0 0 -0.0939595
0 0 -0.0301788
0 0 -0.0283116
0 0 -0.036564
0 0 -0.0158587
0 0 -0.045507
0 0 -0.0466606
0 0 -0.0505038
0 0 -0.0244421
0 0 -0.003643
0 0 0.00280854
0 0 -0.00688383
0 0 -0.00148787
0 0 -0.00338086
0 0 -0.0412159
0 0 0.0556211
0 0 0.0379252
0 0 0.0171068
0 0 -0.182565
0 0 -0.0498006
0 0 -0.0445617
0 0 -0.0455
0 0 -0.0141104
0 0 -0.00817598
0 0 0.0890601
0 0 0.0746345
0 0 -0.0959298
0 0 -0.0944402
0 0 0.0233046
0 0 0.0233799
0 0 -0.103092
0 0 -0.104105
0 0 0.0416609
0 0 0.0476544
0 0 0.0435572
0 0 0.0483699
0 0 -0.0113943
0 0 -0.0724929
0 0 -0.0934965
0 0 -0.0371547
0 0 0.226978
0 0 -0.00214136
0 0 -0.00437825
0 0 0.035511
0 0 0.0376893
0 0 0.0340635
0 0 0.0281443
0 0 -0.0155914
0 0 -0.0155855
0 0 -0.00156764
0 0 0.0512348
0 0 0.00145018
0 0 -0.274477
0 0 0.0266177
0 0 0.0109893
0 0 -0.00254548
0 0 -0.00756537
0 0 0.0966659
0 0 0.218325
0 0 -0.0451492
0 0 -0.0613809
0 0 -0.0922292
0 0 -0.0946998
0 0 -0.0183129
0 0 -0.0996342
0 0 -0.350964
0 0 -0.159174
0 0 0.0324959
0 0 0.0363581
0 0 -0.0532724
0 0 -0.0566973
0 0 0.0560031
0 0 -0.0392006
0 0 -0.0407925
0 0 0.00199389
0 0 0.00343196
0 0 -0.0481604
0 0 -0.0441669
0 0 -0.064758
0 0 -0.0669855
0 0 -0.0869397
0 0 -0.0189039
0 0 -0.0849644
0 0 0.0394731
0 0 0.0460889
0 0 -0.082411
0 0 -0.0234653
0 0 -0.0204135
0 0 0.051123
0 0 -0.0660989
0 0 -0.0748247
0 0 -0.066997
0 0 -0.0789545
0 0 -0.0814056
0 0 -0.0835071
0 0 -0.0850635
0 0 -0.0795925
0 0 -0.0733022
0 0 -0.0756922
0 0 -0.0723276
0 0 -0.0673459
0 0 -0.0138932
0 0 -0.0399085
0 0 0.0258578
0 0 -0.043998
0 0 -0.0429466
0 0 -0.042404
0 0 -0.0436621
0 0 -0.00726841
0 0 -0.0365679
0 0 0.0674022
0 0 0.0677476
0 0 -0.0343243
0 0 0.0387922
0 0 0.0547104
0 0 0.00547131
0 0 0.0309518
0 0 -0.0543287
0 0 -0.0566535
0 0 0.0683356
0 0 0.0733879
0 0 0.0793449
0 0 -0.0253068
0 0 0.0478805
0 0 0.0157238
0 0 -0.0457195
0 0 -0.021478
0 0 -0.0452655
0 0 -0.00109592
0 0 0.00200676
0 0 0.00529699
0 0 0.00728034
0 0 -0.0585365
0 0 -0.214656
0 0 -0.0624641
0 0 -0.266947
0 0 0.0381606
0 0 0.0359718
0 0 -0.00632634
0 0 -0.00563014
0 0 0.0163304
0 0 -0.0423966
0 0 -0.0399531
0 0 -0.120223
0 0 -0.504552
0 0 -0.0545655
0 0 -0.0606333
0 0 -0.0207378
0 0 -0.0229032
0 0 0.050798
0 0 0.0478118
0 0 0.0768119
0 0 0.0893992
0 0 -0.0196912
0 0 0.028233
0 0 0.0298528
0 0 -0.0226476
0 0 -0.0512642
0 0 -0.0515206
0 0 -0.0429423
0 0 0.0424306
0 0 -0.0445569
0 0 0.00326932
0 0 -0.0405586
0 0 -0.026265
0 0 -0.0449573
0 0 -0.032604
0 0 -0.0275267
0 0 -0.0252114
0 0 0.0706282
0 0 -0.0594177
0 0 -0.0565372
0 0 -0.00801815
0 0 -0.00646295
0 0 0.0142227
0 0 -0.0623587
0 0 -0.0133189
0 0 0.0245794
0 0 -0.0224192
0 0 -0.0218473
0 0 0.0116725
0 0 -0.00971552
0 0 -0.0264836
0 0 -0.000439959
0 0 0.00130937
0 0 -0.132921
0 0 -0.140552
0 0 0.0501161
0 0 0.0476101
0 0 0.0555427
0 0 -0.0241729
0 0 -0.0874417
0 0 0.0528984
0 0 -0.0285038
0 0 -0.0464751
0 0 -0.0275884
0 0 -0.0469823
0 0 -0.0658937
0 0 -0.0649564
0 0 -0.0423339
0 0 -0.0439685
0 0 -0.0400349
0 0 -0.0444916
0 0 -0.0539011
0 0 -0.0542863
0 0 -0.00967499
0 0 -0.0616462
0 0 -0.0550279
0 0 -0.0730342
0 0 -0.0657112
0 0 -0.0703482
0 0 -0.109617
0 0 -0.110372
0 0 -0.0850942
0 0 -0.0722828
0 0 -0.0705847
0 0 -0.0364748
0 0 0.00593008
0 0 0.0489044
0 0 -0.0495216
0 0 -0.0500408
0 0 -0.0338206
0 0 -0.034938
0 0 -0.0323353
0 0 -0.049525
0 0 -0.0451107
0 0 -0.0483573
0 0 0.0516736
0 0 -0.0498778
0 0 -0.0519369
0 0 0.0912165
0 0 -0.184815
0 0 0.0279917
0 0 -0.048595
0 0 -0.0369452
0 0 -0.0375606
0 0 0.044657
0 0 0.044023
0 0 -0.0075674
0 0 0.0191681
0 0 0.0467494
0 0 -0.0625184
0 0 -0.0541583
0 0 -0.0366139
0 0 -0.0483852
0 0 0.0207337
0 0 0.0899365
0 0 0.0671737
0 0 -0.0307907
0 0 -0.0457102
0 0 -0.0265968
0 0 -0.0407868
0 0 -0.0542336
0 0 -0.101409
0 0 -0.000716945
0 0 0.0392871
0 0 -0.00359734
0 0 -0.00268151
0 0 -0.112378
0 0 -0.092705
0 0 -0.0838894
0 0 -0.0369413
0 0 0.0273407
0 0 -0.065302
0 0 -0.0659366
0 0 -0.0295938
0 0 -0.028426
0 0 -0.0408367
0 0 0.0706903
0 0 -0.0947605
0 0 0.0455677
0 0 -0.113092
0 0 0.00578097
0 0 0.0431647
0 0 -0.171789
0 0 0.0287019
0 0 -0.0249651
0 0 -0.0242808
0 0 -0.0147811
0 0 -0.0755923
0 0 -0.0126027
0 0 -0.137861
0 0 -0.124695
0 0 -0.0719112
0 0 -0.0681575
0 0 -0.00520402
0 0 -0.0879963
0 0 -0.0900168
0 0 -0.0536506
0 0 -0.00702641
0 0 -0.00380949
0 0 0.0674815
0 0 0.0180913
0 0 -0.0723204
0 0 -0.0716795
0 0 -0.0754894
0 0 -0.0710369
0 0 -0.0887633
0 0 -0.0377221
0 0 -0.0256522
0 0 -0.0344965
0 0 -0.0602721
0 0 -0.093382
0 0 -0.0588136
0 0 -0.0544819
0 0 0.12958
0 0 0.0503954
0 0 0.010803
0 0 0.0448631
0 0 -0.0159221
0 0 -0.00746326
0 0 -0.0718734
0 0 -0.00752141
0 0 -0.0515331
0 0 0.0242536
0 0 0.0236169
0 0 0.0209316
0 0 -0.0934977
0 0 -0.0940616
0 0 -0.09617
0 0 -0.0987585
0 0 -0.0510802
0 0 -0.0553627
0 0 -0.00723681
0 0 -0.0159657
0 0 -0.0773713
0 0 -0.0373034
0 0 -0.141242
0 0 -0.10132
0 0 -0.0320695
0 0 -0.0370756
0 0 -0.0250167
0 0 -0.0271135
0 0 -0.118909
0 0 -0.0623716
0 0 -0.0628547
0 0 -0.0297374
0 0 -0.0293778
0 0 0.0239824
0 0 0.0276687
0 0 -0.0519178
0 0 -0.028008
0 0 -0.0299869
0 0 0.040513
0 0 -0.0447537
0 0 -0.0152843
0 0 -0.0784498
0 0 -0.171437
0 0 -0.12287
0 0 -0.0364142
0 0 -0.066859
0 0 -0.0679805
0 0 -0.0338702
0 0 -0.0336302
0 0 0.0262188
0 0 -0.0504801
0 0 -0.0689861
0 0 -0.0451331
0 0 -0.0581686
0 0 -0.0474532
0 0 -0.053296
0 0 -0.0367282
0 0 -0.0500103
0 0 -0.0508036
0 0 -0.0701505
0 0 -0.0228603
0 0 -0.0216833
0 0 -0.029109
0 0 -0.0290193
0 0 0.0474253
0 0 0.0109155
0 0 -0.0497222
0 0 -0.0693199
0 0 -0.0909235
0 0 -0.0688666
0 0 -0.0732824
0 0 -0.0948984
0 0 -0.037903
0 0 0.0556632
0 0 -0.0720512
0 0 0.0316937
0 0 0.0300714
0 0 -0.00436046
0 0 0.0712963
0 0 -0.0175883
0 0 -0.027784
0 0 -0.00239151
0 0 -0.0639213
0 0 -0.0658997
0 0 -0.0285224
0 0 0.0289411
0 0 -0.0203351
0 0 -0.0224249
0 0 -0.0298347
0 0 0.0470479
0 0 -0.0236389
0 0 -0.0312318
0 0 -0.0758644
0 0 -0.0824856
0 0 -0.0853709
0 0 -0.0720514
0 0 -0.0881211
0 0 -0.0744489
0 0 0.0528456
0 0 -0.0444404
0 0 0.0398899
0 0 -0.00430454
0 0 -0.0701612
0 0 -0.0263848
0 0 -0.0256996
0 0 -0.0627556
0 0 -0.0652062
0 0 -0.0307451
0 0 -0.068385
0 0 -0.0671557
0 0 -0.0495011
0 0 -0.0871505
0 0 -0.0414289
0 0 -0.0510589
0 0 -0.0468318
0 0 -0.0505526
0 0 -0.0972098
0 0 0.0550666
0 0 -0.0300748
0 0 -0.0375871
0 0 -0.0574953
0 0 -0.068393
0 0 -0.0189645
0 0 -0.000373484
0 0 -0.0258257
0 0 -0.0330204
0 0 0.0383208
0 0 0.0406594
0 0 0.0359098
0 0 -0.0896135
0 0 -0.0240241
0 0 -0.0398676
0 0 -0.0157641
0 0 -0.0638219
0 0 -0.0288254
0 0 -0.0310915
0 0 -0.0878039
0 0 0.0444423
0 0 -0.0373257
0 0 -0.0910633
0 0 -0.0239082
0 0 -0.0220992
0 0 0.0263769
0 0 0.0301791
0 0 -0.0256997
0 0 0.0333572
0 0 -0.0601872
0 0 -0.0631172
0 0 -0.0337664
0 0 -0.0376575
0 0 -0.0211203
0 0 -0.0259774
0 0 -0.0272816
0 0 -0.0758411
0 0 -0.0160938
0 0 -0.0274587
0 0 -0.00123752
0 0 -0.0724142
0 0 -0.0665366
0 0 -0.0378941
0 0 -0.0560302
0 0 -0.0873288
0 0 0.0640537
0 0 0.0919489
0 0 0.0461892
0 0 0.048005
0 0 -0.0711783
0 0 -0.0322615
0 0 -0.0330135
0 0 0.156967
0 0 0.0499378
0 0 -0.0251976
0 0 0.0107588
0 0 0.0680664
0 0 -0.103126
0 0 -0.0450913
0 0 0.0607043
0 0 -0.0384608
0 0 0.221414
0 0 -0.0370082
0 0 -0.0201383
0 0 0.0388441
0 0 -0.00305847
0 0 0.00920379
0 0 9.7219e-05
0 0 -0.00893393
0 0 0.00983191
0 0 -0.00659788
0 0 -0.00682429
0 0 0.0193777
0 0 -0.00201949
0 0 -0.00516294
0 0 -0.00037739
0 0 -0.0522596
0 0 0.00523245
0 0 0.0045153
0 0 0.00731707
0 0 -0.00158009
0 0 0.00245215
0 0 0.00314735
0 0 -0.00132305
0 0 -0.00151928
0 0 -0.00864502
0 0 0.00722246
0 0 0.00660325
0 0 0.000819015
0 0 -0.0217961
0 0 0.00713442
0 0 -0.000121007
0 0 -0.00539822
0 0 0.0408745
0 0 -0.00284294
0 0 0.00153311
0 0 0.000881515
0 0 -0.000321388
0 0 -0.0244427
0 0 -0.000706932
0 0 -0.0324158
0 0 -0.00246716
0 0 0.00398854
0 0 -0.0032254
0 0 0.00885935
0 0 -0.000224356
0 0 0.00536744
0 0 -0.000822155
0 0 0.00067541
0 0 -0.00579506
0 0 0.0098621
0 0 -0.00589642
0 0 0.0011649
0 0 0.00266689
0 0 -0.00136611
0 0 -0.00410643
0 0 -0.000207644
0 0 0.0115858
0 0 0.00918461
0 0 0.00338888
0 0 0.00284033
0 0 0.00460149
0 0 -0.000372274
0 0 0.0024515
0 0 -0.000139332
0 0 0.000809721
0 0 -0.00279653
0 0 0.00178867
0 0 -0.00391527
0 0 0.00427192
0 0 -0.0194854
0 0 0.0127986
0 0 -0.00895425
0 0 0.013655
0 0 -0.0428549
0 0 -0.000487869
0 0 0.00698236
0 0 0.00118335
0 0 -0.0125562
0 0 0.00214208
0 0 -0.00243324
0 0 0.00103311
0 0 0.00233324
0 0 -0.00160965
0 0 0.00171554
0 0 -0.00331952
0 0 -0.0161443
0 0 0.0010793
0 0 -5.23345e-05
0 0 0.000283353
0 0 0.00266747
0 0 -0.000454547
0 0 -0.00142485
0 0 -0.024285
0 0 -0.0140371
0 0 0.00117601
0 0 -0.000552601
0 0 -0.00389206
0 0 -0.025743
0 0 0.00823161
0 0 -0.0053758
0 0 0.00506648
0 0 0.00147573
0 0 -0.00144454
0 0 0.000838999
0 0 -0.0011763
0 0 0.00448584
0 0 -0.026765
0 0 0.00908117
0 0 -0.00499624
0 0 0.00373149
0 0 0.00226397
0 0 0.00185747
0 0 -0.0106308
0 0 0.00456964
0 0 0.000412472
0 0 -0.000455353
0 0 -0.0169384
0 0 0.00217087
0 0 -0.00817166
0 0 0.00477615
0 0 -0.00549711
0 0 0.00113761
0 0 0.00252829
0 0 -0.000938742
0 0 0.0265333
0 0 -0.0287876
0 0 0.00377086
0 0 -0.000958791
0 0 -0.000145067
0 0 -0.000647404
0 0 0.000203242
0 0 -0.00901467
0 0 -0.00317901
0 0 0.0187573
0 0 0.000400852
0 0 -0.00499684
0 0 0.000387372
0 0 0.00335877
0 0 -0.0077777
0 0 0.000272832
0 0 0.00521597
0 0 -9.17829e-05
0 0 0.00185909
0 0 -0.0189021
0 0 0.000451347
0 0 0.0101706
0 0 -0.00163475
0 0 0.000153519
0 0 0.000109546
0 0 0.000643083
0 0 -8.10414e-05
0 0 -0.0350185
0 0 0.00226191
0 0 -0.0046694
0 0 0.000191002
0 0 -0.0361862
0 0 0.00394345
0 0 0.000761326
0 0 -0.00105024
0 0 0.0122934
0 0 0.00788495
0 0 -0.00397958
0 0 -0.000612603
0 0 0.00499107
0 0 -0.0108194
0 0 0.0127981
0 0 -0.0286873
0 0 -0.0032042
0 0 0.00183157
0 0 -0.0228433
0 0 -0.0206528
0 0 -0.0135553
0 0 0.00484982
0 0 -0.00186779
0 0 0.00088644
0 0 -0.0164034
0 0 -0.026234
0 0 -0.000222353
0 0 0.00202586
0 0 0.00841652
0 0 0.00277456
0 0 -0.000573412
0 0 -0.00794939
0 0 0.000808633
0 0 -0.0233966
0 0 -0.000768411
0 0 0.000101637
0 0 -0.000259185
0 0 0.000440175
0 0 0.000785092
0 0 0.000837958
0 0 0.00486208
0 0 0.00014169
0 0 -0.000225839
0 0 -0.00319945
0 0 0.00202417
0 0 -0.00261522
0 0 0.000967104
0 0 -0.0083868
0 0 -0.00665212
0 0 0.00632616
0 0 -0.014358
0 0 0.000782415
0 0 -0.00025526
0 0 0.000903429
0 0 0.00563162
0 0 0.000108742
0 0 -0.000465379
0 0 0.00150837
0 0 0.00665137
0 0 0.010875
0 0 -0.00245832
0 0 0.00547264
0 0 0.00237258
0 0 -0.00662825
0 0 0.0159009
0 0 0.00155544
0 0 -0.00117782
0 0 0.00632672
0 0 -0.0116519
0 0 -0.00322793
0 0 0.00247443
0 0 0.0165735
0 0 0.00362085
0 0 0.000348401
0 0 0.0284745
0 0 -0.00134584
0 0 0.00167803
0 0 0.00170696
0 0 0.00314909
0 0 0.000377925
0 0 -0.00119804
0 0 0.00489191
0 0 4.66876e-05
0 0 0.000772061
0 0 -0.000937066
0 0 0.006161
0 0 0.00379736
0 0 0.0203419
0 0 -0.00084272
0 0 0.0025721
0 0 0.00347181
0 0 -0.0122596
0 0 0.0137347
0 0 -0.0162467
0 0 0.00417978
0 0 -0.00154351
0 0 0.000639384
0 0 0.0356083
0 0 -0.0253932
0 0 0.00361416
0 0 0.00198637
0 0 -0.004062
0 0 -0.00145156
0 0 0.00308722
0 0 -0.000341575
0 0 -0.000516519
0 0 -0.00839135
0 0 -0.00737687
0 0 -0.00050737
0 0 0.00024868
0 0 -0.000174526
0 0 -0.00514007
0 0 0.0193244
0 0 0.000226476
0 0 0.00024632
0 0 -0.00261245
0 0 0.00138718
0 0 0.0103613
0 0 -0.00114408
0 0 -0.00409957
0 0 -0.0134181
0 0 0.00513753
0 0 0.000908712
0 0 0.00490153
0 0 0.000496062
0 0 0.00937342
0 0 -0.00676084
0 0 -0.00564027
0 0 -0.00078765
0 0 -0.00266303
0 0 -0.00483884
0 0 -0.000452454
0 0 -0.0135758
0 0 0.020279
0 0 0.00893272
0 0 0.000296501
0 0 -0.000327453
0 0 0.00347369
0 0 -0.00592593
0 0 0.0150544
0 0 -0.00820172
0 0 -0.0288186
0 0 -0.00532752
0 0 0.000381914
0 0 -0.000450567
0 0 0.0032379
0 0 -0.0298427
0 0 0.000841626
0 0 0.00101056
0 0 -0.0148077
0 0 0.00698679
0 0 -0.0126309
0 0 0.00662947
0 0 -0.000864096
0 0 -0.000443598
0 0 -0.000552509
0 0 0.0124118
0 0 0.00223561
0 0 7.87115e-05
0 0 -5.48967e-06
0 0 -0.0138567
0 0 0.00340872
0 0 0.00348016
0 0 -0.000529651
0 0 -0.0247909
0 0 -0.0112533
0 0 0.00117564
0 0 0.000364764
0 0 0.0134202
0 0 -0.000202847
0 0 0.00344164
0 0 -0.0310865
0 0 0.00265798
0 0 0.00124166
0 0 3.21917e-06
0 0 0.00379546
0 0 -0.020812
0 0 -0.00118293
0 0 0.00524057
0 0 0.00571745
0 0 0.00221531
0 0 -0.000763966
0 0 7.75497e-05
0 0 0.000308342
0 0 0.00991013
0 0 0.0163526
0 0 -0.000197502
0 0 0.00244231
0 0 -0.000680555
0 0 -0.00669661
0 0 0.00602483
0 0 -0.000252608
0 0 0.00777783
0 0 -0.0158069
0 0 0.0191413
0 0 -0.0165721
0 0 -0.00242888
0 0 0.000788668
0 0 -0.00209068
0 0 -0.0127249
0 0 0.000619558
0 0 -0.00449437
0 0 -0.00413577
0 0 0.000829904
0 0 -0.00134881
0 0 -0.000795497
0 0 0.00107821
0 0 -0.000104101
0 0 0.000614855
0 0 0.00107805
0 0 0.00168876
0 0 -0.000293359
0 0 -5.89792e-05
0 0 -0.00065387
0 0 -0.00579024
0 0 -0.00267726
0 0 -0.00135199
0 0 0.00890166
0 0 0.0114513
0 0 0.0097387
0 0 -0.00975118
0 0 -0.00753698
0 0 -0.0102256
0 0 0.00506151
0 0 -0.00193072
0 0 0.000713448
0 0 -0.000502756
0 0 -0.00066143
0 0 -0.00302863
0 0 -0.000489628
0 0 -0.00297775
0 0 -0.00394193
0 0 -0.0076828
0 0 -0.00497473
0 0 -0.010096
0 0 -0.00623917
0 0 0.00490655
0 0 0.0043694
0 0 0.00591124
0 0 -0.00285994
0 0 -0.00147954
0 0 0.00696363
0 0 0.000460357
0 0 -0.00599877
0 0 -0.00267841
0 0 -0.00285921
0 0 -0.00404071
0 0 0.000937946
0 0 -0.000208787
0 0 9.1518e-05
0 0 -0.000486657
0 0 0.000239186
0 0 0.000968637
0 0 -0.000348315
0 0 -6.93677e-05
0 0 0.00363777
0 0 -0.000149055
0 0 0.00109379
0 0 -0.00324493
0 0 -0.000290821
0 0 -0.000681211
0 0 0.000810255
0 0 0.0014374
0 0 0.00136014
0 0 0.00546921
0 0 -0.00410171
0 0 -0.00222276
0 0 -0.00883882
0 0 -0.0010925
0 0 -0.0297872
0 0 -0.0287563
0 0 0.0060652
0 0 0.00722763
0 0 0.00674209
0 0 -0.0471251
0 0 -0.0505649
0 0 -0.0530743
0 0 0.00094072
0 0 0.00250434
0 0 -0.000933696
0 0 -0.0203644
0 0 -0.0210094
0 0 -0.0230695
0 0 -0.0108694
0 0 -0.0129686
0 0 0.00211262
0 0 0.000605732
0 0 0.0112592
0 0 0.00736275
0 0 0.00493468
0 0 0.00253296
0 0 0.0015504
0 0 0.000161598
0 0 -0.000626453
0 0 -0.00140099
0 0 0.00165324
0 0 0.000315105
0 0 0.00188069
0 0 0.000530013
0 0 0.000401217
0 0 -0.00128934
0 0 -0.00211076
0 0 -0.00288718
0 0 -0.0229463
0 0 -0.0190888
0 0 -0.00271765
0 0 0.00176893
0 0 0.000866177
0 0 -0.00552124
0 0 -0.00573769
0 0 -0.000319819
0 0 -0.000551317
0 0 0.000533493
0 0 -0.000203218
0 0 -0.00345353
0 0 -0.00211982
0 0 -0.000195036
0 0 -0.0165992
0 0 -0.00971625
0 0 0.000252416
0 0 -0.00111642
0 0 0.000166802
0 0 0.00206035
0 0 0.00141057
0 0 0.000951255
0 0 -0.00145552
0 0 0.000839641
0 0 0.000358878
0 0 0.000254615
0 0 -0.000694898
0 0 -0.00305136
0 0 -0.00684665
0 0 0.00565935
0 0 0.00307243
0 0 0.00262636
0 0 0.00112228
0 0 0.00156563
0 0 0.000824618
0 0 -0.00511921
0 0 -0.0165416
0 0 -0.00125273
0 0 0.0032698
0 0 0.00183193
0 0 0.00311127
0 0 -0.00109821
0 0 0.00138957
0 0 -0.0330867
0 0 -0.0235324
0 0 -0.0316747
0 0 0.00332674
0 0 0.0066325
0 0 0.00280858
0 0 0.00233108
0 0 0.00125378
0 0 -0.00393321
0 0 -0.00487114
0 0 0.00275565
0 0 0.00276701
0 0 -0.00237105
0 0 -0.00364738
0 0 0.00325132
0 0 0.00270775
0 0 0.00805839
0 0 -0.0026552
0 0 -0.00319909
0 0 -0.0322632
0 0 -0.0435423
0 0 -0.020204
0 0 -0.0221647
0 0 -0.023748
0 0 -0.00919951
0 0 -0.019244
0 0 -0.000910273
0 0 -0.00304214
0 0 0.00256984
0 0 0.000303638
0 0 0.00117765
0 0 0.00127021
0 0 -9.33028e-05
0 0 -0.00044434
0 0 -0.00068724
0 0 0.000762169
0 0 -0.000749436
0 0 0.000990445
0 0 -0.00775828
0 0 -0.0112964
0 0 0.00126712
0 0 -0.00126508
0 0 -0.00205523
0 0 -0.00682164
0 0 -0.00634459
0 0 0.000187411
0 0 -5.26777e-05
0 0 0.000307312
0 0 -0.000154452
0 0 -0.000620973
0 0 -6.88977e-06
0 0 0.001552
0 0 0.00614497
0 0 -0.00028817
0 0 9.82286e-05
0 0 -0.00031393
0 0 0.00018511
0 0 -0.0252356
0 0 -0.0261498
0 0 -0.0111354
0 0 -0.0312906
0 0 -0.00146611
0 0 0.000723989
0 0 0.000590216
0 0 -0.000222106
0 0 0.00259878
0 0 -0.000327889
0 0 0.00100979
0 0 0.00978995
0 0 0.0116898
0 0 -0.00149508
0 0 -0.00103814
0 0 0.000926274
0 0 0.000815612
0 0 -0.00170501
0 0 -0.000148755
0 0 -0.000695047
0 0 0.00434279
0 0 0.00502078
0 0 -0.00886963
0 0 -0.00133879
0 0 -0.0146199
0 0 -0.012972
0 0 -0.0158986
0 0 -0.00564033
0 0 -0.00437717
0 0 -0.00889342
0 0 -0.00153731
0 0 0.00186135
0 0 -0.00650883
0 0 -0.00123755
0 0 0.00150432
0 0 -0.002542
0 0 0.00873205
0 0 0.00765098
0 0 0.000180912
0 0 -0.00483464
0 0 -0.02682
0 0 -0.020992
0 0 -0.00119031
0 0 -1.58117e-05
0 0 0.00492923
0 0 0.00289309
0 0 0.00493404
0 0 0.00147283
0 0 -0.000279829
0 0 0.004829
0 0 0.00165281
0 0 0.00342397
0 0 0.00556234
0 0 -0.025671
0 0 -0.0260563
0 0 -0.00128408
0 0 -0.0191317
0 0 0.00150141
0 0 0.000800341
0 0 0.000387253
0 0 0.000272202
0 0 -0.000201801
0 0 0.00249807
0 0 0.00144407
0 0 0.000453365
0 0 -0.000616068
0 0 0.000869639
0 0 -0.00222988
0 0 -0.0161604
0 0 -0.0187851
0 0 -0.000155246
0 0 -0.0031917
0 0 -0.0167192
0 0 -0.00310924
0 0 9.18137e-05
0 0 0.00192405
0 0 -0.0272055
0 0 -2.06998e-05
0 0 -0.0108534
0 0 -0.00826925
0 0 -0.0171149
0 0 -0.00387547
0 0 0.000663228
0 0 -0.000532776
0 0 -0.000391442
0 0 -0.0288647
0 0 -0.0178471
0 0 -0.015632
0 0 0.00484587
0 0 0.00804233
0 0 -0.00378018
0 0 0.00186137
0 0 -0.00240886
0 0 -0.00617753
0 0 -0.0104098
0 0 -0.017731
0 0 -0.0144724
0 0 -0.0258746
0 0 0.0122778
0 0 0.00819006
0 0 -0.0050393
0 0 0.000188109
0 0 -0.000280513
0 0 0.0335201
0 0 -0.00414931
0 0 0.0275314
0 0 -0.00587435
0 0 0.00821647
0 0 0.00283317
0 0 0.00282322
0 0 0.00275451
0 0 0.000826536
0 0 0.000980931
0 0 0.000804693
0 0 0.0120009
0 0 0.00622628
0 0 0.00646615
0 0 0.00233861
0 0 0.00202034
0 0 -1.28612e-05
0 0 -0.00029817
0 0 -0.00942202
0 0 -0.00642156
0 0 0.0049575
0 0 0.00440136
0 0 0.00601788
0 0 -0.00238549
0 0 -0.0135606
0 0 -0.013427
0 0 -0.0175536
0 0 -0.0398265
0 0 -0.0133875
0 0 -0.0295546
0 0 -0.0222271
0 0 -0.0197836
0 0 -0.000326512
0 0 -0.000303965
0 0 0.000435119
0 0 -4.83288e-05
0 0 -0.026758
0 0 -0.0238082
0 0 -0.0219612
0 0 0.000984623
0 0 0.000691381
0 0 -0.00152912
0 0 -0.00225919
0 0 -0.000128219
0 0 0.000855557
0 0 0.0237058
0 0 -0.00284617
0 0 0.0201664
0 0 -0.00582852
0 0 -0.00173216
0 0 0.000911361
0 0 0.00145175
0 0 -0.000796055
0 0 0.000277977
0 0 -0.000138305
0 0 0.00178087
0 0 0.000559177
0 0 -0.00127757
0 0 -0.000388395
0 0 0.00149778
0 0 -0.000879963
0 0 -0.000499237
0 0 0.0061922
0 0 0.0044248
0 0 -0.000995014
0 0 0.000998888
0 0 -0.001909
0 0 -6.14989e-05
0 0 -0.00203559
0 0 -0.000620429
0 0 0.000152335
0 0 0.000628304
0 0 -0.0202445
0 0 -0.0159098
0 0 0.00497666
0 0 0.00116158
0 0 -0.017749
0 0 -0.0159702
0 0 -0.0151818
0 0 -0.0312153
0 0 -0.0290665
0 0 -0.031309
0 0 -0.00314786
0 0 0.00167218
0 0 0.00230103
0 0 0.00141133
0 0 -0.0384153
0 0 -0.035315
0 0 -0.000479872
0 0 0.000166504
0 0 -0.00379064
0 0 -0.00548906
0 0 0.00469172
0 0 0.00368911
0 0 -0.000976572
0 0 -0.0081077
0 0 -0.00279306
0 0 -0.00509456
0 0 -0.00130129
0 0 -0.0174341
0 0 -0.0124684
0 0 -0.0163407
0 0 -0.0140354
0 0 -0.0151507
0 0 0.00860878
0 0 0.0101124
0 0 0.0110656
0 0 0.00252926
0 0 0.0224036
0 0 -0.000880226
0 0 -0.000185809
0 0 -0.000224287
0 0 -0.0411091
0 0 0.00101986
0 0 -0.00030602
0 0 -0.0150247
0 0 -0.0250233
0 0 -0.00434888
0 0 -0.0206307
0 0 0.00479137
0 0 0.00835175
0 0 0.010289
0 0 0.0145036
0 0 0.00531048
0 0 0.0055624
0 0 -0.0120477
0 0 0.00177716
0 0 0.0023195
0 0 0.000140621
0 0 -0.000469937
0 0 5.80012e-05
0 0 -2.55398e-05
0 0 -0.00334625
0 0 -0.00563917
0 0 -0.00868238
0 0 0.000453859
0 0 0.00254654
0 0 -1.82806e-05
0 0 -0.00826291
0 0 -0.00175342
0 0 -0.00111229
0 0 -0.0317632
0 0 0.00163015
0 0 0.00510442
0 0 -0.0248543
0 0 -0.0241116
0 0 -0.00191923
0 0 -0.00208952
0 0 0.000153926
0 0 0.000405995
0 0 -0.00310883
0 0 0.00559054
0 0 0.00418859
0 0 0.00301697
0 0 0.00340281
0 0 0.00262214
0 0 0.0112993
0 0 -0.0136018
0 0 -0.00770508
0 0 0.00241081
0 0 0.00168942
0 0 -0.00114668
0 0 -0.00301266
0 0 -0.00344272
0 0 0.000192248
0 0 -0.000564582
0 0 -0.00738534
0 0 -0.00458976
0 0 -0.0157837
0 0 -0.000659315
0 0 -9.7307e-05
0 0 0.00094761
0 0 -0.000211561
0 0 6.91273e-05
0 0 0.00345933
0 0 -0.000131257
0 0 0.00100023
0 0 -0.000314394
0 0 0.000689597
0 0 0.000390688
0 0 0.000781407
0 0 0.0013406
0 0 0.000623931
0 0 -0.000412279
0 0 -0.000533191
0 0 0.000637296
0 0 0.00147431
0 0 0.0034854
0 0 0.000226983
0 0 -0.00189947
0 0 0.00044663
0 0 0.00406224
0 0 -0.000128228
0 0 -0.00148068
0 0 -0.00505285
0 0 -0.00146638
0 0 -0.000789472
0 0 0.00067328
0 0 -0.0059565
0 0 -0.000705678
0 0 -0.00390637
0 0 0.00741495
0 0 -0.00638596
0 0 0.00108711
0 0 0.000674323
0 0 0.00368425
0 0 0.0027423
0 0 0.00207569
0 0 0.00145234
0 0 0.000929691
0 0 0.000918935
0 0 -1.43408e-05
0 0 -0.000627172
0 0 -0.000985517
0 0 0.000387117
0 0 0.00157796
0 0 0.00518693
0 0 0.00442566
0 0 0.00422035
0 0 -0.00363183
0 0 0.000622726
0 0 0.00238003
0 0 0.00334201
0 0 0.00355563
0 0 -1.35893e-05
0 0 -0.000151627
0 0 0.00490447
0 0 0.00283533
0 0 -1.51824e-05
0 0 -0.000912495
0 0 0.00337277
0 0 0.00389423
0 0 -0.00866267
0 0 -0.00890809
0 0 -0.00709814
0 0 0.00343604
0 0 0.00176386
0 0 0.00190578
0 0 0.00130555
0 0 -0.00123345
0 0 0.000439648
0 0 0.0010084
0 0 0.000473617
0 0 -0.000881566
0 0 -0.0279499
0 0 0.000263814
0 0 -0.000297212
0 0 0.000247672
0 0 0.000863333
0 0 -0.000664518
0 0 -0.000344829
0 0 -0.00366999
0 0 -0.00856351
0 0 -0.00727584
0 0 0.00252367
0 0 -0.026529
0 0 -0.0127028
0 0 0.00407917
0 0 0.00327057
0 0 -0.00221649
0 0 -0.00293053
0 0 0.00904127
0 0 0.00708782
0 0 0.0018587
0 0 -0.00626783
0 0 -0.000573809
0 0 0.0010511
0 0 0.000925796
0 0 -0.00192725
0 0 -0.00226191
0 0 -0.000724622
0 0 0.000434834
0 0 -0.000221113
0 0 -0.000606124
0 0 -0.00013242
0 0 0.00191924
0 0 0.00208072
0 0 0.00124851
0 0 0.00220043
0 0 -0.0109837
0 0 -0.0180762
0 0 -0.000713178
0 0 0.00088311
0 0 0.000798819
0 0 -0.000120218
0 0 0.00126671
0 0 0.0126082
0 0 -0.00596382
0 0 -0.0153699
0 0 5.45417e-05
0 0 0.000124201
0 0 0.000521186
0 0 0.000292727
0 0 -0.000350957
0 0 -0.000463735
0 0 -0.00193141
0 0 -0.000637739
0 0 0.00401662
0 0 0.00377124
0 0 0.000777461
0 0 0.00175191
0 0 0.00318212
0 0 0.00452151
0 0 0.00318857
0 0 0.000431506
0 0 -0.000820864
0 0 -0.0270249
0 0 -0.00185464
0 0 -0.00732888
0 0 -0.00225466
0 0 0.000154526
0 0 6.81285e-05
0 0 -0.000616875
0 0 0.000682798
0 0 -0.00120097
0 0 -0.000392195
0 0 -0.00153897
0 0 -0.00433786
0 0 7.45874e-05
0 0 -0.000121418
0 0 0.00300256
0 0 -0.0218732
0 0 -0.02526
0 0 0.00193169
0 0 -0.00137653
0 0 2.75683e-05
0 0 -0.000751873
0 0 -0.000274325
0 0 -0.000646381
0 0 -0.00063093
0 0 0.000490564
0 0 0.00224861
0 0 0.00382087
0 0 -0.0217992
0 0 -0.012781
0 0 -0.00291392
0 0 0.0026692
0 0 0.00219365
0 0 0.000494335
0 0 -0.0124096
0 0 -0.000710926
0 0 -0.00349549
0 0 -0.000169266
0 0 0.000665726
0 0 -0.000746556
0 0 -0.000123136
0 0 0.000238208
0 0 0.000564633
0 0 0.0270989
0 0 0.0226858
0 0 0.0106555
0 0 0.00838692
0 0 0.0069398
0 0 -0.00657246
0 0 -0.00807183
0 0 0.00420421
0 0 0.000705887
0 0 0.00126279
0 0 -0.00183008
0 0 0.000482749
0 0 -0.0137152
0 0 0.0005074
0 0 0.00502508
0 0 0.00458717
0 0 0.0246055
0 0 0.0266906
0 0 0.0186874
0 0 -0.00045345
0 0 -0.000518504
0 0 -0.00012234
0 0 -6.98093e-05
0 0 0.00557769
0 0 0.00930455
0 0 0.000744989
0 0 -0.00337097
0 0 -0.0282197
0 0 0.00886492
0 0 0.00914383
0 0 0.0024156
0 0 0.00348751
0 0 -0.00148838
0 0 -0.000168146
0 0 0.00387141
0 0 0.00438774
0 0 0.000790722
0 0 0.000796737
0 0 0.00787239
0 0 0.00574775
0 0 0.00667087
0 0 -0.0112713
0 0 -0.000105687
0 0 0.000323883
0 0 -0.000540186
0 0 0.000461616
0 0 -0.000873468
0 0 0.00627369
0 0 0.0135322
0 0 -0.00276432
0 0 0.00534593
0 0 -0.00323614
0 0 -0.000125853
0 0 -0.000436122
0 0 -0.0154024
0 0 -0.0131851
0 0 0.0144081
0 0 0.0284781
0 0 0.0298304
0 0 -0.0109469
0 0 -0.0107672
0 0 -0.00203405
0 0 0.000255121
0 0 -0.00429197
0 0 0.0005677
0 0 -8.86782e-05
0 0 0.016569
0 0 0.0239956
0 0 0.0190418
0 0 -0.00768058
0 0 -0.000358449
0 0 -0.000205073
0 0 0.00102099
0 0 0.00214424
0 0 -4.99999e-05
0 0 -4.11229e-05
0 0 0.000351712
0 0 0.000136615
0 0 -0.003128
0 0 0.0045525
0 0 0.00277386
0 0 0.00156806
0 0 0.00154811
0 0 -0.000957555
0 0 0.00135807
0 0 -0.0341176
0 0 0.00659147
0 0 0.00983419
0 0 0.00839034
0 0 0.00960318
0 0 0.012862
0 0 0.00340131
0 0 0.00570826
0 0 0.000717097
0 0 0.0103498
0 0 0.0122606
0 0 0.00566201
0 0 0.0075951
0 0 -0.000502208
0 0 -0.000789653
0 0 7.11127e-05
0 0 0.000873235
0 0 0.0419959
0 0 0.0364566
0 0 8.12298e-05
0 0 0.00936445
0 0 0.000473699
0 0 0.00151408
0 0 -0.0171045
0 0 0.000964664
0 0 -0.000266826
0 0 0.00705559
0 0 0.00233218
0 0 0.000129847
0 0 1.09908e-05
0 0 0.00923529
0 0 0.00759494
0 0 -0.015553
0 0 0.0094388
0 0 0.011059
0 0 0.000598808
0 0 -0.000196045
0 0 0.0138892
0 0 0.0144995
0 0 0.00381949
0 0 9.04556e-06
0 0 -0.00165654
0 0 -0.00954616
0 0 0.0192778
0 0 0.018116
0 0 0.00486181
0 0 0.00553788
0 0 0.0200685
0 0 0.0180079
0 0 0.0183378
0 0 5.8836e-05
0 0 0.00337389
0 0 -0.000278261
0 0 0.00666235
0 0 -0.00123749
0 0 -0.000278702
0 0 -0.0377144
0 0 -0.0322583
0 0 0.000719799
0 0 -0.000833493
0 0 1.66041e-05
0 0 0.00043663
0 0 0.012338
0 0 0.0148924
0 0 0.0283053
0 0 -0.000849869
0 0 0.0206672
0 0 0.0126774
0 0 5.36586e-05
0 0 -0.00112289
0 0 0.00045763
0 0 0.00527637
0 0 0.00566897
0 0 0.0111072
0 0 0.0131114
0 0 0.00735631
0 0 0.00601331
0 0 9.07908e-05
0 0 -0.00104905
0 0 0.000930765
0 0 0.00108397
0 0 0.00192948
0 0 0.0151567
0 0 0.000442478
0 0 0.0227893
0 0 0.00362354
0 0 0.0155333
0 0 0.00244558
0 0 0.00154682
0 0 0.00568342
0 0 0.00640959
0 0 0.0052492
0 0 0.00528548
0 0 0.000304873
0 0 0.000518289
0 0 -0.00105118
0 0 0.00686503
0 0 0.00436968
0 0 0.00485674
0 0 -0.00724535
0 0 -0.0062065
0 0 0.0113502
0 0 0.0270115
0 0 -0.000324487
0 0 0.000283595
0 0 0.000974035
0 0 -0.00730822
0 0 0.00163514
0 0 -7.36093e-06
0 0 0.00207511
0 0 0.00284108
0 0 -0.0204591
0 0 -0.00426955
0 0 -0.0136537
0 0 0.0318388
0 0 0.0314432
0 0 0.00245766
0 0 0.00120587
0 0 0.00717889
0 0 0.00426353
0 0 0.000285492
0 0 -2.53853e-05
0 0 -0.000598068
0 0 0.00919426
0 0 0.00283947
0 0 0.0058646
0 0 -0.00577737
0 0 -0.00270746
0 0 0.00166501
0 0 -0.000959078
0 0 0.0212162
0 0 0.0108998
0 0 0.00309976
0 0 0.000906888
0 0 -0.0227108
0 0 0.00319785
0 0 0.0083731
0 0 0.00913043
0 0 0.00604765
0 0 0.00481866
0 0 0.00646385
0 0 -0.0274552
0 0 0.00480912
0 0 0.00461762
0 0 0.00425064
0 0 0.0218379
0 0 0.000294072
0 0 -0.00063119
0 0 -0.000197291
0 0 -8.08028e-05
0 0 0.0020676
0 0 0.00245933
0 0 0.00303806
0 0 -8.13557e-05
0 0 0.000549928
0 0 2.07902e-05
0 0 0.0059553
0 0 0.00437548
0 0 -0.0103216
0 0 -0.00815173
0 0 0.00340105
0 0 -0.00656992
0 0 0.000478432
0 0 0.00158179
0 0 -0.000443057
0 0 -0.000289757
0 0 -0.000675019
0 0 0.00228532
0 0 0.000390652
0 0 -0.00096196
0 0 0.000787094
0 0 -0.000645142
0 0 -0.0176577
0 0 0.000384128
0 0 0.00433592
0 0 -0.000429665
0 0 0.0110267
0 0 0.00641754
0 0 0.00532121
0 0 -0.00401645
0 0 -0.00541462
0 0 0.00359747
0 0 -0.0234114
0 0 -0.00170056
0 0 0.00437837
0 0 0.00118678
0 0 0.00625691
0 0 0.00595146
0 0 0.000549803
0 0 0.000843329
0 0 -0.000674628
0 0 0.000555975
0 0 -0.000479254
0 0 0.00150537
0 0 0.0039756
0 0 0.00635392
0 0 -0.0318889
0 0 -0.0287988
0 0 0.000479919
0 0 0.00117675
0 0 0.00173173
0 0 -0.000307381
0 0 -0.000954729
0 0 0.00148031
0 0 0.000134529
0 0 0.00187218
0 0 0.000809642
0 0 0.000588164
0 0 0.000760423
0 0 0.000564781
0 0 0.00094968
0 0 -0.0142773
0 0 -0.0147041
0 0 -0.0193397
0 0 -0.00117845
0 0 -0.0321732
0 0 0.000128671
0 0 -0.000677966
0 0 -0.000218638
0 0 -0.00457697
0 0 0.00149801
0 0 -0.00113187
0 0 -0.00222374
0 0 -0.0043263
0 0 -0.00601706
0 0 0.000360147
0 0 -0.0200705
0 0 -0.00184378
0 0 0.00579732
0 0 -0.00183714
0 0 0.000764363
0 0 -0.0126337
0 0 -0.00068035
0 0 -0.000244457
0 0 -0.00173028
0 0 0.000252093
0 0 -0.00215537
0 0 5.62441e-05
0 0 0.000608171
0 0 -0.00649576
0 0 -0.000304477
0 0 0.000609465
0 0 -0.0174002
0 0 0.0127259
0 0 0.0167866
0 0 0.000518011
0 0 -0.0184468
0 0 -0.00564545
0 0 0.0146084
0 0 0.0105313
0 0 0.00138927
0 0 -0.000239732
0 0 0.0065372
0 0 -9.95445e-05
0 0 0.00895918
0 0 0.00177153
0 0 0.000318274
0 0 -0.000314612
0 0 0.000633679
0 0 -0.000250067
0 0 0.000912411
0 0 -0.000414686
0 0 0.0148809
0 0 0.000487781
0 0 -0.000179701
0 0 -0.00866562
0 0 -0.00662571
0 0 -0.00636595
0 0 -0.0115485
0 0 -0.000287354
0 0 0.00205584
0 0 0.00257122
0 0 -0.00736471
0 0 -0.00950177
0 0 -0.0140796
0 0 0.000443213
0 0 -0.00172845
0 0 0.000710279
0 0 0.0148929
0 0 0.0243273
0 0 0.00320792
0 0 -0.000584067
0 0 -0.00569094
0 0 0.0016649
0 0 0.00162797
0 0 0.00576821
0 0 0.02161
0 0 0.0174634
0 0 -0.0300141
0 0 -0.0329817
0 0 -0.0295097
0 0 0.00742496
0 0 0.0202303
0 0 0.000517502
0 0 0.000235604
0 0 0.00309496
0 0 -2.33809e-05
0 0 0.00354553
0 0 0.00715013
0 0 -0.0101217
0 0 -0.0115109
0 0 -0.0113937
0 0 -0.0263466
0 0 0.00261066
0 0 0.001122
0 0 0.00204896
0 0 0.00183501
0 0 -0.00039204
0 0 -0.000401693
0 0 -0.0283386
0 0 0.00621916
0 0 0.00895826
0 0 -0.0109791
0 0 -0.0025286
0 0 0.000485246
0 0 0.00107855
0 0 -0.0073989
0 0 0.0108318
0 0 -0.00368427
0 0 -0.0077922
0 0 -0.0085712
0 0 -0.0115306
0 0 0.00601714
0 0 0.00678366
0 0 -0.00136743
0 0 -0.0133077
0 0 -0.000618169
0 0 -0.00268649
0 0 -0.00223219
0 0 -0.00301762
0 0 0.00117084
0 0 0.00201385
0 0 0.00444557
0 0 0.00368168
0 0 0.00154405
0 0 -0.0329316
0 0 0.0188584
0 0 -0.0186624
0 0 0.00513997
0 0 0.00265198
0 0 0.00483503
0 0 0.00600208
0 0 0.0100992
0 0 -0.0210889
0 0 -0.0170464
0 0 -0.00277187
0 0 0.000978448
0 0 -0.0020512
0 0 -0.000814084
0 0 0.00471754
0 0 -0.000571156
0 0 0.00105906
0 0 -0.00752933
0 0 -0.00264225
0 0 -4.55262e-05
0 0 0.00203399
0 0 0.00772729
0 0 0.000274235
0 0 -0.000316685
0 0 -0.00119618
0 0 0.000216588
0 0 -0.000426411
0 0 -0.0014136
0 0 0.00191231
0 0 0.00123177
0 0 0.00228063
0 0 0.00188619
0 0 -0.00159921
0 0 -0.00490239
0 0 -0.00166313
0 0 0.0126719
0 0 -0.0102484
0 0 -0.00810003
0 0 -0.00341271
0 0 -0.00327885
0 0 -0.00774027
0 0 0.0038598
0 0 -0.00813392
0 0 0.00336706
0 0 -0.00832206
0 0 -0.00145036
0 0 0.00227714
0 0 -0.0107227
0 0 0.000908192
0 0 -0.00685822
0 0 -0.016375
0 0 -0.00991924
0 0 0.00956456
0 0 -0.000280306
0 0 0.000403545
0 0 0.0156423
0 0 0.0151653
0 0 0.012348
0 0 0.000611793
0 0 0.00280524
0 0 0.0139788
0 0 -0.00250474
0 0 -0.00277868
0 0 -0.00169815
0 0 0.00378192
0 0 -0.0272433
0 0 -0.0278495
0 0 0.0192529
0 0 -0.000636723
0 0 -0.00159729
0 0 -0.00103904
0 0 -0.0304887
0 0 -0.000668297
0 0 -0.000913315
0 0 -0.00238025
0 0 0.00193839
0 0 -0.000379085
0 0 -0.00289535
0 0 -0.00325024
0 0 -0.00143654
0 0 0.00196349
0 0 0.000703431
0 0 -0.00129879
0 0 0.00194876
0 0 0.00276889
0 0 -0.00411293
0 0 0.000143392
0 0 -0.00346337
0 0 -0.00241387
0 0 0.00160401
0 0 -0.00185228
0 0 0.000688884
0 0 -0.000754515
0 0 0.00319757
0 0 -0.00278601
0 0 0.000171926
0 0 -0.000358486
0 0 -0.00163916
0 0 -0.00079526
0 0 -0.00353243
0 0 -0.00501571
0 0 2.08463e-05
0 0 -0.00153975
0 0 -0.00453092
0 0 0.00230748
0 0 -0.00171939
0 0 0.00341355
0 0 0.00113085
0 0 0.00167368
0 0 0.00331596
0 0 0.00381981
0 0 0.00100094
0 0 -0.00117678
0 0 -0.0029086
0 0 0.0011295
0 0 -0.00609638
0 0 -0.00238371
0 0 -0.00292917
0 0 -0.00192872
0 0 0.0022489
0 0 -8.15728e-06
0 0 0.00360999
0 0 -0.00383617
0 0 -0.00426732
0 0 -0.00301559
0 0 -0.00138385
0 0 0.00364353
0 0 -0.00294984
0 0 -0.00377605
0 0 0.00292192
0 0 -0.000857657
0 0 -0.000164601
0 0 -0.00119879
0 0 -4.34417e-05
0 0 6.69077e-05
0 0 -0.00266905
0 0 -0.000196317
0 0 0.00131411
0 0 -0.0059084
0 0 0.0021617
0 0 0.00382535
0 0 -0.00233576
0 0 0.000556054
0 0 0.00396583
0 0 0.00225027
0 0 -0.000586805
0 0 -0.00279003
0 0 0.00285036
0 0 -0.00198642
0 0 -0.00324131
0 0 -0.00357687
0 0 -0.005177
0 0 2.61881e-05
0 0 -0.00261242
0 0 -0.00339491
0 0 0.0017487
0 0 0.00387245
0 0 -0.000523533
0 0 -0.00390921
0 0 -0.00018573
0 0 -0.00200155
0 0 0.00120856
0 0 -0.000576048
0 0 0.00420656
0 0 -0.000452544
0 0 0.000482543
0 0 -0.00119627
0 0 -0.00421536
0 0 0.00145246
0 0 -0.00210797
0 0 -0.0070999
0 0 0.000492049
0 0 -0.00233052
0 0 -0.000385669
0 0 0.00244251
0 0 0.00143979
0 0 -0.00085538
0 0 0.00230659
0 0 -0.00270786
0 0 0.00420267
0 0 0.00407425
0 0 -0.00721455
0 0 -0.00381467
0 0 0.000411662
0 0 0.00216087
0 0 -0.00166361
0 0 -0.00507667
0 0 -0.00350818
0 0 0.000260623
0 0 -0.000504492
0 0 -0.00114641
0 0 0.000912481
0 0 0.000797651
0 0 0.00375833
0 0 -0.000254021
0 0 -0.00110519
0 0 0.00131487
0 0 -0.00404231
0 0 -0.00381656
0 0 0.00462273
0 0 -0.00104429
0 0 -0.00202545
0 0 -0.00228894
0 0 0.00160297
0 0 -0.00325402
0 0 -0.00408463
0 0 -0.0012804
0 0 -0.00196424
0 0 0.00434967
0 0 -0.00287872
0 0 -0.0073903
0 0 -0.0037144
0 0 0.000278109
0 0 -0.000501807
0 0 -0.0010855
0 0 0.00330704
0 0 -0.00109162
0 0 -0.00167779
0 0 -0.000703232
0 0 -0.00336391
0 0 0.00482494
0 0 0.00291471
0 0 -0.00159629
0 0 -0.0042894
0 0 0.000872379
0 0 -0.00085625
0 0 -0.00442269
0 0 -0.00759215
0 0 0.00332807
0 0 -0.0039557
0 0 -0.00163131
0 0 -2.45871e-05
0 0 -0.00358998
0 0 0.00206364
0 0 -0.00241746
0 0 -0.00552202
0 0 -0.00279292
0 0 -0.00258834
0 0 -0.00208361
0 0 -0.000238326
0 0 3.54585e-05
0 0 -0.00179387
0 0 -0.00162639
0 0 -0.000986042
0 0 -0.00239097
0 0 -0.00167794
0 0 0.00246464
0 0 0.00221548
0 0 0.00250847
0 0 0.00241296
0 0 0.00214965
0 0 0.00161202
0 0 0.0018773
0 0 0.00222958
0 0 -0.000472049
0 0 -0.000434666
0 0 -0.00051255
0 0 1.48352e-05
0 0 0.00227939
0 0 0.00192377
0 0 0.00187479
0 0 -0.00660635
0 0 -0.00705723
0 0 -0.00204544
0 0 -0.00129471
0 0 -0.000689925
0 0 0.000904229
0 0 0.000799966
0 0 0.000620919
0 0 0.00502796
0 0 0.00385345
0 0 0.00503362
0 0 -0.00195644
0 0 -0.00160589
0 0 -0.0014845
0 0 0.00203772
0 0 0.00151185
0 0 0.000498212
0 0 0.00418196
0 0 -0.000640796
0 0 -0.000986547
0 0 -0.000562086
0 0 0.00128131
0 0 0.00116268
0 0 0.0014716
0 0 -0.00070188
0 0 -0.00138236
0 0 -0.0017561
0 0 -0.0035239
0 0 -0.00390633
0 0 -0.00339298
0 0 0.00141687
0 0 0.00110642
0 0 -0.00293235
0 0 -0.00329781
0 0 -0.00269061
0 0 -0.00290099
0 0 -0.00261128
0 0 -0.00606869
0 0 -0.00554358
0 0 0.00285345
0 0 0.00252172
0 0 -0.00471823
0 0 -0.00426938
0 0 -0.00478049
0 0 -0.00342945
0 0 -0.00318253
0 0 -0.00322539
0 0 0.00305135
0 0 0.00337762
0 0 0.00355399
0 0 -0.00279136
0 0 -0.00305213
0 0 0.00123653
0 0 0.00115146
0 0 0.00154954
0 0 -0.00368398
0 0 -0.00355765
0 0 0.000875874
0 0 0.000942657
0 0 -0.00852227
0 0 -0.00660593
0 0 -0.00957392
0 0 0.00497144
0 0 0.000946959
0 0 0.00127461
0 0 0.00105994
0 0 0.000548058
0 0 0.000692752
0 0 -0.0022868
0 0 -0.00205548
0 0 -0.00221754
0 0 -0.00253007
0 0 -0.00226858
0 0 -0.0004837
0 0 -0.00038008
0 0 -0.00902395
0 0 -0.00682144
0 0 0.000370545
0 0 0.000488666
0 0 0.000581729
0 0 0.00271248
0 0 0.00262754
0 0 0.00175464
0 0 -3.56083e-06
0 0 -0.000355861
0 0 0.0020656
0 0 0.0024239
0 0 -0.00157669
0 0 -0.00151506
0 0 -0.00170625
0 0 0.000744922
0 0 -0.00369438
0 0 -0.00461231
0 0 0.00170604
0 0 0.00151628
0 0 0.00421787
0 0 0.00418064
0 0 0.00365279
0 0 0.002993
0 0 0.00282967
0 0 -0.00313867
0 0 -0.00299684
0 0 0.00137263
0 0 0.00176111
0 0 0.00434632
0 0 0.00385271
0 0 0.00455616
0 0 0.00271172
0 0 0.00254147
0 0 7.87066e-05
0 0 -5.34013e-05
0 0 0.00207781
0 0 0.00299286
0 0 0.00118765
0 0 0.00281884
0 0 -0.00272897
0 0 -0.00266053
0 0 -0.00286029
0 0 -0.00307051
0 0 -0.00281603
0 0 -0.00320709
0 0 -0.00120597
0 0 -0.00121007
0 0 -0.00144887
0 0 0.000555875
0 0 0.000912287
0 0 0.00273718
0 0 0.00264263
0 0 -0.00253648
0 0 -0.00238115
0 0 -0.00146483
0 0 -0.00135795
0 0 0.00469788
0 0 0.00387594
0 0 -0.00448047
0 0 -0.000888878
0 0 -0.00124998
0 0 -0.000973682
0 0 -0.000600718
0 0 -0.000841667
0 0 0.00152355
0 0 0.00168425
0 0 -0.00380966
0 0 -0.00403975
0 0 0.00378647
0 0 0.00413357
0 0 -0.00122778
0 0 -0.00141197
0 0 0.00384679
0 0 0.00338146
0 0 0.0030368
0 0 0.00312246
0 0 0.00199264
0 0 0.00189339
0 0 -0.00313796
0 0 -0.00345329
0 0 -0.00367499
0 0 -0.00379831
0 0 -0.000815527
0 0 -0.000676074
0 0 -0.000581343
0 0 0.000361894
0 0 0.000217605
0 0 0.000120306
0 0 -0.00441725
0 0 -0.00403363
0 0 -0.00409653
0 0 -0.00345236
0 0 -0.00270852
0 0 -0.00323834
0 0 -0.00297721
0 0 -0.00308428
0 0 -0.0030268
0 0 -0.00307101
0 0 -0.00329938
0 0 -0.00433816
0 0 -0.00287296
0 0 0.00307901
0 0 0.00304723
0 0 -0.00221842
0 0 -0.00234226
0 0 -0.00254267
0 0 -0.00334616
0 0 -0.00339771
0 0 -0.00361593
0 0 -0.000941232
0 0 -0.00086936
0 0 -0.000627163
0 0 0.00024521
0 0 9.01605e-05
0 0 0.00562659
0 0 0.00395966
0 0 -0.00381623
0 0 -0.00383852
0 0 -0.00327595
0 0 -0.00299398
0 0 -0.0029506
0 0 -0.00263908
0 0 0.00416159
0 0 0.00401509
0 0 0.00435165
0 0 0.00229392
0 0 0.000697615
0 0 0.000935375
0 0 1.51289e-05
0 0 -9.39203e-05
0 0 -0.00481957
0 0 -0.00466339
0 0 -0.00219349
0 0 -0.00257692
0 0 -0.00113356
0 0 -0.000837391
0 0 -0.000382791
0 0 -0.00157757
0 0 -0.00160785
0 0 -0.00191649
0 0 -0.000425977
0 0 -0.000580599
0 0 -0.00156782
0 0 -0.00029726
0 0 -0.00287163
0 0 -0.00109774
0 0 -0.000293607
0 0 -0.000362193
0 0 -0.00038982
0 0 -0.00560196
0 0 -0.00488913
0 0 -0.000328798
0 0 -0.000126265
0 0 0.000167301
0 0 -0.00142236
0 0 0.000504172
0 0 0.000764132
0 0 0.000727689
0 0 0.00176934
0 0 0.00113345
0 0 0.001365
0 0 0.00338282
0 0 0.00299955
0 0 0.00285146
0 0 -2.65111e-05
0 0 -0.00107413
0 0 -0.000212743
0 0 -0.000216657
0 0 -0.000202804
0 0 -8.24238e-05
0 0 0.00356304
0 0 -0.00257649
0 0 -0.00495335
0 0 -0.00468214
0 0 0.00567516
0 0 -0.00339294
0 0 0.00426385
0 0 -0.00177724
0 0 -0.0014404
0 0 -0.00107227
0 0 -0.000988213
0 0 -0.00125711
0 0 0.00103365
0 0 -0.000978927
0 0 -0.00952919
0 0 -0.00522532
0 0 0.00327709
0 0 0.00265513
0 0 -0.000292896
0 0 -0.000290846
0 0 -0.00852882
0 0 0.00287867
0 0 0.00344049
0 0 -0.000213605
0 0 2.06177e-06
0 0 -0.00397567
0 0 0.00211105
0 0 -0.00312019
0 0 -0.00331969
0 0 0.00379229
0 0 0.00241318
0 0 0.00491947
0 0 0.000234449
0 0 -0.00229515
0 0 -0.00219854
0 0 0.00432979
0 0 2.26035e-05
0 0 -0.000272492
0 0 0.00445768
0 0 -0.00250745
0 0 -0.00212708
0 0 3.80815e-05
0 0 -0.000312486
0 0 0.00161331
0 0 0.000842857
0 0 6.08154e-05
0 0 0.000239048
0 0 -0.00160338
0 0 0.000165581
0 0 -0.00413012
0 0 -0.00242958
0 0 -0.00267396
0 0 -0.00114439
0 0 -0.000953075
0 0 0.00393175
0 0 0.00370277
0 0 0.00185749
0 0 0.00200967
0 0 -2.89788e-05
0 0 -0.000380166
0 0 0.00145194
0 0 0.00113977
0 0 0.00399225
0 0 0.00432633
0 0 0.000405752
0 0 0.000351533
0 0 9.87332e-05
0 0 0.000418154
0 0 0.000505532
0 0 0.00362562
0 0 -0.00193883
0 0 -0.00189504
0 0 0.00296707
0 0 -0.00565744
0 0 -0.00492626
0 0 -0.0040429
0 0 -0.00417625
0 0 -0.00393019
0 0 -0.00410859
0 0 -0.000459009
0 0 -0.00026189
0 0 -0.00260799
0 0 -0.00259161
0 0 0.000719971
0 0 -0.00433157
0 0 0.000485834
0 0 0.00396397
0 0 -0.00119105
0 0 0.0016367
0 0 -0.00178347
0 0 -0.0018402
0 0 -0.00198851
0 0 -0.00403609
0 0 -0.00432805
0 0 -0.00278265
0 0 -0.000685493
0 0 -0.000894034
0 0 -0.00168545
0 0 -0.00103798
0 0 -0.00433535
0 0 -0.00363832
0 0 -0.00395503
0 0 0.000344069
0 0 -0.00234606
0 0 -0.0038647
0 0 -0.00461492
0 0 -0.00222819
0 0 0.000576475
0 0 0.000405655
0 0 0.000414967
0 0 -1.78404e-05
0 0 -0.00334847
0 0 -0.000202305
0 0 -0.000200491
0 0 0.000281169
0 0 -0.00125151
0 0 0.00331521
0 0 -0.00376038
0 0 -0.0037242
0 0 -0.000670073
0 0 -0.000570121
0 0 -0.000655351
0 0 -0.00603258
0 0 -0.00622402
0 0 -0.00658739
0 0 0.00201529
0 0 0.00146146
0 0 -0.00847324
0 0 -0.00448443
0 0 -0.00278634
0 0 -0.00215265
0 0 -0.00215243
0 0 -0.001964
0 0 -0.00210936
0 0 0.0018729
0 0 0.00346114
0 0 0.00373863
0 0 0.00142126
0 0 0.0011764
0 0 -0.00325967
0 0 -0.00342182
0 0 0.00161348
0 0 0.00100875
0 0 0.000572494
0 0 0.000517441
0 0 -9.22446e-05
0 0 0.00480926
0 0 0.000287368
0 0 9.29635e-05
0 0 -0.00357039
0 0 -0.00353555
0 0 -0.000406187
0 0 -0.000577256
0 0 0.000944938
0 0 0.000724812
0 0 -0.00533975
0 0 -0.00483647
0 0 -0.00553086
0 0 -0.00350424
0 0 -0.00355678
0 0 0.000703987
0 0 -0.00239247
0 0 -0.00263178
0 0 -0.00086148
0 0 -0.000778398
0 0 -0.0049103
0 0 -0.000681251
0 0 -0.00297096
0 0 -0.00297858
0 0 -0.00058577
0 0 -0.000171467
0 0 -0.000271738
0 0 -0.00425819
0 0 -0.00316297
0 0 -0.00299274
0 0 -0.00273769
0 0 -0.00579523
0 0 -0.00621058
0 0 0.00320754
0 0 0.00308669
0 0 -0.00538823
0 0 -0.00358928
0 0 -0.00334552
0 0 -0.000871771
0 0 -0.000656863
0 0 -0.000176752
0 0 -0.00483498
0 0 -0.00130418
0 0 -0.00388487
0 0 0.000248622
0 0 -0.000259309
0 0 -0.00241941
0 0 -0.00211787
0 0 -0.0038689
0 0 -0.00387887
0 0 0.00138826
0 0 -0.0027725
0 0 -0.00946795
0 0 -0.00667513
0 0 0.00211731
0 0 0.00271491
0 0 0.000943894
0 0 0.00251892
0 0 0.00313355
0 0 -0.00107311
0 0 -0.00785552
0 0 0.00237094
0 0 -0.00346211
0 0 0.000346895
0 0 0.00596473
0 0 -0.0102623
0 0 -0.000667837
0 0 0.00522119
0 0 0.00507835
0 0 0.00601567
0 0 -0.00737865
0 0 -0.000744766
0 0 -0.000956405
0 0 -0.00451189
0 0 0.00433471
0 0 0.00412368
0 0 0.00383077
0 0 0.00438783
0 0 0.00357341
0 0 0.00345224
0 0 -0.00739108
0 0 -0.00509154
0 0 -0.00220847
0 0 -0.00162246
0 0 0.00108472
0 0 -0.000340368
0 0 -0.00302155
0 0 -0.000883945
0 0 -0.000954872
0 0 -0.00325684
0 0 -0.00843653
0 0 0.00353108
0 0 -0.0008075
0 0 -0.00251706
0 0 -0.00202883
0 0 -0.000112625
0 0 0.00332559
0 0 0.0016207
0 0 -0.00265358
0 0 -0.00367917
0 0 -0.00363981
0 0 -0.00138723
0 0 -0.00183148
0 0 -0.00219502
0 0 -0.00199668
0 0 -0.000871543
0 0 -0.00357696
0 0 -0.00502154
0 0 -0.000572007
0 0 -0.00199286
0 0 0.00357018
0 0 0.00353232
0 0 -0.00143512
0 0 -0.00162946
0 0 -0.000494613
0 0 -0.00219806
0 0 -0.00137481
0 0 -0.00185418
0 0 -0.00196878
0 0 -0.00502768
0 0 -0.00333276
0 0 -0.00134867
0 0 -0.0011377
0 0 -0.000389418
0 0 -0.00174599
0 0 -0.00164165
0 0 -0.00125842
0 0 -0.000289384
0 0 -0.00103483
0 0 -0.00179873
0 0 -0.00175063
0 0 -0.0018187
0 0 -0.00157554
0 0 -0.000247495
0 0 -0.0019457
0 0 -0.0017546
0 0 0.000240152
0 0 -0.00532079
0 0 0.00458017
0 0 0.00353382
0 0 -0.00394856
0 0 -0.026625
0 0 -0.0363357
0 0 -0.0280657
0 0 -0.0437977
0 0 -0.0150632
0 0 -0.0491875
0 0 -0.0451497
0 0 -0.0395431
0 0 -0.0441194
0 0 -0.0348463
0 0 -0.0221356
0 0 -0.00937506
0 0 -0.00654062
0 0 -0.0556501
0 0 -0.0540306
0 0 -0.00449806
0 0 -0.00510888
0 0 -0.0140623
0 0 -0.0361484
0 0 -0.0165071
0 0 -0.0188469
0 0 -0.054069
0 0 -0.0459439
0 0 -0.00791279
0 0 -0.0480289
0 0 -0.0327771
0 0 -0.00550208
0 0 -0.0118872
0 0 -0.0108852
0 0 -0.0073264
0 0 -0.0251531
0 0 -0.0206489
0 0 -0.0610674
0 0 -0.0575842
0 0 -0.0615846
0 0 -0.0551952
0 0 -0.0127409
0 0 -0.0433945
0 0 -0.0148013
0 0 -0.00576576
0 0 -0.0198745
0 0 -0.00850445
0 0 -0.0418116
0 0 -0.00967194
0 0 -0.00471768
0 0 -0.0595294
0 0 -0.0634935
0 0 -0.061908
0 0 -0.0535179
0 0 -0.0324735
0 0 -0.0265416
0 0 -0.0465862
0 0 -0.0353764
0 0 -0.00464149
0 0 -0.00429168
0 0 -0.00441026
0 0 -0.00670818
0 0 -0.00608416
0 0 -0.029174
0 0 -0.0183079
0 0 -0.0335978
0 0 -0.020332
0 0 -0.0601329
0 0 -0.0519391
0 0 -0.00477203
0 0 -0.00519771
0 0 -0.00450702
0 0 -0.0243339
0 0 -0.0256783
0 0 -0.0295754
0 0 -0.057566
0 0 -0.0591542
0 0 -0.031082
0 0 -0.0239759
0 0 -0.0481925
0 0 -0.0450321
0 0 -0.0150846
0 0 -0.0185264
0 0 -0.0141012
0 0 -0.0134749
0 0 -0.0116637
0 0 -0.0127222
0 0 -0.0181897
0 0 -0.0217725
0 0 -0.0204943
0 0 -0.0239012
0 0 -0.0167891
0 0 -0.050007
0 0 -0.0518647
0 0 -0.0261481
0 0 -0.0285963
0 0 -0.0312039
0 0 -0.0356962
0 0 -0.0324909
0 0 -0.00690731
0 0 -0.00773159
0 0 -0.00718026
0 0 -0.00389271
0 0 -0.00454974
0 0 -0.00466055
0 0 -0.00470961
0 0 -0.0113023
0 0 -0.012813
0 0 -0.0101082
0 0 -0.0105508
0 0 -0.0226617
0 0 -0.0203546
0 0 -0.0230654
0 0 -0.0210444
0 0 -0.010503
0 0 -0.00951072
0 0 -0.0160226
0 0 -0.0166138
0 0 -0.014455
0 0 -0.0124348
0 0 -0.0131953
0 0 -0.0140773
0 0 -0.0163802
0 0 -0.0166325
0 0 -0.0134939
0 0 -0.0470231
0 0 -0.0403061
0 0 -0.0383307
0 0 -0.0399202
0 0 -0.0351748
0 0 -0.0372297
0 0 -0.0388574
0 0 -0.0401467
0 0 -0.0112436
0 0 -0.0118003
0 0 -0.00634099
0 0 -0.00665718
0 0 -0.0185044
0 0 -0.0502925
0 0 -0.0483647
0 0 -0.0557434
0 0 -0.0577295
0 0 -0.061836
0 0 -0.00761333
0 0 -0.00837876
0 0 -0.0528537
0 0 -0.0477907
0 0 -0.0485938
0 0 -0.0551094
0 0 -0.0492136
0 0 -0.00862201
0 0 -0.00823991
0 0 -0.0445743
0 0 -0.0493256
0 0 -0.00524199
0 0 -0.00569425
0 0 -0.00544039
0 0 -0.00613951
0 0 -0.00596727
0 0 -0.00722875
0 0 -0.00666207
0 0 -0.0265738
0 0 -0.0230853
0 0 -0.060423
0 0 -0.0540297
0 0 -0.0546078
0 0 -0.0516058
0 0 -0.0558681
0 0 -0.00607078
0 0 -0.0159749
0 0 -0.0173551
0 0 -0.0354393
0 0 -0.0421925
0 0 -0.0416723
0 0 -0.0379427
0 0 -0.00958601
0 0 -0.00875027
0 0 -0.00541852
0 0 -0.00513024
0 0 -0.0517183
0 0 -0.0494649
0 0 -0.0475149
0 0 -0.0161724
0 0 -0.0157964
0 0 -0.0404372
0 0 -0.00664383
0 0 -0.00624651
0 0 -0.0197061
0 0 -0.0170193
0 0 -0.00918011
0 0 -0.0646333
0 0 -0.0651601
0 0 -0.0453115
0 0 -0.0496383
0 0 -0.0401155
0 0 -0.0219853
0 0 -0.0190948
0 0 -0.0423076
0 0 -0.0444502
0 0 -0.0567539
0 0 -0.00577569
0 0 -0.0526275
0 0 -0.0298468
0 0 -0.0291773
0 0 -0.00464265
0 0 -0.00482982
0 0 -0.00474929
0 0 -0.00730326
0 0 -0.0140877
0 0 -0.00568403
0 0 -0.00701698
0 0 -0.00551344
0 0 -0.00511013
0 0 -0.0467459
0 0 -0.0435744
0 0 -0.0425856
0 0 -0.0268772
0 0 -0.0340158
0 0 -0.00500389
0 0 -0.0558644
0 0 -0.0130392
0 0 -0.0183071
0 0 -0.0150832
0 0 -0.00496332
0 0 -0.00513951
0 0 -0.00466111
0 0 -0.00449496
0 0 -0.0046729
0 0 -0.0327248
0 0 -0.0275375
0 0 -0.00474097
0 0 -0.065707
0 0 -0.0653203
0 0 -0.0622829
0 0 -0.0607755
0 0 -0.00788601
0 0 -0.00901139
0 0 -0.00771238
0 0 -0.0101852
0 0 -0.0107509
0 0 -0.00446191
0 0 -0.00441439
0 0 -0.0337229
0 0 -0.0376834
0 0 -0.0298173
0 0 -0.0491236
0 0 -0.0474125
0 0 -0.0298028
0 0 -0.0288848
0 0 -0.00563307
0 0 -0.00606654
0 0 -0.0250008
0 0 -0.0290477
0 0 -0.00957131
0 0 -0.00842762
0 0 -0.0202155
0 0 -0.0048078
0 0 -0.004683
0 0 -0.00646669
0 0 -0.0377335
0 0 -0.0547815
0 0 -0.0497304
0 0 -0.0241378
0 0 -0.00442375
0 0 -0.0231389
0 0 -0.0213632
0 0 -0.0584182
0 0 -0.042799
0 0 -0.00495094
0 0 -0.00475723
0 0 -0.0387293
0 0 -0.0449133
0 0 -0.0407877
0 0 -0.0442179
0 0 -0.00540705
0 0 -0.0150656
0 0 -0.0046343
0 0 -0.00504026
0 0 -0.0628218
0 0 -0.0637628
0 0 -0.0320457
0 0 -0.0316975
0 0 -0.0577775
0 0 -0.0585685
0 0 -0.0256834
0 0 -0.0665624
0 0 -0.0666734
0 0 -0.0470247
0 0 -0.0655696
0 0 -0.0646167
0 0 -0.0585603
0 0 -0.0564023
0 0 -0.00457549
0 0 -0.00415782
0 0 -0.0623473
0 0 -0.0631162
0 0 -0.00477253
0 0 -0.00425726
0 0 -0.00456468
0 0 -0.0556031
0 0 -0.0329123
0 0 -0.0380034
0 0 -0.0314455
0 0 -0.0375121
0 0 -0.0399192
0 0 -0.0046204
0 0 -0.00438938
0 0 -0.00509351
0 0 -0.0362363
0 0 -0.0626465
0 0 -0.0618559
0 0 -0.0598849
0 0 -0.0570024
0 0 -0.0488298
0 0 -0.0599181
0 0 -0.0528287
0 0 -0.0593812
0 0 -0.0578013
0 0 -0.00948687
0 0 -0.035253
0 0 -0.0113006
0 0 -0.00344062
0 0 -0.00148728
0 0 -0.00505432
0 0 -0.000666701
0 0 -0.0018009
0 0 -0.00713401
0 0 -0.00235209
0 0 -0.0042892
0 0 -0.00103125
0 0 -0.000826734
0 0 -0.00248387
0 0 -0.00314713
0 0 -0.00497457
0 0 -0.000291583
0 0 -0.0112172
0 0 -0.00125476
0 0 -0.00468583
0 0 -0.00238211
0 0 -0.000449321
0 0 -0.00338802
0 0 -0.00169247
0 0 -0.00104718
0 0 -0.00354055
0 0 -0.00334243
0 0 -0.000247931
0 0 -0.00107173
0 0 -0.00143216
0 0 -0.00270316
0 0 -0.00450994
0 0 -0.00109494
0 0 -0.00519767
0 0 -0.00791152
0 0 -0.00163593
0 0 -0.000578767
0 0 -0.00375959
0 0 -0.000985358
0 0 -0.00222618
0 0 -0.004143
0 0 -0.000470577
0 0 -0.00301421
0 0 -0.00153153
0 0 -0.00300377
0 0 -0.014308
0 0 -1.23393e-05
0 0 -0.00206418
0 0 -0.00460752
0 0 -0.00345539
0 0 -0.000820476
0 0 -0.00104474
0 0 -0.00425852
0 0 -0.000225722
0 0 -0.000769617
0 0 -0.00771383
0 0 -0.00660429
0 0 -0.000595309
0 0 -0.00238156
0 0 -0.00527744
0 0 -0.000284198
0 0 -0.0013898
0 0 -0.000600414
0 0 -0.000449756
0 0 -0.00418137
0 0 -0.000690373
0 0 -0.00602442
0 0 -0.00219387
0 0 -0.00198184
0 0 -0.00284153
0 0 -0.0013905
0 0 -0.00467042
0 0 -0.000650821
0 0 -0.0114111
0 0 -0.00355656
0 0 -0.0014147
0 0 -0.00122254
0 0 -0.00118516
0 0 -0.000533387
0 0 -0.00281674
0 0 -0.00470015
0 0 -0.00206693
0 0 -0.0004141
0 0 -0.00444354
0 0 -0.00153068
0 0 -0.00387412
0 0 -0.00117082
0 0 -0.00325367
0 0 -0.000222575
0 0 -0.00257862
0 0 -0.0194405
0 0 -0.000858029
0 0 -0.000719257
0 0 -0.00403885
0 0 -0.00130408
0 0 -0.000588472
0 0 -0.000304963
0 0 -0.00339654
0 0 -0.00074618
0 0 -0.0014726
0 0 -0.00258473
0 0 -4.35168e-05
0 0 -0.00197118
0 0 -0.00378664
0 0 -0.00290456
0 0 -0.00736535
0 0 -0.000844783
0 0 -0.00196227
0 0 -0.00449166
0 0 -0.0017559
0 0 -6.41544e-05
0 0 -0.000794715
0 0 -0.000315596
0 0 -0.00396709
0 0 -0.000880822
0 0 -0.000628183
0 0 -0.00471968
0 0 -0.00554747
0 0 -0.00222258
0 0 8.22738e-05
0 0 -0.00531966
0 0 -0.000876338
0 0 -0.00168036
0 0 -0.0028549
0 0 -0.000982793
0 0 -0.00178037
0 0 -0.00385016
0 0 -0.00175764
0 0 -0.000416935
0 0 -0.00197526
0 0 -0.000504941
0 0 -0.000531065
0 0 -0.00349634
0 0 -0.00409819
0 0 -0.000744938
0 0 -0.00504923
0 0 -0.00279763
0 0 -0.00410159
0 0 -0.000318221
0 0 -0.0032648
0 0 -0.000548405
0 0 -0.00794874
0 0 -0.000534819
0 0 -0.000772281
0 0 -0.00759681
0 0 -0.00118546
0 0 -0.00385697
0 0 -0.00217394
0 0 -0.00265464
0 0 -0.00215294
0 0 -0.00591107
0 0 -0.00628925
0 0 -0.00489002
0 0 -0.0100984
0 0 -0.00804141
0 0 -0.000437757
0 0 -0.000639233
0 0 -0.00362601
0 0 -0.00450015
0 0 -0.000805123
0 0 -0.000953175
0 0 -0.00054331
0 0 -0.00554816
0 0 -0.000579576
0 0 -0.00199681
0 0 -0.00077477
0 0 -0.00132101
0 0 -0.00258637
0 0 -0.0135218
0 0 -0.00166734
0 0 -0.0013215
0 0 -0.000462224
0 0 -0.00307884
0 0 -0.000485155
0 0 -0.00458103
0 0 -0.000329374
0 0 -0.00324475
0 0 -7.35728e-05
0 0 -0.000625082
0 0 -0.00411463
0 0 -0.00220868
0 0 -0.00442202
0 0 -0.00488281
0 0 -0.00433903
0 0 -0.00472437
0 0 -0.00259308
0 0 -0.00110657
0 0 -0.000655075
0 0 -0.00118029
0 0 -0.00427385
0 0 -0.00372988
0 0 -0.0149734
0 0 -0.00303905
0 0 -0.000115952
0 0 -3.96142e-05
0 0 -0.00452837
0 0 -0.00312115
0 0 -0.000779728
0 0 -0.00101245
0 0 -0.000544455
0 0 -0.00279193
0 0 -0.000721376
0 0 -0.00060117
0 0 -0.00270909
0 0 -0.00177216
0 0 -0.00236265
0 0 -0.00575054
0 0 -0.00231544
0 0 -0.000154437
0 0 -0.000411191
0 0 -0.0098764
0 0 -0.00126557
0 0 -0.00035957
0 0 -0.00878328
0 0 -0.00210598
0 0 -0.00324995
0 0 -0.00332762
0 0 -0.000263854
0 0 -0.00711865
0 0 -0.00381252
0 0 -4.73486e-05
0 0 -0.000470306
0 0 -0.00175437
0 0 -0.00417301
0 0 -0.000431244
0 0 -0.00096307
0 0 -0.00580437
0 0 -0.00248881
0 0 -0.000737211
0 0 -0.00377886
0 0 0.000304148
0 0 -0.00444588
0 0 -0.000728003
0 0 -0.00123971
0 0 -0.000307652
0 0 -0.00562607
0 0 -0.00618478
0 0 -0.00190596
0 0 -0.000277002
0 0 -0.000466997
0 0 0.000155072
0 0 -0.00663356
0 0 -0.00106022
0 0 -0.00164724
0 0 -0.0038373
0 0 -0.00047136
0 0 -0.0013664
0 0 -0.00157771
0 0 -0.00219803
0 0 -0.000222305
0 0 -0.0010979
0 0 -0.00197541
0 0 -0.00130009
0 0 -0.0251053
0 0 -0.000576938
0 0 -0.00466515
0 0 -0.00237416
0 0 -0.0014402
0 0 -0.00432558
0 0 -0.00404735
0 0 -0.00284555
0 0 -0.00174739
0 0 -0.000448593
0 0 -0.00512327
0 0 3.65482e-05
0 0 -0.00053364
0 0 -0.00554724
0 0 -0.000277539
0 0 -0.00108866
0 0 3.38947e-06
0 0 -0.0032812
0 0 -0.0151905
0 0 -0.000175935
0 0 -0.000308895
0 0 -0.0159122
0 0 -0.00189624
0 0 -0.00403466
0 0 -0.000690252
0 0 -0.00458546
0 0 -0.00280217
0 0 -0.00358886
0 0 -0.00206077
0 0 -0.00121243
0 0 -0.009052
0 0 -0.00168914
0 0 -0.00327073
0 0 -0.000777518
0 0 -0.00145815
0 0 -0.000519796
0 0 -0.00448737
0 0 -0.000343177
0 0 -0.00353339
0 0 -0.00149647
0 0 -0.00517536
0 0 -0.00156329
0 0 -0.00233097
0 0 -0.000306033
0 0 -9.29092e-05
0 0 -0.000440744
0 0 -0.00449312
0 0 -0.000411721
0 0 -0.0028076
0 0 -0.00148493
0 0 -0.000855842
0 0 -0.00010024
0 0 -0.001594
0 0 -0.000999063
0 0 -0.000341362
0 0 -0.00117249
0 0 -0.00329195
0 0 -0.000661177
0 0 -0.0045645
0 0 -0.00116013
0 0 -0.00468038
0 0 -0.000720033
0 0 -0.00319221
0 0 -0.00525511
0 0 -0.00209565
0 0 -0.00637599
0 0 -0.0025207
0 0 -0.000386215
0 0 -0.0041184
0 0 -0.00228176
0 0 -0.0040401
0 0 -0.00120613
0 0 -0.00258853
0 0 -0.000419065
0 0 -0.00227928
0 0 -0.000884923
0 0 -0.00181717
0 0 -0.0198595
0 0 -0.00101231
0 0 -0.000749248
0 0 -0.000440686
0 0 -0.000487525
0 0 -0.000301428
0 0 -0.000574227
0 0 -0.000107605
0 0 -0.000295164
0 0 -0.0044548
0 0 -0.00110231
0 0 -0.00540873
0 0 -0.00478439
0 0 -0.000946758
0 0 5.35961e-08
0 0 -0.00486593
0 0 -0.000538381
0 0 -0.000839866
0 0 -0.00852203
0 0 -0.0022359
0 0 -0.00138431
0 0 -0.00296032
0 0 -0.00344389
0 0 -0.00284844
0 0 -0.00167691
0 0 -0.00418321
0 0 -0.00150175
0 0 -0.0199034
0 0 -0.00298694
0 0 -0.00318532
0 0 -0.000418096
0 0 -0.00458025
0 0 -0.0111708
0 0 -0.00897836
0 0 -0.00243421
0 0 -0.0014352
0 0 -0.000494438
0 0 -0.00201575
0 0 -0.000408898
0 0 -0.00352383
0 0 -0.00733193
0 0 -0.00033898
0 0 -0.00346128
0 0 -0.00100694
0 0 -0.00258109
0 0 -0.000464912
0 0 -0.00371753
0 0 -0.00111951
0 0 -0.00226536
0 0 -6.50185e-05
0 0 -0.0093615
0 0 -0.00043783
0 0 -0.00744558
0 0 -0.00193056
0 0 -0.00162645
0 0 -0.00212758
0 0 -0.000680038
0 0 -0.000380956
0 0 -0.00506318
0 0 -0.000627908
0 0 -0.00144629
0 0 -8.64266e-05
0 0 -0.00197005
0 0 -0.000189729
0 0 -0.000897986
0 0 -0.00139136
0 0 -0.00101521
0 0 -0.00370016
0 0 -0.00440546
0 0 -0.00685459
0 0 -0.00129959
0 0 -0.000977141
0 0 -0.00118864
0 0 -0.000380119
0 0 -0.00263385
0 0 -0.0047072
0 0 -0.00162626
0 0 -0.00632798
0 0 -0.00304463
0 0 -0.0124017
0 0 -0.00379023
0 0 -0.00143809
0 0 -0.00249261
0 0 -0.00320267
0 0 -0.00605509
0 0 -0.00349636
0 0 -0.00478136
0 0 5.35936e-05
0 0 -0.00359378
0 0 -0.00191876
0 0 -0.00128004
0 0 -0.000590257
0 0 -0.000879263
0 0 -0.000541782
0 0 -0.00460722
0 0 -0.000843229
0 0 -0.00747359
0 0 -0.00407397
0 0 -0.000216189
0 0 -0.00378258
0 0 -0.00357007
0 0 -0.00571255
0 0 -0.00183403
0 0 -0.000450966
0 0 -0.00316714
0 0 -0.00087174
0 0 -0.00590273
0 0 -0.000773997
0 0 -0.00091582
0 0 -0.00115001
0 0 -0.000234623
0 0 -0.00200968
0 0 -0.00312246
0 0 -0.000631958
0 0 -0.00024954
0 0 -0.000809433
0 0 -0.00134612
0 0 -0.000450173
0 0 -0.00497058
0 0 -0.00322052
0 0 -5.87981e-05
0 0 -0.00417632
0 0 -0.00383353
0 0 -0.00092067
0 0 -0.00274975
0 0 -0.00470021
0 0 0.000277094
0 0 -0.0108227
0 0 -0.00389262
0 0 -0.00434877
0 0 -0.00452175
0 0 -0.000738624
0 0 -0.0102199
0 0 -0.00191949
0 0 -0.000131994
0 0 -0.00284992
0 0 -0.00557142
0 0 -0.00377914
0 0 0.000110388
0 0 -0.00185702
0 0 -0.00352225
0 0 -0.000137104
0 0 -0.000121908
0 0 -0.000159444
0 0 -0.00722729
0 0 -0.00198791
0 0 -0.00251286
0 0 5.17542e-05
0 0 -0.00182734
0 0 -0.00552935
0 0 -0.00250313
0 0 -0.00214969
0 0 5.15815e-06
0 0 -0.00415682
0 0 -3.63069e-05
0 0 -0.00320098
0 0 -0.00620244
0 0 -0.000905005
0 0 -0.000447868
0 0 -0.000444587
0 0 -0.0116933
0 0 -0.00179989
0 0 -0.0015361
0 0 -0.000150431
0 0 -0.000897352
0 0 -0.0019056
0 0 -0.00192736
0 0 -0.00426271
0 0 -0.00433252
0 0 -0.00864872
0 0 -0.000990122
0 0 -0.00117554
0 0 -0.00302799
0 0 -0.000933898
0 0 -0.000552815
0 0 -0.000794213
0 0 -0.00395497
0 0 -0.000559309
0 0 -0.00331365
0 0 -0.000633655
0 0 -0.00271739
0 0 -0.00333384
0 0 -0.00357304
0 0 -0.000927937
0 0 -0.00508097
0 0 -0.00199598
0 0 -0.00448152
0 0 -1.83931e-05
0 0 -0.000259339
0 0 -0.00426562
0 0 -0.00364659
0 0 -0.000705089
0 0 -0.00483123
0 0 -0.00272565
0 0 -0.0139155
0 0 -0.0019979
0 0 -0.000820528
0 0 -0.000144958
0 0 -0.00567844
0 0 -0.000891636
0 0 -0.00534145
0 0 -0.000594885
0 0 -0.000310612
0 0 -0.00478212
0 0 -0.00271158
0 0 -0.000866029
0 0 -0.00292311
0 0 -0.0015489
0 0 -0.00192686
0 0 -0.00262311
0 0 -0.00491193
0 0 -0.00146921
0 0 -0.000896463
0 0 -0.00369787
0 0 -0.000326721
0 0 -0.0028019
0 0 -0.0121205
0 0 -0.00218651
0 0 -0.00061748
0 0 -0.00026567
0 0 -0.000674891
0 0 -0.000619211
0 0 3.09929e-05
0 0 -0.00305687
0 0 -0.00423394
0 0 -0.00432143
0 0 -0.00945942
0 0 -0.00844615
0 0 -0.00399804
0 0 -0.00108914
0 0 -0.00119138
0 0 -0.00204611
0 0 -0.00181576
0 0 -0.00518381
0 0 -0.00018247
0 0 -0.000591668
0 0 -0.000615036
0 0 -0.000393705
0 0 -9.16873e-05
0 0 -0.00395134
0 0 -0.00159957
0 0 -0.000236137
0 0 -0.00646651
0 0 -0.00456741
0 0 -0.00215762
0 0 -0.00107497
0 0 -0.000981734
0 0 -0.00536286
0 0 -0.00262998
0 0 -0.00362751
0 0 -0.00413715
0 0 -0.00116383
0 0 -0.00238509
0 0 -0.00316164
0 0 -0.00231972
0 0 -0.00957786
0 0 -0.000525655
0 0 -0.00128748
0 0 -0.0023557
0 0 -0.00573013
0 0 -0.00100711
0 0 -0.00103316
0 0 -0.0044507
0 0 -0.000307342
0 0 -0.000643314
0 0 -0.00718594
0 0 -0.00134507
0 0 -0.00136779
0 0 -0.000622191
0 0 -0.00206083
0 0 -0.00138392
0 0 -0.00113465
0 0 -0.00097429
0 0 -0.000987748
0 0 -0.00107942
0 0 -0.000913673
0 0 -0.000425368
0 0 -0.000583267
0 0 -0.000460638
0 0 -0.000796819
0 0 -0.000880955
0 0 -0.0007076
0 0 -0.000981413
0 0 -0.00099337
0 0 -0.00288403
0 0 -0.00290069
0 0 -0.00278577
0 0 -0.000905255
0 0 -0.000826404
0 0 -0.000902745
0 0 -0.000513153
0 0 -0.000611355
0 0 -0.000433312
0 0 -0.000597527
0 0 -0.000543485
0 0 -0.00265278
0 0 -0.00271413
0 0 -0.00161804
0 0 -0.00210858
0 0 -0.00169302
0 0 4.6663e-06
0 0 -0.000401636
0 0 -0.00168367
0 0 -0.00162538
0 0 -0.0016846
0 0 -0.00151815
0 0 -0.00152255
0 0 -0.000690975
0 0 -0.000640772
0 0 -0.000626692
0 0 -4.44337e-05
0 0 -5.11333e-07
0 0 -0.000453946
0 0 -0.000437986
0 0 -0.000136339
0 0 -0.00361164
0 0 -0.00367271
0 0 -0.00353489
0 0 -0.000478254
0 0 -0.000575039
0 0 -0.000611505
0 0 -0.000860848
0 0 -0.000929498
0 0 -0.000861755
0 0 -0.000224148
0 0 -0.000475612
0 0 -0.000412137
0 0 -0.00322647
0 0 -0.00362966
0 0 -0.00358735
0 0 -0.0030279
0 0 -0.00303396
0 0 -0.00281455
0 0 -0.00254835
0 0 -0.00268658
0 0 -0.00257059
0 0 -0.00391801
0 0 -0.00395796
0 0 -0.00383052
0 0 -0.00424969
0 0 -0.00438277
0 0 -0.00438568
0 0 -0.00304447
0 0 -0.00296274
0 0 4.62591e-05
0 0 -4.95043e-05
0 0 -0.0115808
0 0 -0.0105431
0 0 -0.00349808
0 0 -0.00372179
0 0 -0.00348197
0 0 -0.000382112
0 0 -0.00465523
0 0 -0.00466079
0 0 -0.000349113
0 0 -0.000187119
0 0 -0.000400903
0 0 -0.00474008
0 0 -0.00449316
0 0 -0.00474103
0 0 -5.4046e-05
0 0 -6.33508e-05
0 0 -0.00784255
0 0 -0.00649334
0 0 -0.00657806
0 0 -0.00433604
0 0 -0.00446147
0 0 -0.000227729
0 0 -0.0021402
0 0 -0.00206913
0 0 -0.00225888
0 0 -0.0030435
0 0 -0.0032721
0 0 -0.00250191
0 0 -0.00247874
0 0 -0.00236869
0 0 -0.000813283
0 0 -0.000727139
0 0 -0.000369794
0 0 -0.00023684
0 0 -0.000458007
0 0 -0.00368925
0 0 -0.00349411
0 0 -0.00364729
0 0 -0.000140878
0 0 -3.15863e-05
0 0 -0.000238948
0 0 -0.00234734
0 0 -0.0024443
0 0 -0.000671873
0 0 -0.000644935
0 0 -0.00448411
0 0 -0.00538004
0 0 -0.00420578
0 0 -0.00487135
0 0 -0.00459683
0 0 -0.000925565
0 0 -0.000612543
0 0 -0.000687802
0 0 -0.00134254
0 0 -0.00144038
0 0 -0.00147826
0 0 -0.00389118
0 0 -0.00386454
0 0 -0.00346327
0 0 -0.00342026
0 0 0.000498966
0 0 -0.000514642
0 0 2.25282e-05
0 0 -0.00258104
0 0 -0.00280197
0 0 -0.00255861
0 0 -0.00362164
0 0 -0.00381579
0 0 -0.000541174
0 0 -0.000629425
0 0 -0.000647736
0 0 -0.000823847
0 0 -0.000581173
0 0 -0.00073383
0 0 -0.00513749
0 0 -0.0049474
0 0 -0.00495002
0 0 -0.000627071
0 0 -0.000773413
0 0 -0.000666798
0 0 -0.000291151
0 0 -4.49978e-05
0 0 -0.00224148
0 0 -0.00226513
0 0 -0.00453744
0 0 -0.00450742
0 0 -0.000433493
0 0 -0.000390546
0 0 -0.000723201
0 0 -0.000480055
0 0 -0.00254995
0 0 -0.00289669
0 0 -0.00317088
0 0 -0.0016514
0 0 -0.00175396
0 0 -0.00173744
0 0 -0.00526124
0 0 -0.00605104
0 0 -0.00527087
0 0 -0.000371087
0 0 -0.00181718
0 0 -0.00180131
0 0 -0.00193656
0 0 -0.00238237
0 0 -0.00256362
0 0 0.000176171
0 0 -0.000710722
0 0 -0.000397537
0 0 -0.000499789
0 0 -0.000491587
0 0 -0.000427045
0 0 -0.000372124
0 0 -0.00893292
0 0 -0.00936751
0 0 -0.00822476
0 0 -0.00229696
0 0 -0.00247961
0 0 -0.00214468
0 0 -2.9323e-05
0 0 -9.99747e-05
0 0 -0.000157638
0 0 -0.000304964
0 0 -0.00648859
0 0 -0.00626054
0 0 -0.00615961
0 0 -0.00658313
0 0 -0.00349206
0 0 -0.0033122
0 0 -0.00336478
0 0 -0.00448842
0 0 -0.00421585
0 0 -0.00436507
0 0 -0.00401347
0 0 -0.00406349
0 0 -0.00423763
0 0 -0.00423591
0 0 -0.00412511
0 0 -0.000355807
0 0 -0.000138146
0 0 -0.000363841
0 0 -0.000337238
0 0 -0.00474085
0 0 -0.00459907
0 0 -0.000661958
0 0 -0.00056039
0 0 -0.000662792
0 0 -0.000320853
0 0 -0.000328445
0 0 -0.000303823
0 0 -0.00212649
0 0 -0.00298837
0 0 -0.00296884
0 0 -0.00127987
0 0 -0.0012416
0 0 -0.00134862
0 0 -0.00122798
0 0 -0.00125899
0 0 -0.00101613
0 0 -0.000887353
0 0 -0.00169821
0 0 -0.00148029
0 0 -0.00162645
0 0 -0.000718508
0 0 -0.000872156
0 0 -0.00401218
0 0 -0.00381648
0 0 -0.00396852
0 0 -0.00162098
0 0 -0.00170568
0 0 -0.00158724
0 0 -0.00535707
0 0 -0.00548486
0 0 -0.00568303
0 0 -0.00373084
0 0 -0.00372904
0 0 -0.00360332
0 0 -0.000416742
0 0 -0.00115209
0 0 -0.00276641
0 0 -0.00285345
0 0 -0.000107723
0 0 -0.000134485
0 0 -0.000100822
0 0 -0.00486394
0 0 -0.00462081
0 0 -0.00698191
0 0 -0.00669886
0 0 -0.00149793
0 0 -0.00141337
0 0 -0.00189697
0 0 -0.00407904
0 0 -0.00369089
0 0 -0.0041622
0 0 -0.00402622
0 0 -0.00208056
0 0 -0.00221537
0 0 -0.000269596
0 0 -0.000342135
0 0 -0.00377901
0 0 -0.0039094
0 0 -0.00379734
0 0 -0.00390168
0 0 -0.0039655
0 0 -0.000579705
0 0 -0.000651215
0 0 -0.000703891
0 0 -0.00909643
0 0 -0.00863005
0 0 -0.00845414
0 0 -0.00534603
0 0 -0.00508605
0 0 -0.000702204
0 0 -0.000637859
0 0 -0.000698052
0 0 -0.00617524
0 0 -0.00595978
0 0 -0.00633209
0 0 -0.00246079
0 0 -0.00231164
0 0 -0.000281111
0 0 -0.000351045
0 0 -0.00577389
0 0 -0.00596408
0 0 -0.00625048
0 0 -0.000387094
0 0 -0.000375137
0 0 -7.48674e-05
0 0 -5.77742e-05
0 0 -0.00158022
0 0 -0.00158534
0 0 -0.0058327
0 0 -0.00565573
0 0 -0.00234701
0 0 -0.00218638
0 0 2.00672e-05
0 0 -4.58751e-06
0 0 -0.00116314
0 0 -0.00124036
0 0 -0.00110572
0 0 -0.00149941
0 0 -0.00151487
0 0 -0.00139043
0 0 -0.0031397
0 0 -0.00317935
0 0 -0.00221002
0 0 -0.00228826
0 0 -0.00213606
0 0 -0.00299214
0 0 -0.00300663
0 0 -0.00973246
0 0 -0.00995975
0 0 -0.000205521
0 0 -0.000368579
0 0 -1.89692e-05
0 0 -0.00432084
0 0 -0.00435772
0 0 -0.000124758
0 0 0.000360536
0 0 -0.00294778
0 0 -0.00281699
0 0 -0.00273144
0 0 -0.000610382
0 0 -0.00340273
0 0 -0.00342599
0 0 -0.00356986
0 0 -0.00331419
0 0 3.15061e-05
0 0 -7.40399e-05
0 0 -0.00067431
0 0 -0.000732285
0 0 -9.01981e-05
0 0 -0.000123412
0 0 0.000106173
0 0 -0.000497076
0 0 -0.00036081
0 0 -0.00253521
0 0 -0.00248871
0 0 -0.00264734
0 0 -0.000442814
0 0 -0.000306637
0 0 -0.00788487
0 0 -0.00726884
0 0 -0.00793841
0 0 -0.00116732
0 0 -0.00100254
0 0 -0.00108127
0 0 -0.000447293
0 0 -0.000509132
0 0 -0.00138024
0 0 -0.00159808
0 0 -0.00167845
0 0 -0.002424
0 0 -0.00254369
0 0 -0.00532367
0 0 -0.00520733
0 0 -0.00495305
0 0 0.000202985
0 0 -6.50617e-05
0 0 -0.000319068
0 0 -0.000312848
0 0 -0.000503977
0 0 -0.00010751
0 0 -0.00247123
0 0 -0.00249974
0 0 -0.00260197
0 0 -0.00206795
0 0 -0.00209062
0 0 -0.000187919
0 0 -7.34838e-05
0 0 -0.00348403
0 0 -0.00358623
0 0 -0.00347401
0 0 -0.00253984
0 0 -0.00266994
0 0 -0.000145212
0 0 -0.000209241
0 0 -0.000211321
0 0 -0.00225498
0 0 -0.00217012
0 0 -0.00229885
0 0 -0.000655081
0 0 -0.000433182
0 0 -0.0002087
0 0 -0.000399491
0 0 -0.00756536
0 0 -0.00843915
0 0 -0.00860326
0 0 -0.00179895
0 0 -0.00161646
0 0 -0.00132817
0 0 -0.00124242
0 0 -0.000210702
0 0 -0.000238771
0 0 -0.000178334
0 0 -0.00227011
0 0 -0.00292184
0 0 -0.00147695
0 0 -0.00143781
0 0 0.000173448
0 0 -0.000703695
0 0 -0.000564403
0 0 -0.00108699
0 0 -0.00432335
0 0 -0.00449966
0 0 -0.000684093
0 0 -0.000336313
0 0 -0.000464044
0 0 -0.00286711
0 0 -0.0029897
0 0 -0.00476005
0 0 -0.00456141
0 0 -0.00474432
0 0 -0.00433519
0 0 -0.00441992
0 0 -0.00425325
0 0 -0.0003923
0 0 0.000105064
0 0 -0.00048037
0 0 -0.00617575
0 0 -0.00590184
0 0 -0.00581642
0 0 -0.0033915
0 0 -0.00321538
0 0 -0.00822182
0 0 -0.00921814
0 0 -0.00359597
0 0 -0.00345247
0 0 -0.000391999
0 0 -0.000566019
0 0 -0.00199167
0 0 -0.000472269
0 0 -0.000493555
0 0 -0.000496257
0 0 -0.00564075
0 0 -0.00543016
0 0 -0.00019313
0 0 -0.000340588
0 0 -0.00149962
0 0 -0.00187784
0 0 -0.00196056
0 0 -0.000408586
0 0 -0.000603149
0 0 -0.00977442
0 0 -0.00868134
0 0 -0.00135558
0 0 -0.0015924
0 0 -0.000384125
0 0 -0.000518005
0 0 -0.000477453
0 0 -0.00370738
0 0 -0.00368703
0 0 -0.000279909
0 0 -0.000582204
0 0 -0.00112696
0 0 -0.00103641
0 0 -0.00119051
0 0 -0.0082359
0 0 -0.0075777
0 0 -0.000811559
0 0 -0.0010758
0 0 -0.00104679
0 0 -0.00468273
0 0 -0.00486804
0 0 -0.00489255
0 0 -0.00246652
0 0 -0.00233618
0 0 -0.00497182
0 0 -0.00520674
0 0 -0.00532555
0 0 -0.0043369
0 0 -0.00430815
0 0 -0.0012765
0 0 -0.00132819
0 0 -0.00143747
0 0 -5.35507e-05
0 0 4.93725e-05
0 0 0.000214456
0 0 0.000171843
0 0 -6.02631e-05
0 0 -0.000118297
0 0 -0.000482439
0 0 -0.000310864
0 0 -0.00219631
0 0 -0.00446122
0 0 -0.00462666
0 0 -0.00453714
0 0 -0.000851729
0 0 -0.000931483
0 0 -0.00425128
0 0 -0.00441582
0 0 -0.00492724
0 0 -0.00509694
0 0 -0.000150296
0 0 -7.51918e-05
0 0 -0.000580524
0 0 -0.000168097
0 0 -0.000375328
0 0 -0.00102464
0 0 -0.003305
0 0 -0.00338571
0 0 -0.00311812
0 0 -0.00303836
0 0 -0.00204489
0 0 -0.00153804
0 0 -0.00165247
0 0 -0.00410742
0 0 -0.00420972
0 0 -0.00491027
0 0 -0.00502902
0 0 -0.00484232
0 0 -0.00321279
0 0 -0.00382089
0 0 -0.00391985
0 0 -0.00361959
0 0 -0.00360209
0 0 -0.00393221
0 0 -0.00380357
0 0 -0.0036572
0 0 -0.00356034
0 0 -0.00281948
0 0 -0.00242326
0 0 -0.00253874
0 0 -0.0027019
0 0 -0.0129294
0 0 -0.0111046
0 0 0.000338216
0 0 -0.000419058
0 0 -2.05755e-05
0 0 -0.00115444
0 0 -0.00133228
0 0 -0.00134335
0 0 -0.0025638
0 0 -0.0024005
0 0 -0.00604281
0 0 -5.58714e-06
0 0 -0.000115728
0 0 -0.00194285
0 0 -0.00190945
0 0 -0.00202443
0 0 -0.00099998
0 0 -0.00085535
0 0 -0.00183931
0 0 -0.0066672
0 0 -0.00702533
0 0 -0.00703074
0 0 -0.0126349
0 0 -0.0133557
0 0 -0.0149756
0 0 -0.000572608
0 0 -0.000687984
0 0 -0.00535141
0 0 -0.0051192
0 0 -0.00530027
0 0 -0.00182919
0 0 -0.00154567
0 0 -0.00532171
0 0 -0.00560535
0 0 -0.00109462
0 0 -0.00117545
0 0 -0.00108695
0 0 -0.00471943
0 0 -0.0046668
0 0 -0.00437541
0 0 -0.00442156
0 0 -0.000455027
0 0 -0.0011223
0 0 -0.00134232
0 0 -0.00695796
0 0 -0.00345142
0 0 -0.0032878
0 0 -0.00328591
0 0 -0.00348547
0 0 -0.00332206
0 0 -0.00465703
0 0 -0.00487147
0 0 -0.00109323
0 0 -0.00106635
0 0 -0.00139002
0 0 -0.00138009
0 0 -0.00131357
0 0 -0.00243395
0 0 -0.00248543
0 0 -0.00254914
0 0 -0.00180709
0 0 -0.00191278
0 0 -0.00179041
0 0 -0.00406634
0 0 -0.000307012
0 0 -0.000538761
0 0 -0.000619715
0 0 -0.0238093
0 0 -0.0263814
0 0 -0.0166301
0 0 -0.0163924
0 0 -0.0140059
0 0 -0.0044605
0 0 -0.00461576
0 0 -0.00477986
0 0 -0.00495064
0 0 -0.000663716
0 0 -0.000836382
0 0 -0.00013331
0 0 -0.000121001
0 0 -0.00202603
0 0 -0.00203792
0 0 -0.00406211
0 0 -0.00430919
0 0 -0.00139744
0 0 -0.00515279
0 0 -0.00577852
0 0 -0.00506052
0 0 -0.00511229
0 0 -0.0045025
0 0 -0.00737959
0 0 -0.00688645
0 0 -0.0026511
0 0 -0.00343266
0 0 -0.00350626
0 0 -0.00137135
0 0 -0.00133
0 0 -0.00128663
0 0 -0.0013569
0 0 -0.00149976
0 0 -0.00336128
0 0 -0.00103154
0 0 -0.00119854
0 0 -0.00815664
0 0 -0.00923432
0 0 -0.00213996
0 0 -0.00221647
0 0 -0.00230705
0 0 -0.00235032
0 0 -0.00243667
0 0 -0.000693531
0 0 -0.000681679
0 0 -0.00272065
0 0 -0.00277919
0 0 -0.0036965
0 0 -0.00397001
0 0 -0.000345968
0 0 -0.0180366
0 0 -0.0162788
0 0 -0.000869576
0 0 -0.000960661
0 0 -0.000245935
0 0 -0.000328204
0 0 -0.000112989
0 0 -3.61082e-05
0 0 -0.00329115
0 0 -0.00312574
0 0 -0.00336054
0 0 -0.00484863
0 0 -0.00481934
0 0 -0.00501764
0 0 -0.00115372
0 0 -0.00102912
0 0 -0.00115169
0 0 0.000159951
0 0 -0.00013792
0 0 -0.000383829
0 0 -0.000348883
0 0 -0.000618151
0 0 7.68588e-05
0 0 -0.0213316
0 0 -0.0173146
0 0 -0.0186187
0 0 -0.0152212
0 0 -0.00454796
0 0 -0.00456197
0 0 -0.00452534
0 0 -0.00150564
0 0 -0.00165051
0 0 -0.000988115
0 0 -0.00101548
0 0 -0.00106203
0 0 -0.00070411
0 0 -4.24931e-05
0 0 -0.00126895
0 0 -0.00124871
0 0 -0.00465609
0 0 -0.00460007
0 0 -0.0017446
0 0 8.21449e-05
0 0 -0.000550177
0 0 2.25776e-05
0 0 -0.00481685
0 0 -0.000719166
0 0 -0.000602144
0 0 -0.000842323
0 0 -0.000347978
0 0 -0.000338086
0 0 -0.000327237
0 0 -0.00329557
0 0 -0.000694273
0 0 -0.000382771
0 0 -0.00260015
0 0 -0.00038573
0 0 -0.000430208
0 0 -0.000126788
0 0 -0.00016802
0 0 -0.00775506
0 0 -0.00803576
0 0 -0.00096816
0 0 -0.00103719
0 0 -0.00106424
0 0 -0.0011687
0 0 -0.00124029
0 0 -0.000499066
0 0 -0.000634874
0 0 -0.0012346
0 0 -0.000327074
0 0 -0.000425421
0 0 -0.00141044
0 0 -0.001486
0 0 -0.000601012
0 0 -0.000730318
0 0 -0.000314642
0 0 -0.000550483
0 0 -0.000256787
0 0 0.000124449
0 0 9.40101e-06
0 0 -9.34187e-05
0 0 -0.00101545
0 0 -0.00520659
0 0 -0.005183
0 0 -0.00125536
0 0 -0.000970847
0 0 -0.000653741
0 0 -0.00040799
0 0 -0.000473127
0 0 -0.0178956
0 0 -0.0146127
0 0 -0.000603336
0 0 -0.000600436
0 0 -0.00451839
0 0 -0.00440552
0 0 -0.00457055
0 0 -0.00383914
0 0 -0.00579521
0 0 -0.00612376
0 0 -0.00552906
0 0 -0.00134506
0 0 -0.00147464
0 0 -0.00238225
0 0 -0.00248868
0 0 -0.000962392
0 0 -0.0034862
0 0 -0.00284595
0 0 -0.00272127
0 0 -0.0048161
0 0 -0.00495735
0 0 -0.00641651
0 0 -0.00658974
0 0 -0.00213168
0 0 -0.00209038
0 0 -0.00654157
0 0 -0.0026797
0 0 -0.00261989
0 0 -0.00277524
0 0 -0.000590626
0 0 -0.000435208
0 0 -0.000197078
0 0 -0.000382935
0 0 -0.00315994
0 0 -0.00327905
0 0 -0.00312168
0 0 -6.53092e-05
0 0 -0.00457425
0 0 -0.00444149
0 0 -0.0037313
0 0 -0.00126833
0 0 1.2855e-05
0 0 -2.61382e-05
0 0 -0.000270517
0 0 -0.00357794
0 0 -0.00369892
0 0 -0.00156231
0 0 -0.00146084
0 0 -0.000479778
0 0 -0.000612433
0 0 -0.000639881
0 0 -0.0048121
0 0 -0.00479145
0 0 -0.00229013
0 0 -0.00228333
0 0 -0.00270835
0 0 -0.00268945
0 0 -0.00367949
0 0 -0.00131943
0 0 -0.0012644
0 0 -0.00460505
0 0 -0.00232459
0 0 -0.00878431
0 0 -0.00806882
0 0 -0.00459883
0 0 -0.004639
0 0 -0.00119812
0 0 -0.00131296
0 0 -0.00128014
0 0 -0.000650717
0 0 -0.000565181
0 0 -0.00171293
0 0 -0.00172649
0 0 -0.00197924
0 0 -0.000217783
0 0 -0.000207826
0 0 -0.0054005
0 0 -0.00135052
0 0 -0.000853256
0 0 -0.00112083
0 0 -0.000630422
0 0 -0.000754212
0 0 0.000413463
0 0 -4.52407e-05
0 0 -0.00483283
0 0 -0.00506101
0 0 -0.000518344
0 0 -0.00294764
0 0 -0.00285831
0 0 -0.000909784
0 0 -0.000629519
0 0 -0.000665742
0 0 -0.00109514
0 0 -0.00113963
0 0 -0.00324806
0 0 -0.0130254
0 0 -0.0136009
0 0 -0.0118032
0 0 -1.54972e-05
0 0 -0.000174302
0 0 -0.00284888
0 0 -0.002917
0 0 -5.44616e-05
0 0 -0.000544869
0 0 -0.000900241
0 0 -0.000981132
0 0 -0.000747265
0 0 -0.000682548
0 0 -0.000577431
0 0 -0.00413701
0 0 -0.00481193
0 0 -0.00185399
0 0 -0.00176424
0 0 -0.00171846
0 0 -0.00269969
0 0 -0.0029381
0 0 -0.00255772
0 0 -0.00144284
0 0 -0.00120738
0 0 -0.00137372
0 0 -0.00558759
0 0 -0.00464314
0 0 -0.00301379
0 0 -0.00315485
0 0 -0.00297889
0 0 -0.000813229
0 0 -0.000734431
0 0 -0.000828537
0 0 -0.00343721
0 0 -0.00328003
0 0 -0.00497553
0 0 -0.00488264
0 0 -0.00453167
0 0 -0.00447529
0 0 -0.00108376
0 0 -0.00115371
0 0 -0.0050177
0 0 -0.00548512
0 0 -0.00068913
0 0 -0.000812225
0 0 -0.000369147
0 0 -0.000680116
0 0 -0.00342182
0 0 -0.0009564
0 0 -0.000591474
0 0 -0.000496713
0 0 -0.00311775
0 0 -0.00299612
0 0 -0.000304348
0 0 -0.000426522
0 0 -0.00166958
0 0 -0.0015402
0 0 -0.00158412
0 0 -0.000357327
0 0 -0.000493996
0 0 -0.00298724
0 0 -0.000781443
0 0 -0.000728762
0 0 -0.00177245
0 0 -0.00173669
0 0 -0.000818707
0 0 -0.00122949
0 0 -0.00413061
0 0 -0.00437168
0 0 -0.000844941
0 0 -0.000828603
0 0 -0.000756735
0 0 -0.013075
0 0 -0.0112546
0 0 -0.000853143
0 0 -0.000778815
0 0 -0.0109534
0 0 -0.0107548
0 0 -0.00114176
0 0 -0.00672636
0 0 -0.00657964
0 0 -0.00223098
0 0 -0.00210363
0 0 -0.000476599
0 0 -0.000463488
0 0 -0.00128724
0 0 -0.00137672
0 0 -0.00136834
0 0 -0.00107301
0 0 -0.00108282
0 0 -0.00358962
0 0 -0.00357417
0 0 -0.00354693
0 0 -0.00341528
0 0 -0.00315564
0 0 -0.00254725
0 0 -0.00245135
0 0 -0.00255518
0 0 -0.00270926
0 0 -0.00474223
0 0 -0.00478849
0 0 -0.00385407
0 0 -0.00370996
0 0 -0.00374018
0 0 -0.00443783
0 0 -0.00441535
0 0 6.30333e-06
0 0 -0.000201731
0 0 1.02824e-05
0 0 -0.000272827
0 0 -0.00325986
0 0 -0.00309153
0 0 -0.00287974
0 0 -0.00301258
0 0 -0.00282789
0 0 -0.000275924
0 0 -0.00380937
0 0 -0.00398427
0 0 -0.00103145
0 0 -0.000952262
0 0 -0.000972592
0 0 -0.000207207
0 0 -0.00471138
0 0 -0.00457881
0 0 -0.000179366
0 0 -0.000150979
0 0 -0.00295121
0 0 -1.68721e-05
0 0 -3.695e-05
0 0 -8.52015e-05
0 0 -0.0044457
0 0 -0.00431322
0 0 -0.00353409
0 0 -0.00367591
0 0 -0.000399629
0 0 -0.000400152
0 0 -0.000361577
0 0 -0.00373892
0 0 -0.000400301
0 0 -0.0004601
0 0 -0.000531173
0 0 -0.00315327
0 0 -0.00336307
0 0 -0.000709423
0 0 -0.00303665
0 0 -0.00300577
0 0 -0.00290191
0 0 -0.000142954
0 0 -0.000139045
0 0 -0.0023671
0 0 -0.00230758
0 0 -0.00336102
0 0 -0.00283625
0 0 -0.00193198
0 0 -1.02487e-06
0 0 -0.000706292
0 0 -0.000284569
0 0 -0.000540666
0 0 -1.50452e-05
0 0 -3.17177e-05
0 0 -0.00370398
0 0 -0.000178872
0 0 -0.00385291
0 0 -0.00391419
0 0 -0.00414783
0 0 -0.000779439
0 0 -9.37823e-05
0 0 -0.000712611
0 0 -0.000667696
0 0 -0.00114168
0 0 -0.00154827
0 0 -0.00207241
0 0 -0.00219704
0 0 -0.00228118
0 0 -0.00313142
0 0 -0.00217113
0 0 -0.00328062
0 0 -0.00335804
0 0 -0.00210774
0 0 -0.00203383
0 0 -0.000985326
0 0 -0.00105092
0 0 -0.00117323
0 0 -0.00123559
0 0 -0.000913191
0 0 -0.0040052
0 0 -0.00390755
0 0 -6.3856e-05
0 0 -0.00702222
0 0 -0.000960028
0 0 -0.000845868
0 0 -0.000756866
0 0 -0.000527986
0 0 -0.000624452
0 0 -0.000361478
0 0 -0.00051925
0 0 -0.000704067
0 0 -0.000707279
0 0 -0.000831635
0 0 -0.000841631
0 0 -0.000815732
0 0 -0.000863185
0 0 -0.00286166
0 0 -0.00381003
0 0 -0.00396539
0 0 -0.00211561
0 0 -0.00232063
0 0 -0.00323867
0 0 -0.00118234
0 0 -0.00110757
0 0 -0.00124278
0 0 -0.00119675
0 0 -0.0080266
0 0 -0.00738291
0 0 -0.00155267
0 0 -0.00163917
0 0 -0.0058636
0 0 -0.00592345
0 0 -0.000356242
0 0 -0.000159947
0 0 -0.00751258
0 0 -0.00773887
0 0 -0.00678813
0 0 -0.00719528
0 0 -0.00291226
0 0 -0.00307436
0 0 -0.00302501
0 0 -0.00132774
0 0 -0.00518896
0 0 -0.00554616
0 0 -0.00330166
0 0 -0.00311333
0 0 -0.0067977
0 0 -0.00657479
0 0 -8.00854e-05
0 0 -0.000198316
0 0 -0.0018722
0 0 -0.00199823
0 0 -0.00368999
0 0 -0.00396491
0 0 -0.00144019
0 0 -0.0015444
0 0 -0.000177759
0 0 -0.00118573
0 0 -0.00118305
0 0 -0.000397957
0 0 -0.000355836
0 0 -0.000502758
0 0 -0.000295454
0 0 -0.000331327
0 0 -0.0010548
0 0 5.79086e-05
0 0 -0.000132078
0 0 -0.0023659
0 0 -0.00240417
0 0 -0.000516662
0 0 -0.00293614
0 0 -0.00184643
0 0 -0.00316473
0 0 -0.00315068
0 0 -0.00420603
0 0 -0.00420075
0 0 -0.00426179
0 0 -0.00191638
0 0 -0.00198255
0 0 -0.00206111
0 0 -0.00192723
0 0 -0.00193197
0 0 -0.0141355
0 0 -0.0163328
0 0 -0.00322645
0 0 -0.00310818
0 0 -0.000617236
0 0 -0.000698259
0 0 -5.83233e-05
0 0 -0.00354003
0 0 -0.00182846
0 0 -0.00195933
0 0 -2.27135e-05
0 0 -0.00168557
0 0 -0.00188049
0 0 -0.00171593
0 0 -0.000564495
0 0 -0.000494452
0 0 -0.00444521
0 0 -0.00015196
0 0 -0.0040092
0 0 -0.000511863
0 0 -0.000802456
0 0 -0.000901052
0 0 -0.000813006
0 0 -0.00459582
0 0 -0.0046221
0 0 -0.000518505
0 0 -0.000503124
0 0 -0.000261269
0 0 -0.00338551
0 0 -0.00726336
0 0 -0.00860243
0 0 -0.000307552
0 0 -0.0073558
0 0 -0.00432694
0 0 -0.00306569
0 0 -0.000318639
0 0 -3.63887e-06
0 0 -0.0010079
0 0 -0.000958449
0 0 -0.00436902
0 0 -0.00237885
0 0 -0.00231265
0 0 -0.00355047
0 0 -0.000232826
0 0 -0.000316073
0 0 -4.12607e-05
0 0 -0.00258938
0 0 -0.00226795
0 0 -0.00229636
0 0 -0.00460884
0 0 -5.35275e-05
0 0 -0.00080747
0 0 -0.000788986
0 0 -0.00170032
0 0 -0.00144695
0 0 -0.000496621
0 0 -0.000344506
0 0 -0.000647573
0 0 -0.000716643
0 0 -0.00153068
0 0 -0.00168443
0 0 -0.0016464
0 0 -0.00266073
0 0 -0.00405347
0 0 -0.00476294
0 0 -0.00998742
0 0 -0.00996036
0 0 -0.000770824
0 0 -0.000839433
0 0 -0.00465417
0 0 -0.00526741
0 0 -0.00175533
0 0 -0.00172638
0 0 -0.00466807
0 0 -0.00457399
0 0 -0.000342779
0 0 -0.000514551
0 0 -0.000967927
0 0 -0.0047741
0 0 -0.0047344
0 0 -0.00467955
0 0 6.35035e-05
0 0 0.000132665
0 0 -0.00245579
0 0 -0.00231022
0 0 -0.00158582
0 0 -0.00146884
0 0 -0.000279047
0 0 -0.000363694
0 0 -0.000227798
0 0 -0.0010981
0 0 -0.00072887
0 0 -0.000129773
0 0 -0.0007583
0 0 -0.000543142
0 0 -0.0235126
0 0 9.67373e-06
0 0 -0.00107007
0 0 -0.00199777
0 0 -0.00204142
0 0 -0.000360061
0 0 -0.000310978
0 0 -7.80663e-05
0 0 -0.000122203
0 0 6.2321e-05
0 0 -0.000395031
0 0 -0.000367954
0 0 -0.000515143
0 0 -0.00271307
0 0 -0.00285729
0 0 -0.000712881
0 0 -0.000117251
0 0 0.000282863
0 0 -0.0033922
0 0 -0.00635458
0 0 -0.00606691
0 0 -0.000743068
0 0 -0.000817426
0 0 -0.00028327
0 0 0.000163492
0 0 -0.0143235
0 0 -0.00332342
0 0 -0.000804882
0 0 -0.000819265
0 0 -0.00417348
0 0 -0.00417492
0 0 -0.0042835
0 0 -0.0021893
0 0 -0.00231954
0 0 -0.00260007
0 0 -0.00140933
0 0 -0.000147083
0 0 -0.00408386
0 0 -0.0030856
0 0 -0.00229454
0 0 -0.000455345
0 0 -0.000759486
0 0 -0.00151926
0 0 -0.00795997
0 0 -0.00869144
0 0 -0.000593869
0 0 -0.0016001
0 0 -0.000201413
0 0 -0.00595921
0 0 0.000704299
0 0 -0.000252847
0 0 -0.00138061
0 0 -0.00267087
0 0 -0.0025589
0 0 -2.81483e-05
0 0 -0.000515612
0 0 -0.000443111
0 0 -0.00349772
0 0 -0.00447513
0 0 -0.00419283
0 0 -0.0011763
0 0 -7.64909e-05
0 0 -0.00144574
0 0 -0.000139439
0 0 -0.000231134
0 0 -0.00538447
0 0 -0.00518003
0 0 -6.01012e-05
0 0 -0.000555655
0 0 -0.00577993
0 0 -0.00579129
0 0 -0.015334
0 0 -0.0131558
0 0 -0.00422061
0 0 -0.00418884
0 0 -0.00407218
0 0 -0.00466759
0 0 -0.0144627
0 0 -0.00100349
0 0 -0.00105955
0 0 -0.0126859
0 0 -0.0100838
0 0 -0.0117486
0 0 -0.00285311
0 0 -0.0027228
0 0 -0.00276679
0 0 -0.00327622
0 0 -0.0031697
0 0 -0.00331222
0 0 -0.000826409
0 0 -0.000723463
0 0 -0.00163884
0 0 -0.00162235
0 0 -0.00642975
0 0 -0.00642813
0 0 -0.000349116
0 0 -0.000301003
0 0 -0.000555238
0 0 -0.000613061
0 0 -0.000688633
0 0 -0.00732031
0 0 -0.000686956
0 0 -0.000891065
0 0 -0.00235213
0 0 -0.00219167
0 0 -0.001939
0 0 -0.00121201
0 0 -0.00108634
0 0 -0.000958652
0 0 -0.00191116
0 0 -0.00827707
0 0 -0.00761567
0 0 -0.00439969
0 0 -0.00196552
0 0 -0.00196559
0 0 -0.00301304
0 0 -0.00314547
0 0 -0.00497222
0 0 -0.00508012
0 0 -0.00440157
0 0 -0.00140843
0 0 -0.00147981
0 0 -0.00211536
0 0 -0.00221914
0 0 -0.00453108
0 0 -0.00457755
0 0 -0.00446908
0 0 -0.00158664
0 0 -0.00173446
0 0 -0.00935444
0 0 -0.00358704
0 0 -0.000204854
0 0 -0.000243212
0 0 -0.000495436
0 0 -0.00127954
0 0 -0.00138709
0 0 -0.00169772
0 0 -0.00181413
0 0 -0.00384278
0 0 -0.00241347
0 0 -0.00246071
0 0 -0.00100404
0 0 -0.000925027
0 0 -0.000563065
0 0 -0.000446951
0 0 -0.000399672
0 0 -0.0102685
0 0 -0.00930386
0 0 -0.00243796
0 0 -0.00236289
0 0 -0.00131999
0 0 -0.00123954
0 0 -0.00120097
0 0 -0.0055506
0 0 -0.00651578
0 0 -0.00637194
0 0 -0.00133809
0 0 -0.00206487
0 0 9.1799e-05
0 0 -0.00201523
0 0 -0.000811613
0 0 -0.00260561
0 0 3.36078e-05
0 0 -0.00424283
0 0 -0.00411063
0 0 -0.00403317
0 0 -0.00451752
0 0 -0.000227186
0 0 -0.00042449
0 0 -0.00218487
0 0 -0.0027938
0 0 -0.00463532
0 0 -0.00469831
0 0 -0.000253347
0 0 -0.000197825
0 0 -0.00188534
0 0 -0.00180283
0 0 -0.00534167
0 0 -0.00550183
0 0 -0.00189033
0 0 -0.00200555
0 0 -0.0126491
0 0 -0.00388963
0 0 -0.00392718
0 0 -0.00122395
0 0 -0.000450049
0 0 -0.000556582
0 0 -0.000646911
0 0 -0.00242246
0 0 -0.00540135
0 0 -0.00463243
0 0 -0.000830873
0 0 -0.000911291
0 0 -0.00472433
0 0 -0.000221806
0 0 -0.00505116
0 0 -0.000770849
0 0 -0.000884569
0 0 -0.0005279
0 0 -0.00170127
0 0 -0.00182165
0 0 -0.00188854
0 0 -0.00589846
0 0 -0.00461512
0 0 -0.00334265
0 0 -0.00112551
0 0 -0.000381815
0 0 -0.000568637
0 0 -0.000375234
0 0 -0.00260537
0 0 -0.00278257
0 0 -0.008917
0 0 -0.000582678
0 0 -0.000918298
0 0 -0.00290808
0 0 -0.00294867
0 0 -0.0270824
0 0 -0.0220046
0 0 -0.0238833
0 0 -0.000274094
0 0 -0.000344381
0 0 -0.000309111
0 0 -0.0010976
0 0 -0.0172052
0 0 -0.0198508
0 0 -0.00132766
0 0 -0.00141484
0 0 -0.00179175
0 0 5.29133e-05
0 0 -0.000290161
0 0 -0.00155239
0 0 -0.00151875
0 0 -0.00320639
0 0 -0.00173586
0 0 -0.0020578
0 0 -0.00207218
0 0 -0.000652431
0 0 -0.000624471
0 0 -0.00153942
0 0 -0.00155414
0 0 -0.0117563
0 0 -0.0135376
0 0 -0.000173308
0 0 1.48057e-05
0 0 -0.000389043
0 0 -0.000327262
0 0 -0.00148124
0 0 -0.00549412
0 0 -0.00113235
0 0 -0.00118816
0 0 -0.00742
0 0 -0.00158593
0 0 -0.00170963
0 0 -0.000185372
0 0 -0.00154104
0 0 -0.00209996
0 0 -0.00210364
0 0 -0.00211764
0 0 -0.00199192
0 0 -0.000469914
0 0 -0.00366762
0 0 -0.00437804
0 0 -0.000547434
0 0 -0.00199142
0 0 -0.00188154
0 0 -0.00249851
0 0 0.000122436
0 0 -0.000550311
0 0 -0.000752475
0 0 -0.000824309
0 0 -0.00489808
0 0 -0.00474205
0 0 -6.6188e-05
0 0 -0.00052633
0 0 -0.00173596
0 0 -0.000431663
0 0 -0.000212928
0 0 -0.00049118
0 0 -0.0017337
0 0 -0.00185046
0 0 -0.00104006
0 0 -0.00118806
0 0 -0.0017372
0 0 -0.00180841
0 0 -0.00294529
0 0 -0.00305255
0 0 -0.00306742
0 0 -0.00853489
0 0 -0.00876708
0 0 -0.00124741
0 0 -0.00132656
0 0 -0.00167188
0 0 -0.00168338
0 0 -0.00178783
0 0 -0.00211724
0 0 -0.00253728
0 0 -0.00759388
0 0 -0.00379066
0 0 -0.00206972
0 0 -0.00687373
0 0 -0.00845044
0 0 -0.00162227
0 0 -0.0021699
0 0 -0.00207075
0 0 -0.000610522
0 0 -0.000383135
0 0 -0.000231384
0 0 -0.000425094
0 0 8.69982e-05
0 0 -0.00416095
0 0 -0.00409373
0 0 -3.2786e-05
0 0 0.000218658
0 0 -0.00538325
0 0 -0.00569801
0 0 -0.00408791
0 0 -0.00399003
0 0 -0.00114709
0 0 -0.00110145
0 0 -0.0104023
0 0 -0.00325586
0 0 -0.00397451
0 0 -0.00425194
0 0 -0.000494785
0 0 -0.00565501
0 0 -0.00111001
0 0 -0.00405769
0 0 -0.00353669
0 0 -0.000898751
0 0 -0.000877099
0 0 -0.000981979
0 0 -0.00369816
0 0 -0.00366514
0 0 -0.00955031
0 0 -0.0108189
0 0 -0.00266554
0 0 -0.0028242
0 0 0.000194755
0 0 -0.000443576
0 0 -0.000545125
0 0 -0.00396802
0 0 -0.00564492
0 0 -0.00195867
0 0 0.000153512
0 0 -0.00508122
0 0 -0.00317253
0 0 -0.000833035
0 0 -0.000731748
0 0 -0.00442036
0 0 -0.00449307
0 0 -0.00437223
0 0 -0.000879385
0 0 -0.000918655
0 0 -7.02961e-05
0 0 -0.00424505
0 0 -1.22928e-05
0 0 -0.00275909
0 0 -0.00290762
0 0 -0.00565936
0 0 -0.00478331
0 0 -0.00466601
0 0 -0.00602221
0 0 -0.00523002
0 0 -0.00189602
0 0 -0.00102608
0 0 -0.00104665
0 0 -4.54345e-05
0 0 -5.5808e-05
0 0 -0.00361408
0 0 -0.000563856
0 0 -0.001196
0 0 -0.00213304
0 0 -0.00218404
0 0 -0.001799
0 0 -0.00360615
0 0 -0.00110117
0 0 -0.000241881
0 0 -0.000174136
0 0 -0.000146517
0 0 -0.0037749
0 0 -0.000949179
0 0 -0.00408868
0 0 -0.00508411
0 0 -0.00517155
0 0 3.47845e-05
0 0 -0.00171676
0 0 -0.00160299
0 0 -0.000836866
0 0 -0.00346966
0 0 -0.00401383
0 0 -0.00393791
0 0 -0.00311794
0 0 -0.00463805
0 0 -0.0041317
0 0 -0.0184638
0 0 -0.0209585
0 0 -0.000508197
0 0 -0.000123459
0 0 -0.00677683
0 0 -0.00275779
0 0 0.000125566
0 0 -0.0224356
0 0 -0.00121594
0 0 -0.000994852
0 0 -0.00471223
0 0 -9.11621e-05
0 0 -0.00100862
0 0 -0.000716265
0 0 -0.000138688
0 0 -0.00178618
0 0 -0.00177051
0 0 -0.000308537
0 0 -0.00119034
0 0 -0.000862614
0 0 -0.0100012
0 0 -0.00947399
0 0 -0.00458914
0 0 -0.00269688
0 0 -0.000575929
0 0 -0.000711859
0 0 -0.00184908
0 0 -0.00185831
0 0 -0.00320223
0 0 -0.00108112
0 0 -0.0056093
0 0 -0.00482168
0 0 -0.0016846
0 0 -0.001842
0 0 -0.00207586
0 0 -0.011294
0 0 -0.0120784
0 0 0.000111133
0 0 -0.00378296
0 0 -0.0102558
0 0 -0.00996617
0 0 -0.0040258
0 0 -0.00386641
0 0 -0.00573198
0 0 -0.00751128
0 0 -0.00148717
0 0 -0.00381108
0 0 -0.00387712
0 0 -0.00271516
0 0 -0.00253072
0 0 -0.00324173
0 0 -0.00119349
0 0 -0.000204182
0 0 -5.68325e-05
0 0 -0.00193211
0 0 -0.0011004
0 0 -0.00157255
0 0 -0.00159326
0 0 -8.37376e-05
0 0 -0.00415783
0 0 -0.00419347
0 0 -0.000171012
0 0 -4.21774e-05
0 0 -0.000401462
0 0 -0.000963011
0 0 -0.00105753
0 0 -0.00136277
0 0 -0.00136246
0 0 -0.00418515
0 0 -0.00433258
0 0 -0.010106
0 0 -0.0103555
0 0 -8.38404e-05
0 0 -0.00704972
0 0 -0.00673627
0 0 -0.00523076
0 0 -0.000771239
0 0 -0.000849407
0 0 -0.00179029
0 0 -0.0029454
0 0 6.35464e-05
0 0 -7.12717e-05
0 0 -0.000631774
0 0 -0.00297072
0 0 -0.00291751
0 0 -0.000625342
0 0 0.00035807
0 0 -0.000950265
0 0 -0.00438146
0 0 -0.000868496
0 0 -0.00732525
0 0 -0.00783077
0 0 -0.00154581
0 0 -0.000106202
0 0 -0.00417055
0 0 -0.000164154
0 0 -0.00027299
0 0 -0.000491743
0 0 -0.00488729
0 0 -0.000349847
0 0 -0.0118231
0 0 -0.0137368
0 0 -0.00378026
0 0 -0.00371011
0 0 -0.0019646
0 0 -0.00218282
0 0 -0.0040706
0 0 -0.00407047
0 0 -0.00280407
0 0 -0.00241644
0 0 -0.0120822
0 0 -0.000218983
0 0 -0.000585357
0 0 -0.000638798
0 0 -0.00096542
0 0 -0.000141711
0 0 -0.00439585
0 0 -0.00188817
0 0 -0.00759843
0 0 -0.00247463
0 0 -0.000338462
0 0 -0.00158298
0 0 -0.00439285
0 0 -0.00100197
0 0 -0.00384512
0 0 -0.0040552
0 0 -0.000253478
0 0 -0.00308946
0 0 -0.0177929
0 0 -0.00457303
0 0 -0.000196379
0 0 -0.000238805
0 0 -0.00346067
0 0 -0.000405603
0 0 -0.000502445
0 0 -0.00273048
0 0 -0.00184249
0 0 -0.000483027
0 0 -0.00346954
0 0 -0.00225406
0 0 -0.00396964
0 0 -0.004018
0 0 -0.000862259
0 0 -0.000983731
0 0 -0.00469798
0 0 -0.00437307
0 0 -0.000670236
0 0 -0.000430904
0 0 -0.000985804
0 0 -0.000838977
0 0 -0.000928048
0 0 -0.00386621
0 0 -0.00397731
0 0 -0.000763055
0 0 -0.000697279
0 0 -0.00264896
0 0 -0.00713607
0 0 -0.00101867
0 0 -0.000837462
0 0 -0.000903514
0 0 -0.000195004
0 0 -0.00186094
0 0 -0.0197092
0 0 -0.000262904
0 0 -0.000194234
0 0 -0.000196071
0 0 -0.00607893
0 0 -0.00604387
0 0 -0.00199411
0 0 -0.0019513
0 0 -0.00337882
0 0 -0.00085286
0 0 -0.000588568
0 0 -0.000272393
0 0 -0.00189918
0 0 -0.00181738
0 0 -0.00521183
0 0 -0.000962934
0 0 -0.00112013
0 0 -0.00406555
0 0 -0.000396162
0 0 -0.000460643
0 0 -0.00482037
0 0 -0.000583716
0 0 -0.00145945
0 0 -0.00227332
0 0 -0.00407573
0 0 -0.00389945
0 0 -0.000889071
0 0 -0.000850408
0 0 -0.000700184
0 0 -0.00432306
0 0 -0.0043177
0 0 -0.000832721
0 0 -0.00091985
0 0 -0.0047916
0 0 -0.00485599
0 0 -0.000988979
0 0 -0.000784
0 0 -0.000791795
0 0 -0.00189203
0 0 -0.00685462
0 0 -0.00258106
0 0 -0.00264057
0 0 -0.0039096
0 0 -0.00117445
0 0 -0.00399226
0 0 -0.00361176
0 0 -0.00843454
0 0 -0.00425712
0 0 -0.00432014
0 0 -0.00473967
0 0 -0.00283804
0 0 -0.000526262
0 0 -0.00270954
0 0 -0.000446611
0 0 -0.00469324
0 0 -0.000759056
0 0 -0.00639121
0 0 -0.000479211
0 0 -0.000509303
0 0 -0.000438171
0 0 -0.000960253
0 0 -0.00491582
0 0 -0.00554157
0 0 -0.00260205
0 0 -0.00284858
0 0 -0.00498132
0 0 -0.00275751
0 0 -0.00280052
0 0 -0.0052537
0 0 -0.00510926
0 0 -0.00642719
0 0 -0.0025996
0 0 -0.00934019
0 0 -0.0100359
0 0 -0.000410678
0 0 -0.00336965
0 0 -0.00260631
0 0 -0.010868
0 0 -0.00140036
0 0 -0.00273617
0 0 -0.00689025
0 0 -0.0126933
0 0 -0.0112473
0 0 -0.00478445
0 0 -0.000502654
0 0 -0.000958938
0 0 -0.000634902
0 0 -0.00320344
0 0 -0.00225694
0 0 -0.00281268
0 0 -0.000667637
0 0 -0.00539724
0 0 -0.0019465
0 0 -0.00210958
0 0 -0.001909
0 0 -0.00426845
0 0 -0.00467509
0 0 -0.000982629
0 0 -0.00103562
0 0 -0.00108853
0 0 -0.00685861
0 0 -0.00267685
0 0 -0.00218457
0 0 -0.00214443
0 0 -0.00197779
0 0 -0.00382854
0 0 -0.00507277
0 0 -0.00554049
0 0 -0.0289729