--------------------------------------------------------------------------------
ELEMENTS        NODES        TIME STEPS     PRINTING FREQ
--------------------------------------------------------------------------------
2200            4545         100000         1

--------------------------------------------------------------------------------
UNDISTURBED VELOCITY AND PRESSURE
Ux      Uy      Uz      P
--------------------------------------------------------------------------------
1.0     0.0     0.0     0.0

--------------------------------------------------------------------------------
DENSITY      TEMPERATURE      VISCOSITY      THERMAL CONDITIVITY
--------------------------------------------------------------------------------
1.E0         300              0.01           0.0

--------------------------------------------------------------------------------
TIME STEP       TIME INTEGRATION SCHEME (1- Implicit Euler, 2- Adams-Bashforth)
--------------------------------------------------------------------------------
0.10            0.5

--------------------------------------------------------------------------------
EXTERNAL FIELD FORCES CONSTANTS
Gx       Gy       Gz
--------------------------------------------------------------------------------
0.0      0.0      0.0

--------------------------------------------------------------------------------
NODAL COORDINATES
--------------------------------------------------------------------------------
0	0
25	0
0	11
25	11
0.5	0
1	0
1.5	0
2	0
2.5	0
3	0
3.5	0
4	0
4.5	0
5	0
5.5	0
6	0
6.5	0
7	0
7.5	0
8	0
8.5	0
9	0
9.5	0
10	0
10.5	0
11	0
11.5	0
12	0
12.5	0
13	0
13.5	0
14	0
14.5	0
15	0
15.5	0
16	0
16.5	0
17	0
17.5	0
18	0
18.5	0
19	0
19.5	0
20	0
20.5	0
21	0
21.5	0
22	0
22.5	0
23	0
23.5	0
24	0
24.5	0
0.25	0
0.75	0
1.25	0
1.75	0
2.25	0
2.75	0
3.25	0
3.75	0
4.25	0
4.75	0
5.25	0
5.75	0
6.25	0
6.75	0
7.25	0
7.75	0
8.25	0
8.75	0
9.25	0
9.75	0
10.25	0
10.75	0
11.25	0
11.75	0
12.25	0
12.75	0
13.25	0
13.75	0
14.25	0
14.75	0
15.25	0
15.75	0
16.25	0
16.75	0
17.25	0
17.75	0
18.25	0
18.75	0
19.25	0
19.75	0
20.25	0
20.75	0
21.25	0
21.75	0
22.25	0
22.75	0
23.25	0
23.75	0
24.25	0
24.75	0
0.5	11
1	11
1.5	11
2	11
2.5	11
3	11
3.5	11
4	11
4.5	11
5	11
5.5	11
6	11
6.5	11
7	11
7.5	11
8	11
8.5	11
9	11
9.5	11
10	11
10.5	11
11	11
11.5	11
12	11
12.5	11
13	11
13.5	11
14	11
14.5	11
15	11
15.5	11
16	11
16.5	11
17	11
17.5	11
18	11
18.5	11
19	11
19.5	11
20	11
20.5	11
21	11
21.5	11
22	11
22.5	11
23	11
23.5	11
24	11
24.5	11
0.25	11
0.75	11
1.25	11
1.75	11
2.25	11
2.75	11
3.25	11
3.75	11
4.25	11
4.75	11
5.25	11
5.75	11
6.25	11
6.75	11
7.25	11
7.75	11
8.25	11
8.75	11
9.25	11
9.75	11
10.25	11
10.75	11
11.25	11
11.75	11
12.25	11
12.75	11
13.25	11
13.75	11
14.25	11
14.75	11
15.25	11
15.75	11
16.25	11
16.75	11
17.25	11
17.75	11
18.25	11
18.75	11
19.25	11
19.75	11
20.25	11
20.75	11
21.25	11
21.75	11
22.25	11
22.75	11
23.25	11
23.75	11
24.25	11
24.75	11
0	0.5
0	1
0	1.5
0	2
0	2.5
0	3
0	3.5
0	4
0	4.5
0	5
0	5.5
0	6
0	6.5
0	7
0	7.5
0	8
0	8.5
0	9
0	9.5
0	10
0	10.5
0	0.25
0	0.75
0	1.25
0	1.75
0	2.25
0	2.75
0	3.25
0	3.75
0	4.25
0	4.75
0	5.25
0	5.75
0	6.25
0	6.75
0	7.25
0	7.75
0	8.25
0	8.75
0	9.25
0	9.75
0	10.25
0	10.75
25	0.5
25	1
25	1.5
25	2
25	2.5
25	3
25	3.5
25	4
25	4.5
25	5
25	5.5
25	6
25	6.5
25	7
25	7.5
25	8
25	8.5
25	9
25	9.5
25	10
25	10.5
25	0.25
25	0.75
25	1.25
25	1.75
25	2.25
25	2.75
25	3.25
25	3.75
25	4.25
25	4.75
25	5.25
25	5.75
25	6.25
25	6.75
25	7.25
25	7.75
25	8.25
25	8.75
25	9.25
25	9.75
25	10.25
25	10.75
0.5	0.5
0.5	1
0.5	1.5
0.5	2
0.5	2.5
0.5	3
0.5	3.5
0.5	4
0.5	4.5
0.5	5
0.5	5.5
0.5	6
0.5	6.5
0.5	7
0.5	7.5
0.5	8
0.5	8.5
0.5	9
0.5	9.5
0.5	10
0.5	10.5
1	0.5
1	1
1	1.5
1	2
1	2.5
1	3
1	3.5
1	4
1	4.5
1	5
1	5.5
1	6
1	6.5
1	7
1	7.5
1	8
1	8.5
1	9
1	9.5
1	10
1	10.5
1.5	0.5
1.5	1
1.5	1.5
1.5	2
1.5	2.5
1.5	3
1.5	3.5
1.5	4
1.5	4.5
1.5	5
1.5	5.5
1.5	6
1.5	6.5
1.5	7
1.5	7.5
1.5	8
1.5	8.5
1.5	9
1.5	9.5
1.5	10
1.5	10.5
2	0.5
2	1
2	1.5
2	2
2	2.5
2	3
2	3.5
2	4
2	4.5
2	5
2	5.5
2	6
2	6.5
2	7
2	7.5
2	8
2	8.5
2	9
2	9.5
2	10
2	10.5
2.5	0.5
2.5	1
2.5	1.5
2.5	2
2.5	2.5
2.5	3
2.5	3.5
2.5	4
2.5	4.5
2.5	5
2.5	5.5
2.5	6
2.5	6.5
2.5	7
2.5	7.5
2.5	8
2.5	8.5
2.5	9
2.5	9.5
2.5	10
2.5	10.5
3	0.5
3	1
3	1.5
3	2
3	2.5
3	3
3	3.5
3	4
3	4.5
3	5
3	5.5
3	6
3	6.5
3	7
3	7.5
3	8
3	8.5
3	9
3	9.5
3	10
3	10.5
3.5	0.5
3.5	1
3.5	1.5
3.5	2
3.5	2.5
3.5	3
3.5	3.5
3.5	4
3.5	4.5
3.5	5
3.5	5.5
3.5	6
3.5	6.5
3.5	7
3.5	7.5
3.5	8
3.5	8.5
3.5	9
3.5	9.5
3.5	10
3.5	10.5
4	0.5
4	1
4	1.5
4	2
4	2.5
4	3
4	3.5
4	4
4	4.5
4	5
4	5.5
4	6
4	6.5
4	7
4	7.5
4	8
4	8.5
4	9
4	9.5
4	10
4	10.5
4.5	0.5
4.5	1
4.5	1.5
4.5	2
4.5	2.5
4.5	3
4.5	3.5
4.5	4
4.5	4.5
4.5	5
4.5	5.5
4.5	6
4.5	6.5
4.5	7
4.5	7.5
4.5	8
4.5	8.5
4.5	9
4.5	9.5
4.5	10
4.5	10.5
5	0.5
5	1
5	1.5
5	2
5	2.5
5	3
5	3.5
5	4
5	4.5
5	5
5	5.5
5	6
5	6.5
5	7
5	7.5
5	8
5	8.5
5	9
5	9.5
5	10
5	10.5
5.5	0.5
5.5	1
5.5	1.5
5.5	2
5.5	2.5
5.5	3
5.5	3.5
5.5	4
5.5	4.5
5.5	5
5.5	5.5
5.5	6
5.5	6.5
5.5	7
5.5	7.5
5.5	8
5.5	8.5
5.5	9
5.5	9.5
5.5	10
5.5	10.5
6	0.5
6	1
6	1.5
6	2
6	2.5
6	3
6	3.5
6	4
6	4.5
6	5
6	5.5
6	6
6	6.5
6	7
6	7.5
6	8
6	8.5
6	9
6	9.5
6	10
6	10.5
6.5	0.5
6.5	1
6.5	1.5
6.5	2
6.5	2.5
6.5	3
6.5	3.5
6.5	4
6.5	4.5
6.5	5
6.5	5.5
6.5	6
6.5	6.5
6.5	7
6.5	7.5
6.5	8
6.5	8.5
6.5	9
6.5	9.5
6.5	10
6.5	10.5
7	0.5
7	1
7	1.5
7	2
7	2.5
7	3
7	3.5
7	4
7	4.5
7	5
7	5.5
7	6
7	6.5
7	7
7	7.5
7	8
7	8.5
7	9
7	9.5
7	10
7	10.5
7.5	0.5
7.5	1
7.5	1.5
7.5	2
7.5	2.5
7.5	3
7.5	3.5
7.5	4
7.5	4.5
7.5	5
7.5	5.5
7.5	6
7.5	6.5
7.5	7
7.5	7.5
7.5	8
7.5	8.5
7.5	9
7.5	9.5
7.5	10
7.5	10.5
8	0.5
8	1
8	1.5
8	2
8	2.5
8	3
8	3.5
8	4
8	4.5
8	5
8	5.5
8	6
8	6.5
8	7
8	7.5
8	8
8	8.5
8	9
8	9.5
8	10
8	10.5
8.5	0.5
8.5	1
8.5	1.5
8.5	2
8.5	2.5
8.5	3
8.5	3.5
8.5	4
8.5	4.5
8.5	5
8.5	5.5
8.5	6
8.5	6.5
8.5	7
8.5	7.5
8.5	8
8.5	8.5
8.5	9
8.5	9.5
8.5	10
8.5	10.5
9	0.5
9	1
9	1.5
9	2
9	2.5
9	3
9	3.5
9	4
9	4.5
9	5
9	5.5
9	6
9	6.5
9	7
9	7.5
9	8
9	8.5
9	9
9	9.5
9	10
9	10.5
9.5	0.5
9.5	1
9.5	1.5
9.5	2
9.5	2.5
9.5	3
9.5	3.5
9.5	4
9.5	4.5
9.5	5
9.5	5.5
9.5	6
9.5	6.5
9.5	7
9.5	7.5
9.5	8
9.5	8.5
9.5	9
9.5	9.5
9.5	10
9.5	10.5
10	0.5
10	1
10	1.5
10	2
10	2.5
10	3
10	3.5
10	4
10	4.5
10	5
10	5.5
10	6
10	6.5
10	7
10	7.5
10	8
10	8.5
10	9
10	9.5
10	10
10	10.5
10.5	0.5
10.5	1
10.5	1.5
10.5	2
10.5	2.5
10.5	3
10.5	3.5
10.5	4
10.5	4.5
10.5	5
10.5	5.5
10.5	6
10.5	6.5
10.5	7
10.5	7.5
10.5	8
10.5	8.5
10.5	9
10.5	9.5
10.5	10
10.5	10.5
11	0.5
11	1
11	1.5
11	2
11	2.5
11	3
11	3.5
11	4
11	4.5
11	5
11	5.5
11	6
11	6.5
11	7
11	7.5
11	8
11	8.5
11	9
11	9.5
11	10
11	10.5
11.5	0.5
11.5	1
11.5	1.5
11.5	2
11.5	2.5
11.5	3
11.5	3.5
11.5	4
11.5	4.5
11.5	5
11.5	5.5
11.5	6
11.5	6.5
11.5	7
11.5	7.5
11.5	8
11.5	8.5
11.5	9
11.5	9.5
11.5	10
11.5	10.5
12	0.5
12	1
12	1.5
12	2
12	2.5
12	3
12	3.5
12	4
12	4.5
12	5
12	5.5
12	6
12	6.5
12	7
12	7.5
12	8
12	8.5
12	9
12	9.5
12	10
12	10.5
12.5	0.5
12.5	1
12.5	1.5
12.5	2
12.5	2.5
12.5	3
12.5	3.5
12.5	4
12.5	4.5
12.5	5
12.5	5.5
12.5	6
12.5	6.5
12.5	7
12.5	7.5
12.5	8
12.5	8.5
12.5	9
12.5	9.5
12.5	10
12.5	10.5
13	0.5
13	1
13	1.5
13	2
13	2.5
13	3
13	3.5
13	4
13	4.5
13	5
13	5.5
13	6
13	6.5
13	7
13	7.5
13	8
13	8.5
13	9
13	9.5
13	10
13	10.5
13.5	0.5
13.5	1
13.5	1.5
13.5	2
13.5	2.5
13.5	3
13.5	3.5
13.5	4
13.5	4.5
13.5	5
13.5	5.5
13.5	6
13.5	6.5
13.5	7
13.5	7.5
13.5	8
13.5	8.5
13.5	9
13.5	9.5
13.5	10
13.5	10.5
14	0.5
14	1
14	1.5
14	2
14	2.5
14	3
14	3.5
14	4
14	4.5
14	5
14	5.5
14	6
14	6.5
14	7
14	7.5
14	8
14	8.5
14	9
14	9.5
14	10
14	10.5
14.5	0.5
14.5	1
14.5	1.5
14.5	2
14.5	2.5
14.5	3
14.5	3.5
14.5	4
14.5	4.5
14.5	5
14.5	5.5
14.5	6
14.5	6.5
14.5	7
14.5	7.5
14.5	8
14.5	8.5
14.5	9
14.5	9.5
14.5	10
14.5	10.5
15	0.5
15	1
15	1.5
15	2
15	2.5
15	3
15	3.5
15	4
15	4.5
15	5
15	5.5
15	6
15	6.5
15	7
15	7.5
15	8
15	8.5
15	9
15	9.5
15	10
15	10.5
15.5	0.5
15.5	1
15.5	1.5
15.5	2
15.5	2.5
15.5	3
15.5	3.5
15.5	4
15.5	4.5
15.5	5
15.5	5.5
15.5	6
15.5	6.5
15.5	7
15.5	7.5
15.5	8
15.5	8.5
15.5	9
15.5	9.5
15.5	10
15.5	10.5
16	0.5
16	1
16	1.5
16	2
16	2.5
16	3
16	3.5
16	4
16	4.5
16	5
16	5.5
16	6
16	6.5
16	7
16	7.5
16	8
16	8.5
16	9
16	9.5
16	10
16	10.5
16.5	0.5
16.5	1
16.5	1.5
16.5	2
16.5	2.5
16.5	3
16.5	3.5
16.5	4
16.5	4.5
16.5	5
16.5	5.5
16.5	6
16.5	6.5
16.5	7
16.5	7.5
16.5	8
16.5	8.5
16.5	9
16.5	9.5
16.5	10
16.5	10.5
17	0.5
17	1
17	1.5
17	2
17	2.5
17	3
17	3.5
17	4
17	4.5
17	5
17	5.5
17	6
17	6.5
17	7
17	7.5
17	8
17	8.5
17	9
17	9.5
17	10
17	10.5
17.5	0.5
17.5	1
17.5	1.5
17.5	2
17.5	2.5
17.5	3
17.5	3.5
17.5	4
17.5	4.5
17.5	5
17.5	5.5
17.5	6
17.5	6.5
17.5	7
17.5	7.5
17.5	8
17.5	8.5
17.5	9
17.5	9.5
17.5	10
17.5	10.5
18	0.5
18	1
18	1.5
18	2
18	2.5
18	3
18	3.5
18	4
18	4.5
18	5
18	5.5
18	6
18	6.5
18	7
18	7.5
18	8
18	8.5
18	9
18	9.5
18	10
18	10.5
18.5	0.5
18.5	1
18.5	1.5
18.5	2
18.5	2.5
18.5	3
18.5	3.5
18.5	4
18.5	4.5
18.5	5
18.5	5.5
18.5	6
18.5	6.5
18.5	7
18.5	7.5
18.5	8
18.5	8.5
18.5	9
18.5	9.5
18.5	10
18.5	10.5
19	0.5
19	1
19	1.5
19	2
19	2.5
19	3
19	3.5
19	4
19	4.5
19	5
19	5.5
19	6
19	6.5
19	7
19	7.5
19	8
19	8.5
19	9
19	9.5
19	10
19	10.5
19.5	0.5
19.5	1
19.5	1.5
19.5	2
19.5	2.5
19.5	3
19.5	3.5
19.5	4
19.5	4.5
19.5	5
19.5	5.5
19.5	6
19.5	6.5
19.5	7
19.5	7.5
19.5	8
19.5	8.5
19.5	9
19.5	9.5
19.5	10
19.5	10.5
20	0.5
20	1
20	1.5
20	2
20	2.5
20	3
20	3.5
20	4
20	4.5
20	5
20	5.5
20	6
20	6.5
20	7
20	7.5
20	8
20	8.5
20	9
20	9.5
20	10
20	10.5
20.5	0.5
20.5	1
20.5	1.5
20.5	2
20.5	2.5
20.5	3
20.5	3.5
20.5	4
20.5	4.5
20.5	5
20.5	5.5
20.5	6
20.5	6.5
20.5	7
20.5	7.5
20.5	8
20.5	8.5
20.5	9
20.5	9.5
20.5	10
20.5	10.5
21	0.5
21	1
21	1.5
21	2
21	2.5
21	3
21	3.5
21	4
21	4.5
21	5
21	5.5
21	6
21	6.5
21	7
21	7.5
21	8
21	8.5
21	9
21	9.5
21	10
21	10.5
21.5	0.5
21.5	1
21.5	1.5
21.5	2
21.5	2.5
21.5	3
21.5	3.5
21.5	4
21.5	4.5
21.5	5
21.5	5.5
21.5	6
21.5	6.5
21.5	7
21.5	7.5
21.5	8
21.5	8.5
21.5	9
21.5	9.5
21.5	10
21.5	10.5
22	0.5
22	1
22	1.5
22	2
22	2.5
22	3
22	3.5
22	4
22	4.5
22	5
22	5.5
22	6
22	6.5
22	7
22	7.5
22	8
22	8.5
22	9
22	9.5
22	10
22	10.5
22.5	0.5
22.5	1
22.5	1.5
22.5	2
22.5	2.5
22.5	3
22.5	3.5
22.5	4
22.5	4.5
22.5	5
22.5	5.5
22.5	6
22.5	6.5
22.5	7
22.5	7.5
22.5	8
22.5	8.5
22.5	9
22.5	9.5
22.5	10
22.5	10.5
23	0.5
23	1
23	1.5
23	2
23	2.5
23	3
23	3.5
23	4
23	4.5
23	5
23	5.5
23	6
23	6.5
23	7
23	7.5
23	8
23	8.5
23	9
23	9.5
23	10
23	10.5
23.5	0.5
23.5	1
23.5	1.5
23.5	2
23.5	2.5
23.5	3
23.5	3.5
23.5	4
23.5	4.5
23.5	5
23.5	5.5
23.5	6
23.5	6.5
23.5	7
23.5	7.5
23.5	8
23.5	8.5
23.5	9
23.5	9.5
23.5	10
23.5	10.5
24	0.5
24	1
24	1.5
24	2
24	2.5
24	3
24	3.5
24	4
24	4.5
24	5
24	5.5
24	6
24	6.5
24	7
24	7.5
24	8
24	8.5
24	9
24	9.5
24	10
24	10.5
24.5	0.5
24.5	1
24.5	1.5
24.5	2
24.5	2.5
24.5	3
24.5	3.5
24.5	4
24.5	4.5
24.5	5
24.5	5.5
24.5	6
24.5	6.5
24.5	7
24.5	7.5
24.5	8
24.5	8.5
24.5	9
24.5	9.5
24.5	10
24.5	10.5
0.5	0.25
0.25	0.25
0.25	0.5
0.5	0.75
0.25	0.75
0.25	1
0.5	1.25
0.25	1.25
0.25	1.5
0.5	1.75
0.25	1.75
0.25	2
0.5	2.25
0.25	2.25
0.25	2.5
0.5	2.75
0.25	2.75
0.25	3
0.5	3.25
0.25	3.25
0.25	3.5
0.5	3.75
0.25	3.75
0.25	4
0.5	4.25
0.25	4.25
0.25	4.5
0.5	4.75
0.25	4.75
0.25	5
0.5	5.25
0.25	5.25
0.25	5.5
0.5	5.75
0.25	5.75
0.25	6
0.5	6.25
0.25	6.25
0.25	6.5
0.5	6.75
0.25	6.75
0.25	7
0.5	7.25
0.25	7.25
0.25	7.5
0.5	7.75
0.25	7.75
0.25	8
0.5	8.25
0.25	8.25
0.25	8.5
0.5	8.75
0.25	8.75
0.25	9
0.5	9.25
0.25	9.25
0.25	9.5
0.5	9.75
0.25	9.75
0.25	10
0.5	10.25
0.25	10.25
0.25	10.5
0.5	10.75
0.25	10.75
1	0.25
0.75	0.25
0.75	0.5
1	0.75
0.75	0.75
0.75	1
1	1.25
0.75	1.25
0.75	1.5
1	1.75
0.75	1.75
0.75	2
1	2.25
0.75	2.25
0.75	2.5
1	2.75
0.75	2.75
0.75	3
1	3.25
0.75	3.25
0.75	3.5
1	3.75
0.75	3.75
0.75	4
1	4.25
0.75	4.25
0.75	4.5
1	4.75
0.75	4.75
0.75	5
1	5.25
0.75	5.25
0.75	5.5
1	5.75
0.75	5.75
0.75	6
1	6.25
0.75	6.25
0.75	6.5
1	6.75
0.75	6.75
0.75	7
1	7.25
0.75	7.25
0.75	7.5
1	7.75
0.75	7.75
0.75	8
1	8.25
0.75	8.25
0.75	8.5
1	8.75
0.75	8.75
0.75	9
1	9.25
0.75	9.25
0.75	9.5
1	9.75
0.75	9.75
0.75	10
1	10.25
0.75	10.25
0.75	10.5
1	10.75
0.75	10.75
1.5	0.25
1.25	0.25
1.25	0.5
1.5	0.75
1.25	0.75
1.25	1
1.5	1.25
1.25	1.25
1.25	1.5
1.5	1.75
1.25	1.75
1.25	2
1.5	2.25
1.25	2.25
1.25	2.5
1.5	2.75
1.25	2.75
1.25	3
1.5	3.25
1.25	3.25
1.25	3.5
1.5	3.75
1.25	3.75
1.25	4
1.5	4.25
1.25	4.25
1.25	4.5
1.5	4.75
1.25	4.75
1.25	5
1.5	5.25
1.25	5.25
1.25	5.5
1.5	5.75
1.25	5.75
1.25	6
1.5	6.25
1.25	6.25
1.25	6.5
1.5	6.75
1.25	6.75
1.25	7
1.5	7.25
1.25	7.25
1.25	7.5
1.5	7.75
1.25	7.75
1.25	8
1.5	8.25
1.25	8.25
1.25	8.5
1.5	8.75
1.25	8.75
1.25	9
1.5	9.25
1.25	9.25
1.25	9.5
1.5	9.75
1.25	9.75
1.25	10
1.5	10.25
1.25	10.25
1.25	10.5
1.5	10.75
1.25	10.75
2	0.25
1.75	0.25
1.75	0.5
2	0.75
1.75	0.75
1.75	1
2	1.25
1.75	1.25
1.75	1.5
2	1.75
1.75	1.75
1.75	2
2	2.25
1.75	2.25
1.75	2.5
2	2.75
1.75	2.75
1.75	3
2	3.25
1.75	3.25
1.75	3.5
2	3.75
1.75	3.75
1.75	4
2	4.25
1.75	4.25
1.75	4.5
2	4.75
1.75	4.75
1.75	5
2	5.25
1.75	5.25
1.75	5.5
2	5.75
1.75	5.75
1.75	6
2	6.25
1.75	6.25
1.75	6.5
2	6.75
1.75	6.75
1.75	7
2	7.25
1.75	7.25
1.75	7.5
2	7.75
1.75	7.75
1.75	8
2	8.25
1.75	8.25
1.75	8.5
2	8.75
1.75	8.75
1.75	9
2	9.25
1.75	9.25
1.75	9.5
2	9.75
1.75	9.75
1.75	10
2	10.25
1.75	10.25
1.75	10.5
2	10.75
1.75	10.75
2.5	0.25
2.25	0.25
2.25	0.5
2.5	0.75
2.25	0.75
2.25	1
2.5	1.25
2.25	1.25
2.25	1.5
2.5	1.75
2.25	1.75
2.25	2
2.5	2.25
2.25	2.25
2.25	2.5
2.5	2.75
2.25	2.75
2.25	3
2.5	3.25
2.25	3.25
2.25	3.5
2.5	3.75
2.25	3.75
2.25	4
2.5	4.25
2.25	4.25
2.25	4.5
2.5	4.75
2.25	4.75
2.25	5
2.5	5.25
2.25	5.25
2.25	5.5
2.5	5.75
2.25	5.75
2.25	6
2.5	6.25
2.25	6.25
2.25	6.5
2.5	6.75
2.25	6.75
2.25	7
2.5	7.25
2.25	7.25
2.25	7.5
2.5	7.75
2.25	7.75
2.25	8
2.5	8.25
2.25	8.25
2.25	8.5
2.5	8.75
2.25	8.75
2.25	9
2.5	9.25
2.25	9.25
2.25	9.5
2.5	9.75
2.25	9.75
2.25	10
2.5	10.25
2.25	10.25
2.25	10.5
2.5	10.75
2.25	10.75
3	0.25
2.75	0.25
2.75	0.5
3	0.75
2.75	0.75
2.75	1
3	1.25
2.75	1.25
2.75	1.5
3	1.75
2.75	1.75
2.75	2
3	2.25
2.75	2.25
2.75	2.5
3	2.75
2.75	2.75
2.75	3
3	3.25
2.75	3.25
2.75	3.5
3	3.75
2.75	3.75
2.75	4
3	4.25
2.75	4.25
2.75	4.5
3	4.75
2.75	4.75
2.75	5
3	5.25
2.75	5.25
2.75	5.5
3	5.75
2.75	5.75
2.75	6
3	6.25
2.75	6.25
2.75	6.5
3	6.75
2.75	6.75
2.75	7
3	7.25
2.75	7.25
2.75	7.5
3	7.75
2.75	7.75
2.75	8
3	8.25
2.75	8.25
2.75	8.5
3	8.75
2.75	8.75
2.75	9
3	9.25
2.75	9.25
2.75	9.5
3	9.75
2.75	9.75
2.75	10
3	10.25
2.75	10.25
2.75	10.5
3	10.75
2.75	10.75
3.5	0.25
3.25	0.25
3.25	0.5
3.5	0.75
3.25	0.75
3.25	1
3.5	1.25
3.25	1.25
3.25	1.5
3.5	1.75
3.25	1.75
3.25	2
3.5	2.25
3.25	2.25
3.25	2.5
3.5	2.75
3.25	2.75
3.25	3
3.5	3.25
3.25	3.25
3.25	3.5
3.5	3.75
3.25	3.75
3.25	4
3.5	4.25
3.25	4.25
3.25	4.5
3.5	4.75
3.25	4.75
3.25	5
3.5	5.25
3.25	5.25
3.25	5.5
3.5	5.75
3.25	5.75
3.25	6
3.5	6.25
3.25	6.25
3.25	6.5
3.5	6.75
3.25	6.75
3.25	7
3.5	7.25
3.25	7.25
3.25	7.5
3.5	7.75
3.25	7.75
3.25	8
3.5	8.25
3.25	8.25
3.25	8.5
3.5	8.75
3.25	8.75
3.25	9
3.5	9.25
3.25	9.25
3.25	9.5
3.5	9.75
3.25	9.75
3.25	10
3.5	10.25
3.25	10.25
3.25	10.5
3.5	10.75
3.25	10.75
4	0.25
3.75	0.25
3.75	0.5
4	0.75
3.75	0.75
3.75	1
4	1.25
3.75	1.25
3.75	1.5
4	1.75
3.75	1.75
3.75	2
4	2.25
3.75	2.25
3.75	2.5
4	2.75
3.75	2.75
3.75	3
4	3.25
3.75	3.25
3.75	3.5
4	3.75
3.75	3.75
3.75	4
4	4.25
3.75	4.25
3.75	4.5
4	4.75
3.75	4.75
3.75	5
4	5.25
3.75	5.25
3.75	5.5
4	5.75
3.75	5.75
3.75	6
4	6.25
3.75	6.25
3.75	6.5
4	6.75
3.75	6.75
3.75	7
4	7.25
3.75	7.25
3.75	7.5
4	7.75
3.75	7.75
3.75	8
4	8.25
3.75	8.25
3.75	8.5
4	8.75
3.75	8.75
3.75	9
4	9.25
3.75	9.25
3.75	9.5
4	9.75
3.75	9.75
3.75	10
4	10.25
3.75	10.25
3.75	10.5
4	10.75
3.75	10.75
4.5	0.25
4.25	0.25
4.25	0.5
4.5	0.75
4.25	0.75
4.25	1
4.5	1.25
4.25	1.25
4.25	1.5
4.5	1.75
4.25	1.75
4.25	2
4.5	2.25
4.25	2.25
4.25	2.5
4.5	2.75
4.25	2.75
4.25	3
4.5	3.25
4.25	3.25
4.25	3.5
4.5	3.75
4.25	3.75
4.25	4
4.5	4.25
4.25	4.25
4.25	4.5
4.5	4.75
4.25	4.75
4.25	5
4.5	5.25
4.25	5.25
4.25	5.5
4.5	5.75
4.25	5.75
4.25	6
4.5	6.25
4.25	6.25
4.25	6.5
4.5	6.75
4.25	6.75
4.25	7
4.5	7.25
4.25	7.25
4.25	7.5
4.5	7.75
4.25	7.75
4.25	8
4.5	8.25
4.25	8.25
4.25	8.5
4.5	8.75
4.25	8.75
4.25	9
4.5	9.25
4.25	9.25
4.25	9.5
4.5	9.75
4.25	9.75
4.25	10
4.5	10.25
4.25	10.25
4.25	10.5
4.5	10.75
4.25	10.75
5	0.25
4.75	0.25
4.75	0.5
5	0.75
4.75	0.75
4.75	1
5	1.25
4.75	1.25
4.75	1.5
5	1.75
4.75	1.75
4.75	2
5	2.25
4.75	2.25
4.75	2.5
5	2.75
4.75	2.75
4.75	3
5	3.25
4.75	3.25
4.75	3.5
5	3.75
4.75	3.75
4.75	4
5	4.25
4.75	4.25
4.75	4.5
5	4.75
4.75	4.75
4.75	5
5	5.25
4.75	5.25
4.75	5.5
5	5.75
4.75	5.75
4.75	6
5	6.25
4.75	6.25
4.75	6.5
5	6.75
4.75	6.75
4.75	7
5	7.25
4.75	7.25
4.75	7.5
5	7.75
4.75	7.75
4.75	8
5	8.25
4.75	8.25
4.75	8.5
5	8.75
4.75	8.75
4.75	9
5	9.25
4.75	9.25
4.75	9.5
5	9.75
4.75	9.75
4.75	10
5	10.25
4.75	10.25
4.75	10.5
5	10.75
4.75	10.75
5.5	0.25
5.25	0.25
5.25	0.5
5.5	0.75
5.25	0.75
5.25	1
5.5	1.25
5.25	1.25
5.25	1.5
5.5	1.75
5.25	1.75
5.25	2
5.5	2.25
5.25	2.25
5.25	2.5
5.5	2.75
5.25	2.75
5.25	3
5.5	3.25
5.25	3.25
5.25	3.5
5.5	3.75
5.25	3.75
5.25	4
5.5	4.25
5.25	4.25
5.25	4.5
5.5	4.75
5.25	4.75
5.25	5
5.5	5.25
5.25	5.25
5.25	5.5
5.5	5.75
5.25	5.75
5.25	6
5.5	6.25
5.25	6.25
5.25	6.5
5.5	6.75
5.25	6.75
5.25	7
5.5	7.25
5.25	7.25
5.25	7.5
5.5	7.75
5.25	7.75
5.25	8
5.5	8.25
5.25	8.25
5.25	8.5
5.5	8.75
5.25	8.75
5.25	9
5.5	9.25
5.25	9.25
5.25	9.5
5.5	9.75
5.25	9.75
5.25	10
5.5	10.25
5.25	10.25
5.25	10.5
5.5	10.75
5.25	10.75
6	0.25
5.75	0.25
5.75	0.5
6	0.75
5.75	0.75
5.75	1
6	1.25
5.75	1.25
5.75	1.5
6	1.75
5.75	1.75
5.75	2
6	2.25
5.75	2.25
5.75	2.5
6	2.75
5.75	2.75
5.75	3
6	3.25
5.75	3.25
5.75	3.5
6	3.75
5.75	3.75
5.75	4
6	4.25
5.75	4.25
5.75	4.5
6	4.75
5.75	4.75
5.75	5
6	5.25
5.75	5.25
5.75	5.5
6	5.75
5.75	5.75
5.75	6
6	6.25
5.75	6.25
5.75	6.5
6	6.75
5.75	6.75
5.75	7
6	7.25
5.75	7.25
5.75	7.5
6	7.75
5.75	7.75
5.75	8
6	8.25
5.75	8.25
5.75	8.5
6	8.75
5.75	8.75
5.75	9
6	9.25
5.75	9.25
5.75	9.5
6	9.75
5.75	9.75
5.75	10
6	10.25
5.75	10.25
5.75	10.5
6	10.75
5.75	10.75
6.5	0.25
6.25	0.25
6.25	0.5
6.5	0.75
6.25	0.75
6.25	1
6.5	1.25
6.25	1.25
6.25	1.5
6.5	1.75
6.25	1.75
6.25	2
6.5	2.25
6.25	2.25
6.25	2.5
6.5	2.75
6.25	2.75
6.25	3
6.5	3.25
6.25	3.25
6.25	3.5
6.5	3.75
6.25	3.75
6.25	4
6.5	4.25
6.25	4.25
6.25	4.5
6.5	4.75
6.25	4.75
6.25	5
6.5	5.25
6.25	5.25
6.25	5.5
6.5	5.75
6.25	5.75
6.25	6
6.5	6.25
6.25	6.25
6.25	6.5
6.5	6.75
6.25	6.75
6.25	7
6.5	7.25
6.25	7.25
6.25	7.5
6.5	7.75
6.25	7.75
6.25	8
6.5	8.25
6.25	8.25
6.25	8.5
6.5	8.75
6.25	8.75
6.25	9
6.5	9.25
6.25	9.25
6.25	9.5
6.5	9.75
6.25	9.75
6.25	10
6.5	10.25
6.25	10.25
6.25	10.5
6.5	10.75
6.25	10.75
7	0.25
6.75	0.25
6.75	0.5
7	0.75
6.75	0.75
6.75	1
7	1.25
6.75	1.25
6.75	1.5
7	1.75
6.75	1.75
6.75	2
7	2.25
6.75	2.25
6.75	2.5
7	2.75
6.75	2.75
6.75	3
7	3.25
6.75	3.25
6.75	3.5
7	3.75
6.75	3.75
6.75	4
7	4.25
6.75	4.25
6.75	4.5
7	4.75
6.75	4.75
6.75	5
7	5.25
6.75	5.25
6.75	5.5
7	5.75
6.75	5.75
6.75	6
7	6.25
6.75	6.25
6.75	6.5
7	6.75
6.75	6.75
6.75	7
7	7.25
6.75	7.25
6.75	7.5
7	7.75
6.75	7.75
6.75	8
7	8.25
6.75	8.25
6.75	8.5
7	8.75
6.75	8.75
6.75	9
7	9.25
6.75	9.25
6.75	9.5
7	9.75
6.75	9.75
6.75	10
7	10.25
6.75	10.25
6.75	10.5
7	10.75
6.75	10.75
7.5	0.25
7.25	0.25
7.25	0.5
7.5	0.75
7.25	0.75
7.25	1
7.5	1.25
7.25	1.25
7.25	1.5
7.5	1.75
7.25	1.75
7.25	2
7.5	2.25
7.25	2.25
7.25	2.5
7.5	2.75
7.25	2.75
7.25	3
7.5	3.25
7.25	3.25
7.25	3.5
7.5	3.75
7.25	3.75
7.25	4
7.5	4.25
7.25	4.25
7.25	4.5
7.5	4.75
7.25	4.75
7.25	5
7.5	5.25
7.25	5.25
7.25	5.5
7.5	5.75
7.25	5.75
7.25	6
7.5	6.25
7.25	6.25
7.25	6.5
7.5	6.75
7.25	6.75
7.25	7
7.5	7.25
7.25	7.25
7.25	7.5
7.5	7.75
7.25	7.75
7.25	8
7.5	8.25
7.25	8.25
7.25	8.5
7.5	8.75
7.25	8.75
7.25	9
7.5	9.25
7.25	9.25
7.25	9.5
7.5	9.75
7.25	9.75
7.25	10
7.5	10.25
7.25	10.25
7.25	10.5
7.5	10.75
7.25	10.75
8	0.25
7.75	0.25
7.75	0.5
8	0.75
7.75	0.75
7.75	1
8	1.25
7.75	1.25
7.75	1.5
8	1.75
7.75	1.75
7.75	2
8	2.25
7.75	2.25
7.75	2.5
8	2.75
7.75	2.75
7.75	3
8	3.25
7.75	3.25
7.75	3.5
8	3.75
7.75	3.75
7.75	4
8	4.25
7.75	4.25
7.75	4.5
8	4.75
7.75	4.75
7.75	5
8	5.25
7.75	5.25
7.75	5.5
8	5.75
7.75	5.75
7.75	6
8	6.25
7.75	6.25
7.75	6.5
8	6.75
7.75	6.75
7.75	7
8	7.25
7.75	7.25
7.75	7.5
8	7.75
7.75	7.75
7.75	8
8	8.25
7.75	8.25
7.75	8.5
8	8.75
7.75	8.75
7.75	9
8	9.25
7.75	9.25
7.75	9.5
8	9.75
7.75	9.75
7.75	10
8	10.25
7.75	10.25
7.75	10.5
8	10.75
7.75	10.75
8.5	0.25
8.25	0.25
8.25	0.5
8.5	0.75
8.25	0.75
8.25	1
8.5	1.25
8.25	1.25
8.25	1.5
8.5	1.75
8.25	1.75
8.25	2
8.5	2.25
8.25	2.25
8.25	2.5
8.5	2.75
8.25	2.75
8.25	3
8.5	3.25
8.25	3.25
8.25	3.5
8.5	3.75
8.25	3.75
8.25	4
8.5	4.25
8.25	4.25
8.25	4.5
8.5	4.75
8.25	4.75
8.25	5
8.5	5.25
8.25	5.25
8.25	5.5
8.5	5.75
8.25	5.75
8.25	6
8.5	6.25
8.25	6.25
8.25	6.5
8.5	6.75
8.25	6.75
8.25	7
8.5	7.25
8.25	7.25
8.25	7.5
8.5	7.75
8.25	7.75
8.25	8
8.5	8.25
8.25	8.25
8.25	8.5
8.5	8.75
8.25	8.75
8.25	9
8.5	9.25
8.25	9.25
8.25	9.5
8.5	9.75
8.25	9.75
8.25	10
8.5	10.25
8.25	10.25
8.25	10.5
8.5	10.75
8.25	10.75
9	0.25
8.75	0.25
8.75	0.5
9	0.75
8.75	0.75
8.75	1
9	1.25
8.75	1.25
8.75	1.5
9	1.75
8.75	1.75
8.75	2
9	2.25
8.75	2.25
8.75	2.5
9	2.75
8.75	2.75
8.75	3
9	3.25
8.75	3.25
8.75	3.5
9	3.75
8.75	3.75
8.75	4
9	4.25
8.75	4.25
8.75	4.5
9	4.75
8.75	4.75
8.75	5
9	5.25
8.75	5.25
8.75	5.5
9	5.75
8.75	5.75
8.75	6
9	6.25
8.75	6.25
8.75	6.5
9	6.75
8.75	6.75
8.75	7
9	7.25
8.75	7.25
8.75	7.5
9	7.75
8.75	7.75
8.75	8
9	8.25
8.75	8.25
8.75	8.5
9	8.75
8.75	8.75
8.75	9
9	9.25
8.75	9.25
8.75	9.5
9	9.75
8.75	9.75
8.75	10
9	10.25
8.75	10.25
8.75	10.5
9	10.75
8.75	10.75
9.5	0.25
9.25	0.25
9.25	0.5
9.5	0.75
9.25	0.75
9.25	1
9.5	1.25
9.25	1.25
9.25	1.5
9.5	1.75
9.25	1.75
9.25	2
9.5	2.25
9.25	2.25
9.25	2.5
9.5	2.75
9.25	2.75
9.25	3
9.5	3.25
9.25	3.25
9.25	3.5
9.5	3.75
9.25	3.75
9.25	4
9.5	4.25
9.25	4.25
9.25	4.5
9.5	4.75
9.25	4.75
9.25	5
9.5	5.25
9.25	5.25
9.25	5.5
9.5	5.75
9.25	5.75
9.25	6
9.5	6.25
9.25	6.25
9.25	6.5
9.5	6.75
9.25	6.75
9.25	7
9.5	7.25
9.25	7.25
9.25	7.5
9.5	7.75
9.25	7.75
9.25	8
9.5	8.25
9.25	8.25
9.25	8.5
9.5	8.75
9.25	8.75
9.25	9
9.5	9.25
9.25	9.25
9.25	9.5
9.5	9.75
9.25	9.75
9.25	10
9.5	10.25
9.25	10.25
9.25	10.5
9.5	10.75
9.25	10.75
10	0.25
9.75	0.25
9.75	0.5
10	0.75
9.75	0.75
9.75	1
10	1.25
9.75	1.25
9.75	1.5
10	1.75
9.75	1.75
9.75	2
10	2.25
9.75	2.25
9.75	2.5
10	2.75
9.75	2.75
9.75	3
10	3.25
9.75	3.25
9.75	3.5
10	3.75
9.75	3.75
9.75	4
10	4.25
9.75	4.25
9.75	4.5
10	4.75
9.75	4.75
9.75	5
10	5.25
9.75	5.25
9.75	5.5
10	5.75
9.75	5.75
9.75	6
10	6.25
9.75	6.25
9.75	6.5
10	6.75
9.75	6.75
9.75	7
10	7.25
9.75	7.25
9.75	7.5
10	7.75
9.75	7.75
9.75	8
10	8.25
9.75	8.25
9.75	8.5
10	8.75
9.75	8.75
9.75	9
10	9.25
9.75	9.25
9.75	9.5
10	9.75
9.75	9.75
9.75	10
10	10.25
9.75	10.25
9.75	10.5
10	10.75
9.75	10.75
10.5	0.25
10.25	0.25
10.25	0.5
10.5	0.75
10.25	0.75
10.25	1
10.5	1.25
10.25	1.25
10.25	1.5
10.5	1.75
10.25	1.75
10.25	2
10.5	2.25
10.25	2.25
10.25	2.5
10.5	2.75
10.25	2.75
10.25	3
10.5	3.25
10.25	3.25
10.25	3.5
10.5	3.75
10.25	3.75
10.25	4
10.5	4.25
10.25	4.25
10.25	4.5
10.5	4.75
10.25	4.75
10.25	5
10.5	5.25
10.25	5.25
10.25	5.5
10.5	5.75
10.25	5.75
10.25	6
10.5	6.25
10.25	6.25
10.25	6.5
10.5	6.75
10.25	6.75
10.25	7
10.5	7.25
10.25	7.25
10.25	7.5
10.5	7.75
10.25	7.75
10.25	8
10.5	8.25
10.25	8.25
10.25	8.5
10.5	8.75
10.25	8.75
10.25	9
10.5	9.25
10.25	9.25
10.25	9.5
10.5	9.75
10.25	9.75
10.25	10
10.5	10.25
10.25	10.25
10.25	10.5
10.5	10.75
10.25	10.75
11	0.25
10.75	0.25
10.75	0.5
11	0.75
10.75	0.75
10.75	1
11	1.25
10.75	1.25
10.75	1.5
11	1.75
10.75	1.75
10.75	2
11	2.25
10.75	2.25
10.75	2.5
11	2.75
10.75	2.75
10.75	3
11	3.25
10.75	3.25
10.75	3.5
11	3.75
10.75	3.75
10.75	4
11	4.25
10.75	4.25
10.75	4.5
11	4.75
10.75	4.75
10.75	5
11	5.25
10.75	5.25
10.75	5.5
11	5.75
10.75	5.75
10.75	6
11	6.25
10.75	6.25
10.75	6.5
11	6.75
10.75	6.75
10.75	7
11	7.25
10.75	7.25
10.75	7.5
11	7.75
10.75	7.75
10.75	8
11	8.25
10.75	8.25
10.75	8.5
11	8.75
10.75	8.75
10.75	9
11	9.25
10.75	9.25
10.75	9.5
11	9.75
10.75	9.75
10.75	10
11	10.25
10.75	10.25
10.75	10.5
11	10.75
10.75	10.75
11.5	0.25
11.25	0.25
11.25	0.5
11.5	0.75
11.25	0.75
11.25	1
11.5	1.25
11.25	1.25
11.25	1.5
11.5	1.75
11.25	1.75
11.25	2
11.5	2.25
11.25	2.25
11.25	2.5
11.5	2.75
11.25	2.75
11.25	3
11.5	3.25
11.25	3.25
11.25	3.5
11.5	3.75
11.25	3.75
11.25	4
11.5	4.25
11.25	4.25
11.25	4.5
11.5	4.75
11.25	4.75
11.25	5
11.5	5.25
11.25	5.25
11.25	5.5
11.5	5.75
11.25	5.75
11.25	6
11.5	6.25
11.25	6.25
11.25	6.5
11.5	6.75
11.25	6.75
11.25	7
11.5	7.25
11.25	7.25
11.25	7.5
11.5	7.75
11.25	7.75
11.25	8
11.5	8.25
11.25	8.25
11.25	8.5
11.5	8.75
11.25	8.75
11.25	9
11.5	9.25
11.25	9.25
11.25	9.5
11.5	9.75
11.25	9.75
11.25	10
11.5	10.25
11.25	10.25
11.25	10.5
11.5	10.75
11.25	10.75
12	0.25
11.75	0.25
11.75	0.5
12	0.75
11.75	0.75
11.75	1
12	1.25
11.75	1.25
11.75	1.5
12	1.75
11.75	1.75
11.75	2
12	2.25
11.75	2.25
11.75	2.5
12	2.75
11.75	2.75
11.75	3
12	3.25
11.75	3.25
11.75	3.5
12	3.75
11.75	3.75
11.75	4
12	4.25
11.75	4.25
11.75	4.5
12	4.75
11.75	4.75
11.75	5
12	5.25
11.75	5.25
11.75	5.5
12	5.75
11.75	5.75
11.75	6
12	6.25
11.75	6.25
11.75	6.5
12	6.75
11.75	6.75
11.75	7
12	7.25
11.75	7.25
11.75	7.5
12	7.75
11.75	7.75
11.75	8
12	8.25
11.75	8.25
11.75	8.5
12	8.75
11.75	8.75
11.75	9
12	9.25
11.75	9.25
11.75	9.5
12	9.75
11.75	9.75
11.75	10
12	10.25
11.75	10.25
11.75	10.5
12	10.75
11.75	10.75
12.5	0.25
12.25	0.25
12.25	0.5
12.5	0.75
12.25	0.75
12.25	1
12.5	1.25
12.25	1.25
12.25	1.5
12.5	1.75
12.25	1.75
12.25	2
12.5	2.25
12.25	2.25
12.25	2.5
12.5	2.75
12.25	2.75
12.25	3
12.5	3.25
12.25	3.25
12.25	3.5
12.5	3.75
12.25	3.75
12.25	4
12.5	4.25
12.25	4.25
12.25	4.5
12.5	4.75
12.25	4.75
12.25	5
12.5	5.25
12.25	5.25
12.25	5.5
12.5	5.75
12.25	5.75
12.25	6
12.5	6.25
12.25	6.25
12.25	6.5
12.5	6.75
12.25	6.75
12.25	7
12.5	7.25
12.25	7.25
12.25	7.5
12.5	7.75
12.25	7.75
12.25	8
12.5	8.25
12.25	8.25
12.25	8.5
12.5	8.75
12.25	8.75
12.25	9
12.5	9.25
12.25	9.25
12.25	9.5
12.5	9.75
12.25	9.75
12.25	10
12.5	10.25
12.25	10.25
12.25	10.5
12.5	10.75
12.25	10.75
13	0.25
12.75	0.25
12.75	0.5
13	0.75
12.75	0.75
12.75	1
13	1.25
12.75	1.25
12.75	1.5
13	1.75
12.75	1.75
12.75	2
13	2.25
12.75	2.25
12.75	2.5
13	2.75
12.75	2.75
12.75	3
13	3.25
12.75	3.25
12.75	3.5
13	3.75
12.75	3.75
12.75	4
13	4.25
12.75	4.25
12.75	4.5
13	4.75
12.75	4.75
12.75	5
13	5.25
12.75	5.25
12.75	5.5
13	5.75
12.75	5.75
12.75	6
13	6.25
12.75	6.25
12.75	6.5
13	6.75
12.75	6.75
12.75	7
13	7.25
12.75	7.25
12.75	7.5
13	7.75
12.75	7.75
12.75	8
13	8.25
12.75	8.25
12.75	8.5
13	8.75
12.75	8.75
12.75	9
13	9.25
12.75	9.25
12.75	9.5
13	9.75
12.75	9.75
12.75	10
13	10.25
12.75	10.25
12.75	10.5
13	10.75
12.75	10.75
13.5	0.25
13.25	0.25
13.25	0.5
13.5	0.75
13.25	0.75
13.25	1
13.5	1.25
13.25	1.25
13.25	1.5
13.5	1.75
13.25	1.75
13.25	2
13.5	2.25
13.25	2.25
13.25	2.5
13.5	2.75
13.25	2.75
13.25	3
13.5	3.25
13.25	3.25
13.25	3.5
13.5	3.75
13.25	3.75
13.25	4
13.5	4.25
13.25	4.25
13.25	4.5
13.5	4.75
13.25	4.75
13.25	5
13.5	5.25
13.25	5.25
13.25	5.5
13.5	5.75
13.25	5.75
13.25	6
13.5	6.25
13.25	6.25
13.25	6.5
13.5	6.75
13.25	6.75
13.25	7
13.5	7.25
13.25	7.25
13.25	7.5
13.5	7.75
13.25	7.75
13.25	8
13.5	8.25
13.25	8.25
13.25	8.5
13.5	8.75
13.25	8.75
13.25	9
13.5	9.25
13.25	9.25
13.25	9.5
13.5	9.75
13.25	9.75
13.25	10
13.5	10.25
13.25	10.25
13.25	10.5
13.5	10.75
13.25	10.75
14	0.25
13.75	0.25
13.75	0.5
14	0.75
13.75	0.75
13.75	1
14	1.25
13.75	1.25
13.75	1.5
14	1.75
13.75	1.75
13.75	2
14	2.25
13.75	2.25
13.75	2.5
14	2.75
13.75	2.75
13.75	3
14	3.25
13.75	3.25
13.75	3.5
14	3.75
13.75	3.75
13.75	4
14	4.25
13.75	4.25
13.75	4.5
14	4.75
13.75	4.75
13.75	5
14	5.25
13.75	5.25
13.75	5.5
14	5.75
13.75	5.75
13.75	6
14	6.25
13.75	6.25
13.75	6.5
14	6.75
13.75	6.75
13.75	7
14	7.25
13.75	7.25
13.75	7.5
14	7.75
13.75	7.75
13.75	8
14	8.25
13.75	8.25
13.75	8.5
14	8.75
13.75	8.75
13.75	9
14	9.25
13.75	9.25
13.75	9.5
14	9.75
13.75	9.75
13.75	10
14	10.25
13.75	10.25
13.75	10.5
14	10.75
13.75	10.75
14.5	0.25
14.25	0.25
14.25	0.5
14.5	0.75
14.25	0.75
14.25	1
14.5	1.25
14.25	1.25
14.25	1.5
14.5	1.75
14.25	1.75
14.25	2
14.5	2.25
14.25	2.25
14.25	2.5
14.5	2.75
14.25	2.75
14.25	3
14.5	3.25
14.25	3.25
14.25	3.5
14.5	3.75
14.25	3.75
14.25	4
14.5	4.25
14.25	4.25
14.25	4.5
14.5	4.75
14.25	4.75
14.25	5
14.5	5.25
14.25	5.25
14.25	5.5
14.5	5.75
14.25	5.75
14.25	6
14.5	6.25
14.25	6.25
14.25	6.5
14.5	6.75
14.25	6.75
14.25	7
14.5	7.25
14.25	7.25
14.25	7.5
14.5	7.75
14.25	7.75
14.25	8
14.5	8.25
14.25	8.25
14.25	8.5
14.5	8.75
14.25	8.75
14.25	9
14.5	9.25
14.25	9.25
14.25	9.5
14.5	9.75
14.25	9.75
14.25	10
14.5	10.25
14.25	10.25
14.25	10.5
14.5	10.75
14.25	10.75
15	0.25
14.75	0.25
14.75	0.5
15	0.75
14.75	0.75
14.75	1
15	1.25
14.75	1.25
14.75	1.5
15	1.75
14.75	1.75
14.75	2
15	2.25
14.75	2.25
14.75	2.5
15	2.75
14.75	2.75
14.75	3
15	3.25
14.75	3.25
14.75	3.5
15	3.75
14.75	3.75
14.75	4
15	4.25
14.75	4.25
14.75	4.5
15	4.75
14.75	4.75
14.75	5
15	5.25
14.75	5.25
14.75	5.5
15	5.75
14.75	5.75
14.75	6
15	6.25
14.75	6.25
14.75	6.5
15	6.75
14.75	6.75
14.75	7
15	7.25
14.75	7.25
14.75	7.5
15	7.75
14.75	7.75
14.75	8
15	8.25
14.75	8.25
14.75	8.5
15	8.75
14.75	8.75
14.75	9
15	9.25
14.75	9.25
14.75	9.5
15	9.75
14.75	9.75
14.75	10
15	10.25
14.75	10.25
14.75	10.5
15	10.75
14.75	10.75
15.5	0.25
15.25	0.25
15.25	0.5
15.5	0.75
15.25	0.75
15.25	1
15.5	1.25
15.25	1.25
15.25	1.5
15.5	1.75
15.25	1.75
15.25	2
15.5	2.25
15.25	2.25
15.25	2.5
15.5	2.75
15.25	2.75
15.25	3
15.5	3.25
15.25	3.25
15.25	3.5
15.5	3.75
15.25	3.75
15.25	4
15.5	4.25
15.25	4.25
15.25	4.5
15.5	4.75
15.25	4.75
15.25	5
15.5	5.25
15.25	5.25
15.25	5.5
15.5	5.75
15.25	5.75
15.25	6
15.5	6.25
15.25	6.25
15.25	6.5
15.5	6.75
15.25	6.75
15.25	7
15.5	7.25
15.25	7.25
15.25	7.5
15.5	7.75
15.25	7.75
15.25	8
15.5	8.25
15.25	8.25
15.25	8.5
15.5	8.75
15.25	8.75
15.25	9
15.5	9.25
15.25	9.25
15.25	9.5
15.5	9.75
15.25	9.75
15.25	10
15.5	10.25
15.25	10.25
15.25	10.5
15.5	10.75
15.25	10.75
16	0.25
15.75	0.25
15.75	0.5
16	0.75
15.75	0.75
15.75	1
16	1.25
15.75	1.25
15.75	1.5
16	1.75
15.75	1.75
15.75	2
16	2.25
15.75	2.25
15.75	2.5
16	2.75
15.75	2.75
15.75	3
16	3.25
15.75	3.25
15.75	3.5
16	3.75
15.75	3.75
15.75	4
16	4.25
15.75	4.25
15.75	4.5
16	4.75
15.75	4.75
15.75	5
16	5.25
15.75	5.25
15.75	5.5
16	5.75
15.75	5.75
15.75	6
16	6.25
15.75	6.25
15.75	6.5
16	6.75
15.75	6.75
15.75	7
16	7.25
15.75	7.25
15.75	7.5
16	7.75
15.75	7.75
15.75	8
16	8.25
15.75	8.25
15.75	8.5
16	8.75
15.75	8.75
15.75	9
16	9.25
15.75	9.25
15.75	9.5
16	9.75
15.75	9.75
15.75	10
16	10.25
15.75	10.25
15.75	10.5
16	10.75
15.75	10.75
16.5	0.25
16.25	0.25
16.25	0.5
16.5	0.75
16.25	0.75
16.25	1
16.5	1.25
16.25	1.25
16.25	1.5
16.5	1.75
16.25	1.75
16.25	2
16.5	2.25
16.25	2.25
16.25	2.5
16.5	2.75
16.25	2.75
16.25	3
16.5	3.25
16.25	3.25
16.25	3.5
16.5	3.75
16.25	3.75
16.25	4
16.5	4.25
16.25	4.25
16.25	4.5
16.5	4.75
16.25	4.75
16.25	5
16.5	5.25
16.25	5.25
16.25	5.5
16.5	5.75
16.25	5.75
16.25	6
16.5	6.25
16.25	6.25
16.25	6.5
16.5	6.75
16.25	6.75
16.25	7
16.5	7.25
16.25	7.25
16.25	7.5
16.5	7.75
16.25	7.75
16.25	8
16.5	8.25
16.25	8.25
16.25	8.5
16.5	8.75
16.25	8.75
16.25	9
16.5	9.25
16.25	9.25
16.25	9.5
16.5	9.75
16.25	9.75
16.25	10
16.5	10.25
16.25	10.25
16.25	10.5
16.5	10.75
16.25	10.75
17	0.25
16.75	0.25
16.75	0.5
17	0.75
16.75	0.75
16.75	1
17	1.25
16.75	1.25
16.75	1.5
17	1.75
16.75	1.75
16.75	2
17	2.25
16.75	2.25
16.75	2.5
17	2.75
16.75	2.75
16.75	3
17	3.25
16.75	3.25
16.75	3.5
17	3.75
16.75	3.75
16.75	4
17	4.25
16.75	4.25
16.75	4.5
17	4.75
16.75	4.75
16.75	5
17	5.25
16.75	5.25
16.75	5.5
17	5.75
16.75	5.75
16.75	6
17	6.25
16.75	6.25
16.75	6.5
17	6.75
16.75	6.75
16.75	7
17	7.25
16.75	7.25
16.75	7.5
17	7.75
16.75	7.75
16.75	8
17	8.25
16.75	8.25
16.75	8.5
17	8.75
16.75	8.75
16.75	9
17	9.25
16.75	9.25
16.75	9.5
17	9.75
16.75	9.75
16.75	10
17	10.25
16.75	10.25
16.75	10.5
17	10.75
16.75	10.75
17.5	0.25
17.25	0.25
17.25	0.5
17.5	0.75
17.25	0.75
17.25	1
17.5	1.25
17.25	1.25
17.25	1.5
17.5	1.75
17.25	1.75
17.25	2
17.5	2.25
17.25	2.25
17.25	2.5
17.5	2.75
17.25	2.75
17.25	3
17.5	3.25
17.25	3.25
17.25	3.5
17.5	3.75
17.25	3.75
17.25	4
17.5	4.25
17.25	4.25
17.25	4.5
17.5	4.75
17.25	4.75
17.25	5
17.5	5.25
17.25	5.25
17.25	5.5
17.5	5.75
17.25	5.75
17.25	6
17.5	6.25
17.25	6.25
17.25	6.5
17.5	6.75
17.25	6.75
17.25	7
17.5	7.25
17.25	7.25
17.25	7.5
17.5	7.75
17.25	7.75
17.25	8
17.5	8.25
17.25	8.25
17.25	8.5
17.5	8.75
17.25	8.75
17.25	9
17.5	9.25
17.25	9.25
17.25	9.5
17.5	9.75
17.25	9.75
17.25	10
17.5	10.25
17.25	10.25
17.25	10.5
17.5	10.75
17.25	10.75
18	0.25
17.75	0.25
17.75	0.5
18	0.75
17.75	0.75
17.75	1
18	1.25
17.75	1.25
17.75	1.5
18	1.75
17.75	1.75
17.75	2
18	2.25
17.75	2.25
17.75	2.5
18	2.75
17.75	2.75
17.75	3
18	3.25
17.75	3.25
17.75	3.5
18	3.75
17.75	3.75
17.75	4
18	4.25
17.75	4.25
17.75	4.5
18	4.75
17.75	4.75
17.75	5
18	5.25
17.75	5.25
17.75	5.5
18	5.75
17.75	5.75
17.75	6
18	6.25
17.75	6.25
17.75	6.5
18	6.75
17.75	6.75
17.75	7
18	7.25
17.75	7.25
17.75	7.5
18	7.75
17.75	7.75
17.75	8
18	8.25
17.75	8.25
17.75	8.5
18	8.75
17.75	8.75
17.75	9
18	9.25
17.75	9.25
17.75	9.5
18	9.75
17.75	9.75
17.75	10
18	10.25
17.75	10.25
17.75	10.5
18	10.75
17.75	10.75
18.5	0.25
18.25	0.25
18.25	0.5
18.5	0.75
18.25	0.75
18.25	1
18.5	1.25
18.25	1.25
18.25	1.5
18.5	1.75
18.25	1.75
18.25	2
18.5	2.25
18.25	2.25
18.25	2.5
18.5	2.75
18.25	2.75
18.25	3
18.5	3.25
18.25	3.25
18.25	3.5
18.5	3.75
18.25	3.75
18.25	4
18.5	4.25
18.25	4.25
18.25	4.5
18.5	4.75
18.25	4.75
18.25	5
18.5	5.25
18.25	5.25
18.25	5.5
18.5	5.75
18.25	5.75
18.25	6
18.5	6.25
18.25	6.25
18.25	6.5
18.5	6.75
18.25	6.75
18.25	7
18.5	7.25
18.25	7.25
18.25	7.5
18.5	7.75
18.25	7.75
18.25	8
18.5	8.25
18.25	8.25
18.25	8.5
18.5	8.75
18.25	8.75
18.25	9
18.5	9.25
18.25	9.25
18.25	9.5
18.5	9.75
18.25	9.75
18.25	10
18.5	10.25
18.25	10.25
18.25	10.5
18.5	10.75
18.25	10.75
19	0.25
18.75	0.25
18.75	0.5
19	0.75
18.75	0.75
18.75	1
19	1.25
18.75	1.25
18.75	1.5
19	1.75
18.75	1.75
18.75	2
19	2.25
18.75	2.25
18.75	2.5
19	2.75
18.75	2.75
18.75	3
19	3.25
18.75	3.25
18.75	3.5
19	3.75
18.75	3.75
18.75	4
19	4.25
18.75	4.25
18.75	4.5
19	4.75
18.75	4.75
18.75	5
19	5.25
18.75	5.25
18.75	5.5
19	5.75
18.75	5.75
18.75	6
19	6.25
18.75	6.25
18.75	6.5
19	6.75
18.75	6.75
18.75	7
19	7.25
18.75	7.25
18.75	7.5
19	7.75
18.75	7.75
18.75	8
19	8.25
18.75	8.25
18.75	8.5
19	8.75
18.75	8.75
18.75	9
19	9.25
18.75	9.25
18.75	9.5
19	9.75
18.75	9.75
18.75	10
19	10.25
18.75	10.25
18.75	10.5
19	10.75
18.75	10.75
19.5	0.25
19.25	0.25
19.25	0.5
19.5	0.75
19.25	0.75
19.25	1
19.5	1.25
19.25	1.25
19.25	1.5
19.5	1.75
19.25	1.75
19.25	2
19.5	2.25
19.25	2.25
19.25	2.5
19.5	2.75
19.25	2.75
19.25	3
19.5	3.25
19.25	3.25
19.25	3.5
19.5	3.75
19.25	3.75
19.25	4
19.5	4.25
19.25	4.25
19.25	4.5
19.5	4.75
19.25	4.75
19.25	5
19.5	5.25
19.25	5.25
19.25	5.5
19.5	5.75
19.25	5.75
19.25	6
19.5	6.25
19.25	6.25
19.25	6.5
19.5	6.75
19.25	6.75
19.25	7
19.5	7.25
19.25	7.25
19.25	7.5
19.5	7.75
19.25	7.75
19.25	8
19.5	8.25
19.25	8.25
19.25	8.5
19.5	8.75
19.25	8.75
19.25	9
19.5	9.25
19.25	9.25
19.25	9.5
19.5	9.75
19.25	9.75
19.25	10
19.5	10.25
19.25	10.25
19.25	10.5
19.5	10.75
19.25	10.75
20	0.25
19.75	0.25
19.75	0.5
20	0.75
19.75	0.75
19.75	1
20	1.25
19.75	1.25
19.75	1.5
20	1.75
19.75	1.75
19.75	2
20	2.25
19.75	2.25
19.75	2.5
20	2.75
19.75	2.75
19.75	3
20	3.25
19.75	3.25
19.75	3.5
20	3.75
19.75	3.75
19.75	4
20	4.25
19.75	4.25
19.75	4.5
20	4.75
19.75	4.75
19.75	5
20	5.25
19.75	5.25
19.75	5.5
20	5.75
19.75	5.75
19.75	6
20	6.25
19.75	6.25
19.75	6.5
20	6.75
19.75	6.75
19.75	7
20	7.25
19.75	7.25
19.75	7.5
20	7.75
19.75	7.75
19.75	8
20	8.25
19.75	8.25
19.75	8.5
20	8.75
19.75	8.75
19.75	9
20	9.25
19.75	9.25
19.75	9.5
20	9.75
19.75	9.75
19.75	10
20	10.25
19.75	10.25
19.75	10.5
20	10.75
19.75	10.75
20.5	0.25
20.25	0.25
20.25	0.5
20.5	0.75
20.25	0.75
20.25	1
20.5	1.25
20.25	1.25
20.25	1.5
20.5	1.75
20.25	1.75
20.25	2
20.5	2.25
20.25	2.25
20.25	2.5
20.5	2.75
20.25	2.75
20.25	3
20.5	3.25
20.25	3.25
20.25	3.5
20.5	3.75
20.25	3.75
20.25	4
20.5	4.25
20.25	4.25
20.25	4.5
20.5	4.75
20.25	4.75
20.25	5
20.5	5.25
20.25	5.25
20.25	5.5
20.5	5.75
20.25	5.75
20.25	6
20.5	6.25
20.25	6.25
20.25	6.5
20.5	6.75
20.25	6.75
20.25	7
20.5	7.25
20.25	7.25
20.25	7.5
20.5	7.75
20.25	7.75
20.25	8
20.5	8.25
20.25	8.25
20.25	8.5
20.5	8.75
20.25	8.75
20.25	9
20.5	9.25
20.25	9.25
20.25	9.5
20.5	9.75
20.25	9.75
20.25	10
20.5	10.25
20.25	10.25
20.25	10.5
20.5	10.75
20.25	10.75
21	0.25
20.75	0.25
20.75	0.5
21	0.75
20.75	0.75
20.75	1
21	1.25
20.75	1.25
20.75	1.5
21	1.75
20.75	1.75
20.75	2
21	2.25
20.75	2.25
20.75	2.5
21	2.75
20.75	2.75
20.75	3
21	3.25
20.75	3.25
20.75	3.5
21	3.75
20.75	3.75
20.75	4
21	4.25
20.75	4.25
20.75	4.5
21	4.75
20.75	4.75
20.75	5
21	5.25
20.75	5.25
20.75	5.5
21	5.75
20.75	5.75
20.75	6
21	6.25
20.75	6.25
20.75	6.5
21	6.75
20.75	6.75
20.75	7
21	7.25
20.75	7.25
20.75	7.5
21	7.75
20.75	7.75
20.75	8
21	8.25
20.75	8.25
20.75	8.5
21	8.75
20.75	8.75
20.75	9
21	9.25
20.75	9.25
20.75	9.5
21	9.75
20.75	9.75
20.75	10
21	10.25
20.75	10.25
20.75	10.5
21	10.75
20.75	10.75
21.5	0.25
21.25	0.25
21.25	0.5
21.5	0.75
21.25	0.75
21.25	1
21.5	1.25
21.25	1.25
21.25	1.5
21.5	1.75
21.25	1.75
21.25	2
21.5	2.25
21.25	2.25
21.25	2.5
21.5	2.75
21.25	2.75
21.25	3
21.5	3.25
21.25	3.25
21.25	3.5
21.5	3.75
21.25	3.75
21.25	4
21.5	4.25
21.25	4.25
21.25	4.5
21.5	4.75
21.25	4.75
21.25	5
21.5	5.25
21.25	5.25
21.25	5.5
21.5	5.75
21.25	5.75
21.25	6
21.5	6.25
21.25	6.25
21.25	6.5
21.5	6.75
21.25	6.75
21.25	7
21.5	7.25
21.25	7.25
21.25	7.5
21.5	7.75
21.25	7.75
21.25	8
21.5	8.25
21.25	8.25
21.25	8.5
21.5	8.75
21.25	8.75
21.25	9
21.5	9.25
21.25	9.25
21.25	9.5
21.5	9.75
21.25	9.75
21.25	10
21.5	10.25
21.25	10.25
21.25	10.5
21.5	10.75
21.25	10.75
22	0.25
21.75	0.25
21.75	0.5
22	0.75
21.75	0.75
21.75	1
22	1.25
21.75	1.25
21.75	1.5
22	1.75
21.75	1.75
21.75	2
22	2.25
21.75	2.25
21.75	2.5
22	2.75
21.75	2.75
21.75	3
22	3.25
21.75	3.25
21.75	3.5
22	3.75
21.75	3.75
21.75	4
22	4.25
21.75	4.25
21.75	4.5
22	4.75
21.75	4.75
21.75	5
22	5.25
21.75	5.25
21.75	5.5
22	5.75
21.75	5.75
21.75	6
22	6.25
21.75	6.25
21.75	6.5
22	6.75
21.75	6.75
21.75	7
22	7.25
21.75	7.25
21.75	7.5
22	7.75
21.75	7.75
21.75	8
22	8.25
21.75	8.25
21.75	8.5
22	8.75
21.75	8.75
21.75	9
22	9.25
21.75	9.25
21.75	9.5
22	9.75
21.75	9.75
21.75	10
22	10.25
21.75	10.25
21.75	10.5
22	10.75
21.75	10.75
22.5	0.25
22.25	0.25
22.25	0.5
22.5	0.75
22.25	0.75
22.25	1
22.5	1.25
22.25	1.25
22.25	1.5
22.5	1.75
22.25	1.75
22.25	2
22.5	2.25
22.25	2.25
22.25	2.5
22.5	2.75
22.25	2.75
22.25	3
22.5	3.25
22.25	3.25
22.25	3.5
22.5	3.75
22.25	3.75
22.25	4
22.5	4.25
22.25	4.25
22.25	4.5
22.5	4.75
22.25	4.75
22.25	5
22.5	5.25
22.25	5.25
22.25	5.5
22.5	5.75
22.25	5.75
22.25	6
22.5	6.25
22.25	6.25
22.25	6.5
22.5	6.75
22.25	6.75
22.25	7
22.5	7.25
22.25	7.25
22.25	7.5
22.5	7.75
22.25	7.75
22.25	8
22.5	8.25
22.25	8.25
22.25	8.5
22.5	8.75
22.25	8.75
22.25	9
22.5	9.25
22.25	9.25
22.25	9.5
22.5	9.75
22.25	9.75
22.25	10
22.5	10.25
22.25	10.25
22.25	10.5
22.5	10.75
22.25	10.75
23	0.25
22.75	0.25
22.75	0.5
23	0.75
22.75	0.75
22.75	1
23	1.25
22.75	1.25
22.75	1.5
23	1.75
22.75	1.75
22.75	2
23	2.25
22.75	2.25
22.75	2.5
23	2.75
22.75	2.75
22.75	3
23	3.25
22.75	3.25
22.75	3.5
23	3.75
22.75	3.75
22.75	4
23	4.25
22.75	4.25
22.75	4.5
23	4.75
22.75	4.75
22.75	5
23	5.25
22.75	5.25
22.75	5.5
23	5.75
22.75	5.75
22.75	6
23	6.25
22.75	6.25
22.75	6.5
23	6.75
22.75	6.75
22.75	7
23	7.25
22.75	7.25
22.75	7.5
23	7.75
22.75	7.75
22.75	8
23	8.25
22.75	8.25
22.75	8.5
23	8.75
22.75	8.75
22.75	9
23	9.25
22.75	9.25
22.75	9.5
23	9.75
22.75	9.75
22.75	10
23	10.25
22.75	10.25
22.75	10.5
23	10.75
22.75	10.75
23.5	0.25
23.25	0.25
23.25	0.5
23.5	0.75
23.25	0.75
23.25	1
23.5	1.25
23.25	1.25
23.25	1.5
23.5	1.75
23.25	1.75
23.25	2
23.5	2.25
23.25	2.25
23.25	2.5
23.5	2.75
23.25	2.75
23.25	3
23.5	3.25
23.25	3.25
23.25	3.5
23.5	3.75
23.25	3.75
23.25	4
23.5	4.25
23.25	4.25
23.25	4.5
23.5	4.75
23.25	4.75
23.25	5
23.5	5.25
23.25	5.25
23.25	5.5
23.5	5.75
23.25	5.75
23.25	6
23.5	6.25
23.25	6.25
23.25	6.5
23.5	6.75
23.25	6.75
23.25	7
23.5	7.25
23.25	7.25
23.25	7.5
23.5	7.75
23.25	7.75
23.25	8
23.5	8.25
23.25	8.25
23.25	8.5
23.5	8.75
23.25	8.75
23.25	9
23.5	9.25
23.25	9.25
23.25	9.5
23.5	9.75
23.25	9.75
23.25	10
23.5	10.25
23.25	10.25
23.25	10.5
23.5	10.75
23.25	10.75
24	0.25
23.75	0.25
23.75	0.5
24	0.75
23.75	0.75
23.75	1
24	1.25
23.75	1.25
23.75	1.5
24	1.75
23.75	1.75
23.75	2
24	2.25
23.75	2.25
23.75	2.5
24	2.75
23.75	2.75
23.75	3
24	3.25
23.75	3.25
23.75	3.5
24	3.75
23.75	3.75
23.75	4
24	4.25
23.75	4.25
23.75	4.5
24	4.75
23.75	4.75
23.75	5
24	5.25
23.75	5.25
23.75	5.5
24	5.75
23.75	5.75
23.75	6
24	6.25
23.75	6.25
23.75	6.5
24	6.75
23.75	6.75
23.75	7
24	7.25
23.75	7.25
23.75	7.5
24	7.75
23.75	7.75
23.75	8
24	8.25
23.75	8.25
23.75	8.5
24	8.75
23.75	8.75
23.75	9
24	9.25
23.75	9.25
23.75	9.5
24	9.75
23.75	9.75
23.75	10
24	10.25
23.75	10.25
23.75	10.5
24	10.75
23.75	10.75
24.5	0.25
24.25	0.25
24.25	0.5
24.5	0.75
24.25	0.75
24.25	1
24.5	1.25
24.25	1.25
24.25	1.5
24.5	1.75
24.25	1.75
24.25	2
24.5	2.25
24.25	2.25
24.25	2.5
24.5	2.75
24.25	2.75
24.25	3
24.5	3.25
24.25	3.25
24.25	3.5
24.5	3.75
24.25	3.75
24.25	4
24.5	4.25
24.25	4.25
24.25	4.5
24.5	4.75
24.25	4.75
24.25	5
24.5	5.25
24.25	5.25
24.25	5.5
24.5	5.75
24.25	5.75
24.25	6
24.5	6.25
24.25	6.25
24.25	6.5
24.5	6.75
24.25	6.75
24.25	7
24.5	7.25
24.25	7.25
24.25	7.5
24.5	7.75
24.25	7.75
24.25	8
24.5	8.25
24.25	8.25
24.25	8.5
24.5	8.75
24.25	8.75
24.25	9
24.5	9.25
24.25	9.25
24.25	9.5
24.5	9.75
24.25	9.75
24.25	10
24.5	10.25
24.25	10.25
24.25	10.5
24.5	10.75
24.25	10.75
24.75	0.25
24.75	0.5
24.75	0.75
24.75	1
24.75	1.25
24.75	1.5
24.75	1.75
24.75	2
24.75	2.25
24.75	2.5
24.75	2.75
24.75	3
24.75	3.25
24.75	3.5
24.75	3.75
24.75	4
24.75	4.25
24.75	4.5
24.75	4.75
24.75	5
24.75	5.25
24.75	5.5
24.75	5.75
24.75	6
24.75	6.25
24.75	6.5
24.75	6.75
24.75	7
24.75	7.25
24.75	7.5
24.75	7.75
24.75	8
24.75	8.25
24.75	8.5
24.75	8.75
24.75	9
24.75	9.25
24.75	9.5
24.75	9.75
24.75	10
24.75	10.25
24.75	10.5
24.75	10.75

--------------------------------------------------------------------------------
ELEMENT CONNECTIVITY
--------------------------------------------------------------------------------
1	5	289	54	1318	1319
1	289	203	1319	1320	224
203	289	290	1320	1321	1322
203	290	204	1322	1323	225
204	290	291	1323	1324	1325
204	291	205	1325	1326	226
205	291	292	1326	1327	1328
205	292	206	1328	1329	227
206	292	293	1329	1330	1331
206	293	207	1331	1332	228
207	293	294	1332	1333	1334
207	294	208	1334	1335	229
208	294	295	1335	1336	1337
208	295	209	1337	1338	230
209	295	296	1338	1339	1340
209	296	210	1340	1341	231
210	296	297	1341	1342	1343
210	297	211	1343	1344	232
211	297	298	1344	1345	1346
211	298	212	1346	1347	233
212	298	299	1347	1348	1349
212	299	213	1349	1350	234
213	299	300	1350	1351	1352
213	300	214	1352	1353	235
214	300	301	1353	1354	1355
214	301	215	1355	1356	236
215	301	302	1356	1357	1358
215	302	216	1358	1359	237
216	302	303	1359	1360	1361
216	303	217	1361	1362	238
217	303	304	1362	1363	1364
217	304	218	1364	1365	239
218	304	305	1365	1366	1367
218	305	219	1367	1368	240
219	305	306	1368	1369	1370
219	306	220	1370	1371	241
220	306	307	1371	1372	1373
220	307	221	1373	1374	242
221	307	308	1374	1375	1376
221	308	222	1376	1377	243
222	308	309	1377	1378	1379
222	309	223	1379	1380	244
223	309	104	1380	1381	1382
223	104	3	1382	153	245
5	6	310	55	1383	1384
5	310	289	1384	1385	1318
289	310	311	1385	1386	1387
289	311	290	1387	1388	1321
290	311	312	1388	1389	1390
290	312	291	1390	1391	1324
291	312	313	1391	1392	1393
291	313	292	1393	1394	1327
292	313	314	1394	1395	1396
292	314	293	1396	1397	1330
293	314	315	1397	1398	1399
293	315	294	1399	1400	1333
294	315	316	1400	1401	1402
294	316	295	1402	1403	1336
295	316	317	1403	1404	1405
295	317	296	1405	1406	1339
296	317	318	1406	1407	1408
296	318	297	1408	1409	1342
297	318	319	1409	1410	1411
297	319	298	1411	1412	1345
298	319	320	1412	1413	1414
298	320	299	1414	1415	1348
299	320	321	1415	1416	1417
299	321	300	1417	1418	1351
300	321	322	1418	1419	1420
300	322	301	1420	1421	1354
301	322	323	1421	1422	1423
301	323	302	1423	1424	1357
302	323	324	1424	1425	1426
302	324	303	1426	1427	1360
303	324	325	1427	1428	1429
303	325	304	1429	1430	1363
304	325	326	1430	1431	1432
304	326	305	1432	1433	1366
305	326	327	1433	1434	1435
305	327	306	1435	1436	1369
306	327	328	1436	1437	1438
306	328	307	1438	1439	1372
307	328	329	1439	1440	1441
307	329	308	1441	1442	1375
308	329	330	1442	1443	1444
308	330	309	1444	1445	1378
309	330	105	1445	1446	1447
309	105	104	1447	154	1381
6	7	331	56	1448	1449
6	331	310	1449	1450	1383
310	331	332	1450	1451	1452
310	332	311	1452	1453	1386
311	332	333	1453	1454	1455
311	333	312	1455	1456	1389
312	333	334	1456	1457	1458
312	334	313	1458	1459	1392
313	334	335	1459	1460	1461
313	335	314	1461	1462	1395
314	335	336	1462	1463	1464
314	336	315	1464	1465	1398
315	336	337	1465	1466	1467
315	337	316	1467	1468	1401
316	337	338	1468	1469	1470
316	338	317	1470	1471	1404
317	338	339	1471	1472	1473
317	339	318	1473	1474	1407
318	339	340	1474	1475	1476
318	340	319	1476	1477	1410
319	340	341	1477	1478	1479
319	341	320	1479	1480	1413
320	341	342	1480	1481	1482
320	342	321	1482	1483	1416
321	342	343	1483	1484	1485
321	343	322	1485	1486	1419
322	343	344	1486	1487	1488
322	344	323	1488	1489	1422
323	344	345	1489	1490	1491
323	345	324	1491	1492	1425
324	345	346	1492	1493	1494
324	346	325	1494	1495	1428
325	346	347	1495	1496	1497
325	347	326	1497	1498	1431
326	347	348	1498	1499	1500
326	348	327	1500	1501	1434
327	348	349	1501	1502	1503
327	349	328	1503	1504	1437
328	349	350	1504	1505	1506
328	350	329	1506	1507	1440
329	350	351	1507	1508	1509
329	351	330	1509	1510	1443
330	351	106	1510	1511	1512
330	106	105	1512	155	1446
7	8	352	57	1513	1514
7	352	331	1514	1515	1448
331	352	353	1515	1516	1517
331	353	332	1517	1518	1451
332	353	354	1518	1519	1520
332	354	333	1520	1521	1454
333	354	355	1521	1522	1523
333	355	334	1523	1524	1457
334	355	356	1524	1525	1526
334	356	335	1526	1527	1460
335	356	357	1527	1528	1529
335	357	336	1529	1530	1463
336	357	358	1530	1531	1532
336	358	337	1532	1533	1466
337	358	359	1533	1534	1535
337	359	338	1535	1536	1469
338	359	360	1536	1537	1538
338	360	339	1538	1539	1472
339	360	361	1539	1540	1541
339	361	340	1541	1542	1475
340	361	362	1542	1543	1544
340	362	341	1544	1545	1478
341	362	363	1545	1546	1547
341	363	342	1547	1548	1481
342	363	364	1548	1549	1550
342	364	343	1550	1551	1484
343	364	365	1551	1552	1553
343	365	344	1553	1554	1487
344	365	366	1554	1555	1556
344	366	345	1556	1557	1490
345	366	367	1557	1558	1559
345	367	346	1559	1560	1493
346	367	368	1560	1561	1562
346	368	347	1562	1563	1496
347	368	369	1563	1564	1565
347	369	348	1565	1566	1499
348	369	370	1566	1567	1568
348	370	349	1568	1569	1502
349	370	371	1569	1570	1571
349	371	350	1571	1572	1505
350	371	372	1572	1573	1574
350	372	351	1574	1575	1508
351	372	107	1575	1576	1577
351	107	106	1577	156	1511
8	9	373	58	1578	1579
8	373	352	1579	1580	1513
352	373	374	1580	1581	1582
352	374	353	1582	1583	1516
353	374	375	1583	1584	1585
353	375	354	1585	1586	1519
354	375	376	1586	1587	1588
354	376	355	1588	1589	1522
355	376	377	1589	1590	1591
355	377	356	1591	1592	1525
356	377	378	1592	1593	1594
356	378	357	1594	1595	1528
357	378	379	1595	1596	1597
357	379	358	1597	1598	1531
358	379	380	1598	1599	1600
358	380	359	1600	1601	1534
359	380	381	1601	1602	1603
359	381	360	1603	1604	1537
360	381	382	1604	1605	1606
360	382	361	1606	1607	1540
361	382	383	1607	1608	1609
361	383	362	1609	1610	1543
362	383	384	1610	1611	1612
362	384	363	1612	1613	1546
363	384	385	1613	1614	1615
363	385	364	1615	1616	1549
364	385	386	1616	1617	1618
364	386	365	1618	1619	1552
365	386	387	1619	1620	1621
365	387	366	1621	1622	1555
366	387	388	1622	1623	1624
366	388	367	1624	1625	1558
367	388	389	1625	1626	1627
367	389	368	1627	1628	1561
368	389	390	1628	1629	1630
368	390	369	1630	1631	1564
369	390	391	1631	1632	1633
369	391	370	1633	1634	1567
370	391	392	1634	1635	1636
370	392	371	1636	1637	1570
371	392	393	1637	1638	1639
371	393	372	1639	1640	1573
372	393	108	1640	1641	1642
372	108	107	1642	157	1576
9	10	394	59	1643	1644
9	394	373	1644	1645	1578
373	394	395	1645	1646	1647
373	395	374	1647	1648	1581
374	395	396	1648	1649	1650
374	396	375	1650	1651	1584
375	396	397	1651	1652	1653
375	397	376	1653	1654	1587
376	397	398	1654	1655	1656
376	398	377	1656	1657	1590
377	398	399	1657	1658	1659
377	399	378	1659	1660	1593
378	399	400	1660	1661	1662
378	400	379	1662	1663	1596
379	400	401	1663	1664	1665
379	401	380	1665	1666	1599
380	401	402	1666	1667	1668
380	402	381	1668	1669	1602
381	402	403	1669	1670	1671
381	403	382	1671	1672	1605
382	403	404	1672	1673	1674
382	404	383	1674	1675	1608
383	404	405	1675	1676	1677
383	405	384	1677	1678	1611
384	405	406	1678	1679	1680
384	406	385	1680	1681	1614
385	406	407	1681	1682	1683
385	407	386	1683	1684	1617
386	407	408	1684	1685	1686
386	408	387	1686	1687	1620
387	408	409	1687	1688	1689
387	409	388	1689	1690	1623
388	409	410	1690	1691	1692
388	410	389	1692	1693	1626
389	410	411	1693	1694	1695
389	411	390	1695	1696	1629
390	411	412	1696	1697	1698
390	412	391	1698	1699	1632
391	412	413	1699	1700	1701
391	413	392	1701	1702	1635
392	413	414	1702	1703	1704
392	414	393	1704	1705	1638
393	414	109	1705	1706	1707
393	109	108	1707	158	1641
10	11	415	60	1708	1709
10	415	394	1709	1710	1643
394	415	416	1710	1711	1712
394	416	395	1712	1713	1646
395	416	417	1713	1714	1715
395	417	396	1715	1716	1649
396	417	418	1716	1717	1718
396	418	397	1718	1719	1652
397	418	419	1719	1720	1721
397	419	398	1721	1722	1655
398	419	420	1722	1723	1724
398	420	399	1724	1725	1658
399	420	421	1725	1726	1727
399	421	400	1727	1728	1661
400	421	422	1728	1729	1730
400	422	401	1730	1731	1664
401	422	423	1731	1732	1733
401	423	402	1733	1734	1667
402	423	424	1734	1735	1736
402	424	403	1736	1737	1670
403	424	425	1737	1738	1739
403	425	404	1739	1740	1673
404	425	426	1740	1741	1742
404	426	405	1742	1743	1676
405	426	427	1743	1744	1745
405	427	406	1745	1746	1679
406	427	428	1746	1747	1748
406	428	407	1748	1749	1682
407	428	429	1749	1750	1751
407	429	408	1751	1752	1685
408	429	430	1752	1753	1754
408	430	409	1754	1755	1688
409	430	431	1755	1756	1757
409	431	410	1757	1758	1691
410	431	432	1758	1759	1760
410	432	411	1760	1761	1694
411	432	433	1761	1762	1763
411	433	412	1763	1764	1697
412	433	434	1764	1765	1766
412	434	413	1766	1767	1700
413	434	435	1767	1768	1769
413	435	414	1769	1770	1703
414	435	110	1770	1771	1772
414	110	109	1772	159	1706
11	12	436	61	1773	1774
11	436	415	1774	1775	1708
415	436	437	1775	1776	1777
415	437	416	1777	1778	1711
416	437	438	1778	1779	1780
416	438	417	1780	1781	1714
417	438	439	1781	1782	1783
417	439	418	1783	1784	1717
418	439	440	1784	1785	1786
418	440	419	1786	1787	1720
419	440	441	1787	1788	1789
419	441	420	1789	1790	1723
420	441	442	1790	1791	1792
420	442	421	1792	1793	1726
421	442	443	1793	1794	1795
421	443	422	1795	1796	1729
422	443	444	1796	1797	1798
422	444	423	1798	1799	1732
423	444	445	1799	1800	1801
423	445	424	1801	1802	1735
424	445	446	1802	1803	1804
424	446	425	1804	1805	1738
425	446	447	1805	1806	1807
425	447	426	1807	1808	1741
426	447	448	1808	1809	1810
426	448	427	1810	1811	1744
427	448	449	1811	1812	1813
427	449	428	1813	1814	1747
428	449	450	1814	1815	1816
428	450	429	1816	1817	1750
429	450	451	1817	1818	1819
429	451	430	1819	1820	1753
430	451	452	1820	1821	1822
430	452	431	1822	1823	1756
431	452	453	1823	1824	1825
431	453	432	1825	1826	1759
432	453	454	1826	1827	1828
432	454	433	1828	1829	1762
433	454	455	1829	1830	1831
433	455	434	1831	1832	1765
434	455	456	1832	1833	1834
434	456	435	1834	1835	1768
435	456	111	1835	1836	1837
435	111	110	1837	160	1771
12	13	457	62	1838	1839
12	457	436	1839	1840	1773
436	457	458	1840	1841	1842
436	458	437	1842	1843	1776
437	458	459	1843	1844	1845
437	459	438	1845	1846	1779
438	459	460	1846	1847	1848
438	460	439	1848	1849	1782
439	460	461	1849	1850	1851
439	461	440	1851	1852	1785
440	461	462	1852	1853	1854
440	462	441	1854	1855	1788
441	462	463	1855	1856	1857
441	463	442	1857	1858	1791
442	463	464	1858	1859	1860
442	464	443	1860	1861	1794
443	464	465	1861	1862	1863
443	465	444	1863	1864	1797
444	465	466	1864	1865	1866
444	466	445	1866	1867	1800
445	466	467	1867	1868	1869
445	467	446	1869	1870	1803
446	467	468	1870	1871	1872
446	468	447	1872	1873	1806
447	468	469	1873	1874	1875
447	469	448	1875	1876	1809
448	469	470	1876	1877	1878
448	470	449	1878	1879	1812
449	470	471	1879	1880	1881
449	471	450	1881	1882	1815
450	471	472	1882	1883	1884
450	472	451	1884	1885	1818
451	472	473	1885	1886	1887
451	473	452	1887	1888	1821
452	473	474	1888	1889	1890
452	474	453	1890	1891	1824
453	474	475	1891	1892	1893
453	475	454	1893	1894	1827
454	475	476	1894	1895	1896
454	476	455	1896	1897	1830
455	476	477	1897	1898	1899
455	477	456	1899	1900	1833
456	477	112	1900	1901	1902
456	112	111	1902	161	1836
13	14	478	63	1903	1904
13	478	457	1904	1905	1838
457	478	479	1905	1906	1907
457	479	458	1907	1908	1841
458	479	480	1908	1909	1910
458	480	459	1910	1911	1844
459	480	481	1911	1912	1913
459	481	460	1913	1914	1847
460	481	482	1914	1915	1916
460	482	461	1916	1917	1850
461	482	483	1917	1918	1919
461	483	462	1919	1920	1853
462	483	484	1920	1921	1922
462	484	463	1922	1923	1856
463	484	485	1923	1924	1925
463	485	464	1925	1926	1859
464	485	486	1926	1927	1928
464	486	465	1928	1929	1862
465	486	487	1929	1930	1931
465	487	466	1931	1932	1865
466	487	488	1932	1933	1934
466	488	467	1934	1935	1868
467	488	489	1935	1936	1937
467	489	468	1937	1938	1871
468	489	490	1938	1939	1940
468	490	469	1940	1941	1874
469	490	491	1941	1942	1943
469	491	470	1943	1944	1877
470	491	492	1944	1945	1946
470	492	471	1946	1947	1880
471	492	493	1947	1948	1949
471	493	472	1949	1950	1883
472	493	494	1950	1951	1952
472	494	473	1952	1953	1886
473	494	495	1953	1954	1955
473	495	474	1955	1956	1889
474	495	496	1956	1957	1958
474	496	475	1958	1959	1892
475	496	497	1959	1960	1961
475	497	476	1961	1962	1895
476	497	498	1962	1963	1964
476	498	477	1964	1965	1898
477	498	113	1965	1966	1967
477	113	112	1967	162	1901
14	15	499	64	1968	1969
14	499	478	1969	1970	1903
478	499	500	1970	1971	1972
478	500	479	1972	1973	1906
479	500	501	1973	1974	1975
479	501	480	1975	1976	1909
480	501	502	1976	1977	1978
480	502	481	1978	1979	1912
481	502	503	1979	1980	1981
481	503	482	1981	1982	1915
482	503	504	1982	1983	1984
482	504	483	1984	1985	1918
483	504	505	1985	1986	1987
483	505	484	1987	1988	1921
484	505	506	1988	1989	1990
484	506	485	1990	1991	1924
485	506	507	1991	1992	1993
485	507	486	1993	1994	1927
486	507	508	1994	1995	1996
486	508	487	1996	1997	1930
487	508	509	1997	1998	1999
487	509	488	1999	2000	1933
488	509	510	2000	2001	2002
488	510	489	2002	2003	1936
489	510	511	2003	2004	2005
489	511	490	2005	2006	1939
490	511	512	2006	2007	2008
490	512	491	2008	2009	1942
491	512	513	2009	2010	2011
491	513	492	2011	2012	1945
492	513	514	2012	2013	2014
492	514	493	2014	2015	1948
493	514	515	2015	2016	2017
493	515	494	2017	2018	1951
494	515	516	2018	2019	2020
494	516	495	2020	2021	1954
495	516	517	2021	2022	2023
495	517	496	2023	2024	1957
496	517	518	2024	2025	2026
496	518	497	2026	2027	1960
497	518	519	2027	2028	2029
497	519	498	2029	2030	1963
498	519	114	2030	2031	2032
498	114	113	2032	163	1966
15	16	520	65	2033	2034
15	520	499	2034	2035	1968
499	520	521	2035	2036	2037
499	521	500	2037	2038	1971
500	521	522	2038	2039	2040
500	522	501	2040	2041	1974
501	522	523	2041	2042	2043
501	523	502	2043	2044	1977
502	523	524	2044	2045	2046
502	524	503	2046	2047	1980
503	524	525	2047	2048	2049
503	525	504	2049	2050	1983
504	525	526	2050	2051	2052
504	526	505	2052	2053	1986
505	526	527	2053	2054	2055
505	527	506	2055	2056	1989
506	527	528	2056	2057	2058
506	528	507	2058	2059	1992
507	528	529	2059	2060	2061
507	529	508	2061	2062	1995
508	529	530	2062	2063	2064
508	530	509	2064	2065	1998
509	530	531	2065	2066	2067
509	531	510	2067	2068	2001
510	531	532	2068	2069	2070
510	532	511	2070	2071	2004
511	532	533	2071	2072	2073
511	533	512	2073	2074	2007
512	533	534	2074	2075	2076
512	534	513	2076	2077	2010
513	534	535	2077	2078	2079
513	535	514	2079	2080	2013
514	535	536	2080	2081	2082
514	536	515	2082	2083	2016
515	536	537	2083	2084	2085
515	537	516	2085	2086	2019
516	537	538	2086	2087	2088
516	538	517	2088	2089	2022
517	538	539	2089	2090	2091
517	539	518	2091	2092	2025
518	539	540	2092	2093	2094
518	540	519	2094	2095	2028
519	540	115	2095	2096	2097
519	115	114	2097	164	2031
16	17	541	66	2098	2099
16	541	520	2099	2100	2033
520	541	542	2100	2101	2102
520	542	521	2102	2103	2036
521	542	543	2103	2104	2105
521	543	522	2105	2106	2039
522	543	544	2106	2107	2108
522	544	523	2108	2109	2042
523	544	545	2109	2110	2111
523	545	524	2111	2112	2045
524	545	546	2112	2113	2114
524	546	525	2114	2115	2048
525	546	547	2115	2116	2117
525	547	526	2117	2118	2051
526	547	548	2118	2119	2120
526	548	527	2120	2121	2054
527	548	549	2121	2122	2123
527	549	528	2123	2124	2057
528	549	550	2124	2125	2126
528	550	529	2126	2127	2060
529	550	551	2127	2128	2129
529	551	530	2129	2130	2063
530	551	552	2130	2131	2132
530	552	531	2132	2133	2066
531	552	553	2133	2134	2135
531	553	532	2135	2136	2069
532	553	554	2136	2137	2138
532	554	533	2138	2139	2072
533	554	555	2139	2140	2141
533	555	534	2141	2142	2075
534	555	556	2142	2143	2144
534	556	535	2144	2145	2078
535	556	557	2145	2146	2147
535	557	536	2147	2148	2081
536	557	558	2148	2149	2150
536	558	537	2150	2151	2084
537	558	559	2151	2152	2153
537	559	538	2153	2154	2087
538	559	560	2154	2155	2156
538	560	539	2156	2157	2090
539	560	561	2157	2158	2159
539	561	540	2159	2160	2093
540	561	116	2160	2161	2162
540	116	115	2162	165	2096
17	18	562	67	2163	2164
17	562	541	2164	2165	2098
541	562	563	2165	2166	2167
541	563	542	2167	2168	2101
542	563	564	2168	2169	2170
542	564	543	2170	2171	2104
543	564	565	2171	2172	2173
543	565	544	2173	2174	2107
544	565	566	2174	2175	2176
544	566	545	2176	2177	2110
545	566	567	2177	2178	2179
545	567	546	2179	2180	2113
546	567	568	2180	2181	2182
546	568	547	2182	2183	2116
547	568	569	2183	2184	2185
547	569	548	2185	2186	2119
548	569	570	2186	2187	2188
548	570	549	2188	2189	2122
549	570	571	2189	2190	2191
549	571	550	2191	2192	2125
550	571	572	2192	2193	2194
550	572	551	2194	2195	2128
551	572	573	2195	2196	2197
551	573	552	2197	2198	2131
552	573	574	2198	2199	2200
552	574	553	2200	2201	2134
553	574	575	2201	2202	2203
553	575	554	2203	2204	2137
554	575	576	2204	2205	2206
554	576	555	2206	2207	2140
555	576	577	2207	2208	2209
555	577	556	2209	2210	2143
556	577	578	2210	2211	2212
556	578	557	2212	2213	2146
557	578	579	2213	2214	2215
557	579	558	2215	2216	2149
558	579	580	2216	2217	2218
558	580	559	2218	2219	2152
559	580	581	2219	2220	2221
559	581	560	2221	2222	2155
560	581	582	2222	2223	2224
560	582	561	2224	2225	2158
561	582	117	2225	2226	2227
561	117	116	2227	166	2161
18	19	583	68	2228	2229
18	583	562	2229	2230	2163
562	583	584	2230	2231	2232
562	584	563	2232	2233	2166
563	584	585	2233	2234	2235
563	585	564	2235	2236	2169
564	585	586	2236	2237	2238
564	586	565	2238	2239	2172
565	586	587	2239	2240	2241
565	587	566	2241	2242	2175
566	587	588	2242	2243	2244
566	588	567	2244	2245	2178
567	588	589	2245	2246	2247
567	589	568	2247	2248	2181
568	589	590	2248	2249	2250
568	590	569	2250	2251	2184
569	590	591	2251	2252	2253
569	591	570	2253	2254	2187
570	591	592	2254	2255	2256
570	592	571	2256	2257	2190
571	592	593	2257	2258	2259
571	593	572	2259	2260	2193
572	593	594	2260	2261	2262
572	594	573	2262	2263	2196
573	594	595	2263	2264	2265
573	595	574	2265	2266	2199
574	595	596	2266	2267	2268
574	596	575	2268	2269	2202
575	596	597	2269	2270	2271
575	597	576	2271	2272	2205
576	597	598	2272	2273	2274
576	598	577	2274	2275	2208
577	598	599	2275	2276	2277
577	599	578	2277	2278	2211
578	599	600	2278	2279	2280
578	600	579	2280	2281	2214
579	600	601	2281	2282	2283
579	601	580	2283	2284	2217
580	601	602	2284	2285	2286
580	602	581	2286	2287	2220
581	602	603	2287	2288	2289
581	603	582	2289	2290	2223
582	603	118	2290	2291	2292
582	118	117	2292	167	2226
19	20	604	69	2293	2294
19	604	583	2294	2295	2228
583	604	605	2295	2296	2297
583	605	584	2297	2298	2231
584	605	606	2298	2299	2300
584	606	585	2300	2301	2234
585	606	607	2301	2302	2303
585	607	586	2303	2304	2237
586	607	608	2304	2305	2306
586	608	587	2306	2307	2240
587	608	609	2307	2308	2309
587	609	588	2309	2310	2243
588	609	610	2310	2311	2312
588	610	589	2312	2313	2246
589	610	611	2313	2314	2315
589	611	590	2315	2316	2249
590	611	612	2316	2317	2318
590	612	591	2318	2319	2252
591	612	613	2319	2320	2321
591	613	592	2321	2322	2255
592	613	614	2322	2323	2324
592	614	593	2324	2325	2258
593	614	615	2325	2326	2327
593	615	594	2327	2328	2261
594	615	616	2328	2329	2330
594	616	595	2330	2331	2264
595	616	617	2331	2332	2333
595	617	596	2333	2334	2267
596	617	618	2334	2335	2336
596	618	597	2336	2337	2270
597	618	619	2337	2338	2339
597	619	598	2339	2340	2273
598	619	620	2340	2341	2342
598	620	599	2342	2343	2276
599	620	621	2343	2344	2345
599	621	600	2345	2346	2279
600	621	622	2346	2347	2348
600	622	601	2348	2349	2282
601	622	623	2349	2350	2351
601	623	602	2351	2352	2285
602	623	624	2352	2353	2354
602	624	603	2354	2355	2288
603	624	119	2355	2356	2357
603	119	118	2357	168	2291
20	21	625	70	2358	2359
20	625	604	2359	2360	2293
604	625	626	2360	2361	2362
604	626	605	2362	2363	2296
605	626	627	2363	2364	2365
605	627	606	2365	2366	2299
606	627	628	2366	2367	2368
606	628	607	2368	2369	2302
607	628	629	2369	2370	2371
607	629	608	2371	2372	2305
608	629	630	2372	2373	2374
608	630	609	2374	2375	2308
609	630	631	2375	2376	2377
609	631	610	2377	2378	2311
610	631	632	2378	2379	2380
610	632	611	2380	2381	2314
611	632	633	2381	2382	2383
611	633	612	2383	2384	2317
612	633	634	2384	2385	2386
612	634	613	2386	2387	2320
613	634	635	2387	2388	2389
613	635	614	2389	2390	2323
614	635	636	2390	2391	2392
614	636	615	2392	2393	2326
615	636	637	2393	2394	2395
615	637	616	2395	2396	2329
616	637	638	2396	2397	2398
616	638	617	2398	2399	2332
617	638	639	2399	2400	2401
617	639	618	2401	2402	2335
618	639	640	2402	2403	2404
618	640	619	2404	2405	2338
619	640	641	2405	2406	2407
619	641	620	2407	2408	2341
620	641	642	2408	2409	2410
620	642	621	2410	2411	2344
621	642	643	2411	2412	2413
621	643	622	2413	2414	2347
622	643	644	2414	2415	2416
622	644	623	2416	2417	2350
623	644	645	2417	2418	2419
623	645	624	2419	2420	2353
624	645	120	2420	2421	2422
624	120	119	2422	169	2356
21	22	646	71	2423	2424
21	646	625	2424	2425	2358
625	646	647	2425	2426	2427
625	647	626	2427	2428	2361
626	647	648	2428	2429	2430
626	648	627	2430	2431	2364
627	648	649	2431	2432	2433
627	649	628	2433	2434	2367
628	649	650	2434	2435	2436
628	650	629	2436	2437	2370
629	650	651	2437	2438	2439
629	651	630	2439	2440	2373
630	651	652	2440	2441	2442
630	652	631	2442	2443	2376
631	652	653	2443	2444	2445
631	653	632	2445	2446	2379
632	653	654	2446	2447	2448
632	654	633	2448	2449	2382
633	654	655	2449	2450	2451
633	655	634	2451	2452	2385
634	655	656	2452	2453	2454
634	656	635	2454	2455	2388
635	656	657	2455	2456	2457
635	657	636	2457	2458	2391
636	657	658	2458	2459	2460
636	658	637	2460	2461	2394
637	658	659	2461	2462	2463
637	659	638	2463	2464	2397
638	659	660	2464	2465	2466
638	660	639	2466	2467	2400
639	660	661	2467	2468	2469
639	661	640	2469	2470	2403
640	661	662	2470	2471	2472
640	662	641	2472	2473	2406
641	662	663	2473	2474	2475
641	663	642	2475	2476	2409
642	663	664	2476	2477	2478
642	664	643	2478	2479	2412
643	664	665	2479	2480	2481
643	665	644	2481	2482	2415
644	665	666	2482	2483	2484
644	666	645	2484	2485	2418
645	666	121	2485	2486	2487
645	121	120	2487	170	2421
22	23	667	72	2488	2489
22	667	646	2489	2490	2423
646	667	668	2490	2491	2492
646	668	647	2492	2493	2426
647	668	669	2493	2494	2495
647	669	648	2495	2496	2429
648	669	670	2496	2497	2498
648	670	649	2498	2499	2432
649	670	671	2499	2500	2501
649	671	650	2501	2502	2435
650	671	672	2502	2503	2504
650	672	651	2504	2505	2438
651	672	673	2505	2506	2507
651	673	652	2507	2508	2441
652	673	674	2508	2509	2510
652	674	653	2510	2511	2444
653	674	675	2511	2512	2513
653	675	654	2513	2514	2447
654	675	676	2514	2515	2516
654	676	655	2516	2517	2450
655	676	677	2517	2518	2519
655	677	656	2519	2520	2453
656	677	678	2520	2521	2522
656	678	657	2522	2523	2456
657	678	679	2523	2524	2525
657	679	658	2525	2526	2459
658	679	680	2526	2527	2528
658	680	659	2528	2529	2462
659	680	681	2529	2530	2531
659	681	660	2531	2532	2465
660	681	682	2532	2533	2534
660	682	661	2534	2535	2468
661	682	683	2535	2536	2537
661	683	662	2537	2538	2471
662	683	684	2538	2539	2540
662	684	663	2540	2541	2474
663	684	685	2541	2542	2543
663	685	664	2543	2544	2477
664	685	686	2544	2545	2546
664	686	665	2546	2547	2480
665	686	687	2547	2548	2549
665	687	666	2549	2550	2483
666	687	122	2550	2551	2552
666	122	121	2552	171	2486
23	24	688	73	2553	2554
23	688	667	2554	2555	2488
667	688	689	2555	2556	2557
667	689	668	2557	2558	2491
668	689	690	2558	2559	2560
668	690	669	2560	2561	2494
669	690	691	2561	2562	2563
669	691	670	2563	2564	2497
670	691	692	2564	2565	2566
670	692	671	2566	2567	2500
671	692	693	2567	2568	2569
671	693	672	2569	2570	2503
672	693	694	2570	2571	2572
672	694	673	2572	2573	2506
673	694	695	2573	2574	2575
673	695	674	2575	2576	2509
674	695	696	2576	2577	2578
674	696	675	2578	2579	2512
675	696	697	2579	2580	2581
675	697	676	2581	2582	2515
676	697	698	2582	2583	2584
676	698	677	2584	2585	2518
677	698	699	2585	2586	2587
677	699	678	2587	2588	2521
678	699	700	2588	2589	2590
678	700	679	2590	2591	2524
679	700	701	2591	2592	2593
679	701	680	2593	2594	2527
680	701	702	2594	2595	2596
680	702	681	2596	2597	2530
681	702	703	2597	2598	2599
681	703	682	2599	2600	2533
682	703	704	2600	2601	2602
682	704	683	2602	2603	2536
683	704	705	2603	2604	2605
683	705	684	2605	2606	2539
684	705	706	2606	2607	2608
684	706	685	2608	2609	2542
685	706	707	2609	2610	2611
685	707	686	2611	2612	2545
686	707	708	2612	2613	2614
686	708	687	2614	2615	2548
687	708	123	2615	2616	2617
687	123	122	2617	172	2551
24	25	709	74	2618	2619
24	709	688	2619	2620	2553
688	709	710	2620	2621	2622
688	710	689	2622	2623	2556
689	710	711	2623	2624	2625
689	711	690	2625	2626	2559
690	711	712	2626	2627	2628
690	712	691	2628	2629	2562
691	712	713	2629	2630	2631
691	713	692	2631	2632	2565
692	713	714	2632	2633	2634
692	714	693	2634	2635	2568
693	714	715	2635	2636	2637
693	715	694	2637	2638	2571
694	715	716	2638	2639	2640
694	716	695	2640	2641	2574
695	716	717	2641	2642	2643
695	717	696	2643	2644	2577
696	717	718	2644	2645	2646
696	718	697	2646	2647	2580
697	718	719	2647	2648	2649
697	719	698	2649	2650	2583
698	719	720	2650	2651	2652
698	720	699	2652	2653	2586
699	720	721	2653	2654	2655
699	721	700	2655	2656	2589
700	721	722	2656	2657	2658
700	722	701	2658	2659	2592
701	722	723	2659	2660	2661
701	723	702	2661	2662	2595
702	723	724	2662	2663	2664
702	724	703	2664	2665	2598
703	724	725	2665	2666	2667
703	725	704	2667	2668	2601
704	725	726	2668	2669	2670
704	726	705	2670	2671	2604
705	726	727	2671	2672	2673
705	727	706	2673	2674	2607
706	727	728	2674	2675	2676
706	728	707	2676	2677	2610
707	728	729	2677	2678	2679
707	729	708	2679	2680	2613
708	729	124	2680	2681	2682
708	124	123	2682	173	2616
25	26	730	75	2683	2684
25	730	709	2684	2685	2618
709	730	731	2685	2686	2687
709	731	710	2687	2688	2621
710	731	732	2688	2689	2690
710	732	711	2690	2691	2624
711	732	733	2691	2692	2693
711	733	712	2693	2694	2627
712	733	734	2694	2695	2696
712	734	713	2696	2697	2630
713	734	735	2697	2698	2699
713	735	714	2699	2700	2633
714	735	736	2700	2701	2702
714	736	715	2702	2703	2636
715	736	737	2703	2704	2705
715	737	716	2705	2706	2639
716	737	738	2706	2707	2708
716	738	717	2708	2709	2642
717	738	739	2709	2710	2711
717	739	718	2711	2712	2645
718	739	740	2712	2713	2714
718	740	719	2714	2715	2648
719	740	741	2715	2716	2717
719	741	720	2717	2718	2651
720	741	742	2718	2719	2720
720	742	721	2720	2721	2654
721	742	743	2721	2722	2723
721	743	722	2723	2724	2657
722	743	744	2724	2725	2726
722	744	723	2726	2727	2660
723	744	745	2727	2728	2729
723	745	724	2729	2730	2663
724	745	746	2730	2731	2732
724	746	725	2732	2733	2666
725	746	747	2733	2734	2735
725	747	726	2735	2736	2669
726	747	748	2736	2737	2738
726	748	727	2738	2739	2672
727	748	749	2739	2740	2741
727	749	728	2741	2742	2675
728	749	750	2742	2743	2744
728	750	729	2744	2745	2678
729	750	125	2745	2746	2747
729	125	124	2747	174	2681
26	27	751	76	2748	2749
26	751	730	2749	2750	2683
730	751	752	2750	2751	2752
730	752	731	2752	2753	2686
731	752	753	2753	2754	2755
731	753	732	2755	2756	2689
732	753	754	2756	2757	2758
732	754	733	2758	2759	2692
733	754	755	2759	2760	2761
733	755	734	2761	2762	2695
734	755	756	2762	2763	2764
734	756	735	2764	2765	2698
735	756	757	2765	2766	2767
735	757	736	2767	2768	2701
736	757	758	2768	2769	2770
736	758	737	2770	2771	2704
737	758	759	2771	2772	2773
737	759	738	2773	2774	2707
738	759	760	2774	2775	2776
738	760	739	2776	2777	2710
739	760	761	2777	2778	2779
739	761	740	2779	2780	2713
740	761	762	2780	2781	2782
740	762	741	2782	2783	2716
741	762	763	2783	2784	2785
741	763	742	2785	2786	2719
742	763	764	2786	2787	2788
742	764	743	2788	2789	2722
743	764	765	2789	2790	2791
743	765	744	2791	2792	2725
744	765	766	2792	2793	2794
744	766	745	2794	2795	2728
745	766	767	2795	2796	2797
745	767	746	2797	2798	2731
746	767	768	2798	2799	2800
746	768	747	2800	2801	2734
747	768	769	2801	2802	2803
747	769	748	2803	2804	2737
748	769	770	2804	2805	2806
748	770	749	2806	2807	2740
749	770	771	2807	2808	2809
749	771	750	2809	2810	2743
750	771	126	2810	2811	2812
750	126	125	2812	175	2746
27	28	772	77	2813	2814
27	772	751	2814	2815	2748
751	772	773	2815	2816	2817
751	773	752	2817	2818	2751
752	773	774	2818	2819	2820
752	774	753	2820	2821	2754
753	774	775	2821	2822	2823
753	775	754	2823	2824	2757
754	775	776	2824	2825	2826
754	776	755	2826	2827	2760
755	776	777	2827	2828	2829
755	777	756	2829	2830	2763
756	777	778	2830	2831	2832
756	778	757	2832	2833	2766
757	778	779	2833	2834	2835
757	779	758	2835	2836	2769
758	779	780	2836	2837	2838
758	780	759	2838	2839	2772
759	780	781	2839	2840	2841
759	781	760	2841	2842	2775
760	781	782	2842	2843	2844
760	782	761	2844	2845	2778
761	782	783	2845	2846	2847
761	783	762	2847	2848	2781
762	783	784	2848	2849	2850
762	784	763	2850	2851	2784
763	784	785	2851	2852	2853
763	785	764	2853	2854	2787
764	785	786	2854	2855	2856
764	786	765	2856	2857	2790
765	786	787	2857	2858	2859
765	787	766	2859	2860	2793
766	787	788	2860	2861	2862
766	788	767	2862	2863	2796
767	788	789	2863	2864	2865
767	789	768	2865	2866	2799
768	789	790	2866	2867	2868
768	790	769	2868	2869	2802
769	790	791	2869	2870	2871
769	791	770	2871	2872	2805
770	791	792	2872	2873	2874
770	792	771	2874	2875	2808
771	792	127	2875	2876	2877
771	127	126	2877	176	2811
28	29	793	78	2878	2879
28	793	772	2879	2880	2813
772	793	794	2880	2881	2882
772	794	773	2882	2883	2816
773	794	795	2883	2884	2885
773	795	774	2885	2886	2819
774	795	796	2886	2887	2888
774	796	775	2888	2889	2822
775	796	797	2889	2890	2891
775	797	776	2891	2892	2825
776	797	798	2892	2893	2894
776	798	777	2894	2895	2828
777	798	799	2895	2896	2897
777	799	778	2897	2898	2831
778	799	800	2898	2899	2900
778	800	779	2900	2901	2834
779	800	801	2901	2902	2903
779	801	780	2903	2904	2837
780	801	802	2904	2905	2906
780	802	781	2906	2907	2840
781	802	803	2907	2908	2909
781	803	782	2909	2910	2843
782	803	804	2910	2911	2912
782	804	783	2912	2913	2846
783	804	805	2913	2914	2915
783	805	784	2915	2916	2849
784	805	806	2916	2917	2918
784	806	785	2918	2919	2852
785	806	807	2919	2920	2921
785	807	786	2921	2922	2855
786	807	808	2922	2923	2924
786	808	787	2924	2925	2858
787	808	809	2925	2926	2927
787	809	788	2927	2928	2861
788	809	810	2928	2929	2930
788	810	789	2930	2931	2864
789	810	811	2931	2932	2933
789	811	790	2933	2934	2867
790	811	812	2934	2935	2936
790	812	791	2936	2937	2870
791	812	813	2937	2938	2939
791	813	792	2939	2940	2873
792	813	128	2940	2941	2942
792	128	127	2942	177	2876
29	30	814	79	2943	2944
29	814	793	2944	2945	2878
793	814	815	2945	2946	2947
793	815	794	2947	2948	2881
794	815	816	2948	2949	2950
794	816	795	2950	2951	2884
795	816	817	2951	2952	2953
795	817	796	2953	2954	2887
796	817	818	2954	2955	2956
796	818	797	2956	2957	2890
797	818	819	2957	2958	2959
797	819	798	2959	2960	2893
798	819	820	2960	2961	2962
798	820	799	2962	2963	2896
799	820	821	2963	2964	2965
799	821	800	2965	2966	2899
800	821	822	2966	2967	2968
800	822	801	2968	2969	2902
801	822	823	2969	2970	2971
801	823	802	2971	2972	2905
802	823	824	2972	2973	2974
802	824	803	2974	2975	2908
803	824	825	2975	2976	2977
803	825	804	2977	2978	2911
804	825	826	2978	2979	2980
804	826	805	2980	2981	2914
805	826	827	2981	2982	2983
805	827	806	2983	2984	2917
806	827	828	2984	2985	2986
806	828	807	2986	2987	2920
807	828	829	2987	2988	2989
807	829	808	2989	2990	2923
808	829	830	2990	2991	2992
808	830	809	2992	2993	2926
809	830	831	2993	2994	2995
809	831	810	2995	2996	2929
810	831	832	2996	2997	2998
810	832	811	2998	2999	2932
811	832	833	2999	3000	3001
811	833	812	3001	3002	2935
812	833	834	3002	3003	3004
812	834	813	3004	3005	2938
813	834	129	3005	3006	3007
813	129	128	3007	178	2941
30	31	835	80	3008	3009
30	835	814	3009	3010	2943
814	835	836	3010	3011	3012
814	836	815	3012	3013	2946
815	836	837	3013	3014	3015
815	837	816	3015	3016	2949
816	837	838	3016	3017	3018
816	838	817	3018	3019	2952
817	838	839	3019	3020	3021
817	839	818	3021	3022	2955
818	839	840	3022	3023	3024
818	840	819	3024	3025	2958
819	840	841	3025	3026	3027
819	841	820	3027	3028	2961
820	841	842	3028	3029	3030
820	842	821	3030	3031	2964
821	842	843	3031	3032	3033
821	843	822	3033	3034	2967
822	843	844	3034	3035	3036
822	844	823	3036	3037	2970
823	844	845	3037	3038	3039
823	845	824	3039	3040	2973
824	845	846	3040	3041	3042
824	846	825	3042	3043	2976
825	846	847	3043	3044	3045
825	847	826	3045	3046	2979
826	847	848	3046	3047	3048
826	848	827	3048	3049	2982
827	848	849	3049	3050	3051
827	849	828	3051	3052	2985
828	849	850	3052	3053	3054
828	850	829	3054	3055	2988
829	850	851	3055	3056	3057
829	851	830	3057	3058	2991
830	851	852	3058	3059	3060
830	852	831	3060	3061	2994
831	852	853	3061	3062	3063
831	853	832	3063	3064	2997
832	853	854	3064	3065	3066
832	854	833	3066	3067	3000
833	854	855	3067	3068	3069
833	855	834	3069	3070	3003
834	855	130	3070	3071	3072
834	130	129	3072	179	3006
31	32	856	81	3073	3074
31	856	835	3074	3075	3008
835	856	857	3075	3076	3077
835	857	836	3077	3078	3011
836	857	858	3078	3079	3080
836	858	837	3080	3081	3014
837	858	859	3081	3082	3083
837	859	838	3083	3084	3017
838	859	860	3084	3085	3086
838	860	839	3086	3087	3020
839	860	861	3087	3088	3089
839	861	840	3089	3090	3023
840	861	862	3090	3091	3092
840	862	841	3092	3093	3026
841	862	863	3093	3094	3095
841	863	842	3095	3096	3029
842	863	864	3096	3097	3098
842	864	843	3098	3099	3032
843	864	865	3099	3100	3101
843	865	844	3101	3102	3035
844	865	866	3102	3103	3104
844	866	845	3104	3105	3038
845	866	867	3105	3106	3107
845	867	846	3107	3108	3041
846	867	868	3108	3109	3110
846	868	847	3110	3111	3044
847	868	869	3111	3112	3113
847	869	848	3113	3114	3047
848	869	870	3114	3115	3116
848	870	849	3116	3117	3050
849	870	871	3117	3118	3119
849	871	850	3119	3120	3053
850	871	872	3120	3121	3122
850	872	851	3122	3123	3056
851	872	873	3123	3124	3125
851	873	852	3125	3126	3059
852	873	874	3126	3127	3128
852	874	853	3128	3129	3062
853	874	875	3129	3130	3131
853	875	854	3131	3132	3065
854	875	876	3132	3133	3134
854	876	855	3134	3135	3068
855	876	131	3135	3136	3137
855	131	130	3137	180	3071
32	33	877	82	3138	3139
32	877	856	3139	3140	3073
856	877	878	3140	3141	3142
856	878	857	3142	3143	3076
857	878	879	3143	3144	3145
857	879	858	3145	3146	3079
858	879	880	3146	3147	3148
858	880	859	3148	3149	3082
859	880	881	3149	3150	3151
859	881	860	3151	3152	3085
860	881	882	3152	3153	3154
860	882	861	3154	3155	3088
861	882	883	3155	3156	3157
861	883	862	3157	3158	3091
862	883	884	3158	3159	3160
862	884	863	3160	3161	3094
863	884	885	3161	3162	3163
863	885	864	3163	3164	3097
864	885	886	3164	3165	3166
864	886	865	3166	3167	3100
865	886	887	3167	3168	3169
865	887	866	3169	3170	3103
866	887	888	3170	3171	3172
866	888	867	3172	3173	3106
867	888	889	3173	3174	3175
867	889	868	3175	3176	3109
868	889	890	3176	3177	3178
868	890	869	3178	3179	3112
869	890	891	3179	3180	3181
869	891	870	3181	3182	3115
870	891	892	3182	3183	3184
870	892	871	3184	3185	3118
871	892	893	3185	3186	3187
871	893	872	3187	3188	3121
872	893	894	3188	3189	3190
872	894	873	3190	3191	3124
873	894	895	3191	3192	3193
873	895	874	3193	3194	3127
874	895	896	3194	3195	3196
874	896	875	3196	3197	3130
875	896	897	3197	3198	3199
875	897	876	3199	3200	3133
876	897	132	3200	3201	3202
876	132	131	3202	181	3136
33	34	898	83	3203	3204
33	898	877	3204	3205	3138
877	898	899	3205	3206	3207
877	899	878	3207	3208	3141
878	899	900	3208	3209	3210
878	900	879	3210	3211	3144
879	900	901	3211	3212	3213
879	901	880	3213	3214	3147
880	901	902	3214	3215	3216
880	902	881	3216	3217	3150
881	902	903	3217	3218	3219
881	903	882	3219	3220	3153
882	903	904	3220	3221	3222
882	904	883	3222	3223	3156
883	904	905	3223	3224	3225
883	905	884	3225	3226	3159
884	905	906	3226	3227	3228
884	906	885	3228	3229	3162
885	906	907	3229	3230	3231
885	907	886	3231	3232	3165
886	907	908	3232	3233	3234
886	908	887	3234	3235	3168
887	908	909	3235	3236	3237
887	909	888	3237	3238	3171
888	909	910	3238	3239	3240
888	910	889	3240	3241	3174
889	910	911	3241	3242	3243
889	911	890	3243	3244	3177
890	911	912	3244	3245	3246
890	912	891	3246	3247	3180
891	912	913	3247	3248	3249
891	913	892	3249	3250	3183
892	913	914	3250	3251	3252
892	914	893	3252	3253	3186
893	914	915	3253	3254	3255
893	915	894	3255	3256	3189
894	915	916	3256	3257	3258
894	916	895	3258	3259	3192
895	916	917	3259	3260	3261
895	917	896	3261	3262	3195
896	917	918	3262	3263	3264
896	918	897	3264	3265	3198
897	918	133	3265	3266	3267
897	133	132	3267	182	3201
34	35	919	84	3268	3269
34	919	898	3269	3270	3203
898	919	920	3270	3271	3272
898	920	899	3272	3273	3206
899	920	921	3273	3274	3275
899	921	900	3275	3276	3209
900	921	922	3276	3277	3278
900	922	901	3278	3279	3212
901	922	923	3279	3280	3281
901	923	902	3281	3282	3215
902	923	924	3282	3283	3284
902	924	903	3284	3285	3218
903	924	925	3285	3286	3287
903	925	904	3287	3288	3221
904	925	926	3288	3289	3290
904	926	905	3290	3291	3224
905	926	927	3291	3292	3293
905	927	906	3293	3294	3227
906	927	928	3294	3295	3296
906	928	907	3296	3297	3230
907	928	929	3297	3298	3299
907	929	908	3299	3300	3233
908	929	930	3300	3301	3302
908	930	909	3302	3303	3236
909	930	931	3303	3304	3305
909	931	910	3305	3306	3239
910	931	932	3306	3307	3308
910	932	911	3308	3309	3242
911	932	933	3309	3310	3311
911	933	912	3311	3312	3245
912	933	934	3312	3313	3314
912	934	913	3314	3315	3248
913	934	935	3315	3316	3317
913	935	914	3317	3318	3251
914	935	936	3318	3319	3320
914	936	915	3320	3321	3254
915	936	937	3321	3322	3323
915	937	916	3323	3324	3257
916	937	938	3324	3325	3326
916	938	917	3326	3327	3260
917	938	939	3327	3328	3329
917	939	918	3329	3330	3263
918	939	134	3330	3331	3332
918	134	133	3332	183	3266
35	36	940	85	3333	3334
35	940	919	3334	3335	3268
919	940	941	3335	3336	3337
919	941	920	3337	3338	3271
920	941	942	3338	3339	3340
920	942	921	3340	3341	3274
921	942	943	3341	3342	3343
921	943	922	3343	3344	3277
922	943	944	3344	3345	3346
922	944	923	3346	3347	3280
923	944	945	3347	3348	3349
923	945	924	3349	3350	3283
924	945	946	3350	3351	3352
924	946	925	3352	3353	3286
925	946	947	3353	3354	3355
925	947	926	3355	3356	3289
926	947	948	3356	3357	3358
926	948	927	3358	3359	3292
927	948	949	3359	3360	3361
927	949	928	3361	3362	3295
928	949	950	3362	3363	3364
928	950	929	3364	3365	3298
929	950	951	3365	3366	3367
929	951	930	3367	3368	3301
930	951	952	3368	3369	3370
930	952	931	3370	3371	3304
931	952	953	3371	3372	3373
931	953	932	3373	3374	3307
932	953	954	3374	3375	3376
932	954	933	3376	3377	3310
933	954	955	3377	3378	3379
933	955	934	3379	3380	3313
934	955	956	3380	3381	3382
934	956	935	3382	3383	3316
935	956	957	3383	3384	3385
935	957	936	3385	3386	3319
936	957	958	3386	3387	3388
936	958	937	3388	3389	3322
937	958	959	3389	3390	3391
937	959	938	3391	3392	3325
938	959	960	3392	3393	3394
938	960	939	3394	3395	3328
939	960	135	3395	3396	3397
939	135	134	3397	184	3331
36	37	961	86	3398	3399
36	961	940	3399	3400	3333
940	961	962	3400	3401	3402
940	962	941	3402	3403	3336
941	962	963	3403	3404	3405
941	963	942	3405	3406	3339
942	963	964	3406	3407	3408
942	964	943	3408	3409	3342
943	964	965	3409	3410	3411
943	965	944	3411	3412	3345
944	965	966	3412	3413	3414
944	966	945	3414	3415	3348
945	966	967	3415	3416	3417
945	967	946	3417	3418	3351
946	967	968	3418	3419	3420
946	968	947	3420	3421	3354
947	968	969	3421	3422	3423
947	969	948	3423	3424	3357
948	969	970	3424	3425	3426
948	970	949	3426	3427	3360
949	970	971	3427	3428	3429
949	971	950	3429	3430	3363
950	971	972	3430	3431	3432
950	972	951	3432	3433	3366
951	972	973	3433	3434	3435
951	973	952	3435	3436	3369
952	973	974	3436	3437	3438
952	974	953	3438	3439	3372
953	974	975	3439	3440	3441
953	975	954	3441	3442	3375
954	975	976	3442	3443	3444
954	976	955	3444	3445	3378
955	976	977	3445	3446	3447
955	977	956	3447	3448	3381
956	977	978	3448	3449	3450
956	978	957	3450	3451	3384
957	978	979	3451	3452	3453
957	979	958	3453	3454	3387
958	979	980	3454	3455	3456
958	980	959	3456	3457	3390
959	980	981	3457	3458	3459
959	981	960	3459	3460	3393
960	981	136	3460	3461	3462
960	136	135	3462	185	3396
37	38	982	87	3463	3464
37	982	961	3464	3465	3398
961	982	983	3465	3466	3467
961	983	962	3467	3468	3401
962	983	984	3468	3469	3470
962	984	963	3470	3471	3404
963	984	985	3471	3472	3473
963	985	964	3473	3474	3407
964	985	986	3474	3475	3476
964	986	965	3476	3477	3410
965	986	987	3477	3478	3479
965	987	966	3479	3480	3413
966	987	988	3480	3481	3482
966	988	967	3482	3483	3416
967	988	989	3483	3484	3485
967	989	968	3485	3486	3419
968	989	990	3486	3487	3488
968	990	969	3488	3489	3422
969	990	991	3489	3490	3491
969	991	970	3491	3492	3425
970	991	992	3492	3493	3494
970	992	971	3494	3495	3428
971	992	993	3495	3496	3497
971	993	972	3497	3498	3431
972	993	994	3498	3499	3500
972	994	973	3500	3501	3434
973	994	995	3501	3502	3503
973	995	974	3503	3504	3437
974	995	996	3504	3505	3506
974	996	975	3506	3507	3440
975	996	997	3507	3508	3509
975	997	976	3509	3510	3443
976	997	998	3510	3511	3512
976	998	977	3512	3513	3446
977	998	999	3513	3514	3515
977	999	978	3515	3516	3449
978	999	1000	3516	3517	3518
978	1000	979	3518	3519	3452
979	1000	1001	3519	3520	3521
979	1001	980	3521	3522	3455
980	1001	1002	3522	3523	3524
980	1002	981	3524	3525	3458
981	1002	137	3525	3526	3527
981	137	136	3527	186	3461
38	39	1003	88	3528	3529
38	1003	982	3529	3530	3463
982	1003	1004	3530	3531	3532
982	1004	983	3532	3533	3466
983	1004	1005	3533	3534	3535
983	1005	984	3535	3536	3469
984	1005	1006	3536	3537	3538
984	1006	985	3538	3539	3472
985	1006	1007	3539	3540	3541
985	1007	986	3541	3542	3475
986	1007	1008	3542	3543	3544
986	1008	987	3544	3545	3478
987	1008	1009	3545	3546	3547
987	1009	988	3547	3548	3481
988	1009	1010	3548	3549	3550
988	1010	989	3550	3551	3484
989	1010	1011	3551	3552	3553
989	1011	990	3553	3554	3487
990	1011	1012	3554	3555	3556
990	1012	991	3556	3557	3490
991	1012	1013	3557	3558	3559
991	1013	992	3559	3560	3493
992	1013	1014	3560	3561	3562
992	1014	993	3562	3563	3496
993	1014	1015	3563	3564	3565
993	1015	994	3565	3566	3499
994	1015	1016	3566	3567	3568
994	1016	995	3568	3569	3502
995	1016	1017	3569	3570	3571
995	1017	996	3571	3572	3505
996	1017	1018	3572	3573	3574
996	1018	997	3574	3575	3508
997	1018	1019	3575	3576	3577
997	1019	998	3577	3578	3511
998	1019	1020	3578	3579	3580
998	1020	999	3580	3581	3514
999	1020	1021	3581	3582	3583
999	1021	1000	3583	3584	3517
1000	1021	1022	3584	3585	3586
1000	1022	1001	3586	3587	3520
1001	1022	1023	3587	3588	3589
1001	1023	1002	3589	3590	3523
1002	1023	138	3590	3591	3592
1002	138	137	3592	187	3526
39	40	1024	89	3593	3594
39	1024	1003	3594	3595	3528
1003	1024	1025	3595	3596	3597
1003	1025	1004	3597	3598	3531
1004	1025	1026	3598	3599	3600
1004	1026	1005	3600	3601	3534
1005	1026	1027	3601	3602	3603
1005	1027	1006	3603	3604	3537
1006	1027	1028	3604	3605	3606
1006	1028	1007	3606	3607	3540
1007	1028	1029	3607	3608	3609
1007	1029	1008	3609	3610	3543
1008	1029	1030	3610	3611	3612
1008	1030	1009	3612	3613	3546
1009	1030	1031	3613	3614	3615
1009	1031	1010	3615	3616	3549
1010	1031	1032	3616	3617	3618
1010	1032	1011	3618	3619	3552
1011	1032	1033	3619	3620	3621
1011	1033	1012	3621	3622	3555
1012	1033	1034	3622	3623	3624
1012	1034	1013	3624	3625	3558
1013	1034	1035	3625	3626	3627
1013	1035	1014	3627	3628	3561
1014	1035	1036	3628	3629	3630
1014	1036	1015	3630	3631	3564
1015	1036	1037	3631	3632	3633
1015	1037	1016	3633	3634	3567
1016	1037	1038	3634	3635	3636
1016	1038	1017	3636	3637	3570
1017	1038	1039	3637	3638	3639
1017	1039	1018	3639	3640	3573
1018	1039	1040	3640	3641	3642
1018	1040	1019	3642	3643	3576
1019	1040	1041	3643	3644	3645
1019	1041	1020	3645	3646	3579
1020	1041	1042	3646	3647	3648
1020	1042	1021	3648	3649	3582
1021	1042	1043	3649	3650	3651
1021	1043	1022	3651	3652	3585
1022	1043	1044	3652	3653	3654
1022	1044	1023	3654	3655	3588
1023	1044	139	3655	3656	3657
1023	139	138	3657	188	3591
40	41	1045	90	3658	3659
40	1045	1024	3659	3660	3593
1024	1045	1046	3660	3661	3662
1024	1046	1025	3662	3663	3596
1025	1046	1047	3663	3664	3665
1025	1047	1026	3665	3666	3599
1026	1047	1048	3666	3667	3668
1026	1048	1027	3668	3669	3602
1027	1048	1049	3669	3670	3671
1027	1049	1028	3671	3672	3605
1028	1049	1050	3672	3673	3674
1028	1050	1029	3674	3675	3608
1029	1050	1051	3675	3676	3677
1029	1051	1030	3677	3678	3611
1030	1051	1052	3678	3679	3680
1030	1052	1031	3680	3681	3614
1031	1052	1053	3681	3682	3683
1031	1053	1032	3683	3684	3617
1032	1053	1054	3684	3685	3686
1032	1054	1033	3686	3687	3620
1033	1054	1055	3687	3688	3689
1033	1055	1034	3689	3690	3623
1034	1055	1056	3690	3691	3692
1034	1056	1035	3692	3693	3626
1035	1056	1057	3693	3694	3695
1035	1057	1036	3695	3696	3629
1036	1057	1058	3696	3697	3698
1036	1058	1037	3698	3699	3632
1037	1058	1059	3699	3700	3701
1037	1059	1038	3701	3702	3635
1038	1059	1060	3702	3703	3704
1038	1060	1039	3704	3705	3638
1039	1060	1061	3705	3706	3707
1039	1061	1040	3707	3708	3641
1040	1061	1062	3708	3709	3710
1040	1062	1041	3710	3711	3644
1041	1062	1063	3711	3712	3713
1041	1063	1042	3713	3714	3647
1042	1063	1064	3714	3715	3716
1042	1064	1043	3716	3717	3650
1043	1064	1065	3717	3718	3719
1043	1065	1044	3719	3720	3653
1044	1065	140	3720	3721	3722
1044	140	139	3722	189	3656
41	42	1066	91	3723	3724
41	1066	1045	3724	3725	3658
1045	1066	1067	3725	3726	3727
1045	1067	1046	3727	3728	3661
1046	1067	1068	3728	3729	3730
1046	1068	1047	3730	3731	3664
1047	1068	1069	3731	3732	3733
1047	1069	1048	3733	3734	3667
1048	1069	1070	3734	3735	3736
1048	1070	1049	3736	3737	3670
1049	1070	1071	3737	3738	3739
1049	1071	1050	3739	3740	3673
1050	1071	1072	3740	3741	3742
1050	1072	1051	3742	3743	3676
1051	1072	1073	3743	3744	3745
1051	1073	1052	3745	3746	3679
1052	1073	1074	3746	3747	3748
1052	1074	1053	3748	3749	3682
1053	1074	1075	3749	3750	3751
1053	1075	1054	3751	3752	3685
1054	1075	1076	3752	3753	3754
1054	1076	1055	3754	3755	3688
1055	1076	1077	3755	3756	3757
1055	1077	1056	3757	3758	3691
1056	1077	1078	3758	3759	3760
1056	1078	1057	3760	3761	3694
1057	1078	1079	3761	3762	3763
1057	1079	1058	3763	3764	3697
1058	1079	1080	3764	3765	3766
1058	1080	1059	3766	3767	3700
1059	1080	1081	3767	3768	3769
1059	1081	1060	3769	3770	3703
1060	1081	1082	3770	3771	3772
1060	1082	1061	3772	3773	3706
1061	1082	1083	3773	3774	3775
1061	1083	1062	3775	3776	3709
1062	1083	1084	3776	3777	3778
1062	1084	1063	3778	3779	3712
1063	1084	1085	3779	3780	3781
1063	1085	1064	3781	3782	3715
1064	1085	1086	3782	3783	3784
1064	1086	1065	3784	3785	3718
1065	1086	141	3785	3786	3787
1065	141	140	3787	190	3721
42	43	1087	92	3788	3789
42	1087	1066	3789	3790	3723
1066	1087	1088	3790	3791	3792
1066	1088	1067	3792	3793	3726
1067	1088	1089	3793	3794	3795
1067	1089	1068	3795	3796	3729
1068	1089	1090	3796	3797	3798
1068	1090	1069	3798	3799	3732
1069	1090	1091	3799	3800	3801
1069	1091	1070	3801	3802	3735
1070	1091	1092	3802	3803	3804
1070	1092	1071	3804	3805	3738
1071	1092	1093	3805	3806	3807
1071	1093	1072	3807	3808	3741
1072	1093	1094	3808	3809	3810
1072	1094	1073	3810	3811	3744
1073	1094	1095	3811	3812	3813
1073	1095	1074	3813	3814	3747
1074	1095	1096	3814	3815	3816
1074	1096	1075	3816	3817	3750
1075	1096	1097	3817	3818	3819
1075	1097	1076	3819	3820	3753
1076	1097	1098	3820	3821	3822
1076	1098	1077	3822	3823	3756
1077	1098	1099	3823	3824	3825
1077	1099	1078	3825	3826	3759
1078	1099	1100	3826	3827	3828
1078	1100	1079	3828	3829	3762
1079	1100	1101	3829	3830	3831
1079	1101	1080	3831	3832	3765
1080	1101	1102	3832	3833	3834
1080	1102	1081	3834	3835	3768
1081	1102	1103	3835	3836	3837
1081	1103	1082	3837	3838	3771
1082	1103	1104	3838	3839	3840
1082	1104	1083	3840	3841	3774
1083	1104	1105	3841	3842	3843
1083	1105	1084	3843	3844	3777
1084	1105	1106	3844	3845	3846
1084	1106	1085	3846	3847	3780
1085	1106	1107	3847	3848	3849
1085	1107	1086	3849	3850	3783
1086	1107	142	3850	3851	3852
1086	142	141	3852	191	3786
43	44	1108	93	3853	3854
43	1108	1087	3854	3855	3788
1087	1108	1109	3855	3856	3857
1087	1109	1088	3857	3858	3791
1088	1109	1110	3858	3859	3860
1088	1110	1089	3860	3861	3794
1089	1110	1111	3861	3862	3863
1089	1111	1090	3863	3864	3797
1090	1111	1112	3864	3865	3866
1090	1112	1091	3866	3867	3800
1091	1112	1113	3867	3868	3869
1091	1113	1092	3869	3870	3803
1092	1113	1114	3870	3871	3872
1092	1114	1093	3872	3873	3806
1093	1114	1115	3873	3874	3875
1093	1115	1094	3875	3876	3809
1094	1115	1116	3876	3877	3878
1094	1116	1095	3878	3879	3812
1095	1116	1117	3879	3880	3881
1095	1117	1096	3881	3882	3815
1096	1117	1118	3882	3883	3884
1096	1118	1097	3884	3885	3818
1097	1118	1119	3885	3886	3887
1097	1119	1098	3887	3888	3821
1098	1119	1120	3888	3889	3890
1098	1120	1099	3890	3891	3824
1099	1120	1121	3891	3892	3893
1099	1121	1100	3893	3894	3827
1100	1121	1122	3894	3895	3896
1100	1122	1101	3896	3897	3830
1101	1122	1123	3897	3898	3899
1101	1123	1102	3899	3900	3833
1102	1123	1124	3900	3901	3902
1102	1124	1103	3902	3903	3836
1103	1124	1125	3903	3904	3905
1103	1125	1104	3905	3906	3839
1104	1125	1126	3906	3907	3908
1104	1126	1105	3908	3909	3842
1105	1126	1127	3909	3910	3911
1105	1127	1106	3911	3912	3845
1106	1127	1128	3912	3913	3914
1106	1128	1107	3914	3915	3848
1107	1128	143	3915	3916	3917
1107	143	142	3917	192	3851
44	45	1129	94	3918	3919
44	1129	1108	3919	3920	3853
1108	1129	1130	3920	3921	3922
1108	1130	1109	3922	3923	3856
1109	1130	1131	3923	3924	3925
1109	1131	1110	3925	3926	3859
1110	1131	1132	3926	3927	3928
1110	1132	1111	3928	3929	3862
1111	1132	1133	3929	3930	3931
1111	1133	1112	3931	3932	3865
1112	1133	1134	3932	3933	3934
1112	1134	1113	3934	3935	3868
1113	1134	1135	3935	3936	3937
1113	1135	1114	3937	3938	3871
1114	1135	1136	3938	3939	3940
1114	1136	1115	3940	3941	3874
1115	1136	1137	3941	3942	3943
1115	1137	1116	3943	3944	3877
1116	1137	1138	3944	3945	3946
1116	1138	1117	3946	3947	3880
1117	1138	1139	3947	3948	3949
1117	1139	1118	3949	3950	3883
1118	1139	1140	3950	3951	3952
1118	1140	1119	3952	3953	3886
1119	1140	1141	3953	3954	3955
1119	1141	1120	3955	3956	3889
1120	1141	1142	3956	3957	3958
1120	1142	1121	3958	3959	3892
1121	1142	1143	3959	3960	3961
1121	1143	1122	3961	3962	3895
1122	1143	1144	3962	3963	3964
1122	1144	1123	3964	3965	3898
1123	1144	1145	3965	3966	3967
1123	1145	1124	3967	3968	3901
1124	1145	1146	3968	3969	3970
1124	1146	1125	3970	3971	3904
1125	1146	1147	3971	3972	3973
1125	1147	1126	3973	3974	3907
1126	1147	1148	3974	3975	3976
1126	1148	1127	3976	3977	3910
1127	1148	1149	3977	3978	3979
1127	1149	1128	3979	3980	3913
1128	1149	144	3980	3981	3982
1128	144	143	3982	193	3916
45	46	1150	95	3983	3984
45	1150	1129	3984	3985	3918
1129	1150	1151	3985	3986	3987
1129	1151	1130	3987	3988	3921
1130	1151	1152	3988	3989	3990
1130	1152	1131	3990	3991	3924
1131	1152	1153	3991	3992	3993
1131	1153	1132	3993	3994	3927
1132	1153	1154	3994	3995	3996
1132	1154	1133	3996	3997	3930
1133	1154	1155	3997	3998	3999
1133	1155	1134	3999	4000	3933
1134	1155	1156	4000	4001	4002
1134	1156	1135	4002	4003	3936
1135	1156	1157	4003	4004	4005
1135	1157	1136	4005	4006	3939
1136	1157	1158	4006	4007	4008
1136	1158	1137	4008	4009	3942
1137	1158	1159	4009	4010	4011
1137	1159	1138	4011	4012	3945
1138	1159	1160	4012	4013	4014
1138	1160	1139	4014	4015	3948
1139	1160	1161	4015	4016	4017
1139	1161	1140	4017	4018	3951
1140	1161	1162	4018	4019	4020
1140	1162	1141	4020	4021	3954
1141	1162	1163	4021	4022	4023
1141	1163	1142	4023	4024	3957
1142	1163	1164	4024	4025	4026
1142	1164	1143	4026	4027	3960
1143	1164	1165	4027	4028	4029
1143	1165	1144	4029	4030	3963
1144	1165	1166	4030	4031	4032
1144	1166	1145	4032	4033	3966
1145	1166	1167	4033	4034	4035
1145	1167	1146	4035	4036	3969
1146	1167	1168	4036	4037	4038
1146	1168	1147	4038	4039	3972
1147	1168	1169	4039	4040	4041
1147	1169	1148	4041	4042	3975
1148	1169	1170	4042	4043	4044
1148	1170	1149	4044	4045	3978
1149	1170	145	4045	4046	4047
1149	145	144	4047	194	3981
46	47	1171	96	4048	4049
46	1171	1150	4049	4050	3983
1150	1171	1172	4050	4051	4052
1150	1172	1151	4052	4053	3986
1151	1172	1173	4053	4054	4055
1151	1173	1152	4055	4056	3989
1152	1173	1174	4056	4057	4058
1152	1174	1153	4058	4059	3992
1153	1174	1175	4059	4060	4061
1153	1175	1154	4061	4062	3995
1154	1175	1176	4062	4063	4064
1154	1176	1155	4064	4065	3998
1155	1176	1177	4065	4066	4067
1155	1177	1156	4067	4068	4001
1156	1177	1178	4068	4069	4070
1156	1178	1157	4070	4071	4004
1157	1178	1179	4071	4072	4073
1157	1179	1158	4073	4074	4007
1158	1179	1180	4074	4075	4076
1158	1180	1159	4076	4077	4010
1159	1180	1181	4077	4078	4079
1159	1181	1160	4079	4080	4013
1160	1181	1182	4080	4081	4082
1160	1182	1161	4082	4083	4016
1161	1182	1183	4083	4084	4085
1161	1183	1162	4085	4086	4019
1162	1183	1184	4086	4087	4088
1162	1184	1163	4088	4089	4022
1163	1184	1185	4089	4090	4091
1163	1185	1164	4091	4092	4025
1164	1185	1186	4092	4093	4094
1164	1186	1165	4094	4095	4028
1165	1186	1187	4095	4096	4097
1165	1187	1166	4097	4098	4031
1166	1187	1188	4098	4099	4100
1166	1188	1167	4100	4101	4034
1167	1188	1189	4101	4102	4103
1167	1189	1168	4103	4104	4037
1168	1189	1190	4104	4105	4106
1168	1190	1169	4106	4107	4040
1169	1190	1191	4107	4108	4109
1169	1191	1170	4109	4110	4043
1170	1191	146	4110	4111	4112
1170	146	145	4112	195	4046
47	48	1192	97	4113	4114
47	1192	1171	4114	4115	4048
1171	1192	1193	4115	4116	4117
1171	1193	1172	4117	4118	4051
1172	1193	1194	4118	4119	4120
1172	1194	1173	4120	4121	4054
1173	1194	1195	4121	4122	4123
1173	1195	1174	4123	4124	4057
1174	1195	1196	4124	4125	4126
1174	1196	1175	4126	4127	4060
1175	1196	1197	4127	4128	4129
1175	1197	1176	4129	4130	4063
1176	1197	1198	4130	4131	4132
1176	1198	1177	4132	4133	4066
1177	1198	1199	4133	4134	4135
1177	1199	1178	4135	4136	4069
1178	1199	1200	4136	4137	4138
1178	1200	1179	4138	4139	4072
1179	1200	1201	4139	4140	4141
1179	1201	1180	4141	4142	4075
1180	1201	1202	4142	4143	4144
1180	1202	1181	4144	4145	4078
1181	1202	1203	4145	4146	4147
1181	1203	1182	4147	4148	4081
1182	1203	1204	4148	4149	4150
1182	1204	1183	4150	4151	4084
1183	1204	1205	4151	4152	4153
1183	1205	1184	4153	4154	4087
1184	1205	1206	4154	4155	4156
1184	1206	1185	4156	4157	4090
1185	1206	1207	4157	4158	4159
1185	1207	1186	4159	4160	4093
1186	1207	1208	4160	4161	4162
1186	1208	1187	4162	4163	4096
1187	1208	1209	4163	4164	4165
1187	1209	1188	4165	4166	4099
1188	1209	1210	4166	4167	4168
1188	1210	1189	4168	4169	4102
1189	1210	1211	4169	4170	4171
1189	1211	1190	4171	4172	4105
1190	1211	1212	4172	4173	4174
1190	1212	1191	4174	4175	4108
1191	1212	147	4175	4176	4177
1191	147	146	4177	196	4111
48	49	1213	98	4178	4179
48	1213	1192	4179	4180	4113
1192	1213	1214	4180	4181	4182
1192	1214	1193	4182	4183	4116
1193	1214	1215	4183	4184	4185
1193	1215	1194	4185	4186	4119
1194	1215	1216	4186	4187	4188
1194	1216	1195	4188	4189	4122
1195	1216	1217	4189	4190	4191
1195	1217	1196	4191	4192	4125
1196	1217	1218	4192	4193	4194
1196	1218	1197	4194	4195	4128
1197	1218	1219	4195	4196	4197
1197	1219	1198	4197	4198	4131
1198	1219	1220	4198	4199	4200
1198	1220	1199	4200	4201	4134
1199	1220	1221	4201	4202	4203
1199	1221	1200	4203	4204	4137
1200	1221	1222	4204	4205	4206
1200	1222	1201	4206	4207	4140
1201	1222	1223	4207	4208	4209
1201	1223	1202	4209	4210	4143
1202	1223	1224	4210	4211	4212
1202	1224	1203	4212	4213	4146
1203	1224	1225	4213	4214	4215
1203	1225	1204	4215	4216	4149
1204	1225	1226	4216	4217	4218
1204	1226	1205	4218	4219	4152
1205	1226	1227	4219	4220	4221
1205	1227	1206	4221	4222	4155
1206	1227	1228	4222	4223	4224
1206	1228	1207	4224	4225	4158
1207	1228	1229	4225	4226	4227
1207	1229	1208	4227	4228	4161
1208	1229	1230	4228	4229	4230
1208	1230	1209	4230	4231	4164
1209	1230	1231	4231	4232	4233
1209	1231	1210	4233	4234	4167
1210	1231	1232	4234	4235	4236
1210	1232	1211	4236	4237	4170
1211	1232	1233	4237	4238	4239
1211	1233	1212	4239	4240	4173
1212	1233	148	4240	4241	4242
1212	148	147	4242	197	4176
49	50	1234	99	4243	4244
49	1234	1213	4244	4245	4178
1213	1234	1235	4245	4246	4247
1213	1235	1214	4247	4248	4181
1214	1235	1236	4248	4249	4250
1214	1236	1215	4250	4251	4184
1215	1236	1237	4251	4252	4253
1215	1237	1216	4253	4254	4187
1216	1237	1238	4254	4255	4256
1216	1238	1217	4256	4257	4190
1217	1238	1239	4257	4258	4259
1217	1239	1218	4259	4260	4193
1218	1239	1240	4260	4261	4262
1218	1240	1219	4262	4263	4196
1219	1240	1241	4263	4264	4265
1219	1241	1220	4265	4266	4199
1220	1241	1242	4266	4267	4268
1220	1242	1221	4268	4269	4202
1221	1242	1243	4269	4270	4271
1221	1243	1222	4271	4272	4205
1222	1243	1244	4272	4273	4274
1222	1244	1223	4274	4275	4208
1223	1244	1245	4275	4276	4277
1223	1245	1224	4277	4278	4211
1224	1245	1246	4278	4279	4280
1224	1246	1225	4280	4281	4214
1225	1246	1247	4281	4282	4283
1225	1247	1226	4283	4284	4217
1226	1247	1248	4284	4285	4286
1226	1248	1227	4286	4287	4220
1227	1248	1249	4287	4288	4289
1227	1249	1228	4289	4290	4223
1228	1249	1250	4290	4291	4292
1228	1250	1229	4292	4293	4226
1229	1250	1251	4293	4294	4295
1229	1251	1230	4295	4296	4229
1230	1251	1252	4296	4297	4298
1230	1252	1231	4298	4299	4232
1231	1252	1253	4299	4300	4301
1231	1253	1232	4301	4302	4235
1232	1253	1254	4302	4303	4304
1232	1254	1233	4304	4305	4238
1233	1254	149	4305	4306	4307
1233	149	148	4307	198	4241
50	51	1255	100	4308	4309
50	1255	1234	4309	4310	4243
1234	1255	1256	4310	4311	4312
1234	1256	1235	4312	4313	4246
1235	1256	1257	4313	4314	4315
1235	1257	1236	4315	4316	4249
1236	1257	1258	4316	4317	4318
1236	1258	1237	4318	4319	4252
1237	1258	1259	4319	4320	4321
1237	1259	1238	4321	4322	4255
1238	1259	1260	4322	4323	4324
1238	1260	1239	4324	4325	4258
1239	1260	1261	4325	4326	4327
1239	1261	1240	4327	4328	4261
1240	1261	1262	4328	4329	4330
1240	1262	1241	4330	4331	4264
1241	1262	1263	4331	4332	4333
1241	1263	1242	4333	4334	4267
1242	1263	1264	4334	4335	4336
1242	1264	1243	4336	4337	4270
1243	1264	1265	4337	4338	4339
1243	1265	1244	4339	4340	4273
1244	1265	1266	4340	4341	4342
1244	1266	1245	4342	4343	4276
1245	1266	1267	4343	4344	4345
1245	1267	1246	4345	4346	4279
1246	1267	1268	4346	4347	4348
1246	1268	1247	4348	4349	4282
1247	1268	1269	4349	4350	4351
1247	1269	1248	4351	4352	4285
1248	1269	1270	4352	4353	4354
1248	1270	1249	4354	4355	4288
1249	1270	1271	4355	4356	4357
1249	1271	1250	4357	4358	4291
1250	1271	1272	4358	4359	4360
1250	1272	1251	4360	4361	4294
1251	1272	1273	4361	4362	4363
1251	1273	1252	4363	4364	4297
1252	1273	1274	4364	4365	4366
1252	1274	1253	4366	4367	4300
1253	1274	1275	4367	4368	4369
1253	1275	1254	4369	4370	4303
1254	1275	150	4370	4371	4372
1254	150	149	4372	199	4306
51	52	1276	101	4373	4374
51	1276	1255	4374	4375	4308
1255	1276	1277	4375	4376	4377
1255	1277	1256	4377	4378	4311
1256	1277	1278	4378	4379	4380
1256	1278	1257	4380	4381	4314
1257	1278	1279	4381	4382	4383
1257	1279	1258	4383	4384	4317
1258	1279	1280	4384	4385	4386
1258	1280	1259	4386	4387	4320
1259	1280	1281	4387	4388	4389
1259	1281	1260	4389	4390	4323
1260	1281	1282	4390	4391	4392
1260	1282	1261	4392	4393	4326
1261	1282	1283	4393	4394	4395
1261	1283	1262	4395	4396	4329
1262	1283	1284	4396	4397	4398
1262	1284	1263	4398	4399	4332
1263	1284	1285	4399	4400	4401
1263	1285	1264	4401	4402	4335
1264	1285	1286	4402	4403	4404
1264	1286	1265	4404	4405	4338
1265	1286	1287	4405	4406	4407
1265	1287	1266	4407	4408	4341
1266	1287	1288	4408	4409	4410
1266	1288	1267	4410	4411	4344
1267	1288	1289	4411	4412	4413
1267	1289	1268	4413	4414	4347
1268	1289	1290	4414	4415	4416
1268	1290	1269	4416	4417	4350
1269	1290	1291	4417	4418	4419
1269	1291	1270	4419	4420	4353
1270	1291	1292	4420	4421	4422
1270	1292	1271	4422	4423	4356
1271	1292	1293	4423	4424	4425
1271	1293	1272	4425	4426	4359
1272	1293	1294	4426	4427	4428
1272	1294	1273	4428	4429	4362
1273	1294	1295	4429	4430	4431
1273	1295	1274	4431	4432	4365
1274	1295	1296	4432	4433	4434
1274	1296	1275	4434	4435	4368
1275	1296	151	4435	4436	4437
1275	151	150	4437	200	4371
52	53	1297	102	4438	4439
52	1297	1276	4439	4440	4373
1276	1297	1298	4440	4441	4442
1276	1298	1277	4442	4443	4376
1277	1298	1299	4443	4444	4445
1277	1299	1278	4445	4446	4379
1278	1299	1300	4446	4447	4448
1278	1300	1279	4448	4449	4382
1279	1300	1301	4449	4450	4451
1279	1301	1280	4451	4452	4385
1280	1301	1302	4452	4453	4454
1280	1302	1281	4454	4455	4388
1281	1302	1303	4455	4456	4457
1281	1303	1282	4457	4458	4391
1282	1303	1304	4458	4459	4460
1282	1304	1283	4460	4461	4394
1283	1304	1305	4461	4462	4463
1283	1305	1284	4463	4464	4397
1284	1305	1306	4464	4465	4466
1284	1306	1285	4466	4467	4400
1285	1306	1307	4467	4468	4469
1285	1307	1286	4469	4470	4403
1286	1307	1308	4470	4471	4472
1286	1308	1287	4472	4473	4406
1287	1308	1309	4473	4474	4475
1287	1309	1288	4475	4476	4409
1288	1309	1310	4476	4477	4478
1288	1310	1289	4478	4479	4412
1289	1310	1311	4479	4480	4481
1289	1311	1290	4481	4482	4415
1290	1311	1312	4482	4483	4484
1290	1312	1291	4484	4485	4418
1291	1312	1313	4485	4486	4487
1291	1313	1292	4487	4488	4421
1292	1313	1314	4488	4489	4490
1292	1314	1293	4490	4491	4424
1293	1314	1315	4491	4492	4493
1293	1315	1294	4493	4494	4427
1294	1315	1316	4494	4495	4496
1294	1316	1295	4496	4497	4430
1295	1316	1317	4497	4498	4499
1295	1317	1296	4499	4500	4433
1296	1317	152	4500	4501	4502
1296	152	151	4502	201	4436
53	2	246	103	267	4503
53	246	1297	4503	4504	4438
1297	246	247	4504	268	4505
1297	247	1298	4505	4506	4441
1298	247	248	4506	269	4507
1298	248	1299	4507	4508	4444
1299	248	249	4508	270	4509
1299	249	1300	4509	4510	4447
1300	249	250	4510	271	4511
1300	250	1301	4511	4512	4450
1301	250	251	4512	272	4513
1301	251	1302	4513	4514	4453
1302	251	252	4514	273	4515
1302	252	1303	4515	4516	4456
1303	252	253	4516	274	4517
1303	253	1304	4517	4518	4459
1304	253	254	4518	275	4519
1304	254	1305	4519	4520	4462
1305	254	255	4520	276	4521
1305	255	1306	4521	4522	4465
1306	255	256	4522	277	4523
1306	256	1307	4523	4524	4468
1307	256	257	4524	278	4525
1307	257	1308	4525	4526	4471
1308	257	258	4526	279	4527
1308	258	1309	4527	4528	4474
1309	258	259	4528	280	4529
1309	259	1310	4529	4530	4477
1310	259	260	4530	281	4531
1310	260	1311	4531	4532	4480
1311	260	261	4532	282	4533
1311	261	1312	4533	4534	4483
1312	261	262	4534	283	4535
1312	262	1313	4535	4536	4486
1313	262	263	4536	284	4537
1313	263	1314	4537	4538	4489
1314	263	264	4538	285	4539
1314	264	1315	4539	4540	4492
1315	264	265	4540	286	4541
1315	265	1316	4541	4542	4495
1316	265	266	4542	287	4543
1316	266	1317	4543	4544	4498
1317	266	4	4544	288	4545
1317	4	152	4545	202	4501

--------------------------------------------------------------------------------
NUMBER OF BOUNDARY TYPES        TOTAL NUMBER OF ELEMENTS
--------------------------------------------------------------------------------
3                               144

--------------------------------------------------------------------------------
BOUNDARY 1        CONSTRAINS (0-free 1-const 2-glue)  VALUES (default = 0.)
NUMB. OF ELEM.    Ux     Uy     Uz                    Ux     Uy     Uz  
--------------------------------------------------------------------------------
22                1      1      0                     1.     0.     0.

--------------------------------------------------------------------------------
BOUNDARY 1 - CONNECTIVITY
-------------------------------------------------------------------------------
1	203	224
203	204	225
204	205	226
205	206	227
206	207	228
207	208	229
208	209	230
209	210	231
210	211	232
211	212	233
212	213	234
213	214	235
214	215	236
215	216	237
216	217	238
217	218	239
218	219	240
219	220	241
220	221	242
221	222	243
222	223	244
223	3	245

--------------------------------------------------------------------------------
BOUNDARY 2        CONSTRAINS (0-free 1-const 2-glue)  VALUES (default = 0.)
NUMB. OF ELEM.    Ux     Uy     Uz                    Ux     Uy     Uz  
--------------------------------------------------------------------------------
100               1      1      0                     0.     0.     0.

--------------------------------------------------------------------------------
BOUNDARY 2 - CONNECTIVITY
--------------------------------------------------------------------------------
1	5	54
5	6	55
6	7	56
7	8	57
8	9	58
9	10	59
10	11	60
11	12	61
12	13	62
13	14	63
14	15	64
15	16	65
16	17	66
17	18	67
18	19	68
19	20	69
20	21	70
21	22	71
22	23	72
23	24	73
24	25	74
25	26	75
26	27	76
27	28	77
28	29	78
29	30	79
30	31	80
31	32	81
32	33	82
33	34	83
34	35	84
35	36	85
36	37	86
37	38	87
38	39	88
39	40	89
40	41	90
41	42	91
42	43	92
43	44	93
44	45	94
45	46	95
46	47	96
47	48	97
48	49	98
49	50	99
50	51	100
51	52	101
52	53	102
53	2	103
3	104	153
104	105	154
105	106	155
106	107	156
107	108	157
108	109	158
109	110	159
110	111	160
111	112	161
112	113	162
113	114	163
114	115	164
115	116	165
116	117	166
117	118	167
118	119	168
119	120	169
120	121	170
121	122	171
122	123	172
123	124	173
124	125	174
125	126	175
126	127	176
127	128	177
128	129	178
129	130	179
130	131	180
131	132	181
132	133	182
133	134	183
134	135	184
135	136	185
136	137	186
137	138	187
138	139	188
139	140	189
140	141	190
141	142	191
142	143	192
143	144	193
144	145	194
145	146	195
146	147	196
147	148	197
148	149	198
149	150	199
150	151	200
151	152	201
152	4	202

--------------------------------------------------------------------------------
BOUNDARY 3        CONSTRAINS (0-free 1-const 2-glue)  VALUES (default = 0.)
NUMB. OF ELEM.    Ux     Uy     Uz                    Ux     Uy     Uz  
--------------------------------------------------------------------------------
22                0      0      0                     0.     0.     0.

--------------------------------------------------------------------------------
BOUNDARY 3 - CONNECTIVITY
--------------------------------------------------------------------------------
2	246	267
246	247	268
247	248	269
248	249	270
249	250	271
250	251	272
251	252	273
252	253	274
253	254	275
254	255	276
255	256	277
256	257	278
257	258	279
258	259	280
259	260	281
260	261	282
261	262	283
262	263	284
263	264	285
264	265	286
265	266	287
266	4	288
