--------------------------------------------------------------------------------
ELEMENTS        NODES        TIME STEPS     PRINTING FREQ
--------------------------------------------------------------------------------
2304            4896         100000         1

--------------------------------------------------------------------------------
UNDISTURBED VELOCITY AND PRESSURE
Ux      Uy      Uz      P
--------------------------------------------------------------------------------
1.0     0.0     0.0     0.0

--------------------------------------------------------------------------------
DENSITY      TEMPERATURE      VISCOSITY      THERMAL CONDITIVITY
--------------------------------------------------------------------------------
1.E0         300              0.01           0.0

--------------------------------------------------------------------------------
TIME STEP       TIME INTEGRATION SCHEME (1- Implicit Euler, 2- Adams-Bashforth)
--------------------------------------------------------------------------------
0.10            0.5

--------------------------------------------------------------------------------
EXTERNAL FIELD FORCES CONSTANTS
Gx       Gy       Gz
--------------------------------------------------------------------------------
0.0      0.0      0.0

--------------------------------------------------------------------------------
ARLEQUIN VARIABLES
GLUE ZONE THICKNESS     EPSILON     ENERGY WEIGHT FUNCTION (POL. DEGREE)
--------------------------------------------------------------------------------
1.0                     1E-2        1

--------------------------------------------------------------------------------
COMPUTE DRAG AND LIFT FORCES (0-No, 1-Yes)      BOUNDARY NUMBER
--------------------------------------------------------------------------------
0                                               1

--------------------------------------------------------------------------------
PRINT RESULTS (0-No, 1-Yes)
--------------------------------------------------------------------------------
1 - VELOCITY
1 - REAL VELOCITY
1 - LAGRANGE MULTIPLIERS
0 - ELEMENT CORRESPONDENCE
1 - DIST FUNCTION
1 - ENERGY WEIGHT FUNCTION
1 - PRESSURE
1 - REAL PRESSURE
1 - VORTICITY
0 - INNER NORMAL
0 - MESH VELOCITY
0 - MESH DISPLACEMENT
1 - GLUE ZONE
1 - JACOBIAN
1 - PROCESS

--------------------------------------------------------------------------------
NODAL COORDINATES
--------------------------------------------------------------------------------
4	3
9	3
9	8
4	8
6	5
7	5
6	6
7	6
6	3
7	3
6	8
7	8
4	5
4	6
9	5
9	6
11	3
16	3
16	8
11	8
13	5
14	5
13	6
14	6
13	3
14	3
13	8
14	8
11	5
11	6
16	5
16	6
18	3
23	3
23	8
18	8
20	5
21	5
20	6
21	6
20	3
21	3
20	8
21	8
18	5
18	6
23	5
23	6
6	5.75
6	5.5
6	5.25
6	5.875
6	5.625
6	5.375
6	5.125
6.25	5
6.5	5
6.75	5
6.125	5
6.375	5
6.625	5
6.875	5
7	5.25
7	5.5
7	5.75
7	5.125
7	5.375
7	5.625
7	5.875
6.75	6
6.5	6
6.25	6
6.875	6
6.625	6
6.375	6
6.125	6
4.25	3
4.5	3
4.75	3
5	3
5.25	3
5.5	3
5.75	3
4.125	3
4.375	3
4.625	3
4.875	3
5.125	3
5.375	3
5.625	3
5.875	3
7.25	3
7.5	3
7.75	3
8	3
8.25	3
8.5	3
8.75	3
7.125	3
7.375	3
7.625	3
7.875	3
8.125	3
8.375	3
8.625	3
8.875	3
9	3.25
9	3.5
9	3.75
9	4
9	4.25
9	4.5
9	4.75
9	3.125
9	3.375
9	3.625
9	3.875
9	4.125
9	4.375
9	4.625
9	4.875
9	6.25
9	6.5
9	6.75
9	7
9	7.25
9	7.5
9	7.75
9	6.125
9	6.375
9	6.625
9	6.875
9	7.125
9	7.375
9	7.625
9	7.875
8.75	8
8.5	8
8.25	8
8	8
7.75	8
7.5	8
7.25	8
8.875	8
8.625	8
8.375	8
8.125	8
7.875	8
7.625	8
7.375	8
7.125	8
5.75	8
5.5	8
5.25	8
5	8
4.75	8
4.5	8
4.25	8
5.875	8
5.625	8
5.375	8
5.125	8
4.875	8
4.625	8
4.375	8
4.125	8
4	6.25
4	6.5
4	6.75
4	7
4	7.25
4	7.5
4	7.75
4	6.125
4	6.375
4	6.625
4	6.875
4	7.125
4	7.375
4	7.625
4	7.875
4	4.75
4	4.5
4	4.25
4	4
4	3.75
4	3.5
4	3.25
4	4.875
4	4.625
4	4.375
4	4.125
4	3.875
4	3.625
4	3.375
4	3.125
4	5.75
4	5.5
4	5.25
4	5.875
4	5.625
4	5.375
4	5.125
6.25	3
6.5	3
6.75	3
6.125	3
6.375	3
6.625	3
6.875	3
9	5.25
9	5.5
9	5.75
9	5.125
9	5.375
9	5.625
9	5.875
6.75	8
6.5	8
6.25	8
6.875	8
6.625	8
6.375	8
6.125	8
5.75	6
5.5	6
5.25	6
5	6
4.75	6
4.5	6
4.25	6
5.875	6
5.625	6
5.375	6
5.125	6
4.875	6
4.625	6
4.375	6
4.125	6
4.25	5
4.5	5
4.75	5
5	5
5.25	5
5.5	5
5.75	5
4.125	5
4.375	5
4.625	5
4.875	5
5.125	5
5.375	5
5.625	5
5.875	5
6	4.75
6	4.5
6	4.25
6	4
6	3.75
6	3.5
6	3.25
6	4.875
6	4.625
6	4.375
6	4.125
6	3.875
6	3.625
6	3.375
6	3.125
7	4.75
7	4.5
7	4.25
7	4
7	3.75
7	3.5
7	3.25
7	4.875
7	4.625
7	4.375
7	4.125
7	3.875
7	3.625
7	3.375
7	3.125
7.25	5
7.5	5
7.75	5
8	5
8.25	5
8.5	5
8.75	5
7.125	5
7.375	5
7.625	5
7.875	5
8.125	5
8.375	5
8.625	5
8.875	5
7.25	6
7.5	6
7.75	6
8	6
8.25	6
8.5	6
8.75	6
7.125	6
7.375	6
7.625	6
7.875	6
8.125	6
8.375	6
8.625	6
8.875	6
7	6.25
7	6.5
7	6.75
7	7
7	7.25
7	7.5
7	7.75
7	6.125
7	6.375
7	6.625
7	6.875
7	7.125
7	7.375
7	7.625
7	7.875
6	7.75
6	7.5
6	7.25
6	7
6	6.75
6	6.5
6	6.25
6	7.875
6	7.625
6	7.375
6	7.125
6	6.875
6	6.625
6	6.375
6	6.125
13	5.75
13	5.5
13	5.25
13	5.875
13	5.625
13	5.375
13	5.125
13.25	5
13.5	5
13.75	5
13.125	5
13.375	5
13.625	5
13.875	5
14	5.25
14	5.5
14	5.75
14	5.125
14	5.375
14	5.625
14	5.875
13.75	6
13.5	6
13.25	6
13.875	6
13.625	6
13.375	6
13.125	6
11.25	3
11.5	3
11.75	3
12	3
12.25	3
12.5	3
12.75	3
11.125	3
11.375	3
11.625	3
11.875	3
12.125	3
12.375	3
12.625	3
12.875	3
14.25	3
14.5	3
14.75	3
15	3
15.25	3
15.5	3
15.75	3
14.125	3
14.375	3
14.625	3
14.875	3
15.125	3
15.375	3
15.625	3
15.875	3
16	3.25
16	3.5
16	3.75
16	4
16	4.25
16	4.5
16	4.75
16	3.125
16	3.375
16	3.625
16	3.875
16	4.125
16	4.375
16	4.625
16	4.875
16	6.25
16	6.5
16	6.75
16	7
16	7.25
16	7.5
16	7.75
16	6.125
16	6.375
16	6.625
16	6.875
16	7.125
16	7.375
16	7.625
16	7.875
15.75	8
15.5	8
15.25	8
15	8
14.75	8
14.5	8
14.25	8
15.875	8
15.625	8
15.375	8
15.125	8
14.875	8
14.625	8
14.375	8
14.125	8
12.75	8
12.5	8
12.25	8
12	8
11.75	8
11.5	8
11.25	8
12.875	8
12.625	8
12.375	8
12.125	8
11.875	8
11.625	8
11.375	8
11.125	8
11	6.25
11	6.5
11	6.75
11	7
11	7.25
11	7.5
11	7.75
11	6.125
11	6.375
11	6.625
11	6.875
11	7.125
11	7.375
11	7.625
11	7.875
11	4.75
11	4.5
11	4.25
11	4
11	3.75
11	3.5
11	3.25
11	4.875
11	4.625
11	4.375
11	4.125
11	3.875
11	3.625
11	3.375
11	3.125
11	5.75
11	5.5
11	5.25
11	5.875
11	5.625
11	5.375
11	5.125
13.25	3
13.5	3
13.75	3
13.125	3
13.375	3
13.625	3
13.875	3
16	5.25
16	5.5
16	5.75
16	5.125
16	5.375
16	5.625
16	5.875
13.75	8
13.5	8
13.25	8
13.875	8
13.625	8
13.375	8
13.125	8
12.75	6
12.5	6
12.25	6
12	6
11.75	6
11.5	6
11.25	6
12.875	6
12.625	6
12.375	6
12.125	6
11.875	6
11.625	6
11.375	6
11.125	6
11.25	5
11.5	5
11.75	5
12	5
12.25	5
12.5	5
12.75	5
11.125	5
11.375	5
11.625	5
11.875	5
12.125	5
12.375	5
12.625	5
12.875	5
13	4.75
13	4.5
13	4.25
13	4
13	3.75
13	3.5
13	3.25
13	4.875
13	4.625
13	4.375
13	4.125
13	3.875
13	3.625
13	3.375
13	3.125
14	4.75
14	4.5
14	4.25
14	4
14	3.75
14	3.5
14	3.25
14	4.875
14	4.625
14	4.375
14	4.125
14	3.875
14	3.625
14	3.375
14	3.125
14.25	5
14.5	5
14.75	5
15	5
15.25	5
15.5	5
15.75	5
14.125	5
14.375	5
14.625	5
14.875	5
15.125	5
15.375	5
15.625	5
15.875	5
14.25	6
14.5	6
14.75	6
15	6
15.25	6
15.5	6
15.75	6
14.125	6
14.375	6
14.625	6
14.875	6
15.125	6
15.375	6
15.625	6
15.875	6
14	6.25
14	6.5
14	6.75
14	7
14	7.25
14	7.5
14	7.75
14	6.125
14	6.375
14	6.625
14	6.875
14	7.125
14	7.375
14	7.625
14	7.875
13	7.75
13	7.5
13	7.25
13	7
13	6.75
13	6.5
13	6.25
13	7.875
13	7.625
13	7.375
13	7.125
13	6.875
13	6.625
13	6.375
13	6.125
20	5.75
20	5.5
20	5.25
20	5.875
20	5.625
20	5.375
20	5.125
20.25	5
20.5	5
20.75	5
20.125	5
20.375	5
20.625	5
20.875	5
21	5.25
21	5.5
21	5.75
21	5.125
21	5.375
21	5.625
21	5.875
20.75	6
20.5	6
20.25	6
20.875	6
20.625	6
20.375	6
20.125	6
18.25	3
18.5	3
18.75	3
19	3
19.25	3
19.5	3
19.75	3
18.125	3
18.375	3
18.625	3
18.875	3
19.125	3
19.375	3
19.625	3
19.875	3
21.25	3
21.5	3
21.75	3
22	3
22.25	3
22.5	3
22.75	3
21.125	3
21.375	3
21.625	3
21.875	3
22.125	3
22.375	3
22.625	3
22.875	3
23	3.25
23	3.5
23	3.75
23	4
23	4.25
23	4.5
23	4.75
23	3.125
23	3.375
23	3.625
23	3.875
23	4.125
23	4.375
23	4.625
23	4.875
23	6.25
23	6.5
23	6.75
23	7
23	7.25
23	7.5
23	7.75
23	6.125
23	6.375
23	6.625
23	6.875
23	7.125
23	7.375
23	7.625
23	7.875
22.75	8
22.5	8
22.25	8
22	8
21.75	8
21.5	8
21.25	8
22.875	8
22.625	8
22.375	8
22.125	8
21.875	8
21.625	8
21.375	8
21.125	8
19.75	8
19.5	8
19.25	8
19	8
18.75	8
18.5	8
18.25	8
19.875	8
19.625	8
19.375	8
19.125	8
18.875	8
18.625	8
18.375	8
18.125	8
18	6.25
18	6.5
18	6.75
18	7
18	7.25
18	7.5
18	7.75
18	6.125
18	6.375
18	6.625
18	6.875
18	7.125
18	7.375
18	7.625
18	7.875
18	4.75
18	4.5
18	4.25
18	4
18	3.75
18	3.5
18	3.25
18	4.875
18	4.625
18	4.375
18	4.125
18	3.875
18	3.625
18	3.375
18	3.125
18	5.75
18	5.5
18	5.25
18	5.875
18	5.625
18	5.375
18	5.125
20.25	3
20.5	3
20.75	3
20.125	3
20.375	3
20.625	3
20.875	3
23	5.25
23	5.5
23	5.75
23	5.125
23	5.375
23	5.625
23	5.875
20.75	8
20.5	8
20.25	8
20.875	8
20.625	8
20.375	8
20.125	8
19.75	6
19.5	6
19.25	6
19	6
18.75	6
18.5	6
18.25	6
19.875	6
19.625	6
19.375	6
19.125	6
18.875	6
18.625	6
18.375	6
18.125	6
18.25	5
18.5	5
18.75	5
19	5
19.25	5
19.5	5
19.75	5
18.125	5
18.375	5
18.625	5
18.875	5
19.125	5
19.375	5
19.625	5
19.875	5
20	4.75
20	4.5
20	4.25
20	4
20	3.75
20	3.5
20	3.25
20	4.875
20	4.625
20	4.375
20	4.125
20	3.875
20	3.625
20	3.375
20	3.125
21	4.75
21	4.5
21	4.25
21	4
21	3.75
21	3.5
21	3.25
21	4.875
21	4.625
21	4.375
21	4.125
21	3.875
21	3.625
21	3.375
21	3.125
21.25	5
21.5	5
21.75	5
22	5
22.25	5
22.5	5
22.75	5
21.125	5
21.375	5
21.625	5
21.875	5
22.125	5
22.375	5
22.625	5
22.875	5
21.25	6
21.5	6
21.75	6
22	6
22.25	6
22.5	6
22.75	6
21.125	6
21.375	6
21.625	6
21.875	6
22.125	6
22.375	6
22.625	6
22.875	6
21	6.25
21	6.5
21	6.75
21	7
21	7.25
21	7.5
21	7.75
21	6.125
21	6.375
21	6.625
21	6.875
21	7.125
21	7.375
21	7.625
21	7.875
20	7.75
20	7.5
20	7.25
20	7
20	6.75
20	6.5
20	6.25
20	7.875
20	7.625
20	7.375
20	7.125
20	6.875
20	6.625
20	6.375
20	6.125
4.25	4.75
4.25	4.5
4.25	4.25
4.25	4
4.25	3.75
4.25	3.5
4.25	3.25
4.5	4.75
4.5	4.5
4.5	4.25
4.5	4
4.5	3.75
4.5	3.5
4.5	3.25
4.75	4.75
4.75	4.5
4.75	4.25
4.75	4
4.75	3.75
4.75	3.5
4.75	3.25
5	4.75
5	4.5
5	4.25
5	4
5	3.75
5	3.5
5	3.25
5.25	4.75
5.25	4.5
5.25	4.25
5.25	4
5.25	3.75
5.25	3.5
5.25	3.25
5.5	4.75
5.5	4.5
5.5	4.25
5.5	4
5.5	3.75
5.5	3.5
5.5	3.25
5.75	4.75
5.75	4.5
5.75	4.25
5.75	4
5.75	3.75
5.75	3.5
5.75	3.25
4.125	4.875
4.125	4.75
4.25	4.875
4.125	4.625
4.125	4.5
4.25	4.625
4.125	4.375
4.125	4.25
4.25	4.375
4.125	4.125
4.125	4
4.25	4.125
4.125	3.875
4.125	3.75
4.25	3.875
4.125	3.625
4.125	3.5
4.25	3.625
4.125	3.375
4.125	3.25
4.25	3.375
4.125	3.125
4.25	3.125
4.375	4.875
4.375	4.75
4.5	4.875
4.375	4.625
4.375	4.5
4.5	4.625
4.375	4.375
4.375	4.25
4.5	4.375
4.375	4.125
4.375	4
4.5	4.125
4.375	3.875
4.375	3.75
4.5	3.875
4.375	3.625
4.375	3.5
4.5	3.625
4.375	3.375
4.375	3.25
4.5	3.375
4.375	3.125
4.5	3.125
4.625	4.875
4.625	4.75
4.75	4.875
4.625	4.625
4.625	4.5
4.75	4.625
4.625	4.375
4.625	4.25
4.75	4.375
4.625	4.125
4.625	4
4.75	4.125
4.625	3.875
4.625	3.75
4.75	3.875
4.625	3.625
4.625	3.5
4.75	3.625
4.625	3.375
4.625	3.25
4.75	3.375
4.625	3.125
4.75	3.125
4.875	4.875
4.875	4.75
5	4.875
4.875	4.625
4.875	4.5
5	4.625
4.875	4.375
4.875	4.25
5	4.375
4.875	4.125
4.875	4
5	4.125
4.875	3.875
4.875	3.75
5	3.875
4.875	3.625
4.875	3.5
5	3.625
4.875	3.375
4.875	3.25
5	3.375
4.875	3.125
5	3.125
5.125	4.875
5.125	4.75
5.25	4.875
5.125	4.625
5.125	4.5
5.25	4.625
5.125	4.375
5.125	4.25
5.25	4.375
5.125	4.125
5.125	4
5.25	4.125
5.125	3.875
5.125	3.75
5.25	3.875
5.125	3.625
5.125	3.5
5.25	3.625
5.125	3.375
5.125	3.25
5.25	3.375
5.125	3.125
5.25	3.125
5.375	4.875
5.375	4.75
5.5	4.875
5.375	4.625
5.375	4.5
5.5	4.625
5.375	4.375
5.375	4.25
5.5	4.375
5.375	4.125
5.375	4
5.5	4.125
5.375	3.875
5.375	3.75
5.5	3.875
5.375	3.625
5.375	3.5
5.5	3.625
5.375	3.375
5.375	3.25
5.5	3.375
5.375	3.125
5.5	3.125
5.625	4.875
5.625	4.75
5.75	4.875
5.625	4.625
5.625	4.5
5.75	4.625
5.625	4.375
5.625	4.25
5.75	4.375
5.625	4.125
5.625	4
5.75	4.125
5.625	3.875
5.625	3.75
5.75	3.875
5.625	3.625
5.625	3.5
5.75	3.625
5.625	3.375
5.625	3.25
5.75	3.375
5.625	3.125
5.75	3.125
5.875	4.875
5.875	4.75
5.875	4.625
5.875	4.5
5.875	4.375
5.875	4.25
5.875	4.125
5.875	4
5.875	3.875
5.875	3.75
5.875	3.625
5.875	3.5
5.875	3.375
5.875	3.25
5.875	3.125
6.25	4.75
6.5	4.75
6.75	4.75
6.25	4.5
6.5	4.5
6.75	4.5
6.25	4.25
6.5	4.25
6.75	4.25
6.25	4
6.5	4
6.75	4
6.25	3.75
6.5	3.75
6.75	3.75
6.25	3.5
6.5	3.5
6.75	3.5
6.25	3.25
6.5	3.25
6.75	3.25
6.125	4.875
6.125	4.75
6.25	4.875
6.375	4.875
6.375	4.75
6.5	4.875
6.625	4.875
6.625	4.75
6.75	4.875
6.875	4.875
6.875	4.75
6.125	4.625
6.125	4.5
6.25	4.625
6.375	4.625
6.375	4.5
6.5	4.625
6.625	4.625
6.625	4.5
6.75	4.625
6.875	4.625
6.875	4.5
6.125	4.375
6.125	4.25
6.25	4.375
6.375	4.375
6.375	4.25
6.5	4.375
6.625	4.375
6.625	4.25
6.75	4.375
6.875	4.375
6.875	4.25
6.125	4.125
6.125	4
6.25	4.125
6.375	4.125
6.375	4
6.5	4.125
6.625	4.125
6.625	4
6.75	4.125
6.875	4.125
6.875	4
6.125	3.875
6.125	3.75
6.25	3.875
6.375	3.875
6.375	3.75
6.5	3.875
6.625	3.875
6.625	3.75
6.75	3.875
6.875	3.875
6.875	3.75
6.125	3.625
6.125	3.5
6.25	3.625
6.375	3.625
6.375	3.5
6.5	3.625
6.625	3.625
6.625	3.5
6.75	3.625
6.875	3.625
6.875	3.5
6.125	3.375
6.125	3.25
6.25	3.375
6.375	3.375
6.375	3.25
6.5	3.375
6.625	3.375
6.625	3.25
6.75	3.375
6.875	3.375
6.875	3.25
6.125	3.125
6.25	3.125
6.375	3.125
6.5	3.125
6.625	3.125
6.75	3.125
6.875	3.125
7.25	4.75
7.5	4.75
7.75	4.75
8	4.75
8.25	4.75
8.5	4.75
8.75	4.75
7.25	4.5
7.5	4.5
7.75	4.5
8	4.5
8.25	4.5
8.5	4.5
8.75	4.5
7.25	4.25
7.5	4.25
7.75	4.25
8	4.25
8.25	4.25
8.5	4.25
8.75	4.25
7.25	4
7.5	4
7.75	4
8	4
8.25	4
8.5	4
8.75	4
7.25	3.75
7.5	3.75
7.75	3.75
8	3.75
8.25	3.75
8.5	3.75
8.75	3.75
7.25	3.5
7.5	3.5
7.75	3.5
8	3.5
8.25	3.5
8.5	3.5
8.75	3.5
7.25	3.25
7.5	3.25
7.75	3.25
8	3.25
8.25	3.25
8.5	3.25
8.75	3.25
7.125	4.875
7.125	4.75
7.25	4.875
7.375	4.875
7.375	4.75
7.5	4.875
7.625	4.875
7.625	4.75
7.75	4.875
7.875	4.875
7.875	4.75
8	4.875
8.125	4.875
8.125	4.75
8.25	4.875
8.375	4.875
8.375	4.75
8.5	4.875
8.625	4.875
8.625	4.75
8.75	4.875
8.875	4.875
8.875	4.75
7.125	4.625
7.125	4.5
7.25	4.625
7.375	4.625
7.375	4.5
7.5	4.625
7.625	4.625
7.625	4.5
7.75	4.625
7.875	4.625
7.875	4.5
8	4.625
8.125	4.625
8.125	4.5
8.25	4.625
8.375	4.625
8.375	4.5
8.5	4.625
8.625	4.625
8.625	4.5
8.75	4.625
8.875	4.625
8.875	4.5
7.125	4.375
7.125	4.25
7.25	4.375
7.375	4.375
7.375	4.25
7.5	4.375
7.625	4.375
7.625	4.25
7.75	4.375
7.875	4.375
7.875	4.25
8	4.375
8.125	4.375
8.125	4.25
8.25	4.375
8.375	4.375
8.375	4.25
8.5	4.375
8.625	4.375
8.625	4.25
8.75	4.375
8.875	4.375
8.875	4.25
7.125	4.125
7.125	4
7.25	4.125
7.375	4.125
7.375	4
7.5	4.125
7.625	4.125
7.625	4
7.75	4.125
7.875	4.125
7.875	4
8	4.125
8.125	4.125
8.125	4
8.25	4.125
8.375	4.125
8.375	4
8.5	4.125
8.625	4.125
8.625	4
8.75	4.125
8.875	4.125
8.875	4
7.125	3.875
7.125	3.75
7.25	3.875
7.375	3.875
7.375	3.75
7.5	3.875
7.625	3.875
7.625	3.75
7.75	3.875
7.875	3.875
7.875	3.75
8	3.875
8.125	3.875
8.125	3.75
8.25	3.875
8.375	3.875
8.375	3.75
8.5	3.875
8.625	3.875
8.625	3.75
8.75	3.875
8.875	3.875
8.875	3.75
7.125	3.625
7.125	3.5
7.25	3.625
7.375	3.625
7.375	3.5
7.5	3.625
7.625	3.625
7.625	3.5
7.75	3.625
7.875	3.625
7.875	3.5
8	3.625
8.125	3.625
8.125	3.5
8.25	3.625
8.375	3.625
8.375	3.5
8.5	3.625
8.625	3.625
8.625	3.5
8.75	3.625
8.875	3.625
8.875	3.5
7.125	3.375
7.125	3.25
7.25	3.375
7.375	3.375
7.375	3.25
7.5	3.375
7.625	3.375
7.625	3.25
7.75	3.375
7.875	3.375
7.875	3.25
8	3.375
8.125	3.375
8.125	3.25
8.25	3.375
8.375	3.375
8.375	3.25
8.5	3.375
8.625	3.375
8.625	3.25
8.75	3.375
8.875	3.375
8.875	3.25
7.125	3.125
7.25	3.125
7.375	3.125
7.5	3.125
7.625	3.125
7.75	3.125
7.875	3.125
8	3.125
8.125	3.125
8.25	3.125
8.375	3.125
8.5	3.125
8.625	3.125
8.75	3.125
8.875	3.125
7.25	5.25
7.25	5.5
7.25	5.75
7.5	5.25
7.5	5.5
7.5	5.75
7.75	5.25
7.75	5.5
7.75	5.75
8	5.25
8	5.5
8	5.75
8.25	5.25
8.25	5.5
8.25	5.75
8.5	5.25
8.5	5.5
8.5	5.75
8.75	5.25
8.75	5.5
8.75	5.75
7.25	5.125
7.125	5.125
7.125	5.25
7.25	5.375
7.125	5.375
7.125	5.5
7.25	5.625
7.125	5.625
7.125	5.75
7.25	5.875
7.125	5.875
7.5	5.125
7.375	5.125
7.375	5.25
7.5	5.375
7.375	5.375
7.375	5.5
7.5	5.625
7.375	5.625
7.375	5.75
7.5	5.875
7.375	5.875
7.75	5.125
7.625	5.125
7.625	5.25
7.75	5.375
7.625	5.375
7.625	5.5
7.75	5.625
7.625	5.625
7.625	5.75
7.75	5.875
7.625	5.875
8	5.125
7.875	5.125
7.875	5.25
8	5.375
7.875	5.375
7.875	5.5
8	5.625
7.875	5.625
7.875	5.75
8	5.875
7.875	5.875
8.25	5.125
8.125	5.125
8.125	5.25
8.25	5.375
8.125	5.375
8.125	5.5
8.25	5.625
8.125	5.625
8.125	5.75
8.25	5.875
8.125	5.875
8.5	5.125
8.375	5.125
8.375	5.25
8.5	5.375
8.375	5.375
8.375	5.5
8.5	5.625
8.375	5.625
8.375	5.75
8.5	5.875
8.375	5.875
8.75	5.125
8.625	5.125
8.625	5.25
8.75	5.375
8.625	5.375
8.625	5.5
8.75	5.625
8.625	5.625
8.625	5.75
8.75	5.875
8.625	5.875
8.875	5.125
8.875	5.25
8.875	5.375
8.875	5.5
8.875	5.625
8.875	5.75
8.875	5.875
7.25	6.25
7.25	6.5
7.25	6.75
7.25	7
7.25	7.25
7.25	7.5
7.25	7.75
7.5	6.25
7.5	6.5
7.5	6.75
7.5	7
7.5	7.25
7.5	7.5
7.5	7.75
7.75	6.25
7.75	6.5
7.75	6.75
7.75	7
7.75	7.25
7.75	7.5
7.75	7.75
8	6.25
8	6.5
8	6.75
8	7
8	7.25
8	7.5
8	7.75
8.25	6.25
8.25	6.5
8.25	6.75
8.25	7
8.25	7.25
8.25	7.5
8.25	7.75
8.5	6.25
8.5	6.5
8.5	6.75
8.5	7
8.5	7.25
8.5	7.5
8.5	7.75
8.75	6.25
8.75	6.5
8.75	6.75
8.75	7
8.75	7.25
8.75	7.5
8.75	7.75
7.25	6.125
7.125	6.125
7.125	6.25
7.25	6.375
7.125	6.375
7.125	6.5
7.25	6.625
7.125	6.625
7.125	6.75
7.25	6.875
7.125	6.875
7.125	7
7.25	7.125
7.125	7.125
7.125	7.25
7.25	7.375
7.125	7.375
7.125	7.5
7.25	7.625
7.125	7.625
7.125	7.75
7.25	7.875
7.125	7.875
7.5	6.125
7.375	6.125
7.375	6.25
7.5	6.375
7.375	6.375
7.375	6.5
7.5	6.625
7.375	6.625
7.375	6.75
7.5	6.875
7.375	6.875
7.375	7
7.5	7.125
7.375	7.125
7.375	7.25
7.5	7.375
7.375	7.375
7.375	7.5
7.5	7.625
7.375	7.625
7.375	7.75
7.5	7.875
7.375	7.875
7.75	6.125
7.625	6.125
7.625	6.25
7.75	6.375
7.625	6.375
7.625	6.5
7.75	6.625
7.625	6.625
7.625	6.75
7.75	6.875
7.625	6.875
7.625	7
7.75	7.125
7.625	7.125
7.625	7.25
7.75	7.375
7.625	7.375
7.625	7.5
7.75	7.625
7.625	7.625
7.625	7.75
7.75	7.875
7.625	7.875
8	6.125
7.875	6.125
7.875	6.25
8	6.375
7.875	6.375
7.875	6.5
8	6.625
7.875	6.625
7.875	6.75
8	6.875
7.875	6.875
7.875	7
8	7.125
7.875	7.125
7.875	7.25
8	7.375
7.875	7.375
7.875	7.5
8	7.625
7.875	7.625
7.875	7.75
8	7.875
7.875	7.875
8.25	6.125
8.125	6.125
8.125	6.25
8.25	6.375
8.125	6.375
8.125	6.5
8.25	6.625
8.125	6.625
8.125	6.75
8.25	6.875
8.125	6.875
8.125	7
8.25	7.125
8.125	7.125
8.125	7.25
8.25	7.375
8.125	7.375
8.125	7.5
8.25	7.625
8.125	7.625
8.125	7.75
8.25	7.875
8.125	7.875
8.5	6.125
8.375	6.125
8.375	6.25
8.5	6.375
8.375	6.375
8.375	6.5
8.5	6.625
8.375	6.625
8.375	6.75
8.5	6.875
8.375	6.875
8.375	7
8.5	7.125
8.375	7.125
8.375	7.25
8.5	7.375
8.375	7.375
8.375	7.5
8.5	7.625
8.375	7.625
8.375	7.75
8.5	7.875
8.375	7.875
8.75	6.125
8.625	6.125
8.625	6.25
8.75	6.375
8.625	6.375
8.625	6.5
8.75	6.625
8.625	6.625
8.625	6.75
8.75	6.875
8.625	6.875
8.625	7
8.75	7.125
8.625	7.125
8.625	7.25
8.75	7.375
8.625	7.375
8.625	7.5
8.75	7.625
8.625	7.625
8.625	7.75
8.75	7.875
8.625	7.875
8.875	6.125
8.875	6.25
8.875	6.375
8.875	6.5
8.875	6.625
8.875	6.75
8.875	6.875
8.875	7
8.875	7.125
8.875	7.25
8.875	7.375
8.875	7.5
8.875	7.625
8.875	7.75
8.875	7.875
6.75	6.25
6.75	6.5
6.75	6.75
6.75	7
6.75	7.25
6.75	7.5
6.75	7.75
6.5	6.25
6.5	6.5
6.5	6.75
6.5	7
6.5	7.25
6.5	7.5
6.5	7.75
6.25	6.25
6.25	6.5
6.25	6.75
6.25	7
6.25	7.25
6.25	7.5
6.25	7.75
6.875	6.125
6.875	6.25
6.75	6.125
6.875	6.375
6.875	6.5
6.75	6.375
6.875	6.625
6.875	6.75
6.75	6.625
6.875	6.875
6.875	7
6.75	6.875
6.875	7.125
6.875	7.25
6.75	7.125
6.875	7.375
6.875	7.5
6.75	7.375
6.875	7.625
6.875	7.75
6.75	7.625
6.875	7.875
6.75	7.875
6.625	6.125
6.625	6.25
6.5	6.125
6.625	6.375
6.625	6.5
6.5	6.375
6.625	6.625
6.625	6.75
6.5	6.625
6.625	6.875
6.625	7
6.5	6.875
6.625	7.125
6.625	7.25
6.5	7.125
6.625	7.375
6.625	7.5
6.5	7.375
6.625	7.625
6.625	7.75
6.5	7.625
6.625	7.875
6.5	7.875
6.375	6.125
6.375	6.25
6.25	6.125
6.375	6.375
6.375	6.5
6.25	6.375
6.375	6.625
6.375	6.75
6.25	6.625
6.375	6.875
6.375	7
6.25	6.875
6.375	7.125
6.375	7.25
6.25	7.125
6.375	7.375
6.375	7.5
6.25	7.375
6.375	7.625
6.375	7.75
6.25	7.625
6.375	7.875
6.25	7.875
6.125	6.125
6.125	6.25
6.125	6.375
6.125	6.5
6.125	6.625
6.125	6.75
6.125	6.875
6.125	7
6.125	7.125
6.125	7.25
6.125	7.375
6.125	7.5
6.125	7.625
6.125	7.75
6.125	7.875
5.75	7.75
5.5	7.75
5.25	7.75
5	7.75
4.75	7.75
4.5	7.75
4.25	7.75
5.75	7.5
5.5	7.5
5.25	7.5
5	7.5
4.75	7.5
4.5	7.5
4.25	7.5
5.75	7.25
5.5	7.25
5.25	7.25
5	7.25
4.75	7.25
4.5	7.25
4.25	7.25
5.75	7
5.5	7
5.25	7
5	7
4.75	7
4.5	7
4.25	7
5.75	6.75
5.5	6.75
5.25	6.75
5	6.75
4.75	6.75
4.5	6.75
4.25	6.75
5.75	6.5
5.5	6.5
5.25	6.5
5	6.5
4.75	6.5
4.5	6.5
4.25	6.5
5.75	6.25
5.5	6.25
5.25	6.25
5	6.25
4.75	6.25
4.5	6.25
4.25	6.25
5.875	7.875
5.875	7.75
5.75	7.875
5.625	7.875
5.625	7.75
5.5	7.875
5.375	7.875
5.375	7.75
5.25	7.875
5.125	7.875
5.125	7.75
5	7.875
4.875	7.875
4.875	7.75
4.75	7.875
4.625	7.875
4.625	7.75
4.5	7.875
4.375	7.875
4.375	7.75
4.25	7.875
4.125	7.875
4.125	7.75
5.875	7.625
5.875	7.5
5.75	7.625
5.625	7.625
5.625	7.5
5.5	7.625
5.375	7.625
5.375	7.5
5.25	7.625
5.125	7.625
5.125	7.5
5	7.625
4.875	7.625
4.875	7.5
4.75	7.625
4.625	7.625
4.625	7.5
4.5	7.625
4.375	7.625
4.375	7.5
4.25	7.625
4.125	7.625
4.125	7.5
5.875	7.375
5.875	7.25
5.75	7.375
5.625	7.375
5.625	7.25
5.5	7.375
5.375	7.375
5.375	7.25
5.25	7.375
5.125	7.375
5.125	7.25
5	7.375
4.875	7.375
4.875	7.25
4.75	7.375
4.625	7.375
4.625	7.25
4.5	7.375
4.375	7.375
4.375	7.25
4.25	7.375
4.125	7.375
4.125	7.25
5.875	7.125
5.875	7
5.75	7.125
5.625	7.125
5.625	7
5.5	7.125
5.375	7.125
5.375	7
5.25	7.125
5.125	7.125
5.125	7
5	7.125
4.875	7.125
4.875	7
4.75	7.125
4.625	7.125
4.625	7
4.5	7.125
4.375	7.125
4.375	7
4.25	7.125
4.125	7.125
4.125	7
5.875	6.875
5.875	6.75
5.75	6.875
5.625	6.875
5.625	6.75
5.5	6.875
5.375	6.875
5.375	6.75
5.25	6.875
5.125	6.875
5.125	6.75
5	6.875
4.875	6.875
4.875	6.75
4.75	6.875
4.625	6.875
4.625	6.75
4.5	6.875
4.375	6.875
4.375	6.75
4.25	6.875
4.125	6.875
4.125	6.75
5.875	6.625
5.875	6.5
5.75	6.625
5.625	6.625
5.625	6.5
5.5	6.625
5.375	6.625
5.375	6.5
5.25	6.625
5.125	6.625
5.125	6.5
5	6.625
4.875	6.625
4.875	6.5
4.75	6.625
4.625	6.625
4.625	6.5
4.5	6.625
4.375	6.625
4.375	6.5
4.25	6.625
4.125	6.625
4.125	6.5
5.875	6.375
5.875	6.25
5.75	6.375
5.625	6.375
5.625	6.25
5.5	6.375
5.375	6.375
5.375	6.25
5.25	6.375
5.125	6.375
5.125	6.25
5	6.375
4.875	6.375
4.875	6.25
4.75	6.375
4.625	6.375
4.625	6.25
4.5	6.375
4.375	6.375
4.375	6.25
4.25	6.375
4.125	6.375
4.125	6.25
5.875	6.125
5.75	6.125
5.625	6.125
5.5	6.125
5.375	6.125
5.25	6.125
5.125	6.125
5	6.125
4.875	6.125
4.75	6.125
4.625	6.125
4.5	6.125
4.375	6.125
4.25	6.125
4.125	6.125
5.75	5.75
5.75	5.5
5.75	5.25
5.5	5.75
5.5	5.5
5.5	5.25
5.25	5.75
5.25	5.5
5.25	5.25
5	5.75
5	5.5
5	5.25
4.75	5.75
4.75	5.5
4.75	5.25
4.5	5.75
4.5	5.5
4.5	5.25
4.25	5.75
4.25	5.5
4.25	5.25
5.75	5.875
5.875	5.875
5.875	5.75
5.75	5.625
5.875	5.625
5.875	5.5
5.75	5.375
5.875	5.375
5.875	5.25
5.75	5.125
5.875	5.125
5.5	5.875
5.625	5.875
5.625	5.75
5.5	5.625
5.625	5.625
5.625	5.5
5.5	5.375
5.625	5.375
5.625	5.25
5.5	5.125
5.625	5.125
5.25	5.875
5.375	5.875
5.375	5.75
5.25	5.625
5.375	5.625
5.375	5.5
5.25	5.375
5.375	5.375
5.375	5.25
5.25	5.125
5.375	5.125
5	5.875
5.125	5.875
5.125	5.75
5	5.625
5.125	5.625
5.125	5.5
5	5.375
5.125	5.375
5.125	5.25
5	5.125
5.125	5.125
4.75	5.875
4.875	5.875
4.875	5.75
4.75	5.625
4.875	5.625
4.875	5.5
4.75	5.375
4.875	5.375
4.875	5.25
4.75	5.125
4.875	5.125
4.5	5.875
4.625	5.875
4.625	5.75
4.5	5.625
4.625	5.625
4.625	5.5
4.5	5.375
4.625	5.375
4.625	5.25
4.5	5.125
4.625	5.125
4.25	5.875
4.375	5.875
4.375	5.75
4.25	5.625
4.375	5.625
4.375	5.5
4.25	5.375
4.375	5.375
4.375	5.25
4.25	5.125
4.375	5.125
4.125	5.875
4.125	5.75
4.125	5.625
4.125	5.5
4.125	5.375
4.125	5.25
4.125	5.125
11.25	4.75
11.25	4.5
11.25	4.25
11.25	4
11.25	3.75
11.25	3.5
11.25	3.25
11.5	4.75
11.5	4.5
11.5	4.25
11.5	4
11.5	3.75
11.5	3.5
11.5	3.25
11.75	4.75
11.75	4.5
11.75	4.25
11.75	4
11.75	3.75
11.75	3.5
11.75	3.25
12	4.75
12	4.5
12	4.25
12	4
12	3.75
12	3.5
12	3.25
12.25	4.75
12.25	4.5
12.25	4.25
12.25	4
12.25	3.75
12.25	3.5
12.25	3.25
12.5	4.75
12.5	4.5
12.5	4.25
12.5	4
12.5	3.75
12.5	3.5
12.5	3.25
12.75	4.75
12.75	4.5
12.75	4.25
12.75	4
12.75	3.75
12.75	3.5
12.75	3.25
11.125	4.875
11.125	4.75
11.25	4.875
11.125	4.625
11.125	4.5
11.25	4.625
11.125	4.375
11.125	4.25
11.25	4.375
11.125	4.125
11.125	4
11.25	4.125
11.125	3.875
11.125	3.75
11.25	3.875
11.125	3.625
11.125	3.5
11.25	3.625
11.125	3.375
11.125	3.25
11.25	3.375
11.125	3.125
11.25	3.125
11.375	4.875
11.375	4.75
11.5	4.875
11.375	4.625
11.375	4.5
11.5	4.625
11.375	4.375
11.375	4.25
11.5	4.375
11.375	4.125
11.375	4
11.5	4.125
11.375	3.875
11.375	3.75
11.5	3.875
11.375	3.625
11.375	3.5
11.5	3.625
11.375	3.375
11.375	3.25
11.5	3.375
11.375	3.125
11.5	3.125
11.625	4.875
11.625	4.75
11.75	4.875
11.625	4.625
11.625	4.5
11.75	4.625
11.625	4.375
11.625	4.25
11.75	4.375
11.625	4.125
11.625	4
11.75	4.125
11.625	3.875
11.625	3.75
11.75	3.875
11.625	3.625
11.625	3.5
11.75	3.625
11.625	3.375
11.625	3.25
11.75	3.375
11.625	3.125
11.75	3.125
11.875	4.875
11.875	4.75
12	4.875
11.875	4.625
11.875	4.5
12	4.625
11.875	4.375
11.875	4.25
12	4.375
11.875	4.125
11.875	4
12	4.125
11.875	3.875
11.875	3.75
12	3.875
11.875	3.625
11.875	3.5
12	3.625
11.875	3.375
11.875	3.25
12	3.375
11.875	3.125
12	3.125
12.125	4.875
12.125	4.75
12.25	4.875
12.125	4.625
12.125	4.5
12.25	4.625
12.125	4.375
12.125	4.25
12.25	4.375
12.125	4.125
12.125	4
12.25	4.125
12.125	3.875
12.125	3.75
12.25	3.875
12.125	3.625
12.125	3.5
12.25	3.625
12.125	3.375
12.125	3.25
12.25	3.375
12.125	3.125
12.25	3.125
12.375	4.875
12.375	4.75
12.5	4.875
12.375	4.625
12.375	4.5
12.5	4.625
12.375	4.375
12.375	4.25
12.5	4.375
12.375	4.125
12.375	4
12.5	4.125
12.375	3.875
12.375	3.75
12.5	3.875
12.375	3.625
12.375	3.5
12.5	3.625
12.375	3.375
12.375	3.25
12.5	3.375
12.375	3.125
12.5	3.125
12.625	4.875
12.625	4.75
12.75	4.875
12.625	4.625
12.625	4.5
12.75	4.625
12.625	4.375
12.625	4.25
12.75	4.375
12.625	4.125
12.625	4
12.75	4.125
12.625	3.875
12.625	3.75
12.75	3.875
12.625	3.625
12.625	3.5
12.75	3.625
12.625	3.375
12.625	3.25
12.75	3.375
12.625	3.125
12.75	3.125
12.875	4.875
12.875	4.75
12.875	4.625
12.875	4.5
12.875	4.375
12.875	4.25
12.875	4.125
12.875	4
12.875	3.875
12.875	3.75
12.875	3.625
12.875	3.5
12.875	3.375
12.875	3.25
12.875	3.125
13.25	4.75
13.5	4.75
13.75	4.75
13.25	4.5
13.5	4.5
13.75	4.5
13.25	4.25
13.5	4.25
13.75	4.25
13.25	4
13.5	4
13.75	4
13.25	3.75
13.5	3.75
13.75	3.75
13.25	3.5
13.5	3.5
13.75	3.5
13.25	3.25
13.5	3.25
13.75	3.25
13.125	4.875
13.125	4.75
13.25	4.875
13.375	4.875
13.375	4.75
13.5	4.875
13.625	4.875
13.625	4.75
13.75	4.875
13.875	4.875
13.875	4.75
13.125	4.625
13.125	4.5
13.25	4.625
13.375	4.625
13.375	4.5
13.5	4.625
13.625	4.625
13.625	4.5
13.75	4.625
13.875	4.625
13.875	4.5
13.125	4.375
13.125	4.25
13.25	4.375
13.375	4.375
13.375	4.25
13.5	4.375
13.625	4.375
13.625	4.25
13.75	4.375
13.875	4.375
13.875	4.25
13.125	4.125
13.125	4
13.25	4.125
13.375	4.125
13.375	4
13.5	4.125
13.625	4.125
13.625	4
13.75	4.125
13.875	4.125
13.875	4
13.125	3.875
13.125	3.75
13.25	3.875
13.375	3.875
13.375	3.75
13.5	3.875
13.625	3.875
13.625	3.75
13.75	3.875
13.875	3.875
13.875	3.75
13.125	3.625
13.125	3.5
13.25	3.625
13.375	3.625
13.375	3.5
13.5	3.625
13.625	3.625
13.625	3.5
13.75	3.625
13.875	3.625
13.875	3.5
13.125	3.375
13.125	3.25
13.25	3.375
13.375	3.375
13.375	3.25
13.5	3.375
13.625	3.375
13.625	3.25
13.75	3.375
13.875	3.375
13.875	3.25
13.125	3.125
13.25	3.125
13.375	3.125
13.5	3.125
13.625	3.125
13.75	3.125
13.875	3.125
14.25	4.75
14.5	4.75
14.75	4.75
15	4.75
15.25	4.75
15.5	4.75
15.75	4.75
14.25	4.5
14.5	4.5
14.75	4.5
15	4.5
15.25	4.5
15.5	4.5
15.75	4.5
14.25	4.25
14.5	4.25
14.75	4.25
15	4.25
15.25	4.25
15.5	4.25
15.75	4.25
14.25	4
14.5	4
14.75	4
15	4
15.25	4
15.5	4
15.75	4
14.25	3.75
14.5	3.75
14.75	3.75
15	3.75
15.25	3.75
15.5	3.75
15.75	3.75
14.25	3.5
14.5	3.5
14.75	3.5
15	3.5
15.25	3.5
15.5	3.5
15.75	3.5
14.25	3.25
14.5	3.25
14.75	3.25
15	3.25
15.25	3.25
15.5	3.25
15.75	3.25
14.125	4.875
14.125	4.75
14.25	4.875
14.375	4.875
14.375	4.75
14.5	4.875
14.625	4.875
14.625	4.75
14.75	4.875
14.875	4.875
14.875	4.75
15	4.875
15.125	4.875
15.125	4.75
15.25	4.875
15.375	4.875
15.375	4.75
15.5	4.875
15.625	4.875
15.625	4.75
15.75	4.875
15.875	4.875
15.875	4.75
14.125	4.625
14.125	4.5
14.25	4.625
14.375	4.625
14.375	4.5
14.5	4.625
14.625	4.625
14.625	4.5
14.75	4.625
14.875	4.625
14.875	4.5
15	4.625
15.125	4.625
15.125	4.5
15.25	4.625
15.375	4.625
15.375	4.5
15.5	4.625
15.625	4.625
15.625	4.5
15.75	4.625
15.875	4.625
15.875	4.5
14.125	4.375
14.125	4.25
14.25	4.375
14.375	4.375
14.375	4.25
14.5	4.375
14.625	4.375
14.625	4.25
14.75	4.375
14.875	4.375
14.875	4.25
15	4.375
15.125	4.375
15.125	4.25
15.25	4.375
15.375	4.375
15.375	4.25
15.5	4.375
15.625	4.375
15.625	4.25
15.75	4.375
15.875	4.375
15.875	4.25
14.125	4.125
14.125	4
14.25	4.125
14.375	4.125
14.375	4
14.5	4.125
14.625	4.125
14.625	4
14.75	4.125
14.875	4.125
14.875	4
15	4.125
15.125	4.125
15.125	4
15.25	4.125
15.375	4.125
15.375	4
15.5	4.125
15.625	4.125
15.625	4
15.75	4.125
15.875	4.125
15.875	4
14.125	3.875
14.125	3.75
14.25	3.875
14.375	3.875
14.375	3.75
14.5	3.875
14.625	3.875
14.625	3.75
14.75	3.875
14.875	3.875
14.875	3.75
15	3.875
15.125	3.875
15.125	3.75
15.25	3.875
15.375	3.875
15.375	3.75
15.5	3.875
15.625	3.875
15.625	3.75
15.75	3.875
15.875	3.875
15.875	3.75
14.125	3.625
14.125	3.5
14.25	3.625
14.375	3.625
14.375	3.5
14.5	3.625
14.625	3.625
14.625	3.5
14.75	3.625
14.875	3.625
14.875	3.5
15	3.625
15.125	3.625
15.125	3.5
15.25	3.625
15.375	3.625
15.375	3.5
15.5	3.625
15.625	3.625
15.625	3.5
15.75	3.625
15.875	3.625
15.875	3.5
14.125	3.375
14.125	3.25
14.25	3.375
14.375	3.375
14.375	3.25
14.5	3.375
14.625	3.375
14.625	3.25
14.75	3.375
14.875	3.375
14.875	3.25
15	3.375
15.125	3.375
15.125	3.25
15.25	3.375
15.375	3.375
15.375	3.25
15.5	3.375
15.625	3.375
15.625	3.25
15.75	3.375
15.875	3.375
15.875	3.25
14.125	3.125
14.25	3.125
14.375	3.125
14.5	3.125
14.625	3.125
14.75	3.125
14.875	3.125
15	3.125
15.125	3.125
15.25	3.125
15.375	3.125
15.5	3.125
15.625	3.125
15.75	3.125
15.875	3.125
14.25	5.25
14.25	5.5
14.25	5.75
14.5	5.25
14.5	5.5
14.5	5.75
14.75	5.25
14.75	5.5
14.75	5.75
15	5.25
15	5.5
15	5.75
15.25	5.25
15.25	5.5
15.25	5.75
15.5	5.25
15.5	5.5
15.5	5.75
15.75	5.25
15.75	5.5
15.75	5.75
14.25	5.125
14.125	5.125
14.125	5.25
14.25	5.375
14.125	5.375
14.125	5.5
14.25	5.625
14.125	5.625
14.125	5.75
14.25	5.875
14.125	5.875
14.5	5.125
14.375	5.125
14.375	5.25
14.5	5.375
14.375	5.375
14.375	5.5
14.5	5.625
14.375	5.625
14.375	5.75
14.5	5.875
14.375	5.875
14.75	5.125
14.625	5.125
14.625	5.25
14.75	5.375
14.625	5.375
14.625	5.5
14.75	5.625
14.625	5.625
14.625	5.75
14.75	5.875
14.625	5.875
15	5.125
14.875	5.125
14.875	5.25
15	5.375
14.875	5.375
14.875	5.5
15	5.625
14.875	5.625
14.875	5.75
15	5.875
14.875	5.875
15.25	5.125
15.125	5.125
15.125	5.25
15.25	5.375
15.125	5.375
15.125	5.5
15.25	5.625
15.125	5.625
15.125	5.75
15.25	5.875
15.125	5.875
15.5	5.125
15.375	5.125
15.375	5.25
15.5	5.375
15.375	5.375
15.375	5.5
15.5	5.625
15.375	5.625
15.375	5.75
15.5	5.875
15.375	5.875
15.75	5.125
15.625	5.125
15.625	5.25
15.75	5.375
15.625	5.375
15.625	5.5
15.75	5.625
15.625	5.625
15.625	5.75
15.75	5.875
15.625	5.875
15.875	5.125
15.875	5.25
15.875	5.375
15.875	5.5
15.875	5.625
15.875	5.75
15.875	5.875
14.25	6.25
14.25	6.5
14.25	6.75
14.25	7
14.25	7.25
14.25	7.5
14.25	7.75
14.5	6.25
14.5	6.5
14.5	6.75
14.5	7
14.5	7.25
14.5	7.5
14.5	7.75
14.75	6.25
14.75	6.5
14.75	6.75
14.75	7
14.75	7.25
14.75	7.5
14.75	7.75
15	6.25
15	6.5
15	6.75
15	7
15	7.25
15	7.5
15	7.75
15.25	6.25
15.25	6.5
15.25	6.75
15.25	7
15.25	7.25
15.25	7.5
15.25	7.75
15.5	6.25
15.5	6.5
15.5	6.75
15.5	7
15.5	7.25
15.5	7.5
15.5	7.75
15.75	6.25
15.75	6.5
15.75	6.75
15.75	7
15.75	7.25
15.75	7.5
15.75	7.75
14.25	6.125
14.125	6.125
14.125	6.25
14.25	6.375
14.125	6.375
14.125	6.5
14.25	6.625
14.125	6.625
14.125	6.75
14.25	6.875
14.125	6.875
14.125	7
14.25	7.125
14.125	7.125
14.125	7.25
14.25	7.375
14.125	7.375
14.125	7.5
14.25	7.625
14.125	7.625
14.125	7.75
14.25	7.875
14.125	7.875
14.5	6.125
14.375	6.125
14.375	6.25
14.5	6.375
14.375	6.375
14.375	6.5
14.5	6.625
14.375	6.625
14.375	6.75
14.5	6.875
14.375	6.875
14.375	7
14.5	7.125
14.375	7.125
14.375	7.25
14.5	7.375
14.375	7.375
14.375	7.5
14.5	7.625
14.375	7.625
14.375	7.75
14.5	7.875
14.375	7.875
14.75	6.125
14.625	6.125
14.625	6.25
14.75	6.375
14.625	6.375
14.625	6.5
14.75	6.625
14.625	6.625
14.625	6.75
14.75	6.875
14.625	6.875
14.625	7
14.75	7.125
14.625	7.125
14.625	7.25
14.75	7.375
14.625	7.375
14.625	7.5
14.75	7.625
14.625	7.625
14.625	7.75
14.75	7.875
14.625	7.875
15	6.125
14.875	6.125
14.875	6.25
15	6.375
14.875	6.375
14.875	6.5
15	6.625
14.875	6.625
14.875	6.75
15	6.875
14.875	6.875
14.875	7
15	7.125
14.875	7.125
14.875	7.25
15	7.375
14.875	7.375
14.875	7.5
15	7.625
14.875	7.625
14.875	7.75
15	7.875
14.875	7.875
15.25	6.125
15.125	6.125
15.125	6.25
15.25	6.375
15.125	6.375
15.125	6.5
15.25	6.625
15.125	6.625
15.125	6.75
15.25	6.875
15.125	6.875
15.125	7
15.25	7.125
15.125	7.125
15.125	7.25
15.25	7.375
15.125	7.375
15.125	7.5
15.25	7.625
15.125	7.625
15.125	7.75
15.25	7.875
15.125	7.875
15.5	6.125
15.375	6.125
15.375	6.25
15.5	6.375
15.375	6.375
15.375	6.5
15.5	6.625
15.375	6.625
15.375	6.75
15.5	6.875
15.375	6.875
15.375	7
15.5	7.125
15.375	7.125
15.375	7.25
15.5	7.375
15.375	7.375
15.375	7.5
15.5	7.625
15.375	7.625
15.375	7.75
15.5	7.875
15.375	7.875
15.75	6.125
15.625	6.125
15.625	6.25
15.75	6.375
15.625	6.375
15.625	6.5
15.75	6.625
15.625	6.625
15.625	6.75
15.75	6.875
15.625	6.875
15.625	7
15.75	7.125
15.625	7.125
15.625	7.25
15.75	7.375
15.625	7.375
15.625	7.5
15.75	7.625
15.625	7.625
15.625	7.75
15.75	7.875
15.625	7.875
15.875	6.125
15.875	6.25
15.875	6.375
15.875	6.5
15.875	6.625
15.875	6.75
15.875	6.875
15.875	7
15.875	7.125
15.875	7.25
15.875	7.375
15.875	7.5
15.875	7.625
15.875	7.75
15.875	7.875
13.75	6.25
13.75	6.5
13.75	6.75
13.75	7
13.75	7.25
13.75	7.5
13.75	7.75
13.5	6.25
13.5	6.5
13.5	6.75
13.5	7
13.5	7.25
13.5	7.5
13.5	7.75
13.25	6.25
13.25	6.5
13.25	6.75
13.25	7
13.25	7.25
13.25	7.5
13.25	7.75
13.875	6.125
13.875	6.25
13.75	6.125
13.875	6.375
13.875	6.5
13.75	6.375
13.875	6.625
13.875	6.75
13.75	6.625
13.875	6.875
13.875	7
13.75	6.875
13.875	7.125
13.875	7.25
13.75	7.125
13.875	7.375
13.875	7.5
13.75	7.375
13.875	7.625
13.875	7.75
13.75	7.625
13.875	7.875
13.75	7.875
13.625	6.125
13.625	6.25
13.5	6.125
13.625	6.375
13.625	6.5
13.5	6.375
13.625	6.625
13.625	6.75
13.5	6.625
13.625	6.875
13.625	7
13.5	6.875
13.625	7.125
13.625	7.25
13.5	7.125
13.625	7.375
13.625	7.5
13.5	7.375
13.625	7.625
13.625	7.75
13.5	7.625
13.625	7.875
13.5	7.875
13.375	6.125
13.375	6.25
13.25	6.125
13.375	6.375
13.375	6.5
13.25	6.375
13.375	6.625
13.375	6.75
13.25	6.625
13.375	6.875
13.375	7
13.25	6.875
13.375	7.125
13.375	7.25
13.25	7.125
13.375	7.375
13.375	7.5
13.25	7.375
13.375	7.625
13.375	7.75
13.25	7.625
13.375	7.875
13.25	7.875
13.125	6.125
13.125	6.25
13.125	6.375
13.125	6.5
13.125	6.625
13.125	6.75
13.125	6.875
13.125	7
13.125	7.125
13.125	7.25
13.125	7.375
13.125	7.5
13.125	7.625
13.125	7.75
13.125	7.875
12.75	7.75
12.5	7.75
12.25	7.75
12	7.75
11.75	7.75
11.5	7.75
11.25	7.75
12.75	7.5
12.5	7.5
12.25	7.5
12	7.5
11.75	7.5
11.5	7.5
11.25	7.5
12.75	7.25
12.5	7.25
12.25	7.25
12	7.25
11.75	7.25
11.5	7.25
11.25	7.25
12.75	7
12.5	7
12.25	7
12	7
11.75	7
11.5	7
11.25	7
12.75	6.75
12.5	6.75
12.25	6.75
12	6.75
11.75	6.75
11.5	6.75
11.25	6.75
12.75	6.5
12.5	6.5
12.25	6.5
12	6.5
11.75	6.5
11.5	6.5
11.25	6.5
12.75	6.25
12.5	6.25
12.25	6.25
12	6.25
11.75	6.25
11.5	6.25
11.25	6.25
12.875	7.875
12.875	7.75
12.75	7.875
12.625	7.875
12.625	7.75
12.5	7.875
12.375	7.875
12.375	7.75
12.25	7.875
12.125	7.875
12.125	7.75
12	7.875
11.875	7.875
11.875	7.75
11.75	7.875
11.625	7.875
11.625	7.75
11.5	7.875
11.375	7.875
11.375	7.75
11.25	7.875
11.125	7.875
11.125	7.75
12.875	7.625
12.875	7.5
12.75	7.625
12.625	7.625
12.625	7.5
12.5	7.625
12.375	7.625
12.375	7.5
12.25	7.625
12.125	7.625
12.125	7.5
12	7.625
11.875	7.625
11.875	7.5
11.75	7.625
11.625	7.625
11.625	7.5
11.5	7.625
11.375	7.625
11.375	7.5
11.25	7.625
11.125	7.625
11.125	7.5
12.875	7.375
12.875	7.25
12.75	7.375
12.625	7.375
12.625	7.25
12.5	7.375
12.375	7.375
12.375	7.25
12.25	7.375
12.125	7.375
12.125	7.25
12	7.375
11.875	7.375
11.875	7.25
11.75	7.375
11.625	7.375
11.625	7.25
11.5	7.375
11.375	7.375
11.375	7.25
11.25	7.375
11.125	7.375
11.125	7.25
12.875	7.125
12.875	7
12.75	7.125
12.625	7.125
12.625	7
12.5	7.125
12.375	7.125
12.375	7
12.25	7.125
12.125	7.125
12.125	7
12	7.125
11.875	7.125
11.875	7
11.75	7.125
11.625	7.125
11.625	7
11.5	7.125
11.375	7.125
11.375	7
11.25	7.125
11.125	7.125
11.125	7
12.875	6.875
12.875	6.75
12.75	6.875
12.625	6.875
12.625	6.75
12.5	6.875
12.375	6.875
12.375	6.75
12.25	6.875
12.125	6.875
12.125	6.75
12	6.875
11.875	6.875
11.875	6.75
11.75	6.875
11.625	6.875
11.625	6.75
11.5	6.875
11.375	6.875
11.375	6.75
11.25	6.875
11.125	6.875
11.125	6.75
12.875	6.625
12.875	6.5
12.75	6.625
12.625	6.625
12.625	6.5
12.5	6.625
12.375	6.625
12.375	6.5
12.25	6.625
12.125	6.625
12.125	6.5
12	6.625
11.875	6.625
11.875	6.5
11.75	6.625
11.625	6.625
11.625	6.5
11.5	6.625
11.375	6.625
11.375	6.5
11.25	6.625
11.125	6.625
11.125	6.5
12.875	6.375
12.875	6.25
12.75	6.375
12.625	6.375
12.625	6.25
12.5	6.375
12.375	6.375
12.375	6.25
12.25	6.375
12.125	6.375
12.125	6.25
12	6.375
11.875	6.375
11.875	6.25
11.75	6.375
11.625	6.375
11.625	6.25
11.5	6.375
11.375	6.375
11.375	6.25
11.25	6.375
11.125	6.375
11.125	6.25
12.875	6.125
12.75	6.125
12.625	6.125
12.5	6.125
12.375	6.125
12.25	6.125
12.125	6.125
12	6.125
11.875	6.125
11.75	6.125
11.625	6.125
11.5	6.125
11.375	6.125
11.25	6.125
11.125	6.125
12.75	5.75
12.75	5.5
12.75	5.25
12.5	5.75
12.5	5.5
12.5	5.25
12.25	5.75
12.25	5.5
12.25	5.25
12	5.75
12	5.5
12	5.25
11.75	5.75
11.75	5.5
11.75	5.25
11.5	5.75
11.5	5.5
11.5	5.25
11.25	5.75
11.25	5.5
11.25	5.25
12.75	5.875
12.875	5.875
12.875	5.75
12.75	5.625
12.875	5.625
12.875	5.5
12.75	5.375
12.875	5.375
12.875	5.25
12.75	5.125
12.875	5.125
12.5	5.875
12.625	5.875
12.625	5.75
12.5	5.625
12.625	5.625
12.625	5.5
12.5	5.375
12.625	5.375
12.625	5.25
12.5	5.125
12.625	5.125
12.25	5.875
12.375	5.875
12.375	5.75
12.25	5.625
12.375	5.625
12.375	5.5
12.25	5.375
12.375	5.375
12.375	5.25
12.25	5.125
12.375	5.125
12	5.875
12.125	5.875
12.125	5.75
12	5.625
12.125	5.625
12.125	5.5
12	5.375
12.125	5.375
12.125	5.25
12	5.125
12.125	5.125
11.75	5.875
11.875	5.875
11.875	5.75
11.75	5.625
11.875	5.625
11.875	5.5
11.75	5.375
11.875	5.375
11.875	5.25
11.75	5.125
11.875	5.125
11.5	5.875
11.625	5.875
11.625	5.75
11.5	5.625
11.625	5.625
11.625	5.5
11.5	5.375
11.625	5.375
11.625	5.25
11.5	5.125
11.625	5.125
11.25	5.875
11.375	5.875
11.375	5.75
11.25	5.625
11.375	5.625
11.375	5.5
11.25	5.375
11.375	5.375
11.375	5.25
11.25	5.125
11.375	5.125
11.125	5.875
11.125	5.75
11.125	5.625
11.125	5.5
11.125	5.375
11.125	5.25
11.125	5.125
18.25	4.75
18.25	4.5
18.25	4.25
18.25	4
18.25	3.75
18.25	3.5
18.25	3.25
18.5	4.75
18.5	4.5
18.5	4.25
18.5	4
18.5	3.75
18.5	3.5
18.5	3.25
18.75	4.75
18.75	4.5
18.75	4.25
18.75	4
18.75	3.75
18.75	3.5
18.75	3.25
19	4.75
19	4.5
19	4.25
19	4
19	3.75
19	3.5
19	3.25
19.25	4.75
19.25	4.5
19.25	4.25
19.25	4
19.25	3.75
19.25	3.5
19.25	3.25
19.5	4.75
19.5	4.5
19.5	4.25
19.5	4
19.5	3.75
19.5	3.5
19.5	3.25
19.75	4.75
19.75	4.5
19.75	4.25
19.75	4
19.75	3.75
19.75	3.5
19.75	3.25
18.125	4.875
18.125	4.75
18.25	4.875
18.125	4.625
18.125	4.5
18.25	4.625
18.125	4.375
18.125	4.25
18.25	4.375
18.125	4.125
18.125	4
18.25	4.125
18.125	3.875
18.125	3.75
18.25	3.875
18.125	3.625
18.125	3.5
18.25	3.625
18.125	3.375
18.125	3.25
18.25	3.375
18.125	3.125
18.25	3.125
18.375	4.875
18.375	4.75
18.5	4.875
18.375	4.625
18.375	4.5
18.5	4.625
18.375	4.375
18.375	4.25
18.5	4.375
18.375	4.125
18.375	4
18.5	4.125
18.375	3.875
18.375	3.75
18.5	3.875
18.375	3.625
18.375	3.5
18.5	3.625
18.375	3.375
18.375	3.25
18.5	3.375
18.375	3.125
18.5	3.125
18.625	4.875
18.625	4.75
18.75	4.875
18.625	4.625
18.625	4.5
18.75	4.625
18.625	4.375
18.625	4.25
18.75	4.375
18.625	4.125
18.625	4
18.75	4.125
18.625	3.875
18.625	3.75
18.75	3.875
18.625	3.625
18.625	3.5
18.75	3.625
18.625	3.375
18.625	3.25
18.75	3.375
18.625	3.125
18.75	3.125
18.875	4.875
18.875	4.75
19	4.875
18.875	4.625
18.875	4.5
19	4.625
18.875	4.375
18.875	4.25
19	4.375
18.875	4.125
18.875	4
19	4.125
18.875	3.875
18.875	3.75
19	3.875
18.875	3.625
18.875	3.5
19	3.625
18.875	3.375
18.875	3.25
19	3.375
18.875	3.125
19	3.125
19.125	4.875
19.125	4.75
19.25	4.875
19.125	4.625
19.125	4.5
19.25	4.625
19.125	4.375
19.125	4.25
19.25	4.375
19.125	4.125
19.125	4
19.25	4.125
19.125	3.875
19.125	3.75
19.25	3.875
19.125	3.625
19.125	3.5
19.25	3.625
19.125	3.375
19.125	3.25
19.25	3.375
19.125	3.125
19.25	3.125
19.375	4.875
19.375	4.75
19.5	4.875
19.375	4.625
19.375	4.5
19.5	4.625
19.375	4.375
19.375	4.25
19.5	4.375
19.375	4.125
19.375	4
19.5	4.125
19.375	3.875
19.375	3.75
19.5	3.875
19.375	3.625
19.375	3.5
19.5	3.625
19.375	3.375
19.375	3.25
19.5	3.375
19.375	3.125
19.5	3.125
19.625	4.875
19.625	4.75
19.75	4.875
19.625	4.625
19.625	4.5
19.75	4.625
19.625	4.375
19.625	4.25
19.75	4.375
19.625	4.125
19.625	4
19.75	4.125
19.625	3.875
19.625	3.75
19.75	3.875
19.625	3.625
19.625	3.5
19.75	3.625
19.625	3.375
19.625	3.25
19.75	3.375
19.625	3.125
19.75	3.125
19.875	4.875
19.875	4.75
19.875	4.625
19.875	4.5
19.875	4.375
19.875	4.25
19.875	4.125
19.875	4
19.875	3.875
19.875	3.75
19.875	3.625
19.875	3.5
19.875	3.375
19.875	3.25
19.875	3.125
20.25	4.75
20.5	4.75
20.75	4.75
20.25	4.5
20.5	4.5
20.75	4.5
20.25	4.25
20.5	4.25
20.75	4.25
20.25	4
20.5	4
20.75	4
20.25	3.75
20.5	3.75
20.75	3.75
20.25	3.5
20.5	3.5
20.75	3.5
20.25	3.25
20.5	3.25
20.75	3.25
20.125	4.875
20.125	4.75
20.25	4.875
20.375	4.875
20.375	4.75
20.5	4.875
20.625	4.875
20.625	4.75
20.75	4.875
20.875	4.875
20.875	4.75
20.125	4.625
20.125	4.5
20.25	4.625
20.375	4.625
20.375	4.5
20.5	4.625
20.625	4.625
20.625	4.5
20.75	4.625
20.875	4.625
20.875	4.5
20.125	4.375
20.125	4.25
20.25	4.375
20.375	4.375
20.375	4.25
20.5	4.375
20.625	4.375
20.625	4.25
20.75	4.375
20.875	4.375
20.875	4.25
20.125	4.125
20.125	4
20.25	4.125
20.375	4.125
20.375	4
20.5	4.125
20.625	4.125
20.625	4
20.75	4.125
20.875	4.125
20.875	4
20.125	3.875
20.125	3.75
20.25	3.875
20.375	3.875
20.375	3.75
20.5	3.875
20.625	3.875
20.625	3.75
20.75	3.875
20.875	3.875
20.875	3.75
20.125	3.625
20.125	3.5
20.25	3.625
20.375	3.625
20.375	3.5
20.5	3.625
20.625	3.625
20.625	3.5
20.75	3.625
20.875	3.625
20.875	3.5
20.125	3.375
20.125	3.25
20.25	3.375
20.375	3.375
20.375	3.25
20.5	3.375
20.625	3.375
20.625	3.25
20.75	3.375
20.875	3.375
20.875	3.25
20.125	3.125
20.25	3.125
20.375	3.125
20.5	3.125
20.625	3.125
20.75	3.125
20.875	3.125
21.25	4.75
21.5	4.75
21.75	4.75
22	4.75
22.25	4.75
22.5	4.75
22.75	4.75
21.25	4.5
21.5	4.5
21.75	4.5
22	4.5
22.25	4.5
22.5	4.5
22.75	4.5
21.25	4.25
21.5	4.25
21.75	4.25
22	4.25
22.25	4.25
22.5	4.25
22.75	4.25
21.25	4
21.5	4
21.75	4
22	4
22.25	4
22.5	4
22.75	4
21.25	3.75
21.5	3.75
21.75	3.75
22	3.75
22.25	3.75
22.5	3.75
22.75	3.75
21.25	3.5
21.5	3.5
21.75	3.5
22	3.5
22.25	3.5
22.5	3.5
22.75	3.5
21.25	3.25
21.5	3.25
21.75	3.25
22	3.25
22.25	3.25
22.5	3.25
22.75	3.25
21.125	4.875
21.125	4.75
21.25	4.875
21.375	4.875
21.375	4.75
21.5	4.875
21.625	4.875
21.625	4.75
21.75	4.875
21.875	4.875
21.875	4.75
22	4.875
22.125	4.875
22.125	4.75
22.25	4.875
22.375	4.875
22.375	4.75
22.5	4.875
22.625	4.875
22.625	4.75
22.75	4.875
22.875	4.875
22.875	4.75
21.125	4.625
21.125	4.5
21.25	4.625
21.375	4.625
21.375	4.5
21.5	4.625
21.625	4.625
21.625	4.5
21.75	4.625
21.875	4.625
21.875	4.5
22	4.625
22.125	4.625
22.125	4.5
22.25	4.625
22.375	4.625
22.375	4.5
22.5	4.625
22.625	4.625
22.625	4.5
22.75	4.625
22.875	4.625
22.875	4.5
21.125	4.375
21.125	4.25
21.25	4.375
21.375	4.375
21.375	4.25
21.5	4.375
21.625	4.375
21.625	4.25
21.75	4.375
21.875	4.375
21.875	4.25
22	4.375
22.125	4.375
22.125	4.25
22.25	4.375
22.375	4.375
22.375	4.25
22.5	4.375
22.625	4.375
22.625	4.25
22.75	4.375
22.875	4.375
22.875	4.25
21.125	4.125
21.125	4
21.25	4.125
21.375	4.125
21.375	4
21.5	4.125
21.625	4.125
21.625	4
21.75	4.125
21.875	4.125
21.875	4
22	4.125
22.125	4.125
22.125	4
22.25	4.125
22.375	4.125
22.375	4
22.5	4.125
22.625	4.125
22.625	4
22.75	4.125
22.875	4.125
22.875	4
21.125	3.875
21.125	3.75
21.25	3.875
21.375	3.875
21.375	3.75
21.5	3.875
21.625	3.875
21.625	3.75
21.75	3.875
21.875	3.875
21.875	3.75
22	3.875
22.125	3.875
22.125	3.75
22.25	3.875
22.375	3.875
22.375	3.75
22.5	3.875
22.625	3.875
22.625	3.75
22.75	3.875
22.875	3.875
22.875	3.75
21.125	3.625
21.125	3.5
21.25	3.625
21.375	3.625
21.375	3.5
21.5	3.625
21.625	3.625
21.625	3.5
21.75	3.625
21.875	3.625
21.875	3.5
22	3.625
22.125	3.625
22.125	3.5
22.25	3.625
22.375	3.625
22.375	3.5
22.5	3.625
22.625	3.625
22.625	3.5
22.75	3.625
22.875	3.625
22.875	3.5
21.125	3.375
21.125	3.25
21.25	3.375
21.375	3.375
21.375	3.25
21.5	3.375
21.625	3.375
21.625	3.25
21.75	3.375
21.875	3.375
21.875	3.25
22	3.375
22.125	3.375
22.125	3.25
22.25	3.375
22.375	3.375
22.375	3.25
22.5	3.375
22.625	3.375
22.625	3.25
22.75	3.375
22.875	3.375
22.875	3.25
21.125	3.125
21.25	3.125
21.375	3.125
21.5	3.125
21.625	3.125
21.75	3.125
21.875	3.125
22	3.125
22.125	3.125
22.25	3.125
22.375	3.125
22.5	3.125
22.625	3.125
22.75	3.125
22.875	3.125
21.25	5.25
21.25	5.5
21.25	5.75
21.5	5.25
21.5	5.5
21.5	5.75
21.75	5.25
21.75	5.5
21.75	5.75
22	5.25
22	5.5
22	5.75
22.25	5.25
22.25	5.5
22.25	5.75
22.5	5.25
22.5	5.5
22.5	5.75
22.75	5.25
22.75	5.5
22.75	5.75
21.25	5.125
21.125	5.125
21.125	5.25
21.25	5.375
21.125	5.375
21.125	5.5
21.25	5.625
21.125	5.625
21.125	5.75
21.25	5.875
21.125	5.875
21.5	5.125
21.375	5.125
21.375	5.25
21.5	5.375
21.375	5.375
21.375	5.5
21.5	5.625
21.375	5.625
21.375	5.75
21.5	5.875
21.375	5.875
21.75	5.125
21.625	5.125
21.625	5.25
21.75	5.375
21.625	5.375
21.625	5.5
21.75	5.625
21.625	5.625
21.625	5.75
21.75	5.875
21.625	5.875
22	5.125
21.875	5.125
21.875	5.25
22	5.375
21.875	5.375
21.875	5.5
22	5.625
21.875	5.625
21.875	5.75
22	5.875
21.875	5.875
22.25	5.125
22.125	5.125
22.125	5.25
22.25	5.375
22.125	5.375
22.125	5.5
22.25	5.625
22.125	5.625
22.125	5.75
22.25	5.875
22.125	5.875
22.5	5.125
22.375	5.125
22.375	5.25
22.5	5.375
22.375	5.375
22.375	5.5
22.5	5.625
22.375	5.625
22.375	5.75
22.5	5.875
22.375	5.875
22.75	5.125
22.625	5.125
22.625	5.25
22.75	5.375
22.625	5.375
22.625	5.5
22.75	5.625
22.625	5.625
22.625	5.75
22.75	5.875
22.625	5.875
22.875	5.125
22.875	5.25
22.875	5.375
22.875	5.5
22.875	5.625
22.875	5.75
22.875	5.875
21.25	6.25
21.25	6.5
21.25	6.75
21.25	7
21.25	7.25
21.25	7.5
21.25	7.75
21.5	6.25
21.5	6.5
21.5	6.75
21.5	7
21.5	7.25
21.5	7.5
21.5	7.75
21.75	6.25
21.75	6.5
21.75	6.75
21.75	7
21.75	7.25
21.75	7.5
21.75	7.75
22	6.25
22	6.5
22	6.75
22	7
22	7.25
22	7.5
22	7.75
22.25	6.25
22.25	6.5
22.25	6.75
22.25	7
22.25	7.25
22.25	7.5
22.25	7.75
22.5	6.25
22.5	6.5
22.5	6.75
22.5	7
22.5	7.25
22.5	7.5
22.5	7.75
22.75	6.25
22.75	6.5
22.75	6.75
22.75	7
22.75	7.25
22.75	7.5
22.75	7.75
21.25	6.125
21.125	6.125
21.125	6.25
21.25	6.375
21.125	6.375
21.125	6.5
21.25	6.625
21.125	6.625
21.125	6.75
21.25	6.875
21.125	6.875
21.125	7
21.25	7.125
21.125	7.125
21.125	7.25
21.25	7.375
21.125	7.375
21.125	7.5
21.25	7.625
21.125	7.625
21.125	7.75
21.25	7.875
21.125	7.875
21.5	6.125
21.375	6.125
21.375	6.25
21.5	6.375
21.375	6.375
21.375	6.5
21.5	6.625
21.375	6.625
21.375	6.75
21.5	6.875
21.375	6.875
21.375	7
21.5	7.125
21.375	7.125
21.375	7.25
21.5	7.375
21.375	7.375
21.375	7.5
21.5	7.625
21.375	7.625
21.375	7.75
21.5	7.875
21.375	7.875
21.75	6.125
21.625	6.125
21.625	6.25
21.75	6.375
21.625	6.375
21.625	6.5
21.75	6.625
21.625	6.625
21.625	6.75
21.75	6.875
21.625	6.875
21.625	7
21.75	7.125
21.625	7.125
21.625	7.25
21.75	7.375
21.625	7.375
21.625	7.5
21.75	7.625
21.625	7.625
21.625	7.75
21.75	7.875
21.625	7.875
22	6.125
21.875	6.125
21.875	6.25
22	6.375
21.875	6.375
21.875	6.5
22	6.625
21.875	6.625
21.875	6.75
22	6.875
21.875	6.875
21.875	7
22	7.125
21.875	7.125
21.875	7.25
22	7.375
21.875	7.375
21.875	7.5
22	7.625
21.875	7.625
21.875	7.75
22	7.875
21.875	7.875
22.25	6.125
22.125	6.125
22.125	6.25
22.25	6.375
22.125	6.375
22.125	6.5
22.25	6.625
22.125	6.625
22.125	6.75
22.25	6.875
22.125	6.875
22.125	7
22.25	7.125
22.125	7.125
22.125	7.25
22.25	7.375
22.125	7.375
22.125	7.5
22.25	7.625
22.125	7.625
22.125	7.75
22.25	7.875
22.125	7.875
22.5	6.125
22.375	6.125
22.375	6.25
22.5	6.375
22.375	6.375
22.375	6.5
22.5	6.625
22.375	6.625
22.375	6.75
22.5	6.875
22.375	6.875
22.375	7
22.5	7.125
22.375	7.125
22.375	7.25
22.5	7.375
22.375	7.375
22.375	7.5
22.5	7.625
22.375	7.625
22.375	7.75
22.5	7.875
22.375	7.875
22.75	6.125
22.625	6.125
22.625	6.25
22.75	6.375
22.625	6.375
22.625	6.5
22.75	6.625
22.625	6.625
22.625	6.75
22.75	6.875
22.625	6.875
22.625	7
22.75	7.125
22.625	7.125
22.625	7.25
22.75	7.375
22.625	7.375
22.625	7.5
22.75	7.625
22.625	7.625
22.625	7.75
22.75	7.875
22.625	7.875
22.875	6.125
22.875	6.25
22.875	6.375
22.875	6.5
22.875	6.625
22.875	6.75
22.875	6.875
22.875	7
22.875	7.125
22.875	7.25
22.875	7.375
22.875	7.5
22.875	7.625
22.875	7.75
22.875	7.875
20.75	6.25
20.75	6.5
20.75	6.75
20.75	7
20.75	7.25
20.75	7.5
20.75	7.75
20.5	6.25
20.5	6.5
20.5	6.75
20.5	7
20.5	7.25
20.5	7.5
20.5	7.75
20.25	6.25
20.25	6.5
20.25	6.75
20.25	7
20.25	7.25
20.25	7.5
20.25	7.75
20.875	6.125
20.875	6.25
20.75	6.125
20.875	6.375
20.875	6.5
20.75	6.375
20.875	6.625
20.875	6.75
20.75	6.625
20.875	6.875
20.875	7
20.75	6.875
20.875	7.125
20.875	7.25
20.75	7.125
20.875	7.375
20.875	7.5
20.75	7.375
20.875	7.625
20.875	7.75
20.75	7.625
20.875	7.875
20.75	7.875
20.625	6.125
20.625	6.25
20.5	6.125
20.625	6.375
20.625	6.5
20.5	6.375
20.625	6.625
20.625	6.75
20.5	6.625
20.625	6.875
20.625	7
20.5	6.875
20.625	7.125
20.625	7.25
20.5	7.125
20.625	7.375
20.625	7.5
20.5	7.375
20.625	7.625
20.625	7.75
20.5	7.625
20.625	7.875
20.5	7.875
20.375	6.125
20.375	6.25
20.25	6.125
20.375	6.375
20.375	6.5
20.25	6.375
20.375	6.625
20.375	6.75
20.25	6.625
20.375	6.875
20.375	7
20.25	6.875
20.375	7.125
20.375	7.25
20.25	7.125
20.375	7.375
20.375	7.5
20.25	7.375
20.375	7.625
20.375	7.75
20.25	7.625
20.375	7.875
20.25	7.875
20.125	6.125
20.125	6.25
20.125	6.375
20.125	6.5
20.125	6.625
20.125	6.75
20.125	6.875
20.125	7
20.125	7.125
20.125	7.25
20.125	7.375
20.125	7.5
20.125	7.625
20.125	7.75
20.125	7.875
19.75	7.75
19.5	7.75
19.25	7.75
19	7.75
18.75	7.75
18.5	7.75
18.25	7.75
19.75	7.5
19.5	7.5
19.25	7.5
19	7.5
18.75	7.5
18.5	7.5
18.25	7.5
19.75	7.25
19.5	7.25
19.25	7.25
19	7.25
18.75	7.25
18.5	7.25
18.25	7.25
19.75	7
19.5	7
19.25	7
19	7
18.75	7
18.5	7
18.25	7
19.75	6.75
19.5	6.75
19.25	6.75
19	6.75
18.75	6.75
18.5	6.75
18.25	6.75
19.75	6.5
19.5	6.5
19.25	6.5
19	6.5
18.75	6.5
18.5	6.5
18.25	6.5
19.75	6.25
19.5	6.25
19.25	6.25
19	6.25
18.75	6.25
18.5	6.25
18.25	6.25
19.875	7.875
19.875	7.75
19.75	7.875
19.625	7.875
19.625	7.75
19.5	7.875
19.375	7.875
19.375	7.75
19.25	7.875
19.125	7.875
19.125	7.75
19	7.875
18.875	7.875
18.875	7.75
18.75	7.875
18.625	7.875
18.625	7.75
18.5	7.875
18.375	7.875
18.375	7.75
18.25	7.875
18.125	7.875
18.125	7.75
19.875	7.625
19.875	7.5
19.75	7.625
19.625	7.625
19.625	7.5
19.5	7.625
19.375	7.625
19.375	7.5
19.25	7.625
19.125	7.625
19.125	7.5
19	7.625
18.875	7.625
18.875	7.5
18.75	7.625
18.625	7.625
18.625	7.5
18.5	7.625
18.375	7.625
18.375	7.5
18.25	7.625
18.125	7.625
18.125	7.5
19.875	7.375
19.875	7.25
19.75	7.375
19.625	7.375
19.625	7.25
19.5	7.375
19.375	7.375
19.375	7.25
19.25	7.375
19.125	7.375
19.125	7.25
19	7.375
18.875	7.375
18.875	7.25
18.75	7.375
18.625	7.375
18.625	7.25
18.5	7.375
18.375	7.375
18.375	7.25
18.25	7.375
18.125	7.375
18.125	7.25
19.875	7.125
19.875	7
19.75	7.125
19.625	7.125
19.625	7
19.5	7.125
19.375	7.125
19.375	7
19.25	7.125
19.125	7.125
19.125	7
19	7.125
18.875	7.125
18.875	7
18.75	7.125
18.625	7.125
18.625	7
18.5	7.125
18.375	7.125
18.375	7
18.25	7.125
18.125	7.125
18.125	7
19.875	6.875
19.875	6.75
19.75	6.875
19.625	6.875
19.625	6.75
19.5	6.875
19.375	6.875
19.375	6.75
19.25	6.875
19.125	6.875
19.125	6.75
19	6.875
18.875	6.875
18.875	6.75
18.75	6.875
18.625	6.875
18.625	6.75
18.5	6.875
18.375	6.875
18.375	6.75
18.25	6.875
18.125	6.875
18.125	6.75
19.875	6.625
19.875	6.5
19.75	6.625
19.625	6.625
19.625	6.5
19.5	6.625
19.375	6.625
19.375	6.5
19.25	6.625
19.125	6.625
19.125	6.5
19	6.625
18.875	6.625
18.875	6.5
18.75	6.625
18.625	6.625
18.625	6.5
18.5	6.625
18.375	6.625
18.375	6.5
18.25	6.625
18.125	6.625
18.125	6.5
19.875	6.375
19.875	6.25
19.75	6.375
19.625	6.375
19.625	6.25
19.5	6.375
19.375	6.375
19.375	6.25
19.25	6.375
19.125	6.375
19.125	6.25
19	6.375
18.875	6.375
18.875	6.25
18.75	6.375
18.625	6.375
18.625	6.25
18.5	6.375
18.375	6.375
18.375	6.25
18.25	6.375
18.125	6.375
18.125	6.25
19.875	6.125
19.75	6.125
19.625	6.125
19.5	6.125
19.375	6.125
19.25	6.125
19.125	6.125
19	6.125
18.875	6.125
18.75	6.125
18.625	6.125
18.5	6.125
18.375	6.125
18.25	6.125
18.125	6.125
19.75	5.75
19.75	5.5
19.75	5.25
19.5	5.75
19.5	5.5
19.5	5.25
19.25	5.75
19.25	5.5
19.25	5.25
19	5.75
19	5.5
19	5.25
18.75	5.75
18.75	5.5
18.75	5.25
18.5	5.75
18.5	5.5
18.5	5.25
18.25	5.75
18.25	5.5
18.25	5.25
19.75	5.875
19.875	5.875
19.875	5.75
19.75	5.625
19.875	5.625
19.875	5.5
19.75	5.375
19.875	5.375
19.875	5.25
19.75	5.125
19.875	5.125
19.5	5.875
19.625	5.875
19.625	5.75
19.5	5.625
19.625	5.625
19.625	5.5
19.5	5.375
19.625	5.375
19.625	5.25
19.5	5.125
19.625	5.125
19.25	5.875
19.375	5.875
19.375	5.75
19.25	5.625
19.375	5.625
19.375	5.5
19.25	5.375
19.375	5.375
19.375	5.25
19.25	5.125
19.375	5.125
19	5.875
19.125	5.875
19.125	5.75
19	5.625
19.125	5.625
19.125	5.5
19	5.375
19.125	5.375
19.125	5.25
19	5.125
19.125	5.125
18.75	5.875
18.875	5.875
18.875	5.75
18.75	5.625
18.875	5.625
18.875	5.5
18.75	5.375
18.875	5.375
18.875	5.25
18.75	5.125
18.875	5.125
18.5	5.875
18.625	5.875
18.625	5.75
18.5	5.625
18.625	5.625
18.625	5.5
18.5	5.375
18.625	5.375
18.625	5.25
18.5	5.125
18.625	5.125
18.25	5.875
18.375	5.875
18.375	5.75
18.25	5.625
18.375	5.625
18.375	5.5
18.25	5.375
18.375	5.375
18.375	5.25
18.25	5.125
18.375	5.125
18.125	5.875
18.125	5.75
18.125	5.625
18.125	5.5
18.125	5.375
18.125	5.25
18.125	5.125

--------------------------------------------------------------------------------
ELEMENT CONNECTIVITY
--------------------------------------------------------------------------------
13	182	240	189	986	247
182	937	240	987	988	986
182	183	937	190	989	987
183	938	937	990	991	989
183	184	938	191	992	990
184	939	938	993	994	992
184	185	939	192	995	993
185	940	939	996	997	995
185	186	940	193	998	996
186	941	940	999	1000	998
186	187	941	194	1001	999
187	942	941	1002	1003	1001
187	188	942	195	1004	1002
188	943	942	1005	1006	1004
188	1	943	196	1007	1005
1	77	943	84	1008	1007
240	937	241	988	1009	248
937	944	241	1010	1011	1009
937	938	944	991	1012	1010
938	945	944	1013	1014	1012
938	939	945	994	1015	1013
939	946	945	1016	1017	1015
939	940	946	997	1018	1016
940	947	946	1019	1020	1018
940	941	947	1000	1021	1019
941	948	947	1022	1023	1021
941	942	948	1003	1024	1022
942	949	948	1025	1026	1024
942	943	949	1006	1027	1025
943	950	949	1028	1029	1027
943	77	950	1008	1030	1028
77	78	950	85	1031	1030
241	944	242	1011	1032	249
944	951	242	1033	1034	1032
944	945	951	1014	1035	1033
945	952	951	1036	1037	1035
945	946	952	1017	1038	1036
946	953	952	1039	1040	1038
946	947	953	1020	1041	1039
947	954	953	1042	1043	1041
947	948	954	1023	1044	1042
948	955	954	1045	1046	1044
948	949	955	1026	1047	1045
949	956	955	1048	1049	1047
949	950	956	1029	1050	1048
950	957	956	1051	1052	1050
950	78	957	1031	1053	1051
78	79	957	86	1054	1053
242	951	243	1034	1055	250
951	958	243	1056	1057	1055
951	952	958	1037	1058	1056
952	959	958	1059	1060	1058
952	953	959	1040	1061	1059
953	960	959	1062	1063	1061
953	954	960	1043	1064	1062
954	961	960	1065	1066	1064
954	955	961	1046	1067	1065
955	962	961	1068	1069	1067
955	956	962	1049	1070	1068
956	963	962	1071	1072	1070
956	957	963	1052	1073	1071
957	964	963	1074	1075	1073
957	79	964	1054	1076	1074
79	80	964	87	1077	1076
243	958	244	1057	1078	251
958	965	244	1079	1080	1078
958	959	965	1060	1081	1079
959	966	965	1082	1083	1081
959	960	966	1063	1084	1082
960	967	966	1085	1086	1084
960	961	967	1066	1087	1085
961	968	967	1088	1089	1087
961	962	968	1069	1090	1088
962	969	968	1091	1092	1090
962	963	969	1072	1093	1091
963	970	969	1094	1095	1093
963	964	970	1075	1096	1094
964	971	970	1097	1098	1096
964	80	971	1077	1099	1097
80	81	971	88	1100	1099
244	965	245	1080	1101	252
965	972	245	1102	1103	1101
965	966	972	1083	1104	1102
966	973	972	1105	1106	1104
966	967	973	1086	1107	1105
967	974	973	1108	1109	1107
967	968	974	1089	1110	1108
968	975	974	1111	1112	1110
968	969	975	1092	1113	1111
969	976	975	1114	1115	1113
969	970	976	1095	1116	1114
970	977	976	1117	1118	1116
970	971	977	1098	1119	1117
971	978	977	1120	1121	1119
971	81	978	1100	1122	1120
81	82	978	89	1123	1122
245	972	246	1103	1124	253
972	979	246	1125	1126	1124
972	973	979	1106	1127	1125
973	980	979	1128	1129	1127
973	974	980	1109	1130	1128
974	981	980	1131	1132	1130
974	975	981	1112	1133	1131
975	982	981	1134	1135	1133
975	976	982	1115	1136	1134
976	983	982	1137	1138	1136
976	977	983	1118	1139	1137
977	984	983	1140	1141	1139
977	978	984	1121	1142	1140
978	985	984	1143	1144	1142
978	82	985	1123	1145	1143
82	83	985	90	1146	1145
246	979	5	1126	1147	254
979	255	5	1148	262	1147
979	980	255	1129	1149	1148
980	256	255	1150	263	1149
980	981	256	1132	1151	1150
981	257	256	1152	264	1151
981	982	257	1135	1153	1152
982	258	257	1154	265	1153
982	983	258	1138	1155	1154
983	259	258	1156	266	1155
983	984	259	1141	1157	1156
984	260	259	1158	267	1157
984	985	260	1144	1159	1158
985	261	260	1160	268	1159
985	83	261	1146	1161	1160
83	9	261	91	269	1161
5	255	56	262	1183	59
56	255	1162	1183	1184	1185
56	1162	57	1185	1186	60
57	1162	1163	1186	1187	1188
57	1163	58	1188	1189	61
58	1163	1164	1189	1190	1191
58	1164	6	1191	1192	62
6	1164	270	1192	1193	277
255	256	1162	263	1194	1184
1162	256	1165	1194	1195	1196
1162	1165	1163	1196	1197	1187
1163	1165	1166	1197	1198	1199
1163	1166	1164	1199	1200	1190
1164	1166	1167	1200	1201	1202
1164	1167	270	1202	1203	1193
270	1167	271	1203	1204	278
256	257	1165	264	1205	1195
1165	257	1168	1205	1206	1207
1165	1168	1166	1207	1208	1198
1166	1168	1169	1208	1209	1210
1166	1169	1167	1210	1211	1201
1167	1169	1170	1211	1212	1213
1167	1170	271	1213	1214	1204
271	1170	272	1214	1215	279
257	258	1168	265	1216	1206
1168	258	1171	1216	1217	1218
1168	1171	1169	1218	1219	1209
1169	1171	1172	1219	1220	1221
1169	1172	1170	1221	1222	1212
1170	1172	1173	1222	1223	1224
1170	1173	272	1224	1225	1215
272	1173	273	1225	1226	280
258	259	1171	266	1227	1217
1171	259	1174	1227	1228	1229
1171	1174	1172	1229	1230	1220
1172	1174	1175	1230	1231	1232
1172	1175	1173	1232	1233	1223
1173	1175	1176	1233	1234	1235
1173	1176	273	1235	1236	1226
273	1176	274	1236	1237	281
259	260	1174	267	1238	1228
1174	260	1177	1238	1239	1240
1174	1177	1175	1240	1241	1231
1175	1177	1178	1241	1242	1243
1175	1178	1176	1243	1244	1234
1176	1178	1179	1244	1245	1246
1176	1179	274	1246	1247	1237
274	1179	275	1247	1248	282
260	261	1177	268	1249	1239
1177	261	1180	1249	1250	1251
1177	1180	1178	1251	1252	1242
1178	1180	1181	1252	1253	1254
1178	1181	1179	1254	1255	1245
1179	1181	1182	1255	1256	1257
1179	1182	275	1257	1258	1248
275	1182	276	1258	1259	283
261	9	1180	269	1260	1250
1180	9	204	1260	207	1261
1180	204	1181	1261	1262	1253
1181	204	205	1262	208	1263
1181	205	1182	1263	1264	1256
1182	205	206	1264	209	1265
1182	206	276	1265	1266	1259
276	206	10	1266	210	284
6	270	285	277	1316	292
285	270	1267	1316	1317	1318
285	1267	286	1318	1319	293
286	1267	1268	1319	1320	1321
286	1268	287	1321	1322	294
287	1268	1269	1322	1323	1324
287	1269	288	1324	1325	295
288	1269	1270	1325	1326	1327
288	1270	289	1327	1328	296
289	1270	1271	1328	1329	1330
289	1271	290	1330	1331	297
290	1271	1272	1331	1332	1333
290	1272	291	1333	1334	298
291	1272	1273	1334	1335	1336
291	1273	15	1336	1337	299
15	1273	113	1337	1338	121
270	271	1267	278	1339	1317
1267	271	1274	1339	1340	1341
1267	1274	1268	1341	1342	1320
1268	1274	1275	1342	1343	1344
1268	1275	1269	1344	1345	1323
1269	1275	1276	1345	1346	1347
1269	1276	1270	1347	1348	1326
1270	1276	1277	1348	1349	1350
1270	1277	1271	1350	1351	1329
1271	1277	1278	1351	1352	1353
1271	1278	1272	1353	1354	1332
1272	1278	1279	1354	1355	1356
1272	1279	1273	1356	1357	1335
1273	1279	1280	1357	1358	1359
1273	1280	113	1359	1360	1338
113	1280	112	1360	1361	120
271	272	1274	279	1362	1340
1274	272	1281	1362	1363	1364
1274	1281	1275	1364	1365	1343
1275	1281	1282	1365	1366	1367
1275	1282	1276	1367	1368	1346
1276	1282	1283	1368	1369	1370
1276	1283	1277	1370	1371	1349
1277	1283	1284	1371	1372	1373
1277	1284	1278	1373	1374	1352
1278	1284	1285	1374	1375	1376
1278	1285	1279	1376	1377	1355
1279	1285	1286	1377	1378	1379
1279	1286	1280	1379	1380	1358
1280	1286	1287	1380	1381	1382
1280	1287	112	1382	1383	1361
112	1287	111	1383	1384	119
272	273	1281	280	1385	1363
1281	273	1288	1385	1386	1387
1281	1288	1282	1387	1388	1366
1282	1288	1289	1388	1389	1390
1282	1289	1283	1390	1391	1369
1283	1289	1290	1391	1392	1393
1283	1290	1284	1393	1394	1372
1284	1290	1291	1394	1395	1396
1284	1291	1285	1396	1397	1375
1285	1291	1292	1397	1398	1399
1285	1292	1286	1399	1400	1378
1286	1292	1293	1400	1401	1402
1286	1293	1287	1402	1403	1381
1287	1293	1294	1403	1404	1405
1287	1294	111	1405	1406	1384
111	1294	110	1406	1407	118
273	274	1288	281	1408	1386
1288	274	1295	1408	1409	1410
1288	1295	1289	1410	1411	1389
1289	1295	1296	1411	1412	1413
1289	1296	1290	1413	1414	1392
1290	1296	1297	1414	1415	1416
1290	1297	1291	1416	1417	1395
1291	1297	1298	1417	1418	1419
1291	1298	1292	1419	1420	1398
1292	1298	1299	1420	1421	1422
1292	1299	1293	1422	1423	1401
1293	1299	1300	1423	1424	1425
1293	1300	1294	1425	1426	1404
1294	1300	1301	1426	1427	1428
1294	1301	110	1428	1429	1407
110	1301	109	1429	1430	117
274	275	1295	282	1431	1409
1295	275	1302	1431	1432	1433
1295	1302	1296	1433	1434	1412
1296	1302	1303	1434	1435	1436
1296	1303	1297	1436	1437	1415
1297	1303	1304	1437	1438	1439
1297	1304	1298	1439	1440	1418
1298	1304	1305	1440	1441	1442
1298	1305	1299	1442	1443	1421
1299	1305	1306	1443	1444	1445
1299	1306	1300	1445	1446	1424
1300	1306	1307	1446	1447	1448
1300	1307	1301	1448	1449	1427
1301	1307	1308	1449	1450	1451
1301	1308	109	1451	1452	1430
109	1308	108	1452	1453	116
275	276	1302	283	1454	1432
1302	276	1309	1454	1455	1456
1302	1309	1303	1456	1457	1435
1303	1309	1310	1457	1458	1459
1303	1310	1304	1459	1460	1438
1304	1310	1311	1460	1461	1462
1304	1311	1305	1462	1463	1441
1305	1311	1312	1463	1464	1465
1305	1312	1306	1465	1466	1444
1306	1312	1313	1466	1467	1468
1306	1313	1307	1468	1469	1447
1307	1313	1314	1469	1470	1471
1307	1314	1308	1471	1472	1450
1308	1314	1315	1472	1473	1474
1308	1315	108	1474	1475	1453
108	1315	107	1475	1476	115
276	10	1309	284	1477	1455
1309	10	92	1477	99	1478
1309	92	1310	1478	1479	1458
1310	92	93	1479	100	1480
1310	93	1311	1480	1481	1461
1311	93	94	1481	101	1482
1311	94	1312	1482	1483	1464
1312	94	95	1483	102	1484
1312	95	1313	1484	1485	1467
1313	95	96	1485	103	1486
1313	96	1314	1486	1487	1470
1314	96	97	1487	104	1488
1314	97	1315	1488	1489	1473
1315	97	98	1489	105	1490
1315	98	107	1490	1491	1476
107	98	2	1491	106	114
6	285	1492	292	1513	1514
1492	63	6	1515	66	1514
63	1492	1493	1515	1516	1517
1493	64	63	1518	67	1517
64	1493	1494	1518	1519	1520
1494	65	64	1521	68	1520
65	1494	300	1521	1522	1523
300	8	65	307	69	1523
285	286	1495	293	1524	1525
1495	1492	285	1526	1513	1525
1492	1495	1496	1526	1527	1528
1496	1493	1492	1529	1516	1528
1493	1496	1497	1529	1530	1531
1497	1494	1493	1532	1519	1531
1494	1497	301	1532	1533	1534
301	300	1494	308	1522	1534
286	287	1498	294	1535	1536
1498	1495	286	1537	1524	1536
1495	1498	1499	1537	1538	1539
1499	1496	1495	1540	1527	1539
1496	1499	1500	1540	1541	1542
1500	1497	1496	1543	1530	1542
1497	1500	302	1543	1544	1545
302	301	1497	309	1533	1545
287	288	1501	295	1546	1547
1501	1498	287	1548	1535	1547
1498	1501	1502	1548	1549	1550
1502	1499	1498	1551	1538	1550
1499	1502	1503	1551	1552	1553
1503	1500	1499	1554	1541	1553
1500	1503	303	1554	1555	1556
303	302	1500	310	1544	1556
288	289	1504	296	1557	1558
1504	1501	288	1559	1546	1558
1501	1504	1505	1559	1560	1561
1505	1502	1501	1562	1549	1561
1502	1505	1506	1562	1563	1564
1506	1503	1502	1565	1552	1564
1503	1506	304	1565	1566	1567
304	303	1503	311	1555	1567
289	290	1507	297	1568	1569
1507	1504	289	1570	1557	1569
1504	1507	1508	1570	1571	1572
1508	1505	1504	1573	1560	1572
1505	1508	1509	1573	1574	1575
1509	1506	1505	1576	1563	1575
1506	1509	305	1576	1577	1578
305	304	1506	312	1566	1578
290	291	1510	298	1579	1580
1510	1507	290	1581	1568	1580
1507	1510	1511	1581	1582	1583
1511	1508	1507	1584	1571	1583
1508	1511	1512	1584	1585	1586
1512	1509	1508	1587	1574	1586
1509	1512	306	1587	1588	1589
306	305	1509	313	1577	1589
291	15	211	299	214	1590
211	1510	291	1591	1579	1590
1510	211	212	1591	215	1592
212	1511	1510	1593	1582	1592
1511	212	213	1593	216	1594
213	1512	1511	1595	1585	1594
1512	213	16	1595	217	1596
16	306	1512	314	1588	1596
8	300	1597	307	1646	1647
1597	315	8	1648	322	1647
315	1597	1598	1648	1649	1650
1598	316	315	1651	323	1650
316	1598	1599	1651	1652	1653
1599	317	316	1654	324	1653
317	1599	1600	1654	1655	1656
1600	318	317	1657	325	1656
318	1600	1601	1657	1658	1659
1601	319	318	1660	326	1659
319	1601	1602	1660	1661	1662
1602	320	319	1663	327	1662
320	1602	1603	1663	1664	1665
1603	321	320	1666	328	1665
321	1603	143	1666	1667	1668
143	12	321	151	329	1668
300	301	1604	308	1669	1670
1604	1597	300	1671	1646	1670
1597	1604	1605	1671	1672	1673
1605	1598	1597	1674	1649	1673
1598	1605	1606	1674	1675	1676
1606	1599	1598	1677	1652	1676
1599	1606	1607	1677	1678	1679
1607	1600	1599	1680	1655	1679
1600	1607	1608	1680	1681	1682
1608	1601	1600	1683	1658	1682
1601	1608	1609	1683	1684	1685
1609	1602	1601	1686	1661	1685
1602	1609	1610	1686	1687	1688
1610	1603	1602	1689	1664	1688
1603	1610	142	1689	1690	1691
142	143	1603	150	1667	1691
301	302	1611	309	1692	1693
1611	1604	301	1694	1669	1693
1604	1611	1612	1694	1695	1696
1612	1605	1604	1697	1672	1696
1605	1612	1613	1697	1698	1699
1613	1606	1605	1700	1675	1699
1606	1613	1614	1700	1701	1702
1614	1607	1606	1703	1678	1702
1607	1614	1615	1703	1704	1705
1615	1608	1607	1706	1681	1705
1608	1615	1616	1706	1707	1708
1616	1609	1608	1709	1684	1708
1609	1616	1617	1709	1710	1711
1617	1610	1609	1712	1687	1711
1610	1617	141	1712	1713	1714
141	142	1610	149	1690	1714
302	303	1618	310	1715	1716
1618	1611	302	1717	1692	1716
1611	1618	1619	1717	1718	1719
1619	1612	1611	1720	1695	1719
1612	1619	1620	1720	1721	1722
1620	1613	1612	1723	1698	1722
1613	1620	1621	1723	1724	1725
1621	1614	1613	1726	1701	1725
1614	1621	1622	1726	1727	1728
1622	1615	1614	1729	1704	1728
1615	1622	1623	1729	1730	1731
1623	1616	1615	1732	1707	1731
1616	1623	1624	1732	1733	1734
1624	1617	1616	1735	1710	1734
1617	1624	140	1735	1736	1737
140	141	1617	148	1713	1737
303	304	1625	311	1738	1739
1625	1618	303	1740	1715	1739
1618	1625	1626	1740	1741	1742
1626	1619	1618	1743	1718	1742
1619	1626	1627	1743	1744	1745
1627	1620	1619	1746	1721	1745
1620	1627	1628	1746	1747	1748
1628	1621	1620	1749	1724	1748
1621	1628	1629	1749	1750	1751
1629	1622	1621	1752	1727	1751
1622	1629	1630	1752	1753	1754
1630	1623	1622	1755	1730	1754
1623	1630	1631	1755	1756	1757
1631	1624	1623	1758	1733	1757
1624	1631	139	1758	1759	1760
139	140	1624	147	1736	1760
304	305	1632	312	1761	1762
1632	1625	304	1763	1738	1762
1625	1632	1633	1763	1764	1765
1633	1626	1625	1766	1741	1765
1626	1633	1634	1766	1767	1768
1634	1627	1626	1769	1744	1768
1627	1634	1635	1769	1770	1771
1635	1628	1627	1772	1747	1771
1628	1635	1636	1772	1773	1774
1636	1629	1628	1775	1750	1774
1629	1636	1637	1775	1776	1777
1637	1630	1629	1778	1753	1777
1630	1637	1638	1778	1779	1780
1638	1631	1630	1781	1756	1780
1631	1638	138	1781	1782	1783
138	139	1631	146	1759	1783
305	306	1639	313	1784	1785
1639	1632	305	1786	1761	1785
1632	1639	1640	1786	1787	1788
1640	1633	1632	1789	1764	1788
1633	1640	1641	1789	1790	1791
1641	1634	1633	1792	1767	1791
1634	1641	1642	1792	1793	1794
1642	1635	1634	1795	1770	1794
1635	1642	1643	1795	1796	1797
1643	1636	1635	1798	1773	1797
1636	1643	1644	1798	1799	1800
1644	1637	1636	1801	1776	1800
1637	1644	1645	1801	1802	1803
1645	1638	1637	1804	1779	1803
1638	1645	137	1804	1805	1806
137	138	1638	145	1782	1806
306	16	122	314	129	1807
122	1639	306	1808	1784	1807
1639	122	123	1808	130	1809
123	1640	1639	1810	1787	1809
1640	123	124	1810	131	1811
124	1641	1640	1812	1790	1811
1641	124	125	1812	132	1813
125	1642	1641	1814	1793	1813
1642	125	126	1814	133	1815
126	1643	1642	1816	1796	1815
1643	126	127	1816	134	1817
127	1644	1643	1818	1799	1817
1644	127	128	1818	135	1819
128	1645	1644	1820	1802	1819
1645	128	3	1820	136	1821
3	137	1645	144	1805	1821
8	315	70	322	1843	73
315	1822	70	1844	1845	1843
315	316	1822	323	1846	1844
316	1823	1822	1847	1848	1846
316	317	1823	324	1849	1847
317	1824	1823	1850	1851	1849
317	318	1824	325	1852	1850
318	1825	1824	1853	1854	1852
318	319	1825	326	1855	1853
319	1826	1825	1856	1857	1855
319	320	1826	327	1858	1856
320	1827	1826	1859	1860	1858
320	321	1827	328	1861	1859
321	1828	1827	1862	1863	1861
321	12	1828	329	1864	1862
12	218	1828	221	1865	1864
70	1822	71	1845	1866	74
1822	1829	71	1867	1868	1866
1822	1823	1829	1848	1869	1867
1823	1830	1829	1870	1871	1869
1823	1824	1830	1851	1872	1870
1824	1831	1830	1873	1874	1872
1824	1825	1831	1854	1875	1873
1825	1832	1831	1876	1877	1875
1825	1826	1832	1857	1878	1876
1826	1833	1832	1879	1880	1878
1826	1827	1833	1860	1881	1879
1827	1834	1833	1882	1883	1881
1827	1828	1834	1863	1884	1882
1828	1835	1834	1885	1886	1884
1828	218	1835	1865	1887	1885
218	219	1835	222	1888	1887
71	1829	72	1868	1889	75
1829	1836	72	1890	1891	1889
1829	1830	1836	1871	1892	1890
1830	1837	1836	1893	1894	1892
1830	1831	1837	1874	1895	1893
1831	1838	1837	1896	1897	1895
1831	1832	1838	1877	1898	1896
1832	1839	1838	1899	1900	1898
1832	1833	1839	1880	1901	1899
1833	1840	1839	1902	1903	1901
1833	1834	1840	1883	1904	1902
1834	1841	1840	1905	1906	1904
1834	1835	1841	1886	1907	1905
1835	1842	1841	1908	1909	1907
1835	219	1842	1888	1910	1908
219	220	1842	223	1911	1910
72	1836	7	1891	1912	76
1836	336	7	1913	344	1912
1836	1837	336	1894	1914	1913
1837	335	336	1915	343	1914
1837	1838	335	1897	1916	1915
1838	334	335	1917	342	1916
1838	1839	334	1900	1918	1917
1839	333	334	1919	341	1918
1839	1840	333	1903	1920	1919
1840	332	333	1921	340	1920
1840	1841	332	1906	1922	1921
1841	331	332	1923	339	1922
1841	1842	331	1909	1924	1923
1842	330	331	1925	338	1924
1842	220	330	1911	1926	1925
220	11	330	224	337	1926
11	1927	330	1976	1977	337
1927	11	152	1976	159	1978
152	1928	1927	1979	1980	1978
1928	152	153	1979	160	1981
153	1929	1928	1982	1983	1981
1929	153	154	1982	161	1984
154	1930	1929	1985	1986	1984
1930	154	155	1985	162	1987
155	1931	1930	1988	1989	1987
1931	155	156	1988	163	1990
156	1932	1931	1991	1992	1990
1932	156	157	1991	164	1993
157	1933	1932	1994	1995	1993
1933	157	158	1994	165	1996
158	173	1933	1997	1998	1996
173	158	4	1997	166	181
330	1934	331	1999	2000	338
1934	330	1927	1999	1977	2001
1927	1935	1934	2002	2003	2001
1935	1927	1928	2002	1980	2004
1928	1936	1935	2005	2006	2004
1936	1928	1929	2005	1983	2007
1929	1937	1936	2008	2009	2007
1937	1929	1930	2008	1986	2010
1930	1938	1937	2011	2012	2010
1938	1930	1931	2011	1989	2013
1931	1939	1938	2014	2015	2013
1939	1931	1932	2014	1992	2016
1932	1940	1939	2017	2018	2016
1940	1932	1933	2017	1995	2019
1933	172	1940	2020	2021	2019
172	1933	173	2020	1998	180
331	1941	332	2022	2023	339
1941	331	1934	2022	2000	2024
1934	1942	1941	2025	2026	2024
1942	1934	1935	2025	2003	2027
1935	1943	1942	2028	2029	2027
1943	1935	1936	2028	2006	2030
1936	1944	1943	2031	2032	2030
1944	1936	1937	2031	2009	2033
1937	1945	1944	2034	2035	2033
1945	1937	1938	2034	2012	2036
1938	1946	1945	2037	2038	2036
1946	1938	1939	2037	2015	2039
1939	1947	1946	2040	2041	2039
1947	1939	1940	2040	2018	2042
1940	171	1947	2043	2044	2042
171	1940	172	2043	2021	179
332	1948	333	2045	2046	340
1948	332	1941	2045	2023	2047
1941	1949	1948	2048	2049	2047
1949	1941	1942	2048	2026	2050
1942	1950	1949	2051	2052	2050
1950	1942	1943	2051	2029	2053
1943	1951	1950	2054	2055	2053
1951	1943	1944	2054	2032	2056
1944	1952	1951	2057	2058	2056
1952	1944	1945	2057	2035	2059
1945	1953	1952	2060	2061	2059
1953	1945	1946	2060	2038	2062
1946	1954	1953	2063	2064	2062
1954	1946	1947	2063	2041	2065
1947	170	1954	2066	2067	2065
170	1947	171	2066	2044	178
333	1955	334	2068	2069	341
1955	333	1948	2068	2046	2070
1948	1956	1955	2071	2072	2070
1956	1948	1949	2071	2049	2073
1949	1957	1956	2074	2075	2073
1957	1949	1950	2074	2052	2076
1950	1958	1957	2077	2078	2076
1958	1950	1951	2077	2055	2079
1951	1959	1958	2080	2081	2079
1959	1951	1952	2080	2058	2082
1952	1960	1959	2083	2084	2082
1960	1952	1953	2083	2061	2085
1953	1961	1960	2086	2087	2085
1961	1953	1954	2086	2064	2088
1954	169	1961	2089	2090	2088
169	1954	170	2089	2067	177
334	1962	335	2091	2092	342
1962	334	1955	2091	2069	2093
1955	1963	1962	2094	2095	2093
1963	1955	1956	2094	2072	2096
1956	1964	1963	2097	2098	2096
1964	1956	1957	2097	2075	2099
1957	1965	1964	2100	2101	2099
1965	1957	1958	2100	2078	2102
1958	1966	1965	2103	2104	2102
1966	1958	1959	2103	2081	2105
1959	1967	1966	2106	2107	2105
1967	1959	1960	2106	2084	2108
1960	1968	1967	2109	2110	2108
1968	1960	1961	2109	2087	2111
1961	168	1968	2112	2113	2111
168	1961	169	2112	2090	176
335	1969	336	2114	2115	343
1969	335	1962	2114	2092	2116
1962	1970	1969	2117	2118	2116
1970	1962	1963	2117	2095	2119
1963	1971	1970	2120	2121	2119
1971	1963	1964	2120	2098	2122
1964	1972	1971	2123	2124	2122
1972	1964	1965	2123	2101	2125
1965	1973	1972	2126	2127	2125
1973	1965	1966	2126	2104	2128
1966	1974	1973	2129	2130	2128
1974	1966	1967	2129	2107	2131
1967	1975	1974	2132	2133	2131
1975	1967	1968	2132	2110	2134
1968	167	1975	2135	2136	2134
167	1968	168	2135	2113	175
336	225	7	2137	232	344
225	336	1969	2137	2115	2138
1969	226	225	2139	233	2138
226	1969	1970	2139	2118	2140
1970	227	226	2141	234	2140
227	1970	1971	2141	2121	2142
1971	228	227	2143	235	2142
228	1971	1972	2143	2124	2144
1972	229	228	2145	236	2144
229	1972	1973	2145	2127	2146
1973	230	229	2147	237	2146
230	1973	1974	2147	2130	2148
1974	231	230	2149	238	2148
231	1974	1975	2149	2133	2150
1975	14	231	2151	239	2150
14	1975	167	2151	2136	174
7	225	2152	232	2173	2174
2152	49	7	2175	52	2174
49	2152	2153	2175	2176	2177
2153	50	49	2178	53	2177
50	2153	2154	2178	2179	2180
2154	51	50	2181	54	2180
51	2154	246	2181	2182	2183
246	5	51	254	55	2183
225	226	2155	233	2184	2185
2155	2152	225	2186	2173	2185
2152	2155	2156	2186	2187	2188
2156	2153	2152	2189	2176	2188
2153	2156	2157	2189	2190	2191
2157	2154	2153	2192	2179	2191
2154	2157	245	2192	2193	2194
245	246	2154	253	2182	2194
226	227	2158	234	2195	2196
2158	2155	226	2197	2184	2196
2155	2158	2159	2197	2198	2199
2159	2156	2155	2200	2187	2199
2156	2159	2160	2200	2201	2202
2160	2157	2156	2203	2190	2202
2157	2160	244	2203	2204	2205
244	245	2157	252	2193	2205
227	228	2161	235	2206	2207
2161	2158	227	2208	2195	2207
2158	2161	2162	2208	2209	2210
2162	2159	2158	2211	2198	2210
2159	2162	2163	2211	2212	2213
2163	2160	2159	2214	2201	2213
2160	2163	243	2214	2215	2216
243	244	2160	251	2204	2216
228	229	2164	236	2217	2218
2164	2161	228	2219	2206	2218
2161	2164	2165	2219	2220	2221
2165	2162	2161	2222	2209	2221
2162	2165	2166	2222	2223	2224
2166	2163	2162	2225	2212	2224
2163	2166	242	2225	2226	2227
242	243	2163	250	2215	2227
229	230	2167	237	2228	2229
2167	2164	229	2230	2217	2229
2164	2167	2168	2230	2231	2232
2168	2165	2164	2233	2220	2232
2165	2168	2169	2233	2234	2235
2169	2166	2165	2236	2223	2235
2166	2169	241	2236	2237	2238
241	242	2166	249	2226	2238
230	231	2170	238	2239	2240
2170	2167	230	2241	2228	2240
2167	2170	2171	2241	2242	2243
2171	2168	2167	2244	2231	2243
2168	2171	2172	2244	2245	2246
2172	2169	2168	2247	2234	2246
2169	2172	240	2247	2248	2249
240	241	2169	248	2237	2249
231	14	197	239	200	2250
197	2170	231	2251	2239	2250
2170	197	198	2251	201	2252
198	2171	2170	2253	2242	2252
2171	198	199	2253	202	2254
199	2172	2171	2255	2245	2254
2172	199	13	2255	203	2256
13	240	2172	247	2248	2256
29	478	536	485	2306	543
478	2257	536	2307	2308	2306
478	479	2257	486	2309	2307
479	2258	2257	2310	2311	2309
479	480	2258	487	2312	2310
480	2259	2258	2313	2314	2312
480	481	2259	488	2315	2313
481	2260	2259	2316	2317	2315
481	482	2260	489	2318	2316
482	2261	2260	2319	2320	2318
482	483	2261	490	2321	2319
483	2262	2261	2322	2323	2321
483	484	2262	491	2324	2322
484	2263	2262	2325	2326	2324
484	17	2263	492	2327	2325
17	373	2263	380	2328	2327
536	2257	537	2308	2329	544
2257	2264	537	2330	2331	2329
2257	2258	2264	2311	2332	2330
2258	2265	2264	2333	2334	2332
2258	2259	2265	2314	2335	2333
2259	2266	2265	2336	2337	2335
2259	2260	2266	2317	2338	2336
2260	2267	2266	2339	2340	2338
2260	2261	2267	2320	2341	2339
2261	2268	2267	2342	2343	2341
2261	2262	2268	2323	2344	2342
2262	2269	2268	2345	2346	2344
2262	2263	2269	2326	2347	2345
2263	2270	2269	2348	2349	2347
2263	373	2270	2328	2350	2348
373	374	2270	381	2351	2350
537	2264	538	2331	2352	545
2264	2271	538	2353	2354	2352
2264	2265	2271	2334	2355	2353
2265	2272	2271	2356	2357	2355
2265	2266	2272	2337	2358	2356
2266	2273	2272	2359	2360	2358
2266	2267	2273	2340	2361	2359
2267	2274	2273	2362	2363	2361
2267	2268	2274	2343	2364	2362
2268	2275	2274	2365	2366	2364
2268	2269	2275	2346	2367	2365
2269	2276	2275	2368	2369	2367
2269	2270	2276	2349	2370	2368
2270	2277	2276	2371	2372	2370
2270	374	2277	2351	2373	2371
374	375	2277	382	2374	2373
538	2271	539	2354	2375	546
2271	2278	539	2376	2377	2375
2271	2272	2278	2357	2378	2376
2272	2279	2278	2379	2380	2378
2272	2273	2279	2360	2381	2379
2273	2280	2279	2382	2383	2381
2273	2274	2280	2363	2384	2382
2274	2281	2280	2385	2386	2384
2274	2275	2281	2366	2387	2385
2275	2282	2281	2388	2389	2387
2275	2276	2282	2369	2390	2388
2276	2283	2282	2391	2392	2390
2276	2277	2283	2372	2393	2391
2277	2284	2283	2394	2395	2393
2277	375	2284	2374	2396	2394
375	376	2284	383	2397	2396
539	2278	540	2377	2398	547
2278	2285	540	2399	2400	2398
2278	2279	2285	2380	2401	2399
2279	2286	2285	2402	2403	2401
2279	2280	2286	2383	2404	2402
2280	2287	2286	2405	2406	2404
2280	2281	2287	2386	2407	2405
2281	2288	2287	2408	2409	2407
2281	2282	2288	2389	2410	2408
2282	2289	2288	2411	2412	2410
2282	2283	2289	2392	2413	2411
2283	2290	2289	2414	2415	2413
2283	2284	2290	2395	2416	2414
2284	2291	2290	2417	2418	2416
2284	376	2291	2397	2419	2417
376	377	2291	384	2420	2419
540	2285	541	2400	2421	548
2285	2292	541	2422	2423	2421
2285	2286	2292	2403	2424	2422
2286	2293	2292	2425	2426	2424
2286	2287	2293	2406	2427	2425
2287	2294	2293	2428	2429	2427
2287	2288	2294	2409	2430	2428
2288	2295	2294	2431	2432	2430
2288	2289	2295	2412	2433	2431
2289	2296	2295	2434	2435	2433
2289	2290	2296	2415	2436	2434
2290	2297	2296	2437	2438	2436
2290	2291	2297	2418	2439	2437
2291	2298	2297	2440	2441	2439
2291	377	2298	2420	2442	2440
377	378	2298	385	2443	2442
541	2292	542	2423	2444	549
2292	2299	542	2445	2446	2444
2292	2293	2299	2426	2447	2445
2293	2300	2299	2448	2449	2447
2293	2294	2300	2429	2450	2448
2294	2301	2300	2451	2452	2450
2294	2295	2301	2432	2453	2451
2295	2302	2301	2454	2455	2453
2295	2296	2302	2435	2456	2454
2296	2303	2302	2457	2458	2456
2296	2297	2303	2438	2459	2457
2297	2304	2303	2460	2461	2459
2297	2298	2304	2441	2462	2460
2298	2305	2304	2463	2464	2462
2298	378	2305	2443	2465	2463
378	379	2305	386	2466	2465
542	2299	21	2446	2467	550
2299	551	21	2468	558	2467
2299	2300	551	2449	2469	2468
2300	552	551	2470	559	2469
2300	2301	552	2452	2471	2470
2301	553	552	2472	560	2471
2301	2302	553	2455	2473	2472
2302	554	553	2474	561	2473
2302	2303	554	2458	2475	2474
2303	555	554	2476	562	2475
2303	2304	555	2461	2477	2476
2304	556	555	2478	563	2477
2304	2305	556	2464	2479	2478
2305	557	556	2480	564	2479
2305	379	557	2466	2481	2480
379	25	557	387	565	2481
21	551	352	558	2503	355
352	551	2482	2503	2504	2505
352	2482	353	2505	2506	356
353	2482	2483	2506	2507	2508
353	2483	354	2508	2509	357
354	2483	2484	2509	2510	2511
354	2484	22	2511	2512	358
22	2484	566	2512	2513	573
551	552	2482	559	2514	2504
2482	552	2485	2514	2515	2516
2482	2485	2483	2516	2517	2507
2483	2485	2486	2517	2518	2519
2483	2486	2484	2519	2520	2510
2484	2486	2487	2520	2521	2522
2484	2487	566	2522	2523	2513
566	2487	567	2523	2524	574
552	553	2485	560	2525	2515
2485	553	2488	2525	2526	2527
2485	2488	2486	2527	2528	2518
2486	2488	2489	2528	2529	2530
2486	2489	2487	2530	2531	2521
2487	2489	2490	2531	2532	2533
2487	2490	567	2533	2534	2524
567	2490	568	2534	2535	575
553	554	2488	561	2536	2526
2488	554	2491	2536	2537	2538
2488	2491	2489	2538	2539	2529
2489	2491	2492	2539	2540	2541
2489	2492	2490	2541	2542	2532
2490	2492	2493	2542	2543	2544
2490	2493	568	2544	2545	2535
568	2493	569	2545	2546	576
554	555	2491	562	2547	2537
2491	555	2494	2547	2548	2549
2491	2494	2492	2549	2550	2540
2492	2494	2495	2550	2551	2552
2492	2495	2493	2552	2553	2543
2493	2495	2496	2553	2554	2555
2493	2496	569	2555	2556	2546
569	2496	570	2556	2557	577
555	556	2494	563	2558	2548
2494	556	2497	2558	2559	2560
2494	2497	2495	2560	2561	2551
2495	2497	2498	2561	2562	2563
2495	2498	2496	2563	2564	2554
2496	2498	2499	2564	2565	2566
2496	2499	570	2566	2567	2557
570	2499	571	2567	2568	578
556	557	2497	564	2569	2559
2497	557	2500	2569	2570	2571
2497	2500	2498	2571	2572	2562
2498	2500	2501	2572	2573	2574
2498	2501	2499	2574	2575	2565
2499	2501	2502	2575	2576	2577
2499	2502	571	2577	2578	2568
571	2502	572	2578	2579	579
557	25	2500	565	2580	2570
2500	25	500	2580	503	2581
2500	500	2501	2581	2582	2573
2501	500	501	2582	504	2583
2501	501	2502	2583	2584	2576
2502	501	502	2584	505	2585
2502	502	572	2585	2586	2579
572	502	26	2586	506	580
22	566	581	573	2636	588
581	566	2587	2636	2637	2638
581	2587	582	2638	2639	589
582	2587	2588	2639	2640	2641
582	2588	583	2641	2642	590
583	2588	2589	2642	2643	2644
583	2589	584	2644	2645	591
584	2589	2590	2645	2646	2647
584	2590	585	2647	2648	592
585	2590	2591	2648	2649	2650
585	2591	586	2650	2651	593
586	2591	2592	2651	2652	2653
586	2592	587	2653	2654	594
587	2592	2593	2654	2655	2656
587	2593	31	2656	2657	595
31	2593	409	2657	2658	417
566	567	2587	574	2659	2637
2587	567	2594	2659	2660	2661
2587	2594	2588	2661	2662	2640
2588	2594	2595	2662	2663	2664
2588	2595	2589	2664	2665	2643
2589	2595	2596	2665	2666	2667
2589	2596	2590	2667	2668	2646
2590	2596	2597	2668	2669	2670
2590	2597	2591	2670	2671	2649
2591	2597	2598	2671	2672	2673
2591	2598	2592	2673	2674	2652
2592	2598	2599	2674	2675	2676
2592	2599	2593	2676	2677	2655
2593	2599	2600	2677	2678	2679
2593	2600	409	2679	2680	2658
409	2600	408	2680	2681	416
567	568	2594	575	2682	2660
2594	568	2601	2682	2683	2684
2594	2601	2595	2684	2685	2663
2595	2601	2602	2685	2686	2687
2595	2602	2596	2687	2688	2666
2596	2602	2603	2688	2689	2690
2596	2603	2597	2690	2691	2669
2597	2603	2604	2691	2692	2693
2597	2604	2598	2693	2694	2672
2598	2604	2605	2694	2695	2696
2598	2605	2599	2696	2697	2675
2599	2605	2606	2697	2698	2699
2599	2606	2600	2699	2700	2678
2600	2606	2607	2700	2701	2702
2600	2607	408	2702	2703	2681
408	2607	407	2703	2704	415
568	569	2601	576	2705	2683
2601	569	2608	2705	2706	2707
2601	2608	2602	2707	2708	2686
2602	2608	2609	2708	2709	2710
2602	2609	2603	2710	2711	2689
2603	2609	2610	2711	2712	2713
2603	2610	2604	2713	2714	2692
2604	2610	2611	2714	2715	2716
2604	2611	2605	2716	2717	2695
2605	2611	2612	2717	2718	2719
2605	2612	2606	2719	2720	2698
2606	2612	2613	2720	2721	2722
2606	2613	2607	2722	2723	2701
2607	2613	2614	2723	2724	2725
2607	2614	407	2725	2726	2704
407	2614	406	2726	2727	414
569	570	2608	577	2728	2706
2608	570	2615	2728	2729	2730
2608	2615	2609	2730	2731	2709
2609	2615	2616	2731	2732	2733
2609	2616	2610	2733	2734	2712
2610	2616	2617	2734	2735	2736
2610	2617	2611	2736	2737	2715
2611	2617	2618	2737	2738	2739
2611	2618	2612	2739	2740	2718
2612	2618	2619	2740	2741	2742
2612	2619	2613	2742	2743	2721
2613	2619	2620	2743	2744	2745
2613	2620	2614	2745	2746	2724
2614	2620	2621	2746	2747	2748
2614	2621	406	2748	2749	2727
406	2621	405	2749	2750	413
570	571	2615	578	2751	2729
2615	571	2622	2751	2752	2753
2615	2622	2616	2753	2754	2732
2616	2622	2623	2754	2755	2756
2616	2623	2617	2756	2757	2735
2617	2623	2624	2757	2758	2759
2617	2624	2618	2759	2760	2738
2618	2624	2625	2760	2761	2762
2618	2625	2619	2762	2763	2741
2619	2625	2626	2763	2764	2765
2619	2626	2620	2765	2766	2744
2620	2626	2627	2766	2767	2768
2620	2627	2621	2768	2769	2747
2621	2627	2628	2769	2770	2771
2621	2628	405	2771	2772	2750
405	2628	404	2772	2773	412
571	572	2622	579	2774	2752
2622	572	2629	2774	2775	2776
2622	2629	2623	2776	2777	2755
2623	2629	2630	2777	2778	2779
2623	2630	2624	2779	2780	2758
2624	2630	2631	2780	2781	2782
2624	2631	2625	2782	2783	2761
2625	2631	2632	2783	2784	2785
2625	2632	2626	2785	2786	2764
2626	2632	2633	2786	2787	2788
2626	2633	2627	2788	2789	2767
2627	2633	2634	2789	2790	2791
2627	2634	2628	2791	2792	2770
2628	2634	2635	2792	2793	2794
2628	2635	404	2794	2795	2773
404	2635	403	2795	2796	411
572	26	2629	580	2797	2775
2629	26	388	2797	395	2798
2629	388	2630	2798	2799	2778
2630	388	389	2799	396	2800
2630	389	2631	2800	2801	2781
2631	389	390	2801	397	2802
2631	390	2632	2802	2803	2784
2632	390	391	2803	398	2804
2632	391	2633	2804	2805	2787
2633	391	392	2805	399	2806
2633	392	2634	2806	2807	2790
2634	392	393	2807	400	2808
2634	393	2635	2808	2809	2793
2635	393	394	2809	401	2810
2635	394	403	2810	2811	2796
403	394	18	2811	402	410
22	581	2812	588	2833	2834
2812	359	22	2835	362	2834
359	2812	2813	2835	2836	2837
2813	360	359	2838	363	2837
360	2813	2814	2838	2839	2840
2814	361	360	2841	364	2840
361	2814	596	2841	2842	2843
596	24	361	603	365	2843
581	582	2815	589	2844	2845
2815	2812	581	2846	2833	2845
2812	2815	2816	2846	2847	2848
2816	2813	2812	2849	2836	2848
2813	2816	2817	2849	2850	2851
2817	2814	2813	2852	2839	2851
2814	2817	597	2852	2853	2854
597	596	2814	604	2842	2854
582	583	2818	590	2855	2856
2818	2815	582	2857	2844	2856
2815	2818	2819	2857	2858	2859
2819	2816	2815	2860	2847	2859
2816	2819	2820	2860	2861	2862
2820	2817	2816	2863	2850	2862
2817	2820	598	2863	2864	2865
598	597	2817	605	2853	2865
583	584	2821	591	2866	2867
2821	2818	583	2868	2855	2867
2818	2821	2822	2868	2869	2870
2822	2819	2818	2871	2858	2870
2819	2822	2823	2871	2872	2873
2823	2820	2819	2874	2861	2873
2820	2823	599	2874	2875	2876
599	598	2820	606	2864	2876
584	585	2824	592	2877	2878
2824	2821	584	2879	2866	2878
2821	2824	2825	2879	2880	2881
2825	2822	2821	2882	2869	2881
2822	2825	2826	2882	2883	2884
2826	2823	2822	2885	2872	2884
2823	2826	600	2885	2886	2887
600	599	2823	607	2875	2887
585	586	2827	593	2888	2889
2827	2824	585	2890	2877	2889
2824	2827	2828	2890	2891	2892
2828	2825	2824	2893	2880	2892
2825	2828	2829	2893	2894	2895
2829	2826	2825	2896	2883	2895
2826	2829	601	2896	2897	2898
601	600	2826	608	2886	2898
586	587	2830	594	2899	2900
2830	2827	586	2901	2888	2900
2827	2830	2831	2901	2902	2903
2831	2828	2827	2904	2891	2903
2828	2831	2832	2904	2905	2906
2832	2829	2828	2907	2894	2906
2829	2832	602	2907	2908	2909
602	601	2829	609	2897	2909
587	31	507	595	510	2910
507	2830	587	2911	2899	2910
2830	507	508	2911	511	2912
508	2831	2830	2913	2902	2912
2831	508	509	2913	512	2914
509	2832	2831	2915	2905	2914
2832	509	32	2915	513	2916
32	602	2832	610	2908	2916
24	596	2917	603	2966	2967
2917	611	24	2968	618	2967
611	2917	2918	2968	2969	2970
2918	612	611	2971	619	2970
612	2918	2919	2971	2972	2973
2919	613	612	2974	620	2973
613	2919	2920	2974	2975	2976
2920	614	613	2977	621	2976
614	2920	2921	2977	2978	2979
2921	615	614	2980	622	2979
615	2921	2922	2980	2981	2982
2922	616	615	2983	623	2982
616	2922	2923	2983	2984	2985
2923	617	616	2986	624	2985
617	2923	439	2986	2987	2988
439	28	617	447	625	2988
596	597	2924	604	2989	2990
2924	2917	596	2991	2966	2990
2917	2924	2925	2991	2992	2993
2925	2918	2917	2994	2969	2993
2918	2925	2926	2994	2995	2996
2926	2919	2918	2997	2972	2996
2919	2926	2927	2997	2998	2999
2927	2920	2919	3000	2975	2999
2920	2927	2928	3000	3001	3002
2928	2921	2920	3003	2978	3002
2921	2928	2929	3003	3004	3005
2929	2922	2921	3006	2981	3005
2922	2929	2930	3006	3007	3008
2930	2923	2922	3009	2984	3008
2923	2930	438	3009	3010	3011
438	439	2923	446	2987	3011
597	598	2931	605	3012	3013
2931	2924	597	3014	2989	3013
2924	2931	2932	3014	3015	3016
2932	2925	2924	3017	2992	3016
2925	2932	2933	3017	3018	3019
2933	2926	2925	3020	2995	3019
2926	2933	2934	3020	3021	3022
2934	2927	2926	3023	2998	3022
2927	2934	2935	3023	3024	3025
2935	2928	2927	3026	3001	3025
2928	2935	2936	3026	3027	3028
2936	2929	2928	3029	3004	3028
2929	2936	2937	3029	3030	3031
2937	2930	2929	3032	3007	3031
2930	2937	437	3032	3033	3034
437	438	2930	445	3010	3034
598	599	2938	606	3035	3036
2938	2931	598	3037	3012	3036
2931	2938	2939	3037	3038	3039
2939	2932	2931	3040	3015	3039
2932	2939	2940	3040	3041	3042
2940	2933	2932	3043	3018	3042
2933	2940	2941	3043	3044	3045
2941	2934	2933	3046	3021	3045
2934	2941	2942	3046	3047	3048
2942	2935	2934	3049	3024	3048
2935	2942	2943	3049	3050	3051
2943	2936	2935	3052	3027	3051
2936	2943	2944	3052	3053	3054
2944	2937	2936	3055	3030	3054
2937	2944	436	3055	3056	3057
436	437	2937	444	3033	3057
599	600	2945	607	3058	3059
2945	2938	599	3060	3035	3059
2938	2945	2946	3060	3061	3062
2946	2939	2938	3063	3038	3062
2939	2946	2947	3063	3064	3065
2947	2940	2939	3066	3041	3065
2940	2947	2948	3066	3067	3068
2948	2941	2940	3069	3044	3068
2941	2948	2949	3069	3070	3071
2949	2942	2941	3072	3047	3071
2942	2949	2950	3072	3073	3074
2950	2943	2942	3075	3050	3074
2943	2950	2951	3075	3076	3077
2951	2944	2943	3078	3053	3077
2944	2951	435	3078	3079	3080
435	436	2944	443	3056	3080
600	601	2952	608	3081	3082
2952	2945	600	3083	3058	3082
2945	2952	2953	3083	3084	3085
2953	2946	2945	3086	3061	3085
2946	2953	2954	3086	3087	3088
2954	2947	2946	3089	3064	3088
2947	2954	2955	3089	3090	3091
2955	2948	2947	3092	3067	3091
2948	2955	2956	3092	3093	3094
2956	2949	2948	3095	3070	3094
2949	2956	2957	3095	3096	3097
2957	2950	2949	3098	3073	3097
2950	2957	2958	3098	3099	3100
2958	2951	2950	3101	3076	3100
2951	2958	434	3101	3102	3103
434	435	2951	442	3079	3103
601	602	2959	609	3104	3105
2959	2952	601	3106	3081	3105
2952	2959	2960	3106	3107	3108
2960	2953	2952	3109	3084	3108
2953	2960	2961	3109	3110	3111
2961	2954	2953	3112	3087	3111
2954	2961	2962	3112	3113	3114
2962	2955	2954	3115	3090	3114
2955	2962	2963	3115	3116	3117
2963	2956	2955	3118	3093	3117
2956	2963	2964	3118	3119	3120
2964	2957	2956	3121	3096	3120
2957	2964	2965	3121	3122	3123
2965	2958	2957	3124	3099	3123
2958	2965	433	3124	3125	3126
433	434	2958	441	3102	3126
602	32	418	610	425	3127
418	2959	602	3128	3104	3127
2959	418	419	3128	426	3129
419	2960	2959	3130	3107	3129
2960	419	420	3130	427	3131
420	2961	2960	3132	3110	3131
2961	420	421	3132	428	3133
421	2962	2961	3134	3113	3133
2962	421	422	3134	429	3135
422	2963	2962	3136	3116	3135
2963	422	423	3136	430	3137
423	2964	2963	3138	3119	3137
2964	423	424	3138	431	3139
424	2965	2964	3140	3122	3139
2965	424	19	3140	432	3141
19	433	2965	440	3125	3141
24	611	366	618	3163	369
611	3142	366	3164	3165	3163
611	612	3142	619	3166	3164
612	3143	3142	3167	3168	3166
612	613	3143	620	3169	3167
613	3144	3143	3170	3171	3169
613	614	3144	621	3172	3170
614	3145	3144	3173	3174	3172
614	615	3145	622	3175	3173
615	3146	3145	3176	3177	3175
615	616	3146	623	3178	3176
616	3147	3146	3179	3180	3178
616	617	3147	624	3181	3179
617	3148	3147	3182	3183	3181
617	28	3148	625	3184	3182
28	514	3148	517	3185	3184
366	3142	367	3165	3186	370
3142	3149	367	3187	3188	3186
3142	3143	3149	3168	3189	3187
3143	3150	3149	3190	3191	3189
3143	3144	3150	3171	3192	3190
3144	3151	3150	3193	3194	3192
3144	3145	3151	3174	3195	3193
3145	3152	3151	3196	3197	3195
3145	3146	3152	3177	3198	3196
3146	3153	3152	3199	3200	3198
3146	3147	3153	3180	3201	3199
3147	3154	3153	3202	3203	3201
3147	3148	3154	3183	3204	3202
3148	3155	3154	3205	3206	3204
3148	514	3155	3185	3207	3205
514	515	3155	518	3208	3207
367	3149	368	3188	3209	371
3149	3156	368	3210	3211	3209
3149	3150	3156	3191	3212	3210
3150	3157	3156	3213	3214	3212
3150	3151	3157	3194	3215	3213
3151	3158	3157	3216	3217	3215
3151	3152	3158	3197	3218	3216
3152	3159	3158	3219	3220	3218
3152	3153	3159	3200	3221	3219
3153	3160	3159	3222	3223	3221
3153	3154	3160	3203	3224	3222
3154	3161	3160	3225	3226	3224
3154	3155	3161	3206	3227	3225
3155	3162	3161	3228	3229	3227
3155	515	3162	3208	3230	3228
515	516	3162	519	3231	3230
368	3156	23	3211	3232	372
3156	632	23	3233	640	3232
3156	3157	632	3214	3234	3233
3157	631	632	3235	639	3234
3157	3158	631	3217	3236	3235
3158	630	631	3237	638	3236
3158	3159	630	3220	3238	3237
3159	629	630	3239	637	3238
3159	3160	629	3223	3240	3239
3160	628	629	3241	636	3240
3160	3161	628	3226	3242	3241
3161	627	628	3243	635	3242
3161	3162	627	3229	3244	3243
3162	626	627	3245	634	3244
3162	516	626	3231	3246	3245
516	27	626	520	633	3246
27	3247	626	3296	3297	633
3247	27	448	3296	455	3298
448	3248	3247	3299	3300	3298
3248	448	449	3299	456	3301
449	3249	3248	3302	3303	3301
3249	449	450	3302	457	3304
450	3250	3249	3305	3306	3304
3250	450	451	3305	458	3307
451	3251	3250	3308	3309	3307
3251	451	452	3308	459	3310
452	3252	3251	3311	3312	3310
3252	452	453	3311	460	3313
453	3253	3252	3314	3315	3313
3253	453	454	3314	461	3316
454	469	3253	3317	3318	3316
469	454	20	3317	462	477
626	3254	627	3319	3320	634
3254	626	3247	3319	3297	3321
3247	3255	3254	3322	3323	3321
3255	3247	3248	3322	3300	3324
3248	3256	3255	3325	3326	3324
3256	3248	3249	3325	3303	3327
3249	3257	3256	3328	3329	3327
3257	3249	3250	3328	3306	3330
3250	3258	3257	3331	3332	3330
3258	3250	3251	3331	3309	3333
3251	3259	3258	3334	3335	3333
3259	3251	3252	3334	3312	3336
3252	3260	3259	3337	3338	3336
3260	3252	3253	3337	3315	3339
3253	468	3260	3340	3341	3339
468	3253	469	3340	3318	476
627	3261	628	3342	3343	635
3261	627	3254	3342	3320	3344
3254	3262	3261	3345	3346	3344
3262	3254	3255	3345	3323	3347
3255	3263	3262	3348	3349	3347
3263	3255	3256	3348	3326	3350
3256	3264	3263	3351	3352	3350
3264	3256	3257	3351	3329	3353
3257	3265	3264	3354	3355	3353
3265	3257	3258	3354	3332	3356
3258	3266	3265	3357	3358	3356
3266	3258	3259	3357	3335	3359
3259	3267	3266	3360	3361	3359
3267	3259	3260	3360	3338	3362
3260	467	3267	3363	3364	3362
467	3260	468	3363	3341	475
628	3268	629	3365	3366	636
3268	628	3261	3365	3343	3367
3261	3269	3268	3368	3369	3367
3269	3261	3262	3368	3346	3370
3262	3270	3269	3371	3372	3370
3270	3262	3263	3371	3349	3373
3263	3271	3270	3374	3375	3373
3271	3263	3264	3374	3352	3376
3264	3272	3271	3377	3378	3376
3272	3264	3265	3377	3355	3379
3265	3273	3272	3380	3381	3379
3273	3265	3266	3380	3358	3382
3266	3274	3273	3383	3384	3382
3274	3266	3267	3383	3361	3385
3267	466	3274	3386	3387	3385
466	3267	467	3386	3364	474
629	3275	630	3388	3389	637
3275	629	3268	3388	3366	3390
3268	3276	3275	3391	3392	3390
3276	3268	3269	3391	3369	3393
3269	3277	3276	3394	3395	3393
3277	3269	3270	3394	3372	3396
3270	3278	3277	3397	3398	3396
3278	3270	3271	3397	3375	3399
3271	3279	3278	3400	3401	3399
3279	3271	3272	3400	3378	3402
3272	3280	3279	3403	3404	3402
3280	3272	3273	3403	3381	3405
3273	3281	3280	3406	3407	3405
3281	3273	3274	3406	3384	3408
3274	465	3281	3409	3410	3408
465	3274	466	3409	3387	473
630	3282	631	3411	3412	638
3282	630	3275	3411	3389	3413
3275	3283	3282	3414	3415	3413
3283	3275	3276	3414	3392	3416
3276	3284	3283	3417	3418	3416
3284	3276	3277	3417	3395	3419
3277	3285	3284	3420	3421	3419
3285	3277	3278	3420	3398	3422
3278	3286	3285	3423	3424	3422
3286	3278	3279	3423	3401	3425
3279	3287	3286	3426	3427	3425
3287	3279	3280	3426	3404	3428
3280	3288	3287	3429	3430	3428
3288	3280	3281	3429	3407	3431
3281	464	3288	3432	3433	3431
464	3281	465	3432	3410	472
631	3289	632	3434	3435	639
3289	631	3282	3434	3412	3436
3282	3290	3289	3437	3438	3436
3290	3282	3283	3437	3415	3439
3283	3291	3290	3440	3441	3439
3291	3283	3284	3440	3418	3442
3284	3292	3291	3443	3444	3442
3292	3284	3285	3443	3421	3445
3285	3293	3292	3446	3447	3445
3293	3285	3286	3446	3424	3448
3286	3294	3293	3449	3450	3448
3294	3286	3287	3449	3427	3451
3287	3295	3294	3452	3453	3451
3295	3287	3288	3452	3430	3454
3288	463	3295	3455	3456	3454
463	3288	464	3455	3433	471
632	521	23	3457	528	640
521	632	3289	3457	3435	3458
3289	522	521	3459	529	3458
522	3289	3290	3459	3438	3460
3290	523	522	3461	530	3460
523	3290	3291	3461	3441	3462
3291	524	523	3463	531	3462
524	3291	3292	3463	3444	3464
3292	525	524	3465	532	3464
525	3292	3293	3465	3447	3466
3293	526	525	3467	533	3466
526	3293	3294	3467	3450	3468
3294	527	526	3469	534	3468
527	3294	3295	3469	3453	3470
3295	30	527	3471	535	3470
30	3295	463	3471	3456	470
23	521	3472	528	3493	3494
3472	345	23	3495	348	3494
345	3472	3473	3495	3496	3497
3473	346	345	3498	349	3497
346	3473	3474	3498	3499	3500
3474	347	346	3501	350	3500
347	3474	542	3501	3502	3503
542	21	347	550	351	3503
521	522	3475	529	3504	3505
3475	3472	521	3506	3493	3505
3472	3475	3476	3506	3507	3508
3476	3473	3472	3509	3496	3508
3473	3476	3477	3509	3510	3511
3477	3474	3473	3512	3499	3511
3474	3477	541	3512	3513	3514
541	542	3474	549	3502	3514
522	523	3478	530	3515	3516
3478	3475	522	3517	3504	3516
3475	3478	3479	3517	3518	3519
3479	3476	3475	3520	3507	3519
3476	3479	3480	3520	3521	3522
3480	3477	3476	3523	3510	3522
3477	3480	540	3523	3524	3525
540	541	3477	548	3513	3525
523	524	3481	531	3526	3527
3481	3478	523	3528	3515	3527
3478	3481	3482	3528	3529	3530
3482	3479	3478	3531	3518	3530
3479	3482	3483	3531	3532	3533
3483	3480	3479	3534	3521	3533
3480	3483	539	3534	3535	3536
539	540	3480	547	3524	3536
524	525	3484	532	3537	3538
3484	3481	524	3539	3526	3538
3481	3484	3485	3539	3540	3541
3485	3482	3481	3542	3529	3541
3482	3485	3486	3542	3543	3544
3486	3483	3482	3545	3532	3544
3483	3486	538	3545	3546	3547
538	539	3483	546	3535	3547
525	526	3487	533	3548	3549
3487	3484	525	3550	3537	3549
3484	3487	3488	3550	3551	3552
3488	3485	3484	3553	3540	3552
3485	3488	3489	3553	3554	3555
3489	3486	3485	3556	3543	3555
3486	3489	537	3556	3557	3558
537	538	3486	545	3546	3558
526	527	3490	534	3559	3560
3490	3487	526	3561	3548	3560
3487	3490	3491	3561	3562	3563
3491	3488	3487	3564	3551	3563
3488	3491	3492	3564	3565	3566
3492	3489	3488	3567	3554	3566
3489	3492	536	3567	3568	3569
536	537	3489	544	3557	3569
527	30	493	535	496	3570
493	3490	527	3571	3559	3570
3490	493	494	3571	497	3572
494	3491	3490	3573	3562	3572
3491	494	495	3573	498	3574
495	3492	3491	3575	3565	3574
3492	495	29	3575	499	3576
29	536	3492	543	3568	3576
45	774	832	781	3626	839
774	3577	832	3627	3628	3626
774	775	3577	782	3629	3627
775	3578	3577	3630	3631	3629
775	776	3578	783	3632	3630
776	3579	3578	3633	3634	3632
776	777	3579	784	3635	3633
777	3580	3579	3636	3637	3635
777	778	3580	785	3638	3636
778	3581	3580	3639	3640	3638
778	779	3581	786	3641	3639
779	3582	3581	3642	3643	3641
779	780	3582	787	3644	3642
780	3583	3582	3645	3646	3644
780	33	3583	788	3647	3645
33	669	3583	676	3648	3647
832	3577	833	3628	3649	840
3577	3584	833	3650	3651	3649
3577	3578	3584	3631	3652	3650
3578	3585	3584	3653	3654	3652
3578	3579	3585	3634	3655	3653
3579	3586	3585	3656	3657	3655
3579	3580	3586	3637	3658	3656
3580	3587	3586	3659	3660	3658
3580	3581	3587	3640	3661	3659
3581	3588	3587	3662	3663	3661
3581	3582	3588	3643	3664	3662
3582	3589	3588	3665	3666	3664
3582	3583	3589	3646	3667	3665
3583	3590	3589	3668	3669	3667
3583	669	3590	3648	3670	3668
669	670	3590	677	3671	3670
833	3584	834	3651	3672	841
3584	3591	834	3673	3674	3672
3584	3585	3591	3654	3675	3673
3585	3592	3591	3676	3677	3675
3585	3586	3592	3657	3678	3676
3586	3593	3592	3679	3680	3678
3586	3587	3593	3660	3681	3679
3587	3594	3593	3682	3683	3681
3587	3588	3594	3663	3684	3682
3588	3595	3594	3685	3686	3684
3588	3589	3595	3666	3687	3685
3589	3596	3595	3688	3689	3687
3589	3590	3596	3669	3690	3688
3590	3597	3596	3691	3692	3690
3590	670	3597	3671	3693	3691
670	671	3597	678	3694	3693
834	3591	835	3674	3695	842
3591	3598	835	3696	3697	3695
3591	3592	3598	3677	3698	3696
3592	3599	3598	3699	3700	3698
3592	3593	3599	3680	3701	3699
3593	3600	3599	3702	3703	3701
3593	3594	3600	3683	3704	3702
3594	3601	3600	3705	3706	3704
3594	3595	3601	3686	3707	3705
3595	3602	3601	3708	3709	3707
3595	3596	3602	3689	3710	3708
3596	3603	3602	3711	3712	3710
3596	3597	3603	3692	3713	3711
3597	3604	3603	3714	3715	3713
3597	671	3604	3694	3716	3714
671	672	3604	679	3717	3716
835	3598	836	3697	3718	843
3598	3605	836	3719	3720	3718
3598	3599	3605	3700	3721	3719
3599	3606	3605	3722	3723	3721
3599	3600	3606	3703	3724	3722
3600	3607	3606	3725	3726	3724
3600	3601	3607	3706	3727	3725
3601	3608	3607	3728	3729	3727
3601	3602	3608	3709	3730	3728
3602	3609	3608	3731	3732	3730
3602	3603	3609	3712	3733	3731
3603	3610	3609	3734	3735	3733
3603	3604	3610	3715	3736	3734
3604	3611	3610	3737	3738	3736
3604	672	3611	3717	3739	3737
672	673	3611	680	3740	3739
836	3605	837	3720	3741	844
3605	3612	837	3742	3743	3741
3605	3606	3612	3723	3744	3742
3606	3613	3612	3745	3746	3744
3606	3607	3613	3726	3747	3745
3607	3614	3613	3748	3749	3747
3607	3608	3614	3729	3750	3748
3608	3615	3614	3751	3752	3750
3608	3609	3615	3732	3753	3751
3609	3616	3615	3754	3755	3753
3609	3610	3616	3735	3756	3754
3610	3617	3616	3757	3758	3756
3610	3611	3617	3738	3759	3757
3611	3618	3617	3760	3761	3759
3611	673	3618	3740	3762	3760
673	674	3618	681	3763	3762
837	3612	838	3743	3764	845
3612	3619	838	3765	3766	3764
3612	3613	3619	3746	3767	3765
3613	3620	3619	3768	3769	3767
3613	3614	3620	3749	3770	3768
3614	3621	3620	3771	3772	3770
3614	3615	3621	3752	3773	3771
3615	3622	3621	3774	3775	3773
3615	3616	3622	3755	3776	3774
3616	3623	3622	3777	3778	3776
3616	3617	3623	3758	3779	3777
3617	3624	3623	3780	3781	3779
3617	3618	3624	3761	3782	3780
3618	3625	3624	3783	3784	3782
3618	674	3625	3763	3785	3783
674	675	3625	682	3786	3785
838	3619	37	3766	3787	846
3619	847	37	3788	854	3787
3619	3620	847	3769	3789	3788
3620	848	847	3790	855	3789
3620	3621	848	3772	3791	3790
3621	849	848	3792	856	3791
3621	3622	849	3775	3793	3792
3622	850	849	3794	857	3793
3622	3623	850	3778	3795	3794
3623	851	850	3796	858	3795
3623	3624	851	3781	3797	3796
3624	852	851	3798	859	3797
3624	3625	852	3784	3799	3798
3625	853	852	3800	860	3799
3625	675	853	3786	3801	3800
675	41	853	683	861	3801
37	847	648	854	3823	651
648	847	3802	3823	3824	3825
648	3802	649	3825	3826	652
649	3802	3803	3826	3827	3828
649	3803	650	3828	3829	653
650	3803	3804	3829	3830	3831
650	3804	38	3831	3832	654
38	3804	862	3832	3833	869
847	848	3802	855	3834	3824
3802	848	3805	3834	3835	3836
3802	3805	3803	3836	3837	3827
3803	3805	3806	3837	3838	3839
3803	3806	3804	3839	3840	3830
3804	3806	3807	3840	3841	3842
3804	3807	862	3842	3843	3833
862	3807	863	3843	3844	870
848	849	3805	856	3845	3835
3805	849	3808	3845	3846	3847
3805	3808	3806	3847	3848	3838
3806	3808	3809	3848	3849	3850
3806	3809	3807	3850	3851	3841
3807	3809	3810	3851	3852	3853
3807	3810	863	3853	3854	3844
863	3810	864	3854	3855	871
849	850	3808	857	3856	3846
3808	850	3811	3856	3857	3858
3808	3811	3809	3858	3859	3849
3809	3811	3812	3859	3860	3861
3809	3812	3810	3861	3862	3852
3810	3812	3813	3862	3863	3864
3810	3813	864	3864	3865	3855
864	3813	865	3865	3866	872
850	851	3811	858	3867	3857
3811	851	3814	3867	3868	3869
3811	3814	3812	3869	3870	3860
3812	3814	3815	3870	3871	3872
3812	3815	3813	3872	3873	3863
3813	3815	3816	3873	3874	3875
3813	3816	865	3875	3876	3866
865	3816	866	3876	3877	873
851	852	3814	859	3878	3868
3814	852	3817	3878	3879	3880
3814	3817	3815	3880	3881	3871
3815	3817	3818	3881	3882	3883
3815	3818	3816	3883	3884	3874
3816	3818	3819	3884	3885	3886
3816	3819	866	3886	3887	3877
866	3819	867	3887	3888	874
852	853	3817	860	3889	3879
3817	853	3820	3889	3890	3891
3817	3820	3818	3891	3892	3882
3818	3820	3821	3892	3893	3894
3818	3821	3819	3894	3895	3885
3819	3821	3822	3895	3896	3897
3819	3822	867	3897	3898	3888
867	3822	868	3898	3899	875
853	41	3820	861	3900	3890
3820	41	796	3900	799	3901
3820	796	3821	3901	3902	3893
3821	796	797	3902	800	3903
3821	797	3822	3903	3904	3896
3822	797	798	3904	801	3905
3822	798	868	3905	3906	3899
868	798	42	3906	802	876
38	862	877	869	3956	884
877	862	3907	3956	3957	3958
877	3907	878	3958	3959	885
878	3907	3908	3959	3960	3961
878	3908	879	3961	3962	886
879	3908	3909	3962	3963	3964
879	3909	880	3964	3965	887
880	3909	3910	3965	3966	3967
880	3910	881	3967	3968	888
881	3910	3911	3968	3969	3970
881	3911	882	3970	3971	889
882	3911	3912	3971	3972	3973
882	3912	883	3973	3974	890
883	3912	3913	3974	3975	3976
883	3913	47	3976	3977	891
47	3913	705	3977	3978	713
862	863	3907	870	3979	3957
3907	863	3914	3979	3980	3981
3907	3914	3908	3981	3982	3960
3908	3914	3915	3982	3983	3984
3908	3915	3909	3984	3985	3963
3909	3915	3916	3985	3986	3987
3909	3916	3910	3987	3988	3966
3910	3916	3917	3988	3989	3990
3910	3917	3911	3990	3991	3969
3911	3917	3918	3991	3992	3993
3911	3918	3912	3993	3994	3972
3912	3918	3919	3994	3995	3996
3912	3919	3913	3996	3997	3975
3913	3919	3920	3997	3998	3999
3913	3920	705	3999	4000	3978
705	3920	704	4000	4001	712
863	864	3914	871	4002	3980
3914	864	3921	4002	4003	4004
3914	3921	3915	4004	4005	3983
3915	3921	3922	4005	4006	4007
3915	3922	3916	4007	4008	3986
3916	3922	3923	4008	4009	4010
3916	3923	3917	4010	4011	3989
3917	3923	3924	4011	4012	4013
3917	3924	3918	4013	4014	3992
3918	3924	3925	4014	4015	4016
3918	3925	3919	4016	4017	3995
3919	3925	3926	4017	4018	4019
3919	3926	3920	4019	4020	3998
3920	3926	3927	4020	4021	4022
3920	3927	704	4022	4023	4001
704	3927	703	4023	4024	711
864	865	3921	872	4025	4003
3921	865	3928	4025	4026	4027
3921	3928	3922	4027	4028	4006
3922	3928	3929	4028	4029	4030
3922	3929	3923	4030	4031	4009
3923	3929	3930	4031	4032	4033
3923	3930	3924	4033	4034	4012
3924	3930	3931	4034	4035	4036
3924	3931	3925	4036	4037	4015
3925	3931	3932	4037	4038	4039
3925	3932	3926	4039	4040	4018
3926	3932	3933	4040	4041	4042
3926	3933	3927	4042	4043	4021
3927	3933	3934	4043	4044	4045
3927	3934	703	4045	4046	4024
703	3934	702	4046	4047	710
865	866	3928	873	4048	4026
3928	866	3935	4048	4049	4050
3928	3935	3929	4050	4051	4029
3929	3935	3936	4051	4052	4053
3929	3936	3930	4053	4054	4032
3930	3936	3937	4054	4055	4056
3930	3937	3931	4056	4057	4035
3931	3937	3938	4057	4058	4059
3931	3938	3932	4059	4060	4038
3932	3938	3939	4060	4061	4062
3932	3939	3933	4062	4063	4041
3933	3939	3940	4063	4064	4065
3933	3940	3934	4065	4066	4044
3934	3940	3941	4066	4067	4068
3934	3941	702	4068	4069	4047
702	3941	701	4069	4070	709
866	867	3935	874	4071	4049
3935	867	3942	4071	4072	4073
3935	3942	3936	4073	4074	4052
3936	3942	3943	4074	4075	4076
3936	3943	3937	4076	4077	4055
3937	3943	3944	4077	4078	4079
3937	3944	3938	4079	4080	4058
3938	3944	3945	4080	4081	4082
3938	3945	3939	4082	4083	4061
3939	3945	3946	4083	4084	4085
3939	3946	3940	4085	4086	4064
3940	3946	3947	4086	4087	4088
3940	3947	3941	4088	4089	4067
3941	3947	3948	4089	4090	4091
3941	3948	701	4091	4092	4070
701	3948	700	4092	4093	708
867	868	3942	875	4094	4072
3942	868	3949	4094	4095	4096
3942	3949	3943	4096	4097	4075
3943	3949	3950	4097	4098	4099
3943	3950	3944	4099	4100	4078
3944	3950	3951	4100	4101	4102
3944	3951	3945	4102	4103	4081
3945	3951	3952	4103	4104	4105
3945	3952	3946	4105	4106	4084
3946	3952	3953	4106	4107	4108
3946	3953	3947	4108	4109	4087
3947	3953	3954	4109	4110	4111
3947	3954	3948	4111	4112	4090
3948	3954	3955	4112	4113	4114
3948	3955	700	4114	4115	4093
700	3955	699	4115	4116	707
868	42	3949	876	4117	4095
3949	42	684	4117	691	4118
3949	684	3950	4118	4119	4098
3950	684	685	4119	692	4120
3950	685	3951	4120	4121	4101
3951	685	686	4121	693	4122
3951	686	3952	4122	4123	4104
3952	686	687	4123	694	4124
3952	687	3953	4124	4125	4107
3953	687	688	4125	695	4126
3953	688	3954	4126	4127	4110
3954	688	689	4127	696	4128
3954	689	3955	4128	4129	4113
3955	689	690	4129	697	4130
3955	690	699	4130	4131	4116
699	690	34	4131	698	706
38	877	4132	884	4153	4154
4132	655	38	4155	658	4154
655	4132	4133	4155	4156	4157
4133	656	655	4158	659	4157
656	4133	4134	4158	4159	4160
4134	657	656	4161	660	4160
657	4134	892	4161	4162	4163
892	40	657	899	661	4163
877	878	4135	885	4164	4165
4135	4132	877	4166	4153	4165
4132	4135	4136	4166	4167	4168
4136	4133	4132	4169	4156	4168
4133	4136	4137	4169	4170	4171
4137	4134	4133	4172	4159	4171
4134	4137	893	4172	4173	4174
893	892	4134	900	4162	4174
878	879	4138	886	4175	4176
4138	4135	878	4177	4164	4176
4135	4138	4139	4177	4178	4179
4139	4136	4135	4180	4167	4179
4136	4139	4140	4180	4181	4182
4140	4137	4136	4183	4170	4182
4137	4140	894	4183	4184	4185
894	893	4137	901	4173	4185
879	880	4141	887	4186	4187
4141	4138	879	4188	4175	4187
4138	4141	4142	4188	4189	4190
4142	4139	4138	4191	4178	4190
4139	4142	4143	4191	4192	4193
4143	4140	4139	4194	4181	4193
4140	4143	895	4194	4195	4196
895	894	4140	902	4184	4196
880	881	4144	888	4197	4198
4144	4141	880	4199	4186	4198
4141	4144	4145	4199	4200	4201
4145	4142	4141	4202	4189	4201
4142	4145	4146	4202	4203	4204
4146	4143	4142	4205	4192	4204
4143	4146	896	4205	4206	4207
896	895	4143	903	4195	4207
881	882	4147	889	4208	4209
4147	4144	881	4210	4197	4209
4144	4147	4148	4210	4211	4212
4148	4145	4144	4213	4200	4212
4145	4148	4149	4213	4214	4215
4149	4146	4145	4216	4203	4215
4146	4149	897	4216	4217	4218
897	896	4146	904	4206	4218
882	883	4150	890	4219	4220
4150	4147	882	4221	4208	4220
4147	4150	4151	4221	4222	4223
4151	4148	4147	4224	4211	4223
4148	4151	4152	4224	4225	4226
4152	4149	4148	4227	4214	4226
4149	4152	898	4227	4228	4229
898	897	4149	905	4217	4229
883	47	803	891	806	4230
803	4150	883	4231	4219	4230
4150	803	804	4231	807	4232
804	4151	4150	4233	4222	4232
4151	804	805	4233	808	4234
805	4152	4151	4235	4225	4234
4152	805	48	4235	809	4236
48	898	4152	906	4228	4236
40	892	4237	899	4286	4287
4237	907	40	4288	914	4287
907	4237	4238	4288	4289	4290
4238	908	907	4291	915	4290
908	4238	4239	4291	4292	4293
4239	909	908	4294	916	4293
909	4239	4240	4294	4295	4296
4240	910	909	4297	917	4296
910	4240	4241	4297	4298	4299
4241	911	910	4300	918	4299
911	4241	4242	4300	4301	4302
4242	912	911	4303	919	4302
912	4242	4243	4303	4304	4305
4243	913	912	4306	920	4305
913	4243	735	4306	4307	4308
735	44	913	743	921	4308
892	893	4244	900	4309	4310
4244	4237	892	4311	4286	4310
4237	4244	4245	4311	4312	4313
4245	4238	4237	4314	4289	4313
4238	4245	4246	4314	4315	4316
4246	4239	4238	4317	4292	4316
4239	4246	4247	4317	4318	4319
4247	4240	4239	4320	4295	4319
4240	4247	4248	4320	4321	4322
4248	4241	4240	4323	4298	4322
4241	4248	4249	4323	4324	4325
4249	4242	4241	4326	4301	4325
4242	4249	4250	4326	4327	4328
4250	4243	4242	4329	4304	4328
4243	4250	734	4329	4330	4331
734	735	4243	742	4307	4331
893	894	4251	901	4332	4333
4251	4244	893	4334	4309	4333
4244	4251	4252	4334	4335	4336
4252	4245	4244	4337	4312	4336
4245	4252	4253	4337	4338	4339
4253	4246	4245	4340	4315	4339
4246	4253	4254	4340	4341	4342
4254	4247	4246	4343	4318	4342
4247	4254	4255	4343	4344	4345
4255	4248	4247	4346	4321	4345
4248	4255	4256	4346	4347	4348
4256	4249	4248	4349	4324	4348
4249	4256	4257	4349	4350	4351
4257	4250	4249	4352	4327	4351
4250	4257	733	4352	4353	4354
733	734	4250	741	4330	4354
894	895	4258	902	4355	4356
4258	4251	894	4357	4332	4356
4251	4258	4259	4357	4358	4359
4259	4252	4251	4360	4335	4359
4252	4259	4260	4360	4361	4362
4260	4253	4252	4363	4338	4362
4253	4260	4261	4363	4364	4365
4261	4254	4253	4366	4341	4365
4254	4261	4262	4366	4367	4368
4262	4255	4254	4369	4344	4368
4255	4262	4263	4369	4370	4371
4263	4256	4255	4372	4347	4371
4256	4263	4264	4372	4373	4374
4264	4257	4256	4375	4350	4374
4257	4264	732	4375	4376	4377
732	733	4257	740	4353	4377
895	896	4265	903	4378	4379
4265	4258	895	4380	4355	4379
4258	4265	4266	4380	4381	4382
4266	4259	4258	4383	4358	4382
4259	4266	4267	4383	4384	4385
4267	4260	4259	4386	4361	4385
4260	4267	4268	4386	4387	4388
4268	4261	4260	4389	4364	4388
4261	4268	4269	4389	4390	4391
4269	4262	4261	4392	4367	4391
4262	4269	4270	4392	4393	4394
4270	4263	4262	4395	4370	4394
4263	4270	4271	4395	4396	4397
4271	4264	4263	4398	4373	4397
4264	4271	731	4398	4399	4400
731	732	4264	739	4376	4400
896	897	4272	904	4401	4402
4272	4265	896	4403	4378	4402
4265	4272	4273	4403	4404	4405
4273	4266	4265	4406	4381	4405
4266	4273	4274	4406	4407	4408
4274	4267	4266	4409	4384	4408
4267	4274	4275	4409	4410	4411
4275	4268	4267	4412	4387	4411
4268	4275	4276	4412	4413	4414
4276	4269	4268	4415	4390	4414
4269	4276	4277	4415	4416	4417
4277	4270	4269	4418	4393	4417
4270	4277	4278	4418	4419	4420
4278	4271	4270	4421	4396	4420
4271	4278	730	4421	4422	4423
730	731	4271	738	4399	4423
897	898	4279	905	4424	4425
4279	4272	897	4426	4401	4425
4272	4279	4280	4426	4427	4428
4280	4273	4272	4429	4404	4428
4273	4280	4281	4429	4430	4431
4281	4274	4273	4432	4407	4431
4274	4281	4282	4432	4433	4434
4282	4275	4274	4435	4410	4434
4275	4282	4283	4435	4436	4437
4283	4276	4275	4438	4413	4437
4276	4283	4284	4438	4439	4440
4284	4277	4276	4441	4416	4440
4277	4284	4285	4441	4442	4443
4285	4278	4277	4444	4419	4443
4278	4285	729	4444	4445	4446
729	730	4278	737	4422	4446
898	48	714	906	721	4447
714	4279	898	4448	4424	4447
4279	714	715	4448	722	4449
715	4280	4279	4450	4427	4449
4280	715	716	4450	723	4451
716	4281	4280	4452	4430	4451
4281	716	717	4452	724	4453
717	4282	4281	4454	4433	4453
4282	717	718	4454	725	4455
718	4283	4282	4456	4436	4455
4283	718	719	4456	726	4457
719	4284	4283	4458	4439	4457
4284	719	720	4458	727	4459
720	4285	4284	4460	4442	4459
4285	720	35	4460	728	4461
35	729	4285	736	4445	4461
40	907	662	914	4483	665
907	4462	662	4484	4485	4483
907	908	4462	915	4486	4484
908	4463	4462	4487	4488	4486
908	909	4463	916	4489	4487
909	4464	4463	4490	4491	4489
909	910	4464	917	4492	4490
910	4465	4464	4493	4494	4492
910	911	4465	918	4495	4493
911	4466	4465	4496	4497	4495
911	912	4466	919	4498	4496
912	4467	4466	4499	4500	4498
912	913	4467	920	4501	4499
913	4468	4467	4502	4503	4501
913	44	4468	921	4504	4502
44	810	4468	813	4505	4504
662	4462	663	4485	4506	666
4462	4469	663	4507	4508	4506
4462	4463	4469	4488	4509	4507
4463	4470	4469	4510	4511	4509
4463	4464	4470	4491	4512	4510
4464	4471	4470	4513	4514	4512
4464	4465	4471	4494	4515	4513
4465	4472	4471	4516	4517	4515
4465	4466	4472	4497	4518	4516
4466	4473	4472	4519	4520	4518
4466	4467	4473	4500	4521	4519
4467	4474	4473	4522	4523	4521
4467	4468	4474	4503	4524	4522
4468	4475	4474	4525	4526	4524
4468	810	4475	4505	4527	4525
810	811	4475	814	4528	4527
663	4469	664	4508	4529	667
4469	4476	664	4530	4531	4529
4469	4470	4476	4511	4532	4530
4470	4477	4476	4533	4534	4532
4470	4471	4477	4514	4535	4533
4471	4478	4477	4536	4537	4535
4471	4472	4478	4517	4538	4536
4472	4479	4478	4539	4540	4538
4472	4473	4479	4520	4541	4539
4473	4480	4479	4542	4543	4541
4473	4474	4480	4523	4544	4542
4474	4481	4480	4545	4546	4544
4474	4475	4481	4526	4547	4545
4475	4482	4481	4548	4549	4547
4475	811	4482	4528	4550	4548
811	812	4482	815	4551	4550
664	4476	39	4531	4552	668
4476	928	39	4553	936	4552
4476	4477	928	4534	4554	4553
4477	927	928	4555	935	4554
4477	4478	927	4537	4556	4555
4478	926	927	4557	934	4556
4478	4479	926	4540	4558	4557
4479	925	926	4559	933	4558
4479	4480	925	4543	4560	4559
4480	924	925	4561	932	4560
4480	4481	924	4546	4562	4561
4481	923	924	4563	931	4562
4481	4482	923	4549	4564	4563
4482	922	923	4565	930	4564
4482	812	922	4551	4566	4565
812	43	922	816	929	4566
43	4567	922	4616	4617	929
4567	43	744	4616	751	4618
744	4568	4567	4619	4620	4618
4568	744	745	4619	752	4621
745	4569	4568	4622	4623	4621
4569	745	746	4622	753	4624
746	4570	4569	4625	4626	4624
4570	746	747	4625	754	4627
747	4571	4570	4628	4629	4627
4571	747	748	4628	755	4630
748	4572	4571	4631	4632	4630
4572	748	749	4631	756	4633
749	4573	4572	4634	4635	4633
4573	749	750	4634	757	4636
750	765	4573	4637	4638	4636
765	750	36	4637	758	773
922	4574	923	4639	4640	930
4574	922	4567	4639	4617	4641
4567	4575	4574	4642	4643	4641
4575	4567	4568	4642	4620	4644
4568	4576	4575	4645	4646	4644
4576	4568	4569	4645	4623	4647
4569	4577	4576	4648	4649	4647
4577	4569	4570	4648	4626	4650
4570	4578	4577	4651	4652	4650
4578	4570	4571	4651	4629	4653
4571	4579	4578	4654	4655	4653
4579	4571	4572	4654	4632	4656
4572	4580	4579	4657	4658	4656
4580	4572	4573	4657	4635	4659
4573	764	4580	4660	4661	4659
764	4573	765	4660	4638	772
923	4581	924	4662	4663	931
4581	923	4574	4662	4640	4664
4574	4582	4581	4665	4666	4664
4582	4574	4575	4665	4643	4667
4575	4583	4582	4668	4669	4667
4583	4575	4576	4668	4646	4670
4576	4584	4583	4671	4672	4670
4584	4576	4577	4671	4649	4673
4577	4585	4584	4674	4675	4673
4585	4577	4578	4674	4652	4676
4578	4586	4585	4677	4678	4676
4586	4578	4579	4677	4655	4679
4579	4587	4586	4680	4681	4679
4587	4579	4580	4680	4658	4682
4580	763	4587	4683	4684	4682
763	4580	764	4683	4661	771
924	4588	925	4685	4686	932
4588	924	4581	4685	4663	4687
4581	4589	4588	4688	4689	4687
4589	4581	4582	4688	4666	4690
4582	4590	4589	4691	4692	4690
4590	4582	4583	4691	4669	4693
4583	4591	4590	4694	4695	4693
4591	4583	4584	4694	4672	4696
4584	4592	4591	4697	4698	4696
4592	4584	4585	4697	4675	4699
4585	4593	4592	4700	4701	4699
4593	4585	4586	4700	4678	4702
4586	4594	4593	4703	4704	4702
4594	4586	4587	4703	4681	4705
4587	762	4594	4706	4707	4705
762	4587	763	4706	4684	770
925	4595	926	4708	4709	933
4595	925	4588	4708	4686	4710
4588	4596	4595	4711	4712	4710
4596	4588	4589	4711	4689	4713
4589	4597	4596	4714	4715	4713
4597	4589	4590	4714	4692	4716
4590	4598	4597	4717	4718	4716
4598	4590	4591	4717	4695	4719
4591	4599	4598	4720	4721	4719
4599	4591	4592	4720	4698	4722
4592	4600	4599	4723	4724	4722
4600	4592	4593	4723	4701	4725
4593	4601	4600	4726	4727	4725
4601	4593	4594	4726	4704	4728
4594	761	4601	4729	4730	4728
761	4594	762	4729	4707	769
926	4602	927	4731	4732	934
4602	926	4595	4731	4709	4733
4595	4603	4602	4734	4735	4733
4603	4595	4596	4734	4712	4736
4596	4604	4603	4737	4738	4736
4604	4596	4597	4737	4715	4739
4597	4605	4604	4740	4741	4739
4605	4597	4598	4740	4718	4742
4598	4606	4605	4743	4744	4742
4606	4598	4599	4743	4721	4745
4599	4607	4606	4746	4747	4745
4607	4599	4600	4746	4724	4748
4600	4608	4607	4749	4750	4748
4608	4600	4601	4749	4727	4751
4601	760	4608	4752	4753	4751
760	4601	761	4752	4730	768
927	4609	928	4754	4755	935
4609	927	4602	4754	4732	4756
4602	4610	4609	4757	4758	4756
4610	4602	4603	4757	4735	4759
4603	4611	4610	4760	4761	4759
4611	4603	4604	4760	4738	4762
4604	4612	4611	4763	4764	4762
4612	4604	4605	4763	4741	4765
4605	4613	4612	4766	4767	4765
4613	4605	4606	4766	4744	4768
4606	4614	4613	4769	4770	4768
4614	4606	4607	4769	4747	4771
4607	4615	4614	4772	4773	4771
4615	4607	4608	4772	4750	4774
4608	759	4615	4775	4776	4774
759	4608	760	4775	4753	767
928	817	39	4777	824	936
817	928	4609	4777	4755	4778
4609	818	817	4779	825	4778
818	4609	4610	4779	4758	4780
4610	819	818	4781	826	4780
819	4610	4611	4781	4761	4782
4611	820	819	4783	827	4782
820	4611	4612	4783	4764	4784
4612	821	820	4785	828	4784
821	4612	4613	4785	4767	4786
4613	822	821	4787	829	4786
822	4613	4614	4787	4770	4788
4614	823	822	4789	830	4788
823	4614	4615	4789	4773	4790
4615	46	823	4791	831	4790
46	4615	759	4791	4776	766
39	817	4792	824	4813	4814
4792	641	39	4815	644	4814
641	4792	4793	4815	4816	4817
4793	642	641	4818	645	4817
642	4793	4794	4818	4819	4820
4794	643	642	4821	646	4820
643	4794	838	4821	4822	4823
838	37	643	846	647	4823
817	818	4795	825	4824	4825
4795	4792	817	4826	4813	4825
4792	4795	4796	4826	4827	4828
4796	4793	4792	4829	4816	4828
4793	4796	4797	4829	4830	4831
4797	4794	4793	4832	4819	4831
4794	4797	837	4832	4833	4834
837	838	4794	845	4822	4834
818	819	4798	826	4835	4836
4798	4795	818	4837	4824	4836
4795	4798	4799	4837	4838	4839
4799	4796	4795	4840	4827	4839
4796	4799	4800	4840	4841	4842
4800	4797	4796	4843	4830	4842
4797	4800	836	4843	4844	4845
836	837	4797	844	4833	4845
819	820	4801	827	4846	4847
4801	4798	819	4848	4835	4847
4798	4801	4802	4848	4849	4850
4802	4799	4798	4851	4838	4850
4799	4802	4803	4851	4852	4853
4803	4800	4799	4854	4841	4853
4800	4803	835	4854	4855	4856
835	836	4800	843	4844	4856
820	821	4804	828	4857	4858
4804	4801	820	4859	4846	4858
4801	4804	4805	4859	4860	4861
4805	4802	4801	4862	4849	4861
4802	4805	4806	4862	4863	4864
4806	4803	4802	4865	4852	4864
4803	4806	834	4865	4866	4867
834	835	4803	842	4855	4867
821	822	4807	829	4868	4869
4807	4804	821	4870	4857	4869
4804	4807	4808	4870	4871	4872
4808	4805	4804	4873	4860	4872
4805	4808	4809	4873	4874	4875
4809	4806	4805	4876	4863	4875
4806	4809	833	4876	4877	4878
833	834	4806	841	4866	4878
822	823	4810	830	4879	4880
4810	4807	822	4881	4868	4880
4807	4810	4811	4881	4882	4883
4811	4808	4807	4884	4871	4883
4808	4811	4812	4884	4885	4886
4812	4809	4808	4887	4874	4886
4809	4812	832	4887	4888	4889
832	833	4809	840	4877	4889
823	46	789	831	792	4890
789	4810	823	4891	4879	4890
4810	789	790	4891	793	4892
790	4811	4810	4893	4882	4892
4811	790	791	4893	794	4894
791	4812	4811	4895	4885	4894
4812	791	45	4895	795	4896
45	832	4812	839	4888	4896

--------------------------------------------------------------------------------
NUMBER OF BOUNDARY TYPES        TOTAL NUMBER OF ELEMENTS
--------------------------------------------------------------------------------
2                               288

--------------------------------------------------------------------------------
BOUNDARY 1        CONSTRAINS (0-free 1-const 2-glue)  VALUES (default = 0.)
NUMB. OF ELEM.    Ux     Uy     Uz                    Ux     Uy     Uz  
--------------------------------------------------------------------------------
48                1      1      0                     0.     0.     0.

--------------------------------------------------------------------------------
BOUNDARY 1 - CONNECTIVITY
-------------------------------------------------------------------------------
7	49	52
49	50	53
50	51	54
51	5	55
5	56	59
56	57	60
57	58	61
58	6	62
6	63	66
63	64	67
64	65	68
65	8	69
8	70	73
70	71	74
71	72	75
72	7	76
23	345	348
345	346	349
346	347	350
347	21	351
21	352	355
352	353	356
353	354	357
354	22	358
22	359	362
359	360	363
360	361	364
361	24	365
24	366	369
366	367	370
367	368	371
368	23	372
39	641	644
641	642	645
642	643	646
643	37	647
37	648	651
648	649	652
649	650	653
650	38	654
38	655	658
655	656	659
656	657	660
657	40	661
40	662	665
662	663	666
663	664	667
664	39	668

--------------------------------------------------------------------------------
BOUNDARY 2        CONSTRAINS (0-free 1-const 2-glue)  VALUES (default = 0.)
NUMB. OF ELEM.    Ux     Uy     Uz                    Ux     Uy     Uz  
--------------------------------------------------------------------------------
240               2      2      0                     0.     0.     0.

--------------------------------------------------------------------------------
BOUNDARY 2 - CONNECTIVITY
--------------------------------------------------------------------------------
1	77	84
77	78	85
78	79	86
79	80	87
80	81	88
81	82	89
82	83	90
83	9	91
10	92	99
92	93	100
93	94	101
94	95	102
95	96	103
96	97	104
97	98	105
98	2	106
2	107	114
107	108	115
108	109	116
109	110	117
110	111	118
111	112	119
112	113	120
113	15	121
16	122	129
122	123	130
123	124	131
124	125	132
125	126	133
126	127	134
127	128	135
128	3	136
3	137	144
137	138	145
138	139	146
139	140	147
140	141	148
141	142	149
142	143	150
143	12	151
11	152	159
152	153	160
153	154	161
154	155	162
155	156	163
156	157	164
157	158	165
158	4	166
14	167	174
167	168	175
168	169	176
169	170	177
170	171	178
171	172	179
172	173	180
173	4	181
13	182	189
182	183	190
183	184	191
184	185	192
185	186	193
186	187	194
187	188	195
188	1	196
14	197	200
197	198	201
198	199	202
199	13	203
9	204	207
204	205	208
205	206	209
206	10	210
15	211	214
211	212	215
212	213	216
213	16	217
12	218	221
218	219	222
219	220	223
220	11	224
17	373	380
373	374	381
374	375	382
375	376	383
376	377	384
377	378	385
378	379	386
379	25	387
26	388	395
388	389	396
389	390	397
390	391	398
391	392	399
392	393	400
393	394	401
394	18	402
18	403	410
403	404	411
404	405	412
405	406	413
406	407	414
407	408	415
408	409	416
409	31	417
32	418	425
418	419	426
419	420	427
420	421	428
421	422	429
422	423	430
423	424	431
424	19	432
19	433	440
433	434	441
434	435	442
435	436	443
436	437	444
437	438	445
438	439	446
439	28	447
27	448	455
448	449	456
449	450	457
450	451	458
451	452	459
452	453	460
453	454	461
454	20	462
30	463	470
463	464	471
464	465	472
465	466	473
466	467	474
467	468	475
468	469	476
469	20	477
29	478	485
478	479	486
479	480	487
480	481	488
481	482	489
482	483	490
483	484	491
484	17	492
30	493	496
493	494	497
494	495	498
495	29	499
25	500	503
500	501	504
501	502	505
502	26	506
31	507	510
507	508	511
508	509	512
509	32	513
28	514	517
514	515	518
515	516	519
516	27	520
33	669	676
669	670	677
670	671	678
671	672	679
672	673	680
673	674	681
674	675	682
675	41	683
42	684	691
684	685	692
685	686	693
686	687	694
687	688	695
688	689	696
689	690	697
690	34	698
34	699	706
699	700	707
700	701	708
701	702	709
702	703	710
703	704	711
704	705	712
705	47	713
48	714	721
714	715	722
715	716	723
716	717	724
717	718	725
718	719	726
719	720	727
720	35	728
35	729	736
729	730	737
730	731	738
731	732	739
732	733	740
733	734	741
734	735	742
735	44	743
43	744	751
744	745	752
745	746	753
746	747	754
747	748	755
748	749	756
749	750	757
750	36	758
46	759	766
759	760	767
760	761	768
761	762	769
762	763	770
763	764	771
764	765	772
765	36	773
45	774	781
774	775	782
775	776	783
776	777	784
777	778	785
778	779	786
779	780	787
780	33	788
46	789	792
789	790	793
790	791	794
791	45	795
41	796	799
796	797	800
797	798	801
798	42	802
47	803	806
803	804	807
804	805	808
805	48	809
44	810	813
810	811	814
811	812	815
812	43	816
