--------------------------------------------------------------------------------
ELEMENTS        NODES        TIME STEPS     PRINTING FREQ
--------------------------------------------------------------------------------
4048            8325         100000         1

--------------------------------------------------------------------------------
UNDISTURBED VELOCITY AND PRESSURE
Ux      Uy      Uz      P
--------------------------------------------------------------------------------
1.0     0.0     0.0     0.0

--------------------------------------------------------------------------------
DENSITY      TEMPERATURE      VISCOSITY      THERMAL CONDITIVITY
--------------------------------------------------------------------------------
1.E0         300              0.01           0.0

--------------------------------------------------------------------------------
TIME STEP       TIME INTEGRATION SCHEME (1- Implicit Euler, 2- Adams-Bashforth)
--------------------------------------------------------------------------------
0.10            0.5

--------------------------------------------------------------------------------
EXTERNAL FIELD FORCES CONSTANTS
Gx       Gy       Gz
--------------------------------------------------------------------------------
0.0      0.0      0.0

--------------------------------------------------------------------------------
NODAL COORDINATES
--------------------------------------------------------------------------------
0	0
46	0
0	11
46	11
0.5	0
1	0
1.5	0
2	0
2.5	0
3	0
3.5	0
4	0
4.5	0
5	0
5.5	0
6	0
6.5	0
7	0
7.5	0
8	0
8.5	0
9	0
9.5	0
10	0
10.5	0
11	0
11.5	0
12	0
12.5	0
13	0
13.5	0
14	0
14.5	0
15	0
15.5	0
16	0
16.5	0
17	0
17.5	0
18	0
18.5	0
19	0
19.5	0
20	0
20.5	0
21	0
21.5	0
22	0
22.5	0
23	0
23.5	0
24	0
24.5	0
25	0
25.5	0
26	0
26.5	0
27	0
27.5	0
28	0
28.5	0
29	0
29.5	0
30	0
30.5	0
31	0
31.5	0
32	0
32.5	0
33	0
33.5	0
34	0
34.5	0
35	0
35.5	0
36	0
36.5	0
37	0
37.5	0
38	0
38.5	0
39	0
39.5	0
40	0
40.5	0
41	0
41.5	0
42	0
42.5	0
43	0
43.5	0
44	0
44.5	0
45	0
45.5	0
0.25	0
0.75	0
1.25	0
1.75	0
2.25	0
2.75	0
3.25	0
3.75	0
4.25	0
4.75	0
5.25	0
5.75	0
6.25	0
6.75	0
7.25	0
7.75	0
8.25	0
8.75	0
9.25	0
9.75	0
10.25	0
10.75	0
11.25	0
11.75	0
12.25	0
12.75	0
13.25	0
13.75	0
14.25	0
14.75	0
15.25	0
15.75	0
16.25	0
16.75	0
17.25	0
17.75	0
18.25	0
18.75	0
19.25	0
19.75	0
20.25	0
20.75	0
21.25	0
21.75	0
22.25	0
22.75	0
23.25	0
23.75	0
24.25	0
24.75	0
25.25	0
25.75	0
26.25	0
26.75	0
27.25	0
27.75	0
28.25	0
28.75	0
29.25	0
29.75	0
30.25	0
30.75	0
31.25	0
31.75	0
32.25	0
32.75	0
33.25	0
33.75	0
34.25	0
34.75	0
35.25	0
35.75	0
36.25	0
36.75	0
37.25	0
37.75	0
38.25	0
38.75	0
39.25	0
39.75	0
40.25	0
40.75	0
41.25	0
41.75	0
42.25	0
42.75	0
43.25	0
43.75	0
44.25	0
44.75	0
45.25	0
45.75	0
0.5	11
1	11
1.5	11
2	11
2.5	11
3	11
3.5	11
4	11
4.5	11
5	11
5.5	11
6	11
6.5	11
7	11
7.5	11
8	11
8.5	11
9	11
9.5	11
10	11
10.5	11
11	11
11.5	11
12	11
12.5	11
13	11
13.5	11
14	11
14.5	11
15	11
15.5	11
16	11
16.5	11
17	11
17.5	11
18	11
18.5	11
19	11
19.5	11
20	11
20.5	11
21	11
21.5	11
22	11
22.5	11
23	11
23.5	11
24	11
24.5	11
25	11
25.5	11
26	11
26.5	11
27	11
27.5	11
28	11
28.5	11
29	11
29.5	11
30	11
30.5	11
31	11
31.5	11
32	11
32.5	11
33	11
33.5	11
34	11
34.5	11
35	11
35.5	11
36	11
36.5	11
37	11
37.5	11
38	11
38.5	11
39	11
39.5	11
40	11
40.5	11
41	11
41.5	11
42	11
42.5	11
43	11
43.5	11
44	11
44.5	11
45	11
45.5	11
0.25	11
0.75	11
1.25	11
1.75	11
2.25	11
2.75	11
3.25	11
3.75	11
4.25	11
4.75	11
5.25	11
5.75	11
6.25	11
6.75	11
7.25	11
7.75	11
8.25	11
8.75	11
9.25	11
9.75	11
10.25	11
10.75	11
11.25	11
11.75	11
12.25	11
12.75	11
13.25	11
13.75	11
14.25	11
14.75	11
15.25	11
15.75	11
16.25	11
16.75	11
17.25	11
17.75	11
18.25	11
18.75	11
19.25	11
19.75	11
20.25	11
20.75	11
21.25	11
21.75	11
22.25	11
22.75	11
23.25	11
23.75	11
24.25	11
24.75	11
25.25	11
25.75	11
26.25	11
26.75	11
27.25	11
27.75	11
28.25	11
28.75	11
29.25	11
29.75	11
30.25	11
30.75	11
31.25	11
31.75	11
32.25	11
32.75	11
33.25	11
33.75	11
34.25	11
34.75	11
35.25	11
35.75	11
36.25	11
36.75	11
37.25	11
37.75	11
38.25	11
38.75	11
39.25	11
39.75	11
40.25	11
40.75	11
41.25	11
41.75	11
42.25	11
42.75	11
43.25	11
43.75	11
44.25	11
44.75	11
45.25	11
45.75	11
0	0.5
0	1
0	1.5
0	2
0	2.5
0	3
0	3.5
0	4
0	4.5
0	5
0	5.5
0	6
0	6.5
0	7
0	7.5
0	8
0	8.5
0	9
0	9.5
0	10
0	10.5
0	0.25
0	0.75
0	1.25
0	1.75
0	2.25
0	2.75
0	3.25
0	3.75
0	4.25
0	4.75
0	5.25
0	5.75
0	6.25
0	6.75
0	7.25
0	7.75
0	8.25
0	8.75
0	9.25
0	9.75
0	10.25
0	10.75
46	0.5
46	1
46	1.5
46	2
46	2.5
46	3
46	3.5
46	4
46	4.5
46	5
46	5.5
46	6
46	6.5
46	7
46	7.5
46	8
46	8.5
46	9
46	9.5
46	10
46	10.5
46	0.25
46	0.75
46	1.25
46	1.75
46	2.25
46	2.75
46	3.25
46	3.75
46	4.25
46	4.75
46	5.25
46	5.75
46	6.25
46	6.75
46	7.25
46	7.75
46	8.25
46	8.75
46	9.25
46	9.75
46	10.25
46	10.75
0.5	0.5
0.5	1
0.5	1.5
0.5	2
0.5	2.5
0.5	3
0.5	3.5
0.5	4
0.5	4.5
0.5	5
0.5	5.5
0.5	6
0.5	6.5
0.5	7
0.5	7.5
0.5	8
0.5	8.5
0.5	9
0.5	9.5
0.5	10
0.5	10.5
1	0.5
1	1
1	1.5
1	2
1	2.5
1	3
1	3.5
1	4
1	4.5
1	5
1	5.5
1	6
1	6.5
1	7
1	7.5
1	8
1	8.5
1	9
1	9.5
1	10
1	10.5
1.5	0.5
1.5	1
1.5	1.5
1.5	2
1.5	2.5
1.5	3
1.5	3.5
1.5	4
1.5	4.5
1.5	5
1.5	5.5
1.5	6
1.5	6.5
1.5	7
1.5	7.5
1.5	8
1.5	8.5
1.5	9
1.5	9.5
1.5	10
1.5	10.5
2	0.5
2	1
2	1.5
2	2
2	2.5
2	3
2	3.5
2	4
2	4.5
2	5
2	5.5
2	6
2	6.5
2	7
2	7.5
2	8
2	8.5
2	9
2	9.5
2	10
2	10.5
2.5	0.5
2.5	1
2.5	1.5
2.5	2
2.5	2.5
2.5	3
2.5	3.5
2.5	4
2.5	4.5
2.5	5
2.5	5.5
2.5	6
2.5	6.5
2.5	7
2.5	7.5
2.5	8
2.5	8.5
2.5	9
2.5	9.5
2.5	10
2.5	10.5
3	0.5
3	1
3	1.5
3	2
3	2.5
3	3
3	3.5
3	4
3	4.5
3	5
3	5.5
3	6
3	6.5
3	7
3	7.5
3	8
3	8.5
3	9
3	9.5
3	10
3	10.5
3.5	0.5
3.5	1
3.5	1.5
3.5	2
3.5	2.5
3.5	3
3.5	3.5
3.5	4
3.5	4.5
3.5	5
3.5	5.5
3.5	6
3.5	6.5
3.5	7
3.5	7.5
3.5	8
3.5	8.5
3.5	9
3.5	9.5
3.5	10
3.5	10.5
4	0.5
4	1
4	1.5
4	2
4	2.5
4	3
4	3.5
4	4
4	4.5
4	5
4	5.5
4	6
4	6.5
4	7
4	7.5
4	8
4	8.5
4	9
4	9.5
4	10
4	10.5
4.5	0.5
4.5	1
4.5	1.5
4.5	2
4.5	2.5
4.5	3
4.5	3.5
4.5	4
4.5	4.5
4.5	5
4.5	5.5
4.5	6
4.5	6.5
4.5	7
4.5	7.5
4.5	8
4.5	8.5
4.5	9
4.5	9.5
4.5	10
4.5	10.5
5	0.5
5	1
5	1.5
5	2
5	2.5
5	3
5	3.5
5	4
5	4.5
5	5
5	5.5
5	6
5	6.5
5	7
5	7.5
5	8
5	8.5
5	9
5	9.5
5	10
5	10.5
5.5	0.5
5.5	1
5.5	1.5
5.5	2
5.5	2.5
5.5	3
5.5	3.5
5.5	4
5.5	4.5
5.5	5
5.5	5.5
5.5	6
5.5	6.5
5.5	7
5.5	7.5
5.5	8
5.5	8.5
5.5	9
5.5	9.5
5.5	10
5.5	10.5
6	0.5
6	1
6	1.5
6	2
6	2.5
6	3
6	3.5
6	4
6	4.5
6	5
6	5.5
6	6
6	6.5
6	7
6	7.5
6	8
6	8.5
6	9
6	9.5
6	10
6	10.5
6.5	0.5
6.5	1
6.5	1.5
6.5	2
6.5	2.5
6.5	3
6.5	3.5
6.5	4
6.5	4.5
6.5	5
6.5	5.5
6.5	6
6.5	6.5
6.5	7
6.5	7.5
6.5	8
6.5	8.5
6.5	9
6.5	9.5
6.5	10
6.5	10.5
7	0.5
7	1
7	1.5
7	2
7	2.5
7	3
7	3.5
7	4
7	4.5
7	5
7	5.5
7	6
7	6.5
7	7
7	7.5
7	8
7	8.5
7	9
7	9.5
7	10
7	10.5
7.5	0.5
7.5	1
7.5	1.5
7.5	2
7.5	2.5
7.5	3
7.5	3.5
7.5	4
7.5	4.5
7.5	5
7.5	5.5
7.5	6
7.5	6.5
7.5	7
7.5	7.5
7.5	8
7.5	8.5
7.5	9
7.5	9.5
7.5	10
7.5	10.5
8	0.5
8	1
8	1.5
8	2
8	2.5
8	3
8	3.5
8	4
8	4.5
8	5
8	5.5
8	6
8	6.5
8	7
8	7.5
8	8
8	8.5
8	9
8	9.5
8	10
8	10.5
8.5	0.5
8.5	1
8.5	1.5
8.5	2
8.5	2.5
8.5	3
8.5	3.5
8.5	4
8.5	4.5
8.5	5
8.5	5.5
8.5	6
8.5	6.5
8.5	7
8.5	7.5
8.5	8
8.5	8.5
8.5	9
8.5	9.5
8.5	10
8.5	10.5
9	0.5
9	1
9	1.5
9	2
9	2.5
9	3
9	3.5
9	4
9	4.5
9	5
9	5.5
9	6
9	6.5
9	7
9	7.5
9	8
9	8.5
9	9
9	9.5
9	10
9	10.5
9.5	0.5
9.5	1
9.5	1.5
9.5	2
9.5	2.5
9.5	3
9.5	3.5
9.5	4
9.5	4.5
9.5	5
9.5	5.5
9.5	6
9.5	6.5
9.5	7
9.5	7.5
9.5	8
9.5	8.5
9.5	9
9.5	9.5
9.5	10
9.5	10.5
10	0.5
10	1
10	1.5
10	2
10	2.5
10	3
10	3.5
10	4
10	4.5
10	5
10	5.5
10	6
10	6.5
10	7
10	7.5
10	8
10	8.5
10	9
10	9.5
10	10
10	10.5
10.5	0.5
10.5	1
10.5	1.5
10.5	2
10.5	2.5
10.5	3
10.5	3.5
10.5	4
10.5	4.5
10.5	5
10.5	5.5
10.5	6
10.5	6.5
10.5	7
10.5	7.5
10.5	8
10.5	8.5
10.5	9
10.5	9.5
10.5	10
10.5	10.5
11	0.5
11	1
11	1.5
11	2
11	2.5
11	3
11	3.5
11	4
11	4.5
11	5
11	5.5
11	6
11	6.5
11	7
11	7.5
11	8
11	8.5
11	9
11	9.5
11	10
11	10.5
11.5	0.5
11.5	1
11.5	1.5
11.5	2
11.5	2.5
11.5	3
11.5	3.5
11.5	4
11.5	4.5
11.5	5
11.5	5.5
11.5	6
11.5	6.5
11.5	7
11.5	7.5
11.5	8
11.5	8.5
11.5	9
11.5	9.5
11.5	10
11.5	10.5
12	0.5
12	1
12	1.5
12	2
12	2.5
12	3
12	3.5
12	4
12	4.5
12	5
12	5.5
12	6
12	6.5
12	7
12	7.5
12	8
12	8.5
12	9
12	9.5
12	10
12	10.5
12.5	0.5
12.5	1
12.5	1.5
12.5	2
12.5	2.5
12.5	3
12.5	3.5
12.5	4
12.5	4.5
12.5	5
12.5	5.5
12.5	6
12.5	6.5
12.5	7
12.5	7.5
12.5	8
12.5	8.5
12.5	9
12.5	9.5
12.5	10
12.5	10.5
13	0.5
13	1
13	1.5
13	2
13	2.5
13	3
13	3.5
13	4
13	4.5
13	5
13	5.5
13	6
13	6.5
13	7
13	7.5
13	8
13	8.5
13	9
13	9.5
13	10
13	10.5
13.5	0.5
13.5	1
13.5	1.5
13.5	2
13.5	2.5
13.5	3
13.5	3.5
13.5	4
13.5	4.5
13.5	5
13.5	5.5
13.5	6
13.5	6.5
13.5	7
13.5	7.5
13.5	8
13.5	8.5
13.5	9
13.5	9.5
13.5	10
13.5	10.5
14	0.5
14	1
14	1.5
14	2
14	2.5
14	3
14	3.5
14	4
14	4.5
14	5
14	5.5
14	6
14	6.5
14	7
14	7.5
14	8
14	8.5
14	9
14	9.5
14	10
14	10.5
14.5	0.5
14.5	1
14.5	1.5
14.5	2
14.5	2.5
14.5	3
14.5	3.5
14.5	4
14.5	4.5
14.5	5
14.5	5.5
14.5	6
14.5	6.5
14.5	7
14.5	7.5
14.5	8
14.5	8.5
14.5	9
14.5	9.5
14.5	10
14.5	10.5
15	0.5
15	1
15	1.5
15	2
15	2.5
15	3
15	3.5
15	4
15	4.5
15	5
15	5.5
15	6
15	6.5
15	7
15	7.5
15	8
15	8.5
15	9
15	9.5
15	10
15	10.5
15.5	0.5
15.5	1
15.5	1.5
15.5	2
15.5	2.5
15.5	3
15.5	3.5
15.5	4
15.5	4.5
15.5	5
15.5	5.5
15.5	6
15.5	6.5
15.5	7
15.5	7.5
15.5	8
15.5	8.5
15.5	9
15.5	9.5
15.5	10
15.5	10.5
16	0.5
16	1
16	1.5
16	2
16	2.5
16	3
16	3.5
16	4
16	4.5
16	5
16	5.5
16	6
16	6.5
16	7
16	7.5
16	8
16	8.5
16	9
16	9.5
16	10
16	10.5
16.5	0.5
16.5	1
16.5	1.5
16.5	2
16.5	2.5
16.5	3
16.5	3.5
16.5	4
16.5	4.5
16.5	5
16.5	5.5
16.5	6
16.5	6.5
16.5	7
16.5	7.5
16.5	8
16.5	8.5
16.5	9
16.5	9.5
16.5	10
16.5	10.5
17	0.5
17	1
17	1.5
17	2
17	2.5
17	3
17	3.5
17	4
17	4.5
17	5
17	5.5
17	6
17	6.5
17	7
17	7.5
17	8
17	8.5
17	9
17	9.5
17	10
17	10.5
17.5	0.5
17.5	1
17.5	1.5
17.5	2
17.5	2.5
17.5	3
17.5	3.5
17.5	4
17.5	4.5
17.5	5
17.5	5.5
17.5	6
17.5	6.5
17.5	7
17.5	7.5
17.5	8
17.5	8.5
17.5	9
17.5	9.5
17.5	10
17.5	10.5
18	0.5
18	1
18	1.5
18	2
18	2.5
18	3
18	3.5
18	4
18	4.5
18	5
18	5.5
18	6
18	6.5
18	7
18	7.5
18	8
18	8.5
18	9
18	9.5
18	10
18	10.5
18.5	0.5
18.5	1
18.5	1.5
18.5	2
18.5	2.5
18.5	3
18.5	3.5
18.5	4
18.5	4.5
18.5	5
18.5	5.5
18.5	6
18.5	6.5
18.5	7
18.5	7.5
18.5	8
18.5	8.5
18.5	9
18.5	9.5
18.5	10
18.5	10.5
19	0.5
19	1
19	1.5
19	2
19	2.5
19	3
19	3.5
19	4
19	4.5
19	5
19	5.5
19	6
19	6.5
19	7
19	7.5
19	8
19	8.5
19	9
19	9.5
19	10
19	10.5
19.5	0.5
19.5	1
19.5	1.5
19.5	2
19.5	2.5
19.5	3
19.5	3.5
19.5	4
19.5	4.5
19.5	5
19.5	5.5
19.5	6
19.5	6.5
19.5	7
19.5	7.5
19.5	8
19.5	8.5
19.5	9
19.5	9.5
19.5	10
19.5	10.5
20	0.5
20	1
20	1.5
20	2
20	2.5
20	3
20	3.5
20	4
20	4.5
20	5
20	5.5
20	6
20	6.5
20	7
20	7.5
20	8
20	8.5
20	9
20	9.5
20	10
20	10.5
20.5	0.5
20.5	1
20.5	1.5
20.5	2
20.5	2.5
20.5	3
20.5	3.5
20.5	4
20.5	4.5
20.5	5
20.5	5.5
20.5	6
20.5	6.5
20.5	7
20.5	7.5
20.5	8
20.5	8.5
20.5	9
20.5	9.5
20.5	10
20.5	10.5
21	0.5
21	1
21	1.5
21	2
21	2.5
21	3
21	3.5
21	4
21	4.5
21	5
21	5.5
21	6
21	6.5
21	7
21	7.5
21	8
21	8.5
21	9
21	9.5
21	10
21	10.5
21.5	0.5
21.5	1
21.5	1.5
21.5	2
21.5	2.5
21.5	3
21.5	3.5
21.5	4
21.5	4.5
21.5	5
21.5	5.5
21.5	6
21.5	6.5
21.5	7
21.5	7.5
21.5	8
21.5	8.5
21.5	9
21.5	9.5
21.5	10
21.5	10.5
22	0.5
22	1
22	1.5
22	2
22	2.5
22	3
22	3.5
22	4
22	4.5
22	5
22	5.5
22	6
22	6.5
22	7
22	7.5
22	8
22	8.5
22	9
22	9.5
22	10
22	10.5
22.5	0.5
22.5	1
22.5	1.5
22.5	2
22.5	2.5
22.5	3
22.5	3.5
22.5	4
22.5	4.5
22.5	5
22.5	5.5
22.5	6
22.5	6.5
22.5	7
22.5	7.5
22.5	8
22.5	8.5
22.5	9
22.5	9.5
22.5	10
22.5	10.5
23	0.5
23	1
23	1.5
23	2
23	2.5
23	3
23	3.5
23	4
23	4.5
23	5
23	5.5
23	6
23	6.5
23	7
23	7.5
23	8
23	8.5
23	9
23	9.5
23	10
23	10.5
23.5	0.5
23.5	1
23.5	1.5
23.5	2
23.5	2.5
23.5	3
23.5	3.5
23.5	4
23.5	4.5
23.5	5
23.5	5.5
23.5	6
23.5	6.5
23.5	7
23.5	7.5
23.5	8
23.5	8.5
23.5	9
23.5	9.5
23.5	10
23.5	10.5
24	0.5
24	1
24	1.5
24	2
24	2.5
24	3
24	3.5
24	4
24	4.5
24	5
24	5.5
24	6
24	6.5
24	7
24	7.5
24	8
24	8.5
24	9
24	9.5
24	10
24	10.5
24.5	0.5
24.5	1
24.5	1.5
24.5	2
24.5	2.5
24.5	3
24.5	3.5
24.5	4
24.5	4.5
24.5	5
24.5	5.5
24.5	6
24.5	6.5
24.5	7
24.5	7.5
24.5	8
24.5	8.5
24.5	9
24.5	9.5
24.5	10
24.5	10.5
25	0.5
25	1
25	1.5
25	2
25	2.5
25	3
25	3.5
25	4
25	4.5
25	5
25	5.5
25	6
25	6.5
25	7
25	7.5
25	8
25	8.5
25	9
25	9.5
25	10
25	10.5
25.5	0.5
25.5	1
25.5	1.5
25.5	2
25.5	2.5
25.5	3
25.5	3.5
25.5	4
25.5	4.5
25.5	5
25.5	5.5
25.5	6
25.5	6.5
25.5	7
25.5	7.5
25.5	8
25.5	8.5
25.5	9
25.5	9.5
25.5	10
25.5	10.5
26	0.5
26	1
26	1.5
26	2
26	2.5
26	3
26	3.5
26	4
26	4.5
26	5
26	5.5
26	6
26	6.5
26	7
26	7.5
26	8
26	8.5
26	9
26	9.5
26	10
26	10.5
26.5	0.5
26.5	1
26.5	1.5
26.5	2
26.5	2.5
26.5	3
26.5	3.5
26.5	4
26.5	4.5
26.5	5
26.5	5.5
26.5	6
26.5	6.5
26.5	7
26.5	7.5
26.5	8
26.5	8.5
26.5	9
26.5	9.5
26.5	10
26.5	10.5
27	0.5
27	1
27	1.5
27	2
27	2.5
27	3
27	3.5
27	4
27	4.5
27	5
27	5.5
27	6
27	6.5
27	7
27	7.5
27	8
27	8.5
27	9
27	9.5
27	10
27	10.5
27.5	0.5
27.5	1
27.5	1.5
27.5	2
27.5	2.5
27.5	3
27.5	3.5
27.5	4
27.5	4.5
27.5	5
27.5	5.5
27.5	6
27.5	6.5
27.5	7
27.5	7.5
27.5	8
27.5	8.5
27.5	9
27.5	9.5
27.5	10
27.5	10.5
28	0.5
28	1
28	1.5
28	2
28	2.5
28	3
28	3.5
28	4
28	4.5
28	5
28	5.5
28	6
28	6.5
28	7
28	7.5
28	8
28	8.5
28	9
28	9.5
28	10
28	10.5
28.5	0.5
28.5	1
28.5	1.5
28.5	2
28.5	2.5
28.5	3
28.5	3.5
28.5	4
28.5	4.5
28.5	5
28.5	5.5
28.5	6
28.5	6.5
28.5	7
28.5	7.5
28.5	8
28.5	8.5
28.5	9
28.5	9.5
28.5	10
28.5	10.5
29	0.5
29	1
29	1.5
29	2
29	2.5
29	3
29	3.5
29	4
29	4.5
29	5
29	5.5
29	6
29	6.5
29	7
29	7.5
29	8
29	8.5
29	9
29	9.5
29	10
29	10.5
29.5	0.5
29.5	1
29.5	1.5
29.5	2
29.5	2.5
29.5	3
29.5	3.5
29.5	4
29.5	4.5
29.5	5
29.5	5.5
29.5	6
29.5	6.5
29.5	7
29.5	7.5
29.5	8
29.5	8.5
29.5	9
29.5	9.5
29.5	10
29.5	10.5
30	0.5
30	1
30	1.5
30	2
30	2.5
30	3
30	3.5
30	4
30	4.5
30	5
30	5.5
30	6
30	6.5
30	7
30	7.5
30	8
30	8.5
30	9
30	9.5
30	10
30	10.5
30.5	0.5
30.5	1
30.5	1.5
30.5	2
30.5	2.5
30.5	3
30.5	3.5
30.5	4
30.5	4.5
30.5	5
30.5	5.5
30.5	6
30.5	6.5
30.5	7
30.5	7.5
30.5	8
30.5	8.5
30.5	9
30.5	9.5
30.5	10
30.5	10.5
31	0.5
31	1
31	1.5
31	2
31	2.5
31	3
31	3.5
31	4
31	4.5
31	5
31	5.5
31	6
31	6.5
31	7
31	7.5
31	8
31	8.5
31	9
31	9.5
31	10
31	10.5
31.5	0.5
31.5	1
31.5	1.5
31.5	2
31.5	2.5
31.5	3
31.5	3.5
31.5	4
31.5	4.5
31.5	5
31.5	5.5
31.5	6
31.5	6.5
31.5	7
31.5	7.5
31.5	8
31.5	8.5
31.5	9
31.5	9.5
31.5	10
31.5	10.5
32	0.5
32	1
32	1.5
32	2
32	2.5
32	3
32	3.5
32	4
32	4.5
32	5
32	5.5
32	6
32	6.5
32	7
32	7.5
32	8
32	8.5
32	9
32	9.5
32	10
32	10.5
32.5	0.5
32.5	1
32.5	1.5
32.5	2
32.5	2.5
32.5	3
32.5	3.5
32.5	4
32.5	4.5
32.5	5
32.5	5.5
32.5	6
32.5	6.5
32.5	7
32.5	7.5
32.5	8
32.5	8.5
32.5	9
32.5	9.5
32.5	10
32.5	10.5
33	0.5
33	1
33	1.5
33	2
33	2.5
33	3
33	3.5
33	4
33	4.5
33	5
33	5.5
33	6
33	6.5
33	7
33	7.5
33	8
33	8.5
33	9
33	9.5
33	10
33	10.5
33.5	0.5
33.5	1
33.5	1.5
33.5	2
33.5	2.5
33.5	3
33.5	3.5
33.5	4
33.5	4.5
33.5	5
33.5	5.5
33.5	6
33.5	6.5
33.5	7
33.5	7.5
33.5	8
33.5	8.5
33.5	9
33.5	9.5
33.5	10
33.5	10.5
34	0.5
34	1
34	1.5
34	2
34	2.5
34	3
34	3.5
34	4
34	4.5
34	5
34	5.5
34	6
34	6.5
34	7
34	7.5
34	8
34	8.5
34	9
34	9.5
34	10
34	10.5
34.5	0.5
34.5	1
34.5	1.5
34.5	2
34.5	2.5
34.5	3
34.5	3.5
34.5	4
34.5	4.5
34.5	5
34.5	5.5
34.5	6
34.5	6.5
34.5	7
34.5	7.5
34.5	8
34.5	8.5
34.5	9
34.5	9.5
34.5	10
34.5	10.5
35	0.5
35	1
35	1.5
35	2
35	2.5
35	3
35	3.5
35	4
35	4.5
35	5
35	5.5
35	6
35	6.5
35	7
35	7.5
35	8
35	8.5
35	9
35	9.5
35	10
35	10.5
35.5	0.5
35.5	1
35.5	1.5
35.5	2
35.5	2.5
35.5	3
35.5	3.5
35.5	4
35.5	4.5
35.5	5
35.5	5.5
35.5	6
35.5	6.5
35.5	7
35.5	7.5
35.5	8
35.5	8.5
35.5	9
35.5	9.5
35.5	10
35.5	10.5
36	0.5
36	1
36	1.5
36	2
36	2.5
36	3
36	3.5
36	4
36	4.5
36	5
36	5.5
36	6
36	6.5
36	7
36	7.5
36	8
36	8.5
36	9
36	9.5
36	10
36	10.5
36.5	0.5
36.5	1
36.5	1.5
36.5	2
36.5	2.5
36.5	3
36.5	3.5
36.5	4
36.5	4.5
36.5	5
36.5	5.5
36.5	6
36.5	6.5
36.5	7
36.5	7.5
36.5	8
36.5	8.5
36.5	9
36.5	9.5
36.5	10
36.5	10.5
37	0.5
37	1
37	1.5
37	2
37	2.5
37	3
37	3.5
37	4
37	4.5
37	5
37	5.5
37	6
37	6.5
37	7
37	7.5
37	8
37	8.5
37	9
37	9.5
37	10
37	10.5
37.5	0.5
37.5	1
37.5	1.5
37.5	2
37.5	2.5
37.5	3
37.5	3.5
37.5	4
37.5	4.5
37.5	5
37.5	5.5
37.5	6
37.5	6.5
37.5	7
37.5	7.5
37.5	8
37.5	8.5
37.5	9
37.5	9.5
37.5	10
37.5	10.5
38	0.5
38	1
38	1.5
38	2
38	2.5
38	3
38	3.5
38	4
38	4.5
38	5
38	5.5
38	6
38	6.5
38	7
38	7.5
38	8
38	8.5
38	9
38	9.5
38	10
38	10.5
38.5	0.5
38.5	1
38.5	1.5
38.5	2
38.5	2.5
38.5	3
38.5	3.5
38.5	4
38.5	4.5
38.5	5
38.5	5.5
38.5	6
38.5	6.5
38.5	7
38.5	7.5
38.5	8
38.5	8.5
38.5	9
38.5	9.5
38.5	10
38.5	10.5
39	0.5
39	1
39	1.5
39	2
39	2.5
39	3
39	3.5
39	4
39	4.5
39	5
39	5.5
39	6
39	6.5
39	7
39	7.5
39	8
39	8.5
39	9
39	9.5
39	10
39	10.5
39.5	0.5
39.5	1
39.5	1.5
39.5	2
39.5	2.5
39.5	3
39.5	3.5
39.5	4
39.5	4.5
39.5	5
39.5	5.5
39.5	6
39.5	6.5
39.5	7
39.5	7.5
39.5	8
39.5	8.5
39.5	9
39.5	9.5
39.5	10
39.5	10.5
40	0.5
40	1
40	1.5
40	2
40	2.5
40	3
40	3.5
40	4
40	4.5
40	5
40	5.5
40	6
40	6.5
40	7
40	7.5
40	8
40	8.5
40	9
40	9.5
40	10
40	10.5
40.5	0.5
40.5	1
40.5	1.5
40.5	2
40.5	2.5
40.5	3
40.5	3.5
40.5	4
40.5	4.5
40.5	5
40.5	5.5
40.5	6
40.5	6.5
40.5	7
40.5	7.5
40.5	8
40.5	8.5
40.5	9
40.5	9.5
40.5	10
40.5	10.5
41	0.5
41	1
41	1.5
41	2
41	2.5
41	3
41	3.5
41	4
41	4.5
41	5
41	5.5
41	6
41	6.5
41	7
41	7.5
41	8
41	8.5
41	9
41	9.5
41	10
41	10.5
41.5	0.5
41.5	1
41.5	1.5
41.5	2
41.5	2.5
41.5	3
41.5	3.5
41.5	4
41.5	4.5
41.5	5
41.5	5.5
41.5	6
41.5	6.5
41.5	7
41.5	7.5
41.5	8
41.5	8.5
41.5	9
41.5	9.5
41.5	10
41.5	10.5
42	0.5
42	1
42	1.5
42	2
42	2.5
42	3
42	3.5
42	4
42	4.5
42	5
42	5.5
42	6
42	6.5
42	7
42	7.5
42	8
42	8.5
42	9
42	9.5
42	10
42	10.5
42.5	0.5
42.5	1
42.5	1.5
42.5	2
42.5	2.5
42.5	3
42.5	3.5
42.5	4
42.5	4.5
42.5	5
42.5	5.5
42.5	6
42.5	6.5
42.5	7
42.5	7.5
42.5	8
42.5	8.5
42.5	9
42.5	9.5
42.5	10
42.5	10.5
43	0.5
43	1
43	1.5
43	2
43	2.5
43	3
43	3.5
43	4
43	4.5
43	5
43	5.5
43	6
43	6.5
43	7
43	7.5
43	8
43	8.5
43	9
43	9.5
43	10
43	10.5
43.5	0.5
43.5	1
43.5	1.5
43.5	2
43.5	2.5
43.5	3
43.5	3.5
43.5	4
43.5	4.5
43.5	5
43.5	5.5
43.5	6
43.5	6.5
43.5	7
43.5	7.5
43.5	8
43.5	8.5
43.5	9
43.5	9.5
43.5	10
43.5	10.5
44	0.5
44	1
44	1.5
44	2
44	2.5
44	3
44	3.5
44	4
44	4.5
44	5
44	5.5
44	6
44	6.5
44	7
44	7.5
44	8
44	8.5
44	9
44	9.5
44	10
44	10.5
44.5	0.5
44.5	1
44.5	1.5
44.5	2
44.5	2.5
44.5	3
44.5	3.5
44.5	4
44.5	4.5
44.5	5
44.5	5.5
44.5	6
44.5	6.5
44.5	7
44.5	7.5
44.5	8
44.5	8.5
44.5	9
44.5	9.5
44.5	10
44.5	10.5
45	0.5
45	1
45	1.5
45	2
45	2.5
45	3
45	3.5
45	4
45	4.5
45	5
45	5.5
45	6
45	6.5
45	7
45	7.5
45	8
45	8.5
45	9
45	9.5
45	10
45	10.5
45.5	0.5
45.5	1
45.5	1.5
45.5	2
45.5	2.5
45.5	3
45.5	3.5
45.5	4
45.5	4.5
45.5	5
45.5	5.5
45.5	6
45.5	6.5
45.5	7
45.5	7.5
45.5	8
45.5	8.5
45.5	9
45.5	9.5
45.5	10
45.5	10.5
0.5	0.25
0.25	0.25
0.25	0.5
0.5	0.75
0.25	0.75
0.25	1
0.5	1.25
0.25	1.25
0.25	1.5
0.5	1.75
0.25	1.75
0.25	2
0.5	2.25
0.25	2.25
0.25	2.5
0.5	2.75
0.25	2.75
0.25	3
0.5	3.25
0.25	3.25
0.25	3.5
0.5	3.75
0.25	3.75
0.25	4
0.5	4.25
0.25	4.25
0.25	4.5
0.5	4.75
0.25	4.75
0.25	5
0.5	5.25
0.25	5.25
0.25	5.5
0.5	5.75
0.25	5.75
0.25	6
0.5	6.25
0.25	6.25
0.25	6.5
0.5	6.75
0.25	6.75
0.25	7
0.5	7.25
0.25	7.25
0.25	7.5
0.5	7.75
0.25	7.75
0.25	8
0.5	8.25
0.25	8.25
0.25	8.5
0.5	8.75
0.25	8.75
0.25	9
0.5	9.25
0.25	9.25
0.25	9.5
0.5	9.75
0.25	9.75
0.25	10
0.5	10.25
0.25	10.25
0.25	10.5
0.5	10.75
0.25	10.75
1	0.25
0.75	0.25
0.75	0.5
1	0.75
0.75	0.75
0.75	1
1	1.25
0.75	1.25
0.75	1.5
1	1.75
0.75	1.75
0.75	2
1	2.25
0.75	2.25
0.75	2.5
1	2.75
0.75	2.75
0.75	3
1	3.25
0.75	3.25
0.75	3.5
1	3.75
0.75	3.75
0.75	4
1	4.25
0.75	4.25
0.75	4.5
1	4.75
0.75	4.75
0.75	5
1	5.25
0.75	5.25
0.75	5.5
1	5.75
0.75	5.75
0.75	6
1	6.25
0.75	6.25
0.75	6.5
1	6.75
0.75	6.75
0.75	7
1	7.25
0.75	7.25
0.75	7.5
1	7.75
0.75	7.75
0.75	8
1	8.25
0.75	8.25
0.75	8.5
1	8.75
0.75	8.75
0.75	9
1	9.25
0.75	9.25
0.75	9.5
1	9.75
0.75	9.75
0.75	10
1	10.25
0.75	10.25
0.75	10.5
1	10.75
0.75	10.75
1.5	0.25
1.25	0.25
1.25	0.5
1.5	0.75
1.25	0.75
1.25	1
1.5	1.25
1.25	1.25
1.25	1.5
1.5	1.75
1.25	1.75
1.25	2
1.5	2.25
1.25	2.25
1.25	2.5
1.5	2.75
1.25	2.75
1.25	3
1.5	3.25
1.25	3.25
1.25	3.5
1.5	3.75
1.25	3.75
1.25	4
1.5	4.25
1.25	4.25
1.25	4.5
1.5	4.75
1.25	4.75
1.25	5
1.5	5.25
1.25	5.25
1.25	5.5
1.5	5.75
1.25	5.75
1.25	6
1.5	6.25
1.25	6.25
1.25	6.5
1.5	6.75
1.25	6.75
1.25	7
1.5	7.25
1.25	7.25
1.25	7.5
1.5	7.75
1.25	7.75
1.25	8
1.5	8.25
1.25	8.25
1.25	8.5
1.5	8.75
1.25	8.75
1.25	9
1.5	9.25
1.25	9.25
1.25	9.5
1.5	9.75
1.25	9.75
1.25	10
1.5	10.25
1.25	10.25
1.25	10.5
1.5	10.75
1.25	10.75
2	0.25
1.75	0.25
1.75	0.5
2	0.75
1.75	0.75
1.75	1
2	1.25
1.75	1.25
1.75	1.5
2	1.75
1.75	1.75
1.75	2
2	2.25
1.75	2.25
1.75	2.5
2	2.75
1.75	2.75
1.75	3
2	3.25
1.75	3.25
1.75	3.5
2	3.75
1.75	3.75
1.75	4
2	4.25
1.75	4.25
1.75	4.5
2	4.75
1.75	4.75
1.75	5
2	5.25
1.75	5.25
1.75	5.5
2	5.75
1.75	5.75
1.75	6
2	6.25
1.75	6.25
1.75	6.5
2	6.75
1.75	6.75
1.75	7
2	7.25
1.75	7.25
1.75	7.5
2	7.75
1.75	7.75
1.75	8
2	8.25
1.75	8.25
1.75	8.5
2	8.75
1.75	8.75
1.75	9
2	9.25
1.75	9.25
1.75	9.5
2	9.75
1.75	9.75
1.75	10
2	10.25
1.75	10.25
1.75	10.5
2	10.75
1.75	10.75
2.5	0.25
2.25	0.25
2.25	0.5
2.5	0.75
2.25	0.75
2.25	1
2.5	1.25
2.25	1.25
2.25	1.5
2.5	1.75
2.25	1.75
2.25	2
2.5	2.25
2.25	2.25
2.25	2.5
2.5	2.75
2.25	2.75
2.25	3
2.5	3.25
2.25	3.25
2.25	3.5
2.5	3.75
2.25	3.75
2.25	4
2.5	4.25
2.25	4.25
2.25	4.5
2.5	4.75
2.25	4.75
2.25	5
2.5	5.25
2.25	5.25
2.25	5.5
2.5	5.75
2.25	5.75
2.25	6
2.5	6.25
2.25	6.25
2.25	6.5
2.5	6.75
2.25	6.75
2.25	7
2.5	7.25
2.25	7.25
2.25	7.5
2.5	7.75
2.25	7.75
2.25	8
2.5	8.25
2.25	8.25
2.25	8.5
2.5	8.75
2.25	8.75
2.25	9
2.5	9.25
2.25	9.25
2.25	9.5
2.5	9.75
2.25	9.75
2.25	10
2.5	10.25
2.25	10.25
2.25	10.5
2.5	10.75
2.25	10.75
3	0.25
2.75	0.25
2.75	0.5
3	0.75
2.75	0.75
2.75	1
3	1.25
2.75	1.25
2.75	1.5
3	1.75
2.75	1.75
2.75	2
3	2.25
2.75	2.25
2.75	2.5
3	2.75
2.75	2.75
2.75	3
3	3.25
2.75	3.25
2.75	3.5
3	3.75
2.75	3.75
2.75	4
3	4.25
2.75	4.25
2.75	4.5
3	4.75
2.75	4.75
2.75	5
3	5.25
2.75	5.25
2.75	5.5
3	5.75
2.75	5.75
2.75	6
3	6.25
2.75	6.25
2.75	6.5
3	6.75
2.75	6.75
2.75	7
3	7.25
2.75	7.25
2.75	7.5
3	7.75
2.75	7.75
2.75	8
3	8.25
2.75	8.25
2.75	8.5
3	8.75
2.75	8.75
2.75	9
3	9.25
2.75	9.25
2.75	9.5
3	9.75
2.75	9.75
2.75	10
3	10.25
2.75	10.25
2.75	10.5
3	10.75
2.75	10.75
3.5	0.25
3.25	0.25
3.25	0.5
3.5	0.75
3.25	0.75
3.25	1
3.5	1.25
3.25	1.25
3.25	1.5
3.5	1.75
3.25	1.75
3.25	2
3.5	2.25
3.25	2.25
3.25	2.5
3.5	2.75
3.25	2.75
3.25	3
3.5	3.25
3.25	3.25
3.25	3.5
3.5	3.75
3.25	3.75
3.25	4
3.5	4.25
3.25	4.25
3.25	4.5
3.5	4.75
3.25	4.75
3.25	5
3.5	5.25
3.25	5.25
3.25	5.5
3.5	5.75
3.25	5.75
3.25	6
3.5	6.25
3.25	6.25
3.25	6.5
3.5	6.75
3.25	6.75
3.25	7
3.5	7.25
3.25	7.25
3.25	7.5
3.5	7.75
3.25	7.75
3.25	8
3.5	8.25
3.25	8.25
3.25	8.5
3.5	8.75
3.25	8.75
3.25	9
3.5	9.25
3.25	9.25
3.25	9.5
3.5	9.75
3.25	9.75
3.25	10
3.5	10.25
3.25	10.25
3.25	10.5
3.5	10.75
3.25	10.75
4	0.25
3.75	0.25
3.75	0.5
4	0.75
3.75	0.75
3.75	1
4	1.25
3.75	1.25
3.75	1.5
4	1.75
3.75	1.75
3.75	2
4	2.25
3.75	2.25
3.75	2.5
4	2.75
3.75	2.75
3.75	3
4	3.25
3.75	3.25
3.75	3.5
4	3.75
3.75	3.75
3.75	4
4	4.25
3.75	4.25
3.75	4.5
4	4.75
3.75	4.75
3.75	5
4	5.25
3.75	5.25
3.75	5.5
4	5.75
3.75	5.75
3.75	6
4	6.25
3.75	6.25
3.75	6.5
4	6.75
3.75	6.75
3.75	7
4	7.25
3.75	7.25
3.75	7.5
4	7.75
3.75	7.75
3.75	8
4	8.25
3.75	8.25
3.75	8.5
4	8.75
3.75	8.75
3.75	9
4	9.25
3.75	9.25
3.75	9.5
4	9.75
3.75	9.75
3.75	10
4	10.25
3.75	10.25
3.75	10.5
4	10.75
3.75	10.75
4.5	0.25
4.25	0.25
4.25	0.5
4.5	0.75
4.25	0.75
4.25	1
4.5	1.25
4.25	1.25
4.25	1.5
4.5	1.75
4.25	1.75
4.25	2
4.5	2.25
4.25	2.25
4.25	2.5
4.5	2.75
4.25	2.75
4.25	3
4.5	3.25
4.25	3.25
4.25	3.5
4.5	3.75
4.25	3.75
4.25	4
4.5	4.25
4.25	4.25
4.25	4.5
4.5	4.75
4.25	4.75
4.25	5
4.5	5.25
4.25	5.25
4.25	5.5
4.5	5.75
4.25	5.75
4.25	6
4.5	6.25
4.25	6.25
4.25	6.5
4.5	6.75
4.25	6.75
4.25	7
4.5	7.25
4.25	7.25
4.25	7.5
4.5	7.75
4.25	7.75
4.25	8
4.5	8.25
4.25	8.25
4.25	8.5
4.5	8.75
4.25	8.75
4.25	9
4.5	9.25
4.25	9.25
4.25	9.5
4.5	9.75
4.25	9.75
4.25	10
4.5	10.25
4.25	10.25
4.25	10.5
4.5	10.75
4.25	10.75
5	0.25
4.75	0.25
4.75	0.5
5	0.75
4.75	0.75
4.75	1
5	1.25
4.75	1.25
4.75	1.5
5	1.75
4.75	1.75
4.75	2
5	2.25
4.75	2.25
4.75	2.5
5	2.75
4.75	2.75
4.75	3
5	3.25
4.75	3.25
4.75	3.5
5	3.75
4.75	3.75
4.75	4
5	4.25
4.75	4.25
4.75	4.5
5	4.75
4.75	4.75
4.75	5
5	5.25
4.75	5.25
4.75	5.5
5	5.75
4.75	5.75
4.75	6
5	6.25
4.75	6.25
4.75	6.5
5	6.75
4.75	6.75
4.75	7
5	7.25
4.75	7.25
4.75	7.5
5	7.75
4.75	7.75
4.75	8
5	8.25
4.75	8.25
4.75	8.5
5	8.75
4.75	8.75
4.75	9
5	9.25
4.75	9.25
4.75	9.5
5	9.75
4.75	9.75
4.75	10
5	10.25
4.75	10.25
4.75	10.5
5	10.75
4.75	10.75
5.5	0.25
5.25	0.25
5.25	0.5
5.5	0.75
5.25	0.75
5.25	1
5.5	1.25
5.25	1.25
5.25	1.5
5.5	1.75
5.25	1.75
5.25	2
5.5	2.25
5.25	2.25
5.25	2.5
5.5	2.75
5.25	2.75
5.25	3
5.5	3.25
5.25	3.25
5.25	3.5
5.5	3.75
5.25	3.75
5.25	4
5.5	4.25
5.25	4.25
5.25	4.5
5.5	4.75
5.25	4.75
5.25	5
5.5	5.25
5.25	5.25
5.25	5.5
5.5	5.75
5.25	5.75
5.25	6
5.5	6.25
5.25	6.25
5.25	6.5
5.5	6.75
5.25	6.75
5.25	7
5.5	7.25
5.25	7.25
5.25	7.5
5.5	7.75
5.25	7.75
5.25	8
5.5	8.25
5.25	8.25
5.25	8.5
5.5	8.75
5.25	8.75
5.25	9
5.5	9.25
5.25	9.25
5.25	9.5
5.5	9.75
5.25	9.75
5.25	10
5.5	10.25
5.25	10.25
5.25	10.5
5.5	10.75
5.25	10.75
6	0.25
5.75	0.25
5.75	0.5
6	0.75
5.75	0.75
5.75	1
6	1.25
5.75	1.25
5.75	1.5
6	1.75
5.75	1.75
5.75	2
6	2.25
5.75	2.25
5.75	2.5
6	2.75
5.75	2.75
5.75	3
6	3.25
5.75	3.25
5.75	3.5
6	3.75
5.75	3.75
5.75	4
6	4.25
5.75	4.25
5.75	4.5
6	4.75
5.75	4.75
5.75	5
6	5.25
5.75	5.25
5.75	5.5
6	5.75
5.75	5.75
5.75	6
6	6.25
5.75	6.25
5.75	6.5
6	6.75
5.75	6.75
5.75	7
6	7.25
5.75	7.25
5.75	7.5
6	7.75
5.75	7.75
5.75	8
6	8.25
5.75	8.25
5.75	8.5
6	8.75
5.75	8.75
5.75	9
6	9.25
5.75	9.25
5.75	9.5
6	9.75
5.75	9.75
5.75	10
6	10.25
5.75	10.25
5.75	10.5
6	10.75
5.75	10.75
6.5	0.25
6.25	0.25
6.25	0.5
6.5	0.75
6.25	0.75
6.25	1
6.5	1.25
6.25	1.25
6.25	1.5
6.5	1.75
6.25	1.75
6.25	2
6.5	2.25
6.25	2.25
6.25	2.5
6.5	2.75
6.25	2.75
6.25	3
6.5	3.25
6.25	3.25
6.25	3.5
6.5	3.75
6.25	3.75
6.25	4
6.5	4.25
6.25	4.25
6.25	4.5
6.5	4.75
6.25	4.75
6.25	5
6.5	5.25
6.25	5.25
6.25	5.5
6.5	5.75
6.25	5.75
6.25	6
6.5	6.25
6.25	6.25
6.25	6.5
6.5	6.75
6.25	6.75
6.25	7
6.5	7.25
6.25	7.25
6.25	7.5
6.5	7.75
6.25	7.75
6.25	8
6.5	8.25
6.25	8.25
6.25	8.5
6.5	8.75
6.25	8.75
6.25	9
6.5	9.25
6.25	9.25
6.25	9.5
6.5	9.75
6.25	9.75
6.25	10
6.5	10.25
6.25	10.25
6.25	10.5
6.5	10.75
6.25	10.75
7	0.25
6.75	0.25
6.75	0.5
7	0.75
6.75	0.75
6.75	1
7	1.25
6.75	1.25
6.75	1.5
7	1.75
6.75	1.75
6.75	2
7	2.25
6.75	2.25
6.75	2.5
7	2.75
6.75	2.75
6.75	3
7	3.25
6.75	3.25
6.75	3.5
7	3.75
6.75	3.75
6.75	4
7	4.25
6.75	4.25
6.75	4.5
7	4.75
6.75	4.75
6.75	5
7	5.25
6.75	5.25
6.75	5.5
7	5.75
6.75	5.75
6.75	6
7	6.25
6.75	6.25
6.75	6.5
7	6.75
6.75	6.75
6.75	7
7	7.25
6.75	7.25
6.75	7.5
7	7.75
6.75	7.75
6.75	8
7	8.25
6.75	8.25
6.75	8.5
7	8.75
6.75	8.75
6.75	9
7	9.25
6.75	9.25
6.75	9.5
7	9.75
6.75	9.75
6.75	10
7	10.25
6.75	10.25
6.75	10.5
7	10.75
6.75	10.75
7.5	0.25
7.25	0.25
7.25	0.5
7.5	0.75
7.25	0.75
7.25	1
7.5	1.25
7.25	1.25
7.25	1.5
7.5	1.75
7.25	1.75
7.25	2
7.5	2.25
7.25	2.25
7.25	2.5
7.5	2.75
7.25	2.75
7.25	3
7.5	3.25
7.25	3.25
7.25	3.5
7.5	3.75
7.25	3.75
7.25	4
7.5	4.25
7.25	4.25
7.25	4.5
7.5	4.75
7.25	4.75
7.25	5
7.5	5.25
7.25	5.25
7.25	5.5
7.5	5.75
7.25	5.75
7.25	6
7.5	6.25
7.25	6.25
7.25	6.5
7.5	6.75
7.25	6.75
7.25	7
7.5	7.25
7.25	7.25
7.25	7.5
7.5	7.75
7.25	7.75
7.25	8
7.5	8.25
7.25	8.25
7.25	8.5
7.5	8.75
7.25	8.75
7.25	9
7.5	9.25
7.25	9.25
7.25	9.5
7.5	9.75
7.25	9.75
7.25	10
7.5	10.25
7.25	10.25
7.25	10.5
7.5	10.75
7.25	10.75
8	0.25
7.75	0.25
7.75	0.5
8	0.75
7.75	0.75
7.75	1
8	1.25
7.75	1.25
7.75	1.5
8	1.75
7.75	1.75
7.75	2
8	2.25
7.75	2.25
7.75	2.5
8	2.75
7.75	2.75
7.75	3
8	3.25
7.75	3.25
7.75	3.5
8	3.75
7.75	3.75
7.75	4
8	4.25
7.75	4.25
7.75	4.5
8	4.75
7.75	4.75
7.75	5
8	5.25
7.75	5.25
7.75	5.5
8	5.75
7.75	5.75
7.75	6
8	6.25
7.75	6.25
7.75	6.5
8	6.75
7.75	6.75
7.75	7
8	7.25
7.75	7.25
7.75	7.5
8	7.75
7.75	7.75
7.75	8
8	8.25
7.75	8.25
7.75	8.5
8	8.75
7.75	8.75
7.75	9
8	9.25
7.75	9.25
7.75	9.5
8	9.75
7.75	9.75
7.75	10
8	10.25
7.75	10.25
7.75	10.5
8	10.75
7.75	10.75
8.5	0.25
8.25	0.25
8.25	0.5
8.5	0.75
8.25	0.75
8.25	1
8.5	1.25
8.25	1.25
8.25	1.5
8.5	1.75
8.25	1.75
8.25	2
8.5	2.25
8.25	2.25
8.25	2.5
8.5	2.75
8.25	2.75
8.25	3
8.5	3.25
8.25	3.25
8.25	3.5
8.5	3.75
8.25	3.75
8.25	4
8.5	4.25
8.25	4.25
8.25	4.5
8.5	4.75
8.25	4.75
8.25	5
8.5	5.25
8.25	5.25
8.25	5.5
8.5	5.75
8.25	5.75
8.25	6
8.5	6.25
8.25	6.25
8.25	6.5
8.5	6.75
8.25	6.75
8.25	7
8.5	7.25
8.25	7.25
8.25	7.5
8.5	7.75
8.25	7.75
8.25	8
8.5	8.25
8.25	8.25
8.25	8.5
8.5	8.75
8.25	8.75
8.25	9
8.5	9.25
8.25	9.25
8.25	9.5
8.5	9.75
8.25	9.75
8.25	10
8.5	10.25
8.25	10.25
8.25	10.5
8.5	10.75
8.25	10.75
9	0.25
8.75	0.25
8.75	0.5
9	0.75
8.75	0.75
8.75	1
9	1.25
8.75	1.25
8.75	1.5
9	1.75
8.75	1.75
8.75	2
9	2.25
8.75	2.25
8.75	2.5
9	2.75
8.75	2.75
8.75	3
9	3.25
8.75	3.25
8.75	3.5
9	3.75
8.75	3.75
8.75	4
9	4.25
8.75	4.25
8.75	4.5
9	4.75
8.75	4.75
8.75	5
9	5.25
8.75	5.25
8.75	5.5
9	5.75
8.75	5.75
8.75	6
9	6.25
8.75	6.25
8.75	6.5
9	6.75
8.75	6.75
8.75	7
9	7.25
8.75	7.25
8.75	7.5
9	7.75
8.75	7.75
8.75	8
9	8.25
8.75	8.25
8.75	8.5
9	8.75
8.75	8.75
8.75	9
9	9.25
8.75	9.25
8.75	9.5
9	9.75
8.75	9.75
8.75	10
9	10.25
8.75	10.25
8.75	10.5
9	10.75
8.75	10.75
9.5	0.25
9.25	0.25
9.25	0.5
9.5	0.75
9.25	0.75
9.25	1
9.5	1.25
9.25	1.25
9.25	1.5
9.5	1.75
9.25	1.75
9.25	2
9.5	2.25
9.25	2.25
9.25	2.5
9.5	2.75
9.25	2.75
9.25	3
9.5	3.25
9.25	3.25
9.25	3.5
9.5	3.75
9.25	3.75
9.25	4
9.5	4.25
9.25	4.25
9.25	4.5
9.5	4.75
9.25	4.75
9.25	5
9.5	5.25
9.25	5.25
9.25	5.5
9.5	5.75
9.25	5.75
9.25	6
9.5	6.25
9.25	6.25
9.25	6.5
9.5	6.75
9.25	6.75
9.25	7
9.5	7.25
9.25	7.25
9.25	7.5
9.5	7.75
9.25	7.75
9.25	8
9.5	8.25
9.25	8.25
9.25	8.5
9.5	8.75
9.25	8.75
9.25	9
9.5	9.25
9.25	9.25
9.25	9.5
9.5	9.75
9.25	9.75
9.25	10
9.5	10.25
9.25	10.25
9.25	10.5
9.5	10.75
9.25	10.75
10	0.25
9.75	0.25
9.75	0.5
10	0.75
9.75	0.75
9.75	1
10	1.25
9.75	1.25
9.75	1.5
10	1.75
9.75	1.75
9.75	2
10	2.25
9.75	2.25
9.75	2.5
10	2.75
9.75	2.75
9.75	3
10	3.25
9.75	3.25
9.75	3.5
10	3.75
9.75	3.75
9.75	4
10	4.25
9.75	4.25
9.75	4.5
10	4.75
9.75	4.75
9.75	5
10	5.25
9.75	5.25
9.75	5.5
10	5.75
9.75	5.75
9.75	6
10	6.25
9.75	6.25
9.75	6.5
10	6.75
9.75	6.75
9.75	7
10	7.25
9.75	7.25
9.75	7.5
10	7.75
9.75	7.75
9.75	8
10	8.25
9.75	8.25
9.75	8.5
10	8.75
9.75	8.75
9.75	9
10	9.25
9.75	9.25
9.75	9.5
10	9.75
9.75	9.75
9.75	10
10	10.25
9.75	10.25
9.75	10.5
10	10.75
9.75	10.75
10.5	0.25
10.25	0.25
10.25	0.5
10.5	0.75
10.25	0.75
10.25	1
10.5	1.25
10.25	1.25
10.25	1.5
10.5	1.75
10.25	1.75
10.25	2
10.5	2.25
10.25	2.25
10.25	2.5
10.5	2.75
10.25	2.75
10.25	3
10.5	3.25
10.25	3.25
10.25	3.5
10.5	3.75
10.25	3.75
10.25	4
10.5	4.25
10.25	4.25
10.25	4.5
10.5	4.75
10.25	4.75
10.25	5
10.5	5.25
10.25	5.25
10.25	5.5
10.5	5.75
10.25	5.75
10.25	6
10.5	6.25
10.25	6.25
10.25	6.5
10.5	6.75
10.25	6.75
10.25	7
10.5	7.25
10.25	7.25
10.25	7.5
10.5	7.75
10.25	7.75
10.25	8
10.5	8.25
10.25	8.25
10.25	8.5
10.5	8.75
10.25	8.75
10.25	9
10.5	9.25
10.25	9.25
10.25	9.5
10.5	9.75
10.25	9.75
10.25	10
10.5	10.25
10.25	10.25
10.25	10.5
10.5	10.75
10.25	10.75
11	0.25
10.75	0.25
10.75	0.5
11	0.75
10.75	0.75
10.75	1
11	1.25
10.75	1.25
10.75	1.5
11	1.75
10.75	1.75
10.75	2
11	2.25
10.75	2.25
10.75	2.5
11	2.75
10.75	2.75
10.75	3
11	3.25
10.75	3.25
10.75	3.5
11	3.75
10.75	3.75
10.75	4
11	4.25
10.75	4.25
10.75	4.5
11	4.75
10.75	4.75
10.75	5
11	5.25
10.75	5.25
10.75	5.5
11	5.75
10.75	5.75
10.75	6
11	6.25
10.75	6.25
10.75	6.5
11	6.75
10.75	6.75
10.75	7
11	7.25
10.75	7.25
10.75	7.5
11	7.75
10.75	7.75
10.75	8
11	8.25
10.75	8.25
10.75	8.5
11	8.75
10.75	8.75
10.75	9
11	9.25
10.75	9.25
10.75	9.5
11	9.75
10.75	9.75
10.75	10
11	10.25
10.75	10.25
10.75	10.5
11	10.75
10.75	10.75
11.5	0.25
11.25	0.25
11.25	0.5
11.5	0.75
11.25	0.75
11.25	1
11.5	1.25
11.25	1.25
11.25	1.5
11.5	1.75
11.25	1.75
11.25	2
11.5	2.25
11.25	2.25
11.25	2.5
11.5	2.75
11.25	2.75
11.25	3
11.5	3.25
11.25	3.25
11.25	3.5
11.5	3.75
11.25	3.75
11.25	4
11.5	4.25
11.25	4.25
11.25	4.5
11.5	4.75
11.25	4.75
11.25	5
11.5	5.25
11.25	5.25
11.25	5.5
11.5	5.75
11.25	5.75
11.25	6
11.5	6.25
11.25	6.25
11.25	6.5
11.5	6.75
11.25	6.75
11.25	7
11.5	7.25
11.25	7.25
11.25	7.5
11.5	7.75
11.25	7.75
11.25	8
11.5	8.25
11.25	8.25
11.25	8.5
11.5	8.75
11.25	8.75
11.25	9
11.5	9.25
11.25	9.25
11.25	9.5
11.5	9.75
11.25	9.75
11.25	10
11.5	10.25
11.25	10.25
11.25	10.5
11.5	10.75
11.25	10.75
12	0.25
11.75	0.25
11.75	0.5
12	0.75
11.75	0.75
11.75	1
12	1.25
11.75	1.25
11.75	1.5
12	1.75
11.75	1.75
11.75	2
12	2.25
11.75	2.25
11.75	2.5
12	2.75
11.75	2.75
11.75	3
12	3.25
11.75	3.25
11.75	3.5
12	3.75
11.75	3.75
11.75	4
12	4.25
11.75	4.25
11.75	4.5
12	4.75
11.75	4.75
11.75	5
12	5.25
11.75	5.25
11.75	5.5
12	5.75
11.75	5.75
11.75	6
12	6.25
11.75	6.25
11.75	6.5
12	6.75
11.75	6.75
11.75	7
12	7.25
11.75	7.25
11.75	7.5
12	7.75
11.75	7.75
11.75	8
12	8.25
11.75	8.25
11.75	8.5
12	8.75
11.75	8.75
11.75	9
12	9.25
11.75	9.25
11.75	9.5
12	9.75
11.75	9.75
11.75	10
12	10.25
11.75	10.25
11.75	10.5
12	10.75
11.75	10.75
12.5	0.25
12.25	0.25
12.25	0.5
12.5	0.75
12.25	0.75
12.25	1
12.5	1.25
12.25	1.25
12.25	1.5
12.5	1.75
12.25	1.75
12.25	2
12.5	2.25
12.25	2.25
12.25	2.5
12.5	2.75
12.25	2.75
12.25	3
12.5	3.25
12.25	3.25
12.25	3.5
12.5	3.75
12.25	3.75
12.25	4
12.5	4.25
12.25	4.25
12.25	4.5
12.5	4.75
12.25	4.75
12.25	5
12.5	5.25
12.25	5.25
12.25	5.5
12.5	5.75
12.25	5.75
12.25	6
12.5	6.25
12.25	6.25
12.25	6.5
12.5	6.75
12.25	6.75
12.25	7
12.5	7.25
12.25	7.25
12.25	7.5
12.5	7.75
12.25	7.75
12.25	8
12.5	8.25
12.25	8.25
12.25	8.5
12.5	8.75
12.25	8.75
12.25	9
12.5	9.25
12.25	9.25
12.25	9.5
12.5	9.75
12.25	9.75
12.25	10
12.5	10.25
12.25	10.25
12.25	10.5
12.5	10.75
12.25	10.75
13	0.25
12.75	0.25
12.75	0.5
13	0.75
12.75	0.75
12.75	1
13	1.25
12.75	1.25
12.75	1.5
13	1.75
12.75	1.75
12.75	2
13	2.25
12.75	2.25
12.75	2.5
13	2.75
12.75	2.75
12.75	3
13	3.25
12.75	3.25
12.75	3.5
13	3.75
12.75	3.75
12.75	4
13	4.25
12.75	4.25
12.75	4.5
13	4.75
12.75	4.75
12.75	5
13	5.25
12.75	5.25
12.75	5.5
13	5.75
12.75	5.75
12.75	6
13	6.25
12.75	6.25
12.75	6.5
13	6.75
12.75	6.75
12.75	7
13	7.25
12.75	7.25
12.75	7.5
13	7.75
12.75	7.75
12.75	8
13	8.25
12.75	8.25
12.75	8.5
13	8.75
12.75	8.75
12.75	9
13	9.25
12.75	9.25
12.75	9.5
13	9.75
12.75	9.75
12.75	10
13	10.25
12.75	10.25
12.75	10.5
13	10.75
12.75	10.75
13.5	0.25
13.25	0.25
13.25	0.5
13.5	0.75
13.25	0.75
13.25	1
13.5	1.25
13.25	1.25
13.25	1.5
13.5	1.75
13.25	1.75
13.25	2
13.5	2.25
13.25	2.25
13.25	2.5
13.5	2.75
13.25	2.75
13.25	3
13.5	3.25
13.25	3.25
13.25	3.5
13.5	3.75
13.25	3.75
13.25	4
13.5	4.25
13.25	4.25
13.25	4.5
13.5	4.75
13.25	4.75
13.25	5
13.5	5.25
13.25	5.25
13.25	5.5
13.5	5.75
13.25	5.75
13.25	6
13.5	6.25
13.25	6.25
13.25	6.5
13.5	6.75
13.25	6.75
13.25	7
13.5	7.25
13.25	7.25
13.25	7.5
13.5	7.75
13.25	7.75
13.25	8
13.5	8.25
13.25	8.25
13.25	8.5
13.5	8.75
13.25	8.75
13.25	9
13.5	9.25
13.25	9.25
13.25	9.5
13.5	9.75
13.25	9.75
13.25	10
13.5	10.25
13.25	10.25
13.25	10.5
13.5	10.75
13.25	10.75
14	0.25
13.75	0.25
13.75	0.5
14	0.75
13.75	0.75
13.75	1
14	1.25
13.75	1.25
13.75	1.5
14	1.75
13.75	1.75
13.75	2
14	2.25
13.75	2.25
13.75	2.5
14	2.75
13.75	2.75
13.75	3
14	3.25
13.75	3.25
13.75	3.5
14	3.75
13.75	3.75
13.75	4
14	4.25
13.75	4.25
13.75	4.5
14	4.75
13.75	4.75
13.75	5
14	5.25
13.75	5.25
13.75	5.5
14	5.75
13.75	5.75
13.75	6
14	6.25
13.75	6.25
13.75	6.5
14	6.75
13.75	6.75
13.75	7
14	7.25
13.75	7.25
13.75	7.5
14	7.75
13.75	7.75
13.75	8
14	8.25
13.75	8.25
13.75	8.5
14	8.75
13.75	8.75
13.75	9
14	9.25
13.75	9.25
13.75	9.5
14	9.75
13.75	9.75
13.75	10
14	10.25
13.75	10.25
13.75	10.5
14	10.75
13.75	10.75
14.5	0.25
14.25	0.25
14.25	0.5
14.5	0.75
14.25	0.75
14.25	1
14.5	1.25
14.25	1.25
14.25	1.5
14.5	1.75
14.25	1.75
14.25	2
14.5	2.25
14.25	2.25
14.25	2.5
14.5	2.75
14.25	2.75
14.25	3
14.5	3.25
14.25	3.25
14.25	3.5
14.5	3.75
14.25	3.75
14.25	4
14.5	4.25
14.25	4.25
14.25	4.5
14.5	4.75
14.25	4.75
14.25	5
14.5	5.25
14.25	5.25
14.25	5.5
14.5	5.75
14.25	5.75
14.25	6
14.5	6.25
14.25	6.25
14.25	6.5
14.5	6.75
14.25	6.75
14.25	7
14.5	7.25
14.25	7.25
14.25	7.5
14.5	7.75
14.25	7.75
14.25	8
14.5	8.25
14.25	8.25
14.25	8.5
14.5	8.75
14.25	8.75
14.25	9
14.5	9.25
14.25	9.25
14.25	9.5
14.5	9.75
14.25	9.75
14.25	10
14.5	10.25
14.25	10.25
14.25	10.5
14.5	10.75
14.25	10.75
15	0.25
14.75	0.25
14.75	0.5
15	0.75
14.75	0.75
14.75	1
15	1.25
14.75	1.25
14.75	1.5
15	1.75
14.75	1.75
14.75	2
15	2.25
14.75	2.25
14.75	2.5
15	2.75
14.75	2.75
14.75	3
15	3.25
14.75	3.25
14.75	3.5
15	3.75
14.75	3.75
14.75	4
15	4.25
14.75	4.25
14.75	4.5
15	4.75
14.75	4.75
14.75	5
15	5.25
14.75	5.25
14.75	5.5
15	5.75
14.75	5.75
14.75	6
15	6.25
14.75	6.25
14.75	6.5
15	6.75
14.75	6.75
14.75	7
15	7.25
14.75	7.25
14.75	7.5
15	7.75
14.75	7.75
14.75	8
15	8.25
14.75	8.25
14.75	8.5
15	8.75
14.75	8.75
14.75	9
15	9.25
14.75	9.25
14.75	9.5
15	9.75
14.75	9.75
14.75	10
15	10.25
14.75	10.25
14.75	10.5
15	10.75
14.75	10.75
15.5	0.25
15.25	0.25
15.25	0.5
15.5	0.75
15.25	0.75
15.25	1
15.5	1.25
15.25	1.25
15.25	1.5
15.5	1.75
15.25	1.75
15.25	2
15.5	2.25
15.25	2.25
15.25	2.5
15.5	2.75
15.25	2.75
15.25	3
15.5	3.25
15.25	3.25
15.25	3.5
15.5	3.75
15.25	3.75
15.25	4
15.5	4.25
15.25	4.25
15.25	4.5
15.5	4.75
15.25	4.75
15.25	5
15.5	5.25
15.25	5.25
15.25	5.5
15.5	5.75
15.25	5.75
15.25	6
15.5	6.25
15.25	6.25
15.25	6.5
15.5	6.75
15.25	6.75
15.25	7
15.5	7.25
15.25	7.25
15.25	7.5
15.5	7.75
15.25	7.75
15.25	8
15.5	8.25
15.25	8.25
15.25	8.5
15.5	8.75
15.25	8.75
15.25	9
15.5	9.25
15.25	9.25
15.25	9.5
15.5	9.75
15.25	9.75
15.25	10
15.5	10.25
15.25	10.25
15.25	10.5
15.5	10.75
15.25	10.75
16	0.25
15.75	0.25
15.75	0.5
16	0.75
15.75	0.75
15.75	1
16	1.25
15.75	1.25
15.75	1.5
16	1.75
15.75	1.75
15.75	2
16	2.25
15.75	2.25
15.75	2.5
16	2.75
15.75	2.75
15.75	3
16	3.25
15.75	3.25
15.75	3.5
16	3.75
15.75	3.75
15.75	4
16	4.25
15.75	4.25
15.75	4.5
16	4.75
15.75	4.75
15.75	5
16	5.25
15.75	5.25
15.75	5.5
16	5.75
15.75	5.75
15.75	6
16	6.25
15.75	6.25
15.75	6.5
16	6.75
15.75	6.75
15.75	7
16	7.25
15.75	7.25
15.75	7.5
16	7.75
15.75	7.75
15.75	8
16	8.25
15.75	8.25
15.75	8.5
16	8.75
15.75	8.75
15.75	9
16	9.25
15.75	9.25
15.75	9.5
16	9.75
15.75	9.75
15.75	10
16	10.25
15.75	10.25
15.75	10.5
16	10.75
15.75	10.75
16.5	0.25
16.25	0.25
16.25	0.5
16.5	0.75
16.25	0.75
16.25	1
16.5	1.25
16.25	1.25
16.25	1.5
16.5	1.75
16.25	1.75
16.25	2
16.5	2.25
16.25	2.25
16.25	2.5
16.5	2.75
16.25	2.75
16.25	3
16.5	3.25
16.25	3.25
16.25	3.5
16.5	3.75
16.25	3.75
16.25	4
16.5	4.25
16.25	4.25
16.25	4.5
16.5	4.75
16.25	4.75
16.25	5
16.5	5.25
16.25	5.25
16.25	5.5
16.5	5.75
16.25	5.75
16.25	6
16.5	6.25
16.25	6.25
16.25	6.5
16.5	6.75
16.25	6.75
16.25	7
16.5	7.25
16.25	7.25
16.25	7.5
16.5	7.75
16.25	7.75
16.25	8
16.5	8.25
16.25	8.25
16.25	8.5
16.5	8.75
16.25	8.75
16.25	9
16.5	9.25
16.25	9.25
16.25	9.5
16.5	9.75
16.25	9.75
16.25	10
16.5	10.25
16.25	10.25
16.25	10.5
16.5	10.75
16.25	10.75
17	0.25
16.75	0.25
16.75	0.5
17	0.75
16.75	0.75
16.75	1
17	1.25
16.75	1.25
16.75	1.5
17	1.75
16.75	1.75
16.75	2
17	2.25
16.75	2.25
16.75	2.5
17	2.75
16.75	2.75
16.75	3
17	3.25
16.75	3.25
16.75	3.5
17	3.75
16.75	3.75
16.75	4
17	4.25
16.75	4.25
16.75	4.5
17	4.75
16.75	4.75
16.75	5
17	5.25
16.75	5.25
16.75	5.5
17	5.75
16.75	5.75
16.75	6
17	6.25
16.75	6.25
16.75	6.5
17	6.75
16.75	6.75
16.75	7
17	7.25
16.75	7.25
16.75	7.5
17	7.75
16.75	7.75
16.75	8
17	8.25
16.75	8.25
16.75	8.5
17	8.75
16.75	8.75
16.75	9
17	9.25
16.75	9.25
16.75	9.5
17	9.75
16.75	9.75
16.75	10
17	10.25
16.75	10.25
16.75	10.5
17	10.75
16.75	10.75
17.5	0.25
17.25	0.25
17.25	0.5
17.5	0.75
17.25	0.75
17.25	1
17.5	1.25
17.25	1.25
17.25	1.5
17.5	1.75
17.25	1.75
17.25	2
17.5	2.25
17.25	2.25
17.25	2.5
17.5	2.75
17.25	2.75
17.25	3
17.5	3.25
17.25	3.25
17.25	3.5
17.5	3.75
17.25	3.75
17.25	4
17.5	4.25
17.25	4.25
17.25	4.5
17.5	4.75
17.25	4.75
17.25	5
17.5	5.25
17.25	5.25
17.25	5.5
17.5	5.75
17.25	5.75
17.25	6
17.5	6.25
17.25	6.25
17.25	6.5
17.5	6.75
17.25	6.75
17.25	7
17.5	7.25
17.25	7.25
17.25	7.5
17.5	7.75
17.25	7.75
17.25	8
17.5	8.25
17.25	8.25
17.25	8.5
17.5	8.75
17.25	8.75
17.25	9
17.5	9.25
17.25	9.25
17.25	9.5
17.5	9.75
17.25	9.75
17.25	10
17.5	10.25
17.25	10.25
17.25	10.5
17.5	10.75
17.25	10.75
18	0.25
17.75	0.25
17.75	0.5
18	0.75
17.75	0.75
17.75	1
18	1.25
17.75	1.25
17.75	1.5
18	1.75
17.75	1.75
17.75	2
18	2.25
17.75	2.25
17.75	2.5
18	2.75
17.75	2.75
17.75	3
18	3.25
17.75	3.25
17.75	3.5
18	3.75
17.75	3.75
17.75	4
18	4.25
17.75	4.25
17.75	4.5
18	4.75
17.75	4.75
17.75	5
18	5.25
17.75	5.25
17.75	5.5
18	5.75
17.75	5.75
17.75	6
18	6.25
17.75	6.25
17.75	6.5
18	6.75
17.75	6.75
17.75	7
18	7.25
17.75	7.25
17.75	7.5
18	7.75
17.75	7.75
17.75	8
18	8.25
17.75	8.25
17.75	8.5
18	8.75
17.75	8.75
17.75	9
18	9.25
17.75	9.25
17.75	9.5
18	9.75
17.75	9.75
17.75	10
18	10.25
17.75	10.25
17.75	10.5
18	10.75
17.75	10.75
18.5	0.25
18.25	0.25
18.25	0.5
18.5	0.75
18.25	0.75
18.25	1
18.5	1.25
18.25	1.25
18.25	1.5
18.5	1.75
18.25	1.75
18.25	2
18.5	2.25
18.25	2.25
18.25	2.5
18.5	2.75
18.25	2.75
18.25	3
18.5	3.25
18.25	3.25
18.25	3.5
18.5	3.75
18.25	3.75
18.25	4
18.5	4.25
18.25	4.25
18.25	4.5
18.5	4.75
18.25	4.75
18.25	5
18.5	5.25
18.25	5.25
18.25	5.5
18.5	5.75
18.25	5.75
18.25	6
18.5	6.25
18.25	6.25
18.25	6.5
18.5	6.75
18.25	6.75
18.25	7
18.5	7.25
18.25	7.25
18.25	7.5
18.5	7.75
18.25	7.75
18.25	8
18.5	8.25
18.25	8.25
18.25	8.5
18.5	8.75
18.25	8.75
18.25	9
18.5	9.25
18.25	9.25
18.25	9.5
18.5	9.75
18.25	9.75
18.25	10
18.5	10.25
18.25	10.25
18.25	10.5
18.5	10.75
18.25	10.75
19	0.25
18.75	0.25
18.75	0.5
19	0.75
18.75	0.75
18.75	1
19	1.25
18.75	1.25
18.75	1.5
19	1.75
18.75	1.75
18.75	2
19	2.25
18.75	2.25
18.75	2.5
19	2.75
18.75	2.75
18.75	3
19	3.25
18.75	3.25
18.75	3.5
19	3.75
18.75	3.75
18.75	4
19	4.25
18.75	4.25
18.75	4.5
19	4.75
18.75	4.75
18.75	5
19	5.25
18.75	5.25
18.75	5.5
19	5.75
18.75	5.75
18.75	6
19	6.25
18.75	6.25
18.75	6.5
19	6.75
18.75	6.75
18.75	7
19	7.25
18.75	7.25
18.75	7.5
19	7.75
18.75	7.75
18.75	8
19	8.25
18.75	8.25
18.75	8.5
19	8.75
18.75	8.75
18.75	9
19	9.25
18.75	9.25
18.75	9.5
19	9.75
18.75	9.75
18.75	10
19	10.25
18.75	10.25
18.75	10.5
19	10.75
18.75	10.75
19.5	0.25
19.25	0.25
19.25	0.5
19.5	0.75
19.25	0.75
19.25	1
19.5	1.25
19.25	1.25
19.25	1.5
19.5	1.75
19.25	1.75
19.25	2
19.5	2.25
19.25	2.25
19.25	2.5
19.5	2.75
19.25	2.75
19.25	3
19.5	3.25
19.25	3.25
19.25	3.5
19.5	3.75
19.25	3.75
19.25	4
19.5	4.25
19.25	4.25
19.25	4.5
19.5	4.75
19.25	4.75
19.25	5
19.5	5.25
19.25	5.25
19.25	5.5
19.5	5.75
19.25	5.75
19.25	6
19.5	6.25
19.25	6.25
19.25	6.5
19.5	6.75
19.25	6.75
19.25	7
19.5	7.25
19.25	7.25
19.25	7.5
19.5	7.75
19.25	7.75
19.25	8
19.5	8.25
19.25	8.25
19.25	8.5
19.5	8.75
19.25	8.75
19.25	9
19.5	9.25
19.25	9.25
19.25	9.5
19.5	9.75
19.25	9.75
19.25	10
19.5	10.25
19.25	10.25
19.25	10.5
19.5	10.75
19.25	10.75
20	0.25
19.75	0.25
19.75	0.5
20	0.75
19.75	0.75
19.75	1
20	1.25
19.75	1.25
19.75	1.5
20	1.75
19.75	1.75
19.75	2
20	2.25
19.75	2.25
19.75	2.5
20	2.75
19.75	2.75
19.75	3
20	3.25
19.75	3.25
19.75	3.5
20	3.75
19.75	3.75
19.75	4
20	4.25
19.75	4.25
19.75	4.5
20	4.75
19.75	4.75
19.75	5
20	5.25
19.75	5.25
19.75	5.5
20	5.75
19.75	5.75
19.75	6
20	6.25
19.75	6.25
19.75	6.5
20	6.75
19.75	6.75
19.75	7
20	7.25
19.75	7.25
19.75	7.5
20	7.75
19.75	7.75
19.75	8
20	8.25
19.75	8.25
19.75	8.5
20	8.75
19.75	8.75
19.75	9
20	9.25
19.75	9.25
19.75	9.5
20	9.75
19.75	9.75
19.75	10
20	10.25
19.75	10.25
19.75	10.5
20	10.75
19.75	10.75
20.5	0.25
20.25	0.25
20.25	0.5
20.5	0.75
20.25	0.75
20.25	1
20.5	1.25
20.25	1.25
20.25	1.5
20.5	1.75
20.25	1.75
20.25	2
20.5	2.25
20.25	2.25
20.25	2.5
20.5	2.75
20.25	2.75
20.25	3
20.5	3.25
20.25	3.25
20.25	3.5
20.5	3.75
20.25	3.75
20.25	4
20.5	4.25
20.25	4.25
20.25	4.5
20.5	4.75
20.25	4.75
20.25	5
20.5	5.25
20.25	5.25
20.25	5.5
20.5	5.75
20.25	5.75
20.25	6
20.5	6.25
20.25	6.25
20.25	6.5
20.5	6.75
20.25	6.75
20.25	7
20.5	7.25
20.25	7.25
20.25	7.5
20.5	7.75
20.25	7.75
20.25	8
20.5	8.25
20.25	8.25
20.25	8.5
20.5	8.75
20.25	8.75
20.25	9
20.5	9.25
20.25	9.25
20.25	9.5
20.5	9.75
20.25	9.75
20.25	10
20.5	10.25
20.25	10.25
20.25	10.5
20.5	10.75
20.25	10.75
21	0.25
20.75	0.25
20.75	0.5
21	0.75
20.75	0.75
20.75	1
21	1.25
20.75	1.25
20.75	1.5
21	1.75
20.75	1.75
20.75	2
21	2.25
20.75	2.25
20.75	2.5
21	2.75
20.75	2.75
20.75	3
21	3.25
20.75	3.25
20.75	3.5
21	3.75
20.75	3.75
20.75	4
21	4.25
20.75	4.25
20.75	4.5
21	4.75
20.75	4.75
20.75	5
21	5.25
20.75	5.25
20.75	5.5
21	5.75
20.75	5.75
20.75	6
21	6.25
20.75	6.25
20.75	6.5
21	6.75
20.75	6.75
20.75	7
21	7.25
20.75	7.25
20.75	7.5
21	7.75
20.75	7.75
20.75	8
21	8.25
20.75	8.25
20.75	8.5
21	8.75
20.75	8.75
20.75	9
21	9.25
20.75	9.25
20.75	9.5
21	9.75
20.75	9.75
20.75	10
21	10.25
20.75	10.25
20.75	10.5
21	10.75
20.75	10.75
21.5	0.25
21.25	0.25
21.25	0.5
21.5	0.75
21.25	0.75
21.25	1
21.5	1.25
21.25	1.25
21.25	1.5
21.5	1.75
21.25	1.75
21.25	2
21.5	2.25
21.25	2.25
21.25	2.5
21.5	2.75
21.25	2.75
21.25	3
21.5	3.25
21.25	3.25
21.25	3.5
21.5	3.75
21.25	3.75
21.25	4
21.5	4.25
21.25	4.25
21.25	4.5
21.5	4.75
21.25	4.75
21.25	5
21.5	5.25
21.25	5.25
21.25	5.5
21.5	5.75
21.25	5.75
21.25	6
21.5	6.25
21.25	6.25
21.25	6.5
21.5	6.75
21.25	6.75
21.25	7
21.5	7.25
21.25	7.25
21.25	7.5
21.5	7.75
21.25	7.75
21.25	8
21.5	8.25
21.25	8.25
21.25	8.5
21.5	8.75
21.25	8.75
21.25	9
21.5	9.25
21.25	9.25
21.25	9.5
21.5	9.75
21.25	9.75
21.25	10
21.5	10.25
21.25	10.25
21.25	10.5
21.5	10.75
21.25	10.75
22	0.25
21.75	0.25
21.75	0.5
22	0.75
21.75	0.75
21.75	1
22	1.25
21.75	1.25
21.75	1.5
22	1.75
21.75	1.75
21.75	2
22	2.25
21.75	2.25
21.75	2.5
22	2.75
21.75	2.75
21.75	3
22	3.25
21.75	3.25
21.75	3.5
22	3.75
21.75	3.75
21.75	4
22	4.25
21.75	4.25
21.75	4.5
22	4.75
21.75	4.75
21.75	5
22	5.25
21.75	5.25
21.75	5.5
22	5.75
21.75	5.75
21.75	6
22	6.25
21.75	6.25
21.75	6.5
22	6.75
21.75	6.75
21.75	7
22	7.25
21.75	7.25
21.75	7.5
22	7.75
21.75	7.75
21.75	8
22	8.25
21.75	8.25
21.75	8.5
22	8.75
21.75	8.75
21.75	9
22	9.25
21.75	9.25
21.75	9.5
22	9.75
21.75	9.75
21.75	10
22	10.25
21.75	10.25
21.75	10.5
22	10.75
21.75	10.75
22.5	0.25
22.25	0.25
22.25	0.5
22.5	0.75
22.25	0.75
22.25	1
22.5	1.25
22.25	1.25
22.25	1.5
22.5	1.75
22.25	1.75
22.25	2
22.5	2.25
22.25	2.25
22.25	2.5
22.5	2.75
22.25	2.75
22.25	3
22.5	3.25
22.25	3.25
22.25	3.5
22.5	3.75
22.25	3.75
22.25	4
22.5	4.25
22.25	4.25
22.25	4.5
22.5	4.75
22.25	4.75
22.25	5
22.5	5.25
22.25	5.25
22.25	5.5
22.5	5.75
22.25	5.75
22.25	6
22.5	6.25
22.25	6.25
22.25	6.5
22.5	6.75
22.25	6.75
22.25	7
22.5	7.25
22.25	7.25
22.25	7.5
22.5	7.75
22.25	7.75
22.25	8
22.5	8.25
22.25	8.25
22.25	8.5
22.5	8.75
22.25	8.75
22.25	9
22.5	9.25
22.25	9.25
22.25	9.5
22.5	9.75
22.25	9.75
22.25	10
22.5	10.25
22.25	10.25
22.25	10.5
22.5	10.75
22.25	10.75
23	0.25
22.75	0.25
22.75	0.5
23	0.75
22.75	0.75
22.75	1
23	1.25
22.75	1.25
22.75	1.5
23	1.75
22.75	1.75
22.75	2
23	2.25
22.75	2.25
22.75	2.5
23	2.75
22.75	2.75
22.75	3
23	3.25
22.75	3.25
22.75	3.5
23	3.75
22.75	3.75
22.75	4
23	4.25
22.75	4.25
22.75	4.5
23	4.75
22.75	4.75
22.75	5
23	5.25
22.75	5.25
22.75	5.5
23	5.75
22.75	5.75
22.75	6
23	6.25
22.75	6.25
22.75	6.5
23	6.75
22.75	6.75
22.75	7
23	7.25
22.75	7.25
22.75	7.5
23	7.75
22.75	7.75
22.75	8
23	8.25
22.75	8.25
22.75	8.5
23	8.75
22.75	8.75
22.75	9
23	9.25
22.75	9.25
22.75	9.5
23	9.75
22.75	9.75
22.75	10
23	10.25
22.75	10.25
22.75	10.5
23	10.75
22.75	10.75
23.5	0.25
23.25	0.25
23.25	0.5
23.5	0.75
23.25	0.75
23.25	1
23.5	1.25
23.25	1.25
23.25	1.5
23.5	1.75
23.25	1.75
23.25	2
23.5	2.25
23.25	2.25
23.25	2.5
23.5	2.75
23.25	2.75
23.25	3
23.5	3.25
23.25	3.25
23.25	3.5
23.5	3.75
23.25	3.75
23.25	4
23.5	4.25
23.25	4.25
23.25	4.5
23.5	4.75
23.25	4.75
23.25	5
23.5	5.25
23.25	5.25
23.25	5.5
23.5	5.75
23.25	5.75
23.25	6
23.5	6.25
23.25	6.25
23.25	6.5
23.5	6.75
23.25	6.75
23.25	7
23.5	7.25
23.25	7.25
23.25	7.5
23.5	7.75
23.25	7.75
23.25	8
23.5	8.25
23.25	8.25
23.25	8.5
23.5	8.75
23.25	8.75
23.25	9
23.5	9.25
23.25	9.25
23.25	9.5
23.5	9.75
23.25	9.75
23.25	10
23.5	10.25
23.25	10.25
23.25	10.5
23.5	10.75
23.25	10.75
24	0.25
23.75	0.25
23.75	0.5
24	0.75
23.75	0.75
23.75	1
24	1.25
23.75	1.25
23.75	1.5
24	1.75
23.75	1.75
23.75	2
24	2.25
23.75	2.25
23.75	2.5
24	2.75
23.75	2.75
23.75	3
24	3.25
23.75	3.25
23.75	3.5
24	3.75
23.75	3.75
23.75	4
24	4.25
23.75	4.25
23.75	4.5
24	4.75
23.75	4.75
23.75	5
24	5.25
23.75	5.25
23.75	5.5
24	5.75
23.75	5.75
23.75	6
24	6.25
23.75	6.25
23.75	6.5
24	6.75
23.75	6.75
23.75	7
24	7.25
23.75	7.25
23.75	7.5
24	7.75
23.75	7.75
23.75	8
24	8.25
23.75	8.25
23.75	8.5
24	8.75
23.75	8.75
23.75	9
24	9.25
23.75	9.25
23.75	9.5
24	9.75
23.75	9.75
23.75	10
24	10.25
23.75	10.25
23.75	10.5
24	10.75
23.75	10.75
24.5	0.25
24.25	0.25
24.25	0.5
24.5	0.75
24.25	0.75
24.25	1
24.5	1.25
24.25	1.25
24.25	1.5
24.5	1.75
24.25	1.75
24.25	2
24.5	2.25
24.25	2.25
24.25	2.5
24.5	2.75
24.25	2.75
24.25	3
24.5	3.25
24.25	3.25
24.25	3.5
24.5	3.75
24.25	3.75
24.25	4
24.5	4.25
24.25	4.25
24.25	4.5
24.5	4.75
24.25	4.75
24.25	5
24.5	5.25
24.25	5.25
24.25	5.5
24.5	5.75
24.25	5.75
24.25	6
24.5	6.25
24.25	6.25
24.25	6.5
24.5	6.75
24.25	6.75
24.25	7
24.5	7.25
24.25	7.25
24.25	7.5
24.5	7.75
24.25	7.75
24.25	8
24.5	8.25
24.25	8.25
24.25	8.5
24.5	8.75
24.25	8.75
24.25	9
24.5	9.25
24.25	9.25
24.25	9.5
24.5	9.75
24.25	9.75
24.25	10
24.5	10.25
24.25	10.25
24.25	10.5
24.5	10.75
24.25	10.75
25	0.25
24.75	0.25
24.75	0.5
25	0.75
24.75	0.75
24.75	1
25	1.25
24.75	1.25
24.75	1.5
25	1.75
24.75	1.75
24.75	2
25	2.25
24.75	2.25
24.75	2.5
25	2.75
24.75	2.75
24.75	3
25	3.25
24.75	3.25
24.75	3.5
25	3.75
24.75	3.75
24.75	4
25	4.25
24.75	4.25
24.75	4.5
25	4.75
24.75	4.75
24.75	5
25	5.25
24.75	5.25
24.75	5.5
25	5.75
24.75	5.75
24.75	6
25	6.25
24.75	6.25
24.75	6.5
25	6.75
24.75	6.75
24.75	7
25	7.25
24.75	7.25
24.75	7.5
25	7.75
24.75	7.75
24.75	8
25	8.25
24.75	8.25
24.75	8.5
25	8.75
24.75	8.75
24.75	9
25	9.25
24.75	9.25
24.75	9.5
25	9.75
24.75	9.75
24.75	10
25	10.25
24.75	10.25
24.75	10.5
25	10.75
24.75	10.75
25.5	0.25
25.25	0.25
25.25	0.5
25.5	0.75
25.25	0.75
25.25	1
25.5	1.25
25.25	1.25
25.25	1.5
25.5	1.75
25.25	1.75
25.25	2
25.5	2.25
25.25	2.25
25.25	2.5
25.5	2.75
25.25	2.75
25.25	3
25.5	3.25
25.25	3.25
25.25	3.5
25.5	3.75
25.25	3.75
25.25	4
25.5	4.25
25.25	4.25
25.25	4.5
25.5	4.75
25.25	4.75
25.25	5
25.5	5.25
25.25	5.25
25.25	5.5
25.5	5.75
25.25	5.75
25.25	6
25.5	6.25
25.25	6.25
25.25	6.5
25.5	6.75
25.25	6.75
25.25	7
25.5	7.25
25.25	7.25
25.25	7.5
25.5	7.75
25.25	7.75
25.25	8
25.5	8.25
25.25	8.25
25.25	8.5
25.5	8.75
25.25	8.75
25.25	9
25.5	9.25
25.25	9.25
25.25	9.5
25.5	9.75
25.25	9.75
25.25	10
25.5	10.25
25.25	10.25
25.25	10.5
25.5	10.75
25.25	10.75
26	0.25
25.75	0.25
25.75	0.5
26	0.75
25.75	0.75
25.75	1
26	1.25
25.75	1.25
25.75	1.5
26	1.75
25.75	1.75
25.75	2
26	2.25
25.75	2.25
25.75	2.5
26	2.75
25.75	2.75
25.75	3
26	3.25
25.75	3.25
25.75	3.5
26	3.75
25.75	3.75
25.75	4
26	4.25
25.75	4.25
25.75	4.5
26	4.75
25.75	4.75
25.75	5
26	5.25
25.75	5.25
25.75	5.5
26	5.75
25.75	5.75
25.75	6
26	6.25
25.75	6.25
25.75	6.5
26	6.75
25.75	6.75
25.75	7
26	7.25
25.75	7.25
25.75	7.5
26	7.75
25.75	7.75
25.75	8
26	8.25
25.75	8.25
25.75	8.5
26	8.75
25.75	8.75
25.75	9
26	9.25
25.75	9.25
25.75	9.5
26	9.75
25.75	9.75
25.75	10
26	10.25
25.75	10.25
25.75	10.5
26	10.75
25.75	10.75
26.5	0.25
26.25	0.25
26.25	0.5
26.5	0.75
26.25	0.75
26.25	1
26.5	1.25
26.25	1.25
26.25	1.5
26.5	1.75
26.25	1.75
26.25	2
26.5	2.25
26.25	2.25
26.25	2.5
26.5	2.75
26.25	2.75
26.25	3
26.5	3.25
26.25	3.25
26.25	3.5
26.5	3.75
26.25	3.75
26.25	4
26.5	4.25
26.25	4.25
26.25	4.5
26.5	4.75
26.25	4.75
26.25	5
26.5	5.25
26.25	5.25
26.25	5.5
26.5	5.75
26.25	5.75
26.25	6
26.5	6.25
26.25	6.25
26.25	6.5
26.5	6.75
26.25	6.75
26.25	7
26.5	7.25
26.25	7.25
26.25	7.5
26.5	7.75
26.25	7.75
26.25	8
26.5	8.25
26.25	8.25
26.25	8.5
26.5	8.75
26.25	8.75
26.25	9
26.5	9.25
26.25	9.25
26.25	9.5
26.5	9.75
26.25	9.75
26.25	10
26.5	10.25
26.25	10.25
26.25	10.5
26.5	10.75
26.25	10.75
27	0.25
26.75	0.25
26.75	0.5
27	0.75
26.75	0.75
26.75	1
27	1.25
26.75	1.25
26.75	1.5
27	1.75
26.75	1.75
26.75	2
27	2.25
26.75	2.25
26.75	2.5
27	2.75
26.75	2.75
26.75	3
27	3.25
26.75	3.25
26.75	3.5
27	3.75
26.75	3.75
26.75	4
27	4.25
26.75	4.25
26.75	4.5
27	4.75
26.75	4.75
26.75	5
27	5.25
26.75	5.25
26.75	5.5
27	5.75
26.75	5.75
26.75	6
27	6.25
26.75	6.25
26.75	6.5
27	6.75
26.75	6.75
26.75	7
27	7.25
26.75	7.25
26.75	7.5
27	7.75
26.75	7.75
26.75	8
27	8.25
26.75	8.25
26.75	8.5
27	8.75
26.75	8.75
26.75	9
27	9.25
26.75	9.25
26.75	9.5
27	9.75
26.75	9.75
26.75	10
27	10.25
26.75	10.25
26.75	10.5
27	10.75
26.75	10.75
27.5	0.25
27.25	0.25
27.25	0.5
27.5	0.75
27.25	0.75
27.25	1
27.5	1.25
27.25	1.25
27.25	1.5
27.5	1.75
27.25	1.75
27.25	2
27.5	2.25
27.25	2.25
27.25	2.5
27.5	2.75
27.25	2.75
27.25	3
27.5	3.25
27.25	3.25
27.25	3.5
27.5	3.75
27.25	3.75
27.25	4
27.5	4.25
27.25	4.25
27.25	4.5
27.5	4.75
27.25	4.75
27.25	5
27.5	5.25
27.25	5.25
27.25	5.5
27.5	5.75
27.25	5.75
27.25	6
27.5	6.25
27.25	6.25
27.25	6.5
27.5	6.75
27.25	6.75
27.25	7
27.5	7.25
27.25	7.25
27.25	7.5
27.5	7.75
27.25	7.75
27.25	8
27.5	8.25
27.25	8.25
27.25	8.5
27.5	8.75
27.25	8.75
27.25	9
27.5	9.25
27.25	9.25
27.25	9.5
27.5	9.75
27.25	9.75
27.25	10
27.5	10.25
27.25	10.25
27.25	10.5
27.5	10.75
27.25	10.75
28	0.25
27.75	0.25
27.75	0.5
28	0.75
27.75	0.75
27.75	1
28	1.25
27.75	1.25
27.75	1.5
28	1.75
27.75	1.75
27.75	2
28	2.25
27.75	2.25
27.75	2.5
28	2.75
27.75	2.75
27.75	3
28	3.25
27.75	3.25
27.75	3.5
28	3.75
27.75	3.75
27.75	4
28	4.25
27.75	4.25
27.75	4.5
28	4.75
27.75	4.75
27.75	5
28	5.25
27.75	5.25
27.75	5.5
28	5.75
27.75	5.75
27.75	6
28	6.25
27.75	6.25
27.75	6.5
28	6.75
27.75	6.75
27.75	7
28	7.25
27.75	7.25
27.75	7.5
28	7.75
27.75	7.75
27.75	8
28	8.25
27.75	8.25
27.75	8.5
28	8.75
27.75	8.75
27.75	9
28	9.25
27.75	9.25
27.75	9.5
28	9.75
27.75	9.75
27.75	10
28	10.25
27.75	10.25
27.75	10.5
28	10.75
27.75	10.75
28.5	0.25
28.25	0.25
28.25	0.5
28.5	0.75
28.25	0.75
28.25	1
28.5	1.25
28.25	1.25
28.25	1.5
28.5	1.75
28.25	1.75
28.25	2
28.5	2.25
28.25	2.25
28.25	2.5
28.5	2.75
28.25	2.75
28.25	3
28.5	3.25
28.25	3.25
28.25	3.5
28.5	3.75
28.25	3.75
28.25	4
28.5	4.25
28.25	4.25
28.25	4.5
28.5	4.75
28.25	4.75
28.25	5
28.5	5.25
28.25	5.25
28.25	5.5
28.5	5.75
28.25	5.75
28.25	6
28.5	6.25
28.25	6.25
28.25	6.5
28.5	6.75
28.25	6.75
28.25	7
28.5	7.25
28.25	7.25
28.25	7.5
28.5	7.75
28.25	7.75
28.25	8
28.5	8.25
28.25	8.25
28.25	8.5
28.5	8.75
28.25	8.75
28.25	9
28.5	9.25
28.25	9.25
28.25	9.5
28.5	9.75
28.25	9.75
28.25	10
28.5	10.25
28.25	10.25
28.25	10.5
28.5	10.75
28.25	10.75
29	0.25
28.75	0.25
28.75	0.5
29	0.75
28.75	0.75
28.75	1
29	1.25
28.75	1.25
28.75	1.5
29	1.75
28.75	1.75
28.75	2
29	2.25
28.75	2.25
28.75	2.5
29	2.75
28.75	2.75
28.75	3
29	3.25
28.75	3.25
28.75	3.5
29	3.75
28.75	3.75
28.75	4
29	4.25
28.75	4.25
28.75	4.5
29	4.75
28.75	4.75
28.75	5
29	5.25
28.75	5.25
28.75	5.5
29	5.75
28.75	5.75
28.75	6
29	6.25
28.75	6.25
28.75	6.5
29	6.75
28.75	6.75
28.75	7
29	7.25
28.75	7.25
28.75	7.5
29	7.75
28.75	7.75
28.75	8
29	8.25
28.75	8.25
28.75	8.5
29	8.75
28.75	8.75
28.75	9
29	9.25
28.75	9.25
28.75	9.5
29	9.75
28.75	9.75
28.75	10
29	10.25
28.75	10.25
28.75	10.5
29	10.75
28.75	10.75
29.5	0.25
29.25	0.25
29.25	0.5
29.5	0.75
29.25	0.75
29.25	1
29.5	1.25
29.25	1.25
29.25	1.5
29.5	1.75
29.25	1.75
29.25	2
29.5	2.25
29.25	2.25
29.25	2.5
29.5	2.75
29.25	2.75
29.25	3
29.5	3.25
29.25	3.25
29.25	3.5
29.5	3.75
29.25	3.75
29.25	4
29.5	4.25
29.25	4.25
29.25	4.5
29.5	4.75
29.25	4.75
29.25	5
29.5	5.25
29.25	5.25
29.25	5.5
29.5	5.75
29.25	5.75
29.25	6
29.5	6.25
29.25	6.25
29.25	6.5
29.5	6.75
29.25	6.75
29.25	7
29.5	7.25
29.25	7.25
29.25	7.5
29.5	7.75
29.25	7.75
29.25	8
29.5	8.25
29.25	8.25
29.25	8.5
29.5	8.75
29.25	8.75
29.25	9
29.5	9.25
29.25	9.25
29.25	9.5
29.5	9.75
29.25	9.75
29.25	10
29.5	10.25
29.25	10.25
29.25	10.5
29.5	10.75
29.25	10.75
30	0.25
29.75	0.25
29.75	0.5
30	0.75
29.75	0.75
29.75	1
30	1.25
29.75	1.25
29.75	1.5
30	1.75
29.75	1.75
29.75	2
30	2.25
29.75	2.25
29.75	2.5
30	2.75
29.75	2.75
29.75	3
30	3.25
29.75	3.25
29.75	3.5
30	3.75
29.75	3.75
29.75	4
30	4.25
29.75	4.25
29.75	4.5
30	4.75
29.75	4.75
29.75	5
30	5.25
29.75	5.25
29.75	5.5
30	5.75
29.75	5.75
29.75	6
30	6.25
29.75	6.25
29.75	6.5
30	6.75
29.75	6.75
29.75	7
30	7.25
29.75	7.25
29.75	7.5
30	7.75
29.75	7.75
29.75	8
30	8.25
29.75	8.25
29.75	8.5
30	8.75
29.75	8.75
29.75	9
30	9.25
29.75	9.25
29.75	9.5
30	9.75
29.75	9.75
29.75	10
30	10.25
29.75	10.25
29.75	10.5
30	10.75
29.75	10.75
30.5	0.25
30.25	0.25
30.25	0.5
30.5	0.75
30.25	0.75
30.25	1
30.5	1.25
30.25	1.25
30.25	1.5
30.5	1.75
30.25	1.75
30.25	2
30.5	2.25
30.25	2.25
30.25	2.5
30.5	2.75
30.25	2.75
30.25	3
30.5	3.25
30.25	3.25
30.25	3.5
30.5	3.75
30.25	3.75
30.25	4
30.5	4.25
30.25	4.25
30.25	4.5
30.5	4.75
30.25	4.75
30.25	5
30.5	5.25
30.25	5.25
30.25	5.5
30.5	5.75
30.25	5.75
30.25	6
30.5	6.25
30.25	6.25
30.25	6.5
30.5	6.75
30.25	6.75
30.25	7
30.5	7.25
30.25	7.25
30.25	7.5
30.5	7.75
30.25	7.75
30.25	8
30.5	8.25
30.25	8.25
30.25	8.5
30.5	8.75
30.25	8.75
30.25	9
30.5	9.25
30.25	9.25
30.25	9.5
30.5	9.75
30.25	9.75
30.25	10
30.5	10.25
30.25	10.25
30.25	10.5
30.5	10.75
30.25	10.75
31	0.25
30.75	0.25
30.75	0.5
31	0.75
30.75	0.75
30.75	1
31	1.25
30.75	1.25
30.75	1.5
31	1.75
30.75	1.75
30.75	2
31	2.25
30.75	2.25
30.75	2.5
31	2.75
30.75	2.75
30.75	3
31	3.25
30.75	3.25
30.75	3.5
31	3.75
30.75	3.75
30.75	4
31	4.25
30.75	4.25
30.75	4.5
31	4.75
30.75	4.75
30.75	5
31	5.25
30.75	5.25
30.75	5.5
31	5.75
30.75	5.75
30.75	6
31	6.25
30.75	6.25
30.75	6.5
31	6.75
30.75	6.75
30.75	7
31	7.25
30.75	7.25
30.75	7.5
31	7.75
30.75	7.75
30.75	8
31	8.25
30.75	8.25
30.75	8.5
31	8.75
30.75	8.75
30.75	9
31	9.25
30.75	9.25
30.75	9.5
31	9.75
30.75	9.75
30.75	10
31	10.25
30.75	10.25
30.75	10.5
31	10.75
30.75	10.75
31.5	0.25
31.25	0.25
31.25	0.5
31.5	0.75
31.25	0.75
31.25	1
31.5	1.25
31.25	1.25
31.25	1.5
31.5	1.75
31.25	1.75
31.25	2
31.5	2.25
31.25	2.25
31.25	2.5
31.5	2.75
31.25	2.75
31.25	3
31.5	3.25
31.25	3.25
31.25	3.5
31.5	3.75
31.25	3.75
31.25	4
31.5	4.25
31.25	4.25
31.25	4.5
31.5	4.75
31.25	4.75
31.25	5
31.5	5.25
31.25	5.25
31.25	5.5
31.5	5.75
31.25	5.75
31.25	6
31.5	6.25
31.25	6.25
31.25	6.5
31.5	6.75
31.25	6.75
31.25	7
31.5	7.25
31.25	7.25
31.25	7.5
31.5	7.75
31.25	7.75
31.25	8
31.5	8.25
31.25	8.25
31.25	8.5
31.5	8.75
31.25	8.75
31.25	9
31.5	9.25
31.25	9.25
31.25	9.5
31.5	9.75
31.25	9.75
31.25	10
31.5	10.25
31.25	10.25
31.25	10.5
31.5	10.75
31.25	10.75
32	0.25
31.75	0.25
31.75	0.5
32	0.75
31.75	0.75
31.75	1
32	1.25
31.75	1.25
31.75	1.5
32	1.75
31.75	1.75
31.75	2
32	2.25
31.75	2.25
31.75	2.5
32	2.75
31.75	2.75
31.75	3
32	3.25
31.75	3.25
31.75	3.5
32	3.75
31.75	3.75
31.75	4
32	4.25
31.75	4.25
31.75	4.5
32	4.75
31.75	4.75
31.75	5
32	5.25
31.75	5.25
31.75	5.5
32	5.75
31.75	5.75
31.75	6
32	6.25
31.75	6.25
31.75	6.5
32	6.75
31.75	6.75
31.75	7
32	7.25
31.75	7.25
31.75	7.5
32	7.75
31.75	7.75
31.75	8
32	8.25
31.75	8.25
31.75	8.5
32	8.75
31.75	8.75
31.75	9
32	9.25
31.75	9.25
31.75	9.5
32	9.75
31.75	9.75
31.75	10
32	10.25
31.75	10.25
31.75	10.5
32	10.75
31.75	10.75
32.5	0.25
32.25	0.25
32.25	0.5
32.5	0.75
32.25	0.75
32.25	1
32.5	1.25
32.25	1.25
32.25	1.5
32.5	1.75
32.25	1.75
32.25	2
32.5	2.25
32.25	2.25
32.25	2.5
32.5	2.75
32.25	2.75
32.25	3
32.5	3.25
32.25	3.25
32.25	3.5
32.5	3.75
32.25	3.75
32.25	4
32.5	4.25
32.25	4.25
32.25	4.5
32.5	4.75
32.25	4.75
32.25	5
32.5	5.25
32.25	5.25
32.25	5.5
32.5	5.75
32.25	5.75
32.25	6
32.5	6.25
32.25	6.25
32.25	6.5
32.5	6.75
32.25	6.75
32.25	7
32.5	7.25
32.25	7.25
32.25	7.5
32.5	7.75
32.25	7.75
32.25	8
32.5	8.25
32.25	8.25
32.25	8.5
32.5	8.75
32.25	8.75
32.25	9
32.5	9.25
32.25	9.25
32.25	9.5
32.5	9.75
32.25	9.75
32.25	10
32.5	10.25
32.25	10.25
32.25	10.5
32.5	10.75
32.25	10.75
33	0.25
32.75	0.25
32.75	0.5
33	0.75
32.75	0.75
32.75	1
33	1.25
32.75	1.25
32.75	1.5
33	1.75
32.75	1.75
32.75	2
33	2.25
32.75	2.25
32.75	2.5
33	2.75
32.75	2.75
32.75	3
33	3.25
32.75	3.25
32.75	3.5
33	3.75
32.75	3.75
32.75	4
33	4.25
32.75	4.25
32.75	4.5
33	4.75
32.75	4.75
32.75	5
33	5.25
32.75	5.25
32.75	5.5
33	5.75
32.75	5.75
32.75	6
33	6.25
32.75	6.25
32.75	6.5
33	6.75
32.75	6.75
32.75	7
33	7.25
32.75	7.25
32.75	7.5
33	7.75
32.75	7.75
32.75	8
33	8.25
32.75	8.25
32.75	8.5
33	8.75
32.75	8.75
32.75	9
33	9.25
32.75	9.25
32.75	9.5
33	9.75
32.75	9.75
32.75	10
33	10.25
32.75	10.25
32.75	10.5
33	10.75
32.75	10.75
33.5	0.25
33.25	0.25
33.25	0.5
33.5	0.75
33.25	0.75
33.25	1
33.5	1.25
33.25	1.25
33.25	1.5
33.5	1.75
33.25	1.75
33.25	2
33.5	2.25
33.25	2.25
33.25	2.5
33.5	2.75
33.25	2.75
33.25	3
33.5	3.25
33.25	3.25
33.25	3.5
33.5	3.75
33.25	3.75
33.25	4
33.5	4.25
33.25	4.25
33.25	4.5
33.5	4.75
33.25	4.75
33.25	5
33.5	5.25
33.25	5.25
33.25	5.5
33.5	5.75
33.25	5.75
33.25	6
33.5	6.25
33.25	6.25
33.25	6.5
33.5	6.75
33.25	6.75
33.25	7
33.5	7.25
33.25	7.25
33.25	7.5
33.5	7.75
33.25	7.75
33.25	8
33.5	8.25
33.25	8.25
33.25	8.5
33.5	8.75
33.25	8.75
33.25	9
33.5	9.25
33.25	9.25
33.25	9.5
33.5	9.75
33.25	9.75
33.25	10
33.5	10.25
33.25	10.25
33.25	10.5
33.5	10.75
33.25	10.75
34	0.25
33.75	0.25
33.75	0.5
34	0.75
33.75	0.75
33.75	1
34	1.25
33.75	1.25
33.75	1.5
34	1.75
33.75	1.75
33.75	2
34	2.25
33.75	2.25
33.75	2.5
34	2.75
33.75	2.75
33.75	3
34	3.25
33.75	3.25
33.75	3.5
34	3.75
33.75	3.75
33.75	4
34	4.25
33.75	4.25
33.75	4.5
34	4.75
33.75	4.75
33.75	5
34	5.25
33.75	5.25
33.75	5.5
34	5.75
33.75	5.75
33.75	6
34	6.25
33.75	6.25
33.75	6.5
34	6.75
33.75	6.75
33.75	7
34	7.25
33.75	7.25
33.75	7.5
34	7.75
33.75	7.75
33.75	8
34	8.25
33.75	8.25
33.75	8.5
34	8.75
33.75	8.75
33.75	9
34	9.25
33.75	9.25
33.75	9.5
34	9.75
33.75	9.75
33.75	10
34	10.25
33.75	10.25
33.75	10.5
34	10.75
33.75	10.75
34.5	0.25
34.25	0.25
34.25	0.5
34.5	0.75
34.25	0.75
34.25	1
34.5	1.25
34.25	1.25
34.25	1.5
34.5	1.75
34.25	1.75
34.25	2
34.5	2.25
34.25	2.25
34.25	2.5
34.5	2.75
34.25	2.75
34.25	3
34.5	3.25
34.25	3.25
34.25	3.5
34.5	3.75
34.25	3.75
34.25	4
34.5	4.25
34.25	4.25
34.25	4.5
34.5	4.75
34.25	4.75
34.25	5
34.5	5.25
34.25	5.25
34.25	5.5
34.5	5.75
34.25	5.75
34.25	6
34.5	6.25
34.25	6.25
34.25	6.5
34.5	6.75
34.25	6.75
34.25	7
34.5	7.25
34.25	7.25
34.25	7.5
34.5	7.75
34.25	7.75
34.25	8
34.5	8.25
34.25	8.25
34.25	8.5
34.5	8.75
34.25	8.75
34.25	9
34.5	9.25
34.25	9.25
34.25	9.5
34.5	9.75
34.25	9.75
34.25	10
34.5	10.25
34.25	10.25
34.25	10.5
34.5	10.75
34.25	10.75
35	0.25
34.75	0.25
34.75	0.5
35	0.75
34.75	0.75
34.75	1
35	1.25
34.75	1.25
34.75	1.5
35	1.75
34.75	1.75
34.75	2
35	2.25
34.75	2.25
34.75	2.5
35	2.75
34.75	2.75
34.75	3
35	3.25
34.75	3.25
34.75	3.5
35	3.75
34.75	3.75
34.75	4
35	4.25
34.75	4.25
34.75	4.5
35	4.75
34.75	4.75
34.75	5
35	5.25
34.75	5.25
34.75	5.5
35	5.75
34.75	5.75
34.75	6
35	6.25
34.75	6.25
34.75	6.5
35	6.75
34.75	6.75
34.75	7
35	7.25
34.75	7.25
34.75	7.5
35	7.75
34.75	7.75
34.75	8
35	8.25
34.75	8.25
34.75	8.5
35	8.75
34.75	8.75
34.75	9
35	9.25
34.75	9.25
34.75	9.5
35	9.75
34.75	9.75
34.75	10
35	10.25
34.75	10.25
34.75	10.5
35	10.75
34.75	10.75
35.5	0.25
35.25	0.25
35.25	0.5
35.5	0.75
35.25	0.75
35.25	1
35.5	1.25
35.25	1.25
35.25	1.5
35.5	1.75
35.25	1.75
35.25	2
35.5	2.25
35.25	2.25
35.25	2.5
35.5	2.75
35.25	2.75
35.25	3
35.5	3.25
35.25	3.25
35.25	3.5
35.5	3.75
35.25	3.75
35.25	4
35.5	4.25
35.25	4.25
35.25	4.5
35.5	4.75
35.25	4.75
35.25	5
35.5	5.25
35.25	5.25
35.25	5.5
35.5	5.75
35.25	5.75
35.25	6
35.5	6.25
35.25	6.25
35.25	6.5
35.5	6.75
35.25	6.75
35.25	7
35.5	7.25
35.25	7.25
35.25	7.5
35.5	7.75
35.25	7.75
35.25	8
35.5	8.25
35.25	8.25
35.25	8.5
35.5	8.75
35.25	8.75
35.25	9
35.5	9.25
35.25	9.25
35.25	9.5
35.5	9.75
35.25	9.75
35.25	10
35.5	10.25
35.25	10.25
35.25	10.5
35.5	10.75
35.25	10.75
36	0.25
35.75	0.25
35.75	0.5
36	0.75
35.75	0.75
35.75	1
36	1.25
35.75	1.25
35.75	1.5
36	1.75
35.75	1.75
35.75	2
36	2.25
35.75	2.25
35.75	2.5
36	2.75
35.75	2.75
35.75	3
36	3.25
35.75	3.25
35.75	3.5
36	3.75
35.75	3.75
35.75	4
36	4.25
35.75	4.25
35.75	4.5
36	4.75
35.75	4.75
35.75	5
36	5.25
35.75	5.25
35.75	5.5
36	5.75
35.75	5.75
35.75	6
36	6.25
35.75	6.25
35.75	6.5
36	6.75
35.75	6.75
35.75	7
36	7.25
35.75	7.25
35.75	7.5
36	7.75
35.75	7.75
35.75	8
36	8.25
35.75	8.25
35.75	8.5
36	8.75
35.75	8.75
35.75	9
36	9.25
35.75	9.25
35.75	9.5
36	9.75
35.75	9.75
35.75	10
36	10.25
35.75	10.25
35.75	10.5
36	10.75
35.75	10.75
36.5	0.25
36.25	0.25
36.25	0.5
36.5	0.75
36.25	0.75
36.25	1
36.5	1.25
36.25	1.25
36.25	1.5
36.5	1.75
36.25	1.75
36.25	2
36.5	2.25
36.25	2.25
36.25	2.5
36.5	2.75
36.25	2.75
36.25	3
36.5	3.25
36.25	3.25
36.25	3.5
36.5	3.75
36.25	3.75
36.25	4
36.5	4.25
36.25	4.25
36.25	4.5
36.5	4.75
36.25	4.75
36.25	5
36.5	5.25
36.25	5.25
36.25	5.5
36.5	5.75
36.25	5.75
36.25	6
36.5	6.25
36.25	6.25
36.25	6.5
36.5	6.75
36.25	6.75
36.25	7
36.5	7.25
36.25	7.25
36.25	7.5
36.5	7.75
36.25	7.75
36.25	8
36.5	8.25
36.25	8.25
36.25	8.5
36.5	8.75
36.25	8.75
36.25	9
36.5	9.25
36.25	9.25
36.25	9.5
36.5	9.75
36.25	9.75
36.25	10
36.5	10.25
36.25	10.25
36.25	10.5
36.5	10.75
36.25	10.75
37	0.25
36.75	0.25
36.75	0.5
37	0.75
36.75	0.75
36.75	1
37	1.25
36.75	1.25
36.75	1.5
37	1.75
36.75	1.75
36.75	2
37	2.25
36.75	2.25
36.75	2.5
37	2.75
36.75	2.75
36.75	3
37	3.25
36.75	3.25
36.75	3.5
37	3.75
36.75	3.75
36.75	4
37	4.25
36.75	4.25
36.75	4.5
37	4.75
36.75	4.75
36.75	5
37	5.25
36.75	5.25
36.75	5.5
37	5.75
36.75	5.75
36.75	6
37	6.25
36.75	6.25
36.75	6.5
37	6.75
36.75	6.75
36.75	7
37	7.25
36.75	7.25
36.75	7.5
37	7.75
36.75	7.75
36.75	8
37	8.25
36.75	8.25
36.75	8.5
37	8.75
36.75	8.75
36.75	9
37	9.25
36.75	9.25
36.75	9.5
37	9.75
36.75	9.75
36.75	10
37	10.25
36.75	10.25
36.75	10.5
37	10.75
36.75	10.75
37.5	0.25
37.25	0.25
37.25	0.5
37.5	0.75
37.25	0.75
37.25	1
37.5	1.25
37.25	1.25
37.25	1.5
37.5	1.75
37.25	1.75
37.25	2
37.5	2.25
37.25	2.25
37.25	2.5
37.5	2.75
37.25	2.75
37.25	3
37.5	3.25
37.25	3.25
37.25	3.5
37.5	3.75
37.25	3.75
37.25	4
37.5	4.25
37.25	4.25
37.25	4.5
37.5	4.75
37.25	4.75
37.25	5
37.5	5.25
37.25	5.25
37.25	5.5
37.5	5.75
37.25	5.75
37.25	6
37.5	6.25
37.25	6.25
37.25	6.5
37.5	6.75
37.25	6.75
37.25	7
37.5	7.25
37.25	7.25
37.25	7.5
37.5	7.75
37.25	7.75
37.25	8
37.5	8.25
37.25	8.25
37.25	8.5
37.5	8.75
37.25	8.75
37.25	9
37.5	9.25
37.25	9.25
37.25	9.5
37.5	9.75
37.25	9.75
37.25	10
37.5	10.25
37.25	10.25
37.25	10.5
37.5	10.75
37.25	10.75
38	0.25
37.75	0.25
37.75	0.5
38	0.75
37.75	0.75
37.75	1
38	1.25
37.75	1.25
37.75	1.5
38	1.75
37.75	1.75
37.75	2
38	2.25
37.75	2.25
37.75	2.5
38	2.75
37.75	2.75
37.75	3
38	3.25
37.75	3.25
37.75	3.5
38	3.75
37.75	3.75
37.75	4
38	4.25
37.75	4.25
37.75	4.5
38	4.75
37.75	4.75
37.75	5
38	5.25
37.75	5.25
37.75	5.5
38	5.75
37.75	5.75
37.75	6
38	6.25
37.75	6.25
37.75	6.5
38	6.75
37.75	6.75
37.75	7
38	7.25
37.75	7.25
37.75	7.5
38	7.75
37.75	7.75
37.75	8
38	8.25
37.75	8.25
37.75	8.5
38	8.75
37.75	8.75
37.75	9
38	9.25
37.75	9.25
37.75	9.5
38	9.75
37.75	9.75
37.75	10
38	10.25
37.75	10.25
37.75	10.5
38	10.75
37.75	10.75
38.5	0.25
38.25	0.25
38.25	0.5
38.5	0.75
38.25	0.75
38.25	1
38.5	1.25
38.25	1.25
38.25	1.5
38.5	1.75
38.25	1.75
38.25	2
38.5	2.25
38.25	2.25
38.25	2.5
38.5	2.75
38.25	2.75
38.25	3
38.5	3.25
38.25	3.25
38.25	3.5
38.5	3.75
38.25	3.75
38.25	4
38.5	4.25
38.25	4.25
38.25	4.5
38.5	4.75
38.25	4.75
38.25	5
38.5	5.25
38.25	5.25
38.25	5.5
38.5	5.75
38.25	5.75
38.25	6
38.5	6.25
38.25	6.25
38.25	6.5
38.5	6.75
38.25	6.75
38.25	7
38.5	7.25
38.25	7.25
38.25	7.5
38.5	7.75
38.25	7.75
38.25	8
38.5	8.25
38.25	8.25
38.25	8.5
38.5	8.75
38.25	8.75
38.25	9
38.5	9.25
38.25	9.25
38.25	9.5
38.5	9.75
38.25	9.75
38.25	10
38.5	10.25
38.25	10.25
38.25	10.5
38.5	10.75
38.25	10.75
39	0.25
38.75	0.25
38.75	0.5
39	0.75
38.75	0.75
38.75	1
39	1.25
38.75	1.25
38.75	1.5
39	1.75
38.75	1.75
38.75	2
39	2.25
38.75	2.25
38.75	2.5
39	2.75
38.75	2.75
38.75	3
39	3.25
38.75	3.25
38.75	3.5
39	3.75
38.75	3.75
38.75	4
39	4.25
38.75	4.25
38.75	4.5
39	4.75
38.75	4.75
38.75	5
39	5.25
38.75	5.25
38.75	5.5
39	5.75
38.75	5.75
38.75	6
39	6.25
38.75	6.25
38.75	6.5
39	6.75
38.75	6.75
38.75	7
39	7.25
38.75	7.25
38.75	7.5
39	7.75
38.75	7.75
38.75	8
39	8.25
38.75	8.25
38.75	8.5
39	8.75
38.75	8.75
38.75	9
39	9.25
38.75	9.25
38.75	9.5
39	9.75
38.75	9.75
38.75	10
39	10.25
38.75	10.25
38.75	10.5
39	10.75
38.75	10.75
39.5	0.25
39.25	0.25
39.25	0.5
39.5	0.75
39.25	0.75
39.25	1
39.5	1.25
39.25	1.25
39.25	1.5
39.5	1.75
39.25	1.75
39.25	2
39.5	2.25
39.25	2.25
39.25	2.5
39.5	2.75
39.25	2.75
39.25	3
39.5	3.25
39.25	3.25
39.25	3.5
39.5	3.75
39.25	3.75
39.25	4
39.5	4.25
39.25	4.25
39.25	4.5
39.5	4.75
39.25	4.75
39.25	5
39.5	5.25
39.25	5.25
39.25	5.5
39.5	5.75
39.25	5.75
39.25	6
39.5	6.25
39.25	6.25
39.25	6.5
39.5	6.75
39.25	6.75
39.25	7
39.5	7.25
39.25	7.25
39.25	7.5
39.5	7.75
39.25	7.75
39.25	8
39.5	8.25
39.25	8.25
39.25	8.5
39.5	8.75
39.25	8.75
39.25	9
39.5	9.25
39.25	9.25
39.25	9.5
39.5	9.75
39.25	9.75
39.25	10
39.5	10.25
39.25	10.25
39.25	10.5
39.5	10.75
39.25	10.75
40	0.25
39.75	0.25
39.75	0.5
40	0.75
39.75	0.75
39.75	1
40	1.25
39.75	1.25
39.75	1.5
40	1.75
39.75	1.75
39.75	2
40	2.25
39.75	2.25
39.75	2.5
40	2.75
39.75	2.75
39.75	3
40	3.25
39.75	3.25
39.75	3.5
40	3.75
39.75	3.75
39.75	4
40	4.25
39.75	4.25
39.75	4.5
40	4.75
39.75	4.75
39.75	5
40	5.25
39.75	5.25
39.75	5.5
40	5.75
39.75	5.75
39.75	6
40	6.25
39.75	6.25
39.75	6.5
40	6.75
39.75	6.75
39.75	7
40	7.25
39.75	7.25
39.75	7.5
40	7.75
39.75	7.75
39.75	8
40	8.25
39.75	8.25
39.75	8.5
40	8.75
39.75	8.75
39.75	9
40	9.25
39.75	9.25
39.75	9.5
40	9.75
39.75	9.75
39.75	10
40	10.25
39.75	10.25
39.75	10.5
40	10.75
39.75	10.75
40.5	0.25
40.25	0.25
40.25	0.5
40.5	0.75
40.25	0.75
40.25	1
40.5	1.25
40.25	1.25
40.25	1.5
40.5	1.75
40.25	1.75
40.25	2
40.5	2.25
40.25	2.25
40.25	2.5
40.5	2.75
40.25	2.75
40.25	3
40.5	3.25
40.25	3.25
40.25	3.5
40.5	3.75
40.25	3.75
40.25	4
40.5	4.25
40.25	4.25
40.25	4.5
40.5	4.75
40.25	4.75
40.25	5
40.5	5.25
40.25	5.25
40.25	5.5
40.5	5.75
40.25	5.75
40.25	6
40.5	6.25
40.25	6.25
40.25	6.5
40.5	6.75
40.25	6.75
40.25	7
40.5	7.25
40.25	7.25
40.25	7.5
40.5	7.75
40.25	7.75
40.25	8
40.5	8.25
40.25	8.25
40.25	8.5
40.5	8.75
40.25	8.75
40.25	9
40.5	9.25
40.25	9.25
40.25	9.5
40.5	9.75
40.25	9.75
40.25	10
40.5	10.25
40.25	10.25
40.25	10.5
40.5	10.75
40.25	10.75
41	0.25
40.75	0.25
40.75	0.5
41	0.75
40.75	0.75
40.75	1
41	1.25
40.75	1.25
40.75	1.5
41	1.75
40.75	1.75
40.75	2
41	2.25
40.75	2.25
40.75	2.5
41	2.75
40.75	2.75
40.75	3
41	3.25
40.75	3.25
40.75	3.5
41	3.75
40.75	3.75
40.75	4
41	4.25
40.75	4.25
40.75	4.5
41	4.75
40.75	4.75
40.75	5
41	5.25
40.75	5.25
40.75	5.5
41	5.75
40.75	5.75
40.75	6
41	6.25
40.75	6.25
40.75	6.5
41	6.75
40.75	6.75
40.75	7
41	7.25
40.75	7.25
40.75	7.5
41	7.75
40.75	7.75
40.75	8
41	8.25
40.75	8.25
40.75	8.5
41	8.75
40.75	8.75
40.75	9
41	9.25
40.75	9.25
40.75	9.5
41	9.75
40.75	9.75
40.75	10
41	10.25
40.75	10.25
40.75	10.5
41	10.75
40.75	10.75
41.5	0.25
41.25	0.25
41.25	0.5
41.5	0.75
41.25	0.75
41.25	1
41.5	1.25
41.25	1.25
41.25	1.5
41.5	1.75
41.25	1.75
41.25	2
41.5	2.25
41.25	2.25
41.25	2.5
41.5	2.75
41.25	2.75
41.25	3
41.5	3.25
41.25	3.25
41.25	3.5
41.5	3.75
41.25	3.75
41.25	4
41.5	4.25
41.25	4.25
41.25	4.5
41.5	4.75
41.25	4.75
41.25	5
41.5	5.25
41.25	5.25
41.25	5.5
41.5	5.75
41.25	5.75
41.25	6
41.5	6.25
41.25	6.25
41.25	6.5
41.5	6.75
41.25	6.75
41.25	7
41.5	7.25
41.25	7.25
41.25	7.5
41.5	7.75
41.25	7.75
41.25	8
41.5	8.25
41.25	8.25
41.25	8.5
41.5	8.75
41.25	8.75
41.25	9
41.5	9.25
41.25	9.25
41.25	9.5
41.5	9.75
41.25	9.75
41.25	10
41.5	10.25
41.25	10.25
41.25	10.5
41.5	10.75
41.25	10.75
42	0.25
41.75	0.25
41.75	0.5
42	0.75
41.75	0.75
41.75	1
42	1.25
41.75	1.25
41.75	1.5
42	1.75
41.75	1.75
41.75	2
42	2.25
41.75	2.25
41.75	2.5
42	2.75
41.75	2.75
41.75	3
42	3.25
41.75	3.25
41.75	3.5
42	3.75
41.75	3.75
41.75	4
42	4.25
41.75	4.25
41.75	4.5
42	4.75
41.75	4.75
41.75	5
42	5.25
41.75	5.25
41.75	5.5
42	5.75
41.75	5.75
41.75	6
42	6.25
41.75	6.25
41.75	6.5
42	6.75
41.75	6.75
41.75	7
42	7.25
41.75	7.25
41.75	7.5
42	7.75
41.75	7.75
41.75	8
42	8.25
41.75	8.25
41.75	8.5
42	8.75
41.75	8.75
41.75	9
42	9.25
41.75	9.25
41.75	9.5
42	9.75
41.75	9.75
41.75	10
42	10.25
41.75	10.25
41.75	10.5
42	10.75
41.75	10.75
42.5	0.25
42.25	0.25
42.25	0.5
42.5	0.75
42.25	0.75
42.25	1
42.5	1.25
42.25	1.25
42.25	1.5
42.5	1.75
42.25	1.75
42.25	2
42.5	2.25
42.25	2.25
42.25	2.5
42.5	2.75
42.25	2.75
42.25	3
42.5	3.25
42.25	3.25
42.25	3.5
42.5	3.75
42.25	3.75
42.25	4
42.5	4.25
42.25	4.25
42.25	4.5
42.5	4.75
42.25	4.75
42.25	5
42.5	5.25
42.25	5.25
42.25	5.5
42.5	5.75
42.25	5.75
42.25	6
42.5	6.25
42.25	6.25
42.25	6.5
42.5	6.75
42.25	6.75
42.25	7
42.5	7.25
42.25	7.25
42.25	7.5
42.5	7.75
42.25	7.75
42.25	8
42.5	8.25
42.25	8.25
42.25	8.5
42.5	8.75
42.25	8.75
42.25	9
42.5	9.25
42.25	9.25
42.25	9.5
42.5	9.75
42.25	9.75
42.25	10
42.5	10.25
42.25	10.25
42.25	10.5
42.5	10.75
42.25	10.75
43	0.25
42.75	0.25
42.75	0.5
43	0.75
42.75	0.75
42.75	1
43	1.25
42.75	1.25
42.75	1.5
43	1.75
42.75	1.75
42.75	2
43	2.25
42.75	2.25
42.75	2.5
43	2.75
42.75	2.75
42.75	3
43	3.25
42.75	3.25
42.75	3.5
43	3.75
42.75	3.75
42.75	4
43	4.25
42.75	4.25
42.75	4.5
43	4.75
42.75	4.75
42.75	5
43	5.25
42.75	5.25
42.75	5.5
43	5.75
42.75	5.75
42.75	6
43	6.25
42.75	6.25
42.75	6.5
43	6.75
42.75	6.75
42.75	7
43	7.25
42.75	7.25
42.75	7.5
43	7.75
42.75	7.75
42.75	8
43	8.25
42.75	8.25
42.75	8.5
43	8.75
42.75	8.75
42.75	9
43	9.25
42.75	9.25
42.75	9.5
43	9.75
42.75	9.75
42.75	10
43	10.25
42.75	10.25
42.75	10.5
43	10.75
42.75	10.75
43.5	0.25
43.25	0.25
43.25	0.5
43.5	0.75
43.25	0.75
43.25	1
43.5	1.25
43.25	1.25
43.25	1.5
43.5	1.75
43.25	1.75
43.25	2
43.5	2.25
43.25	2.25
43.25	2.5
43.5	2.75
43.25	2.75
43.25	3
43.5	3.25
43.25	3.25
43.25	3.5
43.5	3.75
43.25	3.75
43.25	4
43.5	4.25
43.25	4.25
43.25	4.5
43.5	4.75
43.25	4.75
43.25	5
43.5	5.25
43.25	5.25
43.25	5.5
43.5	5.75
43.25	5.75
43.25	6
43.5	6.25
43.25	6.25
43.25	6.5
43.5	6.75
43.25	6.75
43.25	7
43.5	7.25
43.25	7.25
43.25	7.5
43.5	7.75
43.25	7.75
43.25	8
43.5	8.25
43.25	8.25
43.25	8.5
43.5	8.75
43.25	8.75
43.25	9
43.5	9.25
43.25	9.25
43.25	9.5
43.5	9.75
43.25	9.75
43.25	10
43.5	10.25
43.25	10.25
43.25	10.5
43.5	10.75
43.25	10.75
44	0.25
43.75	0.25
43.75	0.5
44	0.75
43.75	0.75
43.75	1
44	1.25
43.75	1.25
43.75	1.5
44	1.75
43.75	1.75
43.75	2
44	2.25
43.75	2.25
43.75	2.5
44	2.75
43.75	2.75
43.75	3
44	3.25
43.75	3.25
43.75	3.5
44	3.75
43.75	3.75
43.75	4
44	4.25
43.75	4.25
43.75	4.5
44	4.75
43.75	4.75
43.75	5
44	5.25
43.75	5.25
43.75	5.5
44	5.75
43.75	5.75
43.75	6
44	6.25
43.75	6.25
43.75	6.5
44	6.75
43.75	6.75
43.75	7
44	7.25
43.75	7.25
43.75	7.5
44	7.75
43.75	7.75
43.75	8
44	8.25
43.75	8.25
43.75	8.5
44	8.75
43.75	8.75
43.75	9
44	9.25
43.75	9.25
43.75	9.5
44	9.75
43.75	9.75
43.75	10
44	10.25
43.75	10.25
43.75	10.5
44	10.75
43.75	10.75
44.5	0.25
44.25	0.25
44.25	0.5
44.5	0.75
44.25	0.75
44.25	1
44.5	1.25
44.25	1.25
44.25	1.5
44.5	1.75
44.25	1.75
44.25	2
44.5	2.25
44.25	2.25
44.25	2.5
44.5	2.75
44.25	2.75
44.25	3
44.5	3.25
44.25	3.25
44.25	3.5
44.5	3.75
44.25	3.75
44.25	4
44.5	4.25
44.25	4.25
44.25	4.5
44.5	4.75
44.25	4.75
44.25	5
44.5	5.25
44.25	5.25
44.25	5.5
44.5	5.75
44.25	5.75
44.25	6
44.5	6.25
44.25	6.25
44.25	6.5
44.5	6.75
44.25	6.75
44.25	7
44.5	7.25
44.25	7.25
44.25	7.5
44.5	7.75
44.25	7.75
44.25	8
44.5	8.25
44.25	8.25
44.25	8.5
44.5	8.75
44.25	8.75
44.25	9
44.5	9.25
44.25	9.25
44.25	9.5
44.5	9.75
44.25	9.75
44.25	10
44.5	10.25
44.25	10.25
44.25	10.5
44.5	10.75
44.25	10.75
45	0.25
44.75	0.25
44.75	0.5
45	0.75
44.75	0.75
44.75	1
45	1.25
44.75	1.25
44.75	1.5
45	1.75
44.75	1.75
44.75	2
45	2.25
44.75	2.25
44.75	2.5
45	2.75
44.75	2.75
44.75	3
45	3.25
44.75	3.25
44.75	3.5
45	3.75
44.75	3.75
44.75	4
45	4.25
44.75	4.25
44.75	4.5
45	4.75
44.75	4.75
44.75	5
45	5.25
44.75	5.25
44.75	5.5
45	5.75
44.75	5.75
44.75	6
45	6.25
44.75	6.25
44.75	6.5
45	6.75
44.75	6.75
44.75	7
45	7.25
44.75	7.25
44.75	7.5
45	7.75
44.75	7.75
44.75	8
45	8.25
44.75	8.25
44.75	8.5
45	8.75
44.75	8.75
44.75	9
45	9.25
44.75	9.25
44.75	9.5
45	9.75
44.75	9.75
44.75	10
45	10.25
44.75	10.25
44.75	10.5
45	10.75
44.75	10.75
45.5	0.25
45.25	0.25
45.25	0.5
45.5	0.75
45.25	0.75
45.25	1
45.5	1.25
45.25	1.25
45.25	1.5
45.5	1.75
45.25	1.75
45.25	2
45.5	2.25
45.25	2.25
45.25	2.5
45.5	2.75
45.25	2.75
45.25	3
45.5	3.25
45.25	3.25
45.25	3.5
45.5	3.75
45.25	3.75
45.25	4
45.5	4.25
45.25	4.25
45.25	4.5
45.5	4.75
45.25	4.75
45.25	5
45.5	5.25
45.25	5.25
45.25	5.5
45.5	5.75
45.25	5.75
45.25	6
45.5	6.25
45.25	6.25
45.25	6.5
45.5	6.75
45.25	6.75
45.25	7
45.5	7.25
45.25	7.25
45.25	7.5
45.5	7.75
45.25	7.75
45.25	8
45.5	8.25
45.25	8.25
45.25	8.5
45.5	8.75
45.25	8.75
45.25	9
45.5	9.25
45.25	9.25
45.25	9.5
45.5	9.75
45.25	9.75
45.25	10
45.5	10.25
45.25	10.25
45.25	10.5
45.5	10.75
45.25	10.75
45.75	0.25
45.75	0.5
45.75	0.75
45.75	1
45.75	1.25
45.75	1.5
45.75	1.75
45.75	2
45.75	2.25
45.75	2.5
45.75	2.75
45.75	3
45.75	3.25
45.75	3.5
45.75	3.75
45.75	4
45.75	4.25
45.75	4.5
45.75	4.75
45.75	5
45.75	5.25
45.75	5.5
45.75	5.75
45.75	6
45.75	6.25
45.75	6.5
45.75	6.75
45.75	7
45.75	7.25
45.75	7.5
45.75	7.75
45.75	8
45.75	8.25
45.75	8.5
45.75	8.75
45.75	9
45.75	9.25
45.75	9.5
45.75	9.75
45.75	10
45.75	10.25
45.75	10.5
45.75	10.75

--------------------------------------------------------------------------------
ELEMENT CONNECTIVITY
--------------------------------------------------------------------------------
1	5	457	96	2368	2369
1	457	371	2369	2370	392
371	457	458	2370	2371	2372
371	458	372	2372	2373	393
372	458	459	2373	2374	2375
372	459	373	2375	2376	394
373	459	460	2376	2377	2378
373	460	374	2378	2379	395
374	460	461	2379	2380	2381
374	461	375	2381	2382	396
375	461	462	2382	2383	2384
375	462	376	2384	2385	397
376	462	463	2385	2386	2387
376	463	377	2387	2388	398
377	463	464	2388	2389	2390
377	464	378	2390	2391	399
378	464	465	2391	2392	2393
378	465	379	2393	2394	400
379	465	466	2394	2395	2396
379	466	380	2396	2397	401
380	466	467	2397	2398	2399
380	467	381	2399	2400	402
381	467	468	2400	2401	2402
381	468	382	2402	2403	403
382	468	469	2403	2404	2405
382	469	383	2405	2406	404
383	469	470	2406	2407	2408
383	470	384	2408	2409	405
384	470	471	2409	2410	2411
384	471	385	2411	2412	406
385	471	472	2412	2413	2414
385	472	386	2414	2415	407
386	472	473	2415	2416	2417
386	473	387	2417	2418	408
387	473	474	2418	2419	2420
387	474	388	2420	2421	409
388	474	475	2421	2422	2423
388	475	389	2423	2424	410
389	475	476	2424	2425	2426
389	476	390	2426	2427	411
390	476	477	2427	2428	2429
390	477	391	2429	2430	412
391	477	188	2430	2431	2432
391	188	3	2432	279	413
5	6	478	97	2433	2434
5	478	457	2434	2435	2368
457	478	479	2435	2436	2437
457	479	458	2437	2438	2371
458	479	480	2438	2439	2440
458	480	459	2440	2441	2374
459	480	481	2441	2442	2443
459	481	460	2443	2444	2377
460	481	482	2444	2445	2446
460	482	461	2446	2447	2380
461	482	483	2447	2448	2449
461	483	462	2449	2450	2383
462	483	484	2450	2451	2452
462	484	463	2452	2453	2386
463	484	485	2453	2454	2455
463	485	464	2455	2456	2389
464	485	486	2456	2457	2458
464	486	465	2458	2459	2392
465	486	487	2459	2460	2461
465	487	466	2461	2462	2395
466	487	488	2462	2463	2464
466	488	467	2464	2465	2398
467	488	489	2465	2466	2467
467	489	468	2467	2468	2401
468	489	490	2468	2469	2470
468	490	469	2470	2471	2404
469	490	491	2471	2472	2473
469	491	470	2473	2474	2407
470	491	492	2474	2475	2476
470	492	471	2476	2477	2410
471	492	493	2477	2478	2479
471	493	472	2479	2480	2413
472	493	494	2480	2481	2482
472	494	473	2482	2483	2416
473	494	495	2483	2484	2485
473	495	474	2485	2486	2419
474	495	496	2486	2487	2488
474	496	475	2488	2489	2422
475	496	497	2489	2490	2491
475	497	476	2491	2492	2425
476	497	498	2492	2493	2494
476	498	477	2494	2495	2428
477	498	189	2495	2496	2497
477	189	188	2497	280	2431
6	7	499	98	2498	2499
6	499	478	2499	2500	2433
478	499	500	2500	2501	2502
478	500	479	2502	2503	2436
479	500	501	2503	2504	2505
479	501	480	2505	2506	2439
480	501	502	2506	2507	2508
480	502	481	2508	2509	2442
481	502	503	2509	2510	2511
481	503	482	2511	2512	2445
482	503	504	2512	2513	2514
482	504	483	2514	2515	2448
483	504	505	2515	2516	2517
483	505	484	2517	2518	2451
484	505	506	2518	2519	2520
484	506	485	2520	2521	2454
485	506	507	2521	2522	2523
485	507	486	2523	2524	2457
486	507	508	2524	2525	2526
486	508	487	2526	2527	2460
487	508	509	2527	2528	2529
487	509	488	2529	2530	2463
488	509	510	2530	2531	2532
488	510	489	2532	2533	2466
489	510	511	2533	2534	2535
489	511	490	2535	2536	2469
490	511	512	2536	2537	2538
490	512	491	2538	2539	2472
491	512	513	2539	2540	2541
491	513	492	2541	2542	2475
492	513	514	2542	2543	2544
492	514	493	2544	2545	2478
493	514	515	2545	2546	2547
493	515	494	2547	2548	2481
494	515	516	2548	2549	2550
494	516	495	2550	2551	2484
495	516	517	2551	2552	2553
495	517	496	2553	2554	2487
496	517	518	2554	2555	2556
496	518	497	2556	2557	2490
497	518	519	2557	2558	2559
497	519	498	2559	2560	2493
498	519	190	2560	2561	2562
498	190	189	2562	281	2496
7	8	520	99	2563	2564
7	520	499	2564	2565	2498
499	520	521	2565	2566	2567
499	521	500	2567	2568	2501
500	521	522	2568	2569	2570
500	522	501	2570	2571	2504
501	522	523	2571	2572	2573
501	523	502	2573	2574	2507
502	523	524	2574	2575	2576
502	524	503	2576	2577	2510
503	524	525	2577	2578	2579
503	525	504	2579	2580	2513
504	525	526	2580	2581	2582
504	526	505	2582	2583	2516
505	526	527	2583	2584	2585
505	527	506	2585	2586	2519
506	527	528	2586	2587	2588
506	528	507	2588	2589	2522
507	528	529	2589	2590	2591
507	529	508	2591	2592	2525
508	529	530	2592	2593	2594
508	530	509	2594	2595	2528
509	530	531	2595	2596	2597
509	531	510	2597	2598	2531
510	531	532	2598	2599	2600
510	532	511	2600	2601	2534
511	532	533	2601	2602	2603
511	533	512	2603	2604	2537
512	533	534	2604	2605	2606
512	534	513	2606	2607	2540
513	534	535	2607	2608	2609
513	535	514	2609	2610	2543
514	535	536	2610	2611	2612
514	536	515	2612	2613	2546
515	536	537	2613	2614	2615
515	537	516	2615	2616	2549
516	537	538	2616	2617	2618
516	538	517	2618	2619	2552
517	538	539	2619	2620	2621
517	539	518	2621	2622	2555
518	539	540	2622	2623	2624
518	540	519	2624	2625	2558
519	540	191	2625	2626	2627
519	191	190	2627	282	2561
8	9	541	100	2628	2629
8	541	520	2629	2630	2563
520	541	542	2630	2631	2632
520	542	521	2632	2633	2566
521	542	543	2633	2634	2635
521	543	522	2635	2636	2569
522	543	544	2636	2637	2638
522	544	523	2638	2639	2572
523	544	545	2639	2640	2641
523	545	524	2641	2642	2575
524	545	546	2642	2643	2644
524	546	525	2644	2645	2578
525	546	547	2645	2646	2647
525	547	526	2647	2648	2581
526	547	548	2648	2649	2650
526	548	527	2650	2651	2584
527	548	549	2651	2652	2653
527	549	528	2653	2654	2587
528	549	550	2654	2655	2656
528	550	529	2656	2657	2590
529	550	551	2657	2658	2659
529	551	530	2659	2660	2593
530	551	552	2660	2661	2662
530	552	531	2662	2663	2596
531	552	553	2663	2664	2665
531	553	532	2665	2666	2599
532	553	554	2666	2667	2668
532	554	533	2668	2669	2602
533	554	555	2669	2670	2671
533	555	534	2671	2672	2605
534	555	556	2672	2673	2674
534	556	535	2674	2675	2608
535	556	557	2675	2676	2677
535	557	536	2677	2678	2611
536	557	558	2678	2679	2680
536	558	537	2680	2681	2614
537	558	559	2681	2682	2683
537	559	538	2683	2684	2617
538	559	560	2684	2685	2686
538	560	539	2686	2687	2620
539	560	561	2687	2688	2689
539	561	540	2689	2690	2623
540	561	192	2690	2691	2692
540	192	191	2692	283	2626
9	10	562	101	2693	2694
9	562	541	2694	2695	2628
541	562	563	2695	2696	2697
541	563	542	2697	2698	2631
542	563	564	2698	2699	2700
542	564	543	2700	2701	2634
543	564	565	2701	2702	2703
543	565	544	2703	2704	2637
544	565	566	2704	2705	2706
544	566	545	2706	2707	2640
545	566	567	2707	2708	2709
545	567	546	2709	2710	2643
546	567	568	2710	2711	2712
546	568	547	2712	2713	2646
547	568	569	2713	2714	2715
547	569	548	2715	2716	2649
548	569	570	2716	2717	2718
548	570	549	2718	2719	2652
549	570	571	2719	2720	2721
549	571	550	2721	2722	2655
550	571	572	2722	2723	2724
550	572	551	2724	2725	2658
551	572	573	2725	2726	2727
551	573	552	2727	2728	2661
552	573	574	2728	2729	2730
552	574	553	2730	2731	2664
553	574	575	2731	2732	2733
553	575	554	2733	2734	2667
554	575	576	2734	2735	2736
554	576	555	2736	2737	2670
555	576	577	2737	2738	2739
555	577	556	2739	2740	2673
556	577	578	2740	2741	2742
556	578	557	2742	2743	2676
557	578	579	2743	2744	2745
557	579	558	2745	2746	2679
558	579	580	2746	2747	2748
558	580	559	2748	2749	2682
559	580	581	2749	2750	2751
559	581	560	2751	2752	2685
560	581	582	2752	2753	2754
560	582	561	2754	2755	2688
561	582	193	2755	2756	2757
561	193	192	2757	284	2691
10	11	583	102	2758	2759
10	583	562	2759	2760	2693
562	583	584	2760	2761	2762
562	584	563	2762	2763	2696
563	584	585	2763	2764	2765
563	585	564	2765	2766	2699
564	585	586	2766	2767	2768
564	586	565	2768	2769	2702
565	586	587	2769	2770	2771
565	587	566	2771	2772	2705
566	587	588	2772	2773	2774
566	588	567	2774	2775	2708
567	588	589	2775	2776	2777
567	589	568	2777	2778	2711
568	589	590	2778	2779	2780
568	590	569	2780	2781	2714
569	590	591	2781	2782	2783
569	591	570	2783	2784	2717
570	591	592	2784	2785	2786
570	592	571	2786	2787	2720
571	592	593	2787	2788	2789
571	593	572	2789	2790	2723
572	593	594	2790	2791	2792
572	594	573	2792	2793	2726
573	594	595	2793	2794	2795
573	595	574	2795	2796	2729
574	595	596	2796	2797	2798
574	596	575	2798	2799	2732
575	596	597	2799	2800	2801
575	597	576	2801	2802	2735
576	597	598	2802	2803	2804
576	598	577	2804	2805	2738
577	598	599	2805	2806	2807
577	599	578	2807	2808	2741
578	599	600	2808	2809	2810
578	600	579	2810	2811	2744
579	600	601	2811	2812	2813
579	601	580	2813	2814	2747
580	601	602	2814	2815	2816
580	602	581	2816	2817	2750
581	602	603	2817	2818	2819
581	603	582	2819	2820	2753
582	603	194	2820	2821	2822
582	194	193	2822	285	2756
11	12	604	103	2823	2824
11	604	583	2824	2825	2758
583	604	605	2825	2826	2827
583	605	584	2827	2828	2761
584	605	606	2828	2829	2830
584	606	585	2830	2831	2764
585	606	607	2831	2832	2833
585	607	586	2833	2834	2767
586	607	608	2834	2835	2836
586	608	587	2836	2837	2770
587	608	609	2837	2838	2839
587	609	588	2839	2840	2773
588	609	610	2840	2841	2842
588	610	589	2842	2843	2776
589	610	611	2843	2844	2845
589	611	590	2845	2846	2779
590	611	612	2846	2847	2848
590	612	591	2848	2849	2782
591	612	613	2849	2850	2851
591	613	592	2851	2852	2785
592	613	614	2852	2853	2854
592	614	593	2854	2855	2788
593	614	615	2855	2856	2857
593	615	594	2857	2858	2791
594	615	616	2858	2859	2860
594	616	595	2860	2861	2794
595	616	617	2861	2862	2863
595	617	596	2863	2864	2797
596	617	618	2864	2865	2866
596	618	597	2866	2867	2800
597	618	619	2867	2868	2869
597	619	598	2869	2870	2803
598	619	620	2870	2871	2872
598	620	599	2872	2873	2806
599	620	621	2873	2874	2875
599	621	600	2875	2876	2809
600	621	622	2876	2877	2878
600	622	601	2878	2879	2812
601	622	623	2879	2880	2881
601	623	602	2881	2882	2815
602	623	624	2882	2883	2884
602	624	603	2884	2885	2818
603	624	195	2885	2886	2887
603	195	194	2887	286	2821
12	13	625	104	2888	2889
12	625	604	2889	2890	2823
604	625	626	2890	2891	2892
604	626	605	2892	2893	2826
605	626	627	2893	2894	2895
605	627	606	2895	2896	2829
606	627	628	2896	2897	2898
606	628	607	2898	2899	2832
607	628	629	2899	2900	2901
607	629	608	2901	2902	2835
608	629	630	2902	2903	2904
608	630	609	2904	2905	2838
609	630	631	2905	2906	2907
609	631	610	2907	2908	2841
610	631	632	2908	2909	2910
610	632	611	2910	2911	2844
611	632	633	2911	2912	2913
611	633	612	2913	2914	2847
612	633	634	2914	2915	2916
612	634	613	2916	2917	2850
613	634	635	2917	2918	2919
613	635	614	2919	2920	2853
614	635	636	2920	2921	2922
614	636	615	2922	2923	2856
615	636	637	2923	2924	2925
615	637	616	2925	2926	2859
616	637	638	2926	2927	2928
616	638	617	2928	2929	2862
617	638	639	2929	2930	2931
617	639	618	2931	2932	2865
618	639	640	2932	2933	2934
618	640	619	2934	2935	2868
619	640	641	2935	2936	2937
619	641	620	2937	2938	2871
620	641	642	2938	2939	2940
620	642	621	2940	2941	2874
621	642	643	2941	2942	2943
621	643	622	2943	2944	2877
622	643	644	2944	2945	2946
622	644	623	2946	2947	2880
623	644	645	2947	2948	2949
623	645	624	2949	2950	2883
624	645	196	2950	2951	2952
624	196	195	2952	287	2886
13	14	646	105	2953	2954
13	646	625	2954	2955	2888
625	646	647	2955	2956	2957
625	647	626	2957	2958	2891
626	647	648	2958	2959	2960
626	648	627	2960	2961	2894
627	648	649	2961	2962	2963
627	649	628	2963	2964	2897
628	649	650	2964	2965	2966
628	650	629	2966	2967	2900
629	650	651	2967	2968	2969
629	651	630	2969	2970	2903
630	651	652	2970	2971	2972
630	652	631	2972	2973	2906
631	652	653	2973	2974	2975
631	653	632	2975	2976	2909
632	653	654	2976	2977	2978
632	654	633	2978	2979	2912
633	654	655	2979	2980	2981
633	655	634	2981	2982	2915
634	655	656	2982	2983	2984
634	656	635	2984	2985	2918
635	656	657	2985	2986	2987
635	657	636	2987	2988	2921
636	657	658	2988	2989	2990
636	658	637	2990	2991	2924
637	658	659	2991	2992	2993
637	659	638	2993	2994	2927
638	659	660	2994	2995	2996
638	660	639	2996	2997	2930
639	660	661	2997	2998	2999
639	661	640	2999	3000	2933
640	661	662	3000	3001	3002
640	662	641	3002	3003	2936
641	662	663	3003	3004	3005
641	663	642	3005	3006	2939
642	663	664	3006	3007	3008
642	664	643	3008	3009	2942
643	664	665	3009	3010	3011
643	665	644	3011	3012	2945
644	665	666	3012	3013	3014
644	666	645	3014	3015	2948
645	666	197	3015	3016	3017
645	197	196	3017	288	2951
14	15	667	106	3018	3019
14	667	646	3019	3020	2953
646	667	668	3020	3021	3022
646	668	647	3022	3023	2956
647	668	669	3023	3024	3025
647	669	648	3025	3026	2959
648	669	670	3026	3027	3028
648	670	649	3028	3029	2962
649	670	671	3029	3030	3031
649	671	650	3031	3032	2965
650	671	672	3032	3033	3034
650	672	651	3034	3035	2968
651	672	673	3035	3036	3037
651	673	652	3037	3038	2971
652	673	674	3038	3039	3040
652	674	653	3040	3041	2974
653	674	675	3041	3042	3043
653	675	654	3043	3044	2977
654	675	676	3044	3045	3046
654	676	655	3046	3047	2980
655	676	677	3047	3048	3049
655	677	656	3049	3050	2983
656	677	678	3050	3051	3052
656	678	657	3052	3053	2986
657	678	679	3053	3054	3055
657	679	658	3055	3056	2989
658	679	680	3056	3057	3058
658	680	659	3058	3059	2992
659	680	681	3059	3060	3061
659	681	660	3061	3062	2995
660	681	682	3062	3063	3064
660	682	661	3064	3065	2998
661	682	683	3065	3066	3067
661	683	662	3067	3068	3001
662	683	684	3068	3069	3070
662	684	663	3070	3071	3004
663	684	685	3071	3072	3073
663	685	664	3073	3074	3007
664	685	686	3074	3075	3076
664	686	665	3076	3077	3010
665	686	687	3077	3078	3079
665	687	666	3079	3080	3013
666	687	198	3080	3081	3082
666	198	197	3082	289	3016
15	16	688	107	3083	3084
15	688	667	3084	3085	3018
667	688	689	3085	3086	3087
667	689	668	3087	3088	3021
668	689	690	3088	3089	3090
668	690	669	3090	3091	3024
669	690	691	3091	3092	3093
669	691	670	3093	3094	3027
670	691	692	3094	3095	3096
670	692	671	3096	3097	3030
671	692	693	3097	3098	3099
671	693	672	3099	3100	3033
672	693	694	3100	3101	3102
672	694	673	3102	3103	3036
673	694	695	3103	3104	3105
673	695	674	3105	3106	3039
674	695	696	3106	3107	3108
674	696	675	3108	3109	3042
675	696	697	3109	3110	3111
675	697	676	3111	3112	3045
676	697	698	3112	3113	3114
676	698	677	3114	3115	3048
677	698	699	3115	3116	3117
677	699	678	3117	3118	3051
678	699	700	3118	3119	3120
678	700	679	3120	3121	3054
679	700	701	3121	3122	3123
679	701	680	3123	3124	3057
680	701	702	3124	3125	3126
680	702	681	3126	3127	3060
681	702	703	3127	3128	3129
681	703	682	3129	3130	3063
682	703	704	3130	3131	3132
682	704	683	3132	3133	3066
683	704	705	3133	3134	3135
683	705	684	3135	3136	3069
684	705	706	3136	3137	3138
684	706	685	3138	3139	3072
685	706	707	3139	3140	3141
685	707	686	3141	3142	3075
686	707	708	3142	3143	3144
686	708	687	3144	3145	3078
687	708	199	3145	3146	3147
687	199	198	3147	290	3081
16	17	709	108	3148	3149
16	709	688	3149	3150	3083
688	709	710	3150	3151	3152
688	710	689	3152	3153	3086
689	710	711	3153	3154	3155
689	711	690	3155	3156	3089
690	711	712	3156	3157	3158
690	712	691	3158	3159	3092
691	712	713	3159	3160	3161
691	713	692	3161	3162	3095
692	713	714	3162	3163	3164
692	714	693	3164	3165	3098
693	714	715	3165	3166	3167
693	715	694	3167	3168	3101
694	715	716	3168	3169	3170
694	716	695	3170	3171	3104
695	716	717	3171	3172	3173
695	717	696	3173	3174	3107
696	717	718	3174	3175	3176
696	718	697	3176	3177	3110
697	718	719	3177	3178	3179
697	719	698	3179	3180	3113
698	719	720	3180	3181	3182
698	720	699	3182	3183	3116
699	720	721	3183	3184	3185
699	721	700	3185	3186	3119
700	721	722	3186	3187	3188
700	722	701	3188	3189	3122
701	722	723	3189	3190	3191
701	723	702	3191	3192	3125
702	723	724	3192	3193	3194
702	724	703	3194	3195	3128
703	724	725	3195	3196	3197
703	725	704	3197	3198	3131
704	725	726	3198	3199	3200
704	726	705	3200	3201	3134
705	726	727	3201	3202	3203
705	727	706	3203	3204	3137
706	727	728	3204	3205	3206
706	728	707	3206	3207	3140
707	728	729	3207	3208	3209
707	729	708	3209	3210	3143
708	729	200	3210	3211	3212
708	200	199	3212	291	3146
17	18	730	109	3213	3214
17	730	709	3214	3215	3148
709	730	731	3215	3216	3217
709	731	710	3217	3218	3151
710	731	732	3218	3219	3220
710	732	711	3220	3221	3154
711	732	733	3221	3222	3223
711	733	712	3223	3224	3157
712	733	734	3224	3225	3226
712	734	713	3226	3227	3160
713	734	735	3227	3228	3229
713	735	714	3229	3230	3163
714	735	736	3230	3231	3232
714	736	715	3232	3233	3166
715	736	737	3233	3234	3235
715	737	716	3235	3236	3169
716	737	738	3236	3237	3238
716	738	717	3238	3239	3172
717	738	739	3239	3240	3241
717	739	718	3241	3242	3175
718	739	740	3242	3243	3244
718	740	719	3244	3245	3178
719	740	741	3245	3246	3247
719	741	720	3247	3248	3181
720	741	742	3248	3249	3250
720	742	721	3250	3251	3184
721	742	743	3251	3252	3253
721	743	722	3253	3254	3187
722	743	744	3254	3255	3256
722	744	723	3256	3257	3190
723	744	745	3257	3258	3259
723	745	724	3259	3260	3193
724	745	746	3260	3261	3262
724	746	725	3262	3263	3196
725	746	747	3263	3264	3265
725	747	726	3265	3266	3199
726	747	748	3266	3267	3268
726	748	727	3268	3269	3202
727	748	749	3269	3270	3271
727	749	728	3271	3272	3205
728	749	750	3272	3273	3274
728	750	729	3274	3275	3208
729	750	201	3275	3276	3277
729	201	200	3277	292	3211
18	19	751	110	3278	3279
18	751	730	3279	3280	3213
730	751	752	3280	3281	3282
730	752	731	3282	3283	3216
731	752	753	3283	3284	3285
731	753	732	3285	3286	3219
732	753	754	3286	3287	3288
732	754	733	3288	3289	3222
733	754	755	3289	3290	3291
733	755	734	3291	3292	3225
734	755	756	3292	3293	3294
734	756	735	3294	3295	3228
735	756	757	3295	3296	3297
735	757	736	3297	3298	3231
736	757	758	3298	3299	3300
736	758	737	3300	3301	3234
737	758	759	3301	3302	3303
737	759	738	3303	3304	3237
738	759	760	3304	3305	3306
738	760	739	3306	3307	3240
739	760	761	3307	3308	3309
739	761	740	3309	3310	3243
740	761	762	3310	3311	3312
740	762	741	3312	3313	3246
741	762	763	3313	3314	3315
741	763	742	3315	3316	3249
742	763	764	3316	3317	3318
742	764	743	3318	3319	3252
743	764	765	3319	3320	3321
743	765	744	3321	3322	3255
744	765	766	3322	3323	3324
744	766	745	3324	3325	3258
745	766	767	3325	3326	3327
745	767	746	3327	3328	3261
746	767	768	3328	3329	3330
746	768	747	3330	3331	3264
747	768	769	3331	3332	3333
747	769	748	3333	3334	3267
748	769	770	3334	3335	3336
748	770	749	3336	3337	3270
749	770	771	3337	3338	3339
749	771	750	3339	3340	3273
750	771	202	3340	3341	3342
750	202	201	3342	293	3276
19	20	772	111	3343	3344
19	772	751	3344	3345	3278
751	772	773	3345	3346	3347
751	773	752	3347	3348	3281
752	773	774	3348	3349	3350
752	774	753	3350	3351	3284
753	774	775	3351	3352	3353
753	775	754	3353	3354	3287
754	775	776	3354	3355	3356
754	776	755	3356	3357	3290
755	776	777	3357	3358	3359
755	777	756	3359	3360	3293
756	777	778	3360	3361	3362
756	778	757	3362	3363	3296
757	778	779	3363	3364	3365
757	779	758	3365	3366	3299
758	779	780	3366	3367	3368
758	780	759	3368	3369	3302
759	780	781	3369	3370	3371
759	781	760	3371	3372	3305
760	781	782	3372	3373	3374
760	782	761	3374	3375	3308
761	782	783	3375	3376	3377
761	783	762	3377	3378	3311
762	783	784	3378	3379	3380
762	784	763	3380	3381	3314
763	784	785	3381	3382	3383
763	785	764	3383	3384	3317
764	785	786	3384	3385	3386
764	786	765	3386	3387	3320
765	786	787	3387	3388	3389
765	787	766	3389	3390	3323
766	787	788	3390	3391	3392
766	788	767	3392	3393	3326
767	788	789	3393	3394	3395
767	789	768	3395	3396	3329
768	789	790	3396	3397	3398
768	790	769	3398	3399	3332
769	790	791	3399	3400	3401
769	791	770	3401	3402	3335
770	791	792	3402	3403	3404
770	792	771	3404	3405	3338
771	792	203	3405	3406	3407
771	203	202	3407	294	3341
20	21	793	112	3408	3409
20	793	772	3409	3410	3343
772	793	794	3410	3411	3412
772	794	773	3412	3413	3346
773	794	795	3413	3414	3415
773	795	774	3415	3416	3349
774	795	796	3416	3417	3418
774	796	775	3418	3419	3352
775	796	797	3419	3420	3421
775	797	776	3421	3422	3355
776	797	798	3422	3423	3424
776	798	777	3424	3425	3358
777	798	799	3425	3426	3427
777	799	778	3427	3428	3361
778	799	800	3428	3429	3430
778	800	779	3430	3431	3364
779	800	801	3431	3432	3433
779	801	780	3433	3434	3367
780	801	802	3434	3435	3436
780	802	781	3436	3437	3370
781	802	803	3437	3438	3439
781	803	782	3439	3440	3373
782	803	804	3440	3441	3442
782	804	783	3442	3443	3376
783	804	805	3443	3444	3445
783	805	784	3445	3446	3379
784	805	806	3446	3447	3448
784	806	785	3448	3449	3382
785	806	807	3449	3450	3451
785	807	786	3451	3452	3385
786	807	808	3452	3453	3454
786	808	787	3454	3455	3388
787	808	809	3455	3456	3457
787	809	788	3457	3458	3391
788	809	810	3458	3459	3460
788	810	789	3460	3461	3394
789	810	811	3461	3462	3463
789	811	790	3463	3464	3397
790	811	812	3464	3465	3466
790	812	791	3466	3467	3400
791	812	813	3467	3468	3469
791	813	792	3469	3470	3403
792	813	204	3470	3471	3472
792	204	203	3472	295	3406
21	22	814	113	3473	3474
21	814	793	3474	3475	3408
793	814	815	3475	3476	3477
793	815	794	3477	3478	3411
794	815	816	3478	3479	3480
794	816	795	3480	3481	3414
795	816	817	3481	3482	3483
795	817	796	3483	3484	3417
796	817	818	3484	3485	3486
796	818	797	3486	3487	3420
797	818	819	3487	3488	3489
797	819	798	3489	3490	3423
798	819	820	3490	3491	3492
798	820	799	3492	3493	3426
799	820	821	3493	3494	3495
799	821	800	3495	3496	3429
800	821	822	3496	3497	3498
800	822	801	3498	3499	3432
801	822	823	3499	3500	3501
801	823	802	3501	3502	3435
802	823	824	3502	3503	3504
802	824	803	3504	3505	3438
803	824	825	3505	3506	3507
803	825	804	3507	3508	3441
804	825	826	3508	3509	3510
804	826	805	3510	3511	3444
805	826	827	3511	3512	3513
805	827	806	3513	3514	3447
806	827	828	3514	3515	3516
806	828	807	3516	3517	3450
807	828	829	3517	3518	3519
807	829	808	3519	3520	3453
808	829	830	3520	3521	3522
808	830	809	3522	3523	3456
809	830	831	3523	3524	3525
809	831	810	3525	3526	3459
810	831	832	3526	3527	3528
810	832	811	3528	3529	3462
811	832	833	3529	3530	3531
811	833	812	3531	3532	3465
812	833	834	3532	3533	3534
812	834	813	3534	3535	3468
813	834	205	3535	3536	3537
813	205	204	3537	296	3471
22	23	835	114	3538	3539
22	835	814	3539	3540	3473
814	835	836	3540	3541	3542
814	836	815	3542	3543	3476
815	836	837	3543	3544	3545
815	837	816	3545	3546	3479
816	837	838	3546	3547	3548
816	838	817	3548	3549	3482
817	838	839	3549	3550	3551
817	839	818	3551	3552	3485
818	839	840	3552	3553	3554
818	840	819	3554	3555	3488
819	840	841	3555	3556	3557
819	841	820	3557	3558	3491
820	841	842	3558	3559	3560
820	842	821	3560	3561	3494
821	842	843	3561	3562	3563
821	843	822	3563	3564	3497
822	843	844	3564	3565	3566
822	844	823	3566	3567	3500
823	844	845	3567	3568	3569
823	845	824	3569	3570	3503
824	845	846	3570	3571	3572
824	846	825	3572	3573	3506
825	846	847	3573	3574	3575
825	847	826	3575	3576	3509
826	847	848	3576	3577	3578
826	848	827	3578	3579	3512
827	848	849	3579	3580	3581
827	849	828	3581	3582	3515
828	849	850	3582	3583	3584
828	850	829	3584	3585	3518
829	850	851	3585	3586	3587
829	851	830	3587	3588	3521
830	851	852	3588	3589	3590
830	852	831	3590	3591	3524
831	852	853	3591	3592	3593
831	853	832	3593	3594	3527
832	853	854	3594	3595	3596
832	854	833	3596	3597	3530
833	854	855	3597	3598	3599
833	855	834	3599	3600	3533
834	855	206	3600	3601	3602
834	206	205	3602	297	3536
23	24	856	115	3603	3604
23	856	835	3604	3605	3538
835	856	857	3605	3606	3607
835	857	836	3607	3608	3541
836	857	858	3608	3609	3610
836	858	837	3610	3611	3544
837	858	859	3611	3612	3613
837	859	838	3613	3614	3547
838	859	860	3614	3615	3616
838	860	839	3616	3617	3550
839	860	861	3617	3618	3619
839	861	840	3619	3620	3553
840	861	862	3620	3621	3622
840	862	841	3622	3623	3556
841	862	863	3623	3624	3625
841	863	842	3625	3626	3559
842	863	864	3626	3627	3628
842	864	843	3628	3629	3562
843	864	865	3629	3630	3631
843	865	844	3631	3632	3565
844	865	866	3632	3633	3634
844	866	845	3634	3635	3568
845	866	867	3635	3636	3637
845	867	846	3637	3638	3571
846	867	868	3638	3639	3640
846	868	847	3640	3641	3574
847	868	869	3641	3642	3643
847	869	848	3643	3644	3577
848	869	870	3644	3645	3646
848	870	849	3646	3647	3580
849	870	871	3647	3648	3649
849	871	850	3649	3650	3583
850	871	872	3650	3651	3652
850	872	851	3652	3653	3586
851	872	873	3653	3654	3655
851	873	852	3655	3656	3589
852	873	874	3656	3657	3658
852	874	853	3658	3659	3592
853	874	875	3659	3660	3661
853	875	854	3661	3662	3595
854	875	876	3662	3663	3664
854	876	855	3664	3665	3598
855	876	207	3665	3666	3667
855	207	206	3667	298	3601
24	25	877	116	3668	3669
24	877	856	3669	3670	3603
856	877	878	3670	3671	3672
856	878	857	3672	3673	3606
857	878	879	3673	3674	3675
857	879	858	3675	3676	3609
858	879	880	3676	3677	3678
858	880	859	3678	3679	3612
859	880	881	3679	3680	3681
859	881	860	3681	3682	3615
860	881	882	3682	3683	3684
860	882	861	3684	3685	3618
861	882	883	3685	3686	3687
861	883	862	3687	3688	3621
862	883	884	3688	3689	3690
862	884	863	3690	3691	3624
863	884	885	3691	3692	3693
863	885	864	3693	3694	3627
864	885	886	3694	3695	3696
864	886	865	3696	3697	3630
865	886	887	3697	3698	3699
865	887	866	3699	3700	3633
866	887	888	3700	3701	3702
866	888	867	3702	3703	3636
867	888	889	3703	3704	3705
867	889	868	3705	3706	3639
868	889	890	3706	3707	3708
868	890	869	3708	3709	3642
869	890	891	3709	3710	3711
869	891	870	3711	3712	3645
870	891	892	3712	3713	3714
870	892	871	3714	3715	3648
871	892	893	3715	3716	3717
871	893	872	3717	3718	3651
872	893	894	3718	3719	3720
872	894	873	3720	3721	3654
873	894	895	3721	3722	3723
873	895	874	3723	3724	3657
874	895	896	3724	3725	3726
874	896	875	3726	3727	3660
875	896	897	3727	3728	3729
875	897	876	3729	3730	3663
876	897	208	3730	3731	3732
876	208	207	3732	299	3666
25	26	898	117	3733	3734
25	898	877	3734	3735	3668
877	898	899	3735	3736	3737
877	899	878	3737	3738	3671
878	899	900	3738	3739	3740
878	900	879	3740	3741	3674
879	900	901	3741	3742	3743
879	901	880	3743	3744	3677
880	901	902	3744	3745	3746
880	902	881	3746	3747	3680
881	902	903	3747	3748	3749
881	903	882	3749	3750	3683
882	903	904	3750	3751	3752
882	904	883	3752	3753	3686
883	904	905	3753	3754	3755
883	905	884	3755	3756	3689
884	905	906	3756	3757	3758
884	906	885	3758	3759	3692
885	906	907	3759	3760	3761
885	907	886	3761	3762	3695
886	907	908	3762	3763	3764
886	908	887	3764	3765	3698
887	908	909	3765	3766	3767
887	909	888	3767	3768	3701
888	909	910	3768	3769	3770
888	910	889	3770	3771	3704
889	910	911	3771	3772	3773
889	911	890	3773	3774	3707
890	911	912	3774	3775	3776
890	912	891	3776	3777	3710
891	912	913	3777	3778	3779
891	913	892	3779	3780	3713
892	913	914	3780	3781	3782
892	914	893	3782	3783	3716
893	914	915	3783	3784	3785
893	915	894	3785	3786	3719
894	915	916	3786	3787	3788
894	916	895	3788	3789	3722
895	916	917	3789	3790	3791
895	917	896	3791	3792	3725
896	917	918	3792	3793	3794
896	918	897	3794	3795	3728
897	918	209	3795	3796	3797
897	209	208	3797	300	3731
26	27	919	118	3798	3799
26	919	898	3799	3800	3733
898	919	920	3800	3801	3802
898	920	899	3802	3803	3736
899	920	921	3803	3804	3805
899	921	900	3805	3806	3739
900	921	922	3806	3807	3808
900	922	901	3808	3809	3742
901	922	923	3809	3810	3811
901	923	902	3811	3812	3745
902	923	924	3812	3813	3814
902	924	903	3814	3815	3748
903	924	925	3815	3816	3817
903	925	904	3817	3818	3751
904	925	926	3818	3819	3820
904	926	905	3820	3821	3754
905	926	927	3821	3822	3823
905	927	906	3823	3824	3757
906	927	928	3824	3825	3826
906	928	907	3826	3827	3760
907	928	929	3827	3828	3829
907	929	908	3829	3830	3763
908	929	930	3830	3831	3832
908	930	909	3832	3833	3766
909	930	931	3833	3834	3835
909	931	910	3835	3836	3769
910	931	932	3836	3837	3838
910	932	911	3838	3839	3772
911	932	933	3839	3840	3841
911	933	912	3841	3842	3775
912	933	934	3842	3843	3844
912	934	913	3844	3845	3778
913	934	935	3845	3846	3847
913	935	914	3847	3848	3781
914	935	936	3848	3849	3850
914	936	915	3850	3851	3784
915	936	937	3851	3852	3853
915	937	916	3853	3854	3787
916	937	938	3854	3855	3856
916	938	917	3856	3857	3790
917	938	939	3857	3858	3859
917	939	918	3859	3860	3793
918	939	210	3860	3861	3862
918	210	209	3862	301	3796
27	28	940	119	3863	3864
27	940	919	3864	3865	3798
919	940	941	3865	3866	3867
919	941	920	3867	3868	3801
920	941	942	3868	3869	3870
920	942	921	3870	3871	3804
921	942	943	3871	3872	3873
921	943	922	3873	3874	3807
922	943	944	3874	3875	3876
922	944	923	3876	3877	3810
923	944	945	3877	3878	3879
923	945	924	3879	3880	3813
924	945	946	3880	3881	3882
924	946	925	3882	3883	3816
925	946	947	3883	3884	3885
925	947	926	3885	3886	3819
926	947	948	3886	3887	3888
926	948	927	3888	3889	3822
927	948	949	3889	3890	3891
927	949	928	3891	3892	3825
928	949	950	3892	3893	3894
928	950	929	3894	3895	3828
929	950	951	3895	3896	3897
929	951	930	3897	3898	3831
930	951	952	3898	3899	3900
930	952	931	3900	3901	3834
931	952	953	3901	3902	3903
931	953	932	3903	3904	3837
932	953	954	3904	3905	3906
932	954	933	3906	3907	3840
933	954	955	3907	3908	3909
933	955	934	3909	3910	3843
934	955	956	3910	3911	3912
934	956	935	3912	3913	3846
935	956	957	3913	3914	3915
935	957	936	3915	3916	3849
936	957	958	3916	3917	3918
936	958	937	3918	3919	3852
937	958	959	3919	3920	3921
937	959	938	3921	3922	3855
938	959	960	3922	3923	3924
938	960	939	3924	3925	3858
939	960	211	3925	3926	3927
939	211	210	3927	302	3861
28	29	961	120	3928	3929
28	961	940	3929	3930	3863
940	961	962	3930	3931	3932
940	962	941	3932	3933	3866
941	962	963	3933	3934	3935
941	963	942	3935	3936	3869
942	963	964	3936	3937	3938
942	964	943	3938	3939	3872
943	964	965	3939	3940	3941
943	965	944	3941	3942	3875
944	965	966	3942	3943	3944
944	966	945	3944	3945	3878
945	966	967	3945	3946	3947
945	967	946	3947	3948	3881
946	967	968	3948	3949	3950
946	968	947	3950	3951	3884
947	968	969	3951	3952	3953
947	969	948	3953	3954	3887
948	969	970	3954	3955	3956
948	970	949	3956	3957	3890
949	970	971	3957	3958	3959
949	971	950	3959	3960	3893
950	971	972	3960	3961	3962
950	972	951	3962	3963	3896
951	972	973	3963	3964	3965
951	973	952	3965	3966	3899
952	973	974	3966	3967	3968
952	974	953	3968	3969	3902
953	974	975	3969	3970	3971
953	975	954	3971	3972	3905
954	975	976	3972	3973	3974
954	976	955	3974	3975	3908
955	976	977	3975	3976	3977
955	977	956	3977	3978	3911
956	977	978	3978	3979	3980
956	978	957	3980	3981	3914
957	978	979	3981	3982	3983
957	979	958	3983	3984	3917
958	979	980	3984	3985	3986
958	980	959	3986	3987	3920
959	980	981	3987	3988	3989
959	981	960	3989	3990	3923
960	981	212	3990	3991	3992
960	212	211	3992	303	3926
29	30	982	121	3993	3994
29	982	961	3994	3995	3928
961	982	983	3995	3996	3997
961	983	962	3997	3998	3931
962	983	984	3998	3999	4000
962	984	963	4000	4001	3934
963	984	985	4001	4002	4003
963	985	964	4003	4004	3937
964	985	986	4004	4005	4006
964	986	965	4006	4007	3940
965	986	987	4007	4008	4009
965	987	966	4009	4010	3943
966	987	988	4010	4011	4012
966	988	967	4012	4013	3946
967	988	989	4013	4014	4015
967	989	968	4015	4016	3949
968	989	990	4016	4017	4018
968	990	969	4018	4019	3952
969	990	991	4019	4020	4021
969	991	970	4021	4022	3955
970	991	992	4022	4023	4024
970	992	971	4024	4025	3958
971	992	993	4025	4026	4027
971	993	972	4027	4028	3961
972	993	994	4028	4029	4030
972	994	973	4030	4031	3964
973	994	995	4031	4032	4033
973	995	974	4033	4034	3967
974	995	996	4034	4035	4036
974	996	975	4036	4037	3970
975	996	997	4037	4038	4039
975	997	976	4039	4040	3973
976	997	998	4040	4041	4042
976	998	977	4042	4043	3976
977	998	999	4043	4044	4045
977	999	978	4045	4046	3979
978	999	1000	4046	4047	4048
978	1000	979	4048	4049	3982
979	1000	1001	4049	4050	4051
979	1001	980	4051	4052	3985
980	1001	1002	4052	4053	4054
980	1002	981	4054	4055	3988
981	1002	213	4055	4056	4057
981	213	212	4057	304	3991
30	31	1003	122	4058	4059
30	1003	982	4059	4060	3993
982	1003	1004	4060	4061	4062
982	1004	983	4062	4063	3996
983	1004	1005	4063	4064	4065
983	1005	984	4065	4066	3999
984	1005	1006	4066	4067	4068
984	1006	985	4068	4069	4002
985	1006	1007	4069	4070	4071
985	1007	986	4071	4072	4005
986	1007	1008	4072	4073	4074
986	1008	987	4074	4075	4008
987	1008	1009	4075	4076	4077
987	1009	988	4077	4078	4011
988	1009	1010	4078	4079	4080
988	1010	989	4080	4081	4014
989	1010	1011	4081	4082	4083
989	1011	990	4083	4084	4017
990	1011	1012	4084	4085	4086
990	1012	991	4086	4087	4020
991	1012	1013	4087	4088	4089
991	1013	992	4089	4090	4023
992	1013	1014	4090	4091	4092
992	1014	993	4092	4093	4026
993	1014	1015	4093	4094	4095
993	1015	994	4095	4096	4029
994	1015	1016	4096	4097	4098
994	1016	995	4098	4099	4032
995	1016	1017	4099	4100	4101
995	1017	996	4101	4102	4035
996	1017	1018	4102	4103	4104
996	1018	997	4104	4105	4038
997	1018	1019	4105	4106	4107
997	1019	998	4107	4108	4041
998	1019	1020	4108	4109	4110
998	1020	999	4110	4111	4044
999	1020	1021	4111	4112	4113
999	1021	1000	4113	4114	4047
1000	1021	1022	4114	4115	4116
1000	1022	1001	4116	4117	4050
1001	1022	1023	4117	4118	4119
1001	1023	1002	4119	4120	4053
1002	1023	214	4120	4121	4122
1002	214	213	4122	305	4056
31	32	1024	123	4123	4124
31	1024	1003	4124	4125	4058
1003	1024	1025	4125	4126	4127
1003	1025	1004	4127	4128	4061
1004	1025	1026	4128	4129	4130
1004	1026	1005	4130	4131	4064
1005	1026	1027	4131	4132	4133
1005	1027	1006	4133	4134	4067
1006	1027	1028	4134	4135	4136
1006	1028	1007	4136	4137	4070
1007	1028	1029	4137	4138	4139
1007	1029	1008	4139	4140	4073
1008	1029	1030	4140	4141	4142
1008	1030	1009	4142	4143	4076
1009	1030	1031	4143	4144	4145
1009	1031	1010	4145	4146	4079
1010	1031	1032	4146	4147	4148
1010	1032	1011	4148	4149	4082
1011	1032	1033	4149	4150	4151
1011	1033	1012	4151	4152	4085
1012	1033	1034	4152	4153	4154
1012	1034	1013	4154	4155	4088
1013	1034	1035	4155	4156	4157
1013	1035	1014	4157	4158	4091
1014	1035	1036	4158	4159	4160
1014	1036	1015	4160	4161	4094
1015	1036	1037	4161	4162	4163
1015	1037	1016	4163	4164	4097
1016	1037	1038	4164	4165	4166
1016	1038	1017	4166	4167	4100
1017	1038	1039	4167	4168	4169
1017	1039	1018	4169	4170	4103
1018	1039	1040	4170	4171	4172
1018	1040	1019	4172	4173	4106
1019	1040	1041	4173	4174	4175
1019	1041	1020	4175	4176	4109
1020	1041	1042	4176	4177	4178
1020	1042	1021	4178	4179	4112
1021	1042	1043	4179	4180	4181
1021	1043	1022	4181	4182	4115
1022	1043	1044	4182	4183	4184
1022	1044	1023	4184	4185	4118
1023	1044	215	4185	4186	4187
1023	215	214	4187	306	4121
32	33	1045	124	4188	4189
32	1045	1024	4189	4190	4123
1024	1045	1046	4190	4191	4192
1024	1046	1025	4192	4193	4126
1025	1046	1047	4193	4194	4195
1025	1047	1026	4195	4196	4129
1026	1047	1048	4196	4197	4198
1026	1048	1027	4198	4199	4132
1027	1048	1049	4199	4200	4201
1027	1049	1028	4201	4202	4135
1028	1049	1050	4202	4203	4204
1028	1050	1029	4204	4205	4138
1029	1050	1051	4205	4206	4207
1029	1051	1030	4207	4208	4141
1030	1051	1052	4208	4209	4210
1030	1052	1031	4210	4211	4144
1031	1052	1053	4211	4212	4213
1031	1053	1032	4213	4214	4147
1032	1053	1054	4214	4215	4216
1032	1054	1033	4216	4217	4150
1033	1054	1055	4217	4218	4219
1033	1055	1034	4219	4220	4153
1034	1055	1056	4220	4221	4222
1034	1056	1035	4222	4223	4156
1035	1056	1057	4223	4224	4225
1035	1057	1036	4225	4226	4159
1036	1057	1058	4226	4227	4228
1036	1058	1037	4228	4229	4162
1037	1058	1059	4229	4230	4231
1037	1059	1038	4231	4232	4165
1038	1059	1060	4232	4233	4234
1038	1060	1039	4234	4235	4168
1039	1060	1061	4235	4236	4237
1039	1061	1040	4237	4238	4171
1040	1061	1062	4238	4239	4240
1040	1062	1041	4240	4241	4174
1041	1062	1063	4241	4242	4243
1041	1063	1042	4243	4244	4177
1042	1063	1064	4244	4245	4246
1042	1064	1043	4246	4247	4180
1043	1064	1065	4247	4248	4249
1043	1065	1044	4249	4250	4183
1044	1065	216	4250	4251	4252
1044	216	215	4252	307	4186
33	34	1066	125	4253	4254
33	1066	1045	4254	4255	4188
1045	1066	1067	4255	4256	4257
1045	1067	1046	4257	4258	4191
1046	1067	1068	4258	4259	4260
1046	1068	1047	4260	4261	4194
1047	1068	1069	4261	4262	4263
1047	1069	1048	4263	4264	4197
1048	1069	1070	4264	4265	4266
1048	1070	1049	4266	4267	4200
1049	1070	1071	4267	4268	4269
1049	1071	1050	4269	4270	4203
1050	1071	1072	4270	4271	4272
1050	1072	1051	4272	4273	4206
1051	1072	1073	4273	4274	4275
1051	1073	1052	4275	4276	4209
1052	1073	1074	4276	4277	4278
1052	1074	1053	4278	4279	4212
1053	1074	1075	4279	4280	4281
1053	1075	1054	4281	4282	4215
1054	1075	1076	4282	4283	4284
1054	1076	1055	4284	4285	4218
1055	1076	1077	4285	4286	4287
1055	1077	1056	4287	4288	4221
1056	1077	1078	4288	4289	4290
1056	1078	1057	4290	4291	4224
1057	1078	1079	4291	4292	4293
1057	1079	1058	4293	4294	4227
1058	1079	1080	4294	4295	4296
1058	1080	1059	4296	4297	4230
1059	1080	1081	4297	4298	4299
1059	1081	1060	4299	4300	4233
1060	1081	1082	4300	4301	4302
1060	1082	1061	4302	4303	4236
1061	1082	1083	4303	4304	4305
1061	1083	1062	4305	4306	4239
1062	1083	1084	4306	4307	4308
1062	1084	1063	4308	4309	4242
1063	1084	1085	4309	4310	4311
1063	1085	1064	4311	4312	4245
1064	1085	1086	4312	4313	4314
1064	1086	1065	4314	4315	4248
1065	1086	217	4315	4316	4317
1065	217	216	4317	308	4251
34	35	1087	126	4318	4319
34	1087	1066	4319	4320	4253
1066	1087	1088	4320	4321	4322
1066	1088	1067	4322	4323	4256
1067	1088	1089	4323	4324	4325
1067	1089	1068	4325	4326	4259
1068	1089	1090	4326	4327	4328
1068	1090	1069	4328	4329	4262
1069	1090	1091	4329	4330	4331
1069	1091	1070	4331	4332	4265
1070	1091	1092	4332	4333	4334
1070	1092	1071	4334	4335	4268
1071	1092	1093	4335	4336	4337
1071	1093	1072	4337	4338	4271
1072	1093	1094	4338	4339	4340
1072	1094	1073	4340	4341	4274
1073	1094	1095	4341	4342	4343
1073	1095	1074	4343	4344	4277
1074	1095	1096	4344	4345	4346
1074	1096	1075	4346	4347	4280
1075	1096	1097	4347	4348	4349
1075	1097	1076	4349	4350	4283
1076	1097	1098	4350	4351	4352
1076	1098	1077	4352	4353	4286
1077	1098	1099	4353	4354	4355
1077	1099	1078	4355	4356	4289
1078	1099	1100	4356	4357	4358
1078	1100	1079	4358	4359	4292
1079	1100	1101	4359	4360	4361
1079	1101	1080	4361	4362	4295
1080	1101	1102	4362	4363	4364
1080	1102	1081	4364	4365	4298
1081	1102	1103	4365	4366	4367
1081	1103	1082	4367	4368	4301
1082	1103	1104	4368	4369	4370
1082	1104	1083	4370	4371	4304
1083	1104	1105	4371	4372	4373
1083	1105	1084	4373	4374	4307
1084	1105	1106	4374	4375	4376
1084	1106	1085	4376	4377	4310
1085	1106	1107	4377	4378	4379
1085	1107	1086	4379	4380	4313
1086	1107	218	4380	4381	4382
1086	218	217	4382	309	4316
35	36	1108	127	4383	4384
35	1108	1087	4384	4385	4318
1087	1108	1109	4385	4386	4387
1087	1109	1088	4387	4388	4321
1088	1109	1110	4388	4389	4390
1088	1110	1089	4390	4391	4324
1089	1110	1111	4391	4392	4393
1089	1111	1090	4393	4394	4327
1090	1111	1112	4394	4395	4396
1090	1112	1091	4396	4397	4330
1091	1112	1113	4397	4398	4399
1091	1113	1092	4399	4400	4333
1092	1113	1114	4400	4401	4402
1092	1114	1093	4402	4403	4336
1093	1114	1115	4403	4404	4405
1093	1115	1094	4405	4406	4339
1094	1115	1116	4406	4407	4408
1094	1116	1095	4408	4409	4342
1095	1116	1117	4409	4410	4411
1095	1117	1096	4411	4412	4345
1096	1117	1118	4412	4413	4414
1096	1118	1097	4414	4415	4348
1097	1118	1119	4415	4416	4417
1097	1119	1098	4417	4418	4351
1098	1119	1120	4418	4419	4420
1098	1120	1099	4420	4421	4354
1099	1120	1121	4421	4422	4423
1099	1121	1100	4423	4424	4357
1100	1121	1122	4424	4425	4426
1100	1122	1101	4426	4427	4360
1101	1122	1123	4427	4428	4429
1101	1123	1102	4429	4430	4363
1102	1123	1124	4430	4431	4432
1102	1124	1103	4432	4433	4366
1103	1124	1125	4433	4434	4435
1103	1125	1104	4435	4436	4369
1104	1125	1126	4436	4437	4438
1104	1126	1105	4438	4439	4372
1105	1126	1127	4439	4440	4441
1105	1127	1106	4441	4442	4375
1106	1127	1128	4442	4443	4444
1106	1128	1107	4444	4445	4378
1107	1128	219	4445	4446	4447
1107	219	218	4447	310	4381
36	37	1129	128	4448	4449
36	1129	1108	4449	4450	4383
1108	1129	1130	4450	4451	4452
1108	1130	1109	4452	4453	4386
1109	1130	1131	4453	4454	4455
1109	1131	1110	4455	4456	4389
1110	1131	1132	4456	4457	4458
1110	1132	1111	4458	4459	4392
1111	1132	1133	4459	4460	4461
1111	1133	1112	4461	4462	4395
1112	1133	1134	4462	4463	4464
1112	1134	1113	4464	4465	4398
1113	1134	1135	4465	4466	4467
1113	1135	1114	4467	4468	4401
1114	1135	1136	4468	4469	4470
1114	1136	1115	4470	4471	4404
1115	1136	1137	4471	4472	4473
1115	1137	1116	4473	4474	4407
1116	1137	1138	4474	4475	4476
1116	1138	1117	4476	4477	4410
1117	1138	1139	4477	4478	4479
1117	1139	1118	4479	4480	4413
1118	1139	1140	4480	4481	4482
1118	1140	1119	4482	4483	4416
1119	1140	1141	4483	4484	4485
1119	1141	1120	4485	4486	4419
1120	1141	1142	4486	4487	4488
1120	1142	1121	4488	4489	4422
1121	1142	1143	4489	4490	4491
1121	1143	1122	4491	4492	4425
1122	1143	1144	4492	4493	4494
1122	1144	1123	4494	4495	4428
1123	1144	1145	4495	4496	4497
1123	1145	1124	4497	4498	4431
1124	1145	1146	4498	4499	4500
1124	1146	1125	4500	4501	4434
1125	1146	1147	4501	4502	4503
1125	1147	1126	4503	4504	4437
1126	1147	1148	4504	4505	4506
1126	1148	1127	4506	4507	4440
1127	1148	1149	4507	4508	4509
1127	1149	1128	4509	4510	4443
1128	1149	220	4510	4511	4512
1128	220	219	4512	311	4446
37	38	1150	129	4513	4514
37	1150	1129	4514	4515	4448
1129	1150	1151	4515	4516	4517
1129	1151	1130	4517	4518	4451
1130	1151	1152	4518	4519	4520
1130	1152	1131	4520	4521	4454
1131	1152	1153	4521	4522	4523
1131	1153	1132	4523	4524	4457
1132	1153	1154	4524	4525	4526
1132	1154	1133	4526	4527	4460
1133	1154	1155	4527	4528	4529
1133	1155	1134	4529	4530	4463
1134	1155	1156	4530	4531	4532
1134	1156	1135	4532	4533	4466
1135	1156	1157	4533	4534	4535
1135	1157	1136	4535	4536	4469
1136	1157	1158	4536	4537	4538
1136	1158	1137	4538	4539	4472
1137	1158	1159	4539	4540	4541
1137	1159	1138	4541	4542	4475
1138	1159	1160	4542	4543	4544
1138	1160	1139	4544	4545	4478
1139	1160	1161	4545	4546	4547
1139	1161	1140	4547	4548	4481
1140	1161	1162	4548	4549	4550
1140	1162	1141	4550	4551	4484
1141	1162	1163	4551	4552	4553
1141	1163	1142	4553	4554	4487
1142	1163	1164	4554	4555	4556
1142	1164	1143	4556	4557	4490
1143	1164	1165	4557	4558	4559
1143	1165	1144	4559	4560	4493
1144	1165	1166	4560	4561	4562
1144	1166	1145	4562	4563	4496
1145	1166	1167	4563	4564	4565
1145	1167	1146	4565	4566	4499
1146	1167	1168	4566	4567	4568
1146	1168	1147	4568	4569	4502
1147	1168	1169	4569	4570	4571
1147	1169	1148	4571	4572	4505
1148	1169	1170	4572	4573	4574
1148	1170	1149	4574	4575	4508
1149	1170	221	4575	4576	4577
1149	221	220	4577	312	4511
38	39	1171	130	4578	4579
38	1171	1150	4579	4580	4513
1150	1171	1172	4580	4581	4582
1150	1172	1151	4582	4583	4516
1151	1172	1173	4583	4584	4585
1151	1173	1152	4585	4586	4519
1152	1173	1174	4586	4587	4588
1152	1174	1153	4588	4589	4522
1153	1174	1175	4589	4590	4591
1153	1175	1154	4591	4592	4525
1154	1175	1176	4592	4593	4594
1154	1176	1155	4594	4595	4528
1155	1176	1177	4595	4596	4597
1155	1177	1156	4597	4598	4531
1156	1177	1178	4598	4599	4600
1156	1178	1157	4600	4601	4534
1157	1178	1179	4601	4602	4603
1157	1179	1158	4603	4604	4537
1158	1179	1180	4604	4605	4606
1158	1180	1159	4606	4607	4540
1159	1180	1181	4607	4608	4609
1159	1181	1160	4609	4610	4543
1160	1181	1182	4610	4611	4612
1160	1182	1161	4612	4613	4546
1161	1182	1183	4613	4614	4615
1161	1183	1162	4615	4616	4549
1162	1183	1184	4616	4617	4618
1162	1184	1163	4618	4619	4552
1163	1184	1185	4619	4620	4621
1163	1185	1164	4621	4622	4555
1164	1185	1186	4622	4623	4624
1164	1186	1165	4624	4625	4558
1165	1186	1187	4625	4626	4627
1165	1187	1166	4627	4628	4561
1166	1187	1188	4628	4629	4630
1166	1188	1167	4630	4631	4564
1167	1188	1189	4631	4632	4633
1167	1189	1168	4633	4634	4567
1168	1189	1190	4634	4635	4636
1168	1190	1169	4636	4637	4570
1169	1190	1191	4637	4638	4639
1169	1191	1170	4639	4640	4573
1170	1191	222	4640	4641	4642
1170	222	221	4642	313	4576
39	40	1192	131	4643	4644
39	1192	1171	4644	4645	4578
1171	1192	1193	4645	4646	4647
1171	1193	1172	4647	4648	4581
1172	1193	1194	4648	4649	4650
1172	1194	1173	4650	4651	4584
1173	1194	1195	4651	4652	4653
1173	1195	1174	4653	4654	4587
1174	1195	1196	4654	4655	4656
1174	1196	1175	4656	4657	4590
1175	1196	1197	4657	4658	4659
1175	1197	1176	4659	4660	4593
1176	1197	1198	4660	4661	4662
1176	1198	1177	4662	4663	4596
1177	1198	1199	4663	4664	4665
1177	1199	1178	4665	4666	4599
1178	1199	1200	4666	4667	4668
1178	1200	1179	4668	4669	4602
1179	1200	1201	4669	4670	4671
1179	1201	1180	4671	4672	4605
1180	1201	1202	4672	4673	4674
1180	1202	1181	4674	4675	4608
1181	1202	1203	4675	4676	4677
1181	1203	1182	4677	4678	4611
1182	1203	1204	4678	4679	4680
1182	1204	1183	4680	4681	4614
1183	1204	1205	4681	4682	4683
1183	1205	1184	4683	4684	4617
1184	1205	1206	4684	4685	4686
1184	1206	1185	4686	4687	4620
1185	1206	1207	4687	4688	4689
1185	1207	1186	4689	4690	4623
1186	1207	1208	4690	4691	4692
1186	1208	1187	4692	4693	4626
1187	1208	1209	4693	4694	4695
1187	1209	1188	4695	4696	4629
1188	1209	1210	4696	4697	4698
1188	1210	1189	4698	4699	4632
1189	1210	1211	4699	4700	4701
1189	1211	1190	4701	4702	4635
1190	1211	1212	4702	4703	4704
1190	1212	1191	4704	4705	4638
1191	1212	223	4705	4706	4707
1191	223	222	4707	314	4641
40	41	1213	132	4708	4709
40	1213	1192	4709	4710	4643
1192	1213	1214	4710	4711	4712
1192	1214	1193	4712	4713	4646
1193	1214	1215	4713	4714	4715
1193	1215	1194	4715	4716	4649
1194	1215	1216	4716	4717	4718
1194	1216	1195	4718	4719	4652
1195	1216	1217	4719	4720	4721
1195	1217	1196	4721	4722	4655
1196	1217	1218	4722	4723	4724
1196	1218	1197	4724	4725	4658
1197	1218	1219	4725	4726	4727
1197	1219	1198	4727	4728	4661
1198	1219	1220	4728	4729	4730
1198	1220	1199	4730	4731	4664
1199	1220	1221	4731	4732	4733
1199	1221	1200	4733	4734	4667
1200	1221	1222	4734	4735	4736
1200	1222	1201	4736	4737	4670
1201	1222	1223	4737	4738	4739
1201	1223	1202	4739	4740	4673
1202	1223	1224	4740	4741	4742
1202	1224	1203	4742	4743	4676
1203	1224	1225	4743	4744	4745
1203	1225	1204	4745	4746	4679
1204	1225	1226	4746	4747	4748
1204	1226	1205	4748	4749	4682
1205	1226	1227	4749	4750	4751
1205	1227	1206	4751	4752	4685
1206	1227	1228	4752	4753	4754
1206	1228	1207	4754	4755	4688
1207	1228	1229	4755	4756	4757
1207	1229	1208	4757	4758	4691
1208	1229	1230	4758	4759	4760
1208	1230	1209	4760	4761	4694
1209	1230	1231	4761	4762	4763
1209	1231	1210	4763	4764	4697
1210	1231	1232	4764	4765	4766
1210	1232	1211	4766	4767	4700
1211	1232	1233	4767	4768	4769
1211	1233	1212	4769	4770	4703
1212	1233	224	4770	4771	4772
1212	224	223	4772	315	4706
41	42	1234	133	4773	4774
41	1234	1213	4774	4775	4708
1213	1234	1235	4775	4776	4777
1213	1235	1214	4777	4778	4711
1214	1235	1236	4778	4779	4780
1214	1236	1215	4780	4781	4714
1215	1236	1237	4781	4782	4783
1215	1237	1216	4783	4784	4717
1216	1237	1238	4784	4785	4786
1216	1238	1217	4786	4787	4720
1217	1238	1239	4787	4788	4789
1217	1239	1218	4789	4790	4723
1218	1239	1240	4790	4791	4792
1218	1240	1219	4792	4793	4726
1219	1240	1241	4793	4794	4795
1219	1241	1220	4795	4796	4729
1220	1241	1242	4796	4797	4798
1220	1242	1221	4798	4799	4732
1221	1242	1243	4799	4800	4801
1221	1243	1222	4801	4802	4735
1222	1243	1244	4802	4803	4804
1222	1244	1223	4804	4805	4738
1223	1244	1245	4805	4806	4807
1223	1245	1224	4807	4808	4741
1224	1245	1246	4808	4809	4810
1224	1246	1225	4810	4811	4744
1225	1246	1247	4811	4812	4813
1225	1247	1226	4813	4814	4747
1226	1247	1248	4814	4815	4816
1226	1248	1227	4816	4817	4750
1227	1248	1249	4817	4818	4819
1227	1249	1228	4819	4820	4753
1228	1249	1250	4820	4821	4822
1228	1250	1229	4822	4823	4756
1229	1250	1251	4823	4824	4825
1229	1251	1230	4825	4826	4759
1230	1251	1252	4826	4827	4828
1230	1252	1231	4828	4829	4762
1231	1252	1253	4829	4830	4831
1231	1253	1232	4831	4832	4765
1232	1253	1254	4832	4833	4834
1232	1254	1233	4834	4835	4768
1233	1254	225	4835	4836	4837
1233	225	224	4837	316	4771
42	43	1255	134	4838	4839
42	1255	1234	4839	4840	4773
1234	1255	1256	4840	4841	4842
1234	1256	1235	4842	4843	4776
1235	1256	1257	4843	4844	4845
1235	1257	1236	4845	4846	4779
1236	1257	1258	4846	4847	4848
1236	1258	1237	4848	4849	4782
1237	1258	1259	4849	4850	4851
1237	1259	1238	4851	4852	4785
1238	1259	1260	4852	4853	4854
1238	1260	1239	4854	4855	4788
1239	1260	1261	4855	4856	4857
1239	1261	1240	4857	4858	4791
1240	1261	1262	4858	4859	4860
1240	1262	1241	4860	4861	4794
1241	1262	1263	4861	4862	4863
1241	1263	1242	4863	4864	4797
1242	1263	1264	4864	4865	4866
1242	1264	1243	4866	4867	4800
1243	1264	1265	4867	4868	4869
1243	1265	1244	4869	4870	4803
1244	1265	1266	4870	4871	4872
1244	1266	1245	4872	4873	4806
1245	1266	1267	4873	4874	4875
1245	1267	1246	4875	4876	4809
1246	1267	1268	4876	4877	4878
1246	1268	1247	4878	4879	4812
1247	1268	1269	4879	4880	4881
1247	1269	1248	4881	4882	4815
1248	1269	1270	4882	4883	4884
1248	1270	1249	4884	4885	4818
1249	1270	1271	4885	4886	4887
1249	1271	1250	4887	4888	4821
1250	1271	1272	4888	4889	4890
1250	1272	1251	4890	4891	4824
1251	1272	1273	4891	4892	4893
1251	1273	1252	4893	4894	4827
1252	1273	1274	4894	4895	4896
1252	1274	1253	4896	4897	4830
1253	1274	1275	4897	4898	4899
1253	1275	1254	4899	4900	4833
1254	1275	226	4900	4901	4902
1254	226	225	4902	317	4836
43	44	1276	135	4903	4904
43	1276	1255	4904	4905	4838
1255	1276	1277	4905	4906	4907
1255	1277	1256	4907	4908	4841
1256	1277	1278	4908	4909	4910
1256	1278	1257	4910	4911	4844
1257	1278	1279	4911	4912	4913
1257	1279	1258	4913	4914	4847
1258	1279	1280	4914	4915	4916
1258	1280	1259	4916	4917	4850
1259	1280	1281	4917	4918	4919
1259	1281	1260	4919	4920	4853
1260	1281	1282	4920	4921	4922
1260	1282	1261	4922	4923	4856
1261	1282	1283	4923	4924	4925
1261	1283	1262	4925	4926	4859
1262	1283	1284	4926	4927	4928
1262	1284	1263	4928	4929	4862
1263	1284	1285	4929	4930	4931
1263	1285	1264	4931	4932	4865
1264	1285	1286	4932	4933	4934
1264	1286	1265	4934	4935	4868
1265	1286	1287	4935	4936	4937
1265	1287	1266	4937	4938	4871
1266	1287	1288	4938	4939	4940
1266	1288	1267	4940	4941	4874
1267	1288	1289	4941	4942	4943
1267	1289	1268	4943	4944	4877
1268	1289	1290	4944	4945	4946
1268	1290	1269	4946	4947	4880
1269	1290	1291	4947	4948	4949
1269	1291	1270	4949	4950	4883
1270	1291	1292	4950	4951	4952
1270	1292	1271	4952	4953	4886
1271	1292	1293	4953	4954	4955
1271	1293	1272	4955	4956	4889
1272	1293	1294	4956	4957	4958
1272	1294	1273	4958	4959	4892
1273	1294	1295	4959	4960	4961
1273	1295	1274	4961	4962	4895
1274	1295	1296	4962	4963	4964
1274	1296	1275	4964	4965	4898
1275	1296	227	4965	4966	4967
1275	227	226	4967	318	4901
44	45	1297	136	4968	4969
44	1297	1276	4969	4970	4903
1276	1297	1298	4970	4971	4972
1276	1298	1277	4972	4973	4906
1277	1298	1299	4973	4974	4975
1277	1299	1278	4975	4976	4909
1278	1299	1300	4976	4977	4978
1278	1300	1279	4978	4979	4912
1279	1300	1301	4979	4980	4981
1279	1301	1280	4981	4982	4915
1280	1301	1302	4982	4983	4984
1280	1302	1281	4984	4985	4918
1281	1302	1303	4985	4986	4987
1281	1303	1282	4987	4988	4921
1282	1303	1304	4988	4989	4990
1282	1304	1283	4990	4991	4924
1283	1304	1305	4991	4992	4993
1283	1305	1284	4993	4994	4927
1284	1305	1306	4994	4995	4996
1284	1306	1285	4996	4997	4930
1285	1306	1307	4997	4998	4999
1285	1307	1286	4999	5000	4933
1286	1307	1308	5000	5001	5002
1286	1308	1287	5002	5003	4936
1287	1308	1309	5003	5004	5005
1287	1309	1288	5005	5006	4939
1288	1309	1310	5006	5007	5008
1288	1310	1289	5008	5009	4942
1289	1310	1311	5009	5010	5011
1289	1311	1290	5011	5012	4945
1290	1311	1312	5012	5013	5014
1290	1312	1291	5014	5015	4948
1291	1312	1313	5015	5016	5017
1291	1313	1292	5017	5018	4951
1292	1313	1314	5018	5019	5020
1292	1314	1293	5020	5021	4954
1293	1314	1315	5021	5022	5023
1293	1315	1294	5023	5024	4957
1294	1315	1316	5024	5025	5026
1294	1316	1295	5026	5027	4960
1295	1316	1317	5027	5028	5029
1295	1317	1296	5029	5030	4963
1296	1317	228	5030	5031	5032
1296	228	227	5032	319	4966
45	46	1318	137	5033	5034
45	1318	1297	5034	5035	4968
1297	1318	1319	5035	5036	5037
1297	1319	1298	5037	5038	4971
1298	1319	1320	5038	5039	5040
1298	1320	1299	5040	5041	4974
1299	1320	1321	5041	5042	5043
1299	1321	1300	5043	5044	4977
1300	1321	1322	5044	5045	5046
1300	1322	1301	5046	5047	4980
1301	1322	1323	5047	5048	5049
1301	1323	1302	5049	5050	4983
1302	1323	1324	5050	5051	5052
1302	1324	1303	5052	5053	4986
1303	1324	1325	5053	5054	5055
1303	1325	1304	5055	5056	4989
1304	1325	1326	5056	5057	5058
1304	1326	1305	5058	5059	4992
1305	1326	1327	5059	5060	5061
1305	1327	1306	5061	5062	4995
1306	1327	1328	5062	5063	5064
1306	1328	1307	5064	5065	4998
1307	1328	1329	5065	5066	5067
1307	1329	1308	5067	5068	5001
1308	1329	1330	5068	5069	5070
1308	1330	1309	5070	5071	5004
1309	1330	1331	5071	5072	5073
1309	1331	1310	5073	5074	5007
1310	1331	1332	5074	5075	5076
1310	1332	1311	5076	5077	5010
1311	1332	1333	5077	5078	5079
1311	1333	1312	5079	5080	5013
1312	1333	1334	5080	5081	5082
1312	1334	1313	5082	5083	5016
1313	1334	1335	5083	5084	5085
1313	1335	1314	5085	5086	5019
1314	1335	1336	5086	5087	5088
1314	1336	1315	5088	5089	5022
1315	1336	1337	5089	5090	5091
1315	1337	1316	5091	5092	5025
1316	1337	1338	5092	5093	5094
1316	1338	1317	5094	5095	5028
1317	1338	229	5095	5096	5097
1317	229	228	5097	320	5031
46	47	1339	138	5098	5099
46	1339	1318	5099	5100	5033
1318	1339	1340	5100	5101	5102
1318	1340	1319	5102	5103	5036
1319	1340	1341	5103	5104	5105
1319	1341	1320	5105	5106	5039
1320	1341	1342	5106	5107	5108
1320	1342	1321	5108	5109	5042
1321	1342	1343	5109	5110	5111
1321	1343	1322	5111	5112	5045
1322	1343	1344	5112	5113	5114
1322	1344	1323	5114	5115	5048
1323	1344	1345	5115	5116	5117
1323	1345	1324	5117	5118	5051
1324	1345	1346	5118	5119	5120
1324	1346	1325	5120	5121	5054
1325	1346	1347	5121	5122	5123
1325	1347	1326	5123	5124	5057
1326	1347	1348	5124	5125	5126
1326	1348	1327	5126	5127	5060
1327	1348	1349	5127	5128	5129
1327	1349	1328	5129	5130	5063
1328	1349	1350	5130	5131	5132
1328	1350	1329	5132	5133	5066
1329	1350	1351	5133	5134	5135
1329	1351	1330	5135	5136	5069
1330	1351	1352	5136	5137	5138
1330	1352	1331	5138	5139	5072
1331	1352	1353	5139	5140	5141
1331	1353	1332	5141	5142	5075
1332	1353	1354	5142	5143	5144
1332	1354	1333	5144	5145	5078
1333	1354	1355	5145	5146	5147
1333	1355	1334	5147	5148	5081
1334	1355	1356	5148	5149	5150
1334	1356	1335	5150	5151	5084
1335	1356	1357	5151	5152	5153
1335	1357	1336	5153	5154	5087
1336	1357	1358	5154	5155	5156
1336	1358	1337	5156	5157	5090
1337	1358	1359	5157	5158	5159
1337	1359	1338	5159	5160	5093
1338	1359	230	5160	5161	5162
1338	230	229	5162	321	5096
47	48	1360	139	5163	5164
47	1360	1339	5164	5165	5098
1339	1360	1361	5165	5166	5167
1339	1361	1340	5167	5168	5101
1340	1361	1362	5168	5169	5170
1340	1362	1341	5170	5171	5104
1341	1362	1363	5171	5172	5173
1341	1363	1342	5173	5174	5107
1342	1363	1364	5174	5175	5176
1342	1364	1343	5176	5177	5110
1343	1364	1365	5177	5178	5179
1343	1365	1344	5179	5180	5113
1344	1365	1366	5180	5181	5182
1344	1366	1345	5182	5183	5116
1345	1366	1367	5183	5184	5185
1345	1367	1346	5185	5186	5119
1346	1367	1368	5186	5187	5188
1346	1368	1347	5188	5189	5122
1347	1368	1369	5189	5190	5191
1347	1369	1348	5191	5192	5125
1348	1369	1370	5192	5193	5194
1348	1370	1349	5194	5195	5128
1349	1370	1371	5195	5196	5197
1349	1371	1350	5197	5198	5131
1350	1371	1372	5198	5199	5200
1350	1372	1351	5200	5201	5134
1351	1372	1373	5201	5202	5203
1351	1373	1352	5203	5204	5137
1352	1373	1374	5204	5205	5206
1352	1374	1353	5206	5207	5140
1353	1374	1375	5207	5208	5209
1353	1375	1354	5209	5210	5143
1354	1375	1376	5210	5211	5212
1354	1376	1355	5212	5213	5146
1355	1376	1377	5213	5214	5215
1355	1377	1356	5215	5216	5149
1356	1377	1378	5216	5217	5218
1356	1378	1357	5218	5219	5152
1357	1378	1379	5219	5220	5221
1357	1379	1358	5221	5222	5155
1358	1379	1380	5222	5223	5224
1358	1380	1359	5224	5225	5158
1359	1380	231	5225	5226	5227
1359	231	230	5227	322	5161
48	49	1381	140	5228	5229
48	1381	1360	5229	5230	5163
1360	1381	1382	5230	5231	5232
1360	1382	1361	5232	5233	5166
1361	1382	1383	5233	5234	5235
1361	1383	1362	5235	5236	5169
1362	1383	1384	5236	5237	5238
1362	1384	1363	5238	5239	5172
1363	1384	1385	5239	5240	5241
1363	1385	1364	5241	5242	5175
1364	1385	1386	5242	5243	5244
1364	1386	1365	5244	5245	5178
1365	1386	1387	5245	5246	5247
1365	1387	1366	5247	5248	5181
1366	1387	1388	5248	5249	5250
1366	1388	1367	5250	5251	5184
1367	1388	1389	5251	5252	5253
1367	1389	1368	5253	5254	5187
1368	1389	1390	5254	5255	5256
1368	1390	1369	5256	5257	5190
1369	1390	1391	5257	5258	5259
1369	1391	1370	5259	5260	5193
1370	1391	1392	5260	5261	5262
1370	1392	1371	5262	5263	5196
1371	1392	1393	5263	5264	5265
1371	1393	1372	5265	5266	5199
1372	1393	1394	5266	5267	5268
1372	1394	1373	5268	5269	5202
1373	1394	1395	5269	5270	5271
1373	1395	1374	5271	5272	5205
1374	1395	1396	5272	5273	5274
1374	1396	1375	5274	5275	5208
1375	1396	1397	5275	5276	5277
1375	1397	1376	5277	5278	5211
1376	1397	1398	5278	5279	5280
1376	1398	1377	5280	5281	5214
1377	1398	1399	5281	5282	5283
1377	1399	1378	5283	5284	5217
1378	1399	1400	5284	5285	5286
1378	1400	1379	5286	5287	5220
1379	1400	1401	5287	5288	5289
1379	1401	1380	5289	5290	5223
1380	1401	232	5290	5291	5292
1380	232	231	5292	323	5226
49	50	1402	141	5293	5294
49	1402	1381	5294	5295	5228
1381	1402	1403	5295	5296	5297
1381	1403	1382	5297	5298	5231
1382	1403	1404	5298	5299	5300
1382	1404	1383	5300	5301	5234
1383	1404	1405	5301	5302	5303
1383	1405	1384	5303	5304	5237
1384	1405	1406	5304	5305	5306
1384	1406	1385	5306	5307	5240
1385	1406	1407	5307	5308	5309
1385	1407	1386	5309	5310	5243
1386	1407	1408	5310	5311	5312
1386	1408	1387	5312	5313	5246
1387	1408	1409	5313	5314	5315
1387	1409	1388	5315	5316	5249
1388	1409	1410	5316	5317	5318
1388	1410	1389	5318	5319	5252
1389	1410	1411	5319	5320	5321
1389	1411	1390	5321	5322	5255
1390	1411	1412	5322	5323	5324
1390	1412	1391	5324	5325	5258
1391	1412	1413	5325	5326	5327
1391	1413	1392	5327	5328	5261
1392	1413	1414	5328	5329	5330
1392	1414	1393	5330	5331	5264
1393	1414	1415	5331	5332	5333
1393	1415	1394	5333	5334	5267
1394	1415	1416	5334	5335	5336
1394	1416	1395	5336	5337	5270
1395	1416	1417	5337	5338	5339
1395	1417	1396	5339	5340	5273
1396	1417	1418	5340	5341	5342
1396	1418	1397	5342	5343	5276
1397	1418	1419	5343	5344	5345
1397	1419	1398	5345	5346	5279
1398	1419	1420	5346	5347	5348
1398	1420	1399	5348	5349	5282
1399	1420	1421	5349	5350	5351
1399	1421	1400	5351	5352	5285
1400	1421	1422	5352	5353	5354
1400	1422	1401	5354	5355	5288
1401	1422	233	5355	5356	5357
1401	233	232	5357	324	5291
50	51	1423	142	5358	5359
50	1423	1402	5359	5360	5293
1402	1423	1424	5360	5361	5362
1402	1424	1403	5362	5363	5296
1403	1424	1425	5363	5364	5365
1403	1425	1404	5365	5366	5299
1404	1425	1426	5366	5367	5368
1404	1426	1405	5368	5369	5302
1405	1426	1427	5369	5370	5371
1405	1427	1406	5371	5372	5305
1406	1427	1428	5372	5373	5374
1406	1428	1407	5374	5375	5308
1407	1428	1429	5375	5376	5377
1407	1429	1408	5377	5378	5311
1408	1429	1430	5378	5379	5380
1408	1430	1409	5380	5381	5314
1409	1430	1431	5381	5382	5383
1409	1431	1410	5383	5384	5317
1410	1431	1432	5384	5385	5386
1410	1432	1411	5386	5387	5320
1411	1432	1433	5387	5388	5389
1411	1433	1412	5389	5390	5323
1412	1433	1434	5390	5391	5392
1412	1434	1413	5392	5393	5326
1413	1434	1435	5393	5394	5395
1413	1435	1414	5395	5396	5329
1414	1435	1436	5396	5397	5398
1414	1436	1415	5398	5399	5332
1415	1436	1437	5399	5400	5401
1415	1437	1416	5401	5402	5335
1416	1437	1438	5402	5403	5404
1416	1438	1417	5404	5405	5338
1417	1438	1439	5405	5406	5407
1417	1439	1418	5407	5408	5341
1418	1439	1440	5408	5409	5410
1418	1440	1419	5410	5411	5344
1419	1440	1441	5411	5412	5413
1419	1441	1420	5413	5414	5347
1420	1441	1442	5414	5415	5416
1420	1442	1421	5416	5417	5350
1421	1442	1443	5417	5418	5419
1421	1443	1422	5419	5420	5353
1422	1443	234	5420	5421	5422
1422	234	233	5422	325	5356
51	52	1444	143	5423	5424
51	1444	1423	5424	5425	5358
1423	1444	1445	5425	5426	5427
1423	1445	1424	5427	5428	5361
1424	1445	1446	5428	5429	5430
1424	1446	1425	5430	5431	5364
1425	1446	1447	5431	5432	5433
1425	1447	1426	5433	5434	5367
1426	1447	1448	5434	5435	5436
1426	1448	1427	5436	5437	5370
1427	1448	1449	5437	5438	5439
1427	1449	1428	5439	5440	5373
1428	1449	1450	5440	5441	5442
1428	1450	1429	5442	5443	5376
1429	1450	1451	5443	5444	5445
1429	1451	1430	5445	5446	5379
1430	1451	1452	5446	5447	5448
1430	1452	1431	5448	5449	5382
1431	1452	1453	5449	5450	5451
1431	1453	1432	5451	5452	5385
1432	1453	1454	5452	5453	5454
1432	1454	1433	5454	5455	5388
1433	1454	1455	5455	5456	5457
1433	1455	1434	5457	5458	5391
1434	1455	1456	5458	5459	5460
1434	1456	1435	5460	5461	5394
1435	1456	1457	5461	5462	5463
1435	1457	1436	5463	5464	5397
1436	1457	1458	5464	5465	5466
1436	1458	1437	5466	5467	5400
1437	1458	1459	5467	5468	5469
1437	1459	1438	5469	5470	5403
1438	1459	1460	5470	5471	5472
1438	1460	1439	5472	5473	5406
1439	1460	1461	5473	5474	5475
1439	1461	1440	5475	5476	5409
1440	1461	1462	5476	5477	5478
1440	1462	1441	5478	5479	5412
1441	1462	1463	5479	5480	5481
1441	1463	1442	5481	5482	5415
1442	1463	1464	5482	5483	5484
1442	1464	1443	5484	5485	5418
1443	1464	235	5485	5486	5487
1443	235	234	5487	326	5421
52	53	1465	144	5488	5489
52	1465	1444	5489	5490	5423
1444	1465	1466	5490	5491	5492
1444	1466	1445	5492	5493	5426
1445	1466	1467	5493	5494	5495
1445	1467	1446	5495	5496	5429
1446	1467	1468	5496	5497	5498
1446	1468	1447	5498	5499	5432
1447	1468	1469	5499	5500	5501
1447	1469	1448	5501	5502	5435
1448	1469	1470	5502	5503	5504
1448	1470	1449	5504	5505	5438
1449	1470	1471	5505	5506	5507
1449	1471	1450	5507	5508	5441
1450	1471	1472	5508	5509	5510
1450	1472	1451	5510	5511	5444
1451	1472	1473	5511	5512	5513
1451	1473	1452	5513	5514	5447
1452	1473	1474	5514	5515	5516
1452	1474	1453	5516	5517	5450
1453	1474	1475	5517	5518	5519
1453	1475	1454	5519	5520	5453
1454	1475	1476	5520	5521	5522
1454	1476	1455	5522	5523	5456
1455	1476	1477	5523	5524	5525
1455	1477	1456	5525	5526	5459
1456	1477	1478	5526	5527	5528
1456	1478	1457	5528	5529	5462
1457	1478	1479	5529	5530	5531
1457	1479	1458	5531	5532	5465
1458	1479	1480	5532	5533	5534
1458	1480	1459	5534	5535	5468
1459	1480	1481	5535	5536	5537
1459	1481	1460	5537	5538	5471
1460	1481	1482	5538	5539	5540
1460	1482	1461	5540	5541	5474
1461	1482	1483	5541	5542	5543
1461	1483	1462	5543	5544	5477
1462	1483	1484	5544	5545	5546
1462	1484	1463	5546	5547	5480
1463	1484	1485	5547	5548	5549
1463	1485	1464	5549	5550	5483
1464	1485	236	5550	5551	5552
1464	236	235	5552	327	5486
53	54	1486	145	5553	5554
53	1486	1465	5554	5555	5488
1465	1486	1487	5555	5556	5557
1465	1487	1466	5557	5558	5491
1466	1487	1488	5558	5559	5560
1466	1488	1467	5560	5561	5494
1467	1488	1489	5561	5562	5563
1467	1489	1468	5563	5564	5497
1468	1489	1490	5564	5565	5566
1468	1490	1469	5566	5567	5500
1469	1490	1491	5567	5568	5569
1469	1491	1470	5569	5570	5503
1470	1491	1492	5570	5571	5572
1470	1492	1471	5572	5573	5506
1471	1492	1493	5573	5574	5575
1471	1493	1472	5575	5576	5509
1472	1493	1494	5576	5577	5578
1472	1494	1473	5578	5579	5512
1473	1494	1495	5579	5580	5581
1473	1495	1474	5581	5582	5515
1474	1495	1496	5582	5583	5584
1474	1496	1475	5584	5585	5518
1475	1496	1497	5585	5586	5587
1475	1497	1476	5587	5588	5521
1476	1497	1498	5588	5589	5590
1476	1498	1477	5590	5591	5524
1477	1498	1499	5591	5592	5593
1477	1499	1478	5593	5594	5527
1478	1499	1500	5594	5595	5596
1478	1500	1479	5596	5597	5530
1479	1500	1501	5597	5598	5599
1479	1501	1480	5599	5600	5533
1480	1501	1502	5600	5601	5602
1480	1502	1481	5602	5603	5536
1481	1502	1503	5603	5604	5605
1481	1503	1482	5605	5606	5539
1482	1503	1504	5606	5607	5608
1482	1504	1483	5608	5609	5542
1483	1504	1505	5609	5610	5611
1483	1505	1484	5611	5612	5545
1484	1505	1506	5612	5613	5614
1484	1506	1485	5614	5615	5548
1485	1506	237	5615	5616	5617
1485	237	236	5617	328	5551
54	55	1507	146	5618	5619
54	1507	1486	5619	5620	5553
1486	1507	1508	5620	5621	5622
1486	1508	1487	5622	5623	5556
1487	1508	1509	5623	5624	5625
1487	1509	1488	5625	5626	5559
1488	1509	1510	5626	5627	5628
1488	1510	1489	5628	5629	5562
1489	1510	1511	5629	5630	5631
1489	1511	1490	5631	5632	5565
1490	1511	1512	5632	5633	5634
1490	1512	1491	5634	5635	5568
1491	1512	1513	5635	5636	5637
1491	1513	1492	5637	5638	5571
1492	1513	1514	5638	5639	5640
1492	1514	1493	5640	5641	5574
1493	1514	1515	5641	5642	5643
1493	1515	1494	5643	5644	5577
1494	1515	1516	5644	5645	5646
1494	1516	1495	5646	5647	5580
1495	1516	1517	5647	5648	5649
1495	1517	1496	5649	5650	5583
1496	1517	1518	5650	5651	5652
1496	1518	1497	5652	5653	5586
1497	1518	1519	5653	5654	5655
1497	1519	1498	5655	5656	5589
1498	1519	1520	5656	5657	5658
1498	1520	1499	5658	5659	5592
1499	1520	1521	5659	5660	5661
1499	1521	1500	5661	5662	5595
1500	1521	1522	5662	5663	5664
1500	1522	1501	5664	5665	5598
1501	1522	1523	5665	5666	5667
1501	1523	1502	5667	5668	5601
1502	1523	1524	5668	5669	5670
1502	1524	1503	5670	5671	5604
1503	1524	1525	5671	5672	5673
1503	1525	1504	5673	5674	5607
1504	1525	1526	5674	5675	5676
1504	1526	1505	5676	5677	5610
1505	1526	1527	5677	5678	5679
1505	1527	1506	5679	5680	5613
1506	1527	238	5680	5681	5682
1506	238	237	5682	329	5616
55	56	1528	147	5683	5684
55	1528	1507	5684	5685	5618
1507	1528	1529	5685	5686	5687
1507	1529	1508	5687	5688	5621
1508	1529	1530	5688	5689	5690
1508	1530	1509	5690	5691	5624
1509	1530	1531	5691	5692	5693
1509	1531	1510	5693	5694	5627
1510	1531	1532	5694	5695	5696
1510	1532	1511	5696	5697	5630
1511	1532	1533	5697	5698	5699
1511	1533	1512	5699	5700	5633
1512	1533	1534	5700	5701	5702
1512	1534	1513	5702	5703	5636
1513	1534	1535	5703	5704	5705
1513	1535	1514	5705	5706	5639
1514	1535	1536	5706	5707	5708
1514	1536	1515	5708	5709	5642
1515	1536	1537	5709	5710	5711
1515	1537	1516	5711	5712	5645
1516	1537	1538	5712	5713	5714
1516	1538	1517	5714	5715	5648
1517	1538	1539	5715	5716	5717
1517	1539	1518	5717	5718	5651
1518	1539	1540	5718	5719	5720
1518	1540	1519	5720	5721	5654
1519	1540	1541	5721	5722	5723
1519	1541	1520	5723	5724	5657
1520	1541	1542	5724	5725	5726
1520	1542	1521	5726	5727	5660
1521	1542	1543	5727	5728	5729
1521	1543	1522	5729	5730	5663
1522	1543	1544	5730	5731	5732
1522	1544	1523	5732	5733	5666
1523	1544	1545	5733	5734	5735
1523	1545	1524	5735	5736	5669
1524	1545	1546	5736	5737	5738
1524	1546	1525	5738	5739	5672
1525	1546	1547	5739	5740	5741
1525	1547	1526	5741	5742	5675
1526	1547	1548	5742	5743	5744
1526	1548	1527	5744	5745	5678
1527	1548	239	5745	5746	5747
1527	239	238	5747	330	5681
56	57	1549	148	5748	5749
56	1549	1528	5749	5750	5683
1528	1549	1550	5750	5751	5752
1528	1550	1529	5752	5753	5686
1529	1550	1551	5753	5754	5755
1529	1551	1530	5755	5756	5689
1530	1551	1552	5756	5757	5758
1530	1552	1531	5758	5759	5692
1531	1552	1553	5759	5760	5761
1531	1553	1532	5761	5762	5695
1532	1553	1554	5762	5763	5764
1532	1554	1533	5764	5765	5698
1533	1554	1555	5765	5766	5767
1533	1555	1534	5767	5768	5701
1534	1555	1556	5768	5769	5770
1534	1556	1535	5770	5771	5704
1535	1556	1557	5771	5772	5773
1535	1557	1536	5773	5774	5707
1536	1557	1558	5774	5775	5776
1536	1558	1537	5776	5777	5710
1537	1558	1559	5777	5778	5779
1537	1559	1538	5779	5780	5713
1538	1559	1560	5780	5781	5782
1538	1560	1539	5782	5783	5716
1539	1560	1561	5783	5784	5785
1539	1561	1540	5785	5786	5719
1540	1561	1562	5786	5787	5788
1540	1562	1541	5788	5789	5722
1541	1562	1563	5789	5790	5791
1541	1563	1542	5791	5792	5725
1542	1563	1564	5792	5793	5794
1542	1564	1543	5794	5795	5728
1543	1564	1565	5795	5796	5797
1543	1565	1544	5797	5798	5731
1544	1565	1566	5798	5799	5800
1544	1566	1545	5800	5801	5734
1545	1566	1567	5801	5802	5803
1545	1567	1546	5803	5804	5737
1546	1567	1568	5804	5805	5806
1546	1568	1547	5806	5807	5740
1547	1568	1569	5807	5808	5809
1547	1569	1548	5809	5810	5743
1548	1569	240	5810	5811	5812
1548	240	239	5812	331	5746
57	58	1570	149	5813	5814
57	1570	1549	5814	5815	5748
1549	1570	1571	5815	5816	5817
1549	1571	1550	5817	5818	5751
1550	1571	1572	5818	5819	5820
1550	1572	1551	5820	5821	5754
1551	1572	1573	5821	5822	5823
1551	1573	1552	5823	5824	5757
1552	1573	1574	5824	5825	5826
1552	1574	1553	5826	5827	5760
1553	1574	1575	5827	5828	5829
1553	1575	1554	5829	5830	5763
1554	1575	1576	5830	5831	5832
1554	1576	1555	5832	5833	5766
1555	1576	1577	5833	5834	5835
1555	1577	1556	5835	5836	5769
1556	1577	1578	5836	5837	5838
1556	1578	1557	5838	5839	5772
1557	1578	1579	5839	5840	5841
1557	1579	1558	5841	5842	5775
1558	1579	1580	5842	5843	5844
1558	1580	1559	5844	5845	5778
1559	1580	1581	5845	5846	5847
1559	1581	1560	5847	5848	5781
1560	1581	1582	5848	5849	5850
1560	1582	1561	5850	5851	5784
1561	1582	1583	5851	5852	5853
1561	1583	1562	5853	5854	5787
1562	1583	1584	5854	5855	5856
1562	1584	1563	5856	5857	5790
1563	1584	1585	5857	5858	5859
1563	1585	1564	5859	5860	5793
1564	1585	1586	5860	5861	5862
1564	1586	1565	5862	5863	5796
1565	1586	1587	5863	5864	5865
1565	1587	1566	5865	5866	5799
1566	1587	1588	5866	5867	5868
1566	1588	1567	5868	5869	5802
1567	1588	1589	5869	5870	5871
1567	1589	1568	5871	5872	5805
1568	1589	1590	5872	5873	5874
1568	1590	1569	5874	5875	5808
1569	1590	241	5875	5876	5877
1569	241	240	5877	332	5811
58	59	1591	150	5878	5879
58	1591	1570	5879	5880	5813
1570	1591	1592	5880	5881	5882
1570	1592	1571	5882	5883	5816
1571	1592	1593	5883	5884	5885
1571	1593	1572	5885	5886	5819
1572	1593	1594	5886	5887	5888
1572	1594	1573	5888	5889	5822
1573	1594	1595	5889	5890	5891
1573	1595	1574	5891	5892	5825
1574	1595	1596	5892	5893	5894
1574	1596	1575	5894	5895	5828
1575	1596	1597	5895	5896	5897
1575	1597	1576	5897	5898	5831
1576	1597	1598	5898	5899	5900
1576	1598	1577	5900	5901	5834
1577	1598	1599	5901	5902	5903
1577	1599	1578	5903	5904	5837
1578	1599	1600	5904	5905	5906
1578	1600	1579	5906	5907	5840
1579	1600	1601	5907	5908	5909
1579	1601	1580	5909	5910	5843
1580	1601	1602	5910	5911	5912
1580	1602	1581	5912	5913	5846
1581	1602	1603	5913	5914	5915
1581	1603	1582	5915	5916	5849
1582	1603	1604	5916	5917	5918
1582	1604	1583	5918	5919	5852
1583	1604	1605	5919	5920	5921
1583	1605	1584	5921	5922	5855
1584	1605	1606	5922	5923	5924
1584	1606	1585	5924	5925	5858
1585	1606	1607	5925	5926	5927
1585	1607	1586	5927	5928	5861
1586	1607	1608	5928	5929	5930
1586	1608	1587	5930	5931	5864
1587	1608	1609	5931	5932	5933
1587	1609	1588	5933	5934	5867
1588	1609	1610	5934	5935	5936
1588	1610	1589	5936	5937	5870
1589	1610	1611	5937	5938	5939
1589	1611	1590	5939	5940	5873
1590	1611	242	5940	5941	5942
1590	242	241	5942	333	5876
59	60	1612	151	5943	5944
59	1612	1591	5944	5945	5878
1591	1612	1613	5945	5946	5947
1591	1613	1592	5947	5948	5881
1592	1613	1614	5948	5949	5950
1592	1614	1593	5950	5951	5884
1593	1614	1615	5951	5952	5953
1593	1615	1594	5953	5954	5887
1594	1615	1616	5954	5955	5956
1594	1616	1595	5956	5957	5890
1595	1616	1617	5957	5958	5959
1595	1617	1596	5959	5960	5893
1596	1617	1618	5960	5961	5962
1596	1618	1597	5962	5963	5896
1597	1618	1619	5963	5964	5965
1597	1619	1598	5965	5966	5899
1598	1619	1620	5966	5967	5968
1598	1620	1599	5968	5969	5902
1599	1620	1621	5969	5970	5971
1599	1621	1600	5971	5972	5905
1600	1621	1622	5972	5973	5974
1600	1622	1601	5974	5975	5908
1601	1622	1623	5975	5976	5977
1601	1623	1602	5977	5978	5911
1602	1623	1624	5978	5979	5980
1602	1624	1603	5980	5981	5914
1603	1624	1625	5981	5982	5983
1603	1625	1604	5983	5984	5917
1604	1625	1626	5984	5985	5986
1604	1626	1605	5986	5987	5920
1605	1626	1627	5987	5988	5989
1605	1627	1606	5989	5990	5923
1606	1627	1628	5990	5991	5992
1606	1628	1607	5992	5993	5926
1607	1628	1629	5993	5994	5995
1607	1629	1608	5995	5996	5929
1608	1629	1630	5996	5997	5998
1608	1630	1609	5998	5999	5932
1609	1630	1631	5999	6000	6001
1609	1631	1610	6001	6002	5935
1610	1631	1632	6002	6003	6004
1610	1632	1611	6004	6005	5938
1611	1632	243	6005	6006	6007
1611	243	242	6007	334	5941
60	61	1633	152	6008	6009
60	1633	1612	6009	6010	5943
1612	1633	1634	6010	6011	6012
1612	1634	1613	6012	6013	5946
1613	1634	1635	6013	6014	6015
1613	1635	1614	6015	6016	5949
1614	1635	1636	6016	6017	6018
1614	1636	1615	6018	6019	5952
1615	1636	1637	6019	6020	6021
1615	1637	1616	6021	6022	5955
1616	1637	1638	6022	6023	6024
1616	1638	1617	6024	6025	5958
1617	1638	1639	6025	6026	6027
1617	1639	1618	6027	6028	5961
1618	1639	1640	6028	6029	6030
1618	1640	1619	6030	6031	5964
1619	1640	1641	6031	6032	6033
1619	1641	1620	6033	6034	5967
1620	1641	1642	6034	6035	6036
1620	1642	1621	6036	6037	5970
1621	1642	1643	6037	6038	6039
1621	1643	1622	6039	6040	5973
1622	1643	1644	6040	6041	6042
1622	1644	1623	6042	6043	5976
1623	1644	1645	6043	6044	6045
1623	1645	1624	6045	6046	5979
1624	1645	1646	6046	6047	6048
1624	1646	1625	6048	6049	5982
1625	1646	1647	6049	6050	6051
1625	1647	1626	6051	6052	5985
1626	1647	1648	6052	6053	6054
1626	1648	1627	6054	6055	5988
1627	1648	1649	6055	6056	6057
1627	1649	1628	6057	6058	5991
1628	1649	1650	6058	6059	6060
1628	1650	1629	6060	6061	5994
1629	1650	1651	6061	6062	6063
1629	1651	1630	6063	6064	5997
1630	1651	1652	6064	6065	6066
1630	1652	1631	6066	6067	6000
1631	1652	1653	6067	6068	6069
1631	1653	1632	6069	6070	6003
1632	1653	244	6070	6071	6072
1632	244	243	6072	335	6006
61	62	1654	153	6073	6074
61	1654	1633	6074	6075	6008
1633	1654	1655	6075	6076	6077
1633	1655	1634	6077	6078	6011
1634	1655	1656	6078	6079	6080
1634	1656	1635	6080	6081	6014
1635	1656	1657	6081	6082	6083
1635	1657	1636	6083	6084	6017
1636	1657	1658	6084	6085	6086
1636	1658	1637	6086	6087	6020
1637	1658	1659	6087	6088	6089
1637	1659	1638	6089	6090	6023
1638	1659	1660	6090	6091	6092
1638	1660	1639	6092	6093	6026
1639	1660	1661	6093	6094	6095
1639	1661	1640	6095	6096	6029
1640	1661	1662	6096	6097	6098
1640	1662	1641	6098	6099	6032
1641	1662	1663	6099	6100	6101
1641	1663	1642	6101	6102	6035
1642	1663	1664	6102	6103	6104
1642	1664	1643	6104	6105	6038
1643	1664	1665	6105	6106	6107
1643	1665	1644	6107	6108	6041
1644	1665	1666	6108	6109	6110
1644	1666	1645	6110	6111	6044
1645	1666	1667	6111	6112	6113
1645	1667	1646	6113	6114	6047
1646	1667	1668	6114	6115	6116
1646	1668	1647	6116	6117	6050
1647	1668	1669	6117	6118	6119
1647	1669	1648	6119	6120	6053
1648	1669	1670	6120	6121	6122
1648	1670	1649	6122	6123	6056
1649	1670	1671	6123	6124	6125
1649	1671	1650	6125	6126	6059
1650	1671	1672	6126	6127	6128
1650	1672	1651	6128	6129	6062
1651	1672	1673	6129	6130	6131
1651	1673	1652	6131	6132	6065
1652	1673	1674	6132	6133	6134
1652	1674	1653	6134	6135	6068
1653	1674	245	6135	6136	6137
1653	245	244	6137	336	6071
62	63	1675	154	6138	6139
62	1675	1654	6139	6140	6073
1654	1675	1676	6140	6141	6142
1654	1676	1655	6142	6143	6076
1655	1676	1677	6143	6144	6145
1655	1677	1656	6145	6146	6079
1656	1677	1678	6146	6147	6148
1656	1678	1657	6148	6149	6082
1657	1678	1679	6149	6150	6151
1657	1679	1658	6151	6152	6085
1658	1679	1680	6152	6153	6154
1658	1680	1659	6154	6155	6088
1659	1680	1681	6155	6156	6157
1659	1681	1660	6157	6158	6091
1660	1681	1682	6158	6159	6160
1660	1682	1661	6160	6161	6094
1661	1682	1683	6161	6162	6163
1661	1683	1662	6163	6164	6097
1662	1683	1684	6164	6165	6166
1662	1684	1663	6166	6167	6100
1663	1684	1685	6167	6168	6169
1663	1685	1664	6169	6170	6103
1664	1685	1686	6170	6171	6172
1664	1686	1665	6172	6173	6106
1665	1686	1687	6173	6174	6175
1665	1687	1666	6175	6176	6109
1666	1687	1688	6176	6177	6178
1666	1688	1667	6178	6179	6112
1667	1688	1689	6179	6180	6181
1667	1689	1668	6181	6182	6115
1668	1689	1690	6182	6183	6184
1668	1690	1669	6184	6185	6118
1669	1690	1691	6185	6186	6187
1669	1691	1670	6187	6188	6121
1670	1691	1692	6188	6189	6190
1670	1692	1671	6190	6191	6124
1671	1692	1693	6191	6192	6193
1671	1693	1672	6193	6194	6127
1672	1693	1694	6194	6195	6196
1672	1694	1673	6196	6197	6130
1673	1694	1695	6197	6198	6199
1673	1695	1674	6199	6200	6133
1674	1695	246	6200	6201	6202
1674	246	245	6202	337	6136
63	64	1696	155	6203	6204
63	1696	1675	6204	6205	6138
1675	1696	1697	6205	6206	6207
1675	1697	1676	6207	6208	6141
1676	1697	1698	6208	6209	6210
1676	1698	1677	6210	6211	6144
1677	1698	1699	6211	6212	6213
1677	1699	1678	6213	6214	6147
1678	1699	1700	6214	6215	6216
1678	1700	1679	6216	6217	6150
1679	1700	1701	6217	6218	6219
1679	1701	1680	6219	6220	6153
1680	1701	1702	6220	6221	6222
1680	1702	1681	6222	6223	6156
1681	1702	1703	6223	6224	6225
1681	1703	1682	6225	6226	6159
1682	1703	1704	6226	6227	6228
1682	1704	1683	6228	6229	6162
1683	1704	1705	6229	6230	6231
1683	1705	1684	6231	6232	6165
1684	1705	1706	6232	6233	6234
1684	1706	1685	6234	6235	6168
1685	1706	1707	6235	6236	6237
1685	1707	1686	6237	6238	6171
1686	1707	1708	6238	6239	6240
1686	1708	1687	6240	6241	6174
1687	1708	1709	6241	6242	6243
1687	1709	1688	6243	6244	6177
1688	1709	1710	6244	6245	6246
1688	1710	1689	6246	6247	6180
1689	1710	1711	6247	6248	6249
1689	1711	1690	6249	6250	6183
1690	1711	1712	6250	6251	6252
1690	1712	1691	6252	6253	6186
1691	1712	1713	6253	6254	6255
1691	1713	1692	6255	6256	6189
1692	1713	1714	6256	6257	6258
1692	1714	1693	6258	6259	6192
1693	1714	1715	6259	6260	6261
1693	1715	1694	6261	6262	6195
1694	1715	1716	6262	6263	6264
1694	1716	1695	6264	6265	6198
1695	1716	247	6265	6266	6267
1695	247	246	6267	338	6201
64	65	1717	156	6268	6269
64	1717	1696	6269	6270	6203
1696	1717	1718	6270	6271	6272
1696	1718	1697	6272	6273	6206
1697	1718	1719	6273	6274	6275
1697	1719	1698	6275	6276	6209
1698	1719	1720	6276	6277	6278
1698	1720	1699	6278	6279	6212
1699	1720	1721	6279	6280	6281
1699	1721	1700	6281	6282	6215
1700	1721	1722	6282	6283	6284
1700	1722	1701	6284	6285	6218
1701	1722	1723	6285	6286	6287
1701	1723	1702	6287	6288	6221
1702	1723	1724	6288	6289	6290
1702	1724	1703	6290	6291	6224
1703	1724	1725	6291	6292	6293
1703	1725	1704	6293	6294	6227
1704	1725	1726	6294	6295	6296
1704	1726	1705	6296	6297	6230
1705	1726	1727	6297	6298	6299
1705	1727	1706	6299	6300	6233
1706	1727	1728	6300	6301	6302
1706	1728	1707	6302	6303	6236
1707	1728	1729	6303	6304	6305
1707	1729	1708	6305	6306	6239
1708	1729	1730	6306	6307	6308
1708	1730	1709	6308	6309	6242
1709	1730	1731	6309	6310	6311
1709	1731	1710	6311	6312	6245
1710	1731	1732	6312	6313	6314
1710	1732	1711	6314	6315	6248
1711	1732	1733	6315	6316	6317
1711	1733	1712	6317	6318	6251
1712	1733	1734	6318	6319	6320
1712	1734	1713	6320	6321	6254
1713	1734	1735	6321	6322	6323
1713	1735	1714	6323	6324	6257
1714	1735	1736	6324	6325	6326
1714	1736	1715	6326	6327	6260
1715	1736	1737	6327	6328	6329
1715	1737	1716	6329	6330	6263
1716	1737	248	6330	6331	6332
1716	248	247	6332	339	6266
65	66	1738	157	6333	6334
65	1738	1717	6334	6335	6268
1717	1738	1739	6335	6336	6337
1717	1739	1718	6337	6338	6271
1718	1739	1740	6338	6339	6340
1718	1740	1719	6340	6341	6274
1719	1740	1741	6341	6342	6343
1719	1741	1720	6343	6344	6277
1720	1741	1742	6344	6345	6346
1720	1742	1721	6346	6347	6280
1721	1742	1743	6347	6348	6349
1721	1743	1722	6349	6350	6283
1722	1743	1744	6350	6351	6352
1722	1744	1723	6352	6353	6286
1723	1744	1745	6353	6354	6355
1723	1745	1724	6355	6356	6289
1724	1745	1746	6356	6357	6358
1724	1746	1725	6358	6359	6292
1725	1746	1747	6359	6360	6361
1725	1747	1726	6361	6362	6295
1726	1747	1748	6362	6363	6364
1726	1748	1727	6364	6365	6298
1727	1748	1749	6365	6366	6367
1727	1749	1728	6367	6368	6301
1728	1749	1750	6368	6369	6370
1728	1750	1729	6370	6371	6304
1729	1750	1751	6371	6372	6373
1729	1751	1730	6373	6374	6307
1730	1751	1752	6374	6375	6376
1730	1752	1731	6376	6377	6310
1731	1752	1753	6377	6378	6379
1731	1753	1732	6379	6380	6313
1732	1753	1754	6380	6381	6382
1732	1754	1733	6382	6383	6316
1733	1754	1755	6383	6384	6385
1733	1755	1734	6385	6386	6319
1734	1755	1756	6386	6387	6388
1734	1756	1735	6388	6389	6322
1735	1756	1757	6389	6390	6391
1735	1757	1736	6391	6392	6325
1736	1757	1758	6392	6393	6394
1736	1758	1737	6394	6395	6328
1737	1758	249	6395	6396	6397
1737	249	248	6397	340	6331
66	67	1759	158	6398	6399
66	1759	1738	6399	6400	6333
1738	1759	1760	6400	6401	6402
1738	1760	1739	6402	6403	6336
1739	1760	1761	6403	6404	6405
1739	1761	1740	6405	6406	6339
1740	1761	1762	6406	6407	6408
1740	1762	1741	6408	6409	6342
1741	1762	1763	6409	6410	6411
1741	1763	1742	6411	6412	6345
1742	1763	1764	6412	6413	6414
1742	1764	1743	6414	6415	6348
1743	1764	1765	6415	6416	6417
1743	1765	1744	6417	6418	6351
1744	1765	1766	6418	6419	6420
1744	1766	1745	6420	6421	6354
1745	1766	1767	6421	6422	6423
1745	1767	1746	6423	6424	6357
1746	1767	1768	6424	6425	6426
1746	1768	1747	6426	6427	6360
1747	1768	1769	6427	6428	6429
1747	1769	1748	6429	6430	6363
1748	1769	1770	6430	6431	6432
1748	1770	1749	6432	6433	6366
1749	1770	1771	6433	6434	6435
1749	1771	1750	6435	6436	6369
1750	1771	1772	6436	6437	6438
1750	1772	1751	6438	6439	6372
1751	1772	1773	6439	6440	6441
1751	1773	1752	6441	6442	6375
1752	1773	1774	6442	6443	6444
1752	1774	1753	6444	6445	6378
1753	1774	1775	6445	6446	6447
1753	1775	1754	6447	6448	6381
1754	1775	1776	6448	6449	6450
1754	1776	1755	6450	6451	6384
1755	1776	1777	6451	6452	6453
1755	1777	1756	6453	6454	6387
1756	1777	1778	6454	6455	6456
1756	1778	1757	6456	6457	6390
1757	1778	1779	6457	6458	6459
1757	1779	1758	6459	6460	6393
1758	1779	250	6460	6461	6462
1758	250	249	6462	341	6396
67	68	1780	159	6463	6464
67	1780	1759	6464	6465	6398
1759	1780	1781	6465	6466	6467
1759	1781	1760	6467	6468	6401
1760	1781	1782	6468	6469	6470
1760	1782	1761	6470	6471	6404
1761	1782	1783	6471	6472	6473
1761	1783	1762	6473	6474	6407
1762	1783	1784	6474	6475	6476
1762	1784	1763	6476	6477	6410
1763	1784	1785	6477	6478	6479
1763	1785	1764	6479	6480	6413
1764	1785	1786	6480	6481	6482
1764	1786	1765	6482	6483	6416
1765	1786	1787	6483	6484	6485
1765	1787	1766	6485	6486	6419
1766	1787	1788	6486	6487	6488
1766	1788	1767	6488	6489	6422
1767	1788	1789	6489	6490	6491
1767	1789	1768	6491	6492	6425
1768	1789	1790	6492	6493	6494
1768	1790	1769	6494	6495	6428
1769	1790	1791	6495	6496	6497
1769	1791	1770	6497	6498	6431
1770	1791	1792	6498	6499	6500
1770	1792	1771	6500	6501	6434
1771	1792	1793	6501	6502	6503
1771	1793	1772	6503	6504	6437
1772	1793	1794	6504	6505	6506
1772	1794	1773	6506	6507	6440
1773	1794	1795	6507	6508	6509
1773	1795	1774	6509	6510	6443
1774	1795	1796	6510	6511	6512
1774	1796	1775	6512	6513	6446
1775	1796	1797	6513	6514	6515
1775	1797	1776	6515	6516	6449
1776	1797	1798	6516	6517	6518
1776	1798	1777	6518	6519	6452
1777	1798	1799	6519	6520	6521
1777	1799	1778	6521	6522	6455
1778	1799	1800	6522	6523	6524
1778	1800	1779	6524	6525	6458
1779	1800	251	6525	6526	6527
1779	251	250	6527	342	6461
68	69	1801	160	6528	6529
68	1801	1780	6529	6530	6463
1780	1801	1802	6530	6531	6532
1780	1802	1781	6532	6533	6466
1781	1802	1803	6533	6534	6535
1781	1803	1782	6535	6536	6469
1782	1803	1804	6536	6537	6538
1782	1804	1783	6538	6539	6472
1783	1804	1805	6539	6540	6541
1783	1805	1784	6541	6542	6475
1784	1805	1806	6542	6543	6544
1784	1806	1785	6544	6545	6478
1785	1806	1807	6545	6546	6547
1785	1807	1786	6547	6548	6481
1786	1807	1808	6548	6549	6550
1786	1808	1787	6550	6551	6484
1787	1808	1809	6551	6552	6553
1787	1809	1788	6553	6554	6487
1788	1809	1810	6554	6555	6556
1788	1810	1789	6556	6557	6490
1789	1810	1811	6557	6558	6559
1789	1811	1790	6559	6560	6493
1790	1811	1812	6560	6561	6562
1790	1812	1791	6562	6563	6496
1791	1812	1813	6563	6564	6565
1791	1813	1792	6565	6566	6499
1792	1813	1814	6566	6567	6568
1792	1814	1793	6568	6569	6502
1793	1814	1815	6569	6570	6571
1793	1815	1794	6571	6572	6505
1794	1815	1816	6572	6573	6574
1794	1816	1795	6574	6575	6508
1795	1816	1817	6575	6576	6577
1795	1817	1796	6577	6578	6511
1796	1817	1818	6578	6579	6580
1796	1818	1797	6580	6581	6514
1797	1818	1819	6581	6582	6583
1797	1819	1798	6583	6584	6517
1798	1819	1820	6584	6585	6586
1798	1820	1799	6586	6587	6520
1799	1820	1821	6587	6588	6589
1799	1821	1800	6589	6590	6523
1800	1821	252	6590	6591	6592
1800	252	251	6592	343	6526
69	70	1822	161	6593	6594
69	1822	1801	6594	6595	6528
1801	1822	1823	6595	6596	6597
1801	1823	1802	6597	6598	6531
1802	1823	1824	6598	6599	6600
1802	1824	1803	6600	6601	6534
1803	1824	1825	6601	6602	6603
1803	1825	1804	6603	6604	6537
1804	1825	1826	6604	6605	6606
1804	1826	1805	6606	6607	6540
1805	1826	1827	6607	6608	6609
1805	1827	1806	6609	6610	6543
1806	1827	1828	6610	6611	6612
1806	1828	1807	6612	6613	6546
1807	1828	1829	6613	6614	6615
1807	1829	1808	6615	6616	6549
1808	1829	1830	6616	6617	6618
1808	1830	1809	6618	6619	6552
1809	1830	1831	6619	6620	6621
1809	1831	1810	6621	6622	6555
1810	1831	1832	6622	6623	6624
1810	1832	1811	6624	6625	6558
1811	1832	1833	6625	6626	6627
1811	1833	1812	6627	6628	6561
1812	1833	1834	6628	6629	6630
1812	1834	1813	6630	6631	6564
1813	1834	1835	6631	6632	6633
1813	1835	1814	6633	6634	6567
1814	1835	1836	6634	6635	6636
1814	1836	1815	6636	6637	6570
1815	1836	1837	6637	6638	6639
1815	1837	1816	6639	6640	6573
1816	1837	1838	6640	6641	6642
1816	1838	1817	6642	6643	6576
1817	1838	1839	6643	6644	6645
1817	1839	1818	6645	6646	6579
1818	1839	1840	6646	6647	6648
1818	1840	1819	6648	6649	6582
1819	1840	1841	6649	6650	6651
1819	1841	1820	6651	6652	6585
1820	1841	1842	6652	6653	6654
1820	1842	1821	6654	6655	6588
1821	1842	253	6655	6656	6657
1821	253	252	6657	344	6591
70	71	1843	162	6658	6659
70	1843	1822	6659	6660	6593
1822	1843	1844	6660	6661	6662
1822	1844	1823	6662	6663	6596
1823	1844	1845	6663	6664	6665
1823	1845	1824	6665	6666	6599
1824	1845	1846	6666	6667	6668
1824	1846	1825	6668	6669	6602
1825	1846	1847	6669	6670	6671
1825	1847	1826	6671	6672	6605
1826	1847	1848	6672	6673	6674
1826	1848	1827	6674	6675	6608
1827	1848	1849	6675	6676	6677
1827	1849	1828	6677	6678	6611
1828	1849	1850	6678	6679	6680
1828	1850	1829	6680	6681	6614
1829	1850	1851	6681	6682	6683
1829	1851	1830	6683	6684	6617
1830	1851	1852	6684	6685	6686
1830	1852	1831	6686	6687	6620
1831	1852	1853	6687	6688	6689
1831	1853	1832	6689	6690	6623
1832	1853	1854	6690	6691	6692
1832	1854	1833	6692	6693	6626
1833	1854	1855	6693	6694	6695
1833	1855	1834	6695	6696	6629
1834	1855	1856	6696	6697	6698
1834	1856	1835	6698	6699	6632
1835	1856	1857	6699	6700	6701
1835	1857	1836	6701	6702	6635
1836	1857	1858	6702	6703	6704
1836	1858	1837	6704	6705	6638
1837	1858	1859	6705	6706	6707
1837	1859	1838	6707	6708	6641
1838	1859	1860	6708	6709	6710
1838	1860	1839	6710	6711	6644
1839	1860	1861	6711	6712	6713
1839	1861	1840	6713	6714	6647
1840	1861	1862	6714	6715	6716
1840	1862	1841	6716	6717	6650
1841	1862	1863	6717	6718	6719
1841	1863	1842	6719	6720	6653
1842	1863	254	6720	6721	6722
1842	254	253	6722	345	6656
71	72	1864	163	6723	6724
71	1864	1843	6724	6725	6658
1843	1864	1865	6725	6726	6727
1843	1865	1844	6727	6728	6661
1844	1865	1866	6728	6729	6730
1844	1866	1845	6730	6731	6664
1845	1866	1867	6731	6732	6733
1845	1867	1846	6733	6734	6667
1846	1867	1868	6734	6735	6736
1846	1868	1847	6736	6737	6670
1847	1868	1869	6737	6738	6739
1847	1869	1848	6739	6740	6673
1848	1869	1870	6740	6741	6742
1848	1870	1849	6742	6743	6676
1849	1870	1871	6743	6744	6745
1849	1871	1850	6745	6746	6679
1850	1871	1872	6746	6747	6748
1850	1872	1851	6748	6749	6682
1851	1872	1873	6749	6750	6751
1851	1873	1852	6751	6752	6685
1852	1873	1874	6752	6753	6754
1852	1874	1853	6754	6755	6688
1853	1874	1875	6755	6756	6757
1853	1875	1854	6757	6758	6691
1854	1875	1876	6758	6759	6760
1854	1876	1855	6760	6761	6694
1855	1876	1877	6761	6762	6763
1855	1877	1856	6763	6764	6697
1856	1877	1878	6764	6765	6766
1856	1878	1857	6766	6767	6700
1857	1878	1879	6767	6768	6769
1857	1879	1858	6769	6770	6703
1858	1879	1880	6770	6771	6772
1858	1880	1859	6772	6773	6706
1859	1880	1881	6773	6774	6775
1859	1881	1860	6775	6776	6709
1860	1881	1882	6776	6777	6778
1860	1882	1861	6778	6779	6712
1861	1882	1883	6779	6780	6781
1861	1883	1862	6781	6782	6715
1862	1883	1884	6782	6783	6784
1862	1884	1863	6784	6785	6718
1863	1884	255	6785	6786	6787
1863	255	254	6787	346	6721
72	73	1885	164	6788	6789
72	1885	1864	6789	6790	6723
1864	1885	1886	6790	6791	6792
1864	1886	1865	6792	6793	6726
1865	1886	1887	6793	6794	6795
1865	1887	1866	6795	6796	6729
1866	1887	1888	6796	6797	6798
1866	1888	1867	6798	6799	6732
1867	1888	1889	6799	6800	6801
1867	1889	1868	6801	6802	6735
1868	1889	1890	6802	6803	6804
1868	1890	1869	6804	6805	6738
1869	1890	1891	6805	6806	6807
1869	1891	1870	6807	6808	6741
1870	1891	1892	6808	6809	6810
1870	1892	1871	6810	6811	6744
1871	1892	1893	6811	6812	6813
1871	1893	1872	6813	6814	6747
1872	1893	1894	6814	6815	6816
1872	1894	1873	6816	6817	6750
1873	1894	1895	6817	6818	6819
1873	1895	1874	6819	6820	6753
1874	1895	1896	6820	6821	6822
1874	1896	1875	6822	6823	6756
1875	1896	1897	6823	6824	6825
1875	1897	1876	6825	6826	6759
1876	1897	1898	6826	6827	6828
1876	1898	1877	6828	6829	6762
1877	1898	1899	6829	6830	6831
1877	1899	1878	6831	6832	6765
1878	1899	1900	6832	6833	6834
1878	1900	1879	6834	6835	6768
1879	1900	1901	6835	6836	6837
1879	1901	1880	6837	6838	6771
1880	1901	1902	6838	6839	6840
1880	1902	1881	6840	6841	6774
1881	1902	1903	6841	6842	6843
1881	1903	1882	6843	6844	6777
1882	1903	1904	6844	6845	6846
1882	1904	1883	6846	6847	6780
1883	1904	1905	6847	6848	6849
1883	1905	1884	6849	6850	6783
1884	1905	256	6850	6851	6852
1884	256	255	6852	347	6786
73	74	1906	165	6853	6854
73	1906	1885	6854	6855	6788
1885	1906	1907	6855	6856	6857
1885	1907	1886	6857	6858	6791
1886	1907	1908	6858	6859	6860
1886	1908	1887	6860	6861	6794
1887	1908	1909	6861	6862	6863
1887	1909	1888	6863	6864	6797
1888	1909	1910	6864	6865	6866
1888	1910	1889	6866	6867	6800
1889	1910	1911	6867	6868	6869
1889	1911	1890	6869	6870	6803
1890	1911	1912	6870	6871	6872
1890	1912	1891	6872	6873	6806
1891	1912	1913	6873	6874	6875
1891	1913	1892	6875	6876	6809
1892	1913	1914	6876	6877	6878
1892	1914	1893	6878	6879	6812
1893	1914	1915	6879	6880	6881
1893	1915	1894	6881	6882	6815
1894	1915	1916	6882	6883	6884
1894	1916	1895	6884	6885	6818
1895	1916	1917	6885	6886	6887
1895	1917	1896	6887	6888	6821
1896	1917	1918	6888	6889	6890
1896	1918	1897	6890	6891	6824
1897	1918	1919	6891	6892	6893
1897	1919	1898	6893	6894	6827
1898	1919	1920	6894	6895	6896
1898	1920	1899	6896	6897	6830
1899	1920	1921	6897	6898	6899
1899	1921	1900	6899	6900	6833
1900	1921	1922	6900	6901	6902
1900	1922	1901	6902	6903	6836
1901	1922	1923	6903	6904	6905
1901	1923	1902	6905	6906	6839
1902	1923	1924	6906	6907	6908
1902	1924	1903	6908	6909	6842
1903	1924	1925	6909	6910	6911
1903	1925	1904	6911	6912	6845
1904	1925	1926	6912	6913	6914
1904	1926	1905	6914	6915	6848
1905	1926	257	6915	6916	6917
1905	257	256	6917	348	6851
74	75	1927	166	6918	6919
74	1927	1906	6919	6920	6853
1906	1927	1928	6920	6921	6922
1906	1928	1907	6922	6923	6856
1907	1928	1929	6923	6924	6925
1907	1929	1908	6925	6926	6859
1908	1929	1930	6926	6927	6928
1908	1930	1909	6928	6929	6862
1909	1930	1931	6929	6930	6931
1909	1931	1910	6931	6932	6865
1910	1931	1932	6932	6933	6934
1910	1932	1911	6934	6935	6868
1911	1932	1933	6935	6936	6937
1911	1933	1912	6937	6938	6871
1912	1933	1934	6938	6939	6940
1912	1934	1913	6940	6941	6874
1913	1934	1935	6941	6942	6943
1913	1935	1914	6943	6944	6877
1914	1935	1936	6944	6945	6946
1914	1936	1915	6946	6947	6880
1915	1936	1937	6947	6948	6949
1915	1937	1916	6949	6950	6883
1916	1937	1938	6950	6951	6952
1916	1938	1917	6952	6953	6886
1917	1938	1939	6953	6954	6955
1917	1939	1918	6955	6956	6889
1918	1939	1940	6956	6957	6958
1918	1940	1919	6958	6959	6892
1919	1940	1941	6959	6960	6961
1919	1941	1920	6961	6962	6895
1920	1941	1942	6962	6963	6964
1920	1942	1921	6964	6965	6898
1921	1942	1943	6965	6966	6967
1921	1943	1922	6967	6968	6901
1922	1943	1944	6968	6969	6970
1922	1944	1923	6970	6971	6904
1923	1944	1945	6971	6972	6973
1923	1945	1924	6973	6974	6907
1924	1945	1946	6974	6975	6976
1924	1946	1925	6976	6977	6910
1925	1946	1947	6977	6978	6979
1925	1947	1926	6979	6980	6913
1926	1947	258	6980	6981	6982
1926	258	257	6982	349	6916
75	76	1948	167	6983	6984
75	1948	1927	6984	6985	6918
1927	1948	1949	6985	6986	6987
1927	1949	1928	6987	6988	6921
1928	1949	1950	6988	6989	6990
1928	1950	1929	6990	6991	6924
1929	1950	1951	6991	6992	6993
1929	1951	1930	6993	6994	6927
1930	1951	1952	6994	6995	6996
1930	1952	1931	6996	6997	6930
1931	1952	1953	6997	6998	6999
1931	1953	1932	6999	7000	6933
1932	1953	1954	7000	7001	7002
1932	1954	1933	7002	7003	6936
1933	1954	1955	7003	7004	7005
1933	1955	1934	7005	7006	6939
1934	1955	1956	7006	7007	7008
1934	1956	1935	7008	7009	6942
1935	1956	1957	7009	7010	7011
1935	1957	1936	7011	7012	6945
1936	1957	1958	7012	7013	7014
1936	1958	1937	7014	7015	6948
1937	1958	1959	7015	7016	7017
1937	1959	1938	7017	7018	6951
1938	1959	1960	7018	7019	7020
1938	1960	1939	7020	7021	6954
1939	1960	1961	7021	7022	7023
1939	1961	1940	7023	7024	6957
1940	1961	1962	7024	7025	7026
1940	1962	1941	7026	7027	6960
1941	1962	1963	7027	7028	7029
1941	1963	1942	7029	7030	6963
1942	1963	1964	7030	7031	7032
1942	1964	1943	7032	7033	6966
1943	1964	1965	7033	7034	7035
1943	1965	1944	7035	7036	6969
1944	1965	1966	7036	7037	7038
1944	1966	1945	7038	7039	6972
1945	1966	1967	7039	7040	7041
1945	1967	1946	7041	7042	6975
1946	1967	1968	7042	7043	7044
1946	1968	1947	7044	7045	6978
1947	1968	259	7045	7046	7047
1947	259	258	7047	350	6981
76	77	1969	168	7048	7049
76	1969	1948	7049	7050	6983
1948	1969	1970	7050	7051	7052
1948	1970	1949	7052	7053	6986
1949	1970	1971	7053	7054	7055
1949	1971	1950	7055	7056	6989
1950	1971	1972	7056	7057	7058
1950	1972	1951	7058	7059	6992
1951	1972	1973	7059	7060	7061
1951	1973	1952	7061	7062	6995
1952	1973	1974	7062	7063	7064
1952	1974	1953	7064	7065	6998
1953	1974	1975	7065	7066	7067
1953	1975	1954	7067	7068	7001
1954	1975	1976	7068	7069	7070
1954	1976	1955	7070	7071	7004
1955	1976	1977	7071	7072	7073
1955	1977	1956	7073	7074	7007
1956	1977	1978	7074	7075	7076
1956	1978	1957	7076	7077	7010
1957	1978	1979	7077	7078	7079
1957	1979	1958	7079	7080	7013
1958	1979	1980	7080	7081	7082
1958	1980	1959	7082	7083	7016
1959	1980	1981	7083	7084	7085
1959	1981	1960	7085	7086	7019
1960	1981	1982	7086	7087	7088
1960	1982	1961	7088	7089	7022
1961	1982	1983	7089	7090	7091
1961	1983	1962	7091	7092	7025
1962	1983	1984	7092	7093	7094
1962	1984	1963	7094	7095	7028
1963	1984	1985	7095	7096	7097
1963	1985	1964	7097	7098	7031
1964	1985	1986	7098	7099	7100
1964	1986	1965	7100	7101	7034
1965	1986	1987	7101	7102	7103
1965	1987	1966	7103	7104	7037
1966	1987	1988	7104	7105	7106
1966	1988	1967	7106	7107	7040
1967	1988	1989	7107	7108	7109
1967	1989	1968	7109	7110	7043
1968	1989	260	7110	7111	7112
1968	260	259	7112	351	7046
77	78	1990	169	7113	7114
77	1990	1969	7114	7115	7048
1969	1990	1991	7115	7116	7117
1969	1991	1970	7117	7118	7051
1970	1991	1992	7118	7119	7120
1970	1992	1971	7120	7121	7054
1971	1992	1993	7121	7122	7123
1971	1993	1972	7123	7124	7057
1972	1993	1994	7124	7125	7126
1972	1994	1973	7126	7127	7060
1973	1994	1995	7127	7128	7129
1973	1995	1974	7129	7130	7063
1974	1995	1996	7130	7131	7132
1974	1996	1975	7132	7133	7066
1975	1996	1997	7133	7134	7135
1975	1997	1976	7135	7136	7069
1976	1997	1998	7136	7137	7138
1976	1998	1977	7138	7139	7072
1977	1998	1999	7139	7140	7141
1977	1999	1978	7141	7142	7075
1978	1999	2000	7142	7143	7144
1978	2000	1979	7144	7145	7078
1979	2000	2001	7145	7146	7147
1979	2001	1980	7147	7148	7081
1980	2001	2002	7148	7149	7150
1980	2002	1981	7150	7151	7084
1981	2002	2003	7151	7152	7153
1981	2003	1982	7153	7154	7087
1982	2003	2004	7154	7155	7156
1982	2004	1983	7156	7157	7090
1983	2004	2005	7157	7158	7159
1983	2005	1984	7159	7160	7093
1984	2005	2006	7160	7161	7162
1984	2006	1985	7162	7163	7096
1985	2006	2007	7163	7164	7165
1985	2007	1986	7165	7166	7099
1986	2007	2008	7166	7167	7168
1986	2008	1987	7168	7169	7102
1987	2008	2009	7169	7170	7171
1987	2009	1988	7171	7172	7105
1988	2009	2010	7172	7173	7174
1988	2010	1989	7174	7175	7108
1989	2010	261	7175	7176	7177
1989	261	260	7177	352	7111
78	79	2011	170	7178	7179
78	2011	1990	7179	7180	7113
1990	2011	2012	7180	7181	7182
1990	2012	1991	7182	7183	7116
1991	2012	2013	7183	7184	7185
1991	2013	1992	7185	7186	7119
1992	2013	2014	7186	7187	7188
1992	2014	1993	7188	7189	7122
1993	2014	2015	7189	7190	7191
1993	2015	1994	7191	7192	7125
1994	2015	2016	7192	7193	7194
1994	2016	1995	7194	7195	7128
1995	2016	2017	7195	7196	7197
1995	2017	1996	7197	7198	7131
1996	2017	2018	7198	7199	7200
1996	2018	1997	7200	7201	7134
1997	2018	2019	7201	7202	7203
1997	2019	1998	7203	7204	7137
1998	2019	2020	7204	7205	7206
1998	2020	1999	7206	7207	7140
1999	2020	2021	7207	7208	7209
1999	2021	2000	7209	7210	7143
2000	2021	2022	7210	7211	7212
2000	2022	2001	7212	7213	7146
2001	2022	2023	7213	7214	7215
2001	2023	2002	7215	7216	7149
2002	2023	2024	7216	7217	7218
2002	2024	2003	7218	7219	7152
2003	2024	2025	7219	7220	7221
2003	2025	2004	7221	7222	7155
2004	2025	2026	7222	7223	7224
2004	2026	2005	7224	7225	7158
2005	2026	2027	7225	7226	7227
2005	2027	2006	7227	7228	7161
2006	2027	2028	7228	7229	7230
2006	2028	2007	7230	7231	7164
2007	2028	2029	7231	7232	7233
2007	2029	2008	7233	7234	7167
2008	2029	2030	7234	7235	7236
2008	2030	2009	7236	7237	7170
2009	2030	2031	7237	7238	7239
2009	2031	2010	7239	7240	7173
2010	2031	262	7240	7241	7242
2010	262	261	7242	353	7176
79	80	2032	171	7243	7244
79	2032	2011	7244	7245	7178
2011	2032	2033	7245	7246	7247
2011	2033	2012	7247	7248	7181
2012	2033	2034	7248	7249	7250
2012	2034	2013	7250	7251	7184
2013	2034	2035	7251	7252	7253
2013	2035	2014	7253	7254	7187
2014	2035	2036	7254	7255	7256
2014	2036	2015	7256	7257	7190
2015	2036	2037	7257	7258	7259
2015	2037	2016	7259	7260	7193
2016	2037	2038	7260	7261	7262
2016	2038	2017	7262	7263	7196
2017	2038	2039	7263	7264	7265
2017	2039	2018	7265	7266	7199
2018	2039	2040	7266	7267	7268
2018	2040	2019	7268	7269	7202
2019	2040	2041	7269	7270	7271
2019	2041	2020	7271	7272	7205
2020	2041	2042	7272	7273	7274
2020	2042	2021	7274	7275	7208
2021	2042	2043	7275	7276	7277
2021	2043	2022	7277	7278	7211
2022	2043	2044	7278	7279	7280
2022	2044	2023	7280	7281	7214
2023	2044	2045	7281	7282	7283
2023	2045	2024	7283	7284	7217
2024	2045	2046	7284	7285	7286
2024	2046	2025	7286	7287	7220
2025	2046	2047	7287	7288	7289
2025	2047	2026	7289	7290	7223
2026	2047	2048	7290	7291	7292
2026	2048	2027	7292	7293	7226
2027	2048	2049	7293	7294	7295
2027	2049	2028	7295	7296	7229
2028	2049	2050	7296	7297	7298
2028	2050	2029	7298	7299	7232
2029	2050	2051	7299	7300	7301
2029	2051	2030	7301	7302	7235
2030	2051	2052	7302	7303	7304
2030	2052	2031	7304	7305	7238
2031	2052	263	7305	7306	7307
2031	263	262	7307	354	7241
80	81	2053	172	7308	7309
80	2053	2032	7309	7310	7243
2032	2053	2054	7310	7311	7312
2032	2054	2033	7312	7313	7246
2033	2054	2055	7313	7314	7315
2033	2055	2034	7315	7316	7249
2034	2055	2056	7316	7317	7318
2034	2056	2035	7318	7319	7252
2035	2056	2057	7319	7320	7321
2035	2057	2036	7321	7322	7255
2036	2057	2058	7322	7323	7324
2036	2058	2037	7324	7325	7258
2037	2058	2059	7325	7326	7327
2037	2059	2038	7327	7328	7261
2038	2059	2060	7328	7329	7330
2038	2060	2039	7330	7331	7264
2039	2060	2061	7331	7332	7333
2039	2061	2040	7333	7334	7267
2040	2061	2062	7334	7335	7336
2040	2062	2041	7336	7337	7270
2041	2062	2063	7337	7338	7339
2041	2063	2042	7339	7340	7273
2042	2063	2064	7340	7341	7342
2042	2064	2043	7342	7343	7276
2043	2064	2065	7343	7344	7345
2043	2065	2044	7345	7346	7279
2044	2065	2066	7346	7347	7348
2044	2066	2045	7348	7349	7282
2045	2066	2067	7349	7350	7351
2045	2067	2046	7351	7352	7285
2046	2067	2068	7352	7353	7354
2046	2068	2047	7354	7355	7288
2047	2068	2069	7355	7356	7357
2047	2069	2048	7357	7358	7291
2048	2069	2070	7358	7359	7360
2048	2070	2049	7360	7361	7294
2049	2070	2071	7361	7362	7363
2049	2071	2050	7363	7364	7297
2050	2071	2072	7364	7365	7366
2050	2072	2051	7366	7367	7300
2051	2072	2073	7367	7368	7369
2051	2073	2052	7369	7370	7303
2052	2073	264	7370	7371	7372
2052	264	263	7372	355	7306
81	82	2074	173	7373	7374
81	2074	2053	7374	7375	7308
2053	2074	2075	7375	7376	7377
2053	2075	2054	7377	7378	7311
2054	2075	2076	7378	7379	7380
2054	2076	2055	7380	7381	7314
2055	2076	2077	7381	7382	7383
2055	2077	2056	7383	7384	7317
2056	2077	2078	7384	7385	7386
2056	2078	2057	7386	7387	7320
2057	2078	2079	7387	7388	7389
2057	2079	2058	7389	7390	7323
2058	2079	2080	7390	7391	7392
2058	2080	2059	7392	7393	7326
2059	2080	2081	7393	7394	7395
2059	2081	2060	7395	7396	7329
2060	2081	2082	7396	7397	7398
2060	2082	2061	7398	7399	7332
2061	2082	2083	7399	7400	7401
2061	2083	2062	7401	7402	7335
2062	2083	2084	7402	7403	7404
2062	2084	2063	7404	7405	7338
2063	2084	2085	7405	7406	7407
2063	2085	2064	7407	7408	7341
2064	2085	2086	7408	7409	7410
2064	2086	2065	7410	7411	7344
2065	2086	2087	7411	7412	7413
2065	2087	2066	7413	7414	7347
2066	2087	2088	7414	7415	7416
2066	2088	2067	7416	7417	7350
2067	2088	2089	7417	7418	7419
2067	2089	2068	7419	7420	7353
2068	2089	2090	7420	7421	7422
2068	2090	2069	7422	7423	7356
2069	2090	2091	7423	7424	7425
2069	2091	2070	7425	7426	7359
2070	2091	2092	7426	7427	7428
2070	2092	2071	7428	7429	7362
2071	2092	2093	7429	7430	7431
2071	2093	2072	7431	7432	7365
2072	2093	2094	7432	7433	7434
2072	2094	2073	7434	7435	7368
2073	2094	265	7435	7436	7437
2073	265	264	7437	356	7371
82	83	2095	174	7438	7439
82	2095	2074	7439	7440	7373
2074	2095	2096	7440	7441	7442
2074	2096	2075	7442	7443	7376
2075	2096	2097	7443	7444	7445
2075	2097	2076	7445	7446	7379
2076	2097	2098	7446	7447	7448
2076	2098	2077	7448	7449	7382
2077	2098	2099	7449	7450	7451
2077	2099	2078	7451	7452	7385
2078	2099	2100	7452	7453	7454
2078	2100	2079	7454	7455	7388
2079	2100	2101	7455	7456	7457
2079	2101	2080	7457	7458	7391
2080	2101	2102	7458	7459	7460
2080	2102	2081	7460	7461	7394
2081	2102	2103	7461	7462	7463
2081	2103	2082	7463	7464	7397
2082	2103	2104	7464	7465	7466
2082	2104	2083	7466	7467	7400
2083	2104	2105	7467	7468	7469
2083	2105	2084	7469	7470	7403
2084	2105	2106	7470	7471	7472
2084	2106	2085	7472	7473	7406
2085	2106	2107	7473	7474	7475
2085	2107	2086	7475	7476	7409
2086	2107	2108	7476	7477	7478
2086	2108	2087	7478	7479	7412
2087	2108	2109	7479	7480	7481
2087	2109	2088	7481	7482	7415
2088	2109	2110	7482	7483	7484
2088	2110	2089	7484	7485	7418
2089	2110	2111	7485	7486	7487
2089	2111	2090	7487	7488	7421
2090	2111	2112	7488	7489	7490
2090	2112	2091	7490	7491	7424
2091	2112	2113	7491	7492	7493
2091	2113	2092	7493	7494	7427
2092	2113	2114	7494	7495	7496
2092	2114	2093	7496	7497	7430
2093	2114	2115	7497	7498	7499
2093	2115	2094	7499	7500	7433
2094	2115	266	7500	7501	7502
2094	266	265	7502	357	7436
83	84	2116	175	7503	7504
83	2116	2095	7504	7505	7438
2095	2116	2117	7505	7506	7507
2095	2117	2096	7507	7508	7441
2096	2117	2118	7508	7509	7510
2096	2118	2097	7510	7511	7444
2097	2118	2119	7511	7512	7513
2097	2119	2098	7513	7514	7447
2098	2119	2120	7514	7515	7516
2098	2120	2099	7516	7517	7450
2099	2120	2121	7517	7518	7519
2099	2121	2100	7519	7520	7453
2100	2121	2122	7520	7521	7522
2100	2122	2101	7522	7523	7456
2101	2122	2123	7523	7524	7525
2101	2123	2102	7525	7526	7459
2102	2123	2124	7526	7527	7528
2102	2124	2103	7528	7529	7462
2103	2124	2125	7529	7530	7531
2103	2125	2104	7531	7532	7465
2104	2125	2126	7532	7533	7534
2104	2126	2105	7534	7535	7468
2105	2126	2127	7535	7536	7537
2105	2127	2106	7537	7538	7471
2106	2127	2128	7538	7539	7540
2106	2128	2107	7540	7541	7474
2107	2128	2129	7541	7542	7543
2107	2129	2108	7543	7544	7477
2108	2129	2130	7544	7545	7546
2108	2130	2109	7546	7547	7480
2109	2130	2131	7547	7548	7549
2109	2131	2110	7549	7550	7483
2110	2131	2132	7550	7551	7552
2110	2132	2111	7552	7553	7486
2111	2132	2133	7553	7554	7555
2111	2133	2112	7555	7556	7489
2112	2133	2134	7556	7557	7558
2112	2134	2113	7558	7559	7492
2113	2134	2135	7559	7560	7561
2113	2135	2114	7561	7562	7495
2114	2135	2136	7562	7563	7564
2114	2136	2115	7564	7565	7498
2115	2136	267	7565	7566	7567
2115	267	266	7567	358	7501
84	85	2137	176	7568	7569
84	2137	2116	7569	7570	7503
2116	2137	2138	7570	7571	7572
2116	2138	2117	7572	7573	7506
2117	2138	2139	7573	7574	7575
2117	2139	2118	7575	7576	7509
2118	2139	2140	7576	7577	7578
2118	2140	2119	7578	7579	7512
2119	2140	2141	7579	7580	7581
2119	2141	2120	7581	7582	7515
2120	2141	2142	7582	7583	7584
2120	2142	2121	7584	7585	7518
2121	2142	2143	7585	7586	7587
2121	2143	2122	7587	7588	7521
2122	2143	2144	7588	7589	7590
2122	2144	2123	7590	7591	7524
2123	2144	2145	7591	7592	7593
2123	2145	2124	7593	7594	7527
2124	2145	2146	7594	7595	7596
2124	2146	2125	7596	7597	7530
2125	2146	2147	7597	7598	7599
2125	2147	2126	7599	7600	7533
2126	2147	2148	7600	7601	7602
2126	2148	2127	7602	7603	7536
2127	2148	2149	7603	7604	7605
2127	2149	2128	7605	7606	7539
2128	2149	2150	7606	7607	7608
2128	2150	2129	7608	7609	7542
2129	2150	2151	7609	7610	7611
2129	2151	2130	7611	7612	7545
2130	2151	2152	7612	7613	7614
2130	2152	2131	7614	7615	7548
2131	2152	2153	7615	7616	7617
2131	2153	2132	7617	7618	7551
2132	2153	2154	7618	7619	7620
2132	2154	2133	7620	7621	7554
2133	2154	2155	7621	7622	7623
2133	2155	2134	7623	7624	7557
2134	2155	2156	7624	7625	7626
2134	2156	2135	7626	7627	7560
2135	2156	2157	7627	7628	7629
2135	2157	2136	7629	7630	7563
2136	2157	268	7630	7631	7632
2136	268	267	7632	359	7566
85	86	2158	177	7633	7634
85	2158	2137	7634	7635	7568
2137	2158	2159	7635	7636	7637
2137	2159	2138	7637	7638	7571
2138	2159	2160	7638	7639	7640
2138	2160	2139	7640	7641	7574
2139	2160	2161	7641	7642	7643
2139	2161	2140	7643	7644	7577
2140	2161	2162	7644	7645	7646
2140	2162	2141	7646	7647	7580
2141	2162	2163	7647	7648	7649
2141	2163	2142	7649	7650	7583
2142	2163	2164	7650	7651	7652
2142	2164	2143	7652	7653	7586
2143	2164	2165	7653	7654	7655
2143	2165	2144	7655	7656	7589
2144	2165	2166	7656	7657	7658
2144	2166	2145	7658	7659	7592
2145	2166	2167	7659	7660	7661
2145	2167	2146	7661	7662	7595
2146	2167	2168	7662	7663	7664
2146	2168	2147	7664	7665	7598
2147	2168	2169	7665	7666	7667
2147	2169	2148	7667	7668	7601
2148	2169	2170	7668	7669	7670
2148	2170	2149	7670	7671	7604
2149	2170	2171	7671	7672	7673
2149	2171	2150	7673	7674	7607
2150	2171	2172	7674	7675	7676
2150	2172	2151	7676	7677	7610
2151	2172	2173	7677	7678	7679
2151	2173	2152	7679	7680	7613
2152	2173	2174	7680	7681	7682
2152	2174	2153	7682	7683	7616
2153	2174	2175	7683	7684	7685
2153	2175	2154	7685	7686	7619
2154	2175	2176	7686	7687	7688
2154	2176	2155	7688	7689	7622
2155	2176	2177	7689	7690	7691
2155	2177	2156	7691	7692	7625
2156	2177	2178	7692	7693	7694
2156	2178	2157	7694	7695	7628
2157	2178	269	7695	7696	7697
2157	269	268	7697	360	7631
86	87	2179	178	7698	7699
86	2179	2158	7699	7700	7633
2158	2179	2180	7700	7701	7702
2158	2180	2159	7702	7703	7636
2159	2180	2181	7703	7704	7705
2159	2181	2160	7705	7706	7639
2160	2181	2182	7706	7707	7708
2160	2182	2161	7708	7709	7642
2161	2182	2183	7709	7710	7711
2161	2183	2162	7711	7712	7645
2162	2183	2184	7712	7713	7714
2162	2184	2163	7714	7715	7648
2163	2184	2185	7715	7716	7717
2163	2185	2164	7717	7718	7651
2164	2185	2186	7718	7719	7720
2164	2186	2165	7720	7721	7654
2165	2186	2187	7721	7722	7723
2165	2187	2166	7723	7724	7657
2166	2187	2188	7724	7725	7726
2166	2188	2167	7726	7727	7660
2167	2188	2189	7727	7728	7729
2167	2189	2168	7729	7730	7663
2168	2189	2190	7730	7731	7732
2168	2190	2169	7732	7733	7666
2169	2190	2191	7733	7734	7735
2169	2191	2170	7735	7736	7669
2170	2191	2192	7736	7737	7738
2170	2192	2171	7738	7739	7672
2171	2192	2193	7739	7740	7741
2171	2193	2172	7741	7742	7675
2172	2193	2194	7742	7743	7744
2172	2194	2173	7744	7745	7678
2173	2194	2195	7745	7746	7747
2173	2195	2174	7747	7748	7681
2174	2195	2196	7748	7749	7750
2174	2196	2175	7750	7751	7684
2175	2196	2197	7751	7752	7753
2175	2197	2176	7753	7754	7687
2176	2197	2198	7754	7755	7756
2176	2198	2177	7756	7757	7690
2177	2198	2199	7757	7758	7759
2177	2199	2178	7759	7760	7693
2178	2199	270	7760	7761	7762
2178	270	269	7762	361	7696
87	88	2200	179	7763	7764
87	2200	2179	7764	7765	7698
2179	2200	2201	7765	7766	7767
2179	2201	2180	7767	7768	7701
2180	2201	2202	7768	7769	7770
2180	2202	2181	7770	7771	7704
2181	2202	2203	7771	7772	7773
2181	2203	2182	7773	7774	7707
2182	2203	2204	7774	7775	7776
2182	2204	2183	7776	7777	7710
2183	2204	2205	7777	7778	7779
2183	2205	2184	7779	7780	7713
2184	2205	2206	7780	7781	7782
2184	2206	2185	7782	7783	7716
2185	2206	2207	7783	7784	7785
2185	2207	2186	7785	7786	7719
2186	2207	2208	7786	7787	7788
2186	2208	2187	7788	7789	7722
2187	2208	2209	7789	7790	7791
2187	2209	2188	7791	7792	7725
2188	2209	2210	7792	7793	7794
2188	2210	2189	7794	7795	7728
2189	2210	2211	7795	7796	7797
2189	2211	2190	7797	7798	7731
2190	2211	2212	7798	7799	7800
2190	2212	2191	7800	7801	7734
2191	2212	2213	7801	7802	7803
2191	2213	2192	7803	7804	7737
2192	2213	2214	7804	7805	7806
2192	2214	2193	7806	7807	7740
2193	2214	2215	7807	7808	7809
2193	2215	2194	7809	7810	7743
2194	2215	2216	7810	7811	7812
2194	2216	2195	7812	7813	7746
2195	2216	2217	7813	7814	7815
2195	2217	2196	7815	7816	7749
2196	2217	2218	7816	7817	7818
2196	2218	2197	7818	7819	7752
2197	2218	2219	7819	7820	7821
2197	2219	2198	7821	7822	7755
2198	2219	2220	7822	7823	7824
2198	2220	2199	7824	7825	7758
2199	2220	271	7825	7826	7827
2199	271	270	7827	362	7761
88	89	2221	180	7828	7829
88	2221	2200	7829	7830	7763
2200	2221	2222	7830	7831	7832
2200	2222	2201	7832	7833	7766
2201	2222	2223	7833	7834	7835
2201	2223	2202	7835	7836	7769
2202	2223	2224	7836	7837	7838
2202	2224	2203	7838	7839	7772
2203	2224	2225	7839	7840	7841
2203	2225	2204	7841	7842	7775
2204	2225	2226	7842	7843	7844
2204	2226	2205	7844	7845	7778
2205	2226	2227	7845	7846	7847
2205	2227	2206	7847	7848	7781
2206	2227	2228	7848	7849	7850
2206	2228	2207	7850	7851	7784
2207	2228	2229	7851	7852	7853
2207	2229	2208	7853	7854	7787
2208	2229	2230	7854	7855	7856
2208	2230	2209	7856	7857	7790
2209	2230	2231	7857	7858	7859
2209	2231	2210	7859	7860	7793
2210	2231	2232	7860	7861	7862
2210	2232	2211	7862	7863	7796
2211	2232	2233	7863	7864	7865
2211	2233	2212	7865	7866	7799
2212	2233	2234	7866	7867	7868
2212	2234	2213	7868	7869	7802
2213	2234	2235	7869	7870	7871
2213	2235	2214	7871	7872	7805
2214	2235	2236	7872	7873	7874
2214	2236	2215	7874	7875	7808
2215	2236	2237	7875	7876	7877
2215	2237	2216	7877	7878	7811
2216	2237	2238	7878	7879	7880
2216	2238	2217	7880	7881	7814
2217	2238	2239	7881	7882	7883
2217	2239	2218	7883	7884	7817
2218	2239	2240	7884	7885	7886
2218	2240	2219	7886	7887	7820
2219	2240	2241	7887	7888	7889
2219	2241	2220	7889	7890	7823
2220	2241	272	7890	7891	7892
2220	272	271	7892	363	7826
89	90	2242	181	7893	7894
89	2242	2221	7894	7895	7828
2221	2242	2243	7895	7896	7897
2221	2243	2222	7897	7898	7831
2222	2243	2244	7898	7899	7900
2222	2244	2223	7900	7901	7834
2223	2244	2245	7901	7902	7903
2223	2245	2224	7903	7904	7837
2224	2245	2246	7904	7905	7906
2224	2246	2225	7906	7907	7840
2225	2246	2247	7907	7908	7909
2225	2247	2226	7909	7910	7843
2226	2247	2248	7910	7911	7912
2226	2248	2227	7912	7913	7846
2227	2248	2249	7913	7914	7915
2227	2249	2228	7915	7916	7849
2228	2249	2250	7916	7917	7918
2228	2250	2229	7918	7919	7852
2229	2250	2251	7919	7920	7921
2229	2251	2230	7921	7922	7855
2230	2251	2252	7922	7923	7924
2230	2252	2231	7924	7925	7858
2231	2252	2253	7925	7926	7927
2231	2253	2232	7927	7928	7861
2232	2253	2254	7928	7929	7930
2232	2254	2233	7930	7931	7864
2233	2254	2255	7931	7932	7933
2233	2255	2234	7933	7934	7867
2234	2255	2256	7934	7935	7936
2234	2256	2235	7936	7937	7870
2235	2256	2257	7937	7938	7939
2235	2257	2236	7939	7940	7873
2236	2257	2258	7940	7941	7942
2236	2258	2237	7942	7943	7876
2237	2258	2259	7943	7944	7945
2237	2259	2238	7945	7946	7879
2238	2259	2260	7946	7947	7948
2238	2260	2239	7948	7949	7882
2239	2260	2261	7949	7950	7951
2239	2261	2240	7951	7952	7885
2240	2261	2262	7952	7953	7954
2240	2262	2241	7954	7955	7888
2241	2262	273	7955	7956	7957
2241	273	272	7957	364	7891
90	91	2263	182	7958	7959
90	2263	2242	7959	7960	7893
2242	2263	2264	7960	7961	7962
2242	2264	2243	7962	7963	7896
2243	2264	2265	7963	7964	7965
2243	2265	2244	7965	7966	7899
2244	2265	2266	7966	7967	7968
2244	2266	2245	7968	7969	7902
2245	2266	2267	7969	7970	7971
2245	2267	2246	7971	7972	7905
2246	2267	2268	7972	7973	7974
2246	2268	2247	7974	7975	7908
2247	2268	2269	7975	7976	7977
2247	2269	2248	7977	7978	7911
2248	2269	2270	7978	7979	7980
2248	2270	2249	7980	7981	7914
2249	2270	2271	7981	7982	7983
2249	2271	2250	7983	7984	7917
2250	2271	2272	7984	7985	7986
2250	2272	2251	7986	7987	7920
2251	2272	2273	7987	7988	7989
2251	2273	2252	7989	7990	7923
2252	2273	2274	7990	7991	7992
2252	2274	2253	7992	7993	7926
2253	2274	2275	7993	7994	7995
2253	2275	2254	7995	7996	7929
2254	2275	2276	7996	7997	7998
2254	2276	2255	7998	7999	7932
2255	2276	2277	7999	8000	8001
2255	2277	2256	8001	8002	7935
2256	2277	2278	8002	8003	8004
2256	2278	2257	8004	8005	7938
2257	2278	2279	8005	8006	8007
2257	2279	2258	8007	8008	7941
2258	2279	2280	8008	8009	8010
2258	2280	2259	8010	8011	7944
2259	2280	2281	8011	8012	8013
2259	2281	2260	8013	8014	7947
2260	2281	2282	8014	8015	8016
2260	2282	2261	8016	8017	7950
2261	2282	2283	8017	8018	8019
2261	2283	2262	8019	8020	7953
2262	2283	274	8020	8021	8022
2262	274	273	8022	365	7956
91	92	2284	183	8023	8024
91	2284	2263	8024	8025	7958
2263	2284	2285	8025	8026	8027
2263	2285	2264	8027	8028	7961
2264	2285	2286	8028	8029	8030
2264	2286	2265	8030	8031	7964
2265	2286	2287	8031	8032	8033
2265	2287	2266	8033	8034	7967
2266	2287	2288	8034	8035	8036
2266	2288	2267	8036	8037	7970
2267	2288	2289	8037	8038	8039
2267	2289	2268	8039	8040	7973
2268	2289	2290	8040	8041	8042
2268	2290	2269	8042	8043	7976
2269	2290	2291	8043	8044	8045
2269	2291	2270	8045	8046	7979
2270	2291	2292	8046	8047	8048
2270	2292	2271	8048	8049	7982
2271	2292	2293	8049	8050	8051
2271	2293	2272	8051	8052	7985
2272	2293	2294	8052	8053	8054
2272	2294	2273	8054	8055	7988
2273	2294	2295	8055	8056	8057
2273	2295	2274	8057	8058	7991
2274	2295	2296	8058	8059	8060
2274	2296	2275	8060	8061	7994
2275	2296	2297	8061	8062	8063
2275	2297	2276	8063	8064	7997
2276	2297	2298	8064	8065	8066
2276	2298	2277	8066	8067	8000
2277	2298	2299	8067	8068	8069
2277	2299	2278	8069	8070	8003
2278	2299	2300	8070	8071	8072
2278	2300	2279	8072	8073	8006
2279	2300	2301	8073	8074	8075
2279	2301	2280	8075	8076	8009
2280	2301	2302	8076	8077	8078
2280	2302	2281	8078	8079	8012
2281	2302	2303	8079	8080	8081
2281	2303	2282	8081	8082	8015
2282	2303	2304	8082	8083	8084
2282	2304	2283	8084	8085	8018
2283	2304	275	8085	8086	8087
2283	275	274	8087	366	8021
92	93	2305	184	8088	8089
92	2305	2284	8089	8090	8023
2284	2305	2306	8090	8091	8092
2284	2306	2285	8092	8093	8026
2285	2306	2307	8093	8094	8095
2285	2307	2286	8095	8096	8029
2286	2307	2308	8096	8097	8098
2286	2308	2287	8098	8099	8032
2287	2308	2309	8099	8100	8101
2287	2309	2288	8101	8102	8035
2288	2309	2310	8102	8103	8104
2288	2310	2289	8104	8105	8038
2289	2310	2311	8105	8106	8107
2289	2311	2290	8107	8108	8041
2290	2311	2312	8108	8109	8110
2290	2312	2291	8110	8111	8044
2291	2312	2313	8111	8112	8113
2291	2313	2292	8113	8114	8047
2292	2313	2314	8114	8115	8116
2292	2314	2293	8116	8117	8050
2293	2314	2315	8117	8118	8119
2293	2315	2294	8119	8120	8053
2294	2315	2316	8120	8121	8122
2294	2316	2295	8122	8123	8056
2295	2316	2317	8123	8124	8125
2295	2317	2296	8125	8126	8059
2296	2317	2318	8126	8127	8128
2296	2318	2297	8128	8129	8062
2297	2318	2319	8129	8130	8131
2297	2319	2298	8131	8132	8065
2298	2319	2320	8132	8133	8134
2298	2320	2299	8134	8135	8068
2299	2320	2321	8135	8136	8137
2299	2321	2300	8137	8138	8071
2300	2321	2322	8138	8139	8140
2300	2322	2301	8140	8141	8074
2301	2322	2323	8141	8142	8143
2301	2323	2302	8143	8144	8077
2302	2323	2324	8144	8145	8146
2302	2324	2303	8146	8147	8080
2303	2324	2325	8147	8148	8149
2303	2325	2304	8149	8150	8083
2304	2325	276	8150	8151	8152
2304	276	275	8152	367	8086
93	94	2326	185	8153	8154
93	2326	2305	8154	8155	8088
2305	2326	2327	8155	8156	8157
2305	2327	2306	8157	8158	8091
2306	2327	2328	8158	8159	8160
2306	2328	2307	8160	8161	8094
2307	2328	2329	8161	8162	8163
2307	2329	2308	8163	8164	8097
2308	2329	2330	8164	8165	8166
2308	2330	2309	8166	8167	8100
2309	2330	2331	8167	8168	8169
2309	2331	2310	8169	8170	8103
2310	2331	2332	8170	8171	8172
2310	2332	2311	8172	8173	8106
2311	2332	2333	8173	8174	8175
2311	2333	2312	8175	8176	8109
2312	2333	2334	8176	8177	8178
2312	2334	2313	8178	8179	8112
2313	2334	2335	8179	8180	8181
2313	2335	2314	8181	8182	8115
2314	2335	2336	8182	8183	8184
2314	2336	2315	8184	8185	8118
2315	2336	2337	8185	8186	8187
2315	2337	2316	8187	8188	8121
2316	2337	2338	8188	8189	8190
2316	2338	2317	8190	8191	8124
2317	2338	2339	8191	8192	8193
2317	2339	2318	8193	8194	8127
2318	2339	2340	8194	8195	8196
2318	2340	2319	8196	8197	8130
2319	2340	2341	8197	8198	8199
2319	2341	2320	8199	8200	8133
2320	2341	2342	8200	8201	8202
2320	2342	2321	8202	8203	8136
2321	2342	2343	8203	8204	8205
2321	2343	2322	8205	8206	8139
2322	2343	2344	8206	8207	8208
2322	2344	2323	8208	8209	8142
2323	2344	2345	8209	8210	8211
2323	2345	2324	8211	8212	8145
2324	2345	2346	8212	8213	8214
2324	2346	2325	8214	8215	8148
2325	2346	277	8215	8216	8217
2325	277	276	8217	368	8151
94	95	2347	186	8218	8219
94	2347	2326	8219	8220	8153
2326	2347	2348	8220	8221	8222
2326	2348	2327	8222	8223	8156
2327	2348	2349	8223	8224	8225
2327	2349	2328	8225	8226	8159
2328	2349	2350	8226	8227	8228
2328	2350	2329	8228	8229	8162
2329	2350	2351	8229	8230	8231
2329	2351	2330	8231	8232	8165
2330	2351	2352	8232	8233	8234
2330	2352	2331	8234	8235	8168
2331	2352	2353	8235	8236	8237
2331	2353	2332	8237	8238	8171
2332	2353	2354	8238	8239	8240
2332	2354	2333	8240	8241	8174
2333	2354	2355	8241	8242	8243
2333	2355	2334	8243	8244	8177
2334	2355	2356	8244	8245	8246
2334	2356	2335	8246	8247	8180
2335	2356	2357	8247	8248	8249
2335	2357	2336	8249	8250	8183
2336	2357	2358	8250	8251	8252
2336	2358	2337	8252	8253	8186
2337	2358	2359	8253	8254	8255
2337	2359	2338	8255	8256	8189
2338	2359	2360	8256	8257	8258
2338	2360	2339	8258	8259	8192
2339	2360	2361	8259	8260	8261
2339	2361	2340	8261	8262	8195
2340	2361	2362	8262	8263	8264
2340	2362	2341	8264	8265	8198
2341	2362	2363	8265	8266	8267
2341	2363	2342	8267	8268	8201
2342	2363	2364	8268	8269	8270
2342	2364	2343	8270	8271	8204
2343	2364	2365	8271	8272	8273
2343	2365	2344	8273	8274	8207
2344	2365	2366	8274	8275	8276
2344	2366	2345	8276	8277	8210
2345	2366	2367	8277	8278	8279
2345	2367	2346	8279	8280	8213
2346	2367	278	8280	8281	8282
2346	278	277	8282	369	8216
95	2	414	187	435	8283
95	414	2347	8283	8284	8218
2347	414	415	8284	436	8285
2347	415	2348	8285	8286	8221
2348	415	416	8286	437	8287
2348	416	2349	8287	8288	8224
2349	416	417	8288	438	8289
2349	417	2350	8289	8290	8227
2350	417	418	8290	439	8291
2350	418	2351	8291	8292	8230
2351	418	419	8292	440	8293
2351	419	2352	8293	8294	8233
2352	419	420	8294	441	8295
2352	420	2353	8295	8296	8236
2353	420	421	8296	442	8297
2353	421	2354	8297	8298	8239
2354	421	422	8298	443	8299
2354	422	2355	8299	8300	8242
2355	422	423	8300	444	8301
2355	423	2356	8301	8302	8245
2356	423	424	8302	445	8303
2356	424	2357	8303	8304	8248
2357	424	425	8304	446	8305
2357	425	2358	8305	8306	8251
2358	425	426	8306	447	8307
2358	426	2359	8307	8308	8254
2359	426	427	8308	448	8309
2359	427	2360	8309	8310	8257
2360	427	428	8310	449	8311
2360	428	2361	8311	8312	8260
2361	428	429	8312	450	8313
2361	429	2362	8313	8314	8263
2362	429	430	8314	451	8315
2362	430	2363	8315	8316	8266
2363	430	431	8316	452	8317
2363	431	2364	8317	8318	8269
2364	431	432	8318	453	8319
2364	432	2365	8319	8320	8272
2365	432	433	8320	454	8321
2365	433	2366	8321	8322	8275
2366	433	434	8322	455	8323
2366	434	2367	8323	8324	8278
2367	434	4	8324	456	8325
2367	4	278	8325	370	8281

--------------------------------------------------------------------------------
NUMBER OF BOUNDARY TYPES        TOTAL NUMBER OF ELEMENTS
--------------------------------------------------------------------------------
3                               228

--------------------------------------------------------------------------------
BOUNDARY 1        CONSTRAINS (0-free 1-const 2-glue)  VALUES (default = 0.)
NUMB. OF ELEM.    Ux     Uy     Uz                    Ux     Uy     Uz  
--------------------------------------------------------------------------------
22                1      1      0                     1.     0.     0.

--------------------------------------------------------------------------------
BOUNDARY 1 - CONNECTIVITY
-------------------------------------------------------------------------------
1	371	392
371	372	393
372	373	394
373	374	395
374	375	396
375	376	397
376	377	398
377	378	399
378	379	400
379	380	401
380	381	402
381	382	403
382	383	404
383	384	405
384	385	406
385	386	407
386	387	408
387	388	409
388	389	410
389	390	411
390	391	412
391	3	413

--------------------------------------------------------------------------------
BOUNDARY 2        CONSTRAINS (0-free 1-const 2-glue)  VALUES (default = 0.)
NUMB. OF ELEM.    Ux     Uy     Uz                    Ux     Uy     Uz  
--------------------------------------------------------------------------------
184               1      1      0                     0.     0.     0.

--------------------------------------------------------------------------------
BOUNDARY 2 - CONNECTIVITY
--------------------------------------------------------------------------------
1	5	96
5	6	97
6	7	98
7	8	99
8	9	100
9	10	101
10	11	102
11	12	103
12	13	104
13	14	105
14	15	106
15	16	107
16	17	108
17	18	109
18	19	110
19	20	111
20	21	112
21	22	113
22	23	114
23	24	115
24	25	116
25	26	117
26	27	118
27	28	119
28	29	120
29	30	121
30	31	122
31	32	123
32	33	124
33	34	125
34	35	126
35	36	127
36	37	128
37	38	129
38	39	130
39	40	131
40	41	132
41	42	133
42	43	134
43	44	135
44	45	136
45	46	137
46	47	138
47	48	139
48	49	140
49	50	141
50	51	142
51	52	143
52	53	144
53	54	145
54	55	146
55	56	147
56	57	148
57	58	149
58	59	150
59	60	151
60	61	152
61	62	153
62	63	154
63	64	155
64	65	156
65	66	157
66	67	158
67	68	159
68	69	160
69	70	161
70	71	162
71	72	163
72	73	164
73	74	165
74	75	166
75	76	167
76	77	168
77	78	169
78	79	170
79	80	171
80	81	172
81	82	173
82	83	174
83	84	175
84	85	176
85	86	177
86	87	178
87	88	179
88	89	180
89	90	181
90	91	182
91	92	183
92	93	184
93	94	185
94	95	186
95	2	187
3	188	279
188	189	280
189	190	281
190	191	282
191	192	283
192	193	284
193	194	285
194	195	286
195	196	287
196	197	288
197	198	289
198	199	290
199	200	291
200	201	292
201	202	293
202	203	294
203	204	295
204	205	296
205	206	297
206	207	298
207	208	299
208	209	300
209	210	301
210	211	302
211	212	303
212	213	304
213	214	305
214	215	306
215	216	307
216	217	308
217	218	309
218	219	310
219	220	311
220	221	312
221	222	313
222	223	314
223	224	315
224	225	316
225	226	317
226	227	318
227	228	319
228	229	320
229	230	321
230	231	322
231	232	323
232	233	324
233	234	325
234	235	326
235	236	327
236	237	328
237	238	329
238	239	330
239	240	331
240	241	332
241	242	333
242	243	334
243	244	335
244	245	336
245	246	337
246	247	338
247	248	339
248	249	340
249	250	341
250	251	342
251	252	343
252	253	344
253	254	345
254	255	346
255	256	347
256	257	348
257	258	349
258	259	350
259	260	351
260	261	352
261	262	353
262	263	354
263	264	355
264	265	356
265	266	357
266	267	358
267	268	359
268	269	360
269	270	361
270	271	362
271	272	363
272	273	364
273	274	365
274	275	366
275	276	367
276	277	368
277	278	369
278	4	370

--------------------------------------------------------------------------------
BOUNDARY 3        CONSTRAINS (0-free 1-const 2-glue)  VALUES (default = 0.)
NUMB. OF ELEM.    Ux     Uy     Uz                    Ux     Uy     Uz  
--------------------------------------------------------------------------------
22                0      0      0                     0.     0.     0.

--------------------------------------------------------------------------------
BOUNDARY 3 - CONNECTIVITY
--------------------------------------------------------------------------------
2	414	435
414	415	436
415	416	437
416	417	438
417	418	439
418	419	440
419	420	441
420	421	442
421	422	443
422	423	444
423	424	445
424	425	446
425	426	447
426	427	448
427	428	449
428	429	450
429	430	451
430	431	452
431	432	453
432	433	454
433	434	455
434	4	456
