$MeshFormat
4 0 8
$EndMeshFormat
$PhysicalNames
9
0 1 "p0"
0 2 "p1"
0 3 "p2"
0 4 "p3"
1 5 "l0"
1 6 "l1"
1 7 "l2"
1 8 "l3"
2 9 "s0"
$EndPhysicalNames
$Entities
4 4 1 0
1 0 0 0 0 0 0 1 1 
2 0.5 0 0 0.5 0 0 1 2 
3 0.5 0.15 0 0.5 0.15 0 1 3 
4 0 0.35 0 0 0.35 0 1 4 
5 0 0 0 0.5 0 0 1 5 2 1 -2 
6 0.5 0 0 0.5 0.15 0 1 6 2 2 -3 
7 0 0.15 0 0.5 0.35 0 1 7 2 3 -4 
8 0 0 0 0 0.35 0 1 8 2 4 -1 
10 0 0 0 0.5 0.35 0 1 9 4 5 6 7 8 
$EndEntities
$Nodes
9 1733
1 0 0 1
1 0 0 0
2 0 0 1
2 0.5 0 0
3 0 0 1
3 0.5 0.15 0
4 0 0 1
4 0 0.35 0
5 1 0 49
5 0.01000000002249262 0 0
6 0.02000000004379066 0 0
7 0.03000000006547494 0 0
8 0.04000000009230919 0 0
9 0.05000000012047159 0 0
10 0.06000000014863397 0 0
11 0.07000000017679639 0 0
12 0.0800000002049588 0 0
13 0.0900000002331212 0 0
14 0.1000000002612836 0 0
15 0.110000000289446 0 0
16 0.1200000003176084 0 0
17 0.1300000003457708 0 0
18 0.1400000003739332 0 0
19 0.1500000004020956 0 0
20 0.160000000430258 0 0
21 0.1700000004584203 0 0
22 0.1800000004865827 0 0
23 0.1900000005147451 0 0
24 0.2000000005429075 0 0
25 0.2100000005710699 0 0
26 0.2200000005992322 0 0
27 0.2300000006273946 0 0
28 0.240000000655557 0 0
29 0.2500000006782983 0 0
30 0.2600000006563706 0 0
31 0.2700000006290219 0 0
32 0.2800000006016731 0 0
33 0.2900000005743243 0 0
34 0.3000000005469755 0 0
35 0.3100000005196267 0 0
36 0.3200000004922779 0 0
37 0.3300000004649292 0 0
38 0.3400000004375804 0 0
39 0.3500000004102316 0 0
40 0.3600000003828828 0 0
41 0.370000000355534 0 0
42 0.3800000003281853 0 0
43 0.3900000003008365 0 0
44 0.4000000002734878 0 0
45 0.410000000246139 0 0
46 0.4200000002187902 0 0
47 0.4300000001914414 0 0
48 0.4400000001640926 0 0
49 0.4500000001367438 0 0
50 0.4600000001093951 0 0
51 0.4700000000820463 0 0
52 0.4800000000546975 0 0
53 0.4900000000273488 0 0
6 1 0 14
54 0.5 0.01000000002148653 0
55 0.5 0.02000000004957211 0
56 0.5 0.03000000007849342 0
57 0.5 0.04000000010605947 0
58 0.5 0.05000000013362555 0
59 0.5 0.06000000016390213 0
60 0.5 0.07000000019146821 0
61 0.5 0.08000000019247133 0
62 0.5 0.09000000016365893 0
63 0.5 0.1000000001341237 0
64 0.5 0.1100000001076604 0
65 0.5 0.12000000007939 0
66 0.5 0.1300000000540109 0
67 0.5 0.1400000000295352 0
7 1 0 53
68 0.4907407407759807 0.1537037036896077 0
69 0.4814814815519615 0.1574074073792154 0
70 0.4722222223271115 0.1611111110691554 0
71 0.4629629630522746 0.1648148147790902 0
72 0.453703703739636 0.1685185185041456 0
73 0.4444444444269974 0.172222222229201 0
74 0.4351851851143589 0.1759259259542564 0
75 0.4259259258017203 0.1796296296793119 0
76 0.4166666664890817 0.1833333334043673 0
77 0.4074074071764431 0.1870370371294227 0
78 0.3981481478638045 0.1907407408544782 0
79 0.3888888885511659 0.1944444445795336 0
80 0.3796296292385273 0.198148148304589 0
81 0.3703703699258888 0.2018518520296445 0
82 0.3611111106132502 0.2055555557546999 0
83 0.3518518513006117 0.2092592594797553 0
84 0.3425925919879731 0.2129629632048107 0
85 0.3333333326753345 0.2166666669298662 0
86 0.324074073362696 0.2203703706549216 0
87 0.3148148140500574 0.224074074379977 0
88 0.3055555547374189 0.2277777781050324 0
89 0.2962962954247803 0.2314814818300878 0
90 0.2870370361121418 0.2351851855551433 0
91 0.2777777767995032 0.2388888892801987 0
92 0.2685185174868647 0.2425925930052541 0
93 0.2592592581742261 0.2462962967303095 0
94 0.2499999988709342 0.2500000004516263 0
95 0.240740739638953 0.2537037041444188 0
96 0.2314814804237957 0.2574074078304817 0
97 0.2222222212048998 0.2611111115180401 0
98 0.2129629619897425 0.264814815204103 0
99 0.2037037027714005 0.2685185188914398 0
100 0.1944444435556893 0.2722222225777243 0
101 0.1851851843383165 0.2759259262646734 0
102 0.1759259251178975 0.279629629952841 0
103 0.1666666659052326 0.2833333336379069 0
104 0.1574074066838443 0.2870370373264622 0
105 0.1481481474721487 0.2907407410111406 0
106 0.1388888882497911 0.2944444447000836 0
107 0.1296296290383724 0.298148148384651 0
108 0.1203703698157379 0.3018518520737048 0
109 0.1111111106043192 0.3055555557582723 0
110 0.1018518513819616 0.3092592594472153 0
111 0.092592592170266 0.3129629631318936 0
112 0.08333333295137008 0.3166666668194519 0
113 0.07407407373621283 0.3203703705055149 0
114 0.06481481451731691 0.3240740741930732 0
115 0.05555555530215966 0.3277777778791361 0
116 0.04629629608326374 0.3314814815666945 0
117 0.03703703686810644 0.3351851852527574 0
118 0.02777777764962597 0.3388888889401496 0
119 0.01851851843405328 0.3425925926263786 0
120 0.009259259216542026 0.3462962963133832 0
8 1 0 34
121 0 0.3399999999699521 0
122 0 0.3299999999581807 0
123 0 0.3199999999420726 0
124 0 0.3099999999083075 0
125 0 0.2999999998822866 0
126 0 0.2899999998739227 0
127 0 0.27999999985038 0
128 0 0.2699999998166149 0
129 0 0.2599999997955504 0
130 0 0.2499999997862573 0
131 0 0.2399999997616303 0
132 0 0.2299999997255419 0
133 0 0.2199999997015346 0
134 0 0.2099999996714867 0
135 0 0.1999999996414389 0
136 0 0.1899999996113911 0
137 0 0.1799999995813432 0
138 0 0.1699999995756125 0
139 0 0.1599999995996198 0
140 0 0.1499999996236271 0
141 0 0.1399999996487186 0
142 0 0.1299999996770628 0
143 0 0.1199999997010701 0
144 0 0.1099999997304984 0
145 0 0.09999999975218243 0
146 0 0.08999999976271472 0
147 0 0.07999999979307232 0
148 0 0.06999999982435928 0
149 0 0.05999999984542381 0
150 0 0.04999999986524917 0
151 0 0.03999999989653619 0
152 0 0.02999999992782315 0
153 0 0.01999999994486057 0
154 0 0.009999999968713036 0
10 2 0 1579
155 0.1412309839805406 0.142180693030978 0
156 0.2578314169424957 0.1190011521967391 0
157 0.3577639851486292 0.09887102119816474 0
158 0.09051753123603756 0.2163195347176371 0
159 0.08275052473902943 0.08275052475319074 0
160 0.2090591238358968 0.1806999845855433 0
161 0.1902328873013579 0.07926928111133109 0
162 0.4257367982653271 0.07401223300152991 0
163 0.06914970980803437 0.1505517387230157 0
164 0.3141122134191596 0.1530340895347811 0
165 0.2995962619007578 0.06703207180213838 0
166 0.1556206952154562 0.217757287727439 0
167 0.1357651737463939 0.05838886026109764 0
168 0.05726532063917096 0.2650031657520833 0
169 0.2666076230518161 0.181836404449545 0
170 0.2432071767632071 0.0571455583497873 0
171 0.405592920914753 0.1263028007766399 0
172 0.205974147988904 0.1307350709208019 0
173 0.3783126725580924 0.0523287701873322 0
174 0.3654595632577425 0.150293332264121 0
175 0.04829663902189748 0.04905671606982877 0
176 0.04735739280454123 0.1939042897595899 0
177 0.4518338381257119 0.1144426489522484 0
178 0.1216601206769936 0.25021330710718 0
179 0.1233514848309927 0.1848784307632336 0
180 0.04605031700927455 0.109718540280581 0
181 0.1210681204051704 0.1004687081113328 0
182 0.3140366195144816 0.1071925513375262 0
183 0.198709094155844 0.2227590704244101 0
184 0.3357690269844323 0.0432874766159833 0
185 0.4557303538214286 0.04271452817459319 0
186 0.1669000358489167 0.1755858881060473 0
187 0.09597415780793521 0.04233390925258245 0
188 0.1727151578330076 0.04090671308627454 0
189 0.2381301132471743 0.2104899936147044 0
190 0.2365664448526598 0.1546693751443981 0
191 0.2261716595102258 0.09441974239445043 0
192 0.1692444071448181 0.1144705394107865 0
193 0.03697440154434611 0.2289161854724002 0
194 0.1018551793949948 0.134110790717614 0
195 0.4131906391777224 0.03838843762999909 0
196 0.2736015300388307 0.03569874005983806 0
197 0.3033141247487964 0.1883142060938481 0
198 0.2131437437593024 0.03723603434804513 0
199 0.3922549384077977 0.09243704604087978 0
200 0.03571341643728012 0.295590170254551 0
201 0.09422341689933207 0.2726969600701695 0
202 0.4623010618364807 0.08162564644345652 0
203 0.2795139105152459 0.1479922507091781 0
204 0.2671247842733003 0.08376700648505217 0
205 0.0893386104578201 0.1823736998419809 0
206 0.03506514225580966 0.1615526598691083 0
207 0.3400966807212405 0.1767225983596397 0
208 0.3315555178199372 0.0768958767341919 0
209 0.03190919952231538 0.07943035764657431 0
210 0.1561746553728735 0.2515892889866901 0
211 0.3397750088212581 0.1306081483178387 0
212 0.1571069733851478 0.08292985529360636 0
213 0.1779884093011421 0.1452171639469415 0
214 0.1237942321292932 0.217607391551782 0
215 0.434868667369944 0.1413692215809207 0
216 0.07794838580089197 0.1144880101767291 0
217 0.3949389339920294 0.1580059820940881 0
218 0.3059306114416749 0.03062331057035277 0
219 0.376539072322751 0.1230553420816389 0
220 0.08183225511254563 0.2455212455787508 0
221 0.1235558779670113 0.02907587818552005 0
222 0.4246861042128179 0.1042779727944344 0
223 0.2673161729569065 0.2113174090659819 0
224 0.1107505341482082 0.07382987700797895 0
225 0.03048296104866255 0.2615445514696404 0
226 0.06820317770680384 0.2920190614632326 0
227 0.06867441946081569 0.03003004391134351 0
228 0.3606307604779226 0.02893994217719548 0
229 0.1855394297201667 0.1979036591184151 0
230 0.2844780873193682 0.1066830046353713 0
231 0.2450000006669278 0.02837253442322702 0
232 0.2155078475447894 0.06607163134907194 0
233 0.238738129318277 0.1841370915800831 0
234 0.02852512154826961 0.1327968942068714 0
235 0.02827738950119689 0.02833780597744729 0
236 0.1834141146988269 0.2466539839416806 0
237 0.3598823905054955 0.0724277731472156 0
238 0.1080957261498022 0.161176142037846 0
239 0.06271213859356717 0.2173926221025143 0
240 0.3886623600107099 0.02717077936247884 0
241 0.4729304703129853 0.1316697371972692 0
242 0.1504176568340351 0.02688150641300932 0
243 0.07251807304348046 0.05782694937533692 0
244 0.2029821344112646 0.1549978989715856 0
245 0.2329792724068168 0.1276270318515408 0
246 0.2018809590422143 0.1026242138252449 0
247 0.3014716029862829 0.1300148177719676 0
248 0.4006380110456993 0.0664647532971076 0
249 0.4367630704769603 0.02687808002474935 0
250 0.02665615540453842 0.2069934018258139 0
251 0.2206692222938233 0.2324312034393443 0
252 0.1441438210656544 0.1157669928065687 0
253 0.147722167504882 0.1933637669830565 0
254 0.1420753573235495 0.1671431576783572 0
255 0.4734130866320412 0.02521074432446999 0
256 0.05832035120175051 0.08711555116827009 0
257 0.4748432765076162 0.103458074792246 0
258 0.364794218256039 0.1764270034280906 0
259 0.1174768967941624 0.2760975101244574 0
260 0.02493396865481484 0.05572874213171881 0
261 0.02417977624589844 0.1833241737047169 0
262 0.06301038796710461 0.1720066123651892 0
263 0.1013285295392691 0.1028143285636618 0
264 0.193699333286116 0.05471304016049861 0
265 0.4757072040107087 0.05793494717011922 0
266 0.2155044984456135 0.2048030327536006 0
267 0.1904488434686629 0.0247836384869576 0
268 0.4337020421298544 0.05216592300759065 0
269 0.02567067427460721 0.1005804651956575 0
270 0.02489205039827432 0.3137724127405029 0
271 0.2745827907753002 0.06281236631919272 0
272 0.2877947489518528 0.1715355304680915 0
273 0.2903046553307285 0.2069055125761194 0
274 0.3403792322071141 0.1528418683593256 0
275 0.05097601155296515 0.131636852066852 0
276 0.1043540918439835 0.2365050031054695 0
277 0.1044138000123352 0.1979594683954283 0
278 0.140318522133569 0.2353144260930767 0
279 0.1712127028900495 0.06475101370552085 0
280 0.1411697707151914 0.2671295160685596 0
281 0.2988657836336834 0.08807190927034114 0
282 0.3235426605097028 0.1968314957142218 0
283 0.4438636533562288 0.08963771293157122 0
284 0.4192567454917786 0.1577969363605093 0
285 0.05859420335926174 0.2432355766043866 0
286 0.07170776827305421 0.1964101726372844 0
287 0.1356420255477928 0.07937217447279954 0
288 0.2602011694951031 0.1600103887619924 0
289 0.2471053966076166 0.09641477855994526 0
290 0.3272348880137173 0.02324185664188295 0
291 0.3338275172736799 0.1002292359467506 0
292 0.1872284148017627 0.1721921468495593 0
293 0.1764362664070764 0.2249765538022829 0
294 0.1234505578553693 0.1296795234865222 0
295 0.3199105553258033 0.05878132161274202 0
296 0.1035391113071919 0.02140827241794537 0
297 0.04910937424652556 0.02144910645170498 0
298 0.02318923943412768 0.2790398690787222 0
299 0.3564525189079333 0.0503885482708552 0
300 0.2050071362550271 0.2455931755896855 0
301 0.3803367498216501 0.07411682910221687 0
302 0.223224657943519 0.02180395549788415 0
303 0.1139339680719993 0.0541199942101381 0
304 0.4554662799349409 0.1434129398645183 0
305 0.3190333822292265 0.1732437495118045 0
306 0.1601235552692966 0.1346208784287854 0
307 0.2404724308089807 0.07975591210304353 0
308 0.252088027456167 0.2253645936048093 0
309 0.2543149663280861 0.1396806032645763 0
310 0.2770753983558208 0.1267482353814814 0
311 0.09014311729671243 0.1506054598839521 0
312 0.2872850874812729 0.02149383244654752 0
313 0.1588033735954155 0.1541727008746898 0
314 0.1521613836278607 0.04709978504574758 0
315 0.4435920716083643 0.06709232934888595 0
316 0.174408886688101 0.09399945764134401 0
317 0.1850098868484131 0.1256149336807159 0
318 0.1708308729561343 0.02166881424879812 0
319 0.2197512512077131 0.1445810987303654 0
320 0.09169454071090744 0.06323197288511542 0
321 0.2522426207769047 0.1972696457024704 0
322 0.2637724800969454 0.02066804189550652 0
323 0.05674077649212362 0.06551388349477077 0
324 0.05450087100255945 0.3073330466091234 0
325 0.01865667001109146 0.2407314501278572 0
326 0.08944161323618603 0.293699177942122 0
327 0.2931210389936094 0.04686602554571534 0
328 0.220066558459098 0.1630953581422881 0
329 0.3857989600888799 0.1745691411770704 0
330 0.3930773248833559 0.1115730234632608 0
331 0.2192882197024188 0.1125701655424839 0
332 0.3195897319478683 0.127333439663976 0
333 0.1220402046628787 0.1465383816690856 0
334 0.3826799803174749 0.1423149392472267 0
335 0.4249630992707721 0.1233102976995971 0
336 0.04219842388241727 0.277622657819226 0
337 0.1661672326584005 0.2008668429363053 0
338 0.2312754996921059 0.04052434704768527 0
339 0.4552597905005616 0.02100977596000511 0
340 0.1028899167375316 0.256222395746209 0
341 0.4067003824146328 0.01910933041770123 0
342 0.4113610061641184 0.08909832694831288 0
343 0.2095520141890753 0.08443419463516409 0
344 0.3759210219446685 0.1012730025640908 0
345 0.2854124872467605 0.1911607877530326 0
346 0.3592149616733194 0.1328512195349465 0
347 0.07911628949502056 0.1341312254806776 0
348 0.2559423268914387 0.04407175843213528 0
349 0.01749494129531811 0.1509754227053445 0
350 0.397276556743227 0.04744186726360457 0
351 0.07926270354698539 0.2637618585825354 0
352 0.3447553432171417 0.01761368507119587 0
353 0.4814853823949605 0.08545085627690011 0
354 0.3098859797372874 0.2064882563662849 0
355 0.0445359636503686 0.213230923197772 0
356 0.1443665331117041 0.09687760548921762 0
357 0.1722954020309337 0.2617432609362979 0
358 0.3427764778991732 0.06332714935916252 0
359 0.08592385774429717 0.01889425356393961 0
360 0.2978730443086147 0.1540763397405171 0
361 0.2580134826359868 0.06753215996193535 0
362 0.1318832858695054 0.2003755109463998 0
363 0.3189742894253246 0.08997865165872541 0
364 0.2854900583883946 0.07804754992213163 0
365 0.4160637614726859 0.05628262685752263 0
366 0.01734656640080613 0.2977110535405268 0
367 0.1102295240980979 0.116723820516455 0
368 0.05286475232738334 0.1603630549191591 0
369 0.01743658010586207 0.1163432709157971 0
370 0.1070360682515639 0.1797086839915408 0
371 0.1525457304773986 0.06582332716542068 0
372 0.2668533557188706 0.1048538380728268 0
373 0.105770487337099 0.2882923747814048 0
374 0.04597018274502492 0.176472394100314 0
375 0.3527980531197905 0.1895624196099933 0
376 0.483380819989887 0.04127034298784533 0
377 0.08008865378320837 0.1647483764991212 0
378 0.076311464728543 0.2281405340803258 0
379 0.2073657148665443 0.01682255765475191 0
380 0.07336270506552586 0.09735097574028187 0
381 0.1629424186431006 0.2336862909387486 0
382 0.1248928377632531 0.1665712061244468 0
383 0.01659137932257887 0.0841363971034067 0
384 0.1356694466749986 0.01793257104732418 0
385 0.3745304368235795 0.01731103450597674 0
386 0.2368354498021469 0.1095227644624159 0
387 0.4182418441840849 0.1404295522126605 0
388 0.3468903622695242 0.08513469132078458 0
389 0.01572499136580337 0.2226807454611496 0
390 0.3520465146858418 0.1180586627729653 0
391 0.01669535602721353 0.1672359418733438 0
392 0.0457751356765142 0.2530333916244806 0
393 0.3528532185623686 0.1650131013549256 0
394 0.4812114976900937 0.1171169763638202 0
395 0.1367644904600843 0.0417195993721416 0
396 0.06124741732550158 0.1189507424395811 0
397 0.4579730112256862 0.09791883705629392 0
398 0.04204545764005896 0.09300788158901971 0
399 0.4072128861315477 0.1038250435432567 0
400 0.1854195567334487 0.1070706401918914 0
401 0.3686832239137665 0.08634270845879911 0
402 0.01716118049212832 0.04139657032109939 0
403 0.1391300311554428 0.2520359819543565 0
404 0.174727201364314 0.1618636935227259 0
405 0.229023446896584 0.1965774765559247 0
406 0.0171795258357776 0.01756195930349087 0
407 0.1940791568172433 0.1406002479623917 0
408 0.4469114590620995 0.1310987818372757 0
409 0.03968956119376775 0.06328658064100919 0
410 0.408781132796636 0.1685528034252797 0
411 0.2397216016272911 0.2373137253188273 0
412 0.4357225575214768 0.1585837882274437 0
413 0.4241618351801835 0.0169057893591457 0
414 0.08803615173640229 0.1998237384660909 0
415 0.0401885743731079 0.3159896434238752 0
416 0.1573472879214632 0.269547448786674 0
417 0.3794381531577549 0.1586600770582025 0
418 0.3283039790948659 0.1409231417810912 0
419 0.09262136955999117 0.1221100240593907 0
420 0.1069575430707744 0.2139812115146544 0
421 0.3138150536242129 0.07384979123725847 0
422 0.0400187753789183 0.1448955678484901 0
423 0.3201683925917616 0.04178124008576774 0
424 0.1212370257078623 0.233858020174155 0
425 0.1396653793726578 0.2146057158761361 0
426 0.05147060700709322 0.2888390678649969 0
427 0.2458815064301883 0.1673422905076487 0
428 0.3130805482567432 0.01529603624935 0
429 0.3305456080960587 0.1156216544258644 0
430 0.07893820810964702 0.0425988331164448 0
431 0.3996767100485483 0.1419581410564165 0
432 0.1105431449367331 0.09062461479090769 0
433 0.4597941206563291 0.05980875651214497 0
434 0.1597832802634405 0.100421099800517 0
435 0.2984010332225064 0.114899157834755 0
436 0.3753998299328757 0.03657494219172867 0
437 0.2805496350113896 0.2204643149335949 0
438 0.08045584110548241 0.2794057336989451 0
439 0.3038496721846636 0.1698394272938248 0
440 0.1987224091453274 0.2076126283690615 0
441 0.06333657061921333 0.04489039082902155 0
442 0.01546907706061027 0.1962590506298348 0
443 0.2252783668289144 0.07838189891527636 0
444 0.01577186683626072 0.06895835957961387 0
445 0.194240207471235 0.0398405643695578 0
446 0.1178785559155366 0.01554296598590986 0
447 0.03328821256990816 0.04357167000149868 0
448 0.01499105305189111 0.2654287824917967 0
449 0.07068792726763497 0.07278266142277433 0
450 0.06328881284981959 0.015148061276287 0
451 0.3894551085526254 0.1276827786741387 0
452 0.2241749130983677 0.2172361354018869 0
453 0.468396012118935 0.1169287398062087 0
454 0.4398969242603245 0.1048647729397967 0
455 0.03568880940622352 0.01480151844121846 0
456 0.110708331771008 0.03816325784107414 0
457 0.2694787951157476 0.1961647217588838 0
458 0.2283197196470343 0.0574432946628558 0
459 0.09794894205257811 0.08215793707197572 0
460 0.01454371759326978 0.327761790406348 0
461 0.2799109766394259 0.09288702852002273 0
462 0.07622694636684094 0.2106137382154413 0
463 0.03378133644058403 0.1190612242927766 0
464 0.4852673039833637 0.01439610823572738 0
465 0.1973133743986867 0.2567763594223082 0
466 0.1250529048104446 0.06897254240562542 0
467 0.2005652623475436 0.06765650339287591 0
468 0.2087902600212085 0.05233866163314323 0
469 0.1522035409159734 0.1788723674046057 0
470 0.3277347032599878 0.1609799813956615 0
471 0.2673379679566033 0.2276159387567091 0
472 0.4271892673443877 0.08910646739509134 0
473 0.1777655014756599 0.2104002885819014 0
474 0.2727880198574621 0.1681690804014203 0
475 0.238308663405332 0.01492489302538835 0
476 0.1952227695824463 0.186425365352717 0
477 0.1792626698184832 0.1842681986445661 0
478 0.05911659843271699 0.1030390656831784 0
479 0.1340094222275128 0.1544833221681822 0
480 0.4847778283645277 0.07035836847560487 0
481 0.3467388933074845 0.033202747325759 0
482 0.3402613392909348 0.1982894661786286 0
483 0.1317901069352014 0.2793473975836046 0
484 0.1977999068717677 0.1165960346688097 0
485 0.4704041671485462 0.146441526957784 0
486 0.0733009563998395 0.305101024933139 0
487 0.4850287566577333 0.1400347362980483 0
488 0.0946518464147198 0.1673500839802964 0
489 0.03364624171691969 0.1960866171351582 0
490 0.3068806508856725 0.04997074650572896 0
491 0.2527407979939539 0.2115191588516407 0
492 0.01382099545110024 0.1349999996628906 0
493 0.3659571755073077 0.1126053465331186 0
494 0.06429469197826471 0.2776281654797725 0
495 0.1751579085486918 0.07869840699011223 0
496 0.2195350264565311 0.2467403305664591 0
497 0.05296494459488274 0.2280021756836948 0
498 0.2238829166189985 0.1788265178739401 0
499 0.4280712584527893 0.03763594858563274 0
500 0.3594120757550152 0.01454248676970755 0
501 0.05801225670394698 0.2035293188838054 0
502 0.4423191814223546 0.03991568811712534 0
503 0.2687058546301733 0.13840527782481 0
504 0.1907754772357615 0.09339261727137664 0
505 0.1571865604425688 0.01414574739312043 0
506 0.06872319160254042 0.2527155864951078 0
507 0.1887771624316411 0.1553560749788334 0
508 0.1380709877542474 0.1827529969132767 0
509 0.2526145016057159 0.1799018103246204 0
510 0.1276425448466763 0.2641357073527735 0
511 0.1899236706642314 0.2346431696064706 0
512 0.1292146923098766 0.1131920953311918 0
513 0.3936936288980594 0.01380015669706341 0
514 0.1692331621188298 0.2463669881765475 0
515 0.3674257398265319 0.06182158854624611 0
516 0.1168774572633391 0.2034916870349186 0
517 0.4390035569503944 0.1189126524583161 0
518 0.238525394250819 0.1398364513234593 0
519 0.3125884111121014 0.1387325773350378 0
520 0.1078003950550341 0.1471315100459868 0
521 0.03348669631108545 0.2447370783419401 0
522 0.08889697116358114 0.2574371721334101 0
523 0.2761190594600009 0.01347271076382639 0
524 0.2461710371929398 0.1263751849037674 0
525 0.09045445819795295 0.233259856042515 0
526 0.2025129571335746 0.1694560037708388 0
527 0.4426380231064714 0.01405015596194334 0
528 0.06545749962164238 0.1373050680182891 0
529 0.3989226747572162 0.07966557104158138 0
530 0.3520250261393362 0.145345930900115 0
531 0.04433127703969281 0.03476588393611072 0
532 0.1852685055691708 0.06598626085973053 0
533 0.06012117766036616 0.1876446565635252 0
534 0.04722586276280244 0.07823220676035533 0
535 0.1810473054494219 0.05251320036342561 0
536 0.2530782938304399 0.08410923203497601 0
537 0.2864969979069358 0.1384730669053323 0
538 0.1453325925957567 0.1287290412328417 0
539 0.1589343720076071 0.1185027703060163 0
540 0.4003852137549622 0.03306162534831613 0
541 0.386961651924269 0.06137320693102456 0
542 0.1817756762417062 0.01377295723306831 0
543 0.3772073297324604 0.1852373238587666 0
544 0.4690649082628468 0.03757982835076915 0
545 0.2099397014386892 0.2318460591266296 0
546 0.1045131859036423 0.270471273914367 0
547 0.2518787176864186 0.01351330380486329 0
548 0.4476632503229946 0.05323293723870273 0
549 0.08702566040064946 0.03031209643735463 0
550 0.1621738212941238 0.03588400329607536 0
551 0.07475833287284095 0.1834540796330701 0
552 0.08452884628465934 0.1025926124047959 0
553 0.468827594739104 0.01208191769601702 0
554 0.4126956131048939 0.0741082510316784 0
555 0.05655678965002869 0.1465865143082767 0
556 0.2682004159984674 0.0501198431619681 0
557 0.4144844120879353 0.1158674518728987 0
558 0.2357672752349735 0.2243305116206258 0
559 0.01340806967391443 0.2511485973351737 0
560 0.2198315594778432 0.1306706919242852 0
561 0.2059151400864384 0.1945341133567388 0
562 0.2885290462643175 0.03461649479370691 0
563 0.4482257921689589 0.1561985620046973 0
564 0.1262100398979739 0.04288804502917331 0
565 0.4869185610650816 0.09624128290682533 0
566 0.1613254287613186 0.1883812650291813 0
567 0.2145484626379617 0.09982709609711307 0
568 0.1746130036587217 0.1318334684963194 0
569 0.1647488223697667 0.05364732273845688 0
570 0.4056383448382748 0.1500964608125979 0
571 0.2434131708995721 0.0433639662030272 0
572 0.1583291137128999 0.1641261598319749 0
573 0.2989389325853659 0.01428701250353462 0
574 0.03061846979343992 0.2221860875427095 0
575 0.2713925451932857 0.1157867833553757 0
576 0.1217795573402704 0.08261862861577492 0
577 0.1204523441833947 0.2886308621200284 0
578 0.01316551649758976 0.2106917925210853 0
579 0.2103788387534699 0.2174317063472077 0
580 0.1488877323483808 0.2064618783333583 0
581 0.2076651957648594 0.1413525219864335 0
582 0.4598129400324076 0.1280984516971199 0
583 0.3450233806583082 0.1061509730259294 0
584 0.196276297617165 0.0105697428520292 0
585 0.2359568544378075 0.1695592559251394 0
586 0.3026999332810709 0.2134117521301795 0
587 0.4870286395424953 0.02956531369355359 0
588 0.3026428829285706 0.1047273185484657 0
589 0.3676212431473054 0.1660185589921903 0
590 0.3311281556401688 0.1830242907865964 0
591 0.323167530554328 0.2074951962079004 0
592 0.2883164793588753 0.05915283771590849 0
593 0.05805509826604954 0.03229438699348354 0
594 0.2319437819706168 0.0655839819881809 0
595 0.01157433511071393 0.1083561627092083 0
596 0.1833539704850368 0.2625620620363078 0
597 0.4857304541515828 0.05319274712455948 0
598 0.009576694245177755 0.05489036776264822 0
599 0.3685624912264155 0.1405379799001975 0
600 0.3801541404018288 0.08609416376828694 0
601 0.0942902056808186 0.2460841039145868 0
602 0.01273242600923763 0.02870548754499631 0
603 0.470649554574689 0.08898727454621225 0
604 0.03261477585659249 0.1729818932293251 0
605 0.4337715986352381 0.06319379782933512 0
606 0.3345227053967287 0.01284058880489642 0
607 0.08120257137128142 0.07144966802018883 0
608 0.1781846791902107 0.02922098526754772 0
609 0.316349885026632 0.1863791090763544 0
610 0.09387033457023501 0.1364264037122449 0
611 0.3975031687388296 0.1780843187740232 0
612 0.2626594614578147 0.03283575501647075 0
613 0.3650753271568192 0.1903560166604864 0
614 0.01464871727088454 0.1854272834493063 0
615 0.04289105847812565 0.1234533822852324 0
616 0.4373162669757775 0.07931620829587888 0
617 0.452509621822999 0.08073918873238455 0
618 0.01401330510247464 0.3069657061275917 0
619 0.06122885170932182 0.05610657969562877 0
620 0.1872697924277816 0.2186535750333538 0
621 0.4746900920981939 0.06929586018408745 0
622 0.1073764555949951 0.06225031885061037 0
623 0.2194673149582738 0.1913528286959453 0
624 0.1115715619904312 0.1030553498149207 0
625 0.251475164718071 0.1519566945938117 0
626 0.2388749429405642 0.09094648554657887 0
627 0.1462441856273534 0.07667194214020204 0
628 0.4530094774055041 0.03006658462397244 0
629 0.3462173739743998 0.07262886896324701 0
630 0.2802805523002365 0.2055801580290961 0
631 0.1107056055805623 0.2272781649836138 0
632 0.07039033855475069 0.08539655857634824 0
633 0.2890707491352795 0.1230266577996829 0
634 0.08647835772173294 0.05452935204925227 0
635 0.06814785637910828 0.1627344228948559 0
636 0.1159944355240454 0.1354446822918217 0
637 0.09527798819989353 0.01285781052494135 0
638 0.3874464022167247 0.03955465564089462 0
639 0.02815934095936865 0.06727145172551316 0
640 0.3528219907379619 0.1771150623166899 0
641 0.1112597552184743 0.2455288198599116 0
642 0.1497360008160918 0.2791882326168435 0
643 0.2932651092357585 0.1789761709580885 0
644 0.0119846813714103 0.2869118002643418 0
645 0.07100779683839267 0.2367975890736233 0
646 0.1505307545104486 0.2403366591258934 0
647 0.3083756909356021 0.1221722873336697 0
648 0.2953056592731025 0.1966555455305884 0
649 0.2034047906574437 0.02884897132188215 0
650 0.1464732235329966 0.1511062368412565 0
651 0.2512574429727783 0.1107311271832911 0
652 0.2765179503231175 0.1758453642787564 0
653 0.02938004137468394 0.3291995899442743 0
654 0.1150674082681691 0.262003013895616 0
655 0.04110033107343429 0.2612248933129304 0
656 0.4264107190731963 0.1666814977958957 0
657 0.04666245851668447 0.2398014346627868 0
658 0.03238028301585097 0.3077755220382644 0
659 0.07372122736536697 0.01012408138847222 0
660 0.09117080656607675 0.09148786142659472 0
661 0.1310432791943943 0.09609052868307005 0
662 0.4673086004357048 0.05035853299301413 0
663 0.2756360761249862 0.07284274519774352 0
664 0.3682519065907186 0.0466514118912385 0
665 0.2183076200378669 0.04649651881088301 0
666 0.1528781529174779 0.1426800434431926 0
667 0.2547112087515463 0.05581747920229595 0
668 0.2401460553782348 0.1942040582500815 0
669 0.1664291676194725 0.1433565261288778 0
670 0.2865730455546678 0.1582537224778357 0
671 0.330623601699933 0.06469649623889058 0
672 0.02917983632338741 0.2705907941436949 0
673 0.1678767768849461 0.2176280775534796 0
674 0.2678416579127604 0.1510118961322899 0
675 0.2803017508111966 0.04983807547277554 0
676 0.03563375027330457 0.1045207861979324 0
677 0.03077674836542031 0.09050621658726817 0
678 0.1495064010757828 0.2282997911439987 0
679 0.2227056804262961 0.0326894549282901 0
680 0.1301902124631716 0.138097597573668 0
681 0.4209656666517724 0.02899335404179226 0
682 0.2767923546919039 0.02552565107318278 0
683 0.4880720990903352 0.1282709266390281 0
684 0.09803450749571453 0.2268050632888237 0
685 0.1397113591040787 0.0292913713764494 0
686 0.3805206518077388 0.112049535341381 0
687 0.303557719350206 0.07775697901774939 0
688 0.1621143083086268 0.07201279299963287 0
689 0.3375249575700859 0.1665653032245082 0
690 0.3349034842301437 0.0313372545679184 0
691 0.3406777042353041 0.1397246467688451 0
692 0.03264566148677496 0.2845248707863834 0
693 0.2990638540438043 0.1443824620221585 0
694 0.2177142785704105 0.01242312973687172 0
695 0.07171851199689852 0.1246553773756274 0
696 0.112972974697837 0.1891180948341325 0
697 0.2334942262282437 0.02910386226531853 0
698 0.09757642095549418 0.1858798121568372 0
699 0.2600495317698154 0.1719081289517607 0
700 0.129002739079504 0.2269325829841359 0
701 0.1265997688890163 0.2435488465331164 0
702 0.1391732580418929 0.1239574724043135 0
703 0.2319463531933491 0.2458128023393468 0
704 0.01000073058714332 0.09344447273570758 0
705 0.3530358455186999 0.0617407159255203 0
706 0.2146065423573603 0.1546464187396022 0
707 0.06413849762379918 0.2285539307369323 0
708 0.2257554597210051 0.1542209751596141 0
709 0.1462656182795103 0.0107600575993976 0
710 0.317097921580516 0.03083254412726424 0
711 0.1765063872235196 0.2368963309734707 0
712 0.3224618141856739 0.01238969671474044 0
713 0.09865647616073869 0.2984997387017142 0
714 0.3222466604506561 0.1008298686534438 0
715 0.2908294434446243 0.09710484662284991 0
716 0.09757245468714695 0.2069590463101207 0
717 0.2509964088978923 0.2370621574118496 0
718 0.1507800972903152 0.2609710308276437 0
719 0.329045414569391 0.08640229973275265 0
720 0.0112183216767029 0.2332454778135612 0
721 0.06653303938331281 0.3128458961755191 0
722 0.035777593863899 0.1815664930700129 0
723 0.4256281152445097 0.1484034068526019 0
724 0.08380908865792683 0.3059397674547879 0
725 0.3297879220624174 0.05322222255310916 0
726 0.1363304527602311 0.06964505776893462 0
727 0.05789832727158711 0.2531707815449376 0
728 0.07913301306422647 0.1460703257627959 0
729 0.1170154826110915 0.174783270493947 0
730 0.05232860426026333 0.2746290926744102 0
731 0.2613312797593856 0.1305362136254424 0
732 0.2469544758955356 0.06804055992447147 0
733 0.4354079859566176 0.1298595657610709 0
734 0.2083075508907916 0.1189589763029151 0
735 0.3450320741202361 0.04960926610263863 0
736 0.1036182527038789 0.05175823685336254 0
737 0.04591586328108302 0.01079835400191676 0
738 0.03971623180989286 0.133941331120695 0
739 0.3869208453393624 0.1025325305943437 0
740 0.4044905593480202 0.1168043831379744 0
741 0.1506618132471794 0.1063978354807124 0
742 0.3917228869293123 0.07356863903478239 0
743 0.2912481023457713 0.2211801954346977 0
744 0.4636995995899447 0.02756552815909941 0
745 0.4059847809150743 0.0551582176943323 0
746 0.10778020764513 0.01196963392674751 0
747 0.31223183652194 0.1622199592510212 0
748 0.01191877316843138 0.1588762836766312 0
749 0.2621177832616577 0.09355724843263186 0
750 0.3659676127692906 0.1223358197740752 0
751 0.1832685177409401 0.04287398996049716 0
752 0.4898966920588003 0.1084408377828481 0
753 0.1765330852589584 0.1734598619106743 0
754 0.01044007271445844 0.2757437776004754 0
755 0.02712493912222166 0.2323288793912569 0
756 0.1195833061320211 0.1576240495834522 0
757 0.2063492684264972 0.2551759769836199 0
758 0.06774361046843107 0.1097800272067846 0
759 0.3562532910682708 0.03916312362013748 0
760 0.4148515452366635 0.0106378942465037 0
761 0.1941666335899992 0.2425694005197338 0
762 0.3586849309722326 0.08842975512511622 0
763 0.4540702003801955 0.07102077944164478 0
764 0.02996338192384918 0.1503172988764048 0
765 0.09533173526035259 0.2843685159231158 0
766 0.4241495925050051 0.04765428236242168 0
767 0.05087415672728351 0.3174783886748271 0
768 0.464947413682116 0.1548209205180374 0
769 0.3087629162214214 0.06042265095187946 0
770 0.1480185698767943 0.03772526900250969 0
771 0.1355034009402993 0.104959544337118 0
772 0.02566545556982636 0.01000061852594657 0
773 0.04315587225968519 0.3045527927056111 0
774 0.1021744004348957 0.03295824847932556 0
775 0.1129950820940002 0.02731528766794255 0
776 0.2273992352967294 0.104865791673243 0
777 0.1801109106691159 0.1158180145885573 0
778 0.3690195901533826 0.07047966824764051 0
779 0.3852576743585815 0.01052194648726644 0
780 0.1756296498600715 0.1940493030846855 0
781 0.1672475326303347 0.2717865120458984 0
782 0.229200774706471 0.1373678383305553 0
783 0.1460062875879747 0.05573515546423893 0
784 0.3411707608609151 0.1194662923067182 0
785 0.3383276406032488 0.1876110781197994 0
786 0.1986153183850029 0.08564026215489996 0
787 0.4461076646012794 0.1457077229759816 0
788 0.1252007334433364 0.05852468672513582 0
789 0.1189841529526183 0.1108710889012905 0
790 0.03976003618053463 0.02633060222637981 0
791 0.4656173360983987 0.1077295046181345 0
792 0.06141738687770315 0.07821890425226553 0
793 0.0408079368226351 0.2022350508961999 0
794 0.4300924926160983 0.1140192962834097 0
795 0.434622459993859 0.008933817680617294 0
796 0.1008365557343266 0.07110222215851775 0
797 0.3282403122691208 0.1723641029222485 0
798 0.2286071425140429 0.01201236700332418 0
799 0.3102710526129737 0.1795370064213808 0
800 0.1659277729643629 0.1264761567002712 0
801 0.4157953670906476 0.1307599804212501 0
802 0.3939005155304051 0.1678595568023688 0
803 0.009665116361606971 0.1450381044257998 0
804 0.4037994986332699 0.09533853044070345 0
805 0.009432165517610086 0.1256293838355046 0
806 0.2967163533039514 0.02302047471126924 0
807 0.2853810202315104 0.01024836223196429 0
808 0.1340971690170801 0.1732598069118025 0
809 0.2135448845819747 0.02655255434390901 0
810 0.08311520455845094 0.1901986125273139 0
811 0.06394778727994754 0.3016433820013973 0
812 0.3184878768722292 0.116788626184429 0
813 0.2284538391027643 0.1173302823627351 0
814 0.3748413078391509 0.1722463443744678 0
815 0.343925617392292 0.09627237011091389 0
816 0.08301556444001781 0.1237051612695616 0
817 0.22655487264224 0.2073911127089098 0
818 0.07767782658933696 0.2965417152914855 0
819 0.1218967717935936 0.195581856877976 0
820 0.125894213074981 0.009917064905312365 0
821 0.2661339965026441 0.01001147748418989 0
822 0.09791382331286846 0.1591474163560042 0
823 0.04432219200661221 0.1540948852546236 0
824 0.1751601490093457 0.1043820066444168 0
825 0.1953385834353457 0.1306204013119427 0
826 0.03860416001822046 0.05263567268034834 0
827 0.1661662365245797 0.01035519535508688 0
828 0.02468505889279115 0.1597188609522452 0
829 0.1648466214060657 0.09080149326285894 0
830 0.1837913908279144 0.1371323017867639 0
831 0.4171173222953937 0.1735817428673851 0
832 0.09910646597652467 0.1134072610620224 0
833 0.3769105774842839 0.06329051519858819 0
834 0.2152984077498346 0.1725922905484191 0
835 0.05387828309003593 0.1695877334750015 0
836 0.04971258426332139 0.05788725759456687 0
837 0.265434121057723 0.0584240823117463 0
838 0.2605168131994773 0.2194757808404779 0
839 0.2445703128265861 0.2191138710091766 0
840 0.3666038505493135 0.09531620658636231 0
841 0.2818677514160768 0.1180471093504604 0
842 0.3016422424389759 0.04118350492460145 0
843 0.2618452273558997 0.2022906476035226 0
844 0.2617427518659712 0.1911516744776272 0
845 0.1994667042101282 0.2313407933949466 0
846 0.4651136146796254 0.137107631278163 0
847 0.1881901724085411 0.207458389749382 0
848 0.3118161087430446 0.09731303730606872 0
849 0.3500644475677042 0.1271959390625896 0
850 0.1687018430272241 0.1520227941624549 0
851 0.2978780605392189 0.05608416475176499 0
852 0.275083367163502 0.1579116844638839 0
853 0.3291628901170434 0.1310654879802264 0
854 0.4233044063233728 0.06388774202307757 0
855 0.4258850436100721 0.1342246393365792 0
856 0.1602013013400873 0.02663023408140937 0
857 0.04529190640942597 0.1655055888119553 0
858 0.2087512027704624 0.07355997723077209 0
859 0.2907561111806255 0.146728413643798 0
860 0.3339954676681419 0.2062738241144025 0
861 0.3861620689426238 0.1518760931115395 0
862 0.3757233225330442 0.1483967574713895 0
863 0.02799729818633372 0.1116082289042251 0
864 0.4157068666140958 0.09808027163668413 0
865 0.2542900540243859 0.02354788751948793 0
866 0.1962310138523786 0.1965363443523707 0
867 0.3153213199625668 0.1956559481443882 0
868 0.1378455200339878 0.1927689727062613 0
869 0.1484624281524395 0.08725881790136887 0
870 0.3810384432052992 0.1320171430300286 0
871 0.4552645169307928 0.009839833000918738 0
872 0.1828800265739196 0.08667598081078556 0
873 0.1618870927323956 0.2616721526670913 0
874 0.389127319599204 0.1841220387547734 0
875 0.2835773968094227 0.06793804625123676 0
876 0.4031977677183535 0.009802325759280845 0
877 0.370424481487331 0.02808728183049418 0
878 0.02428670828648851 0.2503758018986004 0
879 0.1630181159509327 0.06150426355343773 0
880 0.1144826170785295 0.1252732831809154 0
881 0.008874363485987561 0.1757116573323554 0
882 0.4080922278304028 0.1358898004670119 0
883 0.4574347617679049 0.08765210287049245 0
884 0.2205606924780792 0.08553683076558291 0
885 0.4070911668161029 0.04587541131221638 0
886 0.2455868989958766 0.2045133277171257 0
887 0.06755886940542979 0.2671993642093336 0
888 0.01052825949728941 0.07757535030026586 0
889 0.01057328241698628 0.3198122850263374 0
890 0.1602235881840083 0.2082549711519184 0
891 0.02718663283338653 0.2925802343204565 0
892 0.05144652996586776 0.185219382257838 0
893 0.3974780807493508 0.1024037066573648 0
894 0.26277745301464 0.2360995687595929 0
895 0.3216727717784436 0.08035508481355416 0
896 0.07413186602855933 0.1730185759631201 0
897 0.1936728109530497 0.1642888945923621 0
898 0.4486686650149304 0.1042637947910143 0
899 0.2395602951036694 0.1207515089893863 0
900 0.02389680390553976 0.07719205428576879 0
901 0.1168870859149528 0.06535987276625416 0
902 0.0100038795290002 0.3353182508756905 0
903 0.239568952121557 0.1006847075952857 0
904 0.3501804217173839 0.1552746309156304 0
905 0.09762350841452765 0.2624487820707147 0
906 0.4883052742597949 0.07869459741205688 0
907 0.4321722261492477 0.09762874619920514 0
908 0.2361518298844346 0.05085110317100017 0
909 0.3086330434055599 0.08826696816143126 0
910 0.1579053155577759 0.1969259376992774 0
911 0.3304614424952052 0.151324405895342 0
912 0.2999918178370767 0.2055426332830473 0
913 0.1138086563150502 0.2951945234620379 0
914 0.1091704609721077 0.2786237793788563 0
915 0.05252162622798331 0.09608889101233796 0
916 0.08376224110156781 0.2712007589186568 0
917 0.3172498962307508 0.2136677830555466 0
918 0.4193248893982462 0.0812107924149417 0
919 0.2893869641182434 0.08693612448819381 0
920 0.1318671031347707 0.2106539524438912 0
921 0.3876025776116254 0.05043205479723935 0
922 0.05422687804841076 0.212148199548735 0
923 0.445405941085892 0.02224588857863858 0
924 0.3501453848652284 0.1994542117279907 0
925 0.1034780422741753 0.1245816634116476 0
926 0.1009298875818489 0.09223443881427279 0
927 0.4089509204004647 0.02917871071771115 0
928 0.3982668451339718 0.02456292319952209 0
929 0.09469660129349912 0.02526263943818728 0
930 0.04453092606165179 0.2232271722454452 0
931 0.3506122053251585 0.00992082202792724 0
932 0.2169141779518838 0.223848858483724 0
933 0.2063187570988194 0.09329585419905012 0
934 0.125814989695208 0.02040120135712797 0
935 0.4771508997399854 0.008667900759043733 0
936 0.1706125597259213 0.03192866623327188 0
937 0.08661907124805746 0.1125965152107008 0
938 0.00865661227234176 0.2430251049648959 0
939 0.02196657412466179 0.1405815869572186 0
940 0.2175353565994555 0.0562110619701245 0
941 0.07822823467486649 0.02514516363455468 0
942 0.2950728096014309 0.1640426790065979 0
943 0.09851869553218504 0.1435055377973543 0
944 0.2597708892164913 0.07722001059232525 0
945 0.1600112825544106 0.1100280468290226 0
946 0.08816686038168513 0.1605662130284098 0
947 0.07831197974530853 0.155428334866981 0
948 0.2590197008623482 0.109085923136152 0
949 0.30673646124994 0.1560204416402354 0
950 0.3661871877553897 0.009450757877431028 0
951 0.0422645168767405 0.2870481504462658 0
952 0.1669497023034281 0.1669056332770923 0
953 0.06185043174146648 0.1296167957094058 0
954 0.03791945696682963 0.32547357987061 0
955 0.01985236379058079 0.1281580636738367 0
956 0.2506788188218235 0.03479195949981373 0
957 0.08139916322345919 0.2181664155879196 0
958 0.2285851807372258 0.1864596180237688 0
959 0.409977145040157 0.158684849440415 0
960 0.1385378449849943 0.2255266453689442 0
961 0.2005370362121369 0.04789764144186974 0
962 0.08279805825432586 0.0919784641618864 0
963 0.05649290623596108 0.008204441699349332 0
964 0.08416552182673848 0.009456211524392643 0
965 0.178656316856236 0.2701681911878253 0
966 0.2745485240491106 0.1876224924412627 0
967 0.2769224608549121 0.1013355175170294 0
968 0.1307686682389925 0.05067160417079931 0
969 0.06547543060886209 0.2090963679673191 0
970 0.4927198471769541 0.04590714855485584 0
971 0.09080875317713795 0.07582215570748407 0
972 0.007688616146837217 0.1160657633784157 0
973 0.3517246751599687 0.02534011220092856 0
974 0.1026193828402306 0.1691815241581281 0
975 0.09675770048959306 0.1764449173406866 0
976 0.009641218547061275 0.009641218545131761 0
977 0.2772703273519164 0.2290542683119959 0
978 0.2856049123625182 0.1994246469030766 0
979 0.2050000005569887 0.008242803994112547 0
980 0.007427872448991551 0.2944728011625532 0
981 0.1672425340555573 0.2267563476752181 0
982 0.4726689021342333 0.07951464867865618 0
983 0.0087212201427171 0.04532312169938461 0
984 0.4117995945871663 0.06565313349593728 0
985 0.06673119081175105 0.06400626901907323 0
986 0.2933776772339992 0.07380536114245373 0
987 0.07846569320136554 0.2539816770817156 0
988 0.05016410791762654 0.2979253043708254 0
989 0.0347530506473406 0.2122351485986918 0
990 0.1393278372764117 0.2058932401199969 0
991 0.3365713554961961 0.02196242735158627 0
992 0.2107073672356138 0.1082107845601033 0
993 0.1770622672714768 0.252878331171544 0
994 0.4748492167820039 0.1123649369755074 0
995 0.276400123494509 0.08360057231605068 0
996 0.3267778236048326 0.03565044814117517 0
997 0.4914870489759822 0.06322169442511533 0
998 0.02479562508904396 0.0462760561432474 0
999 0.481142184776401 0.1479690952990427 0
1000 0.1202083512158246 0.09097876055232908 0
1001 0.07151338905154837 0.2196358995324931 0
1002 0.3897060501597258 0.08284231061473814 0
1003 0.3061264054272023 0.1972350594210244 0
1004 0.0721913013247223 0.04808456986064134 0
1005 0.209079795202117 0.1623305569226979 0
1006 0.3900766522297395 0.1367111041787696 0
1007 0.1412329190320543 0.2843143379288514 0
1008 0.02251874070281704 0.3063766682458691 0
1009 0.02562040127304692 0.1980365813371164 0
1010 0.05400760440736289 0.04058991206478498 0
1011 0.2675016464037849 0.1234612877235965 0
1012 0.1869035647025276 0.03286175563432486 0
1013 0.271554914040446 0.09333353522393562 0
1014 0.1553766600661504 0.09216694894047543 0
1015 0.2307897974044104 0.08419301126617908 0
1016 0.2774760653174999 0.1373268483974816 0
1017 0.4910505277068992 0.0880363386618237 0
1018 0.05554547223321627 0.1113676331228411 0
1019 0.1992100317412421 0.1794767558518085 0
1020 0.2241772069384563 0.06991218118621716 0
1021 0.1355399459009921 0.2612316381035358 0
1022 0.02530030698030827 0.01953321343937368 0
1023 0.477398760125142 0.0489417596780666 0
1024 0.4745211606121929 0.1213817172785089 0
1025 0.3492724028118154 0.1368812438118211 0
1026 0.1697611365240763 0.1845107705098187 0
1027 0.3205247214458835 0.06752757903029041 0
1028 0.3652952129960356 0.03735223593876089 0
1029 0.3551083602171683 0.1088438082002575 0
1030 0.337385918803858 0.08367021438881855 0
1031 0.2186356885586254 0.1219043094920549 0
1032 0.04717803316350461 0.06890278874997835 0
1033 0.3712896429006781 0.1314351959462245 0
1034 0.04938444498341737 0.2607332284169048 0
1035 0.07044590770413098 0.02009377850734459 0
1036 0.08630389175301283 0.1716932064246069 0
1037 0.06382793038454503 0.09503705064081572 0
1038 0.2076211429921927 0.06178336359801836 0
1039 0.07092280093254386 0.03934238992600929 0
1040 0.1664399950185121 0.08110484736951248 0
1041 0.3862601388780689 0.1199778458357109 0
1042 0.2430836042530429 0.2288231358285083 0
1043 0.05905355341432675 0.02345103323102921 0
1044 0.3957085838768166 0.05807567753569446 0
1045 0.2932156552448794 0.107634971572413 0
1046 0.1500116778921316 0.1593646946794911 0
1047 0.007201356007449094 0.224488348580406 0
1048 0.3198165496370874 0.145888695256205 0
1049 0.3829612437936578 0.01988846778834772 0
1050 0.08535763447536673 0.2086611831516818 0
1051 0.3378251716706325 0.07047050676708119 0
1052 0.02625413338493814 0.03786461512606833 0
1053 0.1443408966102052 0.0467998013173074 0
1054 0.03994332277979862 0.08344530131352204 0
1055 0.1945439639368804 0.1088381680550696 0
1056 0.01830828168747161 0.1765963831983667 0
1057 0.0789090501273703 0.1999685787919282 0
1058 0.2452244026141167 0.00870042523236801 0
1059 0.1329869081889185 0.270659382275497 0
1060 0.2322357070214307 0.1467676468454473 0
1061 0.06139047907116561 0.2863673778678981 0
1062 0.2962950920055604 0.03279383950313528 0
1063 0.009188572812177042 0.20212367558776 0
1064 0.3050365621146179 0.008942159583880728 0
1065 0.2590584499695623 0.1483581371685948 0
1066 0.1338938396421606 0.1630959004175247 0
1067 0.4434619260342926 0.164525983409063 0
1068 0.0608978652628037 0.1545328504860076 0
1069 0.454854699317284 0.1349142461591871 0
1070 0.1837558158800415 0.1638187440212433 0
1071 0.2137144165743855 0.2403416294356963 0
1072 0.1829653254665163 0.09794379309776868 0
1073 0.2714651446309886 0.219461140324753 0
1074 0.008445056820599992 0.06349480086299217 0
1075 0.1443559222826399 0.02004816636032366 0
1076 0.2496831993189488 0.07587125045709253 0
1077 0.0317729886264663 0.1410699308285306 0
1078 0.215737825839341 0.2549062289849694 0
1079 0.3602988518183634 0.1432840739190668 0
1080 0.03630070814295711 0.2531275100454191 0
1081 0.1609455119423149 0.2431183676056827 0
1082 0.03559652298323947 0.03521349679897633 0
1083 0.08092437932206782 0.236320976024141 0
1084 0.008516341660769977 0.0367766070247055 0
1085 0.3980416871421091 0.1314637305511256 0
1086 0.4157993078784845 0.1075449063967375 0
1087 0.3548282459604926 0.07760797343734244 0
1088 0.3367131755659969 0.1099260031610524 0
1089 0.142528484801532 0.244737864446905 0
1090 0.0868236554784914 0.2260924375722017 0
1091 0.477230234599353 0.03264430669612695 0
1092 0.4777787192135283 0.09492067395473035 0
1093 0.2384239808972589 0.1622991965440065 0
1094 0.3595813545566795 0.1972063088325056 0
1095 0.1158453608536381 0.1658232022942845 0
1096 0.09570515683145253 0.1295672032500899 0
1097 0.09444849292210944 0.05337056837811231 0
1098 0.2499227380400409 0.1867482582451461 0
1099 0.19484495676293 0.1497277451085933 0
1100 0.310920188940924 0.04013800781681373 0
1101 0.1867990045764173 0.1464729771053562 0
1102 0.3459492677764646 0.1837256071797117 0
1103 0.4682739149327 0.06206367360510483 0
1104 0.2512131766064371 0.1607269781723351 0
1105 0.1360422220350906 0.008108611740348975 0
1106 0.04873722486218374 0.1432709233477292 0
1107 0.4915972096966594 0.02190484962787303 0
1108 0.4529316357798026 0.1231057395878356 0
1109 0.1069522768815145 0.08221812659096459 0
1110 0.007424073881402322 0.08503124393903344 0
1111 0.23610101627262 0.2021125380795887 0
1112 0.0764608894708827 0.1059260503870181 0
1113 0.4897364242122771 0.1179673778669767 0
1114 0.1978992773642917 0.02075834225635935 0
1115 0.4153045827350781 0.149678979692881 0
1116 0.1592772470359499 0.2782857123357138 0
1117 0.1332152180591895 0.1459703808255042 0
1118 0.4069243008282817 0.1780395122703989 0
1119 0.307794208969743 0.1469886340869347 0
1120 0.3878818301822841 0.1612778049033453 0
1121 0.4920762154194035 0.1447563038731953 0
1122 0.2396819577037479 0.03555102165480828 0
1123 0.1868769808648439 0.1888915994990024 0
1124 0.02153100903799818 0.09244434009205753 0
1125 0.3596528717712022 0.1836018384342984 0
1126 0.4156020347367067 0.02096963193473405 0
1127 0.2660273187897384 0.04306163961159695 0
1128 0.1158903704121445 0.2115960794813868 0
1129 0.3158255420675257 0.05012918841137657 0
1130 0.3798952509194752 0.02873445766620036 0
1131 0.1435584788168876 0.1757533421577029 0
1132 0.08643111254250674 0.2844132196968997 0
1133 0.3601021407375207 0.1694026110821488 0
1134 0.3599668575964902 0.1597004080174663 0
1135 0.429008617504181 0.02398238297216585 0
1136 0.1801249060967967 0.1541252412895925 0
1137 0.441824655507836 0.05825172192149414 0
1138 0.05010324355297788 0.2040283654762624 0
1139 0.1587530036057499 0.2262447397384264 0
1140 0.08174794634660139 0.06126699810514425 0
1141 0.02300309088555736 0.2155227826388723 0
1142 0.4352131323143936 0.1671068260798274 0
1143 0.2006483453046634 0.07704337656473505 0
1144 0.3746247021981173 0.0927572996837798 0
1145 0.12941069994106 0.2891998603264724 0
1146 0.03146925665659255 0.3187526204125415 0
1147 0.395762857023135 0.121290310323521 0
1148 0.3478839605068603 0.04194888981545276 0
1149 0.008786243423253848 0.02081326845523938 0
1150 0.1309791783456923 0.03425075822475001 0
1151 0.1301269005529249 0.2537373414276569 0
1152 0.1891293549652389 0.1155768277476872 0
1153 0.4496290051790342 0.09469688803589579 0
1154 0.4246047761578022 0.007404837970799261 0
1155 0.2426847272693745 0.2449591747108038 0
1156 0.0204348980528932 0.2585253191109994 0
1157 0.0714234371919578 0.282581631445717 0
1158 0.2492468789005192 0.11893512372908 0
1159 0.1619770099499241 0.04570320390844193 0
1160 0.4764315217113403 0.1397041251559432 0
1161 0.2318479425084458 0.2334719614243531 0
1162 0.05831953972452925 0.2949481419192994 0
1163 0.175791563953895 0.007573841263643119 0
1164 0.2205498006911027 0.198702413705984 0
1165 0.2170033230305211 0.07728823906091729 0
1166 0.108439489284111 0.2053746196584436 0
1167 0.245694243675637 0.01920604132489554 0
1168 0.2446771572808061 0.1766968507420439 0
1169 0.09595026774146055 0.1961528560243737 0
1170 0.3458746010638793 0.169937458706095 0
1171 0.2667428213181597 0.06921882259035936 0
1172 0.008699925387917872 0.2593885613498325 0
1173 0.05328739832377788 0.1241909709504243 0
1174 0.4675315906137124 0.09780737362459582 0
1175 0.2025082474823251 0.2157571138970312 0
1176 0.2961919130480203 0.1727193938914653 0
1177 0.1469125731805586 0.2191526039175568 0
1178 0.1386839865924082 0.1333722287858417 0
1179 0.450437841277652 0.06019416517553672 0
1180 0.3255807060714867 0.1086504203953914 0
1181 0.2059287371702792 0.2028902188206926 0
1182 0.327146612989599 0.04499832725991847 0
1183 0.4263213497360231 0.05622053142082299 0
1184 0.1562590528424294 0.05522300962989028 0
1185 0.2907996981090802 0.1155603261880891 0
1186 0.02048302776474619 0.2710178380020011 0
1187 0.1152548569689484 0.007268599912236095 0
1188 0.04382288767884902 0.1009084731577347 0
1189 0.442497535434549 0.1375887802712226 0
1190 0.1829277534116024 0.07443557896125967 0
1191 0.3797776427673722 0.0441540049620788 0
1192 0.3640927028549767 0.07908578434431129 0
1193 0.4373411166048625 0.1496442441787468 0
1194 0.3439780509573682 0.008075019180803906 0
1195 0.1249942974257643 0.1764559043575347 0
1196 0.4607643040598553 0.03564818874750034 0
1197 0.1185471403704398 0.2421338088708475 0
1198 0.320662365577088 0.135672451551762 0
1199 0.3657474560930757 0.02008793829223145 0
1200 0.04909365123317039 0.08654208520982133 0
1201 0.3112622964945335 0.1313310609243825 0
1202 0.4920726359403291 0.1349862421475188 0
1203 0.03878875265152132 0.07264052285748067 0
1204 0.1474936646036832 0.2500850449893459 0
1205 0.007497698536326496 0.1663647764115125 0
1206 0.1749811962570863 0.12284262257533 0
1207 0.2148186817852003 0.1353792100419302 0
1208 0.1199164141741663 0.2251476678826185 0
1209 0.08664096333142254 0.0471418320281404 0
1210 0.1128659544915754 0.2371919883362495 0
1211 0.06509157392230509 0.2597059189137275 0
1212 0.3141157851137879 0.007325578509594233 0
1213 0.3731973831579741 0.07922604754107453 0
1214 0.2836016190057152 0.04173812121912599 0
1215 0.07445963072161464 0.27362958538916 0
1216 0.09327032432141584 0.3040721813355466 0
1217 0.4915810544648748 0.008418945542845689 0
1218 0.02040484780057523 0.3335193977894448 0
1219 0.169377555604166 0.2087830808850822 0
1220 0.1922563707311293 0.07079440461662877 0
1221 0.02570842090218376 0.1683932433563367 0
1222 0.143556259470609 0.06437960650489188 0
1223 0.3332249859130363 0.1237827616641338 0
1224 0.1010141455374451 0.2780993756855721 0
1225 0.3114923204936102 0.02401742871736006 0
1226 0.2303579112623189 0.1624942790351138 0
1227 0.1323746335000152 0.219209521812272 0
1228 0.4560730237046426 0.05095118657427542 0
1229 0.007384595718791838 0.1931350014193497 0
1230 0.307936289666754 0.1133542950536026 0
1231 0.0647005893553156 0.006695316872821711 0
1232 0.3964255132097041 0.1504575571237493 0
1233 0.2557317489384008 0.101363210919263 0
1234 0.3738676914571963 0.1916630487103861 0
1235 0.4276104831689885 0.1565859846892144 0
1236 0.03262148644462716 0.05862610741272294 0
1237 0.2802626479708468 0.1659145543788478 0
1238 0.09929123464687789 0.2168902568588131 0
1239 0.4926045549096052 0.03695748672533865 0
1240 0.1819255572190001 0.02198156733735929 0
1241 0.04663082125638924 0.2682081619701107 0
1242 0.4342201319396193 0.04327942111591844 0
1243 0.2855365270450792 0.2136490057167635 0
1244 0.1461703856302282 0.1850806424178888 0
1245 0.03419863549448063 0.1265950727626766 0
1246 0.2268727757490838 0.2249857769339992 0
1247 0.2480534387317677 0.05066003783545853 0
1248 0.4435851740633655 0.1128339583837561 0
1249 0.4569912722847156 0.1592810698708064 0
1250 0.06451843740182668 0.1979020326180182 0
1251 0.1683300747412241 0.09905443645005298 0
1252 0.4357892058415052 0.03493120066910509 0
1253 0.4017912785737878 0.1635113655497615 0
1254 0.04212567616498916 0.04295894423163635 0
1255 0.02088948129326772 0.2878487920787268 0
1256 0.2864802792491998 0.2274730892131039 0
1257 0.01758571574199381 0.06033942161685048 0
1258 0.4815945925916756 0.02348520969872594 0
1259 0.1933846210673013 0.2636514285398133 0
1260 0.3817883844803627 0.166962147938006 0
1261 0.1486357082496399 0.2702002748871795 0
1262 0.1302928286420474 0.1897984639309419 0
1263 0.1280480843047763 0.1585307950021578 0
1264 0.03270849825534135 0.2033519935111981 0
1265 0.3182734985060521 0.02115551249011954 0
1266 0.1168707282147268 0.0451210657270898 0
1267 0.1392177885718417 0.08764773764334295 0
1268 0.2435443901575095 0.146617471899438 0
1269 0.3073449104333009 0.06922254585647528 0
1270 0.1783223053416818 0.2024166417228285 0
1271 0.1194177530451573 0.03664765577109944 0
1272 0.1544502974621337 0.07471206522852158 0
1273 0.3822696911934985 0.095111832614322 0
1274 0.4438239307780515 0.03201913363441544 0
1275 0.2364280419632886 0.007127537052216107 0
1276 0.01885046898891996 0.204937880756747 0
1277 0.1210398716368964 0.1194445213808385 0
1278 0.2326599836403957 0.02028618188648014 0
1279 0.4822852525997378 0.1330764935947471 0
1280 0.4362950231763534 0.08806401477495829 0
1281 0.07139778691843895 0.1408557129434732 0
1282 0.1896475660894922 0.2534562671417578 0
1283 0.03532430408181445 0.006963578314921657 0
1284 0.1891252166576786 0.1807660811181817 0
1285 0.02195196125858935 0.1906252050851819 0
1286 0.1510503057384144 0.1697556877371792 0
1287 0.1869581776814366 0.008003578070174598 0
1288 0.4487631891547224 0.04546987538938814 0
1289 0.2693744065003785 0.02685834049506695 0
1290 0.2319187664413683 0.216649939916494 0
1291 0.1903395913751623 0.04859752127409803 0
1292 0.1662663485781374 0.2528947315906422 0
1293 0.01769126877258501 0.007904922125366131 0
1294 0.4148965860807983 0.04790212005836703 0
1295 0.07478984064709873 0.06565323957929037 0
1296 0.06867504812222698 0.1896891150259075 0
1297 0.375195059924254 0.007456747774134843 0
1298 0.1985334584666273 0.09506188082649442 0
1299 0.05569440779414099 0.04958750612753542 0
1300 0.05249860077415625 0.2198492816967579 0
1301 0.3652802628570487 0.1042684429606734 0
1302 0.1043943060053213 0.04260766284752308 0
1303 0.2977649123163713 0.1230710559358523 0
1304 0.4077343185378384 0.08088494678346075 0
1305 0.1410386213950814 0.1574443612274483 0
1306 0.2360394732907326 0.05901904528523312 0
1307 0.2244512192724155 0.2532576808194303 0
1308 0.2321086374756981 0.0748236080160179 0
1309 0.02041723584527841 0.02551848994799675 0
1310 0.1022644159243628 0.2471396303080431 0
1311 0.1276945104877986 0.07687454926398447 0
1312 0.1193757416425083 0.07525412432503786 0
1313 0.007218372774168445 0.2175721771871325 0
1314 0.4197955894236074 0.09074649205372956 0
1315 0.07822942993070761 0.03426713606765231 0
1316 0.2461713139149965 0.1349551618143875 0
1317 0.01911354504489952 0.2311751537329623 0
1318 0.2154623839906121 0.0194005493083542 0
1319 0.2763028401005027 0.1093412505862127 0
1320 0.1228817578679799 0.2818989249068264 0
1321 0.04869677891260107 0.2819671016497622 0
1322 0.02590541371068734 0.1216916627484893 0
1323 0.05112066653693505 0.2454431302943851 0
1324 0.24717047837113 0.08998014154525227 0
1325 0.2009009947388979 0.1370088209852698 0
1326 0.2248747652075567 0.2406065744898207 0
1327 0.1126975659984469 0.1972545682514811 0
1328 0.4354333245579244 0.01883268576287668 0
1329 0.1429553706012912 0.108142116028975 0
1330 0.2170377111142634 0.2132003001778168 0
1331 0.1941709162462817 0.2147858770829651 0
1332 0.1931847401672793 0.06222889091549692 0
1333 0.119978594707922 0.2674389763987419 0
1334 0.2029554091431045 0.1873720485956814 0
1335 0.4599066143991811 0.1178943941541153 0
1336 0.0387255134950415 0.1132798789191421 0
1337 0.3704838247145193 0.1579472870760009 0
1338 0.1598342320765676 0.1804215329993723 0
1339 0.4802521221645205 0.07650953099193306 0
1340 0.240035105149148 0.1315805522858158 0
1341 0.08152958113413683 0.1801476348780184 0
1342 0.0461668078905289 0.3236401742830286 0
1343 0.1283542030473196 0.08617707492273614 0
1344 0.1554712671506797 0.006712285680606896 0
1345 0.1689855955299128 0.238682821391163 0
1346 0.07565369567377375 0.07899615028122958 0
1347 0.01712906739431263 0.05065904661249147 0
1348 0.2708029174123234 0.2348776668155755 0
1349 0.191799134412591 0.2255794991742173 0
1350 0.3444642845262579 0.2051436604761845 0
1351 0.2029278300632666 0.03930314367558441 0
1352 0.2254159803289599 0.1248747921510235 0
1353 0.2613067063781994 0.05051010141713416 0
1354 0.0566524172657473 0.1787022567148998 0
1355 0.007055020343572213 0.3264911554901675 0
1356 0.07914627212157344 0.2879368669573046 0
1357 0.1704113113434914 0.07286280535612293 0
1358 0.05981243592780075 0.1641402831254949 0
1359 0.2779757679785043 0.196842606895179 0
1360 0.03972777309352437 0.1912906505396632 0
1361 0.2676378033961701 0.1628032313819167 0
1362 0.257221378676719 0.007527125453983786 0
1363 0.3211416479705334 0.1655208538965891 0
1364 0.1409252356561829 0.2751398568934226 0
1365 0.4824785255201991 0.06280072347589727 0
1366 0.4414154084128969 0.04871926113170323 0
1367 0.4750310810961414 0.01718993561460472 0
1368 0.08875376822519881 0.2655091063550973 0
1369 0.3090841498636009 0.2185349205109932 0
1370 0.1069208952433184 0.09720193307880927 0
1371 0.2945006645456638 0.007564391045443939 0
1372 0.3209163988839855 0.1564946642049333 0
1373 0.1789545409517148 0.06112581477754925 0
1374 0.1119392848532947 0.2544577027845346 0
1375 0.3426834918471337 0.0272536429500549 0
1376 0.2328697345998665 0.1778001412400353 0
1377 0.1870823361331441 0.05752745472513316 0
1378 0.3452769184928657 0.1917253028496269 0
1379 0.2009764060961803 0.05698137974783489 0
1380 0.4742916931037314 0.1534397418848243 0
1381 0.02108522238548975 0.3225556536186481 0
1382 0.3007953755920846 0.1793813963765989 0
1383 0.05909344745658427 0.3185767876773843 0
1384 0.2084214219648436 0.1496652701537221 0
1385 0.09247463458142886 0.1062729111317035 0
1386 0.1546250351989882 0.1277832471812086 0
1387 0.2518743103191423 0.1723515317193513 0
1388 0.3368909746459645 0.09172324644437946 0
1389 0.08732442918752516 0.1312126919288516 0
1390 0.2265049331800187 0.0486775039936571 0
1391 0.4629609630294227 0.007676625728137971 0
1392 0.3819753920296941 0.1905866292791795 0
1393 0.4220050832132216 0.1130039850094155 0
1394 0.2066358879201082 0.2242485037314221 0
1395 0.3385526184443633 0.0552191317339349 0
1396 0.1114028505575302 0.01968447245030895 0
1397 0.2023112315341475 0.1105220828826523 0
1398 0.4836457907870664 0.1027943345710739 0
1399 0.2925491751684547 0.06480249633270048 0
1400 0.1730164583909997 0.04908295938884356 0
1401 0.3726201939529188 0.1158056545860218 0
1402 0.4675267304464904 0.1256342219494987 0
1403 0.1496182978039428 0.121454680809143 0
1404 0.3702452120177131 0.05544427936128145 0
1405 0.403918849827021 0.07339088244742463 0
1406 0.06379770788738288 0.1447485656196264 0
1407 0.05789594421927821 0.1388607865116965 0
1408 0.3119465649645792 0.1707854932387915 0
1409 0.432401108399559 0.1061821384808328 0
1410 0.3049445794097609 0.01922915329847008 0
1411 0.1146429044139581 0.1432130538619527 0
1412 0.4652997153396887 0.07055489414418245 0
1413 0.2721804919274277 0.2042621212003604 0
1414 0.07632475439296538 0.3125202479743707 0
1415 0.3324019081436381 0.1943031442620273 0
1416 0.4156359784853988 0.1649918218986419 0
1417 0.1136319120963712 0.2854261487487764 0
1418 0.4295406103674671 0.08089475154109427 0
1419 0.1537346735187839 0.1876989048763968 0
1420 0.05525983968158777 0.1953713409265065 0
1421 0.007695934448424303 0.2683716177930682 0
1422 0.2264053971879873 0.170727973794156 0
1423 0.2680063400019559 0.1733456451659715 0
1424 0.1485270233192356 0.1354719554246803 0
1425 0.1794518437819165 0.2180574387758702 0
1426 0.3945927245890919 0.006605239675719667 0
1427 0.3262022185892472 0.1229183939837259 0
1428 0.111746178643528 0.1529905157901028 0
1429 0.1665525322629868 0.193005760341144 0
1430 0.1916370459623719 0.1010165829034977 0
1431 0.2945374665034188 0.1868820470449955 0
1432 0.2995953069006917 0.2224149236618314 0
1433 0.4567998929727816 0.1084498359143613 0
1434 0.05485045358257732 0.2362510635586174 0
1435 0.04623417088039122 0.2323636777971073 0
1436 0.3515318267558754 0.09382235131192108 0
1437 0.09041938445470472 0.08424060935591599 0
1438 0.006006076624091433 0.1349999996628906 0
1439 0.0249410280307705 0.08474187314301511 0
1440 0.03084869055532291 0.05136764967390724 0
1441 0.295478808158607 0.1376569515025098 0
1442 0.2010529855814338 0.2612041631215109 0
1443 0.4453385137902061 0.00736005338494772 0
1444 0.2949585123489806 0.0813960785982836 0
1445 0.006924626940159512 0.3035608014286469 0
1446 0.1244062999414967 0.2060485288386188 0
1447 0.172746687647058 0.08625603721492264 0
1448 0.4339828103754001 0.07194970221729907 0
1449 0.441116708770375 0.09681145433246291 0
1450 0.2176496155105851 0.1829384582501427 0
1451 0.1986639069502312 0.2499247184275008 0
1452 0.2087412980187563 0.0446543999819051 0
1453 0.4645186037808582 0.01796216765790858 0
1454 0.3591811914678595 0.1171315358183559 0
1455 0.07449574476269379 0.2450195227856388 0
1456 0.3964293552504036 0.03880661139110782 0
1457 0.06602115249925074 0.2447800624604945 0
1458 0.06966448139793079 0.1169685392996806 0
1459 0.1724376758628591 0.05680769845520579 0
1460 0.2120687347103564 0.248551468312086 0
1461 0.0881980533169998 0.2494710213781396 0
1462 0.04226972597522768 0.01807273159750244 0
1463 0.0329054285253408 0.2374205406890538 0
1464 0.0959033379319091 0.2532756875459374 0
1465 0.08863835051690624 0.2414645329221231 0
1466 0.1650688864596067 0.1596503165160816 0
1467 0.2853460477183364 0.1820037321573712 0
1468 0.1518060945783785 0.1140417230675412 0
1469 0.2154303171828323 0.09150274361827213 0
1470 0.3723059409621873 0.1089681548917188 0
1471 0.2821059517401981 0.03168365624895311 0
1472 0.05071949059241535 0.02981348748391554 0
1473 0.2762042852389381 0.2129070347145973 0
1474 0.04220075774788856 0.2458213302298061 0
1475 0.4209738587653948 0.04033803209888889 0
1476 0.2714919909697558 0.01964522294538823 0
1477 0.1051646872636159 0.1906891686579697 0
1478 0.2004114386799947 0.1240105495973663 0
1479 0.334941341407408 0.1582850134984347 0
1480 0.05477210200554319 0.01581019933205746 0
1481 0.1892139715987104 0.01664497103932472 0
1482 0.2751919885415949 0.006179912868580277 0
1483 0.04717986859065901 0.3113384678533592 0
1484 0.4847998516540541 0.00629659090752336 0
1485 0.3601838272502899 0.06458368227266509 0
1486 0.2530613892888056 0.1275025162900282 0
1487 0.0667070047610636 0.1021638624895436 0
1488 0.1307910617198548 0.06405898964903653 0
1489 0.0349237070164455 0.0971575802169852 0
1490 0.09080333108992561 0.1908857438033194 0
1491 0.02702912787802816 0.3000067296799335 0
1492 0.2083467403518798 0.2102825000609017 0
1493 0.3343340100670922 0.1369738498895887 0
1494 0.07042936043458874 0.133031269662906 0
1495 0.1417511476243144 0.1993311643246393 0
1496 0.1311671621315366 0.02628950753118876 0
1497 0.3995807896486727 0.0878888964946038 0
1498 0.01643816767376955 0.1000484041407925 0
1499 0.2901863061590601 0.02872165954072241 0
1500 0.1142103809512138 0.09661919315029219 0
1501 0.3411628582393311 0.03585249852658051 0
1502 0.09633933827662311 0.2385430315969268 0
1503 0.193537834160152 0.1224837494013044 0
1504 0.17332410667097 0.1391616109695921 0
1505 0.4925430749237367 0.07164642762756514 0
1506 0.1368113714143169 0.1144909229628039 0
1507 0.1301169855115652 0.1218284365581991 0
1508 0.3706438648327827 0.1825217152334269 0
1509 0.03794634895752497 0.2195048438227133 0
1510 0.03259245182589762 0.0217733206986657 0
1511 0.25974964815993 0.2281527598378598 0
1512 0.1517246990126915 0.09885349787042272 0
1513 0.1666637537220887 0.1058341747727584 0
1514 0.213052821735739 0.1970886450650669 0
1515 0.3436256287547066 0.1613195626764866 0
1516 0.1225968275734058 0.05026507917246727 0
1517 0.2590088723816092 0.1834686640013002 0
1518 0.1164182058409909 0.182352252917586 0
1519 0.3571334765164643 0.1510556392549482 0
1520 0.2844796214610033 0.1293964939058262 0
1521 0.05234028575749765 0.1520355386106775 0
1522 0.03022724465693073 0.189600535507665 0
1523 0.2599369667540133 0.2096185053690364 0
1524 0.2545208499247505 0.2044773362600988 0
1525 0.1189982449080405 0.02284790219041624 0
1526 0.2748871714688538 0.04501257256759408 0
1527 0.3571610452119134 0.1236001800836655 0
1528 0.1217641020655545 0.258444622518233 0
1529 0.4943216320352306 0.09500000014889137 0
1530 0.409763176859488 0.1436850154961155 0
1531 0.08741077309034989 0.1417566922641919 0
1532 0.3576607598380805 0.007188556739727492 0
1533 0.2726662371036782 0.1448262853933928 0
1534 0.4453880400894273 0.1229342944635065 0
1535 0.01859653089987163 0.03345398347467558 0
1536 0.41917687757343 0.07070784690274548 0
1537 0.2511971824206268 0.06278838862794446 0
1538 0.1518707936085792 0.01948715606190882 0
1539 0.183758434723853 0.239142686900107 0
1540 0.1826159168138921 0.2301578787025094 0
1541 0.1075824538924767 0.2627039568113693 0
1542 0.3210226584926028 0.1804919432809403 0
1543 0.05871075860520825 0.2237842907005186 0
1544 0.13051297185171 0.1812907069127807 0
1545 0.1059485960239873 0.2993200811992908 0
1546 0.232787594701418 0.09946529991213274 0
1547 0.3360086578137649 0.1449122689366757 0
1548 0.2704180488933329 0.1312955725905623 0
1549 0.3105820858978344 0.1911632324799727 0
1550 0.3625991750186477 0.05677170437796777 0
1551 0.06377917951948753 0.0365563347155031 0
1552 0.4494630198460084 0.08702998935457368 0
1553 0.1789406329340851 0.03639245895873897 0
1554 0.127615215411149 0.1517722972949858 0
1555 0.05979897768910413 0.2716553737060894 0
1556 0.4243345555626478 0.09604473626091145 0
1557 0.4628695753501645 0.1464689025290254 0
1558 0.1218967713241868 0.1388014087583435 0
1559 0.4553539198628702 0.1516622830909851 0
1560 0.2832083172327854 0.09952166138488264 0
1561 0.2749444253186797 0.05392891761016139 0
1562 0.2113499042116729 0.1889976797581864 0
1563 0.04958097034701557 0.1169612077857527 0
1564 0.06622487165280755 0.1807525493776186 0
1565 0.1049523466243618 0.2211479791171048 0
1566 0.1773221204524534 0.0696433134417159 0
1567 0.1081878694917083 0.1390827119909539 0
1568 0.1275569800960849 0.1053756186673854 0
1569 0.2928388102614858 0.03949053247244945 0
1570 0.2452091213491263 0.2117193670298278 0
1571 0.3037387984345874 0.0953031220991534 0
1572 0.07059067029754845 0.2988335193703446 0
1573 0.19525472962712 0.03160196620907364 0
1574 0.2622623649212383 0.1410604672764101 0
1575 0.02731776971120906 0.1765724373117517 0
1576 0.3580498150469366 0.02132542969263827 0
1577 0.2802659533427238 0.01882832619837117 0
1578 0.06282253029506894 0.07030419883317313 0
1579 0.3280036684634106 0.09434881192740156 0
1580 0.3286004027466352 0.007274101990545118 0
1581 0.03965088603168984 0.1709628052535253 0
1582 0.0198234110702573 0.1073873063731361 0
1583 0.2226553427804323 0.04051823087167573 0
1584 0.2445174439436874 0.157268667810273 0
1585 0.09341932218440525 0.03419021334269874 0
1586 0.3762704146465987 0.138106968878991 0
1587 0.3527341077487004 0.01771666902312831 0
1588 0.1391934938390642 0.1502369988186738 0
1589 0.3400306841240267 0.07750676051727269 0
1590 0.3233763945912974 0.1889850223973271 0
1591 0.2526049193938653 0.2185648112927743 0
1592 0.304609863627512 0.1381844172738318 0
1593 0.1764564671911111 0.2437407394033871 0
1594 0.007442239476424448 0.1018317795472339 0
1595 0.05428092832094428 0.08118526436986102 0
1596 0.4640414530215699 0.04297816837449013 0
1597 0.4124825044326863 0.1233117843256278 0
1598 0.2998804982143691 0.04852611043195268 0
1599 0.4369958512579484 0.1113625637092223 0
1600 0.4439126417824106 0.08266239423252537 0
1601 0.3244574381180851 0.07341300775686779 0
1602 0.1752979813790631 0.01507047508759114 0
1603 0.3448430745628192 0.146611096675379 0
1604 0.2200698983175466 0.1052783963091726 0
1605 0.3942380352733545 0.03263131898846391 0
1606 0.494635528000759 0.1250000000667006 0
1607 0.06329836729077937 0.2374761800994445 0
1608 0.11452101899392 0.08321523478000872 0
1609 0.4045867413210772 0.03873370707305936 0
1610 0.4271899550235038 0.1412841465191002 0
1611 0.1319484748694978 0.1296210609107991 0
1612 0.1070182684119823 0.1095202206852743 0
1613 0.1630684967696437 0.01850058355480082 0
1614 0.4941786272124471 0.05461737009994086 0
1615 0.4017542431307907 0.1561512430041224 0
1616 0.347269501150022 0.056765759251244 0
1617 0.4936891136289796 0.01494398069550095 0
1618 0.0995948595332435 0.06034266382514367 0
1619 0.007259488914732748 0.1521547678841111 0
1620 0.1351700674989697 0.2439944442159257 0
1621 0.1913362471059593 0.08611938068741527 0
1622 0.2590958476688276 0.01457733825099715 0
1623 0.2691349388854893 0.07732983143630619 0
1624 0.04403958875324913 0.1850814419882065 0
1625 0.3136446477003851 0.08177406998984041 0
1626 0.1558589152806367 0.2342516975182686 0
1627 0.4325431459865564 0.1219465987942543 0
1628 0.02311700724238437 0.2247787297533901 0
1629 0.1556564575177664 0.03991568172730491 0
1630 0.07909949495108834 0.05187671810291523 0
1631 0.3277360292267593 0.2018562036339141 0
1632 0.222588760287889 0.06207226432020398 0
1633 0.3539491759820403 0.03226713992490231 0
1634 0.2924604486607466 0.1302731739701952 0
1635 0.07564250215057886 0.1912153894930031 0
1636 0.4743992277736115 0.04204158196004781 0
1637 0.4016029911007709 0.1087160658617446 0
1638 0.4492205451004944 0.01482597575044852 0
1639 0.03365288297361164 0.2766852940623227 0
1640 0.379068307616611 0.178120431167492 0
1641 0.3910041849496181 0.1446635669435403 0
1642 0.09896557778694293 0.2914443652789752 0
1643 0.007151605609457757 0.07099733533573788 0
1644 0.05141138031640803 0.1042245206513347 0
1645 0.1018763407335152 0.1514268310432779 0
1646 0.03734237289129734 0.1527151029621567 0
1647 0.3024144220099445 0.1616929592335509 0
1648 0.07201028620151603 0.2589697464606025 0
1649 0.1948251688620142 0.1731033366100802 0
1650 0.240289563943025 0.07135776679052462 0
1651 0.1427890101566026 0.2582957695643372 0
1652 0.01647537672314289 0.3143677190793002 0
1653 0.3135287036597207 0.06663403149191549 0
1654 0.1014186406837509 0.007082884410696186 0
1655 0.3901799608736362 0.02010991519060998 0
1656 0.2007621692629581 0.1618757950885744 0
1657 0.07136752655559085 0.2027981780459983 0
1658 0.2014823100766731 0.1455587508613326 0
1659 0.3748345826678186 0.1643668830877735 0
1660 0.1318109947156526 0.2348624942282256 0
1661 0.4442306021575245 0.07546343371143643 0
1662 0.4087520962895525 0.1108573494051937 0
1663 0.1140283852485673 0.2196318721259208 0
1664 0.1552935613725614 0.03340733890406174 0
1665 0.3998631167064446 0.01753166224832497 0
1666 0.2814026755146338 0.057123934819327 0
1667 0.3267804211844513 0.2137103142059845 0
1668 0.1960857261592253 0.1571492529282121 0
1669 0.04409655712271773 0.2940050834183224 0
1670 0.3858469689128791 0.06860109853833726 0
1671 0.3921756205377953 0.06561667506738926 0
1672 0.2947395320440011 0.2141913345612226 0
1673 0.2637340023851824 0.1145015034329639 0
1674 0.4931223984022198 0.1020863243981792 0
1675 0.3523371802056002 0.06888222886723844 0
1676 0.08670462362746117 0.03847400337414555 0
1677 0.0545004617634066 0.07388172417708401 0
1678 0.322756974920887 0.050144685390004 0
1679 0.0919507090883343 0.09911667272778334 0
1680 0.4301195637854416 0.03048419325868905 0
1681 0.4814594840862703 0.1249138714900584 0
1682 0.08752207744104575 0.277294163508233 0
1683 0.02729208845124558 0.2411187500897417 0
1684 0.3615632323907396 0.04338882993024802 0
1685 0.2545024862341511 0.1663080677506363 0
1686 0.2390314235233072 0.02237870258506192 0
1687 0.2874369373705415 0.05180052658743623 0
1688 0.2120309620367725 0.006869836564188763 0
1689 0.1592111550993667 0.1726112115593786 0
1690 0.1092327654033597 0.1315249322935629 0
1691 0.463206007675701 0.09188777213457985 0
1692 0.2920320993748768 0.01504649494965575 0
1693 0.1231032183347367 0.2952580474983834 0
1694 0.3833231907396861 0.1256832774053793 0
1695 0.401780079293588 0.1712095113643664 0
1696 0.005101828093905258 0.2849999998621515 0
1697 0.1595113883099969 0.1463010062178164 0
1698 0.05633002315308201 0.2801810298738215 0
1699 0.1097883373406732 0.04677422015738987 0
1700 0.1872691870531962 0.2690361917697446 0
1701 0.1387473353775339 0.0514442618458022 0
1702 0.2445413254013892 0.1127896643094547 0
1703 0.2597776457506314 0.08615661827421209 0
1704 0.4491744912451088 0.138934241358559 0
1705 0.2218844650218126 0.1372747737426263 0
1706 0.3177804055224356 0.2036659837870937 0
1707 0.1105423488696755 0.17056582290636 0
1708 0.1254594682234768 0.2732629831069834 0
1709 0.02354309297733043 0.2650970312298235 0
1710 0.1126305245910652 0.2698604624309127 0
1711 0.01669707739041719 0.0769655403172638 0
1712 0.007307107804137168 0.3125582752558211 0
1713 0.4507350727736528 0.03763899978116581 0
1714 0.4698057908207939 0.03086102854085908 0
1715 0.2540044445160474 0.09216637069996633 0
1716 0.1726177318381916 0.2312133354276634 0
1717 0.2224339721871194 0.006668031176972482 0
1718 0.03720754275965039 0.2693127254629875 0
1719 0.2135135257402729 0.1275296517363974 0
1720 0.03974398558762277 0.2381767078655157 0
1721 0.1532559538757925 0.1501159178783122 0
1722 0.07849694986308002 0.01674269772374075 0
1723 0.1679191765723351 0.1350322659467041 0
1724 0.3503046365247249 0.1007297098683747 0
1725 0.3463901816862621 0.1130940761580827 0
1726 0.2056344297745527 0.2374659093550689 0
1727 0.2458558690540127 0.08413260433738866 0
1728 0.4823638163396429 0.110357089725412 0
1729 0.2458304833798436 0.1048958293177495 0
1730 0.1828050504134283 0.1778438151921923 0
1731 0.4009240749547157 0.1842546325784272 0
1732 0.2416052757139573 0.06398921682769029 0
1733 0.006181535295132787 0.1848547882787491 0
$EndNodes
$Elements
9 3468
1 0 15 1
1 1 
2 0 15 1
2 2 
3 0 15 1
3 3 
4 0 15 1
4 4 
5 1 1 50
5 1 5 
6 5 6 
7 6 7 
8 7 8 
9 8 9 
10 9 10 
11 10 11 
12 11 12 
13 12 13 
14 13 14 
15 14 15 
16 15 16 
17 16 17 
18 17 18 
19 18 19 
20 19 20 
21 20 21 
22 21 22 
23 22 23 
24 23 24 
25 24 25 
26 25 26 
27 26 27 
28 27 28 
29 28 29 
30 29 30 
31 30 31 
32 31 32 
33 32 33 
34 33 34 
35 34 35 
36 35 36 
37 36 37 
38 37 38 
39 38 39 
40 39 40 
41 40 41 
42 41 42 
43 42 43 
44 43 44 
45 44 45 
46 45 46 
47 46 47 
48 47 48 
49 48 49 
50 49 50 
51 50 51 
52 51 52 
53 52 53 
54 53 2 
6 1 1 15
55 2 54 
56 54 55 
57 55 56 
58 56 57 
59 57 58 
60 58 59 
61 59 60 
62 60 61 
63 61 62 
64 62 63 
65 63 64 
66 64 65 
67 65 66 
68 66 67 
69 67 3 
7 1 1 54
70 3 68 
71 68 69 
72 69 70 
73 70 71 
74 71 72 
75 72 73 
76 73 74 
77 74 75 
78 75 76 
79 76 77 
80 77 78 
81 78 79 
82 79 80 
83 80 81 
84 81 82 
85 82 83 
86 83 84 
87 84 85 
88 85 86 
89 86 87 
90 87 88 
91 88 89 
92 89 90 
93 90 91 
94 91 92 
95 92 93 
96 93 94 
97 94 95 
98 95 96 
99 96 97 
100 97 98 
101 98 99 
102 99 100 
103 100 101 
104 101 102 
105 102 103 
106 103 104 
107 104 105 
108 105 106 
109 106 107 
110 107 108 
111 108 109 
112 109 110 
113 110 111 
114 111 112 
115 112 113 
116 113 114 
117 114 115 
118 115 116 
119 116 117 
120 117 118 
121 118 119 
122 119 120 
123 120 4 
8 1 1 35
124 4 121 
125 121 122 
126 122 123 
127 123 124 
128 124 125 
129 125 126 
130 126 127 
131 127 128 
132 128 129 
133 129 130 
134 130 131 
135 131 132 
136 132 133 
137 133 134 
138 134 135 
139 135 136 
140 136 137 
141 137 138 
142 138 139 
143 139 140 
144 140 141 
145 141 142 
146 142 143 
147 143 144 
148 144 145 
149 145 146 
150 146 147 
151 147 148 
152 148 149 
153 149 150 
154 150 151 
155 151 152 
156 152 153 
157 153 154 
158 154 1 
10 2 2 3310
159 650 155 666 
160 748 349 828 
161 522 351 987 
162 309 1316 1486 
163 378 645 707 
164 545 251 1071 
165 160 526 834 
166 243 619 1004 
167 619 441 1004 
168 615 275 738 
169 631 276 684 
170 585 427 1168 
171 293 620 1540 
172 302 679 809 
173 23 24 584 
174 302 809 1318 
175 753 477 1026 
176 186 753 1026 
177 668 405 958 
178 233 668 958 
179 646 278 678 
180 330 686 739 
181 686 344 739 
182 563 412 1193 
183 526 160 1019 
184 731 309 1486 
185 338 679 697 
186 632 159 962 
187 351 522 1368 
188 391 748 828 
189 539 192 800 
190 620 1349 1540 
191 154 976 1149 
192 606 290 712 
193 1035 227 1043 
194 395 685 770 
195 685 242 770 
196 153 154 1149 
197 822 238 974 
198 488 822 974 
199 332 647 812 
200 130 559 1172 
201 38 606 1580 
202 777 192 824 
203 400 777 824 
204 919 461 995 
205 557 335 1597 
206 585 1168 1376 
207 812 647 1230 
208 574 193 755 
209 173 541 833 
210 588 715 1571 
211 553 51 935 
212 225 655 1718 
213 149 150 598 
214 672 225 1718 
215 567 191 1604 
216 431 570 1232 
217 580 166 1177 
218 425 580 1177 
219 348 571 956 
220 272 652 1237 
221 652 474 1237 
222 559 130 938 
223 203 537 859 
224 715 281 1571 
225 227 593 1043 
226 535 1291 1377 
227 650 666 1721 
228 546 201 905 
229 358 671 1395 
230 722 261 1575 
231 552 380 962 
232 380 632 962 
233 638 350 921 
234 782 560 1352 
235 679 302 697 
236 871 1391 1453 
237 628 339 744 
238 637 13 1654 
239 550 188 1159 
240 604 722 1575 
241 498 834 1422 
242 188 550 936 
243 568 317 830 
244 181 661 1568 
245 666 306 1697 
246 1386 306 1424 
247 306 669 1697 
248 600 301 1002 
249 1025 346 1079 
250 671 725 1395 
251 627 287 726 
252 311 946 947 
253 728 311 947 
254 537 203 1016 
255 339 871 1453 
256 298 644 754 
257 661 771 1568 
258 530 1025 1079 
259 449 632 792 
260 632 256 792 
261 37 38 1580 
262 245 782 1352 
263 380 552 1112 
264 563 72 1067 
265 303 622 736 
266 299 664 1550 
267 781 416 873 
268 357 781 873 
269 325 559 938 
270 306 666 1424 
271 795 48 1443 
272 192 539 945 
273 834 498 1450 
274 328 706 708 
275 706 319 708 
276 541 173 921 
277 291 1088 1180 
278 266 817 1330 
279 619 323 836 
280 440 847 866 
281 638 436 1130 
282 570 431 1530 
283 847 229 866 
284 240 638 1130 
285 607 320 971 
286 377 635 947 
287 635 163 947 
288 251 545 932 
289 13 14 1654 
290 629 358 1675 
291 364 919 995 
292 664 1404 1550 
293 664 299 1684 
294 714 291 1180 
295 538 702 1403 
296 535 751 1291 
297 702 252 1403 
298 395 564 1150 
299 581 319 1384 
300 360 693 1119 
301 191 567 1469 
302 201 546 1224 
303 549 359 929 
304 817 266 1164 
305 456 774 775 
306 774 296 775 
307 559 325 878 
308 51 553 1391 
309 296 637 746 
310 433 662 1103 
311 202 617 763 
312 359 549 941 
313 154 1 976 
314 1 5 976 
315 360 670 859 
316 670 203 859 
317 131 132 720 
318 72 563 1249 
319 671 295 725 
320 590 207 785 
321 1083 378 1090 
322 662 265 1103 
323 159 632 1346 
324 313 572 1046 
325 586 354 1369 
326 682 312 1471 
327 310 575 841 
328 673 166 890 
329 823 422 1106 
330 602 152 1149 
331 825 407 830 
332 317 825 830 
333 358 705 1675 
334 415 658 773 
335 435 588 1230 
336 588 182 1230 
337 1471 312 1499 
338 606 38 1194 
339 823 1106 1521 
340 771 1329 1506 
341 613 81 1094 
342 335 557 1393 
343 411 703 1161 
344 512 771 1506 
345 615 463 1336 
346 1048 911 1372 
347 287 627 1267 
348 104 105 642 
349 207 590 797 
350 534 1054 1203 
351 764 349 939 
352 56 587 1107 
353 13 637 964 
354 309 625 1268 
355 621 265 1365 
356 480 621 1365 
357 418 911 1048 
358 525 684 1502 
359 776 386 813 
360 331 776 813 
361 844 1098 1517 
362 878 521 1080 
363 575 372 1319 
364 605 315 1448 
365 583 291 815 
366 624 181 789 
367 580 253 910 
368 412 563 1067 
369 166 673 1139 
370 571 338 1122 
371 338 571 908 
372 661 181 1000 
373 371 627 1222 
374 374 722 1581 
375 722 604 1581 
376 1007 106 1145 
377 117 118 653 
378 690 184 996 
379 307 626 1015 
380 610 194 943 
381 182 812 1230 
382 1098 233 1168 
383 258 589 814 
384 288 625 1065 
385 525 1083 1090 
386 295 769 1129 
387 769 490 1129 
388 578 134 1063 
389 669 213 850 
390 514 993 1292 
391 11 12 659 
392 379 584 979 
393 567 246 933 
394 635 377 896 
395 262 635 896 
396 74 75 656 
397 564 395 968 
398 1054 209 1203 
399 581 172 1207 
400 844 321 1098 
401 578 389 1313 
402 457 844 966 
403 844 169 966 
404 113 114 721 
405 68 999 1121 
406 23 584 1287 
407 565 353 1017 
408 458 594 1632 
409 16 820 1187 
410 353 565 1092 
411 246 567 992 
412 638 921 1191 
413 597 265 1023 
414 376 597 1023 
415 193 574 1509 
416 571 348 1247 
417 572 313 1466 
418 20 827 1344 
419 298 692 1255 
420 366 618 1445 
421 611 329 802 
422 317 568 1206 
423 584 379 1114 
424 779 43 1426 
425 949 360 1119 
426 309 1268 1316 
427 684 276 1502 
428 182 588 848 
429 191 776 1604 
430 622 224 796 
431 349 803 939 
432 95 96 703 
433 803 492 939 
434 166 580 890 
435 210 1081 1292 
436 260 639 1257 
437 111 112 724 
438 232 1020 1165 
439 699 1361 1423 
440 615 1336 1563 
441 405 623 958 
442 47 48 795 
443 224 622 901 
444 372 575 1673 
445 365 854 984 
446 1159 569 1184 
447 174 599 862 
448 497 707 1434 
449 18 19 709 
450 605 268 1137 
451 290 690 996 
452 171 1085 1147 
453 1282 761 1451 
454 993 514 1593 
455 1161 703 1326 
456 658 200 773 
457 269 676 863 
458 661 356 771 
459 354 586 912 
460 399 804 864 
461 804 342 864 
462 560 782 1705 
463 763 617 1661 
464 594 458 1306 
465 389 578 1141 
466 211 784 849 
467 784 390 849 
468 8 9 737 
469 608 318 1240 
470 376 587 1239 
471 320 607 1140 
472 747 164 1372 
473 1168 233 1376 
474 416 718 873 
475 159 607 971 
476 674 288 1065 
477 718 210 873 
478 637 296 929 
479 359 637 929 
480 1363 747 1372 
481 335 801 1597 
482 444 639 900 
483 575 310 1011 
484 639 444 1257 
485 527 795 1443 
486 314 1159 1184 
487 301 742 1002 
488 206 604 1221 
489 319 581 1207 
490 315 763 1661 
491 239 922 969 
492 922 501 969 
493 710 290 996 
494 826 175 836 
495 409 826 836 
496 196 612 1289 
497 599 346 1033 
498 763 433 1412 
499 34 1064 1371 
500 584 24 979 
501 699 288 1361 
502 202 603 1691 
503 984 854 1536 
504 1150 564 1271 
505 787 563 1193 
506 612 348 956 
507 198 649 809 
508 253 580 1495 
509 649 379 809 
510 764 939 1077 
511 134 578 1313 
512 113 721 1414 
513 433 1103 1412 
514 656 75 831 
515 42 43 779 
516 958 623 1450 
517 738 275 1106 
518 178 701 1151 
519 622 303 901 
520 1434 707 1607 
521 450 1035 1043 
522 131 720 938 
523 580 425 990 
524 620 473 847 
525 8 737 1283 
526 347 695 816 
527 695 216 816 
528 319 706 1384 
529 668 233 1098 
530 636 294 1558 
531 717 308 1511 
532 620 293 1425 
533 473 620 1425 
534 401 762 1192 
535 607 159 1346 
536 449 607 1346 
537 323 619 985 
538 627 726 1222 
539 1064 573 1371 
540 681 195 927 
541 547 865 1167 
542 172 581 1325 
543 225 878 1080 
544 590 1415 1590 
545 229 780 1123 
546 93 94 717 
547 780 477 1123 
548 145 146 704 
549 634 320 1140 
550 956 571 1122 
551 322 612 865 
552 706 328 1005 
553 614 261 1285 
554 442 614 1285 
555 305 797 1542 
556 1304 342 1497 
557 724 112 1414 
558 16 17 820 
559 414 716 1050 
560 896 551 1564 
561 324 721 1383 
562 762 1087 1192 
563 1113 683 1681 
564 637 359 964 
565 234 939 955 
566 939 492 955 
567 865 547 1622 
568 413 795 1328 
569 708 319 1060 
570 969 1250 1657 
571 1448 315 1661 
572 329 611 874 
573 361 667 837 
574 753 186 952 
575 404 753 952 
576 692 891 1255 
577 398 677 1054 
578 677 209 1054 
579 412 656 1235 
580 587 376 1091 
581 632 380 1037 
582 256 632 1037 
583 861 417 862 
584 689 207 797 
585 334 861 862 
586 470 689 797 
587 866 476 1334 
588 284 959 1115 
589 959 570 1115 
590 394 1113 1681 
591 173 664 1191 
592 664 436 1191 
593 969 501 1250 
594 1508 814 1640 
595 298 754 1186 
596 593 227 1551 
597 357 596 965 
598 498 958 1450 
599 811 324 1162 
600 656 412 1142 
601 1135 413 1328 
602 646 678 1626 
603 673 981 1139 
604 590 785 1415 
605 365 745 1294 
606 894 717 1511 
607 378 707 1001 
608 716 158 1050 
609 937 216 1112 
610 552 937 1112 
611 45 46 760 
612 350 1456 1609 
613 797 590 1542 
614 1071 251 1326 
615 691 211 1025 
616 302 694 798 
617 627 869 1267 
618 617 202 883 
619 326 713 1216 
620 679 198 809 
621 892 533 1420 
622 1058 29 1362 
623 714 182 848 
624 363 714 848 
625 298 672 1639 
626 1141 578 1276 
627 594 1020 1632 
628 483 1007 1145 
629 291 583 1088 
630 627 212 869 
631 20 21 827 
632 70 71 768 
633 152 602 1084 
634 552 962 1679 
635 1411 333 1428 
636 364 663 875 
637 294 680 1558 
638 663 271 875 
639 962 660 1679 
640 144 595 972 
641 767 324 1383 
642 204 995 1013 
643 320 796 971 
644 715 461 919 
645 427 585 1093 
646 396 695 953 
647 1219 337 1270 
648 885 350 1609 
649 318 608 936 
650 603 202 982 
651 1029 583 1724 
652 353 603 982 
653 157 762 840 
654 45 760 876 
655 762 401 840 
656 595 369 972 
657 583 1029 1725 
658 333 756 1428 
659 724 326 1216 
660 203 670 852 
661 696 179 819 
662 648 197 1003 
663 258 814 1508 
664 652 169 1423 
665 877 385 1130 
666 658 415 1146 
667 270 658 1146 
668 600 199 1273 
669 1232 570 1615 
670 631 424 1210 
671 350 638 1456 
672 674 203 852 
673 276 631 1210 
674 561 866 1334 
675 758 396 1018 
676 478 758 1018 
677 692 298 1639 
678 587 56 1239 
679 739 199 893 
680 250 1141 1276 
681 236 761 1282 
682 268 605 1183 
683 221 1150 1271 
684 740 171 1147 
685 665 198 1583 
686 476 866 1123 
687 618 366 1008 
688 529 742 1405 
689 742 248 1405 
690 588 435 1045 
691 589 258 1133 
692 346 599 1079 
693 262 896 1564 
694 708 190 1226 
695 717 411 1042 
696 839 558 1290 
697 308 717 1042 
698 189 839 1290 
699 324 988 1162 
700 463 615 1245 
701 680 294 1611 
702 595 144 1594 
703 693 360 859 
704 600 401 1213 
705 301 600 1213 
706 682 196 1289 
707 300 761 1726 
708 388 629 1087 
709 723 1193 1235 
710 751 535 1400 
711 188 751 1400 
712 597 376 970 
713 531 1010 1254 
714 596 357 993 
715 761 845 1726 
716 385 1049 1130 
717 733 215 855 
718 294 636 880 
719 247 647 1201 
720 241 846 1402 
721 796 224 1109 
722 290 606 991 
723 198 679 1583 
724 474 652 1423 
725 606 352 991 
726 338 697 1122 
727 369 595 1582 
728 509 1098 1168 
729 459 796 1109 
730 640 207 1170 
731 1157 494 1215 
732 592 851 1399 
733 521 878 1683 
734 612 322 1289 
735 268 766 1242 
736 1137 268 1366 
737 766 499 1242 
738 851 165 1399 
739 1367 255 1453 
740 1081 514 1292 
741 1336 180 1563 
742 95 703 1155 
743 598 150 983 
744 626 289 903 
745 846 582 1402 
746 219 686 1041 
747 207 640 1102 
748 354 917 1369 
749 288 699 1685 
750 745 885 1294 
751 218 806 1410 
752 641 178 1374 
753 466 726 1311 
754 176 892 1420 
755 999 487 1121 
756 907 1280 1449 
757 1225 218 1410 
758 874 543 1640 
759 619 836 1299 
760 908 571 1247 
761 996 184 1182 
762 719 363 895 
763 208 719 895 
764 858 467 1038 
765 232 858 1038 
766 980 366 1445 
767 513 779 1426 
768 205 810 1341 
769 810 551 1341 
770 363 848 909 
771 486 721 811 
772 199 600 1002 
773 127 128 754 
774 265 597 1365 
775 272 643 1467 
776 276 641 1310 
777 721 324 811 
778 352 606 1194 
779 319 782 1060 
780 827 505 1344 
781 301 778 833 
782 465 1282 1451 
783 82 83 924 
784 710 423 1100 
785 218 710 1100 
786 170 908 1247 
787 272 670 942 
788 337 780 1270 
789 310 841 1520 
790 841 633 1520 
791 670 360 942 
792 70 768 1380 
793 724 486 818 
794 326 724 818 
795 392 655 1080 
796 1151 701 1620 
797 655 225 1080 
798 799 609 1549 
799 197 799 1549 
800 32 807 1482 
801 639 209 900 
802 679 338 1583 
803 769 165 851 
804 490 769 851 
805 214 1128 1446 
806 652 272 1467 
807 612 196 1127 
808 547 1058 1362 
809 662 433 1228 
810 603 353 1092 
811 333 680 1117 
812 602 406 1309 
813 1291 264 1377 
814 401 600 1144 
815 149 598 1074 
816 347 1389 1531 
817 129 130 1172 
818 163 635 1068 
819 599 174 1079 
820 339 628 923 
821 273 630 978 
822 604 206 1581 
823 431 882 1530 
824 789 367 1612 
825 624 789 1612 
826 692 336 951 
827 969 462 1001 
828 731 156 1011 
829 406 602 1149 
830 863 676 1336 
831 296 774 929 
832 1159 188 1400 
833 32 33 807 
834 791 453 1335 
835 336 692 1639 
836 735 184 1148 
837 162 854 1448 
838 854 605 1448 
839 342 804 1497 
840 587 1091 1258 
841 419 816 937 
842 816 216 937 
843 810 414 1057 
844 754 448 1186 
845 289 626 1324 
846 832 367 925 
847 419 832 925 
848 275 615 1173 
849 715 588 1045 
850 872 495 1190 
851 315 605 1137 
852 810 1057 1635 
853 866 229 1123 
854 667 361 1537 
855 632 449 1346 
856 422 738 1106 
857 1391 553 1453 
858 199 804 893 
859 989 574 1141 
860 684 525 1090 
861 250 989 1141 
862 786 343 933 
863 312 682 1577 
864 607 449 1295 
865 687 421 1625 
866 614 442 1229 
867 152 153 1149 
868 1163 22 1287 
869 195 681 1475 
870 681 499 1475 
871 659 12 964 
872 424 700 1660 
873 701 424 1660 
874 642 416 1116 
875 261 614 1056 
876 648 345 1431 
877 668 321 886 
878 81 82 1094 
879 639 409 1203 
880 209 639 1203 
881 619 243 985 
882 721 486 1414 
883 506 727 1457 
884 273 648 912 
885 1374 178 1528 
886 255 744 1453 
887 328 834 1005 
888 197 648 1431 
889 1010 531 1472 
890 518 782 1340 
891 782 245 1340 
892 408 733 1534 
893 261 722 1522 
894 707 239 1001 
895 1091 255 1258 
896 918 554 1536 
897 263 624 1612 
898 801 387 882 
899 171 801 882 
900 673 890 1219 
901 145 704 1594 
902 858 232 1165 
903 299 735 1148 
904 639 260 1236 
905 375 613 1094 
906 194 610 1096 
907 648 273 978 
908 720 325 938 
909 726 287 1311 
910 40 41 950 
911 104 642 1116 
912 760 46 1154 
913 348 612 1127 
914 832 419 937 
915 802 329 1260 
916 543 874 1392 
917 258 640 1133 
918 640 393 1133 
919 995 461 1013 
920 791 1335 1433 
921 331 813 1031 
922 820 446 1187 
923 680 333 1558 
924 81 613 1234 
925 613 375 1125 
926 661 1000 1343 
927 757 98 1442 
928 349 764 828 
929 660 459 926 
930 649 198 1351 
931 486 724 1414 
932 279 688 879 
933 102 103 781 
934 688 371 879 
935 638 240 1605 
936 370 698 975 
937 834 328 1422 
938 698 205 975 
939 624 263 1370 
940 210 646 1081 
941 293 673 1425 
942 673 473 1425 
943 538 1386 1424 
944 93 717 894 
945 271 663 1171 
946 203 674 1533 
947 212 627 1272 
948 737 455 1283 
949 155 650 1588 
950 622 796 1618 
951 796 320 1618 
952 846 241 1160 
953 6 7 772 
954 717 94 1155 
955 663 364 995 
956 1431 345 1467 
957 192 777 1206 
958 167 788 968 
959 1361 474 1423 
960 441 619 1299 
961 169 652 966 
962 191 626 1546 
963 700 960 1660 
964 626 191 1015 
965 1233 651 1729 
966 18 709 1105 
967 181 624 1500 
968 761 511 845 
969 358 629 1051 
970 635 262 1358 
971 631 684 1565 
972 699 169 1517 
973 509 699 1517 
974 960 278 1660 
975 1069 408 1108 
976 582 1069 1108 
977 654 1374 1528 
978 653 118 1218 
979 156 651 948 
980 1010 175 1254 
981 265 621 1103 
982 213 669 1504 
983 335 733 855 
984 821 523 1476 
985 539 800 1386 
986 239 969 1001 
987 623 405 1164 
988 723 215 1193 
989 621 480 1339 
990 759 299 1148 
991 800 306 1386 
992 692 200 891 
993 883 202 1691 
994 161 872 1190 
995 1389 610 1531 
996 727 285 1457 
997 799 305 1542 
998 896 377 1036 
999 554 918 1304 
1000 906 61 1017 
1001 485 846 1160 
1002 625 309 1065 
1003 117 653 954 
1004 800 192 1206 
1005 630 273 1243 
1006 82 924 1094 
1007 459 660 1437 
1008 468 665 940 
1009 703 411 1155 
1010 738 422 1077 
1011 234 738 1077 
1012 626 307 1727 
1013 645 378 1083 
1014 61 62 1017 
1015 644 366 980 
1016 625 288 1104 
1017 742 529 1002 
1018 629 388 1589 
1019 409 639 1236 
1020 929 774 1585 
1021 793 355 989 
1022 627 371 1272 
1023 490 1100 1129 
1024 659 450 1231 
1025 345 648 978 
1026 11 659 1231 
1027 764 206 828 
1028 416 642 1261 
1029 665 468 1452 
1030 910 566 1429 
1031 198 665 1452 
1032 281 687 909 
1033 44 45 876 
1034 424 631 1208 
1035 816 419 1389 
1036 884 191 1469 
1037 349 748 1619 
1038 182 714 1180 
1039 187 736 1097 
1040 733 517 1534 
1041 211 849 1025 
1042 345 966 1467 
1043 643 1431 1467 
1044 656 284 1235 
1045 642 105 1007 
1046 683 1113 1606 
1047 647 247 1303 
1048 435 647 1303 
1049 662 1228 1596 
1050 1214 327 1687 
1051 348 667 1247 
1052 453 791 994 
1053 791 257 994 
1054 393 640 1170 
1055 966 652 1467 
1056 284 656 1416 
1057 288 674 1361 
1058 320 634 1097 
1059 646 210 1204 
1060 1120 802 1260 
1061 364 875 986 
1062 705 358 1616 
1063 677 398 1489 
1064 325 755 1683 
1065 676 269 1489 
1066 269 677 1489 
1067 1092 257 1174 
1068 694 379 1688 
1069 386 776 1546 
1070 188 936 1553 
1071 98 99 1442 
1072 190 1093 1226 
1073 593 1010 1472 
1074 603 1092 1174 
1075 778 515 833 
1076 168 730 1241 
1077 160 834 1450 
1078 346 750 1033 
1079 568 830 1504 
1080 1012 608 1240 
1081 267 1012 1240 
1082 728 347 1531 
1083 457 843 844 
1084 330 739 893 
1085 843 321 844 
1086 259 1320 1417 
1087 276 1310 1502 
1088 896 1036 1341 
1089 242 685 1075 
1090 685 384 1075 
1091 664 173 1404 
1092 219 1041 1694 
1093 1316 524 1486 
1094 68 69 999 
1095 419 1096 1389 
1096 366 644 1255 
1097 436 638 1191 
1098 40 950 1532 
1099 609 799 1542 
1100 666 155 1424 
1101 356 661 1267 
1102 356 869 1014 
1103 278 1620 1660 
1104 55 56 1107 
1105 59 60 997 
1106 303 788 901 
1107 640 375 1102 
1108 803 349 1619 
1109 704 383 1124 
1110 478 915 1037 
1111 915 256 1037 
1112 1193 412 1235 
1113 375 640 1125 
1114 171 740 1597 
1115 644 298 1255 
1116 740 557 1597 
1117 1063 135 1229 
1118 367 880 925 
1119 158 684 1090 
1120 716 414 1169 
1121 658 270 1008 
1122 807 523 1482 
1123 678 278 960 
1124 307 1015 1308 
1125 640 258 1125 
1126 282 1631 1706 
1127 701 178 1197 
1128 424 701 1197 
1129 178 641 1197 
1130 732 361 1076 
1131 231 956 1122 
1132 909 848 1571 
1133 170 667 1537 
1134 641 276 1210 
1135 673 293 981 
1136 953 695 1494 
1137 726 466 1488 
1138 411 717 1155 
1139 828 206 1221 
1140 278 646 1089 
1141 655 392 1034 
1142 313 1046 1721 
1143 660 962 1437 
1144 962 159 1437 
1145 1280 283 1449 
1146 707 645 1607 
1147 781 103 1116 
1148 463 863 1336 
1149 245 813 899 
1150 347 728 1281 
1151 542 1163 1287 
1152 813 386 899 
1153 212 688 1040 
1154 850 213 1136 
1155 647 435 1230 
1156 727 168 1034 
1157 643 272 1176 
1158 392 727 1034 
1159 850 313 1697 
1160 669 850 1697 
1161 702 538 1178 
1162 196 682 1471 
1163 946 488 1036 
1164 450 659 1035 
1165 377 946 1036 
1166 772 455 1022 
1167 200 692 951 
1168 379 649 1114 
1169 830 213 1504 
1170 265 662 1023 
1171 647 332 1201 
1172 867 282 1706 
1173 343 786 1143 
1174 836 175 1299 
1175 920 214 1446 
1176 760 341 876 
1177 840 344 1301 
1178 368 835 857 
1179 835 374 857 
1180 700 424 1208 
1181 214 700 1208 
1182 331 734 992 
1183 548 1137 1366 
1184 743 437 1243 
1185 420 716 1166 
1186 281 715 919 
1187 671 358 1051 
1188 436 664 1028 
1189 716 277 1166 
1190 948 651 1233 
1191 230 715 1045 
1192 768 485 1380 
1193 210 718 1204 
1194 337 910 1429 
1195 651 156 1158 
1196 356 1014 1512 
1197 1198 519 1201 
1198 745 350 885 
1199 130 131 938 
1200 909 687 1625 
1201 51 52 935 
1202 801 335 855 
1203 180 676 1188 
1204 903 386 1546 
1205 755 1463 1683 
1206 277 716 1169 
1207 482 860 1415 
1208 681 927 1126 
1209 165 687 986 
1210 1533 674 1574 
1211 727 506 1211 
1212 737 9 963 
1213 373 765 1224 
1214 209 677 1439 
1215 317 777 1152 
1216 184 690 1501 
1217 200 658 1491 
1218 862 599 1586 
1219 907 472 1280 
1220 1428 238 1645 
1221 90 91 977 
1222 667 348 1353 
1223 733 408 1189 
1224 823 368 857 
1225 295 671 1027 
1226 206 823 857 
1227 75 76 831 
1228 936 608 1553 
1229 238 822 1645 
1230 74 656 1142 
1231 1228 185 1596 
1232 1240 318 1602 
1233 741 434 945 
1234 749 204 1013 
1235 689 470 1479 
1236 817 452 1330 
1237 1031 813 1352 
1238 1268 518 1316 
1239 690 290 991 
1240 84 85 860 
1241 373 1545 1642 
1242 452 932 1330 
1243 932 579 1330 
1244 545 845 1394 
1245 615 738 1245 
1246 845 183 1394 
1247 850 404 1466 
1248 669 306 1723 
1249 387 801 855 
1250 531 790 1472 
1251 790 297 1472 
1252 927 540 928 
1253 341 927 928 
1254 208 671 1051 
1255 299 705 1616 
1256 1118 611 1695 
1257 225 672 1709 
1258 1620 701 1660 
1259 1245 234 1322 
1260 405 668 1111 
1261 1085 451 1147 
1262 179 696 1518 
1263 388 815 1388 
1264 187 1097 1209 
1265 140 141 803 
1266 921 173 1191 
1267 1016 310 1520 
1268 468 940 1038 
1269 563 787 1559 
1270 322 821 1476 
1271 494 887 1215 
1272 787 304 1559 
1273 292 753 1070 
1274 743 89 1256 
1275 753 404 1070 
1276 1545 713 1642 
1277 72 73 1067 
1278 334 862 1586 
1279 142 143 805 
1280 845 511 1349 
1281 321 668 1098 
1282 253 868 1244 
1283 444 900 1711 
1284 868 508 1244 
1285 675 1214 1687 
1286 374 835 1354 
1287 477 780 1026 
1288 940 232 1038 
1289 569 1159 1400 
1290 1020 443 1165 
1291 1415 860 1631 
1292 818 226 1356 
1293 119 902 1218 
1294 260 1257 1347 
1295 606 712 1580 
1296 1148 184 1501 
1297 805 369 955 
1298 492 805 955 
1299 676 180 1336 
1300 78 79 874 
1301 695 347 1494 
1302 372 967 1319 
1303 686 330 1041 
1304 562 1471 1499 
1305 686 219 1401 
1306 865 612 956 
1307 784 429 1088 
1308 667 170 1247 
1309 709 384 1105 
1310 712 36 1580 
1311 199 739 1273 
1312 946 377 947 
1313 163 728 947 
1314 1011 156 1673 
1315 191 884 1015 
1316 884 443 1015 
1317 404 952 1466 
1318 671 208 1601 
1319 858 343 1143 
1320 219 750 1401 
1321 750 493 1401 
1322 384 685 1496 
1323 252 702 1506 
1324 670 272 1237 
1325 120 121 902 
1326 166 678 1177 
1327 645 1083 1455 
1328 291 714 1579 
1329 370 696 1477 
1330 698 370 1477 
1331 423 710 996 
1332 677 269 1124 
1333 1301 344 1470 
1334 943 194 1567 
1335 239 707 1543 
1336 707 497 1543 
1337 507 1070 1136 
1338 244 706 1005 
1339 219 870 1033 
1340 78 874 1731 
1341 873 210 1292 
1342 322 865 1622 
1343 1098 509 1517 
1344 797 305 1363 
1345 672 298 1186 
1346 467 1332 1379 
1347 812 182 1180 
1348 680 155 1117 
1349 216 695 1458 
1350 350 745 1044 
1351 137 138 881 
1352 473 673 1219 
1353 503 1533 1574 
1354 789 512 1277 
1355 975 205 1036 
1356 488 975 1036 
1357 779 513 1655 
1358 30 31 821 
1359 678 166 1139 
1360 121 122 902 
1361 371 688 1272 
1362 714 363 1579 
1363 1261 642 1364 
1364 649 1351 1573 
1365 413 681 1126 
1366 53 2 1217 
1367 2 54 1217 
1368 344 686 1470 
1369 119 120 902 
1370 916 351 1368 
1371 703 96 1307 
1372 681 413 1135 
1373 496 703 1307 
1374 890 580 910 
1375 1415 282 1590 
1376 892 374 1354 
1377 879 569 1459 
1378 168 727 1211 
1379 413 760 1154 
1380 616 1448 1661 
1381 1331 183 1349 
1382 1009 1285 1522 
1383 688 279 1357 
1384 696 370 1518 
1385 489 1009 1522 
1386 416 781 1116 
1387 421 687 1269 
1388 687 165 1269 
1389 155 680 1178 
1390 282 867 1590 
1391 867 609 1590 
1392 327 1214 1569 
1393 499 681 1680 
1394 997 60 1505 
1395 986 875 1399 
1396 1038 467 1379 
1397 183 845 1349 
1398 735 299 1616 
1399 788 466 901 
1400 162 918 1536 
1401 1083 220 1455 
1402 445 751 1012 
1403 363 719 1579 
1404 121 120 4 
1405 715 230 1560 
1406 137 881 1733 
1407 456 775 1271 
1408 775 221 1271 
1409 234 955 1322 
1410 302 798 1278 
1411 438 1157 1215 
1412 685 395 1150 
1413 279 879 1459 
1414 267 1114 1573 
1415 747 439 1647 
1416 224 901 1312 
1417 832 937 1385 
1418 367 789 1277 
1419 982 202 1412 
1420 621 982 1412 
1421 356 741 1329 
1422 1188 676 1489 
1423 687 281 1444 
1424 804 399 893 
1425 169 699 1423 
1426 523 821 1482 
1427 712 290 1265 
1428 1060 518 1268 
1429 725 184 1395 
1430 522 987 1461 
1431 215 723 1610 
1432 428 712 1265 
1433 898 454 1449 
1434 754 128 1421 
1435 280 1261 1364 
1436 1019 1284 1649 
1437 1042 411 1161 
1438 684 158 1238 
1439 798 475 1278 
1440 558 1042 1161 
1441 720 132 1047 
1442 912 648 1003 
1443 226 1157 1356 
1444 389 1047 1313 
1445 415 773 1483 
1446 1153 898 1449 
1447 164 747 949 
1448 529 1304 1497 
1449 505 709 1344 
1450 1359 630 1413 
1451 527 923 1328 
1452 709 19 1344 
1453 688 212 1272 
1454 1207 172 1719 
1455 786 161 1143 
1456 746 637 1654 
1457 782 518 1060 
1458 379 694 1318 
1459 1114 649 1573 
1460 207 689 1170 
1461 278 1089 1620 
1462 1100 423 1129 
1463 781 357 965 
1464 663 995 1623 
1465 713 326 1642 
1466 628 744 1196 
1467 699 509 1387 
1468 1021 280 1059 
1469 510 1021 1059 
1470 872 504 1072 
1471 316 872 1072 
1472 205 698 1490 
1473 778 237 1485 
1474 515 778 1485 
1475 968 788 1516 
1476 653 1218 1381 
1477 215 733 1189 
1478 1002 529 1497 
1479 184 735 1395 
1480 211 691 1493 
1481 190 708 1060 
1482 134 135 1063 
1483 1030 388 1388 
1484 1257 598 1347 
1485 697 231 1122 
1486 170 1537 1732 
1487 289 1233 1729 
1488 1046 650 1721 
1489 135 136 1229 
1490 231 697 1686 
1491 398 1188 1489 
1492 303 736 1699 
1493 84 860 1350 
1494 786 933 1298 
1495 763 315 1179 
1496 460 889 1381 
1497 433 763 1179 
1498 248 745 984 
1499 1087 629 1675 
1500 930 193 1509 
1501 970 376 1239 
1502 99 100 1259 
1503 383 704 1110 
1504 405 817 1164 
1505 490 842 1100 
1506 712 428 1212 
1507 705 299 1550 
1508 173 833 1404 
1509 92 93 894 
1510 704 146 1110 
1511 694 302 1318 
1512 752 64 1113 
1513 865 231 1167 
1514 384 709 1075 
1515 719 208 1030 
1516 709 505 1538 
1517 559 1156 1172 
1518 1537 732 1732 
1519 301 833 1670 
1520 549 929 1585 
1521 341 760 1126 
1522 948 372 1673 
1523 760 413 1126 
1524 695 396 1458 
1525 716 420 1238 
1526 503 731 1548 
1527 158 716 1238 
1528 1018 396 1563 
1529 734 172 1478 
1530 794 335 1393 
1531 484 734 1478 
1532 110 713 1545 
1533 471 838 1073 
1534 838 223 1073 
1535 362 868 1495 
1536 1057 286 1635 
1537 378 957 1090 
1538 176 793 1360 
1539 700 214 1227 
1540 726 167 1222 
1541 793 489 1360 
1542 389 720 1047 
1543 914 373 1224 
1544 697 302 1278 
1545 733 335 1627 
1546 396 1173 1563 
1547 546 905 1541 
1548 517 733 1627 
1549 745 365 984 
1550 706 244 1384 
1551 543 1508 1640 
1552 833 515 1404 
1553 90 977 1256 
1554 743 1243 1672 
1555 98 757 1078 
1556 718 280 1651 
1557 756 333 1554 
1558 713 110 1216 
1559 1248 177 1534 
1560 1310 601 1502 
1561 759 228 1028 
1562 837 271 1171 
1563 995 204 1623 
1564 874 611 1731 
1565 1019 476 1284 
1566 508 868 1262 
1567 1320 577 1417 
1568 888 147 1643 
1569 923 249 1328 
1570 553 1367 1453 
1571 877 436 1028 
1572 228 877 1028 
1573 771 356 1329 
1574 703 496 1326 
1575 820 384 934 
1576 446 820 934 
1577 102 781 965 
1578 1479 274 1515 
1579 1070 404 1136 
1580 569 879 1184 
1581 187 774 1302 
1582 774 456 1302 
1583 793 176 1138 
1584 158 957 1050 
1585 611 1118 1731 
1586 957 462 1050 
1587 620 1331 1349 
1588 784 1088 1725 
1589 379 979 1688 
1590 172 734 1719 
1591 461 715 1560 
1592 15 746 1654 
1593 925 880 1690 
1594 333 1117 1554 
1595 38 39 1194 
1596 723 284 1115 
1597 329 874 1640 
1598 387 723 1115 
1599 147 148 1643 
1600 370 729 1518 
1601 734 331 1031 
1602 731 503 1574 
1603 309 731 1574 
1604 443 1020 1308 
1605 745 248 1044 
1606 1020 594 1308 
1607 477 753 1730 
1608 39 931 1194 
1609 881 614 1733 
1610 430 1209 1630 
1611 993 357 1292 
1612 458 940 1390 
1613 940 665 1390 
1614 49 50 871 
1615 440 866 1181 
1616 310 1016 1548 
1617 1049 779 1655 
1618 866 561 1181 
1619 157 1029 1724 
1620 290 710 1265 
1621 355 793 1138 
1622 362 819 1262 
1623 1076 307 1650 
1624 1202 487 1279 
1625 683 1202 1279 
1626 744 255 1714 
1627 1156 448 1172 
1628 836 323 1032 
1629 409 836 1032 
1630 770 314 1053 
1631 395 770 1053 
1632 1029 390 1725 
1633 328 708 1226 
1634 819 362 1446 
1635 516 819 1446 
1636 332 1198 1201 
1637 470 797 1363 
1638 732 1076 1650 
1639 855 215 1610 
1640 365 766 1183 
1641 347 1281 1494 
1642 767 115 1342 
1643 557 740 1662 
1644 980 126 1696 
1645 902 460 1218 
1646 944 361 1171 
1647 382 729 1095 
1648 710 218 1225 
1649 475 1058 1167 
1650 1058 547 1167 
1651 496 1071 1326 
1652 761 236 1539 
1653 511 761 1539 
1654 730 168 1555 
1655 880 367 1277 
1656 1381 889 1652 
1657 742 301 1670 
1658 248 742 1671 
1659 432 926 1109 
1660 926 459 1109 
1661 36 712 1212 
1662 1034 168 1241 
1663 247 1201 1592 
1664 856 318 936 
1665 723 387 1610 
1666 1134 174 1337 
1667 1081 646 1626 
1668 990 362 1495 
1669 793 989 1264 
1670 372 749 1013 
1671 605 854 1183 
1672 369 805 972 
1673 822 488 946 
1674 311 822 946 
1675 566 910 1419 
1676 1048 164 1119 
1677 519 1048 1119 
1678 1088 429 1180 
1679 883 397 1153 
1680 659 964 1722 
1681 325 720 1317 
1682 457 1359 1413 
1683 324 773 988 
1684 311 728 1531 
1685 674 852 1361 
1686 99 1259 1442 
1687 693 859 1441 
1688 822 311 1645 
1689 689 1479 1515 
1690 361 944 1076 
1691 961 1351 1452 
1692 271 837 1561 
1693 837 556 1561 
1694 528 953 1494 
1695 216 758 1112 
1696 899 524 1340 
1697 245 899 1340 
1698 718 416 1261 
1699 280 718 1261 
1700 1259 596 1282 
1701 729 382 1195 
1702 919 364 1444 
1703 748 391 1205 
1704 725 295 1678 
1705 89 90 1256 
1706 977 471 1073 
1707 437 977 1073 
1708 748 139 1619 
1709 777 317 1206 
1710 660 926 1679 
1711 943 311 1531 
1712 610 943 1531 
1713 204 749 1703 
1714 918 342 1304 
1715 847 473 1270 
1716 86 87 917 
1717 229 847 1270 
1718 750 219 1033 
1719 1143 161 1220 
1720 851 592 1687 
1721 167 726 1488 
1722 618 1008 1652 
1723 381 981 1716 
1724 361 732 1537 
1725 796 459 971 
1726 468 961 1452 
1727 914 259 1417 
1728 373 913 1545 
1729 789 181 1568 
1730 1345 381 1716 
1731 721 114 1383 
1732 9 10 963 
1733 832 263 1612 
1734 868 362 1262 
1735 327 851 1687 
1736 926 263 1679 
1737 582 1335 1402 
1738 337 890 910 
1739 326 765 1642 
1740 720 389 1317 
1741 727 392 1323 
1742 734 484 1397 
1743 589 1134 1337 
1744 184 725 1182 
1745 125 126 980 
1746 805 143 972 
1747 856 1538 1613 
1748 806 312 1692 
1749 573 806 1692 
1750 656 831 1416 
1751 364 986 1444 
1752 111 724 1216 
1753 156 731 1486 
1754 550 856 936 
1755 34 35 1064 
1756 284 723 1235 
1757 190 1060 1268 
1758 730 336 1241 
1759 960 700 1227 
1760 1209 634 1630 
1761 722 374 1624 
1762 754 644 1696 
1763 297 737 1480 
1764 127 754 1696 
1765 508 808 1131 
1766 808 254 1131 
1767 1178 538 1424 
1768 912 586 1672 
1769 151 152 1084 
1770 633 1185 1303 
1771 371 783 1184 
1772 749 372 1233 
1773 976 406 1149 
1774 150 151 983 
1775 6 772 1293 
1776 128 129 1421 
1777 644 980 1696 
1778 902 122 1355 
1779 964 359 1722 
1780 167 783 1222 
1781 406 772 1022 
1782 949 747 1647 
1783 425 920 990 
1784 920 362 990 
1785 860 482 1350 
1786 779 385 1297 
1787 1185 435 1303 
1788 1351 445 1573 
1789 116 117 954 
1790 1277 512 1507 
1791 849 346 1025 
1792 262 835 1358 
1793 106 107 1145 
1794 756 382 1095 
1795 285 727 1323 
1796 1032 534 1203 
1797 728 163 1281 
1798 495 872 1447 
1799 64 752 1674 
1800 729 370 1707 
1801 820 17 1105 
1802 139 748 1205 
1803 453 994 1024 
1804 994 394 1024 
1805 336 730 1321 
1806 330 740 1147 
1807 803 141 1438 
1808 662 1596 1636 
1809 790 531 1082 
1810 905 340 1541 
1811 863 369 1582 
1812 22 23 1287 
1813 447 1052 1082 
1814 492 803 1438 
1815 317 1152 1503 
1816 108 109 913 
1817 512 789 1568 
1818 129 1172 1421 
1819 393 904 1134 
1820 465 1259 1282 
1821 690 1375 1501 
1822 757 465 1451 
1823 300 757 1451 
1824 455 772 1283 
1825 238 756 1095 
1826 772 7 1283 
1827 1298 246 1430 
1828 422 764 1077 
1829 439 799 1382 
1830 736 622 1618 
1831 385 779 1049 
1832 231 865 956 
1833 142 805 1438 
1834 473 1219 1270 
1835 740 330 1637 
1836 57 58 970 
1837 201 765 1682 
1838 400 824 1072 
1839 1033 870 1586 
1840 323 985 1578 
1841 824 316 1072 
1842 805 492 1438 
1843 762 388 1087 
1844 921 350 1044 
1845 148 149 1074 
1846 800 568 1723 
1847 306 800 1723 
1848 144 145 1594 
1849 314 783 1053 
1850 299 759 1684 
1851 404 850 1136 
1852 105 106 1007 
1853 834 526 1005 
1854 1250 286 1657 
1855 746 15 1187 
1856 226 811 1162 
1857 241 1024 1681 
1858 381 1081 1626 
1859 410 1118 1695 
1860 773 200 1669 
1861 1279 241 1681 
1862 674 1065 1574 
1863 736 187 1302 
1864 311 943 1645 
1865 784 211 1223 
1866 1218 460 1381 
1867 429 784 1223 
1868 237 1087 1675 
1869 741 356 1512 
1870 739 344 1273 
1871 922 239 1300 
1872 159 971 1437 
1873 508 1262 1544 
1874 1022 455 1510 
1875 882 431 1085 
1876 875 271 1666 
1877 592 875 1666 
1878 171 882 1085 
1879 61 906 1505 
1880 854 365 1183 
1881 833 541 1670 
1882 1068 635 1358 
1883 737 297 1462 
1884 455 737 1462 
1885 5 6 1293 
1886 206 857 1581 
1887 326 818 1356 
1888 574 755 1628 
1889 1056 391 1221 
1890 189 817 1111 
1891 817 405 1111 
1892 254 808 1066 
1893 115 767 1383 
1894 164 1048 1372 
1895 738 234 1245 
1896 446 746 1187 
1897 944 1171 1623 
1898 36 37 1580 
1899 859 537 1441 
1900 175 826 1254 
1901 826 447 1254 
1902 60 61 1505 
1903 483 1320 1708 
1904 388 762 1436 
1905 296 746 1396 
1906 746 446 1396 
1907 696 819 1327 
1908 462 957 1001 
1909 452 817 1290 
1910 817 189 1290 
1911 89 743 1432 
1912 807 312 1577 
1913 970 58 1614 
1914 1025 530 1603 
1915 523 807 1577 
1916 691 1025 1603 
1917 305 799 1408 
1918 821 31 1482 
1919 554 984 1536 
1920 755 325 1317 
1921 830 407 1101 
1922 213 830 1101 
1923 86 917 1667 
1924 829 434 1014 
1925 212 829 1014 
1926 47 795 1154 
1927 901 466 1312 
1928 1082 531 1254 
1929 143 144 972 
1930 507 897 1070 
1931 769 295 1653 
1932 765 326 1132 
1933 869 356 1267 
1934 750 346 1527 
1935 759 1148 1633 
1936 1148 481 1633 
1937 217 1232 1615 
1938 434 741 1512 
1939 235 790 1082 
1940 1146 653 1381 
1941 437 743 1256 
1942 273 912 1672 
1943 922 355 1138 
1944 270 1146 1381 
1945 147 888 1110 
1946 101 102 965 
1947 764 422 1646 
1948 837 667 1353 
1949 839 308 1042 
1950 73 74 1142 
1951 396 758 1458 
1952 558 839 1042 
1953 838 491 1523 
1954 927 341 1126 
1955 537 1016 1520 
1956 785 207 1102 
1957 1349 511 1540 
1958 1196 185 1713 
1959 1384 244 1658 
1960 1008 270 1652 
1961 846 304 1069 
1962 751 188 1553 
1963 1375 481 1501 
1964 582 846 1069 
1965 1335 453 1402 
1966 1059 483 1708 
1967 744 339 1453 
1968 64 65 1113 
1969 806 218 1062 
1970 941 227 1035 
1971 752 1113 1728 
1972 831 76 1118 
1973 1113 394 1728 
1974 410 831 1118 
1975 976 5 1293 
1976 765 373 1642 
1977 1128 516 1446 
1978 397 791 1433 
1979 334 870 1006 
1980 870 451 1006 
1981 987 220 1461 
1982 777 400 1152 
1983 224 1312 1608 
1984 867 354 1003 
1985 331 992 1604 
1986 808 382 1066 
1987 757 300 1460 
1988 1538 505 1613 
1989 829 212 1040 
1990 890 337 1219 
1991 415 767 1342 
1992 248 984 1405 
1993 439 747 1408 
1994 1195 179 1518 
1995 729 1195 1518 
1996 1088 583 1725 
1997 520 1411 1428 
1998 14 15 1654 
1999 766 268 1183 
2000 1097 634 1209 
2001 97 98 1078 
2002 778 301 1213 
2003 856 242 1538 
2004 950 385 1199 
2005 500 950 1199 
2006 1555 494 1698 
2007 335 794 1627 
2008 794 517 1627 
2009 493 750 1454 
2010 895 421 1601 
2011 353 906 1017 
2012 12 13 964 
2013 753 292 1730 
2014 1404 515 1550 
2015 819 516 1327 
2016 626 903 1546 
2017 222 794 1393 
2018 1056 1221 1575 
2019 917 591 1667 
2020 751 445 1291 
2021 1048 519 1198 
2022 115 116 1342 
2023 533 892 1354 
2024 491 886 1524 
2025 146 147 1110 
2026 782 319 1705 
2027 1456 540 1609 
2028 910 253 1419 
2029 447 1082 1254 
2030 390 784 1725 
2031 504 786 1298 
2032 382 756 1263 
2033 877 228 1199 
2034 1021 510 1151 
2035 614 881 1056 
2036 984 554 1405 
2037 277 1169 1477 
2038 1169 698 1477 
2039 228 759 1633 
2040 1702 386 1729 
2041 1026 566 1338 
2042 186 1026 1338 
2043 931 352 1194 
2044 935 464 1367 
2045 932 545 1394 
2046 900 209 1439 
2047 869 212 1014 
2048 810 205 1490 
2049 755 193 1463 
2050 597 970 1614 
2051 765 201 1224 
2052 448 754 1421 
2053 491 838 1591 
2054 913 577 1693 
2055 199 1002 1497 
2056 951 336 1321 
2057 628 1196 1713 
2058 24 25 979 
2059 809 379 1318 
2060 783 314 1184 
2061 237 778 1192 
2062 257 791 1174 
2063 314 770 1629 
2064 206 764 1646 
2065 465 757 1442 
2066 758 216 1458 
2067 217 802 1120 
2068 756 238 1428 
2069 1106 555 1521 
2070 470 1363 1372 
2071 758 478 1487 
2072 386 903 1729 
2073 17 18 1105 
2074 236 993 1593 
2075 879 371 1184 
2076 382 808 1195 
2077 1585 187 1676 
2078 994 257 1728 
2079 1204 718 1651 
2080 218 842 1062 
2081 795 413 1154 
2082 447 998 1052 
2083 49 871 1443 
2084 324 767 1483 
2085 246 1055 1430 
2086 442 1063 1229 
2087 787 215 1189 
2088 384 820 1105 
2089 215 787 1193 
2090 768 71 1249 
2091 575 1011 1673 
2092 466 788 1488 
2093 788 167 1488 
2094 1263 756 1554 
2095 863 463 1322 
2096 770 242 1664 
2097 369 863 1322 
2098 177 1108 1534 
2099 872 316 1447 
2100 953 275 1173 
2101 791 397 1174 
2102 761 300 1451 
2103 257 1398 1728 
2104 766 365 1294 
2105 546 914 1224 
2106 27 798 1717 
2107 165 769 1269 
2108 885 195 1294 
2109 762 157 1436 
2110 485 768 1557 
2111 577 913 1417 
2112 827 21 1163 
2113 783 371 1222 
2114 354 912 1003 
2115 244 1099 1658 
2116 841 230 1185 
2117 556 837 1353 
2118 202 763 1412 
2119 815 388 1436 
2120 772 406 1293 
2121 776 331 1604 
2122 469 1286 1689 
2123 391 881 1205 
2124 464 1258 1367 
2125 187 1209 1676 
2126 861 217 1120 
2127 417 861 1120 
2128 499 766 1475 
2129 767 415 1483 
2130 28 29 1058 
2131 773 324 1483 
2132 132 133 1047 
2133 774 187 1585 
2134 771 512 1568 
2135 1052 235 1082 
2136 1329 252 1506 
2137 414 810 1490 
2138 974 370 975 
2139 488 974 975 
2140 730 1555 1698 
2141 235 1052 1535 
2142 1363 305 1408 
2143 1101 507 1136 
2144 747 1363 1408 
2145 831 410 1416 
2146 213 1101 1136 
2147 968 395 1701 
2148 798 27 1275 
2149 340 905 1464 
2150 905 522 1464 
2151 520 943 1567 
2152 780 229 1270 
2153 281 909 1571 
2154 579 932 1394 
2155 983 151 1084 
2156 842 218 1100 
2157 786 504 1621 
2158 399 864 1086 
2159 161 786 1621 
2160 864 222 1086 
2161 1127 196 1526 
2162 431 1006 1085 
2163 139 140 1619 
2164 1006 451 1085 
2165 799 197 1382 
2166 1026 780 1429 
2167 891 366 1255 
2168 343 858 1165 
2169 251 1161 1326 
2170 1067 73 1142 
2171 776 191 1546 
2172 886 491 1570 
2173 953 528 1407 
2174 275 953 1407 
2175 252 1329 1468 
2176 42 779 1297 
2177 1688 26 1717 
2178 1329 741 1468 
2179 559 878 1156 
2180 29 30 1362 
2181 1138 176 1420 
2182 351 887 1648 
2183 387 855 1610 
2184 1369 88 1432 
2185 568 800 1206 
2186 881 391 1056 
2187 883 1153 1552 
2188 355 922 1300 
2189 1462 790 1510 
2190 1323 392 1474 
2191 1087 237 1192 
2192 825 172 1325 
2193 474 852 1237 
2194 852 670 1237 
2195 274 904 1515 
2196 297 790 1462 
2197 221 775 1525 
2198 978 630 1359 
2199 429 812 1180 
2200 223 838 1523 
2201 930 355 1300 
2202 731 1011 1548 
2203 775 296 1396 
2204 704 1124 1498 
2205 798 694 1717 
2206 421 1027 1601 
2207 1119 693 1592 
2208 519 1119 1592 
2209 856 550 1664 
2210 242 856 1664 
2211 434 829 1251 
2212 829 316 1251 
2213 957 378 1001 
2214 783 167 1701 
2215 1300 239 1543 
2216 489 793 1264 
2217 454 898 1248 
2218 898 177 1248 
2219 425 960 1227 
2220 50 51 1391 
2221 780 337 1429 
2222 1382 197 1431 
2223 668 886 1111 
2224 395 1053 1701 
2225 460 902 1355 
2226 423 996 1182 
2227 1023 662 1636 
2228 734 1031 1719 
2229 853 332 1427 
2230 39 40 1532 
2231 884 343 1165 
2232 633 841 1185 
2233 482 785 1378 
2234 840 401 1144 
2235 788 303 1516 
2236 344 840 1144 
2237 785 482 1415 
2238 1267 661 1343 
2239 287 1267 1343 
2240 792 256 1595 
2241 304 787 1704 
2242 455 1462 1510 
2243 108 913 1693 
2244 430 1004 1039 
2245 1004 441 1039 
2246 1443 871 1638 
2247 330 893 1637 
2248 931 39 1532 
2249 897 292 1070 
2250 385 950 1297 
2251 361 837 1171 
2252 967 372 1013 
2253 939 234 1077 
2254 461 967 1013 
2255 1112 758 1487 
2256 1309 235 1535 
2257 924 375 1094 
2258 516 1128 1166 
2259 1128 420 1166 
2260 802 217 1253 
2261 366 891 1491 
2262 891 200 1491 
2263 109 110 1545 
2264 591 917 1706 
2265 541 921 1044 
2266 917 354 1706 
2267 795 527 1328 
2268 475 798 1275 
2269 226 1061 1157 
2270 1061 494 1157 
2271 611 802 1695 
2272 524 899 1158 
2273 790 235 1510 
2274 934 384 1496 
2275 906 353 1339 
2276 480 906 1339 
2277 1541 654 1710 
2278 915 398 1200 
2279 860 85 1667 
2280 950 500 1532 
2281 591 860 1667 
2282 449 792 1578 
2283 263 832 1385 
2284 1151 510 1528 
2285 517 794 1599 
2286 1268 625 1584 
2287 25 26 1688 
2288 441 1010 1551 
2289 1010 593 1551 
2290 888 383 1110 
2291 406 1022 1309 
2292 467 858 1143 
2293 886 189 1111 
2294 794 222 1409 
2295 46 47 1154 
2296 223 843 1413 
2297 63 64 1674 
2298 843 457 1413 
2299 391 828 1221 
2300 312 807 1692 
2301 66 1202 1606 
2302 853 211 1493 
2303 1243 273 1672 
2304 898 397 1433 
2305 155 1178 1424 
2306 222 864 1556 
2307 92 894 1348 
2308 894 471 1348 
2309 329 814 1260 
2310 346 849 1527 
2311 1596 544 1636 
2312 808 508 1544 
2313 874 79 1392 
2314 992 567 1604 
2315 826 409 1236 
2316 194 925 1690 
2317 801 171 1597 
2318 140 803 1619 
2319 799 439 1408 
2320 436 877 1130 
2321 157 840 1301 
2322 819 179 1262 
2323 657 1323 1474 
2324 853 418 1198 
2325 332 853 1198 
2326 1134 904 1519 
2327 913 373 1417 
2328 316 824 1251 
2329 823 206 1646 
2330 280 1021 1651 
2331 1064 428 1410 
2332 573 1064 1410 
2333 316 829 1447 
2334 741 945 1468 
2335 1040 688 1357 
2336 597 997 1365 
2337 110 111 1216 
2338 1214 562 1569 
2339 988 773 1669 
2340 812 429 1427 
2341 998 260 1347 
2342 841 575 1319 
2343 467 1143 1220 
2344 80 81 1234 
2345 388 1030 1589 
2346 564 968 1516 
2347 517 1248 1534 
2348 1294 195 1475 
2349 402 1084 1535 
2350 164 949 1119 
2351 941 549 1315 
2352 87 88 1369 
2353 620 847 1331 
2354 551 810 1635 
2355 807 33 1371 
2356 827 318 1613 
2357 505 827 1613 
2358 806 573 1410 
2359 1175 440 1492 
2360 56 57 1239 
2361 804 199 1497 
2362 1061 226 1162 
2363 878 225 1156 
2364 908 170 1306 
2365 458 908 1306 
2366 114 115 1383 
2367 925 194 1096 
2368 133 134 1313 
2369 419 925 1096 
2370 533 1354 1564 
2371 1089 646 1204 
2372 312 806 1499 
2373 944 536 1076 
2374 138 139 1205 
2375 1179 548 1228 
2376 433 1179 1228 
2377 21 22 1163 
2378 839 1570 1591 
2379 815 291 1388 
2380 251 932 1246 
2381 932 452 1246 
2382 230 841 1319 
2383 123 889 1355 
2384 643 1382 1431 
2385 1202 683 1606 
2386 813 245 1352 
2387 372 948 1233 
2388 211 853 1223 
2389 1084 602 1535 
2390 814 329 1640 
2391 285 1434 1607 
2392 407 825 1325 
2393 486 811 1572 
2394 811 226 1572 
2395 368 1068 1358 
2396 544 1196 1714 
2397 1196 744 1714 
2398 1132 326 1356 
2399 332 812 1427 
2400 443 884 1165 
2401 103 104 1116 
2402 847 440 1331 
2403 583 815 1724 
2404 1631 591 1706 
2405 402 983 1084 
2406 67 3 1121 
2407 1570 491 1591 
2408 347 816 1389 
2409 952 572 1466 
2410 76 77 1118 
2411 3 68 1121 
2412 66 67 1202 
2413 174 862 1337 
2414 923 527 1638 
2415 223 1413 1473 
2416 30 821 1362 
2417 447 826 1440 
2418 616 1418 1448 
2419 998 402 1052 
2420 886 321 1524 
2421 1284 292 1649 
2422 838 471 1511 
2423 308 838 1511 
2424 814 589 1659 
2425 589 1133 1134 
2426 954 653 1146 
2427 1133 393 1134 
2428 1398 565 1674 
2429 415 954 1146 
2430 397 898 1153 
2431 422 823 1646 
2432 1176 439 1382 
2433 227 941 1315 
2434 824 192 1513 
2435 818 486 1572 
2436 71 72 1249 
2437 1043 593 1472 
2438 297 1043 1472 
2439 226 818 1572 
2440 217 861 1232 
2441 318 827 1602 
2442 385 877 1199 
2443 380 1112 1487 
2444 957 158 1090 
2445 889 123 1712 
2446 1565 420 1663 
2447 905 201 1368 
2448 835 262 1354 
2449 101 965 1700 
2450 1175 183 1331 
2451 965 596 1700 
2452 1123 477 1284 
2453 835 368 1358 
2454 1324 626 1727 
2455 26 27 1717 
2456 825 317 1503 
2457 881 138 1205 
2458 821 322 1622 
2459 274 1547 1603 
2460 161 1190 1220 
2461 1190 532 1220 
2462 368 823 1521 
2463 501 922 1138 
2464 172 825 1478 
2465 752 1398 1674 
2466 122 123 1355 
2467 904 274 1603 
2468 530 904 1603 
2469 737 963 1480 
2470 678 960 1177 
2471 308 839 1591 
2472 15 16 1187 
2473 410 959 1416 
2474 190 1268 1584 
2475 887 168 1211 
2476 1009 489 1264 
2477 250 1009 1264 
2478 887 351 1215 
2479 942 439 1176 
2480 272 942 1176 
2481 1000 576 1343 
2482 1075 709 1538 
2483 1008 366 1491 
2484 1012 751 1553 
2485 148 1074 1643 
2486 982 621 1339 
2487 201 916 1368 
2488 966 345 1359 
2489 974 238 1707 
2490 94 95 1155 
2491 1050 462 1057 
2492 257 1092 1398 
2493 367 832 1612 
2494 1092 565 1398 
2495 765 1132 1682 
2496 463 1245 1322 
2497 876 513 1426 
2498 163 1068 1406 
2499 44 876 1426 
2500 1068 555 1406 
2501 924 482 1378 
2502 690 991 1375 
2503 375 924 1378 
2504 582 1108 1335 
2505 892 176 1624 
2506 440 1181 1492 
2507 33 34 1371 
2508 398 1054 1200 
2509 842 327 1569 
2510 580 990 1495 
2511 838 308 1591 
2512 414 1050 1057 
2513 343 884 1469 
2514 428 1064 1212 
2515 214 920 1227 
2516 928 540 1605 
2517 240 928 1605 
2518 916 438 1215 
2519 1312 576 1608 
2520 351 916 1215 
2521 895 363 1625 
2522 233 958 1376 
2523 958 498 1376 
2524 977 437 1256 
2525 852 474 1361 
2526 123 124 1712 
2527 887 1211 1648 
2528 124 125 1445 
2529 845 545 1726 
2530 1114 267 1481 
2531 839 189 1570 
2532 846 485 1557 
2533 304 846 1557 
2534 584 1114 1481 
2535 586 1369 1432 
2536 27 28 1275 
2537 540 927 1609 
2538 927 195 1609 
2539 596 993 1282 
2540 930 497 1435 
2541 193 930 1435 
2542 450 963 1231 
2543 963 10 1231 
2544 398 915 1188 
2545 274 911 1547 
2546 542 1240 1602 
2547 295 1027 1653 
2548 849 390 1527 
2549 35 36 1212 
2550 864 342 1314 
2551 495 1357 1566 
2552 427 1093 1584 
2553 427 1104 1685 
2554 469 1338 1419 
2555 1104 427 1584 
2556 862 417 1337 
2557 1049 240 1130 
2558 230 1045 1185 
2559 992 734 1397 
2560 41 42 1297 
2561 1127 556 1353 
2562 348 1127 1353 
2563 357 873 1292 
2564 1335 177 1433 
2565 842 490 1598 
2566 327 842 1598 
2567 256 915 1200 
2568 1099 507 1101 
2569 407 1099 1101 
2570 843 223 1523 
2571 321 843 1524 
2572 556 1127 1526 
2573 169 844 1517 
2574 981 381 1139 
2575 642 1007 1364 
2576 945 539 1468 
2577 444 1074 1257 
2578 1074 598 1257 
2579 294 880 1277 
2580 313 850 1466 
2581 363 909 1625 
2582 999 485 1160 
2583 487 999 1160 
2584 848 588 1571 
2585 88 89 1432 
2586 897 526 1649 
2587 292 897 1649 
2588 1387 427 1685 
2589 1109 224 1608 
2590 1190 495 1566 
2591 952 186 1689 
2592 572 952 1689 
2593 923 628 1274 
2594 696 1327 1477 
2595 1327 277 1477 
2596 118 119 1218 
2597 418 853 1493 
2598 374 892 1624 
2599 954 415 1342 
2600 490 851 1598 
2601 851 327 1598 
2602 988 426 1162 
2603 759 1028 1684 
2604 396 953 1173 
2605 1039 227 1315 
2606 339 923 1638 
2607 1046 572 1286 
2608 254 1046 1286 
2609 1000 432 1608 
2610 576 1000 1608 
2611 1015 443 1308 
2612 116 954 1342 
2613 1281 528 1494 
2614 854 162 1536 
2615 908 458 1390 
2616 338 908 1390 
2617 950 41 1297 
2618 920 425 1227 
2619 495 1040 1357 
2620 340 1310 1374 
2621 1310 641 1374 
2622 342 918 1314 
2623 918 472 1314 
2624 238 1095 1707 
2625 960 425 1177 
2626 1413 630 1473 
2627 10 11 1231 
2628 183 1175 1394 
2629 1175 579 1394 
2630 1027 671 1601 
2631 555 1106 1407 
2632 1106 275 1407 
2633 871 50 1391 
2634 1118 77 1731 
2635 959 410 1253 
2636 1332 532 1377 
2637 504 872 1621 
2638 872 161 1621 
2639 263 926 1370 
2640 722 1360 1522 
2641 1360 489 1522 
2642 318 856 1613 
2643 1131 469 1244 
2644 508 1131 1244 
2645 887 494 1555 
2646 861 334 1641 
2647 168 887 1555 
2648 857 374 1581 
2649 860 591 1631 
2650 1016 503 1548 
2651 472 918 1418 
2652 918 162 1418 
2653 915 478 1644 
2654 951 426 1669 
2655 1418 162 1448 
2656 941 1035 1722 
2657 933 343 1469 
2658 1286 572 1689 
2659 451 870 1694 
2660 259 914 1710 
2661 1093 585 1226 
2662 914 546 1710 
2663 354 867 1706 
2664 1086 222 1393 
2665 868 253 1495 
2666 444 888 1643 
2667 269 863 1582 
2668 875 592 1399 
2669 889 460 1355 
2670 480 997 1505 
2671 1054 534 1200 
2672 928 1655 1665 
2673 694 1688 1717 
2674 1063 442 1276 
2675 578 1063 1276 
2676 551 896 1341 
2677 609 867 1549 
2678 412 1067 1142 
2679 383 888 1711 
2680 876 341 1665 
2681 513 876 1665 
2682 249 923 1274 
2683 403 1021 1151 
2684 451 1041 1147 
2685 1041 330 1147 
2686 285 1323 1434 
2687 1323 657 1434 
2688 1129 423 1678 
2689 870 219 1694 
2690 400 1055 1152 
2691 928 240 1655 
2692 1121 487 1202 
2693 1000 181 1500 
2694 249 1135 1328 
2695 945 434 1513 
2696 355 930 1509 
2697 67 1121 1202 
2698 83 84 1350 
2699 870 334 1586 
2700 520 1428 1645 
2701 871 339 1638 
2702 52 53 1484 
2703 7 8 1283 
2704 254 1066 1305 
2705 924 83 1350 
2706 438 916 1682 
2707 189 886 1570 
2708 457 966 1359 
2709 494 1061 1698 
2710 514 1081 1345 
2711 1081 381 1345 
2712 1004 430 1630 
2713 1006 431 1641 
2714 546 1541 1710 
2715 220 987 1455 
2716 989 250 1264 
2717 987 506 1455 
2718 426 988 1669 
2719 971 459 1437 
2720 1055 484 1152 
2721 900 383 1711 
2722 423 1182 1678 
2723 96 97 1307 
2724 1547 691 1603 
2725 1284 477 1730 
2726 281 919 1444 
2727 973 481 1375 
2728 352 973 1375 
2729 504 1298 1430 
2730 315 1137 1179 
2731 1137 548 1179 
2732 497 930 1300 
2733 397 883 1691 
2734 522 905 1368 
2735 882 387 1530 
2736 983 402 1347 
2737 598 983 1347 
2738 1010 441 1299 
2739 1578 792 1677 
2740 57 970 1239 
2741 222 907 1409 
2742 907 454 1409 
2743 408 1069 1704 
2744 878 325 1683 
2745 634 1140 1630 
2746 1140 243 1630 
2747 617 883 1552 
2748 933 246 1298 
2749 1388 291 1579 
2750 426 1061 1162 
2751 880 636 1690 
2752 420 1128 1663 
2753 69 70 1380 
2754 942 360 1647 
2755 370 974 1707 
2756 19 20 1344 
2757 558 1246 1290 
2758 406 976 1293 
2759 1246 452 1290 
2760 470 911 1479 
2761 911 274 1479 
2762 1009 250 1276 
2763 177 898 1433 
2764 1226 585 1422 
2765 328 1226 1422 
2766 91 92 1348 
2767 911 470 1372 
2768 195 885 1609 
2769 1045 435 1185 
2770 383 900 1439 
2771 613 1125 1508 
2772 1125 258 1508 
2773 360 949 1647 
2774 471 894 1511 
2775 1228 548 1288 
2776 185 1228 1288 
2777 888 444 1711 
2778 482 924 1350 
2779 1068 368 1521 
2780 555 1068 1521 
2781 264 961 1379 
2782 961 468 1379 
2783 1029 157 1301 
2784 719 1388 1579 
2785 917 87 1369 
2786 1140 607 1295 
2787 501 1138 1420 
2788 409 1032 1203 
2789 651 1702 1729 
2790 323 1578 1677 
2791 560 1207 1719 
2792 418 1048 1198 
2793 599 1033 1586 
2794 1169 414 1490 
2795 1064 35 1212 
2796 1223 853 1427 
2797 79 80 1392 
2798 454 907 1449 
2799 926 432 1370 
2800 893 399 1637 
2801 208 895 1601 
2802 1199 228 1576 
2803 1145 577 1320 
2804 483 1145 1320 
2805 426 951 1321 
2806 421 895 1625 
2807 445 961 1291 
2808 373 914 1417 
2809 961 264 1291 
2810 944 204 1703 
2811 536 944 1703 
2812 1157 438 1356 
2813 227 1039 1551 
2814 897 507 1668 
2815 1066 479 1305 
2816 527 1443 1638 
2817 989 355 1509 
2818 112 113 1414 
2819 1234 613 1508 
2820 543 1234 1508 
2821 934 221 1525 
2822 526 897 1656 
2823 904 393 1515 
2824 1338 566 1419 
2825 955 369 1322 
2826 43 44 1426 
2827 553 935 1367 
2828 221 934 1496 
2829 97 1078 1307 
2830 904 530 1519 
2831 1078 496 1307 
2832 906 480 1505 
2833 1046 254 1305 
2834 650 1046 1305 
2835 963 450 1480 
2836 1058 475 1275 
2837 28 1058 1275 
2838 1220 532 1332 
2839 141 142 1438 
2840 1028 664 1684 
2841 1078 757 1460 
2842 48 49 1443 
2843 985 243 1295 
2844 1103 621 1412 
2845 1096 610 1389 
2846 937 552 1385 
2847 472 907 1556 
2848 1189 408 1704 
2849 899 386 1702 
2850 1192 778 1213 
2851 449 985 1295 
2852 362 920 1446 
2853 1241 336 1718 
2854 993 236 1282 
2855 1066 382 1263 
2856 479 1066 1263 
2857 464 935 1484 
2858 514 1345 1593 
2859 1345 711 1593 
2860 654 1333 1710 
2861 1019 160 1334 
2862 476 1019 1334 
2863 967 230 1319 
2864 907 222 1556 
2865 359 941 1722 
2866 903 289 1729 
2867 655 1034 1241 
2868 403 1089 1204 
2869 608 1012 1553 
2870 31 32 1482 
2871 1044 248 1671 
2872 766 1294 1475 
2873 829 1040 1447 
2874 911 418 1547 
2875 1315 549 1676 
2876 1161 251 1246 
2877 558 1161 1246 
2878 961 445 1351 
2879 1332 264 1379 
2880 352 931 1587 
2881 931 500 1587 
2882 977 91 1348 
2883 471 977 1348 
2884 1338 469 1689 
2885 864 1314 1556 
2886 551 1296 1564 
2887 1201 519 1592 
2888 1073 223 1473 
2889 442 1009 1276 
2890 913 109 1545 
2891 353 982 1339 
2892 533 1250 1420 
2893 1303 247 1634 
2894 62 63 1529 
2895 567 933 1469 
2896 448 1156 1709 
2897 516 1166 1327 
2898 220 1083 1465 
2899 1083 525 1465 
2900 1166 277 1327 
2901 560 1031 1352 
2902 358 1395 1616 
2903 1395 735 1616 
2904 165 986 1399 
2905 124 1445 1712 
2906 1009 442 1285 
2907 935 52 1484 
2908 1652 889 1712 
2909 618 1652 1712 
2910 345 978 1359 
2911 1557 768 1559 
2912 304 1557 1559 
2913 1186 448 1709 
2914 175 1010 1299 
2915 1351 198 1452 
2916 392 1080 1474 
2917 500 931 1532 
2918 1012 267 1573 
2919 1080 521 1474 
2920 54 55 1617 
2921 959 284 1416 
2922 998 447 1440 
2923 417 1120 1260 
2924 1655 513 1665 
2925 232 940 1632 
2926 566 1026 1429 
2927 65 66 1606 
2928 286 1250 1296 
2929 1250 533 1296 
2930 58 59 1614 
2931 344 1144 1273 
2932 999 69 1380 
2933 1197 641 1210 
2934 402 998 1347 
2935 446 934 1525 
2936 431 1232 1641 
2937 916 201 1682 
2938 283 1153 1449 
2939 85 86 1667 
2940 126 127 1696 
2941 107 108 1693 
2942 710 1225 1265 
2943 100 101 1700 
2944 294 1277 1507 
2945 136 137 1733 
2946 77 78 1731 
2947 631 1565 1663 
2948 510 1333 1528 
2949 1333 654 1528 
2950 481 1148 1501 
2951 493 1301 1470 
2952 192 945 1513 
2953 1014 434 1512 
2954 655 1241 1718 
2955 997 480 1365 
2956 1124 269 1498 
2957 493 1029 1301 
2958 1079 174 1519 
2959 530 1079 1519 
2960 456 1266 1699 
2961 991 352 1375 
2962 1030 208 1589 
2963 1311 287 1343 
2964 576 1311 1343 
2965 453 1024 1402 
2966 1022 235 1309 
2967 1107 587 1258 
2968 464 1107 1258 
2969 462 969 1657 
2970 264 1332 1377 
2971 341 928 1665 
2972 1005 526 1656 
2973 403 1204 1651 
2974 450 1043 1480 
2975 246 992 1397 
2976 1302 456 1699 
2977 1036 205 1341 
2978 485 999 1380 
2979 985 449 1578 
2980 1258 255 1367 
2981 401 1192 1213 
2982 1007 483 1364 
2983 400 1072 1430 
2984 1072 504 1430 
2985 424 1197 1210 
2986 430 1039 1315 
2987 282 1415 1631 
2988 260 998 1440 
2989 208 1051 1589 
2990 681 1135 1680 
2991 483 1059 1364 
2992 1059 280 1364 
2993 1244 469 1419 
2994 633 1303 1634 
2995 178 1151 1528 
2996 125 980 1445 
2997 967 461 1560 
2998 1047 133 1313 
2999 1172 448 1421 
3000 986 687 1444 
3001 1432 743 1672 
3002 586 1432 1672 
3003 616 1280 1418 
3004 940 458 1632 
3005 204 944 1623 
3006 439 942 1647 
3007 1107 464 1617 
3008 307 1076 1727 
3009 174 1134 1519 
3010 943 520 1645 
3011 997 597 1614 
3012 59 997 1614 
3013 403 1151 1620 
3014 541 1044 1671 
3015 623 1514 1562 
3016 1113 65 1606 
3017 390 1029 1454 
3018 1029 493 1454 
3019 1188 915 1644 
3020 469 1131 1286 
3021 156 948 1673 
3022 244 1005 1656 
3023 200 951 1669 
3024 650 1305 1588 
3025 1305 479 1588 
3026 80 1234 1392 
3027 1234 543 1392 
3028 625 1104 1584 
3029 1214 196 1471 
3030 562 1214 1471 
3031 1132 438 1682 
3032 428 1225 1410 
3033 1274 628 1713 
3034 1016 203 1533 
3035 503 1016 1533 
3036 719 1030 1388 
3037 1102 375 1378 
3038 785 1102 1378 
3039 266 1181 1514 
3040 1181 561 1514 
3041 484 1055 1397 
3042 973 228 1633 
3043 1055 246 1397 
3044 574 989 1509 
3045 570 959 1615 
3046 176 1360 1624 
3047 476 1123 1284 
3048 468 1038 1379 
3049 1144 600 1273 
3050 1053 783 1701 
3051 487 1160 1279 
3052 1160 241 1279 
3053 1024 241 1402 
3054 230 967 1560 
3055 1131 254 1286 
3056 180 1018 1563 
3057 437 1073 1473 
3058 973 352 1587 
3059 1074 444 1643 
3060 1463 521 1683 
3061 581 1384 1658 
3062 243 1140 1295 
3063 1152 484 1503 
3064 432 1000 1500 
3065 1242 499 1252 
3066 502 1242 1252 
3067 228 973 1576 
3068 1139 381 1626 
3069 510 1059 1708 
3070 1062 842 1569 
3071 1262 179 1544 
3072 636 1567 1690 
3073 1108 177 1335 
3074 1057 462 1657 
3075 434 1251 1513 
3076 658 1008 1491 
3077 678 1139 1626 
3078 481 973 1633 
3079 1195 808 1544 
3080 1225 428 1265 
3081 235 1022 1510 
3082 478 1037 1487 
3083 464 1217 1617 
3084 623 1164 1514 
3085 1040 495 1447 
3086 867 1003 1549 
3087 1041 451 1694 
3088 1003 197 1549 
3089 167 968 1701 
3090 1032 323 1677 
3091 534 1032 1677 
3092 1141 574 1628 
3093 389 1141 1628 
3094 1158 899 1702 
3095 1020 232 1632 
3096 1055 400 1430 
3097 1200 534 1595 
3098 506 987 1648 
3099 1018 180 1644 
3100 1071 496 1460 
3101 300 1071 1460 
3102 987 351 1648 
3103 979 25 1688 
3104 557 1086 1393 
3105 565 1017 1529 
3106 1086 557 1662 
3107 1242 502 1366 
3108 1017 62 1529 
3109 399 1086 1662 
3110 509 1168 1387 
3111 1168 427 1387 
3112 53 1217 1484 
3113 981 293 1716 
3114 564 1266 1271 
3115 1507 702 1611 
3116 438 1132 1356 
3117 693 1441 1592 
3118 1441 247 1592 
3119 1043 297 1480 
3120 1011 310 1548 
3121 1037 380 1487 
3122 1252 249 1274 
3123 677 1124 1439 
3124 1124 383 1439 
3125 393 1170 1515 
3126 1170 689 1515 
3127 1285 261 1522 
3128 524 1158 1486 
3129 1158 156 1486 
3130 1266 456 1271 
3131 544 1091 1636 
3132 1091 376 1636 
3133 1390 665 1583 
3134 338 1390 1583 
3135 579 1175 1492 
3136 1376 498 1422 
3137 585 1376 1422 
3138 440 1175 1331 
3139 682 1476 1577 
3140 502 1274 1713 
3141 502 1252 1274 
3142 1354 262 1564 
3143 283 1280 1600 
3144 1280 616 1600 
3145 1311 576 1312 
3146 806 1062 1499 
3147 466 1311 1312 
3148 394 994 1728 
3149 1233 289 1715 
3150 749 1233 1715 
3151 429 1223 1427 
3152 1097 736 1618 
3153 1069 304 1704 
3154 1062 562 1499 
3155 502 1288 1366 
3156 445 1012 1573 
3157 243 1004 1630 
3158 672 1186 1709 
3159 475 1167 1686 
3160 1135 249 1680 
3161 1259 465 1442 
3162 294 1507 1611 
3163 1214 675 1526 
3164 196 1214 1526 
3165 1117 155 1588 
3166 1150 221 1496 
3167 496 1078 1460 
3168 334 1006 1641 
3169 827 1163 1602 
3170 193 1435 1720 
3171 1476 523 1577 
3172 1052 402 1535 
3173 1039 441 1551 
3174 1128 214 1663 
3175 1304 529 1405 
3176 554 1304 1405 
3177 467 1220 1332 
3178 270 1381 1652 
3179 542 1287 1481 
3180 1287 584 1481 
3181 1145 107 1693 
3182 577 1145 1693 
3183 1498 595 1594 
3184 704 1498 1594 
3185 267 1240 1481 
3186 1240 542 1481 
3187 1310 340 1464 
3188 601 1310 1464 
3189 1514 561 1562 
3190 1071 300 1726 
3191 643 1176 1382 
3192 545 1071 1726 
3193 1076 536 1727 
3194 478 1018 1644 
3195 376 1023 1636 
3196 526 1019 1649 
3197 1330 579 1492 
3198 266 1330 1492 
3199 1153 283 1552 
3200 1021 403 1651 
3201 242 1075 1538 
3202 1320 259 1708 
3203 303 1266 1516 
3204 1266 564 1516 
3205 1027 421 1653 
3206 636 1411 1567 
3207 261 1056 1575 
3208 1051 629 1589 
3209 333 1411 1558 
3210 1411 636 1558 
3211 562 1062 1569 
3212 1171 663 1623 
3213 1024 394 1681 
3214 1243 437 1473 
3215 1115 570 1530 
3216 1316 518 1340 
3217 1539 236 1593 
3218 387 1115 1530 
3219 524 1316 1340 
3220 711 1539 1593 
3221 1065 309 1574 
3222 295 1129 1678 
3223 1061 426 1698 
3224 1091 544 1714 
3225 255 1091 1714 
3226 1445 618 1712 
3227 775 1396 1525 
3228 1396 446 1525 
3229 697 1278 1686 
3230 268 1242 1366 
3231 1031 560 1719 
3232 1108 408 1534 
3233 1278 475 1686 
3234 256 1200 1595 
3235 1217 464 1484 
3236 240 1049 1655 
3237 214 1208 1663 
3238 1117 479 1554 
3239 1035 659 1722 
3240 536 1703 1715 
3241 1288 548 1366 
3242 1281 163 1406 
3243 528 1281 1406 
3244 1435 657 1720 
3245 249 1252 1680 
3246 1159 314 1629 
3247 550 1159 1629 
3248 286 1057 1657 
3249 185 1288 1713 
3250 1251 824 1513 
3251 549 1585 1676 
3252 685 1150 1496 
3253 1236 260 1440 
3254 522 1461 1464 
3255 1461 601 1464 
3256 1093 190 1584 
3257 1526 675 1561 
3258 556 1526 1561 
3259 507 1099 1668 
3260 698 1169 1490 
3261 532 1190 1566 
3262 185 1196 1596 
3263 1196 544 1596 
3264 253 1244 1419 
3265 1485 237 1675 
3266 1089 403 1620 
3267 705 1485 1675 
3268 1181 266 1492 
3269 1250 501 1420 
3270 1164 266 1514 
3271 320 1097 1618 
3272 180 1188 1644 
3273 479 1117 1588 
3274 826 1236 1440 
3275 432 1109 1608 
3276 55 1107 1617 
3277 1333 510 1708 
3278 1174 397 1691 
3279 1504 669 1723 
3280 686 1401 1470 
3281 1456 638 1605 
3282 651 1158 1702 
3283 1703 749 1715 
3284 1280 472 1418 
3285 1099 407 1658 
3286 959 1253 1615 
3287 1099 244 1668 
3288 1357 279 1566 
3289 601 1465 1502 
3290 1465 525 1502 
3291 1104 288 1685 
3292 1095 729 1707 
3293 630 1243 1473 
3294 532 1373 1377 
3295 1373 535 1377 
3296 1567 194 1690 
3297 702 1178 1611 
3298 497 1300 1543 
3299 1450 623 1562 
3300 160 1450 1562 
3301 682 1289 1476 
3302 528 1406 1407 
3303 539 1386 1403 
3304 1406 555 1407 
3305 645 1457 1607 
3306 1457 285 1607 
3307 1173 615 1563 
3308 179 1195 1544 
3309 683 1279 1681 
3310 1374 654 1541 
3311 340 1374 1541 
3312 1221 604 1575 
3313 307 1308 1650 
3314 1308 594 1650 
3315 1232 861 1641 
3316 1163 542 1602 
3317 535 1373 1459 
3318 1386 538 1403 
3319 430 1315 1676 
3320 497 1434 1435 
3321 1434 657 1435 
3322 1289 322 1476 
3323 500 1199 1576 
3324 1400 535 1459 
3325 755 1317 1628 
3326 1317 389 1628 
3327 292 1284 1730 
3328 1249 563 1559 
3329 768 1249 1559 
3330 1178 680 1611 
3331 569 1400 1459 
3332 624 1370 1500 
3333 1370 432 1500 
3334 390 1454 1527 
3335 1248 517 1599 
3336 1540 711 1716 
3337 293 1540 1716 
3338 1253 410 1695 
3339 802 1253 1695 
3340 684 1238 1565 
3341 1455 506 1457 
3342 645 1455 1457 
3343 319 1207 1705 
3344 1207 560 1705 
3345 1217 54 1617 
3346 711 1345 1716 
3347 539 1403 1468 
3348 1238 420 1565 
3349 1156 225 1709 
3350 1403 252 1468 
3351 1167 231 1686 
3352 589 1337 1659 
3353 1337 417 1659 
3354 1485 705 1550 
3355 1373 279 1459 
3356 594 1306 1732 
3357 1493 691 1547 
3358 418 1493 1547 
3359 479 1263 1554 
3360 1373 532 1566 
3361 603 1174 1691 
3362 1182 725 1678 
3363 511 1539 1540 
3364 1539 711 1540 
3365 1260 814 1659 
3366 454 1248 1599 
3367 1211 506 1648 
3368 1371 573 1692 
3369 807 1371 1692 
3370 1401 493 1470 
3371 601 1461 1465 
3372 1461 220 1465 
3373 1325 581 1658 
3374 407 1325 1658 
3375 1314 472 1556 
3376 699 1387 1685 
3377 787 1189 1704 
3378 1478 825 1503 
3379 561 1334 1562 
3380 1334 160 1562 
3381 602 1309 1535 
3382 1208 631 1663 
3383 1253 217 1615 
3384 1209 430 1676 
3385 614 1229 1733 
3386 1229 136 1733 
3387 1296 533 1564 
3388 1362 821 1622 
3389 521 1463 1720 
3390 1474 521 1720 
3391 247 1441 1634 
3392 1324 536 1715 
3393 1259 100 1700 
3394 596 1259 1700 
3395 417 1260 1659 
3396 1506 702 1507 
3397 512 1506 1507 
3398 1252 499 1680 
3399 421 1269 1653 
3400 1269 769 1653 
3401 426 1321 1698 
3402 484 1478 1503 
3403 1266 303 1699 
3404 1666 675 1687 
3405 1296 551 1635 
3406 565 1529 1674 
3407 1385 552 1679 
3408 279 1373 1566 
3409 1454 750 1527 
3410 286 1296 1635 
3411 1498 269 1582 
3412 595 1498 1582 
3413 1411 520 1567 
3414 1523 491 1524 
3415 843 1523 1524 
3416 1409 454 1599 
3417 609 1542 1590 
3418 1542 590 1590 
3419 1306 170 1732 
3420 515 1485 1550 
3421 742 1670 1671 
3422 1670 541 1671 
3423 1360 722 1624 
3424 547 1362 1622 
3425 1288 502 1713 
3426 736 1302 1699 
3427 794 1409 1599 
3428 1463 193 1720 
3429 1552 283 1600 
3430 617 1552 1600 
3431 792 1595 1677 
3432 1441 537 1634 
3433 1321 730 1698 
3434 592 1666 1687 
3435 186 1338 1689 
3436 289 1324 1715 
3437 259 1333 1708 
3438 1650 594 1732 
3439 1333 259 1710 
3440 536 1324 1727 
3441 815 1436 1724 
3442 540 1456 1605 
3443 537 1520 1634 
3444 263 1385 1679 
3445 1576 973 1587 
3446 740 1637 1662 
3447 1637 399 1662 
3448 1561 675 1666 
3449 1398 752 1728 
3450 617 1600 1661 
3451 500 1576 1587 
3452 1520 633 1634 
3453 1436 157 1724 
3454 336 1639 1718 
3455 1639 672 1718 
3456 1629 770 1664 
3457 657 1474 1720 
3458 1529 63 1674 
3459 271 1561 1666 
3460 568 1504 1723 
3461 1600 616 1661 
3462 1595 534 1677 
3463 550 1629 1664 
3464 1656 897 1668 
3465 244 1656 1668 
3466 732 1650 1732 
3467 1697 313 1721 
3468 666 1697 1721 
$EndElements
